[{"d":"23.05.2015","r":71084.0,"q":42.95,"p":200.0,"s":[{"ui":"2569359","t":116592.0,"r":71084.0,"q":42.95,"p":200.0,"mot":"U","mo":71084.0},{"cn":"","ui":"","t":0.0,"r":0.0,"q":0.0,"p":0.0,"mot":"L","mo":0.0}]},{"d":"29.05.2015","r":94034.0,"q":42.8,"p":200.0,"s":[{"ui":"2569359","t":143789.0,"r":94034.0,"q":42.8,"p":200.0,"mot":"U","mo":94034.0},{"cn":"","ui":"","t":0.0,"r":0.0,"q":0.0,"p":0.0,"mot":"L","mo":0.0}]},{"d":"30.05.2015","r":90619.0,"q":42.78,"p":200.0,"s":[{"ui":"2569359","t":142954.0,"r":90619.0,"q":42.78,"p":200.0,"mot":"U","mo":90619.0},{"cn":"","ui":"","t":0.0,"r":0.0,"q":0.0,"p":0.0,"mot":"L","mo":0.0}]},{"d":"31.05.2015","r":89584.0,"q":42.75,"p":200.0,"s":[{"ui":"2569359","t":142019.0,"r":89584.0,"q":42.75,"p":200.0,"mot":"U","mo":89584.0},{"cn":"","ui":"","t":0.0,"r":0.0,"q":0.0,"p":0.0,"mot":"L","mo":0.0}]},{"d":"01.06.2015","r":93389.0,"q":42.72,"p":200.0,"s":[{"ui":"2569359","t":143454.0,"r":93389.0,"q":42.72,"p":200.0,"mot":"U","mo":93389.0},{"cn":"","ui":"","t":0.0,"r":0.0,"q":0.0,"p":0.0,"mot":"L","mo":0.0}]},{"d":"02.06.2015","r":94804.0,"q":42.7,"p":200.0,"s":[{"ui":"2569359","t":144879.0,"r":94804.0,"q":42.7,"p":200.0,"mot":"U","mo":94804.0},{"cn":"","ui":"","t":0.0,"r":0.0,"q":0.0,"p":0.0,"mot":"L","mo":0.0}]},{"d":"03.06.2015","r":96229.0,"q":42.67,"p":200.0,"s":[{"ui":"2569359","t":146304.0,"r":96229.0,"q":42.67,"p":200.0,"mot":"U","mo":96229.0},{"cn":"","ui":"","t":0.0,"r":0.0,"q":0.0,"p":0.0,"mot":"L","mo":0.0}]},{"d":"04.06.2015","r":99614.0,"q":42.65,"p":200.0,"s":[{"ui":"2569359","t":148709.0,"r":99614.0,"q":42.65,"p":200.0,"mot":"U","mo":99614.0},{"cn":"","ui":"","t":0.0,"r":0.0,"q":0.0,"p":0.0,"mot":"L","mo":0.0}]},{"d":"05.06.2015","r":102019.0,"q":42.62,"p":200.0,"s":[{"ui":"2569359","t":151114.0,"r":102019.0,"q":42.62,"p":200.0,"mot":"U","mo":102019.0},{"cn":"","ui":"","t":0.0,"r":0.0,"q":0.0,"p":0.0,"mot":"L","mo":0.0}]},{"d":"06.06.2015","r":104424.0,"q":42.6,"p":200.0,"s":[{"ui":"2569359","t":153519.0,"r":104424.0,"q":42.6,"p":200.0,"mot":"U","mo":104424.0},{"cn":"","ui":"","t":0.0,"r":0.0,"q":0.0,"p":0.0,"mot":"L","mo":0.0}]},{"d":"08.06.2015","r":149234.0,"q":42.55,"p":200.0,"s":[{"ui":"2569359","t":178329.0,"r":149234.0,"q":42.55,"p":200.0,"mot":"U","mo":149234.0},{"cn":"","ui":"","t":0.0,"r":0.0,"q":0.0,"p":0.0,"mot":"L","mo":0.0}]},{"d":"09.06.2015","r":170619.0,"q":42.53,"p":200.0,"s":[{"ui":"2569359","t":200224.0,"r":170619.0,"q":42.53,"p":200.0,"mot":"U","mo":170619.0},{"cn":"","ui":"","t":0.0,"r":0.0,"q":0.0,"p":0.0,"mot":"L","mo":0.0}]},{"d":"10.06.2015","r":193514.0,"q":42.52,"p":200.0,"s":[{"ui":"2569359","t":222619.0,"r":193514.0,"q":42.52,"p":200.0,"mot":"U","mo":193514.0},{"cn":"","ui":"","t":0.0,"r":0.0,"q":0.0,"p":0.0,"mot":"L","mo":0.0}]},{"d":"11.06.2015","r":215909.0,"q":42.5,"p":200.0,"s":[{"ui":"2569359","t":245014.0,"r":215909.0,"q":42.5,"p":200.0,"mot":"U","mo":215909.0},{"cn":"","ui":"","t":0.0,"r":0.0,"q":0.0,"p":0.0,"mot":"L","mo":0.0}]},{"d":"12.06.2015","r":241724.0,"q":42.48,"p":200.0,"s":[{"ui":"2569359","t":267419.0,"r":241724.0,"q":42.48,"p":200.0,"mot":"U","mo":241724.0},{"cn":"","ui":"","t":0.0,"r":0.0,"q":0.0,"p":0.0,"mot":"L","mo":0.0}]},{"d":"13.06.2015","r":267529.0,"q":42.46,"p":200.0,"s":[{"ui":"2569359","t":293224.0,"r":267529.0,"q":42.46,"p":200.0,"mot":"U","mo":267529.0},{"cn":"","ui":"","t":0.0,"r":0.0,"q":0.0,"p":0.0,"mot":"L","mo":0.0}]},{"d":"14.06.2015","r":291314.0,"q":42.45,"p":200.0,"s":[{"ui":"2569359","t":318019.0,"r":291314.0,"q":42.45,"p":200.0,"mot":"U","mo":291314.0},{"cn":"","ui":"","t":0.0,"r":0.0,"q":0.0,"p":0.0,"mot":"L","mo":0.0}]},{"d":"15.06.2015","r":316099.0,"q":42.43,"p":200.0,"s":[{"ui":"2569359","t":342804.0,"r":316099.0,"q":42.43,"p":200.0,"mot":"U","mo":316099.0},{"cn":"","ui":"","t":0.0,"r":0.0,"q":0.0,"p":0.0,"mot":"L","mo":0.0}]},{"d":"16.06.2015","r":330509.0,"q":42.41,"p":200.0,"s":[{"ui":"2569359","t":362249.0,"r":330509.0,"q":42.41,"p":200.0,"mot":"U","mo":330509.0},{"cn":"","ui":"","t":0.0,"r":0.0,"q":0.0,"p":0.0,"mot":"L","mo":0.0}]},{"d":"17.06.2015","r":350559.0,"q":42.4,"p":200.0,"s":[{"ui":"2569359","t":382379.0,"r":350559.0,"q":42.4,"p":200.0,"mot":"U","mo":350559.0},{"cn":"","ui":"","t":0.0,"r":0.0,"q":0.0,"p":0.0,"mot":"L","mo":0.0}]},{"d":"18.06.2015","r":303005.0,"q":42.38,"p":200.0,"s":[{"ui":"2569359","t":368442.0,"r":303005.0,"q":42.38,"p":200.0,"mot":"U","mo":303005.0},{"cn":"","ui":"","t":0.0,"r":0.0,"q":0.0,"p":0.0,"mot":"L","mo":0.0}]},{"d":"19.06.2015","r":289938.0,"q":42.36,"p":200.0,"s":[{"ui":"2569359","t":354940.0,"r":289938.0,"q":42.36,"p":200.0,"mot":"U","mo":289938.0},{"cn":"","ui":"","t":0.0,"r":0.0,"q":0.0,"p":0.0,"mot":"L","mo":0.0}]},{"d":"21.06.2015","r":262723.0,"q":42.31,"p":200.0,"s":[{"ui":"2569359","t":327932.0,"r":262723.0,"q":42.31,"p":200.0,"mot":"U","mo":262723.0},{"cn":"","ui":"","t":0.0,"r":0.0,"q":0.0,"p":0.0,"mot":"L","mo":0.0}]},{"d":"22.06.2015","r":238974.0,"q":42.29,"p":200.0,"s":[{"ui":"2569359","t":304203.0,"r":238974.0,"q":42.29,"p":200.0,"mot":"U","mo":238974.0},{"cn":"","ui":"","t":0.0,"r":0.0,"q":0.0,"p":0.0,"mot":"L","mo":0.0}]},{"d":"23.06.2015","r":221505.0,"q":42.27,"p":200.0,"s":[{"ui":"2569359","t":288924.0,"r":221505.0,"q":42.27,"p":200.0,"mot":"U","mo":221505.0},{"cn":"","ui":"","t":0.0,"r":0.0,"q":0.0,"p":0.0,"mot":"L","mo":0.0}]},{"d":"24.06.2015","r":205586.0,"q":42.24,"p":200.0,"s":[{"ui":"2569359","t":273005.0,"r":205586.0,"q":42.24,"p":200.0,"mot":"U","mo":205586.0},{"cn":"","ui":"","t":0.0,"r":0.0,"q":0.0,"p":0.0,"mot":"L","mo":0.0}]},{"d":"25.06.2015","r":189667.0,"q":42.21,"p":200.0,"s":[{"ui":"2569359","t":257086.0,"r":189667.0,"q":42.21,"p":200.0,"mot":"U","mo":189667.0},{"cn":"","ui":"","t":0.0,"r":0.0,"q":0.0,"p":0.0,"mot":"L","mo":0.0}]},{"d":"26.06.2015","r":149750.0,"q":42.18,"p":200.1,"s":[{"ui":"2569359","t":229167.0,"r":149748.0,"q":42.18,"p":200.0,"mot":"U","mo":149748.0},{"cn":"","ui":"","t":2.0,"r":2.0,"q":1.0,"p":8000.0,"mot":"L","mo":2.0}]},{"d":"27.06.2015","r":155732.0,"q":42.14,"p":200.15,"s":[{"ui":"2569359","t":232948.0,"r":155729.0,"q":42.14,"p":200.0,"mot":"U","mo":155729.0},{"cn":"","ui":"","t":3.0,"r":3.0,"q":1.0,"p":8000.0,"mot":"L","mo":3.0}]},{"d":"28.06.2015","r":159534.0,"q":42.1,"p":200.2,"s":[{"ui":"2569359","t":236739.0,"r":159530.0,"q":42.1,"p":200.0,"mot":"U","mo":159530.0},{"cn":"","ui":"","t":4.0,"r":4.0,"q":1.0,"p":8000.0,"mot":"L","mo":4.0}]},{"d":"29.06.2015","r":162626.0,"q":42.07,"p":200.24,"s":[{"ui":"2569359","t":240530.0,"r":162621.0,"q":42.07,"p":200.0,"mot":"U","mo":162621.0},{"cn":"","ui":"","t":5.0,"r":5.0,"q":1.0,"p":8000.0,"mot":"L","mo":5.0}]},{"d":"30.06.2015","r":166118.0,"q":42.05,"p":200.28,"s":[{"ui":"2569359","t":243821.0,"r":166112.0,"q":42.05,"p":200.0,"mot":"U","mo":166112.0},{"cn":"","ui":"","t":6.0,"r":6.0,"q":1.0,"p":8000.0,"mot":"L","mo":6.0}]},{"d":"01.07.2015","r":180910.0,"q":42.02,"p":200.3,"s":[{"ui":"2569359","t":253362.0,"r":180903.0,"q":42.02,"p":200.0,"mot":"U","mo":180903.0},{"cn":"","ui":"","t":7.0,"r":7.0,"q":1.0,"p":8000.0,"mot":"L","mo":7.0}]},{"d":"02.07.2015","r":191452.0,"q":42.0,"p":200.33,"s":[{"ui":"2569359","t":262903.0,"r":191444.0,"q":42.0,"p":200.0,"mot":"U","mo":191444.0},{"cn":"","ui":"","t":8.0,"r":8.0,"q":1.0,"p":8000.0,"mot":"L","mo":8.0}]},{"d":"03.07.2015","r":198493.0,"q":41.98,"p":200.35,"s":[{"ui":"2569359","t":270944.0,"r":198484.0,"q":41.98,"p":200.0,"mot":"U","mo":198484.0},{"cn":"","ui":"","t":9.0,"r":9.0,"q":1.0,"p":7920.0,"mot":"L","mo":9.0}]},{"d":"04.07.2015","r":207034.0,"q":41.95,"p":200.37,"s":[{"ui":"2569359","t":279484.0,"r":207024.0,"q":41.95,"p":200.0,"mot":"U","mo":207024.0},{"cn":"","ui":"","t":10.0,"r":10.0,"q":1.0,"p":7920.0,"mot":"L","mo":10.0}]},{"d":"05.07.2015","r":206996.0,"q":41.93,"p":200.41,"s":[{"ui":"2569359","t":283934.0,"r":206985.0,"q":41.93,"p":200.0,"mot":"U","mo":206985.0},{"cn":"","ui":"","t":11.0,"r":11.0,"q":1.0,"p":7920.0,"mot":"L","mo":11.0}]},{"d":"06.07.2015","r":211148.0,"q":41.91,"p":200.44,"s":[{"ui":"2569359","t":287985.0,"r":211136.0,"q":41.91,"p":200.0,"mot":"U","mo":211136.0},{"cn":"","ui":"","t":12.0,"r":12.0,"q":1.0,"p":7920.0,"mot":"L","mo":12.0}]},{"d":"07.07.2015","r":216100.0,"q":41.89,"p":200.46,"s":[{"ui":"2569359","t":292536.0,"r":216087.0,"q":41.89,"p":200.0,"mot":"U","mo":216087.0},{"cn":"","ui":"","t":13.0,"r":13.0,"q":1.0,"p":7920.0,"mot":"L","mo":13.0}]},{"d":"08.07.2015","r":220652.0,"q":41.87,"p":200.49,"s":[{"ui":"2569359","t":297087.0,"r":220638.0,"q":41.87,"p":200.0,"mot":"U","mo":220638.0},{"cn":"","ui":"","t":14.0,"r":14.0,"q":1.0,"p":7920.0,"mot":"L","mo":14.0}]},{"d":"09.07.2015","r":205858.0,"q":41.85,"p":200.56,"s":[{"ui":"2569359","t":291965.0,"r":205843.0,"q":41.85,"p":200.0,"mot":"U","mo":205843.0},{"cn":"","ui":"","t":15.0,"r":15.0,"q":1.0,"p":7920.0,"mot":"L","mo":15.0}]},{"d":"10.07.2015","r":200737.0,"q":41.82,"p":200.62,"s":[{"ui":"2569359","t":286843.0,"r":200721.0,"q":41.82,"p":200.0,"mot":"U","mo":200721.0},{"cn":"","ui":"","t":16.0,"r":16.0,"q":1.0,"p":7920.0,"mot":"L","mo":16.0}]},{"d":"12.07.2015","r":196495.0,"q":41.78,"p":200.66,"s":[{"ui":"2569359","t":280599.0,"r":196477.0,"q":41.78,"p":200.0,"mot":"U","mo":196477.0},{"cn":"","ui":"","t":18.0,"r":18.0,"q":1.0,"p":7450.0,"mot":"L","mo":18.0}]},{"d":"13.07.2015","r":185574.0,"q":41.76,"p":200.74,"s":[{"ui":"2569359","t":273577.0,"r":185555.0,"q":41.76,"p":200.0,"mot":"U","mo":185555.0},{"cn":"","ui":"","t":19.0,"r":19.0,"q":1.0,"p":7450.0,"mot":"L","mo":19.0}]},{"d":"14.07.2015","r":178553.0,"q":41.73,"p":200.81,"s":[{"ui":"2569359","t":266555.0,"r":178533.0,"q":41.73,"p":200.0,"mot":"U","mo":178533.0},{"cn":"","ui":"","t":20.0,"r":20.0,"q":1.0,"p":7450.0,"mot":"L","mo":20.0}]},{"d":"15.07.2015","r":171532.0,"q":41.71,"p":200.89,"s":[{"ui":"2569359","t":259533.0,"r":171511.0,"q":41.71,"p":200.0,"mot":"U","mo":171511.0},{"cn":"","ui":"","t":21.0,"r":21.0,"q":1.0,"p":7450.0,"mot":"L","mo":21.0}]},{"d":"16.07.2015","r":151611.0,"q":41.68,"p":201.05,"s":[{"ui":"2569359","t":246061.0,"r":151589.0,"q":41.69,"p":200.0,"mot":"U","mo":151589.0},{"cn":"","ui":"","t":22.0,"r":22.0,"q":1.0,"p":7450.0,"mot":"L","mo":22.0}]},{"d":"17.07.2015","r":136140.0,"q":41.65,"p":201.22,"s":[{"ui":"2569359","t":231589.0,"r":136117.0,"q":41.66,"p":200.0,"mot":"U","mo":136117.0},{"cn":"","ui":"","t":23.0,"r":23.0,"q":1.0,"p":7450.0,"mot":"L","mo":23.0}]},{"d":"19.07.2015","r":111743.0,"q":41.6,"p":201.61,"s":[{"ui":"2569359","t":205675.0,"r":111718.0,"q":41.61,"p":200.0,"mot":"U","mo":111718.0},{"cn":"","ui":"","t":25.0,"r":25.0,"q":1.0,"p":7380.0,"mot":"L","mo":25.0}]},{"d":"20.07.2015","r":97995.0,"q":41.58,"p":201.9,"s":[{"ui":"2569359","t":192322.0,"r":97969.0,"q":41.59,"p":200.0,"mot":"U","mo":97969.0},{"cn":"","ui":"","t":26.0,"r":26.0,"q":1.0,"p":7380.0,"mot":"L","mo":26.0}]},{"d":"21.07.2015","r":90043.0,"q":41.55,"p":202.15,"s":[{"ui":"2569359","t":182419.0,"r":90016.0,"q":41.56,"p":200.0,"mot":"U","mo":90016.0},{"cn":"","ui":"","t":27.0,"r":27.0,"q":1.0,"p":7380.0,"mot":"L","mo":27.0}]},{"d":"22.07.2015","r":98450.0,"q":35.67,"p":336.13,"s":[{"ui":"3224719","t":33549.0,"r":20309.0,"q":13.14,"p":850.0,"mot":"U","mo":20309.0},{"ui":"2569359","t":170766.0,"r":78113.0,"q":41.54,"p":200.0,"mot":"U","mo":78113.0},{"cn":"","ui":"","t":28.0,"r":28.0,"q":1.0,"p":7380.0,"mot":"L","mo":28.0}]},{"d":"23.07.2015","r":87973.0,"q":34.55,"p":361.1,"s":[{"ui":"3224719","t":34724.0,"r":21484.0,"q":13.06,"p":850.0,"mot":"U","mo":21484.0},{"ui":"2569359","t":159113.0,"r":66460.0,"q":41.51,"p":200.0,"mot":"U","mo":66460.0},{"cn":"","ui":"","t":29.0,"r":29.0,"q":1.0,"p":7380.0,"mot":"L","mo":29.0}]},{"d":"25.07.2015","r":51128.0,"q":28.62,"p":495.14,"s":[{"ui":"3224719","t":36113.0,"r":22873.0,"q":12.82,"p":850.0,"mot":"U","mo":22873.0},{"ui":"2569359","t":125842.0,"r":28224.0,"q":41.46,"p":200.0,"mot":"U","mo":28224.0},{"cn":"","ui":"","t":31.0,"r":31.0,"q":1.06,"p":7380.0,"mot":"L","mo":31.0}]},{"d":"28.07.2015","r":22686.0,"q":12.9,"p":859.68,"s":[{"ui":"3224719","t":37892.0,"r":22652.0,"q":12.92,"p":850.0,"mot":"U","mo":22652.0},{"cn":"","ui":"","t":34.0,"r":34.0,"q":1.17,"p":7310.0,"mot":"L","mo":34.0}]},{"d":"29.07.2015","r":20115.0,"q":12.93,"p":861.24,"s":[{"ui":"3224719","t":36320.0,"r":20080.0,"q":12.95,"p":850.0,"mot":"U","mo":20080.0},{"cn":"","ui":"","t":35.0,"r":35.0,"q":1.2,"p":7310.0,"mot":"L","mo":35.0}]},{"d":"30.07.2015","r":36.0,"q":1.24,"p":7310.0,"s":[{"ui":"3245440","t":36.0,"r":36.0,"q":1.24,"p":7310.0,"mot":"U","mo":36.0},{"cn":"","ui":"","t":0.0,"r":0.0,"q":0.0,"p":0.0,"mot":"L","mo":0.0}]},{"d":"31.07.2015","r":37.0,"q":1.27,"p":7310.0,"s":[{"ui":"3245440","t":37.0,"r":37.0,"q":1.27,"p":7310.0,"mot":"U","mo":37.0},{"cn":"","ui":"","t":0.0,"r":0.0,"q":0.0,"p":0.0,"mot":"L","mo":0.0}]},{"d":"01.08.2015","r":38.0,"q":1.3,"p":7310.0,"s":[{"ui":"3245440","t":38.0,"r":38.0,"q":1.3,"p":7310.0,"mot":"U","mo":38.0},{"cn":"","ui":"","t":0.0,"r":0.0,"q":0.0,"p":0.0,"mot":"L","mo":0.0}]},{"d":"02.08.2015","r":39.0,"q":1.33,"p":7310.0,"s":[{"ui":"3245440","t":39.0,"r":39.0,"q":1.33,"p":7310.0,"mot":"U","mo":39.0},{"cn":"","ui":"","t":0.0,"r":0.0,"q":0.0,"p":0.0,"mot":"L","mo":0.0}]},{"d":"03.08.2015","r":40.0,"q":1.36,"p":7240.0,"s":[{"ui":"3245440","t":40.0,"r":40.0,"q":1.36,"p":7240.0,"mot":"U","mo":40.0},{"cn":"","ui":"","t":0.0,"r":0.0,"q":0.0,"p":0.0,"mot":"L","mo":0.0}]},{"d":"05.08.2015","r":2.0,"q":2.46,"p":7240.0,"s":[{"ui":"3245440","t":2.0,"r":2.0,"q":2.46,"p":7240.0,"mot":"U","mo":2.0},{"cn":"","ui":"","t":0.0,"r":0.0,"q":0.0,"p":0.0,"mot":"L","mo":0.0}]},{"d":"23.08.2015","r":2793.0,"q":36.86,"p":200.0,"s":[{"ui":"2569359","t":81000.0,"r":2793.0,"q":36.86,"p":200.0,"mot":"U","mo":2793.0},{"cn":"","ui":"","t":0.0,"r":0.0,"q":0.0,"p":0.0,"mot":"L","mo":0.0}]},{"d":"24.08.2015","r":5590.0,"q":36.84,"p":205.04,"s":[{"ui":"2569359","t":83793.0,"r":5586.0,"q":36.86,"p":200.0,"mot":"U","mo":5586.0},{"cn":"","ui":"","t":5.0,"r":4.0,"q":2.46,"p":7240.0,"mot":"L","mo":4.0}]},{"d":"25.08.2015","r":8387.0,"q":36.83,"p":206.72,"s":[{"ui":"2569359","t":86586.0,"r":8379.0,"q":36.86,"p":200.0,"mot":"U","mo":8379.0},{"cn":"","ui":"","t":9.0,"r":8.0,"q":2.46,"p":7240.0,"mot":"L","mo":8.0}]},{"d":"26.08.2015","r":11184.0,"q":36.82,"p":207.55,"s":[{"ui":"2569359","t":89379.0,"r":11172.0,"q":36.86,"p":200.0,"mot":"U","mo":11172.0},{"cn":"","ui":"","t":13.0,"r":12.0,"q":2.46,"p":7240.0,"mot":"L","mo":12.0}]},{"d":"27.08.2015","r":13981.0,"q":36.82,"p":208.06,"s":[{"ui":"2569359","t":92172.0,"r":13965.0,"q":36.86,"p":200.0,"mot":"U","mo":13965.0},{"cn":"","ui":"","t":17.0,"r":16.0,"q":2.46,"p":7240.0,"mot":"L","mo":16.0}]},{"d":"28.08.2015","r":45836.0,"q":36.84,"p":203.07,"s":[{"ui":"2569359","t":109494.0,"r":45816.0,"q":36.86,"p":200.0,"mot":"U","mo":45816.0},{"cn":"","ui":"","t":21.0,"r":20.0,"q":2.46,"p":7240.0,"mot":"L","mo":20.0}]},{"d":"29.08.2015","r":63162.0,"q":36.85,"p":202.68,"s":[{"ui":"2569359","t":126816.0,"r":63138.0,"q":36.86,"p":200.0,"mot":"U","mo":63138.0},{"cn":"","ui":"","t":25.0,"r":24.0,"q":2.46,"p":7240.0,"mot":"L","mo":24.0}]},{"d":"30.08.2015","r":28.0,"q":2.46,"p":7240.0,"s":[{"ui":"3245440","t":29.0,"r":28.0,"q":2.46,"p":7240.0,"mot":"U","mo":28.0},{"cn":"","ui":"","t":0.0,"r":0.0,"q":0.0,"p":0.0,"mot":"L","mo":0.0}]},{"d":"31.08.2015","r":32.0,"q":2.46,"p":7240.0,"s":[{"ui":"3245440","t":33.0,"r":32.0,"q":2.46,"p":7240.0,"mot":"U","mo":32.0},{"cn":"","ui":"","t":0.0,"r":0.0,"q":0.0,"p":0.0,"mot":"L","mo":0.0}]},{"d":"01.09.2015","r":36.0,"q":2.46,"p":7240.0,"s":[{"ui":"3245440","t":37.0,"r":36.0,"q":2.46,"p":7240.0,"mot":"U","mo":36.0},{"cn":"","ui":"","t":0.0,"r":0.0,"q":0.0,"p":0.0,"mot":"L","mo":0.0}]},{"d":"02.09.2015","r":40.0,"q":2.46,"p":7170.0,"s":[{"ui":"3245440","t":41.0,"r":40.0,"q":2.46,"p":7170.0,"mot":"U","mo":40.0},{"cn":"","ui":"","t":0.0,"r":0.0,"q":0.0,"p":0.0,"mot":"L","mo":0.0}]},{"d":"03.09.2015","r":44.0,"q":2.46,"p":7170.0,"s":[{"ui":"3245440","t":45.0,"r":44.0,"q":2.46,"p":7170.0,"mot":"U","mo":44.0},{"cn":"","ui":"","t":0.0,"r":0.0,"q":0.0,"p":0.0,"mot":"L","mo":0.0}]},{"d":"04.09.2015","r":48.0,"q":2.46,"p":7170.0,"s":[{"ui":"3245440","t":49.0,"r":48.0,"q":2.46,"p":7170.0,"mot":"U","mo":48.0},{"cn":"","ui":"","t":0.0,"r":0.0,"q":0.0,"p":0.0,"mot":"L","mo":0.0}]},{"d":"05.09.2015","r":52.0,"q":2.46,"p":7170.0,"s":[{"ui":"3245440","t":53.0,"r":52.0,"q":2.46,"p":7170.0,"mot":"U","mo":52.0},{"cn":"","ui":"","t":0.0,"r":0.0,"q":0.0,"p":0.0,"mot":"L","mo":0.0}]},{"d":"06.09.2015","r":56.0,"q":2.46,"p":7170.0,"s":[{"ui":"3245440","t":57.0,"r":56.0,"q":2.46,"p":7170.0,"mot":"U","mo":56.0},{"cn":"","ui":"","t":0.0,"r":0.0,"q":0.0,"p":0.0,"mot":"L","mo":0.0}]},{"d":"08.09.2015","r":64.0,"q":2.46,"p":7170.0,"s":[{"ui":"3245440","t":65.0,"r":64.0,"q":2.46,"p":7170.0,"mot":"U","mo":64.0},{"cn":"","ui":"","t":0.0,"r":0.0,"q":0.0,"p":0.0,"mot":"L","mo":0.0}]},{"d":"10.09.2015","r":72.0,"q":2.46,"p":7170.0,"s":[{"ui":"3245440","t":73.0,"r":72.0,"q":2.46,"p":7170.0,"mot":"U","mo":72.0},{"cn":"","ui":"","t":0.0,"r":0.0,"q":0.0,"p":0.0,"mot":"L","mo":0.0}]},{"d":"11.09.2015","r":68.0,"q":2.46,"p":7170.0,"s":[{"ui":"3245440","t":69.0,"r":68.0,"q":2.46,"p":7170.0,"mot":"U","mo":68.0},{"cn":"","ui":"","t":0.0,"r":0.0,"q":0.0,"p":0.0,"mot":"L","mo":0.0}]},{"d":"12.09.2015","r":47.0,"q":2.46,"p":7170.0,"s":[{"ui":"3245440","t":63.0,"r":47.0,"q":2.46,"p":7170.0,"mot":"U","mo":47.0},{"cn":"","ui":"","t":0.0,"r":0.0,"q":0.0,"p":0.0,"mot":"L","mo":0.0}]},{"d":"13.09.2015","r":41.0,"q":2.46,"p":7170.0,"s":[{"ui":"3245440","t":57.0,"r":41.0,"q":2.46,"p":7170.0,"mot":"U","mo":41.0},{"cn":"","ui":"","t":0.0,"r":0.0,"q":0.0,"p":0.0,"mot":"L","mo":0.0}]},{"d":"14.09.2015","r":35.0,"q":2.46,"p":7170.0,"s":[{"ui":"3245440","t":51.0,"r":35.0,"q":2.46,"p":7170.0,"mot":"U","mo":35.0},{"cn":"","ui":"","t":0.0,"r":0.0,"q":0.0,"p":0.0,"mot":"L","mo":0.0}]},{"d":"15.09.2015","r":29.0,"q":2.46,"p":7170.0,"s":[{"ui":"3245440","t":45.0,"r":29.0,"q":2.46,"p":7170.0,"mot":"U","mo":29.0},{"cn":"","ui":"","t":0.0,"r":0.0,"q":0.0,"p":0.0,"mot":"L","mo":0.0}]},{"d":"16.09.2015","r":23.0,"q":2.46,"p":7170.0,"s":[{"ui":"3245440","t":39.0,"r":23.0,"q":2.46,"p":7170.0,"mot":"U","mo":23.0},{"cn":"","ui":"","t":0.0,"r":0.0,"q":0.0,"p":0.0,"mot":"L","mo":0.0}]},{"d":"17.09.2015","r":37.0,"q":2.46,"p":7170.0,"s":[{"ui":"3245440","t":43.0,"r":37.0,"q":2.46,"p":7170.0,"mot":"U","mo":37.0},{"cn":"","ui":"","t":0.0,"r":0.0,"q":0.0,"p":0.0,"mot":"L","mo":0.0}]},{"d":"18.09.2015","r":51.0,"q":2.46,"p":7170.0,"s":[{"ui":"3245440","t":52.0,"r":51.0,"q":2.46,"p":7170.0,"mot":"U","mo":51.0},{"cn":"","ui":"","t":0.0,"r":0.0,"q":0.0,"p":0.0,"mot":"L","mo":0.0}]},{"d":"19.09.2015","r":60.0,"q":2.46,"p":7170.0,"s":[{"ui":"3245440","t":61.0,"r":60.0,"q":2.46,"p":7170.0,"mot":"U","mo":60.0},{"cn":"","ui":"","t":0.0,"r":0.0,"q":0.0,"p":0.0,"mot":"L","mo":0.0}]},{"d":"20.09.2015","r":69.0,"q":2.46,"p":7100.0,"s":[{"ui":"3245440","t":70.0,"r":69.0,"q":2.46,"p":7100.0,"mot":"U","mo":69.0},{"cn":"","ui":"","t":0.0,"r":0.0,"q":0.0,"p":0.0,"mot":"L","mo":0.0}]},{"d":"21.09.2015","r":78.0,"q":2.46,"p":7100.0,"s":[{"ui":"3245440","t":79.0,"r":78.0,"q":2.46,"p":7100.0,"mot":"U","mo":78.0},{"cn":"","ui":"","t":0.0,"r":0.0,"q":0.0,"p":0.0,"mot":"L","mo":0.0}]},{"d":"22.09.2015","r":87.0,"q":2.46,"p":7100.0,"s":[{"ui":"3245440","t":88.0,"r":87.0,"q":2.46,"p":7100.0,"mot":"U","mo":87.0},{"cn":"","ui":"","t":0.0,"r":0.0,"q":0.0,"p":0.0,"mot":"L","mo":0.0}]},{"d":"23.09.2015","r":96.0,"q":2.46,"p":7100.0,"s":[{"ui":"3245440","t":97.0,"r":96.0,"q":2.46,"p":7100.0,"mot":"U","mo":96.0},{"cn":"","ui":"","t":0.0,"r":0.0,"q":0.0,"p":0.0,"mot":"L","mo":0.0}]},{"d":"24.09.2015","r":105.0,"q":2.46,"p":7100.0,"s":[{"ui":"3245440","t":106.0,"r":105.0,"q":2.46,"p":7100.0,"mot":"U","mo":105.0},{"cn":"","ui":"","t":0.0,"r":0.0,"q":0.0,"p":0.0,"mot":"L","mo":0.0}]},{"d":"25.09.2015","r":2904.0,"q":34.49,"p":470.87,"s":[{"ui":"2569359","t":83172.0,"r":2790.0,"q":35.8,"p":200.0,"mot":"U","mo":2790.0},{"cn":"","ui":"","t":115.0,"r":114.0,"q":2.46,"p":7100.0,"mot":"L","mo":114.0}]},{"d":"26.09.2015","r":4956.0,"q":34.94,"p":371.25,"s":[{"ui":"2569359","t":85215.0,"r":4833.0,"q":35.77,"p":200.0,"mot":"U","mo":4833.0},{"cn":"","ui":"","t":124.0,"r":123.0,"q":2.46,"p":7100.0,"mot":"L","mo":123.0}]},{"d":"27.09.2015","r":8433.0,"q":35.23,"p":306.91,"s":[{"ui":"2569359","t":87258.0,"r":8301.0,"q":35.75,"p":200.0,"mot":"U","mo":8301.0},{"cn":"","ui":"","t":133.0,"r":132.0,"q":2.46,"p":7030.0,"mot":"L","mo":132.0}]},{"d":"28.09.2015","r":10485.0,"q":35.27,"p":291.85,"s":[{"ui":"2569359","t":89301.0,"r":10344.0,"q":35.72,"p":200.0,"mot":"U","mo":10344.0},{"cn":"","ui":"","t":142.0,"r":141.0,"q":2.46,"p":7030.0,"mot":"L","mo":141.0}]},{"d":"29.09.2015","r":5047220.0,"q":61.9,"p":60.7,"s":[{"ui":"3092016","t":5078444.0,"r":5034683.0,"q":61.97,"p":60.15,"mot":"U","mo":5034683.0},{"cn":"","ui":"","t":91495.0,"r":12537.0,"q":35.3,"p":281.72,"mot":"L","mo":12537.0}]},{"d":"30.09.2015","r":5073238.0,"q":61.88,"p":60.77,"s":[{"ui":"3092016","t":5102410.0,"r":5058649.0,"q":61.96,"p":60.15,"mot":"U","mo":5058649.0},{"cn":"","ui":"","t":93547.0,"r":14589.0,"q":35.32,"p":274.44,"mot":"L","mo":14589.0}]},{"d":"01.10.2015","r":5099256.0,"q":61.86,"p":60.83,"s":[{"ui":"3092016","t":5126376.0,"r":5082615.0,"q":61.95,"p":60.15,"mot":"U","mo":5082615.0},{"cn":"","ui":"","t":95599.0,"r":16641.0,"q":35.33,"p":268.95,"mot":"L","mo":16641.0}]},{"d":"02.10.2015","r":5132314.0,"q":61.81,"p":61.09,"s":[{"ui":"3092016","t":5150342.0,"r":5106581.0,"q":61.94,"p":60.15,"mot":"U","mo":5106581.0},{"cn":"","ui":"","t":101171.0,"r":25733.0,"q":35.42,"p":246.98,"mot":"L","mo":25733.0}]},{"d":"03.10.2015","r":5161852.0,"q":61.77,"p":61.24,"s":[{"ui":"3092016","t":5174308.0,"r":5130547.0,"q":61.93,"p":60.15,"mot":"U","mo":5130547.0},{"cn":"","ui":"","t":106743.0,"r":31305.0,"q":35.44,"p":240.16,"mot":"L","mo":31305.0}]},{"d":"04.10.2015","r":5191390.0,"q":61.74,"p":61.4,"s":[{"ui":"3092016","t":5198274.0,"r":5154513.0,"q":61.93,"p":60.15,"mot":"U","mo":5154513.0},{"cn":"","ui":"","t":112315.0,"r":36877.0,"q":35.44,"p":235.75,"mot":"L","mo":36877.0}]},{"d":"05.10.2015","r":5220528.0,"q":61.7,"p":61.55,"s":[{"ui":"3092016","t":5222040.0,"r":5178079.0,"q":61.92,"p":60.15,"mot":"U","mo":5178079.0},{"cn":"","ui":"","t":117887.0,"r":42449.0,"q":35.45,"p":232.49,"mot":"L","mo":42449.0}]},{"d":"06.10.2015","r":5249866.0,"q":61.67,"p":61.7,"s":[{"ui":"3092016","t":5245806.0,"r":5201845.0,"q":61.91,"p":60.15,"mot":"U","mo":5201845.0},{"cn":"","ui":"","t":123459.0,"r":48021.0,"q":35.45,"p":229.98,"mot":"L","mo":48021.0}]},{"d":"07.10.2015","r":5279204.0,"q":61.63,"p":61.85,"s":[{"ui":"3092016","t":5269572.0,"r":5225611.0,"q":61.9,"p":60.15,"mot":"U","mo":5225611.0},{"cn":"","ui":"","t":129031.0,"r":53593.0,"q":35.44,"p":228.0,"mot":"L","mo":53593.0}]},{"d":"08.10.2015","r":5308940.0,"q":61.6,"p":62.0,"s":[{"ui":"3092016","t":5293537.0,"r":5249775.0,"q":61.89,"p":60.15,"mot":"U","mo":5249775.0},{"cn":"","ui":"","t":134603.0,"r":59165.0,"q":35.44,"p":226.39,"mot":"L","mo":59165.0}]},{"d":"09.10.2015","r":5338477.0,"q":61.56,"p":62.15,"s":[{"ui":"3092016","t":5317502.0,"r":5273740.0,"q":61.88,"p":60.15,"mot":"U","mo":5273740.0},{"cn":"","ui":"","t":140175.0,"r":64737.0,"q":35.44,"p":224.84,"mot":"L","mo":64737.0}]},{"d":"10.10.2015","r":5362014.0,"q":61.53,"p":62.29,"s":[{"ui":"3092016","t":5338467.0,"r":5291705.0,"q":61.88,"p":60.15,"mot":"U","mo":5291705.0},{"cn":"","ui":"","t":145747.0,"r":70309.0,"q":35.43,"p":223.73,"mot":"L","mo":70309.0}]},{"d":"12.10.2015","r":5410588.0,"q":61.46,"p":62.59,"s":[{"ui":"3092016","t":5377397.0,"r":5329135.0,"q":61.86,"p":60.15,"mot":"U","mo":5329135.0},{"cn":"","ui":"","t":156891.0,"r":81453.0,"q":35.43,"p":221.96,"mot":"L","mo":81453.0}]},{"d":"13.10.2015","r":5435625.0,"q":61.43,"p":62.73,"s":[{"ui":"3092016","t":5396862.0,"r":5348600.0,"q":61.85,"p":60.15,"mot":"U","mo":5348600.0},{"cn":"","ui":"","t":162463.0,"r":87025.0,"q":35.43,"p":221.25,"mot":"L","mo":87025.0}]},{"d":"14.10.2015","r":5460662.0,"q":61.4,"p":62.87,"s":[{"ui":"3092016","t":5416327.0,"r":5368065.0,"q":61.85,"p":60.15,"mot":"U","mo":5368065.0},{"cn":"","ui":"","t":168035.0,"r":92597.0,"q":35.42,"p":220.44,"mot":"L","mo":92597.0}]},{"d":"15.10.2015","r":5485699.0,"q":61.37,"p":63.01,"s":[{"ui":"3092016","t":5435792.0,"r":5387530.0,"q":61.84,"p":60.15,"mot":"U","mo":5387530.0},{"cn":"","ui":"","t":173607.0,"r":98169.0,"q":35.41,"p":219.89,"mot":"L","mo":98169.0}]},{"d":"16.10.2015","r":5510736.0,"q":61.33,"p":63.15,"s":[{"ui":"3092016","t":5455257.0,"r":5406995.0,"q":61.83,"p":60.15,"mot":"U","mo":5406995.0},{"cn":"","ui":"","t":179179.0,"r":103741.0,"q":35.41,"p":219.39,"mot":"L","mo":103741.0}]},{"d":"17.10.2015","r":5536108.0,"q":61.33,"p":63.33,"s":[{"ui":"3092016","t":5474725.0,"r":5426463.0,"q":61.85,"p":60.15,"mot":"U","mo":5426463.0},{"cn":"","ui":"","t":193844.0,"r":109645.0,"q":35.35,"p":220.86,"mot":"L","mo":109645.0}]},{"d":"18.10.2015","r":5562071.0,"q":61.32,"p":63.4,"s":[{"ui":"3092016","t":5497576.0,"r":5449314.0,"q":61.86,"p":60.15,"mot":"U","mo":5449314.0},{"cn":"","ui":"","t":198156.0,"r":112757.0,"q":35.37,"p":220.47,"mot":"L","mo":112757.0}]},{"d":"19.10.2015","r":5598672.0,"q":61.27,"p":63.7,"s":[{"ui":"3092016","t":5520427.0,"r":5472165.0,"q":61.87,"p":60.15,"mot":"U","mo":5472165.0},{"cn":"","ui":"","t":198320.0,"r":126507.0,"q":35.43,"p":217.32,"mot":"L","mo":126507.0}]},{"d":"20.10.2015","r":5633396.0,"q":61.23,"p":64.27,"s":[{"ui":"3092016","t":5542978.0,"r":5495159.0,"q":61.89,"p":60.15,"mot":"U","mo":5495159.0},{"cn":"","ui":"","t":219361.0,"r":138237.0,"q":35.05,"p":228.19,"mot":"L","mo":138237.0}]},{"d":"21.10.2015","r":5667991.0,"q":61.19,"p":64.78,"s":[{"ui":"3092016","t":5566272.0,"r":5518453.0,"q":61.91,"p":60.15,"mot":"U","mo":5518453.0},{"cn":"","ui":"","t":230662.0,"r":149538.0,"q":34.76,"p":235.47,"mot":"L","mo":149538.0}]},{"d":"22.10.2015","r":5702376.0,"q":61.16,"p":65.25,"s":[{"ui":"3092016","t":5589567.0,"r":5541749.0,"q":61.93,"p":60.15,"mot":"U","mo":5541749.0},{"cn":"","ui":"","t":241851.0,"r":160627.0,"q":34.55,"p":241.04,"mot":"L","mo":160627.0}]},{"d":"23.10.2015","r":5736848.0,"q":61.12,"p":65.72,"s":[{"ui":"3092016","t":5612862.0,"r":5565044.0,"q":61.95,"p":60.15,"mot":"U","mo":5565044.0},{"cn":"","ui":"","t":253028.0,"r":171804.0,"q":34.35,"p":246.21,"mot":"L","mo":171804.0}]},{"d":"24.10.2015","r":5774809.0,"q":61.07,"p":66.37,"s":[{"ui":"3092016","t":5636157.0,"r":5588339.0,"q":61.97,"p":60.15,"mot":"U","mo":5588339.0},{"cn":"","ui":"","t":265944.0,"r":186470.0,"q":34.1,"p":252.89,"mot":"L","mo":186470.0}]},{"d":"25.10.2015","r":5811508.0,"q":61.02,"p":66.94,"s":[{"ui":"3092016","t":5659452.0,"r":5611634.0,"q":61.98,"p":60.15,"mot":"U","mo":5611634.0},{"cn":"","ui":"","t":278848.0,"r":199874.0,"q":33.93,"p":257.47,"mot":"L","mo":199874.0}]},{"d":"27.10.2015","r":5882870.0,"q":60.94,"p":67.99,"s":[{"ui":"3092016","t":5706042.0,"r":5658224.0,"q":62.02,"p":60.15,"mot":"U","mo":5658224.0},{"cn":"","ui":"","t":304620.0,"r":224646.0,"q":33.62,"p":265.38,"mot":"L","mo":224646.0}]},{"d":"28.10.2015","r":5917755.0,"q":60.9,"p":68.5,"s":[{"ui":"3092016","t":5728559.0,"r":5680741.0,"q":62.04,"p":60.15,"mot":"U","mo":5680741.0},{"cn":"","ui":"","t":316988.0,"r":237014.0,"q":33.5,"p":268.72,"mot":"L","mo":237014.0}]},{"d":"29.10.2015","r":5953406.0,"q":60.86,"p":69.01,"s":[{"ui":"3092016","t":5751854.0,"r":5704036.0,"q":62.06,"p":60.15,"mot":"U","mo":5704036.0},{"cn":"","ui":"","t":329344.0,"r":249370.0,"q":33.39,"p":271.7,"mot":"L","mo":249370.0}]},{"d":"30.10.2015","r":5989045.0,"q":60.82,"p":69.51,"s":[{"ui":"3092016","t":5775149.0,"r":5727331.0,"q":62.08,"p":60.15,"mot":"U","mo":5727331.0},{"cn":"","ui":"","t":341688.0,"r":261714.0,"q":33.29,"p":274.37,"mot":"L","mo":261714.0}]},{"d":"31.10.2015","r":6025201.0,"q":60.77,"p":70.07,"s":[{"ui":"3092016","t":5798444.0,"r":5750626.0,"q":62.09,"p":60.15,"mot":"U","mo":5750626.0},{"cn":"","ui":"","t":354549.0,"r":274575.0,"q":33.16,"p":277.88,"mot":"L","mo":274575.0}]},{"d":"01.11.2015","r":6061345.0,"q":60.73,"p":70.62,"s":[{"ui":"3092016","t":5821739.0,"r":5773921.0,"q":62.11,"p":60.15,"mot":"U","mo":5773921.0},{"cn":"","ui":"","t":367398.0,"r":287424.0,"q":32.98,"p":280.96,"mot":"L","mo":287424.0}]},{"d":"02.11.2015","r":6097477.0,"q":60.69,"p":71.17,"s":[{"ui":"3092016","t":5845034.0,"r":5797216.0,"q":62.13,"p":60.15,"mot":"U","mo":5797216.0},{"cn":"","ui":"","t":380235.0,"r":300261.0,"q":32.83,"p":283.84,"mot":"L","mo":300261.0}]},{"d":"03.11.2015","r":6133597.0,"q":60.65,"p":71.7,"s":[{"ui":"3092016","t":5868329.0,"r":5820511.0,"q":62.15,"p":60.15,"mot":"U","mo":5820511.0},{"cn":"","ui":"","t":393060.0,"r":313086.0,"q":32.7,"p":286.46,"mot":"L","mo":313086.0}]},{"d":"04.11.2015","r":6107705.0,"q":60.58,"p":72.35,"s":[{"ui":"3092016","t":5860624.0,"r":5781806.0,"q":62.16,"p":60.15,"mot":"U","mo":5781806.0},{"cn":"","ui":"","t":405873.0,"r":325899.0,"q":32.59,"p":288.86,"mot":"L","mo":325899.0}]},{"d":"05.11.2015","r":6110209.0,"q":60.56,"p":72.61,"s":[{"ui":"3092016","t":5852919.0,"r":5774101.0,"q":62.18,"p":60.15,"mot":"U","mo":5774101.0},{"cn":"","ui":"","t":418082.0,"r":336108.0,"q":32.73,"p":286.74,"mot":"L","mo":336108.0}]},{"d":"06.11.2015","r":6107432.0,"q":60.51,"p":73.18,"s":[{"ui":"2569359","t":378108.0,"r":308631.0,"q":35.53,"p":200.0,"mot":"U","mo":308631.0},{"ui":"3092016","t":5840154.0,"r":5756276.0,"q":62.2,"p":60.15,"mot":"U","mo":5756276.0},{"cn":"","ui":"","t":53487.0,"r":42525.0,"q":12.69,"p":917.22,"mot":"L","mo":42525.0}]},{"d":"07.11.2015","r":6098167.0,"q":60.53,"p":72.44,"s":[{"ui":"2569359","t":389631.0,"r":320154.0,"q":35.53,"p":200.0,"mot":"U","mo":320154.0},{"ui":"3092016","t":5827389.0,"r":5743511.0,"q":62.21,"p":60.15,"mot":"U","mo":5743511.0},{"cn":"","ui":"","t":50464.0,"r":34502.0,"q":12.95,"p":934.37,"mot":"L","mo":34502.0}]},{"d":"08.11.2015","r":6103087.0,"q":60.53,"p":72.31,"s":[{"ui":"2569359","t":401154.0,"r":331677.0,"q":35.53,"p":200.0,"mot":"U","mo":331677.0},{"ui":"3092016","t":5819223.0,"r":5739944.0,"q":62.23,"p":60.15,"mot":"U","mo":5739944.0},{"cn":"","ui":"","t":47428.0,"r":31466.0,"q":13.16,"p":944.17,"mot":"L","mo":31466.0}]},{"d":"09.11.2015","r":6020395.0,"q":60.86,"p":70.47,"s":[{"ui":"3092016","t":5810057.0,"r":5729778.0,"q":62.25,"p":60.15,"mot":"U","mo":5729778.0},{"cn":"","ui":"","t":376056.0,"r":290617.0,"q":33.36,"p":273.93,"mot":"L","mo":290617.0}]},{"d":"10.11.2015","r":5936690.0,"q":61.19,"p":68.53,"s":[{"ui":"3092016","t":5800891.0,"r":5720612.0,"q":62.26,"p":60.15,"mot":"U","mo":5720612.0},{"cn":"","ui":"","t":302517.0,"r":216078.0,"q":32.94,"p":290.47,"mot":"L","mo":216078.0}]},{"d":"11.11.2015","r":5849372.0,"q":61.57,"p":66.46,"s":[{"ui":"3092016","t":5791725.0,"r":5711446.0,"q":62.28,"p":60.15,"mot":"U","mo":5711446.0},{"cn":"","ui":"","t":226665.0,"r":137926.0,"q":31.97,"p":327.62,"mot":"L","mo":137926.0}]},{"d":"12.11.2015","r":5753301.0,"q":61.94,"p":64.38,"s":[{"ui":"3092016","t":5782039.0,"r":5691240.0,"q":62.3,"p":60.15,"mot":"U","mo":5691240.0},{"cn":"","ui":"","t":150800.0,"r":62061.0,"q":28.72,"p":452.12,"mot":"L","mo":62061.0}]},{"d":"13.11.2015","r":5697645.0,"q":62.17,"p":62.95,"s":[{"ui":"3092016","t":5762353.0,"r":5681554.0,"q":62.31,"p":60.15,"mot":"U","mo":5681554.0},{"cn":"","ui":"","t":32053.0,"r":16091.0,"q":13.5,"p":1050.39,"mot":"L","mo":16091.0}]},{"d":"14.11.2015","r":5685817.0,"q":62.21,"p":62.66,"s":[{"ui":"3092016","t":5752667.0,"r":5671868.0,"q":62.33,"p":60.15,"mot":"U","mo":5671868.0},{"cn":"","ui":"","t":29911.0,"r":13949.0,"q":13.76,"p":1084.92,"mot":"L","mo":13949.0}]},{"d":"15.11.2015","r":5673975.0,"q":62.24,"p":62.38,"s":[{"ui":"3092016","t":5742981.0,"r":5662182.0,"q":62.34,"p":60.15,"mot":"U","mo":5662182.0},{"cn":"","ui":"","t":27755.0,"r":11793.0,"q":13.85,"p":1132.3,"mot":"L","mo":11793.0}]},{"d":"16.11.2015","r":5662290.0,"q":62.28,"p":62.11,"s":[{"ui":"3092016","t":5733296.0,"r":5652498.0,"q":62.36,"p":60.15,"mot":"U","mo":5652498.0},{"cn":"","ui":"","t":25754.0,"r":9792.0,"q":13.81,"p":1195.32,"mot":"L","mo":9792.0}]},{"d":"17.11.2015","r":5650590.0,"q":62.3,"p":61.84,"s":[{"ui":"3092016","t":5723611.0,"r":5642813.0,"q":62.37,"p":60.15,"mot":"U","mo":5642813.0},{"cn":"","ui":"","t":23739.0,"r":7777.0,"q":13.66,"p":1291.52,"mot":"L","mo":7777.0}]},{"d":"14.12.2015","r":2242792.0,"q":62.79,"p":62.58,"s":[{"ui":"3092016","t":2537086.0,"r":2241958.0,"q":62.81,"p":60.15,"mot":"U","mo":2241958.0},{"cn":"","ui":"","t":835.0,"r":834.0,"q":3.29,"p":6600.0,"mot":"L","mo":834.0}]},{"d":"15.12.2015","r":2018786.0,"q":62.81,"p":62.88,"s":[{"ui":"3092016","t":2313071.0,"r":2017943.0,"q":62.83,"p":60.15,"mot":"U","mo":2017943.0},{"cn":"","ui":"","t":844.0,"r":843.0,"q":3.3,"p":6600.0,"mot":"L","mo":843.0}]},{"d":"16.12.2015","r":1793070.0,"q":62.83,"p":63.26,"s":[{"ui":"3092016","t":2088201.0,"r":1792218.0,"q":62.86,"p":60.15,"mot":"U","mo":1792218.0},{"cn":"","ui":"","t":853.0,"r":852.0,"q":3.3,"p":6600.0,"mot":"L","mo":852.0}]},{"d":"17.12.2015","r":1568209.0,"q":62.86,"p":63.74,"s":[{"ui":"3092016","t":1863331.0,"r":1567348.0,"q":62.89,"p":60.15,"mot":"U","mo":1567348.0},{"cn":"","ui":"","t":862.0,"r":861.0,"q":3.31,"p":6600.0,"mot":"L","mo":861.0}]},{"d":"18.12.2015","r":1343048.0,"q":62.88,"p":64.35,"s":[{"ui":"3092016","t":1638461.0,"r":1342178.0,"q":62.92,"p":60.15,"mot":"U","mo":1342178.0},{"cn":"","ui":"","t":871.0,"r":870.0,"q":3.32,"p":6540.0,"mot":"L","mo":870.0}]},{"d":"19.12.2015","r":1119887.0,"q":62.91,"p":65.24,"s":[{"ui":"3092016","t":1413291.0,"r":1119008.0,"q":62.96,"p":60.15,"mot":"U","mo":1119008.0},{"cn":"","ui":"","t":880.0,"r":879.0,"q":3.33,"p":6540.0,"mot":"L","mo":879.0}]},{"d":"20.12.2015","r":896726.0,"q":62.94,"p":66.57,"s":[{"ui":"3092016","t":1190121.0,"r":895838.0,"q":63.0,"p":60.15,"mot":"U","mo":895838.0},{"cn":"","ui":"","t":889.0,"r":888.0,"q":3.34,"p":6540.0,"mot":"L","mo":888.0}]},{"d":"21.12.2015","r":673565.0,"q":62.96,"p":68.78,"s":[{"ui":"3092016","t":966951.0,"r":672668.0,"q":63.04,"p":60.15,"mot":"U","mo":672668.0},{"cn":"","ui":"","t":898.0,"r":897.0,"q":3.35,"p":6540.0,"mot":"L","mo":897.0}]},{"d":"22.12.2015","r":449206.0,"q":62.98,"p":73.22,"s":[{"ui":"3092016","t":743182.0,"r":448300.0,"q":63.1,"p":60.15,"mot":"U","mo":448300.0},{"cn":"","ui":"","t":907.0,"r":906.0,"q":3.36,"p":6540.0,"mot":"L","mo":906.0}]},{"d":"23.12.2015","r":225446.0,"q":62.95,"p":86.45,"s":[{"ui":"3092016","t":519413.0,"r":224531.0,"q":63.19,"p":60.15,"mot":"U","mo":224531.0},{"cn":"","ui":"","t":916.0,"r":915.0,"q":3.37,"p":6540.0,"mot":"L","mo":915.0}]},{"d":"24.12.2015","r":57056.0,"q":62.36,"p":165.09,"s":[{"ui":"3092016","t":323329.0,"r":56132.0,"q":63.33,"p":60.15,"mot":"U","mo":56132.0},{"cn":"","ui":"","t":925.0,"r":924.0,"q":3.38,"p":6540.0,"mot":"L","mo":924.0}]},{"d":"25.12.2015","r":933.0,"q":3.38,"p":6540.0,"s":[{"ui":"3245440","t":934.0,"r":933.0,"q":3.38,"p":6540.0,"mot":"U","mo":933.0},{"cn":"","ui":"","t":0.0,"r":0.0,"q":0.0,"p":0.0,"mot":"L","mo":0.0}]},{"d":"26.12.2015","r":942.0,"q":3.39,"p":6540.0,"s":[{"ui":"3245440","t":943.0,"r":942.0,"q":3.39,"p":6540.0,"mot":"U","mo":942.0},{"cn":"","ui":"","t":0.0,"r":0.0,"q":0.0,"p":0.0,"mot":"L","mo":0.0}]},{"d":"28.12.2015","r":960.0,"q":3.41,"p":6540.0,"s":[{"ui":"3245440","t":961.0,"r":960.0,"q":3.41,"p":6540.0,"mot":"U","mo":960.0},{"cn":"","ui":"","t":0.0,"r":0.0,"q":0.0,"p":0.0,"mot":"L","mo":0.0}]},{"d":"29.12.2015","r":969.0,"q":3.42,"p":6540.0,"s":[{"ui":"3245440","t":970.0,"r":969.0,"q":3.42,"p":6540.0,"mot":"U","mo":969.0},{"cn":"","ui":"","t":0.0,"r":0.0,"q":0.0,"p":0.0,"mot":"L","mo":0.0}]},{"d":"30.12.2015","r":978.0,"q":3.43,"p":6540.0,"s":[{"ui":"3245440","t":979.0,"r":978.0,"q":3.43,"p":6540.0,"mot":"U","mo":978.0},{"cn":"","ui":"","t":0.0,"r":0.0,"q":0.0,"p":0.0,"mot":"L","mo":0.0}]},{"d":"31.12.2015","r":987.0,"q":3.44,"p":6480.0,"s":[{"ui":"3245440","t":988.0,"r":987.0,"q":3.44,"p":6480.0,"mot":"U","mo":987.0},{"cn":"","ui":"","t":0.0,"r":0.0,"q":0.0,"p":0.0,"mot":"L","mo":0.0}]},{"d":"02.01.2016","r":996.0,"q":3.45,"p":6480.0,"s":[{"ui":"3245440","t":997.0,"r":996.0,"q":3.45,"p":6480.0,"mot":"U","mo":996.0},{"cn":"","ui":"","t":0.0,"r":0.0,"q":0.0,"p":0.0,"mot":"L","mo":0.0}]},{"d":"03.01.2016","r":1005.0,"q":3.46,"p":6480.0,"s":[{"ui":"3245440","t":1006.0,"r":1005.0,"q":3.46,"p":6480.0,"mot":"U","mo":1005.0},{"cn":"","ui":"","t":0.0,"r":0.0,"q":0.0,"p":0.0,"mot":"L","mo":0.0}]},{"d":"04.01.2016","r":1014.0,"q":3.47,"p":6480.0,"s":[{"ui":"3245440","t":1015.0,"r":1014.0,"q":3.47,"p":6480.0,"mot":"U","mo":1014.0},{"cn":"","ui":"","t":0.0,"r":0.0,"q":0.0,"p":0.0,"mot":"L","mo":0.0}]},{"d":"05.01.2016","r":1023.0,"q":3.48,"p":6480.0,"s":[{"ui":"3245440","t":1024.0,"r":1023.0,"q":3.48,"p":6480.0,"mot":"U","mo":1023.0},{"cn":"","ui":"","t":0.0,"r":0.0,"q":0.0,"p":0.0,"mot":"L","mo":0.0}]},{"d":"12.01.2016","r":1086.0,"q":3.55,"p":6480.0,"s":[{"ui":"3245440","t":1087.0,"r":1086.0,"q":3.55,"p":6480.0,"mot":"U","mo":1086.0},{"cn":"","ui":"","t":0.0,"r":0.0,"q":0.0,"p":0.0,"mot":"L","mo":0.0}]},{"d":"13.01.2016","r":4145.0,"q":47.58,"p":1770.71,"s":[{"ui":"3245440","t":1096.0,"r":1095.0,"q":3.56,"p":6480.0,"mot":"U","mo":1095.0},{"ui":"3345402","t":3050.0,"r":3050.0,"q":63.39,"p":80.0,"mot":"U","mo":3050.0},{"cn":"","ui":"","t":0.0,"r":0.0,"q":0.0,"p":0.0,"mot":"L","mo":0.0}]},{"d":"14.01.2016","r":1104.0,"q":3.57,"p":6480.0,"s":[{"ui":"3245440","t":1105.0,"r":1104.0,"q":3.57,"p":6480.0,"mot":"U","mo":1104.0},{"cn":"","ui":"","t":0.0,"r":0.0,"q":0.0,"p":0.0,"mot":"L","mo":0.0}]},{"d":"15.01.2016","r":1113.0,"q":3.58,"p":6420.0,"s":[{"ui":"3245440","t":1114.0,"r":1113.0,"q":3.58,"p":6420.0,"mot":"U","mo":1113.0},{"cn":"","ui":"","t":0.0,"r":0.0,"q":0.0,"p":0.0,"mot":"L","mo":0.0}]},{"d":"16.01.2016","r":1122.0,"q":3.59,"p":6420.0,"s":[{"ui":"3245440","t":1123.0,"r":1122.0,"q":3.59,"p":6420.0,"mot":"U","mo":1122.0},{"cn":"","ui":"","t":0.0,"r":0.0,"q":0.0,"p":0.0,"mot":"L","mo":0.0}]},{"d":"20.01.2016","r":1158.0,"q":3.63,"p":6420.0,"s":[{"ui":"3245440","t":1159.0,"r":1158.0,"q":3.63,"p":6420.0,"mot":"U","mo":1158.0},{"cn":"","ui":"","t":0.0,"r":0.0,"q":0.0,"p":0.0,"mot":"L","mo":0.0}]},{"d":"22.01.2016","r":1176.0,"q":3.65,"p":6420.0,"s":[{"ui":"3245440","t":1177.0,"r":1176.0,"q":3.65,"p":6420.0,"mot":"U","mo":1176.0},{"cn":"","ui":"","t":0.0,"r":0.0,"q":0.0,"p":0.0,"mot":"L","mo":0.0}]},{"d":"23.01.2016","r":1185.0,"q":3.66,"p":6420.0,"s":[{"ui":"3245440","t":1186.0,"r":1185.0,"q":3.66,"p":6420.0,"mot":"U","mo":1185.0},{"cn":"","ui":"","t":0.0,"r":0.0,"q":0.0,"p":0.0,"mot":"L","mo":0.0}]},{"d":"24.01.2016","r":1194.0,"q":3.66,"p":6420.0,"s":[{"ui":"3245440","t":1195.0,"r":1194.0,"q":3.66,"p":6420.0,"mot":"U","mo":1194.0},{"cn":"","ui":"","t":0.0,"r":0.0,"q":0.0,"p":0.0,"mot":"L","mo":0.0}]},{"d":"25.01.2016","r":1203.0,"q":3.67,"p":6420.0,"s":[{"ui":"3245440","t":1204.0,"r":1203.0,"q":3.67,"p":6420.0,"mot":"U","mo":1203.0},{"cn":"","ui":"","t":0.0,"r":0.0,"q":0.0,"p":0.0,"mot":"L","mo":0.0}]},{"d":"26.01.2016","r":1212.0,"q":3.68,"p":6420.0,"s":[{"ui":"3245440","t":1213.0,"r":1212.0,"q":3.68,"p":6420.0,"mot":"U","mo":1212.0},{"cn":"","ui":"","t":0.0,"r":0.0,"q":0.0,"p":0.0,"mot":"L","mo":0.0}]},{"d":"27.01.2016","r":1221.0,"q":3.69,"p":6420.0,"s":[{"ui":"3245440","t":1222.0,"r":1221.0,"q":3.69,"p":6420.0,"mot":"U","mo":1221.0},{"cn":"","ui":"","t":0.0,"r":0.0,"q":0.0,"p":0.0,"mot":"L","mo":0.0}]},{"d":"28.01.2016","r":1230.0,"q":3.7,"p":6420.0,"s":[{"ui":"3245440","t":1231.0,"r":1230.0,"q":3.7,"p":6420.0,"mot":"U","mo":1230.0},{"cn":"","ui":"","t":0.0,"r":0.0,"q":0.0,"p":0.0,"mot":"L","mo":0.0}]},{"d":"29.01.2016","r":1239.0,"q":3.71,"p":6420.0,"s":[{"ui":"3245440","t":1240.0,"r":1239.0,"q":3.71,"p":6420.0,"mot":"U","mo":1239.0},{"cn":"","ui":"","t":0.0,"r":0.0,"q":0.0,"p":0.0,"mot":"L","mo":0.0}]},{"d":"30.01.2016","r":1248.0,"q":3.72,"p":6360.0,"s":[{"ui":"3245440","t":1249.0,"r":1248.0,"q":3.72,"p":6360.0,"mot":"U","mo":1248.0},{"cn":"","ui":"","t":0.0,"r":0.0,"q":0.0,"p":0.0,"mot":"L","mo":0.0}]},{"d":"31.01.2016","r":1257.0,"q":3.73,"p":6360.0,"s":[{"ui":"3245440","t":1258.0,"r":1257.0,"q":3.73,"p":6360.0,"mot":"U","mo":1257.0},{"cn":"","ui":"","t":0.0,"r":0.0,"q":0.0,"p":0.0,"mot":"L","mo":0.0}]},{"d":"01.02.2016","r":1266.0,"q":3.74,"p":6360.0,"s":[{"ui":"3245440","t":1267.0,"r":1266.0,"q":3.74,"p":6360.0,"mot":"U","mo":1266.0},{"cn":"","ui":"","t":0.0,"r":0.0,"q":0.0,"p":0.0,"mot":"L","mo":0.0}]},{"d":"02.02.2016","r":1275.0,"q":3.75,"p":6360.0,"s":[{"ui":"3245440","t":1276.0,"r":1275.0,"q":3.75,"p":6360.0,"mot":"U","mo":1275.0},{"cn":"","ui":"","t":0.0,"r":0.0,"q":0.0,"p":0.0,"mot":"L","mo":0.0}]},{"d":"03.02.2016","r":1284.0,"q":3.76,"p":6360.0,"s":[{"ui":"3245440","t":1285.0,"r":1284.0,"q":3.76,"p":6360.0,"mot":"U","mo":1284.0},{"cn":"","ui":"","t":0.0,"r":0.0,"q":0.0,"p":0.0,"mot":"L","mo":0.0}]},{"d":"04.02.2016","r":1293.0,"q":3.77,"p":6360.0,"s":[{"ui":"3245440","t":1294.0,"r":1293.0,"q":3.77,"p":6360.0,"mot":"U","mo":1293.0},{"cn":"","ui":"","t":0.0,"r":0.0,"q":0.0,"p":0.0,"mot":"L","mo":0.0}]},{"d":"05.02.2016","r":1302.0,"q":3.78,"p":6360.0,"s":[{"ui":"3245440","t":1303.0,"r":1302.0,"q":3.78,"p":6360.0,"mot":"U","mo":1302.0},{"cn":"","ui":"","t":0.0,"r":0.0,"q":0.0,"p":0.0,"mot":"L","mo":0.0}]},{"d":"06.02.2016","r":1311.0,"q":3.8,"p":6360.0,"s":[{"ui":"3245440","t":1312.0,"r":1311.0,"q":3.8,"p":6360.0,"mot":"U","mo":1311.0},{"cn":"","ui":"","t":0.0,"r":0.0,"q":0.0,"p":0.0,"mot":"L","mo":0.0}]},{"d":"07.02.2016","r":1320.0,"q":3.81,"p":6360.0,"s":[{"ui":"3245440","t":1321.0,"r":1320.0,"q":3.81,"p":6360.0,"mot":"U","mo":1320.0},{"cn":"","ui":"","t":0.0,"r":0.0,"q":0.0,"p":0.0,"mot":"L","mo":0.0}]},{"d":"08.02.2016","r":1329.0,"q":3.82,"p":6360.0,"s":[{"ui":"3245440","t":1330.0,"r":1329.0,"q":3.82,"p":6360.0,"mot":"U","mo":1329.0},{"cn":"","ui":"","t":0.0,"r":0.0,"q":0.0,"p":0.0,"mot":"L","mo":0.0}]},{"d":"09.02.2016","r":20648.0,"q":60.03,"p":486.95,"s":[{"ui":"3245440","t":1339.0,"r":1338.0,"q":3.83,"p":6360.0,"mot":"U","mo":1338.0},{"ui":"3345402","t":20310.0,"r":19310.0,"q":63.92,"p":80.0,"mot":"U","mo":19310.0},{"cn":"","ui":"","t":0.0,"r":0.0,"q":0.0,"p":0.0,"mot":"L","mo":0.0}]},{"d":"10.02.2016","r":19657.0,"q":59.8,"p":510.34,"s":[{"ui":"3245440","t":1348.0,"r":1347.0,"q":3.84,"p":6360.0,"mot":"U","mo":1347.0},{"ui":"3345402","t":19310.0,"r":18310.0,"q":63.92,"p":80.0,"mot":"U","mo":18310.0},{"cn":"","ui":"","t":0.0,"r":0.0,"q":0.0,"p":0.0,"mot":"L","mo":0.0}]},{"d":"11.02.2016","r":18666.0,"q":59.56,"p":536.21,"s":[{"ui":"3245440","t":1357.0,"r":1356.0,"q":3.85,"p":6360.0,"mot":"U","mo":1356.0},{"ui":"3345402","t":18310.0,"r":17310.0,"q":63.92,"p":80.0,"mot":"U","mo":17310.0},{"cn":"","ui":"","t":0.0,"r":0.0,"q":0.0,"p":0.0,"mot":"L","mo":0.0}]},{"d":"12.02.2016","r":17675.0,"q":59.28,"p":564.99,"s":[{"ui":"3245440","t":1366.0,"r":1365.0,"q":3.86,"p":6360.0,"mot":"U","mo":1365.0},{"ui":"3345402","t":17310.0,"r":16310.0,"q":63.92,"p":80.0,"mot":"U","mo":16310.0},{"cn":"","ui":"","t":0.0,"r":0.0,"q":0.0,"p":0.0,"mot":"L","mo":0.0}]},{"d":"13.02.2016","r":16684.0,"q":58.97,"p":597.19,"s":[{"ui":"3245440","t":1375.0,"r":1374.0,"q":3.87,"p":6360.0,"mot":"U","mo":1374.0},{"ui":"3345402","t":16310.0,"r":15310.0,"q":63.92,"p":80.0,"mot":"U","mo":15310.0},{"cn":"","ui":"","t":0.0,"r":0.0,"q":0.0,"p":0.0,"mot":"L","mo":0.0}]},{"d":"14.02.2016","r":15693.0,"q":58.63,"p":628.16,"s":[{"ui":"3245440","t":1384.0,"r":1383.0,"q":3.88,"p":6300.0,"mot":"U","mo":1383.0},{"ui":"3345402","t":15310.0,"r":14310.0,"q":63.92,"p":80.0,"mot":"U","mo":14310.0},{"cn":"","ui":"","t":0.0,"r":0.0,"q":0.0,"p":0.0,"mot":"L","mo":0.0}]},{"d":"15.02.2016","r":13102.0,"q":57.54,"p":740.83,"s":[{"ui":"3245440","t":1393.0,"r":1392.0,"q":3.89,"p":6300.0,"mot":"U","mo":1392.0},{"ui":"3345402","t":13510.0,"r":11710.0,"q":63.92,"p":80.0,"mot":"U","mo":11710.0},{"cn":"","ui":"","t":0.0,"r":0.0,"q":0.0,"p":0.0,"mot":"L","mo":0.0}]},{"d":"16.02.2016","r":10511.0,"q":55.92,"p":909.06,"s":[{"ui":"3245440","t":1402.0,"r":1401.0,"q":3.9,"p":6300.0,"mot":"U","mo":1401.0},{"ui":"3345402","t":11310.0,"r":9110.0,"q":63.92,"p":80.0,"mot":"U","mo":9110.0},{"cn":"","ui":"","t":0.0,"r":0.0,"q":0.0,"p":0.0,"mot":"L","mo":0.0}]},{"d":"17.02.2016","r":1410.0,"q":3.91,"p":6300.0,"s":[{"ui":"3245440","t":1411.0,"r":1410.0,"q":3.91,"p":6300.0,"mot":"U","mo":1410.0},{"cn":"","ui":"","t":0.0,"r":0.0,"q":0.0,"p":0.0,"mot":"L","mo":0.0}]},{"d":"18.02.2016","r":1419.0,"q":3.93,"p":6300.0,"s":[{"ui":"3245440","t":1420.0,"r":1419.0,"q":3.93,"p":6300.0,"mot":"U","mo":1419.0},{"cn":"","ui":"","t":0.0,"r":0.0,"q":0.0,"p":0.0,"mot":"L","mo":0.0}]},{"d":"19.02.2016","r":1428.0,"q":3.94,"p":6300.0,"s":[{"ui":"3245440","t":1429.0,"r":1428.0,"q":3.94,"p":6300.0,"mot":"U","mo":1428.0},{"cn":"","ui":"","t":0.0,"r":0.0,"q":0.0,"p":0.0,"mot":"L","mo":0.0}]},{"d":"20.02.2016","r":1437.0,"q":3.95,"p":6300.0,"s":[{"ui":"3245440","t":1438.0,"r":1437.0,"q":3.95,"p":6300.0,"mot":"U","mo":1437.0},{"cn":"","ui":"","t":0.0,"r":0.0,"q":0.0,"p":0.0,"mot":"L","mo":0.0}]},{"d":"21.02.2016","r":1446.0,"q":3.96,"p":6300.0,"s":[{"ui":"3245440","t":1447.0,"r":1446.0,"q":3.96,"p":6300.0,"mot":"U","mo":1446.0},{"cn":"","ui":"","t":0.0,"r":0.0,"q":0.0,"p":0.0,"mot":"L","mo":0.0}]},{"d":"22.02.2016","r":1455.0,"q":3.97,"p":6300.0,"s":[{"ui":"3245440","t":1456.0,"r":1455.0,"q":3.97,"p":6300.0,"mot":"U","mo":1455.0},{"cn":"","ui":"","t":0.0,"r":0.0,"q":0.0,"p":0.0,"mot":"L","mo":0.0}]},{"d":"23.02.2016","r":1464.0,"q":3.98,"p":6300.0,"s":[{"ui":"3245440","t":1465.0,"r":1464.0,"q":3.98,"p":6300.0,"mot":"U","mo":1464.0},{"cn":"","ui":"","t":0.0,"r":0.0,"q":0.0,"p":0.0,"mot":"L","mo":0.0}]},{"d":"24.02.2016","r":1473.0,"q":3.99,"p":6300.0,"s":[{"ui":"3245440","t":1474.0,"r":1473.0,"q":3.99,"p":6300.0,"mot":"U","mo":1473.0},{"cn":"","ui":"","t":0.0,"r":0.0,"q":0.0,"p":0.0,"mot":"L","mo":0.0}]},{"d":"25.02.2016","r":1482.0,"q":4.0,"p":6300.0,"s":[{"ui":"3245440","t":1483.0,"r":1482.0,"q":4.0,"p":6300.0,"mot":"U","mo":1482.0},{"cn":"","ui":"","t":0.0,"r":0.0,"q":0.0,"p":0.0,"mot":"L","mo":0.0}]},{"d":"26.02.2016","r":1491.0,"q":4.01,"p":6300.0,"s":[{"ui":"3245440","t":1492.0,"r":1491.0,"q":4.01,"p":6300.0,"mot":"U","mo":1491.0},{"cn":"","ui":"","t":0.0,"r":0.0,"q":0.0,"p":0.0,"mot":"L","mo":0.0}]},{"d":"27.02.2016","r":1500.0,"q":4.02,"p":6300.0,"s":[{"ui":"3245440","t":1501.0,"r":1500.0,"q":4.02,"p":6300.0,"mot":"U","mo":1500.0},{"cn":"","ui":"","t":0.0,"r":0.0,"q":0.0,"p":0.0,"mot":"L","mo":0.0}]},{"d":"28.02.2016","r":1509.0,"q":4.03,"p":6300.0,"s":[{"ui":"3245440","t":1510.0,"r":1509.0,"q":4.03,"p":6300.0,"mot":"U","mo":1509.0},{"cn":"","ui":"","t":0.0,"r":0.0,"q":0.0,"p":0.0,"mot":"L","mo":0.0}]},{"d":"29.02.2016","r":1518.0,"q":4.04,"p":6240.0,"s":[{"ui":"3245440","t":1519.0,"r":1518.0,"q":4.04,"p":6240.0,"mot":"U","mo":1518.0},{"cn":"","ui":"","t":0.0,"r":0.0,"q":0.0,"p":0.0,"mot":"L","mo":0.0}]},{"d":"01.03.2016","r":1527.0,"q":4.05,"p":6240.0,"s":[{"ui":"3245440","t":1528.0,"r":1527.0,"q":4.05,"p":6240.0,"mot":"U","mo":1527.0},{"cn":"","ui":"","t":0.0,"r":0.0,"q":0.0,"p":0.0,"mot":"L","mo":0.0}]},{"d":"02.03.2016","r":1536.0,"q":4.06,"p":6240.0,"s":[{"ui":"3245440","t":1537.0,"r":1536.0,"q":4.06,"p":6240.0,"mot":"U","mo":1536.0},{"cn":"","ui":"","t":0.0,"r":0.0,"q":0.0,"p":0.0,"mot":"L","mo":0.0}]},{"d":"03.03.2016","r":1545.0,"q":4.07,"p":6240.0,"s":[{"ui":"3245440","t":1546.0,"r":1545.0,"q":4.07,"p":6240.0,"mot":"U","mo":1545.0},{"cn":"","ui":"","t":0.0,"r":0.0,"q":0.0,"p":0.0,"mot":"L","mo":0.0}]},{"d":"04.03.2016","r":1554.0,"q":4.07,"p":6240.0,"s":[{"ui":"3245440","t":1555.0,"r":1554.0,"q":4.07,"p":6240.0,"mot":"U","mo":1554.0},{"cn":"","ui":"","t":0.0,"r":0.0,"q":0.0,"p":0.0,"mot":"L","mo":0.0}]},{"d":"05.03.2016","r":1563.0,"q":4.08,"p":6240.0,"s":[{"ui":"3245440","t":1564.0,"r":1563.0,"q":4.08,"p":6240.0,"mot":"U","mo":1563.0},{"cn":"","ui":"","t":0.0,"r":0.0,"q":0.0,"p":0.0,"mot":"L","mo":0.0}]},{"d":"06.03.2016","r":1572.0,"q":4.09,"p":6240.0,"s":[{"ui":"3245440","t":1573.0,"r":1572.0,"q":4.09,"p":6240.0,"mot":"U","mo":1572.0},{"cn":"","ui":"","t":0.0,"r":0.0,"q":0.0,"p":0.0,"mot":"L","mo":0.0}]},{"d":"07.03.2016","r":1581.0,"q":4.1,"p":6240.0,"s":[{"ui":"3245440","t":1582.0,"r":1581.0,"q":4.1,"p":6240.0,"mot":"U","mo":1581.0},{"cn":"","ui":"","t":0.0,"r":0.0,"q":0.0,"p":0.0,"mot":"L","mo":0.0}]},{"d":"08.03.2016","r":1590.0,"q":4.12,"p":6240.0,"s":[{"ui":"3245440","t":1591.0,"r":1590.0,"q":4.12,"p":6240.0,"mot":"U","mo":1590.0},{"cn":"","ui":"","t":0.0,"r":0.0,"q":0.0,"p":0.0,"mot":"L","mo":0.0}]},{"d":"09.03.2016","r":1599.0,"q":4.13,"p":6240.0,"s":[{"ui":"3245440","t":1600.0,"r":1599.0,"q":4.13,"p":6240.0,"mot":"U","mo":1599.0},{"cn":"","ui":"","t":0.0,"r":0.0,"q":0.0,"p":0.0,"mot":"L","mo":0.0}]},{"d":"10.03.2016","r":1608.0,"q":4.14,"p":6240.0,"s":[{"ui":"3245440","t":1609.0,"r":1608.0,"q":4.14,"p":6240.0,"mot":"U","mo":1608.0},{"cn":"","ui":"","t":0.0,"r":0.0,"q":0.0,"p":0.0,"mot":"L","mo":0.0}]},{"d":"11.03.2016","r":1617.0,"q":4.15,"p":6240.0,"s":[{"ui":"3245440","t":1618.0,"r":1617.0,"q":4.15,"p":6240.0,"mot":"U","mo":1617.0},{"cn":"","ui":"","t":0.0,"r":0.0,"q":0.0,"p":0.0,"mot":"L","mo":0.0}]},{"d":"12.03.2016","r":1626.0,"q":4.16,"p":6240.0,"s":[{"ui":"3245440","t":1627.0,"r":1626.0,"q":4.16,"p":6240.0,"mot":"U","mo":1626.0},{"cn":"","ui":"","t":0.0,"r":0.0,"q":0.0,"p":0.0,"mot":"L","mo":0.0}]},{"d":"13.03.2016","r":1635.0,"q":4.17,"p":6240.0,"s":[{"ui":"3245440","t":1636.0,"r":1635.0,"q":4.17,"p":6240.0,"mot":"U","mo":1635.0},{"cn":"","ui":"","t":0.0,"r":0.0,"q":0.0,"p":0.0,"mot":"L","mo":0.0}]},{"d":"14.03.2016","r":1644.0,"q":4.18,"p":6240.0,"s":[{"ui":"3245440","t":1645.0,"r":1644.0,"q":4.18,"p":6240.0,"mot":"U","mo":1644.0},{"cn":"","ui":"","t":0.0,"r":0.0,"q":0.0,"p":0.0,"mot":"L","mo":0.0}]},{"d":"15.03.2016","r":653.0,"q":4.19,"p":6240.0,"s":[{"ui":"3245440","t":1154.0,"r":653.0,"q":4.19,"p":6240.0,"mot":"U","mo":653.0},{"cn":"","ui":"","t":0.0,"r":0.0,"q":0.0,"p":0.0,"mot":"L","mo":0.0}]},{"d":"16.03.2016","r":162.0,"q":4.22,"p":6240.0,"s":[{"ui":"3245440","t":663.0,"r":162.0,"q":4.22,"p":6240.0,"mot":"U","mo":162.0},{"cn":"","ui":"","t":0.0,"r":0.0,"q":0.0,"p":0.0,"mot":"L","mo":0.0}]},{"d":"07.04.2016","r":7218.0,"q":1.17,"p":2555.0,"s":[{"ui":"3439106","t":7218.0,"r":7218.0,"q":1.17,"p":2555.0,"mot":"U","mo":7218.0},{"cn":"","ui":"","t":0.0,"r":0.0,"q":0.0,"p":0.0,"mot":"L","mo":0.0}]},{"d":"08.04.2016","r":7738.0,"q":1.17,"p":2555.0,"s":[{"ui":"3439106","t":7738.0,"r":7738.0,"q":1.17,"p":2555.0,"mot":"U","mo":7738.0},{"cn":"","ui":"","t":0.0,"r":0.0,"q":0.0,"p":0.0,"mot":"L","mo":0.0}]},{"d":"11.04.2016","r":9297.0,"q":1.17,"p":2555.0,"s":[{"ui":"3439106","t":9297.0,"r":9297.0,"q":1.17,"p":2555.0,"mot":"U","mo":9297.0},{"cn":"","ui":"","t":0.0,"r":0.0,"q":0.0,"p":0.0,"mot":"L","mo":0.0}]},{"d":"12.04.2016","r":9800.0,"q":1.17,"p":2555.0,"s":[{"ui":"3439106","t":9800.0,"r":9800.0,"q":1.17,"p":2555.0,"mot":"U","mo":9800.0},{"cn":"","ui":"","t":0.0,"r":0.0,"q":0.0,"p":0.0,"mot":"L","mo":0.0}]},{"d":"13.04.2016","r":10303.0,"q":1.17,"p":2555.0,"s":[{"ui":"3439106","t":10303.0,"r":10303.0,"q":1.17,"p":2555.0,"mot":"U","mo":10303.0},{"cn":"","ui":"","t":0.0,"r":0.0,"q":0.0,"p":0.0,"mot":"L","mo":0.0}]},{"d":"14.04.2016","r":10806.0,"q":1.17,"p":2555.0,"s":[{"ui":"3439106","t":10806.0,"r":10806.0,"q":1.17,"p":2555.0,"mot":"U","mo":10806.0},{"cn":"","ui":"","t":0.0,"r":0.0,"q":0.0,"p":0.0,"mot":"L","mo":0.0}]},{"d":"15.04.2016","r":11309.0,"q":1.17,"p":2555.0,"s":[{"ui":"3439106","t":11309.0,"r":11309.0,"q":1.17,"p":2555.0,"mot":"U","mo":11309.0},{"cn":"","ui":"","t":0.0,"r":0.0,"q":0.0,"p":0.0,"mot":"L","mo":0.0}]},{"d":"16.04.2016","r":11808.0,"q":1.17,"p":2555.0,"s":[{"ui":"3439106","t":11808.0,"r":11808.0,"q":1.17,"p":2555.0,"mot":"U","mo":11808.0},{"cn":"","ui":"","t":0.0,"r":0.0,"q":0.0,"p":0.0,"mot":"L","mo":0.0}]},{"d":"17.04.2016","r":12307.0,"q":1.17,"p":2555.0,"s":[{"ui":"3439106","t":12307.0,"r":12307.0,"q":1.17,"p":2555.0,"mot":"U","mo":12307.0},{"cn":"","ui":"","t":0.0,"r":0.0,"q":0.0,"p":0.0,"mot":"L","mo":0.0}]},{"d":"18.04.2016","r":12806.0,"q":1.17,"p":2555.0,"s":[{"ui":"3439106","t":12806.0,"r":12806.0,"q":1.17,"p":2555.0,"mot":"U","mo":12806.0},{"cn":"","ui":"","t":0.0,"r":0.0,"q":0.0,"p":0.0,"mot":"L","mo":0.0}]},{"d":"19.04.2016","r":13279.0,"q":1.17,"p":2555.0,"s":[{"ui":"3439106","t":13279.0,"r":13279.0,"q":1.17,"p":2555.0,"mot":"U","mo":13279.0},{"cn":"","ui":"","t":0.0,"r":0.0,"q":0.0,"p":0.0,"mot":"L","mo":0.0}]},{"d":"20.04.2016","r":13777.0,"q":1.17,"p":2555.0,"s":[{"ui":"3439106","t":13777.0,"r":13777.0,"q":1.17,"p":2555.0,"mot":"U","mo":13777.0},{"cn":"","ui":"","t":0.0,"r":0.0,"q":0.0,"p":0.0,"mot":"L","mo":0.0}]},{"d":"21.04.2016","r":14195.0,"q":1.17,"p":2555.0,"s":[{"ui":"3439106","t":14195.0,"r":14195.0,"q":1.17,"p":2555.0,"mot":"U","mo":14195.0},{"cn":"","ui":"","t":0.0,"r":0.0,"q":0.0,"p":0.0,"mot":"L","mo":0.0}]},{"d":"22.04.2016","r":14643.0,"q":1.17,"p":2555.0,"s":[{"ui":"3439106","t":14643.0,"r":14643.0,"q":1.17,"p":2555.0,"mot":"U","mo":14643.0},{"cn":"","ui":"","t":0.0,"r":0.0,"q":0.0,"p":0.0,"mot":"L","mo":0.0}]},{"d":"23.04.2016","r":15091.0,"q":1.17,"p":2555.0,"s":[{"ui":"3439106","t":15116.0,"r":15091.0,"q":1.17,"p":2555.0,"mot":"U","mo":15091.0},{"cn":"","ui":"","t":0.0,"r":0.0,"q":0.0,"p":0.0,"mot":"L","mo":0.0}]},{"d":"24.04.2016","r":15460.0,"q":1.16,"p":2555.0,"s":[{"ui":"3439106","t":15535.0,"r":15460.0,"q":1.16,"p":2555.0,"mot":"U","mo":15460.0},{"cn":"","ui":"","t":0.0,"r":0.0,"q":0.0,"p":0.0,"mot":"L","mo":0.0}]},{"d":"25.04.2016","r":15879.0,"q":1.16,"p":2555.0,"s":[{"ui":"3439106","t":15954.0,"r":15879.0,"q":1.16,"p":2555.0,"mot":"U","mo":15879.0},{"cn":"","ui":"","t":0.0,"r":0.0,"q":0.0,"p":0.0,"mot":"L","mo":0.0}]},{"d":"26.04.2016","r":16298.0,"q":1.16,"p":2555.0,"s":[{"ui":"3439106","t":16373.0,"r":16298.0,"q":1.16,"p":2555.0,"mot":"U","mo":16298.0},{"cn":"","ui":"","t":0.0,"r":0.0,"q":0.0,"p":0.0,"mot":"L","mo":0.0}]},{"d":"27.04.2016","r":16617.0,"q":1.16,"p":2555.0,"s":[{"ui":"3439106","t":16792.0,"r":16617.0,"q":1.16,"p":2555.0,"mot":"U","mo":16617.0},{"cn":"","ui":"","t":0.0,"r":0.0,"q":0.0,"p":0.0,"mot":"L","mo":0.0}]},{"d":"28.04.2016","r":16436.0,"q":1.16,"p":2555.0,"s":[{"ui":"3439106","t":16811.0,"r":16436.0,"q":1.16,"p":2555.0,"mot":"U","mo":16436.0},{"cn":"","ui":"","t":0.0,"r":0.0,"q":0.0,"p":0.0,"mot":"L","mo":0.0}]},{"d":"29.04.2016","r":16555.0,"q":1.16,"p":2555.0,"s":[{"ui":"3439106","t":16930.0,"r":16555.0,"q":1.16,"p":2555.0,"mot":"U","mo":16555.0},{"cn":"","ui":"","t":0.0,"r":0.0,"q":0.0,"p":0.0,"mot":"L","mo":0.0}]},{"d":"30.04.2016","r":16706.0,"q":1.17,"p":2555.0,"s":[{"ui":"3439106","t":17081.0,"r":16706.0,"q":1.17,"p":2555.0,"mot":"U","mo":16706.0},{"cn":"","ui":"","t":0.0,"r":0.0,"q":0.0,"p":0.0,"mot":"L","mo":0.0}]},{"d":"01.05.2016","r":16857.0,"q":1.17,"p":2555.0,"s":[{"ui":"3439106","t":17232.0,"r":16857.0,"q":1.17,"p":2555.0,"mot":"U","mo":16857.0},{"cn":"","ui":"","t":0.0,"r":0.0,"q":0.0,"p":0.0,"mot":"L","mo":0.0}]},{"d":"03.05.2016","r":17159.0,"q":1.17,"p":2555.0,"s":[{"ui":"3439106","t":17534.0,"r":17159.0,"q":1.17,"p":2555.0,"mot":"U","mo":17159.0},{"cn":"","ui":"","t":0.0,"r":0.0,"q":0.0,"p":0.0,"mot":"L","mo":0.0}]},{"d":"04.05.2016","r":10909.0,"q":1.18,"p":2555.0,"s":[{"ui":"3439106","t":14484.0,"r":10909.0,"q":1.18,"p":2555.0,"mot":"U","mo":10909.0},{"cn":"","ui":"","t":0.0,"r":0.0,"q":0.0,"p":0.0,"mot":"L","mo":0.0}]},{"d":"05.05.2016","r":7459.0,"q":1.18,"p":2555.0,"s":[{"ui":"3439106","t":11234.0,"r":7459.0,"q":1.18,"p":2555.0,"mot":"U","mo":7459.0},{"cn":"","ui":"","t":0.0,"r":0.0,"q":0.0,"p":0.0,"mot":"L","mo":0.0}]},{"d":"06.05.2016","r":1209.0,"q":1.18,"p":2555.0,"s":[{"ui":"3439106","t":6484.0,"r":1209.0,"q":1.18,"p":2555.0,"mot":"U","mo":1209.0},{"cn":"","ui":"","t":0.0,"r":0.0,"q":0.0,"p":0.0,"mot":"L","mo":0.0}]},{"d":"09.12.2016","r":3600.0,"q":1.0,"p":10000.0,"s":[{"ui":"3606845","t":3600.0,"r":3600.0,"q":1.0,"p":10000.0,"mot":"U","mo":3600.0},{"cn":"","ui":"","t":0.0,"r":0.0,"q":0.0,"p":0.0,"mot":"L","mo":0.0}]},{"d":"10.12.2016","r":4385.0,"q":1.0,"p":10000.0,"s":[{"ui":"3606845","t":4385.0,"r":4385.0,"q":1.0,"p":10000.0,"mot":"U","mo":4385.0},{"cn":"","ui":"","t":0.0,"r":0.0,"q":0.0,"p":0.0,"mot":"L","mo":0.0}]},{"d":"11.12.2016","r":5169.0,"q":1.0,"p":10000.0,"s":[{"ui":"3606845","t":5169.0,"r":5169.0,"q":1.0,"p":10000.0,"mot":"U","mo":5169.0},{"cn":"","ui":"","t":0.0,"r":0.0,"q":0.0,"p":0.0,"mot":"L","mo":0.0}]},{"d":"12.12.2016","r":5953.0,"q":1.0,"p":10000.0,"s":[{"ui":"3606845","t":5953.0,"r":5953.0,"q":1.0,"p":10000.0,"mot":"U","mo":5953.0},{"cn":"","ui":"","t":0.0,"r":0.0,"q":0.0,"p":0.0,"mot":"L","mo":0.0}]},{"d":"22.01.2017","r":6753.0,"q":1.01,"p":220.0,"s":[{"ui":"3620871","t":6913.0,"r":6753.0,"q":1.01,"p":220.0,"mot":"U","mo":6753.0},{"cn":"","ui":"","t":0.0,"r":0.0,"q":0.0,"p":0.0,"mot":"L","mo":0.0}]},{"d":"23.01.2017","r":7356.0,"q":1.01,"p":220.0,"s":[{"ui":"3620871","t":7516.0,"r":7356.0,"q":1.01,"p":220.0,"mot":"U","mo":7356.0},{"cn":"","ui":"","t":0.0,"r":0.0,"q":0.0,"p":0.0,"mot":"L","mo":0.0}]},{"d":"24.01.2017","r":7196.0,"q":1.01,"p":220.0,"s":[{"ui":"3620871","t":7556.0,"r":7196.0,"q":1.01,"p":220.0,"mot":"U","mo":7196.0},{"cn":"","ui":"","t":0.0,"r":0.0,"q":0.0,"p":0.0,"mot":"L","mo":0.0}]},{"d":"25.01.2017","r":7036.0,"q":1.01,"p":220.0,"s":[{"ui":"3620871","t":7396.0,"r":7036.0,"q":1.01,"p":220.0,"mot":"U","mo":7036.0},{"cn":"","ui":"","t":0.0,"r":0.0,"q":0.0,"p":0.0,"mot":"L","mo":0.0}]},{"d":"26.01.2017","r":6876.0,"q":1.01,"p":220.0,"s":[{"ui":"3620871","t":7236.0,"r":6876.0,"q":1.01,"p":220.0,"mot":"U","mo":6876.0},{"cn":"","ui":"","t":0.0,"r":0.0,"q":0.0,"p":0.0,"mot":"L","mo":0.0}]},{"d":"27.01.2017","r":6476.0,"q":1.01,"p":220.0,"s":[{"ui":"3620871","t":6956.0,"r":6476.0,"q":1.01,"p":220.0,"mot":"U","mo":6476.0},{"cn":"","ui":"","t":0.0,"r":0.0,"q":0.0,"p":0.0,"mot":"L","mo":0.0}]},{"d":"28.01.2017","r":5126.0,"q":1.01,"p":220.0,"s":[{"ui":"3620871","t":6111.0,"r":5126.0,"q":1.01,"p":220.0,"mot":"U","mo":5126.0},{"cn":"","ui":"","t":0.0,"r":0.0,"q":0.0,"p":0.0,"mot":"L","mo":0.0}]},{"d":"29.01.2017","r":2971.0,"q":1.01,"p":220.0,"s":[{"ui":"3620871","t":4536.0,"r":2971.0,"q":1.01,"p":220.0,"mot":"U","mo":2971.0},{"cn":"","ui":"","t":0.0,"r":0.0,"q":0.0,"p":0.0,"mot":"L","mo":0.0}]},{"d":"30.01.2017","r":1906.0,"q":1.01,"p":220.0,"s":[{"ui":"3620871","t":3321.0,"r":1906.0,"q":1.01,"p":220.0,"mot":"U","mo":1906.0},{"cn":"","ui":"","t":0.0,"r":0.0,"q":0.0,"p":0.0,"mot":"L","mo":0.0}]},{"d":"31.01.2017","r":691.0,"q":1.01,"p":220.0,"s":[{"ui":"3620871","t":2106.0,"r":691.0,"q":1.01,"p":220.0,"mot":"U","mo":691.0},{"cn":"","ui":"","t":0.0,"r":0.0,"q":0.0,"p":0.0,"mot":"L","mo":0.0}]},{"d":"01.02.2017","r":606.0,"q":1.01,"p":220.0,"s":[{"ui":"3620871","t":906.0,"r":606.0,"q":1.01,"p":220.0,"mot":"U","mo":606.0},{"cn":"","ui":"","t":0.0,"r":0.0,"q":0.0,"p":0.0,"mot":"L","mo":0.0}]},{"d":"02.02.2017","r":504.0,"q":1.01,"p":220.0,"s":[{"ui":"3620871","t":805.0,"r":504.0,"q":1.01,"p":220.0,"mot":"U","mo":504.0},{"cn":"","ui":"","t":0.0,"r":0.0,"q":0.0,"p":0.0,"mot":"L","mo":0.0}]},{"d":"03.02.2017","r":503.0,"q":1.01,"p":220.0,"s":[{"ui":"3620871","t":704.0,"r":503.0,"q":1.01,"p":220.0,"mot":"U","mo":503.0},{"cn":"","ui":"","t":0.0,"r":0.0,"q":0.0,"p":0.0,"mot":"L","mo":0.0}]},{"d":"04.02.2017","r":502.0,"q":1.01,"p":220.0,"s":[{"ui":"3620871","t":703.0,"r":502.0,"q":1.01,"p":220.0,"mot":"U","mo":502.0},{"cn":"","ui":"","t":0.0,"r":0.0,"q":0.0,"p":0.0,"mot":"L","mo":0.0}]},{"d":"05.02.2017","r":501.0,"q":1.01,"p":220.0,"s":[{"ui":"3620871","t":702.0,"r":501.0,"q":1.01,"p":220.0,"mot":"U","mo":501.0},{"cn":"","ui":"","t":0.0,"r":0.0,"q":0.0,"p":0.0,"mot":"L","mo":0.0}]},{"d":"06.02.2017","r":501.0,"q":1.01,"p":220.0,"s":[{"ui":"3620871","t":701.0,"r":501.0,"q":1.01,"p":220.0,"mot":"U","mo":501.0},{"cn":"","ui":"","t":0.0,"r":0.0,"q":0.0,"p":0.0,"mot":"L","mo":0.0}]},{"d":"14.02.2017","r":200.0,"q":1.01,"p":220.0,"s":[{"ui":"3620871","t":1100.0,"r":200.0,"q":1.01,"p":220.0,"mot":"U","mo":200.0},{"cn":"","ui":"","t":0.0,"r":0.0,"q":0.0,"p":0.0,"mot":"L","mo":0.0}]},{"d":"15.02.2017","r":540.0,"q":1.01,"p":220.0,"s":[{"ui":"3620871","t":1370.0,"r":540.0,"q":1.01,"p":220.0,"mot":"U","mo":540.0},{"cn":"","ui":"","t":0.0,"r":0.0,"q":0.0,"p":0.0,"mot":"L","mo":0.0}]},{"d":"16.02.2017","r":10.0,"q":1.01,"p":220.0,"s":[{"ui":"3620871","t":1240.0,"r":10.0,"q":1.01,"p":220.0,"mot":"U","mo":10.0},{"cn":"","ui":"","t":0.0,"r":0.0,"q":0.0,"p":0.0,"mot":"L","mo":0.0}]},{"d":"19.02.2017","r":60.0,"q":1.01,"p":220.0,"s":[{"ui":"3620871","t":1300.0,"r":60.0,"q":1.01,"p":220.0,"mot":"U","mo":60.0},{"cn":"","ui":"","t":0.0,"r":0.0,"q":0.0,"p":0.0,"mot":"L","mo":0.0}]},{"d":"20.02.2017","r":80.0,"q":1.01,"p":220.0,"s":[{"ui":"3620871","t":1340.0,"r":80.0,"q":1.01,"p":220.0,"mot":"U","mo":80.0},{"cn":"","ui":"","t":0.0,"r":0.0,"q":0.0,"p":0.0,"mot":"L","mo":0.0}]},{"d":"21.02.2017","r":120.0,"q":1.01,"p":220.0,"s":[{"ui":"3620871","t":1380.0,"r":120.0,"q":1.01,"p":220.0,"mot":"U","mo":120.0},{"cn":"","ui":"","t":0.0,"r":0.0,"q":0.0,"p":0.0,"mot":"L","mo":0.0}]},{"d":"25.02.2017","r":4285.0,"q":16.41,"p":850.0,"s":[{"ui":"3224719","t":20547.0,"r":4285.0,"q":16.41,"p":850.0,"mot":"U","mo":4285.0},{"cn":"","ui":"","t":0.0,"r":0.0,"q":0.0,"p":0.0,"mot":"L","mo":0.0}]},{"d":"26.02.2017","r":8549.0,"q":16.41,"p":850.0,"s":[{"ui":"3224719","t":24811.0,"r":8549.0,"q":16.41,"p":850.0,"mot":"U","mo":8549.0},{"cn":"","ui":"","t":0.0,"r":0.0,"q":0.0,"p":0.0,"mot":"L","mo":0.0}]},{"d":"27.02.2017","r":12793.0,"q":16.41,"p":850.0,"s":[{"ui":"3224719","t":29055.0,"r":12793.0,"q":16.41,"p":850.0,"mot":"U","mo":12793.0},{"cn":"","ui":"","t":0.0,"r":0.0,"q":0.0,"p":0.0,"mot":"L","mo":0.0}]},{"d":"28.02.2017","r":17016.0,"q":16.41,"p":850.0,"s":[{"ui":"3224719","t":33278.0,"r":17016.0,"q":16.41,"p":850.0,"mot":"U","mo":17016.0},{"cn":"","ui":"","t":0.0,"r":0.0,"q":0.0,"p":0.0,"mot":"L","mo":0.0}]},{"d":"01.03.2017","r":21126.0,"q":16.37,"p":850.0,"s":[{"ui":"3224719","t":37388.0,"r":21126.0,"q":16.37,"p":850.0,"mot":"U","mo":21126.0},{"cn":"","ui":"","t":0.0,"r":0.0,"q":0.0,"p":0.0,"mot":"L","mo":0.0}]},{"d":"02.03.2017","r":24722.0,"q":16.33,"p":850.0,"s":[{"ui":"3224719","t":41184.0,"r":24722.0,"q":16.33,"p":850.0,"mot":"U","mo":24722.0},{"cn":"","ui":"","t":0.0,"r":0.0,"q":0.0,"p":0.0,"mot":"L","mo":0.0}]},{"d":"03.03.2017","r":17648.0,"q":14.54,"p":850.0,"s":[{"cn":"hj corp","ui":"3224719","t":34110.0,"r":17648.0,"q":14.54,"p":850.0,"mot":"U","mo":17648.0},{"cn":"","ui":"","t":0.0,"r":0.0,"q":0.0,"p":0.0,"mot":"L","mo":0.0}]},{"d":"04.03.2017","r":10516.0,"q":12.9,"p":850.0,"s":[{"cn":"hj corp","ui":"3224719","t":26978.0,"r":10516.0,"q":12.9,"p":850.0,"mot":"U","mo":10516.0},{"cn":"","ui":"","t":0.0,"r":0.0,"q":0.0,"p":0.0,"mot":"L","mo":0.0}]},{"d":"05.03.2017","r":3830.0,"q":11.51,"p":850.0,"s":[{"cn":"hj corp","ui":"3224719","t":20292.0,"r":3830.0,"q":11.51,"p":850.0,"mot":"U","mo":3830.0},{"cn":"","ui":"","t":0.0,"r":0.0,"q":0.0,"p":0.0,"mot":"L","mo":0.0}]},{"d":"21.03.2017","r":2340.0,"q":15.3,"p":850.0,"s":[{"cn":"hj corp","ui":"3224719","t":18602.0,"r":2340.0,"q":15.3,"p":850.0,"mot":"U","mo":2340.0},{"cn":"","ui":"","t":0.0,"r":0.0,"q":0.0,"p":0.0,"mot":"L","mo":0.0}]},{"d":"22.03.2017","r":2323.0,"q":15.3,"p":850.0,"s":[{"cn":"hj corp","ui":"3224719","t":18585.0,"r":2323.0,"q":15.3,"p":850.0,"mot":"U","mo":2323.0},{"cn":"","ui":"","t":0.0,"r":0.0,"q":0.0,"p":0.0,"mot":"L","mo":0.0}]},{"d":"23.03.2017","r":1806.0,"q":15.3,"p":850.0,"s":[{"cn":"hj corp","ui":"3224719","t":18568.0,"r":1806.0,"q":15.3,"p":850.0,"mot":"U","mo":1806.0},{"cn":"","ui":"","t":0.0,"r":0.0,"q":0.0,"p":0.0,"mot":"L","mo":0.0}]},{"d":"24.03.2017","r":2112.0,"q":15.3,"p":850.0,"s":[{"cn":"hj corp","ui":"3224719","t":18874.0,"r":2112.0,"q":15.3,"p":850.0,"mot":"U","mo":2112.0},{"cn":"","ui":"","t":0.0,"r":0.0,"q":0.0,"p":0.0,"mot":"L","mo":0.0}]},{"d":"25.03.2017","r":2095.0,"q":15.3,"p":850.0,"s":[{"cn":"hj corp","ui":"3224719","t":18857.0,"r":2095.0,"q":15.3,"p":850.0,"mot":"U","mo":2095.0},{"cn":"","ui":"","t":0.0,"r":0.0,"q":0.0,"p":0.0,"mot":"L","mo":0.0}]},{"d":"26.03.2017","r":283.0,"q":15.3,"p":850.0,"s":[{"cn":"hj corp","ui":"3224719","t":18840.0,"r":283.0,"q":15.3,"p":850.0,"mot":"U","mo":283.0},{"cn":"","ui":"","t":0.0,"r":0.0,"q":0.0,"p":0.0,"mot":"L","mo":0.0}]},{"d":"27.03.2017","r":266.0,"q":15.3,"p":850.0,"s":[{"cn":"hj corp","ui":"3224719","t":18823.0,"r":266.0,"q":15.3,"p":850.0,"mot":"U","mo":266.0},{"cn":"","ui":"","t":0.0,"r":0.0,"q":0.0,"p":0.0,"mot":"L","mo":0.0}]},{"d":"28.03.2017","r":249.0,"q":15.3,"p":850.0,"s":[{"cn":"hj corp","ui":"3224719","t":18806.0,"r":249.0,"q":15.3,"p":850.0,"mot":"U","mo":249.0},{"cn":"","ui":"","t":0.0,"r":0.0,"q":0.0,"p":0.0,"mot":"L","mo":0.0}]},{"d":"29.03.2017","r":230.0,"q":15.3,"p":850.0,"s":[{"cn":"hj corp","ui":"3224719","t":18789.0,"r":230.0,"q":15.3,"p":850.0,"mot":"U","mo":230.0},{"cn":"","ui":"","t":0.0,"r":0.0,"q":0.0,"p":0.0,"mot":"L","mo":0.0}]},{"d":"31.03.2017","r":195.0,"q":1.0,"p":1300.0,"s":[{"cn":"feea4 2k17","ui":"3742120","t":200.0,"r":195.0,"q":1.0,"p":1300.0,"mot":"U","mo":195.0},{"cn":"","ui":"","t":0.0,"r":0.0,"q":0.0,"p":0.0,"mot":"L","mo":0.0}]},{"d":"11.04.2017","r":200.0,"q":1.0,"p":1300.0,"s":[{"cn":"feea4 2k17","ui":"3742120","t":200.0,"r":200.0,"q":1.0,"p":1300.0,"mot":"U","mo":200.0},{"cn":"","ui":"","t":0.0,"r":0.0,"q":0.0,"p":0.0,"mot":"L","mo":0.0}]}]