[{"d":"18.06.2015","r":20000.0,"q":2.04,"p":729.53,"s":[{"ui":"3359224","t":49000.0,"r":29000.0,"q":2.04,"p":729.53,"mot":"L","mo":20000.0},{"cn":"","ui":"","t":0.0,"r":0.0,"q":0.0,"p":0.0,"mot":"L","mo":0.0}]},{"d":"13.08.2015","r":2000.0,"q":1.97,"p":805.0,"s":[{"ui":"3322914","t":2000.0,"r":2000.0,"q":1.97,"p":805.0,"mot":"U","mo":2000.0},{"cn":"","ui":"","t":0.0,"r":0.0,"q":0.0,"p":0.0,"mot":"L","mo":0.0}]},{"d":"27.01.2016","r":1.0,"q":5.3,"p":6666.0,"s":[{"ui":"3606916","t":1.0,"r":1.0,"q":5.3,"p":6666.0,"mot":"U","mo":1.0},{"cn":"","ui":"","t":0.0,"r":0.0,"q":0.0,"p":0.0,"mot":"L","mo":0.0}]},{"d":"29.04.2016","r":1161559.0,"q":7.19,"p":0.3,"s":[{"ui":"3694561","t":1161559.0,"r":1161559.0,"q":7.19,"p":0.3,"mot":"U","mo":1161559.0},{"cn":"","ui":"","t":0.0,"r":0.0,"q":0.0,"p":0.0,"mot":"L","mo":0.0}]},{"d":"05.05.2016","r":1485993.0,"q":3.26,"p":777.26,"s":[{"ui":"3595834","t":1173141.0,"r":1148141.0,"q":3.63,"p":800.0,"mot":"U","mo":1148141.0},{"ui":"3619974","t":391377.0,"r":337852.0,"q":2.02,"p":700.0,"mot":"U","mo":337852.0},{"cn":"","ui":"","t":0.0,"r":0.0,"q":0.0,"p":0.0,"mot":"L","mo":0.0}]},{"d":"03.06.2016","r":10.0,"q":1.71,"p":800.0,"s":[{"ui":"3562160","t":141.0,"r":131.0,"q":1.71,"p":800.0,"mot":"L","mo":10.0},{"cn":"","ui":"","t":0.0,"r":0.0,"q":0.0,"p":0.0,"mot":"L","mo":0.0}]},{"d":"04.06.2016","r":10.0,"q":1.71,"p":805.0,"s":[{"ui":"3562160","t":131.0,"r":111.0,"q":1.71,"p":805.0,"mot":"L","mo":10.0},{"cn":"","ui":"","t":0.0,"r":0.0,"q":0.0,"p":0.0,"mot":"L","mo":0.0}]},{"d":"05.06.2016","r":10.0,"q":1.71,"p":805.0,"s":[{"ui":"3562160","t":111.0,"r":91.0,"q":1.71,"p":805.0,"mot":"L","mo":10.0},{"cn":"","ui":"","t":0.0,"r":0.0,"q":0.0,"p":0.0,"mot":"L","mo":0.0}]},{"d":"06.06.2016","r":10.0,"q":1.71,"p":805.0,"s":[{"ui":"3562160","t":101.0,"r":61.0,"q":1.71,"p":805.0,"mot":"L","mo":10.0},{"cn":"","ui":"","t":0.0,"r":0.0,"q":0.0,"p":0.0,"mot":"L","mo":0.0}]},{"d":"07.06.2016","r":10.0,"q":1.71,"p":805.0,"s":[{"ui":"3562160","t":71.0,"r":31.0,"q":1.71,"p":805.0,"mot":"L","mo":10.0},{"cn":"","ui":"","t":0.0,"r":0.0,"q":0.0,"p":0.0,"mot":"L","mo":0.0}]},{"d":"08.06.2016","r":1.0,"q":1.71,"p":805.0,"s":[{"ui":"3562160","t":41.0,"r":1.0,"q":1.71,"p":805.0,"mot":"L","mo":1.0},{"cn":"","ui":"","t":0.0,"r":0.0,"q":0.0,"p":0.0,"mot":"L","mo":0.0}]},{"d":"15.06.2016","r":100000.0,"q":12.53,"p":3000.0,"s":[{"ui":"3587132","t":1.67E8,"r":1.67E8,"q":12.53,"p":3000.0,"mot":"L","mo":100000.0},{"cn":"","ui":"","t":0.0,"r":0.0,"q":0.0,"p":0.0,"mot":"L","mo":0.0}]},{"d":"16.06.2016","r":100000.0,"q":12.53,"p":3000.0,"s":[{"ui":"3587132","t":1.68E8,"r":1.679E8,"q":12.53,"p":3000.0,"mot":"L","mo":100000.0},{"cn":"","ui":"","t":0.0,"r":0.0,"q":0.0,"p":0.0,"mot":"L","mo":0.0}]},{"d":"17.06.2016","r":100000.0,"q":12.53,"p":3000.0,"s":[{"ui":"3587132","t":1.689E8,"r":1.688E8,"q":12.53,"p":3000.0,"mot":"L","mo":100000.0},{"cn":"","ui":"","t":0.0,"r":0.0,"q":0.0,"p":0.0,"mot":"L","mo":0.0}]},{"d":"18.06.2016","r":100000.0,"q":12.53,"p":3000.0,"s":[{"ui":"3587132","t":1.698E8,"r":1.6965E8,"q":12.53,"p":3000.0,"mot":"L","mo":100000.0},{"cn":"","ui":"","t":0.0,"r":0.0,"q":0.0,"p":0.0,"mot":"L","mo":0.0}]},{"d":"19.06.2016","r":100000.0,"q":12.53,"p":3000.0,"s":[{"ui":"3587132","t":1.7065E8,"r":1.705E8,"q":12.53,"p":3000.0,"mot":"L","mo":100000.0},{"cn":"","ui":"","t":0.0,"r":0.0,"q":0.0,"p":0.0,"mot":"L","mo":0.0}]},{"d":"20.06.2016","r":100000.0,"q":12.53,"p":3000.0,"s":[{"ui":"3587132","t":1.715E8,"r":1.7135E8,"q":12.53,"p":3000.0,"mot":"L","mo":100000.0},{"cn":"","ui":"","t":0.0,"r":0.0,"q":0.0,"p":0.0,"mot":"L","mo":0.0}]},{"d":"21.06.2016","r":225710.0,"q":7.72,"p":1886.09,"s":[{"ui":"3587132","t":1.7235E8,"r":1.722E8,"q":12.53,"p":3000.0,"mot":"L","mo":100000.0},{"ui":"3619974","t":140710.0,"r":125710.0,"q":3.9,"p":1000.0,"mot":"U","mo":125710.0},{"cn":"","ui":"","t":0.0,"r":0.0,"q":0.0,"p":0.0,"mot":"L","mo":0.0}]},{"d":"22.06.2016","r":100300.0,"q":12.5,"p":2992.37,"s":[{"ui":"3587132","t":1.732E8,"r":1.7295E8,"q":12.53,"p":3000.0,"mot":"L","mo":100000.0},{"cn":"","ui":"","t":3000.0,"r":300.0,"q":1.0,"p":450.0,"mot":"L","mo":300.0}]},{"d":"23.06.2016","r":100300.0,"q":12.5,"p":2992.37,"s":[{"ui":"3587132","t":1.7395E8,"r":1.737976E8,"q":12.53,"p":3000.0,"mot":"L","mo":100000.0},{"cn":"","ui":"","t":24304.0,"r":300.0,"q":1.0,"p":450.0,"mot":"L","mo":300.0}]},{"d":"24.06.2016","r":100300.0,"q":12.5,"p":2992.37,"s":[{"ui":"3587132","t":1.747976E8,"r":1.746452E8,"q":12.53,"p":3000.0,"mot":"L","mo":100000.0},{"cn":"","ui":"","t":173994.0,"r":300.0,"q":1.27,"p":450.0,"mot":"L","mo":300.0}]},{"d":"25.06.2016","r":100300.0,"q":12.5,"p":2992.37,"s":[{"ui":"3587132","t":1.756452E8,"r":1.754728E8,"q":12.53,"p":3000.0,"mot":"L","mo":100000.0},{"cn":"","ui":"","t":261675.0,"r":300.0,"q":1.34,"p":450.0,"mot":"L","mo":300.0}]},{"d":"26.06.2016","r":100300.0,"q":12.5,"p":2992.37,"s":[{"ui":"3587132","t":1.764728E8,"r":1.762004E8,"q":12.53,"p":3000.0,"mot":"L","mo":100000.0},{"cn":"","ui":"","t":261765.0,"r":300.0,"q":1.34,"p":450.0,"mot":"L","mo":300.0}]},{"d":"27.06.2016","r":100300.0,"q":12.5,"p":2992.37,"s":[{"ui":"3587132","t":1.772004E8,"r":1.76928E8,"q":12.53,"p":3000.0,"mot":"L","mo":100000.0},{"cn":"","ui":"","t":261555.0,"r":300.0,"q":1.34,"p":450.0,"mot":"L","mo":300.0}]},{"d":"28.06.2016","r":100300.0,"q":12.5,"p":2992.37,"s":[{"ui":"3587132","t":1.77928E8,"r":1.776554E8,"q":12.53,"p":3000.0,"mot":"L","mo":100000.0},{"cn":"","ui":"","t":261045.0,"r":300.0,"q":1.34,"p":450.0,"mot":"L","mo":300.0}]},{"d":"29.06.2016","r":100300.0,"q":12.5,"p":2992.37,"s":[{"ui":"3587132","t":1.786554E8,"r":1.783828E8,"q":12.53,"p":3000.0,"mot":"L","mo":100000.0},{"cn":"","ui":"","t":260235.0,"r":300.0,"q":1.34,"p":450.0,"mot":"L","mo":300.0}]},{"d":"30.06.2016","r":100300.0,"q":12.5,"p":2992.37,"s":[{"ui":"3587132","t":1.793828E8,"r":1.790302E8,"q":12.53,"p":3000.0,"mot":"L","mo":100000.0},{"cn":"","ui":"","t":259125.0,"r":300.0,"q":1.34,"p":450.0,"mot":"L","mo":300.0}]},{"d":"01.07.2016","r":100300.0,"q":12.5,"p":2992.37,"s":[{"ui":"3587132","t":1.800302E8,"r":1.796776E8,"q":12.53,"p":3000.0,"mot":"L","mo":100000.0},{"cn":"","ui":"","t":258305.0,"r":300.0,"q":1.34,"p":450.0,"mot":"L","mo":300.0}]},{"d":"02.07.2016","r":100300.0,"q":12.5,"p":2992.37,"s":[{"ui":"3587132","t":1.806776E8,"r":1.80025E8,"q":12.53,"p":3000.0,"mot":"L","mo":100000.0},{"cn":"","ui":"","t":257485.0,"r":300.0,"q":1.34,"p":450.0,"mot":"L","mo":300.0}]},{"d":"03.07.2016","r":100300.0,"q":12.5,"p":2992.37,"s":[{"ui":"3587132","t":1.81025E8,"r":1.803724E8,"q":12.53,"p":3000.0,"mot":"L","mo":100000.0},{"cn":"","ui":"","t":255965.0,"r":300.0,"q":1.34,"p":450.0,"mot":"L","mo":300.0}]},{"d":"04.07.2016","r":100300.0,"q":12.5,"p":2992.37,"s":[{"ui":"3587132","t":1.813724E8,"r":1.807198E8,"q":12.53,"p":3000.0,"mot":"L","mo":100000.0},{"cn":"","ui":"","t":254745.0,"r":300.0,"q":1.34,"p":450.0,"mot":"L","mo":300.0}]},{"d":"05.07.2016","r":100300.0,"q":12.5,"p":2992.37,"s":[{"ui":"3587132","t":1.817198E8,"r":1.810672E8,"q":12.53,"p":3000.0,"mot":"L","mo":100000.0},{"cn":"","ui":"","t":253525.0,"r":300.0,"q":1.34,"p":450.0,"mot":"L","mo":300.0}]},{"d":"06.07.2016","r":100300.0,"q":12.5,"p":2992.37,"s":[{"ui":"3587132","t":1.820672E8,"r":1.814141E8,"q":12.53,"p":3000.0,"mot":"L","mo":100000.0},{"cn":"","ui":"","t":252305.0,"r":300.0,"q":1.34,"p":450.0,"mot":"L","mo":300.0}]},{"d":"07.07.2016","r":100300.0,"q":12.5,"p":2992.37,"s":[{"ui":"3587132","t":1.824141E8,"r":1.81761E8,"q":12.53,"p":3000.0,"mot":"L","mo":100000.0},{"cn":"","ui":"","t":251020.0,"r":300.0,"q":1.34,"p":450.0,"mot":"L","mo":300.0}]},{"d":"08.07.2016","r":100300.0,"q":12.5,"p":2992.37,"s":[{"ui":"3587132","t":1.82761403E8,"r":1.82008303E8,"q":12.53,"p":3000.0,"mot":"L","mo":100000.0},{"cn":"","ui":"","t":249800.0,"r":300.0,"q":1.34,"p":450.0,"mot":"L","mo":300.0}]},{"d":"09.07.2016","r":100300.0,"q":12.5,"p":2992.37,"s":[{"ui":"3587132","t":1.83008803E8,"r":1.82255703E8,"q":12.53,"p":3000.0,"mot":"L","mo":100000.0},{"cn":"","ui":"","t":248580.0,"r":300.0,"q":1.34,"p":450.0,"mot":"L","mo":300.0}]},{"d":"10.07.2016","r":100300.0,"q":12.51,"p":2992.37,"s":[{"ui":"3587132","t":1.83256203E8,"r":1.82403103E8,"q":12.54,"p":3000.0,"mot":"L","mo":100000.0},{"cn":"","ui":"","t":247360.0,"r":300.0,"q":1.34,"p":450.0,"mot":"L","mo":300.0}]},{"d":"11.07.2016","r":100300.0,"q":12.51,"p":2992.37,"s":[{"ui":"3587132","t":1.83403603E8,"r":1.82550503E8,"q":12.54,"p":3000.0,"mot":"L","mo":100000.0},{"cn":"","ui":"","t":246150.0,"r":300.0,"q":1.34,"p":450.0,"mot":"L","mo":300.0}]},{"d":"12.07.2016","r":100300.0,"q":12.51,"p":2992.37,"s":[{"ui":"3587132","t":1.83551003E8,"r":1.82997903E8,"q":12.54,"p":3000.0,"mot":"L","mo":100000.0},{"cn":"","ui":"","t":244640.0,"r":300.0,"q":1.34,"p":450.0,"mot":"L","mo":300.0}]},{"d":"13.07.2016","r":100300.0,"q":12.51,"p":2992.37,"s":[{"ui":"3587132","t":1.83998403E8,"r":1.83445303E8,"q":12.54,"p":3000.0,"mot":"L","mo":100000.0},{"cn":"","ui":"","t":243130.0,"r":300.0,"q":1.34,"p":450.0,"mot":"L","mo":300.0}]},{"d":"14.07.2016","r":100300.0,"q":12.51,"p":2992.37,"s":[{"ui":"3587132","t":1.84445803E8,"r":1.83792703E8,"q":12.54,"p":3000.0,"mot":"L","mo":100000.0},{"cn":"","ui":"","t":241020.0,"r":300.0,"q":1.34,"p":450.0,"mot":"L","mo":300.0}]},{"d":"15.07.2016","r":100300.0,"q":12.51,"p":2992.37,"s":[{"ui":"3587132","t":1.84793203E8,"r":1.84140053E8,"q":12.54,"p":3000.0,"mot":"L","mo":100000.0},{"cn":"","ui":"","t":238886.0,"r":300.0,"q":1.34,"p":450.0,"mot":"L","mo":300.0}]},{"d":"16.07.2016","r":100300.0,"q":12.51,"p":2992.37,"s":[{"ui":"3587132","t":1.85140603E8,"r":1.84487453E8,"q":12.54,"p":3000.0,"mot":"L","mo":100000.0},{"cn":"","ui":"","t":236752.0,"r":300.0,"q":1.34,"p":450.0,"mot":"L","mo":300.0}]},{"d":"18.07.2016","r":100300.0,"q":12.51,"p":2992.37,"s":[{"ui":"3587132","t":1.85835403E8,"r":1.85282753E8,"q":12.54,"p":3000.0,"mot":"L","mo":100000.0},{"cn":"","ui":"","t":231884.0,"r":300.0,"q":1.34,"p":450.0,"mot":"L","mo":300.0}]},{"d":"19.07.2016","r":100300.0,"q":12.51,"p":2992.37,"s":[{"ui":"3587132","t":1.86282803E8,"r":1.85730153E8,"q":12.54,"p":3000.0,"mot":"L","mo":100000.0},{"cn":"","ui":"","t":229450.0,"r":300.0,"q":1.34,"p":450.0,"mot":"L","mo":300.0}]},{"d":"20.07.2016","r":100300.0,"q":12.51,"p":2992.37,"s":[{"ui":"3587132","t":1.86730203E8,"r":1.86177553E8,"q":12.54,"p":3000.0,"mot":"L","mo":100000.0},{"cn":"","ui":"","t":227016.0,"r":300.0,"q":1.34,"p":450.0,"mot":"L","mo":300.0}]},{"d":"21.07.2016","r":100300.0,"q":12.51,"p":2992.37,"s":[{"ui":"3587132","t":1.87177603E8,"r":1.86624953E8,"q":12.54,"p":3000.0,"mot":"L","mo":100000.0},{"cn":"","ui":"","t":224582.0,"r":300.0,"q":1.34,"p":450.0,"mot":"L","mo":300.0}]},{"d":"22.07.2016","r":100300.0,"q":12.51,"p":2992.37,"s":[{"ui":"3587132","t":1.87625003E8,"r":1.87072353E8,"q":12.54,"p":3000.0,"mot":"L","mo":100000.0},{"cn":"","ui":"","t":222448.0,"r":300.0,"q":1.34,"p":450.0,"mot":"L","mo":300.0}]},{"d":"25.07.2016","r":100300.0,"q":12.51,"p":2992.37,"s":[{"ui":"3587132","t":1.88967203E8,"r":1.88414553E8,"q":12.54,"p":3000.0,"mot":"L","mo":100000.0},{"cn":"","ui":"","t":216016.0,"r":300.0,"q":1.34,"p":450.0,"mot":"L","mo":300.0}]},{"d":"26.07.2016","r":100310.0,"q":12.51,"p":2992.15,"s":[{"ui":"3587132","t":1.89414603E8,"r":1.88862003E8,"q":12.54,"p":3000.0,"mot":"L","mo":100000.0},{"cn":"","ui":"","t":213872.0,"r":310.0,"q":1.34,"p":461.45,"mot":"L","mo":310.0}]},{"d":"27.07.2016","r":100310.0,"q":12.51,"p":2992.15,"s":[{"ui":"3587132","t":1.89862003E8,"r":1.89309403E8,"q":12.54,"p":3000.0,"mot":"L","mo":100000.0},{"cn":"","ui":"","t":211698.0,"r":310.0,"q":1.34,"p":461.45,"mot":"L","mo":310.0}]},{"d":"28.07.2016","r":100310.0,"q":12.51,"p":2992.15,"s":[{"ui":"3587132","t":1.90309403E8,"r":1.89756703E8,"q":12.54,"p":3000.0,"mot":"L","mo":100000.0},{"cn":"","ui":"","t":209524.0,"r":310.0,"q":1.34,"p":461.45,"mot":"L","mo":310.0}]},{"d":"29.07.2016","r":100310.0,"q":12.51,"p":2992.15,"s":[{"ui":"3587132","t":1.90756703E8,"r":1.90204003E8,"q":12.54,"p":3000.0,"mot":"L","mo":100000.0},{"cn":"","ui":"","t":206750.0,"r":310.0,"q":1.34,"p":461.45,"mot":"L","mo":310.0}]},{"d":"30.07.2016","r":100310.0,"q":12.51,"p":2992.15,"s":[{"ui":"3587132","t":1.91204003E8,"r":1.90651303E8,"q":12.54,"p":3000.0,"mot":"L","mo":100000.0},{"cn":"","ui":"","t":203976.0,"r":310.0,"q":1.34,"p":461.45,"mot":"L","mo":310.0}]},{"d":"01.08.2016","r":100310.0,"q":12.51,"p":2992.15,"s":[{"ui":"3587132","t":1.92098603E8,"r":1.91545903E8,"q":12.54,"p":3000.0,"mot":"L","mo":100000.0},{"cn":"","ui":"","t":198428.0,"r":310.0,"q":1.34,"p":461.45,"mot":"L","mo":310.0}]},{"d":"02.08.2016","r":100310.0,"q":12.51,"p":2992.15,"s":[{"ui":"3587132","t":1.92545903E8,"r":1.91993203E8,"q":12.54,"p":3000.0,"mot":"L","mo":100000.0},{"cn":"","ui":"","t":195654.0,"r":310.0,"q":1.34,"p":461.45,"mot":"L","mo":310.0}]},{"d":"03.08.2016","r":100310.0,"q":12.51,"p":2992.15,"s":[{"ui":"3587132","t":1.92993203E8,"r":1.92440503E8,"q":12.54,"p":3000.0,"mot":"L","mo":100000.0},{"cn":"","ui":"","t":192880.0,"r":310.0,"q":1.34,"p":461.45,"mot":"L","mo":310.0}]},{"d":"04.08.2016","r":100310.0,"q":12.51,"p":2992.15,"s":[{"ui":"3587132","t":1.93440503E8,"r":1.92887803E8,"q":12.54,"p":3000.0,"mot":"L","mo":100000.0},{"cn":"","ui":"","t":190106.0,"r":310.0,"q":1.34,"p":461.45,"mot":"L","mo":310.0}]},{"d":"05.08.2016","r":100310.0,"q":12.52,"p":2992.15,"s":[{"ui":"3587132","t":1.93887803E8,"r":1.93335103E8,"q":12.55,"p":3000.0,"mot":"L","mo":100000.0},{"cn":"","ui":"","t":187332.0,"r":310.0,"q":1.34,"p":461.45,"mot":"L","mo":310.0}]},{"d":"06.08.2016","r":100310.0,"q":12.52,"p":2992.15,"s":[{"ui":"3587132","t":1.94335103E8,"r":1.93782403E8,"q":12.55,"p":3000.0,"mot":"L","mo":100000.0},{"cn":"","ui":"","t":184558.0,"r":310.0,"q":1.34,"p":461.45,"mot":"L","mo":310.0}]},{"d":"07.08.2016","r":100310.0,"q":12.52,"p":2992.15,"s":[{"ui":"3587132","t":1.94782403E8,"r":1.94229703E8,"q":12.55,"p":3000.0,"mot":"L","mo":100000.0},{"cn":"","ui":"","t":181784.0,"r":310.0,"q":1.34,"p":461.45,"mot":"L","mo":310.0}]},{"d":"08.08.2016","r":100310.0,"q":12.52,"p":2992.15,"s":[{"ui":"3587132","t":1.95229703E8,"r":1.94679073E8,"q":12.55,"p":3000.0,"mot":"L","mo":100000.0},{"cn":"","ui":"","t":179010.0,"r":310.0,"q":1.34,"p":461.45,"mot":"L","mo":310.0}]},{"d":"09.08.2016","r":100310.0,"q":12.52,"p":2992.15,"s":[{"ui":"3587132","t":1.95679073E8,"r":1.95128443E8,"q":12.55,"p":3000.0,"mot":"L","mo":100000.0},{"cn":"","ui":"","t":176236.0,"r":310.0,"q":1.34,"p":461.45,"mot":"L","mo":310.0}]},{"d":"10.08.2016","r":100310.0,"q":12.52,"p":2992.15,"s":[{"ui":"3587132","t":1.96128443E8,"r":1.95577813E8,"q":12.55,"p":3000.0,"mot":"L","mo":100000.0},{"cn":"","ui":"","t":173462.0,"r":310.0,"q":1.34,"p":461.45,"mot":"L","mo":310.0}]},{"d":"11.08.2016","r":866263.0,"q":10.74,"p":1848.74,"s":[{"ui":"3686972","t":805953.0,"r":765953.0,"q":10.51,"p":1699.0,"mot":"U","mo":765953.0},{"ui":"3587132","t":1.96577813E8,"r":1.96027183E8,"q":12.55,"p":3000.0,"mot":"L","mo":100000.0},{"cn":"","ui":"","t":170788.0,"r":310.0,"q":1.34,"p":461.45,"mot":"L","mo":310.0}]},{"d":"12.08.2016","r":826263.0,"q":10.75,"p":1855.99,"s":[{"ui":"3686972","t":765953.0,"r":725953.0,"q":10.51,"p":1699.0,"mot":"U","mo":725953.0},{"ui":"3587132","t":1.97027183E8,"r":1.96476553E8,"q":12.55,"p":3000.0,"mot":"L","mo":100000.0},{"cn":"","ui":"","t":168104.0,"r":310.0,"q":1.34,"p":461.45,"mot":"L","mo":310.0}]},{"d":"13.08.2016","r":786263.0,"q":10.77,"p":1863.98,"s":[{"ui":"3686972","t":725953.0,"r":685953.0,"q":10.51,"p":1699.0,"mot":"U","mo":685953.0},{"ui":"3587132","t":1.97476553E8,"r":1.96925923E8,"q":12.55,"p":3000.0,"mot":"L","mo":100000.0},{"cn":"","ui":"","t":165420.0,"r":310.0,"q":1.34,"p":461.45,"mot":"L","mo":310.0}]},{"d":"14.08.2016","r":746263.0,"q":10.78,"p":1872.82,"s":[{"ui":"3686972","t":685953.0,"r":645953.0,"q":10.51,"p":1699.0,"mot":"U","mo":645953.0},{"ui":"3587132","t":1.97925923E8,"r":1.97475293E8,"q":12.55,"p":3000.0,"mot":"L","mo":100000.0},{"cn":"","ui":"","t":162736.0,"r":310.0,"q":1.34,"p":461.45,"mot":"L","mo":310.0}]},{"d":"15.08.2016","r":100310.0,"q":12.52,"p":2992.15,"s":[{"ui":"3587132","t":1.98475293E8,"r":1.97924663E8,"q":12.55,"p":3000.0,"mot":"L","mo":100000.0},{"cn":"","ui":"","t":159752.0,"r":310.0,"q":1.34,"p":461.45,"mot":"L","mo":310.0}]},{"d":"16.08.2016","r":100310.0,"q":12.52,"p":2992.15,"s":[{"ui":"3587132","t":1.98924663E8,"r":1.98374063E8,"q":12.55,"p":3000.0,"mot":"L","mo":100000.0},{"cn":"","ui":"","t":156768.0,"r":310.0,"q":1.34,"p":461.45,"mot":"L","mo":310.0}]},{"d":"17.08.2016","r":100310.0,"q":12.52,"p":2992.15,"s":[{"ui":"3587132","t":1.99374063E8,"r":1.98823463E8,"q":12.55,"p":3000.0,"mot":"L","mo":100000.0},{"cn":"","ui":"","t":153484.0,"r":310.0,"q":1.34,"p":461.45,"mot":"L","mo":310.0}]},{"d":"18.08.2016","r":1036884.0,"q":2.17,"p":641.74,"s":[{"ui":"3587132","t":1.99823463E8,"r":1.99235863E8,"q":12.55,"p":3000.0,"mot":"L","mo":100000.0},{"ui":"3634290","t":936574.0,"r":936574.0,"q":1.06,"p":390.0,"mot":"U","mo":936574.0},{"cn":"","ui":"","t":150227.0,"r":310.0,"q":1.34,"p":461.45,"mot":"L","mo":310.0}]},{"d":"19.08.2016","r":150310.0,"q":8.7,"p":2079.99,"s":[{"ui":"3587132","t":2.00235863E8,"r":1.99648263E8,"q":12.55,"p":3000.0,"mot":"L","mo":100000.0},{"ui":"3634290","t":936574.0,"r":936574.0,"q":1.06,"p":250.0,"mot":"L","mo":50000.0},{"cn":"","ui":"","t":146943.0,"r":310.0,"q":1.34,"p":461.45,"mot":"L","mo":310.0}]},{"d":"20.08.2016","r":150310.0,"q":8.7,"p":2079.99,"s":[{"ui":"3587132","t":2.00648263E8,"r":2.00060663E8,"q":12.55,"p":3000.0,"mot":"L","mo":100000.0},{"ui":"3634290","t":936574.0,"r":836574.0,"q":1.06,"p":250.0,"mot":"L","mo":50000.0},{"cn":"","ui":"","t":143892.0,"r":310.0,"q":1.34,"p":461.45,"mot":"L","mo":310.0}]},{"d":"21.08.2016","r":150310.0,"q":8.7,"p":2079.99,"s":[{"ui":"3587132","t":2.01060663E8,"r":2.00372563E8,"q":12.55,"p":3000.0,"mot":"L","mo":100000.0},{"ui":"3634290","t":836574.0,"r":481574.0,"q":1.06,"p":250.0,"mot":"L","mo":50000.0},{"cn":"","ui":"","t":140908.0,"r":310.0,"q":1.33,"p":461.45,"mot":"L","mo":310.0}]},{"d":"22.08.2016","r":150310.0,"q":8.7,"p":2079.99,"s":[{"ui":"3587132","t":2.01372563E8,"r":2.00359463E8,"q":12.55,"p":3000.0,"mot":"L","mo":100000.0},{"ui":"3634290","t":481574.0,"r":73574.0,"q":1.06,"p":250.0,"mot":"L","mo":50000.0},{"cn":"","ui":"","t":138524.0,"r":310.0,"q":1.33,"p":461.45,"mot":"L","mo":310.0}]},{"d":"23.08.2016","r":100310.0,"q":12.52,"p":2992.15,"s":[{"ui":"3587132","t":2.01359463E8,"r":2.00346863E8,"q":12.55,"p":3000.0,"mot":"L","mo":100000.0},{"cn":"","ui":"","t":135840.0,"r":310.0,"q":1.33,"p":461.45,"mot":"L","mo":310.0}]},{"d":"24.08.2016","r":100310.0,"q":12.52,"p":2992.15,"s":[{"ui":"3587132","t":2.01346863E8,"r":1.99681963E8,"q":12.55,"p":3000.0,"mot":"L","mo":100000.0},{"cn":"","ui":"","t":132866.0,"r":310.0,"q":1.33,"p":461.45,"mot":"L","mo":310.0}]},{"d":"25.08.2016","r":100310.0,"q":12.52,"p":2992.15,"s":[{"ui":"3587132","t":2.00681963E8,"r":1.98347063E8,"q":12.55,"p":3000.0,"mot":"L","mo":100000.0},{"cn":"","ui":"","t":129292.0,"r":310.0,"q":1.33,"p":461.45,"mot":"L","mo":310.0}]},{"d":"26.08.2016","r":100310.0,"q":12.52,"p":2992.15,"s":[{"ui":"3587132","t":1.99347063E8,"r":1.97012163E8,"q":12.55,"p":3000.0,"mot":"L","mo":100000.0},{"cn":"","ui":"","t":125718.0,"r":310.0,"q":1.33,"p":461.45,"mot":"L","mo":310.0}]},{"d":"27.08.2016","r":100310.0,"q":12.52,"p":2992.15,"s":[{"ui":"3587132","t":1.98012163E8,"r":1.95679263E8,"q":12.55,"p":3000.0,"mot":"L","mo":100000.0},{"cn":"","ui":"","t":122134.0,"r":310.0,"q":1.33,"p":461.45,"mot":"L","mo":310.0}]},{"d":"28.08.2016","r":100310.0,"q":12.53,"p":2992.15,"s":[{"ui":"3587132","t":1.96679263E8,"r":1.94246663E8,"q":12.56,"p":3000.0,"mot":"L","mo":100000.0},{"cn":"","ui":"","t":118250.0,"r":310.0,"q":1.33,"p":461.45,"mot":"L","mo":310.0}]},{"d":"29.08.2016","r":100310.0,"q":12.53,"p":2992.15,"s":[{"ui":"3587132","t":1.95246663E8,"r":1.92814063E8,"q":12.56,"p":3000.0,"mot":"L","mo":100000.0},{"cn":"","ui":"","t":114366.0,"r":310.0,"q":1.33,"p":461.45,"mot":"L","mo":310.0}]},{"d":"30.08.2016","r":100310.0,"q":12.53,"p":2992.15,"s":[{"ui":"3587132","t":1.93814063E8,"r":1.91179703E8,"q":12.56,"p":3000.0,"mot":"L","mo":100000.0},{"cn":"","ui":"","t":110492.0,"r":310.0,"q":1.33,"p":461.45,"mot":"L","mo":310.0}]},{"d":"31.08.2016","r":100310.0,"q":12.53,"p":2992.15,"s":[{"ui":"3587132","t":1.92179703E8,"r":1.89544037E8,"q":12.56,"p":3000.0,"mot":"L","mo":100000.0},{"cn":"","ui":"","t":106618.0,"r":310.0,"q":1.33,"p":461.45,"mot":"L","mo":310.0}]},{"d":"01.09.2016","r":100310.0,"q":12.53,"p":2992.15,"s":[{"ui":"3587132","t":1.90544037E8,"r":1.88088371E8,"q":12.56,"p":3000.0,"mot":"L","mo":100000.0},{"cn":"","ui":"","t":102744.0,"r":310.0,"q":1.32,"p":461.45,"mot":"L","mo":310.0}]},{"d":"02.09.2016","r":100310.0,"q":12.53,"p":2992.15,"s":[{"ui":"3587132","t":1.89088371E8,"r":1.86632705E8,"q":12.56,"p":3000.0,"mot":"L","mo":100000.0},{"cn":"","ui":"","t":99170.0,"r":310.0,"q":1.32,"p":461.45,"mot":"L","mo":310.0}]},{"d":"03.09.2016","r":100310.0,"q":12.53,"p":2992.15,"s":[{"ui":"3587132","t":1.87632705E8,"r":1.85177039E8,"q":12.56,"p":3000.0,"mot":"L","mo":100000.0},{"cn":"","ui":"","t":95596.0,"r":310.0,"q":1.32,"p":461.45,"mot":"L","mo":310.0}]},{"d":"04.09.2016","r":100310.0,"q":12.53,"p":2992.15,"s":[{"ui":"3587132","t":1.86177039E8,"r":1.83596105E8,"q":12.56,"p":3000.0,"mot":"L","mo":100000.0},{"cn":"","ui":"","t":92022.0,"r":310.0,"q":1.32,"p":461.45,"mot":"L","mo":310.0}]},{"d":"05.09.2016","r":100310.0,"q":12.53,"p":2992.15,"s":[{"ui":"3587132","t":1.84596105E8,"r":1.82015171E8,"q":12.56,"p":3000.0,"mot":"L","mo":100000.0},{"cn":"","ui":"","t":88738.0,"r":310.0,"q":1.32,"p":461.45,"mot":"L","mo":310.0}]},{"d":"06.09.2016","r":100310.0,"q":12.53,"p":2992.15,"s":[{"ui":"3587132","t":1.83015161E8,"r":1.80434227E8,"q":12.56,"p":3000.0,"mot":"L","mo":100000.0},{"cn":"","ui":"","t":85449.0,"r":310.0,"q":1.32,"p":461.45,"mot":"L","mo":310.0}]},{"d":"07.09.2016","r":100310.0,"q":12.53,"p":2992.15,"s":[{"ui":"3587132","t":1.81434227E8,"r":1.78853293E8,"q":12.56,"p":3000.0,"mot":"L","mo":100000.0},{"cn":"","ui":"","t":81870.0,"r":310.0,"q":1.32,"p":461.45,"mot":"L","mo":310.0}]},{"d":"08.09.2016","r":100310.0,"q":12.53,"p":2992.15,"s":[{"ui":"3587132","t":1.79853293E8,"r":1.77092359E8,"q":12.56,"p":3000.0,"mot":"L","mo":100000.0},{"cn":"","ui":"","t":78291.0,"r":310.0,"q":1.31,"p":461.45,"mot":"L","mo":310.0}]},{"d":"09.09.2016","r":310.0,"q":1.31,"p":461.45,"s":[{"ui":"3741416","t":58583.0,"r":54334.0,"q":1.31,"p":450.0,"mot":"L","mo":300.0},{"cn":"","ui":"","t":12530.0,"r":10.0,"q":1.33,"p":805.0,"mot":"L","mo":10.0}]},{"d":"10.09.2016","r":100310.0,"q":12.53,"p":2992.15,"s":[{"ui":"3587132","t":1.76329175E8,"r":1.73565991E8,"q":12.56,"p":3000.0,"mot":"L","mo":100000.0},{"cn":"","ui":"","t":71113.0,"r":310.0,"q":1.31,"p":461.45,"mot":"L","mo":310.0}]},{"d":"11.09.2016","r":110310.0,"q":11.66,"p":2784.36,"s":[{"ui":"3587132","t":1.74565991E8,"r":1.71801807E8,"q":12.56,"p":3000.0,"mot":"L","mo":100000.0},{"ui":"2607438","t":2806379.0,"r":2796379.0,"q":2.97,"p":700.0,"mot":"L","mo":10000.0},{"cn":"","ui":"","t":67214.0,"r":310.0,"q":1.31,"p":461.45,"mot":"L","mo":310.0}]},{"d":"12.09.2016","r":110310.0,"q":11.66,"p":2784.36,"s":[{"ui":"3587132","t":1.72801807E8,"r":1.70040103E8,"q":12.56,"p":3000.0,"mot":"L","mo":100000.0},{"ui":"2607438","t":2796379.0,"r":2762379.0,"q":2.97,"p":700.0,"mot":"L","mo":10000.0},{"cn":"","ui":"","t":63625.0,"r":310.0,"q":1.31,"p":461.45,"mot":"L","mo":310.0}]},{"d":"13.09.2016","r":110310.0,"q":11.66,"p":2784.36,"s":[{"ui":"3587132","t":1.71040103E8,"r":1.68278399E8,"q":12.56,"p":3000.0,"mot":"L","mo":100000.0},{"ui":"2607438","t":2762379.0,"r":2728379.0,"q":2.97,"p":700.0,"mot":"L","mo":10000.0},{"cn":"","ui":"","t":60036.0,"r":310.0,"q":1.31,"p":461.45,"mot":"L","mo":310.0}]},{"d":"14.09.2016","r":100310.0,"q":12.53,"p":2992.15,"s":[{"ui":"3587132","t":1.69278399E8,"r":1.66514201E8,"q":12.56,"p":3000.0,"mot":"L","mo":100000.0},{"cn":"","ui":"","t":56447.0,"r":310.0,"q":1.3,"p":461.45,"mot":"L","mo":310.0}]},{"d":"15.09.2016","r":300.0,"q":1.3,"p":450.0,"s":[{"ui":"3741416","t":35489.0,"r":31540.0,"q":1.3,"p":450.0,"mot":"L","mo":300.0},{"cn":"","ui":"","t":0.0,"r":0.0,"q":0.0,"p":0.0,"mot":"L","mo":0.0}]},{"d":"16.09.2016","r":100310.0,"q":12.54,"p":2992.15,"s":[{"ui":"3587132","t":1.65750003E8,"r":1.63075805E8,"q":12.57,"p":3000.0,"mot":"L","mo":100000.0},{"cn":"","ui":"","t":49569.0,"r":310.0,"q":1.3,"p":461.45,"mot":"L","mo":310.0}]},{"d":"17.09.2016","r":300.0,"q":1.29,"p":450.0,"s":[{"ui":"3741416","t":27791.0,"r":23542.0,"q":1.29,"p":450.0,"mot":"L","mo":300.0},{"cn":"","ui":"","t":0.0,"r":0.0,"q":0.0,"p":0.0,"mot":"L","mo":0.0}]},{"d":"18.09.2016","r":100310.0,"q":12.54,"p":2992.15,"s":[{"ui":"3587132","t":1.62401607E8,"r":1.59724409E8,"q":12.57,"p":3000.0,"mot":"L","mo":100000.0},{"cn":"","ui":"","t":42391.0,"r":310.0,"q":1.29,"p":461.45,"mot":"L","mo":310.0}]},{"d":"19.09.2016","r":100410.0,"q":12.52,"p":2989.69,"s":[{"ui":"3587132","t":1.60724409E8,"r":1.58147211E8,"q":12.57,"p":3000.0,"mot":"L","mo":100000.0},{"cn":"","ui":"","t":38602.0,"r":410.0,"q":1.29,"p":474.05,"mot":"L","mo":410.0}]},{"d":"20.09.2016","r":100410.0,"q":12.52,"p":2989.69,"s":[{"ui":"3587132","t":1.59147211E8,"r":1.56570013E8,"q":12.57,"p":3000.0,"mot":"L","mo":100000.0},{"cn":"","ui":"","t":34813.0,"r":410.0,"q":1.28,"p":474.05,"mot":"L","mo":410.0}]},{"d":"21.09.2016","r":100410.0,"q":12.52,"p":2989.69,"s":[{"ui":"3587132","t":1.57570013E8,"r":1.54992815E8,"q":12.57,"p":3000.0,"mot":"L","mo":100000.0},{"cn":"","ui":"","t":30524.0,"r":410.0,"q":1.28,"p":474.05,"mot":"L","mo":410.0}]},{"d":"23.09.2016","r":100410.0,"q":12.52,"p":2989.69,"s":[{"ui":"3587132","t":1.54415617E8,"r":1.51838419E8,"q":12.57,"p":3000.0,"mot":"L","mo":100000.0},{"cn":"","ui":"","t":21946.0,"r":410.0,"q":1.28,"p":474.05,"mot":"L","mo":410.0}]},{"d":"24.09.2016","r":100110.0,"q":12.56,"p":2997.3,"s":[{"ui":"3587132","t":1.52838419E8,"r":1.50261221E8,"q":12.57,"p":3000.0,"mot":"L","mo":100000.0},{"cn":"","ui":"","t":17160.0,"r":110.0,"q":1.28,"p":539.63,"mot":"L","mo":110.0}]},{"d":"25.09.2016","r":100110.0,"q":12.56,"p":2997.3,"s":[{"ui":"3587132","t":1.51261221E8,"r":1.48626657E8,"q":12.57,"p":3000.0,"mot":"L","mo":100000.0},{"cn":"","ui":"","t":16920.0,"r":110.0,"q":1.28,"p":539.63,"mot":"L","mo":110.0}]},{"d":"26.09.2016","r":100110.0,"q":12.56,"p":2997.3,"s":[{"ui":"3587132","t":1.49626657E8,"r":1.470406E8,"q":12.57,"p":3000.0,"mot":"L","mo":100000.0},{"cn":"","ui":"","t":16680.0,"r":110.0,"q":1.28,"p":539.63,"mot":"L","mo":110.0}]},{"d":"27.09.2016","r":100110.0,"q":12.56,"p":2997.3,"s":[{"ui":"3587132","t":1.480406E8,"r":1.45454543E8,"q":12.57,"p":3000.0,"mot":"L","mo":100000.0},{"cn":"","ui":"","t":16340.0,"r":110.0,"q":1.28,"p":539.63,"mot":"L","mo":110.0}]},{"d":"28.09.2016","r":10.0,"q":1.32,"p":805.0,"s":[{"ui":"3562160","t":15560.0,"r":15520.0,"q":1.32,"p":805.0,"mot":"L","mo":10.0},{"cn":"","ui":"","t":0.0,"r":0.0,"q":0.0,"p":0.0,"mot":"L","mo":0.0}]},{"d":"29.09.2016","r":100010.0,"q":12.57,"p":2999.78,"s":[{"ui":"3587132","t":1.44868486E8,"r":1.42282429E8,"q":12.57,"p":3000.0,"mot":"L","mo":100000.0},{"cn":"","ui":"","t":15560.0,"r":10.0,"q":1.32,"p":805.0,"mot":"L","mo":10.0}]},{"d":"30.09.2016","r":200010.0,"q":9.14,"p":1999.94,"s":[{"ui":"3587132","t":1.43282429E8,"r":1.40694372E8,"q":12.57,"p":3000.0,"mot":"L","mo":100000.0},{"ui":"2981925","t":2228289.0,"r":2228289.0,"q":5.62,"p":1000.0,"mot":"L","mo":50000.0},{"ui":"3342104","t":1689537.0,"r":1689537.0,"q":5.81,"p":1000.0,"mot":"L","mo":50000.0},{"cn":"","ui":"","t":15510.0,"r":10.0,"q":1.32,"p":805.0,"mot":"L","mo":10.0}]},{"d":"01.10.2016","r":909627.0,"q":2.9,"p":488.68,"s":[{"ui":"3812969","t":97582.0,"r":97582.0,"q":1.0,"p":40.0,"mot":"U","mo":97582.0},{"ui":"3587132","t":1.41694372E8,"r":1.39106315E8,"q":12.57,"p":3000.0,"mot":"L","mo":100000.0},{"ui":"2981925","t":2421882.0,"r":2371872.0,"q":5.64,"p":1000.0,"mot":"L","mo":50000.0},{"ui":"3734789","t":562034.0,"r":562034.0,"q":1.06,"p":50.0,"mot":"U","mo":562034.0},{"ui":"3342104","t":1883130.0,"r":1833120.0,"q":5.82,"p":1000.0,"mot":"L","mo":50000.0},{"ui":"3634290","t":436463.0,"r":134463.0,"q":2.24,"p":250.0,"mot":"L","mo":50000.0},{"cn":"","ui":"","t":54571.0,"r":11.0,"q":1.29,"p":731.82,"mot":"L","mo":11.0}]},{"d":"02.10.2016","r":250010.0,"q":7.76,"p":1829.96,"s":[{"ui":"3587132","t":1.40106315E8,"r":1.37471852E8,"q":12.57,"p":3000.0,"mot":"L","mo":100000.0},{"ui":"2981925","t":2565465.0,"r":2515455.0,"q":5.66,"p":1450.0,"mot":"L","mo":50000.0},{"ui":"3342104","t":2026713.0,"r":1976703.0,"q":5.82,"p":1450.0,"mot":"L","mo":50000.0},{"ui":"3634290","t":546864.0,"r":79864.0,"q":2.16,"p":250.0,"mot":"L","mo":50000.0},{"cn":"","ui":"","t":15420.0,"r":10.0,"q":1.32,"p":805.0,"mot":"L","mo":10.0}]},{"d":"03.10.2016","r":354597.0,"q":7.69,"p":1827.75,"s":[{"ui":"3587132","t":1.38471852E8,"r":1.35837389E8,"q":12.57,"p":3000.0,"mot":"L","mo":100000.0},{"ui":"2981925","t":2709048.0,"r":2659048.0,"q":5.68,"p":1450.0,"mot":"L","mo":50000.0},{"ui":"3342104","t":2170296.0,"r":2120296.0,"q":5.83,"p":1450.0,"mot":"L","mo":50000.0},{"ui":"3634290","t":482791.0,"r":60791.0,"q":2.12,"p":250.0,"mot":"L","mo":50000.0},{"ui":"3855982","t":103987.0,"r":103987.0,"q":7.57,"p":1830.0,"mot":"U","mo":103987.0},{"cn":"","ui":"","t":65380.0,"r":610.0,"q":2.15,"p":519.75,"mot":"L","mo":610.0}]},{"d":"04.10.2016","r":409584.0,"q":8.32,"p":2017.72,"s":[{"ui":"3587132","t":1.36837389E8,"r":1.34205662E8,"q":12.58,"p":3000.0,"mot":"L","mo":100000.0},{"ui":"2981925","t":2852641.0,"r":2802641.0,"q":5.69,"p":1450.0,"mot":"L","mo":50000.0},{"ui":"3342104","t":2313889.0,"r":2261074.0,"q":5.83,"p":1450.0,"mot":"L","mo":50000.0},{"ui":"3855982","t":207974.0,"r":207974.0,"q":7.56,"p":1830.0,"mot":"U","mo":207974.0},{"cn":"","ui":"","t":69740.0,"r":1610.0,"q":2.15,"p":516.8,"mot":"L","mo":1610.0}]},{"d":"05.10.2016","r":513571.0,"q":8.17,"p":1979.71,"s":[{"ui":"3587132","t":1.35205662E8,"r":1.32573935E8,"q":12.58,"p":3000.0,"mot":"L","mo":100000.0},{"ui":"2981925","t":2996234.0,"r":2946234.0,"q":5.7,"p":1450.0,"mot":"L","mo":50000.0},{"ui":"3342104","t":2454667.0,"r":2401852.0,"q":5.84,"p":1450.0,"mot":"L","mo":50000.0},{"ui":"3855982","t":311961.0,"r":311961.0,"q":7.55,"p":1830.0,"mot":"U","mo":311961.0},{"cn":"","ui":"","t":73500.0,"r":1610.0,"q":2.14,"p":516.8,"mot":"L","mo":1610.0}]},{"d":"07.10.2016","r":1032573.0,"q":12.63,"p":2901.31,"s":[{"ui":"3587132","t":1.31942208E8,"r":1.29364468E8,"q":12.58,"p":3000.0,"mot":"L","mo":100000.0},{"ui":"3734789","t":820962.0,"r":820962.0,"q":13.6,"p":3100.0,"mot":"U","mo":820962.0},{"cn":"","ui":"","t":6356114.0,"r":111611.0,"q":5.58,"p":1351.41,"mot":"L","mo":111611.0}]},{"d":"08.10.2016","r":1209816.0,"q":12.76,"p":2908.91,"s":[{"ui":"3587132","t":1.30364468E8,"r":1.27786728E8,"q":12.58,"p":3000.0,"mot":"L","mo":100000.0},{"ui":"3734789","t":988195.0,"r":988195.0,"q":13.68,"p":3100.0,"mot":"U","mo":988195.0},{"cn":"","ui":"","t":6738644.0,"r":121621.0,"q":5.46,"p":1281.33,"mot":"L","mo":121621.0}]},{"d":"09.10.2016","r":201611.0,"q":9.12,"p":2211.35,"s":[{"ui":"3587132","t":1.28786728E8,"r":1.26308988E8,"q":12.58,"p":3000.0,"mot":"L","mo":100000.0},{"ui":"2981925","t":3559576.0,"r":3509576.0,"q":5.73,"p":1450.0,"mot":"L","mo":50000.0},{"ui":"3342104","t":2991434.0,"r":2938619.0,"q":5.83,"p":1450.0,"mot":"L","mo":50000.0},{"cn":"","ui":"","t":526325.0,"r":1611.0,"q":2.11,"p":516.49,"mot":"L","mo":1611.0}]},{"d":"10.10.2016","r":202527.0,"q":9.09,"p":2202.5,"s":[{"ui":"3587132","t":1.27308988E8,"r":1.24831248E8,"q":12.58,"p":3000.0,"mot":"L","mo":100000.0},{"ui":"2981925","t":3509576.0,"r":3409576.0,"q":5.73,"p":1450.0,"mot":"L","mo":50000.0},{"ui":"3342104","t":2938619.0,"r":2835804.0,"q":5.83,"p":1450.0,"mot":"L","mo":50000.0},{"cn":"","ui":"","t":561301.0,"r":2527.0,"q":1.71,"p":421.97,"mot":"L","mo":2527.0}]},{"d":"11.10.2016","r":201611.0,"q":9.12,"p":2211.35,"s":[{"ui":"3587132","t":1.25831248E8,"r":1.23353508E8,"q":12.58,"p":3000.0,"mot":"L","mo":100000.0},{"ui":"2981925","t":3409576.0,"r":3309576.0,"q":5.73,"p":1450.0,"mot":"L","mo":50000.0},{"ui":"3342104","t":2835804.0,"r":2732989.0,"q":5.83,"p":1450.0,"mot":"L","mo":50000.0},{"cn":"","ui":"","t":517945.0,"r":1611.0,"q":2.11,"p":516.49,"mot":"L","mo":1611.0}]},{"d":"12.10.2016","r":201611.0,"q":9.12,"p":2211.35,"s":[{"ui":"3587132","t":1.24353508E8,"r":1.21875768E8,"q":12.58,"p":3000.0,"mot":"L","mo":100000.0},{"ui":"2981925","t":3309576.0,"r":3209576.0,"q":5.73,"p":1450.0,"mot":"L","mo":50000.0},{"ui":"3342104","t":2732989.0,"r":2630174.0,"q":5.83,"p":1450.0,"mot":"L","mo":50000.0},{"cn":"","ui":"","t":513305.0,"r":1611.0,"q":2.11,"p":516.49,"mot":"L","mo":1611.0}]},{"d":"13.10.2016","r":648616.0,"q":8.65,"p":1946.51,"s":[{"ui":"3587132","t":1.22875768E8,"r":1.20398028E8,"q":12.58,"p":3000.0,"mot":"L","mo":100000.0},{"ui":"2981925","t":3209576.0,"r":3109576.0,"q":5.73,"p":1450.0,"mot":"L","mo":50000.0},{"ui":"3342104","t":2630174.0,"r":2527359.0,"q":5.83,"p":1450.0,"mot":"L","mo":50000.0},{"ui":"3855982","t":446005.0,"r":446005.0,"q":8.45,"p":1830.0,"mot":"U","mo":446005.0},{"cn":"","ui":"","t":508663.0,"r":2611.0,"q":2.12,"p":515.92,"mot":"L","mo":2611.0}]},{"d":"14.10.2016","r":203611.0,"q":9.05,"p":2194.69,"s":[{"ui":"3587132","t":1.21398028E8,"r":1.18920288E8,"q":12.58,"p":3000.0,"mot":"L","mo":100000.0},{"ui":"2981925","t":3109576.0,"r":2959576.0,"q":5.73,"p":1450.0,"mot":"L","mo":50000.0},{"ui":"3342104","t":2527359.0,"r":2374544.0,"q":5.83,"p":1450.0,"mot":"L","mo":50000.0},{"cn":"","ui":"","t":504021.0,"r":3611.0,"q":2.12,"p":515.66,"mot":"L","mo":3611.0}]},{"d":"15.10.2016","r":204110.0,"q":9.04,"p":2190.3,"s":[{"ui":"3587132","t":1.19920288E8,"r":1.17442598E8,"q":12.58,"p":3000.0,"mot":"L","mo":100000.0},{"ui":"2981925","t":2959576.0,"r":2809576.0,"q":5.73,"p":1450.0,"mot":"L","mo":50000.0},{"ui":"3342104","t":2374544.0,"r":2171729.0,"q":5.83,"p":1450.0,"mot":"L","mo":50000.0},{"cn":"","ui":"","t":498379.0,"r":4110.0,"q":1.99,"p":501.72,"mot":"L","mo":4110.0}]},{"d":"16.10.2016","r":162072.0,"q":9.81,"p":2335.74,"s":[{"ui":"3587132","t":1.18442598E8,"r":1.16064908E8,"q":12.59,"p":3000.0,"mot":"L","mo":100000.0},{"ui":"3342104","t":2221729.0,"r":2118914.0,"q":5.83,"p":1450.0,"mot":"L","mo":50000.0},{"cn":"","ui":"","t":499697.0,"r":12072.0,"q":3.27,"p":501.83,"mot":"L","mo":12072.0}]},{"d":"17.10.2016","r":218934.0,"q":8.7,"p":2075.92,"s":[{"ui":"3587132","t":1.17064908E8,"r":1.14687218E8,"q":12.59,"p":3000.0,"mot":"L","mo":100000.0},{"ui":"3861152","t":16962.0,"r":13724.0,"q":4.19,"p":500.0,"mot":"U","mo":13724.0},{"ui":"2981925","t":2859576.0,"r":2809576.0,"q":5.73,"p":1450.0,"mot":"L","mo":50000.0},{"ui":"3342104","t":2168914.0,"r":2066099.0,"q":5.83,"p":1450.0,"mot":"L","mo":50000.0},{"cn":"","ui":"","t":484066.0,"r":5210.0,"q":1.99,"p":504.48,"mot":"L","mo":5210.0}]},{"d":"18.10.2016","r":225696.0,"q":8.57,"p":2028.71,"s":[{"ui":"3587132","t":1.15685218E8,"r":1.13305528E8,"q":12.59,"p":3000.0,"mot":"L","mo":100000.0},{"ui":"3861152","t":23724.0,"r":20486.0,"q":4.19,"p":500.0,"mot":"U","mo":20486.0},{"ui":"2981925","t":2859576.0,"r":2793951.0,"q":5.73,"p":1450.0,"mot":"L","mo":50000.0},{"ui":"3342104","t":2116099.0,"r":2013284.0,"q":5.83,"p":1450.0,"mot":"L","mo":50000.0},{"cn":"","ui":"","t":477335.0,"r":5210.0,"q":1.99,"p":504.48,"mot":"L","mo":5210.0}]},{"d":"19.10.2016","r":232458.0,"q":8.44,"p":1984.24,"s":[{"ui":"3587132","t":1.14305528E8,"r":1.11925838E8,"q":12.59,"p":3000.0,"mot":"L","mo":100000.0},{"ui":"3861152","t":30486.0,"r":27248.0,"q":4.19,"p":500.0,"mot":"U","mo":27248.0},{"ui":"2981925","t":2843951.0,"r":2778326.0,"q":5.73,"p":1450.0,"mot":"L","mo":50000.0},{"ui":"3342104","t":2063284.0,"r":1960469.0,"q":5.83,"p":1450.0,"mot":"L","mo":50000.0},{"cn":"","ui":"","t":470604.0,"r":5210.0,"q":1.99,"p":504.48,"mot":"L","mo":5210.0}]},{"d":"20.10.2016","r":234620.0,"q":8.44,"p":1970.27,"s":[{"ui":"3587132","t":1.12925838E8,"r":1.10546198E8,"q":12.59,"p":3000.0,"mot":"L","mo":100000.0},{"ui":"3861152","t":37248.0,"r":34010.0,"q":4.19,"p":500.0,"mot":"U","mo":34010.0},{"ui":"2981925","t":2778326.0,"r":2712701.0,"q":5.73,"p":1450.0,"mot":"L","mo":50000.0},{"ui":"3342104","t":1960469.0,"r":1857654.0,"q":5.83,"p":1450.0,"mot":"L","mo":50000.0},{"cn":"","ui":"","t":457804.0,"r":610.0,"q":1.04,"p":425.18,"mot":"L","mo":610.0}]},{"d":"21.10.2016","r":241382.0,"q":8.32,"p":1929.08,"s":[{"ui":"3587132","t":1.11546198E8,"r":1.0916559E8,"q":12.59,"p":3000.0,"mot":"L","mo":100000.0},{"ui":"3861152","t":44010.0,"r":40772.0,"q":4.19,"p":500.0,"mot":"U","mo":40772.0},{"ui":"2981925","t":2712701.0,"r":2647076.0,"q":5.73,"p":1450.0,"mot":"L","mo":50000.0},{"ui":"3342104","t":1857654.0,"r":1754839.0,"q":5.83,"p":1450.0,"mot":"L","mo":50000.0},{"cn":"","ui":"","t":456973.0,"r":610.0,"q":1.04,"p":425.18,"mot":"L","mo":610.0}]},{"d":"22.10.2016","r":100000.0,"q":12.59,"p":3000.0,"s":[{"ui":"3587132","t":1.0878663E8,"r":1.0640699E8,"q":12.59,"p":3000.0,"mot":"L","mo":100000.0},{"cn":"","ui":"","t":0.0,"r":0.0,"q":0.0,"p":0.0,"mot":"L","mo":0.0}]},{"d":"23.10.2016","r":200610.0,"q":9.16,"p":2219.53,"s":[{"ui":"3587132","t":1.0878663E8,"r":1.0636199E8,"q":12.59,"p":3000.0,"mot":"L","mo":100000.0},{"ui":"2981925","t":2631451.0,"r":2565826.0,"q":5.73,"p":1450.0,"mot":"L","mo":50000.0},{"ui":"3342104","t":1701524.0,"r":1598209.0,"q":5.83,"p":1450.0,"mot":"L","mo":50000.0},{"cn":"","ui":"","t":454711.0,"r":610.0,"q":1.04,"p":425.18,"mot":"L","mo":610.0}]},{"d":"24.10.2016","r":200610.0,"q":9.16,"p":2219.53,"s":[{"ui":"3587132","t":1.0736199E8,"r":1.0486135E8,"q":12.59,"p":3000.0,"mot":"L","mo":100000.0},{"ui":"2981925","t":2615826.0,"r":2500201.0,"q":5.73,"p":1450.0,"mot":"L","mo":50000.0},{"ui":"3342104","t":1648209.0,"r":1494894.0,"q":5.83,"p":1450.0,"mot":"L","mo":50000.0},{"cn":"","ui":"","t":453280.0,"r":610.0,"q":1.04,"p":425.18,"mot":"L","mo":610.0}]},{"d":"25.10.2016","r":200610.0,"q":9.16,"p":2219.53,"s":[{"ui":"3587132","t":1.0586135E8,"r":1.0336071E8,"q":12.59,"p":3000.0,"mot":"L","mo":100000.0},{"ui":"2981925","t":2550201.0,"r":2434576.0,"q":5.73,"p":1450.0,"mot":"L","mo":50000.0},{"ui":"3342104","t":1544894.0,"r":1391579.0,"q":5.83,"p":1450.0,"mot":"L","mo":50000.0},{"cn":"","ui":"","t":451799.0,"r":610.0,"q":1.04,"p":425.18,"mot":"L","mo":610.0}]},{"d":"26.10.2016","r":200610.0,"q":9.16,"p":2219.53,"s":[{"ui":"3587132","t":1.0436071E8,"r":1.0186007E8,"q":12.59,"p":3000.0,"mot":"L","mo":100000.0},{"ui":"2981925","t":2484576.0,"r":2368951.0,"q":5.73,"p":1450.0,"mot":"L","mo":50000.0},{"ui":"3342104","t":1441579.0,"r":1288264.0,"q":5.83,"p":1450.0,"mot":"L","mo":50000.0},{"cn":"","ui":"","t":450118.0,"r":610.0,"q":1.04,"p":425.18,"mot":"L","mo":610.0}]},{"d":"27.10.2016","r":200610.0,"q":9.17,"p":2219.53,"s":[{"ui":"3587132","t":1.0286007E8,"r":1.0035943E8,"q":12.6,"p":3000.0,"mot":"L","mo":100000.0},{"ui":"2981925","t":2418951.0,"r":2303326.0,"q":5.73,"p":1450.0,"mot":"L","mo":50000.0},{"ui":"3342104","t":1338264.0,"r":1184949.0,"q":5.83,"p":1450.0,"mot":"L","mo":50000.0},{"cn":"","ui":"","t":448687.0,"r":610.0,"q":1.04,"p":425.18,"mot":"L","mo":610.0}]},{"d":"28.10.2016","r":1347872.0,"q":12.99,"p":2967.95,"s":[{"ui":"3587132","t":1.0135943E8,"r":9.885879E7,"q":12.6,"p":3000.0,"mot":"L","mo":100000.0},{"ui":"3734789","t":1146762.0,"r":1146762.0,"q":13.67,"p":3100.0,"mot":"U","mo":1146762.0},{"cn":"","ui":"","t":4035431.0,"r":101110.0,"q":5.73,"p":1438.62,"mot":"L","mo":101110.0}]},{"d":"29.10.2016","r":2514493.0,"q":8.91,"p":1822.82,"s":[{"ui":"3861152","t":1191459.0,"r":1166721.0,"q":4.19,"p":500.0,"mot":"U","mo":1166721.0},{"ui":"3734789","t":1146762.0,"r":1146662.0,"q":13.67,"p":3100.0,"mot":"U","mo":1146662.0},{"cn":"","ui":"","t":1.03789375E8,"r":201110.0,"q":9.15,"p":2215.0,"mot":"L","mo":201110.0}]},{"d":"30.10.2016","r":1347672.0,"q":12.99,"p":2967.93,"s":[{"ui":"3587132","t":9.835815E7,"r":9.585751E7,"q":12.6,"p":3000.0,"mot":"L","mo":100000.0},{"ui":"3734789","t":1146662.0,"r":1146562.0,"q":13.67,"p":3100.0,"mot":"U","mo":1146562.0},{"cn":"","ui":"","t":3824739.0,"r":101110.0,"q":5.73,"p":1438.62,"mot":"L","mo":101110.0}]},{"d":"31.10.2016","r":1347672.0,"q":12.99,"p":2967.74,"s":[{"ui":"3587132","t":9.685751E7,"r":9.435687E7,"q":12.6,"p":3000.0,"mot":"L","mo":100000.0},{"ui":"3734789","t":1146562.0,"r":1146462.0,"q":13.67,"p":3100.0,"mot":"U","mo":1146462.0},{"cn":"","ui":"","t":3717393.0,"r":101210.0,"q":5.72,"p":1437.66,"mot":"L","mo":101210.0}]},{"d":"01.11.2016","r":1347572.0,"q":12.99,"p":2967.73,"s":[{"ui":"3587132","t":9.535687E7,"r":9.285623E7,"q":12.6,"p":3000.0,"mot":"L","mo":100000.0},{"ui":"3734789","t":1146462.0,"r":1146362.0,"q":13.67,"p":3100.0,"mot":"U","mo":1146362.0},{"cn":"","ui":"","t":3609557.0,"r":101210.0,"q":5.72,"p":1437.66,"mot":"L","mo":101210.0}]},{"d":"02.11.2016","r":1347472.0,"q":12.99,"p":2967.72,"s":[{"ui":"3587132","t":9.385623E7,"r":9.135399E7,"q":12.6,"p":3000.0,"mot":"L","mo":100000.0},{"ui":"3734789","t":1146362.0,"r":1146262.0,"q":13.67,"p":3100.0,"mot":"U","mo":1146262.0},{"cn":"","ui":"","t":3401721.0,"r":101210.0,"q":5.72,"p":1437.66,"mot":"L","mo":101210.0}]},{"d":"03.11.2016","r":1347372.0,"q":12.99,"p":2967.71,"s":[{"ui":"3587132","t":9.235535E7,"r":8.985311E7,"q":12.6,"p":3000.0,"mot":"L","mo":100000.0},{"ui":"3734789","t":1146262.0,"r":1146162.0,"q":13.67,"p":3100.0,"mot":"U","mo":1146162.0},{"cn":"","ui":"","t":3194185.0,"r":101210.0,"q":5.72,"p":1437.66,"mot":"L","mo":101210.0}]},{"d":"04.11.2016","r":1347272.0,"q":12.99,"p":2967.7,"s":[{"ui":"3587132","t":9.0854293E7,"r":8.8352053E7,"q":12.6,"p":3000.0,"mot":"L","mo":100000.0},{"ui":"3734789","t":1146162.0,"r":1146062.0,"q":13.67,"p":3100.0,"mot":"U","mo":1146062.0},{"cn":"","ui":"","t":2986449.0,"r":101210.0,"q":5.72,"p":1437.66,"mot":"L","mo":101210.0}]},{"d":"05.11.2016","r":1347172.0,"q":12.99,"p":2967.69,"s":[{"ui":"3587132","t":8.935333E7,"r":8.685109E7,"q":12.6,"p":3000.0,"mot":"L","mo":100000.0},{"ui":"3734789","t":1146062.0,"r":1145962.0,"q":13.67,"p":3100.0,"mot":"U","mo":1145962.0},{"cn":"","ui":"","t":2779213.0,"r":101210.0,"q":5.72,"p":1437.66,"mot":"L","mo":101210.0}]},{"d":"06.11.2016","r":1334072.0,"q":12.99,"p":2966.39,"s":[{"ui":"3587132","t":8.785269E7,"r":8.532595E7,"q":12.61,"p":3000.0,"mot":"L","mo":100000.0},{"ui":"3734789","t":1145962.0,"r":1132862.0,"q":13.67,"p":3100.0,"mot":"U","mo":1132862.0},{"cn":"","ui":"","t":2571877.0,"r":101210.0,"q":5.72,"p":1437.66,"mot":"L","mo":101210.0}]},{"d":"07.11.2016","r":201210.0,"q":9.15,"p":2214.13,"s":[{"ui":"3587132","t":8.6328486E7,"r":8.3816246E7,"q":12.61,"p":3000.0,"mot":"L","mo":100000.0},{"ui":"2981925","t":1553326.0,"r":1453326.0,"q":5.73,"p":1450.0,"mot":"L","mo":50000.0},{"ui":"3342104","t":399299.0,"r":295984.0,"q":5.83,"p":1450.0,"mot":"L","mo":50000.0},{"cn":"","ui":"","t":411916.0,"r":1210.0,"q":1.04,"p":417.49,"mot":"L","mo":1210.0}]},{"d":"08.11.2016","r":201110.0,"q":9.15,"p":2215.0,"s":[{"ui":"3587132","t":8.4817846E7,"r":8.2307206E7,"q":12.61,"p":3000.0,"mot":"L","mo":100000.0},{"ui":"2981925","t":1453326.0,"r":1353326.0,"q":5.73,"p":1450.0,"mot":"L","mo":50000.0},{"ui":"3342104","t":295984.0,"r":192669.0,"q":5.83,"p":1450.0,"mot":"L","mo":50000.0},{"cn":"","ui":"","t":399695.0,"r":1110.0,"q":1.04,"p":413.84,"mot":"L","mo":1110.0}]},{"d":"09.11.2016","r":201210.0,"q":9.15,"p":2214.13,"s":[{"ui":"3587132","t":8.3307196E7,"r":8.0796546E7,"q":12.61,"p":3000.0,"mot":"L","mo":100000.0},{"ui":"2981925","t":1353326.0,"r":1253326.0,"q":5.73,"p":1450.0,"mot":"L","mo":50000.0},{"ui":"3342104","t":192669.0,"r":89354.0,"q":5.83,"p":1450.0,"mot":"L","mo":50000.0},{"cn":"","ui":"","t":403864.0,"r":1210.0,"q":1.04,"p":417.49,"mot":"L","mo":1210.0}]},{"d":"10.11.2016","r":151210.0,"q":10.24,"p":2466.8,"s":[{"ui":"3587132","t":8.1596546E7,"r":7.8785896E7,"q":12.61,"p":3000.0,"mot":"L","mo":100000.0},{"ui":"2981925","t":1253326.0,"r":1153326.0,"q":5.73,"p":1450.0,"mot":"L","mo":50000.0},{"cn":"","ui":"","t":399843.0,"r":1210.0,"q":1.04,"p":417.49,"mot":"L","mo":1210.0}]},{"d":"11.11.2016","r":151210.0,"q":10.24,"p":2466.8,"s":[{"ui":"3587132","t":7.9785896E7,"r":7.6775246E7,"q":12.61,"p":3000.0,"mot":"L","mo":100000.0},{"ui":"2981925","t":1153326.0,"r":1053326.0,"q":5.73,"p":1450.0,"mot":"L","mo":50000.0},{"cn":"","ui":"","t":394823.0,"r":1210.0,"q":1.04,"p":417.49,"mot":"L","mo":1210.0}]},{"d":"12.11.2016","r":151210.0,"q":10.24,"p":2466.8,"s":[{"ui":"3587132","t":7.7775256E7,"r":7.4764616E7,"q":12.61,"p":3000.0,"mot":"L","mo":100000.0},{"ui":"2981925","t":1053326.0,"r":953326.0,"q":5.73,"p":1450.0,"mot":"L","mo":50000.0},{"cn":"","ui":"","t":389803.0,"r":1210.0,"q":1.04,"p":417.49,"mot":"L","mo":1210.0}]},{"d":"13.11.2016","r":151210.0,"q":10.24,"p":2466.8,"s":[{"ui":"3587132","t":7.5764616E7,"r":7.2753976E7,"q":12.61,"p":3000.0,"mot":"L","mo":100000.0},{"ui":"2981925","t":953326.0,"r":853326.0,"q":5.73,"p":1450.0,"mot":"L","mo":50000.0},{"cn":"","ui":"","t":384783.0,"r":1210.0,"q":1.04,"p":417.49,"mot":"L","mo":1210.0}]},{"d":"14.11.2016","r":151210.0,"q":10.24,"p":2466.8,"s":[{"ui":"3587132","t":7.3753976E7,"r":7.0743336E7,"q":12.61,"p":3000.0,"mot":"L","mo":100000.0},{"ui":"2981925","t":853326.0,"r":753326.0,"q":5.73,"p":1450.0,"mot":"L","mo":50000.0},{"cn":"","ui":"","t":379713.0,"r":1210.0,"q":1.04,"p":417.49,"mot":"L","mo":1210.0}]},{"d":"15.11.2016","r":151210.0,"q":10.25,"p":2466.8,"s":[{"ui":"3587132","t":7.1743336E7,"r":6.8732696E7,"q":12.62,"p":3000.0,"mot":"L","mo":100000.0},{"ui":"2981925","t":753326.0,"r":652826.0,"q":5.73,"p":1450.0,"mot":"L","mo":50000.0},{"cn":"","ui":"","t":374643.0,"r":1210.0,"q":1.04,"p":417.49,"mot":"L","mo":1210.0}]},{"d":"16.11.2016","r":151210.0,"q":10.25,"p":2466.8,"s":[{"ui":"3587132","t":6.9732696E7,"r":6.6722056E7,"q":12.62,"p":3000.0,"mot":"L","mo":100000.0},{"ui":"2981925","t":652826.0,"r":552326.0,"q":5.73,"p":1450.0,"mot":"L","mo":50000.0},{"cn":"","ui":"","t":369573.0,"r":1210.0,"q":1.04,"p":417.49,"mot":"L","mo":1210.0}]},{"d":"17.11.2016","r":151210.0,"q":10.25,"p":2466.8,"s":[{"ui":"3587132","t":6.7722056E7,"r":6.4711416E7,"q":12.62,"p":3000.0,"mot":"L","mo":100000.0},{"ui":"2981925","t":552326.0,"r":451826.0,"q":5.73,"p":1450.0,"mot":"L","mo":50000.0},{"cn":"","ui":"","t":364203.0,"r":1210.0,"q":1.04,"p":417.49,"mot":"L","mo":1210.0}]},{"d":"18.11.2016","r":151210.0,"q":10.25,"p":2466.8,"s":[{"ui":"3587132","t":6.5711416E7,"r":6.2700776E7,"q":12.62,"p":3000.0,"mot":"L","mo":100000.0},{"ui":"2981925","t":451826.0,"r":351326.0,"q":5.73,"p":1450.0,"mot":"L","mo":50000.0},{"cn":"","ui":"","t":358123.0,"r":1210.0,"q":1.04,"p":417.49,"mot":"L","mo":1210.0}]},{"d":"19.11.2016","r":8855845.0,"q":10.61,"p":2499.43,"s":[{"ui":"2772143","t":8704635.0,"r":8704635.0,"q":10.62,"p":2500.0,"mot":"U","mo":8704635.0},{"cn":"","ui":"","t":6.4405183E7,"r":151210.0,"q":10.25,"p":2466.8,"mot":"L","mo":151210.0}]},{"d":"20.11.2016","r":8255845.0,"q":10.61,"p":2499.39,"s":[{"ui":"2772143","t":8704635.0,"r":8104635.0,"q":10.62,"p":2500.0,"mot":"U","mo":8104635.0},{"cn":"","ui":"","t":6.2189013E7,"r":151210.0,"q":10.25,"p":2466.8,"mot":"L","mo":151210.0}]},{"d":"21.11.2016","r":7605845.0,"q":10.64,"p":2506.24,"s":[{"ui":"2772143","t":8104635.0,"r":7504635.0,"q":10.62,"p":2500.0,"mot":"U","mo":7504635.0},{"cn":"","ui":"","t":6.0021517E7,"r":101210.0,"q":12.48,"p":2969.13,"mot":"L","mo":101210.0}]},{"d":"22.11.2016","r":298536.0,"q":12.12,"p":2817.46,"s":[{"ui":"3587132","t":5.7668166E7,"r":5.4656836E7,"q":12.62,"p":3000.0,"mot":"L","mo":100000.0},{"ui":"2981925","t":193593.0,"r":43093.0,"q":5.87,"p":1450.0,"mot":"L","mo":43093.0},{"ui":"3734789","t":167233.0,"r":154233.0,"q":13.63,"p":3100.0,"mot":"U","mo":154233.0},{"cn":"","ui":"","t":442081.0,"r":1210.0,"q":1.27,"p":417.49,"mot":"L","mo":1210.0}]},{"d":"23.11.2016","r":546226.0,"q":10.71,"p":2488.96,"s":[{"ui":"3587132","t":5.5656836E7,"r":5.2645506E7,"q":12.62,"p":3000.0,"mot":"L","mo":100000.0},{"ui":"3812977","t":96882.0,"r":86482.0,"q":1.0,"p":350.0,"mot":"U","mo":86482.0},{"ui":"2981925","t":236686.0,"r":86186.0,"q":5.87,"p":1450.0,"mot":"L","mo":50000.0},{"ui":"3734789","t":321466.0,"r":308466.0,"q":13.63,"p":3100.0,"mot":"U","mo":308466.0},{"cn":"","ui":"","t":702119.0,"r":1278.0,"q":1.38,"p":408.58,"mot":"L","mo":1278.0}]},{"d":"24.11.2016","r":8315803.0,"q":10.57,"p":2486.08,"s":[{"ui":"2772143","t":7504635.0,"r":7504635.0,"q":10.62,"p":2500.0,"mot":"U","mo":7504635.0},{"ui":"3734789","t":475699.0,"r":475699.0,"q":13.63,"p":3100.0,"mot":"U","mo":475699.0},{"cn":"","ui":"","t":5.4744911E7,"r":335469.0,"q":5.19,"p":1304.13,"mot":"L","mo":335469.0}]},{"d":"25.11.2016","r":3543471.0,"q":10.38,"p":2433.57,"s":[{"ui":"2772143","t":7504635.0,"r":2504635.0,"q":10.62,"p":2500.0,"mot":"U","mo":2504635.0},{"ui":"3812977","t":282436.0,"r":277436.0,"q":1.0,"p":350.0,"mot":"U","mo":277436.0},{"ui":"3734789","t":630932.0,"r":610190.0,"q":13.7,"p":3100.0,"mot":"U","mo":610190.0},{"cn":"","ui":"","t":5.2681205E7,"r":151210.0,"q":10.28,"p":2466.8,"mot":"L","mo":151210.0}]},{"d":"26.11.2016","r":1264307.0,"q":9.59,"p":2219.02,"s":[{"ui":"3587132","t":4.9822782E7,"r":4.701142E7,"q":12.63,"p":3000.0,"mot":"L","mo":100000.0},{"ui":"3812977","t":375213.0,"r":370213.0,"q":1.0,"p":350.0,"mot":"U","mo":370213.0},{"ui":"3734789","t":777423.0,"r":742884.0,"q":13.74,"p":3100.0,"mot":"U","mo":742884.0},{"cn":"","ui":"","t":1177152.0,"r":51210.0,"q":5.65,"p":1425.6,"mot":"L","mo":51210.0}]},{"d":"27.11.2016","r":1314383.0,"q":9.05,"p":2098.39,"s":[{"ui":"3587132","t":4.801142E7,"r":4.5200058E7,"q":12.63,"p":3000.0,"mot":"L","mo":100000.0},{"ui":"3812977","t":457990.0,"r":442990.0,"q":1.0,"p":350.0,"mot":"U","mo":442990.0},{"ui":"3734789","t":910117.0,"r":719203.0,"q":13.77,"p":3100.0,"mot":"U","mo":719203.0},{"cn":"","ui":"","t":1308216.0,"r":52190.0,"q":5.52,"p":1408.5,"mot":"L","mo":52190.0}]},{"d":"28.11.2016","r":715202.0,"q":13.04,"p":2964.43,"s":[{"ui":"3587132","t":4.6200058E7,"r":4.3388696E7,"q":12.63,"p":3000.0,"mot":"L","mo":100000.0},{"ui":"2981925","t":376273.0,"r":322773.0,"q":5.63,"p":1450.0,"mot":"L","mo":50000.0},{"ui":"3734789","t":886436.0,"r":563522.0,"q":13.8,"p":3100.0,"mot":"U","mo":563522.0},{"cn":"","ui":"","t":1059131.0,"r":1680.0,"q":1.6,"p":444.77,"mot":"L","mo":1680.0}]},{"d":"29.11.2016","r":636388.0,"q":11.4,"p":2615.35,"s":[{"ui":"3587132","t":4.4388696E7,"r":4.1577334E7,"q":12.63,"p":3000.0,"mot":"L","mo":100000.0},{"ui":"2981925","t":494503.0,"r":441003.0,"q":5.58,"p":1450.0,"mot":"L","mo":50000.0},{"ui":"3812977","t":92837.0,"r":77337.0,"q":1.0,"p":350.0,"mot":"U","mo":77337.0},{"ui":"3734789","t":730755.0,"r":407841.0,"q":13.82,"p":3100.0,"mot":"U","mo":407841.0},{"cn":"","ui":"","t":1153361.0,"r":1210.0,"q":1.69,"p":417.49,"mot":"L","mo":1210.0}]},{"d":"30.11.2016","r":556946.0,"q":9.31,"p":2169.78,"s":[{"ui":"3587132","t":4.2577334E7,"r":3.9865972E7,"q":12.64,"p":3000.0,"mot":"L","mo":100000.0},{"ui":"2981925","t":610582.0,"r":557082.0,"q":5.53,"p":1450.0,"mot":"L","mo":50000.0},{"ui":"3812977","t":170076.0,"r":153576.0,"q":1.0,"p":350.0,"mot":"U","mo":153576.0},{"ui":"3734789","t":575074.0,"r":252160.0,"q":13.84,"p":3100.0,"mot":"U","mo":252160.0},{"cn":"","ui":"","t":1250964.0,"r":1210.0,"q":1.71,"p":417.49,"mot":"L","mo":1210.0}]},{"d":"01.12.2016","r":151210.0,"q":10.2,"p":2466.8,"s":[{"ui":"3587132","t":4.0865972E7,"r":3.809861E7,"q":12.64,"p":3000.0,"mot":"L","mo":100000.0},{"ui":"2981925","t":557082.0,"r":503582.0,"q":5.53,"p":1450.0,"mot":"L","mo":50000.0},{"cn":"","ui":"","t":1246494.0,"r":1210.0,"q":1.71,"p":417.49,"mot":"L","mo":1210.0}]},{"d":"02.12.2016","r":151210.0,"q":10.2,"p":2466.8,"s":[{"ui":"3587132","t":3.909861E7,"r":3.6274614E7,"q":12.64,"p":3000.0,"mot":"L","mo":100000.0},{"ui":"2981925","t":505461.0,"r":451961.0,"q":5.53,"p":1450.0,"mot":"L","mo":50000.0},{"cn":"","ui":"","t":1241524.0,"r":1210.0,"q":1.71,"p":417.49,"mot":"L","mo":1210.0}]},{"d":"03.12.2016","r":2655845.0,"q":10.6,"p":2498.11,"s":[{"ui":"2772143","t":2504635.0,"r":2504635.0,"q":10.62,"p":2500.0,"mot":"U","mo":2504635.0},{"cn":"","ui":"","t":3.8964482E7,"r":151210.0,"q":10.2,"p":2466.8,"mot":"L","mo":151210.0}]},{"d":"04.12.2016","r":151210.0,"q":10.21,"p":2466.8,"s":[{"ui":"3587132","t":3.548079E7,"r":3.259788E7,"q":12.65,"p":3000.0,"mot":"L","mo":100000.0},{"ui":"2981925","t":403662.0,"r":350162.0,"q":5.53,"p":1450.0,"mot":"L","mo":50000.0},{"cn":"","ui":"","t":1229584.0,"r":1210.0,"q":1.72,"p":417.49,"mot":"L","mo":1210.0}]},{"d":"05.12.2016","r":151210.0,"q":10.21,"p":2466.8,"s":[{"ui":"3587132","t":3.359388E7,"r":3.0547782E7,"q":12.65,"p":3000.0,"mot":"L","mo":100000.0},{"ui":"2981925","t":353033.0,"r":299533.0,"q":5.53,"p":1450.0,"mot":"L","mo":50000.0},{"cn":"","ui":"","t":1223614.0,"r":1210.0,"q":1.72,"p":417.49,"mot":"L","mo":1210.0}]},{"d":"08.12.2016","r":151230.0,"q":10.21,"p":2466.54,"s":[{"ui":"3587132","t":2.7472582E7,"r":2.4384982E7,"q":12.66,"p":3000.0,"mot":"L","mo":100000.0},{"ui":"2981925","t":201287.0,"r":147787.0,"q":5.53,"p":1450.0,"mot":"L","mo":50000.0},{"cn":"","ui":"","t":1203104.0,"r":1230.0,"q":1.73,"p":418.15,"mot":"L","mo":1230.0}]},{"d":"09.12.2016","r":151230.0,"q":10.21,"p":2466.54,"s":[{"ui":"3587132","t":2.5384982E7,"r":2.2297382E7,"q":12.66,"p":3000.0,"mot":"L","mo":100000.0},{"ui":"2981925","t":150787.0,"r":97287.0,"q":5.53,"p":1450.0,"mot":"L","mo":50000.0},{"cn":"","ui":"","t":1196504.0,"r":1230.0,"q":1.73,"p":419.15,"mot":"L","mo":1230.0}]},{"d":"10.12.2016","r":148037.0,"q":10.31,"p":2488.34,"s":[{"ui":"3587132","t":2.3297382E7,"r":2.0309782E7,"q":12.66,"p":3000.0,"mot":"L","mo":100000.0},{"ui":"2981925","t":100287.0,"r":46787.0,"q":5.53,"p":1450.0,"mot":"L","mo":46787.0},{"cn":"","ui":"","t":1189934.0,"r":1250.0,"q":1.73,"p":420.77,"mot":"L","mo":1250.0}]},{"d":"11.12.2016","r":101200.0,"q":12.54,"p":2969.41,"s":[{"ui":"3587132","t":2.1309782E7,"r":1.8322182E7,"q":12.67,"p":3000.0,"mot":"L","mo":100000.0},{"cn":"","ui":"","t":1176224.0,"r":1200.0,"q":1.78,"p":420.25,"mot":"L","mo":1200.0}]},{"d":"12.12.2016","r":101321.0,"q":12.53,"p":2966.42,"s":[{"ui":"3587132","t":1.9322182E7,"r":1.6334582E7,"q":12.67,"p":3000.0,"mot":"L","mo":100000.0},{"cn":"","ui":"","t":1176824.0,"r":1321.0,"q":1.74,"p":424.65,"mot":"L","mo":1321.0}]},{"d":"13.12.2016","r":101342.0,"q":12.53,"p":2965.92,"s":[{"ui":"3587132","t":1.7334582E7,"r":1.4346982E7,"q":12.67,"p":3000.0,"mot":"L","mo":100000.0},{"cn":"","ui":"","t":1170254.0,"r":1342.0,"q":1.74,"p":426.09,"mot":"L","mo":1342.0}]},{"d":"14.12.2016","r":101364.0,"q":12.53,"p":2965.38,"s":[{"ui":"3587132","t":1.5346982E7,"r":1.2431416E7,"q":12.68,"p":3000.0,"mot":"L","mo":100000.0},{"cn":"","ui":"","t":1163684.0,"r":1364.0,"q":1.75,"p":427.52,"mot":"L","mo":1364.0}]},{"d":"15.12.2016","r":102250.0,"q":12.43,"p":2944.07,"s":[{"ui":"3587132","t":1.3431416E7,"r":1.0443816E7,"q":12.68,"p":3000.0,"mot":"L","mo":100000.0},{"cn":"","ui":"","t":1157078.0,"r":2250.0,"q":1.54,"p":458.29,"mot":"L","mo":2250.0}]},{"d":"16.12.2016","r":103270.0,"q":12.34,"p":2920.18,"s":[{"ui":"3587132","t":1.1443816E7,"r":8456216.0,"q":12.69,"p":3000.0,"mot":"L","mo":100000.0},{"cn":"","ui":"","t":1152708.0,"r":3270.0,"q":1.61,"p":479.07,"mot":"L","mo":3270.0}]},{"d":"17.12.2016","r":102290.0,"q":12.44,"p":2943.12,"s":[{"ui":"3587132","t":9456216.0,"r":6468616.0,"q":12.69,"p":3000.0,"mot":"L","mo":100000.0},{"cn":"","ui":"","t":1143938.0,"r":2290.0,"q":1.56,"p":459.37,"mot":"L","mo":2290.0}]},{"d":"18.12.2016","r":102310.0,"q":12.45,"p":2942.65,"s":[{"ui":"3587132","t":7468616.0,"r":4481016.0,"q":12.7,"p":3000.0,"mot":"L","mo":100000.0},{"cn":"","ui":"","t":1135268.0,"r":2310.0,"q":1.56,"p":459.9,"mot":"L","mo":2310.0}]},{"d":"19.12.2016","r":102330.0,"q":12.45,"p":2942.17,"s":[{"ui":"3587132","t":5481016.0,"r":2493416.0,"q":12.7,"p":3000.0,"mot":"L","mo":100000.0},{"cn":"","ui":"","t":1126598.0,"r":2330.0,"q":1.57,"p":460.41,"mot":"L","mo":2330.0}]},{"d":"20.12.2016","r":102360.0,"q":12.45,"p":2941.47,"s":[{"ui":"3587132","t":3493416.0,"r":505816.0,"q":12.71,"p":3000.0,"mot":"L","mo":100000.0},{"cn":"","ui":"","t":1117628.0,"r":2360.0,"q":1.58,"p":461.29,"mot":"L","mo":2360.0}]},{"d":"21.12.2016","r":2389.0,"q":1.59,"p":462.1,"s":[{"ui":"3637636","t":3170.0,"r":2070.0,"q":1.31,"p":499.0,"mot":"L","mo":1000.0},{"ui":"3812993","t":1073579.0,"r":1065701.0,"q":1.82,"p":400.0,"mot":"L","mo":1000.0},{"ui":"3769380","t":260.0,"r":260.0,"q":1.82,"p":520.0,"mot":"U","mo":260.0},{"cn":"","ui":"","t":31949.0,"r":129.0,"q":1.54,"p":540.77,"mot":"L","mo":129.0}]},{"d":"22.12.2016","r":2417.0,"q":1.6,"p":462.86,"s":[{"ui":"3637636","t":2170.0,"r":1070.0,"q":1.33,"p":499.0,"mot":"L","mo":1000.0},{"ui":"3812993","t":1065701.0,"r":1057824.0,"q":1.82,"p":400.0,"mot":"L","mo":1000.0},{"ui":"3769380","t":280.0,"r":280.0,"q":1.82,"p":520.0,"mot":"U","mo":280.0},{"cn":"","ui":"","t":32137.0,"r":137.0,"q":1.56,"p":541.15,"mot":"L","mo":137.0}]},{"d":"23.12.2016","r":1514.0,"q":1.78,"p":441.81,"s":[{"ui":"3812993","t":1057824.0,"r":1049948.0,"q":1.82,"p":400.0,"mot":"L","mo":1000.0},{"ui":"3580462","t":19070.0,"r":18770.0,"q":1.53,"p":513.1,"mot":"L","mo":100.0},{"ui":"3769380","t":300.0,"r":300.0,"q":1.82,"p":520.0,"mot":"U","mo":300.0},{"cn":"","ui":"","t":14424.0,"r":114.0,"q":1.5,"p":540.25,"mot":"L","mo":114.0}]},{"d":"24.12.2016","r":1470.0,"q":1.8,"p":440.58,"s":[{"ui":"3812993","t":1049948.0,"r":1042072.0,"q":1.82,"p":400.0,"mot":"L","mo":1000.0},{"ui":"3580462","t":19270.0,"r":18970.0,"q":1.54,"p":513.1,"mot":"L","mo":100.0},{"ui":"3769380","t":320.0,"r":320.0,"q":1.82,"p":520.0,"mot":"U","mo":320.0},{"cn":"","ui":"","t":13230.0,"r":50.0,"q":1.72,"p":598.86,"mot":"L","mo":50.0}]},{"d":"25.12.2016","r":1496.0,"q":1.8,"p":440.61,"s":[{"ui":"3812993","t":1042172.0,"r":1034297.0,"q":1.82,"p":400.0,"mot":"L","mo":1000.0},{"ui":"3580462","t":19470.0,"r":19170.0,"q":1.54,"p":513.1,"mot":"L","mo":100.0},{"ui":"3769380","t":340.0,"r":340.0,"q":1.82,"p":520.0,"mot":"U","mo":340.0},{"cn":"","ui":"","t":13206.0,"r":56.0,"q":1.73,"p":554.46,"mot":"L","mo":56.0}]},{"d":"26.12.2016","r":1557.0,"q":1.8,"p":440.92,"s":[{"ui":"3812993","t":1034397.0,"r":1026522.0,"q":1.82,"p":400.0,"mot":"L","mo":1000.0},{"ui":"3580462","t":19670.0,"r":19370.0,"q":1.55,"p":513.1,"mot":"L","mo":100.0},{"ui":"3769380","t":360.0,"r":360.0,"q":1.82,"p":520.0,"mot":"U","mo":360.0},{"cn":"","ui":"","t":13217.0,"r":97.0,"q":1.77,"p":494.82,"mot":"L","mo":97.0}]},{"d":"27.12.2016","r":1110.0,"q":1.79,"p":413.84,"s":[{"ui":"3812993","t":1026622.0,"r":1018747.0,"q":1.82,"p":400.0,"mot":"L","mo":1000.0},{"ui":"3580462","t":19870.0,"r":19570.0,"q":1.56,"p":513.1,"mot":"L","mo":100.0},{"cn":"","ui":"","t":13100.0,"r":10.0,"q":1.32,"p":805.0,"mot":"L","mo":10.0}]},{"d":"28.12.2016","r":1554.0,"q":1.8,"p":427.03,"s":[{"ui":"3961339","t":500.0,"r":444.0,"q":1.82,"p":460.0,"mot":"U","mo":444.0},{"ui":"3812993","t":1018352.0,"r":1009982.0,"q":1.82,"p":400.0,"mot":"L","mo":1000.0},{"ui":"3580462","t":20070.0,"r":19770.0,"q":1.56,"p":513.1,"mot":"L","mo":100.0},{"cn":"","ui":"","t":13080.0,"r":10.0,"q":1.32,"p":805.0,"mot":"L","mo":10.0}]},{"d":"29.12.2016","r":2310.0,"q":1.68,"p":465.4,"s":[{"ui":"3812993","t":1010082.0,"r":1000312.0,"q":1.82,"p":400.0,"mot":"L","mo":1000.0},{"ui":"3580462","t":20270.0,"r":19970.0,"q":1.57,"p":513.1,"mot":"L","mo":1300.0},{"cn":"","ui":"","t":13060.0,"r":10.0,"q":1.32,"p":805.0,"mot":"L","mo":10.0}]},{"d":"30.12.2016","r":2310.0,"q":1.68,"p":465.4,"s":[{"ui":"3812993","t":999912.0,"r":987642.0,"q":1.82,"p":400.0,"mot":"L","mo":1000.0},{"ui":"3580462","t":20970.0,"r":17170.0,"q":1.58,"p":513.1,"mot":"L","mo":1300.0},{"cn":"","ui":"","t":13040.0,"r":10.0,"q":1.32,"p":805.0,"mot":"L","mo":10.0}]},{"d":"31.12.2016","r":2310.0,"q":1.69,"p":465.4,"s":[{"ui":"3812993","t":987742.0,"r":973472.0,"q":1.82,"p":400.0,"mot":"L","mo":1000.0},{"ui":"3580462","t":18170.0,"r":12770.0,"q":1.6,"p":513.1,"mot":"L","mo":1300.0},{"cn":"","ui":"","t":13020.0,"r":10.0,"q":1.32,"p":805.0,"mot":"L","mo":10.0}]},{"d":"01.01.2017","r":2310.0,"q":1.7,"p":471.03,"s":[{"ui":"3812993","t":973572.0,"r":960302.0,"q":1.82,"p":400.0,"mot":"L","mo":1000.0},{"ui":"3580462","t":13770.0,"r":8670.0,"q":1.61,"p":523.1,"mot":"L","mo":1300.0},{"cn":"","ui":"","t":12980.0,"r":10.0,"q":1.32,"p":805.0,"mot":"L","mo":10.0}]},{"d":"02.01.2017","r":2310.0,"q":1.71,"p":471.03,"s":[{"ui":"3812993","t":960402.0,"r":946132.0,"q":1.82,"p":400.0,"mot":"L","mo":1000.0},{"ui":"3580462","t":9670.0,"r":3270.0,"q":1.63,"p":523.1,"mot":"L","mo":1300.0},{"cn":"","ui":"","t":12940.0,"r":10.0,"q":1.32,"p":805.0,"mot":"L","mo":10.0}]},{"d":"03.01.2017","r":1010.0,"q":1.82,"p":404.01,"s":[{"ui":"3812993","t":946232.0,"r":933062.0,"q":1.82,"p":400.0,"mot":"L","mo":1000.0},{"cn":"","ui":"","t":12890.0,"r":10.0,"q":1.32,"p":805.0,"mot":"L","mo":10.0}]},{"d":"04.01.2017","r":1010.0,"q":1.82,"p":404.01,"s":[{"ui":"3812993","t":933062.0,"r":918892.0,"q":1.82,"p":400.0,"mot":"L","mo":1000.0},{"cn":"","ui":"","t":12850.0,"r":10.0,"q":1.32,"p":805.0,"mot":"L","mo":10.0}]},{"d":"05.01.2017","r":1010.0,"q":1.82,"p":404.01,"s":[{"ui":"3812993","t":918892.0,"r":904722.0,"q":1.82,"p":400.0,"mot":"L","mo":1000.0},{"cn":"","ui":"","t":12800.0,"r":10.0,"q":1.32,"p":805.0,"mot":"L","mo":10.0}]},{"d":"06.01.2017","r":3198.0,"q":1.82,"p":517.76,"s":[{"ui":"3637636","t":1740.0,"r":1440.0,"q":1.82,"p":529.0,"mot":"L","mo":1000.0},{"ui":"3812993","t":905722.0,"r":893552.0,"q":1.82,"p":400.0,"mot":"L","mo":1000.0},{"ui":"3655582","t":3088.0,"r":1188.0,"q":1.82,"p":605.0,"mot":"L","mo":1188.0},{"cn":"","ui":"","t":12750.0,"r":10.0,"q":1.32,"p":805.0,"mot":"L","mo":10.0}]},{"d":"07.01.2017","r":4486.0,"q":1.82,"p":542.81,"s":[{"ui":"3637636","t":2460.0,"r":2160.0,"q":1.82,"p":529.0,"mot":"L","mo":1000.0},{"ui":"3812993","t":893552.0,"r":881382.0,"q":1.82,"p":400.0,"mot":"L","mo":1000.0},{"ui":"3655582","t":4276.0,"r":2476.0,"q":1.82,"p":605.0,"mot":"L","mo":2476.0},{"cn":"","ui":"","t":12720.0,"r":10.0,"q":1.32,"p":805.0,"mot":"L","mo":10.0}]},{"d":"08.01.2017","r":19110.0,"q":1.75,"p":554.42,"s":[{"ui":"3637636","t":3180.0,"r":2880.0,"q":1.82,"p":529.0,"mot":"L","mo":1000.0},{"ui":"3436804","t":12500.0,"r":12500.0,"q":1.72,"p":550.0,"mot":"U","mo":12500.0},{"ui":"3812993","t":881382.0,"r":870212.0,"q":1.82,"p":400.0,"mot":"L","mo":1000.0},{"ui":"3655582","t":6764.0,"r":6318.0,"q":1.82,"p":605.0,"mot":"L","mo":4600.0},{"cn":"","ui":"","t":12690.0,"r":10.0,"q":1.32,"p":805.0,"mot":"L","mo":10.0}]},{"d":"09.01.2017","r":16109.0,"q":1.76,"p":555.25,"s":[{"ui":"3436804","t":12500.0,"r":9499.0,"q":1.72,"p":550.0,"mot":"U","mo":9499.0},{"ui":"3637636","t":3900.0,"r":2599.0,"q":1.82,"p":529.0,"mot":"L","mo":1000.0},{"ui":"3812993","t":870212.0,"r":859042.0,"q":1.82,"p":400.0,"mot":"L","mo":1000.0},{"ui":"3655582","t":9406.0,"r":9405.0,"q":1.82,"p":605.0,"mot":"L","mo":4600.0},{"cn":"","ui":"","t":12660.0,"r":10.0,"q":1.32,"p":805.0,"mot":"L","mo":10.0}]},{"d":"10.01.2017","r":13108.0,"q":1.77,"p":556.45,"s":[{"ui":"3637636","t":3619.0,"r":2618.0,"q":1.82,"p":529.0,"mot":"L","mo":1000.0},{"ui":"3436804","t":9499.0,"r":6498.0,"q":1.72,"p":550.0,"mot":"U","mo":6498.0},{"ui":"3812993","t":859042.0,"r":847872.0,"q":1.82,"p":400.0,"mot":"L","mo":1000.0},{"ui":"3655582","t":12493.0,"r":12492.0,"q":1.82,"p":605.0,"mot":"L","mo":4600.0},{"cn":"","ui":"","t":12629.0,"r":10.0,"q":1.32,"p":805.0,"mot":"L","mo":10.0}]},{"d":"11.01.2017","r":10164.0,"q":1.79,"p":557.82,"s":[{"ui":"3436804","t":6498.0,"r":3498.0,"q":1.72,"p":550.0,"mot":"U","mo":3498.0},{"ui":"3637636","t":3638.0,"r":2238.0,"q":1.82,"p":529.0,"mot":"L","mo":1000.0},{"ui":"3812993","t":847872.0,"r":836702.0,"q":1.82,"p":400.0,"mot":"L","mo":1000.0},{"ui":"3655582","t":14380.0,"r":14380.0,"q":1.82,"p":605.0,"mot":"L","mo":4600.0},{"cn":"","ui":"","t":13598.0,"r":66.0,"q":1.74,"p":512.27,"mot":"L","mo":66.0}]},{"d":"12.01.2017","r":8120.0,"q":1.81,"p":547.13,"s":[{"ui":"3436804","t":3498.0,"r":498.0,"q":1.72,"p":550.0,"mot":"U","mo":498.0},{"ui":"3637636","t":3258.0,"r":2258.0,"q":1.82,"p":529.0,"mot":"L","mo":1000.0},{"ui":"3812993","t":836702.0,"r":826532.0,"q":1.82,"p":400.0,"mot":"L","mo":1000.0},{"ui":"3655582","t":16268.0,"r":16268.0,"q":1.82,"p":589.0,"mot":"L","mo":4600.0},{"ui":"3580462","t":1000.0,"r":900.0,"q":1.82,"p":523.1,"mot":"L","mo":900.0},{"cn":"","ui":"","t":13624.0,"r":122.0,"q":1.78,"p":488.28,"mot":"L","mo":122.0}]},{"d":"13.01.2017","r":8578.0,"q":1.83,"p":543.87,"s":[{"ui":"3637636","t":3278.0,"r":2278.0,"q":1.82,"p":529.0,"mot":"L","mo":1000.0},{"ui":"3812993","t":929431.0,"r":919261.0,"q":1.9,"p":400.0,"mot":"L","mo":1000.0},{"ui":"3655582","t":18156.0,"r":18156.0,"q":1.82,"p":589.0,"mot":"L","mo":4600.0},{"ui":"3580462","t":1900.0,"r":1800.0,"q":1.82,"p":523.1,"mot":"L","mo":1800.0},{"cn":"","ui":"","t":13650.0,"r":178.0,"q":1.79,"p":479.38,"mot":"L","mo":178.0}]},{"d":"14.01.2017","r":11634.0,"q":1.78,"p":500.91,"s":[{"ui":"3637636","t":3298.0,"r":2298.0,"q":1.84,"p":529.0,"mot":"L","mo":1000.0},{"ui":"3812993","t":1031629.0,"r":1021459.0,"q":1.95,"p":400.0,"mot":"L","mo":1000.0},{"ui":"4013291","t":20000.0,"r":19000.0,"q":1.52,"p":350.0,"mot":"L","mo":2500.0},{"ui":"3655582","t":20301.0,"r":20301.0,"q":1.82,"p":589.0,"mot":"L","mo":4600.0},{"ui":"3580462","t":2800.0,"r":2700.0,"q":1.85,"p":523.1,"mot":"L","mo":2300.0},{"cn":"","ui":"","t":13676.0,"r":234.0,"q":1.87,"p":474.74,"mot":"L","mo":234.0}]},{"d":"15.01.2017","r":7978.0,"q":1.79,"p":445.28,"s":[{"ui":"3637636","t":3318.0,"r":2318.0,"q":1.88,"p":529.0,"mot":"L","mo":1000.0},{"ui":"3961339","t":1224.0,"r":1168.0,"q":1.94,"p":460.0,"mot":"U","mo":1168.0},{"ui":"3812993","t":1132093.0,"r":1121923.0,"q":2.0,"p":400.0,"mot":"L","mo":1000.0},{"ui":"4013291","t":39000.0,"r":38000.0,"q":1.51,"p":350.0,"mot":"L","mo":2500.0},{"ui":"3580462","t":3700.0,"r":3600.0,"q":1.88,"p":523.1,"mot":"L","mo":2300.0},{"cn":"","ui":"","t":12478.0,"r":10.0,"q":1.32,"p":805.0,"mot":"L","mo":10.0}]},{"d":"16.01.2017","r":1000.0,"q":2.03,"p":400.0,"s":[{"ui":"3812993","t":1232817.0,"r":1222647.0,"q":2.03,"p":400.0,"mot":"L","mo":1000.0},{"cn":"","ui":"","t":0.0,"r":0.0,"q":0.0,"p":0.0,"mot":"L","mo":0.0}]},{"d":"17.01.2017","r":12787.0,"q":3.06,"p":698.22,"s":[{"ui":"3637636","t":3338.0,"r":2338.0,"q":1.91,"p":529.0,"mot":"L","mo":1000.0},{"ui":"3812993","t":1232817.0,"r":1223547.0,"q":2.03,"p":400.0,"mot":"L","mo":1000.0},{"ui":"3961339","t":2168.0,"r":1702.0,"q":1.97,"p":460.0,"mot":"U","mo":1702.0},{"ui":"4013291","t":58000.0,"r":54500.0,"q":1.51,"p":350.0,"mot":"L","mo":2500.0},{"ui":"3580462","t":4600.0,"r":4500.0,"q":1.9,"p":523.1,"mot":"L","mo":2300.0},{"ui":"3692183","t":4275.0,"r":4275.0,"q":5.53,"p":1200.0,"mot":"U","mo":4275.0},{"cn":"","ui":"","t":12448.0,"r":10.0,"q":1.32,"p":805.0,"mot":"L","mo":10.0}]},{"d":"18.01.2017","r":842911.0,"q":5.1,"p":1193.77,"s":[{"ui":"4019480","t":836165.0,"r":836165.0,"q":5.13,"p":1200.0,"mot":"U","mo":836165.0},{"cn":"","ui":"","t":1426934.0,"r":6746.0,"q":1.81,"p":421.08,"mot":"L","mo":6746.0}]},{"d":"19.01.2017","r":7236.0,"q":1.84,"p":423.72,"s":[{"ui":"3637636","t":3378.0,"r":2378.0,"q":1.98,"p":529.0,"mot":"L","mo":1000.0},{"ui":"3961339","t":3236.0,"r":2726.0,"q":2.01,"p":460.0,"mot":"U","mo":2726.0},{"ui":"3812993","t":1433693.0,"r":1424423.0,"q":2.06,"p":400.0,"mot":"L","mo":1000.0},{"ui":"4013291","t":89837.0,"r":84837.0,"q":1.5,"p":350.0,"mot":"L","mo":2500.0},{"cn":"","ui":"","t":12388.0,"r":10.0,"q":1.32,"p":805.0,"mot":"L","mo":10.0}]},{"d":"20.01.2017","r":1687466.0,"q":5.1,"p":1193.64,"s":[{"ui":"4019480","t":1672330.0,"r":1672330.0,"q":5.13,"p":1200.0,"mot":"U","mo":1672330.0},{"cn":"","ui":"","t":1684129.0,"r":15136.0,"q":1.86,"p":491.45,"mot":"L","mo":15136.0}]},{"d":"21.01.2017","r":2505608.0,"q":5.11,"p":1196.0,"s":[{"ui":"4019480","t":2491772.0,"r":2491772.0,"q":5.13,"p":1200.0,"mot":"U","mo":2491772.0},{"cn":"","ui":"","t":1785038.0,"r":13836.0,"q":1.87,"p":475.93,"mot":"L","mo":13836.0}]},{"d":"22.01.2017","r":10236.0,"q":1.91,"p":434.35,"s":[{"ui":"3637636","t":4438.0,"r":4438.0,"q":2.03,"p":529.0,"mot":"L","mo":1000.0},{"ui":"3961339","t":5726.0,"r":5726.0,"q":2.04,"p":460.0,"mot":"U","mo":5726.0},{"ui":"3812993","t":1718038.0,"r":1707768.0,"q":2.06,"p":400.0,"mot":"L","mo":1000.0},{"ui":"4013291","t":128437.0,"r":120287.0,"q":1.51,"p":350.0,"mot":"L","mo":2500.0},{"cn":"","ui":"","t":12298.0,"r":10.0,"q":1.32,"p":805.0,"mot":"L","mo":10.0}]},{"d":"23.01.2017","r":15511.0,"q":2.92,"p":536.78,"s":[{"ui":"3637636","t":5458.0,"r":5458.0,"q":2.04,"p":529.0,"mot":"L","mo":1000.0},{"ui":"3961339","t":6726.0,"r":6726.0,"q":2.04,"p":460.0,"mot":"U","mo":6726.0},{"ui":"3812993","t":1707768.0,"r":1698398.0,"q":2.06,"p":400.0,"mot":"L","mo":1000.0},{"ui":"4013291","t":140287.0,"r":129677.0,"q":1.51,"p":350.0,"mot":"L","mo":2500.0},{"ui":"3692183","t":4275.0,"r":4275.0,"q":5.53,"p":800.0,"mot":"U","mo":4275.0},{"cn":"","ui":"","t":12268.0,"r":10.0,"q":1.32,"p":805.0,"mot":"L","mo":10.0}]},{"d":"24.01.2017","r":14536.0,"q":1.93,"p":451.92,"s":[{"ui":"3637636","t":5578.0,"r":4578.0,"q":2.04,"p":529.0,"mot":"L","mo":1000.0},{"ui":"3812993","t":1699818.0,"r":1690448.0,"q":2.06,"p":400.0,"mot":"L","mo":1000.0},{"ui":"3961339","t":7726.0,"r":7726.0,"q":2.04,"p":460.0,"mot":"U","mo":7726.0},{"ui":"4013291","t":152115.0,"r":143005.0,"q":1.51,"p":350.0,"mot":"L","mo":2500.0},{"ui":"3580462","t":4600.0,"r":4500.0,"q":1.92,"p":523.1,"mot":"L","mo":2300.0},{"cn":"","ui":"","t":12238.0,"r":10.0,"q":1.32,"p":805.0,"mot":"L","mo":10.0}]},{"d":"25.01.2017","r":13236.0,"q":1.95,"p":440.16,"s":[{"ui":"3637636","t":5518.0,"r":4518.0,"q":2.04,"p":529.0,"mot":"L","mo":1000.0},{"ui":"3961339","t":8726.0,"r":8726.0,"q":2.05,"p":460.0,"mot":"U","mo":8726.0},{"ui":"3812993","t":1692448.0,"r":1683078.0,"q":2.06,"p":400.0,"mot":"L","mo":1000.0},{"ui":"4013291","t":164005.0,"r":155895.0,"q":1.51,"p":350.0,"mot":"L","mo":2500.0},{"cn":"","ui":"","t":12208.0,"r":10.0,"q":1.32,"p":805.0,"mot":"L","mo":10.0}]},{"d":"26.01.2017","r":14236.0,"q":1.92,"p":433.83,"s":[{"ui":"3637636","t":5638.0,"r":4638.0,"q":2.04,"p":529.0,"mot":"L","mo":1000.0},{"ui":"3812993","t":1685078.0,"r":1675708.0,"q":2.06,"p":400.0,"mot":"L","mo":1000.0},{"ui":"3961339","t":9726.0,"r":8726.0,"q":2.05,"p":460.0,"mot":"U","mo":8726.0},{"ui":"4013291","t":175895.0,"r":164285.0,"q":1.51,"p":350.0,"mot":"L","mo":3500.0},{"cn":"","ui":"","t":12178.0,"r":10.0,"q":1.32,"p":805.0,"mot":"L","mo":10.0}]},{"d":"27.01.2017","r":17536.0,"q":1.93,"p":447.03,"s":[{"ui":"3637636","t":5758.0,"r":4758.0,"q":2.04,"p":529.0,"mot":"L","mo":1000.0},{"ui":"3961339","t":10726.0,"r":9726.0,"q":2.05,"p":460.0,"mot":"U","mo":9726.0},{"ui":"3812993","t":1677708.0,"r":1668338.0,"q":2.06,"p":400.0,"mot":"L","mo":1000.0},{"ui":"4013291","t":186344.0,"r":173734.0,"q":1.51,"p":350.0,"mot":"L","mo":3500.0},{"ui":"3580462","t":4600.0,"r":4500.0,"q":1.93,"p":523.1,"mot":"L","mo":2300.0},{"cn":"","ui":"","t":12148.0,"r":10.0,"q":1.32,"p":805.0,"mot":"L","mo":10.0}]},{"d":"28.01.2017","r":4327450.0,"q":5.06,"p":1197.14,"s":[{"ui":"4019480","t":3311214.0,"r":3311214.0,"q":5.13,"p":1200.0,"mot":"U","mo":3311214.0},{"ui":"3709457","t":1000000.0,"r":1000000.0,"q":4.89,"p":1200.0,"mot":"U","mo":1000000.0},{"cn":"","ui":"","t":1896559.0,"r":16236.0,"q":1.93,"p":437.05,"mot":"L","mo":16236.0}]},{"d":"29.01.2017","r":128440.0,"q":4.7,"p":1100.51,"s":[{"ui":"4019480","t":3311214.0,"r":111214.0,"q":5.13,"p":1200.0,"mot":"U","mo":111214.0},{"ui":"3961339","t":12726.0,"r":10726.0,"q":2.05,"p":460.0,"mot":"U","mo":10726.0},{"cn":"","ui":"","t":1887060.0,"r":6500.0,"q":1.65,"p":455.23,"mot":"L","mo":6500.0}]},{"d":"30.01.2017","r":18226.0,"q":1.91,"p":458.3,"s":[{"ui":"3562160","t":12058.0,"r":12028.0,"q":1.32,"p":805.0,"mot":"L","mo":1000.0},{"ui":"3637636","t":4841.0,"r":3841.0,"q":2.04,"p":529.0,"mot":"L","mo":1000.0},{"ui":"3812993","t":1655598.0,"r":1647228.0,"q":2.06,"p":400.0,"mot":"L","mo":1000.0},{"ui":"3961339","t":13726.0,"r":11726.0,"q":2.05,"p":460.0,"mot":"U","mo":11726.0},{"ui":"4013291","t":217114.0,"r":201504.0,"q":1.51,"p":350.0,"mot":"L","mo":3500.0},{"cn":"","ui":"","t":0.0,"r":0.0,"q":0.0,"p":0.0,"mot":"L","mo":0.0}]},{"d":"31.01.2017","r":1885891.0,"q":13.75,"p":4449.66,"s":[{"ui":"3734789","t":1862365.0,"r":1862365.0,"q":13.9,"p":4500.0,"mot":"U","mo":1862365.0},{"cn":"","ui":"","t":1904412.0,"r":23526.0,"q":1.93,"p":464.85,"mot":"L","mo":23526.0}]},{"d":"01.02.2017","r":19726.0,"q":1.95,"p":443.98,"s":[{"ui":"3637636","t":3081.0,"r":2081.0,"q":2.04,"p":529.0,"mot":"L","mo":1000.0},{"ui":"3961339","t":15726.0,"r":15226.0,"q":2.05,"p":460.0,"mot":"U","mo":15226.0},{"ui":"4013291","t":229733.0,"r":212623.0,"q":1.51,"p":350.0,"mot":"L","mo":3500.0},{"cn":"","ui":"","t":0.0,"r":0.0,"q":0.0,"p":0.0,"mot":"L","mo":0.0}]},{"d":"02.02.2017","r":134026.0,"q":5.66,"p":2358.54,"s":[{"ui":"3587132","t":4000000.0,"r":1738624.0,"q":6.88,"p":3000.0,"mot":"L","mo":100000.0},{"ui":"3861152","t":20000.0,"r":8500.0,"q":2.58,"p":500.0,"mot":"U","mo":8500.0},{"ui":"3961339","t":16726.0,"r":16726.0,"q":1.99,"p":460.0,"mot":"U","mo":16726.0},{"cn":"","ui":"","t":1910215.0,"r":8800.0,"q":1.69,"p":472.97,"mot":"L","mo":8800.0}]},{"d":"03.02.2017","r":23726.0,"q":1.94,"p":454.48,"s":[{"ui":"3961339","t":17226.0,"r":17226.0,"q":2.05,"p":460.0,"mot":"U","mo":17226.0},{"ui":"4013291","t":245196.0,"r":228586.0,"q":1.51,"p":350.0,"mot":"L","mo":3500.0},{"cn":"","ui":"","t":1639772.0,"r":3000.0,"q":1.81,"p":544.67,"mot":"L","mo":3000.0}]},{"d":"04.02.2017","r":27026.0,"q":1.95,"p":460.52,"s":[{"ui":"3961339","t":18226.0,"r":18226.0,"q":2.06,"p":460.0,"mot":"U","mo":18226.0},{"ui":"4013291","t":255586.0,"r":238976.0,"q":1.52,"p":350.0,"mot":"L","mo":3500.0},{"ui":"3580462","t":4600.0,"r":4500.0,"q":1.95,"p":523.1,"mot":"L","mo":2300.0},{"cn":"","ui":"","t":1631092.0,"r":3000.0,"q":1.81,"p":544.67,"mot":"L","mo":3000.0}]},{"d":"05.02.2017","r":26226.0,"q":1.96,"p":456.32,"s":[{"ui":"3637636","t":2561.0,"r":1561.0,"q":2.05,"p":529.0,"mot":"L","mo":1500.0},{"ui":"3961339","t":19226.0,"r":19226.0,"q":2.06,"p":460.0,"mot":"U","mo":19226.0},{"ui":"4013291","t":262299.0,"r":244999.0,"q":1.52,"p":350.0,"mot":"L","mo":3500.0},{"cn":"","ui":"","t":1618751.0,"r":2000.0,"q":1.69,"p":552.5,"mot":"L","mo":2000.0}]},{"d":"06.02.2017","r":95917.0,"q":1.88,"p":462.16,"s":[{"ui":"3764060","t":70910.0,"r":69510.0,"q":1.85,"p":465.18,"mot":"U","mo":69510.0},{"ui":"3961339","t":20226.0,"r":20226.0,"q":2.06,"p":460.0,"mot":"U","mo":20226.0},{"cn":"","ui":"","t":1878138.0,"r":6181.0,"q":1.63,"p":435.24,"mot":"L","mo":6181.0}]},{"d":"07.02.2017","r":98736.0,"q":1.89,"p":462.72,"s":[{"ui":"3764060","t":70510.0,"r":70510.0,"q":1.86,"p":465.18,"mot":"U","mo":70510.0},{"ui":"3961339","t":21226.0,"r":21226.0,"q":2.06,"p":460.0,"mot":"U","mo":21226.0},{"cn":"","ui":"","t":1875272.0,"r":7000.0,"q":1.68,"p":446.21,"mot":"L","mo":7000.0}]},{"d":"08.02.2017","r":103036.0,"q":1.89,"p":464.07,"s":[{"ui":"3764060","t":71510.0,"r":71510.0,"q":1.86,"p":465.18,"mot":"U","mo":71510.0},{"ui":"3961339","t":22226.0,"r":22226.0,"q":2.06,"p":460.0,"mot":"U","mo":22226.0},{"cn":"","ui":"","t":1881285.0,"r":9300.0,"q":1.75,"p":465.23,"mot":"L","mo":9300.0}]},{"d":"09.02.2017","r":107336.0,"q":1.89,"p":464.96,"s":[{"ui":"3764060","t":72510.0,"r":72510.0,"q":1.86,"p":465.18,"mot":"U","mo":72510.0},{"ui":"3961339","t":23226.0,"r":23226.0,"q":2.06,"p":460.0,"mot":"U","mo":23226.0},{"cn":"","ui":"","t":1895594.0,"r":11600.0,"q":1.74,"p":473.49,"mot":"L","mo":11600.0}]},{"d":"10.02.2017","r":104736.0,"q":1.89,"p":461.71,"s":[{"ui":"3764060","t":73510.0,"r":73510.0,"q":1.86,"p":463.75,"mot":"U","mo":73510.0},{"ui":"3961339","t":24226.0,"r":24226.0,"q":2.06,"p":460.0,"mot":"U","mo":24226.0},{"cn":"","ui":"","t":1864793.0,"r":7000.0,"q":1.68,"p":446.21,"mot":"L","mo":7000.0}]},{"d":"11.02.2017","r":106756.0,"q":1.9,"p":461.72,"s":[{"ui":"3764060","t":74510.0,"r":74510.0,"q":1.87,"p":463.75,"mot":"U","mo":74510.0},{"ui":"3961339","t":25226.0,"r":25226.0,"q":2.06,"p":460.0,"mot":"U","mo":25226.0},{"cn":"","ui":"","t":1864177.0,"r":7020.0,"q":1.68,"p":446.42,"mot":"L","mo":7020.0}]},{"d":"12.02.2017","r":108816.0,"q":1.9,"p":461.57,"s":[{"ui":"3764060","t":75510.0,"r":75510.0,"q":1.87,"p":463.6,"mot":"U","mo":75510.0},{"ui":"3961339","t":26226.0,"r":26226.0,"q":2.06,"p":460.0,"mot":"U","mo":26226.0},{"cn":"","ui":"","t":1862639.0,"r":7080.0,"q":1.68,"p":445.81,"mot":"L","mo":7080.0}]},{"d":"13.02.2017","r":103096.0,"q":1.91,"p":462.83,"s":[{"ui":"3764060","t":76510.0,"r":66510.0,"q":1.87,"p":463.6,"mot":"U","mo":66510.0},{"ui":"3961339","t":27226.0,"r":27226.0,"q":2.06,"p":460.0,"mot":"U","mo":27226.0},{"cn":"","ui":"","t":1864573.0,"r":9360.0,"q":1.76,"p":465.58,"mot":"L","mo":9360.0}]},{"d":"14.02.2017","r":52816.0,"q":1.95,"p":458.56,"s":[{"ui":"3764060","t":67510.0,"r":17510.0,"q":1.87,"p":462.6,"mot":"U","mo":17510.0},{"ui":"3961339","t":28226.0,"r":28226.0,"q":2.06,"p":460.0,"mot":"U","mo":28226.0},{"ui":"4013291","t":311147.0,"r":290487.0,"q":1.52,"p":350.0,"mot":"L","mo":3500.0},{"cn":"","ui":"","t":1541896.0,"r":3580.0,"q":1.85,"p":533.55,"mot":"L","mo":3580.0}]},{"d":"15.02.2017","r":40331.0,"q":1.99,"p":451.05,"s":[{"ui":"3812993","t":1519407.0,"r":1511077.0,"q":2.06,"p":400.0,"mot":"L","mo":5000.0},{"ui":"3961339","t":29226.0,"r":29226.0,"q":2.06,"p":460.0,"mot":"U","mo":29226.0},{"ui":"4013291","t":313492.0,"r":292842.0,"q":1.52,"p":350.0,"mot":"L","mo":3500.0},{"cn":"","ui":"","t":14214.0,"r":2605.0,"q":1.77,"p":584.43,"mot":"L","mo":2605.0}]},{"d":"16.02.2017","r":40857.0,"q":2.0,"p":450.62,"s":[{"ui":"3961339","t":30226.0,"r":30226.0,"q":2.06,"p":460.0,"mot":"U","mo":30226.0},{"ui":"3812993","t":1511127.0,"r":1494797.0,"q":2.06,"p":400.0,"mot":"L","mo":5000.0},{"ui":"4013291","t":315842.0,"r":295192.0,"q":1.52,"p":350.0,"mot":"L","mo":3500.0},{"cn":"","ui":"","t":14209.0,"r":2131.0,"q":1.71,"p":601.6,"mot":"L","mo":2131.0}]},{"d":"17.02.2017","r":100866.0,"q":2.03,"p":420.03,"s":[{"ui":"3961339","t":31226.0,"r":31226.0,"q":2.06,"p":460.0,"mot":"U","mo":31226.0},{"ui":"3812993","t":1494847.0,"r":1474562.0,"q":2.06,"p":400.0,"mot":"L","mo":65000.0},{"cn":"","ui":"","t":329880.0,"r":4640.0,"q":1.49,"p":431.64,"mot":"L","mo":4640.0}]},{"d":"18.02.2017","r":106196.0,"q":2.02,"p":424.34,"s":[{"ui":"3812993","t":1474567.0,"r":1261282.0,"q":2.06,"p":400.0,"mot":"L","mo":65000.0},{"ui":"3961339","t":32226.0,"r":32226.0,"q":2.06,"p":460.0,"mot":"U","mo":32226.0},{"cn":"","ui":"","t":338880.0,"r":8970.0,"q":1.63,"p":472.62,"mot":"L","mo":8970.0}]},{"d":"19.02.2017","r":105406.0,"q":2.02,"p":422.94,"s":[{"ui":"3812993","t":1261287.0,"r":983002.0,"q":2.06,"p":400.0,"mot":"L","mo":65000.0},{"ui":"3961339","t":33226.0,"r":33226.0,"q":2.06,"p":460.0,"mot":"U","mo":33226.0},{"cn":"","ui":"","t":341175.0,"r":7180.0,"q":1.51,"p":459.07,"mot":"L","mo":7180.0}]},{"d":"20.02.2017","r":107426.0,"q":2.02,"p":423.64,"s":[{"ui":"3812993","t":983007.0,"r":704722.0,"q":2.06,"p":400.0,"mot":"L","mo":65000.0},{"ui":"3961339","t":34226.0,"r":34226.0,"q":2.06,"p":460.0,"mot":"U","mo":34226.0},{"cn":"","ui":"","t":347070.0,"r":8200.0,"q":1.51,"p":459.21,"mot":"L","mo":8200.0}]},{"d":"21.02.2017","r":106486.0,"q":2.03,"p":422.42,"s":[{"ui":"3812993","t":704727.0,"r":426442.0,"q":2.06,"p":400.0,"mot":"L","mo":65000.0},{"ui":"3961339","t":35226.0,"r":35226.0,"q":2.06,"p":460.0,"mot":"U","mo":35226.0},{"cn":"","ui":"","t":353965.0,"r":6260.0,"q":1.51,"p":443.81,"mot":"L","mo":6260.0}]},{"d":"22.02.2017","r":107045.0,"q":2.03,"p":422.42,"s":[{"ui":"3812993","t":556447.0,"r":282162.0,"q":2.06,"p":400.0,"mot":"L","mo":65000.0},{"ui":"3961339","t":36226.0,"r":36226.0,"q":2.06,"p":460.0,"mot":"U","mo":36226.0},{"cn":"","ui":"","t":365389.0,"r":5819.0,"q":1.51,"p":438.91,"mot":"L","mo":5819.0}]},{"d":"23.02.2017","r":97853.0,"q":2.03,"p":423.96,"s":[{"ui":"3812993","t":340142.0,"r":55867.0,"q":2.06,"p":400.0,"mot":"L","mo":55867.0},{"ui":"3961339","t":37226.0,"r":37226.0,"q":2.06,"p":460.0,"mot":"U","mo":37226.0},{"cn":"","ui":"","t":339195.0,"r":4760.0,"q":1.51,"p":423.36,"mot":"L","mo":4760.0}]},{"d":"24.02.2017","r":49806.0,"q":2.2,"p":554.03,"s":[{"ui":"3637636","t":18089.0,"r":11089.0,"q":1.82,"p":509.0,"mot":"L","mo":3500.0},{"ui":"3961339","t":38226.0,"r":38226.0,"q":2.06,"p":460.0,"mot":"U","mo":38226.0},{"ui":"4013291","t":309462.0,"r":284357.0,"q":1.52,"p":350.0,"mot":"L","mo":3500.0},{"cn":"","ui":"","t":7577334.0,"r":4580.0,"q":4.19,"p":1529.2,"mot":"L","mo":4580.0}]},{"d":"25.02.2017","r":8300.0,"q":1.66,"p":459.94,"s":[{"ui":"3562160","t":11308.0,"r":11278.0,"q":1.32,"p":655.0,"mot":"L","mo":1000.0},{"ui":"3637636","t":26429.0,"r":19429.0,"q":1.87,"p":509.0,"mot":"L","mo":3500.0},{"ui":"4013291","t":284357.0,"r":259152.0,"q":1.52,"p":350.0,"mot":"L","mo":3500.0},{"cn":"","ui":"","t":300.0,"r":300.0,"q":2.06,"p":520.0,"mot":"L","mo":300.0}]},{"d":"26.02.2017","r":10300.0,"q":1.71,"p":472.29,"s":[{"ui":"3562160","t":11278.0,"r":11248.0,"q":1.32,"p":655.0,"mot":"L","mo":1000.0},{"ui":"3637636","t":29929.0,"r":22929.0,"q":1.83,"p":509.0,"mot":"L","mo":3500.0},{"ui":"4013291","t":266157.0,"r":240952.0,"q":1.52,"p":350.0,"mot":"L","mo":3500.0},{"ui":"3580462","t":4600.0,"r":4500.0,"q":2.0,"p":523.1,"mot":"L","mo":2300.0},{"cn":"","ui":"","t":0.0,"r":0.0,"q":0.0,"p":0.0,"mot":"L","mo":0.0}]},{"d":"27.02.2017","r":10300.0,"q":1.7,"p":472.29,"s":[{"ui":"3562160","t":11248.0,"r":11218.0,"q":1.32,"p":655.0,"mot":"L","mo":1000.0},{"ui":"3637636","t":33429.0,"r":26429.0,"q":1.8,"p":509.0,"mot":"L","mo":3500.0},{"ui":"4013291","t":240952.0,"r":215797.0,"q":1.52,"p":350.0,"mot":"L","mo":3500.0},{"ui":"3580462","t":4500.0,"r":4400.0,"q":2.0,"p":523.1,"mot":"L","mo":2300.0},{"cn":"","ui":"","t":0.0,"r":0.0,"q":0.0,"p":0.0,"mot":"L","mo":0.0}]},{"d":"28.02.2017","r":10300.0,"q":1.69,"p":472.29,"s":[{"ui":"3562160","t":11218.0,"r":11188.0,"q":1.32,"p":655.0,"mot":"L","mo":1000.0},{"ui":"3637636","t":36929.0,"r":29929.0,"q":1.77,"p":509.0,"mot":"L","mo":3500.0},{"ui":"4013291","t":215802.0,"r":190147.0,"q":1.52,"p":350.0,"mot":"L","mo":3500.0},{"ui":"3580462","t":4400.0,"r":4300.0,"q":2.0,"p":523.1,"mot":"L","mo":2300.0},{"cn":"","ui":"","t":0.0,"r":0.0,"q":0.0,"p":0.0,"mot":"L","mo":0.0}]},{"d":"01.03.2017","r":49526.0,"q":1.98,"p":462.56,"s":[{"ui":"3637636","t":40429.0,"r":33429.0,"q":1.75,"p":509.0,"mot":"L","mo":3500.0},{"ui":"3961339","t":39226.0,"r":39226.0,"q":2.06,"p":460.0,"mot":"U","mo":39226.0},{"ui":"4013291","t":190152.0,"r":164497.0,"q":1.52,"p":350.0,"mot":"L","mo":3500.0},{"cn":"","ui":"","t":15488.0,"r":3300.0,"q":1.79,"p":563.07,"mot":"L","mo":3300.0}]},{"d":"02.03.2017","r":1210367.0,"q":2.4,"p":3093.48,"s":[{"ui":"3643508","t":7561116.0,"r":7561116.0,"q":12.72,"p":5000.0,"mot":"L","mo":100000.0},{"ui":"3291976","t":1075467.0,"r":1075467.0,"q":1.46,"p":3000.0,"mot":"U","mo":1075467.0},{"cn":"","ui":"","t":248978.0,"r":34900.0,"q":1.82,"p":511.28,"mot":"L","mo":34900.0}]},{"d":"03.03.2017","r":117829.0,"q":11.05,"p":4317.09,"s":[{"cn":"Paulo LTD","ui":"3643508","t":7561116.0,"r":7561116.0,"q":12.72,"p":5000.0,"mot":"L","mo":100000.0},{"cn":"Tajahari International","ui":"3637636","t":33429.0,"r":6429.0,"q":1.7,"p":509.0,"mot":"L","mo":6429.0},{"cn":"","ui":"","t":176279.0,"r":11400.0,"q":1.72,"p":474.22,"mot":"L","mo":11400.0}]},{"d":"04.03.2017","r":112400.0,"q":11.56,"p":4497.13,"s":[{"cn":"Paulo LTD","ui":"3643508","t":7561116.0,"r":7560116.0,"q":12.72,"p":5000.0,"mot":"L","mo":100000.0},{"cn":"","ui":"","t":250509.0,"r":12400.0,"q":2.16,"p":441.74,"mot":"L","mo":12400.0}]},{"d":"05.03.2017","r":112400.0,"q":11.56,"p":4496.77,"s":[{"cn":"Paulo LTD","ui":"3643508","t":7560116.0,"r":7319116.0,"q":12.72,"p":5000.0,"mot":"L","mo":100000.0},{"cn":"","ui":"","t":311639.0,"r":12400.0,"q":2.16,"p":438.44,"mot":"L","mo":12400.0}]},{"d":"06.03.2017","r":112400.0,"q":11.56,"p":4496.77,"s":[{"cn":"Paulo LTD","ui":"3643508","t":7359116.0,"r":7117700.0,"q":12.72,"p":5000.0,"mot":"L","mo":100000.0},{"cn":"","ui":"","t":370769.0,"r":12400.0,"q":2.16,"p":438.44,"mot":"L","mo":12400.0}]},{"d":"07.03.2017","r":107089.0,"q":12.05,"p":4699.63,"s":[{"cn":"Paulo LTD","ui":"3643508","t":7117700.0,"r":6786556.0,"q":12.72,"p":5000.0,"mot":"L","mo":100000.0},{"cn":"","ui":"","t":403097.0,"r":7089.0,"q":2.54,"p":462.55,"mot":"L","mo":7089.0}]},{"d":"08.03.2017","r":117171.0,"q":12.67,"p":4842.97,"s":[{"cn":"Paulo LTD","ui":"3643508","t":6785556.0,"r":6552412.0,"q":12.72,"p":5000.0,"mot":"L","mo":100000.0},{"cn":"DubDub","ui":"3734789","t":235171.0,"r":14171.0,"q":13.9,"p":4500.0,"mot":"U","mo":14171.0},{"cn":"","ui":"","t":482978.0,"r":3000.0,"q":5.22,"p":1228.52,"mot":"L","mo":3000.0}]},{"d":"10.03.2017","r":288875.0,"q":13.34,"p":4602.75,"s":[{"cn":"Paulo LTD","ui":"3643508","t":6552412.0,"r":6319268.0,"q":12.72,"p":5000.0,"mot":"L","mo":100000.0},{"cn":"DubDub","ui":"3734789","t":383513.0,"r":183513.0,"q":13.9,"p":4500.0,"mot":"U","mo":183513.0},{"cn":"","ui":"","t":696448.0,"r":5362.0,"q":5.73,"p":710.98,"mot":"L","mo":5362.0}]},{"d":"11.03.2017","r":742020.0,"q":9.02,"p":3420.53,"s":[{"cn":"Paulo LTD","ui":"3643508","t":6067268.0,"r":5815268.0,"q":12.72,"p":5000.0,"mot":"L","mo":100000.0},{"cn":"Простецкий и компания","ui":"4111907","t":420336.0,"r":420336.0,"q":5.63,"p":2500.0,"mot":"U","mo":420336.0},{"cn":"DubDub","ui":"3734789","t":418684.0,"r":218684.0,"q":13.9,"p":4500.0,"mot":"U","mo":218684.0},{"cn":"","ui":"","t":748888.0,"r":3000.0,"q":5.21,"p":1061.85,"mot":"L","mo":3000.0}]},{"d":"12.03.2017","r":108727.0,"q":12.19,"p":4759.66,"s":[{"cn":"Paulo LTD","ui":"3643508","t":5815268.0,"r":5563268.0,"q":12.72,"p":5000.0,"mot":"L","mo":100000.0},{"cn":"io ltd","ui":"4109803","t":6727.0,"r":6727.0,"q":6.61,"p":2500.0,"mot":"U","mo":6727.0},{"cn":"","ui":"","t":833848.0,"r":2000.0,"q":4.24,"p":342.78,"mot":"L","mo":2000.0}]},{"d":"13.03.2017","r":104006.0,"q":12.43,"p":4856.66,"s":[{"cn":"Paulo LTD","ui":"3643508","t":5563268.0,"r":5411268.0,"q":12.72,"p":5000.0,"mot":"L","mo":100000.0},{"cn":"","ui":"","t":958045.0,"r":4006.0,"q":5.17,"p":1278.63,"mot":"L","mo":4006.0}]},{"d":"14.03.2017","r":102538.0,"q":12.51,"p":4881.79,"s":[{"cn":"Paulo LTD","ui":"3643508","t":5411268.0,"r":5259268.0,"q":12.72,"p":5000.0,"mot":"L","mo":100000.0},{"cn":"","ui":"","t":1029769.0,"r":2538.0,"q":4.15,"p":224.14,"mot":"L","mo":2538.0}]},{"d":"15.03.2017","r":103807.0,"q":12.38,"p":4826.39,"s":[{"cn":"Paulo LTD","ui":"3643508","t":5259268.0,"r":5107268.0,"q":12.72,"p":5000.0,"mot":"L","mo":100000.0},{"cn":"","ui":"","t":1114038.0,"r":3807.0,"q":3.47,"p":266.09,"mot":"L","mo":3807.0}]},{"d":"16.03.2017","r":105500.0,"q":12.26,"p":4751.47,"s":[{"cn":"Paulo LTD","ui":"3643508","t":5107268.0,"r":4955268.0,"q":12.72,"p":5000.0,"mot":"L","mo":100000.0},{"cn":"","ui":"","t":1198307.0,"r":5500.0,"q":3.97,"p":232.81,"mot":"L","mo":5500.0}]},{"d":"17.03.2017","r":104570.0,"q":12.35,"p":4790.62,"s":[{"cn":"Paulo LTD","ui":"3643508","t":4955268.0,"r":4803268.0,"q":12.72,"p":5000.0,"mot":"L","mo":100000.0},{"cn":"","ui":"","t":1282576.0,"r":4570.0,"q":4.34,"p":208.96,"mot":"L","mo":4570.0}]},{"d":"18.03.2017","r":103064.0,"q":12.5,"p":4855.51,"s":[{"cn":"Paulo LTD","ui":"3643508","t":4803268.0,"r":4651268.0,"q":12.72,"p":5000.0,"mot":"L","mo":100000.0},{"cn":"","ui":"","t":1351070.0,"r":3064.0,"q":5.4,"p":139.63,"mot":"L","mo":3064.0}]},{"d":"20.03.2017","r":107563.0,"q":12.18,"p":4793.77,"s":[{"cn":"Paulo LTD","ui":"3643508","t":4499268.0,"r":4347268.0,"q":12.72,"p":5000.0,"mot":"L","mo":100000.0},{"cn":"io ltd","ui":"4109803","t":5563.0,"r":5563.0,"q":4.39,"p":2800.0,"mot":"U","mo":5563.0},{"cn":"","ui":"","t":1344000.0,"r":2000.0,"q":7.11,"p":27.72,"mot":"L","mo":2000.0}]},{"d":"21.03.2017","r":111065.0,"q":11.87,"p":4588.56,"s":[{"cn":"Paulo LTD","ui":"3643508","t":4347268.0,"r":4195268.0,"q":12.72,"p":5000.0,"mot":"L","mo":100000.0},{"cn":"io ltd","ui":"4109803","t":5565.0,"r":5565.0,"q":4.39,"p":1500.0,"mot":"U","mo":5565.0},{"cn":"","ui":"","t":1385493.0,"r":5500.0,"q":4.06,"p":232.81,"mot":"L","mo":5500.0}]},{"d":"22.03.2017","r":105567.0,"q":12.26,"p":4748.66,"s":[{"cn":"Paulo LTD","ui":"3643508","t":4195268.0,"r":4037268.0,"q":12.72,"p":5000.0,"mot":"L","mo":100000.0},{"cn":"","ui":"","t":1397058.0,"r":5567.0,"q":4.07,"p":233.92,"mot":"L","mo":5567.0}]},{"d":"23.03.2017","r":156866.0,"q":12.45,"p":4374.42,"s":[{"cn":"cnJDS","ui":"3587132","t":2000000.0,"r":51366.0,"q":12.81,"p":3600.0,"mot":"L","mo":51366.0},{"cn":"Paulo LTD","ui":"3643508","t":4037268.0,"r":3882267.0,"q":12.72,"p":5000.0,"mot":"L","mo":100000.0},{"cn":"","ui":"","t":1393490.0,"r":5500.0,"q":4.06,"p":232.81,"mot":"L","mo":5500.0}]},{"d":"24.03.2017","r":205500.0,"q":12.53,"p":4191.15,"s":[{"cn":"cnJDS","ui":"3587132","t":2051366.0,"r":102732.0,"q":12.81,"p":3600.0,"mot":"L","mo":100000.0},{"cn":"Paulo LTD","ui":"3643508","t":3882267.0,"r":3724267.0,"q":12.72,"p":5000.0,"mot":"L","mo":100000.0},{"cn":"","ui":"","t":1395489.0,"r":5500.0,"q":4.06,"p":232.81,"mot":"L","mo":5500.0}]},{"d":"25.03.2017","r":205500.0,"q":12.53,"p":4191.15,"s":[{"cn":"cnJDS","ui":"3587132","t":2102732.0,"r":154098.0,"q":12.81,"p":3600.0,"mot":"L","mo":100000.0},{"cn":"Paulo LTD","ui":"3643508","t":3724267.0,"r":3566267.0,"q":12.72,"p":5000.0,"mot":"L","mo":100000.0},{"cn":"","ui":"","t":1397488.0,"r":5500.0,"q":4.06,"p":232.81,"mot":"L","mo":5500.0}]},{"d":"26.03.2017","r":205500.0,"q":12.53,"p":4191.15,"s":[{"cn":"cnJDS","ui":"3587132","t":2154098.0,"r":205464.0,"q":12.81,"p":3600.0,"mot":"L","mo":100000.0},{"cn":"Paulo LTD","ui":"3643508","t":3566267.0,"r":3408267.0,"q":12.72,"p":5000.0,"mot":"L","mo":100000.0},{"cn":"","ui":"","t":1399487.0,"r":5500.0,"q":4.06,"p":232.81,"mot":"L","mo":5500.0}]},{"d":"27.03.2017","r":202000.0,"q":12.71,"p":4257.7,"s":[{"cn":"cnJDS","ui":"3587132","t":2205464.0,"r":156830.0,"q":12.81,"p":3600.0,"mot":"L","mo":100000.0},{"cn":"Paulo LTD","ui":"3643508","t":3408267.0,"r":3153267.0,"q":12.72,"p":5000.0,"mot":"L","mo":100000.0},{"cn":"","ui":"","t":1348998.0,"r":2000.0,"q":7.1,"p":27.72,"mot":"L","mo":2000.0}]},{"d":"28.03.2017","r":186042.0,"q":12.64,"p":4283.21,"s":[{"cn":"cnJDS","ui":"3587132","t":2143753.0,"r":82042.0,"q":12.81,"p":3600.0,"mot":"L","mo":82042.0},{"cn":"Paulo LTD","ui":"3643508","t":3153267.0,"r":2898267.0,"q":12.72,"p":5000.0,"mot":"L","mo":100000.0},{"cn":"","ui":"","t":1348998.0,"r":4000.0,"q":7.1,"p":376.36,"mot":"L","mo":4000.0}]},{"d":"29.03.2017","r":106000.0,"q":12.4,"p":4744.86,"s":[{"cn":"Paulo LTD","ui":"3643508","t":2898267.0,"r":2643267.0,"q":12.72,"p":5000.0,"mot":"L","mo":100000.0},{"cn":"","ui":"","t":1344998.0,"r":6000.0,"q":7.1,"p":492.57,"mot":"L","mo":6000.0}]},{"d":"31.03.2017","r":102000.0,"q":12.61,"p":4902.5,"s":[{"cn":"Paulo LTD","ui":"3643508","t":2383886.0,"r":2124505.0,"q":12.72,"p":5000.0,"mot":"L","mo":100000.0},{"cn":"","ui":"","t":1223998.0,"r":2000.0,"q":7.1,"p":27.72,"mot":"L","mo":2000.0}]},{"d":"01.04.2017","r":102000.0,"q":12.61,"p":4902.5,"s":[{"cn":"Paulo LTD","ui":"3643508","t":2124505.0,"r":1865124.0,"q":12.72,"p":5000.0,"mot":"L","mo":100000.0},{"cn":"","ui":"","t":1164998.0,"r":2000.0,"q":7.1,"p":27.72,"mot":"L","mo":2000.0}]},{"d":"02.04.2017","r":1177467.0,"q":2.43,"p":3164.81,"s":[{"cn":"Paulo LTD","ui":"3643508","t":1865124.0,"r":1605743.0,"q":12.72,"p":5000.0,"mot":"L","mo":100000.0},{"cn":"kiilliiik","ui":"3291976","t":1075467.0,"r":1075467.0,"q":1.46,"p":3000.0,"mot":"U","mo":1075467.0},{"cn":"","ui":"","t":1094998.0,"r":2000.0,"q":7.1,"p":27.72,"mot":"L","mo":2000.0}]},{"d":"03.04.2017","r":1176468.0,"q":2.45,"p":3158.92,"s":[{"cn":"Paulo LTD","ui":"3643508","t":1705743.0,"r":1546362.0,"q":12.72,"p":5000.0,"mot":"L","mo":100000.0},{"cn":"kiilliiik","ui":"3291976","t":1075467.0,"r":1070467.0,"q":1.46,"p":3000.0,"mot":"U","mo":1070467.0},{"cn":"","ui":"","t":1031099.0,"r":6001.0,"q":7.1,"p":827.22,"mot":"L","mo":6001.0}]},{"d":"04.04.2017","r":1173259.0,"q":2.46,"p":3157.84,"s":[{"cn":"Paulo LTD","ui":"3643508","t":1546362.0,"r":1366981.0,"q":12.72,"p":5000.0,"mot":"L","mo":100000.0},{"cn":"kiilliiik","ui":"3291976","t":1070467.0,"r":1065467.0,"q":1.46,"p":3000.0,"mot":"U","mo":1065467.0},{"cn":"","ui":"","t":963100.0,"r":7792.0,"q":7.1,"p":1098.83,"mot":"L","mo":7792.0}]},{"d":"05.04.2017","r":1169950.0,"q":2.47,"p":3156.87,"s":[{"cn":"Paulo LTD","ui":"3643508","t":1466981.0,"r":1289861.0,"q":12.72,"p":5000.0,"mot":"L","mo":100000.0},{"cn":"kiilliiik","ui":"3291976","t":1065467.0,"r":1060467.0,"q":1.46,"p":3000.0,"mot":"U","mo":1060467.0},{"cn":"","ui":"","t":885791.0,"r":9483.0,"q":7.1,"p":1263.31,"mot":"L","mo":9483.0}]},{"d":"06.04.2017","r":1085681.0,"q":1.72,"p":3022.29,"s":[{"cn":"kiilliiik","ui":"3291976","t":1060467.0,"r":1055467.0,"q":1.46,"p":3000.0,"mot":"U","mo":1055467.0},{"cn":"","ui":"","t":2186309.0,"r":30214.0,"q":10.82,"p":3800.91,"mot":"L","mo":30214.0}]},{"d":"07.04.2017","r":1082692.0,"q":1.73,"p":3020.12,"s":[{"cn":"kiilliiik","ui":"3291976","t":1055467.0,"r":1050467.0,"q":1.46,"p":3000.0,"mot":"U","mo":1050467.0},{"cn":"","ui":"","t":1932200.0,"r":32225.0,"q":10.59,"p":3676.04,"mot":"L","mo":32225.0}]},{"d":"08.04.2017","r":1079703.0,"q":1.74,"p":3017.94,"s":[{"cn":"kiilliiik","ui":"3291976","t":1050467.0,"r":1045467.0,"q":1.46,"p":3000.0,"mot":"U","mo":1045467.0},{"cn":"","ui":"","t":1784091.0,"r":34236.0,"q":10.38,"p":3565.84,"mot":"L","mo":34236.0}]},{"d":"09.04.2017","r":1081704.0,"q":1.75,"p":3015.68,"s":[{"cn":"kiilliiik","ui":"3291976","t":1045467.0,"r":1045457.0,"q":1.46,"p":3000.0,"mot":"U","mo":1045457.0},{"cn":"","ui":"","t":1635982.0,"r":36247.0,"q":10.2,"p":3467.87,"mot":"L","mo":36247.0}]},{"d":"10.04.2017","r":1083705.0,"q":1.76,"p":3013.42,"s":[{"cn":"kiilliiik","ui":"3291976","t":1045457.0,"r":1045447.0,"q":1.46,"p":3000.0,"mot":"U","mo":1045447.0},{"cn":"","ui":"","t":1483873.0,"r":38258.0,"q":10.04,"p":3380.2,"mot":"L","mo":38258.0}]},{"d":"11.04.2017","r":1085706.0,"q":1.77,"p":3011.17,"s":[{"cn":"kiilliiik","ui":"3291976","t":1045447.0,"r":1045437.0,"q":1.46,"p":3000.0,"mot":"U","mo":1045437.0},{"cn":"","ui":"","t":1351764.0,"r":40269.0,"q":9.89,"p":3301.29,"mot":"L","mo":40269.0}]},{"d":"12.04.2017","r":1087707.0,"q":1.78,"p":3008.94,"s":[{"cn":"kiilliiik","ui":"3291976","t":1045437.0,"r":1045427.0,"q":1.46,"p":3000.0,"mot":"U","mo":1045427.0},{"cn":"","ui":"","t":1218655.0,"r":42280.0,"q":9.76,"p":3229.88,"mot":"L","mo":42280.0}]},{"d":"13.04.2017","r":1069428.0,"q":1.69,"p":3029.59,"s":[{"cn":"kiilliiik","ui":"3291976","t":1045427.0,"r":1045417.0,"q":1.46,"p":3000.0,"mot":"U","mo":1045417.0},{"cn":"","ui":"","t":1067246.0,"r":24011.0,"q":11.78,"p":4317.82,"mot":"L","mo":24011.0}]},{"d":"14.04.2017","r":1071429.0,"q":1.7,"p":3027.28,"s":[{"cn":"kiilliiik","ui":"3291976","t":1045417.0,"r":1045407.0,"q":1.46,"p":3000.0,"mot":"U","mo":1045407.0},{"cn":"","ui":"","t":932117.0,"r":26022.0,"q":11.42,"p":4123.24,"mot":"L","mo":26022.0}]}]