[{"pi":"370077","pc":"Автомобильные товары","ss":10000,"td":"Центр города","dc":5,"n":384.6,"vc":"более 10 000","sl":"Нормальный","sv":"около 500","p":4167.53,"q":54.0,"b":0.0,"wi":78.43,"ei":6.85,"as":472.8,"mi":"E","mv":67639,"sc":1,"lpe":99.07,"lpr":6368.05,"lq":1.0},{"pi":"370077","pc":"Автомобильные товары","ss":10000,"td":"Центр города","dc":5,"n":384.6,"vc":"более 10 000","sl":"Нормальный","sv":"около 500","p":4167.53,"q":54.0,"b":0.0,"wi":78.43,"ei":6.85,"as":472.8,"mi":"E","mv":67639,"sc":1,"lpe":99.07,"lpr":6368.05,"lq":1.0},{"pi":"370077","pc":"Автомобильные товары","ss":10000,"td":"Центр города","dc":5,"n":384.6,"vc":"более 10 000","sl":"Нормальный","sv":"около 500","p":4167.53,"q":54.0,"b":0.0,"wi":78.43,"ei":6.85,"as":472.8,"mi":"E","mv":67639,"sc":1,"lpe":99.07,"lpr":6368.05,"lq":1.0},{"pi":"370077","pc":"Автомобильные товары","ss":10000,"td":"Центр города","dc":5,"n":384.6,"vc":"более 10 000","sl":"Нормальный","sv":"около 500","p":4167.53,"q":54.0,"b":0.0,"wi":78.43,"ei":6.85,"as":472.8,"mi":"E","mv":67639,"sc":1,"lpe":99.07,"lpr":6368.05,"lq":1.0},{"pi":"370077","pc":"Автомобильные товары","ss":10000,"td":"Центр города","dc":5,"n":384.6,"vc":"более 10 000","sl":"Нормальный","sv":"около 500","p":4167.53,"q":54.0,"b":0.0,"wi":78.43,"ei":6.85,"as":472.8,"mi":"E","mv":67639,"sc":1,"lpe":99.07,"lpr":6368.05,"lq":1.0},{"pi":"370077","pc":"Автомобильные товары","ss":10000,"td":"Центр города","dc":5,"n":384.6,"vc":"более 10 000","sl":"Нормальный","sv":"около 500","p":4167.53,"q":54.0,"b":0.0,"wi":78.43,"ei":6.85,"as":472.8,"mi":"E","mv":67639,"sc":1,"lpe":99.07,"lpr":6368.05,"lq":1.0},{"pi":"370077","pc":"Автомобильные товары","ss":10000,"td":"Центр города","dc":5,"n":384.6,"vc":"более 10 000","sl":"Нормальный","sv":"около 500","p":4167.53,"q":54.0,"b":0.0,"wi":78.43,"ei":6.85,"as":472.8,"mi":"E","mv":67639,"sc":1,"lpe":99.07,"lpr":6368.05,"lq":1.0},{"pi":"370077","pc":"Автомобильные товары","ss":10000,"td":"Центр города","dc":1,"n":451.01,"vc":"около 50 000","sl":"Очень высокий","sv":"около 5 000","p":3000.0,"q":64.58,"b":4.28,"wi":61.11,"ei":17.89,"as":287.52,"mi":"E","mv":22926,"sc":1,"lpe":70.0,"lpr":2783.77,"lq":3.36},{"pi":"370077","pc":"Автомобильные товары","ss":10000,"td":"Центр города","dc":1,"n":451.01,"vc":"около 50 000","sl":"Очень высокий","sv":"около 5 000","p":3000.0,"q":64.58,"b":4.28,"wi":61.11,"ei":17.89,"as":287.52,"mi":"E","mv":22926,"sc":1,"lpe":70.0,"lpr":2783.77,"lq":3.36},{"pi":"370077","pc":"Автомобильные товары","ss":10000,"td":"Центр города","dc":1,"n":451.01,"vc":"около 50 000","sl":"Очень высокий","sv":"около 5 000","p":3000.0,"q":64.58,"b":4.28,"wi":61.11,"ei":17.89,"as":287.52,"mi":"E","mv":22926,"sc":1,"lpe":70.0,"lpr":2783.77,"lq":3.36},{"pi":"370077","pc":"Автомобильные товары","ss":10000,"td":"Центр города","dc":1,"n":451.01,"vc":"около 50 000","sl":"Очень высокий","sv":"около 5 000","p":3000.0,"q":64.58,"b":4.28,"wi":61.11,"ei":17.89,"as":287.52,"mi":"E","mv":22926,"sc":1,"lpe":70.0,"lpr":2783.77,"lq":3.36},{"pi":"370077","pc":"Автомобильные товары","ss":10000,"td":"Центр города","dc":1,"n":451.01,"vc":"около 50 000","sl":"Очень высокий","sv":"около 5 000","p":3000.0,"q":64.58,"b":4.28,"wi":61.11,"ei":17.89,"as":287.52,"mi":"E","mv":22926,"sc":1,"lpe":70.0,"lpr":2783.77,"lq":3.36},{"pi":"370077","pc":"Автомобильные товары","ss":10000,"td":"Центр города","dc":1,"n":451.01,"vc":"около 50 000","sl":"Очень высокий","sv":"около 5 000","p":3000.0,"q":64.58,"b":4.28,"wi":61.11,"ei":17.89,"as":287.52,"mi":"E","mv":22926,"sc":1,"lpe":70.0,"lpr":2783.77,"lq":3.36},{"pi":"370077","pc":"Автомобильные товары","ss":10000,"td":"Центр города","dc":1,"n":451.01,"vc":"около 50 000","sl":"Очень высокий","sv":"около 5 000","p":3000.0,"q":64.58,"b":4.28,"wi":61.11,"ei":17.89,"as":287.52,"mi":"E","mv":22926,"sc":1,"lpe":70.0,"lpr":2783.77,"lq":3.36},{"pi":"370077","pc":"Автомобильные товары","ss":10000,"td":"Центр города","dc":1,"n":451.01,"vc":"около 50 000","sl":"Очень высокий","sv":"около 5 000","p":3000.0,"q":64.58,"b":4.28,"wi":61.11,"ei":17.89,"as":287.52,"mi":"E","mv":22926,"sc":1,"lpe":70.0,"lpr":2783.77,"lq":3.36},{"pi":"370077","pc":"Автомобильные товары","ss":10000,"td":"Центр города","dc":1,"n":451.01,"vc":"около 50 000","sl":"Очень высокий","sv":"около 5 000","p":3000.0,"q":64.58,"b":4.28,"wi":61.11,"ei":17.89,"as":287.52,"mi":"E","mv":22926,"sc":1,"lpe":70.0,"lpr":2783.77,"lq":3.36},{"pi":"370077","pc":"Автомобильные товары","ss":10000,"td":"Центр города","dc":1,"n":451.01,"vc":"около 50 000","sl":"Очень высокий","sv":"около 5 000","p":3000.0,"q":64.58,"b":4.28,"wi":61.11,"ei":17.89,"as":287.52,"mi":"E","mv":22926,"sc":1,"lpe":70.0,"lpr":2783.77,"lq":3.36},{"pi":"370077","pc":"Автомобильные товары","ss":10000,"td":"Центр города","dc":1,"n":451.01,"vc":"около 50 000","sl":"Очень высокий","sv":"около 5 000","p":3000.0,"q":64.58,"b":4.28,"wi":61.11,"ei":17.89,"as":287.52,"mi":"E","mv":22926,"sc":1,"lpe":70.0,"lpr":2783.77,"lq":3.36},{"pi":"370077","pc":"Автомобильные товары","ss":10000,"td":"Центр города","dc":1,"n":451.01,"vc":"около 50 000","sl":"Очень высокий","sv":"около 5 000","p":3000.0,"q":64.58,"b":4.28,"wi":61.11,"ei":17.89,"as":287.52,"mi":"E","mv":22926,"sc":1,"lpe":70.0,"lpr":2783.77,"lq":3.36},{"pi":"370077","pc":"Автомобильные товары","ss":10000,"td":"Центр города","dc":1,"n":451.01,"vc":"около 50 000","sl":"Очень высокий","sv":"около 5 000","p":3000.0,"q":64.58,"b":4.28,"wi":61.11,"ei":17.89,"as":287.52,"mi":"E","mv":22926,"sc":1,"lpe":70.0,"lpr":2783.77,"lq":3.36},{"pi":"370077","pc":"Автомобильные товары","ss":10000,"td":"Центр города","dc":1,"n":451.01,"vc":"около 50 000","sl":"Очень высокий","sv":"около 5 000","p":3000.0,"q":64.58,"b":4.28,"wi":61.11,"ei":17.89,"as":287.52,"mi":"E","mv":22926,"sc":1,"lpe":70.0,"lpr":2783.77,"lq":3.36},{"pi":"370077","pc":"Автомобильные товары","ss":10000,"td":"Центр города","dc":1,"n":451.01,"vc":"около 50 000","sl":"Очень высокий","sv":"около 5 000","p":3000.0,"q":64.58,"b":4.28,"wi":61.11,"ei":17.89,"as":287.52,"mi":"E","mv":22926,"sc":1,"lpe":70.0,"lpr":2783.77,"lq":3.36},{"pi":"370077","pc":"Автомобильные товары","ss":10000,"td":"Центр города","dc":1,"n":291.66,"vc":"около 10 000","sl":"Элитный","sv":"около 500","p":3960.0,"q":10.55,"b":0.0,"wi":78.18,"ei":9.12,"as":448.99,"mi":"E","mv":22468,"sc":1,"lpe":98.13,"lpr":12074.66,"lq":1.0},{"pi":"370077","pc":"Автомобильные товары","ss":10000,"td":"Центр города","dc":1,"n":291.66,"vc":"около 10 000","sl":"Элитный","sv":"около 500","p":3960.0,"q":10.55,"b":0.0,"wi":78.18,"ei":9.12,"as":448.99,"mi":"E","mv":22468,"sc":1,"lpe":98.13,"lpr":12074.66,"lq":1.0},{"pi":"370077","pc":"Автомобильные товары","ss":10000,"td":"Центр города","dc":1,"n":291.66,"vc":"около 10 000","sl":"Элитный","sv":"около 500","p":3960.0,"q":10.55,"b":0.0,"wi":78.18,"ei":9.12,"as":448.99,"mi":"E","mv":22468,"sc":1,"lpe":98.13,"lpr":12074.66,"lq":1.0},{"pi":"370077","pc":"Автомобильные товары","ss":10000,"td":"Центр города","dc":1,"n":291.66,"vc":"около 10 000","sl":"Элитный","sv":"около 500","p":3960.0,"q":10.55,"b":0.0,"wi":78.18,"ei":9.12,"as":448.99,"mi":"E","mv":22468,"sc":1,"lpe":98.13,"lpr":12074.66,"lq":1.0},{"pi":"370077","pc":"Автомобильные товары","ss":10000,"td":"Центр города","dc":1,"n":291.66,"vc":"около 10 000","sl":"Элитный","sv":"около 500","p":3960.0,"q":10.55,"b":0.0,"wi":78.18,"ei":9.12,"as":448.99,"mi":"E","mv":22468,"sc":1,"lpe":98.13,"lpr":12074.66,"lq":1.0},{"pi":"370077","pc":"Автомобильные товары","ss":10000,"td":"Центр города","dc":1,"n":291.66,"vc":"около 10 000","sl":"Элитный","sv":"около 500","p":3960.0,"q":10.55,"b":0.0,"wi":78.18,"ei":9.12,"as":448.99,"mi":"E","mv":22468,"sc":1,"lpe":98.13,"lpr":12074.66,"lq":1.0},{"pi":"370077","pc":"Автомобильные товары","ss":10000,"td":"Центр города","dc":1,"n":291.66,"vc":"около 10 000","sl":"Элитный","sv":"около 500","p":3960.0,"q":10.55,"b":0.0,"wi":78.18,"ei":9.12,"as":448.99,"mi":"E","mv":22468,"sc":1,"lpe":98.13,"lpr":12074.66,"lq":1.0},{"pi":"370077","pc":"Автомобильные товары","ss":10000,"td":"Центр города","dc":1,"n":291.66,"vc":"около 10 000","sl":"Элитный","sv":"около 500","p":3960.0,"q":10.55,"b":0.0,"wi":78.18,"ei":9.12,"as":448.99,"mi":"E","mv":22468,"sc":1,"lpe":98.13,"lpr":12074.66,"lq":1.0},{"pi":"370077","pc":"Автомобильные товары","ss":10000,"td":"Центр города","dc":1,"n":291.66,"vc":"около 10 000","sl":"Элитный","sv":"около 500","p":3960.0,"q":10.55,"b":0.0,"wi":78.18,"ei":9.12,"as":448.99,"mi":"E","mv":22468,"sc":1,"lpe":98.13,"lpr":12074.66,"lq":1.0},{"pi":"370077","pc":"Автомобильные товары","ss":10000,"td":"Центр города","dc":1,"n":291.66,"vc":"около 10 000","sl":"Элитный","sv":"около 500","p":3960.0,"q":10.55,"b":0.0,"wi":78.18,"ei":9.12,"as":448.99,"mi":"E","mv":22468,"sc":1,"lpe":98.13,"lpr":12074.66,"lq":1.0},{"pi":"370077","pc":"Автомобильные товары","ss":10000,"td":"Центр города","dc":1,"n":291.66,"vc":"около 10 000","sl":"Элитный","sv":"около 500","p":3960.0,"q":10.55,"b":0.0,"wi":78.18,"ei":9.12,"as":448.99,"mi":"E","mv":22468,"sc":1,"lpe":98.13,"lpr":12074.66,"lq":1.0},{"pi":"370077","pc":"Автомобильные товары","ss":10000,"td":"Центр города","dc":1,"n":291.66,"vc":"около 10 000","sl":"Элитный","sv":"около 500","p":3960.0,"q":10.55,"b":0.0,"wi":78.18,"ei":9.12,"as":448.99,"mi":"E","mv":22468,"sc":1,"lpe":98.13,"lpr":12074.66,"lq":1.0},{"pi":"370077","pc":"Автомобильные товары","ss":10000,"td":"Центр города","dc":1,"n":291.66,"vc":"около 10 000","sl":"Элитный","sv":"около 500","p":3960.0,"q":10.55,"b":0.0,"wi":78.18,"ei":9.12,"as":448.99,"mi":"E","mv":22468,"sc":1,"lpe":98.13,"lpr":12074.66,"lq":1.0},{"pi":"370077","pc":"Автомобильные товары","ss":10000,"td":"Центр города","dc":1,"n":291.66,"vc":"около 10 000","sl":"Элитный","sv":"около 500","p":3960.0,"q":10.55,"b":0.0,"wi":78.18,"ei":9.12,"as":448.99,"mi":"E","mv":22468,"sc":1,"lpe":98.13,"lpr":12074.66,"lq":1.0},{"pi":"370077","pc":"Автомобильные товары","ss":10000,"td":"Центр города","dc":1,"n":291.66,"vc":"около 10 000","sl":"Элитный","sv":"около 500","p":3960.0,"q":10.55,"b":0.0,"wi":78.18,"ei":9.12,"as":448.99,"mi":"E","mv":22468,"sc":1,"lpe":98.13,"lpr":12074.66,"lq":1.0},{"pi":"370077","pc":"Автомобильные товары","ss":10000,"td":"Центр города","dc":1,"n":471.97,"vc":"около 50 000","sl":"Очень высокий","sv":"около 5 000","p":1000.0,"q":64.54,"b":0.0,"wi":99.12,"ei":7.68,"as":387.22,"mi":"E","mv":14378,"sc":1,"lpe":70.59,"lpr":3723.24,"lq":5.18},{"pi":"370077","pc":"Автомобильные товары","ss":10000,"td":"Центр города","dc":1,"n":471.97,"vc":"около 50 000","sl":"Очень высокий","sv":"около 5 000","p":1000.0,"q":64.54,"b":0.0,"wi":99.12,"ei":7.68,"as":387.22,"mi":"E","mv":14378,"sc":1,"lpe":70.59,"lpr":3723.24,"lq":5.18},{"pi":"370077","pc":"Автомобильные товары","ss":10000,"td":"Центр города","dc":1,"n":471.97,"vc":"около 50 000","sl":"Очень высокий","sv":"около 5 000","p":1000.0,"q":64.54,"b":0.0,"wi":99.12,"ei":7.68,"as":387.22,"mi":"E","mv":14378,"sc":1,"lpe":70.59,"lpr":3723.24,"lq":5.18},{"pi":"370077","pc":"Автомобильные товары","ss":10000,"td":"Центр города","dc":1,"n":471.97,"vc":"около 50 000","sl":"Очень высокий","sv":"около 5 000","p":1000.0,"q":64.54,"b":0.0,"wi":99.12,"ei":7.68,"as":387.22,"mi":"E","mv":14378,"sc":1,"lpe":70.59,"lpr":3723.24,"lq":5.18},{"pi":"370077","pc":"Автомобильные товары","ss":10000,"td":"Центр города","dc":1,"n":471.97,"vc":"около 50 000","sl":"Очень высокий","sv":"около 5 000","p":1000.0,"q":64.54,"b":0.0,"wi":99.12,"ei":7.68,"as":387.22,"mi":"E","mv":14378,"sc":1,"lpe":70.59,"lpr":3723.24,"lq":5.18},{"pi":"370077","pc":"Автомобильные товары","ss":10000,"td":"Центр города","dc":1,"n":471.97,"vc":"около 50 000","sl":"Очень высокий","sv":"около 5 000","p":1000.0,"q":64.54,"b":0.0,"wi":99.12,"ei":7.68,"as":387.22,"mi":"E","mv":14378,"sc":1,"lpe":70.59,"lpr":3723.24,"lq":5.18},{"pi":"370077","pc":"Автомобильные товары","ss":10000,"td":"Центр города","dc":1,"n":471.97,"vc":"около 50 000","sl":"Очень высокий","sv":"около 5 000","p":1000.0,"q":64.54,"b":0.0,"wi":99.12,"ei":7.68,"as":387.22,"mi":"E","mv":14378,"sc":1,"lpe":70.59,"lpr":3723.24,"lq":5.18},{"pi":"370077","pc":"Автомобильные товары","ss":10000,"td":"Центр города","dc":1,"n":471.97,"vc":"около 50 000","sl":"Очень высокий","sv":"около 5 000","p":1000.0,"q":64.54,"b":0.0,"wi":99.12,"ei":7.68,"as":387.22,"mi":"E","mv":14378,"sc":1,"lpe":70.59,"lpr":3723.24,"lq":5.18},{"pi":"370077","pc":"Автомобильные товары","ss":10000,"td":"Центр города","dc":1,"n":471.97,"vc":"около 50 000","sl":"Очень высокий","sv":"около 5 000","p":1000.0,"q":64.54,"b":0.0,"wi":99.12,"ei":7.68,"as":387.22,"mi":"E","mv":14378,"sc":1,"lpe":70.59,"lpr":3723.24,"lq":5.18},{"pi":"370077","pc":"Автомобильные товары","ss":10000,"td":"Центр города","dc":1,"n":471.97,"vc":"около 50 000","sl":"Очень высокий","sv":"около 5 000","p":1000.0,"q":64.54,"b":0.0,"wi":99.12,"ei":7.68,"as":387.22,"mi":"E","mv":14378,"sc":1,"lpe":70.59,"lpr":3723.24,"lq":5.18},{"pi":"370077","pc":"Автомобильные товары","ss":10000,"td":"Центр города","dc":1,"n":471.97,"vc":"около 50 000","sl":"Очень высокий","sv":"около 5 000","p":1000.0,"q":64.54,"b":0.0,"wi":99.12,"ei":7.68,"as":387.22,"mi":"E","mv":14378,"sc":1,"lpe":70.59,"lpr":3723.24,"lq":5.18},{"pi":"370077","pc":"Автомобильные товары","ss":10000,"td":"Центр города","dc":1,"n":471.97,"vc":"около 50 000","sl":"Очень высокий","sv":"около 5 000","p":1000.0,"q":64.54,"b":0.0,"wi":99.12,"ei":7.68,"as":387.22,"mi":"E","mv":14378,"sc":1,"lpe":70.59,"lpr":3723.24,"lq":5.18},{"pi":"370077","pc":"Автомобильные товары","ss":10000,"td":"Центр города","dc":1,"n":431.96,"vc":"более 20 000","sl":"Очень высокий","sv":"около 5 000","p":1250.0,"q":64.58,"b":5.75,"wi":63.46,"ei":9.11,"as":1739.28,"mi":"E","mv":19631,"sc":1,"lpe":71.8,"lpr":1360.63,"lq":1.46},{"pi":"370077","pc":"Автомобильные товары","ss":10000,"td":"Центр города","dc":1,"n":431.96,"vc":"более 20 000","sl":"Очень высокий","sv":"около 5 000","p":1250.0,"q":64.58,"b":5.75,"wi":63.46,"ei":9.11,"as":1739.28,"mi":"E","mv":19631,"sc":1,"lpe":71.8,"lpr":1360.63,"lq":1.46},{"pi":"370077","pc":"Автомобильные товары","ss":10000,"td":"Центр города","dc":1,"n":431.96,"vc":"более 20 000","sl":"Очень высокий","sv":"около 5 000","p":1250.0,"q":64.58,"b":5.75,"wi":63.46,"ei":9.11,"as":1739.28,"mi":"E","mv":19631,"sc":1,"lpe":71.8,"lpr":1360.63,"lq":1.46},{"pi":"370077","pc":"Автомобильные товары","ss":10000,"td":"Центр города","dc":1,"n":431.96,"vc":"более 20 000","sl":"Очень высокий","sv":"около 5 000","p":1250.0,"q":64.58,"b":5.75,"wi":63.46,"ei":9.11,"as":1739.28,"mi":"E","mv":19631,"sc":1,"lpe":71.8,"lpr":1360.63,"lq":1.46},{"pi":"370077","pc":"Автомобильные товары","ss":10000,"td":"Центр города","dc":1,"n":431.96,"vc":"более 20 000","sl":"Очень высокий","sv":"около 5 000","p":1250.0,"q":64.58,"b":5.75,"wi":63.46,"ei":9.11,"as":1739.28,"mi":"E","mv":19631,"sc":1,"lpe":71.8,"lpr":1360.63,"lq":1.46},{"pi":"370077","pc":"Автомобильные товары","ss":10000,"td":"Центр города","dc":1,"n":431.96,"vc":"более 20 000","sl":"Очень высокий","sv":"около 5 000","p":1250.0,"q":64.58,"b":5.75,"wi":63.46,"ei":9.11,"as":1739.28,"mi":"E","mv":19631,"sc":1,"lpe":71.8,"lpr":1360.63,"lq":1.46},{"pi":"370077","pc":"Автомобильные товары","ss":10000,"td":"Центр города","dc":1,"n":431.96,"vc":"более 20 000","sl":"Очень высокий","sv":"около 5 000","p":1250.0,"q":64.58,"b":5.75,"wi":63.46,"ei":9.11,"as":1739.28,"mi":"E","mv":19631,"sc":1,"lpe":71.8,"lpr":1360.63,"lq":1.46},{"pi":"370077","pc":"Автомобильные товары","ss":10000,"td":"Центр города","dc":1,"n":431.96,"vc":"более 20 000","sl":"Очень высокий","sv":"около 5 000","p":1250.0,"q":64.58,"b":5.75,"wi":63.46,"ei":9.11,"as":1739.28,"mi":"E","mv":19631,"sc":1,"lpe":71.8,"lpr":1360.63,"lq":1.46},{"pi":"370077","pc":"Автомобильные товары","ss":10000,"td":"Центр города","dc":1,"n":431.96,"vc":"более 20 000","sl":"Очень высокий","sv":"около 5 000","p":1250.0,"q":64.58,"b":5.75,"wi":63.46,"ei":9.11,"as":1739.28,"mi":"E","mv":19631,"sc":1,"lpe":71.8,"lpr":1360.63,"lq":1.46},{"pi":"370077","pc":"Автомобильные товары","ss":10000,"td":"Центр города","dc":1,"n":431.96,"vc":"более 20 000","sl":"Очень высокий","sv":"около 5 000","p":1250.0,"q":64.58,"b":5.75,"wi":63.46,"ei":9.11,"as":1739.28,"mi":"E","mv":19631,"sc":1,"lpe":71.8,"lpr":1360.63,"lq":1.46},{"pi":"370077","pc":"Автомобильные товары","ss":10000,"td":"Центр города","dc":1,"n":431.96,"vc":"более 20 000","sl":"Очень высокий","sv":"около 5 000","p":1250.0,"q":64.58,"b":5.75,"wi":63.46,"ei":9.11,"as":1739.28,"mi":"E","mv":19631,"sc":1,"lpe":71.8,"lpr":1360.63,"lq":1.46},{"pi":"370077","pc":"Автомобильные товары","ss":10000,"td":"Центр города","dc":1,"n":431.96,"vc":"более 20 000","sl":"Очень высокий","sv":"около 5 000","p":1250.0,"q":64.58,"b":5.75,"wi":63.46,"ei":9.11,"as":1739.28,"mi":"E","mv":19631,"sc":1,"lpe":71.8,"lpr":1360.63,"lq":1.46},{"pi":"370077","pc":"Автомобильные товары","ss":1000,"td":"Центр города","dc":3,"n":131.36,"vc":"более 1 000","sl":"Высокий","sv":"около 500","p":2029.54,"q":49.25,"b":5.75,"wi":142.57,"ei":9.06,"as":1654.51,"mi":"E","mv":83719,"sc":2,"lpe":74.43,"lpr":6899.69,"lq":7.5},{"pi":"370077","pc":"Автомобильные товары","ss":10000,"td":"Центр города","dc":1,"n":341.84,"vc":"более 20 000","sl":"Элитный","sv":"более 20 000","p":3000.0,"q":64.58,"b":5.75,"wi":142.57,"ei":9.06,"as":1654.51,"mi":"E","mv":83719,"sc":2,"lpe":74.43,"lpr":6899.69,"lq":7.5},{"pi":"370077","pc":"Автомобильные товары","ss":10000,"td":"Центр города","dc":1,"n":341.84,"vc":"более 20 000","sl":"Элитный","sv":"более 20 000","p":3000.0,"q":64.58,"b":5.75,"wi":142.57,"ei":9.06,"as":1654.51,"mi":"E","mv":83719,"sc":2,"lpe":74.43,"lpr":6899.69,"lq":7.5},{"pi":"370077","pc":"Автомобильные товары","ss":10000,"td":"Центр города","dc":1,"n":341.84,"vc":"более 20 000","sl":"Элитный","sv":"более 20 000","p":3000.0,"q":64.58,"b":5.75,"wi":142.57,"ei":9.06,"as":1654.51,"mi":"E","mv":83719,"sc":2,"lpe":74.43,"lpr":6899.69,"lq":7.5},{"pi":"370077","pc":"Автомобильные товары","ss":10000,"td":"Центр города","dc":1,"n":341.84,"vc":"более 20 000","sl":"Элитный","sv":"более 20 000","p":3000.0,"q":64.58,"b":5.75,"wi":142.57,"ei":9.06,"as":1654.51,"mi":"E","mv":83719,"sc":2,"lpe":74.43,"lpr":6899.69,"lq":7.5},{"pi":"370077","pc":"Автомобильные товары","ss":10000,"td":"Центр города","dc":1,"n":341.84,"vc":"более 20 000","sl":"Элитный","sv":"более 20 000","p":3000.0,"q":64.58,"b":5.75,"wi":142.57,"ei":9.06,"as":1654.51,"mi":"E","mv":83719,"sc":2,"lpe":74.43,"lpr":6899.69,"lq":7.5},{"pi":"370077","pc":"Автомобильные товары","ss":1000,"td":"Центр города","dc":3,"n":131.36,"vc":"более 1 000","sl":"Высокий","sv":"около 500","p":2029.54,"q":49.25,"b":5.75,"wi":142.57,"ei":9.06,"as":1654.51,"mi":"E","mv":83719,"sc":2,"lpe":74.43,"lpr":6899.69,"lq":7.5},{"pi":"370077","pc":"Автомобильные товары","ss":10000,"td":"Центр города","dc":1,"n":341.84,"vc":"более 20 000","sl":"Элитный","sv":"более 20 000","p":3000.0,"q":64.58,"b":5.75,"wi":142.57,"ei":9.06,"as":1654.51,"mi":"E","mv":83719,"sc":2,"lpe":74.43,"lpr":6899.69,"lq":7.5},{"pi":"370077","pc":"Автомобильные товары","ss":10000,"td":"Центр города","dc":1,"n":341.84,"vc":"более 20 000","sl":"Элитный","sv":"более 20 000","p":3000.0,"q":64.58,"b":5.75,"wi":142.57,"ei":9.06,"as":1654.51,"mi":"E","mv":83719,"sc":2,"lpe":74.43,"lpr":6899.69,"lq":7.5},{"pi":"370077","pc":"Автомобильные товары","ss":10000,"td":"Центр города","dc":1,"n":341.84,"vc":"более 20 000","sl":"Элитный","sv":"более 20 000","p":3000.0,"q":64.58,"b":5.75,"wi":142.57,"ei":9.06,"as":1654.51,"mi":"E","mv":83719,"sc":2,"lpe":74.43,"lpr":6899.69,"lq":7.5},{"pi":"370077","pc":"Автомобильные товары","ss":10000,"td":"Центр города","dc":1,"n":341.84,"vc":"более 20 000","sl":"Элитный","sv":"более 20 000","p":3000.0,"q":64.58,"b":5.75,"wi":142.57,"ei":9.06,"as":1654.51,"mi":"E","mv":83719,"sc":2,"lpe":74.43,"lpr":6899.69,"lq":7.5},{"pi":"370077","pc":"Автомобильные товары","ss":10000,"td":"Центр города","dc":1,"n":341.84,"vc":"более 20 000","sl":"Элитный","sv":"более 20 000","p":3000.0,"q":64.58,"b":5.75,"wi":142.57,"ei":9.06,"as":1654.51,"mi":"E","mv":83719,"sc":2,"lpe":74.43,"lpr":6899.69,"lq":7.5},{"pi":"370077","pc":"Автомобильные товары","ss":10000,"td":"Центр города","dc":1,"n":341.84,"vc":"более 20 000","sl":"Элитный","sv":"более 20 000","p":3000.0,"q":64.58,"b":5.75,"wi":142.57,"ei":9.06,"as":1654.51,"mi":"E","mv":83719,"sc":2,"lpe":74.43,"lpr":6899.69,"lq":7.5},{"pi":"370077","pc":"Автомобильные товары","ss":1000,"td":"Центр города","dc":3,"n":131.36,"vc":"более 1 000","sl":"Высокий","sv":"около 500","p":2029.54,"q":49.25,"b":5.75,"wi":142.57,"ei":9.06,"as":1654.51,"mi":"E","mv":83719,"sc":2,"lpe":74.43,"lpr":6899.69,"lq":7.5},{"pi":"370077","pc":"Автомобильные товары","ss":10000,"td":"Центр города","dc":1,"n":341.84,"vc":"более 20 000","sl":"Элитный","sv":"более 20 000","p":3000.0,"q":64.58,"b":5.75,"wi":142.57,"ei":9.06,"as":1654.51,"mi":"E","mv":83719,"sc":2,"lpe":74.43,"lpr":6899.69,"lq":7.5},{"pi":"370077","pc":"Автомобильные товары","ss":10000,"td":"Центр города","dc":3,"n":101.43,"vc":"около 5 000","sl":"Очень высокий","sv":"менее 50","p":1401.08,"q":54.96,"b":0.0,"wi":74.54,"ei":5.89,"as":178.84,"mi":"E","mv":200600,"sc":1,"lpe":99.99,"lpr":17791.3,"lq":1.0},{"pi":"370077","pc":"Автомобильные товары","ss":10000,"td":"Центр города","dc":3,"n":101.43,"vc":"около 5 000","sl":"Очень высокий","sv":"менее 50","p":1401.08,"q":54.96,"b":0.0,"wi":74.54,"ei":5.89,"as":178.84,"mi":"E","mv":200600,"sc":1,"lpe":99.99,"lpr":17791.3,"lq":1.0},{"pi":"370077","pc":"Автомобильные товары","ss":10000,"td":"Центр города","dc":3,"n":101.43,"vc":"около 5 000","sl":"Очень высокий","sv":"менее 50","p":1401.08,"q":54.96,"b":0.0,"wi":74.54,"ei":5.89,"as":178.84,"mi":"E","mv":200600,"sc":1,"lpe":99.99,"lpr":17791.3,"lq":1.0},{"pi":"370077","pc":"Автомобильные товары","ss":10000,"td":"Центр города","dc":3,"n":101.43,"vc":"около 5 000","sl":"Очень высокий","sv":"менее 50","p":1401.08,"q":54.96,"b":0.0,"wi":74.54,"ei":5.89,"as":178.84,"mi":"E","mv":200600,"sc":1,"lpe":99.99,"lpr":17791.3,"lq":1.0},{"pi":"370077","pc":"Автомобильные товары","ss":10000,"td":"Центр города","dc":3,"n":101.43,"vc":"около 5 000","sl":"Очень высокий","sv":"менее 50","p":1401.08,"q":54.96,"b":0.0,"wi":74.54,"ei":5.89,"as":178.84,"mi":"E","mv":200600,"sc":1,"lpe":99.99,"lpr":17791.3,"lq":1.0},{"pi":"370077","pc":"Автомобильные товары","ss":10000,"td":"Центр города","dc":3,"n":101.43,"vc":"около 5 000","sl":"Очень высокий","sv":"менее 50","p":1401.08,"q":54.96,"b":0.0,"wi":74.54,"ei":5.89,"as":178.84,"mi":"E","mv":200600,"sc":1,"lpe":99.99,"lpr":17791.3,"lq":1.0},{"pi":"370077","pc":"Автомобильные товары","ss":10000,"td":"Центр города","dc":3,"n":101.43,"vc":"около 5 000","sl":"Очень высокий","sv":"менее 50","p":1401.08,"q":54.96,"b":0.0,"wi":74.54,"ei":5.89,"as":178.84,"mi":"E","mv":200600,"sc":1,"lpe":99.99,"lpr":17791.3,"lq":1.0},{"pi":"370077","pc":"Автомобильные товары","ss":100000,"td":"Центр города","dc":1,"n":639.28,"vc":"более 2 000 000","sl":"Нормальный","sv":"около 10 000","p":10000.0,"q":64.58,"b":0.0,"wi":87.48,"ei":7.03,"as":481.79,"mi":"E","mv":233340,"sc":1,"lpe":96.04,"lpr":4263.56,"lq":1.0},{"pi":"370077","pc":"Автомобильные товары","ss":100000,"td":"Центр города","dc":1,"n":639.28,"vc":"более 2 000 000","sl":"Нормальный","sv":"около 10 000","p":10000.0,"q":64.58,"b":0.0,"wi":87.48,"ei":7.03,"as":481.79,"mi":"E","mv":233340,"sc":1,"lpe":96.04,"lpr":4263.56,"lq":1.0},{"pi":"370077","pc":"Автомобильные товары","ss":100000,"td":"Центр города","dc":1,"n":639.28,"vc":"более 2 000 000","sl":"Нормальный","sv":"около 10 000","p":10000.0,"q":64.58,"b":0.0,"wi":87.48,"ei":7.03,"as":481.79,"mi":"E","mv":233340,"sc":1,"lpe":96.04,"lpr":4263.56,"lq":1.0},{"pi":"370077","pc":"Автомобильные товары","ss":100000,"td":"Центр города","dc":1,"n":639.28,"vc":"более 2 000 000","sl":"Нормальный","sv":"около 10 000","p":10000.0,"q":64.58,"b":0.0,"wi":87.48,"ei":7.03,"as":481.79,"mi":"E","mv":233340,"sc":1,"lpe":96.04,"lpr":4263.56,"lq":1.0},{"pi":"370077","pc":"Автомобильные товары","ss":100000,"td":"Центр города","dc":1,"n":639.28,"vc":"более 2 000 000","sl":"Нормальный","sv":"около 10 000","p":10000.0,"q":64.58,"b":0.0,"wi":87.48,"ei":7.03,"as":481.79,"mi":"E","mv":233340,"sc":1,"lpe":96.04,"lpr":4263.56,"lq":1.0},{"pi":"370077","pc":"Автомобильные товары","ss":100000,"td":"Центр города","dc":1,"n":639.28,"vc":"более 2 000 000","sl":"Нормальный","sv":"около 10 000","p":10000.0,"q":64.58,"b":0.0,"wi":87.48,"ei":7.03,"as":481.79,"mi":"E","mv":233340,"sc":1,"lpe":96.04,"lpr":4263.56,"lq":1.0},{"pi":"370077","pc":"Автомобильные товары","ss":100000,"td":"Центр города","dc":1,"n":639.28,"vc":"более 2 000 000","sl":"Нормальный","sv":"около 10 000","p":10000.0,"q":64.58,"b":0.0,"wi":87.48,"ei":7.03,"as":481.79,"mi":"E","mv":233340,"sc":1,"lpe":96.04,"lpr":4263.56,"lq":1.0},{"pi":"370077","pc":"Автомобильные товары","ss":100000,"td":"Центр города","dc":1,"n":639.28,"vc":"более 2 000 000","sl":"Нормальный","sv":"около 10 000","p":10000.0,"q":64.58,"b":0.0,"wi":87.48,"ei":7.03,"as":481.79,"mi":"E","mv":233340,"sc":1,"lpe":96.04,"lpr":4263.56,"lq":1.0},{"pi":"370077","pc":"Автомобильные товары","ss":100000,"td":"Центр города","dc":1,"n":639.28,"vc":"более 2 000 000","sl":"Нормальный","sv":"около 10 000","p":10000.0,"q":64.58,"b":0.0,"wi":87.48,"ei":7.03,"as":481.79,"mi":"E","mv":233340,"sc":1,"lpe":96.04,"lpr":4263.56,"lq":1.0},{"pi":"370077","pc":"Автомобильные товары","ss":10000,"td":"Центр города","dc":4,"n":64.63,"vc":"более 1 000","sl":"Элитный","sv":"около 50","p":3000.0,"q":61.04,"b":0.0,"wi":166.6,"ei":10.43,"as":2343.28,"mi":"E","mv":13924,"sc":1,"lpe":99.58,"lpr":17457.56,"lq":1.0},{"pi":"370077","pc":"Автомобильные товары","ss":10000,"td":"Центр города","dc":4,"n":64.63,"vc":"более 1 000","sl":"Элитный","sv":"около 50","p":3000.0,"q":61.04,"b":0.0,"wi":166.6,"ei":10.43,"as":2343.28,"mi":"E","mv":13924,"sc":1,"lpe":99.58,"lpr":17457.56,"lq":1.0},{"pi":"370077","pc":"Автомобильные товары","ss":10000,"td":"Центр города","dc":4,"n":64.63,"vc":"более 1 000","sl":"Элитный","sv":"около 50","p":3000.0,"q":61.04,"b":0.0,"wi":166.6,"ei":10.43,"as":2343.28,"mi":"E","mv":13924,"sc":1,"lpe":99.58,"lpr":17457.56,"lq":1.0},{"pi":"370077","pc":"Автомобильные товары","ss":10000,"td":"Центр города","dc":4,"n":64.63,"vc":"более 1 000","sl":"Элитный","sv":"около 50","p":3000.0,"q":61.04,"b":0.0,"wi":166.6,"ei":10.43,"as":2343.28,"mi":"E","mv":13924,"sc":1,"lpe":99.58,"lpr":17457.56,"lq":1.0},{"pi":"370077","pc":"Автомобильные товары","ss":10000,"td":"Центр города","dc":4,"n":64.63,"vc":"более 1 000","sl":"Элитный","sv":"около 50","p":3000.0,"q":61.04,"b":0.0,"wi":166.6,"ei":10.43,"as":2343.28,"mi":"E","mv":13924,"sc":1,"lpe":99.58,"lpr":17457.56,"lq":1.0},{"pi":"370077","pc":"Автомобильные товары","ss":100000,"td":"Центр города","dc":2,"n":428.85,"vc":"около 500 000","sl":"Очень высокий","sv":"около 50 000","p":2500.0,"q":28.22,"b":4.16,"wi":54.44,"ei":13.85,"as":296.6,"mi":"E","mv":223504,"sc":1,"lpe":83.89,"lpr":1647.1,"lq":2.03},{"pi":"370077","pc":"Автомобильные товары","ss":100000,"td":"Центр города","dc":2,"n":428.85,"vc":"около 500 000","sl":"Очень высокий","sv":"около 50 000","p":2500.0,"q":28.22,"b":4.16,"wi":54.44,"ei":13.85,"as":296.6,"mi":"E","mv":223504,"sc":1,"lpe":83.89,"lpr":1647.1,"lq":2.03},{"pi":"370077","pc":"Автомобильные товары","ss":100000,"td":"Центр города","dc":2,"n":428.85,"vc":"около 500 000","sl":"Очень высокий","sv":"около 50 000","p":2500.0,"q":28.22,"b":4.16,"wi":54.44,"ei":13.85,"as":296.6,"mi":"E","mv":223504,"sc":1,"lpe":83.89,"lpr":1647.1,"lq":2.03},{"pi":"370077","pc":"Автомобильные товары","ss":100000,"td":"Центр города","dc":2,"n":428.85,"vc":"около 500 000","sl":"Очень высокий","sv":"около 50 000","p":2500.0,"q":28.22,"b":4.16,"wi":54.44,"ei":13.85,"as":296.6,"mi":"E","mv":223504,"sc":1,"lpe":83.89,"lpr":1647.1,"lq":2.03},{"pi":"370077","pc":"Автомобильные товары","ss":100000,"td":"Центр города","dc":2,"n":428.85,"vc":"около 500 000","sl":"Очень высокий","sv":"около 50 000","p":2500.0,"q":28.22,"b":4.16,"wi":54.44,"ei":13.85,"as":296.6,"mi":"E","mv":223504,"sc":1,"lpe":83.89,"lpr":1647.1,"lq":2.03},{"pi":"370077","pc":"Автомобильные товары","ss":100000,"td":"Центр города","dc":2,"n":428.85,"vc":"около 500 000","sl":"Очень высокий","sv":"около 50 000","p":2500.0,"q":28.22,"b":4.16,"wi":54.44,"ei":13.85,"as":296.6,"mi":"E","mv":223504,"sc":1,"lpe":83.89,"lpr":1647.1,"lq":2.03},{"pi":"370077","pc":"Автомобильные товары","ss":10000,"td":"Центр города","dc":1,"n":469.08,"vc":"более 30 000","sl":"Очень высокий","sv":"около 5 000","p":4000.0,"q":64.58,"b":0.0,"wi":43.16,"ei":7.9,"as":409.29,"mi":"E","mv":15120,"sc":1,"lpe":70.0,"lpr":1298.38,"lq":2.22},{"pi":"370077","pc":"Автомобильные товары","ss":10000,"td":"Центр города","dc":1,"n":469.08,"vc":"более 30 000","sl":"Очень высокий","sv":"около 5 000","p":4000.0,"q":64.58,"b":0.0,"wi":43.16,"ei":7.9,"as":409.29,"mi":"E","mv":15120,"sc":1,"lpe":70.0,"lpr":1298.38,"lq":2.22},{"pi":"370077","pc":"Автомобильные товары","ss":10000,"td":"Центр города","dc":1,"n":469.08,"vc":"более 30 000","sl":"Очень высокий","sv":"около 5 000","p":4000.0,"q":64.58,"b":0.0,"wi":43.16,"ei":7.9,"as":409.29,"mi":"E","mv":15120,"sc":1,"lpe":70.0,"lpr":1298.38,"lq":2.22},{"pi":"370077","pc":"Автомобильные товары","ss":10000,"td":"Центр города","dc":1,"n":469.08,"vc":"более 30 000","sl":"Очень высокий","sv":"около 5 000","p":4000.0,"q":64.58,"b":0.0,"wi":43.16,"ei":7.9,"as":409.29,"mi":"E","mv":15120,"sc":1,"lpe":70.0,"lpr":1298.38,"lq":2.22},{"pi":"370077","pc":"Автомобильные товары","ss":10000,"td":"Центр города","dc":1,"n":469.08,"vc":"более 30 000","sl":"Очень высокий","sv":"около 5 000","p":4000.0,"q":64.58,"b":0.0,"wi":43.16,"ei":7.9,"as":409.29,"mi":"E","mv":15120,"sc":1,"lpe":70.0,"lpr":1298.38,"lq":2.22},{"pi":"370077","pc":"Автомобильные товары","ss":10000,"td":"Центр города","dc":1,"n":469.08,"vc":"более 30 000","sl":"Очень высокий","sv":"около 5 000","p":4000.0,"q":64.58,"b":0.0,"wi":43.16,"ei":7.9,"as":409.29,"mi":"E","mv":15120,"sc":1,"lpe":70.0,"lpr":1298.38,"lq":2.22},{"pi":"370077","pc":"Автомобильные товары","ss":10000,"td":"Центр города","dc":1,"n":469.08,"vc":"более 30 000","sl":"Очень высокий","sv":"около 5 000","p":4000.0,"q":64.58,"b":0.0,"wi":43.16,"ei":7.9,"as":409.29,"mi":"E","mv":15120,"sc":1,"lpe":70.0,"lpr":1298.38,"lq":2.22},{"pi":"370077","pc":"Автомобильные товары","ss":10000,"td":"Центр города","dc":1,"n":469.08,"vc":"более 30 000","sl":"Очень высокий","sv":"около 5 000","p":4000.0,"q":64.58,"b":0.0,"wi":43.16,"ei":7.9,"as":409.29,"mi":"E","mv":15120,"sc":1,"lpe":70.0,"lpr":1298.38,"lq":2.22},{"pi":"370077","pc":"Автомобильные товары","ss":10000,"td":"Центр города","dc":1,"n":469.08,"vc":"более 30 000","sl":"Очень высокий","sv":"около 5 000","p":4000.0,"q":64.58,"b":0.0,"wi":43.16,"ei":7.9,"as":409.29,"mi":"E","mv":15120,"sc":1,"lpe":70.0,"lpr":1298.38,"lq":2.22},{"pi":"370077","pc":"Автомобильные товары","ss":10000,"td":"Центр города","dc":1,"n":469.08,"vc":"более 30 000","sl":"Очень высокий","sv":"около 5 000","p":4000.0,"q":64.58,"b":0.0,"wi":43.16,"ei":7.9,"as":409.29,"mi":"E","mv":15120,"sc":1,"lpe":70.0,"lpr":1298.38,"lq":2.22},{"pi":"370077","pc":"Автомобильные товары","ss":10000,"td":"Центр города","dc":1,"n":469.08,"vc":"более 30 000","sl":"Очень высокий","sv":"около 5 000","p":4000.0,"q":64.58,"b":0.0,"wi":43.16,"ei":7.9,"as":409.29,"mi":"E","mv":15120,"sc":1,"lpe":70.0,"lpr":1298.38,"lq":2.22},{"pi":"370077","pc":"Автомобильные товары","ss":10000,"td":"Центр города","dc":1,"n":469.08,"vc":"более 30 000","sl":"Очень высокий","sv":"около 5 000","p":4000.0,"q":64.58,"b":0.0,"wi":43.16,"ei":7.9,"as":409.29,"mi":"E","mv":15120,"sc":1,"lpe":70.0,"lpr":1298.38,"lq":2.22},{"pi":"370077","pc":"Автомобильные товары","ss":10000,"td":"Центр города","dc":1,"n":469.08,"vc":"более 30 000","sl":"Очень высокий","sv":"около 5 000","p":4000.0,"q":64.58,"b":0.0,"wi":43.16,"ei":7.9,"as":409.29,"mi":"E","mv":15120,"sc":1,"lpe":70.0,"lpr":1298.38,"lq":2.22},{"pi":"370077","pc":"Автомобильные товары","ss":10000,"td":"Центр города","dc":1,"n":469.08,"vc":"более 30 000","sl":"Очень высокий","sv":"около 5 000","p":4000.0,"q":64.58,"b":0.0,"wi":43.16,"ei":7.9,"as":409.29,"mi":"E","mv":15120,"sc":1,"lpe":70.0,"lpr":1298.38,"lq":2.22},{"pi":"370077","pc":"Автомобильные товары","ss":10000,"td":"Центр города","dc":1,"n":469.08,"vc":"более 30 000","sl":"Очень высокий","sv":"около 5 000","p":4000.0,"q":64.58,"b":0.0,"wi":43.16,"ei":7.9,"as":409.29,"mi":"E","mv":15120,"sc":1,"lpe":70.0,"lpr":1298.38,"lq":2.22},{"pi":"370077","pc":"Автомобильные товары","ss":10000,"td":"Центр города","dc":2,"n":401.53,"vc":"более 20 000","sl":"Очень высокий","sv":"около 500","p":4585.0,"q":54.07,"b":0.0,"wi":202.2,"ei":9.86,"as":1539.83,"mi":"E","mv":27033,"sc":1,"lpe":98.77,"lpr":13932.41,"lq":1.0},{"pi":"370077","pc":"Автомобильные товары","ss":10000,"td":"Центр города","dc":2,"n":401.53,"vc":"более 20 000","sl":"Очень высокий","sv":"около 500","p":4585.0,"q":54.07,"b":0.0,"wi":202.2,"ei":9.86,"as":1539.83,"mi":"E","mv":27033,"sc":1,"lpe":98.77,"lpr":13932.41,"lq":1.0},{"pi":"370077","pc":"Автомобильные товары","ss":10000,"td":"Центр города","dc":2,"n":401.53,"vc":"более 20 000","sl":"Очень высокий","sv":"около 500","p":4585.0,"q":54.07,"b":0.0,"wi":202.2,"ei":9.86,"as":1539.83,"mi":"E","mv":27033,"sc":1,"lpe":98.77,"lpr":13932.41,"lq":1.0},{"pi":"370077","pc":"Автомобильные товары","ss":10000,"td":"Центр города","dc":2,"n":401.53,"vc":"более 20 000","sl":"Очень высокий","sv":"около 500","p":4585.0,"q":54.07,"b":0.0,"wi":202.2,"ei":9.86,"as":1539.83,"mi":"E","mv":27033,"sc":1,"lpe":98.77,"lpr":13932.41,"lq":1.0},{"pi":"370077","pc":"Автомобильные товары","ss":10000,"td":"Центр города","dc":2,"n":401.53,"vc":"более 20 000","sl":"Очень высокий","sv":"около 500","p":4585.0,"q":54.07,"b":0.0,"wi":202.2,"ei":9.86,"as":1539.83,"mi":"E","mv":27033,"sc":1,"lpe":98.77,"lpr":13932.41,"lq":1.0},{"pi":"370077","pc":"Автомобильные товары","ss":10000,"td":"Центр города","dc":2,"n":401.53,"vc":"более 20 000","sl":"Очень высокий","sv":"около 500","p":4585.0,"q":54.07,"b":0.0,"wi":202.2,"ei":9.86,"as":1539.83,"mi":"E","mv":27033,"sc":1,"lpe":98.77,"lpr":13932.41,"lq":1.0},{"pi":"370077","pc":"Автомобильные товары","ss":10000,"td":"Центр города","dc":2,"n":401.53,"vc":"более 20 000","sl":"Очень высокий","sv":"около 500","p":4585.0,"q":54.07,"b":0.0,"wi":202.2,"ei":9.86,"as":1539.83,"mi":"E","mv":27033,"sc":1,"lpe":98.77,"lpr":13932.41,"lq":1.0},{"pi":"370077","pc":"Автомобильные товары","ss":10000,"td":"Центр города","dc":2,"n":401.53,"vc":"более 20 000","sl":"Очень высокий","sv":"около 500","p":4585.0,"q":54.07,"b":0.0,"wi":202.2,"ei":9.86,"as":1539.83,"mi":"E","mv":27033,"sc":1,"lpe":98.77,"lpr":13932.41,"lq":1.0},{"pi":"370077","pc":"Автомобильные товары","ss":10000,"td":"Центр города","dc":2,"n":401.53,"vc":"более 20 000","sl":"Очень высокий","sv":"около 500","p":4585.0,"q":54.07,"b":0.0,"wi":202.2,"ei":9.86,"as":1539.83,"mi":"E","mv":27033,"sc":1,"lpe":98.77,"lpr":13932.41,"lq":1.0},{"pi":"370077","pc":"Автомобильные товары","ss":100000,"td":"Центр города","dc":1,"n":407.04,"vc":"около 100 000","sl":"Элитный","sv":"более 1 000","p":1076.69,"q":64.54,"b":0.0,"wi":26.63,"ei":7.89,"as":135.68,"mi":"E","mv":5574,"sc":1,"lpe":75.1,"lpr":201.89,"lq":1.24},{"pi":"370077","pc":"Автомобильные товары","ss":100000,"td":"Центр города","dc":1,"n":407.04,"vc":"около 100 000","sl":"Элитный","sv":"более 1 000","p":1076.69,"q":64.54,"b":0.0,"wi":26.63,"ei":7.89,"as":135.68,"mi":"E","mv":5574,"sc":1,"lpe":75.1,"lpr":201.89,"lq":1.24}]