[{"pi":"370077","pc":"Автомобильные товары","ss":10000,"td":"Центр города","dc":5,"n":385.93,"vc":"более 10 000","sl":"Нормальный","sv":"более 1 000","p":4167.53,"q":54.0,"b":0.0,"wi":77.64,"ei":6.85,"as":472.8,"mi":"E","mv":67802,"sc":1,"lpe":98.5,"lpr":5529.74,"lq":1.0},{"pi":"370077","pc":"Автомобильные товары","ss":10000,"td":"Центр города","dc":5,"n":385.93,"vc":"более 10 000","sl":"Нормальный","sv":"более 1 000","p":4167.53,"q":54.0,"b":0.0,"wi":77.64,"ei":6.85,"as":472.8,"mi":"E","mv":67802,"sc":1,"lpe":98.5,"lpr":5529.74,"lq":1.0},{"pi":"370077","pc":"Автомобильные товары","ss":10000,"td":"Центр города","dc":5,"n":385.93,"vc":"более 10 000","sl":"Нормальный","sv":"более 1 000","p":4167.53,"q":54.0,"b":0.0,"wi":77.64,"ei":6.85,"as":472.8,"mi":"E","mv":67802,"sc":1,"lpe":98.5,"lpr":5529.74,"lq":1.0},{"pi":"370077","pc":"Автомобильные товары","ss":10000,"td":"Центр города","dc":5,"n":385.93,"vc":"более 10 000","sl":"Нормальный","sv":"более 1 000","p":4167.53,"q":54.0,"b":0.0,"wi":77.64,"ei":6.85,"as":472.8,"mi":"E","mv":67802,"sc":1,"lpe":98.5,"lpr":5529.74,"lq":1.0},{"pi":"370077","pc":"Автомобильные товары","ss":10000,"td":"Центр города","dc":5,"n":385.93,"vc":"более 10 000","sl":"Нормальный","sv":"более 1 000","p":4167.53,"q":54.0,"b":0.0,"wi":77.64,"ei":6.85,"as":472.8,"mi":"E","mv":67802,"sc":1,"lpe":98.5,"lpr":5529.74,"lq":1.0},{"pi":"370077","pc":"Автомобильные товары","ss":10000,"td":"Центр города","dc":5,"n":385.93,"vc":"более 10 000","sl":"Нормальный","sv":"более 1 000","p":4167.53,"q":54.0,"b":0.0,"wi":77.64,"ei":6.85,"as":472.8,"mi":"E","mv":67802,"sc":1,"lpe":98.5,"lpr":5529.74,"lq":1.0},{"pi":"370077","pc":"Автомобильные товары","ss":10000,"td":"Центр города","dc":5,"n":385.93,"vc":"более 10 000","sl":"Нормальный","sv":"более 1 000","p":4167.53,"q":54.0,"b":0.0,"wi":77.64,"ei":6.85,"as":472.8,"mi":"E","mv":67802,"sc":1,"lpe":98.5,"lpr":5529.74,"lq":1.0},{"pi":"370077","pc":"Автомобильные товары","ss":10000,"td":"Центр города","dc":1,"n":452.01,"vc":"около 50 000","sl":"Очень высокий","sv":"около 5 000","p":3000.0,"q":64.53,"b":4.29,"wi":67.91,"ei":17.89,"as":287.52,"mi":"E","mv":22926,"sc":1,"lpe":70.0,"lpr":2448.1,"lq":3.41},{"pi":"370077","pc":"Автомобильные товары","ss":10000,"td":"Центр города","dc":1,"n":452.01,"vc":"около 50 000","sl":"Очень высокий","sv":"около 5 000","p":3000.0,"q":64.53,"b":4.29,"wi":67.91,"ei":17.89,"as":287.52,"mi":"E","mv":22926,"sc":1,"lpe":70.0,"lpr":2448.1,"lq":3.41},{"pi":"370077","pc":"Автомобильные товары","ss":10000,"td":"Центр города","dc":1,"n":452.01,"vc":"около 50 000","sl":"Очень высокий","sv":"около 5 000","p":3000.0,"q":64.53,"b":4.29,"wi":67.91,"ei":17.89,"as":287.52,"mi":"E","mv":22926,"sc":1,"lpe":70.0,"lpr":2448.1,"lq":3.41},{"pi":"370077","pc":"Автомобильные товары","ss":10000,"td":"Центр города","dc":1,"n":452.01,"vc":"около 50 000","sl":"Очень высокий","sv":"около 5 000","p":3000.0,"q":64.53,"b":4.29,"wi":67.91,"ei":17.89,"as":287.52,"mi":"E","mv":22926,"sc":1,"lpe":70.0,"lpr":2448.1,"lq":3.41},{"pi":"370077","pc":"Автомобильные товары","ss":10000,"td":"Центр города","dc":1,"n":452.01,"vc":"около 50 000","sl":"Очень высокий","sv":"около 5 000","p":3000.0,"q":64.53,"b":4.29,"wi":67.91,"ei":17.89,"as":287.52,"mi":"E","mv":22926,"sc":1,"lpe":70.0,"lpr":2448.1,"lq":3.41},{"pi":"370077","pc":"Автомобильные товары","ss":10000,"td":"Центр города","dc":1,"n":452.01,"vc":"около 50 000","sl":"Очень высокий","sv":"около 5 000","p":3000.0,"q":64.53,"b":4.29,"wi":67.91,"ei":17.89,"as":287.52,"mi":"E","mv":22926,"sc":1,"lpe":70.0,"lpr":2448.1,"lq":3.41},{"pi":"370077","pc":"Автомобильные товары","ss":10000,"td":"Центр города","dc":1,"n":452.01,"vc":"около 50 000","sl":"Очень высокий","sv":"около 5 000","p":3000.0,"q":64.53,"b":4.29,"wi":67.91,"ei":17.89,"as":287.52,"mi":"E","mv":22926,"sc":1,"lpe":70.0,"lpr":2448.1,"lq":3.41},{"pi":"370077","pc":"Автомобильные товары","ss":10000,"td":"Центр города","dc":1,"n":452.01,"vc":"около 50 000","sl":"Очень высокий","sv":"около 5 000","p":3000.0,"q":64.53,"b":4.29,"wi":67.91,"ei":17.89,"as":287.52,"mi":"E","mv":22926,"sc":1,"lpe":70.0,"lpr":2448.1,"lq":3.41},{"pi":"370077","pc":"Автомобильные товары","ss":10000,"td":"Центр города","dc":1,"n":452.01,"vc":"около 50 000","sl":"Очень высокий","sv":"около 5 000","p":3000.0,"q":64.53,"b":4.29,"wi":67.91,"ei":17.89,"as":287.52,"mi":"E","mv":22926,"sc":1,"lpe":70.0,"lpr":2448.1,"lq":3.41},{"pi":"370077","pc":"Автомобильные товары","ss":10000,"td":"Центр города","dc":1,"n":452.01,"vc":"около 50 000","sl":"Очень высокий","sv":"около 5 000","p":3000.0,"q":64.53,"b":4.29,"wi":67.91,"ei":17.89,"as":287.52,"mi":"E","mv":22926,"sc":1,"lpe":70.0,"lpr":2448.1,"lq":3.41},{"pi":"370077","pc":"Автомобильные товары","ss":10000,"td":"Центр города","dc":1,"n":452.01,"vc":"около 50 000","sl":"Очень высокий","sv":"около 5 000","p":3000.0,"q":64.53,"b":4.29,"wi":67.91,"ei":17.89,"as":287.52,"mi":"E","mv":22926,"sc":1,"lpe":70.0,"lpr":2448.1,"lq":3.41},{"pi":"370077","pc":"Автомобильные товары","ss":10000,"td":"Центр города","dc":1,"n":452.01,"vc":"около 50 000","sl":"Очень высокий","sv":"около 5 000","p":3000.0,"q":64.53,"b":4.29,"wi":67.91,"ei":17.89,"as":287.52,"mi":"E","mv":22926,"sc":1,"lpe":70.0,"lpr":2448.1,"lq":3.41},{"pi":"370077","pc":"Автомобильные товары","ss":10000,"td":"Центр города","dc":1,"n":452.01,"vc":"около 50 000","sl":"Очень высокий","sv":"около 5 000","p":3000.0,"q":64.53,"b":4.29,"wi":67.91,"ei":17.89,"as":287.52,"mi":"E","mv":22926,"sc":1,"lpe":70.0,"lpr":2448.1,"lq":3.41},{"pi":"370077","pc":"Автомобильные товары","ss":10000,"td":"Центр города","dc":1,"n":452.01,"vc":"около 50 000","sl":"Очень высокий","sv":"около 5 000","p":3000.0,"q":64.53,"b":4.29,"wi":67.91,"ei":17.89,"as":287.52,"mi":"E","mv":22926,"sc":1,"lpe":70.0,"lpr":2448.1,"lq":3.41},{"pi":"370077","pc":"Автомобильные товары","ss":10000,"td":"Центр города","dc":1,"n":452.01,"vc":"около 50 000","sl":"Очень высокий","sv":"около 5 000","p":3000.0,"q":64.53,"b":4.29,"wi":67.91,"ei":17.89,"as":287.52,"mi":"E","mv":22926,"sc":1,"lpe":70.0,"lpr":2448.1,"lq":3.41},{"pi":"370077","pc":"Автомобильные товары","ss":10000,"td":"Центр города","dc":1,"n":291.98,"vc":"около 5 000","sl":"Элитный","sv":"около 500","p":3960.0,"q":10.41,"b":0.0,"wi":73.97,"ei":9.12,"as":448.99,"mi":"E","mv":22468,"sc":1,"lpe":98.13,"lpr":9251.2,"lq":1.0},{"pi":"370077","pc":"Автомобильные товары","ss":10000,"td":"Центр города","dc":1,"n":291.98,"vc":"около 5 000","sl":"Элитный","sv":"около 500","p":3960.0,"q":10.41,"b":0.0,"wi":73.97,"ei":9.12,"as":448.99,"mi":"E","mv":22468,"sc":1,"lpe":98.13,"lpr":9251.2,"lq":1.0},{"pi":"370077","pc":"Автомобильные товары","ss":10000,"td":"Центр города","dc":1,"n":291.98,"vc":"около 5 000","sl":"Элитный","sv":"около 500","p":3960.0,"q":10.41,"b":0.0,"wi":73.97,"ei":9.12,"as":448.99,"mi":"E","mv":22468,"sc":1,"lpe":98.13,"lpr":9251.2,"lq":1.0},{"pi":"370077","pc":"Автомобильные товары","ss":10000,"td":"Центр города","dc":1,"n":291.98,"vc":"около 5 000","sl":"Элитный","sv":"около 500","p":3960.0,"q":10.41,"b":0.0,"wi":73.97,"ei":9.12,"as":448.99,"mi":"E","mv":22468,"sc":1,"lpe":98.13,"lpr":9251.2,"lq":1.0},{"pi":"370077","pc":"Автомобильные товары","ss":10000,"td":"Центр города","dc":1,"n":291.98,"vc":"около 5 000","sl":"Элитный","sv":"около 500","p":3960.0,"q":10.41,"b":0.0,"wi":73.97,"ei":9.12,"as":448.99,"mi":"E","mv":22468,"sc":1,"lpe":98.13,"lpr":9251.2,"lq":1.0},{"pi":"370077","pc":"Автомобильные товары","ss":10000,"td":"Центр города","dc":1,"n":291.98,"vc":"около 5 000","sl":"Элитный","sv":"около 500","p":3960.0,"q":10.41,"b":0.0,"wi":73.97,"ei":9.12,"as":448.99,"mi":"E","mv":22468,"sc":1,"lpe":98.13,"lpr":9251.2,"lq":1.0},{"pi":"370077","pc":"Автомобильные товары","ss":10000,"td":"Центр города","dc":1,"n":291.98,"vc":"около 5 000","sl":"Элитный","sv":"около 500","p":3960.0,"q":10.41,"b":0.0,"wi":73.97,"ei":9.12,"as":448.99,"mi":"E","mv":22468,"sc":1,"lpe":98.13,"lpr":9251.2,"lq":1.0},{"pi":"370077","pc":"Автомобильные товары","ss":10000,"td":"Центр города","dc":1,"n":291.98,"vc":"около 5 000","sl":"Элитный","sv":"около 500","p":3960.0,"q":10.41,"b":0.0,"wi":73.97,"ei":9.12,"as":448.99,"mi":"E","mv":22468,"sc":1,"lpe":98.13,"lpr":9251.2,"lq":1.0},{"pi":"370077","pc":"Автомобильные товары","ss":10000,"td":"Центр города","dc":1,"n":291.98,"vc":"около 5 000","sl":"Элитный","sv":"около 500","p":3960.0,"q":10.41,"b":0.0,"wi":73.97,"ei":9.12,"as":448.99,"mi":"E","mv":22468,"sc":1,"lpe":98.13,"lpr":9251.2,"lq":1.0},{"pi":"370077","pc":"Автомобильные товары","ss":10000,"td":"Центр города","dc":1,"n":291.98,"vc":"около 5 000","sl":"Элитный","sv":"около 500","p":3960.0,"q":10.41,"b":0.0,"wi":73.97,"ei":9.12,"as":448.99,"mi":"E","mv":22468,"sc":1,"lpe":98.13,"lpr":9251.2,"lq":1.0},{"pi":"370077","pc":"Автомобильные товары","ss":10000,"td":"Центр города","dc":1,"n":291.98,"vc":"около 5 000","sl":"Элитный","sv":"около 500","p":3960.0,"q":10.41,"b":0.0,"wi":73.97,"ei":9.12,"as":448.99,"mi":"E","mv":22468,"sc":1,"lpe":98.13,"lpr":9251.2,"lq":1.0},{"pi":"370077","pc":"Автомобильные товары","ss":10000,"td":"Центр города","dc":1,"n":291.98,"vc":"около 5 000","sl":"Элитный","sv":"около 500","p":3960.0,"q":10.41,"b":0.0,"wi":73.97,"ei":9.12,"as":448.99,"mi":"E","mv":22468,"sc":1,"lpe":98.13,"lpr":9251.2,"lq":1.0},{"pi":"370077","pc":"Автомобильные товары","ss":10000,"td":"Центр города","dc":1,"n":291.98,"vc":"около 5 000","sl":"Элитный","sv":"около 500","p":3960.0,"q":10.41,"b":0.0,"wi":73.97,"ei":9.12,"as":448.99,"mi":"E","mv":22468,"sc":1,"lpe":98.13,"lpr":9251.2,"lq":1.0},{"pi":"370077","pc":"Автомобильные товары","ss":10000,"td":"Центр города","dc":1,"n":291.98,"vc":"около 5 000","sl":"Элитный","sv":"около 500","p":3960.0,"q":10.41,"b":0.0,"wi":73.97,"ei":9.12,"as":448.99,"mi":"E","mv":22468,"sc":1,"lpe":98.13,"lpr":9251.2,"lq":1.0},{"pi":"370077","pc":"Автомобильные товары","ss":10000,"td":"Центр города","dc":1,"n":291.98,"vc":"около 5 000","sl":"Элитный","sv":"около 500","p":3960.0,"q":10.41,"b":0.0,"wi":73.97,"ei":9.12,"as":448.99,"mi":"E","mv":22468,"sc":1,"lpe":98.13,"lpr":9251.2,"lq":1.0},{"pi":"370077","pc":"Автомобильные товары","ss":10000,"td":"Центр города","dc":1,"n":473.0,"vc":"более 20 000","sl":"Элитный","sv":"около 5 000","p":1000.0,"q":64.54,"b":0.0,"wi":96.34,"ei":7.68,"as":387.22,"mi":"E","mv":14378,"sc":1,"lpe":70.59,"lpr":3691.81,"lq":5.24},{"pi":"370077","pc":"Автомобильные товары","ss":10000,"td":"Центр города","dc":1,"n":473.0,"vc":"более 20 000","sl":"Элитный","sv":"около 5 000","p":1000.0,"q":64.54,"b":0.0,"wi":96.34,"ei":7.68,"as":387.22,"mi":"E","mv":14378,"sc":1,"lpe":70.59,"lpr":3691.81,"lq":5.24},{"pi":"370077","pc":"Автомобильные товары","ss":10000,"td":"Центр города","dc":1,"n":473.0,"vc":"более 20 000","sl":"Элитный","sv":"около 5 000","p":1000.0,"q":64.54,"b":0.0,"wi":96.34,"ei":7.68,"as":387.22,"mi":"E","mv":14378,"sc":1,"lpe":70.59,"lpr":3691.81,"lq":5.24},{"pi":"370077","pc":"Автомобильные товары","ss":10000,"td":"Центр города","dc":1,"n":473.0,"vc":"более 20 000","sl":"Элитный","sv":"около 5 000","p":1000.0,"q":64.54,"b":0.0,"wi":96.34,"ei":7.68,"as":387.22,"mi":"E","mv":14378,"sc":1,"lpe":70.59,"lpr":3691.81,"lq":5.24},{"pi":"370077","pc":"Автомобильные товары","ss":10000,"td":"Центр города","dc":1,"n":473.0,"vc":"более 20 000","sl":"Элитный","sv":"около 5 000","p":1000.0,"q":64.54,"b":0.0,"wi":96.34,"ei":7.68,"as":387.22,"mi":"E","mv":14378,"sc":1,"lpe":70.59,"lpr":3691.81,"lq":5.24},{"pi":"370077","pc":"Автомобильные товары","ss":10000,"td":"Центр города","dc":1,"n":473.0,"vc":"более 20 000","sl":"Элитный","sv":"около 5 000","p":1000.0,"q":64.54,"b":0.0,"wi":96.34,"ei":7.68,"as":387.22,"mi":"E","mv":14378,"sc":1,"lpe":70.59,"lpr":3691.81,"lq":5.24},{"pi":"370077","pc":"Автомобильные товары","ss":10000,"td":"Центр города","dc":1,"n":473.0,"vc":"более 20 000","sl":"Элитный","sv":"около 5 000","p":1000.0,"q":64.54,"b":0.0,"wi":96.34,"ei":7.68,"as":387.22,"mi":"E","mv":14378,"sc":1,"lpe":70.59,"lpr":3691.81,"lq":5.24},{"pi":"370077","pc":"Автомобильные товары","ss":10000,"td":"Центр города","dc":1,"n":473.0,"vc":"более 20 000","sl":"Элитный","sv":"около 5 000","p":1000.0,"q":64.54,"b":0.0,"wi":96.34,"ei":7.68,"as":387.22,"mi":"E","mv":14378,"sc":1,"lpe":70.59,"lpr":3691.81,"lq":5.24},{"pi":"370077","pc":"Автомобильные товары","ss":10000,"td":"Центр города","dc":1,"n":473.0,"vc":"более 20 000","sl":"Элитный","sv":"около 5 000","p":1000.0,"q":64.54,"b":0.0,"wi":96.34,"ei":7.68,"as":387.22,"mi":"E","mv":14378,"sc":1,"lpe":70.59,"lpr":3691.81,"lq":5.24},{"pi":"370077","pc":"Автомобильные товары","ss":10000,"td":"Центр города","dc":1,"n":473.0,"vc":"более 20 000","sl":"Элитный","sv":"около 5 000","p":1000.0,"q":64.54,"b":0.0,"wi":96.34,"ei":7.68,"as":387.22,"mi":"E","mv":14378,"sc":1,"lpe":70.59,"lpr":3691.81,"lq":5.24},{"pi":"370077","pc":"Автомобильные товары","ss":10000,"td":"Центр города","dc":1,"n":473.0,"vc":"более 20 000","sl":"Элитный","sv":"около 5 000","p":1000.0,"q":64.54,"b":0.0,"wi":96.34,"ei":7.68,"as":387.22,"mi":"E","mv":14378,"sc":1,"lpe":70.59,"lpr":3691.81,"lq":5.24},{"pi":"370077","pc":"Автомобильные товары","ss":10000,"td":"Центр города","dc":1,"n":473.0,"vc":"более 20 000","sl":"Элитный","sv":"около 5 000","p":1000.0,"q":64.54,"b":0.0,"wi":96.34,"ei":7.68,"as":387.22,"mi":"E","mv":14378,"sc":1,"lpe":70.59,"lpr":3691.81,"lq":5.24},{"pi":"370077","pc":"Автомобильные товары","ss":10000,"td":"Центр города","dc":1,"n":432.92,"vc":"более 20 000","sl":"Очень высокий","sv":"около 5 000","p":1250.0,"q":64.53,"b":5.76,"wi":71.26,"ei":9.11,"as":1739.28,"mi":"E","mv":19631,"sc":1,"lpe":71.8,"lpr":1184.51,"lq":1.37},{"pi":"370077","pc":"Автомобильные товары","ss":10000,"td":"Центр города","dc":1,"n":432.92,"vc":"более 20 000","sl":"Очень высокий","sv":"около 5 000","p":1250.0,"q":64.53,"b":5.76,"wi":71.26,"ei":9.11,"as":1739.28,"mi":"E","mv":19631,"sc":1,"lpe":71.8,"lpr":1184.51,"lq":1.37},{"pi":"370077","pc":"Автомобильные товары","ss":10000,"td":"Центр города","dc":1,"n":432.92,"vc":"более 20 000","sl":"Очень высокий","sv":"около 5 000","p":1250.0,"q":64.53,"b":5.76,"wi":71.26,"ei":9.11,"as":1739.28,"mi":"E","mv":19631,"sc":1,"lpe":71.8,"lpr":1184.51,"lq":1.37},{"pi":"370077","pc":"Автомобильные товары","ss":10000,"td":"Центр города","dc":1,"n":432.92,"vc":"более 20 000","sl":"Очень высокий","sv":"около 5 000","p":1250.0,"q":64.53,"b":5.76,"wi":71.26,"ei":9.11,"as":1739.28,"mi":"E","mv":19631,"sc":1,"lpe":71.8,"lpr":1184.51,"lq":1.37},{"pi":"370077","pc":"Автомобильные товары","ss":10000,"td":"Центр города","dc":1,"n":432.92,"vc":"более 20 000","sl":"Очень высокий","sv":"около 5 000","p":1250.0,"q":64.53,"b":5.76,"wi":71.26,"ei":9.11,"as":1739.28,"mi":"E","mv":19631,"sc":1,"lpe":71.8,"lpr":1184.51,"lq":1.37},{"pi":"370077","pc":"Автомобильные товары","ss":10000,"td":"Центр города","dc":1,"n":432.92,"vc":"более 20 000","sl":"Очень высокий","sv":"около 5 000","p":1250.0,"q":64.53,"b":5.76,"wi":71.26,"ei":9.11,"as":1739.28,"mi":"E","mv":19631,"sc":1,"lpe":71.8,"lpr":1184.51,"lq":1.37},{"pi":"370077","pc":"Автомобильные товары","ss":10000,"td":"Центр города","dc":1,"n":432.92,"vc":"более 20 000","sl":"Очень высокий","sv":"около 5 000","p":1250.0,"q":64.53,"b":5.76,"wi":71.26,"ei":9.11,"as":1739.28,"mi":"E","mv":19631,"sc":1,"lpe":71.8,"lpr":1184.51,"lq":1.37},{"pi":"370077","pc":"Автомобильные товары","ss":10000,"td":"Центр города","dc":1,"n":432.92,"vc":"более 20 000","sl":"Очень высокий","sv":"около 5 000","p":1250.0,"q":64.53,"b":5.76,"wi":71.26,"ei":9.11,"as":1739.28,"mi":"E","mv":19631,"sc":1,"lpe":71.8,"lpr":1184.51,"lq":1.37},{"pi":"370077","pc":"Автомобильные товары","ss":10000,"td":"Центр города","dc":1,"n":432.92,"vc":"более 20 000","sl":"Очень высокий","sv":"около 5 000","p":1250.0,"q":64.53,"b":5.76,"wi":71.26,"ei":9.11,"as":1739.28,"mi":"E","mv":19631,"sc":1,"lpe":71.8,"lpr":1184.51,"lq":1.37},{"pi":"370077","pc":"Автомобильные товары","ss":10000,"td":"Центр города","dc":1,"n":432.92,"vc":"более 20 000","sl":"Очень высокий","sv":"около 5 000","p":1250.0,"q":64.53,"b":5.76,"wi":71.26,"ei":9.11,"as":1739.28,"mi":"E","mv":19631,"sc":1,"lpe":71.8,"lpr":1184.51,"lq":1.37},{"pi":"370077","pc":"Автомобильные товары","ss":10000,"td":"Центр города","dc":1,"n":432.92,"vc":"более 20 000","sl":"Очень высокий","sv":"около 5 000","p":1250.0,"q":64.53,"b":5.76,"wi":71.26,"ei":9.11,"as":1739.28,"mi":"E","mv":19631,"sc":1,"lpe":71.8,"lpr":1184.51,"lq":1.37},{"pi":"370077","pc":"Автомобильные товары","ss":10000,"td":"Центр города","dc":1,"n":432.92,"vc":"более 20 000","sl":"Очень высокий","sv":"около 5 000","p":1250.0,"q":64.53,"b":5.76,"wi":71.26,"ei":9.11,"as":1739.28,"mi":"E","mv":19631,"sc":1,"lpe":71.8,"lpr":1184.51,"lq":1.37},{"pi":"370077","pc":"Автомобильные товары","ss":1000,"td":"Центр города","dc":3,"n":131.61,"vc":"более 1 000","sl":"Нормальный","sv":"около 500","p":2029.54,"q":49.25,"b":5.76,"wi":169.35,"ei":9.06,"as":1654.51,"mi":"E","mv":83719,"sc":2,"lpe":74.62,"lpr":6899.69,"lq":7.17},{"pi":"370077","pc":"Автомобильные товары","ss":10000,"td":"Центр города","dc":1,"n":342.59,"vc":"более 20 000","sl":"Элитный","sv":"более 20 000","p":3000.0,"q":64.53,"b":5.76,"wi":169.35,"ei":9.06,"as":1654.51,"mi":"E","mv":83719,"sc":2,"lpe":74.62,"lpr":6899.69,"lq":7.17},{"pi":"370077","pc":"Автомобильные товары","ss":10000,"td":"Центр города","dc":1,"n":342.59,"vc":"более 20 000","sl":"Элитный","sv":"более 20 000","p":3000.0,"q":64.53,"b":5.76,"wi":169.35,"ei":9.06,"as":1654.51,"mi":"E","mv":83719,"sc":2,"lpe":74.62,"lpr":6899.69,"lq":7.17},{"pi":"370077","pc":"Автомобильные товары","ss":10000,"td":"Центр города","dc":1,"n":342.59,"vc":"более 20 000","sl":"Элитный","sv":"более 20 000","p":3000.0,"q":64.53,"b":5.76,"wi":169.35,"ei":9.06,"as":1654.51,"mi":"E","mv":83719,"sc":2,"lpe":74.62,"lpr":6899.69,"lq":7.17},{"pi":"370077","pc":"Автомобильные товары","ss":10000,"td":"Центр города","dc":1,"n":342.59,"vc":"более 20 000","sl":"Элитный","sv":"более 20 000","p":3000.0,"q":64.53,"b":5.76,"wi":169.35,"ei":9.06,"as":1654.51,"mi":"E","mv":83719,"sc":2,"lpe":74.62,"lpr":6899.69,"lq":7.17},{"pi":"370077","pc":"Автомобильные товары","ss":10000,"td":"Центр города","dc":1,"n":342.59,"vc":"более 20 000","sl":"Элитный","sv":"более 20 000","p":3000.0,"q":64.53,"b":5.76,"wi":169.35,"ei":9.06,"as":1654.51,"mi":"E","mv":83719,"sc":2,"lpe":74.62,"lpr":6899.69,"lq":7.17},{"pi":"370077","pc":"Автомобильные товары","ss":1000,"td":"Центр города","dc":3,"n":131.61,"vc":"более 1 000","sl":"Нормальный","sv":"около 500","p":2029.54,"q":49.25,"b":5.76,"wi":169.35,"ei":9.06,"as":1654.51,"mi":"E","mv":83719,"sc":2,"lpe":74.62,"lpr":6899.69,"lq":7.17},{"pi":"370077","pc":"Автомобильные товары","ss":10000,"td":"Центр города","dc":1,"n":342.59,"vc":"более 20 000","sl":"Элитный","sv":"более 20 000","p":3000.0,"q":64.53,"b":5.76,"wi":169.35,"ei":9.06,"as":1654.51,"mi":"E","mv":83719,"sc":2,"lpe":74.62,"lpr":6899.69,"lq":7.17},{"pi":"370077","pc":"Автомобильные товары","ss":10000,"td":"Центр города","dc":1,"n":342.59,"vc":"более 20 000","sl":"Элитный","sv":"более 20 000","p":3000.0,"q":64.53,"b":5.76,"wi":169.35,"ei":9.06,"as":1654.51,"mi":"E","mv":83719,"sc":2,"lpe":74.62,"lpr":6899.69,"lq":7.17},{"pi":"370077","pc":"Автомобильные товары","ss":10000,"td":"Центр города","dc":1,"n":342.59,"vc":"более 20 000","sl":"Элитный","sv":"более 20 000","p":3000.0,"q":64.53,"b":5.76,"wi":169.35,"ei":9.06,"as":1654.51,"mi":"E","mv":83719,"sc":2,"lpe":74.62,"lpr":6899.69,"lq":7.17},{"pi":"370077","pc":"Автомобильные товары","ss":10000,"td":"Центр города","dc":1,"n":342.59,"vc":"более 20 000","sl":"Элитный","sv":"более 20 000","p":3000.0,"q":64.53,"b":5.76,"wi":169.35,"ei":9.06,"as":1654.51,"mi":"E","mv":83719,"sc":2,"lpe":74.62,"lpr":6899.69,"lq":7.17},{"pi":"370077","pc":"Автомобильные товары","ss":10000,"td":"Центр города","dc":1,"n":342.59,"vc":"более 20 000","sl":"Элитный","sv":"более 20 000","p":3000.0,"q":64.53,"b":5.76,"wi":169.35,"ei":9.06,"as":1654.51,"mi":"E","mv":83719,"sc":2,"lpe":74.62,"lpr":6899.69,"lq":7.17},{"pi":"370077","pc":"Автомобильные товары","ss":10000,"td":"Центр города","dc":1,"n":342.59,"vc":"более 20 000","sl":"Элитный","sv":"более 20 000","p":3000.0,"q":64.53,"b":5.76,"wi":169.35,"ei":9.06,"as":1654.51,"mi":"E","mv":83719,"sc":2,"lpe":74.62,"lpr":6899.69,"lq":7.17},{"pi":"370077","pc":"Автомобильные товары","ss":1000,"td":"Центр города","dc":3,"n":131.61,"vc":"более 1 000","sl":"Нормальный","sv":"около 500","p":2029.54,"q":49.25,"b":5.76,"wi":169.35,"ei":9.06,"as":1654.51,"mi":"E","mv":83719,"sc":2,"lpe":74.62,"lpr":6899.69,"lq":7.17},{"pi":"370077","pc":"Автомобильные товары","ss":1000,"td":"Центр города","dc":3,"n":131.61,"vc":"более 1 000","sl":"Нормальный","sv":"около 500","p":2029.54,"q":49.25,"b":5.76,"wi":169.35,"ei":9.06,"as":1654.51,"mi":"E","mv":83719,"sc":2,"lpe":74.62,"lpr":6899.69,"lq":7.17},{"pi":"370077","pc":"Автомобильные товары","ss":10000,"td":"Центр города","dc":1,"n":342.59,"vc":"более 20 000","sl":"Элитный","sv":"более 20 000","p":3000.0,"q":64.53,"b":5.76,"wi":169.35,"ei":9.06,"as":1654.51,"mi":"E","mv":83719,"sc":2,"lpe":74.62,"lpr":6899.69,"lq":7.17},{"pi":"370077","pc":"Автомобильные товары","ss":10000,"td":"Центр города","dc":3,"n":101.1,"vc":"около 5 000","sl":"Элитный","sv":"около 50","p":1401.08,"q":54.96,"b":0.0,"wi":66.28,"ei":5.89,"as":178.84,"mi":"E","mv":194757,"sc":1,"lpe":99.98,"lpr":12652.94,"lq":1.0},{"pi":"370077","pc":"Автомобильные товары","ss":10000,"td":"Центр города","dc":3,"n":101.1,"vc":"около 5 000","sl":"Элитный","sv":"около 50","p":1401.08,"q":54.96,"b":0.0,"wi":66.28,"ei":5.89,"as":178.84,"mi":"E","mv":194757,"sc":1,"lpe":99.98,"lpr":12652.94,"lq":1.0},{"pi":"370077","pc":"Автомобильные товары","ss":10000,"td":"Центр города","dc":3,"n":101.1,"vc":"около 5 000","sl":"Элитный","sv":"около 50","p":1401.08,"q":54.96,"b":0.0,"wi":66.28,"ei":5.89,"as":178.84,"mi":"E","mv":194757,"sc":1,"lpe":99.98,"lpr":12652.94,"lq":1.0},{"pi":"370077","pc":"Автомобильные товары","ss":10000,"td":"Центр города","dc":3,"n":101.1,"vc":"около 5 000","sl":"Элитный","sv":"около 50","p":1401.08,"q":54.96,"b":0.0,"wi":66.28,"ei":5.89,"as":178.84,"mi":"E","mv":194757,"sc":1,"lpe":99.98,"lpr":12652.94,"lq":1.0},{"pi":"370077","pc":"Автомобильные товары","ss":10000,"td":"Центр города","dc":3,"n":101.1,"vc":"около 5 000","sl":"Элитный","sv":"около 50","p":1401.08,"q":54.96,"b":0.0,"wi":66.28,"ei":5.89,"as":178.84,"mi":"E","mv":194757,"sc":1,"lpe":99.98,"lpr":12652.94,"lq":1.0},{"pi":"370077","pc":"Автомобильные товары","ss":10000,"td":"Центр города","dc":3,"n":101.1,"vc":"около 5 000","sl":"Элитный","sv":"около 50","p":1401.08,"q":54.96,"b":0.0,"wi":66.28,"ei":5.89,"as":178.84,"mi":"E","mv":194757,"sc":1,"lpe":99.98,"lpr":12652.94,"lq":1.0},{"pi":"370077","pc":"Автомобильные товары","ss":100000,"td":"Центр города","dc":1,"n":639.28,"vc":"более 2 000 000","sl":"Нормальный","sv":"около 10 000","p":10000.0,"q":64.53,"b":0.0,"wi":95.51,"ei":7.03,"as":481.79,"mi":"E","mv":233340,"sc":1,"lpe":96.04,"lpr":3557.17,"lq":1.0},{"pi":"370077","pc":"Автомобильные товары","ss":100000,"td":"Центр города","dc":1,"n":639.28,"vc":"более 2 000 000","sl":"Нормальный","sv":"около 10 000","p":10000.0,"q":64.53,"b":0.0,"wi":95.51,"ei":7.03,"as":481.79,"mi":"E","mv":233340,"sc":1,"lpe":96.04,"lpr":3557.17,"lq":1.0},{"pi":"370077","pc":"Автомобильные товары","ss":100000,"td":"Центр города","dc":1,"n":639.28,"vc":"более 2 000 000","sl":"Нормальный","sv":"около 10 000","p":10000.0,"q":64.53,"b":0.0,"wi":95.51,"ei":7.03,"as":481.79,"mi":"E","mv":233340,"sc":1,"lpe":96.04,"lpr":3557.17,"lq":1.0},{"pi":"370077","pc":"Автомобильные товары","ss":100000,"td":"Центр города","dc":1,"n":639.28,"vc":"более 2 000 000","sl":"Нормальный","sv":"около 10 000","p":10000.0,"q":64.53,"b":0.0,"wi":95.51,"ei":7.03,"as":481.79,"mi":"E","mv":233340,"sc":1,"lpe":96.04,"lpr":3557.17,"lq":1.0},{"pi":"370077","pc":"Автомобильные товары","ss":100000,"td":"Центр города","dc":1,"n":639.28,"vc":"более 2 000 000","sl":"Нормальный","sv":"около 10 000","p":10000.0,"q":64.53,"b":0.0,"wi":95.51,"ei":7.03,"as":481.79,"mi":"E","mv":233340,"sc":1,"lpe":96.04,"lpr":3557.17,"lq":1.0},{"pi":"370077","pc":"Автомобильные товары","ss":100000,"td":"Центр города","dc":1,"n":639.28,"vc":"более 2 000 000","sl":"Нормальный","sv":"около 10 000","p":10000.0,"q":64.53,"b":0.0,"wi":95.51,"ei":7.03,"as":481.79,"mi":"E","mv":233340,"sc":1,"lpe":96.04,"lpr":3557.17,"lq":1.0},{"pi":"370077","pc":"Автомобильные товары","ss":100000,"td":"Центр города","dc":1,"n":639.28,"vc":"более 2 000 000","sl":"Нормальный","sv":"около 10 000","p":10000.0,"q":64.53,"b":0.0,"wi":95.51,"ei":7.03,"as":481.79,"mi":"E","mv":233340,"sc":1,"lpe":96.04,"lpr":3557.17,"lq":1.0},{"pi":"370077","pc":"Автомобильные товары","ss":100000,"td":"Центр города","dc":1,"n":639.28,"vc":"более 2 000 000","sl":"Нормальный","sv":"около 10 000","p":10000.0,"q":64.53,"b":0.0,"wi":95.51,"ei":7.03,"as":481.79,"mi":"E","mv":233340,"sc":1,"lpe":96.04,"lpr":3557.17,"lq":1.0},{"pi":"370077","pc":"Автомобильные товары","ss":100000,"td":"Центр города","dc":1,"n":639.28,"vc":"более 2 000 000","sl":"Нормальный","sv":"около 10 000","p":10000.0,"q":64.53,"b":0.0,"wi":95.51,"ei":7.03,"as":481.79,"mi":"E","mv":233340,"sc":1,"lpe":96.04,"lpr":3557.17,"lq":1.0},{"pi":"370077","pc":"Автомобильные товары","ss":10000,"td":"Центр города","dc":4,"n":66.13,"vc":"более 1 000","sl":"Элитный","sv":"около 50","p":3000.0,"q":61.04,"b":0.0,"wi":164.89,"ei":10.43,"as":2343.28,"mi":"E","mv":13924,"sc":1,"lpe":99.5,"lpr":12627.41,"lq":1.0},{"pi":"370077","pc":"Автомобильные товары","ss":10000,"td":"Центр города","dc":4,"n":66.13,"vc":"более 1 000","sl":"Элитный","sv":"около 50","p":3000.0,"q":61.04,"b":0.0,"wi":164.89,"ei":10.43,"as":2343.28,"mi":"E","mv":13924,"sc":1,"lpe":99.5,"lpr":12627.41,"lq":1.0},{"pi":"370077","pc":"Автомобильные товары","ss":10000,"td":"Центр города","dc":4,"n":66.13,"vc":"более 1 000","sl":"Элитный","sv":"около 50","p":3000.0,"q":61.04,"b":0.0,"wi":164.89,"ei":10.43,"as":2343.28,"mi":"E","mv":13924,"sc":1,"lpe":99.5,"lpr":12627.41,"lq":1.0},{"pi":"370077","pc":"Автомобильные товары","ss":10000,"td":"Центр города","dc":4,"n":66.13,"vc":"более 1 000","sl":"Элитный","sv":"около 50","p":3000.0,"q":61.04,"b":0.0,"wi":164.89,"ei":10.43,"as":2343.28,"mi":"E","mv":13924,"sc":1,"lpe":99.5,"lpr":12627.41,"lq":1.0},{"pi":"370077","pc":"Автомобильные товары","ss":10000,"td":"Центр города","dc":4,"n":66.13,"vc":"более 1 000","sl":"Элитный","sv":"около 50","p":3000.0,"q":61.04,"b":0.0,"wi":164.89,"ei":10.43,"as":2343.28,"mi":"E","mv":13924,"sc":1,"lpe":99.5,"lpr":12627.41,"lq":1.0},{"pi":"370077","pc":"Автомобильные товары","ss":100000,"td":"Центр города","dc":2,"n":429.81,"vc":"около 500 000","sl":"Высокий","sv":"около 50 000","p":2500.0,"q":28.14,"b":4.17,"wi":54.93,"ei":13.85,"as":296.6,"mi":"E","mv":216994,"sc":1,"lpe":83.41,"lpr":1533.8,"lq":2.0},{"pi":"370077","pc":"Автомобильные товары","ss":100000,"td":"Центр города","dc":2,"n":429.81,"vc":"около 500 000","sl":"Высокий","sv":"около 50 000","p":2500.0,"q":28.14,"b":4.17,"wi":54.93,"ei":13.85,"as":296.6,"mi":"E","mv":216994,"sc":1,"lpe":83.41,"lpr":1533.8,"lq":2.0},{"pi":"370077","pc":"Автомобильные товары","ss":100000,"td":"Центр города","dc":2,"n":429.81,"vc":"около 500 000","sl":"Высокий","sv":"около 50 000","p":2500.0,"q":28.14,"b":4.17,"wi":54.93,"ei":13.85,"as":296.6,"mi":"E","mv":216994,"sc":1,"lpe":83.41,"lpr":1533.8,"lq":2.0},{"pi":"370077","pc":"Автомобильные товары","ss":100000,"td":"Центр города","dc":2,"n":429.81,"vc":"около 500 000","sl":"Высокий","sv":"около 50 000","p":2500.0,"q":28.14,"b":4.17,"wi":54.93,"ei":13.85,"as":296.6,"mi":"E","mv":216994,"sc":1,"lpe":83.41,"lpr":1533.8,"lq":2.0},{"pi":"370077","pc":"Автомобильные товары","ss":100000,"td":"Центр города","dc":2,"n":429.81,"vc":"около 500 000","sl":"Высокий","sv":"около 50 000","p":2500.0,"q":28.14,"b":4.17,"wi":54.93,"ei":13.85,"as":296.6,"mi":"E","mv":216994,"sc":1,"lpe":83.41,"lpr":1533.8,"lq":2.0},{"pi":"370077","pc":"Автомобильные товары","ss":100000,"td":"Центр города","dc":2,"n":429.81,"vc":"около 500 000","sl":"Высокий","sv":"около 50 000","p":2500.0,"q":28.14,"b":4.17,"wi":54.93,"ei":13.85,"as":296.6,"mi":"E","mv":216994,"sc":1,"lpe":83.41,"lpr":1533.8,"lq":2.0},{"pi":"370077","pc":"Автомобильные товары","ss":10000,"td":"Центр города","dc":1,"n":470.11,"vc":"около 50 000","sl":"Очень высокий","sv":"около 5 000","p":4000.0,"q":64.53,"b":0.0,"wi":50.74,"ei":7.9,"as":409.29,"mi":"E","mv":15120,"sc":1,"lpe":70.0,"lpr":1298.38,"lq":2.39},{"pi":"370077","pc":"Автомобильные товары","ss":10000,"td":"Центр города","dc":1,"n":470.11,"vc":"около 50 000","sl":"Очень высокий","sv":"около 5 000","p":4000.0,"q":64.53,"b":0.0,"wi":50.74,"ei":7.9,"as":409.29,"mi":"E","mv":15120,"sc":1,"lpe":70.0,"lpr":1298.38,"lq":2.39},{"pi":"370077","pc":"Автомобильные товары","ss":10000,"td":"Центр города","dc":1,"n":470.11,"vc":"около 50 000","sl":"Очень высокий","sv":"около 5 000","p":4000.0,"q":64.53,"b":0.0,"wi":50.74,"ei":7.9,"as":409.29,"mi":"E","mv":15120,"sc":1,"lpe":70.0,"lpr":1298.38,"lq":2.39},{"pi":"370077","pc":"Автомобильные товары","ss":10000,"td":"Центр города","dc":1,"n":470.11,"vc":"около 50 000","sl":"Очень высокий","sv":"около 5 000","p":4000.0,"q":64.53,"b":0.0,"wi":50.74,"ei":7.9,"as":409.29,"mi":"E","mv":15120,"sc":1,"lpe":70.0,"lpr":1298.38,"lq":2.39},{"pi":"370077","pc":"Автомобильные товары","ss":10000,"td":"Центр города","dc":1,"n":470.11,"vc":"около 50 000","sl":"Очень высокий","sv":"около 5 000","p":4000.0,"q":64.53,"b":0.0,"wi":50.74,"ei":7.9,"as":409.29,"mi":"E","mv":15120,"sc":1,"lpe":70.0,"lpr":1298.38,"lq":2.39},{"pi":"370077","pc":"Автомобильные товары","ss":10000,"td":"Центр города","dc":1,"n":470.11,"vc":"около 50 000","sl":"Очень высокий","sv":"около 5 000","p":4000.0,"q":64.53,"b":0.0,"wi":50.74,"ei":7.9,"as":409.29,"mi":"E","mv":15120,"sc":1,"lpe":70.0,"lpr":1298.38,"lq":2.39},{"pi":"370077","pc":"Автомобильные товары","ss":10000,"td":"Центр города","dc":1,"n":470.11,"vc":"около 50 000","sl":"Очень высокий","sv":"около 5 000","p":4000.0,"q":64.53,"b":0.0,"wi":50.74,"ei":7.9,"as":409.29,"mi":"E","mv":15120,"sc":1,"lpe":70.0,"lpr":1298.38,"lq":2.39},{"pi":"370077","pc":"Автомобильные товары","ss":10000,"td":"Центр города","dc":1,"n":470.11,"vc":"около 50 000","sl":"Очень высокий","sv":"около 5 000","p":4000.0,"q":64.53,"b":0.0,"wi":50.74,"ei":7.9,"as":409.29,"mi":"E","mv":15120,"sc":1,"lpe":70.0,"lpr":1298.38,"lq":2.39},{"pi":"370077","pc":"Автомобильные товары","ss":10000,"td":"Центр города","dc":1,"n":470.11,"vc":"около 50 000","sl":"Очень высокий","sv":"около 5 000","p":4000.0,"q":64.53,"b":0.0,"wi":50.74,"ei":7.9,"as":409.29,"mi":"E","mv":15120,"sc":1,"lpe":70.0,"lpr":1298.38,"lq":2.39},{"pi":"370077","pc":"Автомобильные товары","ss":10000,"td":"Центр города","dc":1,"n":470.11,"vc":"около 50 000","sl":"Очень высокий","sv":"около 5 000","p":4000.0,"q":64.53,"b":0.0,"wi":50.74,"ei":7.9,"as":409.29,"mi":"E","mv":15120,"sc":1,"lpe":70.0,"lpr":1298.38,"lq":2.39},{"pi":"370077","pc":"Автомобильные товары","ss":10000,"td":"Центр города","dc":1,"n":470.11,"vc":"около 50 000","sl":"Очень высокий","sv":"около 5 000","p":4000.0,"q":64.53,"b":0.0,"wi":50.74,"ei":7.9,"as":409.29,"mi":"E","mv":15120,"sc":1,"lpe":70.0,"lpr":1298.38,"lq":2.39},{"pi":"370077","pc":"Автомобильные товары","ss":10000,"td":"Центр города","dc":1,"n":470.11,"vc":"около 50 000","sl":"Очень высокий","sv":"около 5 000","p":4000.0,"q":64.53,"b":0.0,"wi":50.74,"ei":7.9,"as":409.29,"mi":"E","mv":15120,"sc":1,"lpe":70.0,"lpr":1298.38,"lq":2.39},{"pi":"370077","pc":"Автомобильные товары","ss":10000,"td":"Центр города","dc":1,"n":470.11,"vc":"около 50 000","sl":"Очень высокий","sv":"около 5 000","p":4000.0,"q":64.53,"b":0.0,"wi":50.74,"ei":7.9,"as":409.29,"mi":"E","mv":15120,"sc":1,"lpe":70.0,"lpr":1298.38,"lq":2.39},{"pi":"370077","pc":"Автомобильные товары","ss":10000,"td":"Центр города","dc":1,"n":470.11,"vc":"около 50 000","sl":"Очень высокий","sv":"около 5 000","p":4000.0,"q":64.53,"b":0.0,"wi":50.74,"ei":7.9,"as":409.29,"mi":"E","mv":15120,"sc":1,"lpe":70.0,"lpr":1298.38,"lq":2.39},{"pi":"370077","pc":"Автомобильные товары","ss":10000,"td":"Центр города","dc":1,"n":470.11,"vc":"около 50 000","sl":"Очень высокий","sv":"около 5 000","p":4000.0,"q":64.53,"b":0.0,"wi":50.74,"ei":7.9,"as":409.29,"mi":"E","mv":15120,"sc":1,"lpe":70.0,"lpr":1298.38,"lq":2.39},{"pi":"370077","pc":"Автомобильные товары","ss":10000,"td":"Центр города","dc":2,"n":410.04,"vc":"более 20 000","sl":"Очень высокий","sv":"около 500","p":4585.0,"q":54.07,"b":0.0,"wi":206.4,"ei":9.86,"as":1539.83,"mi":"E","mv":27033,"sc":1,"lpe":98.52,"lpr":10512.38,"lq":1.0},{"pi":"370077","pc":"Автомобильные товары","ss":10000,"td":"Центр города","dc":2,"n":410.04,"vc":"более 20 000","sl":"Очень высокий","sv":"около 500","p":4585.0,"q":54.07,"b":0.0,"wi":206.4,"ei":9.86,"as":1539.83,"mi":"E","mv":27033,"sc":1,"lpe":98.52,"lpr":10512.38,"lq":1.0},{"pi":"370077","pc":"Автомобильные товары","ss":10000,"td":"Центр города","dc":2,"n":410.04,"vc":"более 20 000","sl":"Очень высокий","sv":"около 500","p":4585.0,"q":54.07,"b":0.0,"wi":206.4,"ei":9.86,"as":1539.83,"mi":"E","mv":27033,"sc":1,"lpe":98.52,"lpr":10512.38,"lq":1.0},{"pi":"370077","pc":"Автомобильные товары","ss":10000,"td":"Центр города","dc":2,"n":410.04,"vc":"более 20 000","sl":"Очень высокий","sv":"около 500","p":4585.0,"q":54.07,"b":0.0,"wi":206.4,"ei":9.86,"as":1539.83,"mi":"E","mv":27033,"sc":1,"lpe":98.52,"lpr":10512.38,"lq":1.0},{"pi":"370077","pc":"Автомобильные товары","ss":10000,"td":"Центр города","dc":2,"n":410.04,"vc":"более 20 000","sl":"Очень высокий","sv":"около 500","p":4585.0,"q":54.07,"b":0.0,"wi":206.4,"ei":9.86,"as":1539.83,"mi":"E","mv":27033,"sc":1,"lpe":98.52,"lpr":10512.38,"lq":1.0},{"pi":"370077","pc":"Автомобильные товары","ss":10000,"td":"Центр города","dc":2,"n":410.04,"vc":"более 20 000","sl":"Очень высокий","sv":"около 500","p":4585.0,"q":54.07,"b":0.0,"wi":206.4,"ei":9.86,"as":1539.83,"mi":"E","mv":27033,"sc":1,"lpe":98.52,"lpr":10512.38,"lq":1.0},{"pi":"370077","pc":"Автомобильные товары","ss":10000,"td":"Центр города","dc":2,"n":410.04,"vc":"более 20 000","sl":"Очень высокий","sv":"около 500","p":4585.0,"q":54.07,"b":0.0,"wi":206.4,"ei":9.86,"as":1539.83,"mi":"E","mv":27033,"sc":1,"lpe":98.52,"lpr":10512.38,"lq":1.0},{"pi":"370077","pc":"Автомобильные товары","ss":10000,"td":"Центр города","dc":2,"n":410.04,"vc":"более 20 000","sl":"Очень высокий","sv":"около 500","p":4585.0,"q":54.07,"b":0.0,"wi":206.4,"ei":9.86,"as":1539.83,"mi":"E","mv":27033,"sc":1,"lpe":98.52,"lpr":10512.38,"lq":1.0},{"pi":"370077","pc":"Автомобильные товары","ss":10000,"td":"Центр города","dc":2,"n":410.04,"vc":"более 20 000","sl":"Очень высокий","sv":"около 500","p":4585.0,"q":54.07,"b":0.0,"wi":206.4,"ei":9.86,"as":1539.83,"mi":"E","mv":27033,"sc":1,"lpe":98.52,"lpr":10512.38,"lq":1.0},{"pi":"370077","pc":"Автомобильные товары","ss":100000,"td":"Центр города","dc":1,"n":407.04,"vc":"около 100 000","sl":"Элитный","sv":"более 1 000","p":1076.69,"q":64.54,"b":0.0,"wi":34.13,"ei":7.89,"as":135.68,"mi":"E","mv":5574,"sc":1,"lpe":73.43,"lpr":199.36,"lq":1.35},{"pi":"370077","pc":"Автомобильные товары","ss":100000,"td":"Центр города","dc":1,"n":407.04,"vc":"около 100 000","sl":"Элитный","sv":"более 1 000","p":1076.69,"q":64.54,"b":0.0,"wi":34.13,"ei":7.89,"as":135.68,"mi":"E","mv":5574,"sc":1,"lpe":73.43,"lpr":199.36,"lq":1.35}]