[{"d":"17.11.2016","r":500.0,"q":1.0,"p":100.0,"s":[{"ui":"6347283","t":500.0,"r":500.0,"q":1.0,"p":100.0,"mot":"U","mo":500.0},{"cn":"","ui":"","t":0.0,"r":0.0,"q":0.0,"p":0.0,"mot":"L","mo":0.0}]},{"d":"18.11.2016","r":2800.0,"q":1.0,"p":299.11,"s":[{"ui":"6347283","t":500.0,"r":500.0,"q":1.0,"p":295.0,"mot":"U","mo":500.0},{"ui":"6347300","t":2400.0,"r":2300.0,"q":1.0,"p":300.0,"mot":"U","mo":2300.0},{"cn":"","ui":"","t":0.0,"r":0.0,"q":0.0,"p":0.0,"mot":"L","mo":0.0}]},{"d":"19.11.2016","r":16139.0,"q":2.67,"p":450.15,"s":[{"ui":"6351278","t":1899.0,"r":1799.0,"q":1.0,"p":300.0,"mot":"U","mo":1799.0},{"ui":"6347283","t":2575.0,"r":2519.0,"q":1.0,"p":295.0,"mot":"U","mo":2519.0},{"ui":"6352773","t":7756.0,"r":7756.0,"q":4.47,"p":616.6,"mot":"U","mo":7756.0},{"ui":"6347300","t":2250.0,"r":2100.0,"q":1.0,"p":300.0,"mot":"U","mo":2100.0},{"ui":"6348672","t":1986.0,"r":1965.0,"q":1.0,"p":290.0,"mot":"U","mo":1965.0},{"cn":"","ui":"","t":0.0,"r":0.0,"q":0.0,"p":0.0,"mot":"L","mo":0.0}]},{"d":"20.11.2016","r":27399.0,"q":2.96,"p":479.29,"s":[{"ui":"6352773","t":15494.0,"r":15484.0,"q":4.47,"p":616.6,"mot":"U","mo":15484.0},{"ui":"6347283","t":4090.0,"r":4079.0,"q":1.0,"p":295.0,"mot":"U","mo":4079.0},{"ui":"6351278","t":2699.0,"r":2499.0,"q":1.0,"p":300.0,"mot":"U","mo":2499.0},{"ui":"6347300","t":2240.0,"r":2230.0,"q":1.0,"p":300.0,"mot":"U","mo":2230.0},{"ui":"6348672","t":2865.0,"r":2744.0,"q":1.0,"p":290.0,"mot":"U","mo":2744.0},{"cn":"","ui":"","t":393.0,"r":363.0,"q":1.1,"p":460.0,"mot":"L","mo":363.0}]},{"d":"21.11.2016","r":61796.0,"q":3.62,"p":412.21,"s":[{"ui":"6347283","t":6578.0,"r":6570.0,"q":1.0,"p":289.0,"mot":"U","mo":6570.0},{"ui":"6352773","t":23234.0,"r":23224.0,"q":4.47,"p":616.6,"mot":"U","mo":23224.0},{"ui":"6355373","t":7756.0,"r":7756.0,"q":4.47,"p":260.0,"mot":"U","mo":7756.0},{"ui":"6348672","t":3744.0,"r":3623.0,"q":1.0,"p":290.0,"mot":"U","mo":3623.0},{"ui":"6353906","t":15504.0,"r":15504.0,"q":4.51,"p":300.0,"mot":"U","mo":15504.0},{"cn":"","ui":"","t":5529.0,"r":5119.0,"q":1.0,"p":300.0,"mot":"L","mo":5119.0}]},{"d":"22.11.2016","r":79019.0,"q":3.78,"p":418.49,"s":[{"ui":"6349808","t":3985.0,"r":3970.0,"q":1.01,"p":275.0,"mot":"U","mo":3970.0},{"ui":"6347283","t":9060.0,"r":9052.0,"q":1.0,"p":280.0,"mot":"U","mo":9052.0},{"ui":"6352773","t":30959.0,"r":30949.0,"q":4.47,"p":616.6,"mot":"U","mo":30949.0},{"ui":"6353906","t":22937.0,"r":22637.0,"q":5.97,"p":300.0,"mot":"U","mo":22637.0},{"ui":"6348672","t":4668.0,"r":4597.0,"q":1.0,"p":275.0,"mot":"U","mo":4597.0},{"cn":"","ui":"","t":8169.0,"r":7814.0,"q":1.0,"p":294.88,"mot":"L","mo":7814.0}]},{"d":"25.11.2016","r":39926.0,"q":5.63,"p":394.37,"s":[{"ui":"6351336","t":19970.0,"r":19970.0,"q":1.02,"p":300.0,"mot":"U","mo":19970.0},{"ui":"6353906","t":19073.0,"r":19063.0,"q":10.62,"p":500.0,"mot":"U","mo":19063.0},{"cn":"","ui":"","t":1045.0,"r":893.0,"q":2.39,"p":250.0,"mot":"L","mo":893.0}]},{"d":"26.11.2016","r":84471.0,"q":9.75,"p":298.96,"s":[{"ui":"6351336","t":24950.0,"r":24950.0,"q":1.02,"p":300.0,"mot":"U","mo":24950.0},{"ui":"6353906","t":57770.0,"r":57770.0,"q":13.74,"p":300.0,"mot":"U","mo":57770.0},{"cn":"","ui":"","t":1928.0,"r":1751.0,"q":2.36,"p":250.0,"mot":"L","mo":1751.0}]},{"d":"27.11.2016","r":145524.0,"q":10.01,"p":298.56,"s":[{"ui":"6351336","t":29950.0,"r":29950.0,"q":1.02,"p":300.0,"mot":"U","mo":29950.0},{"ui":"6352602","t":14968.0,"r":14967.0,"q":1.0,"p":300.0,"mot":"U","mo":14967.0},{"ui":"6353906","t":96413.0,"r":96413.0,"q":14.53,"p":300.0,"mot":"U","mo":96413.0},{"cn":"","ui":"","t":4371.0,"r":4194.0,"q":2.4,"p":250.0,"mot":"L","mo":4194.0}]},{"d":"28.11.2016","r":177881.0,"q":4.53,"p":686.92,"s":[{"ui":"6361339","t":170125.0,"r":170125.0,"q":4.53,"p":700.0,"mot":"U","mo":170125.0},{"cn":"","ui":"","t":7756.0,"r":7756.0,"q":4.51,"p":400.0,"mot":"L","mo":7756.0}]},{"d":"29.11.2016","r":520809.0,"q":9.02,"p":600.0,"s":[{"ui":"6361339","t":520809.0,"r":520809.0,"q":9.02,"p":600.0,"mot":"U","mo":520809.0},{"cn":"","ui":"","t":0.0,"r":0.0,"q":0.0,"p":0.0,"mot":"L","mo":0.0}]},{"d":"30.11.2016","r":610603.0,"q":9.27,"p":600.0,"s":[{"ui":"6361339","t":635703.0,"r":610603.0,"q":9.27,"p":600.0,"mot":"U","mo":610603.0},{"cn":"","ui":"","t":0.0,"r":0.0,"q":0.0,"p":0.0,"mot":"L","mo":0.0}]},{"d":"01.12.2016","r":724271.0,"q":9.76,"p":594.65,"s":[{"ui":"6361339","t":710588.0,"r":685488.0,"q":9.42,"p":600.0,"mot":"U","mo":685488.0},{"ui":"6353906","t":38783.0,"r":38783.0,"q":15.81,"p":500.0,"mot":"U","mo":38783.0},{"cn":"","ui":"","t":0.0,"r":0.0,"q":0.0,"p":0.0,"mot":"L","mo":0.0}]},{"d":"02.12.2016","r":811281.0,"q":9.84,"p":400.38,"s":[{"ui":"6361339","t":743128.0,"r":718028.0,"q":9.26,"p":400.0,"mot":"U","mo":718028.0},{"ui":"6353906","t":77511.0,"r":77511.0,"q":15.81,"p":399.0,"mot":"U","mo":77511.0},{"cn":"","ui":"","t":15752.0,"r":15742.0,"q":6.75,"p":424.44,"mot":"L","mo":15742.0}]},{"d":"03.12.2016","r":754525.0,"q":9.16,"p":401.0,"s":[{"ui":"6361339","t":751594.0,"r":726494.0,"q":9.23,"p":400.0,"mot":"U","mo":726494.0},{"cn":"","ui":"","t":29601.0,"r":28031.0,"q":7.42,"p":426.84,"mot":"L","mo":28031.0}]},{"d":"04.12.2016","r":811834.0,"q":9.57,"p":431.59,"s":[{"ui":"6361339","t":760022.0,"r":734922.0,"q":9.19,"p":400.0,"mot":"U","mo":734922.0},{"cn":"","ui":"","t":82864.0,"r":76912.0,"q":13.2,"p":733.43,"mot":"L","mo":76912.0}]},{"d":"05.12.2016","r":930111.0,"q":10.56,"p":493.11,"s":[{"ui":"6368967","t":128079.0,"r":128079.0,"q":20.15,"p":1100.0,"mot":"U","mo":128079.0},{"ui":"6361339","t":771363.0,"r":746263.0,"q":9.16,"p":400.0,"mot":"U","mo":746263.0},{"cn":"","ui":"","t":66084.0,"r":55769.0,"q":7.35,"p":345.33,"mot":"L","mo":55769.0}]},{"d":"08.12.2016","r":1484116.0,"q":11.28,"p":335.58,"s":[{"ui":"6368967","t":248211.0,"r":248211.0,"q":20.15,"p":1100.0,"mot":"U","mo":248211.0},{"ui":"6361339","t":1004623.0,"r":1004523.0,"q":9.16,"p":180.0,"mot":"U","mo":1004523.0},{"ui":"6351252","t":141658.0,"r":129645.0,"q":14.6,"p":120.0,"mot":"U","mo":129645.0},{"cn":"","ui":"","t":125141.0,"r":101737.0,"q":6.4,"p":281.47,"mot":"L","mo":101737.0}]},{"d":"09.12.2016","r":1573628.0,"q":11.41,"p":350.83,"s":[{"ui":"6368967","t":286994.0,"r":286994.0,"q":20.15,"p":1100.0,"mot":"U","mo":286994.0},{"ui":"6361339","t":1039812.0,"r":1039712.0,"q":9.16,"p":180.0,"mot":"U","mo":1039712.0},{"ui":"6351252","t":137401.0,"r":125388.0,"q":14.76,"p":120.0,"mot":"U","mo":125388.0},{"cn":"","ui":"","t":149331.0,"r":121534.0,"q":6.56,"p":281.27,"mot":"L","mo":121534.0}]},{"d":"10.12.2016","r":426876.0,"q":16.17,"p":781.65,"s":[{"ui":"6368967","t":325777.0,"r":325777.0,"q":20.15,"p":950.0,"mot":"U","mo":325777.0},{"ui":"6351336","t":24680.0,"r":24680.0,"q":1.02,"p":300.0,"mot":"U","mo":24680.0},{"ui":"6352602","t":47531.0,"r":47531.0,"q":2.85,"p":250.0,"mot":"U","mo":47531.0},{"cn":"","ui":"","t":61038.0,"r":28888.0,"q":6.19,"p":169.31,"mot":"L","mo":28888.0}]},{"d":"11.12.2016","r":502467.0,"q":15.79,"p":751.69,"s":[{"ui":"6368967","t":364560.0,"r":364560.0,"q":20.12,"p":950.0,"mot":"U","mo":364560.0},{"ui":"6352602","t":52993.0,"r":47993.0,"q":2.99,"p":250.0,"mot":"U","mo":47993.0},{"ui":"6351336","t":29600.0,"r":29600.0,"q":1.02,"p":300.0,"mot":"U","mo":29600.0},{"cn":"","ui":"","t":96838.0,"r":60314.0,"q":7.02,"p":173.92,"mot":"L","mo":60314.0}]},{"d":"12.12.2016","r":580333.0,"q":15.74,"p":736.09,"s":[{"ui":"6351336","t":34510.0,"r":34510.0,"q":1.02,"p":300.0,"mot":"U","mo":34510.0},{"ui":"6352602","t":53505.0,"r":48505.0,"q":3.11,"p":250.0,"mot":"U","mo":48505.0},{"ui":"6368967","t":403333.0,"r":403323.0,"q":20.05,"p":950.0,"mot":"U","mo":403323.0},{"cn":"","ui":"","t":156850.0,"r":93995.0,"q":9.18,"p":229.14,"mot":"L","mo":93995.0}]},{"d":"13.12.2016","r":617023.0,"q":15.34,"p":740.51,"s":[{"ui":"6368967","t":441016.0,"r":439916.0,"q":19.96,"p":950.0,"mot":"U","mo":439916.0},{"ui":"6351336","t":39415.0,"r":39415.0,"q":1.02,"p":300.0,"mot":"U","mo":39415.0},{"ui":"6352602","t":54011.0,"r":49011.0,"q":3.22,"p":200.0,"mot":"U","mo":49011.0},{"ui":"6388604","t":30986.0,"r":30986.0,"q":7.82,"p":200.0,"mot":"U","mo":30986.0},{"cn":"","ui":"","t":106781.0,"r":57695.0,"q":4.23,"p":193.58,"mot":"L","mo":57695.0}]},{"d":"14.12.2016","r":191259.0,"q":3.36,"p":218.89,"s":[{"ui":"6351336","t":44415.0,"r":44415.0,"q":1.02,"p":300.0,"mot":"U","mo":44415.0},{"ui":"6352602","t":54512.0,"r":49512.0,"q":3.32,"p":200.0,"mot":"U","mo":49512.0},{"ui":"6388458","t":38618.0,"r":38518.0,"q":4.47,"p":150.0,"mot":"U","mo":38518.0},{"ui":"6349772","t":21880.0,"r":21880.0,"q":4.17,"p":150.0,"mot":"U","mo":21880.0},{"cn":"","ui":"","t":90247.0,"r":36934.0,"q":4.61,"p":259.35,"mot":"L","mo":36934.0}]},{"d":"15.12.2016","r":51604.0,"q":1.1,"p":300.31,"s":[{"ui":"6351336","t":49410.0,"r":49410.0,"q":1.02,"p":300.0,"mot":"U","mo":49410.0},{"cn":"","ui":"","t":61210.0,"r":2194.0,"q":2.91,"p":307.35,"mot":"L","mo":2194.0}]},{"d":"16.12.2016","r":255404.0,"q":7.04,"p":1004.94,"s":[{"ui":"6351336","t":54400.0,"r":54400.0,"q":1.02,"p":300.0,"mot":"U","mo":54400.0},{"ui":"5798419","t":200004.0,"r":200004.0,"q":8.71,"p":1200.0,"mot":"U","mo":200004.0},{"cn":"","ui":"","t":57730.0,"r":1000.0,"q":1.01,"p":340.0,"mot":"L","mo":1000.0}]},{"d":"17.12.2016","r":39965.0,"q":10.11,"p":1264.09,"s":[{"ui":"5798419","t":22002.0,"r":22002.0,"q":9.7,"p":1200.0,"mot":"U","mo":22002.0},{"ui":"6388458","t":15513.0,"r":15513.0,"q":12.05,"p":1500.0,"mot":"U","mo":15513.0},{"cn":"","ui":"","t":63387.0,"r":2450.0,"q":1.47,"p":345.92,"mot":"L","mo":2450.0}]},{"d":"18.12.2016","r":58194.0,"q":7.35,"p":962.49,"s":[{"ui":"6375151","t":26191.0,"r":26191.0,"q":1.79,"p":350.0,"mot":"U","mo":26191.0},{"ui":"6388458","t":31003.0,"r":31003.0,"q":12.26,"p":1500.0,"mot":"U","mo":31003.0},{"cn":"","ui":"","t":65243.0,"r":1000.0,"q":1.01,"p":340.0,"mot":"L","mo":1000.0}]},{"d":"19.12.2016","r":94355.0,"q":7.0,"p":670.42,"s":[{"ui":"6375151","t":48610.0,"r":46610.0,"q":1.76,"p":350.0,"mot":"U","mo":46610.0},{"ui":"6388458","t":46469.0,"r":46469.0,"q":12.4,"p":1000.0,"mot":"U","mo":46469.0},{"cn":"","ui":"","t":74330.0,"r":1276.0,"q":2.1,"p":372.45,"mot":"L","mo":1276.0}]},{"d":"20.12.2016","r":66894.0,"q":1.93,"p":352.09,"s":[{"ui":"6375151","t":69944.0,"r":64894.0,"q":1.75,"p":350.0,"mot":"U","mo":64894.0},{"cn":"","ui":"","t":73835.0,"r":2000.0,"q":7.81,"p":420.0,"mot":"L","mo":2000.0}]},{"d":"21.12.2016","r":80239.0,"q":2.03,"p":359.85,"s":[{"ui":"6375151","t":85739.0,"r":77239.0,"q":1.74,"p":350.0,"mot":"U","mo":77239.0},{"cn":"","ui":"","t":90634.0,"r":3000.0,"q":9.47,"p":613.33,"mot":"L","mo":3000.0}]},{"d":"22.12.2016","r":17811.0,"q":2.31,"p":385.93,"s":[{"ui":"6364811","t":75460.0,"r":73460.0,"q":1.01,"p":340.0,"mot":"L","mo":1000.0},{"ui":"6375151","t":24311.0,"r":15811.0,"q":1.73,"p":350.0,"mot":"U","mo":15811.0},{"ui":"6388458","t":30003.0,"r":29003.0,"q":12.75,"p":1000.0,"mot":"L","mo":1000.0},{"cn":"","ui":"","t":0.0,"r":0.0,"q":0.0,"p":0.0,"mot":"L","mo":0.0}]},{"d":"23.12.2016","r":111517.0,"q":4.76,"p":306.69,"s":[{"ui":"6351278","t":5746.0,"r":5734.0,"q":6.06,"p":250.0,"mot":"U","mo":5734.0},{"ui":"6351336","t":9905.0,"r":9905.0,"q":1.02,"p":300.0,"mot":"U","mo":9905.0},{"ui":"6375151","t":42557.0,"r":41031.0,"q":1.73,"p":350.0,"mot":"U","mo":41031.0},{"ui":"6388604","t":15053.0,"r":15053.0,"q":13.44,"p":200.0,"mot":"U","mo":15053.0},{"ui":"6347300","t":11076.0,"r":10576.0,"q":6.06,"p":490.0,"mot":"U","mo":10576.0},{"ui":"6349772","t":22018.0,"r":22018.0,"q":5.12,"p":150.0,"mot":"U","mo":22018.0},{"cn":"","ui":"","t":127431.0,"r":7200.0,"q":4.92,"p":547.22,"mot":"L","mo":7200.0}]},{"d":"24.12.2016","r":156437.0,"q":5.04,"p":240.26,"s":[{"ui":"6351278","t":8604.0,"r":8592.0,"q":6.06,"p":250.0,"mot":"U","mo":8592.0},{"ui":"6351336","t":14845.0,"r":14845.0,"q":1.02,"p":300.0,"mot":"U","mo":14845.0},{"ui":"6375151","t":57045.0,"r":56018.0,"q":2.06,"p":210.0,"mot":"U","mo":56018.0},{"ui":"6388604","t":22532.0,"r":22532.0,"q":13.48,"p":200.0,"mot":"U","mo":22532.0},{"ui":"6347300","t":10576.0,"r":10076.0,"q":6.06,"p":490.0,"mot":"U","mo":10076.0},{"ui":"6349772","t":33575.0,"r":33574.0,"q":5.44,"p":150.0,"mot":"U","mo":33574.0},{"cn":"","ui":"","t":146769.0,"r":10800.0,"q":5.45,"p":438.89,"mot":"L","mo":10800.0}]},{"d":"25.12.2016","r":199209.0,"q":6.11,"p":240.7,"s":[{"ui":"6351278","t":11462.0,"r":11450.0,"q":6.06,"p":250.0,"mot":"U","mo":11450.0},{"ui":"6351336","t":19780.0,"r":19780.0,"q":1.02,"p":300.0,"mot":"U","mo":19780.0},{"ui":"6375151","t":80751.0,"r":79584.0,"q":2.33,"p":210.0,"mot":"U","mo":79584.0},{"ui":"6388458","t":70425.0,"r":66425.0,"q":12.64,"p":220.0,"mot":"U","mo":66425.0},{"ui":"6402820","t":10397.0,"r":10394.0,"q":4.17,"p":240.0,"mot":"U","mo":10394.0},{"cn":"","ui":"","t":93363.0,"r":11576.0,"q":5.19,"p":460.63,"mot":"L","mo":11576.0}]},{"d":"26.12.2016","r":179668.0,"q":3.09,"p":248.89,"s":[{"ui":"6351278","t":14315.0,"r":14303.0,"q":6.06,"p":240.0,"mot":"U","mo":14303.0},{"ui":"6352602","t":11482.0,"r":11481.0,"q":6.06,"p":350.0,"mot":"U","mo":11481.0},{"ui":"6351336","t":24780.0,"r":24780.0,"q":1.02,"p":300.0,"mot":"U","mo":24780.0},{"ui":"6375151","t":104808.0,"r":104037.0,"q":2.47,"p":210.0,"mot":"U","mo":104037.0},{"ui":"6347300","t":9576.0,"r":9076.0,"q":6.06,"p":490.0,"mot":"U","mo":9076.0},{"ui":"6402820","t":12994.0,"r":12991.0,"q":4.55,"p":200.0,"mot":"U","mo":12991.0},{"cn":"","ui":"","t":86510.0,"r":3000.0,"q":1.0,"p":313.33,"mot":"L","mo":3000.0}]},{"d":"27.12.2016","r":543795.0,"q":12.62,"p":378.8,"s":[{"ui":"6351336","t":30851.0,"r":30851.0,"q":2.33,"p":300.0,"mot":"U","mo":30851.0},{"ui":"6375151","t":128896.0,"r":128200.0,"q":2.56,"p":210.0,"mot":"U","mo":128200.0},{"ui":"6360249","t":271453.0,"r":271453.0,"q":19.26,"p":500.0,"mot":"U","mo":271453.0},{"ui":"6352406","t":29455.0,"r":27954.0,"q":17.45,"p":355.0,"mot":"U","mo":27954.0},{"cn":"","ui":"","t":214647.0,"r":85337.0,"q":8.75,"p":283.12,"mot":"L","mo":85337.0}]},{"d":"28.12.2016","r":599370.0,"q":13.14,"p":363.91,"s":[{"ui":"6368967","t":35000.0,"r":35000.0,"q":18.52,"p":250.0,"mot":"U","mo":35000.0},{"ui":"6351336","t":36916.0,"r":36916.0,"q":3.22,"p":300.0,"mot":"U","mo":36916.0},{"ui":"6375151","t":137780.0,"r":137084.0,"q":2.6,"p":180.0,"mot":"U","mo":137084.0},{"ui":"6360249","t":279209.0,"r":279209.0,"q":19.3,"p":500.0,"mot":"U","mo":279209.0},{"ui":"6352406","t":43287.0,"r":41676.0,"q":17.44,"p":355.0,"mot":"U","mo":41676.0},{"cn":"","ui":"","t":171153.0,"r":69485.0,"q":9.14,"p":276.53,"mot":"L","mo":69485.0}]},{"d":"29.12.2016","r":799496.0,"q":12.56,"p":342.13,"s":[{"ui":"6351336","t":42975.0,"r":42975.0,"q":3.85,"p":300.0,"mot":"U","mo":42975.0},{"ui":"6375151","t":162557.0,"r":161886.0,"q":2.69,"p":180.0,"mot":"U","mo":161886.0},{"ui":"6360249","t":286965.0,"r":286965.0,"q":19.33,"p":500.0,"mot":"U","mo":286965.0},{"ui":"6339668","t":95000.0,"r":95000.0,"q":13.3,"p":400.0,"mot":"U","mo":95000.0},{"ui":"6352406","t":56096.0,"r":53485.0,"q":17.45,"p":355.0,"mot":"U","mo":53485.0},{"cn":"","ui":"","t":254635.0,"r":159185.0,"q":10.65,"p":194.92,"mot":"L","mo":159185.0}]},{"d":"30.12.2016","r":726991.0,"q":11.55,"p":336.23,"s":[{"ui":"6351336","t":49028.0,"r":49028.0,"q":4.32,"p":300.0,"mot":"U","mo":49028.0},{"ui":"6375151","t":187636.0,"r":187340.0,"q":2.76,"p":180.0,"mot":"U","mo":187340.0},{"ui":"6360249","t":294721.0,"r":294721.0,"q":19.36,"p":500.0,"mot":"U","mo":294721.0},{"ui":"6352406","t":68874.0,"r":66263.0,"q":17.46,"p":355.0,"mot":"U","mo":66263.0},{"cn":"","ui":"","t":225950.0,"r":129639.0,"q":6.23,"p":193.79,"mot":"L","mo":129639.0}]},{"d":"31.12.2016","r":777614.0,"q":11.31,"p":331.2,"s":[{"ui":"6351336","t":55069.0,"r":55069.0,"q":4.69,"p":300.0,"mot":"U","mo":55069.0},{"ui":"6375151","t":212682.0,"r":212386.0,"q":2.81,"p":180.0,"mot":"U","mo":212386.0},{"ui":"6360249","t":302477.0,"r":302477.0,"q":19.39,"p":500.0,"mot":"U","mo":302477.0},{"ui":"6352406","t":81628.0,"r":79017.0,"q":17.47,"p":355.0,"mot":"U","mo":79017.0},{"ui":"6349772","t":43800.0,"r":42968.0,"q":6.06,"p":150.0,"mot":"U","mo":42968.0},{"cn":"","ui":"","t":184349.0,"r":85697.0,"q":5.02,"p":199.06,"mot":"L","mo":85697.0}]},{"d":"01.01.2017","r":838107.0,"q":11.08,"p":325.46,"s":[{"ui":"6351336","t":61103.0,"r":61103.0,"q":4.99,"p":300.0,"mot":"U","mo":61103.0},{"ui":"6375151","t":237687.0,"r":237416.0,"q":2.85,"p":180.0,"mot":"U","mo":237416.0},{"ui":"6360249","t":310233.0,"r":310233.0,"q":19.42,"p":500.0,"mot":"U","mo":310233.0},{"ui":"6352406","t":91530.0,"r":85919.0,"q":17.45,"p":355.0,"mot":"U","mo":85919.0},{"ui":"6349772","t":54583.0,"r":53831.0,"q":6.06,"p":150.0,"mot":"U","mo":53831.0},{"cn":"","ui":"","t":190399.0,"r":89605.0,"q":5.09,"p":201.05,"mot":"L","mo":89605.0}]},{"d":"02.01.2017","r":972792.0,"q":10.91,"p":327.38,"s":[{"ui":"6351336","t":67131.0,"r":67131.0,"q":5.23,"p":300.0,"mot":"U","mo":67131.0},{"ui":"6339668","t":99000.0,"r":99000.0,"q":12.96,"p":400.0,"mot":"U","mo":99000.0},{"ui":"6375151","t":262604.0,"r":262333.0,"q":2.87,"p":180.0,"mot":"U","mo":262333.0},{"ui":"6360249","t":317989.0,"r":317989.0,"q":19.45,"p":500.0,"mot":"U","mo":317989.0},{"ui":"6352406","t":71409.0,"r":65798.0,"q":17.43,"p":355.0,"mot":"U","mo":65798.0},{"ui":"6349772","t":65849.0,"r":65598.0,"q":6.06,"p":150.0,"mot":"U","mo":65598.0},{"cn":"","ui":"","t":198001.0,"r":94943.0,"q":5.2,"p":203.48,"mot":"L","mo":94943.0}]},{"d":"03.01.2017","r":537357.0,"q":4.14,"p":196.85,"s":[{"ui":"6351278","t":36961.0,"r":36950.0,"q":6.06,"p":230.0,"mot":"U","mo":36950.0},{"ui":"6351336","t":73153.0,"r":73153.0,"q":5.44,"p":300.0,"mot":"U","mo":73153.0},{"ui":"6375151","t":287480.0,"r":287209.0,"q":2.9,"p":180.0,"mot":"U","mo":287209.0},{"ui":"6349772","t":77093.0,"r":76842.0,"q":6.06,"p":150.0,"mot":"U","mo":76842.0},{"cn":"","ui":"","t":168615.0,"r":63203.0,"q":4.82,"p":191.63,"mot":"L","mo":63203.0}]},{"d":"04.01.2017","r":1000.0,"q":1.01,"p":340.0,"s":[{"ui":"6364811","t":105961.0,"r":103861.0,"q":1.01,"p":340.0,"mot":"L","mo":1000.0},{"cn":"","ui":"","t":0.0,"r":0.0,"q":0.0,"p":0.0,"mot":"L","mo":0.0}]},{"d":"05.01.2017","r":4545.0,"q":6.55,"p":744.77,"s":[{"ui":"6339668","t":2545.0,"r":2545.0,"q":4.45,"p":1000.0,"mot":"U","mo":2545.0},{"ui":"6364811","t":105177.0,"r":100052.0,"q":1.01,"p":340.0,"mot":"L","mo":1000.0},{"ui":"6388458","t":44399.0,"r":43399.0,"q":17.43,"p":500.0,"mot":"L","mo":1000.0},{"cn":"","ui":"","t":0.0,"r":0.0,"q":0.0,"p":0.0,"mot":"L","mo":0.0}]},{"d":"06.01.2017","r":25725.0,"q":2.96,"p":253.5,"s":[{"ui":"6375151","t":24725.0,"r":24725.0,"q":3.04,"p":250.0,"mot":"U","mo":24725.0},{"cn":"","ui":"","t":102355.0,"r":1000.0,"q":1.01,"p":340.0,"mot":"L","mo":1000.0}]},{"d":"07.01.2017","r":56991.0,"q":4.16,"p":1181.7,"s":[{"ui":"6439658","t":5270.0,"r":5038.0,"q":7.23,"p":1500.0,"mot":"U","mo":5038.0},{"ui":"6339668","t":4000.0,"r":4000.0,"q":6.33,"p":1000.0,"mot":"U","mo":4000.0},{"cn":"","ui":"","t":146057.0,"r":47953.0,"q":3.66,"p":1163.41,"mot":"L","mo":47953.0}]},{"d":"08.01.2017","r":179928.0,"q":9.85,"p":1180.0,"s":[{"ui":"6439679","t":10113.0,"r":10113.0,"q":10.06,"p":1200.0,"mot":"U","mo":10113.0},{"ui":"6439687","t":12469.0,"r":12469.0,"q":9.78,"p":1200.0,"mot":"U","mo":12469.0},{"ui":"6439698","t":12327.0,"r":12327.0,"q":9.53,"p":1200.0,"mot":"U","mo":12327.0},{"ui":"6439694","t":12327.0,"r":12327.0,"q":9.53,"p":1200.0,"mot":"U","mo":12327.0},{"ui":"6439683","t":12635.0,"r":12635.0,"q":10.06,"p":1200.0,"mot":"U","mo":12635.0},{"ui":"6439685","t":12469.0,"r":12469.0,"q":9.78,"p":1200.0,"mot":"U","mo":12469.0},{"ui":"6439696","t":12334.0,"r":12334.0,"q":9.53,"p":1200.0,"mot":"U","mo":12334.0},{"ui":"6439690","t":12310.0,"r":12310.0,"q":9.5,"p":1200.0,"mot":"U","mo":12310.0},{"ui":"6439692","t":12659.0,"r":12659.0,"q":10.1,"p":1200.0,"mot":"U","mo":12659.0},{"cn":"","ui":"","t":165567.0,"r":70285.0,"q":10.0,"p":1148.8,"mot":"L","mo":70285.0}]},{"d":"09.01.2017","r":3000.0,"q":1.01,"p":1113.33,"s":[{"ui":"6339668","t":2000.0,"r":2000.0,"q":1.01,"p":1500.0,"mot":"U","mo":2000.0},{"ui":"6364811","t":90928.0,"r":83023.0,"q":1.01,"p":340.0,"mot":"L","mo":1000.0},{"cn":"","ui":"","t":0.0,"r":0.0,"q":0.0,"p":0.0,"mot":"L","mo":0.0}]},{"d":"10.01.2017","r":1000.0,"q":1.01,"p":340.0,"s":[{"ui":"6364811","t":85296.0,"r":75451.0,"q":1.01,"p":340.0,"mot":"L","mo":1000.0},{"cn":"","ui":"","t":0.0,"r":0.0,"q":0.0,"p":0.0,"mot":"L","mo":0.0}]},{"d":"11.01.2017","r":1000.0,"q":1.01,"p":340.0,"s":[{"ui":"6364811","t":80194.0,"r":70686.0,"q":1.01,"p":340.0,"mot":"L","mo":1000.0},{"cn":"","ui":"","t":0.0,"r":0.0,"q":0.0,"p":0.0,"mot":"L","mo":0.0}]},{"d":"12.01.2017","r":1786.0,"q":8.1,"p":396.99,"s":[{"ui":"6364811","t":75530.0,"r":66466.0,"q":1.01,"p":340.0,"mot":"L","mo":1000.0},{"ui":"6388458","t":5886.0,"r":786.0,"q":17.13,"p":469.5,"mot":"U","mo":786.0},{"cn":"","ui":"","t":0.0,"r":0.0,"q":0.0,"p":0.0,"mot":"L","mo":0.0}]},{"d":"13.01.2017","r":53461.0,"q":18.83,"p":987.65,"s":[{"ui":"6336667","t":52461.0,"r":52461.0,"q":19.17,"p":1000.0,"mot":"U","mo":52461.0},{"cn":"","ui":"","t":69902.0,"r":1000.0,"q":1.01,"p":340.0,"mot":"L","mo":1000.0}]},{"d":"14.01.2017","r":1000.0,"q":1.01,"p":340.0,"s":[{"ui":"6364811","t":64242.0,"r":54696.0,"q":1.01,"p":340.0,"mot":"L","mo":1000.0},{"cn":"","ui":"","t":0.0,"r":0.0,"q":0.0,"p":0.0,"mot":"L","mo":0.0}]},{"d":"15.01.2017","r":1262.0,"q":1.31,"p":445.88,"s":[{"ui":"6364811","t":58433.0,"r":48817.0,"q":1.01,"p":340.0,"mot":"L","mo":1000.0},{"ui":"6455136","t":262.0,"r":262.0,"q":2.46,"p":850.0,"mot":"U","mo":262.0},{"cn":"","ui":"","t":0.0,"r":0.0,"q":0.0,"p":0.0,"mot":"L","mo":0.0}]},{"d":"16.01.2017","r":6044.0,"q":14.05,"p":389.6,"s":[{"ui":"6364811","t":53049.0,"r":43923.0,"q":1.01,"p":340.0,"mot":"L","mo":1000.0},{"ui":"6352406","t":14521.0,"r":4864.0,"q":16.63,"p":355.0,"mot":"U","mo":4864.0},{"cn":"","ui":"","t":200.0,"r":180.0,"q":16.74,"p":1600.0,"mot":"L","mo":180.0}]},{"d":"17.01.2017","r":40733.0,"q":16.0,"p":1552.89,"s":[{"ui":"6423817","t":38703.0,"r":38683.0,"q":16.76,"p":1600.0,"mot":"U","mo":38683.0},{"cn":"","ui":"","t":50684.0,"r":2050.0,"q":1.75,"p":664.01,"mot":"L","mo":2050.0}]},{"d":"18.01.2017","r":1000.0,"q":1.01,"p":340.0,"s":[{"ui":"6364811","t":46800.0,"r":40236.0,"q":1.01,"p":340.0,"mot":"L","mo":1000.0},{"cn":"","ui":"","t":0.0,"r":0.0,"q":0.0,"p":0.0,"mot":"L","mo":0.0}]},{"d":"19.01.2017","r":42750.0,"q":15.92,"p":1562.66,"s":[{"ui":"6339668","t":3050.0,"r":3050.0,"q":4.2,"p":1500.0,"mot":"U","mo":3050.0},{"ui":"6423817","t":38683.0,"r":38650.0,"q":17.25,"p":1600.0,"mot":"U","mo":38650.0},{"cn":"","ui":"","t":44123.0,"r":1050.0,"q":1.09,"p":370.12,"mot":"L","mo":1050.0}]},{"d":"20.01.2017","r":7425.0,"q":3.41,"p":1235.45,"s":[{"ui":"6364811","t":39547.0,"r":30608.0,"q":1.04,"p":340.0,"mot":"L","mo":1000.0},{"ui":"6339668","t":5525.0,"r":4900.0,"q":4.19,"p":1500.0,"mot":"U","mo":4900.0},{"ui":"6455136","t":2625.0,"r":1525.0,"q":2.46,"p":972.6,"mot":"U","mo":1525.0},{"cn":"","ui":"","t":0.0,"r":0.0,"q":0.0,"p":0.0,"mot":"L","mo":0.0}]},{"d":"21.01.2017","r":62427.0,"q":7.25,"p":525.24,"s":[{"ui":"6339668","t":8500.0,"r":7875.0,"q":4.49,"p":1500.0,"mot":"U","mo":7875.0},{"ui":"6450111","t":29714.0,"r":26604.0,"q":8.1,"p":350.0,"mot":"U","mo":26604.0},{"ui":"6450110","t":27314.0,"r":23804.0,"q":8.1,"p":350.0,"mot":"U","mo":23804.0},{"cn":"","ui":"","t":38823.0,"r":4144.0,"q":2.21,"p":804.44,"mot":"L","mo":4144.0}]},{"d":"22.01.2017","r":14008.0,"q":3.49,"p":1326.53,"s":[{"ui":"6364811","t":27573.0,"r":14731.0,"q":1.14,"p":340.0,"mot":"L","mo":1000.0},{"ui":"6339668","t":10600.0,"r":10600.0,"q":3.95,"p":1500.0,"mot":"U","mo":10600.0},{"ui":"6455136","t":3508.0,"r":2408.0,"q":2.46,"p":972.6,"mot":"U","mo":2408.0},{"cn":"","ui":"","t":0.0,"r":0.0,"q":0.0,"p":0.0,"mot":"L","mo":0.0}]},{"d":"23.01.2017","r":118457.0,"q":15.01,"p":1312.22,"s":[{"ui":"6339668","t":12700.0,"r":12700.0,"q":3.6,"p":1500.0,"mot":"U","mo":12700.0},{"ui":"6423817","t":76563.0,"r":76563.0,"q":17.08,"p":1600.0,"mot":"U","mo":76563.0},{"ui":"6352406","t":21268.0,"r":11782.0,"q":17.26,"p":355.0,"mot":"U","mo":11782.0},{"ui":"6388844","t":7733.0,"r":6633.0,"q":17.97,"p":258.0,"mot":"U","mo":6633.0},{"cn":"","ui":"","t":44646.0,"r":10779.0,"q":9.42,"p":741.91,"mot":"L","mo":10779.0}]},{"d":"24.01.2017","r":149746.0,"q":15.88,"p":1408.44,"s":[{"ui":"6339668","t":17300.0,"r":17300.0,"q":4.21,"p":1500.0,"mot":"U","mo":17300.0},{"ui":"6336667","t":46413.0,"r":21413.0,"q":19.83,"p":400.0,"mot":"U","mo":21413.0},{"ui":"6423817","t":110033.0,"r":110033.0,"q":17.08,"p":1600.0,"mot":"U","mo":110033.0},{"cn":"","ui":"","t":14340.0,"r":1000.0,"q":1.28,"p":340.0,"mot":"L","mo":1000.0}]},{"d":"25.01.2017","r":187365.0,"q":15.86,"p":1558.22,"s":[{"ui":"6339668","t":41273.0,"r":41273.0,"q":12.2,"p":1500.0,"mot":"U","mo":41273.0},{"ui":"6423817","t":142659.0,"r":142659.0,"q":17.08,"p":1600.0,"mot":"U","mo":142659.0},{"cn":"","ui":"","t":31887.0,"r":3433.0,"q":9.21,"p":521.79,"mot":"L","mo":3433.0}]},{"d":"26.01.2017","r":210028.0,"q":15.79,"p":1569.99,"s":[{"ui":"6339668","t":45955.0,"r":45955.0,"q":12.0,"p":1500.0,"mot":"U","mo":45955.0},{"ui":"6423817","t":161352.0,"r":161352.0,"q":17.07,"p":1600.0,"mot":"U","mo":161352.0},{"cn":"","ui":"","t":6721.0,"r":2721.0,"q":4.17,"p":972.6,"mot":"L","mo":2721.0}]},{"d":"27.01.2017","r":220574.0,"q":16.11,"p":1581.63,"s":[{"ui":"6339668","t":45624.0,"r":40529.0,"q":11.82,"p":1500.0,"mot":"U","mo":40529.0},{"ui":"6423817","t":180045.0,"r":180045.0,"q":17.07,"p":1600.0,"mot":"U","mo":180045.0},{"cn":"","ui":"","t":0.0,"r":0.0,"q":0.0,"p":0.0,"mot":"L","mo":0.0}]},{"d":"28.01.2017","r":40842.0,"q":8.02,"p":776.62,"s":[{"ui":"6339668","t":13553.0,"r":12542.0,"q":10.47,"p":1500.0,"mot":"U","mo":12542.0},{"ui":"6375151","t":25531.0,"r":25531.0,"q":7.23,"p":400.0,"mot":"U","mo":25531.0},{"ui":"6455136","t":11019.0,"r":2769.0,"q":4.17,"p":972.6,"mot":"U","mo":2769.0},{"cn":"","ui":"","t":0.0,"r":0.0,"q":0.0,"p":0.0,"mot":"L","mo":0.0}]},{"d":"29.01.2017","r":49322.0,"q":16.55,"p":1771.18,"s":[{"ui":"6339668","t":17073.0,"r":16067.0,"q":10.42,"p":1500.0,"mot":"U","mo":16067.0},{"ui":"6336667","t":30962.0,"r":30962.0,"q":20.35,"p":2000.0,"mot":"U","mo":30962.0},{"cn":"","ui":"","t":13312.0,"r":2293.0,"q":8.14,"p":581.62,"mot":"L","mo":2293.0}]},{"d":"30.01.2017","r":187.0,"q":4.17,"p":972.6,"s":[{"ui":"6455136","t":12223.0,"r":187.0,"q":4.17,"p":972.6,"mot":"U","mo":187.0},{"cn":"","ui":"","t":0.0,"r":0.0,"q":0.0,"p":0.0,"mot":"L","mo":0.0}]},{"d":"01.02.2017","r":86021.0,"q":9.35,"p":884.04,"s":[{"ui":"6339668","t":9008.0,"r":9008.0,"q":10.27,"p":2000.0,"mot":"U","mo":9008.0},{"ui":"6375151","t":49974.0,"r":48874.0,"q":7.23,"p":500.0,"mot":"U","mo":48874.0},{"ui":"6414681","t":16709.0,"r":16709.0,"q":11.44,"p":1000.0,"mot":"U","mo":16709.0},{"ui":"6423817","t":9292.0,"r":9192.0,"q":17.15,"p":1600.0,"mot":"U","mo":9192.0},{"cn":"","ui":"","t":12257.0,"r":2238.0,"q":4.17,"p":972.6,"mot":"L","mo":2238.0}]},{"d":"02.02.2017","r":45394.0,"q":11.76,"p":1456.2,"s":[{"ui":"6339668","t":15876.0,"r":15876.0,"q":10.2,"p":2000.0,"mot":"U","mo":15876.0},{"ui":"6455136","t":13133.0,"r":3089.0,"q":4.17,"p":972.6,"mot":"U","mo":3089.0},{"ui":"6414681","t":17181.0,"r":16681.0,"q":11.51,"p":1000.0,"mot":"U","mo":16681.0},{"ui":"6423817","t":9192.0,"r":9092.0,"q":17.15,"p":1600.0,"mot":"U","mo":9092.0},{"cn":"","ui":"","t":7756.0,"r":656.0,"q":17.12,"p":180.0,"mot":"L","mo":656.0}]},{"d":"03.02.2017","r":57432.0,"q":10.76,"p":1438.43,"s":[{"ui":"6339668","t":20638.0,"r":20638.0,"q":10.57,"p":2000.0,"mot":"U","mo":20638.0},{"ui":"6414681","t":17723.0,"r":17203.0,"q":11.57,"p":1000.0,"mot":"U","mo":17203.0},{"ui":"6396107","t":7756.0,"r":7756.0,"q":4.47,"p":900.0,"mot":"U","mo":7756.0},{"ui":"6423817","t":9092.0,"r":8992.0,"q":17.15,"p":1600.0,"mot":"U","mo":8992.0},{"cn":"","ui":"","t":13437.0,"r":2843.0,"q":4.17,"p":972.6,"mot":"L","mo":2843.0}]},{"d":"04.02.2017","r":67237.0,"q":8.7,"p":1359.32,"s":[{"ui":"6339668","t":25383.0,"r":25383.0,"q":10.85,"p":2000.0,"mot":"U","mo":25383.0},{"ui":"6455136","t":20338.0,"r":16343.0,"q":4.17,"p":972.6,"mot":"U","mo":16343.0},{"ui":"6414681","t":18275.0,"r":17755.0,"q":11.63,"p":1000.0,"mot":"U","mo":17755.0},{"ui":"6453670","t":7756.0,"r":7756.0,"q":4.47,"p":900.0,"mot":"U","mo":7756.0},{"cn":"","ui":"","t":0.0,"r":0.0,"q":0.0,"p":0.0,"mot":"L","mo":0.0}]},{"d":"05.02.2017","r":105645.0,"q":11.02,"p":1295.56,"s":[{"ui":"6339668","t":32804.0,"r":32804.0,"q":10.97,"p":2000.0,"mot":"U","mo":32804.0},{"ui":"6455136","t":27202.0,"r":23207.0,"q":4.17,"p":972.6,"mot":"U","mo":23207.0},{"ui":"6360249","t":15512.0,"r":15512.0,"q":20.55,"p":1000.0,"mot":"U","mo":15512.0},{"ui":"6414681","t":18727.0,"r":18107.0,"q":11.68,"p":1000.0,"mot":"U","mo":18107.0},{"ui":"6453670","t":12469.0,"r":9434.0,"q":4.47,"p":900.0,"mot":"U","mo":9434.0},{"ui":"6444837","t":7256.0,"r":6581.0,"q":20.55,"p":1000.0,"mot":"U","mo":6581.0},{"cn":"","ui":"","t":0.0,"r":0.0,"q":0.0,"p":0.0,"mot":"L","mo":0.0}]},{"d":"06.02.2017","r":119483.0,"q":11.2,"p":1377.6,"s":[{"ui":"6339668","t":42504.0,"r":42504.0,"q":11.99,"p":2000.0,"mot":"U","mo":42504.0},{"ui":"6455136","t":33338.0,"r":28637.0,"q":4.17,"p":972.6,"mot":"U","mo":28637.0},{"ui":"6360249","t":23268.0,"r":23018.0,"q":20.55,"p":1000.0,"mot":"U","mo":23018.0},{"ui":"6423817","t":8992.0,"r":8992.0,"q":17.15,"p":1600.0,"mot":"U","mo":8992.0},{"ui":"6453670","t":17052.0,"r":13902.0,"q":4.47,"p":900.0,"mot":"U","mo":13902.0},{"cn":"","ui":"","t":2430.0,"r":2430.0,"q":8.1,"p":750.0,"mot":"L","mo":2430.0}]},{"d":"07.02.2017","r":48636.0,"q":4.22,"p":961.59,"s":[{"ui":"6455136","t":42709.0,"r":41259.0,"q":4.17,"p":972.6,"mot":"U","mo":41259.0},{"ui":"6453670","t":16177.0,"r":7377.0,"q":4.47,"p":900.0,"mot":"U","mo":7377.0},{"cn":"","ui":"","t":0.0,"r":0.0,"q":0.0,"p":0.0,"mot":"L","mo":0.0}]},{"d":"09.02.2017","r":59335.0,"q":15.08,"p":2479.26,"s":[{"ui":"6363010","t":66516.0,"r":58516.0,"q":15.02,"p":2500.0,"mot":"U","mo":58516.0},{"cn":"","ui":"","t":19899.0,"r":819.0,"q":19.27,"p":997.69,"mot":"L","mo":819.0}]},{"d":"10.02.2017","r":60953.0,"q":15.45,"p":2467.94,"s":[{"ui":"6363010","t":70209.0,"r":59209.0,"q":15.53,"p":2500.0,"mot":"U","mo":59209.0},{"cn":"","ui":"","t":32012.0,"r":1744.0,"q":12.65,"p":1379.53,"mot":"L","mo":1744.0}]},{"d":"11.02.2017","r":90811.0,"q":14.97,"p":2083.03,"s":[{"ui":"6351336","t":12756.0,"r":12506.0,"q":9.02,"p":300.0,"mot":"U","mo":12506.0},{"ui":"6339668","t":15770.0,"r":11137.0,"q":15.93,"p":2000.0,"mot":"U","mo":11137.0},{"ui":"6363010","t":73881.0,"r":62881.0,"q":15.93,"p":2500.0,"mot":"U","mo":62881.0},{"cn":"","ui":"","t":4827.0,"r":4287.0,"q":15.74,"p":1384.09,"mot":"L","mo":4287.0}]},{"d":"12.02.2017","r":124797.0,"q":15.23,"p":1804.54,"s":[{"ui":"6339668","t":15707.0,"r":11074.0,"q":14.82,"p":2000.0,"mot":"U","mo":11074.0},{"ui":"6396107","t":37989.0,"r":37489.0,"q":13.91,"p":1000.0,"mot":"U","mo":37489.0},{"ui":"6363010","t":77546.0,"r":66546.0,"q":16.24,"p":2300.0,"mot":"U","mo":66546.0},{"cn":"","ui":"","t":26577.0,"r":9688.0,"q":13.86,"p":1291.12,"mot":"L","mo":9688.0}]},{"d":"13.02.2017","r":124182.0,"q":16.16,"p":2020.1,"s":[{"ui":"6339668","t":16816.0,"r":12183.0,"q":13.6,"p":2000.0,"mot":"U","mo":12183.0},{"ui":"6423817","t":40000.0,"r":36679.0,"q":16.51,"p":1600.0,"mot":"U","mo":36679.0},{"ui":"6363010","t":81385.0,"r":70385.0,"q":16.49,"p":2300.0,"mot":"U","mo":70385.0},{"cn":"","ui":"","t":6435.0,"r":4935.0,"q":15.08,"p":1200.0,"mot":"L","mo":4935.0}]},{"d":"14.02.2017","r":406790.0,"q":18.39,"p":1791.55,"s":[{"ui":"6339668","t":25245.0,"r":20612.0,"q":14.77,"p":2000.0,"mot":"U","mo":20612.0},{"ui":"6336667","t":130081.0,"r":130081.0,"q":20.28,"p":1000.0,"mot":"U","mo":130081.0},{"ui":"6423817","t":60223.0,"r":56742.0,"q":16.51,"p":1600.0,"mot":"U","mo":56742.0},{"ui":"6366486","t":116349.0,"r":116349.0,"q":19.87,"p":2500.0,"mot":"U","mo":116349.0},{"ui":"6363010","t":85135.0,"r":74135.0,"q":16.65,"p":2300.0,"mot":"U","mo":74135.0},{"cn":"","ui":"","t":36654.0,"r":8871.0,"q":6.42,"p":598.66,"mot":"L","mo":8871.0}]},{"d":"15.02.2017","r":715356.0,"q":14.94,"p":1879.86,"s":[{"ui":"6423817","t":47742.0,"r":44241.0,"q":16.51,"p":1600.0,"mot":"U","mo":44241.0},{"ui":"6511781","t":412332.0,"r":412332.0,"q":12.55,"p":1600.0,"mot":"U","mo":412332.0},{"ui":"6366486","t":155070.0,"r":155070.0,"q":19.89,"p":2500.0,"mot":"U","mo":155070.0},{"ui":"6363010","t":80315.0,"r":69315.0,"q":16.7,"p":2300.0,"mot":"U","mo":69315.0},{"cn":"","ui":"","t":48021.0,"r":34398.0,"q":15.69,"p":1952.28,"mot":"L","mo":34398.0}]},{"d":"16.02.2017","r":1134639.0,"q":14.37,"p":1790.73,"s":[{"ui":"6511781","t":779790.0,"r":779790.0,"q":12.55,"p":1600.0,"mot":"U","mo":779790.0},{"ui":"6366486","t":193729.0,"r":193729.0,"q":19.9,"p":2500.0,"mot":"U","mo":193729.0},{"ui":"6363010","t":85924.0,"r":76924.0,"q":16.79,"p":2000.0,"mot":"U","mo":76924.0},{"cn":"","ui":"","t":109130.0,"r":84196.0,"q":16.34,"p":1734.07,"mot":"L","mo":84196.0}]},{"d":"17.02.2017","r":1589204.0,"q":14.17,"p":1760.54,"s":[{"ui":"6511781","t":1147058.0,"r":1147058.0,"q":12.55,"p":1600.0,"mot":"U","mo":1147058.0},{"ui":"6366486","t":232326.0,"r":232326.0,"q":19.91,"p":2500.0,"mot":"U","mo":232326.0},{"ui":"6363010","t":91459.0,"r":82459.0,"q":16.85,"p":2000.0,"mot":"U","mo":82459.0},{"cn":"","ui":"","t":157987.0,"r":127361.0,"q":16.58,"p":1702.51,"mot":"L","mo":127361.0}]},{"d":"18.02.2017","r":1939683.0,"q":13.85,"p":1728.91,"s":[{"ui":"6511781","t":1513399.0,"r":1513066.0,"q":12.55,"p":1600.0,"mot":"U","mo":1513066.0},{"ui":"6366486","t":234711.0,"r":234711.0,"q":19.91,"p":2500.0,"mot":"U","mo":234711.0},{"cn":"","ui":"","t":242732.0,"r":191906.0,"q":16.71,"p":1802.22,"mot":"L","mo":191906.0}]},{"d":"19.02.2017","r":1544121.0,"q":14.3,"p":1715.59,"s":[{"ui":"6423817","t":109079.0,"r":105081.0,"q":16.44,"p":1500.0,"mot":"U","mo":105081.0},{"ui":"6511781","t":1480753.0,"r":1079795.0,"q":12.55,"p":1600.0,"mot":"U","mo":1079795.0},{"ui":"6366486","t":234711.0,"r":234711.0,"q":19.91,"p":2200.0,"mot":"U","mo":234711.0},{"cn":"","ui":"","t":168992.0,"r":124534.0,"q":17.13,"p":1986.82,"mot":"L","mo":124534.0}]},{"d":"20.02.2017","r":1416428.0,"q":14.22,"p":1732.44,"s":[{"ui":"6511781","t":1447253.0,"r":1046295.0,"q":12.55,"p":1600.0,"mot":"U","mo":1046295.0},{"ui":"6366486","t":273494.0,"r":273494.0,"q":19.58,"p":2200.0,"mot":"U","mo":273494.0},{"cn":"","ui":"","t":184701.0,"r":96639.0,"q":17.17,"p":1843.15,"mot":"L","mo":96639.0}]},{"d":"21.02.2017","r":1330167.0,"q":14.07,"p":1727.72,"s":[{"ui":"6511781","t":1411563.0,"r":1008605.0,"q":12.55,"p":1600.0,"mot":"U","mo":1008605.0},{"ui":"6366486","t":279684.0,"r":247091.0,"q":19.31,"p":2200.0,"mot":"U","mo":247091.0},{"cn":"","ui":"","t":117459.0,"r":74471.0,"q":17.29,"p":1890.44,"mot":"L","mo":74471.0}]},{"d":"22.02.2017","r":1792701.0,"q":12.55,"p":1603.12,"s":[{"ui":"6511781","t":1775179.0,"r":1772121.0,"q":12.55,"p":1600.0,"mot":"U","mo":1772121.0},{"cn":"","ui":"","t":75036.0,"r":20580.0,"q":12.42,"p":1871.52,"mot":"L","mo":20580.0}]},{"d":"23.02.2017","r":2095091.0,"q":12.55,"p":1602.2,"s":[{"ui":"6511781","t":2112332.0,"r":2079471.0,"q":12.55,"p":1600.0,"mot":"U","mo":2079471.0},{"cn":"","ui":"","t":55396.0,"r":15620.0,"q":12.54,"p":1894.91,"mot":"L","mo":15620.0}]},{"d":"24.02.2017","r":2483298.0,"q":12.58,"p":1603.33,"s":[{"ui":"6511781","t":2470444.0,"r":2463136.0,"q":12.55,"p":1600.0,"mot":"U","mo":2463136.0},{"cn":"","ui":"","t":73629.0,"r":20162.0,"q":15.75,"p":2009.61,"mot":"L","mo":20162.0}]},{"d":"25.02.2017","r":2764911.0,"q":12.66,"p":1609.29,"s":[{"ui":"6511781","t":2742452.0,"r":2717244.0,"q":12.55,"p":1600.0,"mot":"U","mo":2717244.0},{"cn":"","ui":"","t":94423.0,"r":47667.0,"q":18.83,"p":2138.91,"mot":"L","mo":47667.0}]},{"d":"26.02.2017","r":1720.0,"q":6.97,"p":1045.67,"s":[{"ui":"6339668","t":5353.0,"r":720.0,"q":13.23,"p":2000.0,"mot":"U","mo":720.0},{"ui":"6501013","t":42017.0,"r":14761.0,"q":2.46,"p":358.56,"mot":"L","mo":1000.0},{"cn":"","ui":"","t":0.0,"r":0.0,"q":0.0,"p":0.0,"mot":"L","mo":0.0}]},{"d":"27.02.2017","r":1821202.0,"q":13.43,"p":1614.54,"s":[{"ui":"6511781","t":1798151.0,"r":1754818.0,"q":13.37,"p":1600.0,"mot":"U","mo":1754818.0},{"cn":"","ui":"","t":66584.0,"r":66384.0,"q":14.92,"p":1998.83,"mot":"L","mo":66384.0}]},{"d":"28.02.2017","r":1907200.0,"q":13.75,"p":1632.78,"s":[{"ui":"6511781","t":1977148.0,"r":1770320.0,"q":13.68,"p":1600.0,"mot":"U","mo":1770320.0},{"cn":"","ui":"","t":136880.0,"r":136880.0,"q":14.68,"p":2056.67,"mot":"L","mo":136880.0}]},{"d":"01.03.2017","r":1482370.0,"q":14.13,"p":1667.76,"s":[{"ui":"6455136","t":77413.0,"r":77413.0,"q":6.6,"p":2000.0,"mot":"U","mo":77413.0},{"ui":"6511781","t":1796850.0,"r":1196245.0,"q":13.97,"p":1600.0,"mot":"U","mo":1196245.0},{"ui":"6366486","t":77511.0,"r":77511.0,"q":18.49,"p":2200.0,"mot":"U","mo":77511.0},{"cn":"","ui":"","t":133863.0,"r":131201.0,"q":17.49,"p":1775.1,"mot":"L","mo":131201.0}]},{"d":"02.03.2017","r":1746152.0,"q":14.06,"p":1664.34,"s":[{"ui":"6455136","t":106606.0,"r":106606.0,"q":6.8,"p":2000.0,"mot":"U","mo":106606.0},{"ui":"6511781","t":1843654.0,"r":1470823.0,"q":14.19,"p":1600.0,"mot":"U","mo":1470823.0},{"ui":"6366486","t":116185.0,"r":116185.0,"q":18.48,"p":2200.0,"mot":"U","mo":116185.0},{"cn":"","ui":"","t":82467.0,"r":52538.0,"q":15.54,"p":1600.0,"mot":"L","mo":52538.0}]},{"d":"03.03.2017","r":292142.0,"q":13.06,"p":2095.45,"s":[{"cn":"Das_Gold Финанс","ui":"6455136","t":135674.0,"r":135674.0,"q":6.9,"p":2000.0,"mot":"U","mo":135674.0},{"cn":"Furious_m Corp.","ui":"6366486","t":154805.0,"r":154805.0,"q":18.48,"p":2200.0,"mot":"U","mo":154805.0},{"cn":"","ui":"","t":12664.0,"r":1663.0,"q":11.31,"p":150.0,"mot":"L","mo":1663.0}]},{"d":"04.03.2017","r":319403.0,"q":12.54,"p":2096.89,"s":[{"cn":"Das_Gold Финанс","ui":"6455136","t":164618.0,"r":164618.0,"q":6.96,"p":2000.0,"mot":"U","mo":164618.0},{"cn":"Furious_m Corp.","ui":"6366486","t":154935.0,"r":154735.0,"q":18.48,"p":2200.0,"mot":"U","mo":154735.0},{"cn":"","ui":"","t":100.0,"r":50.0,"q":14.51,"p":2000.0,"mot":"L","mo":50.0}]},{"d":"05.03.2017","r":258902.0,"q":10.1,"p":2052.91,"s":[{"cn":"Das_Gold Финанс","ui":"6455136","t":192962.0,"r":190362.0,"q":6.99,"p":2000.0,"mot":"U","mo":190362.0},{"cn":"Furious_m Corp.","ui":"6366486","t":131104.0,"r":68490.0,"q":18.75,"p":2200.0,"mot":"U","mo":68490.0},{"cn":"","ui":"","t":150.0,"r":50.0,"q":15.83,"p":1990.9,"mot":"L","mo":50.0}]},{"d":"06.03.2017","r":183861.0,"q":7.19,"p":2212.11,"s":[{"cn":"Das_Gold Финанс","ui":"6455136","t":202758.0,"r":177859.0,"q":7.01,"p":2000.0,"mot":"U","mo":177859.0},{"cn":"","ui":"","t":20513.0,"r":6002.0,"q":12.48,"p":8497.5,"mot":"L","mo":6002.0}]},{"d":"07.03.2017","r":4350.0,"q":11.46,"p":9919.54,"s":[{"cn":"Redicson Трейд","ui":"6444110","t":4900.0,"r":4300.0,"q":11.51,"p":10000.0,"mot":"U","mo":4300.0},{"cn":"","ui":"","t":100.0,"r":50.0,"q":7.01,"p":3000.0,"mot":"L","mo":50.0}]},{"d":"10.03.2017","r":16523.0,"q":6.76,"p":5000.0,"s":[{"cn":"1","ui":"6507370","t":22398.0,"r":16523.0,"q":6.76,"p":5000.0,"mot":"U","mo":16523.0},{"cn":"","ui":"","t":0.0,"r":0.0,"q":0.0,"p":0.0,"mot":"L","mo":0.0}]},{"d":"12.03.2017","r":128081.0,"q":7.21,"p":19508.87,"s":[{"cn":"Anry финанс","ui":"6095081","t":12581.0,"r":12581.0,"q":8.95,"p":15000.0,"mot":"U","mo":12581.0},{"cn":"Redicson Трейд","ui":"5962313","t":115500.0,"r":115500.0,"q":7.02,"p":20000.0,"mot":"U","mo":115500.0},{"cn":"","ui":"","t":0.0,"r":0.0,"q":0.0,"p":0.0,"mot":"L","mo":0.0}]},{"d":"13.03.2017","r":95749.0,"q":11.95,"p":13445.79,"s":[{"cn":"Anry финанс","ui":"6095081","t":7035.0,"r":7035.0,"q":15.53,"p":15000.0,"mot":"U","mo":7035.0},{"cn":"Redicson Трейд","ui":"5962313","t":55357.0,"r":55347.0,"q":7.02,"p":20000.0,"mot":"U","mo":55347.0},{"cn":"Furious_m Corp.","ui":"6366486","t":38666.0,"r":33246.0,"q":19.43,"p":2200.0,"mot":"U","mo":33246.0},{"cn":"","ui":"","t":123.0,"r":121.0,"q":3.04,"p":15000.0,"mot":"L","mo":121.0}]},{"d":"14.03.2017","r":93878.0,"q":11.39,"p":14120.39,"s":[{"cn":"Anry финанс","ui":"6095081","t":17035.0,"r":17035.0,"q":15.53,"p":10000.0,"mot":"U","mo":17035.0},{"cn":"Redicson Трейд","ui":"5962313","t":55347.0,"r":55337.0,"q":7.02,"p":20000.0,"mot":"U","mo":55337.0},{"cn":"Furious_m Corp.","ui":"6366486","t":71833.0,"r":21413.0,"q":19.43,"p":2200.0,"mot":"U","mo":21413.0},{"cn":"","ui":"","t":118.0,"r":93.0,"q":3.04,"p":15000.0,"mot":"L","mo":93.0}]},{"d":"15.03.2017","r":112192.0,"q":11.43,"p":14902.86,"s":[{"cn":"1","ui":"6507370","t":45358.0,"r":40847.0,"q":19.25,"p":6000.0,"mot":"U","mo":40847.0},{"cn":"Redicson Трейд","ui":"5962313","t":71346.0,"r":71345.0,"q":6.95,"p":20000.0,"mot":"U","mo":71345.0},{"cn":"","ui":"","t":0.0,"r":0.0,"q":0.0,"p":0.0,"mot":"L","mo":0.0}]},{"d":"16.03.2017","r":147429.0,"q":13.22,"p":12774.9,"s":[{"cn":"1","ui":"6507370","t":80716.0,"r":76085.0,"q":19.1,"p":6000.0,"mot":"U","mo":76085.0},{"cn":"Redicson Трейд","ui":"5962313","t":71345.0,"r":71344.0,"q":6.95,"p":20000.0,"mot":"U","mo":71344.0},{"cn":"","ui":"","t":0.0,"r":0.0,"q":0.0,"p":0.0,"mot":"L","mo":0.0}]},{"d":"17.03.2017","r":72363.0,"q":6.92,"p":19728.51,"s":[{"cn":"Redicson Трейд","ui":"5962313","t":71344.0,"r":71343.0,"q":6.95,"p":20000.0,"mot":"U","mo":71343.0},{"cn":"","ui":"","t":27592.0,"r":1020.0,"q":4.47,"p":739.34,"mot":"L","mo":1020.0}]},{"d":"18.03.2017","r":200144.0,"q":14.33,"p":12481.51,"s":[{"cn":"Compra - Venta","ui":"6336667","t":84550.0,"r":78550.0,"q":20.31,"p":1300.0,"mot":"U","mo":78550.0},{"cn":"Redicson Трейд","ui":"5962313","t":118343.0,"r":118342.0,"q":10.36,"p":20000.0,"mot":"U","mo":118342.0},{"cn":"","ui":"","t":47713.0,"r":3252.0,"q":14.3,"p":8961.77,"mot":"L","mo":3252.0}]},{"d":"20.03.2017","r":127580.0,"q":10.65,"p":17480.11,"s":[{"cn":"Anry финанс","ui":"6095081","t":25800.0,"r":8200.0,"q":15.53,"p":10000.0,"mot":"U","mo":8200.0},{"cn":"Redicson Трейд","ui":"5962313","t":118341.0,"r":118340.0,"q":10.36,"p":18000.0,"mot":"U","mo":118340.0},{"cn":"","ui":"","t":1040.0,"r":1040.0,"q":4.73,"p":17300.0,"mot":"L","mo":1040.0}]},{"d":"21.03.2017","r":25687.0,"q":16.67,"p":10013.16,"s":[{"cn":"Andrei\u0026Ko","ui":"6363124","t":15049.0,"r":15049.0,"q":17.56,"p":10000.0,"mot":"U","mo":15049.0},{"cn":"Anry финанс","ui":"6095081","t":27850.0,"r":10400.0,"q":15.53,"p":10000.0,"mot":"U","mo":10400.0},{"cn":"","ui":"","t":85368.0,"r":238.0,"q":10.6,"p":11420.17,"mot":"L","mo":238.0}]},{"d":"22.03.2017","r":140538.0,"q":11.24,"p":16821.73,"s":[{"cn":"Andrei\u0026Ko","ui":"6363124","t":15049.0,"r":9949.0,"q":17.56,"p":10000.0,"mot":"U","mo":9949.0},{"cn":"Anry финанс","ui":"6095081","t":27850.0,"r":10750.0,"q":15.53,"p":10000.0,"mot":"U","mo":10750.0},{"cn":"Redicson Трейд","ui":"5962313","t":119840.0,"r":119839.0,"q":10.33,"p":18000.0,"mot":"U","mo":119839.0},{"cn":"","ui":"","t":0.0,"r":0.0,"q":0.0,"p":0.0,"mot":"L","mo":0.0}]},{"d":"23.03.2017","r":482541.0,"q":15.74,"p":17444.56,"s":[{"cn":"Redicson Трейд","ui":"5962313","t":449039.0,"r":449038.0,"q":15.67,"p":18000.0,"mot":"U","mo":449038.0},{"cn":"","ui":"","t":55703.0,"r":33503.0,"q":16.73,"p":10000.0,"mot":"L","mo":33503.0}]},{"d":"24.03.2017","r":529780.0,"q":16.01,"p":16995.86,"s":[{"cn":"Redicson Трейд","ui":"5962313","t":529038.0,"r":529037.0,"q":16.03,"p":17000.0,"mot":"U","mo":529037.0},{"cn":"","ui":"","t":743.0,"r":743.0,"q":3.04,"p":14047.11,"mot":"L","mo":743.0}]},{"d":"25.03.2017","r":562036.0,"q":16.05,"p":17000.0,"s":[{"cn":"Redicson Трейд","ui":"5962313","t":562037.0,"r":562036.0,"q":16.05,"p":17000.0,"mot":"U","mo":562036.0},{"cn":"","ui":"","t":0.0,"r":0.0,"q":0.0,"p":0.0,"mot":"L","mo":0.0}]},{"d":"26.03.2017","r":715035.0,"q":15.94,"p":17000.0,"s":[{"cn":"Redicson Трейд","ui":"5962313","t":715036.0,"r":715035.0,"q":15.94,"p":17000.0,"mot":"U","mo":715035.0},{"cn":"","ui":"","t":0.0,"r":0.0,"q":0.0,"p":0.0,"mot":"L","mo":0.0}]},{"d":"27.03.2017","r":725360.0,"q":15.95,"p":16966.9,"s":[{"cn":"Redicson Трейд","ui":"5962313","t":723731.0,"r":721930.0,"q":15.96,"p":17000.0,"mot":"U","mo":721930.0},{"cn":"","ui":"","t":44555.0,"r":3430.0,"q":13.07,"p":10000.0,"mot":"L","mo":3430.0}]},{"d":"28.03.2017","r":740990.0,"q":15.98,"p":16802.91,"s":[{"cn":"Redicson Трейд","ui":"5962313","t":721928.0,"r":720127.0,"q":15.96,"p":17000.0,"mot":"U","mo":720127.0},{"cn":"","ui":"","t":61988.0,"r":20863.0,"q":16.6,"p":10000.0,"mot":"L","mo":20863.0}]},{"d":"29.03.2017","r":1223059.0,"q":15.4,"p":15745.69,"s":[{"cn":"Anry финанс","ui":"6095081","t":242921.0,"r":200796.0,"q":15.88,"p":10000.0,"mot":"U","mo":200796.0},{"cn":"Redicson Трейд","ui":"5962313","t":996124.0,"r":994322.0,"q":15.35,"p":17000.0,"mot":"U","mo":994322.0},{"cn":"","ui":"","t":112841.0,"r":27941.0,"q":13.79,"p":12400.0,"mot":"L","mo":27941.0}]},{"d":"31.03.2017","r":1370502.0,"q":15.58,"p":15579.11,"s":[{"cn":"Anry финанс","ui":"6095081","t":303215.0,"r":278190.0,"q":16.07,"p":10000.0,"mot":"U","mo":278190.0},{"cn":"Redicson Трейд","ui":"5962313","t":1094114.0,"r":1092312.0,"q":15.45,"p":17000.0,"mot":"U","mo":1092312.0},{"cn":"","ui":"","t":0.0,"r":0.0,"q":0.0,"p":0.0,"mot":"L","mo":0.0}]},{"d":"01.04.2017","r":1688639.0,"q":15.37,"p":15663.42,"s":[{"cn":"Anry финанс","ui":"6095081","t":349706.0,"r":322429.0,"q":16.15,"p":10000.0,"mot":"U","mo":322429.0},{"cn":"Redicson Трейд","ui":"5962313","t":1367012.0,"r":1366210.0,"q":15.18,"p":17000.0,"mot":"U","mo":1366210.0},{"cn":"","ui":"","t":0.0,"r":0.0,"q":0.0,"p":0.0,"mot":"L","mo":0.0}]},{"d":"02.04.2017","r":1764408.0,"q":15.36,"p":15551.51,"s":[{"cn":"Anry финанс","ui":"6095081","t":391403.0,"r":364126.0,"q":15.96,"p":10000.0,"mot":"U","mo":364126.0},{"cn":"Redicson Трейд","ui":"5962313","t":1398209.0,"r":1397407.0,"q":15.21,"p":17000.0,"mot":"U","mo":1397407.0},{"cn":"","ui":"","t":94731.0,"r":2875.0,"q":11.73,"p":14617.92,"mot":"L","mo":2875.0}]},{"d":"03.04.2017","r":1842624.0,"q":15.38,"p":15453.72,"s":[{"cn":"Anry финанс","ui":"6095081","t":434250.0,"r":406475.0,"q":15.87,"p":10000.0,"mot":"U","mo":406475.0},{"cn":"Redicson Трейд","ui":"5962313","t":1431406.0,"r":1430604.0,"q":15.25,"p":17000.0,"mot":"U","mo":1430604.0},{"cn":"","ui":"","t":89545.0,"r":5545.0,"q":11.63,"p":16300.0,"mot":"L","mo":5545.0}]},{"d":"04.04.2017","r":1941625.0,"q":15.43,"p":15297.49,"s":[{"cn":"Anry финанс","ui":"6095081","t":498964.0,"r":471389.0,"q":15.99,"p":10000.0,"mot":"U","mo":471389.0},{"cn":"Redicson Трейд","ui":"5962313","t":1462604.0,"r":1461802.0,"q":15.27,"p":17000.0,"mot":"U","mo":1461802.0},{"cn":"","ui":"","t":92434.0,"r":8434.0,"q":11.64,"p":16300.0,"mot":"L","mo":8434.0}]},{"d":"05.04.2017","r":2277772.0,"q":15.03,"p":15397.14,"s":[{"cn":"Anry финанс","ui":"6095081","t":546364.0,"r":521564.0,"q":15.99,"p":10000.0,"mot":"U","mo":521564.0},{"cn":"Redicson Трейд","ui":"5962313","t":1757010.0,"r":1756208.0,"q":14.75,"p":17000.0,"mot":"U","mo":1756208.0},{"cn":"","ui":"","t":0.0,"r":0.0,"q":0.0,"p":0.0,"mot":"L","mo":0.0}]},{"d":"06.04.2017","r":2537360.0,"q":15.14,"p":15423.84,"s":[{"cn":"Anry финанс","ui":"6095081","t":593705.0,"r":568955.0,"q":15.99,"p":10000.0,"mot":"U","mo":568955.0},{"cn":"Redicson Трейд","ui":"5962313","t":1968207.0,"r":1967405.0,"q":14.9,"p":17000.0,"mot":"U","mo":1967405.0},{"cn":"","ui":"","t":29306.0,"r":1000.0,"q":4.85,"p":408.13,"mot":"L","mo":1000.0}]},{"d":"07.04.2017","r":2609580.0,"q":15.15,"p":15350.99,"s":[{"cn":"Anry финанс","ui":"6095081","t":640930.0,"r":616180.0,"q":15.98,"p":10000.0,"mot":"U","mo":616180.0},{"cn":"Redicson Трейд","ui":"5962313","t":1977403.0,"r":1976601.0,"q":14.91,"p":17000.0,"mot":"U","mo":1976601.0},{"cn":"","ui":"","t":109322.0,"r":16799.0,"q":13.65,"p":17597.63,"mot":"L","mo":16799.0}]},{"d":"08.04.2017","r":2413227.0,"q":15.1,"p":15821.55,"s":[{"cn":"Anry финанс","ui":"6095081","t":438715.0,"r":413963.0,"q":16.0,"p":10000.0,"mot":"U","mo":413963.0},{"cn":"Redicson Трейд","ui":"5962313","t":1986600.0,"r":1985798.0,"q":14.92,"p":17000.0,"mot":"U","mo":1985798.0},{"cn":"","ui":"","t":97466.0,"r":13466.0,"q":13.66,"p":21000.0,"mot":"L","mo":13466.0}]},{"d":"09.04.2017","r":2504536.0,"q":15.14,"p":15644.41,"s":[{"cn":"Anry финанс","ui":"6095081","t":503819.0,"r":496567.0,"q":16.02,"p":10000.0,"mot":"U","mo":496567.0},{"cn":"Redicson Трейд","ui":"5962313","t":1995297.0,"r":1994495.0,"q":14.93,"p":17000.0,"mot":"U","mo":1994495.0},{"cn":"","ui":"","t":97474.0,"r":13474.0,"q":13.74,"p":23000.0,"mot":"L","mo":13474.0}]},{"d":"10.04.2017","r":2765571.0,"q":15.17,"p":16523.31,"s":[{"cn":"Anry финанс","ui":"6095081","t":568628.0,"r":561456.0,"q":16.02,"p":10000.0,"mot":"U","mo":561456.0},{"cn":"Redicson Трейд","ui":"5962313","t":1994494.0,"r":1993862.0,"q":14.93,"p":17000.0,"mot":"U","mo":1993862.0},{"cn":"Redicson Трейд","ui":"6606477","t":196001.0,"r":196001.0,"q":15.25,"p":30000.0,"mot":"U","mo":196001.0},{"cn":"","ui":"","t":126192.0,"r":14252.0,"q":13.2,"p":21481.6,"mot":"L","mo":14252.0}]},{"d":"11.04.2017","r":2846158.0,"q":15.16,"p":16558.49,"s":[{"cn":"Anry финанс","ui":"6095081","t":623458.0,"r":606287.0,"q":16.02,"p":10000.0,"mot":"U","mo":606287.0},{"cn":"Redicson Трейд","ui":"5962313","t":1993862.0,"r":1993230.0,"q":14.93,"p":17000.0,"mot":"U","mo":1993230.0},{"cn":"Redicson Трейд","ui":"6606477","t":206001.0,"r":206001.0,"q":15.33,"p":30000.0,"mot":"U","mo":206001.0},{"cn":"","ui":"","t":183357.0,"r":40640.0,"q":12.93,"p":24612.78,"mot":"L","mo":40640.0}]},{"d":"12.04.2017","r":3129617.0,"q":15.08,"p":17481.12,"s":[{"cn":"Anry финанс","ui":"6095081","t":677115.0,"r":658844.0,"q":16.02,"p":10000.0,"mot":"U","mo":658844.0},{"cn":"Redicson Трейд","ui":"5962313","t":1993230.0,"r":1992598.0,"q":14.93,"p":17000.0,"mot":"U","mo":1992598.0},{"cn":"Redicson Трейд","ui":"6606477","t":446741.0,"r":446741.0,"q":14.46,"p":30000.0,"mot":"U","mo":446741.0},{"cn":"","ui":"","t":179067.0,"r":31434.0,"q":14.11,"p":26862.05,"mot":"L","mo":31434.0}]},{"d":"13.04.2017","r":3214349.0,"q":15.11,"p":17495.94,"s":[{"cn":"Anry финанс","ui":"6095081","t":731453.0,"r":714199.0,"q":16.02,"p":10000.0,"mot":"U","mo":714199.0},{"cn":"Redicson Трейд","ui":"5962313","t":1992598.0,"r":1991966.0,"q":14.93,"p":17000.0,"mot":"U","mo":1991966.0},{"cn":"Redicson Трейд","ui":"6606477","t":467741.0,"r":467741.0,"q":14.59,"p":30000.0,"mot":"U","mo":467741.0},{"cn":"","ui":"","t":174879.0,"r":40443.0,"q":13.84,"p":29681.95,"mot":"L","mo":40443.0}]},{"d":"14.04.2017","r":3327986.0,"q":14.98,"p":17182.01,"s":[{"cn":"Anry финанс","ui":"6095081","t":785422.0,"r":768168.0,"q":16.01,"p":10000.0,"mot":"U","mo":768168.0},{"cn":"Redicson Трейд","ui":"5962313","t":1991966.0,"r":1991334.0,"q":14.93,"p":17000.0,"mot":"U","mo":1991334.0},{"cn":"Redicson Трейд","ui":"6606477","t":479241.0,"r":479241.0,"q":14.65,"p":30000.0,"mot":"U","mo":479241.0},{"cn":"","ui":"","t":183993.0,"r":89243.0,"q":9.08,"p":14229.86,"mot":"L","mo":89243.0}]},{"d":"15.04.2017","r":3335463.0,"q":15.16,"p":17307.86,"s":[{"cn":"Anry финанс","ui":"6095081","t":838272.0,"r":830146.0,"q":16.0,"p":10000.0,"mot":"U","mo":830146.0},{"cn":"Redicson Трейд","ui":"5962313","t":1991334.0,"r":1990702.0,"q":14.93,"p":17000.0,"mot":"U","mo":1990702.0},{"cn":"Redicson Трейд","ui":"6606477","t":489241.0,"r":489241.0,"q":14.71,"p":30000.0,"mot":"U","mo":489241.0},{"cn":"","ui":"","t":109374.0,"r":25374.0,"q":14.26,"p":35828.4,"mot":"L","mo":25374.0}]},{"d":"16.04.2017","r":3398989.0,"q":15.18,"p":17154.62,"s":[{"cn":"Anry финанс","ui":"6095081","t":901082.0,"r":894436.0,"q":15.98,"p":10000.0,"mot":"U","mo":894436.0},{"cn":"Redicson Трейд","ui":"5962313","t":1990652.0,"r":1990020.0,"q":14.93,"p":17000.0,"mot":"U","mo":1990020.0},{"cn":"Redicson Трейд","ui":"6606477","t":500236.0,"r":500236.0,"q":14.76,"p":30000.0,"mot":"U","mo":500236.0},{"cn":"","ui":"","t":107283.0,"r":14297.0,"q":13.73,"p":36831.2,"mot":"L","mo":14297.0}]},{"d":"17.04.2017","r":3470817.0,"q":15.21,"p":16982.05,"s":[{"cn":"Anry финанс","ui":"6095081","t":964313.0,"r":957532.0,"q":15.97,"p":10000.0,"mot":"U","mo":957532.0},{"cn":"Redicson Трейд","ui":"5962313","t":1990020.0,"r":1989388.0,"q":14.93,"p":17000.0,"mot":"U","mo":1989388.0},{"cn":"Redicson Трейд","ui":"6606477","t":511736.0,"r":511736.0,"q":14.82,"p":30000.0,"mot":"U","mo":511736.0},{"cn":"","ui":"","t":12161.0,"r":12161.0,"q":16.61,"p":16000.0,"mot":"L","mo":12161.0}]},{"d":"18.04.2017","r":2960230.0,"q":15.27,"p":14702.77,"s":[{"cn":"Anry финанс","ui":"6095081","t":992416.0,"r":971474.0,"q":15.98,"p":10000.0,"mot":"U","mo":971474.0},{"cn":"Redicson Трейд","ui":"5962313","t":1989388.0,"r":1988756.0,"q":14.93,"p":17000.0,"mot":"U","mo":1988756.0},{"cn":"","ui":"","t":0.0,"r":0.0,"q":0.0,"p":0.0,"mot":"L","mo":0.0}]},{"d":"19.04.2017","r":3963071.0,"q":15.06,"p":18524.09,"s":[{"cn":"Anry финанс","ui":"6095081","t":1003269.0,"r":978211.0,"q":16.0,"p":10000.0,"mot":"U","mo":978211.0},{"cn":"Redicson Трейд","ui":"5962313","t":1988756.0,"r":1988124.0,"q":14.93,"p":17000.0,"mot":"U","mo":1988124.0},{"cn":"Redicson Трейд","ui":"6606477","t":991736.0,"r":991736.0,"q":14.4,"p":30000.0,"mot":"U","mo":991736.0},{"cn":"","ui":"","t":5000.0,"r":5000.0,"q":15.98,"p":16000.0,"mot":"L","mo":5000.0}]},{"d":"21.04.2017","r":2924973.0,"q":15.29,"p":14763.27,"s":[{"cn":"Anry финанс","ui":"6095081","t":993884.0,"r":937666.0,"q":16.04,"p":10000.0,"mot":"U","mo":937666.0},{"cn":"Redicson Трейд","ui":"5962313","t":1987492.0,"r":1986860.0,"q":14.93,"p":17000.0,"mot":"U","mo":1986860.0},{"cn":"","ui":"","t":84447.0,"r":447.0,"q":13.32,"p":64600.0,"mot":"L","mo":447.0}]},{"d":"22.04.2017","r":4018086.0,"q":15.1,"p":18982.0,"s":[{"cn":"Anry финанс","ui":"6095081","t":984200.0,"r":939488.0,"q":16.06,"p":10000.0,"mot":"U","mo":939488.0},{"cn":"Redicson Трейд","ui":"5962313","t":1986860.0,"r":1986228.0,"q":14.93,"p":17000.0,"mot":"U","mo":1986228.0},{"cn":"Redicson Трейд","ui":"6606477","t":1015236.0,"r":1015236.0,"q":14.46,"p":30000.0,"mot":"U","mo":1015236.0},{"cn":"","ui":"","t":161134.0,"r":77134.0,"q":15.98,"p":34400.71,"mot":"L","mo":77134.0}]},{"d":"23.04.2017","r":4262275.0,"q":15.09,"p":20896.1,"s":[{"cn":"Anry финанс","ui":"6095081","t":1010231.0,"r":1001543.0,"q":16.07,"p":10000.0,"mot":"U","mo":1001543.0},{"cn":"Redicson Трейд","ui":"5962313","t":1986227.0,"r":1985594.0,"q":14.93,"p":17000.0,"mot":"U","mo":1985594.0},{"cn":"Redicson Трейд","ui":"6606477","t":1015237.0,"r":1015237.0,"q":14.46,"p":30000.0,"mot":"U","mo":1015237.0},{"cn":"","ui":"","t":265408.0,"r":259901.0,"q":15.01,"p":57088.25,"mot":"L","mo":259901.0}]},{"d":"24.04.2017","r":4929811.0,"q":15.25,"p":24453.07,"s":[{"cn":"Redicson Трейд","ui":"5962313","t":1985594.0,"r":1984961.0,"q":14.93,"p":17000.0,"mot":"U","mo":1984961.0},{"cn":"Redicson Трейд","ui":"6606477","t":2601358.0,"r":2601358.0,"q":15.53,"p":25000.0,"mot":"U","mo":2601358.0},{"cn":"","ui":"","t":376355.0,"r":343492.0,"q":14.96,"p":63380.6,"mot":"L","mo":343492.0}]},{"d":"26.04.2017","r":3175447.0,"q":15.39,"p":32884.57,"s":[{"cn":"1","ui":"6507370","t":386376.0,"r":382376.0,"q":13.74,"p":93000.0,"mot":"U","mo":382376.0},{"cn":"Redicson Трейд","ui":"6606477","t":2685739.0,"r":2685739.0,"q":15.55,"p":25000.0,"mot":"U","mo":2685739.0},{"cn":"","ui":"","t":141487.0,"r":107332.0,"q":17.23,"p":16013.69,"mot":"L","mo":107332.0}]},{"d":"27.04.2017","r":5209265.0,"q":15.17,"p":31623.5,"s":[{"cn":"1","ui":"6507370","t":457910.0,"r":453910.0,"q":13.66,"p":102000.0,"mot":"U","mo":453910.0},{"cn":"Redicson Трейд","ui":"6606477","t":4705472.0,"r":4705472.0,"q":15.3,"p":25000.0,"mot":"U","mo":4705472.0},{"cn":"","ui":"","t":131033.0,"r":49883.0,"q":17.11,"p":16029.42,"mot":"L","mo":49883.0}]},{"d":"28.04.2017","r":5341619.0,"q":15.14,"p":31375.67,"s":[{"cn":"1","ui":"6507370","t":564092.0,"r":560092.0,"q":13.51,"p":112000.0,"mot":"U","mo":560092.0},{"cn":"Redicson Трейд","ui":"6606477","t":4726781.0,"r":4726780.0,"q":15.31,"p":22000.0,"mot":"U","mo":4726780.0},{"cn":"","ui":"","t":73654.0,"r":54747.0,"q":17.13,"p":16026.79,"mot":"L","mo":54747.0}]},{"d":"29.04.2017","r":5412055.0,"q":15.12,"p":31885.38,"s":[{"cn":"1","ui":"6507370","t":630312.0,"r":626312.0,"q":13.55,"p":123000.0,"mot":"U","mo":626312.0},{"cn":"Redicson Трейд","ui":"6606477","t":4739069.0,"r":4739068.0,"q":15.31,"p":20000.0,"mot":"U","mo":4739068.0},{"cn":"","ui":"","t":66834.0,"r":46675.0,"q":17.08,"p":16019.28,"mot":"L","mo":46675.0}]},{"d":"01.05.2017","r":5687167.0,"q":14.98,"p":35979.74,"s":[{"cn":"1","ui":"6507370","t":788154.0,"r":784154.0,"q":13.82,"p":148000.0,"mot":"U","mo":784154.0},{"cn":"Redicson Трейд","ui":"6606477","t":4803024.0,"r":4803024.0,"q":15.29,"p":18000.0,"mot":"U","mo":4803024.0},{"cn":"","ui":"","t":143727.0,"r":99989.0,"q":9.4,"p":21137.79,"mot":"L","mo":99989.0}]},{"d":"02.05.2017","r":4895423.0,"q":15.19,"p":18068.18,"s":[{"cn":"Redicson Трейд","ui":"6606477","t":4823846.0,"r":4822246.0,"q":15.3,"p":18000.0,"mot":"U","mo":4822246.0},{"cn":"","ui":"","t":73297.0,"r":73177.0,"q":7.74,"p":22560.83,"mot":"L","mo":73177.0}]},{"d":"03.05.2017","r":4981932.0,"q":15.16,"p":18050.2,"s":[{"cn":"Redicson Трейд","ui":"6606477","t":4909218.0,"r":4905117.0,"q":15.28,"p":18000.0,"mot":"U","mo":4905117.0},{"cn":"","ui":"","t":79840.0,"r":76815.0,"q":7.79,"p":21256.07,"mot":"L","mo":76815.0}]},{"d":"04.05.2017","r":5038779.0,"q":15.15,"p":18050.32,"s":[{"cn":"Redicson Трейд","ui":"6606477","t":4968429.0,"r":4964328.0,"q":15.26,"p":18000.0,"mot":"U","mo":4964328.0},{"cn":"","ui":"","t":81630.0,"r":74451.0,"q":7.98,"p":21405.69,"mot":"L","mo":74451.0}]},{"d":"06.05.2017","r":5085725.0,"q":15.13,"p":18106.35,"s":[{"cn":"Redicson Трейд","ui":"6606477","t":5023583.0,"r":5015381.0,"q":15.23,"p":18000.0,"mot":"U","mo":5015381.0},{"cn":"","ui":"","t":81591.0,"r":70344.0,"q":8.0,"p":25688.88,"mot":"L","mo":70344.0}]},{"d":"08.05.2017","r":5230199.0,"q":15.13,"p":18157.75,"s":[{"cn":"Redicson Трейд","ui":"6606477","t":5155570.0,"r":5151769.0,"q":15.22,"p":18000.0,"mot":"U","mo":5151769.0},{"cn":"","ui":"","t":178045.0,"r":78430.0,"q":9.35,"p":28519.47,"mot":"L","mo":78430.0}]},{"d":"09.05.2017","r":5225421.0,"q":15.14,"p":18188.0,"s":[{"cn":"Redicson Трейд","ui":"6606477","t":5158265.0,"r":5154464.0,"q":15.22,"p":18000.0,"mot":"U","mo":5154464.0},{"cn":"","ui":"","t":207284.0,"r":70957.0,"q":8.97,"p":31844.52,"mot":"L","mo":70957.0}]},{"d":"10.05.2017","r":5274078.0,"q":15.19,"p":18171.19,"s":[{"cn":"Redicson Трейд","ui":"6606477","t":5163162.0,"r":5161561.0,"q":15.22,"p":18000.0,"mot":"U","mo":5161561.0},{"cn":"","ui":"","t":321764.0,"r":112517.0,"q":13.64,"p":26024.33,"mot":"L","mo":112517.0}]},{"d":"11.05.2017","r":5262948.0,"q":15.33,"p":17883.79,"s":[{"cn":"Redicson Трейд","ui":"6606477","t":5168059.0,"r":5166458.0,"q":15.22,"p":18000.0,"mot":"U","mo":5166458.0},{"cn":"","ui":"","t":342323.0,"r":96490.0,"q":21.28,"p":11661.24,"mot":"L","mo":96490.0}]},{"d":"12.05.2017","r":5246989.0,"q":15.13,"p":18193.15,"s":[{"cn":"Redicson Трейд","ui":"6606477","t":5172956.0,"r":5171355.0,"q":15.21,"p":18000.0,"mot":"U","mo":5171355.0},{"cn":"","ui":"","t":439984.0,"r":75634.0,"q":9.41,"p":31399.46,"mot":"L","mo":75634.0}]},{"d":"13.05.2017","r":5251262.0,"q":15.13,"p":18157.69,"s":[{"cn":"Redicson Трейд","ui":"6606477","t":5177854.0,"r":5176253.0,"q":15.21,"p":18000.0,"mot":"U","mo":5176253.0},{"cn":"","ui":"","t":516517.0,"r":75009.0,"q":9.38,"p":29039.56,"mot":"L","mo":75009.0}]},{"d":"14.05.2017","r":5537730.0,"q":15.14,"p":18109.99,"s":[{"cn":"Redicson Трейд","ui":"6606477","t":5464752.0,"r":5463151.0,"q":15.22,"p":18000.0,"mot":"U","mo":5463151.0},{"cn":"","ui":"","t":619889.0,"r":74579.0,"q":9.28,"p":26166.97,"mot":"L","mo":74579.0}]},{"d":"15.05.2017","r":1.2244412E7,"q":17.93,"p":12431.09,"s":[{"cn":"Krionix-fin","ui":"6545048","t":5934513.0,"r":5934513.0,"q":20.15,"p":8000.0,"mot":"U","mo":5934513.0},{"cn":"Arcaim","ui":"6667970","t":799937.0,"r":797374.0,"q":19.95,"p":7000.0,"mot":"U","mo":797374.0},{"cn":"Redicson Трейд","ui":"6606477","t":5495148.0,"r":5493547.0,"q":15.23,"p":18000.0,"mot":"U","mo":5493547.0},{"cn":"","ui":"","t":615764.0,"r":18978.0,"q":17.98,"p":14219.62,"mot":"L","mo":18978.0}]},{"d":"16.05.2017","r":1.2689657E7,"q":17.96,"p":11859.83,"s":[{"cn":"Krionix-fin","ui":"6545048","t":5874512.0,"r":5814511.0,"q":20.15,"p":8000.0,"mot":"U","mo":5814511.0},{"cn":"Arcaim","ui":"6667970","t":1195873.0,"r":1189809.0,"q":19.95,"p":7000.0,"mot":"U","mo":1189809.0},{"cn":"Redicson Трейд","ui":"6606477","t":5525045.0,"r":5523444.0,"q":15.23,"p":17000.0,"mot":"U","mo":5523444.0},{"cn":"","ui":"","t":801421.0,"r":161893.0,"q":17.72,"p":10833.39,"mot":"L","mo":161893.0}]},{"d":"17.05.2017","r":1.3092228E7,"q":18.0,"p":11730.63,"s":[{"cn":"Krionix-fin","ui":"6545048","t":5814511.0,"r":5754510.0,"q":20.15,"p":8000.0,"mot":"U","mo":5754510.0},{"cn":"Arcaim","ui":"6667970","t":1589799.0,"r":1583625.0,"q":19.93,"p":7000.0,"mot":"U","mo":1583625.0},{"cn":"Redicson Трейд","ui":"6606477","t":5524941.0,"r":5523340.0,"q":15.24,"p":17000.0,"mot":"U","mo":5523340.0},{"cn":"","ui":"","t":1187927.0,"r":230753.0,"q":17.48,"p":11102.16,"mot":"L","mo":230753.0}]},{"d":"18.05.2017","r":1.2998199E7,"q":17.97,"p":11722.82,"s":[{"cn":"Krionix-fin","ui":"6545048","t":5731410.0,"r":5648309.0,"q":20.15,"p":8000.0,"mot":"U","mo":5648309.0},{"cn":"Arcaim","ui":"6667970","t":1558625.0,"r":1527451.0,"q":19.93,"p":6500.0,"mot":"U","mo":1527451.0},{"cn":"Redicson Трейд","ui":"6606477","t":5524839.0,"r":5523239.0,"q":15.24,"p":17000.0,"mot":"U","mo":5523239.0},{"cn":"","ui":"","t":1341588.0,"r":299200.0,"q":17.41,"p":11248.44,"mot":"L","mo":299200.0}]},{"d":"19.05.2017","r":1.3141307E7,"q":17.96,"p":11668.48,"s":[{"cn":"Krionix-fin","ui":"6545048","t":5693009.0,"r":5654608.0,"q":20.15,"p":8000.0,"mot":"U","mo":5654608.0},{"cn":"Arcaim","ui":"6667970","t":1527346.0,"r":1496067.0,"q":19.93,"p":6000.0,"mot":"U","mo":1496067.0},{"cn":"Redicson Трейд","ui":"6606477","t":5526339.0,"r":5526339.0,"q":15.24,"p":17000.0,"mot":"U","mo":5526339.0},{"cn":"","ui":"","t":1594766.0,"r":464293.0,"q":17.29,"p":11152.41,"mot":"L","mo":464293.0}]},{"d":"20.05.2017","r":1.3260604E7,"q":17.88,"p":11752.33,"s":[{"cn":"Krionix-fin","ui":"6545048","t":5654558.0,"r":5616107.0,"q":20.15,"p":8000.0,"mot":"U","mo":5616107.0},{"cn":"Arcaim","ui":"6667970","t":1495070.0,"r":1462794.0,"q":19.93,"p":6000.0,"mot":"U","mo":1462794.0},{"cn":"Redicson Трейд","ui":"6606477","t":5530452.0,"r":5530452.0,"q":15.24,"p":17000.0,"mot":"U","mo":5530452.0},{"cn":"","ui":"","t":1781389.0,"r":651251.0,"q":16.15,"p":12467.91,"mot":"L","mo":651251.0}]},{"d":"21.05.2017","r":1.33614E7,"q":17.93,"p":11756.0,"s":[{"cn":"Krionix-fin","ui":"6545048","t":5639407.0,"r":5624256.0,"q":20.15,"p":8000.0,"mot":"U","mo":5624256.0},{"cn":"Arcaim","ui":"6667970","t":1487794.0,"r":1480518.0,"q":19.93,"p":6000.0,"mot":"U","mo":1480518.0},{"cn":"Redicson Трейд","ui":"6606477","t":5531952.0,"r":5531952.0,"q":15.24,"p":17000.0,"mot":"U","mo":5531952.0},{"cn":"","ui":"","t":1927366.0,"r":724674.0,"q":17.08,"p":12635.07,"mot":"L","mo":724674.0}]},{"d":"22.05.2017","r":1.339161E7,"q":17.92,"p":11709.09,"s":[{"cn":"Krionix-fin","ui":"6545048","t":5624306.0,"r":5609205.0,"q":20.15,"p":8000.0,"mot":"U","mo":5609205.0},{"cn":"Arcaim","ui":"6667970","t":1477218.0,"r":1466642.0,"q":19.93,"p":5500.0,"mot":"U","mo":1466642.0},{"cn":"Redicson Трейд","ui":"6606477","t":5533452.0,"r":5533452.0,"q":15.24,"p":17000.0,"mot":"U","mo":5533452.0},{"cn":"","ui":"","t":809717.0,"r":782311.0,"q":17.04,"p":12520.18,"mot":"L","mo":782311.0}]},{"d":"23.05.2017","r":1.3471527E7,"q":17.97,"p":11655.59,"s":[{"cn":"Krionix-fin","ui":"6545048","t":5624204.0,"r":5624103.0,"q":20.15,"p":8000.0,"mot":"U","mo":5624103.0},{"cn":"Arcaim","ui":"6667970","t":1466041.0,"r":1454865.0,"q":19.93,"p":5500.0,"mot":"U","mo":1454865.0},{"cn":"Redicson Трейд","ui":"6606477","t":5534952.0,"r":5534952.0,"q":15.25,"p":17000.0,"mot":"U","mo":5534952.0},{"cn":"","ui":"","t":893678.0,"r":857607.0,"q":17.96,"p":11578.59,"mot":"L","mo":857607.0}]},{"d":"24.05.2017","r":1.3501067E7,"q":17.88,"p":11351.79,"s":[{"cn":"Krionix-fin","ui":"6545048","t":5624103.0,"r":5624002.0,"q":20.15,"p":8000.0,"mot":"U","mo":5624002.0},{"cn":"Arcaim","ui":"6667970","t":1453880.0,"r":1441719.0,"q":19.93,"p":5500.0,"mot":"U","mo":1441719.0},{"cn":"Redicson Трейд","ui":"6606477","t":5536452.0,"r":5536452.0,"q":15.25,"p":16500.0,"mot":"U","mo":5536452.0},{"cn":"","ui":"","t":1013249.0,"r":898894.0,"q":16.64,"p":9999.38,"mot":"L","mo":898894.0}]},{"d":"25.05.2017","r":1.3445781E7,"q":17.87,"p":11415.22,"s":[{"cn":"Krionix-fin","ui":"6545048","t":5624102.0,"r":5624101.0,"q":20.15,"p":8000.0,"mot":"U","mo":5624101.0},{"cn":"Arcaim","ui":"6667970","t":1441818.0,"r":1429756.0,"q":19.93,"p":5500.0,"mot":"U","mo":1429756.0},{"cn":"Redicson Трейд","ui":"6606477","t":5537952.0,"r":5537952.0,"q":15.25,"p":16500.0,"mot":"U","mo":5537952.0},{"cn":"","ui":"","t":902312.0,"r":853972.0,"q":16.43,"p":10836.27,"mot":"L","mo":853972.0}]},{"d":"26.05.2017","r":1.3789841E7,"q":17.86,"p":11284.3,"s":[{"cn":"Krionix-fin","ui":"6545048","t":5624101.0,"r":5624100.0,"q":20.15,"p":8000.0,"mot":"U","mo":5624100.0},{"cn":"Arcaim","ui":"6667970","t":1391757.0,"r":1341696.0,"q":19.93,"p":5500.0,"mot":"U","mo":1341696.0},{"cn":"Redicson Трейд","ui":"6606477","t":5539452.0,"r":5539452.0,"q":15.25,"p":16500.0,"mot":"U","mo":5539452.0},{"cn":"","ui":"","t":2507431.0,"r":1284593.0,"q":16.98,"p":9213.47,"mot":"L","mo":1284593.0}]},{"d":"27.05.2017","r":1.3638543E7,"q":17.88,"p":11391.33,"s":[{"cn":"Krionix-fin","ui":"6545048","t":5624100.0,"r":5624099.0,"q":20.15,"p":8000.0,"mot":"U","mo":5624099.0},{"cn":"Arcaim","ui":"6667970","t":1320521.0,"r":1249285.0,"q":19.93,"p":5500.0,"mot":"U","mo":1249285.0},{"cn":"Redicson Трейд","ui":"6606477","t":5540952.0,"r":5540952.0,"q":15.25,"p":16500.0,"mot":"U","mo":5540952.0},{"cn":"","ui":"","t":2552118.0,"r":1224207.0,"q":17.25,"p":9860.77,"mot":"L","mo":1224207.0}]},{"d":"28.05.2017","r":1.3595683E7,"q":17.87,"p":11442.81,"s":[{"cn":"Krionix-fin","ui":"6545048","t":5624099.0,"r":5624098.0,"q":20.15,"p":8000.0,"mot":"U","mo":5624098.0},{"cn":"Arcaim","ui":"6667970","t":1269285.0,"r":1218049.0,"q":19.93,"p":5500.0,"mot":"U","mo":1218049.0},{"cn":"Redicson Трейд","ui":"6606477","t":5542452.0,"r":5542452.0,"q":15.25,"p":16500.0,"mot":"U","mo":5542452.0},{"cn":"","ui":"","t":2599664.0,"r":1211084.0,"q":17.2,"p":10263.79,"mot":"L","mo":1211084.0}]},{"d":"29.05.2017","r":6767860.0,"q":19.64,"p":8496.66,"s":[{"cn":"Krionix-fin","ui":"6545048","t":5624098.0,"r":5624097.0,"q":20.15,"p":8000.0,"mot":"U","mo":5624097.0},{"cn":"Anry финанс","ui":"6095081","t":438499.0,"r":437296.0,"q":15.38,"p":10000.0,"mot":"U","mo":437296.0},{"cn":"Психопат Инвест","ui":"6617368","t":471648.0,"r":471648.0,"q":20.16,"p":12000.0,"mot":"U","mo":471648.0},{"cn":"","ui":"","t":1588514.0,"r":234819.0,"q":14.41,"p":10555.83,"mot":"L","mo":234819.0}]},{"d":"30.05.2017","r":1.6505718E7,"q":17.84,"p":10437.58,"s":[{"cn":"Krionix-fin","ui":"6545048","t":5623802.0,"r":5623506.0,"q":20.15,"p":8000.0,"mot":"U","mo":5623506.0},{"cn":"Arcaim","ui":"6667970","t":4000000.0,"r":3966939.0,"q":18.27,"p":5500.0,"mot":"U","mo":3966939.0},{"cn":"Redicson Трейд","ui":"6606477","t":5543952.0,"r":5543952.0,"q":15.25,"p":16500.0,"mot":"U","mo":5543952.0},{"cn":"","ui":"","t":2799268.0,"r":1371321.0,"q":17.6,"p":10207.92,"mot":"L","mo":1371321.0}]},{"d":"31.05.2017","r":1.6510573E7,"q":17.84,"p":10453.33,"s":[{"cn":"Krionix-fin","ui":"6545048","t":5623506.0,"r":5623210.0,"q":20.15,"p":8000.0,"mot":"U","mo":5623210.0},{"cn":"Arcaim","ui":"6667970","t":3966939.0,"r":3933878.0,"q":18.27,"p":5500.0,"mot":"U","mo":3933878.0},{"cn":"Redicson Трейд","ui":"6606477","t":5545452.0,"r":5545452.0,"q":15.25,"p":16500.0,"mot":"U","mo":5545452.0},{"cn":"","ui":"","t":2863638.0,"r":1408033.0,"q":17.58,"p":10275.71,"mot":"L","mo":1408033.0}]},{"d":"01.06.2017","r":1.7036244E7,"q":17.76,"p":10302.93,"s":[{"cn":"Krionix-fin","ui":"6545048","t":5623135.0,"r":5622764.0,"q":20.15,"p":8000.0,"mot":"U","mo":5622764.0},{"cn":"Arcaim","ui":"6667970","t":3943878.0,"r":3920817.0,"q":18.27,"p":5500.0,"mot":"U","mo":3920817.0},{"cn":"Redicson Трейд","ui":"6606477","t":5546952.0,"r":5546952.0,"q":15.26,"p":16500.0,"mot":"U","mo":5546952.0},{"cn":"","ui":"","t":3466948.0,"r":1945711.0,"q":16.93,"p":8969.4,"mot":"L","mo":1945711.0}]},{"d":"02.06.2017","r":1.7093484E7,"q":17.75,"p":10304.79,"s":[{"cn":"Krionix-fin","ui":"6545048","t":5622764.0,"r":5622393.0,"q":20.15,"p":8000.0,"mot":"U","mo":5622393.0},{"cn":"Arcaim","ui":"6667970","t":3920817.0,"r":3897756.0,"q":18.27,"p":5500.0,"mot":"U","mo":3897756.0},{"cn":"Redicson Трейд","ui":"6606477","t":5548452.0,"r":5548452.0,"q":15.26,"p":16500.0,"mot":"U","mo":5548452.0},{"cn":"","ui":"","t":3593916.0,"r":2024883.0,"q":16.89,"p":8977.55,"mot":"L","mo":2024883.0}]},{"d":"03.06.2017","r":1.7131467E7,"q":17.75,"p":10313.83,"s":[{"cn":"Krionix-fin","ui":"6545048","t":5622288.0,"r":5621812.0,"q":20.15,"p":8000.0,"mot":"U","mo":5621812.0},{"cn":"Arcaim","ui":"6667970","t":3897756.0,"r":3874695.0,"q":18.27,"p":5500.0,"mot":"U","mo":3874695.0},{"cn":"Redicson Трейд","ui":"6606477","t":5549952.0,"r":5549952.0,"q":15.26,"p":16500.0,"mot":"U","mo":5549952.0},{"cn":"","ui":"","t":3696604.0,"r":2085008.0,"q":16.91,"p":9031.89,"mot":"L","mo":2085008.0}]},{"d":"04.06.2017","r":1.7205221E7,"q":17.74,"p":10314.28,"s":[{"cn":"Krionix-fin","ui":"6545048","t":5621812.0,"r":5621336.0,"q":20.15,"p":8000.0,"mot":"U","mo":5621336.0},{"cn":"Arcaim","ui":"6667970","t":3884695.0,"r":3871634.0,"q":18.27,"p":5500.0,"mot":"U","mo":3871634.0},{"cn":"Redicson Трейд","ui":"6606477","t":5551452.0,"r":5551452.0,"q":15.26,"p":16500.0,"mot":"U","mo":5551452.0},{"cn":"","ui":"","t":3846399.0,"r":2160799.0,"q":16.9,"p":9068.83,"mot":"L","mo":2160799.0}]},{"d":"05.06.2017","r":1.7734312E7,"q":17.46,"p":10153.47,"s":[{"cn":"Krionix-fin","ui":"6545048","t":5621336.0,"r":5620860.0,"q":20.15,"p":8000.0,"mot":"U","mo":5620860.0},{"cn":"Arcaim","ui":"6667970","t":3876634.0,"r":3868573.0,"q":18.27,"p":5500.0,"mot":"U","mo":3868573.0},{"cn":"Redicson Трейд","ui":"6606477","t":5552952.0,"r":5552952.0,"q":15.26,"p":16500.0,"mot":"U","mo":5552952.0},{"cn":"","ui":"","t":4403629.0,"r":2691927.0,"q":15.23,"p":8245.81,"mot":"L","mo":2691927.0}]},{"d":"06.06.2017","r":1.7297135E7,"q":17.72,"p":10320.98,"s":[{"cn":"Krionix-fin","ui":"6545048","t":5620860.0,"r":5620384.0,"q":20.15,"p":8000.0,"mot":"U","mo":5620384.0},{"cn":"Arcaim","ui":"6667970","t":3868073.0,"r":3859512.0,"q":18.27,"p":5500.0,"mot":"U","mo":3859512.0},{"cn":"Redicson Трейд","ui":"6606477","t":5554452.0,"r":5554452.0,"q":15.26,"p":16500.0,"mot":"U","mo":5554452.0},{"cn":"","ui":"","t":2380948.0,"r":2262787.0,"q":16.79,"p":9141.21,"mot":"L","mo":2262787.0}]},{"d":"07.06.2017","r":1.7390671E7,"q":17.71,"p":10050.81,"s":[{"cn":"Krionix-fin","ui":"6545048","t":5620384.0,"r":5619908.0,"q":20.15,"p":8000.0,"mot":"U","mo":5619908.0},{"cn":"Arcaim","ui":"6667970","t":3858611.0,"r":3849149.0,"q":18.27,"p":5500.0,"mot":"U","mo":3849149.0},{"cn":"Redicson Трейд","ui":"6606477","t":5555952.0,"r":5555952.0,"q":15.26,"p":16500.0,"mot":"U","mo":5555952.0},{"cn":"","ui":"","t":2498998.0,"r":2365662.0,"q":16.77,"p":7180.89,"mot":"L","mo":2365662.0}]},{"d":"08.06.2017","r":1.7302468E7,"q":17.71,"p":9967.22,"s":[{"cn":"Krionix-fin","ui":"6545048","t":5619433.0,"r":5618482.0,"q":20.15,"p":8000.0,"mot":"U","mo":5618482.0},{"cn":"Arcaim","ui":"6667970","t":3818948.0,"r":3779285.0,"q":18.27,"p":5500.0,"mot":"U","mo":3779285.0},{"cn":"Redicson Трейд","ui":"6606477","t":5557452.0,"r":5557452.0,"q":15.26,"p":16500.0,"mot":"U","mo":5557452.0},{"cn":"","ui":"","t":2504391.0,"r":2347249.0,"q":16.77,"p":6401.4,"mot":"L","mo":2347249.0}]},{"d":"09.06.2017","r":1.7361362E7,"q":17.68,"p":9993.21,"s":[{"cn":"Krionix-fin","ui":"6545048","t":5618482.0,"r":5617531.0,"q":20.15,"p":8000.0,"mot":"U","mo":5617531.0},{"cn":"Arcaim","ui":"6667970","t":3779256.0,"r":3739564.0,"q":18.27,"p":5500.0,"mot":"U","mo":3739564.0},{"cn":"Redicson Трейд","ui":"6606477","t":5558952.0,"r":5558952.0,"q":15.26,"p":16500.0,"mot":"U","mo":5558952.0},{"cn":"Психопат Инвест","ui":"6617368","t":876966.0,"r":876965.0,"q":20.15,"p":7000.0,"mot":"U","mo":876965.0},{"cn":"","ui":"","t":1712574.0,"r":1568350.0,"q":14.66,"p":6456.75,"mot":"L","mo":1568350.0}]},{"d":"10.06.2017","r":1.7390333E7,"q":17.68,"p":10002.9,"s":[{"cn":"Krionix-fin","ui":"6545048","t":5617531.0,"r":5616100.0,"q":20.15,"p":8000.0,"mot":"U","mo":5616100.0},{"cn":"Arcaim","ui":"6667970","t":3739552.0,"r":3699896.0,"q":18.27,"p":5500.0,"mot":"U","mo":3699896.0},{"cn":"Психопат Инвест","ui":"6617368","t":917574.0,"r":917573.0,"q":20.15,"p":7000.0,"mot":"U","mo":917573.0},{"cn":"Redicson Трейд","ui":"6606477","t":5560452.0,"r":5560452.0,"q":15.26,"p":16500.0,"mot":"U","mo":5560452.0},{"cn":"","ui":"","t":1746093.0,"r":1596312.0,"q":14.64,"p":6580.83,"mot":"L","mo":1596312.0}]},{"d":"11.06.2017","r":1.5812974E7,"q":17.65,"p":10505.62,"s":[{"cn":"Krionix-fin","ui":"6545048","t":5616100.0,"r":5614669.0,"q":20.15,"p":8000.0,"mot":"U","mo":5614669.0},{"cn":"Arcaim","ui":"6667970","t":3716841.0,"r":3656130.0,"q":18.27,"p":5500.0,"mot":"U","mo":3656130.0},{"cn":"Redicson Трейд","ui":"6606477","t":5561952.0,"r":5561952.0,"q":15.26,"p":16500.0,"mot":"U","mo":5561952.0},{"cn":"","ui":"","t":1129861.0,"r":980223.0,"q":14.54,"p":9514.94,"mot":"L","mo":980223.0}]},{"d":"12.06.2017","r":1.5770791E7,"q":17.64,"p":10533.66,"s":[{"cn":"Krionix-fin","ui":"6545048","t":5614669.0,"r":5613238.0,"q":20.15,"p":8000.0,"mot":"U","mo":5613238.0},{"cn":"Anry финанс","ui":"6095081","t":802616.0,"r":802514.0,"q":14.69,"p":10000.0,"mot":"U","mo":802514.0},{"cn":"Arcaim","ui":"6667970","t":3672827.0,"r":3579278.0,"q":18.27,"p":5500.0,"mot":"U","mo":3579278.0},{"cn":"Redicson Трейд","ui":"6606477","t":5563452.0,"r":5563452.0,"q":15.26,"p":16500.0,"mot":"U","mo":5563452.0},{"cn":"","ui":"","t":366509.0,"r":212309.0,"q":14.27,"p":8054.55,"mot":"L","mo":212309.0}]},{"d":"13.06.2017","r":1.5700344E7,"q":17.64,"p":10573.03,"s":[{"cn":"Krionix-fin","ui":"6545048","t":5613238.0,"r":5611807.0,"q":20.15,"p":8000.0,"mot":"U","mo":5611807.0},{"cn":"Anry финанс","ui":"6095081","t":827204.0,"r":827102.0,"q":14.63,"p":10000.0,"mot":"U","mo":827102.0},{"cn":"Arcaim","ui":"6667970","t":3579003.0,"r":3452129.0,"q":18.27,"p":5500.0,"mot":"U","mo":3452129.0},{"cn":"Redicson Трейд","ui":"6606477","t":5567452.0,"r":5567452.0,"q":15.27,"p":16500.0,"mot":"U","mo":5567452.0},{"cn":"","ui":"","t":377565.0,"r":241854.0,"q":15.1,"p":8207.78,"mot":"L","mo":241854.0}]},{"d":"14.06.2017","r":1.0066141E7,"q":18.94,"p":7374.19,"s":[{"cn":"Krionix-fin","ui":"6545048","t":5611807.0,"r":5610376.0,"q":20.15,"p":8000.0,"mot":"U","mo":5610376.0},{"cn":"Anry финанс","ui":"6095081","t":851527.0,"r":851425.0,"q":14.58,"p":10000.0,"mot":"U","mo":851425.0},{"cn":"Arcaim","ui":"6667970","t":3449406.0,"r":3314809.0,"q":18.27,"p":5500.0,"mot":"U","mo":3314809.0},{"cn":"","ui":"","t":2047189.0,"r":289531.0,"q":16.1,"p":8983.32,"mot":"L","mo":289531.0}]},{"d":"15.06.2017","r":1.5034237E7,"q":17.56,"p":10679.53,"s":[{"cn":"Krionix-fin","ui":"6545048","t":5610306.0,"r":5608805.0,"q":20.15,"p":8000.0,"mot":"U","mo":5608805.0},{"cn":"Anry финанс","ui":"6095081","t":875607.0,"r":875505.0,"q":14.52,"p":10000.0,"mot":"U","mo":875505.0},{"cn":"Arcaim","ui":"6667970","t":3201676.0,"r":2633344.0,"q":18.27,"p":5500.0,"mot":"U","mo":2633344.0},{"cn":"Redicson Трейд","ui":"6636576","t":5600952.0,"r":5600952.0,"q":15.19,"p":16000.0,"mot":"U","mo":5600952.0},{"cn":"","ui":"","t":2081433.0,"r":315631.0,"q":16.03,"p":8980.3,"mot":"L","mo":315631.0}]},{"d":"16.06.2017","r":1.4448731E7,"q":17.51,"p":10906.17,"s":[{"cn":"Krionix-fin","ui":"6545048","t":5608805.0,"r":5607304.0,"q":20.15,"p":8000.0,"mot":"U","mo":5607304.0},{"cn":"Anry финанс","ui":"6095081","t":899416.0,"r":899314.0,"q":14.47,"p":10000.0,"mot":"U","mo":899314.0},{"cn":"Arcaim","ui":"6667970","t":2594892.0,"r":1987622.0,"q":18.27,"p":5500.0,"mot":"U","mo":1987622.0},{"cn":"Redicson Трейд","ui":"6636576","t":5603452.0,"r":5603452.0,"q":15.19,"p":16000.0,"mot":"U","mo":5603452.0},{"cn":"","ui":"","t":2114582.0,"r":351039.0,"q":15.91,"p":8949.2,"mot":"L","mo":351039.0}]},{"d":"17.06.2017","r":1.4642033E7,"q":17.51,"p":10767.85,"s":[{"cn":"Krionix-fin","ui":"6545048","t":5607304.0,"r":5605803.0,"q":20.15,"p":8000.0,"mot":"U","mo":5605803.0},{"cn":"Anry финанс","ui":"6095081","t":918488.0,"r":913930.0,"q":14.41,"p":10000.0,"mot":"U","mo":913930.0},{"cn":"Redicson Трейд","ui":"6636576","t":5605952.0,"r":5605952.0,"q":15.19,"p":16000.0,"mot":"U","mo":5605952.0},{"cn":"Arcaim","ui":"6667970","t":2463516.0,"r":2330682.0,"q":18.27,"p":5500.0,"mot":"U","mo":2330682.0},{"cn":"","ui":"","t":2012446.0,"r":185666.0,"q":13.89,"p":6266.84,"mot":"L","mo":185666.0}]},{"d":"18.06.2017","r":1.4481531E7,"q":17.5,"p":10819.92,"s":[{"cn":"Krionix-fin","ui":"6545048","t":5605803.0,"r":5604302.0,"q":20.15,"p":8000.0,"mot":"U","mo":5604302.0},{"cn":"Anry финанс","ui":"6095081","t":937081.0,"r":932323.0,"q":14.35,"p":10000.0,"mot":"U","mo":932323.0},{"cn":"Arcaim","ui":"6667970","t":2345342.0,"r":2223064.0,"q":18.27,"p":5500.0,"mot":"U","mo":2223064.0},{"cn":"Redicson Трейд","ui":"6636576","t":5608283.0,"r":5608115.0,"q":15.19,"p":16000.0,"mot":"U","mo":5608115.0},{"cn":"","ui":"","t":335253.0,"r":113727.0,"q":11.52,"p":5052.6,"mot":"L","mo":113727.0}]},{"d":"19.06.2017","r":1.4581046E7,"q":17.5,"p":10782.64,"s":[{"cn":"Krionix-fin","ui":"6545048","t":5603496.0,"r":5601189.0,"q":20.15,"p":8000.0,"mot":"U","mo":5601189.0},{"cn":"Anry финанс","ui":"6095081","t":956071.0,"r":951963.0,"q":14.3,"p":10000.0,"mot":"U","mo":951963.0},{"cn":"Arcaim","ui":"6667970","t":2225192.0,"r":2111603.0,"q":18.27,"p":5000.0,"mot":"U","mo":2111603.0},{"cn":"Redicson Трейд","ui":"6636576","t":5610624.0,"r":5610466.0,"q":15.19,"p":16000.0,"mot":"U","mo":5610466.0},{"cn":"","ui":"","t":517566.0,"r":305825.0,"q":16.1,"p":8395.74,"mot":"L","mo":305825.0}]},{"d":"20.06.2017","r":1.9582417E7,"q":17.64,"p":9136.45,"s":[{"cn":"Krionix-fin","ui":"6545048","t":5601194.0,"r":5598892.0,"q":20.15,"p":8000.0,"mot":"U","mo":5598892.0},{"cn":"Arcaim","ui":"6667970","t":7131627.0,"r":7038062.0,"q":18.14,"p":4500.0,"mot":"U","mo":7038062.0},{"cn":"Redicson Трейд","ui":"6636576","t":5622465.0,"r":5622462.0,"q":15.19,"p":16000.0,"mot":"U","mo":5622462.0},{"cn":"","ui":"","t":1514058.0,"r":1323001.0,"q":14.75,"p":9442.11,"mot":"L","mo":1323001.0}]},{"d":"21.06.2017","r":3.1924094E7,"q":20.71,"p":7434.43,"s":[{"cn":"Krionix-fin","ui":"6545048","t":5598867.0,"r":5596540.0,"q":20.15,"p":8000.0,"mot":"U","mo":5596540.0},{"cn":"Arcaim","ui":"6667970","t":7032695.0,"r":6892212.0,"q":18.14,"p":4000.0,"mot":"U","mo":6892212.0},{"cn":"Masal Финанс","ui":"6449781","t":1.2511278E7,"r":1.2487435E7,"q":25.53,"p":5000.0,"mot":"U","mo":1.2487435E7},{"cn":"Redicson Трейд","ui":"6636576","t":5623461.0,"r":5623457.0,"q":15.18,"p":16000.0,"mot":"U","mo":5623457.0},{"cn":"","ui":"","t":1518054.0,"r":1324450.0,"q":14.58,"p":9501.06,"mot":"L","mo":1324450.0}]},{"d":"22.06.2017","r":3.3438808E7,"q":20.77,"p":7386.41,"s":[{"cn":"Krionix-fin","ui":"6545048","t":5596565.0,"r":5594263.0,"q":20.15,"p":8000.0,"mot":"U","mo":5594263.0},{"cn":"Masal Финанс","ui":"6449781","t":1.312452E7,"r":1.3096392E7,"q":25.52,"p":5000.0,"mot":"U","mo":1.3096392E7},{"cn":"Redicson Трейд","ui":"6636576","t":5628201.0,"r":5627942.0,"q":15.18,"p":16000.0,"mot":"U","mo":5627942.0},{"cn":"Arcaim","ui":"6667970","t":6891810.0,"r":6813214.0,"q":18.14,"p":4000.0,"mot":"U","mo":6813214.0},{"cn":"","ui":"","t":2506368.0,"r":2306997.0,"q":16.78,"p":8433.75,"mot":"L","mo":2306997.0}]},{"d":"23.06.2017","r":3.2976064E7,"q":20.85,"p":7377.05,"s":[{"cn":"Krionix-fin","ui":"6545048","t":5593763.0,"r":5590961.0,"q":20.15,"p":8000.0,"mot":"U","mo":5590961.0},{"cn":"Masal Финанс","ui":"6449781","t":1.3693544E7,"r":1.3559769E7,"q":25.51,"p":5000.0,"mot":"U","mo":1.3559769E7},{"cn":"Redicson Трейд","ui":"6636576","t":5629199.0,"r":5629197.0,"q":15.18,"p":16000.0,"mot":"U","mo":5629197.0},{"cn":"Arcaim","ui":"6667970","t":6813103.0,"r":6728296.0,"q":18.14,"p":4000.0,"mot":"U","mo":6728296.0},{"cn":"","ui":"","t":3310642.0,"r":1467841.0,"q":14.74,"p":9373.68,"mot":"L","mo":1467841.0}]},{"d":"24.06.2017","r":3.3404591E7,"q":20.89,"p":7348.81,"s":[{"cn":"Krionix-fin","ui":"6545048","t":5590961.0,"r":5588159.0,"q":20.15,"p":8000.0,"mot":"U","mo":5588159.0},{"cn":"Masal Финанс","ui":"6449781","t":1.4169846E7,"r":1.3986635E7,"q":25.49,"p":5000.0,"mot":"U","mo":1.3986635E7},{"cn":"Redicson Трейд","ui":"6636576","t":5629973.0,"r":5629747.0,"q":15.18,"p":16000.0,"mot":"U","mo":5629747.0},{"cn":"Arcaim","ui":"6667970","t":6728762.0,"r":6644416.0,"q":18.14,"p":4000.0,"mot":"U","mo":6644416.0},{"cn":"","ui":"","t":3405325.0,"r":1555634.0,"q":14.68,"p":9122.9,"mot":"L","mo":1555634.0}]},{"d":"25.06.2017","r":3.3713825E7,"q":20.98,"p":7336.52,"s":[{"cn":"Krionix-fin","ui":"6545048","t":5588159.0,"r":5585357.0,"q":20.15,"p":8000.0,"mot":"U","mo":5585357.0},{"cn":"Masal Финанс","ui":"6449781","t":1.4666593E7,"r":1.452197E7,"q":25.48,"p":5000.0,"mot":"U","mo":1.452197E7},{"cn":"Redicson Трейд","ui":"6636576","t":5630745.0,"r":5630518.0,"q":15.18,"p":16000.0,"mot":"U","mo":5630518.0},{"cn":"Arcaim","ui":"6667970","t":6542520.0,"r":6356278.0,"q":18.14,"p":4000.0,"mot":"U","mo":6356278.0},{"cn":"","ui":"","t":3444087.0,"r":1619702.0,"q":14.73,"p":8974.54,"mot":"L","mo":1619702.0}]},{"d":"26.06.2017","r":3.3480785E7,"q":20.98,"p":7363.71,"s":[{"cn":"Krionix-fin","ui":"6545048","t":5585357.0,"r":5582555.0,"q":20.15,"p":8000.0,"mot":"U","mo":5582555.0},{"cn":"Masal Финанс","ui":"6449781","t":1.4816115E7,"r":1.4477739E7,"q":25.47,"p":5000.0,"mot":"U","mo":1.4477739E7},{"cn":"Redicson Трейд","ui":"6636576","t":5631391.0,"r":5631037.0,"q":15.17,"p":16000.0,"mot":"U","mo":5631037.0},{"cn":"Arcaim","ui":"6667970","t":6175232.0,"r":6096692.0,"q":18.14,"p":4000.0,"mot":"U","mo":6096692.0},{"cn":"","ui":"","t":3523298.0,"r":1692762.0,"q":14.81,"p":8867.29,"mot":"L","mo":1692762.0}]},{"d":"27.06.2017","r":3.3920395E7,"q":21.02,"p":7338.87,"s":[{"cn":"Krionix-fin","ui":"6545048","t":5582555.0,"r":5579753.0,"q":20.15,"p":8000.0,"mot":"U","mo":5579753.0},{"cn":"Masal Финанс","ui":"6449781","t":1.5082101E7,"r":1.4906614E7,"q":25.46,"p":5000.0,"mot":"U","mo":1.4906614E7},{"cn":"Redicson Трейд","ui":"6636576","t":5632112.0,"r":5631833.0,"q":15.17,"p":16000.0,"mot":"U","mo":5631833.0},{"cn":"Arcaim","ui":"6667970","t":6096692.0,"r":6017414.0,"q":18.14,"p":4000.0,"mot":"U","mo":6017414.0},{"cn":"","ui":"","t":3694674.0,"r":1784781.0,"q":14.82,"p":8733.45,"mot":"L","mo":1784781.0}]},{"d":"28.06.2017","r":3.4290862E7,"q":21.07,"p":7312.33,"s":[{"cn":"Krionix-fin","ui":"6545048","t":5579753.0,"r":5576951.0,"q":20.15,"p":8000.0,"mot":"U","mo":5576951.0},{"cn":"Masal Финанс","ui":"6449781","t":1.5531087E7,"r":1.5338987E7,"q":25.45,"p":5000.0,"mot":"U","mo":1.5338987E7},{"cn":"Redicson Трейд","ui":"6636576","t":5632749.0,"r":5632386.0,"q":15.17,"p":16000.0,"mot":"U","mo":5632386.0},{"cn":"Arcaim","ui":"6667970","t":6014622.0,"r":5930338.0,"q":18.14,"p":4000.0,"mot":"U","mo":5930338.0},{"cn":"","ui":"","t":2045019.0,"r":1812200.0,"q":14.72,"p":8606.18,"mot":"L","mo":1812200.0}]},{"d":"29.06.2017","r":3.4498719E7,"q":21.15,"p":7266.75,"s":[{"cn":"Krionix-fin","ui":"6545048","t":5576951.0,"r":5574149.0,"q":20.15,"p":8000.0,"mot":"U","mo":5574149.0},{"cn":"Arcaim","ui":"6667970","t":5922765.0,"r":5824266.0,"q":18.14,"p":4000.0,"mot":"U","mo":5824266.0},{"cn":"Masal Финанс","ui":"6449781","t":1.6002887E7,"r":1.5831311E7,"q":25.44,"p":5000.0,"mot":"U","mo":1.5831311E7},{"cn":"Redicson Трейд","ui":"6636576","t":5644749.0,"r":5644749.0,"q":15.18,"p":16000.0,"mot":"U","mo":5644749.0},{"cn":"","ui":"","t":1854005.0,"r":1624244.0,"q":14.36,"p":8207.34,"mot":"L","mo":1624244.0}]},{"d":"01.07.2017","r":3.4733335E7,"q":21.18,"p":7266.39,"s":[{"cn":"Krionix-fin","ui":"6545048","t":5570397.0,"r":5566645.0,"q":20.15,"p":8000.0,"mot":"U","mo":5566645.0},{"cn":"Masal Финанс","ui":"6449781","t":1.6645655E7,"r":1.612608E7,"q":25.43,"p":5000.0,"mot":"U","mo":1.612608E7},{"cn":"Redicson Трейд","ui":"6636576","t":5668749.0,"r":5668749.0,"q":15.19,"p":16000.0,"mot":"U","mo":5668749.0},{"cn":"Arcaim","ui":"6667970","t":5706103.0,"r":5617524.0,"q":18.14,"p":4000.0,"mot":"U","mo":5617524.0},{"cn":"","ui":"","t":2050790.0,"r":1754337.0,"q":14.41,"p":8010.05,"mot":"L","mo":1754337.0}]},{"d":"02.07.2017","r":3.5019189E7,"q":21.21,"p":7255.5,"s":[{"cn":"Krionix-fin","ui":"6545048","t":5566645.0,"r":5562893.0,"q":20.15,"p":8000.0,"mot":"U","mo":5562893.0},{"cn":"Masal Финанс","ui":"6449781","t":1.676745E7,"r":1.6442458E7,"q":25.42,"p":5000.0,"mot":"U","mo":1.6442458E7},{"cn":"Redicson Трейд","ui":"6636576","t":5680749.0,"r":5680749.0,"q":15.19,"p":16000.0,"mot":"U","mo":5680749.0},{"cn":"Arcaim","ui":"6667970","t":5617524.0,"r":5528945.0,"q":18.14,"p":4000.0,"mot":"U","mo":5528945.0},{"cn":"","ui":"","t":2073039.0,"r":1804144.0,"q":14.39,"p":7958.69,"mot":"L","mo":1804144.0}]},{"d":"03.07.2017","r":3.5153271E7,"q":21.28,"p":7262.64,"s":[{"cn":"Krionix-fin","ui":"6545048","t":5562893.0,"r":5559141.0,"q":20.15,"p":8000.0,"mot":"U","mo":5559141.0},{"cn":"Masal Финанс","ui":"6449781","t":1.7172705E7,"r":1.6909159E7,"q":25.41,"p":5000.0,"mot":"U","mo":1.6909159E7},{"cn":"Redicson Трейд","ui":"6636576","t":5692749.0,"r":5692749.0,"q":15.2,"p":16000.0,"mot":"U","mo":5692749.0},{"cn":"Arcaim","ui":"6667970","t":5446762.0,"r":5117816.0,"q":18.14,"p":4000.0,"mot":"U","mo":5117816.0},{"cn":"","ui":"","t":2150412.0,"r":1874406.0,"q":14.38,"p":7859.18,"mot":"L","mo":1874406.0}]},{"d":"04.07.2017","r":3.5979088E7,"q":21.26,"p":7247.71,"s":[{"cn":"Krionix-fin","ui":"6545048","t":5559141.0,"r":5555389.0,"q":20.15,"p":8000.0,"mot":"U","mo":5555389.0},{"cn":"Masal Финанс","ui":"6449781","t":1.7530601E7,"r":1.724741E7,"q":25.41,"p":5000.0,"mot":"U","mo":1.724741E7},{"cn":"Redicson Трейд","ui":"6636576","t":5704749.0,"r":5704749.0,"q":15.2,"p":16000.0,"mot":"U","mo":5704749.0},{"cn":"Arcaim","ui":"6667970","t":5349973.0,"r":5253185.0,"q":18.14,"p":4000.0,"mot":"U","mo":5253185.0},{"cn":"","ui":"","t":2487325.0,"r":2218355.0,"q":14.73,"p":8022.62,"mot":"L","mo":2218355.0}]},{"d":"05.07.2017","r":3.6289832E7,"q":21.27,"p":7225.61,"s":[{"cn":"Krionix-fin","ui":"6545048","t":5555389.0,"r":5551637.0,"q":20.15,"p":8000.0,"mot":"U","mo":5551637.0},{"cn":"Masal Финанс","ui":"6449781","t":1.7854528E7,"r":1.7515156E7,"q":25.4,"p":5000.0,"mot":"U","mo":1.7515156E7},{"cn":"Redicson Трейд","ui":"6636576","t":5722749.0,"r":5722749.0,"q":15.21,"p":16000.0,"mot":"U","mo":5722749.0},{"cn":"Arcaim","ui":"6667970","t":5262279.0,"r":5174584.0,"q":18.14,"p":4000.0,"mot":"U","mo":5174584.0},{"cn":"","ui":"","t":2584003.0,"r":2325706.0,"q":14.79,"p":7724.58,"mot":"L","mo":2325706.0}]},{"d":"06.07.2017","r":3.652059E7,"q":21.35,"p":7224.23,"s":[{"cn":"Krionix-fin","ui":"6545048","t":5551637.0,"r":5547885.0,"q":20.15,"p":8000.0,"mot":"U","mo":5547885.0},{"cn":"Masal Финанс","ui":"6449781","t":1.8199676E7,"r":1.7901002E7,"q":25.42,"p":5000.0,"mot":"U","mo":1.7901002E7},{"cn":"Redicson Трейд","ui":"6636576","t":5734749.0,"r":5734749.0,"q":15.22,"p":16000.0,"mot":"U","mo":5734749.0},{"cn":"Arcaim","ui":"6667970","t":5172122.0,"r":5081965.0,"q":18.14,"p":4000.0,"mot":"U","mo":5081965.0},{"cn":"","ui":"","t":2542851.0,"r":2254989.0,"q":14.76,"p":7920.74,"mot":"L","mo":2254989.0}]},{"d":"07.07.2017","r":3.6754677E7,"q":21.4,"p":7218.71,"s":[{"cn":"Krionix-fin","ui":"6545048","t":5547770.0,"r":5543903.0,"q":20.15,"p":8000.0,"mot":"U","mo":5543903.0},{"cn":"Masal Финанс","ui":"6449781","t":1.8521525E7,"r":1.8219942E7,"q":25.44,"p":5000.0,"mot":"U","mo":1.8219942E7},{"cn":"Redicson Трейд","ui":"6636576","t":5746749.0,"r":5746749.0,"q":15.22,"p":16000.0,"mot":"U","mo":5746749.0},{"cn":"Arcaim","ui":"6667970","t":5067216.0,"r":4977059.0,"q":18.14,"p":4000.0,"mot":"U","mo":4977059.0},{"cn":"","ui":"","t":2542437.0,"r":2267024.0,"q":14.81,"p":7946.21,"mot":"L","mo":2267024.0}]},{"d":"08.07.2017","r":3.6636033E7,"q":21.48,"p":7245.08,"s":[{"cn":"Krionix-fin","ui":"6545048","t":5543903.0,"r":5540036.0,"q":20.15,"p":8000.0,"mot":"U","mo":5540036.0},{"cn":"Arcaim","ui":"6667970","t":4970059.0,"r":4849000.0,"q":18.14,"p":4000.0,"mot":"U","mo":4849000.0},{"cn":"Masal Финанс","ui":"6449781","t":1.8820358E7,"r":1.8454172E7,"q":25.46,"p":5000.0,"mot":"U","mo":1.8454172E7},{"cn":"Redicson Трейд","ui":"6636576","t":5758749.0,"r":5758749.0,"q":15.23,"p":16000.0,"mot":"U","mo":5758749.0},{"cn":"","ui":"","t":2393940.0,"r":2034076.0,"q":14.63,"p":8507.05,"mot":"L","mo":2034076.0}]},{"d":"09.07.2017","r":3.6685778E7,"q":21.54,"p":7255.79,"s":[{"cn":"Krionix-fin","ui":"6545048","t":5540036.0,"r":5536169.0,"q":20.15,"p":8000.0,"mot":"U","mo":5536169.0},{"cn":"Arcaim","ui":"6667970","t":4849000.0,"r":4727941.0,"q":18.14,"p":4000.0,"mot":"U","mo":4727941.0},{"cn":"Masal Финанс","ui":"6449781","t":1.9095541E7,"r":1.8724972E7,"q":25.47,"p":5000.0,"mot":"U","mo":1.8724972E7},{"cn":"Redicson Трейд","ui":"6636576","t":5770749.0,"r":5770749.0,"q":15.23,"p":16000.0,"mot":"U","mo":5770749.0},{"cn":"","ui":"","t":2282664.0,"r":1925947.0,"q":14.54,"p":8840.56,"mot":"L","mo":1925947.0}]},{"d":"10.07.2017","r":3.6050716E7,"q":21.54,"p":7307.12,"s":[{"cn":"Krionix-fin","ui":"6545048","t":5536169.0,"r":5532302.0,"q":20.15,"p":8000.0,"mot":"U","mo":5532302.0},{"cn":"Arcaim","ui":"6667970","t":4751114.0,"r":4653228.0,"q":18.14,"p":4000.0,"mot":"U","mo":4653228.0},{"cn":"Masal Финанс","ui":"6449781","t":1.9034246E7,"r":1.8331581E7,"q":25.49,"p":5000.0,"mot":"U","mo":1.8331581E7},{"cn":"Redicson Трейд","ui":"6636576","t":5771749.0,"r":5771749.0,"q":15.23,"p":16000.0,"mot":"U","mo":5771749.0},{"cn":"","ui":"","t":2007278.0,"r":1761856.0,"q":14.37,"p":9393.29,"mot":"L","mo":1761856.0}]},{"d":"11.07.2017","r":3.5689013E7,"q":21.5,"p":7336.23,"s":[{"cn":"Krionix-fin","ui":"6545048","t":5531252.0,"r":5526335.0,"q":20.15,"p":8000.0,"mot":"U","mo":5526335.0},{"cn":"Masal Финанс","ui":"6449781","t":1.8838198E7,"r":1.8017677E7,"q":25.51,"p":5000.0,"mot":"U","mo":1.8017677E7},{"cn":"Redicson Трейд","ui":"6636576","t":5783749.0,"r":5783749.0,"q":15.23,"p":16000.0,"mot":"U","mo":5783749.0},{"cn":"Arcaim","ui":"6667970","t":4633148.0,"r":4515183.0,"q":18.14,"p":4000.0,"mot":"U","mo":4515183.0},{"cn":"","ui":"","t":2129512.0,"r":1846069.0,"q":14.3,"p":9167.02,"mot":"L","mo":1846069.0}]},{"d":"12.07.2017","r":3.5755492E7,"q":21.51,"p":7335.71,"s":[{"cn":"Krionix-fin","ui":"6545048","t":5526335.0,"r":5521418.0,"q":20.15,"p":8000.0,"mot":"U","mo":5521418.0},{"cn":"Masal Финанс","ui":"6449781","t":1.8764704E7,"r":1.8181715E7,"q":25.52,"p":5000.0,"mot":"U","mo":1.8181715E7},{"cn":"Redicson Трейд","ui":"6636576","t":5784749.0,"r":5784749.0,"q":15.23,"p":16000.0,"mot":"U","mo":5784749.0},{"cn":"Arcaim","ui":"6667970","t":4535992.0,"r":4399843.0,"q":18.14,"p":4000.0,"mot":"U","mo":4399843.0},{"cn":"","ui":"","t":2116656.0,"r":1867767.0,"q":13.97,"p":9132.17,"mot":"L","mo":1867767.0}]},{"d":"13.07.2017","r":4.0433982E7,"q":21.08,"p":6833.18,"s":[{"cn":"Krionix-fin","ui":"6545048","t":5521418.0,"r":5516501.0,"q":20.15,"p":8000.0,"mot":"U","mo":5516501.0},{"cn":"Masal Финанс","ui":"6449781","t":1.8822961E7,"r":1.7934682E7,"q":25.54,"p":5000.0,"mot":"U","mo":1.7934682E7},{"cn":"Redicson Трейд","ui":"6636576","t":5796749.0,"r":5796749.0,"q":15.24,"p":16000.0,"mot":"U","mo":5796749.0},{"cn":"Arcaim","ui":"6667970","t":9401765.0,"r":9267538.0,"q":18.15,"p":3500.0,"mot":"U","mo":9267538.0},{"cn":"","ui":"","t":2197536.0,"r":1918512.0,"q":13.8,"p":9018.97,"mot":"L","mo":1918512.0}]},{"d":"14.07.2017","r":3.9925568E7,"q":21.04,"p":6862.59,"s":[{"cn":"Krionix-fin","ui":"6545048","t":5516501.0,"r":5511584.0,"q":20.15,"p":8000.0,"mot":"U","mo":5511584.0},{"cn":"Masal Финанс","ui":"6449781","t":1.8509618E7,"r":1.7559694E7,"q":25.55,"p":5000.0,"mot":"U","mo":1.7559694E7},{"cn":"Redicson Трейд","ui":"6636576","t":5797749.0,"r":5797749.0,"q":15.24,"p":16000.0,"mot":"U","mo":5797749.0},{"cn":"Arcaim","ui":"6667970","t":9239464.0,"r":9077163.0,"q":18.15,"p":3500.0,"mot":"U","mo":9077163.0},{"cn":"","ui":"","t":2272900.0,"r":1979378.0,"q":13.65,"p":8875.34,"mot":"L","mo":1979378.0}]},{"d":"15.07.2017","r":4.0012394E7,"q":21.11,"p":6869.97,"s":[{"cn":"Krionix-fin","ui":"6545048","t":5511584.0,"r":5506667.0,"q":20.15,"p":8000.0,"mot":"U","mo":5506667.0},{"cn":"Arcaim","ui":"6667970","t":9091976.0,"r":8944088.0,"q":18.15,"p":3500.0,"mot":"U","mo":8944088.0},{"cn":"Masal Финанс","ui":"6449781","t":1.8483614E7,"r":1.7836253E7,"q":25.57,"p":5000.0,"mot":"U","mo":1.7836253E7},{"cn":"Redicson Трейд","ui":"6636576","t":5798749.0,"r":5798749.0,"q":15.23,"p":16000.0,"mot":"U","mo":5798749.0},{"cn":"","ui":"","t":2183875.0,"r":1926637.0,"q":14.04,"p":9116.9,"mot":"L","mo":1926637.0}]},{"d":"16.07.2017","r":3.9809208E7,"q":21.12,"p":6889.75,"s":[{"cn":"Krionix-fin","ui":"6545048","t":5506667.0,"r":5501750.0,"q":20.15,"p":8000.0,"mot":"U","mo":5501750.0},{"cn":"Arcaim","ui":"6667970","t":8914424.0,"r":8736872.0,"q":18.15,"p":3500.0,"mot":"U","mo":8736872.0},{"cn":"Masal Финанс","ui":"6449781","t":1.8480077E7,"r":1.783517E7,"q":25.58,"p":5000.0,"mot":"U","mo":1.783517E7},{"cn":"Redicson Трейд","ui":"6636576","t":5798751.0,"r":5798751.0,"q":15.23,"p":16000.0,"mot":"U","mo":5798751.0},{"cn":"","ui":"","t":2157944.0,"r":1936665.0,"q":13.92,"p":9153.09,"mot":"L","mo":1936665.0}]},{"d":"17.07.2017","r":3.885722E7,"q":21.03,"p":6942.36,"s":[{"cn":"Krionix-fin","ui":"6545048","t":5501750.0,"r":5496833.0,"q":20.15,"p":8000.0,"mot":"U","mo":5496833.0},{"cn":"Arcaim","ui":"6667970","t":8770821.0,"r":8627218.0,"q":18.15,"p":3500.0,"mot":"U","mo":8627218.0},{"cn":"Masal Финанс","ui":"6449781","t":1.7573445E7,"r":1.6962254E7,"q":25.59,"p":5000.0,"mot":"U","mo":1.6962254E7},{"cn":"Redicson Трейд","ui":"6636576","t":5799751.0,"r":5799751.0,"q":15.23,"p":16000.0,"mot":"U","mo":5799751.0},{"cn":"","ui":"","t":2184199.0,"r":1971164.0,"q":13.91,"p":9123.33,"mot":"L","mo":1971164.0}]},{"d":"18.07.2017","r":3.8135937E7,"q":21.05,"p":7002.01,"s":[{"cn":"Krionix-fin","ui":"6545048","t":5496948.0,"r":5492146.0,"q":20.15,"p":8000.0,"mot":"U","mo":5492146.0},{"cn":"Arcaim","ui":"6667970","t":8578012.0,"r":8185203.0,"q":18.15,"p":3500.0,"mot":"U","mo":8185203.0},{"cn":"Masal Финанс","ui":"6449781","t":1.7452439E7,"r":1.6690062E7,"q":25.61,"p":5000.0,"mot":"U","mo":1.6690062E7},{"cn":"Redicson Трейд","ui":"6636576","t":5800751.0,"r":5800751.0,"q":15.23,"p":16000.0,"mot":"U","mo":5800751.0},{"cn":"","ui":"","t":2197730.0,"r":1967775.0,"q":14.12,"p":9239.17,"mot":"L","mo":1967775.0}]},{"d":"19.07.2017","r":3.8779031E7,"q":21.02,"p":7029.62,"s":[{"cn":"Krionix-fin","ui":"6545048","t":5492146.0,"r":5487344.0,"q":20.15,"p":8000.0,"mot":"U","mo":5487344.0},{"cn":"Masal Финанс","ui":"6449781","t":1.7298515E7,"r":1.6503072E7,"q":25.62,"p":5000.0,"mot":"U","mo":1.6503072E7},{"cn":"Redicson Трейд","ui":"6636576","t":5801751.0,"r":5801751.0,"q":15.23,"p":16000.0,"mot":"U","mo":5801751.0},{"cn":"Arcaim","ui":"6667970","t":8165647.0,"r":7966325.0,"q":18.15,"p":3500.0,"mot":"U","mo":7966325.0},{"cn":"","ui":"","t":3261002.0,"r":3020539.0,"q":16.1,"p":8434.8,"mot":"L","mo":3020539.0}]},{"d":"21.07.2017","r":3.8197733E7,"q":21.11,"p":7107.82,"s":[{"cn":"Krionix-fin","ui":"6545048","t":5481537.0,"r":5476735.0,"q":20.15,"p":8000.0,"mot":"U","mo":5476735.0},{"cn":"Masal Финанс","ui":"6449781","t":1.7306428E7,"r":1.6773103E7,"q":25.65,"p":5000.0,"mot":"U","mo":1.6773103E7},{"cn":"Redicson Трейд","ui":"6636576","t":5814751.0,"r":5814751.0,"q":15.23,"p":16000.0,"mot":"U","mo":5814751.0},{"cn":"Arcaim","ui":"6667970","t":7612962.0,"r":7064253.0,"q":18.15,"p":3500.0,"mot":"U","mo":7064253.0},{"cn":"","ui":"","t":3260988.0,"r":3068891.0,"q":16.02,"p":8492.43,"mot":"L","mo":3068891.0}]},{"d":"22.07.2017","r":3.7765666E7,"q":21.17,"p":7159.2,"s":[{"cn":"Krionix-fin","ui":"6545048","t":5476735.0,"r":5471933.0,"q":20.15,"p":8000.0,"mot":"U","mo":5471933.0},{"cn":"Masal Финанс","ui":"6449781","t":1.7415686E7,"r":1.6894009E7,"q":25.66,"p":5000.0,"mot":"U","mo":1.6894009E7},{"cn":"Redicson Трейд","ui":"6636576","t":5815751.0,"r":5815751.0,"q":15.22,"p":16000.0,"mot":"U","mo":5815751.0},{"cn":"Arcaim","ui":"6667970","t":7014040.0,"r":6471586.0,"q":18.15,"p":3500.0,"mot":"U","mo":6471586.0},{"cn":"","ui":"","t":3314277.0,"r":3112387.0,"q":16.02,"p":8489.95,"mot":"L","mo":3112387.0}]},{"d":"23.07.2017","r":3.755294E7,"q":21.21,"p":7189.37,"s":[{"cn":"Krionix-fin","ui":"6545048","t":5471872.0,"r":5467009.0,"q":20.15,"p":8000.0,"mot":"U","mo":5467009.0},{"cn":"Masal Финанс","ui":"6449781","t":1.7514206E7,"r":1.6992756E7,"q":25.67,"p":5000.0,"mot":"U","mo":1.6992756E7},{"cn":"Redicson Трейд","ui":"6636576","t":5816751.0,"r":5816751.0,"q":15.22,"p":16000.0,"mot":"U","mo":5816751.0},{"cn":"Arcaim","ui":"6667970","t":6595534.0,"r":6134432.0,"q":18.15,"p":3500.0,"mot":"U","mo":6134432.0},{"cn":"","ui":"","t":3321193.0,"r":3141992.0,"q":16.03,"p":8511.65,"mot":"L","mo":3141992.0}]},{"d":"24.07.2017","r":3.6405326E7,"q":21.16,"p":7275.11,"s":[{"cn":"Krionix-fin","ui":"6545048","t":5467070.0,"r":5462268.0,"q":20.15,"p":8000.0,"mot":"U","mo":5462268.0},{"cn":"Masal Финанс","ui":"6449781","t":1.6708618E7,"r":1.6204544E7,"q":25.69,"p":5000.0,"mot":"U","mo":1.6204544E7},{"cn":"Redicson Трейд","ui":"6636576","t":5817751.0,"r":5817751.0,"q":15.22,"p":16000.0,"mot":"U","mo":5817751.0},{"cn":"Arcaim","ui":"6667970","t":6109048.0,"r":5688211.0,"q":18.15,"p":3500.0,"mot":"U","mo":5688211.0},{"cn":"","ui":"","t":5009854.0,"r":3232552.0,"q":16.11,"p":8395.6,"mot":"L","mo":3232552.0}]},{"d":"25.07.2017","r":4.6701628E7,"q":20.45,"p":6181.06,"s":[{"cn":"Krionix-fin","ui":"6545048","t":5462268.0,"r":5457466.0,"q":20.15,"p":8000.0,"mot":"U","mo":5457466.0},{"cn":"Arcaim","ui":"6667970","t":1.7678972E7,"r":1.7304824E7,"q":18.28,"p":3000.0,"mot":"U","mo":1.7304824E7},{"cn":"Masal Финанс","ui":"6449781","t":1.6647912E7,"r":1.5954114E7,"q":25.7,"p":5000.0,"mot":"U","mo":1.5954114E7},{"cn":"Redicson Трейд","ui":"6636576","t":5818751.0,"r":5818751.0,"q":15.22,"p":16000.0,"mot":"U","mo":5818751.0},{"cn":"","ui":"","t":3918099.0,"r":2166473.0,"q":13.89,"p":9333.57,"mot":"L","mo":2166473.0}]},{"d":"26.07.2017","r":5.7752796E7,"q":19.98,"p":5617.6,"s":[{"cn":"Krionix-fin","ui":"6545048","t":5457466.0,"r":5452664.0,"q":20.15,"p":8000.0,"mot":"U","mo":5452664.0},{"cn":"Masal Финанс","ui":"6449781","t":1.6422844E7,"r":1.5135951E7,"q":25.71,"p":5000.0,"mot":"U","mo":1.5135951E7},{"cn":"Redicson Трейд","ui":"6636576","t":5830751.0,"r":5830751.0,"q":15.22,"p":16000.0,"mot":"U","mo":5830751.0},{"cn":"Arcaim","ui":"6667970","t":2.9101286E7,"r":2.8149538E7,"q":18.33,"p":3000.0,"mot":"U","mo":2.8149538E7},{"cn":"","ui":"","t":4920362.0,"r":3183892.0,"q":15.78,"p":8602.85,"mot":"L","mo":3183892.0}]}]