[{"pi":"401966","pc":"Бакалея","ss":100,"td":"Спальный район","dc":1,"n":49.75,"vc":"более 100","sl":"Низкий","sv":"около 50","p":8.59,"q":1.05,"b":0.0,"wi":58.62,"ei":7.19,"as":127.93,"mi":"E","mv":1571663,"sc":1,"lpe":100.0,"lpr":8.13,"lq":1.0},{"pi":"401966","pc":"Бакалея","ss":100,"td":"Спальный район","dc":1,"n":49.75,"vc":"более 100","sl":"Низкий","sv":"около 50","p":8.59,"q":1.05,"b":0.0,"wi":58.62,"ei":7.19,"as":127.93,"mi":"E","mv":1571663,"sc":1,"lpe":100.0,"lpr":8.13,"lq":1.0},{"pi":"401966","pc":"Бакалея","ss":100,"td":"Спальный район","dc":1,"n":49.75,"vc":"более 100","sl":"Низкий","sv":"около 50","p":8.59,"q":1.05,"b":0.0,"wi":58.62,"ei":7.19,"as":127.93,"mi":"E","mv":1571663,"sc":1,"lpe":100.0,"lpr":8.13,"lq":1.0}]