[{"d":"14.07.2016","r":570.0,"q":1.0,"p":65.0,"s":[{"ui":"7673553","t":1060.0,"r":570.0,"q":1.0,"p":65.0,"mot":"U","mo":570.0},{"cn":"","ui":"","t":0.0,"r":0.0,"q":0.0,"p":0.0,"mot":"L","mo":0.0}]},{"d":"15.07.2016","r":3735.0,"q":1.0,"p":6.07,"s":[{"ui":"7678114","t":3735.0,"r":3635.0,"q":1.0,"p":5.0,"mot":"U","mo":3635.0},{"cn":"","ui":"","t":525.0,"r":100.0,"q":1.0,"p":45.0,"mot":"L","mo":100.0}]},{"d":"16.07.2016","r":11330.0,"q":1.22,"p":18.88,"s":[{"ui":"7677714","t":9669.0,"r":8969.0,"q":1.42,"p":25.0,"mot":"L","mo":6000.0},{"ui":"7678123","t":5330.0,"r":5330.0,"q":1.0,"p":12.0,"mot":"U","mo":5330.0},{"cn":"","ui":"","t":0.0,"r":0.0,"q":0.0,"p":0.0,"mot":"L","mo":0.0}]},{"d":"26.07.2016","r":84738.0,"q":1.0,"p":15.82,"s":[{"ui":"7699519","t":82442.0,"r":82442.0,"q":1.0,"p":15.0,"mot":"U","mo":82442.0},{"cn":"","ui":"","t":2296.0,"r":2296.0,"q":1.0,"p":45.1,"mot":"L","mo":2296.0}]},{"d":"27.07.2016","r":30442.0,"q":1.0,"p":15.0,"s":[{"ui":"7699519","t":40442.0,"r":30442.0,"q":1.0,"p":15.0,"mot":"U","mo":30442.0},{"cn":"","ui":"","t":0.0,"r":0.0,"q":0.0,"p":0.0,"mot":"L","mo":0.0}]},{"d":"01.08.2016","r":2320.0,"q":1.83,"p":7.0,"s":[{"ui":"7715912","t":5205.0,"r":2320.0,"q":1.83,"p":7.0,"mot":"U","mo":2320.0},{"cn":"","ui":"","t":0.0,"r":0.0,"q":0.0,"p":0.0,"mot":"L","mo":0.0}]},{"d":"02.08.2016","r":17277.0,"q":2.2,"p":7.0,"s":[{"ui":"7715912","t":20162.0,"r":17277.0,"q":2.2,"p":7.0,"mot":"U","mo":17277.0},{"cn":"","ui":"","t":0.0,"r":0.0,"q":0.0,"p":0.0,"mot":"L","mo":0.0}]},{"d":"03.08.2016","r":20162.0,"q":2.2,"p":7.0,"s":[{"ui":"7715912","t":20162.0,"r":20162.0,"q":2.2,"p":7.0,"mot":"U","mo":20162.0},{"cn":"","ui":"","t":0.0,"r":0.0,"q":0.0,"p":0.0,"mot":"L","mo":0.0}]},{"d":"07.08.2016","r":935.0,"q":1.0,"p":65.0,"s":[{"ui":"7728442","t":5935.0,"r":935.0,"q":1.0,"p":65.0,"mot":"U","mo":935.0},{"cn":"","ui":"","t":0.0,"r":0.0,"q":0.0,"p":0.0,"mot":"L","mo":0.0}]},{"d":"11.08.2016","r":92291.0,"q":2.34,"p":4.15,"s":[{"ui":"7732655","t":92291.0,"r":92291.0,"q":2.34,"p":4.15,"mot":"U","mo":92291.0},{"cn":"","ui":"","t":0.0,"r":0.0,"q":0.0,"p":0.0,"mot":"L","mo":0.0}]},{"d":"15.08.2016","r":14829.0,"q":1.0,"p":15.66,"s":[{"ui":"7743783","t":18385.0,"r":14829.0,"q":1.0,"p":15.66,"mot":"U","mo":14829.0},{"cn":"","ui":"","t":0.0,"r":0.0,"q":0.0,"p":0.0,"mot":"L","mo":0.0}]},{"d":"22.08.2016","r":67590.0,"q":1.0,"p":1.1,"s":[{"ui":"7760816","t":67590.0,"r":67590.0,"q":1.0,"p":1.1,"mot":"U","mo":67590.0},{"cn":"","ui":"","t":0.0,"r":0.0,"q":0.0,"p":0.0,"mot":"L","mo":0.0}]},{"d":"29.08.2016","r":28420.0,"q":1.0,"p":3.0,"s":[{"ui":"7775601","t":28420.0,"r":28420.0,"q":1.0,"p":3.0,"mot":"U","mo":28420.0},{"cn":"","ui":"","t":0.0,"r":0.0,"q":0.0,"p":0.0,"mot":"L","mo":0.0}]},{"d":"31.08.2016","r":9580.0,"q":3.58,"p":100.0,"s":[{"ui":"7779665","t":9580.0,"r":9580.0,"q":3.58,"p":100.0,"mot":"U","mo":9580.0},{"cn":"","ui":"","t":0.0,"r":0.0,"q":0.0,"p":0.0,"mot":"L","mo":0.0}]},{"d":"05.09.2016","r":1270.0,"q":1.0,"p":3.0,"s":[{"ui":"7791668","t":1270.0,"r":1270.0,"q":1.0,"p":3.0,"mot":"U","mo":1270.0},{"cn":"","ui":"","t":0.0,"r":0.0,"q":0.0,"p":0.0,"mot":"L","mo":0.0}]},{"d":"06.09.2016","r":7590.0,"q":1.0,"p":3.0,"s":[{"ui":"7791668","t":7590.0,"r":7590.0,"q":1.0,"p":3.0,"mot":"U","mo":7590.0},{"cn":"","ui":"","t":0.0,"r":0.0,"q":0.0,"p":0.0,"mot":"L","mo":0.0}]},{"d":"07.09.2016","r":13950.0,"q":1.0,"p":3.0,"s":[{"ui":"7791668","t":13950.0,"r":13950.0,"q":1.0,"p":3.0,"mot":"U","mo":13950.0},{"cn":"","ui":"","t":0.0,"r":0.0,"q":0.0,"p":0.0,"mot":"L","mo":0.0}]},{"d":"29.09.2016","r":41454.0,"q":1.4,"p":3.99,"s":[{"ui":"7842439","t":41454.0,"r":41454.0,"q":1.4,"p":3.99,"mot":"U","mo":41454.0},{"cn":"","ui":"","t":0.0,"r":0.0,"q":0.0,"p":0.0,"mot":"L","mo":0.0}]},{"d":"10.10.2016","r":731.0,"q":1.0,"p":22.15,"s":[{"ui":"7868815","t":118.0,"r":118.0,"q":1.0,"p":28.0,"mot":"U","mo":118.0},{"ui":"7868038","t":308.0,"r":308.0,"q":1.0,"p":26.0,"mot":"U","mo":308.0},{"ui":"7868813","t":305.0,"r":305.0,"q":1.0,"p":16.0,"mot":"U","mo":305.0},{"cn":"","ui":"","t":0.0,"r":0.0,"q":0.0,"p":0.0,"mot":"L","mo":0.0}]},{"d":"11.10.2016","r":2396.0,"q":1.0,"p":34.56,"s":[{"ui":"7868815","t":450.0,"r":450.0,"q":1.0,"p":98.0,"mot":"U","mo":450.0},{"ui":"7868038","t":756.0,"r":756.0,"q":1.0,"p":26.0,"mot":"U","mo":756.0},{"ui":"7868813","t":1190.0,"r":1190.0,"q":1.0,"p":16.0,"mot":"U","mo":1190.0},{"cn":"","ui":"","t":0.0,"r":0.0,"q":0.0,"p":0.0,"mot":"L","mo":0.0}]},{"d":"12.10.2016","r":21825.0,"q":1.0,"p":4.5,"s":[{"ui":"7873303","t":21825.0,"r":21825.0,"q":1.0,"p":4.5,"mot":"U","mo":21825.0},{"cn":"","ui":"","t":0.0,"r":0.0,"q":0.0,"p":0.0,"mot":"L","mo":0.0}]},{"d":"13.10.2016","r":144.0,"q":1.0,"p":8.5,"s":[{"ui":"7872774","t":144.0,"r":144.0,"q":1.0,"p":8.5,"mot":"U","mo":144.0},{"cn":"","ui":"","t":0.0,"r":0.0,"q":0.0,"p":0.0,"mot":"L","mo":0.0}]},{"d":"17.10.2016","r":43444.0,"q":1.0,"p":3.5,"s":[{"ui":"7885123","t":47148.0,"r":43444.0,"q":1.0,"p":3.5,"mot":"U","mo":43444.0},{"cn":"","ui":"","t":0.0,"r":0.0,"q":0.0,"p":0.0,"mot":"L","mo":0.0}]},{"d":"18.10.2016","r":3710.0,"q":1.0,"p":20.0,"s":[{"ui":"7885425","t":3710.0,"r":3710.0,"q":1.0,"p":20.0,"mot":"U","mo":3710.0},{"cn":"","ui":"","t":0.0,"r":0.0,"q":0.0,"p":0.0,"mot":"L","mo":0.0}]},{"d":"19.10.2016","r":982.0,"q":1.0,"p":35.42,"s":[{"ui":"7891832","t":990.0,"r":982.0,"q":1.0,"p":35.42,"mot":"U","mo":982.0},{"cn":"","ui":"","t":0.0,"r":0.0,"q":0.0,"p":0.0,"mot":"L","mo":0.0}]},{"d":"21.10.2016","r":90.0,"q":1.0,"p":50.0,"s":[{"ui":"7895927","t":90.0,"r":90.0,"q":1.0,"p":50.0,"mot":"U","mo":90.0},{"cn":"","ui":"","t":0.0,"r":0.0,"q":0.0,"p":0.0,"mot":"L","mo":0.0}]},{"d":"29.10.2016","r":22149.0,"q":5.11,"p":16.97,"s":[{"ui":"7911425","t":6705.0,"r":6705.0,"q":5.58,"p":10.0,"mot":"U","mo":6705.0},{"ui":"7911433","t":15544.0,"r":15444.0,"q":4.91,"p":20.0,"mot":"U","mo":15444.0},{"cn":"","ui":"","t":0.0,"r":0.0,"q":0.0,"p":0.0,"mot":"L","mo":0.0}]},{"d":"30.10.2016","r":6995.0,"q":2.51,"p":19.21,"s":[{"ui":"7911425","t":5272.0,"r":3772.0,"q":2.48,"p":19.0,"mot":"L","mo":2500.0},{"ui":"7911433","t":2495.0,"r":1495.0,"q":3.18,"p":20.0,"mot":"U","mo":1495.0},{"ui":"7912583","t":6352.0,"r":4752.0,"q":2.21,"p":19.0,"mot":"L","mo":3000.0},{"cn":"","ui":"","t":0.0,"r":0.0,"q":0.0,"p":0.0,"mot":"L","mo":0.0}]},{"d":"31.10.2016","r":17850.0,"q":2.61,"p":33.77,"s":[{"ui":"7913954","t":8850.0,"r":5850.0,"q":5.56,"p":21.0,"mot":"U","mo":5850.0},{"ui":"7911433","t":13000.0,"r":12000.0,"q":1.17,"p":40.0,"mot":"U","mo":12000.0},{"cn":"","ui":"","t":0.0,"r":0.0,"q":0.0,"p":0.0,"mot":"L","mo":0.0}]},{"d":"01.11.2016","r":141811.0,"q":1.0,"p":0.95,"s":[{"ui":"7915057","t":141811.0,"r":141811.0,"q":1.0,"p":0.95,"mot":"U","mo":141811.0},{"cn":"","ui":"","t":0.0,"r":0.0,"q":0.0,"p":0.0,"mot":"L","mo":0.0}]},{"d":"02.11.2016","r":117811.0,"q":1.0,"p":0.95,"s":[{"ui":"7915057","t":117811.0,"r":117811.0,"q":1.0,"p":0.95,"mot":"U","mo":117811.0},{"cn":"","ui":"","t":0.0,"r":0.0,"q":0.0,"p":0.0,"mot":"L","mo":0.0}]},{"d":"07.11.2016","r":49200.0,"q":1.29,"p":3.63,"s":[{"ui":"7924823","t":12600.0,"r":12600.0,"q":1.57,"p":9.0,"mot":"U","mo":12600.0},{"ui":"7924821","t":12000.0,"r":12000.0,"q":1.0,"p":1.0,"mot":"U","mo":12000.0},{"ui":"7924893","t":12400.0,"r":12400.0,"q":1.0,"p":2.32,"mot":"U","mo":12400.0},{"ui":"7924817","t":12200.0,"r":12200.0,"q":1.58,"p":2.0,"mot":"U","mo":12200.0},{"cn":"","ui":"","t":0.0,"r":0.0,"q":0.0,"p":0.0,"mot":"L","mo":0.0}]},{"d":"08.11.2016","r":191652.0,"q":2.55,"p":0.95,"s":[{"ui":"7924823","t":19460.0,"r":19460.0,"q":2.46,"p":0.01,"mot":"U","mo":19460.0},{"ui":"7926510","t":39446.0,"r":39446.0,"q":3.68,"p":0.01,"mot":"U","mo":39446.0},{"ui":"7926152","t":26722.0,"r":26722.0,"q":1.88,"p":1.25,"mot":"U","mo":26722.0},{"ui":"7926153","t":16588.0,"r":16588.0,"q":2.31,"p":1.25,"mot":"U","mo":16588.0},{"ui":"7927043","t":10398.0,"r":10398.0,"q":4.82,"p":0.01,"mot":"U","mo":10398.0},{"ui":"7924817","t":23162.0,"r":23162.0,"q":2.81,"p":2.46,"mot":"U","mo":23162.0},{"ui":"7926154","t":28190.0,"r":28190.0,"q":1.74,"p":1.25,"mot":"U","mo":28190.0},{"ui":"7926155","t":27686.0,"r":27686.0,"q":1.56,"p":1.25,"mot":"U","mo":27686.0},{"cn":"","ui":"","t":0.0,"r":0.0,"q":0.0,"p":0.0,"mot":"L","mo":0.0}]},{"d":"09.11.2016","r":191581.0,"q":2.09,"p":1.25,"s":[{"ui":"7926152","t":43786.0,"r":43786.0,"q":2.12,"p":1.25,"mot":"U","mo":43786.0},{"ui":"7926153","t":53223.0,"r":53223.0,"q":2.56,"p":1.25,"mot":"U","mo":53223.0},{"ui":"7926154","t":48006.0,"r":48006.0,"q":2.04,"p":1.25,"mot":"U","mo":48006.0},{"ui":"7926155","t":46566.0,"r":46566.0,"q":1.56,"p":1.25,"mot":"U","mo":46566.0},{"cn":"","ui":"","t":0.0,"r":0.0,"q":0.0,"p":0.0,"mot":"L","mo":0.0}]},{"d":"12.11.2016","r":19696.0,"q":4.37,"p":0.01,"s":[{"ui":"7931803","t":4766.0,"r":4766.0,"q":6.27,"p":0.01,"mot":"U","mo":4766.0},{"ui":"7931680","t":14930.0,"r":14930.0,"q":3.77,"p":0.01,"mot":"U","mo":14930.0},{"cn":"","ui":"","t":0.0,"r":0.0,"q":0.0,"p":0.0,"mot":"L","mo":0.0}]},{"d":"15.11.2016","r":5222.0,"q":5.41,"p":15.0,"s":[{"ui":"7935008","t":6222.0,"r":5222.0,"q":5.41,"p":15.0,"mot":"U","mo":5222.0},{"cn":"","ui":"","t":0.0,"r":0.0,"q":0.0,"p":0.0,"mot":"L","mo":0.0}]},{"d":"23.11.2016","r":38400.0,"q":1.0,"p":1.05,"s":[{"ui":"7945923","t":42230.0,"r":38400.0,"q":1.0,"p":1.05,"mot":"U","mo":38400.0},{"cn":"","ui":"","t":0.0,"r":0.0,"q":0.0,"p":0.0,"mot":"L","mo":0.0}]},{"d":"26.11.2016","r":520.0,"q":1.0,"p":93.5,"s":[{"ui":"7949535","t":520.0,"r":520.0,"q":1.0,"p":93.5,"mot":"U","mo":520.0},{"cn":"","ui":"","t":0.0,"r":0.0,"q":0.0,"p":0.0,"mot":"L","mo":0.0}]},{"d":"27.11.2016","r":680.0,"q":1.0,"p":206.5,"s":[{"ui":"7949535","t":680.0,"r":680.0,"q":1.0,"p":206.5,"mot":"U","mo":680.0},{"cn":"","ui":"","t":0.0,"r":0.0,"q":0.0,"p":0.0,"mot":"L","mo":0.0}]},{"d":"28.11.2016","r":7113.0,"q":1.89,"p":2.0,"s":[{"ui":"7952573","t":10817.0,"r":7113.0,"q":1.89,"p":2.0,"mot":"U","mo":7113.0},{"cn":"","ui":"","t":0.0,"r":0.0,"q":0.0,"p":0.0,"mot":"L","mo":0.0}]},{"d":"30.11.2016","r":23463.0,"q":2.32,"p":3.0,"s":[{"ui":"7952573","t":24125.0,"r":23463.0,"q":2.32,"p":3.0,"mot":"U","mo":23463.0},{"cn":"","ui":"","t":0.0,"r":0.0,"q":0.0,"p":0.0,"mot":"L","mo":0.0}]},{"d":"02.12.2016","r":6032.0,"q":1.0,"p":1.8,"s":[{"ui":"7957129","t":6032.0,"r":6032.0,"q":1.0,"p":1.8,"mot":"U","mo":6032.0},{"cn":"","ui":"","t":0.0,"r":0.0,"q":0.0,"p":0.0,"mot":"L","mo":0.0}]},{"d":"03.12.2016","r":50232.0,"q":1.0,"p":1.4,"s":[{"ui":"7957129","t":50232.0,"r":50232.0,"q":1.0,"p":1.4,"mot":"U","mo":50232.0},{"cn":"","ui":"","t":0.0,"r":0.0,"q":0.0,"p":0.0,"mot":"L","mo":0.0}]},{"d":"05.12.2016","r":4314.0,"q":1.0,"p":3.5,"s":[{"ui":"7960895","t":4314.0,"r":4314.0,"q":1.0,"p":3.5,"mot":"U","mo":4314.0},{"cn":"","ui":"","t":0.0,"r":0.0,"q":0.0,"p":0.0,"mot":"L","mo":0.0}]},{"d":"09.12.2016","r":2400.0,"q":1.0,"p":1.0,"s":[{"ui":"7966487","t":2400.0,"r":2400.0,"q":1.0,"p":1.0,"mot":"U","mo":2400.0},{"cn":"","ui":"","t":0.0,"r":0.0,"q":0.0,"p":0.0,"mot":"L","mo":0.0}]},{"d":"10.12.2016","r":16600.0,"q":1.0,"p":1.0,"s":[{"ui":"7966487","t":16600.0,"r":16600.0,"q":1.0,"p":1.0,"mot":"U","mo":16600.0},{"cn":"","ui":"","t":0.0,"r":0.0,"q":0.0,"p":0.0,"mot":"L","mo":0.0}]},{"d":"14.12.2016","r":7115.0,"q":1.0,"p":200.0,"s":[{"ui":"7971473","t":7115.0,"r":7115.0,"q":1.0,"p":200.0,"mot":"U","mo":7115.0},{"cn":"","ui":"","t":0.0,"r":0.0,"q":0.0,"p":0.0,"mot":"L","mo":0.0}]},{"d":"15.12.2016","r":53995.0,"q":1.0,"p":30.0,"s":[{"ui":"7971473","t":53995.0,"r":53995.0,"q":1.0,"p":30.0,"mot":"U","mo":53995.0},{"cn":"","ui":"","t":0.0,"r":0.0,"q":0.0,"p":0.0,"mot":"L","mo":0.0}]},{"d":"16.12.2016","r":28805.0,"q":1.0,"p":2.41,"s":[{"ui":"7975768","t":13680.0,"r":11680.0,"q":1.0,"p":3.0,"mot":"U","mo":11680.0},{"ui":"7976154","t":18125.0,"r":17125.0,"q":1.0,"p":2.0,"mot":"U","mo":17125.0},{"cn":"","ui":"","t":0.0,"r":0.0,"q":0.0,"p":0.0,"mot":"L","mo":0.0}]},{"d":"17.12.2016","r":46090.0,"q":1.0,"p":3.0,"s":[{"ui":"7975768","t":46090.0,"r":46090.0,"q":1.0,"p":3.0,"mot":"U","mo":46090.0},{"cn":"","ui":"","t":0.0,"r":0.0,"q":0.0,"p":0.0,"mot":"L","mo":0.0}]},{"d":"18.12.2016","r":42460.0,"q":1.0,"p":3.0,"s":[{"ui":"7975768","t":42460.0,"r":42460.0,"q":1.0,"p":3.0,"mot":"U","mo":42460.0},{"cn":"","ui":"","t":0.0,"r":0.0,"q":0.0,"p":0.0,"mot":"L","mo":0.0}]},{"d":"26.12.2016","r":2000.0,"q":4.12,"p":12.0,"s":[{"ui":"7990483","t":10534.0,"r":9834.0,"q":4.12,"p":12.0,"mot":"L","mo":2000.0},{"cn":"","ui":"","t":0.0,"r":0.0,"q":0.0,"p":0.0,"mot":"L","mo":0.0}]},{"d":"27.12.2016","r":2000.0,"q":5.55,"p":40.0,"s":[{"ui":"7990483","t":3475.0,"r":3475.0,"q":5.55,"p":40.0,"mot":"L","mo":2000.0},{"cn":"","ui":"","t":0.0,"r":0.0,"q":0.0,"p":0.0,"mot":"L","mo":0.0}]},{"d":"04.01.2017","r":400.0,"q":5.45,"p":40000.0,"s":[{"ui":"8000792","t":3427.0,"r":3427.0,"q":5.45,"p":40000.0,"mot":"L","mo":400.0},{"cn":"","ui":"","t":0.0,"r":0.0,"q":0.0,"p":0.0,"mot":"L","mo":0.0}]},{"d":"05.01.2017","r":1040.0,"q":1.0,"p":88.05,"s":[{"ui":"8002030","t":522.0,"r":522.0,"q":1.0,"p":100.0,"mot":"L","mo":522.0},{"ui":"8002119","t":518.0,"r":518.0,"q":1.0,"p":76.0,"mot":"L","mo":518.0},{"cn":"","ui":"","t":0.0,"r":0.0,"q":0.0,"p":0.0,"mot":"L","mo":0.0}]},{"d":"11.01.2017","r":1200.0,"q":1.0,"p":1.0,"s":[{"ui":"8009159","t":1200.0,"r":1200.0,"q":1.0,"p":1.0,"mot":"U","mo":1200.0},{"cn":"","ui":"","t":0.0,"r":0.0,"q":0.0,"p":0.0,"mot":"L","mo":0.0}]},{"d":"12.01.2017","r":9646.0,"q":1.97,"p":15.16,"s":[{"ui":"8009159","t":7800.0,"r":7800.0,"q":1.0,"p":1.0,"mot":"U","mo":7800.0},{"ui":"8007252","t":1846.0,"r":1846.0,"q":6.06,"p":75.0,"mot":"U","mo":1846.0},{"cn":"","ui":"","t":0.0,"r":0.0,"q":0.0,"p":0.0,"mot":"L","mo":0.0}]},{"d":"13.01.2017","r":25750.0,"q":1.0,"p":1.0,"s":[{"ui":"8009159","t":25750.0,"r":25750.0,"q":1.0,"p":1.0,"mot":"U","mo":25750.0},{"cn":"","ui":"","t":0.0,"r":0.0,"q":0.0,"p":0.0,"mot":"L","mo":0.0}]},{"d":"18.01.2017","r":19514.0,"q":1.01,"p":2.0,"s":[{"ui":"8018254","t":23514.0,"r":19514.0,"q":1.01,"p":2.0,"mot":"U","mo":19514.0},{"cn":"","ui":"","t":0.0,"r":0.0,"q":0.0,"p":0.0,"mot":"L","mo":0.0}]},{"d":"19.01.2017","r":4898.0,"q":2.66,"p":5.95,"s":[{"ui":"8018255","t":9848.0,"r":4848.0,"q":2.68,"p":6.0,"mot":"U","mo":4848.0},{"cn":"","ui":"","t":1530.0,"r":50.0,"q":1.0,"p":1.3,"mot":"L","mo":50.0}]},{"d":"23.01.2017","r":1000.0,"q":1.0,"p":10.0,"s":[{"ui":"8023517","t":8935.0,"r":8935.0,"q":1.0,"p":10.0,"mot":"L","mo":1000.0},{"cn":"","ui":"","t":0.0,"r":0.0,"q":0.0,"p":0.0,"mot":"L","mo":0.0}]},{"d":"24.01.2017","r":12676.0,"q":1.06,"p":46.84,"s":[{"ui":"8024682","t":11676.0,"r":11676.0,"q":1.07,"p":50.0,"mot":"U","mo":11676.0},{"ui":"8023517","t":42965.0,"r":42965.0,"q":1.0,"p":10.0,"mot":"L","mo":1000.0},{"cn":"","ui":"","t":0.0,"r":0.0,"q":0.0,"p":0.0,"mot":"L","mo":0.0}]},{"d":"26.01.2017","r":7696.0,"q":1.53,"p":6.0,"s":[{"ui":"8029379","t":7696.0,"r":7696.0,"q":1.53,"p":6.0,"mot":"U","mo":7696.0},{"cn":"","ui":"","t":0.0,"r":0.0,"q":0.0,"p":0.0,"mot":"L","mo":0.0}]},{"d":"07.02.2017","r":448.0,"q":1.15,"p":7.0,"s":[{"ui":"8040497","t":1600.0,"r":448.0,"q":1.15,"p":7.0,"mot":"U","mo":448.0},{"cn":"","ui":"","t":0.0,"r":0.0,"q":0.0,"p":0.0,"mot":"L","mo":0.0}]},{"d":"08.02.2017","r":7156.0,"q":1.75,"p":9.0,"s":[{"ui":"8040497","t":8156.0,"r":7156.0,"q":1.75,"p":9.0,"mot":"U","mo":7156.0},{"cn":"","ui":"","t":0.0,"r":0.0,"q":0.0,"p":0.0,"mot":"L","mo":0.0}]},{"d":"09.02.2017","r":81785.0,"q":1.0,"p":1.3,"s":[{"ui":"8043960","t":81785.0,"r":81785.0,"q":1.0,"p":1.3,"mot":"U","mo":81785.0},{"cn":"","ui":"","t":0.0,"r":0.0,"q":0.0,"p":0.0,"mot":"L","mo":0.0}]},{"d":"10.02.2017","r":161270.0,"q":1.0,"p":1.0,"s":[{"ui":"8043960","t":174975.0,"r":161270.0,"q":1.0,"p":1.0,"mot":"U","mo":161270.0},{"cn":"","ui":"","t":0.0,"r":0.0,"q":0.0,"p":0.0,"mot":"L","mo":0.0}]},{"d":"11.02.2017","r":1594.0,"q":1.0,"p":6.0,"s":[{"ui":"8046569","t":1594.0,"r":1594.0,"q":1.0,"p":6.0,"mot":"U","mo":1594.0},{"cn":"","ui":"","t":0.0,"r":0.0,"q":0.0,"p":0.0,"mot":"L","mo":0.0}]},{"d":"12.02.2017","r":7798.0,"q":1.0,"p":0.55,"s":[{"ui":"8046569","t":7798.0,"r":7798.0,"q":1.0,"p":0.55,"mot":"U","mo":7798.0},{"cn":"","ui":"","t":0.0,"r":0.0,"q":0.0,"p":0.0,"mot":"L","mo":0.0}]},{"d":"13.02.2017","r":12914.0,"q":1.0,"p":0.6,"s":[{"ui":"8046569","t":12914.0,"r":12914.0,"q":1.0,"p":0.6,"mot":"U","mo":12914.0},{"cn":"","ui":"","t":0.0,"r":0.0,"q":0.0,"p":0.0,"mot":"L","mo":0.0}]},{"d":"15.02.2017","r":38380.0,"q":1.0,"p":2.0,"s":[{"ui":"8051293","t":38380.0,"r":38380.0,"q":1.0,"p":2.0,"mot":"U","mo":38380.0},{"cn":"","ui":"","t":0.0,"r":0.0,"q":0.0,"p":0.0,"mot":"L","mo":0.0}]},{"d":"16.02.2017","r":89325.0,"q":1.0,"p":2.0,"s":[{"ui":"8051293","t":89325.0,"r":89325.0,"q":1.0,"p":2.0,"mot":"U","mo":89325.0},{"cn":"","ui":"","t":0.0,"r":0.0,"q":0.0,"p":0.0,"mot":"L","mo":0.0}]},{"d":"27.02.2017","r":11475.0,"q":2.04,"p":3.5,"s":[{"ui":"8067480","t":15475.0,"r":11475.0,"q":2.04,"p":3.5,"mot":"U","mo":11475.0},{"cn":"","ui":"","t":0.0,"r":0.0,"q":0.0,"p":0.0,"mot":"L","mo":0.0}]},{"d":"01.03.2017","r":11530.0,"q":1.64,"p":3.02,"s":[{"ui":"8071114","t":12020.0,"r":4570.0,"q":1.44,"p":3.0,"mot":"U","mo":4570.0},{"ui":"8071492","t":21750.0,"r":6750.0,"q":1.79,"p":2.51,"mot":"U","mo":6750.0},{"cn":"","ui":"","t":210.0,"r":210.0,"q":1.0,"p":20.0,"mot":"L","mo":210.0}]},{"d":"02.03.2017","r":286752.0,"q":1.98,"p":2.08,"s":[{"ui":"8071114","t":42751.0,"r":29901.0,"q":2.02,"p":1.94,"mot":"U","mo":29901.0},{"ui":"8071492","t":356851.0,"r":256851.0,"q":1.97,"p":2.1,"mot":"U","mo":256851.0},{"cn":"","ui":"","t":0.0,"r":0.0,"q":0.0,"p":0.0,"mot":"L","mo":0.0}]},{"d":"04.03.2017","r":2405.0,"q":1.0,"p":45.0,"s":[{"cn":"konstanaleksei Инвест","ui":"8076364","t":2405.0,"r":2405.0,"q":1.0,"p":45.0,"mot":"U","mo":2405.0},{"cn":"","ui":"","t":0.0,"r":0.0,"q":0.0,"p":0.0,"mot":"L","mo":0.0}]},{"d":"10.03.2017","r":34050.0,"q":1.12,"p":7.0,"s":[{"cn":"NBN","ui":"8081071","t":46050.0,"r":34050.0,"q":1.12,"p":7.0,"mot":"U","mo":34050.0},{"cn":"","ui":"","t":0.0,"r":0.0,"q":0.0,"p":0.0,"mot":"L","mo":0.0}]},{"d":"11.03.2017","r":454.0,"q":2.15,"p":25.0,"s":[{"cn":"Yamkovenko Инвест","ui":"8083849","t":454.0,"r":454.0,"q":2.15,"p":25.0,"mot":"U","mo":454.0},{"cn":"","ui":"","t":0.0,"r":0.0,"q":0.0,"p":0.0,"mot":"L","mo":0.0}]},{"d":"13.03.2017","r":6000.0,"q":5.27,"p":2.5,"s":[{"cn":"Advanchainge","ui":"8088010","t":6530.0,"r":6530.0,"q":5.27,"p":2.5,"mot":"L","mo":6000.0},{"cn":"","ui":"","t":0.0,"r":0.0,"q":0.0,"p":0.0,"mot":"L","mo":0.0}]},{"d":"14.03.2017","r":113150.0,"q":3.11,"p":5.04,"s":[{"cn":"Advanchainge","ui":"8088010","t":13150.0,"r":13150.0,"q":5.66,"p":2.5,"mot":"L","mo":6000.0},{"cn":"Элит","ui":"8088490","t":29155.0,"r":29155.0,"q":1.0,"p":3.0,"mot":"U","mo":29155.0},{"cn":"Десяк Инвест","ui":"8088367","t":77995.0,"r":77995.0,"q":3.7,"p":6.0,"mot":"U","mo":77995.0},{"cn":"","ui":"","t":0.0,"r":0.0,"q":0.0,"p":0.0,"mot":"L","mo":0.0}]},{"d":"15.03.2017","r":73000.0,"q":1.0,"p":1.2,"s":[{"cn":"Euroconsulting","ui":"8089626","t":73000.0,"r":73000.0,"q":1.0,"p":1.2,"mot":"U","mo":73000.0},{"cn":"","ui":"","t":0.0,"r":0.0,"q":0.0,"p":0.0,"mot":"L","mo":0.0}]},{"d":"20.03.2017","r":4444.0,"q":1.72,"p":55.0,"s":[{"cn":"goodlife.com","ui":"8093939","t":21614.0,"r":21614.0,"q":1.72,"p":55.0,"mot":"L","mo":4444.0},{"cn":"","ui":"","t":0.0,"r":0.0,"q":0.0,"p":0.0,"mot":"L","mo":0.0}]},{"d":"24.03.2017","r":26275.0,"q":1.0,"p":30.0,"s":[{"cn":"Denim","ui":"8099963","t":26375.0,"r":26275.0,"q":1.0,"p":30.0,"mot":"U","mo":26275.0},{"cn":"","ui":"","t":0.0,"r":0.0,"q":0.0,"p":0.0,"mot":"L","mo":0.0}]},{"d":"02.04.2017","r":9409.0,"q":1.45,"p":8.0,"s":[{"cn":"Hizo inc","ui":"8109290","t":9409.0,"r":9409.0,"q":1.45,"p":8.0,"mot":"U","mo":9409.0},{"cn":"","ui":"","t":0.0,"r":0.0,"q":0.0,"p":0.0,"mot":"L","mo":0.0}]},{"d":"04.04.2017","r":18000.0,"q":1.0,"p":1.0,"s":[{"cn":"relicton Инвест","ui":"8112653","t":18000.0,"r":18000.0,"q":1.0,"p":1.0,"mot":"U","mo":18000.0},{"cn":"","ui":"","t":0.0,"r":0.0,"q":0.0,"p":0.0,"mot":"L","mo":0.0}]},{"d":"05.04.2017","r":47425.0,"q":1.0,"p":1.0,"s":[{"cn":"relicton Инвест","ui":"8112653","t":47400.0,"r":47400.0,"q":1.0,"p":1.0,"mot":"U","mo":47400.0},{"cn":"","ui":"","t":153.0,"r":25.0,"q":1.0,"p":1.0,"mot":"L","mo":25.0}]},{"d":"06.04.2017","r":61352.0,"q":1.0,"p":1.0,"s":[{"cn":"relicton Инвест","ui":"8112653","t":65060.0,"r":61352.0,"q":1.0,"p":1.0,"mot":"U","mo":61352.0},{"cn":"","ui":"","t":0.0,"r":0.0,"q":0.0,"p":0.0,"mot":"L","mo":0.0}]},{"d":"26.04.2017","r":270.0,"q":1.0,"p":3.0,"s":[{"cn":"NGX","ui":"8138457","t":370.0,"r":270.0,"q":1.0,"p":3.0,"mot":"U","mo":270.0},{"cn":"","ui":"","t":0.0,"r":0.0,"q":0.0,"p":0.0,"mot":"L","mo":0.0}]},{"d":"27.04.2017","r":5000.0,"q":1.01,"p":3.0,"s":[{"cn":"NGX","ui":"8138457","t":5100.0,"r":5000.0,"q":1.01,"p":3.0,"mot":"U","mo":5000.0},{"cn":"","ui":"","t":0.0,"r":0.0,"q":0.0,"p":0.0,"mot":"L","mo":0.0}]},{"d":"28.04.2017","r":2294.0,"q":1.02,"p":2.1,"s":[{"cn":"NGX","ui":"8138457","t":3104.0,"r":2294.0,"q":1.02,"p":2.1,"mot":"U","mo":2294.0},{"cn":"","ui":"","t":0.0,"r":0.0,"q":0.0,"p":0.0,"mot":"L","mo":0.0}]},{"d":"29.04.2017","r":14336.0,"q":1.02,"p":2.1,"s":[{"cn":"NGX","ui":"8138457","t":14336.0,"r":14336.0,"q":1.02,"p":2.1,"mot":"U","mo":14336.0},{"cn":"","ui":"","t":0.0,"r":0.0,"q":0.0,"p":0.0,"mot":"L","mo":0.0}]},{"d":"01.05.2017","r":5000.0,"q":1.0,"p":2.3,"s":[{"cn":"Calvo Figorelli Invest","ui":"8142121","t":5000.0,"r":5000.0,"q":1.0,"p":2.3,"mot":"U","mo":5000.0},{"cn":"","ui":"","t":0.0,"r":0.0,"q":0.0,"p":0.0,"mot":"L","mo":0.0}]},{"d":"02.05.2017","r":0.0,"q":0.0,"p":0.0,"s":[{"cn":"","ui":"","t":0.0,"r":0.0,"q":0.0,"p":0.0,"mot":"L","mo":0.0}]}]