[{"pi":"423744","pc":"Промышленные товары","ss":1000,"td":"Центр города","dc":1,"n":476.49,"vc":"около 5 000","sl":"Нормальный","sv":"более 1 000","p":12000.0,"q":16.51,"b":0.0,"wi":79.18,"ei":9.95,"as":591.81,"mi":"E","mv":30509,"sc":1,"lpe":96.65,"lpr":4711.91,"lq":1.0},{"pi":"423744","pc":"Промышленные товары","ss":1000,"td":"Центр города","dc":1,"n":476.49,"vc":"около 5 000","sl":"Нормальный","sv":"более 1 000","p":12000.0,"q":16.51,"b":0.0,"wi":79.18,"ei":9.95,"as":591.81,"mi":"E","mv":30509,"sc":1,"lpe":96.65,"lpr":4711.91,"lq":1.0},{"pi":"423744","pc":"Промышленные товары","ss":1000,"td":"Центр города","dc":1,"n":476.49,"vc":"около 5 000","sl":"Нормальный","sv":"более 1 000","p":12000.0,"q":16.51,"b":0.0,"wi":79.18,"ei":9.95,"as":591.81,"mi":"E","mv":30509,"sc":1,"lpe":96.65,"lpr":4711.91,"lq":1.0},{"pi":"423744","pc":"Промышленные товары","ss":1000,"td":"Центр города","dc":1,"n":476.49,"vc":"около 5 000","sl":"Нормальный","sv":"более 1 000","p":12000.0,"q":16.51,"b":0.0,"wi":79.18,"ei":9.95,"as":591.81,"mi":"E","mv":30509,"sc":1,"lpe":96.65,"lpr":4711.91,"lq":1.0},{"pi":"423744","pc":"Промышленные товары","ss":1000,"td":"Центр города","dc":1,"n":476.49,"vc":"около 5 000","sl":"Нормальный","sv":"более 1 000","p":12000.0,"q":16.51,"b":0.0,"wi":79.18,"ei":9.95,"as":591.81,"mi":"E","mv":30509,"sc":1,"lpe":96.65,"lpr":4711.91,"lq":1.0},{"pi":"423744","pc":"Промышленные товары","ss":1000,"td":"Центр города","dc":1,"n":476.49,"vc":"около 5 000","sl":"Нормальный","sv":"более 1 000","p":12000.0,"q":16.51,"b":0.0,"wi":79.18,"ei":9.95,"as":591.81,"mi":"E","mv":30509,"sc":1,"lpe":96.65,"lpr":4711.91,"lq":1.0},{"pi":"423744","pc":"Промышленные товары","ss":1000,"td":"Центр города","dc":1,"n":476.49,"vc":"около 5 000","sl":"Нормальный","sv":"более 1 000","p":12000.0,"q":16.51,"b":0.0,"wi":79.18,"ei":9.95,"as":591.81,"mi":"E","mv":30509,"sc":1,"lpe":96.65,"lpr":4711.91,"lq":1.0},{"pi":"423744","pc":"Промышленные товары","ss":1000,"td":"Центр города","dc":1,"n":476.49,"vc":"около 5 000","sl":"Нормальный","sv":"более 1 000","p":12000.0,"q":16.51,"b":0.0,"wi":79.18,"ei":9.95,"as":591.81,"mi":"E","mv":30509,"sc":1,"lpe":96.65,"lpr":4711.91,"lq":1.0},{"pi":"423744","pc":"Промышленные товары","ss":1000,"td":"Центр города","dc":1,"n":476.49,"vc":"около 5 000","sl":"Нормальный","sv":"более 1 000","p":12000.0,"q":16.51,"b":0.0,"wi":79.18,"ei":9.95,"as":591.81,"mi":"E","mv":30509,"sc":1,"lpe":96.65,"lpr":4711.91,"lq":1.0},{"pi":"423744","pc":"Промышленные товары","ss":1000,"td":"Центр города","dc":1,"n":476.49,"vc":"около 5 000","sl":"Нормальный","sv":"более 1 000","p":12000.0,"q":16.51,"b":0.0,"wi":79.18,"ei":9.95,"as":591.81,"mi":"E","mv":30509,"sc":1,"lpe":96.65,"lpr":4711.91,"lq":1.0},{"pi":"423744","pc":"Промышленные товары","ss":100000,"td":"Центр города","dc":2,"n":488.22,"vc":"более 300 000","sl":"Очень высокий","sv":"около 1 000","p":1250.0,"q":22.76,"b":0.0,"wi":19.99,"ei":7.88,"as":382.24,"mi":"E","mv":95698,"sc":1,"lpe":99.02,"lpr":814.32,"lq":1.0},{"pi":"423744","pc":"Промышленные товары","ss":100000,"td":"Центр города","dc":2,"n":488.22,"vc":"более 300 000","sl":"Очень высокий","sv":"около 1 000","p":1250.0,"q":22.76,"b":0.0,"wi":19.99,"ei":7.88,"as":382.24,"mi":"E","mv":95698,"sc":1,"lpe":99.02,"lpr":814.32,"lq":1.0},{"pi":"423744","pc":"Промышленные товары","ss":100000,"td":"Центр города","dc":2,"n":488.22,"vc":"более 300 000","sl":"Очень высокий","sv":"около 1 000","p":1250.0,"q":22.76,"b":0.0,"wi":19.99,"ei":7.88,"as":382.24,"mi":"E","mv":95698,"sc":1,"lpe":99.02,"lpr":814.32,"lq":1.0},{"pi":"423744","pc":"Промышленные товары","ss":100000,"td":"Центр города","dc":2,"n":488.22,"vc":"более 300 000","sl":"Очень высокий","sv":"около 1 000","p":1250.0,"q":22.76,"b":0.0,"wi":19.99,"ei":7.88,"as":382.24,"mi":"E","mv":95698,"sc":1,"lpe":99.02,"lpr":814.32,"lq":1.0},{"pi":"423744","pc":"Промышленные товары","ss":100000,"td":"Центр города","dc":2,"n":488.22,"vc":"более 300 000","sl":"Очень высокий","sv":"около 1 000","p":1250.0,"q":22.76,"b":0.0,"wi":19.99,"ei":7.88,"as":382.24,"mi":"E","mv":95698,"sc":1,"lpe":99.02,"lpr":814.32,"lq":1.0},{"pi":"423744","pc":"Промышленные товары","ss":100000,"td":"Центр города","dc":2,"n":488.22,"vc":"более 300 000","sl":"Очень высокий","sv":"около 1 000","p":1250.0,"q":22.76,"b":0.0,"wi":19.99,"ei":7.88,"as":382.24,"mi":"E","mv":95698,"sc":1,"lpe":99.02,"lpr":814.32,"lq":1.0},{"pi":"423744","pc":"Промышленные товары","ss":100000,"td":"Центр города","dc":2,"n":488.22,"vc":"более 300 000","sl":"Очень высокий","sv":"около 1 000","p":1250.0,"q":22.76,"b":0.0,"wi":19.99,"ei":7.88,"as":382.24,"mi":"E","mv":95698,"sc":1,"lpe":99.02,"lpr":814.32,"lq":1.0},{"pi":"423744","pc":"Промышленные товары","ss":100000,"td":"Центр города","dc":2,"n":488.22,"vc":"более 300 000","sl":"Очень высокий","sv":"около 1 000","p":1250.0,"q":22.76,"b":0.0,"wi":19.99,"ei":7.88,"as":382.24,"mi":"E","mv":95698,"sc":1,"lpe":99.02,"lpr":814.32,"lq":1.0},{"pi":"423744","pc":"Промышленные товары","ss":100000,"td":"Центр города","dc":2,"n":488.22,"vc":"более 300 000","sl":"Очень высокий","sv":"около 1 000","p":1250.0,"q":22.76,"b":0.0,"wi":19.99,"ei":7.88,"as":382.24,"mi":"E","mv":95698,"sc":1,"lpe":99.02,"lpr":814.32,"lq":1.0},{"pi":"423744","pc":"Промышленные товары","ss":100000,"td":"Центр города","dc":2,"n":488.22,"vc":"более 300 000","sl":"Очень высокий","sv":"около 1 000","p":1250.0,"q":22.76,"b":0.0,"wi":19.99,"ei":7.88,"as":382.24,"mi":"E","mv":95698,"sc":1,"lpe":99.02,"lpr":814.32,"lq":1.0},{"pi":"423744","pc":"Промышленные товары","ss":100000,"td":"Центр города","dc":2,"n":488.22,"vc":"более 300 000","sl":"Очень высокий","sv":"около 1 000","p":1250.0,"q":22.76,"b":0.0,"wi":19.99,"ei":7.88,"as":382.24,"mi":"E","mv":95698,"sc":1,"lpe":99.02,"lpr":814.32,"lq":1.0},{"pi":"423744","pc":"Промышленные товары","ss":100000,"td":"Центр города","dc":2,"n":488.22,"vc":"более 300 000","sl":"Очень высокий","sv":"около 1 000","p":1250.0,"q":22.76,"b":0.0,"wi":19.99,"ei":7.88,"as":382.24,"mi":"E","mv":95698,"sc":1,"lpe":99.02,"lpr":814.32,"lq":1.0},{"pi":"423744","pc":"Промышленные товары","ss":100000,"td":"Центр города","dc":2,"n":488.22,"vc":"более 300 000","sl":"Очень высокий","sv":"около 1 000","p":1250.0,"q":22.76,"b":0.0,"wi":19.99,"ei":7.88,"as":382.24,"mi":"E","mv":95698,"sc":1,"lpe":99.02,"lpr":814.32,"lq":1.0},{"pi":"423744","pc":"Промышленные товары","ss":100000,"td":"Центр города","dc":2,"n":488.22,"vc":"более 300 000","sl":"Очень высокий","sv":"около 1 000","p":1250.0,"q":22.76,"b":0.0,"wi":19.99,"ei":7.88,"as":382.24,"mi":"E","mv":95698,"sc":1,"lpe":99.02,"lpr":814.32,"lq":1.0},{"pi":"423744","pc":"Промышленные товары","ss":100000,"td":"Центр города","dc":2,"n":488.22,"vc":"более 300 000","sl":"Очень высокий","sv":"около 1 000","p":1250.0,"q":22.76,"b":0.0,"wi":19.99,"ei":7.88,"as":382.24,"mi":"E","mv":95698,"sc":1,"lpe":99.02,"lpr":814.32,"lq":1.0},{"pi":"423744","pc":"Промышленные товары","ss":100000,"td":"Центр города","dc":2,"n":488.22,"vc":"более 300 000","sl":"Очень высокий","sv":"около 1 000","p":1250.0,"q":22.76,"b":0.0,"wi":19.99,"ei":7.88,"as":382.24,"mi":"E","mv":95698,"sc":1,"lpe":99.02,"lpr":814.32,"lq":1.0},{"pi":"423744","pc":"Промышленные товары","ss":100000,"td":"Центр города","dc":2,"n":488.22,"vc":"более 300 000","sl":"Очень высокий","sv":"около 1 000","p":1250.0,"q":22.76,"b":0.0,"wi":19.99,"ei":7.88,"as":382.24,"mi":"E","mv":95698,"sc":1,"lpe":99.02,"lpr":814.32,"lq":1.0},{"pi":"423744","pc":"Промышленные товары","ss":100000,"td":"Центр города","dc":2,"n":488.22,"vc":"более 300 000","sl":"Очень высокий","sv":"около 1 000","p":1250.0,"q":22.76,"b":0.0,"wi":19.99,"ei":7.88,"as":382.24,"mi":"E","mv":95698,"sc":1,"lpe":99.02,"lpr":814.32,"lq":1.0},{"pi":"423744","pc":"Промышленные товары","ss":100000,"td":"Центр города","dc":2,"n":488.22,"vc":"более 300 000","sl":"Очень высокий","sv":"около 1 000","p":1250.0,"q":22.76,"b":0.0,"wi":19.99,"ei":7.88,"as":382.24,"mi":"E","mv":95698,"sc":1,"lpe":99.02,"lpr":814.32,"lq":1.0},{"pi":"423744","pc":"Промышленные товары","ss":100000,"td":"Центр города","dc":2,"n":488.22,"vc":"более 300 000","sl":"Очень высокий","sv":"около 1 000","p":1250.0,"q":22.76,"b":0.0,"wi":19.99,"ei":7.88,"as":382.24,"mi":"E","mv":95698,"sc":1,"lpe":99.02,"lpr":814.32,"lq":1.0},{"pi":"423744","pc":"Промышленные товары","ss":100000,"td":"Центр города","dc":2,"n":488.22,"vc":"более 300 000","sl":"Очень высокий","sv":"около 1 000","p":1250.0,"q":22.76,"b":0.0,"wi":19.99,"ei":7.88,"as":382.24,"mi":"E","mv":95698,"sc":1,"lpe":99.02,"lpr":814.32,"lq":1.0},{"pi":"423744","pc":"Промышленные товары","ss":100000,"td":"Центр города","dc":2,"n":488.22,"vc":"более 300 000","sl":"Очень высокий","sv":"около 1 000","p":1250.0,"q":22.76,"b":0.0,"wi":19.99,"ei":7.88,"as":382.24,"mi":"E","mv":95698,"sc":1,"lpe":99.02,"lpr":814.32,"lq":1.0},{"pi":"423744","pc":"Промышленные товары","ss":100000,"td":"Центр города","dc":2,"n":488.22,"vc":"более 300 000","sl":"Очень высокий","sv":"около 1 000","p":1250.0,"q":22.76,"b":0.0,"wi":19.99,"ei":7.88,"as":382.24,"mi":"E","mv":95698,"sc":1,"lpe":99.02,"lpr":814.32,"lq":1.0},{"pi":"423744","pc":"Промышленные товары","ss":100000,"td":"Центр города","dc":2,"n":488.22,"vc":"более 300 000","sl":"Очень высокий","sv":"около 1 000","p":1250.0,"q":22.76,"b":0.0,"wi":19.99,"ei":7.88,"as":382.24,"mi":"E","mv":95698,"sc":1,"lpe":99.02,"lpr":814.32,"lq":1.0},{"pi":"423744","pc":"Промышленные товары","ss":100000,"td":"Центр города","dc":2,"n":488.22,"vc":"более 300 000","sl":"Очень высокий","sv":"около 1 000","p":1250.0,"q":22.76,"b":0.0,"wi":19.99,"ei":7.88,"as":382.24,"mi":"E","mv":95698,"sc":1,"lpe":99.02,"lpr":814.32,"lq":1.0},{"pi":"423744","pc":"Промышленные товары","ss":100000,"td":"Центр города","dc":5,"n":397.04,"vc":"более 100 000","sl":"Очень высокий","sv":"около 5 000","p":3000.0,"q":19.98,"b":0.0,"wi":29.65,"ei":7.67,"as":310.15,"mi":"E","mv":110026,"sc":1,"lpe":96.44,"lpr":1238.91,"lq":1.0},{"pi":"423744","pc":"Промышленные товары","ss":100000,"td":"Центр города","dc":5,"n":397.04,"vc":"более 100 000","sl":"Очень высокий","sv":"около 5 000","p":3000.0,"q":19.98,"b":0.0,"wi":29.65,"ei":7.67,"as":310.15,"mi":"E","mv":110026,"sc":1,"lpe":96.44,"lpr":1238.91,"lq":1.0},{"pi":"423744","pc":"Промышленные товары","ss":100000,"td":"Центр города","dc":5,"n":397.04,"vc":"более 100 000","sl":"Очень высокий","sv":"около 5 000","p":3000.0,"q":19.98,"b":0.0,"wi":29.65,"ei":7.67,"as":310.15,"mi":"E","mv":110026,"sc":1,"lpe":96.44,"lpr":1238.91,"lq":1.0},{"pi":"423744","pc":"Промышленные товары","ss":100000,"td":"Центр города","dc":5,"n":397.04,"vc":"более 100 000","sl":"Очень высокий","sv":"около 5 000","p":3000.0,"q":19.98,"b":0.0,"wi":29.65,"ei":7.67,"as":310.15,"mi":"E","mv":110026,"sc":1,"lpe":96.44,"lpr":1238.91,"lq":1.0},{"pi":"423744","pc":"Промышленные товары","ss":100000,"td":"Центр города","dc":5,"n":397.04,"vc":"более 100 000","sl":"Очень высокий","sv":"около 5 000","p":3000.0,"q":19.98,"b":0.0,"wi":29.65,"ei":7.67,"as":310.15,"mi":"E","mv":110026,"sc":1,"lpe":96.44,"lpr":1238.91,"lq":1.0},{"pi":"423744","pc":"Промышленные товары","ss":100000,"td":"Центр города","dc":5,"n":397.04,"vc":"более 100 000","sl":"Очень высокий","sv":"около 5 000","p":3000.0,"q":19.98,"b":0.0,"wi":29.65,"ei":7.67,"as":310.15,"mi":"E","mv":110026,"sc":1,"lpe":96.44,"lpr":1238.91,"lq":1.0},{"pi":"423744","pc":"Промышленные товары","ss":100000,"td":"Центр города","dc":5,"n":397.04,"vc":"более 100 000","sl":"Очень высокий","sv":"около 5 000","p":3000.0,"q":19.98,"b":0.0,"wi":29.65,"ei":7.67,"as":310.15,"mi":"E","mv":110026,"sc":1,"lpe":96.44,"lpr":1238.91,"lq":1.0},{"pi":"423744","pc":"Промышленные товары","ss":100000,"td":"Центр города","dc":5,"n":397.04,"vc":"более 100 000","sl":"Очень высокий","sv":"около 5 000","p":3000.0,"q":19.98,"b":0.0,"wi":29.65,"ei":7.67,"as":310.15,"mi":"E","mv":110026,"sc":1,"lpe":96.44,"lpr":1238.91,"lq":1.0},{"pi":"423744","pc":"Промышленные товары","ss":100000,"td":"Центр города","dc":5,"n":397.04,"vc":"более 100 000","sl":"Очень высокий","sv":"около 5 000","p":3000.0,"q":19.98,"b":0.0,"wi":29.65,"ei":7.67,"as":310.15,"mi":"E","mv":110026,"sc":1,"lpe":96.44,"lpr":1238.91,"lq":1.0},{"pi":"423744","pc":"Промышленные товары","ss":100000,"td":"Центр города","dc":5,"n":397.04,"vc":"более 100 000","sl":"Очень высокий","sv":"около 5 000","p":3000.0,"q":19.98,"b":0.0,"wi":29.65,"ei":7.67,"as":310.15,"mi":"E","mv":110026,"sc":1,"lpe":96.44,"lpr":1238.91,"lq":1.0},{"pi":"423744","pc":"Промышленные товары","ss":100000,"td":"Центр города","dc":5,"n":397.04,"vc":"более 100 000","sl":"Очень высокий","sv":"около 5 000","p":3000.0,"q":19.98,"b":0.0,"wi":29.65,"ei":7.67,"as":310.15,"mi":"E","mv":110026,"sc":1,"lpe":96.44,"lpr":1238.91,"lq":1.0},{"pi":"423744","pc":"Промышленные товары","ss":100000,"td":"Центр города","dc":5,"n":397.04,"vc":"более 100 000","sl":"Очень высокий","sv":"около 5 000","p":3000.0,"q":19.98,"b":0.0,"wi":29.65,"ei":7.67,"as":310.15,"mi":"E","mv":110026,"sc":1,"lpe":96.44,"lpr":1238.91,"lq":1.0},{"pi":"423744","pc":"Промышленные товары","ss":100000,"td":"Центр города","dc":5,"n":397.04,"vc":"более 100 000","sl":"Очень высокий","sv":"около 5 000","p":3000.0,"q":19.98,"b":0.0,"wi":29.65,"ei":7.67,"as":310.15,"mi":"E","mv":110026,"sc":1,"lpe":96.44,"lpr":1238.91,"lq":1.0},{"pi":"423744","pc":"Промышленные товары","ss":100000,"td":"Центр города","dc":5,"n":397.04,"vc":"более 100 000","sl":"Очень высокий","sv":"около 5 000","p":3000.0,"q":19.98,"b":0.0,"wi":29.65,"ei":7.67,"as":310.15,"mi":"E","mv":110026,"sc":1,"lpe":96.44,"lpr":1238.91,"lq":1.0},{"pi":"423744","pc":"Промышленные товары","ss":100000,"td":"Центр города","dc":5,"n":397.04,"vc":"более 100 000","sl":"Очень высокий","sv":"около 5 000","p":3000.0,"q":19.98,"b":0.0,"wi":29.65,"ei":7.67,"as":310.15,"mi":"E","mv":110026,"sc":1,"lpe":96.44,"lpr":1238.91,"lq":1.0},{"pi":"423744","pc":"Промышленные товары","ss":100,"td":"Окраина","dc":1,"n":49.88,"vc":"около 50","sl":"Нормальный","sv":"менее 50","p":1504.81,"q":1.05,"b":0.0,"wi":32.79,"ei":6.53,"as":273.51,"mi":"E","mv":71020,"sc":1,"lpe":99.99,"lpr":1428.56,"lq":1.0},{"pi":"423744","pc":"Промышленные товары","ss":100,"td":"Окраина","dc":1,"n":49.88,"vc":"около 50","sl":"Нормальный","sv":"менее 50","p":1504.81,"q":1.05,"b":0.0,"wi":32.79,"ei":6.53,"as":273.51,"mi":"E","mv":71020,"sc":1,"lpe":99.99,"lpr":1428.56,"lq":1.0},{"pi":"423744","pc":"Промышленные товары","ss":100,"td":"Окраина","dc":1,"n":49.88,"vc":"около 50","sl":"Нормальный","sv":"менее 50","p":1504.81,"q":1.05,"b":0.0,"wi":32.79,"ei":6.53,"as":273.51,"mi":"E","mv":71020,"sc":1,"lpe":99.99,"lpr":1428.56,"lq":1.0},{"pi":"423744","pc":"Промышленные товары","ss":100,"td":"Окраина","dc":1,"n":49.88,"vc":"около 50","sl":"Нормальный","sv":"менее 50","p":1504.81,"q":1.05,"b":0.0,"wi":32.79,"ei":6.53,"as":273.51,"mi":"E","mv":71020,"sc":1,"lpe":99.99,"lpr":1428.56,"lq":1.0},{"pi":"423744","pc":"Промышленные товары","ss":100,"td":"Окраина","dc":1,"n":49.88,"vc":"около 50","sl":"Нормальный","sv":"менее 50","p":1504.81,"q":1.05,"b":0.0,"wi":32.79,"ei":6.53,"as":273.51,"mi":"E","mv":71020,"sc":1,"lpe":99.99,"lpr":1428.56,"lq":1.0},{"pi":"423744","pc":"Промышленные товары","ss":100,"td":"Окраина","dc":1,"n":49.88,"vc":"около 50","sl":"Нормальный","sv":"менее 50","p":1504.81,"q":1.05,"b":0.0,"wi":32.79,"ei":6.53,"as":273.51,"mi":"E","mv":71020,"sc":1,"lpe":99.99,"lpr":1428.56,"lq":1.0},{"pi":"423744","pc":"Промышленные товары","ss":100,"td":"Окраина","dc":1,"n":49.88,"vc":"около 50","sl":"Нормальный","sv":"менее 50","p":1504.81,"q":1.05,"b":0.0,"wi":32.79,"ei":6.53,"as":273.51,"mi":"E","mv":71020,"sc":1,"lpe":99.99,"lpr":1428.56,"lq":1.0},{"pi":"423744","pc":"Промышленные товары","ss":100,"td":"Окраина","dc":1,"n":49.88,"vc":"около 50","sl":"Нормальный","sv":"менее 50","p":1504.81,"q":1.05,"b":0.0,"wi":32.79,"ei":6.53,"as":273.51,"mi":"E","mv":71020,"sc":1,"lpe":99.99,"lpr":1428.56,"lq":1.0},{"pi":"423744","pc":"Промышленные товары","ss":100,"td":"Окраина","dc":1,"n":49.88,"vc":"около 50","sl":"Нормальный","sv":"менее 50","p":1504.81,"q":1.05,"b":0.0,"wi":32.79,"ei":6.53,"as":273.51,"mi":"E","mv":71020,"sc":1,"lpe":99.99,"lpr":1428.56,"lq":1.0},{"pi":"423744","pc":"Промышленные товары","ss":100,"td":"Окраина","dc":1,"n":49.88,"vc":"около 50","sl":"Нормальный","sv":"менее 50","p":1504.81,"q":1.05,"b":0.0,"wi":32.79,"ei":6.53,"as":273.51,"mi":"E","mv":71020,"sc":1,"lpe":99.99,"lpr":1428.56,"lq":1.0},{"pi":"423744","pc":"Промышленные товары","ss":100,"td":"Окраина","dc":1,"n":49.88,"vc":"около 50","sl":"Нормальный","sv":"менее 50","p":1504.81,"q":1.05,"b":0.0,"wi":32.79,"ei":6.53,"as":273.51,"mi":"E","mv":71020,"sc":1,"lpe":99.99,"lpr":1428.56,"lq":1.0},{"pi":"423744","pc":"Промышленные товары","ss":100,"td":"Окраина","dc":1,"n":49.88,"vc":"около 50","sl":"Нормальный","sv":"менее 50","p":1504.81,"q":1.05,"b":0.0,"wi":32.79,"ei":6.53,"as":273.51,"mi":"E","mv":71020,"sc":1,"lpe":99.99,"lpr":1428.56,"lq":1.0},{"pi":"423744","pc":"Промышленные товары","ss":100,"td":"Окраина","dc":1,"n":49.88,"vc":"около 50","sl":"Нормальный","sv":"менее 50","p":1504.81,"q":1.05,"b":0.0,"wi":32.79,"ei":6.53,"as":273.51,"mi":"E","mv":71020,"sc":1,"lpe":99.99,"lpr":1428.56,"lq":1.0},{"pi":"423744","pc":"Промышленные товары","ss":100,"td":"Окраина","dc":1,"n":49.88,"vc":"около 50","sl":"Нормальный","sv":"менее 50","p":1504.81,"q":1.05,"b":0.0,"wi":32.79,"ei":6.53,"as":273.51,"mi":"E","mv":71020,"sc":1,"lpe":99.99,"lpr":1428.56,"lq":1.0},{"pi":"423744","pc":"Промышленные товары","ss":100,"td":"Окраина","dc":1,"n":49.88,"vc":"около 50","sl":"Нормальный","sv":"менее 50","p":1504.81,"q":1.05,"b":0.0,"wi":32.79,"ei":6.53,"as":273.51,"mi":"E","mv":71020,"sc":1,"lpe":99.99,"lpr":1428.56,"lq":1.0},{"pi":"423744","pc":"Промышленные товары","ss":100,"td":"Окраина","dc":1,"n":49.88,"vc":"около 50","sl":"Нормальный","sv":"менее 50","p":1504.81,"q":1.05,"b":0.0,"wi":32.79,"ei":6.53,"as":273.51,"mi":"E","mv":71020,"sc":1,"lpe":99.99,"lpr":1428.56,"lq":1.0},{"pi":"423744","pc":"Промышленные товары","ss":100000,"td":"Центр города","dc":2,"n":532.55,"vc":"около 500 000","sl":"Очень высокий","sv":"около 3 000","p":3000.0,"q":18.28,"b":0.0,"wi":38.3,"ei":6.3,"as":318.94,"mi":"E","mv":62157,"sc":1,"lpe":95.17,"lpr":1521.71,"lq":1.0},{"pi":"423744","pc":"Промышленные товары","ss":100000,"td":"Центр города","dc":2,"n":532.55,"vc":"около 500 000","sl":"Очень высокий","sv":"около 3 000","p":3000.0,"q":18.28,"b":0.0,"wi":38.3,"ei":6.3,"as":318.94,"mi":"E","mv":62157,"sc":1,"lpe":95.17,"lpr":1521.71,"lq":1.0},{"pi":"423744","pc":"Промышленные товары","ss":100000,"td":"Центр города","dc":2,"n":532.55,"vc":"около 500 000","sl":"Очень высокий","sv":"около 3 000","p":3000.0,"q":18.28,"b":0.0,"wi":38.3,"ei":6.3,"as":318.94,"mi":"E","mv":62157,"sc":1,"lpe":95.17,"lpr":1521.71,"lq":1.0},{"pi":"423744","pc":"Промышленные товары","ss":100000,"td":"Центр города","dc":2,"n":532.55,"vc":"около 500 000","sl":"Очень высокий","sv":"около 3 000","p":3000.0,"q":18.28,"b":0.0,"wi":38.3,"ei":6.3,"as":318.94,"mi":"E","mv":62157,"sc":1,"lpe":95.17,"lpr":1521.71,"lq":1.0},{"pi":"423744","pc":"Промышленные товары","ss":100000,"td":"Центр города","dc":2,"n":532.55,"vc":"около 500 000","sl":"Очень высокий","sv":"около 3 000","p":3000.0,"q":18.28,"b":0.0,"wi":38.3,"ei":6.3,"as":318.94,"mi":"E","mv":62157,"sc":1,"lpe":95.17,"lpr":1521.71,"lq":1.0},{"pi":"423744","pc":"Промышленные товары","ss":100000,"td":"Центр города","dc":2,"n":532.55,"vc":"около 500 000","sl":"Очень высокий","sv":"около 3 000","p":3000.0,"q":18.28,"b":0.0,"wi":38.3,"ei":6.3,"as":318.94,"mi":"E","mv":62157,"sc":1,"lpe":95.17,"lpr":1521.71,"lq":1.0},{"pi":"423744","pc":"Промышленные товары","ss":100000,"td":"Центр города","dc":2,"n":532.55,"vc":"около 500 000","sl":"Очень высокий","sv":"около 3 000","p":3000.0,"q":18.28,"b":0.0,"wi":38.3,"ei":6.3,"as":318.94,"mi":"E","mv":62157,"sc":1,"lpe":95.17,"lpr":1521.71,"lq":1.0},{"pi":"423744","pc":"Промышленные товары","ss":100000,"td":"Центр города","dc":2,"n":532.55,"vc":"около 500 000","sl":"Очень высокий","sv":"около 3 000","p":3000.0,"q":18.28,"b":0.0,"wi":38.3,"ei":6.3,"as":318.94,"mi":"E","mv":62157,"sc":1,"lpe":95.17,"lpr":1521.71,"lq":1.0},{"pi":"423744","pc":"Промышленные товары","ss":100000,"td":"Центр города","dc":2,"n":532.55,"vc":"около 500 000","sl":"Очень высокий","sv":"около 3 000","p":3000.0,"q":18.28,"b":0.0,"wi":38.3,"ei":6.3,"as":318.94,"mi":"E","mv":62157,"sc":1,"lpe":95.17,"lpr":1521.71,"lq":1.0},{"pi":"423744","pc":"Промышленные товары","ss":100000,"td":"Центр города","dc":2,"n":532.55,"vc":"около 500 000","sl":"Очень высокий","sv":"около 3 000","p":3000.0,"q":18.28,"b":0.0,"wi":38.3,"ei":6.3,"as":318.94,"mi":"E","mv":62157,"sc":1,"lpe":95.17,"lpr":1521.71,"lq":1.0},{"pi":"423744","pc":"Промышленные товары","ss":100000,"td":"Центр города","dc":2,"n":532.55,"vc":"около 500 000","sl":"Очень высокий","sv":"около 3 000","p":3000.0,"q":18.28,"b":0.0,"wi":38.3,"ei":6.3,"as":318.94,"mi":"E","mv":62157,"sc":1,"lpe":95.17,"lpr":1521.71,"lq":1.0},{"pi":"423744","pc":"Промышленные товары","ss":100000,"td":"Центр города","dc":2,"n":532.55,"vc":"около 500 000","sl":"Очень высокий","sv":"около 3 000","p":3000.0,"q":18.28,"b":0.0,"wi":38.3,"ei":6.3,"as":318.94,"mi":"E","mv":62157,"sc":1,"lpe":95.17,"lpr":1521.71,"lq":1.0},{"pi":"423744","pc":"Промышленные товары","ss":1000,"td":"Центр города","dc":1,"n":659.44,"vc":"около 10 000","sl":"Низкий","sv":"около 500","p":3000.0,"q":18.28,"b":0.0,"wi":22.51,"ei":5.44,"as":305.02,"mi":"E","mv":7209,"sc":1,"lpe":93.06,"lpr":1175.65,"lq":1.0},{"pi":"423744","pc":"Промышленные товары","ss":1000,"td":"Центр города","dc":1,"n":659.44,"vc":"около 10 000","sl":"Низкий","sv":"около 500","p":3000.0,"q":18.28,"b":0.0,"wi":22.51,"ei":5.44,"as":305.02,"mi":"E","mv":7209,"sc":1,"lpe":93.06,"lpr":1175.65,"lq":1.0},{"pi":"423744","pc":"Промышленные товары","ss":1000,"td":"Центр города","dc":1,"n":659.44,"vc":"около 10 000","sl":"Низкий","sv":"около 500","p":3000.0,"q":18.28,"b":0.0,"wi":22.51,"ei":5.44,"as":305.02,"mi":"E","mv":7209,"sc":1,"lpe":93.06,"lpr":1175.65,"lq":1.0},{"pi":"423744","pc":"Промышленные товары","ss":1000,"td":"Центр города","dc":1,"n":659.44,"vc":"около 10 000","sl":"Низкий","sv":"около 500","p":3000.0,"q":18.28,"b":0.0,"wi":22.51,"ei":5.44,"as":305.02,"mi":"E","mv":7209,"sc":1,"lpe":93.06,"lpr":1175.65,"lq":1.0},{"pi":"423744","pc":"Промышленные товары","ss":1000,"td":"Центр города","dc":1,"n":659.44,"vc":"около 10 000","sl":"Низкий","sv":"около 500","p":3000.0,"q":18.28,"b":0.0,"wi":22.51,"ei":5.44,"as":305.02,"mi":"E","mv":7209,"sc":1,"lpe":93.06,"lpr":1175.65,"lq":1.0},{"pi":"423744","pc":"Промышленные товары","ss":1000,"td":"Центр города","dc":1,"n":659.44,"vc":"около 10 000","sl":"Низкий","sv":"около 500","p":3000.0,"q":18.28,"b":0.0,"wi":22.51,"ei":5.44,"as":305.02,"mi":"E","mv":7209,"sc":1,"lpe":93.06,"lpr":1175.65,"lq":1.0},{"pi":"423744","pc":"Промышленные товары","ss":1000,"td":"Центр города","dc":1,"n":659.44,"vc":"около 10 000","sl":"Низкий","sv":"около 500","p":3000.0,"q":18.28,"b":0.0,"wi":22.51,"ei":5.44,"as":305.02,"mi":"E","mv":7209,"sc":1,"lpe":93.06,"lpr":1175.65,"lq":1.0},{"pi":"423744","pc":"Промышленные товары","ss":1000,"td":"Центр города","dc":1,"n":659.44,"vc":"около 10 000","sl":"Низкий","sv":"около 500","p":3000.0,"q":18.28,"b":0.0,"wi":22.51,"ei":5.44,"as":305.02,"mi":"E","mv":7209,"sc":1,"lpe":93.06,"lpr":1175.65,"lq":1.0},{"pi":"423744","pc":"Промышленные товары","ss":1000,"td":"Центр города","dc":1,"n":659.44,"vc":"около 10 000","sl":"Низкий","sv":"около 500","p":3000.0,"q":18.28,"b":0.0,"wi":22.51,"ei":5.44,"as":305.02,"mi":"E","mv":7209,"sc":1,"lpe":93.06,"lpr":1175.65,"lq":1.0},{"pi":"423744","pc":"Промышленные товары","ss":100,"td":"Спальный район","dc":1,"n":31.55,"vc":"около 50","sl":"Нормальный","sv":"менее 50","p":1335.43,"q":1.05,"b":0.0,"wi":47.97,"ei":6.57,"as":361.57,"mi":"E","mv":94783,"sc":1,"lpe":100.0,"lpr":1267.76,"lq":1.0},{"pi":"423744","pc":"Промышленные товары","ss":100,"td":"Спальный район","dc":1,"n":31.55,"vc":"около 50","sl":"Нормальный","sv":"менее 50","p":1335.43,"q":1.05,"b":0.0,"wi":47.97,"ei":6.57,"as":361.57,"mi":"E","mv":94783,"sc":1,"lpe":100.0,"lpr":1267.76,"lq":1.0},{"pi":"423744","pc":"Промышленные товары","ss":100,"td":"Спальный район","dc":1,"n":31.55,"vc":"около 50","sl":"Нормальный","sv":"менее 50","p":1335.43,"q":1.05,"b":0.0,"wi":47.97,"ei":6.57,"as":361.57,"mi":"E","mv":94783,"sc":1,"lpe":100.0,"lpr":1267.76,"lq":1.0},{"pi":"423744","pc":"Промышленные товары","ss":100,"td":"Спальный район","dc":1,"n":31.55,"vc":"около 50","sl":"Нормальный","sv":"менее 50","p":1335.43,"q":1.05,"b":0.0,"wi":47.97,"ei":6.57,"as":361.57,"mi":"E","mv":94783,"sc":1,"lpe":100.0,"lpr":1267.76,"lq":1.0},{"pi":"423744","pc":"Промышленные товары","ss":100,"td":"Спальный район","dc":1,"n":31.55,"vc":"около 50","sl":"Нормальный","sv":"менее 50","p":1335.43,"q":1.05,"b":0.0,"wi":47.97,"ei":6.57,"as":361.57,"mi":"E","mv":94783,"sc":1,"lpe":100.0,"lpr":1267.76,"lq":1.0},{"pi":"423744","pc":"Промышленные товары","ss":100,"td":"Спальный район","dc":1,"n":31.55,"vc":"около 50","sl":"Нормальный","sv":"менее 50","p":1335.43,"q":1.05,"b":0.0,"wi":47.97,"ei":6.57,"as":361.57,"mi":"E","mv":94783,"sc":1,"lpe":100.0,"lpr":1267.76,"lq":1.0},{"pi":"423744","pc":"Промышленные товары","ss":100,"td":"Спальный район","dc":1,"n":31.55,"vc":"около 50","sl":"Нормальный","sv":"менее 50","p":1335.43,"q":1.05,"b":0.0,"wi":47.97,"ei":6.57,"as":361.57,"mi":"E","mv":94783,"sc":1,"lpe":100.0,"lpr":1267.76,"lq":1.0},{"pi":"423744","pc":"Промышленные товары","ss":100,"td":"Спальный район","dc":1,"n":31.55,"vc":"около 50","sl":"Нормальный","sv":"менее 50","p":1335.43,"q":1.05,"b":0.0,"wi":47.97,"ei":6.57,"as":361.57,"mi":"E","mv":94783,"sc":1,"lpe":100.0,"lpr":1267.76,"lq":1.0},{"pi":"423744","pc":"Промышленные товары","ss":100,"td":"Спальный район","dc":1,"n":31.55,"vc":"около 50","sl":"Нормальный","sv":"менее 50","p":1335.43,"q":1.05,"b":0.0,"wi":47.97,"ei":6.57,"as":361.57,"mi":"E","mv":94783,"sc":1,"lpe":100.0,"lpr":1267.76,"lq":1.0},{"pi":"423744","pc":"Промышленные товары","ss":100,"td":"Спальный район","dc":1,"n":31.55,"vc":"около 50","sl":"Нормальный","sv":"менее 50","p":1335.43,"q":1.05,"b":0.0,"wi":47.97,"ei":6.57,"as":361.57,"mi":"E","mv":94783,"sc":1,"lpe":100.0,"lpr":1267.76,"lq":1.0},{"pi":"423744","pc":"Промышленные товары","ss":100,"td":"Спальный район","dc":1,"n":31.55,"vc":"около 50","sl":"Нормальный","sv":"менее 50","p":1335.43,"q":1.05,"b":0.0,"wi":47.97,"ei":6.57,"as":361.57,"mi":"E","mv":94783,"sc":1,"lpe":100.0,"lpr":1267.76,"lq":1.0},{"pi":"423744","pc":"Промышленные товары","ss":100,"td":"Спальный район","dc":1,"n":31.55,"vc":"около 50","sl":"Нормальный","sv":"менее 50","p":1335.43,"q":1.05,"b":0.0,"wi":47.97,"ei":6.57,"as":361.57,"mi":"E","mv":94783,"sc":1,"lpe":100.0,"lpr":1267.76,"lq":1.0},{"pi":"423744","pc":"Промышленные товары","ss":100,"td":"Спальный район","dc":1,"n":31.55,"vc":"около 50","sl":"Нормальный","sv":"менее 50","p":1335.43,"q":1.05,"b":0.0,"wi":47.97,"ei":6.57,"as":361.57,"mi":"E","mv":94783,"sc":1,"lpe":100.0,"lpr":1267.76,"lq":1.0},{"pi":"423744","pc":"Промышленные товары","ss":100,"td":"Спальный район","dc":1,"n":31.55,"vc":"около 50","sl":"Нормальный","sv":"менее 50","p":1335.43,"q":1.05,"b":0.0,"wi":47.97,"ei":6.57,"as":361.57,"mi":"E","mv":94783,"sc":1,"lpe":100.0,"lpr":1267.76,"lq":1.0},{"pi":"423744","pc":"Промышленные товары","ss":100,"td":"Спальный район","dc":1,"n":31.55,"vc":"около 50","sl":"Нормальный","sv":"менее 50","p":1335.43,"q":1.05,"b":0.0,"wi":47.97,"ei":6.57,"as":361.57,"mi":"E","mv":94783,"sc":1,"lpe":100.0,"lpr":1267.76,"lq":1.0},{"pi":"423744","pc":"Промышленные товары","ss":100,"td":"Окраина","dc":1,"n":49.75,"vc":"около 50","sl":"Нормальный","sv":"менее 50","p":1585.34,"q":1.05,"b":0.0,"wi":33.6,"ei":5.72,"as":236.15,"mi":"E","mv":57030,"sc":1,"lpe":100.0,"lpr":1575.54,"lq":1.0},{"pi":"423744","pc":"Промышленные товары","ss":100,"td":"Окраина","dc":1,"n":49.75,"vc":"около 50","sl":"Нормальный","sv":"менее 50","p":1585.34,"q":1.05,"b":0.0,"wi":33.6,"ei":5.72,"as":236.15,"mi":"E","mv":57030,"sc":1,"lpe":100.0,"lpr":1575.54,"lq":1.0},{"pi":"423744","pc":"Промышленные товары","ss":100,"td":"Окраина","dc":1,"n":49.75,"vc":"около 50","sl":"Нормальный","sv":"менее 50","p":1585.34,"q":1.05,"b":0.0,"wi":33.6,"ei":5.72,"as":236.15,"mi":"E","mv":57030,"sc":1,"lpe":100.0,"lpr":1575.54,"lq":1.0},{"pi":"423744","pc":"Промышленные товары","ss":100,"td":"Окраина","dc":1,"n":49.75,"vc":"около 50","sl":"Нормальный","sv":"менее 50","p":1585.34,"q":1.05,"b":0.0,"wi":33.6,"ei":5.72,"as":236.15,"mi":"E","mv":57030,"sc":1,"lpe":100.0,"lpr":1575.54,"lq":1.0},{"pi":"423744","pc":"Промышленные товары","ss":500,"td":"Центр города","dc":1,"n":17.6,"vc":"более 200","sl":"Высокий","sv":"менее 50","p":1125.67,"q":1.05,"b":0.0,"wi":22.45,"ei":11.32,"as":403.97,"mi":"E","mv":136748,"sc":1,"lpe":100.0,"lpr":1118.75,"lq":1.0},{"pi":"423744","pc":"Промышленные товары","ss":500,"td":"Центр города","dc":1,"n":17.6,"vc":"более 200","sl":"Высокий","sv":"менее 50","p":1125.67,"q":1.05,"b":0.0,"wi":22.45,"ei":11.32,"as":403.97,"mi":"E","mv":136748,"sc":1,"lpe":100.0,"lpr":1118.75,"lq":1.0},{"pi":"423744","pc":"Промышленные товары","ss":500,"td":"Центр города","dc":1,"n":17.6,"vc":"более 200","sl":"Высокий","sv":"менее 50","p":1125.67,"q":1.05,"b":0.0,"wi":22.45,"ei":11.32,"as":403.97,"mi":"E","mv":136748,"sc":1,"lpe":100.0,"lpr":1118.75,"lq":1.0},{"pi":"423744","pc":"Промышленные товары","ss":500,"td":"Центр города","dc":1,"n":17.6,"vc":"более 200","sl":"Высокий","sv":"менее 50","p":1125.67,"q":1.05,"b":0.0,"wi":22.45,"ei":11.32,"as":403.97,"mi":"E","mv":136748,"sc":1,"lpe":100.0,"lpr":1118.75,"lq":1.0},{"pi":"423744","pc":"Промышленные товары","ss":100,"td":"Окраина","dc":1,"n":49.75,"vc":"около 50","sl":"Нормальный","sv":"менее 50","p":311.22,"q":1.05,"b":0.0,"wi":20.69,"ei":5.97,"as":215.1,"mi":"E","mv":88112,"sc":1,"lpe":99.99,"lpr":295.44,"lq":1.0},{"pi":"423744","pc":"Промышленные товары","ss":100,"td":"Окраина","dc":1,"n":49.75,"vc":"около 50","sl":"Нормальный","sv":"менее 50","p":311.22,"q":1.05,"b":0.0,"wi":20.69,"ei":5.97,"as":215.1,"mi":"E","mv":88112,"sc":1,"lpe":99.99,"lpr":295.44,"lq":1.0},{"pi":"423744","pc":"Промышленные товары","ss":100,"td":"Окраина","dc":1,"n":49.75,"vc":"около 50","sl":"Нормальный","sv":"менее 50","p":311.22,"q":1.05,"b":0.0,"wi":20.69,"ei":5.97,"as":215.1,"mi":"E","mv":88112,"sc":1,"lpe":99.99,"lpr":295.44,"lq":1.0},{"pi":"423744","pc":"Промышленные товары","ss":100,"td":"Окраина","dc":1,"n":49.75,"vc":"около 50","sl":"Нормальный","sv":"менее 50","p":311.22,"q":1.05,"b":0.0,"wi":20.69,"ei":5.97,"as":215.1,"mi":"E","mv":88112,"sc":1,"lpe":99.99,"lpr":295.44,"lq":1.0},{"pi":"423744","pc":"Промышленные товары","ss":100,"td":"Окраина","dc":1,"n":49.75,"vc":"около 50","sl":"Нормальный","sv":"менее 50","p":311.22,"q":1.05,"b":0.0,"wi":20.69,"ei":5.97,"as":215.1,"mi":"E","mv":88112,"sc":1,"lpe":99.99,"lpr":295.44,"lq":1.0},{"pi":"423744","pc":"Промышленные товары","ss":100,"td":"Окраина","dc":1,"n":49.75,"vc":"около 50","sl":"Нормальный","sv":"менее 50","p":311.22,"q":1.05,"b":0.0,"wi":20.69,"ei":5.97,"as":215.1,"mi":"E","mv":88112,"sc":1,"lpe":99.99,"lpr":295.44,"lq":1.0},{"pi":"423744","pc":"Промышленные товары","ss":100,"td":"Окраина","dc":1,"n":49.75,"vc":"около 50","sl":"Нормальный","sv":"менее 50","p":311.22,"q":1.05,"b":0.0,"wi":20.69,"ei":5.97,"as":215.1,"mi":"E","mv":88112,"sc":1,"lpe":99.99,"lpr":295.44,"lq":1.0},{"pi":"423744","pc":"Промышленные товары","ss":100,"td":"Окраина","dc":1,"n":49.75,"vc":"около 50","sl":"Нормальный","sv":"менее 50","p":311.22,"q":1.05,"b":0.0,"wi":20.69,"ei":5.97,"as":215.1,"mi":"E","mv":88112,"sc":1,"lpe":99.99,"lpr":295.44,"lq":1.0},{"pi":"423744","pc":"Промышленные товары","ss":100,"td":"Окраина","dc":1,"n":49.75,"vc":"около 50","sl":"Нормальный","sv":"менее 50","p":311.22,"q":1.05,"b":0.0,"wi":20.69,"ei":5.97,"as":215.1,"mi":"E","mv":88112,"sc":1,"lpe":99.99,"lpr":295.44,"lq":1.0},{"pi":"423744","pc":"Промышленные товары","ss":100,"td":"Окраина","dc":1,"n":49.75,"vc":"около 50","sl":"Нормальный","sv":"менее 50","p":311.22,"q":1.05,"b":0.0,"wi":20.69,"ei":5.97,"as":215.1,"mi":"E","mv":88112,"sc":1,"lpe":99.99,"lpr":295.44,"lq":1.0},{"pi":"423744","pc":"Промышленные товары","ss":100,"td":"Окраина","dc":1,"n":49.75,"vc":"около 50","sl":"Нормальный","sv":"менее 50","p":311.22,"q":1.05,"b":0.0,"wi":20.69,"ei":5.97,"as":215.1,"mi":"E","mv":88112,"sc":1,"lpe":99.99,"lpr":295.44,"lq":1.0},{"pi":"423744","pc":"Промышленные товары","ss":100,"td":"Окраина","dc":1,"n":49.63,"vc":"около 50","sl":"Нормальный","sv":"менее 50","p":810.55,"q":1.05,"b":0.0,"wi":23.55,"ei":6.6,"as":292.51,"mi":"E","mv":60145,"sc":2,"lpe":100.0,"lpr":843.09,"lq":1.0},{"pi":"423744","pc":"Промышленные товары","ss":100,"td":"Окраина","dc":1,"n":49.63,"vc":"около 50","sl":"Нормальный","sv":"менее 50","p":810.55,"q":1.05,"b":0.0,"wi":23.55,"ei":6.6,"as":292.51,"mi":"E","mv":60145,"sc":2,"lpe":100.0,"lpr":843.09,"lq":1.0},{"pi":"423744","pc":"Промышленные товары","ss":100,"td":"Окраина","dc":1,"n":49.63,"vc":"около 50","sl":"Нормальный","sv":"менее 50","p":810.55,"q":1.05,"b":0.0,"wi":23.55,"ei":6.6,"as":292.51,"mi":"E","mv":60145,"sc":2,"lpe":100.0,"lpr":843.09,"lq":1.0},{"pi":"423744","pc":"Промышленные товары","ss":100,"td":"Окраина","dc":1,"n":49.63,"vc":"около 50","sl":"Нормальный","sv":"менее 50","p":810.55,"q":1.05,"b":0.0,"wi":23.55,"ei":6.6,"as":292.51,"mi":"E","mv":60145,"sc":2,"lpe":100.0,"lpr":843.09,"lq":1.0},{"pi":"423744","pc":"Промышленные товары","ss":100,"td":"Окраина","dc":1,"n":49.63,"vc":"около 50","sl":"Нормальный","sv":"менее 50","p":810.55,"q":1.05,"b":0.0,"wi":23.55,"ei":6.6,"as":292.51,"mi":"E","mv":60145,"sc":2,"lpe":100.0,"lpr":843.09,"lq":1.0},{"pi":"423744","pc":"Промышленные товары","ss":100,"td":"Окраина","dc":1,"n":49.63,"vc":"около 50","sl":"Нормальный","sv":"менее 50","p":810.55,"q":1.05,"b":0.0,"wi":23.55,"ei":6.6,"as":292.51,"mi":"E","mv":60145,"sc":2,"lpe":100.0,"lpr":843.09,"lq":1.0},{"pi":"423744","pc":"Промышленные товары","ss":100,"td":"Окраина","dc":1,"n":49.63,"vc":"около 50","sl":"Нормальный","sv":"менее 50","p":810.55,"q":1.05,"b":0.0,"wi":23.55,"ei":6.6,"as":292.51,"mi":"E","mv":60145,"sc":2,"lpe":100.0,"lpr":843.09,"lq":1.0},{"pi":"423744","pc":"Промышленные товары","ss":100,"td":"Окраина","dc":1,"n":49.63,"vc":"около 50","sl":"Нормальный","sv":"менее 50","p":810.55,"q":1.05,"b":0.0,"wi":23.55,"ei":6.6,"as":292.51,"mi":"E","mv":60145,"sc":2,"lpe":100.0,"lpr":843.09,"lq":1.0},{"pi":"423744","pc":"Промышленные товары","ss":100,"td":"Окраина","dc":1,"n":49.63,"vc":"около 50","sl":"Нормальный","sv":"менее 50","p":810.55,"q":1.05,"b":0.0,"wi":23.55,"ei":6.6,"as":292.51,"mi":"E","mv":60145,"sc":2,"lpe":100.0,"lpr":843.09,"lq":1.0},{"pi":"423744","pc":"Промышленные товары","ss":100,"td":"Окраина","dc":1,"n":49.63,"vc":"около 50","sl":"Нормальный","sv":"менее 50","p":810.55,"q":1.05,"b":0.0,"wi":23.55,"ei":6.6,"as":292.51,"mi":"E","mv":60145,"sc":2,"lpe":100.0,"lpr":843.09,"lq":1.0},{"pi":"423744","pc":"Промышленные товары","ss":100000,"td":"Центр города","dc":6,"n":491.47,"vc":"более 200 000","sl":"Нормальный","sv":"около 10 000","p":10000.0,"q":20.24,"b":0.0,"wi":67.78,"ei":3.99,"as":511.54,"mi":"E","mv":28502,"sc":1,"lpe":64.91,"lpr":5693.23,"lq":1.0},{"pi":"423744","pc":"Промышленные товары","ss":100000,"td":"Центр города","dc":6,"n":491.47,"vc":"более 200 000","sl":"Нормальный","sv":"около 10 000","p":10000.0,"q":20.24,"b":0.0,"wi":67.78,"ei":3.99,"as":511.54,"mi":"E","mv":28502,"sc":1,"lpe":64.91,"lpr":5693.23,"lq":1.0},{"pi":"423744","pc":"Промышленные товары","ss":100000,"td":"Центр города","dc":6,"n":491.47,"vc":"более 200 000","sl":"Нормальный","sv":"около 10 000","p":10000.0,"q":20.24,"b":0.0,"wi":67.78,"ei":3.99,"as":511.54,"mi":"E","mv":28502,"sc":1,"lpe":64.91,"lpr":5693.23,"lq":1.0},{"pi":"423744","pc":"Промышленные товары","ss":100000,"td":"Центр города","dc":6,"n":491.47,"vc":"более 200 000","sl":"Нормальный","sv":"около 10 000","p":10000.0,"q":20.24,"b":0.0,"wi":67.78,"ei":3.99,"as":511.54,"mi":"E","mv":28502,"sc":1,"lpe":64.91,"lpr":5693.23,"lq":1.0},{"pi":"423744","pc":"Промышленные товары","ss":100000,"td":"Центр города","dc":6,"n":491.47,"vc":"более 200 000","sl":"Нормальный","sv":"около 10 000","p":10000.0,"q":20.24,"b":0.0,"wi":67.78,"ei":3.99,"as":511.54,"mi":"E","mv":28502,"sc":1,"lpe":64.91,"lpr":5693.23,"lq":1.0},{"pi":"423744","pc":"Промышленные товары","ss":100000,"td":"Центр города","dc":6,"n":491.47,"vc":"более 200 000","sl":"Нормальный","sv":"около 10 000","p":10000.0,"q":20.24,"b":0.0,"wi":67.78,"ei":3.99,"as":511.54,"mi":"E","mv":28502,"sc":1,"lpe":64.91,"lpr":5693.23,"lq":1.0},{"pi":"423744","pc":"Промышленные товары","ss":100000,"td":"Центр города","dc":6,"n":491.47,"vc":"более 200 000","sl":"Нормальный","sv":"около 10 000","p":10000.0,"q":20.24,"b":0.0,"wi":67.78,"ei":3.99,"as":511.54,"mi":"E","mv":28502,"sc":1,"lpe":64.91,"lpr":5693.23,"lq":1.0},{"pi":"423744","pc":"Промышленные товары","ss":100000,"td":"Центр города","dc":6,"n":491.47,"vc":"более 200 000","sl":"Нормальный","sv":"около 10 000","p":10000.0,"q":20.24,"b":0.0,"wi":67.78,"ei":3.99,"as":511.54,"mi":"E","mv":28502,"sc":1,"lpe":64.91,"lpr":5693.23,"lq":1.0},{"pi":"423744","pc":"Промышленные товары","ss":100000,"td":"Центр города","dc":6,"n":491.47,"vc":"более 200 000","sl":"Нормальный","sv":"около 10 000","p":10000.0,"q":20.24,"b":0.0,"wi":67.78,"ei":3.99,"as":511.54,"mi":"E","mv":28502,"sc":1,"lpe":64.91,"lpr":5693.23,"lq":1.0},{"pi":"423744","pc":"Промышленные товары","ss":100000,"td":"Центр города","dc":6,"n":491.47,"vc":"более 200 000","sl":"Нормальный","sv":"около 10 000","p":10000.0,"q":20.24,"b":0.0,"wi":67.78,"ei":3.99,"as":511.54,"mi":"E","mv":28502,"sc":1,"lpe":64.91,"lpr":5693.23,"lq":1.0},{"pi":"423744","pc":"Промышленные товары","ss":100000,"td":"Центр города","dc":6,"n":491.47,"vc":"более 200 000","sl":"Нормальный","sv":"около 10 000","p":10000.0,"q":20.24,"b":0.0,"wi":67.78,"ei":3.99,"as":511.54,"mi":"E","mv":28502,"sc":1,"lpe":64.91,"lpr":5693.23,"lq":1.0},{"pi":"423744","pc":"Промышленные товары","ss":100000,"td":"Центр города","dc":6,"n":491.47,"vc":"более 200 000","sl":"Нормальный","sv":"около 10 000","p":10000.0,"q":20.24,"b":0.0,"wi":67.78,"ei":3.99,"as":511.54,"mi":"E","mv":28502,"sc":1,"lpe":64.91,"lpr":5693.23,"lq":1.0},{"pi":"423744","pc":"Промышленные товары","ss":100000,"td":"Центр города","dc":6,"n":491.47,"vc":"более 200 000","sl":"Нормальный","sv":"около 10 000","p":10000.0,"q":20.24,"b":0.0,"wi":67.78,"ei":3.99,"as":511.54,"mi":"E","mv":28502,"sc":1,"lpe":64.91,"lpr":5693.23,"lq":1.0},{"pi":"423744","pc":"Промышленные товары","ss":100000,"td":"Центр города","dc":1,"n":480.28,"vc":"около 500 000","sl":"Очень высокий","sv":"около 50 000","p":51513.0,"q":17.49,"b":3.02,"wi":181.13,"ei":9.56,"as":3050.25,"mi":"E","mv":274966,"sc":1,"lpe":83.44,"lpr":17924.64,"lq":1.0},{"pi":"423744","pc":"Промышленные товары","ss":100000,"td":"Центр города","dc":1,"n":480.28,"vc":"около 500 000","sl":"Очень высокий","sv":"около 50 000","p":51513.0,"q":17.49,"b":3.02,"wi":181.13,"ei":9.56,"as":3050.25,"mi":"E","mv":274966,"sc":1,"lpe":83.44,"lpr":17924.64,"lq":1.0},{"pi":"423744","pc":"Промышленные товары","ss":100000,"td":"Центр города","dc":1,"n":480.28,"vc":"около 500 000","sl":"Очень высокий","sv":"около 50 000","p":51513.0,"q":17.49,"b":3.02,"wi":181.13,"ei":9.56,"as":3050.25,"mi":"E","mv":274966,"sc":1,"lpe":83.44,"lpr":17924.64,"lq":1.0},{"pi":"423744","pc":"Промышленные товары","ss":100000,"td":"Центр города","dc":1,"n":480.28,"vc":"около 500 000","sl":"Очень высокий","sv":"около 50 000","p":51513.0,"q":17.49,"b":3.02,"wi":181.13,"ei":9.56,"as":3050.25,"mi":"E","mv":274966,"sc":1,"lpe":83.44,"lpr":17924.64,"lq":1.0},{"pi":"423744","pc":"Промышленные товары","ss":100000,"td":"Центр города","dc":1,"n":480.28,"vc":"около 500 000","sl":"Очень высокий","sv":"около 50 000","p":51513.0,"q":17.49,"b":3.02,"wi":181.13,"ei":9.56,"as":3050.25,"mi":"E","mv":274966,"sc":1,"lpe":83.44,"lpr":17924.64,"lq":1.0},{"pi":"423744","pc":"Промышленные товары","ss":100000,"td":"Центр города","dc":1,"n":480.28,"vc":"около 500 000","sl":"Очень высокий","sv":"около 50 000","p":51513.0,"q":17.49,"b":3.02,"wi":181.13,"ei":9.56,"as":3050.25,"mi":"E","mv":274966,"sc":1,"lpe":83.44,"lpr":17924.64,"lq":1.0},{"pi":"423744","pc":"Промышленные товары","ss":100000,"td":"Центр города","dc":1,"n":480.28,"vc":"около 500 000","sl":"Очень высокий","sv":"около 50 000","p":51513.0,"q":17.49,"b":3.02,"wi":181.13,"ei":9.56,"as":3050.25,"mi":"E","mv":274966,"sc":1,"lpe":83.44,"lpr":17924.64,"lq":1.0},{"pi":"423744","pc":"Промышленные товары","ss":100000,"td":"Центр города","dc":1,"n":480.28,"vc":"около 500 000","sl":"Очень высокий","sv":"около 50 000","p":51513.0,"q":17.49,"b":3.02,"wi":181.13,"ei":9.56,"as":3050.25,"mi":"E","mv":274966,"sc":1,"lpe":83.44,"lpr":17924.64,"lq":1.0},{"pi":"423744","pc":"Промышленные товары","ss":100000,"td":"Центр города","dc":1,"n":480.28,"vc":"около 500 000","sl":"Очень высокий","sv":"около 50 000","p":51513.0,"q":17.49,"b":3.02,"wi":181.13,"ei":9.56,"as":3050.25,"mi":"E","mv":274966,"sc":1,"lpe":83.44,"lpr":17924.64,"lq":1.0},{"pi":"423744","pc":"Промышленные товары","ss":100000,"td":"Центр города","dc":1,"n":480.28,"vc":"около 500 000","sl":"Очень высокий","sv":"около 50 000","p":51513.0,"q":17.49,"b":3.02,"wi":181.13,"ei":9.56,"as":3050.25,"mi":"E","mv":274966,"sc":1,"lpe":83.44,"lpr":17924.64,"lq":1.0},{"pi":"423744","pc":"Промышленные товары","ss":100000,"td":"Центр города","dc":1,"n":480.28,"vc":"около 500 000","sl":"Очень высокий","sv":"около 50 000","p":51513.0,"q":17.49,"b":3.02,"wi":181.13,"ei":9.56,"as":3050.25,"mi":"E","mv":274966,"sc":1,"lpe":83.44,"lpr":17924.64,"lq":1.0},{"pi":"423744","pc":"Промышленные товары","ss":100000,"td":"Фешенебельный район","dc":4,"n":323.75,"vc":"более 10 000","sl":"Элитный","sv":"более 100","p":3000.0,"q":19.75,"b":0.0,"wi":31.89,"ei":7.3,"as":307.23,"mi":"E","mv":339336,"sc":1,"lpe":99.94,"lpr":829.3,"lq":1.0},{"pi":"423744","pc":"Промышленные товары","ss":100000,"td":"Фешенебельный район","dc":4,"n":323.75,"vc":"более 10 000","sl":"Элитный","sv":"более 100","p":3000.0,"q":19.75,"b":0.0,"wi":31.89,"ei":7.3,"as":307.23,"mi":"E","mv":339336,"sc":1,"lpe":99.94,"lpr":829.3,"lq":1.0},{"pi":"423744","pc":"Промышленные товары","ss":100000,"td":"Фешенебельный район","dc":4,"n":323.75,"vc":"более 10 000","sl":"Элитный","sv":"более 100","p":3000.0,"q":19.75,"b":0.0,"wi":31.89,"ei":7.3,"as":307.23,"mi":"E","mv":339336,"sc":1,"lpe":99.94,"lpr":829.3,"lq":1.0},{"pi":"423744","pc":"Промышленные товары","ss":100000,"td":"Фешенебельный район","dc":4,"n":323.75,"vc":"более 10 000","sl":"Элитный","sv":"более 100","p":3000.0,"q":19.75,"b":0.0,"wi":31.89,"ei":7.3,"as":307.23,"mi":"E","mv":339336,"sc":1,"lpe":99.94,"lpr":829.3,"lq":1.0},{"pi":"423744","pc":"Промышленные товары","ss":100000,"td":"Фешенебельный район","dc":4,"n":323.75,"vc":"более 10 000","sl":"Элитный","sv":"более 100","p":3000.0,"q":19.75,"b":0.0,"wi":31.89,"ei":7.3,"as":307.23,"mi":"E","mv":339336,"sc":1,"lpe":99.94,"lpr":829.3,"lq":1.0},{"pi":"423744","pc":"Промышленные товары","ss":100000,"td":"Фешенебельный район","dc":4,"n":323.75,"vc":"более 10 000","sl":"Элитный","sv":"более 100","p":3000.0,"q":19.75,"b":0.0,"wi":31.89,"ei":7.3,"as":307.23,"mi":"E","mv":339336,"sc":1,"lpe":99.94,"lpr":829.3,"lq":1.0},{"pi":"423744","pc":"Промышленные товары","ss":100000,"td":"Фешенебельный район","dc":4,"n":323.75,"vc":"более 10 000","sl":"Элитный","sv":"более 100","p":3000.0,"q":19.75,"b":0.0,"wi":31.89,"ei":7.3,"as":307.23,"mi":"E","mv":339336,"sc":1,"lpe":99.94,"lpr":829.3,"lq":1.0},{"pi":"423744","pc":"Промышленные товары","ss":100000,"td":"Фешенебельный район","dc":4,"n":323.75,"vc":"более 10 000","sl":"Элитный","sv":"более 100","p":3000.0,"q":19.75,"b":0.0,"wi":31.89,"ei":7.3,"as":307.23,"mi":"E","mv":339336,"sc":1,"lpe":99.94,"lpr":829.3,"lq":1.0},{"pi":"423744","pc":"Промышленные товары","ss":100,"td":"Окраина","dc":1,"n":50.02,"vc":"около 50","sl":"Низкий","sv":"менее 50","p":1799.99,"q":12.27,"b":0.0,"wi":73.72,"ei":5.62,"as":332.91,"mi":"E","mv":47291,"sc":1,"lpe":99.99,"lpr":1964.02,"lq":1.0},{"pi":"423744","pc":"Промышленные товары","ss":100,"td":"Окраина","dc":1,"n":50.02,"vc":"около 50","sl":"Низкий","sv":"менее 50","p":1799.99,"q":12.27,"b":0.0,"wi":73.72,"ei":5.62,"as":332.91,"mi":"E","mv":47291,"sc":1,"lpe":99.99,"lpr":1964.02,"lq":1.0},{"pi":"423744","pc":"Промышленные товары","ss":100,"td":"Окраина","dc":1,"n":50.02,"vc":"около 50","sl":"Низкий","sv":"менее 50","p":1799.99,"q":12.27,"b":0.0,"wi":73.72,"ei":5.62,"as":332.91,"mi":"E","mv":47291,"sc":1,"lpe":99.99,"lpr":1964.02,"lq":1.0},{"pi":"423744","pc":"Промышленные товары","ss":100,"td":"Окраина","dc":1,"n":50.02,"vc":"около 50","sl":"Низкий","sv":"менее 50","p":1799.99,"q":12.27,"b":0.0,"wi":73.72,"ei":5.62,"as":332.91,"mi":"E","mv":47291,"sc":1,"lpe":99.99,"lpr":1964.02,"lq":1.0},{"pi":"423744","pc":"Промышленные товары","ss":100,"td":"Окраина","dc":1,"n":49.88,"vc":"около 50","sl":"Нормальный","sv":"менее 50","p":2083.73,"q":1.05,"b":0.0,"wi":50.31,"ei":6.51,"as":340.31,"mi":"E","mv":74268,"sc":1,"lpe":99.99,"lpr":1978.14,"lq":1.0},{"pi":"423744","pc":"Промышленные товары","ss":100,"td":"Окраина","dc":1,"n":49.88,"vc":"около 50","sl":"Нормальный","sv":"менее 50","p":2083.73,"q":1.05,"b":0.0,"wi":50.31,"ei":6.51,"as":340.31,"mi":"E","mv":74268,"sc":1,"lpe":99.99,"lpr":1978.14,"lq":1.0},{"pi":"423744","pc":"Промышленные товары","ss":100,"td":"Окраина","dc":1,"n":49.88,"vc":"около 50","sl":"Нормальный","sv":"менее 50","p":2083.73,"q":1.05,"b":0.0,"wi":50.31,"ei":6.51,"as":340.31,"mi":"E","mv":74268,"sc":1,"lpe":99.99,"lpr":1978.14,"lq":1.0},{"pi":"423744","pc":"Промышленные товары","ss":100,"td":"Окраина","dc":1,"n":49.88,"vc":"около 50","sl":"Нормальный","sv":"менее 50","p":2083.73,"q":1.05,"b":0.0,"wi":50.31,"ei":6.51,"as":340.31,"mi":"E","mv":74268,"sc":1,"lpe":99.99,"lpr":1978.14,"lq":1.0},{"pi":"423744","pc":"Промышленные товары","ss":100,"td":"Окраина","dc":1,"n":49.88,"vc":"около 50","sl":"Нормальный","sv":"менее 50","p":2083.73,"q":1.05,"b":0.0,"wi":50.31,"ei":6.51,"as":340.31,"mi":"E","mv":74268,"sc":1,"lpe":99.99,"lpr":1978.14,"lq":1.0},{"pi":"423744","pc":"Промышленные товары","ss":100,"td":"Окраина","dc":1,"n":49.88,"vc":"около 50","sl":"Нормальный","sv":"менее 50","p":2083.73,"q":1.05,"b":0.0,"wi":50.31,"ei":6.51,"as":340.31,"mi":"E","mv":74268,"sc":1,"lpe":99.99,"lpr":1978.14,"lq":1.0},{"pi":"423744","pc":"Промышленные товары","ss":100,"td":"Окраина","dc":1,"n":49.88,"vc":"около 50","sl":"Нормальный","sv":"менее 50","p":2083.73,"q":1.05,"b":0.0,"wi":50.31,"ei":6.51,"as":340.31,"mi":"E","mv":74268,"sc":1,"lpe":99.99,"lpr":1978.14,"lq":1.0},{"pi":"423744","pc":"Промышленные товары","ss":100,"td":"Окраина","dc":1,"n":49.88,"vc":"около 50","sl":"Нормальный","sv":"менее 50","p":2083.73,"q":1.05,"b":0.0,"wi":50.31,"ei":6.51,"as":340.31,"mi":"E","mv":74268,"sc":1,"lpe":99.99,"lpr":1978.14,"lq":1.0},{"pi":"423744","pc":"Промышленные товары","ss":100,"td":"Окраина","dc":1,"n":49.88,"vc":"около 50","sl":"Нормальный","sv":"менее 50","p":2083.73,"q":1.05,"b":0.0,"wi":50.31,"ei":6.51,"as":340.31,"mi":"E","mv":74268,"sc":1,"lpe":99.99,"lpr":1978.14,"lq":1.0},{"pi":"423744","pc":"Промышленные товары","ss":100,"td":"Окраина","dc":1,"n":49.88,"vc":"около 50","sl":"Нормальный","sv":"менее 50","p":2083.73,"q":1.05,"b":0.0,"wi":50.31,"ei":6.51,"as":340.31,"mi":"E","mv":74268,"sc":1,"lpe":99.99,"lpr":1978.14,"lq":1.0},{"pi":"423744","pc":"Промышленные товары","ss":100,"td":"Окраина","dc":1,"n":49.88,"vc":"около 50","sl":"Нормальный","sv":"менее 50","p":2083.73,"q":1.05,"b":0.0,"wi":50.31,"ei":6.51,"as":340.31,"mi":"E","mv":74268,"sc":1,"lpe":99.99,"lpr":1978.14,"lq":1.0},{"pi":"423744","pc":"Промышленные товары","ss":100,"td":"Окраина","dc":1,"n":49.88,"vc":"около 50","sl":"Нормальный","sv":"менее 50","p":2083.73,"q":1.05,"b":0.0,"wi":50.31,"ei":6.51,"as":340.31,"mi":"E","mv":74268,"sc":1,"lpe":99.99,"lpr":1978.14,"lq":1.0},{"pi":"423744","pc":"Промышленные товары","ss":100,"td":"Окраина","dc":1,"n":49.88,"vc":"около 50","sl":"Нормальный","sv":"менее 50","p":2083.73,"q":1.05,"b":0.0,"wi":50.31,"ei":6.51,"as":340.31,"mi":"E","mv":74268,"sc":1,"lpe":99.99,"lpr":1978.14,"lq":1.0},{"pi":"423744","pc":"Промышленные товары","ss":100,"td":"Окраина","dc":1,"n":49.88,"vc":"около 50","sl":"Нормальный","sv":"менее 50","p":2083.73,"q":1.05,"b":0.0,"wi":50.31,"ei":6.51,"as":340.31,"mi":"E","mv":74268,"sc":1,"lpe":99.99,"lpr":1978.14,"lq":1.0},{"pi":"423744","pc":"Промышленные товары","ss":100,"td":"Окраина","dc":1,"n":49.88,"vc":"около 50","sl":"Нормальный","sv":"менее 50","p":2083.73,"q":1.05,"b":0.0,"wi":50.31,"ei":6.51,"as":340.31,"mi":"E","mv":74268,"sc":1,"lpe":99.99,"lpr":1978.14,"lq":1.0},{"pi":"423744","pc":"Промышленные товары","ss":100,"td":"Окраина","dc":1,"n":49.88,"vc":"около 50","sl":"Нормальный","sv":"менее 50","p":2083.73,"q":1.05,"b":0.0,"wi":50.31,"ei":6.51,"as":340.31,"mi":"E","mv":74268,"sc":1,"lpe":99.99,"lpr":1978.14,"lq":1.0},{"pi":"423744","pc":"Промышленные товары","ss":100000,"td":"Центр города","dc":5,"n":285.38,"vc":"около 50 000","sl":"Элитный","sv":"более 3 000","p":3000.0,"q":19.75,"b":0.0,"wi":26.42,"ei":6.66,"as":159.28,"mi":"E","mv":639719,"sc":1,"lpe":99.52,"lpr":950.63,"lq":1.0},{"pi":"423744","pc":"Промышленные товары","ss":100000,"td":"Центр города","dc":5,"n":285.38,"vc":"около 50 000","sl":"Элитный","sv":"более 3 000","p":3000.0,"q":19.75,"b":0.0,"wi":26.42,"ei":6.66,"as":159.28,"mi":"E","mv":639719,"sc":1,"lpe":99.52,"lpr":950.63,"lq":1.0},{"pi":"423744","pc":"Промышленные товары","ss":100000,"td":"Центр города","dc":5,"n":285.38,"vc":"около 50 000","sl":"Элитный","sv":"более 3 000","p":3000.0,"q":19.75,"b":0.0,"wi":26.42,"ei":6.66,"as":159.28,"mi":"E","mv":639719,"sc":1,"lpe":99.52,"lpr":950.63,"lq":1.0},{"pi":"423744","pc":"Промышленные товары","ss":100000,"td":"Центр города","dc":5,"n":285.38,"vc":"около 50 000","sl":"Элитный","sv":"более 3 000","p":3000.0,"q":19.75,"b":0.0,"wi":26.42,"ei":6.66,"as":159.28,"mi":"E","mv":639719,"sc":1,"lpe":99.52,"lpr":950.63,"lq":1.0},{"pi":"423744","pc":"Промышленные товары","ss":100000,"td":"Центр города","dc":5,"n":285.38,"vc":"около 50 000","sl":"Элитный","sv":"более 3 000","p":3000.0,"q":19.75,"b":0.0,"wi":26.42,"ei":6.66,"as":159.28,"mi":"E","mv":639719,"sc":1,"lpe":99.52,"lpr":950.63,"lq":1.0},{"pi":"423744","pc":"Промышленные товары","ss":100000,"td":"Центр города","dc":5,"n":285.38,"vc":"около 50 000","sl":"Элитный","sv":"более 3 000","p":3000.0,"q":19.75,"b":0.0,"wi":26.42,"ei":6.66,"as":159.28,"mi":"E","mv":639719,"sc":1,"lpe":99.52,"lpr":950.63,"lq":1.0},{"pi":"423744","pc":"Промышленные товары","ss":100000,"td":"Центр города","dc":5,"n":285.38,"vc":"около 50 000","sl":"Элитный","sv":"более 3 000","p":3000.0,"q":19.75,"b":0.0,"wi":26.42,"ei":6.66,"as":159.28,"mi":"E","mv":639719,"sc":1,"lpe":99.52,"lpr":950.63,"lq":1.0},{"pi":"423744","pc":"Промышленные товары","ss":100000,"td":"Центр города","dc":5,"n":285.38,"vc":"около 50 000","sl":"Элитный","sv":"более 3 000","p":3000.0,"q":19.75,"b":0.0,"wi":26.42,"ei":6.66,"as":159.28,"mi":"E","mv":639719,"sc":1,"lpe":99.52,"lpr":950.63,"lq":1.0},{"pi":"423744","pc":"Промышленные товары","ss":100000,"td":"Центр города","dc":5,"n":285.38,"vc":"около 50 000","sl":"Элитный","sv":"более 3 000","p":3000.0,"q":19.75,"b":0.0,"wi":26.42,"ei":6.66,"as":159.28,"mi":"E","mv":639719,"sc":1,"lpe":99.52,"lpr":950.63,"lq":1.0},{"pi":"423744","pc":"Промышленные товары","ss":100000,"td":"Центр города","dc":5,"n":285.38,"vc":"около 50 000","sl":"Элитный","sv":"более 3 000","p":3000.0,"q":19.75,"b":0.0,"wi":26.42,"ei":6.66,"as":159.28,"mi":"E","mv":639719,"sc":1,"lpe":99.52,"lpr":950.63,"lq":1.0},{"pi":"423744","pc":"Промышленные товары","ss":100000,"td":"Центр города","dc":5,"n":285.38,"vc":"около 50 000","sl":"Элитный","sv":"более 3 000","p":3000.0,"q":19.75,"b":0.0,"wi":26.42,"ei":6.66,"as":159.28,"mi":"E","mv":639719,"sc":1,"lpe":99.52,"lpr":950.63,"lq":1.0},{"pi":"423744","pc":"Промышленные товары","ss":100000,"td":"Центр города","dc":5,"n":285.38,"vc":"около 50 000","sl":"Элитный","sv":"более 3 000","p":3000.0,"q":19.75,"b":0.0,"wi":26.42,"ei":6.66,"as":159.28,"mi":"E","mv":639719,"sc":1,"lpe":99.52,"lpr":950.63,"lq":1.0},{"pi":"423744","pc":"Промышленные товары","ss":100000,"td":"Центр города","dc":5,"n":285.38,"vc":"около 50 000","sl":"Элитный","sv":"более 3 000","p":3000.0,"q":19.75,"b":0.0,"wi":26.42,"ei":6.66,"as":159.28,"mi":"E","mv":639719,"sc":1,"lpe":99.52,"lpr":950.63,"lq":1.0},{"pi":"423744","pc":"Промышленные товары","ss":100000,"td":"Центр города","dc":5,"n":285.38,"vc":"около 50 000","sl":"Элитный","sv":"более 3 000","p":3000.0,"q":19.75,"b":0.0,"wi":26.42,"ei":6.66,"as":159.28,"mi":"E","mv":639719,"sc":1,"lpe":99.52,"lpr":950.63,"lq":1.0},{"pi":"423744","pc":"Промышленные товары","ss":100000,"td":"Центр города","dc":5,"n":285.38,"vc":"около 50 000","sl":"Элитный","sv":"более 3 000","p":3000.0,"q":19.75,"b":0.0,"wi":26.42,"ei":6.66,"as":159.28,"mi":"E","mv":639719,"sc":1,"lpe":99.52,"lpr":950.63,"lq":1.0},{"pi":"423744","pc":"Промышленные товары","ss":100000,"td":"Центр города","dc":5,"n":285.38,"vc":"около 50 000","sl":"Элитный","sv":"более 3 000","p":3000.0,"q":19.75,"b":0.0,"wi":26.42,"ei":6.66,"as":159.28,"mi":"E","mv":639719,"sc":1,"lpe":99.52,"lpr":950.63,"lq":1.0},{"pi":"423744","pc":"Промышленные товары","ss":100000,"td":"Центр города","dc":5,"n":285.38,"vc":"около 50 000","sl":"Элитный","sv":"более 3 000","p":3000.0,"q":19.75,"b":0.0,"wi":26.42,"ei":6.66,"as":159.28,"mi":"E","mv":639719,"sc":1,"lpe":99.52,"lpr":950.63,"lq":1.0},{"pi":"423744","pc":"Промышленные товары","ss":100000,"td":"Центр города","dc":5,"n":285.38,"vc":"около 50 000","sl":"Элитный","sv":"более 3 000","p":3000.0,"q":19.75,"b":0.0,"wi":26.42,"ei":6.66,"as":159.28,"mi":"E","mv":639719,"sc":1,"lpe":99.52,"lpr":950.63,"lq":1.0},{"pi":"423744","pc":"Промышленные товары","ss":100000,"td":"Центр города","dc":5,"n":285.38,"vc":"около 50 000","sl":"Элитный","sv":"более 3 000","p":3000.0,"q":19.75,"b":0.0,"wi":26.42,"ei":6.66,"as":159.28,"mi":"E","mv":639719,"sc":1,"lpe":99.52,"lpr":950.63,"lq":1.0},{"pi":"423744","pc":"Промышленные товары","ss":10000,"td":"Центр города","dc":2,"n":590.29,"vc":"около 50 000","sl":"Нормальный","sv":"около 1 000","p":2500.0,"q":18.28,"b":0.0,"wi":19.59,"ei":6.03,"as":407.64,"mi":"E","mv":24732,"sc":1,"lpe":95.96,"lpr":1490.73,"lq":1.0},{"pi":"423744","pc":"Промышленные товары","ss":10000,"td":"Центр города","dc":2,"n":590.29,"vc":"около 50 000","sl":"Нормальный","sv":"около 1 000","p":2500.0,"q":18.28,"b":0.0,"wi":19.59,"ei":6.03,"as":407.64,"mi":"E","mv":24732,"sc":1,"lpe":95.96,"lpr":1490.73,"lq":1.0},{"pi":"423744","pc":"Промышленные товары","ss":10000,"td":"Центр города","dc":2,"n":590.29,"vc":"около 50 000","sl":"Нормальный","sv":"около 1 000","p":2500.0,"q":18.28,"b":0.0,"wi":19.59,"ei":6.03,"as":407.64,"mi":"E","mv":24732,"sc":1,"lpe":95.96,"lpr":1490.73,"lq":1.0},{"pi":"423744","pc":"Промышленные товары","ss":10000,"td":"Центр города","dc":2,"n":590.29,"vc":"около 50 000","sl":"Нормальный","sv":"около 1 000","p":2500.0,"q":18.28,"b":0.0,"wi":19.59,"ei":6.03,"as":407.64,"mi":"E","mv":24732,"sc":1,"lpe":95.96,"lpr":1490.73,"lq":1.0},{"pi":"423744","pc":"Промышленные товары","ss":10000,"td":"Центр города","dc":2,"n":590.29,"vc":"около 50 000","sl":"Нормальный","sv":"около 1 000","p":2500.0,"q":18.28,"b":0.0,"wi":19.59,"ei":6.03,"as":407.64,"mi":"E","mv":24732,"sc":1,"lpe":95.96,"lpr":1490.73,"lq":1.0},{"pi":"423744","pc":"Промышленные товары","ss":10000,"td":"Центр города","dc":2,"n":590.29,"vc":"около 50 000","sl":"Нормальный","sv":"около 1 000","p":2500.0,"q":18.28,"b":0.0,"wi":19.59,"ei":6.03,"as":407.64,"mi":"E","mv":24732,"sc":1,"lpe":95.96,"lpr":1490.73,"lq":1.0},{"pi":"423744","pc":"Промышленные товары","ss":10000,"td":"Центр города","dc":2,"n":590.29,"vc":"около 50 000","sl":"Нормальный","sv":"около 1 000","p":2500.0,"q":18.28,"b":0.0,"wi":19.59,"ei":6.03,"as":407.64,"mi":"E","mv":24732,"sc":1,"lpe":95.96,"lpr":1490.73,"lq":1.0},{"pi":"423744","pc":"Промышленные товары","ss":10000,"td":"Центр города","dc":2,"n":590.29,"vc":"около 50 000","sl":"Нормальный","sv":"около 1 000","p":2500.0,"q":18.28,"b":0.0,"wi":19.59,"ei":6.03,"as":407.64,"mi":"E","mv":24732,"sc":1,"lpe":95.96,"lpr":1490.73,"lq":1.0},{"pi":"423744","pc":"Промышленные товары","ss":10000,"td":"Центр города","dc":2,"n":590.29,"vc":"около 50 000","sl":"Нормальный","sv":"около 1 000","p":2500.0,"q":18.28,"b":0.0,"wi":19.59,"ei":6.03,"as":407.64,"mi":"E","mv":24732,"sc":1,"lpe":95.96,"lpr":1490.73,"lq":1.0},{"pi":"423744","pc":"Промышленные товары","ss":10000,"td":"Центр города","dc":2,"n":590.29,"vc":"около 50 000","sl":"Нормальный","sv":"около 1 000","p":2500.0,"q":18.28,"b":0.0,"wi":19.59,"ei":6.03,"as":407.64,"mi":"E","mv":24732,"sc":1,"lpe":95.96,"lpr":1490.73,"lq":1.0},{"pi":"423744","pc":"Промышленные товары","ss":10000,"td":"Центр города","dc":2,"n":590.29,"vc":"около 50 000","sl":"Нормальный","sv":"около 1 000","p":2500.0,"q":18.28,"b":0.0,"wi":19.59,"ei":6.03,"as":407.64,"mi":"E","mv":24732,"sc":1,"lpe":95.96,"lpr":1490.73,"lq":1.0},{"pi":"423744","pc":"Промышленные товары","ss":10000,"td":"Центр города","dc":2,"n":590.29,"vc":"около 50 000","sl":"Нормальный","sv":"около 1 000","p":2500.0,"q":18.28,"b":0.0,"wi":19.59,"ei":6.03,"as":407.64,"mi":"E","mv":24732,"sc":1,"lpe":95.96,"lpr":1490.73,"lq":1.0},{"pi":"423744","pc":"Промышленные товары","ss":10000,"td":"Центр города","dc":2,"n":590.29,"vc":"около 50 000","sl":"Нормальный","sv":"около 1 000","p":2500.0,"q":18.28,"b":0.0,"wi":19.59,"ei":6.03,"as":407.64,"mi":"E","mv":24732,"sc":1,"lpe":95.96,"lpr":1490.73,"lq":1.0},{"pi":"423744","pc":"Промышленные товары","ss":10000,"td":"Центр города","dc":2,"n":590.29,"vc":"около 50 000","sl":"Нормальный","sv":"около 1 000","p":2500.0,"q":18.28,"b":0.0,"wi":19.59,"ei":6.03,"as":407.64,"mi":"E","mv":24732,"sc":1,"lpe":95.96,"lpr":1490.73,"lq":1.0},{"pi":"423744","pc":"Промышленные товары","ss":10000,"td":"Центр города","dc":2,"n":590.29,"vc":"около 50 000","sl":"Нормальный","sv":"около 1 000","p":2500.0,"q":18.28,"b":0.0,"wi":19.59,"ei":6.03,"as":407.64,"mi":"E","mv":24732,"sc":1,"lpe":95.96,"lpr":1490.73,"lq":1.0},{"pi":"423744","pc":"Промышленные товары","ss":10000,"td":"Центр города","dc":2,"n":590.29,"vc":"около 50 000","sl":"Нормальный","sv":"около 1 000","p":2500.0,"q":18.28,"b":0.0,"wi":19.59,"ei":6.03,"as":407.64,"mi":"E","mv":24732,"sc":1,"lpe":95.96,"lpr":1490.73,"lq":1.0},{"pi":"423744","pc":"Промышленные товары","ss":10000,"td":"Центр города","dc":2,"n":590.29,"vc":"около 50 000","sl":"Нормальный","sv":"около 1 000","p":2500.0,"q":18.28,"b":0.0,"wi":19.59,"ei":6.03,"as":407.64,"mi":"E","mv":24732,"sc":1,"lpe":95.96,"lpr":1490.73,"lq":1.0},{"pi":"423744","pc":"Промышленные товары","ss":10000,"td":"Центр города","dc":2,"n":590.29,"vc":"около 50 000","sl":"Нормальный","sv":"около 1 000","p":2500.0,"q":18.28,"b":0.0,"wi":19.59,"ei":6.03,"as":407.64,"mi":"E","mv":24732,"sc":1,"lpe":95.96,"lpr":1490.73,"lq":1.0},{"pi":"423744","pc":"Промышленные товары","ss":10000,"td":"Центр города","dc":2,"n":590.29,"vc":"около 50 000","sl":"Нормальный","sv":"около 1 000","p":2500.0,"q":18.28,"b":0.0,"wi":19.59,"ei":6.03,"as":407.64,"mi":"E","mv":24732,"sc":1,"lpe":95.96,"lpr":1490.73,"lq":1.0},{"pi":"423744","pc":"Промышленные товары","ss":10000,"td":"Центр города","dc":2,"n":590.29,"vc":"около 50 000","sl":"Нормальный","sv":"около 1 000","p":2500.0,"q":18.28,"b":0.0,"wi":19.59,"ei":6.03,"as":407.64,"mi":"E","mv":24732,"sc":1,"lpe":95.96,"lpr":1490.73,"lq":1.0},{"pi":"423744","pc":"Промышленные товары","ss":100,"td":"Окраина","dc":1,"n":49.75,"vc":"около 50","sl":"Нормальный","sv":"менее 50","p":1054.08,"q":1.05,"b":0.0,"wi":31.48,"ei":13.68,"as":394.93,"mi":"E","mv":75913,"sc":1,"lpe":99.99,"lpr":1047.57,"lq":1.0},{"pi":"423744","pc":"Промышленные товары","ss":100,"td":"Окраина","dc":1,"n":49.75,"vc":"около 50","sl":"Нормальный","sv":"менее 50","p":1054.08,"q":1.05,"b":0.0,"wi":31.48,"ei":13.68,"as":394.93,"mi":"E","mv":75913,"sc":1,"lpe":99.99,"lpr":1047.57,"lq":1.0},{"pi":"423744","pc":"Промышленные товары","ss":100,"td":"Окраина","dc":1,"n":49.75,"vc":"около 50","sl":"Нормальный","sv":"менее 50","p":1054.08,"q":1.05,"b":0.0,"wi":31.48,"ei":13.68,"as":394.93,"mi":"E","mv":75913,"sc":1,"lpe":99.99,"lpr":1047.57,"lq":1.0},{"pi":"423744","pc":"Промышленные товары","ss":100,"td":"Окраина","dc":1,"n":49.75,"vc":"около 50","sl":"Нормальный","sv":"менее 50","p":1054.08,"q":1.05,"b":0.0,"wi":31.48,"ei":13.68,"as":394.93,"mi":"E","mv":75913,"sc":1,"lpe":99.99,"lpr":1047.57,"lq":1.0},{"pi":"423744","pc":"Промышленные товары","ss":100,"td":"Окраина","dc":1,"n":49.75,"vc":"около 50","sl":"Нормальный","sv":"менее 50","p":1054.08,"q":1.05,"b":0.0,"wi":31.48,"ei":13.68,"as":394.93,"mi":"E","mv":75913,"sc":1,"lpe":99.99,"lpr":1047.57,"lq":1.0},{"pi":"423744","pc":"Промышленные товары","ss":100,"td":"Окраина","dc":1,"n":49.75,"vc":"около 50","sl":"Нормальный","sv":"менее 50","p":1054.08,"q":1.05,"b":0.0,"wi":31.48,"ei":13.68,"as":394.93,"mi":"E","mv":75913,"sc":1,"lpe":99.99,"lpr":1047.57,"lq":1.0},{"pi":"423744","pc":"Промышленные товары","ss":100,"td":"Окраина","dc":1,"n":49.75,"vc":"около 50","sl":"Нормальный","sv":"менее 50","p":1054.08,"q":1.05,"b":0.0,"wi":31.48,"ei":13.68,"as":394.93,"mi":"E","mv":75913,"sc":1,"lpe":99.99,"lpr":1047.57,"lq":1.0},{"pi":"423744","pc":"Промышленные товары","ss":100000,"td":"Центр города","dc":5,"n":511.29,"vc":"более 200 000","sl":"Нормальный","sv":"менее 50","p":3000.0,"q":19.75,"b":0.0,"wi":33.62,"ei":6.47,"as":334.97,"mi":"E","mv":21712,"sc":1,"lpe":100.0,"lpr":577.43,"lq":1.0},{"pi":"423744","pc":"Промышленные товары","ss":100000,"td":"Центр города","dc":5,"n":511.29,"vc":"более 200 000","sl":"Нормальный","sv":"менее 50","p":3000.0,"q":19.75,"b":0.0,"wi":33.62,"ei":6.47,"as":334.97,"mi":"E","mv":21712,"sc":1,"lpe":100.0,"lpr":577.43,"lq":1.0},{"pi":"423744","pc":"Промышленные товары","ss":100000,"td":"Центр города","dc":5,"n":511.29,"vc":"более 200 000","sl":"Нормальный","sv":"менее 50","p":3000.0,"q":19.75,"b":0.0,"wi":33.62,"ei":6.47,"as":334.97,"mi":"E","mv":21712,"sc":1,"lpe":100.0,"lpr":577.43,"lq":1.0},{"pi":"423744","pc":"Промышленные товары","ss":100000,"td":"Центр города","dc":5,"n":511.29,"vc":"более 200 000","sl":"Нормальный","sv":"менее 50","p":3000.0,"q":19.75,"b":0.0,"wi":33.62,"ei":6.47,"as":334.97,"mi":"E","mv":21712,"sc":1,"lpe":100.0,"lpr":577.43,"lq":1.0},{"pi":"423744","pc":"Промышленные товары","ss":100000,"td":"Центр города","dc":5,"n":511.29,"vc":"более 200 000","sl":"Нормальный","sv":"менее 50","p":3000.0,"q":19.75,"b":0.0,"wi":33.62,"ei":6.47,"as":334.97,"mi":"E","mv":21712,"sc":1,"lpe":100.0,"lpr":577.43,"lq":1.0},{"pi":"423744","pc":"Промышленные товары","ss":100000,"td":"Центр города","dc":5,"n":511.29,"vc":"более 200 000","sl":"Нормальный","sv":"менее 50","p":3000.0,"q":19.75,"b":0.0,"wi":33.62,"ei":6.47,"as":334.97,"mi":"E","mv":21712,"sc":1,"lpe":100.0,"lpr":577.43,"lq":1.0},{"pi":"423744","pc":"Промышленные товары","ss":100000,"td":"Центр города","dc":5,"n":511.29,"vc":"более 200 000","sl":"Нормальный","sv":"менее 50","p":3000.0,"q":19.75,"b":0.0,"wi":33.62,"ei":6.47,"as":334.97,"mi":"E","mv":21712,"sc":1,"lpe":100.0,"lpr":577.43,"lq":1.0},{"pi":"423744","pc":"Промышленные товары","ss":100000,"td":"Центр города","dc":5,"n":511.29,"vc":"более 200 000","sl":"Нормальный","sv":"менее 50","p":3000.0,"q":19.75,"b":0.0,"wi":33.62,"ei":6.47,"as":334.97,"mi":"E","mv":21712,"sc":1,"lpe":100.0,"lpr":577.43,"lq":1.0},{"pi":"423744","pc":"Промышленные товары","ss":100000,"td":"Центр города","dc":5,"n":511.29,"vc":"более 200 000","sl":"Нормальный","sv":"менее 50","p":3000.0,"q":19.75,"b":0.0,"wi":33.62,"ei":6.47,"as":334.97,"mi":"E","mv":21712,"sc":1,"lpe":100.0,"lpr":577.43,"lq":1.0},{"pi":"423744","pc":"Промышленные товары","ss":100000,"td":"Центр города","dc":5,"n":511.29,"vc":"более 200 000","sl":"Нормальный","sv":"менее 50","p":3000.0,"q":19.75,"b":0.0,"wi":33.62,"ei":6.47,"as":334.97,"mi":"E","mv":21712,"sc":1,"lpe":100.0,"lpr":577.43,"lq":1.0},{"pi":"423744","pc":"Промышленные товары","ss":100000,"td":"Центр города","dc":1,"n":491.19,"vc":"около 500 000","sl":"Элитный","sv":"менее 50","p":5000.0,"q":19.66,"b":0.0,"wi":31.96,"ei":6.0,"as":317.51,"mi":"E","mv":56010,"sc":1,"lpe":99.99,"lpr":874.88,"lq":1.0},{"pi":"423744","pc":"Промышленные товары","ss":100000,"td":"Центр города","dc":1,"n":491.19,"vc":"около 500 000","sl":"Элитный","sv":"менее 50","p":5000.0,"q":19.66,"b":0.0,"wi":31.96,"ei":6.0,"as":317.51,"mi":"E","mv":56010,"sc":1,"lpe":99.99,"lpr":874.88,"lq":1.0},{"pi":"423744","pc":"Промышленные товары","ss":100000,"td":"Центр города","dc":1,"n":491.19,"vc":"около 500 000","sl":"Элитный","sv":"менее 50","p":5000.0,"q":19.66,"b":0.0,"wi":31.96,"ei":6.0,"as":317.51,"mi":"E","mv":56010,"sc":1,"lpe":99.99,"lpr":874.88,"lq":1.0},{"pi":"423744","pc":"Промышленные товары","ss":100000,"td":"Центр города","dc":1,"n":491.19,"vc":"около 500 000","sl":"Элитный","sv":"менее 50","p":5000.0,"q":19.66,"b":0.0,"wi":31.96,"ei":6.0,"as":317.51,"mi":"E","mv":56010,"sc":1,"lpe":99.99,"lpr":874.88,"lq":1.0},{"pi":"423744","pc":"Промышленные товары","ss":100000,"td":"Центр города","dc":1,"n":491.19,"vc":"около 500 000","sl":"Элитный","sv":"менее 50","p":5000.0,"q":19.66,"b":0.0,"wi":31.96,"ei":6.0,"as":317.51,"mi":"E","mv":56010,"sc":1,"lpe":99.99,"lpr":874.88,"lq":1.0},{"pi":"423744","pc":"Промышленные товары","ss":100000,"td":"Центр города","dc":1,"n":491.19,"vc":"около 500 000","sl":"Элитный","sv":"менее 50","p":5000.0,"q":19.66,"b":0.0,"wi":31.96,"ei":6.0,"as":317.51,"mi":"E","mv":56010,"sc":1,"lpe":99.99,"lpr":874.88,"lq":1.0},{"pi":"423744","pc":"Промышленные товары","ss":100000,"td":"Центр города","dc":1,"n":491.19,"vc":"около 500 000","sl":"Элитный","sv":"менее 50","p":5000.0,"q":19.66,"b":0.0,"wi":31.96,"ei":6.0,"as":317.51,"mi":"E","mv":56010,"sc":1,"lpe":99.99,"lpr":874.88,"lq":1.0},{"pi":"423744","pc":"Промышленные товары","ss":100000,"td":"Центр города","dc":6,"n":466.97,"vc":"более 200 000","sl":"Нормальный","sv":"около 500","p":5000.0,"q":19.75,"b":0.0,"wi":33.86,"ei":4.81,"as":381.14,"mi":"E","mv":40118,"sc":1,"lpe":98.77,"lpr":1388.13,"lq":1.0},{"pi":"423744","pc":"Промышленные товары","ss":100000,"td":"Центр города","dc":6,"n":466.97,"vc":"более 200 000","sl":"Нормальный","sv":"около 500","p":5000.0,"q":19.75,"b":0.0,"wi":33.86,"ei":4.81,"as":381.14,"mi":"E","mv":40118,"sc":1,"lpe":98.77,"lpr":1388.13,"lq":1.0},{"pi":"423744","pc":"Промышленные товары","ss":100000,"td":"Центр города","dc":6,"n":466.97,"vc":"более 200 000","sl":"Нормальный","sv":"около 500","p":5000.0,"q":19.75,"b":0.0,"wi":33.86,"ei":4.81,"as":381.14,"mi":"E","mv":40118,"sc":1,"lpe":98.77,"lpr":1388.13,"lq":1.0},{"pi":"423744","pc":"Промышленные товары","ss":100000,"td":"Центр города","dc":6,"n":466.97,"vc":"более 200 000","sl":"Нормальный","sv":"около 500","p":5000.0,"q":19.75,"b":0.0,"wi":33.86,"ei":4.81,"as":381.14,"mi":"E","mv":40118,"sc":1,"lpe":98.77,"lpr":1388.13,"lq":1.0},{"pi":"423744","pc":"Промышленные товары","ss":100000,"td":"Центр города","dc":6,"n":466.97,"vc":"более 200 000","sl":"Нормальный","sv":"около 500","p":5000.0,"q":19.75,"b":0.0,"wi":33.86,"ei":4.81,"as":381.14,"mi":"E","mv":40118,"sc":1,"lpe":98.77,"lpr":1388.13,"lq":1.0},{"pi":"423744","pc":"Промышленные товары","ss":100000,"td":"Центр города","dc":6,"n":466.97,"vc":"более 200 000","sl":"Нормальный","sv":"около 500","p":5000.0,"q":19.75,"b":0.0,"wi":33.86,"ei":4.81,"as":381.14,"mi":"E","mv":40118,"sc":1,"lpe":98.77,"lpr":1388.13,"lq":1.0},{"pi":"423744","pc":"Промышленные товары","ss":100000,"td":"Центр города","dc":6,"n":466.97,"vc":"более 200 000","sl":"Нормальный","sv":"около 500","p":5000.0,"q":19.75,"b":0.0,"wi":33.86,"ei":4.81,"as":381.14,"mi":"E","mv":40118,"sc":1,"lpe":98.77,"lpr":1388.13,"lq":1.0},{"pi":"423744","pc":"Промышленные товары","ss":100000,"td":"Центр города","dc":6,"n":466.97,"vc":"более 200 000","sl":"Нормальный","sv":"около 500","p":5000.0,"q":19.75,"b":0.0,"wi":33.86,"ei":4.81,"as":381.14,"mi":"E","mv":40118,"sc":1,"lpe":98.77,"lpr":1388.13,"lq":1.0},{"pi":"423744","pc":"Промышленные товары","ss":100000,"td":"Центр города","dc":6,"n":466.97,"vc":"более 200 000","sl":"Нормальный","sv":"около 500","p":5000.0,"q":19.75,"b":0.0,"wi":33.86,"ei":4.81,"as":381.14,"mi":"E","mv":40118,"sc":1,"lpe":98.77,"lpr":1388.13,"lq":1.0},{"pi":"423744","pc":"Промышленные товары","ss":1000,"td":"Центр города","dc":1,"n":555.42,"vc":"около 5 000","sl":"Нормальный","sv":"около 1 000","p":8000.0,"q":16.51,"b":0.0,"wi":59.52,"ei":4.8,"as":311.24,"mi":"E","mv":10403,"sc":1,"lpe":90.59,"lpr":4299.71,"lq":1.0},{"pi":"423744","pc":"Промышленные товары","ss":1000,"td":"Центр города","dc":1,"n":555.42,"vc":"около 5 000","sl":"Нормальный","sv":"около 1 000","p":8000.0,"q":16.51,"b":0.0,"wi":59.52,"ei":4.8,"as":311.24,"mi":"E","mv":10403,"sc":1,"lpe":90.59,"lpr":4299.71,"lq":1.0},{"pi":"423744","pc":"Промышленные товары","ss":1000,"td":"Центр города","dc":1,"n":555.42,"vc":"около 5 000","sl":"Нормальный","sv":"около 1 000","p":8000.0,"q":16.51,"b":0.0,"wi":59.52,"ei":4.8,"as":311.24,"mi":"E","mv":10403,"sc":1,"lpe":90.59,"lpr":4299.71,"lq":1.0},{"pi":"423744","pc":"Промышленные товары","ss":1000,"td":"Центр города","dc":1,"n":555.42,"vc":"около 5 000","sl":"Нормальный","sv":"около 1 000","p":8000.0,"q":16.51,"b":0.0,"wi":59.52,"ei":4.8,"as":311.24,"mi":"E","mv":10403,"sc":1,"lpe":90.59,"lpr":4299.71,"lq":1.0},{"pi":"423744","pc":"Промышленные товары","ss":1000,"td":"Центр города","dc":1,"n":555.42,"vc":"около 5 000","sl":"Нормальный","sv":"около 1 000","p":8000.0,"q":16.51,"b":0.0,"wi":59.52,"ei":4.8,"as":311.24,"mi":"E","mv":10403,"sc":1,"lpe":90.59,"lpr":4299.71,"lq":1.0},{"pi":"423744","pc":"Промышленные товары","ss":1000,"td":"Центр города","dc":1,"n":555.42,"vc":"около 5 000","sl":"Нормальный","sv":"около 1 000","p":8000.0,"q":16.51,"b":0.0,"wi":59.52,"ei":4.8,"as":311.24,"mi":"E","mv":10403,"sc":1,"lpe":90.59,"lpr":4299.71,"lq":1.0},{"pi":"423744","pc":"Промышленные товары","ss":1000,"td":"Центр города","dc":1,"n":555.42,"vc":"около 5 000","sl":"Нормальный","sv":"около 1 000","p":8000.0,"q":16.51,"b":0.0,"wi":59.52,"ei":4.8,"as":311.24,"mi":"E","mv":10403,"sc":1,"lpe":90.59,"lpr":4299.71,"lq":1.0},{"pi":"423744","pc":"Промышленные товары","ss":1000,"td":"Центр города","dc":1,"n":555.42,"vc":"около 5 000","sl":"Нормальный","sv":"около 1 000","p":8000.0,"q":16.51,"b":0.0,"wi":59.52,"ei":4.8,"as":311.24,"mi":"E","mv":10403,"sc":1,"lpe":90.59,"lpr":4299.71,"lq":1.0},{"pi":"423744","pc":"Промышленные товары","ss":1000,"td":"Центр города","dc":1,"n":555.42,"vc":"около 5 000","sl":"Нормальный","sv":"около 1 000","p":8000.0,"q":16.51,"b":0.0,"wi":59.52,"ei":4.8,"as":311.24,"mi":"E","mv":10403,"sc":1,"lpe":90.59,"lpr":4299.71,"lq":1.0},{"pi":"423744","pc":"Промышленные товары","ss":10000,"td":"Центр города","dc":1,"n":526.24,"vc":"около 50 000","sl":"Очень высокий","sv":"около 10 000","p":9000.0,"q":16.51,"b":2.84,"wi":51.59,"ei":5.7,"as":270.0,"mi":"E","mv":57905,"sc":1,"lpe":87.05,"lpr":4093.4,"lq":1.16},{"pi":"423744","pc":"Промышленные товары","ss":10000,"td":"Центр города","dc":1,"n":526.24,"vc":"около 50 000","sl":"Очень высокий","sv":"около 10 000","p":9000.0,"q":16.51,"b":2.84,"wi":51.59,"ei":5.7,"as":270.0,"mi":"E","mv":57905,"sc":1,"lpe":87.05,"lpr":4093.4,"lq":1.16},{"pi":"423744","pc":"Промышленные товары","ss":10000,"td":"Центр города","dc":1,"n":526.24,"vc":"около 50 000","sl":"Очень высокий","sv":"около 10 000","p":9000.0,"q":16.51,"b":2.84,"wi":51.59,"ei":5.7,"as":270.0,"mi":"E","mv":57905,"sc":1,"lpe":87.05,"lpr":4093.4,"lq":1.16},{"pi":"423744","pc":"Промышленные товары","ss":10000,"td":"Центр города","dc":1,"n":526.24,"vc":"около 50 000","sl":"Очень высокий","sv":"около 10 000","p":9000.0,"q":16.51,"b":2.84,"wi":51.59,"ei":5.7,"as":270.0,"mi":"E","mv":57905,"sc":1,"lpe":87.05,"lpr":4093.4,"lq":1.16},{"pi":"423744","pc":"Промышленные товары","ss":10000,"td":"Центр города","dc":1,"n":526.24,"vc":"около 50 000","sl":"Очень высокий","sv":"около 10 000","p":9000.0,"q":16.51,"b":2.84,"wi":51.59,"ei":5.7,"as":270.0,"mi":"E","mv":57905,"sc":1,"lpe":87.05,"lpr":4093.4,"lq":1.16},{"pi":"423744","pc":"Промышленные товары","ss":10000,"td":"Центр города","dc":1,"n":526.24,"vc":"около 50 000","sl":"Очень высокий","sv":"около 10 000","p":9000.0,"q":16.51,"b":2.84,"wi":51.59,"ei":5.7,"as":270.0,"mi":"E","mv":57905,"sc":1,"lpe":87.05,"lpr":4093.4,"lq":1.16},{"pi":"423744","pc":"Промышленные товары","ss":10000,"td":"Центр города","dc":1,"n":526.24,"vc":"около 50 000","sl":"Очень высокий","sv":"около 10 000","p":9000.0,"q":16.51,"b":2.84,"wi":51.59,"ei":5.7,"as":270.0,"mi":"E","mv":57905,"sc":1,"lpe":87.05,"lpr":4093.4,"lq":1.16},{"pi":"423744","pc":"Промышленные товары","ss":10000,"td":"Центр города","dc":1,"n":526.24,"vc":"около 50 000","sl":"Очень высокий","sv":"около 10 000","p":9000.0,"q":16.51,"b":2.84,"wi":51.59,"ei":5.7,"as":270.0,"mi":"E","mv":57905,"sc":1,"lpe":87.05,"lpr":4093.4,"lq":1.16},{"pi":"423744","pc":"Промышленные товары","ss":100000,"td":"Центр города","dc":4,"n":438.37,"vc":"более 200 000","sl":"Очень высокий","sv":"около 100","p":3000.0,"q":19.75,"b":0.0,"wi":25.26,"ei":4.1,"as":184.2,"mi":"E","mv":60226,"sc":1,"lpe":99.86,"lpr":720.65,"lq":1.0},{"pi":"423744","pc":"Промышленные товары","ss":100000,"td":"Центр города","dc":4,"n":438.37,"vc":"более 200 000","sl":"Очень высокий","sv":"около 100","p":3000.0,"q":19.75,"b":0.0,"wi":25.26,"ei":4.1,"as":184.2,"mi":"E","mv":60226,"sc":1,"lpe":99.86,"lpr":720.65,"lq":1.0},{"pi":"423744","pc":"Промышленные товары","ss":100000,"td":"Центр города","dc":4,"n":438.37,"vc":"более 200 000","sl":"Очень высокий","sv":"около 100","p":3000.0,"q":19.75,"b":0.0,"wi":25.26,"ei":4.1,"as":184.2,"mi":"E","mv":60226,"sc":1,"lpe":99.86,"lpr":720.65,"lq":1.0},{"pi":"423744","pc":"Промышленные товары","ss":100000,"td":"Центр города","dc":4,"n":438.37,"vc":"более 200 000","sl":"Очень высокий","sv":"около 100","p":3000.0,"q":19.75,"b":0.0,"wi":25.26,"ei":4.1,"as":184.2,"mi":"E","mv":60226,"sc":1,"lpe":99.86,"lpr":720.65,"lq":1.0},{"pi":"423744","pc":"Промышленные товары","ss":100000,"td":"Центр города","dc":4,"n":438.37,"vc":"более 200 000","sl":"Очень высокий","sv":"около 100","p":3000.0,"q":19.75,"b":0.0,"wi":25.26,"ei":4.1,"as":184.2,"mi":"E","mv":60226,"sc":1,"lpe":99.86,"lpr":720.65,"lq":1.0},{"pi":"423744","pc":"Промышленные товары","ss":100000,"td":"Центр города","dc":4,"n":438.37,"vc":"более 200 000","sl":"Очень высокий","sv":"около 100","p":3000.0,"q":19.75,"b":0.0,"wi":25.26,"ei":4.1,"as":184.2,"mi":"E","mv":60226,"sc":1,"lpe":99.86,"lpr":720.65,"lq":1.0},{"pi":"423744","pc":"Промышленные товары","ss":100000,"td":"Центр города","dc":4,"n":438.37,"vc":"более 200 000","sl":"Очень высокий","sv":"около 100","p":3000.0,"q":19.75,"b":0.0,"wi":25.26,"ei":4.1,"as":184.2,"mi":"E","mv":60226,"sc":1,"lpe":99.86,"lpr":720.65,"lq":1.0},{"pi":"423744","pc":"Промышленные товары","ss":100000,"td":"Центр города","dc":4,"n":438.37,"vc":"более 200 000","sl":"Очень высокий","sv":"около 100","p":3000.0,"q":19.75,"b":0.0,"wi":25.26,"ei":4.1,"as":184.2,"mi":"E","mv":60226,"sc":1,"lpe":99.86,"lpr":720.65,"lq":1.0},{"pi":"423744","pc":"Промышленные товары","ss":100000,"td":"Центр города","dc":4,"n":438.37,"vc":"более 200 000","sl":"Очень высокий","sv":"около 100","p":3000.0,"q":19.75,"b":0.0,"wi":25.26,"ei":4.1,"as":184.2,"mi":"E","mv":60226,"sc":1,"lpe":99.86,"lpr":720.65,"lq":1.0},{"pi":"423744","pc":"Промышленные товары","ss":100000,"td":"Центр города","dc":4,"n":438.37,"vc":"более 200 000","sl":"Очень высокий","sv":"около 100","p":3000.0,"q":19.75,"b":0.0,"wi":25.26,"ei":4.1,"as":184.2,"mi":"E","mv":60226,"sc":1,"lpe":99.86,"lpr":720.65,"lq":1.0}]