[{"d":"31.05.2016","r":10.0,"q":1.1,"p":4900.0,"s":[{"ui":"3205358","t":10.0,"r":10.0,"q":1.1,"p":4900.0,"mot":"U","mo":10.0},{"cn":"","ui":"","t":0.0,"r":0.0,"q":0.0,"p":0.0,"mot":"L","mo":0.0}]},{"d":"01.06.2016","r":15.0,"q":1.1,"p":4900.0,"s":[{"ui":"3205358","t":15.0,"r":15.0,"q":1.1,"p":4900.0,"mot":"U","mo":15.0},{"cn":"","ui":"","t":0.0,"r":0.0,"q":0.0,"p":0.0,"mot":"L","mo":0.0}]},{"d":"02.06.2016","r":20.0,"q":1.37,"p":4900.0,"s":[{"ui":"3205358","t":20.0,"r":20.0,"q":1.37,"p":4900.0,"mot":"U","mo":20.0},{"cn":"","ui":"","t":0.0,"r":0.0,"q":0.0,"p":0.0,"mot":"L","mo":0.0}]},{"d":"03.06.2016","r":25.0,"q":1.59,"p":4900.0,"s":[{"ui":"3205358","t":25.0,"r":25.0,"q":1.59,"p":4900.0,"mot":"U","mo":25.0},{"cn":"","ui":"","t":0.0,"r":0.0,"q":0.0,"p":0.0,"mot":"L","mo":0.0}]},{"d":"04.06.2016","r":30.0,"q":1.75,"p":4900.0,"s":[{"ui":"3205358","t":30.0,"r":30.0,"q":1.75,"p":4900.0,"mot":"U","mo":30.0},{"cn":"","ui":"","t":0.0,"r":0.0,"q":0.0,"p":0.0,"mot":"L","mo":0.0}]},{"d":"05.06.2016","r":35.0,"q":1.88,"p":4900.0,"s":[{"ui":"3205358","t":35.0,"r":35.0,"q":1.88,"p":4900.0,"mot":"U","mo":35.0},{"cn":"","ui":"","t":0.0,"r":0.0,"q":0.0,"p":0.0,"mot":"L","mo":0.0}]},{"d":"06.06.2016","r":40.0,"q":1.98,"p":4900.0,"s":[{"ui":"3205358","t":40.0,"r":40.0,"q":1.98,"p":4900.0,"mot":"U","mo":40.0},{"cn":"","ui":"","t":0.0,"r":0.0,"q":0.0,"p":0.0,"mot":"L","mo":0.0}]},{"d":"07.06.2016","r":45.0,"q":2.05,"p":4900.0,"s":[{"ui":"3205358","t":45.0,"r":45.0,"q":2.05,"p":4900.0,"mot":"U","mo":45.0},{"cn":"","ui":"","t":0.0,"r":0.0,"q":0.0,"p":0.0,"mot":"L","mo":0.0}]},{"d":"08.06.2016","r":50.0,"q":2.11,"p":4900.0,"s":[{"ui":"3205358","t":50.0,"r":50.0,"q":2.11,"p":4900.0,"mot":"U","mo":50.0},{"cn":"","ui":"","t":0.0,"r":0.0,"q":0.0,"p":0.0,"mot":"L","mo":0.0}]},{"d":"09.06.2016","r":55.0,"q":2.17,"p":4900.0,"s":[{"ui":"3205358","t":55.0,"r":55.0,"q":2.17,"p":4900.0,"mot":"U","mo":55.0},{"cn":"","ui":"","t":0.0,"r":0.0,"q":0.0,"p":0.0,"mot":"L","mo":0.0}]},{"d":"10.06.2016","r":60.0,"q":2.21,"p":4900.0,"s":[{"ui":"3205358","t":60.0,"r":60.0,"q":2.21,"p":4900.0,"mot":"U","mo":60.0},{"cn":"","ui":"","t":0.0,"r":0.0,"q":0.0,"p":0.0,"mot":"L","mo":0.0}]},{"d":"11.06.2016","r":65.0,"q":2.26,"p":4900.0,"s":[{"ui":"3205358","t":65.0,"r":65.0,"q":2.26,"p":4900.0,"mot":"U","mo":65.0},{"cn":"","ui":"","t":0.0,"r":0.0,"q":0.0,"p":0.0,"mot":"L","mo":0.0}]},{"d":"12.06.2016","r":70.0,"q":2.32,"p":4900.0,"s":[{"ui":"3205358","t":70.0,"r":70.0,"q":2.32,"p":4900.0,"mot":"U","mo":70.0},{"cn":"","ui":"","t":0.0,"r":0.0,"q":0.0,"p":0.0,"mot":"L","mo":0.0}]},{"d":"13.06.2016","r":75.0,"q":2.37,"p":4860.0,"s":[{"ui":"3205358","t":75.0,"r":75.0,"q":2.37,"p":4860.0,"mot":"U","mo":75.0},{"cn":"","ui":"","t":0.0,"r":0.0,"q":0.0,"p":0.0,"mot":"L","mo":0.0}]},{"d":"14.06.2016","r":80.0,"q":2.43,"p":4860.0,"s":[{"ui":"3205358","t":80.0,"r":80.0,"q":2.43,"p":4860.0,"mot":"U","mo":80.0},{"cn":"","ui":"","t":0.0,"r":0.0,"q":0.0,"p":0.0,"mot":"L","mo":0.0}]},{"d":"15.06.2016","r":85.0,"q":2.48,"p":4860.0,"s":[{"ui":"3205358","t":85.0,"r":85.0,"q":2.48,"p":4860.0,"mot":"U","mo":85.0},{"cn":"","ui":"","t":0.0,"r":0.0,"q":0.0,"p":0.0,"mot":"L","mo":0.0}]},{"d":"16.06.2016","r":90.0,"q":2.53,"p":4860.0,"s":[{"ui":"3205358","t":90.0,"r":90.0,"q":2.53,"p":4860.0,"mot":"U","mo":90.0},{"cn":"","ui":"","t":0.0,"r":0.0,"q":0.0,"p":0.0,"mot":"L","mo":0.0}]},{"d":"17.06.2016","r":95.0,"q":2.58,"p":4860.0,"s":[{"ui":"3205358","t":95.0,"r":95.0,"q":2.58,"p":4860.0,"mot":"U","mo":95.0},{"cn":"","ui":"","t":0.0,"r":0.0,"q":0.0,"p":0.0,"mot":"L","mo":0.0}]},{"d":"18.06.2016","r":100.0,"q":2.62,"p":4860.0,"s":[{"ui":"3205358","t":100.0,"r":100.0,"q":2.62,"p":4860.0,"mot":"U","mo":100.0},{"cn":"","ui":"","t":0.0,"r":0.0,"q":0.0,"p":0.0,"mot":"L","mo":0.0}]},{"d":"19.06.2016","r":105.0,"q":2.66,"p":4860.0,"s":[{"ui":"3205358","t":105.0,"r":105.0,"q":2.66,"p":4860.0,"mot":"U","mo":105.0},{"cn":"","ui":"","t":0.0,"r":0.0,"q":0.0,"p":0.0,"mot":"L","mo":0.0}]},{"d":"20.06.2016","r":110.0,"q":2.7,"p":4860.0,"s":[{"ui":"3205358","t":110.0,"r":110.0,"q":2.7,"p":4860.0,"mot":"U","mo":110.0},{"cn":"","ui":"","t":0.0,"r":0.0,"q":0.0,"p":0.0,"mot":"L","mo":0.0}]},{"d":"21.06.2016","r":115.0,"q":2.74,"p":4860.0,"s":[{"ui":"3205358","t":115.0,"r":115.0,"q":2.74,"p":4860.0,"mot":"U","mo":115.0},{"cn":"","ui":"","t":0.0,"r":0.0,"q":0.0,"p":0.0,"mot":"L","mo":0.0}]},{"d":"22.06.2016","r":120.0,"q":2.77,"p":4860.0,"s":[{"ui":"3205358","t":120.0,"r":120.0,"q":2.77,"p":4860.0,"mot":"U","mo":120.0},{"cn":"","ui":"","t":0.0,"r":0.0,"q":0.0,"p":0.0,"mot":"L","mo":0.0}]},{"d":"23.06.2016","r":125.0,"q":2.81,"p":4860.0,"s":[{"ui":"3205358","t":125.0,"r":125.0,"q":2.81,"p":4860.0,"mot":"U","mo":125.0},{"cn":"","ui":"","t":0.0,"r":0.0,"q":0.0,"p":0.0,"mot":"L","mo":0.0}]},{"d":"24.06.2016","r":130.0,"q":2.84,"p":4860.0,"s":[{"ui":"3205358","t":130.0,"r":130.0,"q":2.84,"p":4860.0,"mot":"U","mo":130.0},{"cn":"","ui":"","t":0.0,"r":0.0,"q":0.0,"p":0.0,"mot":"L","mo":0.0}]},{"d":"25.06.2016","r":135.0,"q":2.87,"p":4860.0,"s":[{"ui":"3205358","t":135.0,"r":135.0,"q":2.87,"p":4860.0,"mot":"U","mo":135.0},{"cn":"","ui":"","t":0.0,"r":0.0,"q":0.0,"p":0.0,"mot":"L","mo":0.0}]},{"d":"26.06.2016","r":140.0,"q":2.9,"p":4860.0,"s":[{"ui":"3205358","t":140.0,"r":140.0,"q":2.9,"p":4860.0,"mot":"U","mo":140.0},{"cn":"","ui":"","t":0.0,"r":0.0,"q":0.0,"p":0.0,"mot":"L","mo":0.0}]},{"d":"27.06.2016","r":145.0,"q":2.93,"p":4820.0,"s":[{"ui":"3205358","t":145.0,"r":145.0,"q":2.93,"p":4820.0,"mot":"U","mo":145.0},{"cn":"","ui":"","t":0.0,"r":0.0,"q":0.0,"p":0.0,"mot":"L","mo":0.0}]},{"d":"28.06.2016","r":150.0,"q":2.96,"p":4820.0,"s":[{"ui":"3205358","t":150.0,"r":150.0,"q":2.96,"p":4820.0,"mot":"U","mo":150.0},{"cn":"","ui":"","t":0.0,"r":0.0,"q":0.0,"p":0.0,"mot":"L","mo":0.0}]},{"d":"29.06.2016","r":155.0,"q":2.99,"p":4820.0,"s":[{"ui":"3205358","t":155.0,"r":155.0,"q":2.99,"p":4820.0,"mot":"U","mo":155.0},{"cn":"","ui":"","t":0.0,"r":0.0,"q":0.0,"p":0.0,"mot":"L","mo":0.0}]},{"d":"30.06.2016","r":160.0,"q":3.03,"p":4820.0,"s":[{"ui":"3205358","t":160.0,"r":160.0,"q":3.03,"p":4820.0,"mot":"U","mo":160.0},{"cn":"","ui":"","t":0.0,"r":0.0,"q":0.0,"p":0.0,"mot":"L","mo":0.0}]},{"d":"01.07.2016","r":165.0,"q":3.06,"p":4820.0,"s":[{"ui":"3205358","t":165.0,"r":165.0,"q":3.06,"p":4820.0,"mot":"U","mo":165.0},{"cn":"","ui":"","t":0.0,"r":0.0,"q":0.0,"p":0.0,"mot":"L","mo":0.0}]},{"d":"02.07.2016","r":170.0,"q":3.09,"p":4820.0,"s":[{"ui":"3205358","t":170.0,"r":170.0,"q":3.09,"p":4820.0,"mot":"U","mo":170.0},{"cn":"","ui":"","t":0.0,"r":0.0,"q":0.0,"p":0.0,"mot":"L","mo":0.0}]},{"d":"03.07.2016","r":175.0,"q":3.12,"p":4820.0,"s":[{"ui":"3205358","t":175.0,"r":175.0,"q":3.12,"p":4820.0,"mot":"U","mo":175.0},{"cn":"","ui":"","t":0.0,"r":0.0,"q":0.0,"p":0.0,"mot":"L","mo":0.0}]},{"d":"04.07.2016","r":160.0,"q":3.15,"p":4820.0,"s":[{"ui":"3205358","t":170.0,"r":160.0,"q":3.15,"p":4820.0,"mot":"U","mo":160.0},{"cn":"","ui":"","t":0.0,"r":0.0,"q":0.0,"p":0.0,"mot":"L","mo":0.0}]},{"d":"05.07.2016","r":155.0,"q":3.19,"p":4820.0,"s":[{"ui":"3205358","t":165.0,"r":155.0,"q":3.19,"p":4820.0,"mot":"U","mo":155.0},{"cn":"","ui":"","t":0.0,"r":0.0,"q":0.0,"p":0.0,"mot":"L","mo":0.0}]},{"d":"06.07.2016","r":70.0,"q":3.23,"p":4820.0,"s":[{"ui":"3205358","t":120.0,"r":70.0,"q":3.23,"p":4820.0,"mot":"U","mo":70.0},{"cn":"","ui":"","t":0.0,"r":0.0,"q":0.0,"p":0.0,"mot":"L","mo":0.0}]},{"d":"07.07.2016","r":25.0,"q":3.31,"p":4820.0,"s":[{"ui":"3205358","t":75.0,"r":25.0,"q":3.31,"p":4820.0,"mot":"U","mo":25.0},{"cn":"","ui":"","t":0.0,"r":0.0,"q":0.0,"p":0.0,"mot":"L","mo":0.0}]},{"d":"26.09.2016","r":3422.0,"q":20.51,"p":200.0,"s":[{"ui":"3485920","t":103421.0,"r":3422.0,"q":20.51,"p":200.0,"mot":"U","mo":3422.0},{"cn":"","ui":"","t":0.0,"r":0.0,"q":0.0,"p":0.0,"mot":"L","mo":0.0}]},{"d":"27.09.2016","r":6844.0,"q":20.52,"p":200.0,"s":[{"ui":"3485920","t":106843.0,"r":6844.0,"q":20.52,"p":200.0,"mot":"U","mo":6844.0},{"cn":"","ui":"","t":0.0,"r":0.0,"q":0.0,"p":0.0,"mot":"L","mo":0.0}]},{"d":"28.09.2016","r":10156.0,"q":20.52,"p":200.0,"s":[{"ui":"3485920","t":110155.0,"r":10156.0,"q":20.52,"p":200.0,"mot":"U","mo":10156.0},{"cn":"","ui":"","t":0.0,"r":0.0,"q":0.0,"p":0.0,"mot":"L","mo":0.0}]},{"d":"29.09.2016","r":12838.0,"q":20.53,"p":200.0,"s":[{"ui":"3485920","t":112957.0,"r":12838.0,"q":20.53,"p":200.0,"mot":"U","mo":12838.0},{"cn":"","ui":"","t":0.0,"r":0.0,"q":0.0,"p":0.0,"mot":"L","mo":0.0}]},{"d":"30.09.2016","r":15038.0,"q":20.53,"p":200.0,"s":[{"ui":"3485920","t":115157.0,"r":15038.0,"q":20.53,"p":200.0,"mot":"U","mo":15038.0},{"cn":"","ui":"","t":0.0,"r":0.0,"q":0.0,"p":0.0,"mot":"L","mo":0.0}]},{"d":"01.10.2016","r":16286.0,"q":20.54,"p":200.0,"s":[{"ui":"3485920","t":117434.0,"r":16286.0,"q":20.54,"p":200.0,"mot":"U","mo":16286.0},{"cn":"","ui":"","t":0.0,"r":0.0,"q":0.0,"p":0.0,"mot":"L","mo":0.0}]},{"d":"02.10.2016","r":15554.0,"q":20.55,"p":200.0,"s":[{"ui":"3485920","t":117707.0,"r":15554.0,"q":20.55,"p":200.0,"mot":"U","mo":15554.0},{"cn":"","ui":"","t":0.0,"r":0.0,"q":0.0,"p":0.0,"mot":"L","mo":0.0}]},{"d":"03.10.2016","r":14770.0,"q":20.55,"p":200.0,"s":[{"ui":"3485920","t":115924.0,"r":14770.0,"q":20.55,"p":200.0,"mot":"U","mo":14770.0},{"cn":"","ui":"","t":0.0,"r":0.0,"q":0.0,"p":0.0,"mot":"L","mo":0.0}]},{"d":"30.10.2016","r":1772.0,"q":22.39,"p":200.0,"s":[{"ui":"3485920","t":108592.0,"r":1772.0,"q":22.39,"p":200.0,"mot":"U","mo":1772.0},{"cn":"","ui":"","t":0.0,"r":0.0,"q":0.0,"p":0.0,"mot":"L","mo":0.0}]},{"d":"15.11.2016","r":12458.0,"q":22.41,"p":200.0,"s":[{"ui":"3485920","t":114821.0,"r":12458.0,"q":22.41,"p":200.0,"mot":"U","mo":12458.0},{"cn":"","ui":"","t":0.0,"r":0.0,"q":0.0,"p":0.0,"mot":"L","mo":0.0}]},{"d":"16.11.2016","r":18687.0,"q":22.41,"p":200.0,"s":[{"ui":"3485920","t":121050.0,"r":18687.0,"q":22.41,"p":200.0,"mot":"U","mo":18687.0},{"cn":"","ui":"","t":0.0,"r":0.0,"q":0.0,"p":0.0,"mot":"L","mo":0.0}]},{"d":"17.11.2016","r":24866.0,"q":22.41,"p":200.0,"s":[{"ui":"3485920","t":127229.0,"r":24866.0,"q":22.41,"p":200.0,"mot":"U","mo":24866.0},{"cn":"","ui":"","t":0.0,"r":0.0,"q":0.0,"p":0.0,"mot":"L","mo":0.0}]},{"d":"18.11.2016","r":31095.0,"q":22.41,"p":200.0,"s":[{"ui":"3485920","t":133458.0,"r":31095.0,"q":22.41,"p":200.0,"mot":"U","mo":31095.0},{"cn":"","ui":"","t":0.0,"r":0.0,"q":0.0,"p":0.0,"mot":"L","mo":0.0}]},{"d":"19.11.2016","r":17324.0,"q":22.42,"p":200.0,"s":[{"ui":"3485920","t":129687.0,"r":17324.0,"q":22.42,"p":200.0,"mot":"U","mo":17324.0},{"cn":"","ui":"","t":0.0,"r":0.0,"q":0.0,"p":0.0,"mot":"L","mo":0.0}]},{"d":"20.11.2016","r":13453.0,"q":22.42,"p":200.0,"s":[{"ui":"3485920","t":125816.0,"r":13453.0,"q":22.42,"p":200.0,"mot":"U","mo":13453.0},{"cn":"","ui":"","t":0.0,"r":0.0,"q":0.0,"p":0.0,"mot":"L","mo":0.0}]},{"d":"21.11.2016","r":9682.0,"q":22.43,"p":200.0,"s":[{"ui":"3485920","t":122045.0,"r":9682.0,"q":22.43,"p":200.0,"mot":"U","mo":9682.0},{"cn":"","ui":"","t":0.0,"r":0.0,"q":0.0,"p":0.0,"mot":"L","mo":0.0}]},{"d":"22.11.2016","r":5911.0,"q":22.43,"p":200.0,"s":[{"ui":"3485920","t":118274.0,"r":5911.0,"q":22.43,"p":200.0,"mot":"U","mo":5911.0},{"cn":"","ui":"","t":0.0,"r":0.0,"q":0.0,"p":0.0,"mot":"L","mo":0.0}]},{"d":"14.12.2016","r":28046.0,"q":24.37,"p":200.0,"s":[{"ui":"3485920","t":128045.0,"r":28046.0,"q":24.37,"p":200.0,"mot":"U","mo":28046.0},{"cn":"","ui":"","t":0.0,"r":0.0,"q":0.0,"p":0.0,"mot":"L","mo":0.0}]},{"d":"15.12.2016","r":42069.0,"q":24.38,"p":200.0,"s":[{"ui":"3485920","t":142068.0,"r":42069.0,"q":24.38,"p":200.0,"mot":"U","mo":42069.0},{"cn":"","ui":"","t":0.0,"r":0.0,"q":0.0,"p":0.0,"mot":"L","mo":0.0}]},{"d":"16.12.2016","r":56092.0,"q":24.38,"p":200.0,"s":[{"ui":"3485920","t":156091.0,"r":56092.0,"q":24.38,"p":200.0,"mot":"U","mo":56092.0},{"cn":"","ui":"","t":0.0,"r":0.0,"q":0.0,"p":0.0,"mot":"L","mo":0.0}]},{"d":"17.12.2016","r":70115.0,"q":24.38,"p":200.0,"s":[{"ui":"3485920","t":170114.0,"r":70115.0,"q":24.38,"p":200.0,"mot":"U","mo":70115.0},{"cn":"","ui":"","t":0.0,"r":0.0,"q":0.0,"p":0.0,"mot":"L","mo":0.0}]},{"d":"18.12.2016","r":84138.0,"q":24.39,"p":200.0,"s":[{"ui":"3485920","t":184137.0,"r":84138.0,"q":24.39,"p":200.0,"mot":"U","mo":84138.0},{"cn":"","ui":"","t":0.0,"r":0.0,"q":0.0,"p":0.0,"mot":"L","mo":0.0}]},{"d":"19.12.2016","r":98161.0,"q":24.39,"p":200.0,"s":[{"ui":"3485920","t":198160.0,"r":98161.0,"q":24.39,"p":200.0,"mot":"U","mo":98161.0},{"cn":"","ui":"","t":0.0,"r":0.0,"q":0.0,"p":0.0,"mot":"L","mo":0.0}]},{"d":"20.12.2016","r":112184.0,"q":24.39,"p":200.0,"s":[{"ui":"3485920","t":212183.0,"r":112184.0,"q":24.39,"p":200.0,"mot":"U","mo":112184.0},{"cn":"","ui":"","t":0.0,"r":0.0,"q":0.0,"p":0.0,"mot":"L","mo":0.0}]},{"d":"21.12.2016","r":126207.0,"q":24.39,"p":200.0,"s":[{"ui":"3485920","t":226206.0,"r":126207.0,"q":24.39,"p":200.0,"mot":"U","mo":126207.0},{"cn":"","ui":"","t":0.0,"r":0.0,"q":0.0,"p":0.0,"mot":"L","mo":0.0}]},{"d":"22.12.2016","r":140230.0,"q":24.39,"p":200.0,"s":[{"ui":"3485920","t":240229.0,"r":140230.0,"q":24.39,"p":200.0,"mot":"U","mo":140230.0},{"cn":"","ui":"","t":0.0,"r":0.0,"q":0.0,"p":0.0,"mot":"L","mo":0.0}]},{"d":"23.12.2016","r":152253.0,"q":24.4,"p":200.0,"s":[{"ui":"3485920","t":253252.0,"r":152253.0,"q":24.4,"p":200.0,"mot":"U","mo":152253.0},{"cn":"","ui":"","t":0.0,"r":0.0,"q":0.0,"p":0.0,"mot":"L","mo":0.0}]},{"d":"24.12.2016","r":165276.0,"q":24.4,"p":200.0,"s":[{"ui":"3485920","t":266275.0,"r":165276.0,"q":24.4,"p":200.0,"mot":"U","mo":165276.0},{"cn":"","ui":"","t":0.0,"r":0.0,"q":0.0,"p":0.0,"mot":"L","mo":0.0}]},{"d":"25.12.2016","r":178299.0,"q":24.4,"p":200.0,"s":[{"ui":"3485920","t":279298.0,"r":178299.0,"q":24.4,"p":200.0,"mot":"U","mo":178299.0},{"cn":"","ui":"","t":0.0,"r":0.0,"q":0.0,"p":0.0,"mot":"L","mo":0.0}]},{"d":"26.12.2016","r":191322.0,"q":24.4,"p":200.0,"s":[{"ui":"3485920","t":292321.0,"r":191322.0,"q":24.4,"p":200.0,"mot":"U","mo":191322.0},{"cn":"","ui":"","t":0.0,"r":0.0,"q":0.0,"p":0.0,"mot":"L","mo":0.0}]},{"d":"27.12.2016","r":204345.0,"q":24.4,"p":200.0,"s":[{"ui":"3485920","t":305344.0,"r":204345.0,"q":24.4,"p":200.0,"mot":"U","mo":204345.0},{"cn":"","ui":"","t":0.0,"r":0.0,"q":0.0,"p":0.0,"mot":"L","mo":0.0}]},{"d":"28.12.2016","r":217368.0,"q":24.4,"p":200.0,"s":[{"ui":"3485920","t":318367.0,"r":217368.0,"q":24.4,"p":200.0,"mot":"U","mo":217368.0},{"cn":"","ui":"","t":0.0,"r":0.0,"q":0.0,"p":0.0,"mot":"L","mo":0.0}]},{"d":"29.12.2016","r":230391.0,"q":24.4,"p":200.0,"s":[{"ui":"3485920","t":331390.0,"r":230391.0,"q":24.4,"p":200.0,"mot":"U","mo":230391.0},{"cn":"","ui":"","t":0.0,"r":0.0,"q":0.0,"p":0.0,"mot":"L","mo":0.0}]},{"d":"30.12.2016","r":243414.0,"q":24.41,"p":200.0,"s":[{"ui":"3485920","t":344413.0,"r":243414.0,"q":24.41,"p":200.0,"mot":"U","mo":243414.0},{"cn":"","ui":"","t":0.0,"r":0.0,"q":0.0,"p":0.0,"mot":"L","mo":0.0}]},{"d":"31.12.2016","r":256437.0,"q":24.41,"p":200.0,"s":[{"ui":"3485920","t":357436.0,"r":256437.0,"q":24.41,"p":200.0,"mot":"U","mo":256437.0},{"cn":"","ui":"","t":0.0,"r":0.0,"q":0.0,"p":0.0,"mot":"L","mo":0.0}]},{"d":"01.01.2017","r":269460.0,"q":24.41,"p":200.0,"s":[{"ui":"3485920","t":370459.0,"r":269460.0,"q":24.41,"p":200.0,"mot":"U","mo":269460.0},{"cn":"","ui":"","t":0.0,"r":0.0,"q":0.0,"p":0.0,"mot":"L","mo":0.0}]},{"d":"02.01.2017","r":282483.0,"q":24.41,"p":200.0,"s":[{"ui":"3485920","t":383482.0,"r":282483.0,"q":24.41,"p":200.0,"mot":"U","mo":282483.0},{"cn":"","ui":"","t":0.0,"r":0.0,"q":0.0,"p":0.0,"mot":"L","mo":0.0}]},{"d":"03.01.2017","r":295506.0,"q":24.41,"p":200.0,"s":[{"ui":"3485920","t":396505.0,"r":295506.0,"q":24.41,"p":200.0,"mot":"U","mo":295506.0},{"cn":"","ui":"","t":0.0,"r":0.0,"q":0.0,"p":0.0,"mot":"L","mo":0.0}]},{"d":"04.01.2017","r":308529.0,"q":24.41,"p":200.0,"s":[{"ui":"3485920","t":409528.0,"r":308529.0,"q":24.41,"p":200.0,"mot":"U","mo":308529.0},{"cn":"","ui":"","t":0.0,"r":0.0,"q":0.0,"p":0.0,"mot":"L","mo":0.0}]},{"d":"05.01.2017","r":321352.0,"q":24.41,"p":200.0,"s":[{"ui":"3485920","t":422451.0,"r":321352.0,"q":24.41,"p":200.0,"mot":"U","mo":321352.0},{"cn":"","ui":"","t":0.0,"r":0.0,"q":0.0,"p":0.0,"mot":"L","mo":0.0}]},{"d":"06.01.2017","r":334275.0,"q":24.41,"p":200.0,"s":[{"ui":"3485920","t":435374.0,"r":334275.0,"q":24.41,"p":200.0,"mot":"U","mo":334275.0},{"cn":"","ui":"","t":0.0,"r":0.0,"q":0.0,"p":0.0,"mot":"L","mo":0.0}]},{"d":"07.01.2017","r":347198.0,"q":24.42,"p":200.0,"s":[{"ui":"3485920","t":448297.0,"r":347198.0,"q":24.42,"p":200.0,"mot":"U","mo":347198.0},{"cn":"","ui":"","t":0.0,"r":0.0,"q":0.0,"p":0.0,"mot":"L","mo":0.0}]},{"d":"08.01.2017","r":360121.0,"q":24.42,"p":200.0,"s":[{"ui":"3485920","t":461220.0,"r":360121.0,"q":24.42,"p":200.0,"mot":"U","mo":360121.0},{"cn":"","ui":"","t":0.0,"r":0.0,"q":0.0,"p":0.0,"mot":"L","mo":0.0}]},{"d":"09.01.2017","r":373044.0,"q":24.42,"p":200.0,"s":[{"ui":"3485920","t":474143.0,"r":373044.0,"q":24.42,"p":200.0,"mot":"U","mo":373044.0},{"cn":"","ui":"","t":0.0,"r":0.0,"q":0.0,"p":0.0,"mot":"L","mo":0.0}]},{"d":"10.01.2017","r":385967.0,"q":24.42,"p":200.0,"s":[{"ui":"3485920","t":487066.0,"r":385967.0,"q":24.42,"p":200.0,"mot":"U","mo":385967.0},{"cn":"","ui":"","t":0.0,"r":0.0,"q":0.0,"p":0.0,"mot":"L","mo":0.0}]},{"d":"11.01.2017","r":398890.0,"q":24.42,"p":200.0,"s":[{"ui":"3485920","t":499989.0,"r":398890.0,"q":24.42,"p":200.0,"mot":"U","mo":398890.0},{"cn":"","ui":"","t":0.0,"r":0.0,"q":0.0,"p":0.0,"mot":"L","mo":0.0}]},{"d":"12.01.2017","r":411813.0,"q":24.42,"p":200.0,"s":[{"ui":"3485920","t":512912.0,"r":411813.0,"q":24.42,"p":200.0,"mot":"U","mo":411813.0},{"cn":"","ui":"","t":0.0,"r":0.0,"q":0.0,"p":0.0,"mot":"L","mo":0.0}]},{"d":"13.01.2017","r":424736.0,"q":24.42,"p":200.0,"s":[{"ui":"3485920","t":525835.0,"r":424736.0,"q":24.42,"p":200.0,"mot":"U","mo":424736.0},{"cn":"","ui":"","t":0.0,"r":0.0,"q":0.0,"p":0.0,"mot":"L","mo":0.0}]},{"d":"14.01.2017","r":437659.0,"q":24.42,"p":200.0,"s":[{"ui":"3485920","t":538758.0,"r":437659.0,"q":24.42,"p":200.0,"mot":"U","mo":437659.0},{"cn":"","ui":"","t":0.0,"r":0.0,"q":0.0,"p":0.0,"mot":"L","mo":0.0}]},{"d":"15.01.2017","r":450582.0,"q":24.43,"p":200.0,"s":[{"ui":"3485920","t":551681.0,"r":450582.0,"q":24.43,"p":200.0,"mot":"U","mo":450582.0},{"cn":"","ui":"","t":0.0,"r":0.0,"q":0.0,"p":0.0,"mot":"L","mo":0.0}]},{"d":"16.01.2017","r":463505.0,"q":24.43,"p":200.0,"s":[{"ui":"3485920","t":564604.0,"r":463505.0,"q":24.43,"p":200.0,"mot":"U","mo":463505.0},{"cn":"","ui":"","t":0.0,"r":0.0,"q":0.0,"p":0.0,"mot":"L","mo":0.0}]},{"d":"17.01.2017","r":476428.0,"q":24.44,"p":200.0,"s":[{"ui":"3485920","t":577527.0,"r":476428.0,"q":24.44,"p":200.0,"mot":"U","mo":476428.0},{"cn":"","ui":"","t":0.0,"r":0.0,"q":0.0,"p":0.0,"mot":"L","mo":0.0}]},{"d":"18.01.2017","r":489351.0,"q":24.44,"p":200.0,"s":[{"ui":"3485920","t":590450.0,"r":489351.0,"q":24.44,"p":200.0,"mot":"U","mo":489351.0},{"cn":"","ui":"","t":0.0,"r":0.0,"q":0.0,"p":0.0,"mot":"L","mo":0.0}]},{"d":"19.01.2017","r":502274.0,"q":24.45,"p":200.0,"s":[{"ui":"3485920","t":603373.0,"r":502274.0,"q":24.45,"p":200.0,"mot":"U","mo":502274.0},{"cn":"","ui":"","t":0.0,"r":0.0,"q":0.0,"p":0.0,"mot":"L","mo":0.0}]},{"d":"20.01.2017","r":515201.0,"q":24.45,"p":200.0,"s":[{"ui":"3485920","t":616298.0,"r":515201.0,"q":24.45,"p":200.0,"mot":"U","mo":515201.0},{"cn":"","ui":"","t":0.0,"r":0.0,"q":0.0,"p":0.0,"mot":"L","mo":0.0}]},{"d":"21.01.2017","r":528126.0,"q":24.46,"p":200.0,"s":[{"ui":"3485920","t":629223.0,"r":528126.0,"q":24.46,"p":200.0,"mot":"U","mo":528126.0},{"cn":"","ui":"","t":0.0,"r":0.0,"q":0.0,"p":0.0,"mot":"L","mo":0.0}]},{"d":"22.01.2017","r":541247.0,"q":24.47,"p":200.0,"s":[{"ui":"3485920","t":642246.0,"r":541247.0,"q":24.47,"p":200.0,"mot":"U","mo":541247.0},{"cn":"","ui":"","t":0.0,"r":0.0,"q":0.0,"p":0.0,"mot":"L","mo":0.0}]},{"d":"23.01.2017","r":554270.0,"q":24.49,"p":200.0,"s":[{"ui":"3485920","t":655269.0,"r":554270.0,"q":24.49,"p":200.0,"mot":"U","mo":554270.0},{"cn":"","ui":"","t":0.0,"r":0.0,"q":0.0,"p":0.0,"mot":"L","mo":0.0}]},{"d":"24.01.2017","r":567293.0,"q":24.52,"p":200.0,"s":[{"ui":"3485920","t":668292.0,"r":567293.0,"q":24.52,"p":200.0,"mot":"U","mo":567293.0},{"cn":"","ui":"","t":0.0,"r":0.0,"q":0.0,"p":0.0,"mot":"L","mo":0.0}]},{"d":"25.01.2017","r":580316.0,"q":24.51,"p":200.0,"s":[{"ui":"3485920","t":681315.0,"r":580316.0,"q":24.51,"p":200.0,"mot":"U","mo":580316.0},{"cn":"","ui":"","t":0.0,"r":0.0,"q":0.0,"p":0.0,"mot":"L","mo":0.0}]},{"d":"26.01.2017","r":593319.0,"q":24.52,"p":200.0,"s":[{"ui":"3485920","t":694328.0,"r":593319.0,"q":24.52,"p":200.0,"mot":"U","mo":593319.0},{"cn":"","ui":"","t":0.0,"r":0.0,"q":0.0,"p":0.0,"mot":"L","mo":0.0}]},{"d":"27.01.2017","r":606332.0,"q":24.76,"p":200.0,"s":[{"ui":"3485920","t":707341.0,"r":606332.0,"q":24.76,"p":200.0,"mot":"U","mo":606332.0},{"cn":"","ui":"","t":0.0,"r":0.0,"q":0.0,"p":0.0,"mot":"L","mo":0.0}]},{"d":"28.01.2017","r":625036.0,"q":24.99,"p":200.0,"s":[{"ui":"3485920","t":726050.0,"r":625036.0,"q":24.99,"p":200.0,"mot":"U","mo":625036.0},{"cn":"","ui":"","t":0.0,"r":0.0,"q":0.0,"p":0.0,"mot":"L","mo":0.0}]},{"d":"29.01.2017","r":643545.0,"q":25.17,"p":200.0,"s":[{"ui":"3485920","t":744659.0,"r":643545.0,"q":25.17,"p":200.0,"mot":"U","mo":643545.0},{"cn":"","ui":"","t":0.0,"r":0.0,"q":0.0,"p":0.0,"mot":"L","mo":0.0}]},{"d":"30.01.2017","r":662344.0,"q":25.33,"p":200.0,"s":[{"ui":"3485920","t":763363.0,"r":662344.0,"q":25.33,"p":200.0,"mot":"U","mo":662344.0},{"cn":"","ui":"","t":0.0,"r":0.0,"q":0.0,"p":0.0,"mot":"L","mo":0.0}]},{"d":"31.01.2017","r":681043.0,"q":25.47,"p":200.0,"s":[{"ui":"3485920","t":782067.0,"r":681043.0,"q":25.47,"p":200.0,"mot":"U","mo":681043.0},{"cn":"","ui":"","t":0.0,"r":0.0,"q":0.0,"p":0.0,"mot":"L","mo":0.0}]},{"d":"01.02.2017","r":699742.0,"q":25.59,"p":200.0,"s":[{"ui":"3485920","t":800766.0,"r":699742.0,"q":25.59,"p":200.0,"mot":"U","mo":699742.0},{"cn":"","ui":"","t":0.0,"r":0.0,"q":0.0,"p":0.0,"mot":"L","mo":0.0}]},{"d":"02.02.2017","r":718441.0,"q":25.68,"p":200.0,"s":[{"ui":"3485920","t":819465.0,"r":718441.0,"q":25.68,"p":200.0,"mot":"U","mo":718441.0},{"cn":"","ui":"","t":0.0,"r":0.0,"q":0.0,"p":0.0,"mot":"L","mo":0.0}]},{"d":"03.02.2017","r":737130.0,"q":25.77,"p":200.0,"s":[{"ui":"3485920","t":838159.0,"r":737130.0,"q":25.77,"p":200.0,"mot":"U","mo":737130.0},{"cn":"","ui":"","t":0.0,"r":0.0,"q":0.0,"p":0.0,"mot":"L","mo":0.0}]},{"d":"04.02.2017","r":755824.0,"q":25.84,"p":200.0,"s":[{"ui":"3485920","t":856853.0,"r":755824.0,"q":25.84,"p":200.0,"mot":"U","mo":755824.0},{"cn":"","ui":"","t":0.0,"r":0.0,"q":0.0,"p":0.0,"mot":"L","mo":0.0}]},{"d":"05.02.2017","r":774508.0,"q":25.89,"p":200.0,"s":[{"ui":"3485920","t":875542.0,"r":774508.0,"q":25.89,"p":200.0,"mot":"U","mo":774508.0},{"cn":"","ui":"","t":0.0,"r":0.0,"q":0.0,"p":0.0,"mot":"L","mo":0.0}]},{"d":"06.02.2017","r":793197.0,"q":25.94,"p":200.0,"s":[{"ui":"3485920","t":894231.0,"r":793197.0,"q":25.94,"p":200.0,"mot":"U","mo":793197.0},{"cn":"","ui":"","t":0.0,"r":0.0,"q":0.0,"p":0.0,"mot":"L","mo":0.0}]},{"d":"07.02.2017","r":811881.0,"q":25.99,"p":200.0,"s":[{"ui":"3485920","t":912920.0,"r":811881.0,"q":25.99,"p":200.0,"mot":"U","mo":811881.0},{"cn":"","ui":"","t":0.0,"r":0.0,"q":0.0,"p":0.0,"mot":"L","mo":0.0}]},{"d":"08.02.2017","r":830565.0,"q":26.02,"p":200.0,"s":[{"ui":"3485920","t":931604.0,"r":830565.0,"q":26.02,"p":200.0,"mot":"U","mo":830565.0},{"cn":"","ui":"","t":0.0,"r":0.0,"q":0.0,"p":0.0,"mot":"L","mo":0.0}]},{"d":"09.02.2017","r":849249.0,"q":26.06,"p":200.0,"s":[{"ui":"3485920","t":950288.0,"r":849249.0,"q":26.06,"p":200.0,"mot":"U","mo":849249.0},{"cn":"","ui":"","t":0.0,"r":0.0,"q":0.0,"p":0.0,"mot":"L","mo":0.0}]},{"d":"10.02.2017","r":867913.0,"q":26.08,"p":200.0,"s":[{"ui":"3485920","t":968962.0,"r":867913.0,"q":26.08,"p":200.0,"mot":"U","mo":867913.0},{"cn":"","ui":"","t":0.0,"r":0.0,"q":0.0,"p":0.0,"mot":"L","mo":0.0}]},{"d":"11.02.2017","r":886587.0,"q":26.11,"p":200.0,"s":[{"ui":"3485920","t":987636.0,"r":886587.0,"q":26.11,"p":200.0,"mot":"U","mo":886587.0},{"cn":"","ui":"","t":0.0,"r":0.0,"q":0.0,"p":0.0,"mot":"L","mo":0.0}]},{"d":"12.02.2017","r":905261.0,"q":26.13,"p":200.0,"s":[{"ui":"3485920","t":1006310.0,"r":905261.0,"q":26.13,"p":200.0,"mot":"U","mo":905261.0},{"cn":"","ui":"","t":0.0,"r":0.0,"q":0.0,"p":0.0,"mot":"L","mo":0.0}]},{"d":"13.02.2017","r":923875.0,"q":26.14,"p":200.0,"s":[{"ui":"3485920","t":1024954.0,"r":923875.0,"q":26.14,"p":200.0,"mot":"U","mo":923875.0},{"cn":"","ui":"","t":0.0,"r":0.0,"q":0.0,"p":0.0,"mot":"L","mo":0.0}]},{"d":"14.02.2017","r":942519.0,"q":26.16,"p":200.0,"s":[{"ui":"3485920","t":1043598.0,"r":942519.0,"q":26.16,"p":200.0,"mot":"U","mo":942519.0},{"cn":"","ui":"","t":0.0,"r":0.0,"q":0.0,"p":0.0,"mot":"L","mo":0.0}]},{"d":"15.02.2017","r":961163.0,"q":26.17,"p":200.0,"s":[{"ui":"3485920","t":1062242.0,"r":961163.0,"q":26.17,"p":200.0,"mot":"U","mo":961163.0},{"cn":"","ui":"","t":0.0,"r":0.0,"q":0.0,"p":0.0,"mot":"L","mo":0.0}]},{"d":"16.02.2017","r":979607.0,"q":26.19,"p":200.0,"s":[{"ui":"3485920","t":1080786.0,"r":979607.0,"q":26.19,"p":200.0,"mot":"U","mo":979607.0},{"cn":"","ui":"","t":0.0,"r":0.0,"q":0.0,"p":0.0,"mot":"L","mo":0.0}]},{"d":"17.02.2017","r":997751.0,"q":26.2,"p":200.0,"s":[{"ui":"3485920","t":1099130.0,"r":997751.0,"q":26.2,"p":200.0,"mot":"U","mo":997751.0},{"cn":"","ui":"","t":0.0,"r":0.0,"q":0.0,"p":0.0,"mot":"L","mo":0.0}]},{"d":"18.02.2017","r":1014295.0,"q":26.22,"p":200.0,"s":[{"ui":"3485920","t":1116574.0,"r":1014295.0,"q":26.22,"p":200.0,"mot":"U","mo":1014295.0},{"cn":"","ui":"","t":0.0,"r":0.0,"q":0.0,"p":0.0,"mot":"L","mo":0.0}]},{"d":"19.02.2017","r":1031739.0,"q":26.23,"p":200.0,"s":[{"ui":"3485920","t":1134018.0,"r":1031739.0,"q":26.23,"p":200.0,"mot":"U","mo":1031739.0},{"cn":"","ui":"","t":0.0,"r":0.0,"q":0.0,"p":0.0,"mot":"L","mo":0.0}]},{"d":"20.02.2017","r":1041183.0,"q":26.24,"p":200.0,"s":[{"ui":"3485920","t":1147462.0,"r":1041183.0,"q":26.24,"p":200.0,"mot":"U","mo":1041183.0},{"cn":"","ui":"","t":0.0,"r":0.0,"q":0.0,"p":0.0,"mot":"L","mo":0.0}]},{"d":"21.02.2017","r":1054627.0,"q":26.25,"p":200.0,"s":[{"ui":"3485920","t":1160906.0,"r":1054627.0,"q":26.25,"p":200.0,"mot":"U","mo":1054627.0},{"cn":"","ui":"","t":0.0,"r":0.0,"q":0.0,"p":0.0,"mot":"L","mo":0.0}]},{"d":"22.02.2017","r":1057471.0,"q":26.26,"p":200.0,"s":[{"ui":"3485920","t":1169050.0,"r":1057471.0,"q":26.26,"p":200.0,"mot":"U","mo":1057471.0},{"cn":"","ui":"","t":0.0,"r":0.0,"q":0.0,"p":0.0,"mot":"L","mo":0.0}]},{"d":"23.02.2017","r":1065555.0,"q":26.27,"p":200.0,"s":[{"ui":"3485920","t":1177164.0,"r":1065555.0,"q":26.27,"p":200.0,"mot":"U","mo":1065555.0},{"cn":"","ui":"","t":0.0,"r":0.0,"q":0.0,"p":0.0,"mot":"L","mo":0.0}]},{"d":"24.02.2017","r":1073619.0,"q":26.28,"p":200.0,"s":[{"ui":"3485920","t":1185278.0,"r":1073619.0,"q":26.28,"p":200.0,"mot":"U","mo":1073619.0},{"cn":"","ui":"","t":0.0,"r":0.0,"q":0.0,"p":0.0,"mot":"L","mo":0.0}]},{"d":"25.02.2017","r":1081683.0,"q":26.29,"p":200.0,"s":[{"ui":"3485920","t":1193342.0,"r":1081683.0,"q":26.29,"p":200.0,"mot":"U","mo":1081683.0},{"cn":"","ui":"","t":0.0,"r":0.0,"q":0.0,"p":0.0,"mot":"L","mo":0.0}]},{"d":"26.02.2017","r":1083807.0,"q":26.29,"p":200.0,"s":[{"ui":"3485920","t":1198436.0,"r":1083807.0,"q":26.29,"p":200.0,"mot":"U","mo":1083807.0},{"cn":"","ui":"","t":0.0,"r":0.0,"q":0.0,"p":0.0,"mot":"L","mo":0.0}]},{"d":"27.02.2017","r":1086891.0,"q":26.3,"p":200.0,"s":[{"ui":"3485920","t":1202500.0,"r":1086891.0,"q":26.3,"p":200.0,"mot":"U","mo":1086891.0},{"cn":"","ui":"","t":0.0,"r":0.0,"q":0.0,"p":0.0,"mot":"L","mo":0.0}]},{"d":"28.02.2017","r":1091005.0,"q":26.3,"p":200.0,"s":[{"ui":"3485920","t":1206614.0,"r":1091005.0,"q":26.3,"p":200.0,"mot":"U","mo":1091005.0},{"cn":"","ui":"","t":0.0,"r":0.0,"q":0.0,"p":0.0,"mot":"L","mo":0.0}]},{"d":"01.03.2017","r":1095119.0,"q":26.31,"p":200.0,"s":[{"ui":"3485920","t":1210728.0,"r":1095119.0,"q":26.31,"p":200.0,"mot":"U","mo":1095119.0},{"cn":"","ui":"","t":0.0,"r":0.0,"q":0.0,"p":0.0,"mot":"L","mo":0.0}]},{"d":"02.03.2017","r":1099233.0,"q":26.31,"p":200.0,"s":[{"ui":"3485920","t":1214842.0,"r":1099233.0,"q":26.31,"p":200.0,"mot":"U","mo":1099233.0},{"cn":"","ui":"","t":0.0,"r":0.0,"q":0.0,"p":0.0,"mot":"L","mo":0.0}]},{"d":"03.03.2017","r":1103297.0,"q":26.32,"p":200.0,"s":[{"cn":"Maxi-Co LTD","ui":"3485920","t":1218956.0,"r":1103297.0,"q":26.32,"p":200.0,"mot":"U","mo":1103297.0},{"cn":"","ui":"","t":0.0,"r":0.0,"q":0.0,"p":0.0,"mot":"L","mo":0.0}]},{"d":"04.03.2017","r":1135361.0,"q":26.32,"p":200.0,"s":[{"cn":"Maxi-Co LTD","ui":"3485920","t":1237020.0,"r":1135361.0,"q":26.32,"p":200.0,"mot":"U","mo":1135361.0},{"cn":"","ui":"","t":0.0,"r":0.0,"q":0.0,"p":0.0,"mot":"L","mo":0.0}]},{"d":"05.03.2017","r":1153425.0,"q":26.32,"p":200.0,"s":[{"cn":"Maxi-Co LTD","ui":"3485920","t":1255084.0,"r":1153425.0,"q":26.32,"p":200.0,"mot":"U","mo":1153425.0},{"cn":"","ui":"","t":0.0,"r":0.0,"q":0.0,"p":0.0,"mot":"L","mo":0.0}]},{"d":"06.03.2017","r":1171439.0,"q":26.33,"p":200.0,"s":[{"cn":"Maxi-Co LTD","ui":"3485920","t":1273098.0,"r":1171439.0,"q":26.33,"p":200.0,"mot":"U","mo":1171439.0},{"cn":"","ui":"","t":0.0,"r":0.0,"q":0.0,"p":0.0,"mot":"L","mo":0.0}]},{"d":"07.03.2017","r":1189503.0,"q":26.33,"p":200.0,"s":[{"cn":"Maxi-Co LTD","ui":"3485920","t":1291162.0,"r":1189503.0,"q":26.33,"p":200.0,"mot":"U","mo":1189503.0},{"cn":"","ui":"","t":0.0,"r":0.0,"q":0.0,"p":0.0,"mot":"L","mo":0.0}]},{"d":"08.03.2017","r":1207567.0,"q":26.33,"p":200.0,"s":[{"cn":"Maxi-Co LTD","ui":"3485920","t":1309226.0,"r":1207567.0,"q":26.33,"p":200.0,"mot":"U","mo":1207567.0},{"cn":"","ui":"","t":0.0,"r":0.0,"q":0.0,"p":0.0,"mot":"L","mo":0.0}]},{"d":"10.03.2017","r":1243845.0,"q":26.34,"p":200.0,"s":[{"cn":"Maxi-Co LTD","ui":"3485920","t":1345454.0,"r":1243845.0,"q":26.34,"p":200.0,"mot":"U","mo":1243845.0},{"cn":"","ui":"","t":0.0,"r":0.0,"q":0.0,"p":0.0,"mot":"L","mo":0.0}]},{"d":"11.03.2017","r":1261949.0,"q":26.34,"p":200.0,"s":[{"cn":"Maxi-Co LTD","ui":"3485920","t":1363563.0,"r":1261949.0,"q":26.34,"p":200.0,"mot":"U","mo":1261949.0},{"cn":"","ui":"","t":0.0,"r":0.0,"q":0.0,"p":0.0,"mot":"L","mo":0.0}]},{"d":"12.03.2017","r":1280138.0,"q":26.34,"p":200.0,"s":[{"cn":"Maxi-Co LTD","ui":"3485920","t":1381712.0,"r":1280138.0,"q":26.34,"p":200.0,"mot":"U","mo":1280138.0},{"cn":"","ui":"","t":0.0,"r":0.0,"q":0.0,"p":0.0,"mot":"L","mo":0.0}]},{"d":"13.03.2017","r":1297787.0,"q":26.35,"p":200.0,"s":[{"cn":"Maxi-Co LTD","ui":"3485920","t":1399361.0,"r":1297787.0,"q":26.35,"p":200.0,"mot":"U","mo":1297787.0},{"cn":"","ui":"","t":0.0,"r":0.0,"q":0.0,"p":0.0,"mot":"L","mo":0.0}]},{"d":"14.03.2017","r":1315936.0,"q":26.36,"p":200.0,"s":[{"cn":"Maxi-Co LTD","ui":"3485920","t":1417510.0,"r":1315936.0,"q":26.36,"p":200.0,"mot":"U","mo":1315936.0},{"cn":"","ui":"","t":0.0,"r":0.0,"q":0.0,"p":0.0,"mot":"L","mo":0.0}]},{"d":"15.03.2017","r":1333073.0,"q":26.37,"p":200.0,"s":[{"cn":"Maxi-Co LTD","ui":"3485920","t":1435153.0,"r":1333073.0,"q":26.37,"p":200.0,"mot":"U","mo":1333073.0},{"cn":"","ui":"","t":0.0,"r":0.0,"q":0.0,"p":0.0,"mot":"L","mo":0.0}]},{"d":"16.03.2017","r":1346516.0,"q":26.39,"p":200.0,"s":[{"cn":"Maxi-Co LTD","ui":"3485920","t":1449196.0,"r":1346516.0,"q":26.39,"p":200.0,"mot":"U","mo":1346516.0},{"cn":"","ui":"","t":0.0,"r":0.0,"q":0.0,"p":0.0,"mot":"L","mo":0.0}]},{"d":"17.03.2017","r":1368445.0,"q":26.53,"p":200.0,"s":[{"cn":"Maxi-Co LTD","ui":"3485920","t":1471675.0,"r":1368445.0,"q":26.53,"p":200.0,"mot":"U","mo":1368445.0},{"cn":"","ui":"","t":0.0,"r":0.0,"q":0.0,"p":0.0,"mot":"L","mo":0.0}]},{"d":"18.03.2017","r":1384813.0,"q":26.66,"p":200.0,"s":[{"cn":"Maxi-Co LTD","ui":"3485920","t":1489493.0,"r":1384813.0,"q":26.66,"p":200.0,"mot":"U","mo":1384813.0},{"cn":"","ui":"","t":0.0,"r":0.0,"q":0.0,"p":0.0,"mot":"L","mo":0.0}]},{"d":"20.03.2017","r":1414171.0,"q":26.88,"p":200.0,"s":[{"cn":"Maxi-Co LTD","ui":"3485920","t":1523851.0,"r":1414171.0,"q":26.88,"p":200.0,"mot":"U","mo":1414171.0},{"cn":"","ui":"","t":0.0,"r":0.0,"q":0.0,"p":0.0,"mot":"L","mo":0.0}]},{"d":"21.03.2017","r":1430740.0,"q":26.98,"p":200.0,"s":[{"cn":"Maxi-Co LTD","ui":"3485920","t":1539900.0,"r":1430740.0,"q":26.98,"p":200.0,"mot":"U","mo":1430740.0},{"cn":"","ui":"","t":0.0,"r":0.0,"q":0.0,"p":0.0,"mot":"L","mo":0.0}]},{"d":"22.03.2017","r":19049.0,"q":28.07,"p":200.0,"s":[{"cn":"Maxi-Co LTD","ui":"3485920","t":125709.0,"r":19049.0,"q":28.07,"p":200.0,"mot":"U","mo":19049.0},{"cn":"","ui":"","t":0.0,"r":0.0,"q":0.0,"p":0.0,"mot":"L","mo":0.0}]},{"d":"23.03.2017","r":35098.0,"q":28.08,"p":200.0,"s":[{"cn":"Maxi-Co LTD","ui":"3485920","t":142758.0,"r":35098.0,"q":28.08,"p":200.0,"mot":"U","mo":35098.0},{"cn":"","ui":"","t":0.0,"r":0.0,"q":0.0,"p":0.0,"mot":"L","mo":0.0}]},{"d":"24.03.2017","r":43347.0,"q":28.08,"p":200.0,"s":[{"cn":"Maxi-Co LTD","ui":"3485920","t":155407.0,"r":43347.0,"q":28.08,"p":200.0,"mot":"U","mo":43347.0},{"cn":"","ui":"","t":0.0,"r":0.0,"q":0.0,"p":0.0,"mot":"L","mo":0.0}]},{"d":"25.03.2017","r":37996.0,"q":27.86,"p":200.0,"s":[{"cn":"Maxi-Co LTD","ui":"3485920","t":159056.0,"r":37996.0,"q":27.86,"p":200.0,"mot":"U","mo":37996.0},{"cn":"","ui":"","t":0.0,"r":0.0,"q":0.0,"p":0.0,"mot":"L","mo":0.0}]},{"d":"26.03.2017","r":37145.0,"q":28.04,"p":200.0,"s":[{"cn":"Maxi-Co LTD","ui":"3485920","t":157705.0,"r":37145.0,"q":28.04,"p":200.0,"mot":"U","mo":37145.0},{"cn":"","ui":"","t":0.0,"r":0.0,"q":0.0,"p":0.0,"mot":"L","mo":0.0}]},{"d":"27.03.2017","r":18294.0,"q":28.07,"p":200.0,"s":[{"cn":"Maxi-Co LTD","ui":"3485920","t":148354.0,"r":18294.0,"q":28.07,"p":200.0,"mot":"U","mo":18294.0},{"cn":"","ui":"","t":0.0,"r":0.0,"q":0.0,"p":0.0,"mot":"L","mo":0.0}]},{"d":"01.04.2017","r":2018.0,"q":28.09,"p":200.0,"s":[{"cn":"Maxi-Co LTD","ui":"3485920","t":126718.0,"r":2018.0,"q":28.09,"p":200.0,"mot":"U","mo":2018.0},{"cn":"","ui":"","t":0.0,"r":0.0,"q":0.0,"p":0.0,"mot":"L","mo":0.0}]},{"d":"04.04.2017","r":5009.0,"q":28.09,"p":200.0,"s":[{"cn":"Maxi-Co LTD","ui":"3485920","t":125709.0,"r":5009.0,"q":28.09,"p":200.0,"mot":"U","mo":5009.0},{"cn":"","ui":"","t":0.0,"r":0.0,"q":0.0,"p":0.0,"mot":"L","mo":0.0}]},{"d":"05.04.2017","r":5450.0,"q":28.09,"p":200.0,"s":[{"cn":"Maxi-Co LTD","ui":"3485920","t":125709.0,"r":5450.0,"q":28.09,"p":200.0,"mot":"U","mo":5450.0},{"cn":"","ui":"","t":0.0,"r":0.0,"q":0.0,"p":0.0,"mot":"L","mo":0.0}]},{"d":"06.04.2017","r":5350.0,"q":28.09,"p":200.0,"s":[{"cn":"Maxi-Co LTD","ui":"3485920","t":125709.0,"r":5350.0,"q":28.09,"p":200.0,"mot":"U","mo":5350.0},{"cn":"","ui":"","t":0.0,"r":0.0,"q":0.0,"p":0.0,"mot":"L","mo":0.0}]},{"d":"15.04.2017","r":4002.0,"q":28.1,"p":200.0,"s":[{"cn":"Maxi-Co LTD","ui":"3485920","t":127710.0,"r":4002.0,"q":28.1,"p":200.0,"mot":"U","mo":4002.0},{"cn":"","ui":"","t":0.0,"r":0.0,"q":0.0,"p":0.0,"mot":"L","mo":0.0}]},{"d":"16.04.2017","r":5219.0,"q":28.1,"p":813.45,"s":[{"cn":"T9","ui":"3765568","t":4002.0,"r":4002.0,"q":28.1,"p":1000.0,"mot":"U","mo":4002.0},{"cn":"Maxi-Co LTD","ui":"3485920","t":127318.0,"r":1217.0,"q":28.1,"p":200.0,"mot":"U","mo":1217.0},{"cn":"","ui":"","t":0.0,"r":0.0,"q":0.0,"p":0.0,"mot":"L","mo":0.0}]},{"d":"18.04.2017","r":6412.0,"q":28.1,"p":1000.0,"s":[{"cn":"T9","ui":"3765568","t":6762.0,"r":6412.0,"q":28.1,"p":1000.0,"mot":"U","mo":6412.0},{"cn":"","ui":"","t":0.0,"r":0.0,"q":0.0,"p":0.0,"mot":"L","mo":0.0}]},{"d":"24.04.2017","r":360.0,"q":28.12,"p":200.0,"s":[{"cn":"Maxi-Co LTD","ui":"3485920","t":125709.0,"r":360.0,"q":28.12,"p":200.0,"mot":"U","mo":360.0},{"cn":"","ui":"","t":0.0,"r":0.0,"q":0.0,"p":0.0,"mot":"L","mo":0.0}]}]