[{"d":"18.11.2016","r":229.0,"q":1.03,"p":1500.0,"s":[{"ui":"3914485","t":250.0,"r":229.0,"q":1.03,"p":1500.0,"mot":"U","mo":229.0},{"cn":"","ui":"","t":0.0,"r":0.0,"q":0.0,"p":0.0,"mot":"L","mo":0.0}]},{"d":"19.11.2016","r":2486.0,"q":3.59,"p":6297.15,"s":[{"ui":"3914485","t":478.0,"r":456.0,"q":1.03,"p":1500.0,"mot":"U","mo":456.0},{"ui":"3915186","t":199.0,"r":199.0,"q":1.01,"p":6222.16,"mot":"U","mo":199.0},{"ui":"3918991","t":1939.0,"r":1831.0,"q":4.51,"p":7500.0,"mot":"U","mo":1831.0},{"cn":"","ui":"","t":0.0,"r":0.0,"q":0.0,"p":0.0,"mot":"L","mo":0.0}]},{"d":"20.11.2016","r":524.0,"q":1.01,"p":6141.57,"s":[{"ui":"3915186","t":324.0,"r":319.0,"q":1.01,"p":6222.16,"mot":"U","mo":319.0},{"ui":"3917850","t":150.0,"r":150.0,"q":1.0,"p":6000.0,"mot":"U","mo":150.0},{"ui":"3915060","t":47.0,"r":47.0,"q":1.0,"p":6300.0,"mot":"U","mo":47.0},{"cn":"","ui":"","t":15.0,"r":8.0,"q":1.01,"p":4652.02,"mot":"L","mo":8.0}]},{"d":"21.11.2016","r":1832.0,"q":1.02,"p":6124.52,"s":[{"ui":"3919789","t":250.0,"r":250.0,"q":1.01,"p":5500.0,"mot":"U","mo":250.0},{"ui":"3919090","t":250.0,"r":250.0,"q":1.1,"p":6900.0,"mot":"U","mo":250.0},{"ui":"3915186","t":442.0,"r":442.0,"q":1.01,"p":6222.16,"mot":"U","mo":442.0},{"ui":"3917850","t":775.0,"r":775.0,"q":1.0,"p":6000.0,"mot":"U","mo":775.0},{"ui":"3915060","t":100.0,"r":100.0,"q":1.0,"p":6300.0,"mot":"U","mo":100.0},{"cn":"","ui":"","t":26.0,"r":15.0,"q":1.0,"p":5995.21,"mot":"L","mo":15.0}]},{"d":"22.11.2016","r":3085.0,"q":1.02,"p":6093.4,"s":[{"ui":"3919789","t":500.0,"r":500.0,"q":1.01,"p":5500.0,"mot":"U","mo":500.0},{"ui":"3919090","t":500.0,"r":500.0,"q":1.1,"p":6900.0,"mot":"U","mo":500.0},{"ui":"3915186","t":577.0,"r":577.0,"q":1.01,"p":6222.16,"mot":"U","mo":577.0},{"ui":"3917850","t":1398.0,"r":1398.0,"q":1.0,"p":5950.0,"mot":"U","mo":1398.0},{"cn":"","ui":"","t":100.0,"r":110.0,"q":1.0,"p":6271.42,"mot":"L","mo":110.0}]},{"d":"23.11.2016","r":9420.0,"q":6.51,"p":7278.59,"s":[{"ui":"3919789","t":750.0,"r":749.0,"q":1.01,"p":5500.0,"mot":"U","mo":749.0},{"ui":"3919090","t":750.0,"r":750.0,"q":1.1,"p":6900.0,"mot":"U","mo":750.0},{"ui":"3915186","t":717.0,"r":717.0,"q":1.01,"p":6222.16,"mot":"U","mo":717.0},{"ui":"3917850","t":2020.0,"r":1520.0,"q":1.0,"p":5900.0,"mot":"U","mo":1520.0},{"ui":"3920788","t":5424.0,"r":5424.0,"q":10.56,"p":8150.01,"mot":"U","mo":5424.0},{"cn":"","ui":"","t":315.0,"r":260.0,"q":1.0,"p":6287.91,"mot":"L","mo":260.0}]},{"d":"24.11.2016","r":15120.0,"q":5.95,"p":5789.59,"s":[{"ui":"2482581","t":2000.0,"r":1963.0,"q":8.99,"p":800.0,"mot":"U","mo":1963.0},{"ui":"3919789","t":999.0,"r":993.0,"q":1.01,"p":5500.0,"mot":"U","mo":993.0},{"ui":"3919090","t":1000.0,"r":900.0,"q":1.1,"p":6900.0,"mot":"U","mo":900.0},{"ui":"3927247","t":1939.0,"r":1939.0,"q":4.47,"p":3900.0,"mot":"U","mo":1939.0},{"ui":"3915186","t":856.0,"r":856.0,"q":1.01,"p":6222.16,"mot":"U","mo":856.0},{"ui":"3917850","t":2467.0,"r":2467.0,"q":1.0,"p":5900.0,"mot":"U","mo":2467.0},{"ui":"3920788","t":5425.0,"r":5425.0,"q":10.56,"p":8150.01,"mot":"U","mo":5425.0},{"cn":"","ui":"","t":697.0,"r":577.0,"q":1.69,"p":4574.27,"mot":"L","mo":577.0}]},{"d":"25.11.2016","r":16125.0,"q":5.11,"p":5485.52,"s":[{"ui":"3919789","t":1243.0,"r":1238.0,"q":1.01,"p":5500.0,"mot":"U","mo":1238.0},{"ui":"3919090","t":1150.0,"r":1130.0,"q":1.1,"p":6600.0,"mot":"U","mo":1130.0},{"ui":"3927247","t":3876.0,"r":3876.0,"q":4.47,"p":3900.0,"mot":"U","mo":3876.0},{"ui":"3915186","t":992.0,"r":992.0,"q":1.01,"p":6222.16,"mot":"U","mo":992.0},{"ui":"3917850","t":2592.0,"r":2592.0,"q":1.0,"p":2000.0,"mot":"U","mo":2592.0},{"ui":"3920788","t":5426.0,"r":5421.0,"q":10.56,"p":8150.01,"mot":"U","mo":5421.0},{"cn":"","ui":"","t":1078.0,"r":876.0,"q":1.92,"p":4033.04,"mot":"L","mo":876.0}]},{"d":"26.11.2016","r":20086.0,"q":5.15,"p":4867.62,"s":[{"ui":"3919789","t":1488.0,"r":1483.0,"q":1.0,"p":5500.0,"mot":"U","mo":1483.0},{"ui":"3919090","t":1380.0,"r":1380.0,"q":1.1,"p":6600.0,"mot":"U","mo":1380.0},{"ui":"3927247","t":5809.0,"r":5809.0,"q":4.47,"p":3900.0,"mot":"U","mo":5809.0},{"ui":"3915186","t":1119.0,"r":1119.0,"q":1.01,"p":6222.16,"mot":"U","mo":1119.0},{"ui":"3917850","t":2717.0,"r":2717.0,"q":1.0,"p":750.0,"mot":"U","mo":2717.0},{"ui":"3920788","t":5422.0,"r":5417.0,"q":10.56,"p":8150.01,"mot":"U","mo":5417.0},{"cn":"","ui":"","t":11154.0,"r":2161.0,"q":6.17,"p":2176.05,"mot":"L","mo":2161.0}]},{"d":"27.11.2016","r":13438.0,"q":5.8,"p":5150.72,"s":[{"ui":"3924243","t":10634.0,"r":9619.0,"q":12.0,"p":250.0,"mot":"L","mo":1000.0},{"ui":"3914485","t":1018.0,"r":1018.0,"q":2.53,"p":2500.0,"mot":"U","mo":1018.0},{"ui":"3919090","t":1630.0,"r":1630.0,"q":1.1,"p":6600.0,"mot":"U","mo":1630.0},{"ui":"3915186","t":1243.0,"r":1243.0,"q":1.01,"p":6222.16,"mot":"U","mo":1243.0},{"ui":"3917850","t":2842.0,"r":2842.0,"q":1.0,"p":750.0,"mot":"U","mo":2842.0},{"ui":"3920788","t":5418.0,"r":5418.0,"q":10.56,"p":8150.01,"mot":"U","mo":5418.0},{"cn":"","ui":"","t":791.0,"r":287.0,"q":1.0,"p":5714.17,"mot":"L","mo":287.0}]},{"d":"28.11.2016","r":19923.0,"q":4.78,"p":4135.49,"s":[{"ui":"3924243","t":11523.0,"r":6448.0,"q":12.88,"p":250.0,"mot":"L","mo":1000.0},{"ui":"3914485","t":1280.0,"r":1280.0,"q":2.53,"p":2500.0,"mot":"U","mo":1280.0},{"ui":"3919090","t":1880.0,"r":1880.0,"q":1.1,"p":6600.0,"mot":"U","mo":1880.0},{"ui":"3915186","t":1363.0,"r":1363.0,"q":1.01,"p":6222.16,"mot":"U","mo":1363.0},{"ui":"3917850","t":2967.0,"r":2967.0,"q":1.0,"p":250.0,"mot":"U","mo":2967.0},{"ui":"3920788","t":5419.0,"r":5419.0,"q":10.56,"p":8150.01,"mot":"U","mo":5419.0},{"ui":"3920647","t":5714.0,"r":5714.0,"q":2.67,"p":2000.0,"mot":"U","mo":5714.0},{"cn":"","ui":"","t":887.0,"r":300.0,"q":1.0,"p":5726.35,"mot":"L","mo":300.0}]},{"d":"29.11.2016","r":18814.0,"q":5.17,"p":4576.25,"s":[{"ui":"3924243","t":8402.0,"r":3182.0,"q":14.06,"p":250.0,"mot":"L","mo":1000.0},{"ui":"3914485","t":1542.0,"r":1542.0,"q":2.53,"p":2500.0,"mot":"U","mo":1542.0},{"ui":"3919090","t":1932.0,"r":1932.0,"q":1.1,"p":6600.0,"mot":"U","mo":1932.0},{"ui":"3915186","t":1480.0,"r":1480.0,"q":1.01,"p":6222.16,"mot":"U","mo":1480.0},{"ui":"3920788","t":5420.0,"r":5420.0,"q":10.57,"p":8150.01,"mot":"U","mo":5420.0},{"ui":"3920647","t":7127.0,"r":7127.0,"q":2.54,"p":2000.0,"mot":"U","mo":7127.0},{"cn":"","ui":"","t":998.0,"r":313.0,"q":1.0,"p":5129.68,"mot":"L","mo":313.0}]},{"d":"30.11.2016","r":23360.0,"q":4.01,"p":4347.72,"s":[{"ui":"3914485","t":1817.0,"r":1817.0,"q":2.8,"p":2500.0,"mot":"U","mo":1817.0},{"ui":"3915378","t":2488.0,"r":2483.0,"q":1.0,"p":190.0,"mot":"U","mo":2483.0},{"ui":"3915186","t":1596.0,"r":1596.0,"q":1.01,"p":6222.16,"mot":"U","mo":1596.0},{"ui":"3920788","t":5421.0,"r":5421.0,"q":10.57,"p":8150.01,"mot":"U","mo":5421.0},{"ui":"3920647","t":8527.0,"r":8527.0,"q":2.79,"p":2000.0,"mot":"U","mo":8527.0},{"cn":"","ui":"","t":3943.0,"r":3516.0,"q":1.0,"p":7219.18,"mot":"L","mo":3516.0}]},{"d":"01.12.2016","r":27352.0,"q":3.55,"p":4251.81,"s":[{"ui":"3927058","t":1873.0,"r":1873.0,"q":1.0,"p":6671.63,"mot":"U","mo":1873.0},{"ui":"3914485","t":2092.0,"r":2092.0,"q":3.0,"p":2500.0,"mot":"U","mo":2092.0},{"ui":"3915378","t":2733.0,"r":2601.0,"q":1.0,"p":190.0,"mot":"U","mo":2601.0},{"ui":"3915186","t":1711.0,"r":1711.0,"q":1.01,"p":6222.16,"mot":"U","mo":1711.0},{"ui":"3920788","t":5422.0,"r":4809.0,"q":10.57,"p":8150.01,"mot":"U","mo":4809.0},{"ui":"3927056","t":1873.0,"r":1873.0,"q":1.0,"p":6672.1,"mot":"U","mo":1873.0},{"ui":"3927057","t":1873.0,"r":1873.0,"q":1.0,"p":6671.93,"mot":"U","mo":1873.0},{"ui":"3920647","t":9915.0,"r":9915.0,"q":2.96,"p":2000.0,"mot":"U","mo":9915.0},{"cn":"","ui":"","t":723.0,"r":605.0,"q":1.0,"p":5640.25,"mot":"L","mo":605.0}]},{"d":"02.12.2016","r":38134.0,"q":3.21,"p":4182.82,"s":[{"ui":"3927058","t":2808.0,"r":2808.0,"q":1.0,"p":6671.63,"mot":"U","mo":2808.0},{"ui":"3914485","t":2367.0,"r":2367.0,"q":3.15,"p":2500.0,"mot":"U","mo":2367.0},{"ui":"3573523","t":3238.0,"r":3238.0,"q":4.0,"p":6050.0,"mot":"U","mo":3238.0},{"ui":"3915378","t":2851.0,"r":2741.0,"q":1.0,"p":190.0,"mot":"U","mo":2741.0},{"ui":"3914483","t":2967.0,"r":2762.0,"q":1.0,"p":100.0,"mot":"U","mo":2762.0},{"ui":"3927056","t":2808.0,"r":2808.0,"q":1.0,"p":6672.1,"mot":"U","mo":2808.0},{"ui":"3920788","t":4810.0,"r":4810.0,"q":10.57,"p":8150.01,"mot":"U","mo":4810.0},{"ui":"3927057","t":2808.0,"r":2808.0,"q":1.0,"p":6671.93,"mot":"U","mo":2808.0},{"ui":"3920647","t":11263.0,"r":11263.0,"q":3.07,"p":2000.0,"mot":"U","mo":11263.0},{"cn":"","ui":"","t":2601.0,"r":2529.0,"q":1.01,"p":6038.58,"mot":"L","mo":2529.0}]},{"d":"03.12.2016","r":49643.0,"q":3.48,"p":4526.32,"s":[{"ui":"3914485","t":2642.0,"r":2642.0,"q":3.27,"p":2500.0,"mot":"U","mo":2642.0},{"ui":"3927058","t":3741.0,"r":3741.0,"q":1.0,"p":6671.63,"mot":"U","mo":3741.0},{"ui":"3573523","t":10168.0,"r":10168.0,"q":5.29,"p":6050.0,"mot":"U","mo":10168.0},{"ui":"3915378","t":2991.0,"r":2931.0,"q":1.0,"p":190.0,"mot":"U","mo":2931.0},{"ui":"3927056","t":3741.0,"r":3741.0,"q":1.0,"p":6672.1,"mot":"U","mo":3741.0},{"ui":"3920788","t":4811.0,"r":4811.0,"q":10.57,"p":8150.01,"mot":"U","mo":4811.0},{"ui":"3914483","t":2762.0,"r":2552.0,"q":1.0,"p":100.0,"mot":"U","mo":2552.0},{"ui":"3927057","t":3741.0,"r":3741.0,"q":1.0,"p":6671.93,"mot":"U","mo":3741.0},{"ui":"3920647","t":12599.0,"r":12599.0,"q":3.16,"p":2000.0,"mot":"U","mo":12599.0},{"cn":"","ui":"","t":2733.0,"r":2717.0,"q":1.01,"p":6065.71,"mot":"L","mo":2717.0}]},{"d":"04.12.2016","r":56466.0,"q":3.4,"p":4686.45,"s":[{"ui":"3927058","t":4673.0,"r":4673.0,"q":1.0,"p":6671.63,"mot":"U","mo":4673.0},{"ui":"3914485","t":2917.0,"r":2917.0,"q":3.36,"p":2500.0,"mot":"U","mo":2917.0},{"ui":"3573523","t":13216.0,"r":13216.0,"q":4.88,"p":6050.0,"mot":"U","mo":13216.0},{"ui":"3915378","t":3179.0,"r":3070.0,"q":1.0,"p":190.0,"mot":"U","mo":3070.0},{"ui":"3920788","t":4812.0,"r":4812.0,"q":10.58,"p":8150.01,"mot":"U","mo":4812.0},{"ui":"3927056","t":4673.0,"r":4673.0,"q":1.0,"p":6672.1,"mot":"U","mo":4673.0},{"ui":"3927057","t":4673.0,"r":4673.0,"q":1.0,"p":6671.93,"mot":"U","mo":4673.0},{"ui":"3920647","t":13923.0,"r":13923.0,"q":3.23,"p":2000.0,"mot":"U","mo":13923.0},{"cn":"","ui":"","t":5260.0,"r":4509.0,"q":1.0,"p":3591.79,"mot":"L","mo":4509.0}]},{"d":"05.12.2016","r":65155.0,"q":3.46,"p":4815.06,"s":[{"ui":"3927058","t":5602.0,"r":5602.0,"q":1.0,"p":6671.63,"mot":"U","mo":5602.0},{"ui":"3573523","t":17616.0,"r":17616.0,"q":5.07,"p":6050.0,"mot":"U","mo":17616.0},{"ui":"3915378","t":3418.0,"r":3409.0,"q":1.0,"p":190.0,"mot":"U","mo":3409.0},{"ui":"3920788","t":4813.0,"r":4813.0,"q":10.58,"p":8150.01,"mot":"U","mo":4813.0},{"ui":"3927056","t":5602.0,"r":5602.0,"q":1.0,"p":6672.1,"mot":"U","mo":5602.0},{"ui":"3927057","t":5602.0,"r":5602.0,"q":1.0,"p":6671.93,"mot":"U","mo":5602.0},{"ui":"3920647","t":15235.0,"r":15235.0,"q":3.28,"p":2000.0,"mot":"U","mo":15235.0},{"cn":"","ui":"","t":8087.0,"r":7276.0,"q":2.05,"p":3391.56,"mot":"L","mo":7276.0}]},{"d":"08.12.2016","r":61384.0,"q":4.06,"p":4180.99,"s":[{"ui":"3914485","t":3958.0,"r":3958.0,"q":3.74,"p":1399.0,"mot":"U","mo":3958.0},{"ui":"3573523","t":25423.0,"r":25423.0,"q":4.27,"p":6050.0,"mot":"U","mo":25423.0},{"ui":"3915378","t":4133.0,"r":3859.0,"q":1.0,"p":190.0,"mot":"U","mo":3859.0},{"ui":"3920788","t":4816.0,"r":4816.0,"q":10.58,"p":8150.01,"mot":"U","mo":4816.0},{"ui":"3920647","t":18972.0,"r":18972.0,"q":3.37,"p":2000.0,"mot":"U","mo":18972.0},{"cn":"","ui":"","t":4889.0,"r":4356.0,"q":1.56,"p":4447.21,"mot":"L","mo":4356.0}]},{"d":"09.12.2016","r":64744.0,"q":4.28,"p":4039.36,"s":[{"ui":"3914485","t":4247.0,"r":4247.0,"q":3.91,"p":1399.0,"mot":"U","mo":4247.0},{"ui":"3573523","t":28017.0,"r":28017.0,"q":4.1,"p":6050.0,"mot":"U","mo":28017.0},{"ui":"3915378","t":4106.0,"r":3827.0,"q":1.0,"p":190.0,"mot":"U","mo":3827.0},{"ui":"3920788","t":4817.0,"r":4817.0,"q":10.59,"p":8150.01,"mot":"U","mo":4817.0},{"ui":"3920647","t":20523.0,"r":20523.0,"q":3.45,"p":2000.0,"mot":"U","mo":20523.0},{"cn":"","ui":"","t":3338.0,"r":3313.0,"q":5.99,"p":1523.72,"mot":"L","mo":3313.0}]},{"d":"10.12.2016","r":83920.0,"q":4.24,"p":3741.04,"s":[{"ui":"3914485","t":4536.0,"r":4536.0,"q":4.06,"p":1399.0,"mot":"U","mo":4536.0},{"ui":"3573523","t":30606.0,"r":30606.0,"q":3.96,"p":6050.0,"mot":"U","mo":30606.0},{"ui":"3920788","t":4818.0,"r":4818.0,"q":10.59,"p":8150.01,"mot":"U","mo":4818.0},{"ui":"3920647","t":22071.0,"r":22071.0,"q":3.52,"p":2000.0,"mot":"U","mo":22071.0},{"ui":"3924340","t":12500.0,"r":12500.0,"q":4.34,"p":1100.0,"mot":"U","mo":12500.0},{"cn":"","ui":"","t":10208.0,"r":9389.0,"q":3.56,"p":2692.19,"mot":"L","mo":9389.0}]},{"d":"11.12.2016","r":83914.0,"q":4.08,"p":3879.19,"s":[{"ui":"3914485","t":4825.0,"r":4825.0,"q":4.19,"p":1399.0,"mot":"U","mo":4825.0},{"ui":"3573523","t":33191.0,"r":33191.0,"q":3.84,"p":6050.0,"mot":"U","mo":33191.0},{"ui":"3920788","t":4819.0,"r":4819.0,"q":10.59,"p":8150.01,"mot":"U","mo":4819.0},{"ui":"3920647","t":23595.0,"r":23595.0,"q":3.58,"p":2000.0,"mot":"U","mo":23595.0},{"ui":"3924340","t":12500.0,"r":12495.0,"q":4.34,"p":1100.0,"mot":"U","mo":12495.0},{"cn":"","ui":"","t":6298.0,"r":4989.0,"q":1.01,"p":3558.52,"mot":"L","mo":4989.0}]},{"d":"12.12.2016","r":110884.0,"q":3.47,"p":4564.86,"s":[{"ui":"3927058","t":8000.0,"r":8000.0,"q":1.0,"p":6671.63,"mot":"U","mo":8000.0},{"ui":"3573523","t":35900.0,"r":35900.0,"q":3.87,"p":6050.0,"mot":"U","mo":35900.0},{"ui":"3927056","t":8000.0,"r":8000.0,"q":1.0,"p":6672.1,"mot":"U","mo":8000.0},{"ui":"3927057","t":8000.0,"r":8000.0,"q":1.0,"p":6671.93,"mot":"U","mo":8000.0},{"ui":"3920647","t":25086.0,"r":25076.0,"q":3.62,"p":2000.0,"mot":"U","mo":25076.0},{"ui":"3924340","t":12495.0,"r":12489.0,"q":4.34,"p":1100.0,"mot":"U","mo":12489.0},{"cn":"","ui":"","t":15605.0,"r":13419.0,"q":5.7,"p":4840.89,"mot":"L","mo":13419.0}]},{"d":"13.12.2016","r":100.0,"q":1.0,"p":5102.0,"s":[{"ui":"3668073","t":348.0,"r":148.0,"q":1.0,"p":5102.0,"mot":"L","mo":100.0},{"cn":"","ui":"","t":0.0,"r":0.0,"q":0.0,"p":0.0,"mot":"L","mo":0.0}]},{"d":"14.12.2016","r":6568.0,"q":8.57,"p":5051.2,"s":[{"ui":"3573523","t":2701.0,"r":2701.0,"q":4.17,"p":6050.0,"mot":"U","mo":2701.0},{"ui":"3958986","t":1939.0,"r":1939.0,"q":4.56,"p":500.0,"mot":"U","mo":1939.0},{"ui":"3918991","t":3872.0,"r":1828.0,"q":19.74,"p":8400.0,"mot":"U","mo":1828.0},{"cn":"","ui":"","t":148.0,"r":100.0,"q":1.0,"p":5105.0,"mot":"L","mo":100.0}]},{"d":"15.12.2016","r":11202.0,"q":11.98,"p":7230.0,"s":[{"ui":"3573523","t":5396.0,"r":5396.0,"q":4.17,"p":6050.0,"mot":"U","mo":5396.0},{"ui":"3918991","t":5694.0,"r":5694.0,"q":19.55,"p":8400.0,"mot":"U","mo":5694.0},{"cn":"","ui":"","t":1460.0,"r":112.0,"q":3.68,"p":4598.78,"mot":"L","mo":112.0}]},{"d":"16.12.2016","r":100.0,"q":4.05,"p":5105.0,"s":[{"ui":"3668073","t":2735.0,"r":2635.0,"q":4.05,"p":5105.0,"mot":"L","mo":100.0},{"cn":"","ui":"","t":0.0,"r":0.0,"q":0.0,"p":0.0,"mot":"L","mo":0.0}]},{"d":"17.12.2016","r":686.0,"q":1.44,"p":10140.67,"s":[{"ui":"3956493","t":586.0,"r":586.0,"q":1.0,"p":11000.0,"mot":"U","mo":586.0},{"ui":"3668073","t":3990.0,"r":3590.0,"q":4.05,"p":5105.0,"mot":"L","mo":100.0},{"cn":"","ui":"","t":0.0,"r":0.0,"q":0.0,"p":0.0,"mot":"L","mo":0.0}]},{"d":"18.12.2016","r":1200.0,"q":2.43,"p":8513.75,"s":[{"ui":"3956493","t":834.0,"r":834.0,"q":1.0,"p":11000.0,"mot":"U","mo":834.0},{"ui":"3668073","t":4978.0,"r":4478.0,"q":4.39,"p":5105.0,"mot":"L","mo":100.0},{"ui":"3920647","t":2578.0,"r":266.0,"q":6.18,"p":2000.0,"mot":"U","mo":266.0},{"cn":"","ui":"","t":0.0,"r":0.0,"q":0.0,"p":0.0,"mot":"L","mo":0.0}]},{"d":"19.12.2016","r":1100.0,"q":1.35,"p":10009.55,"s":[{"ui":"3956493","t":1000.0,"r":1000.0,"q":1.0,"p":10500.0,"mot":"U","mo":1000.0},{"ui":"3668073","t":5866.0,"r":5366.0,"q":4.82,"p":5105.0,"mot":"L","mo":100.0},{"cn":"","ui":"","t":0.0,"r":0.0,"q":0.0,"p":0.0,"mot":"L","mo":0.0}]},{"d":"20.12.2016","r":1348.0,"q":1.3,"p":6396.51,"s":[{"ui":"3956493","t":1248.0,"r":1248.0,"q":1.0,"p":6500.0,"mot":"U","mo":1248.0},{"ui":"3668073","t":6754.0,"r":6254.0,"q":5.09,"p":5105.0,"mot":"L","mo":100.0},{"cn":"","ui":"","t":0.0,"r":0.0,"q":0.0,"p":0.0,"mot":"L","mo":0.0}]},{"d":"21.12.2016","r":1136.0,"q":15.95,"p":4462.06,"s":[{"ui":"3668073","t":8290.0,"r":7890.0,"q":5.14,"p":5105.0,"mot":"L","mo":100.0},{"ui":"3952914","t":1036.0,"r":1036.0,"q":16.99,"p":4400.0,"mot":"U","mo":1036.0},{"cn":"","ui":"","t":0.0,"r":0.0,"q":0.0,"p":0.0,"mot":"L","mo":0.0}]},{"d":"22.12.2016","r":649.0,"q":14.29,"p":3408.77,"s":[{"ui":"3668073","t":9939.0,"r":9539.0,"q":5.16,"p":5105.0,"mot":"L","mo":100.0},{"ui":"3952914","t":1936.0,"r":1436.0,"q":16.99,"p":2400.0,"mot":"L","mo":500.0},{"ui":"3960818","t":38.0,"r":38.0,"q":1.0,"p":8000.0,"mot":"U","mo":38.0},{"cn":"","ui":"","t":11.0,"r":11.0,"q":20.35,"p":17980.8,"mot":"L","mo":11.0}]},{"d":"23.12.2016","r":6591.0,"q":18.42,"p":14089.58,"s":[{"ui":"3958986","t":1948.0,"r":1948.0,"q":20.35,"p":17980.8,"mot":"U","mo":1948.0},{"ui":"3920788","t":3879.0,"r":3879.0,"q":18.71,"p":14150.01,"mot":"U","mo":3879.0},{"ui":"3952914","t":2537.0,"r":1917.0,"q":17.05,"p":2400.0,"mot":"L","mo":500.0},{"cn":"","ui":"","t":11621.0,"r":264.0,"q":2.58,"p":6628.51,"mot":"L","mo":264.0}]},{"d":"24.12.2016","r":13057.0,"q":18.49,"p":14442.13,"s":[{"ui":"3958986","t":3883.0,"r":3883.0,"q":20.35,"p":17980.8,"mot":"U","mo":3883.0},{"ui":"3920788","t":7757.0,"r":7757.0,"q":19.22,"p":14150.01,"mot":"U","mo":7757.0},{"cn":"","ui":"","t":16915.0,"r":1417.0,"q":9.4,"p":6344.25,"mot":"L","mo":1417.0}]},{"d":"25.12.2016","r":24116.0,"q":15.72,"p":13670.14,"s":[{"ui":"3972236","t":1736.0,"r":1736.0,"q":6.06,"p":17300.0,"mot":"U","mo":1736.0},{"ui":"3958986","t":5814.0,"r":5814.0,"q":20.35,"p":17980.8,"mot":"U","mo":5814.0},{"ui":"3920788","t":11635.0,"r":11635.0,"q":19.41,"p":14150.01,"mot":"U","mo":11635.0},{"cn":"","ui":"","t":22535.0,"r":4931.0,"q":4.96,"p":6177.34,"mot":"L","mo":4931.0}]},{"d":"26.12.2016","r":35238.0,"q":14.77,"p":13290.8,"s":[{"ui":"3927058","t":2065.0,"r":2065.0,"q":4.17,"p":6671.63,"mot":"U","mo":2065.0},{"ui":"3972236","t":3181.0,"r":3181.0,"q":6.06,"p":17300.0,"mot":"U","mo":3181.0},{"ui":"3958986","t":7743.0,"r":7743.0,"q":20.35,"p":17980.8,"mot":"U","mo":7743.0},{"ui":"3927056","t":2065.0,"r":2065.0,"q":4.17,"p":6672.1,"mot":"U","mo":2065.0},{"ui":"3920788","t":15507.0,"r":15507.0,"q":19.51,"p":14150.01,"mot":"U","mo":15507.0},{"ui":"3927057","t":2065.0,"r":2065.0,"q":4.17,"p":6671.93,"mot":"U","mo":2065.0},{"cn":"","ui":"","t":21046.0,"r":2612.0,"q":5.81,"p":5102.61,"mot":"L","mo":2612.0}]},{"d":"27.12.2016","r":47481.0,"q":14.01,"p":12892.67,"s":[{"ui":"3927058","t":3095.0,"r":3095.0,"q":4.17,"p":6671.63,"mot":"U","mo":3095.0},{"ui":"3972236","t":4623.0,"r":4623.0,"q":6.06,"p":17300.0,"mot":"U","mo":4623.0},{"ui":"3958986","t":9670.0,"r":9670.0,"q":20.35,"p":17980.8,"mot":"U","mo":9670.0},{"ui":"3920788","t":19385.0,"r":19385.0,"q":19.58,"p":14150.01,"mot":"U","mo":19385.0},{"ui":"3927056","t":3095.0,"r":3095.0,"q":4.17,"p":6672.1,"mot":"U","mo":3095.0},{"ui":"3927057","t":3095.0,"r":3095.0,"q":4.17,"p":6671.93,"mot":"U","mo":3095.0},{"cn":"","ui":"","t":23071.0,"r":4518.0,"q":4.87,"p":4882.28,"mot":"L","mo":4518.0}]},{"d":"28.12.2016","r":60106.0,"q":13.56,"p":10500.81,"s":[{"ui":"3927058","t":4124.0,"r":4124.0,"q":4.17,"p":6671.63,"mot":"U","mo":4124.0},{"ui":"3972236","t":7506.0,"r":7506.0,"q":6.05,"p":17300.0,"mot":"U","mo":7506.0},{"ui":"3958986","t":11593.0,"r":11593.0,"q":20.35,"p":5405.46,"mot":"U","mo":11593.0},{"ui":"3920788","t":23255.0,"r":23255.0,"q":19.63,"p":14150.01,"mot":"U","mo":23255.0},{"ui":"3927056","t":4124.0,"r":4124.0,"q":4.17,"p":6672.1,"mot":"U","mo":4124.0},{"ui":"3927057","t":4124.0,"r":4124.0,"q":4.17,"p":6671.93,"mot":"U","mo":4124.0},{"cn":"","ui":"","t":27780.0,"r":5380.0,"q":4.72,"p":5025.85,"mot":"L","mo":5380.0}]},{"d":"29.12.2016","r":67498.0,"q":13.97,"p":10919.39,"s":[{"ui":"3956493","t":3522.0,"r":3522.0,"q":2.9,"p":6500.0,"mot":"U","mo":3522.0},{"ui":"3972236","t":10388.0,"r":10388.0,"q":6.05,"p":17300.0,"mot":"U","mo":10388.0},{"ui":"3958986","t":13514.0,"r":13514.0,"q":20.35,"p":5405.46,"mot":"U","mo":13514.0},{"ui":"3927056","t":5152.0,"r":5152.0,"q":4.17,"p":6672.1,"mot":"U","mo":5152.0},{"ui":"3920788","t":27119.0,"r":27119.0,"q":19.68,"p":14150.01,"mot":"U","mo":27119.0},{"ui":"3927057","t":5152.0,"r":5152.0,"q":4.17,"p":6671.93,"mot":"U","mo":5152.0},{"cn":"","ui":"","t":26795.0,"r":2651.0,"q":6.86,"p":3357.05,"mot":"L","mo":2651.0}]},{"d":"30.12.2016","r":83366.0,"q":13.19,"p":10811.23,"s":[{"ui":"3956493","t":4175.0,"r":4175.0,"q":3.07,"p":6500.0,"mot":"U","mo":4175.0},{"ui":"3927058","t":4876.0,"r":4876.0,"q":4.17,"p":6671.63,"mot":"U","mo":4876.0},{"ui":"3972236","t":13266.0,"r":13266.0,"q":6.06,"p":17300.0,"mot":"U","mo":13266.0},{"ui":"3958986","t":15453.0,"r":15453.0,"q":20.35,"p":5405.46,"mot":"U","mo":15453.0},{"ui":"3927056","t":6177.0,"r":6177.0,"q":4.17,"p":6672.1,"mot":"U","mo":6177.0},{"ui":"3920788","t":30977.0,"r":30977.0,"q":19.71,"p":14150.01,"mot":"U","mo":30977.0},{"ui":"3927057","t":6177.0,"r":6177.0,"q":4.17,"p":6671.93,"mot":"U","mo":6177.0},{"cn":"","ui":"","t":26873.0,"r":2265.0,"q":4.29,"p":3460.34,"mot":"L","mo":2265.0}]},{"d":"31.12.2016","r":95697.0,"q":13.02,"p":10872.15,"s":[{"ui":"3956493","t":4827.0,"r":4827.0,"q":3.18,"p":6500.0,"mot":"U","mo":4827.0},{"ui":"3972236","t":16139.0,"r":16139.0,"q":6.06,"p":17300.0,"mot":"U","mo":16139.0},{"ui":"3927058","t":5902.0,"r":5902.0,"q":4.17,"p":6671.63,"mot":"U","mo":5902.0},{"ui":"3958986","t":17390.0,"r":17265.0,"q":20.35,"p":5405.46,"mot":"U","mo":17265.0},{"ui":"3920788","t":34830.0,"r":34830.0,"q":19.74,"p":14150.01,"mot":"U","mo":34830.0},{"ui":"3927056","t":7200.0,"r":7200.0,"q":4.17,"p":6672.1,"mot":"U","mo":7200.0},{"ui":"3927057","t":7200.0,"r":7200.0,"q":4.17,"p":6671.93,"mot":"U","mo":7200.0},{"cn":"","ui":"","t":28691.0,"r":2334.0,"q":4.12,"p":3525.53,"mot":"L","mo":2334.0}]},{"d":"01.01.2017","r":108851.0,"q":12.84,"p":9575.79,"s":[{"ui":"3956493","t":5480.0,"r":5480.0,"q":3.3,"p":6500.0,"mot":"U","mo":5480.0},{"ui":"3972236","t":19007.0,"r":19007.0,"q":6.06,"p":10000.0,"mot":"U","mo":19007.0},{"ui":"3927058","t":6927.0,"r":6927.0,"q":4.17,"p":6671.63,"mot":"U","mo":6927.0},{"ui":"3958986","t":19200.0,"r":19075.0,"q":20.35,"p":5405.46,"mot":"U","mo":19075.0},{"ui":"3920788","t":38677.0,"r":38677.0,"q":19.77,"p":14150.01,"mot":"U","mo":38677.0},{"ui":"3927056","t":8222.0,"r":8222.0,"q":4.17,"p":6672.1,"mot":"U","mo":8222.0},{"ui":"3927057","t":8222.0,"r":8222.0,"q":4.17,"p":6671.93,"mot":"U","mo":8222.0},{"cn":"","ui":"","t":30357.0,"r":3241.0,"q":4.28,"p":3186.21,"mot":"L","mo":3241.0}]},{"d":"02.01.2017","r":122678.0,"q":12.68,"p":9481.94,"s":[{"ui":"3958986","t":21006.0,"r":20881.0,"q":20.3,"p":5405.46,"mot":"U","mo":20881.0},{"ui":"3920788","t":42516.0,"r":42516.0,"q":19.79,"p":14150.01,"mot":"U","mo":42516.0},{"ui":"3972236","t":21870.0,"r":21870.0,"q":6.06,"p":10000.0,"mot":"U","mo":21870.0},{"ui":"3927058","t":7949.0,"r":7949.0,"q":4.17,"p":6671.63,"mot":"U","mo":7949.0},{"ui":"3927056","t":9243.0,"r":9243.0,"q":4.17,"p":6672.1,"mot":"U","mo":9243.0},{"ui":"3927057","t":9243.0,"r":9243.0,"q":4.17,"p":6671.93,"mot":"U","mo":9243.0},{"cn":"","ui":"","t":39161.0,"r":10976.0,"q":4.35,"p":4890.73,"mot":"L","mo":10976.0}]},{"d":"03.01.2017","r":200529.0,"q":15.13,"p":11884.62,"s":[{"ui":"3972236","t":24729.0,"r":24729.0,"q":6.06,"p":8000.0,"mot":"U","mo":24729.0},{"ui":"3923920","t":89081.0,"r":89081.0,"q":20.14,"p":14800.08,"mot":"U","mo":89081.0},{"ui":"3920788","t":46349.0,"r":46349.0,"q":19.81,"p":14150.01,"mot":"U","mo":46349.0},{"ui":"3919278","t":11590.0,"r":11490.0,"q":4.51,"p":2500.0,"mot":"U","mo":11490.0},{"ui":"3927057","t":10262.0,"r":10262.0,"q":4.17,"p":6671.93,"mot":"U","mo":10262.0},{"cn":"","ui":"","t":46653.0,"r":18618.0,"q":4.2,"p":6119.94,"mot":"L","mo":18618.0}]},{"d":"04.01.2017","r":243317.0,"q":15.07,"p":11799.73,"s":[{"ui":"3972236","t":27386.0,"r":27386.0,"q":5.94,"p":8000.0,"mot":"U","mo":27386.0},{"ui":"3920788","t":69035.0,"r":69035.0,"q":19.95,"p":14150.01,"mot":"U","mo":69035.0},{"ui":"3923920","t":92907.0,"r":92907.0,"q":20.14,"p":14800.08,"mot":"U","mo":92907.0},{"cn":"","ui":"","t":80810.0,"r":53989.0,"q":4.75,"p":5558.74,"mot":"L","mo":53989.0}]},{"d":"05.01.2017","r":254610.0,"q":14.91,"p":11709.31,"s":[{"ui":"3972236","t":30074.0,"r":30074.0,"q":5.85,"p":8000.0,"mot":"U","mo":30074.0},{"ui":"3923920","t":96728.0,"r":96728.0,"q":20.14,"p":14800.08,"mot":"U","mo":96728.0},{"ui":"3920788","t":69036.0,"r":69036.0,"q":19.95,"p":14150.01,"mot":"U","mo":69036.0},{"cn":"","ui":"","t":84030.0,"r":58772.0,"q":5.01,"p":5653.62,"mot":"L","mo":58772.0}]},{"d":"06.01.2017","r":268722.0,"q":14.68,"p":11530.95,"s":[{"ui":"3972236","t":32791.0,"r":32791.0,"q":5.8,"p":8000.0,"mot":"U","mo":32791.0},{"ui":"3920788","t":69196.0,"r":69196.0,"q":19.94,"p":14150.01,"mot":"U","mo":69196.0},{"ui":"3923920","t":100543.0,"r":100543.0,"q":20.14,"p":14800.08,"mot":"U","mo":100543.0},{"cn":"","ui":"","t":89781.0,"r":66192.0,"q":5.27,"p":5576.56,"mot":"L","mo":66192.0}]},{"d":"07.01.2017","r":279344.0,"q":14.76,"p":11365.0,"s":[{"ui":"3923920","t":104346.0,"r":104346.0,"q":20.13,"p":14800.08,"mot":"U","mo":104346.0},{"ui":"3920788","t":69268.0,"r":69268.0,"q":19.94,"p":14150.01,"mot":"U","mo":69268.0},{"ui":"3972236","t":35535.0,"r":35535.0,"q":5.77,"p":8000.0,"mot":"U","mo":35535.0},{"ui":"3927057","t":14356.0,"r":14356.0,"q":4.17,"p":6671.93,"mot":"U","mo":14356.0},{"cn":"","ui":"","t":77849.0,"r":55839.0,"q":6.75,"p":4839.12,"mot":"L","mo":55839.0}]},{"d":"08.01.2017","r":299753.0,"q":14.34,"p":11155.79,"s":[{"ui":"3920788","t":69336.0,"r":69336.0,"q":19.93,"p":14150.01,"mot":"U","mo":69336.0},{"ui":"3923920","t":108223.0,"r":108223.0,"q":20.13,"p":14800.08,"mot":"U","mo":108223.0},{"ui":"3972236","t":38274.0,"r":38274.0,"q":5.75,"p":8000.0,"mot":"U","mo":38274.0},{"ui":"3927057","t":15386.0,"r":15386.0,"q":4.17,"p":6671.93,"mot":"U","mo":15386.0},{"cn":"","ui":"","t":88893.0,"r":68534.0,"q":6.61,"p":5140.8,"mot":"L","mo":68534.0}]},{"d":"09.01.2017","r":260419.0,"q":15.97,"p":11769.8,"s":[{"ui":"3923920","t":112094.0,"r":112094.0,"q":20.13,"p":14800.08,"mot":"U","mo":112094.0},{"ui":"3920788","t":69496.0,"r":69496.0,"q":19.93,"p":14150.01,"mot":"U","mo":69496.0},{"ui":"3927058","t":14529.0,"r":14429.0,"q":4.17,"p":6671.63,"mot":"U","mo":14429.0},{"ui":"3927056","t":14517.0,"r":14517.0,"q":4.17,"p":6672.1,"mot":"U","mo":14517.0},{"ui":"3927057","t":16415.0,"r":16415.0,"q":4.17,"p":6671.93,"mot":"U","mo":16415.0},{"cn":"","ui":"","t":50783.0,"r":33468.0,"q":9.82,"p":3587.53,"mot":"L","mo":33468.0}]},{"d":"10.01.2017","r":268339.0,"q":15.94,"p":11731.42,"s":[{"ui":"3923920","t":115959.0,"r":115959.0,"q":20.13,"p":14800.08,"mot":"U","mo":115959.0},{"ui":"3920788","t":69575.0,"r":69575.0,"q":19.92,"p":14150.01,"mot":"U","mo":69575.0},{"ui":"3927058","t":15457.0,"r":15357.0,"q":4.17,"p":6671.63,"mot":"U","mo":15357.0},{"ui":"3927056","t":15545.0,"r":15545.0,"q":4.17,"p":6672.1,"mot":"U","mo":15545.0},{"ui":"3927057","t":17443.0,"r":17443.0,"q":4.17,"p":6671.93,"mot":"U","mo":17443.0},{"cn":"","ui":"","t":50982.0,"r":34460.0,"q":10.34,"p":3620.33,"mot":"L","mo":34460.0}]},{"d":"11.01.2017","r":262910.0,"q":16.5,"p":12332.25,"s":[{"ui":"3927058","t":16382.0,"r":16282.0,"q":4.17,"p":6671.63,"mot":"U","mo":16282.0},{"ui":"3958986","t":13969.0,"r":13869.0,"q":18.64,"p":8319.45,"mot":"U","mo":13869.0},{"ui":"3927056","t":16621.0,"r":16621.0,"q":4.29,"p":6672.1,"mot":"U","mo":16621.0},{"ui":"3923920","t":119818.0,"r":119818.0,"q":20.13,"p":14800.08,"mot":"U","mo":119818.0},{"ui":"3920788","t":69576.0,"r":69576.0,"q":19.92,"p":14150.01,"mot":"U","mo":69576.0},{"ui":"3927057","t":18468.0,"r":18468.0,"q":4.17,"p":6671.93,"mot":"U","mo":18468.0},{"cn":"","ui":"","t":25432.0,"r":8276.0,"q":7.8,"p":3181.66,"mot":"L","mo":8276.0}]},{"d":"12.01.2017","r":279890.0,"q":16.04,"p":12092.61,"s":[{"ui":"3927058","t":17305.0,"r":17205.0,"q":4.17,"p":6671.63,"mot":"U","mo":17205.0},{"ui":"3958986","t":15796.0,"r":15796.0,"q":18.61,"p":8319.45,"mot":"U","mo":15796.0},{"ui":"3927056","t":17696.0,"r":17696.0,"q":4.4,"p":6672.1,"mot":"U","mo":17696.0},{"ui":"3920788","t":69577.0,"r":69577.0,"q":19.92,"p":14150.01,"mot":"U","mo":69577.0},{"ui":"3923920","t":123670.0,"r":123670.0,"q":20.13,"p":14800.08,"mot":"U","mo":123670.0},{"ui":"3927057","t":19491.0,"r":19491.0,"q":4.17,"p":6671.93,"mot":"U","mo":19491.0},{"cn":"","ui":"","t":32805.0,"r":16455.0,"q":5.38,"p":4585.03,"mot":"L","mo":16455.0}]},{"d":"13.01.2017","r":86826.0,"q":8.19,"p":6831.79,"s":[{"ui":"3927058","t":18227.0,"r":18127.0,"q":4.17,"p":6671.63,"mot":"U","mo":18127.0},{"ui":"3958986","t":17721.0,"r":17721.0,"q":18.59,"p":8319.45,"mot":"U","mo":17721.0},{"ui":"3927056","t":18769.0,"r":18769.0,"q":4.49,"p":6672.1,"mot":"U","mo":18769.0},{"ui":"3927057","t":20513.0,"r":20513.0,"q":4.17,"p":6671.93,"mot":"U","mo":20513.0},{"cn":"","ui":"","t":26814.0,"r":11696.0,"q":11.63,"p":5362.67,"mot":"L","mo":11696.0}]},{"d":"14.01.2017","r":163577.0,"q":13.51,"p":10069.46,"s":[{"ui":"3927058","t":19148.0,"r":19148.0,"q":4.17,"p":6671.63,"mot":"U","mo":19148.0},{"ui":"3958986","t":19642.0,"r":19642.0,"q":18.58,"p":8319.45,"mot":"U","mo":19642.0},{"ui":"3927056","t":19841.0,"r":19841.0,"q":4.58,"p":6672.1,"mot":"U","mo":19841.0},{"ui":"3920788","t":69578.0,"r":69578.0,"q":19.92,"p":14150.01,"mot":"U","mo":69578.0},{"ui":"3927057","t":21534.0,"r":21534.0,"q":4.17,"p":6671.93,"mot":"U","mo":21534.0},{"cn":"","ui":"","t":28914.0,"r":13834.0,"q":14.31,"p":6895.22,"mot":"L","mo":13834.0}]},{"d":"15.01.2017","r":172003.0,"q":13.56,"p":10009.37,"s":[{"ui":"3927058","t":20167.0,"r":20167.0,"q":4.17,"p":6671.63,"mot":"U","mo":20167.0},{"ui":"3958986","t":21581.0,"r":21581.0,"q":18.57,"p":8319.45,"mot":"U","mo":21581.0},{"ui":"3920788","t":69737.0,"r":69737.0,"q":19.92,"p":14150.01,"mot":"U","mo":69737.0},{"ui":"3918991","t":11505.0,"r":11505.0,"q":20.0,"p":9500.0,"mot":"U","mo":11505.0},{"ui":"3927056","t":20911.0,"r":20911.0,"q":4.65,"p":6672.1,"mot":"U","mo":20911.0},{"ui":"3927057","t":22553.0,"r":22553.0,"q":4.17,"p":6671.93,"mot":"U","mo":22553.0},{"cn":"","ui":"","t":16206.0,"r":5549.0,"q":6.52,"p":3871.52,"mot":"L","mo":5549.0}]},{"d":"16.01.2017","r":190853.0,"q":13.07,"p":9704.42,"s":[{"ui":"3956493","t":9987.0,"r":9987.0,"q":4.04,"p":5500.0,"mot":"U","mo":9987.0},{"ui":"3927058","t":21184.0,"r":21184.0,"q":4.17,"p":6671.63,"mot":"U","mo":21184.0},{"ui":"3958986","t":23518.0,"r":23518.0,"q":18.56,"p":8319.45,"mot":"U","mo":23518.0},{"ui":"3920788","t":69896.0,"r":69896.0,"q":19.91,"p":14150.01,"mot":"U","mo":69896.0},{"ui":"3927056","t":21978.0,"r":21978.0,"q":4.72,"p":6672.1,"mot":"U","mo":21978.0},{"ui":"3918991","t":15329.0,"r":15329.0,"q":20.0,"p":9500.0,"mot":"U","mo":15329.0},{"ui":"3927057","t":23570.0,"r":23570.0,"q":4.17,"p":6671.93,"mot":"U","mo":23570.0},{"cn":"","ui":"","t":13837.0,"r":5391.0,"q":5.54,"p":4015.92,"mot":"L","mo":5391.0}]},{"d":"18.01.2017","r":307377.0,"q":14.65,"p":8676.88,"s":[{"ui":"3731806","t":110106.0,"r":106606.0,"q":17.56,"p":7000.0,"mot":"U","mo":106606.0},{"ui":"3927058","t":22217.0,"r":22217.0,"q":4.17,"p":6671.63,"mot":"U","mo":22217.0},{"ui":"3958986","t":25453.0,"r":25453.0,"q":18.55,"p":8319.45,"mot":"U","mo":25453.0},{"ui":"3918991","t":19207.0,"r":19207.0,"q":19.99,"p":9500.0,"mot":"U","mo":19207.0},{"ui":"3920788","t":70055.0,"r":70055.0,"q":19.9,"p":14150.01,"mot":"U","mo":70055.0},{"ui":"3927056","t":23063.0,"r":23063.0,"q":4.78,"p":6672.1,"mot":"U","mo":23063.0},{"ui":"3927057","t":24603.0,"r":24603.0,"q":4.17,"p":6671.93,"mot":"U","mo":24603.0},{"cn":"","ui":"","t":22523.0,"r":16173.0,"q":4.69,"p":4271.28,"mot":"L","mo":16173.0}]},{"d":"19.01.2017","r":428014.0,"q":16.43,"p":10061.36,"s":[{"ui":"3731806","t":108543.0,"r":108543.0,"q":17.57,"p":5000.0,"mot":"U","mo":108543.0},{"ui":"3927058","t":23250.0,"r":23250.0,"q":4.17,"p":6671.63,"mot":"U","mo":23250.0},{"ui":"3958986","t":27386.0,"r":22386.0,"q":18.54,"p":8319.45,"mot":"U","mo":22386.0},{"ui":"3927056","t":24148.0,"r":24148.0,"q":4.84,"p":6672.1,"mot":"U","mo":24148.0},{"ui":"3920788","t":70214.0,"r":70214.0,"q":19.9,"p":14150.01,"mot":"U","mo":70214.0},{"ui":"3923920","t":127516.0,"r":127516.0,"q":20.13,"p":14800.08,"mot":"U","mo":127516.0},{"ui":"3927057","t":25636.0,"r":25636.0,"q":4.17,"p":6671.93,"mot":"U","mo":25636.0},{"cn":"","ui":"","t":34453.0,"r":26321.0,"q":16.18,"p":7955.53,"mot":"L","mo":26321.0}]},{"d":"20.01.2017","r":434919.0,"q":16.35,"p":9802.49,"s":[{"ui":"3731806","t":110478.0,"r":110478.0,"q":17.58,"p":4000.0,"mot":"U","mo":110478.0},{"ui":"3927058","t":24282.0,"r":24282.0,"q":4.17,"p":6671.63,"mot":"U","mo":24282.0},{"ui":"3920788","t":70372.0,"r":70372.0,"q":19.89,"p":14150.01,"mot":"U","mo":70372.0},{"ui":"3923920","t":131393.0,"r":131393.0,"q":20.12,"p":14800.08,"mot":"U","mo":131393.0},{"ui":"3927056","t":25231.0,"r":25231.0,"q":4.89,"p":6672.1,"mot":"U","mo":25231.0},{"ui":"3927057","t":26668.0,"r":26668.0,"q":4.17,"p":6671.93,"mot":"U","mo":26668.0},{"cn":"","ui":"","t":58531.0,"r":46495.0,"q":16.99,"p":8016.23,"mot":"L","mo":46495.0}]},{"d":"21.01.2017","r":441801.0,"q":16.28,"p":9797.48,"s":[{"ui":"3731806","t":112409.0,"r":112409.0,"q":17.59,"p":4000.0,"mot":"U","mo":112409.0},{"ui":"3927058","t":25312.0,"r":25312.0,"q":4.17,"p":6671.63,"mot":"U","mo":25312.0},{"ui":"3927056","t":26313.0,"r":26313.0,"q":4.94,"p":6672.1,"mot":"U","mo":26313.0},{"ui":"3920788","t":70528.0,"r":70528.0,"q":19.88,"p":14150.01,"mot":"U","mo":70528.0},{"ui":"3923920","t":135270.0,"r":135270.0,"q":20.12,"p":14800.08,"mot":"U","mo":135270.0},{"ui":"3927057","t":27698.0,"r":27698.0,"q":4.17,"p":6671.93,"mot":"U","mo":27698.0},{"cn":"","ui":"","t":55211.0,"r":44271.0,"q":16.69,"p":7898.79,"mot":"L","mo":44271.0}]},{"d":"22.01.2017","r":457269.0,"q":15.96,"p":9687.29,"s":[{"ui":"3731806","t":114338.0,"r":114338.0,"q":17.61,"p":4000.0,"mot":"U","mo":114338.0},{"ui":"3927058","t":26341.0,"r":26341.0,"q":4.17,"p":6671.63,"mot":"U","mo":26341.0},{"ui":"3923920","t":139147.0,"r":139147.0,"q":20.12,"p":14800.08,"mot":"U","mo":139147.0},{"ui":"3927056","t":27393.0,"r":27393.0,"q":4.99,"p":6672.1,"mot":"U","mo":27393.0},{"ui":"3920788","t":70680.0,"r":70680.0,"q":19.88,"p":14150.01,"mot":"U","mo":70680.0},{"ui":"3927057","t":28727.0,"r":28727.0,"q":4.17,"p":6671.93,"mot":"U","mo":28727.0},{"cn":"","ui":"","t":60157.0,"r":50643.0,"q":14.07,"p":7161.19,"mot":"L","mo":50643.0}]},{"d":"23.01.2017","r":453897.0,"q":16.15,"p":9810.74,"s":[{"ui":"3731806","t":116263.0,"r":116213.0,"q":17.62,"p":4000.0,"mot":"U","mo":116213.0},{"ui":"3927058","t":27369.0,"r":27369.0,"q":4.17,"p":6671.63,"mot":"U","mo":27369.0},{"ui":"3927056","t":28472.0,"r":28472.0,"q":5.03,"p":6672.1,"mot":"U","mo":28472.0},{"ui":"3920788","t":70827.0,"r":70827.0,"q":19.87,"p":14150.01,"mot":"U","mo":70827.0},{"ui":"3923920","t":143024.0,"r":143024.0,"q":20.12,"p":14800.08,"mot":"U","mo":143024.0},{"ui":"3927057","t":29755.0,"r":29755.0,"q":4.17,"p":6671.93,"mot":"U","mo":29755.0},{"cn":"","ui":"","t":47295.0,"r":38237.0,"q":16.13,"p":7797.59,"mot":"L","mo":38237.0}]},{"d":"24.01.2017","r":459740.0,"q":16.11,"p":9823.32,"s":[{"ui":"3731806","t":118136.0,"r":118086.0,"q":17.63,"p":4000.0,"mot":"U","mo":118086.0},{"ui":"3927058","t":28394.0,"r":28394.0,"q":4.17,"p":6671.63,"mot":"U","mo":28394.0},{"ui":"3920788","t":70968.0,"r":70968.0,"q":19.86,"p":14150.01,"mot":"U","mo":70968.0},{"ui":"3927056","t":29548.0,"r":29548.0,"q":5.06,"p":6672.1,"mot":"U","mo":29548.0},{"ui":"3923920","t":146901.0,"r":146901.0,"q":20.12,"p":14800.08,"mot":"U","mo":146901.0},{"ui":"3927057","t":30780.0,"r":30780.0,"q":4.17,"p":6671.93,"mot":"U","mo":30780.0},{"cn":"","ui":"","t":44136.0,"r":35063.0,"q":16.1,"p":7801.45,"mot":"L","mo":35063.0}]},{"d":"25.01.2017","r":447250.0,"q":15.83,"p":9831.81,"s":[{"ui":"3731806","t":118795.0,"r":118745.0,"q":17.63,"p":4000.0,"mot":"U","mo":118745.0},{"ui":"3927058","t":29417.0,"r":29417.0,"q":4.17,"p":6671.63,"mot":"U","mo":29417.0},{"ui":"3923920","t":150778.0,"r":150778.0,"q":20.12,"p":14800.08,"mot":"U","mo":150778.0},{"ui":"3920788","t":71101.0,"r":71101.0,"q":19.86,"p":14150.01,"mot":"U","mo":71101.0},{"ui":"3927056","t":30623.0,"r":30623.0,"q":5.1,"p":6672.1,"mot":"U","mo":30623.0},{"ui":"3927057","t":31803.0,"r":31803.0,"q":4.17,"p":6671.93,"mot":"U","mo":31803.0},{"cn":"","ui":"","t":20997.0,"r":14783.0,"q":8.8,"p":4865.4,"mot":"L","mo":14783.0}]},{"d":"26.01.2017","r":468879.0,"q":15.99,"p":9870.49,"s":[{"ui":"3731806","t":118745.0,"r":118694.0,"q":17.63,"p":4000.0,"mot":"U","mo":118694.0},{"ui":"3927058","t":30439.0,"r":30439.0,"q":4.17,"p":6671.63,"mot":"U","mo":30439.0},{"ui":"3927056","t":31696.0,"r":31696.0,"q":5.13,"p":6672.1,"mot":"U","mo":31696.0},{"ui":"3923920","t":154655.0,"r":154655.0,"q":20.12,"p":14800.08,"mot":"U","mo":154655.0},{"ui":"3920788","t":71102.0,"r":71102.0,"q":19.86,"p":14150.01,"mot":"U","mo":71102.0},{"ui":"3927057","t":32825.0,"r":32825.0,"q":4.17,"p":6671.93,"mot":"U","mo":32825.0},{"cn":"","ui":"","t":41546.0,"r":29468.0,"q":15.39,"p":7626.08,"mot":"L","mo":29468.0}]},{"d":"27.01.2017","r":436581.0,"q":16.78,"p":10259.11,"s":[{"ui":"3731806","t":108694.0,"r":108693.0,"q":17.63,"p":4000.0,"mot":"U","mo":108693.0},{"ui":"3923920","t":158532.0,"r":158532.0,"q":20.12,"p":14800.08,"mot":"U","mo":158532.0},{"ui":"3918991","t":22981.0,"r":22103.0,"q":20.12,"p":9500.0,"mot":"U","mo":22103.0},{"ui":"3927056","t":32768.0,"r":32768.0,"q":5.16,"p":6672.1,"mot":"U","mo":32768.0},{"ui":"3920788","t":71103.0,"r":71103.0,"q":19.86,"p":14150.01,"mot":"U","mo":71103.0},{"ui":"3927057","t":33846.0,"r":33846.0,"q":4.17,"p":6671.93,"mot":"U","mo":33846.0},{"cn":"","ui":"","t":15536.0,"r":9536.0,"q":5.52,"p":3915.33,"mot":"L","mo":9536.0}]},{"d":"28.01.2017","r":441962.0,"q":16.76,"p":10254.91,"s":[{"ui":"3731806","t":108684.0,"r":108684.0,"q":17.63,"p":4000.0,"mot":"U","mo":108684.0},{"ui":"3918991","t":25969.0,"r":25091.0,"q":20.12,"p":9500.0,"mot":"U","mo":25091.0},{"ui":"3923920","t":159409.0,"r":159409.0,"q":20.12,"p":14800.08,"mot":"U","mo":159409.0},{"ui":"3927056","t":33838.0,"r":33838.0,"q":5.19,"p":6672.1,"mot":"U","mo":33838.0},{"ui":"3920788","t":71104.0,"r":71104.0,"q":19.86,"p":14150.01,"mot":"U","mo":71104.0},{"ui":"3927057","t":34865.0,"r":34865.0,"q":4.17,"p":6671.93,"mot":"U","mo":34865.0},{"cn":"","ui":"","t":17521.0,"r":8971.0,"q":5.29,"p":3946.46,"mot":"L","mo":8971.0}]},{"d":"29.01.2017","r":448208.0,"q":16.73,"p":9999.25,"s":[{"ui":"3731806","t":108684.0,"r":108684.0,"q":17.63,"p":3000.0,"mot":"U","mo":108684.0},{"ui":"3923920","t":160286.0,"r":160286.0,"q":20.12,"p":14800.08,"mot":"U","mo":160286.0},{"ui":"3918991","t":28951.0,"r":28073.0,"q":20.13,"p":9500.0,"mot":"U","mo":28073.0},{"ui":"3927056","t":34905.0,"r":34905.0,"q":5.22,"p":6672.1,"mot":"U","mo":34905.0},{"ui":"3920788","t":71105.0,"r":71105.0,"q":19.86,"p":14150.01,"mot":"U","mo":71105.0},{"ui":"3927057","t":35882.0,"r":35882.0,"q":4.17,"p":6671.93,"mot":"U","mo":35882.0},{"cn":"","ui":"","t":20497.0,"r":9273.0,"q":5.34,"p":4132.85,"mot":"L","mo":9273.0}]},{"d":"30.01.2017","r":443671.0,"q":16.69,"p":10152.82,"s":[{"ui":"3731806","t":108684.0,"r":98674.0,"q":17.63,"p":3000.0,"mot":"U","mo":98674.0},{"ui":"3920788","t":71106.0,"r":71106.0,"q":19.86,"p":14150.01,"mot":"U","mo":71106.0},{"ui":"3927056","t":35970.0,"r":35970.0,"q":5.24,"p":6672.1,"mot":"U","mo":35970.0},{"ui":"3923920","t":161163.0,"r":161163.0,"q":20.12,"p":14800.08,"mot":"U","mo":161163.0},{"ui":"3918991","t":31951.0,"r":31073.0,"q":20.13,"p":9500.0,"mot":"U","mo":31073.0},{"ui":"3927057","t":36896.0,"r":36896.0,"q":4.17,"p":6671.93,"mot":"U","mo":36896.0},{"cn":"","ui":"","t":22473.0,"r":8789.0,"q":4.95,"p":4068.19,"mot":"L","mo":8789.0}]},{"d":"31.01.2017","r":440761.0,"q":16.61,"p":10281.9,"s":[{"ui":"3731806","t":98674.0,"r":88674.0,"q":17.63,"p":3000.0,"mot":"U","mo":88674.0},{"ui":"3920788","t":71107.0,"r":71107.0,"q":19.86,"p":14150.01,"mot":"U","mo":71107.0},{"ui":"3927056","t":37031.0,"r":37031.0,"q":5.26,"p":6672.1,"mot":"U","mo":37031.0},{"ui":"3923920","t":162040.0,"r":162040.0,"q":20.12,"p":14800.08,"mot":"U","mo":162040.0},{"ui":"3918991","t":34943.0,"r":34065.0,"q":20.13,"p":9500.0,"mot":"U","mo":34065.0},{"ui":"3927057","t":37908.0,"r":37908.0,"q":4.17,"p":6671.93,"mot":"U","mo":37908.0},{"cn":"","ui":"","t":26433.0,"r":9936.0,"q":4.82,"p":3809.92,"mot":"L","mo":9936.0}]},{"d":"01.02.2017","r":399720.0,"q":16.24,"p":10524.21,"s":[{"ui":"3731806","t":88674.0,"r":78664.0,"q":17.63,"p":3000.0,"mot":"U","mo":78664.0},{"ui":"3920788","t":71108.0,"r":71108.0,"q":19.86,"p":14150.01,"mot":"U","mo":71108.0},{"ui":"3923920","t":162917.0,"r":162917.0,"q":20.12,"p":14800.08,"mot":"U","mo":162917.0},{"ui":"3927056","t":38089.0,"r":38089.0,"q":5.28,"p":6672.1,"mot":"U","mo":38089.0},{"ui":"3927057","t":38917.0,"r":38917.0,"q":4.17,"p":6671.93,"mot":"U","mo":38917.0},{"cn":"","ui":"","t":27585.0,"r":10025.0,"q":5.05,"p":3949.72,"mot":"L","mo":10025.0}]},{"d":"02.02.2017","r":443797.0,"q":16.35,"p":10365.11,"s":[{"ui":"3731806","t":88674.0,"r":78674.0,"q":17.63,"p":3000.0,"mot":"U","mo":78674.0},{"ui":"3920788","t":71109.0,"r":71109.0,"q":19.86,"p":14150.01,"mot":"U","mo":71109.0},{"ui":"3918991","t":37929.0,"r":37051.0,"q":20.13,"p":9500.0,"mot":"U","mo":37051.0},{"ui":"3927056","t":39144.0,"r":39144.0,"q":5.3,"p":6672.1,"mot":"U","mo":39144.0},{"ui":"3923920","t":163794.0,"r":163794.0,"q":20.02,"p":14800.08,"mot":"U","mo":163794.0},{"ui":"3927057","t":39923.0,"r":39923.0,"q":4.16,"p":6671.93,"mot":"U","mo":39923.0},{"cn":"","ui":"","t":37097.0,"r":14102.0,"q":4.28,"p":3836.79,"mot":"L","mo":14102.0}]},{"d":"03.02.2017","r":427428.0,"q":16.38,"p":10716.38,"s":[{"ui":"3731806","t":68674.0,"r":58674.0,"q":17.63,"p":3000.0,"mot":"U","mo":58674.0},{"ui":"3920788","t":71110.0,"r":71110.0,"q":19.86,"p":14150.01,"mot":"U","mo":71110.0},{"ui":"3927056","t":40194.0,"r":40194.0,"q":5.32,"p":6672.1,"mot":"U","mo":40194.0},{"ui":"3918991","t":40051.0,"r":39173.0,"q":20.14,"p":9500.0,"mot":"U","mo":39173.0},{"ui":"3923920","t":164671.0,"r":164671.0,"q":20.12,"p":14800.08,"mot":"U","mo":164671.0},{"ui":"3927057","t":40925.0,"r":40925.0,"q":4.16,"p":6671.93,"mot":"U","mo":40925.0},{"cn":"","ui":"","t":34621.0,"r":12681.0,"q":5.35,"p":3764.41,"mot":"L","mo":12681.0}]},{"d":"04.02.2017","r":424170.0,"q":16.33,"p":10875.5,"s":[{"ui":"3731806","t":58674.0,"r":48674.0,"q":17.63,"p":3000.0,"mot":"U","mo":48674.0},{"ui":"3920788","t":71111.0,"r":71111.0,"q":19.86,"p":14150.01,"mot":"U","mo":71111.0},{"ui":"3927056","t":41279.0,"r":41279.0,"q":5.34,"p":6672.1,"mot":"U","mo":41279.0},{"ui":"3923920","t":165548.0,"r":165548.0,"q":20.12,"p":14800.08,"mot":"U","mo":165548.0},{"ui":"3918991","t":43051.0,"r":42173.0,"q":20.14,"p":9500.0,"mot":"U","mo":42173.0},{"ui":"3927057","t":41958.0,"r":41958.0,"q":4.16,"p":6671.93,"mot":"U","mo":41958.0},{"cn":"","ui":"","t":38486.0,"r":13427.0,"q":5.94,"p":4073.43,"mot":"L","mo":13427.0}]},{"d":"05.02.2017","r":419894.0,"q":16.27,"p":11044.76,"s":[{"ui":"3731806","t":48674.0,"r":38674.0,"q":17.63,"p":3000.0,"mot":"U","mo":38674.0},{"ui":"3920788","t":71112.0,"r":71112.0,"q":19.86,"p":14150.01,"mot":"U","mo":71112.0},{"ui":"3918991","t":46045.0,"r":45167.0,"q":20.14,"p":9500.0,"mot":"U","mo":45167.0},{"ui":"3923920","t":166425.0,"r":166425.0,"q":20.12,"p":14800.08,"mot":"U","mo":166425.0},{"ui":"3927056","t":42362.0,"r":42362.0,"q":5.35,"p":6672.1,"mot":"U","mo":42362.0},{"ui":"3927057","t":42990.0,"r":42990.0,"q":4.16,"p":6671.93,"mot":"U","mo":42990.0},{"cn":"","ui":"","t":39255.0,"r":13164.0,"q":5.69,"p":4080.09,"mot":"L","mo":13164.0}]},{"d":"06.02.2017","r":428825.0,"q":16.13,"p":11108.24,"s":[{"ui":"3731806","t":38674.0,"r":28624.0,"q":17.63,"p":3000.0,"mot":"U","mo":28624.0},{"ui":"3920788","t":71113.0,"r":71113.0,"q":19.86,"p":14150.01,"mot":"U","mo":71113.0},{"ui":"3923920","t":167302.0,"r":167302.0,"q":20.12,"p":14800.08,"mot":"U","mo":167302.0},{"ui":"3918991","t":49031.0,"r":48953.0,"q":20.14,"p":9500.0,"mot":"U","mo":48953.0},{"ui":"3927056","t":43444.0,"r":43444.0,"q":5.37,"p":6672.1,"mot":"U","mo":43444.0},{"ui":"3927057","t":44020.0,"r":44020.0,"q":4.16,"p":6671.93,"mot":"U","mo":44020.0},{"cn":"","ui":"","t":55708.0,"r":25369.0,"q":9.11,"p":5781.47,"mot":"L","mo":25369.0}]},{"d":"07.02.2017","r":423811.0,"q":16.08,"p":11290.58,"s":[{"ui":"3920788","t":71114.0,"r":71114.0,"q":19.86,"p":14150.01,"mot":"U","mo":71114.0},{"ui":"3918991","t":52811.0,"r":52733.0,"q":20.14,"p":9500.0,"mot":"U","mo":52733.0},{"ui":"3927056","t":44524.0,"r":44524.0,"q":5.39,"p":6672.1,"mot":"U","mo":44524.0},{"ui":"3923920","t":167379.0,"r":167379.0,"q":20.12,"p":14800.08,"mot":"U","mo":167379.0},{"ui":"3927057","t":45049.0,"r":45049.0,"q":4.16,"p":6671.93,"mot":"U","mo":45049.0},{"cn":"","ui":"","t":82882.0,"r":43012.0,"q":12.71,"p":4719.38,"mot":"L","mo":43012.0}]},{"d":"08.02.2017","r":434598.0,"q":15.62,"p":11169.02,"s":[{"ui":"3920788","t":71115.0,"r":71115.0,"q":19.86,"p":14150.01,"mot":"U","mo":71115.0},{"ui":"3923920","t":167456.0,"r":167456.0,"q":20.12,"p":14800.08,"mot":"U","mo":167456.0},{"ui":"3918991","t":56586.0,"r":56508.0,"q":20.14,"p":9500.0,"mot":"U","mo":56508.0},{"ui":"3927056","t":45603.0,"r":45603.0,"q":5.4,"p":6672.1,"mot":"U","mo":45603.0},{"ui":"3927057","t":46077.0,"r":46077.0,"q":4.16,"p":6671.93,"mot":"U","mo":46077.0},{"cn":"","ui":"","t":84573.0,"r":47839.0,"q":9.0,"p":4617.1,"mot":"L","mo":47839.0}]},{"d":"09.02.2017","r":433856.0,"q":15.61,"p":11271.43,"s":[{"ui":"3927056","t":46679.0,"r":46679.0,"q":5.42,"p":6672.1,"mot":"U","mo":46679.0},{"ui":"3918991","t":60355.0,"r":60277.0,"q":20.14,"p":9500.0,"mot":"U","mo":60277.0},{"ui":"3920788","t":71116.0,"r":71116.0,"q":19.86,"p":14150.01,"mot":"U","mo":71116.0},{"ui":"3923920","t":167533.0,"r":167533.0,"q":20.12,"p":14800.08,"mot":"U","mo":167533.0},{"ui":"3927057","t":47102.0,"r":47102.0,"q":4.16,"p":6671.93,"mot":"U","mo":47102.0},{"cn":"","ui":"","t":67222.0,"r":41149.0,"q":7.9,"p":5007.31,"mot":"L","mo":41149.0}]},{"d":"10.02.2017","r":435645.0,"q":15.76,"p":11328.69,"s":[{"ui":"3920788","t":71117.0,"r":71117.0,"q":19.86,"p":14150.01,"mot":"U","mo":71117.0},{"ui":"3918991","t":64118.0,"r":64040.0,"q":20.14,"p":9500.0,"mot":"U","mo":64040.0},{"ui":"3923920","t":167610.0,"r":167610.0,"q":20.12,"p":14800.08,"mot":"U","mo":167610.0},{"ui":"3927056","t":47754.0,"r":47754.0,"q":5.43,"p":6672.1,"mot":"U","mo":47754.0},{"ui":"3927057","t":48125.0,"r":48125.0,"q":4.16,"p":6671.93,"mot":"U","mo":48125.0},{"cn":"","ui":"","t":65619.0,"r":36999.0,"q":8.95,"p":5412.35,"mot":"L","mo":36999.0}]},{"d":"11.02.2017","r":442966.0,"q":15.73,"p":11275.01,"s":[{"ui":"3923920","t":167687.0,"r":167687.0,"q":20.12,"p":14800.08,"mot":"U","mo":167687.0},{"ui":"3920788","t":71118.0,"r":71118.0,"q":19.86,"p":14150.01,"mot":"U","mo":71118.0},{"ui":"3927056","t":48827.0,"r":48827.0,"q":5.45,"p":6672.1,"mot":"U","mo":48827.0},{"ui":"3918991","t":67873.0,"r":67795.0,"q":20.14,"p":9500.0,"mot":"U","mo":67795.0},{"ui":"3927057","t":49147.0,"r":49147.0,"q":4.16,"p":6671.93,"mot":"U","mo":49147.0},{"cn":"","ui":"","t":68047.0,"r":38392.0,"q":9.02,"p":5433.62,"mot":"L","mo":38392.0}]},{"d":"12.02.2017","r":444406.0,"q":15.8,"p":11305.39,"s":[{"ui":"3920788","t":71119.0,"r":71119.0,"q":19.86,"p":14150.01,"mot":"U","mo":71119.0},{"ui":"3927056","t":49899.0,"r":49899.0,"q":5.46,"p":6672.1,"mot":"U","mo":49899.0},{"ui":"3918991","t":71622.0,"r":71544.0,"q":20.14,"p":9500.0,"mot":"U","mo":71544.0},{"ui":"3923920","t":167764.0,"r":167764.0,"q":20.12,"p":14800.08,"mot":"U","mo":167764.0},{"ui":"3927057","t":50168.0,"r":50168.0,"q":4.16,"p":6671.93,"mot":"U","mo":50168.0},{"cn":"","ui":"","t":64905.0,"r":33912.0,"q":9.23,"p":5532.36,"mot":"L","mo":33912.0}]},{"d":"13.02.2017","r":453560.0,"q":15.73,"p":11215.92,"s":[{"ui":"3923920","t":167841.0,"r":167841.0,"q":20.12,"p":14800.08,"mot":"U","mo":167841.0},{"ui":"3920788","t":71120.0,"r":71120.0,"q":19.86,"p":14150.01,"mot":"U","mo":71120.0},{"ui":"3927056","t":50969.0,"r":50969.0,"q":5.47,"p":6672.1,"mot":"U","mo":50969.0},{"ui":"3918991","t":75366.0,"r":75288.0,"q":20.14,"p":9500.0,"mot":"U","mo":75288.0},{"ui":"3927057","t":51187.0,"r":51187.0,"q":4.16,"p":6671.93,"mot":"U","mo":51187.0},{"cn":"","ui":"","t":69328.0,"r":37155.0,"q":9.04,"p":5379.11,"mot":"L","mo":37155.0}]},{"d":"14.02.2017","r":404195.0,"q":17.16,"p":11771.05,"s":[{"ui":"3917850","t":23476.0,"r":23338.0,"q":11.64,"p":6000.0,"mot":"U","mo":23338.0},{"ui":"3920788","t":71121.0,"r":71121.0,"q":19.86,"p":14150.01,"mot":"U","mo":71121.0},{"ui":"3923920","t":167918.0,"r":167918.0,"q":20.12,"p":14800.08,"mot":"U","mo":167918.0},{"ui":"3927056","t":52036.0,"r":52036.0,"q":5.49,"p":6672.1,"mot":"U","mo":52036.0},{"ui":"3918991","t":75288.0,"r":75210.0,"q":20.14,"p":9500.0,"mot":"U","mo":75210.0},{"cn":"","ui":"","t":47946.0,"r":14572.0,"q":5.0,"p":4427.9,"mot":"L","mo":14572.0}]},{"d":"15.02.2017","r":406270.0,"q":17.11,"p":11742.88,"s":[{"ui":"3917850","t":24176.0,"r":24039.0,"q":11.67,"p":6000.0,"mot":"U","mo":24039.0},{"ui":"3920788","t":71122.0,"r":71122.0,"q":19.86,"p":14150.01,"mot":"U","mo":71122.0},{"ui":"3923920","t":167995.0,"r":167995.0,"q":20.12,"p":14800.08,"mot":"U","mo":167995.0},{"ui":"3927056","t":53100.0,"r":53100.0,"q":5.5,"p":6672.1,"mot":"U","mo":53100.0},{"ui":"3918991","t":75210.0,"r":75132.0,"q":20.14,"p":9500.0,"mot":"U","mo":75132.0},{"cn":"","ui":"","t":46728.0,"r":14882.0,"q":4.98,"p":4420.5,"mot":"L","mo":14882.0}]},{"d":"16.02.2017","r":364993.0,"q":18.4,"p":12211.91,"s":[{"ui":"3917850","t":24876.0,"r":24739.0,"q":11.71,"p":6000.0,"mot":"U","mo":24739.0},{"ui":"3920788","t":71123.0,"r":71123.0,"q":19.86,"p":14150.01,"mot":"U","mo":71123.0},{"ui":"3918991","t":75132.0,"r":75054.0,"q":20.14,"p":9500.0,"mot":"U","mo":75054.0},{"ui":"3923920","t":168072.0,"r":168072.0,"q":20.12,"p":14800.08,"mot":"U","mo":168072.0},{"cn":"","ui":"","t":59106.0,"r":26005.0,"q":4.67,"p":3920.19,"mot":"L","mo":26005.0}]},{"d":"17.02.2017","r":355191.0,"q":18.81,"p":12468.79,"s":[{"ui":"3917850","t":25576.0,"r":25439.0,"q":11.74,"p":6000.0,"mot":"U","mo":25439.0},{"ui":"3918991","t":75054.0,"r":74976.0,"q":20.14,"p":9500.0,"mot":"U","mo":74976.0},{"ui":"3920788","t":71124.0,"r":71124.0,"q":19.86,"p":14150.01,"mot":"U","mo":71124.0},{"ui":"3923920","t":168149.0,"r":168149.0,"q":20.12,"p":14800.08,"mot":"U","mo":168149.0},{"cn":"","ui":"","t":45370.0,"r":15503.0,"q":5.02,"p":4442.45,"mot":"L","mo":15503.0}]},{"d":"18.02.2017","r":356388.0,"q":18.78,"p":12444.51,"s":[{"ui":"3917850","t":26276.0,"r":26139.0,"q":11.77,"p":6000.0,"mot":"U","mo":26139.0},{"ui":"3923920","t":168226.0,"r":168226.0,"q":20.12,"p":14800.08,"mot":"U","mo":168226.0},{"ui":"3918991","t":74976.0,"r":74868.0,"q":20.14,"p":9500.0,"mot":"U","mo":74868.0},{"ui":"3920788","t":71125.0,"r":71125.0,"q":19.86,"p":14150.01,"mot":"U","mo":71125.0},{"cn":"","ui":"","t":44588.0,"r":16030.0,"q":5.06,"p":4417.73,"mot":"L","mo":16030.0}]},{"d":"19.02.2017","r":357588.0,"q":18.75,"p":12420.3,"s":[{"ui":"3917850","t":26976.0,"r":26839.0,"q":11.8,"p":6000.0,"mot":"U","mo":26839.0},{"ui":"3920788","t":71126.0,"r":71126.0,"q":19.86,"p":14150.01,"mot":"U","mo":71126.0},{"ui":"3923920","t":168303.0,"r":168303.0,"q":20.12,"p":14800.08,"mot":"U","mo":168303.0},{"ui":"3918991","t":74868.0,"r":74760.0,"q":20.14,"p":9500.0,"mot":"U","mo":74760.0},{"cn":"","ui":"","t":43874.0,"r":16560.0,"q":5.09,"p":4393.99,"mot":"L","mo":16560.0}]},{"d":"20.02.2017","r":362538.0,"q":18.62,"p":12328.11,"s":[{"ui":"3917850","t":27676.0,"r":27539.0,"q":11.82,"p":6000.0,"mot":"U","mo":27539.0},{"ui":"3923920","t":168380.0,"r":168380.0,"q":20.12,"p":14800.08,"mot":"U","mo":168380.0},{"ui":"3920788","t":71127.0,"r":71127.0,"q":19.86,"p":14150.01,"mot":"U","mo":71127.0},{"ui":"3918991","t":74760.0,"r":74652.0,"q":20.14,"p":9500.0,"mot":"U","mo":74652.0},{"cn":"","ui":"","t":46895.0,"r":20840.0,"q":5.82,"p":4630.33,"mot":"L","mo":20840.0}]},{"d":"21.02.2017","r":364684.0,"q":18.56,"p":12284.68,"s":[{"ui":"3917850","t":28376.0,"r":28239.0,"q":11.85,"p":6000.0,"mot":"U","mo":28239.0},{"ui":"3920788","t":71128.0,"r":71128.0,"q":19.86,"p":14150.01,"mot":"U","mo":71128.0},{"ui":"3918991","t":74652.0,"r":74544.0,"q":20.14,"p":9500.0,"mot":"U","mo":74544.0},{"ui":"3923920","t":168457.0,"r":168457.0,"q":20.12,"p":14800.08,"mot":"U","mo":168457.0},{"cn":"","ui":"","t":46676.0,"r":22316.0,"q":5.86,"p":4605.92,"mot":"L","mo":22316.0}]},{"d":"22.02.2017","r":366779.0,"q":18.5,"p":12243.7,"s":[{"ui":"3917850","t":29076.0,"r":28939.0,"q":11.87,"p":6000.0,"mot":"U","mo":28939.0},{"ui":"3923920","t":168534.0,"r":168534.0,"q":20.12,"p":14800.08,"mot":"U","mo":168534.0},{"ui":"3920788","t":71129.0,"r":71129.0,"q":19.86,"p":14150.01,"mot":"U","mo":71129.0},{"ui":"3918991","t":74544.0,"r":74466.0,"q":20.14,"p":9500.0,"mot":"U","mo":74466.0},{"cn":"","ui":"","t":46421.0,"r":23711.0,"q":5.89,"p":4591.85,"mot":"L","mo":23711.0}]},{"d":"23.02.2017","r":339226.0,"q":19.02,"p":12745.4,"s":[{"ui":"3918991","t":74466.0,"r":74388.0,"q":20.14,"p":9500.0,"mot":"U","mo":74388.0},{"ui":"3920788","t":71130.0,"r":71130.0,"q":19.86,"p":14150.01,"mot":"U","mo":71130.0},{"ui":"3923920","t":168611.0,"r":168611.0,"q":20.12,"p":14800.08,"mot":"U","mo":168611.0},{"cn":"","ui":"","t":46149.0,"r":25097.0,"q":5.9,"p":4579.83,"mot":"L","mo":25097.0}]},{"d":"24.02.2017","r":340681.0,"q":18.96,"p":12710.93,"s":[{"ui":"3923920","t":168688.0,"r":168688.0,"q":20.12,"p":14800.08,"mot":"U","mo":168688.0},{"ui":"3920788","t":71131.0,"r":71131.0,"q":19.86,"p":14150.01,"mot":"U","mo":71131.0},{"ui":"3918991","t":74388.0,"r":74310.0,"q":20.14,"p":9500.0,"mot":"U","mo":74310.0},{"cn":"","ui":"","t":45909.0,"r":26552.0,"q":5.91,"p":4569.47,"mot":"L","mo":26552.0}]},{"d":"25.02.2017","r":342056.0,"q":18.91,"p":12678.48,"s":[{"ui":"3918991","t":74310.0,"r":74232.0,"q":20.14,"p":9500.0,"mot":"U","mo":74232.0},{"ui":"3920788","t":71132.0,"r":71132.0,"q":19.86,"p":14150.01,"mot":"U","mo":71132.0},{"ui":"3923920","t":168765.0,"r":168765.0,"q":20.12,"p":14800.08,"mot":"U","mo":168765.0},{"cn":"","ui":"","t":45555.0,"r":27927.0,"q":5.93,"p":4558.08,"mot":"L","mo":27927.0}]},{"d":"26.02.2017","r":347067.0,"q":18.89,"p":12616.83,"s":[{"ui":"3918991","t":78110.0,"r":78032.0,"q":20.17,"p":9500.0,"mot":"U","mo":78032.0},{"ui":"3923920","t":168842.0,"r":168842.0,"q":20.12,"p":14800.08,"mot":"U","mo":168842.0},{"ui":"3920788","t":71133.0,"r":71133.0,"q":19.86,"p":14150.01,"mot":"U","mo":71133.0},{"cn":"","ui":"","t":45151.0,"r":29060.0,"q":5.95,"p":4548.24,"mot":"L","mo":29060.0}]},{"d":"27.02.2017","r":366538.0,"q":18.45,"p":12152.22,"s":[{"ui":"3923920","t":168919.0,"r":168919.0,"q":20.12,"p":14800.08,"mot":"U","mo":168919.0},{"ui":"3918991","t":81910.0,"r":81832.0,"q":20.2,"p":9500.0,"mot":"U","mo":81832.0},{"ui":"3920788","t":71134.0,"r":71134.0,"q":19.86,"p":14150.01,"mot":"U","mo":71134.0},{"cn":"","ui":"","t":59075.0,"r":44653.0,"q":6.7,"p":3813.51,"mot":"L","mo":44653.0}]},{"d":"28.02.2017","r":370990.0,"q":18.44,"p":12097.09,"s":[{"ui":"3918991","t":85710.0,"r":84632.0,"q":20.23,"p":9500.0,"mot":"U","mo":84632.0},{"ui":"3920788","t":71135.0,"r":71135.0,"q":19.86,"p":14150.01,"mot":"U","mo":71135.0},{"ui":"3923920","t":168996.0,"r":168996.0,"q":20.12,"p":14800.08,"mot":"U","mo":168996.0},{"cn":"","ui":"","t":58924.0,"r":46227.0,"q":6.83,"p":3811.16,"mot":"L","mo":46227.0}]},{"d":"01.03.2017","r":375428.0,"q":18.44,"p":12029.08,"s":[{"ui":"3923920","t":169073.0,"r":169073.0,"q":20.12,"p":14800.08,"mot":"U","mo":169073.0},{"ui":"3918991","t":88510.0,"r":87432.0,"q":20.25,"p":9500.0,"mot":"U","mo":87432.0},{"ui":"3920788","t":71136.0,"r":71136.0,"q":19.86,"p":14150.01,"mot":"U","mo":71136.0},{"cn":"","ui":"","t":59360.0,"r":47787.0,"q":7.1,"p":3695.12,"mot":"L","mo":47787.0}]},{"d":"02.03.2017","r":538699.0,"q":14.51,"p":10439.62,"s":[{"ui":"3918991","t":91310.0,"r":90232.0,"q":20.27,"p":9500.0,"mot":"U","mo":90232.0},{"ui":"3920788","t":71137.0,"r":71137.0,"q":19.86,"p":14150.01,"mot":"U","mo":71137.0},{"ui":"3923920","t":169150.0,"r":169150.0,"q":20.12,"p":14800.08,"mot":"U","mo":169150.0},{"ui":"3972236","t":40119.0,"r":40119.0,"q":5.73,"p":8000.0,"mot":"U","mo":40119.0},{"ui":"3927056","t":53531.0,"r":53531.0,"q":5.5,"p":6672.1,"mot":"U","mo":53531.0},{"ui":"3927057","t":51242.0,"r":51242.0,"q":4.16,"p":6671.93,"mot":"U","mo":51242.0},{"cn":"","ui":"","t":77863.0,"r":63288.0,"q":6.88,"p":3738.28,"mot":"L","mo":63288.0}]},{"d":"03.03.2017","r":453370.0,"q":17.07,"p":11116.33,"s":[{"cn":"Karl du Bouage et frères","ui":"3920788","t":71138.0,"r":71138.0,"q":19.86,"p":14150.01,"mot":"U","mo":71138.0},{"cn":"some company","ui":"3918991","t":94110.0,"r":93032.0,"q":20.29,"p":9500.0,"mot":"U","mo":93032.0},{"cn":"Karl du Bouage et frères","ui":"3923920","t":169227.0,"r":169227.0,"q":20.12,"p":14800.08,"mot":"U","mo":169227.0},{"cn":"Fargus","ui":"3927056","t":54563.0,"r":54563.0,"q":5.46,"p":6672.1,"mot":"U","mo":54563.0},{"cn":"","ui":"","t":81803.0,"r":65410.0,"q":11.26,"p":4292.64,"mot":"L","mo":65410.0}]},{"d":"04.03.2017","r":457966.0,"q":17.08,"p":11105.33,"s":[{"cn":"Karl du Bouage et frères","ui":"3920788","t":71139.0,"r":71139.0,"q":19.86,"p":14150.01,"mot":"U","mo":71139.0},{"cn":"Karl du Bouage et frères","ui":"3923920","t":169304.0,"r":169304.0,"q":20.12,"p":14800.08,"mot":"U","mo":169304.0},{"cn":"Fargus","ui":"3927056","t":55590.0,"r":55590.0,"q":5.43,"p":6672.1,"mot":"U","mo":55590.0},{"cn":"some company","ui":"3918991","t":96910.0,"r":95832.0,"q":20.31,"p":9500.0,"mot":"U","mo":95832.0},{"cn":"","ui":"","t":84405.0,"r":66101.0,"q":11.4,"p":4420.89,"mot":"L","mo":66101.0}]},{"d":"05.03.2017","r":470029.0,"q":17.08,"p":10910.54,"s":[{"cn":"Karl du Bouage et frères","ui":"3920788","t":71140.0,"r":71140.0,"q":19.86,"p":14150.01,"mot":"U","mo":71140.0},{"cn":"some company","ui":"3918991","t":99710.0,"r":98632.0,"q":20.33,"p":9500.0,"mot":"U","mo":98632.0},{"cn":"Karl du Bouage et frères","ui":"3923920","t":169381.0,"r":169381.0,"q":20.12,"p":14800.08,"mot":"U","mo":169381.0},{"cn":"Fargus","ui":"3927056","t":56614.0,"r":56614.0,"q":5.39,"p":6672.1,"mot":"U","mo":56614.0},{"cn":"","ui":"","t":95371.0,"r":74262.0,"q":12.09,"p":4040.37,"mot":"L","mo":74262.0}]},{"d":"06.03.2017","r":474201.0,"q":17.06,"p":10844.15,"s":[{"cn":"Karl du Bouage et frères","ui":"3920788","t":71141.0,"r":71141.0,"q":19.86,"p":14150.01,"mot":"U","mo":71141.0},{"cn":"Karl du Bouage et frères","ui":"3923920","t":169458.0,"r":169458.0,"q":20.12,"p":14800.08,"mot":"U","mo":169458.0},{"cn":"some company","ui":"3918991","t":98632.0,"r":97554.0,"q":20.33,"p":9500.0,"mot":"U","mo":97554.0},{"cn":"Fargus","ui":"3927056","t":57635.0,"r":57635.0,"q":5.36,"p":6672.1,"mot":"U","mo":57635.0},{"cn":"","ui":"","t":102465.0,"r":78413.0,"q":12.42,"p":4034.52,"mot":"L","mo":78413.0}]},{"d":"07.03.2017","r":467528.0,"q":17.05,"p":10969.06,"s":[{"cn":"some company","ui":"3918991","t":97554.0,"r":96476.0,"q":20.33,"p":9500.0,"mot":"U","mo":96476.0},{"cn":"Karl du Bouage et frères","ui":"3920788","t":71142.0,"r":71142.0,"q":19.86,"p":14150.01,"mot":"U","mo":71142.0},{"cn":"Fargus","ui":"3927056","t":58652.0,"r":58652.0,"q":5.33,"p":6672.1,"mot":"U","mo":58652.0},{"cn":"Karl du Bouage et frères","ui":"3923920","t":169535.0,"r":169535.0,"q":20.12,"p":14800.08,"mot":"U","mo":169535.0},{"cn":"","ui":"","t":98001.0,"r":71723.0,"q":12.15,"p":4248.22,"mot":"L","mo":71723.0}]},{"d":"08.03.2017","r":475944.0,"q":16.91,"p":10829.43,"s":[{"cn":"Karl du Bouage et frères","ui":"3920788","t":71143.0,"r":71143.0,"q":19.86,"p":14150.01,"mot":"U","mo":71143.0},{"cn":"some company","ui":"3918991","t":96476.0,"r":95398.0,"q":20.33,"p":9500.0,"mot":"U","mo":95398.0},{"cn":"Karl du Bouage et frères","ui":"3923920","t":169612.0,"r":169612.0,"q":20.12,"p":14800.08,"mot":"U","mo":169612.0},{"cn":"NYB Inc.","ui":"3919321","t":25083.0,"r":25083.0,"q":20.14,"p":5000.0,"mot":"U","mo":25083.0},{"cn":"Fargus","ui":"3927056","t":59666.0,"r":59666.0,"q":5.31,"p":6672.1,"mot":"U","mo":59666.0},{"cn":"","ui":"","t":80490.0,"r":55042.0,"q":8.38,"p":3769.15,"mot":"L","mo":55042.0}]},{"d":"10.03.2017","r":595777.0,"q":16.25,"p":9611.95,"s":[{"cn":"Karl du Bouage et frères","ui":"3920788","t":71145.0,"r":71145.0,"q":19.86,"p":14150.01,"mot":"U","mo":71145.0},{"cn":"some company","ui":"3918991","t":95398.0,"r":94320.0,"q":20.33,"p":9500.0,"mot":"U","mo":94320.0},{"cn":"Karl du Bouage et frères","ui":"3923920","t":169766.0,"r":169766.0,"q":20.12,"p":14800.08,"mot":"U","mo":169766.0},{"cn":"Pro100","ui":"3915081","t":106325.0,"r":106325.0,"q":13.55,"p":5000.0,"mot":"U","mo":106325.0},{"cn":"Fargus","ui":"3927056","t":61697.0,"r":61697.0,"q":5.29,"p":6672.1,"mot":"U","mo":61697.0},{"cn":"","ui":"","t":122840.0,"r":92524.0,"q":12.64,"p":3977.46,"mot":"L","mo":92524.0}]},{"d":"11.03.2017","r":601905.0,"q":16.22,"p":9536.5,"s":[{"cn":"Karl du Bouage et frères","ui":"3920788","t":71146.0,"r":71146.0,"q":19.86,"p":14150.01,"mot":"U","mo":71146.0},{"cn":"Karl du Bouage et frères","ui":"3923920","t":169843.0,"r":169843.0,"q":20.12,"p":14800.08,"mot":"U","mo":169843.0},{"cn":"some company","ui":"3918991","t":93242.0,"r":92164.0,"q":20.33,"p":9500.0,"mot":"U","mo":92164.0},{"cn":"NYB Inc.","ui":"3919321","t":30847.0,"r":30847.0,"q":20.14,"p":5000.0,"mot":"U","mo":30847.0},{"cn":"Pro100","ui":"3915081","t":107973.0,"r":107973.0,"q":13.58,"p":5000.0,"mot":"U","mo":107973.0},{"cn":"Fargus","ui":"3927056","t":62707.0,"r":62707.0,"q":5.29,"p":6672.1,"mot":"U","mo":62707.0},{"cn":"","ui":"","t":95432.0,"r":67225.0,"q":9.52,"p":3445.34,"mot":"L","mo":67225.0}]},{"d":"12.03.2017","r":603940.0,"q":16.26,"p":9529.2,"s":[{"cn":"Karl du Bouage et frères","ui":"3920788","t":71147.0,"r":71147.0,"q":19.86,"p":14150.01,"mot":"U","mo":71147.0},{"cn":"Karl du Bouage et frères","ui":"3923920","t":169920.0,"r":169920.0,"q":20.12,"p":14800.08,"mot":"U","mo":169920.0},{"cn":"some company","ui":"3918991","t":92164.0,"r":91086.0,"q":20.33,"p":9500.0,"mot":"U","mo":91086.0},{"cn":"NYB Inc.","ui":"3919321","t":32784.0,"r":31784.0,"q":20.14,"p":5000.0,"mot":"U","mo":31784.0},{"cn":"Pro100","ui":"3915081","t":109621.0,"r":109621.0,"q":13.6,"p":5000.0,"mot":"U","mo":109621.0},{"cn":"Fargus","ui":"3927056","t":63714.0,"r":63714.0,"q":5.28,"p":6672.1,"mot":"U","mo":63714.0},{"cn":"","ui":"","t":93852.0,"r":66668.0,"q":10.06,"p":3540.74,"mot":"L","mo":66668.0}]},{"d":"13.03.2017","r":608534.0,"q":16.22,"p":9476.24,"s":[{"cn":"Karl du Bouage et frères","ui":"3920788","t":71148.0,"r":71148.0,"q":19.86,"p":14150.01,"mot":"U","mo":71148.0},{"cn":"Karl du Bouage et frères","ui":"3923920","t":169997.0,"r":169997.0,"q":20.12,"p":14800.08,"mot":"U","mo":169997.0},{"cn":"some company","ui":"3918991","t":91086.0,"r":90008.0,"q":20.33,"p":9500.0,"mot":"U","mo":90008.0},{"cn":"NYB Inc.","ui":"3919321","t":31963.0,"r":30963.0,"q":20.14,"p":5000.0,"mot":"U","mo":30963.0},{"cn":"Pro100","ui":"3915081","t":111269.0,"r":111269.0,"q":13.63,"p":5000.0,"mot":"U","mo":111269.0},{"cn":"Fargus","ui":"3927056","t":64718.0,"r":64718.0,"q":5.28,"p":6672.1,"mot":"U","mo":64718.0},{"cn":"","ui":"","t":96569.0,"r":70431.0,"q":10.27,"p":3490.8,"mot":"L","mo":70431.0}]},{"d":"14.03.2017","r":612365.0,"q":16.18,"p":9432.9,"s":[{"cn":"some company","ui":"3918991","t":90008.0,"r":88930.0,"q":20.33,"p":9500.0,"mot":"U","mo":88930.0},{"cn":"Karl du Bouage et frères","ui":"3920788","t":71149.0,"r":71149.0,"q":19.86,"p":14150.01,"mot":"U","mo":71149.0},{"cn":"Karl du Bouage et frères","ui":"3923920","t":170074.0,"r":170074.0,"q":20.12,"p":14800.08,"mot":"U","mo":170074.0},{"cn":"Pro100","ui":"3915081","t":112917.0,"r":112917.0,"q":13.7,"p":5000.0,"mot":"U","mo":112917.0},{"cn":"Fargus","ui":"3927056","t":65717.0,"r":65717.0,"q":5.28,"p":6672.1,"mot":"U","mo":65717.0},{"cn":"","ui":"","t":130294.0,"r":103578.0,"q":13.22,"p":3906.42,"mot":"L","mo":103578.0}]},{"d":"15.03.2017","r":615940.0,"q":16.13,"p":9393.11,"s":[{"cn":"some company","ui":"3918991","t":88930.0,"r":87852.0,"q":20.33,"p":9500.0,"mot":"U","mo":87852.0},{"cn":"Karl du Bouage et frères","ui":"3920788","t":71150.0,"r":71150.0,"q":19.86,"p":14150.01,"mot":"U","mo":71150.0},{"cn":"Karl du Bouage et frères","ui":"3923920","t":170151.0,"r":170151.0,"q":20.12,"p":14800.08,"mot":"U","mo":170151.0},{"cn":"Pro100","ui":"3915081","t":114565.0,"r":114565.0,"q":13.75,"p":5000.0,"mot":"U","mo":114565.0},{"cn":"Fargus","ui":"3927056","t":66713.0,"r":66713.0,"q":5.27,"p":6672.1,"mot":"U","mo":66713.0},{"cn":"","ui":"","t":131465.0,"r":105509.0,"q":13.16,"p":3867.29,"mot":"L","mo":105509.0}]},{"d":"16.03.2017","r":618958.0,"q":16.09,"p":9360.39,"s":[{"cn":"Karl du Bouage et frères","ui":"3923920","t":170228.0,"r":170228.0,"q":20.12,"p":14800.08,"mot":"U","mo":170228.0},{"cn":"Karl du Bouage et frères","ui":"3920788","t":71151.0,"r":71151.0,"q":19.86,"p":14150.01,"mot":"U","mo":71151.0},{"cn":"some company","ui":"3918991","t":87852.0,"r":86774.0,"q":20.33,"p":9500.0,"mot":"U","mo":86774.0},{"cn":"Pro100","ui":"3915081","t":116213.0,"r":116213.0,"q":13.81,"p":5000.0,"mot":"U","mo":116213.0},{"cn":"Fargus","ui":"3927056","t":67705.0,"r":67705.0,"q":5.27,"p":6672.1,"mot":"U","mo":67705.0},{"cn":"","ui":"","t":132406.0,"r":106887.0,"q":13.08,"p":3839.2,"mot":"L","mo":106887.0}]},{"d":"17.03.2017","r":729222.0,"q":14.44,"p":8945.84,"s":[{"cn":"Karl du Bouage et frères","ui":"3920788","t":71152.0,"r":71152.0,"q":19.86,"p":14150.01,"mot":"U","mo":71152.0},{"cn":"some company","ui":"3918991","t":86774.0,"r":85696.0,"q":20.33,"p":9500.0,"mot":"U","mo":85696.0},{"cn":"Karl du Bouage et frères","ui":"3923920","t":170305.0,"r":170305.0,"q":20.12,"p":14800.08,"mot":"U","mo":170305.0},{"cn":"Pro100","ui":"3915081","t":117861.0,"r":117861.0,"q":13.86,"p":5000.0,"mot":"U","mo":117861.0},{"cn":"НеоВeлия","ui":"3972236","t":40119.0,"r":40119.0,"q":5.73,"p":8000.0,"mot":"U","mo":40119.0},{"cn":"Fargus","ui":"3927056","t":68693.0,"r":68693.0,"q":5.27,"p":6672.1,"mot":"U","mo":68693.0},{"cn":"Fargus","ui":"3927057","t":51242.0,"r":51242.0,"q":4.16,"p":6671.93,"mot":"U","mo":51242.0},{"cn":"","ui":"","t":150435.0,"r":124154.0,"q":12.15,"p":3798.45,"mot":"L","mo":124154.0}]}]