[{"d":"27.12.2016","r":17.0,"q":25.8,"p":4.0E7,"s":[{"ui":"3270841","t":17.0,"r":17.0,"q":25.8,"p":4.0E7,"mot":"U","mo":17.0},{"cn":"","ui":"","t":0.0,"r":0.0,"q":0.0,"p":0.0,"mot":"L","mo":0.0}]},{"d":"28.12.2016","r":25.0,"q":25.8,"p":4.0E7,"s":[{"ui":"3270841","t":25.0,"r":25.0,"q":25.8,"p":4.0E7,"mot":"U","mo":25.0},{"cn":"","ui":"","t":0.0,"r":0.0,"q":0.0,"p":0.0,"mot":"L","mo":0.0}]},{"d":"30.12.2016","r":36.0,"q":25.8,"p":4.0E7,"s":[{"ui":"3270841","t":36.0,"r":36.0,"q":25.8,"p":4.0E7,"mot":"U","mo":36.0},{"cn":"","ui":"","t":0.0,"r":0.0,"q":0.0,"p":0.0,"mot":"L","mo":0.0}]},{"d":"31.12.2016","r":38.0,"q":25.8,"p":4.0E7,"s":[{"ui":"3270841","t":38.0,"r":38.0,"q":25.8,"p":4.0E7,"mot":"U","mo":38.0},{"cn":"","ui":"","t":0.0,"r":0.0,"q":0.0,"p":0.0,"mot":"L","mo":0.0}]},{"d":"01.01.2017","r":37.0,"q":25.8,"p":4.0E7,"s":[{"ui":"3270841","t":37.0,"r":37.0,"q":25.8,"p":4.0E7,"mot":"U","mo":37.0},{"cn":"","ui":"","t":0.0,"r":0.0,"q":0.0,"p":0.0,"mot":"L","mo":0.0}]},{"d":"03.01.2017","r":40.0,"q":25.8,"p":4.0E7,"s":[{"ui":"3270841","t":40.0,"r":40.0,"q":25.8,"p":4.0E7,"mot":"U","mo":40.0},{"cn":"","ui":"","t":0.0,"r":0.0,"q":0.0,"p":0.0,"mot":"L","mo":0.0}]},{"d":"04.01.2017","r":45.0,"q":24.98,"p":3.933333333E7,"s":[{"ui":"3270841","t":42.0,"r":42.0,"q":25.8,"p":4.0E7,"mot":"U","mo":42.0},{"ui":"4430873","t":3.0,"r":3.0,"q":13.52,"p":3.0E7,"mot":"U","mo":3.0},{"cn":"","ui":"","t":0.0,"r":0.0,"q":0.0,"p":0.0,"mot":"L","mo":0.0}]},{"d":"05.01.2017","r":52.0,"q":24.62,"p":3.903846154E7,"s":[{"ui":"3270841","t":47.0,"r":47.0,"q":25.8,"p":4.0E7,"mot":"U","mo":47.0},{"ui":"4430873","t":5.0,"r":5.0,"q":13.54,"p":3.0E7,"mot":"U","mo":5.0},{"cn":"","ui":"","t":0.0,"r":0.0,"q":0.0,"p":0.0,"mot":"L","mo":0.0}]},{"d":"07.01.2017","r":70.0,"q":24.06,"p":3.811428571E7,"s":[{"ui":"3270841","t":54.0,"r":54.0,"q":25.8,"p":4.0E7,"mot":"U","mo":54.0},{"ui":"4315775","t":4.0,"r":4.0,"q":34.7,"p":5.2E7,"mot":"U","mo":4.0},{"ui":"4262935","t":12.0,"r":12.0,"q":12.68,"p":2.5E7,"mot":"U","mo":12.0},{"cn":"","ui":"","t":0.0,"r":0.0,"q":0.0,"p":0.0,"mot":"L","mo":0.0}]},{"d":"08.01.2017","r":33.0,"q":18.01,"p":3.154545455E7,"s":[{"ui":"4315775","t":8.0,"r":8.0,"q":34.66,"p":5.2E7,"mot":"U","mo":8.0},{"ui":"4262935","t":25.0,"r":25.0,"q":12.68,"p":2.5E7,"mot":"U","mo":25.0},{"cn":"","ui":"","t":0.0,"r":0.0,"q":0.0,"p":0.0,"mot":"L","mo":0.0}]},{"d":"09.01.2017","r":158.0,"q":22.08,"p":3.562658228E7,"s":[{"ui":"3270841","t":49.0,"r":49.0,"q":25.8,"p":4.0E7,"mot":"U","mo":49.0},{"ui":"3816332","t":60.0,"r":60.0,"q":22.3,"p":3.5E7,"mot":"U","mo":60.0},{"ui":"4315775","t":12.0,"r":12.0,"q":34.62,"p":5.2E7,"mot":"U","mo":12.0},{"ui":"4262935","t":35.0,"r":35.0,"q":12.68,"p":2.5E7,"mot":"U","mo":35.0},{"cn":"","ui":"","t":2.0,"r":2.0,"q":13.59,"p":3.5E7,"mot":"L","mo":2.0}]},{"d":"10.01.2017","r":268.0,"q":22.47,"p":3.495895522E7,"s":[{"ui":"3270841","t":51.0,"r":51.0,"q":25.8,"p":4.0E7,"mot":"U","mo":51.0},{"ui":"3816332","t":91.0,"r":91.0,"q":22.41,"p":3.5E7,"mot":"U","mo":91.0},{"ui":"4429275","t":58.0,"r":58.0,"q":24.98,"p":3.4E7,"mot":"U","mo":58.0},{"ui":"4315775","t":16.0,"r":16.0,"q":34.64,"p":5.2E7,"mot":"U","mo":16.0},{"ui":"4262935","t":48.0,"r":48.0,"q":12.68,"p":2.5E7,"mot":"U","mo":48.0},{"cn":"","ui":"","t":4.0,"r":4.0,"q":13.65,"p":3.5E7,"mot":"L","mo":4.0}]},{"d":"11.01.2017","r":297.0,"q":22.31,"p":3.043771044E7,"s":[{"ui":"3270841","t":53.0,"r":53.0,"q":25.88,"p":4.0E7,"mot":"U","mo":53.0},{"ui":"3816332","t":90.0,"r":90.0,"q":22.41,"p":3.5E7,"mot":"U","mo":90.0},{"ui":"4429275","t":68.0,"r":68.0,"q":25.0,"p":1.5E7,"mot":"U","mo":68.0},{"ui":"4315775","t":20.0,"r":20.0,"q":34.68,"p":5.2E7,"mot":"U","mo":20.0},{"ui":"4262935","t":60.0,"r":60.0,"q":12.68,"p":2.5E7,"mot":"U","mo":60.0},{"cn":"","ui":"","t":6.0,"r":6.0,"q":13.77,"p":3.5E7,"mot":"L","mo":6.0}]},{"d":"12.01.2017","r":243.0,"q":21.23,"p":3.480658436E7,"s":[{"ui":"3270841","t":55.0,"r":55.0,"q":25.96,"p":4.0E7,"mot":"U","mo":55.0},{"ui":"3816332","t":83.0,"r":83.0,"q":22.41,"p":3.5E7,"mot":"U","mo":83.0},{"ui":"4315775","t":24.0,"r":24.0,"q":34.74,"p":5.2E7,"mot":"U","mo":24.0},{"ui":"4262935","t":73.0,"r":73.0,"q":12.68,"p":2.5E7,"mot":"U","mo":73.0},{"cn":"","ui":"","t":8.0,"r":8.0,"q":13.85,"p":3.5E7,"mot":"L","mo":8.0}]},{"d":"13.01.2017","r":181.0,"q":20.38,"p":3.445303867E7,"s":[{"ui":"3270841","t":57.0,"r":57.0,"q":26.03,"p":4.0E7,"mot":"U","mo":57.0},{"ui":"4430873","t":10.0,"r":10.0,"q":13.94,"p":3.5E7,"mot":"U","mo":10.0},{"ui":"4315775","t":28.0,"r":28.0,"q":34.82,"p":5.2E7,"mot":"U","mo":28.0},{"ui":"4262935","t":86.0,"r":86.0,"q":12.68,"p":2.5E7,"mot":"U","mo":86.0},{"cn":"","ui":"","t":0.0,"r":0.0,"q":0.0,"p":0.0,"mot":"L","mo":0.0}]},{"d":"14.01.2017","r":261.0,"q":20.77,"p":3.449808429E7,"s":[{"ui":"3270841","t":59.0,"r":59.0,"q":26.1,"p":4.0E7,"mot":"U","mo":59.0},{"ui":"3816332","t":61.0,"r":61.0,"q":22.41,"p":3.5E7,"mot":"U","mo":61.0},{"ui":"4315775","t":32.0,"r":32.0,"q":34.88,"p":5.2E7,"mot":"U","mo":32.0},{"ui":"4262935","t":97.0,"r":97.0,"q":12.68,"p":2.5E7,"mot":"U","mo":97.0},{"cn":"","ui":"","t":12.0,"r":12.0,"q":13.98,"p":3.5E7,"mot":"L","mo":12.0}]},{"d":"15.01.2017","r":277.0,"q":20.53,"p":3.427797834E7,"s":[{"ui":"3270841","t":61.0,"r":61.0,"q":26.17,"p":4.0E7,"mot":"U","mo":61.0},{"ui":"3816332","t":57.0,"r":57.0,"q":22.41,"p":3.5E7,"mot":"U","mo":57.0},{"ui":"4430873","t":14.0,"r":14.0,"q":14.02,"p":3.5E7,"mot":"U","mo":14.0},{"ui":"4315775","t":35.0,"r":35.0,"q":34.93,"p":5.2E7,"mot":"U","mo":35.0},{"ui":"4262935","t":110.0,"r":110.0,"q":12.68,"p":2.5E7,"mot":"U","mo":110.0},{"cn":"","ui":"","t":0.0,"r":0.0,"q":0.0,"p":0.0,"mot":"L","mo":0.0}]},{"d":"16.01.2017","r":190.0,"q":17.29,"p":3.081578947E7,"s":[{"ui":"3270841","t":63.0,"r":63.0,"q":26.23,"p":4.0E7,"mot":"U","mo":63.0},{"ui":"4430873","t":16.0,"r":16.0,"q":14.04,"p":3.5E7,"mot":"U","mo":16.0},{"ui":"4262935","t":111.0,"r":111.0,"q":12.68,"p":2.5E7,"mot":"U","mo":111.0},{"cn":"","ui":"","t":0.0,"r":0.0,"q":0.0,"p":0.0,"mot":"L","mo":0.0}]},{"d":"17.01.2017","r":253.0,"q":18.16,"p":3.150197628E7,"s":[{"ui":"3270841","t":65.0,"r":65.0,"q":26.29,"p":4.0E7,"mot":"U","mo":65.0},{"ui":"3816332","t":49.0,"r":49.0,"q":22.41,"p":3.5E7,"mot":"U","mo":49.0},{"ui":"4430873","t":18.0,"r":18.0,"q":14.06,"p":3.5E7,"mot":"U","mo":18.0},{"ui":"4262935","t":121.0,"r":121.0,"q":12.68,"p":2.5E7,"mot":"U","mo":121.0},{"cn":"","ui":"","t":0.0,"r":0.0,"q":0.0,"p":0.0,"mot":"L","mo":0.0}]},{"d":"18.01.2017","r":297.0,"q":20.13,"p":3.398316498E7,"s":[{"ui":"3270841","t":67.0,"r":67.0,"q":26.34,"p":4.0E7,"mot":"U","mo":67.0},{"ui":"3816332","t":41.0,"r":41.0,"q":22.41,"p":3.5E7,"mot":"U","mo":41.0},{"ui":"4430873","t":20.0,"r":20.0,"q":14.09,"p":3.5E7,"mot":"U","mo":20.0},{"ui":"4315775","t":39.0,"r":39.0,"q":34.97,"p":5.2E7,"mot":"U","mo":39.0},{"ui":"4262935","t":130.0,"r":130.0,"q":12.68,"p":2.5E7,"mot":"U","mo":130.0},{"cn":"","ui":"","t":0.0,"r":0.0,"q":0.0,"p":0.0,"mot":"L","mo":0.0}]},{"d":"19.01.2017","r":273.0,"q":19.77,"p":3.384981685E7,"s":[{"ui":"3270841","t":69.0,"r":69.0,"q":26.39,"p":4.0E7,"mot":"U","mo":69.0},{"ui":"4430873","t":22.0,"r":22.0,"q":14.1,"p":3.5E7,"mot":"U","mo":22.0},{"ui":"4315775","t":43.0,"r":43.0,"q":34.96,"p":5.2E7,"mot":"U","mo":43.0},{"ui":"4262935","t":139.0,"r":139.0,"q":12.68,"p":2.5E7,"mot":"U","mo":139.0},{"cn":"","ui":"","t":0.0,"r":0.0,"q":0.0,"p":0.0,"mot":"L","mo":0.0}]},{"d":"20.01.2017","r":315.0,"q":19.95,"p":3.393333333E7,"s":[{"ui":"3270841","t":71.0,"r":71.0,"q":26.44,"p":4.0E7,"mot":"U","mo":71.0},{"ui":"3816332","t":24.0,"r":24.0,"q":22.41,"p":3.5E7,"mot":"U","mo":24.0},{"ui":"4430873","t":24.0,"r":24.0,"q":14.11,"p":3.5E7,"mot":"U","mo":24.0},{"ui":"4315775","t":47.0,"r":47.0,"q":34.95,"p":5.2E7,"mot":"U","mo":47.0},{"ui":"4262935","t":149.0,"r":149.0,"q":12.68,"p":2.5E7,"mot":"U","mo":149.0},{"cn":"","ui":"","t":0.0,"r":0.0,"q":0.0,"p":0.0,"mot":"L","mo":0.0}]},{"d":"21.01.2017","r":330.0,"q":19.94,"p":3.394545455E7,"s":[{"ui":"3270841","t":73.0,"r":73.0,"q":26.48,"p":4.0E7,"mot":"U","mo":73.0},{"ui":"3816332","t":22.0,"r":22.0,"q":22.41,"p":3.5E7,"mot":"U","mo":22.0},{"ui":"4430873","t":26.0,"r":26.0,"q":14.12,"p":3.5E7,"mot":"U","mo":26.0},{"ui":"4315775","t":51.0,"r":51.0,"q":34.94,"p":5.2E7,"mot":"U","mo":51.0},{"ui":"4262935","t":158.0,"r":158.0,"q":12.68,"p":2.5E7,"mot":"U","mo":158.0},{"cn":"","ui":"","t":0.0,"r":0.0,"q":0.0,"p":0.0,"mot":"L","mo":0.0}]},{"d":"22.01.2017","r":327.0,"q":19.73,"p":3.383792049E7,"s":[{"ui":"3270841","t":75.0,"r":75.0,"q":26.56,"p":4.0E7,"mot":"U","mo":75.0},{"ui":"4430873","t":28.0,"r":28.0,"q":14.13,"p":3.5E7,"mot":"U","mo":28.0},{"ui":"4315775","t":55.0,"r":55.0,"q":34.93,"p":5.2E7,"mot":"U","mo":55.0},{"ui":"4262935","t":169.0,"r":169.0,"q":12.68,"p":2.5E7,"mot":"U","mo":169.0},{"cn":"","ui":"","t":0.0,"r":0.0,"q":0.0,"p":0.0,"mot":"L","mo":0.0}]},{"d":"23.01.2017","r":344.0,"q":19.68,"p":3.378197674E7,"s":[{"ui":"3270841","t":77.0,"r":77.0,"q":26.63,"p":4.0E7,"mot":"U","mo":77.0},{"ui":"4430873","t":30.0,"r":30.0,"q":14.14,"p":3.5E7,"mot":"U","mo":30.0},{"ui":"4315775","t":58.0,"r":58.0,"q":34.92,"p":5.2E7,"mot":"U","mo":58.0},{"ui":"4262935","t":179.0,"r":179.0,"q":12.68,"p":2.5E7,"mot":"U","mo":179.0},{"cn":"","ui":"","t":0.0,"r":0.0,"q":0.0,"p":0.0,"mot":"L","mo":0.0}]},{"d":"24.01.2017","r":379.0,"q":19.85,"p":3.388918206E7,"s":[{"ui":"3270841","t":79.0,"r":79.0,"q":26.7,"p":4.0E7,"mot":"U","mo":79.0},{"ui":"3816332","t":19.0,"r":19.0,"q":22.41,"p":3.5E7,"mot":"U","mo":19.0},{"ui":"4430873","t":32.0,"r":32.0,"q":14.15,"p":3.5E7,"mot":"U","mo":32.0},{"ui":"4315775","t":62.0,"r":62.0,"q":34.92,"p":5.2E7,"mot":"U","mo":62.0},{"ui":"4262935","t":187.0,"r":187.0,"q":12.68,"p":2.5E7,"mot":"U","mo":187.0},{"cn":"","ui":"","t":0.0,"r":0.0,"q":0.0,"p":0.0,"mot":"L","mo":0.0}]},{"d":"25.01.2017","r":390.0,"q":19.56,"p":3.356923077E7,"s":[{"ui":"3270841","t":81.0,"r":81.0,"q":26.77,"p":4.0E7,"mot":"U","mo":81.0},{"ui":"4430873","t":34.0,"r":34.0,"q":14.16,"p":3.5E7,"mot":"U","mo":34.0},{"ui":"4315775","t":61.0,"r":61.0,"q":34.91,"p":5.2E7,"mot":"U","mo":61.0},{"ui":"4262935","t":200.0,"r":200.0,"q":12.68,"p":2.5E7,"mot":"U","mo":200.0},{"cn":"","ui":"","t":14.0,"r":14.0,"q":22.41,"p":3.5E7,"mot":"L","mo":14.0}]},{"d":"26.01.2017","r":337.0,"q":16.58,"p":3.002967359E7,"s":[{"ui":"3270841","t":83.0,"r":83.0,"q":26.83,"p":4.0E7,"mot":"U","mo":83.0},{"ui":"4430873","t":36.0,"r":36.0,"q":14.17,"p":3.5E7,"mot":"U","mo":36.0},{"ui":"4262935","t":209.0,"r":209.0,"q":12.68,"p":2.5E7,"mot":"U","mo":209.0},{"cn":"","ui":"","t":9.0,"r":9.0,"q":22.41,"p":3.5E7,"mot":"L","mo":9.0}]},{"d":"27.01.2017","r":327.0,"q":17.41,"p":3.16941896E7,"s":[{"ui":"4430873","t":38.0,"r":38.0,"q":14.18,"p":3.5E7,"mot":"U","mo":38.0},{"ui":"4315775","t":67.0,"r":67.0,"q":34.91,"p":5.2E7,"mot":"U","mo":67.0},{"ui":"4262935","t":222.0,"r":222.0,"q":12.68,"p":2.5E7,"mot":"U","mo":222.0},{"cn":"","ui":"","t":0.0,"r":0.0,"q":0.0,"p":0.0,"mot":"L","mo":0.0}]},{"d":"28.01.2017","r":260.0,"q":13.09,"p":2.673076923E7,"s":[{"ui":"4430873","t":40.0,"r":40.0,"q":14.2,"p":3.5E7,"mot":"U","mo":40.0},{"ui":"4262935","t":218.0,"r":218.0,"q":12.68,"p":2.5E7,"mot":"U","mo":218.0},{"cn":"","ui":"","t":2.0,"r":2.0,"q":35.02,"p":5.0E7,"mot":"L","mo":2.0}]},{"d":"29.01.2017","r":292.0,"q":17.86,"p":3.126712329E7,"s":[{"ui":"4315775","t":65.0,"r":65.0,"q":34.91,"p":5.2E7,"mot":"U","mo":65.0},{"ui":"4262935","t":224.0,"r":224.0,"q":12.68,"p":2.5E7,"mot":"U","mo":224.0},{"cn":"","ui":"","t":3.0,"r":3.0,"q":35.56,"p":5.0E7,"mot":"L","mo":3.0}]},{"d":"30.01.2017","r":303.0,"q":17.83,"p":3.121122112E7,"s":[{"ui":"4315775","t":66.0,"r":66.0,"q":34.92,"p":5.2E7,"mot":"U","mo":66.0},{"ui":"4262935","t":233.0,"r":233.0,"q":12.68,"p":2.5E7,"mot":"U","mo":233.0},{"cn":"","ui":"","t":4.0,"r":4.0,"q":35.91,"p":5.0E7,"mot":"L","mo":4.0}]},{"d":"31.01.2017","r":312.0,"q":17.58,"p":3.08974359E7,"s":[{"ui":"4315775","t":65.0,"r":65.0,"q":34.93,"p":5.2E7,"mot":"U","mo":65.0},{"ui":"4262935","t":240.0,"r":240.0,"q":12.68,"p":2.5E7,"mot":"U","mo":240.0},{"cn":"","ui":"","t":7.0,"r":7.0,"q":24.52,"p":3.714285714E7,"mot":"L","mo":7.0}]},{"d":"01.02.2017","r":317.0,"q":17.39,"p":3.070031546E7,"s":[{"ui":"4315775","t":66.0,"r":66.0,"q":34.94,"p":5.2E7,"mot":"U","mo":66.0},{"ui":"4262935","t":250.0,"r":250.0,"q":12.68,"p":2.5E7,"mot":"U","mo":250.0},{"cn":"","ui":"","t":1.0,"r":1.0,"q":37.3,"p":5.0E7,"mot":"L","mo":1.0}]},{"d":"02.02.2017","r":331.0,"q":17.41,"p":3.06918429E7,"s":[{"ui":"4315775","t":67.0,"r":67.0,"q":34.95,"p":5.2E7,"mot":"U","mo":67.0},{"ui":"4262935","t":258.0,"r":258.0,"q":12.68,"p":2.5E7,"mot":"U","mo":258.0},{"cn":"","ui":"","t":6.0,"r":6.0,"q":24.91,"p":3.75E7,"mot":"L","mo":6.0}]},{"d":"03.02.2017","r":338.0,"q":17.31,"p":3.057988166E7,"s":[{"ui":"4315775","t":68.0,"r":68.0,"q":34.96,"p":5.2E7,"mot":"U","mo":68.0},{"ui":"4262935","t":268.0,"r":268.0,"q":12.68,"p":2.5E7,"mot":"U","mo":268.0},{"cn":"","ui":"","t":2.0,"r":2.0,"q":37.45,"p":5.0E7,"mot":"L","mo":2.0}]},{"d":"04.02.2017","r":348.0,"q":17.31,"p":3.056896552E7,"s":[{"ui":"4315775","t":69.0,"r":69.0,"q":34.97,"p":5.2E7,"mot":"U","mo":69.0},{"ui":"4262935","t":276.0,"r":276.0,"q":12.68,"p":2.5E7,"mot":"U","mo":276.0},{"cn":"","ui":"","t":3.0,"r":3.0,"q":37.48,"p":5.0E7,"mot":"L","mo":3.0}]},{"d":"05.02.2017","r":292.0,"q":13.02,"p":2.534246575E7,"s":[{"ui":"4262935","t":288.0,"r":288.0,"q":12.68,"p":2.5E7,"mot":"U","mo":288.0},{"cn":"","ui":"","t":4.0,"r":4.0,"q":37.51,"p":5.0E7,"mot":"L","mo":4.0}]},{"d":"06.02.2017","r":302.0,"q":13.09,"p":2.541390728E7,"s":[{"ui":"4262935","t":297.0,"r":297.0,"q":12.68,"p":2.5E7,"mot":"U","mo":297.0},{"cn":"","ui":"","t":5.0,"r":5.0,"q":37.54,"p":5.0E7,"mot":"L","mo":5.0}]},{"d":"07.02.2017","r":10.0,"q":31.5,"p":4.4E7,"s":[{"ui":"3816332","t":4.0,"r":4.0,"q":22.41,"p":3.5E7,"mot":"U","mo":4.0},{"ui":"3577030","t":6.0,"r":6.0,"q":37.56,"p":5.0E7,"mot":"U","mo":6.0},{"cn":"","ui":"","t":0.0,"r":0.0,"q":0.0,"p":0.0,"mot":"L","mo":0.0}]},{"d":"08.02.2017","r":300.0,"q":13.26,"p":2.558333333E7,"s":[{"ui":"4262935","t":293.0,"r":293.0,"q":12.68,"p":2.5E7,"mot":"U","mo":293.0},{"cn":"","ui":"","t":7.0,"r":7.0,"q":37.57,"p":5.0E7,"mot":"L","mo":7.0}]},{"d":"09.02.2017","r":307.0,"q":13.33,"p":2.56514658E7,"s":[{"ui":"4262935","t":299.0,"r":299.0,"q":12.68,"p":2.5E7,"mot":"U","mo":299.0},{"cn":"","ui":"","t":8.0,"r":8.0,"q":37.58,"p":5.0E7,"mot":"L","mo":8.0}]},{"d":"10.02.2017","r":396.0,"q":16.17,"p":2.866161616E7,"s":[{"ui":"3270841","t":85.0,"r":85.0,"q":26.9,"p":4.0E7,"mot":"U","mo":85.0},{"ui":"4262935","t":304.0,"r":304.0,"q":12.68,"p":2.5E7,"mot":"U","mo":304.0},{"cn":"","ui":"","t":7.0,"r":7.0,"q":37.59,"p":5.0E7,"mot":"L","mo":7.0}]},{"d":"11.02.2017","r":315.0,"q":13.31,"p":2.563492063E7,"s":[{"ui":"4262935","t":307.0,"r":307.0,"q":12.68,"p":2.5E7,"mot":"U","mo":307.0},{"cn":"","ui":"","t":8.0,"r":8.0,"q":37.6,"p":5.0E7,"mot":"L","mo":8.0}]},{"d":"12.02.2017","r":318.0,"q":13.38,"p":2.570754717E7,"s":[{"ui":"4262935","t":309.0,"r":309.0,"q":12.67,"p":2.5E7,"mot":"U","mo":309.0},{"cn":"","ui":"","t":9.0,"r":9.0,"q":37.61,"p":5.0E7,"mot":"L","mo":9.0}]},{"d":"13.02.2017","r":409.0,"q":16.2,"p":2.869193154E7,"s":[{"ui":"3270841","t":84.0,"r":84.0,"q":26.9,"p":4.0E7,"mot":"U","mo":84.0},{"ui":"4262935","t":315.0,"r":315.0,"q":12.67,"p":2.5E7,"mot":"U","mo":315.0},{"cn":"","ui":"","t":10.0,"r":10.0,"q":37.61,"p":5.0E7,"mot":"L","mo":10.0}]},{"d":"14.02.2017","r":332.0,"q":13.5,"p":2.582831325E7,"s":[{"ui":"4262935","t":321.0,"r":321.0,"q":12.67,"p":2.5E7,"mot":"U","mo":321.0},{"cn":"","ui":"","t":11.0,"r":11.0,"q":37.62,"p":5.0E7,"mot":"L","mo":11.0}]},{"d":"15.02.2017","r":339.0,"q":13.55,"p":2.588495575E7,"s":[{"ui":"4262935","t":327.0,"r":327.0,"q":12.67,"p":2.5E7,"mot":"U","mo":327.0},{"cn":"","ui":"","t":12.0,"r":12.0,"q":37.62,"p":5.0E7,"mot":"L","mo":12.0}]},{"d":"16.02.2017","r":342.0,"q":13.61,"p":2.59502924E7,"s":[{"ui":"4262935","t":329.0,"r":329.0,"q":12.66,"p":2.5E7,"mot":"U","mo":329.0},{"cn":"","ui":"","t":13.0,"r":13.0,"q":37.62,"p":5.0E7,"mot":"L","mo":13.0}]},{"d":"17.02.2017","r":84.0,"q":35.41,"p":5.166666667E7,"s":[{"ui":"3577030","t":14.0,"r":14.0,"q":37.63,"p":5.0E7,"mot":"U","mo":14.0},{"ui":"4315775","t":70.0,"r":70.0,"q":34.97,"p":5.2E7,"mot":"U","mo":70.0},{"cn":"","ui":"","t":0.0,"r":0.0,"q":0.0,"p":0.0,"mot":"L","mo":0.0}]},{"d":"18.02.2017","r":503.0,"q":18.77,"p":3.187077535E7,"s":[{"ui":"3270841","t":83.0,"r":83.0,"q":26.9,"p":4.0E7,"mot":"U","mo":83.0},{"ui":"4315775","t":68.0,"r":68.0,"q":34.97,"p":5.2E7,"mot":"U","mo":68.0},{"ui":"4262935","t":337.0,"r":337.0,"q":12.66,"p":2.5E7,"mot":"U","mo":337.0},{"cn":"","ui":"","t":15.0,"r":15.0,"q":37.63,"p":5.0E7,"mot":"L","mo":15.0}]},{"d":"20.02.2017","r":322.0,"q":12.66,"p":2.5E7,"s":[{"ui":"4262935","t":322.0,"r":322.0,"q":12.66,"p":2.5E7,"mot":"U","mo":322.0},{"cn":"","ui":"","t":0.0,"r":0.0,"q":0.0,"p":0.0,"mot":"L","mo":0.0}]},{"d":"21.02.2017","r":326.0,"q":12.66,"p":2.5E7,"s":[{"ui":"4262935","t":326.0,"r":326.0,"q":12.66,"p":2.5E7,"mot":"U","mo":326.0},{"cn":"","ui":"","t":0.0,"r":0.0,"q":0.0,"p":0.0,"mot":"L","mo":0.0}]},{"d":"22.02.2017","r":412.0,"q":15.43,"p":2.791262136E7,"s":[{"ui":"3270841","t":80.0,"r":80.0,"q":26.9,"p":4.0E7,"mot":"U","mo":80.0},{"ui":"4262935","t":332.0,"r":332.0,"q":12.66,"p":2.5E7,"mot":"U","mo":332.0},{"cn":"","ui":"","t":0.0,"r":0.0,"q":0.0,"p":0.0,"mot":"L","mo":0.0}]},{"d":"23.02.2017","r":400.0,"q":16.4,"p":2.95175E7,"s":[{"ui":"4315775","t":66.0,"r":66.0,"q":34.97,"p":5.2E7,"mot":"U","mo":66.0},{"ui":"4262935","t":333.0,"r":333.0,"q":12.66,"p":2.5E7,"mot":"U","mo":333.0},{"cn":"","ui":"","t":1.0,"r":1.0,"q":37.66,"p":5.0E7,"mot":"L","mo":1.0}]},{"d":"24.02.2017","r":341.0,"q":12.84,"p":2.517595308E7,"s":[{"ui":"4262935","t":338.0,"r":338.0,"q":12.66,"p":2.5E7,"mot":"U","mo":338.0},{"cn":"","ui":"","t":3.0,"r":3.0,"q":32.58,"p":4.5E7,"mot":"L","mo":3.0}]},{"d":"25.02.2017","r":425.0,"q":15.48,"p":2.796470588E7,"s":[{"ui":"3270841","t":79.0,"r":79.0,"q":26.9,"p":4.0E7,"mot":"U","mo":79.0},{"ui":"4262935","t":343.0,"r":343.0,"q":12.66,"p":2.5E7,"mot":"U","mo":343.0},{"cn":"","ui":"","t":3.0,"r":3.0,"q":37.66,"p":5.0E7,"mot":"L","mo":3.0}]},{"d":"26.02.2017","r":422.0,"q":15.68,"p":2.900473934E7,"s":[{"ui":"3270841","t":78.0,"r":78.0,"q":26.9,"p":4.0E7,"mot":"U","mo":78.0},{"ui":"4430873","t":42.0,"r":42.0,"q":14.21,"p":3.5E7,"mot":"U","mo":42.0},{"ui":"4262935","t":298.0,"r":298.0,"q":12.66,"p":2.5E7,"mot":"U","mo":298.0},{"cn":"","ui":"","t":4.0,"r":4.0,"q":37.66,"p":5.0E7,"mot":"L","mo":4.0}]},{"d":"27.02.2017","r":356.0,"q":16.83,"p":2.997752809E7,"s":[{"ui":"4315775","t":61.0,"r":61.0,"q":34.97,"p":5.2E7,"mot":"U","mo":61.0},{"ui":"4262935","t":290.0,"r":290.0,"q":12.66,"p":2.5E7,"mot":"U","mo":290.0},{"cn":"","ui":"","t":5.0,"r":5.0,"q":37.66,"p":5.0E7,"mot":"L","mo":5.0}]},{"d":"28.02.2017","r":441.0,"q":18.63,"p":3.175510204E7,"s":[{"ui":"3270841","t":77.0,"r":77.0,"q":26.9,"p":4.0E7,"mot":"U","mo":77.0},{"ui":"4315775","t":62.0,"r":62.0,"q":34.99,"p":5.2E7,"mot":"U","mo":62.0},{"ui":"4262935","t":296.0,"r":296.0,"q":12.66,"p":2.5E7,"mot":"U","mo":296.0},{"cn":"","ui":"","t":6.0,"r":6.0,"q":37.66,"p":5.0E7,"mot":"L","mo":6.0}]},{"d":"01.03.2017","r":379.0,"q":16.84,"p":2.994986807E7,"s":[{"ui":"4315775","t":63.0,"r":63.0,"q":35.0,"p":5.2E7,"mot":"U","mo":63.0},{"ui":"4262935","t":309.0,"r":309.0,"q":12.66,"p":2.5E7,"mot":"U","mo":309.0},{"cn":"","ui":"","t":7.0,"r":7.0,"q":37.66,"p":5.0E7,"mot":"L","mo":7.0}]},{"d":"02.03.2017","r":496.0,"q":18.14,"p":2.613053335E7,"s":[{"ui":"3270841","t":74.0,"r":74.0,"q":26.9,"p":4.0E7,"mot":"U","mo":74.0},{"ui":"4430873","t":36.0,"r":36.0,"q":14.21,"p":3.5E7,"mot":"U","mo":36.0},{"ui":"4315775","t":63.0,"r":63.0,"q":35.0,"p":7392770.48,"mot":"U","mo":63.0},{"ui":"4262935","t":315.0,"r":315.0,"q":12.66,"p":2.5E7,"mot":"U","mo":315.0},{"cn":"","ui":"","t":8.0,"r":8.0,"q":37.66,"p":5.0E7,"mot":"L","mo":8.0}]},{"d":"03.03.2017","r":403.0,"q":15.02,"p":2.414568441E7,"s":[{"cn":"gunyuzu Industries","ui":"4430873","t":36.0,"r":36.0,"q":14.21,"p":3.5E7,"mot":"U","mo":36.0},{"cn":"Triton Inc.","ui":"4315775","t":40.0,"r":40.0,"q":35.0,"p":7392770.48,"mot":"U","mo":40.0},{"cn":"Triton Inc.","ui":"4262935","t":327.0,"r":327.0,"q":12.66,"p":2.5E7,"mot":"U","mo":327.0},{"cn":"","ui":"","t":0.0,"r":0.0,"q":0.0,"p":0.0,"mot":"L","mo":0.0}]},{"d":"04.03.2017","r":371.0,"q":14.86,"p":2.333894061E7,"s":[{"cn":"Triton Inc.","ui":"4315775","t":35.0,"r":35.0,"q":35.0,"p":7392770.48,"mot":"U","mo":35.0},{"cn":"Triton Inc.","ui":"4262935","t":336.0,"r":336.0,"q":12.76,"p":2.5E7,"mot":"U","mo":336.0},{"cn":"","ui":"","t":0.0,"r":0.0,"q":0.0,"p":0.0,"mot":"L","mo":0.0}]},{"d":"05.03.2017","r":378.0,"q":14.6,"p":2.658730159E7,"s":[{"cn":"Triton Inc.","ui":"4315775","t":30.0,"r":30.0,"q":35.0,"p":4.5E7,"mot":"U","mo":30.0},{"cn":"Triton Inc.","ui":"4262935","t":348.0,"r":348.0,"q":12.84,"p":2.5E7,"mot":"U","mo":348.0},{"cn":"","ui":"","t":0.0,"r":0.0,"q":0.0,"p":0.0,"mot":"L","mo":0.0}]},{"d":"06.03.2017","r":438.0,"q":15.69,"p":2.793378995E7,"s":[{"cn":"Mitsofos Corporation","ui":"3270841","t":74.0,"r":74.0,"q":26.9,"p":4.0E7,"mot":"U","mo":74.0},{"cn":"Triton Inc.","ui":"4262935","t":357.0,"r":357.0,"q":12.93,"p":2.5E7,"mot":"U","mo":357.0},{"cn":"","ui":"","t":7.0,"r":7.0,"q":37.66,"p":5.0E7,"mot":"L","mo":7.0}]},{"d":"07.03.2017","r":375.0,"q":13.33,"p":2.533333333E7,"s":[{"cn":"Triton Inc.","ui":"4262935","t":370.0,"r":370.0,"q":13.0,"p":2.5E7,"mot":"U","mo":370.0},{"cn":"","ui":"","t":5.0,"r":5.0,"q":37.66,"p":5.0E7,"mot":"L","mo":5.0}]},{"d":"08.03.2017","r":379.0,"q":13.59,"p":2.552770449E7,"s":[{"cn":"Triton Inc.","ui":"4262935","t":371.0,"r":371.0,"q":13.07,"p":2.5E7,"mot":"U","mo":371.0},{"cn":"","ui":"","t":8.0,"r":8.0,"q":37.66,"p":5.0E7,"mot":"L","mo":8.0}]},{"d":"10.03.2017","r":471.0,"q":16.11,"p":2.806794055E7,"s":[{"cn":"Mitsofos Corporation","ui":"3270841","t":73.0,"r":73.0,"q":26.9,"p":4.0E7,"mot":"U","mo":73.0},{"cn":"Triton Inc.","ui":"4262935","t":384.0,"r":384.0,"q":13.27,"p":2.5E7,"mot":"U","mo":384.0},{"cn":"","ui":"","t":14.0,"r":14.0,"q":37.66,"p":5.0E7,"mot":"L","mo":14.0}]},{"d":"11.03.2017","r":418.0,"q":14.45,"p":2.601674641E7,"s":[{"cn":"Triton Inc.","ui":"4262935","t":401.0,"r":401.0,"q":13.47,"p":2.5E7,"mot":"U","mo":401.0},{"cn":"","ui":"","t":17.0,"r":17.0,"q":37.66,"p":5.0E7,"mot":"L","mo":17.0}]},{"d":"12.03.2017","r":433.0,"q":14.72,"p":2.615473441E7,"s":[{"cn":"Triton Inc.","ui":"4262935","t":413.0,"r":413.0,"q":13.61,"p":2.5E7,"mot":"U","mo":413.0},{"cn":"","ui":"","t":20.0,"r":20.0,"q":37.66,"p":5.0E7,"mot":"L","mo":20.0}]},{"d":"13.03.2017","r":440.0,"q":14.99,"p":2.630681818E7,"s":[{"cn":"Mo Industries","ui":"3577030","t":23.0,"r":23.0,"q":37.66,"p":5.0E7,"mot":"U","mo":23.0},{"cn":"Triton Inc.","ui":"4262935","t":417.0,"r":417.0,"q":13.74,"p":2.5E7,"mot":"U","mo":417.0},{"cn":"","ui":"","t":0.0,"r":0.0,"q":0.0,"p":0.0,"mot":"L","mo":0.0}]},{"d":"14.03.2017","r":455.0,"q":15.23,"p":2.642857143E7,"s":[{"cn":"Mo Industries","ui":"3577030","t":26.0,"r":26.0,"q":37.66,"p":5.0E7,"mot":"U","mo":26.0},{"cn":"Triton Inc.","ui":"4262935","t":429.0,"r":429.0,"q":13.87,"p":2.5E7,"mot":"U","mo":429.0},{"cn":"","ui":"","t":0.0,"r":0.0,"q":0.0,"p":0.0,"mot":"L","mo":0.0}]},{"d":"15.03.2017","r":451.0,"q":14.45,"p":2.549889135E7,"s":[{"cn":"Triton Inc.","ui":"4262935","t":442.0,"r":442.0,"q":13.98,"p":2.5E7,"mot":"U","mo":442.0},{"cn":"","ui":"","t":9.0,"r":9.0,"q":37.66,"p":5.0E7,"mot":"L","mo":9.0}]},{"d":"16.03.2017","r":540.0,"q":16.32,"p":2.755555556E7,"s":[{"cn":"Mitsofos Corporation","ui":"3270841","t":72.0,"r":72.0,"q":26.9,"p":4.0E7,"mot":"U","mo":72.0},{"cn":"Triton Inc.","ui":"4262935","t":456.0,"r":456.0,"q":14.09,"p":2.5E7,"mot":"U","mo":456.0},{"cn":"","ui":"","t":12.0,"r":12.0,"q":37.66,"p":5.0E7,"mot":"L","mo":12.0}]},{"d":"17.03.2017","r":480.0,"q":14.69,"p":2.552083333E7,"s":[{"cn":"Triton Inc.","ui":"4262935","t":470.0,"r":470.0,"q":14.2,"p":2.5E7,"mot":"U","mo":470.0},{"cn":"","ui":"","t":10.0,"r":10.0,"q":37.66,"p":5.0E7,"mot":"L","mo":10.0}]},{"d":"18.03.2017","r":497.0,"q":14.91,"p":2.565392354E7,"s":[{"cn":"Triton Inc.","ui":"4262935","t":484.0,"r":484.0,"q":14.3,"p":2.5E7,"mot":"U","mo":484.0},{"cn":"","ui":"","t":13.0,"r":13.0,"q":37.66,"p":5.0E7,"mot":"L","mo":13.0}]},{"d":"20.03.2017","r":531.0,"q":15.31,"p":2.589453861E7,"s":[{"cn":"Triton Inc.","ui":"4262935","t":512.0,"r":512.0,"q":14.48,"p":2.5E7,"mot":"U","mo":512.0},{"cn":"","ui":"","t":19.0,"r":19.0,"q":37.66,"p":5.0E7,"mot":"L","mo":19.0}]},{"d":"21.03.2017","r":547.0,"q":15.49,"p":2.600548446E7,"s":[{"cn":"Triton Inc.","ui":"4262935","t":525.0,"r":525.0,"q":14.56,"p":2.5E7,"mot":"U","mo":525.0},{"cn":"","ui":"","t":22.0,"r":22.0,"q":37.66,"p":5.0E7,"mot":"L","mo":22.0}]},{"d":"22.03.2017","r":562.0,"q":15.66,"p":2.611209964E7,"s":[{"cn":"Triton Inc.","ui":"4262935","t":537.0,"r":537.0,"q":14.64,"p":2.5E7,"mot":"U","mo":537.0},{"cn":"","ui":"","t":25.0,"r":25.0,"q":37.66,"p":5.0E7,"mot":"L","mo":25.0}]},{"d":"23.03.2017","r":577.0,"q":15.82,"p":2.621317158E7,"s":[{"cn":"Triton Inc.","ui":"4262935","t":549.0,"r":549.0,"q":14.71,"p":2.5E7,"mot":"U","mo":549.0},{"cn":"","ui":"","t":28.0,"r":28.0,"q":37.66,"p":5.0E7,"mot":"L","mo":28.0}]},{"d":"24.03.2017","r":594.0,"q":15.97,"p":2.63047138E7,"s":[{"cn":"Mo Industries","ui":"3577030","t":31.0,"r":31.0,"q":37.66,"p":5.0E7,"mot":"U","mo":31.0},{"cn":"Triton Inc.","ui":"4262935","t":563.0,"r":563.0,"q":14.78,"p":2.5E7,"mot":"U","mo":563.0},{"cn":"","ui":"","t":0.0,"r":0.0,"q":0.0,"p":0.0,"mot":"L","mo":0.0}]},{"d":"25.03.2017","r":611.0,"q":16.12,"p":2.639116203E7,"s":[{"cn":"Mo Industries","ui":"3577030","t":34.0,"r":34.0,"q":37.66,"p":5.0E7,"mot":"U","mo":34.0},{"cn":"Triton Inc.","ui":"4262935","t":577.0,"r":577.0,"q":14.85,"p":2.5E7,"mot":"U","mo":577.0},{"cn":"","ui":"","t":0.0,"r":0.0,"q":0.0,"p":0.0,"mot":"L","mo":0.0}]},{"d":"26.03.2017","r":628.0,"q":16.25,"p":2.647292994E7,"s":[{"cn":"Mo Industries","ui":"3577030","t":37.0,"r":37.0,"q":37.66,"p":5.0E7,"mot":"U","mo":37.0},{"cn":"Triton Inc.","ui":"4262935","t":591.0,"r":591.0,"q":14.91,"p":2.5E7,"mot":"U","mo":591.0},{"cn":"","ui":"","t":0.0,"r":0.0,"q":0.0,"p":0.0,"mot":"L","mo":0.0}]},{"d":"27.03.2017","r":605.0,"q":14.98,"p":2.5E7,"s":[{"cn":"Triton Inc.","ui":"4262935","t":605.0,"r":605.0,"q":14.98,"p":2.5E7,"mot":"U","mo":605.0},{"cn":"","ui":"","t":0.0,"r":0.0,"q":0.0,"p":0.0,"mot":"L","mo":0.0}]},{"d":"28.03.2017","r":654.0,"q":16.35,"p":2.645259939E7,"s":[{"cn":"Mo Industries","ui":"3577030","t":38.0,"r":38.0,"q":37.66,"p":5.0E7,"mot":"U","mo":38.0},{"cn":"Triton Inc.","ui":"4262935","t":616.0,"r":616.0,"q":15.04,"p":2.5E7,"mot":"U","mo":616.0},{"cn":"","ui":"","t":0.0,"r":0.0,"q":0.0,"p":0.0,"mot":"L","mo":0.0}]},{"d":"29.03.2017","r":671.0,"q":16.47,"p":2.652757079E7,"s":[{"cn":"Mo Industries","ui":"3577030","t":41.0,"r":41.0,"q":37.66,"p":5.0E7,"mot":"U","mo":41.0},{"cn":"Triton Inc.","ui":"4262935","t":630.0,"r":630.0,"q":15.09,"p":2.5E7,"mot":"U","mo":630.0},{"cn":"","ui":"","t":0.0,"r":0.0,"q":0.0,"p":0.0,"mot":"L","mo":0.0}]},{"d":"31.03.2017","r":722.0,"q":17.21,"p":2.718144044E7,"s":[{"cn":"Mo Industries","ui":"3577030","t":47.0,"r":47.0,"q":37.66,"p":5.0E7,"mot":"U","mo":47.0},{"cn":"Triton Inc.","ui":"4262935","t":655.0,"r":655.0,"q":15.2,"p":2.5E7,"mot":"U","mo":655.0},{"cn":"","ui":"","t":20.0,"r":20.0,"q":35.0,"p":4.5E7,"mot":"L","mo":20.0}]},{"d":"01.04.2017","r":692.0,"q":16.22,"p":2.608381503E7,"s":[{"cn":"Triton Inc.","ui":"4262935","t":662.0,"r":662.0,"q":15.25,"p":2.5E7,"mot":"U","mo":662.0},{"cn":"","ui":"","t":30.0,"r":30.0,"q":37.66,"p":5.0E7,"mot":"L","mo":30.0}]},{"d":"02.04.2017","r":702.0,"q":16.35,"p":2.617521368E7,"s":[{"cn":"Triton Inc.","ui":"4262935","t":669.0,"r":669.0,"q":15.3,"p":2.5E7,"mot":"U","mo":669.0},{"cn":"","ui":"","t":33.0,"r":33.0,"q":37.66,"p":5.0E7,"mot":"L","mo":33.0}]},{"d":"03.04.2017","r":715.0,"q":16.46,"p":2.625874126E7,"s":[{"cn":"Mo Industries","ui":"3577030","t":36.0,"r":36.0,"q":37.66,"p":5.0E7,"mot":"U","mo":36.0},{"cn":"Triton Inc.","ui":"4262935","t":679.0,"r":679.0,"q":15.34,"p":2.5E7,"mot":"U","mo":679.0},{"cn":"","ui":"","t":0.0,"r":0.0,"q":0.0,"p":0.0,"mot":"L","mo":0.0}]},{"d":"04.04.2017","r":766.0,"q":16.47,"p":2.671671018E7,"s":[{"cn":"Mo Industries","ui":"3577030","t":39.0,"r":39.0,"q":37.66,"p":5.0E7,"mot":"U","mo":39.0},{"cn":"Triton Inc.","ui":"4262935","t":693.0,"r":693.0,"q":15.39,"p":2.5E7,"mot":"U","mo":693.0},{"cn":"","ui":"","t":34.0,"r":34.0,"q":14.21,"p":3.5E7,"mot":"L","mo":34.0}]},{"d":"05.04.2017","r":738.0,"q":16.67,"p":2.642276423E7,"s":[{"cn":"Mo Industries","ui":"3577030","t":42.0,"r":42.0,"q":37.66,"p":5.0E7,"mot":"U","mo":42.0},{"cn":"Triton Inc.","ui":"4262935","t":696.0,"r":696.0,"q":15.4,"p":2.5E7,"mot":"U","mo":696.0},{"cn":"","ui":"","t":0.0,"r":0.0,"q":0.0,"p":0.0,"mot":"L","mo":0.0}]},{"d":"06.04.2017","r":775.0,"q":16.55,"p":2.666451613E7,"s":[{"cn":"Mo Industries","ui":"3577030","t":40.0,"r":40.0,"q":37.66,"p":5.0E7,"mot":"U","mo":40.0},{"cn":"Triton Inc.","ui":"4262935","t":706.0,"r":706.0,"q":15.45,"p":2.5E7,"mot":"U","mo":706.0},{"cn":"","ui":"","t":29.0,"r":29.0,"q":14.21,"p":3.5E7,"mot":"L","mo":29.0}]},{"d":"07.04.2017","r":759.0,"q":16.75,"p":2.641633729E7,"s":[{"cn":"Mo Industries","ui":"3577030","t":43.0,"r":43.0,"q":37.66,"p":5.0E7,"mot":"U","mo":43.0},{"cn":"Triton Inc.","ui":"4262935","t":716.0,"r":716.0,"q":15.49,"p":2.5E7,"mot":"U","mo":716.0},{"cn":"","ui":"","t":0.0,"r":0.0,"q":0.0,"p":0.0,"mot":"L","mo":0.0}]},{"d":"08.04.2017","r":776.0,"q":16.84,"p":2.648195876E7,"s":[{"cn":"Mo Industries","ui":"3577030","t":46.0,"r":46.0,"q":37.69,"p":5.0E7,"mot":"U","mo":46.0},{"cn":"Triton Inc.","ui":"4262935","t":730.0,"r":730.0,"q":15.53,"p":2.5E7,"mot":"U","mo":730.0},{"cn":"","ui":"","t":0.0,"r":0.0,"q":0.0,"p":0.0,"mot":"L","mo":0.0}]},{"d":"09.04.2017","r":791.0,"q":16.95,"p":2.654867257E7,"s":[{"cn":"Mo Industries","ui":"3577030","t":49.0,"r":49.0,"q":37.79,"p":5.0E7,"mot":"U","mo":49.0},{"cn":"Triton Inc.","ui":"4262935","t":742.0,"r":742.0,"q":15.57,"p":2.5E7,"mot":"U","mo":742.0},{"cn":"","ui":"","t":0.0,"r":0.0,"q":0.0,"p":0.0,"mot":"L","mo":0.0}]},{"d":"10.04.2017","r":787.0,"q":16.51,"p":2.601651842E7,"s":[{"cn":"Triton Inc.","ui":"4262935","t":755.0,"r":755.0,"q":15.6,"p":2.5E7,"mot":"U","mo":755.0},{"cn":"","ui":"","t":32.0,"r":32.0,"q":37.98,"p":5.0E7,"mot":"L","mo":32.0}]},{"d":"11.04.2017","r":743.0,"q":16.7,"p":2.617765814E7,"s":[{"cn":"Triton Inc.","ui":"4262935","t":708.0,"r":708.0,"q":15.64,"p":2.5E7,"mot":"U","mo":708.0},{"cn":"","ui":"","t":35.0,"r":35.0,"q":38.18,"p":5.0E7,"mot":"L","mo":35.0}]},{"d":"12.04.2017","r":759.0,"q":16.82,"p":2.62516469E7,"s":[{"cn":"Mo Industries","ui":"3577030","t":38.0,"r":38.0,"q":38.36,"p":5.0E7,"mot":"U","mo":38.0},{"cn":"Triton Inc.","ui":"4262935","t":721.0,"r":721.0,"q":15.68,"p":2.5E7,"mot":"U","mo":721.0},{"cn":"","ui":"","t":0.0,"r":0.0,"q":0.0,"p":0.0,"mot":"L","mo":0.0}]},{"d":"13.04.2017","r":844.0,"q":17.76,"p":2.747630332E7,"s":[{"cn":"Mitsofos Corporation","ui":"3270841","t":71.0,"r":71.0,"q":26.9,"p":4.0E7,"mot":"U","mo":71.0},{"cn":"Triton Inc.","ui":"4262935","t":732.0,"r":732.0,"q":15.71,"p":2.5E7,"mot":"U","mo":732.0},{"cn":"","ui":"","t":41.0,"r":41.0,"q":38.53,"p":5.0E7,"mot":"L","mo":41.0}]},{"d":"14.04.2017","r":860.0,"q":17.82,"p":2.587209302E7,"s":[{"cn":"Mitsofos Corporation","ui":"3270841","t":70.0,"r":70.0,"q":26.9,"p":2.0E7,"mot":"U","mo":70.0},{"cn":"Mo Industries","ui":"3577030","t":44.0,"r":44.0,"q":38.68,"p":5.0E7,"mot":"U","mo":44.0},{"cn":"Triton Inc.","ui":"4262935","t":746.0,"r":746.0,"q":15.74,"p":2.5E7,"mot":"U","mo":746.0},{"cn":"","ui":"","t":0.0,"r":0.0,"q":0.0,"p":0.0,"mot":"L","mo":0.0}]},{"d":"15.04.2017","r":871.0,"q":17.86,"p":2.597014925E7,"s":[{"cn":"Mitsofos Corporation","ui":"3270841","t":66.0,"r":66.0,"q":26.9,"p":2.0E7,"mot":"U","mo":66.0},{"cn":"Mo Industries","ui":"3577030","t":47.0,"r":47.0,"q":38.82,"p":5.0E7,"mot":"U","mo":47.0},{"cn":"Triton Inc.","ui":"4262935","t":758.0,"r":758.0,"q":15.77,"p":2.5E7,"mot":"U","mo":758.0},{"cn":"","ui":"","t":0.0,"r":0.0,"q":0.0,"p":0.0,"mot":"L","mo":0.0}]},{"d":"16.04.2017","r":812.0,"q":17.23,"p":2.653940887E7,"s":[{"cn":"Mo Industries","ui":"3577030","t":50.0,"r":50.0,"q":38.95,"p":5.0E7,"mot":"U","mo":50.0},{"cn":"Triton Inc.","ui":"4262935","t":762.0,"r":762.0,"q":15.8,"p":2.5E7,"mot":"U","mo":762.0},{"cn":"","ui":"","t":0.0,"r":0.0,"q":0.0,"p":0.0,"mot":"L","mo":0.0}]},{"d":"17.04.2017","r":878.0,"q":17.89,"p":2.621298405E7,"s":[{"cn":"Mitsofos Corporation","ui":"3270841","t":52.0,"r":52.0,"q":26.9,"p":2.0E7,"mot":"U","mo":52.0},{"cn":"Mo Industries","ui":"3577030","t":53.0,"r":53.0,"q":39.06,"p":5.0E7,"mot":"U","mo":53.0},{"cn":"Triton Inc.","ui":"4262935","t":773.0,"r":773.0,"q":15.83,"p":2.5E7,"mot":"U","mo":773.0},{"cn":"","ui":"","t":0.0,"r":0.0,"q":0.0,"p":0.0,"mot":"L","mo":0.0}]},{"d":"18.04.2017","r":899.0,"q":17.66,"p":2.666852058E7,"s":[{"cn":"Mo Industries","ui":"3577030","t":56.0,"r":56.0,"q":39.16,"p":5.0E7,"mot":"U","mo":56.0},{"cn":"Triton Inc.","ui":"4262935","t":785.0,"r":785.0,"q":15.86,"p":2.5E7,"mot":"U","mo":785.0},{"cn":"","ui":"","t":58.0,"r":58.0,"q":21.21,"p":2.672413793E7,"mot":"L","mo":58.0}]},{"d":"19.04.2017","r":884.0,"q":17.7,"p":2.635180995E7,"s":[{"cn":"Mo Industries","ui":"3577030","t":54.0,"r":54.0,"q":39.27,"p":5.0E7,"mot":"U","mo":54.0},{"cn":"Triton Inc.","ui":"4262935","t":799.0,"r":799.0,"q":15.89,"p":2.5E7,"mot":"U","mo":799.0},{"cn":"","ui":"","t":31.0,"r":31.0,"q":26.9,"p":2.0E7,"mot":"L","mo":31.0}]},{"d":"21.04.2017","r":939.0,"q":17.73,"p":2.667731629E7,"s":[{"cn":"Mo Industries","ui":"3577030","t":59.0,"r":59.0,"q":39.45,"p":5.0E7,"mot":"U","mo":59.0},{"cn":"Triton Inc.","ui":"4262935","t":825.0,"r":825.0,"q":15.95,"p":2.5E7,"mot":"U","mo":825.0},{"cn":"","ui":"","t":55.0,"r":55.0,"q":21.13,"p":2.681818182E7,"mot":"L","mo":55.0}]},{"d":"22.04.2017","r":901.0,"q":17.59,"p":2.672031077E7,"s":[{"cn":"Mo Industries","ui":"3577030","t":62.0,"r":62.0,"q":39.52,"p":5.0E7,"mot":"U","mo":62.0},{"cn":"Triton Inc.","ui":"4262935","t":839.0,"r":839.0,"q":15.97,"p":2.5E7,"mot":"U","mo":839.0},{"cn":"","ui":"","t":0.0,"r":0.0,"q":0.0,"p":0.0,"mot":"L","mo":0.0}]},{"d":"23.04.2017","r":916.0,"q":17.67,"p":2.677401747E7,"s":[{"cn":"Mo Industries","ui":"3577030","t":65.0,"r":65.0,"q":39.59,"p":5.0E7,"mot":"U","mo":65.0},{"cn":"Triton Inc.","ui":"4262935","t":851.0,"r":851.0,"q":16.0,"p":2.5E7,"mot":"U","mo":851.0},{"cn":"","ui":"","t":0.0,"r":0.0,"q":0.0,"p":0.0,"mot":"L","mo":0.0}]},{"d":"24.04.2017","r":940.0,"q":17.56,"p":2.612765957E7,"s":[{"cn":"Mo Industries","ui":"3577030","t":48.0,"r":48.0,"q":39.68,"p":5.0E7,"mot":"U","mo":48.0},{"cn":"Triton Inc.","ui":"4262935","t":864.0,"r":864.0,"q":16.03,"p":2.5E7,"mot":"U","mo":864.0},{"cn":"","ui":"","t":28.0,"r":28.0,"q":26.9,"p":2.0E7,"mot":"L","mo":28.0}]},{"d":"26.04.2017","r":955.0,"q":17.52,"p":2.636649215E7,"s":[{"cn":"Mo Industries","ui":"3577030","t":54.0,"r":54.0,"q":39.83,"p":5.0E7,"mot":"U","mo":54.0},{"cn":"Triton Inc.","ui":"4262935","t":892.0,"r":892.0,"q":16.07,"p":2.5E7,"mot":"U","mo":892.0},{"cn":"","ui":"","t":9.0,"r":9.0,"q":26.9,"p":2.0E7,"mot":"L","mo":9.0}]},{"d":"27.04.2017","r":971.0,"q":17.59,"p":2.642636457E7,"s":[{"cn":"Mo Industries","ui":"3577030","t":57.0,"r":57.0,"q":39.89,"p":5.0E7,"mot":"U","mo":57.0},{"cn":"Triton Inc.","ui":"4262935","t":906.0,"r":906.0,"q":16.1,"p":2.5E7,"mot":"U","mo":906.0},{"cn":"","ui":"","t":8.0,"r":8.0,"q":26.9,"p":2.0E7,"mot":"L","mo":8.0}]},{"d":"28.04.2017","r":970.0,"q":17.58,"p":2.654639175E7,"s":[{"cn":"Mo Industries","ui":"3577030","t":60.0,"r":60.0,"q":39.95,"p":5.0E7,"mot":"U","mo":60.0},{"cn":"Triton Inc.","ui":"4262935","t":910.0,"r":910.0,"q":16.11,"p":2.5E7,"mot":"U","mo":910.0},{"cn":"","ui":"","t":0.0,"r":0.0,"q":0.0,"p":0.0,"mot":"L","mo":0.0}]},{"d":"29.04.2017","r":993.0,"q":17.71,"p":2.655589124E7,"s":[{"cn":"Mo Industries","ui":"3577030","t":63.0,"r":63.0,"q":40.0,"p":5.0E7,"mot":"U","mo":63.0},{"cn":"Triton Inc.","ui":"4262935","t":924.0,"r":924.0,"q":16.13,"p":2.5E7,"mot":"U","mo":924.0},{"cn":"","ui":"","t":6.0,"r":6.0,"q":26.9,"p":2.0E7,"mot":"L","mo":6.0}]},{"d":"01.05.2017","r":1016.0,"q":17.79,"p":2.669783465E7,"s":[{"cn":"Mo Industries","ui":"3577030","t":69.0,"r":69.0,"q":40.09,"p":5.0E7,"mot":"U","mo":69.0},{"cn":"Triton Inc.","ui":"4262935","t":947.0,"r":947.0,"q":16.17,"p":2.5E7,"mot":"U","mo":947.0},{"cn":"","ui":"","t":0.0,"r":0.0,"q":0.0,"p":0.0,"mot":"L","mo":0.0}]},{"d":"02.05.2017","r":1058.0,"q":17.78,"p":2.692344045E7,"s":[{"cn":"Mo Industries","ui":"3577030","t":72.0,"r":72.0,"q":40.13,"p":5.0E7,"mot":"U","mo":72.0},{"cn":"Triton Inc.","ui":"4262935","t":961.0,"r":961.0,"q":16.19,"p":2.5E7,"mot":"U","mo":961.0},{"cn":"","ui":"","t":25.0,"r":25.0,"q":14.72,"p":3.44E7,"mot":"L","mo":25.0}]},{"d":"03.05.2017","r":1043.0,"q":17.82,"p":2.667785235E7,"s":[{"cn":"Mo Industries","ui":"3577030","t":70.0,"r":70.0,"q":40.16,"p":5.0E7,"mot":"U","mo":70.0},{"cn":"Triton Inc.","ui":"4262935","t":973.0,"r":973.0,"q":16.21,"p":2.5E7,"mot":"U","mo":973.0},{"cn":"","ui":"","t":0.0,"r":0.0,"q":0.0,"p":0.0,"mot":"L","mo":0.0}]},{"d":"04.05.2017","r":1082.0,"q":17.69,"p":2.67883549E7,"s":[{"cn":"Triton Inc.","ui":"4262935","t":987.0,"r":987.0,"q":16.23,"p":2.5E7,"mot":"U","mo":987.0},{"cn":"","ui":"","t":95.0,"r":95.0,"q":32.87,"p":4.536842105E7,"mot":"L","mo":95.0}]},{"d":"06.05.2017","r":1088.0,"q":17.53,"p":2.653952206E7,"s":[{"cn":"Mo Industries","ui":"3577030","t":59.0,"r":59.0,"q":40.29,"p":5.0E7,"mot":"U","mo":59.0},{"cn":"Triton Inc.","ui":"4262935","t":1009.0,"r":1009.0,"q":16.27,"p":2.5E7,"mot":"U","mo":1009.0},{"cn":"","ui":"","t":20.0,"r":20.0,"q":14.21,"p":3.5E7,"mot":"L","mo":20.0}]},{"d":"08.05.2017","r":1135.0,"q":17.87,"p":2.685022026E7,"s":[{"cn":"Mo Industries","ui":"3577030","t":62.0,"r":62.0,"q":40.33,"p":5.0E7,"mot":"U","mo":62.0},{"cn":"Triton Inc.","ui":"4262935","t":1036.0,"r":1036.0,"q":16.3,"p":2.5E7,"mot":"U","mo":1036.0},{"cn":"","ui":"","t":37.0,"r":37.0,"q":24.32,"p":3.986486486E7,"mot":"L","mo":37.0}]}]