[{"d":"18.11.2016","r":1993.0,"q":1.0,"p":225.0,"s":[{"ui":"6347296","t":1993.0,"r":1993.0,"q":1.0,"p":225.0,"mot":"U","mo":1993.0},{"cn":"","ui":"","t":0.0,"r":0.0,"q":0.0,"p":0.0,"mot":"L","mo":0.0}]},{"d":"19.11.2016","r":6535.0,"q":1.0,"p":292.89,"s":[{"ui":"6348671","t":400.0,"r":400.0,"q":1.0,"p":1000.0,"mot":"U","mo":400.0},{"ui":"6347296","t":2644.0,"r":2316.0,"q":1.0,"p":225.0,"mot":"U","mo":2316.0},{"ui":"6351278","t":3869.0,"r":3819.0,"q":1.0,"p":260.0,"mot":"U","mo":3819.0},{"cn":"","ui":"","t":0.0,"r":0.0,"q":0.0,"p":0.0,"mot":"L","mo":0.0}]},{"d":"20.11.2016","r":7008.0,"q":1.0,"p":351.18,"s":[{"ui":"6348671","t":600.0,"r":600.0,"q":1.0,"p":1000.0,"mot":"U","mo":600.0},{"ui":"6347296","t":2901.0,"r":2157.0,"q":1.0,"p":225.0,"mot":"U","mo":2157.0},{"ui":"6351278","t":3864.0,"r":3859.0,"q":1.0,"p":260.0,"mot":"U","mo":3859.0},{"ui":"6350164","t":396.0,"r":392.0,"q":1.0,"p":950.0,"mot":"U","mo":392.0},{"cn":"","ui":"","t":0.0,"r":0.0,"q":0.0,"p":0.0,"mot":"L","mo":0.0}]},{"d":"21.11.2016","r":7484.0,"q":1.0,"p":382.83,"s":[{"ui":"6348671","t":800.0,"r":800.0,"q":1.0,"p":1000.0,"mot":"U","mo":800.0},{"ui":"6347296","t":3072.0,"r":2242.0,"q":1.0,"p":225.0,"mot":"U","mo":2242.0},{"ui":"6351278","t":3859.0,"r":3854.0,"q":1.0,"p":260.0,"mot":"U","mo":3854.0},{"ui":"6350164","t":592.0,"r":588.0,"q":1.0,"p":950.0,"mot":"U","mo":588.0},{"cn":"","ui":"","t":0.0,"r":0.0,"q":0.0,"p":0.0,"mot":"L","mo":0.0}]},{"d":"22.11.2016","r":8865.0,"q":1.0,"p":425.13,"s":[{"ui":"6351266","t":600.0,"r":600.0,"q":1.03,"p":930.0,"mot":"U","mo":600.0},{"ui":"6347296","t":3352.0,"r":2632.0,"q":1.0,"p":225.0,"mot":"U","mo":2632.0},{"ui":"6348671","t":1000.0,"r":1000.0,"q":1.0,"p":950.0,"mot":"U","mo":1000.0},{"ui":"6351278","t":3854.0,"r":3849.0,"q":1.0,"p":240.0,"mot":"U","mo":3849.0},{"ui":"6350164","t":788.0,"r":784.0,"q":1.0,"p":950.0,"mot":"U","mo":784.0},{"cn":"","ui":"","t":0.0,"r":0.0,"q":0.0,"p":0.0,"mot":"L","mo":0.0}]},{"d":"25.11.2016","r":5000.0,"q":1.0,"p":576.8,"s":[{"ui":"6347296","t":1000.0,"r":1000.0,"q":1.0,"p":300.0,"mot":"U","mo":1000.0},{"ui":"6355486","t":4000.0,"r":4000.0,"q":1.0,"p":646.0,"mot":"U","mo":4000.0},{"cn":"","ui":"","t":0.0,"r":0.0,"q":0.0,"p":0.0,"mot":"L","mo":0.0}]},{"d":"26.11.2016","r":5979.0,"q":1.0,"p":530.32,"s":[{"ui":"6347296","t":1999.0,"r":1999.0,"q":1.0,"p":300.0,"mot":"U","mo":1999.0},{"ui":"6355486","t":3990.0,"r":3980.0,"q":1.0,"p":646.0,"mot":"U","mo":3980.0},{"cn":"","ui":"","t":0.0,"r":0.0,"q":0.0,"p":0.0,"mot":"L","mo":0.0}]},{"d":"27.11.2016","r":6968.0,"q":1.0,"p":479.92,"s":[{"ui":"6347296","t":2998.0,"r":2998.0,"q":1.0,"p":260.0,"mot":"U","mo":2998.0},{"ui":"6355486","t":3980.0,"r":3970.0,"q":1.0,"p":646.0,"mot":"U","mo":3970.0},{"cn":"","ui":"","t":0.0,"r":0.0,"q":0.0,"p":0.0,"mot":"L","mo":0.0}]},{"d":"28.11.2016","r":16628.0,"q":1.04,"p":650.0,"s":[{"ui":"6361339","t":16628.0,"r":16628.0,"q":1.04,"p":650.0,"mot":"U","mo":16628.0},{"cn":"","ui":"","t":0.0,"r":0.0,"q":0.0,"p":0.0,"mot":"L","mo":0.0}]},{"d":"29.11.2016","r":26867.0,"q":1.15,"p":616.14,"s":[{"ui":"6086131","t":2898.0,"r":2798.0,"q":1.0,"p":225.0,"mot":"U","mo":2798.0},{"ui":"6347296","t":2093.0,"r":2093.0,"q":2.4,"p":500.0,"mot":"U","mo":2093.0},{"ui":"6361339","t":21981.0,"r":21976.0,"q":1.05,"p":677.0,"mot":"U","mo":21976.0},{"cn":"","ui":"","t":0.0,"r":0.0,"q":0.0,"p":0.0,"mot":"L","mo":0.0}]},{"d":"30.11.2016","r":19959.0,"q":1.06,"p":677.0,"s":[{"ui":"6361339","t":22964.0,"r":19959.0,"q":1.06,"p":677.0,"mot":"U","mo":19959.0},{"cn":"","ui":"","t":0.0,"r":0.0,"q":0.0,"p":0.0,"mot":"L","mo":0.0}]},{"d":"01.12.2016","r":23966.0,"q":1.22,"p":677.0,"s":[{"ui":"6361339","t":26967.0,"r":23966.0,"q":1.22,"p":677.0,"mot":"U","mo":23966.0},{"cn":"","ui":"","t":0.0,"r":0.0,"q":0.0,"p":0.0,"mot":"L","mo":0.0}]},{"d":"02.12.2016","r":25037.0,"q":1.37,"p":686.0,"s":[{"ui":"6361339","t":28038.0,"r":25037.0,"q":1.37,"p":686.0,"mot":"U","mo":25037.0},{"cn":"","ui":"","t":0.0,"r":0.0,"q":0.0,"p":0.0,"mot":"L","mo":0.0}]},{"d":"03.12.2016","r":26138.0,"q":1.49,"p":686.0,"s":[{"ui":"6361339","t":29139.0,"r":26138.0,"q":1.49,"p":686.0,"mot":"U","mo":26138.0},{"cn":"","ui":"","t":0.0,"r":0.0,"q":0.0,"p":0.0,"mot":"L","mo":0.0}]},{"d":"04.12.2016","r":26954.0,"q":1.52,"p":686.0,"s":[{"ui":"6361339","t":29964.0,"r":26954.0,"q":1.52,"p":686.0,"mot":"U","mo":26954.0},{"cn":"","ui":"","t":0.0,"r":0.0,"q":0.0,"p":0.0,"mot":"L","mo":0.0}]},{"d":"05.12.2016","r":27780.0,"q":1.55,"p":686.0,"s":[{"ui":"6361339","t":30790.0,"r":27780.0,"q":1.55,"p":686.0,"mot":"U","mo":27780.0},{"cn":"","ui":"","t":0.0,"r":0.0,"q":0.0,"p":0.0,"mot":"L","mo":0.0}]},{"d":"08.12.2016","r":57147.0,"q":1.49,"p":485.13,"s":[{"ui":"6351266","t":5415.0,"r":5415.0,"q":1.5,"p":1110.0,"mot":"U","mo":5415.0},{"ui":"6361339","t":48620.0,"r":48620.0,"q":1.49,"p":386.0,"mot":"U","mo":48620.0},{"cn":"","ui":"","t":4172.0,"r":3112.0,"q":1.46,"p":946.67,"mot":"L","mo":3112.0}]},{"d":"09.12.2016","r":59947.0,"q":1.52,"p":513.11,"s":[{"ui":"6351266","t":7515.0,"r":7515.0,"q":1.77,"p":1110.0,"mot":"U","mo":7515.0},{"ui":"6361339","t":48600.0,"r":48580.0,"q":1.49,"p":386.0,"mot":"U","mo":48580.0},{"cn":"","ui":"","t":5012.0,"r":3852.0,"q":1.48,"p":951.62,"mot":"L","mo":3852.0}]},{"d":"10.12.2016","r":63665.0,"q":1.55,"p":497.33,"s":[{"ui":"6351266","t":9468.0,"r":9465.0,"q":1.91,"p":800.0,"mot":"U","mo":9465.0},{"ui":"6361339","t":48579.0,"r":48558.0,"q":1.49,"p":386.0,"mot":"U","mo":48558.0},{"cn":"","ui":"","t":6802.0,"r":5642.0,"q":1.51,"p":947.68,"mot":"L","mo":5642.0}]},{"d":"11.12.2016","r":67461.0,"q":1.58,"p":517.18,"s":[{"ui":"6351266","t":11565.0,"r":11562.0,"q":2.01,"p":800.0,"mot":"U","mo":11562.0},{"ui":"6361339","t":48578.0,"r":48578.0,"q":1.49,"p":386.0,"mot":"U","mo":48578.0},{"cn":"","ui":"","t":7334.0,"r":7321.0,"q":1.49,"p":940.99,"mot":"L","mo":7321.0}]},{"d":"12.12.2016","r":66325.0,"q":1.61,"p":541.13,"s":[{"ui":"6351266","t":13662.0,"r":13659.0,"q":2.08,"p":800.0,"mot":"U","mo":13659.0},{"ui":"6361339","t":48568.0,"r":43758.0,"q":1.49,"p":386.0,"mot":"U","mo":43758.0},{"cn":"","ui":"","t":8921.0,"r":8908.0,"q":1.48,"p":906.22,"mot":"L","mo":8908.0}]},{"d":"13.12.2016","r":49878.0,"q":1.43,"p":436.56,"s":[{"ui":"6361339","t":43758.0,"r":43758.0,"q":1.49,"p":386.0,"mot":"U","mo":43758.0},{"ui":"6361469","t":3000.0,"r":3000.0,"q":1.0,"p":800.0,"mot":"U","mo":3000.0},{"cn":"","ui":"","t":3130.0,"r":3120.0,"q":1.0,"p":796.26,"mot":"L","mo":3120.0}]},{"d":"14.12.2016","r":5420.0,"q":1.0,"p":840.24,"s":[{"ui":"6348671","t":1800.0,"r":1800.0,"q":1.0,"p":920.0,"mot":"U","mo":1800.0},{"ui":"6361469","t":3600.0,"r":3600.0,"q":1.0,"p":800.0,"mot":"U","mo":3600.0},{"cn":"","ui":"","t":20.0,"r":20.0,"q":1.0,"p":906.0,"mot":"L","mo":20.0}]},{"d":"19.12.2016","r":599.0,"q":1.0,"p":800.0,"s":[{"ui":"6361469","t":600.0,"r":599.0,"q":1.0,"p":800.0,"mot":"U","mo":599.0},{"cn":"","ui":"","t":0.0,"r":0.0,"q":0.0,"p":0.0,"mot":"L","mo":0.0}]},{"d":"24.12.2016","r":3212.0,"q":3.72,"p":999.99,"s":[{"ui":"6384826","t":5512.0,"r":3212.0,"q":3.72,"p":999.99,"mot":"U","mo":3212.0},{"cn":"","ui":"","t":0.0,"r":0.0,"q":0.0,"p":0.0,"mot":"L","mo":0.0}]},{"d":"27.12.2016","r":4743.0,"q":1.9,"p":983.88,"s":[{"ui":"6351266","t":6893.0,"r":3893.0,"q":1.89,"p":900.0,"mot":"U","mo":3893.0},{"ui":"6416204","t":1200.0,"r":600.0,"q":1.0,"p":1536.0,"mot":"U","mo":600.0},{"ui":"6350164","t":400.0,"r":250.0,"q":4.17,"p":965.0,"mot":"U","mo":250.0},{"cn":"","ui":"","t":0.0,"r":0.0,"q":0.0,"p":0.0,"mot":"L","mo":0.0}]},{"d":"28.12.2016","r":894.0,"q":1.2,"p":1472.6,"s":[{"ui":"6040384","t":52.0,"r":51.0,"q":2.03,"p":906.0,"mot":"U","mo":51.0},{"ui":"6416204","t":2000.0,"r":800.0,"q":1.0,"p":1536.0,"mot":"U","mo":800.0},{"cn":"","ui":"","t":200.0,"r":43.0,"q":3.88,"p":965.0,"mot":"L","mo":43.0}]},{"d":"29.12.2016","r":23384.0,"q":6.59,"p":1632.61,"s":[{"ui":"6384826","t":9992.0,"r":3992.0,"q":3.75,"p":999.99,"mot":"U","mo":3992.0},{"ui":"6416204","t":2825.0,"r":1650.0,"q":1.0,"p":1536.0,"mot":"U","mo":1650.0},{"ui":"6413317","t":17017.0,"r":17017.0,"q":7.99,"p":1800.0,"mot":"U","mo":17017.0},{"cn":"","ui":"","t":800.0,"r":725.0,"q":2.18,"p":1406.9,"mot":"L","mo":725.0}]},{"d":"30.12.2016","r":46201.0,"q":7.13,"p":1801.46,"s":[{"ui":"6416204","t":3650.0,"r":3150.0,"q":1.0,"p":1850.0,"mot":"U","mo":3150.0},{"ui":"6413317","t":60751.0,"r":42751.0,"q":7.62,"p":1800.0,"mot":"U","mo":42751.0},{"cn":"","ui":"","t":550.0,"r":300.0,"q":1.0,"p":1500.0,"mot":"L","mo":300.0}]},{"d":"31.12.2016","r":4650.0,"q":1.58,"p":1850.0,"s":[{"ui":"6416204","t":5250.0,"r":4650.0,"q":1.58,"p":1850.0,"mot":"U","mo":4650.0},{"cn":"","ui":"","t":0.0,"r":0.0,"q":0.0,"p":0.0,"mot":"L","mo":0.0}]},{"d":"01.01.2017","r":8398.0,"q":2.69,"p":1697.37,"s":[{"ui":"6351266","t":5250.0,"r":1169.0,"q":4.17,"p":900.0,"mot":"U","mo":1169.0},{"ui":"6416204","t":6720.0,"r":6090.0,"q":1.86,"p":1850.0,"mot":"U","mo":6090.0},{"ui":"6413317","t":61175.0,"r":800.0,"q":7.54,"p":1800.0,"mot":"U","mo":800.0},{"cn":"","ui":"","t":842.0,"r":339.0,"q":1.0,"p":1462.83,"mot":"L","mo":339.0}]},{"d":"02.01.2017","r":121400.0,"q":7.29,"p":1788.87,"s":[{"ui":"6413317","t":115575.0,"r":115200.0,"q":7.53,"p":1800.0,"mot":"U","mo":115200.0},{"cn":"","ui":"","t":9121.0,"r":6200.0,"q":2.74,"p":1582.03,"mot":"L","mo":6200.0}]},{"d":"03.01.2017","r":188544.0,"q":7.24,"p":1771.46,"s":[{"ui":"6413317","t":176272.0,"r":176194.0,"q":7.52,"p":1800.0,"mot":"U","mo":176194.0},{"cn":"","ui":"","t":16085.0,"r":12350.0,"q":3.19,"p":1364.35,"mot":"L","mo":12350.0}]},{"d":"04.01.2017","r":242134.0,"q":7.39,"p":1800.22,"s":[{"ui":"6413317","t":236724.0,"r":236401.0,"q":7.51,"p":1800.0,"mot":"U","mo":236401.0},{"cn":"","ui":"","t":8940.0,"r":5733.0,"q":2.54,"p":1809.31,"mot":"L","mo":5733.0}]},{"d":"05.01.2017","r":302295.0,"q":7.4,"p":1800.78,"s":[{"ui":"6413317","t":297101.0,"r":296703.0,"q":7.5,"p":1800.0,"mot":"U","mo":296703.0},{"cn":"","ui":"","t":8541.0,"r":5592.0,"q":2.36,"p":1841.97,"mot":"L","mo":5592.0}]},{"d":"06.01.2017","r":367367.0,"q":7.33,"p":1794.23,"s":[{"ui":"6413317","t":355773.0,"r":354170.0,"q":7.5,"p":1800.0,"mot":"U","mo":354170.0},{"cn":"","ui":"","t":17951.0,"r":13197.0,"q":2.77,"p":1639.31,"mot":"L","mo":13197.0}]},{"d":"07.01.2017","r":432292.0,"q":7.27,"p":1789.25,"s":[{"ui":"6413317","t":414595.0,"r":412642.0,"q":7.49,"p":1800.0,"mot":"U","mo":412642.0},{"cn":"","ui":"","t":25584.0,"r":19650.0,"q":2.59,"p":1563.49,"mot":"L","mo":19650.0}]},{"d":"08.01.2017","r":504275.0,"q":7.24,"p":1776.82,"s":[{"ui":"6413317","t":474367.0,"r":473364.0,"q":7.49,"p":1800.0,"mot":"U","mo":473364.0},{"cn":"","ui":"","t":43473.0,"r":30911.0,"q":3.4,"p":1421.77,"mot":"L","mo":30911.0}]},{"d":"09.01.2017","r":571655.0,"q":7.22,"p":1770.95,"s":[{"ui":"6413317","t":533892.0,"r":532642.0,"q":7.48,"p":1800.0,"mot":"U","mo":532642.0},{"cn":"","ui":"","t":52805.0,"r":39013.0,"q":3.67,"p":1374.31,"mot":"L","mo":39013.0}]},{"d":"10.01.2017","r":648799.0,"q":7.39,"p":1763.08,"s":[{"ui":"6413317","t":599646.0,"r":598396.0,"q":7.68,"p":1800.0,"mot":"U","mo":598396.0},{"cn":"","ui":"","t":59313.0,"r":50403.0,"q":3.93,"p":1324.8,"mot":"L","mo":50403.0}]},{"d":"11.01.2017","r":721451.0,"q":7.54,"p":1761.44,"s":[{"ui":"6413317","t":665400.0,"r":664150.0,"q":7.84,"p":1800.0,"mot":"U","mo":664150.0},{"cn":"","ui":"","t":68140.0,"r":57301.0,"q":4.12,"p":1314.48,"mot":"L","mo":57301.0}]},{"d":"12.01.2017","r":796483.0,"q":7.66,"p":1760.91,"s":[{"ui":"6413317","t":731154.0,"r":729904.0,"q":7.97,"p":1800.0,"mot":"U","mo":729904.0},{"cn":"","ui":"","t":75079.0,"r":66579.0,"q":4.32,"p":1332.37,"mot":"L","mo":66579.0}]},{"d":"13.01.2017","r":860938.0,"q":7.8,"p":1768.78,"s":[{"ui":"6413317","t":796908.0,"r":795658.0,"q":8.08,"p":1800.0,"mot":"U","mo":795658.0},{"cn":"","ui":"","t":77530.0,"r":65280.0,"q":4.41,"p":1388.28,"mot":"L","mo":65280.0}]},{"d":"14.01.2017","r":929691.0,"q":7.89,"p":1771.32,"s":[{"ui":"6413317","t":862662.0,"r":861412.0,"q":8.17,"p":1800.0,"mot":"U","mo":861412.0},{"cn":"","ui":"","t":81779.0,"r":68279.0,"q":4.4,"p":1409.54,"mot":"L","mo":68279.0}]},{"d":"15.01.2017","r":991621.0,"q":8.0,"p":1778.1,"s":[{"ui":"6413317","t":928416.0,"r":927166.0,"q":8.25,"p":1800.0,"mot":"U","mo":927166.0},{"cn":"","ui":"","t":78521.0,"r":64455.0,"q":4.43,"p":1463.07,"mot":"L","mo":64455.0}]},{"d":"16.01.2017","r":1050817.0,"q":8.11,"p":1784.92,"s":[{"ui":"6413317","t":994168.0,"r":992918.0,"q":8.32,"p":1800.0,"mot":"U","mo":992918.0},{"cn":"","ui":"","t":72985.0,"r":57899.0,"q":4.5,"p":1526.22,"mot":"L","mo":57899.0}]},{"d":"17.01.2017","r":1108398.0,"q":8.19,"p":1812.04,"s":[{"ui":"6413317","t":1060097.0,"r":1059022.0,"q":8.38,"p":1800.0,"mot":"U","mo":1059022.0},{"cn":"","ui":"","t":65065.0,"r":49376.0,"q":4.18,"p":2070.19,"mot":"L","mo":49376.0}]},{"d":"18.01.2017","r":1171171.0,"q":8.25,"p":1817.28,"s":[{"ui":"6413317","t":1126026.0,"r":1124951.0,"q":8.43,"p":1800.0,"mot":"U","mo":1124951.0},{"cn":"","ui":"","t":58171.0,"r":46220.0,"q":3.95,"p":2237.86,"mot":"L","mo":46220.0}]},{"d":"19.01.2017","r":1239303.0,"q":8.29,"p":1815.58,"s":[{"ui":"6413317","t":1190355.0,"r":1187680.0,"q":8.48,"p":1800.0,"mot":"U","mo":1187680.0},{"cn":"","ui":"","t":58551.0,"r":51623.0,"q":3.86,"p":2173.94,"mot":"L","mo":51623.0}]},{"d":"20.01.2017","r":1005553.0,"q":8.5,"p":1795.23,"s":[{"ui":"6413317","t":1003334.0,"r":999559.0,"q":8.53,"p":1800.0,"mot":"U","mo":999559.0},{"cn":"","ui":"","t":14022.0,"r":5994.0,"q":4.02,"p":999.99,"mot":"L","mo":5994.0}]},{"d":"21.01.2017","r":1119638.0,"q":8.34,"p":1818.09,"s":[{"ui":"6413317","t":1066253.0,"r":1062168.0,"q":8.58,"p":1800.0,"mot":"U","mo":1062168.0},{"cn":"","ui":"","t":65598.0,"r":57470.0,"q":3.87,"p":2152.51,"mot":"L","mo":57470.0}]},{"d":"22.01.2017","r":1098975.0,"q":8.63,"p":1798.86,"s":[{"ui":"6413317","t":1126147.0,"r":1094037.0,"q":8.66,"p":1800.0,"mot":"U","mo":1094037.0},{"cn":"","ui":"","t":18966.0,"r":4938.0,"q":3.0,"p":1546.77,"mot":"L","mo":4938.0}]},{"d":"23.01.2017","r":1185955.0,"q":8.5,"p":1779.74,"s":[{"ui":"6413317","t":1160841.0,"r":1128531.0,"q":8.73,"p":1800.0,"mot":"U","mo":1128531.0},{"cn":"","ui":"","t":59520.0,"r":57424.0,"q":4.04,"p":1381.53,"mot":"L","mo":57424.0}]},{"d":"24.01.2017","r":1226551.0,"q":8.54,"p":1778.22,"s":[{"ui":"6413317","t":1195410.0,"r":1162975.0,"q":8.79,"p":1800.0,"mot":"U","mo":1162975.0},{"cn":"","ui":"","t":67786.0,"r":63576.0,"q":4.05,"p":1379.71,"mot":"L","mo":63576.0}]},{"d":"25.01.2017","r":1265578.0,"q":8.59,"p":1778.38,"s":[{"ui":"6413317","t":1228979.0,"r":1195544.0,"q":8.85,"p":1800.0,"mot":"U","mo":1195544.0},{"cn":"","ui":"","t":74275.0,"r":70034.0,"q":4.13,"p":1409.39,"mot":"L","mo":70034.0}]},{"d":"26.01.2017","r":1296841.0,"q":8.63,"p":1779.78,"s":[{"ui":"6413317","t":1258548.0,"r":1221113.0,"q":8.9,"p":1800.0,"mot":"U","mo":1221113.0},{"cn":"","ui":"","t":81160.0,"r":75728.0,"q":4.2,"p":1453.76,"mot":"L","mo":75728.0}]},{"d":"27.01.2017","r":1356536.0,"q":8.67,"p":1804.99,"s":[{"ui":"6413317","t":1292540.0,"r":1259528.0,"q":8.95,"p":1800.0,"mot":"U","mo":1259528.0},{"cn":"","ui":"","t":101160.0,"r":97008.0,"q":4.97,"p":1869.79,"mot":"L","mo":97008.0}]},{"d":"28.01.2017","r":1188891.0,"q":8.94,"p":1786.36,"s":[{"ui":"6413317","t":1240534.0,"r":1159024.0,"q":9.0,"p":1800.0,"mot":"U","mo":1159024.0},{"cn":"","ui":"","t":33769.0,"r":29867.0,"q":6.58,"p":1256.9,"mot":"L","mo":29867.0}]},{"d":"29.01.2017","r":1223666.0,"q":8.79,"p":1767.3,"s":[{"ui":"6413317","t":1226028.0,"r":1144518.0,"q":9.05,"p":1800.0,"mot":"U","mo":1144518.0},{"cn":"","ui":"","t":83109.0,"r":79148.0,"q":4.99,"p":1294.47,"mot":"L","mo":79148.0}]},{"d":"30.01.2017","r":1207308.0,"q":8.79,"p":1810.22,"s":[{"ui":"6413317","t":1209482.0,"r":1125932.0,"q":9.1,"p":1800.0,"mot":"U","mo":1125932.0},{"cn":"","ui":"","t":87927.0,"r":81376.0,"q":4.43,"p":1951.67,"mot":"L","mo":81376.0}]},{"d":"31.01.2017","r":717025.0,"q":8.8,"p":1751.78,"s":[{"ui":"6416204","t":48553.0,"r":48553.0,"q":3.83,"p":1087.92,"mot":"U","mo":48553.0},{"ui":"6413317","t":880654.0,"r":668472.0,"q":9.16,"p":1800.0,"mot":"U","mo":668472.0},{"cn":"","ui":"","t":0.0,"r":0.0,"q":0.0,"p":0.0,"mot":"L","mo":0.0}]},{"d":"01.02.2017","r":714375.0,"q":8.87,"p":1752.5,"s":[{"ui":"6416204","t":48103.0,"r":47653.0,"q":3.83,"p":1087.92,"mot":"U","mo":47653.0},{"ui":"6413317","t":807240.0,"r":666722.0,"q":9.23,"p":1800.0,"mot":"U","mo":666722.0},{"cn":"","ui":"","t":0.0,"r":0.0,"q":0.0,"p":0.0,"mot":"L","mo":0.0}]},{"d":"02.02.2017","r":840852.0,"q":8.99,"p":1760.45,"s":[{"ui":"6416204","t":47253.0,"r":46703.0,"q":3.83,"p":1087.92,"mot":"U","mo":46703.0},{"ui":"6413317","t":834196.0,"r":794148.0,"q":9.29,"p":1800.0,"mot":"U","mo":794148.0},{"cn":"","ui":"","t":2432.0,"r":1.0,"q":10.58,"p":1500.0,"mot":"L","mo":1.0}]},{"d":"03.02.2017","r":893465.0,"q":9.32,"p":1795.48,"s":[{"ui":"6413317","t":893665.0,"r":886130.0,"q":9.34,"p":1800.0,"mot":"U","mo":886130.0},{"cn":"","ui":"","t":9711.0,"r":7335.0,"q":6.88,"p":1249.27,"mot":"L","mo":7335.0}]},{"d":"04.02.2017","r":959728.0,"q":9.34,"p":1804.34,"s":[{"ui":"6413317","t":952334.0,"r":944099.0,"q":9.38,"p":1800.0,"mot":"U","mo":944099.0},{"cn":"","ui":"","t":16850.0,"r":15629.0,"q":6.65,"p":2066.32,"mot":"L","mo":15629.0}]},{"d":"05.02.2017","r":1010023.0,"q":9.46,"p":1797.07,"s":[{"ui":"6413317","t":1014654.0,"r":1006619.0,"q":9.48,"p":1800.0,"mot":"U","mo":1006619.0},{"cn":"","ui":"","t":6815.0,"r":3404.0,"q":4.53,"p":931.55,"mot":"L","mo":3404.0}]},{"d":"06.02.2017","r":1068239.0,"q":9.57,"p":1800.0,"s":[{"ui":"6413317","t":1076974.0,"r":1068239.0,"q":9.57,"p":1800.0,"mot":"U","mo":1068239.0},{"cn":"","ui":"","t":0.0,"r":0.0,"q":0.0,"p":0.0,"mot":"L","mo":0.0}]},{"d":"07.02.2017","r":1143181.0,"q":9.59,"p":1806.94,"s":[{"ui":"6413317","t":1136640.0,"r":1125741.0,"q":9.65,"p":1800.0,"mot":"U","mo":1125741.0},{"cn":"","ui":"","t":17590.0,"r":17440.0,"q":5.51,"p":2255.06,"mot":"L","mo":17440.0}]},{"d":"08.02.2017","r":1207128.0,"q":9.65,"p":1820.62,"s":[{"ui":"6413317","t":1196521.0,"r":1185312.0,"q":9.73,"p":1800.0,"mot":"U","mo":1185312.0},{"cn":"","ui":"","t":21836.0,"r":21816.0,"q":5.28,"p":2941.06,"mot":"L","mo":21816.0}]},{"d":"09.02.2017","r":1297406.0,"q":9.6,"p":1844.79,"s":[{"ui":"6413317","t":1255362.0,"r":1244608.0,"q":9.79,"p":1800.0,"mot":"U","mo":1244608.0},{"cn":"","ui":"","t":53092.0,"r":52798.0,"q":5.22,"p":2900.72,"mot":"L","mo":52798.0}]},{"d":"10.02.2017","r":1322681.0,"q":9.77,"p":1821.17,"s":[{"ui":"6413317","t":1314214.0,"r":1301536.0,"q":9.85,"p":1800.0,"mot":"U","mo":1301536.0},{"cn":"","ui":"","t":21369.0,"r":21145.0,"q":4.71,"p":3124.22,"mot":"L","mo":21145.0}]},{"d":"11.02.2017","r":1379682.0,"q":9.81,"p":1820.78,"s":[{"ui":"6413317","t":1370815.0,"r":1357561.0,"q":9.9,"p":1800.0,"mot":"U","mo":1357561.0},{"cn":"","ui":"","t":22345.0,"r":22121.0,"q":4.54,"p":3095.74,"mot":"L","mo":22121.0}]},{"d":"12.02.2017","r":1414541.0,"q":9.91,"p":1802.91,"s":[{"ui":"6413317","t":1425416.0,"r":1408662.0,"q":9.95,"p":1800.0,"mot":"U","mo":1408662.0},{"cn":"","ui":"","t":5879.0,"r":5879.0,"q":1.0,"p":2500.0,"mot":"L","mo":5879.0}]},{"d":"13.02.2017","r":1491601.0,"q":9.85,"p":1826.13,"s":[{"ui":"6413317","t":1473221.0,"r":1453671.0,"q":9.99,"p":1800.0,"mot":"U","mo":1453671.0},{"cn":"","ui":"","t":37930.0,"r":37930.0,"q":4.63,"p":2827.46,"mot":"L","mo":37930.0}]},{"d":"14.02.2017","r":1502941.0,"q":9.78,"p":2500.0,"s":[{"ui":"6339668","t":1483262.0,"r":1483262.0,"q":9.9,"p":2500.0,"mot":"U","mo":1483262.0},{"cn":"","ui":"","t":19679.0,"r":19679.0,"q":1.0,"p":2500.0,"mot":"L","mo":19679.0}]},{"d":"15.02.2017","r":1543470.0,"q":9.81,"p":2500.0,"s":[{"ui":"6339668","t":1522975.0,"r":1522975.0,"q":9.93,"p":2500.0,"mot":"U","mo":1522975.0},{"cn":"","ui":"","t":20589.0,"r":20495.0,"q":1.0,"p":2500.0,"mot":"L","mo":20495.0}]},{"d":"16.02.2017","r":1593471.0,"q":9.83,"p":2499.23,"s":[{"ui":"6339668","t":1569712.0,"r":1567962.0,"q":9.96,"p":2500.0,"mot":"U","mo":1567962.0},{"cn":"","ui":"","t":26603.0,"r":25509.0,"q":1.94,"p":2451.73,"mot":"L","mo":25509.0}]},{"d":"17.02.2017","r":1626657.0,"q":9.93,"p":2500.0,"s":[{"ui":"6339668","t":1617326.0,"r":1615201.0,"q":9.99,"p":2500.0,"mot":"U","mo":1615201.0},{"cn":"","ui":"","t":11540.0,"r":11456.0,"q":1.0,"p":2500.0,"mot":"L","mo":11456.0}]},{"d":"18.02.2017","r":1733361.0,"q":9.93,"p":2526.96,"s":[{"ui":"6339668","t":1662013.0,"r":1659688.0,"q":10.01,"p":2500.0,"mot":"U","mo":1659688.0},{"cn":"","ui":"","t":75257.0,"r":73673.0,"q":8.2,"p":3134.19,"mot":"L","mo":73673.0}]},{"d":"19.02.2017","r":1760959.0,"q":9.87,"p":2535.98,"s":[{"ui":"6339668","t":1659388.0,"r":1656612.0,"q":10.01,"p":2500.0,"mot":"U","mo":1656612.0},{"cn":"","ui":"","t":107806.0,"r":104347.0,"q":7.63,"p":3107.19,"mot":"L","mo":104347.0}]},{"d":"20.02.2017","r":1821254.0,"q":9.91,"p":2525.9,"s":[{"ui":"6339668","t":1715529.0,"r":1712677.0,"q":10.04,"p":2500.0,"mot":"U","mo":1712677.0},{"cn":"","ui":"","t":112187.0,"r":108577.0,"q":7.79,"p":2934.48,"mot":"L","mo":108577.0}]},{"d":"21.02.2017","r":1776813.0,"q":9.93,"p":2529.59,"s":[{"ui":"6339668","t":1668602.0,"r":1665375.0,"q":10.07,"p":2500.0,"mot":"U","mo":1665375.0},{"cn":"","ui":"","t":115869.0,"r":111438.0,"q":7.91,"p":2971.73,"mot":"L","mo":111438.0}]},{"d":"22.02.2017","r":1790371.0,"q":9.91,"p":2523.53,"s":[{"ui":"6339668","t":1665675.0,"r":1662748.0,"q":10.07,"p":2500.0,"mot":"U","mo":1662748.0},{"cn":"","ui":"","t":133126.0,"r":127623.0,"q":7.76,"p":2830.03,"mot":"L","mo":127623.0}]},{"d":"23.02.2017","r":1903117.0,"q":9.95,"p":2517.99,"s":[{"ui":"6339668","t":1775749.0,"r":1772823.0,"q":10.12,"p":2500.0,"mot":"U","mo":1772823.0},{"cn":"","ui":"","t":140345.0,"r":130294.0,"q":7.64,"p":2762.83,"mot":"L","mo":130294.0}]},{"d":"24.02.2017","r":1958372.0,"q":9.96,"p":2513.24,"s":[{"ui":"6339668","t":1828823.0,"r":1824397.0,"q":10.14,"p":2500.0,"mot":"U","mo":1824397.0},{"cn":"","ui":"","t":144317.0,"r":133975.0,"q":7.53,"p":2693.59,"mot":"L","mo":133975.0}]},{"d":"25.02.2017","r":1964058.0,"q":10.03,"p":2527.21,"s":[{"ui":"6339668","t":1855357.0,"r":1850891.0,"q":10.16,"p":2500.0,"mot":"U","mo":1850891.0},{"cn":"","ui":"","t":116918.0,"r":113167.0,"q":7.94,"p":2972.22,"mot":"L","mo":113167.0}]},{"d":"26.02.2017","r":2001474.0,"q":10.04,"p":2525.08,"s":[{"ui":"6339668","t":1894181.0,"r":1886505.0,"q":10.17,"p":2500.0,"mot":"U","mo":1886505.0},{"cn":"","ui":"","t":118842.0,"r":114969.0,"q":7.88,"p":2936.63,"mot":"L","mo":114969.0}]},{"d":"27.02.2017","r":2036955.0,"q":10.1,"p":2527.66,"s":[{"ui":"6339668","t":1947631.0,"r":1939255.0,"q":10.2,"p":2500.0,"mot":"U","mo":1939255.0},{"cn":"","ui":"","t":106227.0,"r":97700.0,"q":8.18,"p":3076.6,"mot":"L","mo":97700.0}]},{"d":"28.02.2017","r":2056026.0,"q":10.09,"p":2526.53,"s":[{"ui":"6339668","t":1976056.0,"r":1944481.0,"q":10.22,"p":2500.0,"mot":"U","mo":1944481.0},{"cn":"","ui":"","t":115147.0,"r":111545.0,"q":7.84,"p":2989.06,"mot":"L","mo":111545.0}]},{"d":"01.03.2017","r":2062306.0,"q":10.14,"p":2527.23,"s":[{"ui":"6339668","t":2000605.0,"r":1964749.0,"q":10.24,"p":2500.0,"mot":"U","mo":1964749.0},{"cn":"","ui":"","t":102937.0,"r":97557.0,"q":8.06,"p":3075.68,"mot":"L","mo":97557.0}]},{"d":"02.03.2017","r":2101936.0,"q":10.12,"p":2524.63,"s":[{"ui":"6339668","t":2027224.0,"r":1990843.0,"q":10.26,"p":2500.0,"mot":"U","mo":1990843.0},{"cn":"","ui":"","t":119585.0,"r":111093.0,"q":7.53,"p":2965.96,"mot":"L","mo":111093.0}]},{"d":"03.03.2017","r":1942390.0,"q":10.16,"p":2526.69,"s":[{"cn":"Redicson Трейд","ui":"6339668","t":1939965.0,"r":1852706.0,"q":10.26,"p":2500.0,"mot":"U","mo":1852706.0},{"cn":"","ui":"","t":94465.0,"r":89684.0,"q":8.08,"p":3078.16,"mot":"L","mo":89684.0}]},{"d":"04.03.2017","r":1908298.0,"q":10.1,"p":2525.26,"s":[{"cn":"Redicson Трейд","ui":"6339668","t":1871910.0,"r":1803855.0,"q":10.26,"p":2500.0,"mot":"U","mo":1803855.0},{"cn":"","ui":"","t":115644.0,"r":104443.0,"q":7.41,"p":2961.53,"mot":"L","mo":104443.0}]},{"d":"05.03.2017","r":2017101.0,"q":10.17,"p":2524.62,"s":[{"cn":"Redicson Трейд","ui":"6339668","t":1988205.0,"r":1918900.0,"q":10.32,"p":2500.0,"mot":"U","mo":1918900.0},{"cn":"","ui":"","t":101731.0,"r":98201.0,"q":7.18,"p":3005.73,"mot":"L","mo":98201.0}]},{"d":"06.03.2017","r":1996688.0,"q":10.2,"p":2523.55,"s":[{"cn":"Redicson Трейд","ui":"6339668","t":1976400.0,"r":1896395.0,"q":10.37,"p":2500.0,"mot":"U","mo":1896395.0},{"cn":"","ui":"","t":104703.0,"r":100293.0,"q":6.91,"p":2968.86,"mot":"L","mo":100293.0}]},{"d":"07.03.2017","r":1976078.0,"q":10.23,"p":2527.01,"s":[{"cn":"Redicson Трейд","ui":"6339668","t":1954495.0,"r":1868590.0,"q":10.41,"p":2500.0,"mot":"U","mo":1868590.0},{"cn":"","ui":"","t":113704.0,"r":107488.0,"q":7.07,"p":2996.63,"mot":"L","mo":107488.0}]},{"d":"08.03.2017","r":1834108.0,"q":10.26,"p":2534.07,"s":[{"cn":"Redicson Трейд","ui":"6339668","t":1922619.0,"r":1722218.0,"q":10.46,"p":2500.0,"mot":"U","mo":1722218.0},{"cn":"","ui":"","t":115755.0,"r":111890.0,"q":7.13,"p":3058.44,"mot":"L","mo":111890.0}]},{"d":"10.03.2017","r":1657135.0,"q":10.2,"p":2541.26,"s":[{"cn":"Redicson Трейд","ui":"6339668","t":1722945.0,"r":1523271.0,"q":10.46,"p":2500.0,"mot":"U","mo":1523271.0},{"cn":"Amber LTD","ui":"6347306","t":86594.0,"r":85094.0,"q":9.57,"p":3250.0,"mot":"U","mo":85094.0},{"cn":"","ui":"","t":51961.0,"r":48770.0,"q":3.04,"p":2593.33,"mot":"L","mo":48770.0}]},{"d":"11.03.2017","r":230831.0,"q":8.48,"p":2804.27,"s":[{"cn":"LOSK","ui":"6515310","t":21995.0,"r":21895.0,"q":1.55,"p":2200.0,"mot":"U","mo":21895.0},{"cn":"Redicson Трейд","ui":"6339668","t":792120.0,"r":84076.0,"q":10.78,"p":2500.0,"mot":"U","mo":84076.0},{"cn":"Amber LTD","ui":"6347306","t":92089.0,"r":90589.0,"q":9.64,"p":3250.0,"mot":"U","mo":90589.0},{"cn":"Пентакс и компания","ui":"6355486","t":19877.0,"r":19186.0,"q":1.0,"p":2500.0,"mot":"U","mo":19186.0},{"cn":"","ui":"","t":17540.0,"r":15085.0,"q":8.27,"p":3087.38,"mot":"L","mo":15085.0}]},{"d":"12.03.2017","r":152804.0,"q":7.45,"p":3012.14,"s":[{"cn":"LOSK","ui":"6515310","t":22573.0,"r":20697.0,"q":1.63,"p":2200.0,"mot":"U","mo":20697.0},{"cn":"Amber LTD","ui":"6347306","t":97556.0,"r":96056.0,"q":9.75,"p":3250.0,"mot":"U","mo":96056.0},{"cn":"Пентакс и компания","ui":"6355486","t":21146.0,"r":20455.0,"q":1.0,"p":2500.0,"mot":"U","mo":20455.0},{"cn":"","ui":"","t":24115.0,"r":15596.0,"q":9.49,"p":3296.62,"mot":"L","mo":15596.0}]},{"d":"13.03.2017","r":42274.0,"q":1.68,"p":2383.71,"s":[{"cn":"LOSK","ui":"6515310","t":20752.0,"r":18852.0,"q":1.72,"p":2200.0,"mot":"U","mo":18852.0},{"cn":"Пентакс и компания","ui":"6355486","t":22487.0,"r":21868.0,"q":1.0,"p":2500.0,"mot":"U","mo":21868.0},{"cn":"","ui":"","t":8701.0,"r":1554.0,"q":10.65,"p":2976.01,"mot":"L","mo":1554.0}]},{"d":"14.03.2017","r":23209.0,"q":1.0,"p":2500.0,"s":[{"cn":"Пентакс и компания","ui":"6355486","t":23828.0,"r":23209.0,"q":1.0,"p":2500.0,"mot":"U","mo":23209.0},{"cn":"","ui":"","t":0.0,"r":0.0,"q":0.0,"p":0.0,"mot":"L","mo":0.0}]},{"d":"15.03.2017","r":21430.0,"q":1.12,"p":2498.6,"s":[{"cn":"Пентакс и компания","ui":"6355486","t":22434.0,"r":21090.0,"q":1.0,"p":2500.0,"mot":"U","mo":21090.0},{"cn":"","ui":"","t":2466.0,"r":340.0,"q":8.49,"p":2411.55,"mot":"L","mo":340.0}]},{"d":"16.03.2017","r":21956.0,"q":1.21,"p":2497.36,"s":[{"cn":"Пентакс и компания","ui":"6355486","t":23000.0,"r":21336.0,"q":1.0,"p":2500.0,"mot":"U","mo":21336.0},{"cn":"","ui":"","t":2771.0,"r":620.0,"q":8.42,"p":2406.35,"mot":"L","mo":620.0}]},{"d":"17.03.2017","r":57.0,"q":2.46,"p":2200.0,"s":[{"cn":"LOSK","ui":"6515310","t":2058.0,"r":57.0,"q":2.46,"p":2200.0,"mot":"U","mo":57.0},{"cn":"","ui":"","t":0.0,"r":0.0,"q":0.0,"p":0.0,"mot":"L","mo":0.0}]},{"d":"18.03.2017","r":1054.0,"q":5.06,"p":2500.0,"s":[{"cn":"Танатос корп","ui":"6350164","t":2381.0,"r":604.0,"q":8.09,"p":2500.0,"mot":"L","mo":604.0},{"cn":"Пентакс и компания","ui":"6355486","t":2175.0,"r":450.0,"q":1.0,"p":2500.0,"mot":"U","mo":450.0},{"cn":"","ui":"","t":0.0,"r":0.0,"q":0.0,"p":0.0,"mot":"L","mo":0.0}]},{"d":"20.03.2017","r":4412.0,"q":12.74,"p":3197.3,"s":[{"cn":"Amber LTD","ui":"6347306","t":10702.0,"r":4102.0,"q":13.21,"p":3250.0,"mot":"U","mo":4102.0},{"cn":"Танатос корп","ui":"6350164","t":2502.0,"r":245.0,"q":8.07,"p":2500.0,"mot":"L","mo":245.0},{"cn":"","ui":"","t":2090.0,"r":65.0,"q":1.0,"p":2500.0,"mot":"L","mo":65.0}]},{"d":"21.03.2017","r":187542.0,"q":11.71,"p":2490.62,"s":[{"cn":"Redicson Трейд","ui":"6339668","t":264000.0,"r":185847.0,"q":11.8,"p":2500.0,"mot":"U","mo":185847.0},{"cn":"","ui":"","t":9629.0,"r":1695.0,"q":2.11,"p":1461.68,"mot":"L","mo":1695.0}]},{"d":"22.03.2017","r":126569.0,"q":11.66,"p":2992.46,"s":[{"cn":"Redicson Трейд","ui":"6339668","t":264000.0,"r":124678.0,"q":11.8,"p":3000.0,"mot":"U","mo":124678.0},{"cn":"","ui":"","t":11270.0,"r":1891.0,"q":2.19,"p":2495.64,"mot":"L","mo":1891.0}]},{"d":"23.03.2017","r":127108.0,"q":11.33,"p":2965.47,"s":[{"cn":"Redicson Трейд","ui":"6339668","t":190347.0,"r":121377.0,"q":11.8,"p":3000.0,"mot":"U","mo":121377.0},{"cn":"","ui":"","t":10824.0,"r":5731.0,"q":1.43,"p":2234.15,"mot":"L","mo":5731.0}]},{"d":"24.03.2017","r":7644.0,"q":2.41,"p":2560.86,"s":[{"cn":"HVR limited","ui":"6348671","t":5349.0,"r":5348.0,"q":1.0,"p":2400.0,"mot":"U","mo":5348.0},{"cn":"Сергеев и сыновья","ui":"6553168","t":1000.0,"r":1000.0,"q":11.8,"p":3500.0,"mot":"U","mo":1000.0},{"cn":"Пентакс и компания","ui":"6355486","t":2774.0,"r":1296.0,"q":1.0,"p":2500.0,"mot":"U","mo":1296.0},{"cn":"","ui":"","t":0.0,"r":0.0,"q":0.0,"p":0.0,"mot":"L","mo":0.0}]},{"d":"25.03.2017","r":1842.0,"q":2.37,"p":1800.0,"s":[{"cn":"LOSK","ui":"6477669","t":4362.0,"r":1842.0,"q":2.37,"p":1800.0,"mot":"U","mo":1842.0},{"cn":"","ui":"","t":0.0,"r":0.0,"q":0.0,"p":0.0,"mot":"L","mo":0.0}]},{"d":"26.03.2017","r":2142.0,"q":1.0,"p":2442.2,"s":[{"cn":"HVR limited","ui":"6348671","t":2619.0,"r":1238.0,"q":1.0,"p":2400.0,"mot":"U","mo":1238.0},{"cn":"Пентакс и компания","ui":"6355486","t":2382.0,"r":904.0,"q":1.0,"p":2500.0,"mot":"U","mo":904.0},{"cn":"","ui":"","t":0.0,"r":0.0,"q":0.0,"p":0.0,"mot":"L","mo":0.0}]},{"d":"27.03.2017","r":1749.0,"q":2.37,"p":2580.19,"s":[{"cn":"Amber LTD","ui":"6347306","t":7312.0,"r":187.0,"q":13.84,"p":3250.0,"mot":"U","mo":187.0},{"cn":"Пентакс и компания","ui":"6355486","t":2932.0,"r":1562.0,"q":1.0,"p":2500.0,"mot":"U","mo":1562.0},{"cn":"","ui":"","t":0.0,"r":0.0,"q":0.0,"p":0.0,"mot":"L","mo":0.0}]},{"d":"28.03.2017","r":4514.0,"q":2.15,"p":1900.8,"s":[{"cn":"LOSK","ui":"6476281","t":10428.0,"r":3864.0,"q":2.34,"p":1800.0,"mot":"U","mo":3864.0},{"cn":"Пентакс и компания","ui":"6355486","t":2751.0,"r":650.0,"q":1.0,"p":2500.0,"mot":"U","mo":650.0},{"cn":"","ui":"","t":0.0,"r":0.0,"q":0.0,"p":0.0,"mot":"L","mo":0.0}]},{"d":"31.03.2017","r":69524.0,"q":9.34,"p":1161.0,"s":[{"cn":"AZ789 Финанс","ui":"6355242","t":69524.0,"r":69524.0,"q":9.34,"p":1161.0,"mot":"U","mo":69524.0},{"cn":"","ui":"","t":0.0,"r":0.0,"q":0.0,"p":0.0,"mot":"L","mo":0.0}]},{"d":"01.04.2017","r":4876.0,"q":6.61,"p":6978.67,"s":[{"cn":"Fatassa Инвест","ui":"6569694","t":5150.0,"r":4850.0,"q":6.64,"p":7000.0,"mot":"U","mo":4850.0},{"cn":"","ui":"","t":2026.0,"r":26.0,"q":1.0,"p":3000.0,"mot":"L","mo":26.0}]},{"d":"02.04.2017","r":2900.0,"q":1.0,"p":3000.0,"s":[{"cn":"HVR limited","ui":"6348671","t":5000.0,"r":2900.0,"q":1.0,"p":3000.0,"mot":"U","mo":2900.0},{"cn":"","ui":"","t":0.0,"r":0.0,"q":0.0,"p":0.0,"mot":"L","mo":0.0}]},{"d":"03.04.2017","r":19850.0,"q":12.36,"p":10000.0,"s":[{"cn":"Avid Horizon LLC","ui":"6562482","t":19875.0,"r":19850.0,"q":12.36,"p":10000.0,"mot":"U","mo":19850.0},{"cn":"","ui":"","t":0.0,"r":0.0,"q":0.0,"p":0.0,"mot":"L","mo":0.0}]},{"d":"04.04.2017","r":19805.0,"q":12.36,"p":10000.0,"s":[{"cn":"Avid Horizon LLC","ui":"6562482","t":19840.0,"r":19805.0,"q":12.36,"p":10000.0,"mot":"U","mo":19805.0},{"cn":"","ui":"","t":0.0,"r":0.0,"q":0.0,"p":0.0,"mot":"L","mo":0.0}]}]