[{"pi":"423950","pc":"Аптека","ss":10000,"td":"Спальный район","dc":8,"n":146.7,"vc":"около 5 000","sl":"Очень высокий","sv":"около 500","p":4500.0,"q":1.0,"b":0.0,"ms":0.02,"wi":133.14,"ei":10.78,"as":2376.9,"mi":"E","mv":2384704,"sc":1,"lpe":99.98,"lpr":4144.76,"lq":1.0,"d":9185},{"pi":"423950","pc":"Аптека","ss":10000,"td":"Спальный район","dc":8,"n":146.7,"vc":"около 5 000","sl":"Очень высокий","sv":"около 500","p":4500.0,"q":1.0,"b":0.0,"ms":0.02,"wi":133.14,"ei":10.78,"as":2376.9,"mi":"E","mv":2384704,"sc":1,"lpe":99.98,"lpr":4144.76,"lq":1.0,"d":9185},{"pi":"423950","pc":"Аптека","ss":10000,"td":"Спальный район","dc":8,"n":146.7,"vc":"около 5 000","sl":"Очень высокий","sv":"около 500","p":4500.0,"q":1.0,"b":0.0,"ms":0.02,"wi":133.14,"ei":10.78,"as":2376.9,"mi":"E","mv":2384704,"sc":1,"lpe":99.98,"lpr":4144.76,"lq":1.0,"d":9185},{"pi":"423950","pc":"Аптека","ss":10000,"td":"Спальный район","dc":8,"n":146.7,"vc":"около 5 000","sl":"Очень высокий","sv":"около 500","p":4500.0,"q":1.0,"b":0.0,"ms":0.02,"wi":133.14,"ei":10.78,"as":2376.9,"mi":"E","mv":2384704,"sc":1,"lpe":99.98,"lpr":4144.76,"lq":1.0,"d":9185},{"pi":"423950","pc":"Аптека","ss":10000,"td":"Спальный район","dc":8,"n":146.7,"vc":"около 5 000","sl":"Очень высокий","sv":"около 500","p":4500.0,"q":1.0,"b":0.0,"ms":0.02,"wi":133.14,"ei":10.78,"as":2376.9,"mi":"E","mv":2384704,"sc":1,"lpe":99.98,"lpr":4144.76,"lq":1.0,"d":9185},{"pi":"423950","pc":"Аптека","ss":10000,"td":"Спальный район","dc":8,"n":146.7,"vc":"около 5 000","sl":"Очень высокий","sv":"около 500","p":4500.0,"q":1.0,"b":0.0,"ms":0.02,"wi":133.14,"ei":10.78,"as":2376.9,"mi":"E","mv":2384704,"sc":1,"lpe":99.98,"lpr":4144.76,"lq":1.0,"d":9185},{"pi":"423950","pc":"Аптека","ss":10000,"td":"Спальный район","dc":8,"n":146.7,"vc":"около 5 000","sl":"Очень высокий","sv":"около 500","p":4500.0,"q":1.0,"b":0.0,"ms":0.02,"wi":133.14,"ei":10.78,"as":2376.9,"mi":"E","mv":2384704,"sc":1,"lpe":99.98,"lpr":4144.76,"lq":1.0,"d":9185},{"pi":"423950","pc":"Аптека","ss":10000,"td":"Спальный район","dc":8,"n":146.7,"vc":"около 5 000","sl":"Очень высокий","sv":"около 500","p":4500.0,"q":1.0,"b":0.0,"ms":0.02,"wi":133.14,"ei":10.78,"as":2376.9,"mi":"E","mv":2384704,"sc":1,"lpe":99.98,"lpr":4144.76,"lq":1.0,"d":9185},{"pi":"423950","pc":"Аптека","ss":10000,"td":"Спальный район","dc":8,"n":146.7,"vc":"около 5 000","sl":"Очень высокий","sv":"около 500","p":4500.0,"q":1.0,"b":0.0,"ms":0.02,"wi":133.14,"ei":10.78,"as":2376.9,"mi":"E","mv":2384704,"sc":1,"lpe":99.98,"lpr":4144.76,"lq":1.0,"d":9185},{"pi":"423950","pc":"Аптека","ss":10000,"td":"Спальный район","dc":8,"n":146.7,"vc":"около 5 000","sl":"Очень высокий","sv":"около 500","p":4500.0,"q":1.0,"b":0.0,"ms":0.02,"wi":133.14,"ei":10.78,"as":2376.9,"mi":"E","mv":2384704,"sc":1,"lpe":99.98,"lpr":4144.76,"lq":1.0,"d":9185},{"pi":"423950","pc":"Аптека","ss":10000,"td":"Спальный район","dc":8,"n":146.7,"vc":"около 5 000","sl":"Очень высокий","sv":"около 500","p":4500.0,"q":1.0,"b":0.0,"ms":0.02,"wi":133.14,"ei":10.78,"as":2376.9,"mi":"E","mv":2384704,"sc":1,"lpe":99.98,"lpr":4144.76,"lq":1.0,"d":9185},{"pi":"423950","pc":"Аптека","ss":10000,"td":"Спальный район","dc":8,"n":146.7,"vc":"около 5 000","sl":"Очень высокий","sv":"около 500","p":4500.0,"q":1.0,"b":0.0,"ms":0.02,"wi":133.14,"ei":10.78,"as":2376.9,"mi":"E","mv":2384704,"sc":1,"lpe":99.98,"lpr":4144.76,"lq":1.0,"d":9185},{"pi":"423950","pc":"Аптека","ss":10000,"td":"Спальный район","dc":8,"n":146.7,"vc":"около 5 000","sl":"Очень высокий","sv":"около 500","p":4500.0,"q":1.0,"b":0.0,"ms":0.02,"wi":133.14,"ei":10.78,"as":2376.9,"mi":"E","mv":2384704,"sc":1,"lpe":99.98,"lpr":4144.76,"lq":1.0,"d":9185},{"pi":"423950","pc":"Аптека","ss":10000,"td":"Спальный район","dc":8,"n":146.7,"vc":"около 5 000","sl":"Очень высокий","sv":"около 500","p":4500.0,"q":1.0,"b":0.0,"ms":0.02,"wi":133.14,"ei":10.78,"as":2376.9,"mi":"E","mv":2384704,"sc":1,"lpe":99.98,"lpr":4144.76,"lq":1.0,"d":9185},{"pi":"423950","pc":"Аптека","ss":10000,"td":"Спальный район","dc":8,"n":146.7,"vc":"около 5 000","sl":"Очень высокий","sv":"около 500","p":4500.0,"q":1.0,"b":0.0,"ms":0.02,"wi":133.14,"ei":10.78,"as":2376.9,"mi":"E","mv":2384704,"sc":1,"lpe":99.98,"lpr":4144.76,"lq":1.0,"d":9185},{"pi":"423950","pc":"Аптека","ss":10000,"td":"Спальный район","dc":8,"n":146.7,"vc":"около 5 000","sl":"Очень высокий","sv":"около 500","p":4500.0,"q":1.0,"b":0.0,"ms":0.02,"wi":133.14,"ei":10.78,"as":2376.9,"mi":"E","mv":2384704,"sc":1,"lpe":99.98,"lpr":4144.76,"lq":1.0,"d":9185},{"pi":"423950","pc":"Аптека","ss":10000,"td":"Спальный район","dc":8,"n":146.7,"vc":"около 5 000","sl":"Очень высокий","sv":"около 500","p":4500.0,"q":1.0,"b":0.0,"ms":0.02,"wi":133.14,"ei":10.78,"as":2376.9,"mi":"E","mv":2384704,"sc":1,"lpe":99.98,"lpr":4144.76,"lq":1.0,"d":9185},{"pi":"423950","pc":"Аптека","ss":10000,"td":"Спальный район","dc":8,"n":146.7,"vc":"около 5 000","sl":"Очень высокий","sv":"около 500","p":4500.0,"q":1.0,"b":0.0,"ms":0.02,"wi":133.14,"ei":10.78,"as":2376.9,"mi":"E","mv":2384704,"sc":1,"lpe":99.98,"lpr":4144.76,"lq":1.0,"d":9185},{"pi":"423950","pc":"Аптека","ss":10000,"td":"Спальный район","dc":8,"n":146.7,"vc":"около 5 000","sl":"Очень высокий","sv":"около 500","p":4500.0,"q":1.0,"b":0.0,"ms":0.02,"wi":133.14,"ei":10.78,"as":2376.9,"mi":"E","mv":2384704,"sc":1,"lpe":99.98,"lpr":4144.76,"lq":1.0,"d":9185},{"pi":"423950","pc":"Аптека","ss":10000,"td":"Спальный район","dc":8,"n":146.7,"vc":"около 5 000","sl":"Очень высокий","sv":"около 500","p":4500.0,"q":1.0,"b":0.0,"ms":0.02,"wi":133.14,"ei":10.78,"as":2376.9,"mi":"E","mv":2384704,"sc":1,"lpe":99.98,"lpr":4144.76,"lq":1.0,"d":9185},{"pi":"423950","pc":"Аптека","ss":10000,"td":"Спальный район","dc":8,"n":146.7,"vc":"около 5 000","sl":"Очень высокий","sv":"около 500","p":4500.0,"q":1.0,"b":0.0,"ms":0.02,"wi":133.14,"ei":10.78,"as":2376.9,"mi":"E","mv":2384704,"sc":1,"lpe":99.98,"lpr":4144.76,"lq":1.0,"d":9185},{"pi":"423950","pc":"Аптека","ss":10000,"td":"Спальный район","dc":8,"n":146.7,"vc":"около 5 000","sl":"Очень высокий","sv":"около 500","p":4500.0,"q":1.0,"b":0.0,"ms":0.02,"wi":133.14,"ei":10.78,"as":2376.9,"mi":"E","mv":2384704,"sc":1,"lpe":99.98,"lpr":4144.76,"lq":1.0,"d":9185},{"pi":"423950","pc":"Аптека","ss":10000,"td":"Спальный район","dc":8,"n":146.7,"vc":"около 5 000","sl":"Очень высокий","sv":"около 500","p":4500.0,"q":1.0,"b":0.0,"ms":0.02,"wi":133.14,"ei":10.78,"as":2376.9,"mi":"E","mv":2384704,"sc":1,"lpe":99.98,"lpr":4144.76,"lq":1.0,"d":9185},{"pi":"423950","pc":"Аптека","ss":10000,"td":"Спальный район","dc":8,"n":146.7,"vc":"около 5 000","sl":"Очень высокий","sv":"около 500","p":4500.0,"q":1.0,"b":0.0,"ms":0.02,"wi":133.14,"ei":10.78,"as":2376.9,"mi":"E","mv":2384704,"sc":1,"lpe":99.98,"lpr":4144.76,"lq":1.0,"d":9185},{"pi":"423950","pc":"Аптека","ss":10000,"td":"Спальный район","dc":8,"n":146.7,"vc":"около 5 000","sl":"Очень высокий","sv":"около 500","p":4500.0,"q":1.0,"b":0.0,"ms":0.02,"wi":133.14,"ei":10.78,"as":2376.9,"mi":"E","mv":2384704,"sc":1,"lpe":99.98,"lpr":4144.76,"lq":1.0,"d":9185},{"pi":"423950","pc":"Аптека","ss":10000,"td":"Спальный район","dc":8,"n":146.7,"vc":"около 5 000","sl":"Очень высокий","sv":"около 500","p":4500.0,"q":1.0,"b":0.0,"ms":0.02,"wi":133.14,"ei":10.78,"as":2376.9,"mi":"E","mv":2384704,"sc":1,"lpe":99.98,"lpr":4144.76,"lq":1.0,"d":9185},{"pi":"423950","pc":"Аптека","ss":10000,"td":"Спальный район","dc":8,"n":146.7,"vc":"около 5 000","sl":"Очень высокий","sv":"около 500","p":4500.0,"q":1.0,"b":0.0,"ms":0.02,"wi":133.14,"ei":10.78,"as":2376.9,"mi":"E","mv":2384704,"sc":1,"lpe":99.98,"lpr":4144.76,"lq":1.0,"d":9185},{"pi":"423950","pc":"Аптека","ss":10000,"td":"Спальный район","dc":8,"n":146.7,"vc":"около 5 000","sl":"Очень высокий","sv":"около 500","p":4500.0,"q":1.0,"b":0.0,"ms":0.02,"wi":133.14,"ei":10.78,"as":2376.9,"mi":"E","mv":2384704,"sc":1,"lpe":99.98,"lpr":4144.76,"lq":1.0,"d":9185},{"pi":"423950","pc":"Аптека","ss":10000,"td":"Спальный район","dc":8,"n":146.7,"vc":"около 5 000","sl":"Очень высокий","sv":"около 500","p":4500.0,"q":1.0,"b":0.0,"ms":0.02,"wi":133.14,"ei":10.78,"as":2376.9,"mi":"E","mv":2384704,"sc":1,"lpe":99.98,"lpr":4144.76,"lq":1.0,"d":9185},{"pi":"423950","pc":"Аптека","ss":10000,"td":"Спальный район","dc":8,"n":146.7,"vc":"около 5 000","sl":"Очень высокий","sv":"около 500","p":4500.0,"q":1.0,"b":0.0,"ms":0.02,"wi":133.14,"ei":10.78,"as":2376.9,"mi":"E","mv":2384704,"sc":1,"lpe":99.98,"lpr":4144.76,"lq":1.0,"d":9185},{"pi":"423950","pc":"Аптека","ss":10000,"td":"Спальный район","dc":8,"n":146.7,"vc":"около 5 000","sl":"Очень высокий","sv":"около 500","p":4500.0,"q":1.0,"b":0.0,"ms":0.02,"wi":133.14,"ei":10.78,"as":2376.9,"mi":"E","mv":2384704,"sc":1,"lpe":99.98,"lpr":4144.76,"lq":1.0,"d":9185},{"pi":"423950","pc":"Аптека","ss":10000,"td":"Спальный район","dc":8,"n":146.7,"vc":"около 5 000","sl":"Очень высокий","sv":"около 500","p":4500.0,"q":1.0,"b":0.0,"ms":0.02,"wi":133.14,"ei":10.78,"as":2376.9,"mi":"E","mv":2384704,"sc":1,"lpe":99.98,"lpr":4144.76,"lq":1.0,"d":9185},{"pi":"423950","pc":"Аптека","ss":10000,"td":"Спальный район","dc":8,"n":146.7,"vc":"около 5 000","sl":"Очень высокий","sv":"около 500","p":4500.0,"q":1.0,"b":0.0,"ms":0.02,"wi":133.14,"ei":10.78,"as":2376.9,"mi":"E","mv":2384704,"sc":1,"lpe":99.98,"lpr":4144.76,"lq":1.0,"d":9185},{"pi":"423950","pc":"Аптека","ss":10000,"td":"Спальный район","dc":8,"n":146.7,"vc":"около 5 000","sl":"Очень высокий","sv":"около 500","p":4500.0,"q":1.0,"b":0.0,"ms":0.02,"wi":133.14,"ei":10.78,"as":2376.9,"mi":"E","mv":2384704,"sc":1,"lpe":99.98,"lpr":4144.76,"lq":1.0,"d":9185},{"pi":"423950","pc":"Аптека","ss":10000,"td":"Спальный район","dc":8,"n":146.7,"vc":"около 5 000","sl":"Очень высокий","sv":"около 500","p":4500.0,"q":1.0,"b":0.0,"ms":0.02,"wi":133.14,"ei":10.78,"as":2376.9,"mi":"E","mv":2384704,"sc":1,"lpe":99.98,"lpr":4144.76,"lq":1.0,"d":9185}]