[{"d":"23.05.2015","r":511647.0,"q":23.37,"p":800.0,"s":[{"ui":"3134049","t":511847.0,"r":511647.0,"q":23.37,"p":800.0,"mot":"U","mo":511647.0},{"cn":"","ui":"","t":0.0,"r":0.0,"q":0.0,"p":0.0,"mot":"L","mo":0.0}]},{"d":"29.05.2015","r":586214.0,"q":23.54,"p":800.0,"s":[{"ui":"3134049","t":586714.0,"r":586214.0,"q":23.54,"p":800.0,"mot":"U","mo":586214.0},{"cn":"","ui":"","t":0.0,"r":0.0,"q":0.0,"p":0.0,"mot":"L","mo":0.0}]},{"d":"30.05.2015","r":601002.0,"q":23.62,"p":800.0,"s":[{"ui":"3134049","t":602002.0,"r":601002.0,"q":23.62,"p":800.0,"mot":"U","mo":601002.0},{"cn":"","ui":"","t":0.0,"r":0.0,"q":0.0,"p":0.0,"mot":"L","mo":0.0}]},{"d":"31.05.2015","r":615290.0,"q":23.69,"p":800.0,"s":[{"ui":"3134049","t":616790.0,"r":615290.0,"q":23.69,"p":800.0,"mot":"U","mo":615290.0},{"cn":"","ui":"","t":0.0,"r":0.0,"q":0.0,"p":0.0,"mot":"L","mo":0.0}]},{"d":"01.06.2015","r":630078.0,"q":23.76,"p":800.0,"s":[{"ui":"3134049","t":631578.0,"r":630078.0,"q":23.76,"p":800.0,"mot":"U","mo":630078.0},{"cn":"","ui":"","t":0.0,"r":0.0,"q":0.0,"p":0.0,"mot":"L","mo":0.0}]},{"d":"02.06.2015","r":642866.0,"q":23.83,"p":800.0,"s":[{"ui":"3134049","t":645366.0,"r":642866.0,"q":23.83,"p":800.0,"mot":"U","mo":642866.0},{"cn":"","ui":"","t":0.0,"r":0.0,"q":0.0,"p":0.0,"mot":"L","mo":0.0}]},{"d":"03.06.2015","r":656654.0,"q":23.89,"p":800.0,"s":[{"ui":"3134049","t":659154.0,"r":656654.0,"q":23.89,"p":800.0,"mot":"U","mo":656654.0},{"cn":"","ui":"","t":0.0,"r":0.0,"q":0.0,"p":0.0,"mot":"L","mo":0.0}]},{"d":"04.06.2015","r":669102.0,"q":23.96,"p":800.0,"s":[{"ui":"3134049","t":672272.0,"r":669102.0,"q":23.96,"p":800.0,"mot":"U","mo":669102.0},{"cn":"","ui":"","t":0.0,"r":0.0,"q":0.0,"p":0.0,"mot":"L","mo":0.0}]},{"d":"05.06.2015","r":667562.0,"q":24.02,"p":800.0,"s":[{"ui":"3134049","t":678060.0,"r":667560.0,"q":24.02,"p":800.0,"mot":"U","mo":667560.0},{"cn":"","ui":"","t":2.0,"r":2.0,"q":1.0,"p":870.0,"mot":"L","mo":2.0}]},{"d":"06.06.2015","r":683351.0,"q":24.07,"p":800.0,"s":[{"ui":"3134049","t":688848.0,"r":683348.0,"q":24.07,"p":800.0,"mot":"U","mo":683348.0},{"cn":"","ui":"","t":3.0,"r":3.0,"q":1.0,"p":870.0,"mot":"L","mo":3.0}]},{"d":"08.06.2015","r":672353.0,"q":24.07,"p":800.0,"s":[{"ui":"3134049","t":677848.0,"r":672348.0,"q":24.07,"p":800.0,"mot":"U","mo":672348.0},{"cn":"","ui":"","t":5.0,"r":5.0,"q":1.0,"p":870.0,"mot":"L","mo":5.0}]},{"d":"09.06.2015","r":672854.0,"q":24.07,"p":800.0,"s":[{"ui":"3134049","t":675348.0,"r":672848.0,"q":24.07,"p":800.0,"mot":"U","mo":672848.0},{"cn":"","ui":"","t":6.0,"r":6.0,"q":1.0,"p":870.0,"mot":"L","mo":6.0}]},{"d":"10.06.2015","r":670355.0,"q":24.07,"p":800.0,"s":[{"ui":"3134049","t":672848.0,"r":670348.0,"q":24.07,"p":800.0,"mot":"U","mo":670348.0},{"cn":"","ui":"","t":7.0,"r":7.0,"q":1.0,"p":870.0,"mot":"L","mo":7.0}]},{"d":"11.06.2015","r":667856.0,"q":24.07,"p":800.0,"s":[{"ui":"3134049","t":670348.0,"r":667848.0,"q":24.07,"p":800.0,"mot":"U","mo":667848.0},{"cn":"","ui":"","t":8.0,"r":8.0,"q":1.0,"p":870.0,"mot":"L","mo":8.0}]},{"d":"12.06.2015","r":667357.0,"q":24.07,"p":800.0,"s":[{"ui":"3134049","t":668848.0,"r":667348.0,"q":24.07,"p":800.0,"mot":"U","mo":667348.0},{"cn":"","ui":"","t":9.0,"r":9.0,"q":1.0,"p":870.0,"mot":"L","mo":9.0}]},{"d":"13.06.2015","r":665858.0,"q":24.07,"p":800.0,"s":[{"ui":"3134049","t":667348.0,"r":665848.0,"q":24.07,"p":800.0,"mot":"U","mo":665848.0},{"cn":"","ui":"","t":10.0,"r":10.0,"q":1.0,"p":870.0,"mot":"L","mo":10.0}]},{"d":"14.06.2015","r":664359.0,"q":24.07,"p":800.0,"s":[{"ui":"3134049","t":665848.0,"r":664348.0,"q":24.07,"p":800.0,"mot":"U","mo":664348.0},{"cn":"","ui":"","t":11.0,"r":11.0,"q":1.0,"p":870.0,"mot":"L","mo":11.0}]},{"d":"15.06.2015","r":662860.0,"q":24.07,"p":800.0,"s":[{"ui":"3134049","t":664348.0,"r":662848.0,"q":24.07,"p":800.0,"mot":"U","mo":662848.0},{"cn":"","ui":"","t":12.0,"r":12.0,"q":1.0,"p":870.0,"mot":"L","mo":12.0}]},{"d":"16.06.2015","r":659361.0,"q":24.07,"p":800.0,"s":[{"ui":"3134049","t":661848.0,"r":659348.0,"q":24.07,"p":800.0,"mot":"U","mo":659348.0},{"cn":"","ui":"","t":13.0,"r":13.0,"q":1.0,"p":870.0,"mot":"L","mo":13.0}]},{"d":"17.06.2015","r":656862.0,"q":24.07,"p":800.0,"s":[{"ui":"3134049","t":659348.0,"r":656848.0,"q":24.07,"p":800.0,"mot":"U","mo":656848.0},{"cn":"","ui":"","t":14.0,"r":14.0,"q":1.0,"p":862.0,"mot":"L","mo":14.0}]},{"d":"18.06.2015","r":654363.0,"q":24.07,"p":800.0,"s":[{"ui":"3134049","t":656848.0,"r":654348.0,"q":24.07,"p":800.0,"mot":"U","mo":654348.0},{"cn":"","ui":"","t":15.0,"r":15.0,"q":1.0,"p":862.0,"mot":"L","mo":15.0}]},{"d":"19.06.2015","r":651864.0,"q":24.07,"p":800.0,"s":[{"ui":"3134049","t":654348.0,"r":651848.0,"q":24.07,"p":800.0,"mot":"U","mo":651848.0},{"cn":"","ui":"","t":16.0,"r":16.0,"q":1.0,"p":862.0,"mot":"L","mo":16.0}]},{"d":"21.06.2015","r":646167.0,"q":24.07,"p":800.0,"s":[{"ui":"3134049","t":648882.0,"r":646149.0,"q":24.07,"p":800.0,"mot":"U","mo":646149.0},{"cn":"","ui":"","t":18.0,"r":18.0,"q":1.0,"p":862.0,"mot":"L","mo":18.0}]},{"d":"22.06.2015","r":637435.0,"q":24.07,"p":800.0,"s":[{"ui":"3134049","t":643149.0,"r":637416.0,"q":24.07,"p":800.0,"mot":"U","mo":637416.0},{"cn":"","ui":"","t":19.0,"r":19.0,"q":1.0,"p":862.0,"mot":"L","mo":19.0}]},{"d":"23.06.2015","r":631703.0,"q":24.07,"p":800.0,"s":[{"ui":"3134049","t":637416.0,"r":631683.0,"q":24.07,"p":800.0,"mot":"U","mo":631683.0},{"cn":"","ui":"","t":20.0,"r":20.0,"q":1.0,"p":862.0,"mot":"L","mo":20.0}]},{"d":"24.06.2015","r":625971.0,"q":24.07,"p":800.0,"s":[{"ui":"3134049","t":631683.0,"r":625950.0,"q":24.07,"p":800.0,"mot":"U","mo":625950.0},{"cn":"","ui":"","t":21.0,"r":21.0,"q":1.0,"p":854.0,"mot":"L","mo":21.0}]},{"d":"25.06.2015","r":620239.0,"q":24.07,"p":800.0,"s":[{"ui":"3134049","t":625950.0,"r":620217.0,"q":24.07,"p":800.0,"mot":"U","mo":620217.0},{"cn":"","ui":"","t":22.0,"r":22.0,"q":1.0,"p":854.0,"mot":"L","mo":22.0}]},{"d":"26.06.2015","r":614507.0,"q":24.07,"p":800.0,"s":[{"ui":"3134049","t":620217.0,"r":614484.0,"q":24.07,"p":800.0,"mot":"U","mo":614484.0},{"cn":"","ui":"","t":23.0,"r":23.0,"q":1.0,"p":854.0,"mot":"L","mo":23.0}]},{"d":"27.06.2015","r":608775.0,"q":24.07,"p":800.0,"s":[{"ui":"3134049","t":614484.0,"r":608751.0,"q":24.07,"p":800.0,"mot":"U","mo":608751.0},{"cn":"","ui":"","t":24.0,"r":24.0,"q":1.0,"p":854.0,"mot":"L","mo":24.0}]},{"d":"28.06.2015","r":603043.0,"q":24.07,"p":800.0,"s":[{"ui":"3134049","t":608751.0,"r":603018.0,"q":24.07,"p":800.0,"mot":"U","mo":603018.0},{"cn":"","ui":"","t":25.0,"r":25.0,"q":1.0,"p":854.0,"mot":"L","mo":25.0}]},{"d":"29.06.2015","r":597311.0,"q":24.07,"p":800.0,"s":[{"ui":"3134049","t":603018.0,"r":597285.0,"q":24.07,"p":800.0,"mot":"U","mo":597285.0},{"cn":"","ui":"","t":26.0,"r":26.0,"q":1.0,"p":854.0,"mot":"L","mo":26.0}]},{"d":"30.06.2015","r":591579.0,"q":24.07,"p":800.0,"s":[{"ui":"3134049","t":597285.0,"r":591552.0,"q":24.07,"p":800.0,"mot":"U","mo":591552.0},{"cn":"","ui":"","t":27.0,"r":27.0,"q":1.0,"p":854.0,"mot":"L","mo":27.0}]},{"d":"01.07.2015","r":585847.0,"q":24.07,"p":800.0,"s":[{"ui":"3134049","t":591552.0,"r":585819.0,"q":24.07,"p":800.0,"mot":"U","mo":585819.0},{"cn":"","ui":"","t":28.0,"r":28.0,"q":1.0,"p":854.0,"mot":"L","mo":28.0}]},{"d":"02.07.2015","r":580115.0,"q":24.07,"p":800.0,"s":[{"ui":"3134049","t":585819.0,"r":580086.0,"q":24.07,"p":800.0,"mot":"U","mo":580086.0},{"cn":"","ui":"","t":29.0,"r":29.0,"q":1.0,"p":846.0,"mot":"L","mo":29.0}]},{"d":"03.07.2015","r":574383.0,"q":24.07,"p":800.0,"s":[{"ui":"3134049","t":580086.0,"r":574353.0,"q":24.07,"p":800.0,"mot":"U","mo":574353.0},{"cn":"","ui":"","t":30.0,"r":30.0,"q":1.0,"p":846.0,"mot":"L","mo":30.0}]},{"d":"04.07.2015","r":568651.0,"q":24.07,"p":800.0,"s":[{"ui":"3134049","t":574353.0,"r":568620.0,"q":24.07,"p":800.0,"mot":"U","mo":568620.0},{"cn":"","ui":"","t":31.0,"r":31.0,"q":1.0,"p":846.0,"mot":"L","mo":31.0}]},{"d":"05.07.2015","r":562919.0,"q":24.07,"p":800.0,"s":[{"ui":"3134049","t":568620.0,"r":562887.0,"q":24.07,"p":800.0,"mot":"U","mo":562887.0},{"cn":"","ui":"","t":32.0,"r":32.0,"q":1.0,"p":846.0,"mot":"L","mo":32.0}]},{"d":"06.07.2015","r":557187.0,"q":24.07,"p":800.0,"s":[{"ui":"3134049","t":562887.0,"r":557154.0,"q":24.07,"p":800.0,"mot":"U","mo":557154.0},{"cn":"","ui":"","t":33.0,"r":33.0,"q":1.0,"p":846.0,"mot":"L","mo":33.0}]},{"d":"07.07.2015","r":551455.0,"q":24.07,"p":800.0,"s":[{"ui":"3134049","t":557154.0,"r":551421.0,"q":24.07,"p":800.0,"mot":"U","mo":551421.0},{"cn":"","ui":"","t":34.0,"r":34.0,"q":1.0,"p":846.0,"mot":"L","mo":34.0}]},{"d":"08.07.2015","r":545723.0,"q":24.07,"p":800.0,"s":[{"ui":"3134049","t":551421.0,"r":545688.0,"q":24.07,"p":800.0,"mot":"U","mo":545688.0},{"cn":"","ui":"","t":35.0,"r":35.0,"q":1.0,"p":846.0,"mot":"L","mo":35.0}]},{"d":"09.07.2015","r":539991.0,"q":24.07,"p":800.0,"s":[{"ui":"3134049","t":545688.0,"r":539955.0,"q":24.07,"p":800.0,"mot":"U","mo":539955.0},{"cn":"","ui":"","t":36.0,"r":36.0,"q":1.0,"p":846.0,"mot":"L","mo":36.0}]},{"d":"10.07.2015","r":534259.0,"q":24.07,"p":800.0,"s":[{"ui":"3134049","t":539955.0,"r":534222.0,"q":24.07,"p":800.0,"mot":"U","mo":534222.0},{"cn":"","ui":"","t":37.0,"r":37.0,"q":1.0,"p":846.0,"mot":"L","mo":37.0}]},{"d":"12.07.2015","r":522795.0,"q":24.07,"p":800.0,"s":[{"ui":"3134049","t":528489.0,"r":522756.0,"q":24.07,"p":800.0,"mot":"U","mo":522756.0},{"cn":"","ui":"","t":39.0,"r":39.0,"q":1.0,"p":838.0,"mot":"L","mo":39.0}]},{"d":"13.07.2015","r":517063.0,"q":24.07,"p":800.0,"s":[{"ui":"3134049","t":522756.0,"r":517023.0,"q":24.07,"p":800.0,"mot":"U","mo":517023.0},{"cn":"","ui":"","t":40.0,"r":40.0,"q":1.0,"p":838.0,"mot":"L","mo":40.0}]},{"d":"14.07.2015","r":511331.0,"q":24.07,"p":800.0,"s":[{"ui":"3134049","t":517023.0,"r":511290.0,"q":24.07,"p":800.0,"mot":"U","mo":511290.0},{"cn":"","ui":"","t":41.0,"r":41.0,"q":1.0,"p":838.0,"mot":"L","mo":41.0}]},{"d":"15.07.2015","r":505599.0,"q":24.07,"p":800.0,"s":[{"ui":"3134049","t":511290.0,"r":505557.0,"q":24.07,"p":800.0,"mot":"U","mo":505557.0},{"cn":"","ui":"","t":42.0,"r":42.0,"q":1.0,"p":838.0,"mot":"L","mo":42.0}]},{"d":"16.07.2015","r":499867.0,"q":24.07,"p":800.0,"s":[{"ui":"3134049","t":505557.0,"r":499824.0,"q":24.07,"p":800.0,"mot":"U","mo":499824.0},{"cn":"","ui":"","t":43.0,"r":43.0,"q":1.0,"p":838.0,"mot":"L","mo":43.0}]},{"d":"17.07.2015","r":494135.0,"q":24.07,"p":800.0,"s":[{"ui":"3134049","t":499824.0,"r":494091.0,"q":24.07,"p":800.0,"mot":"U","mo":494091.0},{"cn":"","ui":"","t":44.0,"r":44.0,"q":1.0,"p":838.0,"mot":"L","mo":44.0}]},{"d":"19.07.2015","r":482671.0,"q":24.07,"p":800.0,"s":[{"ui":"3134049","t":488358.0,"r":482625.0,"q":24.07,"p":800.0,"mot":"U","mo":482625.0},{"cn":"","ui":"","t":46.0,"r":46.0,"q":1.0,"p":830.0,"mot":"L","mo":46.0}]},{"d":"20.07.2015","r":476939.0,"q":24.07,"p":800.0,"s":[{"ui":"3134049","t":482625.0,"r":476892.0,"q":24.07,"p":800.0,"mot":"U","mo":476892.0},{"cn":"","ui":"","t":47.0,"r":47.0,"q":1.0,"p":830.0,"mot":"L","mo":47.0}]},{"d":"21.07.2015","r":471207.0,"q":24.07,"p":800.0,"s":[{"ui":"3134049","t":476892.0,"r":471159.0,"q":24.07,"p":800.0,"mot":"U","mo":471159.0},{"cn":"","ui":"","t":48.0,"r":48.0,"q":1.0,"p":830.0,"mot":"L","mo":48.0}]},{"d":"22.07.2015","r":465475.0,"q":24.07,"p":800.0,"s":[{"ui":"3134049","t":471159.0,"r":465426.0,"q":24.07,"p":800.0,"mot":"U","mo":465426.0},{"cn":"","ui":"","t":49.0,"r":49.0,"q":1.0,"p":830.0,"mot":"L","mo":49.0}]},{"d":"23.07.2015","r":459743.0,"q":24.07,"p":800.0,"s":[{"ui":"3134049","t":465426.0,"r":459693.0,"q":24.07,"p":800.0,"mot":"U","mo":459693.0},{"cn":"","ui":"","t":50.0,"r":50.0,"q":1.0,"p":830.0,"mot":"L","mo":50.0}]},{"d":"25.07.2015","r":448279.0,"q":24.07,"p":800.0,"s":[{"ui":"3134049","t":453960.0,"r":448227.0,"q":24.07,"p":800.0,"mot":"U","mo":448227.0},{"cn":"","ui":"","t":52.0,"r":52.0,"q":1.01,"p":830.0,"mot":"L","mo":52.0}]},{"d":"28.07.2015","r":431083.0,"q":24.07,"p":800.0,"s":[{"ui":"3134049","t":436761.0,"r":431028.0,"q":24.07,"p":800.0,"mot":"U","mo":431028.0},{"cn":"","ui":"","t":55.0,"r":55.0,"q":1.03,"p":822.0,"mot":"L","mo":55.0}]},{"d":"29.07.2015","r":425351.0,"q":24.07,"p":800.0,"s":[{"ui":"3134049","t":431028.0,"r":425295.0,"q":24.07,"p":800.0,"mot":"U","mo":425295.0},{"cn":"","ui":"","t":56.0,"r":56.0,"q":1.04,"p":822.0,"mot":"L","mo":56.0}]},{"d":"30.07.2015","r":419619.0,"q":24.07,"p":800.0,"s":[{"ui":"3134049","t":425295.0,"r":419562.0,"q":24.07,"p":800.0,"mot":"U","mo":419562.0},{"cn":"","ui":"","t":57.0,"r":57.0,"q":1.05,"p":822.0,"mot":"L","mo":57.0}]},{"d":"31.07.2015","r":413887.0,"q":24.07,"p":800.0,"s":[{"ui":"3134049","t":419562.0,"r":413829.0,"q":24.07,"p":800.0,"mot":"U","mo":413829.0},{"cn":"","ui":"","t":58.0,"r":58.0,"q":1.06,"p":822.0,"mot":"L","mo":58.0}]},{"d":"01.08.2015","r":408155.0,"q":24.07,"p":800.0,"s":[{"ui":"3134049","t":413829.0,"r":408096.0,"q":24.07,"p":800.0,"mot":"U","mo":408096.0},{"cn":"","ui":"","t":59.0,"r":59.0,"q":1.07,"p":822.0,"mot":"L","mo":59.0}]},{"d":"02.08.2015","r":402423.0,"q":24.07,"p":800.0,"s":[{"ui":"3134049","t":408096.0,"r":402363.0,"q":24.07,"p":800.0,"mot":"U","mo":402363.0},{"cn":"","ui":"","t":60.0,"r":60.0,"q":1.09,"p":814.0,"mot":"L","mo":60.0}]},{"d":"03.08.2015","r":396691.0,"q":24.07,"p":800.0,"s":[{"ui":"3134049","t":402363.0,"r":396630.0,"q":24.07,"p":800.0,"mot":"U","mo":396630.0},{"cn":"","ui":"","t":61.0,"r":61.0,"q":1.1,"p":814.0,"mot":"L","mo":61.0}]},{"d":"04.08.2015","r":390959.0,"q":24.07,"p":800.0,"s":[{"ui":"3134049","t":396630.0,"r":390897.0,"q":24.07,"p":800.0,"mot":"U","mo":390897.0},{"cn":"","ui":"","t":62.0,"r":62.0,"q":1.11,"p":814.0,"mot":"L","mo":62.0}]},{"d":"05.08.2015","r":385227.0,"q":24.07,"p":800.0,"s":[{"ui":"3134049","t":390897.0,"r":385164.0,"q":24.07,"p":800.0,"mot":"U","mo":385164.0},{"cn":"","ui":"","t":63.0,"r":63.0,"q":1.13,"p":814.0,"mot":"L","mo":63.0}]},{"d":"06.08.2015","r":379495.0,"q":24.07,"p":800.0,"s":[{"ui":"3134049","t":385164.0,"r":379431.0,"q":24.07,"p":800.0,"mot":"U","mo":379431.0},{"cn":"","ui":"","t":64.0,"r":64.0,"q":1.14,"p":814.0,"mot":"L","mo":64.0}]},{"d":"07.08.2015","r":373763.0,"q":24.07,"p":800.0,"s":[{"ui":"3134049","t":379431.0,"r":373698.0,"q":24.07,"p":800.0,"mot":"U","mo":373698.0},{"cn":"","ui":"","t":65.0,"r":65.0,"q":1.16,"p":814.0,"mot":"L","mo":65.0}]},{"d":"08.08.2015","r":368031.0,"q":24.07,"p":800.0,"s":[{"ui":"3134049","t":373698.0,"r":367965.0,"q":24.07,"p":800.0,"mot":"U","mo":367965.0},{"cn":"","ui":"","t":66.0,"r":66.0,"q":1.17,"p":814.0,"mot":"L","mo":66.0}]},{"d":"09.08.2015","r":362299.0,"q":24.07,"p":800.0,"s":[{"ui":"3134049","t":367965.0,"r":362232.0,"q":24.07,"p":800.0,"mot":"U","mo":362232.0},{"cn":"","ui":"","t":67.0,"r":67.0,"q":1.18,"p":814.0,"mot":"L","mo":67.0}]},{"d":"10.08.2015","r":356567.0,"q":24.07,"p":800.0,"s":[{"ui":"3134049","t":362232.0,"r":356499.0,"q":24.07,"p":800.0,"mot":"U","mo":356499.0},{"cn":"","ui":"","t":68.0,"r":68.0,"q":1.2,"p":814.0,"mot":"L","mo":68.0}]},{"d":"11.08.2015","r":340835.0,"q":24.07,"p":800.0,"s":[{"ui":"3134049","t":351499.0,"r":340766.0,"q":24.07,"p":800.0,"mot":"U","mo":340766.0},{"cn":"","ui":"","t":69.0,"r":69.0,"q":1.21,"p":806.0,"mot":"L","mo":69.0}]},{"d":"12.08.2015","r":330103.0,"q":24.07,"p":800.0,"s":[{"ui":"3134049","t":340766.0,"r":330033.0,"q":24.07,"p":800.0,"mot":"U","mo":330033.0},{"cn":"","ui":"","t":70.0,"r":70.0,"q":1.22,"p":806.0,"mot":"L","mo":70.0}]},{"d":"13.08.2015","r":319371.0,"q":24.06,"p":800.0,"s":[{"ui":"3134049","t":330033.0,"r":319300.0,"q":24.07,"p":800.0,"mot":"U","mo":319300.0},{"cn":"","ui":"","t":71.0,"r":71.0,"q":1.24,"p":806.0,"mot":"L","mo":71.0}]},{"d":"14.08.2015","r":308639.0,"q":24.06,"p":800.0,"s":[{"ui":"3134049","t":319300.0,"r":308567.0,"q":24.07,"p":800.0,"mot":"U","mo":308567.0},{"cn":"","ui":"","t":72.0,"r":72.0,"q":1.25,"p":806.0,"mot":"L","mo":72.0}]},{"d":"15.08.2015","r":297907.0,"q":24.06,"p":800.0,"s":[{"ui":"3134049","t":308567.0,"r":297834.0,"q":24.07,"p":800.0,"mot":"U","mo":297834.0},{"cn":"","ui":"","t":73.0,"r":73.0,"q":1.26,"p":806.0,"mot":"L","mo":73.0}]},{"d":"16.08.2015","r":287175.0,"q":24.06,"p":800.0,"s":[{"ui":"3134049","t":297834.0,"r":287101.0,"q":24.07,"p":800.0,"mot":"U","mo":287101.0},{"cn":"","ui":"","t":74.0,"r":74.0,"q":1.28,"p":806.0,"mot":"L","mo":74.0}]},{"d":"17.08.2015","r":276443.0,"q":24.06,"p":800.0,"s":[{"ui":"3134049","t":287101.0,"r":276368.0,"q":24.07,"p":800.0,"mot":"U","mo":276368.0},{"cn":"","ui":"","t":75.0,"r":75.0,"q":1.29,"p":806.0,"mot":"L","mo":75.0}]},{"d":"18.08.2015","r":265711.0,"q":24.06,"p":800.0,"s":[{"ui":"3134049","t":276368.0,"r":265635.0,"q":24.07,"p":800.0,"mot":"U","mo":265635.0},{"cn":"","ui":"","t":76.0,"r":76.0,"q":1.3,"p":806.0,"mot":"L","mo":76.0}]},{"d":"19.08.2015","r":254979.0,"q":24.06,"p":800.0,"s":[{"ui":"3134049","t":265635.0,"r":254902.0,"q":24.07,"p":800.0,"mot":"U","mo":254902.0},{"cn":"","ui":"","t":77.0,"r":77.0,"q":1.32,"p":806.0,"mot":"L","mo":77.0}]},{"d":"20.08.2015","r":224247.0,"q":24.06,"p":800.0,"s":[{"ui":"3134049","t":244902.0,"r":224169.0,"q":24.07,"p":800.0,"mot":"U","mo":224169.0},{"cn":"","ui":"","t":78.0,"r":78.0,"q":1.33,"p":806.0,"mot":"L","mo":78.0}]},{"d":"21.08.2015","r":203515.0,"q":24.06,"p":800.0,"s":[{"ui":"3134049","t":224169.0,"r":203436.0,"q":24.07,"p":800.0,"mot":"U","mo":203436.0},{"cn":"","ui":"","t":79.0,"r":79.0,"q":1.34,"p":806.0,"mot":"L","mo":79.0}]},{"d":"22.08.2015","r":182783.0,"q":24.06,"p":800.0,"s":[{"ui":"3134049","t":203436.0,"r":182703.0,"q":24.07,"p":800.0,"mot":"U","mo":182703.0},{"cn":"","ui":"","t":80.0,"r":80.0,"q":1.35,"p":806.0,"mot":"L","mo":80.0}]},{"d":"23.08.2015","r":162051.0,"q":24.06,"p":800.0,"s":[{"ui":"3134049","t":182703.0,"r":161970.0,"q":24.07,"p":800.0,"mot":"U","mo":161970.0},{"cn":"","ui":"","t":81.0,"r":81.0,"q":1.37,"p":798.0,"mot":"L","mo":81.0}]},{"d":"24.08.2015","r":141319.0,"q":24.06,"p":800.0,"s":[{"ui":"3134049","t":161970.0,"r":141237.0,"q":24.07,"p":800.0,"mot":"U","mo":141237.0},{"cn":"","ui":"","t":82.0,"r":82.0,"q":1.38,"p":798.0,"mot":"L","mo":82.0}]},{"d":"25.08.2015","r":120587.0,"q":24.05,"p":800.0,"s":[{"ui":"3134049","t":141237.0,"r":120504.0,"q":24.07,"p":800.0,"mot":"U","mo":120504.0},{"cn":"","ui":"","t":83.0,"r":83.0,"q":1.39,"p":798.0,"mot":"L","mo":83.0}]},{"d":"26.08.2015","r":99855.0,"q":24.05,"p":800.0,"s":[{"ui":"3134049","t":120504.0,"r":99771.0,"q":24.07,"p":800.0,"mot":"U","mo":99771.0},{"cn":"","ui":"","t":84.0,"r":84.0,"q":1.4,"p":798.0,"mot":"L","mo":84.0}]},{"d":"27.08.2015","r":79123.0,"q":24.05,"p":800.0,"s":[{"ui":"3134049","t":99771.0,"r":79038.0,"q":24.07,"p":800.0,"mot":"U","mo":79038.0},{"cn":"","ui":"","t":85.0,"r":85.0,"q":1.41,"p":798.0,"mot":"L","mo":85.0}]},{"d":"28.08.2015","r":58391.0,"q":24.04,"p":800.0,"s":[{"ui":"3134049","t":79038.0,"r":58305.0,"q":24.07,"p":800.0,"mot":"U","mo":58305.0},{"cn":"","ui":"","t":86.0,"r":86.0,"q":1.42,"p":798.0,"mot":"L","mo":86.0}]},{"d":"29.08.2015","r":37659.0,"q":24.02,"p":800.0,"s":[{"ui":"3134049","t":58305.0,"r":37572.0,"q":24.07,"p":800.0,"mot":"U","mo":37572.0},{"cn":"","ui":"","t":87.0,"r":87.0,"q":1.43,"p":798.0,"mot":"L","mo":87.0}]},{"d":"30.08.2015","r":16927.0,"q":23.95,"p":799.99,"s":[{"ui":"3134049","t":37572.0,"r":16839.0,"q":24.07,"p":800.0,"mot":"U","mo":16839.0},{"cn":"","ui":"","t":88.0,"r":88.0,"q":1.44,"p":798.0,"mot":"L","mo":88.0}]},{"d":"31.08.2015","r":89.0,"q":1.45,"p":798.0,"s":[{"ui":"3205358","t":89.0,"r":89.0,"q":1.45,"p":798.0,"mot":"U","mo":89.0},{"cn":"","ui":"","t":0.0,"r":0.0,"q":0.0,"p":0.0,"mot":"L","mo":0.0}]},{"d":"01.09.2015","r":90.0,"q":1.46,"p":791.0,"s":[{"ui":"3205358","t":90.0,"r":90.0,"q":1.46,"p":791.0,"mot":"U","mo":90.0},{"cn":"","ui":"","t":0.0,"r":0.0,"q":0.0,"p":0.0,"mot":"L","mo":0.0}]},{"d":"02.09.2015","r":91.0,"q":1.47,"p":791.0,"s":[{"ui":"3205358","t":91.0,"r":91.0,"q":1.47,"p":791.0,"mot":"U","mo":91.0},{"cn":"","ui":"","t":0.0,"r":0.0,"q":0.0,"p":0.0,"mot":"L","mo":0.0}]},{"d":"03.09.2015","r":92.0,"q":1.48,"p":791.0,"s":[{"ui":"3205358","t":92.0,"r":92.0,"q":1.48,"p":791.0,"mot":"U","mo":92.0},{"cn":"","ui":"","t":0.0,"r":0.0,"q":0.0,"p":0.0,"mot":"L","mo":0.0}]},{"d":"04.09.2015","r":93.0,"q":1.49,"p":791.0,"s":[{"ui":"3205358","t":93.0,"r":93.0,"q":1.49,"p":791.0,"mot":"U","mo":93.0},{"cn":"","ui":"","t":0.0,"r":0.0,"q":0.0,"p":0.0,"mot":"L","mo":0.0}]},{"d":"05.09.2015","r":2798.0,"q":31.83,"p":799.7,"s":[{"ui":"3134049","t":19204.0,"r":2704.0,"q":32.88,"p":800.0,"mot":"U","mo":2704.0},{"cn":"","ui":"","t":94.0,"r":94.0,"q":1.5,"p":791.0,"mot":"L","mo":94.0}]},{"d":"06.09.2015","r":95.0,"q":1.51,"p":791.0,"s":[{"ui":"3205358","t":95.0,"r":95.0,"q":1.51,"p":791.0,"mot":"U","mo":95.0},{"cn":"","ui":"","t":0.0,"r":0.0,"q":0.0,"p":0.0,"mot":"L","mo":0.0}]},{"d":"07.09.2015","r":96.0,"q":1.52,"p":791.0,"s":[{"ui":"3205358","t":96.0,"r":96.0,"q":1.52,"p":791.0,"mot":"U","mo":96.0},{"cn":"","ui":"","t":0.0,"r":0.0,"q":0.0,"p":0.0,"mot":"L","mo":0.0}]},{"d":"08.09.2015","r":97.0,"q":1.53,"p":791.0,"s":[{"ui":"3205358","t":97.0,"r":97.0,"q":1.53,"p":791.0,"mot":"U","mo":97.0},{"cn":"","ui":"","t":0.0,"r":0.0,"q":0.0,"p":0.0,"mot":"L","mo":0.0}]},{"d":"09.09.2015","r":98.0,"q":1.54,"p":791.0,"s":[{"ui":"3205358","t":98.0,"r":98.0,"q":1.54,"p":791.0,"mot":"U","mo":98.0},{"cn":"","ui":"","t":0.0,"r":0.0,"q":0.0,"p":0.0,"mot":"L","mo":0.0}]},{"d":"10.09.2015","r":99.0,"q":1.55,"p":784.0,"s":[{"ui":"3205358","t":99.0,"r":99.0,"q":1.55,"p":784.0,"mot":"U","mo":99.0},{"cn":"","ui":"","t":0.0,"r":0.0,"q":0.0,"p":0.0,"mot":"L","mo":0.0}]},{"d":"11.09.2015","r":100.0,"q":1.56,"p":784.0,"s":[{"ui":"3205358","t":100.0,"r":100.0,"q":1.56,"p":784.0,"mot":"U","mo":100.0},{"cn":"","ui":"","t":0.0,"r":0.0,"q":0.0,"p":0.0,"mot":"L","mo":0.0}]},{"d":"12.09.2015","r":1559.0,"q":30.85,"p":798.96,"s":[{"ui":"3134049","t":17958.0,"r":1458.0,"q":32.88,"p":800.0,"mot":"U","mo":1458.0},{"ui":"3205358","t":101.0,"r":101.0,"q":1.57,"p":784.0,"mot":"U","mo":101.0},{"cn":"","ui":"","t":0.0,"r":0.0,"q":0.0,"p":0.0,"mot":"L","mo":0.0}]},{"d":"13.09.2015","r":3018.0,"q":31.82,"p":799.46,"s":[{"ui":"3134049","t":19416.0,"r":2916.0,"q":32.88,"p":800.0,"mot":"U","mo":2916.0},{"cn":"","ui":"","t":102.0,"r":102.0,"q":1.57,"p":784.0,"mot":"L","mo":102.0}]},{"d":"14.09.2015","r":4477.0,"q":32.16,"p":799.63,"s":[{"ui":"3134049","t":20874.0,"r":4374.0,"q":32.88,"p":800.0,"mot":"U","mo":4374.0},{"cn":"","ui":"","t":103.0,"r":103.0,"q":1.58,"p":784.0,"mot":"L","mo":103.0}]},{"d":"15.09.2015","r":5936.0,"q":32.33,"p":799.72,"s":[{"ui":"3134049","t":22332.0,"r":5832.0,"q":32.88,"p":800.0,"mot":"U","mo":5832.0},{"cn":"","ui":"","t":104.0,"r":104.0,"q":1.59,"p":784.0,"mot":"L","mo":104.0}]},{"d":"16.09.2015","r":7395.0,"q":32.44,"p":799.77,"s":[{"ui":"3134049","t":23790.0,"r":7290.0,"q":32.88,"p":800.0,"mot":"U","mo":7290.0},{"cn":"","ui":"","t":105.0,"r":105.0,"q":1.6,"p":784.0,"mot":"L","mo":105.0}]},{"d":"17.09.2015","r":8854.0,"q":32.51,"p":799.81,"s":[{"ui":"3134049","t":25248.0,"r":8748.0,"q":32.88,"p":800.0,"mot":"U","mo":8748.0},{"cn":"","ui":"","t":106.0,"r":106.0,"q":1.6,"p":784.0,"mot":"L","mo":106.0}]},{"d":"18.09.2015","r":10313.0,"q":32.56,"p":799.83,"s":[{"ui":"3134049","t":26706.0,"r":10206.0,"q":32.88,"p":800.0,"mot":"U","mo":10206.0},{"cn":"","ui":"","t":107.0,"r":107.0,"q":1.61,"p":784.0,"mot":"L","mo":107.0}]},{"d":"19.09.2015","r":11772.0,"q":32.59,"p":799.79,"s":[{"ui":"3134049","t":28164.0,"r":11664.0,"q":32.88,"p":800.0,"mot":"U","mo":11664.0},{"cn":"","ui":"","t":108.0,"r":108.0,"q":1.62,"p":777.0,"mot":"L","mo":108.0}]},{"d":"20.09.2015","r":13231.0,"q":32.62,"p":799.81,"s":[{"ui":"3134049","t":29622.0,"r":13122.0,"q":32.88,"p":800.0,"mot":"U","mo":13122.0},{"cn":"","ui":"","t":109.0,"r":109.0,"q":1.63,"p":777.0,"mot":"L","mo":109.0}]},{"d":"21.09.2015","r":14690.0,"q":32.65,"p":799.83,"s":[{"ui":"3134049","t":31080.0,"r":14580.0,"q":32.88,"p":800.0,"mot":"U","mo":14580.0},{"cn":"","ui":"","t":110.0,"r":110.0,"q":1.63,"p":777.0,"mot":"L","mo":110.0}]},{"d":"22.09.2015","r":16149.0,"q":32.67,"p":799.84,"s":[{"ui":"3134049","t":32538.0,"r":16038.0,"q":32.88,"p":800.0,"mot":"U","mo":16038.0},{"cn":"","ui":"","t":111.0,"r":111.0,"q":1.64,"p":777.0,"mot":"L","mo":111.0}]},{"d":"23.09.2015","r":16608.0,"q":32.67,"p":799.84,"s":[{"ui":"3134049","t":33996.0,"r":16496.0,"q":32.88,"p":800.0,"mot":"U","mo":16496.0},{"cn":"","ui":"","t":112.0,"r":112.0,"q":1.65,"p":777.0,"mot":"L","mo":112.0}]},{"d":"24.09.2015","r":8397.0,"q":32.46,"p":799.69,"s":[{"ui":"3134049","t":28784.0,"r":8284.0,"q":32.88,"p":800.0,"mot":"U","mo":8284.0},{"cn":"","ui":"","t":113.0,"r":113.0,"q":1.66,"p":777.0,"mot":"L","mo":113.0}]},{"d":"25.09.2015","r":114.0,"q":1.66,"p":777.0,"s":[{"ui":"3205358","t":114.0,"r":114.0,"q":1.66,"p":777.0,"mot":"U","mo":114.0},{"cn":"","ui":"","t":0.0,"r":0.0,"q":0.0,"p":0.0,"mot":"L","mo":0.0}]},{"d":"26.09.2015","r":7399.0,"q":32.39,"p":799.64,"s":[{"ui":"3134049","t":7784.0,"r":7284.0,"q":32.88,"p":800.0,"mot":"U","mo":7284.0},{"cn":"","ui":"","t":115.0,"r":115.0,"q":1.67,"p":777.0,"mot":"L","mo":115.0}]},{"d":"27.09.2015","r":6896.0,"q":32.36,"p":799.5,"s":[{"ui":"3134049","t":7280.0,"r":6780.0,"q":32.88,"p":800.0,"mot":"U","mo":6780.0},{"cn":"","ui":"","t":116.0,"r":116.0,"q":1.68,"p":770.0,"mot":"L","mo":116.0}]},{"d":"28.09.2015","r":6397.0,"q":32.31,"p":799.45,"s":[{"ui":"3134049","t":6780.0,"r":6280.0,"q":32.88,"p":800.0,"mot":"U","mo":6280.0},{"cn":"","ui":"","t":117.0,"r":117.0,"q":1.69,"p":770.0,"mot":"L","mo":117.0}]},{"d":"29.09.2015","r":5898.0,"q":32.26,"p":799.4,"s":[{"ui":"3134049","t":6280.0,"r":5780.0,"q":32.88,"p":800.0,"mot":"U","mo":5780.0},{"cn":"","ui":"","t":118.0,"r":118.0,"q":1.7,"p":770.0,"mot":"L","mo":118.0}]},{"d":"30.09.2015","r":5399.0,"q":32.19,"p":799.34,"s":[{"ui":"3134049","t":5780.0,"r":5280.0,"q":32.88,"p":800.0,"mot":"U","mo":5280.0},{"cn":"","ui":"","t":119.0,"r":119.0,"q":1.71,"p":770.0,"mot":"L","mo":119.0}]},{"d":"01.10.2015","r":4900.0,"q":32.12,"p":799.27,"s":[{"ui":"3134049","t":5280.0,"r":4780.0,"q":32.88,"p":800.0,"mot":"U","mo":4780.0},{"cn":"","ui":"","t":120.0,"r":120.0,"q":1.72,"p":770.0,"mot":"L","mo":120.0}]},{"d":"02.10.2015","r":4401.0,"q":32.02,"p":799.18,"s":[{"ui":"3134049","t":4780.0,"r":4280.0,"q":32.88,"p":800.0,"mot":"U","mo":4280.0},{"cn":"","ui":"","t":121.0,"r":121.0,"q":1.74,"p":770.0,"mot":"L","mo":121.0}]},{"d":"03.10.2015","r":3902.0,"q":31.91,"p":798.84,"s":[{"ui":"3134049","t":4280.0,"r":3780.0,"q":32.88,"p":800.0,"mot":"U","mo":3780.0},{"cn":"","ui":"","t":122.0,"r":122.0,"q":1.75,"p":763.0,"mot":"L","mo":122.0}]},{"d":"04.10.2015","r":3403.0,"q":31.76,"p":798.66,"s":[{"ui":"3134049","t":3780.0,"r":3280.0,"q":32.88,"p":800.0,"mot":"U","mo":3280.0},{"cn":"","ui":"","t":123.0,"r":123.0,"q":1.76,"p":763.0,"mot":"L","mo":123.0}]},{"d":"05.10.2015","r":20862.0,"q":32.7,"p":799.78,"s":[{"ui":"3134049","t":21238.0,"r":20738.0,"q":32.88,"p":800.0,"mot":"U","mo":20738.0},{"cn":"","ui":"","t":124.0,"r":124.0,"q":1.77,"p":763.0,"mot":"L","mo":124.0}]},{"d":"06.10.2015","r":18363.0,"q":32.67,"p":799.75,"s":[{"ui":"3134049","t":19738.0,"r":18238.0,"q":32.88,"p":800.0,"mot":"U","mo":18238.0},{"cn":"","ui":"","t":125.0,"r":125.0,"q":1.78,"p":763.0,"mot":"L","mo":125.0}]},{"d":"07.10.2015","r":16864.0,"q":32.65,"p":799.72,"s":[{"ui":"3134049","t":18238.0,"r":16738.0,"q":32.88,"p":800.0,"mot":"U","mo":16738.0},{"cn":"","ui":"","t":126.0,"r":126.0,"q":1.8,"p":763.0,"mot":"L","mo":126.0}]},{"d":"08.10.2015","r":12365.0,"q":32.56,"p":799.55,"s":[{"ui":"3134049","t":15238.0,"r":12238.0,"q":32.88,"p":800.0,"mot":"U","mo":12238.0},{"cn":"","ui":"","t":127.0,"r":127.0,"q":1.81,"p":756.0,"mot":"L","mo":127.0}]},{"d":"09.10.2015","r":9366.0,"q":32.46,"p":799.4,"s":[{"ui":"3134049","t":12238.0,"r":9238.0,"q":32.88,"p":800.0,"mot":"U","mo":9238.0},{"cn":"","ui":"","t":128.0,"r":128.0,"q":1.82,"p":756.0,"mot":"L","mo":128.0}]},{"d":"10.10.2015","r":29325.0,"q":32.74,"p":799.81,"s":[{"ui":"3134049","t":29696.0,"r":29196.0,"q":32.88,"p":800.0,"mot":"U","mo":29196.0},{"cn":"","ui":"","t":129.0,"r":129.0,"q":1.84,"p":756.0,"mot":"L","mo":129.0}]},{"d":"12.10.2015","r":64243.0,"q":32.82,"p":799.91,"s":[{"ui":"3134049","t":64612.0,"r":64112.0,"q":32.88,"p":800.0,"mot":"U","mo":64112.0},{"cn":"","ui":"","t":131.0,"r":131.0,"q":1.86,"p":756.0,"mot":"L","mo":131.0}]},{"d":"13.10.2015","r":81702.0,"q":32.83,"p":799.93,"s":[{"ui":"3134049","t":82070.0,"r":81570.0,"q":32.88,"p":800.0,"mot":"U","mo":81570.0},{"cn":"","ui":"","t":132.0,"r":132.0,"q":1.87,"p":756.0,"mot":"L","mo":132.0}]},{"d":"14.10.2015","r":99161.0,"q":32.84,"p":799.93,"s":[{"ui":"3134049","t":99528.0,"r":99028.0,"q":32.88,"p":800.0,"mot":"U","mo":99028.0},{"cn":"","ui":"","t":133.0,"r":133.0,"q":1.89,"p":749.0,"mot":"L","mo":133.0}]},{"d":"15.10.2015","r":116620.0,"q":32.84,"p":799.94,"s":[{"ui":"3134049","t":116986.0,"r":116486.0,"q":32.88,"p":800.0,"mot":"U","mo":116486.0},{"cn":"","ui":"","t":134.0,"r":134.0,"q":1.9,"p":749.0,"mot":"L","mo":134.0}]},{"d":"16.10.2015","r":134081.0,"q":33.29,"p":799.95,"s":[{"ui":"3134049","t":134446.0,"r":133946.0,"q":33.32,"p":800.0,"mot":"U","mo":133946.0},{"cn":"","ui":"","t":135.0,"r":135.0,"q":1.91,"p":749.0,"mot":"L","mo":135.0}]},{"d":"17.10.2015","r":133582.0,"q":33.29,"p":799.95,"s":[{"ui":"3134049","t":133946.0,"r":133446.0,"q":33.32,"p":800.0,"mot":"U","mo":133446.0},{"cn":"","ui":"","t":136.0,"r":136.0,"q":1.92,"p":749.0,"mot":"L","mo":136.0}]},{"d":"18.10.2015","r":133083.0,"q":33.29,"p":799.95,"s":[{"ui":"3134049","t":133446.0,"r":132946.0,"q":33.32,"p":800.0,"mot":"U","mo":132946.0},{"cn":"","ui":"","t":137.0,"r":137.0,"q":1.94,"p":749.0,"mot":"L","mo":137.0}]},{"d":"19.10.2015","r":132584.0,"q":33.29,"p":799.95,"s":[{"ui":"3134049","t":132946.0,"r":132446.0,"q":33.32,"p":800.0,"mot":"U","mo":132446.0},{"cn":"","ui":"","t":138.0,"r":138.0,"q":1.95,"p":749.0,"mot":"L","mo":138.0}]},{"d":"20.10.2015","r":130085.0,"q":33.29,"p":799.94,"s":[{"ui":"3134049","t":131446.0,"r":129946.0,"q":33.32,"p":800.0,"mot":"U","mo":129946.0},{"cn":"","ui":"","t":139.0,"r":139.0,"q":1.96,"p":742.0,"mot":"L","mo":139.0}]},{"d":"21.10.2015","r":128586.0,"q":33.29,"p":799.94,"s":[{"ui":"3134049","t":129946.0,"r":128446.0,"q":33.32,"p":800.0,"mot":"U","mo":128446.0},{"cn":"","ui":"","t":140.0,"r":140.0,"q":1.97,"p":742.0,"mot":"L","mo":140.0}]},{"d":"22.10.2015","r":127087.0,"q":33.29,"p":799.94,"s":[{"ui":"3134049","t":128446.0,"r":126946.0,"q":33.32,"p":800.0,"mot":"U","mo":126946.0},{"cn":"","ui":"","t":141.0,"r":141.0,"q":1.99,"p":742.0,"mot":"L","mo":141.0}]},{"d":"23.10.2015","r":125588.0,"q":33.28,"p":799.93,"s":[{"ui":"3134049","t":126946.0,"r":125446.0,"q":33.32,"p":800.0,"mot":"U","mo":125446.0},{"cn":"","ui":"","t":142.0,"r":142.0,"q":2.0,"p":742.0,"mot":"L","mo":142.0}]},{"d":"24.10.2015","r":111589.0,"q":33.28,"p":799.93,"s":[{"ui":"3134049","t":112946.0,"r":111446.0,"q":33.32,"p":800.0,"mot":"U","mo":111446.0},{"cn":"","ui":"","t":143.0,"r":143.0,"q":2.01,"p":742.0,"mot":"L","mo":143.0}]},{"d":"25.10.2015","r":144.0,"q":2.02,"p":735.0,"s":[{"ui":"3205358","t":144.0,"r":144.0,"q":2.02,"p":735.0,"mot":"U","mo":144.0},{"cn":"","ui":"","t":0.0,"r":0.0,"q":0.0,"p":0.0,"mot":"L","mo":0.0}]},{"d":"27.10.2015","r":146.0,"q":2.05,"p":735.0,"s":[{"ui":"3205358","t":146.0,"r":146.0,"q":2.05,"p":735.0,"mot":"U","mo":146.0},{"cn":"","ui":"","t":0.0,"r":0.0,"q":0.0,"p":0.0,"mot":"L","mo":0.0}]},{"d":"28.10.2015","r":147.0,"q":2.06,"p":735.0,"s":[{"ui":"3205358","t":147.0,"r":147.0,"q":2.06,"p":735.0,"mot":"U","mo":147.0},{"cn":"","ui":"","t":0.0,"r":0.0,"q":0.0,"p":0.0,"mot":"L","mo":0.0}]},{"d":"29.10.2015","r":148.0,"q":2.07,"p":735.0,"s":[{"ui":"3205358","t":148.0,"r":148.0,"q":2.07,"p":735.0,"mot":"U","mo":148.0},{"cn":"","ui":"","t":0.0,"r":0.0,"q":0.0,"p":0.0,"mot":"L","mo":0.0}]},{"d":"30.10.2015","r":149.0,"q":2.08,"p":735.0,"s":[{"ui":"3205358","t":149.0,"r":149.0,"q":2.08,"p":735.0,"mot":"U","mo":149.0},{"cn":"","ui":"","t":0.0,"r":0.0,"q":0.0,"p":0.0,"mot":"L","mo":0.0}]},{"d":"31.10.2015","r":150.0,"q":2.1,"p":728.0,"s":[{"ui":"3205358","t":150.0,"r":150.0,"q":2.1,"p":728.0,"mot":"U","mo":150.0},{"cn":"","ui":"","t":0.0,"r":0.0,"q":0.0,"p":0.0,"mot":"L","mo":0.0}]},{"d":"01.11.2015","r":151.0,"q":2.11,"p":728.0,"s":[{"ui":"3205358","t":151.0,"r":151.0,"q":2.11,"p":728.0,"mot":"U","mo":151.0},{"cn":"","ui":"","t":0.0,"r":0.0,"q":0.0,"p":0.0,"mot":"L","mo":0.0}]},{"d":"02.11.2015","r":152.0,"q":2.12,"p":728.0,"s":[{"ui":"3205358","t":152.0,"r":152.0,"q":2.12,"p":728.0,"mot":"U","mo":152.0},{"cn":"","ui":"","t":0.0,"r":0.0,"q":0.0,"p":0.0,"mot":"L","mo":0.0}]},{"d":"03.11.2015","r":153.0,"q":2.13,"p":728.0,"s":[{"ui":"3205358","t":153.0,"r":153.0,"q":2.13,"p":728.0,"mot":"U","mo":153.0},{"cn":"","ui":"","t":0.0,"r":0.0,"q":0.0,"p":0.0,"mot":"L","mo":0.0}]},{"d":"04.11.2015","r":154.0,"q":2.14,"p":728.0,"s":[{"ui":"3205358","t":154.0,"r":154.0,"q":2.14,"p":728.0,"mot":"U","mo":154.0},{"cn":"","ui":"","t":0.0,"r":0.0,"q":0.0,"p":0.0,"mot":"L","mo":0.0}]},{"d":"05.11.2015","r":155.0,"q":2.15,"p":728.0,"s":[{"ui":"3205358","t":155.0,"r":155.0,"q":2.15,"p":728.0,"mot":"U","mo":155.0},{"cn":"","ui":"","t":0.0,"r":0.0,"q":0.0,"p":0.0,"mot":"L","mo":0.0}]},{"d":"06.11.2015","r":36.0,"q":2.19,"p":728.0,"s":[{"ui":"3205358","t":96.0,"r":36.0,"q":2.19,"p":728.0,"mot":"U","mo":36.0},{"cn":"","ui":"","t":0.0,"r":0.0,"q":0.0,"p":0.0,"mot":"L","mo":0.0}]},{"d":"14.12.2015","r":66935.0,"q":26.57,"p":125.0,"s":[{"ui":"3249863","t":75356.0,"r":66935.0,"q":26.57,"p":125.0,"mot":"U","mo":66935.0},{"cn":"","ui":"","t":0.0,"r":0.0,"q":0.0,"p":0.0,"mot":"L","mo":0.0}]},{"d":"15.12.2015","r":61908.0,"q":26.62,"p":125.0,"s":[{"ui":"3249863","t":70329.0,"r":61908.0,"q":26.62,"p":125.0,"mot":"U","mo":61908.0},{"cn":"","ui":"","t":0.0,"r":0.0,"q":0.0,"p":0.0,"mot":"L","mo":0.0}]},{"d":"16.12.2015","r":51881.0,"q":26.67,"p":125.0,"s":[{"ui":"3249863","t":65302.0,"r":51881.0,"q":26.67,"p":125.0,"mot":"U","mo":51881.0},{"cn":"","ui":"","t":0.0,"r":0.0,"q":0.0,"p":0.0,"mot":"L","mo":0.0}]},{"d":"17.12.2015","r":46854.0,"q":26.73,"p":125.0,"s":[{"ui":"3249863","t":55275.0,"r":46854.0,"q":26.73,"p":125.0,"mot":"U","mo":46854.0},{"cn":"","ui":"","t":0.0,"r":0.0,"q":0.0,"p":0.0,"mot":"L","mo":0.0}]},{"d":"18.12.2015","r":40727.0,"q":26.8,"p":125.0,"s":[{"ui":"3249863","t":48548.0,"r":40727.0,"q":26.8,"p":125.0,"mot":"U","mo":40727.0},{"cn":"","ui":"","t":0.0,"r":0.0,"q":0.0,"p":0.0,"mot":"L","mo":0.0}]},{"d":"19.12.2015","r":35900.0,"q":26.86,"p":125.0,"s":[{"ui":"3249863","t":44121.0,"r":35900.0,"q":26.86,"p":125.0,"mot":"U","mo":35900.0},{"cn":"","ui":"","t":0.0,"r":0.0,"q":0.0,"p":0.0,"mot":"L","mo":0.0}]},{"d":"20.12.2015","r":31073.0,"q":26.93,"p":125.0,"s":[{"ui":"3249863","t":39294.0,"r":31073.0,"q":26.93,"p":125.0,"mot":"U","mo":31073.0},{"cn":"","ui":"","t":0.0,"r":0.0,"q":0.0,"p":0.0,"mot":"L","mo":0.0}]},{"d":"31.12.2015","r":1610.0,"q":1.0,"p":1100.0,"s":[{"ui":"3345402","t":1610.0,"r":1610.0,"q":1.0,"p":1100.0,"mot":"U","mo":1610.0},{"cn":"","ui":"","t":0.0,"r":0.0,"q":0.0,"p":0.0,"mot":"L","mo":0.0}]},{"d":"02.01.2016","r":1665.0,"q":1.0,"p":1100.0,"s":[{"ui":"3345402","t":1665.0,"r":1665.0,"q":1.0,"p":1100.0,"mot":"U","mo":1665.0},{"cn":"","ui":"","t":0.0,"r":0.0,"q":0.0,"p":0.0,"mot":"L","mo":0.0}]},{"d":"03.01.2016","r":1720.0,"q":1.0,"p":1100.0,"s":[{"ui":"3345402","t":1720.0,"r":1720.0,"q":1.0,"p":1100.0,"mot":"U","mo":1720.0},{"cn":"","ui":"","t":0.0,"r":0.0,"q":0.0,"p":0.0,"mot":"L","mo":0.0}]},{"d":"04.01.2016","r":1740.0,"q":1.0,"p":1100.0,"s":[{"ui":"3345402","t":1740.0,"r":1740.0,"q":1.0,"p":1100.0,"mot":"U","mo":1740.0},{"cn":"","ui":"","t":0.0,"r":0.0,"q":0.0,"p":0.0,"mot":"L","mo":0.0}]},{"d":"12.01.2016","r":1960.0,"q":1.0,"p":1100.0,"s":[{"ui":"3345402","t":1960.0,"r":1960.0,"q":1.0,"p":1100.0,"mot":"U","mo":1960.0},{"cn":"","ui":"","t":0.0,"r":0.0,"q":0.0,"p":0.0,"mot":"L","mo":0.0}]},{"d":"13.01.2016","r":1966.0,"q":1.0,"p":1100.0,"s":[{"ui":"3345402","t":1966.0,"r":1966.0,"q":1.0,"p":1100.0,"mot":"U","mo":1966.0},{"cn":"","ui":"","t":0.0,"r":0.0,"q":0.0,"p":0.0,"mot":"L","mo":0.0}]},{"d":"14.01.2016","r":1972.0,"q":1.0,"p":1100.0,"s":[{"ui":"3345402","t":1972.0,"r":1972.0,"q":1.0,"p":1100.0,"mot":"U","mo":1972.0},{"cn":"","ui":"","t":0.0,"r":0.0,"q":0.0,"p":0.0,"mot":"L","mo":0.0}]},{"d":"15.01.2016","r":1978.0,"q":1.0,"p":1100.0,"s":[{"ui":"3345402","t":1978.0,"r":1978.0,"q":1.0,"p":1100.0,"mot":"U","mo":1978.0},{"cn":"","ui":"","t":0.0,"r":0.0,"q":0.0,"p":0.0,"mot":"L","mo":0.0}]},{"d":"16.01.2016","r":1984.0,"q":1.0,"p":1100.0,"s":[{"ui":"3345402","t":1984.0,"r":1984.0,"q":1.0,"p":1100.0,"mot":"U","mo":1984.0},{"cn":"","ui":"","t":0.0,"r":0.0,"q":0.0,"p":0.0,"mot":"L","mo":0.0}]},{"d":"20.01.2016","r":2008.0,"q":1.0,"p":1100.0,"s":[{"ui":"3345402","t":2008.0,"r":2008.0,"q":1.0,"p":1100.0,"mot":"U","mo":2008.0},{"cn":"","ui":"","t":0.0,"r":0.0,"q":0.0,"p":0.0,"mot":"L","mo":0.0}]},{"d":"22.01.2016","r":2020.0,"q":1.0,"p":1100.0,"s":[{"ui":"3345402","t":2020.0,"r":2020.0,"q":1.0,"p":1100.0,"mot":"U","mo":2020.0},{"cn":"","ui":"","t":0.0,"r":0.0,"q":0.0,"p":0.0,"mot":"L","mo":0.0}]},{"d":"23.01.2016","r":2026.0,"q":1.0,"p":1100.0,"s":[{"ui":"3345402","t":2026.0,"r":2026.0,"q":1.0,"p":1100.0,"mot":"U","mo":2026.0},{"cn":"","ui":"","t":0.0,"r":0.0,"q":0.0,"p":0.0,"mot":"L","mo":0.0}]},{"d":"24.01.2016","r":2032.0,"q":1.0,"p":1100.0,"s":[{"ui":"3345402","t":2032.0,"r":2032.0,"q":1.0,"p":1100.0,"mot":"U","mo":2032.0},{"cn":"","ui":"","t":0.0,"r":0.0,"q":0.0,"p":0.0,"mot":"L","mo":0.0}]},{"d":"25.01.2016","r":2038.0,"q":1.0,"p":1100.0,"s":[{"ui":"3345402","t":2038.0,"r":2038.0,"q":1.0,"p":1100.0,"mot":"U","mo":2038.0},{"cn":"","ui":"","t":0.0,"r":0.0,"q":0.0,"p":0.0,"mot":"L","mo":0.0}]},{"d":"26.01.2016","r":2044.0,"q":1.0,"p":1100.0,"s":[{"ui":"3345402","t":2044.0,"r":2044.0,"q":1.0,"p":1100.0,"mot":"U","mo":2044.0},{"cn":"","ui":"","t":0.0,"r":0.0,"q":0.0,"p":0.0,"mot":"L","mo":0.0}]},{"d":"27.01.2016","r":2050.0,"q":1.0,"p":1100.0,"s":[{"ui":"3345402","t":2050.0,"r":2050.0,"q":1.0,"p":1100.0,"mot":"U","mo":2050.0},{"cn":"","ui":"","t":0.0,"r":0.0,"q":0.0,"p":0.0,"mot":"L","mo":0.0}]},{"d":"28.01.2016","r":2056.0,"q":1.0,"p":1100.0,"s":[{"ui":"3345402","t":2056.0,"r":2056.0,"q":1.0,"p":1100.0,"mot":"U","mo":2056.0},{"cn":"","ui":"","t":0.0,"r":0.0,"q":0.0,"p":0.0,"mot":"L","mo":0.0}]},{"d":"29.01.2016","r":2062.0,"q":1.0,"p":1100.0,"s":[{"ui":"3345402","t":2062.0,"r":2062.0,"q":1.0,"p":1100.0,"mot":"U","mo":2062.0},{"cn":"","ui":"","t":0.0,"r":0.0,"q":0.0,"p":0.0,"mot":"L","mo":0.0}]},{"d":"30.01.2016","r":2068.0,"q":1.0,"p":1100.0,"s":[{"ui":"3345402","t":2068.0,"r":2068.0,"q":1.0,"p":1100.0,"mot":"U","mo":2068.0},{"cn":"","ui":"","t":0.0,"r":0.0,"q":0.0,"p":0.0,"mot":"L","mo":0.0}]},{"d":"31.01.2016","r":2074.0,"q":1.0,"p":1100.0,"s":[{"ui":"3345402","t":2074.0,"r":2074.0,"q":1.0,"p":1100.0,"mot":"U","mo":2074.0},{"cn":"","ui":"","t":0.0,"r":0.0,"q":0.0,"p":0.0,"mot":"L","mo":0.0}]},{"d":"01.02.2016","r":2080.0,"q":1.0,"p":1100.0,"s":[{"ui":"3345402","t":2080.0,"r":2080.0,"q":1.0,"p":1100.0,"mot":"U","mo":2080.0},{"cn":"","ui":"","t":0.0,"r":0.0,"q":0.0,"p":0.0,"mot":"L","mo":0.0}]},{"d":"02.02.2016","r":2086.0,"q":1.0,"p":1100.0,"s":[{"ui":"3345402","t":2086.0,"r":2086.0,"q":1.0,"p":1100.0,"mot":"U","mo":2086.0},{"cn":"","ui":"","t":0.0,"r":0.0,"q":0.0,"p":0.0,"mot":"L","mo":0.0}]},{"d":"03.02.2016","r":2092.0,"q":1.0,"p":1100.0,"s":[{"ui":"3345402","t":2092.0,"r":2092.0,"q":1.0,"p":1100.0,"mot":"U","mo":2092.0},{"cn":"","ui":"","t":0.0,"r":0.0,"q":0.0,"p":0.0,"mot":"L","mo":0.0}]},{"d":"04.02.2016","r":3069.0,"q":1.0,"p":1100.0,"s":[{"ui":"3345402","t":3069.0,"r":3069.0,"q":1.0,"p":1100.0,"mot":"U","mo":3069.0},{"cn":"","ui":"","t":0.0,"r":0.0,"q":0.0,"p":0.0,"mot":"L","mo":0.0}]},{"d":"05.02.2016","r":4069.0,"q":1.0,"p":1100.0,"s":[{"ui":"3345402","t":4069.0,"r":4069.0,"q":1.0,"p":1100.0,"mot":"U","mo":4069.0},{"cn":"","ui":"","t":0.0,"r":0.0,"q":0.0,"p":0.0,"mot":"L","mo":0.0}]},{"d":"06.02.2016","r":5069.0,"q":1.0,"p":1100.0,"s":[{"ui":"3345402","t":5069.0,"r":5069.0,"q":1.0,"p":1100.0,"mot":"U","mo":5069.0},{"cn":"","ui":"","t":0.0,"r":0.0,"q":0.0,"p":0.0,"mot":"L","mo":0.0}]},{"d":"07.02.2016","r":6069.0,"q":1.0,"p":1100.0,"s":[{"ui":"3345402","t":6069.0,"r":6069.0,"q":1.0,"p":1100.0,"mot":"U","mo":6069.0},{"cn":"","ui":"","t":0.0,"r":0.0,"q":0.0,"p":0.0,"mot":"L","mo":0.0}]},{"d":"08.02.2016","r":7069.0,"q":1.0,"p":1100.0,"s":[{"ui":"3345402","t":7069.0,"r":7069.0,"q":1.0,"p":1100.0,"mot":"U","mo":7069.0},{"cn":"","ui":"","t":0.0,"r":0.0,"q":0.0,"p":0.0,"mot":"L","mo":0.0}]},{"d":"10.02.2016","r":9965.0,"q":1.7,"p":1100.0,"s":[{"ui":"3351023","t":10493.0,"r":9965.0,"q":1.7,"p":1100.0,"mot":"U","mo":9965.0},{"cn":"","ui":"","t":0.0,"r":0.0,"q":0.0,"p":0.0,"mot":"L","mo":0.0}]},{"d":"11.02.2016","r":19135.0,"q":1.71,"p":1100.0,"s":[{"ui":"3351023","t":19663.0,"r":19135.0,"q":1.71,"p":1100.0,"mot":"U","mo":19135.0},{"cn":"","ui":"","t":0.0,"r":0.0,"q":0.0,"p":0.0,"mot":"L","mo":0.0}]},{"d":"12.02.2016","r":27086.0,"q":1.6,"p":1100.0,"s":[{"ui":"3351023","t":27614.0,"r":27086.0,"q":1.6,"p":1100.0,"mot":"U","mo":27086.0},{"cn":"","ui":"","t":0.0,"r":0.0,"q":0.0,"p":0.0,"mot":"L","mo":0.0}]},{"d":"13.02.2016","r":31117.0,"q":1.51,"p":550.0,"s":[{"ui":"3351023","t":31645.0,"r":31117.0,"q":1.51,"p":550.0,"mot":"U","mo":31117.0},{"cn":"","ui":"","t":0.0,"r":0.0,"q":0.0,"p":0.0,"mot":"L","mo":0.0}]},{"d":"14.02.2016","r":32893.0,"q":1.48,"p":550.0,"s":[{"ui":"3351023","t":33421.0,"r":32893.0,"q":1.48,"p":550.0,"mot":"U","mo":32893.0},{"cn":"","ui":"","t":0.0,"r":0.0,"q":0.0,"p":0.0,"mot":"L","mo":0.0}]},{"d":"15.02.2016","r":34276.0,"q":1.45,"p":550.0,"s":[{"ui":"3351023","t":34804.0,"r":34276.0,"q":1.45,"p":550.0,"mot":"U","mo":34276.0},{"cn":"","ui":"","t":0.0,"r":0.0,"q":0.0,"p":0.0,"mot":"L","mo":0.0}]},{"d":"16.02.2016","r":35632.0,"q":1.43,"p":550.0,"s":[{"ui":"3351023","t":36160.0,"r":35632.0,"q":1.43,"p":550.0,"mot":"U","mo":35632.0},{"cn":"","ui":"","t":0.0,"r":0.0,"q":0.0,"p":0.0,"mot":"L","mo":0.0}]},{"d":"17.02.2016","r":36937.0,"q":1.41,"p":550.0,"s":[{"ui":"3351023","t":37465.0,"r":36937.0,"q":1.41,"p":550.0,"mot":"U","mo":36937.0},{"cn":"","ui":"","t":0.0,"r":0.0,"q":0.0,"p":0.0,"mot":"L","mo":0.0}]},{"d":"18.02.2016","r":38106.0,"q":1.39,"p":550.0,"s":[{"ui":"3351023","t":38634.0,"r":38106.0,"q":1.39,"p":550.0,"mot":"U","mo":38106.0},{"cn":"","ui":"","t":0.0,"r":0.0,"q":0.0,"p":0.0,"mot":"L","mo":0.0}]},{"d":"19.02.2016","r":39093.0,"q":1.37,"p":550.0,"s":[{"ui":"3351023","t":39621.0,"r":39093.0,"q":1.37,"p":550.0,"mot":"U","mo":39093.0},{"cn":"","ui":"","t":0.0,"r":0.0,"q":0.0,"p":0.0,"mot":"L","mo":0.0}]},{"d":"20.02.2016","r":40047.0,"q":1.36,"p":550.0,"s":[{"ui":"3351023","t":40575.0,"r":40047.0,"q":1.36,"p":550.0,"mot":"U","mo":40047.0},{"cn":"","ui":"","t":0.0,"r":0.0,"q":0.0,"p":0.0,"mot":"L","mo":0.0}]},{"d":"21.02.2016","r":41338.0,"q":1.34,"p":550.0,"s":[{"ui":"3351023","t":41866.0,"r":41338.0,"q":1.34,"p":550.0,"mot":"U","mo":41338.0},{"cn":"","ui":"","t":0.0,"r":0.0,"q":0.0,"p":0.0,"mot":"L","mo":0.0}]},{"d":"22.02.2016","r":42530.0,"q":1.33,"p":550.0,"s":[{"ui":"3351023","t":43058.0,"r":42530.0,"q":1.33,"p":550.0,"mot":"U","mo":42530.0},{"cn":"","ui":"","t":0.0,"r":0.0,"q":0.0,"p":0.0,"mot":"L","mo":0.0}]},{"d":"23.02.2016","r":43639.0,"q":1.32,"p":550.0,"s":[{"ui":"3351023","t":44167.0,"r":43639.0,"q":1.32,"p":550.0,"mot":"U","mo":43639.0},{"cn":"","ui":"","t":0.0,"r":0.0,"q":0.0,"p":0.0,"mot":"L","mo":0.0}]},{"d":"24.02.2016","r":44592.0,"q":1.31,"p":550.0,"s":[{"ui":"3351023","t":45120.0,"r":44592.0,"q":1.31,"p":550.0,"mot":"U","mo":44592.0},{"cn":"","ui":"","t":0.0,"r":0.0,"q":0.0,"p":0.0,"mot":"L","mo":0.0}]},{"d":"25.02.2016","r":45524.0,"q":1.3,"p":550.0,"s":[{"ui":"3351023","t":46052.0,"r":45524.0,"q":1.3,"p":550.0,"mot":"U","mo":45524.0},{"cn":"","ui":"","t":0.0,"r":0.0,"q":0.0,"p":0.0,"mot":"L","mo":0.0}]},{"d":"26.02.2016","r":46363.0,"q":1.29,"p":550.0,"s":[{"ui":"3351023","t":46891.0,"r":46363.0,"q":1.29,"p":550.0,"mot":"U","mo":46363.0},{"cn":"","ui":"","t":0.0,"r":0.0,"q":0.0,"p":0.0,"mot":"L","mo":0.0}]},{"d":"27.02.2016","r":47268.0,"q":1.28,"p":550.0,"s":[{"ui":"3351023","t":47796.0,"r":47268.0,"q":1.28,"p":550.0,"mot":"U","mo":47268.0},{"cn":"","ui":"","t":0.0,"r":0.0,"q":0.0,"p":0.0,"mot":"L","mo":0.0}]},{"d":"28.02.2016","r":48236.0,"q":1.27,"p":550.0,"s":[{"ui":"3351023","t":48764.0,"r":48236.0,"q":1.27,"p":550.0,"mot":"U","mo":48236.0},{"cn":"","ui":"","t":0.0,"r":0.0,"q":0.0,"p":0.0,"mot":"L","mo":0.0}]},{"d":"29.02.2016","r":49151.0,"q":1.26,"p":550.0,"s":[{"ui":"3351023","t":49679.0,"r":49151.0,"q":1.26,"p":550.0,"mot":"U","mo":49151.0},{"cn":"","ui":"","t":0.0,"r":0.0,"q":0.0,"p":0.0,"mot":"L","mo":0.0}]},{"d":"01.03.2016","r":50014.0,"q":1.26,"p":550.0,"s":[{"ui":"3351023","t":50542.0,"r":50014.0,"q":1.26,"p":550.0,"mot":"U","mo":50014.0},{"cn":"","ui":"","t":0.0,"r":0.0,"q":0.0,"p":0.0,"mot":"L","mo":0.0}]},{"d":"02.03.2016","r":50827.0,"q":1.25,"p":550.0,"s":[{"ui":"3351023","t":51355.0,"r":50827.0,"q":1.25,"p":550.0,"mot":"U","mo":50827.0},{"cn":"","ui":"","t":0.0,"r":0.0,"q":0.0,"p":0.0,"mot":"L","mo":0.0}]},{"d":"03.03.2016","r":51620.0,"q":1.24,"p":550.0,"s":[{"ui":"3351023","t":52148.0,"r":51620.0,"q":1.24,"p":550.0,"mot":"U","mo":51620.0},{"cn":"","ui":"","t":0.0,"r":0.0,"q":0.0,"p":0.0,"mot":"L","mo":0.0}]},{"d":"04.03.2016","r":52452.0,"q":1.24,"p":550.0,"s":[{"ui":"3351023","t":52980.0,"r":52452.0,"q":1.24,"p":550.0,"mot":"U","mo":52452.0},{"cn":"","ui":"","t":0.0,"r":0.0,"q":0.0,"p":0.0,"mot":"L","mo":0.0}]},{"d":"05.03.2016","r":53264.0,"q":1.23,"p":550.0,"s":[{"ui":"3351023","t":53792.0,"r":53264.0,"q":1.23,"p":550.0,"mot":"U","mo":53264.0},{"cn":"","ui":"","t":0.0,"r":0.0,"q":0.0,"p":0.0,"mot":"L","mo":0.0}]},{"d":"06.03.2016","r":53962.0,"q":1.23,"p":550.0,"s":[{"ui":"3351023","t":54490.0,"r":53962.0,"q":1.23,"p":550.0,"mot":"U","mo":53962.0},{"cn":"","ui":"","t":0.0,"r":0.0,"q":0.0,"p":0.0,"mot":"L","mo":0.0}]},{"d":"07.03.2016","r":54669.0,"q":1.22,"p":550.0,"s":[{"ui":"3351023","t":55197.0,"r":54669.0,"q":1.22,"p":550.0,"mot":"U","mo":54669.0},{"cn":"","ui":"","t":0.0,"r":0.0,"q":0.0,"p":0.0,"mot":"L","mo":0.0}]},{"d":"08.03.2016","r":55358.0,"q":1.22,"p":550.0,"s":[{"ui":"3351023","t":55886.0,"r":55358.0,"q":1.22,"p":550.0,"mot":"U","mo":55358.0},{"cn":"","ui":"","t":0.0,"r":0.0,"q":0.0,"p":0.0,"mot":"L","mo":0.0}]},{"d":"09.03.2016","r":56020.0,"q":1.21,"p":550.0,"s":[{"ui":"3351023","t":56548.0,"r":56020.0,"q":1.21,"p":550.0,"mot":"U","mo":56020.0},{"cn":"","ui":"","t":0.0,"r":0.0,"q":0.0,"p":0.0,"mot":"L","mo":0.0}]},{"d":"10.03.2016","r":56647.0,"q":1.21,"p":550.0,"s":[{"ui":"3351023","t":57175.0,"r":56647.0,"q":1.21,"p":550.0,"mot":"U","mo":56647.0},{"cn":"","ui":"","t":0.0,"r":0.0,"q":0.0,"p":0.0,"mot":"L","mo":0.0}]},{"d":"11.03.2016","r":57256.0,"q":1.2,"p":550.0,"s":[{"ui":"3351023","t":57784.0,"r":57256.0,"q":1.2,"p":550.0,"mot":"U","mo":57256.0},{"cn":"","ui":"","t":0.0,"r":0.0,"q":0.0,"p":0.0,"mot":"L","mo":0.0}]},{"d":"12.03.2016","r":57856.0,"q":1.2,"p":550.0,"s":[{"ui":"3351023","t":58384.0,"r":57856.0,"q":1.2,"p":550.0,"mot":"U","mo":57856.0},{"cn":"","ui":"","t":0.0,"r":0.0,"q":0.0,"p":0.0,"mot":"L","mo":0.0}]},{"d":"13.03.2016","r":58439.0,"q":1.2,"p":550.0,"s":[{"ui":"3351023","t":58967.0,"r":58439.0,"q":1.2,"p":550.0,"mot":"U","mo":58439.0},{"cn":"","ui":"","t":0.0,"r":0.0,"q":0.0,"p":0.0,"mot":"L","mo":0.0}]},{"d":"14.03.2016","r":58973.0,"q":1.19,"p":550.0,"s":[{"ui":"3351023","t":59501.0,"r":58973.0,"q":1.19,"p":550.0,"mot":"U","mo":58973.0},{"cn":"","ui":"","t":0.0,"r":0.0,"q":0.0,"p":0.0,"mot":"L","mo":0.0}]},{"d":"15.03.2016","r":59101.0,"q":1.19,"p":550.0,"s":[{"ui":"3351023","t":59897.0,"r":59101.0,"q":1.19,"p":550.0,"mot":"U","mo":59101.0},{"cn":"","ui":"","t":0.0,"r":0.0,"q":0.0,"p":0.0,"mot":"L","mo":0.0}]},{"d":"16.03.2016","r":59378.0,"q":1.19,"p":550.0,"s":[{"ui":"3351023","t":60174.0,"r":59378.0,"q":1.19,"p":550.0,"mot":"U","mo":59378.0},{"cn":"","ui":"","t":0.0,"r":0.0,"q":0.0,"p":0.0,"mot":"L","mo":0.0}]},{"d":"17.03.2016","r":59647.0,"q":1.18,"p":550.0,"s":[{"ui":"3351023","t":60443.0,"r":59647.0,"q":1.18,"p":550.0,"mot":"U","mo":59647.0},{"cn":"","ui":"","t":0.0,"r":0.0,"q":0.0,"p":0.0,"mot":"L","mo":0.0}]},{"d":"18.03.2016","r":59884.0,"q":1.18,"p":550.0,"s":[{"ui":"3351023","t":60680.0,"r":59884.0,"q":1.18,"p":550.0,"mot":"U","mo":59884.0},{"cn":"","ui":"","t":0.0,"r":0.0,"q":0.0,"p":0.0,"mot":"L","mo":0.0}]},{"d":"19.03.2016","r":60067.0,"q":1.18,"p":550.0,"s":[{"ui":"3351023","t":60863.0,"r":60067.0,"q":1.18,"p":550.0,"mot":"U","mo":60067.0},{"cn":"","ui":"","t":0.0,"r":0.0,"q":0.0,"p":0.0,"mot":"L","mo":0.0}]},{"d":"20.03.2016","r":60228.0,"q":1.17,"p":550.0,"s":[{"ui":"3351023","t":61024.0,"r":60228.0,"q":1.17,"p":550.0,"mot":"U","mo":60228.0},{"cn":"","ui":"","t":0.0,"r":0.0,"q":0.0,"p":0.0,"mot":"L","mo":0.0}]},{"d":"21.03.2016","r":60411.0,"q":1.17,"p":550.0,"s":[{"ui":"3351023","t":61207.0,"r":60411.0,"q":1.17,"p":550.0,"mot":"U","mo":60411.0},{"cn":"","ui":"","t":0.0,"r":0.0,"q":0.0,"p":0.0,"mot":"L","mo":0.0}]},{"d":"22.03.2016","r":60572.0,"q":1.17,"p":550.0,"s":[{"ui":"3351023","t":61368.0,"r":60572.0,"q":1.17,"p":550.0,"mot":"U","mo":60572.0},{"cn":"","ui":"","t":0.0,"r":0.0,"q":0.0,"p":0.0,"mot":"L","mo":0.0}]},{"d":"23.03.2016","r":60755.0,"q":1.17,"p":550.0,"s":[{"ui":"3351023","t":61551.0,"r":60755.0,"q":1.17,"p":550.0,"mot":"U","mo":60755.0},{"cn":"","ui":"","t":0.0,"r":0.0,"q":0.0,"p":0.0,"mot":"L","mo":0.0}]},{"d":"24.03.2016","r":60923.0,"q":1.16,"p":550.0,"s":[{"ui":"3351023","t":61719.0,"r":60923.0,"q":1.16,"p":550.0,"mot":"U","mo":60923.0},{"cn":"","ui":"","t":0.0,"r":0.0,"q":0.0,"p":0.0,"mot":"L","mo":0.0}]},{"d":"25.03.2016","r":61006.0,"q":1.16,"p":550.0,"s":[{"ui":"3351023","t":61802.0,"r":61006.0,"q":1.16,"p":550.0,"mot":"U","mo":61006.0},{"cn":"","ui":"","t":0.0,"r":0.0,"q":0.0,"p":0.0,"mot":"L","mo":0.0}]},{"d":"27.03.2016","r":61013.0,"q":1.16,"p":550.0,"s":[{"ui":"3351023","t":61809.0,"r":61013.0,"q":1.16,"p":550.0,"mot":"U","mo":61013.0},{"cn":"","ui":"","t":0.0,"r":0.0,"q":0.0,"p":0.0,"mot":"L","mo":0.0}]},{"d":"28.03.2016","r":61007.0,"q":1.16,"p":550.0,"s":[{"ui":"3351023","t":61803.0,"r":61007.0,"q":1.16,"p":550.0,"mot":"U","mo":61007.0},{"cn":"","ui":"","t":0.0,"r":0.0,"q":0.0,"p":0.0,"mot":"L","mo":0.0}]},{"d":"29.03.2016","r":60988.0,"q":1.16,"p":550.0,"s":[{"ui":"3351023","t":61784.0,"r":60988.0,"q":1.16,"p":550.0,"mot":"U","mo":60988.0},{"cn":"","ui":"","t":0.0,"r":0.0,"q":0.0,"p":0.0,"mot":"L","mo":0.0}]},{"d":"30.03.2016","r":60934.0,"q":1.16,"p":550.0,"s":[{"ui":"3351023","t":61730.0,"r":60934.0,"q":1.16,"p":550.0,"mot":"U","mo":60934.0},{"cn":"","ui":"","t":0.0,"r":0.0,"q":0.0,"p":0.0,"mot":"L","mo":0.0}]},{"d":"31.03.2016","r":60897.0,"q":1.16,"p":550.0,"s":[{"ui":"3351023","t":61693.0,"r":60897.0,"q":1.16,"p":550.0,"mot":"U","mo":60897.0},{"cn":"","ui":"","t":0.0,"r":0.0,"q":0.0,"p":0.0,"mot":"L","mo":0.0}]},{"d":"01.04.2016","r":60961.0,"q":1.16,"p":550.0,"s":[{"ui":"3351023","t":61757.0,"r":60961.0,"q":1.16,"p":550.0,"mot":"U","mo":60961.0},{"cn":"","ui":"","t":0.0,"r":0.0,"q":0.0,"p":0.0,"mot":"L","mo":0.0}]},{"d":"02.04.2016","r":61018.0,"q":1.16,"p":550.0,"s":[{"ui":"3351023","t":61814.0,"r":61018.0,"q":1.16,"p":550.0,"mot":"U","mo":61018.0},{"cn":"","ui":"","t":0.0,"r":0.0,"q":0.0,"p":0.0,"mot":"L","mo":0.0}]},{"d":"03.04.2016","r":61062.0,"q":1.16,"p":550.0,"s":[{"ui":"3351023","t":61858.0,"r":61062.0,"q":1.16,"p":550.0,"mot":"U","mo":61062.0},{"cn":"","ui":"","t":0.0,"r":0.0,"q":0.0,"p":0.0,"mot":"L","mo":0.0}]},{"d":"04.04.2016","r":61100.0,"q":1.16,"p":550.0,"s":[{"ui":"3351023","t":61896.0,"r":61100.0,"q":1.16,"p":550.0,"mot":"U","mo":61100.0},{"cn":"","ui":"","t":0.0,"r":0.0,"q":0.0,"p":0.0,"mot":"L","mo":0.0}]},{"d":"05.04.2016","r":61118.0,"q":1.16,"p":550.0,"s":[{"ui":"3351023","t":61914.0,"r":61118.0,"q":1.16,"p":550.0,"mot":"U","mo":61118.0},{"cn":"","ui":"","t":0.0,"r":0.0,"q":0.0,"p":0.0,"mot":"L","mo":0.0}]},{"d":"06.04.2016","r":61130.0,"q":1.16,"p":550.0,"s":[{"ui":"3351023","t":61926.0,"r":61130.0,"q":1.16,"p":550.0,"mot":"U","mo":61130.0},{"cn":"","ui":"","t":0.0,"r":0.0,"q":0.0,"p":0.0,"mot":"L","mo":0.0}]},{"d":"07.04.2016","r":61082.0,"q":1.16,"p":550.0,"s":[{"ui":"3351023","t":61878.0,"r":61082.0,"q":1.16,"p":550.0,"mot":"U","mo":61082.0},{"cn":"","ui":"","t":0.0,"r":0.0,"q":0.0,"p":0.0,"mot":"L","mo":0.0}]},{"d":"08.04.2016","r":61000.0,"q":1.16,"p":550.0,"s":[{"ui":"3351023","t":61796.0,"r":61000.0,"q":1.16,"p":550.0,"mot":"U","mo":61000.0},{"cn":"","ui":"","t":0.0,"r":0.0,"q":0.0,"p":0.0,"mot":"L","mo":0.0}]},{"d":"11.04.2016","r":60702.0,"q":1.16,"p":550.0,"s":[{"ui":"3351023","t":61498.0,"r":60702.0,"q":1.16,"p":550.0,"mot":"U","mo":60702.0},{"cn":"","ui":"","t":0.0,"r":0.0,"q":0.0,"p":0.0,"mot":"L","mo":0.0}]},{"d":"12.04.2016","r":60565.0,"q":1.16,"p":550.0,"s":[{"ui":"3351023","t":61361.0,"r":60565.0,"q":1.16,"p":550.0,"mot":"U","mo":60565.0},{"cn":"","ui":"","t":0.0,"r":0.0,"q":0.0,"p":0.0,"mot":"L","mo":0.0}]},{"d":"13.04.2016","r":60428.0,"q":1.16,"p":550.0,"s":[{"ui":"3351023","t":61224.0,"r":60428.0,"q":1.16,"p":550.0,"mot":"U","mo":60428.0},{"cn":"","ui":"","t":0.0,"r":0.0,"q":0.0,"p":0.0,"mot":"L","mo":0.0}]},{"d":"14.04.2016","r":60280.0,"q":1.16,"p":550.0,"s":[{"ui":"3351023","t":61076.0,"r":60280.0,"q":1.16,"p":550.0,"mot":"U","mo":60280.0},{"cn":"","ui":"","t":0.0,"r":0.0,"q":0.0,"p":0.0,"mot":"L","mo":0.0}]},{"d":"15.04.2016","r":60132.0,"q":1.16,"p":550.0,"s":[{"ui":"3351023","t":60928.0,"r":60132.0,"q":1.16,"p":550.0,"mot":"U","mo":60132.0},{"cn":"","ui":"","t":0.0,"r":0.0,"q":0.0,"p":0.0,"mot":"L","mo":0.0}]},{"d":"16.04.2016","r":60037.0,"q":1.16,"p":550.0,"s":[{"ui":"3351023","t":60833.0,"r":60037.0,"q":1.16,"p":550.0,"mot":"U","mo":60037.0},{"cn":"","ui":"","t":0.0,"r":0.0,"q":0.0,"p":0.0,"mot":"L","mo":0.0}]},{"d":"17.04.2016","r":59931.0,"q":1.16,"p":550.0,"s":[{"ui":"3351023","t":60727.0,"r":59931.0,"q":1.16,"p":550.0,"mot":"U","mo":59931.0},{"cn":"","ui":"","t":0.0,"r":0.0,"q":0.0,"p":0.0,"mot":"L","mo":0.0}]},{"d":"18.04.2016","r":59820.0,"q":1.16,"p":550.0,"s":[{"ui":"3351023","t":60616.0,"r":59820.0,"q":1.16,"p":550.0,"mot":"U","mo":59820.0},{"cn":"","ui":"","t":0.0,"r":0.0,"q":0.0,"p":0.0,"mot":"L","mo":0.0}]},{"d":"19.04.2016","r":59703.0,"q":1.16,"p":550.0,"s":[{"ui":"3351023","t":60499.0,"r":59703.0,"q":1.16,"p":550.0,"mot":"U","mo":59703.0},{"cn":"","ui":"","t":0.0,"r":0.0,"q":0.0,"p":0.0,"mot":"L","mo":0.0}]},{"d":"20.04.2016","r":59575.0,"q":1.16,"p":550.0,"s":[{"ui":"3351023","t":60371.0,"r":59575.0,"q":1.16,"p":550.0,"mot":"U","mo":59575.0},{"cn":"","ui":"","t":0.0,"r":0.0,"q":0.0,"p":0.0,"mot":"L","mo":0.0}]},{"d":"21.04.2016","r":59442.0,"q":1.16,"p":550.0,"s":[{"ui":"3351023","t":60238.0,"r":59442.0,"q":1.16,"p":550.0,"mot":"U","mo":59442.0},{"cn":"","ui":"","t":0.0,"r":0.0,"q":0.0,"p":0.0,"mot":"L","mo":0.0}]},{"d":"22.04.2016","r":59303.0,"q":1.16,"p":550.0,"s":[{"ui":"3351023","t":60099.0,"r":59303.0,"q":1.16,"p":550.0,"mot":"U","mo":59303.0},{"cn":"","ui":"","t":0.0,"r":0.0,"q":0.0,"p":0.0,"mot":"L","mo":0.0}]},{"d":"23.04.2016","r":59159.0,"q":1.16,"p":550.0,"s":[{"ui":"3351023","t":59955.0,"r":59159.0,"q":1.16,"p":550.0,"mot":"U","mo":59159.0},{"cn":"","ui":"","t":0.0,"r":0.0,"q":0.0,"p":0.0,"mot":"L","mo":0.0}]},{"d":"24.04.2016","r":59020.0,"q":1.16,"p":550.0,"s":[{"ui":"3351023","t":59816.0,"r":59020.0,"q":1.16,"p":550.0,"mot":"U","mo":59020.0},{"cn":"","ui":"","t":0.0,"r":0.0,"q":0.0,"p":0.0,"mot":"L","mo":0.0}]},{"d":"25.04.2016","r":58876.0,"q":1.16,"p":550.0,"s":[{"ui":"3351023","t":59672.0,"r":58876.0,"q":1.16,"p":550.0,"mot":"U","mo":58876.0},{"cn":"","ui":"","t":0.0,"r":0.0,"q":0.0,"p":0.0,"mot":"L","mo":0.0}]},{"d":"26.04.2016","r":58721.0,"q":1.16,"p":550.0,"s":[{"ui":"3351023","t":59517.0,"r":58721.0,"q":1.16,"p":550.0,"mot":"U","mo":58721.0},{"cn":"","ui":"","t":0.0,"r":0.0,"q":0.0,"p":0.0,"mot":"L","mo":0.0}]},{"d":"27.04.2016","r":58561.0,"q":1.16,"p":550.0,"s":[{"ui":"3351023","t":59357.0,"r":58561.0,"q":1.16,"p":550.0,"mot":"U","mo":58561.0},{"cn":"","ui":"","t":0.0,"r":0.0,"q":0.0,"p":0.0,"mot":"L","mo":0.0}]},{"d":"28.04.2016","r":58396.0,"q":1.16,"p":550.0,"s":[{"ui":"3351023","t":59192.0,"r":58396.0,"q":1.16,"p":550.0,"mot":"U","mo":58396.0},{"cn":"","ui":"","t":0.0,"r":0.0,"q":0.0,"p":0.0,"mot":"L","mo":0.0}]},{"d":"29.04.2016","r":58221.0,"q":1.16,"p":550.0,"s":[{"ui":"3351023","t":59017.0,"r":58221.0,"q":1.16,"p":550.0,"mot":"U","mo":58221.0},{"cn":"","ui":"","t":0.0,"r":0.0,"q":0.0,"p":0.0,"mot":"L","mo":0.0}]},{"d":"30.04.2016","r":58065.0,"q":1.16,"p":550.0,"s":[{"ui":"3351023","t":58861.0,"r":58065.0,"q":1.16,"p":550.0,"mot":"U","mo":58065.0},{"cn":"","ui":"","t":0.0,"r":0.0,"q":0.0,"p":0.0,"mot":"L","mo":0.0}]},{"d":"01.05.2016","r":57904.0,"q":1.16,"p":550.0,"s":[{"ui":"3351023","t":58700.0,"r":57904.0,"q":1.16,"p":550.0,"mot":"U","mo":57904.0},{"cn":"","ui":"","t":0.0,"r":0.0,"q":0.0,"p":0.0,"mot":"L","mo":0.0}]},{"d":"03.05.2016","r":57582.0,"q":1.16,"p":550.0,"s":[{"ui":"3351023","t":58378.0,"r":57582.0,"q":1.16,"p":550.0,"mot":"U","mo":57582.0},{"cn":"","ui":"","t":0.0,"r":0.0,"q":0.0,"p":0.0,"mot":"L","mo":0.0}]},{"d":"04.05.2016","r":57420.0,"q":1.16,"p":550.0,"s":[{"ui":"3351023","t":58216.0,"r":57420.0,"q":1.16,"p":550.0,"mot":"U","mo":57420.0},{"cn":"","ui":"","t":0.0,"r":0.0,"q":0.0,"p":0.0,"mot":"L","mo":0.0}]},{"d":"05.05.2016","r":57258.0,"q":1.16,"p":550.0,"s":[{"ui":"3351023","t":58054.0,"r":57258.0,"q":1.16,"p":550.0,"mot":"U","mo":57258.0},{"cn":"","ui":"","t":0.0,"r":0.0,"q":0.0,"p":0.0,"mot":"L","mo":0.0}]},{"d":"06.05.2016","r":57096.0,"q":1.16,"p":550.0,"s":[{"ui":"3351023","t":57892.0,"r":57096.0,"q":1.16,"p":550.0,"mot":"U","mo":57096.0},{"cn":"","ui":"","t":0.0,"r":0.0,"q":0.0,"p":0.0,"mot":"L","mo":0.0}]},{"d":"07.05.2016","r":56934.0,"q":1.16,"p":550.0,"s":[{"ui":"3351023","t":57730.0,"r":56934.0,"q":1.16,"p":550.0,"mot":"U","mo":56934.0},{"cn":"","ui":"","t":0.0,"r":0.0,"q":0.0,"p":0.0,"mot":"L","mo":0.0}]},{"d":"08.05.2016","r":56771.0,"q":1.16,"p":550.0,"s":[{"ui":"3351023","t":57567.0,"r":56771.0,"q":1.16,"p":550.0,"mot":"U","mo":56771.0},{"cn":"","ui":"","t":0.0,"r":0.0,"q":0.0,"p":0.0,"mot":"L","mo":0.0}]},{"d":"09.05.2016","r":56608.0,"q":1.16,"p":550.0,"s":[{"ui":"3351023","t":57404.0,"r":56608.0,"q":1.16,"p":550.0,"mot":"U","mo":56608.0},{"cn":"","ui":"","t":0.0,"r":0.0,"q":0.0,"p":0.0,"mot":"L","mo":0.0}]},{"d":"10.05.2016","r":56445.0,"q":1.16,"p":550.0,"s":[{"ui":"3351023","t":57241.0,"r":56445.0,"q":1.16,"p":550.0,"mot":"U","mo":56445.0},{"cn":"","ui":"","t":0.0,"r":0.0,"q":0.0,"p":0.0,"mot":"L","mo":0.0}]},{"d":"11.05.2016","r":56282.0,"q":1.16,"p":550.0,"s":[{"ui":"3351023","t":57078.0,"r":56282.0,"q":1.16,"p":550.0,"mot":"U","mo":56282.0},{"cn":"","ui":"","t":0.0,"r":0.0,"q":0.0,"p":0.0,"mot":"L","mo":0.0}]},{"d":"12.05.2016","r":56118.0,"q":1.16,"p":550.0,"s":[{"ui":"3351023","t":56914.0,"r":56118.0,"q":1.16,"p":550.0,"mot":"U","mo":56118.0},{"cn":"","ui":"","t":0.0,"r":0.0,"q":0.0,"p":0.0,"mot":"L","mo":0.0}]},{"d":"13.05.2016","r":55954.0,"q":1.16,"p":550.0,"s":[{"ui":"3351023","t":56750.0,"r":55954.0,"q":1.16,"p":550.0,"mot":"U","mo":55954.0},{"cn":"","ui":"","t":0.0,"r":0.0,"q":0.0,"p":0.0,"mot":"L","mo":0.0}]},{"d":"14.05.2016","r":55790.0,"q":1.16,"p":550.0,"s":[{"ui":"3351023","t":56586.0,"r":55790.0,"q":1.16,"p":550.0,"mot":"U","mo":55790.0},{"cn":"","ui":"","t":0.0,"r":0.0,"q":0.0,"p":0.0,"mot":"L","mo":0.0}]},{"d":"15.05.2016","r":55626.0,"q":1.16,"p":550.0,"s":[{"ui":"3351023","t":56422.0,"r":55626.0,"q":1.16,"p":550.0,"mot":"U","mo":55626.0},{"cn":"","ui":"","t":0.0,"r":0.0,"q":0.0,"p":0.0,"mot":"L","mo":0.0}]},{"d":"16.05.2016","r":55461.0,"q":1.16,"p":550.0,"s":[{"ui":"3351023","t":56257.0,"r":55461.0,"q":1.16,"p":550.0,"mot":"U","mo":55461.0},{"cn":"","ui":"","t":0.0,"r":0.0,"q":0.0,"p":0.0,"mot":"L","mo":0.0}]},{"d":"17.05.2016","r":55296.0,"q":1.16,"p":550.0,"s":[{"ui":"3351023","t":56092.0,"r":55296.0,"q":1.16,"p":550.0,"mot":"U","mo":55296.0},{"cn":"","ui":"","t":0.0,"r":0.0,"q":0.0,"p":0.0,"mot":"L","mo":0.0}]},{"d":"18.05.2016","r":55131.0,"q":1.16,"p":550.0,"s":[{"ui":"3351023","t":55927.0,"r":55131.0,"q":1.16,"p":550.0,"mot":"U","mo":55131.0},{"cn":"","ui":"","t":0.0,"r":0.0,"q":0.0,"p":0.0,"mot":"L","mo":0.0}]},{"d":"19.05.2016","r":54966.0,"q":1.16,"p":550.0,"s":[{"ui":"3351023","t":55762.0,"r":54966.0,"q":1.16,"p":550.0,"mot":"U","mo":54966.0},{"cn":"","ui":"","t":0.0,"r":0.0,"q":0.0,"p":0.0,"mot":"L","mo":0.0}]},{"d":"20.05.2016","r":54800.0,"q":1.16,"p":550.0,"s":[{"ui":"3351023","t":55596.0,"r":54800.0,"q":1.16,"p":550.0,"mot":"U","mo":54800.0},{"cn":"","ui":"","t":0.0,"r":0.0,"q":0.0,"p":0.0,"mot":"L","mo":0.0}]},{"d":"21.05.2016","r":54634.0,"q":1.16,"p":550.0,"s":[{"ui":"3351023","t":55430.0,"r":54634.0,"q":1.16,"p":550.0,"mot":"U","mo":54634.0},{"cn":"","ui":"","t":0.0,"r":0.0,"q":0.0,"p":0.0,"mot":"L","mo":0.0}]},{"d":"22.05.2016","r":54468.0,"q":1.16,"p":550.0,"s":[{"ui":"3351023","t":55264.0,"r":54468.0,"q":1.16,"p":550.0,"mot":"U","mo":54468.0},{"cn":"","ui":"","t":0.0,"r":0.0,"q":0.0,"p":0.0,"mot":"L","mo":0.0}]},{"d":"23.05.2016","r":54301.0,"q":1.16,"p":550.0,"s":[{"ui":"3351023","t":55097.0,"r":54301.0,"q":1.16,"p":550.0,"mot":"U","mo":54301.0},{"cn":"","ui":"","t":0.0,"r":0.0,"q":0.0,"p":0.0,"mot":"L","mo":0.0}]},{"d":"24.05.2016","r":54134.0,"q":1.16,"p":550.0,"s":[{"ui":"3351023","t":54930.0,"r":54134.0,"q":1.16,"p":550.0,"mot":"U","mo":54134.0},{"cn":"","ui":"","t":0.0,"r":0.0,"q":0.0,"p":0.0,"mot":"L","mo":0.0}]},{"d":"25.05.2016","r":53967.0,"q":1.16,"p":550.0,"s":[{"ui":"3351023","t":54763.0,"r":53967.0,"q":1.16,"p":550.0,"mot":"U","mo":53967.0},{"cn":"","ui":"","t":0.0,"r":0.0,"q":0.0,"p":0.0,"mot":"L","mo":0.0}]},{"d":"26.05.2016","r":53800.0,"q":1.16,"p":550.0,"s":[{"ui":"3351023","t":54596.0,"r":53800.0,"q":1.16,"p":550.0,"mot":"U","mo":53800.0},{"cn":"","ui":"","t":0.0,"r":0.0,"q":0.0,"p":0.0,"mot":"L","mo":0.0}]},{"d":"27.05.2016","r":53637.0,"q":1.16,"p":550.0,"s":[{"ui":"3351023","t":54433.0,"r":53637.0,"q":1.16,"p":550.0,"mot":"U","mo":53637.0},{"cn":"","ui":"","t":0.0,"r":0.0,"q":0.0,"p":0.0,"mot":"L","mo":0.0}]},{"d":"28.05.2016","r":53474.0,"q":1.16,"p":550.0,"s":[{"ui":"3351023","t":54270.0,"r":53474.0,"q":1.16,"p":550.0,"mot":"U","mo":53474.0},{"cn":"","ui":"","t":0.0,"r":0.0,"q":0.0,"p":0.0,"mot":"L","mo":0.0}]},{"d":"29.05.2016","r":53311.0,"q":1.16,"p":550.0,"s":[{"ui":"3351023","t":54107.0,"r":53311.0,"q":1.16,"p":550.0,"mot":"U","mo":53311.0},{"cn":"","ui":"","t":0.0,"r":0.0,"q":0.0,"p":0.0,"mot":"L","mo":0.0}]},{"d":"31.05.2016","r":53004.0,"q":1.16,"p":550.0,"s":[{"ui":"3351023","t":53800.0,"r":53004.0,"q":1.16,"p":550.0,"mot":"U","mo":53004.0},{"cn":"","ui":"","t":0.0,"r":0.0,"q":0.0,"p":0.0,"mot":"L","mo":0.0}]},{"d":"01.06.2016","r":52806.0,"q":1.16,"p":550.0,"s":[{"ui":"3351023","t":53602.0,"r":52806.0,"q":1.16,"p":550.0,"mot":"U","mo":52806.0},{"cn":"","ui":"","t":0.0,"r":0.0,"q":0.0,"p":0.0,"mot":"L","mo":0.0}]},{"d":"02.06.2016","r":52642.0,"q":1.16,"p":550.0,"s":[{"ui":"3351023","t":53438.0,"r":52642.0,"q":1.16,"p":550.0,"mot":"U","mo":52642.0},{"cn":"","ui":"","t":0.0,"r":0.0,"q":0.0,"p":0.0,"mot":"L","mo":0.0}]},{"d":"03.06.2016","r":52488.0,"q":1.16,"p":550.0,"s":[{"ui":"3351023","t":53284.0,"r":52488.0,"q":1.16,"p":550.0,"mot":"U","mo":52488.0},{"cn":"","ui":"","t":0.0,"r":0.0,"q":0.0,"p":0.0,"mot":"L","mo":0.0}]},{"d":"04.06.2016","r":52344.0,"q":1.16,"p":550.0,"s":[{"ui":"3351023","t":53140.0,"r":52344.0,"q":1.16,"p":550.0,"mot":"U","mo":52344.0},{"cn":"","ui":"","t":0.0,"r":0.0,"q":0.0,"p":0.0,"mot":"L","mo":0.0}]},{"d":"05.06.2016","r":52205.0,"q":1.16,"p":550.0,"s":[{"ui":"3351023","t":53001.0,"r":52205.0,"q":1.16,"p":550.0,"mot":"U","mo":52205.0},{"cn":"","ui":"","t":0.0,"r":0.0,"q":0.0,"p":0.0,"mot":"L","mo":0.0}]},{"d":"06.06.2016","r":52065.0,"q":1.16,"p":550.0,"s":[{"ui":"3351023","t":52861.0,"r":52065.0,"q":1.16,"p":550.0,"mot":"U","mo":52065.0},{"cn":"","ui":"","t":0.0,"r":0.0,"q":0.0,"p":0.0,"mot":"L","mo":0.0}]},{"d":"07.06.2016","r":51925.0,"q":1.16,"p":550.0,"s":[{"ui":"3351023","t":52721.0,"r":51925.0,"q":1.16,"p":550.0,"mot":"U","mo":51925.0},{"cn":"","ui":"","t":0.0,"r":0.0,"q":0.0,"p":0.0,"mot":"L","mo":0.0}]},{"d":"08.06.2016","r":51785.0,"q":1.16,"p":550.0,"s":[{"ui":"3351023","t":52581.0,"r":51785.0,"q":1.16,"p":550.0,"mot":"U","mo":51785.0},{"cn":"","ui":"","t":0.0,"r":0.0,"q":0.0,"p":0.0,"mot":"L","mo":0.0}]},{"d":"09.06.2016","r":51644.0,"q":1.16,"p":550.0,"s":[{"ui":"3351023","t":52440.0,"r":51644.0,"q":1.16,"p":550.0,"mot":"U","mo":51644.0},{"cn":"","ui":"","t":0.0,"r":0.0,"q":0.0,"p":0.0,"mot":"L","mo":0.0}]},{"d":"10.06.2016","r":51498.0,"q":1.16,"p":550.0,"s":[{"ui":"3351023","t":52294.0,"r":51498.0,"q":1.16,"p":550.0,"mot":"U","mo":51498.0},{"cn":"","ui":"","t":0.0,"r":0.0,"q":0.0,"p":0.0,"mot":"L","mo":0.0}]},{"d":"11.06.2016","r":51348.0,"q":1.16,"p":550.0,"s":[{"ui":"3351023","t":52146.0,"r":51348.0,"q":1.16,"p":550.0,"mot":"U","mo":51348.0},{"cn":"","ui":"","t":0.0,"r":0.0,"q":0.0,"p":0.0,"mot":"L","mo":0.0}]},{"d":"12.06.2016","r":51204.0,"q":1.16,"p":550.0,"s":[{"ui":"3351023","t":52000.0,"r":51204.0,"q":1.16,"p":550.0,"mot":"U","mo":51204.0},{"cn":"","ui":"","t":0.0,"r":0.0,"q":0.0,"p":0.0,"mot":"L","mo":0.0}]},{"d":"13.06.2016","r":51057.0,"q":1.16,"p":550.0,"s":[{"ui":"3351023","t":51853.0,"r":51057.0,"q":1.16,"p":550.0,"mot":"U","mo":51057.0},{"cn":"","ui":"","t":0.0,"r":0.0,"q":0.0,"p":0.0,"mot":"L","mo":0.0}]},{"d":"14.06.2016","r":50910.0,"q":1.16,"p":550.0,"s":[{"ui":"3351023","t":51706.0,"r":50910.0,"q":1.16,"p":550.0,"mot":"U","mo":50910.0},{"cn":"","ui":"","t":0.0,"r":0.0,"q":0.0,"p":0.0,"mot":"L","mo":0.0}]},{"d":"15.06.2016","r":50753.0,"q":1.16,"p":550.0,"s":[{"ui":"3351023","t":51549.0,"r":50753.0,"q":1.16,"p":550.0,"mot":"U","mo":50753.0},{"cn":"","ui":"","t":0.0,"r":0.0,"q":0.0,"p":0.0,"mot":"L","mo":0.0}]},{"d":"16.06.2016","r":50595.0,"q":1.16,"p":550.0,"s":[{"ui":"3351023","t":51391.0,"r":50595.0,"q":1.16,"p":550.0,"mot":"U","mo":50595.0},{"cn":"","ui":"","t":0.0,"r":0.0,"q":0.0,"p":0.0,"mot":"L","mo":0.0}]},{"d":"17.06.2016","r":50437.0,"q":1.16,"p":550.0,"s":[{"ui":"3351023","t":51233.0,"r":50437.0,"q":1.16,"p":550.0,"mot":"U","mo":50437.0},{"cn":"","ui":"","t":0.0,"r":0.0,"q":0.0,"p":0.0,"mot":"L","mo":0.0}]},{"d":"18.06.2016","r":50279.0,"q":1.16,"p":550.0,"s":[{"ui":"3351023","t":51075.0,"r":50279.0,"q":1.16,"p":550.0,"mot":"U","mo":50279.0},{"cn":"","ui":"","t":0.0,"r":0.0,"q":0.0,"p":0.0,"mot":"L","mo":0.0}]},{"d":"19.06.2016","r":50115.0,"q":1.16,"p":550.0,"s":[{"ui":"3351023","t":50911.0,"r":50115.0,"q":1.16,"p":550.0,"mot":"U","mo":50115.0},{"cn":"","ui":"","t":0.0,"r":0.0,"q":0.0,"p":0.0,"mot":"L","mo":0.0}]},{"d":"20.06.2016","r":49951.0,"q":1.16,"p":550.0,"s":[{"ui":"3351023","t":50747.0,"r":49951.0,"q":1.16,"p":550.0,"mot":"U","mo":49951.0},{"cn":"","ui":"","t":0.0,"r":0.0,"q":0.0,"p":0.0,"mot":"L","mo":0.0}]},{"d":"21.06.2016","r":49787.0,"q":1.16,"p":550.0,"s":[{"ui":"3351023","t":50583.0,"r":49787.0,"q":1.16,"p":550.0,"mot":"U","mo":49787.0},{"cn":"","ui":"","t":0.0,"r":0.0,"q":0.0,"p":0.0,"mot":"L","mo":0.0}]},{"d":"22.06.2016","r":49623.0,"q":1.16,"p":550.0,"s":[{"ui":"3351023","t":50419.0,"r":49623.0,"q":1.16,"p":550.0,"mot":"U","mo":49623.0},{"cn":"","ui":"","t":0.0,"r":0.0,"q":0.0,"p":0.0,"mot":"L","mo":0.0}]},{"d":"23.06.2016","r":49458.0,"q":1.16,"p":550.0,"s":[{"ui":"3351023","t":50254.0,"r":49458.0,"q":1.16,"p":550.0,"mot":"U","mo":49458.0},{"cn":"","ui":"","t":0.0,"r":0.0,"q":0.0,"p":0.0,"mot":"L","mo":0.0}]},{"d":"24.06.2016","r":49293.0,"q":1.16,"p":550.0,"s":[{"ui":"3351023","t":50089.0,"r":49293.0,"q":1.16,"p":550.0,"mot":"U","mo":49293.0},{"cn":"","ui":"","t":0.0,"r":0.0,"q":0.0,"p":0.0,"mot":"L","mo":0.0}]},{"d":"25.06.2016","r":49128.0,"q":1.16,"p":550.0,"s":[{"ui":"3351023","t":49924.0,"r":49128.0,"q":1.16,"p":550.0,"mot":"U","mo":49128.0},{"cn":"","ui":"","t":0.0,"r":0.0,"q":0.0,"p":0.0,"mot":"L","mo":0.0}]},{"d":"26.06.2016","r":48963.0,"q":1.15,"p":550.0,"s":[{"ui":"3351023","t":49759.0,"r":48963.0,"q":1.15,"p":550.0,"mot":"U","mo":48963.0},{"cn":"","ui":"","t":0.0,"r":0.0,"q":0.0,"p":0.0,"mot":"L","mo":0.0}]},{"d":"27.06.2016","r":48797.0,"q":1.15,"p":550.0,"s":[{"ui":"3351023","t":49593.0,"r":48797.0,"q":1.15,"p":550.0,"mot":"U","mo":48797.0},{"cn":"","ui":"","t":0.0,"r":0.0,"q":0.0,"p":0.0,"mot":"L","mo":0.0}]},{"d":"28.06.2016","r":48631.0,"q":1.15,"p":550.0,"s":[{"ui":"3351023","t":49427.0,"r":48631.0,"q":1.15,"p":550.0,"mot":"U","mo":48631.0},{"cn":"","ui":"","t":0.0,"r":0.0,"q":0.0,"p":0.0,"mot":"L","mo":0.0}]},{"d":"29.06.2016","r":48465.0,"q":1.15,"p":550.0,"s":[{"ui":"3351023","t":49261.0,"r":48465.0,"q":1.15,"p":550.0,"mot":"U","mo":48465.0},{"cn":"","ui":"","t":0.0,"r":0.0,"q":0.0,"p":0.0,"mot":"L","mo":0.0}]},{"d":"30.06.2016","r":48299.0,"q":1.15,"p":550.0,"s":[{"ui":"3351023","t":49095.0,"r":48299.0,"q":1.15,"p":550.0,"mot":"U","mo":48299.0},{"cn":"","ui":"","t":0.0,"r":0.0,"q":0.0,"p":0.0,"mot":"L","mo":0.0}]},{"d":"01.07.2016","r":48132.0,"q":1.14,"p":550.0,"s":[{"ui":"3351023","t":48928.0,"r":48132.0,"q":1.14,"p":550.0,"mot":"U","mo":48132.0},{"cn":"","ui":"","t":0.0,"r":0.0,"q":0.0,"p":0.0,"mot":"L","mo":0.0}]},{"d":"02.07.2016","r":47965.0,"q":1.14,"p":550.0,"s":[{"ui":"3351023","t":48761.0,"r":47965.0,"q":1.14,"p":550.0,"mot":"U","mo":47965.0},{"cn":"","ui":"","t":0.0,"r":0.0,"q":0.0,"p":0.0,"mot":"L","mo":0.0}]},{"d":"03.07.2016","r":47798.0,"q":1.14,"p":550.0,"s":[{"ui":"3351023","t":48594.0,"r":47798.0,"q":1.14,"p":550.0,"mot":"U","mo":47798.0},{"cn":"","ui":"","t":0.0,"r":0.0,"q":0.0,"p":0.0,"mot":"L","mo":0.0}]},{"d":"04.07.2016","r":47626.0,"q":1.14,"p":550.0,"s":[{"ui":"3351023","t":48422.0,"r":47626.0,"q":1.14,"p":550.0,"mot":"U","mo":47626.0},{"cn":"","ui":"","t":0.0,"r":0.0,"q":0.0,"p":0.0,"mot":"L","mo":0.0}]},{"d":"05.07.2016","r":47453.0,"q":1.14,"p":550.0,"s":[{"ui":"3351023","t":48249.0,"r":47453.0,"q":1.14,"p":550.0,"mot":"U","mo":47453.0},{"cn":"","ui":"","t":0.0,"r":0.0,"q":0.0,"p":0.0,"mot":"L","mo":0.0}]},{"d":"06.07.2016","r":47280.0,"q":1.14,"p":550.0,"s":[{"ui":"3351023","t":48076.0,"r":47280.0,"q":1.14,"p":550.0,"mot":"U","mo":47280.0},{"cn":"","ui":"","t":0.0,"r":0.0,"q":0.0,"p":0.0,"mot":"L","mo":0.0}]},{"d":"07.07.2016","r":47107.0,"q":1.13,"p":550.0,"s":[{"ui":"3351023","t":47903.0,"r":47107.0,"q":1.13,"p":550.0,"mot":"U","mo":47107.0},{"cn":"","ui":"","t":0.0,"r":0.0,"q":0.0,"p":0.0,"mot":"L","mo":0.0}]},{"d":"08.07.2016","r":46934.0,"q":1.13,"p":550.0,"s":[{"ui":"3351023","t":47730.0,"r":46934.0,"q":1.13,"p":550.0,"mot":"U","mo":46934.0},{"cn":"","ui":"","t":0.0,"r":0.0,"q":0.0,"p":0.0,"mot":"L","mo":0.0}]},{"d":"09.07.2016","r":46760.0,"q":1.13,"p":550.0,"s":[{"ui":"3351023","t":47556.0,"r":46760.0,"q":1.13,"p":550.0,"mot":"U","mo":46760.0},{"cn":"","ui":"","t":0.0,"r":0.0,"q":0.0,"p":0.0,"mot":"L","mo":0.0}]},{"d":"10.07.2016","r":46586.0,"q":1.13,"p":550.0,"s":[{"ui":"3351023","t":47382.0,"r":46586.0,"q":1.13,"p":550.0,"mot":"U","mo":46586.0},{"cn":"","ui":"","t":0.0,"r":0.0,"q":0.0,"p":0.0,"mot":"L","mo":0.0}]},{"d":"11.07.2016","r":46412.0,"q":1.13,"p":550.0,"s":[{"ui":"3351023","t":47208.0,"r":46412.0,"q":1.13,"p":550.0,"mot":"U","mo":46412.0},{"cn":"","ui":"","t":0.0,"r":0.0,"q":0.0,"p":0.0,"mot":"L","mo":0.0}]},{"d":"12.07.2016","r":46238.0,"q":1.13,"p":550.0,"s":[{"ui":"3351023","t":47034.0,"r":46238.0,"q":1.13,"p":550.0,"mot":"U","mo":46238.0},{"cn":"","ui":"","t":0.0,"r":0.0,"q":0.0,"p":0.0,"mot":"L","mo":0.0}]},{"d":"13.07.2016","r":46054.0,"q":1.12,"p":550.0,"s":[{"ui":"3351023","t":46852.0,"r":46054.0,"q":1.12,"p":550.0,"mot":"U","mo":46054.0},{"cn":"","ui":"","t":0.0,"r":0.0,"q":0.0,"p":0.0,"mot":"L","mo":0.0}]},{"d":"14.07.2016","r":45872.0,"q":1.12,"p":550.0,"s":[{"ui":"3351023","t":46670.0,"r":45872.0,"q":1.12,"p":550.0,"mot":"U","mo":45872.0},{"cn":"","ui":"","t":0.0,"r":0.0,"q":0.0,"p":0.0,"mot":"L","mo":0.0}]},{"d":"15.07.2016","r":45690.0,"q":1.12,"p":550.0,"s":[{"ui":"3351023","t":46488.0,"r":45690.0,"q":1.12,"p":550.0,"mot":"U","mo":45690.0},{"cn":"","ui":"","t":0.0,"r":0.0,"q":0.0,"p":0.0,"mot":"L","mo":0.0}]},{"d":"16.07.2016","r":45412.0,"q":1.12,"p":550.0,"s":[{"ui":"3351023","t":46258.0,"r":45412.0,"q":1.12,"p":550.0,"mot":"U","mo":45412.0},{"cn":"","ui":"","t":0.0,"r":0.0,"q":0.0,"p":0.0,"mot":"L","mo":0.0}]},{"d":"18.07.2016","r":44950.0,"q":1.12,"p":550.0,"s":[{"ui":"3351023","t":45796.0,"r":44950.0,"q":1.12,"p":550.0,"mot":"U","mo":44950.0},{"cn":"","ui":"","t":0.0,"r":0.0,"q":0.0,"p":0.0,"mot":"L","mo":0.0}]},{"d":"19.07.2016","r":44719.0,"q":1.11,"p":550.0,"s":[{"ui":"3351023","t":45565.0,"r":44719.0,"q":1.11,"p":550.0,"mot":"U","mo":44719.0},{"cn":"","ui":"","t":0.0,"r":0.0,"q":0.0,"p":0.0,"mot":"L","mo":0.0}]},{"d":"22.07.2016","r":2409.0,"q":1.09,"p":550.0,"s":[{"ui":"3351023","t":4560.0,"r":2409.0,"q":1.09,"p":550.0,"mot":"U","mo":2409.0},{"cn":"","ui":"","t":0.0,"r":0.0,"q":0.0,"p":0.0,"mot":"L","mo":0.0}]},{"d":"25.07.2016","r":7514.0,"q":1.0,"p":1100.0,"s":[{"ui":"3345402","t":7514.0,"r":7514.0,"q":1.0,"p":1100.0,"mot":"U","mo":7514.0},{"cn":"","ui":"","t":0.0,"r":0.0,"q":0.0,"p":0.0,"mot":"L","mo":0.0}]},{"d":"11.08.2016","r":7504.0,"q":1.0,"p":1100.0,"s":[{"ui":"3345402","t":7509.0,"r":7504.0,"q":1.0,"p":1100.0,"mot":"U","mo":7504.0},{"cn":"","ui":"","t":0.0,"r":0.0,"q":0.0,"p":0.0,"mot":"L","mo":0.0}]},{"d":"12.08.2016","r":7499.0,"q":1.0,"p":1100.0,"s":[{"ui":"3345402","t":7504.0,"r":7499.0,"q":1.0,"p":1100.0,"mot":"U","mo":7499.0},{"cn":"","ui":"","t":0.0,"r":0.0,"q":0.0,"p":0.0,"mot":"L","mo":0.0}]},{"d":"13.08.2016","r":7404.0,"q":1.0,"p":1100.0,"s":[{"ui":"3345402","t":7454.0,"r":7404.0,"q":1.0,"p":1100.0,"mot":"U","mo":7404.0},{"cn":"","ui":"","t":0.0,"r":0.0,"q":0.0,"p":0.0,"mot":"L","mo":0.0}]},{"d":"14.08.2016","r":7354.0,"q":1.0,"p":1100.0,"s":[{"ui":"3345402","t":7404.0,"r":7354.0,"q":1.0,"p":1100.0,"mot":"U","mo":7354.0},{"cn":"","ui":"","t":0.0,"r":0.0,"q":0.0,"p":0.0,"mot":"L","mo":0.0}]},{"d":"15.08.2016","r":7304.0,"q":1.0,"p":1100.0,"s":[{"ui":"3345402","t":7354.0,"r":7304.0,"q":1.0,"p":1100.0,"mot":"U","mo":7304.0},{"cn":"","ui":"","t":0.0,"r":0.0,"q":0.0,"p":0.0,"mot":"L","mo":0.0}]},{"d":"16.08.2016","r":7254.0,"q":1.0,"p":1100.0,"s":[{"ui":"3345402","t":7304.0,"r":7254.0,"q":1.0,"p":1100.0,"mot":"U","mo":7254.0},{"cn":"","ui":"","t":0.0,"r":0.0,"q":0.0,"p":0.0,"mot":"L","mo":0.0}]},{"d":"17.08.2016","r":7090.0,"q":1.0,"p":1100.0,"s":[{"ui":"3345402","t":7197.0,"r":7090.0,"q":1.0,"p":1100.0,"mot":"U","mo":7090.0},{"cn":"","ui":"","t":0.0,"r":0.0,"q":0.0,"p":0.0,"mot":"L","mo":0.0}]},{"d":"18.08.2016","r":6983.0,"q":1.0,"p":1100.0,"s":[{"ui":"3345402","t":7090.0,"r":6983.0,"q":1.0,"p":1100.0,"mot":"U","mo":6983.0},{"cn":"","ui":"","t":0.0,"r":0.0,"q":0.0,"p":0.0,"mot":"L","mo":0.0}]},{"d":"19.08.2016","r":6286.0,"q":1.0,"p":1100.0,"s":[{"ui":"3345402","t":6688.0,"r":6286.0,"q":1.0,"p":1100.0,"mot":"U","mo":6286.0},{"cn":"","ui":"","t":0.0,"r":0.0,"q":0.0,"p":0.0,"mot":"L","mo":0.0}]},{"d":"20.08.2016","r":5788.0,"q":1.0,"p":1100.0,"s":[{"ui":"3345402","t":6238.0,"r":5788.0,"q":1.0,"p":1100.0,"mot":"U","mo":5788.0},{"cn":"","ui":"","t":0.0,"r":0.0,"q":0.0,"p":0.0,"mot":"L","mo":0.0}]},{"d":"21.08.2016","r":5338.0,"q":1.0,"p":1100.0,"s":[{"ui":"3345402","t":5788.0,"r":5338.0,"q":1.0,"p":1100.0,"mot":"U","mo":5338.0},{"cn":"","ui":"","t":0.0,"r":0.0,"q":0.0,"p":0.0,"mot":"L","mo":0.0}]},{"d":"22.08.2016","r":4888.0,"q":1.0,"p":1100.0,"s":[{"ui":"3345402","t":5338.0,"r":4888.0,"q":1.0,"p":1100.0,"mot":"U","mo":4888.0},{"cn":"","ui":"","t":0.0,"r":0.0,"q":0.0,"p":0.0,"mot":"L","mo":0.0}]},{"d":"23.08.2016","r":4438.0,"q":1.0,"p":1100.0,"s":[{"ui":"3345402","t":4888.0,"r":4438.0,"q":1.0,"p":1100.0,"mot":"U","mo":4438.0},{"cn":"","ui":"","t":0.0,"r":0.0,"q":0.0,"p":0.0,"mot":"L","mo":0.0}]},{"d":"24.08.2016","r":3988.0,"q":1.0,"p":1100.0,"s":[{"ui":"3345402","t":4438.0,"r":3988.0,"q":1.0,"p":1100.0,"mot":"U","mo":3988.0},{"cn":"","ui":"","t":0.0,"r":0.0,"q":0.0,"p":0.0,"mot":"L","mo":0.0}]},{"d":"25.08.2016","r":3538.0,"q":1.0,"p":1100.0,"s":[{"ui":"3345402","t":3988.0,"r":3538.0,"q":1.0,"p":1100.0,"mot":"U","mo":3538.0},{"cn":"","ui":"","t":0.0,"r":0.0,"q":0.0,"p":0.0,"mot":"L","mo":0.0}]},{"d":"26.08.2016","r":3088.0,"q":1.0,"p":1100.0,"s":[{"ui":"3345402","t":3538.0,"r":3088.0,"q":1.0,"p":1100.0,"mot":"U","mo":3088.0},{"cn":"","ui":"","t":0.0,"r":0.0,"q":0.0,"p":0.0,"mot":"L","mo":0.0}]},{"d":"27.08.2016","r":2638.0,"q":1.0,"p":1100.0,"s":[{"ui":"3345402","t":3088.0,"r":2638.0,"q":1.0,"p":1100.0,"mot":"U","mo":2638.0},{"cn":"","ui":"","t":0.0,"r":0.0,"q":0.0,"p":0.0,"mot":"L","mo":0.0}]},{"d":"28.08.2016","r":2188.0,"q":1.0,"p":1100.0,"s":[{"ui":"3345402","t":2638.0,"r":2188.0,"q":1.0,"p":1100.0,"mot":"U","mo":2188.0},{"cn":"","ui":"","t":0.0,"r":0.0,"q":0.0,"p":0.0,"mot":"L","mo":0.0}]},{"d":"29.08.2016","r":1738.0,"q":1.0,"p":1100.0,"s":[{"ui":"3345402","t":2188.0,"r":1738.0,"q":1.0,"p":1100.0,"mot":"U","mo":1738.0},{"cn":"","ui":"","t":0.0,"r":0.0,"q":0.0,"p":0.0,"mot":"L","mo":0.0}]},{"d":"30.08.2016","r":1288.0,"q":1.0,"p":1100.0,"s":[{"ui":"3345402","t":1738.0,"r":1288.0,"q":1.0,"p":1100.0,"mot":"U","mo":1288.0},{"cn":"","ui":"","t":0.0,"r":0.0,"q":0.0,"p":0.0,"mot":"L","mo":0.0}]},{"d":"31.08.2016","r":838.0,"q":1.0,"p":1100.0,"s":[{"ui":"3345402","t":1288.0,"r":838.0,"q":1.0,"p":1100.0,"mot":"U","mo":838.0},{"cn":"","ui":"","t":0.0,"r":0.0,"q":0.0,"p":0.0,"mot":"L","mo":0.0}]},{"d":"01.09.2016","r":388.0,"q":1.0,"p":1100.0,"s":[{"ui":"3345402","t":838.0,"r":388.0,"q":1.0,"p":1100.0,"mot":"U","mo":388.0},{"cn":"","ui":"","t":0.0,"r":0.0,"q":0.0,"p":0.0,"mot":"L","mo":0.0}]},{"d":"30.10.2016","r":80.0,"q":9.82,"p":728.0,"s":[{"ui":"3205358","t":80.0,"r":80.0,"q":9.82,"p":728.0,"mot":"U","mo":80.0},{"cn":"","ui":"","t":0.0,"r":0.0,"q":0.0,"p":0.0,"mot":"L","mo":0.0}]},{"d":"31.10.2016","r":120.0,"q":9.82,"p":728.0,"s":[{"ui":"3205358","t":120.0,"r":120.0,"q":9.82,"p":728.0,"mot":"U","mo":120.0},{"cn":"","ui":"","t":0.0,"r":0.0,"q":0.0,"p":0.0,"mot":"L","mo":0.0}]},{"d":"01.11.2016","r":160.0,"q":9.82,"p":728.0,"s":[{"ui":"3205358","t":160.0,"r":160.0,"q":9.82,"p":728.0,"mot":"U","mo":160.0},{"cn":"","ui":"","t":0.0,"r":0.0,"q":0.0,"p":0.0,"mot":"L","mo":0.0}]},{"d":"04.11.2016","r":240.0,"q":9.83,"p":1480.99,"s":[{"ui":"3611753","t":240.0,"r":240.0,"q":9.83,"p":1480.99,"mot":"U","mo":240.0},{"cn":"","ui":"","t":0.0,"r":0.0,"q":0.0,"p":0.0,"mot":"L","mo":0.0}]},{"d":"05.11.2016","r":280.0,"q":9.83,"p":1480.99,"s":[{"ui":"3611753","t":280.0,"r":280.0,"q":9.83,"p":1480.99,"mot":"U","mo":280.0},{"cn":"","ui":"","t":0.0,"r":0.0,"q":0.0,"p":0.0,"mot":"L","mo":0.0}]},{"d":"06.11.2016","r":320.0,"q":9.83,"p":1480.99,"s":[{"ui":"3611753","t":320.0,"r":320.0,"q":9.83,"p":1480.99,"mot":"U","mo":320.0},{"cn":"","ui":"","t":0.0,"r":0.0,"q":0.0,"p":0.0,"mot":"L","mo":0.0}]},{"d":"07.11.2016","r":360.0,"q":9.83,"p":1480.99,"s":[{"ui":"3611753","t":360.0,"r":360.0,"q":9.83,"p":1480.99,"mot":"U","mo":360.0},{"cn":"","ui":"","t":0.0,"r":0.0,"q":0.0,"p":0.0,"mot":"L","mo":0.0}]},{"d":"08.11.2016","r":400.0,"q":9.83,"p":1480.99,"s":[{"ui":"3611753","t":400.0,"r":400.0,"q":9.83,"p":1480.99,"mot":"U","mo":400.0},{"cn":"","ui":"","t":0.0,"r":0.0,"q":0.0,"p":0.0,"mot":"L","mo":0.0}]},{"d":"13.11.2016","r":400.0,"q":9.83,"p":1000.99,"s":[{"ui":"3611753","t":400.0,"r":400.0,"q":9.83,"p":1000.99,"mot":"U","mo":400.0},{"cn":"","ui":"","t":0.0,"r":0.0,"q":0.0,"p":0.0,"mot":"L","mo":0.0}]},{"d":"20.11.2016","r":400.0,"q":9.83,"p":985.99,"s":[{"ui":"3611753","t":400.0,"r":400.0,"q":9.83,"p":985.99,"mot":"U","mo":400.0},{"cn":"","ui":"","t":0.0,"r":0.0,"q":0.0,"p":0.0,"mot":"L","mo":0.0}]},{"d":"14.12.2016","r":80.0,"q":9.96,"p":728.0,"s":[{"ui":"3205358","t":80.0,"r":80.0,"q":9.96,"p":728.0,"mot":"U","mo":80.0},{"cn":"","ui":"","t":0.0,"r":0.0,"q":0.0,"p":0.0,"mot":"L","mo":0.0}]},{"d":"15.12.2016","r":120.0,"q":9.97,"p":728.0,"s":[{"ui":"3205358","t":120.0,"r":120.0,"q":9.97,"p":728.0,"mot":"U","mo":120.0},{"cn":"","ui":"","t":0.0,"r":0.0,"q":0.0,"p":0.0,"mot":"L","mo":0.0}]},{"d":"16.12.2016","r":160.0,"q":9.97,"p":728.0,"s":[{"ui":"3205358","t":160.0,"r":160.0,"q":9.97,"p":728.0,"mot":"U","mo":160.0},{"cn":"","ui":"","t":0.0,"r":0.0,"q":0.0,"p":0.0,"mot":"L","mo":0.0}]},{"d":"17.12.2016","r":200.0,"q":9.98,"p":728.0,"s":[{"ui":"3205358","t":200.0,"r":200.0,"q":9.98,"p":728.0,"mot":"U","mo":200.0},{"cn":"","ui":"","t":0.0,"r":0.0,"q":0.0,"p":0.0,"mot":"L","mo":0.0}]},{"d":"18.12.2016","r":240.0,"q":9.98,"p":728.0,"s":[{"ui":"3205358","t":240.0,"r":240.0,"q":9.98,"p":728.0,"mot":"U","mo":240.0},{"cn":"","ui":"","t":0.0,"r":0.0,"q":0.0,"p":0.0,"mot":"L","mo":0.0}]},{"d":"19.12.2016","r":280.0,"q":9.99,"p":728.0,"s":[{"ui":"3205358","t":280.0,"r":280.0,"q":9.99,"p":728.0,"mot":"U","mo":280.0},{"cn":"","ui":"","t":0.0,"r":0.0,"q":0.0,"p":0.0,"mot":"L","mo":0.0}]},{"d":"20.12.2016","r":320.0,"q":9.99,"p":728.0,"s":[{"ui":"3205358","t":320.0,"r":320.0,"q":9.99,"p":728.0,"mot":"U","mo":320.0},{"cn":"","ui":"","t":0.0,"r":0.0,"q":0.0,"p":0.0,"mot":"L","mo":0.0}]},{"d":"21.12.2016","r":360.0,"q":10.0,"p":728.0,"s":[{"ui":"3205358","t":360.0,"r":360.0,"q":10.0,"p":728.0,"mot":"U","mo":360.0},{"cn":"","ui":"","t":0.0,"r":0.0,"q":0.0,"p":0.0,"mot":"L","mo":0.0}]},{"d":"22.12.2016","r":400.0,"q":10.01,"p":721.0,"s":[{"ui":"3205358","t":400.0,"r":400.0,"q":10.01,"p":721.0,"mot":"U","mo":400.0},{"cn":"","ui":"","t":0.0,"r":0.0,"q":0.0,"p":0.0,"mot":"L","mo":0.0}]},{"d":"23.12.2016","r":440.0,"q":10.01,"p":721.0,"s":[{"ui":"3205358","t":440.0,"r":440.0,"q":10.01,"p":721.0,"mot":"U","mo":440.0},{"cn":"","ui":"","t":0.0,"r":0.0,"q":0.0,"p":0.0,"mot":"L","mo":0.0}]},{"d":"24.12.2016","r":480.0,"q":10.02,"p":721.0,"s":[{"ui":"3205358","t":480.0,"r":480.0,"q":10.02,"p":721.0,"mot":"U","mo":480.0},{"cn":"","ui":"","t":0.0,"r":0.0,"q":0.0,"p":0.0,"mot":"L","mo":0.0}]},{"d":"25.12.2016","r":520.0,"q":10.03,"p":721.0,"s":[{"ui":"3205358","t":520.0,"r":520.0,"q":10.03,"p":721.0,"mot":"U","mo":520.0},{"cn":"","ui":"","t":0.0,"r":0.0,"q":0.0,"p":0.0,"mot":"L","mo":0.0}]},{"d":"26.12.2016","r":560.0,"q":10.03,"p":721.0,"s":[{"ui":"3205358","t":560.0,"r":560.0,"q":10.03,"p":721.0,"mot":"U","mo":560.0},{"cn":"","ui":"","t":0.0,"r":0.0,"q":0.0,"p":0.0,"mot":"L","mo":0.0}]},{"d":"27.12.2016","r":600.0,"q":10.04,"p":721.0,"s":[{"ui":"3205358","t":600.0,"r":600.0,"q":10.04,"p":721.0,"mot":"U","mo":600.0},{"cn":"","ui":"","t":0.0,"r":0.0,"q":0.0,"p":0.0,"mot":"L","mo":0.0}]},{"d":"28.12.2016","r":640.0,"q":10.05,"p":721.0,"s":[{"ui":"3205358","t":640.0,"r":640.0,"q":10.05,"p":721.0,"mot":"U","mo":640.0},{"cn":"","ui":"","t":0.0,"r":0.0,"q":0.0,"p":0.0,"mot":"L","mo":0.0}]},{"d":"29.12.2016","r":680.0,"q":10.06,"p":721.0,"s":[{"ui":"3205358","t":680.0,"r":680.0,"q":10.06,"p":721.0,"mot":"U","mo":680.0},{"cn":"","ui":"","t":0.0,"r":0.0,"q":0.0,"p":0.0,"mot":"L","mo":0.0}]},{"d":"30.12.2016","r":720.0,"q":10.07,"p":721.0,"s":[{"ui":"3205358","t":720.0,"r":720.0,"q":10.07,"p":721.0,"mot":"U","mo":720.0},{"cn":"","ui":"","t":0.0,"r":0.0,"q":0.0,"p":0.0,"mot":"L","mo":0.0}]},{"d":"31.12.2016","r":760.0,"q":10.08,"p":721.0,"s":[{"ui":"3205358","t":760.0,"r":760.0,"q":10.08,"p":721.0,"mot":"U","mo":760.0},{"cn":"","ui":"","t":0.0,"r":0.0,"q":0.0,"p":0.0,"mot":"L","mo":0.0}]},{"d":"01.01.2017","r":800.0,"q":10.09,"p":721.0,"s":[{"ui":"3205358","t":800.0,"r":800.0,"q":10.09,"p":721.0,"mot":"U","mo":800.0},{"cn":"","ui":"","t":0.0,"r":0.0,"q":0.0,"p":0.0,"mot":"L","mo":0.0}]},{"d":"02.01.2017","r":840.0,"q":10.1,"p":721.0,"s":[{"ui":"3205358","t":840.0,"r":840.0,"q":10.1,"p":721.0,"mot":"U","mo":840.0},{"cn":"","ui":"","t":0.0,"r":0.0,"q":0.0,"p":0.0,"mot":"L","mo":0.0}]},{"d":"03.01.2017","r":880.0,"q":10.11,"p":721.0,"s":[{"ui":"3205358","t":880.0,"r":880.0,"q":10.11,"p":721.0,"mot":"U","mo":880.0},{"cn":"","ui":"","t":0.0,"r":0.0,"q":0.0,"p":0.0,"mot":"L","mo":0.0}]},{"d":"04.01.2017","r":920.0,"q":10.12,"p":721.0,"s":[{"ui":"3205358","t":920.0,"r":920.0,"q":10.12,"p":721.0,"mot":"U","mo":920.0},{"cn":"","ui":"","t":0.0,"r":0.0,"q":0.0,"p":0.0,"mot":"L","mo":0.0}]},{"d":"05.01.2017","r":960.0,"q":10.13,"p":721.0,"s":[{"ui":"3205358","t":960.0,"r":960.0,"q":10.13,"p":721.0,"mot":"U","mo":960.0},{"cn":"","ui":"","t":0.0,"r":0.0,"q":0.0,"p":0.0,"mot":"L","mo":0.0}]},{"d":"06.01.2017","r":1000.0,"q":10.14,"p":721.0,"s":[{"ui":"3205358","t":1000.0,"r":1000.0,"q":10.14,"p":721.0,"mot":"U","mo":1000.0},{"cn":"","ui":"","t":0.0,"r":0.0,"q":0.0,"p":0.0,"mot":"L","mo":0.0}]},{"d":"07.01.2017","r":1040.0,"q":10.15,"p":721.0,"s":[{"ui":"3205358","t":1040.0,"r":1040.0,"q":10.15,"p":721.0,"mot":"U","mo":1040.0},{"cn":"","ui":"","t":0.0,"r":0.0,"q":0.0,"p":0.0,"mot":"L","mo":0.0}]},{"d":"08.01.2017","r":1080.0,"q":10.16,"p":721.0,"s":[{"ui":"3205358","t":1080.0,"r":1080.0,"q":10.16,"p":721.0,"mot":"U","mo":1080.0},{"cn":"","ui":"","t":0.0,"r":0.0,"q":0.0,"p":0.0,"mot":"L","mo":0.0}]},{"d":"09.01.2017","r":1120.0,"q":10.17,"p":714.0,"s":[{"ui":"3205358","t":1120.0,"r":1120.0,"q":10.17,"p":714.0,"mot":"U","mo":1120.0},{"cn":"","ui":"","t":0.0,"r":0.0,"q":0.0,"p":0.0,"mot":"L","mo":0.0}]},{"d":"10.01.2017","r":1160.0,"q":10.18,"p":714.0,"s":[{"ui":"3205358","t":1160.0,"r":1160.0,"q":10.18,"p":714.0,"mot":"U","mo":1160.0},{"cn":"","ui":"","t":0.0,"r":0.0,"q":0.0,"p":0.0,"mot":"L","mo":0.0}]},{"d":"11.01.2017","r":1200.0,"q":10.19,"p":714.0,"s":[{"ui":"3205358","t":1200.0,"r":1200.0,"q":10.19,"p":714.0,"mot":"U","mo":1200.0},{"cn":"","ui":"","t":0.0,"r":0.0,"q":0.0,"p":0.0,"mot":"L","mo":0.0}]},{"d":"12.01.2017","r":1240.0,"q":10.2,"p":714.0,"s":[{"ui":"3205358","t":1240.0,"r":1240.0,"q":10.2,"p":714.0,"mot":"U","mo":1240.0},{"cn":"","ui":"","t":0.0,"r":0.0,"q":0.0,"p":0.0,"mot":"L","mo":0.0}]},{"d":"13.01.2017","r":1280.0,"q":10.21,"p":714.0,"s":[{"ui":"3205358","t":1280.0,"r":1280.0,"q":10.21,"p":714.0,"mot":"U","mo":1280.0},{"cn":"","ui":"","t":0.0,"r":0.0,"q":0.0,"p":0.0,"mot":"L","mo":0.0}]},{"d":"14.01.2017","r":1320.0,"q":10.22,"p":714.0,"s":[{"ui":"3205358","t":1320.0,"r":1320.0,"q":10.22,"p":714.0,"mot":"U","mo":1320.0},{"cn":"","ui":"","t":0.0,"r":0.0,"q":0.0,"p":0.0,"mot":"L","mo":0.0}]},{"d":"15.01.2017","r":1360.0,"q":10.23,"p":714.0,"s":[{"ui":"3205358","t":1360.0,"r":1360.0,"q":10.23,"p":714.0,"mot":"U","mo":1360.0},{"cn":"","ui":"","t":0.0,"r":0.0,"q":0.0,"p":0.0,"mot":"L","mo":0.0}]},{"d":"16.01.2017","r":1400.0,"q":10.23,"p":714.0,"s":[{"ui":"3205358","t":1400.0,"r":1400.0,"q":10.23,"p":714.0,"mot":"U","mo":1400.0},{"cn":"","ui":"","t":0.0,"r":0.0,"q":0.0,"p":0.0,"mot":"L","mo":0.0}]},{"d":"17.01.2017","r":1440.0,"q":10.24,"p":714.0,"s":[{"ui":"3205358","t":1440.0,"r":1440.0,"q":10.24,"p":714.0,"mot":"U","mo":1440.0},{"cn":"","ui":"","t":0.0,"r":0.0,"q":0.0,"p":0.0,"mot":"L","mo":0.0}]},{"d":"18.01.2017","r":1480.0,"q":10.25,"p":714.0,"s":[{"ui":"3205358","t":1480.0,"r":1480.0,"q":10.25,"p":714.0,"mot":"U","mo":1480.0},{"cn":"","ui":"","t":0.0,"r":0.0,"q":0.0,"p":0.0,"mot":"L","mo":0.0}]},{"d":"19.01.2017","r":1520.0,"q":10.26,"p":714.0,"s":[{"ui":"3205358","t":1520.0,"r":1520.0,"q":10.26,"p":714.0,"mot":"U","mo":1520.0},{"cn":"","ui":"","t":0.0,"r":0.0,"q":0.0,"p":0.0,"mot":"L","mo":0.0}]},{"d":"20.01.2017","r":1560.0,"q":10.27,"p":714.0,"s":[{"ui":"3205358","t":1560.0,"r":1560.0,"q":10.27,"p":714.0,"mot":"U","mo":1560.0},{"cn":"","ui":"","t":0.0,"r":0.0,"q":0.0,"p":0.0,"mot":"L","mo":0.0}]},{"d":"21.01.2017","r":1600.0,"q":10.27,"p":714.0,"s":[{"ui":"3205358","t":1600.0,"r":1600.0,"q":10.27,"p":714.0,"mot":"U","mo":1600.0},{"cn":"","ui":"","t":0.0,"r":0.0,"q":0.0,"p":0.0,"mot":"L","mo":0.0}]},{"d":"22.01.2017","r":1640.0,"q":10.28,"p":714.0,"s":[{"ui":"3205358","t":1640.0,"r":1640.0,"q":10.28,"p":714.0,"mot":"U","mo":1640.0},{"cn":"","ui":"","t":0.0,"r":0.0,"q":0.0,"p":0.0,"mot":"L","mo":0.0}]},{"d":"23.01.2017","r":1680.0,"q":10.29,"p":714.0,"s":[{"ui":"3205358","t":1680.0,"r":1680.0,"q":10.29,"p":714.0,"mot":"U","mo":1680.0},{"cn":"","ui":"","t":0.0,"r":0.0,"q":0.0,"p":0.0,"mot":"L","mo":0.0}]},{"d":"24.01.2017","r":1720.0,"q":10.29,"p":714.0,"s":[{"ui":"3205358","t":1720.0,"r":1720.0,"q":10.29,"p":714.0,"mot":"U","mo":1720.0},{"cn":"","ui":"","t":0.0,"r":0.0,"q":0.0,"p":0.0,"mot":"L","mo":0.0}]},{"d":"25.01.2017","r":1760.0,"q":10.3,"p":714.0,"s":[{"ui":"3205358","t":1760.0,"r":1760.0,"q":10.3,"p":714.0,"mot":"U","mo":1760.0},{"cn":"","ui":"","t":0.0,"r":0.0,"q":0.0,"p":0.0,"mot":"L","mo":0.0}]},{"d":"26.01.2017","r":1800.0,"q":10.31,"p":714.0,"s":[{"ui":"3205358","t":1800.0,"r":1800.0,"q":10.31,"p":714.0,"mot":"U","mo":1800.0},{"cn":"","ui":"","t":0.0,"r":0.0,"q":0.0,"p":0.0,"mot":"L","mo":0.0}]},{"d":"27.01.2017","r":1840.0,"q":10.31,"p":714.0,"s":[{"ui":"3205358","t":1840.0,"r":1840.0,"q":10.31,"p":714.0,"mot":"U","mo":1840.0},{"cn":"","ui":"","t":0.0,"r":0.0,"q":0.0,"p":0.0,"mot":"L","mo":0.0}]},{"d":"28.01.2017","r":1870.0,"q":10.32,"p":714.0,"s":[{"ui":"3205358","t":1875.0,"r":1870.0,"q":10.32,"p":714.0,"mot":"U","mo":1870.0},{"cn":"","ui":"","t":0.0,"r":0.0,"q":0.0,"p":0.0,"mot":"L","mo":0.0}]},{"d":"29.01.2017","r":1890.0,"q":10.33,"p":714.0,"s":[{"ui":"3205358","t":1900.0,"r":1890.0,"q":10.33,"p":714.0,"mot":"U","mo":1890.0},{"cn":"","ui":"","t":0.0,"r":0.0,"q":0.0,"p":0.0,"mot":"L","mo":0.0}]},{"d":"30.01.2017","r":1940.0,"q":10.33,"p":714.0,"s":[{"ui":"3205358","t":1940.0,"r":1940.0,"q":10.33,"p":714.0,"mot":"U","mo":1940.0},{"cn":"","ui":"","t":0.0,"r":0.0,"q":0.0,"p":0.0,"mot":"L","mo":0.0}]},{"d":"31.01.2017","r":1980.0,"q":10.34,"p":707.0,"s":[{"ui":"3205358","t":1980.0,"r":1980.0,"q":10.34,"p":707.0,"mot":"U","mo":1980.0},{"cn":"","ui":"","t":0.0,"r":0.0,"q":0.0,"p":0.0,"mot":"L","mo":0.0}]},{"d":"01.02.2017","r":2020.0,"q":10.34,"p":707.0,"s":[{"ui":"3205358","t":2020.0,"r":2020.0,"q":10.34,"p":707.0,"mot":"U","mo":2020.0},{"cn":"","ui":"","t":0.0,"r":0.0,"q":0.0,"p":0.0,"mot":"L","mo":0.0}]},{"d":"02.02.2017","r":2060.0,"q":10.35,"p":707.0,"s":[{"ui":"3205358","t":2060.0,"r":2060.0,"q":10.35,"p":707.0,"mot":"U","mo":2060.0},{"cn":"","ui":"","t":0.0,"r":0.0,"q":0.0,"p":0.0,"mot":"L","mo":0.0}]},{"d":"03.02.2017","r":2100.0,"q":10.36,"p":707.0,"s":[{"ui":"3205358","t":2100.0,"r":2100.0,"q":10.36,"p":707.0,"mot":"U","mo":2100.0},{"cn":"","ui":"","t":0.0,"r":0.0,"q":0.0,"p":0.0,"mot":"L","mo":0.0}]},{"d":"04.02.2017","r":2140.0,"q":10.36,"p":707.0,"s":[{"ui":"3205358","t":2140.0,"r":2140.0,"q":10.36,"p":707.0,"mot":"U","mo":2140.0},{"cn":"","ui":"","t":0.0,"r":0.0,"q":0.0,"p":0.0,"mot":"L","mo":0.0}]},{"d":"05.02.2017","r":2180.0,"q":10.37,"p":707.0,"s":[{"ui":"3205358","t":2180.0,"r":2180.0,"q":10.37,"p":707.0,"mot":"U","mo":2180.0},{"cn":"","ui":"","t":0.0,"r":0.0,"q":0.0,"p":0.0,"mot":"L","mo":0.0}]},{"d":"06.02.2017","r":2220.0,"q":10.37,"p":707.0,"s":[{"ui":"3205358","t":2220.0,"r":2220.0,"q":10.37,"p":707.0,"mot":"U","mo":2220.0},{"cn":"","ui":"","t":0.0,"r":0.0,"q":0.0,"p":0.0,"mot":"L","mo":0.0}]},{"d":"07.02.2017","r":2260.0,"q":10.38,"p":707.0,"s":[{"ui":"3205358","t":2260.0,"r":2260.0,"q":10.38,"p":707.0,"mot":"U","mo":2260.0},{"cn":"","ui":"","t":0.0,"r":0.0,"q":0.0,"p":0.0,"mot":"L","mo":0.0}]},{"d":"08.02.2017","r":2300.0,"q":10.38,"p":707.0,"s":[{"ui":"3205358","t":2300.0,"r":2300.0,"q":10.38,"p":707.0,"mot":"U","mo":2300.0},{"cn":"","ui":"","t":0.0,"r":0.0,"q":0.0,"p":0.0,"mot":"L","mo":0.0}]},{"d":"09.02.2017","r":2340.0,"q":10.39,"p":707.0,"s":[{"ui":"3205358","t":2340.0,"r":2340.0,"q":10.39,"p":707.0,"mot":"U","mo":2340.0},{"cn":"","ui":"","t":0.0,"r":0.0,"q":0.0,"p":0.0,"mot":"L","mo":0.0}]},{"d":"10.02.2017","r":2380.0,"q":10.39,"p":707.0,"s":[{"ui":"3205358","t":2380.0,"r":2380.0,"q":10.39,"p":707.0,"mot":"U","mo":2380.0},{"cn":"","ui":"","t":0.0,"r":0.0,"q":0.0,"p":0.0,"mot":"L","mo":0.0}]},{"d":"11.02.2017","r":2420.0,"q":10.4,"p":707.0,"s":[{"ui":"3205358","t":2420.0,"r":2420.0,"q":10.4,"p":707.0,"mot":"U","mo":2420.0},{"cn":"","ui":"","t":0.0,"r":0.0,"q":0.0,"p":0.0,"mot":"L","mo":0.0}]},{"d":"12.02.2017","r":2460.0,"q":10.4,"p":707.0,"s":[{"ui":"3205358","t":2460.0,"r":2460.0,"q":10.4,"p":707.0,"mot":"U","mo":2460.0},{"cn":"","ui":"","t":0.0,"r":0.0,"q":0.0,"p":0.0,"mot":"L","mo":0.0}]},{"d":"13.02.2017","r":2420.0,"q":10.4,"p":707.0,"s":[{"ui":"3205358","t":2460.0,"r":2420.0,"q":10.4,"p":707.0,"mot":"U","mo":2420.0},{"cn":"","ui":"","t":0.0,"r":0.0,"q":0.0,"p":0.0,"mot":"L","mo":0.0}]},{"d":"14.02.2017","r":2420.0,"q":10.41,"p":707.0,"s":[{"ui":"3205358","t":2460.0,"r":2420.0,"q":10.41,"p":707.0,"mot":"U","mo":2420.0},{"cn":"","ui":"","t":0.0,"r":0.0,"q":0.0,"p":0.0,"mot":"L","mo":0.0}]},{"d":"16.02.2017","r":2420.0,"q":10.42,"p":707.0,"s":[{"ui":"3205358","t":2460.0,"r":2420.0,"q":10.42,"p":707.0,"mot":"U","mo":2420.0},{"cn":"","ui":"","t":0.0,"r":0.0,"q":0.0,"p":0.0,"mot":"L","mo":0.0}]},{"d":"17.02.2017","r":2420.0,"q":10.42,"p":700.0,"s":[{"ui":"3205358","t":2460.0,"r":2420.0,"q":10.42,"p":700.0,"mot":"U","mo":2420.0},{"cn":"","ui":"","t":0.0,"r":0.0,"q":0.0,"p":0.0,"mot":"L","mo":0.0}]},{"d":"18.02.2017","r":2420.0,"q":10.43,"p":700.0,"s":[{"ui":"3205358","t":2460.0,"r":2420.0,"q":10.43,"p":700.0,"mot":"U","mo":2420.0},{"cn":"","ui":"","t":0.0,"r":0.0,"q":0.0,"p":0.0,"mot":"L","mo":0.0}]},{"d":"20.02.2017","r":2420.0,"q":10.44,"p":700.0,"s":[{"ui":"3205358","t":2460.0,"r":2420.0,"q":10.44,"p":700.0,"mot":"U","mo":2420.0},{"cn":"","ui":"","t":0.0,"r":0.0,"q":0.0,"p":0.0,"mot":"L","mo":0.0}]},{"d":"23.02.2017","r":2360.0,"q":10.45,"p":700.0,"s":[{"ui":"3205358","t":2430.0,"r":2360.0,"q":10.45,"p":700.0,"mot":"U","mo":2360.0},{"cn":"","ui":"","t":0.0,"r":0.0,"q":0.0,"p":0.0,"mot":"L","mo":0.0}]},{"d":"24.02.2017","r":2330.0,"q":10.45,"p":700.0,"s":[{"ui":"3205358","t":2400.0,"r":2330.0,"q":10.45,"p":700.0,"mot":"U","mo":2330.0},{"cn":"","ui":"","t":0.0,"r":0.0,"q":0.0,"p":0.0,"mot":"L","mo":0.0}]},{"d":"25.02.2017","r":2300.0,"q":10.46,"p":700.0,"s":[{"ui":"3205358","t":2370.0,"r":2300.0,"q":10.46,"p":700.0,"mot":"U","mo":2300.0},{"cn":"","ui":"","t":0.0,"r":0.0,"q":0.0,"p":0.0,"mot":"L","mo":0.0}]},{"d":"26.02.2017","r":2350.0,"q":10.46,"p":700.0,"s":[{"ui":"3205358","t":2380.0,"r":2350.0,"q":10.46,"p":700.0,"mot":"U","mo":2350.0},{"cn":"","ui":"","t":0.0,"r":0.0,"q":0.0,"p":0.0,"mot":"L","mo":0.0}]},{"d":"27.02.2017","r":2300.0,"q":10.47,"p":700.0,"s":[{"ui":"3205358","t":2360.0,"r":2300.0,"q":10.47,"p":700.0,"mot":"U","mo":2300.0},{"cn":"","ui":"","t":0.0,"r":0.0,"q":0.0,"p":0.0,"mot":"L","mo":0.0}]},{"d":"28.02.2017","r":2280.0,"q":10.47,"p":700.0,"s":[{"ui":"3205358","t":2340.0,"r":2280.0,"q":10.47,"p":700.0,"mot":"U","mo":2280.0},{"cn":"","ui":"","t":0.0,"r":0.0,"q":0.0,"p":0.0,"mot":"L","mo":0.0}]},{"d":"01.03.2017","r":2260.0,"q":10.48,"p":700.0,"s":[{"ui":"3205358","t":2320.0,"r":2260.0,"q":10.48,"p":700.0,"mot":"U","mo":2260.0},{"cn":"","ui":"","t":0.0,"r":0.0,"q":0.0,"p":0.0,"mot":"L","mo":0.0}]},{"d":"02.03.2017","r":2220.0,"q":10.48,"p":700.0,"s":[{"ui":"3205358","t":2290.0,"r":2220.0,"q":10.48,"p":700.0,"mot":"U","mo":2220.0},{"cn":"","ui":"","t":0.0,"r":0.0,"q":0.0,"p":0.0,"mot":"L","mo":0.0}]},{"d":"03.03.2017","r":2190.0,"q":10.48,"p":700.0,"s":[{"cn":"Ackermann Industries International","ui":"3205358","t":2260.0,"r":2190.0,"q":10.48,"p":700.0,"mot":"U","mo":2190.0},{"cn":"","ui":"","t":0.0,"r":0.0,"q":0.0,"p":0.0,"mot":"L","mo":0.0}]},{"d":"04.03.2017","r":2160.0,"q":10.49,"p":700.0,"s":[{"cn":"Ackermann Industries International","ui":"3205358","t":2230.0,"r":2160.0,"q":10.49,"p":700.0,"mot":"U","mo":2160.0},{"cn":"","ui":"","t":0.0,"r":0.0,"q":0.0,"p":0.0,"mot":"L","mo":0.0}]},{"d":"05.03.2017","r":2130.0,"q":10.49,"p":700.0,"s":[{"cn":"Ackermann Industries International","ui":"3205358","t":2200.0,"r":2130.0,"q":10.49,"p":700.0,"mot":"U","mo":2130.0},{"cn":"","ui":"","t":0.0,"r":0.0,"q":0.0,"p":0.0,"mot":"L","mo":0.0}]},{"d":"06.03.2017","r":2100.0,"q":10.5,"p":700.0,"s":[{"cn":"Ackermann Industries International","ui":"3205358","t":2170.0,"r":2100.0,"q":10.5,"p":700.0,"mot":"U","mo":2100.0},{"cn":"","ui":"","t":0.0,"r":0.0,"q":0.0,"p":0.0,"mot":"L","mo":0.0}]},{"d":"07.03.2017","r":2070.0,"q":10.5,"p":700.0,"s":[{"cn":"Ackermann Industries International","ui":"3205358","t":2140.0,"r":2070.0,"q":10.5,"p":700.0,"mot":"U","mo":2070.0},{"cn":"","ui":"","t":0.0,"r":0.0,"q":0.0,"p":0.0,"mot":"L","mo":0.0}]},{"d":"08.03.2017","r":2040.0,"q":10.51,"p":700.0,"s":[{"cn":"Ackermann Industries International","ui":"3205358","t":2110.0,"r":2040.0,"q":10.51,"p":700.0,"mot":"U","mo":2040.0},{"cn":"","ui":"","t":0.0,"r":0.0,"q":0.0,"p":0.0,"mot":"L","mo":0.0}]},{"d":"10.03.2017","r":2010.0,"q":10.51,"p":700.0,"s":[{"cn":"Ackermann Industries International","ui":"3205358","t":2080.0,"r":2010.0,"q":10.51,"p":700.0,"mot":"U","mo":2010.0},{"cn":"","ui":"","t":0.0,"r":0.0,"q":0.0,"p":0.0,"mot":"L","mo":0.0}]},{"d":"11.03.2017","r":1950.0,"q":10.52,"p":700.0,"s":[{"cn":"Ackermann Industries International","ui":"3205358","t":2020.0,"r":1950.0,"q":10.52,"p":700.0,"mot":"U","mo":1950.0},{"cn":"","ui":"","t":0.0,"r":0.0,"q":0.0,"p":0.0,"mot":"L","mo":0.0}]},{"d":"12.03.2017","r":1916.0,"q":10.52,"p":700.0,"s":[{"cn":"Ackermann Industries International","ui":"3205358","t":1988.0,"r":1916.0,"q":10.52,"p":700.0,"mot":"U","mo":1916.0},{"cn":"","ui":"","t":0.0,"r":0.0,"q":0.0,"p":0.0,"mot":"L","mo":0.0}]},{"d":"13.03.2017","r":1884.0,"q":10.53,"p":700.0,"s":[{"cn":"Ackermann Industries International","ui":"3205358","t":1956.0,"r":1884.0,"q":10.53,"p":700.0,"mot":"U","mo":1884.0},{"cn":"","ui":"","t":0.0,"r":0.0,"q":0.0,"p":0.0,"mot":"L","mo":0.0}]},{"d":"14.03.2017","r":1752.0,"q":10.53,"p":700.0,"s":[{"cn":"Ackermann Industries International","ui":"3205358","t":1874.0,"r":1752.0,"q":10.53,"p":700.0,"mot":"U","mo":1752.0},{"cn":"","ui":"","t":0.0,"r":0.0,"q":0.0,"p":0.0,"mot":"L","mo":0.0}]},{"d":"15.03.2017","r":1670.0,"q":10.54,"p":700.0,"s":[{"cn":"Ackermann Industries International","ui":"3205358","t":1792.0,"r":1670.0,"q":10.54,"p":700.0,"mot":"U","mo":1670.0},{"cn":"","ui":"","t":0.0,"r":0.0,"q":0.0,"p":0.0,"mot":"L","mo":0.0}]}]