[{"pi":"1519","pc":"Одежда и обувь","ss":100,"td":"Спальный район","dc":1,"n":49.88,"vc":"около 50","sl":"Нормальный","sv":"менее 50","p":571.53,"q":1.05,"b":0.0,"ms":0.01,"wi":0.34,"ei":4.8,"as":300.0,"mi":"E","mv":52463,"sc":1,"lpe":99.99,"lpr":519.71,"lq":1.0,"d":400},{"pi":"1519","pc":"Одежда и обувь","ss":100,"td":"Спальный район","dc":1,"n":49.88,"vc":"около 50","sl":"Нормальный","sv":"менее 50","p":571.53,"q":1.05,"b":0.0,"ms":0.01,"wi":0.34,"ei":4.8,"as":300.0,"mi":"E","mv":52463,"sc":1,"lpe":99.99,"lpr":519.71,"lq":1.0,"d":400},{"pi":"1519","pc":"Одежда и обувь","ss":100,"td":"Спальный район","dc":1,"n":49.88,"vc":"около 50","sl":"Нормальный","sv":"менее 50","p":571.53,"q":1.05,"b":0.0,"ms":0.01,"wi":0.34,"ei":4.8,"as":300.0,"mi":"E","mv":52463,"sc":1,"lpe":99.99,"lpr":519.71,"lq":1.0,"d":400},{"pi":"1519","pc":"Одежда и обувь","ss":100,"td":"Спальный район","dc":1,"n":49.88,"vc":"около 50","sl":"Нормальный","sv":"менее 50","p":571.53,"q":1.05,"b":0.0,"ms":0.01,"wi":0.34,"ei":4.8,"as":300.0,"mi":"E","mv":52463,"sc":1,"lpe":99.99,"lpr":519.71,"lq":1.0,"d":400},{"pi":"1519","pc":"Одежда и обувь","ss":100,"td":"Спальный район","dc":1,"n":49.02,"vc":"около 50","sl":"Нормальный","sv":"менее 50","p":458.65,"q":1.05,"b":0.0,"ms":0.0,"wi":0.29,"ei":6.8,"as":250.0,"mi":"E","mv":48506,"sc":2,"lpe":97.65,"lpr":419.89,"lq":1.0,"d":400},{"pi":"1519","pc":"Одежда и обувь","ss":100,"td":"Спальный район","dc":1,"n":49.02,"vc":"около 50","sl":"Нормальный","sv":"менее 50","p":458.65,"q":1.05,"b":0.0,"ms":0.0,"wi":0.29,"ei":6.8,"as":250.0,"mi":"E","mv":48506,"sc":2,"lpe":97.65,"lpr":419.89,"lq":1.0,"d":400},{"pi":"1519","pc":"Одежда и обувь","ss":100,"td":"Спальный район","dc":1,"n":49.02,"vc":"около 50","sl":"Нормальный","sv":"менее 50","p":458.65,"q":1.05,"b":0.0,"ms":0.0,"wi":0.29,"ei":6.8,"as":250.0,"mi":"E","mv":48506,"sc":2,"lpe":97.65,"lpr":419.89,"lq":1.0,"d":400},{"pi":"1519","pc":"Одежда и обувь","ss":100,"td":"Спальный район","dc":1,"n":49.02,"vc":"около 50","sl":"Нормальный","sv":"менее 50","p":458.65,"q":1.05,"b":0.0,"ms":0.0,"wi":0.29,"ei":6.8,"as":250.0,"mi":"E","mv":48506,"sc":2,"lpe":97.65,"lpr":419.89,"lq":1.0,"d":400},{"pi":"1519","pc":"Одежда и обувь","ss":500,"td":"Центр города","dc":1,"n":32.52,"vc":"более 100","sl":"Очень высокий","sv":"менее 50","p":188.13,"q":1.0,"b":0.0,"ms":0.01,"wi":0.12,"ei":3.78,"as":122.11,"mi":"E","mv":99653,"sc":1,"lpe":99.99,"lpr":240.56,"lq":1.0,"d":806},{"pi":"1519","pc":"Одежда и обувь","ss":500,"td":"Центр города","dc":1,"n":32.52,"vc":"более 100","sl":"Очень высокий","sv":"менее 50","p":188.13,"q":1.0,"b":0.0,"ms":0.01,"wi":0.12,"ei":3.78,"as":122.11,"mi":"E","mv":99653,"sc":1,"lpe":99.99,"lpr":240.56,"lq":1.0,"d":806},{"pi":"1519","pc":"Одежда и обувь","ss":500,"td":"Центр города","dc":1,"n":32.52,"vc":"более 100","sl":"Очень высокий","sv":"менее 50","p":188.13,"q":1.0,"b":0.0,"ms":0.01,"wi":0.12,"ei":3.78,"as":122.11,"mi":"E","mv":99653,"sc":1,"lpe":99.99,"lpr":240.56,"lq":1.0,"d":806},{"pi":"1519","pc":"Одежда и обувь","ss":500,"td":"Центр города","dc":1,"n":32.52,"vc":"более 100","sl":"Очень высокий","sv":"менее 50","p":188.13,"q":1.0,"b":0.0,"ms":0.01,"wi":0.12,"ei":3.78,"as":122.11,"mi":"E","mv":99653,"sc":1,"lpe":99.99,"lpr":240.56,"lq":1.0,"d":806},{"pi":"1519","pc":"Одежда и обувь","ss":100,"td":"Спальный район","dc":1,"n":49.5,"vc":"около 100","sl":"Нормальный","sv":"менее 50","p":532.44,"q":1.05,"b":0.0,"ms":0.0,"wi":0.38,"ei":7.0,"as":320.0,"mi":"E","mv":182579,"sc":1,"lpe":100.0,"lpr":485.99,"lq":1.0,"d":1600},{"pi":"1519","pc":"Одежда и обувь","ss":100,"td":"Спальный район","dc":1,"n":49.5,"vc":"около 100","sl":"Нормальный","sv":"менее 50","p":532.44,"q":1.05,"b":0.0,"ms":0.0,"wi":0.38,"ei":7.0,"as":320.0,"mi":"E","mv":182579,"sc":1,"lpe":100.0,"lpr":485.99,"lq":1.0,"d":1600},{"pi":"1519","pc":"Одежда и обувь","ss":100,"td":"Спальный район","dc":1,"n":49.5,"vc":"около 100","sl":"Нормальный","sv":"менее 50","p":532.44,"q":1.05,"b":0.0,"ms":0.0,"wi":0.38,"ei":7.0,"as":320.0,"mi":"E","mv":182579,"sc":1,"lpe":100.0,"lpr":485.99,"lq":1.0,"d":1600},{"pi":"1519","pc":"Одежда и обувь","ss":100,"td":"Спальный район","dc":1,"n":49.5,"vc":"около 100","sl":"Нормальный","sv":"менее 50","p":532.44,"q":1.05,"b":0.0,"ms":0.0,"wi":0.38,"ei":7.0,"as":320.0,"mi":"E","mv":182579,"sc":1,"lpe":100.0,"lpr":485.99,"lq":1.0,"d":1600},{"pi":"1519","pc":"Одежда и обувь","ss":100000,"td":"Центр города","dc":1,"n":478.11,"vc":"более 100 000","sl":"Низкий","sv":"более 10 000","p":459.69,"q":1.0,"b":0.0,"ms":16.66,"wi":0.29,"ei":6.5,"as":270.0,"mi":"E","mv":76163,"sc":1,"lpe":83.34,"lpr":467.83,"lq":1.02,"d":650},{"pi":"1519","pc":"Одежда и обувь","ss":100000,"td":"Центр города","dc":1,"n":478.11,"vc":"более 100 000","sl":"Низкий","sv":"более 10 000","p":459.69,"q":1.0,"b":0.0,"ms":16.66,"wi":0.29,"ei":6.5,"as":270.0,"mi":"E","mv":76163,"sc":1,"lpe":83.34,"lpr":467.83,"lq":1.02,"d":650},{"pi":"1519","pc":"Одежда и обувь","ss":100000,"td":"Центр города","dc":1,"n":478.11,"vc":"более 100 000","sl":"Низкий","sv":"более 10 000","p":459.69,"q":1.0,"b":0.0,"ms":16.66,"wi":0.29,"ei":6.5,"as":270.0,"mi":"E","mv":76163,"sc":1,"lpe":83.34,"lpr":467.83,"lq":1.02,"d":650},{"pi":"1519","pc":"Одежда и обувь","ss":100000,"td":"Центр города","dc":1,"n":478.11,"vc":"более 100 000","sl":"Низкий","sv":"более 10 000","p":459.69,"q":1.0,"b":0.0,"ms":16.66,"wi":0.29,"ei":6.5,"as":270.0,"mi":"E","mv":76163,"sc":1,"lpe":83.34,"lpr":467.83,"lq":1.02,"d":650},{"pi":"1519","pc":"Одежда и обувь","ss":100,"td":"Центр города","dc":1,"n":45.14,"vc":"более 100","sl":"Низкий","sv":"менее 50","p":1931.89,"q":1.05,"b":0.0,"ms":0.0,"wi":1.35,"ei":7.8,"as":1190.0,"mi":"E","mv":95082,"sc":1,"lpe":100.0,"lpr":1644.25,"lq":1.0,"d":843},{"pi":"1519","pc":"Одежда и обувь","ss":100,"td":"Центр города","dc":1,"n":45.14,"vc":"более 100","sl":"Низкий","sv":"менее 50","p":1931.89,"q":1.05,"b":0.0,"ms":0.0,"wi":1.35,"ei":7.8,"as":1190.0,"mi":"E","mv":95082,"sc":1,"lpe":100.0,"lpr":1644.25,"lq":1.0,"d":843},{"pi":"1519","pc":"Одежда и обувь","ss":100,"td":"Центр города","dc":1,"n":45.14,"vc":"более 100","sl":"Низкий","sv":"менее 50","p":1931.89,"q":1.05,"b":0.0,"ms":0.0,"wi":1.35,"ei":7.8,"as":1190.0,"mi":"E","mv":95082,"sc":1,"lpe":100.0,"lpr":1644.25,"lq":1.0,"d":843},{"pi":"1519","pc":"Одежда и обувь","ss":100,"td":"Центр города","dc":1,"n":45.14,"vc":"более 100","sl":"Низкий","sv":"менее 50","p":1931.89,"q":1.05,"b":0.0,"ms":0.0,"wi":1.35,"ei":7.8,"as":1190.0,"mi":"E","mv":95082,"sc":1,"lpe":100.0,"lpr":1644.25,"lq":1.0,"d":843},{"pi":"1519","pc":"Одежда и обувь","ss":500,"td":"Центр города","dc":1,"n":34.16,"vc":"более 100","sl":"Элитный","sv":"около 50","p":260.0,"q":1.36,"b":0.0,"ms":0.17,"wi":0.16,"ei":3.2,"as":131.25,"mi":"E","mv":31734,"sc":2,"lpe":97.58,"lpr":266.27,"lq":1.0,"d":349},{"pi":"1519","pc":"Одежда и обувь","ss":500,"td":"Центр города","dc":1,"n":34.16,"vc":"более 100","sl":"Элитный","sv":"около 50","p":260.0,"q":1.36,"b":0.0,"ms":0.17,"wi":0.16,"ei":3.2,"as":131.25,"mi":"E","mv":31734,"sc":2,"lpe":97.58,"lpr":266.27,"lq":1.0,"d":349},{"pi":"1519","pc":"Одежда и обувь","ss":500,"td":"Центр города","dc":1,"n":34.16,"vc":"более 100","sl":"Элитный","sv":"около 50","p":260.0,"q":1.36,"b":0.0,"ms":0.17,"wi":0.16,"ei":3.2,"as":131.25,"mi":"E","mv":31734,"sc":2,"lpe":97.58,"lpr":266.27,"lq":1.0,"d":349},{"pi":"1519","pc":"Одежда и обувь","ss":500,"td":"Центр города","dc":1,"n":34.16,"vc":"более 100","sl":"Элитный","sv":"около 50","p":260.0,"q":1.36,"b":0.0,"ms":0.17,"wi":0.16,"ei":3.2,"as":131.25,"mi":"E","mv":31734,"sc":2,"lpe":97.58,"lpr":266.27,"lq":1.0,"d":349},{"pi":"1519","pc":"Одежда и обувь","ss":100,"td":"Центр города","dc":1,"n":49.02,"vc":"около 50","sl":"Нормальный","sv":"менее 50","p":302.0,"q":1.05,"b":0.0,"ms":0.02,"wi":0.18,"ei":4.27,"as":156.32,"mi":"E","mv":38009,"sc":1,"lpe":99.98,"lpr":317.03,"lq":1.0,"d":320},{"pi":"1519","pc":"Одежда и обувь","ss":100,"td":"Центр города","dc":1,"n":49.02,"vc":"около 50","sl":"Нормальный","sv":"менее 50","p":302.0,"q":1.05,"b":0.0,"ms":0.02,"wi":0.18,"ei":4.27,"as":156.32,"mi":"E","mv":38009,"sc":1,"lpe":99.98,"lpr":317.03,"lq":1.0,"d":320},{"pi":"1519","pc":"Одежда и обувь","ss":100,"td":"Центр города","dc":1,"n":49.02,"vc":"около 50","sl":"Нормальный","sv":"менее 50","p":302.0,"q":1.05,"b":0.0,"ms":0.02,"wi":0.18,"ei":4.27,"as":156.32,"mi":"E","mv":38009,"sc":1,"lpe":99.98,"lpr":317.03,"lq":1.0,"d":320},{"pi":"1519","pc":"Одежда и обувь","ss":100,"td":"Центр города","dc":1,"n":49.02,"vc":"около 50","sl":"Нормальный","sv":"менее 50","p":302.0,"q":1.05,"b":0.0,"ms":0.02,"wi":0.18,"ei":4.27,"as":156.32,"mi":"E","mv":38009,"sc":1,"lpe":99.98,"lpr":317.03,"lq":1.0,"d":320},{"pi":"1519","pc":"Одежда и обувь","ss":1000,"td":"Фешенебельный район","dc":1,"n":52.05,"vc":"более 100","sl":"Элитный","sv":"более 100","p":2155.0,"q":1.1,"b":0.0,"ms":0.01,"wi":1.57,"ei":8.5,"as":1540.0,"mi":"E","mv":938959,"sc":2,"lpe":99.3,"lpr":2152.29,"lq":1.0,"d":8406},{"pi":"1519","pc":"Одежда и обувь","ss":1000,"td":"Фешенебельный район","dc":1,"n":52.05,"vc":"более 100","sl":"Элитный","sv":"более 100","p":2155.0,"q":1.1,"b":0.0,"ms":0.01,"wi":1.57,"ei":8.5,"as":1540.0,"mi":"E","mv":938959,"sc":2,"lpe":99.3,"lpr":2152.29,"lq":1.0,"d":8406},{"pi":"1519","pc":"Одежда и обувь","ss":1000,"td":"Фешенебельный район","dc":1,"n":52.05,"vc":"более 100","sl":"Элитный","sv":"более 100","p":2155.0,"q":1.1,"b":0.0,"ms":0.01,"wi":1.57,"ei":8.5,"as":1540.0,"mi":"E","mv":938959,"sc":2,"lpe":99.3,"lpr":2152.29,"lq":1.0,"d":8406},{"pi":"1519","pc":"Одежда и обувь","ss":1000,"td":"Фешенебельный район","dc":1,"n":52.05,"vc":"более 100","sl":"Элитный","sv":"более 100","p":2155.0,"q":1.1,"b":0.0,"ms":0.01,"wi":1.57,"ei":8.5,"as":1540.0,"mi":"E","mv":938959,"sc":2,"lpe":99.3,"lpr":2152.29,"lq":1.0,"d":8406},{"pi":"1519","pc":"Одежда и обувь","ss":100,"td":"Пригород","dc":1,"n":0.0,"vc":"менее 50","sl":"Очень высокий","sv":"менее 50","p":98.0,"q":1.05,"b":0.0,"ms":0.07,"wi":0.08,"ei":4.34,"as":57.34,"mi":"E","mv":9117,"sc":1,"lpe":99.93,"lpr":116.74,"lq":1.0,"d":82},{"pi":"1519","pc":"Одежда и обувь","ss":100,"td":"Пригород","dc":1,"n":0.0,"vc":"менее 50","sl":"Очень высокий","sv":"менее 50","p":98.0,"q":1.05,"b":0.0,"ms":0.07,"wi":0.08,"ei":4.34,"as":57.34,"mi":"E","mv":9117,"sc":1,"lpe":99.93,"lpr":116.74,"lq":1.0,"d":82},{"pi":"1519","pc":"Одежда и обувь","ss":100,"td":"Пригород","dc":1,"n":0.0,"vc":"менее 50","sl":"Очень высокий","sv":"менее 50","p":98.0,"q":1.05,"b":0.0,"ms":0.07,"wi":0.08,"ei":4.34,"as":57.34,"mi":"E","mv":9117,"sc":1,"lpe":99.93,"lpr":116.74,"lq":1.0,"d":82},{"pi":"1519","pc":"Одежда и обувь","ss":100,"td":"Пригород","dc":1,"n":0.0,"vc":"менее 50","sl":"Очень высокий","sv":"менее 50","p":98.0,"q":1.05,"b":0.0,"ms":0.07,"wi":0.08,"ei":4.34,"as":57.34,"mi":"E","mv":9117,"sc":1,"lpe":99.93,"lpr":116.74,"lq":1.0,"d":82},{"pi":"1519","pc":"Одежда и обувь","ss":500,"td":"Центр города","dc":1,"n":32.52,"vc":"более 100","sl":"Очень высокий","sv":"менее 50","p":308.01,"q":1.09,"b":0.0,"ms":0.03,"wi":0.18,"ei":3.86,"as":182.99,"mi":"E","mv":34791,"sc":1,"lpe":99.97,"lpr":371.08,"lq":1.0,"d":303},{"pi":"1519","pc":"Одежда и обувь","ss":500,"td":"Центр города","dc":1,"n":32.52,"vc":"более 100","sl":"Очень высокий","sv":"менее 50","p":308.01,"q":1.09,"b":0.0,"ms":0.03,"wi":0.18,"ei":3.86,"as":182.99,"mi":"E","mv":34791,"sc":1,"lpe":99.97,"lpr":371.08,"lq":1.0,"d":303},{"pi":"1519","pc":"Одежда и обувь","ss":500,"td":"Центр города","dc":1,"n":32.52,"vc":"более 100","sl":"Очень высокий","sv":"менее 50","p":308.01,"q":1.09,"b":0.0,"ms":0.03,"wi":0.18,"ei":3.86,"as":182.99,"mi":"E","mv":34791,"sc":1,"lpe":99.97,"lpr":371.08,"lq":1.0,"d":303},{"pi":"1519","pc":"Одежда и обувь","ss":500,"td":"Центр города","dc":1,"n":32.52,"vc":"более 100","sl":"Очень высокий","sv":"менее 50","p":308.01,"q":1.09,"b":0.0,"ms":0.03,"wi":0.18,"ei":3.86,"as":182.99,"mi":"E","mv":34791,"sc":1,"lpe":99.97,"lpr":371.08,"lq":1.0,"d":303},{"pi":"1519","pc":"Одежда и обувь","ss":500,"td":"Центр города","dc":1,"n":32.52,"vc":"более 100","sl":"Элитный","sv":"менее 50","p":1742.45,"q":1.0,"b":0.0,"ms":0.01,"wi":1.45,"ei":7.4,"as":1180.0,"mi":"E","mv":88068,"sc":2,"lpe":95.79,"lpr":1626.45,"lq":1.0,"d":793},{"pi":"1519","pc":"Одежда и обувь","ss":100,"td":"Центр города","dc":1,"n":48.07,"vc":"около 100","sl":"Низкий","sv":"менее 50","p":1823.88,"q":1.18,"b":0.0,"ms":0.0,"wi":1.26,"ei":7.3,"as":1200.0,"mi":"E","mv":61643,"sc":2,"lpe":91.71,"lpr":1658.07,"lq":1.0,"d":654},{"pi":"1519","pc":"Одежда и обувь","ss":100,"td":"Центр города","dc":1,"n":48.07,"vc":"около 100","sl":"Низкий","sv":"менее 50","p":1823.88,"q":1.18,"b":0.0,"ms":0.0,"wi":1.26,"ei":7.3,"as":1200.0,"mi":"E","mv":61643,"sc":2,"lpe":91.71,"lpr":1658.07,"lq":1.0,"d":654},{"pi":"1519","pc":"Одежда и обувь","ss":100,"td":"Центр города","dc":1,"n":48.07,"vc":"около 100","sl":"Низкий","sv":"менее 50","p":1823.88,"q":1.18,"b":0.0,"ms":0.0,"wi":1.26,"ei":7.3,"as":1200.0,"mi":"E","mv":61643,"sc":2,"lpe":91.71,"lpr":1658.07,"lq":1.0,"d":654},{"pi":"1519","pc":"Одежда и обувь","ss":100,"td":"Центр города","dc":1,"n":48.07,"vc":"около 100","sl":"Низкий","sv":"менее 50","p":1823.88,"q":1.18,"b":0.0,"ms":0.0,"wi":1.26,"ei":7.3,"as":1200.0,"mi":"E","mv":61643,"sc":2,"lpe":91.71,"lpr":1658.07,"lq":1.0,"d":654},{"pi":"1519","pc":"Одежда и обувь","ss":100,"td":"Центр города","dc":1,"n":48.07,"vc":"около 100","sl":"Нормальный","sv":"менее 50","p":281.69,"q":1.05,"b":0.0,"ms":0.02,"wi":0.19,"ei":3.0,"as":154.55,"mi":"E","mv":38440,"sc":1,"lpe":99.98,"lpr":297.92,"lq":1.0,"d":427},{"pi":"1519","pc":"Одежда и обувь","ss":100,"td":"Центр города","dc":1,"n":48.07,"vc":"около 100","sl":"Нормальный","sv":"менее 50","p":281.69,"q":1.05,"b":0.0,"ms":0.02,"wi":0.19,"ei":3.0,"as":154.55,"mi":"E","mv":38440,"sc":1,"lpe":99.98,"lpr":297.92,"lq":1.0,"d":427},{"pi":"1519","pc":"Одежда и обувь","ss":100,"td":"Центр города","dc":1,"n":48.07,"vc":"около 100","sl":"Нормальный","sv":"менее 50","p":281.69,"q":1.05,"b":0.0,"ms":0.02,"wi":0.19,"ei":3.0,"as":154.55,"mi":"E","mv":38440,"sc":1,"lpe":99.98,"lpr":297.92,"lq":1.0,"d":427},{"pi":"1519","pc":"Одежда и обувь","ss":100,"td":"Центр города","dc":1,"n":48.07,"vc":"около 100","sl":"Нормальный","sv":"менее 50","p":281.69,"q":1.05,"b":0.0,"ms":0.02,"wi":0.19,"ei":3.0,"as":154.55,"mi":"E","mv":38440,"sc":1,"lpe":99.98,"lpr":297.92,"lq":1.0,"d":427},{"pi":"1519","pc":"Одежда и обувь","ss":500,"td":"Спальный район","dc":1,"n":94.56,"vc":"более 100","sl":"Элитный","sv":"более 200","p":2150.0,"q":4.84,"b":0.0,"ms":0.29,"wi":1.8,"ei":8.7,"as":1500.0,"mi":"E","mv":71510,"sc":2,"lpe":93.34,"lpr":2072.59,"lq":1.0,"d":646},{"pi":"1519","pc":"Одежда и обувь","ss":500,"td":"Спальный район","dc":1,"n":94.56,"vc":"более 100","sl":"Элитный","sv":"более 200","p":2150.0,"q":4.84,"b":0.0,"ms":0.29,"wi":1.8,"ei":8.7,"as":1500.0,"mi":"E","mv":71510,"sc":2,"lpe":93.34,"lpr":2072.59,"lq":1.0,"d":646},{"pi":"1519","pc":"Одежда и обувь","ss":500,"td":"Спальный район","dc":1,"n":94.56,"vc":"более 100","sl":"Элитный","sv":"более 200","p":2150.0,"q":4.84,"b":0.0,"ms":0.29,"wi":1.8,"ei":8.7,"as":1500.0,"mi":"E","mv":71510,"sc":2,"lpe":93.34,"lpr":2072.59,"lq":1.0,"d":646},{"pi":"1519","pc":"Одежда и обувь","ss":500,"td":"Спальный район","dc":1,"n":94.56,"vc":"более 100","sl":"Элитный","sv":"более 200","p":2150.0,"q":4.84,"b":0.0,"ms":0.29,"wi":1.8,"ei":8.7,"as":1500.0,"mi":"E","mv":71510,"sc":2,"lpe":93.34,"lpr":2072.59,"lq":1.0,"d":646},{"pi":"1519","pc":"Одежда и обувь","ss":500,"td":"Центр города","dc":1,"n":32.52,"vc":"более 100","sl":"Высокий","sv":"около 50","p":344.16,"q":1.03,"b":0.0,"ms":0.1,"wi":0.19,"ei":3.0,"as":214.48,"mi":"E","mv":35221,"sc":1,"lpe":99.9,"lpr":431.01,"lq":1.0,"d":192},{"pi":"1519","pc":"Одежда и обувь","ss":500,"td":"Центр города","dc":1,"n":32.52,"vc":"более 100","sl":"Высокий","sv":"около 50","p":344.16,"q":1.03,"b":0.0,"ms":0.1,"wi":0.19,"ei":3.0,"as":214.48,"mi":"E","mv":35221,"sc":1,"lpe":99.9,"lpr":431.01,"lq":1.0,"d":192},{"pi":"1519","pc":"Одежда и обувь","ss":500,"td":"Центр города","dc":1,"n":32.52,"vc":"более 100","sl":"Высокий","sv":"около 50","p":344.16,"q":1.03,"b":0.0,"ms":0.1,"wi":0.19,"ei":3.0,"as":214.48,"mi":"E","mv":35221,"sc":1,"lpe":99.9,"lpr":431.01,"lq":1.0,"d":192},{"pi":"1519","pc":"Одежда и обувь","ss":100,"td":"Центр города","dc":1,"n":48.07,"vc":"около 50","sl":"Нормальный","sv":"менее 50","p":1936.06,"q":1.05,"b":0.0,"ms":0.0,"wi":1.35,"ei":7.7,"as":1250.0,"mi":"E","mv":71194,"sc":1,"lpe":100.0,"lpr":1747.81,"lq":1.0,"d":652},{"pi":"1519","pc":"Одежда и обувь","ss":100,"td":"Центр города","dc":1,"n":48.07,"vc":"около 50","sl":"Нормальный","sv":"менее 50","p":1936.06,"q":1.05,"b":0.0,"ms":0.0,"wi":1.35,"ei":7.7,"as":1250.0,"mi":"E","mv":71194,"sc":1,"lpe":100.0,"lpr":1747.81,"lq":1.0,"d":652},{"pi":"1519","pc":"Одежда и обувь","ss":100,"td":"Центр города","dc":1,"n":48.07,"vc":"около 50","sl":"Нормальный","sv":"менее 50","p":1936.06,"q":1.05,"b":0.0,"ms":0.0,"wi":1.35,"ei":7.7,"as":1250.0,"mi":"E","mv":71194,"sc":1,"lpe":100.0,"lpr":1747.81,"lq":1.0,"d":652},{"pi":"1519","pc":"Одежда и обувь","ss":100,"td":"Центр города","dc":1,"n":48.07,"vc":"около 50","sl":"Нормальный","sv":"менее 50","p":1936.06,"q":1.05,"b":0.0,"ms":0.0,"wi":1.35,"ei":7.7,"as":1250.0,"mi":"E","mv":71194,"sc":1,"lpe":100.0,"lpr":1747.81,"lq":1.0,"d":652},{"pi":"1519","pc":"Одежда и обувь","ss":10000,"td":"Центр города","dc":1,"n":101.56,"vc":"более 1 000","sl":"Элитный","sv":"около 1 000","p":600.0,"q":4.8,"b":0.0,"ms":0.59,"wi":0.27,"ei":4.27,"as":217.12,"mi":"E","mv":170473,"sc":1,"lpe":99.41,"lpr":366.76,"lq":1.0,"d":1481},{"pi":"1519","pc":"Одежда и обувь","ss":10000,"td":"Центр города","dc":1,"n":101.56,"vc":"более 1 000","sl":"Элитный","sv":"около 1 000","p":600.0,"q":4.8,"b":0.0,"ms":0.59,"wi":0.27,"ei":4.27,"as":217.12,"mi":"E","mv":170473,"sc":1,"lpe":99.41,"lpr":366.76,"lq":1.0,"d":1481}]