[{"pi":"1519","pc":"Одежда и обувь","ss":500,"td":"Центр города","dc":3,"n":0.0,"vc":"более 200","sl":"Низкий","sv":"менее 50","p":475.0,"q":1.01,"b":0.0,"wi":0.53,"ei":5.95,"as":458.23,"mi":"E","mv":534973,"sc":1,"lpe":100.0,"lpr":708.78,"lq":1.0},{"pi":"1519","pc":"Одежда и обувь","ss":500,"td":"Центр города","dc":3,"n":0.0,"vc":"более 200","sl":"Низкий","sv":"менее 50","p":475.0,"q":1.01,"b":0.0,"wi":0.53,"ei":5.95,"as":458.23,"mi":"E","mv":534973,"sc":1,"lpe":100.0,"lpr":708.78,"lq":1.0},{"pi":"1519","pc":"Одежда и обувь","ss":500,"td":"Центр города","dc":3,"n":0.0,"vc":"более 200","sl":"Низкий","sv":"менее 50","p":475.0,"q":1.01,"b":0.0,"wi":0.53,"ei":5.95,"as":458.23,"mi":"E","mv":534973,"sc":1,"lpe":100.0,"lpr":708.78,"lq":1.0},{"pi":"1519","pc":"Одежда и обувь","ss":500,"td":"Центр города","dc":3,"n":0.0,"vc":"более 200","sl":"Низкий","sv":"менее 50","p":475.0,"q":1.01,"b":0.0,"wi":0.53,"ei":5.95,"as":458.23,"mi":"E","mv":534973,"sc":1,"lpe":100.0,"lpr":708.78,"lq":1.0},{"pi":"1519","pc":"Одежда и обувь","ss":500,"td":"Центр города","dc":3,"n":0.0,"vc":"более 200","sl":"Низкий","sv":"менее 50","p":475.0,"q":1.01,"b":0.0,"wi":0.53,"ei":5.95,"as":458.23,"mi":"E","mv":534973,"sc":1,"lpe":100.0,"lpr":708.78,"lq":1.0},{"pi":"1519","pc":"Одежда и обувь","ss":500,"td":"Центр города","dc":3,"n":0.0,"vc":"более 200","sl":"Низкий","sv":"менее 50","p":475.0,"q":1.01,"b":0.0,"wi":0.53,"ei":5.95,"as":458.23,"mi":"E","mv":534973,"sc":1,"lpe":100.0,"lpr":708.78,"lq":1.0},{"pi":"1519","pc":"Одежда и обувь","ss":500,"td":"Центр города","dc":3,"n":0.0,"vc":"более 200","sl":"Низкий","sv":"менее 50","p":475.0,"q":1.01,"b":0.0,"wi":0.53,"ei":5.95,"as":458.23,"mi":"E","mv":534973,"sc":1,"lpe":100.0,"lpr":708.78,"lq":1.0},{"pi":"1519","pc":"Одежда и обувь","ss":500,"td":"Центр города","dc":3,"n":0.0,"vc":"более 200","sl":"Низкий","sv":"менее 50","p":475.0,"q":1.01,"b":0.0,"wi":0.53,"ei":5.95,"as":458.23,"mi":"E","mv":534973,"sc":1,"lpe":100.0,"lpr":708.78,"lq":1.0},{"pi":"1519","pc":"Одежда и обувь","ss":500,"td":"Центр города","dc":3,"n":0.0,"vc":"более 200","sl":"Низкий","sv":"менее 50","p":475.0,"q":1.01,"b":0.0,"wi":0.53,"ei":5.95,"as":458.23,"mi":"E","mv":534973,"sc":1,"lpe":100.0,"lpr":708.78,"lq":1.0},{"pi":"1519","pc":"Одежда и обувь","ss":500,"td":"Центр города","dc":3,"n":0.0,"vc":"более 200","sl":"Низкий","sv":"менее 50","p":475.0,"q":1.01,"b":0.0,"wi":0.53,"ei":5.95,"as":458.23,"mi":"E","mv":534973,"sc":1,"lpe":100.0,"lpr":708.78,"lq":1.0},{"pi":"1519","pc":"Одежда и обувь","ss":500,"td":"Центр города","dc":3,"n":0.0,"vc":"более 200","sl":"Низкий","sv":"менее 50","p":475.0,"q":1.01,"b":0.0,"wi":0.53,"ei":5.95,"as":458.23,"mi":"E","mv":534973,"sc":1,"lpe":100.0,"lpr":708.78,"lq":1.0},{"pi":"1519","pc":"Одежда и обувь","ss":500,"td":"Центр города","dc":3,"n":0.0,"vc":"более 200","sl":"Низкий","sv":"менее 50","p":475.0,"q":1.01,"b":0.0,"wi":0.53,"ei":5.95,"as":458.23,"mi":"E","mv":534973,"sc":1,"lpe":100.0,"lpr":708.78,"lq":1.0},{"pi":"1519","pc":"Одежда и обувь","ss":500,"td":"Центр города","dc":3,"n":0.0,"vc":"более 200","sl":"Низкий","sv":"менее 50","p":475.0,"q":1.01,"b":0.0,"wi":0.53,"ei":5.95,"as":458.23,"mi":"E","mv":534973,"sc":1,"lpe":100.0,"lpr":708.78,"lq":1.0},{"pi":"1519","pc":"Одежда и обувь","ss":100,"td":"Центр города","dc":1,"n":70.84,"vc":"более 200","sl":"Очень низкий","sv":"менее 50","p":245.51,"q":4.98,"b":0.0,"wi":0.12,"ei":4.29,"as":136.12,"mi":"E","mv":1758494,"sc":1,"lpe":100.0,"lpr":210.55,"lq":1.0},{"pi":"1519","pc":"Одежда и обувь","ss":100,"td":"Центр города","dc":1,"n":70.84,"vc":"более 200","sl":"Очень низкий","sv":"менее 50","p":245.51,"q":4.98,"b":0.0,"wi":0.12,"ei":4.29,"as":136.12,"mi":"E","mv":1758494,"sc":1,"lpe":100.0,"lpr":210.55,"lq":1.0},{"pi":"1519","pc":"Одежда и обувь","ss":100,"td":"Центр города","dc":1,"n":70.84,"vc":"более 200","sl":"Очень низкий","sv":"менее 50","p":245.51,"q":4.98,"b":0.0,"wi":0.12,"ei":4.29,"as":136.12,"mi":"E","mv":1758494,"sc":1,"lpe":100.0,"lpr":210.55,"lq":1.0},{"pi":"1519","pc":"Одежда и обувь","ss":100,"td":"Центр города","dc":1,"n":48.31,"vc":"около 100","sl":"Нормальный","sv":"менее 50","p":239.14,"q":1.05,"b":0.0,"wi":0.16,"ei":3.36,"as":145.71,"mi":"E","mv":68910,"sc":1,"lpe":99.99,"lpr":225.38,"lq":1.0},{"pi":"1519","pc":"Одежда и обувь","ss":100,"td":"Центр города","dc":1,"n":48.31,"vc":"около 100","sl":"Нормальный","sv":"менее 50","p":239.14,"q":1.05,"b":0.0,"wi":0.16,"ei":3.36,"as":145.71,"mi":"E","mv":68910,"sc":1,"lpe":99.99,"lpr":225.38,"lq":1.0},{"pi":"1519","pc":"Одежда и обувь","ss":100,"td":"Центр города","dc":1,"n":48.31,"vc":"около 100","sl":"Нормальный","sv":"менее 50","p":239.14,"q":1.05,"b":0.0,"wi":0.16,"ei":3.36,"as":145.71,"mi":"E","mv":68910,"sc":1,"lpe":99.99,"lpr":225.38,"lq":1.0},{"pi":"1519","pc":"Одежда и обувь","ss":100,"td":"Центр города","dc":1,"n":48.31,"vc":"около 100","sl":"Нормальный","sv":"менее 50","p":239.14,"q":1.05,"b":0.0,"wi":0.16,"ei":3.36,"as":145.71,"mi":"E","mv":68910,"sc":1,"lpe":99.99,"lpr":225.38,"lq":1.0},{"pi":"1519","pc":"Одежда и обувь","ss":100,"td":"Центр города","dc":2,"n":67.96,"vc":"более 100","sl":"Очень низкий","sv":"менее 50","p":587.86,"q":1.02,"b":0.0,"wi":0.35,"ei":7.0,"as":320.0,"mi":"E","mv":221049,"sc":2,"lpe":100.0,"lpr":494.98,"lq":1.0},{"pi":"1519","pc":"Одежда и обувь","ss":100,"td":"Спальный район","dc":1,"n":49.63,"vc":"около 100","sl":"Нормальный","sv":"менее 50","p":532.32,"q":1.05,"b":0.0,"wi":0.35,"ei":7.0,"as":320.0,"mi":"E","mv":221049,"sc":2,"lpe":100.0,"lpr":494.98,"lq":1.0},{"pi":"1519","pc":"Одежда и обувь","ss":100,"td":"Центр города","dc":2,"n":67.96,"vc":"более 100","sl":"Очень низкий","sv":"менее 50","p":587.86,"q":1.02,"b":0.0,"wi":0.35,"ei":7.0,"as":320.0,"mi":"E","mv":221049,"sc":2,"lpe":100.0,"lpr":494.98,"lq":1.0},{"pi":"1519","pc":"Одежда и обувь","ss":100,"td":"Спальный район","dc":1,"n":49.63,"vc":"около 100","sl":"Нормальный","sv":"менее 50","p":532.32,"q":1.05,"b":0.0,"wi":0.35,"ei":7.0,"as":320.0,"mi":"E","mv":221049,"sc":2,"lpe":100.0,"lpr":494.98,"lq":1.0},{"pi":"1519","pc":"Одежда и обувь","ss":100,"td":"Центр города","dc":2,"n":67.96,"vc":"более 100","sl":"Очень низкий","sv":"менее 50","p":587.86,"q":1.02,"b":0.0,"wi":0.35,"ei":7.0,"as":320.0,"mi":"E","mv":221049,"sc":2,"lpe":100.0,"lpr":494.98,"lq":1.0},{"pi":"1519","pc":"Одежда и обувь","ss":100,"td":"Спальный район","dc":1,"n":49.63,"vc":"около 100","sl":"Нормальный","sv":"менее 50","p":532.32,"q":1.05,"b":0.0,"wi":0.35,"ei":7.0,"as":320.0,"mi":"E","mv":221049,"sc":2,"lpe":100.0,"lpr":494.98,"lq":1.0},{"pi":"1519","pc":"Одежда и обувь","ss":100,"td":"Центр города","dc":2,"n":67.96,"vc":"более 100","sl":"Очень низкий","sv":"менее 50","p":587.86,"q":1.02,"b":0.0,"wi":0.35,"ei":7.0,"as":320.0,"mi":"E","mv":221049,"sc":2,"lpe":100.0,"lpr":494.98,"lq":1.0},{"pi":"1519","pc":"Одежда и обувь","ss":100,"td":"Центр города","dc":2,"n":67.96,"vc":"более 100","sl":"Очень низкий","sv":"менее 50","p":587.86,"q":1.02,"b":0.0,"wi":0.35,"ei":7.0,"as":320.0,"mi":"E","mv":221049,"sc":2,"lpe":100.0,"lpr":494.98,"lq":1.0},{"pi":"1519","pc":"Одежда и обувь","ss":100,"td":"Спальный район","dc":1,"n":49.63,"vc":"около 100","sl":"Нормальный","sv":"менее 50","p":532.32,"q":1.05,"b":0.0,"wi":0.35,"ei":7.0,"as":320.0,"mi":"E","mv":221049,"sc":2,"lpe":100.0,"lpr":494.98,"lq":1.0},{"pi":"1519","pc":"Одежда и обувь","ss":100,"td":"Спальный район","dc":2,"n":132.68,"vc":"около 100","sl":"Низкий","sv":"менее 50","p":400.0,"q":1.05,"b":0.0,"wi":0.35,"ei":5.5,"as":330.0,"mi":"E","mv":104820,"sc":2,"lpe":99.99,"lpr":510.45,"lq":1.0},{"pi":"1519","pc":"Одежда и обувь","ss":100,"td":"Спальный район","dc":2,"n":132.68,"vc":"около 100","sl":"Низкий","sv":"менее 50","p":400.0,"q":1.05,"b":0.0,"wi":0.35,"ei":5.5,"as":330.0,"mi":"E","mv":104820,"sc":2,"lpe":99.99,"lpr":510.45,"lq":1.0},{"pi":"1519","pc":"Одежда и обувь","ss":100,"td":"Спальный район","dc":1,"n":61.47,"vc":"около 50","sl":"Нормальный","sv":"менее 50","p":530.97,"q":1.02,"b":0.0,"wi":0.35,"ei":5.5,"as":330.0,"mi":"E","mv":104820,"sc":2,"lpe":99.99,"lpr":510.45,"lq":1.0},{"pi":"1519","pc":"Одежда и обувь","ss":100,"td":"Спальный район","dc":2,"n":132.68,"vc":"около 100","sl":"Низкий","sv":"менее 50","p":400.0,"q":1.05,"b":0.0,"wi":0.35,"ei":5.5,"as":330.0,"mi":"E","mv":104820,"sc":2,"lpe":99.99,"lpr":510.45,"lq":1.0},{"pi":"1519","pc":"Одежда и обувь","ss":100,"td":"Спальный район","dc":1,"n":61.47,"vc":"около 50","sl":"Нормальный","sv":"менее 50","p":530.97,"q":1.02,"b":0.0,"wi":0.35,"ei":5.5,"as":330.0,"mi":"E","mv":104820,"sc":2,"lpe":99.99,"lpr":510.45,"lq":1.0},{"pi":"1519","pc":"Одежда и обувь","ss":100,"td":"Спальный район","dc":2,"n":132.68,"vc":"около 100","sl":"Низкий","sv":"менее 50","p":400.0,"q":1.05,"b":0.0,"wi":0.35,"ei":5.5,"as":330.0,"mi":"E","mv":104820,"sc":2,"lpe":99.99,"lpr":510.45,"lq":1.0},{"pi":"1519","pc":"Одежда и обувь","ss":100,"td":"Спальный район","dc":1,"n":61.47,"vc":"около 50","sl":"Нормальный","sv":"менее 50","p":530.97,"q":1.02,"b":0.0,"wi":0.35,"ei":5.5,"as":330.0,"mi":"E","mv":104820,"sc":2,"lpe":99.99,"lpr":510.45,"lq":1.0},{"pi":"1519","pc":"Одежда и обувь","ss":100,"td":"Спальный район","dc":2,"n":132.68,"vc":"около 100","sl":"Низкий","sv":"менее 50","p":400.0,"q":1.05,"b":0.0,"wi":0.35,"ei":5.5,"as":330.0,"mi":"E","mv":104820,"sc":2,"lpe":99.99,"lpr":510.45,"lq":1.0},{"pi":"1519","pc":"Одежда и обувь","ss":100,"td":"Спальный район","dc":1,"n":61.47,"vc":"около 50","sl":"Нормальный","sv":"менее 50","p":530.97,"q":1.02,"b":0.0,"wi":0.35,"ei":5.5,"as":330.0,"mi":"E","mv":104820,"sc":2,"lpe":99.99,"lpr":510.45,"lq":1.0},{"pi":"1519","pc":"Одежда и обувь","ss":100,"td":"Спальный район","dc":1,"n":49.63,"vc":"около 50","sl":"Нормальный","sv":"менее 50","p":444.93,"q":1.05,"b":0.0,"wi":0.28,"ei":6.5,"as":270.0,"mi":"E","mv":81343,"sc":1,"lpe":99.99,"lpr":414.98,"lq":1.0},{"pi":"1519","pc":"Одежда и обувь","ss":100,"td":"Спальный район","dc":1,"n":49.63,"vc":"около 50","sl":"Нормальный","sv":"менее 50","p":444.93,"q":1.05,"b":0.0,"wi":0.28,"ei":6.5,"as":270.0,"mi":"E","mv":81343,"sc":1,"lpe":99.99,"lpr":414.98,"lq":1.0},{"pi":"1519","pc":"Одежда и обувь","ss":100,"td":"Спальный район","dc":1,"n":49.63,"vc":"около 50","sl":"Нормальный","sv":"менее 50","p":444.93,"q":1.05,"b":0.0,"wi":0.28,"ei":6.5,"as":270.0,"mi":"E","mv":81343,"sc":1,"lpe":99.99,"lpr":414.98,"lq":1.0},{"pi":"1519","pc":"Одежда и обувь","ss":100,"td":"Спальный район","dc":1,"n":49.63,"vc":"около 50","sl":"Нормальный","sv":"менее 50","p":444.93,"q":1.05,"b":0.0,"wi":0.28,"ei":6.5,"as":270.0,"mi":"E","mv":81343,"sc":1,"lpe":99.99,"lpr":414.98,"lq":1.0},{"pi":"1519","pc":"Одежда и обувь","ss":500,"td":"Центр города","dc":1,"n":33.37,"vc":"более 200","sl":"Очень низкий","sv":"менее 50","p":200.0,"q":1.02,"b":0.0,"wi":0.13,"ei":4.25,"as":148.66,"mi":"E","mv":243501,"sc":1,"lpe":100.0,"lpr":224.72,"lq":1.0},{"pi":"1519","pc":"Одежда и обувь","ss":500,"td":"Центр города","dc":1,"n":33.37,"vc":"более 200","sl":"Очень низкий","sv":"менее 50","p":200.0,"q":1.02,"b":0.0,"wi":0.13,"ei":4.25,"as":148.66,"mi":"E","mv":243501,"sc":1,"lpe":100.0,"lpr":224.72,"lq":1.0},{"pi":"1519","pc":"Одежда и обувь","ss":500,"td":"Центр города","dc":1,"n":33.37,"vc":"более 200","sl":"Очень низкий","sv":"менее 50","p":200.0,"q":1.02,"b":0.0,"wi":0.13,"ei":4.25,"as":148.66,"mi":"E","mv":243501,"sc":1,"lpe":100.0,"lpr":224.72,"lq":1.0},{"pi":"1519","pc":"Одежда и обувь","ss":500,"td":"Центр города","dc":1,"n":33.37,"vc":"более 200","sl":"Очень низкий","sv":"менее 50","p":200.0,"q":1.02,"b":0.0,"wi":0.13,"ei":4.25,"as":148.66,"mi":"E","mv":243501,"sc":1,"lpe":100.0,"lpr":224.72,"lq":1.0},{"pi":"1519","pc":"Одежда и обувь","ss":100,"td":"Спальный район","dc":1,"n":49.63,"vc":"около 50","sl":"Высокий","sv":"менее 50","p":397.79,"q":1.05,"b":0.0,"wi":0.23,"ei":4.22,"as":239.13,"mi":"E","mv":91765,"sc":1,"lpe":99.99,"lpr":369.89,"lq":1.0},{"pi":"1519","pc":"Одежда и обувь","ss":100,"td":"Спальный район","dc":1,"n":49.63,"vc":"около 50","sl":"Высокий","sv":"менее 50","p":397.79,"q":1.05,"b":0.0,"wi":0.23,"ei":4.22,"as":239.13,"mi":"E","mv":91765,"sc":1,"lpe":99.99,"lpr":369.89,"lq":1.0},{"pi":"1519","pc":"Одежда и обувь","ss":100,"td":"Спальный район","dc":1,"n":49.63,"vc":"около 50","sl":"Высокий","sv":"менее 50","p":397.79,"q":1.05,"b":0.0,"wi":0.23,"ei":4.22,"as":239.13,"mi":"E","mv":91765,"sc":1,"lpe":99.99,"lpr":369.89,"lq":1.0},{"pi":"1519","pc":"Одежда и обувь","ss":100,"td":"Спальный район","dc":1,"n":49.63,"vc":"около 50","sl":"Высокий","sv":"менее 50","p":397.79,"q":1.05,"b":0.0,"wi":0.23,"ei":4.22,"as":239.13,"mi":"E","mv":91765,"sc":1,"lpe":99.99,"lpr":369.89,"lq":1.0},{"pi":"1519","pc":"Одежда и обувь","ss":500,"td":"Центр города","dc":1,"n":0.0,"vc":"более 100","sl":"Низкий","sv":"менее 50","p":190.0,"q":1.01,"b":0.0,"wi":0.17,"ei":4.28,"as":154.36,"mi":"E","mv":165365,"sc":1,"lpe":100.0,"lpr":238.76,"lq":1.0},{"pi":"1519","pc":"Одежда и обувь","ss":500,"td":"Центр города","dc":1,"n":0.0,"vc":"более 100","sl":"Низкий","sv":"менее 50","p":190.0,"q":1.01,"b":0.0,"wi":0.17,"ei":4.28,"as":154.36,"mi":"E","mv":165365,"sc":1,"lpe":100.0,"lpr":238.76,"lq":1.0},{"pi":"1519","pc":"Одежда и обувь","ss":500,"td":"Центр города","dc":1,"n":0.0,"vc":"более 100","sl":"Низкий","sv":"менее 50","p":190.0,"q":1.01,"b":0.0,"wi":0.17,"ei":4.28,"as":154.36,"mi":"E","mv":165365,"sc":1,"lpe":100.0,"lpr":238.76,"lq":1.0},{"pi":"1519","pc":"Одежда и обувь","ss":500,"td":"Центр города","dc":1,"n":0.0,"vc":"более 100","sl":"Низкий","sv":"менее 50","p":190.0,"q":1.01,"b":0.0,"wi":0.17,"ei":4.28,"as":154.36,"mi":"E","mv":165365,"sc":1,"lpe":100.0,"lpr":238.76,"lq":1.0},{"pi":"1519","pc":"Одежда и обувь","ss":100,"td":"Спальный район","dc":1,"n":48.07,"vc":"около 50","sl":"Нормальный","sv":"менее 50","p":494.51,"q":1.0,"b":0.0,"wi":0.31,"ei":4.37,"as":290.59,"mi":"E","mv":71690,"sc":1,"lpe":100.0,"lpr":449.49,"lq":1.0},{"pi":"1519","pc":"Одежда и обувь","ss":100,"td":"Спальный район","dc":1,"n":48.07,"vc":"около 50","sl":"Нормальный","sv":"менее 50","p":494.51,"q":1.0,"b":0.0,"wi":0.31,"ei":4.37,"as":290.59,"mi":"E","mv":71690,"sc":1,"lpe":100.0,"lpr":449.49,"lq":1.0},{"pi":"1519","pc":"Одежда и обувь","ss":100,"td":"Спальный район","dc":1,"n":48.07,"vc":"около 50","sl":"Нормальный","sv":"менее 50","p":494.51,"q":1.0,"b":0.0,"wi":0.31,"ei":4.37,"as":290.59,"mi":"E","mv":71690,"sc":1,"lpe":100.0,"lpr":449.49,"lq":1.0},{"pi":"1519","pc":"Одежда и обувь","ss":100,"td":"Спальный район","dc":1,"n":48.07,"vc":"около 50","sl":"Нормальный","sv":"менее 50","p":494.51,"q":1.0,"b":0.0,"wi":0.31,"ei":4.37,"as":290.59,"mi":"E","mv":71690,"sc":1,"lpe":100.0,"lpr":449.49,"lq":1.0},{"pi":"1519","pc":"Одежда и обувь","ss":100,"td":"Центр города","dc":1,"n":49.02,"vc":"около 100","sl":"Низкий","sv":"менее 50","p":196.08,"q":1.05,"b":0.0,"wi":0.15,"ei":3.0,"as":122.95,"mi":"E","mv":119787,"sc":1,"lpe":99.99,"lpr":191.19,"lq":1.0},{"pi":"1519","pc":"Одежда и обувь","ss":100,"td":"Центр города","dc":1,"n":49.02,"vc":"около 100","sl":"Низкий","sv":"менее 50","p":196.08,"q":1.05,"b":0.0,"wi":0.15,"ei":3.0,"as":122.95,"mi":"E","mv":119787,"sc":1,"lpe":99.99,"lpr":191.19,"lq":1.0},{"pi":"1519","pc":"Одежда и обувь","ss":100,"td":"Центр города","dc":1,"n":49.02,"vc":"около 100","sl":"Низкий","sv":"менее 50","p":196.08,"q":1.05,"b":0.0,"wi":0.15,"ei":3.0,"as":122.95,"mi":"E","mv":119787,"sc":1,"lpe":99.99,"lpr":191.19,"lq":1.0},{"pi":"1519","pc":"Одежда и обувь","ss":100,"td":"Центр города","dc":1,"n":49.02,"vc":"около 100","sl":"Низкий","sv":"менее 50","p":196.08,"q":1.05,"b":0.0,"wi":0.15,"ei":3.0,"as":122.95,"mi":"E","mv":119787,"sc":1,"lpe":99.99,"lpr":191.19,"lq":1.0},{"pi":"1519","pc":"Одежда и обувь","ss":500,"td":"Спальный район","dc":2,"n":38.9,"vc":"около 100","sl":"Высокий","sv":"менее 50","p":188.58,"q":1.01,"b":0.0,"wi":0.11,"ei":3.64,"as":105.12,"mi":"E","mv":28414,"sc":1,"lpe":99.98,"lpr":158.14,"lq":1.0},{"pi":"1519","pc":"Одежда и обувь","ss":500,"td":"Спальный район","dc":2,"n":38.9,"vc":"около 100","sl":"Высокий","sv":"менее 50","p":188.58,"q":1.01,"b":0.0,"wi":0.11,"ei":3.64,"as":105.12,"mi":"E","mv":28414,"sc":1,"lpe":99.98,"lpr":158.14,"lq":1.0},{"pi":"1519","pc":"Одежда и обувь","ss":500,"td":"Спальный район","dc":2,"n":38.9,"vc":"около 100","sl":"Высокий","sv":"менее 50","p":188.58,"q":1.01,"b":0.0,"wi":0.11,"ei":3.64,"as":105.12,"mi":"E","mv":28414,"sc":1,"lpe":99.98,"lpr":158.14,"lq":1.0},{"pi":"1519","pc":"Одежда и обувь","ss":500,"td":"Спальный район","dc":2,"n":38.9,"vc":"около 100","sl":"Высокий","sv":"менее 50","p":188.58,"q":1.01,"b":0.0,"wi":0.11,"ei":3.64,"as":105.12,"mi":"E","mv":28414,"sc":1,"lpe":99.98,"lpr":158.14,"lq":1.0},{"pi":"1519","pc":"Одежда и обувь","ss":500,"td":"Спальный район","dc":2,"n":38.9,"vc":"около 100","sl":"Высокий","sv":"менее 50","p":188.58,"q":1.01,"b":0.0,"wi":0.11,"ei":3.64,"as":105.12,"mi":"E","mv":28414,"sc":1,"lpe":99.98,"lpr":158.14,"lq":1.0},{"pi":"1519","pc":"Одежда и обувь","ss":500,"td":"Спальный район","dc":2,"n":38.9,"vc":"около 100","sl":"Высокий","sv":"менее 50","p":188.58,"q":1.01,"b":0.0,"wi":0.11,"ei":3.64,"as":105.12,"mi":"E","mv":28414,"sc":1,"lpe":99.98,"lpr":158.14,"lq":1.0},{"pi":"1519","pc":"Одежда и обувь","ss":500,"td":"Спальный район","dc":2,"n":38.9,"vc":"около 100","sl":"Высокий","sv":"менее 50","p":188.58,"q":1.01,"b":0.0,"wi":0.11,"ei":3.64,"as":105.12,"mi":"E","mv":28414,"sc":1,"lpe":99.98,"lpr":158.14,"lq":1.0},{"pi":"1519","pc":"Одежда и обувь","ss":500,"td":"Спальный район","dc":2,"n":38.9,"vc":"около 100","sl":"Высокий","sv":"менее 50","p":188.58,"q":1.01,"b":0.0,"wi":0.11,"ei":3.64,"as":105.12,"mi":"E","mv":28414,"sc":1,"lpe":99.98,"lpr":158.14,"lq":1.0},{"pi":"1519","pc":"Одежда и обувь","ss":500,"td":"Спальный район","dc":2,"n":38.9,"vc":"около 100","sl":"Высокий","sv":"менее 50","p":188.58,"q":1.01,"b":0.0,"wi":0.11,"ei":3.64,"as":105.12,"mi":"E","mv":28414,"sc":1,"lpe":99.98,"lpr":158.14,"lq":1.0},{"pi":"1519","pc":"Одежда и обувь","ss":100,"td":"Спальный район","dc":1,"n":49.5,"vc":"около 50","sl":"Высокий","sv":"менее 50","p":245.63,"q":1.05,"b":0.0,"wi":0.13,"ei":4.17,"as":148.84,"mi":"E","mv":25481,"sc":1,"lpe":99.97,"lpr":230.23,"lq":1.0},{"pi":"1519","pc":"Одежда и обувь","ss":100,"td":"Спальный район","dc":1,"n":49.5,"vc":"около 50","sl":"Высокий","sv":"менее 50","p":245.63,"q":1.05,"b":0.0,"wi":0.13,"ei":4.17,"as":148.84,"mi":"E","mv":25481,"sc":1,"lpe":99.97,"lpr":230.23,"lq":1.0},{"pi":"1519","pc":"Одежда и обувь","ss":100,"td":"Спальный район","dc":1,"n":49.5,"vc":"около 50","sl":"Высокий","sv":"менее 50","p":245.63,"q":1.05,"b":0.0,"wi":0.13,"ei":4.17,"as":148.84,"mi":"E","mv":25481,"sc":1,"lpe":99.97,"lpr":230.23,"lq":1.0},{"pi":"1519","pc":"Одежда и обувь","ss":100,"td":"Спальный район","dc":1,"n":49.5,"vc":"около 50","sl":"Высокий","sv":"менее 50","p":245.63,"q":1.05,"b":0.0,"wi":0.13,"ei":4.17,"as":148.84,"mi":"E","mv":25481,"sc":1,"lpe":99.97,"lpr":230.23,"lq":1.0},{"pi":"1519","pc":"Одежда и обувь","ss":500,"td":"Центр города","dc":2,"n":71.64,"vc":"около 500","sl":"Высокий","sv":"более 200","p":900.0,"q":10.0,"b":0.0,"wi":0.71,"ei":4.1,"as":730.0,"mi":"E","mv":719486,"sc":1,"lpe":99.97,"lpr":1129.15,"lq":1.0},{"pi":"1519","pc":"Одежда и обувь","ss":500,"td":"Центр города","dc":2,"n":71.64,"vc":"около 500","sl":"Высокий","sv":"более 200","p":900.0,"q":10.0,"b":0.0,"wi":0.71,"ei":4.1,"as":730.0,"mi":"E","mv":719486,"sc":1,"lpe":99.97,"lpr":1129.15,"lq":1.0},{"pi":"1519","pc":"Одежда и обувь","ss":500,"td":"Центр города","dc":2,"n":71.64,"vc":"около 500","sl":"Высокий","sv":"более 200","p":900.0,"q":10.0,"b":0.0,"wi":0.71,"ei":4.1,"as":730.0,"mi":"E","mv":719486,"sc":1,"lpe":99.97,"lpr":1129.15,"lq":1.0},{"pi":"1519","pc":"Одежда и обувь","ss":500,"td":"Центр города","dc":2,"n":71.64,"vc":"около 500","sl":"Высокий","sv":"более 200","p":900.0,"q":10.0,"b":0.0,"wi":0.71,"ei":4.1,"as":730.0,"mi":"E","mv":719486,"sc":1,"lpe":99.97,"lpr":1129.15,"lq":1.0},{"pi":"1519","pc":"Одежда и обувь","ss":500,"td":"Центр города","dc":2,"n":71.64,"vc":"около 500","sl":"Высокий","sv":"более 200","p":900.0,"q":10.0,"b":0.0,"wi":0.71,"ei":4.1,"as":730.0,"mi":"E","mv":719486,"sc":1,"lpe":99.97,"lpr":1129.15,"lq":1.0},{"pi":"1519","pc":"Одежда и обувь","ss":500,"td":"Центр города","dc":2,"n":71.64,"vc":"около 500","sl":"Высокий","sv":"более 200","p":900.0,"q":10.0,"b":0.0,"wi":0.71,"ei":4.1,"as":730.0,"mi":"E","mv":719486,"sc":1,"lpe":99.97,"lpr":1129.15,"lq":1.0},{"pi":"1519","pc":"Одежда и обувь","ss":500,"td":"Центр города","dc":2,"n":71.64,"vc":"около 500","sl":"Высокий","sv":"более 200","p":900.0,"q":10.0,"b":0.0,"wi":0.71,"ei":4.1,"as":730.0,"mi":"E","mv":719486,"sc":1,"lpe":99.97,"lpr":1129.15,"lq":1.0},{"pi":"1519","pc":"Одежда и обувь","ss":500,"td":"Центр города","dc":2,"n":71.64,"vc":"около 500","sl":"Высокий","sv":"более 200","p":900.0,"q":10.0,"b":0.0,"wi":0.71,"ei":4.1,"as":730.0,"mi":"E","mv":719486,"sc":1,"lpe":99.97,"lpr":1129.15,"lq":1.0},{"pi":"1519","pc":"Одежда и обувь","ss":500,"td":"Центр города","dc":2,"n":71.64,"vc":"около 500","sl":"Высокий","sv":"более 200","p":900.0,"q":10.0,"b":0.0,"wi":0.71,"ei":4.1,"as":730.0,"mi":"E","mv":719486,"sc":1,"lpe":99.97,"lpr":1129.15,"lq":1.0},{"pi":"1519","pc":"Одежда и обувь","ss":500,"td":"Центр города","dc":2,"n":71.64,"vc":"около 500","sl":"Высокий","sv":"более 200","p":900.0,"q":10.0,"b":0.0,"wi":0.71,"ei":4.1,"as":730.0,"mi":"E","mv":719486,"sc":1,"lpe":99.97,"lpr":1129.15,"lq":1.0},{"pi":"1519","pc":"Одежда и обувь","ss":500,"td":"Спальный район","dc":1,"n":0.0,"vc":"более 100","sl":"Низкий","sv":"менее 50","p":200.0,"q":1.01,"b":0.0,"wi":0.19,"ei":4.01,"as":153.22,"mi":"E","mv":68121,"sc":1,"lpe":99.99,"lpr":237.01,"lq":1.0},{"pi":"1519","pc":"Одежда и обувь","ss":500,"td":"Спальный район","dc":1,"n":0.0,"vc":"более 100","sl":"Низкий","sv":"менее 50","p":200.0,"q":1.01,"b":0.0,"wi":0.19,"ei":4.01,"as":153.22,"mi":"E","mv":68121,"sc":1,"lpe":99.99,"lpr":237.01,"lq":1.0},{"pi":"1519","pc":"Одежда и обувь","ss":500,"td":"Спальный район","dc":1,"n":0.0,"vc":"более 100","sl":"Низкий","sv":"менее 50","p":200.0,"q":1.01,"b":0.0,"wi":0.19,"ei":4.01,"as":153.22,"mi":"E","mv":68121,"sc":1,"lpe":99.99,"lpr":237.01,"lq":1.0},{"pi":"1519","pc":"Одежда и обувь","ss":500,"td":"Спальный район","dc":1,"n":0.0,"vc":"более 100","sl":"Низкий","sv":"менее 50","p":200.0,"q":1.01,"b":0.0,"wi":0.19,"ei":4.01,"as":153.22,"mi":"E","mv":68121,"sc":1,"lpe":99.99,"lpr":237.01,"lq":1.0},{"pi":"1519","pc":"Одежда и обувь","ss":100,"td":"Центр города","dc":1,"n":47.73,"vc":"около 100","sl":"Низкий","sv":"менее 50","p":369.35,"q":1.05,"b":0.0,"wi":0.2,"ei":4.36,"as":208.4,"mi":"E","mv":153966,"sc":1,"lpe":100.0,"lpr":322.35,"lq":1.0},{"pi":"1519","pc":"Одежда и обувь","ss":100,"td":"Центр города","dc":1,"n":47.73,"vc":"около 100","sl":"Низкий","sv":"менее 50","p":369.35,"q":1.05,"b":0.0,"wi":0.2,"ei":4.36,"as":208.4,"mi":"E","mv":153966,"sc":1,"lpe":100.0,"lpr":322.35,"lq":1.0},{"pi":"1519","pc":"Одежда и обувь","ss":100,"td":"Центр города","dc":1,"n":47.73,"vc":"около 100","sl":"Низкий","sv":"менее 50","p":369.35,"q":1.05,"b":0.0,"wi":0.2,"ei":4.36,"as":208.4,"mi":"E","mv":153966,"sc":1,"lpe":100.0,"lpr":322.35,"lq":1.0},{"pi":"1519","pc":"Одежда и обувь","ss":100,"td":"Центр города","dc":1,"n":47.73,"vc":"около 100","sl":"Низкий","sv":"менее 50","p":369.35,"q":1.05,"b":0.0,"wi":0.2,"ei":4.36,"as":208.4,"mi":"E","mv":153966,"sc":1,"lpe":100.0,"lpr":322.35,"lq":1.0},{"pi":"1519","pc":"Одежда и обувь","ss":100,"td":"Спальный район","dc":1,"n":0.0,"vc":"около 50","sl":"Низкий","sv":"менее 50","p":206.0,"q":1.0,"b":0.0,"wi":0.16,"ei":4.21,"as":151.88,"mi":"E","mv":96018,"sc":1,"lpe":100.0,"lpr":230.96,"lq":1.0},{"pi":"1519","pc":"Одежда и обувь","ss":100,"td":"Спальный район","dc":1,"n":0.0,"vc":"около 50","sl":"Низкий","sv":"менее 50","p":206.0,"q":1.0,"b":0.0,"wi":0.16,"ei":4.21,"as":151.88,"mi":"E","mv":96018,"sc":1,"lpe":100.0,"lpr":230.96,"lq":1.0},{"pi":"1519","pc":"Одежда и обувь","ss":100,"td":"Спальный район","dc":1,"n":0.0,"vc":"около 50","sl":"Низкий","sv":"менее 50","p":206.0,"q":1.0,"b":0.0,"wi":0.16,"ei":4.21,"as":151.88,"mi":"E","mv":96018,"sc":1,"lpe":100.0,"lpr":230.96,"lq":1.0},{"pi":"1519","pc":"Одежда и обувь","ss":100,"td":"Спальный район","dc":1,"n":0.0,"vc":"около 50","sl":"Низкий","sv":"менее 50","p":206.0,"q":1.0,"b":0.0,"wi":0.16,"ei":4.21,"as":151.88,"mi":"E","mv":96018,"sc":1,"lpe":100.0,"lpr":230.96,"lq":1.0},{"pi":"1519","pc":"Одежда и обувь","ss":1000,"td":"Центр города","dc":1,"n":0.0,"vc":"около 500","sl":"Элитный","sv":"около 500","p":1800.0,"q":1.46,"b":0.0,"wi":1.55,"ei":8.5,"as":1540.0,"mi":"E","mv":965398,"sc":1,"lpe":99.96,"lpr":2382.09,"lq":1.0},{"pi":"1519","pc":"Одежда и обувь","ss":1000,"td":"Центр города","dc":1,"n":0.0,"vc":"около 500","sl":"Элитный","sv":"около 500","p":1800.0,"q":1.46,"b":0.0,"wi":1.55,"ei":8.5,"as":1540.0,"mi":"E","mv":965398,"sc":1,"lpe":99.96,"lpr":2382.09,"lq":1.0},{"pi":"1519","pc":"Одежда и обувь","ss":1000,"td":"Центр города","dc":1,"n":0.0,"vc":"около 500","sl":"Элитный","sv":"около 500","p":1800.0,"q":1.46,"b":0.0,"wi":1.55,"ei":8.5,"as":1540.0,"mi":"E","mv":965398,"sc":1,"lpe":99.96,"lpr":2382.09,"lq":1.0},{"pi":"1519","pc":"Одежда и обувь","ss":1000,"td":"Центр города","dc":1,"n":0.0,"vc":"около 500","sl":"Элитный","sv":"около 500","p":1800.0,"q":1.46,"b":0.0,"wi":1.55,"ei":8.5,"as":1540.0,"mi":"E","mv":965398,"sc":1,"lpe":99.96,"lpr":2382.09,"lq":1.0},{"pi":"1519","pc":"Одежда и обувь","ss":500,"td":"City center","dc":2,"n":137.47,"vc":"более 1 000","sl":"Низкий","sv":"около 200","p":4200.0,"q":10.0,"b":0.0,"wi":1.67,"ei":7.5,"as":1510.0,"mi":"E","mv":98361,"sc":1,"lpe":99.8,"lpr":2353.61,"lq":1.0},{"pi":"1519","pc":"Одежда и обувь","ss":500,"td":"City center","dc":2,"n":137.47,"vc":"более 1 000","sl":"Низкий","sv":"около 200","p":4200.0,"q":10.0,"b":0.0,"wi":1.67,"ei":7.5,"as":1510.0,"mi":"E","mv":98361,"sc":1,"lpe":99.8,"lpr":2353.61,"lq":1.0},{"pi":"1519","pc":"Одежда и обувь","ss":500,"td":"City center","dc":2,"n":137.47,"vc":"более 1 000","sl":"Низкий","sv":"около 200","p":4200.0,"q":10.0,"b":0.0,"wi":1.67,"ei":7.5,"as":1510.0,"mi":"E","mv":98361,"sc":1,"lpe":99.8,"lpr":2353.61,"lq":1.0},{"pi":"1519","pc":"Одежда и обувь","ss":500,"td":"City center","dc":2,"n":137.47,"vc":"более 1 000","sl":"Низкий","sv":"около 200","p":4200.0,"q":10.0,"b":0.0,"wi":1.67,"ei":7.5,"as":1510.0,"mi":"E","mv":98361,"sc":1,"lpe":99.8,"lpr":2353.61,"lq":1.0},{"pi":"1519","pc":"Одежда и обувь","ss":500,"td":"City center","dc":2,"n":137.47,"vc":"более 1 000","sl":"Низкий","sv":"около 200","p":4200.0,"q":10.0,"b":0.0,"wi":1.67,"ei":7.5,"as":1510.0,"mi":"E","mv":98361,"sc":1,"lpe":99.8,"lpr":2353.61,"lq":1.0},{"pi":"1519","pc":"Одежда и обувь","ss":500,"td":"City center","dc":2,"n":137.47,"vc":"более 1 000","sl":"Низкий","sv":"около 200","p":4200.0,"q":10.0,"b":0.0,"wi":1.67,"ei":7.5,"as":1510.0,"mi":"E","mv":98361,"sc":1,"lpe":99.8,"lpr":2353.61,"lq":1.0},{"pi":"1519","pc":"Одежда и обувь","ss":500,"td":"City center","dc":2,"n":137.47,"vc":"более 1 000","sl":"Низкий","sv":"около 200","p":4200.0,"q":10.0,"b":0.0,"wi":1.67,"ei":7.5,"as":1510.0,"mi":"E","mv":98361,"sc":1,"lpe":99.8,"lpr":2353.61,"lq":1.0},{"pi":"1519","pc":"Одежда и обувь","ss":500,"td":"City center","dc":2,"n":137.47,"vc":"более 1 000","sl":"Низкий","sv":"около 200","p":4200.0,"q":10.0,"b":0.0,"wi":1.67,"ei":7.5,"as":1510.0,"mi":"E","mv":98361,"sc":1,"lpe":99.8,"lpr":2353.61,"lq":1.0},{"pi":"1519","pc":"Одежда и обувь","ss":500,"td":"City center","dc":2,"n":137.47,"vc":"более 1 000","sl":"Низкий","sv":"около 200","p":4200.0,"q":10.0,"b":0.0,"wi":1.67,"ei":7.5,"as":1510.0,"mi":"E","mv":98361,"sc":1,"lpe":99.8,"lpr":2353.61,"lq":1.0},{"pi":"1519","pc":"Одежда и обувь","ss":500,"td":"City center","dc":2,"n":137.47,"vc":"более 1 000","sl":"Низкий","sv":"около 200","p":4200.0,"q":10.0,"b":0.0,"wi":1.67,"ei":7.5,"as":1510.0,"mi":"E","mv":98361,"sc":1,"lpe":99.8,"lpr":2353.61,"lq":1.0},{"pi":"1519","pc":"Одежда и обувь","ss":500,"td":"City center","dc":2,"n":137.47,"vc":"более 1 000","sl":"Низкий","sv":"около 200","p":4200.0,"q":10.0,"b":0.0,"wi":1.67,"ei":7.5,"as":1510.0,"mi":"E","mv":98361,"sc":1,"lpe":99.8,"lpr":2353.61,"lq":1.0},{"pi":"1519","pc":"Одежда и обувь","ss":500,"td":"City center","dc":2,"n":137.47,"vc":"более 1 000","sl":"Низкий","sv":"около 200","p":4200.0,"q":10.0,"b":0.0,"wi":1.67,"ei":7.5,"as":1510.0,"mi":"E","mv":98361,"sc":1,"lpe":99.8,"lpr":2353.61,"lq":1.0},{"pi":"1519","pc":"Одежда и обувь","ss":100,"td":"Центр города","dc":1,"n":48.54,"vc":"более 100","sl":"Низкий","sv":"менее 50","p":419.43,"q":1.05,"b":0.0,"wi":0.28,"ei":4.4,"as":273.11,"mi":"E","mv":167311,"sc":1,"lpe":100.0,"lpr":421.2,"lq":1.0},{"pi":"1519","pc":"Одежда и обувь","ss":100,"td":"Центр города","dc":1,"n":48.54,"vc":"более 100","sl":"Низкий","sv":"менее 50","p":419.43,"q":1.05,"b":0.0,"wi":0.28,"ei":4.4,"as":273.11,"mi":"E","mv":167311,"sc":1,"lpe":100.0,"lpr":421.2,"lq":1.0},{"pi":"1519","pc":"Одежда и обувь","ss":100,"td":"Центр города","dc":1,"n":48.54,"vc":"более 100","sl":"Низкий","sv":"менее 50","p":419.43,"q":1.05,"b":0.0,"wi":0.28,"ei":4.4,"as":273.11,"mi":"E","mv":167311,"sc":1,"lpe":100.0,"lpr":421.2,"lq":1.0},{"pi":"1519","pc":"Одежда и обувь","ss":1000,"td":"Центр города","dc":1,"n":9.91,"vc":"более 200","sl":"Очень высокий","sv":"более 100","p":199.0,"q":1.0,"b":0.0,"wi":0.21,"ei":4.35,"as":171.23,"mi":"E","mv":37786,"sc":1,"lpe":99.6,"lpr":261.72,"lq":1.0},{"pi":"1519","pc":"Одежда и обувь","ss":1000,"td":"Центр города","dc":1,"n":9.91,"vc":"более 200","sl":"Очень высокий","sv":"более 100","p":199.0,"q":1.0,"b":0.0,"wi":0.21,"ei":4.35,"as":171.23,"mi":"E","mv":37786,"sc":1,"lpe":99.6,"lpr":261.72,"lq":1.0},{"pi":"1519","pc":"Одежда и обувь","ss":1000,"td":"Центр города","dc":1,"n":9.91,"vc":"более 200","sl":"Очень высокий","sv":"более 100","p":199.0,"q":1.0,"b":0.0,"wi":0.21,"ei":4.35,"as":171.23,"mi":"E","mv":37786,"sc":1,"lpe":99.6,"lpr":261.72,"lq":1.0},{"pi":"1519","pc":"Одежда и обувь","ss":1000,"td":"Центр города","dc":1,"n":9.91,"vc":"более 200","sl":"Очень высокий","sv":"более 100","p":199.0,"q":1.0,"b":0.0,"wi":0.21,"ei":4.35,"as":171.23,"mi":"E","mv":37786,"sc":1,"lpe":99.6,"lpr":261.72,"lq":1.0},{"pi":"1519","pc":"Одежда и обувь","ss":100,"td":"Центр города","dc":1,"n":49.5,"vc":"около 100","sl":"Низкий","sv":"менее 50","p":196.47,"q":1.05,"b":0.0,"wi":0.14,"ei":3.0,"as":119.04,"mi":"E","mv":92296,"sc":2,"lpe":99.99,"lpr":184.14,"lq":1.0},{"pi":"1519","pc":"Одежда и обувь","ss":100,"td":"Центр города","dc":1,"n":46.5,"vc":"около 100","sl":"Нормальный","sv":"менее 50","p":220.04,"q":1.05,"b":0.0,"wi":0.14,"ei":3.0,"as":119.04,"mi":"E","mv":92296,"sc":2,"lpe":99.99,"lpr":184.14,"lq":1.0},{"pi":"1519","pc":"Одежда и обувь","ss":100,"td":"Центр города","dc":1,"n":49.5,"vc":"около 100","sl":"Низкий","sv":"менее 50","p":196.47,"q":1.05,"b":0.0,"wi":0.14,"ei":3.0,"as":119.04,"mi":"E","mv":92296,"sc":2,"lpe":99.99,"lpr":184.14,"lq":1.0},{"pi":"1519","pc":"Одежда и обувь","ss":100,"td":"Центр города","dc":1,"n":46.5,"vc":"около 100","sl":"Нормальный","sv":"менее 50","p":220.04,"q":1.05,"b":0.0,"wi":0.14,"ei":3.0,"as":119.04,"mi":"E","mv":92296,"sc":2,"lpe":99.99,"lpr":184.14,"lq":1.0},{"pi":"1519","pc":"Одежда и обувь","ss":100,"td":"Центр города","dc":1,"n":49.5,"vc":"около 100","sl":"Низкий","sv":"менее 50","p":196.47,"q":1.05,"b":0.0,"wi":0.14,"ei":3.0,"as":119.04,"mi":"E","mv":92296,"sc":2,"lpe":99.99,"lpr":184.14,"lq":1.0},{"pi":"1519","pc":"Одежда и обувь","ss":100,"td":"Центр города","dc":1,"n":46.5,"vc":"около 100","sl":"Нормальный","sv":"менее 50","p":220.04,"q":1.05,"b":0.0,"wi":0.14,"ei":3.0,"as":119.04,"mi":"E","mv":92296,"sc":2,"lpe":99.99,"lpr":184.14,"lq":1.0},{"pi":"1519","pc":"Одежда и обувь","ss":100,"td":"Центр города","dc":1,"n":49.5,"vc":"около 100","sl":"Низкий","sv":"менее 50","p":196.47,"q":1.05,"b":0.0,"wi":0.14,"ei":3.0,"as":119.04,"mi":"E","mv":92296,"sc":2,"lpe":99.99,"lpr":184.14,"lq":1.0},{"pi":"1519","pc":"Одежда и обувь","ss":100,"td":"Центр города","dc":1,"n":46.5,"vc":"около 100","sl":"Нормальный","sv":"менее 50","p":220.04,"q":1.05,"b":0.0,"wi":0.14,"ei":3.0,"as":119.04,"mi":"E","mv":92296,"sc":2,"lpe":99.99,"lpr":184.14,"lq":1.0},{"pi":"1519","pc":"Одежда и обувь","ss":100,"td":"Спальный район","dc":1,"n":48.78,"vc":"около 50","sl":"Высокий","sv":"менее 50","p":173.46,"q":1.05,"b":0.0,"wi":0.14,"ei":2.94,"as":111.16,"mi":"E","mv":43842,"sc":1,"lpe":99.98,"lpr":171.79,"lq":1.0},{"pi":"1519","pc":"Одежда и обувь","ss":100,"td":"Спальный район","dc":1,"n":48.78,"vc":"около 50","sl":"Высокий","sv":"менее 50","p":173.46,"q":1.05,"b":0.0,"wi":0.14,"ei":2.94,"as":111.16,"mi":"E","mv":43842,"sc":1,"lpe":99.98,"lpr":171.79,"lq":1.0},{"pi":"1519","pc":"Одежда и обувь","ss":100,"td":"Спальный район","dc":1,"n":48.78,"vc":"около 50","sl":"Высокий","sv":"менее 50","p":173.46,"q":1.05,"b":0.0,"wi":0.14,"ei":2.94,"as":111.16,"mi":"E","mv":43842,"sc":1,"lpe":99.98,"lpr":171.79,"lq":1.0},{"pi":"1519","pc":"Одежда и обувь","ss":100,"td":"Спальный район","dc":1,"n":48.78,"vc":"около 50","sl":"Высокий","sv":"менее 50","p":173.46,"q":1.05,"b":0.0,"wi":0.14,"ei":2.94,"as":111.16,"mi":"E","mv":43842,"sc":1,"lpe":99.98,"lpr":171.79,"lq":1.0},{"pi":"1519","pc":"Одежда и обувь","ss":500,"td":"Центр города","dc":1,"n":0.0,"vc":"около 100","sl":"Нормальный","sv":"менее 50","p":242.63,"q":1.0,"b":0.0,"wi":0.19,"ei":3.75,"as":177.5,"mi":"E","mv":25119,"sc":1,"lpe":99.96,"lpr":274.55,"lq":1.0},{"pi":"1519","pc":"Одежда и обувь","ss":500,"td":"Центр города","dc":1,"n":0.0,"vc":"около 100","sl":"Нормальный","sv":"менее 50","p":242.63,"q":1.0,"b":0.0,"wi":0.19,"ei":3.75,"as":177.5,"mi":"E","mv":25119,"sc":1,"lpe":99.96,"lpr":274.55,"lq":1.0},{"pi":"1519","pc":"Одежда и обувь","ss":500,"td":"Центр города","dc":1,"n":0.0,"vc":"около 100","sl":"Нормальный","sv":"менее 50","p":242.63,"q":1.0,"b":0.0,"wi":0.19,"ei":3.75,"as":177.5,"mi":"E","mv":25119,"sc":1,"lpe":99.96,"lpr":274.55,"lq":1.0},{"pi":"1519","pc":"Одежда и обувь","ss":500,"td":"Центр города","dc":1,"n":0.0,"vc":"около 100","sl":"Нормальный","sv":"менее 50","p":242.63,"q":1.0,"b":0.0,"wi":0.19,"ei":3.75,"as":177.5,"mi":"E","mv":25119,"sc":1,"lpe":99.96,"lpr":274.55,"lq":1.0},{"pi":"1519","pc":"Одежда и обувь","ss":500,"td":"Центр города","dc":2,"n":128.0,"vc":"более 200","sl":"Очень высокий","sv":"около 200","p":4300.0,"q":10.0,"b":0.0,"wi":1.7,"ei":8.0,"as":1620.0,"mi":"E","mv":92972,"sc":1,"lpe":99.78,"lpr":2505.81,"lq":1.0},{"pi":"1519","pc":"Одежда и обувь","ss":500,"td":"Центр города","dc":2,"n":128.0,"vc":"более 200","sl":"Очень высокий","sv":"около 200","p":4300.0,"q":10.0,"b":0.0,"wi":1.7,"ei":8.0,"as":1620.0,"mi":"E","mv":92972,"sc":1,"lpe":99.78,"lpr":2505.81,"lq":1.0},{"pi":"1519","pc":"Одежда и обувь","ss":500,"td":"Центр города","dc":2,"n":128.0,"vc":"более 200","sl":"Очень высокий","sv":"около 200","p":4300.0,"q":10.0,"b":0.0,"wi":1.7,"ei":8.0,"as":1620.0,"mi":"E","mv":92972,"sc":1,"lpe":99.78,"lpr":2505.81,"lq":1.0},{"pi":"1519","pc":"Одежда и обувь","ss":500,"td":"Центр города","dc":2,"n":128.0,"vc":"более 200","sl":"Очень высокий","sv":"около 200","p":4300.0,"q":10.0,"b":0.0,"wi":1.7,"ei":8.0,"as":1620.0,"mi":"E","mv":92972,"sc":1,"lpe":99.78,"lpr":2505.81,"lq":1.0},{"pi":"1519","pc":"Одежда и обувь","ss":500,"td":"Центр города","dc":2,"n":128.0,"vc":"более 200","sl":"Очень высокий","sv":"около 200","p":4300.0,"q":10.0,"b":0.0,"wi":1.7,"ei":8.0,"as":1620.0,"mi":"E","mv":92972,"sc":1,"lpe":99.78,"lpr":2505.81,"lq":1.0},{"pi":"1519","pc":"Одежда и обувь","ss":500,"td":"Центр города","dc":2,"n":128.0,"vc":"более 200","sl":"Очень высокий","sv":"около 200","p":4300.0,"q":10.0,"b":0.0,"wi":1.7,"ei":8.0,"as":1620.0,"mi":"E","mv":92972,"sc":1,"lpe":99.78,"lpr":2505.81,"lq":1.0},{"pi":"1519","pc":"Одежда и обувь","ss":500,"td":"Центр города","dc":2,"n":128.0,"vc":"более 200","sl":"Очень высокий","sv":"около 200","p":4300.0,"q":10.0,"b":0.0,"wi":1.7,"ei":8.0,"as":1620.0,"mi":"E","mv":92972,"sc":1,"lpe":99.78,"lpr":2505.81,"lq":1.0},{"pi":"1519","pc":"Одежда и обувь","ss":500,"td":"Центр города","dc":2,"n":128.0,"vc":"более 200","sl":"Очень высокий","sv":"около 200","p":4300.0,"q":10.0,"b":0.0,"wi":1.7,"ei":8.0,"as":1620.0,"mi":"E","mv":92972,"sc":1,"lpe":99.78,"lpr":2505.81,"lq":1.0},{"pi":"1519","pc":"Одежда и обувь","ss":500,"td":"Центр города","dc":2,"n":128.0,"vc":"более 200","sl":"Очень высокий","sv":"около 200","p":4300.0,"q":10.0,"b":0.0,"wi":1.7,"ei":8.0,"as":1620.0,"mi":"E","mv":92972,"sc":1,"lpe":99.78,"lpr":2505.81,"lq":1.0},{"pi":"1519","pc":"Одежда и обувь","ss":500,"td":"Центр города","dc":2,"n":128.0,"vc":"более 200","sl":"Очень высокий","sv":"около 200","p":4300.0,"q":10.0,"b":0.0,"wi":1.7,"ei":8.0,"as":1620.0,"mi":"E","mv":92972,"sc":1,"lpe":99.78,"lpr":2505.81,"lq":1.0},{"pi":"1519","pc":"Одежда и обувь","ss":500,"td":"Центр города","dc":2,"n":128.0,"vc":"более 200","sl":"Очень высокий","sv":"около 200","p":4300.0,"q":10.0,"b":0.0,"wi":1.7,"ei":8.0,"as":1620.0,"mi":"E","mv":92972,"sc":1,"lpe":99.78,"lpr":2505.81,"lq":1.0},{"pi":"1519","pc":"Одежда и обувь","ss":500,"td":"Центр города","dc":2,"n":128.0,"vc":"более 200","sl":"Очень высокий","sv":"около 200","p":4300.0,"q":10.0,"b":0.0,"wi":1.7,"ei":8.0,"as":1620.0,"mi":"E","mv":92972,"sc":1,"lpe":99.78,"lpr":2505.81,"lq":1.0}]