[{"d":"04.07.2016","r":8919.0,"q":1.03,"p":36.3,"s":[{"ui":"7650573","t":8224.0,"r":8224.0,"q":1.03,"p":25.0,"mot":"U","mo":8224.0},{"ui":"7652829","t":695.0,"r":695.0,"q":1.0,"p":170.0,"mot":"U","mo":695.0},{"cn":"","ui":"","t":0.0,"r":0.0,"q":0.0,"p":0.0,"mot":"L","mo":0.0}]},{"d":"05.07.2016","r":1775.0,"q":1.0,"p":170.0,"s":[{"ui":"7652829","t":1775.0,"r":1775.0,"q":1.0,"p":170.0,"mot":"U","mo":1775.0},{"cn":"","ui":"","t":0.0,"r":0.0,"q":0.0,"p":0.0,"mot":"L","mo":0.0}]},{"d":"09.07.2016","r":6250.0,"q":1.1,"p":20.0,"s":[{"ui":"7663505","t":6275.0,"r":6250.0,"q":1.1,"p":20.0,"mot":"U","mo":6250.0},{"cn":"","ui":"","t":0.0,"r":0.0,"q":0.0,"p":0.0,"mot":"L","mo":0.0}]},{"d":"10.07.2016","r":28796.0,"q":1.04,"p":8.36,"s":[{"ui":"7663505","t":12695.0,"r":12565.0,"q":1.1,"p":12.0,"mot":"U","mo":12565.0},{"ui":"7666436","t":13591.0,"r":13591.0,"q":1.0,"p":6.0,"mot":"U","mo":13591.0},{"ui":"7666128","t":3730.0,"r":2240.0,"q":1.0,"p":3.0,"mot":"U","mo":2240.0},{"cn":"","ui":"","t":400.0,"r":400.0,"q":1.0,"p":3.9,"mot":"L","mo":400.0}]},{"d":"11.07.2016","r":6650.0,"q":1.0,"p":3.9,"s":[{"ui":"7665627","t":6750.0,"r":6650.0,"q":1.0,"p":3.9,"mot":"U","mo":6650.0},{"cn":"","ui":"","t":0.0,"r":0.0,"q":0.0,"p":0.0,"mot":"L","mo":0.0}]},{"d":"12.07.2016","r":10960.0,"q":1.12,"p":27.2,"s":[{"ui":"7670853","t":2500.0,"r":2500.0,"q":1.0,"p":7.0,"mot":"U","mo":2500.0},{"ui":"7669570","t":9290.0,"r":7885.0,"q":1.16,"p":8.0,"mot":"U","mo":7885.0},{"cn":"","ui":"","t":575.0,"r":575.0,"q":1.1,"p":378.36,"mot":"L","mo":575.0}]},{"d":"13.07.2016","r":53986.0,"q":1.0,"p":3.36,"s":[{"ui":"7673687","t":450000.0,"r":450000.0,"q":1.0,"p":3.09,"mot":"L","mo":50000.0},{"ui":"7670853","t":3993.0,"r":3986.0,"q":1.0,"p":6.8,"mot":"U","mo":3986.0},{"cn":"","ui":"","t":0.0,"r":0.0,"q":0.0,"p":0.0,"mot":"L","mo":0.0}]},{"d":"14.07.2016","r":61044.0,"q":1.95,"p":6.56,"s":[{"ui":"7672368","t":57102.0,"r":52726.0,"q":2.1,"p":6.0,"mot":"U","mo":52726.0},{"ui":"7670853","t":5825.0,"r":5818.0,"q":1.0,"p":5.0,"mot":"U","mo":5818.0},{"cn":"","ui":"","t":6778.0,"r":2500.0,"q":1.1,"p":22.0,"mot":"L","mo":2500.0}]},{"d":"15.07.2016","r":2404.0,"q":2.65,"p":6.0,"s":[{"ui":"7672368","t":8680.0,"r":2304.0,"q":2.71,"p":6.0,"mot":"U","mo":2304.0},{"cn":"","ui":"","t":220.0,"r":100.0,"q":1.36,"p":6.0,"mot":"L","mo":100.0}]},{"d":"16.07.2016","r":8199.0,"q":1.67,"p":5.2,"s":[{"ui":"7678112","t":9480.0,"r":8199.0,"q":1.67,"p":5.2,"mot":"U","mo":8199.0},{"cn":"","ui":"","t":0.0,"r":0.0,"q":0.0,"p":0.0,"mot":"L","mo":0.0}]},{"d":"18.07.2016","r":14061.0,"q":1.55,"p":11.93,"s":[{"ui":"7682042","t":13480.0,"r":13480.0,"q":1.56,"p":12.0,"mot":"U","mo":13480.0},{"cn":"","ui":"","t":3021.0,"r":581.0,"q":1.38,"p":10.23,"mot":"L","mo":581.0}]},{"d":"19.07.2016","r":4300.0,"q":1.32,"p":2.58,"s":[{"ui":"7685803","t":14666.0,"r":14246.0,"q":1.32,"p":2.5,"mot":"L","mo":1400.0},{"ui":"7685804","t":9366.0,"r":7866.0,"q":1.33,"p":2.5,"mot":"L","mo":1400.0},{"ui":"7684396","t":4411.0,"r":2011.0,"q":1.33,"p":2.5,"mot":"L","mo":1400.0},{"cn":"","ui":"","t":11400.0,"r":100.0,"q":1.0,"p":5.8,"mot":"L","mo":100.0}]},{"d":"20.07.2016","r":8804.0,"q":2.22,"p":10.98,"s":[{"ui":"7685047","t":8790.0,"r":8790.0,"q":2.22,"p":10.99,"mot":"U","mo":8790.0},{"cn":"","ui":"","t":2362.0,"r":14.0,"q":1.0,"p":4.75,"mot":"L","mo":14.0}]},{"d":"21.07.2016","r":5732.0,"q":1.73,"p":13.0,"s":[{"ui":"7686478","t":5732.0,"r":5732.0,"q":1.73,"p":13.0,"mot":"U","mo":5732.0},{"cn":"","ui":"","t":0.0,"r":0.0,"q":0.0,"p":0.0,"mot":"L","mo":0.0}]},{"d":"25.07.2016","r":2895.0,"q":1.03,"p":26.62,"s":[{"ui":"7699623","t":2795.0,"r":2695.0,"q":1.0,"p":28.0,"mot":"U","mo":2695.0},{"ui":"7697056","t":14681.0,"r":14681.0,"q":1.42,"p":8.0,"mot":"L","mo":200.0},{"cn":"","ui":"","t":0.0,"r":0.0,"q":0.0,"p":0.0,"mot":"L","mo":0.0}]},{"d":"26.07.2016","r":7530.0,"q":1.0,"p":28.0,"s":[{"ui":"7699623","t":7530.0,"r":7530.0,"q":1.0,"p":28.0,"mot":"U","mo":7530.0},{"cn":"","ui":"","t":0.0,"r":0.0,"q":0.0,"p":0.0,"mot":"L","mo":0.0}]},{"d":"27.07.2016","r":4105.0,"q":1.1,"p":15.05,"s":[{"ui":"7704454","t":17377.0,"r":15077.0,"q":1.1,"p":15.0,"mot":"L","mo":4000.0},{"cn":"","ui":"","t":305.0,"r":105.0,"q":1.1,"p":17.0,"mot":"L","mo":105.0}]},{"d":"01.08.2016","r":2987.0,"q":1.53,"p":50.0,"s":[{"ui":"7715912","t":2987.0,"r":2987.0,"q":1.53,"p":50.0,"mot":"U","mo":2987.0},{"cn":"","ui":"","t":0.0,"r":0.0,"q":0.0,"p":0.0,"mot":"L","mo":0.0}]},{"d":"02.08.2016","r":731.0,"q":1.6,"p":29.95,"s":[{"ui":"7717425","t":1281.0,"r":731.0,"q":1.6,"p":29.95,"mot":"U","mo":731.0},{"cn":"","ui":"","t":0.0,"r":0.0,"q":0.0,"p":0.0,"mot":"L","mo":0.0}]},{"d":"03.08.2016","r":13170.0,"q":1.74,"p":50.0,"s":[{"ui":"7715912","t":13170.0,"r":13170.0,"q":1.74,"p":50.0,"mot":"U","mo":13170.0},{"cn":"","ui":"","t":0.0,"r":0.0,"q":0.0,"p":0.0,"mot":"L","mo":0.0}]},{"d":"04.08.2016","r":100.0,"q":1.0,"p":5.0,"s":[{"ui":"7722383","t":180.0,"r":100.0,"q":1.0,"p":5.0,"mot":"L","mo":100.0},{"cn":"","ui":"","t":0.0,"r":0.0,"q":0.0,"p":0.0,"mot":"L","mo":0.0}]},{"d":"06.08.2016","r":5000.0,"q":1.01,"p":3.2,"s":[{"ui":"7727508","t":17875.0,"r":17875.0,"q":1.01,"p":3.2,"mot":"L","mo":5000.0},{"cn":"","ui":"","t":0.0,"r":0.0,"q":0.0,"p":0.0,"mot":"L","mo":0.0}]},{"d":"08.08.2016","r":85.0,"q":1.0,"p":113.32,"s":[{"ui":"7731456","t":85.0,"r":85.0,"q":1.0,"p":113.32,"mot":"U","mo":85.0},{"cn":"","ui":"","t":0.0,"r":0.0,"q":0.0,"p":0.0,"mot":"L","mo":0.0}]},{"d":"10.08.2016","r":6970.0,"q":1.1,"p":150.0,"s":[{"ui":"7732484","t":6970.0,"r":6970.0,"q":1.1,"p":150.0,"mot":"U","mo":6970.0},{"cn":"","ui":"","t":0.0,"r":0.0,"q":0.0,"p":0.0,"mot":"L","mo":0.0}]},{"d":"11.08.2016","r":20669.0,"q":1.35,"p":114.94,"s":[{"ui":"7732655","t":5659.0,"r":5204.0,"q":2.08,"p":10.75,"mot":"U","mo":5204.0},{"ui":"7732484","t":15515.0,"r":15465.0,"q":1.1,"p":150.0,"mot":"U","mo":15465.0},{"cn":"","ui":"","t":0.0,"r":0.0,"q":0.0,"p":0.0,"mot":"L","mo":0.0}]},{"d":"12.08.2016","r":7000.0,"q":2.69,"p":7.0,"s":[{"ui":"7736286","t":2400.0,"r":2400.0,"q":2.69,"p":7.0,"mot":"U","mo":2400.0},{"ui":"7736288","t":1400.0,"r":1400.0,"q":2.69,"p":7.0,"mot":"U","mo":1400.0},{"ui":"7736289","t":3200.0,"r":3200.0,"q":2.7,"p":7.0,"mot":"U","mo":3200.0},{"cn":"","ui":"","t":0.0,"r":0.0,"q":0.0,"p":0.0,"mot":"L","mo":0.0}]},{"d":"13.08.2016","r":22800.0,"q":2.66,"p":7.0,"s":[{"ui":"7736288","t":11800.0,"r":11800.0,"q":2.66,"p":7.0,"mot":"U","mo":11800.0},{"ui":"7736289","t":13600.0,"r":11000.0,"q":2.66,"p":7.0,"mot":"U","mo":11000.0},{"cn":"","ui":"","t":0.0,"r":0.0,"q":0.0,"p":0.0,"mot":"L","mo":0.0}]},{"d":"15.08.2016","r":23323.0,"q":1.0,"p":23.56,"s":[{"ui":"7743783","t":2923.0,"r":2923.0,"q":1.0,"p":125.16,"mot":"U","mo":2923.0},{"ui":"7741462","t":21200.0,"r":20400.0,"q":1.0,"p":9.0,"mot":"U","mo":20400.0},{"cn":"","ui":"","t":0.0,"r":0.0,"q":0.0,"p":0.0,"mot":"L","mo":0.0}]},{"d":"17.08.2016","r":11107.0,"q":1.06,"p":35.22,"s":[{"ui":"7748936","t":11087.0,"r":11087.0,"q":1.06,"p":35.22,"mot":"U","mo":11087.0},{"cn":"","ui":"","t":97.0,"r":20.0,"q":1.0,"p":35.0,"mot":"L","mo":20.0}]},{"d":"18.08.2016","r":6265.0,"q":1.1,"p":14.0,"s":[{"ui":"7751776","t":6265.0,"r":6265.0,"q":1.1,"p":14.0,"mot":"U","mo":6265.0},{"cn":"","ui":"","t":0.0,"r":0.0,"q":0.0,"p":0.0,"mot":"L","mo":0.0}]},{"d":"21.08.2016","r":500.0,"q":1.0,"p":41.0,"s":[{"ui":"7756538","t":4145.0,"r":3735.0,"q":1.0,"p":41.0,"mot":"L","mo":500.0},{"cn":"","ui":"","t":0.0,"r":0.0,"q":0.0,"p":0.0,"mot":"L","mo":0.0}]},{"d":"22.08.2016","r":500.0,"q":1.0,"p":41.0,"s":[{"ui":"7756538","t":6283.0,"r":6283.0,"q":1.0,"p":41.0,"mot":"L","mo":500.0},{"cn":"","ui":"","t":0.0,"r":0.0,"q":0.0,"p":0.0,"mot":"L","mo":0.0}]},{"d":"23.08.2016","r":2045.0,"q":1.05,"p":2.0,"s":[{"ui":"7763548","t":2045.0,"r":2045.0,"q":1.05,"p":2.0,"mot":"L","mo":2045.0},{"cn":"","ui":"","t":0.0,"r":0.0,"q":0.0,"p":0.0,"mot":"L","mo":0.0}]},{"d":"26.08.2016","r":25800.0,"q":1.22,"p":25.65,"s":[{"ui":"7767277","t":14855.0,"r":14855.0,"q":1.37,"p":42.6,"mot":"U","mo":14855.0},{"ui":"7768449","t":9500.0,"r":9500.0,"q":1.0,"p":2.5,"mot":"U","mo":9500.0},{"ui":"7767061","t":1400.0,"r":1400.0,"q":1.08,"p":2.5,"mot":"U","mo":1400.0},{"cn":"","ui":"","t":195.0,"r":45.0,"q":1.0,"p":40.0,"mot":"L","mo":45.0}]},{"d":"30.08.2016","r":49051.0,"q":1.09,"p":10.24,"s":[{"ui":"7775601","t":3500.0,"r":3500.0,"q":1.0,"p":50.0,"mot":"U","mo":3500.0},{"ui":"7775956","t":45301.0,"r":45051.0,"q":1.0,"p":6.99,"mot":"U","mo":45051.0},{"cn":"","ui":"","t":500.0,"r":500.0,"q":10.0,"p":25.0,"mot":"L","mo":500.0}]},{"d":"31.08.2016","r":208645.0,"q":1.0,"p":3.02,"s":[{"ui":"7781219","t":208200.0,"r":207900.0,"q":1.0,"p":3.0,"mot":"U","mo":207900.0},{"cn":"","ui":"","t":745.0,"r":745.0,"q":1.0,"p":9.5,"mot":"L","mo":745.0}]},{"d":"02.09.2016","r":7410.0,"q":1.08,"p":7.1,"s":[{"ui":"7784710","t":990.0,"r":990.0,"q":1.57,"p":5.8,"mot":"U","mo":990.0},{"ui":"7783772","t":7020.0,"r":6420.0,"q":1.0,"p":7.3,"mot":"U","mo":6420.0},{"cn":"","ui":"","t":0.0,"r":0.0,"q":0.0,"p":0.0,"mot":"L","mo":0.0}]},{"d":"05.09.2016","r":81.0,"q":1.0,"p":3.0,"s":[{"ui":"7791668","t":101.0,"r":81.0,"q":1.0,"p":3.0,"mot":"U","mo":81.0},{"cn":"","ui":"","t":0.0,"r":0.0,"q":0.0,"p":0.0,"mot":"L","mo":0.0}]},{"d":"06.09.2016","r":6047.0,"q":1.1,"p":1.76,"s":[{"ui":"7792091","t":39805.0,"r":39705.0,"q":1.1,"p":1.75,"mot":"L","mo":6000.0},{"cn":"","ui":"","t":107.0,"r":47.0,"q":1.0,"p":3.0,"mot":"L","mo":47.0}]},{"d":"07.09.2016","r":100.0,"q":1.15,"p":17.0,"s":[{"ui":"7795219","t":200.0,"r":200.0,"q":1.15,"p":17.0,"mot":"L","mo":100.0},{"cn":"","ui":"","t":0.0,"r":0.0,"q":0.0,"p":0.0,"mot":"L","mo":0.0}]},{"d":"08.09.2016","r":1595.0,"q":1.71,"p":24.0,"s":[{"ui":"7797112","t":2005.0,"r":1595.0,"q":1.71,"p":24.0,"mot":"U","mo":1595.0},{"cn":"","ui":"","t":0.0,"r":0.0,"q":0.0,"p":0.0,"mot":"L","mo":0.0}]},{"d":"09.09.2016","r":5100.0,"q":1.72,"p":25.82,"s":[{"ui":"7797112","t":5025.0,"r":5000.0,"q":1.73,"p":26.0,"mot":"U","mo":5000.0},{"cn":"","ui":"","t":933.0,"r":100.0,"q":1.15,"p":17.0,"mot":"L","mo":100.0}]},{"d":"10.09.2016","r":32402.0,"q":1.3,"p":15.08,"s":[{"ui":"7797112","t":13327.0,"r":13302.0,"q":1.72,"p":26.0,"mot":"U","mo":13302.0},{"ui":"7801395","t":19200.0,"r":19100.0,"q":1.0,"p":7.48,"mot":"U","mo":19100.0},{"cn":"","ui":"","t":0.0,"r":0.0,"q":0.0,"p":0.0,"mot":"L","mo":0.0}]},{"d":"11.09.2016","r":30850.0,"q":1.09,"p":5.41,"s":[{"ui":"7804851","t":20125.0,"r":20125.0,"q":1.19,"p":3.23,"mot":"L","mo":15000.0},{"ui":"7801395","t":16000.0,"r":15850.0,"q":1.0,"p":7.48,"mot":"U","mo":15850.0},{"cn":"","ui":"","t":0.0,"r":0.0,"q":0.0,"p":0.0,"mot":"L","mo":0.0}]},{"d":"12.09.2016","r":18495.0,"q":1.15,"p":3.75,"s":[{"ui":"7806596","t":3495.0,"r":3495.0,"q":1.0,"p":6.0,"mot":"U","mo":3495.0},{"ui":"7804851","t":19925.0,"r":19925.0,"q":1.19,"p":3.23,"mot":"L","mo":15000.0},{"cn":"","ui":"","t":0.0,"r":0.0,"q":0.0,"p":0.0,"mot":"L","mo":0.0}]},{"d":"15.09.2016","r":1875.0,"q":1.0,"p":23.0,"s":[{"ui":"7812837","t":1875.0,"r":1875.0,"q":1.0,"p":23.0,"mot":"U","mo":1875.0},{"cn":"","ui":"","t":0.0,"r":0.0,"q":0.0,"p":0.0,"mot":"L","mo":0.0}]},{"d":"16.09.2016","r":11315.0,"q":1.0,"p":18.0,"s":[{"ui":"7812837","t":11365.0,"r":11315.0,"q":1.0,"p":18.0,"mot":"U","mo":11315.0},{"cn":"","ui":"","t":0.0,"r":0.0,"q":0.0,"p":0.0,"mot":"L","mo":0.0}]},{"d":"17.09.2016","r":23698.0,"q":1.0,"p":17.13,"s":[{"ui":"7812837","t":22141.0,"r":22091.0,"q":1.0,"p":18.0,"mot":"U","mo":22091.0},{"ui":"7816132","t":2107.0,"r":1607.0,"q":1.05,"p":5.12,"mot":"L","mo":1607.0},{"cn":"","ui":"","t":0.0,"r":0.0,"q":0.0,"p":0.0,"mot":"L","mo":0.0}]},{"d":"18.09.2016","r":262.0,"q":1.05,"p":5.12,"s":[{"ui":"7816132","t":262.0,"r":262.0,"q":1.05,"p":5.12,"mot":"L","mo":262.0},{"cn":"","ui":"","t":0.0,"r":0.0,"q":0.0,"p":0.0,"mot":"L","mo":0.0}]},{"d":"21.09.2016","r":13095.0,"q":1.02,"p":5.65,"s":[{"ui":"7825005","t":3275.0,"r":3095.0,"q":1.1,"p":7.1,"mot":"U","mo":3095.0},{"ui":"7825444","t":81248.0,"r":81248.0,"q":1.0,"p":5.2,"mot":"L","mo":10000.0},{"cn":"","ui":"","t":0.0,"r":0.0,"q":0.0,"p":0.0,"mot":"L","mo":0.0}]},{"d":"23.09.2016","r":2909.0,"q":1.15,"p":12.29,"s":[{"ui":"7829613","t":689.0,"r":689.0,"q":1.0,"p":25.0,"mot":"U","mo":689.0},{"ui":"7827711","t":1825.0,"r":1325.0,"q":1.23,"p":7.0,"mot":"L","mo":1000.0},{"ui":"7827725","t":3270.0,"r":970.0,"q":1.1,"p":9.5,"mot":"U","mo":970.0},{"ui":"7829950","t":150.0,"r":150.0,"q":1.73,"p":5.0,"mot":"U","mo":150.0},{"cn":"","ui":"","t":3800.0,"r":100.0,"q":1.01,"p":15.5,"mot":"L","mo":100.0}]},{"d":"24.09.2016","r":11591.0,"q":1.1,"p":14.57,"s":[{"ui":"7831992","t":11208.0,"r":11208.0,"q":1.1,"p":15.0,"mot":"U","mo":11208.0},{"cn":"","ui":"","t":623.0,"r":383.0,"q":1.1,"p":2.0,"mot":"L","mo":383.0}]},{"d":"25.09.2016","r":17208.0,"q":1.1,"p":15.0,"s":[{"ui":"7831992","t":17208.0,"r":17208.0,"q":1.1,"p":15.0,"mot":"U","mo":17208.0},{"cn":"","ui":"","t":0.0,"r":0.0,"q":0.0,"p":0.0,"mot":"L","mo":0.0}]},{"d":"26.09.2016","r":30.0,"q":1.0,"p":12.0,"s":[{"ui":"7836696","t":120.0,"r":90.0,"q":1.0,"p":12.0,"mot":"L","mo":30.0},{"cn":"","ui":"","t":0.0,"r":0.0,"q":0.0,"p":0.0,"mot":"L","mo":0.0}]},{"d":"04.10.2016","r":500.0,"q":1.1,"p":25.0,"s":[{"ui":"7853488","t":3645.0,"r":2995.0,"q":1.1,"p":25.0,"mot":"L","mo":500.0},{"cn":"","ui":"","t":0.0,"r":0.0,"q":0.0,"p":0.0,"mot":"L","mo":0.0}]},{"d":"05.10.2016","r":1055.0,"q":9.54,"p":14.07,"s":[{"ui":"7858074","t":1000.0,"r":1000.0,"q":10.0,"p":13.3,"mot":"U","mo":1000.0},{"ui":"7853488","t":55.0,"r":55.0,"q":1.1,"p":28.0,"mot":"L","mo":55.0},{"cn":"","ui":"","t":0.0,"r":0.0,"q":0.0,"p":0.0,"mot":"L","mo":0.0}]},{"d":"07.10.2016","r":4421.0,"q":9.8,"p":13.07,"s":[{"ui":"7858074","t":5768.0,"r":4321.0,"q":10.0,"p":13.3,"mot":"U","mo":4321.0},{"cn":"","ui":"","t":3000.0,"r":100.0,"q":1.01,"p":3.3,"mot":"L","mo":100.0}]},{"d":"09.10.2016","r":5152.0,"q":1.1,"p":3.21,"s":[{"ui":"7865355","t":470.0,"r":270.0,"q":1.02,"p":7.0,"mot":"U","mo":270.0},{"ui":"7864299","t":8482.0,"r":4882.0,"q":1.1,"p":3.0,"mot":"U","mo":4882.0},{"cn":"","ui":"","t":0.0,"r":0.0,"q":0.0,"p":0.0,"mot":"L","mo":0.0}]},{"d":"11.10.2016","r":8670.0,"q":1.76,"p":9.71,"s":[{"ui":"7868042","t":8400.0,"r":8400.0,"q":1.77,"p":7.0,"mot":"U","mo":8400.0},{"cn":"","ui":"","t":2070.0,"r":270.0,"q":1.41,"p":94.0,"mot":"L","mo":270.0}]},{"d":"12.10.2016","r":5333.0,"q":1.1,"p":7.38,"s":[{"ui":"7871682","t":1693.0,"r":1183.0,"q":1.01,"p":12.0,"mot":"U","mo":1183.0},{"ui":"7872985","t":38415.0,"r":38415.0,"q":1.1,"p":5.62,"mot":"L","mo":4000.0},{"cn":"","ui":"","t":8550.0,"r":150.0,"q":1.74,"p":18.0,"mot":"L","mo":150.0}]},{"d":"13.10.2016","r":5693.0,"q":1.35,"p":6.58,"s":[{"ui":"7871682","t":1693.0,"r":1693.0,"q":1.01,"p":12.0,"mot":"U","mo":1693.0},{"ui":"7872985","t":76785.0,"r":74485.0,"q":1.49,"p":4.28,"mot":"L","mo":4000.0},{"cn":"","ui":"","t":0.0,"r":0.0,"q":0.0,"p":0.0,"mot":"L","mo":0.0}]},{"d":"17.10.2016","r":43340.0,"q":1.25,"p":19.0,"s":[{"ui":"7879900","t":43340.0,"r":43340.0,"q":1.25,"p":19.0,"mot":"U","mo":43340.0},{"cn":"","ui":"","t":0.0,"r":0.0,"q":0.0,"p":0.0,"mot":"L","mo":0.0}]},{"d":"18.10.2016","r":63675.0,"q":1.6,"p":21.86,"s":[{"ui":"7879900","t":57990.0,"r":56990.0,"q":1.46,"p":20.0,"mot":"U","mo":56990.0},{"ui":"7888705","t":7200.0,"r":6000.0,"q":3.0,"p":10.53,"mot":"U","mo":6000.0},{"cn":"","ui":"","t":745.0,"r":685.0,"q":1.0,"p":275.99,"mot":"L","mo":685.0}]},{"d":"19.10.2016","r":25800.0,"q":2.37,"p":59.01,"s":[{"ui":"7891829","t":1865.0,"r":1865.0,"q":1.1,"p":24.15,"mot":"U","mo":1865.0},{"ui":"7888705","t":23450.0,"r":19450.0,"q":2.79,"p":11.53,"mot":"U","mo":19450.0},{"ui":"7889172","t":4475.0,"r":4475.0,"q":1.07,"p":280.0,"mot":"U","mo":4475.0},{"cn":"","ui":"","t":260.0,"r":10.0,"q":1.0,"p":5.5,"mot":"L","mo":10.0}]},{"d":"20.10.2016","r":44150.0,"q":1.3,"p":75.91,"s":[{"ui":"7888705","t":38225.0,"r":32400.0,"q":1.37,"p":13.53,"mot":"U","mo":32400.0},{"ui":"7889172","t":10075.0,"r":10075.0,"q":1.07,"p":280.0,"mot":"U","mo":10075.0},{"cn":"","ui":"","t":4715.0,"r":1675.0,"q":1.36,"p":55.07,"mot":"L","mo":1675.0}]},{"d":"21.10.2016","r":3760.0,"q":5.04,"p":17.28,"s":[{"ui":"7894188","t":6990.0,"r":6990.0,"q":1.72,"p":32.0,"mot":"L","mo":300.0},{"ui":"7895574","t":3480.0,"r":3460.0,"q":5.33,"p":16.0,"mot":"U","mo":3460.0},{"cn":"","ui":"","t":0.0,"r":0.0,"q":0.0,"p":0.0,"mot":"L","mo":0.0}]},{"d":"22.10.2016","r":16765.0,"q":1.92,"p":24.4,"s":[{"ui":"7894188","t":14249.0,"r":14237.0,"q":1.84,"p":27.0,"mot":"U","mo":14237.0},{"ui":"7899108","t":7103.0,"r":2503.0,"q":2.41,"p":9.5,"mot":"U","mo":2503.0},{"cn":"","ui":"","t":495.0,"r":25.0,"q":1.57,"p":38.0,"mot":"L","mo":25.0}]},{"d":"23.10.2016","r":3560.0,"q":2.07,"p":9.59,"s":[{"ui":"7899108","t":12324.0,"r":3355.0,"q":2.11,"p":9.5,"mot":"U","mo":3355.0},{"cn":"","ui":"","t":1910.0,"r":205.0,"q":1.37,"p":11.02,"mot":"L","mo":205.0}]},{"d":"24.10.2016","r":1403.0,"q":1.39,"p":12.0,"s":[{"ui":"7900339","t":2678.0,"r":1403.0,"q":1.39,"p":12.0,"mot":"U","mo":1403.0},{"cn":"","ui":"","t":0.0,"r":0.0,"q":0.0,"p":0.0,"mot":"L","mo":0.0}]},{"d":"25.10.2016","r":200.0,"q":5.58,"p":56.75,"s":[{"ui":"7905482","t":1770.0,"r":1770.0,"q":1.16,"p":100.0,"mot":"L","mo":100.0},{"ui":"7905938","t":6000.0,"r":5900.0,"q":10.0,"p":13.5,"mot":"L","mo":100.0},{"cn":"","ui":"","t":0.0,"r":0.0,"q":0.0,"p":0.0,"mot":"L","mo":0.0}]},{"d":"30.10.2016","r":183310.0,"q":1.37,"p":27.0,"s":[{"ui":"7911553","t":184310.0,"r":183310.0,"q":1.37,"p":27.0,"mot":"U","mo":183310.0},{"cn":"","ui":"","t":0.0,"r":0.0,"q":0.0,"p":0.0,"mot":"L","mo":0.0}]},{"d":"31.10.2016","r":164710.0,"q":1.81,"p":27.0,"s":[{"ui":"7911553","t":168010.0,"r":164710.0,"q":1.81,"p":27.0,"mot":"U","mo":164710.0},{"cn":"","ui":"","t":0.0,"r":0.0,"q":0.0,"p":0.0,"mot":"L","mo":0.0}]},{"d":"01.11.2016","r":32743.0,"q":1.85,"p":7.0,"s":[{"ui":"7915054","t":49515.0,"r":32743.0,"q":1.85,"p":7.0,"mot":"U","mo":32743.0},{"cn":"","ui":"","t":0.0,"r":0.0,"q":0.0,"p":0.0,"mot":"L","mo":0.0}]},{"d":"02.11.2016","r":42025.0,"q":1.82,"p":7.07,"s":[{"ui":"7915054","t":40969.0,"r":40575.0,"q":1.85,"p":7.0,"mot":"U","mo":40575.0},{"cn":"","ui":"","t":1650.0,"r":1450.0,"q":1.1,"p":9.0,"mot":"L","mo":1450.0}]},{"d":"04.11.2016","r":1500.0,"q":10.0,"p":15.0,"s":[{"ui":"7920194","t":1500.0,"r":1500.0,"q":10.0,"p":15.0,"mot":"U","mo":1500.0},{"cn":"","ui":"","t":0.0,"r":0.0,"q":0.0,"p":0.0,"mot":"L","mo":0.0}]},{"d":"06.11.2016","r":117.0,"q":1.03,"p":7.19,"s":[{"ui":"7923477","t":383.0,"r":83.0,"q":1.0,"p":8.5,"mot":"U","mo":83.0},{"ui":"7920040","t":154.0,"r":34.0,"q":1.1,"p":4.0,"mot":"U","mo":34.0},{"cn":"","ui":"","t":0.0,"r":0.0,"q":0.0,"p":0.0,"mot":"L","mo":0.0}]},{"d":"07.11.2016","r":665.0,"q":1.0,"p":15.0,"s":[{"ui":"7924155","t":815.0,"r":665.0,"q":1.0,"p":15.0,"mot":"U","mo":665.0},{"cn":"","ui":"","t":0.0,"r":0.0,"q":0.0,"p":0.0,"mot":"L","mo":0.0}]},{"d":"08.11.2016","r":3705.0,"q":1.0,"p":15.0,"s":[{"ui":"7924155","t":3855.0,"r":3705.0,"q":1.0,"p":15.0,"mot":"U","mo":3705.0},{"cn":"","ui":"","t":0.0,"r":0.0,"q":0.0,"p":0.0,"mot":"L","mo":0.0}]},{"d":"09.11.2016","r":5070.0,"q":1.0,"p":15.0,"s":[{"ui":"7924155","t":5220.0,"r":5070.0,"q":1.0,"p":15.0,"mot":"U","mo":5070.0},{"cn":"","ui":"","t":0.0,"r":0.0,"q":0.0,"p":0.0,"mot":"L","mo":0.0}]},{"d":"14.11.2016","r":240.0,"q":1.1,"p":60.0,"s":[{"ui":"7935013","t":240.0,"r":240.0,"q":1.1,"p":60.0,"mot":"U","mo":240.0},{"cn":"","ui":"","t":0.0,"r":0.0,"q":0.0,"p":0.0,"mot":"L","mo":0.0}]},{"d":"16.11.2016","r":600.0,"q":5.0,"p":8.75,"s":[{"ui":"7937609","t":600.0,"r":600.0,"q":5.0,"p":8.75,"mot":"U","mo":600.0},{"cn":"","ui":"","t":0.0,"r":0.0,"q":0.0,"p":0.0,"mot":"L","mo":0.0}]},{"d":"17.11.2016","r":14364.0,"q":1.67,"p":7.28,"s":[{"ui":"7936545","t":12064.0,"r":12064.0,"q":1.04,"p":7.0,"mot":"U","mo":12064.0},{"ui":"7937609","t":2300.0,"r":2300.0,"q":5.0,"p":8.75,"mot":"U","mo":2300.0},{"cn":"","ui":"","t":0.0,"r":0.0,"q":0.0,"p":0.0,"mot":"L","mo":0.0}]},{"d":"18.11.2016","r":1900.0,"q":5.0,"p":8.75,"s":[{"ui":"7937609","t":2000.0,"r":1900.0,"q":5.0,"p":8.75,"mot":"U","mo":1900.0},{"cn":"","ui":"","t":0.0,"r":0.0,"q":0.0,"p":0.0,"mot":"L","mo":0.0}]},{"d":"19.11.2016","r":15310.0,"q":1.0,"p":7.37,"s":[{"ui":"7939613","t":15210.0,"r":15210.0,"q":1.0,"p":6.5,"mot":"U","mo":15210.0},{"cn":"","ui":"","t":290.0,"r":100.0,"q":1.1,"p":140.0,"mot":"L","mo":100.0}]},{"d":"20.11.2016","r":27255.0,"q":1.0,"p":6.99,"s":[{"ui":"7939613","t":27155.0,"r":27155.0,"q":1.0,"p":6.5,"mot":"U","mo":27155.0},{"cn":"","ui":"","t":5575.0,"r":100.0,"q":1.1,"p":140.0,"mot":"L","mo":100.0}]},{"d":"21.11.2016","r":100.0,"q":1.1,"p":140.0,"s":[{"ui":"7941637","t":6241.0,"r":6241.0,"q":1.1,"p":140.0,"mot":"L","mo":100.0},{"cn":"","ui":"","t":0.0,"r":0.0,"q":0.0,"p":0.0,"mot":"L","mo":0.0}]},{"d":"23.11.2016","r":247.0,"q":1.1,"p":20.0,"s":[{"ui":"7946197","t":247.0,"r":247.0,"q":1.1,"p":20.0,"mot":"U","mo":247.0},{"cn":"","ui":"","t":0.0,"r":0.0,"q":0.0,"p":0.0,"mot":"L","mo":0.0}]},{"d":"24.11.2016","r":1447.0,"q":1.1,"p":44.0,"s":[{"ui":"7946197","t":1447.0,"r":1447.0,"q":1.1,"p":44.0,"mot":"U","mo":1447.0},{"cn":"","ui":"","t":0.0,"r":0.0,"q":0.0,"p":0.0,"mot":"L","mo":0.0}]},{"d":"25.11.2016","r":4497.0,"q":1.06,"p":27.15,"s":[{"ui":"7946197","t":2697.0,"r":2697.0,"q":1.1,"p":44.0,"mot":"U","mo":2697.0},{"ui":"7948014","t":2000.0,"r":1800.0,"q":1.0,"p":1.9,"mot":"U","mo":1800.0},{"cn":"","ui":"","t":0.0,"r":0.0,"q":0.0,"p":0.0,"mot":"L","mo":0.0}]},{"d":"01.12.2016","r":2500.0,"q":1.57,"p":7.5,"s":[{"ui":"7955008","t":35010.0,"r":35010.0,"q":1.57,"p":7.5,"mot":"L","mo":2500.0},{"cn":"","ui":"","t":0.0,"r":0.0,"q":0.0,"p":0.0,"mot":"L","mo":0.0}]},{"d":"12.12.2016","r":6030.0,"q":1.0,"p":6.01,"s":[{"ui":"7970150","t":6030.0,"r":6030.0,"q":1.0,"p":6.01,"mot":"U","mo":6030.0},{"cn":"","ui":"","t":0.0,"r":0.0,"q":0.0,"p":0.0,"mot":"L","mo":0.0}]},{"d":"13.12.2016","r":5085.0,"q":1.0,"p":9.72,"s":[{"ui":"7970150","t":2435.0,"r":1935.0,"q":1.0,"p":6.01,"mot":"U","mo":1935.0},{"ui":"7971120","t":3150.0,"r":3150.0,"q":1.0,"p":12.0,"mot":"U","mo":3150.0},{"cn":"","ui":"","t":0.0,"r":0.0,"q":0.0,"p":0.0,"mot":"L","mo":0.0}]},{"d":"14.12.2016","r":6745.0,"q":1.0,"p":44.83,"s":[{"ui":"7971120","t":5795.0,"r":5795.0,"q":1.0,"p":3.0,"mot":"U","mo":5795.0},{"ui":"7971473","t":950.0,"r":950.0,"q":1.0,"p":300.0,"mot":"U","mo":950.0},{"cn":"","ui":"","t":0.0,"r":0.0,"q":0.0,"p":0.0,"mot":"L","mo":0.0}]},{"d":"15.12.2016","r":15993.0,"q":1.0,"p":50.28,"s":[{"ui":"7973991","t":8260.0,"r":8260.0,"q":1.0,"p":10.0,"mot":"U","mo":8260.0},{"ui":"7971473","t":7199.0,"r":7199.0,"q":1.0,"p":100.0,"mot":"U","mo":7199.0},{"cn":"","ui":"","t":534.0,"r":534.0,"q":1.0,"p":3.0,"mot":"L","mo":534.0}]},{"d":"16.12.2016","r":100.0,"q":1.0,"p":5.0,"s":[{"ui":"7976636","t":300.0,"r":300.0,"q":1.0,"p":5.0,"mot":"L","mo":100.0},{"cn":"","ui":"","t":0.0,"r":0.0,"q":0.0,"p":0.0,"mot":"L","mo":0.0}]},{"d":"17.12.2016","r":100.0,"q":1.0,"p":5.0,"s":[{"ui":"7976636","t":2600.0,"r":2600.0,"q":1.0,"p":5.0,"mot":"L","mo":100.0},{"cn":"","ui":"","t":0.0,"r":0.0,"q":0.0,"p":0.0,"mot":"L","mo":0.0}]},{"d":"18.12.2016","r":300.0,"q":1.0,"p":8.0,"s":[{"ui":"7980222","t":900.0,"r":900.0,"q":1.0,"p":8.0,"mot":"L","mo":300.0},{"cn":"","ui":"","t":0.0,"r":0.0,"q":0.0,"p":0.0,"mot":"L","mo":0.0}]},{"d":"19.12.2016","r":300.0,"q":1.0,"p":8.0,"s":[{"ui":"7980222","t":8400.0,"r":8400.0,"q":1.0,"p":8.0,"mot":"L","mo":300.0},{"cn":"","ui":"","t":0.0,"r":0.0,"q":0.0,"p":0.0,"mot":"L","mo":0.0}]},{"d":"22.12.2016","r":11843.0,"q":1.31,"p":5.0,"s":[{"ui":"7984417","t":11868.0,"r":11843.0,"q":1.31,"p":5.0,"mot":"U","mo":11843.0},{"cn":"","ui":"","t":0.0,"r":0.0,"q":0.0,"p":0.0,"mot":"L","mo":0.0}]},{"d":"23.12.2016","r":10020.0,"q":1.1,"p":7.16,"s":[{"ui":"7986947","t":15733.0,"r":15435.0,"q":1.1,"p":7.11,"mot":"L","mo":10000.0},{"cn":"","ui":"","t":20.0,"r":20.0,"q":1.1,"p":30.0,"mot":"L","mo":20.0}]},{"d":"24.12.2016","r":4513.0,"q":1.1,"p":15.0,"s":[{"ui":"7987178","t":4713.0,"r":4513.0,"q":1.1,"p":15.0,"mot":"U","mo":4513.0},{"cn":"","ui":"","t":0.0,"r":0.0,"q":0.0,"p":0.0,"mot":"L","mo":0.0}]},{"d":"25.12.2016","r":38720.0,"q":1.1,"p":10.09,"s":[{"ui":"7987178","t":11778.0,"r":11578.0,"q":1.1,"p":15.0,"mot":"U","mo":11578.0},{"ui":"7987777","t":27142.0,"r":27142.0,"q":1.1,"p":8.0,"mot":"U","mo":27142.0},{"cn":"","ui":"","t":0.0,"r":0.0,"q":0.0,"p":0.0,"mot":"L","mo":0.0}]},{"d":"27.12.2016","r":190.0,"q":4.72,"p":61.0,"s":[{"ui":"7990483","t":1213.0,"r":1073.0,"q":4.72,"p":61.0,"mot":"L","mo":190.0},{"cn":"","ui":"","t":0.0,"r":0.0,"q":0.0,"p":0.0,"mot":"L","mo":0.0}]},{"d":"28.12.2016","r":2825.0,"q":1.0,"p":40.0,"s":[{"ui":"7992668","t":2825.0,"r":2825.0,"q":1.0,"p":40.0,"mot":"U","mo":2825.0},{"cn":"","ui":"","t":0.0,"r":0.0,"q":0.0,"p":0.0,"mot":"L","mo":0.0}]},{"d":"02.01.2017","r":590.0,"q":1.0,"p":2.0,"s":[{"ui":"7998418","t":590.0,"r":590.0,"q":1.0,"p":2.0,"mot":"L","mo":590.0},{"cn":"","ui":"","t":0.0,"r":0.0,"q":0.0,"p":0.0,"mot":"L","mo":0.0}]},{"d":"07.01.2017","r":975.0,"q":1.0,"p":135.0,"s":[{"ui":"8004322","t":975.0,"r":975.0,"q":1.0,"p":135.0,"mot":"U","mo":975.0},{"cn":"","ui":"","t":0.0,"r":0.0,"q":0.0,"p":0.0,"mot":"L","mo":0.0}]},{"d":"09.01.2017","r":4190.0,"q":1.0,"p":8.0,"s":[{"ui":"8006210","t":4190.0,"r":4190.0,"q":1.0,"p":8.0,"mot":"U","mo":4190.0},{"cn":"","ui":"","t":0.0,"r":0.0,"q":0.0,"p":0.0,"mot":"L","mo":0.0}]},{"d":"15.01.2017","r":520.0,"q":1.0,"p":3.05,"s":[{"ui":"8015111","t":520.0,"r":520.0,"q":1.0,"p":3.05,"mot":"U","mo":520.0},{"cn":"","ui":"","t":0.0,"r":0.0,"q":0.0,"p":0.0,"mot":"L","mo":0.0}]},{"d":"16.01.2017","r":1045.0,"q":1.0,"p":3.05,"s":[{"ui":"8015111","t":1045.0,"r":1045.0,"q":1.0,"p":3.05,"mot":"U","mo":1045.0},{"cn":"","ui":"","t":0.0,"r":0.0,"q":0.0,"p":0.0,"mot":"L","mo":0.0}]},{"d":"23.01.2017","r":5430.0,"q":1.02,"p":6.74,"s":[{"ui":"8024565","t":3230.0,"r":2730.0,"q":1.0,"p":10.0,"mot":"L","mo":1500.0},{"ui":"8025198","t":4070.0,"r":3930.0,"q":1.03,"p":5.5,"mot":"U","mo":3930.0},{"cn":"","ui":"","t":0.0,"r":0.0,"q":0.0,"p":0.0,"mot":"L","mo":0.0}]},{"d":"24.01.2017","r":7344.0,"q":8.35,"p":20.28,"s":[{"ui":"8026308","t":5999.0,"r":5999.0,"q":10.0,"p":19.0,"mot":"U","mo":5999.0},{"ui":"8024565","t":1905.0,"r":1345.0,"q":1.0,"p":26.0,"mot":"L","mo":1345.0},{"cn":"","ui":"","t":0.0,"r":0.0,"q":0.0,"p":0.0,"mot":"L","mo":0.0}]},{"d":"25.01.2017","r":50.0,"q":1.1,"p":30.27,"s":[{"ui":"8027109","t":150.0,"r":50.0,"q":1.1,"p":30.27,"mot":"U","mo":50.0},{"cn":"","ui":"","t":0.0,"r":0.0,"q":0.0,"p":0.0,"mot":"L","mo":0.0}]},{"d":"26.01.2017","r":2883.0,"q":1.24,"p":44.78,"s":[{"ui":"8027109","t":383.0,"r":383.0,"q":1.1,"p":30.27,"mot":"U","mo":383.0},{"ui":"8027530","t":7983.0,"r":7983.0,"q":1.26,"p":47.0,"mot":"L","mo":2500.0},{"cn":"","ui":"","t":0.0,"r":0.0,"q":0.0,"p":0.0,"mot":"L","mo":0.0}]},{"d":"27.01.2017","r":40510.0,"q":1.58,"p":12.0,"s":[{"ui":"8029599","t":40510.0,"r":40510.0,"q":1.58,"p":12.0,"mot":"U","mo":40510.0},{"cn":"","ui":"","t":0.0,"r":0.0,"q":0.0,"p":0.0,"mot":"L","mo":0.0}]},{"d":"28.01.2017","r":56225.0,"q":1.77,"p":12.0,"s":[{"ui":"8029599","t":56725.0,"r":56225.0,"q":1.77,"p":12.0,"mot":"U","mo":56225.0},{"cn":"","ui":"","t":0.0,"r":0.0,"q":0.0,"p":0.0,"mot":"L","mo":0.0}]},{"d":"03.02.2017","r":1450.0,"q":1.1,"p":2.85,"s":[{"ui":"8037672","t":1450.0,"r":1450.0,"q":1.1,"p":2.85,"mot":"U","mo":1450.0},{"cn":"","ui":"","t":0.0,"r":0.0,"q":0.0,"p":0.0,"mot":"L","mo":0.0}]},{"d":"04.02.2017","r":9460.0,"q":1.1,"p":12.6,"s":[{"ui":"8037672","t":9460.0,"r":9460.0,"q":1.1,"p":12.6,"mot":"U","mo":9460.0},{"cn":"","ui":"","t":0.0,"r":0.0,"q":0.0,"p":0.0,"mot":"L","mo":0.0}]},{"d":"05.02.2017","r":20040.0,"q":1.1,"p":12.6,"s":[{"ui":"8037672","t":20140.0,"r":20040.0,"q":1.1,"p":12.6,"mot":"U","mo":20040.0},{"cn":"","ui":"","t":0.0,"r":0.0,"q":0.0,"p":0.0,"mot":"L","mo":0.0}]},{"d":"08.02.2017","r":11391.0,"q":1.02,"p":3.24,"s":[{"ui":"8042964","t":11000.0,"r":11000.0,"q":1.02,"p":3.0,"mot":"U","mo":11000.0},{"cn":"","ui":"","t":391.0,"r":391.0,"q":1.1,"p":10.0,"mot":"L","mo":391.0}]},{"d":"09.02.2017","r":32771.0,"q":1.01,"p":3.77,"s":[{"ui":"8043960","t":10905.0,"r":10905.0,"q":1.0,"p":4.0,"mot":"U","mo":10905.0},{"ui":"8042964","t":21355.0,"r":21355.0,"q":1.01,"p":3.5,"mot":"U","mo":21355.0},{"cn":"","ui":"","t":511.0,"r":511.0,"q":1.1,"p":10.0,"mot":"L","mo":511.0}]},{"d":"10.02.2017","r":60879.0,"q":1.01,"p":9.47,"s":[{"ui":"8044751","t":5305.0,"r":5305.0,"q":1.1,"p":35.0,"mot":"U","mo":5305.0},{"ui":"8043960","t":54938.0,"r":54938.0,"q":1.0,"p":7.0,"mot":"U","mo":54938.0},{"cn":"","ui":"","t":636.0,"r":636.0,"q":1.1,"p":10.0,"mot":"L","mo":636.0}]},{"d":"11.02.2017","r":11055.0,"q":1.1,"p":35.0,"s":[{"ui":"8044751","t":11055.0,"r":11055.0,"q":1.1,"p":35.0,"mot":"U","mo":11055.0},{"cn":"","ui":"","t":0.0,"r":0.0,"q":0.0,"p":0.0,"mot":"L","mo":0.0}]},{"d":"12.02.2017","r":21765.0,"q":1.09,"p":29.93,"s":[{"ui":"8044751","t":16985.0,"r":16985.0,"q":1.1,"p":35.0,"mot":"U","mo":16985.0},{"ui":"8046329","t":4095.0,"r":4095.0,"q":1.06,"p":10.0,"mot":"U","mo":4095.0},{"cn":"","ui":"","t":2085.0,"r":685.0,"q":1.15,"p":23.28,"mot":"L","mo":685.0}]},{"d":"14.02.2017","r":545.0,"q":2.58,"p":15.0,"s":[{"ui":"8050349","t":550.0,"r":130.0,"q":2.58,"p":15.0,"mot":"U","mo":130.0},{"ui":"8050300","t":690.0,"r":415.0,"q":2.58,"p":15.0,"mot":"U","mo":415.0},{"cn":"","ui":"","t":0.0,"r":0.0,"q":0.0,"p":0.0,"mot":"L","mo":0.0}]},{"d":"15.02.2017","r":6538.0,"q":2.7,"p":18.14,"s":[{"ui":"8050845","t":1575.0,"r":1575.0,"q":1.57,"p":20.0,"mot":"U","mo":1575.0},{"ui":"8050349","t":3616.0,"r":720.0,"q":3.6,"p":15.0,"mot":"U","mo":720.0},{"ui":"8051756","t":2531.0,"r":2531.0,"q":2.85,"p":20.0,"mot":"U","mo":2531.0},{"ui":"8050300","t":4608.0,"r":1712.0,"q":3.14,"p":15.0,"mot":"U","mo":1712.0},{"cn":"","ui":"","t":0.0,"r":0.0,"q":0.0,"p":0.0,"mot":"L","mo":0.0}]},{"d":"16.02.2017","r":449982.0,"q":1.0,"p":4.66,"s":[{"ui":"8052305","t":449599.0,"r":448399.0,"q":1.0,"p":3.9,"mot":"U","mo":448399.0},{"cn":"","ui":"","t":1583.0,"r":1583.0,"q":1.1,"p":220.96,"mot":"L","mo":1583.0}]},{"d":"18.02.2017","r":7731.0,"q":1.1,"p":9.16,"s":[{"ui":"8055430","t":9300.0,"r":6485.0,"q":1.1,"p":9.0,"mot":"U","mo":6485.0},{"ui":"8055485","t":5000.0,"r":1246.0,"q":1.1,"p":10.0,"mot":"U","mo":1246.0},{"cn":"","ui":"","t":0.0,"r":0.0,"q":0.0,"p":0.0,"mot":"L","mo":0.0}]},{"d":"19.02.2017","r":6001.0,"q":1.73,"p":9.42,"s":[{"ui":"8055430","t":11539.0,"r":3501.0,"q":1.73,"p":9.0,"mot":"U","mo":3501.0},{"ui":"8055485","t":7500.0,"r":2500.0,"q":1.73,"p":10.0,"mot":"U","mo":2500.0},{"cn":"","ui":"","t":0.0,"r":0.0,"q":0.0,"p":0.0,"mot":"L","mo":0.0}]},{"d":"20.02.2017","r":25730.0,"q":1.44,"p":7.63,"s":[{"ui":"8058039","t":20945.0,"r":20945.0,"q":1.52,"p":6.75,"mot":"U","mo":20945.0},{"ui":"8058181","t":5785.0,"r":4785.0,"q":1.1,"p":11.5,"mot":"U","mo":4785.0},{"cn":"","ui":"","t":0.0,"r":0.0,"q":0.0,"p":0.0,"mot":"L","mo":0.0}]},{"d":"21.02.2017","r":29500.0,"q":1.1,"p":9.5,"s":[{"ui":"8058181","t":29600.0,"r":29500.0,"q":1.1,"p":9.5,"mot":"U","mo":29500.0},{"cn":"","ui":"","t":0.0,"r":0.0,"q":0.0,"p":0.0,"mot":"L","mo":0.0}]},{"d":"22.02.2017","r":51570.0,"q":1.16,"p":10.68,"s":[{"ui":"8061018","t":6570.0,"r":6570.0,"q":1.55,"p":8.5,"mot":"U","mo":6570.0},{"ui":"8058181","t":45000.0,"r":45000.0,"q":1.1,"p":11.0,"mot":"U","mo":45000.0},{"cn":"","ui":"","t":0.0,"r":0.0,"q":0.0,"p":0.0,"mot":"L","mo":0.0}]},{"d":"23.02.2017","r":6610.0,"q":2.91,"p":11.89,"s":[{"ui":"8061018","t":3910.0,"r":3410.0,"q":1.53,"p":8.5,"mot":"U","mo":3410.0},{"ui":"8062877","t":3250.0,"r":3200.0,"q":4.38,"p":15.51,"mot":"U","mo":3200.0},{"cn":"","ui":"","t":0.0,"r":0.0,"q":0.0,"p":0.0,"mot":"L","mo":0.0}]},{"d":"24.02.2017","r":2655.0,"q":3.81,"p":13.65,"s":[{"ui":"8061018","t":1025.0,"r":705.0,"q":2.24,"p":8.5,"mot":"U","mo":705.0},{"ui":"8062877","t":2000.0,"r":1950.0,"q":4.38,"p":15.51,"mot":"U","mo":1950.0},{"cn":"","ui":"","t":0.0,"r":0.0,"q":0.0,"p":0.0,"mot":"L","mo":0.0}]},{"d":"25.02.2017","r":9350.0,"q":1.85,"p":17.79,"s":[{"ui":"8062877","t":850.0,"r":800.0,"q":4.38,"p":15.51,"mot":"U","mo":800.0},{"ui":"8065572","t":8570.0,"r":8550.0,"q":1.61,"p":18.0,"mot":"U","mo":8550.0},{"cn":"","ui":"","t":0.0,"r":0.0,"q":0.0,"p":0.0,"mot":"L","mo":0.0}]},{"d":"26.02.2017","r":17015.0,"q":2.11,"p":7.45,"s":[{"ui":"8067358","t":17015.0,"r":17015.0,"q":2.11,"p":7.45,"mot":"U","mo":17015.0},{"cn":"","ui":"","t":0.0,"r":0.0,"q":0.0,"p":0.0,"mot":"L","mo":0.0}]},{"d":"27.02.2017","r":2820.0,"q":1.04,"p":190.0,"s":[{"ui":"8068776","t":2820.0,"r":2820.0,"q":1.04,"p":190.0,"mot":"U","mo":2820.0},{"cn":"","ui":"","t":0.0,"r":0.0,"q":0.0,"p":0.0,"mot":"L","mo":0.0}]},{"d":"28.02.2017","r":430.0,"q":1.25,"p":20.0,"s":[{"ui":"8069023","t":430.0,"r":430.0,"q":1.25,"p":20.0,"mot":"U","mo":430.0},{"cn":"","ui":"","t":0.0,"r":0.0,"q":0.0,"p":0.0,"mot":"L","mo":0.0}]},{"d":"01.03.2017","r":14147.0,"q":1.83,"p":16.15,"s":[{"ui":"8069587","t":6555.0,"r":6555.0,"q":2.26,"p":15.0,"mot":"U","mo":6555.0},{"ui":"8071492","t":4997.0,"r":4997.0,"q":1.53,"p":19.3,"mot":"U","mo":4997.0},{"ui":"8069023","t":2595.0,"r":2595.0,"q":1.34,"p":13.0,"mot":"U","mo":2595.0},{"cn":"","ui":"","t":0.0,"r":0.0,"q":0.0,"p":0.0,"mot":"L","mo":0.0}]},{"d":"02.03.2017","r":2101.0,"q":1.72,"p":15.7,"s":[{"ui":"8071492","t":4306.0,"r":2101.0,"q":1.72,"p":15.7,"mot":"U","mo":2101.0},{"cn":"","ui":"","t":0.0,"r":0.0,"q":0.0,"p":0.0,"mot":"L","mo":0.0}]},{"d":"05.03.2017","r":236.0,"q":1.93,"p":7.57,"s":[{"cn":"Fernandez Merino Finance","ui":"8077230","t":255.0,"r":130.0,"q":1.0,"p":8.85,"mot":"U","mo":130.0},{"cn":"ОСА Финанс","ui":"8076164","t":11582.0,"r":106.0,"q":3.06,"p":6.0,"mot":"U","mo":106.0},{"cn":"","ui":"","t":0.0,"r":0.0,"q":0.0,"p":0.0,"mot":"L","mo":0.0}]},{"d":"06.03.2017","r":8557.0,"q":1.32,"p":17.22,"s":[{"cn":"Fernandez Merino Finance","ui":"8077230","t":932.0,"r":832.0,"q":1.0,"p":10.0,"mot":"U","mo":832.0},{"cn":"ОСА Финанс","ui":"8078602","t":7725.0,"r":7725.0,"q":1.35,"p":18.0,"mot":"U","mo":7725.0},{"cn":"","ui":"","t":0.0,"r":0.0,"q":0.0,"p":0.0,"mot":"L","mo":0.0}]},{"d":"11.03.2017","r":1186.0,"q":1.19,"p":2.33,"s":[{"cn":"relicton Финанс","ui":"8082747","t":693.0,"r":186.0,"q":1.67,"p":2.5,"mot":"U","mo":186.0},{"cn":"raphell.ltd","ui":"8083792","t":37270.0,"r":36970.0,"q":1.1,"p":2.3,"mot":"L","mo":1000.0},{"cn":"","ui":"","t":0.0,"r":0.0,"q":0.0,"p":0.0,"mot":"L","mo":0.0}]},{"d":"12.03.2017","r":1000.0,"q":1.1,"p":2.3,"s":[{"cn":"raphell.ltd","ui":"8083792","t":88890.0,"r":88735.0,"q":1.1,"p":2.3,"mot":"L","mo":1000.0},{"cn":"","ui":"","t":0.0,"r":0.0,"q":0.0,"p":0.0,"mot":"L","mo":0.0}]},{"d":"17.03.2017","r":2320.0,"q":4.61,"p":43.52,"s":[{"cn":"Yamkovenko Финанс","ui":"8092239","t":2000.0,"r":2000.0,"q":5.0,"p":50.0,"mot":"U","mo":2000.0},{"cn":"Yamkovenko Финанс","ui":"8091640","t":320.0,"r":320.0,"q":2.18,"p":3.0,"mot":"U","mo":320.0},{"cn":"","ui":"","t":0.0,"r":0.0,"q":0.0,"p":0.0,"mot":"L","mo":0.0}]},{"d":"20.03.2017","r":18422.0,"q":1.1,"p":7.0,"s":[{"cn":"VentureTech Inc","ui":"8094805","t":19922.0,"r":18422.0,"q":1.1,"p":7.0,"mot":"U","mo":18422.0},{"cn":"","ui":"","t":0.0,"r":0.0,"q":0.0,"p":0.0,"mot":"L","mo":0.0}]},{"d":"21.03.2017","r":26722.0,"q":1.1,"p":7.0,"s":[{"cn":"VentureTech Inc","ui":"8094805","t":31722.0,"r":26722.0,"q":1.1,"p":7.0,"mot":"U","mo":26722.0},{"cn":"","ui":"","t":0.0,"r":0.0,"q":0.0,"p":0.0,"mot":"L","mo":0.0}]},{"d":"22.03.2017","r":55475.0,"q":1.1,"p":7.0,"s":[{"cn":"VentureTech Inc","ui":"8094805","t":56475.0,"r":55475.0,"q":1.1,"p":7.0,"mot":"U","mo":55475.0},{"cn":"","ui":"","t":0.0,"r":0.0,"q":0.0,"p":0.0,"mot":"L","mo":0.0}]},{"d":"26.03.2017","r":3120.0,"q":1.1,"p":10.0,"s":[{"cn":"Castru\u0027s Group","ui":"8100964","t":3120.0,"r":3120.0,"q":1.1,"p":10.0,"mot":"U","mo":3120.0},{"cn":"","ui":"","t":0.0,"r":0.0,"q":0.0,"p":0.0,"mot":"L","mo":0.0}]},{"d":"27.03.2017","r":15895.0,"q":1.3,"p":6.47,"s":[{"cn":"AlievNail Инвест","ui":"8102559","t":1000.0,"r":1000.0,"q":1.0,"p":6.0,"mot":"U","mo":1000.0},{"cn":"Castru\u0027s Group","ui":"8100964","t":14895.0,"r":14895.0,"q":1.32,"p":6.5,"mot":"U","mo":14895.0},{"cn":"","ui":"","t":0.0,"r":0.0,"q":0.0,"p":0.0,"mot":"L","mo":0.0}]},{"d":"28.03.2017","r":600.0,"q":1.0,"p":6.0,"s":[{"cn":"AlievNail Инвест","ui":"8102559","t":700.0,"r":600.0,"q":1.0,"p":6.0,"mot":"U","mo":600.0},{"cn":"","ui":"","t":0.0,"r":0.0,"q":0.0,"p":0.0,"mot":"L","mo":0.0}]},{"d":"29.03.2017","r":24500.0,"q":5.0,"p":10.0,"s":[{"cn":"Chedleeva Ltd.","ui":"8106084","t":24500.0,"r":24500.0,"q":5.0,"p":10.0,"mot":"U","mo":24500.0},{"cn":"","ui":"","t":0.0,"r":0.0,"q":0.0,"p":0.0,"mot":"L","mo":0.0}]},{"d":"04.04.2017","r":2400.0,"q":1.0,"p":4.0,"s":[{"cn":"relicton Инвест","ui":"8112653","t":2400.0,"r":2400.0,"q":1.0,"p":4.0,"mot":"U","mo":2400.0},{"cn":"","ui":"","t":0.0,"r":0.0,"q":0.0,"p":0.0,"mot":"L","mo":0.0}]},{"d":"07.04.2017","r":505.0,"q":1.1,"p":6.8,"s":[{"cn":"25","ui":"8116367","t":555.0,"r":505.0,"q":1.1,"p":6.8,"mot":"U","mo":505.0},{"cn":"","ui":"","t":0.0,"r":0.0,"q":0.0,"p":0.0,"mot":"L","mo":0.0}]},{"d":"08.04.2017","r":150.0,"q":1.27,"p":35.0,"s":[{"cn":"25","ui":"8116367","t":150.0,"r":150.0,"q":1.27,"p":35.0,"mot":"U","mo":150.0},{"cn":"","ui":"","t":0.0,"r":0.0,"q":0.0,"p":0.0,"mot":"L","mo":0.0}]},{"d":"09.04.2017","r":29049.0,"q":4.21,"p":10.68,"s":[{"cn":"mr.p.i.96 Финанс","ui":"8118425","t":6495.0,"r":6495.0,"q":1.25,"p":20.0,"mot":"U","mo":6495.0},{"cn":"mr.p.i.96 Финанс","ui":"8119021","t":22554.0,"r":22554.0,"q":5.06,"p":8.0,"mot":"U","mo":22554.0},{"cn":"","ui":"","t":0.0,"r":0.0,"q":0.0,"p":0.0,"mot":"L","mo":0.0}]},{"d":"11.04.2017","r":950.0,"q":4.74,"p":65.0,"s":[{"cn":"Desmarins Coach Ltd","ui":"8121520","t":1920.0,"r":1920.0,"q":4.74,"p":65.0,"mot":"L","mo":950.0},{"cn":"","ui":"","t":0.0,"r":0.0,"q":0.0,"p":0.0,"mot":"L","mo":0.0}]},{"d":"12.04.2017","r":1710.0,"q":1.1,"p":5.5,"s":[{"cn":"Anderson Limited","ui":"8121889","t":2210.0,"r":1710.0,"q":1.1,"p":5.5,"mot":"U","mo":1710.0},{"cn":"","ui":"","t":0.0,"r":0.0,"q":0.0,"p":0.0,"mot":"L","mo":0.0}]},{"d":"13.04.2017","r":10.0,"q":1.1,"p":5.5,"s":[{"cn":"Anderson Limited","ui":"8121889","t":510.0,"r":10.0,"q":1.1,"p":5.5,"mot":"U","mo":10.0},{"cn":"","ui":"","t":0.0,"r":0.0,"q":0.0,"p":0.0,"mot":"L","mo":0.0}]},{"d":"17.04.2017","r":1797.0,"q":1.0,"p":40.0,"s":[{"cn":"Yusibov Финанс","ui":"8126982","t":1797.0,"r":1797.0,"q":1.0,"p":40.0,"mot":"U","mo":1797.0},{"cn":"","ui":"","t":0.0,"r":0.0,"q":0.0,"p":0.0,"mot":"L","mo":0.0}]},{"d":"19.04.2017","r":71012.0,"q":1.1,"p":15.0,"s":[{"cn":"Стимул","ui":"8130098","t":23840.0,"r":23840.0,"q":1.1,"p":15.0,"mot":"U","mo":23840.0},{"cn":"Стимул","ui":"8130097","t":23885.0,"r":23885.0,"q":1.1,"p":15.0,"mot":"U","mo":23885.0},{"cn":"Стимул","ui":"8130060","t":23287.0,"r":23287.0,"q":1.1,"p":15.0,"mot":"U","mo":23287.0},{"cn":"","ui":"","t":0.0,"r":0.0,"q":0.0,"p":0.0,"mot":"L","mo":0.0}]},{"d":"21.04.2017","r":4895.0,"q":1.2,"p":13.3,"s":[{"cn":"Кракен","ui":"8130771","t":4895.0,"r":4895.0,"q":1.2,"p":13.3,"mot":"U","mo":4895.0},{"cn":"","ui":"","t":0.0,"r":0.0,"q":0.0,"p":0.0,"mot":"L","mo":0.0}]},{"d":"23.04.2017","r":3000.0,"q":1.0,"p":234.0,"s":[{"cn":"sax-com82 Инвест","ui":"8135549","t":3000.0,"r":3000.0,"q":1.0,"p":234.0,"mot":"U","mo":3000.0},{"cn":"","ui":"","t":0.0,"r":0.0,"q":0.0,"p":0.0,"mot":"L","mo":0.0}]},{"d":"24.04.2017","r":16000.0,"q":1.0,"p":3.0,"s":[{"cn":"хз","ui":"8135997","t":16000.0,"r":16000.0,"q":1.0,"p":3.0,"mot":"U","mo":16000.0},{"cn":"","ui":"","t":0.0,"r":0.0,"q":0.0,"p":0.0,"mot":"L","mo":0.0}]},{"d":"28.04.2017","r":17000.0,"q":1.1,"p":5.2,"s":[{"cn":"NGX","ui":"8138456","t":17000.0,"r":17000.0,"q":1.1,"p":5.2,"mot":"U","mo":17000.0},{"cn":"","ui":"","t":0.0,"r":0.0,"q":0.0,"p":0.0,"mot":"L","mo":0.0}]}]