[{"d":"05.01.2017","r":4466.0,"q":3.4,"p":154093.4,"s":[{"ui":"6426096","t":4975.0,"r":4466.0,"q":3.4,"p":154093.4,"mot":"U","mo":4466.0},{"cn":"","ui":"","t":0.0,"r":0.0,"q":0.0,"p":0.0,"mot":"L","mo":0.0}]},{"d":"06.01.2017","r":6729.0,"q":3.71,"p":161092.53,"s":[{"ui":"6426096","t":7230.0,"r":6729.0,"q":3.71,"p":161092.53,"mot":"U","mo":6729.0},{"cn":"","ui":"","t":0.0,"r":0.0,"q":0.0,"p":0.0,"mot":"L","mo":0.0}]},{"d":"07.01.2017","r":8382.0,"q":3.86,"p":168598.35,"s":[{"ui":"6426096","t":9184.0,"r":8382.0,"q":3.86,"p":168598.35,"mot":"U","mo":8382.0},{"cn":"","ui":"","t":0.0,"r":0.0,"q":0.0,"p":0.0,"mot":"L","mo":0.0}]},{"d":"08.01.2017","r":10318.0,"q":3.95,"p":175694.38,"s":[{"ui":"6426096","t":11129.0,"r":10318.0,"q":3.95,"p":175694.38,"mot":"U","mo":10318.0},{"cn":"","ui":"","t":0.0,"r":0.0,"q":0.0,"p":0.0,"mot":"L","mo":0.0}]},{"d":"09.01.2017","r":10262.0,"q":4.0,"p":180529.8,"s":[{"ui":"6426096","t":12073.0,"r":10262.0,"q":4.0,"p":180529.8,"mot":"U","mo":10262.0},{"cn":"","ui":"","t":0.0,"r":0.0,"q":0.0,"p":0.0,"mot":"L","mo":0.0}]},{"d":"10.01.2017","r":11331.0,"q":4.02,"p":182524.61,"s":[{"ui":"6426096","t":12391.0,"r":11331.0,"q":4.02,"p":182524.61,"mot":"U","mo":11331.0},{"cn":"","ui":"","t":0.0,"r":0.0,"q":0.0,"p":0.0,"mot":"L","mo":0.0}]},{"d":"11.01.2017","r":7453.0,"q":4.04,"p":182648.5,"s":[{"ui":"6426096","t":10611.0,"r":7453.0,"q":4.04,"p":182648.5,"mot":"U","mo":7453.0},{"cn":"","ui":"","t":0.0,"r":0.0,"q":0.0,"p":0.0,"mot":"L","mo":0.0}]},{"d":"12.01.2017","r":7055.0,"q":4.07,"p":182777.08,"s":[{"ui":"6426096","t":10211.0,"r":7055.0,"q":4.07,"p":182777.08,"mot":"U","mo":7055.0},{"cn":"","ui":"","t":0.0,"r":0.0,"q":0.0,"p":0.0,"mot":"L","mo":0.0}]},{"d":"13.01.2017","r":8033.0,"q":4.11,"p":183009.35,"s":[{"ui":"6426096","t":11189.0,"r":8033.0,"q":4.11,"p":183009.35,"mot":"U","mo":8033.0},{"cn":"","ui":"","t":0.0,"r":0.0,"q":0.0,"p":0.0,"mot":"L","mo":0.0}]},{"d":"14.01.2017","r":9418.0,"q":4.79,"p":180039.95,"s":[{"ui":"6426096","t":12474.0,"r":9418.0,"q":4.79,"p":180039.95,"mot":"U","mo":9418.0},{"cn":"","ui":"","t":0.0,"r":0.0,"q":0.0,"p":0.0,"mot":"L","mo":0.0}]},{"d":"15.01.2017","r":6705.0,"q":5.26,"p":178561.77,"s":[{"ui":"6426096","t":11760.0,"r":6705.0,"q":5.26,"p":178561.77,"mot":"U","mo":6705.0},{"cn":"","ui":"","t":0.0,"r":0.0,"q":0.0,"p":0.0,"mot":"L","mo":0.0}]},{"d":"16.01.2017","r":5871.0,"q":5.57,"p":183169.24,"s":[{"ui":"6426096","t":10986.0,"r":5871.0,"q":5.57,"p":183169.24,"mot":"U","mo":5871.0},{"cn":"","ui":"","t":0.0,"r":0.0,"q":0.0,"p":0.0,"mot":"L","mo":0.0}]},{"d":"17.01.2017","r":14095.0,"q":5.72,"p":188375.39,"s":[{"ui":"6426096","t":14711.0,"r":14095.0,"q":5.72,"p":188375.39,"mot":"U","mo":14095.0},{"cn":"","ui":"","t":0.0,"r":0.0,"q":0.0,"p":0.0,"mot":"L","mo":0.0}]},{"d":"18.01.2017","r":17820.0,"q":5.8,"p":191475.91,"s":[{"ui":"6426096","t":18436.0,"r":17820.0,"q":5.8,"p":191475.91,"mot":"U","mo":17820.0},{"cn":"","ui":"","t":0.0,"r":0.0,"q":0.0,"p":0.0,"mot":"L","mo":0.0}]},{"d":"19.01.2017","r":21345.0,"q":5.85,"p":193361.19,"s":[{"ui":"6426096","t":22061.0,"r":21345.0,"q":5.85,"p":193361.19,"mot":"U","mo":21345.0},{"cn":"","ui":"","t":0.0,"r":0.0,"q":0.0,"p":0.0,"mot":"L","mo":0.0}]},{"d":"20.01.2017","r":20729.0,"q":5.85,"p":194565.71,"s":[{"ui":"6426096","t":21345.0,"r":20729.0,"q":5.85,"p":194565.71,"mot":"U","mo":20729.0},{"cn":"","ui":"","t":0.0,"r":0.0,"q":0.0,"p":0.0,"mot":"L","mo":0.0}]},{"d":"21.01.2017","r":20131.0,"q":5.85,"p":194565.71,"s":[{"ui":"6426096","t":20738.0,"r":20131.0,"q":5.85,"p":194565.71,"mot":"U","mo":20131.0},{"cn":"","ui":"","t":0.0,"r":0.0,"q":0.0,"p":0.0,"mot":"L","mo":0.0}]},{"d":"22.01.2017","r":19425.0,"q":5.85,"p":194565.71,"s":[{"ui":"6426096","t":20131.0,"r":19425.0,"q":5.85,"p":194565.71,"mot":"U","mo":19425.0},{"cn":"","ui":"","t":0.0,"r":0.0,"q":0.0,"p":0.0,"mot":"L","mo":0.0}]},{"d":"23.01.2017","r":18719.0,"q":5.85,"p":194565.71,"s":[{"ui":"6426096","t":19425.0,"r":18719.0,"q":5.85,"p":194565.71,"mot":"U","mo":18719.0},{"cn":"","ui":"","t":0.0,"r":0.0,"q":0.0,"p":0.0,"mot":"L","mo":0.0}]},{"d":"24.01.2017","r":34813.0,"q":5.04,"p":173072.06,"s":[{"ui":"6418343","t":16795.0,"r":16790.0,"q":4.17,"p":150000.0,"mot":"U","mo":16790.0},{"ui":"6426096","t":18724.0,"r":18023.0,"q":5.85,"p":194565.71,"mot":"U","mo":18023.0},{"cn":"","ui":"","t":0.0,"r":0.0,"q":0.0,"p":0.0,"mot":"L","mo":0.0}]},{"d":"25.01.2017","r":46032.0,"q":4.85,"p":167932.01,"s":[{"ui":"6418343","t":15389.0,"r":13983.0,"q":4.17,"p":150000.0,"mot":"U","mo":13983.0},{"ui":"6418344","t":13527.0,"r":13527.0,"q":4.17,"p":150000.0,"mot":"U","mo":13527.0},{"ui":"6426096","t":18573.0,"r":18522.0,"q":5.85,"p":194565.71,"mot":"U","mo":18522.0},{"cn":"","ui":"","t":0.0,"r":0.0,"q":0.0,"p":0.0,"mot":"L","mo":0.0}]},{"d":"26.01.2017","r":56208.0,"q":4.72,"p":164708.56,"s":[{"ui":"6418343","t":19757.0,"r":18636.0,"q":4.17,"p":150000.0,"mot":"U","mo":18636.0},{"ui":"6418344","t":19021.0,"r":19021.0,"q":4.17,"p":150000.0,"mot":"U","mo":19021.0},{"ui":"6426096","t":18562.0,"r":18551.0,"q":5.85,"p":194565.71,"mot":"U","mo":18551.0},{"cn":"","ui":"","t":0.0,"r":0.0,"q":0.0,"p":0.0,"mot":"L","mo":0.0}]},{"d":"27.01.2017","r":66144.0,"q":4.64,"p":162491.66,"s":[{"ui":"6418343","t":24118.0,"r":23097.0,"q":4.17,"p":150000.0,"mot":"U","mo":23097.0},{"ui":"6418344","t":24507.0,"r":24507.0,"q":4.17,"p":150000.0,"mot":"U","mo":24507.0},{"ui":"6426096","t":18551.0,"r":18540.0,"q":5.85,"p":194565.71,"mot":"U","mo":18540.0},{"cn":"","ui":"","t":0.0,"r":0.0,"q":0.0,"p":0.0,"mot":"L","mo":0.0}]},{"d":"28.01.2017","r":63906.0,"q":4.66,"p":162935.4,"s":[{"ui":"6418343","t":27481.0,"r":15371.0,"q":4.17,"p":150000.0,"mot":"U","mo":15371.0},{"ui":"6418344","t":29986.0,"r":29986.0,"q":4.17,"p":150000.0,"mot":"U","mo":29986.0},{"ui":"6426096","t":18550.0,"r":18549.0,"q":5.85,"p":194565.71,"mot":"U","mo":18549.0},{"cn":"","ui":"","t":0.0,"r":0.0,"q":0.0,"p":0.0,"mot":"L","mo":0.0}]},{"d":"29.01.2017","r":73697.0,"q":4.63,"p":162757.03,"s":[{"ui":"6418343","t":20940.0,"r":18935.0,"q":4.17,"p":150000.0,"mot":"U","mo":18935.0},{"ui":"6418344","t":35457.0,"r":35457.0,"q":4.17,"p":150000.0,"mot":"U","mo":35457.0},{"ui":"6426096","t":18549.0,"r":18548.0,"q":5.85,"p":194565.71,"mot":"U","mo":18548.0},{"cn":"","ui":"","t":757.0,"r":757.0,"q":8.26,"p":300000.0,"mot":"L","mo":757.0}]},{"d":"30.01.2017","r":84089.0,"q":4.57,"p":160912.89,"s":[{"ui":"6418343","t":25242.0,"r":24086.0,"q":4.17,"p":150000.0,"mot":"U","mo":24086.0},{"ui":"6418344","t":40919.0,"r":40919.0,"q":4.17,"p":150000.0,"mot":"U","mo":40919.0},{"ui":"6426096","t":18498.0,"r":18447.0,"q":5.85,"p":194565.71,"mot":"U","mo":18447.0},{"cn":"","ui":"","t":697.0,"r":637.0,"q":8.26,"p":300000.0,"mot":"L","mo":637.0}]},{"d":"31.01.2017","r":93250.0,"q":4.5,"p":158791.75,"s":[{"ui":"6418343","t":29536.0,"r":28480.0,"q":4.17,"p":150000.0,"mot":"U","mo":28480.0},{"ui":"6418344","t":46374.0,"r":46374.0,"q":4.17,"p":150000.0,"mot":"U","mo":46374.0},{"ui":"6426096","t":18447.0,"r":18396.0,"q":5.85,"p":194565.71,"mot":"U","mo":18396.0},{"cn":"","ui":"","t":0.0,"r":0.0,"q":0.0,"p":0.0,"mot":"L","mo":0.0}]},{"d":"01.02.2017","r":103236.0,"q":4.47,"p":157963.38,"s":[{"ui":"6418343","t":33974.0,"r":32969.0,"q":4.17,"p":150000.0,"mot":"U","mo":32969.0},{"ui":"6418344","t":51821.0,"r":51821.0,"q":4.17,"p":150000.0,"mot":"U","mo":51821.0},{"ui":"6426096","t":18446.0,"r":18445.0,"q":5.85,"p":194565.71,"mot":"U","mo":18445.0},{"cn":"","ui":"","t":1.0,"r":1.0,"q":4.02,"p":243000.0,"mot":"L","mo":1.0}]},{"d":"02.02.2017","r":55864.0,"q":4.73,"p":164725.05,"s":[{"ui":"6418343","t":38404.0,"r":37399.0,"q":4.17,"p":150000.0,"mot":"U","mo":37399.0},{"ui":"6426096","t":18445.0,"r":18444.0,"q":5.85,"p":194565.71,"mot":"U","mo":18444.0},{"cn":"","ui":"","t":21.0,"r":21.0,"q":7.91,"p":180000.0,"mot":"L","mo":21.0}]},{"d":"03.02.2017","r":60285.0,"q":4.69,"p":163644.45,"s":[{"ui":"6418343","t":42826.0,"r":41821.0,"q":4.17,"p":150000.0,"mot":"U","mo":41821.0},{"ui":"6426096","t":18444.0,"r":18443.0,"q":5.85,"p":194565.71,"mot":"U","mo":18443.0},{"cn":"","ui":"","t":31.0,"r":21.0,"q":7.59,"p":180000.0,"mot":"L","mo":21.0}]},{"d":"04.02.2017","r":64709.0,"q":4.65,"p":162715.55,"s":[{"ui":"6418343","t":47241.0,"r":46236.0,"q":4.17,"p":150000.0,"mot":"U","mo":46236.0},{"ui":"6426096","t":18443.0,"r":18442.0,"q":5.85,"p":194565.71,"mot":"U","mo":18442.0},{"cn":"","ui":"","t":41.0,"r":31.0,"q":7.62,"p":180000.0,"mot":"L","mo":31.0}]},{"d":"05.02.2017","r":69142.0,"q":4.62,"p":161911.81,"s":[{"ui":"6418343","t":51647.0,"r":50642.0,"q":4.17,"p":150000.0,"mot":"U","mo":50642.0},{"ui":"6426096","t":18442.0,"r":18441.0,"q":5.85,"p":194565.71,"mot":"U","mo":18441.0},{"cn":"","ui":"","t":60.0,"r":59.0,"q":7.63,"p":180000.0,"mot":"L","mo":59.0}]},{"d":"06.02.2017","r":73560.0,"q":4.59,"p":161203.53,"s":[{"ui":"6418343","t":56047.0,"r":55042.0,"q":4.17,"p":150000.0,"mot":"U","mo":55042.0},{"ui":"6426096","t":18441.0,"r":18440.0,"q":5.85,"p":194565.71,"mot":"U","mo":18440.0},{"cn":"","ui":"","t":79.0,"r":78.0,"q":7.67,"p":180000.0,"mot":"L","mo":78.0}]},{"d":"07.02.2017","r":77946.0,"q":4.57,"p":160572.15,"s":[{"ui":"6418343","t":60435.0,"r":59430.0,"q":4.17,"p":150000.0,"mot":"U","mo":59430.0},{"ui":"6426096","t":18440.0,"r":18439.0,"q":5.85,"p":194565.71,"mot":"U","mo":18439.0},{"cn":"","ui":"","t":78.0,"r":77.0,"q":7.67,"p":180000.0,"mot":"L","mo":77.0}]},{"d":"08.02.2017","r":83309.0,"q":4.59,"p":161180.94,"s":[{"ui":"6418343","t":64806.0,"r":63800.0,"q":4.17,"p":150000.0,"mot":"U","mo":63800.0},{"ui":"6426096","t":18439.0,"r":18438.0,"q":5.85,"p":194565.71,"mot":"U","mo":18438.0},{"cn":"","ui":"","t":3706.0,"r":1071.0,"q":8.1,"p":252493.0,"mot":"L","mo":1071.0}]},{"d":"09.02.2017","r":86668.0,"q":4.52,"p":159505.45,"s":[{"ui":"6418343","t":69165.0,"r":68159.0,"q":4.16,"p":150000.0,"mot":"U","mo":68159.0},{"ui":"6426096","t":18438.0,"r":18437.0,"q":5.85,"p":194565.71,"mot":"U","mo":18437.0},{"cn":"","ui":"","t":74.0,"r":72.0,"q":7.67,"p":180000.0,"mot":"L","mo":72.0}]},{"d":"10.02.2017","r":91007.0,"q":4.51,"p":159051.1,"s":[{"ui":"6418343","t":73508.0,"r":72501.0,"q":4.16,"p":150000.0,"mot":"U","mo":72501.0},{"ui":"6426096","t":18437.0,"r":18436.0,"q":5.85,"p":194565.71,"mot":"U","mo":18436.0},{"cn":"","ui":"","t":72.0,"r":70.0,"q":7.67,"p":180000.0,"mot":"L","mo":70.0}]},{"d":"11.02.2017","r":95636.0,"q":4.49,"p":158643.91,"s":[{"ui":"6418343","t":77838.0,"r":76831.0,"q":4.15,"p":150000.0,"mot":"U","mo":76831.0},{"ui":"6426096","t":18436.0,"r":18435.0,"q":5.85,"p":194565.71,"mot":"U","mo":18435.0},{"cn":"","ui":"","t":2994.0,"r":370.0,"q":7.81,"p":163783.78,"mot":"L","mo":370.0}]},{"d":"12.02.2017","r":97558.0,"q":4.48,"p":158451.63,"s":[{"ui":"6418343","t":79841.0,"r":78824.0,"q":4.15,"p":150000.0,"mot":"U","mo":78824.0},{"ui":"6426096","t":18435.0,"r":18434.0,"q":5.85,"p":194565.71,"mot":"U","mo":18434.0},{"cn":"","ui":"","t":2913.0,"r":300.0,"q":7.84,"p":160000.0,"mot":"L","mo":300.0}]},{"d":"13.02.2017","r":96540.0,"q":4.49,"p":158540.29,"s":[{"ui":"6418343","t":78824.0,"r":77807.0,"q":4.15,"p":150000.0,"mot":"U","mo":77807.0},{"ui":"6426096","t":18434.0,"r":18433.0,"q":5.85,"p":194565.71,"mot":"U","mo":18433.0},{"cn":"","ui":"","t":2903.0,"r":300.0,"q":7.84,"p":160000.0,"mot":"L","mo":300.0}]},{"d":"14.02.2017","r":95550.0,"q":4.49,"p":158637.73,"s":[{"ui":"6418343","t":77806.0,"r":76788.0,"q":4.15,"p":150000.0,"mot":"U","mo":76788.0},{"ui":"6426096","t":18433.0,"r":18432.0,"q":5.85,"p":194565.71,"mot":"U","mo":18432.0},{"cn":"","ui":"","t":2893.0,"r":330.0,"q":7.84,"p":161818.18,"mot":"L","mo":330.0}]},{"d":"15.02.2017","r":94498.0,"q":4.49,"p":158723.89,"s":[{"ui":"6418343","t":76788.0,"r":75767.0,"q":4.15,"p":150000.0,"mot":"U","mo":75767.0},{"ui":"6426096","t":18432.0,"r":18431.0,"q":5.85,"p":194565.71,"mot":"U","mo":18431.0},{"cn":"","ui":"","t":2683.0,"r":300.0,"q":7.84,"p":160000.0,"mot":"L","mo":300.0}]},{"d":"16.02.2017","r":93468.0,"q":4.5,"p":158848.44,"s":[{"ui":"6418343","t":75719.0,"r":74648.0,"q":4.15,"p":150000.0,"mot":"U","mo":74648.0},{"ui":"6426096","t":18431.0,"r":18430.0,"q":5.85,"p":194565.71,"mot":"U","mo":18430.0},{"cn":"","ui":"","t":2683.0,"r":390.0,"q":7.84,"p":164615.38,"mot":"L","mo":390.0}]},{"d":"17.02.2017","r":92428.0,"q":4.51,"p":158957.26,"s":[{"ui":"6418343","t":74650.0,"r":73579.0,"q":4.15,"p":150000.0,"mot":"U","mo":73579.0},{"ui":"6426096","t":18430.0,"r":18429.0,"q":5.85,"p":194565.71,"mot":"U","mo":18429.0},{"cn":"","ui":"","t":2553.0,"r":420.0,"q":7.84,"p":165714.29,"mot":"L","mo":420.0}]},{"d":"18.02.2017","r":91466.0,"q":4.51,"p":159054.26,"s":[{"ui":"6418343","t":73630.0,"r":72608.0,"q":4.15,"p":150000.0,"mot":"U","mo":72608.0},{"ui":"6426096","t":18429.0,"r":18428.0,"q":5.85,"p":194565.71,"mot":"U","mo":18428.0},{"cn":"","ui":"","t":3030.0,"r":430.0,"q":7.88,"p":166046.51,"mot":"L","mo":430.0}]},{"d":"19.02.2017","r":92225.0,"q":4.51,"p":158864.32,"s":[{"ui":"6418343","t":73510.0,"r":73388.0,"q":4.15,"p":150000.0,"mot":"U","mo":73388.0},{"ui":"6426096","t":18428.0,"r":18427.0,"q":5.85,"p":194565.71,"mot":"U","mo":18427.0},{"cn":"","ui":"","t":2480.0,"r":410.0,"q":7.89,"p":140975.61,"mot":"L","mo":410.0}]},{"d":"20.02.2017","r":92066.0,"q":4.5,"p":158859.6,"s":[{"ui":"6418343","t":73401.0,"r":73290.0,"q":4.15,"p":150000.0,"mot":"U","mo":73290.0},{"ui":"6426096","t":18427.0,"r":18426.0,"q":5.85,"p":194565.71,"mot":"U","mo":18426.0},{"cn":"","ui":"","t":1949.0,"r":350.0,"q":7.91,"p":134285.71,"mot":"L","mo":350.0}]},{"d":"21.02.2017","r":91858.0,"q":4.5,"p":158890.06,"s":[{"ui":"6418343","t":73293.0,"r":73183.0,"q":4.15,"p":150000.0,"mot":"U","mo":73183.0},{"ui":"6426096","t":18426.0,"r":18425.0,"q":5.85,"p":194565.71,"mot":"U","mo":18425.0},{"cn":"","ui":"","t":1487.0,"r":250.0,"q":7.92,"p":132000.0,"mot":"L","mo":250.0}]},{"d":"22.02.2017","r":91699.0,"q":4.5,"p":158910.44,"s":[{"ui":"6418343","t":73185.0,"r":73075.0,"q":4.15,"p":150000.0,"mot":"U","mo":73075.0},{"ui":"6426096","t":18425.0,"r":18424.0,"q":5.85,"p":194565.71,"mot":"U","mo":18424.0},{"cn":"","ui":"","t":1336.0,"r":200.0,"q":7.94,"p":130000.0,"mot":"L","mo":200.0}]},{"d":"23.02.2017","r":91686.0,"q":4.51,"p":159090.53,"s":[{"ui":"6418343","t":73077.0,"r":72967.0,"q":4.15,"p":150000.0,"mot":"U","mo":72967.0},{"ui":"6426096","t":18424.0,"r":18423.0,"q":5.85,"p":194565.71,"mot":"U","mo":18423.0},{"cn":"","ui":"","t":1686.0,"r":296.0,"q":8.6,"p":192027.03,"mot":"L","mo":296.0}]},{"d":"24.02.2017","r":91331.0,"q":4.5,"p":158961.79,"s":[{"ui":"6418343","t":72969.0,"r":72859.0,"q":4.15,"p":150000.0,"mot":"U","mo":72859.0},{"ui":"6426096","t":18423.0,"r":18422.0,"q":5.85,"p":194565.71,"mot":"U","mo":18422.0},{"cn":"","ui":"","t":1022.0,"r":50.0,"q":8.19,"p":100000.0,"mot":"L","mo":50.0}]},{"d":"25.02.2017","r":91532.0,"q":4.5,"p":158941.63,"s":[{"ui":"6418343","t":72861.0,"r":72751.0,"q":4.15,"p":150000.0,"mot":"U","mo":72751.0},{"ui":"6426096","t":18422.0,"r":18421.0,"q":5.85,"p":194565.71,"mot":"U","mo":18421.0},{"cn":"","ui":"","t":1424.0,"r":360.0,"q":6.06,"p":143055.56,"mot":"L","mo":360.0}]},{"d":"26.02.2017","r":147075.0,"q":4.38,"p":155625.7,"s":[{"ui":"6418343","t":72753.0,"r":72645.0,"q":4.15,"p":150000.0,"mot":"U","mo":72645.0},{"ui":"6418344","t":55500.0,"r":55500.0,"q":4.17,"p":150000.0,"mot":"U","mo":55500.0},{"ui":"6426096","t":18421.0,"r":18420.0,"q":5.85,"p":194565.71,"mot":"U","mo":18420.0},{"cn":"","ui":"","t":1691.0,"r":510.0,"q":7.45,"p":162745.1,"mot":"L","mo":510.0}]},{"d":"27.02.2017","r":146641.0,"q":4.38,"p":155580.68,"s":[{"ui":"6418343","t":72620.0,"r":72487.0,"q":4.15,"p":150000.0,"mot":"U","mo":72487.0},{"ui":"6418344","t":55475.0,"r":55450.0,"q":4.17,"p":150000.0,"mot":"U","mo":55450.0},{"ui":"6426096","t":18420.0,"r":18419.0,"q":5.85,"p":194565.71,"mot":"U","mo":18419.0},{"cn":"","ui":"","t":1558.0,"r":285.0,"q":6.17,"p":141228.07,"mot":"L","mo":285.0}]},{"d":"28.02.2017","r":146656.0,"q":4.38,"p":155781.29,"s":[{"ui":"6418343","t":72488.0,"r":72356.0,"q":4.15,"p":150000.0,"mot":"U","mo":72356.0},{"ui":"6418344","t":55450.0,"r":55425.0,"q":4.17,"p":150000.0,"mot":"U","mo":55425.0},{"ui":"6426096","t":18419.0,"r":18418.0,"q":5.85,"p":194565.71,"mot":"U","mo":18418.0},{"cn":"","ui":"","t":1821.0,"r":457.0,"q":7.11,"p":209190.37,"mot":"L","mo":457.0}]},{"d":"01.03.2017","r":146323.0,"q":4.38,"p":155640.38,"s":[{"ui":"6418343","t":72356.0,"r":72224.0,"q":4.15,"p":150000.0,"mot":"U","mo":72224.0},{"ui":"6418344","t":55425.0,"r":55400.0,"q":4.17,"p":150000.0,"mot":"U","mo":55400.0},{"ui":"6426096","t":18418.0,"r":18417.0,"q":5.85,"p":194565.71,"mot":"U","mo":18417.0},{"cn":"","ui":"","t":1885.0,"r":282.0,"q":6.63,"p":166134.75,"mot":"L","mo":282.0}]},{"d":"02.03.2017","r":144195.0,"q":4.38,"p":155723.31,"s":[{"ui":"6418343","t":72229.0,"r":72097.0,"q":4.15,"p":150000.0,"mot":"U","mo":72097.0},{"ui":"6418344","t":54425.0,"r":53425.0,"q":4.17,"p":150000.0,"mot":"U","mo":53425.0},{"ui":"6426096","t":18417.0,"r":18416.0,"q":5.85,"p":194565.71,"mot":"U","mo":18416.0},{"cn":"","ui":"","t":1699.0,"r":257.0,"q":6.74,"p":167704.28,"mot":"L","mo":257.0}]},{"d":"03.03.2017","r":142988.0,"q":4.38,"p":155722.0,"s":[{"cn":"tmk inc.","ui":"6418343","t":72096.0,"r":71963.0,"q":4.15,"p":150000.0,"mot":"U","mo":71963.0},{"cn":"tmk inc.","ui":"6418344","t":53425.0,"r":52425.0,"q":4.17,"p":150000.0,"mot":"U","mo":52425.0},{"cn":"cobra3125 и компания","ui":"6426096","t":18416.0,"r":18415.0,"q":5.85,"p":194565.71,"mot":"U","mo":18415.0},{"cn":"","ui":"","t":1666.0,"r":185.0,"q":6.51,"p":136486.49,"mot":"L","mo":185.0}]},{"d":"04.03.2017","r":141829.0,"q":4.38,"p":155768.45,"s":[{"cn":"tmk inc.","ui":"6418343","t":71963.0,"r":71830.0,"q":4.15,"p":150000.0,"mot":"U","mo":71830.0},{"cn":"tmk inc.","ui":"6418344","t":52425.0,"r":51425.0,"q":4.17,"p":150000.0,"mot":"U","mo":51425.0},{"cn":"cobra3125 и компания","ui":"6426096","t":18415.0,"r":18414.0,"q":5.85,"p":194565.71,"mot":"U","mo":18414.0},{"cn":"","ui":"","t":1680.0,"r":160.0,"q":6.67,"p":134375.0,"mot":"L","mo":160.0}]},{"d":"05.03.2017","r":122257.0,"q":4.16,"p":149979.55,"s":[{"cn":"tmk inc.","ui":"6418343","t":71830.0,"r":71697.0,"q":4.15,"p":150000.0,"mot":"U","mo":71697.0},{"cn":"tmk inc.","ui":"6418344","t":51425.0,"r":50425.0,"q":4.17,"p":150000.0,"mot":"U","mo":50425.0},{"cn":"","ui":"","t":1598.0,"r":135.0,"q":6.88,"p":131481.48,"mot":"L","mo":135.0}]},{"d":"06.03.2017","r":121078.0,"q":4.16,"p":150037.58,"s":[{"cn":"tmk inc.","ui":"6418343","t":71693.0,"r":71556.0,"q":4.15,"p":150000.0,"mot":"U","mo":71556.0},{"cn":"tmk inc.","ui":"6418344","t":50425.0,"r":49425.0,"q":4.17,"p":150000.0,"mot":"U","mo":49425.0},{"cn":"","ui":"","t":1478.0,"r":97.0,"q":8.63,"p":196907.22,"mot":"L","mo":97.0}]},{"d":"07.03.2017","r":119878.0,"q":4.16,"p":149979.15,"s":[{"cn":"tmk inc.","ui":"6418343","t":71548.0,"r":71403.0,"q":4.15,"p":150000.0,"mot":"U","mo":71403.0},{"cn":"tmk inc.","ui":"6418344","t":49425.0,"r":48425.0,"q":4.17,"p":150000.0,"mot":"U","mo":48425.0},{"cn":"","ui":"","t":1324.0,"r":50.0,"q":9.08,"p":100000.0,"mot":"L","mo":50.0}]},{"d":"08.03.2017","r":118933.0,"q":4.16,"p":150012.61,"s":[{"cn":"tmk inc.","ui":"6418343","t":71453.0,"r":71358.0,"q":4.15,"p":150000.0,"mot":"U","mo":71358.0},{"cn":"tmk inc.","ui":"6418344","t":48425.0,"r":47425.0,"q":4.17,"p":150000.0,"mot":"U","mo":47425.0},{"cn":"","ui":"","t":1266.0,"r":150.0,"q":9.09,"p":160000.0,"mot":"L","mo":150.0}]},{"d":"10.03.2017","r":117868.0,"q":4.17,"p":149978.79,"s":[{"cn":"tmk inc.","ui":"6418343","t":71348.0,"r":71243.0,"q":4.15,"p":150000.0,"mot":"U","mo":71243.0},{"cn":"tmk inc.","ui":"6418344","t":47425.0,"r":46425.0,"q":4.17,"p":150000.0,"mot":"U","mo":46425.0},{"cn":"","ui":"","t":1100.0,"r":200.0,"q":9.15,"p":137500.0,"mot":"L","mo":200.0}]},{"d":"11.03.2017","r":114558.0,"q":4.16,"p":150000.0,"s":[{"cn":"tmk inc.","ui":"6418343","t":70538.0,"r":70133.0,"q":4.15,"p":150000.0,"mot":"U","mo":70133.0},{"cn":"tmk inc.","ui":"6418344","t":45425.0,"r":44425.0,"q":4.17,"p":150000.0,"mot":"U","mo":44425.0},{"cn":"","ui":"","t":0.0,"r":0.0,"q":0.0,"p":0.0,"mot":"L","mo":0.0}]},{"d":"12.03.2017","r":113100.0,"q":4.16,"p":150041.56,"s":[{"cn":"tmk inc.","ui":"6418343","t":70083.0,"r":69628.0,"q":4.15,"p":150000.0,"mot":"U","mo":69628.0},{"cn":"tmk inc.","ui":"6418344","t":44425.0,"r":43425.0,"q":4.17,"p":150000.0,"mot":"U","mo":43425.0},{"cn":"","ui":"","t":47.0,"r":47.0,"q":8.26,"p":250000.0,"mot":"L","mo":47.0}]},{"d":"13.03.2017","r":111878.0,"q":4.16,"p":150000.0,"s":[{"cn":"tmk inc.","ui":"6418343","t":69618.0,"r":69453.0,"q":4.15,"p":150000.0,"mot":"U","mo":69453.0},{"cn":"tmk inc.","ui":"6418344","t":43425.0,"r":42425.0,"q":4.17,"p":150000.0,"mot":"U","mo":42425.0},{"cn":"","ui":"","t":0.0,"r":0.0,"q":0.0,"p":0.0,"mot":"L","mo":0.0}]},{"d":"14.03.2017","r":110573.0,"q":4.16,"p":150000.0,"s":[{"cn":"tmk inc.","ui":"6418343","t":69433.0,"r":69248.0,"q":4.15,"p":150000.0,"mot":"U","mo":69248.0},{"cn":"tmk inc.","ui":"6418344","t":42375.0,"r":41325.0,"q":4.17,"p":150000.0,"mot":"U","mo":41325.0},{"cn":"","ui":"","t":0.0,"r":0.0,"q":0.0,"p":0.0,"mot":"L","mo":0.0}]},{"d":"15.03.2017","r":109058.0,"q":4.16,"p":150000.0,"s":[{"cn":"tmk inc.","ui":"6418343","t":69108.0,"r":68783.0,"q":4.15,"p":150000.0,"mot":"U","mo":68783.0},{"cn":"tmk inc.","ui":"6418344","t":41325.0,"r":40275.0,"q":4.17,"p":150000.0,"mot":"U","mo":40275.0},{"cn":"","ui":"","t":0.0,"r":0.0,"q":0.0,"p":0.0,"mot":"L","mo":0.0}]},{"d":"16.03.2017","r":107523.0,"q":4.16,"p":150000.0,"s":[{"cn":"tmk inc.","ui":"6418343","t":68703.0,"r":68298.0,"q":4.15,"p":150000.0,"mot":"U","mo":68298.0},{"cn":"tmk inc.","ui":"6418344","t":40275.0,"r":39225.0,"q":4.17,"p":150000.0,"mot":"U","mo":39225.0},{"cn":"","ui":"","t":0.0,"r":0.0,"q":0.0,"p":0.0,"mot":"L","mo":0.0}]},{"d":"17.03.2017","r":107818.0,"q":4.16,"p":150000.0,"s":[{"cn":"tmk inc.","ui":"6418343","t":68203.0,"r":67703.0,"q":4.15,"p":150000.0,"mot":"U","mo":67703.0},{"cn":"tmk inc.","ui":"6418344","t":40195.0,"r":40115.0,"q":4.17,"p":150000.0,"mot":"U","mo":40115.0},{"cn":"","ui":"","t":0.0,"r":0.0,"q":0.0,"p":0.0,"mot":"L","mo":0.0}]},{"d":"18.03.2017","r":107247.0,"q":4.16,"p":150010.26,"s":[{"cn":"tmk inc.","ui":"6418343","t":67702.0,"r":67201.0,"q":4.15,"p":150000.0,"mot":"U","mo":67201.0},{"cn":"tmk inc.","ui":"6418344","t":40115.0,"r":40035.0,"q":4.17,"p":150000.0,"mot":"U","mo":40035.0},{"cn":"","ui":"","t":11.0,"r":11.0,"q":8.26,"p":250000.0,"mot":"L","mo":11.0}]},{"d":"20.03.2017","r":103454.0,"q":4.18,"p":149767.74,"s":[{"cn":"tmk inc.","ui":"6418343","t":64620.0,"r":63079.0,"q":4.15,"p":150000.0,"mot":"U","mo":63079.0},{"cn":"tmk inc.","ui":"6418344","t":39955.0,"r":39875.0,"q":4.17,"p":150000.0,"mot":"U","mo":39875.0},{"cn":"","ui":"","t":9782.0,"r":500.0,"q":9.34,"p":101943.52,"mot":"L","mo":500.0}]},{"d":"21.03.2017","r":103033.0,"q":4.18,"p":149766.79,"s":[{"cn":"tmk inc.","ui":"6418343","t":63689.0,"r":62738.0,"q":4.15,"p":150000.0,"mot":"U","mo":62738.0},{"cn":"tmk inc.","ui":"6418344","t":39875.0,"r":39795.0,"q":4.17,"p":150000.0,"mot":"U","mo":39795.0},{"cn":"","ui":"","t":5282.0,"r":500.0,"q":9.34,"p":101943.52,"mot":"L","mo":500.0}]},{"d":"22.03.2017","r":101478.0,"q":4.16,"p":150000.0,"s":[{"cn":"tmk inc.","ui":"6418343","t":63689.0,"r":61783.0,"q":4.15,"p":150000.0,"mot":"U","mo":61783.0},{"cn":"tmk inc.","ui":"6418344","t":39875.0,"r":39695.0,"q":4.17,"p":150000.0,"mot":"U","mo":39695.0},{"cn":"","ui":"","t":0.0,"r":0.0,"q":0.0,"p":0.0,"mot":"L","mo":0.0}]},{"d":"23.03.2017","r":117867.0,"q":4.42,"p":156962.74,"s":[{"cn":"tmk inc.","ui":"6418343","t":61783.0,"r":59877.0,"q":4.15,"p":150000.0,"mot":"U","mo":59877.0},{"cn":"tmk inc.","ui":"6418344","t":39725.0,"r":39575.0,"q":4.17,"p":150000.0,"mot":"U","mo":39575.0},{"cn":"cobra3125 и компания","ui":"6426096","t":18415.0,"r":18415.0,"q":5.85,"p":194565.71,"mot":"U","mo":18415.0},{"cn":"","ui":"","t":0.0,"r":0.0,"q":0.0,"p":0.0,"mot":"L","mo":0.0}]},{"d":"24.03.2017","r":109284.0,"q":4.44,"p":157508.04,"s":[{"cn":"tmk inc.","ui":"6418343","t":58520.0,"r":55157.0,"q":4.15,"p":150000.0,"mot":"U","mo":55157.0},{"cn":"tmk inc.","ui":"6418344","t":38282.0,"r":36839.0,"q":4.17,"p":150000.0,"mot":"U","mo":36839.0},{"cn":"cobra3125 и компания","ui":"6426096","t":17400.0,"r":16385.0,"q":5.85,"p":194565.71,"mot":"U","mo":16385.0},{"cn":"","ui":"","t":903.0,"r":903.0,"q":7.71,"p":250000.0,"mot":"L","mo":903.0}]},{"d":"25.03.2017","r":97271.0,"q":4.45,"p":157653.9,"s":[{"cn":"tmk inc.","ui":"6418343","t":53657.0,"r":48799.0,"q":4.15,"p":150000.0,"mot":"U","mo":48799.0},{"cn":"tmk inc.","ui":"6418344","t":35582.0,"r":32887.0,"q":4.17,"p":150000.0,"mot":"U","mo":32887.0},{"cn":"cobra3125 и компания","ui":"6426096","t":16042.0,"r":14684.0,"q":5.85,"p":194565.71,"mot":"U","mo":14684.0},{"cn":"","ui":"","t":902.0,"r":901.0,"q":7.71,"p":250000.0,"mot":"L","mo":901.0}]},{"d":"26.03.2017","r":88838.0,"q":4.5,"p":159907.01,"s":[{"cn":"tmk inc.","ui":"6418343","t":46948.0,"r":40240.0,"q":4.15,"p":150000.0,"mot":"U","mo":40240.0},{"cn":"tmk inc.","ui":"6418344","t":33679.0,"r":31776.0,"q":4.17,"p":150000.0,"mot":"U","mo":31776.0},{"cn":"cobra3125 и компания","ui":"6426096","t":15932.0,"r":15822.0,"q":5.85,"p":194565.71,"mot":"U","mo":15822.0},{"cn":"","ui":"","t":1001.0,"r":1000.0,"q":8.02,"p":325000.0,"mot":"L","mo":1000.0}]},{"d":"27.03.2017","r":79039.0,"q":4.54,"p":161042.89,"s":[{"cn":"tmk inc.","ui":"6418343","t":40638.0,"r":34329.0,"q":4.15,"p":150000.0,"mot":"U","mo":34329.0},{"cn":"tmk inc.","ui":"6418344","t":30838.0,"r":27997.0,"q":4.17,"p":150000.0,"mot":"U","mo":27997.0},{"cn":"cobra3125 и компания","ui":"6426096","t":15831.0,"r":15730.0,"q":5.85,"p":194565.71,"mot":"U","mo":15730.0},{"cn":"","ui":"","t":992.0,"r":983.0,"q":8.02,"p":324771.11,"mot":"L","mo":983.0}]},{"d":"28.03.2017","r":76779.0,"q":4.54,"p":160072.05,"s":[{"cn":"tmk inc.","ui":"6418343","t":37020.0,"r":33257.0,"q":4.15,"p":150000.0,"mot":"U","mo":33257.0},{"cn":"tmk inc.","ui":"6418344","t":28997.0,"r":27156.0,"q":4.17,"p":150000.0,"mot":"U","mo":27156.0},{"cn":"cobra3125 и компания","ui":"6426096","t":15702.0,"r":15573.0,"q":5.85,"p":194565.71,"mot":"U","mo":15573.0},{"cn":"","ui":"","t":843.0,"r":793.0,"q":7.71,"p":250000.0,"mot":"L","mo":793.0}]},{"d":"29.03.2017","r":420356.0,"q":11.23,"p":159702.84,"s":[{"cn":"tmk inc.","ui":"6418343","t":33057.0,"r":29094.0,"q":4.15,"p":150000.0,"mot":"U","mo":29094.0},{"cn":"Сибирь","ui":"6583244","t":350000.0,"r":350000.0,"q":12.57,"p":159526.24,"mot":"U","mo":350000.0},{"cn":"tmk inc.","ui":"6418344","t":27121.0,"r":25245.0,"q":4.17,"p":150000.0,"mot":"U","mo":25245.0},{"cn":"","ui":"","t":16281.0,"r":16017.0,"q":5.91,"p":196479.62,"mot":"L","mo":16017.0}]},{"d":"31.03.2017","r":40343.0,"q":5.74,"p":172639.6,"s":[{"cn":"Сергеев и сыновья","ui":"6553168","t":4738.0,"r":4476.0,"q":12.57,"p":200000.0,"mot":"U","mo":4476.0},{"cn":"tmk inc.","ui":"6418344","t":23210.0,"r":21178.0,"q":4.17,"p":150000.0,"mot":"U","mo":21178.0},{"cn":"cobra3125 и компания","ui":"6426096","t":14761.0,"r":14059.0,"q":5.85,"p":194565.71,"mot":"U","mo":14059.0},{"cn":"","ui":"","t":635.0,"r":630.0,"q":7.71,"p":250000.0,"mot":"L","mo":630.0}]},{"d":"01.04.2017","r":36736.0,"q":5.87,"p":172787.94,"s":[{"cn":"Сергеев и сыновья","ui":"6553168","t":4732.0,"r":4725.0,"q":12.57,"p":200000.0,"mot":"U","mo":4725.0},{"cn":"tmk inc.","ui":"6418344","t":21078.0,"r":18946.0,"q":4.17,"p":150000.0,"mot":"U","mo":18946.0},{"cn":"cobra3125 и компания","ui":"6426096","t":13744.0,"r":12727.0,"q":5.85,"p":194565.71,"mot":"U","mo":12727.0},{"cn":"","ui":"","t":487.0,"r":338.0,"q":7.72,"p":249704.14,"mot":"L","mo":338.0}]},{"d":"02.04.2017","r":51206.0,"q":4.82,"p":216645.74,"s":[{"cn":"Сергеев и сыновья","ui":"6553168","t":5728.0,"r":2722.0,"q":6.7,"p":200000.0,"mot":"U","mo":2722.0},{"cn":"Redicson Трейд","ui":"6339668","t":26734.0,"r":26468.0,"q":4.19,"p":250000.0,"mot":"U","mo":26468.0},{"cn":"tmk inc.","ui":"6418344","t":14905.0,"r":8732.0,"q":4.17,"p":150000.0,"mot":"U","mo":8732.0},{"cn":"cobra3125 и компания","ui":"6426096","t":13110.0,"r":12476.0,"q":5.85,"p":194565.71,"mot":"U","mo":12476.0},{"cn":"","ui":"","t":1174.0,"r":808.0,"q":10.32,"p":241287.13,"mot":"L","mo":808.0}]},{"d":"03.04.2017","r":23582.0,"q":5.62,"p":185739.65,"s":[{"cn":"Сергеев и сыновья","ui":"6553168","t":6695.0,"r":3688.0,"q":5.19,"p":200000.0,"mot":"U","mo":3688.0},{"cn":"tmk inc.","ui":"6418344","t":10267.0,"r":5629.0,"q":4.17,"p":150000.0,"mot":"U","mo":5629.0},{"cn":"cobra3125 и компания","ui":"6426096","t":13103.0,"r":13096.0,"q":5.85,"p":194565.71,"mot":"U","mo":13096.0},{"cn":"","ui":"","t":1523.0,"r":1169.0,"q":11.28,"p":213969.2,"mot":"L","mo":1169.0}]},{"d":"04.04.2017","r":44958.0,"q":4.76,"p":228667.46,"s":[{"cn":"Сергеев и сыновья","ui":"6553168","t":7679.0,"r":4672.0,"q":4.66,"p":200000.0,"mot":"U","mo":4672.0},{"cn":"Redicson Трейд","ui":"6339668","t":26734.0,"r":26734.0,"q":4.19,"p":250000.0,"mot":"U","mo":26734.0},{"cn":"cobra3125 и компания","ui":"6426096","t":13095.0,"r":13087.0,"q":5.85,"p":194565.71,"mot":"U","mo":13087.0},{"cn":"","ui":"","t":467.0,"r":465.0,"q":7.71,"p":250000.0,"mot":"L","mo":465.0}]},{"d":"05.04.2017","r":41148.0,"q":4.61,"p":231323.65,"s":[{"cn":"Сергеев и сыновья","ui":"6553168","t":8677.0,"r":5670.0,"q":4.44,"p":200000.0,"mot":"U","mo":5670.0},{"cn":"Redicson Трейд","ui":"6339668","t":26556.0,"r":26378.0,"q":4.19,"p":250000.0,"mot":"U","mo":26378.0},{"cn":"cobra3125 и компания","ui":"6426096","t":10922.0,"r":8749.0,"q":5.85,"p":194565.71,"mot":"U","mo":8749.0},{"cn":"","ui":"","t":409.0,"r":351.0,"q":7.71,"p":250000.0,"mot":"L","mo":351.0}]},{"d":"06.04.2017","r":41280.0,"q":4.49,"p":231142.85,"s":[{"cn":"Сергеев и сыновья","ui":"6553168","t":8675.0,"r":8668.0,"q":4.44,"p":200000.0,"mot":"U","mo":8668.0},{"cn":"Redicson Трейд","ui":"6339668","t":26472.0,"r":26388.0,"q":4.19,"p":250000.0,"mot":"U","mo":26388.0},{"cn":"cobra3125 и компания","ui":"6426096","t":8573.0,"r":6224.0,"q":5.85,"p":194565.71,"mot":"U","mo":6224.0},{"cn":"","ui":"","t":0.0,"r":0.0,"q":0.0,"p":0.0,"mot":"L","mo":0.0}]},{"d":"07.04.2017","r":91801.0,"q":8.93,"p":191825.86,"s":[{"cn":"Сергеев и сыновья","ui":"6553168","t":8396.0,"r":8112.0,"q":4.44,"p":200000.0,"mot":"U","mo":8112.0},{"cn":"Redicson Трейд","ui":"6339668","t":26372.0,"r":26272.0,"q":4.19,"p":250000.0,"mot":"U","mo":26272.0},{"cn":"Сибирь","ui":"6583244","t":50000.0,"r":50000.0,"q":12.61,"p":159526.24,"mot":"U","mo":50000.0},{"cn":"cobra3125 и компания","ui":"6426096","t":7995.0,"r":7417.0,"q":5.85,"p":194565.71,"mot":"U","mo":7417.0},{"cn":"","ui":"","t":0.0,"r":0.0,"q":0.0,"p":0.0,"mot":"L","mo":0.0}]},{"d":"08.04.2017","r":39482.0,"q":4.44,"p":232747.7,"s":[{"cn":"Сергеев и сыновья","ui":"6553168","t":8395.0,"r":8389.0,"q":4.44,"p":200000.0,"mot":"U","mo":8389.0},{"cn":"Redicson Трейд","ui":"6339668","t":26372.0,"r":26372.0,"q":4.19,"p":250000.0,"mot":"U","mo":26372.0},{"cn":"cobra3125 и компания","ui":"6426096","t":6358.0,"r":4721.0,"q":5.85,"p":194565.71,"mot":"U","mo":4721.0},{"cn":"","ui":"","t":0.0,"r":0.0,"q":0.0,"p":0.0,"mot":"L","mo":0.0}]},{"d":"09.04.2017","r":38072.0,"q":4.4,"p":233975.26,"s":[{"cn":"Сергеев и сыновья","ui":"6553168","t":8394.0,"r":8388.0,"q":4.44,"p":200000.0,"mot":"U","mo":8388.0},{"cn":"Redicson Трейд","ui":"6339668","t":26308.0,"r":26244.0,"q":4.19,"p":250000.0,"mot":"U","mo":26244.0},{"cn":"cobra3125 и компания","ui":"6426096","t":4899.0,"r":3440.0,"q":5.85,"p":194565.71,"mot":"U","mo":3440.0},{"cn":"","ui":"","t":0.0,"r":0.0,"q":0.0,"p":0.0,"mot":"L","mo":0.0}]},{"d":"10.04.2017","r":76284.0,"q":9.74,"p":225309.0,"s":[{"cn":"Redicson Трейд","ui":"6339668","t":26296.0,"r":26284.0,"q":4.19,"p":250000.0,"mot":"U","mo":26284.0},{"cn":"Сибирь","ui":"6583244","t":100000.0,"r":50000.0,"q":12.65,"p":212329.43,"mot":"U","mo":50000.0},{"cn":"","ui":"","t":0.0,"r":0.0,"q":0.0,"p":0.0,"mot":"L","mo":0.0}]},{"d":"11.04.2017","r":23893.0,"q":4.28,"p":250000.0,"s":[{"cn":"Redicson Трейд","ui":"6339668","t":24935.0,"r":23574.0,"q":4.19,"p":250000.0,"mot":"U","mo":23574.0},{"cn":"","ui":"","t":670.0,"r":319.0,"q":10.85,"p":250000.0,"mot":"L","mo":319.0}]},{"d":"12.04.2017","r":24711.0,"q":4.2,"p":250000.0,"s":[{"cn":"Redicson Трейд","ui":"6339668","t":24823.0,"r":24711.0,"q":4.2,"p":250000.0,"mot":"U","mo":24711.0},{"cn":"","ui":"","t":0.0,"r":0.0,"q":0.0,"p":0.0,"mot":"L","mo":0.0}]},{"d":"13.04.2017","r":23978.0,"q":4.2,"p":250000.0,"s":[{"cn":"Redicson Трейд","ui":"6339668","t":24401.0,"r":23978.0,"q":4.2,"p":250000.0,"mot":"U","mo":23978.0},{"cn":"","ui":"","t":0.0,"r":0.0,"q":0.0,"p":0.0,"mot":"L","mo":0.0}]},{"d":"14.04.2017","r":239057.0,"q":11.81,"p":257604.03,"s":[{"cn":"Redicson Трейд","ui":"6339668","t":24299.0,"r":24196.0,"q":4.2,"p":250000.0,"mot":"U","mo":24196.0},{"cn":"Сибирь","ui":"6435371","t":214868.0,"r":214861.0,"q":12.67,"p":258460.34,"mot":"U","mo":214861.0},{"cn":"","ui":"","t":0.0,"r":0.0,"q":0.0,"p":0.0,"mot":"L","mo":0.0}]},{"d":"15.04.2017","r":318650.0,"q":12.03,"p":257820.63,"s":[{"cn":"Redicson Трейд","ui":"6339668","t":24197.0,"r":24094.0,"q":4.2,"p":250000.0,"mot":"U","mo":24094.0},{"cn":"Сибирь","ui":"6435371","t":295275.0,"r":294556.0,"q":12.67,"p":258460.34,"mot":"U","mo":294556.0},{"cn":"","ui":"","t":0.0,"r":0.0,"q":0.0,"p":0.0,"mot":"L","mo":0.0}]},{"d":"16.04.2017","r":398984.0,"q":12.16,"p":257902.26,"s":[{"cn":"Redicson Трейд","ui":"6339668","t":24094.0,"r":23991.0,"q":4.2,"p":250000.0,"mot":"U","mo":23991.0},{"cn":"Сибирь","ui":"6435371","t":375101.0,"r":374742.0,"q":12.67,"p":258460.34,"mot":"U","mo":374742.0},{"cn":"","ui":"","t":2752.0,"r":251.0,"q":14.42,"p":180000.0,"mot":"L","mo":251.0}]},{"d":"17.04.2017","r":515147.0,"q":12.27,"p":277747.46,"s":[{"cn":"Сибирь","ui":"6435371","t":492424.0,"r":491253.0,"q":12.66,"p":279097.07,"mot":"U","mo":491253.0},{"cn":"","ui":"","t":23994.0,"r":23894.0,"q":4.2,"p":250000.0,"mot":"L","mo":23894.0}]},{"d":"18.04.2017","r":590855.0,"q":12.32,"p":277925.32,"s":[{"cn":"Сибирь","ui":"6435371","t":569895.0,"r":567061.0,"q":12.66,"p":279097.07,"mot":"U","mo":567061.0},{"cn":"","ui":"","t":23894.0,"r":23794.0,"q":4.2,"p":250000.0,"mot":"L","mo":23794.0}]},{"d":"19.04.2017","r":652904.0,"q":12.35,"p":278793.35,"s":[{"cn":"Сибирь","ui":"6435371","t":633650.0,"r":617220.0,"q":12.66,"p":279097.07,"mot":"U","mo":617220.0},{"cn":"","ui":"","t":35789.0,"r":35684.0,"q":7.04,"p":273539.96,"mot":"L","mo":35684.0}]},{"d":"21.04.2017","r":53338.0,"q":8.94,"p":289195.7,"s":[{"cn":"Сергеев и сыновья","ui":"6553168","t":32933.0,"r":29866.0,"q":12.66,"p":320000.0,"mot":"U","mo":29866.0},{"cn":"Redicson Трейд","ui":"6339668","t":23579.0,"r":23472.0,"q":4.2,"p":250000.0,"mot":"U","mo":23472.0},{"cn":"","ui":"","t":0.0,"r":0.0,"q":0.0,"p":0.0,"mot":"L","mo":0.0}]},{"d":"22.04.2017","r":49332.0,"q":9.46,"p":293540.7,"s":[{"cn":"Сергеев и сыновья","ui":"6553168","t":31809.0,"r":30685.0,"q":12.66,"p":320000.0,"mot":"U","mo":30685.0},{"cn":"Redicson Трейд","ui":"6339668","t":21113.0,"r":18647.0,"q":4.2,"p":250000.0,"mot":"U","mo":18647.0},{"cn":"","ui":"","t":0.0,"r":0.0,"q":0.0,"p":0.0,"mot":"L","mo":0.0}]},{"d":"23.04.2017","r":57813.0,"q":8.81,"p":288195.49,"s":[{"cn":"Сергеев и сыновья","ui":"6553168","t":31784.0,"r":30659.0,"q":12.66,"p":320000.0,"mot":"U","mo":30659.0},{"cn":"BEREZOVES Трейд","ui":"5706009","t":11173.0,"r":11173.0,"q":4.86,"p":255555.0,"mot":"U","mo":11173.0},{"cn":"Redicson Трейд","ui":"6339668","t":18547.0,"r":15981.0,"q":4.2,"p":250000.0,"mot":"U","mo":15981.0},{"cn":"","ui":"","t":0.0,"r":0.0,"q":0.0,"p":0.0,"mot":"L","mo":0.0}]},{"d":"24.04.2017","r":143391.0,"q":11.07,"p":283108.03,"s":[{"cn":"Сергеев и сыновья","ui":"6553168","t":32739.0,"r":32594.0,"q":12.66,"p":320000.0,"mot":"U","mo":32594.0},{"cn":"BEREZOVES Трейд","ui":"5706009","t":10802.0,"r":10431.0,"q":4.87,"p":255555.0,"mot":"U","mo":10431.0},{"cn":"Redicson Трейд","ui":"6339668","t":18080.0,"r":17613.0,"q":4.2,"p":250000.0,"mot":"U","mo":17613.0},{"cn":"Сибирь","ui":"6435371","t":106209.0,"r":82753.0,"q":12.68,"p":279097.07,"mot":"U","mo":82753.0},{"cn":"","ui":"","t":0.0,"r":0.0,"q":0.0,"p":0.0,"mot":"L","mo":0.0}]},{"d":"26.04.2017","r":114882.0,"q":10.74,"p":284503.38,"s":[{"cn":"Сергеев и сыновья","ui":"6553168","t":32925.0,"r":32923.0,"q":12.66,"p":320000.0,"mot":"U","mo":32923.0},{"cn":"BEREZOVES Трейд","ui":"5706009","t":10146.0,"r":10060.0,"q":4.87,"p":255555.0,"mot":"U","mo":10060.0},{"cn":"Redicson Трейд","ui":"6339668","t":17247.0,"r":16937.0,"q":4.2,"p":250000.0,"mot":"U","mo":16937.0},{"cn":"Сибирь","ui":"6435371","t":76513.0,"r":54862.0,"q":12.68,"p":279097.07,"mot":"U","mo":54862.0},{"cn":"","ui":"","t":100.0,"r":100.0,"q":12.68,"p":320000.0,"mot":"L","mo":100.0}]},{"d":"27.04.2017","r":97580.0,"q":10.47,"p":286067.9,"s":[{"cn":"Сергеев и сыновья","ui":"6553168","t":32499.0,"r":31933.0,"q":12.66,"p":320000.0,"mot":"U","mo":31933.0},{"cn":"BEREZOVES Трейд","ui":"5706009","t":9990.0,"r":9834.0,"q":4.87,"p":255555.0,"mot":"U","mo":9834.0},{"cn":"Redicson Трейд","ui":"6339668","t":16937.0,"r":16627.0,"q":4.2,"p":250000.0,"mot":"U","mo":16627.0},{"cn":"Сибирь","ui":"6435371","t":60243.0,"r":37314.0,"q":12.68,"p":279097.07,"mot":"U","mo":37314.0},{"cn":"","ui":"","t":2574.0,"r":1872.0,"q":14.17,"p":326837.61,"mot":"L","mo":1872.0}]},{"d":"28.04.2017","r":52760.0,"q":12.67,"p":305983.65,"s":[{"cn":"Сергеев и сыновья","ui":"6553168","t":31452.0,"r":29865.0,"q":12.66,"p":320000.0,"mot":"U","mo":29865.0},{"cn":"Сибирь","ui":"6435371","t":43917.0,"r":20935.0,"q":12.68,"p":279097.07,"mot":"U","mo":20935.0},{"cn":"","ui":"","t":5081.0,"r":1960.0,"q":12.75,"p":379591.84,"mot":"L","mo":1960.0}]},{"d":"29.04.2017","r":57805.0,"q":8.93,"p":297550.81,"s":[{"cn":"Сергеев и сыновья","ui":"6553168","t":29862.0,"r":27732.0,"q":12.66,"p":320000.0,"mot":"U","mo":27732.0},{"cn":"BEREZOVES Трейд","ui":"5706009","t":9990.0,"r":9990.0,"q":4.87,"p":255555.0,"mot":"U","mo":9990.0},{"cn":"Redicson Трейд","ui":"6628906","t":16427.0,"r":16427.0,"q":4.2,"p":270000.0,"mot":"U","mo":16427.0},{"cn":"","ui":"","t":9574.0,"r":3656.0,"q":13.01,"p":365809.63,"mot":"L","mo":3656.0}]},{"d":"01.05.2017","r":107490.0,"q":10.45,"p":291230.39,"s":[{"cn":"Сергеев и сыновья","ui":"6553168","t":30097.0,"r":30095.0,"q":12.66,"p":320000.0,"mot":"U","mo":30095.0},{"cn":"BEREZOVES Трейд","ui":"5706009","t":9970.0,"r":9960.0,"q":4.87,"p":255555.0,"mot":"U","mo":9960.0},{"cn":"Redicson Трейд","ui":"6628906","t":17407.0,"r":17397.0,"q":4.65,"p":270000.0,"mot":"U","mo":17397.0},{"cn":"Сибирь","ui":"6435371","t":92024.0,"r":45212.0,"q":12.16,"p":279097.07,"mot":"U","mo":45212.0},{"cn":"","ui":"","t":12683.0,"r":4826.0,"q":13.01,"p":375652.71,"mot":"L","mo":4826.0}]},{"d":"02.05.2017","r":60862.0,"q":9.17,"p":300699.33,"s":[{"cn":"Сергеев и сыновья","ui":"6553168","t":29556.0,"r":28475.0,"q":12.65,"p":320000.0,"mot":"U","mo":28475.0},{"cn":"BEREZOVES Трейд","ui":"5706009","t":9870.0,"r":9770.0,"q":4.87,"p":255555.0,"mot":"U","mo":9770.0},{"cn":"Redicson Трейд","ui":"6628906","t":17307.0,"r":17207.0,"q":4.65,"p":270000.0,"mot":"U","mo":17207.0},{"cn":"Amber LTD","ui":"6534612","t":3937.0,"r":3910.0,"q":12.92,"p":400000.0,"mot":"U","mo":3910.0},{"cn":"","ui":"","t":11132.0,"r":1500.0,"q":13.09,"p":321666.67,"mot":"L","mo":1500.0}]},{"d":"03.05.2017","r":144210.0,"q":10.64,"p":280425.19,"s":[{"cn":"Сергеев и сыновья","ui":"6553168","t":30491.0,"r":30486.0,"q":12.64,"p":320000.0,"mot":"U","mo":30486.0},{"cn":"BEREZOVES Трейд","ui":"5706009","t":9770.0,"r":9670.0,"q":4.87,"p":255555.0,"mot":"U","mo":9670.0},{"cn":"Сибирь","ui":"6502070","t":86115.0,"r":80877.0,"q":11.67,"p":263164.92,"mot":"U","mo":80877.0},{"cn":"Redicson Трейд","ui":"6628906","t":17207.0,"r":17107.0,"q":4.65,"p":270000.0,"mot":"U","mo":17107.0},{"cn":"","ui":"","t":15198.0,"r":6070.0,"q":12.96,"p":380642.5,"mot":"L","mo":6070.0}]},{"d":"04.05.2017","r":141876.0,"q":10.73,"p":281272.79,"s":[{"cn":"Сергеев и сыновья","ui":"6553168","t":30487.0,"r":30483.0,"q":12.64,"p":320000.0,"mot":"U","mo":30483.0},{"cn":"BEREZOVES Трейд","ui":"5706009","t":9670.0,"r":9570.0,"q":4.87,"p":255555.0,"mot":"U","mo":9570.0},{"cn":"Сибирь","ui":"6502070","t":97591.0,"r":80061.0,"q":11.65,"p":263164.92,"mot":"U","mo":80061.0},{"cn":"Redicson Трейд","ui":"6628906","t":16107.0,"r":15007.0,"q":4.65,"p":270000.0,"mot":"U","mo":15007.0},{"cn":"","ui":"","t":15880.0,"r":6755.0,"q":13.04,"p":382605.48,"mot":"L","mo":6755.0}]},{"d":"06.05.2017","r":94973.0,"q":10.21,"p":292037.64,"s":[{"cn":"Сергеев и сыновья","ui":"6553168","t":30081.0,"r":29876.0,"q":12.64,"p":320000.0,"mot":"U","mo":29876.0},{"cn":"BEREZOVES Трейд","ui":"5706009","t":9068.0,"r":8767.0,"q":4.87,"p":255555.0,"mot":"U","mo":8767.0},{"cn":"Redicson Трейд","ui":"6628906","t":49766.0,"r":49666.0,"q":9.31,"p":270000.0,"mot":"U","mo":49666.0},{"cn":"Amber LTD","ui":"6534612","t":5164.0,"r":5164.0,"q":13.11,"p":400000.0,"mot":"U","mo":5164.0},{"cn":"","ui":"","t":9869.0,"r":1500.0,"q":13.09,"p":306333.33,"mot":"L","mo":1500.0}]},{"d":"08.05.2017","r":64538.0,"q":11.34,"p":303801.32,"s":[{"cn":"Сергеев и сыновья","ui":"6553168","t":29666.0,"r":29451.0,"q":12.64,"p":320000.0,"mot":"U","mo":29451.0},{"cn":"BEREZOVES Трейд","ui":"5706009","t":8460.0,"r":8152.0,"q":4.88,"p":255555.0,"mot":"U","mo":8152.0},{"cn":"Redicson Трейд","ui":"6628906","t":20377.0,"r":20275.0,"q":11.46,"p":275000.0,"mot":"U","mo":20275.0},{"cn":"Amber LTD","ui":"6534612","t":5162.0,"r":5160.0,"q":13.11,"p":400000.0,"mot":"U","mo":5160.0},{"cn":"","ui":"","t":10874.0,"r":1500.0,"q":13.1,"p":306333.33,"mot":"L","mo":1500.0}]},{"d":"09.05.2017","r":71050.0,"q":11.36,"p":301108.53,"s":[{"cn":"Сергеев и сыновья","ui":"6553168","t":29453.0,"r":29238.0,"q":12.64,"p":320000.0,"mot":"U","mo":29238.0},{"cn":"BEREZOVES Трейд","ui":"5706009","t":8149.0,"r":7840.0,"q":4.88,"p":255555.0,"mot":"U","mo":7840.0},{"cn":"Redicson Трейд","ui":"6628906","t":27423.0,"r":27314.0,"q":11.43,"p":275000.0,"mot":"U","mo":27314.0},{"cn":"Amber LTD","ui":"6534612","t":5160.0,"r":5158.0,"q":13.11,"p":400000.0,"mot":"U","mo":5158.0},{"cn":"","ui":"","t":10049.0,"r":1500.0,"q":13.1,"p":306333.33,"mot":"L","mo":1500.0}]},{"d":"10.05.2017","r":78170.0,"q":11.44,"p":298345.93,"s":[{"cn":"Сергеев и сыновья","ui":"6553168","t":28950.0,"r":28445.0,"q":12.64,"p":320000.0,"mot":"U","mo":28445.0},{"cn":"BEREZOVES Трейд","ui":"5706009","t":7837.0,"r":7525.0,"q":4.88,"p":255555.0,"mot":"U","mo":7525.0},{"cn":"Redicson Трейд","ui":"6628906","t":35763.0,"r":35546.0,"q":11.55,"p":275000.0,"mot":"U","mo":35546.0},{"cn":"Amber LTD","ui":"6534612","t":5157.0,"r":5154.0,"q":13.11,"p":400000.0,"mot":"U","mo":5154.0},{"cn":"","ui":"","t":9313.0,"r":1500.0,"q":13.1,"p":306333.33,"mot":"L","mo":1500.0}]},{"d":"11.05.2017","r":85404.0,"q":11.48,"p":296072.44,"s":[{"cn":"Сергеев и сыновья","ui":"6553168","t":28433.0,"r":27914.0,"q":12.64,"p":320000.0,"mot":"U","mo":27914.0},{"cn":"BEREZOVES Трейд","ui":"5706009","t":7527.0,"r":7217.0,"q":4.88,"p":255555.0,"mot":"U","mo":7217.0},{"cn":"Redicson Трейд","ui":"6628906","t":44339.0,"r":44122.0,"q":11.62,"p":275000.0,"mot":"U","mo":44122.0},{"cn":"Amber LTD","ui":"6534612","t":5154.0,"r":5151.0,"q":13.11,"p":400000.0,"mot":"U","mo":5151.0},{"cn":"","ui":"","t":3554.0,"r":1000.0,"q":12.45,"p":315000.0,"mot":"L","mo":1000.0}]},{"d":"12.05.2017","r":236484.0,"q":11.71,"p":268180.22,"s":[{"cn":"Сибирь","ui":"6502070","t":235684.0,"r":208282.0,"q":11.89,"p":263164.92,"mot":"U","mo":208282.0},{"cn":"Redicson Трейд","ui":"6628906","t":15364.0,"r":15143.0,"q":11.77,"p":295000.0,"mot":"U","mo":15143.0},{"cn":"","ui":"","t":15915.0,"r":13059.0,"q":8.71,"p":317070.95,"mot":"L","mo":13059.0}]},{"d":"13.05.2017","r":309245.0,"q":11.75,"p":268008.63,"s":[{"cn":"Сибирь","ui":"6502070","t":300264.0,"r":271373.0,"q":11.89,"p":263164.92,"mot":"U","mo":271373.0},{"cn":"Redicson Трейд","ui":"6628906","t":25143.0,"r":24922.0,"q":11.82,"p":295000.0,"mot":"U","mo":24922.0},{"cn":"","ui":"","t":15589.0,"r":12950.0,"q":8.74,"p":317566.42,"mot":"L","mo":12950.0}]},{"d":"14.05.2017","r":380462.0,"q":11.8,"p":214991.5,"s":[{"cn":"Сибирь","ui":"6502070","t":358106.0,"r":322623.0,"q":11.9,"p":199350.0,"mot":"U","mo":322623.0},{"cn":"Redicson Трейд","ui":"6628906","t":35021.0,"r":34899.0,"q":11.84,"p":295000.0,"mot":"U","mo":34899.0},{"cn":"","ui":"","t":25966.0,"r":22940.0,"q":10.27,"p":313251.8,"mot":"L","mo":22940.0}]},{"d":"15.05.2017","r":502715.0,"q":12.06,"p":213516.9,"s":[{"cn":"Сибирь","ui":"6502070","t":476175.0,"r":433151.0,"q":12.18,"p":199350.0,"mot":"U","mo":433151.0},{"cn":"Redicson Трейд","ui":"6628906","t":45004.0,"r":44986.0,"q":11.85,"p":295000.0,"mot":"U","mo":44986.0},{"cn":"","ui":"","t":27588.0,"r":24578.0,"q":10.39,"p":314046.1,"mot":"L","mo":24578.0}]},{"d":"16.05.2017","r":485187.0,"q":12.15,"p":213676.6,"s":[{"cn":"Сибирь","ui":"6502070","t":443470.0,"r":413732.0,"q":12.28,"p":199350.0,"mot":"U","mo":413732.0},{"cn":"Redicson Трейд","ui":"6628906","t":45006.0,"r":44988.0,"q":11.85,"p":285000.0,"mot":"U","mo":44988.0},{"cn":"","ui":"","t":29380.0,"r":26467.0,"q":10.56,"p":316396.13,"mot":"L","mo":26467.0}]},{"d":"17.05.2017","r":580517.0,"q":12.24,"p":210887.41,"s":[{"cn":"Сибирь","ui":"6502070","t":526046.0,"r":511725.0,"q":12.36,"p":199350.0,"mot":"U","mo":511725.0},{"cn":"Redicson Трейд","ui":"6628906","t":45020.0,"r":45014.0,"q":11.85,"p":285000.0,"mot":"U","mo":45014.0},{"cn":"","ui":"","t":26668.0,"r":23778.0,"q":10.44,"p":318881.26,"mot":"L","mo":23778.0}]},{"d":"18.05.2017","r":666399.0,"q":12.3,"p":209645.81,"s":[{"cn":"Сибирь","ui":"6502070","t":610089.0,"r":597292.0,"q":12.41,"p":199350.0,"mot":"U","mo":597292.0},{"cn":"Redicson Трейд","ui":"6628906","t":45034.0,"r":45028.0,"q":11.85,"p":285000.0,"mot":"U","mo":45028.0},{"cn":"","ui":"","t":26951.0,"r":24079.0,"q":10.51,"p":324125.53,"mot":"L","mo":24079.0}]},{"d":"19.05.2017","r":754860.0,"q":12.33,"p":208874.84,"s":[{"cn":"Сибирь","ui":"6502070","t":695155.0,"r":683627.0,"q":12.43,"p":199350.0,"mot":"U","mo":683627.0},{"cn":"Redicson Трейд","ui":"6628906","t":45048.0,"r":45042.0,"q":11.85,"p":285000.0,"mot":"U","mo":45042.0},{"cn":"","ui":"","t":29641.0,"r":26191.0,"q":10.66,"p":326572.01,"mot":"L","mo":26191.0}]},{"d":"20.05.2017","r":783113.0,"q":12.35,"p":188868.95,"s":[{"cn":"Сибирь","ui":"6502070","t":725094.0,"r":711879.0,"q":12.44,"p":177613.17,"mot":"U","mo":711879.0},{"cn":"Redicson Трейд","ui":"6628906","t":45062.0,"r":45056.0,"q":11.85,"p":285000.0,"mot":"U","mo":45056.0},{"cn":"","ui":"","t":29270.0,"r":26178.0,"q":10.71,"p":329501.26,"mot":"L","mo":26178.0}]},{"d":"21.05.2017","r":791962.0,"q":12.35,"p":190027.68,"s":[{"cn":"Сибирь","ui":"6502070","t":728490.0,"r":711948.0,"q":12.45,"p":177613.17,"mot":"U","mo":711948.0},{"cn":"Redicson Трейд","ui":"6628906","t":53076.0,"r":53070.0,"q":11.86,"p":285000.0,"mot":"U","mo":53070.0},{"cn":"","ui":"","t":29719.0,"r":26944.0,"q":10.8,"p":330998.13,"mot":"L","mo":26944.0}]},{"d":"22.05.2017","r":840043.0,"q":12.38,"p":189364.97,"s":[{"cn":"Сибирь","ui":"6502070","t":789457.0,"r":759873.0,"q":12.47,"p":177613.17,"mot":"U","mo":759873.0},{"cn":"Redicson Трейд","ui":"6628906","t":53091.0,"r":53086.0,"q":11.86,"p":285000.0,"mot":"U","mo":53086.0},{"cn":"","ui":"","t":29630.0,"r":27084.0,"q":10.83,"p":331626.0,"mot":"L","mo":27084.0}]},{"d":"23.05.2017","r":952299.0,"q":12.42,"p":188152.19,"s":[{"cn":"Сибирь","ui":"6502070","t":899067.0,"r":871406.0,"q":12.5,"p":177613.17,"mot":"U","mo":871406.0},{"cn":"Redicson Трейд","ui":"6628906","t":53106.0,"r":53101.0,"q":11.86,"p":285000.0,"mot":"U","mo":53101.0},{"cn":"","ui":"","t":30265.0,"r":27792.0,"q":10.91,"p":333555.47,"mot":"L","mo":27792.0}]},{"d":"24.05.2017","r":1067048.0,"q":12.45,"p":185626.85,"s":[{"cn":"Сибирь","ui":"6502070","t":1009545.0,"r":992872.0,"q":12.53,"p":177613.17,"mot":"U","mo":992872.0},{"cn":"","ui":"","t":76639.0,"r":74176.0,"q":11.39,"p":292892.83,"mot":"L","mo":74176.0}]},{"d":"25.05.2017","r":283559.0,"q":12.3,"p":207644.41,"s":[{"cn":"Сибирь","ui":"6502070","t":227918.0,"r":209418.0,"q":12.62,"p":177613.17,"mot":"U","mo":209418.0},{"cn":"Redicson Трейд","ui":"6628906","t":53133.0,"r":53125.0,"q":11.86,"p":285000.0,"mot":"U","mo":53125.0},{"cn":"","ui":"","t":23450.0,"r":21016.0,"q":10.18,"p":311354.25,"mot":"L","mo":21016.0}]},{"d":"26.05.2017","r":391452.0,"q":12.4,"p":199351.17,"s":[{"cn":"Сибирь","ui":"6502070","t":332598.0,"r":317331.0,"q":12.64,"p":177613.17,"mot":"U","mo":317331.0},{"cn":"Redicson Трейд","ui":"6628906","t":53145.0,"r":53137.0,"q":11.86,"p":285000.0,"mot":"U","mo":53137.0},{"cn":"","ui":"","t":23397.0,"r":20984.0,"q":10.18,"p":311199.16,"mot":"L","mo":20984.0}]},{"d":"27.05.2017","r":74107.0,"q":11.39,"p":292462.04,"s":[{"cn":"BEREZOVES Трейд","ui":"5706009","t":6338.0,"r":6314.0,"q":4.89,"p":255555.0,"mot":"U","mo":6314.0},{"cn":"Avid Horizon LLC","ui":"6578786","t":5870.0,"r":5862.0,"q":12.16,"p":300000.0,"mot":"U","mo":5862.0},{"cn":"Redicson Трейд","ui":"6628906","t":53154.0,"r":53143.0,"q":11.86,"p":285000.0,"mot":"U","mo":53143.0},{"cn":"Amber LTD","ui":"6534612","t":4898.0,"r":4897.0,"q":13.11,"p":400000.0,"mot":"U","mo":4897.0},{"cn":"","ui":"","t":6223.0,"r":3891.0,"q":12.15,"p":307570.03,"mot":"L","mo":3891.0}]},{"d":"28.05.2017","r":74008.0,"q":11.4,"p":292512.49,"s":[{"cn":"BEREZOVES Трейд","ui":"5706009","t":6272.0,"r":6206.0,"q":4.9,"p":255555.0,"mot":"U","mo":6206.0},{"cn":"Avid Horizon LLC","ui":"6578786","t":5863.0,"r":5856.0,"q":12.16,"p":300000.0,"mot":"U","mo":5856.0},{"cn":"Redicson Трейд","ui":"6628906","t":53166.0,"r":53158.0,"q":11.86,"p":285000.0,"mot":"U","mo":53158.0},{"cn":"Amber LTD","ui":"6534612","t":4897.0,"r":4896.0,"q":13.11,"p":400000.0,"mot":"U","mo":4896.0},{"cn":"","ui":"","t":6216.0,"r":3892.0,"q":12.15,"p":307569.37,"mot":"L","mo":3892.0}]},{"d":"29.05.2017","r":73969.0,"q":11.4,"p":292504.43,"s":[{"cn":"BEREZOVES Трейд","ui":"5706009","t":6249.0,"r":6226.0,"q":4.9,"p":255555.0,"mot":"U","mo":6226.0},{"cn":"Avid Horizon LLC","ui":"6578786","t":5854.0,"r":5845.0,"q":12.16,"p":300000.0,"mot":"U","mo":5845.0},{"cn":"Redicson Трейд","ui":"6628906","t":53149.0,"r":53112.0,"q":11.86,"p":285000.0,"mot":"U","mo":53112.0},{"cn":"Amber LTD","ui":"6534612","t":4896.0,"r":4895.0,"q":13.11,"p":400000.0,"mot":"U","mo":4895.0},{"cn":"","ui":"","t":6208.0,"r":3891.0,"q":12.16,"p":307570.03,"mot":"L","mo":3891.0}]},{"d":"30.05.2017","r":73941.0,"q":11.4,"p":292467.48,"s":[{"cn":"BEREZOVES Трейд","ui":"5706009","t":6226.0,"r":6203.0,"q":4.9,"p":255555.0,"mot":"U","mo":6203.0},{"cn":"Avid Horizon LLC","ui":"6578786","t":5849.0,"r":5844.0,"q":12.16,"p":300000.0,"mot":"U","mo":5844.0},{"cn":"Redicson Трейд","ui":"6628906","t":53155.0,"r":53141.0,"q":11.86,"p":285000.0,"mot":"U","mo":53141.0},{"cn":"Amber LTD","ui":"6534612","t":4880.0,"r":4864.0,"q":13.11,"p":400000.0,"mot":"U","mo":4864.0},{"cn":"","ui":"","t":5201.0,"r":3889.0,"q":12.16,"p":307571.36,"mot":"L","mo":3889.0}]},{"d":"31.05.2017","r":68292.0,"q":11.27,"p":284575.13,"s":[{"cn":"BEREZOVES Трейд","ui":"5706009","t":6203.0,"r":6180.0,"q":4.9,"p":255555.0,"mot":"U","mo":6180.0},{"cn":"Avid Horizon LLC","ui":"6578786","t":5837.0,"r":5825.0,"q":12.16,"p":300000.0,"mot":"U","mo":5825.0},{"cn":"Redicson Трейд","ui":"6628906","t":53164.0,"r":53153.0,"q":11.86,"p":285000.0,"mot":"U","mo":53153.0},{"cn":"","ui":"","t":4172.0,"r":3134.0,"q":12.11,"p":305925.34,"mot":"L","mo":3134.0}]},{"d":"01.06.2017","r":67959.0,"q":11.27,"p":284450.14,"s":[{"cn":"BEREZOVES Трейд","ui":"5706009","t":6180.0,"r":6157.0,"q":4.9,"p":255555.0,"mot":"U","mo":6157.0},{"cn":"Avid Horizon LLC","ui":"6578786","t":5802.0,"r":5767.0,"q":12.16,"p":300000.0,"mot":"U","mo":5767.0},{"cn":"Redicson Трейд","ui":"6628906","t":53174.0,"r":53164.0,"q":11.87,"p":285000.0,"mot":"U","mo":53164.0},{"cn":"","ui":"","t":2878.0,"r":2871.0,"q":12.07,"p":305000.0,"mot":"L","mo":2871.0}]},{"d":"02.06.2017","r":67923.0,"q":11.27,"p":284464.2,"s":[{"cn":"BEREZOVES Трейд","ui":"5706009","t":6159.0,"r":6138.0,"q":4.9,"p":255555.0,"mot":"U","mo":6138.0},{"cn":"Avid Horizon LLC","ui":"6578786","t":5797.0,"r":5792.0,"q":12.16,"p":300000.0,"mot":"U","mo":5792.0},{"cn":"Redicson Трейд","ui":"6628906","t":53157.0,"r":53120.0,"q":11.87,"p":285000.0,"mot":"U","mo":53120.0},{"cn":"","ui":"","t":2879.0,"r":2873.0,"q":12.08,"p":305000.0,"mot":"L","mo":2873.0}]},{"d":"03.06.2017","r":68955.0,"q":11.36,"p":291357.64,"s":[{"cn":"BEREZOVES Трейд","ui":"5706009","t":6139.0,"r":6119.0,"q":4.9,"p":255555.0,"mot":"U","mo":6119.0},{"cn":"Avid Horizon LLC","ui":"6578786","t":5769.0,"r":5741.0,"q":12.16,"p":300000.0,"mot":"U","mo":5741.0},{"cn":"Redicson Трейд","ui":"6628906","t":52731.0,"r":52465.0,"q":11.87,"p":285000.0,"mot":"U","mo":52465.0},{"cn":"Amber LTD","ui":"6534612","t":4630.0,"r":4630.0,"q":13.11,"p":400000.0,"mot":"U","mo":4630.0},{"cn":"","ui":"","t":0.0,"r":0.0,"q":0.0,"p":0.0,"mot":"L","mo":0.0}]},{"d":"04.06.2017","r":71284.0,"q":11.41,"p":291971.63,"s":[{"cn":"BEREZOVES Трейд","ui":"5706009","t":5962.0,"r":5785.0,"q":4.9,"p":255555.0,"mot":"U","mo":5785.0},{"cn":"Avid Horizon LLC","ui":"6578786","t":5539.0,"r":5309.0,"q":12.16,"p":300000.0,"mot":"U","mo":5309.0},{"cn":"Redicson Трейд","ui":"6628906","t":52720.0,"r":52704.0,"q":11.87,"p":285000.0,"mot":"U","mo":52704.0},{"cn":"Amber LTD","ui":"6534612","t":4620.0,"r":4610.0,"q":13.11,"p":400000.0,"mot":"U","mo":4610.0},{"cn":"","ui":"","t":2881.0,"r":2876.0,"q":12.08,"p":305000.0,"mot":"L","mo":2876.0}]},{"d":"05.06.2017","r":72104.0,"q":11.43,"p":289603.28,"s":[{"cn":"BEREZOVES Трейд","ui":"5706009","t":5918.0,"r":5874.0,"q":4.9,"p":255555.0,"mot":"U","mo":5874.0},{"cn":"Avid Horizon LLC","ui":"6578786","t":5527.0,"r":5515.0,"q":12.16,"p":300000.0,"mot":"U","mo":5515.0},{"cn":"Redicson Трейд","ui":"6628906","t":52624.0,"r":52508.0,"q":11.87,"p":285000.0,"mot":"U","mo":52508.0},{"cn":"Amber LTD","ui":"6534612","t":4249.0,"r":4228.0,"q":13.11,"p":400000.0,"mot":"U","mo":4228.0},{"cn":"","ui":"","t":5161.0,"r":3979.0,"q":12.55,"p":268897.96,"mot":"L","mo":3979.0}]},{"d":"06.06.2017","r":142344.0,"q":12.35,"p":316364.01,"s":[{"cn":"Сибирь","ui":"6502070","t":77339.0,"r":77339.0,"q":12.65,"p":334629.8,"mot":"U","mo":77339.0},{"cn":"Redicson Трейд","ui":"6628906","t":52528.0,"r":52412.0,"q":11.87,"p":285000.0,"mot":"U","mo":52412.0},{"cn":"","ui":"","t":12627.0,"r":12593.0,"q":12.46,"p":334722.86,"mot":"L","mo":12593.0}]},{"d":"07.06.2017","r":140732.0,"q":12.31,"p":180634.74,"s":[{"cn":"Сибирь","ui":"6502070","t":77339.0,"r":77339.0,"q":12.65,"p":88326.02,"mot":"U","mo":77339.0},{"cn":"Redicson Трейд","ui":"6628906","t":52409.0,"r":52290.0,"q":11.87,"p":285000.0,"mot":"U","mo":52290.0},{"cn":"","ui":"","t":14050.0,"r":11103.0,"q":11.97,"p":332107.79,"mot":"L","mo":11103.0}]},{"d":"08.06.2017","r":80133.0,"q":12.1,"p":240028.38,"s":[{"cn":"Сибирь","ui":"6502070","t":49058.0,"r":20777.0,"q":12.65,"p":88326.02,"mot":"U","mo":20777.0},{"cn":"Redicson Трейд","ui":"6628906","t":52242.0,"r":52075.0,"q":11.87,"p":285000.0,"mot":"U","mo":52075.0},{"cn":"Amber LTD","ui":"6534612","t":4179.0,"r":4129.0,"q":13.11,"p":400000.0,"mot":"U","mo":4129.0},{"cn":"","ui":"","t":4929.0,"r":3152.0,"q":11.08,"p":287458.49,"mot":"L","mo":3152.0}]},{"d":"09.06.2017","r":140136.0,"q":14.29,"p":171112.15,"s":[{"cn":"Сибирь","ui":"6502070","t":114250.0,"r":83632.0,"q":15.87,"p":88326.02,"mot":"U","mo":83632.0},{"cn":"Redicson Трейд","ui":"6628906","t":51956.0,"r":51470.0,"q":11.87,"p":285000.0,"mot":"U","mo":51470.0},{"cn":"","ui":"","t":6279.0,"r":5034.0,"q":12.81,"p":382030.41,"mot":"L","mo":5034.0}]},{"d":"10.06.2017","r":197236.0,"q":15.04,"p":147962.05,"s":[{"cn":"Сибирь","ui":"6502070","t":181134.0,"r":139556.0,"q":16.32,"p":88326.02,"mot":"U","mo":139556.0},{"cn":"Redicson Трейд","ui":"6628906","t":51614.0,"r":51472.0,"q":11.87,"p":285000.0,"mot":"U","mo":51472.0},{"cn":"","ui":"","t":7746.0,"r":6208.0,"q":12.52,"p":352367.53,"mot":"L","mo":6208.0}]},{"d":"11.06.2017","r":266728.0,"q":15.51,"p":132242.95,"s":[{"cn":"Сибирь","ui":"6502070","t":243615.0,"r":209091.0,"q":16.49,"p":88326.02,"mot":"U","mo":209091.0},{"cn":"Redicson Трейд","ui":"6628906","t":51557.0,"r":51500.0,"q":11.87,"p":285000.0,"mot":"U","mo":51500.0},{"cn":"","ui":"","t":7694.0,"r":6137.0,"q":12.67,"p":346622.39,"mot":"L","mo":6137.0}]},{"d":"12.06.2017","r":294909.0,"q":15.68,"p":127564.69,"s":[{"cn":"Сибирь","ui":"6502070","t":296164.0,"r":237888.0,"q":16.57,"p":88326.02,"mot":"U","mo":237888.0},{"cn":"Redicson Трейд","ui":"6628906","t":51481.0,"r":51405.0,"q":11.87,"p":285000.0,"mot":"U","mo":51405.0},{"cn":"","ui":"","t":7298.0,"r":5616.0,"q":12.96,"p":348620.01,"mot":"L","mo":5616.0}]},{"d":"13.06.2017","r":215771.0,"q":15.44,"p":140972.61,"s":[{"cn":"Сибирь","ui":"6502070","t":262440.0,"r":159735.0,"q":16.65,"p":88326.02,"mot":"U","mo":159735.0},{"cn":"Redicson Трейд","ui":"6628906","t":50708.0,"r":49935.0,"q":11.87,"p":285000.0,"mot":"U","mo":49935.0},{"cn":"","ui":"","t":7457.0,"r":6101.0,"q":12.94,"p":340529.42,"mot":"L","mo":6101.0}]},{"d":"14.06.2017","r":152041.0,"q":16.58,"p":97159.07,"s":[{"cn":"Сибирь","ui":"6502070","t":253920.0,"r":147405.0,"q":16.7,"p":88326.02,"mot":"U","mo":147405.0},{"cn":"","ui":"","t":4857.0,"r":4636.0,"q":12.9,"p":378012.3,"mot":"L","mo":4636.0}]},{"d":"15.06.2017","r":256169.0,"q":15.68,"p":128973.1,"s":[{"cn":"Сибирь","ui":"6502070","t":273347.0,"r":202039.0,"q":16.68,"p":88326.02,"mot":"U","mo":202039.0},{"cn":"Redicson Трейд","ui":"6636576","t":49781.0,"r":49627.0,"q":11.87,"p":271500.0,"mot":"U","mo":49627.0},{"cn":"","ui":"","t":4687.0,"r":4503.0,"q":12.94,"p":381940.93,"mot":"L","mo":4503.0}]},{"d":"16.06.2017","r":147223.0,"q":14.98,"p":158826.73,"s":[{"cn":"Сибирь","ui":"6502070","t":245278.0,"r":93122.0,"q":16.73,"p":88326.02,"mot":"U","mo":93122.0},{"cn":"Redicson Трейд","ui":"6636576","t":49781.0,"r":49781.0,"q":11.87,"p":271500.0,"mot":"U","mo":49781.0},{"cn":"","ui":"","t":4511.0,"r":4320.0,"q":12.93,"p":380164.35,"mot":"L","mo":4320.0}]},{"d":"17.06.2017","r":51412.0,"q":11.95,"p":280019.24,"s":[{"cn":"Redicson Трейд","ui":"6636576","t":48680.0,"r":47676.0,"q":11.87,"p":271500.0,"mot":"U","mo":47676.0},{"cn":"Amber LTD","ui":"6534612","t":3418.0,"r":3293.0,"q":13.11,"p":400000.0,"mot":"U","mo":3293.0},{"cn":"","ui":"","t":713.0,"r":443.0,"q":12.3,"p":305000.0,"mot":"L","mo":443.0}]},{"d":"18.06.2017","r":661099.0,"q":12.6,"p":312225.7,"s":[{"cn":"chypa Инвест","ui":"6689780","t":608301.0,"r":608301.0,"q":12.66,"p":315000.0,"mot":"U","mo":608301.0},{"cn":"Redicson Трейд","ui":"6636576","t":48671.0,"r":48667.0,"q":11.87,"p":271500.0,"mot":"U","mo":48667.0},{"cn":"","ui":"","t":4140.0,"r":4131.0,"q":12.98,"p":383488.26,"mot":"L","mo":4131.0}]},{"d":"19.06.2017","r":641419.0,"q":12.62,"p":314245.7,"s":[{"cn":"chypa Инвест","ui":"6689780","t":607545.0,"r":606789.0,"q":12.66,"p":315000.0,"mot":"U","mo":606789.0},{"cn":"","ui":"","t":43527.0,"r":34630.0,"q":12.0,"p":301028.88,"mot":"L","mo":34630.0}]},{"d":"20.06.2017","r":634771.0,"q":12.63,"p":314519.27,"s":[{"cn":"chypa Инвест","ui":"6689780","t":607449.0,"r":607353.0,"q":12.66,"p":315000.0,"mot":"U","mo":607353.0},{"cn":"","ui":"","t":35330.0,"r":27418.0,"q":12.03,"p":303870.27,"mot":"L","mo":27418.0}]},{"d":"21.06.2017","r":628669.0,"q":12.62,"p":314196.18,"s":[{"cn":"chypa Инвест","ui":"6689780","t":607443.0,"r":593440.0,"q":12.66,"p":315000.0,"mot":"U","mo":593440.0},{"cn":"","ui":"","t":132206.0,"r":35229.0,"q":12.0,"p":300655.63,"mot":"L","mo":35229.0}]},{"d":"22.06.2017","r":612199.0,"q":12.62,"p":314246.57,"s":[{"cn":"chypa Инвест","ui":"6689780","t":593218.0,"r":578993.0,"q":12.66,"p":315000.0,"mot":"U","mo":578993.0},{"cn":"","ui":"","t":34236.0,"r":33206.0,"q":12.0,"p":301109.44,"mot":"L","mo":33206.0}]},{"d":"23.06.2017","r":543953.0,"q":12.62,"p":313982.11,"s":[{"cn":"chypa Инвест","ui":"6689780","t":525812.0,"r":511382.0,"q":12.66,"p":315000.0,"mot":"U","mo":511382.0},{"cn":"Redicson Трейд","ui":"6636576","t":30319.0,"r":30202.0,"q":11.87,"p":290000.0,"mot":"U","mo":30202.0},{"cn":"","ui":"","t":2861.0,"r":2369.0,"q":13.11,"p":400000.0,"mot":"L","mo":2369.0}]},{"d":"24.06.2017","r":512000.0,"q":12.64,"p":314807.6,"s":[{"cn":"chypa Инвест","ui":"6689780","t":510800.0,"r":495788.0,"q":12.66,"p":315000.0,"mot":"U","mo":495788.0},{"cn":"","ui":"","t":17821.0,"r":16212.0,"q":12.08,"p":308923.64,"mot":"L","mo":16212.0}]},{"d":"25.06.2017","r":514343.0,"q":12.64,"p":314888.72,"s":[{"cn":"chypa Инвест","ui":"6689780","t":505412.0,"r":500024.0,"q":12.66,"p":315000.0,"mot":"U","mo":500024.0},{"cn":"","ui":"","t":16070.0,"r":14319.0,"q":12.11,"p":311002.86,"mot":"L","mo":14319.0}]},{"d":"26.06.2017","r":508973.0,"q":12.65,"p":314924.84,"s":[{"cn":"chypa Инвест","ui":"6689780","t":500365.0,"r":495315.0,"q":12.66,"p":315000.0,"mot":"U","mo":495315.0},{"cn":"","ui":"","t":14865.0,"r":13658.0,"q":12.12,"p":312199.08,"mot":"L","mo":13658.0}]},{"d":"27.06.2017","r":503957.0,"q":12.65,"p":314582.56,"s":[{"cn":"chypa Инвест","ui":"6689780","t":495317.0,"r":490270.0,"q":12.66,"p":315000.0,"mot":"U","mo":490270.0},{"cn":"","ui":"","t":15302.0,"r":13687.0,"q":12.28,"p":299629.94,"mot":"L","mo":13687.0}]},{"d":"28.06.2017","r":522527.0,"q":12.74,"p":308932.51,"s":[{"cn":"Про 100 Инвест","ui":"6743096","t":32912.0,"r":30224.0,"q":14.11,"p":208009.33,"mot":"U","mo":30224.0},{"cn":"chypa Инвест","ui":"6689780","t":489020.0,"r":482721.0,"q":12.66,"p":315000.0,"mot":"U","mo":482721.0},{"cn":"","ui":"","t":11578.0,"r":9582.0,"q":12.23,"p":321601.96,"mot":"L","mo":9582.0}]},{"d":"29.06.2017","r":507942.0,"q":12.72,"p":310142.3,"s":[{"cn":"chypa Инвест","ui":"6689780","t":482536.0,"r":476053.0,"q":12.66,"p":315000.0,"mot":"U","mo":476053.0},{"cn":"","ui":"","t":38204.0,"r":31889.0,"q":13.67,"p":237624.37,"mot":"L","mo":31889.0}]},{"d":"01.07.2017","r":480678.0,"q":12.67,"p":313988.85,"s":[{"cn":"chypa Инвест","ui":"6689780","t":473509.0,"r":469584.0,"q":12.66,"p":315000.0,"mot":"U","mo":469584.0},{"cn":"","ui":"","t":21883.0,"r":11094.0,"q":13.3,"p":271189.22,"mot":"L","mo":11094.0}]}]