[{"d":"18.11.2016","r":185.0,"q":1.03,"p":2000.0,"s":[{"ui":"6703200","t":200.0,"r":185.0,"q":1.03,"p":2000.0,"mot":"U","mo":185.0},{"cn":"","ui":"","t":0.0,"r":0.0,"q":0.0,"p":0.0,"mot":"L","mo":0.0}]},{"d":"19.11.2016","r":1858.0,"q":1.01,"p":2093.11,"s":[{"ui":"6703448","t":700.0,"r":700.0,"q":1.0,"p":1900.0,"mot":"U","mo":700.0},{"ui":"6703147","t":573.0,"r":570.0,"q":1.0,"p":1900.0,"mot":"U","mo":570.0},{"ui":"6703200","t":344.0,"r":288.0,"q":1.03,"p":2000.0,"mot":"U","mo":288.0},{"ui":"6703594","t":300.0,"r":300.0,"q":1.02,"p":3000.0,"mot":"U","mo":300.0},{"cn":"","ui":"","t":0.0,"r":0.0,"q":0.0,"p":0.0,"mot":"L","mo":0.0}]},{"d":"20.11.2016","r":2922.0,"q":1.01,"p":2103.18,"s":[{"ui":"6703448","t":1200.0,"r":1200.0,"q":1.0,"p":1900.0,"mot":"U","mo":1200.0},{"ui":"6703147","t":790.0,"r":785.0,"q":1.0,"p":1900.0,"mot":"U","mo":785.0},{"ui":"6703200","t":483.0,"r":437.0,"q":1.03,"p":2000.0,"mot":"U","mo":437.0},{"ui":"6703594","t":500.0,"r":500.0,"q":1.02,"p":3000.0,"mot":"U","mo":500.0},{"cn":"","ui":"","t":0.0,"r":0.0,"q":0.0,"p":0.0,"mot":"L","mo":0.0}]},{"d":"21.11.2016","r":5265.0,"q":1.01,"p":2076.64,"s":[{"ui":"6703448","t":1700.0,"r":1700.0,"q":1.0,"p":1900.0,"mot":"U","mo":1700.0},{"ui":"6707862","t":277.0,"r":277.0,"q":1.0,"p":2400.0,"mot":"U","mo":277.0},{"ui":"6703147","t":1579.0,"r":1573.0,"q":1.0,"p":1900.0,"mot":"U","mo":1573.0},{"ui":"6703200","t":649.0,"r":615.0,"q":1.03,"p":2000.0,"mot":"U","mo":615.0},{"ui":"6703594","t":700.0,"r":700.0,"q":1.02,"p":3000.0,"mot":"U","mo":700.0},{"cn":"","ui":"","t":400.0,"r":400.0,"q":1.05,"p":1800.0,"mot":"L","mo":400.0}]},{"d":"22.11.2016","r":8914.0,"q":1.0,"p":2035.66,"s":[{"ui":"6703448","t":2198.0,"r":2198.0,"q":1.0,"p":1900.0,"mot":"U","mo":2198.0},{"ui":"6707444","t":1172.0,"r":1172.0,"q":1.0,"p":1900.0,"mot":"U","mo":1172.0},{"ui":"6707862","t":477.0,"r":477.0,"q":1.0,"p":2400.0,"mot":"U","mo":477.0},{"ui":"6703147","t":2349.0,"r":2346.0,"q":1.0,"p":1900.0,"mot":"U","mo":2346.0},{"ui":"6703594","t":900.0,"r":900.0,"q":1.02,"p":3000.0,"mot":"U","mo":900.0},{"ui":"6707472","t":1025.0,"r":1025.0,"q":1.0,"p":1900.0,"mot":"U","mo":1025.0},{"cn":"","ui":"","t":998.0,"r":796.0,"q":1.02,"p":1875.88,"mot":"L","mo":796.0}]},{"d":"23.11.2016","r":12451.0,"q":1.0,"p":2025.43,"s":[{"ui":"6703448","t":2696.0,"r":2696.0,"q":1.0,"p":1900.0,"mot":"U","mo":2696.0},{"ui":"6707444","t":1944.0,"r":1944.0,"q":1.0,"p":1900.0,"mot":"U","mo":1944.0},{"ui":"6707862","t":677.0,"r":677.0,"q":1.0,"p":2400.0,"mot":"U","mo":677.0},{"ui":"6703147","t":3116.0,"r":3113.0,"q":1.0,"p":1900.0,"mot":"U","mo":3113.0},{"ui":"6703594","t":1100.0,"r":1100.0,"q":1.02,"p":3000.0,"mot":"U","mo":1100.0},{"ui":"6707472","t":1686.0,"r":1686.0,"q":1.0,"p":1900.0,"mot":"U","mo":1686.0},{"cn":"","ui":"","t":1335.0,"r":1235.0,"q":1.03,"p":1910.73,"mot":"L","mo":1235.0}]},{"d":"24.11.2016","r":14770.0,"q":1.02,"p":1990.41,"s":[{"ui":"6703448","t":3192.0,"r":3192.0,"q":1.0,"p":1900.0,"mot":"U","mo":3192.0},{"ui":"6707444","t":2716.0,"r":2716.0,"q":1.0,"p":1900.0,"mot":"U","mo":2716.0},{"ui":"6707862","t":873.0,"r":871.0,"q":1.0,"p":1750.0,"mot":"U","mo":871.0},{"ui":"6703147","t":3883.0,"r":3881.0,"q":1.0,"p":1900.0,"mot":"U","mo":3881.0},{"ui":"6703594","t":1310.0,"r":1300.0,"q":1.26,"p":3000.0,"mot":"U","mo":1300.0},{"ui":"6707472","t":2400.0,"r":2400.0,"q":1.0,"p":1900.0,"mot":"U","mo":2400.0},{"cn":"","ui":"","t":510.0,"r":410.0,"q":1.0,"p":1987.8,"mot":"L","mo":410.0}]},{"d":"25.11.2016","r":24858.0,"q":1.06,"p":1990.6,"s":[{"ui":"6703448","t":3712.0,"r":3712.0,"q":1.2,"p":1900.0,"mot":"U","mo":3712.0},{"ui":"6707444","t":3483.0,"r":3483.0,"q":1.0,"p":1900.0,"mot":"U","mo":3483.0},{"ui":"3296996","t":7890.0,"r":7790.0,"q":1.0,"p":1990.0,"mot":"U","mo":7790.0},{"ui":"6703147","t":5418.0,"r":5416.0,"q":1.0,"p":1900.0,"mot":"U","mo":5416.0},{"ui":"6703594","t":1410.0,"r":1410.0,"q":1.45,"p":3000.0,"mot":"U","mo":1410.0},{"ui":"6707472","t":3107.0,"r":3047.0,"q":1.0,"p":1900.0,"mot":"U","mo":3047.0},{"cn":"","ui":"","t":0.0,"r":0.0,"q":0.0,"p":0.0,"mot":"L","mo":0.0}]},{"d":"26.11.2016","r":43206.0,"q":1.06,"p":1987.19,"s":[{"ui":"6703448","t":4213.0,"r":4194.0,"q":1.36,"p":1900.0,"mot":"U","mo":4194.0},{"ui":"6707444","t":4249.0,"r":4249.0,"q":1.0,"p":1900.0,"mot":"U","mo":4249.0},{"ui":"3296996","t":22384.0,"r":21684.0,"q":1.0,"p":1990.0,"mot":"U","mo":21684.0},{"ui":"6703147","t":6948.0,"r":6944.0,"q":1.0,"p":1900.0,"mot":"U","mo":6944.0},{"ui":"6707472","t":3813.0,"r":3753.0,"q":1.0,"p":1900.0,"mot":"U","mo":3753.0},{"cn":"","ui":"","t":2717.0,"r":2382.0,"q":1.39,"p":2662.15,"mot":"L","mo":2382.0}]},{"d":"27.11.2016","r":82623.0,"q":1.21,"p":2057.44,"s":[{"ui":"6707444","t":5013.0,"r":5013.0,"q":1.0,"p":1900.0,"mot":"U","mo":5013.0},{"ui":"3296996","t":49984.0,"r":48584.0,"q":1.0,"p":1990.0,"mot":"U","mo":48584.0},{"ui":"6703147","t":7124.0,"r":7120.0,"q":1.0,"p":1900.0,"mot":"U","mo":7120.0},{"ui":"6705923","t":11439.0,"r":11438.0,"q":2.33,"p":2500.0,"mot":"U","mo":11438.0},{"ui":"6707472","t":4567.0,"r":4557.0,"q":1.0,"p":1900.0,"mot":"U","mo":4557.0},{"cn":"","ui":"","t":7283.0,"r":5911.0,"q":1.42,"p":2199.98,"mot":"L","mo":5911.0}]},{"d":"28.11.2016","r":122275.0,"q":1.22,"p":2055.98,"s":[{"ui":"3296996","t":82460.0,"r":78960.0,"q":1.0,"p":1990.0,"mot":"U","mo":78960.0},{"ui":"6703147","t":7120.0,"r":7116.0,"q":1.0,"p":1900.0,"mot":"U","mo":7116.0},{"ui":"6705923","t":16672.0,"r":16672.0,"q":2.38,"p":2500.0,"mot":"U","mo":16672.0},{"cn":"","ui":"","t":19920.0,"r":19527.0,"q":1.21,"p":2000.53,"mot":"L","mo":19527.0}]},{"d":"29.11.2016","r":187802.0,"q":1.36,"p":1853.85,"s":[{"ui":"6702007","t":25673.0,"r":23201.0,"q":2.36,"p":440.0,"mot":"U","mo":23201.0},{"ui":"3296996","t":116488.0,"r":112988.0,"q":1.0,"p":1990.0,"mot":"U","mo":112988.0},{"ui":"6705923","t":21898.0,"r":21898.0,"q":2.4,"p":2500.0,"mot":"U","mo":21898.0},{"cn":"","ui":"","t":30102.0,"r":29715.0,"q":1.18,"p":1963.88,"mot":"L","mo":29715.0}]},{"d":"30.11.2016","r":206927.0,"q":1.22,"p":1769.86,"s":[{"ui":"3296996","t":148856.0,"r":145356.0,"q":1.0,"p":1590.0,"mot":"U","mo":145356.0},{"ui":"6705923","t":27118.0,"r":27118.0,"q":2.42,"p":2500.0,"mot":"U","mo":27118.0},{"cn":"","ui":"","t":34536.0,"r":34453.0,"q":1.2,"p":1954.0,"mot":"L","mo":34453.0}]},{"d":"01.12.2016","r":247739.0,"q":1.22,"p":1618.68,"s":[{"ui":"3296996","t":181166.0,"r":177666.0,"q":1.0,"p":1390.0,"mot":"U","mo":177666.0},{"ui":"6705923","t":32330.0,"r":32330.0,"q":2.43,"p":2500.0,"mot":"U","mo":32330.0},{"cn":"","ui":"","t":37902.0,"r":37743.0,"q":1.22,"p":1940.23,"mot":"L","mo":37743.0}]},{"d":"02.12.2016","r":256397.0,"q":1.03,"p":1459.96,"s":[{"ui":"3296996","t":222430.0,"r":218930.0,"q":1.0,"p":1390.0,"mot":"U","mo":218930.0},{"cn":"","ui":"","t":37606.0,"r":37467.0,"q":1.21,"p":1868.78,"mot":"L","mo":37467.0}]},{"d":"03.12.2016","r":299876.0,"q":1.03,"p":1453.34,"s":[{"ui":"3296996","t":263520.0,"r":260018.0,"q":1.0,"p":1390.0,"mot":"U","mo":260018.0},{"cn":"","ui":"","t":39997.0,"r":39858.0,"q":1.23,"p":1866.58,"mot":"L","mo":39858.0}]},{"d":"04.12.2016","r":341132.0,"q":1.04,"p":1440.65,"s":[{"ui":"3296996","t":302669.0,"r":299166.0,"q":1.0,"p":1390.0,"mot":"U","mo":299166.0},{"cn":"","ui":"","t":42215.0,"r":41966.0,"q":1.3,"p":1801.72,"mot":"L","mo":41966.0}]},{"d":"05.12.2016","r":387024.0,"q":1.21,"p":1438.78,"s":[{"ui":"3296996","t":344111.0,"r":340553.0,"q":1.19,"p":1390.0,"mot":"U","mo":340553.0},{"cn":"","ui":"","t":46716.0,"r":46471.0,"q":1.34,"p":1796.25,"mot":"L","mo":46471.0}]},{"d":"08.12.2016","r":530601.0,"q":1.55,"p":1436.22,"s":[{"ui":"3296996","t":468404.0,"r":464836.0,"q":1.55,"p":1390.0,"mot":"U","mo":464836.0},{"cn":"","ui":"","t":65898.0,"r":65765.0,"q":1.53,"p":1762.87,"mot":"L","mo":65765.0}]},{"d":"09.12.2016","r":580922.0,"q":1.63,"p":1437.17,"s":[{"ui":"3296996","t":509844.0,"r":506284.0,"q":1.63,"p":1390.0,"mot":"U","mo":506284.0},{"cn":"","ui":"","t":75280.0,"r":74638.0,"q":1.6,"p":1757.15,"mot":"L","mo":74638.0}]},{"d":"10.12.2016","r":678868.0,"q":2.12,"p":1558.42,"s":[{"ui":"3296996","t":547271.0,"r":542729.0,"q":1.7,"p":1390.0,"mot":"U","mo":542729.0},{"ui":"6611711","t":52105.0,"r":52105.0,"q":7.25,"p":3000.0,"mot":"U","mo":52105.0},{"cn":"","ui":"","t":84683.0,"r":84034.0,"q":1.69,"p":1752.28,"mot":"L","mo":84034.0}]},{"d":"11.12.2016","r":720991.0,"q":2.21,"p":1563.55,"s":[{"ui":"3296996","t":582733.0,"r":578191.0,"q":1.75,"p":1390.0,"mot":"U","mo":578191.0},{"ui":"6611711","t":58182.0,"r":58181.0,"q":7.43,"p":3000.0,"mot":"U","mo":58181.0},{"cn":"","ui":"","t":85279.0,"r":84619.0,"q":1.77,"p":1761.74,"mot":"L","mo":84619.0}]},{"d":"12.12.2016","r":790582.0,"q":2.27,"p":1487.64,"s":[{"ui":"3296996","t":623205.0,"r":618673.0,"q":1.8,"p":1390.0,"mot":"U","mo":618673.0},{"ui":"6611711","t":64058.0,"r":63848.0,"q":7.58,"p":2000.0,"mot":"U","mo":63848.0},{"cn":"","ui":"","t":108731.0,"r":108061.0,"q":1.85,"p":1743.91,"mot":"L","mo":108061.0}]},{"d":"13.12.2016","r":56212.0,"q":1.31,"p":1758.64,"s":[{"ui":"6707444","t":16703.0,"r":16703.0,"q":1.27,"p":1900.0,"mot":"U","mo":16703.0},{"ui":"6703147","t":22114.0,"r":22112.0,"q":1.36,"p":1550.0,"mot":"U","mo":22112.0},{"ui":"6707472","t":15327.0,"r":15327.0,"q":1.29,"p":1900.0,"mot":"U","mo":15327.0},{"cn":"","ui":"","t":2170.0,"r":2070.0,"q":1.27,"p":1800.0,"mot":"L","mo":2070.0}]},{"d":"14.12.2016","r":243344.0,"q":2.06,"p":1483.69,"s":[{"ui":"6707444","t":17428.0,"r":17428.0,"q":1.3,"p":1900.0,"mot":"U","mo":17428.0},{"ui":"3296996","t":199756.0,"r":179277.0,"q":2.28,"p":1390.0,"mot":"U","mo":179277.0},{"ui":"6703147","t":23476.0,"r":23464.0,"q":1.39,"p":1550.0,"mot":"U","mo":23464.0},{"ui":"6707472","t":16053.0,"r":16053.0,"q":1.32,"p":1900.0,"mot":"U","mo":16053.0},{"cn":"","ui":"","t":8143.0,"r":7122.0,"q":2.11,"p":1666.36,"mot":"L","mo":7122.0}]},{"d":"15.12.2016","r":40891.0,"q":1.34,"p":1864.12,"s":[{"ui":"6707444","t":18123.0,"r":18123.0,"q":1.32,"p":1900.0,"mot":"U","mo":18123.0},{"ui":"6703147","t":13463.0,"r":3452.0,"q":1.39,"p":1550.0,"mot":"U","mo":3452.0},{"ui":"6709198","t":2536.0,"r":2516.0,"q":1.46,"p":1800.0,"mot":"U","mo":2516.0},{"ui":"6707472","t":16750.0,"r":16750.0,"q":1.34,"p":1900.0,"mot":"U","mo":16750.0},{"cn":"","ui":"","t":10501.0,"r":50.0,"q":2.46,"p":1752.0,"mot":"L","mo":50.0}]},{"d":"16.12.2016","r":34961.0,"q":1.36,"p":1892.28,"s":[{"ui":"6707444","t":17817.0,"r":16817.0,"q":1.34,"p":1900.0,"mot":"U","mo":16817.0},{"ui":"6709198","t":2719.0,"r":2699.0,"q":1.53,"p":1800.0,"mot":"U","mo":2699.0},{"ui":"6707472","t":16445.0,"r":15445.0,"q":1.36,"p":1900.0,"mot":"U","mo":15445.0},{"cn":"","ui":"","t":0.0,"r":0.0,"q":0.0,"p":0.0,"mot":"L","mo":0.0}]},{"d":"17.12.2016","r":29910.0,"q":1.93,"p":1788.66,"s":[{"ui":"6707444","t":17489.0,"r":16489.0,"q":1.36,"p":1900.0,"mot":"U","mo":16489.0},{"ui":"6709198","t":2400.0,"r":1878.0,"q":1.61,"p":1800.0,"mot":"U","mo":1878.0},{"ui":"6737156","t":10460.0,"r":10442.0,"q":2.46,"p":1600.0,"mot":"U","mo":10442.0},{"cn":"","ui":"","t":2180.0,"r":1101.0,"q":5.98,"p":1891.1,"mot":"L","mo":1101.0}]},{"d":"18.12.2016","r":17699.0,"q":1.41,"p":1891.19,"s":[{"ui":"6707444","t":17140.0,"r":16140.0,"q":1.38,"p":1900.0,"mot":"U","mo":16140.0},{"ui":"6709198","t":2081.0,"r":1559.0,"q":1.69,"p":1800.0,"mot":"U","mo":1559.0},{"cn":"","ui":"","t":0.0,"r":0.0,"q":0.0,"p":0.0,"mot":"L","mo":0.0}]},{"d":"19.12.2016","r":16981.0,"q":1.42,"p":1892.79,"s":[{"ui":"6707444","t":16757.0,"r":15757.0,"q":1.39,"p":1900.0,"mot":"U","mo":15757.0},{"ui":"6709198","t":1753.0,"r":1224.0,"q":1.78,"p":1800.0,"mot":"U","mo":1224.0},{"cn":"","ui":"","t":0.0,"r":0.0,"q":0.0,"p":0.0,"mot":"L","mo":0.0}]},{"d":"20.12.2016","r":61618.0,"q":2.46,"p":1700.0,"s":[{"ui":"3296996","t":62618.0,"r":61618.0,"q":2.46,"p":1700.0,"mot":"U","mo":61618.0},{"cn":"","ui":"","t":0.0,"r":0.0,"q":0.0,"p":0.0,"mot":"L","mo":0.0}]},{"d":"22.12.2016","r":98219.0,"q":2.47,"p":1998.46,"s":[{"ui":"6732963","t":98299.0,"r":97242.0,"q":2.46,"p":2000.0,"mot":"U","mo":97242.0},{"cn":"","ui":"","t":2890.0,"r":977.0,"q":3.18,"p":1845.14,"mot":"L","mo":977.0}]},{"d":"23.12.2016","r":107371.0,"q":2.46,"p":2099.93,"s":[{"ui":"6732963","t":120412.0,"r":107301.0,"q":2.46,"p":2100.0,"mot":"U","mo":107301.0},{"cn":"","ui":"","t":100.0,"r":70.0,"q":2.46,"p":2000.0,"mot":"L","mo":70.0}]},{"d":"24.12.2016","r":89110.0,"q":2.66,"p":2098.06,"s":[{"ui":"3332030","t":8092.0,"r":8084.0,"q":3.94,"p":2100.0,"mot":"U","mo":8084.0},{"ui":"6732963","t":125807.0,"r":79656.0,"q":2.54,"p":2100.0,"mot":"U","mo":79656.0},{"cn":"","ui":"","t":1410.0,"r":1370.0,"q":2.08,"p":1973.87,"mot":"L","mo":1370.0}]},{"d":"25.12.2016","r":2561.0,"q":2.21,"p":1960.29,"s":[{"ui":"6776708","t":558.0,"r":537.0,"q":1.0,"p":1900.0,"mot":"U","mo":537.0},{"ui":"6707444","t":1387.0,"r":480.0,"q":2.74,"p":1900.0,"mot":"U","mo":480.0},{"ui":"6776893","t":1550.0,"r":1544.0,"q":2.46,"p":2000.0,"mot":"U","mo":1544.0},{"cn":"","ui":"","t":0.0,"r":0.0,"q":0.0,"p":0.0,"mot":"L","mo":0.0}]},{"d":"26.12.2016","r":91.0,"q":4.17,"p":2100.0,"s":[{"ui":"3332030","t":12000.0,"r":91.0,"q":4.17,"p":2100.0,"mot":"U","mo":91.0},{"cn":"","ui":"","t":0.0,"r":0.0,"q":0.0,"p":0.0,"mot":"L","mo":0.0}]},{"d":"27.12.2016","r":54782.0,"q":4.04,"p":2041.71,"s":[{"ui":"3332030","t":17906.0,"r":12612.0,"q":4.17,"p":2200.0,"mot":"U","mo":12612.0},{"ui":"3296996","t":72092.0,"r":38943.0,"q":4.17,"p":2000.0,"mot":"U","mo":38943.0},{"cn":"","ui":"","t":3627.0,"r":3227.0,"q":1.93,"p":1926.5,"mot":"L","mo":3227.0}]},{"d":"28.12.2016","r":17.0,"q":1.0,"p":1799.0,"s":[{"ui":"6776139","t":200.0,"r":17.0,"q":1.0,"p":1799.0,"mot":"U","mo":17.0},{"cn":"","ui":"","t":0.0,"r":0.0,"q":0.0,"p":0.0,"mot":"L","mo":0.0}]},{"d":"29.12.2016","r":10013.0,"q":5.25,"p":5261.73,"s":[{"ui":"3355803","t":1727.0,"r":1727.0,"q":4.17,"p":2500.0,"mot":"U","mo":1727.0},{"ui":"6701634","t":6067.0,"r":3755.0,"q":7.12,"p":10000.0,"mot":"U","mo":3755.0},{"ui":"3332030","t":26000.0,"r":4384.0,"q":4.17,"p":2300.0,"mot":"U","mo":4384.0},{"cn":"","ui":"","t":522.0,"r":147.0,"q":2.46,"p":5000.0,"mot":"L","mo":147.0}]},{"d":"30.12.2016","r":8241.0,"q":6.43,"p":9380.18,"s":[{"ui":"6701634","t":9762.0,"r":7128.0,"q":7.12,"p":10000.0,"mot":"U","mo":7128.0},{"ui":"6776893","t":1569.0,"r":769.0,"q":2.46,"p":6000.0,"mot":"U","mo":769.0},{"cn":"","ui":"","t":529.0,"r":344.0,"q":1.0,"p":4093.23,"mot":"L","mo":344.0}]},{"d":"31.12.2016","r":17423.0,"q":6.87,"p":7218.94,"s":[{"ui":"6701634","t":13035.0,"r":10221.0,"q":7.53,"p":10000.0,"mot":"U","mo":10221.0},{"ui":"3355803","t":3800.0,"r":3800.0,"q":4.17,"p":2500.0,"mot":"U","mo":3800.0},{"ui":"6611711","t":6700.0,"r":1700.0,"q":13.94,"p":4000.0,"mot":"U","mo":1700.0},{"ui":"6776893","t":1793.0,"r":972.0,"q":2.46,"p":4500.0,"mot":"U","mo":972.0},{"cn":"","ui":"","t":932.0,"r":730.0,"q":1.0,"p":3961.1,"mot":"L","mo":730.0}]},{"d":"01.01.2017","r":16404.0,"q":5.43,"p":6097.52,"s":[{"ui":"3355803","t":7440.0,"r":7280.0,"q":4.17,"p":2500.0,"mot":"U","mo":7280.0},{"ui":"6701634","t":10221.0,"r":7407.0,"q":7.53,"p":10000.0,"mot":"U","mo":7407.0},{"ui":"6776893","t":1652.0,"r":851.0,"q":2.46,"p":4500.0,"mot":"U","mo":851.0},{"cn":"","ui":"","t":986.0,"r":866.0,"q":1.0,"p":4531.51,"mot":"L","mo":866.0}]},{"d":"02.01.2017","r":15767.0,"q":4.89,"p":4793.38,"s":[{"ui":"6781175","t":833.0,"r":833.0,"q":1.0,"p":4555.77,"mot":"U","mo":833.0},{"ui":"6701634","t":7177.0,"r":4133.0,"q":7.53,"p":10000.0,"mot":"U","mo":4133.0},{"ui":"3355803","t":8920.0,"r":8405.0,"q":4.17,"p":2500.0,"mot":"U","mo":8405.0},{"ui":"3332030","t":25497.0,"r":1299.0,"q":4.17,"p":2500.0,"mot":"U","mo":1299.0},{"cn":"","ui":"","t":61544.0,"r":1097.0,"q":4.32,"p":5644.77,"mot":"L","mo":1097.0}]},{"d":"03.01.2017","r":11661.0,"q":4.34,"p":3755.96,"s":[{"ui":"6781175","t":1092.0,"r":1092.0,"q":1.0,"p":4555.77,"mot":"U","mo":1092.0},{"ui":"3355803","t":9729.0,"r":8548.0,"q":4.17,"p":2500.0,"mot":"U","mo":8548.0},{"ui":"6701634","t":4133.0,"r":1089.0,"q":7.53,"p":10000.0,"mot":"U","mo":1089.0},{"ui":"5805640","t":614.0,"r":594.0,"q":8.97,"p":8500.0,"mot":"U","mo":594.0},{"cn":"","ui":"","t":508.0,"r":338.0,"q":1.0,"p":4480.2,"mot":"L","mo":338.0}]},{"d":"04.01.2017","r":17470.0,"q":7.2,"p":7443.7,"s":[{"ui":"6781175","t":1350.0,"r":1350.0,"q":1.0,"p":4555.77,"mot":"U","mo":1350.0},{"ui":"6429779","t":15049.0,"r":13998.0,"q":8.1,"p":8000.0,"mot":"U","mo":13998.0},{"ui":"5805640","t":933.0,"r":912.0,"q":9.48,"p":8500.0,"mot":"U","mo":912.0},{"cn":"","ui":"","t":2001.0,"r":1210.0,"q":2.02,"p":3433.95,"mot":"L","mo":1210.0}]},{"d":"05.01.2017","r":21786.0,"q":7.28,"p":7445.29,"s":[{"ui":"6781175","t":1545.0,"r":1545.0,"q":1.0,"p":4555.77,"mot":"U","mo":1545.0},{"ui":"6429779","t":17392.0,"r":17246.0,"q":8.1,"p":8000.0,"mot":"U","mo":17246.0},{"ui":"5805640","t":1249.0,"r":1228.0,"q":9.72,"p":8500.0,"mot":"U","mo":1228.0},{"cn":"","ui":"","t":13673.0,"r":1767.0,"q":3.05,"p":3824.79,"mot":"L","mo":1767.0}]},{"d":"06.01.2017","r":18098.0,"q":7.37,"p":7643.56,"s":[{"ui":"6781175","t":1736.0,"r":1736.0,"q":1.0,"p":4555.77,"mot":"U","mo":1736.0},{"ui":"6429779","t":16507.0,"r":16228.0,"q":8.1,"p":8000.0,"mot":"U","mo":16228.0},{"cn":"","ui":"","t":534.0,"r":134.0,"q":1.0,"p":4480.2,"mot":"L","mo":134.0}]},{"d":"07.01.2017","r":79788.0,"q":5.6,"p":4265.15,"s":[{"ui":"6429779","t":18620.0,"r":18341.0,"q":8.1,"p":8000.0,"mot":"U","mo":18341.0},{"ui":"3296996","t":47002.0,"r":46871.0,"q":6.05,"p":2600.0,"mot":"U","mo":46871.0},{"ui":"6778085","t":12487.0,"r":12482.0,"q":1.0,"p":5000.0,"mot":"U","mo":12482.0},{"cn":"","ui":"","t":2778.0,"r":2094.0,"q":1.14,"p":4443.71,"mot":"L","mo":2094.0}]},{"d":"08.01.2017","r":114954.0,"q":5.41,"p":3493.3,"s":[{"ui":"6429779","t":17245.0,"r":13481.0,"q":8.1,"p":8000.0,"mot":"U","mo":13481.0},{"ui":"3296996","t":90454.0,"r":80951.0,"q":6.06,"p":2600.0,"mot":"U","mo":80951.0},{"ui":"6778085","t":17476.0,"r":17471.0,"q":1.0,"p":4000.0,"mot":"U","mo":17471.0},{"cn":"","ui":"","t":3460.0,"r":3051.0,"q":1.42,"p":4380.43,"mot":"L","mo":3051.0}]},{"d":"09.01.2017","r":41274.0,"q":3.46,"p":4549.42,"s":[{"ui":"6781175","t":2248.0,"r":2248.0,"q":1.0,"p":4555.77,"mot":"U","mo":2248.0},{"ui":"6429779","t":15887.0,"r":12023.0,"q":8.44,"p":8000.0,"mot":"U","mo":12023.0},{"ui":"6778085","t":22314.0,"r":22164.0,"q":1.0,"p":3000.0,"mot":"U","mo":22164.0},{"cn":"","ui":"","t":27725.0,"r":4839.0,"q":3.54,"p":3069.94,"mot":"L","mo":4839.0}]},{"d":"10.01.2017","r":36157.0,"q":3.12,"p":4443.32,"s":[{"ui":"6781175","t":2428.0,"r":2428.0,"q":1.0,"p":4555.77,"mot":"U","mo":2428.0},{"ui":"6429779","t":14123.0,"r":9858.0,"q":8.77,"p":8000.0,"mot":"U","mo":9858.0},{"ui":"6778085","t":24976.0,"r":22656.0,"q":1.0,"p":3000.0,"mot":"U","mo":22656.0},{"cn":"","ui":"","t":1315.0,"r":1215.0,"q":1.0,"p":2274.57,"mot":"L","mo":1215.0}]},{"d":"11.01.2017","r":35982.0,"q":2.87,"p":3998.03,"s":[{"ui":"6781175","t":2621.0,"r":2621.0,"q":1.0,"p":4555.77,"mot":"U","mo":2621.0},{"ui":"6429779","t":11556.0,"r":6591.0,"q":9.09,"p":8000.0,"mot":"U","mo":6591.0},{"ui":"6778085","t":26611.0,"r":23291.0,"q":1.0,"p":3000.0,"mot":"U","mo":23291.0},{"cn":"","ui":"","t":58717.0,"r":3479.0,"q":5.02,"p":2677.67,"mot":"L","mo":3479.0}]},{"d":"12.01.2017","r":38395.0,"q":3.85,"p":4408.87,"s":[{"ui":"6781175","t":2814.0,"r":2814.0,"q":1.0,"p":4555.77,"mot":"U","mo":2814.0},{"ui":"6429779","t":12087.0,"r":10122.0,"q":9.33,"p":8000.0,"mot":"U","mo":10122.0},{"ui":"3332030","t":30315.0,"r":4825.0,"q":6.05,"p":2700.0,"mot":"U","mo":4825.0},{"ui":"6778085","t":25459.0,"r":19339.0,"q":1.0,"p":3000.0,"mot":"U","mo":19339.0},{"cn":"","ui":"","t":1813.0,"r":1295.0,"q":1.54,"p":3427.23,"mot":"L","mo":1295.0}]},{"d":"13.01.2017","r":36272.0,"q":4.05,"p":4749.37,"s":[{"ui":"6781175","t":3002.0,"r":3002.0,"q":1.0,"p":4555.77,"mot":"U","mo":3002.0},{"ui":"6429779","t":12613.0,"r":10648.0,"q":9.52,"p":8000.0,"mot":"U","mo":10648.0},{"ui":"6778085","t":24451.0,"r":18481.0,"q":1.0,"p":3000.0,"mot":"U","mo":18481.0},{"ui":"3769849","t":2126.0,"r":2126.0,"q":9.69,"p":5000.0,"mot":"U","mo":2126.0},{"cn":"","ui":"","t":2533.0,"r":2015.0,"q":1.73,"p":3640.51,"mot":"L","mo":2015.0}]},{"d":"14.01.2017","r":39776.0,"q":3.58,"p":3822.09,"s":[{"ui":"6781175","t":3182.0,"r":3182.0,"q":1.0,"p":4555.77,"mot":"U","mo":3182.0},{"ui":"6429779","t":11836.0,"r":8571.0,"q":9.68,"p":6000.0,"mot":"U","mo":8571.0},{"ui":"3296996","t":68284.0,"r":5173.0,"q":6.06,"p":3000.0,"mot":"U","mo":5173.0},{"ui":"6778085","t":22281.0,"r":20111.0,"q":1.0,"p":3000.0,"mot":"U","mo":20111.0},{"cn":"","ui":"","t":3257.0,"r":2739.0,"q":1.82,"p":3743.27,"mot":"L","mo":2739.0}]},{"d":"16.01.2017","r":2038.0,"q":2.02,"p":3784.33,"s":[{"ui":"6745211","t":975.0,"r":975.0,"q":1.41,"p":3000.0,"mot":"U","mo":975.0},{"ui":"6794419","t":2087.0,"r":1050.0,"q":2.46,"p":4485.2,"mot":"U","mo":1050.0},{"cn":"","ui":"","t":268.0,"r":13.0,"q":12.93,"p":6000.0,"mot":"L","mo":13.0}]},{"d":"17.01.2017","r":4487.0,"q":6.06,"p":11890.23,"s":[{"ui":"6712553","t":4533.0,"r":4432.0,"q":6.12,"p":12000.0,"mot":"U","mo":4432.0},{"cn":"","ui":"","t":2292.0,"r":55.0,"q":1.21,"p":3045.13,"mot":"L","mo":55.0}]},{"d":"18.01.2017","r":9940.0,"q":6.39,"p":3426.03,"s":[{"ui":"6727923","t":5158.0,"r":4858.0,"q":2.21,"p":3200.0,"mot":"U","mo":4858.0},{"ui":"3332030","t":27900.0,"r":3200.0,"q":7.62,"p":3400.0,"mot":"U","mo":3200.0},{"ui":"6611711","t":8735.0,"r":1700.0,"q":16.59,"p":4000.0,"mot":"U","mo":1700.0},{"cn":"","ui":"","t":182.0,"r":182.0,"q":1.0,"p":4555.77,"mot":"L","mo":182.0}]},{"d":"19.01.2017","r":4639.0,"q":4.52,"p":7920.9,"s":[{"ui":"6781175","t":378.0,"r":372.0,"q":1.0,"p":4555.77,"mot":"U","mo":372.0},{"ui":"6712553","t":2317.0,"r":2141.0,"q":6.12,"p":12000.0,"mot":"U","mo":2141.0},{"ui":"6794419","t":2645.0,"r":1911.0,"q":3.7,"p":4485.25,"mot":"U","mo":1911.0},{"cn":"","ui":"","t":830.0,"r":215.0,"q":2.02,"p":3660.47,"mot":"L","mo":215.0}]},{"d":"20.01.2017","r":21201.0,"q":6.32,"p":6095.41,"s":[{"ui":"6429779","t":6299.0,"r":3478.0,"q":10.27,"p":6000.0,"mot":"U","mo":3478.0},{"ui":"6712553","t":4558.0,"r":4482.0,"q":6.12,"p":12000.0,"mot":"U","mo":4482.0},{"ui":"3332030","t":30860.0,"r":5870.0,"q":7.94,"p":3900.0,"mot":"U","mo":5870.0},{"ui":"6794419","t":5655.0,"r":5121.0,"q":3.76,"p":4485.25,"mot":"U","mo":5121.0},{"cn":"","ui":"","t":2576.0,"r":2250.0,"q":2.21,"p":3873.26,"mot":"L","mo":2250.0}]},{"d":"21.01.2017","r":23622.0,"q":5.79,"p":6308.69,"s":[{"ui":"6712553","t":6799.0,"r":6723.0,"q":6.12,"p":12000.0,"mot":"U","mo":6723.0},{"ui":"3332030","t":33820.0,"r":8880.0,"q":7.95,"p":3900.0,"mot":"U","mo":8880.0},{"ui":"6794419","t":5121.0,"r":4587.0,"q":3.76,"p":4485.25,"mot":"U","mo":4587.0},{"cn":"","ui":"","t":10039.0,"r":3432.0,"q":2.24,"p":3829.24,"mot":"L","mo":3432.0}]},{"d":"22.01.2017","r":17751.0,"q":4.53,"p":8100.76,"s":[{"ui":"6781175","t":1018.0,"r":1018.0,"q":1.0,"p":4555.77,"mot":"U","mo":1018.0},{"ui":"6712553","t":9040.0,"r":8964.0,"q":6.12,"p":12000.0,"mot":"U","mo":8964.0},{"ui":"6794419","t":4607.0,"r":4093.0,"q":3.76,"p":4485.25,"mot":"U","mo":4093.0},{"ui":"6711060","t":1352.0,"r":1332.0,"q":1.0,"p":3500.0,"mot":"U","mo":1332.0},{"ui":"6850194","t":2270.0,"r":1567.0,"q":4.17,"p":3500.0,"mot":"U","mo":1567.0},{"cn":"","ui":"","t":951.0,"r":777.0,"q":1.55,"p":3971.94,"mot":"L","mo":777.0}]},{"d":"23.01.2017","r":432390.0,"q":3.79,"p":4210.5,"s":[{"ui":"6732963","t":413922.0,"r":413922.0,"q":3.75,"p":4000.0,"mot":"U","mo":413922.0},{"cn":"","ui":"","t":19143.0,"r":18468.0,"q":4.64,"p":8928.44,"mot":"L","mo":18468.0}]},{"d":"24.01.2017","r":446483.0,"q":3.89,"p":4246.12,"s":[{"ui":"6732963","t":418861.0,"r":418084.0,"q":3.78,"p":4000.0,"mot":"U","mo":418084.0},{"cn":"","ui":"","t":98345.0,"r":28399.0,"q":5.5,"p":7869.42,"mot":"L","mo":28399.0}]},{"d":"25.01.2017","r":431686.0,"q":4.0,"p":4281.36,"s":[{"ui":"6732963","t":412701.0,"r":400834.0,"q":3.8,"p":4000.0,"mot":"U","mo":400834.0},{"cn":"","ui":"","t":86471.0,"r":30852.0,"q":6.58,"p":7936.86,"mot":"L","mo":30852.0}]},{"d":"26.01.2017","r":427301.0,"q":3.98,"p":4329.91,"s":[{"ui":"6732963","t":406031.0,"r":393562.0,"q":3.82,"p":4000.0,"mot":"U","mo":393562.0},{"cn":"","ui":"","t":97531.0,"r":33739.0,"q":5.85,"p":8178.27,"mot":"L","mo":33739.0}]},{"d":"27.01.2017","r":423097.0,"q":4.02,"p":4360.78,"s":[{"ui":"6732963","t":397252.0,"r":382783.0,"q":3.85,"p":4000.0,"mot":"U","mo":382783.0},{"cn":"","ui":"","t":139886.0,"r":40314.0,"q":5.62,"p":7786.43,"mot":"L","mo":40314.0}]},{"d":"28.01.2017","r":426448.0,"q":4.09,"p":4381.22,"s":[{"ui":"6712553","t":22867.0,"r":22866.0,"q":6.12,"p":12000.0,"mot":"U","mo":22866.0},{"ui":"6732963","t":388435.0,"r":374435.0,"q":3.87,"p":4000.0,"mot":"U","mo":374435.0},{"cn":"","ui":"","t":119693.0,"r":29147.0,"q":5.29,"p":3301.5,"mot":"L","mo":29147.0}]},{"d":"29.01.2017","r":402036.0,"q":4.0,"p":4010.09,"s":[{"ui":"6732963","t":388309.0,"r":382709.0,"q":3.9,"p":4000.0,"mot":"U","mo":382709.0},{"cn":"","ui":"","t":71150.0,"r":19327.0,"q":5.96,"p":4209.83,"mot":"L","mo":19327.0}]},{"d":"30.01.2017","r":400012.0,"q":3.99,"p":4007.45,"s":[{"ui":"6732963","t":388376.0,"r":382776.0,"q":3.92,"p":4000.0,"mot":"U","mo":382776.0},{"cn":"","ui":"","t":70429.0,"r":17236.0,"q":5.54,"p":4172.89,"mot":"L","mo":17236.0}]},{"d":"31.01.2017","r":383992.0,"q":3.97,"p":4006.4,"s":[{"ui":"6732963","t":384717.0,"r":375117.0,"q":3.97,"p":4000.0,"mot":"U","mo":375117.0},{"cn":"","ui":"","t":9398.0,"r":8875.0,"q":3.81,"p":4277.02,"mot":"L","mo":8875.0}]},{"d":"01.02.2017","r":385402.0,"q":4.02,"p":4012.26,"s":[{"ui":"6732963","t":381184.0,"r":371574.0,"q":4.01,"p":4000.0,"mot":"U","mo":371574.0},{"cn":"","ui":"","t":14366.0,"r":13828.0,"q":4.42,"p":4341.64,"mot":"L","mo":13828.0}]},{"d":"02.02.2017","r":514622.0,"q":4.72,"p":3925.47,"s":[{"ui":"6023480","t":83608.0,"r":83388.0,"q":3.19,"p":3500.0,"mot":"U","mo":83388.0},{"ui":"6732963","t":374496.0,"r":364821.0,"q":4.03,"p":4000.0,"mot":"U","mo":364821.0},{"ui":"6842746","t":70536.0,"r":60511.0,"q":10.9,"p":4000.0,"mot":"U","mo":60511.0},{"cn":"","ui":"","t":43048.0,"r":5902.0,"q":5.71,"p":4565.88,"mot":"L","mo":5902.0}]},{"d":"03.02.2017","r":515819.0,"q":4.9,"p":3939.63,"s":[{"ui":"6023480","t":83178.0,"r":82748.0,"q":3.19,"p":3500.0,"mot":"U","mo":82748.0},{"ui":"6732963","t":364258.0,"r":352847.0,"q":4.04,"p":4000.0,"mot":"U","mo":352847.0},{"ui":"6842746","t":66887.0,"r":66857.0,"q":10.9,"p":4000.0,"mot":"U","mo":66857.0},{"cn":"","ui":"","t":44042.0,"r":13367.0,"q":8.14,"p":4765.55,"mot":"L","mo":13367.0}]},{"d":"04.02.2017","r":242685.0,"q":4.1,"p":10126.62,"s":[{"ui":"6023480","t":76647.0,"r":70116.0,"q":3.19,"p":3500.0,"mot":"U","mo":70116.0},{"ui":"6771755","t":13695.0,"r":12500.0,"q":6.24,"p":2000.0,"mot":"U","mo":12500.0},{"ui":"6732963","t":254847.0,"r":145436.0,"q":4.04,"p":4000.0,"mot":"U","mo":145436.0},{"cn":"","ui":"","t":67834.0,"r":14633.0,"q":7.22,"p":109712.87,"mot":"L","mo":14633.0}]},{"d":"05.02.2017","r":239461.0,"q":4.29,"p":4035.73,"s":[{"ui":"6023480","t":76647.0,"r":20589.0,"q":3.19,"p":3500.0,"mot":"U","mo":20589.0},{"ui":"6732963","t":254847.0,"r":195436.0,"q":4.04,"p":4000.0,"mot":"U","mo":195436.0},{"cn":"","ui":"","t":101365.0,"r":23436.0,"q":7.34,"p":4804.29,"mot":"L","mo":23436.0}]},{"d":"06.02.2017","r":166081.0,"q":4.49,"p":4174.24,"s":[{"ui":"3355803","t":39684.0,"r":15081.0,"q":8.61,"p":5500.0,"mot":"U","mo":15081.0},{"ui":"6794419","t":10618.0,"r":10618.0,"q":4.23,"p":4650.0,"mot":"U","mo":10618.0},{"ui":"6732963","t":198476.0,"r":139065.0,"q":4.1,"p":4000.0,"mot":"U","mo":139065.0},{"cn":"","ui":"","t":1332.0,"r":1317.0,"q":1.0,"p":3555.77,"mot":"L","mo":1317.0}]},{"d":"07.02.2017","r":73895.0,"q":4.75,"p":4208.05,"s":[{"ui":"3355803","t":32582.0,"r":7979.0,"q":8.69,"p":6000.0,"mot":"U","mo":7979.0},{"ui":"6794419","t":15906.0,"r":13906.0,"q":4.84,"p":4000.0,"mot":"U","mo":13906.0},{"ui":"6732963","t":126108.0,"r":50697.0,"q":4.2,"p":4000.0,"mot":"U","mo":50697.0},{"cn":"","ui":"","t":6328.0,"r":1313.0,"q":1.02,"p":3555.3,"mot":"L","mo":1313.0}]},{"d":"08.02.2017","r":28043.0,"q":9.33,"p":5440.09,"s":[{"ui":"3332030","t":49851.0,"r":24047.0,"q":9.55,"p":5500.0,"mot":"U","mo":24047.0},{"ui":"3296996","t":78812.0,"r":3491.0,"q":9.02,"p":5300.0,"mot":"U","mo":3491.0},{"cn":"","ui":"","t":1011.0,"r":505.0,"q":1.0,"p":3555.77,"mot":"L","mo":505.0}]},{"d":"09.02.2017","r":20208.0,"q":9.01,"p":5775.68,"s":[{"ui":"3355803","t":20746.0,"r":11142.0,"q":8.75,"p":6000.0,"mot":"U","mo":11142.0},{"ui":"3332030","t":41214.0,"r":9066.0,"q":9.33,"p":5500.0,"mot":"U","mo":9066.0},{"cn":"","ui":"","t":0.0,"r":0.0,"q":0.0,"p":0.0,"mot":"L","mo":0.0}]},{"d":"10.02.2017","r":14047.0,"q":6.83,"p":5588.97,"s":[{"ui":"6727923","t":5081.0,"r":5081.0,"q":3.13,"p":4500.0,"mot":"U","mo":5081.0},{"ui":"3355803","t":17504.0,"r":7899.0,"q":8.88,"p":6300.0,"mot":"U","mo":7899.0},{"ui":"3296996","t":92643.0,"r":1044.0,"q":9.16,"p":5500.0,"mot":"U","mo":1044.0},{"cn":"","ui":"","t":33068.0,"r":23.0,"q":12.7,"p":6000.0,"mot":"L","mo":23.0}]},{"d":"11.02.2017","r":8486.0,"q":3.66,"p":4353.41,"s":[{"ui":"6727923","t":7049.0,"r":7049.0,"q":3.0,"p":4500.0,"mot":"U","mo":7049.0},{"ui":"3769849","t":1337.0,"r":652.0,"q":12.93,"p":5000.0,"mot":"U","mo":652.0},{"ui":"6896134","t":905.0,"r":785.0,"q":1.85,"p":2500.0,"mot":"U","mo":785.0},{"cn":"","ui":"","t":0.0,"r":0.0,"q":0.0,"p":0.0,"mot":"L","mo":0.0}]},{"d":"12.02.2017","r":1705.0,"q":2.61,"p":3000.0,"s":[{"ui":"6727923","t":8754.0,"r":1705.0,"q":2.61,"p":3000.0,"mot":"U","mo":1705.0},{"cn":"","ui":"","t":0.0,"r":0.0,"q":0.0,"p":0.0,"mot":"L","mo":0.0}]},{"d":"13.02.2017","r":3130.0,"q":2.54,"p":3152.24,"s":[{"ui":"6796448","t":2289.0,"r":1955.0,"q":2.61,"p":3555.0,"mot":"U","mo":1955.0},{"ui":"6896134","t":2050.0,"r":1145.0,"q":2.46,"p":2500.0,"mot":"U","mo":1145.0},{"cn":"","ui":"","t":500.0,"r":30.0,"q":1.0,"p":1800.0,"mot":"L","mo":30.0}]},{"d":"14.02.2017","r":30.0,"q":1.0,"p":1800.0,"s":[{"ui":"6905684","t":812.0,"r":627.0,"q":1.0,"p":1800.0,"mot":"L","mo":30.0},{"cn":"","ui":"","t":0.0,"r":0.0,"q":0.0,"p":0.0,"mot":"L","mo":0.0}]},{"d":"15.02.2017","r":50.0,"q":1.0,"p":1800.0,"s":[{"ui":"6905684","t":977.0,"r":542.0,"q":1.0,"p":1800.0,"mot":"L","mo":50.0},{"cn":"","ui":"","t":0.0,"r":0.0,"q":0.0,"p":0.0,"mot":"L","mo":0.0}]},{"d":"16.02.2017","r":50.0,"q":1.0,"p":1800.0,"s":[{"ui":"6905684","t":890.0,"r":345.0,"q":1.0,"p":1800.0,"mot":"L","mo":50.0},{"cn":"","ui":"","t":0.0,"r":0.0,"q":0.0,"p":0.0,"mot":"L","mo":0.0}]},{"d":"18.02.2017","r":20.0,"q":9.12,"p":1000.0,"s":[{"ui":"6444479","t":630.0,"r":410.0,"q":9.12,"p":1000.0,"mot":"L","mo":20.0},{"cn":"","ui":"","t":0.0,"r":0.0,"q":0.0,"p":0.0,"mot":"L","mo":0.0}]},{"d":"19.02.2017","r":1602.0,"q":8.26,"p":6701.25,"s":[{"ui":"3332030","t":35540.0,"r":1432.0,"q":9.12,"p":7200.0,"mot":"U","mo":1432.0},{"ui":"6905684","t":989.0,"r":212.0,"q":1.0,"p":1800.0,"mot":"L","mo":100.0},{"cn":"","ui":"","t":70.0,"r":70.0,"q":1.0,"p":3500.0,"mot":"L","mo":70.0}]},{"d":"20.02.2017","r":240.0,"q":1.0,"p":2791.67,"s":[{"ui":"6905684","t":1146.0,"r":169.0,"q":1.0,"p":1800.0,"mot":"L","mo":100.0},{"ui":"6711060","t":140.0,"r":140.0,"q":1.0,"p":3500.0,"mot":"U","mo":140.0},{"cn":"","ui":"","t":0.0,"r":0.0,"q":0.0,"p":0.0,"mot":"L","mo":0.0}]},{"d":"21.02.2017","r":97728.0,"q":8.91,"p":20616.69,"s":[{"ui":"6783796","t":11241.0,"r":11241.0,"q":5.51,"p":12500.0,"mot":"U","mo":11241.0},{"ui":"6859470","t":12739.0,"r":12739.0,"q":10.75,"p":25000.0,"mot":"U","mo":12739.0},{"ui":"6859469","t":12739.0,"r":12739.0,"q":10.75,"p":25000.0,"mot":"U","mo":12739.0},{"ui":"6859465","t":12739.0,"r":12739.0,"q":10.75,"p":25000.0,"mot":"U","mo":12739.0},{"ui":"6859464","t":12739.0,"r":12739.0,"q":10.75,"p":25000.0,"mot":"U","mo":12739.0},{"ui":"6859467","t":12739.0,"r":12739.0,"q":10.75,"p":25000.0,"mot":"U","mo":12739.0},{"ui":"6783791","t":11241.0,"r":11241.0,"q":5.51,"p":12500.0,"mot":"U","mo":11241.0},{"ui":"6783794","t":11241.0,"r":11241.0,"q":5.51,"p":12500.0,"mot":"U","mo":11241.0},{"cn":"","ui":"","t":1357.0,"r":310.0,"q":1.0,"p":2951.61,"mot":"L","mo":310.0}]},{"d":"22.02.2017","r":164141.0,"q":8.34,"p":19494.15,"s":[{"ui":"6783796","t":16848.0,"r":16848.0,"q":5.51,"p":12500.0,"mot":"U","mo":16848.0},{"ui":"6859470","t":19094.0,"r":19094.0,"q":10.75,"p":25000.0,"mot":"U","mo":19094.0},{"ui":"6859469","t":19094.0,"r":19094.0,"q":10.75,"p":25000.0,"mot":"U","mo":19094.0},{"ui":"6859465","t":19094.0,"r":19094.0,"q":10.75,"p":25000.0,"mot":"U","mo":19094.0},{"ui":"6859464","t":19094.0,"r":19094.0,"q":10.75,"p":25000.0,"mot":"U","mo":19094.0},{"ui":"6859467","t":19093.0,"r":19092.0,"q":10.75,"p":25000.0,"mot":"U","mo":19092.0},{"ui":"6783791","t":16848.0,"r":16848.0,"q":5.51,"p":12500.0,"mot":"U","mo":16848.0},{"ui":"6836001","t":18134.0,"r":18129.0,"q":3.51,"p":10000.0,"mot":"U","mo":18129.0},{"ui":"6783794","t":16848.0,"r":16848.0,"q":5.51,"p":12500.0,"mot":"U","mo":16848.0},{"cn":"","ui":"","t":0.0,"r":0.0,"q":0.0,"p":0.0,"mot":"L","mo":0.0}]},{"d":"23.02.2017","r":213315.0,"q":8.42,"p":19636.62,"s":[{"ui":"6783796","t":22465.0,"r":22465.0,"q":5.52,"p":12500.0,"mot":"U","mo":22465.0},{"ui":"6859470","t":25471.0,"r":25471.0,"q":10.76,"p":25000.0,"mot":"U","mo":25471.0},{"ui":"6859469","t":25471.0,"r":25471.0,"q":10.76,"p":25000.0,"mot":"U","mo":25471.0},{"ui":"6859465","t":25471.0,"r":25471.0,"q":10.76,"p":25000.0,"mot":"U","mo":25471.0},{"ui":"6859464","t":25471.0,"r":25471.0,"q":10.76,"p":25000.0,"mot":"U","mo":25471.0},{"ui":"6859467","t":24864.0,"r":24258.0,"q":10.76,"p":25000.0,"mot":"U","mo":24258.0},{"ui":"6783791","t":22465.0,"r":22465.0,"q":5.52,"p":12500.0,"mot":"U","mo":22465.0},{"ui":"6836001","t":18786.0,"r":18781.0,"q":3.51,"p":10000.0,"mot":"U","mo":18781.0},{"ui":"6783794","t":22465.0,"r":22465.0,"q":5.52,"p":12500.0,"mot":"U","mo":22465.0},{"cn":"","ui":"","t":1275.0,"r":997.0,"q":1.04,"p":5003.01,"mot":"L","mo":997.0}]},{"d":"24.02.2017","r":242337.0,"q":8.93,"p":20593.62,"s":[{"ui":"6783796","t":28073.0,"r":28073.0,"q":5.53,"p":12500.0,"mot":"U","mo":28073.0},{"ui":"6859470","t":31837.0,"r":31837.0,"q":10.77,"p":25000.0,"mot":"U","mo":31837.0},{"ui":"6859469","t":31837.0,"r":31837.0,"q":10.77,"p":25000.0,"mot":"U","mo":31837.0},{"ui":"6859465","t":31837.0,"r":31837.0,"q":10.77,"p":25000.0,"mot":"U","mo":31837.0},{"ui":"6859464","t":31837.0,"r":31837.0,"q":10.77,"p":25000.0,"mot":"U","mo":31837.0},{"ui":"6859467","t":30624.0,"r":30018.0,"q":10.77,"p":25000.0,"mot":"U","mo":30018.0},{"ui":"6783791","t":28073.0,"r":28073.0,"q":5.53,"p":12500.0,"mot":"U","mo":28073.0},{"ui":"6783794","t":28073.0,"r":28073.0,"q":5.53,"p":12500.0,"mot":"U","mo":28073.0},{"cn":"","ui":"","t":757.0,"r":752.0,"q":3.22,"p":4931.52,"mot":"L","mo":752.0}]},{"d":"25.02.2017","r":290952.0,"q":8.94,"p":20560.3,"s":[{"ui":"6783796","t":33668.0,"r":33668.0,"q":5.53,"p":12500.0,"mot":"U","mo":33668.0},{"ui":"6859470","t":38186.0,"r":38186.0,"q":10.77,"p":25000.0,"mot":"U","mo":38186.0},{"ui":"6859469","t":38186.0,"r":38186.0,"q":10.77,"p":25000.0,"mot":"U","mo":38186.0},{"ui":"6859465","t":38186.0,"r":38186.0,"q":10.77,"p":25000.0,"mot":"U","mo":38186.0},{"ui":"6859464","t":38186.0,"r":38186.0,"q":10.77,"p":25000.0,"mot":"U","mo":38186.0},{"ui":"6859467","t":36367.0,"r":35761.0,"q":10.77,"p":25000.0,"mot":"U","mo":35761.0},{"ui":"6783791","t":33668.0,"r":33668.0,"q":5.53,"p":12500.0,"mot":"U","mo":33668.0},{"ui":"6783794","t":33668.0,"r":33668.0,"q":5.53,"p":12500.0,"mot":"U","mo":33668.0},{"cn":"","ui":"","t":7845.0,"r":1443.0,"q":9.54,"p":4772.0,"mot":"L","mo":1443.0}]},{"d":"26.02.2017","r":326225.0,"q":8.58,"p":8856.05,"s":[{"ui":"6783796","t":39254.0,"r":39254.0,"q":5.54,"p":5000.0,"mot":"U","mo":39254.0},{"ui":"6859470","t":44527.0,"r":44527.0,"q":10.77,"p":10000.0,"mot":"U","mo":44527.0},{"ui":"6859469","t":44527.0,"r":44527.0,"q":10.77,"p":10000.0,"mot":"U","mo":44527.0},{"ui":"6914770","t":29062.0,"r":29062.0,"q":7.48,"p":17000.0,"mot":"U","mo":29062.0},{"ui":"6859465","t":44457.0,"r":44387.0,"q":10.77,"p":10000.0,"mot":"U","mo":44387.0},{"ui":"6859464","t":44527.0,"r":44527.0,"q":10.77,"p":10000.0,"mot":"U","mo":44527.0},{"ui":"6783791","t":39254.0,"r":39254.0,"q":5.54,"p":5000.0,"mot":"U","mo":39254.0},{"ui":"6783794","t":39204.0,"r":39154.0,"q":5.54,"p":5000.0,"mot":"U","mo":39154.0},{"cn":"","ui":"","t":3782.0,"r":1533.0,"q":8.78,"p":17625.57,"mot":"L","mo":1533.0}]},{"d":"27.02.2017","r":193941.0,"q":10.11,"p":11620.15,"s":[{"ui":"6859470","t":50857.0,"r":50856.0,"q":10.77,"p":10000.0,"mot":"U","mo":50856.0},{"ui":"6914770","t":33872.0,"r":33872.0,"q":7.28,"p":17000.0,"mot":"U","mo":33872.0},{"ui":"6859465","t":50717.0,"r":50646.0,"q":10.77,"p":10000.0,"mot":"U","mo":50646.0},{"ui":"6859464","t":50857.0,"r":50856.0,"q":10.77,"p":10000.0,"mot":"U","mo":50856.0},{"cn":"","ui":"","t":7711.0,"r":7711.0,"q":9.42,"p":20000.0,"mot":"L","mo":7711.0}]},{"d":"28.02.2017","r":209818.0,"q":9.84,"p":11841.93,"s":[{"ui":"6859470","t":57179.0,"r":57178.0,"q":10.78,"p":10000.0,"mot":"U","mo":57178.0},{"ui":"6914770","t":38672.0,"r":38672.0,"q":7.13,"p":17000.0,"mot":"U","mo":38672.0},{"ui":"6794419","t":14079.0,"r":14079.0,"q":9.38,"p":20000.0,"mot":"U","mo":14079.0},{"ui":"6859465","t":51304.0,"r":45568.0,"q":10.78,"p":10000.0,"mot":"U","mo":45568.0},{"ui":"6859464","t":51879.0,"r":46578.0,"q":10.78,"p":10000.0,"mot":"U","mo":46578.0},{"cn":"","ui":"","t":13024.0,"r":7743.0,"q":6.15,"p":6768.31,"mot":"L","mo":7743.0}]},{"d":"01.03.2017","r":41742.0,"q":8.28,"p":13780.37,"s":[{"ui":"6727923","t":5036.0,"r":5036.0,"q":2.8,"p":5000.0,"mot":"U","mo":5036.0},{"ui":"6794419","t":20434.0,"r":20434.0,"q":9.37,"p":20000.0,"mot":"U","mo":20434.0},{"ui":"6859465","t":45857.0,"r":34121.0,"q":10.77,"p":10000.0,"mot":"L","mo":5000.0},{"ui":"6859464","t":41867.0,"r":25566.0,"q":10.77,"p":10000.0,"mot":"L","mo":5000.0},{"ui":"6918941","t":4282.0,"r":4272.0,"q":2.54,"p":5000.0,"mot":"U","mo":4272.0},{"cn":"","ui":"","t":119512.0,"r":2000.0,"q":10.77,"p":10000.0,"mot":"L","mo":2000.0}]},{"d":"02.03.2017","r":88736.0,"q":7.88,"p":16050.99,"s":[{"ui":"6914770","t":42972.0,"r":42972.0,"q":7.02,"p":17000.0,"mot":"U","mo":42972.0},{"ui":"6794419","t":26779.0,"r":26779.0,"q":9.36,"p":20000.0,"mot":"U","mo":26779.0},{"ui":"6859465","t":31724.0,"r":11518.0,"q":10.71,"p":10499.99,"mot":"L","mo":5000.0},{"ui":"6859464","t":27964.0,"r":7958.0,"q":10.7,"p":10499.99,"mot":"L","mo":5000.0},{"ui":"6796448","t":5048.0,"r":4548.0,"q":2.8,"p":4500.0,"mot":"U","mo":4548.0},{"cn":"","ui":"","t":133165.0,"r":4437.0,"q":6.11,"p":7376.83,"mot":"L","mo":4437.0}]},{"d":"03.03.2017","r":48379.0,"q":7.59,"p":13497.03,"s":[{"cn":"cawka2000","ui":"6727923","t":3877.0,"r":2877.0,"q":2.74,"p":5000.0,"mot":"U","mo":2877.0},{"cn":"Das_Gold Трейд","ui":"6794419","t":26933.0,"r":26933.0,"q":9.36,"p":20000.0,"mot":"U","mo":26933.0},{"cn":"Протокопов и Ко","ui":"3769849","t":5000.0,"r":3375.0,"q":15.38,"p":5000.0,"mot":"U","mo":3375.0},{"cn":"cawka2000","ui":"6918941","t":7394.0,"r":6384.0,"q":2.51,"p":5000.0,"mot":"U","mo":6384.0},{"cn":"cawka2000","ui":"6796448","t":6748.0,"r":6248.0,"q":2.75,"p":4500.0,"mot":"U","mo":6248.0},{"cn":"","ui":"","t":132409.0,"r":2562.0,"q":8.58,"p":8983.99,"mot":"L","mo":2562.0}]},{"d":"04.03.2017","r":19434.0,"q":9.21,"p":14703.17,"s":[{"cn":"Dik\u0026Ko","ui":"6859470","t":65473.0,"r":58972.0,"q":10.69,"p":10499.99,"mot":"L","mo":1000.0},{"cn":"Das_Gold Трейд","ui":"6794419","t":12733.0,"r":12733.0,"q":9.36,"p":20000.0,"mot":"U","mo":12733.0},{"cn":"Dik\u0026Ko","ui":"6859467","t":62347.0,"r":55346.0,"q":10.69,"p":10499.99,"mot":"L","mo":1000.0},{"cn":"FOX LLC","ui":"6778203","t":4748.0,"r":4248.0,"q":8.96,"p":2000.0,"mot":"U","mo":4248.0},{"cn":"","ui":"","t":828.0,"r":453.0,"q":1.0,"p":3500.0,"mot":"L","mo":453.0}]},{"d":"05.03.2017","r":4611.0,"q":9.88,"p":8914.48,"s":[{"cn":"Dik\u0026Ko","ui":"6859470","t":65061.0,"r":58560.0,"q":10.67,"p":10499.99,"mot":"L","mo":1000.0},{"cn":"ZeL333 Трейд","ui":"3332030","t":35060.0,"r":2611.0,"q":9.28,"p":7700.0,"mot":"U","mo":2611.0},{"cn":"Dik\u0026Ko","ui":"6859467","t":61433.0,"r":54430.0,"q":10.67,"p":10499.99,"mot":"L","mo":1000.0},{"cn":"","ui":"","t":0.0,"r":0.0,"q":0.0,"p":0.0,"mot":"L","mo":0.0}]},{"d":"06.03.2017","r":4030.0,"q":6.52,"p":7729.52,"s":[{"cn":"Dik\u0026Ko","ui":"6859470","t":63741.0,"r":56240.0,"q":10.67,"p":10499.99,"mot":"L","mo":1000.0},{"cn":"Dik\u0026Ko","ui":"6859467","t":60611.0,"r":53608.0,"q":10.66,"p":10499.99,"mot":"L","mo":1000.0},{"cn":"cawka2000","ui":"6918944","t":2030.0,"r":2030.0,"q":2.44,"p":5000.0,"mot":"U","mo":2030.0},{"cn":"","ui":"","t":0.0,"r":0.0,"q":0.0,"p":0.0,"mot":"L","mo":0.0}]},{"d":"07.03.2017","r":2000.0,"q":10.67,"p":10499.99,"s":[{"cn":"Dik\u0026Ko","ui":"6859470","t":62463.0,"r":54962.0,"q":10.67,"p":10499.99,"mot":"L","mo":1000.0},{"cn":"Dik\u0026Ko","ui":"6859467","t":59831.0,"r":52828.0,"q":10.67,"p":10499.99,"mot":"L","mo":1000.0},{"cn":"","ui":"","t":0.0,"r":0.0,"q":0.0,"p":0.0,"mot":"L","mo":0.0}]},{"d":"08.03.2017","r":2289.0,"q":10.66,"p":10184.35,"s":[{"cn":"Dik\u0026Ko","ui":"6859470","t":61152.0,"r":53626.0,"q":10.68,"p":10499.99,"mot":"L","mo":1000.0},{"cn":"ZeL333 Трейд","ui":"3332030","t":35360.0,"r":289.0,"q":10.5,"p":8000.0,"mot":"U","mo":289.0},{"cn":"Dik\u0026Ko","ui":"6859467","t":59043.0,"r":52040.0,"q":10.68,"p":10499.99,"mot":"L","mo":1000.0},{"cn":"","ui":"","t":0.0,"r":0.0,"q":0.0,"p":0.0,"mot":"L","mo":0.0}]},{"d":"10.03.2017","r":4182.0,"q":5.63,"p":6705.97,"s":[{"cn":"Dik\u0026Ko","ui":"6859470","t":57817.0,"r":48091.0,"q":10.68,"p":10499.99,"mot":"L","mo":1000.0},{"cn":"RealOmskCorporation (ROC\u0027k)","ui":"6676361","t":1992.0,"r":1982.0,"q":1.0,"p":3201.0,"mot":"U","mo":1982.0},{"cn":"Dik\u0026Ko","ui":"6859467","t":56231.0,"r":47231.0,"q":10.68,"p":10499.99,"mot":"L","mo":1000.0},{"cn":"","ui":"","t":200.0,"r":200.0,"q":1.0,"p":3500.0,"mot":"L","mo":200.0}]},{"d":"11.03.2017","r":6194.0,"q":4.59,"p":5667.95,"s":[{"cn":"Dik\u0026Ko","ui":"6859470","t":49665.0,"r":38939.0,"q":10.68,"p":10499.99,"mot":"L","mo":1000.0},{"cn":"Baron9 Финанс","ui":"6950705","t":2037.0,"r":1982.0,"q":2.46,"p":3500.0,"mot":"U","mo":1982.0},{"cn":"RealOmskCorporation (ROC\u0027k)","ui":"6676361","t":1947.0,"r":1912.0,"q":1.0,"p":3201.0,"mot":"U","mo":1912.0},{"cn":"Dik\u0026Ko","ui":"6859467","t":49531.0,"r":39531.0,"q":10.67,"p":10499.99,"mot":"L","mo":1000.0},{"cn":"","ui":"","t":350.0,"r":300.0,"q":1.0,"p":3500.0,"mot":"L","mo":300.0}]},{"d":"12.03.2017","r":2049.0,"q":10.45,"p":10380.42,"s":[{"cn":"Dik\u0026Ko","ui":"6859470","t":45071.0,"r":34444.0,"q":10.65,"p":10499.99,"mot":"L","mo":1000.0},{"cn":"Dik\u0026Ko","ui":"6859467","t":45563.0,"r":35563.0,"q":10.65,"p":10499.99,"mot":"L","mo":1000.0},{"cn":"","ui":"","t":5077.0,"r":49.0,"q":2.46,"p":5500.0,"mot":"L","mo":49.0}]},{"d":"13.03.2017","r":2094.0,"q":10.27,"p":10269.81,"s":[{"cn":"Dik\u0026Ko","ui":"6859470","t":39571.0,"r":25969.0,"q":10.64,"p":10499.99,"mot":"L","mo":1000.0},{"cn":"Dik\u0026Ko","ui":"6859467","t":40665.0,"r":27665.0,"q":10.64,"p":10499.99,"mot":"L","mo":1000.0},{"cn":"","ui":"","t":5122.0,"r":94.0,"q":2.4,"p":5372.34,"mot":"L","mo":94.0}]},{"d":"14.03.2017","r":6020.0,"q":5.6,"p":7417.77,"s":[{"cn":"Dik\u0026Ko","ui":"6859470","t":31389.0,"r":16736.0,"q":10.77,"p":10499.99,"mot":"L","mo":1000.0},{"cn":"Dik\u0026Ko","ui":"6859467","t":34145.0,"r":21145.0,"q":10.76,"p":10499.99,"mot":"L","mo":1000.0},{"cn":"cawka2000","ui":"6918941","t":1878.0,"r":1677.0,"q":2.93,"p":6000.0,"mot":"U","mo":1677.0},{"cn":"cawka2000","ui":"6918944","t":2197.0,"r":2197.0,"q":3.24,"p":6000.0,"mot":"U","mo":2197.0},{"cn":"","ui":"","t":700.0,"r":146.0,"q":1.0,"p":2815.07,"mot":"L","mo":146.0}]},{"d":"15.03.2017","r":10419.0,"q":4.84,"p":6891.45,"s":[{"cn":"Dik\u0026Ko","ui":"6859470","t":22290.0,"r":6737.0,"q":10.91,"p":10499.99,"mot":"L","mo":1000.0},{"cn":"Dik\u0026Ko","ui":"6859467","t":27599.0,"r":14599.0,"q":10.87,"p":10499.99,"mot":"L","mo":1000.0},{"cn":"cawka2000","ui":"6918941","t":3552.0,"r":3351.0,"q":2.93,"p":6000.0,"mot":"U","mo":3351.0},{"cn":"cawka2000","ui":"6918944","t":4340.0,"r":4290.0,"q":3.24,"p":6000.0,"mot":"U","mo":4290.0},{"cn":"","ui":"","t":2277.0,"r":778.0,"q":6.32,"p":6370.18,"mot":"L","mo":778.0}]},{"d":"16.03.2017","r":13028.0,"q":3.61,"p":6210.01,"s":[{"cn":"Dik\u0026Ko","ui":"6859467","t":21035.0,"r":8035.0,"q":10.98,"p":10499.99,"mot":"L","mo":1000.0},{"cn":"cawka2000","ui":"6918941","t":5223.0,"r":5022.0,"q":2.93,"p":6000.0,"mot":"U","mo":5022.0},{"cn":"cawka2000","ui":"6918944","t":6468.0,"r":6418.0,"q":3.23,"p":6000.0,"mot":"U","mo":6418.0},{"cn":"","ui":"","t":893.0,"r":588.0,"q":1.0,"p":3000.0,"mot":"L","mo":588.0}]},{"d":"17.03.2017","r":12711.0,"q":3.69,"p":6253.64,"s":[{"cn":"Dik\u0026Ko","ui":"6859467","t":14450.0,"r":1450.0,"q":11.08,"p":10499.99,"mot":"L","mo":1000.0},{"cn":"cawka2000","ui":"6918941","t":4886.0,"r":2680.0,"q":2.93,"p":6000.0,"mot":"U","mo":2680.0},{"cn":"cawka2000","ui":"6918944","t":8570.0,"r":8520.0,"q":3.22,"p":6000.0,"mot":"U","mo":8520.0},{"cn":"","ui":"","t":1201.0,"r":511.0,"q":1.0,"p":3502.94,"mot":"L","mo":511.0}]},{"d":"18.03.2017","r":3210.0,"q":2.79,"p":4269.47,"s":[{"cn":"Трон","ui":"6966829","t":996.0,"r":296.0,"q":1.0,"p":2000.0,"mot":"U","mo":296.0},{"cn":"cawka2000","ui":"6796448","t":10414.0,"r":2914.0,"q":2.97,"p":4500.0,"mot":"U","mo":2914.0},{"cn":"","ui":"","t":0.0,"r":0.0,"q":0.0,"p":0.0,"mot":"L","mo":0.0}]},{"d":"20.03.2017","r":33107.0,"q":5.91,"p":5170.59,"s":[{"cn":"cawka2000","ui":"6727923","t":2266.0,"r":2266.0,"q":3.32,"p":6000.0,"mot":"U","mo":2266.0},{"cn":"Baron9 Финанс","ui":"6950705","t":5233.0,"r":2898.0,"q":2.46,"p":3300.0,"mot":"U","mo":2898.0},{"cn":"cawka2000","ui":"6796448","t":5604.0,"r":5604.0,"q":2.81,"p":6500.0,"mot":"U","mo":5604.0},{"cn":"FOX LLC","ui":"6778203","t":23397.0,"r":21290.0,"q":7.4,"p":5000.0,"mot":"U","mo":21290.0},{"cn":"","ui":"","t":10313.0,"r":1049.0,"q":7.31,"p":4907.04,"mot":"L","mo":1049.0}]},{"d":"21.03.2017","r":14627.0,"q":3.18,"p":6539.69,"s":[{"cn":"cawka2000","ui":"6796448","t":13712.0,"r":13712.0,"q":2.84,"p":6500.0,"mot":"U","mo":13712.0},{"cn":"","ui":"","t":8448.0,"r":915.0,"q":8.34,"p":7134.54,"mot":"L","mo":915.0}]},{"d":"22.03.2017","r":25697.0,"q":4.0,"p":7973.5,"s":[{"cn":"Das_Gold Трейд","ui":"6794419","t":2733.0,"r":2733.0,"q":9.36,"p":20000.0,"mot":"U","mo":2733.0},{"cn":"cawka2000","ui":"6796448","t":21753.0,"r":21753.0,"q":3.07,"p":6500.0,"mot":"U","mo":21753.0},{"cn":"","ui":"","t":8944.0,"r":1211.0,"q":8.52,"p":7300.17,"mot":"L","mo":1211.0}]},{"d":"23.03.2017","r":19422.0,"q":4.36,"p":7694.76,"s":[{"cn":"Das_Gold Трейд","ui":"6794419","t":2733.0,"r":2333.0,"q":9.36,"p":20000.0,"mot":"U","mo":2333.0},{"cn":"cawka2000","ui":"6796448","t":11580.0,"r":11480.0,"q":4.36,"p":6500.0,"mot":"U","mo":11480.0},{"cn":"ASTI-Инвест","ui":"6896134","t":4995.0,"r":4591.0,"q":2.46,"p":5500.0,"mot":"U","mo":4591.0},{"cn":"","ui":"","t":5350.0,"r":1018.0,"q":1.51,"p":2865.62,"mot":"L","mo":1018.0}]},{"d":"24.03.2017","r":31383.0,"q":4.23,"p":7042.14,"s":[{"cn":"Das_Gold Трейд","ui":"6794419","t":2333.0,"r":1933.0,"q":9.36,"p":20000.0,"mot":"U","mo":1933.0},{"cn":"cawka2000","ui":"6796448","t":20785.0,"r":20085.0,"q":4.55,"p":6500.0,"mot":"U","mo":20085.0},{"cn":"ASTI-Инвест","ui":"6896134","t":9580.0,"r":9176.0,"q":2.46,"p":5500.0,"mot":"U","mo":9176.0},{"cn":"","ui":"","t":2085.0,"r":189.0,"q":3.06,"p":7000.0,"mot":"L","mo":189.0}]},{"d":"25.03.2017","r":178243.0,"q":11.21,"p":16409.45,"s":[{"cn":"АО «ПОГАНКА»","ui":"5956300","t":131814.0,"r":131814.0,"q":13.64,"p":20000.0,"mot":"U","mo":131814.0},{"cn":"cawka2000","ui":"6796448","t":28906.0,"r":28305.0,"q":4.65,"p":5500.0,"mot":"U","mo":28305.0},{"cn":"ASTI-Инвест","ui":"6896134","t":14157.0,"r":13753.0,"q":2.46,"p":5500.0,"mot":"U","mo":13753.0},{"cn":"","ui":"","t":11118.0,"r":4371.0,"q":7.92,"p":13102.36,"mot":"L","mo":4371.0}]},{"d":"26.03.2017","r":190073.0,"q":10.73,"p":14192.95,"s":[{"cn":"АО «ПОГАНКА»","ui":"5956300","t":131814.0,"r":131814.0,"q":13.64,"p":18000.0,"mot":"U","mo":131814.0},{"cn":"cawka2000","ui":"6796448","t":37028.0,"r":36427.0,"q":4.73,"p":5500.0,"mot":"U","mo":36427.0},{"cn":"ASTI-Инвест","ui":"6896134","t":18727.0,"r":18323.0,"q":2.46,"p":5500.0,"mot":"U","mo":18323.0},{"cn":"","ui":"","t":16872.0,"r":3509.0,"q":6.69,"p":6816.47,"mot":"L","mo":3509.0}]},{"d":"27.03.2017","r":24406.0,"q":2.81,"p":5582.89,"s":[{"cn":"ASTI-Инвест","ui":"6896134","t":23289.0,"r":22885.0,"q":2.46,"p":5500.0,"mot":"U","mo":22885.0},{"cn":"","ui":"","t":27566.0,"r":1521.0,"q":8.12,"p":6830.11,"mot":"L","mo":1521.0}]},{"d":"28.03.2017","r":2382.0,"q":2.86,"p":5647.23,"s":[{"cn":"Питерские товары","ui":"6709249","t":6067.0,"r":167.0,"q":8.18,"p":7600.0,"mot":"U","mo":167.0},{"cn":"ASTI-Инвест","ui":"6896134","t":15232.0,"r":2215.0,"q":2.46,"p":5500.0,"mot":"U","mo":2215.0},{"cn":"","ui":"","t":0.0,"r":0.0,"q":0.0,"p":0.0,"mot":"L","mo":0.0}]},{"d":"29.03.2017","r":31814.0,"q":13.64,"p":18000.0,"s":[{"cn":"АО «ПОГАНКА»","ui":"5956300","t":31814.0,"r":31814.0,"q":13.64,"p":18000.0,"mot":"U","mo":31814.0},{"cn":"","ui":"","t":0.0,"r":0.0,"q":0.0,"p":0.0,"mot":"L","mo":0.0}]},{"d":"31.03.2017","r":38630.0,"q":12.8,"p":15991.74,"s":[{"cn":"cawka2000","ui":"6727923","t":2926.0,"r":2926.0,"q":3.89,"p":6000.0,"mot":"U","mo":2926.0},{"cn":"ZeL333 Трейд","ui":"3332030","t":48465.0,"r":3876.0,"q":13.44,"p":12000.0,"mot":"U","mo":3876.0},{"cn":"АО «ПОГАНКА»","ui":"5956300","t":31614.0,"r":31514.0,"q":13.64,"p":17500.0,"mot":"U","mo":31514.0},{"cn":"","ui":"","t":2799.0,"r":314.0,"q":3.8,"p":7000.0,"mot":"L","mo":314.0}]},{"d":"01.04.2017","r":106823.0,"q":13.3,"p":16099.43,"s":[{"cn":"АО «ПОГАНКА»","ui":"5956300","t":90780.0,"r":90780.0,"q":14.05,"p":17500.0,"mot":"U","mo":90780.0},{"cn":"cawka2000","ui":"6796448","t":10211.0,"r":10211.0,"q":7.21,"p":6500.0,"mot":"U","mo":10211.0},{"cn":"","ui":"","t":55171.0,"r":5832.0,"q":12.29,"p":11105.62,"mot":"L","mo":5832.0}]},{"d":"02.04.2017","r":6478.0,"q":12.22,"p":10591.17,"s":[{"cn":"GITrade","ui":"6959484","t":6373.0,"r":483.0,"q":10.27,"p":8700.0,"mot":"U","mo":483.0},{"cn":"ZeL333 Трейд","ui":"3332030","t":44580.0,"r":4585.0,"q":13.41,"p":12500.0,"mot":"U","mo":4585.0},{"cn":"FOX LLC","ui":"6778203","t":12686.0,"r":1380.0,"q":9.06,"p":5000.0,"mot":"U","mo":1380.0},{"cn":"","ui":"","t":10039.0,"r":30.0,"q":7.8,"p":6500.0,"mot":"L","mo":30.0}]},{"d":"03.04.2017","r":102686.0,"q":13.59,"p":16094.82,"s":[{"cn":"ZeL333 Трейд","ui":"3332030","t":45440.0,"r":5445.0,"q":13.43,"p":12500.0,"mot":"U","mo":5445.0},{"cn":"АО «ПОГАНКА»","ui":"5956300","t":90780.0,"r":90780.0,"q":14.05,"p":17000.0,"mot":"U","mo":90780.0},{"cn":"","ui":"","t":23677.0,"r":6461.0,"q":7.32,"p":6406.18,"mot":"L","mo":6461.0}]},{"d":"04.04.2017","r":92233.0,"q":13.9,"p":15858.22,"s":[{"cn":"АО «ПОГАНКА»","ui":"5956300","t":90780.0,"r":90780.0,"q":14.05,"p":16000.0,"mot":"U","mo":90780.0},{"cn":"","ui":"","t":3467.0,"r":1453.0,"q":4.53,"p":7000.0,"mot":"L","mo":1453.0}]},{"d":"05.04.2017","r":111477.0,"q":13.79,"p":14506.32,"s":[{"cn":"ZeL333 Трейд","ui":"3332030","t":45030.0,"r":8454.0,"q":13.47,"p":12500.0,"mot":"U","mo":8454.0},{"cn":"ZeL333 Трейд","ui":"4781409","t":11576.0,"r":9853.0,"q":13.94,"p":13500.0,"mot":"U","mo":9853.0},{"cn":"АО «ПОГАНКА»","ui":"5956300","t":90780.0,"r":90780.0,"q":14.05,"p":15000.0,"mot":"U","mo":90780.0},{"cn":"","ui":"","t":6921.0,"r":2390.0,"q":4.52,"p":7000.0,"mot":"L","mo":2390.0}]},{"d":"06.04.2017","r":105627.0,"q":13.75,"p":14481.71,"s":[{"cn":"ZeL333 Трейд","ui":"4781409","t":21420.0,"r":19697.0,"q":13.94,"p":13500.0,"mot":"U","mo":19697.0},{"cn":"АО «ПОГАНКА»","ui":"5956300","t":86780.0,"r":82780.0,"q":14.05,"p":15000.0,"mot":"U","mo":82780.0},{"cn":"","ui":"","t":7821.0,"r":3150.0,"q":4.59,"p":7000.0,"mot":"L","mo":3150.0}]},{"d":"07.04.2017","r":129347.0,"q":13.27,"p":13331.65,"s":[{"cn":"ZeL333 Трейд","ui":"3332030","t":52478.0,"r":10802.0,"q":13.59,"p":12500.0,"mot":"U","mo":10802.0},{"cn":"Baron9 Финанс","ui":"7043984","t":12147.0,"r":12147.0,"q":7.55,"p":3500.0,"mot":"U","mo":12147.0},{"cn":"ZeL333 Трейд","ui":"4781409","t":19697.0,"r":17974.0,"q":13.94,"p":13000.0,"mot":"U","mo":17974.0},{"cn":"АО «ПОГАНКА»","ui":"5956300","t":86780.0,"r":86780.0,"q":14.05,"p":15000.0,"mot":"U","mo":86780.0},{"cn":"","ui":"","t":7445.0,"r":1644.0,"q":4.58,"p":7000.0,"mot":"L","mo":1644.0}]},{"d":"08.04.2017","r":127556.0,"q":12.74,"p":12540.9,"s":[{"cn":"Baron9 Финанс","ui":"7043984","t":14241.0,"r":14201.0,"q":6.79,"p":3500.0,"mot":"U","mo":14201.0},{"cn":"ZeL333 Трейд","ui":"4781409","t":17974.0,"r":16251.0,"q":13.94,"p":13000.0,"mot":"U","mo":16251.0},{"cn":"АО «ПОГАНКА»","ui":"5956300","t":85180.0,"r":84580.0,"q":14.05,"p":14500.0,"mot":"U","mo":84580.0},{"cn":"cawka2000","ui":"6796448","t":16837.0,"r":6446.0,"q":6.03,"p":6500.0,"mot":"U","mo":6446.0},{"cn":"","ui":"","t":99060.0,"r":6078.0,"q":12.28,"p":11581.36,"mot":"L","mo":6078.0}]},{"d":"09.04.2017","r":286642.0,"q":11.62,"p":12045.63,"s":[{"cn":"АО «ПОГАНКА»","ui":"5956300","t":84580.0,"r":83980.0,"q":14.05,"p":14500.0,"mot":"U","mo":83980.0},{"cn":"ZORGZ Inc.","ui":"5483645","t":205437.0,"r":195437.0,"q":10.55,"p":11000.0,"mot":"U","mo":195437.0},{"cn":"","ui":"","t":70593.0,"r":7225.0,"q":12.46,"p":11801.73,"mot":"L","mo":7225.0}]},{"d":"10.04.2017","r":304323.0,"q":11.26,"p":11508.41,"s":[{"cn":"ZORGZ Inc.","ui":"5483645","t":195436.0,"r":185436.0,"q":10.55,"p":11000.0,"mot":"U","mo":185436.0},{"cn":"АО «ПОГАНКА»","ui":"5956300","t":83980.0,"r":83380.0,"q":14.05,"p":14500.0,"mot":"U","mo":83380.0},{"cn":"","ui":"","t":72125.0,"r":35507.0,"q":8.4,"p":7138.51,"mot":"L","mo":35507.0}]},{"d":"11.04.2017","r":311283.0,"q":11.01,"p":11197.83,"s":[{"cn":"АО «ПОГАНКА»","ui":"5956300","t":83380.0,"r":82780.0,"q":14.05,"p":14500.0,"mot":"U","mo":82780.0},{"cn":"ZORGZ Inc.","ui":"5483645","t":185435.0,"r":175435.0,"q":10.55,"p":11000.0,"mot":"U","mo":175435.0},{"cn":"","ui":"","t":97485.0,"r":53068.0,"q":7.79,"p":6700.8,"mot":"L","mo":53068.0}]},{"d":"12.04.2017","r":310933.0,"q":10.73,"p":10863.98,"s":[{"cn":"Dik\u0026Ko","ui":"6783796","t":16964.0,"r":16914.0,"q":6.06,"p":5000.0,"mot":"U","mo":16914.0},{"cn":"Dik\u0026Ko","ui":"6783791","t":17064.0,"r":17064.0,"q":6.06,"p":5000.0,"mot":"U","mo":17064.0},{"cn":"ZORGZ Inc.","ui":"5483645","t":175434.0,"r":165434.0,"q":10.55,"p":11000.0,"mot":"U","mo":165434.0},{"cn":"Dik\u0026Ko","ui":"6783794","t":16057.0,"r":16007.0,"q":6.06,"p":5000.0,"mot":"U","mo":16007.0},{"cn":"АО «ПОГАНКА»","ui":"5956300","t":82780.0,"r":82170.0,"q":14.05,"p":14500.0,"mot":"U","mo":82170.0},{"cn":"","ui":"","t":119928.0,"r":13344.0,"q":10.12,"p":8753.37,"mot":"L","mo":13344.0}]},{"d":"13.04.2017","r":290997.0,"q":10.82,"p":11029.66,"s":[{"cn":"Dik\u0026Ko","ui":"6783796","t":21332.0,"r":20028.0,"q":6.06,"p":5000.0,"mot":"U","mo":20028.0},{"cn":"Dik\u0026Ko","ui":"6783791","t":22734.0,"r":21734.0,"q":6.06,"p":5000.0,"mot":"U","mo":21734.0},{"cn":"АО «ПОГАНКА»","ui":"5956300","t":82170.0,"r":81570.0,"q":14.05,"p":14500.0,"mot":"U","mo":81570.0},{"cn":"ZORGZ Inc.","ui":"5483645","t":165432.0,"r":155431.0,"q":10.55,"p":11000.0,"mot":"U","mo":155431.0},{"cn":"","ui":"","t":115224.0,"r":12234.0,"q":9.03,"p":8850.91,"mot":"L","mo":12234.0}]},{"d":"14.04.2017","r":238911.0,"q":11.56,"p":11886.55,"s":[{"cn":"АО «ПОГАНКА»","ui":"5956300","t":81565.0,"r":80960.0,"q":14.05,"p":14500.0,"mot":"U","mo":80960.0},{"cn":"ZORGZ Inc.","ui":"5483645","t":153429.0,"r":141428.0,"q":10.55,"p":11000.0,"mot":"U","mo":141428.0},{"cn":"","ui":"","t":77782.0,"r":16523.0,"q":8.0,"p":6669.53,"mot":"L","mo":16523.0}]},{"d":"15.04.2017","r":215012.0,"q":11.84,"p":12247.37,"s":[{"cn":"АО «ПОГАНКА»","ui":"5956300","t":80965.0,"r":80360.0,"q":14.05,"p":14500.0,"mot":"U","mo":80360.0},{"cn":"ZORGZ Inc.","ui":"5483645","t":141426.0,"r":129426.0,"q":10.55,"p":11000.0,"mot":"U","mo":129426.0},{"cn":"","ui":"","t":62950.0,"r":5226.0,"q":9.64,"p":8500.95,"mot":"L","mo":5226.0}]},{"d":"16.04.2017","r":87355.0,"q":13.54,"p":13904.95,"s":[{"cn":"АО «ПОГАНКА»","ui":"5956300","t":80365.0,"r":79760.0,"q":14.05,"p":14500.0,"mot":"U","mo":79760.0},{"cn":"","ui":"","t":74610.0,"r":7595.0,"q":8.16,"p":7655.95,"mot":"L","mo":7595.0}]},{"d":"17.04.2017","r":82299.0,"q":13.95,"p":14339.83,"s":[{"cn":"АО «ПОГАНКА»","ui":"5956300","t":79765.0,"r":79160.0,"q":14.05,"p":14500.0,"mot":"U","mo":79160.0},{"cn":"","ui":"","t":74649.0,"r":3139.0,"q":11.36,"p":10300.72,"mot":"L","mo":3139.0}]},{"d":"18.04.2017","r":83065.0,"q":13.86,"p":14165.29,"s":[{"cn":"АО «ПОГАНКА»","ui":"5956300","t":79165.0,"r":78560.0,"q":14.05,"p":14500.0,"mot":"U","mo":78560.0},{"cn":"","ui":"","t":78725.0,"r":4505.0,"q":10.46,"p":8328.52,"mot":"L","mo":4505.0}]},{"d":"19.04.2017","r":80970.0,"q":13.96,"p":14352.35,"s":[{"cn":"АО «ПОГАНКА»","ui":"5956300","t":78565.0,"r":77960.0,"q":14.05,"p":14500.0,"mot":"U","mo":77960.0},{"cn":"","ui":"","t":75104.0,"r":3010.0,"q":11.65,"p":10528.23,"mot":"L","mo":3010.0}]},{"d":"21.04.2017","r":203538.0,"q":14.48,"p":13817.02,"s":[{"cn":"ZeL333 Трейд","ui":"3296996","t":159151.0,"r":129900.0,"q":14.76,"p":13500.0,"mot":"U","mo":129900.0},{"cn":"АО «ПОГАНКА»","ui":"5956300","t":73765.0,"r":71360.0,"q":14.05,"p":14500.0,"mot":"U","mo":71360.0},{"cn":"","ui":"","t":59866.0,"r":2278.0,"q":11.65,"p":10499.99,"mot":"L","mo":2278.0}]},{"d":"22.04.2017","r":187697.0,"q":14.44,"p":13792.3,"s":[{"cn":"ZeL333 Трейд","ui":"3296996","t":135867.0,"r":102616.0,"q":14.72,"p":13500.0,"mot":"U","mo":102616.0},{"cn":"АО «ПОГАНКА»","ui":"5956300","t":72365.0,"r":70960.0,"q":14.05,"p":14500.0,"mot":"U","mo":70960.0},{"cn":"","ui":"","t":152002.0,"r":14121.0,"q":14.39,"p":12360.18,"mot":"L","mo":14121.0}]},{"d":"23.04.2017","r":175614.0,"q":14.45,"p":13796.37,"s":[{"cn":"ZeL333 Трейд","ui":"3355803","t":50968.0,"r":8961.0,"q":14.95,"p":13000.0,"mot":"U","mo":8961.0},{"cn":"ZeL333 Трейд","ui":"3332030","t":46017.0,"r":9897.0,"q":14.65,"p":14500.0,"mot":"U","mo":9897.0},{"cn":"ZeL333 Трейд","ui":"3296996","t":106535.0,"r":67784.0,"q":14.67,"p":13500.0,"mot":"U","mo":67784.0},{"cn":"ZeL333 Трейд","ui":"4781409","t":24011.0,"r":18011.0,"q":15.1,"p":12500.0,"mot":"U","mo":18011.0},{"cn":"АО «ПОГАНКА»","ui":"5956300","t":70965.0,"r":69560.0,"q":14.05,"p":14500.0,"mot":"U","mo":69560.0},{"cn":"","ui":"","t":36950.0,"r":1401.0,"q":10.97,"p":9989.28,"mot":"L","mo":1401.0}]},{"d":"24.04.2017","r":35205.0,"q":14.81,"p":13407.2,"s":[{"cn":"ZeL333 Трейд","ui":"3355803","t":54799.0,"r":12792.0,"q":14.94,"p":13000.0,"mot":"U","mo":12792.0},{"cn":"ZeL333 Трейд","ui":"3332030","t":49619.0,"r":13499.0,"q":14.65,"p":14500.0,"mot":"U","mo":13499.0},{"cn":"ZeL333 Трейд","ui":"4781409","t":14690.0,"r":8690.0,"q":15.1,"p":12500.0,"mot":"U","mo":8690.0},{"cn":"","ui":"","t":3859.0,"r":224.0,"q":5.65,"p":6000.0,"mot":"L","mo":224.0}]},{"d":"26.04.2017","r":1496.0,"q":1.0,"p":3000.0,"s":[{"cn":"Трон","ui":"6966829","t":1831.0,"r":1496.0,"q":1.0,"p":3000.0,"mot":"U","mo":1496.0},{"cn":"","ui":"","t":0.0,"r":0.0,"q":0.0,"p":0.0,"mot":"L","mo":0.0}]},{"d":"27.04.2017","r":174813.0,"q":15.05,"p":14348.69,"s":[{"cn":"АО «ПОГАНКА»","ui":"5956300","t":168888.0,"r":168288.0,"q":15.17,"p":14500.0,"mot":"U","mo":168288.0},{"cn":"","ui":"","t":35676.0,"r":6525.0,"q":11.88,"p":10446.21,"mot":"L","mo":6525.0}]},{"d":"28.04.2017","r":65115.0,"q":9.46,"p":15768.59,"s":[{"cn":"ZeL333 Трейд","ui":"3355803","t":62882.0,"r":4950.0,"q":14.92,"p":11000.0,"mot":"U","mo":4950.0},{"cn":"ZeL333 Трейд","ui":"3332030","t":57448.0,"r":8366.0,"q":14.68,"p":14500.0,"mot":"U","mo":8366.0},{"cn":"Das_Gold Трейд","ui":"6914770","t":42972.0,"r":42972.0,"q":7.02,"p":17000.0,"mot":"U","mo":42972.0},{"cn":"ZeL333 Трейд","ui":"3296996","t":54492.0,"r":6594.0,"q":14.72,"p":11500.0,"mot":"U","mo":6594.0},{"cn":"","ui":"","t":2233.0,"r":2233.0,"q":9.36,"p":20000.0,"mot":"L","mo":2233.0}]},{"d":"29.04.2017","r":29002.0,"q":14.63,"p":12144.51,"s":[{"cn":"ZeL333 Трейд","ui":"3355803","t":66454.0,"r":3572.0,"q":14.92,"p":11000.0,"mot":"U","mo":3572.0},{"cn":"ZeL333 Трейд","ui":"3332030","t":67418.0,"r":9970.0,"q":14.7,"p":14500.0,"mot":"U","mo":9970.0},{"cn":"ZeL333 Трейд","ui":"3296996","t":57099.0,"r":5254.0,"q":14.72,"p":11500.0,"mot":"U","mo":5254.0},{"cn":"ZeL333 Трейд","ui":"4781409","t":42068.0,"r":9690.0,"q":14.87,"p":10500.0,"mot":"U","mo":9690.0},{"cn":"","ui":"","t":516.0,"r":516.0,"q":6.06,"p":12000.0,"mot":"L","mo":516.0}]},{"d":"01.05.2017","r":106136.0,"q":11.41,"p":14508.09,"s":[{"cn":"ZeL333 Трейд","ui":"3355803","t":73515.0,"r":10633.0,"q":14.92,"p":11000.0,"mot":"U","mo":10633.0},{"cn":"ZeL333 Трейд","ui":"3332030","t":87252.0,"r":29805.0,"q":14.7,"p":14500.0,"mot":"U","mo":29805.0},{"cn":"Das_Gold Трейд","ui":"6914770","t":42971.0,"r":42970.0,"q":7.02,"p":17000.0,"mot":"U","mo":42970.0},{"cn":"ZeL333 Трейд","ui":"3296996","t":66236.0,"r":16392.0,"q":14.73,"p":11500.0,"mot":"U","mo":16392.0},{"cn":"","ui":"","t":13402.0,"r":6336.0,"q":11.18,"p":11315.81,"mot":"L","mo":6336.0}]},{"d":"02.05.2017","r":104890.0,"q":11.39,"p":15008.18,"s":[{"cn":"ZeL333 Трейд","ui":"3355803","t":73724.0,"r":7592.0,"q":14.92,"p":11000.0,"mot":"U","mo":7592.0},{"cn":"Das_Gold Трейд","ui":"6914770","t":42970.0,"r":42969.0,"q":7.02,"p":17000.0,"mot":"U","mo":42969.0},{"cn":"ZeL333 Трейд","ui":"3332030","t":96101.0,"r":38654.0,"q":14.73,"p":14500.0,"mot":"U","mo":38654.0},{"cn":"ZeL333 Трейд","ui":"3296996","t":65248.0,"r":12199.0,"q":14.84,"p":11500.0,"mot":"U","mo":12199.0},{"cn":"","ui":"","t":3477.0,"r":3476.0,"q":8.43,"p":17103.57,"mot":"L","mo":3476.0}]},{"d":"03.05.2017","r":183534.0,"q":13.92,"p":14438.4,"s":[{"cn":"ZeL333 Трейд","ui":"3332030","t":103912.0,"r":46466.0,"q":14.77,"p":14500.0,"mot":"U","mo":46466.0},{"cn":"Das_Gold Трейд","ui":"6914770","t":42969.0,"r":42968.0,"q":7.02,"p":17000.0,"mot":"U","mo":42968.0},{"cn":"ZeL333 Трейд","ui":"4781409","t":61942.0,"r":19902.0,"q":14.88,"p":10500.0,"mot":"U","mo":19902.0},{"cn":"Makena Holding","ui":"5805640","t":67488.0,"r":67488.0,"q":17.57,"p":14000.0,"mot":"U","mo":67488.0},{"cn":"","ui":"","t":86728.0,"r":6710.0,"q":12.76,"p":13699.11,"mot":"L","mo":6710.0}]},{"d":"04.05.2017","r":145031.0,"q":16.09,"p":13945.47,"s":[{"cn":"ZeL333 Трейд","ui":"3332030","t":111977.0,"r":54530.0,"q":14.78,"p":14500.0,"mot":"U","mo":54530.0},{"cn":"ZeL333 Трейд","ui":"3296996","t":75281.0,"r":11063.0,"q":14.87,"p":11500.0,"mot":"U","mo":11063.0},{"cn":"Makena Holding","ui":"5805640","t":70745.0,"r":70744.0,"q":17.62,"p":14000.0,"mot":"U","mo":70744.0},{"cn":"","ui":"","t":152545.0,"r":8694.0,"q":13.48,"p":13135.5,"mot":"L","mo":8694.0}]},{"d":"06.05.2017","r":77491.0,"q":14.48,"p":12829.86,"s":[{"cn":"ZeL333 Трейд","ui":"3332030","t":112224.0,"r":54987.0,"q":14.71,"p":14500.0,"mot":"U","mo":54987.0},{"cn":"ZeL333 Трейд","ui":"4781409","t":61936.0,"r":12398.0,"q":14.88,"p":10500.0,"mot":"U","mo":12398.0},{"cn":"FOX LLC","ui":"6778203","t":13025.0,"r":4321.0,"q":10.39,"p":5000.0,"mot":"U","mo":4321.0},{"cn":"","ui":"","t":79847.0,"r":5785.0,"q":14.51,"p":7796.54,"mot":"L","mo":5785.0}]},{"d":"08.05.2017","r":55996.0,"q":14.62,"p":13657.87,"s":[{"cn":"GoodWinn Инвест","ui":"7098198","t":7387.0,"r":4540.0,"q":14.93,"p":5000.0,"mot":"U","mo":4540.0},{"cn":"ZeL333 Трейд","ui":"3332030","t":99639.0,"r":50082.0,"q":14.62,"p":14500.0,"mot":"U","mo":50082.0},{"cn":"","ui":"","t":64763.0,"r":1374.0,"q":13.53,"p":11569.87,"mot":"L","mo":1374.0}]},{"d":"09.05.2017","r":112173.0,"q":9.15,"p":7985.72,"s":[{"cn":"dav0311","ui":"7028359","t":56241.0,"r":56241.0,"q":3.77,"p":2000.0,"mot":"U","mo":56241.0},{"cn":"ZeL333 Трейд","ui":"3332030","t":99474.0,"r":49927.0,"q":14.6,"p":14500.0,"mot":"U","mo":49927.0},{"cn":"","ui":"","t":71445.0,"r":6005.0,"q":14.29,"p":9884.93,"mot":"L","mo":6005.0}]},{"d":"10.05.2017","r":62338.0,"q":14.52,"p":13728.14,"s":[{"cn":"ZeL333 Трейд","ui":"3355803","t":72098.0,"r":10755.0,"q":14.89,"p":11000.0,"mot":"U","mo":10755.0},{"cn":"ZeL333 Трейд","ui":"3332030","t":99427.0,"r":50080.0,"q":14.58,"p":14500.0,"mot":"U","mo":50080.0},{"cn":"","ui":"","t":18534.0,"r":1503.0,"q":9.82,"p":7531.6,"mot":"L","mo":1503.0}]},{"d":"11.05.2017","r":14901.0,"q":14.03,"p":14359.07,"s":[{"cn":"Салун Финанс","ui":"6207634","t":840.0,"r":840.0,"q":6.06,"p":12000.0,"mot":"U","mo":840.0},{"cn":"ZeL333 Трейд","ui":"3332030","t":72903.0,"r":14061.0,"q":14.51,"p":14500.0,"mot":"U","mo":14061.0},{"cn":"","ui":"","t":0.0,"r":0.0,"q":0.0,"p":0.0,"mot":"L","mo":0.0}]},{"d":"12.05.2017","r":3218.0,"q":11.97,"p":12000.0,"s":[{"cn":"Салун Финанс","ui":"6207634","t":1050.0,"r":1050.0,"q":6.06,"p":12000.0,"mot":"U","mo":1050.0},{"cn":"ZeL333 Трейд","ui":"3296996","t":55697.0,"r":2168.0,"q":14.83,"p":12000.0,"mot":"U","mo":2168.0},{"cn":"","ui":"","t":0.0,"r":0.0,"q":0.0,"p":0.0,"mot":"L","mo":0.0}]},{"d":"13.05.2017","r":18226.0,"q":11.82,"p":5985.16,"s":[{"cn":"GoodWinn Инвест","ui":"7098198","t":7320.0,"r":2667.0,"q":14.69,"p":5000.0,"mot":"U","mo":2667.0},{"cn":"Салун Финанс","ui":"6207634","t":1247.0,"r":1242.0,"q":6.06,"p":12000.0,"mot":"U","mo":1242.0},{"cn":"ZeL333 Трейд","ui":"3332030","t":59854.0,"r":1017.0,"q":14.58,"p":14500.0,"mot":"U","mo":1017.0},{"cn":"FOX LLC","ui":"6778203","t":13400.0,"r":12900.0,"q":11.6,"p":5000.0,"mot":"U","mo":12900.0},{"cn":"","ui":"","t":6581.0,"r":400.0,"q":10.48,"p":4000.0,"mot":"L","mo":400.0}]},{"d":"14.05.2017","r":24313.0,"q":13.97,"p":13970.92,"s":[{"cn":"ZeL333 Трейд","ui":"3332030","t":70743.0,"r":21906.0,"q":14.58,"p":14500.0,"mot":"U","mo":21906.0},{"cn":"Салун Финанс","ui":"6207634","t":1439.0,"r":1429.0,"q":6.06,"p":12000.0,"mot":"U","mo":1429.0},{"cn":"","ui":"","t":13878.0,"r":978.0,"q":11.93,"p":5000.0,"mot":"L","mo":978.0}]},{"d":"15.05.2017","r":16538.0,"q":13.91,"p":13388.95,"s":[{"cn":"ZeL333 Трейд","ui":"3332030","t":54116.0,"r":5279.0,"q":14.46,"p":14500.0,"mot":"U","mo":5279.0},{"cn":"Салун Финанс","ui":"6207634","t":1626.0,"r":1486.0,"q":6.06,"p":12000.0,"mot":"U","mo":1486.0},{"cn":"ZeL333 Трейд","ui":"3296996","t":63629.0,"r":9773.0,"q":14.8,"p":13000.0,"mot":"U","mo":9773.0},{"cn":"","ui":"","t":0.0,"r":0.0,"q":0.0,"p":0.0,"mot":"L","mo":0.0}]},{"d":"16.05.2017","r":125351.0,"q":14.37,"p":13461.4,"s":[{"cn":"ZeL333 Трейд","ui":"3355803","t":90586.0,"r":31793.0,"q":14.84,"p":13000.0,"mot":"U","mo":31793.0},{"cn":"АО «ПОГАНКА»","ui":"5956300","t":81274.0,"r":81274.0,"q":15.41,"p":14500.0,"mot":"U","mo":81274.0},{"cn":"Dik\u0026Ko","ui":"6783794","t":9931.0,"r":9931.0,"q":5.57,"p":5000.0,"mot":"U","mo":9931.0},{"cn":"","ui":"","t":8379.0,"r":2353.0,"q":9.31,"p":19534.0,"mot":"L","mo":2353.0}]},{"d":"17.05.2017","r":26724.0,"q":14.66,"p":13720.78,"s":[{"cn":"ZeL333 Трейд","ui":"3355803","t":69758.0,"r":16880.0,"q":15.16,"p":13000.0,"mot":"U","mo":16880.0},{"cn":"ZeL333 Трейд","ui":"3332030","t":43600.0,"r":1971.0,"q":15.14,"p":14500.0,"mot":"U","mo":1971.0},{"cn":"ZeL333 Трейд","ui":"3296996","t":62336.0,"r":4772.0,"q":15.3,"p":13500.0,"mot":"U","mo":4772.0},{"cn":"Das_Gold Трейд","ui":"6794419","t":2227.0,"r":2226.0,"q":9.36,"p":20000.0,"mot":"U","mo":2226.0},{"cn":"","ui":"","t":46925.0,"r":875.0,"q":14.02,"p":11100.0,"mot":"L","mo":875.0}]},{"d":"18.05.2017","r":12633.0,"q":7.84,"p":9105.63,"s":[{"cn":"Dik\u0026Ko","ui":"6783796","t":9925.0,"r":6965.0,"q":5.67,"p":5000.0,"mot":"U","mo":6965.0},{"cn":"Мик и Пус","ui":"7143830","t":965.0,"r":965.0,"q":4.6,"p":8532.61,"mot":"U","mo":965.0},{"cn":"Das_Gold Трейд","ui":"6794419","t":2226.0,"r":2225.0,"q":9.36,"p":20000.0,"mot":"U","mo":2225.0},{"cn":"ZeL333 Трейд","ui":"4781409","t":38088.0,"r":1988.0,"q":15.85,"p":11000.0,"mot":"U","mo":1988.0},{"cn":"","ui":"","t":500.0,"r":490.0,"q":5.76,"p":11437.76,"mot":"L","mo":490.0}]},{"d":"19.05.2017","r":11382.0,"q":13.47,"p":13670.16,"s":[{"cn":"ZeL333 Трейд","ui":"3355803","t":55050.0,"r":2321.0,"q":15.77,"p":13000.0,"mot":"U","mo":2321.0},{"cn":"Мик и Пус","ui":"7143830","t":865.0,"r":865.0,"q":4.5,"p":6532.61,"mot":"U","mo":865.0},{"cn":"ZeL333 Трейд","ui":"3332030","t":44600.0,"r":971.0,"q":15.34,"p":14500.0,"mot":"U","mo":971.0},{"cn":"Das_Gold Трейд","ui":"6794419","t":2225.0,"r":2224.0,"q":9.36,"p":20000.0,"mot":"U","mo":2224.0},{"cn":"ZeL333 Трейд","ui":"3296996","t":68363.0,"r":799.0,"q":15.77,"p":13500.0,"mot":"U","mo":799.0},{"cn":"ZeL333 Трейд","ui":"4781409","t":40100.0,"r":4000.0,"q":15.83,"p":12000.0,"mot":"U","mo":4000.0},{"cn":"","ui":"","t":202.0,"r":202.0,"q":6.06,"p":12000.0,"mot":"L","mo":202.0}]},{"d":"20.05.2017","r":22647.0,"q":10.7,"p":8523.03,"s":[{"cn":"ZeL333 Трейд","ui":"3355803","t":54371.0,"r":1642.0,"q":15.83,"p":13000.0,"mot":"U","mo":1642.0},{"cn":"Мик и Пус","ui":"7143830","t":2484.0,"r":2484.0,"q":4.46,"p":6532.61,"mot":"U","mo":2484.0},{"cn":"ZeL333 Трейд","ui":"3332030","t":45571.0,"r":1942.0,"q":15.36,"p":14500.0,"mot":"U","mo":1942.0},{"cn":"ZeL333 Трейд","ui":"3296996","t":68846.0,"r":1282.0,"q":15.84,"p":13500.0,"mot":"U","mo":1282.0},{"cn":"Das_Gold Трейд","ui":"6794419","t":2224.0,"r":2223.0,"q":9.36,"p":20000.0,"mot":"U","mo":2223.0},{"cn":"FOX LLC","ui":"6778203","t":13358.0,"r":12858.0,"q":10.37,"p":5000.0,"mot":"U","mo":12858.0},{"cn":"","ui":"","t":36456.0,"r":216.0,"q":4.86,"p":5703.7,"mot":"L","mo":216.0}]},{"d":"21.05.2017","r":104870.0,"q":13.8,"p":11888.36,"s":[{"cn":"АО «ПОГАНКА»","ui":"5956300","t":70496.0,"r":70496.0,"q":15.51,"p":14500.0,"mot":"U","mo":70496.0},{"cn":"FOX LLC","ui":"6778203","t":25743.0,"r":24792.0,"q":10.34,"p":5000.0,"mot":"U","mo":24792.0},{"cn":"","ui":"","t":173149.0,"r":9582.0,"q":10.21,"p":10496.74,"mot":"L","mo":9582.0}]},{"d":"22.05.2017","r":63485.0,"q":14.24,"p":12736.44,"s":[{"cn":"Мик и Пус","ui":"7143830","t":5242.0,"r":5242.0,"q":4.45,"p":6532.61,"mot":"U","mo":5242.0},{"cn":"ZeL333 Трейд","ui":"3332030","t":48602.0,"r":5518.0,"q":15.4,"p":14500.0,"mot":"U","mo":5518.0},{"cn":"АО «ПОГАНКА»","ui":"5956300","t":60496.0,"r":50496.0,"q":15.51,"p":13500.0,"mot":"U","mo":50496.0},{"cn":"","ui":"","t":90681.0,"r":2229.0,"q":5.67,"p":5662.63,"mot":"L","mo":2229.0}]},{"d":"23.05.2017","r":88878.0,"q":9.06,"p":13409.41,"s":[{"cn":"Мик и Пус","ui":"7143830","t":5021.0,"r":5021.0,"q":4.44,"p":6532.61,"mot":"U","mo":5021.0},{"cn":"ZeL333 Трейд","ui":"3332030","t":50118.0,"r":7034.0,"q":15.41,"p":14500.0,"mot":"U","mo":7034.0},{"cn":"Das_Gold Трейд","ui":"6914770","t":42968.0,"r":42968.0,"q":7.02,"p":17000.0,"mot":"U","mo":42968.0},{"cn":"АО «ПОГАНКА»","ui":"5956300","t":27936.0,"r":17936.0,"q":15.51,"p":13500.0,"mot":"U","mo":17936.0},{"cn":"Dik\u0026Ko","ui":"6783794","t":11503.0,"r":11501.0,"q":5.96,"p":4500.0,"mot":"U","mo":11501.0},{"cn":"","ui":"","t":52584.0,"r":4418.0,"q":6.02,"p":7392.82,"mot":"L","mo":4418.0}]},{"d":"24.05.2017","r":27157.0,"q":10.01,"p":10148.64,"s":[{"cn":"Das_Gold Трейд","ui":"6914770","t":2968.0,"r":2968.0,"q":7.02,"p":17000.0,"mot":"U","mo":2968.0},{"cn":"ZeL333 Трейд","ui":"3296996","t":71313.0,"r":2805.0,"q":15.9,"p":13500.0,"mot":"U","mo":2805.0},{"cn":"Dik\u0026Ko","ui":"6859464","t":7317.0,"r":1377.0,"q":11.47,"p":10499.99,"mot":"L","mo":1377.0},{"cn":"АО «ПОГАНКА»","ui":"5956300","t":17936.0,"r":7936.0,"q":15.51,"p":13500.0,"mot":"U","mo":7936.0},{"cn":"Dik\u0026Ko","ui":"6783794","t":7220.0,"r":7201.0,"q":5.95,"p":4500.0,"mot":"U","mo":7201.0},{"cn":"","ui":"","t":52028.0,"r":4870.0,"q":5.08,"p":6834.5,"mot":"L","mo":4870.0}]},{"d":"25.05.2017","r":42059.0,"q":7.75,"p":9584.4,"s":[{"cn":"Мик и Пус","ui":"7143830","t":6250.0,"r":6250.0,"q":4.87,"p":6532.61,"mot":"U","mo":6250.0},{"cn":"Das_Gold Трейд","ui":"6914770","t":9349.0,"r":9349.0,"q":8.02,"p":17000.0,"mot":"U","mo":9349.0},{"cn":"ZeL333 Трейд","ui":"3332030","t":47400.0,"r":4316.0,"q":15.5,"p":14500.0,"mot":"U","mo":4316.0},{"cn":"Dik\u0026Ko","ui":"6783794","t":12716.0,"r":12485.0,"q":5.95,"p":4500.0,"mot":"U","mo":12485.0},{"cn":"","ui":"","t":131105.0,"r":9659.0,"q":8.2,"p":8757.0,"mot":"L","mo":9659.0}]},{"d":"26.05.2017","r":12396.0,"q":9.12,"p":7847.65,"s":[{"cn":"ZeL333 Трейд","ui":"3355803","t":53750.0,"r":736.0,"q":15.94,"p":13500.0,"mot":"U","mo":736.0},{"cn":"Dik\u0026Ko","ui":"6966732","t":31252.0,"r":31182.0,"q":5.53,"p":5200.0,"mot":"L","mo":1000.0},{"cn":"Dik\u0026Ko","ui":"6859469","t":7118.0,"r":645.0,"q":11.47,"p":10499.99,"mot":"L","mo":645.0},{"cn":"Салун Финанс","ui":"6207634","t":1616.0,"r":1616.0,"q":6.06,"p":12000.0,"mot":"U","mo":1616.0},{"cn":"Dik\u0026Ko","ui":"6859464","t":8651.0,"r":2711.0,"q":11.47,"p":10499.99,"mot":"L","mo":2711.0},{"cn":"Dik\u0026Ko","ui":"6783791","t":7191.0,"r":2191.0,"q":4.97,"p":5000.0,"mot":"U","mo":2191.0},{"cn":"Трон","ui":"6966829","t":943.0,"r":793.0,"q":1.0,"p":3500.0,"mot":"U","mo":793.0},{"cn":"GoodWinn Инвест","ui":"7145595","t":2178.0,"r":2178.0,"q":15.86,"p":5000.0,"mot":"U","mo":2178.0},{"cn":"","ui":"","t":5528.0,"r":526.0,"q":2.46,"p":5500.0,"mot":"L","mo":526.0}]},{"d":"27.05.2017","r":168768.0,"q":15.47,"p":13396.42,"s":[{"cn":"АО «ПОГАНКА»","ui":"5956300","t":156132.0,"r":156132.0,"q":15.71,"p":13500.0,"mot":"U","mo":156132.0},{"cn":"","ui":"","t":118268.0,"r":12636.0,"q":12.48,"p":12116.57,"mot":"L","mo":12636.0}]},{"d":"28.05.2017","r":184437.0,"q":15.12,"p":13098.74,"s":[{"cn":"ZeL333 Трейд","ui":"3296996","t":80024.0,"r":15516.0,"q":15.93,"p":13900.0,"mot":"U","mo":15516.0},{"cn":"АО «ПОГАНКА»","ui":"5956300","t":156132.0,"r":156132.0,"q":15.71,"p":13400.0,"mot":"U","mo":156132.0},{"cn":"","ui":"","t":106593.0,"r":12789.0,"q":6.92,"p":8448.7,"mot":"L","mo":12789.0}]},{"d":"29.05.2017","r":34782.0,"q":13.42,"p":12250.98,"s":[{"cn":"ZeL333 Трейд","ui":"3355803","t":57109.0,"r":3359.0,"q":15.93,"p":13500.0,"mot":"U","mo":3359.0},{"cn":"Dik\u0026Ko","ui":"6966732","t":28042.0,"r":26972.0,"q":5.53,"p":5200.0,"mot":"L","mo":5000.0},{"cn":"Салун Финанс","ui":"6207634","t":2222.0,"r":2222.0,"q":6.06,"p":12000.0,"mot":"U","mo":2222.0},{"cn":"ZeL333 Трейд","ui":"3296996","t":87722.0,"r":23214.0,"q":15.93,"p":13900.0,"mot":"U","mo":23214.0},{"cn":"","ui":"","t":5989.0,"r":987.0,"q":2.46,"p":5500.0,"mot":"L","mo":987.0}]},{"d":"30.05.2017","r":60208.0,"q":13.16,"p":12141.32,"s":[{"cn":"ZeL333 Трейд","ui":"3355803","t":59322.0,"r":6122.0,"q":15.93,"p":13500.0,"mot":"U","mo":6122.0},{"cn":"Мик и Пус","ui":"7143830","t":6255.0,"r":6255.0,"q":4.87,"p":5149.99,"mot":"U","mo":6255.0},{"cn":"Dik\u0026Ko","ui":"6966732","t":26972.0,"r":25902.0,"q":5.53,"p":5200.0,"mot":"L","mo":5000.0},{"cn":"ZeL333 Трейд","ui":"3332030","t":52116.0,"r":17032.0,"q":15.53,"p":14500.0,"mot":"U","mo":17032.0},{"cn":"ZeL333 Трейд","ui":"3296996","t":85236.0,"r":20728.0,"q":15.94,"p":13900.0,"mot":"U","mo":20728.0},{"cn":"","ui":"","t":45951.0,"r":5071.0,"q":8.24,"p":10858.11,"mot":"L","mo":5071.0}]},{"d":"31.05.2017","r":227382.0,"q":15.01,"p":12998.27,"s":[{"cn":"ZeL333 Трейд","ui":"3332030","t":61632.0,"r":26548.0,"q":15.54,"p":14500.0,"mot":"U","mo":26548.0},{"cn":"ZeL333 Трейд","ui":"3296996","t":82757.0,"r":18249.0,"q":15.94,"p":13900.0,"mot":"U","mo":18249.0},{"cn":"АО «ПОГАНКА»","ui":"5956300","t":156132.0,"r":156132.0,"q":15.71,"p":13300.0,"mot":"U","mo":156132.0},{"cn":"","ui":"","t":148240.0,"r":26453.0,"q":9.73,"p":9088.2,"mot":"L","mo":26453.0}]},{"d":"01.06.2017","r":77338.0,"q":12.67,"p":11114.14,"s":[{"cn":"ZeL333 Трейд","ui":"3355803","t":60726.0,"r":7531.0,"q":15.96,"p":13500.0,"mot":"U","mo":7531.0},{"cn":"Мик и Пус","ui":"7143830","t":6234.0,"r":6223.0,"q":4.87,"p":5149.99,"mot":"U","mo":6223.0},{"cn":"Dik\u0026Ko","ui":"6966732","t":24432.0,"r":23362.0,"q":5.53,"p":5200.0,"mot":"L","mo":5000.0},{"cn":"ZeL333 Трейд","ui":"3332030","t":57578.0,"r":22494.0,"q":15.48,"p":14500.0,"mot":"U","mo":22494.0},{"cn":"ZeL333 Трейд","ui":"3296996","t":80652.0,"r":16144.0,"q":15.95,"p":13900.0,"mot":"U","mo":16144.0},{"cn":"FOX LLC","ui":"6778203","t":13340.0,"r":11889.0,"q":9.65,"p":5000.0,"mot":"U","mo":11889.0},{"cn":"","ui":"","t":57563.0,"r":8057.0,"q":10.08,"p":11147.88,"mot":"L","mo":8057.0}]},{"d":"02.06.2017","r":85626.0,"q":11.95,"p":9902.98,"s":[{"cn":"ZeL333 Трейд","ui":"3355803","t":59913.0,"r":6718.0,"q":15.87,"p":13500.0,"mot":"U","mo":6718.0},{"cn":"Мик и Пус","ui":"7143830","t":6223.0,"r":6212.0,"q":4.87,"p":5149.99,"mot":"U","mo":6212.0},{"cn":"Dik\u0026Ko","ui":"6966732","t":23362.0,"r":22292.0,"q":5.53,"p":5200.0,"mot":"L","mo":5000.0},{"cn":"ZeL333 Трейд","ui":"3332030","t":54002.0,"r":18918.0,"q":14.91,"p":14500.0,"mot":"U","mo":18918.0},{"cn":"ZeL333 Трейд","ui":"3296996","t":77979.0,"r":13481.0,"q":15.67,"p":13900.0,"mot":"U","mo":13481.0},{"cn":"ZeL333 Трейд","ui":"4781409","t":40966.0,"r":5088.0,"q":16.0,"p":13000.0,"mot":"U","mo":5088.0},{"cn":"FOX LLC","ui":"6778203","t":25251.0,"r":23800.0,"q":9.82,"p":5000.0,"mot":"U","mo":23800.0},{"cn":"","ui":"","t":28502.0,"r":6409.0,"q":7.9,"p":8180.22,"mot":"L","mo":6409.0}]},{"d":"03.06.2017","r":82623.0,"q":11.27,"p":9126.06,"s":[{"cn":"ZeL333 Трейд","ui":"3355803","t":59087.0,"r":5892.0,"q":15.59,"p":13500.0,"mot":"U","mo":5892.0},{"cn":"Мик и Пус","ui":"7143830","t":6258.0,"r":6248.0,"q":4.88,"p":5149.99,"mot":"U","mo":6248.0},{"cn":"Dik\u0026Ko","ui":"6966732","t":22292.0,"r":21222.0,"q":5.53,"p":5200.0,"mot":"L","mo":5000.0},{"cn":"ZeL333 Трейд","ui":"3332030","t":50399.0,"r":15315.0,"q":14.57,"p":14500.0,"mot":"U","mo":15315.0},{"cn":"ZeL333 Трейд","ui":"3296996","t":74945.0,"r":10112.0,"q":15.33,"p":13900.0,"mot":"U","mo":10112.0},{"cn":"FOX LLC","ui":"6778203","t":35491.0,"r":32390.0,"q":9.88,"p":5000.0,"mot":"U","mo":32390.0},{"cn":"","ui":"","t":48972.0,"r":7666.0,"q":10.79,"p":11965.69,"mot":"L","mo":7666.0}]},{"d":"04.06.2017","r":76370.0,"q":11.1,"p":8391.06,"s":[{"cn":"ZeL333 Трейд","ui":"3355803","t":58342.0,"r":5147.0,"q":15.48,"p":13500.0,"mot":"U","mo":5147.0},{"cn":"Dik\u0026Ko","ui":"6966732","t":21217.0,"r":20147.0,"q":5.53,"p":5200.0,"mot":"L","mo":5000.0},{"cn":"ZeL333 Трейд","ui":"3332030","t":49937.0,"r":14853.0,"q":14.46,"p":14500.0,"mot":"U","mo":14853.0},{"cn":"FOX LLC","ui":"6778203","t":45209.0,"r":42008.0,"q":9.91,"p":5000.0,"mot":"U","mo":42008.0},{"cn":"","ui":"","t":117250.0,"r":9362.0,"q":11.7,"p":12810.51,"mot":"L","mo":9362.0}]},{"d":"05.06.2017","r":63975.0,"q":10.74,"p":8180.28,"s":[{"cn":"ZeL333 Трейд","ui":"3355803","t":57597.0,"r":4402.0,"q":15.45,"p":13500.0,"mot":"U","mo":4402.0},{"cn":"Dik\u0026Ko","ui":"6966732","t":17567.0,"r":11492.0,"q":6.25,"p":5200.0,"mot":"L","mo":5000.0},{"cn":"ZeL333 Трейд","ui":"3332030","t":49437.0,"r":14353.0,"q":14.41,"p":14500.0,"mot":"U","mo":14353.0},{"cn":"Салун Финанс","ui":"6207634","t":3632.0,"r":3632.0,"q":6.06,"p":12000.0,"mot":"U","mo":3632.0},{"cn":"FOX LLC","ui":"6778203","t":43120.0,"r":29983.0,"q":9.94,"p":5000.0,"mot":"U","mo":29983.0},{"cn":"","ui":"","t":65323.0,"r":6605.0,"q":9.24,"p":5494.17,"mot":"L","mo":6605.0}]},{"d":"06.06.2017","r":242367.0,"q":14.16,"p":11043.47,"s":[{"cn":"EVG","ui":"6727923","t":12905.0,"r":12903.0,"q":11.63,"p":7000.0,"mot":"U","mo":12903.0},{"cn":"ZeL333 Трейд","ui":"3332030","t":48915.0,"r":13831.0,"q":14.39,"p":14500.0,"mot":"U","mo":13831.0},{"cn":"АО «ПОГАНКА»","ui":"5956300","t":156132.0,"r":156132.0,"q":15.71,"p":13000.0,"mot":"U","mo":156132.0},{"cn":"FOX LLC","ui":"6778203","t":45360.0,"r":34323.0,"q":9.93,"p":5000.0,"mot":"U","mo":34323.0},{"cn":"","ui":"","t":142939.0,"r":25178.0,"q":11.45,"p":7322.72,"mot":"L","mo":25178.0}]},{"d":"07.06.2017","r":179395.0,"q":13.34,"p":10819.57,"s":[{"cn":"Питерские товары","ui":"6971097","t":86844.0,"r":80344.0,"q":12.11,"p":8200.0,"mot":"U","mo":80344.0},{"cn":"ZeL333 Трейд","ui":"3296996","t":74999.0,"r":42847.0,"q":14.34,"p":13900.0,"mot":"U","mo":42847.0},{"cn":"ZeL333 Трейд","ui":"4781409","t":55601.0,"r":38924.0,"q":15.77,"p":13000.0,"mot":"U","mo":38924.0},{"cn":"","ui":"","t":133018.0,"r":17280.0,"q":11.15,"p":10449.71,"mot":"L","mo":17280.0}]},{"d":"08.06.2017","r":224804.0,"q":17.01,"p":13758.43,"s":[{"cn":"Amtriz Co","ui":"6775783","t":214838.0,"r":213706.0,"q":17.52,"p":14000.0,"mot":"U","mo":213706.0},{"cn":"","ui":"","t":77575.0,"r":11098.0,"q":7.2,"p":9106.72,"mot":"L","mo":11098.0}]},{"d":"09.06.2017","r":187134.0,"q":16.44,"p":13859.87,"s":[{"cn":"Das_Gold Трейд","ui":"6914770","t":9459.0,"r":9459.0,"q":8.02,"p":17000.0,"mot":"U","mo":9459.0},{"cn":"Amtriz Co","ui":"6775783","t":216963.0,"r":165831.0,"q":17.57,"p":14000.0,"mot":"U","mo":165831.0},{"cn":"","ui":"","t":71616.0,"r":11844.0,"q":7.42,"p":9390.04,"mot":"L","mo":11844.0}]},{"d":"10.06.2017","r":21924.0,"q":14.58,"p":10865.44,"s":[{"cn":"ZeL333 Трейд","ui":"3332030","t":36566.0,"r":1482.0,"q":14.61,"p":14500.0,"mot":"U","mo":1482.0},{"cn":"ZeL333 Трейд","ui":"3296996","t":66618.0,"r":19365.0,"q":15.11,"p":10900.0,"mot":"U","mo":19365.0},{"cn":"","ui":"","t":42031.0,"r":1077.0,"q":5.01,"p":5242.62,"mot":"L","mo":1077.0}]},{"d":"11.06.2017","r":16699.0,"q":14.54,"p":13020.35,"s":[{"cn":"ZeL333 Трейд","ui":"3355803","t":73882.0,"r":10687.0,"q":15.53,"p":13500.0,"mot":"U","mo":10687.0},{"cn":"ZeL333 Трейд","ui":"3332030","t":39612.0,"r":4558.0,"q":15.54,"p":14500.0,"mot":"U","mo":4558.0},{"cn":"","ui":"","t":14648.0,"r":1454.0,"q":4.18,"p":4856.5,"mot":"L","mo":1454.0}]},{"d":"12.06.2017","r":92642.0,"q":15.59,"p":12168.62,"s":[{"cn":"ZeL333 Трейд","ui":"3355803","t":94533.0,"r":41338.0,"q":15.71,"p":13500.0,"mot":"U","mo":41338.0},{"cn":"ZeL333 Трейд","ui":"3332030","t":43158.0,"r":8104.0,"q":15.62,"p":14500.0,"mot":"U","mo":8104.0},{"cn":"ZeL333 Трейд","ui":"3296996","t":79490.0,"r":32237.0,"q":15.76,"p":10900.0,"mot":"U","mo":32237.0},{"cn":"Amtriz Co","ui":"6775783","t":5780.0,"r":5055.0,"q":21.03,"p":14000.0,"mot":"U","mo":5055.0},{"cn":"","ui":"","t":60638.0,"r":5908.0,"q":9.19,"p":5010.37,"mot":"L","mo":5908.0}]},{"d":"13.06.2017","r":130885.0,"q":15.62,"p":11961.57,"s":[{"cn":"ZeL333 Трейд","ui":"3355803","t":94602.0,"r":41407.0,"q":15.83,"p":13500.0,"mot":"U","mo":41407.0},{"cn":"ZeL333 Трейд","ui":"3332030","t":46704.0,"r":11650.0,"q":15.66,"p":14500.0,"mot":"U","mo":11650.0},{"cn":"ZeL333 Трейд","ui":"3296996","t":110703.0,"r":63450.0,"q":15.85,"p":10900.0,"mot":"U","mo":63450.0},{"cn":"Amtriz Co","ui":"6775783","t":8309.0,"r":7584.0,"q":21.03,"p":14000.0,"mot":"U","mo":7584.0},{"cn":"","ui":"","t":51510.0,"r":6794.0,"q":6.04,"p":5871.32,"mot":"L","mo":6794.0}]},{"d":"14.06.2017","r":118043.0,"q":15.55,"p":11928.77,"s":[{"cn":"EVG","ui":"6727923","t":6291.0,"r":6291.0,"q":11.5,"p":8950.0,"mot":"U","mo":6291.0},{"cn":"ZeL333 Трейд","ui":"3355803","t":88733.0,"r":35538.0,"q":15.93,"p":13500.0,"mot":"U","mo":35538.0},{"cn":"ZeL333 Трейд","ui":"3332030","t":47250.0,"r":12196.0,"q":15.69,"p":14500.0,"mot":"U","mo":12196.0},{"cn":"ZeL333 Трейд","ui":"3296996","t":98079.0,"r":45009.0,"q":15.9,"p":10900.0,"mot":"U","mo":45009.0},{"cn":"Amtriz Co","ui":"6775783","t":10325.0,"r":9093.0,"q":21.02,"p":14000.0,"mot":"U","mo":9093.0},{"cn":"","ui":"","t":70232.0,"r":9916.0,"q":9.98,"p":7795.33,"mot":"L","mo":9916.0}]},{"d":"15.06.2017","r":100752.0,"q":15.82,"p":12213.13,"s":[{"cn":"EVG","ui":"6727923","t":12564.0,"r":12564.0,"q":11.51,"p":8950.0,"mot":"U","mo":12564.0},{"cn":"ZeL333 Трейд","ui":"3355803","t":82855.0,"r":29660.0,"q":15.99,"p":13500.0,"mot":"U","mo":29660.0},{"cn":"ZeL333 Трейд","ui":"3332030","t":47796.0,"r":12742.0,"q":15.71,"p":14500.0,"mot":"U","mo":12742.0},{"cn":"ZeL333 Трейд","ui":"3296996","t":85446.0,"r":32376.0,"q":15.95,"p":10900.0,"mot":"U","mo":32376.0},{"cn":"Amtriz Co","ui":"6775783","t":12348.0,"r":11114.0,"q":21.02,"p":14000.0,"mot":"U","mo":11114.0},{"cn":"","ui":"","t":42164.0,"r":2296.0,"q":10.89,"p":10621.08,"mot":"L","mo":2296.0}]},{"d":"16.06.2017","r":91322.0,"q":15.62,"p":12140.97,"s":[{"cn":"EVG","ui":"6727923","t":18744.0,"r":18669.0,"q":11.5,"p":8950.0,"mot":"U","mo":18669.0},{"cn":"ZeL333 Трейд","ui":"3355803","t":76964.0,"r":23769.0,"q":16.03,"p":13500.0,"mot":"U","mo":23769.0},{"cn":"ZeL333 Трейд","ui":"3332030","t":48342.0,"r":13288.0,"q":15.73,"p":14500.0,"mot":"U","mo":13288.0},{"cn":"ZeL333 Трейд","ui":"3296996","t":72804.0,"r":19734.0,"q":15.99,"p":10900.0,"mot":"U","mo":19734.0},{"cn":"Amtriz Co","ui":"6775783","t":14368.0,"r":13134.0,"q":21.02,"p":14000.0,"mot":"U","mo":13134.0},{"cn":"","ui":"","t":42596.0,"r":2728.0,"q":10.99,"p":10673.02,"mot":"L","mo":2728.0}]},{"d":"17.06.2017","r":104208.0,"q":14.44,"p":11694.3,"s":[{"cn":"Dik\u0026Ko","ui":"6783796","t":10886.0,"r":10365.0,"q":5.96,"p":5000.0,"mot":"U","mo":10365.0},{"cn":"EVG","ui":"6727923","t":24904.0,"r":24829.0,"q":11.49,"p":8950.0,"mot":"U","mo":24829.0},{"cn":"ZeL333 Трейд","ui":"3355803","t":81063.0,"r":37867.0,"q":16.06,"p":13500.0,"mot":"U","mo":37867.0},{"cn":"ZeL333 Трейд","ui":"3332030","t":48888.0,"r":13834.0,"q":15.74,"p":14500.0,"mot":"U","mo":13834.0},{"cn":"Amtriz Co","ui":"6775783","t":16382.0,"r":15148.0,"q":21.01,"p":14000.0,"mot":"U","mo":15148.0},{"cn":"","ui":"","t":7665.0,"r":2165.0,"q":6.17,"p":9573.21,"mot":"L","mo":2165.0}]},{"d":"18.06.2017","r":38418.0,"q":16.05,"p":10458.63,"s":[{"cn":"EVG","ui":"6727923","t":26541.0,"r":16471.0,"q":11.49,"p":7000.0,"mot":"U","mo":16471.0},{"cn":"ZeL333 Трейд","ui":"3296996","t":66446.0,"r":3792.0,"q":16.03,"p":10900.0,"mot":"U","mo":3792.0},{"cn":"Amtriz Co","ui":"6775783","t":18392.0,"r":17155.0,"q":21.01,"p":14000.0,"mot":"U","mo":17155.0},{"cn":"","ui":"","t":15980.0,"r":1000.0,"q":5.99,"p":5000.0,"mot":"L","mo":1000.0}]},{"d":"19.06.2017","r":105969.0,"q":14.9,"p":11856.01,"s":[{"cn":"EVG","ui":"6727923","t":26541.0,"r":16470.0,"q":11.49,"p":7000.0,"mot":"U","mo":16470.0},{"cn":"ZeL333 Трейд","ui":"3355803","t":85193.0,"r":41997.0,"q":16.07,"p":13500.0,"mot":"U","mo":41997.0},{"cn":"ZeL333 Трейд","ui":"3332030","t":48340.0,"r":13286.0,"q":15.75,"p":14500.0,"mot":"U","mo":13286.0},{"cn":"Форсаж","ui":"7188687","t":6077.0,"r":6077.0,"q":8.34,"p":10000.0,"mot":"U","mo":6077.0},{"cn":"Amtriz Co","ui":"6775783","t":18392.0,"r":14657.0,"q":21.01,"p":14000.0,"mot":"U","mo":14657.0},{"cn":"","ui":"","t":98372.0,"r":13482.0,"q":10.87,"p":8567.36,"mot":"L","mo":13482.0}]},{"d":"20.06.2017","r":198745.0,"q":15.65,"p":11913.89,"s":[{"cn":"ZeL333 Трейд","ui":"3332030","t":47780.0,"r":12726.0,"q":15.77,"p":14500.0,"mot":"U","mo":12726.0},{"cn":"ZeL333 Трейд","ui":"3355803","t":79314.0,"r":36118.0,"q":16.09,"p":13500.0,"mot":"U","mo":36118.0},{"cn":"Форсаж","ui":"7188687","t":12144.0,"r":12144.0,"q":8.34,"p":10000.0,"mot":"U","mo":12144.0},{"cn":"Amtriz Co","ui":"6775783","t":20395.0,"r":16660.0,"q":20.94,"p":14000.0,"mot":"U","mo":16660.0},{"cn":"АО «ПОГАНКА»","ui":"5956300","t":166051.0,"r":91051.0,"q":16.82,"p":12000.0,"mot":"U","mo":91051.0},{"cn":"","ui":"","t":133138.0,"r":30046.0,"q":11.53,"p":8267.81,"mot":"L","mo":30046.0}]},{"d":"21.06.2017","r":190360.0,"q":15.08,"p":11054.12,"s":[{"cn":"ZeL333 Трейд","ui":"3332030","t":47194.0,"r":12140.0,"q":15.78,"p":14500.0,"mot":"U","mo":12140.0},{"cn":"Питерские товары","ui":"6971101","t":17173.0,"r":16423.0,"q":11.58,"p":8000.0,"mot":"U","mo":16423.0},{"cn":"ZeL333 Трейд","ui":"3355803","t":75422.0,"r":32226.0,"q":16.11,"p":13500.0,"mot":"U","mo":32226.0},{"cn":"Amtriz Co","ui":"6775783","t":22394.0,"r":18659.0,"q":20.88,"p":14000.0,"mot":"U","mo":18659.0},{"cn":"Форсаж","ui":"7188687","t":18202.0,"r":18202.0,"q":8.34,"p":10000.0,"mot":"U","mo":18202.0},{"cn":"АО «ПОГАНКА»","ui":"5956300","t":112551.0,"r":59051.0,"q":16.82,"p":12000.0,"mot":"U","mo":59051.0},{"cn":"","ui":"","t":131051.0,"r":33659.0,"q":12.95,"p":6237.23,"mot":"L","mo":33659.0}]},{"d":"22.06.2017","r":102130.0,"q":14.68,"p":12386.62,"s":[{"cn":"ZeL333 Трейд","ui":"3355803","t":71521.0,"r":28325.0,"q":16.12,"p":13500.0,"mot":"U","mo":28325.0},{"cn":"ZeL333 Трейд","ui":"3332030","t":46584.0,"r":11530.0,"q":15.79,"p":14500.0,"mot":"U","mo":11530.0},{"cn":"Amtriz Co","ui":"6775783","t":24387.0,"r":20652.0,"q":20.85,"p":14000.0,"mot":"U","mo":20652.0},{"cn":"Форсаж","ui":"7188687","t":24239.0,"r":24239.0,"q":8.27,"p":10000.0,"mot":"U","mo":24239.0},{"cn":"АО «ПОГАНКА»","ui":"5956300","t":59051.0,"r":5551.0,"q":16.82,"p":12000.0,"mot":"U","mo":5551.0},{"cn":"","ui":"","t":178638.0,"r":11833.0,"q":11.54,"p":9916.62,"mot":"L","mo":11833.0}]},{"d":"23.06.2017","r":107556.0,"q":14.06,"p":11974.07,"s":[{"cn":"ZeL333 Трейд","ui":"3332030","t":45950.0,"r":10896.0,"q":15.79,"p":14500.0,"mot":"U","mo":10896.0},{"cn":"ZeL333 Трейд","ui":"4781409","t":46568.0,"r":6702.0,"q":16.12,"p":10000.0,"mot":"U","mo":6702.0},{"cn":"ZeL333 Трейд","ui":"3355803","t":67608.0,"r":24412.0,"q":16.13,"p":13500.0,"mot":"U","mo":24412.0},{"cn":"Форсаж","ui":"7188687","t":30253.0,"r":30253.0,"q":8.22,"p":10000.0,"mot":"U","mo":30253.0},{"cn":"Amtriz Co","ui":"6775783","t":26377.0,"r":22642.0,"q":20.84,"p":14000.0,"mot":"U","mo":22642.0},{"cn":"","ui":"","t":144879.0,"r":12651.0,"q":9.31,"p":8994.67,"mot":"L","mo":12651.0}]},{"d":"24.06.2017","r":106552.0,"q":13.72,"p":11900.22,"s":[{"cn":"ZeL333 Трейд","ui":"3332030","t":45296.0,"r":10242.0,"q":15.79,"p":14500.0,"mot":"U","mo":10242.0},{"cn":"ZeL333 Трейд","ui":"3355803","t":63685.0,"r":20489.0,"q":16.14,"p":13500.0,"mot":"U","mo":20489.0},{"cn":"Форсаж","ui":"7188687","t":36243.0,"r":36243.0,"q":8.18,"p":10000.0,"mot":"U","mo":36243.0},{"cn":"Amtriz Co","ui":"6775783","t":28352.0,"r":24617.0,"q":20.83,"p":14000.0,"mot":"U","mo":24617.0},{"cn":"","ui":"","t":189900.0,"r":14961.0,"q":10.7,"p":9077.85,"mot":"L","mo":14961.0}]},{"d":"25.06.2017","r":111787.0,"q":14.0,"p":11755.74,"s":[{"cn":"ZeL333 Трейд","ui":"3332030","t":44748.0,"r":9694.0,"q":15.79,"p":14500.0,"mot":"U","mo":9694.0},{"cn":"ZeL333 Трейд","ui":"3355803","t":59815.0,"r":16619.0,"q":16.14,"p":13500.0,"mot":"U","mo":16619.0},{"cn":"Форсаж","ui":"7188687","t":37935.0,"r":37935.0,"q":8.17,"p":10000.0,"mot":"U","mo":37935.0},{"cn":"Amtriz Co","ui":"6775783","t":30377.0,"r":26632.0,"q":20.83,"p":14000.0,"mot":"U","mo":26632.0},{"cn":"","ui":"","t":188781.0,"r":20907.0,"q":13.36,"p":9423.69,"mot":"L","mo":20907.0}]},{"d":"26.06.2017","r":6981.0,"q":13.89,"p":8800.05,"s":[{"cn":"Dik\u0026Ko","ui":"6783796","t":31073.0,"r":25109.0,"q":6.05,"p":5000.0,"mot":"L","mo":1000.0},{"cn":"Мик и Пус","ui":"7143830","t":1605.0,"r":585.0,"q":6.99,"p":5149.99,"mot":"U","mo":585.0},{"cn":"ZeL333 Трейд","ui":"3296996","t":96442.0,"r":5396.0,"q":16.09,"p":9900.0,"mot":"U","mo":5396.0},{"cn":"","ui":"","t":0.0,"r":0.0,"q":0.0,"p":0.0,"mot":"L","mo":0.0}]},{"d":"27.06.2017","r":2603.0,"q":12.32,"p":10234.54,"s":[{"cn":"Dik\u0026Ko","ui":"6783796","t":29592.0,"r":22465.0,"q":6.05,"p":5000.0,"mot":"L","mo":1000.0},{"cn":"ZeL333 Трейд","ui":"3355803","t":61799.0,"r":1603.0,"q":16.23,"p":13500.0,"mot":"U","mo":1603.0},{"cn":"","ui":"","t":0.0,"r":0.0,"q":0.0,"p":0.0,"mot":"L","mo":0.0}]},{"d":"28.06.2017","r":97387.0,"q":14.65,"p":12668.84,"s":[{"cn":"ZeL333 Трейд","ui":"3355803","t":81292.0,"r":43096.0,"q":16.44,"p":13500.0,"mot":"U","mo":43096.0},{"cn":"ZeL333 Трейд","ui":"3332030","t":55396.0,"r":25342.0,"q":16.58,"p":14500.0,"mot":"U","mo":25342.0},{"cn":"Форсаж","ui":"7188687","t":11828.0,"r":11828.0,"q":7.8,"p":10000.0,"mot":"U","mo":11828.0},{"cn":"Makena Holding","ui":"5805640","t":6474.0,"r":6459.0,"q":18.73,"p":14000.0,"mot":"U","mo":6459.0},{"cn":"","ui":"","t":65190.0,"r":10662.0,"q":7.98,"p":7111.14,"mot":"L","mo":10662.0}]},{"d":"29.06.2017","r":65151.0,"q":11.73,"p":10755.92,"s":[{"cn":"ZeL333 Трейд","ui":"3355803","t":71144.0,"r":32948.0,"q":16.55,"p":13500.0,"mot":"U","mo":32948.0},{"cn":"Форсаж","ui":"7188687","t":17982.0,"r":17982.0,"q":8.49,"p":9000.0,"mot":"U","mo":17982.0},{"cn":"ASTI-Инвест","ui":"6896134","t":9492.0,"r":9115.0,"q":2.46,"p":5500.0,"mot":"U","mo":9115.0},{"cn":"","ui":"","t":54040.0,"r":5106.0,"q":8.58,"p":8615.41,"mot":"L","mo":5106.0}]},{"d":"01.07.2017","r":75160.0,"q":9.75,"p":9636.09,"s":[{"cn":"ZeL333 Трейд","ui":"3355803","t":51018.0,"r":12822.0,"q":16.94,"p":13500.0,"mot":"U","mo":12822.0},{"cn":"ZeL333 Трейд","ui":"3332030","t":65510.0,"r":9456.0,"q":16.83,"p":14500.0,"mot":"U","mo":9456.0},{"cn":"Форсаж","ui":"7188687","t":30207.0,"r":30207.0,"q":8.98,"p":9000.0,"mot":"U","mo":30207.0},{"cn":"ASTI-Инвест","ui":"6896134","t":18578.0,"r":18201.0,"q":2.46,"p":5500.0,"mot":"U","mo":18201.0},{"cn":"","ui":"","t":44412.0,"r":4474.0,"q":8.99,"p":9403.44,"mot":"L","mo":4474.0}]},{"d":"02.07.2017","r":72314.0,"q":8.02,"p":8360.36,"s":[{"cn":"PaulLogo","ui":"6702007","t":7856.0,"r":7856.0,"q":17.67,"p":12920.0,"mot":"U","mo":7856.0},{"cn":"Форсаж","ui":"7188687","t":36463.0,"r":36463.0,"q":9.26,"p":9000.0,"mot":"U","mo":36463.0},{"cn":"ASTI-Инвест","ui":"6896134","t":23110.0,"r":22733.0,"q":2.46,"p":5500.0,"mot":"U","mo":22733.0},{"cn":"","ui":"","t":55037.0,"r":5262.0,"q":9.01,"p":9478.03,"mot":"L","mo":5262.0}]},{"d":"03.07.2017","r":91306.0,"q":8.88,"p":8787.45,"s":[{"cn":"PaulLogo","ui":"6702007","t":15616.0,"r":15616.0,"q":17.62,"p":12920.0,"mot":"U","mo":15616.0},{"cn":"Форсаж","ui":"7188687","t":42559.0,"r":42409.0,"q":9.45,"p":9000.0,"mot":"U","mo":42409.0},{"cn":"ASTI-Инвест","ui":"6896134","t":27634.0,"r":27257.0,"q":2.46,"p":5500.0,"mot":"U","mo":27257.0},{"cn":"","ui":"","t":125882.0,"r":6024.0,"q":11.24,"p":11453.13,"mot":"L","mo":6024.0}]},{"d":"04.07.2017","r":83050.0,"q":6.82,"p":7726.66,"s":[{"cn":"Форсаж","ui":"7188687","t":48644.0,"r":48494.0,"q":9.6,"p":9000.0,"mot":"U","mo":48494.0},{"cn":"ASTI-Инвест","ui":"6896134","t":32152.0,"r":31775.0,"q":2.46,"p":5500.0,"mot":"U","mo":31775.0},{"cn":"","ui":"","t":20639.0,"r":2781.0,"q":8.01,"p":10963.89,"mot":"L","mo":2781.0}]},{"d":"05.07.2017","r":52804.0,"q":8.91,"p":8018.74,"s":[{"cn":"Форсаж","ui":"7188687","t":44868.0,"r":34867.0,"q":9.73,"p":9000.0,"mot":"U","mo":34867.0},{"cn":"FOX LLC","ui":"6778203","t":13969.0,"r":8768.0,"q":10.67,"p":5000.0,"mot":"U","mo":8768.0},{"cn":"ASTI-Инвест","ui":"6896134","t":6541.0,"r":6044.0,"q":2.46,"p":5500.0,"mot":"U","mo":6044.0},{"cn":"","ui":"","t":14536.0,"r":3125.0,"q":7.27,"p":10411.77,"mot":"L","mo":3125.0}]},{"d":"06.07.2017","r":61948.0,"q":8.79,"p":7404.93,"s":[{"cn":"Форсаж","ui":"7188687","t":41082.0,"r":31081.0,"q":9.86,"p":9000.0,"mot":"U","mo":31081.0},{"cn":"ASTI-Инвест","ui":"6896134","t":10924.0,"r":10397.0,"q":2.46,"p":5500.0,"mot":"U","mo":10397.0},{"cn":"FOX LLC","ui":"6778203","t":22714.0,"r":17476.0,"q":10.79,"p":5000.0,"mot":"U","mo":17476.0},{"cn":"","ui":"","t":11744.0,"r":2994.0,"q":7.89,"p":11498.99,"mot":"L","mo":2994.0}]},{"d":"07.07.2017","r":94382.0,"q":8.49,"p":7194.89,"s":[{"cn":"ZeL333 Трейд","ui":"3332030","t":78510.0,"r":5456.0,"q":17.03,"p":14500.0,"mot":"U","mo":5456.0},{"cn":"Форсаж","ui":"7188687","t":42286.0,"r":37275.0,"q":9.97,"p":9000.0,"mot":"U","mo":37275.0},{"cn":"Трон","ui":"6966829","t":8456.0,"r":8426.0,"q":1.0,"p":3000.0,"mot":"U","mo":8426.0},{"cn":"FOX LLC","ui":"6778203","t":31265.0,"r":26010.0,"q":10.63,"p":5000.0,"mot":"U","mo":26010.0},{"cn":"ASTI-Инвест","ui":"6896134","t":15269.0,"r":14792.0,"q":2.46,"p":5500.0,"mot":"U","mo":14792.0},{"cn":"","ui":"","t":11284.0,"r":2423.0,"q":6.38,"p":11472.35,"mot":"L","mo":2423.0}]},{"d":"08.07.2017","r":132769.0,"q":11.21,"p":10038.08,"s":[{"cn":"ZeL333 Трейд","ui":"3332030","t":88966.0,"r":20912.0,"q":17.04,"p":14500.0,"mot":"U","mo":20912.0},{"cn":"ZeL333 Трейд","ui":"3296996","t":89343.0,"r":32998.0,"q":17.22,"p":13000.0,"mot":"U","mo":32998.0},{"cn":"Форсаж","ui":"7188687","t":48480.0,"r":48469.0,"q":10.04,"p":9000.0,"mot":"U","mo":48469.0},{"cn":"Трон","ui":"6966829","t":8224.0,"r":7992.0,"q":1.0,"p":3000.0,"mot":"U","mo":7992.0},{"cn":"ASTI-Инвест","ui":"6896134","t":19657.0,"r":19180.0,"q":2.46,"p":5500.0,"mot":"U","mo":19180.0},{"cn":"","ui":"","t":19387.0,"r":3218.0,"q":6.97,"p":10832.92,"mot":"L","mo":3218.0}]},{"d":"09.07.2017","r":162826.0,"q":12.42,"p":10804.54,"s":[{"cn":"ZeL333 Трейд","ui":"3332030","t":99282.0,"r":31078.0,"q":17.05,"p":14500.0,"mot":"U","mo":31078.0},{"cn":"ZeL333 Трейд","ui":"3296996","t":105727.0,"r":49382.0,"q":17.23,"p":13000.0,"mot":"U","mo":49382.0},{"cn":"Форсаж","ui":"7188687","t":54663.0,"r":54652.0,"q":10.1,"p":9000.0,"mot":"U","mo":54652.0},{"cn":"ASTI-Инвест","ui":"6896134","t":24037.0,"r":23560.0,"q":2.46,"p":5500.0,"mot":"U","mo":23560.0},{"cn":"","ui":"","t":18594.0,"r":4154.0,"q":7.68,"p":10884.73,"mot":"L","mo":4154.0}]},{"d":"10.07.2017","r":163770.0,"q":11.0,"p":9625.48,"s":[{"cn":"ZeL333 Трейд","ui":"3332030","t":85588.0,"r":17384.0,"q":16.97,"p":14500.0,"mot":"U","mo":17384.0},{"cn":"ZeL333 Трейд","ui":"3296996","t":95074.0,"r":38729.0,"q":17.22,"p":13000.0,"mot":"U","mo":38729.0},{"cn":"Форсаж","ui":"7188687","t":60836.0,"r":60835.0,"q":10.15,"p":8500.0,"mot":"U","mo":60835.0},{"cn":"Трон","ui":"6966829","t":8223.0,"r":8223.0,"q":1.0,"p":3000.0,"mot":"U","mo":8223.0},{"cn":"ASTI-Инвест","ui":"6896134","t":28411.0,"r":27934.0,"q":2.46,"p":5500.0,"mot":"U","mo":27934.0},{"cn":"","ui":"","t":126688.0,"r":10665.0,"q":13.59,"p":11759.61,"mot":"L","mo":10665.0}]},{"d":"11.07.2017","r":135181.0,"q":8.87,"p":8210.83,"s":[{"cn":"ZeL333 Трейд","ui":"3296996","t":79406.0,"r":18061.0,"q":17.18,"p":13000.0,"mot":"U","mo":18061.0},{"cn":"Форсаж","ui":"7188687","t":66995.0,"r":66994.0,"q":10.16,"p":8500.0,"mot":"U","mo":66994.0},{"cn":"Трон","ui":"6966829","t":8196.0,"r":8169.0,"q":1.0,"p":3000.0,"mot":"U","mo":8169.0},{"cn":"ASTI-Инвест","ui":"6896134","t":32776.0,"r":32299.0,"q":2.46,"p":5000.0,"mot":"U","mo":32299.0},{"cn":"","ui":"","t":175745.0,"r":9658.0,"q":12.53,"p":12394.37,"mot":"L","mo":9658.0}]},{"d":"12.07.2017","r":131048.0,"q":7.83,"p":7602.48,"s":[{"cn":"ZeL333 Трейд","ui":"3296996","t":68419.0,"r":7074.0,"q":17.15,"p":13000.0,"mot":"U","mo":7074.0},{"cn":"Форсаж","ui":"7188687","t":73124.0,"r":73123.0,"q":10.16,"p":8500.0,"mot":"U","mo":73123.0},{"cn":"Трон","ui":"6966829","t":8195.0,"r":8194.0,"q":1.0,"p":3000.0,"mot":"U","mo":8194.0},{"cn":"ASTI-Инвест","ui":"6896134","t":37135.0,"r":36658.0,"q":2.46,"p":5000.0,"mot":"U","mo":36658.0},{"cn":"","ui":"","t":55084.0,"r":5999.0,"q":10.64,"p":12487.1,"mot":"L","mo":5999.0}]},{"d":"13.07.2017","r":232621.0,"q":8.76,"p":7124.61,"s":[{"cn":"ZeL333 Трейд","ui":"3332030","t":74506.0,"r":16302.0,"q":16.95,"p":14500.0,"mot":"U","mo":16302.0},{"cn":"BONDERLOG \u0026 MAKS","ui":"6812230","t":70174.0,"r":70174.0,"q":8.11,"p":4200.0,"mot":"U","mo":70174.0},{"cn":"ASTI-Инвест","ui":"6896134","t":41727.0,"r":41250.0,"q":2.67,"p":5000.0,"mot":"U","mo":41250.0},{"cn":"Форсаж","ui":"7188687","t":79456.0,"r":78456.0,"q":10.16,"p":8000.0,"mot":"U","mo":78456.0},{"cn":"","ui":"","t":121238.0,"r":26439.0,"q":10.79,"p":11056.6,"mot":"L","mo":26439.0}]}]