[{"pi":"1525","pc":"Автомобильные товары","ss":500,"td":"Центр города","dc":1,"n":65.64,"vc":"более 200","sl":"Элитный","sv":"более 100","p":1683.94,"q":2.37,"b":0.0,"wi":0.47,"ei":6.14,"as":443.64,"mi":"E","mv":136810,"sc":3,"lpe":99.91,"lpr":1532.47,"lq":1.0},{"pi":"1525","pc":"Автомобильные товары","ss":500,"td":"Центр города","dc":1,"n":18.53,"vc":"более 100","sl":"Очень высокий","sv":"менее 50","p":1480.5,"q":2.56,"b":0.0,"wi":0.47,"ei":6.14,"as":443.64,"mi":"E","mv":136810,"sc":3,"lpe":99.91,"lpr":1532.47,"lq":1.0},{"pi":"1525","pc":"Автомобильные товары","ss":100,"td":"Центр города","dc":1,"n":43.66,"vc":"более 100","sl":"Низкий","sv":"менее 50","p":1682.68,"q":1.06,"b":0.0,"wi":0.47,"ei":6.14,"as":443.64,"mi":"E","mv":136810,"sc":3,"lpe":99.91,"lpr":1532.47,"lq":1.0},{"pi":"1525","pc":"Автомобильные товары","ss":500,"td":"Центр города","dc":1,"n":65.64,"vc":"более 200","sl":"Элитный","sv":"более 100","p":1683.94,"q":2.37,"b":0.0,"wi":0.47,"ei":6.14,"as":443.64,"mi":"E","mv":136810,"sc":3,"lpe":99.91,"lpr":1532.47,"lq":1.0},{"pi":"1525","pc":"Автомобильные товары","ss":500,"td":"Окраина","dc":1,"n":8.72,"vc":"около 100","sl":"Элитный","sv":"менее 50","p":2331.18,"q":2.83,"b":0.0,"wi":0.59,"ei":8.09,"as":613.51,"mi":"E","mv":41549,"sc":1,"lpe":99.96,"lpr":2119.25,"lq":1.0},{"pi":"1525","pc":"Автомобильные товары","ss":500,"td":"Окраина","dc":1,"n":8.72,"vc":"около 100","sl":"Элитный","sv":"менее 50","p":2331.18,"q":2.83,"b":0.0,"wi":0.59,"ei":8.09,"as":613.51,"mi":"E","mv":41549,"sc":1,"lpe":99.96,"lpr":2119.25,"lq":1.0},{"pi":"1525","pc":"Автомобильные товары","ss":500,"td":"Центр города","dc":1,"n":108.89,"vc":"более 200","sl":"Элитный","sv":"более 300","p":1100.0,"q":3.43,"b":0.0,"wi":0.22,"ei":5.48,"as":311.99,"mi":"E","mv":65639,"sc":4,"lpe":99.5,"lpr":1077.73,"lq":1.0},{"pi":"1525","pc":"Автомобильные товары","ss":500,"td":"Центр города","dc":1,"n":34.98,"vc":"более 100","sl":"Высокий","sv":"менее 50","p":1185.5,"q":1.06,"b":0.0,"wi":0.22,"ei":5.48,"as":311.99,"mi":"E","mv":65639,"sc":4,"lpe":99.5,"lpr":1077.73,"lq":1.0},{"pi":"1525","pc":"Автомобильные товары","ss":100,"td":"Центр города","dc":1,"n":47.39,"vc":"около 100","sl":"Низкий","sv":"менее 50","p":1185.5,"q":1.05,"b":0.0,"wi":0.22,"ei":5.48,"as":311.99,"mi":"E","mv":65639,"sc":4,"lpe":99.5,"lpr":1077.73,"lq":1.0},{"pi":"1525","pc":"Автомобильные товары","ss":100,"td":"Центр города","dc":1,"n":47.61,"vc":"около 100","sl":"Низкий","sv":"менее 50","p":1185.5,"q":1.06,"b":0.0,"wi":0.22,"ei":5.48,"as":311.99,"mi":"E","mv":65639,"sc":4,"lpe":99.5,"lpr":1077.73,"lq":1.0},{"pi":"1525","pc":"Автомобильные товары","ss":500,"td":"Центр города","dc":1,"n":108.89,"vc":"более 200","sl":"Элитный","sv":"более 300","p":1100.0,"q":3.43,"b":0.0,"wi":0.22,"ei":5.48,"as":311.99,"mi":"E","mv":65639,"sc":4,"lpe":99.5,"lpr":1077.73,"lq":1.0},{"pi":"1525","pc":"Автомобильные товары","ss":500,"td":"Центр города","dc":1,"n":34.98,"vc":"более 100","sl":"Высокий","sv":"менее 50","p":1185.5,"q":1.06,"b":0.0,"wi":0.22,"ei":5.48,"as":311.99,"mi":"E","mv":65639,"sc":4,"lpe":99.5,"lpr":1077.73,"lq":1.0},{"pi":"1525","pc":"Автомобильные товары","ss":500,"td":"Центр города","dc":3,"n":32.33,"vc":"более 200","sl":"Нормальный","sv":"менее 50","p":1200.15,"q":1.05,"b":0.0,"wi":0.49,"ei":5.95,"as":458.23,"mi":"E","mv":193233,"sc":1,"lpe":100.0,"lpr":1582.86,"lq":1.0},{"pi":"1525","pc":"Автомобильные товары","ss":500,"td":"Центр города","dc":3,"n":32.33,"vc":"более 200","sl":"Нормальный","sv":"менее 50","p":1200.15,"q":1.05,"b":0.0,"wi":0.49,"ei":5.95,"as":458.23,"mi":"E","mv":193233,"sc":1,"lpe":100.0,"lpr":1582.86,"lq":1.0},{"pi":"1525","pc":"Автомобильные товары","ss":500,"td":"Центр города","dc":1,"n":158.73,"vc":"более 200","sl":"Элитный","sv":"около 500","p":1100.0,"q":3.0,"b":0.0,"wi":0.29,"ei":4.8,"as":300.0,"mi":"E","mv":24822,"sc":1,"lpe":98.19,"lpr":1036.29,"lq":1.0},{"pi":"1525","pc":"Автомобильные товары","ss":500,"td":"Центр города","dc":1,"n":158.73,"vc":"более 200","sl":"Элитный","sv":"около 500","p":1100.0,"q":3.0,"b":0.0,"wi":0.29,"ei":4.8,"as":300.0,"mi":"E","mv":24822,"sc":1,"lpe":98.19,"lpr":1036.29,"lq":1.0},{"pi":"1525","pc":"Автомобильные товары","ss":500,"td":"Спальный район","dc":2,"n":32.98,"vc":"около 100","sl":"Очень высокий","sv":"менее 50","p":2900.0,"q":2.86,"b":0.0,"wi":0.29,"ei":4.8,"as":300.0,"mi":"E","mv":19463,"sc":1,"lpe":99.99,"lpr":1036.29,"lq":1.0},{"pi":"1525","pc":"Автомобильные товары","ss":500,"td":"Спальный район","dc":2,"n":32.98,"vc":"около 100","sl":"Очень высокий","sv":"менее 50","p":2900.0,"q":2.86,"b":0.0,"wi":0.29,"ei":4.8,"as":300.0,"mi":"E","mv":19463,"sc":1,"lpe":99.99,"lpr":1036.29,"lq":1.0},{"pi":"1525","pc":"Автомобильные товары","ss":500,"td":"Спальный район","dc":2,"n":32.98,"vc":"около 100","sl":"Очень высокий","sv":"менее 50","p":2900.0,"q":2.86,"b":0.0,"wi":0.29,"ei":4.8,"as":300.0,"mi":"E","mv":19463,"sc":1,"lpe":99.99,"lpr":1036.29,"lq":1.0},{"pi":"1525","pc":"Автомобильные товары","ss":500,"td":"Спальный район","dc":2,"n":32.98,"vc":"около 100","sl":"Очень высокий","sv":"менее 50","p":2900.0,"q":2.86,"b":0.0,"wi":0.29,"ei":4.8,"as":300.0,"mi":"E","mv":19463,"sc":1,"lpe":99.99,"lpr":1036.29,"lq":1.0},{"pi":"1525","pc":"Автомобильные товары","ss":500,"td":"Спальный район","dc":2,"n":32.98,"vc":"около 100","sl":"Очень высокий","sv":"менее 50","p":2900.0,"q":2.86,"b":0.0,"wi":0.29,"ei":4.8,"as":300.0,"mi":"E","mv":19463,"sc":1,"lpe":99.99,"lpr":1036.29,"lq":1.0},{"pi":"1525","pc":"Автомобильные товары","ss":500,"td":"City center","dc":1,"n":136.31,"vc":"более 200","sl":"Очень высокий","sv":"около 100","p":850.0,"q":2.4,"b":0.0,"wi":0.21,"ei":4.22,"as":239.13,"mi":"E","mv":27027,"sc":3,"lpe":99.72,"lpr":837.02,"lq":1.0},{"pi":"1525","pc":"Автомобильные товары","ss":100,"td":"Центр города","dc":1,"n":46.72,"vc":"около 100","sl":"Низкий","sv":"менее 50","p":909.96,"q":1.05,"b":0.0,"wi":0.21,"ei":4.22,"as":239.13,"mi":"E","mv":27027,"sc":3,"lpe":99.72,"lpr":837.02,"lq":1.0},{"pi":"1525","pc":"Автомобильные товары","ss":100,"td":"Центр города","dc":1,"n":47.84,"vc":"около 100","sl":"Нормальный","sv":"менее 50","p":909.49,"q":1.06,"b":0.0,"wi":0.21,"ei":4.22,"as":239.13,"mi":"E","mv":27027,"sc":3,"lpe":99.72,"lpr":837.02,"lq":1.0},{"pi":"1525","pc":"Автомобильные товары","ss":500,"td":"City center","dc":1,"n":136.31,"vc":"более 200","sl":"Очень высокий","sv":"около 100","p":850.0,"q":2.4,"b":0.0,"wi":0.21,"ei":4.22,"as":239.13,"mi":"E","mv":27027,"sc":3,"lpe":99.72,"lpr":837.02,"lq":1.0},{"pi":"1525","pc":"Автомобильные товары","ss":500,"td":"Центр города","dc":1,"n":147.19,"vc":"более 200","sl":"Элитный","sv":"более 200","p":1190.0,"q":2.86,"b":0.0,"wi":0.22,"ei":5.96,"as":329.42,"mi":"E","mv":21009,"sc":2,"lpe":98.79,"lpr":1137.91,"lq":1.0},{"pi":"1525","pc":"Автомобильные товары","ss":100,"td":"Центр города","dc":1,"n":48.19,"vc":"около 50","sl":"Нормальный","sv":"менее 50","p":1268.26,"q":1.06,"b":0.0,"wi":0.22,"ei":5.96,"as":329.42,"mi":"E","mv":21009,"sc":2,"lpe":98.79,"lpr":1137.91,"lq":1.0},{"pi":"1525","pc":"Автомобильные товары","ss":500,"td":"Центр города","dc":1,"n":147.19,"vc":"более 200","sl":"Элитный","sv":"более 200","p":1190.0,"q":2.86,"b":0.0,"wi":0.22,"ei":5.96,"as":329.42,"mi":"E","mv":21009,"sc":2,"lpe":98.79,"lpr":1137.91,"lq":1.0},{"pi":"1525","pc":"Автомобильные товары","ss":100,"td":"Центр города","dc":1,"n":46.4,"vc":"около 100","sl":"Нормальный","sv":"менее 50","p":1104.16,"q":1.05,"b":0.0,"wi":0.3,"ei":4.37,"as":290.59,"mi":"E","mv":43022,"sc":1,"lpe":100.0,"lpr":1003.78,"lq":1.0},{"pi":"1525","pc":"Автомобильные товары","ss":100,"td":"Центр города","dc":1,"n":47.5,"vc":"около 100","sl":"Нормальный","sv":"менее 50","p":1201.34,"q":1.05,"b":0.0,"wi":0.27,"ei":5.47,"as":316.16,"mi":"E","mv":30891,"sc":1,"lpe":100.0,"lpr":1092.13,"lq":1.0},{"pi":"1525","pc":"Автомобильные товары","ss":100,"td":"Центр города","dc":1,"n":66.76,"vc":"около 100","sl":"Нормальный","sv":"менее 50","p":759.99,"q":2.42,"b":0.0,"wi":0.35,"ei":5.19,"as":338.16,"mi":"E","mv":34010,"sc":1,"lpe":100.0,"lpr":1168.1,"lq":1.0},{"pi":"1525","pc":"Автомобильные товары","ss":500,"td":"City center","dc":1,"n":124.86,"vc":"более 200","sl":"Элитный","sv":"более 100","p":1090.0,"q":3.74,"b":0.0,"wi":0.23,"ei":5.34,"as":310.5,"mi":"E","mv":28988,"sc":2,"lpe":99.44,"lpr":1072.55,"lq":1.0},{"pi":"1525","pc":"Автомобильные товары","ss":100,"td":"Центр города","dc":1,"n":47.28,"vc":"около 50","sl":"Нормальный","sv":"менее 50","p":1166.1,"q":1.06,"b":0.0,"wi":0.23,"ei":5.34,"as":310.5,"mi":"E","mv":28988,"sc":2,"lpe":99.44,"lpr":1072.55,"lq":1.0},{"pi":"1525","pc":"Автомобильные товары","ss":500,"td":"City center","dc":1,"n":124.86,"vc":"более 200","sl":"Элитный","sv":"более 100","p":1090.0,"q":3.74,"b":0.0,"wi":0.23,"ei":5.34,"as":310.5,"mi":"E","mv":28988,"sc":2,"lpe":99.44,"lpr":1072.55,"lq":1.0},{"pi":"1525","pc":"Автомобильные товары","ss":1000,"td":"Центр города","dc":2,"n":70.14,"vc":"около 500","sl":"Элитный","sv":"около 100","p":600.0,"q":2.78,"b":0.0,"wi":0.17,"ei":4.28,"as":156.19,"mi":"E","mv":20627,"sc":1,"lpe":99.52,"lpr":539.51,"lq":1.0},{"pi":"1525","pc":"Автомобильные товары","ss":1000,"td":"Центр города","dc":2,"n":70.14,"vc":"около 500","sl":"Элитный","sv":"около 100","p":600.0,"q":2.78,"b":0.0,"wi":0.17,"ei":4.28,"as":156.19,"mi":"E","mv":20627,"sc":1,"lpe":99.52,"lpr":539.51,"lq":1.0},{"pi":"1525","pc":"Автомобильные товары","ss":500,"td":"Центр города","dc":1,"n":203.28,"vc":"более 200","sl":"Очень высокий","sv":"более 100","p":1450.0,"q":2.75,"b":0.0,"wi":0.41,"ei":4.82,"as":395.02,"mi":"E","mv":7754,"sc":2,"lpe":98.36,"lpr":1364.54,"lq":1.0},{"pi":"1525","pc":"Автомобильные товары","ss":100,"td":"Центр города","dc":1,"n":57.99,"vc":"около 50","sl":"Нормальный","sv":"менее 50","p":500.0,"q":2.0,"b":0.0,"wi":0.41,"ei":4.82,"as":395.02,"mi":"E","mv":7754,"sc":2,"lpe":98.36,"lpr":1364.54,"lq":1.0},{"pi":"1525","pc":"Автомобильные товары","ss":500,"td":"Центр города","dc":1,"n":203.28,"vc":"более 200","sl":"Очень высокий","sv":"более 100","p":1450.0,"q":2.75,"b":0.0,"wi":0.41,"ei":4.82,"as":395.02,"mi":"E","mv":7754,"sc":2,"lpe":98.36,"lpr":1364.54,"lq":1.0}]