[{"pi":"1525","pc":"Автомобильные товары","ss":500,"td":"Центр города","dc":1,"n":38.81,"vc":"более 100","sl":"Высокий","sv":"менее 50","p":1185.5,"q":2.11,"b":0.05,"wi":0.23,"ei":5.48,"as":311.99,"mi":"E","mv":65233,"sc":1,"lpe":99.98,"lpr":1082.28,"lq":1.0},{"pi":"1525","pc":"Автомобильные товары","ss":500,"td":"Центр города","dc":1,"n":38.81,"vc":"более 100","sl":"Высокий","sv":"менее 50","p":1185.5,"q":2.11,"b":0.05,"wi":0.23,"ei":5.48,"as":311.99,"mi":"E","mv":65233,"sc":1,"lpe":99.98,"lpr":1082.28,"lq":1.0},{"pi":"1525","pc":"Автомобильные товары","ss":100,"td":"Центр города","dc":1,"n":49.75,"vc":"более 100","sl":"Низкий","sv":"менее 50","p":1767.11,"q":1.05,"b":0.0,"wi":0.49,"ei":5.95,"as":458.23,"mi":"E","mv":179303,"sc":1,"lpe":100.0,"lpr":1590.73,"lq":1.0},{"pi":"1525","pc":"Автомобильные товары","ss":500,"td":"Центр города","dc":3,"n":43.64,"vc":"более 200","sl":"Высокий","sv":"менее 50","p":4900.0,"q":1.95,"b":0.0,"wi":1.49,"ei":9.4,"as":1590.0,"mi":"E","mv":23739,"sc":1,"lpe":99.94,"lpr":5511.98,"lq":1.0},{"pi":"1525","pc":"Автомобильные товары","ss":500,"td":"Центр города","dc":3,"n":43.64,"vc":"более 200","sl":"Высокий","sv":"менее 50","p":4900.0,"q":1.95,"b":0.0,"wi":1.49,"ei":9.4,"as":1590.0,"mi":"E","mv":23739,"sc":1,"lpe":99.94,"lpr":5511.98,"lq":1.0},{"pi":"1525","pc":"Автомобильные товары","ss":500,"td":"Центр города","dc":3,"n":43.64,"vc":"более 200","sl":"Высокий","sv":"менее 50","p":4900.0,"q":1.95,"b":0.0,"wi":1.49,"ei":9.4,"as":1590.0,"mi":"E","mv":23739,"sc":1,"lpe":99.94,"lpr":5511.98,"lq":1.0},{"pi":"1525","pc":"Автомобильные товары","ss":500,"td":"Центр города","dc":3,"n":43.64,"vc":"более 200","sl":"Высокий","sv":"менее 50","p":4900.0,"q":1.95,"b":0.0,"wi":1.49,"ei":9.4,"as":1590.0,"mi":"E","mv":23739,"sc":1,"lpe":99.94,"lpr":5511.98,"lq":1.0},{"pi":"1525","pc":"Автомобильные товары","ss":500,"td":"Центр города","dc":3,"n":43.64,"vc":"более 200","sl":"Высокий","sv":"менее 50","p":4900.0,"q":1.95,"b":0.0,"wi":1.49,"ei":9.4,"as":1590.0,"mi":"E","mv":23739,"sc":1,"lpe":99.94,"lpr":5511.98,"lq":1.0},{"pi":"1525","pc":"Автомобильные товары","ss":500,"td":"Центр города","dc":3,"n":43.64,"vc":"более 200","sl":"Высокий","sv":"менее 50","p":4900.0,"q":1.95,"b":0.0,"wi":1.49,"ei":9.4,"as":1590.0,"mi":"E","mv":23739,"sc":1,"lpe":99.94,"lpr":5511.98,"lq":1.0},{"pi":"1525","pc":"Автомобильные товары","ss":500,"td":"Центр города","dc":3,"n":43.64,"vc":"более 200","sl":"Высокий","sv":"менее 50","p":4900.0,"q":1.95,"b":0.0,"wi":1.49,"ei":9.4,"as":1590.0,"mi":"E","mv":23739,"sc":1,"lpe":99.94,"lpr":5511.98,"lq":1.0},{"pi":"1525","pc":"Автомобильные товары","ss":500,"td":"Центр города","dc":3,"n":43.64,"vc":"более 200","sl":"Высокий","sv":"менее 50","p":4900.0,"q":1.95,"b":0.0,"wi":1.49,"ei":9.4,"as":1590.0,"mi":"E","mv":23739,"sc":1,"lpe":99.94,"lpr":5511.98,"lq":1.0},{"pi":"1525","pc":"Автомобильные товары","ss":500,"td":"Центр города","dc":3,"n":43.64,"vc":"более 200","sl":"Высокий","sv":"менее 50","p":4900.0,"q":1.95,"b":0.0,"wi":1.49,"ei":9.4,"as":1590.0,"mi":"E","mv":23739,"sc":1,"lpe":99.94,"lpr":5511.98,"lq":1.0},{"pi":"1525","pc":"Автомобильные товары","ss":500,"td":"Центр города","dc":3,"n":43.64,"vc":"более 200","sl":"Высокий","sv":"менее 50","p":4900.0,"q":1.95,"b":0.0,"wi":1.49,"ei":9.4,"as":1590.0,"mi":"E","mv":23739,"sc":1,"lpe":99.94,"lpr":5511.98,"lq":1.0},{"pi":"1525","pc":"Автомобильные товары","ss":500,"td":"Центр города","dc":3,"n":43.64,"vc":"более 200","sl":"Высокий","sv":"менее 50","p":4900.0,"q":1.95,"b":0.0,"wi":1.49,"ei":9.4,"as":1590.0,"mi":"E","mv":23739,"sc":1,"lpe":99.94,"lpr":5511.98,"lq":1.0},{"pi":"1525","pc":"Автомобильные товары","ss":500,"td":"Центр города","dc":3,"n":43.64,"vc":"более 200","sl":"Высокий","sv":"менее 50","p":4900.0,"q":1.95,"b":0.0,"wi":1.49,"ei":9.4,"as":1590.0,"mi":"E","mv":23739,"sc":1,"lpe":99.94,"lpr":5511.98,"lq":1.0},{"pi":"1525","pc":"Автомобильные товары","ss":500,"td":"Центр города","dc":3,"n":43.64,"vc":"более 200","sl":"Высокий","sv":"менее 50","p":4900.0,"q":1.95,"b":0.0,"wi":1.49,"ei":9.4,"as":1590.0,"mi":"E","mv":23739,"sc":1,"lpe":99.94,"lpr":5511.98,"lq":1.0},{"pi":"1525","pc":"Автомобильные товары","ss":500,"td":"Центр города","dc":3,"n":43.64,"vc":"более 200","sl":"Высокий","sv":"менее 50","p":4900.0,"q":1.95,"b":0.0,"wi":1.49,"ei":9.4,"as":1590.0,"mi":"E","mv":23739,"sc":1,"lpe":99.94,"lpr":5511.98,"lq":1.0},{"pi":"1525","pc":"Автомобильные товары","ss":500,"td":"Фешенебельный район","dc":3,"n":110.58,"vc":"менее 50","sl":"Элитный","sv":"менее 50","p":2900.0,"q":1.96,"b":0.0,"wi":1.1,"ei":6.8,"as":1040.0,"mi":"E","mv":3963,"sc":1,"lpe":99.39,"lpr":3612.08,"lq":1.0},{"pi":"1525","pc":"Автомобильные товары","ss":500,"td":"Фешенебельный район","dc":3,"n":110.58,"vc":"менее 50","sl":"Элитный","sv":"менее 50","p":2900.0,"q":1.96,"b":0.0,"wi":1.1,"ei":6.8,"as":1040.0,"mi":"E","mv":3963,"sc":1,"lpe":99.39,"lpr":3612.08,"lq":1.0},{"pi":"1525","pc":"Автомобильные товары","ss":500,"td":"Фешенебельный район","dc":3,"n":110.58,"vc":"менее 50","sl":"Элитный","sv":"менее 50","p":2900.0,"q":1.96,"b":0.0,"wi":1.1,"ei":6.8,"as":1040.0,"mi":"E","mv":3963,"sc":1,"lpe":99.39,"lpr":3612.08,"lq":1.0},{"pi":"1525","pc":"Автомобильные товары","ss":500,"td":"Фешенебельный район","dc":3,"n":110.58,"vc":"менее 50","sl":"Элитный","sv":"менее 50","p":2900.0,"q":1.96,"b":0.0,"wi":1.1,"ei":6.8,"as":1040.0,"mi":"E","mv":3963,"sc":1,"lpe":99.39,"lpr":3612.08,"lq":1.0},{"pi":"1525","pc":"Автомобильные товары","ss":500,"td":"Фешенебельный район","dc":3,"n":110.58,"vc":"менее 50","sl":"Элитный","sv":"менее 50","p":2900.0,"q":1.96,"b":0.0,"wi":1.1,"ei":6.8,"as":1040.0,"mi":"E","mv":3963,"sc":1,"lpe":99.39,"lpr":3612.08,"lq":1.0},{"pi":"1525","pc":"Автомобильные товары","ss":500,"td":"Фешенебельный район","dc":3,"n":110.58,"vc":"менее 50","sl":"Элитный","sv":"менее 50","p":2900.0,"q":1.96,"b":0.0,"wi":1.1,"ei":6.8,"as":1040.0,"mi":"E","mv":3963,"sc":1,"lpe":99.39,"lpr":3612.08,"lq":1.0},{"pi":"1525","pc":"Автомобильные товары","ss":100,"td":"Центр города","dc":1,"n":48.54,"vc":"около 100","sl":"Низкий","sv":"менее 50","p":1166.29,"q":1.05,"b":0.0,"wi":0.3,"ei":4.37,"as":290.59,"mi":"E","mv":43022,"sc":3,"lpe":99.99,"lpr":1009.95,"lq":1.0},{"pi":"1525","pc":"Автомобильные товары","ss":100,"td":"Центр города","dc":1,"n":47.73,"vc":"около 50","sl":"Нормальный","sv":"менее 50","p":1120.09,"q":1.05,"b":0.0,"wi":0.3,"ei":4.37,"as":290.59,"mi":"E","mv":43022,"sc":3,"lpe":99.99,"lpr":1009.95,"lq":1.0},{"pi":"1525","pc":"Автомобильные товары","ss":100,"td":"Центр города","dc":1,"n":46.29,"vc":"около 100","sl":"Нормальный","sv":"менее 50","p":1117.14,"q":1.05,"b":0.0,"wi":0.3,"ei":4.37,"as":290.59,"mi":"E","mv":43022,"sc":3,"lpe":99.99,"lpr":1009.95,"lq":1.0},{"pi":"1525","pc":"Автомобильные товары","ss":1000,"td":"Центр города","dc":1,"n":198.59,"vc":"более 1 000","sl":"Очень высокий","sv":"около 200","p":540.0,"q":1.95,"b":0.0,"wi":0.17,"ei":4.28,"as":156.19,"mi":"E","mv":19227,"sc":1,"lpe":98.96,"lpr":544.47,"lq":1.0},{"pi":"1525","pc":"Автомобильные товары","ss":1000,"td":"Центр города","dc":1,"n":198.59,"vc":"более 1 000","sl":"Очень высокий","sv":"около 200","p":540.0,"q":1.95,"b":0.0,"wi":0.17,"ei":4.28,"as":156.19,"mi":"E","mv":19227,"sc":1,"lpe":98.96,"lpr":544.47,"lq":1.0},{"pi":"1525","pc":"Автомобильные товары","ss":500,"td":"Пригород","dc":1,"n":0.0,"vc":"около 50","sl":"Элитный","sv":"менее 50","p":5000.0,"q":1.97,"b":0.0,"wi":1.58,"ei":8.0,"as":1620.0,"mi":"E","mv":30524,"sc":1,"lpe":99.96,"lpr":5621.06,"lq":1.0},{"pi":"1525","pc":"Автомобильные товары","ss":500,"td":"Пригород","dc":1,"n":0.0,"vc":"около 50","sl":"Элитный","sv":"менее 50","p":5000.0,"q":1.97,"b":0.0,"wi":1.58,"ei":8.0,"as":1620.0,"mi":"E","mv":30524,"sc":1,"lpe":99.96,"lpr":5621.06,"lq":1.0}]