[{"pi":"423153","pc":"Аптека","ss":500,"td":"Фешенебельный район","dc":3,"n":15.98,"vc":"менее 50","sl":"Элитный","sv":"около 200","p":2332.69,"q":22.54,"b":0.0,"ms":0.17,"wi":60.75,"ei":9.46,"as":261.73,"mi":"E","mv":117419,"sc":1,"lpe":99.83,"lpr":779.3,"lq":1.0,"d":861},{"pi":"423153","pc":"Аптека","ss":500,"td":"Фешенебельный район","dc":3,"n":15.98,"vc":"менее 50","sl":"Элитный","sv":"около 200","p":2332.69,"q":22.54,"b":0.0,"ms":0.17,"wi":60.75,"ei":9.46,"as":261.73,"mi":"E","mv":117419,"sc":1,"lpe":99.83,"lpr":779.3,"lq":1.0,"d":861},{"pi":"423153","pc":"Аптека","ss":500,"td":"Фешенебельный район","dc":3,"n":15.98,"vc":"менее 50","sl":"Элитный","sv":"около 200","p":2332.69,"q":22.54,"b":0.0,"ms":0.17,"wi":60.75,"ei":9.46,"as":261.73,"mi":"E","mv":117419,"sc":1,"lpe":99.83,"lpr":779.3,"lq":1.0,"d":861},{"pi":"423153","pc":"Аптека","ss":500,"td":"Фешенебельный район","dc":3,"n":15.98,"vc":"менее 50","sl":"Элитный","sv":"около 200","p":2332.69,"q":22.54,"b":0.0,"ms":0.17,"wi":60.75,"ei":9.46,"as":261.73,"mi":"E","mv":117419,"sc":1,"lpe":99.83,"lpr":779.3,"lq":1.0,"d":861},{"pi":"423153","pc":"Аптека","ss":500,"td":"Фешенебельный район","dc":3,"n":15.98,"vc":"менее 50","sl":"Элитный","sv":"около 200","p":2332.69,"q":22.54,"b":0.0,"ms":0.17,"wi":60.75,"ei":9.46,"as":261.73,"mi":"E","mv":117419,"sc":1,"lpe":99.83,"lpr":779.3,"lq":1.0,"d":861},{"pi":"423153","pc":"Аптека","ss":500,"td":"Фешенебельный район","dc":3,"n":15.98,"vc":"менее 50","sl":"Элитный","sv":"около 200","p":2332.69,"q":22.54,"b":0.0,"ms":0.17,"wi":60.75,"ei":9.46,"as":261.73,"mi":"E","mv":117419,"sc":1,"lpe":99.83,"lpr":779.3,"lq":1.0,"d":861},{"pi":"423153","pc":"Аптека","ss":500,"td":"Фешенебельный район","dc":3,"n":15.98,"vc":"менее 50","sl":"Элитный","sv":"около 200","p":2332.69,"q":22.54,"b":0.0,"ms":0.17,"wi":60.75,"ei":9.46,"as":261.73,"mi":"E","mv":117419,"sc":1,"lpe":99.83,"lpr":779.3,"lq":1.0,"d":861},{"pi":"423153","pc":"Аптека","ss":500,"td":"Фешенебельный район","dc":3,"n":15.98,"vc":"менее 50","sl":"Элитный","sv":"около 200","p":2332.69,"q":22.54,"b":0.0,"ms":0.17,"wi":60.75,"ei":9.46,"as":261.73,"mi":"E","mv":117419,"sc":1,"lpe":99.83,"lpr":779.3,"lq":1.0,"d":861},{"pi":"423153","pc":"Аптека","ss":500,"td":"Фешенебельный район","dc":3,"n":15.98,"vc":"менее 50","sl":"Элитный","sv":"около 200","p":2332.69,"q":22.54,"b":0.0,"ms":0.17,"wi":60.75,"ei":9.46,"as":261.73,"mi":"E","mv":117419,"sc":1,"lpe":99.83,"lpr":779.3,"lq":1.0,"d":861},{"pi":"423153","pc":"Аптека","ss":10000,"td":"Центр города","dc":2,"n":226.3,"vc":"более 1 000","sl":"Элитный","sv":"около 500","p":1349.0,"q":21.53,"b":0.0,"ms":1.82,"wi":64.73,"ei":7.21,"as":412.47,"mi":"E","mv":19224,"sc":1,"lpe":98.18,"lpr":1227.65,"lq":1.0,"d":141},{"pi":"423153","pc":"Аптека","ss":10000,"td":"Центр города","dc":2,"n":226.3,"vc":"более 1 000","sl":"Элитный","sv":"около 500","p":1349.0,"q":21.53,"b":0.0,"ms":1.82,"wi":64.73,"ei":7.21,"as":412.47,"mi":"E","mv":19224,"sc":1,"lpe":98.18,"lpr":1227.65,"lq":1.0,"d":141},{"pi":"423153","pc":"Аптека","ss":10000,"td":"Центр города","dc":2,"n":226.3,"vc":"более 1 000","sl":"Элитный","sv":"около 500","p":1349.0,"q":21.53,"b":0.0,"ms":1.82,"wi":64.73,"ei":7.21,"as":412.47,"mi":"E","mv":19224,"sc":1,"lpe":98.18,"lpr":1227.65,"lq":1.0,"d":141},{"pi":"423153","pc":"Аптека","ss":10000,"td":"Центр города","dc":2,"n":226.3,"vc":"более 1 000","sl":"Элитный","sv":"около 500","p":1349.0,"q":21.53,"b":0.0,"ms":1.82,"wi":64.73,"ei":7.21,"as":412.47,"mi":"E","mv":19224,"sc":1,"lpe":98.18,"lpr":1227.65,"lq":1.0,"d":141},{"pi":"423153","pc":"Аптека","ss":10000,"td":"Центр города","dc":2,"n":226.3,"vc":"более 1 000","sl":"Элитный","sv":"около 500","p":1349.0,"q":21.53,"b":0.0,"ms":1.82,"wi":64.73,"ei":7.21,"as":412.47,"mi":"E","mv":19224,"sc":1,"lpe":98.18,"lpr":1227.65,"lq":1.0,"d":141},{"pi":"423153","pc":"Аптека","ss":10000,"td":"Центр города","dc":2,"n":226.3,"vc":"более 1 000","sl":"Элитный","sv":"около 500","p":1349.0,"q":21.53,"b":0.0,"ms":1.82,"wi":64.73,"ei":7.21,"as":412.47,"mi":"E","mv":19224,"sc":1,"lpe":98.18,"lpr":1227.65,"lq":1.0,"d":141},{"pi":"423153","pc":"Аптека","ss":10000,"td":"Центр города","dc":2,"n":226.3,"vc":"более 1 000","sl":"Элитный","sv":"около 500","p":1349.0,"q":21.53,"b":0.0,"ms":1.82,"wi":64.73,"ei":7.21,"as":412.47,"mi":"E","mv":19224,"sc":1,"lpe":98.18,"lpr":1227.65,"lq":1.0,"d":141},{"pi":"423153","pc":"Аптека","ss":10000,"td":"Центр города","dc":2,"n":226.3,"vc":"более 1 000","sl":"Элитный","sv":"около 500","p":1349.0,"q":21.53,"b":0.0,"ms":1.82,"wi":64.73,"ei":7.21,"as":412.47,"mi":"E","mv":19224,"sc":1,"lpe":98.18,"lpr":1227.65,"lq":1.0,"d":141},{"pi":"423153","pc":"Аптека","ss":10000,"td":"Центр города","dc":2,"n":226.3,"vc":"более 1 000","sl":"Элитный","sv":"около 500","p":1349.0,"q":21.53,"b":0.0,"ms":1.82,"wi":64.73,"ei":7.21,"as":412.47,"mi":"E","mv":19224,"sc":1,"lpe":98.18,"lpr":1227.65,"lq":1.0,"d":141},{"pi":"423153","pc":"Аптека","ss":10000,"td":"Центр города","dc":2,"n":226.3,"vc":"более 1 000","sl":"Элитный","sv":"около 500","p":1349.0,"q":21.53,"b":0.0,"ms":1.82,"wi":64.73,"ei":7.21,"as":412.47,"mi":"E","mv":19224,"sc":1,"lpe":98.18,"lpr":1227.65,"lq":1.0,"d":141},{"pi":"423153","pc":"Аптека","ss":10000,"td":"Центр города","dc":2,"n":226.3,"vc":"более 1 000","sl":"Элитный","sv":"около 500","p":1349.0,"q":21.53,"b":0.0,"ms":1.82,"wi":64.73,"ei":7.21,"as":412.47,"mi":"E","mv":19224,"sc":1,"lpe":98.18,"lpr":1227.65,"lq":1.0,"d":141},{"pi":"423153","pc":"Аптека","ss":10000,"td":"Центр города","dc":2,"n":226.3,"vc":"более 1 000","sl":"Элитный","sv":"около 500","p":1349.0,"q":21.53,"b":0.0,"ms":1.82,"wi":64.73,"ei":7.21,"as":412.47,"mi":"E","mv":19224,"sc":1,"lpe":98.18,"lpr":1227.65,"lq":1.0,"d":141},{"pi":"423153","pc":"Аптека","ss":10000,"td":"Центр города","dc":2,"n":226.3,"vc":"более 1 000","sl":"Элитный","sv":"около 500","p":1349.0,"q":21.53,"b":0.0,"ms":1.82,"wi":64.73,"ei":7.21,"as":412.47,"mi":"E","mv":19224,"sc":1,"lpe":98.18,"lpr":1227.65,"lq":1.0,"d":141},{"pi":"423153","pc":"Аптека","ss":10000,"td":"Центр города","dc":2,"n":226.3,"vc":"более 1 000","sl":"Элитный","sv":"около 500","p":1349.0,"q":21.53,"b":0.0,"ms":1.82,"wi":64.73,"ei":7.21,"as":412.47,"mi":"E","mv":19224,"sc":1,"lpe":98.18,"lpr":1227.65,"lq":1.0,"d":141},{"pi":"423153","pc":"Аптека","ss":10000,"td":"Центр города","dc":2,"n":226.3,"vc":"более 1 000","sl":"Элитный","sv":"около 500","p":1349.0,"q":21.53,"b":0.0,"ms":1.82,"wi":64.73,"ei":7.21,"as":412.47,"mi":"E","mv":19224,"sc":1,"lpe":98.18,"lpr":1227.65,"lq":1.0,"d":141},{"pi":"423153","pc":"Аптека","ss":10000,"td":"Центр города","dc":2,"n":226.3,"vc":"более 1 000","sl":"Элитный","sv":"около 500","p":1349.0,"q":21.53,"b":0.0,"ms":1.82,"wi":64.73,"ei":7.21,"as":412.47,"mi":"E","mv":19224,"sc":1,"lpe":98.18,"lpr":1227.65,"lq":1.0,"d":141},{"pi":"423153","pc":"Аптека","ss":10000,"td":"Центр города","dc":2,"n":226.3,"vc":"более 1 000","sl":"Элитный","sv":"около 500","p":1349.0,"q":21.53,"b":0.0,"ms":1.82,"wi":64.73,"ei":7.21,"as":412.47,"mi":"E","mv":19224,"sc":1,"lpe":98.18,"lpr":1227.65,"lq":1.0,"d":141},{"pi":"423153","pc":"Аптека","ss":10000,"td":"Центр города","dc":2,"n":226.3,"vc":"более 1 000","sl":"Элитный","sv":"около 500","p":1349.0,"q":21.53,"b":0.0,"ms":1.82,"wi":64.73,"ei":7.21,"as":412.47,"mi":"E","mv":19224,"sc":1,"lpe":98.18,"lpr":1227.65,"lq":1.0,"d":141},{"pi":"423153","pc":"Аптека","ss":10000,"td":"Центр города","dc":2,"n":226.3,"vc":"более 1 000","sl":"Элитный","sv":"около 500","p":1349.0,"q":21.53,"b":0.0,"ms":1.82,"wi":64.73,"ei":7.21,"as":412.47,"mi":"E","mv":19224,"sc":1,"lpe":98.18,"lpr":1227.65,"lq":1.0,"d":141},{"pi":"423153","pc":"Аптека","ss":10000,"td":"Центр города","dc":2,"n":226.3,"vc":"более 1 000","sl":"Элитный","sv":"около 500","p":1349.0,"q":21.53,"b":0.0,"ms":1.82,"wi":64.73,"ei":7.21,"as":412.47,"mi":"E","mv":19224,"sc":1,"lpe":98.18,"lpr":1227.65,"lq":1.0,"d":141},{"pi":"423153","pc":"Аптека","ss":10000,"td":"Центр города","dc":1,"n":425.62,"vc":"более 20 000","sl":"Элитный","sv":"около 500","p":33.3,"q":8.26,"b":0.5,"ms":0.55,"wi":126.82,"ei":9.12,"as":471.43,"mi":"E","mv":60057,"sc":1,"lpe":99.45,"lpr":5418.0,"lq":1.0,"d":1446},{"pi":"423153","pc":"Аптека","ss":10000,"td":"Центр города","dc":1,"n":425.62,"vc":"более 20 000","sl":"Элитный","sv":"около 500","p":33.3,"q":8.26,"b":0.5,"ms":0.55,"wi":126.82,"ei":9.12,"as":471.43,"mi":"E","mv":60057,"sc":1,"lpe":99.45,"lpr":5418.0,"lq":1.0,"d":1446},{"pi":"423153","pc":"Аптека","ss":10000,"td":"Центр города","dc":1,"n":425.62,"vc":"более 20 000","sl":"Элитный","sv":"около 500","p":33.3,"q":8.26,"b":0.5,"ms":0.55,"wi":126.82,"ei":9.12,"as":471.43,"mi":"E","mv":60057,"sc":1,"lpe":99.45,"lpr":5418.0,"lq":1.0,"d":1446},{"pi":"423153","pc":"Аптека","ss":10000,"td":"Центр города","dc":1,"n":425.62,"vc":"более 20 000","sl":"Элитный","sv":"около 500","p":33.3,"q":8.26,"b":0.5,"ms":0.55,"wi":126.82,"ei":9.12,"as":471.43,"mi":"E","mv":60057,"sc":1,"lpe":99.45,"lpr":5418.0,"lq":1.0,"d":1446},{"pi":"423153","pc":"Аптека","ss":10000,"td":"Центр города","dc":1,"n":425.62,"vc":"более 20 000","sl":"Элитный","sv":"около 500","p":33.3,"q":8.26,"b":0.5,"ms":0.55,"wi":126.82,"ei":9.12,"as":471.43,"mi":"E","mv":60057,"sc":1,"lpe":99.45,"lpr":5418.0,"lq":1.0,"d":1446},{"pi":"423153","pc":"Аптека","ss":10000,"td":"Центр города","dc":1,"n":425.62,"vc":"более 20 000","sl":"Элитный","sv":"около 500","p":33.3,"q":8.26,"b":0.5,"ms":0.55,"wi":126.82,"ei":9.12,"as":471.43,"mi":"E","mv":60057,"sc":1,"lpe":99.45,"lpr":5418.0,"lq":1.0,"d":1446},{"pi":"423153","pc":"Аптека","ss":10000,"td":"Центр города","dc":1,"n":425.62,"vc":"более 20 000","sl":"Элитный","sv":"около 500","p":33.3,"q":8.26,"b":0.5,"ms":0.55,"wi":126.82,"ei":9.12,"as":471.43,"mi":"E","mv":60057,"sc":1,"lpe":99.45,"lpr":5418.0,"lq":1.0,"d":1446},{"pi":"423153","pc":"Аптека","ss":10000,"td":"Центр города","dc":1,"n":425.62,"vc":"более 20 000","sl":"Элитный","sv":"около 500","p":33.3,"q":8.26,"b":0.5,"ms":0.55,"wi":126.82,"ei":9.12,"as":471.43,"mi":"E","mv":60057,"sc":1,"lpe":99.45,"lpr":5418.0,"lq":1.0,"d":1446},{"pi":"423153","pc":"Аптека","ss":10000,"td":"Центр города","dc":1,"n":425.62,"vc":"более 20 000","sl":"Элитный","sv":"около 500","p":33.3,"q":8.26,"b":0.5,"ms":0.55,"wi":126.82,"ei":9.12,"as":471.43,"mi":"E","mv":60057,"sc":1,"lpe":99.45,"lpr":5418.0,"lq":1.0,"d":1446},{"pi":"423153","pc":"Аптека","ss":10000,"td":"Центр города","dc":1,"n":425.62,"vc":"более 20 000","sl":"Элитный","sv":"около 500","p":33.3,"q":8.26,"b":0.5,"ms":0.55,"wi":126.82,"ei":9.12,"as":471.43,"mi":"E","mv":60057,"sc":1,"lpe":99.45,"lpr":5418.0,"lq":1.0,"d":1446},{"pi":"423153","pc":"Аптека","ss":10000,"td":"Центр города","dc":1,"n":425.62,"vc":"более 20 000","sl":"Элитный","sv":"около 500","p":33.3,"q":8.26,"b":0.5,"ms":0.55,"wi":126.82,"ei":9.12,"as":471.43,"mi":"E","mv":60057,"sc":1,"lpe":99.45,"lpr":5418.0,"lq":1.0,"d":1446},{"pi":"423153","pc":"Аптека","ss":10000,"td":"Центр города","dc":1,"n":425.62,"vc":"более 20 000","sl":"Элитный","sv":"около 500","p":33.3,"q":8.26,"b":0.5,"ms":0.55,"wi":126.82,"ei":9.12,"as":471.43,"mi":"E","mv":60057,"sc":1,"lpe":99.45,"lpr":5418.0,"lq":1.0,"d":1446},{"pi":"423153","pc":"Аптека","ss":10000,"td":"Центр города","dc":1,"n":425.62,"vc":"более 20 000","sl":"Элитный","sv":"около 500","p":33.3,"q":8.26,"b":0.5,"ms":0.55,"wi":126.82,"ei":9.12,"as":471.43,"mi":"E","mv":60057,"sc":1,"lpe":99.45,"lpr":5418.0,"lq":1.0,"d":1446},{"pi":"423153","pc":"Аптека","ss":10000,"td":"Центр города","dc":1,"n":425.62,"vc":"более 20 000","sl":"Элитный","sv":"около 500","p":33.3,"q":8.26,"b":0.5,"ms":0.55,"wi":126.82,"ei":9.12,"as":471.43,"mi":"E","mv":60057,"sc":1,"lpe":99.45,"lpr":5418.0,"lq":1.0,"d":1446},{"pi":"423153","pc":"Аптека","ss":1000,"td":"Центр города","dc":3,"n":187.34,"vc":"около 500","sl":"Высокий","sv":"около 50","p":590.11,"q":22.54,"b":0.0,"ms":0.27,"wi":15.08,"ei":3.77,"as":325.45,"mi":"E","mv":18318,"sc":1,"lpe":99.73,"lpr":359.65,"lq":1.0,"d":261},{"pi":"423153","pc":"Аптека","ss":1000,"td":"Центр города","dc":3,"n":187.34,"vc":"около 500","sl":"Высокий","sv":"около 50","p":590.11,"q":22.54,"b":0.0,"ms":0.27,"wi":15.08,"ei":3.77,"as":325.45,"mi":"E","mv":18318,"sc":1,"lpe":99.73,"lpr":359.65,"lq":1.0,"d":261},{"pi":"423153","pc":"Аптека","ss":1000,"td":"Центр города","dc":3,"n":187.34,"vc":"около 500","sl":"Высокий","sv":"около 50","p":590.11,"q":22.54,"b":0.0,"ms":0.27,"wi":15.08,"ei":3.77,"as":325.45,"mi":"E","mv":18318,"sc":1,"lpe":99.73,"lpr":359.65,"lq":1.0,"d":261},{"pi":"423153","pc":"Аптека","ss":1000,"td":"Центр города","dc":3,"n":187.34,"vc":"около 500","sl":"Высокий","sv":"около 50","p":590.11,"q":22.54,"b":0.0,"ms":0.27,"wi":15.08,"ei":3.77,"as":325.45,"mi":"E","mv":18318,"sc":1,"lpe":99.73,"lpr":359.65,"lq":1.0,"d":261},{"pi":"423153","pc":"Аптека","ss":1000,"td":"Центр города","dc":3,"n":187.34,"vc":"около 500","sl":"Высокий","sv":"около 50","p":590.11,"q":22.54,"b":0.0,"ms":0.27,"wi":15.08,"ei":3.77,"as":325.45,"mi":"E","mv":18318,"sc":1,"lpe":99.73,"lpr":359.65,"lq":1.0,"d":261},{"pi":"423153","pc":"Аптека","ss":1000,"td":"Центр города","dc":3,"n":187.34,"vc":"около 500","sl":"Высокий","sv":"около 50","p":590.11,"q":22.54,"b":0.0,"ms":0.27,"wi":15.08,"ei":3.77,"as":325.45,"mi":"E","mv":18318,"sc":1,"lpe":99.73,"lpr":359.65,"lq":1.0,"d":261},{"pi":"423153","pc":"Аптека","ss":1000,"td":"Центр города","dc":3,"n":187.34,"vc":"около 500","sl":"Высокий","sv":"около 50","p":590.11,"q":22.54,"b":0.0,"ms":0.27,"wi":15.08,"ei":3.77,"as":325.45,"mi":"E","mv":18318,"sc":1,"lpe":99.73,"lpr":359.65,"lq":1.0,"d":261},{"pi":"423153","pc":"Аптека","ss":1000,"td":"Центр города","dc":3,"n":187.34,"vc":"около 500","sl":"Высокий","sv":"около 50","p":590.11,"q":22.54,"b":0.0,"ms":0.27,"wi":15.08,"ei":3.77,"as":325.45,"mi":"E","mv":18318,"sc":1,"lpe":99.73,"lpr":359.65,"lq":1.0,"d":261},{"pi":"423153","pc":"Аптека","ss":1000,"td":"Центр города","dc":3,"n":187.34,"vc":"около 500","sl":"Высокий","sv":"около 50","p":590.11,"q":22.54,"b":0.0,"ms":0.27,"wi":15.08,"ei":3.77,"as":325.45,"mi":"E","mv":18318,"sc":1,"lpe":99.73,"lpr":359.65,"lq":1.0,"d":261},{"pi":"423153","pc":"Аптека","ss":1000,"td":"Центр города","dc":3,"n":187.34,"vc":"около 500","sl":"Высокий","sv":"около 50","p":590.11,"q":22.54,"b":0.0,"ms":0.27,"wi":15.08,"ei":3.77,"as":325.45,"mi":"E","mv":18318,"sc":1,"lpe":99.73,"lpr":359.65,"lq":1.0,"d":261},{"pi":"423153","pc":"Аптека","ss":1000,"td":"Центр города","dc":3,"n":187.34,"vc":"около 500","sl":"Высокий","sv":"около 50","p":590.11,"q":22.54,"b":0.0,"ms":0.27,"wi":15.08,"ei":3.77,"as":325.45,"mi":"E","mv":18318,"sc":1,"lpe":99.73,"lpr":359.65,"lq":1.0,"d":261},{"pi":"423153","pc":"Аптека","ss":1000,"td":"Центр города","dc":3,"n":187.34,"vc":"около 500","sl":"Высокий","sv":"около 50","p":590.11,"q":22.54,"b":0.0,"ms":0.27,"wi":15.08,"ei":3.77,"as":325.45,"mi":"E","mv":18318,"sc":1,"lpe":99.73,"lpr":359.65,"lq":1.0,"d":261},{"pi":"423153","pc":"Аптека","ss":1000,"td":"Центр города","dc":3,"n":187.34,"vc":"около 500","sl":"Высокий","sv":"около 50","p":590.11,"q":22.54,"b":0.0,"ms":0.27,"wi":15.08,"ei":3.77,"as":325.45,"mi":"E","mv":18318,"sc":1,"lpe":99.73,"lpr":359.65,"lq":1.0,"d":261},{"pi":"423153","pc":"Аптека","ss":1000,"td":"Центр города","dc":3,"n":187.34,"vc":"около 500","sl":"Высокий","sv":"около 50","p":590.11,"q":22.54,"b":0.0,"ms":0.27,"wi":15.08,"ei":3.77,"as":325.45,"mi":"E","mv":18318,"sc":1,"lpe":99.73,"lpr":359.65,"lq":1.0,"d":261},{"pi":"423153","pc":"Аптека","ss":1000,"td":"Центр города","dc":3,"n":187.34,"vc":"около 500","sl":"Высокий","sv":"около 50","p":590.11,"q":22.54,"b":0.0,"ms":0.27,"wi":15.08,"ei":3.77,"as":325.45,"mi":"E","mv":18318,"sc":1,"lpe":99.73,"lpr":359.65,"lq":1.0,"d":261},{"pi":"423153","pc":"Аптека","ss":1000,"td":"Центр города","dc":3,"n":187.34,"vc":"около 500","sl":"Высокий","sv":"около 50","p":590.11,"q":22.54,"b":0.0,"ms":0.27,"wi":15.08,"ei":3.77,"as":325.45,"mi":"E","mv":18318,"sc":1,"lpe":99.73,"lpr":359.65,"lq":1.0,"d":261},{"pi":"423153","pc":"Аптека","ss":1000,"td":"Центр города","dc":3,"n":187.34,"vc":"около 500","sl":"Высокий","sv":"около 50","p":590.11,"q":22.54,"b":0.0,"ms":0.27,"wi":15.08,"ei":3.77,"as":325.45,"mi":"E","mv":18318,"sc":1,"lpe":99.73,"lpr":359.65,"lq":1.0,"d":261},{"pi":"423153","pc":"Аптека","ss":1000,"td":"Центр города","dc":3,"n":187.34,"vc":"около 500","sl":"Высокий","sv":"около 50","p":590.11,"q":22.54,"b":0.0,"ms":0.27,"wi":15.08,"ei":3.77,"as":325.45,"mi":"E","mv":18318,"sc":1,"lpe":99.73,"lpr":359.65,"lq":1.0,"d":261},{"pi":"423153","pc":"Аптека","ss":1000,"td":"Центр города","dc":3,"n":187.34,"vc":"около 500","sl":"Высокий","sv":"около 50","p":590.11,"q":22.54,"b":0.0,"ms":0.27,"wi":15.08,"ei":3.77,"as":325.45,"mi":"E","mv":18318,"sc":1,"lpe":99.73,"lpr":359.65,"lq":1.0,"d":261},{"pi":"423153","pc":"Аптека","ss":1000,"td":"Центр города","dc":3,"n":187.34,"vc":"около 500","sl":"Высокий","sv":"около 50","p":590.11,"q":22.54,"b":0.0,"ms":0.27,"wi":15.08,"ei":3.77,"as":325.45,"mi":"E","mv":18318,"sc":1,"lpe":99.73,"lpr":359.65,"lq":1.0,"d":261},{"pi":"423153","pc":"Аптека","ss":1000,"td":"Центр города","dc":3,"n":187.34,"vc":"около 500","sl":"Высокий","sv":"около 50","p":590.11,"q":22.54,"b":0.0,"ms":0.27,"wi":15.08,"ei":3.77,"as":325.45,"mi":"E","mv":18318,"sc":1,"lpe":99.73,"lpr":359.65,"lq":1.0,"d":261},{"pi":"423153","pc":"Аптека","ss":1000,"td":"Центр города","dc":3,"n":187.34,"vc":"около 500","sl":"Высокий","sv":"около 50","p":590.11,"q":22.54,"b":0.0,"ms":0.27,"wi":15.08,"ei":3.77,"as":325.45,"mi":"E","mv":18318,"sc":1,"lpe":99.73,"lpr":359.65,"lq":1.0,"d":261},{"pi":"423153","pc":"Аптека","ss":1000,"td":"Спальный район","dc":3,"n":16.01,"vc":"около 500","sl":"Высокий","sv":"около 200","p":4241.92,"q":22.54,"b":0.0,"ms":0.02,"wi":102.75,"ei":5.0,"as":931.69,"mi":"E","mv":810045,"sc":2,"lpe":99.96,"lpr":2632.26,"lq":1.0,"d":7837},{"pi":"423153","pc":"Аптека","ss":10000,"td":"Центр города","dc":3,"n":28.8,"vc":"более 2 000","sl":"Высокий","sv":"около 100","p":2207.82,"q":1.5,"b":0.0,"ms":0.01,"wi":102.75,"ei":5.0,"as":931.69,"mi":"E","mv":810045,"sc":2,"lpe":99.96,"lpr":2632.26,"lq":1.0,"d":7837},{"pi":"423153","pc":"Аптека","ss":10000,"td":"Центр города","dc":3,"n":28.8,"vc":"более 2 000","sl":"Высокий","sv":"около 100","p":2207.82,"q":1.5,"b":0.0,"ms":0.01,"wi":102.75,"ei":5.0,"as":931.69,"mi":"E","mv":810045,"sc":2,"lpe":99.96,"lpr":2632.26,"lq":1.0,"d":7837},{"pi":"423153","pc":"Аптека","ss":1000,"td":"Спальный район","dc":3,"n":16.01,"vc":"около 500","sl":"Высокий","sv":"около 200","p":4241.92,"q":22.54,"b":0.0,"ms":0.02,"wi":102.75,"ei":5.0,"as":931.69,"mi":"E","mv":810045,"sc":2,"lpe":99.96,"lpr":2632.26,"lq":1.0,"d":7837},{"pi":"423153","pc":"Аптека","ss":10000,"td":"Центр города","dc":3,"n":28.8,"vc":"более 2 000","sl":"Высокий","sv":"около 100","p":2207.82,"q":1.5,"b":0.0,"ms":0.01,"wi":102.75,"ei":5.0,"as":931.69,"mi":"E","mv":810045,"sc":2,"lpe":99.96,"lpr":2632.26,"lq":1.0,"d":7837},{"pi":"423153","pc":"Аптека","ss":10000,"td":"Центр города","dc":3,"n":28.8,"vc":"более 2 000","sl":"Высокий","sv":"около 100","p":2207.82,"q":1.5,"b":0.0,"ms":0.01,"wi":102.75,"ei":5.0,"as":931.69,"mi":"E","mv":810045,"sc":2,"lpe":99.96,"lpr":2632.26,"lq":1.0,"d":7837},{"pi":"423153","pc":"Аптека","ss":10000,"td":"Центр города","dc":3,"n":28.8,"vc":"более 2 000","sl":"Высокий","sv":"около 100","p":2207.82,"q":1.5,"b":0.0,"ms":0.01,"wi":102.75,"ei":5.0,"as":931.69,"mi":"E","mv":810045,"sc":2,"lpe":99.96,"lpr":2632.26,"lq":1.0,"d":7837},{"pi":"423153","pc":"Аптека","ss":1000,"td":"Спальный район","dc":3,"n":16.01,"vc":"около 500","sl":"Высокий","sv":"около 200","p":4241.92,"q":22.54,"b":0.0,"ms":0.02,"wi":102.75,"ei":5.0,"as":931.69,"mi":"E","mv":810045,"sc":2,"lpe":99.96,"lpr":2632.26,"lq":1.0,"d":7837},{"pi":"423153","pc":"Аптека","ss":10000,"td":"Центр города","dc":3,"n":28.8,"vc":"более 2 000","sl":"Высокий","sv":"около 100","p":2207.82,"q":1.5,"b":0.0,"ms":0.01,"wi":102.75,"ei":5.0,"as":931.69,"mi":"E","mv":810045,"sc":2,"lpe":99.96,"lpr":2632.26,"lq":1.0,"d":7837},{"pi":"423153","pc":"Аптека","ss":10000,"td":"Центр города","dc":3,"n":28.8,"vc":"более 2 000","sl":"Высокий","sv":"около 100","p":2207.82,"q":1.5,"b":0.0,"ms":0.01,"wi":102.75,"ei":5.0,"as":931.69,"mi":"E","mv":810045,"sc":2,"lpe":99.96,"lpr":2632.26,"lq":1.0,"d":7837},{"pi":"423153","pc":"Аптека","ss":1000,"td":"Спальный район","dc":3,"n":16.01,"vc":"около 500","sl":"Высокий","sv":"около 200","p":4241.92,"q":22.54,"b":0.0,"ms":0.02,"wi":102.75,"ei":5.0,"as":931.69,"mi":"E","mv":810045,"sc":2,"lpe":99.96,"lpr":2632.26,"lq":1.0,"d":7837},{"pi":"423153","pc":"Аптека","ss":10000,"td":"Центр города","dc":3,"n":28.8,"vc":"более 2 000","sl":"Высокий","sv":"около 100","p":2207.82,"q":1.5,"b":0.0,"ms":0.01,"wi":102.75,"ei":5.0,"as":931.69,"mi":"E","mv":810045,"sc":2,"lpe":99.96,"lpr":2632.26,"lq":1.0,"d":7837},{"pi":"423153","pc":"Аптека","ss":1000,"td":"Спальный район","dc":3,"n":16.01,"vc":"около 500","sl":"Высокий","sv":"около 200","p":4241.92,"q":22.54,"b":0.0,"ms":0.02,"wi":102.75,"ei":5.0,"as":931.69,"mi":"E","mv":810045,"sc":2,"lpe":99.96,"lpr":2632.26,"lq":1.0,"d":7837},{"pi":"423153","pc":"Аптека","ss":10000,"td":"Центр города","dc":3,"n":28.8,"vc":"более 2 000","sl":"Высокий","sv":"около 100","p":2207.82,"q":1.5,"b":0.0,"ms":0.01,"wi":102.75,"ei":5.0,"as":931.69,"mi":"E","mv":810045,"sc":2,"lpe":99.96,"lpr":2632.26,"lq":1.0,"d":7837},{"pi":"423153","pc":"Аптека","ss":1000,"td":"Спальный район","dc":3,"n":16.01,"vc":"около 500","sl":"Высокий","sv":"около 200","p":4241.92,"q":22.54,"b":0.0,"ms":0.02,"wi":102.75,"ei":5.0,"as":931.69,"mi":"E","mv":810045,"sc":2,"lpe":99.96,"lpr":2632.26,"lq":1.0,"d":7837},{"pi":"423153","pc":"Аптека","ss":10000,"td":"Центр города","dc":3,"n":28.8,"vc":"более 2 000","sl":"Высокий","sv":"около 100","p":2207.82,"q":1.5,"b":0.0,"ms":0.01,"wi":102.75,"ei":5.0,"as":931.69,"mi":"E","mv":810045,"sc":2,"lpe":99.96,"lpr":2632.26,"lq":1.0,"d":7837},{"pi":"423153","pc":"Аптека","ss":10000,"td":"Центр города","dc":3,"n":28.8,"vc":"более 2 000","sl":"Высокий","sv":"около 100","p":2207.82,"q":1.5,"b":0.0,"ms":0.01,"wi":102.75,"ei":5.0,"as":931.69,"mi":"E","mv":810045,"sc":2,"lpe":99.96,"lpr":2632.26,"lq":1.0,"d":7837},{"pi":"423153","pc":"Аптека","ss":10000,"td":"Центр города","dc":3,"n":28.8,"vc":"более 2 000","sl":"Высокий","sv":"около 100","p":2207.82,"q":1.5,"b":0.0,"ms":0.01,"wi":102.75,"ei":5.0,"as":931.69,"mi":"E","mv":810045,"sc":2,"lpe":99.96,"lpr":2632.26,"lq":1.0,"d":7837},{"pi":"423153","pc":"Аптека","ss":1000,"td":"Спальный район","dc":3,"n":16.01,"vc":"около 500","sl":"Высокий","sv":"около 200","p":4241.92,"q":22.54,"b":0.0,"ms":0.02,"wi":102.75,"ei":5.0,"as":931.69,"mi":"E","mv":810045,"sc":2,"lpe":99.96,"lpr":2632.26,"lq":1.0,"d":7837},{"pi":"423153","pc":"Аптека","ss":1000,"td":"Спальный район","dc":3,"n":16.01,"vc":"около 500","sl":"Высокий","sv":"около 200","p":4241.92,"q":22.54,"b":0.0,"ms":0.02,"wi":102.75,"ei":5.0,"as":931.69,"mi":"E","mv":810045,"sc":2,"lpe":99.96,"lpr":2632.26,"lq":1.0,"d":7837},{"pi":"423153","pc":"Аптека","ss":10000,"td":"Центр города","dc":3,"n":28.8,"vc":"более 2 000","sl":"Высокий","sv":"около 100","p":2207.82,"q":1.5,"b":0.0,"ms":0.01,"wi":102.75,"ei":5.0,"as":931.69,"mi":"E","mv":810045,"sc":2,"lpe":99.96,"lpr":2632.26,"lq":1.0,"d":7837},{"pi":"423153","pc":"Аптека","ss":10000,"td":"Центр города","dc":3,"n":28.8,"vc":"более 2 000","sl":"Высокий","sv":"около 100","p":2207.82,"q":1.5,"b":0.0,"ms":0.01,"wi":102.75,"ei":5.0,"as":931.69,"mi":"E","mv":810045,"sc":2,"lpe":99.96,"lpr":2632.26,"lq":1.0,"d":7837},{"pi":"423153","pc":"Аптека","ss":1000,"td":"Спальный район","dc":3,"n":16.01,"vc":"около 500","sl":"Высокий","sv":"около 200","p":4241.92,"q":22.54,"b":0.0,"ms":0.02,"wi":102.75,"ei":5.0,"as":931.69,"mi":"E","mv":810045,"sc":2,"lpe":99.96,"lpr":2632.26,"lq":1.0,"d":7837},{"pi":"423153","pc":"Аптека","ss":10000,"td":"Центр города","dc":3,"n":28.8,"vc":"более 2 000","sl":"Высокий","sv":"около 100","p":2207.82,"q":1.5,"b":0.0,"ms":0.01,"wi":102.75,"ei":5.0,"as":931.69,"mi":"E","mv":810045,"sc":2,"lpe":99.96,"lpr":2632.26,"lq":1.0,"d":7837},{"pi":"423153","pc":"Аптека","ss":10000,"td":"Центр города","dc":3,"n":28.8,"vc":"более 2 000","sl":"Высокий","sv":"около 100","p":2207.82,"q":1.5,"b":0.0,"ms":0.01,"wi":102.75,"ei":5.0,"as":931.69,"mi":"E","mv":810045,"sc":2,"lpe":99.96,"lpr":2632.26,"lq":1.0,"d":7837},{"pi":"423153","pc":"Аптека","ss":10000,"td":"Центр города","dc":3,"n":28.8,"vc":"более 2 000","sl":"Высокий","sv":"около 100","p":2207.82,"q":1.5,"b":0.0,"ms":0.01,"wi":102.75,"ei":5.0,"as":931.69,"mi":"E","mv":810045,"sc":2,"lpe":99.96,"lpr":2632.26,"lq":1.0,"d":7837},{"pi":"423153","pc":"Аптека","ss":10000,"td":"Центр города","dc":3,"n":28.8,"vc":"более 2 000","sl":"Высокий","sv":"около 100","p":2207.82,"q":1.5,"b":0.0,"ms":0.01,"wi":102.75,"ei":5.0,"as":931.69,"mi":"E","mv":810045,"sc":2,"lpe":99.96,"lpr":2632.26,"lq":1.0,"d":7837},{"pi":"423153","pc":"Аптека","ss":10000,"td":"Центр города","dc":3,"n":28.8,"vc":"более 2 000","sl":"Высокий","sv":"около 100","p":2207.82,"q":1.5,"b":0.0,"ms":0.01,"wi":102.75,"ei":5.0,"as":931.69,"mi":"E","mv":810045,"sc":2,"lpe":99.96,"lpr":2632.26,"lq":1.0,"d":7837},{"pi":"423153","pc":"Аптека","ss":10000,"td":"Центр города","dc":3,"n":28.8,"vc":"более 2 000","sl":"Высокий","sv":"около 100","p":2207.82,"q":1.5,"b":0.0,"ms":0.01,"wi":102.75,"ei":5.0,"as":931.69,"mi":"E","mv":810045,"sc":2,"lpe":99.96,"lpr":2632.26,"lq":1.0,"d":7837},{"pi":"423153","pc":"Аптека","ss":1000,"td":"Спальный район","dc":3,"n":16.01,"vc":"около 500","sl":"Высокий","sv":"около 200","p":4241.92,"q":22.54,"b":0.0,"ms":0.02,"wi":102.75,"ei":5.0,"as":931.69,"mi":"E","mv":810045,"sc":2,"lpe":99.96,"lpr":2632.26,"lq":1.0,"d":7837},{"pi":"423153","pc":"Аптека","ss":10000,"td":"Центр города","dc":3,"n":28.8,"vc":"более 2 000","sl":"Высокий","sv":"около 100","p":2207.82,"q":1.5,"b":0.0,"ms":0.01,"wi":102.75,"ei":5.0,"as":931.69,"mi":"E","mv":810045,"sc":2,"lpe":99.96,"lpr":2632.26,"lq":1.0,"d":7837},{"pi":"423153","pc":"Аптека","ss":1000,"td":"Спальный район","dc":3,"n":16.01,"vc":"около 500","sl":"Высокий","sv":"около 200","p":4241.92,"q":22.54,"b":0.0,"ms":0.02,"wi":102.75,"ei":5.0,"as":931.69,"mi":"E","mv":810045,"sc":2,"lpe":99.96,"lpr":2632.26,"lq":1.0,"d":7837},{"pi":"423153","pc":"Аптека","ss":10000,"td":"Центр города","dc":3,"n":28.8,"vc":"более 2 000","sl":"Высокий","sv":"около 100","p":2207.82,"q":1.5,"b":0.0,"ms":0.01,"wi":102.75,"ei":5.0,"as":931.69,"mi":"E","mv":810045,"sc":2,"lpe":99.96,"lpr":2632.26,"lq":1.0,"d":7837},{"pi":"423153","pc":"Аптека","ss":10000,"td":"Центр города","dc":3,"n":28.8,"vc":"более 2 000","sl":"Высокий","sv":"около 100","p":2207.82,"q":1.5,"b":0.0,"ms":0.01,"wi":102.75,"ei":5.0,"as":931.69,"mi":"E","mv":810045,"sc":2,"lpe":99.96,"lpr":2632.26,"lq":1.0,"d":7837},{"pi":"423153","pc":"Аптека","ss":10000,"td":"Центр города","dc":3,"n":28.8,"vc":"более 2 000","sl":"Высокий","sv":"около 100","p":2207.82,"q":1.5,"b":0.0,"ms":0.01,"wi":102.75,"ei":5.0,"as":931.69,"mi":"E","mv":810045,"sc":2,"lpe":99.96,"lpr":2632.26,"lq":1.0,"d":7837},{"pi":"423153","pc":"Аптека","ss":1000,"td":"Спальный район","dc":3,"n":16.01,"vc":"около 500","sl":"Высокий","sv":"около 200","p":4241.92,"q":22.54,"b":0.0,"ms":0.02,"wi":102.75,"ei":5.0,"as":931.69,"mi":"E","mv":810045,"sc":2,"lpe":99.96,"lpr":2632.26,"lq":1.0,"d":7837},{"pi":"423153","pc":"Аптека","ss":1000,"td":"Центр города","dc":3,"n":26.05,"vc":"более 200","sl":"Очень высокий","sv":"около 50","p":550.0,"q":1.5,"b":0.0,"ms":0.26,"wi":41.3,"ei":8.95,"as":183.72,"mi":"E","mv":26876,"sc":1,"lpe":99.74,"lpr":564.0,"lq":1.0,"d":222},{"pi":"423153","pc":"Аптека","ss":1000,"td":"Центр города","dc":3,"n":26.05,"vc":"более 200","sl":"Очень высокий","sv":"около 50","p":550.0,"q":1.5,"b":0.0,"ms":0.26,"wi":41.3,"ei":8.95,"as":183.72,"mi":"E","mv":26876,"sc":1,"lpe":99.74,"lpr":564.0,"lq":1.0,"d":222},{"pi":"423153","pc":"Аптека","ss":1000,"td":"Центр города","dc":3,"n":26.05,"vc":"более 200","sl":"Очень высокий","sv":"около 50","p":550.0,"q":1.5,"b":0.0,"ms":0.26,"wi":41.3,"ei":8.95,"as":183.72,"mi":"E","mv":26876,"sc":1,"lpe":99.74,"lpr":564.0,"lq":1.0,"d":222},{"pi":"423153","pc":"Аптека","ss":1000,"td":"Центр города","dc":3,"n":26.05,"vc":"более 200","sl":"Очень высокий","sv":"около 50","p":550.0,"q":1.5,"b":0.0,"ms":0.26,"wi":41.3,"ei":8.95,"as":183.72,"mi":"E","mv":26876,"sc":1,"lpe":99.74,"lpr":564.0,"lq":1.0,"d":222},{"pi":"423153","pc":"Аптека","ss":1000,"td":"Центр города","dc":3,"n":26.05,"vc":"более 200","sl":"Очень высокий","sv":"около 50","p":550.0,"q":1.5,"b":0.0,"ms":0.26,"wi":41.3,"ei":8.95,"as":183.72,"mi":"E","mv":26876,"sc":1,"lpe":99.74,"lpr":564.0,"lq":1.0,"d":222},{"pi":"423153","pc":"Аптека","ss":1000,"td":"Центр города","dc":3,"n":26.05,"vc":"более 200","sl":"Очень высокий","sv":"около 50","p":550.0,"q":1.5,"b":0.0,"ms":0.26,"wi":41.3,"ei":8.95,"as":183.72,"mi":"E","mv":26876,"sc":1,"lpe":99.74,"lpr":564.0,"lq":1.0,"d":222},{"pi":"423153","pc":"Аптека","ss":1000,"td":"Центр города","dc":3,"n":26.05,"vc":"более 200","sl":"Очень высокий","sv":"около 50","p":550.0,"q":1.5,"b":0.0,"ms":0.26,"wi":41.3,"ei":8.95,"as":183.72,"mi":"E","mv":26876,"sc":1,"lpe":99.74,"lpr":564.0,"lq":1.0,"d":222},{"pi":"423153","pc":"Аптека","ss":1000,"td":"Центр города","dc":3,"n":26.05,"vc":"более 200","sl":"Очень высокий","sv":"около 50","p":550.0,"q":1.5,"b":0.0,"ms":0.26,"wi":41.3,"ei":8.95,"as":183.72,"mi":"E","mv":26876,"sc":1,"lpe":99.74,"lpr":564.0,"lq":1.0,"d":222},{"pi":"423153","pc":"Аптека","ss":1000,"td":"Центр города","dc":3,"n":26.05,"vc":"более 200","sl":"Очень высокий","sv":"около 50","p":550.0,"q":1.5,"b":0.0,"ms":0.26,"wi":41.3,"ei":8.95,"as":183.72,"mi":"E","mv":26876,"sc":1,"lpe":99.74,"lpr":564.0,"lq":1.0,"d":222},{"pi":"423153","pc":"Аптека","ss":1000,"td":"Центр города","dc":3,"n":26.05,"vc":"более 200","sl":"Очень высокий","sv":"около 50","p":550.0,"q":1.5,"b":0.0,"ms":0.26,"wi":41.3,"ei":8.95,"as":183.72,"mi":"E","mv":26876,"sc":1,"lpe":99.74,"lpr":564.0,"lq":1.0,"d":222},{"pi":"423153","pc":"Аптека","ss":1000,"td":"Центр города","dc":3,"n":26.05,"vc":"более 200","sl":"Очень высокий","sv":"около 50","p":550.0,"q":1.5,"b":0.0,"ms":0.26,"wi":41.3,"ei":8.95,"as":183.72,"mi":"E","mv":26876,"sc":1,"lpe":99.74,"lpr":564.0,"lq":1.0,"d":222},{"pi":"423153","pc":"Аптека","ss":10000,"td":"Центр города","dc":2,"n":105.94,"vc":"более 2 000","sl":"Элитный","sv":"около 500","p":1199.0,"q":21.53,"b":0.0,"ms":0.13,"wi":108.53,"ei":6.92,"as":347.78,"mi":"E","mv":268655,"sc":1,"lpe":99.87,"lpr":1035.11,"lq":1.0,"d":1921},{"pi":"423153","pc":"Аптека","ss":10000,"td":"Центр города","dc":2,"n":105.94,"vc":"более 2 000","sl":"Элитный","sv":"около 500","p":1199.0,"q":21.53,"b":0.0,"ms":0.13,"wi":108.53,"ei":6.92,"as":347.78,"mi":"E","mv":268655,"sc":1,"lpe":99.87,"lpr":1035.11,"lq":1.0,"d":1921},{"pi":"423153","pc":"Аптека","ss":10000,"td":"Центр города","dc":2,"n":105.94,"vc":"более 2 000","sl":"Элитный","sv":"около 500","p":1199.0,"q":21.53,"b":0.0,"ms":0.13,"wi":108.53,"ei":6.92,"as":347.78,"mi":"E","mv":268655,"sc":1,"lpe":99.87,"lpr":1035.11,"lq":1.0,"d":1921},{"pi":"423153","pc":"Аптека","ss":10000,"td":"Центр города","dc":2,"n":105.94,"vc":"более 2 000","sl":"Элитный","sv":"около 500","p":1199.0,"q":21.53,"b":0.0,"ms":0.13,"wi":108.53,"ei":6.92,"as":347.78,"mi":"E","mv":268655,"sc":1,"lpe":99.87,"lpr":1035.11,"lq":1.0,"d":1921},{"pi":"423153","pc":"Аптека","ss":10000,"td":"Центр города","dc":2,"n":105.94,"vc":"более 2 000","sl":"Элитный","sv":"около 500","p":1199.0,"q":21.53,"b":0.0,"ms":0.13,"wi":108.53,"ei":6.92,"as":347.78,"mi":"E","mv":268655,"sc":1,"lpe":99.87,"lpr":1035.11,"lq":1.0,"d":1921},{"pi":"423153","pc":"Аптека","ss":10000,"td":"Центр города","dc":2,"n":105.94,"vc":"более 2 000","sl":"Элитный","sv":"около 500","p":1199.0,"q":21.53,"b":0.0,"ms":0.13,"wi":108.53,"ei":6.92,"as":347.78,"mi":"E","mv":268655,"sc":1,"lpe":99.87,"lpr":1035.11,"lq":1.0,"d":1921},{"pi":"423153","pc":"Аптека","ss":10000,"td":"Центр города","dc":2,"n":105.94,"vc":"более 2 000","sl":"Элитный","sv":"около 500","p":1199.0,"q":21.53,"b":0.0,"ms":0.13,"wi":108.53,"ei":6.92,"as":347.78,"mi":"E","mv":268655,"sc":1,"lpe":99.87,"lpr":1035.11,"lq":1.0,"d":1921},{"pi":"423153","pc":"Аптека","ss":10000,"td":"Центр города","dc":2,"n":105.94,"vc":"более 2 000","sl":"Элитный","sv":"около 500","p":1199.0,"q":21.53,"b":0.0,"ms":0.13,"wi":108.53,"ei":6.92,"as":347.78,"mi":"E","mv":268655,"sc":1,"lpe":99.87,"lpr":1035.11,"lq":1.0,"d":1921},{"pi":"423153","pc":"Аптека","ss":10000,"td":"Центр города","dc":2,"n":105.94,"vc":"более 2 000","sl":"Элитный","sv":"около 500","p":1199.0,"q":21.53,"b":0.0,"ms":0.13,"wi":108.53,"ei":6.92,"as":347.78,"mi":"E","mv":268655,"sc":1,"lpe":99.87,"lpr":1035.11,"lq":1.0,"d":1921},{"pi":"423153","pc":"Аптека","ss":10000,"td":"Центр города","dc":2,"n":105.94,"vc":"более 2 000","sl":"Элитный","sv":"около 500","p":1199.0,"q":21.53,"b":0.0,"ms":0.13,"wi":108.53,"ei":6.92,"as":347.78,"mi":"E","mv":268655,"sc":1,"lpe":99.87,"lpr":1035.11,"lq":1.0,"d":1921},{"pi":"423153","pc":"Аптека","ss":10000,"td":"Центр города","dc":2,"n":105.94,"vc":"более 2 000","sl":"Элитный","sv":"около 500","p":1199.0,"q":21.53,"b":0.0,"ms":0.13,"wi":108.53,"ei":6.92,"as":347.78,"mi":"E","mv":268655,"sc":1,"lpe":99.87,"lpr":1035.11,"lq":1.0,"d":1921},{"pi":"423153","pc":"Аптека","ss":10000,"td":"Центр города","dc":2,"n":105.94,"vc":"более 2 000","sl":"Элитный","sv":"около 500","p":1199.0,"q":21.53,"b":0.0,"ms":0.13,"wi":108.53,"ei":6.92,"as":347.78,"mi":"E","mv":268655,"sc":1,"lpe":99.87,"lpr":1035.11,"lq":1.0,"d":1921},{"pi":"423153","pc":"Аптека","ss":10000,"td":"Центр города","dc":2,"n":105.94,"vc":"более 2 000","sl":"Элитный","sv":"около 500","p":1199.0,"q":21.53,"b":0.0,"ms":0.13,"wi":108.53,"ei":6.92,"as":347.78,"mi":"E","mv":268655,"sc":1,"lpe":99.87,"lpr":1035.11,"lq":1.0,"d":1921},{"pi":"423153","pc":"Аптека","ss":10000,"td":"Центр города","dc":2,"n":105.94,"vc":"более 2 000","sl":"Элитный","sv":"около 500","p":1199.0,"q":21.53,"b":0.0,"ms":0.13,"wi":108.53,"ei":6.92,"as":347.78,"mi":"E","mv":268655,"sc":1,"lpe":99.87,"lpr":1035.11,"lq":1.0,"d":1921},{"pi":"423153","pc":"Аптека","ss":10000,"td":"Центр города","dc":2,"n":105.94,"vc":"более 2 000","sl":"Элитный","sv":"около 500","p":1199.0,"q":21.53,"b":0.0,"ms":0.13,"wi":108.53,"ei":6.92,"as":347.78,"mi":"E","mv":268655,"sc":1,"lpe":99.87,"lpr":1035.11,"lq":1.0,"d":1921},{"pi":"423153","pc":"Аптека","ss":10000,"td":"Центр города","dc":2,"n":105.94,"vc":"более 2 000","sl":"Элитный","sv":"около 500","p":1199.0,"q":21.53,"b":0.0,"ms":0.13,"wi":108.53,"ei":6.92,"as":347.78,"mi":"E","mv":268655,"sc":1,"lpe":99.87,"lpr":1035.11,"lq":1.0,"d":1921},{"pi":"423153","pc":"Аптека","ss":10000,"td":"Центр города","dc":2,"n":105.94,"vc":"более 2 000","sl":"Элитный","sv":"около 500","p":1199.0,"q":21.53,"b":0.0,"ms":0.13,"wi":108.53,"ei":6.92,"as":347.78,"mi":"E","mv":268655,"sc":1,"lpe":99.87,"lpr":1035.11,"lq":1.0,"d":1921},{"pi":"423153","pc":"Аптека","ss":10000,"td":"Центр города","dc":2,"n":105.94,"vc":"более 2 000","sl":"Элитный","sv":"около 500","p":1199.0,"q":21.53,"b":0.0,"ms":0.13,"wi":108.53,"ei":6.92,"as":347.78,"mi":"E","mv":268655,"sc":1,"lpe":99.87,"lpr":1035.11,"lq":1.0,"d":1921},{"pi":"423153","pc":"Аптека","ss":10000,"td":"Центр города","dc":2,"n":105.94,"vc":"более 2 000","sl":"Элитный","sv":"около 500","p":1199.0,"q":21.53,"b":0.0,"ms":0.13,"wi":108.53,"ei":6.92,"as":347.78,"mi":"E","mv":268655,"sc":1,"lpe":99.87,"lpr":1035.11,"lq":1.0,"d":1921},{"pi":"423153","pc":"Аптека","ss":10000,"td":"Центр города","dc":2,"n":105.94,"vc":"более 2 000","sl":"Элитный","sv":"около 500","p":1199.0,"q":21.53,"b":0.0,"ms":0.13,"wi":108.53,"ei":6.92,"as":347.78,"mi":"E","mv":268655,"sc":1,"lpe":99.87,"lpr":1035.11,"lq":1.0,"d":1921},{"pi":"423153","pc":"Аптека","ss":10000,"td":"Центр города","dc":2,"n":105.94,"vc":"более 2 000","sl":"Элитный","sv":"около 500","p":1199.0,"q":21.53,"b":0.0,"ms":0.13,"wi":108.53,"ei":6.92,"as":347.78,"mi":"E","mv":268655,"sc":1,"lpe":99.87,"lpr":1035.11,"lq":1.0,"d":1921},{"pi":"423153","pc":"Аптека","ss":10000,"td":"Центр города","dc":2,"n":183.0,"vc":"более 2 000","sl":"Элитный","sv":"около 500","p":1799.0,"q":21.53,"b":0.0,"ms":0.82,"wi":89.36,"ei":12.1,"as":545.76,"mi":"E","mv":42610,"sc":1,"lpe":99.18,"lpr":1624.09,"lq":1.0,"d":548},{"pi":"423153","pc":"Аптека","ss":10000,"td":"Центр города","dc":2,"n":183.0,"vc":"более 2 000","sl":"Элитный","sv":"около 500","p":1799.0,"q":21.53,"b":0.0,"ms":0.82,"wi":89.36,"ei":12.1,"as":545.76,"mi":"E","mv":42610,"sc":1,"lpe":99.18,"lpr":1624.09,"lq":1.0,"d":548},{"pi":"423153","pc":"Аптека","ss":10000,"td":"Центр города","dc":2,"n":183.0,"vc":"более 2 000","sl":"Элитный","sv":"около 500","p":1799.0,"q":21.53,"b":0.0,"ms":0.82,"wi":89.36,"ei":12.1,"as":545.76,"mi":"E","mv":42610,"sc":1,"lpe":99.18,"lpr":1624.09,"lq":1.0,"d":548},{"pi":"423153","pc":"Аптека","ss":10000,"td":"Центр города","dc":2,"n":183.0,"vc":"более 2 000","sl":"Элитный","sv":"около 500","p":1799.0,"q":21.53,"b":0.0,"ms":0.82,"wi":89.36,"ei":12.1,"as":545.76,"mi":"E","mv":42610,"sc":1,"lpe":99.18,"lpr":1624.09,"lq":1.0,"d":548},{"pi":"423153","pc":"Аптека","ss":10000,"td":"Центр города","dc":2,"n":183.0,"vc":"более 2 000","sl":"Элитный","sv":"около 500","p":1799.0,"q":21.53,"b":0.0,"ms":0.82,"wi":89.36,"ei":12.1,"as":545.76,"mi":"E","mv":42610,"sc":1,"lpe":99.18,"lpr":1624.09,"lq":1.0,"d":548},{"pi":"423153","pc":"Аптека","ss":10000,"td":"Центр города","dc":2,"n":183.0,"vc":"более 2 000","sl":"Элитный","sv":"около 500","p":1799.0,"q":21.53,"b":0.0,"ms":0.82,"wi":89.36,"ei":12.1,"as":545.76,"mi":"E","mv":42610,"sc":1,"lpe":99.18,"lpr":1624.09,"lq":1.0,"d":548},{"pi":"423153","pc":"Аптека","ss":10000,"td":"Центр города","dc":2,"n":183.0,"vc":"более 2 000","sl":"Элитный","sv":"около 500","p":1799.0,"q":21.53,"b":0.0,"ms":0.82,"wi":89.36,"ei":12.1,"as":545.76,"mi":"E","mv":42610,"sc":1,"lpe":99.18,"lpr":1624.09,"lq":1.0,"d":548},{"pi":"423153","pc":"Аптека","ss":10000,"td":"Центр города","dc":2,"n":183.0,"vc":"более 2 000","sl":"Элитный","sv":"около 500","p":1799.0,"q":21.53,"b":0.0,"ms":0.82,"wi":89.36,"ei":12.1,"as":545.76,"mi":"E","mv":42610,"sc":1,"lpe":99.18,"lpr":1624.09,"lq":1.0,"d":548},{"pi":"423153","pc":"Аптека","ss":10000,"td":"Центр города","dc":2,"n":183.0,"vc":"более 2 000","sl":"Элитный","sv":"около 500","p":1799.0,"q":21.53,"b":0.0,"ms":0.82,"wi":89.36,"ei":12.1,"as":545.76,"mi":"E","mv":42610,"sc":1,"lpe":99.18,"lpr":1624.09,"lq":1.0,"d":548},{"pi":"423153","pc":"Аптека","ss":10000,"td":"Центр города","dc":2,"n":183.0,"vc":"более 2 000","sl":"Элитный","sv":"около 500","p":1799.0,"q":21.53,"b":0.0,"ms":0.82,"wi":89.36,"ei":12.1,"as":545.76,"mi":"E","mv":42610,"sc":1,"lpe":99.18,"lpr":1624.09,"lq":1.0,"d":548},{"pi":"423153","pc":"Аптека","ss":10000,"td":"Центр города","dc":2,"n":183.0,"vc":"более 2 000","sl":"Элитный","sv":"около 500","p":1799.0,"q":21.53,"b":0.0,"ms":0.82,"wi":89.36,"ei":12.1,"as":545.76,"mi":"E","mv":42610,"sc":1,"lpe":99.18,"lpr":1624.09,"lq":1.0,"d":548},{"pi":"423153","pc":"Аптека","ss":10000,"td":"Центр города","dc":2,"n":183.0,"vc":"более 2 000","sl":"Элитный","sv":"около 500","p":1799.0,"q":21.53,"b":0.0,"ms":0.82,"wi":89.36,"ei":12.1,"as":545.76,"mi":"E","mv":42610,"sc":1,"lpe":99.18,"lpr":1624.09,"lq":1.0,"d":548},{"pi":"423153","pc":"Аптека","ss":10000,"td":"Центр города","dc":2,"n":183.0,"vc":"более 2 000","sl":"Элитный","sv":"около 500","p":1799.0,"q":21.53,"b":0.0,"ms":0.82,"wi":89.36,"ei":12.1,"as":545.76,"mi":"E","mv":42610,"sc":1,"lpe":99.18,"lpr":1624.09,"lq":1.0,"d":548},{"pi":"423153","pc":"Аптека","ss":10000,"td":"Центр города","dc":2,"n":183.0,"vc":"более 2 000","sl":"Элитный","sv":"около 500","p":1799.0,"q":21.53,"b":0.0,"ms":0.82,"wi":89.36,"ei":12.1,"as":545.76,"mi":"E","mv":42610,"sc":1,"lpe":99.18,"lpr":1624.09,"lq":1.0,"d":548},{"pi":"423153","pc":"Аптека","ss":10000,"td":"Центр города","dc":2,"n":183.0,"vc":"более 2 000","sl":"Элитный","sv":"около 500","p":1799.0,"q":21.53,"b":0.0,"ms":0.82,"wi":89.36,"ei":12.1,"as":545.76,"mi":"E","mv":42610,"sc":1,"lpe":99.18,"lpr":1624.09,"lq":1.0,"d":548},{"pi":"423153","pc":"Аптека","ss":10000,"td":"Центр города","dc":2,"n":183.0,"vc":"более 2 000","sl":"Элитный","sv":"около 500","p":1799.0,"q":21.53,"b":0.0,"ms":0.82,"wi":89.36,"ei":12.1,"as":545.76,"mi":"E","mv":42610,"sc":1,"lpe":99.18,"lpr":1624.09,"lq":1.0,"d":548},{"pi":"423153","pc":"Аптека","ss":10000,"td":"Центр города","dc":2,"n":183.0,"vc":"более 2 000","sl":"Элитный","sv":"около 500","p":1799.0,"q":21.53,"b":0.0,"ms":0.82,"wi":89.36,"ei":12.1,"as":545.76,"mi":"E","mv":42610,"sc":1,"lpe":99.18,"lpr":1624.09,"lq":1.0,"d":548},{"pi":"423153","pc":"Аптека","ss":10000,"td":"Центр города","dc":2,"n":183.0,"vc":"более 2 000","sl":"Элитный","sv":"около 500","p":1799.0,"q":21.53,"b":0.0,"ms":0.82,"wi":89.36,"ei":12.1,"as":545.76,"mi":"E","mv":42610,"sc":1,"lpe":99.18,"lpr":1624.09,"lq":1.0,"d":548},{"pi":"423153","pc":"Аптека","ss":10000,"td":"Центр города","dc":2,"n":183.0,"vc":"более 2 000","sl":"Элитный","sv":"около 500","p":1799.0,"q":21.53,"b":0.0,"ms":0.82,"wi":89.36,"ei":12.1,"as":545.76,"mi":"E","mv":42610,"sc":1,"lpe":99.18,"lpr":1624.09,"lq":1.0,"d":548},{"pi":"423153","pc":"Аптека","ss":10000,"td":"Центр города","dc":2,"n":214.85,"vc":"более 1 000","sl":"Очень высокий","sv":"около 500","p":799.0,"q":21.53,"b":0.0,"ms":1.77,"wi":49.88,"ei":4.97,"as":274.16,"mi":"E","mv":22543,"sc":1,"lpe":98.23,"lpr":829.32,"lq":1.0,"d":181},{"pi":"423153","pc":"Аптека","ss":10000,"td":"Центр города","dc":2,"n":214.85,"vc":"более 1 000","sl":"Очень высокий","sv":"около 500","p":799.0,"q":21.53,"b":0.0,"ms":1.77,"wi":49.88,"ei":4.97,"as":274.16,"mi":"E","mv":22543,"sc":1,"lpe":98.23,"lpr":829.32,"lq":1.0,"d":181},{"pi":"423153","pc":"Аптека","ss":10000,"td":"Центр города","dc":2,"n":214.85,"vc":"более 1 000","sl":"Очень высокий","sv":"около 500","p":799.0,"q":21.53,"b":0.0,"ms":1.77,"wi":49.88,"ei":4.97,"as":274.16,"mi":"E","mv":22543,"sc":1,"lpe":98.23,"lpr":829.32,"lq":1.0,"d":181},{"pi":"423153","pc":"Аптека","ss":10000,"td":"Центр города","dc":2,"n":214.85,"vc":"более 1 000","sl":"Очень высокий","sv":"около 500","p":799.0,"q":21.53,"b":0.0,"ms":1.77,"wi":49.88,"ei":4.97,"as":274.16,"mi":"E","mv":22543,"sc":1,"lpe":98.23,"lpr":829.32,"lq":1.0,"d":181},{"pi":"423153","pc":"Аптека","ss":10000,"td":"Центр города","dc":2,"n":214.85,"vc":"более 1 000","sl":"Очень высокий","sv":"около 500","p":799.0,"q":21.53,"b":0.0,"ms":1.77,"wi":49.88,"ei":4.97,"as":274.16,"mi":"E","mv":22543,"sc":1,"lpe":98.23,"lpr":829.32,"lq":1.0,"d":181},{"pi":"423153","pc":"Аптека","ss":10000,"td":"Центр города","dc":2,"n":214.85,"vc":"более 1 000","sl":"Очень высокий","sv":"около 500","p":799.0,"q":21.53,"b":0.0,"ms":1.77,"wi":49.88,"ei":4.97,"as":274.16,"mi":"E","mv":22543,"sc":1,"lpe":98.23,"lpr":829.32,"lq":1.0,"d":181},{"pi":"423153","pc":"Аптека","ss":10000,"td":"Центр города","dc":2,"n":214.85,"vc":"более 1 000","sl":"Очень высокий","sv":"около 500","p":799.0,"q":21.53,"b":0.0,"ms":1.77,"wi":49.88,"ei":4.97,"as":274.16,"mi":"E","mv":22543,"sc":1,"lpe":98.23,"lpr":829.32,"lq":1.0,"d":181},{"pi":"423153","pc":"Аптека","ss":10000,"td":"Центр города","dc":2,"n":214.85,"vc":"более 1 000","sl":"Очень высокий","sv":"около 500","p":799.0,"q":21.53,"b":0.0,"ms":1.77,"wi":49.88,"ei":4.97,"as":274.16,"mi":"E","mv":22543,"sc":1,"lpe":98.23,"lpr":829.32,"lq":1.0,"d":181},{"pi":"423153","pc":"Аптека","ss":10000,"td":"Центр города","dc":2,"n":214.85,"vc":"более 1 000","sl":"Очень высокий","sv":"около 500","p":799.0,"q":21.53,"b":0.0,"ms":1.77,"wi":49.88,"ei":4.97,"as":274.16,"mi":"E","mv":22543,"sc":1,"lpe":98.23,"lpr":829.32,"lq":1.0,"d":181},{"pi":"423153","pc":"Аптека","ss":10000,"td":"Центр города","dc":2,"n":214.85,"vc":"более 1 000","sl":"Очень высокий","sv":"около 500","p":799.0,"q":21.53,"b":0.0,"ms":1.77,"wi":49.88,"ei":4.97,"as":274.16,"mi":"E","mv":22543,"sc":1,"lpe":98.23,"lpr":829.32,"lq":1.0,"d":181},{"pi":"423153","pc":"Аптека","ss":10000,"td":"Центр города","dc":2,"n":214.85,"vc":"более 1 000","sl":"Очень высокий","sv":"около 500","p":799.0,"q":21.53,"b":0.0,"ms":1.77,"wi":49.88,"ei":4.97,"as":274.16,"mi":"E","mv":22543,"sc":1,"lpe":98.23,"lpr":829.32,"lq":1.0,"d":181},{"pi":"423153","pc":"Аптека","ss":10000,"td":"Центр города","dc":2,"n":214.85,"vc":"более 1 000","sl":"Очень высокий","sv":"около 500","p":799.0,"q":21.53,"b":0.0,"ms":1.77,"wi":49.88,"ei":4.97,"as":274.16,"mi":"E","mv":22543,"sc":1,"lpe":98.23,"lpr":829.32,"lq":1.0,"d":181},{"pi":"423153","pc":"Аптека","ss":10000,"td":"Центр города","dc":2,"n":214.85,"vc":"более 1 000","sl":"Очень высокий","sv":"около 500","p":799.0,"q":21.53,"b":0.0,"ms":1.77,"wi":49.88,"ei":4.97,"as":274.16,"mi":"E","mv":22543,"sc":1,"lpe":98.23,"lpr":829.32,"lq":1.0,"d":181},{"pi":"423153","pc":"Аптека","ss":10000,"td":"Центр города","dc":2,"n":214.85,"vc":"более 1 000","sl":"Очень высокий","sv":"около 500","p":799.0,"q":21.53,"b":0.0,"ms":1.77,"wi":49.88,"ei":4.97,"as":274.16,"mi":"E","mv":22543,"sc":1,"lpe":98.23,"lpr":829.32,"lq":1.0,"d":181},{"pi":"423153","pc":"Аптека","ss":10000,"td":"Центр города","dc":2,"n":214.85,"vc":"более 1 000","sl":"Очень высокий","sv":"около 500","p":799.0,"q":21.53,"b":0.0,"ms":1.77,"wi":49.88,"ei":4.97,"as":274.16,"mi":"E","mv":22543,"sc":1,"lpe":98.23,"lpr":829.32,"lq":1.0,"d":181},{"pi":"423153","pc":"Аптека","ss":10000,"td":"Центр города","dc":2,"n":214.85,"vc":"более 1 000","sl":"Очень высокий","sv":"около 500","p":799.0,"q":21.53,"b":0.0,"ms":1.77,"wi":49.88,"ei":4.97,"as":274.16,"mi":"E","mv":22543,"sc":1,"lpe":98.23,"lpr":829.32,"lq":1.0,"d":181},{"pi":"423153","pc":"Аптека","ss":10000,"td":"Центр города","dc":2,"n":214.85,"vc":"более 1 000","sl":"Очень высокий","sv":"около 500","p":799.0,"q":21.53,"b":0.0,"ms":1.77,"wi":49.88,"ei":4.97,"as":274.16,"mi":"E","mv":22543,"sc":1,"lpe":98.23,"lpr":829.32,"lq":1.0,"d":181},{"pi":"423153","pc":"Аптека","ss":10000,"td":"Центр города","dc":2,"n":214.85,"vc":"более 1 000","sl":"Очень высокий","sv":"около 500","p":799.0,"q":21.53,"b":0.0,"ms":1.77,"wi":49.88,"ei":4.97,"as":274.16,"mi":"E","mv":22543,"sc":1,"lpe":98.23,"lpr":829.32,"lq":1.0,"d":181},{"pi":"423153","pc":"Аптека","ss":10000,"td":"Центр города","dc":2,"n":214.85,"vc":"более 1 000","sl":"Очень высокий","sv":"около 500","p":799.0,"q":21.53,"b":0.0,"ms":1.77,"wi":49.88,"ei":4.97,"as":274.16,"mi":"E","mv":22543,"sc":1,"lpe":98.23,"lpr":829.32,"lq":1.0,"d":181},{"pi":"423153","pc":"Аптека","ss":10000,"td":"Центр города","dc":2,"n":214.85,"vc":"более 1 000","sl":"Очень высокий","sv":"около 500","p":799.0,"q":21.53,"b":0.0,"ms":1.77,"wi":49.88,"ei":4.97,"as":274.16,"mi":"E","mv":22543,"sc":1,"lpe":98.23,"lpr":829.32,"lq":1.0,"d":181},{"pi":"423153","pc":"Аптека","ss":10000,"td":"Центр города","dc":2,"n":214.85,"vc":"более 1 000","sl":"Очень высокий","sv":"около 500","p":799.0,"q":21.53,"b":0.0,"ms":1.77,"wi":49.88,"ei":4.97,"as":274.16,"mi":"E","mv":22543,"sc":1,"lpe":98.23,"lpr":829.32,"lq":1.0,"d":181},{"pi":"423153","pc":"Аптека","ss":10000,"td":"Центр города","dc":2,"n":202.83,"vc":"более 1 000","sl":"Элитный","sv":"около 500","p":1299.0,"q":21.53,"b":0.0,"ms":1.15,"wi":78.19,"ei":7.14,"as":431.99,"mi":"E","mv":30479,"sc":1,"lpe":98.85,"lpr":1265.7,"lq":1.0,"d":230},{"pi":"423153","pc":"Аптека","ss":10000,"td":"Центр города","dc":2,"n":202.83,"vc":"более 1 000","sl":"Элитный","sv":"около 500","p":1299.0,"q":21.53,"b":0.0,"ms":1.15,"wi":78.19,"ei":7.14,"as":431.99,"mi":"E","mv":30479,"sc":1,"lpe":98.85,"lpr":1265.7,"lq":1.0,"d":230},{"pi":"423153","pc":"Аптека","ss":10000,"td":"Центр города","dc":2,"n":202.83,"vc":"более 1 000","sl":"Элитный","sv":"около 500","p":1299.0,"q":21.53,"b":0.0,"ms":1.15,"wi":78.19,"ei":7.14,"as":431.99,"mi":"E","mv":30479,"sc":1,"lpe":98.85,"lpr":1265.7,"lq":1.0,"d":230},{"pi":"423153","pc":"Аптека","ss":10000,"td":"Центр города","dc":2,"n":202.83,"vc":"более 1 000","sl":"Элитный","sv":"около 500","p":1299.0,"q":21.53,"b":0.0,"ms":1.15,"wi":78.19,"ei":7.14,"as":431.99,"mi":"E","mv":30479,"sc":1,"lpe":98.85,"lpr":1265.7,"lq":1.0,"d":230},{"pi":"423153","pc":"Аптека","ss":10000,"td":"Центр города","dc":2,"n":202.83,"vc":"более 1 000","sl":"Элитный","sv":"около 500","p":1299.0,"q":21.53,"b":0.0,"ms":1.15,"wi":78.19,"ei":7.14,"as":431.99,"mi":"E","mv":30479,"sc":1,"lpe":98.85,"lpr":1265.7,"lq":1.0,"d":230},{"pi":"423153","pc":"Аптека","ss":10000,"td":"Центр города","dc":2,"n":202.83,"vc":"более 1 000","sl":"Элитный","sv":"около 500","p":1299.0,"q":21.53,"b":0.0,"ms":1.15,"wi":78.19,"ei":7.14,"as":431.99,"mi":"E","mv":30479,"sc":1,"lpe":98.85,"lpr":1265.7,"lq":1.0,"d":230},{"pi":"423153","pc":"Аптека","ss":10000,"td":"Центр города","dc":2,"n":202.83,"vc":"более 1 000","sl":"Элитный","sv":"около 500","p":1299.0,"q":21.53,"b":0.0,"ms":1.15,"wi":78.19,"ei":7.14,"as":431.99,"mi":"E","mv":30479,"sc":1,"lpe":98.85,"lpr":1265.7,"lq":1.0,"d":230},{"pi":"423153","pc":"Аптека","ss":10000,"td":"Центр города","dc":2,"n":202.83,"vc":"более 1 000","sl":"Элитный","sv":"около 500","p":1299.0,"q":21.53,"b":0.0,"ms":1.15,"wi":78.19,"ei":7.14,"as":431.99,"mi":"E","mv":30479,"sc":1,"lpe":98.85,"lpr":1265.7,"lq":1.0,"d":230},{"pi":"423153","pc":"Аптека","ss":10000,"td":"Центр города","dc":2,"n":202.83,"vc":"более 1 000","sl":"Элитный","sv":"около 500","p":1299.0,"q":21.53,"b":0.0,"ms":1.15,"wi":78.19,"ei":7.14,"as":431.99,"mi":"E","mv":30479,"sc":1,"lpe":98.85,"lpr":1265.7,"lq":1.0,"d":230},{"pi":"423153","pc":"Аптека","ss":10000,"td":"Центр города","dc":2,"n":202.83,"vc":"более 1 000","sl":"Элитный","sv":"около 500","p":1299.0,"q":21.53,"b":0.0,"ms":1.15,"wi":78.19,"ei":7.14,"as":431.99,"mi":"E","mv":30479,"sc":1,"lpe":98.85,"lpr":1265.7,"lq":1.0,"d":230},{"pi":"423153","pc":"Аптека","ss":10000,"td":"Центр города","dc":2,"n":202.83,"vc":"более 1 000","sl":"Элитный","sv":"около 500","p":1299.0,"q":21.53,"b":0.0,"ms":1.15,"wi":78.19,"ei":7.14,"as":431.99,"mi":"E","mv":30479,"sc":1,"lpe":98.85,"lpr":1265.7,"lq":1.0,"d":230},{"pi":"423153","pc":"Аптека","ss":10000,"td":"Центр города","dc":2,"n":202.83,"vc":"более 1 000","sl":"Элитный","sv":"около 500","p":1299.0,"q":21.53,"b":0.0,"ms":1.15,"wi":78.19,"ei":7.14,"as":431.99,"mi":"E","mv":30479,"sc":1,"lpe":98.85,"lpr":1265.7,"lq":1.0,"d":230},{"pi":"423153","pc":"Аптека","ss":10000,"td":"Центр города","dc":2,"n":202.83,"vc":"более 1 000","sl":"Элитный","sv":"около 500","p":1299.0,"q":21.53,"b":0.0,"ms":1.15,"wi":78.19,"ei":7.14,"as":431.99,"mi":"E","mv":30479,"sc":1,"lpe":98.85,"lpr":1265.7,"lq":1.0,"d":230},{"pi":"423153","pc":"Аптека","ss":10000,"td":"Центр города","dc":2,"n":202.83,"vc":"более 1 000","sl":"Элитный","sv":"около 500","p":1299.0,"q":21.53,"b":0.0,"ms":1.15,"wi":78.19,"ei":7.14,"as":431.99,"mi":"E","mv":30479,"sc":1,"lpe":98.85,"lpr":1265.7,"lq":1.0,"d":230},{"pi":"423153","pc":"Аптека","ss":10000,"td":"Центр города","dc":2,"n":202.83,"vc":"более 1 000","sl":"Элитный","sv":"около 500","p":1299.0,"q":21.53,"b":0.0,"ms":1.15,"wi":78.19,"ei":7.14,"as":431.99,"mi":"E","mv":30479,"sc":1,"lpe":98.85,"lpr":1265.7,"lq":1.0,"d":230},{"pi":"423153","pc":"Аптека","ss":10000,"td":"Центр города","dc":2,"n":202.83,"vc":"более 1 000","sl":"Элитный","sv":"около 500","p":1299.0,"q":21.53,"b":0.0,"ms":1.15,"wi":78.19,"ei":7.14,"as":431.99,"mi":"E","mv":30479,"sc":1,"lpe":98.85,"lpr":1265.7,"lq":1.0,"d":230},{"pi":"423153","pc":"Аптека","ss":10000,"td":"Центр города","dc":2,"n":202.83,"vc":"более 1 000","sl":"Элитный","sv":"около 500","p":1299.0,"q":21.53,"b":0.0,"ms":1.15,"wi":78.19,"ei":7.14,"as":431.99,"mi":"E","mv":30479,"sc":1,"lpe":98.85,"lpr":1265.7,"lq":1.0,"d":230},{"pi":"423153","pc":"Аптека","ss":10000,"td":"Центр города","dc":2,"n":202.83,"vc":"более 1 000","sl":"Элитный","sv":"около 500","p":1299.0,"q":21.53,"b":0.0,"ms":1.15,"wi":78.19,"ei":7.14,"as":431.99,"mi":"E","mv":30479,"sc":1,"lpe":98.85,"lpr":1265.7,"lq":1.0,"d":230},{"pi":"423153","pc":"Аптека","ss":10000,"td":"Центр города","dc":2,"n":202.83,"vc":"более 1 000","sl":"Элитный","sv":"около 500","p":1299.0,"q":21.53,"b":0.0,"ms":1.15,"wi":78.19,"ei":7.14,"as":431.99,"mi":"E","mv":30479,"sc":1,"lpe":98.85,"lpr":1265.7,"lq":1.0,"d":230},{"pi":"423153","pc":"Аптека","ss":10000,"td":"Центр города","dc":2,"n":202.83,"vc":"более 1 000","sl":"Элитный","sv":"около 500","p":1299.0,"q":21.53,"b":0.0,"ms":1.15,"wi":78.19,"ei":7.14,"as":431.99,"mi":"E","mv":30479,"sc":1,"lpe":98.85,"lpr":1265.7,"lq":1.0,"d":230},{"pi":"423153","pc":"Аптека","ss":10000,"td":"Центр города","dc":2,"n":202.83,"vc":"более 1 000","sl":"Элитный","sv":"около 500","p":1299.0,"q":21.53,"b":0.0,"ms":1.15,"wi":78.19,"ei":7.14,"as":431.99,"mi":"E","mv":30479,"sc":1,"lpe":98.85,"lpr":1265.7,"lq":1.0,"d":230},{"pi":"423153","pc":"Аптека","ss":10000,"td":"Центр города","dc":2,"n":143.17,"vc":"более 2 000","sl":"Элитный","sv":"около 500","p":1099.0,"q":21.53,"b":0.0,"ms":0.33,"wi":102.34,"ei":6.73,"as":345.1,"mi":"E","mv":106877,"sc":1,"lpe":99.67,"lpr":1150.75,"lq":1.0,"d":840},{"pi":"423153","pc":"Аптека","ss":10000,"td":"Центр города","dc":2,"n":143.17,"vc":"более 2 000","sl":"Элитный","sv":"около 500","p":1099.0,"q":21.53,"b":0.0,"ms":0.33,"wi":102.34,"ei":6.73,"as":345.1,"mi":"E","mv":106877,"sc":1,"lpe":99.67,"lpr":1150.75,"lq":1.0,"d":840},{"pi":"423153","pc":"Аптека","ss":10000,"td":"Центр города","dc":2,"n":143.17,"vc":"более 2 000","sl":"Элитный","sv":"около 500","p":1099.0,"q":21.53,"b":0.0,"ms":0.33,"wi":102.34,"ei":6.73,"as":345.1,"mi":"E","mv":106877,"sc":1,"lpe":99.67,"lpr":1150.75,"lq":1.0,"d":840},{"pi":"423153","pc":"Аптека","ss":10000,"td":"Центр города","dc":2,"n":143.17,"vc":"более 2 000","sl":"Элитный","sv":"около 500","p":1099.0,"q":21.53,"b":0.0,"ms":0.33,"wi":102.34,"ei":6.73,"as":345.1,"mi":"E","mv":106877,"sc":1,"lpe":99.67,"lpr":1150.75,"lq":1.0,"d":840},{"pi":"423153","pc":"Аптека","ss":10000,"td":"Центр города","dc":2,"n":143.17,"vc":"более 2 000","sl":"Элитный","sv":"около 500","p":1099.0,"q":21.53,"b":0.0,"ms":0.33,"wi":102.34,"ei":6.73,"as":345.1,"mi":"E","mv":106877,"sc":1,"lpe":99.67,"lpr":1150.75,"lq":1.0,"d":840},{"pi":"423153","pc":"Аптека","ss":10000,"td":"Центр города","dc":2,"n":143.17,"vc":"более 2 000","sl":"Элитный","sv":"около 500","p":1099.0,"q":21.53,"b":0.0,"ms":0.33,"wi":102.34,"ei":6.73,"as":345.1,"mi":"E","mv":106877,"sc":1,"lpe":99.67,"lpr":1150.75,"lq":1.0,"d":840},{"pi":"423153","pc":"Аптека","ss":10000,"td":"Центр города","dc":2,"n":143.17,"vc":"более 2 000","sl":"Элитный","sv":"около 500","p":1099.0,"q":21.53,"b":0.0,"ms":0.33,"wi":102.34,"ei":6.73,"as":345.1,"mi":"E","mv":106877,"sc":1,"lpe":99.67,"lpr":1150.75,"lq":1.0,"d":840},{"pi":"423153","pc":"Аптека","ss":10000,"td":"Центр города","dc":2,"n":143.17,"vc":"более 2 000","sl":"Элитный","sv":"около 500","p":1099.0,"q":21.53,"b":0.0,"ms":0.33,"wi":102.34,"ei":6.73,"as":345.1,"mi":"E","mv":106877,"sc":1,"lpe":99.67,"lpr":1150.75,"lq":1.0,"d":840},{"pi":"423153","pc":"Аптека","ss":10000,"td":"Центр города","dc":2,"n":143.17,"vc":"более 2 000","sl":"Элитный","sv":"около 500","p":1099.0,"q":21.53,"b":0.0,"ms":0.33,"wi":102.34,"ei":6.73,"as":345.1,"mi":"E","mv":106877,"sc":1,"lpe":99.67,"lpr":1150.75,"lq":1.0,"d":840},{"pi":"423153","pc":"Аптека","ss":10000,"td":"Центр города","dc":2,"n":143.17,"vc":"более 2 000","sl":"Элитный","sv":"около 500","p":1099.0,"q":21.53,"b":0.0,"ms":0.33,"wi":102.34,"ei":6.73,"as":345.1,"mi":"E","mv":106877,"sc":1,"lpe":99.67,"lpr":1150.75,"lq":1.0,"d":840},{"pi":"423153","pc":"Аптека","ss":10000,"td":"Центр города","dc":2,"n":143.17,"vc":"более 2 000","sl":"Элитный","sv":"около 500","p":1099.0,"q":21.53,"b":0.0,"ms":0.33,"wi":102.34,"ei":6.73,"as":345.1,"mi":"E","mv":106877,"sc":1,"lpe":99.67,"lpr":1150.75,"lq":1.0,"d":840},{"pi":"423153","pc":"Аптека","ss":10000,"td":"Центр города","dc":2,"n":143.17,"vc":"более 2 000","sl":"Элитный","sv":"около 500","p":1099.0,"q":21.53,"b":0.0,"ms":0.33,"wi":102.34,"ei":6.73,"as":345.1,"mi":"E","mv":106877,"sc":1,"lpe":99.67,"lpr":1150.75,"lq":1.0,"d":840},{"pi":"423153","pc":"Аптека","ss":10000,"td":"Центр города","dc":2,"n":143.17,"vc":"более 2 000","sl":"Элитный","sv":"около 500","p":1099.0,"q":21.53,"b":0.0,"ms":0.33,"wi":102.34,"ei":6.73,"as":345.1,"mi":"E","mv":106877,"sc":1,"lpe":99.67,"lpr":1150.75,"lq":1.0,"d":840},{"pi":"423153","pc":"Аптека","ss":10000,"td":"Центр города","dc":2,"n":143.17,"vc":"более 2 000","sl":"Элитный","sv":"около 500","p":1099.0,"q":21.53,"b":0.0,"ms":0.33,"wi":102.34,"ei":6.73,"as":345.1,"mi":"E","mv":106877,"sc":1,"lpe":99.67,"lpr":1150.75,"lq":1.0,"d":840},{"pi":"423153","pc":"Аптека","ss":10000,"td":"Центр города","dc":2,"n":143.17,"vc":"более 2 000","sl":"Элитный","sv":"около 500","p":1099.0,"q":21.53,"b":0.0,"ms":0.33,"wi":102.34,"ei":6.73,"as":345.1,"mi":"E","mv":106877,"sc":1,"lpe":99.67,"lpr":1150.75,"lq":1.0,"d":840},{"pi":"423153","pc":"Аптека","ss":10000,"td":"Центр города","dc":2,"n":143.17,"vc":"более 2 000","sl":"Элитный","sv":"около 500","p":1099.0,"q":21.53,"b":0.0,"ms":0.33,"wi":102.34,"ei":6.73,"as":345.1,"mi":"E","mv":106877,"sc":1,"lpe":99.67,"lpr":1150.75,"lq":1.0,"d":840},{"pi":"423153","pc":"Аптека","ss":10000,"td":"Центр города","dc":2,"n":143.17,"vc":"более 2 000","sl":"Элитный","sv":"около 500","p":1099.0,"q":21.53,"b":0.0,"ms":0.33,"wi":102.34,"ei":6.73,"as":345.1,"mi":"E","mv":106877,"sc":1,"lpe":99.67,"lpr":1150.75,"lq":1.0,"d":840},{"pi":"423153","pc":"Аптека","ss":10000,"td":"Центр города","dc":2,"n":143.17,"vc":"более 2 000","sl":"Элитный","sv":"около 500","p":1099.0,"q":21.53,"b":0.0,"ms":0.33,"wi":102.34,"ei":6.73,"as":345.1,"mi":"E","mv":106877,"sc":1,"lpe":99.67,"lpr":1150.75,"lq":1.0,"d":840},{"pi":"423153","pc":"Аптека","ss":10000,"td":"Центр города","dc":2,"n":143.17,"vc":"более 2 000","sl":"Элитный","sv":"около 500","p":1099.0,"q":21.53,"b":0.0,"ms":0.33,"wi":102.34,"ei":6.73,"as":345.1,"mi":"E","mv":106877,"sc":1,"lpe":99.67,"lpr":1150.75,"lq":1.0,"d":840},{"pi":"423153","pc":"Аптека","ss":10000,"td":"Центр города","dc":2,"n":143.17,"vc":"более 2 000","sl":"Элитный","sv":"около 500","p":1099.0,"q":21.53,"b":0.0,"ms":0.33,"wi":102.34,"ei":6.73,"as":345.1,"mi":"E","mv":106877,"sc":1,"lpe":99.67,"lpr":1150.75,"lq":1.0,"d":840},{"pi":"423153","pc":"Аптека","ss":10000,"td":"Центр города","dc":2,"n":169.99,"vc":"более 2 000","sl":"Элитный","sv":"около 500","p":999.0,"q":21.53,"b":0.0,"ms":0.62,"wi":102.71,"ei":6.14,"as":338.19,"mi":"E","mv":56841,"sc":1,"lpe":99.38,"lpr":1141.81,"lq":1.0,"d":455},{"pi":"423153","pc":"Аптека","ss":10000,"td":"Центр города","dc":2,"n":169.99,"vc":"более 2 000","sl":"Элитный","sv":"около 500","p":999.0,"q":21.53,"b":0.0,"ms":0.62,"wi":102.71,"ei":6.14,"as":338.19,"mi":"E","mv":56841,"sc":1,"lpe":99.38,"lpr":1141.81,"lq":1.0,"d":455},{"pi":"423153","pc":"Аптека","ss":10000,"td":"Центр города","dc":2,"n":169.99,"vc":"более 2 000","sl":"Элитный","sv":"около 500","p":999.0,"q":21.53,"b":0.0,"ms":0.62,"wi":102.71,"ei":6.14,"as":338.19,"mi":"E","mv":56841,"sc":1,"lpe":99.38,"lpr":1141.81,"lq":1.0,"d":455},{"pi":"423153","pc":"Аптека","ss":10000,"td":"Центр города","dc":2,"n":169.99,"vc":"более 2 000","sl":"Элитный","sv":"около 500","p":999.0,"q":21.53,"b":0.0,"ms":0.62,"wi":102.71,"ei":6.14,"as":338.19,"mi":"E","mv":56841,"sc":1,"lpe":99.38,"lpr":1141.81,"lq":1.0,"d":455},{"pi":"423153","pc":"Аптека","ss":10000,"td":"Центр города","dc":2,"n":169.99,"vc":"более 2 000","sl":"Элитный","sv":"около 500","p":999.0,"q":21.53,"b":0.0,"ms":0.62,"wi":102.71,"ei":6.14,"as":338.19,"mi":"E","mv":56841,"sc":1,"lpe":99.38,"lpr":1141.81,"lq":1.0,"d":455},{"pi":"423153","pc":"Аптека","ss":10000,"td":"Центр города","dc":2,"n":169.99,"vc":"более 2 000","sl":"Элитный","sv":"около 500","p":999.0,"q":21.53,"b":0.0,"ms":0.62,"wi":102.71,"ei":6.14,"as":338.19,"mi":"E","mv":56841,"sc":1,"lpe":99.38,"lpr":1141.81,"lq":1.0,"d":455},{"pi":"423153","pc":"Аптека","ss":10000,"td":"Центр города","dc":2,"n":169.99,"vc":"более 2 000","sl":"Элитный","sv":"около 500","p":999.0,"q":21.53,"b":0.0,"ms":0.62,"wi":102.71,"ei":6.14,"as":338.19,"mi":"E","mv":56841,"sc":1,"lpe":99.38,"lpr":1141.81,"lq":1.0,"d":455},{"pi":"423153","pc":"Аптека","ss":10000,"td":"Центр города","dc":2,"n":169.99,"vc":"более 2 000","sl":"Элитный","sv":"около 500","p":999.0,"q":21.53,"b":0.0,"ms":0.62,"wi":102.71,"ei":6.14,"as":338.19,"mi":"E","mv":56841,"sc":1,"lpe":99.38,"lpr":1141.81,"lq":1.0,"d":455},{"pi":"423153","pc":"Аптека","ss":10000,"td":"Центр города","dc":2,"n":169.99,"vc":"более 2 000","sl":"Элитный","sv":"около 500","p":999.0,"q":21.53,"b":0.0,"ms":0.62,"wi":102.71,"ei":6.14,"as":338.19,"mi":"E","mv":56841,"sc":1,"lpe":99.38,"lpr":1141.81,"lq":1.0,"d":455},{"pi":"423153","pc":"Аптека","ss":10000,"td":"Центр города","dc":2,"n":169.99,"vc":"более 2 000","sl":"Элитный","sv":"около 500","p":999.0,"q":21.53,"b":0.0,"ms":0.62,"wi":102.71,"ei":6.14,"as":338.19,"mi":"E","mv":56841,"sc":1,"lpe":99.38,"lpr":1141.81,"lq":1.0,"d":455},{"pi":"423153","pc":"Аптека","ss":10000,"td":"Центр города","dc":2,"n":169.99,"vc":"более 2 000","sl":"Элитный","sv":"около 500","p":999.0,"q":21.53,"b":0.0,"ms":0.62,"wi":102.71,"ei":6.14,"as":338.19,"mi":"E","mv":56841,"sc":1,"lpe":99.38,"lpr":1141.81,"lq":1.0,"d":455},{"pi":"423153","pc":"Аптека","ss":10000,"td":"Центр города","dc":2,"n":169.99,"vc":"более 2 000","sl":"Элитный","sv":"около 500","p":999.0,"q":21.53,"b":0.0,"ms":0.62,"wi":102.71,"ei":6.14,"as":338.19,"mi":"E","mv":56841,"sc":1,"lpe":99.38,"lpr":1141.81,"lq":1.0,"d":455},{"pi":"423153","pc":"Аптека","ss":10000,"td":"Центр города","dc":2,"n":169.99,"vc":"более 2 000","sl":"Элитный","sv":"около 500","p":999.0,"q":21.53,"b":0.0,"ms":0.62,"wi":102.71,"ei":6.14,"as":338.19,"mi":"E","mv":56841,"sc":1,"lpe":99.38,"lpr":1141.81,"lq":1.0,"d":455},{"pi":"423153","pc":"Аптека","ss":10000,"td":"Центр города","dc":2,"n":169.99,"vc":"более 2 000","sl":"Элитный","sv":"около 500","p":999.0,"q":21.53,"b":0.0,"ms":0.62,"wi":102.71,"ei":6.14,"as":338.19,"mi":"E","mv":56841,"sc":1,"lpe":99.38,"lpr":1141.81,"lq":1.0,"d":455},{"pi":"423153","pc":"Аптека","ss":10000,"td":"Центр города","dc":2,"n":169.99,"vc":"более 2 000","sl":"Элитный","sv":"около 500","p":999.0,"q":21.53,"b":0.0,"ms":0.62,"wi":102.71,"ei":6.14,"as":338.19,"mi":"E","mv":56841,"sc":1,"lpe":99.38,"lpr":1141.81,"lq":1.0,"d":455},{"pi":"423153","pc":"Аптека","ss":10000,"td":"Центр города","dc":2,"n":169.99,"vc":"более 2 000","sl":"Элитный","sv":"около 500","p":999.0,"q":21.53,"b":0.0,"ms":0.62,"wi":102.71,"ei":6.14,"as":338.19,"mi":"E","mv":56841,"sc":1,"lpe":99.38,"lpr":1141.81,"lq":1.0,"d":455},{"pi":"423153","pc":"Аптека","ss":10000,"td":"Центр города","dc":2,"n":169.99,"vc":"более 2 000","sl":"Элитный","sv":"около 500","p":999.0,"q":21.53,"b":0.0,"ms":0.62,"wi":102.71,"ei":6.14,"as":338.19,"mi":"E","mv":56841,"sc":1,"lpe":99.38,"lpr":1141.81,"lq":1.0,"d":455},{"pi":"423153","pc":"Аптека","ss":10000,"td":"Центр города","dc":2,"n":169.99,"vc":"более 2 000","sl":"Элитный","sv":"около 500","p":999.0,"q":21.53,"b":0.0,"ms":0.62,"wi":102.71,"ei":6.14,"as":338.19,"mi":"E","mv":56841,"sc":1,"lpe":99.38,"lpr":1141.81,"lq":1.0,"d":455},{"pi":"423153","pc":"Аптека","ss":10000,"td":"Центр города","dc":2,"n":169.99,"vc":"более 2 000","sl":"Элитный","sv":"около 500","p":999.0,"q":21.53,"b":0.0,"ms":0.62,"wi":102.71,"ei":6.14,"as":338.19,"mi":"E","mv":56841,"sc":1,"lpe":99.38,"lpr":1141.81,"lq":1.0,"d":455},{"pi":"423153","pc":"Аптека","ss":10000,"td":"Центр города","dc":2,"n":168.53,"vc":"более 2 000","sl":"Элитный","sv":"около 500","p":899.0,"q":21.53,"b":0.0,"ms":0.52,"wi":74.81,"ei":14.25,"as":306.83,"mi":"E","mv":67039,"sc":1,"lpe":99.48,"lpr":1024.81,"lq":1.0,"d":539},{"pi":"423153","pc":"Аптека","ss":10000,"td":"Центр города","dc":2,"n":168.53,"vc":"более 2 000","sl":"Элитный","sv":"около 500","p":899.0,"q":21.53,"b":0.0,"ms":0.52,"wi":74.81,"ei":14.25,"as":306.83,"mi":"E","mv":67039,"sc":1,"lpe":99.48,"lpr":1024.81,"lq":1.0,"d":539},{"pi":"423153","pc":"Аптека","ss":10000,"td":"Центр города","dc":2,"n":168.53,"vc":"более 2 000","sl":"Элитный","sv":"около 500","p":899.0,"q":21.53,"b":0.0,"ms":0.52,"wi":74.81,"ei":14.25,"as":306.83,"mi":"E","mv":67039,"sc":1,"lpe":99.48,"lpr":1024.81,"lq":1.0,"d":539},{"pi":"423153","pc":"Аптека","ss":10000,"td":"Центр города","dc":2,"n":168.53,"vc":"более 2 000","sl":"Элитный","sv":"около 500","p":899.0,"q":21.53,"b":0.0,"ms":0.52,"wi":74.81,"ei":14.25,"as":306.83,"mi":"E","mv":67039,"sc":1,"lpe":99.48,"lpr":1024.81,"lq":1.0,"d":539},{"pi":"423153","pc":"Аптека","ss":10000,"td":"Центр города","dc":2,"n":168.53,"vc":"более 2 000","sl":"Элитный","sv":"около 500","p":899.0,"q":21.53,"b":0.0,"ms":0.52,"wi":74.81,"ei":14.25,"as":306.83,"mi":"E","mv":67039,"sc":1,"lpe":99.48,"lpr":1024.81,"lq":1.0,"d":539},{"pi":"423153","pc":"Аптека","ss":10000,"td":"Центр города","dc":2,"n":168.53,"vc":"более 2 000","sl":"Элитный","sv":"около 500","p":899.0,"q":21.53,"b":0.0,"ms":0.52,"wi":74.81,"ei":14.25,"as":306.83,"mi":"E","mv":67039,"sc":1,"lpe":99.48,"lpr":1024.81,"lq":1.0,"d":539},{"pi":"423153","pc":"Аптека","ss":10000,"td":"Центр города","dc":2,"n":168.53,"vc":"более 2 000","sl":"Элитный","sv":"около 500","p":899.0,"q":21.53,"b":0.0,"ms":0.52,"wi":74.81,"ei":14.25,"as":306.83,"mi":"E","mv":67039,"sc":1,"lpe":99.48,"lpr":1024.81,"lq":1.0,"d":539},{"pi":"423153","pc":"Аптека","ss":10000,"td":"Центр города","dc":2,"n":168.53,"vc":"более 2 000","sl":"Элитный","sv":"около 500","p":899.0,"q":21.53,"b":0.0,"ms":0.52,"wi":74.81,"ei":14.25,"as":306.83,"mi":"E","mv":67039,"sc":1,"lpe":99.48,"lpr":1024.81,"lq":1.0,"d":539},{"pi":"423153","pc":"Аптека","ss":10000,"td":"Центр города","dc":2,"n":168.53,"vc":"более 2 000","sl":"Элитный","sv":"около 500","p":899.0,"q":21.53,"b":0.0,"ms":0.52,"wi":74.81,"ei":14.25,"as":306.83,"mi":"E","mv":67039,"sc":1,"lpe":99.48,"lpr":1024.81,"lq":1.0,"d":539},{"pi":"423153","pc":"Аптека","ss":10000,"td":"Центр города","dc":2,"n":168.53,"vc":"более 2 000","sl":"Элитный","sv":"около 500","p":899.0,"q":21.53,"b":0.0,"ms":0.52,"wi":74.81,"ei":14.25,"as":306.83,"mi":"E","mv":67039,"sc":1,"lpe":99.48,"lpr":1024.81,"lq":1.0,"d":539},{"pi":"423153","pc":"Аптека","ss":10000,"td":"Центр города","dc":2,"n":168.53,"vc":"более 2 000","sl":"Элитный","sv":"около 500","p":899.0,"q":21.53,"b":0.0,"ms":0.52,"wi":74.81,"ei":14.25,"as":306.83,"mi":"E","mv":67039,"sc":1,"lpe":99.48,"lpr":1024.81,"lq":1.0,"d":539},{"pi":"423153","pc":"Аптека","ss":10000,"td":"Центр города","dc":2,"n":168.53,"vc":"более 2 000","sl":"Элитный","sv":"около 500","p":899.0,"q":21.53,"b":0.0,"ms":0.52,"wi":74.81,"ei":14.25,"as":306.83,"mi":"E","mv":67039,"sc":1,"lpe":99.48,"lpr":1024.81,"lq":1.0,"d":539},{"pi":"423153","pc":"Аптека","ss":10000,"td":"Центр города","dc":2,"n":168.53,"vc":"более 2 000","sl":"Элитный","sv":"около 500","p":899.0,"q":21.53,"b":0.0,"ms":0.52,"wi":74.81,"ei":14.25,"as":306.83,"mi":"E","mv":67039,"sc":1,"lpe":99.48,"lpr":1024.81,"lq":1.0,"d":539},{"pi":"423153","pc":"Аптека","ss":10000,"td":"Центр города","dc":2,"n":168.53,"vc":"более 2 000","sl":"Элитный","sv":"около 500","p":899.0,"q":21.53,"b":0.0,"ms":0.52,"wi":74.81,"ei":14.25,"as":306.83,"mi":"E","mv":67039,"sc":1,"lpe":99.48,"lpr":1024.81,"lq":1.0,"d":539},{"pi":"423153","pc":"Аптека","ss":10000,"td":"Центр города","dc":2,"n":168.53,"vc":"более 2 000","sl":"Элитный","sv":"около 500","p":899.0,"q":21.53,"b":0.0,"ms":0.52,"wi":74.81,"ei":14.25,"as":306.83,"mi":"E","mv":67039,"sc":1,"lpe":99.48,"lpr":1024.81,"lq":1.0,"d":539},{"pi":"423153","pc":"Аптека","ss":10000,"td":"Центр города","dc":2,"n":168.53,"vc":"более 2 000","sl":"Элитный","sv":"около 500","p":899.0,"q":21.53,"b":0.0,"ms":0.52,"wi":74.81,"ei":14.25,"as":306.83,"mi":"E","mv":67039,"sc":1,"lpe":99.48,"lpr":1024.81,"lq":1.0,"d":539},{"pi":"423153","pc":"Аптека","ss":10000,"td":"Центр города","dc":2,"n":168.53,"vc":"более 2 000","sl":"Элитный","sv":"около 500","p":899.0,"q":21.53,"b":0.0,"ms":0.52,"wi":74.81,"ei":14.25,"as":306.83,"mi":"E","mv":67039,"sc":1,"lpe":99.48,"lpr":1024.81,"lq":1.0,"d":539},{"pi":"423153","pc":"Аптека","ss":10000,"td":"Центр города","dc":2,"n":168.53,"vc":"более 2 000","sl":"Элитный","sv":"около 500","p":899.0,"q":21.53,"b":0.0,"ms":0.52,"wi":74.81,"ei":14.25,"as":306.83,"mi":"E","mv":67039,"sc":1,"lpe":99.48,"lpr":1024.81,"lq":1.0,"d":539},{"pi":"423153","pc":"Аптека","ss":10000,"td":"Центр города","dc":2,"n":168.53,"vc":"более 2 000","sl":"Элитный","sv":"около 500","p":899.0,"q":21.53,"b":0.0,"ms":0.52,"wi":74.81,"ei":14.25,"as":306.83,"mi":"E","mv":67039,"sc":1,"lpe":99.48,"lpr":1024.81,"lq":1.0,"d":539},{"pi":"423153","pc":"Аптека","ss":10000,"td":"Центр города","dc":2,"n":168.53,"vc":"более 2 000","sl":"Элитный","sv":"около 500","p":899.0,"q":21.53,"b":0.0,"ms":0.52,"wi":74.81,"ei":14.25,"as":306.83,"mi":"E","mv":67039,"sc":1,"lpe":99.48,"lpr":1024.81,"lq":1.0,"d":539},{"pi":"423153","pc":"Аптека","ss":10000,"td":"Центр города","dc":2,"n":168.53,"vc":"более 2 000","sl":"Элитный","sv":"около 500","p":899.0,"q":21.53,"b":0.0,"ms":0.52,"wi":74.81,"ei":14.25,"as":306.83,"mi":"E","mv":67039,"sc":1,"lpe":99.48,"lpr":1024.81,"lq":1.0,"d":539}]