[{"pi":"1496","pc":"Продукты питания","ss":100,"td":"Окраина","dc":1,"n":49.5,"vc":"более 100","sl":"Низкий","sv":"около 50","p":31.0,"q":1.05,"b":0.0,"wi":0.1,"ei":4.29,"as":136.12,"mi":"E","mv":10376284,"sc":1,"lpe":100.0,"lpr":25.59,"lq":1.0},{"pi":"1496","pc":"Продукты питания","ss":100,"td":"Окраина","dc":1,"n":49.5,"vc":"более 100","sl":"Низкий","sv":"около 50","p":31.0,"q":1.05,"b":0.0,"wi":0.1,"ei":4.29,"as":136.12,"mi":"E","mv":10376284,"sc":1,"lpe":100.0,"lpr":25.59,"lq":1.0},{"pi":"1496","pc":"Продукты питания","ss":100,"td":"Окраина","dc":1,"n":49.5,"vc":"более 100","sl":"Низкий","sv":"около 50","p":31.0,"q":1.05,"b":0.0,"wi":0.1,"ei":4.29,"as":136.12,"mi":"E","mv":10376284,"sc":1,"lpe":100.0,"lpr":25.59,"lq":1.0},{"pi":"1496","pc":"Продукты питания","ss":100,"td":"Окраина","dc":1,"n":49.5,"vc":"более 100","sl":"Низкий","sv":"около 50","p":31.0,"q":1.05,"b":0.0,"wi":0.1,"ei":4.29,"as":136.12,"mi":"E","mv":10376284,"sc":1,"lpe":100.0,"lpr":25.59,"lq":1.0},{"pi":"1496","pc":"Продукты питания","ss":100,"td":"Окраина","dc":1,"n":49.5,"vc":"более 100","sl":"Низкий","sv":"около 50","p":31.0,"q":1.05,"b":0.0,"wi":0.1,"ei":4.29,"as":136.12,"mi":"E","mv":10376284,"sc":1,"lpe":100.0,"lpr":25.59,"lq":1.0},{"pi":"1496","pc":"Продукты питания","ss":100,"td":"Окраина","dc":1,"n":49.5,"vc":"более 100","sl":"Низкий","sv":"около 50","p":31.0,"q":1.05,"b":0.0,"wi":0.1,"ei":4.29,"as":136.12,"mi":"E","mv":10376284,"sc":1,"lpe":100.0,"lpr":25.59,"lq":1.0},{"pi":"1496","pc":"Продукты питания","ss":100,"td":"Окраина","dc":1,"n":49.5,"vc":"более 100","sl":"Низкий","sv":"около 50","p":31.0,"q":1.05,"b":0.0,"wi":0.1,"ei":4.29,"as":136.12,"mi":"E","mv":10376284,"sc":1,"lpe":100.0,"lpr":25.59,"lq":1.0},{"pi":"1496","pc":"Продукты питания","ss":100,"td":"Окраина","dc":1,"n":49.5,"vc":"более 100","sl":"Низкий","sv":"около 50","p":31.0,"q":1.05,"b":0.0,"wi":0.1,"ei":4.29,"as":136.12,"mi":"E","mv":10376284,"sc":1,"lpe":100.0,"lpr":25.59,"lq":1.0},{"pi":"1496","pc":"Продукты питания","ss":500,"td":"Спальный район","dc":3,"n":32.46,"vc":"около 100","sl":"Высокий","sv":"менее 50","p":36.0,"q":1.0,"b":0.0,"wi":0.14,"ei":4.26,"as":141.04,"mi":"E","mv":240363,"sc":1,"lpe":100.0,"lpr":26.28,"lq":1.0},{"pi":"1496","pc":"Продукты питания","ss":500,"td":"Спальный район","dc":3,"n":32.46,"vc":"около 100","sl":"Высокий","sv":"менее 50","p":36.0,"q":1.0,"b":0.0,"wi":0.14,"ei":4.26,"as":141.04,"mi":"E","mv":240363,"sc":1,"lpe":100.0,"lpr":26.28,"lq":1.0},{"pi":"1496","pc":"Продукты питания","ss":500,"td":"Спальный район","dc":3,"n":32.46,"vc":"около 100","sl":"Высокий","sv":"менее 50","p":36.0,"q":1.0,"b":0.0,"wi":0.14,"ei":4.26,"as":141.04,"mi":"E","mv":240363,"sc":1,"lpe":100.0,"lpr":26.28,"lq":1.0},{"pi":"1496","pc":"Продукты питания","ss":500,"td":"Спальный район","dc":3,"n":32.46,"vc":"около 100","sl":"Высокий","sv":"менее 50","p":36.0,"q":1.0,"b":0.0,"wi":0.14,"ei":4.26,"as":141.04,"mi":"E","mv":240363,"sc":1,"lpe":100.0,"lpr":26.28,"lq":1.0},{"pi":"1496","pc":"Продукты питания","ss":500,"td":"Спальный район","dc":3,"n":32.46,"vc":"около 100","sl":"Высокий","sv":"менее 50","p":36.0,"q":1.0,"b":0.0,"wi":0.14,"ei":4.26,"as":141.04,"mi":"E","mv":240363,"sc":1,"lpe":100.0,"lpr":26.28,"lq":1.0},{"pi":"1496","pc":"Продукты питания","ss":500,"td":"Спальный район","dc":3,"n":32.46,"vc":"около 100","sl":"Высокий","sv":"менее 50","p":36.0,"q":1.0,"b":0.0,"wi":0.14,"ei":4.26,"as":141.04,"mi":"E","mv":240363,"sc":1,"lpe":100.0,"lpr":26.28,"lq":1.0},{"pi":"1496","pc":"Продукты питания","ss":500,"td":"Спальный район","dc":3,"n":32.46,"vc":"около 100","sl":"Высокий","sv":"менее 50","p":36.0,"q":1.0,"b":0.0,"wi":0.14,"ei":4.26,"as":141.04,"mi":"E","mv":240363,"sc":1,"lpe":100.0,"lpr":26.28,"lq":1.0},{"pi":"1496","pc":"Продукты питания","ss":500,"td":"Спальный район","dc":3,"n":32.46,"vc":"около 100","sl":"Высокий","sv":"менее 50","p":36.0,"q":1.0,"b":0.0,"wi":0.14,"ei":4.26,"as":141.04,"mi":"E","mv":240363,"sc":1,"lpe":100.0,"lpr":26.28,"lq":1.0},{"pi":"1496","pc":"Продукты питания","ss":500,"td":"Спальный район","dc":3,"n":32.46,"vc":"около 100","sl":"Высокий","sv":"менее 50","p":36.0,"q":1.0,"b":0.0,"wi":0.14,"ei":4.26,"as":141.04,"mi":"E","mv":240363,"sc":1,"lpe":100.0,"lpr":26.28,"lq":1.0},{"pi":"1496","pc":"Продукты питания","ss":500,"td":"Спальный район","dc":3,"n":32.46,"vc":"около 100","sl":"Высокий","sv":"менее 50","p":36.0,"q":1.0,"b":0.0,"wi":0.14,"ei":4.26,"as":141.04,"mi":"E","mv":240363,"sc":1,"lpe":100.0,"lpr":26.28,"lq":1.0},{"pi":"1496","pc":"Продукты питания","ss":500,"td":"Спальный район","dc":3,"n":32.46,"vc":"около 100","sl":"Высокий","sv":"менее 50","p":36.0,"q":1.0,"b":0.0,"wi":0.14,"ei":4.26,"as":141.04,"mi":"E","mv":240363,"sc":1,"lpe":100.0,"lpr":26.28,"lq":1.0},{"pi":"1496","pc":"Продукты питания","ss":500,"td":"Спальный район","dc":3,"n":32.46,"vc":"около 100","sl":"Высокий","sv":"менее 50","p":36.0,"q":1.0,"b":0.0,"wi":0.14,"ei":4.26,"as":141.04,"mi":"E","mv":240363,"sc":1,"lpe":100.0,"lpr":26.28,"lq":1.0},{"pi":"1496","pc":"Продукты питания","ss":500,"td":"Спальный район","dc":3,"n":32.46,"vc":"около 100","sl":"Высокий","sv":"менее 50","p":36.0,"q":1.0,"b":0.0,"wi":0.14,"ei":4.26,"as":141.04,"mi":"E","mv":240363,"sc":1,"lpe":100.0,"lpr":26.28,"lq":1.0},{"pi":"1496","pc":"Продукты питания","ss":1000,"td":"Фешенебельный район","dc":1,"n":25.67,"vc":"около 100","sl":"Элитный","sv":"около 1 000","p":33.4,"q":4.09,"b":0.14,"wi":0.15,"ei":4.26,"as":146.92,"mi":"E","mv":1409142,"sc":1,"lpe":99.94,"lpr":27.33,"lq":1.0},{"pi":"1496","pc":"Продукты питания","ss":1000,"td":"Фешенебельный район","dc":1,"n":25.67,"vc":"около 100","sl":"Элитный","sv":"около 1 000","p":33.4,"q":4.09,"b":0.14,"wi":0.15,"ei":4.26,"as":146.92,"mi":"E","mv":1409142,"sc":1,"lpe":99.94,"lpr":27.33,"lq":1.0},{"pi":"1496","pc":"Продукты питания","ss":1000,"td":"Фешенебельный район","dc":1,"n":25.67,"vc":"около 100","sl":"Элитный","sv":"около 1 000","p":33.4,"q":4.09,"b":0.14,"wi":0.15,"ei":4.26,"as":146.92,"mi":"E","mv":1409142,"sc":1,"lpe":99.94,"lpr":27.33,"lq":1.0},{"pi":"1496","pc":"Продукты питания","ss":1000,"td":"Фешенебельный район","dc":1,"n":25.67,"vc":"около 100","sl":"Элитный","sv":"около 1 000","p":33.4,"q":4.09,"b":0.14,"wi":0.15,"ei":4.26,"as":146.92,"mi":"E","mv":1409142,"sc":1,"lpe":99.94,"lpr":27.33,"lq":1.0},{"pi":"1496","pc":"Продукты питания","ss":1000,"td":"Окраина","dc":1,"n":26.7,"vc":"около 500","sl":"Низкий","sv":"более 1 000","p":75.0,"q":6.06,"b":0.0,"wi":0.38,"ei":6.0,"as":350.0,"mi":"E","mv":3249583,"sc":1,"lpe":99.96,"lpr":64.48,"lq":1.0},{"pi":"1496","pc":"Продукты питания","ss":1000,"td":"Окраина","dc":1,"n":26.7,"vc":"около 500","sl":"Низкий","sv":"более 1 000","p":75.0,"q":6.06,"b":0.0,"wi":0.38,"ei":6.0,"as":350.0,"mi":"E","mv":3249583,"sc":1,"lpe":99.96,"lpr":64.48,"lq":1.0},{"pi":"1496","pc":"Продукты питания","ss":1000,"td":"Окраина","dc":1,"n":26.7,"vc":"около 500","sl":"Низкий","sv":"более 1 000","p":75.0,"q":6.06,"b":0.0,"wi":0.38,"ei":6.0,"as":350.0,"mi":"E","mv":3249583,"sc":1,"lpe":99.96,"lpr":64.48,"lq":1.0},{"pi":"1496","pc":"Продукты питания","ss":1000,"td":"Окраина","dc":1,"n":26.7,"vc":"около 500","sl":"Низкий","sv":"более 1 000","p":75.0,"q":6.06,"b":0.0,"wi":0.38,"ei":6.0,"as":350.0,"mi":"E","mv":3249583,"sc":1,"lpe":99.96,"lpr":64.48,"lq":1.0},{"pi":"1496","pc":"Продукты питания","ss":1000,"td":"Окраина","dc":1,"n":26.7,"vc":"около 500","sl":"Низкий","sv":"более 1 000","p":75.0,"q":6.06,"b":0.0,"wi":0.38,"ei":6.0,"as":350.0,"mi":"E","mv":3249583,"sc":1,"lpe":99.96,"lpr":64.48,"lq":1.0},{"pi":"1496","pc":"Продукты питания","ss":1000,"td":"Окраина","dc":1,"n":26.7,"vc":"около 500","sl":"Низкий","sv":"более 1 000","p":75.0,"q":6.06,"b":0.0,"wi":0.38,"ei":6.0,"as":350.0,"mi":"E","mv":3249583,"sc":1,"lpe":99.96,"lpr":64.48,"lq":1.0},{"pi":"1496","pc":"Продукты питания","ss":1000,"td":"Окраина","dc":1,"n":26.7,"vc":"около 500","sl":"Низкий","sv":"более 1 000","p":75.0,"q":6.06,"b":0.0,"wi":0.38,"ei":6.0,"as":350.0,"mi":"E","mv":3249583,"sc":1,"lpe":99.96,"lpr":64.48,"lq":1.0},{"pi":"1496","pc":"Продукты питания","ss":1000,"td":"Окраина","dc":1,"n":26.7,"vc":"около 500","sl":"Низкий","sv":"более 1 000","p":75.0,"q":6.06,"b":0.0,"wi":0.38,"ei":6.0,"as":350.0,"mi":"E","mv":3249583,"sc":1,"lpe":99.96,"lpr":64.48,"lq":1.0}]