[{"pi":"1496","pc":"Продукты питания","ss":1000,"td":"Центр города","dc":1,"n":317.41,"vc":"более 1 000","sl":"Низкий","sv":"менее 50","p":36.7,"q":2.88,"b":0.0,"ms":0.01,"wi":0.19,"ei":3.65,"as":173.21,"mi":"E","mv":162474,"sc":1,"lpe":99.99,"lpr":35.08,"lq":1.0,"d":85},{"pi":"1496","pc":"Продукты питания","ss":1000,"td":"Центр города","dc":1,"n":317.41,"vc":"более 1 000","sl":"Низкий","sv":"менее 50","p":36.7,"q":2.88,"b":0.0,"ms":0.01,"wi":0.19,"ei":3.65,"as":173.21,"mi":"E","mv":162474,"sc":1,"lpe":99.99,"lpr":35.08,"lq":1.0,"d":85},{"pi":"1496","pc":"Продукты питания","ss":1000,"td":"Центр города","dc":1,"n":317.41,"vc":"более 1 000","sl":"Низкий","sv":"менее 50","p":36.7,"q":2.88,"b":0.0,"ms":0.01,"wi":0.19,"ei":3.65,"as":173.21,"mi":"E","mv":162474,"sc":1,"lpe":99.99,"lpr":35.08,"lq":1.0,"d":85},{"pi":"1496","pc":"Продукты питания","ss":1000,"td":"Центр города","dc":1,"n":317.41,"vc":"более 1 000","sl":"Низкий","sv":"менее 50","p":36.7,"q":2.88,"b":0.0,"ms":0.01,"wi":0.19,"ei":3.65,"as":173.21,"mi":"E","mv":162474,"sc":1,"lpe":99.99,"lpr":35.08,"lq":1.0,"d":85},{"pi":"1496","pc":"Продукты питания","ss":1000,"td":"Центр города","dc":1,"n":317.41,"vc":"более 1 000","sl":"Низкий","sv":"менее 50","p":36.7,"q":2.88,"b":0.0,"ms":0.01,"wi":0.19,"ei":3.65,"as":173.21,"mi":"E","mv":162474,"sc":1,"lpe":99.99,"lpr":35.08,"lq":1.0,"d":85},{"pi":"1496","pc":"Продукты питания","ss":1000,"td":"Центр города","dc":1,"n":317.41,"vc":"более 1 000","sl":"Низкий","sv":"менее 50","p":36.7,"q":2.88,"b":0.0,"ms":0.01,"wi":0.19,"ei":3.65,"as":173.21,"mi":"E","mv":162474,"sc":1,"lpe":99.99,"lpr":35.08,"lq":1.0,"d":85},{"pi":"1496","pc":"Продукты питания","ss":1000,"td":"Центр города","dc":1,"n":317.41,"vc":"более 1 000","sl":"Низкий","sv":"менее 50","p":36.7,"q":2.88,"b":0.0,"ms":0.01,"wi":0.19,"ei":3.65,"as":173.21,"mi":"E","mv":162474,"sc":1,"lpe":99.99,"lpr":35.08,"lq":1.0,"d":85},{"pi":"1496","pc":"Продукты питания","ss":1000,"td":"Центр города","dc":1,"n":317.41,"vc":"более 1 000","sl":"Низкий","sv":"менее 50","p":36.7,"q":2.88,"b":0.0,"ms":0.01,"wi":0.19,"ei":3.65,"as":173.21,"mi":"E","mv":162474,"sc":1,"lpe":99.99,"lpr":35.08,"lq":1.0,"d":85},{"pi":"1496","pc":"Продукты питания","ss":1000,"td":"Окраина","dc":1,"n":33.73,"vc":"более 100","sl":"Элитный","sv":"менее 50","p":39.98,"q":1.0,"b":0.0,"ms":0.0,"wi":0.18,"ei":4.27,"as":150.27,"mi":"E","mv":83244,"sc":1,"lpe":100.0,"lpr":28.58,"lq":1.0,"d":92},{"pi":"1496","pc":"Продукты питания","ss":1000,"td":"Окраина","dc":1,"n":33.73,"vc":"более 100","sl":"Элитный","sv":"менее 50","p":39.98,"q":1.0,"b":0.0,"ms":0.0,"wi":0.18,"ei":4.27,"as":150.27,"mi":"E","mv":83244,"sc":1,"lpe":100.0,"lpr":28.58,"lq":1.0,"d":92},{"pi":"1496","pc":"Продукты питания","ss":1000,"td":"Окраина","dc":1,"n":33.73,"vc":"более 100","sl":"Элитный","sv":"менее 50","p":39.98,"q":1.0,"b":0.0,"ms":0.0,"wi":0.18,"ei":4.27,"as":150.27,"mi":"E","mv":83244,"sc":1,"lpe":100.0,"lpr":28.58,"lq":1.0,"d":92},{"pi":"1496","pc":"Продукты питания","ss":1000,"td":"Окраина","dc":1,"n":33.73,"vc":"более 100","sl":"Элитный","sv":"менее 50","p":39.98,"q":1.0,"b":0.0,"ms":0.0,"wi":0.18,"ei":4.27,"as":150.27,"mi":"E","mv":83244,"sc":1,"lpe":100.0,"lpr":28.58,"lq":1.0,"d":92},{"pi":"1496","pc":"Продукты питания","ss":1000,"td":"Окраина","dc":1,"n":33.73,"vc":"более 100","sl":"Элитный","sv":"менее 50","p":39.98,"q":1.0,"b":0.0,"ms":0.0,"wi":0.18,"ei":4.27,"as":150.27,"mi":"E","mv":83244,"sc":1,"lpe":100.0,"lpr":28.58,"lq":1.0,"d":92},{"pi":"1496","pc":"Продукты питания","ss":1000,"td":"Окраина","dc":1,"n":33.73,"vc":"более 100","sl":"Элитный","sv":"менее 50","p":39.98,"q":1.0,"b":0.0,"ms":0.0,"wi":0.18,"ei":4.27,"as":150.27,"mi":"E","mv":83244,"sc":1,"lpe":100.0,"lpr":28.58,"lq":1.0,"d":92},{"pi":"1496","pc":"Продукты питания","ss":1000,"td":"Окраина","dc":1,"n":33.73,"vc":"более 100","sl":"Элитный","sv":"менее 50","p":39.98,"q":1.0,"b":0.0,"ms":0.0,"wi":0.18,"ei":4.27,"as":150.27,"mi":"E","mv":83244,"sc":1,"lpe":100.0,"lpr":28.58,"lq":1.0,"d":92},{"pi":"1496","pc":"Продукты питания","ss":1000,"td":"Окраина","dc":1,"n":33.73,"vc":"более 100","sl":"Элитный","sv":"менее 50","p":39.98,"q":1.0,"b":0.0,"ms":0.0,"wi":0.18,"ei":4.27,"as":150.27,"mi":"E","mv":83244,"sc":1,"lpe":100.0,"lpr":28.58,"lq":1.0,"d":92},{"pi":"1496","pc":"Продукты питания","ss":100,"td":"Окраина","dc":2,"n":46.07,"vc":"около 50","sl":"Низкий","sv":"менее 50","p":26.65,"q":1.05,"b":0.0,"ms":0.0,"wi":0.16,"ei":3.71,"as":136.11,"mi":"E","mv":372657,"sc":1,"lpe":100.0,"lpr":26.85,"lq":1.0,"d":410},{"pi":"1496","pc":"Продукты питания","ss":100,"td":"Окраина","dc":2,"n":46.07,"vc":"около 50","sl":"Низкий","sv":"менее 50","p":26.65,"q":1.05,"b":0.0,"ms":0.0,"wi":0.16,"ei":3.71,"as":136.11,"mi":"E","mv":372657,"sc":1,"lpe":100.0,"lpr":26.85,"lq":1.0,"d":410},{"pi":"1496","pc":"Продукты питания","ss":100,"td":"Окраина","dc":2,"n":46.07,"vc":"около 50","sl":"Низкий","sv":"менее 50","p":26.65,"q":1.05,"b":0.0,"ms":0.0,"wi":0.16,"ei":3.71,"as":136.11,"mi":"E","mv":372657,"sc":1,"lpe":100.0,"lpr":26.85,"lq":1.0,"d":410},{"pi":"1496","pc":"Продукты питания","ss":100,"td":"Окраина","dc":2,"n":46.07,"vc":"около 50","sl":"Низкий","sv":"менее 50","p":26.65,"q":1.05,"b":0.0,"ms":0.0,"wi":0.16,"ei":3.71,"as":136.11,"mi":"E","mv":372657,"sc":1,"lpe":100.0,"lpr":26.85,"lq":1.0,"d":410},{"pi":"1496","pc":"Продукты питания","ss":100,"td":"Окраина","dc":2,"n":46.07,"vc":"около 50","sl":"Низкий","sv":"менее 50","p":26.65,"q":1.05,"b":0.0,"ms":0.0,"wi":0.16,"ei":3.71,"as":136.11,"mi":"E","mv":372657,"sc":1,"lpe":100.0,"lpr":26.85,"lq":1.0,"d":410},{"pi":"1496","pc":"Продукты питания","ss":500,"td":"Центр города","dc":2,"n":48.12,"vc":"более 200","sl":"Очень высокий","sv":"около 100","p":320.0,"q":10.0,"b":0.0,"ms":0.0,"wi":1.28,"ei":7.6,"as":1220.0,"mi":"E","mv":2278106,"sc":1,"lpe":100.0,"lpr":241.84,"lq":1.0,"d":1513},{"pi":"1496","pc":"Продукты питания","ss":500,"td":"Центр города","dc":2,"n":48.12,"vc":"более 200","sl":"Очень высокий","sv":"около 100","p":320.0,"q":10.0,"b":0.0,"ms":0.0,"wi":1.28,"ei":7.6,"as":1220.0,"mi":"E","mv":2278106,"sc":1,"lpe":100.0,"lpr":241.84,"lq":1.0,"d":1513},{"pi":"1496","pc":"Продукты питания","ss":500,"td":"Центр города","dc":2,"n":48.12,"vc":"более 200","sl":"Очень высокий","sv":"около 100","p":320.0,"q":10.0,"b":0.0,"ms":0.0,"wi":1.28,"ei":7.6,"as":1220.0,"mi":"E","mv":2278106,"sc":1,"lpe":100.0,"lpr":241.84,"lq":1.0,"d":1513},{"pi":"1496","pc":"Продукты питания","ss":500,"td":"Центр города","dc":2,"n":48.12,"vc":"более 200","sl":"Очень высокий","sv":"около 100","p":320.0,"q":10.0,"b":0.0,"ms":0.0,"wi":1.28,"ei":7.6,"as":1220.0,"mi":"E","mv":2278106,"sc":1,"lpe":100.0,"lpr":241.84,"lq":1.0,"d":1513},{"pi":"1496","pc":"Продукты питания","ss":500,"td":"Центр города","dc":2,"n":48.12,"vc":"более 200","sl":"Очень высокий","sv":"около 100","p":320.0,"q":10.0,"b":0.0,"ms":0.0,"wi":1.28,"ei":7.6,"as":1220.0,"mi":"E","mv":2278106,"sc":1,"lpe":100.0,"lpr":241.84,"lq":1.0,"d":1513},{"pi":"1496","pc":"Продукты питания","ss":500,"td":"Центр города","dc":2,"n":48.12,"vc":"более 200","sl":"Очень высокий","sv":"около 100","p":320.0,"q":10.0,"b":0.0,"ms":0.0,"wi":1.28,"ei":7.6,"as":1220.0,"mi":"E","mv":2278106,"sc":1,"lpe":100.0,"lpr":241.84,"lq":1.0,"d":1513},{"pi":"1496","pc":"Продукты питания","ss":500,"td":"Центр города","dc":2,"n":48.12,"vc":"более 200","sl":"Очень высокий","sv":"около 100","p":320.0,"q":10.0,"b":0.0,"ms":0.0,"wi":1.28,"ei":7.6,"as":1220.0,"mi":"E","mv":2278106,"sc":1,"lpe":100.0,"lpr":241.84,"lq":1.0,"d":1513},{"pi":"1496","pc":"Продукты питания","ss":500,"td":"Центр города","dc":2,"n":48.12,"vc":"более 200","sl":"Очень высокий","sv":"около 100","p":320.0,"q":10.0,"b":0.0,"ms":0.0,"wi":1.28,"ei":7.6,"as":1220.0,"mi":"E","mv":2278106,"sc":1,"lpe":100.0,"lpr":241.84,"lq":1.0,"d":1513},{"pi":"1496","pc":"Продукты питания","ss":500,"td":"Центр города","dc":2,"n":48.12,"vc":"более 200","sl":"Очень высокий","sv":"около 100","p":320.0,"q":10.0,"b":0.0,"ms":0.0,"wi":1.28,"ei":7.6,"as":1220.0,"mi":"E","mv":2278106,"sc":1,"lpe":100.0,"lpr":241.84,"lq":1.0,"d":1513},{"pi":"1496","pc":"Продукты питания","ss":500,"td":"Центр города","dc":1,"n":5.44,"vc":"более 100","sl":"Высокий","sv":"около 50","p":31.44,"q":2.35,"b":0.0,"ms":0.0,"wi":0.18,"ei":4.26,"as":146.92,"mi":"E","mv":1570024,"sc":2,"lpe":99.98,"lpr":30.26,"lq":1.0,"d":1306},{"pi":"1496","pc":"Продукты питания","ss":500,"td":"Центр города","dc":1,"n":5.44,"vc":"более 100","sl":"Высокий","sv":"около 50","p":31.44,"q":2.35,"b":0.0,"ms":0.0,"wi":0.18,"ei":4.26,"as":146.92,"mi":"E","mv":1570024,"sc":2,"lpe":99.98,"lpr":30.26,"lq":1.0,"d":1306},{"pi":"1496","pc":"Продукты питания","ss":500,"td":"Центр города","dc":1,"n":2.07,"vc":"более 100","sl":"Очень высокий","sv":"более 100","p":15.0,"q":2.99,"b":0.0,"ms":0.01,"wi":0.18,"ei":4.26,"as":146.92,"mi":"E","mv":1570024,"sc":2,"lpe":99.98,"lpr":30.26,"lq":1.0,"d":1306},{"pi":"1496","pc":"Продукты питания","ss":500,"td":"Центр города","dc":1,"n":5.44,"vc":"более 100","sl":"Высокий","sv":"около 50","p":31.44,"q":2.35,"b":0.0,"ms":0.0,"wi":0.18,"ei":4.26,"as":146.92,"mi":"E","mv":1570024,"sc":2,"lpe":99.98,"lpr":30.26,"lq":1.0,"d":1306},{"pi":"1496","pc":"Продукты питания","ss":500,"td":"Центр города","dc":1,"n":5.44,"vc":"более 100","sl":"Высокий","sv":"около 50","p":31.44,"q":2.35,"b":0.0,"ms":0.0,"wi":0.18,"ei":4.26,"as":146.92,"mi":"E","mv":1570024,"sc":2,"lpe":99.98,"lpr":30.26,"lq":1.0,"d":1306},{"pi":"1496","pc":"Продукты питания","ss":500,"td":"Центр города","dc":1,"n":2.07,"vc":"более 100","sl":"Очень высокий","sv":"более 100","p":15.0,"q":2.99,"b":0.0,"ms":0.01,"wi":0.18,"ei":4.26,"as":146.92,"mi":"E","mv":1570024,"sc":2,"lpe":99.98,"lpr":30.26,"lq":1.0,"d":1306},{"pi":"1496","pc":"Продукты питания","ss":500,"td":"Центр города","dc":1,"n":5.44,"vc":"более 100","sl":"Высокий","sv":"около 50","p":31.44,"q":2.35,"b":0.0,"ms":0.0,"wi":0.18,"ei":4.26,"as":146.92,"mi":"E","mv":1570024,"sc":2,"lpe":99.98,"lpr":30.26,"lq":1.0,"d":1306},{"pi":"1496","pc":"Продукты питания","ss":500,"td":"Центр города","dc":1,"n":5.44,"vc":"более 100","sl":"Высокий","sv":"около 50","p":31.44,"q":2.35,"b":0.0,"ms":0.0,"wi":0.18,"ei":4.26,"as":146.92,"mi":"E","mv":1570024,"sc":2,"lpe":99.98,"lpr":30.26,"lq":1.0,"d":1306},{"pi":"1496","pc":"Продукты питания","ss":500,"td":"Центр города","dc":1,"n":5.44,"vc":"более 100","sl":"Высокий","sv":"около 50","p":31.44,"q":2.35,"b":0.0,"ms":0.0,"wi":0.18,"ei":4.26,"as":146.92,"mi":"E","mv":1570024,"sc":2,"lpe":99.98,"lpr":30.26,"lq":1.0,"d":1306},{"pi":"1496","pc":"Продукты питания","ss":500,"td":"Центр города","dc":1,"n":5.44,"vc":"более 100","sl":"Высокий","sv":"около 50","p":31.44,"q":2.35,"b":0.0,"ms":0.0,"wi":0.18,"ei":4.26,"as":146.92,"mi":"E","mv":1570024,"sc":2,"lpe":99.98,"lpr":30.26,"lq":1.0,"d":1306},{"pi":"1496","pc":"Продукты питания","ss":500,"td":"Центр города","dc":1,"n":2.07,"vc":"более 100","sl":"Очень высокий","sv":"более 100","p":15.0,"q":2.99,"b":0.0,"ms":0.01,"wi":0.18,"ei":4.26,"as":146.92,"mi":"E","mv":1570024,"sc":2,"lpe":99.98,"lpr":30.26,"lq":1.0,"d":1306},{"pi":"1496","pc":"Продукты питания","ss":100,"td":"Спальный район","dc":1,"n":300.09,"vc":"более 100","sl":"Низкий","sv":"около 500","p":43.0,"q":1.74,"b":0.0,"ms":0.05,"wi":0.25,"ei":4.37,"as":237.67,"mi":"E","mv":678361,"sc":2,"lpe":99.95,"lpr":47.32,"lq":1.0,"d":700},{"pi":"1496","pc":"Продукты питания","ss":100,"td":"Спальный район","dc":1,"n":300.09,"vc":"более 100","sl":"Низкий","sv":"около 500","p":43.0,"q":1.74,"b":0.0,"ms":0.05,"wi":0.25,"ei":4.37,"as":237.67,"mi":"E","mv":678361,"sc":2,"lpe":99.95,"lpr":47.32,"lq":1.0,"d":700},{"pi":"1496","pc":"Продукты питания","ss":100,"td":"Спальный район","dc":1,"n":300.09,"vc":"более 100","sl":"Низкий","sv":"около 500","p":43.0,"q":1.74,"b":0.0,"ms":0.05,"wi":0.25,"ei":4.37,"as":237.67,"mi":"E","mv":678361,"sc":2,"lpe":99.95,"lpr":47.32,"lq":1.0,"d":700},{"pi":"1496","pc":"Продукты питания","ss":100,"td":"Спальный район","dc":1,"n":300.09,"vc":"более 100","sl":"Низкий","sv":"около 500","p":43.0,"q":1.74,"b":0.0,"ms":0.05,"wi":0.25,"ei":4.37,"as":237.67,"mi":"E","mv":678361,"sc":2,"lpe":99.95,"lpr":47.32,"lq":1.0,"d":700},{"pi":"1496","pc":"Продукты питания","ss":500,"td":"Центр города","dc":3,"n":266.59,"vc":"около 500","sl":"Низкий","sv":"менее 50","p":43.0,"q":3.0,"b":0.0,"ms":0.0,"wi":0.25,"ei":4.37,"as":237.67,"mi":"E","mv":678361,"sc":2,"lpe":99.95,"lpr":47.32,"lq":1.0,"d":700},{"pi":"1496","pc":"Продукты питания","ss":100,"td":"Спальный район","dc":1,"n":300.09,"vc":"более 100","sl":"Низкий","sv":"около 500","p":43.0,"q":1.74,"b":0.0,"ms":0.05,"wi":0.25,"ei":4.37,"as":237.67,"mi":"E","mv":678361,"sc":2,"lpe":99.95,"lpr":47.32,"lq":1.0,"d":700},{"pi":"1496","pc":"Продукты питания","ss":500,"td":"Центр города","dc":3,"n":266.59,"vc":"около 500","sl":"Низкий","sv":"менее 50","p":43.0,"q":3.0,"b":0.0,"ms":0.0,"wi":0.25,"ei":4.37,"as":237.67,"mi":"E","mv":678361,"sc":2,"lpe":99.95,"lpr":47.32,"lq":1.0,"d":700},{"pi":"1496","pc":"Продукты питания","ss":100,"td":"Спальный район","dc":1,"n":300.09,"vc":"более 100","sl":"Низкий","sv":"около 500","p":43.0,"q":1.74,"b":0.0,"ms":0.05,"wi":0.25,"ei":4.37,"as":237.67,"mi":"E","mv":678361,"sc":2,"lpe":99.95,"lpr":47.32,"lq":1.0,"d":700},{"pi":"1496","pc":"Продукты питания","ss":500,"td":"Центр города","dc":3,"n":266.59,"vc":"около 500","sl":"Низкий","sv":"менее 50","p":43.0,"q":3.0,"b":0.0,"ms":0.0,"wi":0.25,"ei":4.37,"as":237.67,"mi":"E","mv":678361,"sc":2,"lpe":99.95,"lpr":47.32,"lq":1.0,"d":700},{"pi":"1496","pc":"Продукты питания","ss":500,"td":"Центр города","dc":3,"n":266.59,"vc":"около 500","sl":"Низкий","sv":"менее 50","p":43.0,"q":3.0,"b":0.0,"ms":0.0,"wi":0.25,"ei":4.37,"as":237.67,"mi":"E","mv":678361,"sc":2,"lpe":99.95,"lpr":47.32,"lq":1.0,"d":700},{"pi":"1496","pc":"Продукты питания","ss":100,"td":"Спальный район","dc":1,"n":300.09,"vc":"более 100","sl":"Низкий","sv":"около 500","p":43.0,"q":1.74,"b":0.0,"ms":0.05,"wi":0.25,"ei":4.37,"as":237.67,"mi":"E","mv":678361,"sc":2,"lpe":99.95,"lpr":47.32,"lq":1.0,"d":700},{"pi":"1496","pc":"Продукты питания","ss":100000,"td":"Центр города","dc":1,"n":321.59,"vc":"около 50 000","sl":"Очень высокий","sv":"около 50 000","p":425.0,"q":3.0,"b":0.0,"ms":8.04,"wi":1.65,"ei":8.7,"as":1500.0,"mi":"E","mv":621746,"sc":1,"lpe":91.96,"lpr":292.59,"lq":1.0,"d":646},{"pi":"1496","pc":"Продукты питания","ss":100000,"td":"Центр города","dc":1,"n":321.59,"vc":"около 50 000","sl":"Очень высокий","sv":"около 50 000","p":425.0,"q":3.0,"b":0.0,"ms":8.04,"wi":1.65,"ei":8.7,"as":1500.0,"mi":"E","mv":621746,"sc":1,"lpe":91.96,"lpr":292.59,"lq":1.0,"d":646},{"pi":"1496","pc":"Продукты питания","ss":100000,"td":"Центр города","dc":1,"n":321.59,"vc":"около 50 000","sl":"Очень высокий","sv":"около 50 000","p":425.0,"q":3.0,"b":0.0,"ms":8.04,"wi":1.65,"ei":8.7,"as":1500.0,"mi":"E","mv":621746,"sc":1,"lpe":91.96,"lpr":292.59,"lq":1.0,"d":646},{"pi":"1496","pc":"Продукты питания","ss":100000,"td":"Центр города","dc":1,"n":321.59,"vc":"около 50 000","sl":"Очень высокий","sv":"около 50 000","p":425.0,"q":3.0,"b":0.0,"ms":8.04,"wi":1.65,"ei":8.7,"as":1500.0,"mi":"E","mv":621746,"sc":1,"lpe":91.96,"lpr":292.59,"lq":1.0,"d":646},{"pi":"1496","pc":"Продукты питания","ss":100000,"td":"Центр города","dc":1,"n":321.59,"vc":"около 50 000","sl":"Очень высокий","sv":"около 50 000","p":425.0,"q":3.0,"b":0.0,"ms":8.04,"wi":1.65,"ei":8.7,"as":1500.0,"mi":"E","mv":621746,"sc":1,"lpe":91.96,"lpr":292.59,"lq":1.0,"d":646},{"pi":"1496","pc":"Продукты питания","ss":100000,"td":"Центр города","dc":1,"n":321.59,"vc":"около 50 000","sl":"Очень высокий","sv":"около 50 000","p":425.0,"q":3.0,"b":0.0,"ms":8.04,"wi":1.65,"ei":8.7,"as":1500.0,"mi":"E","mv":621746,"sc":1,"lpe":91.96,"lpr":292.59,"lq":1.0,"d":646},{"pi":"1496","pc":"Продукты питания","ss":100000,"td":"Центр города","dc":1,"n":321.59,"vc":"около 50 000","sl":"Очень высокий","sv":"около 50 000","p":425.0,"q":3.0,"b":0.0,"ms":8.04,"wi":1.65,"ei":8.7,"as":1500.0,"mi":"E","mv":621746,"sc":1,"lpe":91.96,"lpr":292.59,"lq":1.0,"d":646},{"pi":"1496","pc":"Продукты питания","ss":100000,"td":"Центр города","dc":1,"n":321.59,"vc":"около 50 000","sl":"Очень высокий","sv":"около 50 000","p":425.0,"q":3.0,"b":0.0,"ms":8.04,"wi":1.65,"ei":8.7,"as":1500.0,"mi":"E","mv":621746,"sc":1,"lpe":91.96,"lpr":292.59,"lq":1.0,"d":646},{"pi":"1496","pc":"Продукты питания","ss":1000,"td":"Окраина","dc":1,"n":34.25,"vc":"более 200","sl":"Очень высокий","sv":"менее 50","p":39.99,"q":5.0,"b":0.0,"ms":0.0,"wi":0.19,"ei":3.74,"as":176.45,"mi":"E","mv":521655,"sc":1,"lpe":100.0,"lpr":35.23,"lq":1.0,"d":299},{"pi":"1496","pc":"Продукты питания","ss":1000,"td":"Окраина","dc":1,"n":34.25,"vc":"более 200","sl":"Очень высокий","sv":"менее 50","p":39.99,"q":5.0,"b":0.0,"ms":0.0,"wi":0.19,"ei":3.74,"as":176.45,"mi":"E","mv":521655,"sc":1,"lpe":100.0,"lpr":35.23,"lq":1.0,"d":299},{"pi":"1496","pc":"Продукты питания","ss":1000,"td":"Окраина","dc":1,"n":34.25,"vc":"более 200","sl":"Очень высокий","sv":"менее 50","p":39.99,"q":5.0,"b":0.0,"ms":0.0,"wi":0.19,"ei":3.74,"as":176.45,"mi":"E","mv":521655,"sc":1,"lpe":100.0,"lpr":35.23,"lq":1.0,"d":299},{"pi":"1496","pc":"Продукты питания","ss":1000,"td":"Окраина","dc":1,"n":34.25,"vc":"более 200","sl":"Очень высокий","sv":"менее 50","p":39.99,"q":5.0,"b":0.0,"ms":0.0,"wi":0.19,"ei":3.74,"as":176.45,"mi":"E","mv":521655,"sc":1,"lpe":100.0,"lpr":35.23,"lq":1.0,"d":299}]