[{"pi":"1496","pc":"Продукты питания","ss":500,"td":"Спальный район","dc":1,"n":0.0,"vc":"более 100","sl":"Очень высокий","sv":"около 1 000","p":40.0,"q":1.79,"b":0.0,"wi":0.21,"ei":3.75,"as":254.7,"mi":"E","mv":1172151,"sc":1,"lpe":99.91,"lpr":46.4,"lq":1.0},{"pi":"1496","pc":"Продукты питания","ss":500,"td":"Спальный район","dc":1,"n":0.0,"vc":"более 100","sl":"Очень высокий","sv":"около 1 000","p":40.0,"q":1.79,"b":0.0,"wi":0.21,"ei":3.75,"as":254.7,"mi":"E","mv":1172151,"sc":1,"lpe":99.91,"lpr":46.4,"lq":1.0},{"pi":"1496","pc":"Продукты питания","ss":500,"td":"Спальный район","dc":1,"n":0.0,"vc":"более 100","sl":"Очень высокий","sv":"около 1 000","p":40.0,"q":1.79,"b":0.0,"wi":0.21,"ei":3.75,"as":254.7,"mi":"E","mv":1172151,"sc":1,"lpe":99.91,"lpr":46.4,"lq":1.0},{"pi":"1496","pc":"Продукты питания","ss":500,"td":"Спальный район","dc":1,"n":0.0,"vc":"более 100","sl":"Очень высокий","sv":"около 1 000","p":40.0,"q":1.79,"b":0.0,"wi":0.21,"ei":3.75,"as":254.7,"mi":"E","mv":1172151,"sc":1,"lpe":99.91,"lpr":46.4,"lq":1.0},{"pi":"1496","pc":"Продукты питания","ss":500,"td":"Спальный район","dc":1,"n":0.0,"vc":"более 100","sl":"Очень высокий","sv":"около 1 000","p":40.0,"q":1.79,"b":0.0,"wi":0.21,"ei":3.75,"as":254.7,"mi":"E","mv":1172151,"sc":1,"lpe":99.91,"lpr":46.4,"lq":1.0},{"pi":"1496","pc":"Продукты питания","ss":500,"td":"Спальный район","dc":1,"n":0.0,"vc":"более 100","sl":"Очень высокий","sv":"около 1 000","p":40.0,"q":1.79,"b":0.0,"wi":0.21,"ei":3.75,"as":254.7,"mi":"E","mv":1172151,"sc":1,"lpe":99.91,"lpr":46.4,"lq":1.0},{"pi":"1496","pc":"Продукты питания","ss":500,"td":"Спальный район","dc":1,"n":0.0,"vc":"более 100","sl":"Очень высокий","sv":"около 1 000","p":40.0,"q":1.79,"b":0.0,"wi":0.21,"ei":3.75,"as":254.7,"mi":"E","mv":1172151,"sc":1,"lpe":99.91,"lpr":46.4,"lq":1.0},{"pi":"1496","pc":"Продукты питания","ss":100,"td":"Окраина","dc":1,"n":49.75,"vc":"около 50","sl":"Высокий","sv":"около 100","p":25.04,"q":1.05,"b":0.0,"wi":0.13,"ei":3.15,"as":123.56,"mi":"E","mv":273894,"sc":1,"lpe":99.97,"lpr":22.76,"lq":1.0},{"pi":"1496","pc":"Продукты питания","ss":100,"td":"Окраина","dc":1,"n":49.75,"vc":"около 50","sl":"Высокий","sv":"около 100","p":25.04,"q":1.05,"b":0.0,"wi":0.13,"ei":3.15,"as":123.56,"mi":"E","mv":273894,"sc":1,"lpe":99.97,"lpr":22.76,"lq":1.0},{"pi":"1496","pc":"Продукты питания","ss":100,"td":"Окраина","dc":1,"n":49.75,"vc":"около 50","sl":"Высокий","sv":"около 100","p":25.04,"q":1.05,"b":0.0,"wi":0.13,"ei":3.15,"as":123.56,"mi":"E","mv":273894,"sc":1,"lpe":99.97,"lpr":22.76,"lq":1.0},{"pi":"1496","pc":"Продукты питания","ss":100,"td":"Окраина","dc":1,"n":49.75,"vc":"около 50","sl":"Высокий","sv":"около 100","p":25.04,"q":1.05,"b":0.0,"wi":0.13,"ei":3.15,"as":123.56,"mi":"E","mv":273894,"sc":1,"lpe":99.97,"lpr":22.76,"lq":1.0},{"pi":"1496","pc":"Продукты питания","ss":100,"td":"Окраина","dc":1,"n":49.75,"vc":"около 50","sl":"Высокий","sv":"около 100","p":25.04,"q":1.05,"b":0.0,"wi":0.13,"ei":3.15,"as":123.56,"mi":"E","mv":273894,"sc":1,"lpe":99.97,"lpr":22.76,"lq":1.0},{"pi":"1496","pc":"Продукты питания","ss":100,"td":"Окраина","dc":1,"n":49.75,"vc":"около 50","sl":"Высокий","sv":"около 100","p":25.04,"q":1.05,"b":0.0,"wi":0.13,"ei":3.15,"as":123.56,"mi":"E","mv":273894,"sc":1,"lpe":99.97,"lpr":22.76,"lq":1.0},{"pi":"1496","pc":"Продукты питания","ss":100,"td":"Окраина","dc":1,"n":49.75,"vc":"около 50","sl":"Высокий","sv":"около 100","p":25.04,"q":1.05,"b":0.0,"wi":0.13,"ei":3.15,"as":123.56,"mi":"E","mv":273894,"sc":1,"lpe":99.97,"lpr":22.76,"lq":1.0},{"pi":"1496","pc":"Продукты питания","ss":100,"td":"Окраина","dc":1,"n":49.75,"vc":"около 50","sl":"Высокий","sv":"около 100","p":25.04,"q":1.05,"b":0.0,"wi":0.13,"ei":3.15,"as":123.56,"mi":"E","mv":273894,"sc":1,"lpe":99.97,"lpr":22.76,"lq":1.0},{"pi":"1496","pc":"Продукты питания","ss":500,"td":"Спальный район","dc":3,"n":12.46,"vc":"более 100","sl":"Высокий","sv":"около 300","p":22.0,"q":2.44,"b":0.0,"wi":0.11,"ei":3.78,"as":122.11,"mi":"E","mv":787678,"sc":1,"lpe":99.96,"lpr":22.5,"lq":1.0},{"pi":"1496","pc":"Продукты питания","ss":500,"td":"Спальный район","dc":3,"n":12.46,"vc":"более 100","sl":"Высокий","sv":"около 300","p":22.0,"q":2.44,"b":0.0,"wi":0.11,"ei":3.78,"as":122.11,"mi":"E","mv":787678,"sc":1,"lpe":99.96,"lpr":22.5,"lq":1.0},{"pi":"1496","pc":"Продукты питания","ss":500,"td":"Спальный район","dc":3,"n":12.46,"vc":"более 100","sl":"Высокий","sv":"около 300","p":22.0,"q":2.44,"b":0.0,"wi":0.11,"ei":3.78,"as":122.11,"mi":"E","mv":787678,"sc":1,"lpe":99.96,"lpr":22.5,"lq":1.0},{"pi":"1496","pc":"Продукты питания","ss":500,"td":"Спальный район","dc":3,"n":12.46,"vc":"более 100","sl":"Высокий","sv":"около 300","p":22.0,"q":2.44,"b":0.0,"wi":0.11,"ei":3.78,"as":122.11,"mi":"E","mv":787678,"sc":1,"lpe":99.96,"lpr":22.5,"lq":1.0},{"pi":"1496","pc":"Продукты питания","ss":500,"td":"Спальный район","dc":3,"n":12.46,"vc":"более 100","sl":"Высокий","sv":"около 300","p":22.0,"q":2.44,"b":0.0,"wi":0.11,"ei":3.78,"as":122.11,"mi":"E","mv":787678,"sc":1,"lpe":99.96,"lpr":22.5,"lq":1.0},{"pi":"1496","pc":"Продукты питания","ss":500,"td":"Спальный район","dc":3,"n":12.46,"vc":"более 100","sl":"Высокий","sv":"около 300","p":22.0,"q":2.44,"b":0.0,"wi":0.11,"ei":3.78,"as":122.11,"mi":"E","mv":787678,"sc":1,"lpe":99.96,"lpr":22.5,"lq":1.0},{"pi":"1496","pc":"Продукты питания","ss":500,"td":"Спальный район","dc":3,"n":12.46,"vc":"более 100","sl":"Высокий","sv":"около 300","p":22.0,"q":2.44,"b":0.0,"wi":0.11,"ei":3.78,"as":122.11,"mi":"E","mv":787678,"sc":1,"lpe":99.96,"lpr":22.5,"lq":1.0},{"pi":"1496","pc":"Продукты питания","ss":500,"td":"Окраина","dc":1,"n":34.82,"vc":"около 100","sl":"Элитный","sv":"более 100","p":27.59,"q":1.48,"b":0.0,"wi":0.14,"ei":3.71,"as":136.11,"mi":"E","mv":386952,"sc":1,"lpe":99.95,"lpr":25.08,"lq":1.0},{"pi":"1496","pc":"Продукты питания","ss":500,"td":"Окраина","dc":1,"n":34.82,"vc":"около 100","sl":"Элитный","sv":"более 100","p":27.59,"q":1.48,"b":0.0,"wi":0.14,"ei":3.71,"as":136.11,"mi":"E","mv":386952,"sc":1,"lpe":99.95,"lpr":25.08,"lq":1.0},{"pi":"1496","pc":"Продукты питания","ss":500,"td":"Окраина","dc":1,"n":34.82,"vc":"около 100","sl":"Элитный","sv":"более 100","p":27.59,"q":1.48,"b":0.0,"wi":0.14,"ei":3.71,"as":136.11,"mi":"E","mv":386952,"sc":1,"lpe":99.95,"lpr":25.08,"lq":1.0},{"pi":"1496","pc":"Продукты питания","ss":500,"td":"Окраина","dc":1,"n":34.82,"vc":"около 100","sl":"Элитный","sv":"более 100","p":27.59,"q":1.48,"b":0.0,"wi":0.14,"ei":3.71,"as":136.11,"mi":"E","mv":386952,"sc":1,"lpe":99.95,"lpr":25.08,"lq":1.0},{"pi":"1496","pc":"Продукты питания","ss":500,"td":"Окраина","dc":1,"n":34.82,"vc":"около 100","sl":"Элитный","sv":"более 100","p":27.59,"q":1.48,"b":0.0,"wi":0.14,"ei":3.71,"as":136.11,"mi":"E","mv":386952,"sc":1,"lpe":99.95,"lpr":25.08,"lq":1.0},{"pi":"1496","pc":"Продукты питания","ss":500,"td":"Окраина","dc":1,"n":34.82,"vc":"около 100","sl":"Элитный","sv":"более 100","p":27.59,"q":1.48,"b":0.0,"wi":0.14,"ei":3.71,"as":136.11,"mi":"E","mv":386952,"sc":1,"lpe":99.95,"lpr":25.08,"lq":1.0},{"pi":"1496","pc":"Продукты питания","ss":500,"td":"Окраина","dc":1,"n":34.82,"vc":"около 100","sl":"Элитный","sv":"более 100","p":27.59,"q":1.48,"b":0.0,"wi":0.14,"ei":3.71,"as":136.11,"mi":"E","mv":386952,"sc":1,"lpe":99.95,"lpr":25.08,"lq":1.0},{"pi":"1496","pc":"Продукты питания","ss":500,"td":"Окраина","dc":1,"n":34.82,"vc":"около 100","sl":"Элитный","sv":"более 100","p":27.59,"q":1.48,"b":0.0,"wi":0.14,"ei":3.71,"as":136.11,"mi":"E","mv":386952,"sc":1,"lpe":99.95,"lpr":25.08,"lq":1.0},{"pi":"1496","pc":"Продукты питания","ss":10000,"td":"Центр города","dc":1,"n":196.91,"vc":"более 2 000","sl":"Очень высокий","sv":"более 10 000","p":31.0,"q":2.92,"b":0.0,"wi":0.16,"ei":4.27,"as":145.48,"mi":"E","mv":465099,"sc":1,"lpe":97.21,"lpr":26.8,"lq":1.0},{"pi":"1496","pc":"Продукты питания","ss":10000,"td":"Центр города","dc":1,"n":196.91,"vc":"более 2 000","sl":"Очень высокий","sv":"более 10 000","p":31.0,"q":2.92,"b":0.0,"wi":0.16,"ei":4.27,"as":145.48,"mi":"E","mv":465099,"sc":1,"lpe":97.21,"lpr":26.8,"lq":1.0},{"pi":"1496","pc":"Продукты питания","ss":10000,"td":"Центр города","dc":1,"n":196.91,"vc":"более 2 000","sl":"Очень высокий","sv":"более 10 000","p":31.0,"q":2.92,"b":0.0,"wi":0.16,"ei":4.27,"as":145.48,"mi":"E","mv":465099,"sc":1,"lpe":97.21,"lpr":26.8,"lq":1.0},{"pi":"1496","pc":"Продукты питания","ss":10000,"td":"Центр города","dc":1,"n":196.91,"vc":"более 2 000","sl":"Очень высокий","sv":"более 10 000","p":31.0,"q":2.92,"b":0.0,"wi":0.16,"ei":4.27,"as":145.48,"mi":"E","mv":465099,"sc":1,"lpe":97.21,"lpr":26.8,"lq":1.0},{"pi":"1496","pc":"Продукты питания","ss":10000,"td":"Центр города","dc":1,"n":196.91,"vc":"более 2 000","sl":"Очень высокий","sv":"более 10 000","p":31.0,"q":2.92,"b":0.0,"wi":0.16,"ei":4.27,"as":145.48,"mi":"E","mv":465099,"sc":1,"lpe":97.21,"lpr":26.8,"lq":1.0},{"pi":"1496","pc":"Продукты питания","ss":10000,"td":"Центр города","dc":1,"n":196.91,"vc":"более 2 000","sl":"Очень высокий","sv":"более 10 000","p":31.0,"q":2.92,"b":0.0,"wi":0.16,"ei":4.27,"as":145.48,"mi":"E","mv":465099,"sc":1,"lpe":97.21,"lpr":26.8,"lq":1.0},{"pi":"1496","pc":"Продукты питания","ss":10000,"td":"Центр города","dc":1,"n":196.91,"vc":"более 2 000","sl":"Очень высокий","sv":"более 10 000","p":31.0,"q":2.92,"b":0.0,"wi":0.16,"ei":4.27,"as":145.48,"mi":"E","mv":465099,"sc":1,"lpe":97.21,"lpr":26.8,"lq":1.0},{"pi":"1496","pc":"Продукты питания","ss":10000,"td":"Центр города","dc":1,"n":196.91,"vc":"более 2 000","sl":"Очень высокий","sv":"более 10 000","p":31.0,"q":2.92,"b":0.0,"wi":0.16,"ei":4.27,"as":145.48,"mi":"E","mv":465099,"sc":1,"lpe":97.21,"lpr":26.8,"lq":1.0},{"pi":"1496","pc":"Продукты питания","ss":100,"td":"Окраина","dc":1,"n":49.63,"vc":"около 50","sl":"Высокий","sv":"около 100","p":31.68,"q":1.05,"b":0.0,"wi":0.16,"ei":4.27,"as":156.32,"mi":"E","mv":356178,"sc":1,"lpe":99.98,"lpr":28.8,"lq":1.0},{"pi":"1496","pc":"Продукты питания","ss":100,"td":"Окраина","dc":1,"n":49.63,"vc":"около 50","sl":"Высокий","sv":"около 100","p":31.68,"q":1.05,"b":0.0,"wi":0.16,"ei":4.27,"as":156.32,"mi":"E","mv":356178,"sc":1,"lpe":99.98,"lpr":28.8,"lq":1.0},{"pi":"1496","pc":"Продукты питания","ss":100,"td":"Окраина","dc":1,"n":49.63,"vc":"около 50","sl":"Высокий","sv":"около 100","p":31.68,"q":1.05,"b":0.0,"wi":0.16,"ei":4.27,"as":156.32,"mi":"E","mv":356178,"sc":1,"lpe":99.98,"lpr":28.8,"lq":1.0},{"pi":"1496","pc":"Продукты питания","ss":100,"td":"Окраина","dc":1,"n":49.63,"vc":"около 50","sl":"Высокий","sv":"около 100","p":31.68,"q":1.05,"b":0.0,"wi":0.16,"ei":4.27,"as":156.32,"mi":"E","mv":356178,"sc":1,"lpe":99.98,"lpr":28.8,"lq":1.0},{"pi":"1496","pc":"Продукты питания","ss":100,"td":"Окраина","dc":1,"n":49.63,"vc":"около 50","sl":"Высокий","sv":"около 100","p":31.68,"q":1.05,"b":0.0,"wi":0.16,"ei":4.27,"as":156.32,"mi":"E","mv":356178,"sc":1,"lpe":99.98,"lpr":28.8,"lq":1.0},{"pi":"1496","pc":"Продукты питания","ss":100,"td":"Окраина","dc":1,"n":49.63,"vc":"около 50","sl":"Высокий","sv":"около 100","p":31.68,"q":1.05,"b":0.0,"wi":0.16,"ei":4.27,"as":156.32,"mi":"E","mv":356178,"sc":1,"lpe":99.98,"lpr":28.8,"lq":1.0},{"pi":"1496","pc":"Продукты питания","ss":100,"td":"Окраина","dc":1,"n":49.63,"vc":"около 50","sl":"Высокий","sv":"около 100","p":31.68,"q":1.05,"b":0.0,"wi":0.16,"ei":4.27,"as":156.32,"mi":"E","mv":356178,"sc":1,"lpe":99.98,"lpr":28.8,"lq":1.0},{"pi":"1496","pc":"Продукты питания","ss":100,"td":"Окраина","dc":1,"n":49.63,"vc":"около 50","sl":"Высокий","sv":"около 100","p":31.68,"q":1.05,"b":0.0,"wi":0.16,"ei":4.27,"as":156.32,"mi":"E","mv":356178,"sc":1,"lpe":99.98,"lpr":28.8,"lq":1.0},{"pi":"1496","pc":"Продукты питания","ss":100,"td":"Окраина","dc":1,"n":109.61,"vc":"около 50","sl":"Высокий","sv":"более 300","p":25.5,"q":2.66,"b":0.0,"wi":0.15,"ei":3.74,"as":142.0,"mi":"E","mv":223060,"sc":1,"lpe":99.86,"lpr":26.11,"lq":1.0},{"pi":"1496","pc":"Продукты питания","ss":100,"td":"Окраина","dc":1,"n":109.61,"vc":"около 50","sl":"Высокий","sv":"более 300","p":25.5,"q":2.66,"b":0.0,"wi":0.15,"ei":3.74,"as":142.0,"mi":"E","mv":223060,"sc":1,"lpe":99.86,"lpr":26.11,"lq":1.0},{"pi":"1496","pc":"Продукты питания","ss":100,"td":"Окраина","dc":1,"n":109.61,"vc":"около 50","sl":"Высокий","sv":"более 300","p":25.5,"q":2.66,"b":0.0,"wi":0.15,"ei":3.74,"as":142.0,"mi":"E","mv":223060,"sc":1,"lpe":99.86,"lpr":26.11,"lq":1.0},{"pi":"1496","pc":"Продукты питания","ss":100,"td":"Окраина","dc":1,"n":109.61,"vc":"около 50","sl":"Высокий","sv":"более 300","p":25.5,"q":2.66,"b":0.0,"wi":0.15,"ei":3.74,"as":142.0,"mi":"E","mv":223060,"sc":1,"lpe":99.86,"lpr":26.11,"lq":1.0},{"pi":"1496","pc":"Продукты питания","ss":100,"td":"Окраина","dc":1,"n":109.61,"vc":"около 50","sl":"Высокий","sv":"более 300","p":25.5,"q":2.66,"b":0.0,"wi":0.15,"ei":3.74,"as":142.0,"mi":"E","mv":223060,"sc":1,"lpe":99.86,"lpr":26.11,"lq":1.0},{"pi":"1496","pc":"Продукты питания","ss":100,"td":"Окраина","dc":1,"n":109.61,"vc":"около 50","sl":"Высокий","sv":"более 300","p":25.5,"q":2.66,"b":0.0,"wi":0.15,"ei":3.74,"as":142.0,"mi":"E","mv":223060,"sc":1,"lpe":99.86,"lpr":26.11,"lq":1.0},{"pi":"1496","pc":"Продукты питания","ss":100,"td":"Окраина","dc":1,"n":109.61,"vc":"около 50","sl":"Высокий","sv":"более 300","p":25.5,"q":2.66,"b":0.0,"wi":0.15,"ei":3.74,"as":142.0,"mi":"E","mv":223060,"sc":1,"lpe":99.86,"lpr":26.11,"lq":1.0},{"pi":"1496","pc":"Продукты питания","ss":100,"td":"Окраина","dc":1,"n":49.63,"vc":"менее 50","sl":"Очень высокий","sv":"около 50","p":16.37,"q":1.05,"b":0.0,"wi":0.09,"ei":4.01,"as":80.78,"mi":"E","mv":59914,"sc":1,"lpe":99.91,"lpr":14.88,"lq":1.0},{"pi":"1496","pc":"Продукты питания","ss":100,"td":"Окраина","dc":1,"n":49.63,"vc":"менее 50","sl":"Очень высокий","sv":"около 50","p":16.37,"q":1.05,"b":0.0,"wi":0.09,"ei":4.01,"as":80.78,"mi":"E","mv":59914,"sc":1,"lpe":99.91,"lpr":14.88,"lq":1.0},{"pi":"1496","pc":"Продукты питания","ss":100,"td":"Окраина","dc":1,"n":49.63,"vc":"менее 50","sl":"Очень высокий","sv":"около 50","p":16.37,"q":1.05,"b":0.0,"wi":0.09,"ei":4.01,"as":80.78,"mi":"E","mv":59914,"sc":1,"lpe":99.91,"lpr":14.88,"lq":1.0},{"pi":"1496","pc":"Продукты питания","ss":100,"td":"Окраина","dc":1,"n":49.63,"vc":"менее 50","sl":"Очень высокий","sv":"около 50","p":16.37,"q":1.05,"b":0.0,"wi":0.09,"ei":4.01,"as":80.78,"mi":"E","mv":59914,"sc":1,"lpe":99.91,"lpr":14.88,"lq":1.0},{"pi":"1496","pc":"Продукты питания","ss":100,"td":"Окраина","dc":1,"n":49.63,"vc":"менее 50","sl":"Очень высокий","sv":"около 50","p":16.37,"q":1.05,"b":0.0,"wi":0.09,"ei":4.01,"as":80.78,"mi":"E","mv":59914,"sc":1,"lpe":99.91,"lpr":14.88,"lq":1.0},{"pi":"1496","pc":"Продукты питания","ss":100,"td":"Окраина","dc":1,"n":49.63,"vc":"менее 50","sl":"Очень высокий","sv":"около 50","p":16.37,"q":1.05,"b":0.0,"wi":0.09,"ei":4.01,"as":80.78,"mi":"E","mv":59914,"sc":1,"lpe":99.91,"lpr":14.88,"lq":1.0},{"pi":"1496","pc":"Продукты питания","ss":100,"td":"Окраина","dc":1,"n":49.63,"vc":"менее 50","sl":"Очень высокий","sv":"около 50","p":16.37,"q":1.05,"b":0.0,"wi":0.09,"ei":4.01,"as":80.78,"mi":"E","mv":59914,"sc":1,"lpe":99.91,"lpr":14.88,"lq":1.0},{"pi":"1496","pc":"Продукты питания","ss":100,"td":"Окраина","dc":1,"n":49.63,"vc":"менее 50","sl":"Очень высокий","sv":"около 50","p":16.37,"q":1.05,"b":0.0,"wi":0.09,"ei":4.01,"as":80.78,"mi":"E","mv":59914,"sc":1,"lpe":99.91,"lpr":14.88,"lq":1.0},{"pi":"1496","pc":"Продукты питания","ss":500,"td":"Спальный район","dc":1,"n":9.65,"vc":"более 100","sl":"Элитный","sv":"около 1 000","p":26.0,"q":1.79,"b":0.0,"wi":0.16,"ei":4.26,"as":146.92,"mi":"E","mv":1329361,"sc":1,"lpe":99.93,"lpr":27.07,"lq":1.0},{"pi":"1496","pc":"Продукты питания","ss":500,"td":"Спальный район","dc":1,"n":9.65,"vc":"более 100","sl":"Элитный","sv":"около 1 000","p":26.0,"q":1.79,"b":0.0,"wi":0.16,"ei":4.26,"as":146.92,"mi":"E","mv":1329361,"sc":1,"lpe":99.93,"lpr":27.07,"lq":1.0},{"pi":"1496","pc":"Продукты питания","ss":500,"td":"Спальный район","dc":1,"n":9.65,"vc":"более 100","sl":"Элитный","sv":"около 1 000","p":26.0,"q":1.79,"b":0.0,"wi":0.16,"ei":4.26,"as":146.92,"mi":"E","mv":1329361,"sc":1,"lpe":99.93,"lpr":27.07,"lq":1.0},{"pi":"1496","pc":"Продукты питания","ss":500,"td":"Спальный район","dc":1,"n":9.65,"vc":"более 100","sl":"Элитный","sv":"около 1 000","p":26.0,"q":1.79,"b":0.0,"wi":0.16,"ei":4.26,"as":146.92,"mi":"E","mv":1329361,"sc":1,"lpe":99.93,"lpr":27.07,"lq":1.0},{"pi":"1496","pc":"Продукты питания","ss":100,"td":"Окраина","dc":1,"n":46.72,"vc":"около 50","sl":"Нормальный","sv":"менее 50","p":22.7,"q":1.05,"b":0.0,"wi":0.13,"ei":3.0,"as":119.04,"mi":"E","mv":958483,"sc":1,"lpe":100.0,"lpr":21.93,"lq":1.0},{"pi":"1496","pc":"Продукты питания","ss":100,"td":"Окраина","dc":1,"n":46.72,"vc":"около 50","sl":"Нормальный","sv":"менее 50","p":22.7,"q":1.05,"b":0.0,"wi":0.13,"ei":3.0,"as":119.04,"mi":"E","mv":958483,"sc":1,"lpe":100.0,"lpr":21.93,"lq":1.0},{"pi":"1496","pc":"Продукты питания","ss":100,"td":"Окраина","dc":1,"n":46.72,"vc":"около 50","sl":"Нормальный","sv":"менее 50","p":22.7,"q":1.05,"b":0.0,"wi":0.13,"ei":3.0,"as":119.04,"mi":"E","mv":958483,"sc":1,"lpe":100.0,"lpr":21.93,"lq":1.0},{"pi":"1496","pc":"Продукты питания","ss":100,"td":"Окраина","dc":1,"n":46.72,"vc":"около 50","sl":"Нормальный","sv":"менее 50","p":22.7,"q":1.05,"b":0.0,"wi":0.13,"ei":3.0,"as":119.04,"mi":"E","mv":958483,"sc":1,"lpe":100.0,"lpr":21.93,"lq":1.0},{"pi":"1496","pc":"Продукты питания","ss":500,"td":"Спальный район","dc":1,"n":0.0,"vc":"около 50","sl":"Элитный","sv":"около 500","p":35.0,"q":1.81,"b":0.0,"wi":0.22,"ei":2.99,"as":224.75,"mi":"E","mv":35023,"sc":1,"lpe":98.95,"lpr":41.58,"lq":1.0},{"pi":"1496","pc":"Продукты питания","ss":500,"td":"Спальный район","dc":1,"n":0.0,"vc":"около 50","sl":"Элитный","sv":"около 500","p":35.0,"q":1.81,"b":0.0,"wi":0.22,"ei":2.99,"as":224.75,"mi":"E","mv":35023,"sc":1,"lpe":98.95,"lpr":41.58,"lq":1.0},{"pi":"1496","pc":"Продукты питания","ss":500,"td":"Спальный район","dc":1,"n":0.0,"vc":"около 50","sl":"Элитный","sv":"около 500","p":35.0,"q":1.81,"b":0.0,"wi":0.22,"ei":2.99,"as":224.75,"mi":"E","mv":35023,"sc":1,"lpe":98.95,"lpr":41.58,"lq":1.0},{"pi":"1496","pc":"Продукты питания","ss":500,"td":"Спальный район","dc":1,"n":0.0,"vc":"около 50","sl":"Элитный","sv":"около 500","p":35.0,"q":1.81,"b":0.0,"wi":0.22,"ei":2.99,"as":224.75,"mi":"E","mv":35023,"sc":1,"lpe":98.95,"lpr":41.58,"lq":1.0},{"pi":"1496","pc":"Продукты питания","ss":500,"td":"Спальный район","dc":1,"n":0.0,"vc":"около 50","sl":"Элитный","sv":"около 500","p":35.0,"q":1.81,"b":0.0,"wi":0.22,"ei":2.99,"as":224.75,"mi":"E","mv":35023,"sc":1,"lpe":98.95,"lpr":41.58,"lq":1.0},{"pi":"1496","pc":"Продукты питания","ss":500,"td":"Спальный район","dc":1,"n":0.0,"vc":"около 50","sl":"Элитный","sv":"около 500","p":35.0,"q":1.81,"b":0.0,"wi":0.22,"ei":2.99,"as":224.75,"mi":"E","mv":35023,"sc":1,"lpe":98.95,"lpr":41.58,"lq":1.0},{"pi":"1496","pc":"Продукты питания","ss":100,"td":"Центр города","dc":1,"n":49.63,"vc":"около 50","sl":"Нормальный","sv":"менее 50","p":303.99,"q":1.05,"b":0.0,"wi":1.62,"ei":8.7,"as":1500.0,"mi":"E","mv":616780,"sc":1,"lpe":100.0,"lpr":276.35,"lq":1.0},{"pi":"1496","pc":"Продукты питания","ss":100,"td":"Центр города","dc":1,"n":49.63,"vc":"около 50","sl":"Нормальный","sv":"менее 50","p":303.99,"q":1.05,"b":0.0,"wi":1.62,"ei":8.7,"as":1500.0,"mi":"E","mv":616780,"sc":1,"lpe":100.0,"lpr":276.35,"lq":1.0},{"pi":"1496","pc":"Продукты питания","ss":100,"td":"Центр города","dc":1,"n":49.63,"vc":"около 50","sl":"Нормальный","sv":"менее 50","p":303.99,"q":1.05,"b":0.0,"wi":1.62,"ei":8.7,"as":1500.0,"mi":"E","mv":616780,"sc":1,"lpe":100.0,"lpr":276.35,"lq":1.0},{"pi":"1496","pc":"Продукты питания","ss":100,"td":"Центр города","dc":1,"n":49.63,"vc":"около 50","sl":"Нормальный","sv":"менее 50","p":303.99,"q":1.05,"b":0.0,"wi":1.62,"ei":8.7,"as":1500.0,"mi":"E","mv":616780,"sc":1,"lpe":100.0,"lpr":276.35,"lq":1.0},{"pi":"1496","pc":"Продукты питания","ss":100,"td":"Центр города","dc":1,"n":49.63,"vc":"около 50","sl":"Нормальный","sv":"менее 50","p":303.99,"q":1.05,"b":0.0,"wi":1.62,"ei":8.7,"as":1500.0,"mi":"E","mv":616780,"sc":1,"lpe":100.0,"lpr":276.35,"lq":1.0},{"pi":"1496","pc":"Продукты питания","ss":100,"td":"Центр города","dc":1,"n":49.63,"vc":"около 50","sl":"Нормальный","sv":"менее 50","p":303.99,"q":1.05,"b":0.0,"wi":1.62,"ei":8.7,"as":1500.0,"mi":"E","mv":616780,"sc":1,"lpe":100.0,"lpr":276.35,"lq":1.0},{"pi":"1496","pc":"Продукты питания","ss":100,"td":"Центр города","dc":1,"n":49.63,"vc":"около 50","sl":"Нормальный","sv":"менее 50","p":303.99,"q":1.05,"b":0.0,"wi":1.62,"ei":8.7,"as":1500.0,"mi":"E","mv":616780,"sc":1,"lpe":100.0,"lpr":276.35,"lq":1.0},{"pi":"1496","pc":"Продукты питания","ss":100,"td":"Центр города","dc":1,"n":49.63,"vc":"около 50","sl":"Нормальный","sv":"менее 50","p":303.99,"q":1.05,"b":0.0,"wi":1.62,"ei":8.7,"as":1500.0,"mi":"E","mv":616780,"sc":1,"lpe":100.0,"lpr":276.35,"lq":1.0}]