[{"d":"04.07.2016","r":12551.0,"q":5.36,"p":140.0,"s":[{"ui":"7653551","t":12551.0,"r":12551.0,"q":5.36,"p":140.0,"mot":"U","mo":12551.0},{"cn":"","ui":"","t":0.0,"r":0.0,"q":0.0,"p":0.0,"mot":"L","mo":0.0}]},{"d":"08.07.2016","r":100.0,"q":1.26,"p":300.0,"s":[{"ui":"7660401","t":376.0,"r":351.0,"q":1.26,"p":300.0,"mot":"L","mo":100.0},{"cn":"","ui":"","t":0.0,"r":0.0,"q":0.0,"p":0.0,"mot":"L","mo":0.0}]},{"d":"09.07.2016","r":500.0,"q":2.18,"p":150.0,"s":[{"ui":"7660401","t":1382.0,"r":1242.0,"q":2.18,"p":150.0,"mot":"L","mo":500.0},{"cn":"","ui":"","t":0.0,"r":0.0,"q":0.0,"p":0.0,"mot":"L","mo":0.0}]},{"d":"12.07.2016","r":25.0,"q":1.0,"p":150.0,"s":[{"ui":"7668143","t":540.0,"r":540.0,"q":1.0,"p":150.0,"mot":"L","mo":25.0},{"cn":"","ui":"","t":0.0,"r":0.0,"q":0.0,"p":0.0,"mot":"L","mo":0.0}]},{"d":"14.07.2016","r":2848.0,"q":1.0,"p":100.53,"s":[{"ui":"7675667","t":1010.0,"r":1000.0,"q":1.01,"p":120.0,"mot":"U","mo":1000.0},{"ui":"7673539","t":2078.0,"r":1848.0,"q":1.0,"p":90.0,"mot":"U","mo":1848.0},{"cn":"","ui":"","t":0.0,"r":0.0,"q":0.0,"p":0.0,"mot":"L","mo":0.0}]},{"d":"15.07.2016","r":717.0,"q":1.0,"p":90.0,"s":[{"ui":"7678122","t":717.0,"r":717.0,"q":1.0,"p":90.0,"mot":"U","mo":717.0},{"cn":"","ui":"","t":0.0,"r":0.0,"q":0.0,"p":0.0,"mot":"L","mo":0.0}]},{"d":"16.07.2016","r":840.0,"q":1.0,"p":360.0,"s":[{"ui":"7678122","t":840.0,"r":840.0,"q":1.0,"p":360.0,"mot":"U","mo":840.0},{"cn":"","ui":"","t":0.0,"r":0.0,"q":0.0,"p":0.0,"mot":"L","mo":0.0}]},{"d":"19.07.2016","r":300.0,"q":2.8,"p":79.0,"s":[{"ui":"7683506","t":6262.0,"r":5402.0,"q":2.8,"p":79.0,"mot":"L","mo":300.0},{"cn":"","ui":"","t":0.0,"r":0.0,"q":0.0,"p":0.0,"mot":"L","mo":0.0}]},{"d":"25.07.2016","r":2217.0,"q":1.0,"p":101.0,"s":[{"ui":"7699201","t":2593.0,"r":2217.0,"q":1.0,"p":101.0,"mot":"U","mo":2217.0},{"cn":"","ui":"","t":0.0,"r":0.0,"q":0.0,"p":0.0,"mot":"L","mo":0.0}]},{"d":"26.07.2016","r":2837.0,"q":2.28,"p":101.0,"s":[{"ui":"7699201","t":4547.0,"r":2837.0,"q":2.28,"p":101.0,"mot":"U","mo":2837.0},{"cn":"","ui":"","t":0.0,"r":0.0,"q":0.0,"p":0.0,"mot":"L","mo":0.0}]},{"d":"28.07.2016","r":6500.0,"q":1.0,"p":111.0,"s":[{"ui":"7706377","t":6500.0,"r":6500.0,"q":1.0,"p":111.0,"mot":"U","mo":6500.0},{"cn":"","ui":"","t":0.0,"r":0.0,"q":0.0,"p":0.0,"mot":"L","mo":0.0}]},{"d":"01.08.2016","r":3975.0,"q":1.0,"p":219.49,"s":[{"ui":"7715341","t":3975.0,"r":3975.0,"q":1.0,"p":219.49,"mot":"U","mo":3975.0},{"cn":"","ui":"","t":0.0,"r":0.0,"q":0.0,"p":0.0,"mot":"L","mo":0.0}]},{"d":"02.08.2016","r":5876.0,"q":1.68,"p":219.49,"s":[{"ui":"7715341","t":6076.0,"r":5876.0,"q":1.68,"p":219.49,"mot":"U","mo":5876.0},{"cn":"","ui":"","t":0.0,"r":0.0,"q":0.0,"p":0.0,"mot":"L","mo":0.0}]},{"d":"03.08.2016","r":3292.0,"q":4.68,"p":200.0,"s":[{"ui":"7717772","t":3342.0,"r":3292.0,"q":4.68,"p":200.0,"mot":"U","mo":3292.0},{"cn":"","ui":"","t":0.0,"r":0.0,"q":0.0,"p":0.0,"mot":"L","mo":0.0}]},{"d":"04.08.2016","r":1500.0,"q":4.88,"p":200.0,"s":[{"ui":"7717772","t":2859.0,"r":2624.0,"q":4.88,"p":200.0,"mot":"L","mo":1500.0},{"cn":"","ui":"","t":0.0,"r":0.0,"q":0.0,"p":0.0,"mot":"L","mo":0.0}]},{"d":"06.08.2016","r":1340.0,"q":1.0,"p":100.0,"s":[{"ui":"7726813","t":1460.0,"r":1340.0,"q":1.0,"p":100.0,"mot":"U","mo":1340.0},{"cn":"","ui":"","t":0.0,"r":0.0,"q":0.0,"p":0.0,"mot":"L","mo":0.0}]},{"d":"08.08.2016","r":1245.0,"q":4.98,"p":100.0,"s":[{"ui":"7729786","t":1285.0,"r":1245.0,"q":4.98,"p":100.0,"mot":"U","mo":1245.0},{"cn":"","ui":"","t":0.0,"r":0.0,"q":0.0,"p":0.0,"mot":"L","mo":0.0}]},{"d":"18.08.2016","r":3492.0,"q":3.15,"p":145.0,"s":[{"ui":"7750618","t":3492.0,"r":3492.0,"q":3.15,"p":145.0,"mot":"U","mo":3492.0},{"cn":"","ui":"","t":0.0,"r":0.0,"q":0.0,"p":0.0,"mot":"L","mo":0.0}]},{"d":"19.08.2016","r":2497.0,"q":4.12,"p":70.0,"s":[{"ui":"7750618","t":2787.0,"r":2497.0,"q":4.12,"p":70.0,"mot":"U","mo":2497.0},{"cn":"","ui":"","t":0.0,"r":0.0,"q":0.0,"p":0.0,"mot":"L","mo":0.0}]},{"d":"27.08.2016","r":1950.0,"q":1.0,"p":74.0,"s":[{"ui":"7771325","t":2000.0,"r":1950.0,"q":1.0,"p":74.0,"mot":"U","mo":1950.0},{"cn":"","ui":"","t":0.0,"r":0.0,"q":0.0,"p":0.0,"mot":"L","mo":0.0}]},{"d":"31.08.2016","r":16201.0,"q":2.09,"p":320.0,"s":[{"ui":"7779667","t":16201.0,"r":16201.0,"q":2.09,"p":320.0,"mot":"U","mo":16201.0},{"cn":"","ui":"","t":0.0,"r":0.0,"q":0.0,"p":0.0,"mot":"L","mo":0.0}]},{"d":"07.09.2016","r":1506.0,"q":2.08,"p":38.98,"s":[{"ui":"7791077","t":606.0,"r":506.0,"q":4.2,"p":50.0,"mot":"U","mo":506.0},{"ui":"7794265","t":4095.0,"r":3095.0,"q":1.0,"p":33.4,"mot":"L","mo":1000.0},{"cn":"","ui":"","t":0.0,"r":0.0,"q":0.0,"p":0.0,"mot":"L","mo":0.0}]},{"d":"08.09.2016","r":500.0,"q":1.0,"p":39.0,"s":[{"ui":"7797019","t":8107.0,"r":7647.0,"q":1.0,"p":39.0,"mot":"L","mo":500.0},{"cn":"","ui":"","t":0.0,"r":0.0,"q":0.0,"p":0.0,"mot":"L","mo":0.0}]},{"d":"10.09.2016","r":400.0,"q":1.0,"p":81.0,"s":[{"ui":"7801137","t":11439.0,"r":11039.0,"q":1.0,"p":81.0,"mot":"L","mo":400.0},{"cn":"","ui":"","t":0.0,"r":0.0,"q":0.0,"p":0.0,"mot":"L","mo":0.0}]},{"d":"11.09.2016","r":2000.0,"q":1.78,"p":70.0,"s":[{"ui":"7801137","t":60785.0,"r":60564.0,"q":1.78,"p":70.0,"mot":"L","mo":2000.0},{"cn":"","ui":"","t":0.0,"r":0.0,"q":0.0,"p":0.0,"mot":"L","mo":0.0}]},{"d":"12.09.2016","r":2000.0,"q":1.92,"p":70.0,"s":[{"ui":"7801137","t":61588.0,"r":58588.0,"q":1.92,"p":70.0,"mot":"L","mo":2000.0},{"cn":"","ui":"","t":0.0,"r":0.0,"q":0.0,"p":0.0,"mot":"L","mo":0.0}]},{"d":"16.09.2016","r":3081.0,"q":3.59,"p":195.79,"s":[{"ui":"7814591","t":2981.0,"r":2981.0,"q":3.63,"p":199.0,"mot":"U","mo":2981.0},{"cn":"","ui":"","t":3480.0,"r":100.0,"q":2.46,"p":100.0,"mot":"L","mo":100.0}]},{"d":"17.09.2016","r":15276.0,"q":4.04,"p":120.0,"s":[{"ui":"7814591","t":15476.0,"r":15276.0,"q":4.04,"p":120.0,"mot":"U","mo":15276.0},{"cn":"","ui":"","t":0.0,"r":0.0,"q":0.0,"p":0.0,"mot":"L","mo":0.0}]},{"d":"18.09.2016","r":1776.0,"q":4.04,"p":120.0,"s":[{"ui":"7814591","t":1976.0,"r":1776.0,"q":4.04,"p":120.0,"mot":"U","mo":1776.0},{"cn":"","ui":"","t":0.0,"r":0.0,"q":0.0,"p":0.0,"mot":"L","mo":0.0}]},{"d":"25.09.2016","r":3056.0,"q":2.82,"p":75.0,"s":[{"ui":"7832729","t":3327.0,"r":3056.0,"q":2.82,"p":75.0,"mot":"U","mo":3056.0},{"cn":"","ui":"","t":0.0,"r":0.0,"q":0.0,"p":0.0,"mot":"L","mo":0.0}]},{"d":"29.09.2016","r":217.0,"q":3.53,"p":90.0,"s":[{"ui":"7844187","t":517.0,"r":217.0,"q":3.53,"p":90.0,"mot":"U","mo":217.0},{"cn":"","ui":"","t":0.0,"r":0.0,"q":0.0,"p":0.0,"mot":"L","mo":0.0}]},{"d":"30.09.2016","r":50000.0,"q":1.0,"p":150.0,"s":[{"ui":"7843801","t":13367.0,"r":13367.0,"q":1.0,"p":150.0,"mot":"L","mo":50000.0},{"cn":"","ui":"","t":0.0,"r":0.0,"q":0.0,"p":0.0,"mot":"L","mo":0.0}]},{"d":"05.10.2016","r":1492.0,"q":3.13,"p":415.0,"s":[{"ui":"7856918","t":1507.0,"r":1492.0,"q":3.13,"p":415.0,"mot":"U","mo":1492.0},{"cn":"","ui":"","t":0.0,"r":0.0,"q":0.0,"p":0.0,"mot":"L","mo":0.0}]},{"d":"10.10.2016","r":4835.0,"q":1.0,"p":72.55,"s":[{"ui":"7869192","t":5035.0,"r":4835.0,"q":1.0,"p":72.55,"mot":"U","mo":4835.0},{"cn":"","ui":"","t":0.0,"r":0.0,"q":0.0,"p":0.0,"mot":"L","mo":0.0}]},{"d":"11.10.2016","r":2500.0,"q":2.26,"p":150.0,"s":[{"ui":"7867646","t":2965.0,"r":2965.0,"q":2.26,"p":150.0,"mot":"L","mo":2500.0},{"cn":"","ui":"","t":0.0,"r":0.0,"q":0.0,"p":0.0,"mot":"L","mo":0.0}]},{"d":"12.10.2016","r":3500.0,"q":1.0,"p":115.0,"s":[{"ui":"7873078","t":3500.0,"r":3500.0,"q":1.0,"p":115.0,"mot":"U","mo":3500.0},{"cn":"","ui":"","t":0.0,"r":0.0,"q":0.0,"p":0.0,"mot":"L","mo":0.0}]},{"d":"14.10.2016","r":229.0,"q":1.88,"p":250.0,"s":[{"ui":"7879429","t":229.0,"r":229.0,"q":1.88,"p":250.0,"mot":"U","mo":229.0},{"cn":"","ui":"","t":0.0,"r":0.0,"q":0.0,"p":0.0,"mot":"L","mo":0.0}]},{"d":"15.10.2016","r":9417.0,"q":1.01,"p":70.83,"s":[{"ui":"7880689","t":9370.0,"r":9120.0,"q":1.0,"p":65.0,"mot":"U","mo":9120.0},{"cn":"","ui":"","t":297.0,"r":297.0,"q":1.41,"p":250.0,"mot":"L","mo":297.0}]},{"d":"17.10.2016","r":11076.0,"q":1.0,"p":200.0,"s":[{"ui":"7880339","t":11076.0,"r":11076.0,"q":1.0,"p":200.0,"mot":"U","mo":11076.0},{"cn":"","ui":"","t":0.0,"r":0.0,"q":0.0,"p":0.0,"mot":"L","mo":0.0}]},{"d":"18.10.2016","r":2000.0,"q":1.37,"p":128.0,"s":[{"ui":"7886124","t":3483.0,"r":2663.0,"q":2.46,"p":62.0,"mot":"L","mo":500.0},{"ui":"7888400","t":1500.0,"r":1500.0,"q":1.0,"p":150.0,"mot":"U","mo":1500.0},{"cn":"","ui":"","t":0.0,"r":0.0,"q":0.0,"p":0.0,"mot":"L","mo":0.0}]},{"d":"19.10.2016","r":5750.0,"q":1.07,"p":279.3,"s":[{"ui":"7886124","t":738.0,"r":738.0,"q":1.75,"p":62.0,"mot":"L","mo":500.0},{"ui":"7888400","t":5250.0,"r":5250.0,"q":1.0,"p":300.0,"mot":"U","mo":5250.0},{"cn":"","ui":"","t":0.0,"r":0.0,"q":0.0,"p":0.0,"mot":"L","mo":0.0}]},{"d":"20.10.2016","r":4500.0,"q":1.0,"p":300.0,"s":[{"ui":"7888400","t":4500.0,"r":4500.0,"q":1.0,"p":300.0,"mot":"U","mo":4500.0},{"cn":"","ui":"","t":0.0,"r":0.0,"q":0.0,"p":0.0,"mot":"L","mo":0.0}]},{"d":"29.10.2016","r":2200.0,"q":3.0,"p":336.82,"s":[{"ui":"7911555","t":2200.0,"r":2200.0,"q":3.0,"p":336.82,"mot":"U","mo":2200.0},{"cn":"","ui":"","t":0.0,"r":0.0,"q":0.0,"p":0.0,"mot":"L","mo":0.0}]},{"d":"30.10.2016","r":7000.0,"q":3.0,"p":280.82,"s":[{"ui":"7911555","t":7000.0,"r":7000.0,"q":3.0,"p":280.82,"mot":"U","mo":7000.0},{"cn":"","ui":"","t":0.0,"r":0.0,"q":0.0,"p":0.0,"mot":"L","mo":0.0}]},{"d":"31.10.2016","r":13499.0,"q":2.88,"p":265.23,"s":[{"ui":"7914017","t":2249.0,"r":1899.0,"q":2.16,"p":170.0,"mot":"U","mo":1899.0},{"ui":"7911555","t":11600.0,"r":11600.0,"q":3.0,"p":280.82,"mot":"U","mo":11600.0},{"cn":"","ui":"","t":0.0,"r":0.0,"q":0.0,"p":0.0,"mot":"L","mo":0.0}]},{"d":"01.11.2016","r":4771.0,"q":2.46,"p":100.0,"s":[{"ui":"7914017","t":7021.0,"r":4771.0,"q":2.46,"p":100.0,"mot":"U","mo":4771.0},{"cn":"","ui":"","t":0.0,"r":0.0,"q":0.0,"p":0.0,"mot":"L","mo":0.0}]},{"d":"02.11.2016","r":5513.0,"q":4.66,"p":152.24,"s":[{"ui":"7914017","t":3923.0,"r":3713.0,"q":2.46,"p":100.0,"mot":"U","mo":3713.0},{"ui":"7915055","t":1800.0,"r":1800.0,"q":9.19,"p":260.0,"mot":"U","mo":1800.0},{"cn":"","ui":"","t":0.0,"r":0.0,"q":0.0,"p":0.0,"mot":"L","mo":0.0}]},{"d":"05.11.2016","r":4156.0,"q":7.03,"p":131.59,"s":[{"ui":"7917404","t":5036.0,"r":4101.0,"q":7.03,"p":130.0,"mot":"U","mo":4101.0},{"cn":"","ui":"","t":605.0,"r":55.0,"q":7.1,"p":250.0,"mot":"L","mo":55.0}]},{"d":"14.11.2016","r":1236.0,"q":1.0,"p":74.0,"s":[{"ui":"7935081","t":1302.0,"r":1236.0,"q":1.0,"p":74.0,"mot":"U","mo":1236.0},{"cn":"","ui":"","t":0.0,"r":0.0,"q":0.0,"p":0.0,"mot":"L","mo":0.0}]},{"d":"19.11.2016","r":2500.0,"q":4.69,"p":85.0,"s":[{"ui":"7939164","t":5976.0,"r":5471.0,"q":4.69,"p":85.0,"mot":"L","mo":2500.0},{"cn":"","ui":"","t":0.0,"r":0.0,"q":0.0,"p":0.0,"mot":"L","mo":0.0}]},{"d":"21.11.2016","r":500.0,"q":3.01,"p":100.0,"s":[{"ui":"7944049","t":2080.0,"r":1980.0,"q":3.01,"p":100.0,"mot":"L","mo":500.0},{"cn":"","ui":"","t":0.0,"r":0.0,"q":0.0,"p":0.0,"mot":"L","mo":0.0}]},{"d":"22.11.2016","r":6293.0,"q":1.2,"p":100.0,"s":[{"ui":"7944049","t":3723.0,"r":3373.0,"q":3.57,"p":100.0,"mot":"L","mo":500.0},{"ui":"7944874","t":5793.0,"r":5793.0,"q":1.0,"p":100.0,"mot":"U","mo":5793.0},{"cn":"","ui":"","t":0.0,"r":0.0,"q":0.0,"p":0.0,"mot":"L","mo":0.0}]},{"d":"23.11.2016","r":1.0,"q":2.35,"p":780.0,"s":[{"ui":"7945797","t":3542.0,"r":3542.0,"q":2.35,"p":780.0,"mot":"L","mo":1.0},{"cn":"","ui":"","t":0.0,"r":0.0,"q":0.0,"p":0.0,"mot":"L","mo":0.0}]},{"d":"24.11.2016","r":22067.0,"q":2.25,"p":500.01,"s":[{"ui":"7944874","t":22066.0,"r":22066.0,"q":2.25,"p":500.0,"mot":"U","mo":22066.0},{"cn":"","ui":"","t":3523.0,"r":1.0,"q":2.35,"p":780.0,"mot":"L","mo":1.0}]},{"d":"26.11.2016","r":8683.0,"q":4.81,"p":77.95,"s":[{"ui":"7949605","t":1075.0,"r":1025.0,"q":3.35,"p":100.0,"mot":"U","mo":1025.0},{"ui":"7949166","t":7678.0,"r":7658.0,"q":5.0,"p":75.0,"mot":"U","mo":7658.0},{"cn":"","ui":"","t":0.0,"r":0.0,"q":0.0,"p":0.0,"mot":"L","mo":0.0}]},{"d":"27.11.2016","r":18878.0,"q":4.25,"p":77.79,"s":[{"ui":"7949605","t":2109.0,"r":2109.0,"q":3.3,"p":100.0,"mot":"U","mo":2109.0},{"ui":"7949166","t":16889.0,"r":16769.0,"q":4.37,"p":75.0,"mot":"U","mo":16769.0},{"cn":"","ui":"","t":0.0,"r":0.0,"q":0.0,"p":0.0,"mot":"L","mo":0.0}]},{"d":"01.12.2016","r":5445.0,"q":2.97,"p":85.0,"s":[{"ui":"7954437","t":5445.0,"r":5445.0,"q":2.97,"p":85.0,"mot":"U","mo":5445.0},{"cn":"","ui":"","t":0.0,"r":0.0,"q":0.0,"p":0.0,"mot":"L","mo":0.0}]},{"d":"02.12.2016","r":2711.0,"q":1.0,"p":185.08,"s":[{"ui":"7954729","t":1711.0,"r":1711.0,"q":1.0,"p":250.0,"mot":"U","mo":1711.0},{"ui":"7957307","t":6064.0,"r":6014.0,"q":1.0,"p":74.0,"mot":"L","mo":1000.0},{"cn":"","ui":"","t":0.0,"r":0.0,"q":0.0,"p":0.0,"mot":"L","mo":0.0}]},{"d":"03.12.2016","r":5000.0,"q":1.0,"p":74.0,"s":[{"ui":"7957307","t":4637.0,"r":4566.0,"q":1.0,"p":74.0,"mot":"L","mo":5000.0},{"cn":"","ui":"","t":0.0,"r":0.0,"q":0.0,"p":0.0,"mot":"L","mo":0.0}]},{"d":"08.12.2016","r":18138.0,"q":1.0,"p":62.94,"s":[{"ui":"7961993","t":19565.0,"r":18110.0,"q":1.0,"p":63.0,"mot":"U","mo":18110.0},{"cn":"","ui":"","t":17678.0,"r":28.0,"q":2.06,"p":25.0,"mot":"L","mo":28.0}]},{"d":"12.12.2016","r":1818.0,"q":3.68,"p":60.0,"s":[{"ui":"7970379","t":1943.0,"r":1818.0,"q":3.68,"p":60.0,"mot":"U","mo":1818.0},{"cn":"","ui":"","t":0.0,"r":0.0,"q":0.0,"p":0.0,"mot":"L","mo":0.0}]},{"d":"13.12.2016","r":5248.0,"q":1.87,"p":50.33,"s":[{"ui":"7971416","t":5937.0,"r":5077.0,"q":1.8,"p":50.0,"mot":"U","mo":5077.0},{"cn":"","ui":"","t":421.0,"r":171.0,"q":3.89,"p":60.0,"mot":"L","mo":171.0}]},{"d":"21.12.2016","r":282.0,"q":1.0,"p":1350.0,"s":[{"ui":"7984226","t":282.0,"r":282.0,"q":1.0,"p":1350.0,"mot":"U","mo":282.0},{"cn":"","ui":"","t":0.0,"r":0.0,"q":0.0,"p":0.0,"mot":"L","mo":0.0}]},{"d":"23.12.2016","r":290.0,"q":3.95,"p":85.0,"s":[{"ui":"7986015","t":400.0,"r":290.0,"q":3.95,"p":85.0,"mot":"U","mo":290.0},{"cn":"","ui":"","t":0.0,"r":0.0,"q":0.0,"p":0.0,"mot":"L","mo":0.0}]},{"d":"24.12.2016","r":1350.0,"q":4.26,"p":41.0,"s":[{"ui":"7986015","t":1360.0,"r":1350.0,"q":4.26,"p":41.0,"mot":"U","mo":1350.0},{"cn":"","ui":"","t":0.0,"r":0.0,"q":0.0,"p":0.0,"mot":"L","mo":0.0}]},{"d":"27.12.2016","r":1000.0,"q":3.27,"p":100.0,"s":[{"ui":"7992757","t":1000.0,"r":1000.0,"q":3.27,"p":100.0,"mot":"U","mo":1000.0},{"cn":"","ui":"","t":0.0,"r":0.0,"q":0.0,"p":0.0,"mot":"L","mo":0.0}]},{"d":"28.12.2016","r":2368.0,"q":3.4,"p":70.41,"s":[{"ui":"7993402","t":2215.0,"r":2175.0,"q":3.42,"p":70.0,"mot":"U","mo":2175.0},{"ui":"7991324","t":223.0,"r":193.0,"q":3.15,"p":75.0,"mot":"U","mo":193.0},{"cn":"","ui":"","t":0.0,"r":0.0,"q":0.0,"p":0.0,"mot":"L","mo":0.0}]},{"d":"29.12.2016","r":209.0,"q":3.29,"p":70.0,"s":[{"ui":"7993402","t":819.0,"r":209.0,"q":3.29,"p":70.0,"mot":"U","mo":209.0},{"cn":"","ui":"","t":0.0,"r":0.0,"q":0.0,"p":0.0,"mot":"L","mo":0.0}]},{"d":"04.01.2017","r":100.0,"q":1.0,"p":55.0,"s":[{"ui":"8000784","t":2398.0,"r":2288.0,"q":1.0,"p":55.0,"mot":"L","mo":100.0},{"cn":"","ui":"","t":0.0,"r":0.0,"q":0.0,"p":0.0,"mot":"L","mo":0.0}]},{"d":"06.01.2017","r":502.0,"q":1.61,"p":65.41,"s":[{"ui":"8003087","t":302.0,"r":302.0,"q":1.05,"p":69.0,"mot":"U","mo":302.0},{"ui":"8003604","t":2478.0,"r":2463.0,"q":2.46,"p":60.0,"mot":"L","mo":200.0},{"cn":"","ui":"","t":0.0,"r":0.0,"q":0.0,"p":0.0,"mot":"L","mo":0.0}]},{"d":"07.01.2017","r":500.0,"q":2.34,"p":70.0,"s":[{"ui":"8003604","t":1890.0,"r":1580.0,"q":2.34,"p":70.0,"mot":"L","mo":500.0},{"cn":"","ui":"","t":0.0,"r":0.0,"q":0.0,"p":0.0,"mot":"L","mo":0.0}]},{"d":"08.01.2017","r":500.0,"q":2.29,"p":70.0,"s":[{"ui":"8003604","t":4049.0,"r":2349.0,"q":2.29,"p":70.0,"mot":"L","mo":500.0},{"cn":"","ui":"","t":0.0,"r":0.0,"q":0.0,"p":0.0,"mot":"L","mo":0.0}]},{"d":"10.01.2017","r":1496.0,"q":3.69,"p":70.0,"s":[{"ui":"8007476","t":1596.0,"r":1496.0,"q":3.69,"p":70.0,"mot":"U","mo":1496.0},{"cn":"","ui":"","t":0.0,"r":0.0,"q":0.0,"p":0.0,"mot":"L","mo":0.0}]},{"d":"12.01.2017","r":7548.0,"q":2.6,"p":117.25,"s":[{"ui":"8007254","t":7548.0,"r":7548.0,"q":2.6,"p":117.25,"mot":"U","mo":7548.0},{"cn":"","ui":"","t":0.0,"r":0.0,"q":0.0,"p":0.0,"mot":"L","mo":0.0}]},{"d":"15.01.2017","r":3009.0,"q":1.85,"p":90.0,"s":[{"ui":"8014669","t":3009.0,"r":3009.0,"q":1.85,"p":90.0,"mot":"U","mo":3009.0},{"cn":"","ui":"","t":0.0,"r":0.0,"q":0.0,"p":0.0,"mot":"L","mo":0.0}]},{"d":"16.01.2017","r":2360.0,"q":1.0,"p":99.99,"s":[{"ui":"8015437","t":2360.0,"r":2360.0,"q":1.0,"p":99.99,"mot":"U","mo":2360.0},{"cn":"","ui":"","t":0.0,"r":0.0,"q":0.0,"p":0.0,"mot":"L","mo":0.0}]},{"d":"17.01.2017","r":2549.0,"q":1.0,"p":99.99,"s":[{"ui":"8015437","t":2549.0,"r":2549.0,"q":1.0,"p":99.99,"mot":"U","mo":2549.0},{"cn":"","ui":"","t":0.0,"r":0.0,"q":0.0,"p":0.0,"mot":"L","mo":0.0}]},{"d":"22.01.2017","r":3371.0,"q":2.97,"p":500.0,"s":[{"ui":"8023514","t":3371.0,"r":3371.0,"q":2.97,"p":500.0,"mot":"U","mo":3371.0},{"cn":"","ui":"","t":0.0,"r":0.0,"q":0.0,"p":0.0,"mot":"L","mo":0.0}]},{"d":"23.01.2017","r":7833.0,"q":3.37,"p":500.0,"s":[{"ui":"8023514","t":7933.0,"r":7833.0,"q":3.37,"p":500.0,"mot":"U","mo":7833.0},{"cn":"","ui":"","t":0.0,"r":0.0,"q":0.0,"p":0.0,"mot":"L","mo":0.0}]},{"d":"26.01.2017","r":3935.0,"q":3.98,"p":115.0,"s":[{"ui":"8026789","t":4295.0,"r":3935.0,"q":3.98,"p":115.0,"mot":"U","mo":3935.0},{"cn":"","ui":"","t":0.0,"r":0.0,"q":0.0,"p":0.0,"mot":"L","mo":0.0}]},{"d":"27.01.2017","r":1422.0,"q":6.47,"p":150.0,"s":[{"ui":"8029277","t":1602.0,"r":1422.0,"q":6.47,"p":150.0,"mot":"U","mo":1422.0},{"cn":"","ui":"","t":0.0,"r":0.0,"q":0.0,"p":0.0,"mot":"L","mo":0.0}]},{"d":"30.01.2017","r":1095.0,"q":1.0,"p":211.18,"s":[{"ui":"8032693","t":1157.0,"r":1095.0,"q":1.0,"p":211.18,"mot":"U","mo":1095.0},{"cn":"","ui":"","t":0.0,"r":0.0,"q":0.0,"p":0.0,"mot":"L","mo":0.0}]},{"d":"31.01.2017","r":5117.0,"q":1.0,"p":395.0,"s":[{"ui":"8033238","t":5117.0,"r":5117.0,"q":1.0,"p":395.0,"mot":"U","mo":5117.0},{"cn":"","ui":"","t":0.0,"r":0.0,"q":0.0,"p":0.0,"mot":"L","mo":0.0}]},{"d":"01.02.2017","r":17110.0,"q":4.47,"p":134.04,"s":[{"ui":"8033878","t":17060.0,"r":16810.0,"q":4.48,"p":135.0,"mot":"U","mo":16810.0},{"cn":"","ui":"","t":2690.0,"r":300.0,"q":3.93,"p":80.0,"mot":"L","mo":300.0}]},{"d":"02.02.2017","r":24278.0,"q":4.61,"p":124.51,"s":[{"ui":"8033878","t":24178.0,"r":23978.0,"q":4.62,"p":125.0,"mot":"U","mo":23978.0},{"cn":"","ui":"","t":2524.0,"r":300.0,"q":3.71,"p":85.0,"mot":"L","mo":300.0}]},{"d":"03.02.2017","r":300.0,"q":3.71,"p":85.0,"s":[{"ui":"8034904","t":1224.0,"r":1154.0,"q":3.71,"p":85.0,"mot":"L","mo":300.0},{"cn":"","ui":"","t":0.0,"r":0.0,"q":0.0,"p":0.0,"mot":"L","mo":0.0}]},{"d":"05.02.2017","r":151.0,"q":1.59,"p":110.0,"s":[{"ui":"8039237","t":181.0,"r":151.0,"q":1.59,"p":110.0,"mot":"U","mo":151.0},{"cn":"","ui":"","t":0.0,"r":0.0,"q":0.0,"p":0.0,"mot":"L","mo":0.0}]},{"d":"06.02.2017","r":941.0,"q":2.79,"p":110.0,"s":[{"ui":"8039237","t":1546.0,"r":941.0,"q":2.79,"p":110.0,"mot":"U","mo":941.0},{"cn":"","ui":"","t":0.0,"r":0.0,"q":0.0,"p":0.0,"mot":"L","mo":0.0}]},{"d":"08.02.2017","r":570.0,"q":1.0,"p":40.0,"s":[{"ui":"8042202","t":970.0,"r":570.0,"q":1.0,"p":40.0,"mot":"U","mo":570.0},{"cn":"","ui":"","t":0.0,"r":0.0,"q":0.0,"p":0.0,"mot":"L","mo":0.0}]},{"d":"11.02.2017","r":4691.0,"q":1.0,"p":83.34,"s":[{"ui":"8046210","t":4141.0,"r":3976.0,"q":1.0,"p":65.0,"mot":"U","mo":3976.0},{"ui":"8043749","t":500.0,"r":500.0,"q":1.0,"p":250.0,"mot":"U","mo":500.0},{"cn":"","ui":"","t":490.0,"r":215.0,"q":1.0,"p":35.0,"mot":"L","mo":215.0}]},{"d":"12.02.2017","r":8084.0,"q":1.7,"p":65.45,"s":[{"ui":"8046210","t":8959.0,"r":7844.0,"q":1.68,"p":65.0,"mot":"U","mo":7844.0},{"cn":"","ui":"","t":11420.0,"r":240.0,"q":2.35,"p":80.0,"mot":"L","mo":240.0}]},{"d":"13.02.2017","r":18775.0,"q":2.27,"p":37.74,"s":[{"ui":"8046942","t":18304.0,"r":17305.0,"q":2.38,"p":35.0,"mot":"U","mo":17305.0},{"ui":"8049096","t":1470.0,"r":1470.0,"q":1.0,"p":70.0,"mot":"U","mo":1470.0},{"cn":"","ui":"","t":0.0,"r":0.0,"q":0.0,"p":0.0,"mot":"L","mo":0.0}]},{"d":"14.02.2017","r":2139.0,"q":1.0,"p":70.0,"s":[{"ui":"8049096","t":2929.0,"r":2139.0,"q":1.0,"p":70.0,"mot":"U","mo":2139.0},{"cn":"","ui":"","t":0.0,"r":0.0,"q":0.0,"p":0.0,"mot":"L","mo":0.0}]},{"d":"16.02.2017","r":3614.0,"q":3.44,"p":101.6,"s":[{"ui":"8053229","t":289.0,"r":289.0,"q":5.03,"p":120.0,"mot":"U","mo":289.0},{"ui":"8053071","t":3425.0,"r":3325.0,"q":3.3,"p":100.0,"mot":"U","mo":3325.0},{"cn":"","ui":"","t":0.0,"r":0.0,"q":0.0,"p":0.0,"mot":"L","mo":0.0}]},{"d":"17.02.2017","r":510.0,"q":4.8,"p":175.0,"s":[{"ui":"8053229","t":595.0,"r":510.0,"q":4.8,"p":175.0,"mot":"U","mo":510.0},{"cn":"","ui":"","t":0.0,"r":0.0,"q":0.0,"p":0.0,"mot":"L","mo":0.0}]},{"d":"23.02.2017","r":1847.0,"q":2.46,"p":65.0,"s":[{"ui":"8061314","t":7616.0,"r":1847.0,"q":2.46,"p":65.0,"mot":"U","mo":1847.0},{"cn":"","ui":"","t":0.0,"r":0.0,"q":0.0,"p":0.0,"mot":"L","mo":0.0}]},{"d":"24.02.2017","r":7850.0,"q":4.34,"p":100.0,"s":[{"ui":"8060801","t":9971.0,"r":7850.0,"q":4.34,"p":100.0,"mot":"U","mo":7850.0},{"cn":"","ui":"","t":0.0,"r":0.0,"q":0.0,"p":0.0,"mot":"L","mo":0.0}]},{"d":"27.02.2017","r":584.0,"q":4.38,"p":119.99,"s":[{"ui":"8067163","t":584.0,"r":584.0,"q":4.38,"p":119.99,"mot":"U","mo":584.0},{"cn":"","ui":"","t":0.0,"r":0.0,"q":0.0,"p":0.0,"mot":"L","mo":0.0}]},{"d":"28.02.2017","r":5442.0,"q":2.55,"p":117.28,"s":[{"ui":"8069590","t":869.0,"r":479.0,"q":3.26,"p":110.0,"mot":"U","mo":479.0},{"ui":"8070440","t":4463.0,"r":4463.0,"q":2.25,"p":120.0,"mot":"U","mo":4463.0},{"ui":"8068153","t":3045.0,"r":2845.0,"q":4.52,"p":100.0,"mot":"L","mo":500.0},{"cn":"","ui":"","t":0.0,"r":0.0,"q":0.0,"p":0.0,"mot":"L","mo":0.0}]},{"d":"01.03.2017","r":1150.0,"q":4.47,"p":65.0,"s":[{"ui":"8071664","t":1150.0,"r":1150.0,"q":4.47,"p":65.0,"mot":"U","mo":1150.0},{"cn":"","ui":"","t":0.0,"r":0.0,"q":0.0,"p":0.0,"mot":"L","mo":0.0}]},{"d":"02.03.2017","r":0.0,"q":0.0,"p":0.0,"s":[{"cn":"","ui":"","t":0.0,"r":0.0,"q":0.0,"p":0.0,"mot":"L","mo":0.0}]},{"d":"03.03.2017","r":500.0,"q":4.66,"p":93.41,"s":[{"cn":"E.T.R.E.U.M.","ui":"8075027","t":2106.0,"r":2106.0,"q":4.66,"p":93.41,"mot":"L","mo":500.0},{"cn":"","ui":"","t":0.0,"r":0.0,"q":0.0,"p":0.0,"mot":"L","mo":0.0}]},{"d":"05.03.2017","r":39893.0,"q":1.76,"p":84.0,"s":[{"cn":"Production Plus+","ui":"8075835","t":43218.0,"r":39893.0,"q":1.76,"p":84.0,"mot":"U","mo":39893.0},{"cn":"","ui":"","t":0.0,"r":0.0,"q":0.0,"p":0.0,"mot":"L","mo":0.0}]},{"d":"06.03.2017","r":128931.0,"q":1.63,"p":84.0,"s":[{"cn":"Production Plus+","ui":"8075835","t":130756.0,"r":128931.0,"q":1.63,"p":84.0,"mot":"U","mo":128931.0},{"cn":"","ui":"","t":0.0,"r":0.0,"q":0.0,"p":0.0,"mot":"L","mo":0.0}]},{"d":"11.03.2017","r":10035.0,"q":1.62,"p":80.0,"s":[{"cn":"Трон","ui":"8084667","t":14235.0,"r":10035.0,"q":1.62,"p":80.0,"mot":"U","mo":10035.0},{"cn":"","ui":"","t":0.0,"r":0.0,"q":0.0,"p":0.0,"mot":"L","mo":0.0}]},{"d":"12.03.2017","r":17592.0,"q":1.74,"p":80.0,"s":[{"cn":"Трон","ui":"8084667","t":17592.0,"r":17592.0,"q":1.74,"p":80.0,"mot":"U","mo":17592.0},{"cn":"","ui":"","t":0.0,"r":0.0,"q":0.0,"p":0.0,"mot":"L","mo":0.0}]},{"d":"13.03.2017","r":133.0,"q":2.46,"p":261.35,"s":[{"cn":"MilitaryDreams","ui":"8087359","t":393.0,"r":133.0,"q":2.46,"p":261.35,"mot":"U","mo":133.0},{"cn":"","ui":"","t":0.0,"r":0.0,"q":0.0,"p":0.0,"mot":"L","mo":0.0}]},{"d":"14.03.2017","r":4279.0,"q":1.0,"p":55.0,"s":[{"cn":"радость","ui":"8088457","t":5529.0,"r":4279.0,"q":1.0,"p":55.0,"mot":"U","mo":4279.0},{"cn":"","ui":"","t":0.0,"r":0.0,"q":0.0,"p":0.0,"mot":"L","mo":0.0}]},{"d":"17.03.2017","r":2300.0,"q":1.05,"p":110.0,"s":[{"cn":"Yamkovenko Финанс","ui":"8091955","t":2400.0,"r":2300.0,"q":1.05,"p":110.0,"mot":"U","mo":2300.0},{"cn":"","ui":"","t":0.0,"r":0.0,"q":0.0,"p":0.0,"mot":"L","mo":0.0}]},{"d":"18.03.2017","r":5852.0,"q":1.05,"p":80.0,"s":[{"cn":"Десяк Инвест","ui":"8093155","t":5852.0,"r":5852.0,"q":1.05,"p":80.0,"mot":"U","mo":5852.0},{"cn":"","ui":"","t":0.0,"r":0.0,"q":0.0,"p":0.0,"mot":"L","mo":0.0}]},{"d":"21.03.2017","r":9567.0,"q":1.17,"p":99.06,"s":[{"cn":"Castru\u0027s Group","ui":"8095996","t":1502.0,"r":567.0,"q":3.91,"p":100.0,"mot":"U","mo":567.0},{"cn":"Тютюшкин Ltd.","ui":"8096652","t":9000.0,"r":9000.0,"q":1.0,"p":99.0,"mot":"U","mo":9000.0},{"cn":"","ui":"","t":0.0,"r":0.0,"q":0.0,"p":0.0,"mot":"L","mo":0.0}]},{"d":"22.03.2017","r":2739.0,"q":4.56,"p":100.0,"s":[{"cn":"Castru\u0027s Group","ui":"8095996","t":3299.0,"r":2739.0,"q":4.56,"p":100.0,"mot":"U","mo":2739.0},{"cn":"","ui":"","t":0.0,"r":0.0,"q":0.0,"p":0.0,"mot":"L","mo":0.0}]},{"d":"23.03.2017","r":1422.0,"q":2.17,"p":80.0,"s":[{"cn":"DHARMA Initiative","ui":"8097454","t":2232.0,"r":1422.0,"q":2.17,"p":80.0,"mot":"U","mo":1422.0},{"cn":"","ui":"","t":0.0,"r":0.0,"q":0.0,"p":0.0,"mot":"L","mo":0.0}]},{"d":"24.03.2017","r":1901.0,"q":3.58,"p":70.0,"s":[{"cn":"Титов","ui":"8098266","t":2067.0,"r":1901.0,"q":3.58,"p":70.0,"mot":"U","mo":1901.0},{"cn":"","ui":"","t":0.0,"r":0.0,"q":0.0,"p":0.0,"mot":"L","mo":0.0}]}]