[{"d":"10.07.2016","r":2000.0,"q":1.0,"p":35.0,"s":[{"ui":"7664845","t":65365.0,"r":63878.0,"q":1.0,"p":35.0,"mot":"L","mo":2000.0},{"cn":"","ui":"","t":0.0,"r":0.0,"q":0.0,"p":0.0,"mot":"L","mo":0.0}]},{"d":"22.07.2016","r":190.0,"q":1.0,"p":1500.0,"s":[{"ui":"7692602","t":240.0,"r":190.0,"q":1.0,"p":1500.0,"mot":"U","mo":190.0},{"cn":"","ui":"","t":0.0,"r":0.0,"q":0.0,"p":0.0,"mot":"L","mo":0.0}]},{"d":"25.07.2016","r":7968.0,"q":4.42,"p":600.0,"s":[{"ui":"7700707","t":8150.0,"r":7968.0,"q":4.42,"p":600.0,"mot":"U","mo":7968.0},{"cn":"","ui":"","t":0.0,"r":0.0,"q":0.0,"p":0.0,"mot":"L","mo":0.0}]},{"d":"29.07.2016","r":115052.0,"q":1.0,"p":1.0,"s":[{"ui":"7708330","t":120552.0,"r":115052.0,"q":1.0,"p":1.0,"mot":"U","mo":115052.0},{"cn":"","ui":"","t":0.0,"r":0.0,"q":0.0,"p":0.0,"mot":"L","mo":0.0}]},{"d":"06.08.2016","r":15948.0,"q":1.0,"p":63.0,"s":[{"ui":"7727719","t":15948.0,"r":15948.0,"q":1.0,"p":63.0,"mot":"U","mo":15948.0},{"cn":"","ui":"","t":0.0,"r":0.0,"q":0.0,"p":0.0,"mot":"L","mo":0.0}]},{"d":"07.08.2016","r":24023.0,"q":1.09,"p":63.0,"s":[{"ui":"7727719","t":24658.0,"r":24023.0,"q":1.09,"p":63.0,"mot":"U","mo":24023.0},{"cn":"","ui":"","t":0.0,"r":0.0,"q":0.0,"p":0.0,"mot":"L","mo":0.0}]},{"d":"20.08.2016","r":2009.0,"q":1.0,"p":120.0,"s":[{"ui":"7756893","t":2019.0,"r":2009.0,"q":1.0,"p":120.0,"mot":"U","mo":2009.0},{"cn":"","ui":"","t":0.0,"r":0.0,"q":0.0,"p":0.0,"mot":"L","mo":0.0}]},{"d":"21.08.2016","r":1769.0,"q":1.0,"p":120.0,"s":[{"ui":"7756893","t":1779.0,"r":1769.0,"q":1.0,"p":120.0,"mot":"U","mo":1769.0},{"cn":"","ui":"","t":0.0,"r":0.0,"q":0.0,"p":0.0,"mot":"L","mo":0.0}]},{"d":"22.08.2016","r":1629.0,"q":1.0,"p":120.0,"s":[{"ui":"7756893","t":1629.0,"r":1629.0,"q":1.0,"p":120.0,"mot":"U","mo":1629.0},{"cn":"","ui":"","t":0.0,"r":0.0,"q":0.0,"p":0.0,"mot":"L","mo":0.0}]},{"d":"26.08.2016","r":6378.0,"q":1.57,"p":49.0,"s":[{"ui":"7767765","t":8090.0,"r":6378.0,"q":1.57,"p":49.0,"mot":"U","mo":6378.0},{"cn":"","ui":"","t":0.0,"r":0.0,"q":0.0,"p":0.0,"mot":"L","mo":0.0}]},{"d":"27.08.2016","r":9008.0,"q":2.02,"p":49.0,"s":[{"ui":"7767765","t":9195.0,"r":9008.0,"q":2.02,"p":49.0,"mot":"U","mo":9008.0},{"cn":"","ui":"","t":0.0,"r":0.0,"q":0.0,"p":0.0,"mot":"L","mo":0.0}]},{"d":"07.09.2016","r":74600.0,"q":1.57,"p":50.0,"s":[{"ui":"7790744","t":89107.0,"r":74600.0,"q":1.57,"p":50.0,"mot":"U","mo":74600.0},{"cn":"","ui":"","t":0.0,"r":0.0,"q":0.0,"p":0.0,"mot":"L","mo":0.0}]},{"d":"09.09.2016","r":58309.0,"q":1.75,"p":40.0,"s":[{"ui":"7797293","t":64095.0,"r":58309.0,"q":1.75,"p":40.0,"mot":"U","mo":58309.0},{"cn":"","ui":"","t":0.0,"r":0.0,"q":0.0,"p":0.0,"mot":"L","mo":0.0}]},{"d":"10.09.2016","r":21757.0,"q":2.03,"p":40.0,"s":[{"ui":"7797293","t":41822.0,"r":21757.0,"q":2.03,"p":40.0,"mot":"U","mo":21757.0},{"cn":"","ui":"","t":0.0,"r":0.0,"q":0.0,"p":0.0,"mot":"L","mo":0.0}]},{"d":"17.10.2016","r":150.0,"q":1.0,"p":98.9,"s":[{"ui":"7885123","t":150.0,"r":150.0,"q":1.0,"p":98.9,"mot":"U","mo":150.0},{"cn":"","ui":"","t":0.0,"r":0.0,"q":0.0,"p":0.0,"mot":"L","mo":0.0}]},{"d":"21.10.2016","r":90.0,"q":1.0,"p":91.5,"s":[{"ui":"7895927","t":90.0,"r":90.0,"q":1.0,"p":91.5,"mot":"U","mo":90.0},{"cn":"","ui":"","t":0.0,"r":0.0,"q":0.0,"p":0.0,"mot":"L","mo":0.0}]},{"d":"22.10.2016","r":54.0,"q":1.0,"p":73.53,"s":[{"ui":"7899107","t":1728.0,"r":54.0,"q":1.0,"p":73.53,"mot":"U","mo":54.0},{"cn":"","ui":"","t":0.0,"r":0.0,"q":0.0,"p":0.0,"mot":"L","mo":0.0}]},{"d":"06.11.2016","r":62332.0,"q":4.89,"p":1200.0,"s":[{"ui":"7921942","t":65132.0,"r":62332.0,"q":4.89,"p":1200.0,"mot":"U","mo":62332.0},{"cn":"","ui":"","t":0.0,"r":0.0,"q":0.0,"p":0.0,"mot":"L","mo":0.0}]},{"d":"10.11.2016","r":200218.0,"q":1.0,"p":45.0,"s":[{"ui":"7928087","t":200218.0,"r":200218.0,"q":1.0,"p":45.0,"mot":"U","mo":200218.0},{"cn":"","ui":"","t":0.0,"r":0.0,"q":0.0,"p":0.0,"mot":"L","mo":0.0}]},{"d":"12.11.2016","r":139577.0,"q":1.3,"p":45.0,"s":[{"ui":"7931739","t":139709.0,"r":139577.0,"q":1.3,"p":45.0,"mot":"U","mo":139577.0},{"cn":"","ui":"","t":0.0,"r":0.0,"q":0.0,"p":0.0,"mot":"L","mo":0.0}]},{"d":"15.11.2016","r":5000.0,"q":1.0,"p":100.0,"s":[{"ui":"7935821","t":47600.0,"r":46380.0,"q":1.0,"p":100.0,"mot":"L","mo":5000.0},{"cn":"","ui":"","t":0.0,"r":0.0,"q":0.0,"p":0.0,"mot":"L","mo":0.0}]},{"d":"16.11.2016","r":5000.0,"q":1.0,"p":100.0,"s":[{"ui":"7935821","t":165357.0,"r":165357.0,"q":1.0,"p":100.0,"mot":"L","mo":5000.0},{"cn":"","ui":"","t":0.0,"r":0.0,"q":0.0,"p":0.0,"mot":"L","mo":0.0}]},{"d":"19.11.2016","r":4068.0,"q":1.0,"p":45.0,"s":[{"ui":"7941284","t":4256.0,"r":4068.0,"q":1.0,"p":45.0,"mot":"U","mo":4068.0},{"cn":"","ui":"","t":0.0,"r":0.0,"q":0.0,"p":0.0,"mot":"L","mo":0.0}]},{"d":"20.11.2016","r":45469.0,"q":1.75,"p":65.0,"s":[{"ui":"7941284","t":45469.0,"r":45469.0,"q":1.75,"p":65.0,"mot":"U","mo":45469.0},{"cn":"","ui":"","t":0.0,"r":0.0,"q":0.0,"p":0.0,"mot":"L","mo":0.0}]},{"d":"21.11.2016","r":96508.0,"q":1.91,"p":54.96,"s":[{"ui":"7941284","t":92838.0,"r":92838.0,"q":1.9,"p":55.0,"mot":"U","mo":92838.0},{"cn":"","ui":"","t":4360.0,"r":3670.0,"q":2.04,"p":54.0,"mot":"L","mo":3670.0}]},{"d":"01.12.2016","r":1943.0,"q":1.0,"p":750.0,"s":[{"ui":"7955566","t":1943.0,"r":1943.0,"q":1.0,"p":750.0,"mot":"U","mo":1943.0},{"cn":"","ui":"","t":0.0,"r":0.0,"q":0.0,"p":0.0,"mot":"L","mo":0.0}]},{"d":"04.12.2016","r":15200.0,"q":1.16,"p":35.0,"s":[{"ui":"7959563","t":15200.0,"r":15200.0,"q":1.16,"p":35.0,"mot":"U","mo":15200.0},{"cn":"","ui":"","t":0.0,"r":0.0,"q":0.0,"p":0.0,"mot":"L","mo":0.0}]},{"d":"08.12.2016","r":125247.0,"q":1.56,"p":34.0,"s":[{"ui":"7963473","t":131729.0,"r":125247.0,"q":1.56,"p":34.0,"mot":"U","mo":125247.0},{"cn":"","ui":"","t":0.0,"r":0.0,"q":0.0,"p":0.0,"mot":"L","mo":0.0}]},{"d":"15.12.2016","r":19883.0,"q":1.0,"p":32.0,"s":[{"ui":"7971661","t":32212.0,"r":19883.0,"q":1.0,"p":32.0,"mot":"U","mo":19883.0},{"cn":"","ui":"","t":0.0,"r":0.0,"q":0.0,"p":0.0,"mot":"L","mo":0.0}]},{"d":"18.12.2016","r":34684.0,"q":1.0,"p":37.0,"s":[{"ui":"7978930","t":34684.0,"r":34684.0,"q":1.0,"p":37.0,"mot":"U","mo":34684.0},{"cn":"","ui":"","t":0.0,"r":0.0,"q":0.0,"p":0.0,"mot":"L","mo":0.0}]},{"d":"20.12.2016","r":4943.0,"q":1.0,"p":35.0,"s":[{"ui":"7979839","t":5474.0,"r":4943.0,"q":1.0,"p":35.0,"mot":"U","mo":4943.0},{"cn":"","ui":"","t":0.0,"r":0.0,"q":0.0,"p":0.0,"mot":"L","mo":0.0}]},{"d":"26.12.2016","r":94700.0,"q":1.0,"p":37.0,"s":[{"ui":"7988455","t":94700.0,"r":94700.0,"q":1.0,"p":37.0,"mot":"U","mo":94700.0},{"cn":"","ui":"","t":0.0,"r":0.0,"q":0.0,"p":0.0,"mot":"L","mo":0.0}]},{"d":"10.02.2017","r":11215.0,"q":1.0,"p":32.0,"s":[{"ui":"8045072","t":14995.0,"r":11215.0,"q":1.0,"p":32.0,"mot":"U","mo":11215.0},{"cn":"","ui":"","t":0.0,"r":0.0,"q":0.0,"p":0.0,"mot":"L","mo":0.0}]},{"d":"11.02.2017","r":140049.0,"q":1.0,"p":32.0,"s":[{"ui":"8045072","t":145925.0,"r":140049.0,"q":1.0,"p":32.0,"mot":"U","mo":140049.0},{"cn":"","ui":"","t":0.0,"r":0.0,"q":0.0,"p":0.0,"mot":"L","mo":0.0}]},{"d":"13.02.2017","r":51900.0,"q":1.57,"p":35.0,"s":[{"ui":"8048612","t":53700.0,"r":51900.0,"q":1.57,"p":35.0,"mot":"U","mo":51900.0},{"cn":"","ui":"","t":0.0,"r":0.0,"q":0.0,"p":0.0,"mot":"L","mo":0.0}]},{"d":"17.02.2017","r":12000.0,"q":1.0,"p":300.0,"s":[{"ui":"8054287","t":47895.0,"r":47895.0,"q":1.0,"p":300.0,"mot":"L","mo":12000.0},{"cn":"","ui":"","t":0.0,"r":0.0,"q":0.0,"p":0.0,"mot":"L","mo":0.0}]},{"d":"21.02.2017","r":620.0,"q":1.53,"p":65.0,"s":[{"ui":"8059814","t":620.0,"r":620.0,"q":1.53,"p":65.0,"mot":"U","mo":620.0},{"cn":"","ui":"","t":0.0,"r":0.0,"q":0.0,"p":0.0,"mot":"L","mo":0.0}]},{"d":"22.02.2017","r":1770.0,"q":1.74,"p":65.0,"s":[{"ui":"8059814","t":1770.0,"r":1770.0,"q":1.74,"p":65.0,"mot":"U","mo":1770.0},{"cn":"","ui":"","t":0.0,"r":0.0,"q":0.0,"p":0.0,"mot":"L","mo":0.0}]},{"d":"23.02.2017","r":7943.0,"q":1.0,"p":350.0,"s":[{"ui":"8061017","t":7943.0,"r":7943.0,"q":1.0,"p":350.0,"mot":"L","mo":7943.0},{"cn":"","ui":"","t":0.0,"r":0.0,"q":0.0,"p":0.0,"mot":"L","mo":0.0}]},{"d":"24.02.2017","r":0.0,"q":0.0,"p":0.0,"s":[{"cn":"","ui":"","t":0.0,"r":0.0,"q":0.0,"p":0.0,"mot":"L","mo":0.0}]},{"d":"11.03.2017","r":27990.0,"q":1.57,"p":35.0,"s":[{"cn":"relicton Финанс","ui":"8083979","t":33842.0,"r":27990.0,"q":1.57,"p":35.0,"mot":"U","mo":27990.0},{"cn":"","ui":"","t":0.0,"r":0.0,"q":0.0,"p":0.0,"mot":"L","mo":0.0}]},{"d":"13.03.2017","r":65196.0,"q":1.0,"p":30.0,"s":[{"cn":"Элит","ui":"8087049","t":65196.0,"r":65196.0,"q":1.0,"p":30.0,"mot":"U","mo":65196.0},{"cn":"","ui":"","t":0.0,"r":0.0,"q":0.0,"p":0.0,"mot":"L","mo":0.0}]},{"d":"20.03.2017","r":14000.0,"q":3.23,"p":400.0,"s":[{"cn":"goodlife.com","ui":"8094114","t":28538.0,"r":14672.0,"q":3.23,"p":400.0,"mot":"L","mo":14000.0},{"cn":"","ui":"","t":0.0,"r":0.0,"q":0.0,"p":0.0,"mot":"L","mo":0.0}]},{"d":"25.03.2017","r":12350.0,"q":4.07,"p":80.0,"s":[{"cn":"MOTO TIM","ui":"8101550","t":12972.0,"r":12350.0,"q":4.07,"p":80.0,"mot":"U","mo":12350.0},{"cn":"","ui":"","t":0.0,"r":0.0,"q":0.0,"p":0.0,"mot":"L","mo":0.0}]},{"d":"26.03.2017","r":25205.0,"q":3.96,"p":80.0,"s":[{"cn":"MOTO TIM","ui":"8101550","t":25205.0,"r":25205.0,"q":3.96,"p":80.0,"mot":"U","mo":25205.0},{"cn":"","ui":"","t":0.0,"r":0.0,"q":0.0,"p":0.0,"mot":"L","mo":0.0}]},{"d":"28.03.2017","r":27547.0,"q":2.45,"p":170.0,"s":[{"cn":"Фаворит","ui":"8103275","t":27547.0,"r":27547.0,"q":2.45,"p":170.0,"mot":"U","mo":27547.0},{"cn":"","ui":"","t":0.0,"r":0.0,"q":0.0,"p":0.0,"mot":"L","mo":0.0}]},{"d":"29.03.2017","r":5816.0,"q":4.35,"p":200.0,"s":[{"cn":"MOTO","ui":"8104775","t":5816.0,"r":5816.0,"q":4.35,"p":200.0,"mot":"L","mo":5816.0},{"cn":"","ui":"","t":0.0,"r":0.0,"q":0.0,"p":0.0,"mot":"L","mo":0.0}]},{"d":"05.04.2017","r":6741.0,"q":2.41,"p":80.0,"s":[{"cn":"Yamkovenko Инвест","ui":"8112519","t":7131.0,"r":6741.0,"q":2.41,"p":80.0,"mot":"U","mo":6741.0},{"cn":"","ui":"","t":0.0,"r":0.0,"q":0.0,"p":0.0,"mot":"L","mo":0.0}]},{"d":"06.04.2017","r":10587.0,"q":3.56,"p":80.0,"s":[{"cn":"Yamkovenko Инвест","ui":"8112519","t":11663.0,"r":10587.0,"q":3.56,"p":80.0,"mot":"U","mo":10587.0},{"cn":"","ui":"","t":0.0,"r":0.0,"q":0.0,"p":0.0,"mot":"L","mo":0.0}]},{"d":"01.05.2017","r":500.0,"q":1.0,"p":61.72,"s":[{"cn":"Calvo Figorelli Invest","ui":"8142121","t":500.0,"r":500.0,"q":1.0,"p":61.72,"mot":"U","mo":500.0},{"cn":"","ui":"","t":0.0,"r":0.0,"q":0.0,"p":0.0,"mot":"L","mo":0.0}]},{"d":"16.06.2017","r":260822.0,"q":1.0,"p":100.0,"s":[{"cn":"Obeyyob Limited","ui":"8192450","t":263742.0,"r":260822.0,"q":1.0,"p":100.0,"mot":"U","mo":260822.0},{"cn":"","ui":"","t":0.0,"r":0.0,"q":0.0,"p":0.0,"mot":"L","mo":0.0}]},{"d":"22.06.2017","r":7123.0,"q":1.75,"p":94.87,"s":[{"cn":"virgin","ui":"8200816","t":2300.0,"r":2300.0,"q":1.0,"p":90.0,"mot":"U","mo":2300.0},{"cn":"power","ui":"8200691","t":2823.0,"r":2823.0,"q":1.0,"p":120.0,"mot":"U","mo":2823.0},{"cn":"опаа","ui":"8200905","t":16789.0,"r":16789.0,"q":3.67,"p":65.0,"mot":"L","mo":2000.0},{"cn":"","ui":"","t":0.0,"r":0.0,"q":0.0,"p":0.0,"mot":"L","mo":0.0}]},{"d":"23.06.2017","r":22040.0,"q":3.05,"p":65.14,"s":[{"cn":"ООО Ышанышлы","ui":"8202513","t":26368.0,"r":26035.0,"q":3.04,"p":60.0,"mot":"L","mo":1200.0},{"cn":"УСПЕХ","ui":"8202571","t":6953.0,"r":6953.0,"q":2.85,"p":43.0,"mot":"L","mo":2000.0},{"cn":"Балынефть Finance","ui":"8202399","t":18011.0,"r":17893.0,"q":3.0,"p":60.0,"mot":"L","mo":17893.0},{"cn":"","ui":"","t":1377.0,"r":947.0,"q":4.35,"p":215.62,"mot":"L","mo":947.0}]},{"d":"24.06.2017","r":8919.0,"q":2.35,"p":86.36,"s":[{"cn":"ООО Ышанышлы","ui":"8202513","t":25109.0,"r":24984.0,"q":3.41,"p":60.0,"mot":"L","mo":5000.0},{"cn":"power","ui":"8200691","t":3919.0,"r":3919.0,"q":1.0,"p":120.0,"mot":"U","mo":3919.0},{"cn":"","ui":"","t":0.0,"r":0.0,"q":0.0,"p":0.0,"mot":"L","mo":0.0}]},{"d":"25.06.2017","r":14888.0,"q":3.7,"p":99.85,"s":[{"cn":"ООО Ышанышлы","ui":"8202513","t":25109.0,"r":25109.0,"q":3.41,"p":60.0,"mot":"L","mo":5000.0},{"cn":"NurMotoGroup","ui":"8202470","t":9888.0,"r":9888.0,"q":3.84,"p":120.0,"mot":"U","mo":9888.0},{"cn":"","ui":"","t":0.0,"r":0.0,"q":0.0,"p":0.0,"mot":"L","mo":0.0}]},{"d":"10.07.2017","r":90886.0,"q":1.0,"p":50.0,"s":[{"cn":"И так сойдет!","ui":"8221513","t":92086.0,"r":90886.0,"q":1.0,"p":50.0,"mot":"U","mo":90886.0},{"cn":"","ui":"","t":0.0,"r":0.0,"q":0.0,"p":0.0,"mot":"L","mo":0.0}]},{"d":"11.07.2017","r":370.0,"q":1.0,"p":120.0,"s":[{"cn":"EE inc.","ui":"8222203","t":3010.0,"r":3010.0,"q":1.0,"p":120.0,"mot":"L","mo":370.0},{"cn":"","ui":"","t":0.0,"r":0.0,"q":0.0,"p":0.0,"mot":"L","mo":0.0}]},{"d":"24.07.2017","r":123847.0,"q":3.18,"p":67.0,"s":[{"cn":"Juvenarius Limited","ui":"8234884","t":135621.0,"r":123847.0,"q":3.18,"p":67.0,"mot":"U","mo":123847.0},{"cn":"","ui":"","t":0.0,"r":0.0,"q":0.0,"p":0.0,"mot":"L","mo":0.0}]},{"d":"25.07.2017","r":229187.0,"q":1.0,"p":59.0,"s":[{"cn":"Raz Inc.","ui":"8236662","t":232378.0,"r":229187.0,"q":1.0,"p":59.0,"mot":"U","mo":229187.0},{"cn":"","ui":"","t":0.0,"r":0.0,"q":0.0,"p":0.0,"mot":"L","mo":0.0}]},{"d":"26.07.2017","r":0.0,"q":0.0,"p":0.0,"s":[{"cn":"","ui":"","t":0.0,"r":0.0,"q":0.0,"p":0.0,"mot":"L","mo":0.0}]}]