[{"mi":"335200","s":"Fish meal","pi":"335184","v":159535,"q":9.88,"c":108.19,"tl":6.0,"ir":[{"cn":"Ellipsis","pi":"1482","ui":"3821887","t":1108704,"r":1067704,"q":11.55,"p":15.0,"mot":"U","mo":0.0},{"cn":"Арсенал 71","pi":"335174","ui":"3772809","t":5890497,"r":5508325,"q":9.25,"p":20.0,"mot":"U","mo":0.0}],"mwc":5000,"ctm":false},{"mi":"335200","s":"Fish meal","pi":"335184","v":167512,"q":9.11,"c":59.2,"tl":7.0,"ir":[{"cn":"Ellipsis","pi":"1482","ui":"3821887","t":1108704,"r":1067704,"q":11.55,"p":15.0,"mot":"U","mo":0.0},{"cn":"Ellipsis","pi":"335174","ui":"3725137","t":401016,"r":370816,"q":6.0,"p":8.0,"mot":"U","mo":0.0}],"mwc":5000,"ctm":true},{"mi":"335200","s":"Fish meal","pi":"335184","v":167512,"q":10.92,"c":107.2,"tl":7.0,"ir":[{"cn":"Ellipsis","pi":"1482","ui":"3821887","t":1108704,"r":1067704,"q":11.55,"p":15.0,"mot":"U","mo":0.0},{"cn":"Арсенал 71","pi":"335174","ui":"3772809","t":5890497,"r":5508325,"q":9.25,"p":20.0,"mot":"U","mo":0.0}],"mwc":5000,"ctm":false},{"mi":"335200","s":"Fish meal","pi":"335184","v":175888,"q":9.94,"c":58.26,"tl":8.0,"ir":[{"cn":"Ellipsis","pi":"1482","ui":"3821887","t":1108704,"r":1067704,"q":11.55,"p":15.0,"mot":"U","mo":0.0},{"cn":"Ellipsis","pi":"335174","ui":"3725137","t":401016,"r":370816,"q":6.0,"p":8.0,"mot":"U","mo":0.0}],"mwc":5000,"ctm":true},{"mi":"335200","s":"Fish meal","pi":"335184","v":175888,"q":11.91,"c":106.26,"tl":8.0,"ir":[{"cn":"Ellipsis","pi":"1482","ui":"3821887","t":1108704,"r":1067704,"q":11.55,"p":15.0,"mot":"U","mo":0.0},{"cn":"Арсенал 71","pi":"335174","ui":"3772809","t":5890497,"r":5508325,"q":9.25,"p":20.0,"mot":"U","mo":0.0}],"mwc":5000,"ctm":false},{"mi":"335200","s":"Fish meal","pi":"335184","v":184682,"q":10.73,"c":57.37,"tl":9.0,"ir":[{"cn":"Ellipsis","pi":"1482","ui":"3821887","t":1108704,"r":1067704,"q":11.55,"p":15.0,"mot":"U","mo":0.0},{"cn":"Ellipsis","pi":"335174","ui":"3725137","t":401016,"r":370816,"q":6.0,"p":8.0,"mot":"U","mo":0.0}],"mwc":5000,"ctm":true},{"mi":"335200","s":"Fish meal","pi":"335184","v":184682,"q":12.86,"c":105.37,"tl":9.0,"ir":[{"cn":"Ellipsis","pi":"1482","ui":"3821887","t":1108704,"r":1067704,"q":11.55,"p":15.0,"mot":"U","mo":0.0},{"cn":"Арсенал 71","pi":"335174","ui":"3772809","t":5890497,"r":5508325,"q":9.25,"p":20.0,"mot":"U","mo":0.0}],"mwc":5000,"ctm":true},{"mi":"335200","s":"Fish meal","pi":"335184","v":193916,"q":11.49,"c":56.52,"tl":10.0,"ir":[{"cn":"Ellipsis","pi":"1482","ui":"3821887","t":1108704,"r":1067704,"q":11.55,"p":15.0,"mot":"U","mo":0.0},{"cn":"Ellipsis","pi":"335174","ui":"3725137","t":401016,"r":370816,"q":6.0,"p":8.0,"mot":"U","mo":0.0}],"mwc":5000,"ctm":true},{"mi":"335200","s":"Fish meal","pi":"335184","v":193916,"q":13.77,"c":104.52,"tl":10.0,"ir":[{"cn":"Ellipsis","pi":"1482","ui":"3821887","t":1108704,"r":1067704,"q":11.55,"p":15.0,"mot":"U","mo":0.0},{"cn":"Арсенал 71","pi":"335174","ui":"3772809","t":5890497,"r":5508325,"q":9.25,"p":20.0,"mot":"U","mo":0.0}],"mwc":5000,"ctm":true},{"mi":"335200","s":"Fish meal","pi":"335184","v":203612,"q":12.22,"c":55.71,"tl":11.0,"ir":[{"cn":"Ellipsis","pi":"1482","ui":"3821887","t":1108704,"r":1067704,"q":11.55,"p":15.0,"mot":"U","mo":0.0},{"cn":"Ellipsis","pi":"335174","ui":"3725137","t":401016,"r":370816,"q":6.0,"p":8.0,"mot":"U","mo":0.0}],"mwc":5000,"ctm":true},{"mi":"335200","s":"Fish meal","pi":"335184","v":203612,"q":14.65,"c":103.71,"tl":11.0,"ir":[{"cn":"Ellipsis","pi":"1482","ui":"3821887","t":1108704,"r":1067704,"q":11.55,"p":15.0,"mot":"U","mo":0.0},{"cn":"Арсенал 71","pi":"335174","ui":"3772809","t":5890497,"r":5508325,"q":9.25,"p":20.0,"mot":"U","mo":0.0}],"mwc":5000,"ctm":true},{"mi":"335200","s":"Fish meal","pi":"335184","v":213792,"q":12.94,"c":54.94,"tl":12.0,"ir":[{"cn":"Ellipsis","pi":"1482","ui":"3821887","t":1108704,"r":1067704,"q":11.55,"p":15.0,"mot":"U","mo":0.0},{"cn":"Ellipsis","pi":"335174","ui":"3725137","t":401016,"r":370816,"q":6.0,"p":8.0,"mot":"U","mo":0.0}],"mwc":5000,"ctm":true},{"mi":"335200","s":"Fish meal","pi":"335184","v":213792,"q":15.5,"c":102.94,"tl":12.0,"ir":[{"cn":"Ellipsis","pi":"1482","ui":"3821887","t":1108704,"r":1067704,"q":11.55,"p":15.0,"mot":"U","mo":0.0},{"cn":"Арсенал 71","pi":"335174","ui":"3772809","t":5890497,"r":5508325,"q":9.25,"p":20.0,"mot":"U","mo":0.0}],"mwc":5000,"ctm":true},{"mi":"335200","s":"Fish meal","pi":"335184","v":224482,"q":13.63,"c":54.2,"tl":13.0,"ir":[{"cn":"Ellipsis","pi":"1482","ui":"3821887","t":1108704,"r":1067704,"q":11.55,"p":15.0,"mot":"U","mo":0.0},{"cn":"Ellipsis","pi":"335174","ui":"3725137","t":401016,"r":370816,"q":6.0,"p":8.0,"mot":"U","mo":0.0}],"mwc":5000,"ctm":true},{"mi":"335200","s":"Fish meal","pi":"335184","v":224482,"q":16.33,"c":102.2,"tl":13.0,"ir":[{"cn":"Ellipsis","pi":"1482","ui":"3821887","t":1108704,"r":1067704,"q":11.55,"p":15.0,"mot":"U","mo":0.0},{"cn":"Арсенал 71","pi":"335174","ui":"3772809","t":5890497,"r":5508325,"q":9.25,"p":20.0,"mot":"U","mo":0.0}],"mwc":5000,"ctm":true},{"mi":"2421","s":"Medovukha","pi":"1502","v":458404,"q":36.29,"c":117.45,"tl":18.0,"ir":[{"cn":"Maxi-Co LTD","pi":"1481","ui":"3242607","t":1035137,"r":561496,"q":33.45,"p":5.0,"mot":"U","mo":0.0},{"cn":"Luna","pi":"423151","ui":"3467276","t":52341918,"r":52301868,"q":27.61,"p":110.0,"mot":"L","mo":40000.0}],"mwc":2500,"ctm":false},{"mi":"2421","s":"Medovukha","pi":"1502","v":458404,"q":36.0,"c":119.7,"tl":18.0,"ir":[{"cn":"hj corp","pi":"1481","ui":"3253893","t":572002,"r":510641,"q":23.95,"p":50.0,"mot":"U","mo":0.0},{"cn":"Luna","pi":"423151","ui":"3467276","t":52341918,"r":52301868,"q":27.61,"p":110.0,"mot":"L","mo":40000.0}],"mwc":2500,"ctm":false},{"mi":"2421","s":"Medovukha","pi":"1502","v":458404,"q":35.8,"c":119.31,"tl":18.0,"ir":[{"cn":"Engkari corp","pi":"1481","ui":"3806795","t":354351,"r":326945,"q":17.69,"p":42.17,"mot":"U","mo":0.0},{"cn":"Luna","pi":"423151","ui":"3467276","t":52341918,"r":52301868,"q":27.61,"p":110.0,"mot":"L","mo":40000.0}],"mwc":2500,"ctm":false},{"mi":"2421","s":"Medovukha","pi":"1502","v":481324,"q":37.59,"c":117.11,"tl":19.0,"ir":[{"cn":"Maxi-Co LTD","pi":"1481","ui":"3242607","t":1035137,"r":561496,"q":33.45,"p":5.0,"mot":"U","mo":0.0},{"cn":"Luna","pi":"423151","ui":"3467276","t":52341918,"r":52301868,"q":27.61,"p":110.0,"mot":"L","mo":40000.0}],"mwc":2500,"ctm":true},{"mi":"2421","s":"Medovukha","pi":"1502","v":481324,"q":36.84,"c":117.86,"tl":19.0,"ir":[{"cn":"Ellipsis","pi":"1481","ui":"3781764","t":513315,"r":491197,"q":10.42,"p":20.0,"mot":"U","mo":0.0},{"cn":"Luna","pi":"423151","ui":"3467276","t":52341918,"r":52301868,"q":27.61,"p":110.0,"mot":"L","mo":40000.0}],"mwc":2500,"ctm":true},{"mi":"2421","s":"Medovukha","pi":"1502","v":481324,"q":37.29,"c":119.36,"tl":19.0,"ir":[{"cn":"hj corp","pi":"1481","ui":"3253893","t":572002,"r":510641,"q":23.95,"p":50.0,"mot":"U","mo":0.0},{"cn":"Luna","pi":"423151","ui":"3467276","t":52341918,"r":52301868,"q":27.61,"p":110.0,"mot":"L","mo":40000.0}],"mwc":2500,"ctm":true},{"mi":"2421","s":"Medovukha","pi":"1502","v":505390,"q":38.87,"c":116.78,"tl":20.0,"ir":[{"cn":"Maxi-Co LTD","pi":"1481","ui":"3242607","t":1035137,"r":561496,"q":33.45,"p":5.0,"mot":"U","mo":0.0},{"cn":"Luna","pi":"423151","ui":"3467276","t":52341918,"r":52301868,"q":27.61,"p":110.0,"mot":"L","mo":40000.0}],"mwc":2500,"ctm":true},{"mi":"2421","s":"Medovukha","pi":"1502","v":505390,"q":38.09,"c":117.53,"tl":20.0,"ir":[{"cn":"Ellipsis","pi":"1481","ui":"3781764","t":513315,"r":491197,"q":10.42,"p":20.0,"mot":"U","mo":0.0},{"cn":"Luna","pi":"423151","ui":"3467276","t":52341918,"r":52301868,"q":27.61,"p":110.0,"mot":"L","mo":40000.0}],"mwc":2500,"ctm":true},{"mi":"2421","s":"Medovukha","pi":"1502","v":505390,"q":38.55,"c":119.03,"tl":20.0,"ir":[{"cn":"hj corp","pi":"1481","ui":"3253893","t":572002,"r":510641,"q":23.95,"p":50.0,"mot":"U","mo":0.0},{"cn":"Luna","pi":"423151","ui":"3467276","t":52341918,"r":52301868,"q":27.61,"p":110.0,"mot":"L","mo":40000.0}],"mwc":2500,"ctm":true},{"mi":"2421","s":"Medovukha","pi":"1502","v":530660,"q":36.76,"c":81.96,"tl":21.0,"ir":[{"cn":"Maxi-Co LTD","pi":"1481","ui":"3242607","t":1035137,"r":561496,"q":33.45,"p":5.0,"mot":"U","mo":0.0},{"cn":"Engkari corp","pi":"423151","ui":"3796652","t":90917,"r":62237,"q":22.91,"p":75.49,"mot":"U","mo":0.0}],"mwc":2500,"ctm":true},{"mi":"2421","s":"Medovukha","pi":"1502","v":530660,"q":35.89,"c":82.71,"tl":21.0,"ir":[{"cn":"Ellipsis","pi":"1481","ui":"3781764","t":513315,"r":491197,"q":10.42,"p":20.0,"mot":"U","mo":0.0},{"cn":"Engkari corp","pi":"423151","ui":"3796652","t":90917,"r":62237,"q":22.91,"p":75.49,"mot":"U","mo":0.0}],"mwc":2500,"ctm":true},{"mi":"2421","s":"Medovukha","pi":"1502","v":530660,"q":36.1,"c":83.47,"tl":21.0,"ir":[{"cn":"Engkari corp","pi":"1481","ui":"3799838","t":730406,"r":720171,"q":16.14,"p":35.21,"mot":"U","mo":0.0},{"cn":"Engkari corp","pi":"423151","ui":"3796652","t":90917,"r":62237,"q":22.91,"p":75.49,"mot":"U","mo":0.0}],"mwc":2500,"ctm":true},{"mi":"2421","s":"Medovukha","pi":"1502","v":557193,"q":37.89,"c":81.66,"tl":22.0,"ir":[{"cn":"Maxi-Co LTD","pi":"1481","ui":"3242607","t":1035137,"r":561496,"q":33.45,"p":5.0,"mot":"U","mo":0.0},{"cn":"Engkari corp","pi":"423151","ui":"3796652","t":90917,"r":62237,"q":22.91,"p":75.49,"mot":"U","mo":0.0}],"mwc":2500,"ctm":true},{"mi":"2421","s":"Medovukha","pi":"1502","v":557193,"q":36.99,"c":82.41,"tl":22.0,"ir":[{"cn":"Ellipsis","pi":"1481","ui":"3781764","t":513315,"r":491197,"q":10.42,"p":20.0,"mot":"U","mo":0.0},{"cn":"Engkari corp","pi":"423151","ui":"3796652","t":90917,"r":62237,"q":22.91,"p":75.49,"mot":"U","mo":0.0}],"mwc":2500,"ctm":true},{"mi":"2421","s":"Medovukha","pi":"1502","v":557193,"q":37.21,"c":83.17,"tl":22.0,"ir":[{"cn":"Engkari corp","pi":"1481","ui":"3799838","t":730406,"r":720171,"q":16.14,"p":35.21,"mot":"U","mo":0.0},{"cn":"Engkari corp","pi":"423151","ui":"3796652","t":90917,"r":62237,"q":22.91,"p":75.49,"mot":"U","mo":0.0}],"mwc":2500,"ctm":true},{"mi":"2421","s":"Medovukha","pi":"1502","v":585052,"q":39.0,"c":81.38,"tl":23.0,"ir":[{"cn":"Maxi-Co LTD","pi":"1481","ui":"3242607","t":1035137,"r":561496,"q":33.45,"p":5.0,"mot":"U","mo":0.0},{"cn":"Engkari corp","pi":"423151","ui":"3796652","t":90917,"r":62237,"q":22.91,"p":75.49,"mot":"U","mo":0.0}],"mwc":2500,"ctm":true},{"mi":"2421","s":"Medovukha","pi":"1502","v":585052,"q":38.07,"c":82.13,"tl":23.0,"ir":[{"cn":"Ellipsis","pi":"1481","ui":"3781764","t":513315,"r":491197,"q":10.42,"p":20.0,"mot":"U","mo":0.0},{"cn":"Engkari corp","pi":"423151","ui":"3796652","t":90917,"r":62237,"q":22.91,"p":75.49,"mot":"U","mo":0.0}],"mwc":2500,"ctm":true},{"mi":"2421","s":"Medovukha","pi":"1502","v":585052,"q":38.3,"c":82.89,"tl":23.0,"ir":[{"cn":"Engkari corp","pi":"1481","ui":"3799838","t":730406,"r":720171,"q":16.14,"p":35.21,"mot":"U","mo":0.0},{"cn":"Engkari corp","pi":"423151","ui":"3796652","t":90917,"r":62237,"q":22.91,"p":75.49,"mot":"U","mo":0.0}],"mwc":2500,"ctm":true},{"mi":"2435","s":"Mobile phones","pi":"1517","v":40000,"q":1.0,"c":118.5,"tl":1.0,"ir":[{"cn":"Ellipsis","pi":"1477","ui":"3727762","t":36286,"r":8686,"q":10.35,"p":150.0,"mot":"U","mo":0.0},{"cn":"Russian Federation","pi":"1485","ui":"3195359","t":2449480,"r":2286333,"q":28.03,"p":60.0,"mot":"L","mo":30000.0}],"mwc":5000,"ctm":true},{"mi":"2435","s":"Mobile phones","pi":"1517","v":40000,"q":1.0,"c":119.92,"tl":1.0,"ir":[{"cn":"Ellipsis","pi":"1477","ui":"3727762","t":36286,"r":8686,"q":10.35,"p":150.0,"mot":"U","mo":0.0},{"cn":"Engkari corp","pi":"1485","ui":"3782896","t":540592,"r":531631,"q":16.67,"p":74.2,"mot":"U","mo":0.0}],"mwc":5000,"ctm":true},{"mi":"2435","s":"Mobile phones","pi":"1517","v":40000,"q":1.0,"c":121.41,"tl":1.0,"ir":[{"cn":"Ellipsis","pi":"1477","ui":"3727762","t":36286,"r":8686,"q":10.35,"p":150.0,"mot":"U","mo":0.0},{"cn":"Engkari corp","pi":"1485","ui":"3786620","t":167763,"r":160703,"q":16.79,"p":89.1,"mot":"U","mo":0.0}],"mwc":5000,"ctm":true},{"mi":"2435","s":"Mobile phones","pi":"1517","v":42000,"q":2.46,"c":114.57,"tl":2.0,"ir":[{"cn":"Ellipsis","pi":"1477","ui":"3727762","t":36286,"r":8686,"q":10.35,"p":150.0,"mot":"U","mo":0.0},{"cn":"Russian Federation","pi":"1485","ui":"3195359","t":2449480,"r":2286333,"q":28.03,"p":60.0,"mot":"L","mo":30000.0}],"mwc":5000,"ctm":true},{"mi":"2435","s":"Mobile phones","pi":"1517","v":42000,"q":2.46,"c":115.99,"tl":2.0,"ir":[{"cn":"Ellipsis","pi":"1477","ui":"3727762","t":36286,"r":8686,"q":10.35,"p":150.0,"mot":"U","mo":0.0},{"cn":"Engkari corp","pi":"1485","ui":"3782896","t":540592,"r":531631,"q":16.67,"p":74.2,"mot":"U","mo":0.0}],"mwc":5000,"ctm":true},{"mi":"2435","s":"Mobile phones","pi":"1517","v":42000,"q":2.46,"c":117.48,"tl":2.0,"ir":[{"cn":"Ellipsis","pi":"1477","ui":"3727762","t":36286,"r":8686,"q":10.35,"p":150.0,"mot":"U","mo":0.0},{"cn":"Engkari corp","pi":"1485","ui":"3786620","t":167763,"r":160703,"q":16.79,"p":89.1,"mot":"U","mo":0.0}],"mwc":5000,"ctm":true},{"mi":"2435","s":"Mobile phones","pi":"1517","v":44100,"q":4.17,"c":110.83,"tl":3.0,"ir":[{"cn":"Ellipsis","pi":"1477","ui":"3727762","t":36286,"r":8686,"q":10.35,"p":150.0,"mot":"U","mo":0.0},{"cn":"Russian Federation","pi":"1485","ui":"3195359","t":2449480,"r":2286333,"q":28.03,"p":60.0,"mot":"L","mo":30000.0}],"mwc":5000,"ctm":true},{"mi":"2435","s":"Mobile phones","pi":"1517","v":44100,"q":4.17,"c":112.25,"tl":3.0,"ir":[{"cn":"Ellipsis","pi":"1477","ui":"3727762","t":36286,"r":8686,"q":10.35,"p":150.0,"mot":"U","mo":0.0},{"cn":"Engkari corp","pi":"1485","ui":"3782896","t":540592,"r":531631,"q":16.67,"p":74.2,"mot":"U","mo":0.0}],"mwc":5000,"ctm":true},{"mi":"2435","s":"Mobile phones","pi":"1517","v":44100,"q":4.17,"c":113.74,"tl":3.0,"ir":[{"cn":"Ellipsis","pi":"1477","ui":"3727762","t":36286,"r":8686,"q":10.35,"p":150.0,"mot":"U","mo":0.0},{"cn":"Engkari corp","pi":"1485","ui":"3786620","t":167763,"r":160703,"q":16.79,"p":89.1,"mot":"U","mo":0.0}],"mwc":5000,"ctm":true},{"mi":"2435","s":"Mobile phones","pi":"1517","v":46305,"q":6.06,"c":107.27,"tl":4.0,"ir":[{"cn":"Ellipsis","pi":"1477","ui":"3727762","t":36286,"r":8686,"q":10.35,"p":150.0,"mot":"U","mo":0.0},{"cn":"Russian Federation","pi":"1485","ui":"3195359","t":2449480,"r":2286333,"q":28.03,"p":60.0,"mot":"L","mo":30000.0}],"mwc":5000,"ctm":true},{"mi":"2435","s":"Mobile phones","pi":"1517","v":46305,"q":6.06,"c":108.69,"tl":4.0,"ir":[{"cn":"Ellipsis","pi":"1477","ui":"3727762","t":36286,"r":8686,"q":10.35,"p":150.0,"mot":"U","mo":0.0},{"cn":"Engkari corp","pi":"1485","ui":"3782896","t":540592,"r":531631,"q":16.67,"p":74.2,"mot":"U","mo":0.0}],"mwc":5000,"ctm":true},{"mi":"2435","s":"Mobile phones","pi":"1517","v":46305,"q":6.06,"c":110.18,"tl":4.0,"ir":[{"cn":"Ellipsis","pi":"1477","ui":"3727762","t":36286,"r":8686,"q":10.35,"p":150.0,"mot":"U","mo":0.0},{"cn":"Engkari corp","pi":"1485","ui":"3786620","t":167763,"r":160703,"q":16.79,"p":89.1,"mot":"U","mo":0.0}],"mwc":5000,"ctm":true},{"mi":"2435","s":"Mobile phones","pi":"1517","v":48620,"q":8.1,"c":103.87,"tl":5.0,"ir":[{"cn":"Ellipsis","pi":"1477","ui":"3727762","t":36286,"r":8686,"q":10.35,"p":150.0,"mot":"U","mo":0.0},{"cn":"Russian Federation","pi":"1485","ui":"3195359","t":2449480,"r":2286333,"q":28.03,"p":60.0,"mot":"L","mo":30000.0}],"mwc":5000,"ctm":true},{"mi":"2435","s":"Mobile phones","pi":"1517","v":48620,"q":8.1,"c":105.29,"tl":5.0,"ir":[{"cn":"Ellipsis","pi":"1477","ui":"3727762","t":36286,"r":8686,"q":10.35,"p":150.0,"mot":"U","mo":0.0},{"cn":"Engkari corp","pi":"1485","ui":"3782896","t":540592,"r":531631,"q":16.67,"p":74.2,"mot":"U","mo":0.0}],"mwc":5000,"ctm":true},{"mi":"2435","s":"Mobile phones","pi":"1517","v":48620,"q":8.1,"c":106.78,"tl":5.0,"ir":[{"cn":"Ellipsis","pi":"1477","ui":"3727762","t":36286,"r":8686,"q":10.35,"p":150.0,"mot":"U","mo":0.0},{"cn":"Engkari corp","pi":"1485","ui":"3786620","t":167763,"r":160703,"q":16.79,"p":89.1,"mot":"U","mo":0.0}],"mwc":5000,"ctm":true},{"mi":"2435","s":"Mobile phones","pi":"1517","v":51051,"q":10.27,"c":100.64,"tl":6.0,"ir":[{"cn":"Ellipsis","pi":"1477","ui":"3727762","t":36286,"r":8686,"q":10.35,"p":150.0,"mot":"U","mo":0.0},{"cn":"Russian Federation","pi":"1485","ui":"3195359","t":2449480,"r":2286333,"q":28.03,"p":60.0,"mot":"L","mo":30000.0}],"mwc":5000,"ctm":true},{"mi":"2435","s":"Mobile phones","pi":"1517","v":51051,"q":10.27,"c":102.06,"tl":6.0,"ir":[{"cn":"Ellipsis","pi":"1477","ui":"3727762","t":36286,"r":8686,"q":10.35,"p":150.0,"mot":"U","mo":0.0},{"cn":"Engkari corp","pi":"1485","ui":"3782896","t":540592,"r":531631,"q":16.67,"p":74.2,"mot":"U","mo":0.0}],"mwc":5000,"ctm":true},{"mi":"2435","s":"Mobile phones","pi":"1517","v":51051,"q":10.27,"c":103.55,"tl":6.0,"ir":[{"cn":"Ellipsis","pi":"1477","ui":"3727762","t":36286,"r":8686,"q":10.35,"p":150.0,"mot":"U","mo":0.0},{"cn":"Engkari corp","pi":"1485","ui":"3786620","t":167763,"r":160703,"q":16.79,"p":89.1,"mot":"U","mo":0.0}],"mwc":5000,"ctm":true},{"mi":"2435","s":"Mobile phones","pi":"1517","v":53604,"q":12.55,"c":97.56,"tl":7.0,"ir":[{"cn":"Ellipsis","pi":"1477","ui":"3727762","t":36286,"r":8686,"q":10.35,"p":150.0,"mot":"U","mo":0.0},{"cn":"Russian Federation","pi":"1485","ui":"3195359","t":2449480,"r":2286333,"q":28.03,"p":60.0,"mot":"L","mo":30000.0}],"mwc":5000,"ctm":true},{"mi":"2435","s":"Mobile phones","pi":"1517","v":53604,"q":12.5,"c":98.98,"tl":7.0,"ir":[{"cn":"Ellipsis","pi":"1477","ui":"3727762","t":36286,"r":8686,"q":10.35,"p":150.0,"mot":"U","mo":0.0},{"cn":"Engkari corp","pi":"1485","ui":"3782896","t":540592,"r":531631,"q":16.67,"p":74.2,"mot":"U","mo":0.0}],"mwc":5000,"ctm":true},{"mi":"2435","s":"Mobile phones","pi":"1517","v":53604,"q":12.52,"c":100.47,"tl":7.0,"ir":[{"cn":"Ellipsis","pi":"1477","ui":"3727762","t":36286,"r":8686,"q":10.35,"p":150.0,"mot":"U","mo":0.0},{"cn":"Engkari corp","pi":"1485","ui":"3786620","t":167763,"r":160703,"q":16.79,"p":89.1,"mot":"U","mo":0.0}],"mwc":5000,"ctm":true},{"mi":"2435","s":"Mobile phones","pi":"1517","v":56284,"q":14.93,"c":94.63,"tl":8.0,"ir":[{"cn":"Ellipsis","pi":"1477","ui":"3727762","t":36286,"r":8686,"q":10.35,"p":150.0,"mot":"U","mo":0.0},{"cn":"Russian Federation","pi":"1485","ui":"3195359","t":2449480,"r":2286333,"q":28.03,"p":60.0,"mot":"L","mo":30000.0}],"mwc":5000,"ctm":true},{"mi":"2435","s":"Mobile phones","pi":"1517","v":56284,"q":13.64,"c":96.05,"tl":8.0,"ir":[{"cn":"Ellipsis","pi":"1477","ui":"3727762","t":36286,"r":8686,"q":10.35,"p":150.0,"mot":"U","mo":0.0},{"cn":"Engkari corp","pi":"1485","ui":"3782896","t":540592,"r":531631,"q":16.67,"p":74.2,"mot":"U","mo":0.0}],"mwc":5000,"ctm":true},{"mi":"2435","s":"Mobile phones","pi":"1517","v":56284,"q":13.66,"c":97.54,"tl":8.0,"ir":[{"cn":"Ellipsis","pi":"1477","ui":"3727762","t":36286,"r":8686,"q":10.35,"p":150.0,"mot":"U","mo":0.0},{"cn":"Engkari corp","pi":"1485","ui":"3786620","t":167763,"r":160703,"q":16.79,"p":89.1,"mot":"U","mo":0.0}],"mwc":5000,"ctm":true},{"mi":"2435","s":"Mobile phones","pi":"1517","v":59098,"q":16.81,"c":91.84,"tl":9.0,"ir":[{"cn":"Ellipsis","pi":"1477","ui":"3727762","t":36286,"r":8686,"q":10.35,"p":150.0,"mot":"U","mo":0.0},{"cn":"Russian Federation","pi":"1485","ui":"3195359","t":2449480,"r":2286333,"q":28.03,"p":60.0,"mot":"L","mo":30000.0}],"mwc":5000,"ctm":true},{"mi":"2435","s":"Mobile phones","pi":"1517","v":59098,"q":14.72,"c":93.26,"tl":9.0,"ir":[{"cn":"Ellipsis","pi":"1477","ui":"3727762","t":36286,"r":8686,"q":10.35,"p":150.0,"mot":"U","mo":0.0},{"cn":"Engkari corp","pi":"1485","ui":"3782896","t":540592,"r":531631,"q":16.67,"p":74.2,"mot":"U","mo":0.0}],"mwc":5000,"ctm":true},{"mi":"2435","s":"Mobile phones","pi":"1517","v":59098,"q":14.75,"c":94.75,"tl":9.0,"ir":[{"cn":"Ellipsis","pi":"1477","ui":"3727762","t":36286,"r":8686,"q":10.35,"p":150.0,"mot":"U","mo":0.0},{"cn":"Engkari corp","pi":"1485","ui":"3786620","t":167763,"r":160703,"q":16.79,"p":89.1,"mot":"U","mo":0.0}],"mwc":5000,"ctm":true},{"mi":"2435","s":"Mobile phones","pi":"1517","v":62053,"q":18.0,"c":89.18,"tl":10.0,"ir":[{"cn":"Ellipsis","pi":"1477","ui":"3727762","t":36286,"r":8686,"q":10.35,"p":150.0,"mot":"U","mo":0.0},{"cn":"Russian Federation","pi":"1485","ui":"3195359","t":2449480,"r":2286333,"q":28.03,"p":60.0,"mot":"L","mo":30000.0}],"mwc":5000,"ctm":true},{"mi":"2435","s":"Mobile phones","pi":"1517","v":62053,"q":15.77,"c":90.6,"tl":10.0,"ir":[{"cn":"Ellipsis","pi":"1477","ui":"3727762","t":36286,"r":8686,"q":10.35,"p":150.0,"mot":"U","mo":0.0},{"cn":"Engkari corp","pi":"1485","ui":"3782896","t":540592,"r":531631,"q":16.67,"p":74.2,"mot":"U","mo":0.0}],"mwc":5000,"ctm":true},{"mi":"2435","s":"Mobile phones","pi":"1517","v":62053,"q":15.79,"c":92.09,"tl":10.0,"ir":[{"cn":"Ellipsis","pi":"1477","ui":"3727762","t":36286,"r":8686,"q":10.35,"p":150.0,"mot":"U","mo":0.0},{"cn":"Engkari corp","pi":"1485","ui":"3786620","t":167763,"r":160703,"q":16.79,"p":89.1,"mot":"U","mo":0.0}],"mwc":5000,"ctm":true},{"mi":"2435","s":"Mobile phones","pi":"1517","v":65156,"q":19.15,"c":86.65,"tl":11.0,"ir":[{"cn":"Ellipsis","pi":"1477","ui":"3727762","t":36286,"r":8686,"q":10.35,"p":150.0,"mot":"U","mo":0.0},{"cn":"Russian Federation","pi":"1485","ui":"3195359","t":2449480,"r":2286333,"q":28.03,"p":60.0,"mot":"L","mo":30000.0}],"mwc":5000,"ctm":true},{"mi":"2435","s":"Mobile phones","pi":"1517","v":65156,"q":16.77,"c":88.07,"tl":11.0,"ir":[{"cn":"Ellipsis","pi":"1477","ui":"3727762","t":36286,"r":8686,"q":10.35,"p":150.0,"mot":"U","mo":0.0},{"cn":"Engkari corp","pi":"1485","ui":"3782896","t":540592,"r":531631,"q":16.67,"p":74.2,"mot":"U","mo":0.0}],"mwc":5000,"ctm":true},{"mi":"2435","s":"Mobile phones","pi":"1517","v":65156,"q":16.8,"c":89.56,"tl":11.0,"ir":[{"cn":"Ellipsis","pi":"1477","ui":"3727762","t":36286,"r":8686,"q":10.35,"p":150.0,"mot":"U","mo":0.0},{"cn":"Engkari corp","pi":"1485","ui":"3786620","t":167763,"r":160703,"q":16.79,"p":89.1,"mot":"U","mo":0.0}],"mwc":5000,"ctm":true},{"mi":"2435","s":"Mobile phones","pi":"1517","v":68414,"q":20.27,"c":84.24,"tl":12.0,"ir":[{"cn":"Ellipsis","pi":"1477","ui":"3727762","t":36286,"r":8686,"q":10.35,"p":150.0,"mot":"U","mo":0.0},{"cn":"Russian Federation","pi":"1485","ui":"3195359","t":2449480,"r":2286333,"q":28.03,"p":60.0,"mot":"L","mo":30000.0}],"mwc":5000,"ctm":true},{"mi":"2435","s":"Mobile phones","pi":"1517","v":68414,"q":17.75,"c":85.66,"tl":12.0,"ir":[{"cn":"Ellipsis","pi":"1477","ui":"3727762","t":36286,"r":8686,"q":10.35,"p":150.0,"mot":"U","mo":0.0},{"cn":"Engkari corp","pi":"1485","ui":"3782896","t":540592,"r":531631,"q":16.67,"p":74.2,"mot":"U","mo":0.0}],"mwc":5000,"ctm":true},{"mi":"2435","s":"Mobile phones","pi":"1517","v":68414,"q":17.78,"c":87.15,"tl":12.0,"ir":[{"cn":"Ellipsis","pi":"1477","ui":"3727762","t":36286,"r":8686,"q":10.35,"p":150.0,"mot":"U","mo":0.0},{"cn":"Engkari corp","pi":"1485","ui":"3786620","t":167763,"r":160703,"q":16.79,"p":89.1,"mot":"U","mo":0.0}],"mwc":5000,"ctm":true},{"mi":"2435","s":"Mobile phones","pi":"1517","v":71834,"q":21.35,"c":81.94,"tl":13.0,"ir":[{"cn":"Ellipsis","pi":"1477","ui":"3727762","t":36286,"r":8686,"q":10.35,"p":150.0,"mot":"U","mo":0.0},{"cn":"Russian Federation","pi":"1485","ui":"3195359","t":2449480,"r":2286333,"q":28.03,"p":60.0,"mot":"L","mo":30000.0}],"mwc":5000,"ctm":true},{"mi":"2435","s":"Mobile phones","pi":"1517","v":71834,"q":18.7,"c":83.36,"tl":13.0,"ir":[{"cn":"Ellipsis","pi":"1477","ui":"3727762","t":36286,"r":8686,"q":10.35,"p":150.0,"mot":"U","mo":0.0},{"cn":"Engkari corp","pi":"1485","ui":"3782896","t":540592,"r":531631,"q":16.67,"p":74.2,"mot":"U","mo":0.0}],"mwc":5000,"ctm":true},{"mi":"2435","s":"Mobile phones","pi":"1517","v":71834,"q":18.73,"c":84.85,"tl":13.0,"ir":[{"cn":"Ellipsis","pi":"1477","ui":"3727762","t":36286,"r":8686,"q":10.35,"p":150.0,"mot":"U","mo":0.0},{"cn":"Engkari corp","pi":"1485","ui":"3786620","t":167763,"r":160703,"q":16.79,"p":89.1,"mot":"U","mo":0.0}],"mwc":5000,"ctm":true},{"mi":"2435","s":"Mobile phones","pi":"1517","v":75426,"q":22.4,"c":79.75,"tl":14.0,"ir":[{"cn":"Ellipsis","pi":"1477","ui":"3727762","t":36286,"r":8686,"q":10.35,"p":150.0,"mot":"U","mo":0.0},{"cn":"Russian Federation","pi":"1485","ui":"3195359","t":2449480,"r":2286333,"q":28.03,"p":60.0,"mot":"L","mo":30000.0}],"mwc":5000,"ctm":true},{"mi":"2435","s":"Mobile phones","pi":"1517","v":75426,"q":19.62,"c":81.17,"tl":14.0,"ir":[{"cn":"Ellipsis","pi":"1477","ui":"3727762","t":36286,"r":8686,"q":10.35,"p":150.0,"mot":"U","mo":0.0},{"cn":"Engkari corp","pi":"1485","ui":"3782896","t":540592,"r":531631,"q":16.67,"p":74.2,"mot":"U","mo":0.0}],"mwc":5000,"ctm":true},{"mi":"2435","s":"Mobile phones","pi":"1517","v":75426,"q":19.65,"c":82.66,"tl":14.0,"ir":[{"cn":"Ellipsis","pi":"1477","ui":"3727762","t":36286,"r":8686,"q":10.35,"p":150.0,"mot":"U","mo":0.0},{"cn":"Engkari corp","pi":"1485","ui":"3786620","t":167763,"r":160703,"q":16.79,"p":89.1,"mot":"U","mo":0.0}],"mwc":5000,"ctm":true},{"mi":"2435","s":"Mobile phones","pi":"1517","v":79197,"q":23.43,"c":77.67,"tl":15.0,"ir":[{"cn":"Ellipsis","pi":"1477","ui":"3727762","t":36286,"r":8686,"q":10.35,"p":150.0,"mot":"U","mo":0.0},{"cn":"Russian Federation","pi":"1485","ui":"3195359","t":2449480,"r":2286333,"q":28.03,"p":60.0,"mot":"L","mo":30000.0}],"mwc":5000,"ctm":true},{"mi":"2435","s":"Mobile phones","pi":"1517","v":79197,"q":20.52,"c":79.09,"tl":15.0,"ir":[{"cn":"Ellipsis","pi":"1477","ui":"3727762","t":36286,"r":8686,"q":10.35,"p":150.0,"mot":"U","mo":0.0},{"cn":"Engkari corp","pi":"1485","ui":"3782896","t":540592,"r":531631,"q":16.67,"p":74.2,"mot":"U","mo":0.0}],"mwc":5000,"ctm":true},{"mi":"2435","s":"Mobile phones","pi":"1517","v":79197,"q":20.55,"c":80.58,"tl":15.0,"ir":[{"cn":"Ellipsis","pi":"1477","ui":"3727762","t":36286,"r":8686,"q":10.35,"p":150.0,"mot":"U","mo":0.0},{"cn":"Engkari corp","pi":"1485","ui":"3786620","t":167763,"r":160703,"q":16.79,"p":89.1,"mot":"U","mo":0.0}],"mwc":5000,"ctm":true},{"mi":"2435","s":"Mobile phones","pi":"1517","v":83157,"q":24.44,"c":75.68,"tl":16.0,"ir":[{"cn":"Ellipsis","pi":"1477","ui":"3727762","t":36286,"r":8686,"q":10.35,"p":150.0,"mot":"U","mo":0.0},{"cn":"Russian Federation","pi":"1485","ui":"3195359","t":2449480,"r":2286333,"q":28.03,"p":60.0,"mot":"L","mo":30000.0}],"mwc":5000,"ctm":true},{"mi":"2435","s":"Mobile phones","pi":"1517","v":83157,"q":21.4,"c":77.1,"tl":16.0,"ir":[{"cn":"Ellipsis","pi":"1477","ui":"3727762","t":36286,"r":8686,"q":10.35,"p":150.0,"mot":"U","mo":0.0},{"cn":"Engkari corp","pi":"1485","ui":"3782896","t":540592,"r":531631,"q":16.67,"p":74.2,"mot":"U","mo":0.0}],"mwc":5000,"ctm":true},{"mi":"2435","s":"Mobile phones","pi":"1517","v":83157,"q":21.43,"c":78.59,"tl":16.0,"ir":[{"cn":"Ellipsis","pi":"1477","ui":"3727762","t":36286,"r":8686,"q":10.35,"p":150.0,"mot":"U","mo":0.0},{"cn":"Engkari corp","pi":"1485","ui":"3786620","t":167763,"r":160703,"q":16.79,"p":89.1,"mot":"U","mo":0.0}],"mwc":5000,"ctm":true},{"mi":"2435","s":"Mobile phones","pi":"1517","v":87315,"q":25.42,"c":73.79,"tl":17.0,"ir":[{"cn":"Ellipsis","pi":"1477","ui":"3727762","t":36286,"r":8686,"q":10.35,"p":150.0,"mot":"U","mo":0.0},{"cn":"Russian Federation","pi":"1485","ui":"3195359","t":2449480,"r":2286333,"q":28.03,"p":60.0,"mot":"L","mo":30000.0}],"mwc":5000,"ctm":true},{"mi":"2435","s":"Mobile phones","pi":"1517","v":87315,"q":22.26,"c":75.21,"tl":17.0,"ir":[{"cn":"Ellipsis","pi":"1477","ui":"3727762","t":36286,"r":8686,"q":10.35,"p":150.0,"mot":"U","mo":0.0},{"cn":"Engkari corp","pi":"1485","ui":"3782896","t":540592,"r":531631,"q":16.67,"p":74.2,"mot":"U","mo":0.0}],"mwc":5000,"ctm":true},{"mi":"2435","s":"Mobile phones","pi":"1517","v":87315,"q":22.29,"c":76.7,"tl":17.0,"ir":[{"cn":"Ellipsis","pi":"1477","ui":"3727762","t":36286,"r":8686,"q":10.35,"p":150.0,"mot":"U","mo":0.0},{"cn":"Engkari corp","pi":"1485","ui":"3786620","t":167763,"r":160703,"q":16.79,"p":89.1,"mot":"U","mo":0.0}],"mwc":5000,"ctm":true},{"mi":"2435","s":"Mobile phones","pi":"1517","v":91681,"q":26.38,"c":71.99,"tl":18.0,"ir":[{"cn":"Ellipsis","pi":"1477","ui":"3727762","t":36286,"r":8686,"q":10.35,"p":150.0,"mot":"U","mo":0.0},{"cn":"Russian Federation","pi":"1485","ui":"3195359","t":2449480,"r":2286333,"q":28.03,"p":60.0,"mot":"L","mo":30000.0}],"mwc":5000,"ctm":true},{"mi":"2435","s":"Mobile phones","pi":"1517","v":91681,"q":23.1,"c":73.41,"tl":18.0,"ir":[{"cn":"Ellipsis","pi":"1477","ui":"3727762","t":36286,"r":8686,"q":10.35,"p":150.0,"mot":"U","mo":0.0},{"cn":"Engkari corp","pi":"1485","ui":"3782896","t":540592,"r":531631,"q":16.67,"p":74.2,"mot":"U","mo":0.0}],"mwc":5000,"ctm":true},{"mi":"2435","s":"Mobile phones","pi":"1517","v":91681,"q":23.14,"c":74.9,"tl":18.0,"ir":[{"cn":"Ellipsis","pi":"1477","ui":"3727762","t":36286,"r":8686,"q":10.35,"p":150.0,"mot":"U","mo":0.0},{"cn":"Engkari corp","pi":"1485","ui":"3786620","t":167763,"r":160703,"q":16.79,"p":89.1,"mot":"U","mo":0.0}],"mwc":5000,"ctm":true},{"mi":"2435","s":"Mobile phones","pi":"1517","v":96265,"q":27.32,"c":70.28,"tl":19.0,"ir":[{"cn":"Ellipsis","pi":"1477","ui":"3727762","t":36286,"r":8686,"q":10.35,"p":150.0,"mot":"U","mo":0.0},{"cn":"Russian Federation","pi":"1485","ui":"3195359","t":2449480,"r":2286333,"q":28.03,"p":60.0,"mot":"L","mo":30000.0}],"mwc":5000,"ctm":true},{"mi":"2435","s":"Mobile phones","pi":"1517","v":96265,"q":23.93,"c":71.7,"tl":19.0,"ir":[{"cn":"Ellipsis","pi":"1477","ui":"3727762","t":36286,"r":8686,"q":10.35,"p":150.0,"mot":"U","mo":0.0},{"cn":"Engkari corp","pi":"1485","ui":"3782896","t":540592,"r":531631,"q":16.67,"p":74.2,"mot":"U","mo":0.0}],"mwc":5000,"ctm":true},{"mi":"2435","s":"Mobile phones","pi":"1517","v":96265,"q":23.97,"c":73.19,"tl":19.0,"ir":[{"cn":"Ellipsis","pi":"1477","ui":"3727762","t":36286,"r":8686,"q":10.35,"p":150.0,"mot":"U","mo":0.0},{"cn":"Engkari corp","pi":"1485","ui":"3786620","t":167763,"r":160703,"q":16.79,"p":89.1,"mot":"U","mo":0.0}],"mwc":5000,"ctm":true},{"mi":"2435","s":"Mobile phones","pi":"1517","v":101078,"q":28.25,"c":68.65,"tl":20.0,"ir":[{"cn":"Ellipsis","pi":"1477","ui":"3727762","t":36286,"r":8686,"q":10.35,"p":150.0,"mot":"U","mo":0.0},{"cn":"Russian Federation","pi":"1485","ui":"3195359","t":2449480,"r":2286333,"q":28.03,"p":60.0,"mot":"L","mo":30000.0}],"mwc":5000,"ctm":true},{"mi":"2435","s":"Mobile phones","pi":"1517","v":101078,"q":24.74,"c":70.07,"tl":20.0,"ir":[{"cn":"Ellipsis","pi":"1477","ui":"3727762","t":36286,"r":8686,"q":10.35,"p":150.0,"mot":"U","mo":0.0},{"cn":"Engkari corp","pi":"1485","ui":"3782896","t":540592,"r":531631,"q":16.67,"p":74.2,"mot":"U","mo":0.0}],"mwc":5000,"ctm":true},{"mi":"2435","s":"Mobile phones","pi":"1517","v":101078,"q":24.78,"c":71.56,"tl":20.0,"ir":[{"cn":"Ellipsis","pi":"1477","ui":"3727762","t":36286,"r":8686,"q":10.35,"p":150.0,"mot":"U","mo":0.0},{"cn":"Engkari corp","pi":"1485","ui":"3786620","t":167763,"r":160703,"q":16.79,"p":89.1,"mot":"U","mo":0.0}],"mwc":5000,"ctm":true},{"mi":"2411","s":"Journals","pi":"1522","v":1885649,"q":92.7,"c":2.92,"tl":14.0,"ir":[{"cn":"Maxi-Co LTD","pi":"1476","ui":"3235830","t":7325052,"r":6955968,"q":40.78,"p":10.99,"mot":"U","mo":0.0},{"cn":"Parex","pi":"1472","ui":"3625039","t":351684,"r":256041,"q":44.93,"p":3.0,"mot":"U","mo":0.0}],"mwc":2500,"ctm":true},{"mi":"2411","s":"Journals","pi":"1522","v":1885649,"q":92.7,"c":2.98,"tl":14.0,"ir":[{"cn":"Parex","pi":"1476","ui":"3625039","t":18820,"r":12288,"q":52.47,"p":13.0,"mot":"U","mo":0.0},{"cn":"Parex","pi":"1472","ui":"3625039","t":351684,"r":256041,"q":44.93,"p":3.0,"mot":"U","mo":0.0}],"mwc":2500,"ctm":true},{"mi":"2411","s":"Journals","pi":"1522","v":1885649,"q":92.7,"c":2.98,"tl":14.0,"ir":[{"cn":"WoodProf","pi":"1476","ui":"3725135","t":17115,"r":17115,"q":39.78,"p":13.0,"mot":"U","mo":0.0},{"cn":"Parex","pi":"1472","ui":"3625039","t":351684,"r":256041,"q":44.93,"p":3.0,"mot":"U","mo":0.0}],"mwc":2500,"ctm":true},{"mi":"2411","s":"Journals","pi":"1522","v":1979932,"q":101.4,"c":2.84,"tl":15.0,"ir":[{"cn":"Maxi-Co LTD","pi":"1476","ui":"3235830","t":7325052,"r":6955968,"q":40.78,"p":10.99,"mot":"U","mo":0.0},{"cn":"Parex","pi":"1472","ui":"3625039","t":351684,"r":256041,"q":44.93,"p":3.0,"mot":"U","mo":0.0}],"mwc":2500,"ctm":true},{"mi":"2411","s":"Journals","pi":"1522","v":1979932,"q":101.4,"c":2.89,"tl":15.0,"ir":[{"cn":"Parex","pi":"1476","ui":"3625039","t":18820,"r":12288,"q":52.47,"p":13.0,"mot":"U","mo":0.0},{"cn":"Parex","pi":"1472","ui":"3625039","t":351684,"r":256041,"q":44.93,"p":3.0,"mot":"U","mo":0.0}],"mwc":2500,"ctm":true},{"mi":"2411","s":"Journals","pi":"1522","v":1979932,"q":101.4,"c":2.89,"tl":15.0,"ir":[{"cn":"WoodProf","pi":"1476","ui":"3725135","t":17115,"r":17115,"q":39.78,"p":13.0,"mot":"U","mo":0.0},{"cn":"Parex","pi":"1472","ui":"3625039","t":351684,"r":256041,"q":44.93,"p":3.0,"mot":"U","mo":0.0}],"mwc":2500,"ctm":true},{"mi":"2411","s":"Journals","pi":"1522","v":2078928,"q":110.28,"c":2.76,"tl":16.0,"ir":[{"cn":"Maxi-Co LTD","pi":"1476","ui":"3235830","t":7325052,"r":6955968,"q":40.78,"p":10.99,"mot":"U","mo":0.0},{"cn":"Parex","pi":"1472","ui":"3625039","t":351684,"r":256041,"q":44.93,"p":3.0,"mot":"U","mo":0.0}],"mwc":2500,"ctm":true},{"mi":"2411","s":"Journals","pi":"1522","v":2078928,"q":110.28,"c":2.81,"tl":16.0,"ir":[{"cn":"Parex","pi":"1476","ui":"3625039","t":18820,"r":12288,"q":52.47,"p":13.0,"mot":"U","mo":0.0},{"cn":"Parex","pi":"1472","ui":"3625039","t":351684,"r":256041,"q":44.93,"p":3.0,"mot":"U","mo":0.0}],"mwc":2500,"ctm":true},{"mi":"2411","s":"Journals","pi":"1522","v":2078928,"q":110.28,"c":2.81,"tl":16.0,"ir":[{"cn":"WoodProf","pi":"1476","ui":"3725135","t":17115,"r":17115,"q":39.78,"p":13.0,"mot":"U","mo":0.0},{"cn":"Parex","pi":"1472","ui":"3625039","t":351684,"r":256041,"q":44.93,"p":3.0,"mot":"U","mo":0.0}],"mwc":2500,"ctm":true},{"mi":"2411","s":"Journals","pi":"1522","v":2182875,"q":119.32,"c":2.69,"tl":17.0,"ir":[{"cn":"Maxi-Co LTD","pi":"1476","ui":"3235830","t":7325052,"r":6955968,"q":40.78,"p":10.99,"mot":"U","mo":0.0},{"cn":"Parex","pi":"1472","ui":"3625039","t":351684,"r":256041,"q":44.93,"p":3.0,"mot":"U","mo":0.0}],"mwc":2500,"ctm":true},{"mi":"2411","s":"Journals","pi":"1522","v":2182875,"q":119.32,"c":2.74,"tl":17.0,"ir":[{"cn":"Parex","pi":"1476","ui":"3625039","t":18820,"r":12288,"q":52.47,"p":13.0,"mot":"U","mo":0.0},{"cn":"Parex","pi":"1472","ui":"3625039","t":351684,"r":256041,"q":44.93,"p":3.0,"mot":"U","mo":0.0}],"mwc":2500,"ctm":true},{"mi":"2411","s":"Journals","pi":"1522","v":2182875,"q":119.32,"c":2.74,"tl":17.0,"ir":[{"cn":"WoodProf","pi":"1476","ui":"3725135","t":17115,"r":17115,"q":39.78,"p":13.0,"mot":"U","mo":0.0},{"cn":"Parex","pi":"1472","ui":"3625039","t":351684,"r":256041,"q":44.93,"p":3.0,"mot":"U","mo":0.0}],"mwc":2500,"ctm":true},{"mi":"3891","s":"TV-sets","pi":"3868","v":10000,"q":1.0,"c":437.5,"tl":1.0,"ir":[{"cn":"Ellipsis","pi":"1477","ui":"3727762","t":36286,"r":8686,"q":10.35,"p":150.0,"mot":"U","mo":0.0},{"cn":"Russian Federation","pi":"1485","ui":"3195359","t":2449480,"r":2286333,"q":28.03,"p":60.0,"mot":"L","mo":30000.0},{"cn":"Maxi-Co LTD","pi":"1481","ui":"3242607","t":1035137,"r":561496,"q":33.45,"p":5.0,"mot":"U","mo":0.0}],"mwc":5000,"ctm":true},{"mi":"3891","s":"TV-sets","pi":"3868","v":10000,"q":1.0,"c":444.6,"tl":1.0,"ir":[{"cn":"Ellipsis","pi":"1477","ui":"3727762","t":36286,"r":8686,"q":10.35,"p":150.0,"mot":"U","mo":0.0},{"cn":"Engkari corp","pi":"1485","ui":"3782896","t":540592,"r":531631,"q":16.67,"p":74.2,"mot":"U","mo":0.0},{"cn":"Maxi-Co LTD","pi":"1481","ui":"3242607","t":1035137,"r":561496,"q":33.45,"p":5.0,"mot":"U","mo":0.0}],"mwc":5000,"ctm":true},{"mi":"3891","s":"TV-sets","pi":"3868","v":10000,"q":1.0,"c":445.0,"tl":1.0,"ir":[{"cn":"Ellipsis","pi":"1477","ui":"3727762","t":36286,"r":8686,"q":10.35,"p":150.0,"mot":"U","mo":0.0},{"cn":"Russian Federation","pi":"1485","ui":"3195359","t":2449480,"r":2286333,"q":28.03,"p":60.0,"mot":"L","mo":30000.0},{"cn":"Ellipsis","pi":"1481","ui":"3781764","t":513315,"r":491197,"q":10.42,"p":20.0,"mot":"U","mo":0.0}],"mwc":5000,"ctm":true},{"mi":"3891","s":"TV-sets","pi":"3868","v":10500,"q":2.46,"c":421.79,"tl":2.0,"ir":[{"cn":"Ellipsis","pi":"1477","ui":"3727762","t":36286,"r":8686,"q":10.35,"p":150.0,"mot":"U","mo":0.0},{"cn":"Russian Federation","pi":"1485","ui":"3195359","t":2449480,"r":2286333,"q":28.03,"p":60.0,"mot":"L","mo":30000.0},{"cn":"Maxi-Co LTD","pi":"1481","ui":"3242607","t":1035137,"r":561496,"q":33.45,"p":5.0,"mot":"U","mo":0.0}],"mwc":5000,"ctm":true},{"mi":"3891","s":"TV-sets","pi":"3868","v":10500,"q":2.46,"c":428.89,"tl":2.0,"ir":[{"cn":"Ellipsis","pi":"1477","ui":"3727762","t":36286,"r":8686,"q":10.35,"p":150.0,"mot":"U","mo":0.0},{"cn":"Engkari corp","pi":"1485","ui":"3782896","t":540592,"r":531631,"q":16.67,"p":74.2,"mot":"U","mo":0.0},{"cn":"Maxi-Co LTD","pi":"1481","ui":"3242607","t":1035137,"r":561496,"q":33.45,"p":5.0,"mot":"U","mo":0.0}],"mwc":5000,"ctm":true},{"mi":"3891","s":"TV-sets","pi":"3868","v":10500,"q":2.46,"c":429.29,"tl":2.0,"ir":[{"cn":"Ellipsis","pi":"1477","ui":"3727762","t":36286,"r":8686,"q":10.35,"p":150.0,"mot":"U","mo":0.0},{"cn":"Russian Federation","pi":"1485","ui":"3195359","t":2449480,"r":2286333,"q":28.03,"p":60.0,"mot":"L","mo":30000.0},{"cn":"Ellipsis","pi":"1481","ui":"3781764","t":513315,"r":491197,"q":10.42,"p":20.0,"mot":"U","mo":0.0}],"mwc":5000,"ctm":true},{"mi":"3891","s":"TV-sets","pi":"3868","v":11025,"q":4.17,"c":406.82,"tl":3.0,"ir":[{"cn":"Ellipsis","pi":"1477","ui":"3727762","t":36286,"r":8686,"q":10.35,"p":150.0,"mot":"U","mo":0.0},{"cn":"Russian Federation","pi":"1485","ui":"3195359","t":2449480,"r":2286333,"q":28.03,"p":60.0,"mot":"L","mo":30000.0},{"cn":"Maxi-Co LTD","pi":"1481","ui":"3242607","t":1035137,"r":561496,"q":33.45,"p":5.0,"mot":"U","mo":0.0}],"mwc":5000,"ctm":true},{"mi":"3891","s":"TV-sets","pi":"3868","v":11025,"q":4.17,"c":413.92,"tl":3.0,"ir":[{"cn":"Ellipsis","pi":"1477","ui":"3727762","t":36286,"r":8686,"q":10.35,"p":150.0,"mot":"U","mo":0.0},{"cn":"Engkari corp","pi":"1485","ui":"3782896","t":540592,"r":531631,"q":16.67,"p":74.2,"mot":"U","mo":0.0},{"cn":"Maxi-Co LTD","pi":"1481","ui":"3242607","t":1035137,"r":561496,"q":33.45,"p":5.0,"mot":"U","mo":0.0}],"mwc":5000,"ctm":true},{"mi":"3891","s":"TV-sets","pi":"3868","v":11025,"q":4.17,"c":414.32,"tl":3.0,"ir":[{"cn":"Ellipsis","pi":"1477","ui":"3727762","t":36286,"r":8686,"q":10.35,"p":150.0,"mot":"U","mo":0.0},{"cn":"Russian Federation","pi":"1485","ui":"3195359","t":2449480,"r":2286333,"q":28.03,"p":60.0,"mot":"L","mo":30000.0},{"cn":"Ellipsis","pi":"1481","ui":"3781764","t":513315,"r":491197,"q":10.42,"p":20.0,"mot":"U","mo":0.0}],"mwc":5000,"ctm":true},{"mi":"3891","s":"TV-sets","pi":"3868","v":11576,"q":6.06,"c":392.57,"tl":4.0,"ir":[{"cn":"Ellipsis","pi":"1477","ui":"3727762","t":36286,"r":8686,"q":10.35,"p":150.0,"mot":"U","mo":0.0},{"cn":"Russian Federation","pi":"1485","ui":"3195359","t":2449480,"r":2286333,"q":28.03,"p":60.0,"mot":"L","mo":30000.0},{"cn":"Maxi-Co LTD","pi":"1481","ui":"3242607","t":1035137,"r":561496,"q":33.45,"p":5.0,"mot":"U","mo":0.0}],"mwc":5000,"ctm":true},{"mi":"3891","s":"TV-sets","pi":"3868","v":11576,"q":6.06,"c":399.67,"tl":4.0,"ir":[{"cn":"Ellipsis","pi":"1477","ui":"3727762","t":36286,"r":8686,"q":10.35,"p":150.0,"mot":"U","mo":0.0},{"cn":"Engkari corp","pi":"1485","ui":"3782896","t":540592,"r":531631,"q":16.67,"p":74.2,"mot":"U","mo":0.0},{"cn":"Maxi-Co LTD","pi":"1481","ui":"3242607","t":1035137,"r":561496,"q":33.45,"p":5.0,"mot":"U","mo":0.0}],"mwc":5000,"ctm":true},{"mi":"3891","s":"TV-sets","pi":"3868","v":11576,"q":6.06,"c":400.07,"tl":4.0,"ir":[{"cn":"Ellipsis","pi":"1477","ui":"3727762","t":36286,"r":8686,"q":10.35,"p":150.0,"mot":"U","mo":0.0},{"cn":"Russian Federation","pi":"1485","ui":"3195359","t":2449480,"r":2286333,"q":28.03,"p":60.0,"mot":"L","mo":30000.0},{"cn":"Ellipsis","pi":"1481","ui":"3781764","t":513315,"r":491197,"q":10.42,"p":20.0,"mot":"U","mo":0.0}],"mwc":5000,"ctm":true},{"mi":"3891","s":"TV-sets","pi":"3868","v":12155,"q":8.1,"c":378.99,"tl":5.0,"ir":[{"cn":"Ellipsis","pi":"1477","ui":"3727762","t":36286,"r":8686,"q":10.35,"p":150.0,"mot":"U","mo":0.0},{"cn":"Russian Federation","pi":"1485","ui":"3195359","t":2449480,"r":2286333,"q":28.03,"p":60.0,"mot":"L","mo":30000.0},{"cn":"Maxi-Co LTD","pi":"1481","ui":"3242607","t":1035137,"r":561496,"q":33.45,"p":5.0,"mot":"U","mo":0.0}],"mwc":5000,"ctm":true},{"mi":"3891","s":"TV-sets","pi":"3868","v":12155,"q":8.1,"c":386.09,"tl":5.0,"ir":[{"cn":"Ellipsis","pi":"1477","ui":"3727762","t":36286,"r":8686,"q":10.35,"p":150.0,"mot":"U","mo":0.0},{"cn":"Engkari corp","pi":"1485","ui":"3782896","t":540592,"r":531631,"q":16.67,"p":74.2,"mot":"U","mo":0.0},{"cn":"Maxi-Co LTD","pi":"1481","ui":"3242607","t":1035137,"r":561496,"q":33.45,"p":5.0,"mot":"U","mo":0.0}],"mwc":5000,"ctm":true},{"mi":"3891","s":"TV-sets","pi":"3868","v":12155,"q":8.1,"c":386.49,"tl":5.0,"ir":[{"cn":"Ellipsis","pi":"1477","ui":"3727762","t":36286,"r":8686,"q":10.35,"p":150.0,"mot":"U","mo":0.0},{"cn":"Russian Federation","pi":"1485","ui":"3195359","t":2449480,"r":2286333,"q":28.03,"p":60.0,"mot":"L","mo":30000.0},{"cn":"Ellipsis","pi":"1481","ui":"3781764","t":513315,"r":491197,"q":10.42,"p":20.0,"mot":"U","mo":0.0}],"mwc":5000,"ctm":true},{"mi":"3891","s":"TV-sets","pi":"3868","v":12763,"q":10.27,"c":366.06,"tl":6.0,"ir":[{"cn":"Ellipsis","pi":"1477","ui":"3727762","t":36286,"r":8686,"q":10.35,"p":150.0,"mot":"U","mo":0.0},{"cn":"Russian Federation","pi":"1485","ui":"3195359","t":2449480,"r":2286333,"q":28.03,"p":60.0,"mot":"L","mo":30000.0},{"cn":"Maxi-Co LTD","pi":"1481","ui":"3242607","t":1035137,"r":561496,"q":33.45,"p":5.0,"mot":"U","mo":0.0}],"mwc":5000,"ctm":true},{"mi":"3891","s":"TV-sets","pi":"3868","v":12763,"q":10.27,"c":373.16,"tl":6.0,"ir":[{"cn":"Ellipsis","pi":"1477","ui":"3727762","t":36286,"r":8686,"q":10.35,"p":150.0,"mot":"U","mo":0.0},{"cn":"Engkari corp","pi":"1485","ui":"3782896","t":540592,"r":531631,"q":16.67,"p":74.2,"mot":"U","mo":0.0},{"cn":"Maxi-Co LTD","pi":"1481","ui":"3242607","t":1035137,"r":561496,"q":33.45,"p":5.0,"mot":"U","mo":0.0}],"mwc":5000,"ctm":true},{"mi":"3891","s":"TV-sets","pi":"3868","v":12763,"q":10.27,"c":373.56,"tl":6.0,"ir":[{"cn":"Ellipsis","pi":"1477","ui":"3727762","t":36286,"r":8686,"q":10.35,"p":150.0,"mot":"U","mo":0.0},{"cn":"Russian Federation","pi":"1485","ui":"3195359","t":2449480,"r":2286333,"q":28.03,"p":60.0,"mot":"L","mo":30000.0},{"cn":"Ellipsis","pi":"1481","ui":"3781764","t":513315,"r":491197,"q":10.42,"p":20.0,"mot":"U","mo":0.0}],"mwc":5000,"ctm":true},{"mi":"3891","s":"TV-sets","pi":"3868","v":13401,"q":12.55,"c":353.75,"tl":7.0,"ir":[{"cn":"Ellipsis","pi":"1477","ui":"3727762","t":36286,"r":8686,"q":10.35,"p":150.0,"mot":"U","mo":0.0},{"cn":"Russian Federation","pi":"1485","ui":"3195359","t":2449480,"r":2286333,"q":28.03,"p":60.0,"mot":"L","mo":30000.0},{"cn":"Maxi-Co LTD","pi":"1481","ui":"3242607","t":1035137,"r":561496,"q":33.45,"p":5.0,"mot":"U","mo":0.0}],"mwc":5000,"ctm":true},{"mi":"3891","s":"TV-sets","pi":"3868","v":13401,"q":12.55,"c":360.85,"tl":7.0,"ir":[{"cn":"Ellipsis","pi":"1477","ui":"3727762","t":36286,"r":8686,"q":10.35,"p":150.0,"mot":"U","mo":0.0},{"cn":"Engkari corp","pi":"1485","ui":"3782896","t":540592,"r":531631,"q":16.67,"p":74.2,"mot":"U","mo":0.0},{"cn":"Maxi-Co LTD","pi":"1481","ui":"3242607","t":1035137,"r":561496,"q":33.45,"p":5.0,"mot":"U","mo":0.0}],"mwc":5000,"ctm":true},{"mi":"3891","s":"TV-sets","pi":"3868","v":13401,"q":12.55,"c":361.25,"tl":7.0,"ir":[{"cn":"Ellipsis","pi":"1477","ui":"3727762","t":36286,"r":8686,"q":10.35,"p":150.0,"mot":"U","mo":0.0},{"cn":"Russian Federation","pi":"1485","ui":"3195359","t":2449480,"r":2286333,"q":28.03,"p":60.0,"mot":"L","mo":30000.0},{"cn":"Ellipsis","pi":"1481","ui":"3781764","t":513315,"r":491197,"q":10.42,"p":20.0,"mot":"U","mo":0.0}],"mwc":5000,"ctm":true},{"mi":"3891","s":"TV-sets","pi":"3868","v":14071,"q":14.93,"c":342.02,"tl":8.0,"ir":[{"cn":"Ellipsis","pi":"1477","ui":"3727762","t":36286,"r":8686,"q":10.35,"p":150.0,"mot":"U","mo":0.0},{"cn":"Russian Federation","pi":"1485","ui":"3195359","t":2449480,"r":2286333,"q":28.03,"p":60.0,"mot":"L","mo":30000.0},{"cn":"Maxi-Co LTD","pi":"1481","ui":"3242607","t":1035137,"r":561496,"q":33.45,"p":5.0,"mot":"U","mo":0.0}],"mwc":5000,"ctm":true},{"mi":"3891","s":"TV-sets","pi":"3868","v":14071,"q":14.93,"c":349.12,"tl":8.0,"ir":[{"cn":"Ellipsis","pi":"1477","ui":"3727762","t":36286,"r":8686,"q":10.35,"p":150.0,"mot":"U","mo":0.0},{"cn":"Engkari corp","pi":"1485","ui":"3782896","t":540592,"r":531631,"q":16.67,"p":74.2,"mot":"U","mo":0.0},{"cn":"Maxi-Co LTD","pi":"1481","ui":"3242607","t":1035137,"r":561496,"q":33.45,"p":5.0,"mot":"U","mo":0.0}],"mwc":5000,"ctm":true},{"mi":"3891","s":"TV-sets","pi":"3868","v":14071,"q":14.93,"c":349.52,"tl":8.0,"ir":[{"cn":"Ellipsis","pi":"1477","ui":"3727762","t":36286,"r":8686,"q":10.35,"p":150.0,"mot":"U","mo":0.0},{"cn":"Russian Federation","pi":"1485","ui":"3195359","t":2449480,"r":2286333,"q":28.03,"p":60.0,"mot":"L","mo":30000.0},{"cn":"Ellipsis","pi":"1481","ui":"3781764","t":513315,"r":491197,"q":10.42,"p":20.0,"mot":"U","mo":0.0}],"mwc":5000,"ctm":true},{"mi":"3891","s":"TV-sets","pi":"3868","v":14775,"q":17.4,"c":330.86,"tl":9.0,"ir":[{"cn":"Ellipsis","pi":"1477","ui":"3727762","t":36286,"r":8686,"q":10.35,"p":150.0,"mot":"U","mo":0.0},{"cn":"Russian Federation","pi":"1485","ui":"3195359","t":2449480,"r":2286333,"q":28.03,"p":60.0,"mot":"L","mo":30000.0},{"cn":"Maxi-Co LTD","pi":"1481","ui":"3242607","t":1035137,"r":561496,"q":33.45,"p":5.0,"mot":"U","mo":0.0}],"mwc":5000,"ctm":true},{"mi":"3891","s":"TV-sets","pi":"3868","v":14775,"q":17.4,"c":337.96,"tl":9.0,"ir":[{"cn":"Ellipsis","pi":"1477","ui":"3727762","t":36286,"r":8686,"q":10.35,"p":150.0,"mot":"U","mo":0.0},{"cn":"Engkari corp","pi":"1485","ui":"3782896","t":540592,"r":531631,"q":16.67,"p":74.2,"mot":"U","mo":0.0},{"cn":"Maxi-Co LTD","pi":"1481","ui":"3242607","t":1035137,"r":561496,"q":33.45,"p":5.0,"mot":"U","mo":0.0}],"mwc":5000,"ctm":true},{"mi":"3891","s":"TV-sets","pi":"3868","v":14775,"q":17.4,"c":345.41,"tl":9.0,"ir":[{"cn":"Ellipsis","pi":"1477","ui":"3727762","t":36286,"r":8686,"q":10.35,"p":150.0,"mot":"U","mo":0.0},{"cn":"Engkari corp","pi":"1485","ui":"3786620","t":167763,"r":160703,"q":16.79,"p":89.1,"mot":"U","mo":0.0},{"cn":"Maxi-Co LTD","pi":"1481","ui":"3242607","t":1035137,"r":561496,"q":33.45,"p":5.0,"mot":"U","mo":0.0}],"mwc":5000,"ctm":true},{"mi":"3891","s":"TV-sets","pi":"3868","v":15513,"q":19.95,"c":320.22,"tl":10.0,"ir":[{"cn":"Ellipsis","pi":"1477","ui":"3727762","t":36286,"r":8686,"q":10.35,"p":150.0,"mot":"U","mo":0.0},{"cn":"Russian Federation","pi":"1485","ui":"3195359","t":2449480,"r":2286333,"q":28.03,"p":60.0,"mot":"L","mo":30000.0},{"cn":"Maxi-Co LTD","pi":"1481","ui":"3242607","t":1035137,"r":561496,"q":33.45,"p":5.0,"mot":"U","mo":0.0}],"mwc":5000,"ctm":true},{"mi":"3891","s":"TV-sets","pi":"3868","v":15513,"q":19.95,"c":327.32,"tl":10.0,"ir":[{"cn":"Ellipsis","pi":"1477","ui":"3727762","t":36286,"r":8686,"q":10.35,"p":150.0,"mot":"U","mo":0.0},{"cn":"Engkari corp","pi":"1485","ui":"3782896","t":540592,"r":531631,"q":16.67,"p":74.2,"mot":"U","mo":0.0},{"cn":"Maxi-Co LTD","pi":"1481","ui":"3242607","t":1035137,"r":561496,"q":33.45,"p":5.0,"mot":"U","mo":0.0}],"mwc":5000,"ctm":true},{"mi":"3891","s":"TV-sets","pi":"3868","v":15513,"q":19.95,"c":334.77,"tl":10.0,"ir":[{"cn":"Ellipsis","pi":"1477","ui":"3727762","t":36286,"r":8686,"q":10.35,"p":150.0,"mot":"U","mo":0.0},{"cn":"Engkari corp","pi":"1485","ui":"3786620","t":167763,"r":160703,"q":16.79,"p":89.1,"mot":"U","mo":0.0},{"cn":"Maxi-Co LTD","pi":"1481","ui":"3242607","t":1035137,"r":561496,"q":33.45,"p":5.0,"mot":"U","mo":0.0}],"mwc":5000,"ctm":true},{"mi":"3891","s":"TV-sets","pi":"3868","v":16289,"q":22.58,"c":310.09,"tl":11.0,"ir":[{"cn":"Ellipsis","pi":"1477","ui":"3727762","t":36286,"r":8686,"q":10.35,"p":150.0,"mot":"U","mo":0.0},{"cn":"Russian Federation","pi":"1485","ui":"3195359","t":2449480,"r":2286333,"q":28.03,"p":60.0,"mot":"L","mo":30000.0},{"cn":"Maxi-Co LTD","pi":"1481","ui":"3242607","t":1035137,"r":561496,"q":33.45,"p":5.0,"mot":"U","mo":0.0}],"mwc":5000,"ctm":true},{"mi":"3891","s":"TV-sets","pi":"3868","v":16289,"q":21.34,"c":317.19,"tl":11.0,"ir":[{"cn":"Ellipsis","pi":"1477","ui":"3727762","t":36286,"r":8686,"q":10.35,"p":150.0,"mot":"U","mo":0.0},{"cn":"Engkari corp","pi":"1485","ui":"3782896","t":540592,"r":531631,"q":16.67,"p":74.2,"mot":"U","mo":0.0},{"cn":"Maxi-Co LTD","pi":"1481","ui":"3242607","t":1035137,"r":561496,"q":33.45,"p":5.0,"mot":"U","mo":0.0}],"mwc":5000,"ctm":true},{"mi":"3891","s":"TV-sets","pi":"3868","v":16289,"q":21.36,"c":324.64,"tl":11.0,"ir":[{"cn":"Ellipsis","pi":"1477","ui":"3727762","t":36286,"r":8686,"q":10.35,"p":150.0,"mot":"U","mo":0.0},{"cn":"Engkari corp","pi":"1485","ui":"3786620","t":167763,"r":160703,"q":16.79,"p":89.1,"mot":"U","mo":0.0},{"cn":"Maxi-Co LTD","pi":"1481","ui":"3242607","t":1035137,"r":561496,"q":33.45,"p":5.0,"mot":"U","mo":0.0}],"mwc":5000,"ctm":true},{"mi":"3891","s":"TV-sets","pi":"3868","v":17103,"q":24.61,"c":300.44,"tl":12.0,"ir":[{"cn":"Ellipsis","pi":"1477","ui":"3727762","t":36286,"r":8686,"q":10.35,"p":150.0,"mot":"U","mo":0.0},{"cn":"Russian Federation","pi":"1485","ui":"3195359","t":2449480,"r":2286333,"q":28.03,"p":60.0,"mot":"L","mo":30000.0},{"cn":"Maxi-Co LTD","pi":"1481","ui":"3242607","t":1035137,"r":561496,"q":33.45,"p":5.0,"mot":"U","mo":0.0}],"mwc":5000,"ctm":true},{"mi":"3891","s":"TV-sets","pi":"3868","v":17103,"q":22.58,"c":307.54,"tl":12.0,"ir":[{"cn":"Ellipsis","pi":"1477","ui":"3727762","t":36286,"r":8686,"q":10.35,"p":150.0,"mot":"U","mo":0.0},{"cn":"Engkari corp","pi":"1485","ui":"3782896","t":540592,"r":531631,"q":16.67,"p":74.2,"mot":"U","mo":0.0},{"cn":"Maxi-Co LTD","pi":"1481","ui":"3242607","t":1035137,"r":561496,"q":33.45,"p":5.0,"mot":"U","mo":0.0}],"mwc":5000,"ctm":true},{"mi":"3891","s":"TV-sets","pi":"3868","v":17103,"q":22.6,"c":314.99,"tl":12.0,"ir":[{"cn":"Ellipsis","pi":"1477","ui":"3727762","t":36286,"r":8686,"q":10.35,"p":150.0,"mot":"U","mo":0.0},{"cn":"Engkari corp","pi":"1485","ui":"3786620","t":167763,"r":160703,"q":16.79,"p":89.1,"mot":"U","mo":0.0},{"cn":"Maxi-Co LTD","pi":"1481","ui":"3242607","t":1035137,"r":561496,"q":33.45,"p":5.0,"mot":"U","mo":0.0}],"mwc":5000,"ctm":true},{"mi":"3891","s":"TV-sets","pi":"3868","v":17959,"q":25.92,"c":291.26,"tl":13.0,"ir":[{"cn":"Ellipsis","pi":"1477","ui":"3727762","t":36286,"r":8686,"q":10.35,"p":150.0,"mot":"U","mo":0.0},{"cn":"Russian Federation","pi":"1485","ui":"3195359","t":2449480,"r":2286333,"q":28.03,"p":60.0,"mot":"L","mo":30000.0},{"cn":"Maxi-Co LTD","pi":"1481","ui":"3242607","t":1035137,"r":561496,"q":33.45,"p":5.0,"mot":"U","mo":0.0}],"mwc":5000,"ctm":true},{"mi":"3891","s":"TV-sets","pi":"3868","v":17959,"q":23.78,"c":298.36,"tl":13.0,"ir":[{"cn":"Ellipsis","pi":"1477","ui":"3727762","t":36286,"r":8686,"q":10.35,"p":150.0,"mot":"U","mo":0.0},{"cn":"Engkari corp","pi":"1485","ui":"3782896","t":540592,"r":531631,"q":16.67,"p":74.2,"mot":"U","mo":0.0},{"cn":"Maxi-Co LTD","pi":"1481","ui":"3242607","t":1035137,"r":561496,"q":33.45,"p":5.0,"mot":"U","mo":0.0}],"mwc":5000,"ctm":true},{"mi":"3891","s":"TV-sets","pi":"3868","v":17959,"q":23.81,"c":305.81,"tl":13.0,"ir":[{"cn":"Ellipsis","pi":"1477","ui":"3727762","t":36286,"r":8686,"q":10.35,"p":150.0,"mot":"U","mo":0.0},{"cn":"Engkari corp","pi":"1485","ui":"3786620","t":167763,"r":160703,"q":16.79,"p":89.1,"mot":"U","mo":0.0},{"cn":"Maxi-Co LTD","pi":"1481","ui":"3242607","t":1035137,"r":561496,"q":33.45,"p":5.0,"mot":"U","mo":0.0}],"mwc":5000,"ctm":true},{"mi":"3891","s":"TV-sets","pi":"3868","v":18856,"q":27.2,"c":282.51,"tl":14.0,"ir":[{"cn":"Ellipsis","pi":"1477","ui":"3727762","t":36286,"r":8686,"q":10.35,"p":150.0,"mot":"U","mo":0.0},{"cn":"Russian Federation","pi":"1485","ui":"3195359","t":2449480,"r":2286333,"q":28.03,"p":60.0,"mot":"L","mo":30000.0},{"cn":"Maxi-Co LTD","pi":"1481","ui":"3242607","t":1035137,"r":561496,"q":33.45,"p":5.0,"mot":"U","mo":0.0}],"mwc":5000,"ctm":true},{"mi":"3891","s":"TV-sets","pi":"3868","v":18856,"q":24.96,"c":289.61,"tl":14.0,"ir":[{"cn":"Ellipsis","pi":"1477","ui":"3727762","t":36286,"r":8686,"q":10.35,"p":150.0,"mot":"U","mo":0.0},{"cn":"Engkari corp","pi":"1485","ui":"3782896","t":540592,"r":531631,"q":16.67,"p":74.2,"mot":"U","mo":0.0},{"cn":"Maxi-Co LTD","pi":"1481","ui":"3242607","t":1035137,"r":561496,"q":33.45,"p":5.0,"mot":"U","mo":0.0}],"mwc":5000,"ctm":true},{"mi":"3891","s":"TV-sets","pi":"3868","v":18856,"q":24.98,"c":297.06,"tl":14.0,"ir":[{"cn":"Ellipsis","pi":"1477","ui":"3727762","t":36286,"r":8686,"q":10.35,"p":150.0,"mot":"U","mo":0.0},{"cn":"Engkari corp","pi":"1485","ui":"3786620","t":167763,"r":160703,"q":16.79,"p":89.1,"mot":"U","mo":0.0},{"cn":"Maxi-Co LTD","pi":"1481","ui":"3242607","t":1035137,"r":561496,"q":33.45,"p":5.0,"mot":"U","mo":0.0}],"mwc":5000,"ctm":true},{"mi":"3891","s":"TV-sets","pi":"3868","v":19799,"q":28.45,"c":274.17,"tl":15.0,"ir":[{"cn":"Ellipsis","pi":"1477","ui":"3727762","t":36286,"r":8686,"q":10.35,"p":150.0,"mot":"U","mo":0.0},{"cn":"Russian Federation","pi":"1485","ui":"3195359","t":2449480,"r":2286333,"q":28.03,"p":60.0,"mot":"L","mo":30000.0},{"cn":"Maxi-Co LTD","pi":"1481","ui":"3242607","t":1035137,"r":561496,"q":33.45,"p":5.0,"mot":"U","mo":0.0}],"mwc":5000,"ctm":true},{"mi":"3891","s":"TV-sets","pi":"3868","v":19799,"q":26.1,"c":281.27,"tl":15.0,"ir":[{"cn":"Ellipsis","pi":"1477","ui":"3727762","t":36286,"r":8686,"q":10.35,"p":150.0,"mot":"U","mo":0.0},{"cn":"Engkari corp","pi":"1485","ui":"3782896","t":540592,"r":531631,"q":16.67,"p":74.2,"mot":"U","mo":0.0},{"cn":"Maxi-Co LTD","pi":"1481","ui":"3242607","t":1035137,"r":561496,"q":33.45,"p":5.0,"mot":"U","mo":0.0}],"mwc":5000,"ctm":true},{"mi":"3891","s":"TV-sets","pi":"3868","v":19799,"q":26.13,"c":288.72,"tl":15.0,"ir":[{"cn":"Ellipsis","pi":"1477","ui":"3727762","t":36286,"r":8686,"q":10.35,"p":150.0,"mot":"U","mo":0.0},{"cn":"Engkari corp","pi":"1485","ui":"3786620","t":167763,"r":160703,"q":16.79,"p":89.1,"mot":"U","mo":0.0},{"cn":"Maxi-Co LTD","pi":"1481","ui":"3242607","t":1035137,"r":561496,"q":33.45,"p":5.0,"mot":"U","mo":0.0}],"mwc":5000,"ctm":true},{"mi":"2425","s":"Golden watches","pi":"1524","v":4490,"q":58.01,"c":760.28,"tl":13.0,"ir":[{"cn":"Maxi-Co LTD","pi":"1465","ui":"3699666","t":5518715,"r":5497485,"q":12.32,"p":25.0,"mot":"U","mo":0.0},{"cn":"Maxi-Co LTD","pi":"1481","ui":"3242607","t":1035137,"r":561496,"q":33.45,"p":5.0,"mot":"U","mo":0.0}],"mwc":2500,"ctm":true},{"mi":"2425","s":"Golden watches","pi":"1524","v":4490,"q":57.02,"c":762.53,"tl":13.0,"ir":[{"cn":"Maxi-Co LTD","pi":"1465","ui":"3699666","t":5518715,"r":5497485,"q":12.32,"p":25.0,"mot":"U","mo":0.0},{"cn":"hj corp","pi":"1481","ui":"3253893","t":572002,"r":510641,"q":23.95,"p":50.0,"mot":"U","mo":0.0}],"mwc":2500,"ctm":true},{"mi":"2425","s":"Golden watches","pi":"1524","v":4490,"q":56.36,"c":762.13,"tl":13.0,"ir":[{"cn":"Maxi-Co LTD","pi":"1465","ui":"3699666","t":5518715,"r":5497485,"q":12.32,"p":25.0,"mot":"U","mo":0.0},{"cn":"Engkari corp","pi":"1481","ui":"3806795","t":354351,"r":326945,"q":17.69,"p":42.17,"mot":"U","mo":0.0}],"mwc":2500,"ctm":true},{"mi":"2425","s":"Golden watches","pi":"1524","v":4714,"q":60.88,"c":725.27,"tl":14.0,"ir":[{"cn":"Maxi-Co LTD","pi":"1465","ui":"3699666","t":5518715,"r":5497485,"q":12.32,"p":25.0,"mot":"U","mo":0.0},{"cn":"Maxi-Co LTD","pi":"1481","ui":"3242607","t":1035137,"r":561496,"q":33.45,"p":5.0,"mot":"U","mo":0.0}],"mwc":2500,"ctm":true},{"mi":"2425","s":"Golden watches","pi":"1524","v":4714,"q":59.84,"c":727.52,"tl":14.0,"ir":[{"cn":"Maxi-Co LTD","pi":"1465","ui":"3699666","t":5518715,"r":5497485,"q":12.32,"p":25.0,"mot":"U","mo":0.0},{"cn":"hj corp","pi":"1481","ui":"3253893","t":572002,"r":510641,"q":23.95,"p":50.0,"mot":"U","mo":0.0}],"mwc":2500,"ctm":true},{"mi":"2425","s":"Golden watches","pi":"1524","v":4714,"q":59.14,"c":727.13,"tl":14.0,"ir":[{"cn":"Maxi-Co LTD","pi":"1465","ui":"3699666","t":5518715,"r":5497485,"q":12.32,"p":25.0,"mot":"U","mo":0.0},{"cn":"Engkari corp","pi":"1481","ui":"3806795","t":354351,"r":326945,"q":17.69,"p":42.17,"mot":"U","mo":0.0}],"mwc":2500,"ctm":true},{"mi":"2425","s":"Golden watches","pi":"1524","v":4950,"q":63.67,"c":691.94,"tl":15.0,"ir":[{"cn":"Maxi-Co LTD","pi":"1465","ui":"3699666","t":5518715,"r":5497485,"q":12.32,"p":25.0,"mot":"U","mo":0.0},{"cn":"Maxi-Co LTD","pi":"1481","ui":"3242607","t":1035137,"r":561496,"q":33.45,"p":5.0,"mot":"U","mo":0.0}],"mwc":2500,"ctm":true},{"mi":"2425","s":"Golden watches","pi":"1524","v":4950,"q":62.58,"c":694.19,"tl":15.0,"ir":[{"cn":"Maxi-Co LTD","pi":"1465","ui":"3699666","t":5518715,"r":5497485,"q":12.32,"p":25.0,"mot":"U","mo":0.0},{"cn":"hj corp","pi":"1481","ui":"3253893","t":572002,"r":510641,"q":23.95,"p":50.0,"mot":"U","mo":0.0}],"mwc":2500,"ctm":true},{"mi":"2425","s":"Golden watches","pi":"1524","v":4950,"q":61.85,"c":693.8,"tl":15.0,"ir":[{"cn":"Maxi-Co LTD","pi":"1465","ui":"3699666","t":5518715,"r":5497485,"q":12.32,"p":25.0,"mot":"U","mo":0.0},{"cn":"Engkari corp","pi":"1481","ui":"3806795","t":354351,"r":326945,"q":17.69,"p":42.17,"mot":"U","mo":0.0}],"mwc":2500,"ctm":true},{"mi":"2425","s":"Golden watches","pi":"1524","v":5197,"q":66.4,"c":660.19,"tl":16.0,"ir":[{"cn":"Maxi-Co LTD","pi":"1465","ui":"3699666","t":5518715,"r":5497485,"q":12.32,"p":25.0,"mot":"U","mo":0.0},{"cn":"Maxi-Co LTD","pi":"1481","ui":"3242607","t":1035137,"r":561496,"q":33.45,"p":5.0,"mot":"U","mo":0.0}],"mwc":2500,"ctm":true},{"mi":"2425","s":"Golden watches","pi":"1524","v":5197,"q":65.26,"c":662.44,"tl":16.0,"ir":[{"cn":"Maxi-Co LTD","pi":"1465","ui":"3699666","t":5518715,"r":5497485,"q":12.32,"p":25.0,"mot":"U","mo":0.0},{"cn":"hj corp","pi":"1481","ui":"3253893","t":572002,"r":510641,"q":23.95,"p":50.0,"mot":"U","mo":0.0}],"mwc":2500,"ctm":true},{"mi":"2425","s":"Golden watches","pi":"1524","v":5197,"q":64.5,"c":662.05,"tl":16.0,"ir":[{"cn":"Maxi-Co LTD","pi":"1465","ui":"3699666","t":5518715,"r":5497485,"q":12.32,"p":25.0,"mot":"U","mo":0.0},{"cn":"Engkari corp","pi":"1481","ui":"3806795","t":354351,"r":326945,"q":17.69,"p":42.17,"mot":"U","mo":0.0}],"mwc":2500,"ctm":true}]