[{"mi":"15751","s":"Improved compound feed","pi":"15746","v":718343,"q":42.09,"c":7.42,"tl":13.0,"ir":[{"cn":"Parex","pi":"1487","ui":"3626708","t":39574438,"r":39278496,"q":17.73,"p":0.25,"mot":"U","mo":0.0},{"cn":"Luna","pi":"15745","ui":"3282831","t":8308028881,"r":8307357055,"q":17.2,"p":0.15,"mot":"U","mo":0.0},{"cn":"Parex","pi":"15744","ui":"3625941","t":817820,"r":207522,"q":20.38,"p":0.3,"mot":"U","mo":0.0},{"cn":"Parex","pi":"1492","ui":"3626708","t":170000,"r":90000,"q":17.73,"p":0.5,"mot":"U","mo":0.0},{"cn":"Parex","pi":"1489","ui":"3627503","t":41217714,"r":36231751,"q":74.19,"p":2.0,"mot":"U","mo":0.0}],"mwc":5000,"ctm":false},{"mi":"15751","s":"Improved compound feed","pi":"15746","v":718343,"q":42.09,"c":7.42,"tl":13.0,"ir":[{"cn":"Parex","pi":"1487","ui":"3626708","t":39574438,"r":39278496,"q":17.73,"p":0.25,"mot":"U","mo":0.0},{"cn":"Luna","pi":"15745","ui":"3282831","t":8308028881,"r":8307357055,"q":17.2,"p":0.15,"mot":"U","mo":0.0},{"cn":"Parex","pi":"15744","ui":"3625941","t":817820,"r":207522,"q":20.38,"p":0.3,"mot":"U","mo":0.0},{"cn":"Maxi-Co LTD","pi":"1492","ui":"3459282","t":3865544816,"r":3845426823,"q":15.49,"p":0.5,"mot":"U","mo":0.0},{"cn":"Parex","pi":"1489","ui":"3627503","t":41217714,"r":36231751,"q":74.19,"p":2.0,"mot":"U","mo":0.0}],"mwc":5000,"ctm":false},{"mi":"15751","s":"Improved compound feed","pi":"15746","v":718343,"q":42.09,"c":7.45,"tl":13.0,"ir":[{"cn":"DukeLeto Invest","pi":"1487","ui":"3573775","t":202885595,"r":202089845,"q":11.74,"p":0.32,"mot":"U","mo":0.0},{"cn":"Luna","pi":"15745","ui":"3282831","t":8308028881,"r":8307357055,"q":17.2,"p":0.15,"mot":"U","mo":0.0},{"cn":"Parex","pi":"15744","ui":"3625941","t":817820,"r":207522,"q":20.38,"p":0.3,"mot":"U","mo":0.0},{"cn":"Parex","pi":"1492","ui":"3626708","t":170000,"r":90000,"q":17.73,"p":0.5,"mot":"U","mo":0.0},{"cn":"Parex","pi":"1489","ui":"3627503","t":41217714,"r":36231751,"q":74.19,"p":2.0,"mot":"U","mo":0.0}],"mwc":5000,"ctm":false},{"mi":"15751","s":"Improved compound feed","pi":"15746","v":754260,"q":46.35,"c":7.2,"tl":14.0,"ir":[{"cn":"Parex","pi":"1487","ui":"3626708","t":39574438,"r":39278496,"q":17.73,"p":0.25,"mot":"U","mo":0.0},{"cn":"Luna","pi":"15745","ui":"3282831","t":8308028881,"r":8307357055,"q":17.2,"p":0.15,"mot":"U","mo":0.0},{"cn":"Parex","pi":"15744","ui":"3625941","t":817820,"r":207522,"q":20.38,"p":0.3,"mot":"U","mo":0.0},{"cn":"Parex","pi":"1492","ui":"3626708","t":170000,"r":90000,"q":17.73,"p":0.5,"mot":"U","mo":0.0},{"cn":"Parex","pi":"1489","ui":"3627503","t":41217714,"r":36231751,"q":74.19,"p":2.0,"mot":"U","mo":0.0}],"mwc":5000,"ctm":false},{"mi":"15751","s":"Improved compound feed","pi":"15746","v":754260,"q":46.35,"c":7.2,"tl":14.0,"ir":[{"cn":"Parex","pi":"1487","ui":"3626708","t":39574438,"r":39278496,"q":17.73,"p":0.25,"mot":"U","mo":0.0},{"cn":"Luna","pi":"15745","ui":"3282831","t":8308028881,"r":8307357055,"q":17.2,"p":0.15,"mot":"U","mo":0.0},{"cn":"Parex","pi":"15744","ui":"3625941","t":817820,"r":207522,"q":20.38,"p":0.3,"mot":"U","mo":0.0},{"cn":"Maxi-Co LTD","pi":"1492","ui":"3459282","t":3865544816,"r":3845426823,"q":15.49,"p":0.5,"mot":"U","mo":0.0},{"cn":"Parex","pi":"1489","ui":"3627503","t":41217714,"r":36231751,"q":74.19,"p":2.0,"mot":"U","mo":0.0}],"mwc":5000,"ctm":false},{"mi":"15751","s":"Improved compound feed","pi":"15746","v":754260,"q":46.35,"c":7.24,"tl":14.0,"ir":[{"cn":"DukeLeto Invest","pi":"1487","ui":"3573775","t":202885595,"r":202089845,"q":11.74,"p":0.32,"mot":"U","mo":0.0},{"cn":"Luna","pi":"15745","ui":"3282831","t":8308028881,"r":8307357055,"q":17.2,"p":0.15,"mot":"U","mo":0.0},{"cn":"Parex","pi":"15744","ui":"3625941","t":817820,"r":207522,"q":20.38,"p":0.3,"mot":"U","mo":0.0},{"cn":"Parex","pi":"1492","ui":"3626708","t":170000,"r":90000,"q":17.73,"p":0.5,"mot":"U","mo":0.0},{"cn":"Parex","pi":"1489","ui":"3627503","t":41217714,"r":36231751,"q":74.19,"p":2.0,"mot":"U","mo":0.0}],"mwc":5000,"ctm":false},{"mi":"15751","s":"Improved compound feed","pi":"15746","v":791973,"q":49.62,"c":6.99,"tl":15.0,"ir":[{"cn":"Parex","pi":"1487","ui":"3626708","t":39574438,"r":39278496,"q":17.73,"p":0.25,"mot":"U","mo":0.0},{"cn":"Luna","pi":"15745","ui":"3282831","t":8308028881,"r":8307357055,"q":17.2,"p":0.15,"mot":"U","mo":0.0},{"cn":"Parex","pi":"15744","ui":"3625941","t":817820,"r":207522,"q":20.38,"p":0.3,"mot":"U","mo":0.0},{"cn":"Parex","pi":"1492","ui":"3626708","t":170000,"r":90000,"q":17.73,"p":0.5,"mot":"U","mo":0.0},{"cn":"Parex","pi":"1489","ui":"3627503","t":41217714,"r":36231751,"q":74.19,"p":2.0,"mot":"U","mo":0.0}],"mwc":5000,"ctm":false},{"mi":"15751","s":"Improved compound feed","pi":"15746","v":791973,"q":49.4,"c":6.99,"tl":15.0,"ir":[{"cn":"Parex","pi":"1487","ui":"3626708","t":39574438,"r":39278496,"q":17.73,"p":0.25,"mot":"U","mo":0.0},{"cn":"Luna","pi":"15745","ui":"3282831","t":8308028881,"r":8307357055,"q":17.2,"p":0.15,"mot":"U","mo":0.0},{"cn":"Parex","pi":"15744","ui":"3625941","t":817820,"r":207522,"q":20.38,"p":0.3,"mot":"U","mo":0.0},{"cn":"Maxi-Co LTD","pi":"1492","ui":"3459282","t":3865544816,"r":3845426823,"q":15.49,"p":0.5,"mot":"U","mo":0.0},{"cn":"Parex","pi":"1489","ui":"3627503","t":41217714,"r":36231751,"q":74.19,"p":2.0,"mot":"U","mo":0.0}],"mwc":5000,"ctm":false},{"mi":"15751","s":"Improved compound feed","pi":"15746","v":791973,"q":49.04,"c":7.03,"tl":15.0,"ir":[{"cn":"DukeLeto Invest","pi":"1487","ui":"3573775","t":202885595,"r":202089845,"q":11.74,"p":0.32,"mot":"U","mo":0.0},{"cn":"Luna","pi":"15745","ui":"3282831","t":8308028881,"r":8307357055,"q":17.2,"p":0.15,"mot":"U","mo":0.0},{"cn":"Parex","pi":"15744","ui":"3625941","t":817820,"r":207522,"q":20.38,"p":0.3,"mot":"U","mo":0.0},{"cn":"Parex","pi":"1492","ui":"3626708","t":170000,"r":90000,"q":17.73,"p":0.5,"mot":"U","mo":0.0},{"cn":"Parex","pi":"1489","ui":"3627503","t":41217714,"r":36231751,"q":74.19,"p":2.0,"mot":"U","mo":0.0}],"mwc":5000,"ctm":false},{"mi":"15751","s":"Improved compound feed","pi":"15746","v":831571,"q":51.75,"c":6.79,"tl":16.0,"ir":[{"cn":"Parex","pi":"1487","ui":"3626708","t":39574438,"r":39278496,"q":17.73,"p":0.25,"mot":"U","mo":0.0},{"cn":"Luna","pi":"15745","ui":"3282831","t":8308028881,"r":8307357055,"q":17.2,"p":0.15,"mot":"U","mo":0.0},{"cn":"Parex","pi":"15744","ui":"3625941","t":817820,"r":207522,"q":20.38,"p":0.3,"mot":"U","mo":0.0},{"cn":"Parex","pi":"1492","ui":"3626708","t":170000,"r":90000,"q":17.73,"p":0.5,"mot":"U","mo":0.0},{"cn":"Parex","pi":"1489","ui":"3627503","t":41217714,"r":36231751,"q":74.19,"p":2.0,"mot":"U","mo":0.0}],"mwc":5000,"ctm":false},{"mi":"15751","s":"Improved compound feed","pi":"15746","v":831571,"q":51.52,"c":6.79,"tl":16.0,"ir":[{"cn":"Parex","pi":"1487","ui":"3626708","t":39574438,"r":39278496,"q":17.73,"p":0.25,"mot":"U","mo":0.0},{"cn":"Luna","pi":"15745","ui":"3282831","t":8308028881,"r":8307357055,"q":17.2,"p":0.15,"mot":"U","mo":0.0},{"cn":"Parex","pi":"15744","ui":"3625941","t":817820,"r":207522,"q":20.38,"p":0.3,"mot":"U","mo":0.0},{"cn":"Maxi-Co LTD","pi":"1492","ui":"3459282","t":3865544816,"r":3845426823,"q":15.49,"p":0.5,"mot":"U","mo":0.0},{"cn":"Parex","pi":"1489","ui":"3627503","t":41217714,"r":36231751,"q":74.19,"p":2.0,"mot":"U","mo":0.0}],"mwc":5000,"ctm":false},{"mi":"15751","s":"Improved compound feed","pi":"15746","v":831571,"q":51.14,"c":6.83,"tl":16.0,"ir":[{"cn":"DukeLeto Invest","pi":"1487","ui":"3573775","t":202885595,"r":202089845,"q":11.74,"p":0.32,"mot":"U","mo":0.0},{"cn":"Luna","pi":"15745","ui":"3282831","t":8308028881,"r":8307357055,"q":17.2,"p":0.15,"mot":"U","mo":0.0},{"cn":"Parex","pi":"15744","ui":"3625941","t":817820,"r":207522,"q":20.38,"p":0.3,"mot":"U","mo":0.0},{"cn":"Parex","pi":"1492","ui":"3626708","t":170000,"r":90000,"q":17.73,"p":0.5,"mot":"U","mo":0.0},{"cn":"Parex","pi":"1489","ui":"3627503","t":41217714,"r":36231751,"q":74.19,"p":2.0,"mot":"U","mo":0.0}],"mwc":5000,"ctm":false},{"mi":"15751","s":"Improved compound feed","pi":"15746","v":873150,"q":53.83,"c":6.6,"tl":17.0,"ir":[{"cn":"Parex","pi":"1487","ui":"3626708","t":39574438,"r":39278496,"q":17.73,"p":0.25,"mot":"U","mo":0.0},{"cn":"Luna","pi":"15745","ui":"3282831","t":8308028881,"r":8307357055,"q":17.2,"p":0.15,"mot":"U","mo":0.0},{"cn":"Parex","pi":"15744","ui":"3625941","t":817820,"r":207522,"q":20.38,"p":0.3,"mot":"U","mo":0.0},{"cn":"Parex","pi":"1492","ui":"3626708","t":170000,"r":90000,"q":17.73,"p":0.5,"mot":"U","mo":0.0},{"cn":"Parex","pi":"1489","ui":"3627503","t":41217714,"r":36231751,"q":74.19,"p":2.0,"mot":"U","mo":0.0}],"mwc":5000,"ctm":false},{"mi":"15751","s":"Improved compound feed","pi":"15746","v":873150,"q":53.59,"c":6.6,"tl":17.0,"ir":[{"cn":"Parex","pi":"1487","ui":"3626708","t":39574438,"r":39278496,"q":17.73,"p":0.25,"mot":"U","mo":0.0},{"cn":"Luna","pi":"15745","ui":"3282831","t":8308028881,"r":8307357055,"q":17.2,"p":0.15,"mot":"U","mo":0.0},{"cn":"Parex","pi":"15744","ui":"3625941","t":817820,"r":207522,"q":20.38,"p":0.3,"mot":"U","mo":0.0},{"cn":"Maxi-Co LTD","pi":"1492","ui":"3459282","t":3865544816,"r":3845426823,"q":15.49,"p":0.5,"mot":"U","mo":0.0},{"cn":"Parex","pi":"1489","ui":"3627503","t":41217714,"r":36231751,"q":74.19,"p":2.0,"mot":"U","mo":0.0}],"mwc":5000,"ctm":false},{"mi":"15751","s":"Improved compound feed","pi":"15746","v":873150,"q":53.2,"c":6.64,"tl":17.0,"ir":[{"cn":"DukeLeto Invest","pi":"1487","ui":"3573775","t":202885595,"r":202089845,"q":11.74,"p":0.32,"mot":"U","mo":0.0},{"cn":"Luna","pi":"15745","ui":"3282831","t":8308028881,"r":8307357055,"q":17.2,"p":0.15,"mot":"U","mo":0.0},{"cn":"Parex","pi":"15744","ui":"3625941","t":817820,"r":207522,"q":20.38,"p":0.3,"mot":"U","mo":0.0},{"cn":"Parex","pi":"1492","ui":"3626708","t":170000,"r":90000,"q":17.73,"p":0.5,"mot":"U","mo":0.0},{"cn":"Parex","pi":"1489","ui":"3627503","t":41217714,"r":36231751,"q":74.19,"p":2.0,"mot":"U","mo":0.0}],"mwc":5000,"ctm":false},{"mi":"15763","s":"Honey jam","pi":"422434","v":126348,"q":34.24,"c":8086.37,"tl":20.0,"ir":[{"cn":"Parex","pi":"1492","ui":"3626708","t":170000,"r":90000,"q":17.73,"p":0.5,"mot":"U","mo":0.0},{"cn":"T9","pi":"1491","ui":"3765569","t":14955048,"r":14151243,"q":18.26,"p":9.5,"mot":"U","mo":0.0},{"cn":"goodwin team","pi":"1481","ui":"3780584","t":20596,"r":20596,"q":13.65,"p":40000.0,"mot":"U","mo":0.0},{"cn":"Luna","pi":"423151","ui":"3467276","t":54884882,"r":54739257,"q":27.61,"p":110.0,"mot":"L","mo":40000.0}],"mwc":2500,"ctm":false},{"mi":"15763","s":"Honey jam","pi":"422434","v":126348,"q":34.19,"c":8086.12,"tl":20.0,"ir":[{"cn":"Parex","pi":"1492","ui":"3626708","t":170000,"r":90000,"q":17.73,"p":0.5,"mot":"U","mo":0.0},{"cn":"B-Easy Limited","pi":"1491","ui":"3771658","t":9874433,"r":9068213,"q":17.99,"p":9.0,"mot":"U","mo":0.0},{"cn":"goodwin team","pi":"1481","ui":"3780584","t":20596,"r":20596,"q":13.65,"p":40000.0,"mot":"U","mo":0.0},{"cn":"Luna","pi":"423151","ui":"3467276","t":54884882,"r":54739257,"q":27.61,"p":110.0,"mot":"L","mo":40000.0}],"mwc":2500,"ctm":false},{"mi":"15763","s":"Honey jam","pi":"422434","v":132665,"q":34.24,"c":94.87,"tl":21.0,"ir":[{"cn":"Parex","pi":"1492","ui":"3626708","t":170000,"r":90000,"q":17.73,"p":0.5,"mot":"U","mo":0.0},{"cn":"B-Easy Limited","pi":"1491","ui":"3771658","t":9874433,"r":9068213,"q":17.99,"p":9.0,"mot":"U","mo":0.0},{"cn":"Ellipsis","pi":"1481","ui":"3781764","t":30361,"r":20755,"q":1.01,"p":50.0,"mot":"U","mo":0.0},{"cn":"Luna","pi":"423151","ui":"3467276","t":54884882,"r":54739257,"q":27.61,"p":110.0,"mot":"L","mo":40000.0}],"mwc":2500,"ctm":true},{"mi":"15763","s":"Honey jam","pi":"422434","v":132665,"q":34.3,"c":95.12,"tl":21.0,"ir":[{"cn":"Parex","pi":"1492","ui":"3626708","t":170000,"r":90000,"q":17.73,"p":0.5,"mot":"U","mo":0.0},{"cn":"T9","pi":"1491","ui":"3765569","t":14955048,"r":14151243,"q":18.26,"p":9.5,"mot":"U","mo":0.0},{"cn":"Ellipsis","pi":"1481","ui":"3781764","t":30361,"r":20755,"q":1.01,"p":50.0,"mot":"U","mo":0.0},{"cn":"Luna","pi":"423151","ui":"3467276","t":54884882,"r":54739257,"q":27.61,"p":110.0,"mot":"L","mo":40000.0}],"mwc":2500,"ctm":true},{"mi":"15763","s":"Honey jam","pi":"422434","v":132665,"q":34.3,"c":285.12,"tl":21.0,"ir":[{"cn":"Parex","pi":"1492","ui":"3626708","t":170000,"r":90000,"q":17.73,"p":0.5,"mot":"U","mo":0.0},{"cn":"T9","pi":"1491","ui":"3765569","t":14955048,"r":14151243,"q":18.26,"p":9.5,"mot":"U","mo":0.0},{"cn":"MAC Finance Limited","pi":"1481","ui":"3778194","t":3179,"r":2379,"q":1.0,"p":1000.0,"mot":"U","mo":0.0},{"cn":"Luna","pi":"423151","ui":"3467276","t":54884882,"r":54739257,"q":27.61,"p":110.0,"mot":"L","mo":40000.0}],"mwc":2500,"ctm":true},{"mi":"2422","s":"Buns","pi":"1497","v":623678,"q":42.27,"c":189.21,"tl":16.0,"ir":[{"cn":"Vipers","pi":"1501","ui":"3778276","t":83572310,"r":83277711,"q":32.79,"p":150.0,"mot":"U","mo":0.0},{"cn":"Parex","pi":"1494","ui":"3763882","t":769747907,"r":764908956,"q":76.64,"p":2.0,"mot":"U","mo":0.0},{"cn":"B-Easy Limited","pi":"15747","ui":"3771658","t":970171,"r":864166,"q":1.32,"p":57.0,"mot":"L","mo":450000.0},{"cn":"Parex","pi":"1489","ui":"3627503","t":41217714,"r":36231751,"q":74.19,"p":2.0,"mot":"U","mo":0.0},{"cn":"Green Life","pi":"1491","ui":"3708416","t":896034,"r":750534,"q":9.48,"p":0.84,"mot":"U","mo":0.0}],"mwc":2500,"ctm":true},{"mi":"2422","s":"Buns","pi":"1497","v":623678,"q":42.27,"c":189.46,"tl":16.0,"ir":[{"cn":"Vipers","pi":"1501","ui":"3778276","t":83572310,"r":83277711,"q":32.79,"p":150.0,"mot":"U","mo":0.0},{"cn":"Parex","pi":"1494","ui":"3763882","t":769747907,"r":764908956,"q":76.64,"p":2.0,"mot":"U","mo":0.0},{"cn":"B-Easy Limited","pi":"15747","ui":"3771658","t":970171,"r":864166,"q":1.32,"p":57.0,"mot":"L","mo":450000.0},{"cn":"Parex","pi":"1489","ui":"3627503","t":41217714,"r":36231751,"q":74.19,"p":2.0,"mot":"U","mo":0.0},{"cn":"Ackermann Industries International","pi":"1491","ui":"3329798","t":47150,"r":46300,"q":6.75,"p":1.34,"mot":"U","mo":0.0}],"mwc":2500,"ctm":true},{"mi":"2422","s":"Buns","pi":"1497","v":623678,"q":42.27,"c":190.21,"tl":16.0,"ir":[{"cn":"Vipers","pi":"1501","ui":"3778276","t":83572310,"r":83277711,"q":32.79,"p":150.0,"mot":"U","mo":0.0},{"cn":"Parex","pi":"1494","ui":"3763882","t":769747907,"r":764908956,"q":76.64,"p":2.0,"mot":"U","mo":0.0},{"cn":"B-Easy Limited","pi":"15747","ui":"3771658","t":970171,"r":864166,"q":1.32,"p":57.0,"mot":"L","mo":450000.0},{"cn":"T9","pi":"1489","ui":"3765569","t":283905216,"r":282998538,"q":74.2,"p":4.0,"mot":"U","mo":0.0},{"cn":"Green Life","pi":"1491","ui":"3708416","t":896034,"r":750534,"q":9.48,"p":0.84,"mot":"U","mo":0.0}],"mwc":2500,"ctm":true},{"mi":"15763","s":"Canned corn","pi":"422553","v":255256,"q":10.27,"c":213.33,"tl":6.0,"ir":[{"cn":"Luna","pi":"422544","ui":"3448766","t":1073043443,"r":1069061492,"q":16.31,"p":0.2,"mot":"U","mo":0.0},{"cn":"ZERYO Team","pi":"1480","ui":"3774929","t":16958,"r":12758,"q":1.0,"p":1000.0,"mot":"U","mo":0.0}],"mwc":2500,"ctm":true},{"mi":"15763","s":"Canned corn","pi":"422553","v":255256,"q":10.27,"c":242.93,"tl":6.0,"ir":[{"cn":"B-Easy Limited","pi":"422544","ui":"3771658","t":1057778,"r":530699,"q":16.31,"p":15.0,"mot":"L","mo":500000.0},{"cn":"ZERYO Team","pi":"1480","ui":"3774929","t":16958,"r":12758,"q":1.0,"p":1000.0,"mot":"U","mo":0.0}],"mwc":2500,"ctm":true},{"mi":"15763","s":"Canned corn","pi":"422553","v":255256,"q":10.27,"c":2188.93,"tl":6.0,"ir":[{"cn":"EPIC TEAM","pi":"422544","ui":"3766451","t":212526,"r":100388,"q":16.31,"p":988.0,"mot":"U","mo":0.0},{"cn":"ZERYO Team","pi":"1480","ui":"3774929","t":16958,"r":12758,"q":1.0,"p":1000.0,"mot":"U","mo":0.0}],"mwc":2500,"ctm":false},{"mi":"15763","s":"Canned corn","pi":"422553","v":268019,"q":12.55,"c":212.71,"tl":7.0,"ir":[{"cn":"Luna","pi":"422544","ui":"3448766","t":1073043443,"r":1069061492,"q":16.31,"p":0.2,"mot":"U","mo":0.0},{"cn":"ZERYO Team","pi":"1480","ui":"3774929","t":16958,"r":12758,"q":1.0,"p":1000.0,"mot":"U","mo":0.0}],"mwc":2500,"ctm":true},{"mi":"15763","s":"Canned corn","pi":"422553","v":268019,"q":12.55,"c":242.31,"tl":7.0,"ir":[{"cn":"B-Easy Limited","pi":"422544","ui":"3771658","t":1057778,"r":530699,"q":16.31,"p":15.0,"mot":"L","mo":500000.0},{"cn":"ZERYO Team","pi":"1480","ui":"3774929","t":16958,"r":12758,"q":1.0,"p":1000.0,"mot":"U","mo":0.0}],"mwc":2500,"ctm":true},{"mi":"15763","s":"Canned corn","pi":"422553","v":268019,"q":12.55,"c":2188.31,"tl":7.0,"ir":[{"cn":"EPIC TEAM","pi":"422544","ui":"3766451","t":212526,"r":100388,"q":16.31,"p":988.0,"mot":"U","mo":0.0},{"cn":"ZERYO Team","pi":"1480","ui":"3774929","t":16958,"r":12758,"q":1.0,"p":1000.0,"mot":"U","mo":0.0}],"mwc":2500,"ctm":false},{"mi":"15763","s":"Canned corn","pi":"422553","v":281420,"q":14.92,"c":212.13,"tl":8.0,"ir":[{"cn":"Luna","pi":"422544","ui":"3448766","t":1073043443,"r":1069061492,"q":16.31,"p":0.2,"mot":"U","mo":0.0},{"cn":"ZERYO Team","pi":"1480","ui":"3774929","t":16958,"r":12758,"q":1.0,"p":1000.0,"mot":"U","mo":0.0}],"mwc":2500,"ctm":true},{"mi":"15763","s":"Canned corn","pi":"422553","v":281420,"q":14.92,"c":241.73,"tl":8.0,"ir":[{"cn":"B-Easy Limited","pi":"422544","ui":"3771658","t":1057778,"r":530699,"q":16.31,"p":15.0,"mot":"L","mo":500000.0},{"cn":"ZERYO Team","pi":"1480","ui":"3774929","t":16958,"r":12758,"q":1.0,"p":1000.0,"mot":"U","mo":0.0}],"mwc":2500,"ctm":true},{"mi":"15763","s":"Canned corn","pi":"422553","v":281420,"q":14.92,"c":2187.73,"tl":8.0,"ir":[{"cn":"EPIC TEAM","pi":"422544","ui":"3766451","t":212526,"r":100388,"q":16.31,"p":988.0,"mot":"U","mo":0.0},{"cn":"ZERYO Team","pi":"1480","ui":"3774929","t":16958,"r":12758,"q":1.0,"p":1000.0,"mot":"U","mo":0.0}],"mwc":2500,"ctm":false},{"mi":"15763","s":"Canned corn","pi":"422553","v":295491,"q":16.11,"c":211.57,"tl":9.0,"ir":[{"cn":"Luna","pi":"422544","ui":"3448766","t":1073043443,"r":1069061492,"q":16.31,"p":0.2,"mot":"U","mo":0.0},{"cn":"ZERYO Team","pi":"1480","ui":"3774929","t":16958,"r":12758,"q":1.0,"p":1000.0,"mot":"U","mo":0.0}],"mwc":2500,"ctm":true},{"mi":"15763","s":"Canned corn","pi":"422553","v":295491,"q":16.11,"c":241.17,"tl":9.0,"ir":[{"cn":"B-Easy Limited","pi":"422544","ui":"3771658","t":1057778,"r":530699,"q":16.31,"p":15.0,"mot":"L","mo":500000.0},{"cn":"ZERYO Team","pi":"1480","ui":"3774929","t":16958,"r":12758,"q":1.0,"p":1000.0,"mot":"U","mo":0.0}],"mwc":2500,"ctm":true},{"mi":"15763","s":"Canned corn","pi":"422553","v":295491,"q":16.11,"c":2187.17,"tl":9.0,"ir":[{"cn":"EPIC TEAM","pi":"422544","ui":"3766451","t":212526,"r":100388,"q":16.31,"p":988.0,"mot":"U","mo":0.0},{"cn":"ZERYO Team","pi":"1480","ui":"3774929","t":16958,"r":12758,"q":1.0,"p":1000.0,"mot":"U","mo":0.0}],"mwc":2500,"ctm":false},{"mi":"15763","s":"Canned corn","pi":"422553","v":310266,"q":17.25,"c":211.04,"tl":10.0,"ir":[{"cn":"Luna","pi":"422544","ui":"3448766","t":1073043443,"r":1069061492,"q":16.31,"p":0.2,"mot":"U","mo":0.0},{"cn":"ZERYO Team","pi":"1480","ui":"3774929","t":16958,"r":12758,"q":1.0,"p":1000.0,"mot":"U","mo":0.0}],"mwc":2500,"ctm":true},{"mi":"15763","s":"Canned corn","pi":"422553","v":310266,"q":17.25,"c":240.64,"tl":10.0,"ir":[{"cn":"B-Easy Limited","pi":"422544","ui":"3771658","t":1057778,"r":530699,"q":16.31,"p":15.0,"mot":"L","mo":500000.0},{"cn":"ZERYO Team","pi":"1480","ui":"3774929","t":16958,"r":12758,"q":1.0,"p":1000.0,"mot":"U","mo":0.0}],"mwc":2500,"ctm":true},{"mi":"15763","s":"Canned corn","pi":"422553","v":310266,"q":17.25,"c":2186.64,"tl":10.0,"ir":[{"cn":"EPIC TEAM","pi":"422544","ui":"3766451","t":212526,"r":100388,"q":16.31,"p":988.0,"mot":"U","mo":0.0},{"cn":"ZERYO Team","pi":"1480","ui":"3774929","t":16958,"r":12758,"q":1.0,"p":1000.0,"mot":"U","mo":0.0}],"mwc":2500,"ctm":false},{"mi":"15763","s":"Canned corn","pi":"422553","v":325779,"q":18.36,"c":210.53,"tl":11.0,"ir":[{"cn":"Luna","pi":"422544","ui":"3448766","t":1073043443,"r":1069061492,"q":16.31,"p":0.2,"mot":"U","mo":0.0},{"cn":"ZERYO Team","pi":"1480","ui":"3774929","t":16958,"r":12758,"q":1.0,"p":1000.0,"mot":"U","mo":0.0}],"mwc":2500,"ctm":true},{"mi":"15763","s":"Canned corn","pi":"422553","v":325779,"q":18.36,"c":240.13,"tl":11.0,"ir":[{"cn":"B-Easy Limited","pi":"422544","ui":"3771658","t":1057778,"r":530699,"q":16.31,"p":15.0,"mot":"L","mo":500000.0},{"cn":"ZERYO Team","pi":"1480","ui":"3774929","t":16958,"r":12758,"q":1.0,"p":1000.0,"mot":"U","mo":0.0}],"mwc":2500,"ctm":true},{"mi":"15763","s":"Canned corn","pi":"422553","v":325779,"q":18.36,"c":2186.13,"tl":11.0,"ir":[{"cn":"EPIC TEAM","pi":"422544","ui":"3766451","t":212526,"r":100388,"q":16.31,"p":988.0,"mot":"U","mo":0.0},{"cn":"ZERYO Team","pi":"1480","ui":"3774929","t":16958,"r":12758,"q":1.0,"p":1000.0,"mot":"U","mo":0.0}],"mwc":2500,"ctm":false},{"mi":"15763","s":"Canned corn","pi":"422553","v":342068,"q":19.42,"c":210.05,"tl":12.0,"ir":[{"cn":"Luna","pi":"422544","ui":"3448766","t":1073043443,"r":1069061492,"q":16.31,"p":0.2,"mot":"U","mo":0.0},{"cn":"ZERYO Team","pi":"1480","ui":"3774929","t":16958,"r":12758,"q":1.0,"p":1000.0,"mot":"U","mo":0.0}],"mwc":2500,"ctm":true},{"mi":"15763","s":"Canned corn","pi":"422553","v":342068,"q":19.42,"c":239.65,"tl":12.0,"ir":[{"cn":"B-Easy Limited","pi":"422544","ui":"3771658","t":1057778,"r":530699,"q":16.31,"p":15.0,"mot":"L","mo":500000.0},{"cn":"ZERYO Team","pi":"1480","ui":"3774929","t":16958,"r":12758,"q":1.0,"p":1000.0,"mot":"U","mo":0.0}],"mwc":2500,"ctm":true},{"mi":"15763","s":"Canned corn","pi":"422553","v":342068,"q":19.42,"c":2185.65,"tl":12.0,"ir":[{"cn":"EPIC TEAM","pi":"422544","ui":"3766451","t":212526,"r":100388,"q":16.31,"p":988.0,"mot":"U","mo":0.0},{"cn":"ZERYO Team","pi":"1480","ui":"3774929","t":16958,"r":12758,"q":1.0,"p":1000.0,"mot":"U","mo":0.0}],"mwc":2500,"ctm":false},{"mi":"15763","s":"Canned corn","pi":"422553","v":359171,"q":20.46,"c":209.59,"tl":13.0,"ir":[{"cn":"Luna","pi":"422544","ui":"3448766","t":1073043443,"r":1069061492,"q":16.31,"p":0.2,"mot":"U","mo":0.0},{"cn":"ZERYO Team","pi":"1480","ui":"3774929","t":16958,"r":12758,"q":1.0,"p":1000.0,"mot":"U","mo":0.0}],"mwc":2500,"ctm":true},{"mi":"15763","s":"Canned corn","pi":"422553","v":359171,"q":20.46,"c":239.19,"tl":13.0,"ir":[{"cn":"B-Easy Limited","pi":"422544","ui":"3771658","t":1057778,"r":530699,"q":16.31,"p":15.0,"mot":"L","mo":500000.0},{"cn":"ZERYO Team","pi":"1480","ui":"3774929","t":16958,"r":12758,"q":1.0,"p":1000.0,"mot":"U","mo":0.0}],"mwc":2500,"ctm":true},{"mi":"15763","s":"Canned corn","pi":"422553","v":359171,"q":20.46,"c":2185.19,"tl":13.0,"ir":[{"cn":"EPIC TEAM","pi":"422544","ui":"3766451","t":212526,"r":100388,"q":16.31,"p":988.0,"mot":"U","mo":0.0},{"cn":"ZERYO Team","pi":"1480","ui":"3774929","t":16958,"r":12758,"q":1.0,"p":1000.0,"mot":"U","mo":0.0}],"mwc":2500,"ctm":false},{"mi":"15763","s":"Canned corn","pi":"422553","v":377130,"q":21.47,"c":209.15,"tl":14.0,"ir":[{"cn":"Luna","pi":"422544","ui":"3448766","t":1073043443,"r":1069061492,"q":16.31,"p":0.2,"mot":"U","mo":0.0},{"cn":"ZERYO Team","pi":"1480","ui":"3774929","t":16958,"r":12758,"q":1.0,"p":1000.0,"mot":"U","mo":0.0}],"mwc":2500,"ctm":true},{"mi":"15763","s":"Canned corn","pi":"422553","v":377130,"q":21.47,"c":238.75,"tl":14.0,"ir":[{"cn":"B-Easy Limited","pi":"422544","ui":"3771658","t":1057778,"r":530699,"q":16.31,"p":15.0,"mot":"L","mo":500000.0},{"cn":"ZERYO Team","pi":"1480","ui":"3774929","t":16958,"r":12758,"q":1.0,"p":1000.0,"mot":"U","mo":0.0}],"mwc":2500,"ctm":true},{"mi":"15763","s":"Canned corn","pi":"422553","v":377130,"q":21.47,"c":2184.75,"tl":14.0,"ir":[{"cn":"EPIC TEAM","pi":"422544","ui":"3766451","t":212526,"r":100388,"q":16.31,"p":988.0,"mot":"U","mo":0.0},{"cn":"ZERYO Team","pi":"1480","ui":"3774929","t":16958,"r":12758,"q":1.0,"p":1000.0,"mot":"U","mo":0.0}],"mwc":2500,"ctm":false},{"mi":"15763","s":"Canned corn","pi":"422553","v":395986,"q":22.46,"c":208.73,"tl":15.0,"ir":[{"cn":"Luna","pi":"422544","ui":"3448766","t":1073043443,"r":1069061492,"q":16.31,"p":0.2,"mot":"U","mo":0.0},{"cn":"ZERYO Team","pi":"1480","ui":"3774929","t":16958,"r":12758,"q":1.0,"p":1000.0,"mot":"U","mo":0.0}],"mwc":2500,"ctm":true},{"mi":"15763","s":"Canned corn","pi":"422553","v":395986,"q":22.46,"c":238.33,"tl":15.0,"ir":[{"cn":"B-Easy Limited","pi":"422544","ui":"3771658","t":1057778,"r":530699,"q":16.31,"p":15.0,"mot":"L","mo":500000.0},{"cn":"ZERYO Team","pi":"1480","ui":"3774929","t":16958,"r":12758,"q":1.0,"p":1000.0,"mot":"U","mo":0.0}],"mwc":2500,"ctm":true},{"mi":"15763","s":"Canned corn","pi":"422553","v":395986,"q":22.46,"c":2184.33,"tl":15.0,"ir":[{"cn":"EPIC TEAM","pi":"422544","ui":"3766451","t":212526,"r":100388,"q":16.31,"p":988.0,"mot":"U","mo":0.0},{"cn":"ZERYO Team","pi":"1480","ui":"3774929","t":16958,"r":12758,"q":1.0,"p":1000.0,"mot":"U","mo":0.0}],"mwc":2500,"ctm":false},{"mi":"15763","s":"Canned corn","pi":"422553","v":415786,"q":23.42,"c":208.34,"tl":16.0,"ir":[{"cn":"Luna","pi":"422544","ui":"3448766","t":1073043443,"r":1069061492,"q":16.31,"p":0.2,"mot":"U","mo":0.0},{"cn":"ZERYO Team","pi":"1480","ui":"3774929","t":16958,"r":12758,"q":1.0,"p":1000.0,"mot":"U","mo":0.0}],"mwc":2500,"ctm":true},{"mi":"15763","s":"Canned corn","pi":"422553","v":415786,"q":23.42,"c":237.94,"tl":16.0,"ir":[{"cn":"B-Easy Limited","pi":"422544","ui":"3771658","t":1057778,"r":530699,"q":16.31,"p":15.0,"mot":"L","mo":500000.0},{"cn":"ZERYO Team","pi":"1480","ui":"3774929","t":16958,"r":12758,"q":1.0,"p":1000.0,"mot":"U","mo":0.0}],"mwc":2500,"ctm":true},{"mi":"15763","s":"Canned corn","pi":"422553","v":415786,"q":23.42,"c":2183.94,"tl":16.0,"ir":[{"cn":"EPIC TEAM","pi":"422544","ui":"3766451","t":212526,"r":100388,"q":16.31,"p":988.0,"mot":"U","mo":0.0},{"cn":"ZERYO Team","pi":"1480","ui":"3774929","t":16958,"r":12758,"q":1.0,"p":1000.0,"mot":"U","mo":0.0}],"mwc":2500,"ctm":false},{"mi":"15763","s":"Canned corn","pi":"422553","v":436575,"q":24.36,"c":207.96,"tl":17.0,"ir":[{"cn":"Luna","pi":"422544","ui":"3448766","t":1073043443,"r":1069061492,"q":16.31,"p":0.2,"mot":"U","mo":0.0},{"cn":"ZERYO Team","pi":"1480","ui":"3774929","t":16958,"r":12758,"q":1.0,"p":1000.0,"mot":"U","mo":0.0}],"mwc":2500,"ctm":true},{"mi":"15763","s":"Canned corn","pi":"422553","v":436575,"q":24.36,"c":237.56,"tl":17.0,"ir":[{"cn":"B-Easy Limited","pi":"422544","ui":"3771658","t":1057778,"r":530699,"q":16.31,"p":15.0,"mot":"L","mo":500000.0},{"cn":"ZERYO Team","pi":"1480","ui":"3774929","t":16958,"r":12758,"q":1.0,"p":1000.0,"mot":"U","mo":0.0}],"mwc":2500,"ctm":true},{"mi":"15763","s":"Canned corn","pi":"422553","v":436575,"q":24.36,"c":2183.56,"tl":17.0,"ir":[{"cn":"EPIC TEAM","pi":"422544","ui":"3766451","t":212526,"r":100388,"q":16.31,"p":988.0,"mot":"U","mo":0.0},{"cn":"ZERYO Team","pi":"1480","ui":"3774929","t":16958,"r":12758,"q":1.0,"p":1000.0,"mot":"U","mo":0.0}],"mwc":2500,"ctm":false},{"mi":"15763","s":"Canned corn","pi":"422553","v":458404,"q":25.28,"c":207.6,"tl":18.0,"ir":[{"cn":"Luna","pi":"422544","ui":"3448766","t":1073043443,"r":1069061492,"q":16.31,"p":0.2,"mot":"U","mo":0.0},{"cn":"ZERYO Team","pi":"1480","ui":"3774929","t":16958,"r":12758,"q":1.0,"p":1000.0,"mot":"U","mo":0.0}],"mwc":2500,"ctm":true},{"mi":"15763","s":"Canned corn","pi":"422553","v":458404,"q":25.28,"c":237.2,"tl":18.0,"ir":[{"cn":"B-Easy Limited","pi":"422544","ui":"3771658","t":1057778,"r":530699,"q":16.31,"p":15.0,"mot":"L","mo":500000.0},{"cn":"ZERYO Team","pi":"1480","ui":"3774929","t":16958,"r":12758,"q":1.0,"p":1000.0,"mot":"U","mo":0.0}],"mwc":2500,"ctm":true},{"mi":"15763","s":"Canned corn","pi":"422553","v":458404,"q":25.28,"c":2183.2,"tl":18.0,"ir":[{"cn":"EPIC TEAM","pi":"422544","ui":"3766451","t":212526,"r":100388,"q":16.31,"p":988.0,"mot":"U","mo":0.0},{"cn":"ZERYO Team","pi":"1480","ui":"3774929","t":16958,"r":12758,"q":1.0,"p":1000.0,"mot":"U","mo":0.0}],"mwc":2500,"ctm":false},{"mi":"15763","s":"Canned corn","pi":"422553","v":481324,"q":26.18,"c":207.26,"tl":19.0,"ir":[{"cn":"Luna","pi":"422544","ui":"3448766","t":1073043443,"r":1069061492,"q":16.31,"p":0.2,"mot":"U","mo":0.0},{"cn":"ZERYO Team","pi":"1480","ui":"3774929","t":16958,"r":12758,"q":1.0,"p":1000.0,"mot":"U","mo":0.0}],"mwc":2500,"ctm":true},{"mi":"15763","s":"Canned corn","pi":"422553","v":481324,"q":26.18,"c":236.86,"tl":19.0,"ir":[{"cn":"B-Easy Limited","pi":"422544","ui":"3771658","t":1057778,"r":530699,"q":16.31,"p":15.0,"mot":"L","mo":500000.0},{"cn":"ZERYO Team","pi":"1480","ui":"3774929","t":16958,"r":12758,"q":1.0,"p":1000.0,"mot":"U","mo":0.0}],"mwc":2500,"ctm":true},{"mi":"15763","s":"Canned corn","pi":"422553","v":481324,"q":26.18,"c":2182.86,"tl":19.0,"ir":[{"cn":"EPIC TEAM","pi":"422544","ui":"3766451","t":212526,"r":100388,"q":16.31,"p":988.0,"mot":"U","mo":0.0},{"cn":"ZERYO Team","pi":"1480","ui":"3774929","t":16958,"r":12758,"q":1.0,"p":1000.0,"mot":"U","mo":0.0}],"mwc":2500,"ctm":false},{"mi":"15763","s":"Canned corn","pi":"422553","v":505390,"q":27.07,"c":206.93,"tl":20.0,"ir":[{"cn":"Luna","pi":"422544","ui":"3448766","t":1073043443,"r":1069061492,"q":16.31,"p":0.2,"mot":"U","mo":0.0},{"cn":"ZERYO Team","pi":"1480","ui":"3774929","t":16958,"r":12758,"q":1.0,"p":1000.0,"mot":"U","mo":0.0}],"mwc":2500,"ctm":true},{"mi":"15763","s":"Canned corn","pi":"422553","v":505390,"q":27.07,"c":236.53,"tl":20.0,"ir":[{"cn":"B-Easy Limited","pi":"422544","ui":"3771658","t":1057778,"r":530699,"q":16.31,"p":15.0,"mot":"L","mo":500000.0},{"cn":"ZERYO Team","pi":"1480","ui":"3774929","t":16958,"r":12758,"q":1.0,"p":1000.0,"mot":"U","mo":0.0}],"mwc":2500,"ctm":true},{"mi":"15763","s":"Canned corn","pi":"422553","v":505390,"q":27.07,"c":2182.53,"tl":20.0,"ir":[{"cn":"EPIC TEAM","pi":"422544","ui":"3766451","t":212526,"r":100388,"q":16.31,"p":988.0,"mot":"U","mo":0.0},{"cn":"ZERYO Team","pi":"1480","ui":"3774929","t":16958,"r":12758,"q":1.0,"p":1000.0,"mot":"U","mo":0.0}],"mwc":2500,"ctm":false},{"mi":"15763","s":"Canned corn","pi":"422553","v":530660,"q":27.94,"c":206.62,"tl":21.0,"ir":[{"cn":"Luna","pi":"422544","ui":"3448766","t":1073043443,"r":1069061492,"q":16.31,"p":0.2,"mot":"U","mo":0.0},{"cn":"ZERYO Team","pi":"1480","ui":"3774929","t":16958,"r":12758,"q":1.0,"p":1000.0,"mot":"U","mo":0.0}],"mwc":2500,"ctm":true},{"mi":"15763","s":"Canned corn","pi":"422553","v":530660,"q":27.94,"c":236.22,"tl":21.0,"ir":[{"cn":"B-Easy Limited","pi":"422544","ui":"3771658","t":1057778,"r":530699,"q":16.31,"p":15.0,"mot":"L","mo":500000.0},{"cn":"ZERYO Team","pi":"1480","ui":"3774929","t":16958,"r":12758,"q":1.0,"p":1000.0,"mot":"U","mo":0.0}],"mwc":2500,"ctm":true},{"mi":"15763","s":"Canned corn","pi":"422553","v":530660,"q":27.94,"c":2182.22,"tl":21.0,"ir":[{"cn":"EPIC TEAM","pi":"422544","ui":"3766451","t":212526,"r":100388,"q":16.31,"p":988.0,"mot":"U","mo":0.0},{"cn":"ZERYO Team","pi":"1480","ui":"3774929","t":16958,"r":12758,"q":1.0,"p":1000.0,"mot":"U","mo":0.0}],"mwc":2500,"ctm":false},{"mi":"2421","s":"Medovukha","pi":"1502","v":436575,"q":33.99,"c":120.06,"tl":17.0,"ir":[{"cn":"Ellipsis","pi":"1481","ui":"3781764","t":30361,"r":20755,"q":1.01,"p":50.0,"mot":"U","mo":0.0},{"cn":"Luna","pi":"423151","ui":"3467276","t":54884882,"r":54739257,"q":27.61,"p":110.0,"mot":"L","mo":40000.0}],"mwc":2500,"ctm":false},{"mi":"2421","s":"Medovukha","pi":"1502","v":436575,"q":33.99,"c":167.56,"tl":17.0,"ir":[{"cn":"MAC Finance Limited","pi":"1481","ui":"3778194","t":3179,"r":2379,"q":1.0,"p":1000.0,"mot":"U","mo":0.0},{"cn":"Luna","pi":"423151","ui":"3467276","t":54884882,"r":54739257,"q":27.61,"p":110.0,"mot":"L","mo":40000.0}],"mwc":2500,"ctm":false},{"mi":"2421","s":"Medovukha","pi":"1502","v":436575,"q":34.37,"c":2117.56,"tl":17.0,"ir":[{"cn":"goodwin team","pi":"1481","ui":"3780584","t":20596,"r":20596,"q":13.65,"p":40000.0,"mot":"U","mo":0.0},{"cn":"Luna","pi":"423151","ui":"3467276","t":54884882,"r":54739257,"q":27.61,"p":110.0,"mot":"L","mo":40000.0}],"mwc":2500,"ctm":false},{"mi":"2421","s":"Medovukha","pi":"1502","v":458404,"q":35.27,"c":119.7,"tl":18.0,"ir":[{"cn":"Ellipsis","pi":"1481","ui":"3781764","t":30361,"r":20755,"q":1.01,"p":50.0,"mot":"U","mo":0.0},{"cn":"Luna","pi":"423151","ui":"3467276","t":54884882,"r":54739257,"q":27.61,"p":110.0,"mot":"L","mo":40000.0}],"mwc":2500,"ctm":false},{"mi":"2421","s":"Medovukha","pi":"1502","v":458404,"q":35.27,"c":167.2,"tl":18.0,"ir":[{"cn":"MAC Finance Limited","pi":"1481","ui":"3778194","t":3179,"r":2379,"q":1.0,"p":1000.0,"mot":"U","mo":0.0},{"cn":"Luna","pi":"423151","ui":"3467276","t":54884882,"r":54739257,"q":27.61,"p":110.0,"mot":"L","mo":40000.0}],"mwc":2500,"ctm":false},{"mi":"2421","s":"Medovukha","pi":"1502","v":458404,"q":35.67,"c":2117.2,"tl":18.0,"ir":[{"cn":"goodwin team","pi":"1481","ui":"3780584","t":20596,"r":20596,"q":13.65,"p":40000.0,"mot":"U","mo":0.0},{"cn":"Luna","pi":"423151","ui":"3467276","t":54884882,"r":54739257,"q":27.61,"p":110.0,"mot":"L","mo":40000.0}],"mwc":2500,"ctm":false},{"mi":"2421","s":"Medovukha","pi":"1502","v":481324,"q":36.54,"c":119.36,"tl":19.0,"ir":[{"cn":"Ellipsis","pi":"1481","ui":"3781764","t":30361,"r":20755,"q":1.01,"p":50.0,"mot":"U","mo":0.0},{"cn":"Luna","pi":"423151","ui":"3467276","t":54884882,"r":54739257,"q":27.61,"p":110.0,"mot":"L","mo":40000.0}],"mwc":2500,"ctm":false},{"mi":"2421","s":"Medovukha","pi":"1502","v":481324,"q":34.34,"c":119.36,"tl":19.0,"ir":[{"cn":"Ellipsis","pi":"1481","ui":"3781764","t":30361,"r":20755,"q":1.01,"p":50.0,"mot":"U","mo":0.0},{"cn":"Luna","pi":"423151","ui":"3455119","t":48045482,"r":48005442,"q":24.39,"p":110.0,"mot":"L","mo":40000.0}],"mwc":2500,"ctm":false},{"mi":"2421","s":"Medovukha","pi":"1502","v":481324,"q":36.54,"c":166.86,"tl":19.0,"ir":[{"cn":"MAC Finance Limited","pi":"1481","ui":"3778194","t":3179,"r":2379,"q":1.0,"p":1000.0,"mot":"U","mo":0.0},{"cn":"Luna","pi":"423151","ui":"3467276","t":54884882,"r":54739257,"q":27.61,"p":110.0,"mot":"L","mo":40000.0}],"mwc":2500,"ctm":false},{"mi":"2421","s":"Medovukha","pi":"1502","v":505390,"q":37.77,"c":119.03,"tl":20.0,"ir":[{"cn":"Ellipsis","pi":"1481","ui":"3781764","t":30361,"r":20755,"q":1.01,"p":50.0,"mot":"U","mo":0.0},{"cn":"Luna","pi":"423151","ui":"3467276","t":54884882,"r":54739257,"q":27.61,"p":110.0,"mot":"L","mo":40000.0}],"mwc":2500,"ctm":true},{"mi":"2421","s":"Medovukha","pi":"1502","v":505390,"q":35.51,"c":119.03,"tl":20.0,"ir":[{"cn":"Ellipsis","pi":"1481","ui":"3781764","t":30361,"r":20755,"q":1.01,"p":50.0,"mot":"U","mo":0.0},{"cn":"Luna","pi":"423151","ui":"3455119","t":48045482,"r":48005442,"q":24.39,"p":110.0,"mot":"L","mo":40000.0}],"mwc":2500,"ctm":false},{"mi":"2421","s":"Medovukha","pi":"1502","v":505390,"q":37.77,"c":166.53,"tl":20.0,"ir":[{"cn":"MAC Finance Limited","pi":"1481","ui":"3778194","t":3179,"r":2379,"q":1.0,"p":1000.0,"mot":"U","mo":0.0},{"cn":"Luna","pi":"423151","ui":"3467276","t":54884882,"r":54739257,"q":27.61,"p":110.0,"mot":"L","mo":40000.0}],"mwc":2500,"ctm":false},{"mi":"2421","s":"Medovukha","pi":"1502","v":530660,"q":38.99,"c":118.72,"tl":21.0,"ir":[{"cn":"Ellipsis","pi":"1481","ui":"3781764","t":30361,"r":20755,"q":1.01,"p":50.0,"mot":"U","mo":0.0},{"cn":"Luna","pi":"423151","ui":"3467276","t":54884882,"r":54739257,"q":27.61,"p":110.0,"mot":"L","mo":40000.0}],"mwc":2500,"ctm":true},{"mi":"2421","s":"Medovukha","pi":"1502","v":530660,"q":36.65,"c":118.72,"tl":21.0,"ir":[{"cn":"Ellipsis","pi":"1481","ui":"3781764","t":30361,"r":20755,"q":1.01,"p":50.0,"mot":"U","mo":0.0},{"cn":"Luna","pi":"423151","ui":"3455119","t":48045482,"r":48005442,"q":24.39,"p":110.0,"mot":"L","mo":40000.0}],"mwc":2500,"ctm":false},{"mi":"2421","s":"Medovukha","pi":"1502","v":530660,"q":38.99,"c":166.22,"tl":21.0,"ir":[{"cn":"MAC Finance Limited","pi":"1481","ui":"3778194","t":3179,"r":2379,"q":1.0,"p":1000.0,"mot":"U","mo":0.0},{"cn":"Luna","pi":"423151","ui":"3467276","t":54884882,"r":54739257,"q":27.61,"p":110.0,"mot":"L","mo":40000.0}],"mwc":2500,"ctm":false},{"mi":"2421","s":"Medovukha","pi":"1502","v":557193,"q":40.19,"c":118.42,"tl":22.0,"ir":[{"cn":"Ellipsis","pi":"1481","ui":"3781764","t":30361,"r":20755,"q":1.01,"p":50.0,"mot":"U","mo":0.0},{"cn":"Luna","pi":"423151","ui":"3467276","t":54884882,"r":54739257,"q":27.61,"p":110.0,"mot":"L","mo":40000.0}],"mwc":2500,"ctm":true},{"mi":"2421","s":"Medovukha","pi":"1502","v":557193,"q":37.78,"c":118.42,"tl":22.0,"ir":[{"cn":"Ellipsis","pi":"1481","ui":"3781764","t":30361,"r":20755,"q":1.01,"p":50.0,"mot":"U","mo":0.0},{"cn":"Luna","pi":"423151","ui":"3455119","t":48045482,"r":48005442,"q":24.39,"p":110.0,"mot":"L","mo":40000.0}],"mwc":2500,"ctm":true},{"mi":"2421","s":"Medovukha","pi":"1502","v":557193,"q":40.19,"c":165.92,"tl":22.0,"ir":[{"cn":"MAC Finance Limited","pi":"1481","ui":"3778194","t":3179,"r":2379,"q":1.0,"p":1000.0,"mot":"U","mo":0.0},{"cn":"Luna","pi":"423151","ui":"3467276","t":54884882,"r":54739257,"q":27.61,"p":110.0,"mot":"L","mo":40000.0}],"mwc":2500,"ctm":false},{"mi":"2421","s":"Medovukha","pi":"1502","v":585052,"q":41.37,"c":118.14,"tl":23.0,"ir":[{"cn":"Ellipsis","pi":"1481","ui":"3781764","t":30361,"r":20755,"q":1.01,"p":50.0,"mot":"U","mo":0.0},{"cn":"Luna","pi":"423151","ui":"3467276","t":54884882,"r":54739257,"q":27.61,"p":110.0,"mot":"L","mo":40000.0}],"mwc":2500,"ctm":true},{"mi":"2421","s":"Medovukha","pi":"1502","v":585052,"q":38.88,"c":118.14,"tl":23.0,"ir":[{"cn":"Ellipsis","pi":"1481","ui":"3781764","t":30361,"r":20755,"q":1.01,"p":50.0,"mot":"U","mo":0.0},{"cn":"Luna","pi":"423151","ui":"3455119","t":48045482,"r":48005442,"q":24.39,"p":110.0,"mot":"L","mo":40000.0}],"mwc":2500,"ctm":true},{"mi":"2421","s":"Medovukha","pi":"1502","v":585052,"q":41.37,"c":165.64,"tl":23.0,"ir":[{"cn":"MAC Finance Limited","pi":"1481","ui":"3778194","t":3179,"r":2379,"q":1.0,"p":1000.0,"mot":"U","mo":0.0},{"cn":"Luna","pi":"423151","ui":"3467276","t":54884882,"r":54739257,"q":27.61,"p":110.0,"mot":"L","mo":40000.0}],"mwc":2500,"ctm":false},{"mi":"3903","s":"Energetic drinks","pi":"380007","v":1885649,"q":24.2,"c":3.23,"tl":14.0,"ir":[{"cn":"Maxi-Co LTD","pi":"380003","ui":"3186559","t":69434923,"r":68889533,"q":18.56,"p":0.4,"mot":"U","mo":0.0},{"cn":"B-Easy Limited","pi":"1491","ui":"3771658","t":9874433,"r":9068213,"q":17.99,"p":9.0,"mot":"U","mo":0.0},{"cn":"Maxi-Co LTD","pi":"1471","ui":"3252159","t":272812,"r":13244,"q":36.53,"p":50.0,"mot":"U","mo":0.0}],"mwc":2500,"ctm":true},{"mi":"3903","s":"Energetic drinks","pi":"380007","v":1885649,"q":24.26,"c":3.28,"tl":14.0,"ir":[{"cn":"Maxi-Co LTD","pi":"380003","ui":"3186559","t":69434923,"r":68889533,"q":18.56,"p":0.4,"mot":"U","mo":0.0},{"cn":"T9","pi":"1491","ui":"3765569","t":14955048,"r":14151243,"q":18.26,"p":9.5,"mot":"U","mo":0.0},{"cn":"Maxi-Co LTD","pi":"1471","ui":"3252159","t":272812,"r":13244,"q":36.53,"p":50.0,"mot":"U","mo":0.0}],"mwc":2500,"ctm":true},{"mi":"2412","s":"Jeans","pi":"422203","v":85517,"q":25.29,"c":80.59,"tl":12.0,"ir":[{"cn":"Maxi-Co LTD","pi":"312796","ui":"3178854","t":651963,"r":358285,"q":59.23,"p":21.0,"mot":"U","mo":0.0}],"mwc":5000,"ctm":true},{"mi":"2412","s":"Jeans","pi":"422203","v":89793,"q":28.06,"c":78.75,"tl":13.0,"ir":[{"cn":"Maxi-Co LTD","pi":"312796","ui":"3178854","t":651963,"r":358285,"q":59.23,"p":21.0,"mot":"U","mo":0.0}],"mwc":5000,"ctm":true},{"mi":"2412","s":"Jeans","pi":"422203","v":94282,"q":30.9,"c":77.0,"tl":14.0,"ir":[{"cn":"Maxi-Co LTD","pi":"312796","ui":"3178854","t":651963,"r":358285,"q":59.23,"p":21.0,"mot":"U","mo":0.0}],"mwc":5000,"ctm":true},{"mi":"2412","s":"Jeans","pi":"422203","v":98997,"q":33.8,"c":75.33,"tl":15.0,"ir":[{"cn":"Maxi-Co LTD","pi":"312796","ui":"3178854","t":651963,"r":358285,"q":59.23,"p":21.0,"mot":"U","mo":0.0}],"mwc":5000,"ctm":true},{"mi":"2435","s":"Mobile phones","pi":"1517","v":46305,"q":6.06,"c":180.87,"tl":4.0,"ir":[{"cn":"B-Easy Limited","pi":"1477","ui":"3786667","t":11730,"r":10370,"q":1.1,"p":298.0,"mot":"U","mo":0.0},{"cn":"hj corp","pi":"1485","ui":"2687732","t":8701,"r":5300,"q":16.38,"p":500.0,"mot":"U","mo":0.0}],"mwc":5000,"ctm":true},{"mi":"2435","s":"Mobile phones","pi":"1517","v":46305,"q":6.06,"c":196.37,"tl":4.0,"ir":[{"cn":"B-Easy Limited","pi":"1477","ui":"3786667","t":11730,"r":10370,"q":1.1,"p":298.0,"mot":"U","mo":0.0},{"cn":"Nadeau Corporation","pi":"1485","ui":"3733495","t":1026310,"r":969613,"q":17.54,"p":655.0,"mot":"U","mo":0.0}],"mwc":5000,"ctm":true},{"mi":"2435","s":"Mobile phones","pi":"1517","v":46305,"q":6.06,"c":210.87,"tl":4.0,"ir":[{"cn":"B-Easy Limited","pi":"1477","ui":"3786667","t":11730,"r":10370,"q":1.1,"p":298.0,"mot":"U","mo":0.0},{"cn":"Лабиринт","pi":"1485","ui":"3585280","t":2013585,"r":2005585,"q":18.88,"p":800.0,"mot":"U","mo":0.0}],"mwc":5000,"ctm":true},{"mi":"2435","s":"Mobile phones","pi":"1517","v":48620,"q":7.08,"c":177.47,"tl":5.0,"ir":[{"cn":"B-Easy Limited","pi":"1477","ui":"3786667","t":11730,"r":10370,"q":1.1,"p":298.0,"mot":"U","mo":0.0},{"cn":"hj corp","pi":"1485","ui":"2687732","t":8701,"r":5300,"q":16.38,"p":500.0,"mot":"U","mo":0.0}],"mwc":5000,"ctm":true},{"mi":"2435","s":"Mobile phones","pi":"1517","v":48620,"q":7.3,"c":192.97,"tl":5.0,"ir":[{"cn":"B-Easy Limited","pi":"1477","ui":"3786667","t":11730,"r":10370,"q":1.1,"p":298.0,"mot":"U","mo":0.0},{"cn":"Nadeau Corporation","pi":"1485","ui":"3733495","t":1026310,"r":969613,"q":17.54,"p":655.0,"mot":"U","mo":0.0}],"mwc":5000,"ctm":true},{"mi":"2435","s":"Mobile phones","pi":"1517","v":48620,"q":7.55,"c":207.47,"tl":5.0,"ir":[{"cn":"B-Easy Limited","pi":"1477","ui":"3786667","t":11730,"r":10370,"q":1.1,"p":298.0,"mot":"U","mo":0.0},{"cn":"Лабиринт","pi":"1485","ui":"3585280","t":2013585,"r":2005585,"q":18.88,"p":800.0,"mot":"U","mo":0.0}],"mwc":5000,"ctm":true},{"mi":"2435","s":"Mobile phones","pi":"1517","v":51051,"q":7.98,"c":174.24,"tl":6.0,"ir":[{"cn":"B-Easy Limited","pi":"1477","ui":"3786667","t":11730,"r":10370,"q":1.1,"p":298.0,"mot":"U","mo":0.0},{"cn":"hj corp","pi":"1485","ui":"2687732","t":8701,"r":5300,"q":16.38,"p":500.0,"mot":"U","mo":0.0}],"mwc":5000,"ctm":true},{"mi":"2435","s":"Mobile phones","pi":"1517","v":51051,"q":8.22,"c":189.74,"tl":6.0,"ir":[{"cn":"B-Easy Limited","pi":"1477","ui":"3786667","t":11730,"r":10370,"q":1.1,"p":298.0,"mot":"U","mo":0.0},{"cn":"Nadeau Corporation","pi":"1485","ui":"3733495","t":1026310,"r":969613,"q":17.54,"p":655.0,"mot":"U","mo":0.0}],"mwc":5000,"ctm":true},{"mi":"2435","s":"Mobile phones","pi":"1517","v":51051,"q":9.42,"c":224.24,"tl":6.0,"ir":[{"cn":"B-Easy Limited","pi":"1477","ui":"3786667","t":11730,"r":10370,"q":1.1,"p":298.0,"mot":"U","mo":0.0},{"cn":"hj corp","pi":"1485","ui":"3270794","t":3064,"r":564,"q":23.71,"p":1000.0,"mot":"U","mo":0.0}],"mwc":5000,"ctm":true},{"mi":"2435","s":"Mobile phones","pi":"1517","v":53604,"q":8.82,"c":171.16,"tl":7.0,"ir":[{"cn":"B-Easy Limited","pi":"1477","ui":"3786667","t":11730,"r":10370,"q":1.1,"p":298.0,"mot":"U","mo":0.0},{"cn":"hj corp","pi":"1485","ui":"2687732","t":8701,"r":5300,"q":16.38,"p":500.0,"mot":"U","mo":0.0}],"mwc":5000,"ctm":true},{"mi":"2435","s":"Mobile phones","pi":"1517","v":53604,"q":9.09,"c":186.66,"tl":7.0,"ir":[{"cn":"B-Easy Limited","pi":"1477","ui":"3786667","t":11730,"r":10370,"q":1.1,"p":298.0,"mot":"U","mo":0.0},{"cn":"Nadeau Corporation","pi":"1485","ui":"3733495","t":1026310,"r":969613,"q":17.54,"p":655.0,"mot":"U","mo":0.0}],"mwc":5000,"ctm":true},{"mi":"2435","s":"Mobile phones","pi":"1517","v":53604,"q":10.41,"c":221.16,"tl":7.0,"ir":[{"cn":"B-Easy Limited","pi":"1477","ui":"3786667","t":11730,"r":10370,"q":1.1,"p":298.0,"mot":"U","mo":0.0},{"cn":"hj corp","pi":"1485","ui":"3270794","t":3064,"r":564,"q":23.71,"p":1000.0,"mot":"U","mo":0.0}],"mwc":5000,"ctm":true},{"mi":"2435","s":"Mobile phones","pi":"1517","v":56284,"q":9.62,"c":168.23,"tl":8.0,"ir":[{"cn":"B-Easy Limited","pi":"1477","ui":"3786667","t":11730,"r":10370,"q":1.1,"p":298.0,"mot":"U","mo":0.0},{"cn":"hj corp","pi":"1485","ui":"2687732","t":8701,"r":5300,"q":16.38,"p":500.0,"mot":"U","mo":0.0}],"mwc":5000,"ctm":true},{"mi":"2435","s":"Mobile phones","pi":"1517","v":56284,"q":9.91,"c":183.73,"tl":8.0,"ir":[{"cn":"B-Easy Limited","pi":"1477","ui":"3786667","t":11730,"r":10370,"q":1.1,"p":298.0,"mot":"U","mo":0.0},{"cn":"Nadeau Corporation","pi":"1485","ui":"3733495","t":1026310,"r":969613,"q":17.54,"p":655.0,"mot":"U","mo":0.0}],"mwc":5000,"ctm":true},{"mi":"2435","s":"Mobile phones","pi":"1517","v":56284,"q":11.35,"c":218.23,"tl":8.0,"ir":[{"cn":"B-Easy Limited","pi":"1477","ui":"3786667","t":11730,"r":10370,"q":1.1,"p":298.0,"mot":"U","mo":0.0},{"cn":"hj corp","pi":"1485","ui":"3270794","t":3064,"r":564,"q":23.71,"p":1000.0,"mot":"U","mo":0.0}],"mwc":5000,"ctm":true},{"mi":"2435","s":"Mobile phones","pi":"1517","v":59098,"q":10.38,"c":165.44,"tl":9.0,"ir":[{"cn":"B-Easy Limited","pi":"1477","ui":"3786667","t":11730,"r":10370,"q":1.1,"p":298.0,"mot":"U","mo":0.0},{"cn":"hj corp","pi":"1485","ui":"2687732","t":8701,"r":5300,"q":16.38,"p":500.0,"mot":"U","mo":0.0}],"mwc":5000,"ctm":true},{"mi":"2435","s":"Mobile phones","pi":"1517","v":59098,"q":10.7,"c":180.94,"tl":9.0,"ir":[{"cn":"B-Easy Limited","pi":"1477","ui":"3786667","t":11730,"r":10370,"q":1.1,"p":298.0,"mot":"U","mo":0.0},{"cn":"Nadeau Corporation","pi":"1485","ui":"3733495","t":1026310,"r":969613,"q":17.54,"p":655.0,"mot":"U","mo":0.0}],"mwc":5000,"ctm":true},{"mi":"2435","s":"Mobile phones","pi":"1517","v":59098,"q":12.26,"c":215.44,"tl":9.0,"ir":[{"cn":"B-Easy Limited","pi":"1477","ui":"3786667","t":11730,"r":10370,"q":1.1,"p":298.0,"mot":"U","mo":0.0},{"cn":"hj corp","pi":"1485","ui":"3270794","t":3064,"r":564,"q":23.71,"p":1000.0,"mot":"U","mo":0.0}],"mwc":5000,"ctm":true},{"mi":"2435","s":"Mobile phones","pi":"1517","v":62053,"q":11.12,"c":162.78,"tl":10.0,"ir":[{"cn":"B-Easy Limited","pi":"1477","ui":"3786667","t":11730,"r":10370,"q":1.1,"p":298.0,"mot":"U","mo":0.0},{"cn":"hj corp","pi":"1485","ui":"2687732","t":8701,"r":5300,"q":16.38,"p":500.0,"mot":"U","mo":0.0}],"mwc":5000,"ctm":true},{"mi":"2435","s":"Mobile phones","pi":"1517","v":62053,"q":11.46,"c":178.28,"tl":10.0,"ir":[{"cn":"B-Easy Limited","pi":"1477","ui":"3786667","t":11730,"r":10370,"q":1.1,"p":298.0,"mot":"U","mo":0.0},{"cn":"Nadeau Corporation","pi":"1485","ui":"3733495","t":1026310,"r":969613,"q":17.54,"p":655.0,"mot":"U","mo":0.0}],"mwc":5000,"ctm":true},{"mi":"2435","s":"Mobile phones","pi":"1517","v":62053,"q":13.13,"c":212.78,"tl":10.0,"ir":[{"cn":"B-Easy Limited","pi":"1477","ui":"3786667","t":11730,"r":10370,"q":1.1,"p":298.0,"mot":"U","mo":0.0},{"cn":"hj corp","pi":"1485","ui":"3270794","t":3064,"r":564,"q":23.71,"p":1000.0,"mot":"U","mo":0.0}],"mwc":5000,"ctm":true},{"mi":"2435","s":"Mobile phones","pi":"1517","v":65156,"q":11.83,"c":160.25,"tl":11.0,"ir":[{"cn":"B-Easy Limited","pi":"1477","ui":"3786667","t":11730,"r":10370,"q":1.1,"p":298.0,"mot":"U","mo":0.0},{"cn":"hj corp","pi":"1485","ui":"2687732","t":8701,"r":5300,"q":16.38,"p":500.0,"mot":"U","mo":0.0}],"mwc":5000,"ctm":true},{"mi":"2435","s":"Mobile phones","pi":"1517","v":65156,"q":12.19,"c":175.75,"tl":11.0,"ir":[{"cn":"B-Easy Limited","pi":"1477","ui":"3786667","t":11730,"r":10370,"q":1.1,"p":298.0,"mot":"U","mo":0.0},{"cn":"Nadeau Corporation","pi":"1485","ui":"3733495","t":1026310,"r":969613,"q":17.54,"p":655.0,"mot":"U","mo":0.0}],"mwc":5000,"ctm":true},{"mi":"2435","s":"Mobile phones","pi":"1517","v":65156,"q":13.97,"c":210.25,"tl":11.0,"ir":[{"cn":"B-Easy Limited","pi":"1477","ui":"3786667","t":11730,"r":10370,"q":1.1,"p":298.0,"mot":"U","mo":0.0},{"cn":"hj corp","pi":"1485","ui":"3270794","t":3064,"r":564,"q":23.71,"p":1000.0,"mot":"U","mo":0.0}],"mwc":5000,"ctm":true},{"mi":"2435","s":"Mobile phones","pi":"1517","v":68414,"q":12.51,"c":157.84,"tl":12.0,"ir":[{"cn":"B-Easy Limited","pi":"1477","ui":"3786667","t":11730,"r":10370,"q":1.1,"p":298.0,"mot":"U","mo":0.0},{"cn":"hj corp","pi":"1485","ui":"2687732","t":8701,"r":5300,"q":16.38,"p":500.0,"mot":"U","mo":0.0}],"mwc":5000,"ctm":true},{"mi":"2435","s":"Mobile phones","pi":"1517","v":68414,"q":12.9,"c":173.34,"tl":12.0,"ir":[{"cn":"B-Easy Limited","pi":"1477","ui":"3786667","t":11730,"r":10370,"q":1.1,"p":298.0,"mot":"U","mo":0.0},{"cn":"Nadeau Corporation","pi":"1485","ui":"3733495","t":1026310,"r":969613,"q":17.54,"p":655.0,"mot":"U","mo":0.0}],"mwc":5000,"ctm":true},{"mi":"2435","s":"Mobile phones","pi":"1517","v":68414,"q":14.78,"c":207.84,"tl":12.0,"ir":[{"cn":"B-Easy Limited","pi":"1477","ui":"3786667","t":11730,"r":10370,"q":1.1,"p":298.0,"mot":"U","mo":0.0},{"cn":"hj corp","pi":"1485","ui":"3270794","t":3064,"r":564,"q":23.71,"p":1000.0,"mot":"U","mo":0.0}],"mwc":5000,"ctm":true},{"mi":"2435","s":"Mobile phones","pi":"1517","v":71834,"q":13.18,"c":155.54,"tl":13.0,"ir":[{"cn":"B-Easy Limited","pi":"1477","ui":"3786667","t":11730,"r":10370,"q":1.1,"p":298.0,"mot":"U","mo":0.0},{"cn":"hj corp","pi":"1485","ui":"2687732","t":8701,"r":5300,"q":16.38,"p":500.0,"mot":"U","mo":0.0}],"mwc":5000,"ctm":true},{"mi":"2435","s":"Mobile phones","pi":"1517","v":71834,"q":13.59,"c":171.04,"tl":13.0,"ir":[{"cn":"B-Easy Limited","pi":"1477","ui":"3786667","t":11730,"r":10370,"q":1.1,"p":298.0,"mot":"U","mo":0.0},{"cn":"Nadeau Corporation","pi":"1485","ui":"3733495","t":1026310,"r":969613,"q":17.54,"p":655.0,"mot":"U","mo":0.0}],"mwc":5000,"ctm":true},{"mi":"2435","s":"Mobile phones","pi":"1517","v":71834,"q":15.57,"c":205.54,"tl":13.0,"ir":[{"cn":"B-Easy Limited","pi":"1477","ui":"3786667","t":11730,"r":10370,"q":1.1,"p":298.0,"mot":"U","mo":0.0},{"cn":"hj corp","pi":"1485","ui":"3270794","t":3064,"r":564,"q":23.71,"p":1000.0,"mot":"U","mo":0.0}],"mwc":5000,"ctm":true},{"mi":"2435","s":"Mobile phones","pi":"1517","v":75426,"q":13.83,"c":153.35,"tl":14.0,"ir":[{"cn":"B-Easy Limited","pi":"1477","ui":"3786667","t":11730,"r":10370,"q":1.1,"p":298.0,"mot":"U","mo":0.0},{"cn":"hj corp","pi":"1485","ui":"2687732","t":8701,"r":5300,"q":16.38,"p":500.0,"mot":"U","mo":0.0}],"mwc":5000,"ctm":true},{"mi":"2435","s":"Mobile phones","pi":"1517","v":75426,"q":14.26,"c":168.85,"tl":14.0,"ir":[{"cn":"B-Easy Limited","pi":"1477","ui":"3786667","t":11730,"r":10370,"q":1.1,"p":298.0,"mot":"U","mo":0.0},{"cn":"Nadeau Corporation","pi":"1485","ui":"3733495","t":1026310,"r":969613,"q":17.54,"p":655.0,"mot":"U","mo":0.0}],"mwc":5000,"ctm":true},{"mi":"2435","s":"Mobile phones","pi":"1517","v":75426,"q":14.74,"c":183.35,"tl":14.0,"ir":[{"cn":"B-Easy Limited","pi":"1477","ui":"3786667","t":11730,"r":10370,"q":1.1,"p":298.0,"mot":"U","mo":0.0},{"cn":"Лабиринт","pi":"1485","ui":"3585280","t":2013585,"r":2005585,"q":18.88,"p":800.0,"mot":"U","mo":0.0}],"mwc":5000,"ctm":true},{"mi":"2435","s":"Mobile phones","pi":"1517","v":79197,"q":14.47,"c":151.27,"tl":15.0,"ir":[{"cn":"B-Easy Limited","pi":"1477","ui":"3786667","t":11730,"r":10370,"q":1.1,"p":298.0,"mot":"U","mo":0.0},{"cn":"hj corp","pi":"1485","ui":"2687732","t":8701,"r":5300,"q":16.38,"p":500.0,"mot":"U","mo":0.0}],"mwc":5000,"ctm":true},{"mi":"2435","s":"Mobile phones","pi":"1517","v":79197,"q":14.91,"c":166.77,"tl":15.0,"ir":[{"cn":"B-Easy Limited","pi":"1477","ui":"3786667","t":11730,"r":10370,"q":1.1,"p":298.0,"mot":"U","mo":0.0},{"cn":"Nadeau Corporation","pi":"1485","ui":"3733495","t":1026310,"r":969613,"q":17.54,"p":655.0,"mot":"U","mo":0.0}],"mwc":5000,"ctm":true},{"mi":"2435","s":"Mobile phones","pi":"1517","v":79197,"q":15.41,"c":181.27,"tl":15.0,"ir":[{"cn":"B-Easy Limited","pi":"1477","ui":"3786667","t":11730,"r":10370,"q":1.1,"p":298.0,"mot":"U","mo":0.0},{"cn":"Лабиринт","pi":"1485","ui":"3585280","t":2013585,"r":2005585,"q":18.88,"p":800.0,"mot":"U","mo":0.0}],"mwc":5000,"ctm":true},{"mi":"2435","s":"Mobile phones","pi":"1517","v":83157,"q":15.09,"c":149.28,"tl":16.0,"ir":[{"cn":"B-Easy Limited","pi":"1477","ui":"3786667","t":11730,"r":10370,"q":1.1,"p":298.0,"mot":"U","mo":0.0},{"cn":"hj corp","pi":"1485","ui":"2687732","t":8701,"r":5300,"q":16.38,"p":500.0,"mot":"U","mo":0.0}],"mwc":5000,"ctm":true},{"mi":"2435","s":"Mobile phones","pi":"1517","v":83157,"q":15.55,"c":164.78,"tl":16.0,"ir":[{"cn":"B-Easy Limited","pi":"1477","ui":"3786667","t":11730,"r":10370,"q":1.1,"p":298.0,"mot":"U","mo":0.0},{"cn":"Nadeau Corporation","pi":"1485","ui":"3733495","t":1026310,"r":969613,"q":17.54,"p":655.0,"mot":"U","mo":0.0}],"mwc":5000,"ctm":true},{"mi":"2435","s":"Mobile phones","pi":"1517","v":83157,"q":16.07,"c":179.28,"tl":16.0,"ir":[{"cn":"B-Easy Limited","pi":"1477","ui":"3786667","t":11730,"r":10370,"q":1.1,"p":298.0,"mot":"U","mo":0.0},{"cn":"Лабиринт","pi":"1485","ui":"3585280","t":2013585,"r":2005585,"q":18.88,"p":800.0,"mot":"U","mo":0.0}],"mwc":5000,"ctm":true},{"mi":"2435","s":"Mobile phones","pi":"1517","v":87315,"q":15.69,"c":147.39,"tl":17.0,"ir":[{"cn":"B-Easy Limited","pi":"1477","ui":"3786667","t":11730,"r":10370,"q":1.1,"p":298.0,"mot":"U","mo":0.0},{"cn":"hj corp","pi":"1485","ui":"2687732","t":8701,"r":5300,"q":16.38,"p":500.0,"mot":"U","mo":0.0}],"mwc":5000,"ctm":true},{"mi":"2435","s":"Mobile phones","pi":"1517","v":87315,"q":16.18,"c":162.89,"tl":17.0,"ir":[{"cn":"B-Easy Limited","pi":"1477","ui":"3786667","t":11730,"r":10370,"q":1.1,"p":298.0,"mot":"U","mo":0.0},{"cn":"Nadeau Corporation","pi":"1485","ui":"3733495","t":1026310,"r":969613,"q":17.54,"p":655.0,"mot":"U","mo":0.0}],"mwc":5000,"ctm":true},{"mi":"2435","s":"Mobile phones","pi":"1517","v":87315,"q":16.72,"c":177.39,"tl":17.0,"ir":[{"cn":"B-Easy Limited","pi":"1477","ui":"3786667","t":11730,"r":10370,"q":1.1,"p":298.0,"mot":"U","mo":0.0},{"cn":"Лабиринт","pi":"1485","ui":"3585280","t":2013585,"r":2005585,"q":18.88,"p":800.0,"mot":"U","mo":0.0}],"mwc":5000,"ctm":true},{"mi":"2435","s":"Mobile phones","pi":"1517","v":91681,"q":16.29,"c":145.59,"tl":18.0,"ir":[{"cn":"B-Easy Limited","pi":"1477","ui":"3786667","t":11730,"r":10370,"q":1.1,"p":298.0,"mot":"U","mo":0.0},{"cn":"hj corp","pi":"1485","ui":"2687732","t":8701,"r":5300,"q":16.38,"p":500.0,"mot":"U","mo":0.0}],"mwc":5000,"ctm":true},{"mi":"2435","s":"Mobile phones","pi":"1517","v":91681,"q":16.79,"c":161.09,"tl":18.0,"ir":[{"cn":"B-Easy Limited","pi":"1477","ui":"3786667","t":11730,"r":10370,"q":1.1,"p":298.0,"mot":"U","mo":0.0},{"cn":"Nadeau Corporation","pi":"1485","ui":"3733495","t":1026310,"r":969613,"q":17.54,"p":655.0,"mot":"U","mo":0.0}],"mwc":5000,"ctm":true},{"mi":"2435","s":"Mobile phones","pi":"1517","v":91681,"q":17.35,"c":175.59,"tl":18.0,"ir":[{"cn":"B-Easy Limited","pi":"1477","ui":"3786667","t":11730,"r":10370,"q":1.1,"p":298.0,"mot":"U","mo":0.0},{"cn":"Лабиринт","pi":"1485","ui":"3585280","t":2013585,"r":2005585,"q":18.88,"p":800.0,"mot":"U","mo":0.0}],"mwc":5000,"ctm":true},{"mi":"2435","s":"Mobile phones","pi":"1517","v":96265,"q":16.87,"c":143.88,"tl":19.0,"ir":[{"cn":"B-Easy Limited","pi":"1477","ui":"3786667","t":11730,"r":10370,"q":1.1,"p":298.0,"mot":"U","mo":0.0},{"cn":"hj corp","pi":"1485","ui":"2687732","t":8701,"r":5300,"q":16.38,"p":500.0,"mot":"U","mo":0.0}],"mwc":5000,"ctm":true},{"mi":"2435","s":"Mobile phones","pi":"1517","v":96265,"q":17.39,"c":159.38,"tl":19.0,"ir":[{"cn":"B-Easy Limited","pi":"1477","ui":"3786667","t":11730,"r":10370,"q":1.1,"p":298.0,"mot":"U","mo":0.0},{"cn":"Nadeau Corporation","pi":"1485","ui":"3733495","t":1026310,"r":969613,"q":17.54,"p":655.0,"mot":"U","mo":0.0}],"mwc":5000,"ctm":true},{"mi":"2435","s":"Mobile phones","pi":"1517","v":96265,"q":17.97,"c":173.88,"tl":19.0,"ir":[{"cn":"B-Easy Limited","pi":"1477","ui":"3786667","t":11730,"r":10370,"q":1.1,"p":298.0,"mot":"U","mo":0.0},{"cn":"Лабиринт","pi":"1485","ui":"3585280","t":2013585,"r":2005585,"q":18.88,"p":800.0,"mot":"U","mo":0.0}],"mwc":5000,"ctm":true},{"mi":"2435","s":"Mobile phones","pi":"1517","v":101078,"q":17.44,"c":142.25,"tl":20.0,"ir":[{"cn":"B-Easy Limited","pi":"1477","ui":"3786667","t":11730,"r":10370,"q":1.1,"p":298.0,"mot":"U","mo":0.0},{"cn":"hj corp","pi":"1485","ui":"2687732","t":8701,"r":5300,"q":16.38,"p":500.0,"mot":"U","mo":0.0}],"mwc":5000,"ctm":true},{"mi":"2435","s":"Mobile phones","pi":"1517","v":101078,"q":17.98,"c":157.75,"tl":20.0,"ir":[{"cn":"B-Easy Limited","pi":"1477","ui":"3786667","t":11730,"r":10370,"q":1.1,"p":298.0,"mot":"U","mo":0.0},{"cn":"Nadeau Corporation","pi":"1485","ui":"3733495","t":1026310,"r":969613,"q":17.54,"p":655.0,"mot":"U","mo":0.0}],"mwc":5000,"ctm":true},{"mi":"2435","s":"Mobile phones","pi":"1517","v":101078,"q":18.58,"c":172.25,"tl":20.0,"ir":[{"cn":"B-Easy Limited","pi":"1477","ui":"3786667","t":11730,"r":10370,"q":1.1,"p":298.0,"mot":"U","mo":0.0},{"cn":"Лабиринт","pi":"1485","ui":"3585280","t":2013585,"r":2005585,"q":18.88,"p":800.0,"mot":"U","mo":0.0}],"mwc":5000,"ctm":true},{"mi":"2411","s":"Journals","pi":"1522","v":2078928,"q":110.28,"c":2.76,"tl":16.0,"ir":[{"cn":"Maxi-Co LTD","pi":"1476","ui":"3235830","t":1485708,"r":1165204,"q":40.08,"p":10.99,"mot":"U","mo":0.0},{"cn":"Parex","pi":"1472","ui":"3625039","t":4160957,"r":4123330,"q":44.93,"p":3.0,"mot":"U","mo":0.0}],"mwc":2500,"ctm":true},{"mi":"2411","s":"Journals","pi":"1522","v":2078928,"q":110.28,"c":2.81,"tl":16.0,"ir":[{"cn":"Parex","pi":"1476","ui":"3625039","t":9208,"r":2526,"q":51.01,"p":13.0,"mot":"U","mo":0.0},{"cn":"Parex","pi":"1472","ui":"3625039","t":4160957,"r":4123330,"q":44.93,"p":3.0,"mot":"U","mo":0.0}],"mwc":2500,"ctm":true},{"mi":"2411","s":"Journals","pi":"1522","v":2078928,"q":110.28,"c":2.81,"tl":16.0,"ir":[{"cn":"WoodProf","pi":"1476","ui":"3725135","t":8810,"r":6810,"q":39.19,"p":13.0,"mot":"U","mo":0.0},{"cn":"Parex","pi":"1472","ui":"3625039","t":4160957,"r":4123330,"q":44.93,"p":3.0,"mot":"U","mo":0.0}],"mwc":2500,"ctm":true},{"mi":"2411","s":"Journals","pi":"1522","v":2182875,"q":119.32,"c":2.69,"tl":17.0,"ir":[{"cn":"Maxi-Co LTD","pi":"1476","ui":"3235830","t":1485708,"r":1165204,"q":40.08,"p":10.99,"mot":"U","mo":0.0},{"cn":"Parex","pi":"1472","ui":"3625039","t":4160957,"r":4123330,"q":44.93,"p":3.0,"mot":"U","mo":0.0}],"mwc":2500,"ctm":true},{"mi":"2411","s":"Journals","pi":"1522","v":2182875,"q":119.32,"c":2.74,"tl":17.0,"ir":[{"cn":"Parex","pi":"1476","ui":"3625039","t":9208,"r":2526,"q":51.01,"p":13.0,"mot":"U","mo":0.0},{"cn":"Parex","pi":"1472","ui":"3625039","t":4160957,"r":4123330,"q":44.93,"p":3.0,"mot":"U","mo":0.0}],"mwc":2500,"ctm":true},{"mi":"2411","s":"Journals","pi":"1522","v":2182875,"q":119.32,"c":2.74,"tl":17.0,"ir":[{"cn":"WoodProf","pi":"1476","ui":"3725135","t":8810,"r":6810,"q":39.19,"p":13.0,"mot":"U","mo":0.0},{"cn":"Parex","pi":"1472","ui":"3625039","t":4160957,"r":4123330,"q":44.93,"p":3.0,"mot":"U","mo":0.0}],"mwc":2500,"ctm":true},{"mi":"422467","s":"Lamp","pi":"422436","v":13401,"q":8.89,"c":2114.25,"tl":7.0,"ir":[{"cn":"EPIC TEAM","pi":"422435","ui":"3770585","t":14000,"r":14000,"q":1.0,"p":258.0,"mot":"U","mo":0.0},{"cn":"Maxi-Co LTD","pi":"370071","ui":"3499887","t":61289,"r":729,"q":28.86,"p":40.0,"mot":"U","mo":0.0},{"cn":"Preafericita Companie P.I.X. Sh","pi":"1477","ui":"3775999","t":8303,"r":5303,"q":5.62,"p":3200.0,"mot":"U","mo":0.0}],"mwc":5000,"ctm":true},{"mi":"422467","s":"Lamp","pi":"422436","v":13401,"q":8.89,"c":2155.25,"tl":7.0,"ir":[{"cn":"EPIC TEAM","pi":"422435","ui":"3787646","t":3000,"r":3000,"q":1.0,"p":299.0,"mot":"U","mo":0.0},{"cn":"Maxi-Co LTD","pi":"370071","ui":"3499887","t":61289,"r":729,"q":28.86,"p":40.0,"mot":"U","mo":0.0},{"cn":"Preafericita Companie P.I.X. Sh","pi":"1477","ui":"3775999","t":8303,"r":5303,"q":5.62,"p":3200.0,"mot":"U","mo":0.0}],"mwc":5000,"ctm":true},{"mi":"422467","s":"Lamp","pi":"422436","v":13401,"q":8.89,"c":2255.25,"tl":7.0,"ir":[{"cn":"B-Easy Limited","pi":"422435","ui":"3777134","t":86405,"r":86405,"q":1.0,"p":399.0,"mot":"U","mo":0.0},{"cn":"Maxi-Co LTD","pi":"370071","ui":"3499887","t":61289,"r":729,"q":28.86,"p":40.0,"mot":"U","mo":0.0},{"cn":"Preafericita Companie P.I.X. Sh","pi":"1477","ui":"3775999","t":8303,"r":5303,"q":5.62,"p":3200.0,"mot":"U","mo":0.0}],"mwc":5000,"ctm":true},{"mi":"3891","s":"TV-sets","pi":"3868","v":11025,"q":4.17,"c":723.32,"tl":3.0,"ir":[{"cn":"B-Easy Limited","pi":"1477","ui":"3786667","t":11730,"r":10370,"q":1.1,"p":298.0,"mot":"U","mo":0.0},{"cn":"hj corp","pi":"1485","ui":"2687732","t":8701,"r":5300,"q":16.38,"p":500.0,"mot":"U","mo":0.0},{"cn":"Ellipsis","pi":"1481","ui":"3781764","t":30361,"r":20755,"q":1.01,"p":50.0,"mot":"U","mo":0.0}],"mwc":5000,"ctm":true},{"mi":"3891","s":"TV-sets","pi":"3868","v":11025,"q":4.17,"c":800.82,"tl":3.0,"ir":[{"cn":"B-Easy Limited","pi":"1477","ui":"3786667","t":11730,"r":10370,"q":1.1,"p":298.0,"mot":"U","mo":0.0},{"cn":"Nadeau Corporation","pi":"1485","ui":"3733495","t":1026310,"r":969613,"q":17.54,"p":655.0,"mot":"U","mo":0.0},{"cn":"Ellipsis","pi":"1481","ui":"3781764","t":30361,"r":20755,"q":1.01,"p":50.0,"mot":"U","mo":0.0}],"mwc":5000,"ctm":true},{"mi":"3891","s":"TV-sets","pi":"3868","v":11025,"q":4.17,"c":873.32,"tl":3.0,"ir":[{"cn":"B-Easy Limited","pi":"1477","ui":"3786667","t":11730,"r":10370,"q":1.1,"p":298.0,"mot":"U","mo":0.0},{"cn":"Лабиринт","pi":"1485","ui":"3585280","t":2013585,"r":2005585,"q":18.88,"p":800.0,"mot":"U","mo":0.0},{"cn":"Ellipsis","pi":"1481","ui":"3781764","t":30361,"r":20755,"q":1.01,"p":50.0,"mot":"U","mo":0.0}],"mwc":5000,"ctm":true},{"mi":"3891","s":"TV-sets","pi":"3868","v":11576,"q":6.06,"c":709.07,"tl":4.0,"ir":[{"cn":"B-Easy Limited","pi":"1477","ui":"3786667","t":11730,"r":10370,"q":1.1,"p":298.0,"mot":"U","mo":0.0},{"cn":"hj corp","pi":"1485","ui":"2687732","t":8701,"r":5300,"q":16.38,"p":500.0,"mot":"U","mo":0.0},{"cn":"Ellipsis","pi":"1481","ui":"3781764","t":30361,"r":20755,"q":1.01,"p":50.0,"mot":"U","mo":0.0}],"mwc":5000,"ctm":true},{"mi":"3891","s":"TV-sets","pi":"3868","v":11576,"q":6.06,"c":786.57,"tl":4.0,"ir":[{"cn":"B-Easy Limited","pi":"1477","ui":"3786667","t":11730,"r":10370,"q":1.1,"p":298.0,"mot":"U","mo":0.0},{"cn":"Nadeau Corporation","pi":"1485","ui":"3733495","t":1026310,"r":969613,"q":17.54,"p":655.0,"mot":"U","mo":0.0},{"cn":"Ellipsis","pi":"1481","ui":"3781764","t":30361,"r":20755,"q":1.01,"p":50.0,"mot":"U","mo":0.0}],"mwc":5000,"ctm":true},{"mi":"3891","s":"TV-sets","pi":"3868","v":11576,"q":6.06,"c":859.07,"tl":4.0,"ir":[{"cn":"B-Easy Limited","pi":"1477","ui":"3786667","t":11730,"r":10370,"q":1.1,"p":298.0,"mot":"U","mo":0.0},{"cn":"Лабиринт","pi":"1485","ui":"3585280","t":2013585,"r":2005585,"q":18.88,"p":800.0,"mot":"U","mo":0.0},{"cn":"Ellipsis","pi":"1481","ui":"3781764","t":30361,"r":20755,"q":1.01,"p":50.0,"mot":"U","mo":0.0}],"mwc":5000,"ctm":true},{"mi":"3891","s":"TV-sets","pi":"3868","v":12155,"q":7.07,"c":695.49,"tl":5.0,"ir":[{"cn":"B-Easy Limited","pi":"1477","ui":"3786667","t":11730,"r":10370,"q":1.1,"p":298.0,"mot":"U","mo":0.0},{"cn":"hj corp","pi":"1485","ui":"2687732","t":8701,"r":5300,"q":16.38,"p":500.0,"mot":"U","mo":0.0},{"cn":"Ellipsis","pi":"1481","ui":"3781764","t":30361,"r":20755,"q":1.01,"p":50.0,"mot":"U","mo":0.0}],"mwc":5000,"ctm":true},{"mi":"3891","s":"TV-sets","pi":"3868","v":12155,"q":7.29,"c":772.99,"tl":5.0,"ir":[{"cn":"B-Easy Limited","pi":"1477","ui":"3786667","t":11730,"r":10370,"q":1.1,"p":298.0,"mot":"U","mo":0.0},{"cn":"Nadeau Corporation","pi":"1485","ui":"3733495","t":1026310,"r":969613,"q":17.54,"p":655.0,"mot":"U","mo":0.0},{"cn":"Ellipsis","pi":"1481","ui":"3781764","t":30361,"r":20755,"q":1.01,"p":50.0,"mot":"U","mo":0.0}],"mwc":5000,"ctm":true},{"mi":"3891","s":"TV-sets","pi":"3868","v":12155,"q":7.53,"c":845.49,"tl":5.0,"ir":[{"cn":"B-Easy Limited","pi":"1477","ui":"3786667","t":11730,"r":10370,"q":1.1,"p":298.0,"mot":"U","mo":0.0},{"cn":"Лабиринт","pi":"1485","ui":"3585280","t":2013585,"r":2005585,"q":18.88,"p":800.0,"mot":"U","mo":0.0},{"cn":"Ellipsis","pi":"1481","ui":"3781764","t":30361,"r":20755,"q":1.01,"p":50.0,"mot":"U","mo":0.0}],"mwc":5000,"ctm":true},{"mi":"3891","s":"TV-sets","pi":"3868","v":12763,"q":7.96,"c":682.56,"tl":6.0,"ir":[{"cn":"B-Easy Limited","pi":"1477","ui":"3786667","t":11730,"r":10370,"q":1.1,"p":298.0,"mot":"U","mo":0.0},{"cn":"hj corp","pi":"1485","ui":"2687732","t":8701,"r":5300,"q":16.38,"p":500.0,"mot":"U","mo":0.0},{"cn":"Ellipsis","pi":"1481","ui":"3781764","t":30361,"r":20755,"q":1.01,"p":50.0,"mot":"U","mo":0.0}],"mwc":5000,"ctm":true},{"mi":"3891","s":"TV-sets","pi":"3868","v":12763,"q":8.2,"c":760.06,"tl":6.0,"ir":[{"cn":"B-Easy Limited","pi":"1477","ui":"3786667","t":11730,"r":10370,"q":1.1,"p":298.0,"mot":"U","mo":0.0},{"cn":"Nadeau Corporation","pi":"1485","ui":"3733495","t":1026310,"r":969613,"q":17.54,"p":655.0,"mot":"U","mo":0.0},{"cn":"Ellipsis","pi":"1481","ui":"3781764","t":30361,"r":20755,"q":1.01,"p":50.0,"mot":"U","mo":0.0}],"mwc":5000,"ctm":true},{"mi":"3891","s":"TV-sets","pi":"3868","v":12763,"q":8.48,"c":832.56,"tl":6.0,"ir":[{"cn":"B-Easy Limited","pi":"1477","ui":"3786667","t":11730,"r":10370,"q":1.1,"p":298.0,"mot":"U","mo":0.0},{"cn":"Лабиринт","pi":"1485","ui":"3585280","t":2013585,"r":2005585,"q":18.88,"p":800.0,"mot":"U","mo":0.0},{"cn":"Ellipsis","pi":"1481","ui":"3781764","t":30361,"r":20755,"q":1.01,"p":50.0,"mot":"U","mo":0.0}],"mwc":5000,"ctm":true},{"mi":"3891","s":"TV-sets","pi":"3868","v":13401,"q":8.79,"c":670.25,"tl":7.0,"ir":[{"cn":"B-Easy Limited","pi":"1477","ui":"3786667","t":11730,"r":10370,"q":1.1,"p":298.0,"mot":"U","mo":0.0},{"cn":"hj corp","pi":"1485","ui":"2687732","t":8701,"r":5300,"q":16.38,"p":500.0,"mot":"U","mo":0.0},{"cn":"Ellipsis","pi":"1481","ui":"3781764","t":30361,"r":20755,"q":1.01,"p":50.0,"mot":"U","mo":0.0}],"mwc":5000,"ctm":true},{"mi":"3891","s":"TV-sets","pi":"3868","v":13401,"q":9.07,"c":747.75,"tl":7.0,"ir":[{"cn":"B-Easy Limited","pi":"1477","ui":"3786667","t":11730,"r":10370,"q":1.1,"p":298.0,"mot":"U","mo":0.0},{"cn":"Nadeau Corporation","pi":"1485","ui":"3733495","t":1026310,"r":969613,"q":17.54,"p":655.0,"mot":"U","mo":0.0},{"cn":"Ellipsis","pi":"1481","ui":"3781764","t":30361,"r":20755,"q":1.01,"p":50.0,"mot":"U","mo":0.0}],"mwc":5000,"ctm":true},{"mi":"3891","s":"TV-sets","pi":"3868","v":13401,"q":9.37,"c":820.25,"tl":7.0,"ir":[{"cn":"B-Easy Limited","pi":"1477","ui":"3786667","t":11730,"r":10370,"q":1.1,"p":298.0,"mot":"U","mo":0.0},{"cn":"Лабиринт","pi":"1485","ui":"3585280","t":2013585,"r":2005585,"q":18.88,"p":800.0,"mot":"U","mo":0.0},{"cn":"Ellipsis","pi":"1481","ui":"3781764","t":30361,"r":20755,"q":1.01,"p":50.0,"mot":"U","mo":0.0}],"mwc":5000,"ctm":true},{"mi":"3891","s":"TV-sets","pi":"3868","v":14071,"q":9.59,"c":658.52,"tl":8.0,"ir":[{"cn":"B-Easy Limited","pi":"1477","ui":"3786667","t":11730,"r":10370,"q":1.1,"p":298.0,"mot":"U","mo":0.0},{"cn":"hj corp","pi":"1485","ui":"2687732","t":8701,"r":5300,"q":16.38,"p":500.0,"mot":"U","mo":0.0},{"cn":"Ellipsis","pi":"1481","ui":"3781764","t":30361,"r":20755,"q":1.01,"p":50.0,"mot":"U","mo":0.0}],"mwc":5000,"ctm":true},{"mi":"3891","s":"TV-sets","pi":"3868","v":14071,"q":9.89,"c":736.02,"tl":8.0,"ir":[{"cn":"B-Easy Limited","pi":"1477","ui":"3786667","t":11730,"r":10370,"q":1.1,"p":298.0,"mot":"U","mo":0.0},{"cn":"Nadeau Corporation","pi":"1485","ui":"3733495","t":1026310,"r":969613,"q":17.54,"p":655.0,"mot":"U","mo":0.0},{"cn":"Ellipsis","pi":"1481","ui":"3781764","t":30361,"r":20755,"q":1.01,"p":50.0,"mot":"U","mo":0.0}],"mwc":5000,"ctm":true},{"mi":"3891","s":"TV-sets","pi":"3868","v":14071,"q":10.22,"c":808.52,"tl":8.0,"ir":[{"cn":"B-Easy Limited","pi":"1477","ui":"3786667","t":11730,"r":10370,"q":1.1,"p":298.0,"mot":"U","mo":0.0},{"cn":"Лабиринт","pi":"1485","ui":"3585280","t":2013585,"r":2005585,"q":18.88,"p":800.0,"mot":"U","mo":0.0},{"cn":"Ellipsis","pi":"1481","ui":"3781764","t":30361,"r":20755,"q":1.01,"p":50.0,"mot":"U","mo":0.0}],"mwc":5000,"ctm":true},{"mi":"3891","s":"TV-sets","pi":"3868","v":14775,"q":10.36,"c":647.36,"tl":9.0,"ir":[{"cn":"B-Easy Limited","pi":"1477","ui":"3786667","t":11730,"r":10370,"q":1.1,"p":298.0,"mot":"U","mo":0.0},{"cn":"hj corp","pi":"1485","ui":"2687732","t":8701,"r":5300,"q":16.38,"p":500.0,"mot":"U","mo":0.0},{"cn":"Ellipsis","pi":"1481","ui":"3781764","t":30361,"r":20755,"q":1.01,"p":50.0,"mot":"U","mo":0.0}],"mwc":5000,"ctm":true},{"mi":"3891","s":"TV-sets","pi":"3868","v":14775,"q":10.68,"c":724.86,"tl":9.0,"ir":[{"cn":"B-Easy Limited","pi":"1477","ui":"3786667","t":11730,"r":10370,"q":1.1,"p":298.0,"mot":"U","mo":0.0},{"cn":"Nadeau Corporation","pi":"1485","ui":"3733495","t":1026310,"r":969613,"q":17.54,"p":655.0,"mot":"U","mo":0.0},{"cn":"Ellipsis","pi":"1481","ui":"3781764","t":30361,"r":20755,"q":1.01,"p":50.0,"mot":"U","mo":0.0}],"mwc":5000,"ctm":true},{"mi":"3891","s":"TV-sets","pi":"3868","v":14775,"q":11.03,"c":797.36,"tl":9.0,"ir":[{"cn":"B-Easy Limited","pi":"1477","ui":"3786667","t":11730,"r":10370,"q":1.1,"p":298.0,"mot":"U","mo":0.0},{"cn":"Лабиринт","pi":"1485","ui":"3585280","t":2013585,"r":2005585,"q":18.88,"p":800.0,"mot":"U","mo":0.0},{"cn":"Ellipsis","pi":"1481","ui":"3781764","t":30361,"r":20755,"q":1.01,"p":50.0,"mot":"U","mo":0.0}],"mwc":5000,"ctm":true},{"mi":"3891","s":"TV-sets","pi":"3868","v":15513,"q":11.09,"c":636.72,"tl":10.0,"ir":[{"cn":"B-Easy Limited","pi":"1477","ui":"3786667","t":11730,"r":10370,"q":1.1,"p":298.0,"mot":"U","mo":0.0},{"cn":"hj corp","pi":"1485","ui":"2687732","t":8701,"r":5300,"q":16.38,"p":500.0,"mot":"U","mo":0.0},{"cn":"Ellipsis","pi":"1481","ui":"3781764","t":30361,"r":20755,"q":1.01,"p":50.0,"mot":"U","mo":0.0}],"mwc":5000,"ctm":true},{"mi":"3891","s":"TV-sets","pi":"3868","v":15513,"q":11.43,"c":714.22,"tl":10.0,"ir":[{"cn":"B-Easy Limited","pi":"1477","ui":"3786667","t":11730,"r":10370,"q":1.1,"p":298.0,"mot":"U","mo":0.0},{"cn":"Nadeau Corporation","pi":"1485","ui":"3733495","t":1026310,"r":969613,"q":17.54,"p":655.0,"mot":"U","mo":0.0},{"cn":"Ellipsis","pi":"1481","ui":"3781764","t":30361,"r":20755,"q":1.01,"p":50.0,"mot":"U","mo":0.0}],"mwc":5000,"ctm":true},{"mi":"3891","s":"TV-sets","pi":"3868","v":15513,"q":11.82,"c":786.72,"tl":10.0,"ir":[{"cn":"B-Easy Limited","pi":"1477","ui":"3786667","t":11730,"r":10370,"q":1.1,"p":298.0,"mot":"U","mo":0.0},{"cn":"Лабиринт","pi":"1485","ui":"3585280","t":2013585,"r":2005585,"q":18.88,"p":800.0,"mot":"U","mo":0.0},{"cn":"Ellipsis","pi":"1481","ui":"3781764","t":30361,"r":20755,"q":1.01,"p":50.0,"mot":"U","mo":0.0}],"mwc":5000,"ctm":true},{"mi":"3891","s":"TV-sets","pi":"3868","v":16289,"q":11.8,"c":626.59,"tl":11.0,"ir":[{"cn":"B-Easy Limited","pi":"1477","ui":"3786667","t":11730,"r":10370,"q":1.1,"p":298.0,"mot":"U","mo":0.0},{"cn":"hj corp","pi":"1485","ui":"2687732","t":8701,"r":5300,"q":16.38,"p":500.0,"mot":"U","mo":0.0},{"cn":"Ellipsis","pi":"1481","ui":"3781764","t":30361,"r":20755,"q":1.01,"p":50.0,"mot":"U","mo":0.0}],"mwc":5000,"ctm":true},{"mi":"3891","s":"TV-sets","pi":"3868","v":16289,"q":12.16,"c":704.09,"tl":11.0,"ir":[{"cn":"B-Easy Limited","pi":"1477","ui":"3786667","t":11730,"r":10370,"q":1.1,"p":298.0,"mot":"U","mo":0.0},{"cn":"Nadeau Corporation","pi":"1485","ui":"3733495","t":1026310,"r":969613,"q":17.54,"p":655.0,"mot":"U","mo":0.0},{"cn":"Ellipsis","pi":"1481","ui":"3781764","t":30361,"r":20755,"q":1.01,"p":50.0,"mot":"U","mo":0.0}],"mwc":5000,"ctm":true},{"mi":"3891","s":"TV-sets","pi":"3868","v":16289,"q":12.57,"c":776.59,"tl":11.0,"ir":[{"cn":"B-Easy Limited","pi":"1477","ui":"3786667","t":11730,"r":10370,"q":1.1,"p":298.0,"mot":"U","mo":0.0},{"cn":"Лабиринт","pi":"1485","ui":"3585280","t":2013585,"r":2005585,"q":18.88,"p":800.0,"mot":"U","mo":0.0},{"cn":"Ellipsis","pi":"1481","ui":"3781764","t":30361,"r":20755,"q":1.01,"p":50.0,"mot":"U","mo":0.0}],"mwc":5000,"ctm":true},{"mi":"3891","s":"TV-sets","pi":"3868","v":17103,"q":12.48,"c":616.94,"tl":12.0,"ir":[{"cn":"B-Easy Limited","pi":"1477","ui":"3786667","t":11730,"r":10370,"q":1.1,"p":298.0,"mot":"U","mo":0.0},{"cn":"hj corp","pi":"1485","ui":"2687732","t":8701,"r":5300,"q":16.38,"p":500.0,"mot":"U","mo":0.0},{"cn":"Ellipsis","pi":"1481","ui":"3781764","t":30361,"r":20755,"q":1.01,"p":50.0,"mot":"U","mo":0.0}],"mwc":5000,"ctm":true},{"mi":"3891","s":"TV-sets","pi":"3868","v":17103,"q":12.87,"c":694.44,"tl":12.0,"ir":[{"cn":"B-Easy Limited","pi":"1477","ui":"3786667","t":11730,"r":10370,"q":1.1,"p":298.0,"mot":"U","mo":0.0},{"cn":"Nadeau Corporation","pi":"1485","ui":"3733495","t":1026310,"r":969613,"q":17.54,"p":655.0,"mot":"U","mo":0.0},{"cn":"Ellipsis","pi":"1481","ui":"3781764","t":30361,"r":20755,"q":1.01,"p":50.0,"mot":"U","mo":0.0}],"mwc":5000,"ctm":true},{"mi":"3891","s":"TV-sets","pi":"3868","v":17103,"q":13.3,"c":766.94,"tl":12.0,"ir":[{"cn":"B-Easy Limited","pi":"1477","ui":"3786667","t":11730,"r":10370,"q":1.1,"p":298.0,"mot":"U","mo":0.0},{"cn":"Лабиринт","pi":"1485","ui":"3585280","t":2013585,"r":2005585,"q":18.88,"p":800.0,"mot":"U","mo":0.0},{"cn":"Ellipsis","pi":"1481","ui":"3781764","t":30361,"r":20755,"q":1.01,"p":50.0,"mot":"U","mo":0.0}],"mwc":5000,"ctm":true},{"mi":"3891","s":"TV-sets","pi":"3868","v":17959,"q":13.15,"c":607.76,"tl":13.0,"ir":[{"cn":"B-Easy Limited","pi":"1477","ui":"3786667","t":11730,"r":10370,"q":1.1,"p":298.0,"mot":"U","mo":0.0},{"cn":"hj corp","pi":"1485","ui":"2687732","t":8701,"r":5300,"q":16.38,"p":500.0,"mot":"U","mo":0.0},{"cn":"Ellipsis","pi":"1481","ui":"3781764","t":30361,"r":20755,"q":1.01,"p":50.0,"mot":"U","mo":0.0}],"mwc":5000,"ctm":true},{"mi":"3891","s":"TV-sets","pi":"3868","v":17959,"q":13.56,"c":685.26,"tl":13.0,"ir":[{"cn":"B-Easy Limited","pi":"1477","ui":"3786667","t":11730,"r":10370,"q":1.1,"p":298.0,"mot":"U","mo":0.0},{"cn":"Nadeau Corporation","pi":"1485","ui":"3733495","t":1026310,"r":969613,"q":17.54,"p":655.0,"mot":"U","mo":0.0},{"cn":"Ellipsis","pi":"1481","ui":"3781764","t":30361,"r":20755,"q":1.01,"p":50.0,"mot":"U","mo":0.0}],"mwc":5000,"ctm":true},{"mi":"3891","s":"TV-sets","pi":"3868","v":17959,"q":14.01,"c":757.76,"tl":13.0,"ir":[{"cn":"B-Easy Limited","pi":"1477","ui":"3786667","t":11730,"r":10370,"q":1.1,"p":298.0,"mot":"U","mo":0.0},{"cn":"Лабиринт","pi":"1485","ui":"3585280","t":2013585,"r":2005585,"q":18.88,"p":800.0,"mot":"U","mo":0.0},{"cn":"Ellipsis","pi":"1481","ui":"3781764","t":30361,"r":20755,"q":1.01,"p":50.0,"mot":"U","mo":0.0}],"mwc":5000,"ctm":true},{"mi":"3891","s":"TV-sets","pi":"3868","v":18856,"q":13.8,"c":599.01,"tl":14.0,"ir":[{"cn":"B-Easy Limited","pi":"1477","ui":"3786667","t":11730,"r":10370,"q":1.1,"p":298.0,"mot":"U","mo":0.0},{"cn":"hj corp","pi":"1485","ui":"2687732","t":8701,"r":5300,"q":16.38,"p":500.0,"mot":"U","mo":0.0},{"cn":"Ellipsis","pi":"1481","ui":"3781764","t":30361,"r":20755,"q":1.01,"p":50.0,"mot":"U","mo":0.0}],"mwc":5000,"ctm":true},{"mi":"3891","s":"TV-sets","pi":"3868","v":18856,"q":14.23,"c":676.51,"tl":14.0,"ir":[{"cn":"B-Easy Limited","pi":"1477","ui":"3786667","t":11730,"r":10370,"q":1.1,"p":298.0,"mot":"U","mo":0.0},{"cn":"Nadeau Corporation","pi":"1485","ui":"3733495","t":1026310,"r":969613,"q":17.54,"p":655.0,"mot":"U","mo":0.0},{"cn":"Ellipsis","pi":"1481","ui":"3781764","t":30361,"r":20755,"q":1.01,"p":50.0,"mot":"U","mo":0.0}],"mwc":5000,"ctm":true},{"mi":"3891","s":"TV-sets","pi":"3868","v":18856,"q":14.7,"c":749.01,"tl":14.0,"ir":[{"cn":"B-Easy Limited","pi":"1477","ui":"3786667","t":11730,"r":10370,"q":1.1,"p":298.0,"mot":"U","mo":0.0},{"cn":"Лабиринт","pi":"1485","ui":"3585280","t":2013585,"r":2005585,"q":18.88,"p":800.0,"mot":"U","mo":0.0},{"cn":"Ellipsis","pi":"1481","ui":"3781764","t":30361,"r":20755,"q":1.01,"p":50.0,"mot":"U","mo":0.0}],"mwc":5000,"ctm":true},{"mi":"3891","s":"TV-sets","pi":"3868","v":19799,"q":14.43,"c":590.67,"tl":15.0,"ir":[{"cn":"B-Easy Limited","pi":"1477","ui":"3786667","t":11730,"r":10370,"q":1.1,"p":298.0,"mot":"U","mo":0.0},{"cn":"hj corp","pi":"1485","ui":"2687732","t":8701,"r":5300,"q":16.38,"p":500.0,"mot":"U","mo":0.0},{"cn":"Ellipsis","pi":"1481","ui":"3781764","t":30361,"r":20755,"q":1.01,"p":50.0,"mot":"U","mo":0.0}],"mwc":5000,"ctm":true},{"mi":"3891","s":"TV-sets","pi":"3868","v":19799,"q":14.88,"c":668.17,"tl":15.0,"ir":[{"cn":"B-Easy Limited","pi":"1477","ui":"3786667","t":11730,"r":10370,"q":1.1,"p":298.0,"mot":"U","mo":0.0},{"cn":"Nadeau Corporation","pi":"1485","ui":"3733495","t":1026310,"r":969613,"q":17.54,"p":655.0,"mot":"U","mo":0.0},{"cn":"Ellipsis","pi":"1481","ui":"3781764","t":30361,"r":20755,"q":1.01,"p":50.0,"mot":"U","mo":0.0}],"mwc":5000,"ctm":true},{"mi":"3891","s":"TV-sets","pi":"3868","v":19799,"q":15.38,"c":740.67,"tl":15.0,"ir":[{"cn":"B-Easy Limited","pi":"1477","ui":"3786667","t":11730,"r":10370,"q":1.1,"p":298.0,"mot":"U","mo":0.0},{"cn":"Лабиринт","pi":"1485","ui":"3585280","t":2013585,"r":2005585,"q":18.88,"p":800.0,"mot":"U","mo":0.0},{"cn":"Ellipsis","pi":"1481","ui":"3781764","t":30361,"r":20755,"q":1.01,"p":50.0,"mot":"U","mo":0.0}],"mwc":5000,"ctm":true},{"mi":"2425","s":"Golden watches","pi":"1524","v":4490,"q":55.47,"c":2760.03,"tl":13.0,"ir":[{"cn":"Maxi-Co LTD","pi":"1465","ui":"3699666","t":751150,"r":733486,"q":12.11,"p":25.0,"mot":"U","mo":0.0},{"cn":"goodwin team","pi":"1481","ui":"3780584","t":20596,"r":20596,"q":13.65,"p":40000.0,"mot":"U","mo":0.0}],"mwc":2500,"ctm":true},{"mi":"2425","s":"Golden watches","pi":"1524","v":4714,"q":56.75,"c":727.52,"tl":14.0,"ir":[{"cn":"Maxi-Co LTD","pi":"1465","ui":"3699666","t":751150,"r":733486,"q":12.11,"p":25.0,"mot":"U","mo":0.0},{"cn":"Ellipsis","pi":"1481","ui":"3781764","t":30361,"r":20755,"q":1.01,"p":50.0,"mot":"U","mo":0.0}],"mwc":2500,"ctm":true},{"mi":"2425","s":"Golden watches","pi":"1524","v":4714,"q":56.75,"c":775.02,"tl":14.0,"ir":[{"cn":"Maxi-Co LTD","pi":"1465","ui":"3699666","t":751150,"r":733486,"q":12.11,"p":25.0,"mot":"U","mo":0.0},{"cn":"MAC Finance Limited","pi":"1481","ui":"3778194","t":3179,"r":2379,"q":1.0,"p":1000.0,"mot":"U","mo":0.0}],"mwc":2500,"ctm":true},{"mi":"2425","s":"Golden watches","pi":"1524","v":4714,"q":58.21,"c":2725.02,"tl":14.0,"ir":[{"cn":"Maxi-Co LTD","pi":"1465","ui":"3699666","t":751150,"r":733486,"q":12.11,"p":25.0,"mot":"U","mo":0.0},{"cn":"goodwin team","pi":"1481","ui":"3780584","t":20596,"r":20596,"q":13.65,"p":40000.0,"mot":"U","mo":0.0}],"mwc":2500,"ctm":true},{"mi":"2425","s":"Golden watches","pi":"1524","v":4950,"q":59.36,"c":694.19,"tl":15.0,"ir":[{"cn":"Maxi-Co LTD","pi":"1465","ui":"3699666","t":751150,"r":733486,"q":12.11,"p":25.0,"mot":"U","mo":0.0},{"cn":"Ellipsis","pi":"1481","ui":"3781764","t":30361,"r":20755,"q":1.01,"p":50.0,"mot":"U","mo":0.0}],"mwc":2500,"ctm":true},{"mi":"2425","s":"Golden watches","pi":"1524","v":4950,"q":59.35,"c":741.69,"tl":15.0,"ir":[{"cn":"Maxi-Co LTD","pi":"1465","ui":"3699666","t":751150,"r":733486,"q":12.11,"p":25.0,"mot":"U","mo":0.0},{"cn":"MAC Finance Limited","pi":"1481","ui":"3778194","t":3179,"r":2379,"q":1.0,"p":1000.0,"mot":"U","mo":0.0}],"mwc":2500,"ctm":true},{"mi":"2425","s":"Golden watches","pi":"1524","v":4950,"q":60.88,"c":2691.69,"tl":15.0,"ir":[{"cn":"Maxi-Co LTD","pi":"1465","ui":"3699666","t":751150,"r":733486,"q":12.11,"p":25.0,"mot":"U","mo":0.0},{"cn":"goodwin team","pi":"1481","ui":"3780584","t":20596,"r":20596,"q":13.65,"p":40000.0,"mot":"U","mo":0.0}],"mwc":2500,"ctm":true},{"mi":"2425","s":"Golden watches","pi":"1524","v":5197,"q":61.9,"c":662.44,"tl":16.0,"ir":[{"cn":"Maxi-Co LTD","pi":"1465","ui":"3699666","t":751150,"r":733486,"q":12.11,"p":25.0,"mot":"U","mo":0.0},{"cn":"Ellipsis","pi":"1481","ui":"3781764","t":30361,"r":20755,"q":1.01,"p":50.0,"mot":"U","mo":0.0}],"mwc":2500,"ctm":true},{"mi":"2425","s":"Golden watches","pi":"1524","v":5197,"q":61.9,"c":709.94,"tl":16.0,"ir":[{"cn":"Maxi-Co LTD","pi":"1465","ui":"3699666","t":751150,"r":733486,"q":12.11,"p":25.0,"mot":"U","mo":0.0},{"cn":"MAC Finance Limited","pi":"1481","ui":"3778194","t":3179,"r":2379,"q":1.0,"p":1000.0,"mot":"U","mo":0.0}],"mwc":2500,"ctm":true},{"mi":"2425","s":"Golden watches","pi":"1524","v":5197,"q":63.49,"c":2659.94,"tl":16.0,"ir":[{"cn":"Maxi-Co LTD","pi":"1465","ui":"3699666","t":751150,"r":733486,"q":12.11,"p":25.0,"mot":"U","mo":0.0},{"cn":"goodwin team","pi":"1481","ui":"3780584","t":20596,"r":20596,"q":13.65,"p":40000.0,"mot":"U","mo":0.0}],"mwc":2500,"ctm":true}]