[{"mi":"15751","s":"Improved compound feed","pi":"15746","v":718343,"q":42.09,"c":7.42,"tl":13.0,"ir":[{"cn":"Parex","pi":"1487","ui":"3626708","t":38439670,"r":38232728,"q":17.73,"p":0.25,"mot":"U","mo":0.0},{"cn":"Luna","pi":"15745","ui":"3282831","t":8305343233,"r":8304671821,"q":17.2,"p":0.15,"mot":"U","mo":0.0},{"cn":"Parex","pi":"15744","ui":"3625941","t":1732385,"r":1423904,"q":20.38,"p":0.3,"mot":"U","mo":0.0},{"cn":"Maxi-Co LTD","pi":"1492","ui":"3459282","t":3790210398,"r":3772653876,"q":15.49,"p":0.5,"mot":"U","mo":0.0},{"cn":"Parex","pi":"1489","ui":"3627503","t":62207455,"r":56687570,"q":74.19,"p":2.0,"mot":"U","mo":0.0}],"mwc":5000,"ctm":false},{"mi":"15751","s":"Improved compound feed","pi":"15746","v":718343,"q":42.09,"c":7.45,"tl":13.0,"ir":[{"cn":"DukeLeto Invest","pi":"1487","ui":"3573775","t":200532595,"r":199763845,"q":11.74,"p":0.32,"mot":"U","mo":0.0},{"cn":"Luna","pi":"15745","ui":"3282831","t":8305343233,"r":8304671821,"q":17.2,"p":0.15,"mot":"U","mo":0.0},{"cn":"Parex","pi":"15744","ui":"3625941","t":1732385,"r":1423904,"q":20.38,"p":0.3,"mot":"U","mo":0.0},{"cn":"Maxi-Co LTD","pi":"1492","ui":"3459282","t":3790210398,"r":3772653876,"q":15.49,"p":0.5,"mot":"U","mo":0.0},{"cn":"Parex","pi":"1489","ui":"3627503","t":62207455,"r":56687570,"q":74.19,"p":2.0,"mot":"U","mo":0.0}],"mwc":5000,"ctm":false},{"mi":"15751","s":"Improved compound feed","pi":"15746","v":718343,"q":42.09,"c":7.59,"tl":13.0,"ir":[{"cn":"Luna","pi":"1487","ui":"3445011","t":671166732,"r":671166732,"q":12.56,"p":0.6,"mot":"U","mo":0.0},{"cn":"Luna","pi":"15745","ui":"3282831","t":8305343233,"r":8304671821,"q":17.2,"p":0.15,"mot":"U","mo":0.0},{"cn":"Parex","pi":"15744","ui":"3625941","t":1732385,"r":1423904,"q":20.38,"p":0.3,"mot":"U","mo":0.0},{"cn":"Maxi-Co LTD","pi":"1492","ui":"3459282","t":3790210398,"r":3772653876,"q":15.49,"p":0.5,"mot":"U","mo":0.0},{"cn":"Parex","pi":"1489","ui":"3627503","t":62207455,"r":56687570,"q":74.19,"p":2.0,"mot":"U","mo":0.0}],"mwc":5000,"ctm":false},{"mi":"15751","s":"Improved compound feed","pi":"15746","v":754260,"q":46.35,"c":7.2,"tl":14.0,"ir":[{"cn":"Parex","pi":"1487","ui":"3626708","t":38439670,"r":38232728,"q":17.73,"p":0.25,"mot":"U","mo":0.0},{"cn":"Luna","pi":"15745","ui":"3282831","t":8305343233,"r":8304671821,"q":17.2,"p":0.15,"mot":"U","mo":0.0},{"cn":"Parex","pi":"15744","ui":"3625941","t":1732385,"r":1423904,"q":20.38,"p":0.3,"mot":"U","mo":0.0},{"cn":"Maxi-Co LTD","pi":"1492","ui":"3459282","t":3790210398,"r":3772653876,"q":15.49,"p":0.5,"mot":"U","mo":0.0},{"cn":"Parex","pi":"1489","ui":"3627503","t":62207455,"r":56687570,"q":74.19,"p":2.0,"mot":"U","mo":0.0}],"mwc":5000,"ctm":false},{"mi":"15751","s":"Improved compound feed","pi":"15746","v":754260,"q":46.35,"c":7.24,"tl":14.0,"ir":[{"cn":"DukeLeto Invest","pi":"1487","ui":"3573775","t":200532595,"r":199763845,"q":11.74,"p":0.32,"mot":"U","mo":0.0},{"cn":"Luna","pi":"15745","ui":"3282831","t":8305343233,"r":8304671821,"q":17.2,"p":0.15,"mot":"U","mo":0.0},{"cn":"Parex","pi":"15744","ui":"3625941","t":1732385,"r":1423904,"q":20.38,"p":0.3,"mot":"U","mo":0.0},{"cn":"Maxi-Co LTD","pi":"1492","ui":"3459282","t":3790210398,"r":3772653876,"q":15.49,"p":0.5,"mot":"U","mo":0.0},{"cn":"Parex","pi":"1489","ui":"3627503","t":62207455,"r":56687570,"q":74.19,"p":2.0,"mot":"U","mo":0.0}],"mwc":5000,"ctm":false},{"mi":"15751","s":"Improved compound feed","pi":"15746","v":754260,"q":46.35,"c":7.38,"tl":14.0,"ir":[{"cn":"Luna","pi":"1487","ui":"3445011","t":671166732,"r":671166732,"q":12.56,"p":0.6,"mot":"U","mo":0.0},{"cn":"Luna","pi":"15745","ui":"3282831","t":8305343233,"r":8304671821,"q":17.2,"p":0.15,"mot":"U","mo":0.0},{"cn":"Parex","pi":"15744","ui":"3625941","t":1732385,"r":1423904,"q":20.38,"p":0.3,"mot":"U","mo":0.0},{"cn":"Maxi-Co LTD","pi":"1492","ui":"3459282","t":3790210398,"r":3772653876,"q":15.49,"p":0.5,"mot":"U","mo":0.0},{"cn":"Parex","pi":"1489","ui":"3627503","t":62207455,"r":56687570,"q":74.19,"p":2.0,"mot":"U","mo":0.0}],"mwc":5000,"ctm":false},{"mi":"15751","s":"Improved compound feed","pi":"15746","v":791973,"q":49.4,"c":6.99,"tl":15.0,"ir":[{"cn":"Parex","pi":"1487","ui":"3626708","t":38439670,"r":38232728,"q":17.73,"p":0.25,"mot":"U","mo":0.0},{"cn":"Luna","pi":"15745","ui":"3282831","t":8305343233,"r":8304671821,"q":17.2,"p":0.15,"mot":"U","mo":0.0},{"cn":"Parex","pi":"15744","ui":"3625941","t":1732385,"r":1423904,"q":20.38,"p":0.3,"mot":"U","mo":0.0},{"cn":"Maxi-Co LTD","pi":"1492","ui":"3459282","t":3790210398,"r":3772653876,"q":15.49,"p":0.5,"mot":"U","mo":0.0},{"cn":"Parex","pi":"1489","ui":"3627503","t":62207455,"r":56687570,"q":74.19,"p":2.0,"mot":"U","mo":0.0}],"mwc":5000,"ctm":false},{"mi":"15751","s":"Improved compound feed","pi":"15746","v":791973,"q":48.83,"c":7.03,"tl":15.0,"ir":[{"cn":"DukeLeto Invest","pi":"1487","ui":"3573775","t":200532595,"r":199763845,"q":11.74,"p":0.32,"mot":"U","mo":0.0},{"cn":"Luna","pi":"15745","ui":"3282831","t":8305343233,"r":8304671821,"q":17.2,"p":0.15,"mot":"U","mo":0.0},{"cn":"Parex","pi":"15744","ui":"3625941","t":1732385,"r":1423904,"q":20.38,"p":0.3,"mot":"U","mo":0.0},{"cn":"Maxi-Co LTD","pi":"1492","ui":"3459282","t":3790210398,"r":3772653876,"q":15.49,"p":0.5,"mot":"U","mo":0.0},{"cn":"Parex","pi":"1489","ui":"3627503","t":62207455,"r":56687570,"q":74.19,"p":2.0,"mot":"U","mo":0.0}],"mwc":5000,"ctm":false},{"mi":"15751","s":"Improved compound feed","pi":"15746","v":791973,"q":49.45,"c":7.24,"tl":15.0,"ir":[{"cn":"Parex","pi":"1487","ui":"3626708","t":38439670,"r":38232728,"q":17.73,"p":0.25,"mot":"U","mo":0.0},{"cn":"Luna","pi":"15745","ui":"3282831","t":8305343233,"r":8304671821,"q":17.2,"p":0.15,"mot":"U","mo":0.0},{"cn":"Parex","pi":"15744","ui":"3625941","t":1732385,"r":1423904,"q":20.38,"p":0.3,"mot":"U","mo":0.0},{"cn":"Maxi-Co LTD","pi":"1492","ui":"3528827","t":2060737494,"r":2055093562,"q":16.0,"p":1.0,"mot":"U","mo":0.0},{"cn":"Parex","pi":"1489","ui":"3627503","t":62207455,"r":56687570,"q":74.19,"p":2.0,"mot":"U","mo":0.0}],"mwc":5000,"ctm":false},{"mi":"15751","s":"Improved compound feed","pi":"15746","v":831571,"q":51.52,"c":6.79,"tl":16.0,"ir":[{"cn":"Parex","pi":"1487","ui":"3626708","t":38439670,"r":38232728,"q":17.73,"p":0.25,"mot":"U","mo":0.0},{"cn":"Luna","pi":"15745","ui":"3282831","t":8305343233,"r":8304671821,"q":17.2,"p":0.15,"mot":"U","mo":0.0},{"cn":"Parex","pi":"15744","ui":"3625941","t":1732385,"r":1423904,"q":20.38,"p":0.3,"mot":"U","mo":0.0},{"cn":"Maxi-Co LTD","pi":"1492","ui":"3459282","t":3790210398,"r":3772653876,"q":15.49,"p":0.5,"mot":"U","mo":0.0},{"cn":"Parex","pi":"1489","ui":"3627503","t":62207455,"r":56687570,"q":74.19,"p":2.0,"mot":"U","mo":0.0}],"mwc":5000,"ctm":false},{"mi":"15751","s":"Improved compound feed","pi":"15746","v":831571,"q":50.92,"c":6.83,"tl":16.0,"ir":[{"cn":"DukeLeto Invest","pi":"1487","ui":"3573775","t":200532595,"r":199763845,"q":11.74,"p":0.32,"mot":"U","mo":0.0},{"cn":"Luna","pi":"15745","ui":"3282831","t":8305343233,"r":8304671821,"q":17.2,"p":0.15,"mot":"U","mo":0.0},{"cn":"Parex","pi":"15744","ui":"3625941","t":1732385,"r":1423904,"q":20.38,"p":0.3,"mot":"U","mo":0.0},{"cn":"Maxi-Co LTD","pi":"1492","ui":"3459282","t":3790210398,"r":3772653876,"q":15.49,"p":0.5,"mot":"U","mo":0.0},{"cn":"Parex","pi":"1489","ui":"3627503","t":62207455,"r":56687570,"q":74.19,"p":2.0,"mot":"U","mo":0.0}],"mwc":5000,"ctm":false},{"mi":"15751","s":"Improved compound feed","pi":"15746","v":831571,"q":51.57,"c":7.04,"tl":16.0,"ir":[{"cn":"Parex","pi":"1487","ui":"3626708","t":38439670,"r":38232728,"q":17.73,"p":0.25,"mot":"U","mo":0.0},{"cn":"Luna","pi":"15745","ui":"3282831","t":8305343233,"r":8304671821,"q":17.2,"p":0.15,"mot":"U","mo":0.0},{"cn":"Parex","pi":"15744","ui":"3625941","t":1732385,"r":1423904,"q":20.38,"p":0.3,"mot":"U","mo":0.0},{"cn":"Maxi-Co LTD","pi":"1492","ui":"3528827","t":2060737494,"r":2055093562,"q":16.0,"p":1.0,"mot":"U","mo":0.0},{"cn":"Parex","pi":"1489","ui":"3627503","t":62207455,"r":56687570,"q":74.19,"p":2.0,"mot":"U","mo":0.0}],"mwc":5000,"ctm":false},{"mi":"15751","s":"Improved compound feed","pi":"15746","v":873150,"q":53.59,"c":6.6,"tl":17.0,"ir":[{"cn":"Parex","pi":"1487","ui":"3626708","t":38439670,"r":38232728,"q":17.73,"p":0.25,"mot":"U","mo":0.0},{"cn":"Luna","pi":"15745","ui":"3282831","t":8305343233,"r":8304671821,"q":17.2,"p":0.15,"mot":"U","mo":0.0},{"cn":"Parex","pi":"15744","ui":"3625941","t":1732385,"r":1423904,"q":20.38,"p":0.3,"mot":"U","mo":0.0},{"cn":"Maxi-Co LTD","pi":"1492","ui":"3459282","t":3790210398,"r":3772653876,"q":15.49,"p":0.5,"mot":"U","mo":0.0},{"cn":"Parex","pi":"1489","ui":"3627503","t":62207455,"r":56687570,"q":74.19,"p":2.0,"mot":"U","mo":0.0}],"mwc":5000,"ctm":false},{"mi":"15751","s":"Improved compound feed","pi":"15746","v":873150,"q":52.96,"c":6.64,"tl":17.0,"ir":[{"cn":"DukeLeto Invest","pi":"1487","ui":"3573775","t":200532595,"r":199763845,"q":11.74,"p":0.32,"mot":"U","mo":0.0},{"cn":"Luna","pi":"15745","ui":"3282831","t":8305343233,"r":8304671821,"q":17.2,"p":0.15,"mot":"U","mo":0.0},{"cn":"Parex","pi":"15744","ui":"3625941","t":1732385,"r":1423904,"q":20.38,"p":0.3,"mot":"U","mo":0.0},{"cn":"Maxi-Co LTD","pi":"1492","ui":"3459282","t":3790210398,"r":3772653876,"q":15.49,"p":0.5,"mot":"U","mo":0.0},{"cn":"Parex","pi":"1489","ui":"3627503","t":62207455,"r":56687570,"q":74.19,"p":2.0,"mot":"U","mo":0.0}],"mwc":5000,"ctm":false},{"mi":"15751","s":"Improved compound feed","pi":"15746","v":873150,"q":53.65,"c":6.85,"tl":17.0,"ir":[{"cn":"Parex","pi":"1487","ui":"3626708","t":38439670,"r":38232728,"q":17.73,"p":0.25,"mot":"U","mo":0.0},{"cn":"Luna","pi":"15745","ui":"3282831","t":8305343233,"r":8304671821,"q":17.2,"p":0.15,"mot":"U","mo":0.0},{"cn":"Parex","pi":"15744","ui":"3625941","t":1732385,"r":1423904,"q":20.38,"p":0.3,"mot":"U","mo":0.0},{"cn":"Maxi-Co LTD","pi":"1492","ui":"3528827","t":2060737494,"r":2055093562,"q":16.0,"p":1.0,"mot":"U","mo":0.0},{"cn":"Parex","pi":"1489","ui":"3627503","t":62207455,"r":56687570,"q":74.19,"p":2.0,"mot":"U","mo":0.0}],"mwc":5000,"ctm":false},{"mi":"2421","s":"Medovukha","pi":"1502","v":458404,"q":35.79,"c":119.7,"tl":18.0,"ir":[{"cn":"hj corp","pi":"1481","ui":"3253893","t":70755,"r":15394,"q":17.27,"p":50.0,"mot":"U","mo":0.0},{"cn":"Luna","pi":"423151","ui":"3467276","t":54635158,"r":54580293,"q":27.61,"p":110.0,"mot":"L","mo":40000.0}],"mwc":2500,"ctm":false},{"mi":"2421","s":"Medovukha","pi":"1502","v":458404,"q":35.27,"c":119.7,"tl":18.0,"ir":[{"cn":"Ellipsis","pi":"1481","ui":"3781764","t":72161,"r":62661,"q":1.01,"p":50.0,"mot":"U","mo":0.0},{"cn":"Luna","pi":"423151","ui":"3467276","t":54635158,"r":54580293,"q":27.61,"p":110.0,"mot":"L","mo":40000.0}],"mwc":2500,"ctm":false},{"mi":"2421","s":"Medovukha","pi":"1502","v":481324,"q":37.07,"c":119.36,"tl":19.0,"ir":[{"cn":"hj corp","pi":"1481","ui":"3253893","t":70755,"r":15394,"q":17.27,"p":50.0,"mot":"U","mo":0.0},{"cn":"Luna","pi":"423151","ui":"3467276","t":54635158,"r":54580293,"q":27.61,"p":110.0,"mot":"L","mo":40000.0}],"mwc":2500,"ctm":false},{"mi":"2421","s":"Medovukha","pi":"1502","v":481324,"q":36.54,"c":119.36,"tl":19.0,"ir":[{"cn":"Ellipsis","pi":"1481","ui":"3781764","t":72161,"r":62661,"q":1.01,"p":50.0,"mot":"U","mo":0.0},{"cn":"Luna","pi":"423151","ui":"3467276","t":54635158,"r":54580293,"q":27.61,"p":110.0,"mot":"L","mo":40000.0}],"mwc":2500,"ctm":false},{"mi":"2421","s":"Medovukha","pi":"1502","v":505390,"q":38.33,"c":119.03,"tl":20.0,"ir":[{"cn":"hj corp","pi":"1481","ui":"3253893","t":70755,"r":15394,"q":17.27,"p":50.0,"mot":"U","mo":0.0},{"cn":"Luna","pi":"423151","ui":"3467276","t":54635158,"r":54580293,"q":27.61,"p":110.0,"mot":"L","mo":40000.0}],"mwc":2500,"ctm":true},{"mi":"2421","s":"Medovukha","pi":"1502","v":505390,"q":37.77,"c":119.03,"tl":20.0,"ir":[{"cn":"Ellipsis","pi":"1481","ui":"3781764","t":72161,"r":62661,"q":1.01,"p":50.0,"mot":"U","mo":0.0},{"cn":"Luna","pi":"423151","ui":"3467276","t":54635158,"r":54580293,"q":27.61,"p":110.0,"mot":"L","mo":40000.0}],"mwc":2500,"ctm":true},{"mi":"2421","s":"Medovukha","pi":"1502","v":505390,"q":36.09,"c":119.03,"tl":20.0,"ir":[{"cn":"hj corp","pi":"1481","ui":"3253893","t":70755,"r":15394,"q":17.27,"p":50.0,"mot":"U","mo":0.0},{"cn":"Luna","pi":"423151","ui":"3455119","t":48045482,"r":48045482,"q":24.39,"p":110.0,"mot":"L","mo":40000.0}],"mwc":2500,"ctm":false},{"mi":"2421","s":"Medovukha","pi":"1502","v":530660,"q":39.56,"c":118.72,"tl":21.0,"ir":[{"cn":"hj corp","pi":"1481","ui":"3253893","t":70755,"r":15394,"q":17.27,"p":50.0,"mot":"U","mo":0.0},{"cn":"Luna","pi":"423151","ui":"3467276","t":54635158,"r":54580293,"q":27.61,"p":110.0,"mot":"L","mo":40000.0}],"mwc":2500,"ctm":true},{"mi":"2421","s":"Medovukha","pi":"1502","v":530660,"q":38.99,"c":118.72,"tl":21.0,"ir":[{"cn":"Ellipsis","pi":"1481","ui":"3781764","t":72161,"r":62661,"q":1.01,"p":50.0,"mot":"U","mo":0.0},{"cn":"Luna","pi":"423151","ui":"3467276","t":54635158,"r":54580293,"q":27.61,"p":110.0,"mot":"L","mo":40000.0}],"mwc":2500,"ctm":true},{"mi":"2421","s":"Medovukha","pi":"1502","v":530660,"q":37.26,"c":118.72,"tl":21.0,"ir":[{"cn":"hj corp","pi":"1481","ui":"3253893","t":70755,"r":15394,"q":17.27,"p":50.0,"mot":"U","mo":0.0},{"cn":"Luna","pi":"423151","ui":"3455119","t":48045482,"r":48045482,"q":24.39,"p":110.0,"mot":"L","mo":40000.0}],"mwc":2500,"ctm":true},{"mi":"2421","s":"Medovukha","pi":"1502","v":557193,"q":40.77,"c":118.42,"tl":22.0,"ir":[{"cn":"hj corp","pi":"1481","ui":"3253893","t":70755,"r":15394,"q":17.27,"p":50.0,"mot":"U","mo":0.0},{"cn":"Luna","pi":"423151","ui":"3467276","t":54635158,"r":54580293,"q":27.61,"p":110.0,"mot":"L","mo":40000.0}],"mwc":2500,"ctm":true},{"mi":"2421","s":"Medovukha","pi":"1502","v":557193,"q":40.19,"c":118.42,"tl":22.0,"ir":[{"cn":"Ellipsis","pi":"1481","ui":"3781764","t":72161,"r":62661,"q":1.01,"p":50.0,"mot":"U","mo":0.0},{"cn":"Luna","pi":"423151","ui":"3467276","t":54635158,"r":54580293,"q":27.61,"p":110.0,"mot":"L","mo":40000.0}],"mwc":2500,"ctm":true},{"mi":"2421","s":"Medovukha","pi":"1502","v":557193,"q":38.4,"c":118.42,"tl":22.0,"ir":[{"cn":"hj corp","pi":"1481","ui":"3253893","t":70755,"r":15394,"q":17.27,"p":50.0,"mot":"U","mo":0.0},{"cn":"Luna","pi":"423151","ui":"3455119","t":48045482,"r":48045482,"q":24.39,"p":110.0,"mot":"L","mo":40000.0}],"mwc":2500,"ctm":true},{"mi":"2421","s":"Medovukha","pi":"1502","v":585052,"q":41.97,"c":118.14,"tl":23.0,"ir":[{"cn":"hj corp","pi":"1481","ui":"3253893","t":70755,"r":15394,"q":17.27,"p":50.0,"mot":"U","mo":0.0},{"cn":"Luna","pi":"423151","ui":"3467276","t":54635158,"r":54580293,"q":27.61,"p":110.0,"mot":"L","mo":40000.0}],"mwc":2500,"ctm":true},{"mi":"2421","s":"Medovukha","pi":"1502","v":585052,"q":41.37,"c":118.14,"tl":23.0,"ir":[{"cn":"Ellipsis","pi":"1481","ui":"3781764","t":72161,"r":62661,"q":1.01,"p":50.0,"mot":"U","mo":0.0},{"cn":"Luna","pi":"423151","ui":"3467276","t":54635158,"r":54580293,"q":27.61,"p":110.0,"mot":"L","mo":40000.0}],"mwc":2500,"ctm":true},{"mi":"2421","s":"Medovukha","pi":"1502","v":585052,"q":39.53,"c":118.14,"tl":23.0,"ir":[{"cn":"hj corp","pi":"1481","ui":"3253893","t":70755,"r":15394,"q":17.27,"p":50.0,"mot":"U","mo":0.0},{"cn":"Luna","pi":"423151","ui":"3455119","t":48045482,"r":48045482,"q":24.39,"p":110.0,"mot":"L","mo":40000.0}],"mwc":2500,"ctm":true},{"mi":"2435","s":"Mobile phones","pi":"1517","v":40000,"q":1.0,"c":112.3,"tl":1.0,"ir":[{"cn":"Engkari corp","pi":"1477","ui":"3786638","t":42942,"r":37397,"q":7.25,"p":99.87,"mot":"U","mo":0.0},{"cn":"Engkari corp","pi":"1485","ui":"3782896","t":6077,"r":1136,"q":8.8,"p":98.28,"mot":"U","mo":0.0}],"mwc":5000,"ctm":true},{"mi":"2435","s":"Mobile phones","pi":"1517","v":40000,"q":1.0,"c":117.38,"tl":1.0,"ir":[{"cn":"Engkari corp","pi":"1477","ui":"3786638","t":42942,"r":37397,"q":7.25,"p":99.87,"mot":"U","mo":0.0},{"cn":"Engkari corp","pi":"1485","ui":"3786620","t":4685,"r":3682,"q":13.11,"p":149.1,"mot":"U","mo":0.0}],"mwc":5000,"ctm":true},{"mi":"2435","s":"Mobile phones","pi":"1517","v":40000,"q":1.0,"c":152.47,"tl":1.0,"ir":[{"cn":"Engkari corp","pi":"1477","ui":"3786638","t":42942,"r":37397,"q":7.25,"p":99.87,"mot":"U","mo":0.0},{"cn":"hj corp","pi":"1485","ui":"2687732","t":31215,"r":30814,"q":16.38,"p":500.0,"mot":"U","mo":0.0}],"mwc":5000,"ctm":true},{"mi":"2435","s":"Mobile phones","pi":"1517","v":42000,"q":2.46,"c":108.37,"tl":2.0,"ir":[{"cn":"Engkari corp","pi":"1477","ui":"3786638","t":42942,"r":37397,"q":7.25,"p":99.87,"mot":"U","mo":0.0},{"cn":"Engkari corp","pi":"1485","ui":"3782896","t":6077,"r":1136,"q":8.8,"p":98.28,"mot":"U","mo":0.0}],"mwc":5000,"ctm":true},{"mi":"2435","s":"Mobile phones","pi":"1517","v":42000,"q":2.46,"c":113.46,"tl":2.0,"ir":[{"cn":"Engkari corp","pi":"1477","ui":"3786638","t":42942,"r":37397,"q":7.25,"p":99.87,"mot":"U","mo":0.0},{"cn":"Engkari corp","pi":"1485","ui":"3786620","t":4685,"r":3682,"q":13.11,"p":149.1,"mot":"U","mo":0.0}],"mwc":5000,"ctm":true},{"mi":"2435","s":"Mobile phones","pi":"1517","v":42000,"q":2.46,"c":148.55,"tl":2.0,"ir":[{"cn":"Engkari corp","pi":"1477","ui":"3786638","t":42942,"r":37397,"q":7.25,"p":99.87,"mot":"U","mo":0.0},{"cn":"hj corp","pi":"1485","ui":"2687732","t":31215,"r":30814,"q":16.38,"p":500.0,"mot":"U","mo":0.0}],"mwc":5000,"ctm":true},{"mi":"2435","s":"Mobile phones","pi":"1517","v":44100,"q":4.17,"c":104.63,"tl":3.0,"ir":[{"cn":"Engkari corp","pi":"1477","ui":"3786638","t":42942,"r":37397,"q":7.25,"p":99.87,"mot":"U","mo":0.0},{"cn":"Engkari corp","pi":"1485","ui":"3782896","t":6077,"r":1136,"q":8.8,"p":98.28,"mot":"U","mo":0.0}],"mwc":5000,"ctm":true},{"mi":"2435","s":"Mobile phones","pi":"1517","v":44100,"q":4.17,"c":109.71,"tl":3.0,"ir":[{"cn":"Engkari corp","pi":"1477","ui":"3786638","t":42942,"r":37397,"q":7.25,"p":99.87,"mot":"U","mo":0.0},{"cn":"Engkari corp","pi":"1485","ui":"3786620","t":4685,"r":3682,"q":13.11,"p":149.1,"mot":"U","mo":0.0}],"mwc":5000,"ctm":true},{"mi":"2435","s":"Mobile phones","pi":"1517","v":44100,"q":4.17,"c":144.8,"tl":3.0,"ir":[{"cn":"Engkari corp","pi":"1477","ui":"3786638","t":42942,"r":37397,"q":7.25,"p":99.87,"mot":"U","mo":0.0},{"cn":"hj corp","pi":"1485","ui":"2687732","t":31215,"r":30814,"q":16.38,"p":500.0,"mot":"U","mo":0.0}],"mwc":5000,"ctm":true},{"mi":"2435","s":"Mobile phones","pi":"1517","v":46305,"q":6.06,"c":101.07,"tl":4.0,"ir":[{"cn":"Engkari corp","pi":"1477","ui":"3786638","t":42942,"r":37397,"q":7.25,"p":99.87,"mot":"U","mo":0.0},{"cn":"Engkari corp","pi":"1485","ui":"3782896","t":6077,"r":1136,"q":8.8,"p":98.28,"mot":"U","mo":0.0}],"mwc":5000,"ctm":true},{"mi":"2435","s":"Mobile phones","pi":"1517","v":46305,"q":6.06,"c":106.15,"tl":4.0,"ir":[{"cn":"Engkari corp","pi":"1477","ui":"3786638","t":42942,"r":37397,"q":7.25,"p":99.87,"mot":"U","mo":0.0},{"cn":"Engkari corp","pi":"1485","ui":"3786620","t":4685,"r":3682,"q":13.11,"p":149.1,"mot":"U","mo":0.0}],"mwc":5000,"ctm":true},{"mi":"2435","s":"Mobile phones","pi":"1517","v":46305,"q":6.06,"c":141.24,"tl":4.0,"ir":[{"cn":"Engkari corp","pi":"1477","ui":"3786638","t":42942,"r":37397,"q":7.25,"p":99.87,"mot":"U","mo":0.0},{"cn":"hj corp","pi":"1485","ui":"2687732","t":31215,"r":30814,"q":16.38,"p":500.0,"mot":"U","mo":0.0}],"mwc":5000,"ctm":true},{"mi":"2435","s":"Mobile phones","pi":"1517","v":48620,"q":7.93,"c":97.67,"tl":5.0,"ir":[{"cn":"Engkari corp","pi":"1477","ui":"3786638","t":42942,"r":37397,"q":7.25,"p":99.87,"mot":"U","mo":0.0},{"cn":"Engkari corp","pi":"1485","ui":"3782896","t":6077,"r":1136,"q":8.8,"p":98.28,"mot":"U","mo":0.0}],"mwc":5000,"ctm":true},{"mi":"2435","s":"Mobile phones","pi":"1517","v":48620,"q":8.1,"c":102.76,"tl":5.0,"ir":[{"cn":"Engkari corp","pi":"1477","ui":"3786638","t":42942,"r":37397,"q":7.25,"p":99.87,"mot":"U","mo":0.0},{"cn":"Engkari corp","pi":"1485","ui":"3786620","t":4685,"r":3682,"q":13.11,"p":149.1,"mot":"U","mo":0.0}],"mwc":5000,"ctm":true},{"mi":"2435","s":"Mobile phones","pi":"1517","v":48620,"q":8.1,"c":137.85,"tl":5.0,"ir":[{"cn":"Engkari corp","pi":"1477","ui":"3786638","t":42942,"r":37397,"q":7.25,"p":99.87,"mot":"U","mo":0.0},{"cn":"hj corp","pi":"1485","ui":"2687732","t":31215,"r":30814,"q":16.38,"p":500.0,"mot":"U","mo":0.0}],"mwc":5000,"ctm":true},{"mi":"2435","s":"Mobile phones","pi":"1517","v":51051,"q":9.72,"c":99.52,"tl":6.0,"ir":[{"cn":"Engkari corp","pi":"1477","ui":"3786638","t":42942,"r":37397,"q":7.25,"p":99.87,"mot":"U","mo":0.0},{"cn":"Engkari corp","pi":"1485","ui":"3786620","t":4685,"r":3682,"q":13.11,"p":149.1,"mot":"U","mo":0.0}],"mwc":5000,"ctm":true},{"mi":"2435","s":"Mobile phones","pi":"1517","v":51051,"q":8.93,"c":94.44,"tl":6.0,"ir":[{"cn":"Engkari corp","pi":"1477","ui":"3786638","t":42942,"r":37397,"q":7.25,"p":99.87,"mot":"U","mo":0.0},{"cn":"Engkari corp","pi":"1485","ui":"3782896","t":6077,"r":1136,"q":8.8,"p":98.28,"mot":"U","mo":0.0}],"mwc":5000,"ctm":true},{"mi":"2435","s":"Mobile phones","pi":"1517","v":51051,"q":10.27,"c":134.61,"tl":6.0,"ir":[{"cn":"Engkari corp","pi":"1477","ui":"3786638","t":42942,"r":37397,"q":7.25,"p":99.87,"mot":"U","mo":0.0},{"cn":"hj corp","pi":"1485","ui":"2687732","t":31215,"r":30814,"q":16.38,"p":500.0,"mot":"U","mo":0.0}],"mwc":5000,"ctm":true},{"mi":"2435","s":"Mobile phones","pi":"1517","v":53604,"q":10.75,"c":96.45,"tl":7.0,"ir":[{"cn":"Engkari corp","pi":"1477","ui":"3786638","t":42942,"r":37397,"q":7.25,"p":99.87,"mot":"U","mo":0.0},{"cn":"Engkari corp","pi":"1485","ui":"3786620","t":4685,"r":3682,"q":13.11,"p":149.1,"mot":"U","mo":0.0}],"mwc":5000,"ctm":true},{"mi":"2435","s":"Mobile phones","pi":"1517","v":53604,"q":9.87,"c":91.36,"tl":7.0,"ir":[{"cn":"Engkari corp","pi":"1477","ui":"3786638","t":42942,"r":37397,"q":7.25,"p":99.87,"mot":"U","mo":0.0},{"cn":"Engkari corp","pi":"1485","ui":"3782896","t":6077,"r":1136,"q":8.8,"p":98.28,"mot":"U","mo":0.0}],"mwc":5000,"ctm":true},{"mi":"2435","s":"Mobile phones","pi":"1517","v":53604,"q":11.37,"c":131.54,"tl":7.0,"ir":[{"cn":"Engkari corp","pi":"1477","ui":"3786638","t":42942,"r":37397,"q":7.25,"p":99.87,"mot":"U","mo":0.0},{"cn":"hj corp","pi":"1485","ui":"2687732","t":31215,"r":30814,"q":16.38,"p":500.0,"mot":"U","mo":0.0}],"mwc":5000,"ctm":true},{"mi":"2435","s":"Mobile phones","pi":"1517","v":56284,"q":11.72,"c":93.52,"tl":8.0,"ir":[{"cn":"Engkari corp","pi":"1477","ui":"3786638","t":42942,"r":37397,"q":7.25,"p":99.87,"mot":"U","mo":0.0},{"cn":"Engkari corp","pi":"1485","ui":"3786620","t":4685,"r":3682,"q":13.11,"p":149.1,"mot":"U","mo":0.0}],"mwc":5000,"ctm":true},{"mi":"2435","s":"Mobile phones","pi":"1517","v":56284,"q":10.77,"c":88.43,"tl":8.0,"ir":[{"cn":"Engkari corp","pi":"1477","ui":"3786638","t":42942,"r":37397,"q":7.25,"p":99.87,"mot":"U","mo":0.0},{"cn":"Engkari corp","pi":"1485","ui":"3782896","t":6077,"r":1136,"q":8.8,"p":98.28,"mot":"U","mo":0.0}],"mwc":5000,"ctm":true},{"mi":"2435","s":"Mobile phones","pi":"1517","v":56284,"q":12.4,"c":128.61,"tl":8.0,"ir":[{"cn":"Engkari corp","pi":"1477","ui":"3786638","t":42942,"r":37397,"q":7.25,"p":99.87,"mot":"U","mo":0.0},{"cn":"hj corp","pi":"1485","ui":"2687732","t":31215,"r":30814,"q":16.38,"p":500.0,"mot":"U","mo":0.0}],"mwc":5000,"ctm":true},{"mi":"2435","s":"Mobile phones","pi":"1517","v":59098,"q":12.65,"c":90.72,"tl":9.0,"ir":[{"cn":"Engkari corp","pi":"1477","ui":"3786638","t":42942,"r":37397,"q":7.25,"p":99.87,"mot":"U","mo":0.0},{"cn":"Engkari corp","pi":"1485","ui":"3786620","t":4685,"r":3682,"q":13.11,"p":149.1,"mot":"U","mo":0.0}],"mwc":5000,"ctm":true},{"mi":"2435","s":"Mobile phones","pi":"1517","v":59098,"q":11.62,"c":85.64,"tl":9.0,"ir":[{"cn":"Engkari corp","pi":"1477","ui":"3786638","t":42942,"r":37397,"q":7.25,"p":99.87,"mot":"U","mo":0.0},{"cn":"Engkari corp","pi":"1485","ui":"3782896","t":6077,"r":1136,"q":8.8,"p":98.28,"mot":"U","mo":0.0}],"mwc":5000,"ctm":true},{"mi":"2435","s":"Mobile phones","pi":"1517","v":59098,"q":13.38,"c":125.81,"tl":9.0,"ir":[{"cn":"Engkari corp","pi":"1477","ui":"3786638","t":42942,"r":37397,"q":7.25,"p":99.87,"mot":"U","mo":0.0},{"cn":"hj corp","pi":"1485","ui":"2687732","t":31215,"r":30814,"q":16.38,"p":500.0,"mot":"U","mo":0.0}],"mwc":5000,"ctm":true},{"mi":"2435","s":"Mobile phones","pi":"1517","v":62053,"q":13.55,"c":88.06,"tl":10.0,"ir":[{"cn":"Engkari corp","pi":"1477","ui":"3786638","t":42942,"r":37397,"q":7.25,"p":99.87,"mot":"U","mo":0.0},{"cn":"Engkari corp","pi":"1485","ui":"3786620","t":4685,"r":3682,"q":13.11,"p":149.1,"mot":"U","mo":0.0}],"mwc":5000,"ctm":true},{"mi":"2435","s":"Mobile phones","pi":"1517","v":62053,"q":12.45,"c":82.98,"tl":10.0,"ir":[{"cn":"Engkari corp","pi":"1477","ui":"3786638","t":42942,"r":37397,"q":7.25,"p":99.87,"mot":"U","mo":0.0},{"cn":"Engkari corp","pi":"1485","ui":"3782896","t":6077,"r":1136,"q":8.8,"p":98.28,"mot":"U","mo":0.0}],"mwc":5000,"ctm":true},{"mi":"2435","s":"Mobile phones","pi":"1517","v":62053,"q":14.33,"c":123.15,"tl":10.0,"ir":[{"cn":"Engkari corp","pi":"1477","ui":"3786638","t":42942,"r":37397,"q":7.25,"p":99.87,"mot":"U","mo":0.0},{"cn":"hj corp","pi":"1485","ui":"2687732","t":31215,"r":30814,"q":16.38,"p":500.0,"mot":"U","mo":0.0}],"mwc":5000,"ctm":true},{"mi":"2435","s":"Mobile phones","pi":"1517","v":65156,"q":14.42,"c":85.53,"tl":11.0,"ir":[{"cn":"Engkari corp","pi":"1477","ui":"3786638","t":42942,"r":37397,"q":7.25,"p":99.87,"mot":"U","mo":0.0},{"cn":"Engkari corp","pi":"1485","ui":"3786620","t":4685,"r":3682,"q":13.11,"p":149.1,"mot":"U","mo":0.0}],"mwc":5000,"ctm":true},{"mi":"2435","s":"Mobile phones","pi":"1517","v":65156,"q":13.24,"c":80.45,"tl":11.0,"ir":[{"cn":"Engkari corp","pi":"1477","ui":"3786638","t":42942,"r":37397,"q":7.25,"p":99.87,"mot":"U","mo":0.0},{"cn":"Engkari corp","pi":"1485","ui":"3782896","t":6077,"r":1136,"q":8.8,"p":98.28,"mot":"U","mo":0.0}],"mwc":5000,"ctm":true},{"mi":"2435","s":"Mobile phones","pi":"1517","v":65156,"q":15.25,"c":120.62,"tl":11.0,"ir":[{"cn":"Engkari corp","pi":"1477","ui":"3786638","t":42942,"r":37397,"q":7.25,"p":99.87,"mot":"U","mo":0.0},{"cn":"hj corp","pi":"1485","ui":"2687732","t":31215,"r":30814,"q":16.38,"p":500.0,"mot":"U","mo":0.0}],"mwc":5000,"ctm":true},{"mi":"2435","s":"Mobile phones","pi":"1517","v":68414,"q":15.26,"c":83.12,"tl":12.0,"ir":[{"cn":"Engkari corp","pi":"1477","ui":"3786638","t":42942,"r":37397,"q":7.25,"p":99.87,"mot":"U","mo":0.0},{"cn":"Engkari corp","pi":"1485","ui":"3786620","t":4685,"r":3682,"q":13.11,"p":149.1,"mot":"U","mo":0.0}],"mwc":5000,"ctm":true},{"mi":"2435","s":"Mobile phones","pi":"1517","v":68414,"q":14.01,"c":78.04,"tl":12.0,"ir":[{"cn":"Engkari corp","pi":"1477","ui":"3786638","t":42942,"r":37397,"q":7.25,"p":99.87,"mot":"U","mo":0.0},{"cn":"Engkari corp","pi":"1485","ui":"3782896","t":6077,"r":1136,"q":8.8,"p":98.28,"mot":"U","mo":0.0}],"mwc":5000,"ctm":true},{"mi":"2435","s":"Mobile phones","pi":"1517","v":68414,"q":16.13,"c":118.21,"tl":12.0,"ir":[{"cn":"Engkari corp","pi":"1477","ui":"3786638","t":42942,"r":37397,"q":7.25,"p":99.87,"mot":"U","mo":0.0},{"cn":"hj corp","pi":"1485","ui":"2687732","t":31215,"r":30814,"q":16.38,"p":500.0,"mot":"U","mo":0.0}],"mwc":5000,"ctm":true},{"mi":"2435","s":"Mobile phones","pi":"1517","v":71834,"q":16.07,"c":80.82,"tl":13.0,"ir":[{"cn":"Engkari corp","pi":"1477","ui":"3786638","t":42942,"r":37397,"q":7.25,"p":99.87,"mot":"U","mo":0.0},{"cn":"Engkari corp","pi":"1485","ui":"3786620","t":4685,"r":3682,"q":13.11,"p":149.1,"mot":"U","mo":0.0}],"mwc":5000,"ctm":true},{"mi":"2435","s":"Mobile phones","pi":"1517","v":71834,"q":14.76,"c":75.74,"tl":13.0,"ir":[{"cn":"Engkari corp","pi":"1477","ui":"3786638","t":42942,"r":37397,"q":7.25,"p":99.87,"mot":"U","mo":0.0},{"cn":"Engkari corp","pi":"1485","ui":"3782896","t":6077,"r":1136,"q":8.8,"p":98.28,"mot":"U","mo":0.0}],"mwc":5000,"ctm":true},{"mi":"2435","s":"Mobile phones","pi":"1517","v":71834,"q":17.0,"c":115.91,"tl":13.0,"ir":[{"cn":"Engkari corp","pi":"1477","ui":"3786638","t":42942,"r":37397,"q":7.25,"p":99.87,"mot":"U","mo":0.0},{"cn":"hj corp","pi":"1485","ui":"2687732","t":31215,"r":30814,"q":16.38,"p":500.0,"mot":"U","mo":0.0}],"mwc":5000,"ctm":true},{"mi":"2435","s":"Mobile phones","pi":"1517","v":75426,"q":16.86,"c":78.64,"tl":14.0,"ir":[{"cn":"Engkari corp","pi":"1477","ui":"3786638","t":42942,"r":37397,"q":7.25,"p":99.87,"mot":"U","mo":0.0},{"cn":"Engkari corp","pi":"1485","ui":"3786620","t":4685,"r":3682,"q":13.11,"p":149.1,"mot":"U","mo":0.0}],"mwc":5000,"ctm":true},{"mi":"2435","s":"Mobile phones","pi":"1517","v":75426,"q":15.49,"c":73.55,"tl":14.0,"ir":[{"cn":"Engkari corp","pi":"1477","ui":"3786638","t":42942,"r":37397,"q":7.25,"p":99.87,"mot":"U","mo":0.0},{"cn":"Engkari corp","pi":"1485","ui":"3782896","t":6077,"r":1136,"q":8.8,"p":98.28,"mot":"U","mo":0.0}],"mwc":5000,"ctm":true},{"mi":"2435","s":"Mobile phones","pi":"1517","v":75426,"q":17.83,"c":113.73,"tl":14.0,"ir":[{"cn":"Engkari corp","pi":"1477","ui":"3786638","t":42942,"r":37397,"q":7.25,"p":99.87,"mot":"U","mo":0.0},{"cn":"hj corp","pi":"1485","ui":"2687732","t":31215,"r":30814,"q":16.38,"p":500.0,"mot":"U","mo":0.0}],"mwc":5000,"ctm":true},{"mi":"2435","s":"Mobile phones","pi":"1517","v":79197,"q":17.64,"c":76.55,"tl":15.0,"ir":[{"cn":"Engkari corp","pi":"1477","ui":"3786638","t":42942,"r":37397,"q":7.25,"p":99.87,"mot":"U","mo":0.0},{"cn":"Engkari corp","pi":"1485","ui":"3786620","t":4685,"r":3682,"q":13.11,"p":149.1,"mot":"U","mo":0.0}],"mwc":5000,"ctm":true},{"mi":"2435","s":"Mobile phones","pi":"1517","v":79197,"q":16.2,"c":71.47,"tl":15.0,"ir":[{"cn":"Engkari corp","pi":"1477","ui":"3786638","t":42942,"r":37397,"q":7.25,"p":99.87,"mot":"U","mo":0.0},{"cn":"Engkari corp","pi":"1485","ui":"3782896","t":6077,"r":1136,"q":8.8,"p":98.28,"mot":"U","mo":0.0}],"mwc":5000,"ctm":true},{"mi":"2435","s":"Mobile phones","pi":"1517","v":79197,"q":18.65,"c":111.64,"tl":15.0,"ir":[{"cn":"Engkari corp","pi":"1477","ui":"3786638","t":42942,"r":37397,"q":7.25,"p":99.87,"mot":"U","mo":0.0},{"cn":"hj corp","pi":"1485","ui":"2687732","t":31215,"r":30814,"q":16.38,"p":500.0,"mot":"U","mo":0.0}],"mwc":5000,"ctm":true},{"mi":"2435","s":"Mobile phones","pi":"1517","v":83157,"q":18.39,"c":74.57,"tl":16.0,"ir":[{"cn":"Engkari corp","pi":"1477","ui":"3786638","t":42942,"r":37397,"q":7.25,"p":99.87,"mot":"U","mo":0.0},{"cn":"Engkari corp","pi":"1485","ui":"3786620","t":4685,"r":3682,"q":13.11,"p":149.1,"mot":"U","mo":0.0}],"mwc":5000,"ctm":true},{"mi":"2435","s":"Mobile phones","pi":"1517","v":83157,"q":16.9,"c":69.49,"tl":16.0,"ir":[{"cn":"Engkari corp","pi":"1477","ui":"3786638","t":42942,"r":37397,"q":7.25,"p":99.87,"mot":"U","mo":0.0},{"cn":"Engkari corp","pi":"1485","ui":"3782896","t":6077,"r":1136,"q":8.8,"p":98.28,"mot":"U","mo":0.0}],"mwc":5000,"ctm":true},{"mi":"2435","s":"Mobile phones","pi":"1517","v":83157,"q":19.45,"c":109.66,"tl":16.0,"ir":[{"cn":"Engkari corp","pi":"1477","ui":"3786638","t":42942,"r":37397,"q":7.25,"p":99.87,"mot":"U","mo":0.0},{"cn":"hj corp","pi":"1485","ui":"2687732","t":31215,"r":30814,"q":16.38,"p":500.0,"mot":"U","mo":0.0}],"mwc":5000,"ctm":true},{"mi":"2435","s":"Mobile phones","pi":"1517","v":87315,"q":19.13,"c":72.68,"tl":17.0,"ir":[{"cn":"Engkari corp","pi":"1477","ui":"3786638","t":42942,"r":37397,"q":7.25,"p":99.87,"mot":"U","mo":0.0},{"cn":"Engkari corp","pi":"1485","ui":"3786620","t":4685,"r":3682,"q":13.11,"p":149.1,"mot":"U","mo":0.0}],"mwc":5000,"ctm":true},{"mi":"2435","s":"Mobile phones","pi":"1517","v":87315,"q":17.58,"c":67.6,"tl":17.0,"ir":[{"cn":"Engkari corp","pi":"1477","ui":"3786638","t":42942,"r":37397,"q":7.25,"p":99.87,"mot":"U","mo":0.0},{"cn":"Engkari corp","pi":"1485","ui":"3782896","t":6077,"r":1136,"q":8.8,"p":98.28,"mot":"U","mo":0.0}],"mwc":5000,"ctm":true},{"mi":"2435","s":"Mobile phones","pi":"1517","v":87315,"q":20.23,"c":107.77,"tl":17.0,"ir":[{"cn":"Engkari corp","pi":"1477","ui":"3786638","t":42942,"r":37397,"q":7.25,"p":99.87,"mot":"U","mo":0.0},{"cn":"hj corp","pi":"1485","ui":"2687732","t":31215,"r":30814,"q":16.38,"p":500.0,"mot":"U","mo":0.0}],"mwc":5000,"ctm":true},{"mi":"2435","s":"Mobile phones","pi":"1517","v":91681,"q":19.86,"c":70.88,"tl":18.0,"ir":[{"cn":"Engkari corp","pi":"1477","ui":"3786638","t":42942,"r":37397,"q":7.25,"p":99.87,"mot":"U","mo":0.0},{"cn":"Engkari corp","pi":"1485","ui":"3786620","t":4685,"r":3682,"q":13.11,"p":149.1,"mot":"U","mo":0.0}],"mwc":5000,"ctm":true},{"mi":"2435","s":"Mobile phones","pi":"1517","v":91681,"q":18.24,"c":65.8,"tl":18.0,"ir":[{"cn":"Engkari corp","pi":"1477","ui":"3786638","t":42942,"r":37397,"q":7.25,"p":99.87,"mot":"U","mo":0.0},{"cn":"Engkari corp","pi":"1485","ui":"3782896","t":6077,"r":1136,"q":8.8,"p":98.28,"mot":"U","mo":0.0}],"mwc":5000,"ctm":true},{"mi":"2435","s":"Mobile phones","pi":"1517","v":91681,"q":21.0,"c":105.97,"tl":18.0,"ir":[{"cn":"Engkari corp","pi":"1477","ui":"3786638","t":42942,"r":37397,"q":7.25,"p":99.87,"mot":"U","mo":0.0},{"cn":"hj corp","pi":"1485","ui":"2687732","t":31215,"r":30814,"q":16.38,"p":500.0,"mot":"U","mo":0.0}],"mwc":5000,"ctm":true},{"mi":"2435","s":"Mobile phones","pi":"1517","v":96265,"q":20.57,"c":69.16,"tl":19.0,"ir":[{"cn":"Engkari corp","pi":"1477","ui":"3786638","t":42942,"r":37397,"q":7.25,"p":99.87,"mot":"U","mo":0.0},{"cn":"Engkari corp","pi":"1485","ui":"3786620","t":4685,"r":3682,"q":13.11,"p":149.1,"mot":"U","mo":0.0}],"mwc":5000,"ctm":true},{"mi":"2435","s":"Mobile phones","pi":"1517","v":96265,"q":18.89,"c":64.08,"tl":19.0,"ir":[{"cn":"Engkari corp","pi":"1477","ui":"3786638","t":42942,"r":37397,"q":7.25,"p":99.87,"mot":"U","mo":0.0},{"cn":"Engkari corp","pi":"1485","ui":"3782896","t":6077,"r":1136,"q":8.8,"p":98.28,"mot":"U","mo":0.0}],"mwc":5000,"ctm":true},{"mi":"2435","s":"Mobile phones","pi":"1517","v":96265,"q":21.75,"c":104.25,"tl":19.0,"ir":[{"cn":"Engkari corp","pi":"1477","ui":"3786638","t":42942,"r":37397,"q":7.25,"p":99.87,"mot":"U","mo":0.0},{"cn":"hj corp","pi":"1485","ui":"2687732","t":31215,"r":30814,"q":16.38,"p":500.0,"mot":"U","mo":0.0}],"mwc":5000,"ctm":true},{"mi":"2435","s":"Mobile phones","pi":"1517","v":101078,"q":21.26,"c":67.53,"tl":20.0,"ir":[{"cn":"Engkari corp","pi":"1477","ui":"3786638","t":42942,"r":37397,"q":7.25,"p":99.87,"mot":"U","mo":0.0},{"cn":"Engkari corp","pi":"1485","ui":"3786620","t":4685,"r":3682,"q":13.11,"p":149.1,"mot":"U","mo":0.0}],"mwc":5000,"ctm":true},{"mi":"2435","s":"Mobile phones","pi":"1517","v":101078,"q":19.53,"c":62.45,"tl":20.0,"ir":[{"cn":"Engkari corp","pi":"1477","ui":"3786638","t":42942,"r":37397,"q":7.25,"p":99.87,"mot":"U","mo":0.0},{"cn":"Engkari corp","pi":"1485","ui":"3782896","t":6077,"r":1136,"q":8.8,"p":98.28,"mot":"U","mo":0.0}],"mwc":5000,"ctm":true},{"mi":"2435","s":"Mobile phones","pi":"1517","v":101078,"q":22.49,"c":102.62,"tl":20.0,"ir":[{"cn":"Engkari corp","pi":"1477","ui":"3786638","t":42942,"r":37397,"q":7.25,"p":99.87,"mot":"U","mo":0.0},{"cn":"hj corp","pi":"1485","ui":"2687732","t":31215,"r":30814,"q":16.38,"p":500.0,"mot":"U","mo":0.0}],"mwc":5000,"ctm":true},{"mi":"2411","s":"Journals","pi":"1522","v":2078928,"q":110.28,"c":2.76,"tl":16.0,"ir":[{"cn":"Maxi-Co LTD","pi":"1476","ui":"3235830","t":1915374,"r":1599701,"q":40.44,"p":10.99,"mot":"U","mo":0.0},{"cn":"Parex","pi":"1472","ui":"3625039","t":4010449,"r":3972822,"q":44.93,"p":3.0,"mot":"U","mo":0.0}],"mwc":2500,"ctm":true},{"mi":"2411","s":"Journals","pi":"1522","v":2078928,"q":110.28,"c":2.81,"tl":16.0,"ir":[{"cn":"Parex","pi":"1476","ui":"3625039","t":11080,"r":4548,"q":51.13,"p":13.0,"mot":"U","mo":0.0},{"cn":"Parex","pi":"1472","ui":"3625039","t":4010449,"r":3972822,"q":44.93,"p":3.0,"mot":"U","mo":0.0}],"mwc":2500,"ctm":true},{"mi":"2411","s":"Journals","pi":"1522","v":2078928,"q":110.28,"c":2.81,"tl":16.0,"ir":[{"cn":"WoodProf","pi":"1476","ui":"3725135","t":12810,"r":12810,"q":39.53,"p":13.0,"mot":"U","mo":0.0},{"cn":"Parex","pi":"1472","ui":"3625039","t":4010449,"r":3972822,"q":44.93,"p":3.0,"mot":"U","mo":0.0}],"mwc":2500,"ctm":true},{"mi":"2411","s":"Journals","pi":"1522","v":2182875,"q":119.32,"c":2.69,"tl":17.0,"ir":[{"cn":"Maxi-Co LTD","pi":"1476","ui":"3235830","t":1915374,"r":1599701,"q":40.44,"p":10.99,"mot":"U","mo":0.0},{"cn":"Parex","pi":"1472","ui":"3625039","t":4010449,"r":3972822,"q":44.93,"p":3.0,"mot":"U","mo":0.0}],"mwc":2500,"ctm":true},{"mi":"2411","s":"Journals","pi":"1522","v":2182875,"q":119.32,"c":2.74,"tl":17.0,"ir":[{"cn":"Parex","pi":"1476","ui":"3625039","t":11080,"r":4548,"q":51.13,"p":13.0,"mot":"U","mo":0.0},{"cn":"Parex","pi":"1472","ui":"3625039","t":4010449,"r":3972822,"q":44.93,"p":3.0,"mot":"U","mo":0.0}],"mwc":2500,"ctm":true},{"mi":"2411","s":"Journals","pi":"1522","v":2182875,"q":119.32,"c":2.74,"tl":17.0,"ir":[{"cn":"WoodProf","pi":"1476","ui":"3725135","t":12810,"r":12810,"q":39.53,"p":13.0,"mot":"U","mo":0.0},{"cn":"Parex","pi":"1472","ui":"3625039","t":4010449,"r":3972822,"q":44.93,"p":3.0,"mot":"U","mo":0.0}],"mwc":2500,"ctm":true},{"mi":"3891","s":"TV-sets","pi":"3868","v":10000,"q":1.0,"c":454.08,"tl":1.0,"ir":[{"cn":"Engkari corp","pi":"1477","ui":"3786638","t":42942,"r":37397,"q":7.25,"p":99.87,"mot":"U","mo":0.0},{"cn":"Engkari corp","pi":"1485","ui":"3782896","t":6077,"r":1136,"q":8.8,"p":98.28,"mot":"U","mo":0.0},{"cn":"hj corp","pi":"1481","ui":"3253893","t":70755,"r":15394,"q":17.27,"p":50.0,"mot":"U","mo":0.0}],"mwc":5000,"ctm":true},{"mi":"3891","s":"TV-sets","pi":"3868","v":10000,"q":1.0,"c":454.08,"tl":1.0,"ir":[{"cn":"Engkari corp","pi":"1477","ui":"3786638","t":42942,"r":37397,"q":7.25,"p":99.87,"mot":"U","mo":0.0},{"cn":"Engkari corp","pi":"1485","ui":"3782896","t":6077,"r":1136,"q":8.8,"p":98.28,"mot":"U","mo":0.0},{"cn":"Ellipsis","pi":"1481","ui":"3781764","t":72161,"r":62661,"q":1.01,"p":50.0,"mot":"U","mo":0.0}],"mwc":5000,"ctm":true},{"mi":"3891","s":"TV-sets","pi":"3868","v":10000,"q":1.0,"c":479.49,"tl":1.0,"ir":[{"cn":"Engkari corp","pi":"1477","ui":"3786638","t":42942,"r":37397,"q":7.25,"p":99.87,"mot":"U","mo":0.0},{"cn":"Engkari corp","pi":"1485","ui":"3786620","t":4685,"r":3682,"q":13.11,"p":149.1,"mot":"U","mo":0.0},{"cn":"hj corp","pi":"1481","ui":"3253893","t":70755,"r":15394,"q":17.27,"p":50.0,"mot":"U","mo":0.0}],"mwc":5000,"ctm":true},{"mi":"3891","s":"TV-sets","pi":"3868","v":10500,"q":2.46,"c":438.36,"tl":2.0,"ir":[{"cn":"Engkari corp","pi":"1477","ui":"3786638","t":42942,"r":37397,"q":7.25,"p":99.87,"mot":"U","mo":0.0},{"cn":"Engkari corp","pi":"1485","ui":"3782896","t":6077,"r":1136,"q":8.8,"p":98.28,"mot":"U","mo":0.0},{"cn":"hj corp","pi":"1481","ui":"3253893","t":70755,"r":15394,"q":17.27,"p":50.0,"mot":"U","mo":0.0}],"mwc":5000,"ctm":true},{"mi":"3891","s":"TV-sets","pi":"3868","v":10500,"q":2.46,"c":438.36,"tl":2.0,"ir":[{"cn":"Engkari corp","pi":"1477","ui":"3786638","t":42942,"r":37397,"q":7.25,"p":99.87,"mot":"U","mo":0.0},{"cn":"Engkari corp","pi":"1485","ui":"3782896","t":6077,"r":1136,"q":8.8,"p":98.28,"mot":"U","mo":0.0},{"cn":"Ellipsis","pi":"1481","ui":"3781764","t":72161,"r":62661,"q":1.01,"p":50.0,"mot":"U","mo":0.0}],"mwc":5000,"ctm":true},{"mi":"3891","s":"TV-sets","pi":"3868","v":10500,"q":2.46,"c":463.77,"tl":2.0,"ir":[{"cn":"Engkari corp","pi":"1477","ui":"3786638","t":42942,"r":37397,"q":7.25,"p":99.87,"mot":"U","mo":0.0},{"cn":"Engkari corp","pi":"1485","ui":"3786620","t":4685,"r":3682,"q":13.11,"p":149.1,"mot":"U","mo":0.0},{"cn":"hj corp","pi":"1481","ui":"3253893","t":70755,"r":15394,"q":17.27,"p":50.0,"mot":"U","mo":0.0}],"mwc":5000,"ctm":true},{"mi":"3891","s":"TV-sets","pi":"3868","v":11025,"q":4.17,"c":423.39,"tl":3.0,"ir":[{"cn":"Engkari corp","pi":"1477","ui":"3786638","t":42942,"r":37397,"q":7.25,"p":99.87,"mot":"U","mo":0.0},{"cn":"Engkari corp","pi":"1485","ui":"3782896","t":6077,"r":1136,"q":8.8,"p":98.28,"mot":"U","mo":0.0},{"cn":"hj corp","pi":"1481","ui":"3253893","t":70755,"r":15394,"q":17.27,"p":50.0,"mot":"U","mo":0.0}],"mwc":5000,"ctm":true},{"mi":"3891","s":"TV-sets","pi":"3868","v":11025,"q":4.17,"c":423.39,"tl":3.0,"ir":[{"cn":"Engkari corp","pi":"1477","ui":"3786638","t":42942,"r":37397,"q":7.25,"p":99.87,"mot":"U","mo":0.0},{"cn":"Engkari corp","pi":"1485","ui":"3782896","t":6077,"r":1136,"q":8.8,"p":98.28,"mot":"U","mo":0.0},{"cn":"Ellipsis","pi":"1481","ui":"3781764","t":72161,"r":62661,"q":1.01,"p":50.0,"mot":"U","mo":0.0}],"mwc":5000,"ctm":true},{"mi":"3891","s":"TV-sets","pi":"3868","v":11025,"q":4.17,"c":448.8,"tl":3.0,"ir":[{"cn":"Engkari corp","pi":"1477","ui":"3786638","t":42942,"r":37397,"q":7.25,"p":99.87,"mot":"U","mo":0.0},{"cn":"Engkari corp","pi":"1485","ui":"3786620","t":4685,"r":3682,"q":13.11,"p":149.1,"mot":"U","mo":0.0},{"cn":"hj corp","pi":"1481","ui":"3253893","t":70755,"r":15394,"q":17.27,"p":50.0,"mot":"U","mo":0.0}],"mwc":5000,"ctm":true},{"mi":"3891","s":"TV-sets","pi":"3868","v":11576,"q":6.06,"c":409.14,"tl":4.0,"ir":[{"cn":"Engkari corp","pi":"1477","ui":"3786638","t":42942,"r":37397,"q":7.25,"p":99.87,"mot":"U","mo":0.0},{"cn":"Engkari corp","pi":"1485","ui":"3782896","t":6077,"r":1136,"q":8.8,"p":98.28,"mot":"U","mo":0.0},{"cn":"hj corp","pi":"1481","ui":"3253893","t":70755,"r":15394,"q":17.27,"p":50.0,"mot":"U","mo":0.0}],"mwc":5000,"ctm":true},{"mi":"3891","s":"TV-sets","pi":"3868","v":11576,"q":5.87,"c":409.14,"tl":4.0,"ir":[{"cn":"Engkari corp","pi":"1477","ui":"3786638","t":42942,"r":37397,"q":7.25,"p":99.87,"mot":"U","mo":0.0},{"cn":"Engkari corp","pi":"1485","ui":"3782896","t":6077,"r":1136,"q":8.8,"p":98.28,"mot":"U","mo":0.0},{"cn":"Ellipsis","pi":"1481","ui":"3781764","t":72161,"r":62661,"q":1.01,"p":50.0,"mot":"U","mo":0.0}],"mwc":5000,"ctm":true},{"mi":"3891","s":"TV-sets","pi":"3868","v":11576,"q":6.06,"c":434.55,"tl":4.0,"ir":[{"cn":"Engkari corp","pi":"1477","ui":"3786638","t":42942,"r":37397,"q":7.25,"p":99.87,"mot":"U","mo":0.0},{"cn":"Engkari corp","pi":"1485","ui":"3786620","t":4685,"r":3682,"q":13.11,"p":149.1,"mot":"U","mo":0.0},{"cn":"hj corp","pi":"1481","ui":"3253893","t":70755,"r":15394,"q":17.27,"p":50.0,"mot":"U","mo":0.0}],"mwc":5000,"ctm":true},{"mi":"3891","s":"TV-sets","pi":"3868","v":12155,"q":8.1,"c":395.57,"tl":5.0,"ir":[{"cn":"Engkari corp","pi":"1477","ui":"3786638","t":42942,"r":37397,"q":7.25,"p":99.87,"mot":"U","mo":0.0},{"cn":"Engkari corp","pi":"1485","ui":"3782896","t":6077,"r":1136,"q":8.8,"p":98.28,"mot":"U","mo":0.0},{"cn":"hj corp","pi":"1481","ui":"3253893","t":70755,"r":15394,"q":17.27,"p":50.0,"mot":"U","mo":0.0}],"mwc":5000,"ctm":true},{"mi":"3891","s":"TV-sets","pi":"3868","v":12155,"q":8.1,"c":420.98,"tl":5.0,"ir":[{"cn":"Engkari corp","pi":"1477","ui":"3786638","t":42942,"r":37397,"q":7.25,"p":99.87,"mot":"U","mo":0.0},{"cn":"Engkari corp","pi":"1485","ui":"3786620","t":4685,"r":3682,"q":13.11,"p":149.1,"mot":"U","mo":0.0},{"cn":"hj corp","pi":"1481","ui":"3253893","t":70755,"r":15394,"q":17.27,"p":50.0,"mot":"U","mo":0.0}],"mwc":5000,"ctm":true},{"mi":"3891","s":"TV-sets","pi":"3868","v":12155,"q":7.6,"c":420.98,"tl":5.0,"ir":[{"cn":"Engkari corp","pi":"1477","ui":"3786638","t":42942,"r":37397,"q":7.25,"p":99.87,"mot":"U","mo":0.0},{"cn":"Engkari corp","pi":"1485","ui":"3786620","t":4685,"r":3682,"q":13.11,"p":149.1,"mot":"U","mo":0.0},{"cn":"Ellipsis","pi":"1481","ui":"3781764","t":72161,"r":62661,"q":1.01,"p":50.0,"mot":"U","mo":0.0}],"mwc":5000,"ctm":true},{"mi":"3891","s":"TV-sets","pi":"3868","v":12763,"q":10.27,"c":382.64,"tl":6.0,"ir":[{"cn":"Engkari corp","pi":"1477","ui":"3786638","t":42942,"r":37397,"q":7.25,"p":99.87,"mot":"U","mo":0.0},{"cn":"Engkari corp","pi":"1485","ui":"3782896","t":6077,"r":1136,"q":8.8,"p":98.28,"mot":"U","mo":0.0},{"cn":"hj corp","pi":"1481","ui":"3253893","t":70755,"r":15394,"q":17.27,"p":50.0,"mot":"U","mo":0.0}],"mwc":5000,"ctm":true},{"mi":"3891","s":"TV-sets","pi":"3868","v":12763,"q":10.27,"c":408.05,"tl":6.0,"ir":[{"cn":"Engkari corp","pi":"1477","ui":"3786638","t":42942,"r":37397,"q":7.25,"p":99.87,"mot":"U","mo":0.0},{"cn":"Engkari corp","pi":"1485","ui":"3786620","t":4685,"r":3682,"q":13.11,"p":149.1,"mot":"U","mo":0.0},{"cn":"hj corp","pi":"1481","ui":"3253893","t":70755,"r":15394,"q":17.27,"p":50.0,"mot":"U","mo":0.0}],"mwc":5000,"ctm":true},{"mi":"3891","s":"TV-sets","pi":"3868","v":12763,"q":8.55,"c":408.05,"tl":6.0,"ir":[{"cn":"Engkari corp","pi":"1477","ui":"3786638","t":42942,"r":37397,"q":7.25,"p":99.87,"mot":"U","mo":0.0},{"cn":"Engkari corp","pi":"1485","ui":"3786620","t":4685,"r":3682,"q":13.11,"p":149.1,"mot":"U","mo":0.0},{"cn":"Ellipsis","pi":"1481","ui":"3781764","t":72161,"r":62661,"q":1.01,"p":50.0,"mot":"U","mo":0.0}],"mwc":5000,"ctm":true},{"mi":"3891","s":"TV-sets","pi":"3868","v":13401,"q":11.81,"c":370.33,"tl":7.0,"ir":[{"cn":"Engkari corp","pi":"1477","ui":"3786638","t":42942,"r":37397,"q":7.25,"p":99.87,"mot":"U","mo":0.0},{"cn":"Engkari corp","pi":"1485","ui":"3782896","t":6077,"r":1136,"q":8.8,"p":98.28,"mot":"U","mo":0.0},{"cn":"hj corp","pi":"1481","ui":"3253893","t":70755,"r":15394,"q":17.27,"p":50.0,"mot":"U","mo":0.0}],"mwc":5000,"ctm":true},{"mi":"3891","s":"TV-sets","pi":"3868","v":13401,"q":12.55,"c":395.74,"tl":7.0,"ir":[{"cn":"Engkari corp","pi":"1477","ui":"3786638","t":42942,"r":37397,"q":7.25,"p":99.87,"mot":"U","mo":0.0},{"cn":"Engkari corp","pi":"1485","ui":"3786620","t":4685,"r":3682,"q":13.11,"p":149.1,"mot":"U","mo":0.0},{"cn":"hj corp","pi":"1481","ui":"3253893","t":70755,"r":15394,"q":17.27,"p":50.0,"mot":"U","mo":0.0}],"mwc":5000,"ctm":true},{"mi":"3891","s":"TV-sets","pi":"3868","v":13401,"q":9.45,"c":395.74,"tl":7.0,"ir":[{"cn":"Engkari corp","pi":"1477","ui":"3786638","t":42942,"r":37397,"q":7.25,"p":99.87,"mot":"U","mo":0.0},{"cn":"Engkari corp","pi":"1485","ui":"3786620","t":4685,"r":3682,"q":13.11,"p":149.1,"mot":"U","mo":0.0},{"cn":"Ellipsis","pi":"1481","ui":"3781764","t":72161,"r":62661,"q":1.01,"p":50.0,"mot":"U","mo":0.0}],"mwc":5000,"ctm":true},{"mi":"3891","s":"TV-sets","pi":"3868","v":14071,"q":12.88,"c":358.6,"tl":8.0,"ir":[{"cn":"Engkari corp","pi":"1477","ui":"3786638","t":42942,"r":37397,"q":7.25,"p":99.87,"mot":"U","mo":0.0},{"cn":"Engkari corp","pi":"1485","ui":"3782896","t":6077,"r":1136,"q":8.8,"p":98.28,"mot":"U","mo":0.0},{"cn":"hj corp","pi":"1481","ui":"3253893","t":70755,"r":15394,"q":17.27,"p":50.0,"mot":"U","mo":0.0}],"mwc":5000,"ctm":true},{"mi":"3891","s":"TV-sets","pi":"3868","v":14071,"q":13.68,"c":384.01,"tl":8.0,"ir":[{"cn":"Engkari corp","pi":"1477","ui":"3786638","t":42942,"r":37397,"q":7.25,"p":99.87,"mot":"U","mo":0.0},{"cn":"Engkari corp","pi":"1485","ui":"3786620","t":4685,"r":3682,"q":13.11,"p":149.1,"mot":"U","mo":0.0},{"cn":"hj corp","pi":"1481","ui":"3253893","t":70755,"r":15394,"q":17.27,"p":50.0,"mot":"U","mo":0.0}],"mwc":5000,"ctm":true},{"mi":"3891","s":"TV-sets","pi":"3868","v":14071,"q":10.31,"c":384.01,"tl":8.0,"ir":[{"cn":"Engkari corp","pi":"1477","ui":"3786638","t":42942,"r":37397,"q":7.25,"p":99.87,"mot":"U","mo":0.0},{"cn":"Engkari corp","pi":"1485","ui":"3786620","t":4685,"r":3682,"q":13.11,"p":149.1,"mot":"U","mo":0.0},{"cn":"Ellipsis","pi":"1481","ui":"3781764","t":72161,"r":62661,"q":1.01,"p":50.0,"mot":"U","mo":0.0}],"mwc":5000,"ctm":true},{"mi":"3891","s":"TV-sets","pi":"3868","v":14775,"q":13.9,"c":347.43,"tl":9.0,"ir":[{"cn":"Engkari corp","pi":"1477","ui":"3786638","t":42942,"r":37397,"q":7.25,"p":99.87,"mot":"U","mo":0.0},{"cn":"Engkari corp","pi":"1485","ui":"3782896","t":6077,"r":1136,"q":8.8,"p":98.28,"mot":"U","mo":0.0},{"cn":"hj corp","pi":"1481","ui":"3253893","t":70755,"r":15394,"q":17.27,"p":50.0,"mot":"U","mo":0.0}],"mwc":5000,"ctm":true},{"mi":"3891","s":"TV-sets","pi":"3868","v":14775,"q":14.77,"c":372.84,"tl":9.0,"ir":[{"cn":"Engkari corp","pi":"1477","ui":"3786638","t":42942,"r":37397,"q":7.25,"p":99.87,"mot":"U","mo":0.0},{"cn":"Engkari corp","pi":"1485","ui":"3786620","t":4685,"r":3682,"q":13.11,"p":149.1,"mot":"U","mo":0.0},{"cn":"hj corp","pi":"1481","ui":"3253893","t":70755,"r":15394,"q":17.27,"p":50.0,"mot":"U","mo":0.0}],"mwc":5000,"ctm":true},{"mi":"3891","s":"TV-sets","pi":"3868","v":14775,"q":11.13,"c":372.84,"tl":9.0,"ir":[{"cn":"Engkari corp","pi":"1477","ui":"3786638","t":42942,"r":37397,"q":7.25,"p":99.87,"mot":"U","mo":0.0},{"cn":"Engkari corp","pi":"1485","ui":"3786620","t":4685,"r":3682,"q":13.11,"p":149.1,"mot":"U","mo":0.0},{"cn":"Ellipsis","pi":"1481","ui":"3781764","t":72161,"r":62661,"q":1.01,"p":50.0,"mot":"U","mo":0.0}],"mwc":5000,"ctm":true},{"mi":"3891","s":"TV-sets","pi":"3868","v":15513,"q":14.89,"c":336.8,"tl":10.0,"ir":[{"cn":"Engkari corp","pi":"1477","ui":"3786638","t":42942,"r":37397,"q":7.25,"p":99.87,"mot":"U","mo":0.0},{"cn":"Engkari corp","pi":"1485","ui":"3782896","t":6077,"r":1136,"q":8.8,"p":98.28,"mot":"U","mo":0.0},{"cn":"hj corp","pi":"1481","ui":"3253893","t":70755,"r":15394,"q":17.27,"p":50.0,"mot":"U","mo":0.0}],"mwc":5000,"ctm":true},{"mi":"3891","s":"TV-sets","pi":"3868","v":15513,"q":15.82,"c":362.21,"tl":10.0,"ir":[{"cn":"Engkari corp","pi":"1477","ui":"3786638","t":42942,"r":37397,"q":7.25,"p":99.87,"mot":"U","mo":0.0},{"cn":"Engkari corp","pi":"1485","ui":"3786620","t":4685,"r":3682,"q":13.11,"p":149.1,"mot":"U","mo":0.0},{"cn":"hj corp","pi":"1481","ui":"3253893","t":70755,"r":15394,"q":17.27,"p":50.0,"mot":"U","mo":0.0}],"mwc":5000,"ctm":true},{"mi":"3891","s":"TV-sets","pi":"3868","v":15513,"q":11.92,"c":362.21,"tl":10.0,"ir":[{"cn":"Engkari corp","pi":"1477","ui":"3786638","t":42942,"r":37397,"q":7.25,"p":99.87,"mot":"U","mo":0.0},{"cn":"Engkari corp","pi":"1485","ui":"3786620","t":4685,"r":3682,"q":13.11,"p":149.1,"mot":"U","mo":0.0},{"cn":"Ellipsis","pi":"1481","ui":"3781764","t":72161,"r":62661,"q":1.01,"p":50.0,"mot":"U","mo":0.0}],"mwc":5000,"ctm":true},{"mi":"3891","s":"TV-sets","pi":"3868","v":16289,"q":15.84,"c":326.67,"tl":11.0,"ir":[{"cn":"Engkari corp","pi":"1477","ui":"3786638","t":42942,"r":37397,"q":7.25,"p":99.87,"mot":"U","mo":0.0},{"cn":"Engkari corp","pi":"1485","ui":"3782896","t":6077,"r":1136,"q":8.8,"p":98.28,"mot":"U","mo":0.0},{"cn":"hj corp","pi":"1481","ui":"3253893","t":70755,"r":15394,"q":17.27,"p":50.0,"mot":"U","mo":0.0}],"mwc":5000,"ctm":true},{"mi":"3891","s":"TV-sets","pi":"3868","v":16289,"q":16.83,"c":352.08,"tl":11.0,"ir":[{"cn":"Engkari corp","pi":"1477","ui":"3786638","t":42942,"r":37397,"q":7.25,"p":99.87,"mot":"U","mo":0.0},{"cn":"Engkari corp","pi":"1485","ui":"3786620","t":4685,"r":3682,"q":13.11,"p":149.1,"mot":"U","mo":0.0},{"cn":"hj corp","pi":"1481","ui":"3253893","t":70755,"r":15394,"q":17.27,"p":50.0,"mot":"U","mo":0.0}],"mwc":5000,"ctm":true},{"mi":"3891","s":"TV-sets","pi":"3868","v":16289,"q":12.68,"c":352.08,"tl":11.0,"ir":[{"cn":"Engkari corp","pi":"1477","ui":"3786638","t":42942,"r":37397,"q":7.25,"p":99.87,"mot":"U","mo":0.0},{"cn":"Engkari corp","pi":"1485","ui":"3786620","t":4685,"r":3682,"q":13.11,"p":149.1,"mot":"U","mo":0.0},{"cn":"Ellipsis","pi":"1481","ui":"3781764","t":72161,"r":62661,"q":1.01,"p":50.0,"mot":"U","mo":0.0}],"mwc":5000,"ctm":true},{"mi":"3891","s":"TV-sets","pi":"3868","v":17103,"q":16.76,"c":317.02,"tl":12.0,"ir":[{"cn":"Engkari corp","pi":"1477","ui":"3786638","t":42942,"r":37397,"q":7.25,"p":99.87,"mot":"U","mo":0.0},{"cn":"Engkari corp","pi":"1485","ui":"3782896","t":6077,"r":1136,"q":8.8,"p":98.28,"mot":"U","mo":0.0},{"cn":"hj corp","pi":"1481","ui":"3253893","t":70755,"r":15394,"q":17.27,"p":50.0,"mot":"U","mo":0.0}],"mwc":5000,"ctm":true},{"mi":"3891","s":"TV-sets","pi":"3868","v":17103,"q":17.81,"c":342.43,"tl":12.0,"ir":[{"cn":"Engkari corp","pi":"1477","ui":"3786638","t":42942,"r":37397,"q":7.25,"p":99.87,"mot":"U","mo":0.0},{"cn":"Engkari corp","pi":"1485","ui":"3786620","t":4685,"r":3682,"q":13.11,"p":149.1,"mot":"U","mo":0.0},{"cn":"hj corp","pi":"1481","ui":"3253893","t":70755,"r":15394,"q":17.27,"p":50.0,"mot":"U","mo":0.0}],"mwc":5000,"ctm":true},{"mi":"3891","s":"TV-sets","pi":"3868","v":17103,"q":13.42,"c":342.43,"tl":12.0,"ir":[{"cn":"Engkari corp","pi":"1477","ui":"3786638","t":42942,"r":37397,"q":7.25,"p":99.87,"mot":"U","mo":0.0},{"cn":"Engkari corp","pi":"1485","ui":"3786620","t":4685,"r":3682,"q":13.11,"p":149.1,"mot":"U","mo":0.0},{"cn":"Ellipsis","pi":"1481","ui":"3781764","t":72161,"r":62661,"q":1.01,"p":50.0,"mot":"U","mo":0.0}],"mwc":5000,"ctm":true},{"mi":"3891","s":"TV-sets","pi":"3868","v":17959,"q":17.65,"c":307.83,"tl":13.0,"ir":[{"cn":"Engkari corp","pi":"1477","ui":"3786638","t":42942,"r":37397,"q":7.25,"p":99.87,"mot":"U","mo":0.0},{"cn":"Engkari corp","pi":"1485","ui":"3782896","t":6077,"r":1136,"q":8.8,"p":98.28,"mot":"U","mo":0.0},{"cn":"hj corp","pi":"1481","ui":"3253893","t":70755,"r":15394,"q":17.27,"p":50.0,"mot":"U","mo":0.0}],"mwc":5000,"ctm":true},{"mi":"3891","s":"TV-sets","pi":"3868","v":17959,"q":18.76,"c":333.24,"tl":13.0,"ir":[{"cn":"Engkari corp","pi":"1477","ui":"3786638","t":42942,"r":37397,"q":7.25,"p":99.87,"mot":"U","mo":0.0},{"cn":"Engkari corp","pi":"1485","ui":"3786620","t":4685,"r":3682,"q":13.11,"p":149.1,"mot":"U","mo":0.0},{"cn":"hj corp","pi":"1481","ui":"3253893","t":70755,"r":15394,"q":17.27,"p":50.0,"mot":"U","mo":0.0}],"mwc":5000,"ctm":true},{"mi":"3891","s":"TV-sets","pi":"3868","v":17959,"q":14.14,"c":333.24,"tl":13.0,"ir":[{"cn":"Engkari corp","pi":"1477","ui":"3786638","t":42942,"r":37397,"q":7.25,"p":99.87,"mot":"U","mo":0.0},{"cn":"Engkari corp","pi":"1485","ui":"3786620","t":4685,"r":3682,"q":13.11,"p":149.1,"mot":"U","mo":0.0},{"cn":"Ellipsis","pi":"1481","ui":"3781764","t":72161,"r":62661,"q":1.01,"p":50.0,"mot":"U","mo":0.0}],"mwc":5000,"ctm":true},{"mi":"3891","s":"TV-sets","pi":"3868","v":18856,"q":18.53,"c":299.08,"tl":14.0,"ir":[{"cn":"Engkari corp","pi":"1477","ui":"3786638","t":42942,"r":37397,"q":7.25,"p":99.87,"mot":"U","mo":0.0},{"cn":"Engkari corp","pi":"1485","ui":"3782896","t":6077,"r":1136,"q":8.8,"p":98.28,"mot":"U","mo":0.0},{"cn":"hj corp","pi":"1481","ui":"3253893","t":70755,"r":15394,"q":17.27,"p":50.0,"mot":"U","mo":0.0}],"mwc":5000,"ctm":true},{"mi":"3891","s":"TV-sets","pi":"3868","v":18856,"q":19.69,"c":324.49,"tl":14.0,"ir":[{"cn":"Engkari corp","pi":"1477","ui":"3786638","t":42942,"r":37397,"q":7.25,"p":99.87,"mot":"U","mo":0.0},{"cn":"Engkari corp","pi":"1485","ui":"3786620","t":4685,"r":3682,"q":13.11,"p":149.1,"mot":"U","mo":0.0},{"cn":"hj corp","pi":"1481","ui":"3253893","t":70755,"r":15394,"q":17.27,"p":50.0,"mot":"U","mo":0.0}],"mwc":5000,"ctm":true},{"mi":"3891","s":"TV-sets","pi":"3868","v":18856,"q":14.84,"c":324.49,"tl":14.0,"ir":[{"cn":"Engkari corp","pi":"1477","ui":"3786638","t":42942,"r":37397,"q":7.25,"p":99.87,"mot":"U","mo":0.0},{"cn":"Engkari corp","pi":"1485","ui":"3786620","t":4685,"r":3682,"q":13.11,"p":149.1,"mot":"U","mo":0.0},{"cn":"Ellipsis","pi":"1481","ui":"3781764","t":72161,"r":62661,"q":1.01,"p":50.0,"mot":"U","mo":0.0}],"mwc":5000,"ctm":true},{"mi":"3891","s":"TV-sets","pi":"3868","v":19799,"q":19.38,"c":290.75,"tl":15.0,"ir":[{"cn":"Engkari corp","pi":"1477","ui":"3786638","t":42942,"r":37397,"q":7.25,"p":99.87,"mot":"U","mo":0.0},{"cn":"Engkari corp","pi":"1485","ui":"3782896","t":6077,"r":1136,"q":8.8,"p":98.28,"mot":"U","mo":0.0},{"cn":"hj corp","pi":"1481","ui":"3253893","t":70755,"r":15394,"q":17.27,"p":50.0,"mot":"U","mo":0.0}],"mwc":5000,"ctm":true},{"mi":"3891","s":"TV-sets","pi":"3868","v":19799,"q":20.59,"c":316.16,"tl":15.0,"ir":[{"cn":"Engkari corp","pi":"1477","ui":"3786638","t":42942,"r":37397,"q":7.25,"p":99.87,"mot":"U","mo":0.0},{"cn":"Engkari corp","pi":"1485","ui":"3786620","t":4685,"r":3682,"q":13.11,"p":149.1,"mot":"U","mo":0.0},{"cn":"hj corp","pi":"1481","ui":"3253893","t":70755,"r":15394,"q":17.27,"p":50.0,"mot":"U","mo":0.0}],"mwc":5000,"ctm":true},{"mi":"3891","s":"TV-sets","pi":"3868","v":19799,"q":15.52,"c":316.16,"tl":15.0,"ir":[{"cn":"Engkari corp","pi":"1477","ui":"3786638","t":42942,"r":37397,"q":7.25,"p":99.87,"mot":"U","mo":0.0},{"cn":"Engkari corp","pi":"1485","ui":"3786620","t":4685,"r":3682,"q":13.11,"p":149.1,"mot":"U","mo":0.0},{"cn":"Ellipsis","pi":"1481","ui":"3781764","t":72161,"r":62661,"q":1.01,"p":50.0,"mot":"U","mo":0.0}],"mwc":5000,"ctm":true},{"mi":"2425","s":"Golden watches","pi":"1524","v":5197,"q":63.93,"c":662.44,"tl":16.0,"ir":[{"cn":"Maxi-Co LTD","pi":"1465","ui":"3699666","t":1072866,"r":1054136,"q":12.11,"p":25.0,"mot":"U","mo":0.0},{"cn":"hj corp","pi":"1481","ui":"3253893","t":70755,"r":15394,"q":17.27,"p":50.0,"mot":"U","mo":0.0}],"mwc":2500,"ctm":true},{"mi":"2425","s":"Golden watches","pi":"1524","v":5197,"q":62.82,"c":671.29,"tl":16.0,"ir":[{"cn":"Maxi-Co LTD","pi":"1465","ui":"3699666","t":1072866,"r":1054136,"q":12.11,"p":25.0,"mot":"U","mo":0.0},{"cn":"Ackermann Industries International","pi":"1481","ui":"3232530","t":212,"r":124,"q":8.27,"p":227.0,"mot":"U","mo":0.0}],"mwc":2500,"ctm":true},{"mi":"2425","s":"Golden watches","pi":"1524","v":5197,"q":61.9,"c":662.44,"tl":16.0,"ir":[{"cn":"Maxi-Co LTD","pi":"1465","ui":"3699666","t":1072866,"r":1054136,"q":12.11,"p":25.0,"mot":"U","mo":0.0},{"cn":"Ellipsis","pi":"1481","ui":"3781764","t":72161,"r":62661,"q":1.01,"p":50.0,"mot":"U","mo":0.0}],"mwc":2500,"ctm":true}]