[{"mi":"335200","s":"Fish meal","pi":"335184","v":159535,"q":9.87,"c":55.81,"tl":6.0,"ir":[{"cn":"Maxi-Co LTD","pi":"1482","ui":"3187098","t":27169637,"r":26281684,"q":34.8,"p":6.0,"mot":"U","mo":0.0},{"cn":"Ackermann Industries International","pi":"335174","ui":"3231405","t":65785,"r":55225,"q":6.31,"p":8.03,"mot":"U","mo":0.0}],"mwc":5000,"ctm":true},{"mi":"335200","s":"Fish meal","pi":"335184","v":167512,"q":10.9,"c":54.82,"tl":7.0,"ir":[{"cn":"Maxi-Co LTD","pi":"1482","ui":"3187098","t":27169637,"r":26281684,"q":34.8,"p":6.0,"mot":"U","mo":0.0},{"cn":"Ackermann Industries International","pi":"335174","ui":"3231405","t":65785,"r":55225,"q":6.31,"p":8.03,"mot":"U","mo":0.0}],"mwc":5000,"ctm":true},{"mi":"335200","s":"Fish meal","pi":"335184","v":175888,"q":11.89,"c":53.88,"tl":8.0,"ir":[{"cn":"Maxi-Co LTD","pi":"1482","ui":"3187098","t":27169637,"r":26281684,"q":34.8,"p":6.0,"mot":"U","mo":0.0},{"cn":"Ackermann Industries International","pi":"335174","ui":"3231405","t":65785,"r":55225,"q":6.31,"p":8.03,"mot":"U","mo":0.0}],"mwc":5000,"ctm":true},{"mi":"335200","s":"Fish meal","pi":"335184","v":175888,"q":10.02,"c":81.63,"tl":8.0,"ir":[{"cn":"Ackermann Industries International","pi":"1482","ui":"3228604","t":36225,"r":36210,"q":10.1,"p":61.5,"mot":"U","mo":0.0},{"cn":"Ackermann Industries International","pi":"335174","ui":"3231405","t":65785,"r":55225,"q":6.31,"p":8.03,"mot":"U","mo":0.0}],"mwc":5000,"ctm":true},{"mi":"335200","s":"Fish meal","pi":"335184","v":175888,"q":9.63,"c":101.76,"tl":8.0,"ir":[{"cn":"Maxi-Co LTD","pi":"1482","ui":"3187098","t":27169637,"r":26281684,"q":34.8,"p":6.0,"mot":"U","mo":0.0},{"cn":"MAXWELL.inc","pi":"335174","ui":"3575423","t":170527,"r":116696,"q":2.64,"p":20.0,"mot":"U","mo":0.0}],"mwc":5000,"ctm":false},{"mi":"335200","s":"Fish meal","pi":"335184","v":184682,"q":12.84,"c":52.99,"tl":9.0,"ir":[{"cn":"Maxi-Co LTD","pi":"1482","ui":"3187098","t":27169637,"r":26281684,"q":34.8,"p":6.0,"mot":"U","mo":0.0},{"cn":"Ackermann Industries International","pi":"335174","ui":"3231405","t":65785,"r":55225,"q":6.31,"p":8.03,"mot":"U","mo":0.0}],"mwc":5000,"ctm":true},{"mi":"335200","s":"Fish meal","pi":"335184","v":184682,"q":10.82,"c":80.74,"tl":9.0,"ir":[{"cn":"Ackermann Industries International","pi":"1482","ui":"3228604","t":36225,"r":36210,"q":10.1,"p":61.5,"mot":"U","mo":0.0},{"cn":"Ackermann Industries International","pi":"335174","ui":"3231405","t":65785,"r":55225,"q":6.31,"p":8.03,"mot":"U","mo":0.0}],"mwc":5000,"ctm":true},{"mi":"335200","s":"Fish meal","pi":"335184","v":184682,"q":10.4,"c":100.87,"tl":9.0,"ir":[{"cn":"Maxi-Co LTD","pi":"1482","ui":"3187098","t":27169637,"r":26281684,"q":34.8,"p":6.0,"mot":"U","mo":0.0},{"cn":"MAXWELL.inc","pi":"335174","ui":"3575423","t":170527,"r":116696,"q":2.64,"p":20.0,"mot":"U","mo":0.0}],"mwc":5000,"ctm":true},{"mi":"335200","s":"Fish meal","pi":"335184","v":193916,"q":13.75,"c":52.14,"tl":10.0,"ir":[{"cn":"Maxi-Co LTD","pi":"1482","ui":"3187098","t":27169637,"r":26281684,"q":34.8,"p":6.0,"mot":"U","mo":0.0},{"cn":"Ackermann Industries International","pi":"335174","ui":"3231405","t":65785,"r":55225,"q":6.31,"p":8.03,"mot":"U","mo":0.0}],"mwc":5000,"ctm":true},{"mi":"335200","s":"Fish meal","pi":"335184","v":193916,"q":11.59,"c":79.89,"tl":10.0,"ir":[{"cn":"Ackermann Industries International","pi":"1482","ui":"3228604","t":36225,"r":36210,"q":10.1,"p":61.5,"mot":"U","mo":0.0},{"cn":"Ackermann Industries International","pi":"335174","ui":"3231405","t":65785,"r":55225,"q":6.31,"p":8.03,"mot":"U","mo":0.0}],"mwc":5000,"ctm":true},{"mi":"335200","s":"Fish meal","pi":"335184","v":193916,"q":11.13,"c":100.02,"tl":10.0,"ir":[{"cn":"Maxi-Co LTD","pi":"1482","ui":"3187098","t":27169637,"r":26281684,"q":34.8,"p":6.0,"mot":"U","mo":0.0},{"cn":"MAXWELL.inc","pi":"335174","ui":"3575423","t":170527,"r":116696,"q":2.64,"p":20.0,"mot":"U","mo":0.0}],"mwc":5000,"ctm":true},{"mi":"335200","s":"Fish meal","pi":"335184","v":203612,"q":14.63,"c":51.33,"tl":11.0,"ir":[{"cn":"Maxi-Co LTD","pi":"1482","ui":"3187098","t":27169637,"r":26281684,"q":34.8,"p":6.0,"mot":"U","mo":0.0},{"cn":"Ackermann Industries International","pi":"335174","ui":"3231405","t":65785,"r":55225,"q":6.31,"p":8.03,"mot":"U","mo":0.0}],"mwc":5000,"ctm":true},{"mi":"335200","s":"Fish meal","pi":"335184","v":203612,"q":12.33,"c":79.08,"tl":11.0,"ir":[{"cn":"Ackermann Industries International","pi":"1482","ui":"3228604","t":36225,"r":36210,"q":10.1,"p":61.5,"mot":"U","mo":0.0},{"cn":"Ackermann Industries International","pi":"335174","ui":"3231405","t":65785,"r":55225,"q":6.31,"p":8.03,"mot":"U","mo":0.0}],"mwc":5000,"ctm":true},{"mi":"335200","s":"Fish meal","pi":"335184","v":203612,"q":11.85,"c":99.21,"tl":11.0,"ir":[{"cn":"Maxi-Co LTD","pi":"1482","ui":"3187098","t":27169637,"r":26281684,"q":34.8,"p":6.0,"mot":"U","mo":0.0},{"cn":"MAXWELL.inc","pi":"335174","ui":"3575423","t":170527,"r":116696,"q":2.64,"p":20.0,"mot":"U","mo":0.0}],"mwc":5000,"ctm":true},{"mi":"335200","s":"Fish meal","pi":"335184","v":213792,"q":15.48,"c":50.56,"tl":12.0,"ir":[{"cn":"Maxi-Co LTD","pi":"1482","ui":"3187098","t":27169637,"r":26281684,"q":34.8,"p":6.0,"mot":"U","mo":0.0},{"cn":"Ackermann Industries International","pi":"335174","ui":"3231405","t":65785,"r":55225,"q":6.31,"p":8.03,"mot":"U","mo":0.0}],"mwc":5000,"ctm":true},{"mi":"335200","s":"Fish meal","pi":"335184","v":213792,"q":13.05,"c":78.31,"tl":12.0,"ir":[{"cn":"Ackermann Industries International","pi":"1482","ui":"3228604","t":36225,"r":36210,"q":10.1,"p":61.5,"mot":"U","mo":0.0},{"cn":"Ackermann Industries International","pi":"335174","ui":"3231405","t":65785,"r":55225,"q":6.31,"p":8.03,"mot":"U","mo":0.0}],"mwc":5000,"ctm":true},{"mi":"335200","s":"Fish meal","pi":"335184","v":213792,"q":12.54,"c":98.44,"tl":12.0,"ir":[{"cn":"Maxi-Co LTD","pi":"1482","ui":"3187098","t":27169637,"r":26281684,"q":34.8,"p":6.0,"mot":"U","mo":0.0},{"cn":"MAXWELL.inc","pi":"335174","ui":"3575423","t":170527,"r":116696,"q":2.64,"p":20.0,"mot":"U","mo":0.0}],"mwc":5000,"ctm":true},{"mi":"335200","s":"Fish meal","pi":"335184","v":224482,"q":16.31,"c":49.82,"tl":13.0,"ir":[{"cn":"Maxi-Co LTD","pi":"1482","ui":"3187098","t":27169637,"r":26281684,"q":34.8,"p":6.0,"mot":"U","mo":0.0},{"cn":"Ackermann Industries International","pi":"335174","ui":"3231405","t":65785,"r":55225,"q":6.31,"p":8.03,"mot":"U","mo":0.0}],"mwc":5000,"ctm":true},{"mi":"335200","s":"Fish meal","pi":"335184","v":224482,"q":13.74,"c":77.57,"tl":13.0,"ir":[{"cn":"Ackermann Industries International","pi":"1482","ui":"3228604","t":36225,"r":36210,"q":10.1,"p":61.5,"mot":"U","mo":0.0},{"cn":"Ackermann Industries International","pi":"335174","ui":"3231405","t":65785,"r":55225,"q":6.31,"p":8.03,"mot":"U","mo":0.0}],"mwc":5000,"ctm":true},{"mi":"335200","s":"Fish meal","pi":"335184","v":224482,"q":13.2,"c":97.7,"tl":13.0,"ir":[{"cn":"Maxi-Co LTD","pi":"1482","ui":"3187098","t":27169637,"r":26281684,"q":34.8,"p":6.0,"mot":"U","mo":0.0},{"cn":"MAXWELL.inc","pi":"335174","ui":"3575423","t":170527,"r":116696,"q":2.64,"p":20.0,"mot":"U","mo":0.0}],"mwc":5000,"ctm":true},{"mi":"2411","s":"Journals","pi":"1522","v":2078928,"q":110.28,"c":2.76,"tl":16.0,"ir":[{"cn":"Maxi-Co LTD","pi":"1476","ui":"3235830","t":4686268,"r":4363316,"q":38.79,"p":10.99,"mot":"U","mo":0.0},{"cn":"Parex","pi":"1472","ui":"3625039","t":7599664,"r":7566237,"q":44.93,"p":3.0,"mot":"U","mo":0.0}],"mwc":2500,"ctm":true},{"mi":"2411","s":"Journals","pi":"1522","v":2078928,"q":110.28,"c":2.81,"tl":16.0,"ir":[{"cn":"WoodProf","pi":"1476","ui":"3725135","t":16000,"r":16000,"q":38.85,"p":13.0,"mot":"U","mo":0.0},{"cn":"Parex","pi":"1472","ui":"3625039","t":7599664,"r":7566237,"q":44.93,"p":3.0,"mot":"U","mo":0.0}],"mwc":2500,"ctm":true},{"mi":"2411","s":"Journals","pi":"1522","v":2078928,"q":110.28,"c":3.21,"tl":16.0,"ir":[{"cn":"Dalaimoc S.A.","pi":"1476","ui":"3206504","t":102450,"r":99831,"q":7.57,"p":29.0,"mot":"U","mo":0.0},{"cn":"Parex","pi":"1472","ui":"3625039","t":7599664,"r":7566237,"q":44.93,"p":3.0,"mot":"U","mo":0.0}],"mwc":2500,"ctm":true},{"mi":"2411","s":"Journals","pi":"1522","v":2182875,"q":119.32,"c":2.69,"tl":17.0,"ir":[{"cn":"Maxi-Co LTD","pi":"1476","ui":"3235830","t":4686268,"r":4363316,"q":38.79,"p":10.99,"mot":"U","mo":0.0},{"cn":"Parex","pi":"1472","ui":"3625039","t":7599664,"r":7566237,"q":44.93,"p":3.0,"mot":"U","mo":0.0}],"mwc":2500,"ctm":true},{"mi":"2411","s":"Journals","pi":"1522","v":2182875,"q":119.32,"c":2.74,"tl":17.0,"ir":[{"cn":"WoodProf","pi":"1476","ui":"3725135","t":16000,"r":16000,"q":38.85,"p":13.0,"mot":"U","mo":0.0},{"cn":"Parex","pi":"1472","ui":"3625039","t":7599664,"r":7566237,"q":44.93,"p":3.0,"mot":"U","mo":0.0}],"mwc":2500,"ctm":true},{"mi":"2411","s":"Journals","pi":"1522","v":2182875,"q":119.32,"c":3.14,"tl":17.0,"ir":[{"cn":"Dalaimoc S.A.","pi":"1476","ui":"3206504","t":102450,"r":99831,"q":7.57,"p":29.0,"mot":"U","mo":0.0},{"cn":"Parex","pi":"1472","ui":"3625039","t":7599664,"r":7566237,"q":44.93,"p":3.0,"mot":"U","mo":0.0}],"mwc":2500,"ctm":true},{"mi":"2425","s":"Golden watches","pi":"1524","v":5197,"q":62.92,"c":658.64,"tl":16.0,"ir":[{"cn":"Maxi-Co LTD","pi":"1465","ui":"3261906","t":522512,"r":461046,"q":11.75,"p":23.0,"mot":"U","mo":0.0},{"cn":"Клевер","pi":"1481","ui":"2733880","t":423343,"r":417176,"q":16.28,"p":14.0,"mot":"U","mo":0.0}],"mwc":2500,"ctm":true},{"mi":"2425","s":"Golden watches","pi":"1524","v":5197,"q":62.97,"c":660.44,"tl":16.0,"ir":[{"cn":"Maxi-Co LTD","pi":"1465","ui":"3261906","t":522512,"r":461046,"q":11.75,"p":23.0,"mot":"U","mo":0.0},{"cn":"hj corp","pi":"1481","ui":"3253893","t":486751,"r":454191,"q":16.73,"p":50.0,"mot":"U","mo":0.0}],"mwc":2500,"ctm":true},{"mi":"373203","s":"Preschools interior","pi":"423689","v":4714,"q":21.57,"c":39900.02,"tl":14.0,"ir":[{"cn":"hj corp","pi":"7095","ui":"3218409","t":29684,"r":28438,"q":18.1,"p":35000.0,"mot":"U","mo":0.0},{"cn":"Maxi-Co LTD","pi":"423623","ui":"3652229","t":62042,"r":61877,"q":14.46,"p":1000.0,"mot":"U","mo":0.0},{"cn":"Kozlov inc.","pi":"312799","ui":"3708430","t":867,"r":822,"q":1.0,"p":800.0,"mot":"U","mo":0.0},{"cn":"Maxi-Co LTD","pi":"423626","ui":"3652231","t":238747,"r":238582,"q":15.01,"p":700.0,"mot":"U","mo":0.0},{"cn":"Maxi-Co LTD","pi":"423629","ui":"3652234","t":123627,"r":121465,"q":15.19,"p":500.0,"mot":"U","mo":0.0},{"cn":"Maxi-Co LTD","pi":"423277","ui":"3485920","t":1417510,"r":1315936,"q":26.36,"p":200.0,"mot":"U","mo":0.0}],"mwc":5000,"ctm":true},{"mi":"373203","s":"Preschools interior","pi":"423689","v":4950,"q":22.56,"c":39866.69,"tl":15.0,"ir":[{"cn":"hj corp","pi":"7095","ui":"3218409","t":29684,"r":28438,"q":18.1,"p":35000.0,"mot":"U","mo":0.0},{"cn":"Maxi-Co LTD","pi":"423623","ui":"3652229","t":62042,"r":61877,"q":14.46,"p":1000.0,"mot":"U","mo":0.0},{"cn":"Kozlov inc.","pi":"312799","ui":"3708430","t":867,"r":822,"q":1.0,"p":800.0,"mot":"U","mo":0.0},{"cn":"Maxi-Co LTD","pi":"423626","ui":"3652231","t":238747,"r":238582,"q":15.01,"p":700.0,"mot":"U","mo":0.0},{"cn":"Maxi-Co LTD","pi":"423629","ui":"3652234","t":123627,"r":121465,"q":15.19,"p":500.0,"mot":"U","mo":0.0},{"cn":"Maxi-Co LTD","pi":"423277","ui":"3485920","t":1417510,"r":1315936,"q":26.36,"p":200.0,"mot":"U","mo":0.0}],"mwc":5000,"ctm":true}]