[{"pi":"1506","pc":"Продукты питания","ss":100,"td":"Окраина","dc":1,"n":46.72,"vc":"около 50","sl":"Высокий","sv":"менее 50","p":1.93,"q":1.05,"b":0.0,"ms":0.0,"wi":0.14,"ei":3.4,"as":127.44,"mi":"E","mv":708186,"sc":1,"lpe":100.0,"lpr":1.53,"lq":1.0,"d":393},{"pi":"1506","pc":"Продукты питания","ss":100,"td":"Окраина","dc":1,"n":46.72,"vc":"около 50","sl":"Высокий","sv":"менее 50","p":1.93,"q":1.05,"b":0.0,"ms":0.0,"wi":0.14,"ei":3.4,"as":127.44,"mi":"E","mv":708186,"sc":1,"lpe":100.0,"lpr":1.53,"lq":1.0,"d":393},{"pi":"1506","pc":"Продукты питания","ss":100,"td":"Окраина","dc":1,"n":46.72,"vc":"около 50","sl":"Высокий","sv":"менее 50","p":1.93,"q":1.05,"b":0.0,"ms":0.0,"wi":0.14,"ei":3.4,"as":127.44,"mi":"E","mv":708186,"sc":1,"lpe":100.0,"lpr":1.53,"lq":1.0,"d":393},{"pi":"1506","pc":"Продукты питания","ss":100,"td":"Окраина","dc":1,"n":46.72,"vc":"около 50","sl":"Высокий","sv":"менее 50","p":1.93,"q":1.05,"b":0.0,"ms":0.0,"wi":0.14,"ei":3.4,"as":127.44,"mi":"E","mv":708186,"sc":1,"lpe":100.0,"lpr":1.53,"lq":1.0,"d":393},{"pi":"1506","pc":"Продукты питания","ss":100,"td":"Окраина","dc":1,"n":46.72,"vc":"около 50","sl":"Высокий","sv":"менее 50","p":1.93,"q":1.05,"b":0.0,"ms":0.0,"wi":0.14,"ei":3.4,"as":127.44,"mi":"E","mv":708186,"sc":1,"lpe":100.0,"lpr":1.53,"lq":1.0,"d":393},{"pi":"1506","pc":"Продукты питания","ss":1000,"td":"Окраина","dc":2,"n":39.81,"vc":"более 200","sl":"Высокий","sv":"более 200","p":1.93,"q":1.05,"b":0.0,"ms":0.02,"wi":0.15,"ei":3.36,"as":145.71,"mi":"E","mv":1476125,"sc":1,"lpe":99.98,"lpr":1.64,"lq":1.0,"d":758},{"pi":"1506","pc":"Продукты питания","ss":1000,"td":"Окраина","dc":2,"n":39.81,"vc":"более 200","sl":"Высокий","sv":"более 200","p":1.93,"q":1.05,"b":0.0,"ms":0.02,"wi":0.15,"ei":3.36,"as":145.71,"mi":"E","mv":1476125,"sc":1,"lpe":99.98,"lpr":1.64,"lq":1.0,"d":758},{"pi":"1506","pc":"Продукты питания","ss":1000,"td":"Окраина","dc":2,"n":39.81,"vc":"более 200","sl":"Высокий","sv":"более 200","p":1.93,"q":1.05,"b":0.0,"ms":0.02,"wi":0.15,"ei":3.36,"as":145.71,"mi":"E","mv":1476125,"sc":1,"lpe":99.98,"lpr":1.64,"lq":1.0,"d":758},{"pi":"1506","pc":"Продукты питания","ss":1000,"td":"Окраина","dc":2,"n":39.81,"vc":"более 200","sl":"Высокий","sv":"более 200","p":1.93,"q":1.05,"b":0.0,"ms":0.02,"wi":0.15,"ei":3.36,"as":145.71,"mi":"E","mv":1476125,"sc":1,"lpe":99.98,"lpr":1.64,"lq":1.0,"d":758},{"pi":"1506","pc":"Продукты питания","ss":1000,"td":"Окраина","dc":2,"n":39.81,"vc":"более 200","sl":"Высокий","sv":"более 200","p":1.93,"q":1.05,"b":0.0,"ms":0.02,"wi":0.15,"ei":3.36,"as":145.71,"mi":"E","mv":1476125,"sc":1,"lpe":99.98,"lpr":1.64,"lq":1.0,"d":758},{"pi":"1506","pc":"Продукты питания","ss":1000,"td":"Окраина","dc":2,"n":39.81,"vc":"более 200","sl":"Высокий","sv":"более 200","p":1.93,"q":1.05,"b":0.0,"ms":0.02,"wi":0.15,"ei":3.36,"as":145.71,"mi":"E","mv":1476125,"sc":1,"lpe":99.98,"lpr":1.64,"lq":1.0,"d":758},{"pi":"1506","pc":"Продукты питания","ss":1000,"td":"Окраина","dc":2,"n":39.81,"vc":"более 200","sl":"Высокий","sv":"более 200","p":1.93,"q":1.05,"b":0.0,"ms":0.02,"wi":0.15,"ei":3.36,"as":145.71,"mi":"E","mv":1476125,"sc":1,"lpe":99.98,"lpr":1.64,"lq":1.0,"d":758},{"pi":"1506","pc":"Продукты питания","ss":1000,"td":"Окраина","dc":2,"n":39.81,"vc":"более 200","sl":"Высокий","sv":"более 200","p":1.93,"q":1.05,"b":0.0,"ms":0.02,"wi":0.15,"ei":3.36,"as":145.71,"mi":"E","mv":1476125,"sc":1,"lpe":99.98,"lpr":1.64,"lq":1.0,"d":758},{"pi":"1506","pc":"Продукты питания","ss":1000,"td":"Окраина","dc":2,"n":39.81,"vc":"более 200","sl":"Высокий","sv":"более 200","p":1.93,"q":1.05,"b":0.0,"ms":0.02,"wi":0.15,"ei":3.36,"as":145.71,"mi":"E","mv":1476125,"sc":1,"lpe":99.98,"lpr":1.64,"lq":1.0,"d":758},{"pi":"1506","pc":"Продукты питания","ss":1000,"td":"Центр города","dc":1,"n":32.48,"vc":"около 500","sl":"Высокий","sv":"более 1 000","p":2.32,"q":1.04,"b":0.0,"ms":0.11,"wi":0.21,"ei":4.34,"as":221.34,"mi":"E","mv":1059472,"sc":1,"lpe":99.89,"lpr":2.31,"lq":1.0,"d":568},{"pi":"1506","pc":"Продукты питания","ss":1000,"td":"Центр города","dc":1,"n":32.48,"vc":"около 500","sl":"Высокий","sv":"более 1 000","p":2.32,"q":1.04,"b":0.0,"ms":0.11,"wi":0.21,"ei":4.34,"as":221.34,"mi":"E","mv":1059472,"sc":1,"lpe":99.89,"lpr":2.31,"lq":1.0,"d":568},{"pi":"1506","pc":"Продукты питания","ss":1000,"td":"Центр города","dc":1,"n":32.48,"vc":"около 500","sl":"Высокий","sv":"более 1 000","p":2.32,"q":1.04,"b":0.0,"ms":0.11,"wi":0.21,"ei":4.34,"as":221.34,"mi":"E","mv":1059472,"sc":1,"lpe":99.89,"lpr":2.31,"lq":1.0,"d":568},{"pi":"1506","pc":"Продукты питания","ss":1000,"td":"Центр города","dc":1,"n":32.48,"vc":"около 500","sl":"Высокий","sv":"более 1 000","p":2.32,"q":1.04,"b":0.0,"ms":0.11,"wi":0.21,"ei":4.34,"as":221.34,"mi":"E","mv":1059472,"sc":1,"lpe":99.89,"lpr":2.31,"lq":1.0,"d":568},{"pi":"1506","pc":"Продукты питания","ss":1000,"td":"Центр города","dc":1,"n":32.48,"vc":"около 500","sl":"Высокий","sv":"более 1 000","p":2.32,"q":1.04,"b":0.0,"ms":0.11,"wi":0.21,"ei":4.34,"as":221.34,"mi":"E","mv":1059472,"sc":1,"lpe":99.89,"lpr":2.31,"lq":1.0,"d":568},{"pi":"1506","pc":"Продукты питания","ss":1000,"td":"Центр города","dc":1,"n":32.48,"vc":"около 500","sl":"Высокий","sv":"более 1 000","p":2.32,"q":1.04,"b":0.0,"ms":0.11,"wi":0.21,"ei":4.34,"as":221.34,"mi":"E","mv":1059472,"sc":1,"lpe":99.89,"lpr":2.31,"lq":1.0,"d":568},{"pi":"1506","pc":"Продукты питания","ss":1000,"td":"Центр города","dc":1,"n":54.72,"vc":"около 500","sl":"Высокий","sv":"более 1 000","p":1.33,"q":1.05,"b":0.0,"ms":0.22,"wi":0.11,"ei":2.8,"as":99.67,"mi":"E","mv":653455,"sc":1,"lpe":99.78,"lpr":1.43,"lq":1.0,"d":256},{"pi":"1506","pc":"Продукты питания","ss":1000,"td":"Центр города","dc":1,"n":54.72,"vc":"около 500","sl":"Высокий","sv":"более 1 000","p":1.33,"q":1.05,"b":0.0,"ms":0.22,"wi":0.11,"ei":2.8,"as":99.67,"mi":"E","mv":653455,"sc":1,"lpe":99.78,"lpr":1.43,"lq":1.0,"d":256},{"pi":"1506","pc":"Продукты питания","ss":1000,"td":"Центр города","dc":1,"n":54.72,"vc":"около 500","sl":"Высокий","sv":"более 1 000","p":1.33,"q":1.05,"b":0.0,"ms":0.22,"wi":0.11,"ei":2.8,"as":99.67,"mi":"E","mv":653455,"sc":1,"lpe":99.78,"lpr":1.43,"lq":1.0,"d":256},{"pi":"1506","pc":"Продукты питания","ss":1000,"td":"Центр города","dc":1,"n":54.72,"vc":"около 500","sl":"Высокий","sv":"более 1 000","p":1.33,"q":1.05,"b":0.0,"ms":0.22,"wi":0.11,"ei":2.8,"as":99.67,"mi":"E","mv":653455,"sc":1,"lpe":99.78,"lpr":1.43,"lq":1.0,"d":256},{"pi":"1506","pc":"Продукты питания","ss":1000,"td":"Центр города","dc":1,"n":54.72,"vc":"около 500","sl":"Высокий","sv":"более 1 000","p":1.33,"q":1.05,"b":0.0,"ms":0.22,"wi":0.11,"ei":2.8,"as":99.67,"mi":"E","mv":653455,"sc":1,"lpe":99.78,"lpr":1.43,"lq":1.0,"d":256},{"pi":"1506","pc":"Продукты питания","ss":1000,"td":"Центр города","dc":1,"n":54.72,"vc":"около 500","sl":"Высокий","sv":"более 1 000","p":1.33,"q":1.05,"b":0.0,"ms":0.22,"wi":0.11,"ei":2.8,"as":99.67,"mi":"E","mv":653455,"sc":1,"lpe":99.78,"lpr":1.43,"lq":1.0,"d":256},{"pi":"1506","pc":"Продукты питания","ss":1000,"td":"Центр города","dc":1,"n":54.72,"vc":"около 500","sl":"Высокий","sv":"более 1 000","p":1.33,"q":1.05,"b":0.0,"ms":0.22,"wi":0.11,"ei":2.8,"as":99.67,"mi":"E","mv":653455,"sc":1,"lpe":99.78,"lpr":1.43,"lq":1.0,"d":256},{"pi":"1506","pc":"Продукты питания","ss":1000,"td":"Центр города","dc":1,"n":82.27,"vc":"около 500","sl":"Высокий","sv":"более 1 000","p":1.32,"q":1.04,"b":0.0,"ms":0.55,"wi":0.12,"ei":3.21,"as":97.82,"mi":"E","mv":334741,"sc":1,"lpe":99.45,"lpr":1.42,"lq":1.0,"d":145},{"pi":"1506","pc":"Продукты питания","ss":1000,"td":"Центр города","dc":1,"n":82.27,"vc":"около 500","sl":"Высокий","sv":"более 1 000","p":1.32,"q":1.04,"b":0.0,"ms":0.55,"wi":0.12,"ei":3.21,"as":97.82,"mi":"E","mv":334741,"sc":1,"lpe":99.45,"lpr":1.42,"lq":1.0,"d":145},{"pi":"1506","pc":"Продукты питания","ss":1000,"td":"Центр города","dc":1,"n":82.27,"vc":"около 500","sl":"Высокий","sv":"более 1 000","p":1.32,"q":1.04,"b":0.0,"ms":0.55,"wi":0.12,"ei":3.21,"as":97.82,"mi":"E","mv":334741,"sc":1,"lpe":99.45,"lpr":1.42,"lq":1.0,"d":145},{"pi":"1506","pc":"Продукты питания","ss":1000,"td":"Центр города","dc":1,"n":82.27,"vc":"около 500","sl":"Высокий","sv":"более 1 000","p":1.32,"q":1.04,"b":0.0,"ms":0.55,"wi":0.12,"ei":3.21,"as":97.82,"mi":"E","mv":334741,"sc":1,"lpe":99.45,"lpr":1.42,"lq":1.0,"d":145},{"pi":"1506","pc":"Продукты питания","ss":1000,"td":"Центр города","dc":1,"n":82.27,"vc":"около 500","sl":"Высокий","sv":"более 1 000","p":1.32,"q":1.04,"b":0.0,"ms":0.55,"wi":0.12,"ei":3.21,"as":97.82,"mi":"E","mv":334741,"sc":1,"lpe":99.45,"lpr":1.42,"lq":1.0,"d":145},{"pi":"1506","pc":"Продукты питания","ss":1000,"td":"Центр города","dc":1,"n":82.27,"vc":"около 500","sl":"Высокий","sv":"более 1 000","p":1.32,"q":1.04,"b":0.0,"ms":0.55,"wi":0.12,"ei":3.21,"as":97.82,"mi":"E","mv":334741,"sc":1,"lpe":99.45,"lpr":1.42,"lq":1.0,"d":145},{"pi":"1506","pc":"Продукты питания","ss":1000,"td":"Центр города","dc":1,"n":82.27,"vc":"около 500","sl":"Высокий","sv":"более 1 000","p":1.32,"q":1.04,"b":0.0,"ms":0.55,"wi":0.12,"ei":3.21,"as":97.82,"mi":"E","mv":334741,"sc":1,"lpe":99.45,"lpr":1.42,"lq":1.0,"d":145},{"pi":"1506","pc":"Продукты питания","ss":1000,"td":"Центр города","dc":1,"n":30.12,"vc":"около 500","sl":"Высокий","sv":"более 1 000","p":1.55,"q":1.04,"b":0.0,"ms":0.07,"wi":0.13,"ei":4.22,"as":130.53,"mi":"E","mv":2011731,"sc":1,"lpe":99.93,"lpr":1.53,"lq":1.0,"d":1009},{"pi":"1506","pc":"Продукты питания","ss":1000,"td":"Центр города","dc":1,"n":30.12,"vc":"около 500","sl":"Высокий","sv":"более 1 000","p":1.55,"q":1.04,"b":0.0,"ms":0.07,"wi":0.13,"ei":4.22,"as":130.53,"mi":"E","mv":2011731,"sc":1,"lpe":99.93,"lpr":1.53,"lq":1.0,"d":1009},{"pi":"1506","pc":"Продукты питания","ss":1000,"td":"Центр города","dc":1,"n":30.12,"vc":"около 500","sl":"Высокий","sv":"более 1 000","p":1.55,"q":1.04,"b":0.0,"ms":0.07,"wi":0.13,"ei":4.22,"as":130.53,"mi":"E","mv":2011731,"sc":1,"lpe":99.93,"lpr":1.53,"lq":1.0,"d":1009},{"pi":"1506","pc":"Продукты питания","ss":1000,"td":"Центр города","dc":1,"n":30.12,"vc":"около 500","sl":"Высокий","sv":"более 1 000","p":1.55,"q":1.04,"b":0.0,"ms":0.07,"wi":0.13,"ei":4.22,"as":130.53,"mi":"E","mv":2011731,"sc":1,"lpe":99.93,"lpr":1.53,"lq":1.0,"d":1009},{"pi":"1506","pc":"Продукты питания","ss":1000,"td":"Центр города","dc":1,"n":30.12,"vc":"около 500","sl":"Высокий","sv":"более 1 000","p":1.55,"q":1.04,"b":0.0,"ms":0.07,"wi":0.13,"ei":4.22,"as":130.53,"mi":"E","mv":2011731,"sc":1,"lpe":99.93,"lpr":1.53,"lq":1.0,"d":1009},{"pi":"1506","pc":"Продукты питания","ss":1000,"td":"Центр города","dc":1,"n":30.12,"vc":"около 500","sl":"Высокий","sv":"более 1 000","p":1.55,"q":1.04,"b":0.0,"ms":0.07,"wi":0.13,"ei":4.22,"as":130.53,"mi":"E","mv":2011731,"sc":1,"lpe":99.93,"lpr":1.53,"lq":1.0,"d":1009},{"pi":"1506","pc":"Продукты питания","ss":100,"td":"Окраина","dc":1,"n":48.54,"vc":"около 50","sl":"Нормальный","sv":"менее 50","p":2.59,"q":1.05,"b":0.0,"ms":0.0,"wi":0.2,"ei":4.32,"as":180.62,"mi":"E","mv":2259890,"sc":1,"lpe":100.0,"lpr":2.05,"lq":1.0,"d":1132},{"pi":"1506","pc":"Продукты питания","ss":100,"td":"Окраина","dc":1,"n":48.54,"vc":"около 50","sl":"Нормальный","sv":"менее 50","p":2.59,"q":1.05,"b":0.0,"ms":0.0,"wi":0.2,"ei":4.32,"as":180.62,"mi":"E","mv":2259890,"sc":1,"lpe":100.0,"lpr":2.05,"lq":1.0,"d":1132},{"pi":"1506","pc":"Продукты питания","ss":100,"td":"Окраина","dc":1,"n":48.54,"vc":"около 50","sl":"Нормальный","sv":"менее 50","p":2.59,"q":1.05,"b":0.0,"ms":0.0,"wi":0.2,"ei":4.32,"as":180.62,"mi":"E","mv":2259890,"sc":1,"lpe":100.0,"lpr":2.05,"lq":1.0,"d":1132},{"pi":"1506","pc":"Продукты питания","ss":100,"td":"Окраина","dc":1,"n":48.54,"vc":"около 50","sl":"Нормальный","sv":"менее 50","p":2.59,"q":1.05,"b":0.0,"ms":0.0,"wi":0.2,"ei":4.32,"as":180.62,"mi":"E","mv":2259890,"sc":1,"lpe":100.0,"lpr":2.05,"lq":1.0,"d":1132},{"pi":"1506","pc":"Продукты питания","ss":100,"td":"Окраина","dc":1,"n":48.54,"vc":"около 50","sl":"Нормальный","sv":"менее 50","p":2.59,"q":1.05,"b":0.0,"ms":0.0,"wi":0.2,"ei":4.32,"as":180.62,"mi":"E","mv":2259890,"sc":1,"lpe":100.0,"lpr":2.05,"lq":1.0,"d":1132},{"pi":"1506","pc":"Продукты питания","ss":100,"td":"Окраина","dc":1,"n":48.54,"vc":"около 50","sl":"Нормальный","sv":"менее 50","p":2.59,"q":1.05,"b":0.0,"ms":0.0,"wi":0.2,"ei":4.32,"as":180.62,"mi":"E","mv":2259890,"sc":1,"lpe":100.0,"lpr":2.05,"lq":1.0,"d":1132},{"pi":"1506","pc":"Продукты питания","ss":100,"td":"Окраина","dc":1,"n":48.54,"vc":"около 50","sl":"Нормальный","sv":"менее 50","p":2.59,"q":1.05,"b":0.0,"ms":0.0,"wi":0.2,"ei":4.32,"as":180.62,"mi":"E","mv":2259890,"sc":1,"lpe":100.0,"lpr":2.05,"lq":1.0,"d":1132},{"pi":"1506","pc":"Продукты питания","ss":100,"td":"Окраина","dc":1,"n":49.63,"vc":"около 50","sl":"Высокий","sv":"около 100","p":2.88,"q":1.05,"b":0.0,"ms":0.0,"wi":0.21,"ei":4.43,"as":218.14,"mi":"E","mv":2357366,"sc":1,"lpe":100.0,"lpr":2.5,"lq":1.0,"d":531},{"pi":"1506","pc":"Продукты питания","ss":100,"td":"Окраина","dc":1,"n":49.63,"vc":"около 50","sl":"Высокий","sv":"около 100","p":2.88,"q":1.05,"b":0.0,"ms":0.0,"wi":0.21,"ei":4.43,"as":218.14,"mi":"E","mv":2357366,"sc":1,"lpe":100.0,"lpr":2.5,"lq":1.0,"d":531},{"pi":"1506","pc":"Продукты питания","ss":100,"td":"Окраина","dc":1,"n":49.63,"vc":"около 50","sl":"Высокий","sv":"около 100","p":2.88,"q":1.05,"b":0.0,"ms":0.0,"wi":0.21,"ei":4.43,"as":218.14,"mi":"E","mv":2357366,"sc":1,"lpe":100.0,"lpr":2.5,"lq":1.0,"d":531},{"pi":"1506","pc":"Продукты питания","ss":100,"td":"Окраина","dc":1,"n":49.63,"vc":"около 50","sl":"Высокий","sv":"около 100","p":2.88,"q":1.05,"b":0.0,"ms":0.0,"wi":0.21,"ei":4.43,"as":218.14,"mi":"E","mv":2357366,"sc":1,"lpe":100.0,"lpr":2.5,"lq":1.0,"d":531},{"pi":"1506","pc":"Продукты питания","ss":100,"td":"Окраина","dc":1,"n":49.63,"vc":"около 50","sl":"Высокий","sv":"около 100","p":2.88,"q":1.05,"b":0.0,"ms":0.0,"wi":0.21,"ei":4.43,"as":218.14,"mi":"E","mv":2357366,"sc":1,"lpe":100.0,"lpr":2.5,"lq":1.0,"d":531},{"pi":"1506","pc":"Продукты питания","ss":100,"td":"Окраина","dc":1,"n":49.63,"vc":"около 50","sl":"Высокий","sv":"около 100","p":2.88,"q":1.05,"b":0.0,"ms":0.0,"wi":0.21,"ei":4.43,"as":218.14,"mi":"E","mv":2357366,"sc":1,"lpe":100.0,"lpr":2.5,"lq":1.0,"d":531},{"pi":"1506","pc":"Продукты питания","ss":100,"td":"Окраина","dc":1,"n":49.63,"vc":"около 50","sl":"Высокий","sv":"около 100","p":2.88,"q":1.05,"b":0.0,"ms":0.0,"wi":0.21,"ei":4.43,"as":218.14,"mi":"E","mv":2357366,"sc":1,"lpe":100.0,"lpr":2.5,"lq":1.0,"d":531},{"pi":"1506","pc":"Продукты питания","ss":100,"td":"Окраина","dc":1,"n":49.63,"vc":"около 50","sl":"Высокий","sv":"около 100","p":2.88,"q":1.05,"b":0.0,"ms":0.0,"wi":0.21,"ei":4.43,"as":218.14,"mi":"E","mv":2357366,"sc":1,"lpe":100.0,"lpr":2.5,"lq":1.0,"d":531},{"pi":"1506","pc":"Продукты питания","ss":100,"td":"Фешенебельный район","dc":1,"n":0.0,"vc":"менее 50","sl":"Очень высокий","sv":"менее 50","p":2.15,"q":3.39,"b":0.0,"ms":0.0,"wi":0.14,"ei":3.0,"as":122.95,"mi":"E","mv":2897746,"sc":1,"lpe":100.0,"lpr":1.5,"lq":1.0,"d":1029},{"pi":"1506","pc":"Продукты питания","ss":100,"td":"Фешенебельный район","dc":1,"n":0.0,"vc":"менее 50","sl":"Очень высокий","sv":"менее 50","p":2.15,"q":3.39,"b":0.0,"ms":0.0,"wi":0.14,"ei":3.0,"as":122.95,"mi":"E","mv":2897746,"sc":1,"lpe":100.0,"lpr":1.5,"lq":1.0,"d":1029},{"pi":"1506","pc":"Продукты питания","ss":500,"td":"Окраина","dc":1,"n":31.48,"vc":"более 100","sl":"Очень высокий","sv":"менее 50","p":3.0,"q":3.11,"b":0.0,"ms":0.0,"wi":0.17,"ei":3.71,"as":138.79,"mi":"E","mv":3454256,"sc":1,"lpe":100.0,"lpr":1.69,"lq":1.0,"d":1592},{"pi":"1506","pc":"Продукты питания","ss":500,"td":"Окраина","dc":1,"n":31.48,"vc":"более 100","sl":"Очень высокий","sv":"менее 50","p":3.0,"q":3.11,"b":0.0,"ms":0.0,"wi":0.17,"ei":3.71,"as":138.79,"mi":"E","mv":3454256,"sc":1,"lpe":100.0,"lpr":1.69,"lq":1.0,"d":1592},{"pi":"1506","pc":"Продукты питания","ss":500,"td":"Окраина","dc":1,"n":31.48,"vc":"более 100","sl":"Очень высокий","sv":"менее 50","p":3.0,"q":3.11,"b":0.0,"ms":0.0,"wi":0.17,"ei":3.71,"as":138.79,"mi":"E","mv":3454256,"sc":1,"lpe":100.0,"lpr":1.69,"lq":1.0,"d":1592},{"pi":"1506","pc":"Продукты питания","ss":500,"td":"Окраина","dc":1,"n":31.48,"vc":"более 100","sl":"Очень высокий","sv":"менее 50","p":3.0,"q":3.11,"b":0.0,"ms":0.0,"wi":0.17,"ei":3.71,"as":138.79,"mi":"E","mv":3454256,"sc":1,"lpe":100.0,"lpr":1.69,"lq":1.0,"d":1592},{"pi":"1506","pc":"Продукты питания","ss":500,"td":"Окраина","dc":1,"n":31.48,"vc":"более 100","sl":"Очень высокий","sv":"менее 50","p":3.0,"q":3.11,"b":0.0,"ms":0.0,"wi":0.17,"ei":3.71,"as":138.79,"mi":"E","mv":3454256,"sc":1,"lpe":100.0,"lpr":1.69,"lq":1.0,"d":1592},{"pi":"1506","pc":"Продукты питания","ss":500,"td":"Окраина","dc":1,"n":31.48,"vc":"более 100","sl":"Очень высокий","sv":"менее 50","p":3.0,"q":3.11,"b":0.0,"ms":0.0,"wi":0.17,"ei":3.71,"as":138.79,"mi":"E","mv":3454256,"sc":1,"lpe":100.0,"lpr":1.69,"lq":1.0,"d":1592},{"pi":"1506","pc":"Продукты питания","ss":500,"td":"Окраина","dc":1,"n":31.48,"vc":"более 100","sl":"Очень высокий","sv":"менее 50","p":3.0,"q":3.11,"b":0.0,"ms":0.0,"wi":0.17,"ei":3.71,"as":138.79,"mi":"E","mv":3454256,"sc":1,"lpe":100.0,"lpr":1.69,"lq":1.0,"d":1592},{"pi":"1506","pc":"Продукты питания","ss":100,"td":"Окраина","dc":1,"n":48.42,"vc":"около 50","sl":"Высокий","sv":"около 500","p":1.5,"q":1.05,"b":0.0,"ms":0.06,"wi":0.14,"ei":3.2,"as":131.25,"mi":"E","mv":689991,"sc":1,"lpe":99.94,"lpr":1.52,"lq":1.0,"d":349},{"pi":"1506","pc":"Продукты питания","ss":100,"td":"Окраина","dc":1,"n":48.42,"vc":"около 50","sl":"Высокий","sv":"около 500","p":1.5,"q":1.05,"b":0.0,"ms":0.06,"wi":0.14,"ei":3.2,"as":131.25,"mi":"E","mv":689991,"sc":1,"lpe":99.94,"lpr":1.52,"lq":1.0,"d":349},{"pi":"1506","pc":"Продукты питания","ss":100,"td":"Окраина","dc":1,"n":48.42,"vc":"около 50","sl":"Высокий","sv":"около 500","p":1.5,"q":1.05,"b":0.0,"ms":0.06,"wi":0.14,"ei":3.2,"as":131.25,"mi":"E","mv":689991,"sc":1,"lpe":99.94,"lpr":1.52,"lq":1.0,"d":349},{"pi":"1506","pc":"Продукты питания","ss":100,"td":"Окраина","dc":1,"n":48.42,"vc":"около 50","sl":"Высокий","sv":"около 500","p":1.5,"q":1.05,"b":0.0,"ms":0.06,"wi":0.14,"ei":3.2,"as":131.25,"mi":"E","mv":689991,"sc":1,"lpe":99.94,"lpr":1.52,"lq":1.0,"d":349},{"pi":"1506","pc":"Продукты питания","ss":100,"td":"Окраина","dc":1,"n":48.42,"vc":"около 50","sl":"Высокий","sv":"около 500","p":1.5,"q":1.05,"b":0.0,"ms":0.06,"wi":0.14,"ei":3.2,"as":131.25,"mi":"E","mv":689991,"sc":1,"lpe":99.94,"lpr":1.52,"lq":1.0,"d":349},{"pi":"1506","pc":"Продукты питания","ss":100,"td":"Окраина","dc":1,"n":48.42,"vc":"около 50","sl":"Высокий","sv":"около 500","p":1.5,"q":1.05,"b":0.0,"ms":0.06,"wi":0.14,"ei":3.2,"as":131.25,"mi":"E","mv":689991,"sc":1,"lpe":99.94,"lpr":1.52,"lq":1.0,"d":349},{"pi":"1506","pc":"Продукты питания","ss":100,"td":"Окраина","dc":1,"n":49.5,"vc":"около 50","sl":"Высокий","sv":"менее 50","p":1.82,"q":1.05,"b":0.0,"ms":0.01,"wi":0.16,"ei":3.74,"as":142.0,"mi":"E","mv":424949,"sc":1,"lpe":99.99,"lpr":1.65,"lq":1.0,"d":237},{"pi":"1506","pc":"Продукты питания","ss":100,"td":"Окраина","dc":1,"n":49.5,"vc":"около 50","sl":"Высокий","sv":"менее 50","p":1.82,"q":1.05,"b":0.0,"ms":0.01,"wi":0.16,"ei":3.74,"as":142.0,"mi":"E","mv":424949,"sc":1,"lpe":99.99,"lpr":1.65,"lq":1.0,"d":237},{"pi":"1506","pc":"Продукты питания","ss":100,"td":"Окраина","dc":1,"n":49.5,"vc":"около 50","sl":"Высокий","sv":"менее 50","p":1.82,"q":1.05,"b":0.0,"ms":0.01,"wi":0.16,"ei":3.74,"as":142.0,"mi":"E","mv":424949,"sc":1,"lpe":99.99,"lpr":1.65,"lq":1.0,"d":237},{"pi":"1506","pc":"Продукты питания","ss":100,"td":"Окраина","dc":1,"n":49.5,"vc":"около 50","sl":"Высокий","sv":"менее 50","p":1.82,"q":1.05,"b":0.0,"ms":0.01,"wi":0.16,"ei":3.74,"as":142.0,"mi":"E","mv":424949,"sc":1,"lpe":99.99,"lpr":1.65,"lq":1.0,"d":237},{"pi":"1506","pc":"Продукты питания","ss":100,"td":"Окраина","dc":1,"n":49.5,"vc":"около 50","sl":"Высокий","sv":"менее 50","p":1.82,"q":1.05,"b":0.0,"ms":0.01,"wi":0.16,"ei":3.74,"as":142.0,"mi":"E","mv":424949,"sc":1,"lpe":99.99,"lpr":1.65,"lq":1.0,"d":237},{"pi":"1506","pc":"Продукты питания","ss":100,"td":"Окраина","dc":1,"n":49.5,"vc":"около 50","sl":"Высокий","sv":"менее 50","p":1.82,"q":1.05,"b":0.0,"ms":0.01,"wi":0.16,"ei":3.74,"as":142.0,"mi":"E","mv":424949,"sc":1,"lpe":99.99,"lpr":1.65,"lq":1.0,"d":237},{"pi":"1506","pc":"Продукты питания","ss":100,"td":"Окраина","dc":1,"n":49.5,"vc":"около 50","sl":"Высокий","sv":"менее 50","p":1.82,"q":1.05,"b":0.0,"ms":0.01,"wi":0.16,"ei":3.74,"as":142.0,"mi":"E","mv":424949,"sc":1,"lpe":99.99,"lpr":1.65,"lq":1.0,"d":237},{"pi":"1506","pc":"Продукты питания","ss":100,"td":"Окраина","dc":1,"n":49.5,"vc":"около 50","sl":"Высокий","sv":"менее 50","p":1.82,"q":1.05,"b":0.0,"ms":0.01,"wi":0.16,"ei":3.74,"as":142.0,"mi":"E","mv":424949,"sc":1,"lpe":99.99,"lpr":1.65,"lq":1.0,"d":237},{"pi":"1506","pc":"Продукты питания","ss":100,"td":"Центр города","dc":1,"n":47.73,"vc":"более 100","sl":"Низкий","sv":"менее 50","p":19.89,"q":1.05,"b":0.0,"ms":0.0,"wi":1.34,"ei":8.5,"as":1360.0,"mi":"E","mv":3239189,"sc":1,"lpe":100.0,"lpr":15.56,"lq":1.0,"d":1553},{"pi":"1506","pc":"Продукты питания","ss":100,"td":"Центр города","dc":1,"n":47.73,"vc":"более 100","sl":"Низкий","sv":"менее 50","p":19.89,"q":1.05,"b":0.0,"ms":0.0,"wi":1.34,"ei":8.5,"as":1360.0,"mi":"E","mv":3239189,"sc":1,"lpe":100.0,"lpr":15.56,"lq":1.0,"d":1553},{"pi":"1506","pc":"Продукты питания","ss":100,"td":"Центр города","dc":1,"n":47.73,"vc":"более 100","sl":"Низкий","sv":"менее 50","p":19.89,"q":1.05,"b":0.0,"ms":0.0,"wi":1.34,"ei":8.5,"as":1360.0,"mi":"E","mv":3239189,"sc":1,"lpe":100.0,"lpr":15.56,"lq":1.0,"d":1553},{"pi":"1506","pc":"Продукты питания","ss":100,"td":"Центр города","dc":1,"n":47.73,"vc":"более 100","sl":"Низкий","sv":"менее 50","p":19.89,"q":1.05,"b":0.0,"ms":0.0,"wi":1.34,"ei":8.5,"as":1360.0,"mi":"E","mv":3239189,"sc":1,"lpe":100.0,"lpr":15.56,"lq":1.0,"d":1553},{"pi":"1506","pc":"Продукты питания","ss":100,"td":"Центр города","dc":1,"n":47.73,"vc":"более 100","sl":"Низкий","sv":"менее 50","p":19.89,"q":1.05,"b":0.0,"ms":0.0,"wi":1.34,"ei":8.5,"as":1360.0,"mi":"E","mv":3239189,"sc":1,"lpe":100.0,"lpr":15.56,"lq":1.0,"d":1553},{"pi":"1506","pc":"Продукты питания","ss":100,"td":"Центр города","dc":1,"n":47.73,"vc":"более 100","sl":"Низкий","sv":"менее 50","p":19.89,"q":1.05,"b":0.0,"ms":0.0,"wi":1.34,"ei":8.5,"as":1360.0,"mi":"E","mv":3239189,"sc":1,"lpe":100.0,"lpr":15.56,"lq":1.0,"d":1553}]