[{"pi":"1506","pc":"Продукты питания","ss":1000,"td":"Пригород","dc":2,"n":22.69,"vc":"более 100","sl":"Элитный","sv":"более 100","p":7.4,"q":1.36,"b":0.0,"wi":0.6,"ei":8.09,"as":613.51,"mi":"E","mv":1826301,"sc":1,"lpe":99.99,"lpr":8.12,"lq":1.0},{"pi":"1506","pc":"Продукты питания","ss":1000,"td":"Пригород","dc":2,"n":22.69,"vc":"более 100","sl":"Элитный","sv":"более 100","p":7.4,"q":1.36,"b":0.0,"wi":0.6,"ei":8.09,"as":613.51,"mi":"E","mv":1826301,"sc":1,"lpe":99.99,"lpr":8.12,"lq":1.0},{"pi":"1506","pc":"Продукты питания","ss":1000,"td":"Пригород","dc":2,"n":22.69,"vc":"более 100","sl":"Элитный","sv":"более 100","p":7.4,"q":1.36,"b":0.0,"wi":0.6,"ei":8.09,"as":613.51,"mi":"E","mv":1826301,"sc":1,"lpe":99.99,"lpr":8.12,"lq":1.0},{"pi":"1506","pc":"Продукты питания","ss":1000,"td":"Пригород","dc":2,"n":22.69,"vc":"более 100","sl":"Элитный","sv":"более 100","p":7.4,"q":1.36,"b":0.0,"wi":0.6,"ei":8.09,"as":613.51,"mi":"E","mv":1826301,"sc":1,"lpe":99.99,"lpr":8.12,"lq":1.0},{"pi":"1506","pc":"Продукты питания","ss":1000,"td":"Пригород","dc":2,"n":22.69,"vc":"более 100","sl":"Элитный","sv":"более 100","p":7.4,"q":1.36,"b":0.0,"wi":0.6,"ei":8.09,"as":613.51,"mi":"E","mv":1826301,"sc":1,"lpe":99.99,"lpr":8.12,"lq":1.0},{"pi":"1506","pc":"Продукты питания","ss":1000,"td":"Пригород","dc":2,"n":22.69,"vc":"более 100","sl":"Элитный","sv":"более 100","p":7.4,"q":1.36,"b":0.0,"wi":0.6,"ei":8.09,"as":613.51,"mi":"E","mv":1826301,"sc":1,"lpe":99.99,"lpr":8.12,"lq":1.0},{"pi":"1506","pc":"Продукты питания","ss":1000,"td":"Пригород","dc":2,"n":22.69,"vc":"более 100","sl":"Элитный","sv":"более 100","p":7.4,"q":1.36,"b":0.0,"wi":0.6,"ei":8.09,"as":613.51,"mi":"E","mv":1826301,"sc":1,"lpe":99.99,"lpr":8.12,"lq":1.0},{"pi":"1506","pc":"Продукты питания","ss":1000,"td":"Пригород","dc":2,"n":22.69,"vc":"более 100","sl":"Элитный","sv":"более 100","p":7.4,"q":1.36,"b":0.0,"wi":0.6,"ei":8.09,"as":613.51,"mi":"E","mv":1826301,"sc":1,"lpe":99.99,"lpr":8.12,"lq":1.0},{"pi":"1506","pc":"Продукты питания","ss":100,"td":"Окраина","dc":1,"n":45.44,"vc":"более 100","sl":"Низкий","sv":"около 1 000","p":1.83,"q":1.05,"b":0.0,"wi":0.11,"ei":4.29,"as":136.12,"mi":"E","mv":63635880,"sc":1,"lpe":100.0,"lpr":1.94,"lq":1.0},{"pi":"1506","pc":"Продукты питания","ss":100,"td":"Окраина","dc":1,"n":45.44,"vc":"более 100","sl":"Низкий","sv":"около 1 000","p":1.83,"q":1.05,"b":0.0,"wi":0.11,"ei":4.29,"as":136.12,"mi":"E","mv":63635880,"sc":1,"lpe":100.0,"lpr":1.94,"lq":1.0},{"pi":"1506","pc":"Продукты питания","ss":100,"td":"Окраина","dc":1,"n":45.44,"vc":"более 100","sl":"Низкий","sv":"около 1 000","p":1.83,"q":1.05,"b":0.0,"wi":0.11,"ei":4.29,"as":136.12,"mi":"E","mv":63635880,"sc":1,"lpe":100.0,"lpr":1.94,"lq":1.0},{"pi":"1506","pc":"Продукты питания","ss":100,"td":"Окраина","dc":1,"n":45.44,"vc":"более 100","sl":"Низкий","sv":"около 1 000","p":1.83,"q":1.05,"b":0.0,"wi":0.11,"ei":4.29,"as":136.12,"mi":"E","mv":63635880,"sc":1,"lpe":100.0,"lpr":1.94,"lq":1.0},{"pi":"1506","pc":"Продукты питания","ss":100,"td":"Окраина","dc":1,"n":45.44,"vc":"более 100","sl":"Низкий","sv":"около 1 000","p":1.83,"q":1.05,"b":0.0,"wi":0.11,"ei":4.29,"as":136.12,"mi":"E","mv":63635880,"sc":1,"lpe":100.0,"lpr":1.94,"lq":1.0},{"pi":"1506","pc":"Продукты питания","ss":100,"td":"Окраина","dc":1,"n":45.44,"vc":"более 100","sl":"Низкий","sv":"около 1 000","p":1.83,"q":1.05,"b":0.0,"wi":0.11,"ei":4.29,"as":136.12,"mi":"E","mv":63635880,"sc":1,"lpe":100.0,"lpr":1.94,"lq":1.0},{"pi":"1506","pc":"Продукты питания","ss":100,"td":"Окраина","dc":1,"n":45.44,"vc":"более 100","sl":"Низкий","sv":"около 1 000","p":1.83,"q":1.05,"b":0.0,"wi":0.11,"ei":4.29,"as":136.12,"mi":"E","mv":63635880,"sc":1,"lpe":100.0,"lpr":1.94,"lq":1.0},{"pi":"1506","pc":"Продукты питания","ss":100,"td":"Окраина","dc":1,"n":45.44,"vc":"более 100","sl":"Низкий","sv":"около 1 000","p":1.83,"q":1.05,"b":0.0,"wi":0.11,"ei":4.29,"as":136.12,"mi":"E","mv":63635880,"sc":1,"lpe":100.0,"lpr":1.94,"lq":1.0},{"pi":"1506","pc":"Продукты питания","ss":100,"td":"Окраина","dc":1,"n":45.44,"vc":"около 50","sl":"Высокий","sv":"около 500","p":2.77,"q":1.05,"b":0.0,"wi":0.25,"ei":4.38,"as":210.7,"mi":"E","mv":1208239,"sc":1,"lpe":99.97,"lpr":2.79,"lq":1.0},{"pi":"1506","pc":"Продукты питания","ss":100,"td":"Окраина","dc":1,"n":45.44,"vc":"около 50","sl":"Высокий","sv":"около 500","p":2.77,"q":1.05,"b":0.0,"wi":0.25,"ei":4.38,"as":210.7,"mi":"E","mv":1208239,"sc":1,"lpe":99.97,"lpr":2.79,"lq":1.0},{"pi":"1506","pc":"Продукты питания","ss":100,"td":"Окраина","dc":1,"n":45.44,"vc":"около 50","sl":"Высокий","sv":"около 500","p":2.77,"q":1.05,"b":0.0,"wi":0.25,"ei":4.38,"as":210.7,"mi":"E","mv":1208239,"sc":1,"lpe":99.97,"lpr":2.79,"lq":1.0},{"pi":"1506","pc":"Продукты питания","ss":100,"td":"Окраина","dc":1,"n":45.44,"vc":"около 50","sl":"Высокий","sv":"около 500","p":2.77,"q":1.05,"b":0.0,"wi":0.25,"ei":4.38,"as":210.7,"mi":"E","mv":1208239,"sc":1,"lpe":99.97,"lpr":2.79,"lq":1.0},{"pi":"1506","pc":"Продукты питания","ss":100,"td":"Окраина","dc":1,"n":45.44,"vc":"около 50","sl":"Высокий","sv":"около 500","p":2.77,"q":1.05,"b":0.0,"wi":0.25,"ei":4.38,"as":210.7,"mi":"E","mv":1208239,"sc":1,"lpe":99.97,"lpr":2.79,"lq":1.0},{"pi":"1506","pc":"Продукты питания","ss":100,"td":"Окраина","dc":1,"n":45.44,"vc":"около 50","sl":"Высокий","sv":"около 500","p":2.77,"q":1.05,"b":0.0,"wi":0.25,"ei":4.38,"as":210.7,"mi":"E","mv":1208239,"sc":1,"lpe":99.97,"lpr":2.79,"lq":1.0},{"pi":"1506","pc":"Продукты питания","ss":100,"td":"Окраина","dc":1,"n":45.44,"vc":"около 50","sl":"Высокий","sv":"около 500","p":2.77,"q":1.05,"b":0.0,"wi":0.25,"ei":4.38,"as":210.7,"mi":"E","mv":1208239,"sc":1,"lpe":99.97,"lpr":2.79,"lq":1.0},{"pi":"1506","pc":"Продукты питания","ss":100,"td":"Окраина","dc":1,"n":45.44,"vc":"около 50","sl":"Нормальный","sv":"около 500","p":1.64,"q":1.05,"b":0.0,"wi":0.15,"ei":3.36,"as":145.71,"mi":"E","mv":1599425,"sc":2,"lpe":99.92,"lpr":1.88,"lq":1.0},{"pi":"1506","pc":"Продукты питания","ss":100,"td":"Окраина","dc":1,"n":45.44,"vc":"около 50","sl":"Высокий","sv":"около 500","p":1.64,"q":1.05,"b":0.0,"wi":0.15,"ei":3.36,"as":145.71,"mi":"E","mv":1599425,"sc":2,"lpe":99.92,"lpr":1.88,"lq":1.0},{"pi":"1506","pc":"Продукты питания","ss":100,"td":"Окраина","dc":1,"n":45.44,"vc":"около 50","sl":"Нормальный","sv":"около 500","p":1.64,"q":1.05,"b":0.0,"wi":0.15,"ei":3.36,"as":145.71,"mi":"E","mv":1599425,"sc":2,"lpe":99.92,"lpr":1.88,"lq":1.0},{"pi":"1506","pc":"Продукты питания","ss":100,"td":"Окраина","dc":1,"n":45.44,"vc":"около 50","sl":"Высокий","sv":"около 500","p":1.64,"q":1.05,"b":0.0,"wi":0.15,"ei":3.36,"as":145.71,"mi":"E","mv":1599425,"sc":2,"lpe":99.92,"lpr":1.88,"lq":1.0},{"pi":"1506","pc":"Продукты питания","ss":100,"td":"Окраина","dc":1,"n":45.44,"vc":"около 50","sl":"Нормальный","sv":"около 500","p":1.64,"q":1.05,"b":0.0,"wi":0.15,"ei":3.36,"as":145.71,"mi":"E","mv":1599425,"sc":2,"lpe":99.92,"lpr":1.88,"lq":1.0},{"pi":"1506","pc":"Продукты питания","ss":100,"td":"Окраина","dc":1,"n":45.44,"vc":"около 50","sl":"Высокий","sv":"около 500","p":1.64,"q":1.05,"b":0.0,"wi":0.15,"ei":3.36,"as":145.71,"mi":"E","mv":1599425,"sc":2,"lpe":99.92,"lpr":1.88,"lq":1.0},{"pi":"1506","pc":"Продукты питания","ss":100,"td":"Окраина","dc":1,"n":45.44,"vc":"около 50","sl":"Нормальный","sv":"около 500","p":1.64,"q":1.05,"b":0.0,"wi":0.15,"ei":3.36,"as":145.71,"mi":"E","mv":1599425,"sc":2,"lpe":99.92,"lpr":1.88,"lq":1.0},{"pi":"1506","pc":"Продукты питания","ss":100,"td":"Окраина","dc":1,"n":45.44,"vc":"около 50","sl":"Высокий","sv":"около 500","p":1.64,"q":1.05,"b":0.0,"wi":0.15,"ei":3.36,"as":145.71,"mi":"E","mv":1599425,"sc":2,"lpe":99.92,"lpr":1.88,"lq":1.0},{"pi":"1506","pc":"Продукты питания","ss":100,"td":"Окраина","dc":1,"n":45.44,"vc":"около 50","sl":"Нормальный","sv":"около 500","p":1.64,"q":1.05,"b":0.0,"wi":0.15,"ei":3.36,"as":145.71,"mi":"E","mv":1599425,"sc":2,"lpe":99.92,"lpr":1.88,"lq":1.0},{"pi":"1506","pc":"Продукты питания","ss":100,"td":"Окраина","dc":1,"n":45.44,"vc":"около 50","sl":"Высокий","sv":"около 500","p":1.64,"q":1.05,"b":0.0,"wi":0.15,"ei":3.36,"as":145.71,"mi":"E","mv":1599425,"sc":2,"lpe":99.92,"lpr":1.88,"lq":1.0},{"pi":"1506","pc":"Продукты питания","ss":100,"td":"Окраина","dc":1,"n":45.44,"vc":"около 50","sl":"Нормальный","sv":"около 500","p":1.64,"q":1.05,"b":0.0,"wi":0.15,"ei":3.36,"as":145.71,"mi":"E","mv":1599425,"sc":2,"lpe":99.92,"lpr":1.88,"lq":1.0},{"pi":"1506","pc":"Продукты питания","ss":100,"td":"Окраина","dc":1,"n":45.44,"vc":"около 50","sl":"Высокий","sv":"около 500","p":1.64,"q":1.05,"b":0.0,"wi":0.15,"ei":3.36,"as":145.71,"mi":"E","mv":1599425,"sc":2,"lpe":99.92,"lpr":1.88,"lq":1.0},{"pi":"1506","pc":"Продукты питания","ss":100,"td":"Окраина","dc":1,"n":45.44,"vc":"около 50","sl":"Нормальный","sv":"около 500","p":1.64,"q":1.05,"b":0.0,"wi":0.15,"ei":3.36,"as":145.71,"mi":"E","mv":1599425,"sc":2,"lpe":99.92,"lpr":1.88,"lq":1.0},{"pi":"1506","pc":"Продукты питания","ss":100,"td":"Окраина","dc":1,"n":45.44,"vc":"около 50","sl":"Высокий","sv":"около 500","p":1.64,"q":1.05,"b":0.0,"wi":0.15,"ei":3.36,"as":145.71,"mi":"E","mv":1599425,"sc":2,"lpe":99.92,"lpr":1.88,"lq":1.0},{"pi":"1506","pc":"Продукты питания","ss":100,"td":"Окраина","dc":1,"n":45.44,"vc":"около 50","sl":"Нормальный","sv":"около 500","p":1.64,"q":1.05,"b":0.0,"wi":0.15,"ei":3.36,"as":145.71,"mi":"E","mv":1599425,"sc":2,"lpe":99.92,"lpr":1.88,"lq":1.0},{"pi":"1506","pc":"Продукты питания","ss":100,"td":"Окраина","dc":1,"n":45.44,"vc":"около 50","sl":"Высокий","sv":"около 500","p":1.64,"q":1.05,"b":0.0,"wi":0.15,"ei":3.36,"as":145.71,"mi":"E","mv":1599425,"sc":2,"lpe":99.92,"lpr":1.88,"lq":1.0},{"pi":"1506","pc":"Продукты питания","ss":1000,"td":"Спальный район","dc":1,"n":244.06,"vc":"более 1 000","sl":"Элитный","sv":"более 10 000","p":1.48,"q":1.0,"b":0.0,"wi":0.13,"ei":4.22,"as":130.53,"mi":"E","mv":1910122,"sc":2,"lpe":99.12,"lpr":1.81,"lq":1.0},{"pi":"1506","pc":"Продукты питания","ss":500,"td":"Центр города","dc":1,"n":10.43,"vc":"более 100","sl":"Очень высокий","sv":"более 100","p":2.08,"q":1.05,"b":0.0,"wi":0.13,"ei":4.22,"as":130.53,"mi":"E","mv":1910122,"sc":2,"lpe":99.12,"lpr":1.81,"lq":1.0},{"pi":"1506","pc":"Продукты питания","ss":1000,"td":"Спальный район","dc":1,"n":244.06,"vc":"более 1 000","sl":"Элитный","sv":"более 10 000","p":1.48,"q":1.0,"b":0.0,"wi":0.13,"ei":4.22,"as":130.53,"mi":"E","mv":1910122,"sc":2,"lpe":99.12,"lpr":1.81,"lq":1.0},{"pi":"1506","pc":"Продукты питания","ss":500,"td":"Центр города","dc":1,"n":10.43,"vc":"более 100","sl":"Очень высокий","sv":"более 100","p":2.08,"q":1.05,"b":0.0,"wi":0.13,"ei":4.22,"as":130.53,"mi":"E","mv":1910122,"sc":2,"lpe":99.12,"lpr":1.81,"lq":1.0},{"pi":"1506","pc":"Продукты питания","ss":1000,"td":"Спальный район","dc":1,"n":244.06,"vc":"более 1 000","sl":"Элитный","sv":"более 10 000","p":1.48,"q":1.0,"b":0.0,"wi":0.13,"ei":4.22,"as":130.53,"mi":"E","mv":1910122,"sc":2,"lpe":99.12,"lpr":1.81,"lq":1.0},{"pi":"1506","pc":"Продукты питания","ss":500,"td":"Центр города","dc":1,"n":10.43,"vc":"более 100","sl":"Очень высокий","sv":"более 100","p":2.08,"q":1.05,"b":0.0,"wi":0.13,"ei":4.22,"as":130.53,"mi":"E","mv":1910122,"sc":2,"lpe":99.12,"lpr":1.81,"lq":1.0},{"pi":"1506","pc":"Продукты питания","ss":1000,"td":"Спальный район","dc":1,"n":244.06,"vc":"более 1 000","sl":"Элитный","sv":"более 10 000","p":1.48,"q":1.0,"b":0.0,"wi":0.13,"ei":4.22,"as":130.53,"mi":"E","mv":1910122,"sc":2,"lpe":99.12,"lpr":1.81,"lq":1.0},{"pi":"1506","pc":"Продукты питания","ss":500,"td":"Центр города","dc":1,"n":10.43,"vc":"более 100","sl":"Очень высокий","sv":"более 100","p":2.08,"q":1.05,"b":0.0,"wi":0.13,"ei":4.22,"as":130.53,"mi":"E","mv":1910122,"sc":2,"lpe":99.12,"lpr":1.81,"lq":1.0},{"pi":"1506","pc":"Продукты питания","ss":500,"td":"Центр города","dc":1,"n":10.43,"vc":"более 100","sl":"Очень высокий","sv":"более 100","p":2.08,"q":1.05,"b":0.0,"wi":0.13,"ei":4.22,"as":130.53,"mi":"E","mv":1910122,"sc":2,"lpe":99.12,"lpr":1.81,"lq":1.0},{"pi":"1506","pc":"Продукты питания","ss":500,"td":"Центр города","dc":1,"n":10.43,"vc":"более 100","sl":"Очень высокий","sv":"более 100","p":2.08,"q":1.05,"b":0.0,"wi":0.13,"ei":4.22,"as":130.53,"mi":"E","mv":1910122,"sc":2,"lpe":99.12,"lpr":1.81,"lq":1.0},{"pi":"1506","pc":"Продукты питания","ss":1000,"td":"Спальный район","dc":1,"n":244.06,"vc":"более 1 000","sl":"Элитный","sv":"более 10 000","p":1.48,"q":1.0,"b":0.0,"wi":0.13,"ei":4.22,"as":130.53,"mi":"E","mv":1910122,"sc":2,"lpe":99.12,"lpr":1.81,"lq":1.0},{"pi":"1506","pc":"Продукты питания","ss":500,"td":"Центр города","dc":1,"n":10.43,"vc":"более 100","sl":"Очень высокий","sv":"более 100","p":2.08,"q":1.05,"b":0.0,"wi":0.13,"ei":4.22,"as":130.53,"mi":"E","mv":1910122,"sc":2,"lpe":99.12,"lpr":1.81,"lq":1.0},{"pi":"1506","pc":"Продукты питания","ss":500,"td":"Центр города","dc":1,"n":10.43,"vc":"более 100","sl":"Очень высокий","sv":"более 100","p":2.08,"q":1.05,"b":0.0,"wi":0.13,"ei":4.22,"as":130.53,"mi":"E","mv":1910122,"sc":2,"lpe":99.12,"lpr":1.81,"lq":1.0},{"pi":"1506","pc":"Продукты питания","ss":500,"td":"Спальный район","dc":1,"n":12.14,"vc":"более 100","sl":"Высокий","sv":"около 1 000","p":1.8,"q":1.05,"b":0.0,"wi":0.14,"ei":3.0,"as":122.95,"mi":"E","mv":3827265,"sc":1,"lpe":99.98,"lpr":1.85,"lq":1.0},{"pi":"1506","pc":"Продукты питания","ss":500,"td":"Спальный район","dc":1,"n":12.14,"vc":"более 100","sl":"Высокий","sv":"около 1 000","p":1.8,"q":1.05,"b":0.0,"wi":0.14,"ei":3.0,"as":122.95,"mi":"E","mv":3827265,"sc":1,"lpe":99.98,"lpr":1.85,"lq":1.0},{"pi":"1506","pc":"Продукты питания","ss":500,"td":"Спальный район","dc":1,"n":12.14,"vc":"более 100","sl":"Высокий","sv":"около 1 000","p":1.8,"q":1.05,"b":0.0,"wi":0.14,"ei":3.0,"as":122.95,"mi":"E","mv":3827265,"sc":1,"lpe":99.98,"lpr":1.85,"lq":1.0},{"pi":"1506","pc":"Продукты питания","ss":500,"td":"Спальный район","dc":1,"n":12.14,"vc":"более 100","sl":"Высокий","sv":"около 1 000","p":1.8,"q":1.05,"b":0.0,"wi":0.14,"ei":3.0,"as":122.95,"mi":"E","mv":3827265,"sc":1,"lpe":99.98,"lpr":1.85,"lq":1.0},{"pi":"1506","pc":"Продукты питания","ss":500,"td":"Спальный район","dc":1,"n":12.14,"vc":"более 100","sl":"Высокий","sv":"около 1 000","p":1.8,"q":1.05,"b":0.0,"wi":0.14,"ei":3.0,"as":122.95,"mi":"E","mv":3827265,"sc":1,"lpe":99.98,"lpr":1.85,"lq":1.0},{"pi":"1506","pc":"Продукты питания","ss":500,"td":"Спальный район","dc":1,"n":12.14,"vc":"более 100","sl":"Высокий","sv":"около 1 000","p":1.8,"q":1.05,"b":0.0,"wi":0.14,"ei":3.0,"as":122.95,"mi":"E","mv":3827265,"sc":1,"lpe":99.98,"lpr":1.85,"lq":1.0},{"pi":"1506","pc":"Продукты питания","ss":100,"td":"Окраина","dc":1,"n":48.19,"vc":"около 50","sl":"Нормальный","sv":"около 500","p":1.87,"q":1.05,"b":0.0,"wi":0.16,"ei":3.71,"as":138.79,"mi":"E","mv":3581769,"sc":1,"lpe":99.99,"lpr":1.94,"lq":1.0},{"pi":"1506","pc":"Продукты питания","ss":100,"td":"Окраина","dc":1,"n":48.19,"vc":"около 50","sl":"Нормальный","sv":"около 500","p":1.87,"q":1.05,"b":0.0,"wi":0.16,"ei":3.71,"as":138.79,"mi":"E","mv":3581769,"sc":1,"lpe":99.99,"lpr":1.94,"lq":1.0},{"pi":"1506","pc":"Продукты питания","ss":100,"td":"Окраина","dc":1,"n":48.19,"vc":"около 50","sl":"Нормальный","sv":"около 500","p":1.87,"q":1.05,"b":0.0,"wi":0.16,"ei":3.71,"as":138.79,"mi":"E","mv":3581769,"sc":1,"lpe":99.99,"lpr":1.94,"lq":1.0},{"pi":"1506","pc":"Продукты питания","ss":100,"td":"Окраина","dc":1,"n":48.19,"vc":"около 50","sl":"Нормальный","sv":"около 500","p":1.87,"q":1.05,"b":0.0,"wi":0.16,"ei":3.71,"as":138.79,"mi":"E","mv":3581769,"sc":1,"lpe":99.99,"lpr":1.94,"lq":1.0},{"pi":"1506","pc":"Продукты питания","ss":100,"td":"Окраина","dc":1,"n":48.19,"vc":"около 50","sl":"Нормальный","sv":"около 500","p":1.87,"q":1.05,"b":0.0,"wi":0.16,"ei":3.71,"as":138.79,"mi":"E","mv":3581769,"sc":1,"lpe":99.99,"lpr":1.94,"lq":1.0},{"pi":"1506","pc":"Продукты питания","ss":100,"td":"Окраина","dc":1,"n":48.19,"vc":"около 50","sl":"Нормальный","sv":"около 500","p":1.87,"q":1.05,"b":0.0,"wi":0.16,"ei":3.71,"as":138.79,"mi":"E","mv":3581769,"sc":1,"lpe":99.99,"lpr":1.94,"lq":1.0},{"pi":"1506","pc":"Продукты питания","ss":100,"td":"Окраина","dc":1,"n":42.63,"vc":"около 50","sl":"Нормальный","sv":"около 50","p":2.59,"q":1.05,"b":0.0,"wi":0.18,"ei":4.36,"as":208.4,"mi":"E","mv":4622609,"sc":1,"lpe":100.0,"lpr":2.75,"lq":1.0},{"pi":"1506","pc":"Продукты питания","ss":100,"td":"Окраина","dc":1,"n":42.63,"vc":"около 50","sl":"Нормальный","sv":"около 50","p":2.59,"q":1.05,"b":0.0,"wi":0.18,"ei":4.36,"as":208.4,"mi":"E","mv":4622609,"sc":1,"lpe":100.0,"lpr":2.75,"lq":1.0},{"pi":"1506","pc":"Продукты питания","ss":100,"td":"Окраина","dc":1,"n":42.63,"vc":"около 50","sl":"Нормальный","sv":"около 50","p":2.59,"q":1.05,"b":0.0,"wi":0.18,"ei":4.36,"as":208.4,"mi":"E","mv":4622609,"sc":1,"lpe":100.0,"lpr":2.75,"lq":1.0},{"pi":"1506","pc":"Продукты питания","ss":100,"td":"Окраина","dc":1,"n":42.63,"vc":"около 50","sl":"Нормальный","sv":"около 50","p":2.59,"q":1.05,"b":0.0,"wi":0.18,"ei":4.36,"as":208.4,"mi":"E","mv":4622609,"sc":1,"lpe":100.0,"lpr":2.75,"lq":1.0},{"pi":"1506","pc":"Продукты питания","ss":100,"td":"Окраина","dc":1,"n":42.63,"vc":"около 50","sl":"Нормальный","sv":"около 50","p":2.59,"q":1.05,"b":0.0,"wi":0.18,"ei":4.36,"as":208.4,"mi":"E","mv":4622609,"sc":1,"lpe":100.0,"lpr":2.75,"lq":1.0},{"pi":"1506","pc":"Продукты питания","ss":100,"td":"Окраина","dc":1,"n":42.63,"vc":"около 50","sl":"Нормальный","sv":"около 50","p":2.59,"q":1.05,"b":0.0,"wi":0.18,"ei":4.36,"as":208.4,"mi":"E","mv":4622609,"sc":1,"lpe":100.0,"lpr":2.75,"lq":1.0},{"pi":"1506","pc":"Продукты питания","ss":100,"td":"Окраина","dc":1,"n":48.31,"vc":"около 50","sl":"Нормальный","sv":"около 500","p":3.72,"q":1.05,"b":0.0,"wi":0.26,"ei":4.4,"as":273.11,"mi":"E","mv":4913430,"sc":2,"lpe":99.99,"lpr":3.59,"lq":1.0},{"pi":"1506","pc":"Продукты питания","ss":100,"td":"Окраина","dc":1,"n":48.31,"vc":"около 50","sl":"Нормальный","sv":"около 500","p":3.72,"q":1.05,"b":0.0,"wi":0.26,"ei":4.4,"as":273.11,"mi":"E","mv":4913430,"sc":2,"lpe":99.99,"lpr":3.59,"lq":1.0},{"pi":"1506","pc":"Продукты питания","ss":100,"td":"Окраина","dc":1,"n":48.31,"vc":"около 50","sl":"Нормальный","sv":"около 500","p":3.72,"q":1.05,"b":0.0,"wi":0.26,"ei":4.4,"as":273.11,"mi":"E","mv":4913430,"sc":2,"lpe":99.99,"lpr":3.59,"lq":1.0},{"pi":"1506","pc":"Продукты питания","ss":100,"td":"Окраина","dc":1,"n":48.31,"vc":"около 50","sl":"Нормальный","sv":"около 500","p":3.72,"q":1.05,"b":0.0,"wi":0.26,"ei":4.4,"as":273.11,"mi":"E","mv":4913430,"sc":2,"lpe":99.99,"lpr":3.59,"lq":1.0},{"pi":"1506","pc":"Продукты питания","ss":100,"td":"Окраина","dc":1,"n":48.31,"vc":"около 50","sl":"Нормальный","sv":"около 500","p":3.72,"q":1.05,"b":0.0,"wi":0.26,"ei":4.4,"as":273.11,"mi":"E","mv":4913430,"sc":2,"lpe":99.99,"lpr":3.59,"lq":1.0},{"pi":"1506","pc":"Продукты питания","ss":100,"td":"Окраина","dc":1,"n":48.31,"vc":"около 50","sl":"Нормальный","sv":"около 500","p":3.72,"q":1.05,"b":0.0,"wi":0.26,"ei":4.4,"as":273.11,"mi":"E","mv":4913430,"sc":2,"lpe":99.99,"lpr":3.59,"lq":1.0},{"pi":"1506","pc":"Продукты питания","ss":100,"td":"Центр города","dc":2,"n":61.4,"vc":"более 100","sl":"Очень низкий","sv":"более 100","p":15.99,"q":1.0,"b":0.0,"wi":1.4,"ei":8.2,"as":1410.0,"mi":"E","mv":4500188,"sc":1,"lpe":100.0,"lpr":18.05,"lq":1.0},{"pi":"1506","pc":"Продукты питания","ss":100,"td":"Центр города","dc":2,"n":61.4,"vc":"более 100","sl":"Очень низкий","sv":"более 100","p":15.99,"q":1.0,"b":0.0,"wi":1.4,"ei":8.2,"as":1410.0,"mi":"E","mv":4500188,"sc":1,"lpe":100.0,"lpr":18.05,"lq":1.0},{"pi":"1506","pc":"Продукты питания","ss":100,"td":"Центр города","dc":2,"n":61.4,"vc":"более 100","sl":"Очень низкий","sv":"более 100","p":15.99,"q":1.0,"b":0.0,"wi":1.4,"ei":8.2,"as":1410.0,"mi":"E","mv":4500188,"sc":1,"lpe":100.0,"lpr":18.05,"lq":1.0},{"pi":"1506","pc":"Продукты питания","ss":100,"td":"Центр города","dc":2,"n":61.4,"vc":"более 100","sl":"Очень низкий","sv":"более 100","p":15.99,"q":1.0,"b":0.0,"wi":1.4,"ei":8.2,"as":1410.0,"mi":"E","mv":4500188,"sc":1,"lpe":100.0,"lpr":18.05,"lq":1.0},{"pi":"1506","pc":"Продукты питания","ss":100,"td":"Центр города","dc":2,"n":61.4,"vc":"более 100","sl":"Очень низкий","sv":"более 100","p":15.99,"q":1.0,"b":0.0,"wi":1.4,"ei":8.2,"as":1410.0,"mi":"E","mv":4500188,"sc":1,"lpe":100.0,"lpr":18.05,"lq":1.0},{"pi":"1506","pc":"Продукты питания","ss":100,"td":"Центр города","dc":2,"n":61.4,"vc":"более 100","sl":"Очень низкий","sv":"более 100","p":15.99,"q":1.0,"b":0.0,"wi":1.4,"ei":8.2,"as":1410.0,"mi":"E","mv":4500188,"sc":1,"lpe":100.0,"lpr":18.05,"lq":1.0},{"pi":"1506","pc":"Продукты питания","ss":100,"td":"Центр города","dc":2,"n":61.4,"vc":"более 100","sl":"Очень низкий","sv":"более 100","p":15.99,"q":1.0,"b":0.0,"wi":1.4,"ei":8.2,"as":1410.0,"mi":"E","mv":4500188,"sc":1,"lpe":100.0,"lpr":18.05,"lq":1.0},{"pi":"1506","pc":"Продукты питания","ss":100,"td":"Центр города","dc":2,"n":61.4,"vc":"более 100","sl":"Очень низкий","sv":"более 100","p":15.99,"q":1.0,"b":0.0,"wi":1.4,"ei":8.2,"as":1410.0,"mi":"E","mv":4500188,"sc":1,"lpe":100.0,"lpr":18.05,"lq":1.0},{"pi":"1506","pc":"Продукты питания","ss":100,"td":"Центр города","dc":2,"n":61.4,"vc":"более 100","sl":"Очень низкий","sv":"более 100","p":15.99,"q":1.0,"b":0.0,"wi":1.4,"ei":8.2,"as":1410.0,"mi":"E","mv":4500188,"sc":1,"lpe":100.0,"lpr":18.05,"lq":1.0},{"pi":"1506","pc":"Продукты питания","ss":500,"td":"Фешенебельный район","dc":1,"n":90.65,"vc":"около 50","sl":"Элитный","sv":"более 200","p":2.5,"q":2.33,"b":0.0,"wi":0.19,"ei":4.22,"as":177.8,"mi":"E","mv":4151192,"sc":1,"lpe":99.99,"lpr":2.37,"lq":1.0},{"pi":"1506","pc":"Продукты питания","ss":500,"td":"Фешенебельный район","dc":1,"n":90.65,"vc":"около 50","sl":"Элитный","sv":"более 200","p":2.5,"q":2.33,"b":0.0,"wi":0.19,"ei":4.22,"as":177.8,"mi":"E","mv":4151192,"sc":1,"lpe":99.99,"lpr":2.37,"lq":1.0},{"pi":"1506","pc":"Продукты питания","ss":500,"td":"Фешенебельный район","dc":1,"n":90.65,"vc":"около 50","sl":"Элитный","sv":"более 200","p":2.5,"q":2.33,"b":0.0,"wi":0.19,"ei":4.22,"as":177.8,"mi":"E","mv":4151192,"sc":1,"lpe":99.99,"lpr":2.37,"lq":1.0},{"pi":"1506","pc":"Продукты питания","ss":500,"td":"Фешенебельный район","dc":1,"n":90.65,"vc":"около 50","sl":"Элитный","sv":"более 200","p":2.5,"q":2.33,"b":0.0,"wi":0.19,"ei":4.22,"as":177.8,"mi":"E","mv":4151192,"sc":1,"lpe":99.99,"lpr":2.37,"lq":1.0},{"pi":"1506","pc":"Продукты питания","ss":500,"td":"Фешенебельный район","dc":1,"n":90.65,"vc":"около 50","sl":"Элитный","sv":"более 200","p":2.5,"q":2.33,"b":0.0,"wi":0.19,"ei":4.22,"as":177.8,"mi":"E","mv":4151192,"sc":1,"lpe":99.99,"lpr":2.37,"lq":1.0},{"pi":"1506","pc":"Продукты питания","ss":500,"td":"Фешенебельный район","dc":1,"n":90.65,"vc":"около 50","sl":"Элитный","sv":"более 200","p":2.5,"q":2.33,"b":0.0,"wi":0.19,"ei":4.22,"as":177.8,"mi":"E","mv":4151192,"sc":1,"lpe":99.99,"lpr":2.37,"lq":1.0},{"pi":"1506","pc":"Продукты питания","ss":500,"td":"Фешенебельный район","dc":1,"n":90.65,"vc":"около 50","sl":"Элитный","sv":"более 200","p":2.5,"q":2.33,"b":0.0,"wi":0.19,"ei":4.22,"as":177.8,"mi":"E","mv":4151192,"sc":1,"lpe":99.99,"lpr":2.37,"lq":1.0},{"pi":"1506","pc":"Продукты питания","ss":500,"td":"Центр города","dc":1,"n":160.09,"vc":"около 500","sl":"Очень высокий","sv":"около 500","p":2.0,"q":1.11,"b":0.0,"wi":0.13,"ei":3.0,"as":119.04,"mi":"E","mv":2457900,"sc":1,"lpe":99.98,"lpr":1.74,"lq":1.0},{"pi":"1506","pc":"Продукты питания","ss":500,"td":"Центр города","dc":1,"n":160.09,"vc":"около 500","sl":"Очень высокий","sv":"около 500","p":2.0,"q":1.11,"b":0.0,"wi":0.13,"ei":3.0,"as":119.04,"mi":"E","mv":2457900,"sc":1,"lpe":99.98,"lpr":1.74,"lq":1.0},{"pi":"1506","pc":"Продукты питания","ss":500,"td":"Центр города","dc":1,"n":160.09,"vc":"около 500","sl":"Очень высокий","sv":"около 500","p":2.0,"q":1.11,"b":0.0,"wi":0.13,"ei":3.0,"as":119.04,"mi":"E","mv":2457900,"sc":1,"lpe":99.98,"lpr":1.74,"lq":1.0},{"pi":"1506","pc":"Продукты питания","ss":500,"td":"Центр города","dc":1,"n":160.09,"vc":"около 500","sl":"Очень высокий","sv":"около 500","p":2.0,"q":1.11,"b":0.0,"wi":0.13,"ei":3.0,"as":119.04,"mi":"E","mv":2457900,"sc":1,"lpe":99.98,"lpr":1.74,"lq":1.0},{"pi":"1506","pc":"Продукты питания","ss":500,"td":"Центр города","dc":1,"n":160.09,"vc":"около 500","sl":"Очень высокий","sv":"около 500","p":2.0,"q":1.11,"b":0.0,"wi":0.13,"ei":3.0,"as":119.04,"mi":"E","mv":2457900,"sc":1,"lpe":99.98,"lpr":1.74,"lq":1.0},{"pi":"1506","pc":"Продукты питания","ss":500,"td":"Центр города","dc":1,"n":160.09,"vc":"около 500","sl":"Очень высокий","sv":"около 500","p":2.0,"q":1.11,"b":0.0,"wi":0.13,"ei":3.0,"as":119.04,"mi":"E","mv":2457900,"sc":1,"lpe":99.98,"lpr":1.74,"lq":1.0},{"pi":"1506","pc":"Продукты питания","ss":500,"td":"Центр города","dc":1,"n":160.09,"vc":"около 500","sl":"Очень высокий","sv":"около 500","p":2.0,"q":1.11,"b":0.0,"wi":0.13,"ei":3.0,"as":119.04,"mi":"E","mv":2457900,"sc":1,"lpe":99.98,"lpr":1.74,"lq":1.0},{"pi":"1506","pc":"Продукты питания","ss":500,"td":"Центр города","dc":1,"n":160.09,"vc":"около 500","sl":"Очень высокий","sv":"около 500","p":2.0,"q":1.11,"b":0.0,"wi":0.13,"ei":3.0,"as":119.04,"mi":"E","mv":2457900,"sc":1,"lpe":99.98,"lpr":1.74,"lq":1.0}]