[{"pi":"1506","pc":"Продукты питания","ss":500,"td":"Центр города","dc":1,"n":0.0,"vc":"более 100","sl":"Очень высокий","sv":"более 1 000","p":2.5,"q":1.0,"b":0.0,"wi":0.24,"ei":3.75,"as":254.7,"mi":"E","mv":3195403,"sc":1,"lpe":99.95,"lpr":3.08,"lq":1.0},{"pi":"1506","pc":"Продукты питания","ss":500,"td":"Центр города","dc":1,"n":0.0,"vc":"более 100","sl":"Очень высокий","sv":"более 1 000","p":2.5,"q":1.0,"b":0.0,"wi":0.24,"ei":3.75,"as":254.7,"mi":"E","mv":3195403,"sc":1,"lpe":99.95,"lpr":3.08,"lq":1.0},{"pi":"1506","pc":"Продукты питания","ss":500,"td":"Центр города","dc":1,"n":0.0,"vc":"более 100","sl":"Очень высокий","sv":"более 1 000","p":2.5,"q":1.0,"b":0.0,"wi":0.24,"ei":3.75,"as":254.7,"mi":"E","mv":3195403,"sc":1,"lpe":99.95,"lpr":3.08,"lq":1.0},{"pi":"1506","pc":"Продукты питания","ss":500,"td":"Центр города","dc":1,"n":0.0,"vc":"более 100","sl":"Очень высокий","sv":"более 1 000","p":2.5,"q":1.0,"b":0.0,"wi":0.24,"ei":3.75,"as":254.7,"mi":"E","mv":3195403,"sc":1,"lpe":99.95,"lpr":3.08,"lq":1.0},{"pi":"1506","pc":"Продукты питания","ss":500,"td":"Центр города","dc":1,"n":0.0,"vc":"более 100","sl":"Очень высокий","sv":"более 1 000","p":2.5,"q":1.0,"b":0.0,"wi":0.24,"ei":3.75,"as":254.7,"mi":"E","mv":3195403,"sc":1,"lpe":99.95,"lpr":3.08,"lq":1.0},{"pi":"1506","pc":"Продукты питания","ss":500,"td":"Центр города","dc":1,"n":0.0,"vc":"более 100","sl":"Очень высокий","sv":"более 1 000","p":2.5,"q":1.0,"b":0.0,"wi":0.24,"ei":3.75,"as":254.7,"mi":"E","mv":3195403,"sc":1,"lpe":99.95,"lpr":3.08,"lq":1.0},{"pi":"1506","pc":"Продукты питания","ss":500,"td":"Центр города","dc":1,"n":0.0,"vc":"более 100","sl":"Очень высокий","sv":"более 1 000","p":2.5,"q":1.0,"b":0.0,"wi":0.24,"ei":3.75,"as":254.7,"mi":"E","mv":3195403,"sc":1,"lpe":99.95,"lpr":3.08,"lq":1.0},{"pi":"1506","pc":"Продукты питания","ss":500,"td":"Центр города","dc":1,"n":0.0,"vc":"более 100","sl":"Очень высокий","sv":"более 1 000","p":2.5,"q":1.0,"b":0.0,"wi":0.24,"ei":3.75,"as":254.7,"mi":"E","mv":3195403,"sc":1,"lpe":99.95,"lpr":3.08,"lq":1.0},{"pi":"1506","pc":"Продукты питания","ss":100,"td":"Окраина","dc":1,"n":50.37,"vc":"около 50","sl":"Нормальный","sv":"более 100","p":2.11,"q":1.05,"b":0.0,"wi":0.14,"ei":3.31,"as":150.32,"mi":"E","mv":2915780,"sc":1,"lpe":100.0,"lpr":1.96,"lq":1.0},{"pi":"1506","pc":"Продукты питания","ss":100,"td":"Окраина","dc":1,"n":50.37,"vc":"около 50","sl":"Нормальный","sv":"более 100","p":2.11,"q":1.05,"b":0.0,"wi":0.14,"ei":3.31,"as":150.32,"mi":"E","mv":2915780,"sc":1,"lpe":100.0,"lpr":1.96,"lq":1.0},{"pi":"1506","pc":"Продукты питания","ss":100,"td":"Окраина","dc":1,"n":50.37,"vc":"около 50","sl":"Нормальный","sv":"более 100","p":2.11,"q":1.05,"b":0.0,"wi":0.14,"ei":3.31,"as":150.32,"mi":"E","mv":2915780,"sc":1,"lpe":100.0,"lpr":1.96,"lq":1.0},{"pi":"1506","pc":"Продукты питания","ss":100,"td":"Окраина","dc":1,"n":50.37,"vc":"около 50","sl":"Нормальный","sv":"более 100","p":2.11,"q":1.05,"b":0.0,"wi":0.14,"ei":3.31,"as":150.32,"mi":"E","mv":2915780,"sc":1,"lpe":100.0,"lpr":1.96,"lq":1.0},{"pi":"1506","pc":"Продукты питания","ss":100,"td":"Окраина","dc":1,"n":50.37,"vc":"около 50","sl":"Нормальный","sv":"более 100","p":2.11,"q":1.05,"b":0.0,"wi":0.14,"ei":3.31,"as":150.32,"mi":"E","mv":2915780,"sc":1,"lpe":100.0,"lpr":1.96,"lq":1.0},{"pi":"1506","pc":"Продукты питания","ss":100,"td":"Окраина","dc":1,"n":50.37,"vc":"около 50","sl":"Нормальный","sv":"более 100","p":2.11,"q":1.05,"b":0.0,"wi":0.14,"ei":3.31,"as":150.32,"mi":"E","mv":2915780,"sc":1,"lpe":100.0,"lpr":1.96,"lq":1.0},{"pi":"1506","pc":"Продукты питания","ss":100,"td":"Окраина","dc":1,"n":50.37,"vc":"около 50","sl":"Нормальный","sv":"более 100","p":2.11,"q":1.05,"b":0.0,"wi":0.14,"ei":3.31,"as":150.32,"mi":"E","mv":2915780,"sc":1,"lpe":100.0,"lpr":1.96,"lq":1.0},{"pi":"1506","pc":"Продукты питания","ss":100,"td":"Окраина","dc":1,"n":50.37,"vc":"около 50","sl":"Нормальный","sv":"более 100","p":2.11,"q":1.05,"b":0.0,"wi":0.14,"ei":3.31,"as":150.32,"mi":"E","mv":2915780,"sc":1,"lpe":100.0,"lpr":1.96,"lq":1.0},{"pi":"1506","pc":"Продукты питания","ss":100,"td":"Окраина","dc":1,"n":46.83,"vc":"около 50","sl":"Нормальный","sv":"около 500","p":1.51,"q":1.05,"b":0.0,"wi":0.15,"ei":4.22,"as":130.53,"mi":"E","mv":1908503,"sc":1,"lpe":99.97,"lpr":1.67,"lq":1.0},{"pi":"1506","pc":"Продукты питания","ss":100,"td":"Окраина","dc":1,"n":46.83,"vc":"около 50","sl":"Нормальный","sv":"около 500","p":1.51,"q":1.05,"b":0.0,"wi":0.15,"ei":4.22,"as":130.53,"mi":"E","mv":1908503,"sc":1,"lpe":99.97,"lpr":1.67,"lq":1.0},{"pi":"1506","pc":"Продукты питания","ss":100,"td":"Окраина","dc":1,"n":46.83,"vc":"около 50","sl":"Нормальный","sv":"около 500","p":1.51,"q":1.05,"b":0.0,"wi":0.15,"ei":4.22,"as":130.53,"mi":"E","mv":1908503,"sc":1,"lpe":99.97,"lpr":1.67,"lq":1.0},{"pi":"1506","pc":"Продукты питания","ss":100,"td":"Окраина","dc":1,"n":46.83,"vc":"около 50","sl":"Нормальный","sv":"около 500","p":1.51,"q":1.05,"b":0.0,"wi":0.15,"ei":4.22,"as":130.53,"mi":"E","mv":1908503,"sc":1,"lpe":99.97,"lpr":1.67,"lq":1.0},{"pi":"1506","pc":"Продукты питания","ss":100,"td":"Окраина","dc":1,"n":46.83,"vc":"около 50","sl":"Нормальный","sv":"около 500","p":1.51,"q":1.05,"b":0.0,"wi":0.15,"ei":4.22,"as":130.53,"mi":"E","mv":1908503,"sc":1,"lpe":99.97,"lpr":1.67,"lq":1.0},{"pi":"1506","pc":"Продукты питания","ss":100,"td":"Окраина","dc":1,"n":46.83,"vc":"около 50","sl":"Нормальный","sv":"около 500","p":1.51,"q":1.05,"b":0.0,"wi":0.15,"ei":4.22,"as":130.53,"mi":"E","mv":1908503,"sc":1,"lpe":99.97,"lpr":1.67,"lq":1.0},{"pi":"1506","pc":"Продукты питания","ss":500,"td":"Спальный район","dc":1,"n":16.78,"vc":"более 100","sl":"Очень высокий","sv":"более 1 000","p":1.5,"q":1.0,"b":0.0,"wi":0.18,"ei":3.71,"as":138.79,"mi":"E","mv":3411539,"sc":2,"lpe":99.93,"lpr":1.78,"lq":1.0},{"pi":"1506","pc":"Продукты питания","ss":100,"td":"Окраина","dc":1,"n":42.72,"vc":"около 50","sl":"Нормальный","sv":"более 200","p":1.75,"q":1.05,"b":0.0,"wi":0.18,"ei":3.71,"as":138.79,"mi":"E","mv":3411539,"sc":2,"lpe":99.93,"lpr":1.78,"lq":1.0},{"pi":"1506","pc":"Продукты питания","ss":500,"td":"Спальный район","dc":1,"n":16.78,"vc":"более 100","sl":"Очень высокий","sv":"более 1 000","p":1.5,"q":1.0,"b":0.0,"wi":0.18,"ei":3.71,"as":138.79,"mi":"E","mv":3411539,"sc":2,"lpe":99.93,"lpr":1.78,"lq":1.0},{"pi":"1506","pc":"Продукты питания","ss":100,"td":"Окраина","dc":1,"n":42.72,"vc":"около 50","sl":"Нормальный","sv":"более 200","p":1.75,"q":1.05,"b":0.0,"wi":0.18,"ei":3.71,"as":138.79,"mi":"E","mv":3411539,"sc":2,"lpe":99.93,"lpr":1.78,"lq":1.0},{"pi":"1506","pc":"Продукты питания","ss":500,"td":"Спальный район","dc":1,"n":16.78,"vc":"более 100","sl":"Очень высокий","sv":"более 1 000","p":1.5,"q":1.0,"b":0.0,"wi":0.18,"ei":3.71,"as":138.79,"mi":"E","mv":3411539,"sc":2,"lpe":99.93,"lpr":1.78,"lq":1.0},{"pi":"1506","pc":"Продукты питания","ss":100,"td":"Окраина","dc":1,"n":42.72,"vc":"около 50","sl":"Нормальный","sv":"более 200","p":1.75,"q":1.05,"b":0.0,"wi":0.18,"ei":3.71,"as":138.79,"mi":"E","mv":3411539,"sc":2,"lpe":99.93,"lpr":1.78,"lq":1.0},{"pi":"1506","pc":"Продукты питания","ss":500,"td":"Спальный район","dc":1,"n":16.78,"vc":"более 100","sl":"Очень высокий","sv":"более 1 000","p":1.5,"q":1.0,"b":0.0,"wi":0.18,"ei":3.71,"as":138.79,"mi":"E","mv":3411539,"sc":2,"lpe":99.93,"lpr":1.78,"lq":1.0},{"pi":"1506","pc":"Продукты питания","ss":100,"td":"Окраина","dc":1,"n":42.72,"vc":"около 50","sl":"Нормальный","sv":"более 200","p":1.75,"q":1.05,"b":0.0,"wi":0.18,"ei":3.71,"as":138.79,"mi":"E","mv":3411539,"sc":2,"lpe":99.93,"lpr":1.78,"lq":1.0},{"pi":"1506","pc":"Продукты питания","ss":500,"td":"Спальный район","dc":1,"n":16.78,"vc":"более 100","sl":"Очень высокий","sv":"более 1 000","p":1.5,"q":1.0,"b":0.0,"wi":0.18,"ei":3.71,"as":138.79,"mi":"E","mv":3411539,"sc":2,"lpe":99.93,"lpr":1.78,"lq":1.0},{"pi":"1506","pc":"Продукты питания","ss":500,"td":"Спальный район","dc":1,"n":16.78,"vc":"более 100","sl":"Очень высокий","sv":"более 1 000","p":1.5,"q":1.0,"b":0.0,"wi":0.18,"ei":3.71,"as":138.79,"mi":"E","mv":3411539,"sc":2,"lpe":99.93,"lpr":1.78,"lq":1.0},{"pi":"1506","pc":"Продукты питания","ss":100,"td":"Окраина","dc":1,"n":42.72,"vc":"около 50","sl":"Нормальный","sv":"более 200","p":1.75,"q":1.05,"b":0.0,"wi":0.18,"ei":3.71,"as":138.79,"mi":"E","mv":3411539,"sc":2,"lpe":99.93,"lpr":1.78,"lq":1.0},{"pi":"1506","pc":"Продукты питания","ss":500,"td":"Спальный район","dc":1,"n":16.78,"vc":"более 100","sl":"Очень высокий","sv":"более 1 000","p":1.5,"q":1.0,"b":0.0,"wi":0.18,"ei":3.71,"as":138.79,"mi":"E","mv":3411539,"sc":2,"lpe":99.93,"lpr":1.78,"lq":1.0},{"pi":"1506","pc":"Продукты питания","ss":100,"td":"Окраина","dc":1,"n":42.72,"vc":"около 50","sl":"Нормальный","sv":"более 200","p":1.75,"q":1.05,"b":0.0,"wi":0.18,"ei":3.71,"as":138.79,"mi":"E","mv":3411539,"sc":2,"lpe":99.93,"lpr":1.78,"lq":1.0},{"pi":"1506","pc":"Продукты питания","ss":500,"td":"Спальный район","dc":1,"n":16.78,"vc":"более 100","sl":"Очень высокий","sv":"более 1 000","p":1.5,"q":1.0,"b":0.0,"wi":0.18,"ei":3.71,"as":138.79,"mi":"E","mv":3411539,"sc":2,"lpe":99.93,"lpr":1.78,"lq":1.0},{"pi":"1506","pc":"Продукты питания","ss":100,"td":"Окраина","dc":1,"n":47.16,"vc":"около 50","sl":"Высокий","sv":"около 500","p":1.57,"q":1.05,"b":0.0,"wi":0.17,"ei":3.71,"as":136.11,"mi":"E","mv":729123,"sc":2,"lpe":99.9,"lpr":1.73,"lq":1.0},{"pi":"1506","pc":"Продукты питания","ss":100,"td":"Окраина","dc":2,"n":43.85,"vc":"около 50","sl":"Нормальный","sv":"более 100","p":1.63,"q":1.05,"b":0.0,"wi":0.17,"ei":3.71,"as":136.11,"mi":"E","mv":729123,"sc":2,"lpe":99.9,"lpr":1.73,"lq":1.0},{"pi":"1506","pc":"Продукты питания","ss":100,"td":"Окраина","dc":1,"n":47.16,"vc":"около 50","sl":"Высокий","sv":"около 500","p":1.57,"q":1.05,"b":0.0,"wi":0.17,"ei":3.71,"as":136.11,"mi":"E","mv":729123,"sc":2,"lpe":99.9,"lpr":1.73,"lq":1.0},{"pi":"1506","pc":"Продукты питания","ss":100,"td":"Окраина","dc":2,"n":43.85,"vc":"около 50","sl":"Нормальный","sv":"более 100","p":1.63,"q":1.05,"b":0.0,"wi":0.17,"ei":3.71,"as":136.11,"mi":"E","mv":729123,"sc":2,"lpe":99.9,"lpr":1.73,"lq":1.0},{"pi":"1506","pc":"Продукты питания","ss":100,"td":"Окраина","dc":1,"n":47.16,"vc":"около 50","sl":"Высокий","sv":"около 500","p":1.57,"q":1.05,"b":0.0,"wi":0.17,"ei":3.71,"as":136.11,"mi":"E","mv":729123,"sc":2,"lpe":99.9,"lpr":1.73,"lq":1.0},{"pi":"1506","pc":"Продукты питания","ss":100,"td":"Окраина","dc":2,"n":43.85,"vc":"около 50","sl":"Нормальный","sv":"более 100","p":1.63,"q":1.05,"b":0.0,"wi":0.17,"ei":3.71,"as":136.11,"mi":"E","mv":729123,"sc":2,"lpe":99.9,"lpr":1.73,"lq":1.0},{"pi":"1506","pc":"Продукты питания","ss":100,"td":"Окраина","dc":1,"n":47.16,"vc":"около 50","sl":"Высокий","sv":"около 500","p":1.57,"q":1.05,"b":0.0,"wi":0.17,"ei":3.71,"as":136.11,"mi":"E","mv":729123,"sc":2,"lpe":99.9,"lpr":1.73,"lq":1.0},{"pi":"1506","pc":"Продукты питания","ss":100,"td":"Окраина","dc":2,"n":43.85,"vc":"около 50","sl":"Нормальный","sv":"более 100","p":1.63,"q":1.05,"b":0.0,"wi":0.17,"ei":3.71,"as":136.11,"mi":"E","mv":729123,"sc":2,"lpe":99.9,"lpr":1.73,"lq":1.0},{"pi":"1506","pc":"Продукты питания","ss":100,"td":"Окраина","dc":1,"n":47.16,"vc":"около 50","sl":"Высокий","sv":"около 500","p":1.57,"q":1.05,"b":0.0,"wi":0.17,"ei":3.71,"as":136.11,"mi":"E","mv":729123,"sc":2,"lpe":99.9,"lpr":1.73,"lq":1.0},{"pi":"1506","pc":"Продукты питания","ss":100,"td":"Окраина","dc":2,"n":43.85,"vc":"около 50","sl":"Нормальный","sv":"более 100","p":1.63,"q":1.05,"b":0.0,"wi":0.17,"ei":3.71,"as":136.11,"mi":"E","mv":729123,"sc":2,"lpe":99.9,"lpr":1.73,"lq":1.0},{"pi":"1506","pc":"Продукты питания","ss":100,"td":"Окраина","dc":1,"n":47.16,"vc":"около 50","sl":"Высокий","sv":"около 500","p":1.57,"q":1.05,"b":0.0,"wi":0.17,"ei":3.71,"as":136.11,"mi":"E","mv":729123,"sc":2,"lpe":99.9,"lpr":1.73,"lq":1.0},{"pi":"1506","pc":"Продукты питания","ss":100,"td":"Окраина","dc":2,"n":43.85,"vc":"около 50","sl":"Нормальный","sv":"более 100","p":1.63,"q":1.05,"b":0.0,"wi":0.17,"ei":3.71,"as":136.11,"mi":"E","mv":729123,"sc":2,"lpe":99.9,"lpr":1.73,"lq":1.0},{"pi":"1506","pc":"Продукты питания","ss":100,"td":"Окраина","dc":2,"n":46.7,"vc":"около 50","sl":"Низкий","sv":"более 100","p":1.99,"q":1.05,"b":0.0,"wi":0.19,"ei":4.16,"as":167.92,"mi":"E","mv":2486322,"sc":1,"lpe":99.99,"lpr":2.06,"lq":1.0},{"pi":"1506","pc":"Продукты питания","ss":100,"td":"Окраина","dc":2,"n":46.7,"vc":"около 50","sl":"Низкий","sv":"более 100","p":1.99,"q":1.05,"b":0.0,"wi":0.19,"ei":4.16,"as":167.92,"mi":"E","mv":2486322,"sc":1,"lpe":99.99,"lpr":2.06,"lq":1.0},{"pi":"1506","pc":"Продукты питания","ss":100,"td":"Окраина","dc":2,"n":46.7,"vc":"около 50","sl":"Низкий","sv":"более 100","p":1.99,"q":1.05,"b":0.0,"wi":0.19,"ei":4.16,"as":167.92,"mi":"E","mv":2486322,"sc":1,"lpe":99.99,"lpr":2.06,"lq":1.0},{"pi":"1506","pc":"Продукты питания","ss":100,"td":"Окраина","dc":2,"n":46.7,"vc":"около 50","sl":"Низкий","sv":"более 100","p":1.99,"q":1.05,"b":0.0,"wi":0.19,"ei":4.16,"as":167.92,"mi":"E","mv":2486322,"sc":1,"lpe":99.99,"lpr":2.06,"lq":1.0},{"pi":"1506","pc":"Продукты питания","ss":100,"td":"Окраина","dc":2,"n":46.7,"vc":"около 50","sl":"Низкий","sv":"более 100","p":1.99,"q":1.05,"b":0.0,"wi":0.19,"ei":4.16,"as":167.92,"mi":"E","mv":2486322,"sc":1,"lpe":99.99,"lpr":2.06,"lq":1.0},{"pi":"1506","pc":"Продукты питания","ss":100,"td":"Окраина","dc":2,"n":46.7,"vc":"около 50","sl":"Низкий","sv":"более 100","p":1.99,"q":1.05,"b":0.0,"wi":0.19,"ei":4.16,"as":167.92,"mi":"E","mv":2486322,"sc":1,"lpe":99.99,"lpr":2.06,"lq":1.0},{"pi":"1506","pc":"Продукты питания","ss":500,"td":"Центр города","dc":1,"n":100.61,"vc":"около 500","sl":"Очень высокий","sv":"около 10 000","p":9.5,"q":5.54,"b":0.0,"wi":1.65,"ei":8.3,"as":1440.0,"mi":"E","mv":8937195,"sc":1,"lpe":99.9,"lpr":17.67,"lq":1.0},{"pi":"1506","pc":"Продукты питания","ss":500,"td":"Центр города","dc":1,"n":100.61,"vc":"около 500","sl":"Очень высокий","sv":"около 10 000","p":9.5,"q":5.54,"b":0.0,"wi":1.65,"ei":8.3,"as":1440.0,"mi":"E","mv":8937195,"sc":1,"lpe":99.9,"lpr":17.67,"lq":1.0},{"pi":"1506","pc":"Продукты питания","ss":500,"td":"Центр города","dc":1,"n":100.61,"vc":"около 500","sl":"Очень высокий","sv":"около 10 000","p":9.5,"q":5.54,"b":0.0,"wi":1.65,"ei":8.3,"as":1440.0,"mi":"E","mv":8937195,"sc":1,"lpe":99.9,"lpr":17.67,"lq":1.0},{"pi":"1506","pc":"Продукты питания","ss":500,"td":"Центр города","dc":1,"n":100.61,"vc":"около 500","sl":"Очень высокий","sv":"около 10 000","p":9.5,"q":5.54,"b":0.0,"wi":1.65,"ei":8.3,"as":1440.0,"mi":"E","mv":8937195,"sc":1,"lpe":99.9,"lpr":17.67,"lq":1.0},{"pi":"1506","pc":"Продукты питания","ss":500,"td":"Центр города","dc":1,"n":100.61,"vc":"около 500","sl":"Очень высокий","sv":"около 10 000","p":9.5,"q":5.54,"b":0.0,"wi":1.65,"ei":8.3,"as":1440.0,"mi":"E","mv":8937195,"sc":1,"lpe":99.9,"lpr":17.67,"lq":1.0},{"pi":"1506","pc":"Продукты питания","ss":500,"td":"Центр города","dc":1,"n":100.61,"vc":"около 500","sl":"Очень высокий","sv":"около 10 000","p":9.5,"q":5.54,"b":0.0,"wi":1.65,"ei":8.3,"as":1440.0,"mi":"E","mv":8937195,"sc":1,"lpe":99.9,"lpr":17.67,"lq":1.0},{"pi":"1506","pc":"Продукты питания","ss":500,"td":"Центр города","dc":1,"n":100.61,"vc":"около 500","sl":"Очень высокий","sv":"около 10 000","p":9.5,"q":5.54,"b":0.0,"wi":1.65,"ei":8.3,"as":1440.0,"mi":"E","mv":8937195,"sc":1,"lpe":99.9,"lpr":17.67,"lq":1.0},{"pi":"1506","pc":"Продукты питания","ss":500,"td":"Центр города","dc":1,"n":100.61,"vc":"около 500","sl":"Очень высокий","sv":"около 10 000","p":9.5,"q":5.54,"b":0.0,"wi":1.65,"ei":8.3,"as":1440.0,"mi":"E","mv":8937195,"sc":1,"lpe":99.9,"lpr":17.67,"lq":1.0},{"pi":"1506","pc":"Продукты питания","ss":100,"td":"Окраина","dc":1,"n":43.56,"vc":"менее 50","sl":"Очень высокий","sv":"более 200","p":0.88,"q":1.05,"b":0.0,"wi":0.07,"ei":4.34,"as":57.34,"mi":"E","mv":167306,"sc":1,"lpe":99.88,"lpr":0.96,"lq":1.0},{"pi":"1506","pc":"Продукты питания","ss":100,"td":"Окраина","dc":1,"n":43.56,"vc":"менее 50","sl":"Очень высокий","sv":"более 200","p":0.88,"q":1.05,"b":0.0,"wi":0.07,"ei":4.34,"as":57.34,"mi":"E","mv":167306,"sc":1,"lpe":99.88,"lpr":0.96,"lq":1.0},{"pi":"1506","pc":"Продукты питания","ss":100,"td":"Окраина","dc":1,"n":43.56,"vc":"менее 50","sl":"Очень высокий","sv":"более 200","p":0.88,"q":1.05,"b":0.0,"wi":0.07,"ei":4.34,"as":57.34,"mi":"E","mv":167306,"sc":1,"lpe":99.88,"lpr":0.96,"lq":1.0},{"pi":"1506","pc":"Продукты питания","ss":100,"td":"Окраина","dc":1,"n":43.56,"vc":"менее 50","sl":"Очень высокий","sv":"более 200","p":0.88,"q":1.05,"b":0.0,"wi":0.07,"ei":4.34,"as":57.34,"mi":"E","mv":167306,"sc":1,"lpe":99.88,"lpr":0.96,"lq":1.0},{"pi":"1506","pc":"Продукты питания","ss":100,"td":"Окраина","dc":1,"n":43.56,"vc":"менее 50","sl":"Очень высокий","sv":"более 200","p":0.88,"q":1.05,"b":0.0,"wi":0.07,"ei":4.34,"as":57.34,"mi":"E","mv":167306,"sc":1,"lpe":99.88,"lpr":0.96,"lq":1.0},{"pi":"1506","pc":"Продукты питания","ss":500,"td":"Спальный район","dc":1,"n":218.42,"vc":"около 100","sl":"Элитный","sv":"около 500","p":1.5,"q":1.0,"b":0.0,"wi":0.18,"ei":3.78,"as":137.75,"mi":"E","mv":120359,"sc":1,"lpe":99.57,"lpr":1.76,"lq":1.0},{"pi":"1506","pc":"Продукты питания","ss":500,"td":"Спальный район","dc":1,"n":218.42,"vc":"около 100","sl":"Элитный","sv":"около 500","p":1.5,"q":1.0,"b":0.0,"wi":0.18,"ei":3.78,"as":137.75,"mi":"E","mv":120359,"sc":1,"lpe":99.57,"lpr":1.76,"lq":1.0},{"pi":"1506","pc":"Продукты питания","ss":500,"td":"Спальный район","dc":1,"n":218.42,"vc":"около 100","sl":"Элитный","sv":"около 500","p":1.5,"q":1.0,"b":0.0,"wi":0.18,"ei":3.78,"as":137.75,"mi":"E","mv":120359,"sc":1,"lpe":99.57,"lpr":1.76,"lq":1.0},{"pi":"1506","pc":"Продукты питания","ss":500,"td":"Спальный район","dc":1,"n":218.42,"vc":"около 100","sl":"Элитный","sv":"около 500","p":1.5,"q":1.0,"b":0.0,"wi":0.18,"ei":3.78,"as":137.75,"mi":"E","mv":120359,"sc":1,"lpe":99.57,"lpr":1.76,"lq":1.0},{"pi":"1506","pc":"Продукты питания","ss":500,"td":"Спальный район","dc":1,"n":218.42,"vc":"около 100","sl":"Элитный","sv":"около 500","p":1.5,"q":1.0,"b":0.0,"wi":0.18,"ei":3.78,"as":137.75,"mi":"E","mv":120359,"sc":1,"lpe":99.57,"lpr":1.76,"lq":1.0},{"pi":"1506","pc":"Продукты питания","ss":500,"td":"Спальный район","dc":1,"n":218.42,"vc":"около 100","sl":"Элитный","sv":"около 500","p":1.5,"q":1.0,"b":0.0,"wi":0.18,"ei":3.78,"as":137.75,"mi":"E","mv":120359,"sc":1,"lpe":99.57,"lpr":1.76,"lq":1.0},{"pi":"1506","pc":"Продукты питания","ss":500,"td":"Спальный район","dc":1,"n":218.42,"vc":"около 100","sl":"Элитный","sv":"около 500","p":1.5,"q":1.0,"b":0.0,"wi":0.18,"ei":3.78,"as":137.75,"mi":"E","mv":120359,"sc":1,"lpe":99.57,"lpr":1.76,"lq":1.0},{"pi":"1506","pc":"Продукты питания","ss":100,"td":"Центр города","dc":2,"n":23.25,"vc":"около 50","sl":"Низкий","sv":"около 50","p":1.62,"q":1.05,"b":0.0,"wi":0.17,"ei":3.65,"as":138.36,"mi":"E","mv":518959,"sc":1,"lpe":99.99,"lpr":1.77,"lq":1.0},{"pi":"1506","pc":"Продукты питания","ss":100,"td":"Центр города","dc":2,"n":23.25,"vc":"около 50","sl":"Низкий","sv":"около 50","p":1.62,"q":1.05,"b":0.0,"wi":0.17,"ei":3.65,"as":138.36,"mi":"E","mv":518959,"sc":1,"lpe":99.99,"lpr":1.77,"lq":1.0},{"pi":"1506","pc":"Продукты питания","ss":100,"td":"Центр города","dc":2,"n":23.25,"vc":"около 50","sl":"Низкий","sv":"около 50","p":1.62,"q":1.05,"b":0.0,"wi":0.17,"ei":3.65,"as":138.36,"mi":"E","mv":518959,"sc":1,"lpe":99.99,"lpr":1.77,"lq":1.0},{"pi":"1506","pc":"Продукты питания","ss":100,"td":"Центр города","dc":2,"n":23.25,"vc":"около 50","sl":"Низкий","sv":"около 50","p":1.62,"q":1.05,"b":0.0,"wi":0.17,"ei":3.65,"as":138.36,"mi":"E","mv":518959,"sc":1,"lpe":99.99,"lpr":1.77,"lq":1.0},{"pi":"1506","pc":"Продукты питания","ss":100,"td":"Центр города","dc":2,"n":23.25,"vc":"около 50","sl":"Низкий","sv":"около 50","p":1.62,"q":1.05,"b":0.0,"wi":0.17,"ei":3.65,"as":138.36,"mi":"E","mv":518959,"sc":1,"lpe":99.99,"lpr":1.77,"lq":1.0},{"pi":"1506","pc":"Продукты питания","ss":100,"td":"Центр города","dc":2,"n":23.25,"vc":"около 50","sl":"Низкий","sv":"около 50","p":1.62,"q":1.05,"b":0.0,"wi":0.17,"ei":3.65,"as":138.36,"mi":"E","mv":518959,"sc":1,"lpe":99.99,"lpr":1.77,"lq":1.0},{"pi":"1506","pc":"Продукты питания","ss":100,"td":"Центр города","dc":2,"n":23.25,"vc":"около 50","sl":"Низкий","sv":"около 50","p":1.62,"q":1.05,"b":0.0,"wi":0.17,"ei":3.65,"as":138.36,"mi":"E","mv":518959,"sc":1,"lpe":99.99,"lpr":1.77,"lq":1.0}]