[{"pi":"1506","pc":"Продукты питания","ss":100,"td":"Окраина","dc":1,"n":43.47,"vc":"около 50","sl":"Высокий","sv":"менее 50","p":3.44,"q":1.05,"b":0.0,"ms":0.0,"wi":0.22,"ei":4.34,"as":221.34,"mi":"E","mv":1012868,"sc":1,"lpe":100.0,"lpr":2.64,"lq":1.0,"d":568},{"pi":"1506","pc":"Продукты питания","ss":100,"td":"Окраина","dc":1,"n":43.47,"vc":"около 50","sl":"Высокий","sv":"менее 50","p":3.44,"q":1.05,"b":0.0,"ms":0.0,"wi":0.22,"ei":4.34,"as":221.34,"mi":"E","mv":1012868,"sc":1,"lpe":100.0,"lpr":2.64,"lq":1.0,"d":568},{"pi":"1506","pc":"Продукты питания","ss":100,"td":"Окраина","dc":1,"n":43.47,"vc":"около 50","sl":"Высокий","sv":"менее 50","p":3.44,"q":1.05,"b":0.0,"ms":0.0,"wi":0.22,"ei":4.34,"as":221.34,"mi":"E","mv":1012868,"sc":1,"lpe":100.0,"lpr":2.64,"lq":1.0,"d":568},{"pi":"1506","pc":"Продукты питания","ss":100,"td":"Окраина","dc":1,"n":43.47,"vc":"около 50","sl":"Высокий","sv":"менее 50","p":3.44,"q":1.05,"b":0.0,"ms":0.0,"wi":0.22,"ei":4.34,"as":221.34,"mi":"E","mv":1012868,"sc":1,"lpe":100.0,"lpr":2.64,"lq":1.0,"d":568},{"pi":"1506","pc":"Продукты питания","ss":100,"td":"Окраина","dc":1,"n":43.47,"vc":"около 50","sl":"Высокий","sv":"менее 50","p":3.44,"q":1.05,"b":0.0,"ms":0.0,"wi":0.22,"ei":4.34,"as":221.34,"mi":"E","mv":1012868,"sc":1,"lpe":100.0,"lpr":2.64,"lq":1.0,"d":568},{"pi":"1506","pc":"Продукты питания","ss":100,"td":"Окраина","dc":1,"n":43.47,"vc":"около 50","sl":"Высокий","sv":"менее 50","p":3.44,"q":1.05,"b":0.0,"ms":0.0,"wi":0.22,"ei":4.34,"as":221.34,"mi":"E","mv":1012868,"sc":1,"lpe":100.0,"lpr":2.64,"lq":1.0,"d":568},{"pi":"1506","pc":"Продукты питания","ss":100,"td":"Окраина","dc":1,"n":48.19,"vc":"около 50","sl":"Очень высокий","sv":"около 500","p":1.43,"q":1.05,"b":0.0,"ms":0.11,"wi":0.13,"ei":3.21,"as":97.82,"mi":"E","mv":337274,"sc":1,"lpe":99.89,"lpr":1.48,"lq":1.0,"d":145},{"pi":"1506","pc":"Продукты питания","ss":100,"td":"Окраина","dc":1,"n":48.19,"vc":"около 50","sl":"Очень высокий","sv":"около 500","p":1.43,"q":1.05,"b":0.0,"ms":0.11,"wi":0.13,"ei":3.21,"as":97.82,"mi":"E","mv":337274,"sc":1,"lpe":99.89,"lpr":1.48,"lq":1.0,"d":145},{"pi":"1506","pc":"Продукты питания","ss":100,"td":"Окраина","dc":1,"n":48.19,"vc":"около 50","sl":"Очень высокий","sv":"около 500","p":1.43,"q":1.05,"b":0.0,"ms":0.11,"wi":0.13,"ei":3.21,"as":97.82,"mi":"E","mv":337274,"sc":1,"lpe":99.89,"lpr":1.48,"lq":1.0,"d":145},{"pi":"1506","pc":"Продукты питания","ss":100,"td":"Окраина","dc":1,"n":48.19,"vc":"около 50","sl":"Очень высокий","sv":"около 500","p":1.43,"q":1.05,"b":0.0,"ms":0.11,"wi":0.13,"ei":3.21,"as":97.82,"mi":"E","mv":337274,"sc":1,"lpe":99.89,"lpr":1.48,"lq":1.0,"d":145},{"pi":"1506","pc":"Продукты питания","ss":100,"td":"Окраина","dc":1,"n":48.19,"vc":"около 50","sl":"Очень высокий","sv":"около 500","p":1.43,"q":1.05,"b":0.0,"ms":0.11,"wi":0.13,"ei":3.21,"as":97.82,"mi":"E","mv":337274,"sc":1,"lpe":99.89,"lpr":1.48,"lq":1.0,"d":145},{"pi":"1506","pc":"Продукты питания","ss":100,"td":"Окраина","dc":1,"n":48.19,"vc":"около 50","sl":"Очень высокий","sv":"около 500","p":1.43,"q":1.05,"b":0.0,"ms":0.11,"wi":0.13,"ei":3.21,"as":97.82,"mi":"E","mv":337274,"sc":1,"lpe":99.89,"lpr":1.48,"lq":1.0,"d":145},{"pi":"1506","pc":"Продукты питания","ss":100,"td":"Окраина","dc":1,"n":48.19,"vc":"около 50","sl":"Очень высокий","sv":"около 500","p":1.43,"q":1.05,"b":0.0,"ms":0.11,"wi":0.13,"ei":3.21,"as":97.82,"mi":"E","mv":337274,"sc":1,"lpe":99.89,"lpr":1.48,"lq":1.0,"d":145},{"pi":"1506","pc":"Продукты питания","ss":100,"td":"Окраина","dc":1,"n":48.19,"vc":"около 50","sl":"Очень высокий","sv":"около 500","p":1.43,"q":1.05,"b":0.0,"ms":0.11,"wi":0.13,"ei":3.21,"as":97.82,"mi":"E","mv":337274,"sc":1,"lpe":99.89,"lpr":1.48,"lq":1.0,"d":145},{"pi":"1506","pc":"Продукты питания","ss":10000,"td":"Фешенебельный район","dc":1,"n":404.0,"vc":"более 1 000","sl":"Очень высокий","sv":"около 5 000","p":11.86,"q":5.0,"b":0.0,"ms":2.63,"wi":1.17,"ei":6.8,"as":1040.0,"mi":"E","mv":278006,"sc":1,"lpe":97.37,"lpr":12.41,"lq":1.0,"d":125},{"pi":"1506","pc":"Продукты питания","ss":10000,"td":"Фешенебельный район","dc":1,"n":404.0,"vc":"более 1 000","sl":"Очень высокий","sv":"около 5 000","p":11.86,"q":5.0,"b":0.0,"ms":2.63,"wi":1.17,"ei":6.8,"as":1040.0,"mi":"E","mv":278006,"sc":1,"lpe":97.37,"lpr":12.41,"lq":1.0,"d":125},{"pi":"1506","pc":"Продукты питания","ss":10000,"td":"Фешенебельный район","dc":1,"n":404.0,"vc":"более 1 000","sl":"Очень высокий","sv":"около 5 000","p":11.86,"q":5.0,"b":0.0,"ms":2.63,"wi":1.17,"ei":6.8,"as":1040.0,"mi":"E","mv":278006,"sc":1,"lpe":97.37,"lpr":12.41,"lq":1.0,"d":125},{"pi":"1506","pc":"Продукты питания","ss":10000,"td":"Фешенебельный район","dc":1,"n":404.0,"vc":"более 1 000","sl":"Очень высокий","sv":"около 5 000","p":11.86,"q":5.0,"b":0.0,"ms":2.63,"wi":1.17,"ei":6.8,"as":1040.0,"mi":"E","mv":278006,"sc":1,"lpe":97.37,"lpr":12.41,"lq":1.0,"d":125},{"pi":"1506","pc":"Продукты питания","ss":10000,"td":"Фешенебельный район","dc":1,"n":404.0,"vc":"более 1 000","sl":"Очень высокий","sv":"около 5 000","p":11.86,"q":5.0,"b":0.0,"ms":2.63,"wi":1.17,"ei":6.8,"as":1040.0,"mi":"E","mv":278006,"sc":1,"lpe":97.37,"lpr":12.41,"lq":1.0,"d":125},{"pi":"1506","pc":"Продукты питания","ss":10000,"td":"Фешенебельный район","dc":1,"n":404.0,"vc":"более 1 000","sl":"Очень высокий","sv":"около 5 000","p":11.86,"q":5.0,"b":0.0,"ms":2.63,"wi":1.17,"ei":6.8,"as":1040.0,"mi":"E","mv":278006,"sc":1,"lpe":97.37,"lpr":12.41,"lq":1.0,"d":125},{"pi":"1506","pc":"Продукты питания","ss":10000,"td":"Фешенебельный район","dc":1,"n":404.0,"vc":"более 1 000","sl":"Очень высокий","sv":"около 5 000","p":11.86,"q":5.0,"b":0.0,"ms":2.63,"wi":1.17,"ei":6.8,"as":1040.0,"mi":"E","mv":278006,"sc":1,"lpe":97.37,"lpr":12.41,"lq":1.0,"d":125},{"pi":"1506","pc":"Продукты питания","ss":10000,"td":"Фешенебельный район","dc":1,"n":404.0,"vc":"более 1 000","sl":"Очень высокий","sv":"около 5 000","p":11.86,"q":5.0,"b":0.0,"ms":2.63,"wi":1.17,"ei":6.8,"as":1040.0,"mi":"E","mv":278006,"sc":1,"lpe":97.37,"lpr":12.41,"lq":1.0,"d":125},{"pi":"1506","pc":"Продукты питания","ss":100,"td":"Окраина","dc":1,"n":45.65,"vc":"около 50","sl":"Нормальный","sv":"около 100","p":2.13,"q":1.05,"b":0.0,"ms":0.0,"wi":0.15,"ei":3.0,"as":122.95,"mi":"E","mv":3130751,"sc":1,"lpe":100.0,"lpr":1.84,"lq":1.0,"d":1029},{"pi":"1506","pc":"Продукты питания","ss":100,"td":"Окраина","dc":1,"n":45.65,"vc":"около 50","sl":"Нормальный","sv":"около 100","p":2.13,"q":1.05,"b":0.0,"ms":0.0,"wi":0.15,"ei":3.0,"as":122.95,"mi":"E","mv":3130751,"sc":1,"lpe":100.0,"lpr":1.84,"lq":1.0,"d":1029},{"pi":"1506","pc":"Продукты питания","ss":100,"td":"Окраина","dc":1,"n":45.65,"vc":"около 50","sl":"Нормальный","sv":"около 100","p":2.13,"q":1.05,"b":0.0,"ms":0.0,"wi":0.15,"ei":3.0,"as":122.95,"mi":"E","mv":3130751,"sc":1,"lpe":100.0,"lpr":1.84,"lq":1.0,"d":1029},{"pi":"1506","pc":"Продукты питания","ss":100,"td":"Окраина","dc":1,"n":45.65,"vc":"около 50","sl":"Нормальный","sv":"около 100","p":2.13,"q":1.05,"b":0.0,"ms":0.0,"wi":0.15,"ei":3.0,"as":122.95,"mi":"E","mv":3130751,"sc":1,"lpe":100.0,"lpr":1.84,"lq":1.0,"d":1029},{"pi":"1506","pc":"Продукты питания","ss":100,"td":"Окраина","dc":1,"n":45.65,"vc":"около 50","sl":"Нормальный","sv":"около 100","p":2.13,"q":1.05,"b":0.0,"ms":0.0,"wi":0.15,"ei":3.0,"as":122.95,"mi":"E","mv":3130751,"sc":1,"lpe":100.0,"lpr":1.84,"lq":1.0,"d":1029},{"pi":"1506","pc":"Продукты питания","ss":100,"td":"Окраина","dc":1,"n":45.65,"vc":"около 50","sl":"Нормальный","sv":"около 100","p":2.13,"q":1.05,"b":0.0,"ms":0.0,"wi":0.15,"ei":3.0,"as":122.95,"mi":"E","mv":3130751,"sc":1,"lpe":100.0,"lpr":1.84,"lq":1.0,"d":1029},{"pi":"1506","pc":"Продукты питания","ss":100,"td":"Окраина","dc":1,"n":68.47,"vc":"около 50","sl":"Высокий","sv":"менее 50","p":2.59,"q":2.34,"b":0.0,"ms":0.0,"wi":0.15,"ei":3.2,"as":131.25,"mi":"E","mv":690927,"sc":1,"lpe":100.0,"lpr":1.86,"lq":1.0,"d":349},{"pi":"1506","pc":"Продукты питания","ss":100,"td":"Окраина","dc":1,"n":68.47,"vc":"около 50","sl":"Высокий","sv":"менее 50","p":2.59,"q":2.34,"b":0.0,"ms":0.0,"wi":0.15,"ei":3.2,"as":131.25,"mi":"E","mv":690927,"sc":1,"lpe":100.0,"lpr":1.86,"lq":1.0,"d":349},{"pi":"1506","pc":"Продукты питания","ss":100,"td":"Окраина","dc":1,"n":68.47,"vc":"около 50","sl":"Высокий","sv":"менее 50","p":2.59,"q":2.34,"b":0.0,"ms":0.0,"wi":0.15,"ei":3.2,"as":131.25,"mi":"E","mv":690927,"sc":1,"lpe":100.0,"lpr":1.86,"lq":1.0,"d":349},{"pi":"1506","pc":"Продукты питания","ss":100,"td":"Окраина","dc":1,"n":68.47,"vc":"около 50","sl":"Высокий","sv":"менее 50","p":2.59,"q":2.34,"b":0.0,"ms":0.0,"wi":0.15,"ei":3.2,"as":131.25,"mi":"E","mv":690927,"sc":1,"lpe":100.0,"lpr":1.86,"lq":1.0,"d":349},{"pi":"1506","pc":"Продукты питания","ss":100,"td":"Окраина","dc":1,"n":68.47,"vc":"около 50","sl":"Высокий","sv":"менее 50","p":2.59,"q":2.34,"b":0.0,"ms":0.0,"wi":0.15,"ei":3.2,"as":131.25,"mi":"E","mv":690927,"sc":1,"lpe":100.0,"lpr":1.86,"lq":1.0,"d":349},{"pi":"1506","pc":"Продукты питания","ss":100,"td":"Окраина","dc":1,"n":68.47,"vc":"около 50","sl":"Высокий","sv":"менее 50","p":2.59,"q":2.34,"b":0.0,"ms":0.0,"wi":0.15,"ei":3.2,"as":131.25,"mi":"E","mv":690927,"sc":1,"lpe":100.0,"lpr":1.86,"lq":1.0,"d":349},{"pi":"1506","pc":"Продукты питания","ss":100,"td":"Окраина","dc":1,"n":46.5,"vc":"около 50","sl":"Высокий","sv":"более 200","p":2.33,"q":1.05,"b":0.0,"ms":0.04,"wi":0.17,"ei":4.27,"as":156.32,"mi":"E","mv":578608,"sc":1,"lpe":99.96,"lpr":2.25,"lq":1.0,"d":320},{"pi":"1506","pc":"Продукты питания","ss":100,"td":"Окраина","dc":1,"n":46.5,"vc":"около 50","sl":"Высокий","sv":"более 200","p":2.33,"q":1.05,"b":0.0,"ms":0.04,"wi":0.17,"ei":4.27,"as":156.32,"mi":"E","mv":578608,"sc":1,"lpe":99.96,"lpr":2.25,"lq":1.0,"d":320},{"pi":"1506","pc":"Продукты питания","ss":100,"td":"Окраина","dc":1,"n":46.5,"vc":"около 50","sl":"Высокий","sv":"более 200","p":2.33,"q":1.05,"b":0.0,"ms":0.04,"wi":0.17,"ei":4.27,"as":156.32,"mi":"E","mv":578608,"sc":1,"lpe":99.96,"lpr":2.25,"lq":1.0,"d":320},{"pi":"1506","pc":"Продукты питания","ss":100,"td":"Окраина","dc":1,"n":46.5,"vc":"около 50","sl":"Высокий","sv":"более 200","p":2.33,"q":1.05,"b":0.0,"ms":0.04,"wi":0.17,"ei":4.27,"as":156.32,"mi":"E","mv":578608,"sc":1,"lpe":99.96,"lpr":2.25,"lq":1.0,"d":320},{"pi":"1506","pc":"Продукты питания","ss":100,"td":"Окраина","dc":1,"n":46.5,"vc":"около 50","sl":"Высокий","sv":"более 200","p":2.33,"q":1.05,"b":0.0,"ms":0.04,"wi":0.17,"ei":4.27,"as":156.32,"mi":"E","mv":578608,"sc":1,"lpe":99.96,"lpr":2.25,"lq":1.0,"d":320},{"pi":"1506","pc":"Продукты питания","ss":100,"td":"Окраина","dc":1,"n":46.5,"vc":"около 50","sl":"Высокий","sv":"более 200","p":2.33,"q":1.05,"b":0.0,"ms":0.04,"wi":0.17,"ei":4.27,"as":156.32,"mi":"E","mv":578608,"sc":1,"lpe":99.96,"lpr":2.25,"lq":1.0,"d":320},{"pi":"1506","pc":"Продукты питания","ss":100,"td":"Окраина","dc":1,"n":46.5,"vc":"около 50","sl":"Высокий","sv":"более 200","p":2.33,"q":1.05,"b":0.0,"ms":0.04,"wi":0.17,"ei":4.27,"as":156.32,"mi":"E","mv":578608,"sc":1,"lpe":99.96,"lpr":2.25,"lq":1.0,"d":320},{"pi":"1506","pc":"Продукты питания","ss":100,"td":"Окраина","dc":1,"n":46.83,"vc":"около 50","sl":"Нормальный","sv":"около 500","p":2.15,"q":1.05,"b":0.0,"ms":0.01,"wi":0.16,"ei":4.21,"as":151.88,"mi":"E","mv":3736834,"sc":1,"lpe":99.99,"lpr":2.23,"lq":1.0,"d":809},{"pi":"1506","pc":"Продукты питания","ss":100,"td":"Окраина","dc":1,"n":46.83,"vc":"около 50","sl":"Нормальный","sv":"около 500","p":2.15,"q":1.05,"b":0.0,"ms":0.01,"wi":0.16,"ei":4.21,"as":151.88,"mi":"E","mv":3736834,"sc":1,"lpe":99.99,"lpr":2.23,"lq":1.0,"d":809},{"pi":"1506","pc":"Продукты питания","ss":100,"td":"Окраина","dc":1,"n":46.83,"vc":"около 50","sl":"Нормальный","sv":"около 500","p":2.15,"q":1.05,"b":0.0,"ms":0.01,"wi":0.16,"ei":4.21,"as":151.88,"mi":"E","mv":3736834,"sc":1,"lpe":99.99,"lpr":2.23,"lq":1.0,"d":809},{"pi":"1506","pc":"Продукты питания","ss":100,"td":"Окраина","dc":1,"n":46.83,"vc":"около 50","sl":"Нормальный","sv":"около 500","p":2.15,"q":1.05,"b":0.0,"ms":0.01,"wi":0.16,"ei":4.21,"as":151.88,"mi":"E","mv":3736834,"sc":1,"lpe":99.99,"lpr":2.23,"lq":1.0,"d":809},{"pi":"1506","pc":"Продукты питания","ss":100,"td":"Окраина","dc":1,"n":46.83,"vc":"около 50","sl":"Нормальный","sv":"около 500","p":2.15,"q":1.05,"b":0.0,"ms":0.01,"wi":0.16,"ei":4.21,"as":151.88,"mi":"E","mv":3736834,"sc":1,"lpe":99.99,"lpr":2.23,"lq":1.0,"d":809},{"pi":"1506","pc":"Продукты питания","ss":100,"td":"Окраина","dc":1,"n":46.83,"vc":"около 50","sl":"Нормальный","sv":"около 500","p":2.15,"q":1.05,"b":0.0,"ms":0.01,"wi":0.16,"ei":4.21,"as":151.88,"mi":"E","mv":3736834,"sc":1,"lpe":99.99,"lpr":2.23,"lq":1.0,"d":809},{"pi":"1506","pc":"Продукты питания","ss":100,"td":"Окраина","dc":1,"n":46.07,"vc":"около 50","sl":"Нормальный","sv":"менее 50","p":2.44,"q":1.05,"b":0.0,"ms":0.0,"wi":0.19,"ei":3.16,"as":158.08,"mi":"E","mv":1109021,"sc":1,"lpe":100.0,"lpr":2.22,"lq":1.0,"d":583},{"pi":"1506","pc":"Продукты питания","ss":100,"td":"Окраина","dc":1,"n":74.13,"vc":"менее 50","sl":"Очень высокий","sv":"более 200","p":1.88,"q":1.05,"b":0.0,"ms":0.22,"wi":0.15,"ei":3.64,"as":138.22,"mi":"E","mv":100327,"sc":1,"lpe":99.78,"lpr":1.86,"lq":1.0,"d":45},{"pi":"1506","pc":"Продукты питания","ss":100,"td":"Окраина","dc":1,"n":74.13,"vc":"менее 50","sl":"Очень высокий","sv":"более 200","p":1.88,"q":1.05,"b":0.0,"ms":0.22,"wi":0.15,"ei":3.64,"as":138.22,"mi":"E","mv":100327,"sc":1,"lpe":99.78,"lpr":1.86,"lq":1.0,"d":45},{"pi":"1506","pc":"Продукты питания","ss":100,"td":"Окраина","dc":1,"n":74.13,"vc":"менее 50","sl":"Очень высокий","sv":"более 200","p":1.88,"q":1.05,"b":0.0,"ms":0.22,"wi":0.15,"ei":3.64,"as":138.22,"mi":"E","mv":100327,"sc":1,"lpe":99.78,"lpr":1.86,"lq":1.0,"d":45},{"pi":"1506","pc":"Продукты питания","ss":100,"td":"Окраина","dc":1,"n":74.13,"vc":"менее 50","sl":"Очень высокий","sv":"более 200","p":1.88,"q":1.05,"b":0.0,"ms":0.22,"wi":0.15,"ei":3.64,"as":138.22,"mi":"E","mv":100327,"sc":1,"lpe":99.78,"lpr":1.86,"lq":1.0,"d":45},{"pi":"1506","pc":"Продукты питания","ss":100,"td":"Окраина","dc":1,"n":74.13,"vc":"менее 50","sl":"Очень высокий","sv":"более 200","p":1.88,"q":1.05,"b":0.0,"ms":0.22,"wi":0.15,"ei":3.64,"as":138.22,"mi":"E","mv":100327,"sc":1,"lpe":99.78,"lpr":1.86,"lq":1.0,"d":45},{"pi":"1506","pc":"Продукты питания","ss":100,"td":"Окраина","dc":1,"n":74.13,"vc":"менее 50","sl":"Очень высокий","sv":"более 200","p":1.88,"q":1.05,"b":0.0,"ms":0.22,"wi":0.15,"ei":3.64,"as":138.22,"mi":"E","mv":100327,"sc":1,"lpe":99.78,"lpr":1.86,"lq":1.0,"d":45},{"pi":"1506","pc":"Продукты питания","ss":100,"td":"Окраина","dc":1,"n":74.13,"vc":"менее 50","sl":"Очень высокий","sv":"более 200","p":1.88,"q":1.05,"b":0.0,"ms":0.22,"wi":0.15,"ei":3.64,"as":138.22,"mi":"E","mv":100327,"sc":1,"lpe":99.78,"lpr":1.86,"lq":1.0,"d":45},{"pi":"1506","pc":"Продукты питания","ss":100,"td":"Окраина","dc":1,"n":74.13,"vc":"менее 50","sl":"Очень высокий","sv":"более 200","p":1.88,"q":1.05,"b":0.0,"ms":0.22,"wi":0.15,"ei":3.64,"as":138.22,"mi":"E","mv":100327,"sc":1,"lpe":99.78,"lpr":1.86,"lq":1.0,"d":45},{"pi":"1506","pc":"Продукты питания","ss":500,"td":"Окраина","dc":1,"n":32.84,"vc":"около 50","sl":"Высокий","sv":"менее 50","p":1.43,"q":1.05,"b":0.0,"ms":0.0,"wi":0.07,"ei":4.34,"as":57.34,"mi":"E","mv":165577,"sc":1,"lpe":100.0,"lpr":0.98,"lq":1.0,"d":82},{"pi":"1506","pc":"Продукты питания","ss":500,"td":"Окраина","dc":1,"n":32.84,"vc":"около 50","sl":"Высокий","sv":"менее 50","p":1.43,"q":1.05,"b":0.0,"ms":0.0,"wi":0.07,"ei":4.34,"as":57.34,"mi":"E","mv":165577,"sc":1,"lpe":100.0,"lpr":0.98,"lq":1.0,"d":82},{"pi":"1506","pc":"Продукты питания","ss":500,"td":"Окраина","dc":1,"n":32.84,"vc":"около 50","sl":"Высокий","sv":"менее 50","p":1.43,"q":1.05,"b":0.0,"ms":0.0,"wi":0.07,"ei":4.34,"as":57.34,"mi":"E","mv":165577,"sc":1,"lpe":100.0,"lpr":0.98,"lq":1.0,"d":82},{"pi":"1506","pc":"Продукты питания","ss":500,"td":"Окраина","dc":1,"n":32.84,"vc":"около 50","sl":"Высокий","sv":"менее 50","p":1.43,"q":1.05,"b":0.0,"ms":0.0,"wi":0.07,"ei":4.34,"as":57.34,"mi":"E","mv":165577,"sc":1,"lpe":100.0,"lpr":0.98,"lq":1.0,"d":82},{"pi":"1506","pc":"Продукты питания","ss":500,"td":"Окраина","dc":1,"n":32.84,"vc":"около 50","sl":"Высокий","sv":"менее 50","p":1.43,"q":1.05,"b":0.0,"ms":0.0,"wi":0.07,"ei":4.34,"as":57.34,"mi":"E","mv":165577,"sc":1,"lpe":100.0,"lpr":0.98,"lq":1.0,"d":82},{"pi":"1506","pc":"Продукты питания","ss":500,"td":"Окраина","dc":1,"n":32.84,"vc":"около 50","sl":"Высокий","sv":"менее 50","p":1.43,"q":1.05,"b":0.0,"ms":0.0,"wi":0.07,"ei":4.34,"as":57.34,"mi":"E","mv":165577,"sc":1,"lpe":100.0,"lpr":0.98,"lq":1.0,"d":82},{"pi":"1506","pc":"Продукты питания","ss":500,"td":"Окраина","dc":1,"n":32.84,"vc":"около 50","sl":"Высокий","sv":"менее 50","p":1.43,"q":1.05,"b":0.0,"ms":0.0,"wi":0.07,"ei":4.34,"as":57.34,"mi":"E","mv":165577,"sc":1,"lpe":100.0,"lpr":0.98,"lq":1.0,"d":82},{"pi":"1506","pc":"Продукты питания","ss":100,"td":"Окраина","dc":1,"n":45.55,"vc":"менее 50","sl":"Очень высокий","sv":"около 50","p":3.03,"q":1.05,"b":0.0,"ms":0.05,"wi":0.24,"ei":2.99,"as":224.75,"mi":"E","mv":85955,"sc":1,"lpe":99.95,"lpr":2.62,"lq":1.0,"d":46},{"pi":"1506","pc":"Продукты питания","ss":100,"td":"Окраина","dc":1,"n":45.55,"vc":"менее 50","sl":"Очень высокий","sv":"около 50","p":3.03,"q":1.05,"b":0.0,"ms":0.05,"wi":0.24,"ei":2.99,"as":224.75,"mi":"E","mv":85955,"sc":1,"lpe":99.95,"lpr":2.62,"lq":1.0,"d":46},{"pi":"1506","pc":"Продукты питания","ss":100,"td":"Окраина","dc":1,"n":45.55,"vc":"менее 50","sl":"Очень высокий","sv":"около 50","p":3.03,"q":1.05,"b":0.0,"ms":0.05,"wi":0.24,"ei":2.99,"as":224.75,"mi":"E","mv":85955,"sc":1,"lpe":99.95,"lpr":2.62,"lq":1.0,"d":46},{"pi":"1506","pc":"Продукты питания","ss":100,"td":"Окраина","dc":1,"n":45.55,"vc":"менее 50","sl":"Очень высокий","sv":"около 50","p":3.03,"q":1.05,"b":0.0,"ms":0.05,"wi":0.24,"ei":2.99,"as":224.75,"mi":"E","mv":85955,"sc":1,"lpe":99.95,"lpr":2.62,"lq":1.0,"d":46},{"pi":"1506","pc":"Продукты питания","ss":100,"td":"Окраина","dc":1,"n":45.55,"vc":"менее 50","sl":"Очень высокий","sv":"около 50","p":3.03,"q":1.05,"b":0.0,"ms":0.05,"wi":0.24,"ei":2.99,"as":224.75,"mi":"E","mv":85955,"sc":1,"lpe":99.95,"lpr":2.62,"lq":1.0,"d":46},{"pi":"1506","pc":"Продукты питания","ss":100,"td":"Окраина","dc":1,"n":45.55,"vc":"менее 50","sl":"Очень высокий","sv":"около 50","p":3.03,"q":1.05,"b":0.0,"ms":0.05,"wi":0.24,"ei":2.99,"as":224.75,"mi":"E","mv":85955,"sc":1,"lpe":99.95,"lpr":2.62,"lq":1.0,"d":46},{"pi":"1506","pc":"Продукты питания","ss":100,"td":"Центр города","dc":1,"n":44.53,"vc":"около 100","sl":"Нормальный","sv":"менее 50","p":19.11,"q":1.05,"b":0.0,"ms":0.0,"wi":1.74,"ei":8.7,"as":1500.0,"mi":"E","mv":1358559,"sc":1,"lpe":100.0,"lpr":17.79,"lq":1.0,"d":646},{"pi":"1506","pc":"Продукты питания","ss":100,"td":"Центр города","dc":1,"n":44.53,"vc":"около 100","sl":"Нормальный","sv":"менее 50","p":19.11,"q":1.05,"b":0.0,"ms":0.0,"wi":1.74,"ei":8.7,"as":1500.0,"mi":"E","mv":1358559,"sc":1,"lpe":100.0,"lpr":17.79,"lq":1.0,"d":646},{"pi":"1506","pc":"Продукты питания","ss":100,"td":"Центр города","dc":1,"n":44.53,"vc":"около 100","sl":"Нормальный","sv":"менее 50","p":19.11,"q":1.05,"b":0.0,"ms":0.0,"wi":1.74,"ei":8.7,"as":1500.0,"mi":"E","mv":1358559,"sc":1,"lpe":100.0,"lpr":17.79,"lq":1.0,"d":646},{"pi":"1506","pc":"Продукты питания","ss":100,"td":"Центр города","dc":1,"n":44.53,"vc":"около 100","sl":"Нормальный","sv":"менее 50","p":19.11,"q":1.05,"b":0.0,"ms":0.0,"wi":1.74,"ei":8.7,"as":1500.0,"mi":"E","mv":1358559,"sc":1,"lpe":100.0,"lpr":17.79,"lq":1.0,"d":646},{"pi":"1506","pc":"Продукты питания","ss":100,"td":"Центр города","dc":1,"n":44.53,"vc":"около 100","sl":"Нормальный","sv":"менее 50","p":19.11,"q":1.05,"b":0.0,"ms":0.0,"wi":1.74,"ei":8.7,"as":1500.0,"mi":"E","mv":1358559,"sc":1,"lpe":100.0,"lpr":17.79,"lq":1.0,"d":646},{"pi":"1506","pc":"Продукты питания","ss":100,"td":"Центр города","dc":1,"n":44.53,"vc":"около 100","sl":"Нормальный","sv":"менее 50","p":19.11,"q":1.05,"b":0.0,"ms":0.0,"wi":1.74,"ei":8.7,"as":1500.0,"mi":"E","mv":1358559,"sc":1,"lpe":100.0,"lpr":17.79,"lq":1.0,"d":646},{"pi":"1506","pc":"Продукты питания","ss":100,"td":"Окраина","dc":1,"n":44.33,"vc":"около 50","sl":"Высокий","sv":"около 50","p":2.74,"q":1.05,"b":0.0,"ms":0.01,"wi":0.2,"ei":3.75,"as":177.5,"mi":"E","mv":583249,"sc":1,"lpe":99.99,"lpr":2.29,"lq":1.0,"d":307},{"pi":"1506","pc":"Продукты питания","ss":100,"td":"Окраина","dc":1,"n":44.33,"vc":"около 50","sl":"Высокий","sv":"около 50","p":2.74,"q":1.05,"b":0.0,"ms":0.01,"wi":0.2,"ei":3.75,"as":177.5,"mi":"E","mv":583249,"sc":1,"lpe":99.99,"lpr":2.29,"lq":1.0,"d":307},{"pi":"1506","pc":"Продукты питания","ss":100,"td":"Окраина","dc":1,"n":44.33,"vc":"около 50","sl":"Высокий","sv":"около 50","p":2.74,"q":1.05,"b":0.0,"ms":0.01,"wi":0.2,"ei":3.75,"as":177.5,"mi":"E","mv":583249,"sc":1,"lpe":99.99,"lpr":2.29,"lq":1.0,"d":307},{"pi":"1506","pc":"Продукты питания","ss":100,"td":"Окраина","dc":1,"n":44.33,"vc":"около 50","sl":"Высокий","sv":"около 50","p":2.74,"q":1.05,"b":0.0,"ms":0.01,"wi":0.2,"ei":3.75,"as":177.5,"mi":"E","mv":583249,"sc":1,"lpe":99.99,"lpr":2.29,"lq":1.0,"d":307},{"pi":"1506","pc":"Продукты питания","ss":100,"td":"Окраина","dc":1,"n":44.33,"vc":"около 50","sl":"Высокий","sv":"около 50","p":2.74,"q":1.05,"b":0.0,"ms":0.01,"wi":0.2,"ei":3.75,"as":177.5,"mi":"E","mv":583249,"sc":1,"lpe":99.99,"lpr":2.29,"lq":1.0,"d":307},{"pi":"1506","pc":"Продукты питания","ss":100,"td":"Окраина","dc":1,"n":44.33,"vc":"около 50","sl":"Высокий","sv":"около 50","p":2.74,"q":1.05,"b":0.0,"ms":0.01,"wi":0.2,"ei":3.75,"as":177.5,"mi":"E","mv":583249,"sc":1,"lpe":99.99,"lpr":2.29,"lq":1.0,"d":307}]