[{"pi":"423116","pc":"Бакалея","ss":500,"td":"Центр города","dc":1,"n":0.0,"vc":"более 200","sl":"Элитный","sv":"менее 50","p":30054.19,"q":19.83,"b":0.52,"wi":16.39,"ei":5.57,"as":214.34,"mi":"E","mv":30773,"sc":1,"lpe":99.98,"lpr":5010.09,"lq":1.0},{"pi":"423116","pc":"Бакалея","ss":500,"td":"Центр города","dc":1,"n":0.0,"vc":"более 200","sl":"Элитный","sv":"менее 50","p":30054.19,"q":19.83,"b":0.52,"wi":16.39,"ei":5.57,"as":214.34,"mi":"E","mv":30773,"sc":1,"lpe":99.98,"lpr":5010.09,"lq":1.0},{"pi":"423116","pc":"Бакалея","ss":500,"td":"Центр города","dc":1,"n":0.0,"vc":"более 200","sl":"Элитный","sv":"менее 50","p":30054.19,"q":19.83,"b":0.52,"wi":16.39,"ei":5.57,"as":214.34,"mi":"E","mv":30773,"sc":1,"lpe":99.98,"lpr":5010.09,"lq":1.0},{"pi":"423116","pc":"Бакалея","ss":500,"td":"Центр города","dc":1,"n":0.0,"vc":"более 200","sl":"Элитный","sv":"менее 50","p":30054.19,"q":19.83,"b":0.52,"wi":16.39,"ei":5.57,"as":214.34,"mi":"E","mv":30773,"sc":1,"lpe":99.98,"lpr":5010.09,"lq":1.0},{"pi":"423116","pc":"Бакалея","ss":500,"td":"Центр города","dc":1,"n":0.0,"vc":"более 200","sl":"Элитный","sv":"менее 50","p":30054.19,"q":19.83,"b":0.52,"wi":16.39,"ei":5.57,"as":214.34,"mi":"E","mv":30773,"sc":1,"lpe":99.98,"lpr":5010.09,"lq":1.0},{"pi":"423116","pc":"Бакалея","ss":500,"td":"Центр города","dc":1,"n":0.0,"vc":"более 200","sl":"Элитный","sv":"менее 50","p":30054.19,"q":19.83,"b":0.52,"wi":16.39,"ei":5.57,"as":214.34,"mi":"E","mv":30773,"sc":1,"lpe":99.98,"lpr":5010.09,"lq":1.0},{"pi":"423116","pc":"Бакалея","ss":500,"td":"Центр города","dc":1,"n":0.0,"vc":"более 200","sl":"Элитный","sv":"менее 50","p":30054.19,"q":19.83,"b":0.52,"wi":16.39,"ei":5.57,"as":214.34,"mi":"E","mv":30773,"sc":1,"lpe":99.98,"lpr":5010.09,"lq":1.0},{"pi":"423116","pc":"Бакалея","ss":500,"td":"Центр города","dc":1,"n":0.0,"vc":"более 200","sl":"Элитный","sv":"менее 50","p":30054.19,"q":19.83,"b":0.52,"wi":16.39,"ei":5.57,"as":214.34,"mi":"E","mv":30773,"sc":1,"lpe":99.98,"lpr":5010.09,"lq":1.0},{"pi":"423116","pc":"Бакалея","ss":500,"td":"Центр города","dc":1,"n":0.0,"vc":"более 200","sl":"Элитный","sv":"менее 50","p":30054.19,"q":19.83,"b":0.52,"wi":16.39,"ei":5.57,"as":214.34,"mi":"E","mv":30773,"sc":1,"lpe":99.98,"lpr":5010.09,"lq":1.0},{"pi":"423116","pc":"Бакалея","ss":500,"td":"Центр города","dc":1,"n":0.0,"vc":"более 200","sl":"Элитный","sv":"менее 50","p":30054.19,"q":19.83,"b":0.52,"wi":16.39,"ei":5.57,"as":214.34,"mi":"E","mv":30773,"sc":1,"lpe":99.98,"lpr":5010.09,"lq":1.0},{"pi":"423116","pc":"Бакалея","ss":500,"td":"Центр города","dc":1,"n":0.0,"vc":"более 200","sl":"Элитный","sv":"менее 50","p":30054.19,"q":19.83,"b":0.52,"wi":16.39,"ei":5.57,"as":214.34,"mi":"E","mv":30773,"sc":1,"lpe":99.98,"lpr":5010.09,"lq":1.0},{"pi":"423116","pc":"Бакалея","ss":500,"td":"Центр города","dc":1,"n":0.0,"vc":"более 200","sl":"Элитный","sv":"менее 50","p":30054.19,"q":19.83,"b":0.52,"wi":16.39,"ei":5.57,"as":214.34,"mi":"E","mv":30773,"sc":1,"lpe":99.98,"lpr":5010.09,"lq":1.0},{"pi":"423116","pc":"Бакалея","ss":500,"td":"Центр города","dc":1,"n":0.0,"vc":"более 200","sl":"Элитный","sv":"менее 50","p":30054.19,"q":19.83,"b":0.52,"wi":16.39,"ei":5.57,"as":214.34,"mi":"E","mv":30773,"sc":1,"lpe":99.98,"lpr":5010.09,"lq":1.0},{"pi":"423116","pc":"Бакалея","ss":500,"td":"Центр города","dc":1,"n":0.0,"vc":"более 200","sl":"Элитный","sv":"менее 50","p":30054.19,"q":19.83,"b":0.52,"wi":16.39,"ei":5.57,"as":214.34,"mi":"E","mv":30773,"sc":1,"lpe":99.98,"lpr":5010.09,"lq":1.0},{"pi":"423116","pc":"Бакалея","ss":500,"td":"Центр города","dc":1,"n":0.0,"vc":"более 200","sl":"Элитный","sv":"менее 50","p":30054.19,"q":19.83,"b":0.52,"wi":16.39,"ei":5.57,"as":214.34,"mi":"E","mv":30773,"sc":1,"lpe":99.98,"lpr":5010.09,"lq":1.0},{"pi":"423116","pc":"Бакалея","ss":100,"td":"Спальный район","dc":1,"n":49.63,"vc":"около 100","sl":"Низкий","sv":"менее 50","p":3375.6,"q":1.05,"b":0.0,"wi":9.32,"ei":5.79,"as":146.6,"mi":"E","mv":28287,"sc":1,"lpe":100.0,"lpr":3012.55,"lq":1.0},{"pi":"423116","pc":"Бакалея","ss":100,"td":"Спальный район","dc":1,"n":49.63,"vc":"около 100","sl":"Низкий","sv":"менее 50","p":3375.6,"q":1.05,"b":0.0,"wi":9.32,"ei":5.79,"as":146.6,"mi":"E","mv":28287,"sc":1,"lpe":100.0,"lpr":3012.55,"lq":1.0},{"pi":"423116","pc":"Бакалея","ss":100,"td":"Спальный район","dc":1,"n":49.63,"vc":"около 100","sl":"Низкий","sv":"менее 50","p":3375.6,"q":1.05,"b":0.0,"wi":9.32,"ei":5.79,"as":146.6,"mi":"E","mv":28287,"sc":1,"lpe":100.0,"lpr":3012.55,"lq":1.0},{"pi":"423116","pc":"Бакалея","ss":100,"td":"Окраина","dc":1,"n":48.66,"vc":"около 50","sl":"Высокий","sv":"менее 50","p":367.03,"q":1.05,"b":0.0,"wi":2.33,"ei":2.6,"as":57.57,"mi":"E","mv":4334,"sc":1,"lpe":99.98,"lpr":333.66,"lq":1.0},{"pi":"423116","pc":"Бакалея","ss":100,"td":"Окраина","dc":1,"n":48.66,"vc":"около 50","sl":"Высокий","sv":"менее 50","p":367.03,"q":1.05,"b":0.0,"wi":2.33,"ei":2.6,"as":57.57,"mi":"E","mv":4334,"sc":1,"lpe":99.98,"lpr":333.66,"lq":1.0},{"pi":"423116","pc":"Бакалея","ss":100,"td":"Окраина","dc":1,"n":48.66,"vc":"около 50","sl":"Высокий","sv":"менее 50","p":367.03,"q":1.05,"b":0.0,"wi":2.33,"ei":2.6,"as":57.57,"mi":"E","mv":4334,"sc":1,"lpe":99.98,"lpr":333.66,"lq":1.0},{"pi":"423116","pc":"Бакалея","ss":100,"td":"Спальный район","dc":1,"n":48.42,"vc":"около 100","sl":"Нормальный","sv":"менее 50","p":336.18,"q":1.05,"b":0.0,"wi":2.3,"ei":3.15,"as":50.75,"mi":"E","mv":17221,"sc":1,"lpe":99.99,"lpr":305.62,"lq":1.0},{"pi":"423116","pc":"Бакалея","ss":100,"td":"Спальный район","dc":1,"n":48.42,"vc":"около 100","sl":"Нормальный","sv":"менее 50","p":336.18,"q":1.05,"b":0.0,"wi":2.3,"ei":3.15,"as":50.75,"mi":"E","mv":17221,"sc":1,"lpe":99.99,"lpr":305.62,"lq":1.0},{"pi":"423116","pc":"Бакалея","ss":100,"td":"Спальный район","dc":1,"n":48.42,"vc":"около 100","sl":"Нормальный","sv":"менее 50","p":336.18,"q":1.05,"b":0.0,"wi":2.3,"ei":3.15,"as":50.75,"mi":"E","mv":17221,"sc":1,"lpe":99.99,"lpr":305.62,"lq":1.0},{"pi":"423116","pc":"Бакалея","ss":100,"td":"Спальный район","dc":1,"n":48.42,"vc":"около 100","sl":"Нормальный","sv":"менее 50","p":336.18,"q":1.05,"b":0.0,"wi":2.3,"ei":3.15,"as":50.75,"mi":"E","mv":17221,"sc":1,"lpe":99.99,"lpr":305.62,"lq":1.0},{"pi":"423116","pc":"Бакалея","ss":100,"td":"Спальный район","dc":1,"n":48.42,"vc":"около 100","sl":"Нормальный","sv":"менее 50","p":336.18,"q":1.05,"b":0.0,"wi":2.3,"ei":3.15,"as":50.75,"mi":"E","mv":17221,"sc":1,"lpe":99.99,"lpr":305.62,"lq":1.0},{"pi":"423116","pc":"Бакалея","ss":100,"td":"Спальный район","dc":1,"n":48.42,"vc":"около 100","sl":"Нормальный","sv":"менее 50","p":336.18,"q":1.05,"b":0.0,"wi":2.3,"ei":3.15,"as":50.75,"mi":"E","mv":17221,"sc":1,"lpe":99.99,"lpr":305.62,"lq":1.0},{"pi":"423116","pc":"Бакалея","ss":100,"td":"Спальный район","dc":1,"n":49.88,"vc":"более 100","sl":"Низкий","sv":"менее 50","p":2992.66,"q":1.05,"b":0.0,"wi":10.81,"ei":2.92,"as":93.31,"mi":"E","mv":87776,"sc":1,"lpe":100.0,"lpr":2693.39,"lq":1.0},{"pi":"423116","pc":"Бакалея","ss":100,"td":"Спальный район","dc":1,"n":49.88,"vc":"более 100","sl":"Низкий","sv":"менее 50","p":2992.66,"q":1.05,"b":0.0,"wi":10.81,"ei":2.92,"as":93.31,"mi":"E","mv":87776,"sc":1,"lpe":100.0,"lpr":2693.39,"lq":1.0},{"pi":"423116","pc":"Бакалея","ss":100,"td":"Спальный район","dc":1,"n":49.88,"vc":"более 100","sl":"Низкий","sv":"менее 50","p":2992.66,"q":1.05,"b":0.0,"wi":10.81,"ei":2.92,"as":93.31,"mi":"E","mv":87776,"sc":1,"lpe":100.0,"lpr":2693.39,"lq":1.0},{"pi":"423116","pc":"Бакалея","ss":100,"td":"Спальный район","dc":1,"n":49.88,"vc":"более 100","sl":"Низкий","sv":"менее 50","p":2992.66,"q":1.05,"b":0.0,"wi":10.81,"ei":2.92,"as":93.31,"mi":"E","mv":87776,"sc":1,"lpe":100.0,"lpr":2693.39,"lq":1.0},{"pi":"423116","pc":"Бакалея","ss":100,"td":"Спальный район","dc":1,"n":49.88,"vc":"более 100","sl":"Низкий","sv":"менее 50","p":2992.66,"q":1.05,"b":0.0,"wi":10.81,"ei":2.92,"as":93.31,"mi":"E","mv":87776,"sc":1,"lpe":100.0,"lpr":2693.39,"lq":1.0},{"pi":"423116","pc":"Бакалея","ss":100,"td":"Спальный район","dc":1,"n":49.88,"vc":"более 100","sl":"Низкий","sv":"менее 50","p":2992.66,"q":1.05,"b":0.0,"wi":10.81,"ei":2.92,"as":93.31,"mi":"E","mv":87776,"sc":1,"lpe":100.0,"lpr":2693.39,"lq":1.0},{"pi":"423116","pc":"Бакалея","ss":100,"td":"Спальный район","dc":1,"n":49.88,"vc":"более 100","sl":"Низкий","sv":"менее 50","p":2992.66,"q":1.05,"b":0.0,"wi":10.81,"ei":2.92,"as":93.31,"mi":"E","mv":87776,"sc":1,"lpe":100.0,"lpr":2693.39,"lq":1.0},{"pi":"423116","pc":"Бакалея","ss":100,"td":"Спальный район","dc":1,"n":49.88,"vc":"более 100","sl":"Низкий","sv":"менее 50","p":2992.66,"q":1.05,"b":0.0,"wi":10.81,"ei":2.92,"as":93.31,"mi":"E","mv":87776,"sc":1,"lpe":100.0,"lpr":2693.39,"lq":1.0},{"pi":"423116","pc":"Бакалея","ss":100,"td":"Спальный район","dc":1,"n":49.88,"vc":"более 100","sl":"Низкий","sv":"менее 50","p":2992.66,"q":1.05,"b":0.0,"wi":10.81,"ei":2.92,"as":93.31,"mi":"E","mv":87776,"sc":1,"lpe":100.0,"lpr":2693.39,"lq":1.0},{"pi":"423116","pc":"Бакалея","ss":100,"td":"Спальный район","dc":1,"n":49.88,"vc":"более 100","sl":"Низкий","sv":"менее 50","p":2992.66,"q":1.05,"b":0.0,"wi":10.81,"ei":2.92,"as":93.31,"mi":"E","mv":87776,"sc":1,"lpe":100.0,"lpr":2693.39,"lq":1.0},{"pi":"423116","pc":"Бакалея","ss":100,"td":"Спальный район","dc":1,"n":49.88,"vc":"более 100","sl":"Низкий","sv":"менее 50","p":2992.66,"q":1.05,"b":0.0,"wi":10.81,"ei":2.92,"as":93.31,"mi":"E","mv":87776,"sc":1,"lpe":100.0,"lpr":2693.39,"lq":1.0},{"pi":"423116","pc":"Бакалея","ss":100,"td":"Спальный район","dc":1,"n":49.88,"vc":"более 100","sl":"Низкий","sv":"менее 50","p":2992.66,"q":1.05,"b":0.0,"wi":10.81,"ei":2.92,"as":93.31,"mi":"E","mv":87776,"sc":1,"lpe":100.0,"lpr":2693.39,"lq":1.0},{"pi":"423116","pc":"Бакалея","ss":100,"td":"Спальный район","dc":1,"n":49.88,"vc":"более 100","sl":"Низкий","sv":"менее 50","p":2992.66,"q":1.05,"b":0.0,"wi":10.81,"ei":2.92,"as":93.31,"mi":"E","mv":87776,"sc":1,"lpe":100.0,"lpr":2693.39,"lq":1.0},{"pi":"423116","pc":"Бакалея","ss":100,"td":"Спальный район","dc":1,"n":49.88,"vc":"более 100","sl":"Низкий","sv":"менее 50","p":2992.66,"q":1.05,"b":0.0,"wi":10.81,"ei":2.92,"as":93.31,"mi":"E","mv":87776,"sc":1,"lpe":100.0,"lpr":2693.39,"lq":1.0},{"pi":"423116","pc":"Бакалея","ss":100,"td":"Спальный район","dc":1,"n":49.88,"vc":"более 100","sl":"Низкий","sv":"менее 50","p":2992.66,"q":1.05,"b":0.0,"wi":10.81,"ei":2.92,"as":93.31,"mi":"E","mv":87776,"sc":1,"lpe":100.0,"lpr":2693.39,"lq":1.0},{"pi":"423116","pc":"Бакалея","ss":100,"td":"Спальный район","dc":1,"n":49.88,"vc":"более 100","sl":"Низкий","sv":"менее 50","p":2992.66,"q":1.05,"b":0.0,"wi":10.81,"ei":2.92,"as":93.31,"mi":"E","mv":87776,"sc":1,"lpe":100.0,"lpr":2693.39,"lq":1.0},{"pi":"423116","pc":"Бакалея","ss":100,"td":"Спальный район","dc":1,"n":49.88,"vc":"более 100","sl":"Низкий","sv":"менее 50","p":2992.66,"q":1.05,"b":0.0,"wi":10.81,"ei":2.92,"as":93.31,"mi":"E","mv":87776,"sc":1,"lpe":100.0,"lpr":2693.39,"lq":1.0},{"pi":"423116","pc":"Бакалея","ss":100,"td":"Спальный район","dc":1,"n":49.88,"vc":"более 100","sl":"Низкий","sv":"менее 50","p":2992.66,"q":1.05,"b":0.0,"wi":10.81,"ei":2.92,"as":93.31,"mi":"E","mv":87776,"sc":1,"lpe":100.0,"lpr":2693.39,"lq":1.0},{"pi":"423116","pc":"Бакалея","ss":100,"td":"Спальный район","dc":1,"n":49.88,"vc":"более 100","sl":"Низкий","sv":"менее 50","p":2992.66,"q":1.05,"b":0.0,"wi":10.81,"ei":2.92,"as":93.31,"mi":"E","mv":87776,"sc":1,"lpe":100.0,"lpr":2693.39,"lq":1.0},{"pi":"423116","pc":"Бакалея","ss":100,"td":"Спальный район","dc":1,"n":49.88,"vc":"более 100","sl":"Низкий","sv":"менее 50","p":2992.66,"q":1.05,"b":0.0,"wi":10.81,"ei":2.92,"as":93.31,"mi":"E","mv":87776,"sc":1,"lpe":100.0,"lpr":2693.39,"lq":1.0},{"pi":"423116","pc":"Бакалея","ss":100,"td":"Спальный район","dc":1,"n":49.88,"vc":"более 100","sl":"Низкий","sv":"менее 50","p":2992.66,"q":1.05,"b":0.0,"wi":10.81,"ei":2.92,"as":93.31,"mi":"E","mv":87776,"sc":1,"lpe":100.0,"lpr":2693.39,"lq":1.0},{"pi":"423116","pc":"Бакалея","ss":100,"td":"Спальный район","dc":1,"n":49.88,"vc":"более 100","sl":"Низкий","sv":"менее 50","p":2992.66,"q":1.05,"b":0.0,"wi":10.81,"ei":2.92,"as":93.31,"mi":"E","mv":87776,"sc":1,"lpe":100.0,"lpr":2693.39,"lq":1.0},{"pi":"423116","pc":"Бакалея","ss":100,"td":"Спальный район","dc":1,"n":49.88,"vc":"более 100","sl":"Низкий","sv":"менее 50","p":2992.66,"q":1.05,"b":0.0,"wi":10.81,"ei":2.92,"as":93.31,"mi":"E","mv":87776,"sc":1,"lpe":100.0,"lpr":2693.39,"lq":1.0},{"pi":"423116","pc":"Бакалея","ss":100,"td":"Спальный район","dc":1,"n":49.88,"vc":"более 100","sl":"Низкий","sv":"менее 50","p":2992.66,"q":1.05,"b":0.0,"wi":10.81,"ei":2.92,"as":93.31,"mi":"E","mv":87776,"sc":1,"lpe":100.0,"lpr":2693.39,"lq":1.0},{"pi":"423116","pc":"Бакалея","ss":100,"td":"Спальный район","dc":1,"n":49.38,"vc":"более 200","sl":"Очень низкий","sv":"менее 50","p":1301.42,"q":1.05,"b":0.0,"wi":7.17,"ei":3.9,"as":52.79,"mi":"E","mv":92008,"sc":1,"lpe":100.0,"lpr":1156.94,"lq":1.0},{"pi":"423116","pc":"Бакалея","ss":100,"td":"Спальный район","dc":1,"n":49.38,"vc":"более 200","sl":"Очень низкий","sv":"менее 50","p":1301.42,"q":1.05,"b":0.0,"wi":7.17,"ei":3.9,"as":52.79,"mi":"E","mv":92008,"sc":1,"lpe":100.0,"lpr":1156.94,"lq":1.0},{"pi":"423116","pc":"Бакалея","ss":100,"td":"Спальный район","dc":1,"n":49.38,"vc":"более 200","sl":"Очень низкий","sv":"менее 50","p":1301.42,"q":1.05,"b":0.0,"wi":7.17,"ei":3.9,"as":52.79,"mi":"E","mv":92008,"sc":1,"lpe":100.0,"lpr":1156.94,"lq":1.0},{"pi":"423116","pc":"Бакалея","ss":1000,"td":"Центр города","dc":1,"n":538.7,"vc":"около 5 000","sl":"Нормальный","sv":"менее 50","p":60000.0,"q":20.21,"b":1.75,"wi":32.11,"ei":9.1,"as":1360.0,"mi":"E","mv":1840,"sc":1,"lpe":99.95,"lpr":9288.75,"lq":1.0},{"pi":"423116","pc":"Бакалея","ss":1000,"td":"Центр города","dc":1,"n":538.7,"vc":"около 5 000","sl":"Нормальный","sv":"менее 50","p":60000.0,"q":20.21,"b":1.75,"wi":32.11,"ei":9.1,"as":1360.0,"mi":"E","mv":1840,"sc":1,"lpe":99.95,"lpr":9288.75,"lq":1.0},{"pi":"423116","pc":"Бакалея","ss":1000,"td":"Центр города","dc":1,"n":538.7,"vc":"около 5 000","sl":"Нормальный","sv":"менее 50","p":60000.0,"q":20.21,"b":1.75,"wi":32.11,"ei":9.1,"as":1360.0,"mi":"E","mv":1840,"sc":1,"lpe":99.95,"lpr":9288.75,"lq":1.0},{"pi":"423116","pc":"Бакалея","ss":1000,"td":"Центр города","dc":1,"n":538.7,"vc":"около 5 000","sl":"Нормальный","sv":"менее 50","p":60000.0,"q":20.21,"b":1.75,"wi":32.11,"ei":9.1,"as":1360.0,"mi":"E","mv":1840,"sc":1,"lpe":99.95,"lpr":9288.75,"lq":1.0},{"pi":"423116","pc":"Бакалея","ss":1000,"td":"Центр города","dc":1,"n":538.7,"vc":"около 5 000","sl":"Нормальный","sv":"менее 50","p":60000.0,"q":20.21,"b":1.75,"wi":32.11,"ei":9.1,"as":1360.0,"mi":"E","mv":1840,"sc":1,"lpe":99.95,"lpr":9288.75,"lq":1.0},{"pi":"423116","pc":"Бакалея","ss":1000,"td":"Центр города","dc":1,"n":538.7,"vc":"около 5 000","sl":"Нормальный","sv":"менее 50","p":60000.0,"q":20.21,"b":1.75,"wi":32.11,"ei":9.1,"as":1360.0,"mi":"E","mv":1840,"sc":1,"lpe":99.95,"lpr":9288.75,"lq":1.0},{"pi":"423116","pc":"Бакалея","ss":1000,"td":"Центр города","dc":1,"n":538.7,"vc":"около 5 000","sl":"Нормальный","sv":"менее 50","p":60000.0,"q":20.21,"b":1.75,"wi":32.11,"ei":9.1,"as":1360.0,"mi":"E","mv":1840,"sc":1,"lpe":99.95,"lpr":9288.75,"lq":1.0},{"pi":"423116","pc":"Бакалея","ss":1000,"td":"Центр города","dc":1,"n":538.7,"vc":"около 5 000","sl":"Нормальный","sv":"менее 50","p":60000.0,"q":20.21,"b":1.75,"wi":32.11,"ei":9.1,"as":1360.0,"mi":"E","mv":1840,"sc":1,"lpe":99.95,"lpr":9288.75,"lq":1.0},{"pi":"423116","pc":"Бакалея","ss":1000,"td":"Центр города","dc":1,"n":538.7,"vc":"около 5 000","sl":"Нормальный","sv":"менее 50","p":60000.0,"q":20.21,"b":1.75,"wi":32.11,"ei":9.1,"as":1360.0,"mi":"E","mv":1840,"sc":1,"lpe":99.95,"lpr":9288.75,"lq":1.0},{"pi":"423116","pc":"Бакалея","ss":1000,"td":"Центр города","dc":1,"n":538.7,"vc":"около 5 000","sl":"Нормальный","sv":"менее 50","p":60000.0,"q":20.21,"b":1.75,"wi":32.11,"ei":9.1,"as":1360.0,"mi":"E","mv":1840,"sc":1,"lpe":99.95,"lpr":9288.75,"lq":1.0},{"pi":"423116","pc":"Бакалея","ss":1000,"td":"Центр города","dc":1,"n":538.7,"vc":"около 5 000","sl":"Нормальный","sv":"менее 50","p":60000.0,"q":20.21,"b":1.75,"wi":32.11,"ei":9.1,"as":1360.0,"mi":"E","mv":1840,"sc":1,"lpe":99.95,"lpr":9288.75,"lq":1.0},{"pi":"423116","pc":"Бакалея","ss":100000,"td":"Центр города","dc":1,"n":503.15,"vc":"более 200 000","sl":"Элитный","sv":"около 50","p":40000.0,"q":19.84,"b":0.31,"wi":15.12,"ei":4.7,"as":439.64,"mi":"E","mv":6459,"sc":1,"lpe":98.93,"lpr":4777.12,"lq":1.0},{"pi":"423116","pc":"Бакалея","ss":100000,"td":"Центр города","dc":1,"n":503.15,"vc":"более 200 000","sl":"Элитный","sv":"около 50","p":40000.0,"q":19.84,"b":0.31,"wi":15.12,"ei":4.7,"as":439.64,"mi":"E","mv":6459,"sc":1,"lpe":98.93,"lpr":4777.12,"lq":1.0},{"pi":"423116","pc":"Бакалея","ss":100000,"td":"Центр города","dc":1,"n":503.15,"vc":"более 200 000","sl":"Элитный","sv":"около 50","p":40000.0,"q":19.84,"b":0.31,"wi":15.12,"ei":4.7,"as":439.64,"mi":"E","mv":6459,"sc":1,"lpe":98.93,"lpr":4777.12,"lq":1.0},{"pi":"423116","pc":"Бакалея","ss":100000,"td":"Центр города","dc":1,"n":503.15,"vc":"более 200 000","sl":"Элитный","sv":"около 50","p":40000.0,"q":19.84,"b":0.31,"wi":15.12,"ei":4.7,"as":439.64,"mi":"E","mv":6459,"sc":1,"lpe":98.93,"lpr":4777.12,"lq":1.0},{"pi":"423116","pc":"Бакалея","ss":100000,"td":"Центр города","dc":1,"n":503.15,"vc":"более 200 000","sl":"Элитный","sv":"около 50","p":40000.0,"q":19.84,"b":0.31,"wi":15.12,"ei":4.7,"as":439.64,"mi":"E","mv":6459,"sc":1,"lpe":98.93,"lpr":4777.12,"lq":1.0},{"pi":"423116","pc":"Бакалея","ss":100000,"td":"Центр города","dc":1,"n":503.15,"vc":"более 200 000","sl":"Элитный","sv":"около 50","p":40000.0,"q":19.84,"b":0.31,"wi":15.12,"ei":4.7,"as":439.64,"mi":"E","mv":6459,"sc":1,"lpe":98.93,"lpr":4777.12,"lq":1.0},{"pi":"423116","pc":"Бакалея","ss":100000,"td":"Центр города","dc":1,"n":503.15,"vc":"более 200 000","sl":"Элитный","sv":"около 50","p":40000.0,"q":19.84,"b":0.31,"wi":15.12,"ei":4.7,"as":439.64,"mi":"E","mv":6459,"sc":1,"lpe":98.93,"lpr":4777.12,"lq":1.0},{"pi":"423116","pc":"Бакалея","ss":100000,"td":"Центр города","dc":1,"n":503.15,"vc":"более 200 000","sl":"Элитный","sv":"около 50","p":40000.0,"q":19.84,"b":0.31,"wi":15.12,"ei":4.7,"as":439.64,"mi":"E","mv":6459,"sc":1,"lpe":98.93,"lpr":4777.12,"lq":1.0},{"pi":"423116","pc":"Бакалея","ss":100000,"td":"Центр города","dc":1,"n":503.15,"vc":"более 200 000","sl":"Элитный","sv":"около 50","p":40000.0,"q":19.84,"b":0.31,"wi":15.12,"ei":4.7,"as":439.64,"mi":"E","mv":6459,"sc":1,"lpe":98.93,"lpr":4777.12,"lq":1.0},{"pi":"423116","pc":"Бакалея","ss":100000,"td":"Центр города","dc":1,"n":560.96,"vc":"около 500 000","sl":"Элитный","sv":"менее 50","p":30000.0,"q":45.16,"b":0.0,"wi":15.58,"ei":7.3,"as":1028.85,"mi":"E","mv":9551,"sc":1,"lpe":99.95,"lpr":3320.9,"lq":1.0},{"pi":"423116","pc":"Бакалея","ss":100000,"td":"Центр города","dc":1,"n":560.96,"vc":"около 500 000","sl":"Элитный","sv":"менее 50","p":30000.0,"q":45.16,"b":0.0,"wi":15.58,"ei":7.3,"as":1028.85,"mi":"E","mv":9551,"sc":1,"lpe":99.95,"lpr":3320.9,"lq":1.0},{"pi":"423116","pc":"Бакалея","ss":100000,"td":"Центр города","dc":1,"n":560.96,"vc":"около 500 000","sl":"Элитный","sv":"менее 50","p":30000.0,"q":45.16,"b":0.0,"wi":15.58,"ei":7.3,"as":1028.85,"mi":"E","mv":9551,"sc":1,"lpe":99.95,"lpr":3320.9,"lq":1.0},{"pi":"423116","pc":"Бакалея","ss":100000,"td":"Центр города","dc":1,"n":560.96,"vc":"около 500 000","sl":"Элитный","sv":"менее 50","p":30000.0,"q":45.16,"b":0.0,"wi":15.58,"ei":7.3,"as":1028.85,"mi":"E","mv":9551,"sc":1,"lpe":99.95,"lpr":3320.9,"lq":1.0},{"pi":"423116","pc":"Бакалея","ss":100000,"td":"Центр города","dc":1,"n":560.96,"vc":"около 500 000","sl":"Элитный","sv":"менее 50","p":30000.0,"q":45.16,"b":0.0,"wi":15.58,"ei":7.3,"as":1028.85,"mi":"E","mv":9551,"sc":1,"lpe":99.95,"lpr":3320.9,"lq":1.0},{"pi":"423116","pc":"Бакалея","ss":100000,"td":"Центр города","dc":1,"n":560.96,"vc":"около 500 000","sl":"Элитный","sv":"менее 50","p":30000.0,"q":45.16,"b":0.0,"wi":15.58,"ei":7.3,"as":1028.85,"mi":"E","mv":9551,"sc":1,"lpe":99.95,"lpr":3320.9,"lq":1.0},{"pi":"423116","pc":"Бакалея","ss":100000,"td":"Центр города","dc":1,"n":560.96,"vc":"около 500 000","sl":"Элитный","sv":"менее 50","p":30000.0,"q":45.16,"b":0.0,"wi":15.58,"ei":7.3,"as":1028.85,"mi":"E","mv":9551,"sc":1,"lpe":99.95,"lpr":3320.9,"lq":1.0},{"pi":"423116","pc":"Бакалея","ss":100000,"td":"Центр города","dc":1,"n":560.96,"vc":"около 500 000","sl":"Элитный","sv":"менее 50","p":30000.0,"q":45.16,"b":0.0,"wi":15.58,"ei":7.3,"as":1028.85,"mi":"E","mv":9551,"sc":1,"lpe":99.95,"lpr":3320.9,"lq":1.0},{"pi":"423116","pc":"Бакалея","ss":100000,"td":"Центр города","dc":1,"n":560.96,"vc":"около 500 000","sl":"Элитный","sv":"менее 50","p":30000.0,"q":45.16,"b":0.0,"wi":15.58,"ei":7.3,"as":1028.85,"mi":"E","mv":9551,"sc":1,"lpe":99.95,"lpr":3320.9,"lq":1.0},{"pi":"423116","pc":"Бакалея","ss":100000,"td":"Центр города","dc":1,"n":560.96,"vc":"около 500 000","sl":"Элитный","sv":"менее 50","p":30000.0,"q":45.16,"b":0.0,"wi":15.58,"ei":7.3,"as":1028.85,"mi":"E","mv":9551,"sc":1,"lpe":99.95,"lpr":3320.9,"lq":1.0},{"pi":"423116","pc":"Бакалея","ss":100000,"td":"Центр города","dc":1,"n":560.96,"vc":"около 500 000","sl":"Элитный","sv":"менее 50","p":30000.0,"q":45.16,"b":0.0,"wi":15.58,"ei":7.3,"as":1028.85,"mi":"E","mv":9551,"sc":1,"lpe":99.95,"lpr":3320.9,"lq":1.0},{"pi":"423116","pc":"Бакалея","ss":100000,"td":"Центр города","dc":1,"n":560.96,"vc":"около 500 000","sl":"Элитный","sv":"менее 50","p":30000.0,"q":45.16,"b":0.0,"wi":15.58,"ei":7.3,"as":1028.85,"mi":"E","mv":9551,"sc":1,"lpe":99.95,"lpr":3320.9,"lq":1.0},{"pi":"423116","pc":"Бакалея","ss":100000,"td":"Центр города","dc":1,"n":560.96,"vc":"около 500 000","sl":"Элитный","sv":"менее 50","p":30000.0,"q":45.16,"b":0.0,"wi":15.58,"ei":7.3,"as":1028.85,"mi":"E","mv":9551,"sc":1,"lpe":99.95,"lpr":3320.9,"lq":1.0},{"pi":"423116","pc":"Бакалея","ss":100000,"td":"Центр города","dc":1,"n":560.96,"vc":"около 500 000","sl":"Элитный","sv":"менее 50","p":30000.0,"q":45.16,"b":0.0,"wi":15.58,"ei":7.3,"as":1028.85,"mi":"E","mv":9551,"sc":1,"lpe":99.95,"lpr":3320.9,"lq":1.0},{"pi":"423116","pc":"Бакалея","ss":100000,"td":"Центр города","dc":1,"n":560.96,"vc":"около 500 000","sl":"Элитный","sv":"менее 50","p":30000.0,"q":45.16,"b":0.0,"wi":15.58,"ei":7.3,"as":1028.85,"mi":"E","mv":9551,"sc":1,"lpe":99.95,"lpr":3320.9,"lq":1.0},{"pi":"423116","pc":"Бакалея","ss":100000,"td":"Центр города","dc":1,"n":560.96,"vc":"около 500 000","sl":"Элитный","sv":"менее 50","p":30000.0,"q":45.16,"b":0.0,"wi":15.58,"ei":7.3,"as":1028.85,"mi":"E","mv":9551,"sc":1,"lpe":99.95,"lpr":3320.9,"lq":1.0},{"pi":"423116","pc":"Бакалея","ss":100000,"td":"Центр города","dc":1,"n":560.96,"vc":"около 500 000","sl":"Элитный","sv":"менее 50","p":30000.0,"q":45.16,"b":0.0,"wi":15.58,"ei":7.3,"as":1028.85,"mi":"E","mv":9551,"sc":1,"lpe":99.95,"lpr":3320.9,"lq":1.0},{"pi":"423116","pc":"Бакалея","ss":100000,"td":"Центр города","dc":1,"n":560.96,"vc":"около 500 000","sl":"Элитный","sv":"менее 50","p":30000.0,"q":45.16,"b":0.0,"wi":15.58,"ei":7.3,"as":1028.85,"mi":"E","mv":9551,"sc":1,"lpe":99.95,"lpr":3320.9,"lq":1.0},{"pi":"423116","pc":"Бакалея","ss":100000,"td":"Центр города","dc":1,"n":560.96,"vc":"около 500 000","sl":"Элитный","sv":"менее 50","p":30000.0,"q":45.16,"b":0.0,"wi":15.58,"ei":7.3,"as":1028.85,"mi":"E","mv":9551,"sc":1,"lpe":99.95,"lpr":3320.9,"lq":1.0},{"pi":"423116","pc":"Бакалея","ss":100000,"td":"Центр города","dc":1,"n":560.96,"vc":"около 500 000","sl":"Элитный","sv":"менее 50","p":30000.0,"q":45.16,"b":0.0,"wi":15.58,"ei":7.3,"as":1028.85,"mi":"E","mv":9551,"sc":1,"lpe":99.95,"lpr":3320.9,"lq":1.0},{"pi":"423116","pc":"Бакалея","ss":100,"td":"Спальный район","dc":1,"n":49.75,"vc":"более 100","sl":"Низкий","sv":"менее 50","p":8391.33,"q":1.05,"b":0.0,"wi":20.68,"ei":7.01,"as":314.5,"mi":"E","mv":98941,"sc":1,"lpe":100.0,"lpr":7929.38,"lq":1.0},{"pi":"423116","pc":"Бакалея","ss":100000,"td":"Спальный район","dc":1,"n":490.22,"vc":"около 500 000","sl":"Элитный","sv":"около 5 000","p":70000.0,"q":45.16,"b":1.53,"wi":26.65,"ei":6.93,"as":402.13,"mi":"E","mv":227421,"sc":1,"lpe":97.8,"lpr":11048.52,"lq":1.0},{"pi":"423116","pc":"Бакалея","ss":100000,"td":"Спальный район","dc":1,"n":490.22,"vc":"около 500 000","sl":"Элитный","sv":"около 5 000","p":70000.0,"q":45.16,"b":1.53,"wi":26.65,"ei":6.93,"as":402.13,"mi":"E","mv":227421,"sc":1,"lpe":97.8,"lpr":11048.52,"lq":1.0},{"pi":"423116","pc":"Бакалея","ss":100000,"td":"Спальный район","dc":1,"n":490.22,"vc":"около 500 000","sl":"Элитный","sv":"около 5 000","p":70000.0,"q":45.16,"b":1.53,"wi":26.65,"ei":6.93,"as":402.13,"mi":"E","mv":227421,"sc":1,"lpe":97.8,"lpr":11048.52,"lq":1.0},{"pi":"423116","pc":"Бакалея","ss":100000,"td":"Спальный район","dc":1,"n":490.22,"vc":"около 500 000","sl":"Элитный","sv":"около 5 000","p":70000.0,"q":45.16,"b":1.53,"wi":26.65,"ei":6.93,"as":402.13,"mi":"E","mv":227421,"sc":1,"lpe":97.8,"lpr":11048.52,"lq":1.0},{"pi":"423116","pc":"Бакалея","ss":100000,"td":"Спальный район","dc":1,"n":490.22,"vc":"около 500 000","sl":"Элитный","sv":"около 5 000","p":70000.0,"q":45.16,"b":1.53,"wi":26.65,"ei":6.93,"as":402.13,"mi":"E","mv":227421,"sc":1,"lpe":97.8,"lpr":11048.52,"lq":1.0},{"pi":"423116","pc":"Бакалея","ss":100000,"td":"Спальный район","dc":1,"n":490.22,"vc":"около 500 000","sl":"Элитный","sv":"около 5 000","p":70000.0,"q":45.16,"b":1.53,"wi":26.65,"ei":6.93,"as":402.13,"mi":"E","mv":227421,"sc":1,"lpe":97.8,"lpr":11048.52,"lq":1.0},{"pi":"423116","pc":"Бакалея","ss":100000,"td":"Спальный район","dc":1,"n":490.22,"vc":"около 500 000","sl":"Элитный","sv":"около 5 000","p":70000.0,"q":45.16,"b":1.53,"wi":26.65,"ei":6.93,"as":402.13,"mi":"E","mv":227421,"sc":1,"lpe":97.8,"lpr":11048.52,"lq":1.0},{"pi":"423116","pc":"Бакалея","ss":100000,"td":"Спальный район","dc":1,"n":490.22,"vc":"около 500 000","sl":"Элитный","sv":"около 5 000","p":70000.0,"q":45.16,"b":1.53,"wi":26.65,"ei":6.93,"as":402.13,"mi":"E","mv":227421,"sc":1,"lpe":97.8,"lpr":11048.52,"lq":1.0},{"pi":"423116","pc":"Бакалея","ss":100000,"td":"Спальный район","dc":1,"n":490.22,"vc":"около 500 000","sl":"Элитный","sv":"около 5 000","p":70000.0,"q":45.16,"b":1.53,"wi":26.65,"ei":6.93,"as":402.13,"mi":"E","mv":227421,"sc":1,"lpe":97.8,"lpr":11048.52,"lq":1.0},{"pi":"423116","pc":"Бакалея","ss":100000,"td":"Спальный район","dc":1,"n":490.22,"vc":"около 500 000","sl":"Элитный","sv":"около 5 000","p":70000.0,"q":45.16,"b":1.53,"wi":26.65,"ei":6.93,"as":402.13,"mi":"E","mv":227421,"sc":1,"lpe":97.8,"lpr":11048.52,"lq":1.0},{"pi":"423116","pc":"Бакалея","ss":100000,"td":"Спальный район","dc":1,"n":490.22,"vc":"около 500 000","sl":"Элитный","sv":"около 5 000","p":70000.0,"q":45.16,"b":1.53,"wi":26.65,"ei":6.93,"as":402.13,"mi":"E","mv":227421,"sc":1,"lpe":97.8,"lpr":11048.52,"lq":1.0},{"pi":"423116","pc":"Бакалея","ss":100000,"td":"Спальный район","dc":1,"n":490.22,"vc":"около 500 000","sl":"Элитный","sv":"около 5 000","p":70000.0,"q":45.16,"b":1.53,"wi":26.65,"ei":6.93,"as":402.13,"mi":"E","mv":227421,"sc":1,"lpe":97.8,"lpr":11048.52,"lq":1.0},{"pi":"423116","pc":"Бакалея","ss":100000,"td":"Спальный район","dc":1,"n":490.22,"vc":"около 500 000","sl":"Элитный","sv":"около 5 000","p":70000.0,"q":45.16,"b":1.53,"wi":26.65,"ei":6.93,"as":402.13,"mi":"E","mv":227421,"sc":1,"lpe":97.8,"lpr":11048.52,"lq":1.0},{"pi":"423116","pc":"Бакалея","ss":100000,"td":"Спальный район","dc":1,"n":490.22,"vc":"около 500 000","sl":"Элитный","sv":"около 5 000","p":70000.0,"q":45.16,"b":1.53,"wi":26.65,"ei":6.93,"as":402.13,"mi":"E","mv":227421,"sc":1,"lpe":97.8,"lpr":11048.52,"lq":1.0},{"pi":"423116","pc":"Бакалея","ss":100000,"td":"Спальный район","dc":1,"n":490.22,"vc":"около 500 000","sl":"Элитный","sv":"около 5 000","p":70000.0,"q":45.16,"b":1.53,"wi":26.65,"ei":6.93,"as":402.13,"mi":"E","mv":227421,"sc":1,"lpe":97.8,"lpr":11048.52,"lq":1.0},{"pi":"423116","pc":"Бакалея","ss":100000,"td":"Спальный район","dc":1,"n":490.22,"vc":"около 500 000","sl":"Элитный","sv":"около 5 000","p":70000.0,"q":45.16,"b":1.53,"wi":26.65,"ei":6.93,"as":402.13,"mi":"E","mv":227421,"sc":1,"lpe":97.8,"lpr":11048.52,"lq":1.0},{"pi":"423116","pc":"Бакалея","ss":100000,"td":"Спальный район","dc":1,"n":490.22,"vc":"около 500 000","sl":"Элитный","sv":"около 5 000","p":70000.0,"q":45.16,"b":1.53,"wi":26.65,"ei":6.93,"as":402.13,"mi":"E","mv":227421,"sc":1,"lpe":97.8,"lpr":11048.52,"lq":1.0},{"pi":"423116","pc":"Бакалея","ss":100000,"td":"Спальный район","dc":1,"n":490.22,"vc":"около 500 000","sl":"Элитный","sv":"около 5 000","p":70000.0,"q":45.16,"b":1.53,"wi":26.65,"ei":6.93,"as":402.13,"mi":"E","mv":227421,"sc":1,"lpe":97.8,"lpr":11048.52,"lq":1.0},{"pi":"423116","pc":"Бакалея","ss":100000,"td":"Спальный район","dc":1,"n":490.22,"vc":"около 500 000","sl":"Элитный","sv":"около 5 000","p":70000.0,"q":45.16,"b":1.53,"wi":26.65,"ei":6.93,"as":402.13,"mi":"E","mv":227421,"sc":1,"lpe":97.8,"lpr":11048.52,"lq":1.0},{"pi":"423116","pc":"Бакалея","ss":100000,"td":"Спальный район","dc":1,"n":490.22,"vc":"около 500 000","sl":"Элитный","sv":"около 5 000","p":70000.0,"q":45.16,"b":1.53,"wi":26.65,"ei":6.93,"as":402.13,"mi":"E","mv":227421,"sc":1,"lpe":97.8,"lpr":11048.52,"lq":1.0},{"pi":"423116","pc":"Бакалея","ss":100000,"td":"Спальный район","dc":1,"n":490.22,"vc":"около 500 000","sl":"Элитный","sv":"около 5 000","p":70000.0,"q":45.16,"b":1.53,"wi":26.65,"ei":6.93,"as":402.13,"mi":"E","mv":227421,"sc":1,"lpe":97.8,"lpr":11048.52,"lq":1.0},{"pi":"423116","pc":"Бакалея","ss":100000,"td":"Спальный район","dc":1,"n":490.22,"vc":"около 500 000","sl":"Элитный","sv":"около 5 000","p":70000.0,"q":45.16,"b":1.53,"wi":26.65,"ei":6.93,"as":402.13,"mi":"E","mv":227421,"sc":1,"lpe":97.8,"lpr":11048.52,"lq":1.0},{"pi":"423116","pc":"Бакалея","ss":100000,"td":"Спальный район","dc":1,"n":490.22,"vc":"около 500 000","sl":"Элитный","sv":"около 5 000","p":70000.0,"q":45.16,"b":1.53,"wi":26.65,"ei":6.93,"as":402.13,"mi":"E","mv":227421,"sc":1,"lpe":97.8,"lpr":11048.52,"lq":1.0},{"pi":"423116","pc":"Бакалея","ss":100,"td":"Спальный район","dc":1,"n":49.88,"vc":"около 100","sl":"Низкий","sv":"менее 50","p":2836.96,"q":1.05,"b":0.0,"wi":10.59,"ei":3.53,"as":68.74,"mi":"E","mv":32555,"sc":2,"lpe":99.99,"lpr":2707.78,"lq":1.0},{"pi":"423116","pc":"Бакалея","ss":100,"td":"Спальный район","dc":1,"n":49.88,"vc":"около 100","sl":"Низкий","sv":"менее 50","p":2836.96,"q":1.05,"b":0.0,"wi":10.59,"ei":3.53,"as":68.74,"mi":"E","mv":32555,"sc":2,"lpe":99.99,"lpr":2707.78,"lq":1.0},{"pi":"423116","pc":"Бакалея","ss":100,"td":"Спальный район","dc":1,"n":49.88,"vc":"около 100","sl":"Низкий","sv":"менее 50","p":2836.96,"q":1.05,"b":0.0,"wi":10.59,"ei":3.53,"as":68.74,"mi":"E","mv":32555,"sc":2,"lpe":99.99,"lpr":2707.78,"lq":1.0},{"pi":"423116","pc":"Бакалея","ss":100,"td":"Спальный район","dc":1,"n":49.88,"vc":"около 100","sl":"Низкий","sv":"менее 50","p":2836.96,"q":1.05,"b":0.0,"wi":10.59,"ei":3.53,"as":68.74,"mi":"E","mv":32555,"sc":2,"lpe":99.99,"lpr":2707.78,"lq":1.0},{"pi":"423116","pc":"Бакалея","ss":100,"td":"Спальный район","dc":1,"n":49.88,"vc":"около 100","sl":"Низкий","sv":"менее 50","p":2836.96,"q":1.05,"b":0.0,"wi":10.59,"ei":3.53,"as":68.74,"mi":"E","mv":32555,"sc":2,"lpe":99.99,"lpr":2707.78,"lq":1.0},{"pi":"423116","pc":"Бакалея","ss":100,"td":"Спальный район","dc":1,"n":49.88,"vc":"около 100","sl":"Низкий","sv":"менее 50","p":2836.96,"q":1.05,"b":0.0,"wi":10.59,"ei":3.53,"as":68.74,"mi":"E","mv":32555,"sc":2,"lpe":99.99,"lpr":2707.78,"lq":1.0},{"pi":"423116","pc":"Бакалея","ss":100,"td":"Спальный район","dc":1,"n":49.63,"vc":"около 100","sl":"Низкий","sv":"менее 50","p":2875.7,"q":1.05,"b":0.0,"wi":10.59,"ei":3.53,"as":68.74,"mi":"E","mv":32555,"sc":2,"lpe":99.99,"lpr":2707.78,"lq":1.0},{"pi":"423116","pc":"Бакалея","ss":100,"td":"Спальный район","dc":1,"n":49.88,"vc":"около 100","sl":"Низкий","sv":"менее 50","p":2836.96,"q":1.05,"b":0.0,"wi":10.59,"ei":3.53,"as":68.74,"mi":"E","mv":32555,"sc":2,"lpe":99.99,"lpr":2707.78,"lq":1.0},{"pi":"423116","pc":"Бакалея","ss":100,"td":"Спальный район","dc":1,"n":49.88,"vc":"около 100","sl":"Низкий","sv":"менее 50","p":2836.96,"q":1.05,"b":0.0,"wi":10.59,"ei":3.53,"as":68.74,"mi":"E","mv":32555,"sc":2,"lpe":99.99,"lpr":2707.78,"lq":1.0},{"pi":"423116","pc":"Бакалея","ss":100,"td":"Спальный район","dc":1,"n":49.63,"vc":"около 100","sl":"Низкий","sv":"менее 50","p":2875.7,"q":1.05,"b":0.0,"wi":10.59,"ei":3.53,"as":68.74,"mi":"E","mv":32555,"sc":2,"lpe":99.99,"lpr":2707.78,"lq":1.0},{"pi":"423116","pc":"Бакалея","ss":100,"td":"Спальный район","dc":1,"n":49.63,"vc":"около 100","sl":"Низкий","sv":"менее 50","p":2875.7,"q":1.05,"b":0.0,"wi":10.59,"ei":3.53,"as":68.74,"mi":"E","mv":32555,"sc":2,"lpe":99.99,"lpr":2707.78,"lq":1.0},{"pi":"423116","pc":"Бакалея","ss":100,"td":"Спальный район","dc":1,"n":49.88,"vc":"около 100","sl":"Низкий","sv":"менее 50","p":2836.96,"q":1.05,"b":0.0,"wi":10.59,"ei":3.53,"as":68.74,"mi":"E","mv":32555,"sc":2,"lpe":99.99,"lpr":2707.78,"lq":1.0},{"pi":"423116","pc":"Бакалея","ss":100,"td":"Спальный район","dc":1,"n":49.88,"vc":"около 100","sl":"Низкий","sv":"менее 50","p":2836.96,"q":1.05,"b":0.0,"wi":10.59,"ei":3.53,"as":68.74,"mi":"E","mv":32555,"sc":2,"lpe":99.99,"lpr":2707.78,"lq":1.0},{"pi":"423116","pc":"Бакалея","ss":100,"td":"Спальный район","dc":1,"n":49.63,"vc":"около 100","sl":"Низкий","sv":"менее 50","p":2875.7,"q":1.05,"b":0.0,"wi":10.59,"ei":3.53,"as":68.74,"mi":"E","mv":32555,"sc":2,"lpe":99.99,"lpr":2707.78,"lq":1.0},{"pi":"423116","pc":"Бакалея","ss":100,"td":"Спальный район","dc":1,"n":49.88,"vc":"около 100","sl":"Низкий","sv":"менее 50","p":2836.96,"q":1.05,"b":0.0,"wi":10.59,"ei":3.53,"as":68.74,"mi":"E","mv":32555,"sc":2,"lpe":99.99,"lpr":2707.78,"lq":1.0},{"pi":"423116","pc":"Бакалея","ss":100,"td":"Спальный район","dc":1,"n":49.88,"vc":"около 100","sl":"Низкий","sv":"менее 50","p":2836.96,"q":1.05,"b":0.0,"wi":10.59,"ei":3.53,"as":68.74,"mi":"E","mv":32555,"sc":2,"lpe":99.99,"lpr":2707.78,"lq":1.0},{"pi":"423116","pc":"Бакалея","ss":100,"td":"Спальный район","dc":1,"n":49.88,"vc":"около 100","sl":"Низкий","sv":"менее 50","p":2836.96,"q":1.05,"b":0.0,"wi":10.59,"ei":3.53,"as":68.74,"mi":"E","mv":32555,"sc":2,"lpe":99.99,"lpr":2707.78,"lq":1.0},{"pi":"423116","pc":"Бакалея","ss":100,"td":"Спальный район","dc":1,"n":49.88,"vc":"около 100","sl":"Низкий","sv":"менее 50","p":2836.96,"q":1.05,"b":0.0,"wi":10.59,"ei":3.53,"as":68.74,"mi":"E","mv":32555,"sc":2,"lpe":99.99,"lpr":2707.78,"lq":1.0},{"pi":"423116","pc":"Бакалея","ss":100,"td":"Спальный район","dc":1,"n":49.63,"vc":"около 100","sl":"Низкий","sv":"менее 50","p":2875.7,"q":1.05,"b":0.0,"wi":10.59,"ei":3.53,"as":68.74,"mi":"E","mv":32555,"sc":2,"lpe":99.99,"lpr":2707.78,"lq":1.0},{"pi":"423116","pc":"Бакалея","ss":100,"td":"Спальный район","dc":1,"n":49.63,"vc":"около 100","sl":"Низкий","sv":"менее 50","p":2875.7,"q":1.05,"b":0.0,"wi":10.59,"ei":3.53,"as":68.74,"mi":"E","mv":32555,"sc":2,"lpe":99.99,"lpr":2707.78,"lq":1.0},{"pi":"423116","pc":"Бакалея","ss":100,"td":"Спальный район","dc":1,"n":49.88,"vc":"около 100","sl":"Низкий","sv":"менее 50","p":2836.96,"q":1.05,"b":0.0,"wi":10.59,"ei":3.53,"as":68.74,"mi":"E","mv":32555,"sc":2,"lpe":99.99,"lpr":2707.78,"lq":1.0},{"pi":"423116","pc":"Бакалея","ss":100,"td":"Спальный район","dc":1,"n":49.88,"vc":"около 100","sl":"Низкий","sv":"менее 50","p":2836.96,"q":1.05,"b":0.0,"wi":10.59,"ei":3.53,"as":68.74,"mi":"E","mv":32555,"sc":2,"lpe":99.99,"lpr":2707.78,"lq":1.0},{"pi":"423116","pc":"Бакалея","ss":100,"td":"Спальный район","dc":1,"n":49.88,"vc":"около 100","sl":"Низкий","sv":"менее 50","p":2836.96,"q":1.05,"b":0.0,"wi":10.59,"ei":3.53,"as":68.74,"mi":"E","mv":32555,"sc":2,"lpe":99.99,"lpr":2707.78,"lq":1.0},{"pi":"423116","pc":"Бакалея","ss":100,"td":"Спальный район","dc":1,"n":49.88,"vc":"около 100","sl":"Низкий","sv":"менее 50","p":2836.96,"q":1.05,"b":0.0,"wi":10.59,"ei":3.53,"as":68.74,"mi":"E","mv":32555,"sc":2,"lpe":99.99,"lpr":2707.78,"lq":1.0},{"pi":"423116","pc":"Бакалея","ss":100,"td":"Спальный район","dc":1,"n":49.88,"vc":"около 100","sl":"Низкий","sv":"менее 50","p":2836.96,"q":1.05,"b":0.0,"wi":10.59,"ei":3.53,"as":68.74,"mi":"E","mv":32555,"sc":2,"lpe":99.99,"lpr":2707.78,"lq":1.0},{"pi":"423116","pc":"Бакалея","ss":100,"td":"Спальный район","dc":1,"n":49.88,"vc":"около 100","sl":"Низкий","sv":"менее 50","p":2836.96,"q":1.05,"b":0.0,"wi":10.59,"ei":3.53,"as":68.74,"mi":"E","mv":32555,"sc":2,"lpe":99.99,"lpr":2707.78,"lq":1.0},{"pi":"423116","pc":"Бакалея","ss":100,"td":"Спальный район","dc":1,"n":49.88,"vc":"около 100","sl":"Низкий","sv":"менее 50","p":2836.96,"q":1.05,"b":0.0,"wi":10.59,"ei":3.53,"as":68.74,"mi":"E","mv":32555,"sc":2,"lpe":99.99,"lpr":2707.78,"lq":1.0},{"pi":"423116","pc":"Бакалея","ss":100,"td":"Спальный район","dc":1,"n":49.88,"vc":"около 100","sl":"Низкий","sv":"менее 50","p":2836.96,"q":1.05,"b":0.0,"wi":10.59,"ei":3.53,"as":68.74,"mi":"E","mv":32555,"sc":2,"lpe":99.99,"lpr":2707.78,"lq":1.0},{"pi":"423116","pc":"Бакалея","ss":100,"td":"Спальный район","dc":1,"n":49.88,"vc":"около 100","sl":"Низкий","sv":"менее 50","p":2836.96,"q":1.05,"b":0.0,"wi":10.59,"ei":3.53,"as":68.74,"mi":"E","mv":32555,"sc":2,"lpe":99.99,"lpr":2707.78,"lq":1.0},{"pi":"423116","pc":"Бакалея","ss":100,"td":"Спальный район","dc":1,"n":49.88,"vc":"около 100","sl":"Низкий","sv":"менее 50","p":2836.96,"q":1.05,"b":0.0,"wi":10.59,"ei":3.53,"as":68.74,"mi":"E","mv":32555,"sc":2,"lpe":99.99,"lpr":2707.78,"lq":1.0},{"pi":"423116","pc":"Бакалея","ss":100,"td":"Спальный район","dc":1,"n":49.88,"vc":"около 100","sl":"Низкий","sv":"менее 50","p":2836.96,"q":1.05,"b":0.0,"wi":10.59,"ei":3.53,"as":68.74,"mi":"E","mv":32555,"sc":2,"lpe":99.99,"lpr":2707.78,"lq":1.0},{"pi":"423116","pc":"Бакалея","ss":100000,"td":"Центр города","dc":2,"n":469.26,"vc":"около 500 000","sl":"Высокий","sv":"около 50","p":50000.0,"q":19.82,"b":0.2,"wi":36.77,"ei":8.1,"as":1693.61,"mi":"E","mv":126911,"sc":1,"lpe":99.97,"lpr":12625.5,"lq":1.0},{"pi":"423116","pc":"Бакалея","ss":100000,"td":"Центр города","dc":2,"n":469.26,"vc":"около 500 000","sl":"Высокий","sv":"около 50","p":50000.0,"q":19.82,"b":0.2,"wi":36.77,"ei":8.1,"as":1693.61,"mi":"E","mv":126911,"sc":1,"lpe":99.97,"lpr":12625.5,"lq":1.0},{"pi":"423116","pc":"Бакалея","ss":100000,"td":"Центр города","dc":2,"n":469.26,"vc":"около 500 000","sl":"Высокий","sv":"около 50","p":50000.0,"q":19.82,"b":0.2,"wi":36.77,"ei":8.1,"as":1693.61,"mi":"E","mv":126911,"sc":1,"lpe":99.97,"lpr":12625.5,"lq":1.0},{"pi":"423116","pc":"Бакалея","ss":100000,"td":"Центр города","dc":2,"n":469.26,"vc":"около 500 000","sl":"Высокий","sv":"около 50","p":50000.0,"q":19.82,"b":0.2,"wi":36.77,"ei":8.1,"as":1693.61,"mi":"E","mv":126911,"sc":1,"lpe":99.97,"lpr":12625.5,"lq":1.0},{"pi":"423116","pc":"Бакалея","ss":100000,"td":"Центр города","dc":2,"n":469.26,"vc":"около 500 000","sl":"Высокий","sv":"около 50","p":50000.0,"q":19.82,"b":0.2,"wi":36.77,"ei":8.1,"as":1693.61,"mi":"E","mv":126911,"sc":1,"lpe":99.97,"lpr":12625.5,"lq":1.0},{"pi":"423116","pc":"Бакалея","ss":100000,"td":"Центр города","dc":2,"n":469.26,"vc":"около 500 000","sl":"Высокий","sv":"около 50","p":50000.0,"q":19.82,"b":0.2,"wi":36.77,"ei":8.1,"as":1693.61,"mi":"E","mv":126911,"sc":1,"lpe":99.97,"lpr":12625.5,"lq":1.0},{"pi":"423116","pc":"Бакалея","ss":100000,"td":"Центр города","dc":2,"n":469.26,"vc":"около 500 000","sl":"Высокий","sv":"около 50","p":50000.0,"q":19.82,"b":0.2,"wi":36.77,"ei":8.1,"as":1693.61,"mi":"E","mv":126911,"sc":1,"lpe":99.97,"lpr":12625.5,"lq":1.0},{"pi":"423116","pc":"Бакалея","ss":100000,"td":"Центр города","dc":2,"n":469.26,"vc":"около 500 000","sl":"Высокий","sv":"около 50","p":50000.0,"q":19.82,"b":0.2,"wi":36.77,"ei":8.1,"as":1693.61,"mi":"E","mv":126911,"sc":1,"lpe":99.97,"lpr":12625.5,"lq":1.0},{"pi":"423116","pc":"Бакалея","ss":100000,"td":"Центр города","dc":2,"n":469.26,"vc":"около 500 000","sl":"Высокий","sv":"около 50","p":50000.0,"q":19.82,"b":0.2,"wi":36.77,"ei":8.1,"as":1693.61,"mi":"E","mv":126911,"sc":1,"lpe":99.97,"lpr":12625.5,"lq":1.0},{"pi":"423116","pc":"Бакалея","ss":100000,"td":"Центр города","dc":2,"n":469.26,"vc":"около 500 000","sl":"Высокий","sv":"около 50","p":50000.0,"q":19.82,"b":0.2,"wi":36.77,"ei":8.1,"as":1693.61,"mi":"E","mv":126911,"sc":1,"lpe":99.97,"lpr":12625.5,"lq":1.0},{"pi":"423116","pc":"Бакалея","ss":100000,"td":"Центр города","dc":2,"n":469.26,"vc":"около 500 000","sl":"Высокий","sv":"около 50","p":50000.0,"q":19.82,"b":0.2,"wi":36.77,"ei":8.1,"as":1693.61,"mi":"E","mv":126911,"sc":1,"lpe":99.97,"lpr":12625.5,"lq":1.0},{"pi":"423116","pc":"Бакалея","ss":100000,"td":"Центр города","dc":2,"n":469.26,"vc":"около 500 000","sl":"Высокий","sv":"около 50","p":50000.0,"q":19.82,"b":0.2,"wi":36.77,"ei":8.1,"as":1693.61,"mi":"E","mv":126911,"sc":1,"lpe":99.97,"lpr":12625.5,"lq":1.0},{"pi":"423116","pc":"Бакалея","ss":100000,"td":"Центр города","dc":2,"n":469.26,"vc":"около 500 000","sl":"Высокий","sv":"около 50","p":50000.0,"q":19.82,"b":0.2,"wi":36.77,"ei":8.1,"as":1693.61,"mi":"E","mv":126911,"sc":1,"lpe":99.97,"lpr":12625.5,"lq":1.0},{"pi":"423116","pc":"Бакалея","ss":100000,"td":"Центр города","dc":2,"n":469.26,"vc":"около 500 000","sl":"Высокий","sv":"около 50","p":50000.0,"q":19.82,"b":0.2,"wi":36.77,"ei":8.1,"as":1693.61,"mi":"E","mv":126911,"sc":1,"lpe":99.97,"lpr":12625.5,"lq":1.0},{"pi":"423116","pc":"Бакалея","ss":100000,"td":"Центр города","dc":2,"n":469.26,"vc":"около 500 000","sl":"Высокий","sv":"около 50","p":50000.0,"q":19.82,"b":0.2,"wi":36.77,"ei":8.1,"as":1693.61,"mi":"E","mv":126911,"sc":1,"lpe":99.97,"lpr":12625.5,"lq":1.0},{"pi":"423116","pc":"Бакалея","ss":100000,"td":"Центр города","dc":2,"n":469.26,"vc":"около 500 000","sl":"Высокий","sv":"около 50","p":50000.0,"q":19.82,"b":0.2,"wi":36.77,"ei":8.1,"as":1693.61,"mi":"E","mv":126911,"sc":1,"lpe":99.97,"lpr":12625.5,"lq":1.0},{"pi":"423116","pc":"Бакалея","ss":100000,"td":"Центр города","dc":2,"n":469.26,"vc":"около 500 000","sl":"Высокий","sv":"около 50","p":50000.0,"q":19.82,"b":0.2,"wi":36.77,"ei":8.1,"as":1693.61,"mi":"E","mv":126911,"sc":1,"lpe":99.97,"lpr":12625.5,"lq":1.0},{"pi":"423116","pc":"Бакалея","ss":100000,"td":"Центр города","dc":2,"n":469.26,"vc":"около 500 000","sl":"Высокий","sv":"около 50","p":50000.0,"q":19.82,"b":0.2,"wi":36.77,"ei":8.1,"as":1693.61,"mi":"E","mv":126911,"sc":1,"lpe":99.97,"lpr":12625.5,"lq":1.0},{"pi":"423116","pc":"Бакалея","ss":100000,"td":"Центр города","dc":2,"n":469.26,"vc":"около 500 000","sl":"Высокий","sv":"около 50","p":50000.0,"q":19.82,"b":0.2,"wi":36.77,"ei":8.1,"as":1693.61,"mi":"E","mv":126911,"sc":1,"lpe":99.97,"lpr":12625.5,"lq":1.0},{"pi":"423116","pc":"Бакалея","ss":100000,"td":"Центр города","dc":2,"n":469.26,"vc":"около 500 000","sl":"Высокий","sv":"около 50","p":50000.0,"q":19.82,"b":0.2,"wi":36.77,"ei":8.1,"as":1693.61,"mi":"E","mv":126911,"sc":1,"lpe":99.97,"lpr":12625.5,"lq":1.0},{"pi":"423116","pc":"Бакалея","ss":100000,"td":"Центр города","dc":2,"n":469.26,"vc":"около 500 000","sl":"Высокий","sv":"около 50","p":50000.0,"q":19.82,"b":0.2,"wi":36.77,"ei":8.1,"as":1693.61,"mi":"E","mv":126911,"sc":1,"lpe":99.97,"lpr":12625.5,"lq":1.0},{"pi":"423116","pc":"Бакалея","ss":100000,"td":"Центр города","dc":2,"n":469.26,"vc":"около 500 000","sl":"Высокий","sv":"около 50","p":50000.0,"q":19.82,"b":0.2,"wi":36.77,"ei":8.1,"as":1693.61,"mi":"E","mv":126911,"sc":1,"lpe":99.97,"lpr":12625.5,"lq":1.0},{"pi":"423116","pc":"Бакалея","ss":100000,"td":"Центр города","dc":2,"n":469.26,"vc":"около 500 000","sl":"Высокий","sv":"около 50","p":50000.0,"q":19.82,"b":0.2,"wi":36.77,"ei":8.1,"as":1693.61,"mi":"E","mv":126911,"sc":1,"lpe":99.97,"lpr":12625.5,"lq":1.0},{"pi":"423116","pc":"Бакалея","ss":100000,"td":"Центр города","dc":2,"n":469.26,"vc":"около 500 000","sl":"Высокий","sv":"около 50","p":50000.0,"q":19.82,"b":0.2,"wi":36.77,"ei":8.1,"as":1693.61,"mi":"E","mv":126911,"sc":1,"lpe":99.97,"lpr":12625.5,"lq":1.0},{"pi":"423116","pc":"Бакалея","ss":100000,"td":"Центр города","dc":2,"n":469.26,"vc":"около 500 000","sl":"Высокий","sv":"около 50","p":50000.0,"q":19.82,"b":0.2,"wi":36.77,"ei":8.1,"as":1693.61,"mi":"E","mv":126911,"sc":1,"lpe":99.97,"lpr":12625.5,"lq":1.0},{"pi":"423116","pc":"Бакалея","ss":100000,"td":"Центр города","dc":2,"n":469.26,"vc":"около 500 000","sl":"Высокий","sv":"около 50","p":50000.0,"q":19.82,"b":0.2,"wi":36.77,"ei":8.1,"as":1693.61,"mi":"E","mv":126911,"sc":1,"lpe":99.97,"lpr":12625.5,"lq":1.0},{"pi":"423116","pc":"Бакалея","ss":100000,"td":"Центр города","dc":2,"n":469.26,"vc":"около 500 000","sl":"Высокий","sv":"около 50","p":50000.0,"q":19.82,"b":0.2,"wi":36.77,"ei":8.1,"as":1693.61,"mi":"E","mv":126911,"sc":1,"lpe":99.97,"lpr":12625.5,"lq":1.0},{"pi":"423116","pc":"Бакалея","ss":100000,"td":"Центр города","dc":2,"n":469.26,"vc":"около 500 000","sl":"Высокий","sv":"около 50","p":50000.0,"q":19.82,"b":0.2,"wi":36.77,"ei":8.1,"as":1693.61,"mi":"E","mv":126911,"sc":1,"lpe":99.97,"lpr":12625.5,"lq":1.0},{"pi":"423116","pc":"Бакалея","ss":100000,"td":"Центр города","dc":1,"n":385.86,"vc":"более 100 000","sl":"Элитный","sv":"менее 50","p":90000.0,"q":19.92,"b":0.74,"wi":30.11,"ei":6.99,"as":993.7,"mi":"E","mv":22178,"sc":1,"lpe":99.96,"lpr":9751.54,"lq":1.0},{"pi":"423116","pc":"Бакалея","ss":100000,"td":"Центр города","dc":1,"n":385.86,"vc":"более 100 000","sl":"Элитный","sv":"менее 50","p":90000.0,"q":19.92,"b":0.74,"wi":30.11,"ei":6.99,"as":993.7,"mi":"E","mv":22178,"sc":1,"lpe":99.96,"lpr":9751.54,"lq":1.0},{"pi":"423116","pc":"Бакалея","ss":100000,"td":"Центр города","dc":1,"n":385.86,"vc":"более 100 000","sl":"Элитный","sv":"менее 50","p":90000.0,"q":19.92,"b":0.74,"wi":30.11,"ei":6.99,"as":993.7,"mi":"E","mv":22178,"sc":1,"lpe":99.96,"lpr":9751.54,"lq":1.0},{"pi":"423116","pc":"Бакалея","ss":100000,"td":"Центр города","dc":1,"n":385.86,"vc":"более 100 000","sl":"Элитный","sv":"менее 50","p":90000.0,"q":19.92,"b":0.74,"wi":30.11,"ei":6.99,"as":993.7,"mi":"E","mv":22178,"sc":1,"lpe":99.96,"lpr":9751.54,"lq":1.0},{"pi":"423116","pc":"Бакалея","ss":100000,"td":"Центр города","dc":1,"n":385.86,"vc":"более 100 000","sl":"Элитный","sv":"менее 50","p":90000.0,"q":19.92,"b":0.74,"wi":30.11,"ei":6.99,"as":993.7,"mi":"E","mv":22178,"sc":1,"lpe":99.96,"lpr":9751.54,"lq":1.0},{"pi":"423116","pc":"Бакалея","ss":100000,"td":"Центр города","dc":1,"n":385.86,"vc":"более 100 000","sl":"Элитный","sv":"менее 50","p":90000.0,"q":19.92,"b":0.74,"wi":30.11,"ei":6.99,"as":993.7,"mi":"E","mv":22178,"sc":1,"lpe":99.96,"lpr":9751.54,"lq":1.0},{"pi":"423116","pc":"Бакалея","ss":100000,"td":"Центр города","dc":1,"n":385.86,"vc":"более 100 000","sl":"Элитный","sv":"менее 50","p":90000.0,"q":19.92,"b":0.74,"wi":30.11,"ei":6.99,"as":993.7,"mi":"E","mv":22178,"sc":1,"lpe":99.96,"lpr":9751.54,"lq":1.0},{"pi":"423116","pc":"Бакалея","ss":100000,"td":"Центр города","dc":1,"n":385.86,"vc":"более 100 000","sl":"Элитный","sv":"менее 50","p":90000.0,"q":19.92,"b":0.74,"wi":30.11,"ei":6.99,"as":993.7,"mi":"E","mv":22178,"sc":1,"lpe":99.96,"lpr":9751.54,"lq":1.0},{"pi":"423116","pc":"Бакалея","ss":100000,"td":"Центр города","dc":1,"n":385.86,"vc":"более 100 000","sl":"Элитный","sv":"менее 50","p":90000.0,"q":19.92,"b":0.74,"wi":30.11,"ei":6.99,"as":993.7,"mi":"E","mv":22178,"sc":1,"lpe":99.96,"lpr":9751.54,"lq":1.0},{"pi":"423116","pc":"Бакалея","ss":100000,"td":"Центр города","dc":1,"n":385.86,"vc":"более 100 000","sl":"Элитный","sv":"менее 50","p":90000.0,"q":19.92,"b":0.74,"wi":30.11,"ei":6.99,"as":993.7,"mi":"E","mv":22178,"sc":1,"lpe":99.96,"lpr":9751.54,"lq":1.0},{"pi":"423116","pc":"Бакалея","ss":100000,"td":"Центр города","dc":1,"n":385.86,"vc":"более 100 000","sl":"Элитный","sv":"менее 50","p":90000.0,"q":19.92,"b":0.74,"wi":30.11,"ei":6.99,"as":993.7,"mi":"E","mv":22178,"sc":1,"lpe":99.96,"lpr":9751.54,"lq":1.0},{"pi":"423116","pc":"Бакалея","ss":100000,"td":"Центр города","dc":1,"n":385.86,"vc":"более 100 000","sl":"Элитный","sv":"менее 50","p":90000.0,"q":19.92,"b":0.74,"wi":30.11,"ei":6.99,"as":993.7,"mi":"E","mv":22178,"sc":1,"lpe":99.96,"lpr":9751.54,"lq":1.0},{"pi":"423116","pc":"Бакалея","ss":100000,"td":"Центр города","dc":1,"n":385.86,"vc":"более 100 000","sl":"Элитный","sv":"менее 50","p":90000.0,"q":19.92,"b":0.74,"wi":30.11,"ei":6.99,"as":993.7,"mi":"E","mv":22178,"sc":1,"lpe":99.96,"lpr":9751.54,"lq":1.0},{"pi":"423116","pc":"Бакалея","ss":100000,"td":"Центр города","dc":1,"n":385.86,"vc":"более 100 000","sl":"Элитный","sv":"менее 50","p":90000.0,"q":19.92,"b":0.74,"wi":30.11,"ei":6.99,"as":993.7,"mi":"E","mv":22178,"sc":1,"lpe":99.96,"lpr":9751.54,"lq":1.0},{"pi":"423116","pc":"Бакалея","ss":100000,"td":"Центр города","dc":1,"n":385.86,"vc":"более 100 000","sl":"Элитный","sv":"менее 50","p":90000.0,"q":19.92,"b":0.74,"wi":30.11,"ei":6.99,"as":993.7,"mi":"E","mv":22178,"sc":1,"lpe":99.96,"lpr":9751.54,"lq":1.0},{"pi":"423116","pc":"Бакалея","ss":100000,"td":"Центр города","dc":1,"n":385.86,"vc":"более 100 000","sl":"Элитный","sv":"менее 50","p":90000.0,"q":19.92,"b":0.74,"wi":30.11,"ei":6.99,"as":993.7,"mi":"E","mv":22178,"sc":1,"lpe":99.96,"lpr":9751.54,"lq":1.0},{"pi":"423116","pc":"Бакалея","ss":100000,"td":"Центр города","dc":1,"n":385.86,"vc":"более 100 000","sl":"Элитный","sv":"менее 50","p":90000.0,"q":19.92,"b":0.74,"wi":30.11,"ei":6.99,"as":993.7,"mi":"E","mv":22178,"sc":1,"lpe":99.96,"lpr":9751.54,"lq":1.0},{"pi":"423116","pc":"Бакалея","ss":100000,"td":"Центр города","dc":1,"n":415.16,"vc":"более 100 000","sl":"Элитный","sv":"менее 50","p":90000.0,"q":20.23,"b":0.74,"wi":33.51,"ei":6.16,"as":1339.5,"mi":"E","mv":21357,"sc":1,"lpe":99.99,"lpr":9168.95,"lq":1.0},{"pi":"423116","pc":"Бакалея","ss":100000,"td":"Центр города","dc":1,"n":415.16,"vc":"более 100 000","sl":"Элитный","sv":"менее 50","p":90000.0,"q":20.23,"b":0.74,"wi":33.51,"ei":6.16,"as":1339.5,"mi":"E","mv":21357,"sc":1,"lpe":99.99,"lpr":9168.95,"lq":1.0},{"pi":"423116","pc":"Бакалея","ss":100000,"td":"Центр города","dc":1,"n":415.16,"vc":"более 100 000","sl":"Элитный","sv":"менее 50","p":90000.0,"q":20.23,"b":0.74,"wi":33.51,"ei":6.16,"as":1339.5,"mi":"E","mv":21357,"sc":1,"lpe":99.99,"lpr":9168.95,"lq":1.0},{"pi":"423116","pc":"Бакалея","ss":100000,"td":"Центр города","dc":1,"n":415.16,"vc":"более 100 000","sl":"Элитный","sv":"менее 50","p":90000.0,"q":20.23,"b":0.74,"wi":33.51,"ei":6.16,"as":1339.5,"mi":"E","mv":21357,"sc":1,"lpe":99.99,"lpr":9168.95,"lq":1.0},{"pi":"423116","pc":"Бакалея","ss":100000,"td":"Центр города","dc":1,"n":415.16,"vc":"более 100 000","sl":"Элитный","sv":"менее 50","p":90000.0,"q":20.23,"b":0.74,"wi":33.51,"ei":6.16,"as":1339.5,"mi":"E","mv":21357,"sc":1,"lpe":99.99,"lpr":9168.95,"lq":1.0},{"pi":"423116","pc":"Бакалея","ss":100000,"td":"Центр города","dc":1,"n":415.16,"vc":"более 100 000","sl":"Элитный","sv":"менее 50","p":90000.0,"q":20.23,"b":0.74,"wi":33.51,"ei":6.16,"as":1339.5,"mi":"E","mv":21357,"sc":1,"lpe":99.99,"lpr":9168.95,"lq":1.0},{"pi":"423116","pc":"Бакалея","ss":100000,"td":"Центр города","dc":1,"n":415.16,"vc":"более 100 000","sl":"Элитный","sv":"менее 50","p":90000.0,"q":20.23,"b":0.74,"wi":33.51,"ei":6.16,"as":1339.5,"mi":"E","mv":21357,"sc":1,"lpe":99.99,"lpr":9168.95,"lq":1.0},{"pi":"423116","pc":"Бакалея","ss":100000,"td":"Центр города","dc":1,"n":415.16,"vc":"более 100 000","sl":"Элитный","sv":"менее 50","p":90000.0,"q":20.23,"b":0.74,"wi":33.51,"ei":6.16,"as":1339.5,"mi":"E","mv":21357,"sc":1,"lpe":99.99,"lpr":9168.95,"lq":1.0},{"pi":"423116","pc":"Бакалея","ss":100000,"td":"Центр города","dc":1,"n":415.16,"vc":"более 100 000","sl":"Элитный","sv":"менее 50","p":90000.0,"q":20.23,"b":0.74,"wi":33.51,"ei":6.16,"as":1339.5,"mi":"E","mv":21357,"sc":1,"lpe":99.99,"lpr":9168.95,"lq":1.0},{"pi":"423116","pc":"Бакалея","ss":100000,"td":"Центр города","dc":1,"n":415.16,"vc":"более 100 000","sl":"Элитный","sv":"менее 50","p":90000.0,"q":20.23,"b":0.74,"wi":33.51,"ei":6.16,"as":1339.5,"mi":"E","mv":21357,"sc":1,"lpe":99.99,"lpr":9168.95,"lq":1.0},{"pi":"423116","pc":"Бакалея","ss":100000,"td":"Центр города","dc":1,"n":415.16,"vc":"более 100 000","sl":"Элитный","sv":"менее 50","p":90000.0,"q":20.23,"b":0.74,"wi":33.51,"ei":6.16,"as":1339.5,"mi":"E","mv":21357,"sc":1,"lpe":99.99,"lpr":9168.95,"lq":1.0},{"pi":"423116","pc":"Бакалея","ss":100000,"td":"Центр города","dc":1,"n":415.16,"vc":"более 100 000","sl":"Элитный","sv":"менее 50","p":90000.0,"q":20.23,"b":0.74,"wi":33.51,"ei":6.16,"as":1339.5,"mi":"E","mv":21357,"sc":1,"lpe":99.99,"lpr":9168.95,"lq":1.0},{"pi":"423116","pc":"Бакалея","ss":100000,"td":"Центр города","dc":1,"n":415.16,"vc":"более 100 000","sl":"Элитный","sv":"менее 50","p":90000.0,"q":20.23,"b":0.74,"wi":33.51,"ei":6.16,"as":1339.5,"mi":"E","mv":21357,"sc":1,"lpe":99.99,"lpr":9168.95,"lq":1.0},{"pi":"423116","pc":"Бакалея","ss":100000,"td":"Центр города","dc":1,"n":415.16,"vc":"более 100 000","sl":"Элитный","sv":"менее 50","p":90000.0,"q":20.23,"b":0.74,"wi":33.51,"ei":6.16,"as":1339.5,"mi":"E","mv":21357,"sc":1,"lpe":99.99,"lpr":9168.95,"lq":1.0},{"pi":"423116","pc":"Бакалея","ss":100000,"td":"Центр города","dc":1,"n":415.16,"vc":"более 100 000","sl":"Элитный","sv":"менее 50","p":90000.0,"q":20.23,"b":0.74,"wi":33.51,"ei":6.16,"as":1339.5,"mi":"E","mv":21357,"sc":1,"lpe":99.99,"lpr":9168.95,"lq":1.0},{"pi":"423116","pc":"Бакалея","ss":100000,"td":"Центр города","dc":1,"n":361.4,"vc":"более 100 000","sl":"Элитный","sv":"менее 50","p":90000.0,"q":19.82,"b":0.74,"wi":34.48,"ei":6.32,"as":1091.03,"mi":"E","mv":32245,"sc":1,"lpe":99.93,"lpr":12436.48,"lq":1.0},{"pi":"423116","pc":"Бакалея","ss":100000,"td":"Центр города","dc":1,"n":361.4,"vc":"более 100 000","sl":"Элитный","sv":"менее 50","p":90000.0,"q":19.82,"b":0.74,"wi":34.48,"ei":6.32,"as":1091.03,"mi":"E","mv":32245,"sc":1,"lpe":99.93,"lpr":12436.48,"lq":1.0},{"pi":"423116","pc":"Бакалея","ss":100000,"td":"Центр города","dc":1,"n":361.4,"vc":"более 100 000","sl":"Элитный","sv":"менее 50","p":90000.0,"q":19.82,"b":0.74,"wi":34.48,"ei":6.32,"as":1091.03,"mi":"E","mv":32245,"sc":1,"lpe":99.93,"lpr":12436.48,"lq":1.0},{"pi":"423116","pc":"Бакалея","ss":100000,"td":"Центр города","dc":1,"n":361.4,"vc":"более 100 000","sl":"Элитный","sv":"менее 50","p":90000.0,"q":19.82,"b":0.74,"wi":34.48,"ei":6.32,"as":1091.03,"mi":"E","mv":32245,"sc":1,"lpe":99.93,"lpr":12436.48,"lq":1.0},{"pi":"423116","pc":"Бакалея","ss":100000,"td":"Центр города","dc":1,"n":361.4,"vc":"более 100 000","sl":"Элитный","sv":"менее 50","p":90000.0,"q":19.82,"b":0.74,"wi":34.48,"ei":6.32,"as":1091.03,"mi":"E","mv":32245,"sc":1,"lpe":99.93,"lpr":12436.48,"lq":1.0},{"pi":"423116","pc":"Бакалея","ss":100000,"td":"Центр города","dc":1,"n":361.4,"vc":"более 100 000","sl":"Элитный","sv":"менее 50","p":90000.0,"q":19.82,"b":0.74,"wi":34.48,"ei":6.32,"as":1091.03,"mi":"E","mv":32245,"sc":1,"lpe":99.93,"lpr":12436.48,"lq":1.0},{"pi":"423116","pc":"Бакалея","ss":100000,"td":"Центр города","dc":1,"n":361.4,"vc":"более 100 000","sl":"Элитный","sv":"менее 50","p":90000.0,"q":19.82,"b":0.74,"wi":34.48,"ei":6.32,"as":1091.03,"mi":"E","mv":32245,"sc":1,"lpe":99.93,"lpr":12436.48,"lq":1.0},{"pi":"423116","pc":"Бакалея","ss":100000,"td":"Центр города","dc":1,"n":361.4,"vc":"более 100 000","sl":"Элитный","sv":"менее 50","p":90000.0,"q":19.82,"b":0.74,"wi":34.48,"ei":6.32,"as":1091.03,"mi":"E","mv":32245,"sc":1,"lpe":99.93,"lpr":12436.48,"lq":1.0},{"pi":"423116","pc":"Бакалея","ss":100000,"td":"Центр города","dc":1,"n":361.4,"vc":"более 100 000","sl":"Элитный","sv":"менее 50","p":90000.0,"q":19.82,"b":0.74,"wi":34.48,"ei":6.32,"as":1091.03,"mi":"E","mv":32245,"sc":1,"lpe":99.93,"lpr":12436.48,"lq":1.0},{"pi":"423116","pc":"Бакалея","ss":100000,"td":"Центр города","dc":1,"n":361.4,"vc":"более 100 000","sl":"Элитный","sv":"менее 50","p":90000.0,"q":19.82,"b":0.74,"wi":34.48,"ei":6.32,"as":1091.03,"mi":"E","mv":32245,"sc":1,"lpe":99.93,"lpr":12436.48,"lq":1.0},{"pi":"423116","pc":"Бакалея","ss":100000,"td":"Центр города","dc":1,"n":361.4,"vc":"более 100 000","sl":"Элитный","sv":"менее 50","p":90000.0,"q":19.82,"b":0.74,"wi":34.48,"ei":6.32,"as":1091.03,"mi":"E","mv":32245,"sc":1,"lpe":99.93,"lpr":12436.48,"lq":1.0},{"pi":"423116","pc":"Бакалея","ss":100000,"td":"Центр города","dc":1,"n":361.4,"vc":"более 100 000","sl":"Элитный","sv":"менее 50","p":90000.0,"q":19.82,"b":0.74,"wi":34.48,"ei":6.32,"as":1091.03,"mi":"E","mv":32245,"sc":1,"lpe":99.93,"lpr":12436.48,"lq":1.0},{"pi":"423116","pc":"Бакалея","ss":100,"td":"Спальный район","dc":1,"n":49.88,"vc":"около 50","sl":"Нормальный","sv":"менее 50","p":1264.12,"q":1.05,"b":0.0,"wi":6.49,"ei":3.43,"as":59.09,"mi":"E","mv":32723,"sc":1,"lpe":100.0,"lpr":1206.6,"lq":1.0},{"pi":"423116","pc":"Бакалея","ss":100,"td":"Спальный район","dc":1,"n":49.88,"vc":"около 50","sl":"Нормальный","sv":"менее 50","p":1264.12,"q":1.05,"b":0.0,"wi":6.49,"ei":3.43,"as":59.09,"mi":"E","mv":32723,"sc":1,"lpe":100.0,"lpr":1206.6,"lq":1.0},{"pi":"423116","pc":"Бакалея","ss":100,"td":"Спальный район","dc":1,"n":49.88,"vc":"около 50","sl":"Нормальный","sv":"менее 50","p":1264.12,"q":1.05,"b":0.0,"wi":6.49,"ei":3.43,"as":59.09,"mi":"E","mv":32723,"sc":1,"lpe":100.0,"lpr":1206.6,"lq":1.0},{"pi":"423116","pc":"Бакалея","ss":100,"td":"Спальный район","dc":1,"n":49.88,"vc":"около 50","sl":"Нормальный","sv":"менее 50","p":1264.12,"q":1.05,"b":0.0,"wi":6.49,"ei":3.43,"as":59.09,"mi":"E","mv":32723,"sc":1,"lpe":100.0,"lpr":1206.6,"lq":1.0},{"pi":"423116","pc":"Бакалея","ss":100,"td":"Спальный район","dc":1,"n":49.88,"vc":"около 50","sl":"Нормальный","sv":"менее 50","p":1264.12,"q":1.05,"b":0.0,"wi":6.49,"ei":3.43,"as":59.09,"mi":"E","mv":32723,"sc":1,"lpe":100.0,"lpr":1206.6,"lq":1.0},{"pi":"423116","pc":"Бакалея","ss":100,"td":"Спальный район","dc":1,"n":49.88,"vc":"около 50","sl":"Нормальный","sv":"менее 50","p":1264.12,"q":1.05,"b":0.0,"wi":6.49,"ei":3.43,"as":59.09,"mi":"E","mv":32723,"sc":1,"lpe":100.0,"lpr":1206.6,"lq":1.0},{"pi":"423116","pc":"Бакалея","ss":100,"td":"Спальный район","dc":1,"n":49.88,"vc":"около 50","sl":"Нормальный","sv":"менее 50","p":1264.12,"q":1.05,"b":0.0,"wi":6.49,"ei":3.43,"as":59.09,"mi":"E","mv":32723,"sc":1,"lpe":100.0,"lpr":1206.6,"lq":1.0},{"pi":"423116","pc":"Бакалея","ss":100,"td":"Спальный район","dc":1,"n":49.88,"vc":"около 50","sl":"Нормальный","sv":"менее 50","p":1264.12,"q":1.05,"b":0.0,"wi":6.49,"ei":3.43,"as":59.09,"mi":"E","mv":32723,"sc":1,"lpe":100.0,"lpr":1206.6,"lq":1.0},{"pi":"423116","pc":"Бакалея","ss":100,"td":"Спальный район","dc":1,"n":49.88,"vc":"около 50","sl":"Нормальный","sv":"менее 50","p":1264.12,"q":1.05,"b":0.0,"wi":6.49,"ei":3.43,"as":59.09,"mi":"E","mv":32723,"sc":1,"lpe":100.0,"lpr":1206.6,"lq":1.0},{"pi":"423116","pc":"Бакалея","ss":100,"td":"Спальный район","dc":1,"n":49.88,"vc":"около 50","sl":"Нормальный","sv":"менее 50","p":1264.12,"q":1.05,"b":0.0,"wi":6.49,"ei":3.43,"as":59.09,"mi":"E","mv":32723,"sc":1,"lpe":100.0,"lpr":1206.6,"lq":1.0},{"pi":"423116","pc":"Бакалея","ss":100,"td":"Спальный район","dc":1,"n":49.88,"vc":"около 50","sl":"Нормальный","sv":"менее 50","p":1264.12,"q":1.05,"b":0.0,"wi":6.49,"ei":3.43,"as":59.09,"mi":"E","mv":32723,"sc":1,"lpe":100.0,"lpr":1206.6,"lq":1.0},{"pi":"423116","pc":"Бакалея","ss":100,"td":"Спальный район","dc":1,"n":49.88,"vc":"около 50","sl":"Нормальный","sv":"менее 50","p":1264.12,"q":1.05,"b":0.0,"wi":6.49,"ei":3.43,"as":59.09,"mi":"E","mv":32723,"sc":1,"lpe":100.0,"lpr":1206.6,"lq":1.0},{"pi":"423116","pc":"Бакалея","ss":100,"td":"Спальный район","dc":1,"n":49.88,"vc":"около 50","sl":"Нормальный","sv":"менее 50","p":1264.12,"q":1.05,"b":0.0,"wi":6.49,"ei":3.43,"as":59.09,"mi":"E","mv":32723,"sc":1,"lpe":100.0,"lpr":1206.6,"lq":1.0},{"pi":"423116","pc":"Бакалея","ss":100,"td":"Спальный район","dc":1,"n":49.88,"vc":"около 50","sl":"Нормальный","sv":"менее 50","p":1264.12,"q":1.05,"b":0.0,"wi":6.49,"ei":3.43,"as":59.09,"mi":"E","mv":32723,"sc":1,"lpe":100.0,"lpr":1206.6,"lq":1.0},{"pi":"423116","pc":"Бакалея","ss":100,"td":"Спальный район","dc":1,"n":49.88,"vc":"около 50","sl":"Нормальный","sv":"менее 50","p":1264.12,"q":1.05,"b":0.0,"wi":6.49,"ei":3.43,"as":59.09,"mi":"E","mv":32723,"sc":1,"lpe":100.0,"lpr":1206.6,"lq":1.0},{"pi":"423116","pc":"Бакалея","ss":100,"td":"Спальный район","dc":1,"n":49.88,"vc":"около 50","sl":"Нормальный","sv":"менее 50","p":1264.12,"q":1.05,"b":0.0,"wi":6.49,"ei":3.43,"as":59.09,"mi":"E","mv":32723,"sc":1,"lpe":100.0,"lpr":1206.6,"lq":1.0},{"pi":"423116","pc":"Бакалея","ss":100,"td":"Спальный район","dc":1,"n":49.88,"vc":"около 50","sl":"Нормальный","sv":"менее 50","p":1264.12,"q":1.05,"b":0.0,"wi":6.49,"ei":3.43,"as":59.09,"mi":"E","mv":32723,"sc":1,"lpe":100.0,"lpr":1206.6,"lq":1.0},{"pi":"423116","pc":"Бакалея","ss":100,"td":"Спальный район","dc":1,"n":49.88,"vc":"около 50","sl":"Нормальный","sv":"менее 50","p":1264.12,"q":1.05,"b":0.0,"wi":6.49,"ei":3.43,"as":59.09,"mi":"E","mv":32723,"sc":1,"lpe":100.0,"lpr":1206.6,"lq":1.0},{"pi":"423116","pc":"Бакалея","ss":100,"td":"Спальный район","dc":1,"n":49.88,"vc":"около 50","sl":"Нормальный","sv":"менее 50","p":1264.12,"q":1.05,"b":0.0,"wi":6.49,"ei":3.43,"as":59.09,"mi":"E","mv":32723,"sc":1,"lpe":100.0,"lpr":1206.6,"lq":1.0},{"pi":"423116","pc":"Бакалея","ss":100,"td":"Спальный район","dc":1,"n":49.88,"vc":"около 50","sl":"Нормальный","sv":"менее 50","p":1264.12,"q":1.05,"b":0.0,"wi":6.49,"ei":3.43,"as":59.09,"mi":"E","mv":32723,"sc":1,"lpe":100.0,"lpr":1206.6,"lq":1.0},{"pi":"423116","pc":"Бакалея","ss":100,"td":"Спальный район","dc":1,"n":49.88,"vc":"около 50","sl":"Нормальный","sv":"менее 50","p":1264.12,"q":1.05,"b":0.0,"wi":6.49,"ei":3.43,"as":59.09,"mi":"E","mv":32723,"sc":1,"lpe":100.0,"lpr":1206.6,"lq":1.0},{"pi":"423116","pc":"Бакалея","ss":100,"td":"Спальный район","dc":1,"n":49.88,"vc":"около 50","sl":"Нормальный","sv":"менее 50","p":1264.12,"q":1.05,"b":0.0,"wi":6.49,"ei":3.43,"as":59.09,"mi":"E","mv":32723,"sc":1,"lpe":100.0,"lpr":1206.6,"lq":1.0},{"pi":"423116","pc":"Бакалея","ss":100,"td":"Спальный район","dc":1,"n":49.88,"vc":"около 50","sl":"Нормальный","sv":"менее 50","p":1264.12,"q":1.05,"b":0.0,"wi":6.49,"ei":3.43,"as":59.09,"mi":"E","mv":32723,"sc":1,"lpe":100.0,"lpr":1206.6,"lq":1.0},{"pi":"423116","pc":"Бакалея","ss":100,"td":"Спальный район","dc":1,"n":49.88,"vc":"около 50","sl":"Нормальный","sv":"менее 50","p":1264.12,"q":1.05,"b":0.0,"wi":6.49,"ei":3.43,"as":59.09,"mi":"E","mv":32723,"sc":1,"lpe":100.0,"lpr":1206.6,"lq":1.0},{"pi":"423116","pc":"Бакалея","ss":100,"td":"Спальный район","dc":1,"n":49.88,"vc":"около 50","sl":"Нормальный","sv":"менее 50","p":1264.12,"q":1.05,"b":0.0,"wi":6.49,"ei":3.43,"as":59.09,"mi":"E","mv":32723,"sc":1,"lpe":100.0,"lpr":1206.6,"lq":1.0},{"pi":"423116","pc":"Бакалея","ss":100,"td":"Спальный район","dc":1,"n":49.88,"vc":"около 50","sl":"Нормальный","sv":"менее 50","p":1264.12,"q":1.05,"b":0.0,"wi":6.49,"ei":3.43,"as":59.09,"mi":"E","mv":32723,"sc":1,"lpe":100.0,"lpr":1206.6,"lq":1.0},{"pi":"423116","pc":"Бакалея","ss":100000,"td":"Центр города","dc":1,"n":513.06,"vc":"более 200 000","sl":"Элитный","sv":"около 1 000","p":51000.0,"q":21.59,"b":0.05,"wi":34.26,"ei":7.21,"as":1270.0,"mi":"E","mv":18438,"sc":1,"lpe":95.63,"lpr":9456.92,"lq":1.0},{"pi":"423116","pc":"Бакалея","ss":100000,"td":"Центр города","dc":1,"n":513.06,"vc":"более 200 000","sl":"Элитный","sv":"около 1 000","p":51000.0,"q":21.59,"b":0.05,"wi":34.26,"ei":7.21,"as":1270.0,"mi":"E","mv":18438,"sc":1,"lpe":95.63,"lpr":9456.92,"lq":1.0},{"pi":"423116","pc":"Бакалея","ss":100000,"td":"Центр города","dc":1,"n":513.06,"vc":"более 200 000","sl":"Элитный","sv":"около 1 000","p":51000.0,"q":21.59,"b":0.05,"wi":34.26,"ei":7.21,"as":1270.0,"mi":"E","mv":18438,"sc":1,"lpe":95.63,"lpr":9456.92,"lq":1.0},{"pi":"423116","pc":"Бакалея","ss":100000,"td":"Центр города","dc":1,"n":513.06,"vc":"более 200 000","sl":"Элитный","sv":"около 1 000","p":51000.0,"q":21.59,"b":0.05,"wi":34.26,"ei":7.21,"as":1270.0,"mi":"E","mv":18438,"sc":1,"lpe":95.63,"lpr":9456.92,"lq":1.0},{"pi":"423116","pc":"Бакалея","ss":100000,"td":"Центр города","dc":1,"n":513.06,"vc":"более 200 000","sl":"Элитный","sv":"около 1 000","p":51000.0,"q":21.59,"b":0.05,"wi":34.26,"ei":7.21,"as":1270.0,"mi":"E","mv":18438,"sc":1,"lpe":95.63,"lpr":9456.92,"lq":1.0},{"pi":"423116","pc":"Бакалея","ss":100000,"td":"Центр города","dc":1,"n":513.06,"vc":"более 200 000","sl":"Элитный","sv":"около 1 000","p":51000.0,"q":21.59,"b":0.05,"wi":34.26,"ei":7.21,"as":1270.0,"mi":"E","mv":18438,"sc":1,"lpe":95.63,"lpr":9456.92,"lq":1.0},{"pi":"423116","pc":"Бакалея","ss":100000,"td":"Центр города","dc":1,"n":513.06,"vc":"более 200 000","sl":"Элитный","sv":"около 1 000","p":51000.0,"q":21.59,"b":0.05,"wi":34.26,"ei":7.21,"as":1270.0,"mi":"E","mv":18438,"sc":1,"lpe":95.63,"lpr":9456.92,"lq":1.0},{"pi":"423116","pc":"Бакалея","ss":100000,"td":"Центр города","dc":1,"n":513.06,"vc":"более 200 000","sl":"Элитный","sv":"около 1 000","p":51000.0,"q":21.59,"b":0.05,"wi":34.26,"ei":7.21,"as":1270.0,"mi":"E","mv":18438,"sc":1,"lpe":95.63,"lpr":9456.92,"lq":1.0},{"pi":"423116","pc":"Бакалея","ss":1000,"td":"Спальный район","dc":3,"n":43.11,"vc":"около 500","sl":"Очень высокий","sv":"менее 50","p":42000.0,"q":19.82,"b":0.0,"wi":22.96,"ei":6.12,"as":273.45,"mi":"E","mv":119192,"sc":1,"lpe":100.0,"lpr":7238.65,"lq":1.0},{"pi":"423116","pc":"Бакалея","ss":1000,"td":"Спальный район","dc":3,"n":43.11,"vc":"около 500","sl":"Очень высокий","sv":"менее 50","p":42000.0,"q":19.82,"b":0.0,"wi":22.96,"ei":6.12,"as":273.45,"mi":"E","mv":119192,"sc":1,"lpe":100.0,"lpr":7238.65,"lq":1.0},{"pi":"423116","pc":"Бакалея","ss":1000,"td":"Спальный район","dc":3,"n":43.11,"vc":"около 500","sl":"Очень высокий","sv":"менее 50","p":42000.0,"q":19.82,"b":0.0,"wi":22.96,"ei":6.12,"as":273.45,"mi":"E","mv":119192,"sc":1,"lpe":100.0,"lpr":7238.65,"lq":1.0},{"pi":"423116","pc":"Бакалея","ss":1000,"td":"Спальный район","dc":3,"n":43.11,"vc":"около 500","sl":"Очень высокий","sv":"менее 50","p":42000.0,"q":19.82,"b":0.0,"wi":22.96,"ei":6.12,"as":273.45,"mi":"E","mv":119192,"sc":1,"lpe":100.0,"lpr":7238.65,"lq":1.0},{"pi":"423116","pc":"Бакалея","ss":1000,"td":"Спальный район","dc":3,"n":43.11,"vc":"около 500","sl":"Очень высокий","sv":"менее 50","p":42000.0,"q":19.82,"b":0.0,"wi":22.96,"ei":6.12,"as":273.45,"mi":"E","mv":119192,"sc":1,"lpe":100.0,"lpr":7238.65,"lq":1.0},{"pi":"423116","pc":"Бакалея","ss":1000,"td":"Спальный район","dc":3,"n":43.11,"vc":"около 500","sl":"Очень высокий","sv":"менее 50","p":42000.0,"q":19.82,"b":0.0,"wi":22.96,"ei":6.12,"as":273.45,"mi":"E","mv":119192,"sc":1,"lpe":100.0,"lpr":7238.65,"lq":1.0},{"pi":"423116","pc":"Бакалея","ss":1000,"td":"Спальный район","dc":3,"n":43.11,"vc":"около 500","sl":"Очень высокий","sv":"менее 50","p":42000.0,"q":19.82,"b":0.0,"wi":22.96,"ei":6.12,"as":273.45,"mi":"E","mv":119192,"sc":1,"lpe":100.0,"lpr":7238.65,"lq":1.0},{"pi":"423116","pc":"Бакалея","ss":1000,"td":"Спальный район","dc":3,"n":43.11,"vc":"около 500","sl":"Очень высокий","sv":"менее 50","p":42000.0,"q":19.82,"b":0.0,"wi":22.96,"ei":6.12,"as":273.45,"mi":"E","mv":119192,"sc":1,"lpe":100.0,"lpr":7238.65,"lq":1.0},{"pi":"423116","pc":"Бакалея","ss":1000,"td":"Спальный район","dc":3,"n":43.11,"vc":"около 500","sl":"Очень высокий","sv":"менее 50","p":42000.0,"q":19.82,"b":0.0,"wi":22.96,"ei":6.12,"as":273.45,"mi":"E","mv":119192,"sc":1,"lpe":100.0,"lpr":7238.65,"lq":1.0},{"pi":"423116","pc":"Бакалея","ss":1000,"td":"Спальный район","dc":3,"n":43.11,"vc":"около 500","sl":"Очень высокий","sv":"менее 50","p":42000.0,"q":19.82,"b":0.0,"wi":22.96,"ei":6.12,"as":273.45,"mi":"E","mv":119192,"sc":1,"lpe":100.0,"lpr":7238.65,"lq":1.0},{"pi":"423116","pc":"Бакалея","ss":1000,"td":"Спальный район","dc":3,"n":43.11,"vc":"около 500","sl":"Очень высокий","sv":"менее 50","p":42000.0,"q":19.82,"b":0.0,"wi":22.96,"ei":6.12,"as":273.45,"mi":"E","mv":119192,"sc":1,"lpe":100.0,"lpr":7238.65,"lq":1.0},{"pi":"423116","pc":"Бакалея","ss":1000,"td":"Спальный район","dc":3,"n":43.11,"vc":"около 500","sl":"Очень высокий","sv":"менее 50","p":42000.0,"q":19.82,"b":0.0,"wi":22.96,"ei":6.12,"as":273.45,"mi":"E","mv":119192,"sc":1,"lpe":100.0,"lpr":7238.65,"lq":1.0},{"pi":"423116","pc":"Бакалея","ss":1000,"td":"Спальный район","dc":3,"n":43.11,"vc":"около 500","sl":"Очень высокий","sv":"менее 50","p":42000.0,"q":19.82,"b":0.0,"wi":22.96,"ei":6.12,"as":273.45,"mi":"E","mv":119192,"sc":1,"lpe":100.0,"lpr":7238.65,"lq":1.0},{"pi":"423116","pc":"Бакалея","ss":1000,"td":"Спальный район","dc":3,"n":43.11,"vc":"около 500","sl":"Очень высокий","sv":"менее 50","p":42000.0,"q":19.82,"b":0.0,"wi":22.96,"ei":6.12,"as":273.45,"mi":"E","mv":119192,"sc":1,"lpe":100.0,"lpr":7238.65,"lq":1.0},{"pi":"423116","pc":"Бакалея","ss":1000,"td":"Спальный район","dc":3,"n":43.11,"vc":"около 500","sl":"Очень высокий","sv":"менее 50","p":42000.0,"q":19.82,"b":0.0,"wi":22.96,"ei":6.12,"as":273.45,"mi":"E","mv":119192,"sc":1,"lpe":100.0,"lpr":7238.65,"lq":1.0},{"pi":"423116","pc":"Бакалея","ss":1000,"td":"Спальный район","dc":3,"n":43.11,"vc":"около 500","sl":"Очень высокий","sv":"менее 50","p":42000.0,"q":19.82,"b":0.0,"wi":22.96,"ei":6.12,"as":273.45,"mi":"E","mv":119192,"sc":1,"lpe":100.0,"lpr":7238.65,"lq":1.0},{"pi":"423116","pc":"Бакалея","ss":1000,"td":"Спальный район","dc":3,"n":43.11,"vc":"около 500","sl":"Очень высокий","sv":"менее 50","p":42000.0,"q":19.82,"b":0.0,"wi":22.96,"ei":6.12,"as":273.45,"mi":"E","mv":119192,"sc":1,"lpe":100.0,"lpr":7238.65,"lq":1.0},{"pi":"423116","pc":"Бакалея","ss":1000,"td":"Спальный район","dc":3,"n":43.11,"vc":"около 500","sl":"Очень высокий","sv":"менее 50","p":42000.0,"q":19.82,"b":0.0,"wi":22.96,"ei":6.12,"as":273.45,"mi":"E","mv":119192,"sc":1,"lpe":100.0,"lpr":7238.65,"lq":1.0},{"pi":"423116","pc":"Бакалея","ss":1000,"td":"Спальный район","dc":3,"n":43.11,"vc":"около 500","sl":"Очень высокий","sv":"менее 50","p":42000.0,"q":19.82,"b":0.0,"wi":22.96,"ei":6.12,"as":273.45,"mi":"E","mv":119192,"sc":1,"lpe":100.0,"lpr":7238.65,"lq":1.0},{"pi":"423116","pc":"Бакалея","ss":1000,"td":"Спальный район","dc":3,"n":43.11,"vc":"около 500","sl":"Очень высокий","sv":"менее 50","p":42000.0,"q":19.82,"b":0.0,"wi":22.96,"ei":6.12,"as":273.45,"mi":"E","mv":119192,"sc":1,"lpe":100.0,"lpr":7238.65,"lq":1.0},{"pi":"423116","pc":"Бакалея","ss":1000,"td":"Спальный район","dc":3,"n":43.11,"vc":"около 500","sl":"Очень высокий","sv":"менее 50","p":42000.0,"q":19.82,"b":0.0,"wi":22.96,"ei":6.12,"as":273.45,"mi":"E","mv":119192,"sc":1,"lpe":100.0,"lpr":7238.65,"lq":1.0},{"pi":"423116","pc":"Бакалея","ss":1000,"td":"Спальный район","dc":3,"n":43.11,"vc":"около 500","sl":"Очень высокий","sv":"менее 50","p":42000.0,"q":19.82,"b":0.0,"wi":22.96,"ei":6.12,"as":273.45,"mi":"E","mv":119192,"sc":1,"lpe":100.0,"lpr":7238.65,"lq":1.0},{"pi":"423116","pc":"Бакалея","ss":1000,"td":"Спальный район","dc":3,"n":43.11,"vc":"около 500","sl":"Очень высокий","sv":"менее 50","p":42000.0,"q":19.82,"b":0.0,"wi":22.96,"ei":6.12,"as":273.45,"mi":"E","mv":119192,"sc":1,"lpe":100.0,"lpr":7238.65,"lq":1.0},{"pi":"423116","pc":"Бакалея","ss":1000,"td":"Спальный район","dc":3,"n":43.11,"vc":"около 500","sl":"Очень высокий","sv":"менее 50","p":42000.0,"q":19.82,"b":0.0,"wi":22.96,"ei":6.12,"as":273.45,"mi":"E","mv":119192,"sc":1,"lpe":100.0,"lpr":7238.65,"lq":1.0},{"pi":"423116","pc":"Бакалея","ss":1000,"td":"Спальный район","dc":3,"n":43.11,"vc":"около 500","sl":"Очень высокий","sv":"менее 50","p":42000.0,"q":19.82,"b":0.0,"wi":22.96,"ei":6.12,"as":273.45,"mi":"E","mv":119192,"sc":1,"lpe":100.0,"lpr":7238.65,"lq":1.0}]