[{"d":"23.05.2015","r":10000.0,"q":8.65,"p":311.0,"s":[{"ui":"3872971","t":5663600.0,"r":5528050.0,"q":8.65,"p":311.0,"mot":"L","mo":10000.0},{"cn":"","ui":"","t":0.0,"r":0.0,"q":0.0,"p":0.0,"mot":"L","mo":0.0}]},{"d":"29.05.2015","r":17320.0,"q":8.65,"p":298.34,"s":[{"ui":"3872971","t":5044080.0,"r":4958580.0,"q":8.65,"p":311.0,"mot":"L","mo":10000.0},{"ui":"3246539","t":10000.0,"r":7000.0,"q":8.65,"p":278.95,"mot":"U","mo":7000.0},{"cn":"","ui":"","t":1320.0,"r":320.0,"q":8.65,"p":327.0,"mot":"L","mo":320.0}]},{"d":"30.05.2015","r":10000.0,"q":8.65,"p":311.0,"s":[{"ui":"3872971","t":4917509.0,"r":4762008.0,"q":8.65,"p":311.0,"mot":"L","mo":10000.0},{"cn":"","ui":"","t":0.0,"r":0.0,"q":0.0,"p":0.0,"mot":"L","mo":0.0}]},{"d":"31.05.2015","r":10000.0,"q":8.65,"p":311.0,"s":[{"ui":"3872971","t":4772008.0,"r":4614007.0,"q":8.65,"p":311.0,"mot":"L","mo":10000.0},{"cn":"","ui":"","t":0.0,"r":0.0,"q":0.0,"p":0.0,"mot":"L","mo":0.0}]},{"d":"01.06.2015","r":15923.0,"q":8.65,"p":316.95,"s":[{"ui":"3894571","t":7243.0,"r":5923.0,"q":8.65,"p":327.0,"mot":"U","mo":5923.0},{"ui":"3872971","t":4656764.0,"r":4538763.0,"q":8.65,"p":311.0,"mot":"L","mo":10000.0},{"cn":"","ui":"","t":0.0,"r":0.0,"q":0.0,"p":0.0,"mot":"L","mo":0.0}]},{"d":"02.06.2015","r":10568.0,"q":8.65,"p":311.77,"s":[{"ui":"3894571","t":7791.0,"r":548.0,"q":8.65,"p":327.0,"mot":"U","mo":548.0},{"ui":"3872971","t":4530852.0,"r":4402731.0,"q":8.65,"p":311.0,"mot":"L","mo":10000.0},{"cn":"","ui":"","t":120.0,"r":20.0,"q":8.65,"p":280.0,"mot":"L","mo":20.0}]},{"d":"03.06.2015","r":10010.0,"q":8.65,"p":310.97,"s":[{"ui":"3872971","t":4402721.0,"r":4274590.0,"q":8.65,"p":311.0,"mot":"L","mo":10000.0},{"cn":"","ui":"","t":130.0,"r":10.0,"q":8.65,"p":285.0,"mot":"L","mo":10.0}]},{"d":"04.06.2015","r":10000.0,"q":8.65,"p":311.0,"s":[{"ui":"3872971","t":4274590.0,"r":4146459.0,"q":8.65,"p":311.0,"mot":"L","mo":10000.0},{"cn":"","ui":"","t":0.0,"r":0.0,"q":0.0,"p":0.0,"mot":"L","mo":0.0}]},{"d":"05.06.2015","r":10000.0,"q":8.65,"p":311.0,"s":[{"ui":"3872971","t":4143459.0,"r":4012328.0,"q":8.65,"p":311.0,"mot":"L","mo":10000.0},{"cn":"","ui":"","t":0.0,"r":0.0,"q":0.0,"p":0.0,"mot":"L","mo":0.0}]},{"d":"06.06.2015","r":10000.0,"q":8.65,"p":311.0,"s":[{"ui":"3872971","t":4003278.0,"r":3863097.0,"q":8.65,"p":311.0,"mot":"L","mo":10000.0},{"cn":"","ui":"","t":0.0,"r":0.0,"q":0.0,"p":0.0,"mot":"L","mo":0.0}]},{"d":"08.06.2015","r":10000.0,"q":8.65,"p":311.0,"s":[{"ui":"3872971","t":3726410.0,"r":3586159.0,"q":8.65,"p":311.0,"mot":"L","mo":10000.0},{"cn":"","ui":"","t":0.0,"r":0.0,"q":0.0,"p":0.0,"mot":"L","mo":0.0}]},{"d":"09.06.2015","r":10000.0,"q":8.65,"p":311.0,"s":[{"ui":"3872971","t":2636159.0,"r":1545908.0,"q":8.65,"p":311.0,"mot":"L","mo":10000.0},{"cn":"","ui":"","t":0.0,"r":0.0,"q":0.0,"p":0.0,"mot":"L","mo":0.0}]},{"d":"10.06.2015","r":10000.0,"q":8.65,"p":311.0,"s":[{"ui":"3872971","t":1545908.0,"r":455657.0,"q":8.65,"p":311.0,"mot":"L","mo":10000.0},{"cn":"","ui":"","t":0.0,"r":0.0,"q":0.0,"p":0.0,"mot":"L","mo":0.0}]},{"d":"12.06.2015","r":30.0,"q":8.65,"p":325.99,"s":[{"ui":"3812854","t":400.0,"r":30.0,"q":8.65,"p":325.99,"mot":"U","mo":30.0},{"cn":"","ui":"","t":0.0,"r":0.0,"q":0.0,"p":0.0,"mot":"L","mo":0.0}]},{"d":"15.01.2016","r":50.0,"q":4.95,"p":20.0,"s":[{"ui":"4058719","t":3000.0,"r":3000.0,"q":4.95,"p":20.0,"mot":"L","mo":50.0},{"cn":"","ui":"","t":0.0,"r":0.0,"q":0.0,"p":0.0,"mot":"L","mo":0.0}]},{"d":"16.01.2016","r":50.0,"q":4.95,"p":20.0,"s":[{"ui":"4058719","t":3250.0,"r":2500.0,"q":4.95,"p":20.0,"mot":"L","mo":50.0},{"cn":"","ui":"","t":0.0,"r":0.0,"q":0.0,"p":0.0,"mot":"L","mo":0.0}]},{"d":"20.01.2016","r":45.0,"q":4.94,"p":20.0,"s":[{"ui":"4058719","t":2705.0,"r":1715.0,"q":4.94,"p":20.0,"mot":"L","mo":45.0},{"cn":"","ui":"","t":0.0,"r":0.0,"q":0.0,"p":0.0,"mot":"L","mo":0.0}]},{"d":"22.01.2016","r":145.0,"q":4.93,"p":40.69,"s":[{"ui":"4058719","t":1635.0,"r":555.0,"q":4.93,"p":20.0,"mot":"L","mo":45.0},{"ui":"4023737","t":197100.0,"r":194200.0,"q":4.93,"p":50.0,"mot":"L","mo":100.0},{"cn":"","ui":"","t":0.0,"r":0.0,"q":0.0,"p":0.0,"mot":"L","mo":0.0}]},{"d":"23.01.2016","r":100.0,"q":4.93,"p":50.0,"s":[{"ui":"4023737","t":294200.0,"r":291300.0,"q":4.93,"p":50.0,"mot":"L","mo":100.0},{"cn":"","ui":"","t":0.0,"r":0.0,"q":0.0,"p":0.0,"mot":"L","mo":0.0}]},{"d":"24.01.2016","r":100.0,"q":4.93,"p":50.0,"s":[{"ui":"4023737","t":391300.0,"r":388400.0,"q":4.93,"p":50.0,"mot":"L","mo":100.0},{"cn":"","ui":"","t":0.0,"r":0.0,"q":0.0,"p":0.0,"mot":"L","mo":0.0}]},{"d":"25.01.2016","r":100.0,"q":4.93,"p":50.0,"s":[{"ui":"4023737","t":488200.0,"r":485100.0,"q":4.93,"p":50.0,"mot":"L","mo":100.0},{"cn":"","ui":"","t":0.0,"r":0.0,"q":0.0,"p":0.0,"mot":"L","mo":0.0}]},{"d":"26.01.2016","r":200.0,"q":4.93,"p":75.0,"s":[{"ui":"4068649","t":100.0,"r":100.0,"q":4.93,"p":100.0,"mot":"U","mo":100.0},{"ui":"4023737","t":584600.0,"r":581000.0,"q":4.93,"p":50.0,"mot":"L","mo":100.0},{"cn":"","ui":"","t":0.0,"r":0.0,"q":0.0,"p":0.0,"mot":"L","mo":0.0}]},{"d":"27.01.2016","r":100.0,"q":4.93,"p":50.0,"s":[{"ui":"4023737","t":680900.0,"r":677300.0,"q":4.93,"p":50.0,"mot":"L","mo":100.0},{"cn":"","ui":"","t":0.0,"r":0.0,"q":0.0,"p":0.0,"mot":"L","mo":0.0}]},{"d":"28.01.2016","r":100.0,"q":4.93,"p":50.0,"s":[{"ui":"4023737","t":777200.0,"r":773595.0,"q":4.93,"p":50.0,"mot":"L","mo":100.0},{"cn":"","ui":"","t":0.0,"r":0.0,"q":0.0,"p":0.0,"mot":"L","mo":0.0}]},{"d":"29.01.2016","r":100.0,"q":4.93,"p":50.0,"s":[{"ui":"4023737","t":873595.0,"r":869890.0,"q":4.93,"p":50.0,"mot":"L","mo":100.0},{"cn":"","ui":"","t":0.0,"r":0.0,"q":0.0,"p":0.0,"mot":"L","mo":0.0}]},{"d":"30.01.2016","r":100.0,"q":4.93,"p":50.0,"s":[{"ui":"4023737","t":969890.0,"r":966185.0,"q":4.93,"p":50.0,"mot":"L","mo":100.0},{"cn":"","ui":"","t":0.0,"r":0.0,"q":0.0,"p":0.0,"mot":"L","mo":0.0}]},{"d":"31.01.2016","r":100.0,"q":4.93,"p":50.0,"s":[{"ui":"4023737","t":1065985.0,"r":1061980.0,"q":4.93,"p":50.0,"mot":"L","mo":100.0},{"cn":"","ui":"","t":0.0,"r":0.0,"q":0.0,"p":0.0,"mot":"L","mo":0.0}]},{"d":"01.02.2016","r":100.0,"q":4.93,"p":50.0,"s":[{"ui":"4023737","t":1161980.0,"r":1157975.0,"q":4.93,"p":50.0,"mot":"L","mo":100.0},{"cn":"","ui":"","t":0.0,"r":0.0,"q":0.0,"p":0.0,"mot":"L","mo":0.0}]},{"d":"02.02.2016","r":100.0,"q":4.93,"p":50.0,"s":[{"ui":"4023737","t":1209369.0,"r":1205064.0,"q":4.93,"p":50.0,"mot":"L","mo":100.0},{"cn":"","ui":"","t":0.0,"r":0.0,"q":0.0,"p":0.0,"mot":"L","mo":0.0}]},{"d":"03.02.2016","r":100.0,"q":4.93,"p":50.0,"s":[{"ui":"4023737","t":1205064.0,"r":1200759.0,"q":4.93,"p":50.0,"mot":"L","mo":100.0},{"cn":"","ui":"","t":0.0,"r":0.0,"q":0.0,"p":0.0,"mot":"L","mo":0.0}]},{"d":"04.02.2016","r":100.0,"q":4.93,"p":50.0,"s":[{"ui":"4023737","t":1200659.0,"r":1196254.0,"q":4.93,"p":50.0,"mot":"L","mo":100.0},{"cn":"","ui":"","t":0.0,"r":0.0,"q":0.0,"p":0.0,"mot":"L","mo":0.0}]},{"d":"05.02.2016","r":100.0,"q":4.93,"p":50.0,"s":[{"ui":"4023737","t":1196154.0,"r":1191649.0,"q":4.93,"p":50.0,"mot":"L","mo":100.0},{"cn":"","ui":"","t":0.0,"r":0.0,"q":0.0,"p":0.0,"mot":"L","mo":0.0}]},{"d":"06.02.2016","r":100.0,"q":4.93,"p":50.0,"s":[{"ui":"4023737","t":1191649.0,"r":1187144.0,"q":4.93,"p":50.0,"mot":"L","mo":100.0},{"cn":"","ui":"","t":0.0,"r":0.0,"q":0.0,"p":0.0,"mot":"L","mo":0.0}]},{"d":"07.02.2016","r":100.0,"q":4.93,"p":50.0,"s":[{"ui":"4023737","t":1187144.0,"r":1182539.0,"q":4.93,"p":50.0,"mot":"L","mo":100.0},{"cn":"","ui":"","t":0.0,"r":0.0,"q":0.0,"p":0.0,"mot":"L","mo":0.0}]},{"d":"08.02.2016","r":100.0,"q":4.93,"p":50.0,"s":[{"ui":"4023737","t":1182639.0,"r":1178034.0,"q":4.93,"p":50.0,"mot":"L","mo":100.0},{"cn":"","ui":"","t":0.0,"r":0.0,"q":0.0,"p":0.0,"mot":"L","mo":0.0}]},{"d":"09.02.2016","r":50.0,"q":4.93,"p":50.0,"s":[{"ui":"4023737","t":1178129.0,"r":1175824.0,"q":4.93,"p":50.0,"mot":"L","mo":50.0},{"cn":"","ui":"","t":0.0,"r":0.0,"q":0.0,"p":0.0,"mot":"L","mo":0.0}]},{"d":"10.02.2016","r":50.0,"q":4.93,"p":50.0,"s":[{"ui":"4023737","t":1175774.0,"r":1173319.0,"q":4.93,"p":50.0,"mot":"L","mo":50.0},{"cn":"","ui":"","t":0.0,"r":0.0,"q":0.0,"p":0.0,"mot":"L","mo":0.0}]},{"d":"11.02.2016","r":50.0,"q":4.93,"p":50.0,"s":[{"ui":"4023737","t":1173369.0,"r":1170914.0,"q":4.93,"p":50.0,"mot":"L","mo":50.0},{"cn":"","ui":"","t":0.0,"r":0.0,"q":0.0,"p":0.0,"mot":"L","mo":0.0}]},{"d":"12.02.2016","r":50.0,"q":4.93,"p":50.0,"s":[{"ui":"4023737","t":1170964.0,"r":1168509.0,"q":4.93,"p":50.0,"mot":"L","mo":50.0},{"cn":"","ui":"","t":0.0,"r":0.0,"q":0.0,"p":0.0,"mot":"L","mo":0.0}]},{"d":"13.02.2016","r":50.0,"q":4.93,"p":50.0,"s":[{"ui":"4023737","t":1168509.0,"r":1166004.0,"q":4.93,"p":50.0,"mot":"L","mo":50.0},{"cn":"","ui":"","t":0.0,"r":0.0,"q":0.0,"p":0.0,"mot":"L","mo":0.0}]},{"d":"14.02.2016","r":50.0,"q":4.93,"p":50.0,"s":[{"ui":"4023737","t":1166054.0,"r":1163549.0,"q":4.93,"p":50.0,"mot":"L","mo":50.0},{"cn":"","ui":"","t":0.0,"r":0.0,"q":0.0,"p":0.0,"mot":"L","mo":0.0}]},{"d":"15.02.2016","r":50.0,"q":4.93,"p":50.0,"s":[{"ui":"4023737","t":1163499.0,"r":1160944.0,"q":4.93,"p":50.0,"mot":"L","mo":50.0},{"cn":"","ui":"","t":0.0,"r":0.0,"q":0.0,"p":0.0,"mot":"L","mo":0.0}]},{"d":"16.02.2016","r":50.0,"q":4.93,"p":50.0,"s":[{"ui":"4023737","t":1160894.0,"r":1158289.0,"q":4.93,"p":50.0,"mot":"L","mo":50.0},{"cn":"","ui":"","t":0.0,"r":0.0,"q":0.0,"p":0.0,"mot":"L","mo":0.0}]},{"d":"17.02.2016","r":50.0,"q":4.93,"p":50.0,"s":[{"ui":"4023737","t":1158239.0,"r":1155584.0,"q":4.93,"p":50.0,"mot":"L","mo":50.0},{"cn":"","ui":"","t":0.0,"r":0.0,"q":0.0,"p":0.0,"mot":"L","mo":0.0}]},{"d":"18.02.2016","r":50.0,"q":4.93,"p":50.0,"s":[{"ui":"4023737","t":1155539.0,"r":1152839.0,"q":4.93,"p":50.0,"mot":"L","mo":50.0},{"cn":"","ui":"","t":0.0,"r":0.0,"q":0.0,"p":0.0,"mot":"L","mo":0.0}]},{"d":"19.02.2016","r":50.0,"q":4.93,"p":50.0,"s":[{"ui":"4023737","t":1152789.0,"r":1150039.0,"q":4.93,"p":50.0,"mot":"L","mo":50.0},{"cn":"","ui":"","t":0.0,"r":0.0,"q":0.0,"p":0.0,"mot":"L","mo":0.0}]},{"d":"20.02.2016","r":50.0,"q":4.93,"p":50.0,"s":[{"ui":"4023737","t":1150039.0,"r":1147289.0,"q":4.93,"p":50.0,"mot":"L","mo":50.0},{"cn":"","ui":"","t":0.0,"r":0.0,"q":0.0,"p":0.0,"mot":"L","mo":0.0}]},{"d":"21.02.2016","r":50.0,"q":4.93,"p":50.0,"s":[{"ui":"4023737","t":1147289.0,"r":1144539.0,"q":4.93,"p":50.0,"mot":"L","mo":50.0},{"cn":"","ui":"","t":0.0,"r":0.0,"q":0.0,"p":0.0,"mot":"L","mo":0.0}]},{"d":"22.02.2016","r":50.0,"q":4.93,"p":50.0,"s":[{"ui":"4023737","t":1144539.0,"r":1141789.0,"q":4.93,"p":50.0,"mot":"L","mo":50.0},{"cn":"","ui":"","t":0.0,"r":0.0,"q":0.0,"p":0.0,"mot":"L","mo":0.0}]},{"d":"23.02.2016","r":50.0,"q":4.93,"p":50.0,"s":[{"ui":"4023737","t":1141789.0,"r":1139039.0,"q":4.93,"p":50.0,"mot":"L","mo":50.0},{"cn":"","ui":"","t":0.0,"r":0.0,"q":0.0,"p":0.0,"mot":"L","mo":0.0}]},{"d":"24.02.2016","r":50.0,"q":4.93,"p":50.0,"s":[{"ui":"4023737","t":1138839.0,"r":1135739.0,"q":4.93,"p":50.0,"mot":"L","mo":50.0},{"cn":"","ui":"","t":0.0,"r":0.0,"q":0.0,"p":0.0,"mot":"L","mo":0.0}]},{"d":"25.02.2016","r":50.0,"q":4.93,"p":50.0,"s":[{"ui":"4023737","t":1135839.0,"r":1132739.0,"q":4.93,"p":50.0,"mot":"L","mo":50.0},{"cn":"","ui":"","t":0.0,"r":0.0,"q":0.0,"p":0.0,"mot":"L","mo":0.0}]},{"d":"26.02.2016","r":50.0,"q":4.93,"p":50.0,"s":[{"ui":"4023737","t":1132839.0,"r":1129739.0,"q":4.93,"p":50.0,"mot":"L","mo":50.0},{"cn":"","ui":"","t":0.0,"r":0.0,"q":0.0,"p":0.0,"mot":"L","mo":0.0}]},{"d":"27.02.2016","r":50.0,"q":4.93,"p":50.0,"s":[{"ui":"4023737","t":1129789.0,"r":1126639.0,"q":4.93,"p":50.0,"mot":"L","mo":50.0},{"cn":"","ui":"","t":0.0,"r":0.0,"q":0.0,"p":0.0,"mot":"L","mo":0.0}]},{"d":"28.02.2016","r":50.0,"q":4.93,"p":50.0,"s":[{"ui":"4023737","t":1126739.0,"r":1123589.0,"q":4.93,"p":50.0,"mot":"L","mo":50.0},{"cn":"","ui":"","t":0.0,"r":0.0,"q":0.0,"p":0.0,"mot":"L","mo":0.0}]},{"d":"29.02.2016","r":50.0,"q":4.93,"p":50.0,"s":[{"ui":"4023737","t":1123689.0,"r":1120539.0,"q":4.93,"p":50.0,"mot":"L","mo":50.0},{"cn":"","ui":"","t":0.0,"r":0.0,"q":0.0,"p":0.0,"mot":"L","mo":0.0}]},{"d":"01.03.2016","r":50.0,"q":4.93,"p":50.0,"s":[{"ui":"4023737","t":1120639.0,"r":1117489.0,"q":4.93,"p":50.0,"mot":"L","mo":50.0},{"cn":"","ui":"","t":0.0,"r":0.0,"q":0.0,"p":0.0,"mot":"L","mo":0.0}]},{"d":"02.03.2016","r":50.0,"q":4.93,"p":50.0,"s":[{"ui":"4023737","t":1117039.0,"r":1113339.0,"q":4.93,"p":50.0,"mot":"L","mo":50.0},{"cn":"","ui":"","t":0.0,"r":0.0,"q":0.0,"p":0.0,"mot":"L","mo":0.0}]},{"d":"03.03.2016","r":50.0,"q":4.93,"p":50.0,"s":[{"ui":"4023737","t":1113439.0,"r":1109739.0,"q":4.93,"p":50.0,"mot":"L","mo":50.0},{"cn":"","ui":"","t":0.0,"r":0.0,"q":0.0,"p":0.0,"mot":"L","mo":0.0}]},{"d":"04.03.2016","r":50.0,"q":4.93,"p":50.0,"s":[{"ui":"4023737","t":1109939.0,"r":1106339.0,"q":4.93,"p":50.0,"mot":"L","mo":50.0},{"cn":"","ui":"","t":0.0,"r":0.0,"q":0.0,"p":0.0,"mot":"L","mo":0.0}]},{"d":"05.03.2016","r":50.0,"q":4.93,"p":50.0,"s":[{"ui":"4023737","t":1106339.0,"r":1102639.0,"q":4.93,"p":50.0,"mot":"L","mo":50.0},{"cn":"","ui":"","t":0.0,"r":0.0,"q":0.0,"p":0.0,"mot":"L","mo":0.0}]},{"d":"06.03.2016","r":50.0,"q":4.93,"p":50.0,"s":[{"ui":"4023737","t":1102739.0,"r":1099039.0,"q":4.93,"p":50.0,"mot":"L","mo":50.0},{"cn":"","ui":"","t":0.0,"r":0.0,"q":0.0,"p":0.0,"mot":"L","mo":0.0}]},{"d":"07.03.2016","r":50.0,"q":4.93,"p":50.0,"s":[{"ui":"4023737","t":1099189.0,"r":1095539.0,"q":4.93,"p":50.0,"mot":"L","mo":50.0},{"cn":"","ui":"","t":0.0,"r":0.0,"q":0.0,"p":0.0,"mot":"L","mo":0.0}]},{"d":"08.03.2016","r":50.0,"q":4.93,"p":50.0,"s":[{"ui":"4023737","t":1095639.0,"r":1091989.0,"q":4.93,"p":50.0,"mot":"L","mo":50.0},{"cn":"","ui":"","t":0.0,"r":0.0,"q":0.0,"p":0.0,"mot":"L","mo":0.0}]},{"d":"09.03.2016","r":50.0,"q":4.93,"p":50.0,"s":[{"ui":"4023737","t":1092089.0,"r":1088389.0,"q":4.93,"p":50.0,"mot":"L","mo":50.0},{"cn":"","ui":"","t":0.0,"r":0.0,"q":0.0,"p":0.0,"mot":"L","mo":0.0}]},{"d":"10.03.2016","r":50.0,"q":4.93,"p":50.0,"s":[{"ui":"4023737","t":1088539.0,"r":1084889.0,"q":4.93,"p":50.0,"mot":"L","mo":50.0},{"cn":"","ui":"","t":0.0,"r":0.0,"q":0.0,"p":0.0,"mot":"L","mo":0.0}]},{"d":"11.03.2016","r":50.0,"q":4.93,"p":50.0,"s":[{"ui":"4023737","t":1084689.0,"r":1080639.0,"q":4.93,"p":50.0,"mot":"L","mo":50.0},{"cn":"","ui":"","t":0.0,"r":0.0,"q":0.0,"p":0.0,"mot":"L","mo":0.0}]},{"d":"12.03.2016","r":50.0,"q":4.93,"p":50.0,"s":[{"ui":"4023737","t":1080689.0,"r":1076589.0,"q":4.93,"p":50.0,"mot":"L","mo":50.0},{"cn":"","ui":"","t":0.0,"r":0.0,"q":0.0,"p":0.0,"mot":"L","mo":0.0}]},{"d":"13.03.2016","r":50.0,"q":4.93,"p":50.0,"s":[{"ui":"4023737","t":1076689.0,"r":1072589.0,"q":4.93,"p":50.0,"mot":"L","mo":50.0},{"cn":"","ui":"","t":0.0,"r":0.0,"q":0.0,"p":0.0,"mot":"L","mo":0.0}]},{"d":"14.03.2016","r":50.0,"q":4.93,"p":50.0,"s":[{"ui":"4023737","t":1072689.0,"r":1068589.0,"q":4.93,"p":50.0,"mot":"L","mo":50.0},{"cn":"","ui":"","t":0.0,"r":0.0,"q":0.0,"p":0.0,"mot":"L","mo":0.0}]},{"d":"15.03.2016","r":50.0,"q":4.93,"p":50.0,"s":[{"ui":"4023737","t":1068689.0,"r":1064589.0,"q":4.93,"p":50.0,"mot":"L","mo":50.0},{"cn":"","ui":"","t":0.0,"r":0.0,"q":0.0,"p":0.0,"mot":"L","mo":0.0}]},{"d":"16.03.2016","r":50.0,"q":4.93,"p":50.0,"s":[{"ui":"4023737","t":1064689.0,"r":1060539.0,"q":4.93,"p":50.0,"mot":"L","mo":50.0},{"cn":"","ui":"","t":0.0,"r":0.0,"q":0.0,"p":0.0,"mot":"L","mo":0.0}]},{"d":"17.03.2016","r":50.0,"q":4.93,"p":50.0,"s":[{"ui":"4023737","t":1060639.0,"r":1056489.0,"q":4.93,"p":50.0,"mot":"L","mo":50.0},{"cn":"","ui":"","t":0.0,"r":0.0,"q":0.0,"p":0.0,"mot":"L","mo":0.0}]},{"d":"18.03.2016","r":50.0,"q":4.93,"p":50.0,"s":[{"ui":"4023737","t":1056589.0,"r":1052439.0,"q":4.93,"p":50.0,"mot":"L","mo":50.0},{"cn":"","ui":"","t":0.0,"r":0.0,"q":0.0,"p":0.0,"mot":"L","mo":0.0}]},{"d":"19.03.2016","r":50.0,"q":4.93,"p":50.0,"s":[{"ui":"4023737","t":1052539.0,"r":1048389.0,"q":4.93,"p":50.0,"mot":"L","mo":50.0},{"cn":"","ui":"","t":0.0,"r":0.0,"q":0.0,"p":0.0,"mot":"L","mo":0.0}]},{"d":"20.03.2016","r":50.0,"q":4.93,"p":50.0,"s":[{"ui":"4023737","t":1048489.0,"r":1044339.0,"q":4.93,"p":50.0,"mot":"L","mo":50.0},{"cn":"","ui":"","t":0.0,"r":0.0,"q":0.0,"p":0.0,"mot":"L","mo":0.0}]},{"d":"21.03.2016","r":50.0,"q":4.93,"p":50.0,"s":[{"ui":"4023737","t":1044339.0,"r":1040089.0,"q":4.93,"p":50.0,"mot":"L","mo":50.0},{"cn":"","ui":"","t":0.0,"r":0.0,"q":0.0,"p":0.0,"mot":"L","mo":0.0}]},{"d":"22.03.2016","r":50.0,"q":4.93,"p":50.0,"s":[{"ui":"4023737","t":1040189.0,"r":1035939.0,"q":4.93,"p":50.0,"mot":"L","mo":50.0},{"cn":"","ui":"","t":0.0,"r":0.0,"q":0.0,"p":0.0,"mot":"L","mo":0.0}]},{"d":"23.03.2016","r":50.0,"q":4.93,"p":50.0,"s":[{"ui":"4023737","t":1036039.0,"r":1031739.0,"q":4.93,"p":50.0,"mot":"L","mo":50.0},{"cn":"","ui":"","t":0.0,"r":0.0,"q":0.0,"p":0.0,"mot":"L","mo":0.0}]},{"d":"24.03.2016","r":50.0,"q":4.93,"p":50.0,"s":[{"ui":"4023737","t":1031839.0,"r":1027539.0,"q":4.93,"p":50.0,"mot":"L","mo":50.0},{"cn":"","ui":"","t":0.0,"r":0.0,"q":0.0,"p":0.0,"mot":"L","mo":0.0}]},{"d":"25.03.2016","r":50.0,"q":4.93,"p":50.0,"s":[{"ui":"4023737","t":1027639.0,"r":1023339.0,"q":4.93,"p":50.0,"mot":"L","mo":50.0},{"cn":"","ui":"","t":0.0,"r":0.0,"q":0.0,"p":0.0,"mot":"L","mo":0.0}]},{"d":"26.03.2016","r":50.0,"q":4.93,"p":50.0,"s":[{"ui":"4023737","t":1023489.0,"r":1019189.0,"q":4.93,"p":50.0,"mot":"L","mo":50.0},{"cn":"","ui":"","t":0.0,"r":0.0,"q":0.0,"p":0.0,"mot":"L","mo":0.0}]},{"d":"27.03.2016","r":50.0,"q":4.93,"p":50.0,"s":[{"ui":"4023737","t":1019435.0,"r":1015234.0,"q":4.93,"p":50.0,"mot":"L","mo":50.0},{"cn":"","ui":"","t":0.0,"r":0.0,"q":0.0,"p":0.0,"mot":"L","mo":0.0}]},{"d":"28.03.2016","r":50.0,"q":4.93,"p":50.0,"s":[{"ui":"4023737","t":1015331.0,"r":1011080.0,"q":4.93,"p":50.0,"mot":"L","mo":50.0},{"cn":"","ui":"","t":0.0,"r":0.0,"q":0.0,"p":0.0,"mot":"L","mo":0.0}]},{"d":"29.03.2016","r":50.0,"q":4.93,"p":50.0,"s":[{"ui":"4023737","t":1011226.0,"r":1006975.0,"q":4.93,"p":50.0,"mot":"L","mo":50.0},{"cn":"","ui":"","t":0.0,"r":0.0,"q":0.0,"p":0.0,"mot":"L","mo":0.0}]},{"d":"30.03.2016","r":50.0,"q":4.93,"p":50.0,"s":[{"ui":"4023737","t":1007120.0,"r":1002869.0,"q":4.93,"p":50.0,"mot":"L","mo":50.0},{"cn":"","ui":"","t":0.0,"r":0.0,"q":0.0,"p":0.0,"mot":"L","mo":0.0}]},{"d":"31.03.2016","r":50.0,"q":4.93,"p":50.0,"s":[{"ui":"4023737","t":1002766.0,"r":998265.0,"q":4.93,"p":50.0,"mot":"L","mo":50.0},{"cn":"","ui":"","t":0.0,"r":0.0,"q":0.0,"p":0.0,"mot":"L","mo":0.0}]},{"d":"01.04.2016","r":50.0,"q":4.93,"p":50.0,"s":[{"ui":"4023737","t":998364.0,"r":993813.0,"q":4.93,"p":50.0,"mot":"L","mo":50.0},{"cn":"","ui":"","t":0.0,"r":0.0,"q":0.0,"p":0.0,"mot":"L","mo":0.0}]},{"d":"02.04.2016","r":50.0,"q":4.93,"p":50.0,"s":[{"ui":"4023737","t":993863.0,"r":989262.0,"q":4.93,"p":50.0,"mot":"L","mo":50.0},{"cn":"","ui":"","t":0.0,"r":0.0,"q":0.0,"p":0.0,"mot":"L","mo":0.0}]},{"d":"03.04.2016","r":50.0,"q":4.93,"p":50.0,"s":[{"ui":"4023737","t":989312.0,"r":984661.0,"q":4.93,"p":50.0,"mot":"L","mo":50.0},{"cn":"","ui":"","t":0.0,"r":0.0,"q":0.0,"p":0.0,"mot":"L","mo":0.0}]},{"d":"04.04.2016","r":50.0,"q":4.93,"p":50.0,"s":[{"ui":"4023737","t":984761.0,"r":980110.0,"q":4.93,"p":50.0,"mot":"L","mo":50.0},{"cn":"","ui":"","t":0.0,"r":0.0,"q":0.0,"p":0.0,"mot":"L","mo":0.0}]},{"d":"05.04.2016","r":50.0,"q":4.93,"p":50.0,"s":[{"ui":"4023737","t":980310.0,"r":975759.0,"q":4.93,"p":50.0,"mot":"L","mo":50.0},{"cn":"","ui":"","t":0.0,"r":0.0,"q":0.0,"p":0.0,"mot":"L","mo":0.0}]},{"d":"06.04.2016","r":50.0,"q":4.93,"p":50.0,"s":[{"ui":"4023737","t":975760.0,"r":971110.0,"q":4.93,"p":50.0,"mot":"L","mo":50.0},{"cn":"","ui":"","t":0.0,"r":0.0,"q":0.0,"p":0.0,"mot":"L","mo":0.0}]},{"d":"07.04.2016","r":50.0,"q":4.93,"p":50.0,"s":[{"ui":"4023737","t":971060.0,"r":966260.0,"q":4.93,"p":50.0,"mot":"L","mo":50.0},{"cn":"","ui":"","t":0.0,"r":0.0,"q":0.0,"p":0.0,"mot":"L","mo":0.0}]},{"d":"08.04.2016","r":50.0,"q":4.93,"p":50.0,"s":[{"ui":"4023737","t":966410.0,"r":961660.0,"q":4.93,"p":50.0,"mot":"L","mo":50.0},{"cn":"","ui":"","t":0.0,"r":0.0,"q":0.0,"p":0.0,"mot":"L","mo":0.0}]},{"d":"11.04.2016","r":50.0,"q":4.93,"p":50.0,"s":[{"ui":"4023737","t":952258.0,"r":947357.0,"q":4.93,"p":50.0,"mot":"L","mo":50.0},{"cn":"","ui":"","t":0.0,"r":0.0,"q":0.0,"p":0.0,"mot":"L","mo":0.0}]},{"d":"12.04.2016","r":50.0,"q":4.93,"p":50.0,"s":[{"ui":"4023737","t":947457.0,"r":942556.0,"q":4.93,"p":50.0,"mot":"L","mo":50.0},{"cn":"","ui":"","t":0.0,"r":0.0,"q":0.0,"p":0.0,"mot":"L","mo":0.0}]},{"d":"13.04.2016","r":50.0,"q":4.93,"p":50.0,"s":[{"ui":"4023737","t":942556.0,"r":937555.0,"q":4.93,"p":50.0,"mot":"L","mo":50.0},{"cn":"","ui":"","t":0.0,"r":0.0,"q":0.0,"p":0.0,"mot":"L","mo":0.0}]},{"d":"14.04.2016","r":50.0,"q":4.93,"p":50.0,"s":[{"ui":"4023737","t":937656.0,"r":932656.0,"q":4.93,"p":50.0,"mot":"L","mo":50.0},{"cn":"","ui":"","t":0.0,"r":0.0,"q":0.0,"p":0.0,"mot":"L","mo":0.0}]},{"d":"15.04.2016","r":50.0,"q":4.93,"p":50.0,"s":[{"ui":"4023737","t":932756.0,"r":927756.0,"q":4.93,"p":50.0,"mot":"L","mo":50.0},{"cn":"","ui":"","t":0.0,"r":0.0,"q":0.0,"p":0.0,"mot":"L","mo":0.0}]},{"d":"16.04.2016","r":50.0,"q":4.93,"p":50.0,"s":[{"ui":"4023737","t":927856.0,"r":922856.0,"q":4.93,"p":50.0,"mot":"L","mo":50.0},{"cn":"","ui":"","t":0.0,"r":0.0,"q":0.0,"p":0.0,"mot":"L","mo":0.0}]},{"d":"17.04.2016","r":50.0,"q":4.93,"p":50.0,"s":[{"ui":"4023737","t":922306.0,"r":916706.0,"q":4.93,"p":50.0,"mot":"L","mo":50.0},{"cn":"","ui":"","t":0.0,"r":0.0,"q":0.0,"p":0.0,"mot":"L","mo":0.0}]},{"d":"18.04.2016","r":50.0,"q":4.93,"p":50.0,"s":[{"ui":"4023737","t":916806.0,"r":911206.0,"q":4.93,"p":50.0,"mot":"L","mo":50.0},{"cn":"","ui":"","t":0.0,"r":0.0,"q":0.0,"p":0.0,"mot":"L","mo":0.0}]},{"d":"19.04.2016","r":50.0,"q":4.93,"p":50.0,"s":[{"ui":"4023737","t":911306.0,"r":905656.0,"q":4.93,"p":50.0,"mot":"L","mo":50.0},{"cn":"","ui":"","t":0.0,"r":0.0,"q":0.0,"p":0.0,"mot":"L","mo":0.0}]},{"d":"20.04.2016","r":195.0,"q":4.87,"p":120.0,"s":[{"ui":"4058719","t":2000.0,"r":875.0,"q":4.67,"p":20.0,"mot":"L","mo":45.0},{"ui":"4023737","t":905756.0,"r":904356.0,"q":4.93,"p":150.0,"mot":"L","mo":150.0},{"cn":"","ui":"","t":0.0,"r":0.0,"q":0.0,"p":0.0,"mot":"L","mo":0.0}]},{"d":"21.04.2016","r":150.0,"q":4.93,"p":150.0,"s":[{"ui":"4023737","t":895256.0,"r":884506.0,"q":4.93,"p":150.0,"mot":"L","mo":150.0},{"cn":"","ui":"","t":0.0,"r":0.0,"q":0.0,"p":0.0,"mot":"L","mo":0.0}]},{"d":"22.04.2016","r":150.0,"q":4.93,"p":150.0,"s":[{"ui":"4023737","t":884156.0,"r":872956.0,"q":4.93,"p":150.0,"mot":"L","mo":150.0},{"cn":"","ui":"","t":0.0,"r":0.0,"q":0.0,"p":0.0,"mot":"L","mo":0.0}]},{"d":"23.04.2016","r":150.0,"q":4.93,"p":150.0,"s":[{"ui":"4023737","t":873056.0,"r":861856.0,"q":4.93,"p":150.0,"mot":"L","mo":150.0},{"cn":"","ui":"","t":0.0,"r":0.0,"q":0.0,"p":0.0,"mot":"L","mo":0.0}]},{"d":"24.04.2016","r":150.0,"q":4.93,"p":150.0,"s":[{"ui":"4023737","t":861956.0,"r":850756.0,"q":4.93,"p":150.0,"mot":"L","mo":150.0},{"cn":"","ui":"","t":0.0,"r":0.0,"q":0.0,"p":0.0,"mot":"L","mo":0.0}]},{"d":"25.04.2016","r":150.0,"q":4.93,"p":150.0,"s":[{"ui":"4023737","t":850856.0,"r":839656.0,"q":4.93,"p":150.0,"mot":"L","mo":150.0},{"cn":"","ui":"","t":0.0,"r":0.0,"q":0.0,"p":0.0,"mot":"L","mo":0.0}]},{"d":"26.04.2016","r":10150.0,"q":8.86,"p":61.33,"s":[{"ui":"4148331","t":2741336.0,"r":2521336.0,"q":8.92,"p":60.0,"mot":"L","mo":10000.0},{"cn":"","ui":"","t":839756.0,"r":150.0,"q":4.93,"p":150.0,"mot":"L","mo":150.0}]},{"d":"27.04.2016","r":10150.0,"q":8.86,"p":61.33,"s":[{"ui":"4148331","t":3178610.0,"r":2232120.0,"q":8.92,"p":60.0,"mot":"L","mo":10000.0},{"cn":"","ui":"","t":828056.0,"r":150.0,"q":4.93,"p":150.0,"mot":"L","mo":150.0}]},{"d":"28.04.2016","r":150.0,"q":4.93,"p":150.0,"s":[{"ui":"4023737","t":816356.0,"r":804556.0,"q":4.93,"p":150.0,"mot":"L","mo":150.0},{"cn":"","ui":"","t":0.0,"r":0.0,"q":0.0,"p":0.0,"mot":"L","mo":0.0}]},{"d":"29.04.2016","r":150.0,"q":4.93,"p":150.0,"s":[{"ui":"4023737","t":804656.0,"r":792856.0,"q":4.93,"p":150.0,"mot":"L","mo":150.0},{"cn":"","ui":"","t":0.0,"r":0.0,"q":0.0,"p":0.0,"mot":"L","mo":0.0}]},{"d":"30.04.2016","r":150.0,"q":4.93,"p":150.0,"s":[{"ui":"4023737","t":788406.0,"r":772056.0,"q":4.93,"p":150.0,"mot":"L","mo":150.0},{"cn":"","ui":"","t":0.0,"r":0.0,"q":0.0,"p":0.0,"mot":"L","mo":0.0}]},{"d":"01.05.2016","r":10150.0,"q":10.61,"p":361.82,"s":[{"ui":"4150809","t":500000.0,"r":280000.0,"q":10.7,"p":365.0,"mot":"L","mo":10000.0},{"cn":"","ui":"","t":772156.0,"r":150.0,"q":4.93,"p":150.0,"mot":"L","mo":150.0}]},{"d":"03.05.2016","r":150.0,"q":4.93,"p":150.0,"s":[{"ui":"4023737","t":739556.0,"r":723106.0,"q":4.93,"p":150.0,"mot":"L","mo":150.0},{"cn":"","ui":"","t":0.0,"r":0.0,"q":0.0,"p":0.0,"mot":"L","mo":0.0}]},{"d":"04.05.2016","r":150.0,"q":4.93,"p":150.0,"s":[{"ui":"4023737","t":723056.0,"r":706456.0,"q":4.93,"p":150.0,"mot":"L","mo":150.0},{"cn":"","ui":"","t":0.0,"r":0.0,"q":0.0,"p":0.0,"mot":"L","mo":0.0}]},{"d":"05.05.2016","r":150.0,"q":4.93,"p":150.0,"s":[{"ui":"4023737","t":706556.0,"r":689956.0,"q":4.93,"p":150.0,"mot":"L","mo":150.0},{"cn":"","ui":"","t":0.0,"r":0.0,"q":0.0,"p":0.0,"mot":"L","mo":0.0}]},{"d":"06.05.2016","r":150.0,"q":4.93,"p":150.0,"s":[{"ui":"4023737","t":690056.0,"r":673506.0,"q":4.93,"p":150.0,"mot":"L","mo":150.0},{"cn":"","ui":"","t":0.0,"r":0.0,"q":0.0,"p":0.0,"mot":"L","mo":0.0}]},{"d":"07.05.2016","r":150.0,"q":4.93,"p":150.0,"s":[{"ui":"4023737","t":673606.0,"r":657056.0,"q":4.93,"p":150.0,"mot":"L","mo":150.0},{"cn":"","ui":"","t":0.0,"r":0.0,"q":0.0,"p":0.0,"mot":"L","mo":0.0}]},{"d":"08.05.2016","r":150.0,"q":4.93,"p":150.0,"s":[{"ui":"4023737","t":657156.0,"r":640606.0,"q":4.93,"p":150.0,"mot":"L","mo":150.0},{"cn":"","ui":"","t":0.0,"r":0.0,"q":0.0,"p":0.0,"mot":"L","mo":0.0}]},{"d":"09.05.2016","r":150.0,"q":4.93,"p":150.0,"s":[{"ui":"4023737","t":640556.0,"r":623856.0,"q":4.93,"p":150.0,"mot":"L","mo":150.0},{"cn":"","ui":"","t":0.0,"r":0.0,"q":0.0,"p":0.0,"mot":"L","mo":0.0}]},{"d":"10.05.2016","r":150.0,"q":4.93,"p":150.0,"s":[{"ui":"4023737","t":623956.0,"r":607106.0,"q":4.93,"p":150.0,"mot":"L","mo":150.0},{"cn":"","ui":"","t":0.0,"r":0.0,"q":0.0,"p":0.0,"mot":"L","mo":0.0}]},{"d":"11.05.2016","r":150.0,"q":4.93,"p":150.0,"s":[{"ui":"4023737","t":607206.0,"r":590356.0,"q":4.93,"p":150.0,"mot":"L","mo":150.0},{"cn":"","ui":"","t":0.0,"r":0.0,"q":0.0,"p":0.0,"mot":"L","mo":0.0}]},{"d":"12.05.2016","r":150.0,"q":4.93,"p":150.0,"s":[{"ui":"4023737","t":590456.0,"r":573606.0,"q":4.93,"p":150.0,"mot":"L","mo":150.0},{"cn":"","ui":"","t":0.0,"r":0.0,"q":0.0,"p":0.0,"mot":"L","mo":0.0}]},{"d":"13.05.2016","r":150.0,"q":4.93,"p":150.0,"s":[{"ui":"4023737","t":573706.0,"r":556856.0,"q":4.93,"p":150.0,"mot":"L","mo":150.0},{"cn":"","ui":"","t":0.0,"r":0.0,"q":0.0,"p":0.0,"mot":"L","mo":0.0}]},{"d":"14.05.2016","r":150.0,"q":4.93,"p":150.0,"s":[{"ui":"4023737","t":556956.0,"r":540106.0,"q":4.93,"p":150.0,"mot":"L","mo":150.0},{"cn":"","ui":"","t":0.0,"r":0.0,"q":0.0,"p":0.0,"mot":"L","mo":0.0}]},{"d":"15.05.2016","r":150.0,"q":4.93,"p":150.0,"s":[{"ui":"4023737","t":540206.0,"r":523356.0,"q":4.93,"p":150.0,"mot":"L","mo":150.0},{"cn":"","ui":"","t":0.0,"r":0.0,"q":0.0,"p":0.0,"mot":"L","mo":0.0}]},{"d":"16.05.2016","r":150.0,"q":4.93,"p":150.0,"s":[{"ui":"4023737","t":523306.0,"r":506306.0,"q":4.93,"p":150.0,"mot":"L","mo":150.0},{"cn":"","ui":"","t":0.0,"r":0.0,"q":0.0,"p":0.0,"mot":"L","mo":0.0}]},{"d":"17.05.2016","r":150.0,"q":4.93,"p":150.0,"s":[{"ui":"4023737","t":506406.0,"r":489406.0,"q":4.93,"p":150.0,"mot":"L","mo":150.0},{"cn":"","ui":"","t":0.0,"r":0.0,"q":0.0,"p":0.0,"mot":"L","mo":0.0}]},{"d":"18.05.2016","r":150.0,"q":4.93,"p":150.0,"s":[{"ui":"4023737","t":489506.0,"r":472506.0,"q":4.93,"p":150.0,"mot":"L","mo":150.0},{"cn":"","ui":"","t":0.0,"r":0.0,"q":0.0,"p":0.0,"mot":"L","mo":0.0}]},{"d":"19.05.2016","r":150.0,"q":4.93,"p":150.0,"s":[{"ui":"4023737","t":472606.0,"r":455606.0,"q":4.93,"p":150.0,"mot":"L","mo":150.0},{"cn":"","ui":"","t":0.0,"r":0.0,"q":0.0,"p":0.0,"mot":"L","mo":0.0}]},{"d":"20.05.2016","r":150.0,"q":4.93,"p":150.0,"s":[{"ui":"4023737","t":455706.0,"r":438256.0,"q":4.93,"p":150.0,"mot":"L","mo":150.0},{"cn":"","ui":"","t":0.0,"r":0.0,"q":0.0,"p":0.0,"mot":"L","mo":0.0}]},{"d":"21.05.2016","r":150.0,"q":4.93,"p":150.0,"s":[{"ui":"4023737","t":438356.0,"r":420906.0,"q":4.93,"p":150.0,"mot":"L","mo":150.0},{"cn":"","ui":"","t":0.0,"r":0.0,"q":0.0,"p":0.0,"mot":"L","mo":0.0}]},{"d":"22.05.2016","r":150.0,"q":4.93,"p":150.0,"s":[{"ui":"4023737","t":421006.0,"r":402956.0,"q":4.93,"p":150.0,"mot":"L","mo":150.0},{"cn":"","ui":"","t":0.0,"r":0.0,"q":0.0,"p":0.0,"mot":"L","mo":0.0}]},{"d":"23.05.2016","r":150.0,"q":4.93,"p":150.0,"s":[{"ui":"4023737","t":403056.0,"r":385006.0,"q":4.93,"p":150.0,"mot":"L","mo":150.0},{"cn":"","ui":"","t":0.0,"r":0.0,"q":0.0,"p":0.0,"mot":"L","mo":0.0}]},{"d":"24.05.2016","r":150.0,"q":4.93,"p":150.0,"s":[{"ui":"4023737","t":385106.0,"r":367056.0,"q":4.93,"p":150.0,"mot":"L","mo":150.0},{"cn":"","ui":"","t":0.0,"r":0.0,"q":0.0,"p":0.0,"mot":"L","mo":0.0}]},{"d":"25.05.2016","r":150.0,"q":4.93,"p":150.0,"s":[{"ui":"4023737","t":367156.0,"r":349106.0,"q":4.93,"p":150.0,"mot":"L","mo":150.0},{"cn":"","ui":"","t":0.0,"r":0.0,"q":0.0,"p":0.0,"mot":"L","mo":0.0}]},{"d":"26.05.2016","r":150.0,"q":4.93,"p":150.0,"s":[{"ui":"4023737","t":349206.0,"r":331156.0,"q":4.93,"p":150.0,"mot":"L","mo":150.0},{"cn":"","ui":"","t":0.0,"r":0.0,"q":0.0,"p":0.0,"mot":"L","mo":0.0}]},{"d":"27.05.2016","r":150.0,"q":4.93,"p":150.0,"s":[{"ui":"4023737","t":331256.0,"r":313206.0,"q":4.93,"p":150.0,"mot":"L","mo":150.0},{"cn":"","ui":"","t":0.0,"r":0.0,"q":0.0,"p":0.0,"mot":"L","mo":0.0}]},{"d":"28.05.2016","r":150.0,"q":4.93,"p":150.0,"s":[{"ui":"4023737","t":313156.0,"r":294956.0,"q":4.93,"p":150.0,"mot":"L","mo":150.0},{"cn":"","ui":"","t":0.0,"r":0.0,"q":0.0,"p":0.0,"mot":"L","mo":0.0}]},{"d":"29.05.2016","r":150.0,"q":4.93,"p":150.0,"s":[{"ui":"4023737","t":295056.0,"r":276856.0,"q":4.93,"p":150.0,"mot":"L","mo":150.0},{"cn":"","ui":"","t":0.0,"r":0.0,"q":0.0,"p":0.0,"mot":"L","mo":0.0}]},{"d":"31.05.2016","r":150.0,"q":4.93,"p":150.0,"s":[{"ui":"4023737","t":258856.0,"r":240656.0,"q":4.93,"p":150.0,"mot":"L","mo":150.0},{"cn":"","ui":"","t":0.0,"r":0.0,"q":0.0,"p":0.0,"mot":"L","mo":0.0}]},{"d":"01.06.2016","r":150.0,"q":4.93,"p":150.0,"s":[{"ui":"4023737","t":240756.0,"r":222556.0,"q":4.93,"p":150.0,"mot":"L","mo":150.0},{"cn":"","ui":"","t":0.0,"r":0.0,"q":0.0,"p":0.0,"mot":"L","mo":0.0}]},{"d":"02.06.2016","r":150.0,"q":4.93,"p":150.0,"s":[{"ui":"4023737","t":222656.0,"r":204456.0,"q":4.93,"p":150.0,"mot":"L","mo":150.0},{"cn":"","ui":"","t":0.0,"r":0.0,"q":0.0,"p":0.0,"mot":"L","mo":0.0}]},{"d":"03.06.2016","r":150.0,"q":4.93,"p":150.0,"s":[{"ui":"4023737","t":204556.0,"r":186356.0,"q":4.93,"p":150.0,"mot":"L","mo":150.0},{"cn":"","ui":"","t":0.0,"r":0.0,"q":0.0,"p":0.0,"mot":"L","mo":0.0}]},{"d":"04.06.2016","r":150.0,"q":4.93,"p":150.0,"s":[{"ui":"4023737","t":186456.0,"r":168256.0,"q":4.93,"p":150.0,"mot":"L","mo":150.0},{"cn":"","ui":"","t":0.0,"r":0.0,"q":0.0,"p":0.0,"mot":"L","mo":0.0}]},{"d":"05.06.2016","r":150.0,"q":4.93,"p":150.0,"s":[{"ui":"4023737","t":168206.0,"r":149706.0,"q":4.93,"p":150.0,"mot":"L","mo":150.0},{"cn":"","ui":"","t":0.0,"r":0.0,"q":0.0,"p":0.0,"mot":"L","mo":0.0}]},{"d":"06.06.2016","r":150.0,"q":4.93,"p":150.0,"s":[{"ui":"4023737","t":149806.0,"r":131306.0,"q":4.93,"p":150.0,"mot":"L","mo":150.0},{"cn":"","ui":"","t":0.0,"r":0.0,"q":0.0,"p":0.0,"mot":"L","mo":0.0}]},{"d":"07.06.2016","r":150.0,"q":4.93,"p":150.0,"s":[{"ui":"4023737","t":131406.0,"r":112906.0,"q":4.93,"p":150.0,"mot":"L","mo":150.0},{"cn":"","ui":"","t":0.0,"r":0.0,"q":0.0,"p":0.0,"mot":"L","mo":0.0}]},{"d":"08.06.2016","r":150.0,"q":4.93,"p":150.0,"s":[{"ui":"4023737","t":113006.0,"r":94506.0,"q":4.93,"p":150.0,"mot":"L","mo":150.0},{"cn":"","ui":"","t":0.0,"r":0.0,"q":0.0,"p":0.0,"mot":"L","mo":0.0}]},{"d":"09.06.2016","r":150.0,"q":4.93,"p":150.0,"s":[{"ui":"4023737","t":94606.0,"r":76106.0,"q":4.93,"p":150.0,"mot":"L","mo":150.0},{"cn":"","ui":"","t":0.0,"r":0.0,"q":0.0,"p":0.0,"mot":"L","mo":0.0}]},{"d":"10.06.2016","r":150.0,"q":4.93,"p":150.0,"s":[{"ui":"4023737","t":76206.0,"r":57706.0,"q":4.93,"p":150.0,"mot":"L","mo":150.0},{"cn":"","ui":"","t":0.0,"r":0.0,"q":0.0,"p":0.0,"mot":"L","mo":0.0}]},{"d":"11.06.2016","r":150.0,"q":4.93,"p":150.0,"s":[{"ui":"4023737","t":57656.0,"r":38856.0,"q":4.93,"p":150.0,"mot":"L","mo":150.0},{"cn":"","ui":"","t":0.0,"r":0.0,"q":0.0,"p":0.0,"mot":"L","mo":0.0}]},{"d":"12.06.2016","r":150.0,"q":4.93,"p":150.0,"s":[{"ui":"4023737","t":38956.0,"r":20156.0,"q":4.93,"p":150.0,"mot":"L","mo":150.0},{"cn":"","ui":"","t":0.0,"r":0.0,"q":0.0,"p":0.0,"mot":"L","mo":0.0}]},{"d":"13.06.2016","r":150.0,"q":4.93,"p":150.0,"s":[{"ui":"4023737","t":20256.0,"r":1456.0,"q":4.93,"p":150.0,"mot":"L","mo":150.0},{"cn":"","ui":"","t":0.0,"r":0.0,"q":0.0,"p":0.0,"mot":"L","mo":0.0}]},{"d":"24.06.2016","r":45.0,"q":4.92,"p":20.0,"s":[{"ui":"4058719","t":2765.0,"r":1530.0,"q":4.92,"p":20.0,"mot":"L","mo":45.0},{"cn":"","ui":"","t":0.0,"r":0.0,"q":0.0,"p":0.0,"mot":"L","mo":0.0}]},{"d":"25.06.2016","r":45.0,"q":4.92,"p":20.0,"s":[{"ui":"4058719","t":3485.0,"r":2205.0,"q":4.92,"p":20.0,"mot":"L","mo":45.0},{"cn":"","ui":"","t":0.0,"r":0.0,"q":0.0,"p":0.0,"mot":"L","mo":0.0}]},{"d":"26.06.2016","r":45.0,"q":4.92,"p":20.0,"s":[{"ui":"4058719","t":4160.0,"r":2835.0,"q":4.92,"p":20.0,"mot":"L","mo":45.0},{"cn":"","ui":"","t":0.0,"r":0.0,"q":0.0,"p":0.0,"mot":"L","mo":0.0}]},{"d":"27.06.2016","r":45.0,"q":4.92,"p":20.0,"s":[{"ui":"4058719","t":4700.0,"r":3240.0,"q":4.92,"p":20.0,"mot":"L","mo":45.0},{"cn":"","ui":"","t":0.0,"r":0.0,"q":0.0,"p":0.0,"mot":"L","mo":0.0}]},{"d":"28.06.2016","r":45.0,"q":4.92,"p":20.0,"s":[{"ui":"4058719","t":5240.0,"r":3780.0,"q":4.92,"p":20.0,"mot":"L","mo":45.0},{"cn":"","ui":"","t":0.0,"r":0.0,"q":0.0,"p":0.0,"mot":"L","mo":0.0}]},{"d":"29.06.2016","r":45.0,"q":4.92,"p":20.0,"s":[{"ui":"4058719","t":5690.0,"r":4140.0,"q":4.92,"p":20.0,"mot":"L","mo":45.0},{"cn":"","ui":"","t":0.0,"r":0.0,"q":0.0,"p":0.0,"mot":"L","mo":0.0}]},{"d":"30.06.2016","r":45.0,"q":4.92,"p":20.0,"s":[{"ui":"4058719","t":6140.0,"r":4545.0,"q":4.92,"p":20.0,"mot":"L","mo":45.0},{"cn":"","ui":"","t":0.0,"r":0.0,"q":0.0,"p":0.0,"mot":"L","mo":0.0}]},{"d":"01.07.2016","r":45.0,"q":4.92,"p":20.0,"s":[{"ui":"4058719","t":6545.0,"r":4950.0,"q":4.92,"p":20.0,"mot":"L","mo":45.0},{"cn":"","ui":"","t":0.0,"r":0.0,"q":0.0,"p":0.0,"mot":"L","mo":0.0}]},{"d":"02.07.2016","r":45.0,"q":4.92,"p":20.0,"s":[{"ui":"4058719","t":6950.0,"r":5355.0,"q":4.92,"p":20.0,"mot":"L","mo":45.0},{"cn":"","ui":"","t":0.0,"r":0.0,"q":0.0,"p":0.0,"mot":"L","mo":0.0}]},{"d":"03.07.2016","r":45.0,"q":4.92,"p":20.0,"s":[{"ui":"4058719","t":7355.0,"r":5760.0,"q":4.92,"p":20.0,"mot":"L","mo":45.0},{"cn":"","ui":"","t":0.0,"r":0.0,"q":0.0,"p":0.0,"mot":"L","mo":0.0}]},{"d":"04.07.2016","r":45.0,"q":4.92,"p":20.0,"s":[{"ui":"4058719","t":7760.0,"r":6120.0,"q":4.92,"p":20.0,"mot":"L","mo":45.0},{"cn":"","ui":"","t":0.0,"r":0.0,"q":0.0,"p":0.0,"mot":"L","mo":0.0}]},{"d":"05.07.2016","r":45.0,"q":4.91,"p":20.0,"s":[{"ui":"4058719","t":8120.0,"r":6480.0,"q":4.91,"p":20.0,"mot":"L","mo":45.0},{"cn":"","ui":"","t":0.0,"r":0.0,"q":0.0,"p":0.0,"mot":"L","mo":0.0}]},{"d":"06.07.2016","r":45.0,"q":4.91,"p":20.0,"s":[{"ui":"4058719","t":8525.0,"r":6930.0,"q":4.91,"p":20.0,"mot":"L","mo":45.0},{"cn":"","ui":"","t":0.0,"r":0.0,"q":0.0,"p":0.0,"mot":"L","mo":0.0}]},{"d":"07.07.2016","r":45.0,"q":4.91,"p":20.0,"s":[{"ui":"4058719","t":6885.0,"r":5245.0,"q":4.91,"p":20.0,"mot":"L","mo":45.0},{"cn":"","ui":"","t":0.0,"r":0.0,"q":0.0,"p":0.0,"mot":"L","mo":0.0}]},{"d":"08.07.2016","r":45.0,"q":4.91,"p":20.0,"s":[{"ui":"4058719","t":5245.0,"r":3605.0,"q":4.91,"p":20.0,"mot":"L","mo":45.0},{"cn":"","ui":"","t":0.0,"r":0.0,"q":0.0,"p":0.0,"mot":"L","mo":0.0}]},{"d":"09.07.2016","r":45.0,"q":4.91,"p":20.0,"s":[{"ui":"4058719","t":3560.0,"r":1875.0,"q":4.91,"p":20.0,"mot":"L","mo":45.0},{"cn":"","ui":"","t":0.0,"r":0.0,"q":0.0,"p":0.0,"mot":"L","mo":0.0}]},{"d":"10.07.2016","r":45.0,"q":4.91,"p":20.0,"s":[{"ui":"4058719","t":1830.0,"r":100.0,"q":4.91,"p":20.0,"mot":"L","mo":45.0},{"cn":"","ui":"","t":0.0,"r":0.0,"q":0.0,"p":0.0,"mot":"L","mo":0.0}]},{"d":"23.09.2016","r":919255.0,"q":11.41,"p":345.0,"s":[{"ui":"3520248","t":919255.0,"r":919255.0,"q":11.41,"p":345.0,"mot":"U","mo":919255.0},{"cn":"","ui":"","t":0.0,"r":0.0,"q":0.0,"p":0.0,"mot":"L","mo":0.0}]},{"d":"12.12.2016","r":2500.0,"q":4.62,"p":160.0,"s":[{"ui":"4019893","t":7046564.0,"r":7045464.0,"q":4.66,"p":160.0,"mot":"L","mo":1000.0},{"ui":"4023737","t":519350.0,"r":518098.0,"q":4.59,"p":160.0,"mot":"L","mo":1500.0},{"cn":"","ui":"","t":0.0,"r":0.0,"q":0.0,"p":0.0,"mot":"L","mo":0.0}]},{"d":"13.12.2016","r":37500.0,"q":6.71,"p":888.0,"s":[{"ui":"4203892","t":300001.0,"r":300001.0,"q":6.86,"p":940.0,"mot":"L","mo":35000.0},{"cn":"","ui":"","t":7562162.0,"r":2500.0,"q":4.62,"p":160.0,"mot":"L","mo":2500.0}]},{"d":"14.12.2016","r":37500.0,"q":6.71,"p":888.0,"s":[{"ui":"4203892","t":600001.0,"r":600001.0,"q":6.86,"p":940.0,"mot":"L","mo":35000.0},{"cn":"","ui":"","t":7558410.0,"r":2500.0,"q":4.62,"p":160.0,"mot":"L","mo":2500.0}]},{"d":"15.12.2016","r":37500.0,"q":6.71,"p":888.0,"s":[{"ui":"4203892","t":899801.0,"r":899601.0,"q":6.86,"p":940.0,"mot":"L","mo":35000.0},{"cn":"","ui":"","t":7554658.0,"r":2500.0,"q":4.62,"p":160.0,"mot":"L","mo":2500.0}]},{"d":"16.12.2016","r":37500.0,"q":6.71,"p":888.0,"s":[{"ui":"4203892","t":1199601.0,"r":1199401.0,"q":6.86,"p":940.0,"mot":"L","mo":35000.0},{"cn":"","ui":"","t":7549704.0,"r":2500.0,"q":4.62,"p":160.0,"mot":"L","mo":2500.0}]},{"d":"17.12.2016","r":37500.0,"q":6.71,"p":888.0,"s":[{"ui":"4203892","t":1499601.0,"r":1499601.0,"q":6.86,"p":940.0,"mot":"L","mo":35000.0},{"cn":"","ui":"","t":7529750.0,"r":2500.0,"q":4.62,"p":160.0,"mot":"L","mo":2500.0}]},{"d":"18.12.2016","r":41500.0,"q":7.13,"p":873.73,"s":[{"ui":"4203892","t":1799601.0,"r":1799601.0,"q":6.86,"p":940.0,"mot":"L","mo":35000.0},{"ui":"4150809","t":20000.0,"r":4000.0,"q":11.08,"p":740.0,"mot":"U","mo":4000.0},{"cn":"","ui":"","t":7509500.0,"r":2500.0,"q":4.62,"p":160.0,"mot":"L","mo":2500.0}]},{"d":"19.12.2016","r":45500.0,"q":7.48,"p":861.98,"s":[{"ui":"4203892","t":2099601.0,"r":2099601.0,"q":6.86,"p":940.0,"mot":"L","mo":35000.0},{"ui":"4150809","t":24000.0,"r":8000.0,"q":11.08,"p":740.0,"mot":"U","mo":8000.0},{"cn":"","ui":"","t":7486826.0,"r":2500.0,"q":4.62,"p":160.0,"mot":"L","mo":2500.0}]},{"d":"20.12.2016","r":49500.0,"q":7.77,"p":852.12,"s":[{"ui":"4203892","t":2399601.0,"r":2399601.0,"q":6.86,"p":940.0,"mot":"L","mo":35000.0},{"ui":"4150809","t":28000.0,"r":12000.0,"q":11.08,"p":740.0,"mot":"U","mo":12000.0},{"cn":"","ui":"","t":7464152.0,"r":2500.0,"q":4.62,"p":160.0,"mot":"L","mo":2500.0}]},{"d":"21.12.2016","r":53500.0,"q":8.02,"p":843.74,"s":[{"ui":"4203892","t":2699601.0,"r":2699601.0,"q":6.86,"p":940.0,"mot":"L","mo":35000.0},{"ui":"4150809","t":32000.0,"r":16000.0,"q":11.08,"p":740.0,"mot":"U","mo":16000.0},{"cn":"","ui":"","t":7441478.0,"r":2500.0,"q":4.62,"p":160.0,"mot":"L","mo":2500.0}]},{"d":"22.12.2016","r":50500.0,"q":7.84,"p":849.9,"s":[{"ui":"4203892","t":2999601.0,"r":2999601.0,"q":6.86,"p":940.0,"mot":"L","mo":35000.0},{"ui":"4150809","t":32500.0,"r":13000.0,"q":11.08,"p":740.0,"mot":"U","mo":13000.0},{"cn":"","ui":"","t":7418804.0,"r":2500.0,"q":4.62,"p":160.0,"mot":"L","mo":2500.0}]},{"d":"23.12.2016","r":51000.0,"q":7.87,"p":848.82,"s":[{"ui":"4203892","t":3299601.0,"r":3299601.0,"q":6.86,"p":940.0,"mot":"L","mo":35000.0},{"ui":"4150809","t":33000.0,"r":13500.0,"q":11.08,"p":740.0,"mot":"U","mo":13500.0},{"cn":"","ui":"","t":7391282.0,"r":2500.0,"q":4.62,"p":160.0,"mot":"L","mo":2500.0}]},{"d":"24.12.2016","r":56500.0,"q":8.18,"p":838.23,"s":[{"ui":"4203892","t":3599601.0,"r":3599601.0,"q":6.86,"p":940.0,"mot":"L","mo":35000.0},{"ui":"4150809","t":36000.0,"r":19000.0,"q":11.08,"p":740.0,"mot":"U","mo":19000.0},{"cn":"","ui":"","t":7361260.0,"r":2500.0,"q":4.62,"p":160.0,"mot":"L","mo":2500.0}]},{"d":"25.12.2016","r":59500.0,"q":8.33,"p":833.28,"s":[{"ui":"4203892","t":3899601.0,"r":3899601.0,"q":6.86,"p":940.0,"mot":"L","mo":35000.0},{"ui":"4150809","t":39000.0,"r":22000.0,"q":11.08,"p":740.0,"mot":"U","mo":22000.0},{"cn":"","ui":"","t":7331238.0,"r":2500.0,"q":4.62,"p":160.0,"mot":"L","mo":2500.0}]},{"d":"26.12.2016","r":62500.0,"q":8.46,"p":828.8,"s":[{"ui":"4203892","t":4199601.0,"r":4199601.0,"q":6.86,"p":940.0,"mot":"L","mo":35000.0},{"ui":"4150809","t":42000.0,"r":25000.0,"q":11.08,"p":740.0,"mot":"U","mo":25000.0},{"cn":"","ui":"","t":7301216.0,"r":2500.0,"q":4.62,"p":160.0,"mot":"L","mo":2500.0}]},{"d":"27.12.2016","r":67000.0,"q":8.65,"p":811.87,"s":[{"ui":"4203892","t":4499601.0,"r":4499601.0,"q":6.86,"p":940.0,"mot":"L","mo":35000.0},{"ui":"4150809","t":45000.0,"r":28000.0,"q":11.08,"p":740.0,"mot":"U","mo":28000.0},{"cn":"","ui":"","t":1.1981293E7,"r":4000.0,"q":7.29,"p":193.75,"mot":"L","mo":4000.0}]},{"d":"28.12.2016","r":21000.0,"q":10.36,"p":635.95,"s":[{"ui":"4142296","t":4708599.0,"r":4707099.0,"q":11.73,"p":250.0,"mot":"L","mo":1500.0},{"ui":"4150809","t":41000.0,"r":17000.0,"q":11.08,"p":740.0,"mot":"U","mo":17000.0},{"ui":"4023737","t":335408.0,"r":315986.0,"q":4.59,"p":160.0,"mot":"L","mo":1500.0},{"cn":"","ui":"","t":6903264.0,"r":1000.0,"q":4.66,"p":160.0,"mot":"L","mo":1000.0}]},{"d":"29.12.2016","r":16800.0,"q":10.18,"p":609.94,"s":[{"ui":"4142296","t":4705599.0,"r":4702599.0,"q":11.73,"p":250.0,"mot":"L","mo":1500.0},{"ui":"4019893","t":6889164.0,"r":6875064.0,"q":4.66,"p":160.0,"mot":"L","mo":1000.0},{"ui":"4150809","t":36900.0,"r":12800.0,"q":11.08,"p":740.0,"mot":"U","mo":12800.0},{"ui":"4023737","t":316786.0,"r":297164.0,"q":4.59,"p":160.0,"mot":"L","mo":1500.0},{"cn":"","ui":"","t":0.0,"r":0.0,"q":0.0,"p":0.0,"mot":"L","mo":0.0}]},{"d":"30.12.2016","r":14700.0,"q":10.05,"p":591.36,"s":[{"ui":"4142296","t":4700099.0,"r":4694599.0,"q":11.73,"p":250.0,"mot":"L","mo":1500.0},{"ui":"4019893","t":6873064.0,"r":6856964.0,"q":4.66,"p":160.0,"mot":"L","mo":1000.0},{"ui":"4150809","t":33800.0,"r":10700.0,"q":11.08,"p":740.0,"mot":"U","mo":10700.0},{"ui":"4023737","t":295864.0,"r":273942.0,"q":4.59,"p":160.0,"mot":"L","mo":1500.0},{"cn":"","ui":"","t":0.0,"r":0.0,"q":0.0,"p":0.0,"mot":"L","mo":0.0}]},{"d":"31.12.2016","r":53700.0,"q":8.05,"p":829.66,"s":[{"ui":"4203892","t":4799601.0,"r":4799601.0,"q":6.86,"p":940.0,"mot":"L","mo":35000.0},{"ui":"4150809","t":30700.0,"r":14700.0,"q":11.08,"p":740.0,"mot":"U","mo":14700.0},{"cn":"","ui":"","t":1.1896323E7,"r":4000.0,"q":7.29,"p":193.75,"mot":"L","mo":4000.0}]},{"d":"01.01.2017","r":57900.0,"q":8.24,"p":821.16,"s":[{"ui":"4203892","t":4764601.0,"r":4729601.0,"q":6.86,"p":940.0,"mot":"L","mo":35000.0},{"ui":"4150809","t":34700.0,"r":18700.0,"q":11.08,"p":740.0,"mot":"U","mo":18700.0},{"cn":"","ui":"","t":1.1922493E7,"r":4200.0,"q":7.16,"p":192.15,"mot":"L","mo":4200.0}]},{"d":"02.01.2017","r":61700.0,"q":8.44,"p":818.04,"s":[{"ui":"4203892","t":4729601.0,"r":4694601.0,"q":6.86,"p":940.0,"mot":"L","mo":35000.0},{"ui":"4150809","t":38700.0,"r":22700.0,"q":11.09,"p":740.0,"mot":"U","mo":22700.0},{"cn":"","ui":"","t":1.1947991E7,"r":4000.0,"q":7.29,"p":193.75,"mot":"L","mo":4000.0}]},{"d":"03.01.2017","r":73700.0,"q":8.88,"p":805.33,"s":[{"ui":"4203892","t":4694601.0,"r":4659601.0,"q":6.86,"p":940.0,"mot":"L","mo":35000.0},{"ui":"4150809","t":51700.0,"r":34700.0,"q":11.09,"p":740.0,"mot":"U","mo":34700.0},{"cn":"","ui":"","t":1.1962919E7,"r":4000.0,"q":7.3,"p":193.75,"mot":"L","mo":4000.0}]},{"d":"04.01.2017","r":84600.0,"q":9.17,"p":796.91,"s":[{"ui":"4203892","t":4659601.0,"r":4624601.0,"q":6.86,"p":940.0,"mot":"L","mo":35000.0},{"ui":"4150809","t":62600.0,"r":45600.0,"q":11.1,"p":740.0,"mot":"U","mo":45600.0},{"cn":"","ui":"","t":1.1973522E7,"r":4000.0,"q":7.3,"p":193.75,"mot":"L","mo":4000.0}]},{"d":"05.01.2017","r":97600.0,"q":9.42,"p":789.33,"s":[{"ui":"4203892","t":4624601.0,"r":4589601.0,"q":6.86,"p":940.0,"mot":"L","mo":35000.0},{"ui":"4150809","t":75600.0,"r":58600.0,"q":11.1,"p":740.0,"mot":"U","mo":58600.0},{"cn":"","ui":"","t":1.1983856E7,"r":4000.0,"q":7.3,"p":193.75,"mot":"L","mo":4000.0}]},{"d":"06.01.2017","r":110600.0,"q":9.63,"p":783.54,"s":[{"ui":"4203892","t":4589601.0,"r":4554601.0,"q":6.86,"p":940.0,"mot":"L","mo":35000.0},{"ui":"4150809","t":88600.0,"r":71600.0,"q":11.11,"p":740.0,"mot":"U","mo":71600.0},{"cn":"","ui":"","t":1.1993921E7,"r":4000.0,"q":7.3,"p":193.75,"mot":"L","mo":4000.0}]},{"d":"07.01.2017","r":123600.0,"q":9.78,"p":778.96,"s":[{"ui":"4203892","t":4554600.0,"r":4519599.0,"q":6.86,"p":940.0,"mot":"L","mo":35000.0},{"ui":"4150809","t":101600.0,"r":84600.0,"q":11.11,"p":740.0,"mot":"U","mo":84600.0},{"cn":"","ui":"","t":1.2007544E7,"r":4000.0,"q":7.31,"p":193.75,"mot":"L","mo":4000.0}]},{"d":"08.01.2017","r":135100.0,"q":9.98,"p":782.08,"s":[{"ui":"4203892","t":4519599.0,"r":4484598.0,"q":6.86,"p":940.0,"mot":"L","mo":35000.0},{"ui":"4150809","t":114600.0,"r":97600.0,"q":11.12,"p":740.0,"mot":"U","mo":97600.0},{"cn":"","ui":"","t":1.1991074E7,"r":2500.0,"q":8.93,"p":214.0,"mot":"L","mo":2500.0}]},{"d":"09.01.2017","r":148100.0,"q":10.08,"p":778.39,"s":[{"ui":"4203892","t":4484598.0,"r":4449597.0,"q":6.86,"p":940.0,"mot":"L","mo":35000.0},{"ui":"4150809","t":127600.0,"r":110600.0,"q":11.12,"p":740.0,"mot":"U","mo":110600.0},{"cn":"","ui":"","t":1.2024639E7,"r":2500.0,"q":8.93,"p":214.0,"mot":"L","mo":2500.0}]},{"d":"10.01.2017","r":160100.0,"q":10.15,"p":775.51,"s":[{"ui":"4203892","t":4449597.0,"r":4414596.0,"q":6.86,"p":940.0,"mot":"L","mo":35000.0},{"ui":"4150809","t":140100.0,"r":122600.0,"q":11.12,"p":740.0,"mot":"U","mo":122600.0},{"cn":"","ui":"","t":1.2055278E7,"r":2500.0,"q":8.93,"p":214.0,"mot":"L","mo":2500.0}]},{"d":"11.01.2017","r":172600.0,"q":10.23,"p":772.94,"s":[{"ui":"4203892","t":4414596.0,"r":4379595.0,"q":6.86,"p":940.0,"mot":"L","mo":35000.0},{"ui":"4150809","t":152600.0,"r":135100.0,"q":11.13,"p":740.0,"mot":"U","mo":135100.0},{"cn":"","ui":"","t":1.2084582E7,"r":2500.0,"q":8.94,"p":214.0,"mot":"L","mo":2500.0}]},{"d":"12.01.2017","r":176100.0,"q":10.25,"p":772.28,"s":[{"ui":"4203892","t":4379595.0,"r":4344594.0,"q":6.86,"p":940.0,"mot":"L","mo":35000.0},{"ui":"4150809","t":160600.0,"r":138600.0,"q":11.13,"p":740.0,"mot":"U","mo":138600.0},{"cn":"","ui":"","t":1.2113282E7,"r":2500.0,"q":8.94,"p":214.0,"mot":"L","mo":2500.0}]},{"d":"13.01.2017","r":179100.0,"q":10.26,"p":771.74,"s":[{"ui":"4203892","t":4344594.0,"r":4309593.0,"q":6.86,"p":940.0,"mot":"L","mo":35000.0},{"ui":"4150809","t":163600.0,"r":141600.0,"q":11.13,"p":740.0,"mot":"U","mo":141600.0},{"cn":"","ui":"","t":1.2144813E7,"r":2500.0,"q":8.94,"p":214.0,"mot":"L","mo":2500.0}]},{"d":"14.01.2017","r":139100.0,"q":10.02,"p":780.87,"s":[{"ui":"4203892","t":4309593.0,"r":4274592.0,"q":6.86,"p":940.0,"mot":"L","mo":35000.0},{"ui":"4150809","t":147600.0,"r":101600.0,"q":11.13,"p":740.0,"mot":"U","mo":101600.0},{"cn":"","ui":"","t":1.2175936E7,"r":2500.0,"q":8.94,"p":214.0,"mot":"L","mo":2500.0}]},{"d":"15.01.2017","r":103100.0,"q":9.63,"p":795.14,"s":[{"ui":"4203892","t":4274592.0,"r":4239591.0,"q":6.86,"p":940.0,"mot":"L","mo":35000.0},{"ui":"4150809","t":121600.0,"r":65600.0,"q":11.13,"p":740.0,"mot":"U","mo":65600.0},{"cn":"","ui":"","t":1.2204153E7,"r":2500.0,"q":8.94,"p":214.0,"mot":"L","mo":2500.0}]},{"d":"16.01.2017","r":71200.0,"q":8.97,"p":810.47,"s":[{"ui":"4203892","t":4239591.0,"r":4204590.0,"q":6.86,"p":940.0,"mot":"L","mo":35000.0},{"ui":"4150809","t":91900.0,"r":32200.0,"q":11.13,"p":740.0,"mot":"U","mo":32200.0},{"cn":"","ui":"","t":1.2233465E7,"r":4000.0,"q":9.99,"p":244.38,"mot":"L","mo":4000.0}]},{"d":"17.01.2017","r":40000.0,"q":7.26,"p":882.13,"s":[{"ui":"4203892","t":4204590.0,"r":4169589.0,"q":6.86,"p":940.0,"mot":"L","mo":35000.0},{"ui":"4150809","t":62200.0,"r":2500.0,"q":11.14,"p":740.0,"mot":"U","mo":2500.0},{"cn":"","ui":"","t":1.2242443E7,"r":2500.0,"q":8.95,"p":214.0,"mot":"L","mo":2500.0}]},{"d":"18.01.2017","r":37500.0,"q":7.0,"p":891.6,"s":[{"ui":"4203892","t":4169589.0,"r":4134588.0,"q":6.86,"p":940.0,"mot":"L","mo":35000.0},{"cn":"","ui":"","t":1.2187343E7,"r":2500.0,"q":8.95,"p":214.0,"mot":"L","mo":2500.0}]},{"d":"19.01.2017","r":37500.0,"q":7.0,"p":891.6,"s":[{"ui":"4203892","t":4134588.0,"r":4099587.0,"q":6.86,"p":940.0,"mot":"L","mo":35000.0},{"cn":"","ui":"","t":1.2132243E7,"r":2500.0,"q":8.95,"p":214.0,"mot":"L","mo":2500.0}]},{"d":"20.01.2017","r":37500.0,"q":7.0,"p":891.6,"s":[{"ui":"4203892","t":4103887.0,"r":4073186.0,"q":6.86,"p":940.0,"mot":"L","mo":35000.0},{"cn":"","ui":"","t":1.2077143E7,"r":2500.0,"q":8.95,"p":214.0,"mot":"L","mo":2500.0}]},{"d":"21.01.2017","r":37500.0,"q":7.0,"p":891.6,"s":[{"ui":"4203892","t":4103186.0,"r":4096485.0,"q":6.86,"p":940.0,"mot":"L","mo":35000.0},{"cn":"","ui":"","t":1.2022043E7,"r":2500.0,"q":8.95,"p":214.0,"mot":"L","mo":2500.0}]},{"d":"22.01.2017","r":37500.0,"q":7.0,"p":891.6,"s":[{"ui":"4203892","t":4096485.0,"r":4089784.0,"q":6.86,"p":940.0,"mot":"L","mo":35000.0},{"cn":"","ui":"","t":1.1966943E7,"r":2500.0,"q":8.95,"p":214.0,"mot":"L","mo":2500.0}]},{"d":"23.01.2017","r":37500.0,"q":7.0,"p":891.6,"s":[{"ui":"4203892","t":4089784.0,"r":4083083.0,"q":6.86,"p":940.0,"mot":"L","mo":35000.0},{"cn":"","ui":"","t":1.1911843E7,"r":2500.0,"q":8.95,"p":214.0,"mot":"L","mo":2500.0}]},{"d":"24.01.2017","r":37500.0,"q":7.0,"p":891.6,"s":[{"ui":"4203892","t":4082083.0,"r":4074382.0,"q":6.86,"p":940.0,"mot":"L","mo":35000.0},{"cn":"","ui":"","t":1.1856743E7,"r":2500.0,"q":8.95,"p":214.0,"mot":"L","mo":2500.0}]},{"d":"25.01.2017","r":37500.0,"q":7.0,"p":891.6,"s":[{"ui":"4203892","t":4074382.0,"r":4066681.0,"q":6.86,"p":940.0,"mot":"L","mo":35000.0},{"cn":"","ui":"","t":1.1801643E7,"r":2500.0,"q":8.95,"p":214.0,"mot":"L","mo":2500.0}]},{"d":"26.01.2017","r":37500.0,"q":7.0,"p":891.6,"s":[{"ui":"4203892","t":4066681.0,"r":4058980.0,"q":6.86,"p":940.0,"mot":"L","mo":35000.0},{"cn":"","ui":"","t":1.1741543E7,"r":2500.0,"q":8.95,"p":214.0,"mot":"L","mo":2500.0}]},{"d":"27.01.2017","r":39000.0,"q":7.07,"p":878.46,"s":[{"ui":"4203892","t":4058981.0,"r":4051281.0,"q":6.86,"p":940.0,"mot":"L","mo":35000.0},{"cn":"","ui":"","t":1.1680443E7,"r":4000.0,"q":8.95,"p":340.0,"mot":"L","mo":4000.0}]},{"d":"28.01.2017","r":37500.0,"q":7.0,"p":891.6,"s":[{"ui":"4203892","t":4051281.0,"r":4043581.0,"q":6.86,"p":940.0,"mot":"L","mo":35000.0},{"cn":"","ui":"","t":1.1614343E7,"r":2500.0,"q":8.95,"p":214.0,"mot":"L","mo":2500.0}]},{"d":"29.01.2017","r":37500.0,"q":7.0,"p":891.6,"s":[{"ui":"4203892","t":4043581.0,"r":4035881.0,"q":6.86,"p":940.0,"mot":"L","mo":35000.0},{"cn":"","ui":"","t":1.1550743E7,"r":2500.0,"q":8.95,"p":214.0,"mot":"L","mo":2500.0}]},{"d":"30.01.2017","r":37500.0,"q":7.0,"p":891.6,"s":[{"ui":"4203892","t":4035881.0,"r":4028181.0,"q":6.86,"p":940.0,"mot":"L","mo":35000.0},{"cn":"","ui":"","t":1.1487143E7,"r":2500.0,"q":8.95,"p":214.0,"mot":"L","mo":2500.0}]},{"d":"31.01.2017","r":37500.0,"q":7.0,"p":891.6,"s":[{"ui":"4203892","t":4028181.0,"r":4020481.0,"q":6.86,"p":940.0,"mot":"L","mo":35000.0},{"cn":"","ui":"","t":1.1423543E7,"r":2500.0,"q":8.95,"p":214.0,"mot":"L","mo":2500.0}]},{"d":"01.02.2017","r":37500.0,"q":7.0,"p":891.6,"s":[{"ui":"4203892","t":4020481.0,"r":4012781.0,"q":6.86,"p":940.0,"mot":"L","mo":35000.0},{"cn":"","ui":"","t":1.1359943E7,"r":2500.0,"q":8.95,"p":214.0,"mot":"L","mo":2500.0}]},{"d":"02.02.2017","r":37500.0,"q":7.0,"p":891.6,"s":[{"ui":"4203892","t":4012781.0,"r":4005081.0,"q":6.86,"p":940.0,"mot":"L","mo":35000.0},{"cn":"","ui":"","t":1.1296343E7,"r":2500.0,"q":8.95,"p":214.0,"mot":"L","mo":2500.0}]},{"d":"03.02.2017","r":37500.0,"q":7.0,"p":891.6,"s":[{"ui":"4203892","t":4005081.0,"r":3997381.0,"q":6.86,"p":940.0,"mot":"L","mo":35000.0},{"cn":"","ui":"","t":1.1232743E7,"r":2500.0,"q":8.95,"p":214.0,"mot":"L","mo":2500.0}]},{"d":"04.02.2017","r":37500.0,"q":7.0,"p":891.6,"s":[{"ui":"4203892","t":3997381.0,"r":3989681.0,"q":6.86,"p":940.0,"mot":"L","mo":35000.0},{"cn":"","ui":"","t":1.1169143E7,"r":2500.0,"q":8.95,"p":214.0,"mot":"L","mo":2500.0}]},{"d":"05.02.2017","r":37500.0,"q":7.0,"p":891.6,"s":[{"ui":"4203892","t":3989681.0,"r":3981981.0,"q":6.86,"p":940.0,"mot":"L","mo":35000.0},{"cn":"","ui":"","t":1.1105543E7,"r":2500.0,"q":8.95,"p":214.0,"mot":"L","mo":2500.0}]},{"d":"06.02.2017","r":37500.0,"q":7.0,"p":891.6,"s":[{"ui":"4203892","t":3981981.0,"r":3974281.0,"q":6.86,"p":940.0,"mot":"L","mo":35000.0},{"cn":"","ui":"","t":1.1041943E7,"r":2500.0,"q":8.95,"p":214.0,"mot":"L","mo":2500.0}]},{"d":"07.02.2017","r":111902.0,"q":6.0,"p":631.23,"s":[{"ui":"4203892","t":3974281.0,"r":3966581.0,"q":6.86,"p":940.0,"mot":"L","mo":35000.0},{"ui":"4137213","t":74402.0,"r":74402.0,"q":5.49,"p":500.0,"mot":"U","mo":74402.0},{"cn":"","ui":"","t":1.0978343E7,"r":2500.0,"q":8.95,"p":214.0,"mot":"L","mo":2500.0}]},{"d":"08.02.2017","r":37500.0,"q":7.0,"p":891.6,"s":[{"ui":"4203892","t":3966581.0,"r":3958881.0,"q":6.86,"p":940.0,"mot":"L","mo":35000.0},{"cn":"","ui":"","t":1.0914743E7,"r":2500.0,"q":8.95,"p":214.0,"mot":"L","mo":2500.0}]},{"d":"09.02.2017","r":37500.0,"q":7.0,"p":891.6,"s":[{"ui":"4203892","t":3958881.0,"r":3951181.0,"q":6.86,"p":940.0,"mot":"L","mo":35000.0},{"cn":"","ui":"","t":1.0850143E7,"r":2500.0,"q":8.95,"p":214.0,"mot":"L","mo":2500.0}]},{"d":"10.02.2017","r":37500.0,"q":7.0,"p":891.6,"s":[{"ui":"4203892","t":3951181.0,"r":3943481.0,"q":6.86,"p":940.0,"mot":"L","mo":35000.0},{"cn":"","ui":"","t":1.0782543E7,"r":2500.0,"q":8.95,"p":214.0,"mot":"L","mo":2500.0}]},{"d":"11.02.2017","r":40800.0,"q":7.07,"p":884.19,"s":[{"ui":"4203892","t":3418381.0,"r":2885581.0,"q":6.86,"p":940.0,"mot":"L","mo":35000.0},{"ui":"4137213","t":3400.0,"r":3300.0,"q":7.84,"p":800.0,"mot":"U","mo":3300.0},{"cn":"","ui":"","t":1.0564343E7,"r":2500.0,"q":8.95,"p":214.0,"mot":"L","mo":2500.0}]},{"d":"12.02.2017","r":43200.0,"q":7.17,"p":879.51,"s":[{"ui":"4203892","t":2885581.0,"r":2352781.0,"q":6.86,"p":940.0,"mot":"L","mo":35000.0},{"ui":"4137213","t":5800.0,"r":5700.0,"q":8.32,"p":800.0,"mot":"U","mo":5700.0},{"cn":"","ui":"","t":1.0346143E7,"r":2500.0,"q":8.95,"p":214.0,"mot":"L","mo":2500.0}]},{"d":"13.02.2017","r":37500.0,"q":7.0,"p":891.6,"s":[{"ui":"4203892","t":2142781.0,"r":1399981.0,"q":6.86,"p":940.0,"mot":"L","mo":35000.0},{"cn":"","ui":"","t":1.0082043E7,"r":2500.0,"q":8.95,"p":214.0,"mot":"L","mo":2500.0}]},{"d":"14.02.2017","r":37500.0,"q":7.0,"p":891.6,"s":[{"ui":"4203892","t":1399981.0,"r":657181.0,"q":6.86,"p":940.0,"mot":"L","mo":35000.0},{"cn":"","ui":"","t":9815443.0,"r":2500.0,"q":8.95,"p":214.0,"mot":"L","mo":2500.0}]},{"d":"15.02.2017","r":2500.0,"q":8.95,"p":214.0,"s":[{"ui":"4142296","t":2616779.0,"r":2444279.0,"q":11.73,"p":250.0,"mot":"L","mo":1500.0},{"ui":"4019893","t":6932064.0,"r":6837964.0,"q":4.77,"p":160.0,"mot":"L","mo":1000.0},{"cn":"","ui":"","t":0.0,"r":0.0,"q":0.0,"p":0.0,"mot":"L","mo":0.0}]},{"d":"16.02.2017","r":2500.0,"q":8.95,"p":214.0,"s":[{"ui":"4142296","t":2444279.0,"r":2271779.0,"q":11.73,"p":250.0,"mot":"L","mo":1500.0},{"ui":"4019893","t":6837964.0,"r":6743864.0,"q":4.77,"p":160.0,"mot":"L","mo":1000.0},{"cn":"","ui":"","t":0.0,"r":0.0,"q":0.0,"p":0.0,"mot":"L","mo":0.0}]},{"d":"17.02.2017","r":2500.0,"q":8.95,"p":214.0,"s":[{"ui":"4142296","t":2271779.0,"r":2099279.0,"q":11.73,"p":250.0,"mot":"L","mo":1500.0},{"ui":"4019893","t":6743864.0,"r":6649764.0,"q":4.77,"p":160.0,"mot":"L","mo":1000.0},{"cn":"","ui":"","t":0.0,"r":0.0,"q":0.0,"p":0.0,"mot":"L","mo":0.0}]},{"d":"18.02.2017","r":2500.0,"q":8.95,"p":214.0,"s":[{"ui":"4142296","t":2099279.0,"r":1926779.0,"q":11.73,"p":250.0,"mot":"L","mo":1500.0},{"ui":"4019893","t":6649764.0,"r":6555664.0,"q":4.77,"p":160.0,"mot":"L","mo":1000.0},{"cn":"","ui":"","t":0.0,"r":0.0,"q":0.0,"p":0.0,"mot":"L","mo":0.0}]},{"d":"19.02.2017","r":2500.0,"q":8.95,"p":214.0,"s":[{"ui":"4142296","t":1872779.0,"r":1646279.0,"q":11.73,"p":250.0,"mot":"L","mo":1500.0},{"ui":"4019893","t":6555664.0,"r":6461564.0,"q":4.77,"p":160.0,"mot":"L","mo":1000.0},{"cn":"","ui":"","t":0.0,"r":0.0,"q":0.0,"p":0.0,"mot":"L","mo":0.0}]},{"d":"20.02.2017","r":2500.0,"q":8.95,"p":214.0,"s":[{"ui":"4142296","t":1645279.0,"r":1417779.0,"q":11.73,"p":250.0,"mot":"L","mo":1500.0},{"ui":"4019893","t":6460564.0,"r":6365464.0,"q":4.77,"p":160.0,"mot":"L","mo":1000.0},{"cn":"","ui":"","t":0.0,"r":0.0,"q":0.0,"p":0.0,"mot":"L","mo":0.0}]},{"d":"21.02.2017","r":2500.0,"q":8.95,"p":214.0,"s":[{"ui":"4142296","t":1418779.0,"r":1192279.0,"q":11.73,"p":250.0,"mot":"L","mo":1500.0},{"ui":"4019893","t":6440464.0,"r":6346364.0,"q":4.77,"p":160.0,"mot":"L","mo":1000.0},{"cn":"","ui":"","t":0.0,"r":0.0,"q":0.0,"p":0.0,"mot":"L","mo":0.0}]},{"d":"22.02.2017","r":2500.0,"q":8.94,"p":214.0,"s":[{"ui":"4142296","t":1191279.0,"r":963779.0,"q":11.73,"p":250.0,"mot":"L","mo":1500.0},{"ui":"4019893","t":6418729.0,"r":6323629.0,"q":4.76,"p":160.0,"mot":"L","mo":1000.0},{"cn":"","ui":"","t":0.0,"r":0.0,"q":0.0,"p":0.0,"mot":"L","mo":0.0}]},{"d":"23.02.2017","r":2500.0,"q":8.94,"p":214.0,"s":[{"ui":"4142296","t":963279.0,"r":735279.0,"q":11.73,"p":250.0,"mot":"L","mo":1500.0},{"ui":"4019893","t":6396457.0,"r":6301357.0,"q":4.76,"p":160.0,"mot":"L","mo":1000.0},{"cn":"","ui":"","t":0.0,"r":0.0,"q":0.0,"p":0.0,"mot":"L","mo":0.0}]},{"d":"24.02.2017","r":2500.0,"q":8.94,"p":214.0,"s":[{"ui":"4142296","t":732279.0,"r":501279.0,"q":11.73,"p":250.0,"mot":"L","mo":1500.0},{"ui":"4019893","t":6371587.0,"r":6274487.0,"q":4.75,"p":160.0,"mot":"L","mo":1000.0},{"cn":"","ui":"","t":0.0,"r":0.0,"q":0.0,"p":0.0,"mot":"L","mo":0.0}]},{"d":"25.02.2017","r":2500.0,"q":8.93,"p":214.0,"s":[{"ui":"4142296","t":501279.0,"r":270279.0,"q":11.73,"p":250.0,"mot":"L","mo":1500.0},{"ui":"4019893","t":6342286.0,"r":6245186.0,"q":4.74,"p":160.0,"mot":"L","mo":1000.0},{"cn":"","ui":"","t":0.0,"r":0.0,"q":0.0,"p":0.0,"mot":"L","mo":0.0}]},{"d":"26.02.2017","r":2500.0,"q":8.93,"p":214.0,"s":[{"ui":"4142296","t":270279.0,"r":39279.0,"q":11.73,"p":250.0,"mot":"L","mo":1500.0},{"ui":"4019893","t":6312505.0,"r":6215405.0,"q":4.74,"p":160.0,"mot":"L","mo":1000.0},{"cn":"","ui":"","t":0.0,"r":0.0,"q":0.0,"p":0.0,"mot":"L","mo":0.0}]},{"d":"27.02.2017","r":1000.0,"q":4.73,"p":160.0,"s":[{"ui":"4019893","t":6282126.0,"r":6185026.0,"q":4.73,"p":160.0,"mot":"L","mo":1000.0},{"cn":"","ui":"","t":0.0,"r":0.0,"q":0.0,"p":0.0,"mot":"L","mo":0.0}]},{"d":"28.02.2017","r":1000.0,"q":4.73,"p":160.0,"s":[{"ui":"4019893","t":6258913.0,"r":6161813.0,"q":4.73,"p":160.0,"mot":"L","mo":1000.0},{"cn":"","ui":"","t":0.0,"r":0.0,"q":0.0,"p":0.0,"mot":"L","mo":0.0}]},{"d":"01.03.2017","r":1000.0,"q":4.73,"p":160.0,"s":[{"ui":"4019893","t":6235318.0,"r":6138218.0,"q":4.73,"p":160.0,"mot":"L","mo":1000.0},{"cn":"","ui":"","t":0.0,"r":0.0,"q":0.0,"p":0.0,"mot":"L","mo":0.0}]},{"d":"02.03.2017","r":3350.0,"q":4.87,"p":749.25,"s":[{"ui":"4100977","t":2350.0,"r":2350.0,"q":4.93,"p":1000.0,"mot":"U","mo":2350.0},{"ui":"4019893","t":6227091.0,"r":6129991.0,"q":4.74,"p":160.0,"mot":"L","mo":1000.0},{"cn":"","ui":"","t":0.0,"r":0.0,"q":0.0,"p":0.0,"mot":"L","mo":0.0}]},{"d":"03.03.2017","r":1000.0,"q":4.75,"p":160.0,"s":[{"cn":"Vinhas","ui":"4019893","t":6218864.0,"r":6121764.0,"q":4.75,"p":160.0,"mot":"L","mo":1000.0},{"cn":"","ui":"","t":0.0,"r":0.0,"q":0.0,"p":0.0,"mot":"L","mo":0.0}]},{"d":"04.03.2017","r":3350.0,"q":4.88,"p":749.25,"s":[{"cn":"Chez Balstar","ui":"4100977","t":2350.0,"r":2350.0,"q":4.93,"p":1000.0,"mot":"U","mo":2350.0},{"cn":"Vinhas","ui":"4019893","t":6210637.0,"r":6113537.0,"q":4.76,"p":160.0,"mot":"L","mo":1000.0},{"cn":"","ui":"","t":0.0,"r":0.0,"q":0.0,"p":0.0,"mot":"L","mo":0.0}]},{"d":"05.03.2017","r":1000.0,"q":4.77,"p":160.0,"s":[{"cn":"Vinhas","ui":"4019893","t":6202410.0,"r":6105310.0,"q":4.77,"p":160.0,"mot":"L","mo":1000.0},{"cn":"","ui":"","t":0.0,"r":0.0,"q":0.0,"p":0.0,"mot":"L","mo":0.0}]},{"d":"06.03.2017","r":1000.0,"q":4.78,"p":160.0,"s":[{"cn":"Vinhas","ui":"4019893","t":6194183.0,"r":6097083.0,"q":4.78,"p":160.0,"mot":"L","mo":1000.0},{"cn":"","ui":"","t":0.0,"r":0.0,"q":0.0,"p":0.0,"mot":"L","mo":0.0}]},{"d":"07.03.2017","r":1000.0,"q":4.79,"p":160.0,"s":[{"cn":"Vinhas","ui":"4019893","t":6185956.0,"r":6088856.0,"q":4.79,"p":160.0,"mot":"L","mo":1000.0},{"cn":"","ui":"","t":0.0,"r":0.0,"q":0.0,"p":0.0,"mot":"L","mo":0.0}]},{"d":"08.03.2017","r":1000.0,"q":4.8,"p":160.0,"s":[{"cn":"Vinhas","ui":"4019893","t":6175729.0,"r":6076629.0,"q":4.8,"p":160.0,"mot":"L","mo":1000.0},{"cn":"","ui":"","t":0.0,"r":0.0,"q":0.0,"p":0.0,"mot":"L","mo":0.0}]},{"d":"10.03.2017","r":1000.0,"q":4.82,"p":160.0,"s":[{"cn":"Vinhas","ui":"4019893","t":6165502.0,"r":6066402.0,"q":4.82,"p":160.0,"mot":"L","mo":1000.0},{"cn":"","ui":"","t":0.0,"r":0.0,"q":0.0,"p":0.0,"mot":"L","mo":0.0}]},{"d":"11.03.2017","r":1000.0,"q":4.83,"p":160.0,"s":[{"cn":"Vinhas","ui":"4019893","t":6057175.0,"r":5957825.0,"q":4.83,"p":160.0,"mot":"L","mo":1000.0},{"cn":"","ui":"","t":0.0,"r":0.0,"q":0.0,"p":0.0,"mot":"L","mo":0.0}]},{"d":"12.03.2017","r":1000.0,"q":4.83,"p":160.0,"s":[{"cn":"Vinhas","ui":"4019893","t":5957875.0,"r":5858575.0,"q":4.83,"p":160.0,"mot":"L","mo":1000.0},{"cn":"","ui":"","t":0.0,"r":0.0,"q":0.0,"p":0.0,"mot":"L","mo":0.0}]},{"d":"13.03.2017","r":1000.0,"q":4.83,"p":160.0,"s":[{"cn":"Vinhas","ui":"4019893","t":5858525.0,"r":5759175.0,"q":4.83,"p":160.0,"mot":"L","mo":1000.0},{"cn":"","ui":"","t":0.0,"r":0.0,"q":0.0,"p":0.0,"mot":"L","mo":0.0}]},{"d":"14.03.2017","r":1000.0,"q":4.83,"p":160.0,"s":[{"cn":"Vinhas","ui":"4019893","t":5759175.0,"r":5659825.0,"q":4.83,"p":160.0,"mot":"L","mo":1000.0},{"cn":"","ui":"","t":0.0,"r":0.0,"q":0.0,"p":0.0,"mot":"L","mo":0.0}]},{"d":"15.03.2017","r":1000.0,"q":4.83,"p":160.0,"s":[{"cn":"Vinhas","ui":"4019893","t":5659575.0,"r":5559975.0,"q":4.83,"p":160.0,"mot":"L","mo":1000.0},{"cn":"","ui":"","t":0.0,"r":0.0,"q":0.0,"p":0.0,"mot":"L","mo":0.0}]},{"d":"16.03.2017","r":1000.0,"q":4.83,"p":160.0,"s":[{"cn":"Vinhas","ui":"4019893","t":5559475.0,"r":5459375.0,"q":4.83,"p":160.0,"mot":"L","mo":1000.0},{"cn":"","ui":"","t":0.0,"r":0.0,"q":0.0,"p":0.0,"mot":"L","mo":0.0}]},{"d":"17.03.2017","r":1000.0,"q":4.83,"p":160.0,"s":[{"cn":"Vinhas","ui":"4019893","t":5458375.0,"r":5356275.0,"q":4.83,"p":160.0,"mot":"L","mo":1000.0},{"cn":"","ui":"","t":0.0,"r":0.0,"q":0.0,"p":0.0,"mot":"L","mo":0.0}]},{"d":"18.03.2017","r":1000.0,"q":4.83,"p":160.0,"s":[{"cn":"Vinhas","ui":"4019893","t":5356275.0,"r":5254175.0,"q":4.83,"p":160.0,"mot":"L","mo":1000.0},{"cn":"","ui":"","t":0.0,"r":0.0,"q":0.0,"p":0.0,"mot":"L","mo":0.0}]},{"d":"20.03.2017","r":1000.0,"q":4.83,"p":160.0,"s":[{"cn":"Vinhas","ui":"4019893","t":5152075.0,"r":5049975.0,"q":4.83,"p":160.0,"mot":"L","mo":1000.0},{"cn":"","ui":"","t":0.0,"r":0.0,"q":0.0,"p":0.0,"mot":"L","mo":0.0}]},{"d":"21.03.2017","r":1000.0,"q":4.83,"p":160.0,"s":[{"cn":"Vinhas","ui":"4019893","t":5049975.0,"r":4947875.0,"q":4.83,"p":160.0,"mot":"L","mo":1000.0},{"cn":"","ui":"","t":0.0,"r":0.0,"q":0.0,"p":0.0,"mot":"L","mo":0.0}]},{"d":"22.03.2017","r":1000.0,"q":4.83,"p":160.0,"s":[{"cn":"Vinhas","ui":"4019893","t":4947875.0,"r":4845775.0,"q":4.83,"p":160.0,"mot":"L","mo":1000.0},{"cn":"","ui":"","t":0.0,"r":0.0,"q":0.0,"p":0.0,"mot":"L","mo":0.0}]},{"d":"23.03.2017","r":1000.0,"q":4.83,"p":160.0,"s":[{"cn":"Vinhas","ui":"4019893","t":4845775.0,"r":4707675.0,"q":4.83,"p":160.0,"mot":"L","mo":1000.0},{"cn":"","ui":"","t":0.0,"r":0.0,"q":0.0,"p":0.0,"mot":"L","mo":0.0}]},{"d":"24.03.2017","r":1000.0,"q":4.83,"p":175.0,"s":[{"cn":"Vinhas","ui":"4019893","t":4707675.0,"r":4659575.0,"q":4.83,"p":175.0,"mot":"L","mo":1000.0},{"cn":"","ui":"","t":0.0,"r":0.0,"q":0.0,"p":0.0,"mot":"L","mo":0.0}]},{"d":"25.03.2017","r":1000.0,"q":4.83,"p":175.0,"s":[{"cn":"Vinhas","ui":"4019893","t":4630575.0,"r":4553475.0,"q":4.83,"p":175.0,"mot":"L","mo":1000.0},{"cn":"","ui":"","t":0.0,"r":0.0,"q":0.0,"p":0.0,"mot":"L","mo":0.0}]},{"d":"26.03.2017","r":1000.0,"q":4.83,"p":175.0,"s":[{"cn":"Vinhas","ui":"4019893","t":4553475.0,"r":4476375.0,"q":4.83,"p":175.0,"mot":"L","mo":1000.0},{"cn":"","ui":"","t":0.0,"r":0.0,"q":0.0,"p":0.0,"mot":"L","mo":0.0}]},{"d":"27.03.2017","r":1000.0,"q":4.83,"p":175.0,"s":[{"cn":"Vinhas","ui":"4019893","t":4476375.0,"r":4399275.0,"q":4.83,"p":175.0,"mot":"L","mo":1000.0},{"cn":"","ui":"","t":0.0,"r":0.0,"q":0.0,"p":0.0,"mot":"L","mo":0.0}]},{"d":"28.03.2017","r":1000.0,"q":4.83,"p":175.0,"s":[{"cn":"Vinhas","ui":"4019893","t":4399275.0,"r":4322175.0,"q":4.83,"p":175.0,"mot":"L","mo":1000.0},{"cn":"","ui":"","t":0.0,"r":0.0,"q":0.0,"p":0.0,"mot":"L","mo":0.0}]},{"d":"29.03.2017","r":1000.0,"q":4.83,"p":175.0,"s":[{"cn":"Vinhas","ui":"4019893","t":4322175.0,"r":4245075.0,"q":4.83,"p":175.0,"mot":"L","mo":1000.0},{"cn":"","ui":"","t":0.0,"r":0.0,"q":0.0,"p":0.0,"mot":"L","mo":0.0}]},{"d":"31.03.2017","r":1000.0,"q":4.83,"p":175.0,"s":[{"cn":"Vinhas","ui":"4019893","t":4165975.0,"r":4087875.0,"q":4.83,"p":175.0,"mot":"L","mo":1000.0},{"cn":"","ui":"","t":0.0,"r":0.0,"q":0.0,"p":0.0,"mot":"L","mo":0.0}]},{"d":"01.04.2017","r":1000.0,"q":4.83,"p":175.0,"s":[{"cn":"Vinhas","ui":"4019893","t":4087875.0,"r":4009775.0,"q":4.83,"p":175.0,"mot":"L","mo":1000.0},{"cn":"","ui":"","t":0.0,"r":0.0,"q":0.0,"p":0.0,"mot":"L","mo":0.0}]},{"d":"02.04.2017","r":1000.0,"q":4.83,"p":175.0,"s":[{"cn":"Vinhas","ui":"4019893","t":4009775.0,"r":3931675.0,"q":4.83,"p":175.0,"mot":"L","mo":1000.0},{"cn":"","ui":"","t":0.0,"r":0.0,"q":0.0,"p":0.0,"mot":"L","mo":0.0}]},{"d":"03.04.2017","r":3.2776772E7,"q":11.74,"p":4999.85,"s":[{"cn":"high tech LLC","ui":"4133735","t":3.2775772E7,"r":3.2775772E7,"q":11.74,"p":5000.0,"mot":"U","mo":3.2775772E7},{"cn":"","ui":"","t":3931675.0,"r":1000.0,"q":4.83,"p":175.0,"mot":"L","mo":1000.0}]},{"d":"04.04.2017","r":3.2776188E7,"q":11.74,"p":4999.85,"s":[{"cn":"high tech LLC","ui":"4133735","t":3.277548E7,"r":3.2775188E7,"q":11.74,"p":5000.0,"mot":"U","mo":3.2775188E7},{"cn":"","ui":"","t":3852575.0,"r":1000.0,"q":4.83,"p":175.0,"mot":"L","mo":1000.0}]},{"d":"05.04.2017","r":3.2795896E7,"q":11.74,"p":4998.33,"s":[{"cn":"high tech LLC","ui":"4133735","t":3.2775188E7,"r":3.2774896E7,"q":11.74,"p":5000.0,"mot":"U","mo":3.2774896E7},{"cn":"","ui":"","t":4198475.0,"r":21000.0,"q":10.63,"p":2389.29,"mot":"L","mo":21000.0}]},{"d":"06.04.2017","r":21000.0,"q":10.63,"p":2389.29,"s":[{"cn":"GaraCorp","ui":"3719391","t":405000.0,"r":385000.0,"q":10.92,"p":2500.0,"mot":"L","mo":20000.0},{"cn":"","ui":"","t":3694375.0,"r":1000.0,"q":4.83,"p":175.0,"mot":"L","mo":1000.0}]},{"d":"07.04.2017","r":21000.0,"q":10.63,"p":2389.29,"s":[{"cn":"GaraCorp","ui":"3719391","t":385000.0,"r":365000.0,"q":10.92,"p":2500.0,"mot":"L","mo":20000.0},{"cn":"","ui":"","t":3614275.0,"r":1000.0,"q":4.83,"p":175.0,"mot":"L","mo":1000.0}]},{"d":"08.04.2017","r":1000.0,"q":4.83,"p":175.0,"s":[{"cn":"Vinhas","ui":"4019893","t":3533175.0,"r":3452075.0,"q":4.83,"p":175.0,"mot":"L","mo":1000.0},{"cn":"","ui":"","t":0.0,"r":0.0,"q":0.0,"p":0.0,"mot":"L","mo":0.0}]},{"d":"09.04.2017","r":1000.0,"q":4.83,"p":175.0,"s":[{"cn":"Vinhas","ui":"4019893","t":3452075.0,"r":3370975.0,"q":4.83,"p":175.0,"mot":"L","mo":1000.0},{"cn":"","ui":"","t":0.0,"r":0.0,"q":0.0,"p":0.0,"mot":"L","mo":0.0}]},{"d":"10.04.2017","r":1000.0,"q":4.83,"p":175.0,"s":[{"cn":"Vinhas","ui":"4019893","t":3370975.0,"r":3289875.0,"q":4.83,"p":175.0,"mot":"L","mo":1000.0},{"cn":"","ui":"","t":0.0,"r":0.0,"q":0.0,"p":0.0,"mot":"L","mo":0.0}]},{"d":"11.04.2017","r":1000.0,"q":4.83,"p":175.0,"s":[{"cn":"Vinhas","ui":"4019893","t":3289875.0,"r":3208775.0,"q":4.83,"p":175.0,"mot":"L","mo":1000.0},{"cn":"","ui":"","t":0.0,"r":0.0,"q":0.0,"p":0.0,"mot":"L","mo":0.0}]},{"d":"12.04.2017","r":1000.0,"q":4.83,"p":175.0,"s":[{"cn":"Vinhas","ui":"4019893","t":3208775.0,"r":3127675.0,"q":4.83,"p":175.0,"mot":"L","mo":1000.0},{"cn":"","ui":"","t":0.0,"r":0.0,"q":0.0,"p":0.0,"mot":"L","mo":0.0}]},{"d":"13.04.2017","r":1000.0,"q":4.83,"p":175.0,"s":[{"cn":"Vinhas","ui":"4019893","t":3125675.0,"r":3042575.0,"q":4.83,"p":175.0,"mot":"L","mo":1000.0},{"cn":"","ui":"","t":0.0,"r":0.0,"q":0.0,"p":0.0,"mot":"L","mo":0.0}]},{"d":"14.04.2017","r":1000.0,"q":4.83,"p":175.0,"s":[{"cn":"Vinhas","ui":"4019893","t":3042575.0,"r":2959475.0,"q":4.83,"p":175.0,"mot":"L","mo":1000.0},{"cn":"","ui":"","t":0.0,"r":0.0,"q":0.0,"p":0.0,"mot":"L","mo":0.0}]},{"d":"15.04.2017","r":1000.0,"q":4.83,"p":175.0,"s":[{"cn":"Vinhas","ui":"4019893","t":3048696.0,"r":2965596.0,"q":4.83,"p":175.0,"mot":"L","mo":1000.0},{"cn":"","ui":"","t":0.0,"r":0.0,"q":0.0,"p":0.0,"mot":"L","mo":0.0}]},{"d":"16.04.2017","r":1000.0,"q":4.84,"p":175.0,"s":[{"cn":"Vinhas","ui":"4019893","t":3060537.0,"r":2983437.0,"q":4.84,"p":175.0,"mot":"L","mo":1000.0},{"cn":"","ui":"","t":0.0,"r":0.0,"q":0.0,"p":0.0,"mot":"L","mo":0.0}]},{"d":"17.04.2017","r":1000.0,"q":4.84,"p":175.0,"s":[{"cn":"Vinhas","ui":"4019893","t":3064042.0,"r":2978942.0,"q":4.84,"p":175.0,"mot":"L","mo":1000.0},{"cn":"","ui":"","t":0.0,"r":0.0,"q":0.0,"p":0.0,"mot":"L","mo":0.0}]},{"d":"18.04.2017","r":1000.0,"q":4.84,"p":175.0,"s":[{"cn":"Vinhas","ui":"4019893","t":3067212.0,"r":2982112.0,"q":4.84,"p":175.0,"mot":"L","mo":1000.0},{"cn":"","ui":"","t":0.0,"r":0.0,"q":0.0,"p":0.0,"mot":"L","mo":0.0}]},{"d":"19.04.2017","r":1000.0,"q":4.84,"p":175.0,"s":[{"cn":"Vinhas","ui":"4019893","t":3065702.0,"r":2980602.0,"q":4.84,"p":175.0,"mot":"L","mo":1000.0},{"cn":"","ui":"","t":0.0,"r":0.0,"q":0.0,"p":0.0,"mot":"L","mo":0.0}]},{"d":"21.04.2017","r":1.03752E7,"q":6.85,"p":1999.82,"s":[{"cn":"DeathCookies3 LLC","ui":"4568205","t":1.03742E7,"r":1.03742E7,"q":6.85,"p":2000.0,"mot":"U","mo":1.03742E7},{"cn":"","ui":"","t":3061500.0,"r":1000.0,"q":4.84,"p":175.0,"mot":"L","mo":1000.0}]},{"d":"22.04.2017","r":6000.0,"q":4.77,"p":445.83,"s":[{"cn":"Vinhas","ui":"4019893","t":3059911.0,"r":2976811.0,"q":4.84,"p":175.0,"mot":"L","mo":1000.0},{"cn":"The Rock","ui":"3975340","t":5000.0,"r":5000.0,"q":4.75,"p":500.0,"mot":"U","mo":5000.0},{"cn":"","ui":"","t":0.0,"r":0.0,"q":0.0,"p":0.0,"mot":"L","mo":0.0}]},{"d":"23.04.2017","r":1000.0,"q":4.83,"p":175.0,"s":[{"cn":"Vinhas","ui":"4019893","t":3057624.0,"r":2974524.0,"q":4.83,"p":175.0,"mot":"L","mo":1000.0},{"cn":"","ui":"","t":0.0,"r":0.0,"q":0.0,"p":0.0,"mot":"L","mo":0.0}]},{"d":"24.04.2017","r":1.037205E7,"q":6.85,"p":1999.82,"s":[{"cn":"DeathCookies3 LLC","ui":"4568205","t":1.037105E7,"r":1.037105E7,"q":6.85,"p":2000.0,"mot":"U","mo":1.037105E7},{"cn":"","ui":"","t":3048689.0,"r":1000.0,"q":4.83,"p":175.0,"mot":"L","mo":1000.0}]},{"d":"26.04.2017","r":3000.0,"q":4.82,"p":725.0,"s":[{"cn":"xErcegua Trade","ui":"3869747","t":2000.0,"r":2000.0,"q":4.82,"p":1000.0,"mot":"U","mo":2000.0},{"cn":"Vinhas","ui":"4019893","t":3026743.0,"r":2936643.0,"q":4.81,"p":175.0,"mot":"L","mo":1000.0},{"cn":"","ui":"","t":0.0,"r":0.0,"q":0.0,"p":0.0,"mot":"L","mo":0.0}]},{"d":"27.04.2017","r":4000.0,"q":4.81,"p":793.75,"s":[{"cn":"xErcegua Trade","ui":"3869747","t":3000.0,"r":3000.0,"q":4.82,"p":1000.0,"mot":"U","mo":3000.0},{"cn":"Vinhas","ui":"4019893","t":3014773.0,"r":2924673.0,"q":4.79,"p":175.0,"mot":"L","mo":1000.0},{"cn":"","ui":"","t":0.0,"r":0.0,"q":0.0,"p":0.0,"mot":"L","mo":0.0}]},{"d":"28.04.2017","r":5000.0,"q":4.8,"p":835.0,"s":[{"cn":"xErcegua Trade","ui":"3869747","t":4000.0,"r":4000.0,"q":4.81,"p":1000.0,"mot":"U","mo":4000.0},{"cn":"Vinhas","ui":"4019893","t":3001070.0,"r":2909970.0,"q":4.78,"p":175.0,"mot":"L","mo":1000.0},{"cn":"","ui":"","t":0.0,"r":0.0,"q":0.0,"p":0.0,"mot":"L","mo":0.0}]},{"d":"29.04.2017","r":1000.0,"q":4.77,"p":175.0,"s":[{"cn":"Vinhas","ui":"4019893","t":2987738.0,"r":2897538.0,"q":4.77,"p":175.0,"mot":"L","mo":1000.0},{"cn":"","ui":"","t":0.0,"r":0.0,"q":0.0,"p":0.0,"mot":"L","mo":0.0}]},{"d":"01.05.2017","r":1000.0,"q":4.74,"p":175.0,"s":[{"cn":"Vinhas","ui":"4019893","t":2942786.0,"r":2852386.0,"q":4.74,"p":175.0,"mot":"L","mo":1000.0},{"cn":"","ui":"","t":0.0,"r":0.0,"q":0.0,"p":0.0,"mot":"L","mo":0.0}]},{"d":"02.05.2017","r":1000.0,"q":4.74,"p":175.0,"s":[{"cn":"Vinhas","ui":"4019893","t":2852436.0,"r":2762086.0,"q":4.74,"p":175.0,"mot":"L","mo":1000.0},{"cn":"","ui":"","t":0.0,"r":0.0,"q":0.0,"p":0.0,"mot":"L","mo":0.0}]},{"d":"03.05.2017","r":1000.0,"q":4.74,"p":175.0,"s":[{"cn":"Vinhas","ui":"4019893","t":2762086.0,"r":2671736.0,"q":4.74,"p":175.0,"mot":"L","mo":1000.0},{"cn":"","ui":"","t":0.0,"r":0.0,"q":0.0,"p":0.0,"mot":"L","mo":0.0}]},{"d":"04.05.2017","r":1000.0,"q":4.74,"p":175.0,"s":[{"cn":"Vinhas","ui":"4019893","t":2671786.0,"r":2580486.0,"q":4.74,"p":175.0,"mot":"L","mo":1000.0},{"cn":"","ui":"","t":0.0,"r":0.0,"q":0.0,"p":0.0,"mot":"L","mo":0.0}]},{"d":"06.05.2017","r":1000.0,"q":4.74,"p":175.0,"s":[{"cn":"Vinhas","ui":"4019893","t":2491186.0,"r":2399886.0,"q":4.74,"p":175.0,"mot":"L","mo":1000.0},{"cn":"","ui":"","t":0.0,"r":0.0,"q":0.0,"p":0.0,"mot":"L","mo":0.0}]},{"d":"08.05.2017","r":1000.0,"q":4.74,"p":175.0,"s":[{"cn":"Vinhas","ui":"4019893","t":2314593.0,"r":2223393.0,"q":4.74,"p":175.0,"mot":"L","mo":1000.0},{"cn":"","ui":"","t":0.0,"r":0.0,"q":0.0,"p":0.0,"mot":"L","mo":0.0}]},{"d":"09.05.2017","r":1000.0,"q":4.74,"p":175.0,"s":[{"cn":"Vinhas","ui":"4019893","t":2227367.0,"r":2136167.0,"q":4.74,"p":175.0,"mot":"L","mo":1000.0},{"cn":"","ui":"","t":0.0,"r":0.0,"q":0.0,"p":0.0,"mot":"L","mo":0.0}]},{"d":"10.05.2017","r":4000.0,"q":4.74,"p":1393.75,"s":[{"cn":"ivantanger Finance","ui":"4603922","t":3000.0,"r":3000.0,"q":4.74,"p":1800.0,"mot":"U","mo":3000.0},{"cn":"Vinhas","ui":"4019893","t":2140167.0,"r":2048967.0,"q":4.74,"p":175.0,"mot":"L","mo":1000.0},{"cn":"","ui":"","t":0.0,"r":0.0,"q":0.0,"p":0.0,"mot":"L","mo":0.0}]},{"d":"11.05.2017","r":5000.0,"q":4.74,"p":1475.0,"s":[{"cn":"ivantanger Finance","ui":"4603922","t":4000.0,"r":4000.0,"q":4.74,"p":1800.0,"mot":"U","mo":4000.0},{"cn":"Vinhas","ui":"4019893","t":2052967.0,"r":1961767.0,"q":4.74,"p":175.0,"mot":"L","mo":1000.0},{"cn":"","ui":"","t":0.0,"r":0.0,"q":0.0,"p":0.0,"mot":"L","mo":0.0}]},{"d":"12.05.2017","r":6000.0,"q":4.74,"p":1529.17,"s":[{"cn":"ivantanger Finance","ui":"4603922","t":5000.0,"r":5000.0,"q":4.74,"p":1800.0,"mot":"U","mo":5000.0},{"cn":"Vinhas","ui":"4019893","t":1965766.0,"r":1874566.0,"q":4.74,"p":175.0,"mot":"L","mo":1000.0},{"cn":"","ui":"","t":0.0,"r":0.0,"q":0.0,"p":0.0,"mot":"L","mo":0.0}]},{"d":"13.05.2017","r":7000.0,"q":4.74,"p":1567.86,"s":[{"cn":"ivantanger Finance","ui":"4603922","t":6000.0,"r":6000.0,"q":4.74,"p":1800.0,"mot":"U","mo":6000.0},{"cn":"Vinhas","ui":"4019893","t":1878565.0,"r":1787365.0,"q":4.74,"p":175.0,"mot":"L","mo":1000.0},{"cn":"","ui":"","t":0.0,"r":0.0,"q":0.0,"p":0.0,"mot":"L","mo":0.0}]},{"d":"14.05.2017","r":1.037716E7,"q":6.85,"p":1999.69,"s":[{"cn":"DeathCookies3 LLC","ui":"4568205","t":1.036916E7,"r":1.036916E7,"q":6.85,"p":2000.0,"mot":"U","mo":1.036916E7},{"cn":"","ui":"","t":1798365.0,"r":8000.0,"q":4.74,"p":1596.88,"mot":"L","mo":8000.0}]},{"d":"15.05.2017","r":1.0362872E7,"q":6.85,"p":1999.82,"s":[{"cn":"DeathCookies3 LLC","ui":"4568205","t":1.036916E7,"r":1.0361872E7,"q":6.85,"p":2000.0,"mot":"U","mo":1.0361872E7},{"cn":"","ui":"","t":1704165.0,"r":1000.0,"q":4.74,"p":175.0,"mot":"L","mo":1000.0}]},{"d":"16.05.2017","r":1.0325008E7,"q":6.85,"p":1999.82,"s":[{"cn":"DeathCookies3 LLC","ui":"4568205","t":1.0346584E7,"r":1.0324008E7,"q":6.85,"p":2000.0,"mot":"U","mo":1.0324008E7},{"cn":"","ui":"","t":1614965.0,"r":1000.0,"q":4.74,"p":175.0,"mot":"L","mo":1000.0}]},{"d":"17.05.2017","r":1.0302432E7,"q":6.85,"p":1999.82,"s":[{"cn":"DeathCookies3 LLC","ui":"4568205","t":1.0324008E7,"r":1.0301432E7,"q":6.85,"p":2000.0,"mot":"U","mo":1.0301432E7},{"cn":"","ui":"","t":1490765.0,"r":1000.0,"q":4.74,"p":175.0,"mot":"L","mo":1000.0}]},{"d":"18.05.2017","r":1.0325008E7,"q":6.85,"p":1999.82,"s":[{"cn":"DeathCookies3 LLC","ui":"4568205","t":1.0324008E7,"r":1.0324008E7,"q":6.85,"p":2000.0,"mot":"U","mo":1.0324008E7},{"cn":"","ui":"","t":1368165.0,"r":1000.0,"q":4.74,"p":175.0,"mot":"L","mo":1000.0}]},{"d":"19.05.2017","r":1.0249568E7,"q":6.85,"p":1999.82,"s":[{"cn":"DeathCookies3 LLC","ui":"4568205","t":1.0286288E7,"r":1.0248568E7,"q":6.85,"p":2000.0,"mot":"U","mo":1.0248568E7},{"cn":"","ui":"","t":1244565.0,"r":1000.0,"q":4.74,"p":175.0,"mot":"L","mo":1000.0}]},{"d":"20.05.2017","r":1.0211848E7,"q":6.85,"p":1999.82,"s":[{"cn":"DeathCookies3 LLC","ui":"4568205","t":1.0248568E7,"r":1.0210848E7,"q":6.85,"p":2000.0,"mot":"U","mo":1.0210848E7},{"cn":"","ui":"","t":1120965.0,"r":1000.0,"q":4.74,"p":175.0,"mot":"L","mo":1000.0}]},{"d":"21.05.2017","r":1.0174128E7,"q":6.85,"p":1999.82,"s":[{"cn":"DeathCookies3 LLC","ui":"4568205","t":1.0210848E7,"r":1.0173128E7,"q":6.85,"p":2000.0,"mot":"U","mo":1.0173128E7},{"cn":"","ui":"","t":997365.0,"r":1000.0,"q":4.74,"p":175.0,"mot":"L","mo":1000.0}]},{"d":"22.05.2017","r":1.0136408E7,"q":6.85,"p":1999.82,"s":[{"cn":"DeathCookies3 LLC","ui":"4568205","t":1.0173128E7,"r":1.0135408E7,"q":6.85,"p":2000.0,"mot":"U","mo":1.0135408E7},{"cn":"","ui":"","t":871865.0,"r":1000.0,"q":4.74,"p":175.0,"mot":"L","mo":1000.0}]},{"d":"23.05.2017","r":1.0098688E7,"q":6.85,"p":1999.82,"s":[{"cn":"DeathCookies3 LLC","ui":"4568205","t":1.0135408E7,"r":1.0097688E7,"q":6.85,"p":2000.0,"mot":"U","mo":1.0097688E7},{"cn":"","ui":"","t":745764.0,"r":1000.0,"q":4.74,"p":175.0,"mot":"L","mo":1000.0}]},{"d":"24.05.2017","r":1.0060968E7,"q":6.85,"p":1999.82,"s":[{"cn":"DeathCookies3 LLC","ui":"4568205","t":1.0097688E7,"r":1.0059968E7,"q":6.85,"p":2000.0,"mot":"U","mo":1.0059968E7},{"cn":"","ui":"","t":619164.0,"r":1000.0,"q":4.74,"p":175.0,"mot":"L","mo":1000.0}]},{"d":"25.05.2017","r":1.0043248E7,"q":6.86,"p":2000.81,"s":[{"cn":"DeathCookies3 LLC","ui":"4568205","t":1.0059968E7,"r":1.0022248E7,"q":6.85,"p":2000.0,"mot":"U","mo":1.0022248E7},{"cn":"","ui":"","t":877564.0,"r":21000.0,"q":10.63,"p":2389.29,"mot":"L","mo":21000.0}]},{"d":"26.05.2017","r":1.000464E7,"q":6.86,"p":2000.82,"s":[{"cn":"DeathCookies3 LLC","ui":"4568205","t":1.0021804E7,"r":9983640.0,"q":6.85,"p":2000.0,"mot":"U","mo":9983640.0},{"cn":"","ui":"","t":730464.0,"r":21000.0,"q":10.63,"p":2389.29,"mot":"L","mo":21000.0}]},{"d":"27.05.2017","r":9966476.0,"q":6.86,"p":2000.82,"s":[{"cn":"DeathCookies3 LLC","ui":"4568205","t":9983640.0,"r":9945476.0,"q":6.85,"p":2000.0,"mot":"U","mo":9945476.0},{"cn":"","ui":"","t":583364.0,"r":21000.0,"q":10.63,"p":2389.29,"mot":"L","mo":21000.0}]},{"d":"28.05.2017","r":9927312.0,"q":6.86,"p":2001.01,"s":[{"cn":"DeathCookies3 LLC","ui":"4568205","t":9945476.0,"r":9907312.0,"q":6.85,"p":2000.0,"mot":"U","mo":9907312.0},{"cn":"","ui":"","t":325000.0,"r":20000.0,"q":10.92,"p":2500.0,"mot":"L","mo":20000.0}]},{"d":"29.05.2017","r":20000.0,"q":10.92,"p":2500.0,"s":[{"cn":"GaraCorp","ui":"3719391","t":324999.0,"r":324998.0,"q":10.92,"p":2500.0,"mot":"L","mo":20000.0},{"cn":"","ui":"","t":0.0,"r":0.0,"q":0.0,"p":0.0,"mot":"L","mo":0.0}]},{"d":"30.05.2017","r":20000.0,"q":10.92,"p":2500.0,"s":[{"cn":"GaraCorp","ui":"3719391","t":324998.0,"r":324997.0,"q":10.92,"p":2500.0,"mot":"L","mo":20000.0},{"cn":"","ui":"","t":0.0,"r":0.0,"q":0.0,"p":0.0,"mot":"L","mo":0.0}]},{"d":"31.05.2017","r":20000.0,"q":10.92,"p":2500.0,"s":[{"cn":"GaraCorp","ui":"3719391","t":324997.0,"r":324996.0,"q":10.92,"p":2500.0,"mot":"L","mo":20000.0},{"cn":"","ui":"","t":0.0,"r":0.0,"q":0.0,"p":0.0,"mot":"L","mo":0.0}]},{"d":"01.06.2017","r":20000.0,"q":10.92,"p":2500.0,"s":[{"cn":"GaraCorp","ui":"3719391","t":324996.0,"r":324995.0,"q":10.92,"p":2500.0,"mot":"L","mo":20000.0},{"cn":"","ui":"","t":0.0,"r":0.0,"q":0.0,"p":0.0,"mot":"L","mo":0.0}]},{"d":"02.06.2017","r":9965476.0,"q":6.86,"p":2001.0,"s":[{"cn":"DeathCookies3 LLC","ui":"4568205","t":9945476.0,"r":9945476.0,"q":6.85,"p":2000.0,"mot":"U","mo":9945476.0},{"cn":"","ui":"","t":304996.0,"r":20000.0,"q":10.92,"p":2500.0,"mot":"L","mo":20000.0}]},{"d":"03.06.2017","r":9705476.0,"q":6.86,"p":2001.03,"s":[{"cn":"DeathCookies3 LLC","ui":"4568205","t":9815476.0,"r":9685476.0,"q":6.85,"p":2000.0,"mot":"U","mo":9685476.0},{"cn":"","ui":"","t":284996.0,"r":20000.0,"q":10.92,"p":2500.0,"mot":"L","mo":20000.0}]},{"d":"04.06.2017","r":9595476.0,"q":6.86,"p":2001.04,"s":[{"cn":"DeathCookies3 LLC","ui":"4568205","t":9695476.0,"r":9575476.0,"q":6.85,"p":2000.0,"mot":"U","mo":9575476.0},{"cn":"","ui":"","t":264996.0,"r":20000.0,"q":10.92,"p":2500.0,"mot":"L","mo":20000.0}]},{"d":"05.06.2017","r":9475476.0,"q":6.86,"p":2001.06,"s":[{"cn":"DeathCookies3 LLC","ui":"4568205","t":9575476.0,"r":9455476.0,"q":6.85,"p":2000.0,"mot":"U","mo":9455476.0},{"cn":"","ui":"","t":244996.0,"r":20000.0,"q":10.92,"p":2500.0,"mot":"L","mo":20000.0}]},{"d":"06.06.2017","r":9365065.0,"q":6.85,"p":1999.19,"s":[{"cn":"DeathCookies3 LLC","ui":"4568205","t":9455476.0,"r":9335476.0,"q":6.85,"p":2000.0,"mot":"U","mo":9335476.0},{"cn":"","ui":"","t":255685.0,"r":29589.0,"q":7.95,"p":1744.91,"mot":"L","mo":29589.0}]},{"d":"07.06.2017","r":9455476.0,"q":6.85,"p":2000.0,"s":[{"cn":"DeathCookies3 LLC","ui":"4568205","t":9455476.0,"r":9455476.0,"q":6.85,"p":2000.0,"mot":"U","mo":9455476.0},{"cn":"","ui":"","t":0.0,"r":0.0,"q":0.0,"p":0.0,"mot":"L","mo":0.0}]},{"d":"11.06.2017","r":9455474.0,"q":6.85,"p":2000.0,"s":[{"cn":"DeathCookies3 LLC","ui":"4568205","t":9455475.0,"r":9455474.0,"q":6.85,"p":2000.0,"mot":"U","mo":9455474.0},{"cn":"","ui":"","t":0.0,"r":0.0,"q":0.0,"p":0.0,"mot":"L","mo":0.0}]},{"d":"12.06.2017","r":9295475.0,"q":6.85,"p":2000.0,"s":[{"cn":"DeathCookies3 LLC","ui":"4568205","t":9375475.0,"r":9295475.0,"q":6.85,"p":2000.0,"mot":"U","mo":9295475.0},{"cn":"","ui":"","t":0.0,"r":0.0,"q":0.0,"p":0.0,"mot":"L","mo":0.0}]},{"d":"13.06.2017","r":9215475.0,"q":6.85,"p":2000.0,"s":[{"cn":"DeathCookies3 LLC","ui":"4568205","t":9295475.0,"r":9215475.0,"q":6.85,"p":2000.0,"mot":"U","mo":9215475.0},{"cn":"","ui":"","t":0.0,"r":0.0,"q":0.0,"p":0.0,"mot":"L","mo":0.0}]},{"d":"14.06.2017","r":9135475.0,"q":6.85,"p":2000.0,"s":[{"cn":"DeathCookies3 LLC","ui":"4568205","t":9215475.0,"r":9135475.0,"q":6.85,"p":2000.0,"mot":"U","mo":9135475.0},{"cn":"","ui":"","t":0.0,"r":0.0,"q":0.0,"p":0.0,"mot":"L","mo":0.0}]},{"d":"15.06.2017","r":9055475.0,"q":6.85,"p":2000.0,"s":[{"cn":"DeathCookies3 LLC","ui":"4568205","t":9135475.0,"r":9055475.0,"q":6.85,"p":2000.0,"mot":"U","mo":9055475.0},{"cn":"","ui":"","t":0.0,"r":0.0,"q":0.0,"p":0.0,"mot":"L","mo":0.0}]},{"d":"16.06.2017","r":8893475.0,"q":6.85,"p":2000.0,"s":[{"cn":"DeathCookies3 LLC","ui":"4568205","t":9014475.0,"r":8893475.0,"q":6.85,"p":2000.0,"mot":"U","mo":8893475.0},{"cn":"","ui":"","t":0.0,"r":0.0,"q":0.0,"p":0.0,"mot":"L","mo":0.0}]},{"d":"17.06.2017","r":4.1567663E7,"q":10.71,"p":4365.67,"s":[{"cn":"high tech LLC","ui":"4133735","t":3.2775188E7,"r":3.2775188E7,"q":11.74,"p":5000.0,"mot":"U","mo":3.2775188E7},{"cn":"DeathCookies3 LLC","ui":"4568205","t":8893475.0,"r":8772475.0,"q":6.85,"p":2000.0,"mot":"U","mo":8772475.0},{"cn":"","ui":"","t":224996.0,"r":20000.0,"q":10.92,"p":2500.0,"mot":"L","mo":20000.0}]},{"d":"18.06.2017","r":4.1446563E7,"q":10.72,"p":4372.58,"s":[{"cn":"high tech LLC","ui":"4133735","t":3.2775138E7,"r":3.2775088E7,"q":11.74,"p":5000.0,"mot":"U","mo":3.2775088E7},{"cn":"DeathCookies3 LLC","ui":"4568205","t":8772475.0,"r":8651475.0,"q":6.85,"p":2000.0,"mot":"U","mo":8651475.0},{"cn":"","ui":"","t":224986.0,"r":20000.0,"q":10.92,"p":2500.0,"mot":"L","mo":20000.0}]},{"d":"19.06.2017","r":8555175.0,"q":6.86,"p":2000.11,"s":[{"cn":"DeathCookies3 LLC","ui":"4568205","t":8651475.0,"r":8530475.0,"q":6.85,"p":2000.0,"mot":"U","mo":8530475.0},{"cn":"","ui":"","t":229676.0,"r":24700.0,"q":9.42,"p":2038.11,"mot":"L","mo":24700.0}]},{"d":"20.06.2017","r":20000.0,"q":10.92,"p":2500.0,"s":[{"cn":"GaraCorp","ui":"3719391","t":224966.0,"r":224956.0,"q":10.92,"p":2500.0,"mot":"L","mo":20000.0},{"cn":"","ui":"","t":0.0,"r":0.0,"q":0.0,"p":0.0,"mot":"L","mo":0.0}]},{"d":"21.06.2017","r":20000.0,"q":10.92,"p":2500.0,"s":[{"cn":"GaraCorp","ui":"3719391","t":224956.0,"r":224946.0,"q":10.92,"p":2500.0,"mot":"L","mo":20000.0},{"cn":"","ui":"","t":0.0,"r":0.0,"q":0.0,"p":0.0,"mot":"L","mo":0.0}]},{"d":"22.06.2017","r":20000.0,"q":10.92,"p":2500.0,"s":[{"cn":"GaraCorp","ui":"3719391","t":224946.0,"r":224936.0,"q":10.92,"p":2500.0,"mot":"L","mo":20000.0},{"cn":"","ui":"","t":0.0,"r":0.0,"q":0.0,"p":0.0,"mot":"L","mo":0.0}]},{"d":"23.06.2017","r":20000.0,"q":10.92,"p":2500.0,"s":[{"cn":"GaraCorp","ui":"3719391","t":224936.0,"r":224926.0,"q":10.92,"p":2500.0,"mot":"L","mo":20000.0},{"cn":"","ui":"","t":0.0,"r":0.0,"q":0.0,"p":0.0,"mot":"L","mo":0.0}]},{"d":"24.06.2017","r":20000.0,"q":10.92,"p":2500.0,"s":[{"cn":"GaraCorp","ui":"3719391","t":224926.0,"r":224916.0,"q":10.92,"p":2500.0,"mot":"L","mo":20000.0},{"cn":"","ui":"","t":0.0,"r":0.0,"q":0.0,"p":0.0,"mot":"L","mo":0.0}]},{"d":"25.06.2017","r":20000.0,"q":10.92,"p":2500.0,"s":[{"cn":"GaraCorp","ui":"3719391","t":224916.0,"r":224906.0,"q":10.92,"p":2500.0,"mot":"L","mo":20000.0},{"cn":"","ui":"","t":0.0,"r":0.0,"q":0.0,"p":0.0,"mot":"L","mo":0.0}]},{"d":"26.06.2017","r":20000.0,"q":10.92,"p":2500.0,"s":[{"cn":"GaraCorp","ui":"3719391","t":224906.0,"r":224896.0,"q":10.92,"p":2500.0,"mot":"L","mo":20000.0},{"cn":"","ui":"","t":0.0,"r":0.0,"q":0.0,"p":0.0,"mot":"L","mo":0.0}]},{"d":"27.06.2017","r":20000.0,"q":10.92,"p":2500.0,"s":[{"cn":"GaraCorp","ui":"3719391","t":224896.0,"r":224886.0,"q":10.92,"p":2500.0,"mot":"L","mo":20000.0},{"cn":"","ui":"","t":0.0,"r":0.0,"q":0.0,"p":0.0,"mot":"L","mo":0.0}]},{"d":"28.06.2017","r":20000.0,"q":10.92,"p":2500.0,"s":[{"cn":"GaraCorp","ui":"3719391","t":224886.0,"r":224876.0,"q":10.92,"p":2500.0,"mot":"L","mo":20000.0},{"cn":"","ui":"","t":0.0,"r":0.0,"q":0.0,"p":0.0,"mot":"L","mo":0.0}]},{"d":"29.06.2017","r":2.9222203E7,"q":4.08,"p":1065.36,"s":[{"cn":"xErcegua Trade","ui":"3677986","t":7301817.0,"r":7301817.0,"q":3.54,"p":1250.0,"mot":"U","mo":7301817.0},{"cn":"100","ui":"4666373","t":2.0711865E7,"r":2.0711865E7,"q":4.32,"p":1000.0,"mot":"U","mo":2.0711865E7},{"cn":"","ui":"","t":1413397.0,"r":1208521.0,"q":3.25,"p":1069.91,"mot":"L","mo":1208521.0}]},{"d":"01.07.2017","r":7327265.0,"q":3.56,"p":1254.27,"s":[{"cn":"xErcegua Trade","ui":"3677986","t":7298817.0,"r":7295817.0,"q":3.54,"p":1250.0,"mot":"U","mo":7295817.0},{"cn":"","ui":"","t":255192.0,"r":31448.0,"q":8.69,"p":2245.18,"mot":"L","mo":31448.0}]},{"d":"02.07.2017","r":7312817.0,"q":3.56,"p":1253.42,"s":[{"cn":"xErcegua Trade","ui":"3677986","t":7295817.0,"r":7292817.0,"q":3.54,"p":1250.0,"mot":"U","mo":7292817.0},{"cn":"","ui":"","t":224846.0,"r":20000.0,"q":10.92,"p":2500.0,"mot":"L","mo":20000.0}]},{"d":"03.07.2017","r":7475359.0,"q":3.53,"p":1247.81,"s":[{"cn":"xErcegua Trade","ui":"3677986","t":7292817.0,"r":7289817.0,"q":3.54,"p":1250.0,"mot":"U","mo":7289817.0},{"cn":"","ui":"","t":430378.0,"r":185542.0,"q":3.19,"p":1161.69,"mot":"L","mo":185542.0}]},{"d":"04.07.2017","r":7432359.0,"q":3.54,"p":1249.14,"s":[{"cn":"xErcegua Trade","ui":"3677986","t":7289817.0,"r":7286817.0,"q":3.54,"p":1250.0,"mot":"U","mo":7286817.0},{"cn":"","ui":"","t":390368.0,"r":145542.0,"q":3.45,"p":1206.13,"mot":"L","mo":145542.0}]},{"d":"05.07.2017","r":7389359.0,"q":3.55,"p":1250.49,"s":[{"cn":"xErcegua Trade","ui":"3677986","t":7286817.0,"r":7283817.0,"q":3.54,"p":1250.0,"mot":"U","mo":7283817.0},{"cn":"","ui":"","t":350358.0,"r":105542.0,"q":3.9,"p":1284.25,"mot":"L","mo":105542.0}]},{"d":"06.07.2017","r":7336359.0,"q":3.55,"p":1252.2,"s":[{"cn":"xErcegua Trade","ui":"3677986","t":7283817.0,"r":7280817.0,"q":3.54,"p":1250.0,"mot":"U","mo":7280817.0},{"cn":"","ui":"","t":305348.0,"r":55542.0,"q":5.38,"p":1540.13,"mot":"L","mo":55542.0}]},{"d":"07.07.2017","r":7297817.0,"q":3.56,"p":1253.43,"s":[{"cn":"xErcegua Trade","ui":"3677986","t":7280817.0,"r":7277817.0,"q":3.54,"p":1250.0,"mot":"U","mo":7277817.0},{"cn":"","ui":"","t":224796.0,"r":20000.0,"q":10.92,"p":2500.0,"mot":"L","mo":20000.0}]},{"d":"08.07.2017","r":1.5946292E7,"q":5.35,"p":1658.47,"s":[{"cn":"xErcegua Trade","ui":"3677986","t":7277817.0,"r":7274817.0,"q":3.54,"p":1250.0,"mot":"U","mo":7274817.0},{"cn":"DeathCookies3 LLC","ui":"4568205","t":8651475.0,"r":8651475.0,"q":6.85,"p":2000.0,"mot":"U","mo":8651475.0},{"cn":"","ui":"","t":224786.0,"r":20000.0,"q":10.92,"p":2500.0,"mot":"L","mo":20000.0}]},{"d":"09.07.2017","r":1.5898848E7,"q":5.34,"p":1657.59,"s":[{"cn":"xErcegua Trade","ui":"3677986","t":7274817.0,"r":7271817.0,"q":3.54,"p":1250.0,"mot":"U","mo":7271817.0},{"cn":"DeathCookies3 LLC","ui":"4568205","t":8629253.0,"r":8607031.0,"q":6.85,"p":2000.0,"mot":"U","mo":8607031.0},{"cn":"","ui":"","t":224776.0,"r":20000.0,"q":10.92,"p":2500.0,"mot":"L","mo":20000.0}]},{"d":"10.07.2017","r":4.8619654E7,"q":9.65,"p":3910.41,"s":[{"cn":"xErcegua Trade","ui":"3677986","t":7271817.0,"r":7268817.0,"q":3.54,"p":1250.0,"mot":"U","mo":7268817.0},{"cn":"high tech LLC","ui":"4133735","t":3.2775138E7,"r":3.2775138E7,"q":11.74,"p":5000.0,"mot":"U","mo":3.2775138E7},{"cn":"DeathCookies3 LLC","ui":"4568205","t":8591476.0,"r":8553699.0,"q":6.85,"p":2000.0,"mot":"U","mo":8553699.0},{"cn":"","ui":"","t":226766.0,"r":22000.0,"q":10.36,"p":2436.36,"mot":"L","mo":22000.0}]}]