[{"pi":"422717","pc":"Автомобильные товары","ss":10000,"td":"Центр города","dc":1,"n":444.35,"vc":"около 50 000","sl":"Очень высокий","sv":"около 5 000","p":6500.0,"q":58.97,"b":4.22,"ms":22.75,"wi":86.09,"ei":18.78,"as":246.51,"mi":"E","mv":20576,"sc":1,"lpe":77.25,"lpr":9136.76,"lq":2.2,"d":1138},{"pi":"422717","pc":"Автомобильные товары","ss":10000,"td":"Центр города","dc":1,"n":444.35,"vc":"около 50 000","sl":"Очень высокий","sv":"около 5 000","p":6500.0,"q":58.97,"b":4.22,"ms":22.75,"wi":86.09,"ei":18.78,"as":246.51,"mi":"E","mv":20576,"sc":1,"lpe":77.25,"lpr":9136.76,"lq":2.2,"d":1138},{"pi":"422717","pc":"Автомобильные товары","ss":10000,"td":"Центр города","dc":1,"n":444.35,"vc":"около 50 000","sl":"Очень высокий","sv":"около 5 000","p":6500.0,"q":58.97,"b":4.22,"ms":22.75,"wi":86.09,"ei":18.78,"as":246.51,"mi":"E","mv":20576,"sc":1,"lpe":77.25,"lpr":9136.76,"lq":2.2,"d":1138},{"pi":"422717","pc":"Автомобильные товары","ss":10000,"td":"Центр города","dc":1,"n":444.35,"vc":"около 50 000","sl":"Очень высокий","sv":"около 5 000","p":6500.0,"q":58.97,"b":4.22,"ms":22.75,"wi":86.09,"ei":18.78,"as":246.51,"mi":"E","mv":20576,"sc":1,"lpe":77.25,"lpr":9136.76,"lq":2.2,"d":1138},{"pi":"422717","pc":"Автомобильные товары","ss":10000,"td":"Центр города","dc":1,"n":444.35,"vc":"около 50 000","sl":"Очень высокий","sv":"около 5 000","p":6500.0,"q":58.97,"b":4.22,"ms":22.75,"wi":86.09,"ei":18.78,"as":246.51,"mi":"E","mv":20576,"sc":1,"lpe":77.25,"lpr":9136.76,"lq":2.2,"d":1138},{"pi":"422717","pc":"Автомобильные товары","ss":10000,"td":"Центр города","dc":1,"n":444.35,"vc":"около 50 000","sl":"Очень высокий","sv":"около 5 000","p":6500.0,"q":58.97,"b":4.22,"ms":22.75,"wi":86.09,"ei":18.78,"as":246.51,"mi":"E","mv":20576,"sc":1,"lpe":77.25,"lpr":9136.76,"lq":2.2,"d":1138},{"pi":"422717","pc":"Автомобильные товары","ss":10000,"td":"Центр города","dc":1,"n":444.35,"vc":"около 50 000","sl":"Очень высокий","sv":"около 5 000","p":6500.0,"q":58.97,"b":4.22,"ms":22.75,"wi":86.09,"ei":18.78,"as":246.51,"mi":"E","mv":20576,"sc":1,"lpe":77.25,"lpr":9136.76,"lq":2.2,"d":1138},{"pi":"422717","pc":"Автомобильные товары","ss":10000,"td":"Центр города","dc":1,"n":444.35,"vc":"около 50 000","sl":"Очень высокий","sv":"около 5 000","p":6500.0,"q":58.97,"b":4.22,"ms":22.75,"wi":86.09,"ei":18.78,"as":246.51,"mi":"E","mv":20576,"sc":1,"lpe":77.25,"lpr":9136.76,"lq":2.2,"d":1138},{"pi":"422717","pc":"Автомобильные товары","ss":10000,"td":"Центр города","dc":1,"n":444.35,"vc":"около 50 000","sl":"Очень высокий","sv":"около 5 000","p":6500.0,"q":58.97,"b":4.22,"ms":22.75,"wi":86.09,"ei":18.78,"as":246.51,"mi":"E","mv":20576,"sc":1,"lpe":77.25,"lpr":9136.76,"lq":2.2,"d":1138},{"pi":"422717","pc":"Автомобильные товары","ss":10000,"td":"Центр города","dc":1,"n":444.35,"vc":"около 50 000","sl":"Очень высокий","sv":"около 5 000","p":6500.0,"q":58.97,"b":4.22,"ms":22.75,"wi":86.09,"ei":18.78,"as":246.51,"mi":"E","mv":20576,"sc":1,"lpe":77.25,"lpr":9136.76,"lq":2.2,"d":1138},{"pi":"422717","pc":"Автомобильные товары","ss":10000,"td":"Центр города","dc":1,"n":444.35,"vc":"около 50 000","sl":"Очень высокий","sv":"около 5 000","p":6500.0,"q":58.97,"b":4.22,"ms":22.75,"wi":86.09,"ei":18.78,"as":246.51,"mi":"E","mv":20576,"sc":1,"lpe":77.25,"lpr":9136.76,"lq":2.2,"d":1138},{"pi":"422717","pc":"Автомобильные товары","ss":10000,"td":"Центр города","dc":1,"n":444.35,"vc":"около 50 000","sl":"Очень высокий","sv":"около 5 000","p":6500.0,"q":58.97,"b":4.22,"ms":22.75,"wi":86.09,"ei":18.78,"as":246.51,"mi":"E","mv":20576,"sc":1,"lpe":77.25,"lpr":9136.76,"lq":2.2,"d":1138},{"pi":"422717","pc":"Автомобильные товары","ss":10000,"td":"Центр города","dc":1,"n":417.7,"vc":"более 20 000","sl":"Элитный","sv":"около 500","p":6120.0,"q":11.63,"b":0.0,"ms":2.28,"wi":117.08,"ei":9.12,"as":471.43,"mi":"E","mv":26302,"sc":1,"lpe":97.72,"lpr":14947.95,"lq":1.0,"d":1446},{"pi":"422717","pc":"Автомобильные товары","ss":10000,"td":"Центр города","dc":1,"n":417.7,"vc":"более 20 000","sl":"Элитный","sv":"около 500","p":6120.0,"q":11.63,"b":0.0,"ms":2.28,"wi":117.08,"ei":9.12,"as":471.43,"mi":"E","mv":26302,"sc":1,"lpe":97.72,"lpr":14947.95,"lq":1.0,"d":1446},{"pi":"422717","pc":"Автомобильные товары","ss":10000,"td":"Центр города","dc":1,"n":417.7,"vc":"более 20 000","sl":"Элитный","sv":"около 500","p":6120.0,"q":11.63,"b":0.0,"ms":2.28,"wi":117.08,"ei":9.12,"as":471.43,"mi":"E","mv":26302,"sc":1,"lpe":97.72,"lpr":14947.95,"lq":1.0,"d":1446},{"pi":"422717","pc":"Автомобильные товары","ss":10000,"td":"Центр города","dc":1,"n":417.7,"vc":"более 20 000","sl":"Элитный","sv":"около 500","p":6120.0,"q":11.63,"b":0.0,"ms":2.28,"wi":117.08,"ei":9.12,"as":471.43,"mi":"E","mv":26302,"sc":1,"lpe":97.72,"lpr":14947.95,"lq":1.0,"d":1446},{"pi":"422717","pc":"Автомобильные товары","ss":10000,"td":"Центр города","dc":1,"n":417.7,"vc":"более 20 000","sl":"Элитный","sv":"около 500","p":6120.0,"q":11.63,"b":0.0,"ms":2.28,"wi":117.08,"ei":9.12,"as":471.43,"mi":"E","mv":26302,"sc":1,"lpe":97.72,"lpr":14947.95,"lq":1.0,"d":1446},{"pi":"422717","pc":"Автомобильные товары","ss":10000,"td":"Центр города","dc":1,"n":417.7,"vc":"более 20 000","sl":"Элитный","sv":"около 500","p":6120.0,"q":11.63,"b":0.0,"ms":2.28,"wi":117.08,"ei":9.12,"as":471.43,"mi":"E","mv":26302,"sc":1,"lpe":97.72,"lpr":14947.95,"lq":1.0,"d":1446},{"pi":"422717","pc":"Автомобильные товары","ss":10000,"td":"Центр города","dc":1,"n":417.7,"vc":"более 20 000","sl":"Элитный","sv":"около 500","p":6120.0,"q":11.63,"b":0.0,"ms":2.28,"wi":117.08,"ei":9.12,"as":471.43,"mi":"E","mv":26302,"sc":1,"lpe":97.72,"lpr":14947.95,"lq":1.0,"d":1446},{"pi":"422717","pc":"Автомобильные товары","ss":10000,"td":"Центр города","dc":1,"n":417.7,"vc":"более 20 000","sl":"Элитный","sv":"около 500","p":6120.0,"q":11.63,"b":0.0,"ms":2.28,"wi":117.08,"ei":9.12,"as":471.43,"mi":"E","mv":26302,"sc":1,"lpe":97.72,"lpr":14947.95,"lq":1.0,"d":1446},{"pi":"422717","pc":"Автомобильные товары","ss":10000,"td":"Центр города","dc":1,"n":417.7,"vc":"более 20 000","sl":"Элитный","sv":"около 500","p":6120.0,"q":11.63,"b":0.0,"ms":2.28,"wi":117.08,"ei":9.12,"as":471.43,"mi":"E","mv":26302,"sc":1,"lpe":97.72,"lpr":14947.95,"lq":1.0,"d":1446},{"pi":"422717","pc":"Автомобильные товары","ss":10000,"td":"Центр города","dc":1,"n":417.7,"vc":"более 20 000","sl":"Элитный","sv":"около 500","p":6120.0,"q":11.63,"b":0.0,"ms":2.28,"wi":117.08,"ei":9.12,"as":471.43,"mi":"E","mv":26302,"sc":1,"lpe":97.72,"lpr":14947.95,"lq":1.0,"d":1446},{"pi":"422717","pc":"Автомобильные товары","ss":10000,"td":"Центр города","dc":1,"n":417.7,"vc":"более 20 000","sl":"Элитный","sv":"около 500","p":6120.0,"q":11.63,"b":0.0,"ms":2.28,"wi":117.08,"ei":9.12,"as":471.43,"mi":"E","mv":26302,"sc":1,"lpe":97.72,"lpr":14947.95,"lq":1.0,"d":1446},{"pi":"422717","pc":"Автомобильные товары","ss":10000,"td":"Центр города","dc":1,"n":417.7,"vc":"более 20 000","sl":"Элитный","sv":"около 500","p":6120.0,"q":11.63,"b":0.0,"ms":2.28,"wi":117.08,"ei":9.12,"as":471.43,"mi":"E","mv":26302,"sc":1,"lpe":97.72,"lpr":14947.95,"lq":1.0,"d":1446},{"pi":"422717","pc":"Автомобильные товары","ss":10000,"td":"Центр города","dc":1,"n":417.7,"vc":"более 20 000","sl":"Элитный","sv":"около 500","p":6120.0,"q":11.63,"b":0.0,"ms":2.28,"wi":117.08,"ei":9.12,"as":471.43,"mi":"E","mv":26302,"sc":1,"lpe":97.72,"lpr":14947.95,"lq":1.0,"d":1446},{"pi":"422717","pc":"Автомобильные товары","ss":10000,"td":"Центр города","dc":1,"n":417.7,"vc":"более 20 000","sl":"Элитный","sv":"около 500","p":6120.0,"q":11.63,"b":0.0,"ms":2.28,"wi":117.08,"ei":9.12,"as":471.43,"mi":"E","mv":26302,"sc":1,"lpe":97.72,"lpr":14947.95,"lq":1.0,"d":1446},{"pi":"422717","pc":"Автомобильные товары","ss":10000,"td":"Центр города","dc":1,"n":417.7,"vc":"более 20 000","sl":"Элитный","sv":"около 500","p":6120.0,"q":11.63,"b":0.0,"ms":2.28,"wi":117.08,"ei":9.12,"as":471.43,"mi":"E","mv":26302,"sc":1,"lpe":97.72,"lpr":14947.95,"lq":1.0,"d":1446},{"pi":"422717","pc":"Автомобильные товары","ss":10000,"td":"Центр города","dc":1,"n":469.36,"vc":"более 20 000","sl":"Очень высокий","sv":"более 2 000","p":5000.0,"q":58.97,"b":0.0,"ms":22.99,"wi":130.48,"ei":8.06,"as":406.58,"mi":"E","mv":12264,"sc":1,"lpe":77.01,"lpr":11957.8,"lq":2.88,"d":674},{"pi":"422717","pc":"Автомобильные товары","ss":10000,"td":"Центр города","dc":1,"n":469.36,"vc":"более 20 000","sl":"Очень высокий","sv":"более 2 000","p":5000.0,"q":58.97,"b":0.0,"ms":22.99,"wi":130.48,"ei":8.06,"as":406.58,"mi":"E","mv":12264,"sc":1,"lpe":77.01,"lpr":11957.8,"lq":2.88,"d":674},{"pi":"422717","pc":"Автомобильные товары","ss":10000,"td":"Центр города","dc":1,"n":469.36,"vc":"более 20 000","sl":"Очень высокий","sv":"более 2 000","p":5000.0,"q":58.97,"b":0.0,"ms":22.99,"wi":130.48,"ei":8.06,"as":406.58,"mi":"E","mv":12264,"sc":1,"lpe":77.01,"lpr":11957.8,"lq":2.88,"d":674},{"pi":"422717","pc":"Автомобильные товары","ss":10000,"td":"Центр города","dc":1,"n":469.36,"vc":"более 20 000","sl":"Очень высокий","sv":"более 2 000","p":5000.0,"q":58.97,"b":0.0,"ms":22.99,"wi":130.48,"ei":8.06,"as":406.58,"mi":"E","mv":12264,"sc":1,"lpe":77.01,"lpr":11957.8,"lq":2.88,"d":674},{"pi":"422717","pc":"Автомобильные товары","ss":10000,"td":"Центр города","dc":1,"n":469.36,"vc":"более 20 000","sl":"Очень высокий","sv":"более 2 000","p":5000.0,"q":58.97,"b":0.0,"ms":22.99,"wi":130.48,"ei":8.06,"as":406.58,"mi":"E","mv":12264,"sc":1,"lpe":77.01,"lpr":11957.8,"lq":2.88,"d":674},{"pi":"422717","pc":"Автомобильные товары","ss":10000,"td":"Центр города","dc":1,"n":469.36,"vc":"более 20 000","sl":"Очень высокий","sv":"более 2 000","p":5000.0,"q":58.97,"b":0.0,"ms":22.99,"wi":130.48,"ei":8.06,"as":406.58,"mi":"E","mv":12264,"sc":1,"lpe":77.01,"lpr":11957.8,"lq":2.88,"d":674},{"pi":"422717","pc":"Автомобильные товары","ss":10000,"td":"Центр города","dc":1,"n":469.36,"vc":"более 20 000","sl":"Очень высокий","sv":"более 2 000","p":5000.0,"q":58.97,"b":0.0,"ms":22.99,"wi":130.48,"ei":8.06,"as":406.58,"mi":"E","mv":12264,"sc":1,"lpe":77.01,"lpr":11957.8,"lq":2.88,"d":674},{"pi":"422717","pc":"Автомобильные товары","ss":10000,"td":"Центр города","dc":1,"n":469.36,"vc":"более 20 000","sl":"Очень высокий","sv":"более 2 000","p":5000.0,"q":58.97,"b":0.0,"ms":22.99,"wi":130.48,"ei":8.06,"as":406.58,"mi":"E","mv":12264,"sc":1,"lpe":77.01,"lpr":11957.8,"lq":2.88,"d":674},{"pi":"422717","pc":"Автомобильные товары","ss":10000,"td":"Центр города","dc":1,"n":469.36,"vc":"более 20 000","sl":"Очень высокий","sv":"более 2 000","p":5000.0,"q":58.97,"b":0.0,"ms":22.99,"wi":130.48,"ei":8.06,"as":406.58,"mi":"E","mv":12264,"sc":1,"lpe":77.01,"lpr":11957.8,"lq":2.88,"d":674},{"pi":"422717","pc":"Автомобильные товары","ss":10000,"td":"Центр города","dc":1,"n":469.36,"vc":"более 20 000","sl":"Очень высокий","sv":"более 2 000","p":5000.0,"q":58.97,"b":0.0,"ms":22.99,"wi":130.48,"ei":8.06,"as":406.58,"mi":"E","mv":12264,"sc":1,"lpe":77.01,"lpr":11957.8,"lq":2.88,"d":674},{"pi":"422717","pc":"Автомобильные товары","ss":10000,"td":"Центр города","dc":1,"n":469.36,"vc":"более 20 000","sl":"Очень высокий","sv":"более 2 000","p":5000.0,"q":58.97,"b":0.0,"ms":22.99,"wi":130.48,"ei":8.06,"as":406.58,"mi":"E","mv":12264,"sc":1,"lpe":77.01,"lpr":11957.8,"lq":2.88,"d":674},{"pi":"422717","pc":"Автомобильные товары","ss":100,"td":"Центр города","dc":1,"n":46.94,"vc":"около 100","sl":"Низкий","sv":"менее 50","p":2806.84,"q":1.05,"b":0.0,"ms":0.01,"wi":20.27,"ei":4.88,"as":79.26,"mi":"E","mv":15812,"sc":1,"lpe":99.99,"lpr":2378.47,"lq":1.0,"d":1022},{"pi":"422717","pc":"Автомобильные товары","ss":100,"td":"Центр города","dc":1,"n":46.94,"vc":"около 100","sl":"Низкий","sv":"менее 50","p":2806.84,"q":1.05,"b":0.0,"ms":0.01,"wi":20.27,"ei":4.88,"as":79.26,"mi":"E","mv":15812,"sc":1,"lpe":99.99,"lpr":2378.47,"lq":1.0,"d":1022},{"pi":"422717","pc":"Автомобильные товары","ss":100,"td":"Центр города","dc":1,"n":46.94,"vc":"около 100","sl":"Низкий","sv":"менее 50","p":2806.84,"q":1.05,"b":0.0,"ms":0.01,"wi":20.27,"ei":4.88,"as":79.26,"mi":"E","mv":15812,"sc":1,"lpe":99.99,"lpr":2378.47,"lq":1.0,"d":1022},{"pi":"422717","pc":"Автомобильные товары","ss":100,"td":"Центр города","dc":1,"n":46.94,"vc":"около 100","sl":"Низкий","sv":"менее 50","p":2806.84,"q":1.05,"b":0.0,"ms":0.01,"wi":20.27,"ei":4.88,"as":79.26,"mi":"E","mv":15812,"sc":1,"lpe":99.99,"lpr":2378.47,"lq":1.0,"d":1022},{"pi":"422717","pc":"Автомобильные товары","ss":100,"td":"Центр города","dc":1,"n":46.94,"vc":"около 100","sl":"Низкий","sv":"менее 50","p":2806.84,"q":1.05,"b":0.0,"ms":0.01,"wi":20.27,"ei":4.88,"as":79.26,"mi":"E","mv":15812,"sc":1,"lpe":99.99,"lpr":2378.47,"lq":1.0,"d":1022},{"pi":"422717","pc":"Автомобильные товары","ss":100,"td":"Центр города","dc":1,"n":46.94,"vc":"около 100","sl":"Низкий","sv":"менее 50","p":2806.84,"q":1.05,"b":0.0,"ms":0.01,"wi":20.27,"ei":4.88,"as":79.26,"mi":"E","mv":15812,"sc":1,"lpe":99.99,"lpr":2378.47,"lq":1.0,"d":1022},{"pi":"422717","pc":"Автомобильные товары","ss":100,"td":"Центр города","dc":1,"n":46.94,"vc":"около 100","sl":"Низкий","sv":"менее 50","p":2806.84,"q":1.05,"b":0.0,"ms":0.01,"wi":20.27,"ei":4.88,"as":79.26,"mi":"E","mv":15812,"sc":1,"lpe":99.99,"lpr":2378.47,"lq":1.0,"d":1022},{"pi":"422717","pc":"Автомобильные товары","ss":100000,"td":"Центр города","dc":2,"n":0.0,"vc":"около 5 000","sl":"Элитный","sv":"около 50","p":15245.08,"q":11.61,"b":0.0,"ms":0.17,"wi":45.02,"ei":7.95,"as":142.96,"mi":"E","mv":40521,"sc":1,"lpe":99.83,"lpr":7404.92,"lq":1.0,"d":3898},{"pi":"422717","pc":"Автомобильные товары","ss":100000,"td":"Центр города","dc":2,"n":0.0,"vc":"около 5 000","sl":"Элитный","sv":"около 50","p":15245.08,"q":11.61,"b":0.0,"ms":0.17,"wi":45.02,"ei":7.95,"as":142.96,"mi":"E","mv":40521,"sc":1,"lpe":99.83,"lpr":7404.92,"lq":1.0,"d":3898},{"pi":"422717","pc":"Автомобильные товары","ss":100000,"td":"Центр города","dc":2,"n":0.0,"vc":"около 5 000","sl":"Элитный","sv":"около 50","p":15245.08,"q":11.61,"b":0.0,"ms":0.17,"wi":45.02,"ei":7.95,"as":142.96,"mi":"E","mv":40521,"sc":1,"lpe":99.83,"lpr":7404.92,"lq":1.0,"d":3898},{"pi":"422717","pc":"Автомобильные товары","ss":100000,"td":"Центр города","dc":2,"n":0.0,"vc":"около 5 000","sl":"Элитный","sv":"около 50","p":15245.08,"q":11.61,"b":0.0,"ms":0.17,"wi":45.02,"ei":7.95,"as":142.96,"mi":"E","mv":40521,"sc":1,"lpe":99.83,"lpr":7404.92,"lq":1.0,"d":3898},{"pi":"422717","pc":"Автомобильные товары","ss":100000,"td":"Центр города","dc":2,"n":0.0,"vc":"около 5 000","sl":"Элитный","sv":"около 50","p":15245.08,"q":11.61,"b":0.0,"ms":0.17,"wi":45.02,"ei":7.95,"as":142.96,"mi":"E","mv":40521,"sc":1,"lpe":99.83,"lpr":7404.92,"lq":1.0,"d":3898},{"pi":"422717","pc":"Автомобильные товары","ss":100000,"td":"Центр города","dc":2,"n":0.0,"vc":"около 5 000","sl":"Элитный","sv":"около 50","p":15245.08,"q":11.61,"b":0.0,"ms":0.17,"wi":45.02,"ei":7.95,"as":142.96,"mi":"E","mv":40521,"sc":1,"lpe":99.83,"lpr":7404.92,"lq":1.0,"d":3898},{"pi":"422717","pc":"Автомобильные товары","ss":100000,"td":"Центр города","dc":2,"n":0.0,"vc":"около 5 000","sl":"Элитный","sv":"около 50","p":15245.08,"q":11.61,"b":0.0,"ms":0.17,"wi":45.02,"ei":7.95,"as":142.96,"mi":"E","mv":40521,"sc":1,"lpe":99.83,"lpr":7404.92,"lq":1.0,"d":3898},{"pi":"422717","pc":"Автомобильные товары","ss":100000,"td":"Центр города","dc":2,"n":0.0,"vc":"около 5 000","sl":"Элитный","sv":"около 50","p":15245.08,"q":11.61,"b":0.0,"ms":0.17,"wi":45.02,"ei":7.95,"as":142.96,"mi":"E","mv":40521,"sc":1,"lpe":99.83,"lpr":7404.92,"lq":1.0,"d":3898},{"pi":"422717","pc":"Автомобильные товары","ss":10000,"td":"Центр города","dc":1,"n":429.31,"vc":"более 20 000","sl":"Очень высокий","sv":"около 5 000","p":6000.0,"q":58.97,"b":5.72,"ms":25.48,"wi":141.23,"ei":9.11,"as":1826.25,"mi":"E","mv":21686,"sc":1,"lpe":74.52,"lpr":7816.8,"lq":2.07,"d":1192},{"pi":"422717","pc":"Автомобильные товары","ss":10000,"td":"Центр города","dc":1,"n":429.31,"vc":"более 20 000","sl":"Очень высокий","sv":"около 5 000","p":6000.0,"q":58.97,"b":5.72,"ms":25.48,"wi":141.23,"ei":9.11,"as":1826.25,"mi":"E","mv":21686,"sc":1,"lpe":74.52,"lpr":7816.8,"lq":2.07,"d":1192},{"pi":"422717","pc":"Автомобильные товары","ss":10000,"td":"Центр города","dc":1,"n":429.31,"vc":"более 20 000","sl":"Очень высокий","sv":"около 5 000","p":6000.0,"q":58.97,"b":5.72,"ms":25.48,"wi":141.23,"ei":9.11,"as":1826.25,"mi":"E","mv":21686,"sc":1,"lpe":74.52,"lpr":7816.8,"lq":2.07,"d":1192},{"pi":"422717","pc":"Автомобильные товары","ss":10000,"td":"Центр города","dc":1,"n":429.31,"vc":"более 20 000","sl":"Очень высокий","sv":"около 5 000","p":6000.0,"q":58.97,"b":5.72,"ms":25.48,"wi":141.23,"ei":9.11,"as":1826.25,"mi":"E","mv":21686,"sc":1,"lpe":74.52,"lpr":7816.8,"lq":2.07,"d":1192},{"pi":"422717","pc":"Автомобильные товары","ss":10000,"td":"Центр города","dc":1,"n":429.31,"vc":"более 20 000","sl":"Очень высокий","sv":"около 5 000","p":6000.0,"q":58.97,"b":5.72,"ms":25.48,"wi":141.23,"ei":9.11,"as":1826.25,"mi":"E","mv":21686,"sc":1,"lpe":74.52,"lpr":7816.8,"lq":2.07,"d":1192},{"pi":"422717","pc":"Автомобильные товары","ss":10000,"td":"Центр города","dc":1,"n":429.31,"vc":"более 20 000","sl":"Очень высокий","sv":"около 5 000","p":6000.0,"q":58.97,"b":5.72,"ms":25.48,"wi":141.23,"ei":9.11,"as":1826.25,"mi":"E","mv":21686,"sc":1,"lpe":74.52,"lpr":7816.8,"lq":2.07,"d":1192},{"pi":"422717","pc":"Автомобильные товары","ss":10000,"td":"Центр города","dc":1,"n":429.31,"vc":"более 20 000","sl":"Очень высокий","sv":"около 5 000","p":6000.0,"q":58.97,"b":5.72,"ms":25.48,"wi":141.23,"ei":9.11,"as":1826.25,"mi":"E","mv":21686,"sc":1,"lpe":74.52,"lpr":7816.8,"lq":2.07,"d":1192},{"pi":"422717","pc":"Автомобильные товары","ss":10000,"td":"Центр города","dc":1,"n":429.31,"vc":"более 20 000","sl":"Очень высокий","sv":"около 5 000","p":6000.0,"q":58.97,"b":5.72,"ms":25.48,"wi":141.23,"ei":9.11,"as":1826.25,"mi":"E","mv":21686,"sc":1,"lpe":74.52,"lpr":7816.8,"lq":2.07,"d":1192},{"pi":"422717","pc":"Автомобильные товары","ss":10000,"td":"Центр города","dc":1,"n":429.31,"vc":"более 20 000","sl":"Очень высокий","sv":"около 5 000","p":6000.0,"q":58.97,"b":5.72,"ms":25.48,"wi":141.23,"ei":9.11,"as":1826.25,"mi":"E","mv":21686,"sc":1,"lpe":74.52,"lpr":7816.8,"lq":2.07,"d":1192},{"pi":"422717","pc":"Автомобильные товары","ss":10000,"td":"Центр города","dc":1,"n":429.31,"vc":"более 20 000","sl":"Очень высокий","sv":"около 5 000","p":6000.0,"q":58.97,"b":5.72,"ms":25.48,"wi":141.23,"ei":9.11,"as":1826.25,"mi":"E","mv":21686,"sc":1,"lpe":74.52,"lpr":7816.8,"lq":2.07,"d":1192},{"pi":"422717","pc":"Автомобильные товары","ss":10000,"td":"Центр города","dc":1,"n":429.31,"vc":"более 20 000","sl":"Очень высокий","sv":"около 5 000","p":6000.0,"q":58.97,"b":5.72,"ms":25.48,"wi":141.23,"ei":9.11,"as":1826.25,"mi":"E","mv":21686,"sc":1,"lpe":74.52,"lpr":7816.8,"lq":2.07,"d":1192},{"pi":"422717","pc":"Автомобильные товары","ss":10000,"td":"Центр города","dc":1,"n":406.3,"vc":"более 20 000","sl":"Элитный","sv":"около 5 000","p":1300.0,"q":58.97,"b":5.72,"ms":24.39,"wi":157.89,"ei":9.11,"as":1413.42,"mi":"E","mv":30329,"sc":1,"lpe":75.61,"lpr":7959.65,"lq":2.17,"d":1668},{"pi":"422717","pc":"Автомобильные товары","ss":10000,"td":"Центр города","dc":1,"n":406.3,"vc":"более 20 000","sl":"Элитный","sv":"около 5 000","p":1300.0,"q":58.97,"b":5.72,"ms":24.39,"wi":157.89,"ei":9.11,"as":1413.42,"mi":"E","mv":30329,"sc":1,"lpe":75.61,"lpr":7959.65,"lq":2.17,"d":1668},{"pi":"422717","pc":"Автомобильные товары","ss":10000,"td":"Центр города","dc":1,"n":406.3,"vc":"более 20 000","sl":"Элитный","sv":"около 5 000","p":1300.0,"q":58.97,"b":5.72,"ms":24.39,"wi":157.89,"ei":9.11,"as":1413.42,"mi":"E","mv":30329,"sc":1,"lpe":75.61,"lpr":7959.65,"lq":2.17,"d":1668},{"pi":"422717","pc":"Автомобильные товары","ss":10000,"td":"Центр города","dc":1,"n":406.3,"vc":"более 20 000","sl":"Элитный","sv":"около 5 000","p":1300.0,"q":58.97,"b":5.72,"ms":24.39,"wi":157.89,"ei":9.11,"as":1413.42,"mi":"E","mv":30329,"sc":1,"lpe":75.61,"lpr":7959.65,"lq":2.17,"d":1668},{"pi":"422717","pc":"Автомобильные товары","ss":10000,"td":"Центр города","dc":1,"n":406.3,"vc":"более 20 000","sl":"Элитный","sv":"около 5 000","p":1300.0,"q":58.97,"b":5.72,"ms":24.39,"wi":157.89,"ei":9.11,"as":1413.42,"mi":"E","mv":30329,"sc":1,"lpe":75.61,"lpr":7959.65,"lq":2.17,"d":1668},{"pi":"422717","pc":"Автомобильные товары","ss":10000,"td":"Центр города","dc":1,"n":406.3,"vc":"более 20 000","sl":"Элитный","sv":"около 5 000","p":1300.0,"q":58.97,"b":5.72,"ms":24.39,"wi":157.89,"ei":9.11,"as":1413.42,"mi":"E","mv":30329,"sc":1,"lpe":75.61,"lpr":7959.65,"lq":2.17,"d":1668},{"pi":"422717","pc":"Автомобильные товары","ss":10000,"td":"Центр города","dc":1,"n":406.3,"vc":"более 20 000","sl":"Элитный","sv":"около 5 000","p":1300.0,"q":58.97,"b":5.72,"ms":24.39,"wi":157.89,"ei":9.11,"as":1413.42,"mi":"E","mv":30329,"sc":1,"lpe":75.61,"lpr":7959.65,"lq":2.17,"d":1668},{"pi":"422717","pc":"Автомобильные товары","ss":10000,"td":"Центр города","dc":1,"n":406.3,"vc":"более 20 000","sl":"Элитный","sv":"около 5 000","p":1300.0,"q":58.97,"b":5.72,"ms":24.39,"wi":157.89,"ei":9.11,"as":1413.42,"mi":"E","mv":30329,"sc":1,"lpe":75.61,"lpr":7959.65,"lq":2.17,"d":1668},{"pi":"422717","pc":"Автомобильные товары","ss":10000,"td":"Центр города","dc":1,"n":339.13,"vc":"более 20 000","sl":"Элитный","sv":"более 20 000","p":4500.0,"q":58.97,"b":5.72,"ms":24.57,"wi":206.52,"ei":9.06,"as":1737.23,"mi":"E","mv":84079,"sc":1,"lpe":75.43,"lpr":18076.29,"lq":4.7,"d":4624},{"pi":"422717","pc":"Автомобильные товары","ss":10000,"td":"Центр города","dc":1,"n":339.13,"vc":"более 20 000","sl":"Элитный","sv":"более 20 000","p":4500.0,"q":58.97,"b":5.72,"ms":24.57,"wi":206.52,"ei":9.06,"as":1737.23,"mi":"E","mv":84079,"sc":1,"lpe":75.43,"lpr":18076.29,"lq":4.7,"d":4624},{"pi":"422717","pc":"Автомобильные товары","ss":10000,"td":"Центр города","dc":1,"n":339.13,"vc":"более 20 000","sl":"Элитный","sv":"более 20 000","p":4500.0,"q":58.97,"b":5.72,"ms":24.57,"wi":206.52,"ei":9.06,"as":1737.23,"mi":"E","mv":84079,"sc":1,"lpe":75.43,"lpr":18076.29,"lq":4.7,"d":4624},{"pi":"422717","pc":"Автомобильные товары","ss":10000,"td":"Центр города","dc":1,"n":339.13,"vc":"более 20 000","sl":"Элитный","sv":"более 20 000","p":4500.0,"q":58.97,"b":5.72,"ms":24.57,"wi":206.52,"ei":9.06,"as":1737.23,"mi":"E","mv":84079,"sc":1,"lpe":75.43,"lpr":18076.29,"lq":4.7,"d":4624},{"pi":"422717","pc":"Автомобильные товары","ss":10000,"td":"Центр города","dc":1,"n":339.13,"vc":"более 20 000","sl":"Элитный","sv":"более 20 000","p":4500.0,"q":58.97,"b":5.72,"ms":24.57,"wi":206.52,"ei":9.06,"as":1737.23,"mi":"E","mv":84079,"sc":1,"lpe":75.43,"lpr":18076.29,"lq":4.7,"d":4624},{"pi":"422717","pc":"Автомобильные товары","ss":10000,"td":"Центр города","dc":1,"n":339.13,"vc":"более 20 000","sl":"Элитный","sv":"более 20 000","p":4500.0,"q":58.97,"b":5.72,"ms":24.57,"wi":206.52,"ei":9.06,"as":1737.23,"mi":"E","mv":84079,"sc":1,"lpe":75.43,"lpr":18076.29,"lq":4.7,"d":4624},{"pi":"422717","pc":"Автомобильные товары","ss":10000,"td":"Центр города","dc":1,"n":339.13,"vc":"более 20 000","sl":"Элитный","sv":"более 20 000","p":4500.0,"q":58.97,"b":5.72,"ms":24.57,"wi":206.52,"ei":9.06,"as":1737.23,"mi":"E","mv":84079,"sc":1,"lpe":75.43,"lpr":18076.29,"lq":4.7,"d":4624},{"pi":"422717","pc":"Автомобильные товары","ss":10000,"td":"Центр города","dc":1,"n":339.13,"vc":"более 20 000","sl":"Элитный","sv":"более 20 000","p":4500.0,"q":58.97,"b":5.72,"ms":24.57,"wi":206.52,"ei":9.06,"as":1737.23,"mi":"E","mv":84079,"sc":1,"lpe":75.43,"lpr":18076.29,"lq":4.7,"d":4624},{"pi":"422717","pc":"Автомобильные товары","ss":10000,"td":"Центр города","dc":1,"n":339.13,"vc":"более 20 000","sl":"Элитный","sv":"более 20 000","p":4500.0,"q":58.97,"b":5.72,"ms":24.57,"wi":206.52,"ei":9.06,"as":1737.23,"mi":"E","mv":84079,"sc":1,"lpe":75.43,"lpr":18076.29,"lq":4.7,"d":4624},{"pi":"422717","pc":"Автомобильные товары","ss":10000,"td":"Центр города","dc":1,"n":339.13,"vc":"более 20 000","sl":"Элитный","sv":"более 20 000","p":4500.0,"q":58.97,"b":5.72,"ms":24.57,"wi":206.52,"ei":9.06,"as":1737.23,"mi":"E","mv":84079,"sc":1,"lpe":75.43,"lpr":18076.29,"lq":4.7,"d":4624},{"pi":"422717","pc":"Автомобильные товары","ss":10000,"td":"Центр города","dc":1,"n":339.13,"vc":"более 20 000","sl":"Элитный","sv":"более 20 000","p":4500.0,"q":58.97,"b":5.72,"ms":24.57,"wi":206.52,"ei":9.06,"as":1737.23,"mi":"E","mv":84079,"sc":1,"lpe":75.43,"lpr":18076.29,"lq":4.7,"d":4624},{"pi":"422717","pc":"Автомобильные товары","ss":500,"td":"Фешенебельный район","dc":1,"n":151.01,"vc":"около 50","sl":"Элитный","sv":"менее 50","p":38000.0,"q":2.0,"b":0.0,"ms":0.04,"wi":168.06,"ei":8.61,"as":1418.48,"mi":"E","mv":12914,"sc":1,"lpe":99.96,"lpr":41902.49,"lq":1.0,"d":1067},{"pi":"422717","pc":"Автомобильные товары","ss":500,"td":"Фешенебельный район","dc":1,"n":151.01,"vc":"около 50","sl":"Элитный","sv":"менее 50","p":38000.0,"q":2.0,"b":0.0,"ms":0.04,"wi":168.06,"ei":8.61,"as":1418.48,"mi":"E","mv":12914,"sc":1,"lpe":99.96,"lpr":41902.49,"lq":1.0,"d":1067},{"pi":"422717","pc":"Автомобильные товары","ss":500,"td":"Фешенебельный район","dc":1,"n":151.01,"vc":"около 50","sl":"Элитный","sv":"менее 50","p":38000.0,"q":2.0,"b":0.0,"ms":0.04,"wi":168.06,"ei":8.61,"as":1418.48,"mi":"E","mv":12914,"sc":1,"lpe":99.96,"lpr":41902.49,"lq":1.0,"d":1067},{"pi":"422717","pc":"Автомобильные товары","ss":500,"td":"Фешенебельный район","dc":1,"n":151.01,"vc":"около 50","sl":"Элитный","sv":"менее 50","p":38000.0,"q":2.0,"b":0.0,"ms":0.04,"wi":168.06,"ei":8.61,"as":1418.48,"mi":"E","mv":12914,"sc":1,"lpe":99.96,"lpr":41902.49,"lq":1.0,"d":1067},{"pi":"422717","pc":"Автомобильные товары","ss":500,"td":"Фешенебельный район","dc":1,"n":151.01,"vc":"около 50","sl":"Элитный","sv":"менее 50","p":38000.0,"q":2.0,"b":0.0,"ms":0.04,"wi":168.06,"ei":8.61,"as":1418.48,"mi":"E","mv":12914,"sc":1,"lpe":99.96,"lpr":41902.49,"lq":1.0,"d":1067},{"pi":"422717","pc":"Автомобильные товары","ss":500,"td":"Фешенебельный район","dc":1,"n":151.01,"vc":"около 50","sl":"Элитный","sv":"менее 50","p":38000.0,"q":2.0,"b":0.0,"ms":0.04,"wi":168.06,"ei":8.61,"as":1418.48,"mi":"E","mv":12914,"sc":1,"lpe":99.96,"lpr":41902.49,"lq":1.0,"d":1067},{"pi":"422717","pc":"Автомобильные товары","ss":500,"td":"Фешенебельный район","dc":1,"n":151.01,"vc":"около 50","sl":"Элитный","sv":"менее 50","p":38000.0,"q":2.0,"b":0.0,"ms":0.04,"wi":168.06,"ei":8.61,"as":1418.48,"mi":"E","mv":12914,"sc":1,"lpe":99.96,"lpr":41902.49,"lq":1.0,"d":1067},{"pi":"422717","pc":"Автомобильные товары","ss":500,"td":"Фешенебельный район","dc":1,"n":151.01,"vc":"около 50","sl":"Элитный","sv":"менее 50","p":38000.0,"q":2.0,"b":0.0,"ms":0.04,"wi":168.06,"ei":8.61,"as":1418.48,"mi":"E","mv":12914,"sc":1,"lpe":99.96,"lpr":41902.49,"lq":1.0,"d":1067},{"pi":"422717","pc":"Автомобильные товары","ss":500,"td":"Фешенебельный район","dc":1,"n":151.01,"vc":"около 50","sl":"Элитный","sv":"менее 50","p":38000.0,"q":2.0,"b":0.0,"ms":0.04,"wi":168.06,"ei":8.61,"as":1418.48,"mi":"E","mv":12914,"sc":1,"lpe":99.96,"lpr":41902.49,"lq":1.0,"d":1067},{"pi":"422717","pc":"Автомобильные товары","ss":10000,"td":"Центр города","dc":1,"n":459.1,"vc":"более 20 000","sl":"Элитный","sv":"около 5 000","p":2800.0,"q":58.97,"b":5.72,"ms":25.35,"wi":143.8,"ei":9.36,"as":1445.88,"mi":"E","mv":13899,"sc":1,"lpe":74.65,"lpr":7124.02,"lq":1.71,"d":779},{"pi":"422717","pc":"Автомобильные товары","ss":10000,"td":"Центр города","dc":1,"n":459.1,"vc":"более 20 000","sl":"Элитный","sv":"около 5 000","p":2800.0,"q":58.97,"b":5.72,"ms":25.35,"wi":143.8,"ei":9.36,"as":1445.88,"mi":"E","mv":13899,"sc":1,"lpe":74.65,"lpr":7124.02,"lq":1.71,"d":779},{"pi":"422717","pc":"Автомобильные товары","ss":10000,"td":"Центр города","dc":1,"n":459.1,"vc":"более 20 000","sl":"Элитный","sv":"около 5 000","p":2800.0,"q":58.97,"b":5.72,"ms":25.35,"wi":143.8,"ei":9.36,"as":1445.88,"mi":"E","mv":13899,"sc":1,"lpe":74.65,"lpr":7124.02,"lq":1.71,"d":779},{"pi":"422717","pc":"Автомобильные товары","ss":10000,"td":"Центр города","dc":1,"n":459.1,"vc":"более 20 000","sl":"Элитный","sv":"около 5 000","p":2800.0,"q":58.97,"b":5.72,"ms":25.35,"wi":143.8,"ei":9.36,"as":1445.88,"mi":"E","mv":13899,"sc":1,"lpe":74.65,"lpr":7124.02,"lq":1.71,"d":779},{"pi":"422717","pc":"Автомобильные товары","ss":10000,"td":"Центр города","dc":1,"n":459.1,"vc":"более 20 000","sl":"Элитный","sv":"около 5 000","p":2800.0,"q":58.97,"b":5.72,"ms":25.35,"wi":143.8,"ei":9.36,"as":1445.88,"mi":"E","mv":13899,"sc":1,"lpe":74.65,"lpr":7124.02,"lq":1.71,"d":779},{"pi":"422717","pc":"Автомобильные товары","ss":10000,"td":"Центр города","dc":1,"n":459.1,"vc":"более 20 000","sl":"Элитный","sv":"около 5 000","p":2800.0,"q":58.97,"b":5.72,"ms":25.35,"wi":143.8,"ei":9.36,"as":1445.88,"mi":"E","mv":13899,"sc":1,"lpe":74.65,"lpr":7124.02,"lq":1.71,"d":779},{"pi":"422717","pc":"Автомобильные товары","ss":10000,"td":"Центр города","dc":1,"n":459.1,"vc":"более 20 000","sl":"Элитный","sv":"около 5 000","p":2800.0,"q":58.97,"b":5.72,"ms":25.35,"wi":143.8,"ei":9.36,"as":1445.88,"mi":"E","mv":13899,"sc":1,"lpe":74.65,"lpr":7124.02,"lq":1.71,"d":779},{"pi":"422717","pc":"Автомобильные товары","ss":10000,"td":"Центр города","dc":1,"n":459.1,"vc":"более 20 000","sl":"Элитный","sv":"около 5 000","p":2800.0,"q":58.97,"b":5.72,"ms":25.35,"wi":143.8,"ei":9.36,"as":1445.88,"mi":"E","mv":13899,"sc":1,"lpe":74.65,"lpr":7124.02,"lq":1.71,"d":779},{"pi":"422717","pc":"Автомобильные товары","ss":100000,"td":"Центр города","dc":1,"n":280.65,"vc":"более 100 000","sl":"Элитный","sv":"около 50 000","p":1500.0,"q":58.97,"b":0.0,"ms":27.45,"wi":99.25,"ei":6.18,"as":187.79,"mi":"E","mv":218589,"sc":1,"lpe":72.55,"lpr":6525.83,"lq":1.6,"d":12020},{"pi":"422717","pc":"Автомобильные товары","ss":100000,"td":"Центр города","dc":1,"n":280.65,"vc":"более 100 000","sl":"Элитный","sv":"около 50 000","p":1500.0,"q":58.97,"b":0.0,"ms":27.45,"wi":99.25,"ei":6.18,"as":187.79,"mi":"E","mv":218589,"sc":1,"lpe":72.55,"lpr":6525.83,"lq":1.6,"d":12020},{"pi":"422717","pc":"Автомобильные товары","ss":100000,"td":"Центр города","dc":1,"n":280.65,"vc":"более 100 000","sl":"Элитный","sv":"около 50 000","p":1500.0,"q":58.97,"b":0.0,"ms":27.45,"wi":99.25,"ei":6.18,"as":187.79,"mi":"E","mv":218589,"sc":1,"lpe":72.55,"lpr":6525.83,"lq":1.6,"d":12020},{"pi":"422717","pc":"Автомобильные товары","ss":100000,"td":"Центр города","dc":1,"n":280.65,"vc":"более 100 000","sl":"Элитный","sv":"около 50 000","p":1500.0,"q":58.97,"b":0.0,"ms":27.45,"wi":99.25,"ei":6.18,"as":187.79,"mi":"E","mv":218589,"sc":1,"lpe":72.55,"lpr":6525.83,"lq":1.6,"d":12020},{"pi":"422717","pc":"Автомобильные товары","ss":100000,"td":"Центр города","dc":1,"n":280.65,"vc":"более 100 000","sl":"Элитный","sv":"около 50 000","p":1500.0,"q":58.97,"b":0.0,"ms":27.45,"wi":99.25,"ei":6.18,"as":187.79,"mi":"E","mv":218589,"sc":1,"lpe":72.55,"lpr":6525.83,"lq":1.6,"d":12020},{"pi":"422717","pc":"Автомобильные товары","ss":100000,"td":"Центр города","dc":1,"n":280.65,"vc":"более 100 000","sl":"Элитный","sv":"около 50 000","p":1500.0,"q":58.97,"b":0.0,"ms":27.45,"wi":99.25,"ei":6.18,"as":187.79,"mi":"E","mv":218589,"sc":1,"lpe":72.55,"lpr":6525.83,"lq":1.6,"d":12020},{"pi":"422717","pc":"Автомобильные товары","ss":100000,"td":"Центр города","dc":1,"n":280.65,"vc":"более 100 000","sl":"Элитный","sv":"около 50 000","p":1500.0,"q":58.97,"b":0.0,"ms":27.45,"wi":99.25,"ei":6.18,"as":187.79,"mi":"E","mv":218589,"sc":1,"lpe":72.55,"lpr":6525.83,"lq":1.6,"d":12020},{"pi":"422717","pc":"Автомобильные товары","ss":100000,"td":"Центр города","dc":1,"n":280.65,"vc":"более 100 000","sl":"Элитный","sv":"около 50 000","p":1500.0,"q":58.97,"b":0.0,"ms":27.45,"wi":99.25,"ei":6.18,"as":187.79,"mi":"E","mv":218589,"sc":1,"lpe":72.55,"lpr":6525.83,"lq":1.6,"d":12020},{"pi":"422717","pc":"Автомобильные товары","ss":100000,"td":"Центр города","dc":1,"n":280.65,"vc":"более 100 000","sl":"Элитный","sv":"около 50 000","p":1500.0,"q":58.97,"b":0.0,"ms":27.45,"wi":99.25,"ei":6.18,"as":187.79,"mi":"E","mv":218589,"sc":1,"lpe":72.55,"lpr":6525.83,"lq":1.6,"d":12020},{"pi":"422717","pc":"Автомобильные товары","ss":100000,"td":"Центр города","dc":1,"n":454.76,"vc":"более 200 000","sl":"Элитный","sv":"около 5 000","p":5500.0,"q":58.97,"b":5.72,"ms":26.93,"wi":185.95,"ei":9.26,"as":1606.6,"mi":"E","mv":15057,"sc":1,"lpe":73.07,"lpr":16736.02,"lq":4.02,"d":828},{"pi":"422717","pc":"Автомобильные товары","ss":100000,"td":"Центр города","dc":1,"n":454.76,"vc":"более 200 000","sl":"Элитный","sv":"около 5 000","p":5500.0,"q":58.97,"b":5.72,"ms":26.93,"wi":185.95,"ei":9.26,"as":1606.6,"mi":"E","mv":15057,"sc":1,"lpe":73.07,"lpr":16736.02,"lq":4.02,"d":828},{"pi":"422717","pc":"Автомобильные товары","ss":100000,"td":"Центр города","dc":1,"n":454.76,"vc":"более 200 000","sl":"Элитный","sv":"около 5 000","p":5500.0,"q":58.97,"b":5.72,"ms":26.93,"wi":185.95,"ei":9.26,"as":1606.6,"mi":"E","mv":15057,"sc":1,"lpe":73.07,"lpr":16736.02,"lq":4.02,"d":828},{"pi":"422717","pc":"Автомобильные товары","ss":100000,"td":"Центр города","dc":1,"n":454.76,"vc":"более 200 000","sl":"Элитный","sv":"около 5 000","p":5500.0,"q":58.97,"b":5.72,"ms":26.93,"wi":185.95,"ei":9.26,"as":1606.6,"mi":"E","mv":15057,"sc":1,"lpe":73.07,"lpr":16736.02,"lq":4.02,"d":828},{"pi":"422717","pc":"Автомобильные товары","ss":100000,"td":"Центр города","dc":1,"n":454.76,"vc":"более 200 000","sl":"Элитный","sv":"около 5 000","p":5500.0,"q":58.97,"b":5.72,"ms":26.93,"wi":185.95,"ei":9.26,"as":1606.6,"mi":"E","mv":15057,"sc":1,"lpe":73.07,"lpr":16736.02,"lq":4.02,"d":828},{"pi":"422717","pc":"Автомобильные товары","ss":100000,"td":"Центр города","dc":1,"n":454.76,"vc":"более 200 000","sl":"Элитный","sv":"около 5 000","p":5500.0,"q":58.97,"b":5.72,"ms":26.93,"wi":185.95,"ei":9.26,"as":1606.6,"mi":"E","mv":15057,"sc":1,"lpe":73.07,"lpr":16736.02,"lq":4.02,"d":828},{"pi":"422717","pc":"Автомобильные товары","ss":100000,"td":"Центр города","dc":1,"n":454.76,"vc":"более 200 000","sl":"Элитный","sv":"около 5 000","p":5500.0,"q":58.97,"b":5.72,"ms":26.93,"wi":185.95,"ei":9.26,"as":1606.6,"mi":"E","mv":15057,"sc":1,"lpe":73.07,"lpr":16736.02,"lq":4.02,"d":828},{"pi":"422717","pc":"Автомобильные товары","ss":100000,"td":"Центр города","dc":1,"n":454.76,"vc":"более 200 000","sl":"Элитный","sv":"около 5 000","p":5500.0,"q":58.97,"b":5.72,"ms":26.93,"wi":185.95,"ei":9.26,"as":1606.6,"mi":"E","mv":15057,"sc":1,"lpe":73.07,"lpr":16736.02,"lq":4.02,"d":828},{"pi":"422717","pc":"Автомобильные товары","ss":100000,"td":"Центр города","dc":1,"n":454.76,"vc":"более 200 000","sl":"Элитный","sv":"около 5 000","p":5500.0,"q":58.97,"b":5.72,"ms":26.93,"wi":185.95,"ei":9.26,"as":1606.6,"mi":"E","mv":15057,"sc":1,"lpe":73.07,"lpr":16736.02,"lq":4.02,"d":828},{"pi":"422717","pc":"Автомобильные товары","ss":100000,"td":"Центр города","dc":1,"n":454.76,"vc":"более 200 000","sl":"Элитный","sv":"около 5 000","p":5500.0,"q":58.97,"b":5.72,"ms":26.93,"wi":185.95,"ei":9.26,"as":1606.6,"mi":"E","mv":15057,"sc":1,"lpe":73.07,"lpr":16736.02,"lq":4.02,"d":828},{"pi":"422717","pc":"Автомобильные товары","ss":100000,"td":"Центр города","dc":1,"n":273.36,"vc":"более 100 000","sl":"Элитный","sv":"более 20 000","p":15000.0,"q":58.35,"b":0.0,"ms":9.46,"wi":65.6,"ei":8.6,"as":380.0,"mi":"E","mv":247067,"sc":1,"lpe":90.54,"lpr":4510.48,"lq":1.37,"d":13588},{"pi":"422717","pc":"Автомобильные товары","ss":100000,"td":"Центр города","dc":1,"n":273.36,"vc":"более 100 000","sl":"Элитный","sv":"более 20 000","p":15000.0,"q":58.35,"b":0.0,"ms":9.46,"wi":65.6,"ei":8.6,"as":380.0,"mi":"E","mv":247067,"sc":1,"lpe":90.54,"lpr":4510.48,"lq":1.37,"d":13588},{"pi":"422717","pc":"Автомобильные товары","ss":100000,"td":"Центр города","dc":1,"n":273.36,"vc":"более 100 000","sl":"Элитный","sv":"более 20 000","p":15000.0,"q":58.35,"b":0.0,"ms":9.46,"wi":65.6,"ei":8.6,"as":380.0,"mi":"E","mv":247067,"sc":1,"lpe":90.54,"lpr":4510.48,"lq":1.37,"d":13588},{"pi":"422717","pc":"Автомобильные товары","ss":100000,"td":"Центр города","dc":1,"n":273.36,"vc":"более 100 000","sl":"Элитный","sv":"более 20 000","p":15000.0,"q":58.35,"b":0.0,"ms":9.46,"wi":65.6,"ei":8.6,"as":380.0,"mi":"E","mv":247067,"sc":1,"lpe":90.54,"lpr":4510.48,"lq":1.37,"d":13588},{"pi":"422717","pc":"Автомобильные товары","ss":100000,"td":"Центр города","dc":1,"n":273.36,"vc":"более 100 000","sl":"Элитный","sv":"более 20 000","p":15000.0,"q":58.35,"b":0.0,"ms":9.46,"wi":65.6,"ei":8.6,"as":380.0,"mi":"E","mv":247067,"sc":1,"lpe":90.54,"lpr":4510.48,"lq":1.37,"d":13588},{"pi":"422717","pc":"Автомобильные товары","ss":100000,"td":"Центр города","dc":1,"n":273.36,"vc":"более 100 000","sl":"Элитный","sv":"более 20 000","p":15000.0,"q":58.35,"b":0.0,"ms":9.46,"wi":65.6,"ei":8.6,"as":380.0,"mi":"E","mv":247067,"sc":1,"lpe":90.54,"lpr":4510.48,"lq":1.37,"d":13588},{"pi":"422717","pc":"Автомобильные товары","ss":100000,"td":"Центр города","dc":1,"n":273.36,"vc":"более 100 000","sl":"Элитный","sv":"более 20 000","p":15000.0,"q":58.35,"b":0.0,"ms":9.46,"wi":65.6,"ei":8.6,"as":380.0,"mi":"E","mv":247067,"sc":1,"lpe":90.54,"lpr":4510.48,"lq":1.37,"d":13588},{"pi":"422717","pc":"Автомобильные товары","ss":100000,"td":"Центр города","dc":1,"n":273.36,"vc":"более 100 000","sl":"Элитный","sv":"более 20 000","p":15000.0,"q":58.35,"b":0.0,"ms":9.46,"wi":65.6,"ei":8.6,"as":380.0,"mi":"E","mv":247067,"sc":1,"lpe":90.54,"lpr":4510.48,"lq":1.37,"d":13588},{"pi":"422717","pc":"Автомобильные товары","ss":100000,"td":"Центр города","dc":1,"n":273.36,"vc":"более 100 000","sl":"Элитный","sv":"более 20 000","p":15000.0,"q":58.35,"b":0.0,"ms":9.46,"wi":65.6,"ei":8.6,"as":380.0,"mi":"E","mv":247067,"sc":1,"lpe":90.54,"lpr":4510.48,"lq":1.37,"d":13588},{"pi":"422717","pc":"Автомобильные товары","ss":100000,"td":"Центр города","dc":1,"n":273.36,"vc":"более 100 000","sl":"Элитный","sv":"более 20 000","p":15000.0,"q":58.35,"b":0.0,"ms":9.46,"wi":65.6,"ei":8.6,"as":380.0,"mi":"E","mv":247067,"sc":1,"lpe":90.54,"lpr":4510.48,"lq":1.37,"d":13588},{"pi":"422717","pc":"Автомобильные товары","ss":500,"td":"Спальный район","dc":1,"n":158.7,"vc":"более 100","sl":"Элитный","sv":"менее 50","p":12507.1,"q":5.0,"b":0.0,"ms":0.06,"wi":126.8,"ei":9.09,"as":1139.97,"mi":"E","mv":1597,"sc":1,"lpe":99.94,"lpr":11828.58,"lq":1.0,"d":198},{"pi":"422717","pc":"Автомобильные товары","ss":500,"td":"Спальный район","dc":1,"n":158.7,"vc":"более 100","sl":"Элитный","sv":"менее 50","p":12507.1,"q":5.0,"b":0.0,"ms":0.06,"wi":126.8,"ei":9.09,"as":1139.97,"mi":"E","mv":1597,"sc":1,"lpe":99.94,"lpr":11828.58,"lq":1.0,"d":198},{"pi":"422717","pc":"Автомобильные товары","ss":500,"td":"Спальный район","dc":1,"n":158.7,"vc":"более 100","sl":"Элитный","sv":"менее 50","p":12507.1,"q":5.0,"b":0.0,"ms":0.06,"wi":126.8,"ei":9.09,"as":1139.97,"mi":"E","mv":1597,"sc":1,"lpe":99.94,"lpr":11828.58,"lq":1.0,"d":198},{"pi":"422717","pc":"Автомобильные товары","ss":500,"td":"Спальный район","dc":1,"n":158.7,"vc":"более 100","sl":"Элитный","sv":"менее 50","p":12507.1,"q":5.0,"b":0.0,"ms":0.06,"wi":126.8,"ei":9.09,"as":1139.97,"mi":"E","mv":1597,"sc":1,"lpe":99.94,"lpr":11828.58,"lq":1.0,"d":198},{"pi":"422717","pc":"Автомобильные товары","ss":500,"td":"Спальный район","dc":1,"n":158.7,"vc":"более 100","sl":"Элитный","sv":"менее 50","p":12507.1,"q":5.0,"b":0.0,"ms":0.06,"wi":126.8,"ei":9.09,"as":1139.97,"mi":"E","mv":1597,"sc":1,"lpe":99.94,"lpr":11828.58,"lq":1.0,"d":198},{"pi":"422717","pc":"Автомобильные товары","ss":500,"td":"Спальный район","dc":1,"n":158.7,"vc":"более 100","sl":"Элитный","sv":"менее 50","p":12507.1,"q":5.0,"b":0.0,"ms":0.06,"wi":126.8,"ei":9.09,"as":1139.97,"mi":"E","mv":1597,"sc":1,"lpe":99.94,"lpr":11828.58,"lq":1.0,"d":198},{"pi":"422717","pc":"Автомобильные товары","ss":500,"td":"Спальный район","dc":1,"n":158.7,"vc":"более 100","sl":"Элитный","sv":"менее 50","p":12507.1,"q":5.0,"b":0.0,"ms":0.06,"wi":126.8,"ei":9.09,"as":1139.97,"mi":"E","mv":1597,"sc":1,"lpe":99.94,"lpr":11828.58,"lq":1.0,"d":198},{"pi":"422717","pc":"Автомобильные товары","ss":1000,"td":"Центр города","dc":1,"n":116.3,"vc":"около 500","sl":"Элитный","sv":"около 50","p":17700.0,"q":4.63,"b":0.0,"ms":1.89,"wi":125.2,"ei":8.74,"as":487.56,"mi":"E","mv":2853,"sc":1,"lpe":98.11,"lpr":20493.78,"lq":1.0,"d":312},{"pi":"422717","pc":"Автомобильные товары","ss":1000,"td":"Центр города","dc":1,"n":116.3,"vc":"около 500","sl":"Элитный","sv":"около 50","p":17700.0,"q":4.63,"b":0.0,"ms":1.89,"wi":125.2,"ei":8.74,"as":487.56,"mi":"E","mv":2853,"sc":1,"lpe":98.11,"lpr":20493.78,"lq":1.0,"d":312},{"pi":"422717","pc":"Автомобильные товары","ss":1000,"td":"Центр города","dc":1,"n":116.3,"vc":"около 500","sl":"Элитный","sv":"около 50","p":17700.0,"q":4.63,"b":0.0,"ms":1.89,"wi":125.2,"ei":8.74,"as":487.56,"mi":"E","mv":2853,"sc":1,"lpe":98.11,"lpr":20493.78,"lq":1.0,"d":312},{"pi":"422717","pc":"Автомобильные товары","ss":1000,"td":"Центр города","dc":1,"n":116.3,"vc":"около 500","sl":"Элитный","sv":"около 50","p":17700.0,"q":4.63,"b":0.0,"ms":1.89,"wi":125.2,"ei":8.74,"as":487.56,"mi":"E","mv":2853,"sc":1,"lpe":98.11,"lpr":20493.78,"lq":1.0,"d":312},{"pi":"422717","pc":"Автомобильные товары","ss":1000,"td":"Центр города","dc":1,"n":116.3,"vc":"около 500","sl":"Элитный","sv":"около 50","p":17700.0,"q":4.63,"b":0.0,"ms":1.89,"wi":125.2,"ei":8.74,"as":487.56,"mi":"E","mv":2853,"sc":1,"lpe":98.11,"lpr":20493.78,"lq":1.0,"d":312},{"pi":"422717","pc":"Автомобильные товары","ss":1000,"td":"Центр города","dc":1,"n":116.3,"vc":"около 500","sl":"Элитный","sv":"около 50","p":17700.0,"q":4.63,"b":0.0,"ms":1.89,"wi":125.2,"ei":8.74,"as":487.56,"mi":"E","mv":2853,"sc":1,"lpe":98.11,"lpr":20493.78,"lq":1.0,"d":312},{"pi":"422717","pc":"Автомобильные товары","ss":1000,"td":"Центр города","dc":1,"n":116.3,"vc":"около 500","sl":"Элитный","sv":"около 50","p":17700.0,"q":4.63,"b":0.0,"ms":1.89,"wi":125.2,"ei":8.74,"as":487.56,"mi":"E","mv":2853,"sc":1,"lpe":98.11,"lpr":20493.78,"lq":1.0,"d":312},{"pi":"422717","pc":"Автомобильные товары","ss":1000,"td":"Центр города","dc":1,"n":116.3,"vc":"около 500","sl":"Элитный","sv":"около 50","p":17700.0,"q":4.63,"b":0.0,"ms":1.89,"wi":125.2,"ei":8.74,"as":487.56,"mi":"E","mv":2853,"sc":1,"lpe":98.11,"lpr":20493.78,"lq":1.0,"d":312},{"pi":"422717","pc":"Автомобильные товары","ss":1000,"td":"Центр города","dc":1,"n":116.3,"vc":"около 500","sl":"Элитный","sv":"около 50","p":17700.0,"q":4.63,"b":0.0,"ms":1.89,"wi":125.2,"ei":8.74,"as":487.56,"mi":"E","mv":2853,"sc":1,"lpe":98.11,"lpr":20493.78,"lq":1.0,"d":312},{"pi":"422717","pc":"Автомобильные товары","ss":1000,"td":"Центр города","dc":1,"n":116.3,"vc":"около 500","sl":"Элитный","sv":"около 50","p":17700.0,"q":4.63,"b":0.0,"ms":1.89,"wi":125.2,"ei":8.74,"as":487.56,"mi":"E","mv":2853,"sc":1,"lpe":98.11,"lpr":20493.78,"lq":1.0,"d":312},{"pi":"422717","pc":"Автомобильные товары","ss":1000,"td":"Центр города","dc":1,"n":116.3,"vc":"около 500","sl":"Элитный","sv":"около 50","p":17700.0,"q":4.63,"b":0.0,"ms":1.89,"wi":125.2,"ei":8.74,"as":487.56,"mi":"E","mv":2853,"sc":1,"lpe":98.11,"lpr":20493.78,"lq":1.0,"d":312},{"pi":"422717","pc":"Автомобильные товары","ss":100000,"td":"Центр города","dc":2,"n":501.44,"vc":"более 1 000 000","sl":"Нормальный","sv":"около 50 000","p":30000.0,"q":38.45,"b":4.39,"ms":23.9,"wi":308.82,"ei":9.41,"as":2279.17,"mi":"E","mv":189973,"sc":3,"lpe":65.57,"lpr":8892.74,"lq":3.35,"d":11297},{"pi":"422717","pc":"Автомобильные товары","ss":100000,"td":"Центр города","dc":2,"n":501.44,"vc":"более 1 000 000","sl":"Нормальный","sv":"около 50 000","p":30000.0,"q":38.45,"b":4.39,"ms":23.9,"wi":308.82,"ei":9.41,"as":2279.17,"mi":"E","mv":189973,"sc":3,"lpe":65.57,"lpr":8892.74,"lq":3.35,"d":11297},{"pi":"422717","pc":"Автомобильные товары","ss":100000,"td":"Центр города","dc":2,"n":501.44,"vc":"более 1 000 000","sl":"Нормальный","sv":"около 50 000","p":30000.0,"q":38.45,"b":4.39,"ms":23.9,"wi":308.82,"ei":9.41,"as":2279.17,"mi":"E","mv":189973,"sc":3,"lpe":65.57,"lpr":8892.74,"lq":3.35,"d":11297},{"pi":"422717","pc":"Автомобильные товары","ss":100000,"td":"Центр города","dc":2,"n":501.44,"vc":"более 1 000 000","sl":"Нормальный","sv":"около 50 000","p":30000.0,"q":38.45,"b":4.39,"ms":23.9,"wi":308.82,"ei":9.41,"as":2279.17,"mi":"E","mv":189973,"sc":3,"lpe":65.57,"lpr":8892.74,"lq":3.35,"d":11297},{"pi":"422717","pc":"Автомобильные товары","ss":100000,"td":"Центр города","dc":2,"n":501.44,"vc":"более 1 000 000","sl":"Нормальный","sv":"около 50 000","p":30000.0,"q":38.45,"b":4.39,"ms":23.9,"wi":308.82,"ei":9.41,"as":2279.17,"mi":"E","mv":189973,"sc":3,"lpe":65.57,"lpr":8892.74,"lq":3.35,"d":11297},{"pi":"422717","pc":"Автомобильные товары","ss":100000,"td":"Центр города","dc":2,"n":501.44,"vc":"более 1 000 000","sl":"Нормальный","sv":"около 50 000","p":30000.0,"q":38.45,"b":4.39,"ms":23.9,"wi":308.82,"ei":9.41,"as":2279.17,"mi":"E","mv":189973,"sc":3,"lpe":65.57,"lpr":8892.74,"lq":3.35,"d":11297},{"pi":"422717","pc":"Автомобильные товары","ss":100000,"td":"Центр города","dc":2,"n":501.44,"vc":"более 1 000 000","sl":"Нормальный","sv":"около 50 000","p":30000.0,"q":38.45,"b":4.39,"ms":23.9,"wi":308.82,"ei":9.41,"as":2279.17,"mi":"E","mv":189973,"sc":3,"lpe":65.57,"lpr":8892.74,"lq":3.35,"d":11297},{"pi":"422717","pc":"Автомобильные товары","ss":100000,"td":"Центр города","dc":2,"n":501.44,"vc":"более 1 000 000","sl":"Нормальный","sv":"около 50 000","p":30000.0,"q":38.45,"b":4.39,"ms":23.9,"wi":308.82,"ei":9.41,"as":2279.17,"mi":"E","mv":189973,"sc":3,"lpe":65.57,"lpr":8892.74,"lq":3.35,"d":11297},{"pi":"422717","pc":"Автомобильные товары","ss":100000,"td":"Центр города","dc":2,"n":501.44,"vc":"более 1 000 000","sl":"Нормальный","sv":"около 50 000","p":30000.0,"q":38.45,"b":4.39,"ms":23.9,"wi":308.82,"ei":9.41,"as":2279.17,"mi":"E","mv":189973,"sc":3,"lpe":65.57,"lpr":8892.74,"lq":3.35,"d":11297},{"pi":"422717","pc":"Автомобильные товары","ss":100000,"td":"Центр города","dc":2,"n":501.44,"vc":"более 1 000 000","sl":"Нормальный","sv":"около 50 000","p":30000.0,"q":38.45,"b":4.39,"ms":23.9,"wi":308.82,"ei":9.41,"as":2279.17,"mi":"E","mv":189973,"sc":3,"lpe":65.57,"lpr":8892.74,"lq":3.35,"d":11297},{"pi":"422717","pc":"Автомобильные товары","ss":100000,"td":"Центр города","dc":2,"n":501.44,"vc":"более 1 000 000","sl":"Нормальный","sv":"около 50 000","p":30000.0,"q":38.45,"b":4.39,"ms":23.9,"wi":308.82,"ei":9.41,"as":2279.17,"mi":"E","mv":189973,"sc":3,"lpe":65.57,"lpr":8892.74,"lq":3.35,"d":11297},{"pi":"422717","pc":"Автомобильные товары","ss":100000,"td":"Центр города","dc":2,"n":501.44,"vc":"более 1 000 000","sl":"Нормальный","sv":"около 50 000","p":30000.0,"q":38.45,"b":4.39,"ms":23.9,"wi":308.82,"ei":9.41,"as":2279.17,"mi":"E","mv":189973,"sc":3,"lpe":65.57,"lpr":8892.74,"lq":3.35,"d":11297},{"pi":"422717","pc":"Автомобильные товары","ss":100000,"td":"Центр города","dc":2,"n":501.44,"vc":"более 1 000 000","sl":"Нормальный","sv":"около 50 000","p":30000.0,"q":38.45,"b":4.39,"ms":23.9,"wi":308.82,"ei":9.41,"as":2279.17,"mi":"E","mv":189973,"sc":3,"lpe":65.57,"lpr":8892.74,"lq":3.35,"d":11297},{"pi":"422717","pc":"Автомобильные товары","ss":100000,"td":"Центр города","dc":2,"n":501.44,"vc":"более 1 000 000","sl":"Нормальный","sv":"около 50 000","p":30000.0,"q":38.45,"b":4.39,"ms":23.9,"wi":308.82,"ei":9.41,"as":2279.17,"mi":"E","mv":189973,"sc":3,"lpe":65.57,"lpr":8892.74,"lq":3.35,"d":11297},{"pi":"422717","pc":"Автомобильные товары","ss":100000,"td":"Центр города","dc":2,"n":501.44,"vc":"более 1 000 000","sl":"Нормальный","sv":"около 50 000","p":30000.0,"q":38.45,"b":4.39,"ms":23.9,"wi":308.82,"ei":9.41,"as":2279.17,"mi":"E","mv":189973,"sc":3,"lpe":65.57,"lpr":8892.74,"lq":3.35,"d":11297},{"pi":"422717","pc":"Автомобильные товары","ss":100000,"td":"Центр города","dc":2,"n":501.44,"vc":"более 1 000 000","sl":"Нормальный","sv":"около 50 000","p":30000.0,"q":38.45,"b":4.39,"ms":23.9,"wi":308.82,"ei":9.41,"as":2279.17,"mi":"E","mv":189973,"sc":3,"lpe":65.57,"lpr":8892.74,"lq":3.35,"d":11297},{"pi":"422717","pc":"Автомобильные товары","ss":100000,"td":"Центр города","dc":2,"n":501.44,"vc":"более 1 000 000","sl":"Нормальный","sv":"около 50 000","p":30000.0,"q":38.45,"b":4.39,"ms":23.9,"wi":308.82,"ei":9.41,"as":2279.17,"mi":"E","mv":189973,"sc":3,"lpe":65.57,"lpr":8892.74,"lq":3.35,"d":11297},{"pi":"422717","pc":"Автомобильные товары","ss":100000,"td":"Центр города","dc":2,"n":501.44,"vc":"более 1 000 000","sl":"Нормальный","sv":"около 50 000","p":30000.0,"q":38.45,"b":4.39,"ms":23.9,"wi":308.82,"ei":9.41,"as":2279.17,"mi":"E","mv":189973,"sc":3,"lpe":65.57,"lpr":8892.74,"lq":3.35,"d":11297},{"pi":"422717","pc":"Автомобильные товары","ss":100,"td":"Центр города","dc":1,"n":48.31,"vc":"около 50","sl":"Нормальный","sv":"менее 50","p":6300.32,"q":1.05,"b":0.0,"ms":0.03,"wi":38.68,"ei":8.95,"as":183.72,"mi":"E","mv":3021,"sc":1,"lpe":99.97,"lpr":5513.88,"lq":1.0,"d":218},{"pi":"422717","pc":"Автомобильные товары","ss":100,"td":"Центр города","dc":1,"n":48.31,"vc":"около 50","sl":"Нормальный","sv":"менее 50","p":6300.32,"q":1.05,"b":0.0,"ms":0.03,"wi":38.68,"ei":8.95,"as":183.72,"mi":"E","mv":3021,"sc":1,"lpe":99.97,"lpr":5513.88,"lq":1.0,"d":218},{"pi":"422717","pc":"Автомобильные товары","ss":100,"td":"Центр города","dc":1,"n":48.31,"vc":"около 50","sl":"Нормальный","sv":"менее 50","p":6300.32,"q":1.05,"b":0.0,"ms":0.03,"wi":38.68,"ei":8.95,"as":183.72,"mi":"E","mv":3021,"sc":1,"lpe":99.97,"lpr":5513.88,"lq":1.0,"d":218},{"pi":"422717","pc":"Автомобильные товары","ss":100,"td":"Центр города","dc":1,"n":48.31,"vc":"около 50","sl":"Нормальный","sv":"менее 50","p":6300.32,"q":1.05,"b":0.0,"ms":0.03,"wi":38.68,"ei":8.95,"as":183.72,"mi":"E","mv":3021,"sc":1,"lpe":99.97,"lpr":5513.88,"lq":1.0,"d":218},{"pi":"422717","pc":"Автомобильные товары","ss":100,"td":"Центр города","dc":1,"n":48.31,"vc":"около 50","sl":"Нормальный","sv":"менее 50","p":6300.32,"q":1.05,"b":0.0,"ms":0.03,"wi":38.68,"ei":8.95,"as":183.72,"mi":"E","mv":3021,"sc":1,"lpe":99.97,"lpr":5513.88,"lq":1.0,"d":218},{"pi":"422717","pc":"Автомобильные товары","ss":100,"td":"Центр города","dc":1,"n":48.31,"vc":"около 50","sl":"Нормальный","sv":"менее 50","p":6300.32,"q":1.05,"b":0.0,"ms":0.03,"wi":38.68,"ei":8.95,"as":183.72,"mi":"E","mv":3021,"sc":1,"lpe":99.97,"lpr":5513.88,"lq":1.0,"d":218},{"pi":"422717","pc":"Автомобильные товары","ss":100,"td":"Центр города","dc":1,"n":48.31,"vc":"около 50","sl":"Нормальный","sv":"менее 50","p":6300.32,"q":1.05,"b":0.0,"ms":0.03,"wi":38.68,"ei":8.95,"as":183.72,"mi":"E","mv":3021,"sc":1,"lpe":99.97,"lpr":5513.88,"lq":1.0,"d":218},{"pi":"422717","pc":"Автомобильные товары","ss":500,"td":"Фешенебельный район","dc":2,"n":470.07,"vc":"более 200","sl":"Очень высокий","sv":"менее 50","p":17000.0,"q":3.0,"b":0.0,"ms":0.04,"wi":116.07,"ei":9.16,"as":472.26,"mi":"E","mv":5584,"sc":1,"lpe":99.96,"lpr":20470.97,"lq":1.0,"d":883},{"pi":"422717","pc":"Автомобильные товары","ss":500,"td":"Фешенебельный район","dc":2,"n":470.07,"vc":"более 200","sl":"Очень высокий","sv":"менее 50","p":17000.0,"q":3.0,"b":0.0,"ms":0.04,"wi":116.07,"ei":9.16,"as":472.26,"mi":"E","mv":5584,"sc":1,"lpe":99.96,"lpr":20470.97,"lq":1.0,"d":883},{"pi":"422717","pc":"Автомобильные товары","ss":500,"td":"Фешенебельный район","dc":2,"n":470.07,"vc":"более 200","sl":"Очень высокий","sv":"менее 50","p":17000.0,"q":3.0,"b":0.0,"ms":0.04,"wi":116.07,"ei":9.16,"as":472.26,"mi":"E","mv":5584,"sc":1,"lpe":99.96,"lpr":20470.97,"lq":1.0,"d":883},{"pi":"422717","pc":"Автомобильные товары","ss":500,"td":"Фешенебельный район","dc":2,"n":470.07,"vc":"более 200","sl":"Очень высокий","sv":"менее 50","p":17000.0,"q":3.0,"b":0.0,"ms":0.04,"wi":116.07,"ei":9.16,"as":472.26,"mi":"E","mv":5584,"sc":1,"lpe":99.96,"lpr":20470.97,"lq":1.0,"d":883},{"pi":"422717","pc":"Автомобильные товары","ss":500,"td":"Фешенебельный район","dc":2,"n":470.07,"vc":"более 200","sl":"Очень высокий","sv":"менее 50","p":17000.0,"q":3.0,"b":0.0,"ms":0.04,"wi":116.07,"ei":9.16,"as":472.26,"mi":"E","mv":5584,"sc":1,"lpe":99.96,"lpr":20470.97,"lq":1.0,"d":883},{"pi":"422717","pc":"Автомобильные товары","ss":500,"td":"Фешенебельный район","dc":2,"n":470.07,"vc":"более 200","sl":"Очень высокий","sv":"менее 50","p":17000.0,"q":3.0,"b":0.0,"ms":0.04,"wi":116.07,"ei":9.16,"as":472.26,"mi":"E","mv":5584,"sc":1,"lpe":99.96,"lpr":20470.97,"lq":1.0,"d":883},{"pi":"422717","pc":"Автомобильные товары","ss":500,"td":"Фешенебельный район","dc":2,"n":470.07,"vc":"более 200","sl":"Очень высокий","sv":"менее 50","p":17000.0,"q":3.0,"b":0.0,"ms":0.04,"wi":116.07,"ei":9.16,"as":472.26,"mi":"E","mv":5584,"sc":1,"lpe":99.96,"lpr":20470.97,"lq":1.0,"d":883},{"pi":"422717","pc":"Автомобильные товары","ss":500,"td":"Фешенебельный район","dc":2,"n":470.07,"vc":"более 200","sl":"Очень высокий","sv":"менее 50","p":17000.0,"q":3.0,"b":0.0,"ms":0.04,"wi":116.07,"ei":9.16,"as":472.26,"mi":"E","mv":5584,"sc":1,"lpe":99.96,"lpr":20470.97,"lq":1.0,"d":883},{"pi":"422717","pc":"Автомобильные товары","ss":500,"td":"Фешенебельный район","dc":2,"n":470.07,"vc":"более 200","sl":"Очень высокий","sv":"менее 50","p":17000.0,"q":3.0,"b":0.0,"ms":0.04,"wi":116.07,"ei":9.16,"as":472.26,"mi":"E","mv":5584,"sc":1,"lpe":99.96,"lpr":20470.97,"lq":1.0,"d":883},{"pi":"422717","pc":"Автомобильные товары","ss":500,"td":"Фешенебельный район","dc":2,"n":470.07,"vc":"более 200","sl":"Очень высокий","sv":"менее 50","p":17000.0,"q":3.0,"b":0.0,"ms":0.04,"wi":116.07,"ei":9.16,"as":472.26,"mi":"E","mv":5584,"sc":1,"lpe":99.96,"lpr":20470.97,"lq":1.0,"d":883},{"pi":"422717","pc":"Автомобильные товары","ss":500,"td":"Фешенебельный район","dc":2,"n":470.07,"vc":"более 200","sl":"Очень высокий","sv":"менее 50","p":17000.0,"q":3.0,"b":0.0,"ms":0.04,"wi":116.07,"ei":9.16,"as":472.26,"mi":"E","mv":5584,"sc":1,"lpe":99.96,"lpr":20470.97,"lq":1.0,"d":883},{"pi":"422717","pc":"Автомобильные товары","ss":500,"td":"Фешенебельный район","dc":2,"n":470.07,"vc":"более 200","sl":"Очень высокий","sv":"менее 50","p":17000.0,"q":3.0,"b":0.0,"ms":0.04,"wi":116.07,"ei":9.16,"as":472.26,"mi":"E","mv":5584,"sc":1,"lpe":99.96,"lpr":20470.97,"lq":1.0,"d":883},{"pi":"422717","pc":"Автомобильные товары","ss":500,"td":"Фешенебельный район","dc":2,"n":470.07,"vc":"более 200","sl":"Очень высокий","sv":"менее 50","p":17000.0,"q":3.0,"b":0.0,"ms":0.04,"wi":116.07,"ei":9.16,"as":472.26,"mi":"E","mv":5584,"sc":1,"lpe":99.96,"lpr":20470.97,"lq":1.0,"d":883},{"pi":"422717","pc":"Автомобильные товары","ss":500,"td":"Фешенебельный район","dc":2,"n":470.07,"vc":"более 200","sl":"Очень высокий","sv":"менее 50","p":17000.0,"q":3.0,"b":0.0,"ms":0.04,"wi":116.07,"ei":9.16,"as":472.26,"mi":"E","mv":5584,"sc":1,"lpe":99.96,"lpr":20470.97,"lq":1.0,"d":883},{"pi":"422717","pc":"Автомобильные товары","ss":500,"td":"Фешенебельный район","dc":2,"n":470.07,"vc":"более 200","sl":"Очень высокий","sv":"менее 50","p":17000.0,"q":3.0,"b":0.0,"ms":0.04,"wi":116.07,"ei":9.16,"as":472.26,"mi":"E","mv":5584,"sc":1,"lpe":99.96,"lpr":20470.97,"lq":1.0,"d":883},{"pi":"422717","pc":"Автомобильные товары","ss":10000,"td":"Центр города","dc":1,"n":462.37,"vc":"около 50 000","sl":"Очень высокий","sv":"около 5 000","p":6000.0,"q":58.97,"b":0.0,"ms":29.58,"wi":58.18,"ei":8.72,"as":369.38,"mi":"E","mv":13154,"sc":1,"lpe":70.42,"lpr":9431.26,"lq":2.26,"d":745},{"pi":"422717","pc":"Автомобильные товары","ss":10000,"td":"Центр города","dc":1,"n":462.37,"vc":"около 50 000","sl":"Очень высокий","sv":"около 5 000","p":6000.0,"q":58.97,"b":0.0,"ms":29.58,"wi":58.18,"ei":8.72,"as":369.38,"mi":"E","mv":13154,"sc":1,"lpe":70.42,"lpr":9431.26,"lq":2.26,"d":745},{"pi":"422717","pc":"Автомобильные товары","ss":10000,"td":"Центр города","dc":1,"n":462.37,"vc":"около 50 000","sl":"Очень высокий","sv":"около 5 000","p":6000.0,"q":58.97,"b":0.0,"ms":29.58,"wi":58.18,"ei":8.72,"as":369.38,"mi":"E","mv":13154,"sc":1,"lpe":70.42,"lpr":9431.26,"lq":2.26,"d":745},{"pi":"422717","pc":"Автомобильные товары","ss":10000,"td":"Центр города","dc":1,"n":462.37,"vc":"около 50 000","sl":"Очень высокий","sv":"около 5 000","p":6000.0,"q":58.97,"b":0.0,"ms":29.58,"wi":58.18,"ei":8.72,"as":369.38,"mi":"E","mv":13154,"sc":1,"lpe":70.42,"lpr":9431.26,"lq":2.26,"d":745},{"pi":"422717","pc":"Автомобильные товары","ss":10000,"td":"Центр города","dc":1,"n":462.37,"vc":"около 50 000","sl":"Очень высокий","sv":"около 5 000","p":6000.0,"q":58.97,"b":0.0,"ms":29.58,"wi":58.18,"ei":8.72,"as":369.38,"mi":"E","mv":13154,"sc":1,"lpe":70.42,"lpr":9431.26,"lq":2.26,"d":745},{"pi":"422717","pc":"Автомобильные товары","ss":10000,"td":"Центр города","dc":1,"n":462.37,"vc":"около 50 000","sl":"Очень высокий","sv":"около 5 000","p":6000.0,"q":58.97,"b":0.0,"ms":29.58,"wi":58.18,"ei":8.72,"as":369.38,"mi":"E","mv":13154,"sc":1,"lpe":70.42,"lpr":9431.26,"lq":2.26,"d":745},{"pi":"422717","pc":"Автомобильные товары","ss":10000,"td":"Центр города","dc":1,"n":462.37,"vc":"около 50 000","sl":"Очень высокий","sv":"около 5 000","p":6000.0,"q":58.97,"b":0.0,"ms":29.58,"wi":58.18,"ei":8.72,"as":369.38,"mi":"E","mv":13154,"sc":1,"lpe":70.42,"lpr":9431.26,"lq":2.26,"d":745},{"pi":"422717","pc":"Автомобильные товары","ss":10000,"td":"Центр города","dc":1,"n":462.37,"vc":"около 50 000","sl":"Очень высокий","sv":"около 5 000","p":6000.0,"q":58.97,"b":0.0,"ms":29.58,"wi":58.18,"ei":8.72,"as":369.38,"mi":"E","mv":13154,"sc":1,"lpe":70.42,"lpr":9431.26,"lq":2.26,"d":745},{"pi":"422717","pc":"Автомобильные товары","ss":10000,"td":"Центр города","dc":1,"n":462.37,"vc":"около 50 000","sl":"Очень высокий","sv":"около 5 000","p":6000.0,"q":58.97,"b":0.0,"ms":29.58,"wi":58.18,"ei":8.72,"as":369.38,"mi":"E","mv":13154,"sc":1,"lpe":70.42,"lpr":9431.26,"lq":2.26,"d":745},{"pi":"422717","pc":"Автомобильные товары","ss":10000,"td":"Центр города","dc":1,"n":462.37,"vc":"около 50 000","sl":"Очень высокий","sv":"около 5 000","p":6000.0,"q":58.97,"b":0.0,"ms":29.58,"wi":58.18,"ei":8.72,"as":369.38,"mi":"E","mv":13154,"sc":1,"lpe":70.42,"lpr":9431.26,"lq":2.26,"d":745},{"pi":"422717","pc":"Автомобильные товары","ss":10000,"td":"Центр города","dc":1,"n":462.37,"vc":"около 50 000","sl":"Очень высокий","sv":"около 5 000","p":6000.0,"q":58.97,"b":0.0,"ms":29.58,"wi":58.18,"ei":8.72,"as":369.38,"mi":"E","mv":13154,"sc":1,"lpe":70.42,"lpr":9431.26,"lq":2.26,"d":745},{"pi":"422717","pc":"Автомобильные товары","ss":10000,"td":"Центр города","dc":1,"n":462.37,"vc":"около 50 000","sl":"Очень высокий","sv":"около 5 000","p":6000.0,"q":58.97,"b":0.0,"ms":29.58,"wi":58.18,"ei":8.72,"as":369.38,"mi":"E","mv":13154,"sc":1,"lpe":70.42,"lpr":9431.26,"lq":2.26,"d":745}]