[{"pi":"423163","pc":"Электроника","ss":10000,"td":"Центр города","dc":1,"n":442.62,"vc":"более 30 000","sl":"Очень высокий","sv":"около 5 000","p":6000.0,"q":25.89,"b":0.0,"wi":79.39,"ei":17.04,"as":302.66,"mi":"E","mv":19601,"sc":1,"lpe":70.01,"lpr":3242.78,"lq":4.46},{"pi":"423163","pc":"Электроника","ss":10000,"td":"Центр города","dc":1,"n":442.62,"vc":"более 30 000","sl":"Очень высокий","sv":"около 5 000","p":6000.0,"q":25.89,"b":0.0,"wi":79.39,"ei":17.04,"as":302.66,"mi":"E","mv":19601,"sc":1,"lpe":70.01,"lpr":3242.78,"lq":4.46},{"pi":"423163","pc":"Электроника","ss":10000,"td":"Центр города","dc":1,"n":442.62,"vc":"более 30 000","sl":"Очень высокий","sv":"около 5 000","p":6000.0,"q":25.89,"b":0.0,"wi":79.39,"ei":17.04,"as":302.66,"mi":"E","mv":19601,"sc":1,"lpe":70.01,"lpr":3242.78,"lq":4.46},{"pi":"423163","pc":"Электроника","ss":10000,"td":"Центр города","dc":1,"n":442.62,"vc":"более 30 000","sl":"Очень высокий","sv":"около 5 000","p":6000.0,"q":25.89,"b":0.0,"wi":79.39,"ei":17.04,"as":302.66,"mi":"E","mv":19601,"sc":1,"lpe":70.01,"lpr":3242.78,"lq":4.46},{"pi":"423163","pc":"Электроника","ss":10000,"td":"Центр города","dc":1,"n":442.62,"vc":"более 30 000","sl":"Очень высокий","sv":"около 5 000","p":6000.0,"q":25.89,"b":0.0,"wi":79.39,"ei":17.04,"as":302.66,"mi":"E","mv":19601,"sc":1,"lpe":70.01,"lpr":3242.78,"lq":4.46},{"pi":"423163","pc":"Электроника","ss":10000,"td":"Центр города","dc":1,"n":442.62,"vc":"более 30 000","sl":"Очень высокий","sv":"около 5 000","p":6000.0,"q":25.89,"b":0.0,"wi":79.39,"ei":17.04,"as":302.66,"mi":"E","mv":19601,"sc":1,"lpe":70.01,"lpr":3242.78,"lq":4.46},{"pi":"423163","pc":"Электроника","ss":10000,"td":"Центр города","dc":1,"n":442.62,"vc":"более 30 000","sl":"Очень высокий","sv":"около 5 000","p":6000.0,"q":25.89,"b":0.0,"wi":79.39,"ei":17.04,"as":302.66,"mi":"E","mv":19601,"sc":1,"lpe":70.01,"lpr":3242.78,"lq":4.46},{"pi":"423163","pc":"Электроника","ss":10000,"td":"Центр города","dc":1,"n":442.62,"vc":"более 30 000","sl":"Очень высокий","sv":"около 5 000","p":6000.0,"q":25.89,"b":0.0,"wi":79.39,"ei":17.04,"as":302.66,"mi":"E","mv":19601,"sc":1,"lpe":70.01,"lpr":3242.78,"lq":4.46},{"pi":"423163","pc":"Электроника","ss":10000,"td":"Центр города","dc":1,"n":442.62,"vc":"более 30 000","sl":"Очень высокий","sv":"около 5 000","p":6000.0,"q":25.89,"b":0.0,"wi":79.39,"ei":17.04,"as":302.66,"mi":"E","mv":19601,"sc":1,"lpe":70.01,"lpr":3242.78,"lq":4.46},{"pi":"423163","pc":"Электроника","ss":10000,"td":"Центр города","dc":1,"n":442.62,"vc":"более 30 000","sl":"Очень высокий","sv":"около 5 000","p":6000.0,"q":25.89,"b":0.0,"wi":79.39,"ei":17.04,"as":302.66,"mi":"E","mv":19601,"sc":1,"lpe":70.01,"lpr":3242.78,"lq":4.46},{"pi":"423163","pc":"Электроника","ss":10000,"td":"Центр города","dc":1,"n":442.62,"vc":"более 30 000","sl":"Очень высокий","sv":"около 5 000","p":6000.0,"q":25.89,"b":0.0,"wi":79.39,"ei":17.04,"as":302.66,"mi":"E","mv":19601,"sc":1,"lpe":70.01,"lpr":3242.78,"lq":4.46},{"pi":"423163","pc":"Электроника","ss":10000,"td":"Центр города","dc":1,"n":442.62,"vc":"более 30 000","sl":"Очень высокий","sv":"около 5 000","p":6000.0,"q":25.89,"b":0.0,"wi":79.39,"ei":17.04,"as":302.66,"mi":"E","mv":19601,"sc":1,"lpe":70.01,"lpr":3242.78,"lq":4.46},{"pi":"423163","pc":"Электроника","ss":10000,"td":"Центр города","dc":1,"n":442.62,"vc":"более 30 000","sl":"Очень высокий","sv":"около 5 000","p":6000.0,"q":25.89,"b":0.0,"wi":79.39,"ei":17.04,"as":302.66,"mi":"E","mv":19601,"sc":1,"lpe":70.01,"lpr":3242.78,"lq":4.46},{"pi":"423163","pc":"Электроника","ss":10000,"td":"Центр города","dc":1,"n":442.62,"vc":"более 30 000","sl":"Очень высокий","sv":"около 5 000","p":6000.0,"q":25.89,"b":0.0,"wi":79.39,"ei":17.04,"as":302.66,"mi":"E","mv":19601,"sc":1,"lpe":70.01,"lpr":3242.78,"lq":4.46},{"pi":"423163","pc":"Электроника","ss":10000,"td":"Центр города","dc":1,"n":442.62,"vc":"более 30 000","sl":"Очень высокий","sv":"около 5 000","p":6000.0,"q":25.89,"b":0.0,"wi":79.39,"ei":17.04,"as":302.66,"mi":"E","mv":19601,"sc":1,"lpe":70.01,"lpr":3242.78,"lq":4.46},{"pi":"423163","pc":"Электроника","ss":10000,"td":"Центр города","dc":1,"n":442.62,"vc":"более 30 000","sl":"Очень высокий","sv":"около 5 000","p":6000.0,"q":25.89,"b":0.0,"wi":79.39,"ei":17.04,"as":302.66,"mi":"E","mv":19601,"sc":1,"lpe":70.01,"lpr":3242.78,"lq":4.46},{"pi":"423163","pc":"Электроника","ss":10000,"td":"Центр города","dc":1,"n":442.62,"vc":"более 30 000","sl":"Очень высокий","sv":"около 5 000","p":6000.0,"q":25.89,"b":0.0,"wi":79.39,"ei":17.04,"as":302.66,"mi":"E","mv":19601,"sc":1,"lpe":70.01,"lpr":3242.78,"lq":4.46},{"pi":"423163","pc":"Электроника","ss":10000,"td":"Центр города","dc":1,"n":442.62,"vc":"более 30 000","sl":"Очень высокий","sv":"около 5 000","p":6000.0,"q":25.89,"b":0.0,"wi":79.39,"ei":17.04,"as":302.66,"mi":"E","mv":19601,"sc":1,"lpe":70.01,"lpr":3242.78,"lq":4.46},{"pi":"423163","pc":"Электроника","ss":10000,"td":"Центр города","dc":1,"n":442.62,"vc":"более 30 000","sl":"Очень высокий","sv":"около 5 000","p":6000.0,"q":25.89,"b":0.0,"wi":79.39,"ei":17.04,"as":302.66,"mi":"E","mv":19601,"sc":1,"lpe":70.01,"lpr":3242.78,"lq":4.46},{"pi":"423163","pc":"Электроника","ss":10000,"td":"Центр города","dc":2,"n":225.84,"vc":"более 1 000","sl":"Элитный","sv":"более 200","p":3999.0,"q":18.13,"b":0.0,"wi":30.39,"ei":7.37,"as":412.47,"mi":"E","mv":2036,"sc":1,"lpe":87.72,"lpr":3098.75,"lq":2.01},{"pi":"423163","pc":"Электроника","ss":10000,"td":"Центр города","dc":2,"n":225.84,"vc":"более 1 000","sl":"Элитный","sv":"более 200","p":3999.0,"q":18.13,"b":0.0,"wi":30.39,"ei":7.37,"as":412.47,"mi":"E","mv":2036,"sc":1,"lpe":87.72,"lpr":3098.75,"lq":2.01},{"pi":"423163","pc":"Электроника","ss":10000,"td":"Центр города","dc":2,"n":225.84,"vc":"более 1 000","sl":"Элитный","sv":"более 200","p":3999.0,"q":18.13,"b":0.0,"wi":30.39,"ei":7.37,"as":412.47,"mi":"E","mv":2036,"sc":1,"lpe":87.72,"lpr":3098.75,"lq":2.01},{"pi":"423163","pc":"Электроника","ss":10000,"td":"Центр города","dc":2,"n":225.84,"vc":"более 1 000","sl":"Элитный","sv":"более 200","p":3999.0,"q":18.13,"b":0.0,"wi":30.39,"ei":7.37,"as":412.47,"mi":"E","mv":2036,"sc":1,"lpe":87.72,"lpr":3098.75,"lq":2.01},{"pi":"423163","pc":"Электроника","ss":10000,"td":"Центр города","dc":2,"n":225.84,"vc":"более 1 000","sl":"Элитный","sv":"более 200","p":3999.0,"q":18.13,"b":0.0,"wi":30.39,"ei":7.37,"as":412.47,"mi":"E","mv":2036,"sc":1,"lpe":87.72,"lpr":3098.75,"lq":2.01},{"pi":"423163","pc":"Электроника","ss":10000,"td":"Центр города","dc":2,"n":225.84,"vc":"более 1 000","sl":"Элитный","sv":"более 200","p":3999.0,"q":18.13,"b":0.0,"wi":30.39,"ei":7.37,"as":412.47,"mi":"E","mv":2036,"sc":1,"lpe":87.72,"lpr":3098.75,"lq":2.01},{"pi":"423163","pc":"Электроника","ss":10000,"td":"Центр города","dc":2,"n":225.84,"vc":"более 1 000","sl":"Элитный","sv":"более 200","p":3999.0,"q":18.13,"b":0.0,"wi":30.39,"ei":7.37,"as":412.47,"mi":"E","mv":2036,"sc":1,"lpe":87.72,"lpr":3098.75,"lq":2.01},{"pi":"423163","pc":"Электроника","ss":10000,"td":"Центр города","dc":2,"n":225.84,"vc":"более 1 000","sl":"Элитный","sv":"более 200","p":3999.0,"q":18.13,"b":0.0,"wi":30.39,"ei":7.37,"as":412.47,"mi":"E","mv":2036,"sc":1,"lpe":87.72,"lpr":3098.75,"lq":2.01},{"pi":"423163","pc":"Электроника","ss":10000,"td":"Центр города","dc":2,"n":225.84,"vc":"более 1 000","sl":"Элитный","sv":"более 200","p":3999.0,"q":18.13,"b":0.0,"wi":30.39,"ei":7.37,"as":412.47,"mi":"E","mv":2036,"sc":1,"lpe":87.72,"lpr":3098.75,"lq":2.01},{"pi":"423163","pc":"Электроника","ss":10000,"td":"Центр города","dc":2,"n":225.84,"vc":"более 1 000","sl":"Элитный","sv":"более 200","p":3999.0,"q":18.13,"b":0.0,"wi":30.39,"ei":7.37,"as":412.47,"mi":"E","mv":2036,"sc":1,"lpe":87.72,"lpr":3098.75,"lq":2.01},{"pi":"423163","pc":"Электроника","ss":10000,"td":"Центр города","dc":2,"n":225.84,"vc":"более 1 000","sl":"Элитный","sv":"более 200","p":3999.0,"q":18.13,"b":0.0,"wi":30.39,"ei":7.37,"as":412.47,"mi":"E","mv":2036,"sc":1,"lpe":87.72,"lpr":3098.75,"lq":2.01},{"pi":"423163","pc":"Электроника","ss":10000,"td":"Центр города","dc":2,"n":225.84,"vc":"более 1 000","sl":"Элитный","sv":"более 200","p":3999.0,"q":18.13,"b":0.0,"wi":30.39,"ei":7.37,"as":412.47,"mi":"E","mv":2036,"sc":1,"lpe":87.72,"lpr":3098.75,"lq":2.01},{"pi":"423163","pc":"Электроника","ss":10000,"td":"Центр города","dc":2,"n":225.84,"vc":"более 1 000","sl":"Элитный","sv":"более 200","p":3999.0,"q":18.13,"b":0.0,"wi":30.39,"ei":7.37,"as":412.47,"mi":"E","mv":2036,"sc":1,"lpe":87.72,"lpr":3098.75,"lq":2.01},{"pi":"423163","pc":"Электроника","ss":10000,"td":"Центр города","dc":2,"n":225.84,"vc":"более 1 000","sl":"Элитный","sv":"более 200","p":3999.0,"q":18.13,"b":0.0,"wi":30.39,"ei":7.37,"as":412.47,"mi":"E","mv":2036,"sc":1,"lpe":87.72,"lpr":3098.75,"lq":2.01},{"pi":"423163","pc":"Электроника","ss":10000,"td":"Центр города","dc":2,"n":225.84,"vc":"более 1 000","sl":"Элитный","sv":"более 200","p":3999.0,"q":18.13,"b":0.0,"wi":30.39,"ei":7.37,"as":412.47,"mi":"E","mv":2036,"sc":1,"lpe":87.72,"lpr":3098.75,"lq":2.01},{"pi":"423163","pc":"Электроника","ss":10000,"td":"Центр города","dc":2,"n":225.84,"vc":"более 1 000","sl":"Элитный","sv":"более 200","p":3999.0,"q":18.13,"b":0.0,"wi":30.39,"ei":7.37,"as":412.47,"mi":"E","mv":2036,"sc":1,"lpe":87.72,"lpr":3098.75,"lq":2.01},{"pi":"423163","pc":"Электроника","ss":10000,"td":"Центр города","dc":2,"n":225.84,"vc":"более 1 000","sl":"Элитный","sv":"более 200","p":3999.0,"q":18.13,"b":0.0,"wi":30.39,"ei":7.37,"as":412.47,"mi":"E","mv":2036,"sc":1,"lpe":87.72,"lpr":3098.75,"lq":2.01},{"pi":"423163","pc":"Электроника","ss":10000,"td":"Центр города","dc":2,"n":225.84,"vc":"более 1 000","sl":"Элитный","sv":"более 200","p":3999.0,"q":18.13,"b":0.0,"wi":30.39,"ei":7.37,"as":412.47,"mi":"E","mv":2036,"sc":1,"lpe":87.72,"lpr":3098.75,"lq":2.01},{"pi":"423163","pc":"Электроника","ss":10000,"td":"Центр города","dc":2,"n":225.84,"vc":"более 1 000","sl":"Элитный","sv":"более 200","p":3999.0,"q":18.13,"b":0.0,"wi":30.39,"ei":7.37,"as":412.47,"mi":"E","mv":2036,"sc":1,"lpe":87.72,"lpr":3098.75,"lq":2.01},{"pi":"423163","pc":"Электроника","ss":10000,"td":"Центр города","dc":2,"n":225.84,"vc":"более 1 000","sl":"Элитный","sv":"более 200","p":3999.0,"q":18.13,"b":0.0,"wi":30.39,"ei":7.37,"as":412.47,"mi":"E","mv":2036,"sc":1,"lpe":87.72,"lpr":3098.75,"lq":2.01},{"pi":"423163","pc":"Электроника","ss":10000,"td":"Центр города","dc":2,"n":225.84,"vc":"более 1 000","sl":"Элитный","sv":"более 200","p":3999.0,"q":18.13,"b":0.0,"wi":30.39,"ei":7.37,"as":412.47,"mi":"E","mv":2036,"sc":1,"lpe":87.72,"lpr":3098.75,"lq":2.01},{"pi":"423163","pc":"Электроника","ss":10000,"td":"Центр города","dc":2,"n":225.84,"vc":"более 1 000","sl":"Элитный","sv":"более 200","p":3999.0,"q":18.13,"b":0.0,"wi":30.39,"ei":7.37,"as":412.47,"mi":"E","mv":2036,"sc":1,"lpe":87.72,"lpr":3098.75,"lq":2.01},{"pi":"423163","pc":"Электроника","ss":10000,"td":"Центр города","dc":2,"n":225.84,"vc":"более 1 000","sl":"Элитный","sv":"более 200","p":3999.0,"q":18.13,"b":0.0,"wi":30.39,"ei":7.37,"as":412.47,"mi":"E","mv":2036,"sc":1,"lpe":87.72,"lpr":3098.75,"lq":2.01},{"pi":"423163","pc":"Электроника","ss":10000,"td":"Центр города","dc":2,"n":225.84,"vc":"более 1 000","sl":"Элитный","sv":"более 200","p":3999.0,"q":18.13,"b":0.0,"wi":30.39,"ei":7.37,"as":412.47,"mi":"E","mv":2036,"sc":1,"lpe":87.72,"lpr":3098.75,"lq":2.01},{"pi":"423163","pc":"Электроника","ss":10000,"td":"Центр города","dc":2,"n":225.84,"vc":"более 1 000","sl":"Элитный","sv":"более 200","p":3999.0,"q":18.13,"b":0.0,"wi":30.39,"ei":7.37,"as":412.47,"mi":"E","mv":2036,"sc":1,"lpe":87.72,"lpr":3098.75,"lq":2.01},{"pi":"423163","pc":"Электроника","ss":10000,"td":"Центр города","dc":2,"n":225.84,"vc":"более 1 000","sl":"Элитный","sv":"более 200","p":3999.0,"q":18.13,"b":0.0,"wi":30.39,"ei":7.37,"as":412.47,"mi":"E","mv":2036,"sc":1,"lpe":87.72,"lpr":3098.75,"lq":2.01},{"pi":"423163","pc":"Электроника","ss":10000,"td":"Центр города","dc":2,"n":225.84,"vc":"более 1 000","sl":"Элитный","sv":"более 200","p":3999.0,"q":18.13,"b":0.0,"wi":30.39,"ei":7.37,"as":412.47,"mi":"E","mv":2036,"sc":1,"lpe":87.72,"lpr":3098.75,"lq":2.01},{"pi":"423163","pc":"Электроника","ss":1000,"td":"Центр города","dc":1,"n":145.41,"vc":"около 500","sl":"Элитный","sv":"менее 50","p":10400.0,"q":8.82,"b":0.0,"wi":82.81,"ei":7.39,"as":396.36,"mi":"E","mv":7064,"sc":1,"lpe":99.58,"lpr":7975.43,"lq":1.0},{"pi":"423163","pc":"Электроника","ss":1000,"td":"Центр города","dc":1,"n":145.41,"vc":"около 500","sl":"Элитный","sv":"менее 50","p":10400.0,"q":8.82,"b":0.0,"wi":82.81,"ei":7.39,"as":396.36,"mi":"E","mv":7064,"sc":1,"lpe":99.58,"lpr":7975.43,"lq":1.0},{"pi":"423163","pc":"Электроника","ss":1000,"td":"Центр города","dc":1,"n":145.41,"vc":"около 500","sl":"Элитный","sv":"менее 50","p":10400.0,"q":8.82,"b":0.0,"wi":82.81,"ei":7.39,"as":396.36,"mi":"E","mv":7064,"sc":1,"lpe":99.58,"lpr":7975.43,"lq":1.0},{"pi":"423163","pc":"Электроника","ss":1000,"td":"Центр города","dc":1,"n":145.41,"vc":"около 500","sl":"Элитный","sv":"менее 50","p":10400.0,"q":8.82,"b":0.0,"wi":82.81,"ei":7.39,"as":396.36,"mi":"E","mv":7064,"sc":1,"lpe":99.58,"lpr":7975.43,"lq":1.0},{"pi":"423163","pc":"Электроника","ss":1000,"td":"Центр города","dc":1,"n":145.41,"vc":"около 500","sl":"Элитный","sv":"менее 50","p":10400.0,"q":8.82,"b":0.0,"wi":82.81,"ei":7.39,"as":396.36,"mi":"E","mv":7064,"sc":1,"lpe":99.58,"lpr":7975.43,"lq":1.0},{"pi":"423163","pc":"Электроника","ss":1000,"td":"Центр города","dc":1,"n":145.41,"vc":"около 500","sl":"Элитный","sv":"менее 50","p":10400.0,"q":8.82,"b":0.0,"wi":82.81,"ei":7.39,"as":396.36,"mi":"E","mv":7064,"sc":1,"lpe":99.58,"lpr":7975.43,"lq":1.0},{"pi":"423163","pc":"Электроника","ss":1000,"td":"Центр города","dc":1,"n":145.41,"vc":"около 500","sl":"Элитный","sv":"менее 50","p":10400.0,"q":8.82,"b":0.0,"wi":82.81,"ei":7.39,"as":396.36,"mi":"E","mv":7064,"sc":1,"lpe":99.58,"lpr":7975.43,"lq":1.0},{"pi":"423163","pc":"Электроника","ss":1000,"td":"Центр города","dc":1,"n":145.41,"vc":"около 500","sl":"Элитный","sv":"менее 50","p":10400.0,"q":8.82,"b":0.0,"wi":82.81,"ei":7.39,"as":396.36,"mi":"E","mv":7064,"sc":1,"lpe":99.58,"lpr":7975.43,"lq":1.0},{"pi":"423163","pc":"Электроника","ss":1000,"td":"Центр города","dc":1,"n":145.41,"vc":"около 500","sl":"Элитный","sv":"менее 50","p":10400.0,"q":8.82,"b":0.0,"wi":82.81,"ei":7.39,"as":396.36,"mi":"E","mv":7064,"sc":1,"lpe":99.58,"lpr":7975.43,"lq":1.0},{"pi":"423163","pc":"Электроника","ss":1000,"td":"Центр города","dc":1,"n":145.41,"vc":"около 500","sl":"Элитный","sv":"менее 50","p":10400.0,"q":8.82,"b":0.0,"wi":82.81,"ei":7.39,"as":396.36,"mi":"E","mv":7064,"sc":1,"lpe":99.58,"lpr":7975.43,"lq":1.0},{"pi":"423163","pc":"Электроника","ss":1000,"td":"Центр города","dc":1,"n":145.41,"vc":"около 500","sl":"Элитный","sv":"менее 50","p":10400.0,"q":8.82,"b":0.0,"wi":82.81,"ei":7.39,"as":396.36,"mi":"E","mv":7064,"sc":1,"lpe":99.58,"lpr":7975.43,"lq":1.0},{"pi":"423163","pc":"Электроника","ss":1000,"td":"Центр города","dc":1,"n":145.41,"vc":"около 500","sl":"Элитный","sv":"менее 50","p":10400.0,"q":8.82,"b":0.0,"wi":82.81,"ei":7.39,"as":396.36,"mi":"E","mv":7064,"sc":1,"lpe":99.58,"lpr":7975.43,"lq":1.0},{"pi":"423163","pc":"Электроника","ss":1000,"td":"Центр города","dc":1,"n":145.41,"vc":"около 500","sl":"Элитный","sv":"менее 50","p":10400.0,"q":8.82,"b":0.0,"wi":82.81,"ei":7.39,"as":396.36,"mi":"E","mv":7064,"sc":1,"lpe":99.58,"lpr":7975.43,"lq":1.0},{"pi":"423163","pc":"Электроника","ss":1000,"td":"Центр города","dc":1,"n":145.41,"vc":"около 500","sl":"Элитный","sv":"менее 50","p":10400.0,"q":8.82,"b":0.0,"wi":82.81,"ei":7.39,"as":396.36,"mi":"E","mv":7064,"sc":1,"lpe":99.58,"lpr":7975.43,"lq":1.0},{"pi":"423163","pc":"Электроника","ss":1000,"td":"Центр города","dc":1,"n":145.41,"vc":"около 500","sl":"Элитный","sv":"менее 50","p":10400.0,"q":8.82,"b":0.0,"wi":82.81,"ei":7.39,"as":396.36,"mi":"E","mv":7064,"sc":1,"lpe":99.58,"lpr":7975.43,"lq":1.0},{"pi":"423163","pc":"Электроника","ss":100000,"td":"Фешенебельный район","dc":2,"n":506.85,"vc":"более 200 000","sl":"Элитный","sv":"около 5 000","p":15000.0,"q":26.72,"b":0.0,"wi":85.34,"ei":8.4,"as":380.0,"mi":"E","mv":284750,"sc":1,"lpe":98.86,"lpr":2217.52,"lq":1.0},{"pi":"423163","pc":"Электроника","ss":100000,"td":"Фешенебельный район","dc":2,"n":506.85,"vc":"более 200 000","sl":"Элитный","sv":"около 5 000","p":15000.0,"q":26.72,"b":0.0,"wi":85.34,"ei":8.4,"as":380.0,"mi":"E","mv":284750,"sc":1,"lpe":98.86,"lpr":2217.52,"lq":1.0},{"pi":"423163","pc":"Электроника","ss":100000,"td":"Фешенебельный район","dc":2,"n":506.85,"vc":"более 200 000","sl":"Элитный","sv":"около 5 000","p":15000.0,"q":26.72,"b":0.0,"wi":85.34,"ei":8.4,"as":380.0,"mi":"E","mv":284750,"sc":1,"lpe":98.86,"lpr":2217.52,"lq":1.0},{"pi":"423163","pc":"Электроника","ss":100000,"td":"Фешенебельный район","dc":2,"n":506.85,"vc":"более 200 000","sl":"Элитный","sv":"около 5 000","p":15000.0,"q":26.72,"b":0.0,"wi":85.34,"ei":8.4,"as":380.0,"mi":"E","mv":284750,"sc":1,"lpe":98.86,"lpr":2217.52,"lq":1.0},{"pi":"423163","pc":"Электроника","ss":100000,"td":"Фешенебельный район","dc":2,"n":506.85,"vc":"более 200 000","sl":"Элитный","sv":"около 5 000","p":15000.0,"q":26.72,"b":0.0,"wi":85.34,"ei":8.4,"as":380.0,"mi":"E","mv":284750,"sc":1,"lpe":98.86,"lpr":2217.52,"lq":1.0},{"pi":"423163","pc":"Электроника","ss":100000,"td":"Фешенебельный район","dc":2,"n":506.85,"vc":"более 200 000","sl":"Элитный","sv":"около 5 000","p":15000.0,"q":26.72,"b":0.0,"wi":85.34,"ei":8.4,"as":380.0,"mi":"E","mv":284750,"sc":1,"lpe":98.86,"lpr":2217.52,"lq":1.0},{"pi":"423163","pc":"Электроника","ss":100000,"td":"Фешенебельный район","dc":2,"n":506.85,"vc":"более 200 000","sl":"Элитный","sv":"около 5 000","p":15000.0,"q":26.72,"b":0.0,"wi":85.34,"ei":8.4,"as":380.0,"mi":"E","mv":284750,"sc":1,"lpe":98.86,"lpr":2217.52,"lq":1.0},{"pi":"423163","pc":"Электроника","ss":100000,"td":"Фешенебельный район","dc":2,"n":506.85,"vc":"более 200 000","sl":"Элитный","sv":"около 5 000","p":15000.0,"q":26.72,"b":0.0,"wi":85.34,"ei":8.4,"as":380.0,"mi":"E","mv":284750,"sc":1,"lpe":98.86,"lpr":2217.52,"lq":1.0},{"pi":"423163","pc":"Электроника","ss":100000,"td":"Фешенебельный район","dc":2,"n":506.85,"vc":"более 200 000","sl":"Элитный","sv":"около 5 000","p":15000.0,"q":26.72,"b":0.0,"wi":85.34,"ei":8.4,"as":380.0,"mi":"E","mv":284750,"sc":1,"lpe":98.86,"lpr":2217.52,"lq":1.0},{"pi":"423163","pc":"Электроника","ss":100000,"td":"Фешенебельный район","dc":2,"n":506.85,"vc":"более 200 000","sl":"Элитный","sv":"около 5 000","p":15000.0,"q":26.72,"b":0.0,"wi":85.34,"ei":8.4,"as":380.0,"mi":"E","mv":284750,"sc":1,"lpe":98.86,"lpr":2217.52,"lq":1.0},{"pi":"423163","pc":"Электроника","ss":100000,"td":"Фешенебельный район","dc":2,"n":506.85,"vc":"более 200 000","sl":"Элитный","sv":"около 5 000","p":15000.0,"q":26.72,"b":0.0,"wi":85.34,"ei":8.4,"as":380.0,"mi":"E","mv":284750,"sc":1,"lpe":98.86,"lpr":2217.52,"lq":1.0},{"pi":"423163","pc":"Электроника","ss":100000,"td":"Фешенебельный район","dc":2,"n":506.85,"vc":"более 200 000","sl":"Элитный","sv":"около 5 000","p":15000.0,"q":26.72,"b":0.0,"wi":85.34,"ei":8.4,"as":380.0,"mi":"E","mv":284750,"sc":1,"lpe":98.86,"lpr":2217.52,"lq":1.0},{"pi":"423163","pc":"Электроника","ss":100000,"td":"Фешенебельный район","dc":2,"n":506.85,"vc":"более 200 000","sl":"Элитный","sv":"около 5 000","p":15000.0,"q":26.72,"b":0.0,"wi":85.34,"ei":8.4,"as":380.0,"mi":"E","mv":284750,"sc":1,"lpe":98.86,"lpr":2217.52,"lq":1.0},{"pi":"423163","pc":"Электроника","ss":100000,"td":"Фешенебельный район","dc":2,"n":506.85,"vc":"более 200 000","sl":"Элитный","sv":"около 5 000","p":15000.0,"q":26.72,"b":0.0,"wi":85.34,"ei":8.4,"as":380.0,"mi":"E","mv":284750,"sc":1,"lpe":98.86,"lpr":2217.52,"lq":1.0},{"pi":"423163","pc":"Электроника","ss":100000,"td":"Фешенебельный район","dc":2,"n":506.85,"vc":"более 200 000","sl":"Элитный","sv":"около 5 000","p":15000.0,"q":26.72,"b":0.0,"wi":85.34,"ei":8.4,"as":380.0,"mi":"E","mv":284750,"sc":1,"lpe":98.86,"lpr":2217.52,"lq":1.0},{"pi":"423163","pc":"Электроника","ss":100000,"td":"Фешенебельный район","dc":2,"n":506.85,"vc":"более 200 000","sl":"Элитный","sv":"около 5 000","p":15000.0,"q":26.72,"b":0.0,"wi":85.34,"ei":8.4,"as":380.0,"mi":"E","mv":284750,"sc":1,"lpe":98.86,"lpr":2217.52,"lq":1.0},{"pi":"423163","pc":"Электроника","ss":100000,"td":"Фешенебельный район","dc":2,"n":506.85,"vc":"более 200 000","sl":"Элитный","sv":"около 5 000","p":15000.0,"q":26.72,"b":0.0,"wi":85.34,"ei":8.4,"as":380.0,"mi":"E","mv":284750,"sc":1,"lpe":98.86,"lpr":2217.52,"lq":1.0},{"pi":"423163","pc":"Электроника","ss":100000,"td":"Фешенебельный район","dc":2,"n":506.85,"vc":"более 200 000","sl":"Элитный","sv":"около 5 000","p":15000.0,"q":26.72,"b":0.0,"wi":85.34,"ei":8.4,"as":380.0,"mi":"E","mv":284750,"sc":1,"lpe":98.86,"lpr":2217.52,"lq":1.0},{"pi":"423163","pc":"Электроника","ss":100000,"td":"Фешенебельный район","dc":2,"n":506.85,"vc":"более 200 000","sl":"Элитный","sv":"около 5 000","p":15000.0,"q":26.72,"b":0.0,"wi":85.34,"ei":8.4,"as":380.0,"mi":"E","mv":284750,"sc":1,"lpe":98.86,"lpr":2217.52,"lq":1.0},{"pi":"423163","pc":"Электроника","ss":100000,"td":"Фешенебельный район","dc":2,"n":506.85,"vc":"более 200 000","sl":"Элитный","sv":"около 5 000","p":15000.0,"q":26.72,"b":0.0,"wi":85.34,"ei":8.4,"as":380.0,"mi":"E","mv":284750,"sc":1,"lpe":98.86,"lpr":2217.52,"lq":1.0},{"pi":"423163","pc":"Электроника","ss":100000,"td":"Фешенебельный район","dc":2,"n":506.85,"vc":"более 200 000","sl":"Элитный","sv":"около 5 000","p":15000.0,"q":26.72,"b":0.0,"wi":85.34,"ei":8.4,"as":380.0,"mi":"E","mv":284750,"sc":1,"lpe":98.86,"lpr":2217.52,"lq":1.0},{"pi":"423163","pc":"Электроника","ss":100000,"td":"Фешенебельный район","dc":2,"n":506.85,"vc":"более 200 000","sl":"Элитный","sv":"около 5 000","p":15000.0,"q":26.72,"b":0.0,"wi":85.34,"ei":8.4,"as":380.0,"mi":"E","mv":284750,"sc":1,"lpe":98.86,"lpr":2217.52,"lq":1.0},{"pi":"423163","pc":"Электроника","ss":100000,"td":"Фешенебельный район","dc":2,"n":506.85,"vc":"более 200 000","sl":"Элитный","sv":"около 5 000","p":15000.0,"q":26.72,"b":0.0,"wi":85.34,"ei":8.4,"as":380.0,"mi":"E","mv":284750,"sc":1,"lpe":98.86,"lpr":2217.52,"lq":1.0},{"pi":"423163","pc":"Электроника","ss":100000,"td":"Фешенебельный район","dc":2,"n":506.85,"vc":"более 200 000","sl":"Элитный","sv":"около 5 000","p":15000.0,"q":26.72,"b":0.0,"wi":85.34,"ei":8.4,"as":380.0,"mi":"E","mv":284750,"sc":1,"lpe":98.86,"lpr":2217.52,"lq":1.0},{"pi":"423163","pc":"Электроника","ss":100000,"td":"Фешенебельный район","dc":2,"n":506.85,"vc":"более 200 000","sl":"Элитный","sv":"около 5 000","p":15000.0,"q":26.72,"b":0.0,"wi":85.34,"ei":8.4,"as":380.0,"mi":"E","mv":284750,"sc":1,"lpe":98.86,"lpr":2217.52,"lq":1.0},{"pi":"423163","pc":"Электроника","ss":100000,"td":"Фешенебельный район","dc":2,"n":506.85,"vc":"более 200 000","sl":"Элитный","sv":"около 5 000","p":15000.0,"q":26.72,"b":0.0,"wi":85.34,"ei":8.4,"as":380.0,"mi":"E","mv":284750,"sc":1,"lpe":98.86,"lpr":2217.52,"lq":1.0},{"pi":"423163","pc":"Электроника","ss":100000,"td":"Фешенебельный район","dc":2,"n":506.85,"vc":"более 200 000","sl":"Элитный","sv":"около 5 000","p":15000.0,"q":26.72,"b":0.0,"wi":85.34,"ei":8.4,"as":380.0,"mi":"E","mv":284750,"sc":1,"lpe":98.86,"lpr":2217.52,"lq":1.0},{"pi":"423163","pc":"Электроника","ss":10000,"td":"Центр города","dc":2,"n":186.85,"vc":"более 2 000","sl":"Элитный","sv":"более 200","p":4999.0,"q":18.13,"b":0.0,"wi":107.27,"ei":11.52,"as":481.23,"mi":"E","mv":3781,"sc":1,"lpe":93.39,"lpr":3705.34,"lq":1.0},{"pi":"423163","pc":"Электроника","ss":10000,"td":"Центр города","dc":2,"n":186.85,"vc":"более 2 000","sl":"Элитный","sv":"более 200","p":4999.0,"q":18.13,"b":0.0,"wi":107.27,"ei":11.52,"as":481.23,"mi":"E","mv":3781,"sc":1,"lpe":93.39,"lpr":3705.34,"lq":1.0},{"pi":"423163","pc":"Электроника","ss":10000,"td":"Центр города","dc":2,"n":186.85,"vc":"более 2 000","sl":"Элитный","sv":"более 200","p":4999.0,"q":18.13,"b":0.0,"wi":107.27,"ei":11.52,"as":481.23,"mi":"E","mv":3781,"sc":1,"lpe":93.39,"lpr":3705.34,"lq":1.0},{"pi":"423163","pc":"Электроника","ss":10000,"td":"Центр города","dc":2,"n":186.85,"vc":"более 2 000","sl":"Элитный","sv":"более 200","p":4999.0,"q":18.13,"b":0.0,"wi":107.27,"ei":11.52,"as":481.23,"mi":"E","mv":3781,"sc":1,"lpe":93.39,"lpr":3705.34,"lq":1.0},{"pi":"423163","pc":"Электроника","ss":10000,"td":"Центр города","dc":2,"n":186.85,"vc":"более 2 000","sl":"Элитный","sv":"более 200","p":4999.0,"q":18.13,"b":0.0,"wi":107.27,"ei":11.52,"as":481.23,"mi":"E","mv":3781,"sc":1,"lpe":93.39,"lpr":3705.34,"lq":1.0},{"pi":"423163","pc":"Электроника","ss":10000,"td":"Центр города","dc":2,"n":186.85,"vc":"более 2 000","sl":"Элитный","sv":"более 200","p":4999.0,"q":18.13,"b":0.0,"wi":107.27,"ei":11.52,"as":481.23,"mi":"E","mv":3781,"sc":1,"lpe":93.39,"lpr":3705.34,"lq":1.0},{"pi":"423163","pc":"Электроника","ss":10000,"td":"Центр города","dc":2,"n":186.85,"vc":"более 2 000","sl":"Элитный","sv":"более 200","p":4999.0,"q":18.13,"b":0.0,"wi":107.27,"ei":11.52,"as":481.23,"mi":"E","mv":3781,"sc":1,"lpe":93.39,"lpr":3705.34,"lq":1.0},{"pi":"423163","pc":"Электроника","ss":10000,"td":"Центр города","dc":2,"n":186.85,"vc":"более 2 000","sl":"Элитный","sv":"более 200","p":4999.0,"q":18.13,"b":0.0,"wi":107.27,"ei":11.52,"as":481.23,"mi":"E","mv":3781,"sc":1,"lpe":93.39,"lpr":3705.34,"lq":1.0},{"pi":"423163","pc":"Электроника","ss":10000,"td":"Центр города","dc":2,"n":186.85,"vc":"более 2 000","sl":"Элитный","sv":"более 200","p":4999.0,"q":18.13,"b":0.0,"wi":107.27,"ei":11.52,"as":481.23,"mi":"E","mv":3781,"sc":1,"lpe":93.39,"lpr":3705.34,"lq":1.0},{"pi":"423163","pc":"Электроника","ss":10000,"td":"Центр города","dc":2,"n":186.85,"vc":"более 2 000","sl":"Элитный","sv":"более 200","p":4999.0,"q":18.13,"b":0.0,"wi":107.27,"ei":11.52,"as":481.23,"mi":"E","mv":3781,"sc":1,"lpe":93.39,"lpr":3705.34,"lq":1.0},{"pi":"423163","pc":"Электроника","ss":10000,"td":"Центр города","dc":2,"n":186.85,"vc":"более 2 000","sl":"Элитный","sv":"более 200","p":4999.0,"q":18.13,"b":0.0,"wi":107.27,"ei":11.52,"as":481.23,"mi":"E","mv":3781,"sc":1,"lpe":93.39,"lpr":3705.34,"lq":1.0},{"pi":"423163","pc":"Электроника","ss":10000,"td":"Центр города","dc":2,"n":186.85,"vc":"более 2 000","sl":"Элитный","sv":"более 200","p":4999.0,"q":18.13,"b":0.0,"wi":107.27,"ei":11.52,"as":481.23,"mi":"E","mv":3781,"sc":1,"lpe":93.39,"lpr":3705.34,"lq":1.0},{"pi":"423163","pc":"Электроника","ss":10000,"td":"Центр города","dc":2,"n":186.85,"vc":"более 2 000","sl":"Элитный","sv":"более 200","p":4999.0,"q":18.13,"b":0.0,"wi":107.27,"ei":11.52,"as":481.23,"mi":"E","mv":3781,"sc":1,"lpe":93.39,"lpr":3705.34,"lq":1.0},{"pi":"423163","pc":"Электроника","ss":10000,"td":"Центр города","dc":2,"n":186.85,"vc":"более 2 000","sl":"Элитный","sv":"более 200","p":4999.0,"q":18.13,"b":0.0,"wi":107.27,"ei":11.52,"as":481.23,"mi":"E","mv":3781,"sc":1,"lpe":93.39,"lpr":3705.34,"lq":1.0},{"pi":"423163","pc":"Электроника","ss":10000,"td":"Центр города","dc":2,"n":186.85,"vc":"более 2 000","sl":"Элитный","sv":"более 200","p":4999.0,"q":18.13,"b":0.0,"wi":107.27,"ei":11.52,"as":481.23,"mi":"E","mv":3781,"sc":1,"lpe":93.39,"lpr":3705.34,"lq":1.0},{"pi":"423163","pc":"Электроника","ss":10000,"td":"Центр города","dc":2,"n":186.85,"vc":"более 2 000","sl":"Элитный","sv":"более 200","p":4999.0,"q":18.13,"b":0.0,"wi":107.27,"ei":11.52,"as":481.23,"mi":"E","mv":3781,"sc":1,"lpe":93.39,"lpr":3705.34,"lq":1.0},{"pi":"423163","pc":"Электроника","ss":10000,"td":"Центр города","dc":2,"n":186.85,"vc":"более 2 000","sl":"Элитный","sv":"более 200","p":4999.0,"q":18.13,"b":0.0,"wi":107.27,"ei":11.52,"as":481.23,"mi":"E","mv":3781,"sc":1,"lpe":93.39,"lpr":3705.34,"lq":1.0},{"pi":"423163","pc":"Электроника","ss":10000,"td":"Центр города","dc":2,"n":186.85,"vc":"более 2 000","sl":"Элитный","sv":"более 200","p":4999.0,"q":18.13,"b":0.0,"wi":107.27,"ei":11.52,"as":481.23,"mi":"E","mv":3781,"sc":1,"lpe":93.39,"lpr":3705.34,"lq":1.0},{"pi":"423163","pc":"Электроника","ss":10000,"td":"Центр города","dc":2,"n":186.85,"vc":"более 2 000","sl":"Элитный","sv":"более 200","p":4999.0,"q":18.13,"b":0.0,"wi":107.27,"ei":11.52,"as":481.23,"mi":"E","mv":3781,"sc":1,"lpe":93.39,"lpr":3705.34,"lq":1.0},{"pi":"423163","pc":"Электроника","ss":10000,"td":"Центр города","dc":2,"n":186.85,"vc":"более 2 000","sl":"Элитный","sv":"более 200","p":4999.0,"q":18.13,"b":0.0,"wi":107.27,"ei":11.52,"as":481.23,"mi":"E","mv":3781,"sc":1,"lpe":93.39,"lpr":3705.34,"lq":1.0},{"pi":"423163","pc":"Электроника","ss":10000,"td":"Центр города","dc":2,"n":186.85,"vc":"более 2 000","sl":"Элитный","sv":"более 200","p":4999.0,"q":18.13,"b":0.0,"wi":107.27,"ei":11.52,"as":481.23,"mi":"E","mv":3781,"sc":1,"lpe":93.39,"lpr":3705.34,"lq":1.0},{"pi":"423163","pc":"Электроника","ss":10000,"td":"Центр города","dc":2,"n":186.85,"vc":"более 2 000","sl":"Элитный","sv":"более 200","p":4999.0,"q":18.13,"b":0.0,"wi":107.27,"ei":11.52,"as":481.23,"mi":"E","mv":3781,"sc":1,"lpe":93.39,"lpr":3705.34,"lq":1.0},{"pi":"423163","pc":"Электроника","ss":10000,"td":"Центр города","dc":2,"n":186.85,"vc":"более 2 000","sl":"Элитный","sv":"более 200","p":4999.0,"q":18.13,"b":0.0,"wi":107.27,"ei":11.52,"as":481.23,"mi":"E","mv":3781,"sc":1,"lpe":93.39,"lpr":3705.34,"lq":1.0},{"pi":"423163","pc":"Электроника","ss":10000,"td":"Центр города","dc":2,"n":186.85,"vc":"более 2 000","sl":"Элитный","sv":"более 200","p":4999.0,"q":18.13,"b":0.0,"wi":107.27,"ei":11.52,"as":481.23,"mi":"E","mv":3781,"sc":1,"lpe":93.39,"lpr":3705.34,"lq":1.0},{"pi":"423163","pc":"Электроника","ss":10000,"td":"Центр города","dc":2,"n":186.85,"vc":"более 2 000","sl":"Элитный","sv":"более 200","p":4999.0,"q":18.13,"b":0.0,"wi":107.27,"ei":11.52,"as":481.23,"mi":"E","mv":3781,"sc":1,"lpe":93.39,"lpr":3705.34,"lq":1.0},{"pi":"423163","pc":"Электроника","ss":100000,"td":"Центр города","dc":1,"n":470.68,"vc":"более 200 000","sl":"Элитный","sv":"около 5 000","p":6000.0,"q":25.89,"b":0.0,"wi":62.92,"ei":7.52,"as":430.83,"mi":"E","mv":11947,"sc":1,"lpe":66.77,"lpr":2187.09,"lq":2.91},{"pi":"423163","pc":"Электроника","ss":100000,"td":"Центр города","dc":1,"n":470.68,"vc":"более 200 000","sl":"Элитный","sv":"около 5 000","p":6000.0,"q":25.89,"b":0.0,"wi":62.92,"ei":7.52,"as":430.83,"mi":"E","mv":11947,"sc":1,"lpe":66.77,"lpr":2187.09,"lq":2.91},{"pi":"423163","pc":"Электроника","ss":100000,"td":"Центр города","dc":1,"n":470.68,"vc":"более 200 000","sl":"Элитный","sv":"около 5 000","p":6000.0,"q":25.89,"b":0.0,"wi":62.92,"ei":7.52,"as":430.83,"mi":"E","mv":11947,"sc":1,"lpe":66.77,"lpr":2187.09,"lq":2.91},{"pi":"423163","pc":"Электроника","ss":100000,"td":"Центр города","dc":1,"n":470.68,"vc":"более 200 000","sl":"Элитный","sv":"около 5 000","p":6000.0,"q":25.89,"b":0.0,"wi":62.92,"ei":7.52,"as":430.83,"mi":"E","mv":11947,"sc":1,"lpe":66.77,"lpr":2187.09,"lq":2.91},{"pi":"423163","pc":"Электроника","ss":100000,"td":"Центр города","dc":1,"n":470.68,"vc":"более 200 000","sl":"Элитный","sv":"около 5 000","p":6000.0,"q":25.89,"b":0.0,"wi":62.92,"ei":7.52,"as":430.83,"mi":"E","mv":11947,"sc":1,"lpe":66.77,"lpr":2187.09,"lq":2.91},{"pi":"423163","pc":"Электроника","ss":100000,"td":"Центр города","dc":1,"n":470.68,"vc":"более 200 000","sl":"Элитный","sv":"около 5 000","p":6000.0,"q":25.89,"b":0.0,"wi":62.92,"ei":7.52,"as":430.83,"mi":"E","mv":11947,"sc":1,"lpe":66.77,"lpr":2187.09,"lq":2.91},{"pi":"423163","pc":"Электроника","ss":100000,"td":"Центр города","dc":1,"n":470.68,"vc":"более 200 000","sl":"Элитный","sv":"около 5 000","p":6000.0,"q":25.89,"b":0.0,"wi":62.92,"ei":7.52,"as":430.83,"mi":"E","mv":11947,"sc":1,"lpe":66.77,"lpr":2187.09,"lq":2.91},{"pi":"423163","pc":"Электроника","ss":100000,"td":"Центр города","dc":1,"n":470.68,"vc":"более 200 000","sl":"Элитный","sv":"около 5 000","p":6000.0,"q":25.89,"b":0.0,"wi":62.92,"ei":7.52,"as":430.83,"mi":"E","mv":11947,"sc":1,"lpe":66.77,"lpr":2187.09,"lq":2.91},{"pi":"423163","pc":"Электроника","ss":100000,"td":"Центр города","dc":1,"n":470.68,"vc":"более 200 000","sl":"Элитный","sv":"около 5 000","p":6000.0,"q":25.89,"b":0.0,"wi":62.92,"ei":7.52,"as":430.83,"mi":"E","mv":11947,"sc":1,"lpe":66.77,"lpr":2187.09,"lq":2.91},{"pi":"423163","pc":"Электроника","ss":100000,"td":"Центр города","dc":1,"n":470.68,"vc":"более 200 000","sl":"Элитный","sv":"около 5 000","p":6000.0,"q":25.89,"b":0.0,"wi":62.92,"ei":7.52,"as":430.83,"mi":"E","mv":11947,"sc":1,"lpe":66.77,"lpr":2187.09,"lq":2.91},{"pi":"423163","pc":"Электроника","ss":100000,"td":"Центр города","dc":1,"n":470.68,"vc":"более 200 000","sl":"Элитный","sv":"около 5 000","p":6000.0,"q":25.89,"b":0.0,"wi":62.92,"ei":7.52,"as":430.83,"mi":"E","mv":11947,"sc":1,"lpe":66.77,"lpr":2187.09,"lq":2.91},{"pi":"423163","pc":"Электроника","ss":100000,"td":"Центр города","dc":1,"n":470.68,"vc":"более 200 000","sl":"Элитный","sv":"около 5 000","p":6000.0,"q":25.89,"b":0.0,"wi":62.92,"ei":7.52,"as":430.83,"mi":"E","mv":11947,"sc":1,"lpe":66.77,"lpr":2187.09,"lq":2.91},{"pi":"423163","pc":"Электроника","ss":100000,"td":"Центр города","dc":1,"n":470.68,"vc":"более 200 000","sl":"Элитный","sv":"около 5 000","p":6000.0,"q":25.89,"b":0.0,"wi":62.92,"ei":7.52,"as":430.83,"mi":"E","mv":11947,"sc":1,"lpe":66.77,"lpr":2187.09,"lq":2.91},{"pi":"423163","pc":"Электроника","ss":100000,"td":"Центр города","dc":1,"n":470.68,"vc":"более 200 000","sl":"Элитный","sv":"около 5 000","p":6000.0,"q":25.89,"b":0.0,"wi":62.92,"ei":7.52,"as":430.83,"mi":"E","mv":11947,"sc":1,"lpe":66.77,"lpr":2187.09,"lq":2.91},{"pi":"423163","pc":"Электроника","ss":100000,"td":"Центр города","dc":1,"n":470.68,"vc":"более 200 000","sl":"Элитный","sv":"около 5 000","p":6000.0,"q":25.89,"b":0.0,"wi":62.92,"ei":7.52,"as":430.83,"mi":"E","mv":11947,"sc":1,"lpe":66.77,"lpr":2187.09,"lq":2.91},{"pi":"423163","pc":"Электроника","ss":100000,"td":"Центр города","dc":1,"n":470.68,"vc":"более 200 000","sl":"Элитный","sv":"около 5 000","p":6000.0,"q":25.89,"b":0.0,"wi":62.92,"ei":7.52,"as":430.83,"mi":"E","mv":11947,"sc":1,"lpe":66.77,"lpr":2187.09,"lq":2.91},{"pi":"423163","pc":"Электроника","ss":100000,"td":"Центр города","dc":1,"n":470.68,"vc":"более 200 000","sl":"Элитный","sv":"около 5 000","p":6000.0,"q":25.89,"b":0.0,"wi":62.92,"ei":7.52,"as":430.83,"mi":"E","mv":11947,"sc":1,"lpe":66.77,"lpr":2187.09,"lq":2.91},{"pi":"423163","pc":"Электроника","ss":100000,"td":"Центр города","dc":1,"n":470.68,"vc":"более 200 000","sl":"Элитный","sv":"около 5 000","p":6000.0,"q":25.89,"b":0.0,"wi":62.92,"ei":7.52,"as":430.83,"mi":"E","mv":11947,"sc":1,"lpe":66.77,"lpr":2187.09,"lq":2.91},{"pi":"423163","pc":"Электроника","ss":100000,"td":"Центр города","dc":1,"n":470.68,"vc":"более 200 000","sl":"Элитный","sv":"около 5 000","p":6000.0,"q":25.89,"b":0.0,"wi":62.92,"ei":7.52,"as":430.83,"mi":"E","mv":11947,"sc":1,"lpe":66.77,"lpr":2187.09,"lq":2.91},{"pi":"423163","pc":"Электроника","ss":10000,"td":"Центр города","dc":2,"n":211.74,"vc":"более 1 000","sl":"Элитный","sv":"более 200","p":3699.0,"q":18.13,"b":0.0,"wi":59.31,"ei":7.02,"as":341.11,"mi":"E","mv":2489,"sc":1,"lpe":89.96,"lpr":3311.61,"lq":1.46},{"pi":"423163","pc":"Электроника","ss":10000,"td":"Центр города","dc":2,"n":211.74,"vc":"более 1 000","sl":"Элитный","sv":"более 200","p":3699.0,"q":18.13,"b":0.0,"wi":59.31,"ei":7.02,"as":341.11,"mi":"E","mv":2489,"sc":1,"lpe":89.96,"lpr":3311.61,"lq":1.46},{"pi":"423163","pc":"Электроника","ss":10000,"td":"Центр города","dc":2,"n":211.74,"vc":"более 1 000","sl":"Элитный","sv":"более 200","p":3699.0,"q":18.13,"b":0.0,"wi":59.31,"ei":7.02,"as":341.11,"mi":"E","mv":2489,"sc":1,"lpe":89.96,"lpr":3311.61,"lq":1.46},{"pi":"423163","pc":"Электроника","ss":10000,"td":"Центр города","dc":2,"n":211.74,"vc":"более 1 000","sl":"Элитный","sv":"более 200","p":3699.0,"q":18.13,"b":0.0,"wi":59.31,"ei":7.02,"as":341.11,"mi":"E","mv":2489,"sc":1,"lpe":89.96,"lpr":3311.61,"lq":1.46},{"pi":"423163","pc":"Электроника","ss":10000,"td":"Центр города","dc":2,"n":211.74,"vc":"более 1 000","sl":"Элитный","sv":"более 200","p":3699.0,"q":18.13,"b":0.0,"wi":59.31,"ei":7.02,"as":341.11,"mi":"E","mv":2489,"sc":1,"lpe":89.96,"lpr":3311.61,"lq":1.46},{"pi":"423163","pc":"Электроника","ss":10000,"td":"Центр города","dc":2,"n":211.74,"vc":"более 1 000","sl":"Элитный","sv":"более 200","p":3699.0,"q":18.13,"b":0.0,"wi":59.31,"ei":7.02,"as":341.11,"mi":"E","mv":2489,"sc":1,"lpe":89.96,"lpr":3311.61,"lq":1.46},{"pi":"423163","pc":"Электроника","ss":10000,"td":"Центр города","dc":2,"n":211.74,"vc":"более 1 000","sl":"Элитный","sv":"более 200","p":3699.0,"q":18.13,"b":0.0,"wi":59.31,"ei":7.02,"as":341.11,"mi":"E","mv":2489,"sc":1,"lpe":89.96,"lpr":3311.61,"lq":1.46},{"pi":"423163","pc":"Электроника","ss":10000,"td":"Центр города","dc":2,"n":211.74,"vc":"более 1 000","sl":"Элитный","sv":"более 200","p":3699.0,"q":18.13,"b":0.0,"wi":59.31,"ei":7.02,"as":341.11,"mi":"E","mv":2489,"sc":1,"lpe":89.96,"lpr":3311.61,"lq":1.46},{"pi":"423163","pc":"Электроника","ss":10000,"td":"Центр города","dc":2,"n":211.74,"vc":"более 1 000","sl":"Элитный","sv":"более 200","p":3699.0,"q":18.13,"b":0.0,"wi":59.31,"ei":7.02,"as":341.11,"mi":"E","mv":2489,"sc":1,"lpe":89.96,"lpr":3311.61,"lq":1.46},{"pi":"423163","pc":"Электроника","ss":10000,"td":"Центр города","dc":2,"n":211.74,"vc":"более 1 000","sl":"Элитный","sv":"более 200","p":3699.0,"q":18.13,"b":0.0,"wi":59.31,"ei":7.02,"as":341.11,"mi":"E","mv":2489,"sc":1,"lpe":89.96,"lpr":3311.61,"lq":1.46},{"pi":"423163","pc":"Электроника","ss":10000,"td":"Центр города","dc":2,"n":211.74,"vc":"более 1 000","sl":"Элитный","sv":"более 200","p":3699.0,"q":18.13,"b":0.0,"wi":59.31,"ei":7.02,"as":341.11,"mi":"E","mv":2489,"sc":1,"lpe":89.96,"lpr":3311.61,"lq":1.46},{"pi":"423163","pc":"Электроника","ss":10000,"td":"Центр города","dc":2,"n":211.74,"vc":"более 1 000","sl":"Элитный","sv":"более 200","p":3699.0,"q":18.13,"b":0.0,"wi":59.31,"ei":7.02,"as":341.11,"mi":"E","mv":2489,"sc":1,"lpe":89.96,"lpr":3311.61,"lq":1.46},{"pi":"423163","pc":"Электроника","ss":10000,"td":"Центр города","dc":2,"n":211.74,"vc":"более 1 000","sl":"Элитный","sv":"более 200","p":3699.0,"q":18.13,"b":0.0,"wi":59.31,"ei":7.02,"as":341.11,"mi":"E","mv":2489,"sc":1,"lpe":89.96,"lpr":3311.61,"lq":1.46},{"pi":"423163","pc":"Электроника","ss":10000,"td":"Центр города","dc":2,"n":211.74,"vc":"более 1 000","sl":"Элитный","sv":"более 200","p":3699.0,"q":18.13,"b":0.0,"wi":59.31,"ei":7.02,"as":341.11,"mi":"E","mv":2489,"sc":1,"lpe":89.96,"lpr":3311.61,"lq":1.46},{"pi":"423163","pc":"Электроника","ss":10000,"td":"Центр города","dc":2,"n":211.74,"vc":"более 1 000","sl":"Элитный","sv":"более 200","p":3699.0,"q":18.13,"b":0.0,"wi":59.31,"ei":7.02,"as":341.11,"mi":"E","mv":2489,"sc":1,"lpe":89.96,"lpr":3311.61,"lq":1.46},{"pi":"423163","pc":"Электроника","ss":10000,"td":"Центр города","dc":2,"n":211.74,"vc":"более 1 000","sl":"Элитный","sv":"более 200","p":3699.0,"q":18.13,"b":0.0,"wi":59.31,"ei":7.02,"as":341.11,"mi":"E","mv":2489,"sc":1,"lpe":89.96,"lpr":3311.61,"lq":1.46},{"pi":"423163","pc":"Электроника","ss":10000,"td":"Центр города","dc":2,"n":211.74,"vc":"более 1 000","sl":"Элитный","sv":"более 200","p":3699.0,"q":18.13,"b":0.0,"wi":59.31,"ei":7.02,"as":341.11,"mi":"E","mv":2489,"sc":1,"lpe":89.96,"lpr":3311.61,"lq":1.46},{"pi":"423163","pc":"Электроника","ss":10000,"td":"Центр города","dc":2,"n":211.74,"vc":"более 1 000","sl":"Элитный","sv":"более 200","p":3699.0,"q":18.13,"b":0.0,"wi":59.31,"ei":7.02,"as":341.11,"mi":"E","mv":2489,"sc":1,"lpe":89.96,"lpr":3311.61,"lq":1.46},{"pi":"423163","pc":"Электроника","ss":10000,"td":"Центр города","dc":2,"n":211.74,"vc":"более 1 000","sl":"Элитный","sv":"более 200","p":3699.0,"q":18.13,"b":0.0,"wi":59.31,"ei":7.02,"as":341.11,"mi":"E","mv":2489,"sc":1,"lpe":89.96,"lpr":3311.61,"lq":1.46},{"pi":"423163","pc":"Электроника","ss":10000,"td":"Центр города","dc":2,"n":211.74,"vc":"более 1 000","sl":"Элитный","sv":"более 200","p":3699.0,"q":18.13,"b":0.0,"wi":59.31,"ei":7.02,"as":341.11,"mi":"E","mv":2489,"sc":1,"lpe":89.96,"lpr":3311.61,"lq":1.46},{"pi":"423163","pc":"Электроника","ss":10000,"td":"Центр города","dc":2,"n":211.74,"vc":"более 1 000","sl":"Элитный","sv":"более 200","p":3699.0,"q":18.13,"b":0.0,"wi":59.31,"ei":7.02,"as":341.11,"mi":"E","mv":2489,"sc":1,"lpe":89.96,"lpr":3311.61,"lq":1.46},{"pi":"423163","pc":"Электроника","ss":10000,"td":"Центр города","dc":2,"n":211.74,"vc":"более 1 000","sl":"Элитный","sv":"более 200","p":3699.0,"q":18.13,"b":0.0,"wi":59.31,"ei":7.02,"as":341.11,"mi":"E","mv":2489,"sc":1,"lpe":89.96,"lpr":3311.61,"lq":1.46},{"pi":"423163","pc":"Электроника","ss":10000,"td":"Центр города","dc":2,"n":211.74,"vc":"более 1 000","sl":"Элитный","sv":"более 200","p":3699.0,"q":18.13,"b":0.0,"wi":59.31,"ei":7.02,"as":341.11,"mi":"E","mv":2489,"sc":1,"lpe":89.96,"lpr":3311.61,"lq":1.46},{"pi":"423163","pc":"Электроника","ss":10000,"td":"Центр города","dc":2,"n":211.74,"vc":"более 1 000","sl":"Элитный","sv":"более 200","p":3699.0,"q":18.13,"b":0.0,"wi":59.31,"ei":7.02,"as":341.11,"mi":"E","mv":2489,"sc":1,"lpe":89.96,"lpr":3311.61,"lq":1.46},{"pi":"423163","pc":"Электроника","ss":10000,"td":"Центр города","dc":2,"n":211.74,"vc":"более 1 000","sl":"Элитный","sv":"более 200","p":3699.0,"q":18.13,"b":0.0,"wi":59.31,"ei":7.02,"as":341.11,"mi":"E","mv":2489,"sc":1,"lpe":89.96,"lpr":3311.61,"lq":1.46},{"pi":"423163","pc":"Электроника","ss":10000,"td":"Центр города","dc":2,"n":216.62,"vc":"более 1 000","sl":"Элитный","sv":"более 200","p":2499.0,"q":18.13,"b":0.0,"wi":59.9,"ei":4.5,"as":248.67,"mi":"E","mv":2394,"sc":1,"lpe":89.56,"lpr":2003.93,"lq":1.29},{"pi":"423163","pc":"Электроника","ss":10000,"td":"Центр города","dc":2,"n":216.62,"vc":"более 1 000","sl":"Элитный","sv":"более 200","p":2499.0,"q":18.13,"b":0.0,"wi":59.9,"ei":4.5,"as":248.67,"mi":"E","mv":2394,"sc":1,"lpe":89.56,"lpr":2003.93,"lq":1.29},{"pi":"423163","pc":"Электроника","ss":10000,"td":"Центр города","dc":2,"n":216.62,"vc":"более 1 000","sl":"Элитный","sv":"более 200","p":2499.0,"q":18.13,"b":0.0,"wi":59.9,"ei":4.5,"as":248.67,"mi":"E","mv":2394,"sc":1,"lpe":89.56,"lpr":2003.93,"lq":1.29},{"pi":"423163","pc":"Электроника","ss":10000,"td":"Центр города","dc":2,"n":216.62,"vc":"более 1 000","sl":"Элитный","sv":"более 200","p":2499.0,"q":18.13,"b":0.0,"wi":59.9,"ei":4.5,"as":248.67,"mi":"E","mv":2394,"sc":1,"lpe":89.56,"lpr":2003.93,"lq":1.29},{"pi":"423163","pc":"Электроника","ss":10000,"td":"Центр города","dc":2,"n":216.62,"vc":"более 1 000","sl":"Элитный","sv":"более 200","p":2499.0,"q":18.13,"b":0.0,"wi":59.9,"ei":4.5,"as":248.67,"mi":"E","mv":2394,"sc":1,"lpe":89.56,"lpr":2003.93,"lq":1.29},{"pi":"423163","pc":"Электроника","ss":10000,"td":"Центр города","dc":2,"n":216.62,"vc":"более 1 000","sl":"Элитный","sv":"более 200","p":2499.0,"q":18.13,"b":0.0,"wi":59.9,"ei":4.5,"as":248.67,"mi":"E","mv":2394,"sc":1,"lpe":89.56,"lpr":2003.93,"lq":1.29},{"pi":"423163","pc":"Электроника","ss":10000,"td":"Центр города","dc":2,"n":216.62,"vc":"более 1 000","sl":"Элитный","sv":"более 200","p":2499.0,"q":18.13,"b":0.0,"wi":59.9,"ei":4.5,"as":248.67,"mi":"E","mv":2394,"sc":1,"lpe":89.56,"lpr":2003.93,"lq":1.29},{"pi":"423163","pc":"Электроника","ss":10000,"td":"Центр города","dc":2,"n":216.62,"vc":"более 1 000","sl":"Элитный","sv":"более 200","p":2499.0,"q":18.13,"b":0.0,"wi":59.9,"ei":4.5,"as":248.67,"mi":"E","mv":2394,"sc":1,"lpe":89.56,"lpr":2003.93,"lq":1.29},{"pi":"423163","pc":"Электроника","ss":10000,"td":"Центр города","dc":2,"n":216.62,"vc":"более 1 000","sl":"Элитный","sv":"более 200","p":2499.0,"q":18.13,"b":0.0,"wi":59.9,"ei":4.5,"as":248.67,"mi":"E","mv":2394,"sc":1,"lpe":89.56,"lpr":2003.93,"lq":1.29},{"pi":"423163","pc":"Электроника","ss":10000,"td":"Центр города","dc":2,"n":216.62,"vc":"более 1 000","sl":"Элитный","sv":"более 200","p":2499.0,"q":18.13,"b":0.0,"wi":59.9,"ei":4.5,"as":248.67,"mi":"E","mv":2394,"sc":1,"lpe":89.56,"lpr":2003.93,"lq":1.29},{"pi":"423163","pc":"Электроника","ss":10000,"td":"Центр города","dc":2,"n":216.62,"vc":"более 1 000","sl":"Элитный","sv":"более 200","p":2499.0,"q":18.13,"b":0.0,"wi":59.9,"ei":4.5,"as":248.67,"mi":"E","mv":2394,"sc":1,"lpe":89.56,"lpr":2003.93,"lq":1.29},{"pi":"423163","pc":"Электроника","ss":10000,"td":"Центр города","dc":2,"n":216.62,"vc":"более 1 000","sl":"Элитный","sv":"более 200","p":2499.0,"q":18.13,"b":0.0,"wi":59.9,"ei":4.5,"as":248.67,"mi":"E","mv":2394,"sc":1,"lpe":89.56,"lpr":2003.93,"lq":1.29},{"pi":"423163","pc":"Электроника","ss":10000,"td":"Центр города","dc":2,"n":216.62,"vc":"более 1 000","sl":"Элитный","sv":"более 200","p":2499.0,"q":18.13,"b":0.0,"wi":59.9,"ei":4.5,"as":248.67,"mi":"E","mv":2394,"sc":1,"lpe":89.56,"lpr":2003.93,"lq":1.29},{"pi":"423163","pc":"Электроника","ss":10000,"td":"Центр города","dc":2,"n":216.62,"vc":"более 1 000","sl":"Элитный","sv":"более 200","p":2499.0,"q":18.13,"b":0.0,"wi":59.9,"ei":4.5,"as":248.67,"mi":"E","mv":2394,"sc":1,"lpe":89.56,"lpr":2003.93,"lq":1.29},{"pi":"423163","pc":"Электроника","ss":10000,"td":"Центр города","dc":2,"n":216.62,"vc":"более 1 000","sl":"Элитный","sv":"более 200","p":2499.0,"q":18.13,"b":0.0,"wi":59.9,"ei":4.5,"as":248.67,"mi":"E","mv":2394,"sc":1,"lpe":89.56,"lpr":2003.93,"lq":1.29},{"pi":"423163","pc":"Электроника","ss":10000,"td":"Центр города","dc":2,"n":216.62,"vc":"более 1 000","sl":"Элитный","sv":"более 200","p":2499.0,"q":18.13,"b":0.0,"wi":59.9,"ei":4.5,"as":248.67,"mi":"E","mv":2394,"sc":1,"lpe":89.56,"lpr":2003.93,"lq":1.29},{"pi":"423163","pc":"Электроника","ss":10000,"td":"Центр города","dc":2,"n":216.62,"vc":"более 1 000","sl":"Элитный","sv":"более 200","p":2499.0,"q":18.13,"b":0.0,"wi":59.9,"ei":4.5,"as":248.67,"mi":"E","mv":2394,"sc":1,"lpe":89.56,"lpr":2003.93,"lq":1.29},{"pi":"423163","pc":"Электроника","ss":10000,"td":"Центр города","dc":2,"n":216.62,"vc":"более 1 000","sl":"Элитный","sv":"более 200","p":2499.0,"q":18.13,"b":0.0,"wi":59.9,"ei":4.5,"as":248.67,"mi":"E","mv":2394,"sc":1,"lpe":89.56,"lpr":2003.93,"lq":1.29},{"pi":"423163","pc":"Электроника","ss":10000,"td":"Центр города","dc":2,"n":216.62,"vc":"более 1 000","sl":"Элитный","sv":"более 200","p":2499.0,"q":18.13,"b":0.0,"wi":59.9,"ei":4.5,"as":248.67,"mi":"E","mv":2394,"sc":1,"lpe":89.56,"lpr":2003.93,"lq":1.29},{"pi":"423163","pc":"Электроника","ss":10000,"td":"Центр города","dc":2,"n":216.62,"vc":"более 1 000","sl":"Элитный","sv":"более 200","p":2499.0,"q":18.13,"b":0.0,"wi":59.9,"ei":4.5,"as":248.67,"mi":"E","mv":2394,"sc":1,"lpe":89.56,"lpr":2003.93,"lq":1.29},{"pi":"423163","pc":"Электроника","ss":10000,"td":"Центр города","dc":2,"n":216.62,"vc":"более 1 000","sl":"Элитный","sv":"более 200","p":2499.0,"q":18.13,"b":0.0,"wi":59.9,"ei":4.5,"as":248.67,"mi":"E","mv":2394,"sc":1,"lpe":89.56,"lpr":2003.93,"lq":1.29},{"pi":"423163","pc":"Электроника","ss":10000,"td":"Центр города","dc":2,"n":216.62,"vc":"более 1 000","sl":"Элитный","sv":"более 200","p":2499.0,"q":18.13,"b":0.0,"wi":59.9,"ei":4.5,"as":248.67,"mi":"E","mv":2394,"sc":1,"lpe":89.56,"lpr":2003.93,"lq":1.29},{"pi":"423163","pc":"Электроника","ss":10000,"td":"Центр города","dc":2,"n":216.62,"vc":"более 1 000","sl":"Элитный","sv":"более 200","p":2499.0,"q":18.13,"b":0.0,"wi":59.9,"ei":4.5,"as":248.67,"mi":"E","mv":2394,"sc":1,"lpe":89.56,"lpr":2003.93,"lq":1.29},{"pi":"423163","pc":"Электроника","ss":10000,"td":"Центр города","dc":2,"n":216.62,"vc":"более 1 000","sl":"Элитный","sv":"более 200","p":2499.0,"q":18.13,"b":0.0,"wi":59.9,"ei":4.5,"as":248.67,"mi":"E","mv":2394,"sc":1,"lpe":89.56,"lpr":2003.93,"lq":1.29},{"pi":"423163","pc":"Электроника","ss":10000,"td":"Центр города","dc":2,"n":216.62,"vc":"более 1 000","sl":"Элитный","sv":"более 200","p":2499.0,"q":18.13,"b":0.0,"wi":59.9,"ei":4.5,"as":248.67,"mi":"E","mv":2394,"sc":1,"lpe":89.56,"lpr":2003.93,"lq":1.29},{"pi":"423163","pc":"Электроника","ss":10000,"td":"Центр города","dc":2,"n":216.62,"vc":"более 1 000","sl":"Элитный","sv":"более 200","p":2499.0,"q":18.13,"b":0.0,"wi":59.9,"ei":4.5,"as":248.67,"mi":"E","mv":2394,"sc":1,"lpe":89.56,"lpr":2003.93,"lq":1.29},{"pi":"423163","pc":"Электроника","ss":10000,"td":"Центр города","dc":2,"n":204.64,"vc":"более 2 000","sl":"Элитный","sv":"более 200","p":3699.0,"q":18.13,"b":0.0,"wi":50.22,"ei":6.48,"as":391.83,"mi":"E","mv":2803,"sc":1,"lpe":91.08,"lpr":3343.45,"lq":1.0},{"pi":"423163","pc":"Электроника","ss":10000,"td":"Центр города","dc":2,"n":204.64,"vc":"более 2 000","sl":"Элитный","sv":"более 200","p":3699.0,"q":18.13,"b":0.0,"wi":50.22,"ei":6.48,"as":391.83,"mi":"E","mv":2803,"sc":1,"lpe":91.08,"lpr":3343.45,"lq":1.0},{"pi":"423163","pc":"Электроника","ss":10000,"td":"Центр города","dc":2,"n":204.64,"vc":"более 2 000","sl":"Элитный","sv":"более 200","p":3699.0,"q":18.13,"b":0.0,"wi":50.22,"ei":6.48,"as":391.83,"mi":"E","mv":2803,"sc":1,"lpe":91.08,"lpr":3343.45,"lq":1.0},{"pi":"423163","pc":"Электроника","ss":10000,"td":"Центр города","dc":2,"n":204.64,"vc":"более 2 000","sl":"Элитный","sv":"более 200","p":3699.0,"q":18.13,"b":0.0,"wi":50.22,"ei":6.48,"as":391.83,"mi":"E","mv":2803,"sc":1,"lpe":91.08,"lpr":3343.45,"lq":1.0},{"pi":"423163","pc":"Электроника","ss":10000,"td":"Центр города","dc":2,"n":204.64,"vc":"более 2 000","sl":"Элитный","sv":"более 200","p":3699.0,"q":18.13,"b":0.0,"wi":50.22,"ei":6.48,"as":391.83,"mi":"E","mv":2803,"sc":1,"lpe":91.08,"lpr":3343.45,"lq":1.0},{"pi":"423163","pc":"Электроника","ss":10000,"td":"Центр города","dc":2,"n":204.64,"vc":"более 2 000","sl":"Элитный","sv":"более 200","p":3699.0,"q":18.13,"b":0.0,"wi":50.22,"ei":6.48,"as":391.83,"mi":"E","mv":2803,"sc":1,"lpe":91.08,"lpr":3343.45,"lq":1.0},{"pi":"423163","pc":"Электроника","ss":10000,"td":"Центр города","dc":2,"n":204.64,"vc":"более 2 000","sl":"Элитный","sv":"более 200","p":3699.0,"q":18.13,"b":0.0,"wi":50.22,"ei":6.48,"as":391.83,"mi":"E","mv":2803,"sc":1,"lpe":91.08,"lpr":3343.45,"lq":1.0},{"pi":"423163","pc":"Электроника","ss":10000,"td":"Центр города","dc":2,"n":204.64,"vc":"более 2 000","sl":"Элитный","sv":"более 200","p":3699.0,"q":18.13,"b":0.0,"wi":50.22,"ei":6.48,"as":391.83,"mi":"E","mv":2803,"sc":1,"lpe":91.08,"lpr":3343.45,"lq":1.0},{"pi":"423163","pc":"Электроника","ss":10000,"td":"Центр города","dc":2,"n":204.64,"vc":"более 2 000","sl":"Элитный","sv":"более 200","p":3699.0,"q":18.13,"b":0.0,"wi":50.22,"ei":6.48,"as":391.83,"mi":"E","mv":2803,"sc":1,"lpe":91.08,"lpr":3343.45,"lq":1.0},{"pi":"423163","pc":"Электроника","ss":10000,"td":"Центр города","dc":2,"n":204.64,"vc":"более 2 000","sl":"Элитный","sv":"более 200","p":3699.0,"q":18.13,"b":0.0,"wi":50.22,"ei":6.48,"as":391.83,"mi":"E","mv":2803,"sc":1,"lpe":91.08,"lpr":3343.45,"lq":1.0},{"pi":"423163","pc":"Электроника","ss":10000,"td":"Центр города","dc":2,"n":204.64,"vc":"более 2 000","sl":"Элитный","sv":"более 200","p":3699.0,"q":18.13,"b":0.0,"wi":50.22,"ei":6.48,"as":391.83,"mi":"E","mv":2803,"sc":1,"lpe":91.08,"lpr":3343.45,"lq":1.0},{"pi":"423163","pc":"Электроника","ss":10000,"td":"Центр города","dc":2,"n":204.64,"vc":"более 2 000","sl":"Элитный","sv":"более 200","p":3699.0,"q":18.13,"b":0.0,"wi":50.22,"ei":6.48,"as":391.83,"mi":"E","mv":2803,"sc":1,"lpe":91.08,"lpr":3343.45,"lq":1.0},{"pi":"423163","pc":"Электроника","ss":10000,"td":"Центр города","dc":2,"n":204.64,"vc":"более 2 000","sl":"Элитный","sv":"более 200","p":3699.0,"q":18.13,"b":0.0,"wi":50.22,"ei":6.48,"as":391.83,"mi":"E","mv":2803,"sc":1,"lpe":91.08,"lpr":3343.45,"lq":1.0},{"pi":"423163","pc":"Электроника","ss":10000,"td":"Центр города","dc":2,"n":204.64,"vc":"более 2 000","sl":"Элитный","sv":"более 200","p":3699.0,"q":18.13,"b":0.0,"wi":50.22,"ei":6.48,"as":391.83,"mi":"E","mv":2803,"sc":1,"lpe":91.08,"lpr":3343.45,"lq":1.0},{"pi":"423163","pc":"Электроника","ss":10000,"td":"Центр города","dc":2,"n":204.64,"vc":"более 2 000","sl":"Элитный","sv":"более 200","p":3699.0,"q":18.13,"b":0.0,"wi":50.22,"ei":6.48,"as":391.83,"mi":"E","mv":2803,"sc":1,"lpe":91.08,"lpr":3343.45,"lq":1.0},{"pi":"423163","pc":"Электроника","ss":10000,"td":"Центр города","dc":2,"n":204.64,"vc":"более 2 000","sl":"Элитный","sv":"более 200","p":3699.0,"q":18.13,"b":0.0,"wi":50.22,"ei":6.48,"as":391.83,"mi":"E","mv":2803,"sc":1,"lpe":91.08,"lpr":3343.45,"lq":1.0},{"pi":"423163","pc":"Электроника","ss":10000,"td":"Центр города","dc":2,"n":204.64,"vc":"более 2 000","sl":"Элитный","sv":"более 200","p":3699.0,"q":18.13,"b":0.0,"wi":50.22,"ei":6.48,"as":391.83,"mi":"E","mv":2803,"sc":1,"lpe":91.08,"lpr":3343.45,"lq":1.0},{"pi":"423163","pc":"Электроника","ss":10000,"td":"Центр города","dc":2,"n":204.64,"vc":"более 2 000","sl":"Элитный","sv":"более 200","p":3699.0,"q":18.13,"b":0.0,"wi":50.22,"ei":6.48,"as":391.83,"mi":"E","mv":2803,"sc":1,"lpe":91.08,"lpr":3343.45,"lq":1.0},{"pi":"423163","pc":"Электроника","ss":10000,"td":"Центр города","dc":2,"n":204.64,"vc":"более 2 000","sl":"Элитный","sv":"более 200","p":3699.0,"q":18.13,"b":0.0,"wi":50.22,"ei":6.48,"as":391.83,"mi":"E","mv":2803,"sc":1,"lpe":91.08,"lpr":3343.45,"lq":1.0},{"pi":"423163","pc":"Электроника","ss":10000,"td":"Центр города","dc":2,"n":204.64,"vc":"более 2 000","sl":"Элитный","sv":"более 200","p":3699.0,"q":18.13,"b":0.0,"wi":50.22,"ei":6.48,"as":391.83,"mi":"E","mv":2803,"sc":1,"lpe":91.08,"lpr":3343.45,"lq":1.0},{"pi":"423163","pc":"Электроника","ss":10000,"td":"Центр города","dc":2,"n":204.64,"vc":"более 2 000","sl":"Элитный","sv":"более 200","p":3699.0,"q":18.13,"b":0.0,"wi":50.22,"ei":6.48,"as":391.83,"mi":"E","mv":2803,"sc":1,"lpe":91.08,"lpr":3343.45,"lq":1.0},{"pi":"423163","pc":"Электроника","ss":10000,"td":"Центр города","dc":2,"n":204.64,"vc":"более 2 000","sl":"Элитный","sv":"более 200","p":3699.0,"q":18.13,"b":0.0,"wi":50.22,"ei":6.48,"as":391.83,"mi":"E","mv":2803,"sc":1,"lpe":91.08,"lpr":3343.45,"lq":1.0},{"pi":"423163","pc":"Электроника","ss":10000,"td":"Центр города","dc":2,"n":204.64,"vc":"более 2 000","sl":"Элитный","sv":"более 200","p":3699.0,"q":18.13,"b":0.0,"wi":50.22,"ei":6.48,"as":391.83,"mi":"E","mv":2803,"sc":1,"lpe":91.08,"lpr":3343.45,"lq":1.0},{"pi":"423163","pc":"Электроника","ss":10000,"td":"Центр города","dc":2,"n":204.64,"vc":"более 2 000","sl":"Элитный","sv":"более 200","p":3699.0,"q":18.13,"b":0.0,"wi":50.22,"ei":6.48,"as":391.83,"mi":"E","mv":2803,"sc":1,"lpe":91.08,"lpr":3343.45,"lq":1.0},{"pi":"423163","pc":"Электроника","ss":10000,"td":"Центр города","dc":2,"n":204.64,"vc":"более 2 000","sl":"Элитный","sv":"более 200","p":3699.0,"q":18.13,"b":0.0,"wi":50.22,"ei":6.48,"as":391.83,"mi":"E","mv":2803,"sc":1,"lpe":91.08,"lpr":3343.45,"lq":1.0},{"pi":"423163","pc":"Электроника","ss":10000,"td":"Центр города","dc":2,"n":204.64,"vc":"более 2 000","sl":"Элитный","sv":"более 200","p":3699.0,"q":18.13,"b":0.0,"wi":50.22,"ei":6.48,"as":391.83,"mi":"E","mv":2803,"sc":1,"lpe":91.08,"lpr":3343.45,"lq":1.0},{"pi":"423163","pc":"Электроника","ss":10000,"td":"Центр города","dc":2,"n":204.64,"vc":"более 2 000","sl":"Элитный","sv":"более 200","p":3699.0,"q":18.13,"b":0.0,"wi":50.22,"ei":6.48,"as":391.83,"mi":"E","mv":2803,"sc":1,"lpe":91.08,"lpr":3343.45,"lq":1.0},{"pi":"423163","pc":"Электроника","ss":10000,"td":"Центр города","dc":2,"n":227.2,"vc":"около 5 000","sl":"Элитный","sv":"около 200","p":3599.0,"q":18.13,"b":0.0,"wi":102.65,"ei":6.1,"as":298.11,"mi":"E","mv":10735,"sc":1,"lpe":98.14,"lpr":3276.51,"lq":1.0},{"pi":"423163","pc":"Электроника","ss":10000,"td":"Центр города","dc":2,"n":227.2,"vc":"около 5 000","sl":"Элитный","sv":"около 200","p":3599.0,"q":18.13,"b":0.0,"wi":102.65,"ei":6.1,"as":298.11,"mi":"E","mv":10735,"sc":1,"lpe":98.14,"lpr":3276.51,"lq":1.0},{"pi":"423163","pc":"Электроника","ss":10000,"td":"Центр города","dc":2,"n":227.2,"vc":"около 5 000","sl":"Элитный","sv":"около 200","p":3599.0,"q":18.13,"b":0.0,"wi":102.65,"ei":6.1,"as":298.11,"mi":"E","mv":10735,"sc":1,"lpe":98.14,"lpr":3276.51,"lq":1.0},{"pi":"423163","pc":"Электроника","ss":10000,"td":"Центр города","dc":2,"n":227.2,"vc":"около 5 000","sl":"Элитный","sv":"около 200","p":3599.0,"q":18.13,"b":0.0,"wi":102.65,"ei":6.1,"as":298.11,"mi":"E","mv":10735,"sc":1,"lpe":98.14,"lpr":3276.51,"lq":1.0},{"pi":"423163","pc":"Электроника","ss":10000,"td":"Центр города","dc":2,"n":227.2,"vc":"около 5 000","sl":"Элитный","sv":"около 200","p":3599.0,"q":18.13,"b":0.0,"wi":102.65,"ei":6.1,"as":298.11,"mi":"E","mv":10735,"sc":1,"lpe":98.14,"lpr":3276.51,"lq":1.0},{"pi":"423163","pc":"Электроника","ss":10000,"td":"Центр города","dc":2,"n":227.2,"vc":"около 5 000","sl":"Элитный","sv":"около 200","p":3599.0,"q":18.13,"b":0.0,"wi":102.65,"ei":6.1,"as":298.11,"mi":"E","mv":10735,"sc":1,"lpe":98.14,"lpr":3276.51,"lq":1.0},{"pi":"423163","pc":"Электроника","ss":10000,"td":"Центр города","dc":2,"n":227.2,"vc":"около 5 000","sl":"Элитный","sv":"около 200","p":3599.0,"q":18.13,"b":0.0,"wi":102.65,"ei":6.1,"as":298.11,"mi":"E","mv":10735,"sc":1,"lpe":98.14,"lpr":3276.51,"lq":1.0},{"pi":"423163","pc":"Электроника","ss":10000,"td":"Центр города","dc":2,"n":227.2,"vc":"около 5 000","sl":"Элитный","sv":"около 200","p":3599.0,"q":18.13,"b":0.0,"wi":102.65,"ei":6.1,"as":298.11,"mi":"E","mv":10735,"sc":1,"lpe":98.14,"lpr":3276.51,"lq":1.0},{"pi":"423163","pc":"Электроника","ss":10000,"td":"Центр города","dc":2,"n":227.2,"vc":"около 5 000","sl":"Элитный","sv":"около 200","p":3599.0,"q":18.13,"b":0.0,"wi":102.65,"ei":6.1,"as":298.11,"mi":"E","mv":10735,"sc":1,"lpe":98.14,"lpr":3276.51,"lq":1.0},{"pi":"423163","pc":"Электроника","ss":10000,"td":"Центр города","dc":2,"n":227.2,"vc":"около 5 000","sl":"Элитный","sv":"около 200","p":3599.0,"q":18.13,"b":0.0,"wi":102.65,"ei":6.1,"as":298.11,"mi":"E","mv":10735,"sc":1,"lpe":98.14,"lpr":3276.51,"lq":1.0},{"pi":"423163","pc":"Электроника","ss":10000,"td":"Центр города","dc":2,"n":227.2,"vc":"около 5 000","sl":"Элитный","sv":"около 200","p":3599.0,"q":18.13,"b":0.0,"wi":102.65,"ei":6.1,"as":298.11,"mi":"E","mv":10735,"sc":1,"lpe":98.14,"lpr":3276.51,"lq":1.0},{"pi":"423163","pc":"Электроника","ss":10000,"td":"Центр города","dc":2,"n":227.2,"vc":"около 5 000","sl":"Элитный","sv":"около 200","p":3599.0,"q":18.13,"b":0.0,"wi":102.65,"ei":6.1,"as":298.11,"mi":"E","mv":10735,"sc":1,"lpe":98.14,"lpr":3276.51,"lq":1.0},{"pi":"423163","pc":"Электроника","ss":10000,"td":"Центр города","dc":2,"n":227.2,"vc":"около 5 000","sl":"Элитный","sv":"около 200","p":3599.0,"q":18.13,"b":0.0,"wi":102.65,"ei":6.1,"as":298.11,"mi":"E","mv":10735,"sc":1,"lpe":98.14,"lpr":3276.51,"lq":1.0},{"pi":"423163","pc":"Электроника","ss":10000,"td":"Центр города","dc":2,"n":227.2,"vc":"около 5 000","sl":"Элитный","sv":"около 200","p":3599.0,"q":18.13,"b":0.0,"wi":102.65,"ei":6.1,"as":298.11,"mi":"E","mv":10735,"sc":1,"lpe":98.14,"lpr":3276.51,"lq":1.0},{"pi":"423163","pc":"Электроника","ss":10000,"td":"Центр города","dc":2,"n":227.2,"vc":"около 5 000","sl":"Элитный","sv":"около 200","p":3599.0,"q":18.13,"b":0.0,"wi":102.65,"ei":6.1,"as":298.11,"mi":"E","mv":10735,"sc":1,"lpe":98.14,"lpr":3276.51,"lq":1.0},{"pi":"423163","pc":"Электроника","ss":10000,"td":"Центр города","dc":2,"n":227.2,"vc":"около 5 000","sl":"Элитный","sv":"около 200","p":3599.0,"q":18.13,"b":0.0,"wi":102.65,"ei":6.1,"as":298.11,"mi":"E","mv":10735,"sc":1,"lpe":98.14,"lpr":3276.51,"lq":1.0},{"pi":"423163","pc":"Электроника","ss":10000,"td":"Центр города","dc":2,"n":227.2,"vc":"около 5 000","sl":"Элитный","sv":"около 200","p":3599.0,"q":18.13,"b":0.0,"wi":102.65,"ei":6.1,"as":298.11,"mi":"E","mv":10735,"sc":1,"lpe":98.14,"lpr":3276.51,"lq":1.0},{"pi":"423163","pc":"Электроника","ss":10000,"td":"Центр города","dc":2,"n":227.2,"vc":"около 5 000","sl":"Элитный","sv":"около 200","p":3599.0,"q":18.13,"b":0.0,"wi":102.65,"ei":6.1,"as":298.11,"mi":"E","mv":10735,"sc":1,"lpe":98.14,"lpr":3276.51,"lq":1.0},{"pi":"423163","pc":"Электроника","ss":10000,"td":"Центр города","dc":2,"n":227.2,"vc":"около 5 000","sl":"Элитный","sv":"около 200","p":3599.0,"q":18.13,"b":0.0,"wi":102.65,"ei":6.1,"as":298.11,"mi":"E","mv":10735,"sc":1,"lpe":98.14,"lpr":3276.51,"lq":1.0},{"pi":"423163","pc":"Электроника","ss":10000,"td":"Центр города","dc":2,"n":227.2,"vc":"около 5 000","sl":"Элитный","sv":"около 200","p":3599.0,"q":18.13,"b":0.0,"wi":102.65,"ei":6.1,"as":298.11,"mi":"E","mv":10735,"sc":1,"lpe":98.14,"lpr":3276.51,"lq":1.0},{"pi":"423163","pc":"Электроника","ss":10000,"td":"Центр города","dc":2,"n":227.2,"vc":"около 5 000","sl":"Элитный","sv":"около 200","p":3599.0,"q":18.13,"b":0.0,"wi":102.65,"ei":6.1,"as":298.11,"mi":"E","mv":10735,"sc":1,"lpe":98.14,"lpr":3276.51,"lq":1.0},{"pi":"423163","pc":"Электроника","ss":10000,"td":"Центр города","dc":2,"n":227.2,"vc":"около 5 000","sl":"Элитный","sv":"около 200","p":3599.0,"q":18.13,"b":0.0,"wi":102.65,"ei":6.1,"as":298.11,"mi":"E","mv":10735,"sc":1,"lpe":98.14,"lpr":3276.51,"lq":1.0},{"pi":"423163","pc":"Электроника","ss":10000,"td":"Центр города","dc":2,"n":227.2,"vc":"около 5 000","sl":"Элитный","sv":"около 200","p":3599.0,"q":18.13,"b":0.0,"wi":102.65,"ei":6.1,"as":298.11,"mi":"E","mv":10735,"sc":1,"lpe":98.14,"lpr":3276.51,"lq":1.0},{"pi":"423163","pc":"Электроника","ss":10000,"td":"Центр города","dc":2,"n":227.2,"vc":"около 5 000","sl":"Элитный","sv":"около 200","p":3599.0,"q":18.13,"b":0.0,"wi":102.65,"ei":6.1,"as":298.11,"mi":"E","mv":10735,"sc":1,"lpe":98.14,"lpr":3276.51,"lq":1.0},{"pi":"423163","pc":"Электроника","ss":10000,"td":"Центр города","dc":2,"n":227.2,"vc":"около 5 000","sl":"Элитный","sv":"около 200","p":3599.0,"q":18.13,"b":0.0,"wi":102.65,"ei":6.1,"as":298.11,"mi":"E","mv":10735,"sc":1,"lpe":98.14,"lpr":3276.51,"lq":1.0},{"pi":"423163","pc":"Электроника","ss":10000,"td":"Центр города","dc":2,"n":171.3,"vc":"более 2 000","sl":"Элитный","sv":"около 200","p":3499.0,"q":18.13,"b":0.0,"wi":48.83,"ei":5.57,"as":306.74,"mi":"E","mv":6150,"sc":1,"lpe":96.75,"lpr":3095.42,"lq":1.0},{"pi":"423163","pc":"Электроника","ss":10000,"td":"Центр города","dc":2,"n":171.3,"vc":"более 2 000","sl":"Элитный","sv":"около 200","p":3499.0,"q":18.13,"b":0.0,"wi":48.83,"ei":5.57,"as":306.74,"mi":"E","mv":6150,"sc":1,"lpe":96.75,"lpr":3095.42,"lq":1.0},{"pi":"423163","pc":"Электроника","ss":10000,"td":"Центр города","dc":2,"n":171.3,"vc":"более 2 000","sl":"Элитный","sv":"около 200","p":3499.0,"q":18.13,"b":0.0,"wi":48.83,"ei":5.57,"as":306.74,"mi":"E","mv":6150,"sc":1,"lpe":96.75,"lpr":3095.42,"lq":1.0},{"pi":"423163","pc":"Электроника","ss":10000,"td":"Центр города","dc":2,"n":171.3,"vc":"более 2 000","sl":"Элитный","sv":"около 200","p":3499.0,"q":18.13,"b":0.0,"wi":48.83,"ei":5.57,"as":306.74,"mi":"E","mv":6150,"sc":1,"lpe":96.75,"lpr":3095.42,"lq":1.0},{"pi":"423163","pc":"Электроника","ss":10000,"td":"Центр города","dc":2,"n":171.3,"vc":"более 2 000","sl":"Элитный","sv":"около 200","p":3499.0,"q":18.13,"b":0.0,"wi":48.83,"ei":5.57,"as":306.74,"mi":"E","mv":6150,"sc":1,"lpe":96.75,"lpr":3095.42,"lq":1.0},{"pi":"423163","pc":"Электроника","ss":10000,"td":"Центр города","dc":2,"n":171.3,"vc":"более 2 000","sl":"Элитный","sv":"около 200","p":3499.0,"q":18.13,"b":0.0,"wi":48.83,"ei":5.57,"as":306.74,"mi":"E","mv":6150,"sc":1,"lpe":96.75,"lpr":3095.42,"lq":1.0},{"pi":"423163","pc":"Электроника","ss":10000,"td":"Центр города","dc":2,"n":171.3,"vc":"более 2 000","sl":"Элитный","sv":"около 200","p":3499.0,"q":18.13,"b":0.0,"wi":48.83,"ei":5.57,"as":306.74,"mi":"E","mv":6150,"sc":1,"lpe":96.75,"lpr":3095.42,"lq":1.0},{"pi":"423163","pc":"Электроника","ss":10000,"td":"Центр города","dc":2,"n":171.3,"vc":"более 2 000","sl":"Элитный","sv":"около 200","p":3499.0,"q":18.13,"b":0.0,"wi":48.83,"ei":5.57,"as":306.74,"mi":"E","mv":6150,"sc":1,"lpe":96.75,"lpr":3095.42,"lq":1.0},{"pi":"423163","pc":"Электроника","ss":10000,"td":"Центр города","dc":2,"n":171.3,"vc":"более 2 000","sl":"Элитный","sv":"около 200","p":3499.0,"q":18.13,"b":0.0,"wi":48.83,"ei":5.57,"as":306.74,"mi":"E","mv":6150,"sc":1,"lpe":96.75,"lpr":3095.42,"lq":1.0},{"pi":"423163","pc":"Электроника","ss":10000,"td":"Центр города","dc":2,"n":171.3,"vc":"более 2 000","sl":"Элитный","sv":"около 200","p":3499.0,"q":18.13,"b":0.0,"wi":48.83,"ei":5.57,"as":306.74,"mi":"E","mv":6150,"sc":1,"lpe":96.75,"lpr":3095.42,"lq":1.0},{"pi":"423163","pc":"Электроника","ss":10000,"td":"Центр города","dc":2,"n":171.3,"vc":"более 2 000","sl":"Элитный","sv":"около 200","p":3499.0,"q":18.13,"b":0.0,"wi":48.83,"ei":5.57,"as":306.74,"mi":"E","mv":6150,"sc":1,"lpe":96.75,"lpr":3095.42,"lq":1.0},{"pi":"423163","pc":"Электроника","ss":10000,"td":"Центр города","dc":2,"n":171.3,"vc":"более 2 000","sl":"Элитный","sv":"около 200","p":3499.0,"q":18.13,"b":0.0,"wi":48.83,"ei":5.57,"as":306.74,"mi":"E","mv":6150,"sc":1,"lpe":96.75,"lpr":3095.42,"lq":1.0},{"pi":"423163","pc":"Электроника","ss":10000,"td":"Центр города","dc":2,"n":171.3,"vc":"более 2 000","sl":"Элитный","sv":"около 200","p":3499.0,"q":18.13,"b":0.0,"wi":48.83,"ei":5.57,"as":306.74,"mi":"E","mv":6150,"sc":1,"lpe":96.75,"lpr":3095.42,"lq":1.0},{"pi":"423163","pc":"Электроника","ss":10000,"td":"Центр города","dc":2,"n":171.3,"vc":"более 2 000","sl":"Элитный","sv":"около 200","p":3499.0,"q":18.13,"b":0.0,"wi":48.83,"ei":5.57,"as":306.74,"mi":"E","mv":6150,"sc":1,"lpe":96.75,"lpr":3095.42,"lq":1.0},{"pi":"423163","pc":"Электроника","ss":10000,"td":"Центр города","dc":2,"n":171.3,"vc":"более 2 000","sl":"Элитный","sv":"около 200","p":3499.0,"q":18.13,"b":0.0,"wi":48.83,"ei":5.57,"as":306.74,"mi":"E","mv":6150,"sc":1,"lpe":96.75,"lpr":3095.42,"lq":1.0},{"pi":"423163","pc":"Электроника","ss":10000,"td":"Центр города","dc":2,"n":171.3,"vc":"более 2 000","sl":"Элитный","sv":"около 200","p":3499.0,"q":18.13,"b":0.0,"wi":48.83,"ei":5.57,"as":306.74,"mi":"E","mv":6150,"sc":1,"lpe":96.75,"lpr":3095.42,"lq":1.0},{"pi":"423163","pc":"Электроника","ss":10000,"td":"Центр города","dc":2,"n":171.3,"vc":"более 2 000","sl":"Элитный","sv":"около 200","p":3499.0,"q":18.13,"b":0.0,"wi":48.83,"ei":5.57,"as":306.74,"mi":"E","mv":6150,"sc":1,"lpe":96.75,"lpr":3095.42,"lq":1.0},{"pi":"423163","pc":"Электроника","ss":10000,"td":"Центр города","dc":2,"n":171.3,"vc":"более 2 000","sl":"Элитный","sv":"около 200","p":3499.0,"q":18.13,"b":0.0,"wi":48.83,"ei":5.57,"as":306.74,"mi":"E","mv":6150,"sc":1,"lpe":96.75,"lpr":3095.42,"lq":1.0},{"pi":"423163","pc":"Электроника","ss":10000,"td":"Центр города","dc":2,"n":171.3,"vc":"более 2 000","sl":"Элитный","sv":"около 200","p":3499.0,"q":18.13,"b":0.0,"wi":48.83,"ei":5.57,"as":306.74,"mi":"E","mv":6150,"sc":1,"lpe":96.75,"lpr":3095.42,"lq":1.0},{"pi":"423163","pc":"Электроника","ss":10000,"td":"Центр города","dc":2,"n":171.3,"vc":"более 2 000","sl":"Элитный","sv":"около 200","p":3499.0,"q":18.13,"b":0.0,"wi":48.83,"ei":5.57,"as":306.74,"mi":"E","mv":6150,"sc":1,"lpe":96.75,"lpr":3095.42,"lq":1.0},{"pi":"423163","pc":"Электроника","ss":10000,"td":"Центр города","dc":2,"n":171.3,"vc":"более 2 000","sl":"Элитный","sv":"около 200","p":3499.0,"q":18.13,"b":0.0,"wi":48.83,"ei":5.57,"as":306.74,"mi":"E","mv":6150,"sc":1,"lpe":96.75,"lpr":3095.42,"lq":1.0},{"pi":"423163","pc":"Электроника","ss":10000,"td":"Центр города","dc":2,"n":171.3,"vc":"более 2 000","sl":"Элитный","sv":"около 200","p":3499.0,"q":18.13,"b":0.0,"wi":48.83,"ei":5.57,"as":306.74,"mi":"E","mv":6150,"sc":1,"lpe":96.75,"lpr":3095.42,"lq":1.0},{"pi":"423163","pc":"Электроника","ss":10000,"td":"Центр города","dc":2,"n":171.3,"vc":"более 2 000","sl":"Элитный","sv":"около 200","p":3499.0,"q":18.13,"b":0.0,"wi":48.83,"ei":5.57,"as":306.74,"mi":"E","mv":6150,"sc":1,"lpe":96.75,"lpr":3095.42,"lq":1.0},{"pi":"423163","pc":"Электроника","ss":10000,"td":"Центр города","dc":2,"n":171.3,"vc":"более 2 000","sl":"Элитный","sv":"около 200","p":3499.0,"q":18.13,"b":0.0,"wi":48.83,"ei":5.57,"as":306.74,"mi":"E","mv":6150,"sc":1,"lpe":96.75,"lpr":3095.42,"lq":1.0},{"pi":"423163","pc":"Электроника","ss":10000,"td":"Центр города","dc":2,"n":171.3,"vc":"более 2 000","sl":"Элитный","sv":"около 200","p":3499.0,"q":18.13,"b":0.0,"wi":48.83,"ei":5.57,"as":306.74,"mi":"E","mv":6150,"sc":1,"lpe":96.75,"lpr":3095.42,"lq":1.0},{"pi":"423163","pc":"Электроника","ss":10000,"td":"Центр города","dc":2,"n":173.6,"vc":"более 1 000","sl":"Элитный","sv":"более 200","p":3399.0,"q":18.13,"b":0.0,"wi":169.02,"ei":5.85,"as":370.41,"mi":"E","mv":5598,"sc":1,"lpe":95.53,"lpr":3145.09,"lq":1.0},{"pi":"423163","pc":"Электроника","ss":10000,"td":"Центр города","dc":2,"n":173.6,"vc":"более 1 000","sl":"Элитный","sv":"более 200","p":3399.0,"q":18.13,"b":0.0,"wi":169.02,"ei":5.85,"as":370.41,"mi":"E","mv":5598,"sc":1,"lpe":95.53,"lpr":3145.09,"lq":1.0},{"pi":"423163","pc":"Электроника","ss":10000,"td":"Центр города","dc":2,"n":173.6,"vc":"более 1 000","sl":"Элитный","sv":"более 200","p":3399.0,"q":18.13,"b":0.0,"wi":169.02,"ei":5.85,"as":370.41,"mi":"E","mv":5598,"sc":1,"lpe":95.53,"lpr":3145.09,"lq":1.0},{"pi":"423163","pc":"Электроника","ss":10000,"td":"Центр города","dc":2,"n":173.6,"vc":"более 1 000","sl":"Элитный","sv":"более 200","p":3399.0,"q":18.13,"b":0.0,"wi":169.02,"ei":5.85,"as":370.41,"mi":"E","mv":5598,"sc":1,"lpe":95.53,"lpr":3145.09,"lq":1.0},{"pi":"423163","pc":"Электроника","ss":10000,"td":"Центр города","dc":2,"n":173.6,"vc":"более 1 000","sl":"Элитный","sv":"более 200","p":3399.0,"q":18.13,"b":0.0,"wi":169.02,"ei":5.85,"as":370.41,"mi":"E","mv":5598,"sc":1,"lpe":95.53,"lpr":3145.09,"lq":1.0},{"pi":"423163","pc":"Электроника","ss":10000,"td":"Центр города","dc":2,"n":173.6,"vc":"более 1 000","sl":"Элитный","sv":"более 200","p":3399.0,"q":18.13,"b":0.0,"wi":169.02,"ei":5.85,"as":370.41,"mi":"E","mv":5598,"sc":1,"lpe":95.53,"lpr":3145.09,"lq":1.0},{"pi":"423163","pc":"Электроника","ss":10000,"td":"Центр города","dc":2,"n":173.6,"vc":"более 1 000","sl":"Элитный","sv":"более 200","p":3399.0,"q":18.13,"b":0.0,"wi":169.02,"ei":5.85,"as":370.41,"mi":"E","mv":5598,"sc":1,"lpe":95.53,"lpr":3145.09,"lq":1.0},{"pi":"423163","pc":"Электроника","ss":10000,"td":"Центр города","dc":2,"n":173.6,"vc":"более 1 000","sl":"Элитный","sv":"более 200","p":3399.0,"q":18.13,"b":0.0,"wi":169.02,"ei":5.85,"as":370.41,"mi":"E","mv":5598,"sc":1,"lpe":95.53,"lpr":3145.09,"lq":1.0},{"pi":"423163","pc":"Электроника","ss":10000,"td":"Центр города","dc":2,"n":173.6,"vc":"более 1 000","sl":"Элитный","sv":"более 200","p":3399.0,"q":18.13,"b":0.0,"wi":169.02,"ei":5.85,"as":370.41,"mi":"E","mv":5598,"sc":1,"lpe":95.53,"lpr":3145.09,"lq":1.0},{"pi":"423163","pc":"Электроника","ss":10000,"td":"Центр города","dc":2,"n":173.6,"vc":"более 1 000","sl":"Элитный","sv":"более 200","p":3399.0,"q":18.13,"b":0.0,"wi":169.02,"ei":5.85,"as":370.41,"mi":"E","mv":5598,"sc":1,"lpe":95.53,"lpr":3145.09,"lq":1.0},{"pi":"423163","pc":"Электроника","ss":10000,"td":"Центр города","dc":2,"n":173.6,"vc":"более 1 000","sl":"Элитный","sv":"более 200","p":3399.0,"q":18.13,"b":0.0,"wi":169.02,"ei":5.85,"as":370.41,"mi":"E","mv":5598,"sc":1,"lpe":95.53,"lpr":3145.09,"lq":1.0},{"pi":"423163","pc":"Электроника","ss":10000,"td":"Центр города","dc":2,"n":173.6,"vc":"более 1 000","sl":"Элитный","sv":"более 200","p":3399.0,"q":18.13,"b":0.0,"wi":169.02,"ei":5.85,"as":370.41,"mi":"E","mv":5598,"sc":1,"lpe":95.53,"lpr":3145.09,"lq":1.0},{"pi":"423163","pc":"Электроника","ss":10000,"td":"Центр города","dc":2,"n":173.6,"vc":"более 1 000","sl":"Элитный","sv":"более 200","p":3399.0,"q":18.13,"b":0.0,"wi":169.02,"ei":5.85,"as":370.41,"mi":"E","mv":5598,"sc":1,"lpe":95.53,"lpr":3145.09,"lq":1.0},{"pi":"423163","pc":"Электроника","ss":10000,"td":"Центр города","dc":2,"n":173.6,"vc":"более 1 000","sl":"Элитный","sv":"более 200","p":3399.0,"q":18.13,"b":0.0,"wi":169.02,"ei":5.85,"as":370.41,"mi":"E","mv":5598,"sc":1,"lpe":95.53,"lpr":3145.09,"lq":1.0},{"pi":"423163","pc":"Электроника","ss":10000,"td":"Центр города","dc":2,"n":173.6,"vc":"более 1 000","sl":"Элитный","sv":"более 200","p":3399.0,"q":18.13,"b":0.0,"wi":169.02,"ei":5.85,"as":370.41,"mi":"E","mv":5598,"sc":1,"lpe":95.53,"lpr":3145.09,"lq":1.0},{"pi":"423163","pc":"Электроника","ss":10000,"td":"Центр города","dc":2,"n":173.6,"vc":"более 1 000","sl":"Элитный","sv":"более 200","p":3399.0,"q":18.13,"b":0.0,"wi":169.02,"ei":5.85,"as":370.41,"mi":"E","mv":5598,"sc":1,"lpe":95.53,"lpr":3145.09,"lq":1.0},{"pi":"423163","pc":"Электроника","ss":10000,"td":"Центр города","dc":2,"n":173.6,"vc":"более 1 000","sl":"Элитный","sv":"более 200","p":3399.0,"q":18.13,"b":0.0,"wi":169.02,"ei":5.85,"as":370.41,"mi":"E","mv":5598,"sc":1,"lpe":95.53,"lpr":3145.09,"lq":1.0},{"pi":"423163","pc":"Электроника","ss":10000,"td":"Центр города","dc":2,"n":173.6,"vc":"более 1 000","sl":"Элитный","sv":"более 200","p":3399.0,"q":18.13,"b":0.0,"wi":169.02,"ei":5.85,"as":370.41,"mi":"E","mv":5598,"sc":1,"lpe":95.53,"lpr":3145.09,"lq":1.0},{"pi":"423163","pc":"Электроника","ss":10000,"td":"Центр города","dc":2,"n":173.6,"vc":"более 1 000","sl":"Элитный","sv":"более 200","p":3399.0,"q":18.13,"b":0.0,"wi":169.02,"ei":5.85,"as":370.41,"mi":"E","mv":5598,"sc":1,"lpe":95.53,"lpr":3145.09,"lq":1.0},{"pi":"423163","pc":"Электроника","ss":10000,"td":"Центр города","dc":2,"n":173.6,"vc":"более 1 000","sl":"Элитный","sv":"более 200","p":3399.0,"q":18.13,"b":0.0,"wi":169.02,"ei":5.85,"as":370.41,"mi":"E","mv":5598,"sc":1,"lpe":95.53,"lpr":3145.09,"lq":1.0},{"pi":"423163","pc":"Электроника","ss":10000,"td":"Центр города","dc":2,"n":173.6,"vc":"более 1 000","sl":"Элитный","sv":"более 200","p":3399.0,"q":18.13,"b":0.0,"wi":169.02,"ei":5.85,"as":370.41,"mi":"E","mv":5598,"sc":1,"lpe":95.53,"lpr":3145.09,"lq":1.0},{"pi":"423163","pc":"Электроника","ss":10000,"td":"Центр города","dc":2,"n":173.6,"vc":"более 1 000","sl":"Элитный","sv":"более 200","p":3399.0,"q":18.13,"b":0.0,"wi":169.02,"ei":5.85,"as":370.41,"mi":"E","mv":5598,"sc":1,"lpe":95.53,"lpr":3145.09,"lq":1.0},{"pi":"423163","pc":"Электроника","ss":10000,"td":"Центр города","dc":2,"n":173.6,"vc":"более 1 000","sl":"Элитный","sv":"более 200","p":3399.0,"q":18.13,"b":0.0,"wi":169.02,"ei":5.85,"as":370.41,"mi":"E","mv":5598,"sc":1,"lpe":95.53,"lpr":3145.09,"lq":1.0},{"pi":"423163","pc":"Электроника","ss":10000,"td":"Центр города","dc":2,"n":173.6,"vc":"более 1 000","sl":"Элитный","sv":"более 200","p":3399.0,"q":18.13,"b":0.0,"wi":169.02,"ei":5.85,"as":370.41,"mi":"E","mv":5598,"sc":1,"lpe":95.53,"lpr":3145.09,"lq":1.0},{"pi":"423163","pc":"Электроника","ss":10000,"td":"Центр города","dc":2,"n":173.6,"vc":"более 1 000","sl":"Элитный","sv":"более 200","p":3399.0,"q":18.13,"b":0.0,"wi":169.02,"ei":5.85,"as":370.41,"mi":"E","mv":5598,"sc":1,"lpe":95.53,"lpr":3145.09,"lq":1.0},{"pi":"423163","pc":"Электроника","ss":10000,"td":"Центр города","dc":2,"n":173.6,"vc":"более 1 000","sl":"Элитный","sv":"более 200","p":3399.0,"q":18.13,"b":0.0,"wi":169.02,"ei":5.85,"as":370.41,"mi":"E","mv":5598,"sc":1,"lpe":95.53,"lpr":3145.09,"lq":1.0},{"pi":"423163","pc":"Электроника","ss":10000,"td":"Центр города","dc":2,"n":169.83,"vc":"более 2 000","sl":"Элитный","sv":"около 200","p":3999.0,"q":18.13,"b":0.0,"wi":81.47,"ei":12.92,"as":269.44,"mi":"E","mv":6595,"sc":1,"lpe":96.97,"lpr":2951.28,"lq":1.0},{"pi":"423163","pc":"Электроника","ss":10000,"td":"Центр города","dc":2,"n":169.83,"vc":"более 2 000","sl":"Элитный","sv":"около 200","p":3999.0,"q":18.13,"b":0.0,"wi":81.47,"ei":12.92,"as":269.44,"mi":"E","mv":6595,"sc":1,"lpe":96.97,"lpr":2951.28,"lq":1.0},{"pi":"423163","pc":"Электроника","ss":10000,"td":"Центр города","dc":2,"n":169.83,"vc":"более 2 000","sl":"Элитный","sv":"около 200","p":3999.0,"q":18.13,"b":0.0,"wi":81.47,"ei":12.92,"as":269.44,"mi":"E","mv":6595,"sc":1,"lpe":96.97,"lpr":2951.28,"lq":1.0},{"pi":"423163","pc":"Электроника","ss":10000,"td":"Центр города","dc":2,"n":169.83,"vc":"более 2 000","sl":"Элитный","sv":"около 200","p":3999.0,"q":18.13,"b":0.0,"wi":81.47,"ei":12.92,"as":269.44,"mi":"E","mv":6595,"sc":1,"lpe":96.97,"lpr":2951.28,"lq":1.0},{"pi":"423163","pc":"Электроника","ss":10000,"td":"Центр города","dc":2,"n":169.83,"vc":"более 2 000","sl":"Элитный","sv":"около 200","p":3999.0,"q":18.13,"b":0.0,"wi":81.47,"ei":12.92,"as":269.44,"mi":"E","mv":6595,"sc":1,"lpe":96.97,"lpr":2951.28,"lq":1.0},{"pi":"423163","pc":"Электроника","ss":10000,"td":"Центр города","dc":2,"n":169.83,"vc":"более 2 000","sl":"Элитный","sv":"около 200","p":3999.0,"q":18.13,"b":0.0,"wi":81.47,"ei":12.92,"as":269.44,"mi":"E","mv":6595,"sc":1,"lpe":96.97,"lpr":2951.28,"lq":1.0},{"pi":"423163","pc":"Электроника","ss":10000,"td":"Центр города","dc":2,"n":169.83,"vc":"более 2 000","sl":"Элитный","sv":"около 200","p":3999.0,"q":18.13,"b":0.0,"wi":81.47,"ei":12.92,"as":269.44,"mi":"E","mv":6595,"sc":1,"lpe":96.97,"lpr":2951.28,"lq":1.0},{"pi":"423163","pc":"Электроника","ss":10000,"td":"Центр города","dc":2,"n":169.83,"vc":"более 2 000","sl":"Элитный","sv":"около 200","p":3999.0,"q":18.13,"b":0.0,"wi":81.47,"ei":12.92,"as":269.44,"mi":"E","mv":6595,"sc":1,"lpe":96.97,"lpr":2951.28,"lq":1.0},{"pi":"423163","pc":"Электроника","ss":10000,"td":"Центр города","dc":2,"n":169.83,"vc":"более 2 000","sl":"Элитный","sv":"около 200","p":3999.0,"q":18.13,"b":0.0,"wi":81.47,"ei":12.92,"as":269.44,"mi":"E","mv":6595,"sc":1,"lpe":96.97,"lpr":2951.28,"lq":1.0},{"pi":"423163","pc":"Электроника","ss":10000,"td":"Центр города","dc":2,"n":169.83,"vc":"более 2 000","sl":"Элитный","sv":"около 200","p":3999.0,"q":18.13,"b":0.0,"wi":81.47,"ei":12.92,"as":269.44,"mi":"E","mv":6595,"sc":1,"lpe":96.97,"lpr":2951.28,"lq":1.0},{"pi":"423163","pc":"Электроника","ss":10000,"td":"Центр города","dc":2,"n":169.83,"vc":"более 2 000","sl":"Элитный","sv":"около 200","p":3999.0,"q":18.13,"b":0.0,"wi":81.47,"ei":12.92,"as":269.44,"mi":"E","mv":6595,"sc":1,"lpe":96.97,"lpr":2951.28,"lq":1.0},{"pi":"423163","pc":"Электроника","ss":10000,"td":"Центр города","dc":2,"n":169.83,"vc":"более 2 000","sl":"Элитный","sv":"около 200","p":3999.0,"q":18.13,"b":0.0,"wi":81.47,"ei":12.92,"as":269.44,"mi":"E","mv":6595,"sc":1,"lpe":96.97,"lpr":2951.28,"lq":1.0},{"pi":"423163","pc":"Электроника","ss":10000,"td":"Центр города","dc":2,"n":169.83,"vc":"более 2 000","sl":"Элитный","sv":"около 200","p":3999.0,"q":18.13,"b":0.0,"wi":81.47,"ei":12.92,"as":269.44,"mi":"E","mv":6595,"sc":1,"lpe":96.97,"lpr":2951.28,"lq":1.0},{"pi":"423163","pc":"Электроника","ss":10000,"td":"Центр города","dc":2,"n":169.83,"vc":"более 2 000","sl":"Элитный","sv":"около 200","p":3999.0,"q":18.13,"b":0.0,"wi":81.47,"ei":12.92,"as":269.44,"mi":"E","mv":6595,"sc":1,"lpe":96.97,"lpr":2951.28,"lq":1.0},{"pi":"423163","pc":"Электроника","ss":10000,"td":"Центр города","dc":2,"n":169.83,"vc":"более 2 000","sl":"Элитный","sv":"около 200","p":3999.0,"q":18.13,"b":0.0,"wi":81.47,"ei":12.92,"as":269.44,"mi":"E","mv":6595,"sc":1,"lpe":96.97,"lpr":2951.28,"lq":1.0},{"pi":"423163","pc":"Электроника","ss":10000,"td":"Центр города","dc":2,"n":169.83,"vc":"более 2 000","sl":"Элитный","sv":"около 200","p":3999.0,"q":18.13,"b":0.0,"wi":81.47,"ei":12.92,"as":269.44,"mi":"E","mv":6595,"sc":1,"lpe":96.97,"lpr":2951.28,"lq":1.0},{"pi":"423163","pc":"Электроника","ss":10000,"td":"Центр города","dc":2,"n":169.83,"vc":"более 2 000","sl":"Элитный","sv":"около 200","p":3999.0,"q":18.13,"b":0.0,"wi":81.47,"ei":12.92,"as":269.44,"mi":"E","mv":6595,"sc":1,"lpe":96.97,"lpr":2951.28,"lq":1.0},{"pi":"423163","pc":"Электроника","ss":10000,"td":"Центр города","dc":2,"n":169.83,"vc":"более 2 000","sl":"Элитный","sv":"около 200","p":3999.0,"q":18.13,"b":0.0,"wi":81.47,"ei":12.92,"as":269.44,"mi":"E","mv":6595,"sc":1,"lpe":96.97,"lpr":2951.28,"lq":1.0},{"pi":"423163","pc":"Электроника","ss":10000,"td":"Центр города","dc":2,"n":169.83,"vc":"более 2 000","sl":"Элитный","sv":"около 200","p":3999.0,"q":18.13,"b":0.0,"wi":81.47,"ei":12.92,"as":269.44,"mi":"E","mv":6595,"sc":1,"lpe":96.97,"lpr":2951.28,"lq":1.0},{"pi":"423163","pc":"Электроника","ss":10000,"td":"Центр города","dc":2,"n":169.83,"vc":"более 2 000","sl":"Элитный","sv":"около 200","p":3999.0,"q":18.13,"b":0.0,"wi":81.47,"ei":12.92,"as":269.44,"mi":"E","mv":6595,"sc":1,"lpe":96.97,"lpr":2951.28,"lq":1.0},{"pi":"423163","pc":"Электроника","ss":10000,"td":"Центр города","dc":2,"n":169.83,"vc":"более 2 000","sl":"Элитный","sv":"около 200","p":3999.0,"q":18.13,"b":0.0,"wi":81.47,"ei":12.92,"as":269.44,"mi":"E","mv":6595,"sc":1,"lpe":96.97,"lpr":2951.28,"lq":1.0},{"pi":"423163","pc":"Электроника","ss":10000,"td":"Центр города","dc":2,"n":169.83,"vc":"более 2 000","sl":"Элитный","sv":"около 200","p":3999.0,"q":18.13,"b":0.0,"wi":81.47,"ei":12.92,"as":269.44,"mi":"E","mv":6595,"sc":1,"lpe":96.97,"lpr":2951.28,"lq":1.0},{"pi":"423163","pc":"Электроника","ss":10000,"td":"Центр города","dc":2,"n":169.83,"vc":"более 2 000","sl":"Элитный","sv":"около 200","p":3999.0,"q":18.13,"b":0.0,"wi":81.47,"ei":12.92,"as":269.44,"mi":"E","mv":6595,"sc":1,"lpe":96.97,"lpr":2951.28,"lq":1.0},{"pi":"423163","pc":"Электроника","ss":10000,"td":"Центр города","dc":2,"n":169.83,"vc":"более 2 000","sl":"Элитный","sv":"около 200","p":3999.0,"q":18.13,"b":0.0,"wi":81.47,"ei":12.92,"as":269.44,"mi":"E","mv":6595,"sc":1,"lpe":96.97,"lpr":2951.28,"lq":1.0},{"pi":"423163","pc":"Электроника","ss":10000,"td":"Центр города","dc":2,"n":169.83,"vc":"более 2 000","sl":"Элитный","sv":"около 200","p":3999.0,"q":18.13,"b":0.0,"wi":81.47,"ei":12.92,"as":269.44,"mi":"E","mv":6595,"sc":1,"lpe":96.97,"lpr":2951.28,"lq":1.0},{"pi":"423163","pc":"Электроника","ss":10000,"td":"Центр города","dc":2,"n":169.83,"vc":"более 2 000","sl":"Элитный","sv":"около 200","p":3999.0,"q":18.13,"b":0.0,"wi":81.47,"ei":12.92,"as":269.44,"mi":"E","mv":6595,"sc":1,"lpe":96.97,"lpr":2951.28,"lq":1.0},{"pi":"423163","pc":"Электроника","ss":10000,"td":"Центр города","dc":2,"n":169.83,"vc":"более 2 000","sl":"Элитный","sv":"около 200","p":3999.0,"q":18.13,"b":0.0,"wi":81.47,"ei":12.92,"as":269.44,"mi":"E","mv":6595,"sc":1,"lpe":96.97,"lpr":2951.28,"lq":1.0}]