[{"d":"02.06.2015","r":10.0,"q":1.18,"p":351.0,"s":[{"ui":"3177775","t":550.0,"r":10.0,"q":1.18,"p":351.0,"mot":"U","mo":10.0},{"cn":"","ui":"","t":0.0,"r":0.0,"q":0.0,"p":0.0,"mot":"L","mo":0.0}]},{"d":"03.06.2015","r":50.0,"q":1.18,"p":351.0,"s":[{"ui":"3177775","t":590.0,"r":50.0,"q":1.18,"p":351.0,"mot":"U","mo":50.0},{"cn":"","ui":"","t":0.0,"r":0.0,"q":0.0,"p":0.0,"mot":"L","mo":0.0}]},{"d":"04.06.2015","r":90.0,"q":1.18,"p":351.0,"s":[{"ui":"3177775","t":630.0,"r":90.0,"q":1.18,"p":351.0,"mot":"U","mo":90.0},{"cn":"","ui":"","t":0.0,"r":0.0,"q":0.0,"p":0.0,"mot":"L","mo":0.0}]},{"d":"05.06.2015","r":105.0,"q":1.18,"p":351.0,"s":[{"ui":"3177775","t":670.0,"r":105.0,"q":1.18,"p":351.0,"mot":"U","mo":105.0},{"cn":"","ui":"","t":0.0,"r":0.0,"q":0.0,"p":0.0,"mot":"L","mo":0.0}]},{"d":"06.06.2015","r":120.0,"q":1.18,"p":351.0,"s":[{"ui":"3177775","t":685.0,"r":120.0,"q":1.18,"p":351.0,"mot":"U","mo":120.0},{"cn":"","ui":"","t":0.0,"r":0.0,"q":0.0,"p":0.0,"mot":"L","mo":0.0}]},{"d":"08.06.2015","r":3000.0,"q":30.69,"p":133.07,"s":[{"ui":"2375179","t":54300.0,"r":2600.0,"q":35.23,"p":100.0,"mot":"U","mo":2600.0},{"ui":"3177775","t":825.0,"r":400.0,"q":1.18,"p":348.0,"mot":"U","mo":400.0},{"cn":"","ui":"","t":0.0,"r":0.0,"q":0.0,"p":0.0,"mot":"L","mo":0.0}]},{"d":"09.06.2015","r":4225.0,"q":31.01,"p":130.82,"s":[{"ui":"2375179","t":55500.0,"r":3700.0,"q":35.24,"p":100.0,"mot":"U","mo":3700.0},{"ui":"3177775","t":950.0,"r":525.0,"q":1.18,"p":348.0,"mot":"U","mo":525.0},{"cn":"","ui":"","t":0.0,"r":0.0,"q":0.0,"p":0.0,"mot":"L","mo":0.0}]},{"d":"10.06.2015","r":5550.0,"q":31.25,"p":129.05,"s":[{"ui":"2375179","t":56700.0,"r":4900.0,"q":35.24,"p":100.0,"mot":"U","mo":4900.0},{"ui":"3177775","t":1075.0,"r":650.0,"q":1.18,"p":348.0,"mot":"U","mo":650.0},{"cn":"","ui":"","t":0.0,"r":0.0,"q":0.0,"p":0.0,"mot":"L","mo":0.0}]},{"d":"11.06.2015","r":6875.0,"q":31.4,"p":127.96,"s":[{"ui":"2375179","t":57900.0,"r":6100.0,"q":35.24,"p":100.0,"mot":"U","mo":6100.0},{"ui":"3177775","t":1200.0,"r":775.0,"q":1.18,"p":348.0,"mot":"U","mo":775.0},{"cn":"","ui":"","t":0.0,"r":0.0,"q":0.0,"p":0.0,"mot":"L","mo":0.0}]},{"d":"12.06.2015","r":8500.0,"q":30.44,"p":135.01,"s":[{"ui":"2375179","t":59100.0,"r":7300.0,"q":35.25,"p":100.0,"mot":"U","mo":7300.0},{"ui":"3177775","t":1325.0,"r":1200.0,"q":1.18,"p":348.0,"mot":"U","mo":1200.0},{"cn":"","ui":"","t":0.0,"r":0.0,"q":0.0,"p":0.0,"mot":"L","mo":0.0}]},{"d":"13.06.2015","r":10125.0,"q":29.78,"p":139.8,"s":[{"ui":"2375179","t":60300.0,"r":8500.0,"q":35.25,"p":100.0,"mot":"U","mo":8500.0},{"ui":"3177775","t":1750.0,"r":1625.0,"q":1.18,"p":348.0,"mot":"U","mo":1625.0},{"cn":"","ui":"","t":0.0,"r":0.0,"q":0.0,"p":0.0,"mot":"L","mo":0.0}]},{"d":"14.06.2015","r":9950.0,"q":34.42,"p":106.23,"s":[{"ui":"2375179","t":61500.0,"r":9700.0,"q":35.28,"p":100.0,"mot":"U","mo":9700.0},{"cn":"","ui":"","t":1275.0,"r":250.0,"q":1.18,"p":348.0,"mot":"L","mo":250.0}]},{"d":"15.06.2015","r":10900.0,"q":35.3,"p":100.0,"s":[{"ui":"2375179","t":62700.0,"r":10900.0,"q":35.3,"p":100.0,"mot":"U","mo":10900.0},{"cn":"","ui":"","t":0.0,"r":0.0,"q":0.0,"p":0.0,"mot":"L","mo":0.0}]},{"d":"19.07.2015","r":200.0,"q":2.87,"p":348.0,"s":[{"ui":"3177775","t":1200.0,"r":200.0,"q":2.87,"p":348.0,"mot":"U","mo":200.0},{"cn":"","ui":"","t":0.0,"r":0.0,"q":0.0,"p":0.0,"mot":"L","mo":0.0}]},{"d":"20.07.2015","r":300.0,"q":2.85,"p":348.0,"s":[{"ui":"3177775","t":1300.0,"r":300.0,"q":2.85,"p":348.0,"mot":"U","mo":300.0},{"cn":"","ui":"","t":0.0,"r":0.0,"q":0.0,"p":0.0,"mot":"L","mo":0.0}]},{"d":"21.07.2015","r":400.0,"q":2.85,"p":348.0,"s":[{"ui":"3177775","t":1400.0,"r":400.0,"q":2.85,"p":348.0,"mot":"U","mo":400.0},{"cn":"","ui":"","t":0.0,"r":0.0,"q":0.0,"p":0.0,"mot":"L","mo":0.0}]},{"d":"31.08.2015","r":100.0,"q":2.83,"p":348.0,"s":[{"ui":"3177775","t":1200.0,"r":100.0,"q":2.83,"p":348.0,"mot":"U","mo":100.0},{"cn":"","ui":"","t":0.0,"r":0.0,"q":0.0,"p":0.0,"mot":"L","mo":0.0}]},{"d":"01.09.2015","r":200.0,"q":2.83,"p":348.0,"s":[{"ui":"3177775","t":1300.0,"r":200.0,"q":2.83,"p":348.0,"mot":"U","mo":200.0},{"cn":"","ui":"","t":0.0,"r":0.0,"q":0.0,"p":0.0,"mot":"L","mo":0.0}]},{"d":"02.09.2015","r":300.0,"q":2.83,"p":348.0,"s":[{"ui":"3177775","t":1400.0,"r":300.0,"q":2.83,"p":348.0,"mot":"U","mo":300.0},{"cn":"","ui":"","t":0.0,"r":0.0,"q":0.0,"p":0.0,"mot":"L","mo":0.0}]},{"d":"03.09.2015","r":400.0,"q":2.83,"p":348.0,"s":[{"ui":"3177775","t":1500.0,"r":400.0,"q":2.83,"p":348.0,"mot":"U","mo":400.0},{"cn":"","ui":"","t":0.0,"r":0.0,"q":0.0,"p":0.0,"mot":"L","mo":0.0}]},{"d":"04.09.2015","r":500.0,"q":2.83,"p":348.0,"s":[{"ui":"3177775","t":1600.0,"r":500.0,"q":2.83,"p":348.0,"mot":"U","mo":500.0},{"cn":"","ui":"","t":0.0,"r":0.0,"q":0.0,"p":0.0,"mot":"L","mo":0.0}]},{"d":"05.09.2015","r":600.0,"q":2.83,"p":348.0,"s":[{"ui":"3177775","t":1700.0,"r":600.0,"q":2.83,"p":348.0,"mot":"U","mo":600.0},{"cn":"","ui":"","t":0.0,"r":0.0,"q":0.0,"p":0.0,"mot":"L","mo":0.0}]},{"d":"06.09.2015","r":700.0,"q":3.33,"p":348.0,"s":[{"ui":"3177775","t":1800.0,"r":700.0,"q":3.33,"p":348.0,"mot":"U","mo":700.0},{"cn":"","ui":"","t":0.0,"r":0.0,"q":0.0,"p":0.0,"mot":"L","mo":0.0}]},{"d":"07.09.2015","r":800.0,"q":3.77,"p":348.0,"s":[{"ui":"3177775","t":1900.0,"r":800.0,"q":3.77,"p":348.0,"mot":"U","mo":800.0},{"cn":"","ui":"","t":0.0,"r":0.0,"q":0.0,"p":0.0,"mot":"L","mo":0.0}]},{"d":"08.09.2015","r":900.0,"q":4.08,"p":348.0,"s":[{"ui":"3177775","t":2000.0,"r":900.0,"q":4.08,"p":348.0,"mot":"U","mo":900.0},{"cn":"","ui":"","t":0.0,"r":0.0,"q":0.0,"p":0.0,"mot":"L","mo":0.0}]},{"d":"09.09.2015","r":1000.0,"q":4.29,"p":345.0,"s":[{"ui":"3177775","t":2100.0,"r":1000.0,"q":4.29,"p":345.0,"mot":"U","mo":1000.0},{"cn":"","ui":"","t":0.0,"r":0.0,"q":0.0,"p":0.0,"mot":"L","mo":0.0}]},{"d":"10.09.2015","r":1100.0,"q":4.43,"p":345.0,"s":[{"ui":"3177775","t":2200.0,"r":1100.0,"q":4.43,"p":345.0,"mot":"U","mo":1100.0},{"cn":"","ui":"","t":0.0,"r":0.0,"q":0.0,"p":0.0,"mot":"L","mo":0.0}]},{"d":"11.09.2015","r":1200.0,"q":4.53,"p":345.0,"s":[{"ui":"3177775","t":2300.0,"r":1200.0,"q":4.53,"p":345.0,"mot":"U","mo":1200.0},{"cn":"","ui":"","t":0.0,"r":0.0,"q":0.0,"p":0.0,"mot":"L","mo":0.0}]},{"d":"17.10.2015","r":7800.0,"q":4.73,"p":345.0,"s":[{"ui":"3177775","t":7900.0,"r":7800.0,"q":4.73,"p":345.0,"mot":"U","mo":7800.0},{"cn":"","ui":"","t":0.0,"r":0.0,"q":0.0,"p":0.0,"mot":"L","mo":0.0}]},{"d":"18.10.2015","r":11700.0,"q":4.73,"p":345.0,"s":[{"ui":"3177775","t":11800.0,"r":11700.0,"q":4.73,"p":345.0,"mot":"U","mo":11700.0},{"cn":"","ui":"","t":0.0,"r":0.0,"q":0.0,"p":0.0,"mot":"L","mo":0.0}]},{"d":"19.10.2015","r":15600.0,"q":4.72,"p":342.0,"s":[{"ui":"3177775","t":15700.0,"r":15600.0,"q":4.72,"p":342.0,"mot":"U","mo":15600.0},{"cn":"","ui":"","t":0.0,"r":0.0,"q":0.0,"p":0.0,"mot":"L","mo":0.0}]},{"d":"20.10.2015","r":19500.0,"q":4.71,"p":342.0,"s":[{"ui":"3177775","t":19600.0,"r":19500.0,"q":4.71,"p":342.0,"mot":"U","mo":19500.0},{"cn":"","ui":"","t":0.0,"r":0.0,"q":0.0,"p":0.0,"mot":"L","mo":0.0}]},{"d":"21.10.2015","r":23400.0,"q":4.7,"p":342.0,"s":[{"ui":"3177775","t":23500.0,"r":23400.0,"q":4.7,"p":342.0,"mot":"U","mo":23400.0},{"cn":"","ui":"","t":0.0,"r":0.0,"q":0.0,"p":0.0,"mot":"L","mo":0.0}]},{"d":"22.10.2015","r":27300.0,"q":4.7,"p":342.0,"s":[{"ui":"3177775","t":27400.0,"r":27300.0,"q":4.7,"p":342.0,"mot":"U","mo":27300.0},{"cn":"","ui":"","t":0.0,"r":0.0,"q":0.0,"p":0.0,"mot":"L","mo":0.0}]},{"d":"23.10.2015","r":31200.0,"q":4.69,"p":342.0,"s":[{"ui":"3177775","t":31300.0,"r":31200.0,"q":4.69,"p":342.0,"mot":"U","mo":31200.0},{"cn":"","ui":"","t":0.0,"r":0.0,"q":0.0,"p":0.0,"mot":"L","mo":0.0}]},{"d":"24.10.2015","r":35100.0,"q":4.69,"p":342.0,"s":[{"ui":"3177775","t":35200.0,"r":35100.0,"q":4.69,"p":342.0,"mot":"U","mo":35100.0},{"cn":"","ui":"","t":0.0,"r":0.0,"q":0.0,"p":0.0,"mot":"L","mo":0.0}]},{"d":"25.10.2015","r":39000.0,"q":4.68,"p":339.0,"s":[{"ui":"3177775","t":39100.0,"r":39000.0,"q":4.68,"p":339.0,"mot":"U","mo":39000.0},{"cn":"","ui":"","t":0.0,"r":0.0,"q":0.0,"p":0.0,"mot":"L","mo":0.0}]},{"d":"27.10.2015","r":46800.0,"q":4.67,"p":339.0,"s":[{"ui":"3177775","t":46900.0,"r":46800.0,"q":4.67,"p":339.0,"mot":"U","mo":46800.0},{"cn":"","ui":"","t":0.0,"r":0.0,"q":0.0,"p":0.0,"mot":"L","mo":0.0}]},{"d":"28.10.2015","r":50700.0,"q":4.66,"p":339.0,"s":[{"ui":"3177775","t":50800.0,"r":50700.0,"q":4.66,"p":339.0,"mot":"U","mo":50700.0},{"cn":"","ui":"","t":0.0,"r":0.0,"q":0.0,"p":0.0,"mot":"L","mo":0.0}]},{"d":"29.10.2015","r":54600.0,"q":4.66,"p":339.0,"s":[{"ui":"3177775","t":54700.0,"r":54600.0,"q":4.66,"p":339.0,"mot":"U","mo":54600.0},{"cn":"","ui":"","t":0.0,"r":0.0,"q":0.0,"p":0.0,"mot":"L","mo":0.0}]},{"d":"30.10.2015","r":58500.0,"q":4.65,"p":339.0,"s":[{"ui":"3177775","t":58600.0,"r":58500.0,"q":4.65,"p":339.0,"mot":"U","mo":58500.0},{"cn":"","ui":"","t":0.0,"r":0.0,"q":0.0,"p":0.0,"mot":"L","mo":0.0}]},{"d":"31.10.2015","r":62400.0,"q":4.64,"p":336.0,"s":[{"ui":"3177775","t":62500.0,"r":62400.0,"q":4.64,"p":336.0,"mot":"U","mo":62400.0},{"cn":"","ui":"","t":0.0,"r":0.0,"q":0.0,"p":0.0,"mot":"L","mo":0.0}]},{"d":"01.11.2015","r":66300.0,"q":4.64,"p":336.0,"s":[{"ui":"3177775","t":66400.0,"r":66300.0,"q":4.64,"p":336.0,"mot":"U","mo":66300.0},{"cn":"","ui":"","t":0.0,"r":0.0,"q":0.0,"p":0.0,"mot":"L","mo":0.0}]},{"d":"02.11.2015","r":70200.0,"q":4.63,"p":336.0,"s":[{"ui":"3177775","t":70300.0,"r":70200.0,"q":4.63,"p":336.0,"mot":"U","mo":70200.0},{"cn":"","ui":"","t":0.0,"r":0.0,"q":0.0,"p":0.0,"mot":"L","mo":0.0}]},{"d":"03.11.2015","r":74100.0,"q":4.63,"p":336.0,"s":[{"ui":"3177775","t":74200.0,"r":74100.0,"q":4.63,"p":336.0,"mot":"U","mo":74100.0},{"cn":"","ui":"","t":0.0,"r":0.0,"q":0.0,"p":0.0,"mot":"L","mo":0.0}]},{"d":"04.11.2015","r":78000.0,"q":4.62,"p":336.0,"s":[{"ui":"3177775","t":78100.0,"r":78000.0,"q":4.62,"p":336.0,"mot":"U","mo":78000.0},{"cn":"","ui":"","t":0.0,"r":0.0,"q":0.0,"p":0.0,"mot":"L","mo":0.0}]},{"d":"05.11.2015","r":81300.0,"q":4.62,"p":336.0,"s":[{"ui":"3177775","t":81700.0,"r":81300.0,"q":4.62,"p":336.0,"mot":"U","mo":81300.0},{"cn":"","ui":"","t":0.0,"r":0.0,"q":0.0,"p":0.0,"mot":"L","mo":0.0}]},{"d":"06.11.2015","r":84780.0,"q":4.62,"p":336.0,"s":[{"ui":"3177775","t":85240.0,"r":84780.0,"q":4.62,"p":336.0,"mot":"U","mo":84780.0},{"cn":"","ui":"","t":0.0,"r":0.0,"q":0.0,"p":0.0,"mot":"L","mo":0.0}]},{"d":"07.11.2015","r":88320.0,"q":4.61,"p":336.0,"s":[{"ui":"3177775","t":88780.0,"r":88320.0,"q":4.61,"p":336.0,"mot":"U","mo":88320.0},{"cn":"","ui":"","t":0.0,"r":0.0,"q":0.0,"p":0.0,"mot":"L","mo":0.0}]},{"d":"08.11.2015","r":51750.0,"q":4.61,"p":336.0,"s":[{"ui":"3177775","t":72265.0,"r":51750.0,"q":4.61,"p":336.0,"mot":"U","mo":51750.0},{"cn":"","ui":"","t":0.0,"r":0.0,"q":0.0,"p":0.0,"mot":"L","mo":0.0}]},{"d":"09.11.2015","r":35235.0,"q":4.6,"p":336.0,"s":[{"ui":"3177775","t":55750.0,"r":35235.0,"q":4.6,"p":336.0,"mot":"U","mo":35235.0},{"cn":"","ui":"","t":0.0,"r":0.0,"q":0.0,"p":0.0,"mot":"L","mo":0.0}]},{"d":"10.11.2015","r":16720.0,"q":4.59,"p":336.0,"s":[{"ui":"3177775","t":38235.0,"r":16720.0,"q":4.59,"p":336.0,"mot":"U","mo":16720.0},{"cn":"","ui":"","t":0.0,"r":0.0,"q":0.0,"p":0.0,"mot":"L","mo":0.0}]},{"d":"14.12.2015","r":6320.0,"q":1.15,"p":900.0,"s":[{"ui":"3354369","t":6320.0,"r":6320.0,"q":1.15,"p":900.0,"mot":"U","mo":6320.0},{"cn":"","ui":"","t":0.0,"r":0.0,"q":0.0,"p":0.0,"mot":"L","mo":0.0}]},{"d":"15.12.2015","r":6720.0,"q":1.15,"p":900.0,"s":[{"ui":"3354369","t":6720.0,"r":6720.0,"q":1.15,"p":900.0,"mot":"U","mo":6720.0},{"cn":"","ui":"","t":0.0,"r":0.0,"q":0.0,"p":0.0,"mot":"L","mo":0.0}]},{"d":"16.12.2015","r":7120.0,"q":1.15,"p":900.0,"s":[{"ui":"3354369","t":7120.0,"r":7120.0,"q":1.15,"p":900.0,"mot":"U","mo":7120.0},{"cn":"","ui":"","t":0.0,"r":0.0,"q":0.0,"p":0.0,"mot":"L","mo":0.0}]},{"d":"17.12.2015","r":7520.0,"q":1.15,"p":900.0,"s":[{"ui":"3354369","t":7520.0,"r":7520.0,"q":1.15,"p":900.0,"mot":"U","mo":7520.0},{"cn":"","ui":"","t":0.0,"r":0.0,"q":0.0,"p":0.0,"mot":"L","mo":0.0}]},{"d":"18.12.2015","r":7920.0,"q":1.15,"p":900.0,"s":[{"ui":"3354369","t":7920.0,"r":7920.0,"q":1.15,"p":900.0,"mot":"U","mo":7920.0},{"cn":"","ui":"","t":0.0,"r":0.0,"q":0.0,"p":0.0,"mot":"L","mo":0.0}]},{"d":"19.12.2015","r":8320.0,"q":1.15,"p":900.0,"s":[{"ui":"3354369","t":8320.0,"r":8320.0,"q":1.15,"p":900.0,"mot":"U","mo":8320.0},{"cn":"","ui":"","t":0.0,"r":0.0,"q":0.0,"p":0.0,"mot":"L","mo":0.0}]},{"d":"20.12.2015","r":8720.0,"q":1.15,"p":900.0,"s":[{"ui":"3354369","t":8720.0,"r":8720.0,"q":1.15,"p":900.0,"mot":"U","mo":8720.0},{"cn":"","ui":"","t":0.0,"r":0.0,"q":0.0,"p":0.0,"mot":"L","mo":0.0}]},{"d":"21.12.2015","r":9120.0,"q":1.18,"p":900.0,"s":[{"ui":"3354369","t":9120.0,"r":9120.0,"q":1.18,"p":900.0,"mot":"U","mo":9120.0},{"cn":"","ui":"","t":0.0,"r":0.0,"q":0.0,"p":0.0,"mot":"L","mo":0.0}]},{"d":"22.12.2015","r":9520.0,"q":1.23,"p":900.0,"s":[{"ui":"3354369","t":9520.0,"r":9520.0,"q":1.23,"p":900.0,"mot":"U","mo":9520.0},{"cn":"","ui":"","t":0.0,"r":0.0,"q":0.0,"p":0.0,"mot":"L","mo":0.0}]},{"d":"23.12.2015","r":9920.0,"q":1.31,"p":900.0,"s":[{"ui":"3354369","t":9920.0,"r":9920.0,"q":1.31,"p":900.0,"mot":"U","mo":9920.0},{"cn":"","ui":"","t":0.0,"r":0.0,"q":0.0,"p":0.0,"mot":"L","mo":0.0}]},{"d":"24.12.2015","r":10320.0,"q":1.41,"p":900.0,"s":[{"ui":"3354369","t":10320.0,"r":10320.0,"q":1.41,"p":900.0,"mot":"U","mo":10320.0},{"cn":"","ui":"","t":0.0,"r":0.0,"q":0.0,"p":0.0,"mot":"L","mo":0.0}]},{"d":"25.12.2015","r":10720.0,"q":1.54,"p":900.0,"s":[{"ui":"3354369","t":10720.0,"r":10720.0,"q":1.54,"p":900.0,"mot":"U","mo":10720.0},{"cn":"","ui":"","t":0.0,"r":0.0,"q":0.0,"p":0.0,"mot":"L","mo":0.0}]},{"d":"26.12.2015","r":11120.0,"q":1.68,"p":900.0,"s":[{"ui":"3354369","t":11120.0,"r":11120.0,"q":1.68,"p":900.0,"mot":"U","mo":11120.0},{"cn":"","ui":"","t":0.0,"r":0.0,"q":0.0,"p":0.0,"mot":"L","mo":0.0}]},{"d":"28.12.2015","r":11920.0,"q":1.98,"p":900.0,"s":[{"ui":"3354369","t":11920.0,"r":11920.0,"q":1.98,"p":900.0,"mot":"U","mo":11920.0},{"cn":"","ui":"","t":0.0,"r":0.0,"q":0.0,"p":0.0,"mot":"L","mo":0.0}]},{"d":"02.01.2016","r":11975.0,"q":2.0,"p":900.0,"s":[{"ui":"3354369","t":11975.0,"r":11975.0,"q":2.0,"p":900.0,"mot":"U","mo":11975.0},{"cn":"","ui":"","t":0.0,"r":0.0,"q":0.0,"p":0.0,"mot":"L","mo":0.0}]},{"d":"03.01.2016","r":12000.0,"q":2.0,"p":900.0,"s":[{"ui":"3354369","t":12000.0,"r":12000.0,"q":2.0,"p":900.0,"mot":"U","mo":12000.0},{"cn":"","ui":"","t":0.0,"r":0.0,"q":0.0,"p":0.0,"mot":"L","mo":0.0}]},{"d":"12.01.2016","r":12240.0,"q":2.06,"p":900.0,"s":[{"ui":"3354369","t":12240.0,"r":12240.0,"q":2.06,"p":900.0,"mot":"U","mo":12240.0},{"cn":"","ui":"","t":0.0,"r":0.0,"q":0.0,"p":0.0,"mot":"L","mo":0.0}]},{"d":"13.01.2016","r":12300.0,"q":2.08,"p":900.0,"s":[{"ui":"3354369","t":12300.0,"r":12300.0,"q":2.08,"p":900.0,"mot":"U","mo":12300.0},{"cn":"","ui":"","t":0.0,"r":0.0,"q":0.0,"p":0.0,"mot":"L","mo":0.0}]},{"d":"14.01.2016","r":12360.0,"q":2.1,"p":900.0,"s":[{"ui":"3354369","t":12360.0,"r":12360.0,"q":2.1,"p":900.0,"mot":"U","mo":12360.0},{"cn":"","ui":"","t":0.0,"r":0.0,"q":0.0,"p":0.0,"mot":"L","mo":0.0}]},{"d":"15.01.2016","r":12420.0,"q":2.11,"p":900.0,"s":[{"ui":"3354369","t":12420.0,"r":12420.0,"q":2.11,"p":900.0,"mot":"U","mo":12420.0},{"cn":"","ui":"","t":0.0,"r":0.0,"q":0.0,"p":0.0,"mot":"L","mo":0.0}]},{"d":"16.01.2016","r":12480.0,"q":2.13,"p":900.0,"s":[{"ui":"3354369","t":12480.0,"r":12480.0,"q":2.13,"p":900.0,"mot":"U","mo":12480.0},{"cn":"","ui":"","t":0.0,"r":0.0,"q":0.0,"p":0.0,"mot":"L","mo":0.0}]},{"d":"20.01.2016","r":12720.0,"q":2.2,"p":900.0,"s":[{"ui":"3354369","t":12720.0,"r":12720.0,"q":2.2,"p":900.0,"mot":"U","mo":12720.0},{"cn":"","ui":"","t":0.0,"r":0.0,"q":0.0,"p":0.0,"mot":"L","mo":0.0}]},{"d":"22.01.2016","r":12840.0,"q":2.23,"p":900.0,"s":[{"ui":"3354369","t":12840.0,"r":12840.0,"q":2.23,"p":900.0,"mot":"U","mo":12840.0},{"cn":"","ui":"","t":0.0,"r":0.0,"q":0.0,"p":0.0,"mot":"L","mo":0.0}]},{"d":"23.01.2016","r":12900.0,"q":2.24,"p":900.0,"s":[{"ui":"3354369","t":12900.0,"r":12900.0,"q":2.24,"p":900.0,"mot":"U","mo":12900.0},{"cn":"","ui":"","t":0.0,"r":0.0,"q":0.0,"p":0.0,"mot":"L","mo":0.0}]},{"d":"24.01.2016","r":12960.0,"q":2.26,"p":900.0,"s":[{"ui":"3354369","t":12960.0,"r":12960.0,"q":2.26,"p":900.0,"mot":"U","mo":12960.0},{"cn":"","ui":"","t":0.0,"r":0.0,"q":0.0,"p":0.0,"mot":"L","mo":0.0}]},{"d":"25.01.2016","r":15529.0,"q":2.78,"p":900.0,"s":[{"ui":"3354369","t":15529.0,"r":15529.0,"q":2.78,"p":900.0,"mot":"U","mo":15529.0},{"cn":"","ui":"","t":0.0,"r":0.0,"q":0.0,"p":0.0,"mot":"L","mo":0.0}]},{"d":"26.01.2016","r":15691.0,"q":2.8,"p":900.0,"s":[{"ui":"3354369","t":15691.0,"r":15691.0,"q":2.8,"p":900.0,"mot":"U","mo":15691.0},{"cn":"","ui":"","t":0.0,"r":0.0,"q":0.0,"p":0.0,"mot":"L","mo":0.0}]},{"d":"27.01.2016","r":15850.0,"q":2.83,"p":900.0,"s":[{"ui":"3354369","t":15850.0,"r":15850.0,"q":2.83,"p":900.0,"mot":"U","mo":15850.0},{"cn":"","ui":"","t":0.0,"r":0.0,"q":0.0,"p":0.0,"mot":"L","mo":0.0}]},{"d":"28.01.2016","r":15979.0,"q":2.84,"p":900.0,"s":[{"ui":"3354369","t":15979.0,"r":15979.0,"q":2.84,"p":900.0,"mot":"U","mo":15979.0},{"cn":"","ui":"","t":0.0,"r":0.0,"q":0.0,"p":0.0,"mot":"L","mo":0.0}]},{"d":"29.01.2016","r":16108.0,"q":2.86,"p":900.0,"s":[{"ui":"3354369","t":16108.0,"r":16108.0,"q":2.86,"p":900.0,"mot":"U","mo":16108.0},{"cn":"","ui":"","t":0.0,"r":0.0,"q":0.0,"p":0.0,"mot":"L","mo":0.0}]},{"d":"30.01.2016","r":16215.0,"q":2.87,"p":900.0,"s":[{"ui":"3354369","t":16215.0,"r":16215.0,"q":2.87,"p":900.0,"mot":"U","mo":16215.0},{"cn":"","ui":"","t":0.0,"r":0.0,"q":0.0,"p":0.0,"mot":"L","mo":0.0}]},{"d":"31.01.2016","r":16322.0,"q":2.88,"p":900.0,"s":[{"ui":"3354369","t":16322.0,"r":16322.0,"q":2.88,"p":900.0,"mot":"U","mo":16322.0},{"cn":"","ui":"","t":0.0,"r":0.0,"q":0.0,"p":0.0,"mot":"L","mo":0.0}]},{"d":"01.02.2016","r":16429.0,"q":2.9,"p":900.0,"s":[{"ui":"3354369","t":16429.0,"r":16429.0,"q":2.9,"p":900.0,"mot":"U","mo":16429.0},{"cn":"","ui":"","t":0.0,"r":0.0,"q":0.0,"p":0.0,"mot":"L","mo":0.0}]},{"d":"02.02.2016","r":16528.0,"q":2.91,"p":900.0,"s":[{"ui":"3354369","t":16528.0,"r":16528.0,"q":2.91,"p":900.0,"mot":"U","mo":16528.0},{"cn":"","ui":"","t":0.0,"r":0.0,"q":0.0,"p":0.0,"mot":"L","mo":0.0}]},{"d":"03.02.2016","r":16626.0,"q":2.92,"p":900.0,"s":[{"ui":"3354369","t":16626.0,"r":16626.0,"q":2.92,"p":900.0,"mot":"U","mo":16626.0},{"cn":"","ui":"","t":0.0,"r":0.0,"q":0.0,"p":0.0,"mot":"L","mo":0.0}]},{"d":"04.02.2016","r":16705.0,"q":2.92,"p":900.0,"s":[{"ui":"3354369","t":16705.0,"r":16705.0,"q":2.92,"p":900.0,"mot":"U","mo":16705.0},{"cn":"","ui":"","t":0.0,"r":0.0,"q":0.0,"p":0.0,"mot":"L","mo":0.0}]},{"d":"05.02.2016","r":16770.0,"q":2.93,"p":900.0,"s":[{"ui":"3354369","t":16770.0,"r":16770.0,"q":2.93,"p":900.0,"mot":"U","mo":16770.0},{"cn":"","ui":"","t":0.0,"r":0.0,"q":0.0,"p":0.0,"mot":"L","mo":0.0}]},{"d":"06.02.2016","r":16798.0,"q":2.93,"p":900.0,"s":[{"ui":"3354369","t":16798.0,"r":16798.0,"q":2.93,"p":900.0,"mot":"U","mo":16798.0},{"cn":"","ui":"","t":0.0,"r":0.0,"q":0.0,"p":0.0,"mot":"L","mo":0.0}]},{"d":"29.02.2016","r":300.0,"q":6.21,"p":600.0,"s":[{"ui":"3351025","t":90855.0,"r":90324.0,"q":6.21,"p":600.0,"mot":"L","mo":300.0},{"cn":"","ui":"","t":0.0,"r":0.0,"q":0.0,"p":0.0,"mot":"L","mo":0.0}]},{"d":"01.03.2016","r":300.0,"q":6.05,"p":600.0,"s":[{"ui":"3351025","t":94045.0,"r":93514.0,"q":6.05,"p":600.0,"mot":"L","mo":300.0},{"cn":"","ui":"","t":0.0,"r":0.0,"q":0.0,"p":0.0,"mot":"L","mo":0.0}]},{"d":"02.03.2016","r":300.0,"q":5.9,"p":600.0,"s":[{"ui":"3351025","t":97177.0,"r":96646.0,"q":5.9,"p":600.0,"mot":"L","mo":300.0},{"cn":"","ui":"","t":0.0,"r":0.0,"q":0.0,"p":0.0,"mot":"L","mo":0.0}]},{"d":"03.03.2016","r":300.0,"q":5.77,"p":600.0,"s":[{"ui":"3351025","t":100456.0,"r":99925.0,"q":5.77,"p":600.0,"mot":"L","mo":300.0},{"cn":"","ui":"","t":0.0,"r":0.0,"q":0.0,"p":0.0,"mot":"L","mo":0.0}]},{"d":"04.03.2016","r":300.0,"q":5.65,"p":600.0,"s":[{"ui":"3351025","t":103794.0,"r":103263.0,"q":5.65,"p":600.0,"mot":"L","mo":300.0},{"cn":"","ui":"","t":0.0,"r":0.0,"q":0.0,"p":0.0,"mot":"L","mo":0.0}]},{"d":"05.03.2016","r":300.0,"q":5.53,"p":600.0,"s":[{"ui":"3351025","t":107072.0,"r":106541.0,"q":5.53,"p":600.0,"mot":"L","mo":300.0},{"cn":"","ui":"","t":0.0,"r":0.0,"q":0.0,"p":0.0,"mot":"L","mo":0.0}]},{"d":"06.03.2016","r":300.0,"q":5.42,"p":600.0,"s":[{"ui":"3351025","t":110231.0,"r":109700.0,"q":5.42,"p":600.0,"mot":"L","mo":300.0},{"cn":"","ui":"","t":0.0,"r":0.0,"q":0.0,"p":0.0,"mot":"L","mo":0.0}]},{"d":"07.03.2016","r":300.0,"q":5.32,"p":600.0,"s":[{"ui":"3351025","t":113693.0,"r":113162.0,"q":5.32,"p":600.0,"mot":"L","mo":300.0},{"cn":"","ui":"","t":0.0,"r":0.0,"q":0.0,"p":0.0,"mot":"L","mo":0.0}]},{"d":"08.03.2016","r":300.0,"q":5.23,"p":600.0,"s":[{"ui":"3351025","t":117154.0,"r":116623.0,"q":5.23,"p":600.0,"mot":"L","mo":300.0},{"cn":"","ui":"","t":0.0,"r":0.0,"q":0.0,"p":0.0,"mot":"L","mo":0.0}]},{"d":"09.03.2016","r":300.0,"q":5.15,"p":600.0,"s":[{"ui":"3351025","t":120583.0,"r":120052.0,"q":5.15,"p":600.0,"mot":"L","mo":300.0},{"cn":"","ui":"","t":0.0,"r":0.0,"q":0.0,"p":0.0,"mot":"L","mo":0.0}]},{"d":"10.03.2016","r":300.0,"q":5.06,"p":600.0,"s":[{"ui":"3351025","t":123569.0,"r":122953.0,"q":5.06,"p":600.0,"mot":"L","mo":300.0},{"cn":"","ui":"","t":0.0,"r":0.0,"q":0.0,"p":0.0,"mot":"L","mo":0.0}]},{"d":"11.03.2016","r":300.0,"q":4.98,"p":600.0,"s":[{"ui":"3351025","t":126790.0,"r":126174.0,"q":4.98,"p":600.0,"mot":"L","mo":300.0},{"cn":"","ui":"","t":0.0,"r":0.0,"q":0.0,"p":0.0,"mot":"L","mo":0.0}]},{"d":"12.03.2016","r":300.0,"q":4.9,"p":600.0,"s":[{"ui":"3351025","t":130010.0,"r":129394.0,"q":4.9,"p":600.0,"mot":"L","mo":300.0},{"cn":"","ui":"","t":0.0,"r":0.0,"q":0.0,"p":0.0,"mot":"L","mo":0.0}]},{"d":"13.03.2016","r":300.0,"q":4.83,"p":600.0,"s":[{"ui":"3351025","t":133230.0,"r":132614.0,"q":4.83,"p":600.0,"mot":"L","mo":300.0},{"cn":"","ui":"","t":0.0,"r":0.0,"q":0.0,"p":0.0,"mot":"L","mo":0.0}]},{"d":"14.03.2016","r":300.0,"q":4.76,"p":600.0,"s":[{"ui":"3351025","t":136360.0,"r":135744.0,"q":4.76,"p":600.0,"mot":"L","mo":300.0},{"cn":"","ui":"","t":0.0,"r":0.0,"q":0.0,"p":0.0,"mot":"L","mo":0.0}]},{"d":"15.03.2016","r":300.0,"q":4.7,"p":600.0,"s":[{"ui":"3351025","t":139461.0,"r":138845.0,"q":4.7,"p":600.0,"mot":"L","mo":300.0},{"cn":"","ui":"","t":0.0,"r":0.0,"q":0.0,"p":0.0,"mot":"L","mo":0.0}]},{"d":"16.03.2016","r":300.0,"q":4.62,"p":600.0,"s":[{"ui":"3351025","t":142040.0,"r":141474.0,"q":4.62,"p":600.0,"mot":"L","mo":300.0},{"cn":"","ui":"","t":0.0,"r":0.0,"q":0.0,"p":0.0,"mot":"L","mo":0.0}]},{"d":"17.03.2016","r":300.0,"q":4.55,"p":600.0,"s":[{"ui":"3351025","t":144826.0,"r":144260.0,"q":4.55,"p":600.0,"mot":"L","mo":300.0},{"cn":"","ui":"","t":0.0,"r":0.0,"q":0.0,"p":0.0,"mot":"L","mo":0.0}]},{"d":"18.03.2016","r":300.0,"q":4.49,"p":600.0,"s":[{"ui":"3351025","t":147559.0,"r":146993.0,"q":4.49,"p":600.0,"mot":"L","mo":300.0},{"cn":"","ui":"","t":0.0,"r":0.0,"q":0.0,"p":0.0,"mot":"L","mo":0.0}]},{"d":"19.03.2016","r":300.0,"q":4.42,"p":600.0,"s":[{"ui":"3351025","t":150292.0,"r":149726.0,"q":4.42,"p":600.0,"mot":"L","mo":300.0},{"cn":"","ui":"","t":0.0,"r":0.0,"q":0.0,"p":0.0,"mot":"L","mo":0.0}]},{"d":"20.03.2016","r":300.0,"q":4.36,"p":600.0,"s":[{"ui":"3351025","t":153184.0,"r":152618.0,"q":4.36,"p":600.0,"mot":"L","mo":300.0},{"cn":"","ui":"","t":0.0,"r":0.0,"q":0.0,"p":0.0,"mot":"L","mo":0.0}]},{"d":"21.03.2016","r":300.0,"q":4.31,"p":600.0,"s":[{"ui":"3351025","t":156022.0,"r":155456.0,"q":4.31,"p":600.0,"mot":"L","mo":300.0},{"cn":"","ui":"","t":0.0,"r":0.0,"q":0.0,"p":0.0,"mot":"L","mo":0.0}]},{"d":"22.03.2016","r":300.0,"q":4.25,"p":600.0,"s":[{"ui":"3351025","t":158806.0,"r":158240.0,"q":4.25,"p":600.0,"mot":"L","mo":300.0},{"cn":"","ui":"","t":0.0,"r":0.0,"q":0.0,"p":0.0,"mot":"L","mo":0.0}]},{"d":"23.03.2016","r":300.0,"q":4.2,"p":600.0,"s":[{"ui":"3351025","t":161544.0,"r":160978.0,"q":4.2,"p":600.0,"mot":"L","mo":300.0},{"cn":"","ui":"","t":0.0,"r":0.0,"q":0.0,"p":0.0,"mot":"L","mo":0.0}]},{"d":"24.03.2016","r":300.0,"q":4.15,"p":600.0,"s":[{"ui":"3351025","t":164555.0,"r":163989.0,"q":4.15,"p":600.0,"mot":"L","mo":300.0},{"cn":"","ui":"","t":0.0,"r":0.0,"q":0.0,"p":0.0,"mot":"L","mo":0.0}]},{"d":"25.03.2016","r":300.0,"q":4.1,"p":600.0,"s":[{"ui":"3351025","t":167427.0,"r":166861.0,"q":4.1,"p":600.0,"mot":"L","mo":300.0},{"cn":"","ui":"","t":0.0,"r":0.0,"q":0.0,"p":0.0,"mot":"L","mo":0.0}]},{"d":"26.03.2016","r":300.0,"q":4.05,"p":600.0,"s":[{"ui":"3351025","t":170036.0,"r":169470.0,"q":4.05,"p":600.0,"mot":"L","mo":300.0},{"cn":"","ui":"","t":0.0,"r":0.0,"q":0.0,"p":0.0,"mot":"L","mo":0.0}]},{"d":"27.03.2016","r":300.0,"q":4.0,"p":600.0,"s":[{"ui":"3351025","t":172496.0,"r":171930.0,"q":4.0,"p":600.0,"mot":"L","mo":300.0},{"cn":"","ui":"","t":0.0,"r":0.0,"q":0.0,"p":0.0,"mot":"L","mo":0.0}]},{"d":"28.03.2016","r":300.0,"q":3.96,"p":600.0,"s":[{"ui":"3351025","t":175005.0,"r":174439.0,"q":3.96,"p":600.0,"mot":"L","mo":300.0},{"cn":"","ui":"","t":0.0,"r":0.0,"q":0.0,"p":0.0,"mot":"L","mo":0.0}]},{"d":"29.03.2016","r":300.0,"q":3.91,"p":600.0,"s":[{"ui":"3351025","t":177514.0,"r":176948.0,"q":3.91,"p":600.0,"mot":"L","mo":300.0},{"cn":"","ui":"","t":0.0,"r":0.0,"q":0.0,"p":0.0,"mot":"L","mo":0.0}]},{"d":"30.03.2016","r":300.0,"q":3.87,"p":600.0,"s":[{"ui":"3351025","t":179998.0,"r":179432.0,"q":3.87,"p":600.0,"mot":"L","mo":300.0},{"cn":"","ui":"","t":0.0,"r":0.0,"q":0.0,"p":0.0,"mot":"L","mo":0.0}]},{"d":"31.03.2016","r":300.0,"q":3.82,"p":600.0,"s":[{"ui":"3351025","t":182530.0,"r":181964.0,"q":3.82,"p":600.0,"mot":"L","mo":300.0},{"cn":"","ui":"","t":0.0,"r":0.0,"q":0.0,"p":0.0,"mot":"L","mo":0.0}]},{"d":"01.04.2016","r":300.0,"q":3.78,"p":600.0,"s":[{"ui":"3351025","t":185037.0,"r":184471.0,"q":3.78,"p":600.0,"mot":"L","mo":300.0},{"cn":"","ui":"","t":0.0,"r":0.0,"q":0.0,"p":0.0,"mot":"L","mo":0.0}]},{"d":"02.04.2016","r":300.0,"q":3.74,"p":600.0,"s":[{"ui":"3351025","t":187524.0,"r":186938.0,"q":3.74,"p":600.0,"mot":"L","mo":300.0},{"cn":"","ui":"","t":0.0,"r":0.0,"q":0.0,"p":0.0,"mot":"L","mo":0.0}]},{"d":"03.04.2016","r":300.0,"q":3.7,"p":600.0,"s":[{"ui":"3351025","t":190011.0,"r":189425.0,"q":3.7,"p":600.0,"mot":"L","mo":300.0},{"cn":"","ui":"","t":0.0,"r":0.0,"q":0.0,"p":0.0,"mot":"L","mo":0.0}]},{"d":"04.04.2016","r":300.0,"q":3.66,"p":600.0,"s":[{"ui":"3351025","t":192277.0,"r":191471.0,"q":3.66,"p":600.0,"mot":"L","mo":300.0},{"cn":"","ui":"","t":0.0,"r":0.0,"q":0.0,"p":0.0,"mot":"L","mo":0.0}]},{"d":"05.04.2016","r":300.0,"q":3.63,"p":600.0,"s":[{"ui":"3351025","t":194563.0,"r":193757.0,"q":3.63,"p":600.0,"mot":"L","mo":300.0},{"cn":"","ui":"","t":0.0,"r":0.0,"q":0.0,"p":0.0,"mot":"L","mo":0.0}]},{"d":"06.04.2016","r":300.0,"q":3.59,"p":600.0,"s":[{"ui":"3351025","t":196849.0,"r":196043.0,"q":3.59,"p":600.0,"mot":"L","mo":300.0},{"cn":"","ui":"","t":0.0,"r":0.0,"q":0.0,"p":0.0,"mot":"L","mo":0.0}]},{"d":"07.04.2016","r":300.0,"q":3.56,"p":600.0,"s":[{"ui":"3351025","t":199135.0,"r":198329.0,"q":3.56,"p":600.0,"mot":"L","mo":300.0},{"cn":"","ui":"","t":0.0,"r":0.0,"q":0.0,"p":0.0,"mot":"L","mo":0.0}]},{"d":"08.04.2016","r":200639.0,"q":3.52,"p":654.0,"s":[{"ui":"3351025","t":201425.0,"r":200639.0,"q":3.52,"p":654.0,"mot":"U","mo":200639.0},{"cn":"","ui":"","t":0.0,"r":0.0,"q":0.0,"p":0.0,"mot":"L","mo":0.0}]},{"d":"11.04.2016","r":206909.0,"q":3.43,"p":654.0,"s":[{"ui":"3351025","t":207845.0,"r":206909.0,"q":3.43,"p":654.0,"mot":"U","mo":206909.0},{"cn":"","ui":"","t":0.0,"r":0.0,"q":0.0,"p":0.0,"mot":"L","mo":0.0}]},{"d":"12.04.2016","r":208975.0,"q":3.4,"p":654.0,"s":[{"ui":"3351025","t":209911.0,"r":208975.0,"q":3.4,"p":654.0,"mot":"U","mo":208975.0},{"cn":"","ui":"","t":0.0,"r":0.0,"q":0.0,"p":0.0,"mot":"L","mo":0.0}]},{"d":"13.04.2016","r":210661.0,"q":3.37,"p":654.0,"s":[{"ui":"3351025","t":211787.0,"r":210661.0,"q":3.37,"p":654.0,"mot":"U","mo":210661.0},{"cn":"","ui":"","t":0.0,"r":0.0,"q":0.0,"p":0.0,"mot":"L","mo":0.0}]},{"d":"14.04.2016","r":212537.0,"q":3.34,"p":654.0,"s":[{"ui":"3351025","t":213663.0,"r":212537.0,"q":3.34,"p":654.0,"mot":"U","mo":212537.0},{"cn":"","ui":"","t":0.0,"r":0.0,"q":0.0,"p":0.0,"mot":"L","mo":0.0}]},{"d":"15.04.2016","r":214461.0,"q":3.31,"p":654.0,"s":[{"ui":"3351025","t":215587.0,"r":214461.0,"q":3.31,"p":654.0,"mot":"U","mo":214461.0},{"cn":"","ui":"","t":0.0,"r":0.0,"q":0.0,"p":0.0,"mot":"L","mo":0.0}]},{"d":"16.04.2016","r":216433.0,"q":3.28,"p":654.0,"s":[{"ui":"3351025","t":217559.0,"r":216433.0,"q":3.28,"p":654.0,"mot":"U","mo":216433.0},{"cn":"","ui":"","t":0.0,"r":0.0,"q":0.0,"p":0.0,"mot":"L","mo":0.0}]},{"d":"17.04.2016","r":218430.0,"q":3.25,"p":654.0,"s":[{"ui":"3351025","t":219556.0,"r":218430.0,"q":3.25,"p":654.0,"mot":"U","mo":218430.0},{"cn":"","ui":"","t":0.0,"r":0.0,"q":0.0,"p":0.0,"mot":"L","mo":0.0}]},{"d":"18.04.2016","r":220427.0,"q":3.23,"p":654.0,"s":[{"ui":"3351025","t":221553.0,"r":220427.0,"q":3.23,"p":654.0,"mot":"U","mo":220427.0},{"cn":"","ui":"","t":0.0,"r":0.0,"q":0.0,"p":0.0,"mot":"L","mo":0.0}]},{"d":"19.04.2016","r":222424.0,"q":3.2,"p":654.0,"s":[{"ui":"3351025","t":223550.0,"r":222424.0,"q":3.2,"p":654.0,"mot":"U","mo":222424.0},{"cn":"","ui":"","t":0.0,"r":0.0,"q":0.0,"p":0.0,"mot":"L","mo":0.0}]},{"d":"20.04.2016","r":224420.0,"q":3.17,"p":654.0,"s":[{"ui":"3351025","t":225546.0,"r":224420.0,"q":3.17,"p":654.0,"mot":"U","mo":224420.0},{"cn":"","ui":"","t":0.0,"r":0.0,"q":0.0,"p":0.0,"mot":"L","mo":0.0}]},{"d":"21.04.2016","r":226416.0,"q":3.15,"p":654.0,"s":[{"ui":"3351025","t":227542.0,"r":226416.0,"q":3.15,"p":654.0,"mot":"U","mo":226416.0},{"cn":"","ui":"","t":0.0,"r":0.0,"q":0.0,"p":0.0,"mot":"L","mo":0.0}]},{"d":"22.04.2016","r":228412.0,"q":3.12,"p":654.0,"s":[{"ui":"3351025","t":229538.0,"r":228412.0,"q":3.12,"p":654.0,"mot":"U","mo":228412.0},{"cn":"","ui":"","t":0.0,"r":0.0,"q":0.0,"p":0.0,"mot":"L","mo":0.0}]},{"d":"23.04.2016","r":230408.0,"q":3.1,"p":654.0,"s":[{"ui":"3351025","t":231534.0,"r":230408.0,"q":3.1,"p":654.0,"mot":"U","mo":230408.0},{"cn":"","ui":"","t":0.0,"r":0.0,"q":0.0,"p":0.0,"mot":"L","mo":0.0}]},{"d":"24.04.2016","r":232402.0,"q":3.07,"p":654.0,"s":[{"ui":"3351025","t":233528.0,"r":232402.0,"q":3.07,"p":654.0,"mot":"U","mo":232402.0},{"cn":"","ui":"","t":0.0,"r":0.0,"q":0.0,"p":0.0,"mot":"L","mo":0.0}]},{"d":"25.04.2016","r":234396.0,"q":3.05,"p":654.0,"s":[{"ui":"3351025","t":235522.0,"r":234396.0,"q":3.05,"p":654.0,"mot":"U","mo":234396.0},{"cn":"","ui":"","t":0.0,"r":0.0,"q":0.0,"p":0.0,"mot":"L","mo":0.0}]},{"d":"26.04.2016","r":236390.0,"q":3.03,"p":654.0,"s":[{"ui":"3351025","t":237516.0,"r":236390.0,"q":3.03,"p":654.0,"mot":"U","mo":236390.0},{"cn":"","ui":"","t":0.0,"r":0.0,"q":0.0,"p":0.0,"mot":"L","mo":0.0}]},{"d":"27.04.2016","r":238384.0,"q":3.01,"p":654.0,"s":[{"ui":"3351025","t":239510.0,"r":238384.0,"q":3.01,"p":654.0,"mot":"U","mo":238384.0},{"cn":"","ui":"","t":0.0,"r":0.0,"q":0.0,"p":0.0,"mot":"L","mo":0.0}]},{"d":"28.04.2016","r":240377.0,"q":2.98,"p":654.0,"s":[{"ui":"3351025","t":241503.0,"r":240377.0,"q":2.98,"p":654.0,"mot":"U","mo":240377.0},{"cn":"","ui":"","t":0.0,"r":0.0,"q":0.0,"p":0.0,"mot":"L","mo":0.0}]},{"d":"29.04.2016","r":242370.0,"q":2.96,"p":654.0,"s":[{"ui":"3351025","t":243496.0,"r":242370.0,"q":2.96,"p":654.0,"mot":"U","mo":242370.0},{"cn":"","ui":"","t":0.0,"r":0.0,"q":0.0,"p":0.0,"mot":"L","mo":0.0}]},{"d":"30.04.2016","r":244594.0,"q":2.95,"p":654.0,"s":[{"ui":"3351025","t":245720.0,"r":244594.0,"q":2.95,"p":654.0,"mot":"U","mo":244594.0},{"cn":"","ui":"","t":0.0,"r":0.0,"q":0.0,"p":0.0,"mot":"L","mo":0.0}]},{"d":"01.05.2016","r":246818.0,"q":2.93,"p":654.0,"s":[{"ui":"3351025","t":247944.0,"r":246818.0,"q":2.93,"p":654.0,"mot":"U","mo":246818.0},{"cn":"","ui":"","t":0.0,"r":0.0,"q":0.0,"p":0.0,"mot":"L","mo":0.0}]},{"d":"03.05.2016","r":238264.0,"q":2.89,"p":654.0,"s":[{"ui":"3351025","t":243390.0,"r":238264.0,"q":2.89,"p":654.0,"mot":"U","mo":238264.0},{"cn":"","ui":"","t":0.0,"r":0.0,"q":0.0,"p":0.0,"mot":"L","mo":0.0}]},{"d":"04.05.2016","r":236487.0,"q":2.88,"p":654.0,"s":[{"ui":"3351025","t":241613.0,"r":236487.0,"q":2.88,"p":654.0,"mot":"U","mo":236487.0},{"cn":"","ui":"","t":0.0,"r":0.0,"q":0.0,"p":0.0,"mot":"L","mo":0.0}]},{"d":"05.05.2016","r":234710.0,"q":2.86,"p":654.0,"s":[{"ui":"3351025","t":239836.0,"r":234710.0,"q":2.86,"p":654.0,"mot":"U","mo":234710.0},{"cn":"","ui":"","t":0.0,"r":0.0,"q":0.0,"p":0.0,"mot":"L","mo":0.0}]},{"d":"06.05.2016","r":233932.0,"q":2.84,"p":654.0,"s":[{"ui":"3351025","t":238558.0,"r":233932.0,"q":2.84,"p":654.0,"mot":"U","mo":233932.0},{"cn":"","ui":"","t":0.0,"r":0.0,"q":0.0,"p":0.0,"mot":"L","mo":0.0}]},{"d":"07.05.2016","r":232654.0,"q":2.83,"p":654.0,"s":[{"ui":"3351025","t":237280.0,"r":232654.0,"q":2.83,"p":654.0,"mot":"U","mo":232654.0},{"cn":"","ui":"","t":0.0,"r":0.0,"q":0.0,"p":0.0,"mot":"L","mo":0.0}]},{"d":"08.05.2016","r":231376.0,"q":2.81,"p":654.0,"s":[{"ui":"3351025","t":236002.0,"r":231376.0,"q":2.81,"p":654.0,"mot":"U","mo":231376.0},{"cn":"","ui":"","t":0.0,"r":0.0,"q":0.0,"p":0.0,"mot":"L","mo":0.0}]},{"d":"09.05.2016","r":230098.0,"q":2.79,"p":654.0,"s":[{"ui":"3351025","t":234724.0,"r":230098.0,"q":2.79,"p":654.0,"mot":"U","mo":230098.0},{"cn":"","ui":"","t":0.0,"r":0.0,"q":0.0,"p":0.0,"mot":"L","mo":0.0}]},{"d":"10.05.2016","r":228818.0,"q":2.78,"p":654.0,"s":[{"ui":"3351025","t":233444.0,"r":228818.0,"q":2.78,"p":654.0,"mot":"U","mo":228818.0},{"cn":"","ui":"","t":0.0,"r":0.0,"q":0.0,"p":0.0,"mot":"L","mo":0.0}]},{"d":"11.05.2016","r":227538.0,"q":2.76,"p":654.0,"s":[{"ui":"3351025","t":232164.0,"r":227538.0,"q":2.76,"p":654.0,"mot":"U","mo":227538.0},{"cn":"","ui":"","t":0.0,"r":0.0,"q":0.0,"p":0.0,"mot":"L","mo":0.0}]},{"d":"12.05.2016","r":226269.0,"q":2.75,"p":716.0,"s":[{"ui":"3351025","t":230895.0,"r":226269.0,"q":2.75,"p":716.0,"mot":"U","mo":226269.0},{"cn":"","ui":"","t":0.0,"r":0.0,"q":0.0,"p":0.0,"mot":"L","mo":0.0}]},{"d":"13.05.2016","r":225000.0,"q":2.73,"p":716.0,"s":[{"ui":"3351025","t":229626.0,"r":225000.0,"q":2.73,"p":716.0,"mot":"U","mo":225000.0},{"cn":"","ui":"","t":0.0,"r":0.0,"q":0.0,"p":0.0,"mot":"L","mo":0.0}]},{"d":"14.05.2016","r":223731.0,"q":2.71,"p":716.0,"s":[{"ui":"3351025","t":228357.0,"r":223731.0,"q":2.71,"p":716.0,"mot":"U","mo":223731.0},{"cn":"","ui":"","t":0.0,"r":0.0,"q":0.0,"p":0.0,"mot":"L","mo":0.0}]},{"d":"15.05.2016","r":222462.0,"q":2.7,"p":716.0,"s":[{"ui":"3351025","t":227088.0,"r":222462.0,"q":2.7,"p":716.0,"mot":"U","mo":222462.0},{"cn":"","ui":"","t":0.0,"r":0.0,"q":0.0,"p":0.0,"mot":"L","mo":0.0}]},{"d":"16.05.2016","r":221192.0,"q":2.68,"p":716.0,"s":[{"ui":"3351025","t":225818.0,"r":221192.0,"q":2.68,"p":716.0,"mot":"U","mo":221192.0},{"cn":"","ui":"","t":0.0,"r":0.0,"q":0.0,"p":0.0,"mot":"L","mo":0.0}]},{"d":"17.05.2016","r":219922.0,"q":2.67,"p":716.0,"s":[{"ui":"3351025","t":224548.0,"r":219922.0,"q":2.67,"p":716.0,"mot":"U","mo":219922.0},{"cn":"","ui":"","t":0.0,"r":0.0,"q":0.0,"p":0.0,"mot":"L","mo":0.0}]},{"d":"18.05.2016","r":218652.0,"q":2.65,"p":716.0,"s":[{"ui":"3351025","t":223278.0,"r":218652.0,"q":2.65,"p":716.0,"mot":"U","mo":218652.0},{"cn":"","ui":"","t":0.0,"r":0.0,"q":0.0,"p":0.0,"mot":"L","mo":0.0}]},{"d":"19.05.2016","r":217382.0,"q":2.64,"p":716.0,"s":[{"ui":"3351025","t":222008.0,"r":217382.0,"q":2.64,"p":716.0,"mot":"U","mo":217382.0},{"cn":"","ui":"","t":0.0,"r":0.0,"q":0.0,"p":0.0,"mot":"L","mo":0.0}]},{"d":"20.05.2016","r":216110.0,"q":2.62,"p":716.0,"s":[{"ui":"3351025","t":220736.0,"r":216110.0,"q":2.62,"p":716.0,"mot":"U","mo":216110.0},{"cn":"","ui":"","t":0.0,"r":0.0,"q":0.0,"p":0.0,"mot":"L","mo":0.0}]},{"d":"21.05.2016","r":214838.0,"q":2.61,"p":716.0,"s":[{"ui":"3351025","t":219464.0,"r":214838.0,"q":2.61,"p":716.0,"mot":"U","mo":214838.0},{"cn":"","ui":"","t":0.0,"r":0.0,"q":0.0,"p":0.0,"mot":"L","mo":0.0}]},{"d":"22.05.2016","r":213566.0,"q":2.6,"p":716.0,"s":[{"ui":"3351025","t":218192.0,"r":213566.0,"q":2.6,"p":716.0,"mot":"U","mo":213566.0},{"cn":"","ui":"","t":0.0,"r":0.0,"q":0.0,"p":0.0,"mot":"L","mo":0.0}]},{"d":"23.05.2016","r":212294.0,"q":2.58,"p":716.0,"s":[{"ui":"3351025","t":216920.0,"r":212294.0,"q":2.58,"p":716.0,"mot":"U","mo":212294.0},{"cn":"","ui":"","t":0.0,"r":0.0,"q":0.0,"p":0.0,"mot":"L","mo":0.0}]},{"d":"24.05.2016","r":211021.0,"q":2.57,"p":716.0,"s":[{"ui":"3351025","t":215647.0,"r":211021.0,"q":2.57,"p":716.0,"mot":"U","mo":211021.0},{"cn":"","ui":"","t":0.0,"r":0.0,"q":0.0,"p":0.0,"mot":"L","mo":0.0}]},{"d":"25.05.2016","r":209748.0,"q":2.55,"p":716.0,"s":[{"ui":"3351025","t":214374.0,"r":209748.0,"q":2.55,"p":716.0,"mot":"U","mo":209748.0},{"cn":"","ui":"","t":0.0,"r":0.0,"q":0.0,"p":0.0,"mot":"L","mo":0.0}]},{"d":"26.05.2016","r":208475.0,"q":2.54,"p":716.0,"s":[{"ui":"3351025","t":213101.0,"r":208475.0,"q":2.54,"p":716.0,"mot":"U","mo":208475.0},{"cn":"","ui":"","t":0.0,"r":0.0,"q":0.0,"p":0.0,"mot":"L","mo":0.0}]},{"d":"27.05.2016","r":207229.0,"q":2.53,"p":716.0,"s":[{"ui":"3351025","t":211855.0,"r":207229.0,"q":2.53,"p":716.0,"mot":"U","mo":207229.0},{"cn":"","ui":"","t":0.0,"r":0.0,"q":0.0,"p":0.0,"mot":"L","mo":0.0}]},{"d":"28.05.2016","r":205981.0,"q":2.51,"p":716.0,"s":[{"ui":"3351025","t":210607.0,"r":205981.0,"q":2.51,"p":716.0,"mot":"U","mo":205981.0},{"cn":"","ui":"","t":0.0,"r":0.0,"q":0.0,"p":0.0,"mot":"L","mo":0.0}]},{"d":"29.05.2016","r":204733.0,"q":2.5,"p":716.0,"s":[{"ui":"3351025","t":209359.0,"r":204733.0,"q":2.5,"p":716.0,"mot":"U","mo":204733.0},{"cn":"","ui":"","t":0.0,"r":0.0,"q":0.0,"p":0.0,"mot":"L","mo":0.0}]},{"d":"31.05.2016","r":202401.0,"q":2.48,"p":716.0,"s":[{"ui":"3351025","t":207027.0,"r":202401.0,"q":2.48,"p":716.0,"mot":"U","mo":202401.0},{"cn":"","ui":"","t":0.0,"r":0.0,"q":0.0,"p":0.0,"mot":"L","mo":0.0}]},{"d":"01.06.2016","r":201233.0,"q":2.47,"p":716.0,"s":[{"ui":"3351025","t":205859.0,"r":201233.0,"q":2.47,"p":716.0,"mot":"U","mo":201233.0},{"cn":"","ui":"","t":0.0,"r":0.0,"q":0.0,"p":0.0,"mot":"L","mo":0.0}]},{"d":"02.06.2016","r":200065.0,"q":2.46,"p":716.0,"s":[{"ui":"3351025","t":204691.0,"r":200065.0,"q":2.46,"p":716.0,"mot":"U","mo":200065.0},{"cn":"","ui":"","t":0.0,"r":0.0,"q":0.0,"p":0.0,"mot":"L","mo":0.0}]},{"d":"03.06.2016","r":198897.0,"q":2.45,"p":716.0,"s":[{"ui":"3351025","t":203523.0,"r":198897.0,"q":2.45,"p":716.0,"mot":"U","mo":198897.0},{"cn":"","ui":"","t":0.0,"r":0.0,"q":0.0,"p":0.0,"mot":"L","mo":0.0}]},{"d":"04.06.2016","r":197729.0,"q":2.44,"p":716.0,"s":[{"ui":"3351025","t":202355.0,"r":197729.0,"q":2.44,"p":716.0,"mot":"U","mo":197729.0},{"cn":"","ui":"","t":0.0,"r":0.0,"q":0.0,"p":0.0,"mot":"L","mo":0.0}]},{"d":"05.06.2016","r":196560.0,"q":2.43,"p":716.0,"s":[{"ui":"3351025","t":201186.0,"r":196560.0,"q":2.43,"p":716.0,"mot":"U","mo":196560.0},{"cn":"","ui":"","t":0.0,"r":0.0,"q":0.0,"p":0.0,"mot":"L","mo":0.0}]},{"d":"06.06.2016","r":195391.0,"q":2.42,"p":716.0,"s":[{"ui":"3351025","t":200017.0,"r":195391.0,"q":2.42,"p":716.0,"mot":"U","mo":195391.0},{"cn":"","ui":"","t":0.0,"r":0.0,"q":0.0,"p":0.0,"mot":"L","mo":0.0}]},{"d":"07.06.2016","r":194222.0,"q":2.41,"p":716.0,"s":[{"ui":"3351025","t":198848.0,"r":194222.0,"q":2.41,"p":716.0,"mot":"U","mo":194222.0},{"cn":"","ui":"","t":0.0,"r":0.0,"q":0.0,"p":0.0,"mot":"L","mo":0.0}]},{"d":"08.06.2016","r":193053.0,"q":2.4,"p":716.0,"s":[{"ui":"3351025","t":197679.0,"r":193053.0,"q":2.4,"p":716.0,"mot":"U","mo":193053.0},{"cn":"","ui":"","t":0.0,"r":0.0,"q":0.0,"p":0.0,"mot":"L","mo":0.0}]},{"d":"09.06.2016","r":191883.0,"q":2.39,"p":716.0,"s":[{"ui":"3351025","t":196509.0,"r":191883.0,"q":2.39,"p":716.0,"mot":"U","mo":191883.0},{"cn":"","ui":"","t":0.0,"r":0.0,"q":0.0,"p":0.0,"mot":"L","mo":0.0}]},{"d":"10.06.2016","r":190713.0,"q":2.38,"p":716.0,"s":[{"ui":"3351025","t":195339.0,"r":190713.0,"q":2.38,"p":716.0,"mot":"U","mo":190713.0},{"cn":"","ui":"","t":0.0,"r":0.0,"q":0.0,"p":0.0,"mot":"L","mo":0.0}]},{"d":"11.06.2016","r":189539.0,"q":2.37,"p":716.0,"s":[{"ui":"3351025","t":194167.0,"r":189539.0,"q":2.37,"p":716.0,"mot":"U","mo":189539.0},{"cn":"","ui":"","t":0.0,"r":0.0,"q":0.0,"p":0.0,"mot":"L","mo":0.0}]},{"d":"12.06.2016","r":188367.0,"q":2.36,"p":716.0,"s":[{"ui":"3351025","t":192995.0,"r":188367.0,"q":2.36,"p":716.0,"mot":"U","mo":188367.0},{"cn":"","ui":"","t":0.0,"r":0.0,"q":0.0,"p":0.0,"mot":"L","mo":0.0}]},{"d":"13.06.2016","r":186773.0,"q":2.35,"p":716.0,"s":[{"ui":"3351025","t":191411.0,"r":186773.0,"q":2.35,"p":716.0,"mot":"U","mo":186773.0},{"cn":"","ui":"","t":0.0,"r":0.0,"q":0.0,"p":0.0,"mot":"L","mo":0.0}]},{"d":"14.06.2016","r":182854.0,"q":2.34,"p":716.0,"s":[{"ui":"3351025","t":188846.0,"r":182854.0,"q":2.34,"p":716.0,"mot":"U","mo":182854.0},{"cn":"","ui":"","t":0.0,"r":0.0,"q":0.0,"p":0.0,"mot":"L","mo":0.0}]},{"d":"15.06.2016","r":180254.0,"q":2.33,"p":716.0,"s":[{"ui":"3351025","t":186250.0,"r":180254.0,"q":2.33,"p":716.0,"mot":"U","mo":180254.0},{"cn":"","ui":"","t":0.0,"r":0.0,"q":0.0,"p":0.0,"mot":"L","mo":0.0}]},{"d":"16.06.2016","r":177658.0,"q":2.32,"p":716.0,"s":[{"ui":"3351025","t":183654.0,"r":177658.0,"q":2.32,"p":716.0,"mot":"U","mo":177658.0},{"cn":"","ui":"","t":0.0,"r":0.0,"q":0.0,"p":0.0,"mot":"L","mo":0.0}]},{"d":"17.06.2016","r":175008.0,"q":2.31,"p":716.0,"s":[{"ui":"3351025","t":181017.0,"r":175008.0,"q":2.31,"p":716.0,"mot":"U","mo":175008.0},{"cn":"","ui":"","t":0.0,"r":0.0,"q":0.0,"p":0.0,"mot":"L","mo":0.0}]},{"d":"18.06.2016","r":172371.0,"q":2.3,"p":716.0,"s":[{"ui":"3351025","t":178380.0,"r":172371.0,"q":2.3,"p":716.0,"mot":"U","mo":172371.0},{"cn":"","ui":"","t":0.0,"r":0.0,"q":0.0,"p":0.0,"mot":"L","mo":0.0}]},{"d":"19.06.2016","r":169539.0,"q":2.29,"p":716.0,"s":[{"ui":"3351025","t":175632.0,"r":169539.0,"q":2.29,"p":716.0,"mot":"U","mo":169539.0},{"cn":"","ui":"","t":0.0,"r":0.0,"q":0.0,"p":0.0,"mot":"L","mo":0.0}]},{"d":"20.06.2016","r":166791.0,"q":2.28,"p":716.0,"s":[{"ui":"3351025","t":172884.0,"r":166791.0,"q":2.28,"p":716.0,"mot":"U","mo":166791.0},{"cn":"","ui":"","t":0.0,"r":0.0,"q":0.0,"p":0.0,"mot":"L","mo":0.0}]},{"d":"21.06.2016","r":162116.0,"q":2.26,"p":716.0,"s":[{"ui":"3351025","t":169172.0,"r":162116.0,"q":2.26,"p":716.0,"mot":"U","mo":162116.0},{"cn":"","ui":"","t":0.0,"r":0.0,"q":0.0,"p":0.0,"mot":"L","mo":0.0}]},{"d":"22.06.2016","r":158404.0,"q":2.25,"p":716.0,"s":[{"ui":"3351025","t":165460.0,"r":158404.0,"q":2.25,"p":716.0,"mot":"U","mo":158404.0},{"cn":"","ui":"","t":0.0,"r":0.0,"q":0.0,"p":0.0,"mot":"L","mo":0.0}]},{"d":"23.06.2016","r":151582.0,"q":2.24,"p":716.0,"s":[{"ui":"3351025","t":160193.0,"r":151582.0,"q":2.24,"p":716.0,"mot":"U","mo":151582.0},{"cn":"","ui":"","t":0.0,"r":0.0,"q":0.0,"p":0.0,"mot":"L","mo":0.0}]},{"d":"24.06.2016","r":146315.0,"q":2.23,"p":716.0,"s":[{"ui":"3351025","t":154926.0,"r":146315.0,"q":2.23,"p":716.0,"mot":"U","mo":146315.0},{"cn":"","ui":"","t":0.0,"r":0.0,"q":0.0,"p":0.0,"mot":"L","mo":0.0}]},{"d":"25.06.2016","r":141046.0,"q":2.22,"p":716.0,"s":[{"ui":"3351025","t":149657.0,"r":141046.0,"q":2.22,"p":716.0,"mot":"U","mo":141046.0},{"cn":"","ui":"","t":0.0,"r":0.0,"q":0.0,"p":0.0,"mot":"L","mo":0.0}]},{"d":"26.06.2016","r":135777.0,"q":2.2,"p":716.0,"s":[{"ui":"3351025","t":144388.0,"r":135777.0,"q":2.2,"p":716.0,"mot":"U","mo":135777.0},{"cn":"","ui":"","t":0.0,"r":0.0,"q":0.0,"p":0.0,"mot":"L","mo":0.0}]},{"d":"27.06.2016","r":130508.0,"q":2.19,"p":716.0,"s":[{"ui":"3351025","t":139119.0,"r":130508.0,"q":2.19,"p":716.0,"mot":"U","mo":130508.0},{"cn":"","ui":"","t":0.0,"r":0.0,"q":0.0,"p":0.0,"mot":"L","mo":0.0}]},{"d":"28.06.2016","r":125239.0,"q":2.18,"p":716.0,"s":[{"ui":"3351025","t":133850.0,"r":125239.0,"q":2.18,"p":716.0,"mot":"U","mo":125239.0},{"cn":"","ui":"","t":0.0,"r":0.0,"q":0.0,"p":0.0,"mot":"L","mo":0.0}]},{"d":"29.06.2016","r":119969.0,"q":2.16,"p":716.0,"s":[{"ui":"3351025","t":128580.0,"r":119969.0,"q":2.16,"p":716.0,"mot":"U","mo":119969.0},{"cn":"","ui":"","t":0.0,"r":0.0,"q":0.0,"p":0.0,"mot":"L","mo":0.0}]},{"d":"30.06.2016","r":114699.0,"q":2.15,"p":716.0,"s":[{"ui":"3351025","t":123310.0,"r":114699.0,"q":2.15,"p":716.0,"mot":"U","mo":114699.0},{"cn":"","ui":"","t":0.0,"r":0.0,"q":0.0,"p":0.0,"mot":"L","mo":0.0}]},{"d":"01.07.2016","r":109429.0,"q":2.14,"p":716.0,"s":[{"ui":"3351025","t":118040.0,"r":109429.0,"q":2.14,"p":716.0,"mot":"U","mo":109429.0},{"cn":"","ui":"","t":0.0,"r":0.0,"q":0.0,"p":0.0,"mot":"L","mo":0.0}]},{"d":"02.07.2016","r":104159.0,"q":2.12,"p":716.0,"s":[{"ui":"3351025","t":112770.0,"r":104159.0,"q":2.12,"p":716.0,"mot":"U","mo":104159.0},{"cn":"","ui":"","t":0.0,"r":0.0,"q":0.0,"p":0.0,"mot":"L","mo":0.0}]},{"d":"03.07.2016","r":98888.0,"q":2.11,"p":716.0,"s":[{"ui":"3351025","t":107499.0,"r":98888.0,"q":2.11,"p":716.0,"mot":"U","mo":98888.0},{"cn":"","ui":"","t":0.0,"r":0.0,"q":0.0,"p":0.0,"mot":"L","mo":0.0}]},{"d":"04.07.2016","r":93617.0,"q":2.1,"p":716.0,"s":[{"ui":"3351025","t":102228.0,"r":93617.0,"q":2.1,"p":716.0,"mot":"U","mo":93617.0},{"cn":"","ui":"","t":0.0,"r":0.0,"q":0.0,"p":0.0,"mot":"L","mo":0.0}]},{"d":"05.07.2016","r":88346.0,"q":2.08,"p":716.0,"s":[{"ui":"3351025","t":96957.0,"r":88346.0,"q":2.08,"p":716.0,"mot":"U","mo":88346.0},{"cn":"","ui":"","t":0.0,"r":0.0,"q":0.0,"p":0.0,"mot":"L","mo":0.0}]},{"d":"06.07.2016","r":83075.0,"q":2.07,"p":716.0,"s":[{"ui":"3351025","t":91686.0,"r":83075.0,"q":2.07,"p":716.0,"mot":"U","mo":83075.0},{"cn":"","ui":"","t":0.0,"r":0.0,"q":0.0,"p":0.0,"mot":"L","mo":0.0}]},{"d":"07.07.2016","r":77802.0,"q":2.05,"p":716.0,"s":[{"ui":"3351025","t":86413.0,"r":77802.0,"q":2.05,"p":716.0,"mot":"U","mo":77802.0},{"cn":"","ui":"","t":0.0,"r":0.0,"q":0.0,"p":0.0,"mot":"L","mo":0.0}]},{"d":"08.07.2016","r":72529.0,"q":2.04,"p":716.0,"s":[{"ui":"3351025","t":81140.0,"r":72529.0,"q":2.04,"p":716.0,"mot":"U","mo":72529.0},{"cn":"","ui":"","t":0.0,"r":0.0,"q":0.0,"p":0.0,"mot":"L","mo":0.0}]},{"d":"09.07.2016","r":67256.0,"q":2.02,"p":716.0,"s":[{"ui":"3351025","t":75867.0,"r":67256.0,"q":2.02,"p":716.0,"mot":"U","mo":67256.0},{"cn":"","ui":"","t":0.0,"r":0.0,"q":0.0,"p":0.0,"mot":"L","mo":0.0}]},{"d":"10.07.2016","r":61983.0,"q":2.0,"p":716.0,"s":[{"ui":"3351025","t":70594.0,"r":61983.0,"q":2.0,"p":716.0,"mot":"U","mo":61983.0},{"cn":"","ui":"","t":0.0,"r":0.0,"q":0.0,"p":0.0,"mot":"L","mo":0.0}]},{"d":"11.07.2016","r":56709.0,"q":1.99,"p":716.0,"s":[{"ui":"3351025","t":65320.0,"r":56709.0,"q":1.99,"p":716.0,"mot":"U","mo":56709.0},{"cn":"","ui":"","t":0.0,"r":0.0,"q":0.0,"p":0.0,"mot":"L","mo":0.0}]},{"d":"12.07.2016","r":51435.0,"q":1.97,"p":716.0,"s":[{"ui":"3351025","t":60046.0,"r":51435.0,"q":1.97,"p":716.0,"mot":"U","mo":51435.0},{"cn":"","ui":"","t":0.0,"r":0.0,"q":0.0,"p":0.0,"mot":"L","mo":0.0}]},{"d":"13.07.2016","r":48480.0,"q":1.95,"p":716.0,"s":[{"ui":"3351025","t":55918.0,"r":48480.0,"q":1.95,"p":716.0,"mot":"U","mo":48480.0},{"cn":"","ui":"","t":0.0,"r":0.0,"q":0.0,"p":0.0,"mot":"L","mo":0.0}]},{"d":"14.07.2016","r":43352.0,"q":1.93,"p":716.0,"s":[{"ui":"3351025","t":51290.0,"r":43352.0,"q":1.93,"p":716.0,"mot":"U","mo":43352.0},{"cn":"","ui":"","t":0.0,"r":0.0,"q":0.0,"p":0.0,"mot":"L","mo":0.0}]},{"d":"15.07.2016","r":38723.0,"q":1.91,"p":716.0,"s":[{"ui":"3351025","t":46661.0,"r":38723.0,"q":1.91,"p":716.0,"mot":"U","mo":38723.0},{"cn":"","ui":"","t":0.0,"r":0.0,"q":0.0,"p":0.0,"mot":"L","mo":0.0}]},{"d":"16.07.2016","r":34058.0,"q":1.89,"p":716.0,"s":[{"ui":"3351025","t":42014.0,"r":34058.0,"q":1.89,"p":716.0,"mot":"U","mo":34058.0},{"cn":"","ui":"","t":0.0,"r":0.0,"q":0.0,"p":0.0,"mot":"L","mo":0.0}]},{"d":"18.07.2016","r":24764.0,"q":1.84,"p":716.0,"s":[{"ui":"3351025","t":32720.0,"r":24764.0,"q":1.84,"p":716.0,"mot":"U","mo":24764.0},{"cn":"","ui":"","t":0.0,"r":0.0,"q":0.0,"p":0.0,"mot":"L","mo":0.0}]},{"d":"19.07.2016","r":20116.0,"q":1.82,"p":716.0,"s":[{"ui":"3351025","t":28072.0,"r":20116.0,"q":1.82,"p":716.0,"mot":"U","mo":20116.0},{"cn":"","ui":"","t":0.0,"r":0.0,"q":0.0,"p":0.0,"mot":"L","mo":0.0}]},{"d":"20.07.2016","r":15468.0,"q":1.79,"p":716.0,"s":[{"ui":"3351025","t":23424.0,"r":15468.0,"q":1.79,"p":716.0,"mot":"U","mo":15468.0},{"cn":"","ui":"","t":0.0,"r":0.0,"q":0.0,"p":0.0,"mot":"L","mo":0.0}]},{"d":"21.07.2016","r":10820.0,"q":1.76,"p":716.0,"s":[{"ui":"3351025","t":18776.0,"r":10820.0,"q":1.76,"p":716.0,"mot":"U","mo":10820.0},{"cn":"","ui":"","t":0.0,"r":0.0,"q":0.0,"p":0.0,"mot":"L","mo":0.0}]},{"d":"22.07.2016","r":23100.0,"q":2.62,"p":850.84,"s":[{"ui":"3351025","t":14128.0,"r":6172.0,"q":1.73,"p":716.0,"mot":"U","mo":6172.0},{"ui":"3354369","t":16928.0,"r":16928.0,"q":2.94,"p":900.0,"mot":"U","mo":16928.0},{"cn":"","ui":"","t":0.0,"r":0.0,"q":0.0,"p":0.0,"mot":"L","mo":0.0}]},{"d":"25.07.2016","r":4928.0,"q":2.94,"p":900.0,"s":[{"ui":"3354369","t":8928.0,"r":4928.0,"q":2.94,"p":900.0,"mot":"U","mo":4928.0},{"cn":"","ui":"","t":0.0,"r":0.0,"q":0.0,"p":0.0,"mot":"L","mo":0.0}]},{"d":"26.07.2016","r":928.0,"q":2.94,"p":900.0,"s":[{"ui":"3354369","t":4928.0,"r":928.0,"q":2.94,"p":900.0,"mot":"U","mo":928.0},{"cn":"","ui":"","t":0.0,"r":0.0,"q":0.0,"p":0.0,"mot":"L","mo":0.0}]},{"d":"05.08.2016","r":72.0,"q":1.62,"p":716.0,"s":[{"ui":"3351025","t":3338.0,"r":72.0,"q":1.62,"p":716.0,"mot":"U","mo":72.0},{"cn":"","ui":"","t":0.0,"r":0.0,"q":0.0,"p":0.0,"mot":"L","mo":0.0}]},{"d":"06.08.2016","r":108.0,"q":1.62,"p":716.0,"s":[{"ui":"3351025","t":3374.0,"r":108.0,"q":1.62,"p":716.0,"mot":"U","mo":108.0},{"cn":"","ui":"","t":0.0,"r":0.0,"q":0.0,"p":0.0,"mot":"L","mo":0.0}]},{"d":"07.08.2016","r":144.0,"q":1.62,"p":716.0,"s":[{"ui":"3351025","t":3410.0,"r":144.0,"q":1.62,"p":716.0,"mot":"U","mo":144.0},{"cn":"","ui":"","t":0.0,"r":0.0,"q":0.0,"p":0.0,"mot":"L","mo":0.0}]},{"d":"08.08.2016","r":179.0,"q":1.62,"p":716.0,"s":[{"ui":"3351025","t":3445.0,"r":179.0,"q":1.62,"p":716.0,"mot":"U","mo":179.0},{"cn":"","ui":"","t":0.0,"r":0.0,"q":0.0,"p":0.0,"mot":"L","mo":0.0}]},{"d":"16.08.2016","r":6606.0,"q":3.99,"p":100.0,"s":[{"ui":"3540997","t":6616.0,"r":6606.0,"q":3.99,"p":100.0,"mot":"U","mo":6606.0},{"cn":"","ui":"","t":0.0,"r":0.0,"q":0.0,"p":0.0,"mot":"L","mo":0.0}]},{"d":"17.08.2016","r":200.0,"q":1.15,"p":50.0,"s":[{"ui":"3544225","t":5751.0,"r":5531.0,"q":1.15,"p":50.0,"mot":"L","mo":200.0},{"cn":"","ui":"","t":0.0,"r":0.0,"q":0.0,"p":0.0,"mot":"L","mo":0.0}]},{"d":"18.08.2016","r":200.0,"q":1.15,"p":50.0,"s":[{"ui":"3544225","t":7524.0,"r":7204.0,"q":1.15,"p":50.0,"mot":"L","mo":200.0},{"cn":"","ui":"","t":0.0,"r":0.0,"q":0.0,"p":0.0,"mot":"L","mo":0.0}]},{"d":"19.08.2016","r":200.0,"q":1.15,"p":50.0,"s":[{"ui":"3544225","t":6674.0,"r":5824.0,"q":1.15,"p":50.0,"mot":"L","mo":200.0},{"cn":"","ui":"","t":0.0,"r":0.0,"q":0.0,"p":0.0,"mot":"L","mo":0.0}]},{"d":"20.08.2016","r":300.0,"q":1.15,"p":50.0,"s":[{"ui":"3544225","t":5274.0,"r":3924.0,"q":1.15,"p":50.0,"mot":"L","mo":300.0},{"cn":"","ui":"","t":0.0,"r":0.0,"q":0.0,"p":0.0,"mot":"L","mo":0.0}]},{"d":"21.08.2016","r":300.0,"q":1.15,"p":50.0,"s":[{"ui":"3544225","t":3924.0,"r":2224.0,"q":1.15,"p":50.0,"mot":"L","mo":300.0},{"cn":"","ui":"","t":0.0,"r":0.0,"q":0.0,"p":0.0,"mot":"L","mo":0.0}]},{"d":"22.08.2016","r":1180.0,"q":6.37,"p":263.29,"s":[{"ui":"3544225","t":2224.0,"r":524.0,"q":1.15,"p":50.0,"mot":"L","mo":300.0},{"ui":"3177775","t":21940.0,"r":880.0,"q":8.15,"p":336.0,"mot":"U","mo":880.0},{"cn":"","ui":"","t":0.0,"r":0.0,"q":0.0,"p":0.0,"mot":"L","mo":0.0}]},{"d":"23.08.2016","r":11370.0,"q":8.15,"p":336.0,"s":[{"ui":"3177775","t":32880.0,"r":11370.0,"q":8.15,"p":336.0,"mot":"U","mo":11370.0},{"cn":"","ui":"","t":0.0,"r":0.0,"q":0.0,"p":0.0,"mot":"L","mo":0.0}]},{"d":"24.08.2016","r":21860.0,"q":8.16,"p":336.0,"s":[{"ui":"3177775","t":43370.0,"r":21860.0,"q":8.16,"p":336.0,"mot":"U","mo":21860.0},{"cn":"","ui":"","t":0.0,"r":0.0,"q":0.0,"p":0.0,"mot":"L","mo":0.0}]},{"d":"25.08.2016","r":32350.0,"q":8.16,"p":336.0,"s":[{"ui":"3177775","t":53860.0,"r":32350.0,"q":8.16,"p":336.0,"mot":"U","mo":32350.0},{"cn":"","ui":"","t":0.0,"r":0.0,"q":0.0,"p":0.0,"mot":"L","mo":0.0}]},{"d":"26.08.2016","r":41840.0,"q":8.16,"p":336.0,"s":[{"ui":"3177775","t":63850.0,"r":41840.0,"q":8.16,"p":336.0,"mot":"U","mo":41840.0},{"cn":"","ui":"","t":0.0,"r":0.0,"q":0.0,"p":0.0,"mot":"L","mo":0.0}]},{"d":"27.08.2016","r":51280.0,"q":8.17,"p":336.0,"s":[{"ui":"3177775","t":73840.0,"r":51280.0,"q":8.17,"p":336.0,"mot":"U","mo":51280.0},{"cn":"","ui":"","t":0.0,"r":0.0,"q":0.0,"p":0.0,"mot":"L","mo":0.0}]},{"d":"28.08.2016","r":60720.0,"q":8.17,"p":336.0,"s":[{"ui":"3177775","t":83280.0,"r":60720.0,"q":8.17,"p":336.0,"mot":"U","mo":60720.0},{"cn":"","ui":"","t":0.0,"r":0.0,"q":0.0,"p":0.0,"mot":"L","mo":0.0}]},{"d":"29.08.2016","r":71331.0,"q":8.05,"p":342.25,"s":[{"ui":"3177775","t":92719.0,"r":70158.0,"q":8.17,"p":336.0,"mot":"U","mo":70158.0},{"cn":"","ui":"","t":4225.0,"r":1173.0,"q":1.16,"p":716.0,"mot":"L","mo":1173.0}]},{"d":"30.08.2016","r":81702.0,"q":7.99,"p":345.79,"s":[{"ui":"3177775","t":102158.0,"r":79597.0,"q":8.17,"p":336.0,"mot":"U","mo":79597.0},{"cn":"","ui":"","t":5156.0,"r":2105.0,"q":1.15,"p":716.0,"mot":"L","mo":2105.0}]},{"d":"31.08.2016","r":113072.0,"q":7.99,"p":346.2,"s":[{"ui":"3177775","t":111597.0,"r":110036.0,"q":8.18,"p":336.0,"mot":"U","mo":110036.0},{"cn":"","ui":"","t":6087.0,"r":3036.0,"q":1.15,"p":716.0,"mot":"L","mo":3036.0}]},{"d":"01.09.2016","r":126342.0,"q":7.8,"p":356.65,"s":[{"ui":"3351025","t":8468.0,"r":6867.0,"q":1.15,"p":716.0,"mot":"U","mo":6867.0},{"ui":"3177775","t":121036.0,"r":119475.0,"q":8.18,"p":336.0,"mot":"U","mo":119475.0},{"cn":"","ui":"","t":0.0,"r":0.0,"q":0.0,"p":0.0,"mot":"L","mo":0.0}]},{"d":"02.09.2016","r":137223.0,"q":7.7,"p":361.78,"s":[{"ui":"3351025","t":10910.0,"r":9309.0,"q":1.15,"p":716.0,"mot":"U","mo":9309.0},{"ui":"3177775","t":129975.0,"r":127914.0,"q":8.18,"p":336.0,"mot":"U","mo":127914.0},{"cn":"","ui":"","t":0.0,"r":0.0,"q":0.0,"p":0.0,"mot":"L","mo":0.0}]},{"d":"03.09.2016","r":148604.0,"q":7.62,"p":366.05,"s":[{"ui":"3351025","t":13352.0,"r":11751.0,"q":1.15,"p":716.0,"mot":"U","mo":11751.0},{"ui":"3177775","t":138914.0,"r":136853.0,"q":8.18,"p":336.0,"mot":"U","mo":136853.0},{"cn":"","ui":"","t":0.0,"r":0.0,"q":0.0,"p":0.0,"mot":"L","mo":0.0}]},{"d":"04.09.2016","r":160185.0,"q":7.55,"p":369.13,"s":[{"ui":"3351025","t":15794.0,"r":14193.0,"q":1.15,"p":716.0,"mot":"U","mo":14193.0},{"ui":"3177775","t":147803.0,"r":145692.0,"q":8.19,"p":336.0,"mot":"U","mo":145692.0},{"cn":"","ui":"","t":15687.0,"r":300.0,"q":1.23,"p":50.0,"mot":"L","mo":300.0}]},{"d":"05.09.2016","r":199241.0,"q":6.62,"p":327.83,"s":[{"ui":"3544225","t":29625.0,"r":27925.0,"q":1.22,"p":50.0,"mot":"U","mo":27925.0},{"ui":"3351025","t":18286.0,"r":16735.0,"q":1.15,"p":716.0,"mot":"U","mo":16735.0},{"ui":"3177775","t":156692.0,"r":154581.0,"q":8.19,"p":336.0,"mot":"U","mo":154581.0},{"cn":"","ui":"","t":0.0,"r":0.0,"q":0.0,"p":0.0,"mot":"L","mo":0.0}]},{"d":"06.09.2016","r":224393.0,"q":6.29,"p":315.56,"s":[{"ui":"3544225","t":43449.0,"r":41649.0,"q":1.22,"p":50.0,"mot":"U","mo":41649.0},{"ui":"3351025","t":20785.0,"r":19274.0,"q":1.15,"p":716.0,"mot":"U","mo":19274.0},{"ui":"3177775","t":165581.0,"r":163470.0,"q":8.19,"p":336.0,"mot":"U","mo":163470.0},{"cn":"","ui":"","t":0.0,"r":0.0,"q":0.0,"p":0.0,"mot":"L","mo":0.0}]},{"d":"07.09.2016","r":76919.0,"q":1.19,"p":237.37,"s":[{"ui":"3544225","t":57079.0,"r":55279.0,"q":1.21,"p":50.0,"mot":"U","mo":55279.0},{"ui":"3351025","t":23202.0,"r":21640.0,"q":1.15,"p":716.0,"mot":"U","mo":21640.0},{"cn":"","ui":"","t":0.0,"r":0.0,"q":0.0,"p":0.0,"mot":"L","mo":0.0}]},{"d":"08.09.2016","r":92993.0,"q":1.16,"p":222.29,"s":[{"ui":"3544225","t":70546.0,"r":68936.0,"q":1.16,"p":50.0,"mot":"U","mo":68936.0},{"ui":"3351025","t":25619.0,"r":24057.0,"q":1.15,"p":716.0,"mot":"U","mo":24057.0},{"cn":"","ui":"","t":0.0,"r":0.0,"q":0.0,"p":0.0,"mot":"L","mo":0.0}]},{"d":"09.09.2016","r":108816.0,"q":1.13,"p":212.03,"s":[{"ui":"3544225","t":83952.0,"r":82342.0,"q":1.13,"p":50.0,"mot":"U","mo":82342.0},{"ui":"3351025","t":28036.0,"r":26474.0,"q":1.15,"p":716.0,"mot":"U","mo":26474.0},{"cn":"","ui":"","t":0.0,"r":0.0,"q":0.0,"p":0.0,"mot":"L","mo":0.0}]},{"d":"10.09.2016","r":108341.0,"q":1.14,"p":227.59,"s":[{"ui":"3544225","t":81952.0,"r":79452.0,"q":1.13,"p":50.0,"mot":"U","mo":79452.0},{"ui":"3351025","t":30451.0,"r":28889.0,"q":1.15,"p":716.0,"mot":"U","mo":28889.0},{"cn":"","ui":"","t":0.0,"r":0.0,"q":0.0,"p":0.0,"mot":"L","mo":0.0}]},{"d":"11.09.2016","r":108126.0,"q":1.14,"p":242.82,"s":[{"ui":"3544225","t":79482.0,"r":76822.0,"q":1.13,"p":50.0,"mot":"U","mo":76822.0},{"ui":"3351025","t":32866.0,"r":31304.0,"q":1.15,"p":716.0,"mot":"U","mo":31304.0},{"cn":"","ui":"","t":0.0,"r":0.0,"q":0.0,"p":0.0,"mot":"L","mo":0.0}]},{"d":"12.09.2016","r":107681.0,"q":1.14,"p":257.31,"s":[{"ui":"3544225","t":76822.0,"r":74162.0,"q":1.13,"p":50.0,"mot":"U","mo":74162.0},{"ui":"3351025","t":35181.0,"r":33519.0,"q":1.15,"p":716.0,"mot":"U","mo":33519.0},{"cn":"","ui":"","t":0.0,"r":0.0,"q":0.0,"p":0.0,"mot":"L","mo":0.0}]},{"d":"13.09.2016","r":106636.0,"q":1.14,"p":273.55,"s":[{"ui":"3544225","t":73382.0,"r":70842.0,"q":1.13,"p":50.0,"mot":"U","mo":70842.0},{"ui":"3351025","t":37476.0,"r":35794.0,"q":1.15,"p":716.0,"mot":"U","mo":35794.0},{"cn":"","ui":"","t":0.0,"r":0.0,"q":0.0,"p":0.0,"mot":"L","mo":0.0}]},{"d":"14.09.2016","r":105739.0,"q":1.14,"p":289.7,"s":[{"ui":"3544225","t":70527.0,"r":67682.0,"q":1.13,"p":50.0,"mot":"U","mo":67682.0},{"ui":"3351025","t":39739.0,"r":38057.0,"q":1.15,"p":716.0,"mot":"U","mo":38057.0},{"cn":"","ui":"","t":0.0,"r":0.0,"q":0.0,"p":0.0,"mot":"L","mo":0.0}]},{"d":"15.09.2016","r":101232.0,"q":1.14,"p":312.89,"s":[{"ui":"3544225","t":66422.0,"r":61272.0,"q":1.13,"p":50.0,"mot":"U","mo":61272.0},{"ui":"3351025","t":41822.0,"r":39960.0,"q":1.15,"p":716.0,"mot":"U","mo":39960.0},{"cn":"","ui":"","t":0.0,"r":0.0,"q":0.0,"p":0.0,"mot":"L","mo":0.0}]},{"d":"16.09.2016","r":97205.0,"q":1.14,"p":338.06,"s":[{"ui":"3544225","t":60767.0,"r":55162.0,"q":1.13,"p":50.0,"mot":"U","mo":55162.0},{"ui":"3351025","t":43905.0,"r":42043.0,"q":1.15,"p":716.0,"mot":"U","mo":42043.0},{"cn":"","ui":"","t":0.0,"r":0.0,"q":0.0,"p":0.0,"mot":"L","mo":0.0}]},{"d":"17.09.2016","r":90883.0,"q":1.14,"p":373.36,"s":[{"ui":"3544225","t":51762.0,"r":46757.0,"q":1.13,"p":50.0,"mot":"U","mo":46757.0},{"ui":"3351025","t":45988.0,"r":44126.0,"q":1.15,"p":716.0,"mot":"U","mo":44126.0},{"cn":"","ui":"","t":0.0,"r":0.0,"q":0.0,"p":0.0,"mot":"L","mo":0.0}]},{"d":"18.09.2016","r":85872.0,"q":1.14,"p":408.37,"s":[{"ui":"3544225","t":45265.0,"r":39665.0,"q":1.13,"p":50.0,"mot":"U","mo":39665.0},{"ui":"3351025","t":48069.0,"r":46207.0,"q":1.15,"p":716.0,"mot":"U","mo":46207.0},{"cn":"","ui":"","t":0.0,"r":0.0,"q":0.0,"p":0.0,"mot":"L","mo":0.0}]},{"d":"19.09.2016","r":64300.0,"q":1.15,"p":550.88,"s":[{"ui":"3544225","t":30053.0,"r":15942.0,"q":1.13,"p":50.0,"mot":"U","mo":15942.0},{"ui":"3351025","t":50185.0,"r":48358.0,"q":1.15,"p":716.0,"mot":"U","mo":48358.0},{"cn":"","ui":"","t":0.0,"r":0.0,"q":0.0,"p":0.0,"mot":"L","mo":0.0}]},{"d":"20.09.2016","r":63644.0,"q":1.21,"p":578.18,"s":[{"ui":"3544225","t":17571.0,"r":13170.0,"q":1.43,"p":50.0,"mot":"U","mo":13170.0},{"ui":"3351025","t":52301.0,"r":50474.0,"q":1.15,"p":716.0,"mot":"U","mo":50474.0},{"cn":"","ui":"","t":0.0,"r":0.0,"q":0.0,"p":0.0,"mot":"L","mo":0.0}]},{"d":"21.09.2016","r":51020.0,"q":1.15,"p":716.0,"s":[{"ui":"3351025","t":52917.0,"r":51020.0,"q":1.15,"p":716.0,"mot":"U","mo":51020.0},{"cn":"","ui":"","t":0.0,"r":0.0,"q":0.0,"p":0.0,"mot":"L","mo":0.0}]},{"d":"23.09.2016","r":51919.0,"q":1.15,"p":716.0,"s":[{"ui":"3351025","t":54536.0,"r":51919.0,"q":1.15,"p":716.0,"mot":"U","mo":51919.0},{"cn":"","ui":"","t":0.0,"r":0.0,"q":0.0,"p":0.0,"mot":"L","mo":0.0}]},{"d":"24.09.2016","r":11493.0,"q":1.15,"p":716.0,"s":[{"ui":"3351025","t":34970.0,"r":11493.0,"q":1.15,"p":716.0,"mot":"U","mo":11493.0},{"cn":"","ui":"","t":0.0,"r":0.0,"q":0.0,"p":0.0,"mot":"L","mo":0.0}]},{"d":"25.09.2016","r":8927.0,"q":1.15,"p":716.0,"s":[{"ui":"3351025","t":34104.0,"r":8927.0,"q":1.15,"p":716.0,"mot":"U","mo":8927.0},{"cn":"","ui":"","t":0.0,"r":0.0,"q":0.0,"p":0.0,"mot":"L","mo":0.0}]},{"d":"26.09.2016","r":7655.0,"q":1.15,"p":716.0,"s":[{"ui":"3351025","t":32834.0,"r":7655.0,"q":1.15,"p":716.0,"mot":"U","mo":7655.0},{"cn":"","ui":"","t":0.0,"r":0.0,"q":0.0,"p":0.0,"mot":"L","mo":0.0}]},{"d":"27.09.2016","r":23883.0,"q":1.15,"p":716.0,"s":[{"ui":"3351025","t":30297.0,"r":23883.0,"q":1.15,"p":716.0,"mot":"U","mo":23883.0},{"cn":"","ui":"","t":0.0,"r":0.0,"q":0.0,"p":0.0,"mot":"L","mo":0.0}]},{"d":"28.09.2016","r":24269.0,"q":1.32,"p":633.67,"s":[{"ui":"3544225","t":40327.0,"r":23036.0,"q":2.5,"p":50.0,"mot":"L","mo":3000.0},{"ui":"3351025","t":27663.0,"r":21269.0,"q":1.15,"p":716.0,"mot":"U","mo":21269.0},{"cn":"","ui":"","t":0.0,"r":0.0,"q":0.0,"p":0.0,"mot":"L","mo":0.0}]},{"d":"29.09.2016","r":22135.0,"q":1.33,"p":625.74,"s":[{"ui":"3544225","t":67534.0,"r":44633.0,"q":2.49,"p":50.0,"mot":"L","mo":3000.0},{"ui":"3351025","t":25279.0,"r":19135.0,"q":1.15,"p":716.0,"mot":"U","mo":19135.0},{"cn":"","ui":"","t":0.0,"r":0.0,"q":0.0,"p":0.0,"mot":"L","mo":0.0}]},{"d":"30.09.2016","r":16750.0,"q":1.39,"p":596.72,"s":[{"ui":"3544225","t":83670.0,"r":52857.0,"q":2.48,"p":50.0,"mot":"L","mo":3000.0},{"ui":"3351025","t":21394.0,"r":13750.0,"q":1.15,"p":716.0,"mot":"U","mo":13750.0},{"cn":"","ui":"","t":0.0,"r":0.0,"q":0.0,"p":0.0,"mot":"L","mo":0.0}]},{"d":"01.10.2016","r":8485.0,"q":1.61,"p":480.53,"s":[{"ui":"3544225","t":89516.0,"r":50653.0,"q":2.46,"p":50.0,"mot":"L","mo":3000.0},{"ui":"3351025","t":15319.0,"r":5485.0,"q":1.15,"p":716.0,"mot":"U","mo":5485.0},{"cn":"","ui":"","t":0.0,"r":0.0,"q":0.0,"p":0.0,"mot":"L","mo":0.0}]},{"d":"02.10.2016","r":3000.0,"q":2.45,"p":50.0,"s":[{"ui":"3544225","t":94511.0,"r":51837.0,"q":2.45,"p":50.0,"mot":"L","mo":3000.0},{"cn":"","ui":"","t":0.0,"r":0.0,"q":0.0,"p":0.0,"mot":"L","mo":0.0}]},{"d":"03.10.2016","r":3000.0,"q":2.43,"p":50.0,"s":[{"ui":"3544225","t":87166.0,"r":35487.0,"q":2.43,"p":50.0,"mot":"L","mo":3000.0},{"cn":"","ui":"","t":0.0,"r":0.0,"q":0.0,"p":0.0,"mot":"L","mo":0.0}]},{"d":"04.10.2016","r":3000.0,"q":2.41,"p":50.0,"s":[{"ui":"3544225","t":72799.0,"r":15560.0,"q":2.41,"p":50.0,"mot":"L","mo":3000.0},{"cn":"","ui":"","t":0.0,"r":0.0,"q":0.0,"p":0.0,"mot":"L","mo":0.0}]},{"d":"18.10.2016","r":122.0,"q":1.15,"p":730.72,"s":[{"ui":"3582864","t":1610.0,"r":122.0,"q":1.15,"p":730.72,"mot":"U","mo":122.0},{"cn":"","ui":"","t":0.0,"r":0.0,"q":0.0,"p":0.0,"mot":"L","mo":0.0}]},{"d":"19.10.2016","r":51.0,"q":1.15,"p":730.72,"s":[{"ui":"3582864","t":1783.0,"r":51.0,"q":1.15,"p":730.72,"mot":"U","mo":51.0},{"cn":"","ui":"","t":0.0,"r":0.0,"q":0.0,"p":0.0,"mot":"L","mo":0.0}]},{"d":"20.10.2016","r":2722.0,"q":1.15,"p":730.72,"s":[{"ui":"3582864","t":3066.0,"r":2722.0,"q":1.15,"p":730.72,"mot":"U","mo":2722.0},{"cn":"","ui":"","t":0.0,"r":0.0,"q":0.0,"p":0.0,"mot":"L","mo":0.0}]},{"d":"23.10.2016","r":4000.0,"q":1.15,"p":900.72,"s":[{"ui":"3582864","t":4000.0,"r":4000.0,"q":1.15,"p":900.72,"mot":"U","mo":4000.0},{"cn":"","ui":"","t":0.0,"r":0.0,"q":0.0,"p":0.0,"mot":"L","mo":0.0}]},{"d":"24.10.2016","r":9000.0,"q":1.15,"p":900.72,"s":[{"ui":"3582864","t":9000.0,"r":9000.0,"q":1.15,"p":900.72,"mot":"U","mo":9000.0},{"cn":"","ui":"","t":0.0,"r":0.0,"q":0.0,"p":0.0,"mot":"L","mo":0.0}]},{"d":"25.10.2016","r":20063.0,"q":1.29,"p":790.25,"s":[{"ui":"3544225","t":47237.0,"r":648.0,"q":2.07,"p":50.0,"mot":"L","mo":3000.0},{"ui":"3582864","t":13795.0,"r":13790.0,"q":1.15,"p":900.72,"mot":"U","mo":13790.0},{"ui":"3596808","t":3173.0,"r":3173.0,"q":1.15,"p":978.21,"mot":"U","mo":3173.0},{"cn":"","ui":"","t":5905.0,"r":100.0,"q":1.0,"p":1800.0,"mot":"L","mo":100.0}]},{"d":"26.10.2016","r":1000.0,"q":1.15,"p":900.72,"s":[{"ui":"3582864","t":17790.0,"r":16785.0,"q":1.15,"p":900.72,"mot":"L","mo":1000.0},{"cn":"","ui":"","t":0.0,"r":0.0,"q":0.0,"p":0.0,"mot":"L","mo":0.0}]},{"d":"27.10.2016","r":1100.0,"q":1.14,"p":982.47,"s":[{"ui":"3582864","t":21685.0,"r":20680.0,"q":1.15,"p":900.72,"mot":"L","mo":1000.0},{"ui":"3602772","t":7999.0,"r":7999.0,"q":1.0,"p":1800.0,"mot":"L","mo":100.0},{"cn":"","ui":"","t":0.0,"r":0.0,"q":0.0,"p":0.0,"mot":"L","mo":0.0}]},{"d":"28.10.2016","r":4100.0,"q":1.78,"p":278.25,"s":[{"ui":"3544225","t":47207.0,"r":720.0,"q":2.02,"p":50.0,"mot":"L","mo":3000.0},{"ui":"3582864","t":24680.0,"r":22675.0,"q":1.15,"p":900.72,"mot":"L","mo":1000.0},{"cn":"","ui":"","t":7799.0,"r":100.0,"q":1.0,"p":900.99,"mot":"L","mo":100.0}]},{"d":"29.10.2016","r":1100.0,"q":1.14,"p":887.11,"s":[{"ui":"3582864","t":27670.0,"r":25660.0,"q":1.15,"p":900.72,"mot":"L","mo":1000.0},{"ui":"3602772","t":13549.0,"r":13349.0,"q":1.0,"p":750.99,"mot":"L","mo":100.0},{"cn":"","ui":"","t":0.0,"r":0.0,"q":0.0,"p":0.0,"mot":"L","mo":0.0}]},{"d":"30.10.2016","r":12100.0,"q":8.45,"p":386.1,"s":[{"ui":"3582864","t":30508.0,"r":28498.0,"q":1.15,"p":900.72,"mot":"L","mo":1000.0},{"ui":"3177775","t":16500.0,"r":11000.0,"q":9.18,"p":336.0,"mot":"U","mo":11000.0},{"cn":"","ui":"","t":19247.0,"r":100.0,"q":1.0,"p":750.99,"mot":"L","mo":100.0}]},{"d":"31.10.2016","r":19100.0,"q":7.58,"p":320.46,"s":[{"ui":"3544225","t":46074.0,"r":613.0,"q":1.97,"p":50.0,"mot":"L","mo":3000.0},{"ui":"3582864","t":33480.0,"r":31470.0,"q":1.15,"p":900.72,"mot":"L","mo":1000.0},{"ui":"3177775","t":20500.0,"r":15000.0,"q":9.18,"p":333.0,"mot":"U","mo":15000.0},{"cn":"","ui":"","t":25045.0,"r":100.0,"q":1.0,"p":750.99,"mot":"L","mo":100.0}]},{"d":"01.11.2016","r":25500.0,"q":7.7,"p":338.36,"s":[{"ui":"3544225","t":46000.0,"r":539.0,"q":1.96,"p":50.0,"mot":"L","mo":3000.0},{"ui":"3177775","t":26000.0,"r":20500.0,"q":9.19,"p":333.0,"mot":"U","mo":20500.0},{"cn":"","ui":"","t":66913.0,"r":2000.0,"q":1.08,"p":825.86,"mot":"L","mo":2000.0}]},{"d":"02.11.2016","r":18848.0,"q":8.34,"p":425.09,"s":[{"ui":"3582864","t":38771.0,"r":36761.0,"q":1.15,"p":900.72,"mot":"L","mo":1000.0},{"ui":"3602772","t":32232.0,"r":28032.0,"q":1.0,"p":1500.99,"mot":"L","mo":1000.0},{"ui":"3177775","t":22349.0,"r":16848.0,"q":9.2,"p":333.0,"mot":"U","mo":16848.0},{"cn":"","ui":"","t":0.0,"r":0.0,"q":0.0,"p":0.0,"mot":"L","mo":0.0}]},{"d":"03.11.2016","r":24245.0,"q":8.54,"p":404.59,"s":[{"ui":"3177775","t":27797.0,"r":22245.0,"q":9.21,"p":333.0,"mot":"U","mo":22245.0},{"cn":"","ui":"","t":73793.0,"r":2000.0,"q":1.08,"p":1200.86,"mot":"L","mo":2000.0}]},{"d":"04.11.2016","r":7448.0,"q":7.04,"p":566.04,"s":[{"ui":"3582864","t":41751.0,"r":38741.0,"q":1.17,"p":900.72,"mot":"L","mo":1000.0},{"ui":"3602772","t":35832.0,"r":31632.0,"q":1.0,"p":1500.99,"mot":"L","mo":1000.0},{"ui":"3177775","t":11000.0,"r":5448.0,"q":9.23,"p":333.0,"mot":"U","mo":5448.0},{"cn":"","ui":"","t":0.0,"r":0.0,"q":0.0,"p":0.0,"mot":"L","mo":0.0}]},{"d":"05.11.2016","r":2000.0,"q":1.09,"p":775.86,"s":[{"ui":"3582864","t":43741.0,"r":40731.0,"q":1.18,"p":900.72,"mot":"L","mo":1000.0},{"ui":"3602772","t":36132.0,"r":30432.0,"q":1.0,"p":650.99,"mot":"L","mo":1000.0},{"cn":"","ui":"","t":0.0,"r":0.0,"q":0.0,"p":0.0,"mot":"L","mo":0.0}]},{"d":"06.11.2016","r":2000.0,"q":1.09,"p":775.86,"s":[{"ui":"3582864","t":45282.0,"r":42272.0,"q":1.18,"p":900.72,"mot":"L","mo":1000.0},{"ui":"3602772","t":36432.0,"r":30732.0,"q":1.0,"p":650.99,"mot":"L","mo":1000.0},{"cn":"","ui":"","t":0.0,"r":0.0,"q":0.0,"p":0.0,"mot":"L","mo":0.0}]},{"d":"07.11.2016","r":2000.0,"q":1.09,"p":775.86,"s":[{"ui":"3582864","t":47272.0,"r":44262.0,"q":1.18,"p":900.72,"mot":"L","mo":1000.0},{"ui":"3602772","t":35732.0,"r":30032.0,"q":1.0,"p":650.99,"mot":"L","mo":1000.0},{"cn":"","ui":"","t":0.0,"r":0.0,"q":0.0,"p":0.0,"mot":"L","mo":0.0}]},{"d":"08.11.2016","r":4000.0,"q":1.13,"p":838.29,"s":[{"ui":"3582864","t":49262.0,"r":42252.0,"q":1.17,"p":900.72,"mot":"L","mo":3000.0},{"ui":"3602772","t":35782.0,"r":30082.0,"q":1.0,"p":650.99,"mot":"L","mo":1000.0},{"cn":"","ui":"","t":0.0,"r":0.0,"q":0.0,"p":0.0,"mot":"L","mo":0.0}]},{"d":"09.11.2016","r":4000.0,"q":1.13,"p":838.29,"s":[{"ui":"3582864","t":46252.0,"r":38242.0,"q":1.17,"p":900.72,"mot":"L","mo":3000.0},{"ui":"3602772","t":36072.0,"r":30362.0,"q":1.0,"p":650.99,"mot":"L","mo":1000.0},{"cn":"","ui":"","t":0.0,"r":0.0,"q":0.0,"p":0.0,"mot":"L","mo":0.0}]},{"d":"10.11.2016","r":4000.0,"q":1.13,"p":838.29,"s":[{"ui":"3582864","t":43691.0,"r":35681.0,"q":1.17,"p":900.72,"mot":"L","mo":3000.0},{"ui":"3602772","t":36352.0,"r":30632.0,"q":1.0,"p":650.99,"mot":"L","mo":1000.0},{"cn":"","ui":"","t":0.0,"r":0.0,"q":0.0,"p":0.0,"mot":"L","mo":0.0}]},{"d":"11.11.2016","r":4000.0,"q":1.13,"p":838.29,"s":[{"ui":"3582864","t":40681.0,"r":32671.0,"q":1.17,"p":900.72,"mot":"L","mo":3000.0},{"ui":"3602772","t":36632.0,"r":30912.0,"q":1.0,"p":650.99,"mot":"L","mo":1000.0},{"cn":"","ui":"","t":0.0,"r":0.0,"q":0.0,"p":0.0,"mot":"L","mo":0.0}]},{"d":"12.11.2016","r":4500.0,"q":1.12,"p":845.22,"s":[{"ui":"3582864","t":37521.0,"r":28861.0,"q":1.16,"p":900.72,"mot":"L","mo":3500.0},{"ui":"3602772","t":36912.0,"r":31192.0,"q":1.0,"p":650.99,"mot":"L","mo":1000.0},{"cn":"","ui":"","t":0.0,"r":0.0,"q":0.0,"p":0.0,"mot":"L","mo":0.0}]},{"d":"13.11.2016","r":4500.0,"q":1.12,"p":845.22,"s":[{"ui":"3582864","t":78728.0,"r":70068.0,"q":1.16,"p":900.72,"mot":"L","mo":3500.0},{"ui":"3602772","t":35192.0,"r":27472.0,"q":1.0,"p":650.99,"mot":"L","mo":1000.0},{"cn":"","ui":"","t":0.0,"r":0.0,"q":0.0,"p":0.0,"mot":"L","mo":0.0}]},{"d":"14.11.2016","r":4500.0,"q":1.12,"p":845.22,"s":[{"ui":"3582864","t":119875.0,"r":111215.0,"q":1.15,"p":900.72,"mot":"L","mo":3500.0},{"ui":"3602772","t":33467.0,"r":25742.0,"q":1.0,"p":650.99,"mot":"L","mo":1000.0},{"cn":"","ui":"","t":0.0,"r":0.0,"q":0.0,"p":0.0,"mot":"L","mo":0.0}]},{"d":"15.11.2016","r":4500.0,"q":1.12,"p":845.22,"s":[{"ui":"3582864","t":160982.0,"r":152322.0,"q":1.15,"p":900.72,"mot":"L","mo":3500.0},{"ui":"3602772","t":29742.0,"r":20117.0,"q":1.0,"p":650.99,"mot":"L","mo":1000.0},{"cn":"","ui":"","t":0.0,"r":0.0,"q":0.0,"p":0.0,"mot":"L","mo":0.0}]},{"d":"16.11.2016","r":4500.0,"q":1.12,"p":845.22,"s":[{"ui":"3582864","t":202049.0,"r":193389.0,"q":1.15,"p":900.72,"mot":"L","mo":3500.0},{"ui":"3602772","t":26117.0,"r":16492.0,"q":1.0,"p":650.99,"mot":"L","mo":1000.0},{"cn":"","ui":"","t":0.0,"r":0.0,"q":0.0,"p":0.0,"mot":"L","mo":0.0}]},{"d":"17.11.2016","r":11000.0,"q":1.14,"p":196.04,"s":[{"ui":"3582864","t":221883.0,"r":153223.0,"q":1.15,"p":150.55,"mot":"L","mo":10000.0},{"ui":"3602772","t":22342.0,"r":12717.0,"q":1.0,"p":650.99,"mot":"L","mo":1000.0},{"cn":"","ui":"","t":0.0,"r":0.0,"q":0.0,"p":0.0,"mot":"L","mo":0.0}]},{"d":"18.11.2016","r":15500.0,"q":1.24,"p":211.8,"s":[{"ui":"3544225","t":41753.0,"r":99.0,"q":1.72,"p":50.0,"mot":"L","mo":3000.0},{"ui":"3582864","t":191656.0,"r":111996.0,"q":1.15,"p":150.55,"mot":"L","mo":10000.0},{"ui":"3602772","t":18717.0,"r":7592.0,"q":1.0,"p":650.99,"mot":"L","mo":2500.0},{"cn":"","ui":"","t":0.0,"r":0.0,"q":0.0,"p":0.0,"mot":"L","mo":0.0}]},{"d":"19.11.2016","r":12500.0,"q":1.12,"p":250.64,"s":[{"ui":"3582864","t":162690.0,"r":89580.0,"q":1.15,"p":150.55,"mot":"L","mo":10000.0},{"ui":"3602772","t":14592.0,"r":4467.0,"q":1.0,"p":650.99,"mot":"L","mo":2500.0},{"cn":"","ui":"","t":0.0,"r":0.0,"q":0.0,"p":0.0,"mot":"L","mo":0.0}]},{"d":"23.11.2016","r":9998.0,"q":9.4,"p":333.0,"s":[{"ui":"3177775","t":15999.0,"r":9998.0,"q":9.4,"p":333.0,"mot":"U","mo":9998.0},{"cn":"","ui":"","t":0.0,"r":0.0,"q":0.0,"p":0.0,"mot":"L","mo":0.0}]},{"d":"24.11.2016","r":14217.0,"q":9.41,"p":333.0,"s":[{"ui":"3177775","t":20343.0,"r":14217.0,"q":9.41,"p":333.0,"mot":"U","mo":14217.0},{"cn":"","ui":"","t":0.0,"r":0.0,"q":0.0,"p":0.0,"mot":"L","mo":0.0}]},{"d":"25.11.2016","r":16593.0,"q":9.42,"p":330.0,"s":[{"ui":"3177775","t":23418.0,"r":16593.0,"q":9.42,"p":330.0,"mot":"U","mo":16593.0},{"cn":"","ui":"","t":0.0,"r":0.0,"q":0.0,"p":0.0,"mot":"L","mo":0.0}]},{"d":"26.11.2016","r":18148.0,"q":9.42,"p":330.0,"s":[{"ui":"3177775","t":24983.0,"r":18148.0,"q":9.42,"p":330.0,"mot":"U","mo":18148.0},{"cn":"","ui":"","t":0.0,"r":0.0,"q":0.0,"p":0.0,"mot":"L","mo":0.0}]},{"d":"27.11.2016","r":17413.0,"q":9.43,"p":330.0,"s":[{"ui":"3177775","t":27148.0,"r":17413.0,"q":9.43,"p":330.0,"mot":"U","mo":17413.0},{"cn":"","ui":"","t":0.0,"r":0.0,"q":0.0,"p":0.0,"mot":"L","mo":0.0}]},{"d":"28.11.2016","r":13678.0,"q":9.44,"p":330.0,"s":[{"ui":"3177775","t":25413.0,"r":13678.0,"q":9.44,"p":330.0,"mot":"U","mo":13678.0},{"cn":"","ui":"","t":0.0,"r":0.0,"q":0.0,"p":0.0,"mot":"L","mo":0.0}]},{"d":"29.11.2016","r":25.0,"q":1.0,"p":1745.76,"s":[{"ui":"3607607","t":500.0,"r":500.0,"q":1.0,"p":1745.76,"mot":"L","mo":25.0},{"cn":"","ui":"","t":0.0,"r":0.0,"q":0.0,"p":0.0,"mot":"L","mo":0.0}]},{"d":"01.12.2016","r":25.0,"q":1.0,"p":1745.76,"s":[{"ui":"3607607","t":475.0,"r":475.0,"q":1.0,"p":1745.76,"mot":"L","mo":25.0},{"cn":"","ui":"","t":0.0,"r":0.0,"q":0.0,"p":0.0,"mot":"L","mo":0.0}]},{"d":"02.12.2016","r":25.0,"q":1.0,"p":1745.76,"s":[{"ui":"3607607","t":415.0,"r":380.0,"q":1.0,"p":1745.76,"mot":"L","mo":25.0},{"cn":"","ui":"","t":0.0,"r":0.0,"q":0.0,"p":0.0,"mot":"L","mo":0.0}]},{"d":"03.12.2016","r":25.0,"q":1.0,"p":1745.76,"s":[{"ui":"3607607","t":305.0,"r":220.0,"q":1.0,"p":1745.76,"mot":"L","mo":25.0},{"cn":"","ui":"","t":0.0,"r":0.0,"q":0.0,"p":0.0,"mot":"L","mo":0.0}]},{"d":"04.12.2016","r":25.0,"q":1.0,"p":1745.76,"s":[{"ui":"3607607","t":220.0,"r":135.0,"q":1.0,"p":1745.76,"mot":"L","mo":25.0},{"cn":"","ui":"","t":0.0,"r":0.0,"q":0.0,"p":0.0,"mot":"L","mo":0.0}]},{"d":"05.12.2016","r":25.0,"q":1.0,"p":1745.76,"s":[{"ui":"3607607","t":110.0,"r":35.0,"q":1.0,"p":1745.76,"mot":"L","mo":25.0},{"cn":"","ui":"","t":0.0,"r":0.0,"q":0.0,"p":0.0,"mot":"L","mo":0.0}]},{"d":"08.12.2016","r":96562.0,"q":8.73,"p":550.0,"s":[{"ui":"3599341","t":97262.0,"r":96562.0,"q":8.73,"p":550.0,"mot":"U","mo":96562.0},{"cn":"","ui":"","t":0.0,"r":0.0,"q":0.0,"p":0.0,"mot":"L","mo":0.0}]},{"d":"09.12.2016","r":94860.0,"q":8.73,"p":550.0,"s":[{"ui":"3599341","t":95561.0,"r":94860.0,"q":8.73,"p":550.0,"mot":"U","mo":94860.0},{"cn":"","ui":"","t":0.0,"r":0.0,"q":0.0,"p":0.0,"mot":"L","mo":0.0}]},{"d":"10.12.2016","r":94159.0,"q":8.73,"p":550.0,"s":[{"ui":"3599341","t":94860.0,"r":94159.0,"q":8.73,"p":550.0,"mot":"U","mo":94159.0},{"cn":"","ui":"","t":0.0,"r":0.0,"q":0.0,"p":0.0,"mot":"L","mo":0.0}]},{"d":"11.12.2016","r":93459.0,"q":8.73,"p":550.0,"s":[{"ui":"3599341","t":94160.0,"r":93459.0,"q":8.73,"p":550.0,"mot":"U","mo":93459.0},{"cn":"","ui":"","t":0.0,"r":0.0,"q":0.0,"p":0.0,"mot":"L","mo":0.0}]},{"d":"12.12.2016","r":92759.0,"q":8.73,"p":550.0,"s":[{"ui":"3599341","t":93460.0,"r":92759.0,"q":8.73,"p":550.0,"mot":"U","mo":92759.0},{"cn":"","ui":"","t":0.0,"r":0.0,"q":0.0,"p":0.0,"mot":"L","mo":0.0}]},{"d":"14.12.2016","r":24000.0,"q":8.53,"p":295.0,"s":[{"ui":"3544225","t":59961.0,"r":58861.0,"q":1.27,"p":50.0,"mot":"L","mo":3000.0},{"ui":"3177775","t":21500.0,"r":21000.0,"q":9.57,"p":330.0,"mot":"U","mo":21000.0},{"cn":"","ui":"","t":0.0,"r":0.0,"q":0.0,"p":0.0,"mot":"L","mo":0.0}]},{"d":"15.12.2016","r":34500.0,"q":8.86,"p":305.65,"s":[{"ui":"3544225","t":88164.0,"r":86564.0,"q":1.27,"p":50.0,"mot":"L","mo":3000.0},{"ui":"3177775","t":32000.0,"r":31500.0,"q":9.58,"p":330.0,"mot":"U","mo":31500.0},{"cn":"","ui":"","t":0.0,"r":0.0,"q":0.0,"p":0.0,"mot":"L","mo":0.0}]},{"d":"16.12.2016","r":45000.0,"q":9.03,"p":311.33,"s":[{"ui":"3544225","t":115825.0,"r":114225.0,"q":1.26,"p":50.0,"mot":"L","mo":3000.0},{"ui":"3177775","t":42500.0,"r":42000.0,"q":9.58,"p":330.0,"mot":"U","mo":42000.0},{"cn":"","ui":"","t":0.0,"r":0.0,"q":0.0,"p":0.0,"mot":"L","mo":0.0}]},{"d":"17.12.2016","r":55500.0,"q":9.13,"p":314.86,"s":[{"ui":"3544225","t":143021.0,"r":141421.0,"q":1.25,"p":50.0,"mot":"L","mo":3000.0},{"ui":"3177775","t":53000.0,"r":52500.0,"q":9.58,"p":330.0,"mot":"U","mo":52500.0},{"cn":"","ui":"","t":0.0,"r":0.0,"q":0.0,"p":0.0,"mot":"L","mo":0.0}]},{"d":"18.12.2016","r":66000.0,"q":9.21,"p":314.41,"s":[{"ui":"3177775","t":63500.0,"r":63000.0,"q":9.59,"p":327.0,"mot":"U","mo":63000.0},{"cn":"","ui":"","t":169651.0,"r":3000.0,"q":1.24,"p":50.0,"mot":"L","mo":3000.0}]},{"d":"19.12.2016","r":76500.0,"q":9.26,"p":316.14,"s":[{"ui":"3177775","t":74000.0,"r":73500.0,"q":9.59,"p":327.0,"mot":"U","mo":73500.0},{"cn":"","ui":"","t":195723.0,"r":3000.0,"q":1.23,"p":50.0,"mot":"L","mo":3000.0}]},{"d":"20.12.2016","r":87000.0,"q":9.31,"p":317.45,"s":[{"ui":"3177775","t":84500.0,"r":84000.0,"q":9.6,"p":327.0,"mot":"U","mo":84000.0},{"cn":"","ui":"","t":221318.0,"r":3000.0,"q":1.23,"p":50.0,"mot":"L","mo":3000.0}]},{"d":"21.12.2016","r":97500.0,"q":9.34,"p":318.48,"s":[{"ui":"3177775","t":95000.0,"r":94500.0,"q":9.6,"p":327.0,"mot":"U","mo":94500.0},{"cn":"","ui":"","t":246346.0,"r":3000.0,"q":1.22,"p":50.0,"mot":"L","mo":3000.0}]},{"d":"22.12.2016","r":108000.0,"q":9.38,"p":319.31,"s":[{"ui":"3177775","t":105500.0,"r":105000.0,"q":9.61,"p":327.0,"mot":"U","mo":105000.0},{"cn":"","ui":"","t":270879.0,"r":3000.0,"q":1.21,"p":50.0,"mot":"L","mo":3000.0}]},{"d":"23.12.2016","r":118500.0,"q":9.4,"p":319.99,"s":[{"ui":"3177775","t":116000.0,"r":115500.0,"q":9.61,"p":327.0,"mot":"U","mo":115500.0},{"cn":"","ui":"","t":295014.0,"r":3000.0,"q":1.21,"p":50.0,"mot":"L","mo":3000.0}]},{"d":"24.12.2016","r":129000.0,"q":9.41,"p":320.56,"s":[{"ui":"3177775","t":126500.0,"r":126000.0,"q":9.61,"p":327.0,"mot":"U","mo":126000.0},{"cn":"","ui":"","t":318575.0,"r":3000.0,"q":1.2,"p":50.0,"mot":"L","mo":3000.0}]},{"d":"25.12.2016","r":139500.0,"q":9.44,"p":321.04,"s":[{"ui":"3177775","t":137000.0,"r":136500.0,"q":9.62,"p":327.0,"mot":"U","mo":136500.0},{"cn":"","ui":"","t":342147.0,"r":3000.0,"q":1.2,"p":50.0,"mot":"L","mo":3000.0}]},{"d":"26.12.2016","r":150000.0,"q":9.45,"p":321.46,"s":[{"ui":"3177775","t":147500.0,"r":147000.0,"q":9.62,"p":327.0,"mot":"U","mo":147000.0},{"cn":"","ui":"","t":365219.0,"r":3000.0,"q":1.19,"p":50.0,"mot":"L","mo":3000.0}]},{"d":"27.12.2016","r":160500.0,"q":9.47,"p":321.82,"s":[{"ui":"3177775","t":158000.0,"r":157500.0,"q":9.63,"p":327.0,"mot":"U","mo":157500.0},{"cn":"","ui":"","t":387801.0,"r":3000.0,"q":1.19,"p":50.0,"mot":"L","mo":3000.0}]},{"d":"28.12.2016","r":171000.0,"q":9.48,"p":322.14,"s":[{"ui":"3177775","t":168500.0,"r":168000.0,"q":9.63,"p":327.0,"mot":"U","mo":168000.0},{"cn":"","ui":"","t":409893.0,"r":3000.0,"q":1.19,"p":50.0,"mot":"L","mo":3000.0}]},{"d":"29.12.2016","r":181500.0,"q":9.49,"p":322.42,"s":[{"ui":"3177775","t":179000.0,"r":178500.0,"q":9.63,"p":327.0,"mot":"U","mo":178500.0},{"cn":"","ui":"","t":431406.0,"r":3000.0,"q":1.19,"p":50.0,"mot":"L","mo":3000.0}]},{"d":"30.12.2016","r":192000.0,"q":9.51,"p":322.67,"s":[{"ui":"3177775","t":189500.0,"r":189000.0,"q":9.64,"p":327.0,"mot":"U","mo":189000.0},{"cn":"","ui":"","t":452508.0,"r":3000.0,"q":1.19,"p":50.0,"mot":"L","mo":3000.0}]},{"d":"31.12.2016","r":202500.0,"q":9.51,"p":322.9,"s":[{"ui":"3177775","t":200000.0,"r":199500.0,"q":9.64,"p":327.0,"mot":"U","mo":199500.0},{"cn":"","ui":"","t":473122.0,"r":3000.0,"q":1.18,"p":50.0,"mot":"L","mo":3000.0}]},{"d":"01.01.2017","r":213000.0,"q":9.53,"p":323.1,"s":[{"ui":"3177775","t":210500.0,"r":210000.0,"q":9.65,"p":327.0,"mot":"U","mo":210000.0},{"cn":"","ui":"","t":493160.0,"r":3000.0,"q":1.18,"p":50.0,"mot":"L","mo":3000.0}]},{"d":"02.01.2017","r":223500.0,"q":9.54,"p":323.28,"s":[{"ui":"3177775","t":221000.0,"r":220500.0,"q":9.65,"p":327.0,"mot":"U","mo":220500.0},{"cn":"","ui":"","t":512802.0,"r":3000.0,"q":1.18,"p":50.0,"mot":"L","mo":3000.0}]},{"d":"03.01.2017","r":234000.0,"q":9.55,"p":323.45,"s":[{"ui":"3177775","t":231500.0,"r":231000.0,"q":9.66,"p":327.0,"mot":"U","mo":231000.0},{"cn":"","ui":"","t":531951.0,"r":3000.0,"q":1.18,"p":50.0,"mot":"L","mo":3000.0}]},{"d":"04.01.2017","r":244500.0,"q":9.56,"p":323.6,"s":[{"ui":"3177775","t":242000.0,"r":241500.0,"q":9.66,"p":327.0,"mot":"U","mo":241500.0},{"cn":"","ui":"","t":550708.0,"r":3000.0,"q":1.18,"p":50.0,"mot":"L","mo":3000.0}]},{"d":"05.01.2017","r":255000.0,"q":9.57,"p":323.74,"s":[{"ui":"3177775","t":252500.0,"r":252000.0,"q":9.67,"p":327.0,"mot":"U","mo":252000.0},{"cn":"","ui":"","t":568899.0,"r":3000.0,"q":1.18,"p":50.0,"mot":"L","mo":3000.0}]},{"d":"06.01.2017","r":265500.0,"q":9.57,"p":320.9,"s":[{"ui":"3177775","t":263000.0,"r":262500.0,"q":9.67,"p":324.0,"mot":"U","mo":262500.0},{"cn":"","ui":"","t":586703.0,"r":3000.0,"q":1.18,"p":50.0,"mot":"L","mo":3000.0}]},{"d":"07.01.2017","r":276000.0,"q":9.59,"p":321.02,"s":[{"ui":"3177775","t":273500.0,"r":273000.0,"q":9.68,"p":324.0,"mot":"U","mo":273000.0},{"cn":"","ui":"","t":603026.0,"r":3000.0,"q":1.18,"p":50.0,"mot":"L","mo":3000.0}]},{"d":"08.01.2017","r":286500.0,"q":9.59,"p":321.13,"s":[{"ui":"3177775","t":284000.0,"r":283500.0,"q":9.68,"p":324.0,"mot":"U","mo":283500.0},{"cn":"","ui":"","t":619387.0,"r":3000.0,"q":1.18,"p":50.0,"mot":"L","mo":3000.0}]},{"d":"09.01.2017","r":297000.0,"q":9.6,"p":321.23,"s":[{"ui":"3177775","t":294500.0,"r":294000.0,"q":9.69,"p":324.0,"mot":"U","mo":294000.0},{"cn":"","ui":"","t":633951.0,"r":3000.0,"q":1.17,"p":50.0,"mot":"L","mo":3000.0}]},{"d":"10.01.2017","r":307500.0,"q":9.61,"p":321.33,"s":[{"ui":"3177775","t":305000.0,"r":304500.0,"q":9.69,"p":324.0,"mot":"U","mo":304500.0},{"cn":"","ui":"","t":649559.0,"r":3000.0,"q":1.17,"p":50.0,"mot":"L","mo":3000.0}]},{"d":"11.01.2017","r":318000.0,"q":9.62,"p":321.42,"s":[{"ui":"3177775","t":315500.0,"r":315000.0,"q":9.7,"p":324.0,"mot":"U","mo":315000.0},{"cn":"","ui":"","t":662263.0,"r":3000.0,"q":1.17,"p":50.0,"mot":"L","mo":3000.0}]},{"d":"12.01.2017","r":328500.0,"q":9.62,"p":321.5,"s":[{"ui":"3177775","t":326000.0,"r":325500.0,"q":9.7,"p":324.0,"mot":"U","mo":325500.0},{"cn":"","ui":"","t":676915.0,"r":3000.0,"q":1.17,"p":50.0,"mot":"L","mo":3000.0}]},{"d":"13.01.2017","r":339000.0,"q":9.63,"p":321.58,"s":[{"ui":"3177775","t":336500.0,"r":336000.0,"q":9.71,"p":324.0,"mot":"U","mo":336000.0},{"cn":"","ui":"","t":691286.0,"r":3000.0,"q":1.17,"p":50.0,"mot":"L","mo":3000.0}]},{"d":"14.01.2017","r":349500.0,"q":9.64,"p":321.65,"s":[{"ui":"3177775","t":347000.0,"r":346500.0,"q":9.71,"p":324.0,"mot":"U","mo":346500.0},{"cn":"","ui":"","t":702836.0,"r":3000.0,"q":1.17,"p":50.0,"mot":"L","mo":3000.0}]},{"d":"15.01.2017","r":360000.0,"q":9.65,"p":321.72,"s":[{"ui":"3177775","t":357500.0,"r":357000.0,"q":9.72,"p":324.0,"mot":"U","mo":357000.0},{"cn":"","ui":"","t":716450.0,"r":3000.0,"q":1.17,"p":50.0,"mot":"L","mo":3000.0}]},{"d":"16.01.2017","r":370500.0,"q":9.65,"p":321.78,"s":[{"ui":"3177775","t":368000.0,"r":367500.0,"q":9.72,"p":324.0,"mot":"U","mo":367500.0},{"cn":"","ui":"","t":727683.0,"r":3000.0,"q":1.17,"p":50.0,"mot":"L","mo":3000.0}]},{"d":"17.01.2017","r":381000.0,"q":9.66,"p":321.84,"s":[{"ui":"3177775","t":378500.0,"r":378000.0,"q":9.73,"p":324.0,"mot":"U","mo":378000.0},{"cn":"","ui":"","t":738568.0,"r":3000.0,"q":1.17,"p":50.0,"mot":"L","mo":3000.0}]},{"d":"18.01.2017","r":391500.0,"q":9.66,"p":321.9,"s":[{"ui":"3177775","t":389000.0,"r":388500.0,"q":9.73,"p":324.0,"mot":"U","mo":388500.0},{"cn":"","ui":"","t":749032.0,"r":3000.0,"q":1.17,"p":50.0,"mot":"L","mo":3000.0}]},{"d":"19.01.2017","r":402000.0,"q":9.68,"p":321.96,"s":[{"ui":"3177775","t":399500.0,"r":399000.0,"q":9.74,"p":324.0,"mot":"U","mo":399000.0},{"cn":"","ui":"","t":761580.0,"r":3000.0,"q":1.17,"p":50.0,"mot":"L","mo":3000.0}]},{"d":"20.01.2017","r":412500.0,"q":9.68,"p":322.01,"s":[{"ui":"3177775","t":410000.0,"r":409500.0,"q":9.74,"p":324.0,"mot":"U","mo":409500.0},{"cn":"","ui":"","t":773471.0,"r":3000.0,"q":1.17,"p":50.0,"mot":"L","mo":3000.0}]},{"d":"21.01.2017","r":423000.0,"q":9.69,"p":322.06,"s":[{"ui":"3177775","t":420500.0,"r":420000.0,"q":9.75,"p":324.0,"mot":"U","mo":420000.0},{"cn":"","ui":"","t":782633.0,"r":3000.0,"q":1.17,"p":50.0,"mot":"L","mo":3000.0}]},{"d":"22.01.2017","r":433500.0,"q":9.69,"p":322.1,"s":[{"ui":"3177775","t":431000.0,"r":430500.0,"q":9.75,"p":324.0,"mot":"U","mo":430500.0},{"cn":"","ui":"","t":791472.0,"r":3000.0,"q":1.17,"p":50.0,"mot":"L","mo":3000.0}]},{"d":"23.01.2017","r":444000.0,"q":9.7,"p":322.15,"s":[{"ui":"3177775","t":441500.0,"r":441000.0,"q":9.76,"p":324.0,"mot":"U","mo":441000.0},{"cn":"","ui":"","t":802439.0,"r":3000.0,"q":1.17,"p":50.0,"mot":"L","mo":3000.0}]},{"d":"24.01.2017","r":454440.0,"q":9.7,"p":322.19,"s":[{"ui":"3177775","t":451970.0,"r":451440.0,"q":9.76,"p":324.0,"mot":"U","mo":451440.0},{"cn":"","ui":"","t":813164.0,"r":3000.0,"q":1.17,"p":50.0,"mot":"L","mo":3000.0}]},{"d":"25.01.2017","r":464970.0,"q":9.7,"p":322.23,"s":[{"ui":"3177775","t":462470.0,"r":461970.0,"q":9.76,"p":324.0,"mot":"U","mo":461970.0},{"cn":"","ui":"","t":822181.0,"r":3000.0,"q":1.17,"p":50.0,"mot":"L","mo":3000.0}]},{"d":"26.01.2017","r":475470.0,"q":9.72,"p":322.27,"s":[{"ui":"3177775","t":472970.0,"r":472470.0,"q":9.77,"p":324.0,"mot":"U","mo":472470.0},{"cn":"","ui":"","t":830893.0,"r":3000.0,"q":1.17,"p":50.0,"mot":"L","mo":3000.0}]},{"d":"27.01.2017","r":485970.0,"q":9.72,"p":322.31,"s":[{"ui":"3177775","t":483470.0,"r":482970.0,"q":9.77,"p":324.0,"mot":"U","mo":482970.0},{"cn":"","ui":"","t":838094.0,"r":3000.0,"q":1.17,"p":50.0,"mot":"L","mo":3000.0}]},{"d":"28.01.2017","r":496470.0,"q":9.73,"p":319.36,"s":[{"ui":"3177775","t":493970.0,"r":493470.0,"q":9.78,"p":321.0,"mot":"U","mo":493470.0},{"cn":"","ui":"","t":845748.0,"r":3000.0,"q":1.17,"p":50.0,"mot":"L","mo":3000.0}]},{"d":"29.01.2017","r":506910.0,"q":9.73,"p":319.4,"s":[{"ui":"3177775","t":504440.0,"r":503910.0,"q":9.78,"p":321.0,"mot":"U","mo":503910.0},{"cn":"","ui":"","t":853131.0,"r":3000.0,"q":1.17,"p":50.0,"mot":"L","mo":3000.0}]},{"d":"30.01.2017","r":517440.0,"q":9.74,"p":319.43,"s":[{"ui":"3177775","t":514940.0,"r":514440.0,"q":9.79,"p":321.0,"mot":"U","mo":514440.0},{"cn":"","ui":"","t":860529.0,"r":3000.0,"q":1.17,"p":50.0,"mot":"L","mo":3000.0}]},{"d":"31.01.2017","r":527940.0,"q":9.75,"p":319.46,"s":[{"ui":"3177775","t":525440.0,"r":524940.0,"q":9.8,"p":321.0,"mot":"U","mo":524940.0},{"cn":"","ui":"","t":867706.0,"r":3000.0,"q":1.17,"p":50.0,"mot":"L","mo":3000.0}]},{"d":"01.02.2017","r":538440.0,"q":9.75,"p":319.49,"s":[{"ui":"3177775","t":535940.0,"r":535440.0,"q":9.8,"p":321.0,"mot":"U","mo":535440.0},{"cn":"","ui":"","t":874570.0,"r":3000.0,"q":1.17,"p":50.0,"mot":"L","mo":3000.0}]},{"d":"02.02.2017","r":548940.0,"q":9.76,"p":319.52,"s":[{"ui":"3177775","t":546440.0,"r":545940.0,"q":9.81,"p":321.0,"mot":"U","mo":545940.0},{"cn":"","ui":"","t":881253.0,"r":3000.0,"q":1.17,"p":50.0,"mot":"L","mo":3000.0}]},{"d":"03.02.2017","r":559440.0,"q":9.77,"p":319.55,"s":[{"ui":"3177775","t":556940.0,"r":556440.0,"q":9.82,"p":321.0,"mot":"U","mo":556440.0},{"cn":"","ui":"","t":887669.0,"r":3000.0,"q":1.17,"p":50.0,"mot":"L","mo":3000.0}]},{"d":"04.02.2017","r":569940.0,"q":9.78,"p":319.57,"s":[{"ui":"3177775","t":567440.0,"r":566940.0,"q":9.83,"p":321.0,"mot":"U","mo":566940.0},{"cn":"","ui":"","t":893879.0,"r":3000.0,"q":1.17,"p":50.0,"mot":"L","mo":3000.0}]},{"d":"05.02.2017","r":580440.0,"q":9.8,"p":319.6,"s":[{"ui":"3177775","t":577940.0,"r":577440.0,"q":9.84,"p":321.0,"mot":"U","mo":577440.0},{"cn":"","ui":"","t":899891.0,"r":3000.0,"q":1.17,"p":50.0,"mot":"L","mo":3000.0}]},{"d":"06.02.2017","r":590940.0,"q":9.81,"p":319.62,"s":[{"ui":"3177775","t":588440.0,"r":587940.0,"q":9.85,"p":321.0,"mot":"U","mo":587940.0},{"cn":"","ui":"","t":905649.0,"r":3000.0,"q":1.17,"p":50.0,"mot":"L","mo":3000.0}]},{"d":"07.02.2017","r":601440.0,"q":9.82,"p":319.65,"s":[{"ui":"3177775","t":598940.0,"r":598440.0,"q":9.86,"p":321.0,"mot":"U","mo":598440.0},{"cn":"","ui":"","t":911169.0,"r":3000.0,"q":1.17,"p":50.0,"mot":"L","mo":3000.0}]},{"d":"08.02.2017","r":611940.0,"q":9.83,"p":319.67,"s":[{"ui":"3177775","t":609440.0,"r":608940.0,"q":9.87,"p":321.0,"mot":"U","mo":608940.0},{"cn":"","ui":"","t":916498.0,"r":3000.0,"q":1.17,"p":50.0,"mot":"L","mo":3000.0}]},{"d":"09.02.2017","r":622440.0,"q":9.84,"p":319.69,"s":[{"ui":"3177775","t":619940.0,"r":619440.0,"q":9.88,"p":321.0,"mot":"U","mo":619440.0},{"cn":"","ui":"","t":921698.0,"r":3000.0,"q":1.17,"p":50.0,"mot":"L","mo":3000.0}]},{"d":"10.02.2017","r":632940.0,"q":9.85,"p":319.72,"s":[{"ui":"3177775","t":630440.0,"r":629940.0,"q":9.89,"p":321.0,"mot":"U","mo":629940.0},{"cn":"","ui":"","t":926562.0,"r":3000.0,"q":1.17,"p":50.0,"mot":"L","mo":3000.0}]},{"d":"11.02.2017","r":643440.0,"q":9.86,"p":319.74,"s":[{"ui":"3177775","t":640940.0,"r":640440.0,"q":9.9,"p":321.0,"mot":"U","mo":640440.0},{"cn":"","ui":"","t":931339.0,"r":3000.0,"q":1.17,"p":50.0,"mot":"L","mo":3000.0}]},{"d":"12.02.2017","r":653940.0,"q":9.87,"p":316.77,"s":[{"ui":"3177775","t":651440.0,"r":650940.0,"q":9.91,"p":318.0,"mot":"U","mo":650940.0},{"cn":"","ui":"","t":935847.0,"r":3000.0,"q":1.16,"p":50.0,"mot":"L","mo":3000.0}]},{"d":"13.02.2017","r":663474.0,"q":9.88,"p":316.79,"s":[{"ui":"3177775","t":661457.0,"r":660474.0,"q":9.92,"p":318.0,"mot":"U","mo":660474.0},{"cn":"","ui":"","t":940183.0,"r":3000.0,"q":1.16,"p":50.0,"mot":"L","mo":3000.0}]},{"d":"14.02.2017","r":673551.0,"q":9.89,"p":316.81,"s":[{"ui":"3177775","t":671504.0,"r":670551.0,"q":9.93,"p":318.0,"mot":"U","mo":670551.0},{"cn":"","ui":"","t":944241.0,"r":3000.0,"q":1.16,"p":50.0,"mot":"L","mo":3000.0}]},{"d":"15.02.2017","r":683974.0,"q":9.9,"p":316.67,"s":[{"ui":"3177775","t":681539.0,"r":680574.0,"q":9.94,"p":318.0,"mot":"U","mo":680574.0},{"cn":"","ui":"","t":948213.0,"r":3400.0,"q":1.16,"p":51.32,"mot":"L","mo":3400.0}]},{"d":"16.02.2017","r":694169.0,"q":9.9,"p":316.62,"s":[{"ui":"3177775","t":691554.0,"r":690569.0,"q":9.95,"p":318.0,"mot":"U","mo":690569.0},{"cn":"","ui":"","t":948823.0,"r":3600.0,"q":1.16,"p":51.87,"mot":"L","mo":3600.0}]},{"d":"17.02.2017","r":703584.0,"q":9.92,"p":316.86,"s":[{"ui":"3177775","t":701569.0,"r":700584.0,"q":9.96,"p":318.0,"mot":"U","mo":700584.0},{"cn":"","ui":"","t":948320.0,"r":3000.0,"q":1.16,"p":50.0,"mot":"L","mo":3000.0}]},{"d":"18.02.2017","r":713639.0,"q":9.93,"p":316.87,"s":[{"ui":"3177775","t":711604.0,"r":710639.0,"q":9.97,"p":318.0,"mot":"U","mo":710639.0},{"cn":"","ui":"","t":948480.0,"r":3000.0,"q":1.16,"p":50.0,"mot":"L","mo":3000.0}]},{"d":"19.02.2017","r":723679.0,"q":9.94,"p":316.89,"s":[{"ui":"3177775","t":721644.0,"r":720679.0,"q":9.98,"p":318.0,"mot":"U","mo":720679.0},{"cn":"","ui":"","t":948486.0,"r":3000.0,"q":1.16,"p":50.0,"mot":"L","mo":3000.0}]},{"d":"20.02.2017","r":734519.0,"q":9.94,"p":316.63,"s":[{"ui":"3177775","t":731684.0,"r":730719.0,"q":9.99,"p":318.0,"mot":"U","mo":730719.0},{"cn":"","ui":"","t":949183.0,"r":3800.0,"q":1.16,"p":52.36,"mot":"L","mo":3800.0}]},{"d":"21.02.2017","r":743759.0,"q":9.96,"p":316.92,"s":[{"ui":"3177775","t":741724.0,"r":740759.0,"q":10.0,"p":318.0,"mot":"U","mo":740759.0},{"cn":"","ui":"","t":948072.0,"r":3000.0,"q":1.16,"p":50.0,"mot":"L","mo":3000.0}]},{"d":"22.02.2017","r":753799.0,"q":9.97,"p":316.93,"s":[{"ui":"3177775","t":751764.0,"r":750799.0,"q":10.01,"p":318.0,"mot":"U","mo":750799.0},{"cn":"","ui":"","t":947659.0,"r":3000.0,"q":1.16,"p":50.0,"mot":"L","mo":3000.0}]},{"d":"23.02.2017","r":763824.0,"q":9.99,"p":316.95,"s":[{"ui":"3177775","t":761794.0,"r":760824.0,"q":10.02,"p":318.0,"mot":"U","mo":760824.0},{"cn":"","ui":"","t":947103.0,"r":3000.0,"q":1.16,"p":50.0,"mot":"L","mo":3000.0}]},{"d":"24.02.2017","r":773654.0,"q":10.01,"p":316.96,"s":[{"ui":"3177775","t":771624.0,"r":770654.0,"q":10.04,"p":318.0,"mot":"U","mo":770654.0},{"cn":"","ui":"","t":946404.0,"r":3000.0,"q":1.16,"p":50.0,"mot":"L","mo":3000.0}]},{"d":"25.02.2017","r":783684.0,"q":10.02,"p":316.97,"s":[{"ui":"3177775","t":781654.0,"r":780684.0,"q":10.05,"p":318.0,"mot":"U","mo":780684.0},{"cn":"","ui":"","t":945608.0,"r":3000.0,"q":1.16,"p":50.0,"mot":"L","mo":3000.0}]},{"d":"26.02.2017","r":792464.0,"q":10.03,"p":316.99,"s":[{"ui":"3177775","t":791034.0,"r":789464.0,"q":10.06,"p":318.0,"mot":"U","mo":789464.0},{"cn":"","ui":"","t":943677.0,"r":3000.0,"q":1.16,"p":50.0,"mot":"L","mo":3000.0}]},{"d":"27.02.2017","r":801824.0,"q":10.04,"p":316.99,"s":[{"ui":"3177775","t":800394.0,"r":798804.0,"q":10.07,"p":318.0,"mot":"U","mo":798804.0},{"cn":"","ui":"","t":941533.0,"r":3020.0,"q":1.16,"p":50.23,"mot":"L","mo":3020.0}]},{"d":"28.02.2017","r":811174.0,"q":10.05,"p":317.01,"s":[{"ui":"3177775","t":809784.0,"r":808174.0,"q":10.08,"p":318.0,"mot":"U","mo":808174.0},{"cn":"","ui":"","t":939207.0,"r":3000.0,"q":1.16,"p":50.0,"mot":"L","mo":3000.0}]},{"d":"01.03.2017","r":820509.0,"q":10.06,"p":317.02,"s":[{"ui":"3177775","t":819144.0,"r":817509.0,"q":10.09,"p":318.0,"mot":"U","mo":817509.0},{"cn":"","ui":"","t":936770.0,"r":3000.0,"q":1.16,"p":50.0,"mot":"L","mo":3000.0}]},{"d":"02.03.2017","r":829874.0,"q":10.07,"p":317.03,"s":[{"ui":"3177775","t":828509.0,"r":826874.0,"q":10.1,"p":318.0,"mot":"U","mo":826874.0},{"cn":"","ui":"","t":934207.0,"r":3000.0,"q":1.16,"p":50.0,"mot":"L","mo":3000.0}]},{"d":"03.03.2017","r":839189.0,"q":10.08,"p":317.04,"s":[{"cn":"Ackermann Industries International","ui":"3177775","t":837824.0,"r":836189.0,"q":10.11,"p":318.0,"mot":"U","mo":836189.0},{"cn":"","ui":"","t":931485.0,"r":3000.0,"q":1.16,"p":50.0,"mot":"L","mo":3000.0}]},{"d":"04.03.2017","r":848389.0,"q":10.09,"p":314.06,"s":[{"cn":"Ackermann Industries International","ui":"3177775","t":847074.0,"r":845389.0,"q":10.12,"p":315.0,"mot":"U","mo":845389.0},{"cn":"","ui":"","t":926448.0,"r":3000.0,"q":1.16,"p":50.0,"mot":"L","mo":3000.0}]},{"d":"05.03.2017","r":857704.0,"q":10.1,"p":314.07,"s":[{"cn":"Ackermann Industries International","ui":"3177775","t":856389.0,"r":854704.0,"q":10.13,"p":315.0,"mot":"U","mo":854704.0},{"cn":"","ui":"","t":923491.0,"r":3000.0,"q":1.16,"p":50.0,"mot":"L","mo":3000.0}]},{"d":"06.03.2017","r":864969.0,"q":10.11,"p":314.08,"s":[{"cn":"Ackermann Industries International","ui":"3177775","t":864654.0,"r":861969.0,"q":10.14,"p":315.0,"mot":"U","mo":861969.0},{"cn":"","ui":"","t":920452.0,"r":3000.0,"q":1.16,"p":50.0,"mot":"L","mo":3000.0}]},{"d":"07.03.2017","r":873284.0,"q":10.12,"p":314.09,"s":[{"cn":"Ackermann Industries International","ui":"3177775","t":872969.0,"r":870284.0,"q":10.15,"p":315.0,"mot":"U","mo":870284.0},{"cn":"","ui":"","t":916696.0,"r":3000.0,"q":1.16,"p":50.0,"mot":"L","mo":3000.0}]},{"d":"08.03.2017","r":863599.0,"q":10.13,"p":314.08,"s":[{"cn":"Ackermann Industries International","ui":"3177775","t":872284.0,"r":860599.0,"q":10.16,"p":315.0,"mot":"U","mo":860599.0},{"cn":"","ui":"","t":910603.0,"r":3000.0,"q":1.16,"p":50.0,"mot":"L","mo":3000.0}]},{"d":"10.03.2017","r":863064.0,"q":10.14,"p":314.08,"s":[{"cn":"Ackermann Industries International","ui":"3177775","t":871674.0,"r":860064.0,"q":10.17,"p":315.0,"mot":"U","mo":860064.0},{"cn":"","ui":"","t":907492.0,"r":3000.0,"q":1.16,"p":50.0,"mot":"L","mo":3000.0}]},{"d":"11.03.2017","r":860808.0,"q":10.16,"p":314.08,"s":[{"cn":"Ackermann Industries International","ui":"3177775","t":869421.0,"r":857808.0,"q":10.19,"p":315.0,"mot":"U","mo":857808.0},{"cn":"","ui":"","t":898903.0,"r":3000.0,"q":1.16,"p":50.0,"mot":"L","mo":3000.0}]},{"d":"12.03.2017","r":859785.0,"q":10.18,"p":314.08,"s":[{"cn":"Ackermann Industries International","ui":"3177775","t":868603.0,"r":856785.0,"q":10.21,"p":315.0,"mot":"U","mo":856785.0},{"cn":"","ui":"","t":892522.0,"r":3000.0,"q":1.16,"p":50.0,"mot":"L","mo":3000.0}]},{"d":"13.03.2017","r":858967.0,"q":10.19,"p":314.07,"s":[{"cn":"Ackermann Industries International","ui":"3177775","t":867785.0,"r":855967.0,"q":10.22,"p":315.0,"mot":"U","mo":855967.0},{"cn":"","ui":"","t":889099.0,"r":3000.0,"q":1.16,"p":50.0,"mot":"L","mo":3000.0}]},{"d":"14.03.2017","r":858149.0,"q":10.2,"p":314.07,"s":[{"cn":"Ackermann Industries International","ui":"3177775","t":866967.0,"r":855149.0,"q":10.23,"p":315.0,"mot":"U","mo":855149.0},{"cn":"","ui":"","t":885223.0,"r":3000.0,"q":1.16,"p":50.0,"mot":"L","mo":3000.0}]}]