[{"pi":"422550","pc":"Автомобильные товары","ss":10000,"td":"Центр города","dc":1,"n":450.65,"vc":"более 30 000","sl":"Очень высокий","sv":"более 30 000","p":850.0,"q":47.85,"b":4.28,"wi":58.82,"ei":17.89,"as":287.52,"mi":"E","mv":114095,"sc":1,"lpe":72.29,"lpr":594.68,"lq":3.87},{"pi":"422550","pc":"Автомобильные товары","ss":10000,"td":"Центр города","dc":1,"n":450.65,"vc":"более 30 000","sl":"Очень высокий","sv":"более 30 000","p":850.0,"q":47.85,"b":4.28,"wi":58.82,"ei":17.89,"as":287.52,"mi":"E","mv":114095,"sc":1,"lpe":72.29,"lpr":594.68,"lq":3.87},{"pi":"422550","pc":"Автомобильные товары","ss":10000,"td":"Центр города","dc":1,"n":450.65,"vc":"более 30 000","sl":"Очень высокий","sv":"более 30 000","p":850.0,"q":47.85,"b":4.28,"wi":58.82,"ei":17.89,"as":287.52,"mi":"E","mv":114095,"sc":1,"lpe":72.29,"lpr":594.68,"lq":3.87},{"pi":"422550","pc":"Автомобильные товары","ss":10000,"td":"Центр города","dc":1,"n":450.65,"vc":"более 30 000","sl":"Очень высокий","sv":"более 30 000","p":850.0,"q":47.85,"b":4.28,"wi":58.82,"ei":17.89,"as":287.52,"mi":"E","mv":114095,"sc":1,"lpe":72.29,"lpr":594.68,"lq":3.87},{"pi":"422550","pc":"Автомобильные товары","ss":10000,"td":"Центр города","dc":1,"n":450.65,"vc":"более 30 000","sl":"Очень высокий","sv":"более 30 000","p":850.0,"q":47.85,"b":4.28,"wi":58.82,"ei":17.89,"as":287.52,"mi":"E","mv":114095,"sc":1,"lpe":72.29,"lpr":594.68,"lq":3.87},{"pi":"422550","pc":"Автомобильные товары","ss":10000,"td":"Центр города","dc":1,"n":450.65,"vc":"более 30 000","sl":"Очень высокий","sv":"более 30 000","p":850.0,"q":47.85,"b":4.28,"wi":58.82,"ei":17.89,"as":287.52,"mi":"E","mv":114095,"sc":1,"lpe":72.29,"lpr":594.68,"lq":3.87},{"pi":"422550","pc":"Автомобильные товары","ss":10000,"td":"Центр города","dc":1,"n":450.65,"vc":"более 30 000","sl":"Очень высокий","sv":"более 30 000","p":850.0,"q":47.85,"b":4.28,"wi":58.82,"ei":17.89,"as":287.52,"mi":"E","mv":114095,"sc":1,"lpe":72.29,"lpr":594.68,"lq":3.87},{"pi":"422550","pc":"Автомобильные товары","ss":10000,"td":"Центр города","dc":1,"n":450.65,"vc":"более 30 000","sl":"Очень высокий","sv":"более 30 000","p":850.0,"q":47.85,"b":4.28,"wi":58.82,"ei":17.89,"as":287.52,"mi":"E","mv":114095,"sc":1,"lpe":72.29,"lpr":594.68,"lq":3.87},{"pi":"422550","pc":"Автомобильные товары","ss":10000,"td":"Центр города","dc":1,"n":450.65,"vc":"более 30 000","sl":"Очень высокий","sv":"более 30 000","p":850.0,"q":47.85,"b":4.28,"wi":58.82,"ei":17.89,"as":287.52,"mi":"E","mv":114095,"sc":1,"lpe":72.29,"lpr":594.68,"lq":3.87},{"pi":"422550","pc":"Автомобильные товары","ss":10000,"td":"Центр города","dc":1,"n":450.65,"vc":"более 30 000","sl":"Очень высокий","sv":"более 30 000","p":850.0,"q":47.85,"b":4.28,"wi":58.82,"ei":17.89,"as":287.52,"mi":"E","mv":114095,"sc":1,"lpe":72.29,"lpr":594.68,"lq":3.87},{"pi":"422550","pc":"Автомобильные товары","ss":10000,"td":"Центр города","dc":1,"n":450.65,"vc":"более 30 000","sl":"Очень высокий","sv":"более 30 000","p":850.0,"q":47.85,"b":4.28,"wi":58.82,"ei":17.89,"as":287.52,"mi":"E","mv":114095,"sc":1,"lpe":72.29,"lpr":594.68,"lq":3.87},{"pi":"422550","pc":"Автомобильные товары","ss":10000,"td":"Центр города","dc":1,"n":450.65,"vc":"более 30 000","sl":"Очень высокий","sv":"более 30 000","p":850.0,"q":47.85,"b":4.28,"wi":58.82,"ei":17.89,"as":287.52,"mi":"E","mv":114095,"sc":1,"lpe":72.29,"lpr":594.68,"lq":3.87},{"pi":"422550","pc":"Автомобильные товары","ss":10000,"td":"Центр города","dc":1,"n":450.65,"vc":"более 30 000","sl":"Очень высокий","sv":"более 30 000","p":850.0,"q":47.85,"b":4.28,"wi":58.82,"ei":17.89,"as":287.52,"mi":"E","mv":114095,"sc":1,"lpe":72.29,"lpr":594.68,"lq":3.87},{"pi":"422550","pc":"Автомобильные товары","ss":10000,"td":"Центр города","dc":1,"n":450.65,"vc":"более 30 000","sl":"Очень высокий","sv":"более 30 000","p":850.0,"q":47.85,"b":4.28,"wi":58.82,"ei":17.89,"as":287.52,"mi":"E","mv":114095,"sc":1,"lpe":72.29,"lpr":594.68,"lq":3.87},{"pi":"422550","pc":"Автомобильные товары","ss":10000,"td":"Центр города","dc":1,"n":291.55,"vc":"около 10 000","sl":"Элитный","sv":"около 500","p":1280.0,"q":9.92,"b":0.0,"wi":90.02,"ei":9.12,"as":448.99,"mi":"E","mv":26492,"sc":1,"lpe":98.23,"lpr":9862.49,"lq":1.0},{"pi":"422550","pc":"Автомобильные товары","ss":10000,"td":"Центр города","dc":1,"n":291.55,"vc":"около 10 000","sl":"Элитный","sv":"около 500","p":1280.0,"q":9.92,"b":0.0,"wi":90.02,"ei":9.12,"as":448.99,"mi":"E","mv":26492,"sc":1,"lpe":98.23,"lpr":9862.49,"lq":1.0},{"pi":"422550","pc":"Автомобильные товары","ss":10000,"td":"Центр города","dc":1,"n":291.55,"vc":"около 10 000","sl":"Элитный","sv":"около 500","p":1280.0,"q":9.92,"b":0.0,"wi":90.02,"ei":9.12,"as":448.99,"mi":"E","mv":26492,"sc":1,"lpe":98.23,"lpr":9862.49,"lq":1.0},{"pi":"422550","pc":"Автомобильные товары","ss":10000,"td":"Центр города","dc":1,"n":291.55,"vc":"около 10 000","sl":"Элитный","sv":"около 500","p":1280.0,"q":9.92,"b":0.0,"wi":90.02,"ei":9.12,"as":448.99,"mi":"E","mv":26492,"sc":1,"lpe":98.23,"lpr":9862.49,"lq":1.0},{"pi":"422550","pc":"Автомобильные товары","ss":10000,"td":"Центр города","dc":1,"n":291.55,"vc":"около 10 000","sl":"Элитный","sv":"около 500","p":1280.0,"q":9.92,"b":0.0,"wi":90.02,"ei":9.12,"as":448.99,"mi":"E","mv":26492,"sc":1,"lpe":98.23,"lpr":9862.49,"lq":1.0},{"pi":"422550","pc":"Автомобильные товары","ss":10000,"td":"Центр города","dc":1,"n":291.55,"vc":"около 10 000","sl":"Элитный","sv":"около 500","p":1280.0,"q":9.92,"b":0.0,"wi":90.02,"ei":9.12,"as":448.99,"mi":"E","mv":26492,"sc":1,"lpe":98.23,"lpr":9862.49,"lq":1.0},{"pi":"422550","pc":"Автомобильные товары","ss":10000,"td":"Центр города","dc":1,"n":291.55,"vc":"около 10 000","sl":"Элитный","sv":"около 500","p":1280.0,"q":9.92,"b":0.0,"wi":90.02,"ei":9.12,"as":448.99,"mi":"E","mv":26492,"sc":1,"lpe":98.23,"lpr":9862.49,"lq":1.0},{"pi":"422550","pc":"Автомобильные товары","ss":10000,"td":"Центр города","dc":1,"n":291.55,"vc":"около 10 000","sl":"Элитный","sv":"около 500","p":1280.0,"q":9.92,"b":0.0,"wi":90.02,"ei":9.12,"as":448.99,"mi":"E","mv":26492,"sc":1,"lpe":98.23,"lpr":9862.49,"lq":1.0},{"pi":"422550","pc":"Автомобильные товары","ss":10000,"td":"Центр города","dc":1,"n":291.55,"vc":"около 10 000","sl":"Элитный","sv":"около 500","p":1280.0,"q":9.92,"b":0.0,"wi":90.02,"ei":9.12,"as":448.99,"mi":"E","mv":26492,"sc":1,"lpe":98.23,"lpr":9862.49,"lq":1.0},{"pi":"422550","pc":"Автомобильные товары","ss":10000,"td":"Центр города","dc":1,"n":291.55,"vc":"около 10 000","sl":"Элитный","sv":"около 500","p":1280.0,"q":9.92,"b":0.0,"wi":90.02,"ei":9.12,"as":448.99,"mi":"E","mv":26492,"sc":1,"lpe":98.23,"lpr":9862.49,"lq":1.0},{"pi":"422550","pc":"Автомобильные товары","ss":10000,"td":"Центр города","dc":1,"n":291.55,"vc":"около 10 000","sl":"Элитный","sv":"около 500","p":1280.0,"q":9.92,"b":0.0,"wi":90.02,"ei":9.12,"as":448.99,"mi":"E","mv":26492,"sc":1,"lpe":98.23,"lpr":9862.49,"lq":1.0},{"pi":"422550","pc":"Автомобильные товары","ss":10000,"td":"Центр города","dc":1,"n":291.55,"vc":"около 10 000","sl":"Элитный","sv":"около 500","p":1280.0,"q":9.92,"b":0.0,"wi":90.02,"ei":9.12,"as":448.99,"mi":"E","mv":26492,"sc":1,"lpe":98.23,"lpr":9862.49,"lq":1.0},{"pi":"422550","pc":"Автомобильные товары","ss":10000,"td":"Центр города","dc":1,"n":291.55,"vc":"около 10 000","sl":"Элитный","sv":"около 500","p":1280.0,"q":9.92,"b":0.0,"wi":90.02,"ei":9.12,"as":448.99,"mi":"E","mv":26492,"sc":1,"lpe":98.23,"lpr":9862.49,"lq":1.0},{"pi":"422550","pc":"Автомобильные товары","ss":10000,"td":"Центр города","dc":1,"n":291.55,"vc":"около 10 000","sl":"Элитный","sv":"около 500","p":1280.0,"q":9.92,"b":0.0,"wi":90.02,"ei":9.12,"as":448.99,"mi":"E","mv":26492,"sc":1,"lpe":98.23,"lpr":9862.49,"lq":1.0},{"pi":"422550","pc":"Автомобильные товары","ss":10000,"td":"Центр города","dc":1,"n":291.55,"vc":"около 10 000","sl":"Элитный","sv":"около 500","p":1280.0,"q":9.92,"b":0.0,"wi":90.02,"ei":9.12,"as":448.99,"mi":"E","mv":26492,"sc":1,"lpe":98.23,"lpr":9862.49,"lq":1.0},{"pi":"422550","pc":"Автомобильные товары","ss":100,"td":"Фешенебельный район","dc":1,"n":0.0,"vc":"менее 50","sl":"Элитный","sv":"менее 50","p":2142.55,"q":1.05,"b":0.0,"wi":113.83,"ei":7.68,"as":387.22,"mi":"E","mv":69845,"sc":4,"lpe":99.99,"lpr":2045.14,"lq":1.0},{"pi":"422550","pc":"Автомобильные товары","ss":100,"td":"Фешенебельный район","dc":1,"n":0.0,"vc":"менее 50","sl":"Очень высокий","sv":"менее 50","p":2142.55,"q":1.05,"b":0.0,"wi":113.83,"ei":7.68,"as":387.22,"mi":"E","mv":69845,"sc":4,"lpe":99.99,"lpr":2045.14,"lq":1.0},{"pi":"422550","pc":"Автомобильные товары","ss":100,"td":"Фешенебельный район","dc":1,"n":0.0,"vc":"менее 50","sl":"Очень высокий","sv":"менее 50","p":2040.52,"q":1.05,"b":0.0,"wi":113.83,"ei":7.68,"as":387.22,"mi":"E","mv":69845,"sc":4,"lpe":99.99,"lpr":2045.14,"lq":1.0},{"pi":"422550","pc":"Автомобильные товары","ss":100,"td":"Фешенебельный район","dc":1,"n":0.0,"vc":"менее 50","sl":"Элитный","sv":"менее 50","p":2142.55,"q":1.05,"b":0.0,"wi":113.83,"ei":7.68,"as":387.22,"mi":"E","mv":69845,"sc":4,"lpe":99.99,"lpr":2045.14,"lq":1.0},{"pi":"422550","pc":"Автомобильные товары","ss":100,"td":"Фешенебельный район","dc":1,"n":0.0,"vc":"менее 50","sl":"Элитный","sv":"менее 50","p":2142.55,"q":1.05,"b":0.0,"wi":113.83,"ei":7.68,"as":387.22,"mi":"E","mv":69845,"sc":4,"lpe":99.99,"lpr":2045.14,"lq":1.0},{"pi":"422550","pc":"Автомобильные товары","ss":100,"td":"Фешенебельный район","dc":1,"n":0.0,"vc":"менее 50","sl":"Очень высокий","sv":"менее 50","p":2040.52,"q":1.05,"b":0.0,"wi":113.83,"ei":7.68,"as":387.22,"mi":"E","mv":69845,"sc":4,"lpe":99.99,"lpr":2045.14,"lq":1.0},{"pi":"422550","pc":"Автомобильные товары","ss":100,"td":"Фешенебельный район","dc":1,"n":0.0,"vc":"менее 50","sl":"Элитный","sv":"менее 50","p":2142.55,"q":1.05,"b":0.0,"wi":113.83,"ei":7.68,"as":387.22,"mi":"E","mv":69845,"sc":4,"lpe":99.99,"lpr":2045.14,"lq":1.0},{"pi":"422550","pc":"Автомобильные товары","ss":100,"td":"Фешенебельный район","dc":1,"n":0.0,"vc":"менее 50","sl":"Элитный","sv":"менее 50","p":2142.55,"q":1.05,"b":0.0,"wi":113.83,"ei":7.68,"as":387.22,"mi":"E","mv":69845,"sc":4,"lpe":99.99,"lpr":2045.14,"lq":1.0},{"pi":"422550","pc":"Автомобильные товары","ss":100,"td":"Фешенебельный район","dc":1,"n":0.0,"vc":"менее 50","sl":"Элитный","sv":"менее 50","p":2142.55,"q":1.05,"b":0.0,"wi":113.83,"ei":7.68,"as":387.22,"mi":"E","mv":69845,"sc":4,"lpe":99.99,"lpr":2045.14,"lq":1.0},{"pi":"422550","pc":"Автомобильные товары","ss":100,"td":"Фешенебельный район","dc":1,"n":0.0,"vc":"менее 50","sl":"Очень высокий","sv":"менее 50","p":2040.52,"q":1.05,"b":0.0,"wi":113.83,"ei":7.68,"as":387.22,"mi":"E","mv":69845,"sc":4,"lpe":99.99,"lpr":2045.14,"lq":1.0},{"pi":"422550","pc":"Автомобильные товары","ss":100,"td":"Фешенебельный район","dc":1,"n":0.0,"vc":"менее 50","sl":"Очень высокий","sv":"менее 50","p":2142.55,"q":1.05,"b":0.0,"wi":113.83,"ei":7.68,"as":387.22,"mi":"E","mv":69845,"sc":4,"lpe":99.99,"lpr":2045.14,"lq":1.0},{"pi":"422550","pc":"Автомобильные товары","ss":100,"td":"Фешенебельный район","dc":1,"n":0.0,"vc":"менее 50","sl":"Элитный","sv":"менее 50","p":2142.55,"q":1.05,"b":0.0,"wi":113.83,"ei":7.68,"as":387.22,"mi":"E","mv":69845,"sc":4,"lpe":99.99,"lpr":2045.14,"lq":1.0},{"pi":"422550","pc":"Автомобильные товары","ss":100,"td":"Фешенебельный район","dc":1,"n":0.0,"vc":"менее 50","sl":"Очень высокий","sv":"менее 50","p":2040.52,"q":1.05,"b":0.0,"wi":113.83,"ei":7.68,"as":387.22,"mi":"E","mv":69845,"sc":4,"lpe":99.99,"lpr":2045.14,"lq":1.0},{"pi":"422550","pc":"Автомобильные товары","ss":100,"td":"Фешенебельный район","dc":1,"n":0.0,"vc":"менее 50","sl":"Элитный","sv":"менее 50","p":2142.55,"q":1.05,"b":0.0,"wi":113.83,"ei":7.68,"as":387.22,"mi":"E","mv":69845,"sc":4,"lpe":99.99,"lpr":2045.14,"lq":1.0},{"pi":"422550","pc":"Автомобильные товары","ss":100,"td":"Фешенебельный район","dc":1,"n":0.0,"vc":"менее 50","sl":"Очень высокий","sv":"менее 50","p":2142.55,"q":1.05,"b":0.0,"wi":113.83,"ei":7.68,"as":387.22,"mi":"E","mv":69845,"sc":4,"lpe":99.99,"lpr":2045.14,"lq":1.0},{"pi":"422550","pc":"Автомобильные товары","ss":100,"td":"Фешенебельный район","dc":1,"n":0.0,"vc":"менее 50","sl":"Элитный","sv":"менее 50","p":2142.55,"q":1.05,"b":0.0,"wi":113.83,"ei":7.68,"as":387.22,"mi":"E","mv":69845,"sc":4,"lpe":99.99,"lpr":2045.14,"lq":1.0},{"pi":"422550","pc":"Автомобильные товары","ss":100,"td":"Фешенебельный район","dc":1,"n":0.0,"vc":"менее 50","sl":"Очень высокий","sv":"менее 50","p":2142.55,"q":1.05,"b":0.0,"wi":113.83,"ei":7.68,"as":387.22,"mi":"E","mv":69845,"sc":4,"lpe":99.99,"lpr":2045.14,"lq":1.0},{"pi":"422550","pc":"Автомобильные товары","ss":100,"td":"Фешенебельный район","dc":1,"n":0.0,"vc":"менее 50","sl":"Элитный","sv":"менее 50","p":2142.55,"q":1.05,"b":0.0,"wi":113.83,"ei":7.68,"as":387.22,"mi":"E","mv":69845,"sc":4,"lpe":99.99,"lpr":2045.14,"lq":1.0},{"pi":"422550","pc":"Автомобильные товары","ss":100,"td":"Фешенебельный район","dc":1,"n":0.0,"vc":"менее 50","sl":"Очень высокий","sv":"менее 50","p":2040.52,"q":1.05,"b":0.0,"wi":113.83,"ei":7.68,"as":387.22,"mi":"E","mv":69845,"sc":4,"lpe":99.99,"lpr":2045.14,"lq":1.0},{"pi":"422550","pc":"Автомобильные товары","ss":100,"td":"Фешенебельный район","dc":1,"n":0.0,"vc":"менее 50","sl":"Элитный","sv":"менее 50","p":2142.55,"q":1.05,"b":0.0,"wi":113.83,"ei":7.68,"as":387.22,"mi":"E","mv":69845,"sc":4,"lpe":99.99,"lpr":2045.14,"lq":1.0},{"pi":"422550","pc":"Автомобильные товары","ss":100,"td":"Фешенебельный район","dc":1,"n":0.0,"vc":"менее 50","sl":"Элитный","sv":"менее 50","p":2142.55,"q":1.05,"b":0.0,"wi":113.83,"ei":7.68,"as":387.22,"mi":"E","mv":69845,"sc":4,"lpe":99.99,"lpr":2045.14,"lq":1.0},{"pi":"422550","pc":"Автомобильные товары","ss":100,"td":"Фешенебельный район","dc":1,"n":0.0,"vc":"менее 50","sl":"Очень высокий","sv":"менее 50","p":2142.55,"q":1.05,"b":0.0,"wi":113.83,"ei":7.68,"as":387.22,"mi":"E","mv":69845,"sc":4,"lpe":99.99,"lpr":2045.14,"lq":1.0},{"pi":"422550","pc":"Автомобильные товары","ss":100,"td":"Фешенебельный район","dc":1,"n":0.0,"vc":"менее 50","sl":"Очень высокий","sv":"менее 50","p":2040.52,"q":1.05,"b":0.0,"wi":113.83,"ei":7.68,"as":387.22,"mi":"E","mv":69845,"sc":4,"lpe":99.99,"lpr":2045.14,"lq":1.0},{"pi":"422550","pc":"Автомобильные товары","ss":100,"td":"Фешенебельный район","dc":1,"n":0.0,"vc":"менее 50","sl":"Элитный","sv":"менее 50","p":2142.55,"q":1.05,"b":0.0,"wi":113.83,"ei":7.68,"as":387.22,"mi":"E","mv":69845,"sc":4,"lpe":99.99,"lpr":2045.14,"lq":1.0},{"pi":"422550","pc":"Автомобильные товары","ss":100,"td":"Фешенебельный район","dc":1,"n":0.0,"vc":"менее 50","sl":"Элитный","sv":"менее 50","p":2142.55,"q":1.05,"b":0.0,"wi":113.83,"ei":7.68,"as":387.22,"mi":"E","mv":69845,"sc":4,"lpe":99.99,"lpr":2045.14,"lq":1.0},{"pi":"422550","pc":"Автомобильные товары","ss":100,"td":"Фешенебельный район","dc":1,"n":0.0,"vc":"менее 50","sl":"Очень высокий","sv":"менее 50","p":2040.52,"q":1.05,"b":0.0,"wi":113.83,"ei":7.68,"as":387.22,"mi":"E","mv":69845,"sc":4,"lpe":99.99,"lpr":2045.14,"lq":1.0},{"pi":"422550","pc":"Автомобильные товары","ss":100,"td":"Фешенебельный район","dc":1,"n":0.0,"vc":"менее 50","sl":"Очень высокий","sv":"менее 50","p":2142.55,"q":1.05,"b":0.0,"wi":113.83,"ei":7.68,"as":387.22,"mi":"E","mv":69845,"sc":4,"lpe":99.99,"lpr":2045.14,"lq":1.0},{"pi":"422550","pc":"Автомобильные товары","ss":100,"td":"Фешенебельный район","dc":1,"n":0.0,"vc":"менее 50","sl":"Элитный","sv":"менее 50","p":2142.55,"q":1.05,"b":0.0,"wi":113.83,"ei":7.68,"as":387.22,"mi":"E","mv":69845,"sc":4,"lpe":99.99,"lpr":2045.14,"lq":1.0},{"pi":"422550","pc":"Автомобильные товары","ss":100,"td":"Фешенебельный район","dc":1,"n":0.0,"vc":"менее 50","sl":"Элитный","sv":"менее 50","p":2142.55,"q":1.05,"b":0.0,"wi":113.83,"ei":7.68,"as":387.22,"mi":"E","mv":69845,"sc":4,"lpe":99.99,"lpr":2045.14,"lq":1.0},{"pi":"422550","pc":"Автомобильные товары","ss":100,"td":"Фешенебельный район","dc":1,"n":0.0,"vc":"менее 50","sl":"Очень высокий","sv":"менее 50","p":2142.55,"q":1.05,"b":0.0,"wi":113.83,"ei":7.68,"as":387.22,"mi":"E","mv":69845,"sc":4,"lpe":99.99,"lpr":2045.14,"lq":1.0},{"pi":"422550","pc":"Автомобильные товары","ss":100,"td":"Фешенебельный район","dc":1,"n":0.0,"vc":"менее 50","sl":"Очень высокий","sv":"менее 50","p":2040.52,"q":1.05,"b":0.0,"wi":113.83,"ei":7.68,"as":387.22,"mi":"E","mv":69845,"sc":4,"lpe":99.99,"lpr":2045.14,"lq":1.0},{"pi":"422550","pc":"Автомобильные товары","ss":100,"td":"Фешенебельный район","dc":1,"n":20.47,"vc":"менее 50","sl":"Элитный","sv":"менее 50","p":2149.28,"q":1.05,"b":0.0,"wi":95.63,"ei":7.85,"as":428.19,"mi":"E","mv":77577,"sc":1,"lpe":99.97,"lpr":2051.58,"lq":1.0},{"pi":"422550","pc":"Автомобильные товары","ss":100,"td":"Фешенебельный район","dc":1,"n":20.47,"vc":"менее 50","sl":"Элитный","sv":"менее 50","p":2149.28,"q":1.05,"b":0.0,"wi":95.63,"ei":7.85,"as":428.19,"mi":"E","mv":77577,"sc":1,"lpe":99.97,"lpr":2051.58,"lq":1.0},{"pi":"422550","pc":"Автомобильные товары","ss":100,"td":"Фешенебельный район","dc":1,"n":20.47,"vc":"менее 50","sl":"Элитный","sv":"менее 50","p":2149.28,"q":1.05,"b":0.0,"wi":95.63,"ei":7.85,"as":428.19,"mi":"E","mv":77577,"sc":1,"lpe":99.97,"lpr":2051.58,"lq":1.0},{"pi":"422550","pc":"Автомобильные товары","ss":100,"td":"Фешенебельный район","dc":1,"n":20.47,"vc":"менее 50","sl":"Элитный","sv":"менее 50","p":2149.28,"q":1.05,"b":0.0,"wi":95.63,"ei":7.85,"as":428.19,"mi":"E","mv":77577,"sc":1,"lpe":99.97,"lpr":2051.58,"lq":1.0},{"pi":"422550","pc":"Автомобильные товары","ss":100,"td":"Фешенебельный район","dc":1,"n":20.47,"vc":"менее 50","sl":"Элитный","sv":"менее 50","p":2149.28,"q":1.05,"b":0.0,"wi":95.63,"ei":7.85,"as":428.19,"mi":"E","mv":77577,"sc":1,"lpe":99.97,"lpr":2051.58,"lq":1.0},{"pi":"422550","pc":"Автомобильные товары","ss":100,"td":"Фешенебельный район","dc":1,"n":20.47,"vc":"менее 50","sl":"Элитный","sv":"менее 50","p":2149.28,"q":1.05,"b":0.0,"wi":95.63,"ei":7.85,"as":428.19,"mi":"E","mv":77577,"sc":1,"lpe":99.97,"lpr":2051.58,"lq":1.0},{"pi":"422550","pc":"Автомобильные товары","ss":100,"td":"Фешенебельный район","dc":1,"n":20.47,"vc":"менее 50","sl":"Элитный","sv":"менее 50","p":2149.28,"q":1.05,"b":0.0,"wi":95.63,"ei":7.85,"as":428.19,"mi":"E","mv":77577,"sc":1,"lpe":99.97,"lpr":2051.58,"lq":1.0},{"pi":"422550","pc":"Автомобильные товары","ss":100,"td":"Фешенебельный район","dc":1,"n":20.47,"vc":"менее 50","sl":"Элитный","sv":"менее 50","p":2149.28,"q":1.05,"b":0.0,"wi":95.63,"ei":7.85,"as":428.19,"mi":"E","mv":77577,"sc":1,"lpe":99.97,"lpr":2051.58,"lq":1.0},{"pi":"422550","pc":"Автомобильные товары","ss":100,"td":"Фешенебельный район","dc":1,"n":20.47,"vc":"менее 50","sl":"Элитный","sv":"менее 50","p":2149.28,"q":1.05,"b":0.0,"wi":95.63,"ei":7.85,"as":428.19,"mi":"E","mv":77577,"sc":1,"lpe":99.97,"lpr":2051.58,"lq":1.0},{"pi":"422550","pc":"Автомобильные товары","ss":100,"td":"Фешенебельный район","dc":1,"n":20.47,"vc":"менее 50","sl":"Элитный","sv":"менее 50","p":2149.28,"q":1.05,"b":0.0,"wi":95.63,"ei":7.85,"as":428.19,"mi":"E","mv":77577,"sc":1,"lpe":99.97,"lpr":2051.58,"lq":1.0},{"pi":"422550","pc":"Автомобильные товары","ss":100,"td":"Фешенебельный район","dc":1,"n":0.0,"vc":"менее 50","sl":"Элитный","sv":"менее 50","p":2327.19,"q":1.05,"b":0.0,"wi":97.4,"ei":7.21,"as":425.92,"mi":"E","mv":65774,"sc":1,"lpe":99.96,"lpr":2221.41,"lq":1.0},{"pi":"422550","pc":"Автомобильные товары","ss":100,"td":"Фешенебельный район","dc":1,"n":0.0,"vc":"менее 50","sl":"Элитный","sv":"менее 50","p":2327.19,"q":1.05,"b":0.0,"wi":97.4,"ei":7.21,"as":425.92,"mi":"E","mv":65774,"sc":1,"lpe":99.96,"lpr":2221.41,"lq":1.0},{"pi":"422550","pc":"Автомобильные товары","ss":100,"td":"Фешенебельный район","dc":1,"n":0.0,"vc":"менее 50","sl":"Элитный","sv":"менее 50","p":2327.19,"q":1.05,"b":0.0,"wi":97.4,"ei":7.21,"as":425.92,"mi":"E","mv":65774,"sc":1,"lpe":99.96,"lpr":2221.41,"lq":1.0},{"pi":"422550","pc":"Автомобильные товары","ss":100,"td":"Фешенебельный район","dc":1,"n":0.0,"vc":"менее 50","sl":"Элитный","sv":"менее 50","p":2327.19,"q":1.05,"b":0.0,"wi":97.4,"ei":7.21,"as":425.92,"mi":"E","mv":65774,"sc":1,"lpe":99.96,"lpr":2221.41,"lq":1.0},{"pi":"422550","pc":"Автомобильные товары","ss":100,"td":"Фешенебельный район","dc":1,"n":0.0,"vc":"менее 50","sl":"Элитный","sv":"менее 50","p":2327.19,"q":1.05,"b":0.0,"wi":97.4,"ei":7.21,"as":425.92,"mi":"E","mv":65774,"sc":1,"lpe":99.96,"lpr":2221.41,"lq":1.0},{"pi":"422550","pc":"Автомобильные товары","ss":100,"td":"Фешенебельный район","dc":1,"n":0.0,"vc":"менее 50","sl":"Элитный","sv":"менее 50","p":2327.19,"q":1.05,"b":0.0,"wi":97.4,"ei":7.21,"as":425.92,"mi":"E","mv":65774,"sc":1,"lpe":99.96,"lpr":2221.41,"lq":1.0},{"pi":"422550","pc":"Автомобильные товары","ss":100,"td":"Фешенебельный район","dc":1,"n":0.0,"vc":"менее 50","sl":"Элитный","sv":"менее 50","p":2327.19,"q":1.05,"b":0.0,"wi":97.4,"ei":7.21,"as":425.92,"mi":"E","mv":65774,"sc":1,"lpe":99.96,"lpr":2221.41,"lq":1.0},{"pi":"422550","pc":"Автомобильные товары","ss":100,"td":"Фешенебельный район","dc":1,"n":0.0,"vc":"менее 50","sl":"Элитный","sv":"менее 50","p":2327.19,"q":1.05,"b":0.0,"wi":97.4,"ei":7.21,"as":425.92,"mi":"E","mv":65774,"sc":1,"lpe":99.96,"lpr":2221.41,"lq":1.0},{"pi":"422550","pc":"Автомобильные товары","ss":100,"td":"Фешенебельный район","dc":1,"n":0.0,"vc":"менее 50","sl":"Элитный","sv":"менее 50","p":2327.19,"q":1.05,"b":0.0,"wi":97.4,"ei":7.21,"as":425.92,"mi":"E","mv":65774,"sc":1,"lpe":99.96,"lpr":2221.41,"lq":1.0},{"pi":"422550","pc":"Автомобильные товары","ss":100,"td":"Фешенебельный район","dc":1,"n":0.0,"vc":"менее 50","sl":"Элитный","sv":"менее 50","p":2327.19,"q":1.05,"b":0.0,"wi":97.4,"ei":7.21,"as":425.92,"mi":"E","mv":65774,"sc":1,"lpe":99.96,"lpr":2221.41,"lq":1.0},{"pi":"422550","pc":"Автомобильные товары","ss":100,"td":"Фешенебельный район","dc":1,"n":0.0,"vc":"менее 50","sl":"Элитный","sv":"менее 50","p":2218.34,"q":1.05,"b":0.0,"wi":145.29,"ei":8.2,"as":387.66,"mi":"E","mv":74142,"sc":1,"lpe":99.97,"lpr":2117.5,"lq":1.0},{"pi":"422550","pc":"Автомобильные товары","ss":100,"td":"Фешенебельный район","dc":1,"n":0.0,"vc":"менее 50","sl":"Элитный","sv":"менее 50","p":2218.34,"q":1.05,"b":0.0,"wi":145.29,"ei":8.2,"as":387.66,"mi":"E","mv":74142,"sc":1,"lpe":99.97,"lpr":2117.5,"lq":1.0},{"pi":"422550","pc":"Автомобильные товары","ss":100,"td":"Фешенебельный район","dc":1,"n":0.0,"vc":"менее 50","sl":"Элитный","sv":"менее 50","p":2218.34,"q":1.05,"b":0.0,"wi":145.29,"ei":8.2,"as":387.66,"mi":"E","mv":74142,"sc":1,"lpe":99.97,"lpr":2117.5,"lq":1.0},{"pi":"422550","pc":"Автомобильные товары","ss":100,"td":"Фешенебельный район","dc":1,"n":0.0,"vc":"менее 50","sl":"Элитный","sv":"менее 50","p":2218.34,"q":1.05,"b":0.0,"wi":145.29,"ei":8.2,"as":387.66,"mi":"E","mv":74142,"sc":1,"lpe":99.97,"lpr":2117.5,"lq":1.0},{"pi":"422550","pc":"Автомобильные товары","ss":100,"td":"Фешенебельный район","dc":1,"n":0.0,"vc":"менее 50","sl":"Элитный","sv":"менее 50","p":2218.34,"q":1.05,"b":0.0,"wi":145.29,"ei":8.2,"as":387.66,"mi":"E","mv":74142,"sc":1,"lpe":99.97,"lpr":2117.5,"lq":1.0},{"pi":"422550","pc":"Автомобильные товары","ss":100,"td":"Фешенебельный район","dc":1,"n":0.0,"vc":"менее 50","sl":"Элитный","sv":"менее 50","p":2218.34,"q":1.05,"b":0.0,"wi":145.29,"ei":8.2,"as":387.66,"mi":"E","mv":74142,"sc":1,"lpe":99.97,"lpr":2117.5,"lq":1.0},{"pi":"422550","pc":"Автомобильные товары","ss":100,"td":"Фешенебельный район","dc":1,"n":0.0,"vc":"менее 50","sl":"Элитный","sv":"менее 50","p":2218.34,"q":1.05,"b":0.0,"wi":145.29,"ei":8.2,"as":387.66,"mi":"E","mv":74142,"sc":1,"lpe":99.97,"lpr":2117.5,"lq":1.0},{"pi":"422550","pc":"Автомобильные товары","ss":100,"td":"Фешенебельный район","dc":1,"n":0.0,"vc":"менее 50","sl":"Элитный","sv":"менее 50","p":2218.34,"q":1.05,"b":0.0,"wi":145.29,"ei":8.2,"as":387.66,"mi":"E","mv":74142,"sc":1,"lpe":99.97,"lpr":2117.5,"lq":1.0},{"pi":"422550","pc":"Автомобильные товары","ss":100,"td":"Фешенебельный район","dc":1,"n":0.0,"vc":"менее 50","sl":"Элитный","sv":"менее 50","p":2218.34,"q":1.05,"b":0.0,"wi":145.29,"ei":8.2,"as":387.66,"mi":"E","mv":74142,"sc":1,"lpe":99.97,"lpr":2117.5,"lq":1.0},{"pi":"422550","pc":"Автомобильные товары","ss":100,"td":"Фешенебельный район","dc":1,"n":0.0,"vc":"менее 50","sl":"Элитный","sv":"менее 50","p":2218.34,"q":1.05,"b":0.0,"wi":145.29,"ei":8.2,"as":387.66,"mi":"E","mv":74142,"sc":1,"lpe":99.97,"lpr":2117.5,"lq":1.0},{"pi":"422550","pc":"Автомобильные товары","ss":100,"td":"Фешенебельный район","dc":1,"n":0.0,"vc":"менее 50","sl":"Очень высокий","sv":"менее 50","p":2277.12,"q":1.05,"b":0.0,"wi":140.46,"ei":9.06,"as":399.25,"mi":"E","mv":62615,"sc":1,"lpe":100.0,"lpr":2173.62,"lq":1.0},{"pi":"422550","pc":"Автомобильные товары","ss":100,"td":"Фешенебельный район","dc":1,"n":0.0,"vc":"менее 50","sl":"Очень высокий","sv":"менее 50","p":2277.12,"q":1.05,"b":0.0,"wi":140.46,"ei":9.06,"as":399.25,"mi":"E","mv":62615,"sc":1,"lpe":100.0,"lpr":2173.62,"lq":1.0},{"pi":"422550","pc":"Автомобильные товары","ss":100000,"td":"Центр города","dc":7,"n":217.88,"vc":"более 10 000","sl":"Элитный","sv":"около 100","p":37.97,"q":1.0,"b":0.0,"wi":9.78,"ei":2.68,"as":46.48,"mi":"E","mv":3541,"sc":1,"lpe":97.18,"lpr":670.25,"lq":1.0},{"pi":"422550","pc":"Автомобильные товары","ss":100000,"td":"Центр города","dc":7,"n":217.88,"vc":"более 10 000","sl":"Элитный","sv":"около 100","p":37.97,"q":1.0,"b":0.0,"wi":9.78,"ei":2.68,"as":46.48,"mi":"E","mv":3541,"sc":1,"lpe":97.18,"lpr":670.25,"lq":1.0},{"pi":"422550","pc":"Автомобильные товары","ss":100000,"td":"Центр города","dc":7,"n":217.88,"vc":"более 10 000","sl":"Элитный","sv":"около 100","p":37.97,"q":1.0,"b":0.0,"wi":9.78,"ei":2.68,"as":46.48,"mi":"E","mv":3541,"sc":1,"lpe":97.18,"lpr":670.25,"lq":1.0},{"pi":"422550","pc":"Автомобильные товары","ss":100000,"td":"Центр города","dc":7,"n":217.88,"vc":"более 10 000","sl":"Элитный","sv":"около 100","p":37.97,"q":1.0,"b":0.0,"wi":9.78,"ei":2.68,"as":46.48,"mi":"E","mv":3541,"sc":1,"lpe":97.18,"lpr":670.25,"lq":1.0},{"pi":"422550","pc":"Автомобильные товары","ss":100000,"td":"Центр города","dc":7,"n":217.88,"vc":"более 10 000","sl":"Элитный","sv":"около 100","p":37.97,"q":1.0,"b":0.0,"wi":9.78,"ei":2.68,"as":46.48,"mi":"E","mv":3541,"sc":1,"lpe":97.18,"lpr":670.25,"lq":1.0},{"pi":"422550","pc":"Автомобильные товары","ss":100000,"td":"Центр города","dc":7,"n":217.88,"vc":"более 10 000","sl":"Элитный","sv":"около 100","p":37.97,"q":1.0,"b":0.0,"wi":9.78,"ei":2.68,"as":46.48,"mi":"E","mv":3541,"sc":1,"lpe":97.18,"lpr":670.25,"lq":1.0},{"pi":"422550","pc":"Автомобильные товары","ss":100000,"td":"Центр города","dc":7,"n":217.88,"vc":"более 10 000","sl":"Элитный","sv":"около 100","p":37.97,"q":1.0,"b":0.0,"wi":9.78,"ei":2.68,"as":46.48,"mi":"E","mv":3541,"sc":1,"lpe":97.18,"lpr":670.25,"lq":1.0},{"pi":"422550","pc":"Автомобильные товары","ss":100000,"td":"Центр города","dc":7,"n":217.88,"vc":"более 10 000","sl":"Элитный","sv":"около 100","p":37.97,"q":1.0,"b":0.0,"wi":9.78,"ei":2.68,"as":46.48,"mi":"E","mv":3541,"sc":1,"lpe":97.18,"lpr":670.25,"lq":1.0},{"pi":"422550","pc":"Автомобильные товары","ss":100000,"td":"Центр города","dc":7,"n":217.88,"vc":"более 10 000","sl":"Элитный","sv":"около 100","p":37.97,"q":1.0,"b":0.0,"wi":9.78,"ei":2.68,"as":46.48,"mi":"E","mv":3541,"sc":1,"lpe":97.18,"lpr":670.25,"lq":1.0},{"pi":"422550","pc":"Автомобильные товары","ss":100000,"td":"Центр города","dc":7,"n":217.88,"vc":"более 10 000","sl":"Элитный","sv":"около 100","p":37.97,"q":1.0,"b":0.0,"wi":9.78,"ei":2.68,"as":46.48,"mi":"E","mv":3541,"sc":1,"lpe":97.18,"lpr":670.25,"lq":1.0},{"pi":"422550","pc":"Автомобильные товары","ss":100000,"td":"Центр города","dc":7,"n":217.88,"vc":"более 10 000","sl":"Элитный","sv":"около 100","p":37.97,"q":1.0,"b":0.0,"wi":9.78,"ei":2.68,"as":46.48,"mi":"E","mv":3541,"sc":1,"lpe":97.18,"lpr":670.25,"lq":1.0},{"pi":"422550","pc":"Автомобильные товары","ss":100000,"td":"Центр города","dc":7,"n":217.88,"vc":"более 10 000","sl":"Элитный","sv":"около 100","p":37.97,"q":1.0,"b":0.0,"wi":9.78,"ei":2.68,"as":46.48,"mi":"E","mv":3541,"sc":1,"lpe":97.18,"lpr":670.25,"lq":1.0},{"pi":"422550","pc":"Автомобильные товары","ss":100000,"td":"Центр города","dc":7,"n":217.88,"vc":"более 10 000","sl":"Элитный","sv":"около 100","p":37.97,"q":1.0,"b":0.0,"wi":9.78,"ei":2.68,"as":46.48,"mi":"E","mv":3541,"sc":1,"lpe":97.18,"lpr":670.25,"lq":1.0},{"pi":"422550","pc":"Автомобильные товары","ss":100000,"td":"Центр города","dc":7,"n":217.88,"vc":"более 10 000","sl":"Элитный","sv":"около 100","p":37.97,"q":1.0,"b":0.0,"wi":9.78,"ei":2.68,"as":46.48,"mi":"E","mv":3541,"sc":1,"lpe":97.18,"lpr":670.25,"lq":1.0},{"pi":"422550","pc":"Автомобильные товары","ss":100,"td":"Фешенебельный район","dc":1,"n":26.21,"vc":"менее 50","sl":"Элитный","sv":"менее 50","p":6900.0,"q":1.05,"b":0.0,"wi":68.81,"ei":9.42,"as":353.63,"mi":"E","mv":6136,"sc":2,"lpe":99.72,"lpr":7324.16,"lq":1.0},{"pi":"422550","pc":"Автомобильные товары","ss":100,"td":"Фешенебельный район","dc":1,"n":0.0,"vc":"менее 50","sl":"Элитный","sv":"менее 50","p":7672.93,"q":1.05,"b":0.0,"wi":68.81,"ei":9.42,"as":353.63,"mi":"E","mv":6136,"sc":2,"lpe":99.72,"lpr":7324.16,"lq":1.0},{"pi":"422550","pc":"Автомобильные товары","ss":100,"td":"Фешенебельный район","dc":1,"n":26.21,"vc":"менее 50","sl":"Элитный","sv":"менее 50","p":6900.0,"q":1.05,"b":0.0,"wi":68.81,"ei":9.42,"as":353.63,"mi":"E","mv":6136,"sc":2,"lpe":99.72,"lpr":7324.16,"lq":1.0},{"pi":"422550","pc":"Автомобильные товары","ss":100,"td":"Фешенебельный район","dc":1,"n":0.0,"vc":"менее 50","sl":"Элитный","sv":"менее 50","p":7672.93,"q":1.05,"b":0.0,"wi":68.81,"ei":9.42,"as":353.63,"mi":"E","mv":6136,"sc":2,"lpe":99.72,"lpr":7324.16,"lq":1.0},{"pi":"422550","pc":"Автомобильные товары","ss":100,"td":"Фешенебельный район","dc":1,"n":26.21,"vc":"менее 50","sl":"Элитный","sv":"менее 50","p":6900.0,"q":1.05,"b":0.0,"wi":68.81,"ei":9.42,"as":353.63,"mi":"E","mv":6136,"sc":2,"lpe":99.72,"lpr":7324.16,"lq":1.0},{"pi":"422550","pc":"Автомобильные товары","ss":100,"td":"Фешенебельный район","dc":1,"n":0.0,"vc":"менее 50","sl":"Элитный","sv":"менее 50","p":7672.93,"q":1.05,"b":0.0,"wi":68.81,"ei":9.42,"as":353.63,"mi":"E","mv":6136,"sc":2,"lpe":99.72,"lpr":7324.16,"lq":1.0},{"pi":"422550","pc":"Автомобильные товары","ss":100,"td":"Фешенебельный район","dc":1,"n":26.21,"vc":"менее 50","sl":"Элитный","sv":"менее 50","p":6900.0,"q":1.05,"b":0.0,"wi":68.81,"ei":9.42,"as":353.63,"mi":"E","mv":6136,"sc":2,"lpe":99.72,"lpr":7324.16,"lq":1.0},{"pi":"422550","pc":"Автомобильные товары","ss":100,"td":"Фешенебельный район","dc":1,"n":26.21,"vc":"менее 50","sl":"Элитный","sv":"менее 50","p":6900.0,"q":1.05,"b":0.0,"wi":68.81,"ei":9.42,"as":353.63,"mi":"E","mv":6136,"sc":2,"lpe":99.72,"lpr":7324.16,"lq":1.0},{"pi":"422550","pc":"Автомобильные товары","ss":100,"td":"Фешенебельный район","dc":1,"n":26.21,"vc":"менее 50","sl":"Элитный","sv":"менее 50","p":6900.0,"q":1.05,"b":0.0,"wi":68.81,"ei":9.42,"as":353.63,"mi":"E","mv":6136,"sc":2,"lpe":99.72,"lpr":7324.16,"lq":1.0},{"pi":"422550","pc":"Автомобильные товары","ss":100,"td":"Фешенебельный район","dc":1,"n":0.0,"vc":"менее 50","sl":"Элитный","sv":"менее 50","p":7672.93,"q":1.05,"b":0.0,"wi":68.81,"ei":9.42,"as":353.63,"mi":"E","mv":6136,"sc":2,"lpe":99.72,"lpr":7324.16,"lq":1.0},{"pi":"422550","pc":"Автомобильные товары","ss":100,"td":"Фешенебельный район","dc":1,"n":26.21,"vc":"менее 50","sl":"Элитный","sv":"менее 50","p":6900.0,"q":1.05,"b":0.0,"wi":68.81,"ei":9.42,"as":353.63,"mi":"E","mv":6136,"sc":2,"lpe":99.72,"lpr":7324.16,"lq":1.0},{"pi":"422550","pc":"Автомобильные товары","ss":100,"td":"Фешенебельный район","dc":1,"n":0.0,"vc":"менее 50","sl":"Элитный","sv":"менее 50","p":7672.93,"q":1.05,"b":0.0,"wi":68.81,"ei":9.42,"as":353.63,"mi":"E","mv":6136,"sc":2,"lpe":99.72,"lpr":7324.16,"lq":1.0},{"pi":"422550","pc":"Автомобильные товары","ss":100,"td":"Фешенебельный район","dc":1,"n":26.21,"vc":"менее 50","sl":"Элитный","sv":"менее 50","p":6900.0,"q":1.05,"b":0.0,"wi":68.81,"ei":9.42,"as":353.63,"mi":"E","mv":6136,"sc":2,"lpe":99.72,"lpr":7324.16,"lq":1.0},{"pi":"422550","pc":"Автомобильные товары","ss":100,"td":"Фешенебельный район","dc":1,"n":26.21,"vc":"менее 50","sl":"Элитный","sv":"менее 50","p":6900.0,"q":1.05,"b":0.0,"wi":68.81,"ei":9.42,"as":353.63,"mi":"E","mv":6136,"sc":2,"lpe":99.72,"lpr":7324.16,"lq":1.0},{"pi":"422550","pc":"Автомобильные товары","ss":100,"td":"Фешенебельный район","dc":1,"n":0.0,"vc":"менее 50","sl":"Элитный","sv":"менее 50","p":7672.93,"q":1.05,"b":0.0,"wi":68.81,"ei":9.42,"as":353.63,"mi":"E","mv":6136,"sc":2,"lpe":99.72,"lpr":7324.16,"lq":1.0},{"pi":"422550","pc":"Автомобильные товары","ss":100,"td":"Фешенебельный район","dc":1,"n":26.21,"vc":"менее 50","sl":"Элитный","sv":"менее 50","p":6900.0,"q":1.05,"b":0.0,"wi":68.81,"ei":9.42,"as":353.63,"mi":"E","mv":6136,"sc":2,"lpe":99.72,"lpr":7324.16,"lq":1.0},{"pi":"422550","pc":"Автомобильные товары","ss":100,"td":"Фешенебельный район","dc":1,"n":0.0,"vc":"менее 50","sl":"Элитный","sv":"менее 50","p":7672.93,"q":1.05,"b":0.0,"wi":68.81,"ei":9.42,"as":353.63,"mi":"E","mv":6136,"sc":2,"lpe":99.72,"lpr":7324.16,"lq":1.0},{"pi":"422550","pc":"Автомобильные товары","ss":100000,"td":"Центр города","dc":8,"n":14.86,"vc":"более 1 000","sl":"Элитный","sv":"около 100","p":39.79,"q":1.0,"b":0.0,"wi":4.36,"ei":6.48,"as":84.85,"mi":"E","mv":1819,"sc":1,"lpe":94.5,"lpr":416.45,"lq":1.0},{"pi":"422550","pc":"Автомобильные товары","ss":100000,"td":"Центр города","dc":8,"n":14.86,"vc":"более 1 000","sl":"Элитный","sv":"около 100","p":39.79,"q":1.0,"b":0.0,"wi":4.36,"ei":6.48,"as":84.85,"mi":"E","mv":1819,"sc":1,"lpe":94.5,"lpr":416.45,"lq":1.0},{"pi":"422550","pc":"Автомобильные товары","ss":100000,"td":"Центр города","dc":8,"n":14.86,"vc":"более 1 000","sl":"Элитный","sv":"около 100","p":39.79,"q":1.0,"b":0.0,"wi":4.36,"ei":6.48,"as":84.85,"mi":"E","mv":1819,"sc":1,"lpe":94.5,"lpr":416.45,"lq":1.0},{"pi":"422550","pc":"Автомобильные товары","ss":100000,"td":"Центр города","dc":8,"n":14.86,"vc":"более 1 000","sl":"Элитный","sv":"около 100","p":39.79,"q":1.0,"b":0.0,"wi":4.36,"ei":6.48,"as":84.85,"mi":"E","mv":1819,"sc":1,"lpe":94.5,"lpr":416.45,"lq":1.0},{"pi":"422550","pc":"Автомобильные товары","ss":100000,"td":"Центр города","dc":8,"n":14.86,"vc":"более 1 000","sl":"Элитный","sv":"около 100","p":39.79,"q":1.0,"b":0.0,"wi":4.36,"ei":6.48,"as":84.85,"mi":"E","mv":1819,"sc":1,"lpe":94.5,"lpr":416.45,"lq":1.0},{"pi":"422550","pc":"Автомобильные товары","ss":100000,"td":"Центр города","dc":8,"n":14.86,"vc":"более 1 000","sl":"Элитный","sv":"около 100","p":39.79,"q":1.0,"b":0.0,"wi":4.36,"ei":6.48,"as":84.85,"mi":"E","mv":1819,"sc":1,"lpe":94.5,"lpr":416.45,"lq":1.0},{"pi":"422550","pc":"Автомобильные товары","ss":100000,"td":"Центр города","dc":8,"n":14.86,"vc":"более 1 000","sl":"Элитный","sv":"около 100","p":39.79,"q":1.0,"b":0.0,"wi":4.36,"ei":6.48,"as":84.85,"mi":"E","mv":1819,"sc":1,"lpe":94.5,"lpr":416.45,"lq":1.0},{"pi":"422550","pc":"Автомобильные товары","ss":100000,"td":"Центр города","dc":8,"n":14.86,"vc":"более 1 000","sl":"Элитный","sv":"около 100","p":39.79,"q":1.0,"b":0.0,"wi":4.36,"ei":6.48,"as":84.85,"mi":"E","mv":1819,"sc":1,"lpe":94.5,"lpr":416.45,"lq":1.0},{"pi":"422550","pc":"Автомобильные товары","ss":100000,"td":"Центр города","dc":8,"n":14.86,"vc":"более 1 000","sl":"Элитный","sv":"около 100","p":39.79,"q":1.0,"b":0.0,"wi":4.36,"ei":6.48,"as":84.85,"mi":"E","mv":1819,"sc":1,"lpe":94.5,"lpr":416.45,"lq":1.0},{"pi":"422550","pc":"Автомобильные товары","ss":100000,"td":"Центр города","dc":8,"n":14.86,"vc":"более 1 000","sl":"Элитный","sv":"около 100","p":39.79,"q":1.0,"b":0.0,"wi":4.36,"ei":6.48,"as":84.85,"mi":"E","mv":1819,"sc":1,"lpe":94.5,"lpr":416.45,"lq":1.0},{"pi":"422550","pc":"Автомобильные товары","ss":100000,"td":"Центр города","dc":8,"n":14.86,"vc":"более 1 000","sl":"Элитный","sv":"около 100","p":39.79,"q":1.0,"b":0.0,"wi":4.36,"ei":6.48,"as":84.85,"mi":"E","mv":1819,"sc":1,"lpe":94.5,"lpr":416.45,"lq":1.0},{"pi":"422550","pc":"Автомобильные товары","ss":100,"td":"Фешенебельный район","dc":1,"n":0.0,"vc":"менее 50","sl":"Элитный","sv":"менее 50","p":558.56,"q":1.05,"b":0.0,"wi":61.09,"ei":7.23,"as":409.93,"mi":"E","mv":47919,"sc":1,"lpe":100.0,"lpr":533.17,"lq":1.0},{"pi":"422550","pc":"Автомобильные товары","ss":500,"td":"Фешенебельный район","dc":1,"n":0.04,"vc":"менее 50","sl":"Элитный","sv":"менее 50","p":557.54,"q":1.05,"b":0.0,"wi":65.29,"ei":7.83,"as":413.27,"mi":"E","mv":54308,"sc":1,"lpe":99.99,"lpr":532.19,"lq":1.0},{"pi":"422550","pc":"Автомобильные товары","ss":500,"td":"Фешенебельный район","dc":1,"n":0.04,"vc":"менее 50","sl":"Элитный","sv":"менее 50","p":557.54,"q":1.05,"b":0.0,"wi":65.29,"ei":7.83,"as":413.27,"mi":"E","mv":54308,"sc":1,"lpe":99.99,"lpr":532.19,"lq":1.0},{"pi":"422550","pc":"Автомобильные товары","ss":500,"td":"Фешенебельный район","dc":1,"n":0.04,"vc":"менее 50","sl":"Элитный","sv":"менее 50","p":557.54,"q":1.05,"b":0.0,"wi":65.29,"ei":7.83,"as":413.27,"mi":"E","mv":54308,"sc":1,"lpe":99.99,"lpr":532.19,"lq":1.0},{"pi":"422550","pc":"Автомобильные товары","ss":500,"td":"Фешенебельный район","dc":1,"n":0.04,"vc":"менее 50","sl":"Элитный","sv":"менее 50","p":557.54,"q":1.05,"b":0.0,"wi":65.29,"ei":7.83,"as":413.27,"mi":"E","mv":54308,"sc":1,"lpe":99.99,"lpr":532.19,"lq":1.0},{"pi":"422550","pc":"Автомобильные товары","ss":500,"td":"Фешенебельный район","dc":1,"n":0.04,"vc":"менее 50","sl":"Элитный","sv":"менее 50","p":557.54,"q":1.05,"b":0.0,"wi":65.29,"ei":7.83,"as":413.27,"mi":"E","mv":54308,"sc":1,"lpe":99.99,"lpr":532.19,"lq":1.0},{"pi":"422550","pc":"Автомобильные товары","ss":500,"td":"Фешенебельный район","dc":1,"n":0.04,"vc":"менее 50","sl":"Элитный","sv":"менее 50","p":557.54,"q":1.05,"b":0.0,"wi":65.29,"ei":7.83,"as":413.27,"mi":"E","mv":54308,"sc":1,"lpe":99.99,"lpr":532.19,"lq":1.0},{"pi":"422550","pc":"Автомобильные товары","ss":500,"td":"Фешенебельный район","dc":1,"n":0.04,"vc":"менее 50","sl":"Элитный","sv":"менее 50","p":557.54,"q":1.05,"b":0.0,"wi":65.29,"ei":7.83,"as":413.27,"mi":"E","mv":54308,"sc":1,"lpe":99.99,"lpr":532.19,"lq":1.0},{"pi":"422550","pc":"Автомобильные товары","ss":500,"td":"Фешенебельный район","dc":1,"n":0.04,"vc":"менее 50","sl":"Элитный","sv":"менее 50","p":557.54,"q":1.05,"b":0.0,"wi":65.29,"ei":7.83,"as":413.27,"mi":"E","mv":54308,"sc":1,"lpe":99.99,"lpr":532.19,"lq":1.0},{"pi":"422550","pc":"Автомобильные товары","ss":100,"td":"Фешенебельный район","dc":1,"n":0.0,"vc":"менее 50","sl":"Элитный","sv":"менее 50","p":557.52,"q":1.05,"b":0.0,"wi":70.65,"ei":8.15,"as":425.43,"mi":"E","mv":64217,"sc":1,"lpe":100.0,"lpr":532.18,"lq":1.0},{"pi":"422550","pc":"Автомобильные товары","ss":100000,"td":"Центр города","dc":1,"n":457.04,"vc":"более 200 000","sl":"Элитный","sv":"более 10 000","p":1000.0,"q":54.24,"b":5.75,"wi":122.38,"ei":9.26,"as":1599.85,"mi":"E","mv":49107,"sc":1,"lpe":78.51,"lpr":1234.07,"lq":6.69},{"pi":"422550","pc":"Автомобильные товары","ss":100000,"td":"Центр города","dc":1,"n":457.04,"vc":"более 200 000","sl":"Элитный","sv":"более 10 000","p":1000.0,"q":54.24,"b":5.75,"wi":122.38,"ei":9.26,"as":1599.85,"mi":"E","mv":49107,"sc":1,"lpe":78.51,"lpr":1234.07,"lq":6.69},{"pi":"422550","pc":"Автомобильные товары","ss":100000,"td":"Центр города","dc":1,"n":457.04,"vc":"более 200 000","sl":"Элитный","sv":"более 10 000","p":1000.0,"q":54.24,"b":5.75,"wi":122.38,"ei":9.26,"as":1599.85,"mi":"E","mv":49107,"sc":1,"lpe":78.51,"lpr":1234.07,"lq":6.69},{"pi":"422550","pc":"Автомобильные товары","ss":100000,"td":"Центр города","dc":1,"n":457.04,"vc":"более 200 000","sl":"Элитный","sv":"более 10 000","p":1000.0,"q":54.24,"b":5.75,"wi":122.38,"ei":9.26,"as":1599.85,"mi":"E","mv":49107,"sc":1,"lpe":78.51,"lpr":1234.07,"lq":6.69},{"pi":"422550","pc":"Автомобильные товары","ss":100000,"td":"Центр города","dc":1,"n":457.04,"vc":"более 200 000","sl":"Элитный","sv":"более 10 000","p":1000.0,"q":54.24,"b":5.75,"wi":122.38,"ei":9.26,"as":1599.85,"mi":"E","mv":49107,"sc":1,"lpe":78.51,"lpr":1234.07,"lq":6.69},{"pi":"422550","pc":"Автомобильные товары","ss":100000,"td":"Центр города","dc":1,"n":457.04,"vc":"более 200 000","sl":"Элитный","sv":"более 10 000","p":1000.0,"q":54.24,"b":5.75,"wi":122.38,"ei":9.26,"as":1599.85,"mi":"E","mv":49107,"sc":1,"lpe":78.51,"lpr":1234.07,"lq":6.69},{"pi":"422550","pc":"Автомобильные товары","ss":100000,"td":"Центр города","dc":1,"n":457.04,"vc":"более 200 000","sl":"Элитный","sv":"более 10 000","p":1000.0,"q":54.24,"b":5.75,"wi":122.38,"ei":9.26,"as":1599.85,"mi":"E","mv":49107,"sc":1,"lpe":78.51,"lpr":1234.07,"lq":6.69},{"pi":"422550","pc":"Автомобильные товары","ss":100000,"td":"Центр города","dc":1,"n":457.04,"vc":"более 200 000","sl":"Элитный","sv":"более 10 000","p":1000.0,"q":54.24,"b":5.75,"wi":122.38,"ei":9.26,"as":1599.85,"mi":"E","mv":49107,"sc":1,"lpe":78.51,"lpr":1234.07,"lq":6.69},{"pi":"422550","pc":"Автомобильные товары","ss":100000,"td":"Центр города","dc":1,"n":457.04,"vc":"более 200 000","sl":"Элитный","sv":"более 10 000","p":1000.0,"q":54.24,"b":5.75,"wi":122.38,"ei":9.26,"as":1599.85,"mi":"E","mv":49107,"sc":1,"lpe":78.51,"lpr":1234.07,"lq":6.69},{"pi":"422550","pc":"Автомобильные товары","ss":100000,"td":"Центр города","dc":1,"n":457.04,"vc":"более 200 000","sl":"Элитный","sv":"более 10 000","p":1000.0,"q":54.24,"b":5.75,"wi":122.38,"ei":9.26,"as":1599.85,"mi":"E","mv":49107,"sc":1,"lpe":78.51,"lpr":1234.07,"lq":6.69},{"pi":"422550","pc":"Автомобильные товары","ss":100000,"td":"Центр города","dc":1,"n":457.04,"vc":"более 200 000","sl":"Элитный","sv":"более 10 000","p":1000.0,"q":54.24,"b":5.75,"wi":122.38,"ei":9.26,"as":1599.85,"mi":"E","mv":49107,"sc":1,"lpe":78.51,"lpr":1234.07,"lq":6.69},{"pi":"422550","pc":"Автомобильные товары","ss":100000,"td":"Центр города","dc":1,"n":457.04,"vc":"более 200 000","sl":"Элитный","sv":"более 10 000","p":1000.0,"q":54.24,"b":5.75,"wi":122.38,"ei":9.26,"as":1599.85,"mi":"E","mv":49107,"sc":1,"lpe":78.51,"lpr":1234.07,"lq":6.69},{"pi":"422550","pc":"Автомобильные товары","ss":100,"td":"Фешенебельный район","dc":1,"n":22.44,"vc":"менее 50","sl":"Элитный","sv":"менее 50","p":1107.34,"q":1.05,"b":0.0,"wi":115.29,"ei":6.37,"as":405.17,"mi":"E","mv":63918,"sc":2,"lpe":99.97,"lpr":1057.0,"lq":1.0},{"pi":"422550","pc":"Автомобильные товары","ss":100,"td":"Фешенебельный район","dc":2,"n":0.0,"vc":"менее 50","sl":"Очень высокий","sv":"менее 50","p":850.0,"q":1.05,"b":0.0,"wi":115.29,"ei":6.37,"as":405.17,"mi":"E","mv":63918,"sc":2,"lpe":99.97,"lpr":1057.0,"lq":1.0},{"pi":"422550","pc":"Автомобильные товары","ss":100,"td":"Фешенебельный район","dc":1,"n":22.44,"vc":"менее 50","sl":"Элитный","sv":"менее 50","p":1107.34,"q":1.05,"b":0.0,"wi":115.29,"ei":6.37,"as":405.17,"mi":"E","mv":63918,"sc":2,"lpe":99.97,"lpr":1057.0,"lq":1.0},{"pi":"422550","pc":"Автомобильные товары","ss":100,"td":"Фешенебельный район","dc":2,"n":0.0,"vc":"менее 50","sl":"Очень высокий","sv":"менее 50","p":850.0,"q":1.05,"b":0.0,"wi":115.29,"ei":6.37,"as":405.17,"mi":"E","mv":63918,"sc":2,"lpe":99.97,"lpr":1057.0,"lq":1.0},{"pi":"422550","pc":"Автомобильные товары","ss":100,"td":"Фешенебельный район","dc":1,"n":22.44,"vc":"менее 50","sl":"Элитный","sv":"менее 50","p":1107.34,"q":1.05,"b":0.0,"wi":115.29,"ei":6.37,"as":405.17,"mi":"E","mv":63918,"sc":2,"lpe":99.97,"lpr":1057.0,"lq":1.0},{"pi":"422550","pc":"Автомобильные товары","ss":100,"td":"Фешенебельный район","dc":2,"n":0.0,"vc":"менее 50","sl":"Очень высокий","sv":"менее 50","p":850.0,"q":1.05,"b":0.0,"wi":115.29,"ei":6.37,"as":405.17,"mi":"E","mv":63918,"sc":2,"lpe":99.97,"lpr":1057.0,"lq":1.0},{"pi":"422550","pc":"Автомобильные товары","ss":100,"td":"Фешенебельный район","dc":1,"n":22.44,"vc":"менее 50","sl":"Элитный","sv":"менее 50","p":1107.34,"q":1.05,"b":0.0,"wi":115.29,"ei":6.37,"as":405.17,"mi":"E","mv":63918,"sc":2,"lpe":99.97,"lpr":1057.0,"lq":1.0},{"pi":"422550","pc":"Автомобильные товары","ss":100,"td":"Фешенебельный район","dc":2,"n":0.0,"vc":"менее 50","sl":"Очень высокий","sv":"менее 50","p":850.0,"q":1.05,"b":0.0,"wi":115.29,"ei":6.37,"as":405.17,"mi":"E","mv":63918,"sc":2,"lpe":99.97,"lpr":1057.0,"lq":1.0},{"pi":"422550","pc":"Автомобильные товары","ss":100,"td":"Фешенебельный район","dc":1,"n":22.44,"vc":"менее 50","sl":"Элитный","sv":"менее 50","p":1107.34,"q":1.05,"b":0.0,"wi":115.29,"ei":6.37,"as":405.17,"mi":"E","mv":63918,"sc":2,"lpe":99.97,"lpr":1057.0,"lq":1.0},{"pi":"422550","pc":"Автомобильные товары","ss":100,"td":"Фешенебельный район","dc":1,"n":22.44,"vc":"менее 50","sl":"Элитный","sv":"менее 50","p":1107.34,"q":1.05,"b":0.0,"wi":115.29,"ei":6.37,"as":405.17,"mi":"E","mv":63918,"sc":2,"lpe":99.97,"lpr":1057.0,"lq":1.0},{"pi":"422550","pc":"Автомобильные товары","ss":100,"td":"Фешенебельный район","dc":2,"n":0.0,"vc":"менее 50","sl":"Очень высокий","sv":"менее 50","p":850.0,"q":1.05,"b":0.0,"wi":115.29,"ei":6.37,"as":405.17,"mi":"E","mv":63918,"sc":2,"lpe":99.97,"lpr":1057.0,"lq":1.0},{"pi":"422550","pc":"Автомобильные товары","ss":100,"td":"Фешенебельный район","dc":1,"n":22.44,"vc":"менее 50","sl":"Элитный","sv":"менее 50","p":1107.34,"q":1.05,"b":0.0,"wi":115.29,"ei":6.37,"as":405.17,"mi":"E","mv":63918,"sc":2,"lpe":99.97,"lpr":1057.0,"lq":1.0},{"pi":"422550","pc":"Автомобильные товары","ss":100,"td":"Фешенебельный район","dc":2,"n":0.0,"vc":"менее 50","sl":"Очень высокий","sv":"менее 50","p":850.0,"q":1.05,"b":0.0,"wi":115.29,"ei":6.37,"as":405.17,"mi":"E","mv":63918,"sc":2,"lpe":99.97,"lpr":1057.0,"lq":1.0},{"pi":"422550","pc":"Автомобильные товары","ss":100,"td":"Фешенебельный район","dc":1,"n":22.44,"vc":"менее 50","sl":"Элитный","sv":"менее 50","p":1107.34,"q":1.05,"b":0.0,"wi":115.29,"ei":6.37,"as":405.17,"mi":"E","mv":63918,"sc":2,"lpe":99.97,"lpr":1057.0,"lq":1.0},{"pi":"422550","pc":"Автомобильные товары","ss":100,"td":"Фешенебельный район","dc":2,"n":0.0,"vc":"менее 50","sl":"Очень высокий","sv":"менее 50","p":850.0,"q":1.05,"b":0.0,"wi":115.29,"ei":6.37,"as":405.17,"mi":"E","mv":63918,"sc":2,"lpe":99.97,"lpr":1057.0,"lq":1.0},{"pi":"422550","pc":"Автомобильные товары","ss":100,"td":"Фешенебельный район","dc":1,"n":22.44,"vc":"менее 50","sl":"Элитный","sv":"менее 50","p":1107.34,"q":1.05,"b":0.0,"wi":115.29,"ei":6.37,"as":405.17,"mi":"E","mv":63918,"sc":2,"lpe":99.97,"lpr":1057.0,"lq":1.0},{"pi":"422550","pc":"Автомобильные товары","ss":100,"td":"Фешенебельный район","dc":2,"n":0.0,"vc":"менее 50","sl":"Очень высокий","sv":"менее 50","p":850.0,"q":1.05,"b":0.0,"wi":115.29,"ei":6.37,"as":405.17,"mi":"E","mv":63918,"sc":2,"lpe":99.97,"lpr":1057.0,"lq":1.0},{"pi":"422550","pc":"Автомобильные товары","ss":100,"td":"Фешенебельный район","dc":1,"n":49.81,"vc":"менее 50","sl":"Элитный","sv":"менее 50","p":1487.39,"q":1.05,"b":0.0,"wi":110.99,"ei":8.59,"as":436.2,"mi":"E","mv":25547,"sc":1,"lpe":99.91,"lpr":1419.78,"lq":1.0},{"pi":"422550","pc":"Автомобильные товары","ss":100,"td":"Фешенебельный район","dc":1,"n":49.81,"vc":"менее 50","sl":"Элитный","sv":"менее 50","p":1487.39,"q":1.05,"b":0.0,"wi":110.99,"ei":8.59,"as":436.2,"mi":"E","mv":25547,"sc":1,"lpe":99.91,"lpr":1419.78,"lq":1.0},{"pi":"422550","pc":"Автомобильные товары","ss":100,"td":"Фешенебельный район","dc":1,"n":49.81,"vc":"менее 50","sl":"Элитный","sv":"менее 50","p":1487.39,"q":1.05,"b":0.0,"wi":110.99,"ei":8.59,"as":436.2,"mi":"E","mv":25547,"sc":1,"lpe":99.91,"lpr":1419.78,"lq":1.0},{"pi":"422550","pc":"Автомобильные товары","ss":100,"td":"Фешенебельный район","dc":1,"n":49.81,"vc":"менее 50","sl":"Элитный","sv":"менее 50","p":1487.39,"q":1.05,"b":0.0,"wi":110.99,"ei":8.59,"as":436.2,"mi":"E","mv":25547,"sc":1,"lpe":99.91,"lpr":1419.78,"lq":1.0},{"pi":"422550","pc":"Автомобильные товары","ss":100,"td":"Фешенебельный район","dc":1,"n":49.81,"vc":"менее 50","sl":"Элитный","sv":"менее 50","p":1487.39,"q":1.05,"b":0.0,"wi":110.99,"ei":8.59,"as":436.2,"mi":"E","mv":25547,"sc":1,"lpe":99.91,"lpr":1419.78,"lq":1.0},{"pi":"422550","pc":"Автомобильные товары","ss":100,"td":"Фешенебельный район","dc":1,"n":49.81,"vc":"менее 50","sl":"Элитный","sv":"менее 50","p":1487.39,"q":1.05,"b":0.0,"wi":110.99,"ei":8.59,"as":436.2,"mi":"E","mv":25547,"sc":1,"lpe":99.91,"lpr":1419.78,"lq":1.0},{"pi":"422550","pc":"Автомобильные товары","ss":100,"td":"Фешенебельный район","dc":1,"n":49.81,"vc":"менее 50","sl":"Элитный","sv":"менее 50","p":1487.39,"q":1.05,"b":0.0,"wi":110.99,"ei":8.59,"as":436.2,"mi":"E","mv":25547,"sc":1,"lpe":99.91,"lpr":1419.78,"lq":1.0},{"pi":"422550","pc":"Автомобильные товары","ss":100,"td":"Фешенебельный район","dc":1,"n":49.81,"vc":"менее 50","sl":"Элитный","sv":"менее 50","p":1487.39,"q":1.05,"b":0.0,"wi":110.99,"ei":8.59,"as":436.2,"mi":"E","mv":25547,"sc":1,"lpe":99.91,"lpr":1419.78,"lq":1.0},{"pi":"422550","pc":"Автомобильные товары","ss":100,"td":"Фешенебельный район","dc":1,"n":49.81,"vc":"менее 50","sl":"Элитный","sv":"менее 50","p":1487.39,"q":1.05,"b":0.0,"wi":110.99,"ei":8.59,"as":436.2,"mi":"E","mv":25547,"sc":1,"lpe":99.91,"lpr":1419.78,"lq":1.0},{"pi":"422550","pc":"Автомобильные товары","ss":100000,"td":"Центр города","dc":8,"n":222.83,"vc":"около 50 000","sl":"Элитный","sv":"около 100","p":820.0,"q":1.0,"b":0.0,"wi":337.15,"ei":9.41,"as":2269.59,"mi":"E","mv":275211,"sc":1,"lpe":99.96,"lpr":10852.03,"lq":1.0},{"pi":"422550","pc":"Автомобильные товары","ss":100000,"td":"Центр города","dc":8,"n":222.83,"vc":"около 50 000","sl":"Элитный","sv":"около 100","p":820.0,"q":1.0,"b":0.0,"wi":337.15,"ei":9.41,"as":2269.59,"mi":"E","mv":275211,"sc":1,"lpe":99.96,"lpr":10852.03,"lq":1.0},{"pi":"422550","pc":"Автомобильные товары","ss":100000,"td":"Центр города","dc":8,"n":222.83,"vc":"около 50 000","sl":"Элитный","sv":"около 100","p":820.0,"q":1.0,"b":0.0,"wi":337.15,"ei":9.41,"as":2269.59,"mi":"E","mv":275211,"sc":1,"lpe":99.96,"lpr":10852.03,"lq":1.0},{"pi":"422550","pc":"Автомобильные товары","ss":100000,"td":"Центр города","dc":8,"n":222.83,"vc":"около 50 000","sl":"Элитный","sv":"около 100","p":820.0,"q":1.0,"b":0.0,"wi":337.15,"ei":9.41,"as":2269.59,"mi":"E","mv":275211,"sc":1,"lpe":99.96,"lpr":10852.03,"lq":1.0},{"pi":"422550","pc":"Автомобильные товары","ss":100000,"td":"Центр города","dc":8,"n":222.83,"vc":"около 50 000","sl":"Элитный","sv":"около 100","p":820.0,"q":1.0,"b":0.0,"wi":337.15,"ei":9.41,"as":2269.59,"mi":"E","mv":275211,"sc":1,"lpe":99.96,"lpr":10852.03,"lq":1.0},{"pi":"422550","pc":"Автомобильные товары","ss":100000,"td":"Центр города","dc":8,"n":222.83,"vc":"около 50 000","sl":"Элитный","sv":"около 100","p":820.0,"q":1.0,"b":0.0,"wi":337.15,"ei":9.41,"as":2269.59,"mi":"E","mv":275211,"sc":1,"lpe":99.96,"lpr":10852.03,"lq":1.0},{"pi":"422550","pc":"Автомобильные товары","ss":100000,"td":"Центр города","dc":8,"n":222.83,"vc":"около 50 000","sl":"Элитный","sv":"около 100","p":820.0,"q":1.0,"b":0.0,"wi":337.15,"ei":9.41,"as":2269.59,"mi":"E","mv":275211,"sc":1,"lpe":99.96,"lpr":10852.03,"lq":1.0},{"pi":"422550","pc":"Автомобильные товары","ss":100000,"td":"Центр города","dc":8,"n":222.83,"vc":"около 50 000","sl":"Элитный","sv":"около 100","p":820.0,"q":1.0,"b":0.0,"wi":337.15,"ei":9.41,"as":2269.59,"mi":"E","mv":275211,"sc":1,"lpe":99.96,"lpr":10852.03,"lq":1.0},{"pi":"422550","pc":"Автомобильные товары","ss":100000,"td":"Центр города","dc":8,"n":222.83,"vc":"около 50 000","sl":"Элитный","sv":"около 100","p":820.0,"q":1.0,"b":0.0,"wi":337.15,"ei":9.41,"as":2269.59,"mi":"E","mv":275211,"sc":1,"lpe":99.96,"lpr":10852.03,"lq":1.0},{"pi":"422550","pc":"Автомобильные товары","ss":100000,"td":"Центр города","dc":8,"n":222.83,"vc":"около 50 000","sl":"Элитный","sv":"около 100","p":820.0,"q":1.0,"b":0.0,"wi":337.15,"ei":9.41,"as":2269.59,"mi":"E","mv":275211,"sc":1,"lpe":99.96,"lpr":10852.03,"lq":1.0},{"pi":"422550","pc":"Автомобильные товары","ss":100000,"td":"Центр города","dc":8,"n":222.83,"vc":"около 50 000","sl":"Элитный","sv":"около 100","p":820.0,"q":1.0,"b":0.0,"wi":337.15,"ei":9.41,"as":2269.59,"mi":"E","mv":275211,"sc":1,"lpe":99.96,"lpr":10852.03,"lq":1.0},{"pi":"422550","pc":"Автомобильные товары","ss":100000,"td":"Центр города","dc":8,"n":222.83,"vc":"около 50 000","sl":"Элитный","sv":"около 100","p":820.0,"q":1.0,"b":0.0,"wi":337.15,"ei":9.41,"as":2269.59,"mi":"E","mv":275211,"sc":1,"lpe":99.96,"lpr":10852.03,"lq":1.0},{"pi":"422550","pc":"Автомобильные товары","ss":100000,"td":"Центр города","dc":8,"n":222.83,"vc":"около 50 000","sl":"Элитный","sv":"около 100","p":820.0,"q":1.0,"b":0.0,"wi":337.15,"ei":9.41,"as":2269.59,"mi":"E","mv":275211,"sc":1,"lpe":99.96,"lpr":10852.03,"lq":1.0},{"pi":"422550","pc":"Автомобильные товары","ss":100000,"td":"Центр города","dc":8,"n":222.83,"vc":"около 50 000","sl":"Элитный","sv":"около 100","p":820.0,"q":1.0,"b":0.0,"wi":337.15,"ei":9.41,"as":2269.59,"mi":"E","mv":275211,"sc":1,"lpe":99.96,"lpr":10852.03,"lq":1.0},{"pi":"422550","pc":"Автомобильные товары","ss":100000,"td":"Центр города","dc":8,"n":222.83,"vc":"около 50 000","sl":"Элитный","sv":"около 100","p":820.0,"q":1.0,"b":0.0,"wi":337.15,"ei":9.41,"as":2269.59,"mi":"E","mv":275211,"sc":1,"lpe":99.96,"lpr":10852.03,"lq":1.0},{"pi":"422550","pc":"Автомобильные товары","ss":100000,"td":"Центр города","dc":8,"n":222.83,"vc":"около 50 000","sl":"Элитный","sv":"около 100","p":820.0,"q":1.0,"b":0.0,"wi":337.15,"ei":9.41,"as":2269.59,"mi":"E","mv":275211,"sc":1,"lpe":99.96,"lpr":10852.03,"lq":1.0},{"pi":"422550","pc":"Автомобильные товары","ss":100000,"td":"Центр города","dc":8,"n":222.83,"vc":"около 50 000","sl":"Элитный","sv":"около 100","p":820.0,"q":1.0,"b":0.0,"wi":337.15,"ei":9.41,"as":2269.59,"mi":"E","mv":275211,"sc":1,"lpe":99.96,"lpr":10852.03,"lq":1.0},{"pi":"422550","pc":"Автомобильные товары","ss":100000,"td":"Центр города","dc":8,"n":222.83,"vc":"около 50 000","sl":"Элитный","sv":"около 100","p":820.0,"q":1.0,"b":0.0,"wi":337.15,"ei":9.41,"as":2269.59,"mi":"E","mv":275211,"sc":1,"lpe":99.96,"lpr":10852.03,"lq":1.0},{"pi":"422550","pc":"Автомобильные товары","ss":100000,"td":"Центр города","dc":8,"n":222.83,"vc":"около 50 000","sl":"Элитный","sv":"около 100","p":820.0,"q":1.0,"b":0.0,"wi":337.15,"ei":9.41,"as":2269.59,"mi":"E","mv":275211,"sc":1,"lpe":99.96,"lpr":10852.03,"lq":1.0},{"pi":"422550","pc":"Автомобильные товары","ss":100000,"td":"Центр города","dc":8,"n":222.83,"vc":"около 50 000","sl":"Элитный","sv":"около 100","p":820.0,"q":1.0,"b":0.0,"wi":337.15,"ei":9.41,"as":2269.59,"mi":"E","mv":275211,"sc":1,"lpe":99.96,"lpr":10852.03,"lq":1.0},{"pi":"422550","pc":"Автомобильные товары","ss":100000,"td":"Центр города","dc":8,"n":222.83,"vc":"около 50 000","sl":"Элитный","sv":"около 100","p":820.0,"q":1.0,"b":0.0,"wi":337.15,"ei":9.41,"as":2269.59,"mi":"E","mv":275211,"sc":1,"lpe":99.96,"lpr":10852.03,"lq":1.0},{"pi":"422550","pc":"Автомобильные товары","ss":100000,"td":"Центр города","dc":8,"n":222.83,"vc":"около 50 000","sl":"Элитный","sv":"около 100","p":820.0,"q":1.0,"b":0.0,"wi":337.15,"ei":9.41,"as":2269.59,"mi":"E","mv":275211,"sc":1,"lpe":99.96,"lpr":10852.03,"lq":1.0},{"pi":"422550","pc":"Автомобильные товары","ss":100000,"td":"Центр города","dc":8,"n":222.83,"vc":"около 50 000","sl":"Элитный","sv":"около 100","p":820.0,"q":1.0,"b":0.0,"wi":337.15,"ei":9.41,"as":2269.59,"mi":"E","mv":275211,"sc":1,"lpe":99.96,"lpr":10852.03,"lq":1.0},{"pi":"422550","pc":"Автомобильные товары","ss":100000,"td":"Центр города","dc":8,"n":222.83,"vc":"около 50 000","sl":"Элитный","sv":"около 100","p":820.0,"q":1.0,"b":0.0,"wi":337.15,"ei":9.41,"as":2269.59,"mi":"E","mv":275211,"sc":1,"lpe":99.96,"lpr":10852.03,"lq":1.0},{"pi":"422550","pc":"Автомобильные товары","ss":100000,"td":"Центр города","dc":8,"n":222.83,"vc":"около 50 000","sl":"Элитный","sv":"около 100","p":820.0,"q":1.0,"b":0.0,"wi":337.15,"ei":9.41,"as":2269.59,"mi":"E","mv":275211,"sc":1,"lpe":99.96,"lpr":10852.03,"lq":1.0},{"pi":"422550","pc":"Автомобильные товары","ss":100000,"td":"Центр города","dc":8,"n":222.83,"vc":"около 50 000","sl":"Элитный","sv":"около 100","p":820.0,"q":1.0,"b":0.0,"wi":337.15,"ei":9.41,"as":2269.59,"mi":"E","mv":275211,"sc":1,"lpe":99.96,"lpr":10852.03,"lq":1.0},{"pi":"422550","pc":"Автомобильные товары","ss":100000,"td":"Центр города","dc":8,"n":222.83,"vc":"около 50 000","sl":"Элитный","sv":"около 100","p":820.0,"q":1.0,"b":0.0,"wi":337.15,"ei":9.41,"as":2269.59,"mi":"E","mv":275211,"sc":1,"lpe":99.96,"lpr":10852.03,"lq":1.0},{"pi":"422550","pc":"Автомобильные товары","ss":100000,"td":"Центр города","dc":8,"n":222.83,"vc":"около 50 000","sl":"Элитный","sv":"около 100","p":820.0,"q":1.0,"b":0.0,"wi":337.15,"ei":9.41,"as":2269.59,"mi":"E","mv":275211,"sc":1,"lpe":99.96,"lpr":10852.03,"lq":1.0},{"pi":"422550","pc":"Автомобильные товары","ss":100000,"td":"Центр города","dc":8,"n":28.88,"vc":"около 5 000","sl":"Элитный","sv":"более 100","p":712.55,"q":1.04,"b":0.0,"wi":161.77,"ei":9.15,"as":2004.32,"mi":"E","mv":51975,"sc":1,"lpe":99.79,"lpr":7111.42,"lq":1.0},{"pi":"422550","pc":"Автомобильные товары","ss":100000,"td":"Центр города","dc":8,"n":28.88,"vc":"около 5 000","sl":"Элитный","sv":"более 100","p":712.55,"q":1.04,"b":0.0,"wi":161.77,"ei":9.15,"as":2004.32,"mi":"E","mv":51975,"sc":1,"lpe":99.79,"lpr":7111.42,"lq":1.0},{"pi":"422550","pc":"Автомобильные товары","ss":100000,"td":"Центр города","dc":8,"n":28.88,"vc":"около 5 000","sl":"Элитный","sv":"более 100","p":712.55,"q":1.04,"b":0.0,"wi":161.77,"ei":9.15,"as":2004.32,"mi":"E","mv":51975,"sc":1,"lpe":99.79,"lpr":7111.42,"lq":1.0},{"pi":"422550","pc":"Автомобильные товары","ss":100000,"td":"Центр города","dc":8,"n":28.88,"vc":"около 5 000","sl":"Элитный","sv":"более 100","p":712.55,"q":1.04,"b":0.0,"wi":161.77,"ei":9.15,"as":2004.32,"mi":"E","mv":51975,"sc":1,"lpe":99.79,"lpr":7111.42,"lq":1.0},{"pi":"422550","pc":"Автомобильные товары","ss":100000,"td":"Центр города","dc":8,"n":28.88,"vc":"около 5 000","sl":"Элитный","sv":"более 100","p":712.55,"q":1.04,"b":0.0,"wi":161.77,"ei":9.15,"as":2004.32,"mi":"E","mv":51975,"sc":1,"lpe":99.79,"lpr":7111.42,"lq":1.0},{"pi":"422550","pc":"Автомобильные товары","ss":100000,"td":"Центр города","dc":8,"n":28.88,"vc":"около 5 000","sl":"Элитный","sv":"более 100","p":712.55,"q":1.04,"b":0.0,"wi":161.77,"ei":9.15,"as":2004.32,"mi":"E","mv":51975,"sc":1,"lpe":99.79,"lpr":7111.42,"lq":1.0},{"pi":"422550","pc":"Автомобильные товары","ss":100000,"td":"Центр города","dc":8,"n":28.88,"vc":"около 5 000","sl":"Элитный","sv":"более 100","p":712.55,"q":1.04,"b":0.0,"wi":161.77,"ei":9.15,"as":2004.32,"mi":"E","mv":51975,"sc":1,"lpe":99.79,"lpr":7111.42,"lq":1.0},{"pi":"422550","pc":"Автомобильные товары","ss":100000,"td":"Центр города","dc":8,"n":28.88,"vc":"около 5 000","sl":"Элитный","sv":"более 100","p":712.55,"q":1.04,"b":0.0,"wi":161.77,"ei":9.15,"as":2004.32,"mi":"E","mv":51975,"sc":1,"lpe":99.79,"lpr":7111.42,"lq":1.0},{"pi":"422550","pc":"Автомобильные товары","ss":100000,"td":"Центр города","dc":8,"n":28.88,"vc":"около 5 000","sl":"Элитный","sv":"более 100","p":712.55,"q":1.04,"b":0.0,"wi":161.77,"ei":9.15,"as":2004.32,"mi":"E","mv":51975,"sc":1,"lpe":99.79,"lpr":7111.42,"lq":1.0},{"pi":"422550","pc":"Автомобильные товары","ss":100000,"td":"Центр города","dc":8,"n":28.88,"vc":"около 5 000","sl":"Элитный","sv":"более 100","p":712.55,"q":1.04,"b":0.0,"wi":161.77,"ei":9.15,"as":2004.32,"mi":"E","mv":51975,"sc":1,"lpe":99.79,"lpr":7111.42,"lq":1.0},{"pi":"422550","pc":"Автомобильные товары","ss":100000,"td":"Центр города","dc":8,"n":28.88,"vc":"около 5 000","sl":"Элитный","sv":"более 100","p":712.55,"q":1.04,"b":0.0,"wi":161.77,"ei":9.15,"as":2004.32,"mi":"E","mv":51975,"sc":1,"lpe":99.79,"lpr":7111.42,"lq":1.0},{"pi":"422550","pc":"Автомобильные товары","ss":100000,"td":"Центр города","dc":8,"n":28.88,"vc":"около 5 000","sl":"Элитный","sv":"более 100","p":712.55,"q":1.04,"b":0.0,"wi":161.77,"ei":9.15,"as":2004.32,"mi":"E","mv":51975,"sc":1,"lpe":99.79,"lpr":7111.42,"lq":1.0},{"pi":"422550","pc":"Автомобильные товары","ss":100000,"td":"Центр города","dc":8,"n":28.88,"vc":"около 5 000","sl":"Элитный","sv":"более 100","p":712.55,"q":1.04,"b":0.0,"wi":161.77,"ei":9.15,"as":2004.32,"mi":"E","mv":51975,"sc":1,"lpe":99.79,"lpr":7111.42,"lq":1.0},{"pi":"422550","pc":"Автомобильные товары","ss":100000,"td":"Центр города","dc":8,"n":28.88,"vc":"около 5 000","sl":"Элитный","sv":"более 100","p":712.55,"q":1.04,"b":0.0,"wi":161.77,"ei":9.15,"as":2004.32,"mi":"E","mv":51975,"sc":1,"lpe":99.79,"lpr":7111.42,"lq":1.0},{"pi":"422550","pc":"Автомобильные товары","ss":100000,"td":"Центр города","dc":8,"n":28.88,"vc":"около 5 000","sl":"Элитный","sv":"более 100","p":712.55,"q":1.04,"b":0.0,"wi":161.77,"ei":9.15,"as":2004.32,"mi":"E","mv":51975,"sc":1,"lpe":99.79,"lpr":7111.42,"lq":1.0},{"pi":"422550","pc":"Автомобильные товары","ss":100000,"td":"Центр города","dc":8,"n":28.88,"vc":"около 5 000","sl":"Элитный","sv":"более 100","p":712.55,"q":1.04,"b":0.0,"wi":161.77,"ei":9.15,"as":2004.32,"mi":"E","mv":51975,"sc":1,"lpe":99.79,"lpr":7111.42,"lq":1.0},{"pi":"422550","pc":"Автомобильные товары","ss":100000,"td":"Центр города","dc":8,"n":28.88,"vc":"около 5 000","sl":"Элитный","sv":"более 100","p":712.55,"q":1.04,"b":0.0,"wi":161.77,"ei":9.15,"as":2004.32,"mi":"E","mv":51975,"sc":1,"lpe":99.79,"lpr":7111.42,"lq":1.0},{"pi":"422550","pc":"Автомобильные товары","ss":100000,"td":"Центр города","dc":8,"n":28.88,"vc":"около 5 000","sl":"Элитный","sv":"более 100","p":712.55,"q":1.04,"b":0.0,"wi":161.77,"ei":9.15,"as":2004.32,"mi":"E","mv":51975,"sc":1,"lpe":99.79,"lpr":7111.42,"lq":1.0},{"pi":"422550","pc":"Автомобильные товары","ss":100000,"td":"Центр города","dc":8,"n":28.88,"vc":"около 5 000","sl":"Элитный","sv":"более 100","p":712.55,"q":1.04,"b":0.0,"wi":161.77,"ei":9.15,"as":2004.32,"mi":"E","mv":51975,"sc":1,"lpe":99.79,"lpr":7111.42,"lq":1.0},{"pi":"422550","pc":"Автомобильные товары","ss":100000,"td":"Центр города","dc":8,"n":28.88,"vc":"около 5 000","sl":"Элитный","sv":"более 100","p":712.55,"q":1.04,"b":0.0,"wi":161.77,"ei":9.15,"as":2004.32,"mi":"E","mv":51975,"sc":1,"lpe":99.79,"lpr":7111.42,"lq":1.0},{"pi":"422550","pc":"Автомобильные товары","ss":100000,"td":"Центр города","dc":8,"n":28.88,"vc":"около 5 000","sl":"Элитный","sv":"более 100","p":712.55,"q":1.04,"b":0.0,"wi":161.77,"ei":9.15,"as":2004.32,"mi":"E","mv":51975,"sc":1,"lpe":99.79,"lpr":7111.42,"lq":1.0},{"pi":"422550","pc":"Автомобильные товары","ss":100,"td":"Фешенебельный район","dc":1,"n":24.02,"vc":"менее 50","sl":"Элитный","sv":"менее 50","p":977.44,"q":1.05,"b":0.0,"wi":123.78,"ei":8.76,"as":437.58,"mi":"E","mv":74667,"sc":2,"lpe":99.96,"lpr":933.01,"lq":1.0},{"pi":"422550","pc":"Автомобильные товары","ss":100,"td":"Фешенебельный район","dc":1,"n":0.0,"vc":"менее 50","sl":"Очень высокий","sv":"менее 50","p":977.44,"q":1.05,"b":0.0,"wi":123.78,"ei":8.76,"as":437.58,"mi":"E","mv":74667,"sc":2,"lpe":99.96,"lpr":933.01,"lq":1.0},{"pi":"422550","pc":"Автомобильные товары","ss":100,"td":"Фешенебельный район","dc":1,"n":24.02,"vc":"менее 50","sl":"Элитный","sv":"менее 50","p":977.44,"q":1.05,"b":0.0,"wi":123.78,"ei":8.76,"as":437.58,"mi":"E","mv":74667,"sc":2,"lpe":99.96,"lpr":933.01,"lq":1.0},{"pi":"422550","pc":"Автомобильные товары","ss":100,"td":"Фешенебельный район","dc":1,"n":24.02,"vc":"менее 50","sl":"Элитный","sv":"менее 50","p":977.44,"q":1.05,"b":0.0,"wi":123.78,"ei":8.76,"as":437.58,"mi":"E","mv":74667,"sc":2,"lpe":99.96,"lpr":933.01,"lq":1.0},{"pi":"422550","pc":"Автомобильные товары","ss":100,"td":"Фешенебельный район","dc":1,"n":24.02,"vc":"менее 50","sl":"Элитный","sv":"менее 50","p":977.44,"q":1.05,"b":0.0,"wi":123.78,"ei":8.76,"as":437.58,"mi":"E","mv":74667,"sc":2,"lpe":99.96,"lpr":933.01,"lq":1.0},{"pi":"422550","pc":"Автомобильные товары","ss":100,"td":"Фешенебельный район","dc":1,"n":24.02,"vc":"менее 50","sl":"Элитный","sv":"менее 50","p":977.44,"q":1.05,"b":0.0,"wi":123.78,"ei":8.76,"as":437.58,"mi":"E","mv":74667,"sc":2,"lpe":99.96,"lpr":933.01,"lq":1.0},{"pi":"422550","pc":"Автомобильные товары","ss":100,"td":"Фешенебельный район","dc":1,"n":24.02,"vc":"менее 50","sl":"Элитный","sv":"менее 50","p":977.44,"q":1.05,"b":0.0,"wi":123.78,"ei":8.76,"as":437.58,"mi":"E","mv":74667,"sc":2,"lpe":99.96,"lpr":933.01,"lq":1.0},{"pi":"422550","pc":"Автомобильные товары","ss":100,"td":"Фешенебельный район","dc":1,"n":24.02,"vc":"менее 50","sl":"Элитный","sv":"менее 50","p":977.44,"q":1.05,"b":0.0,"wi":123.78,"ei":8.76,"as":437.58,"mi":"E","mv":74667,"sc":2,"lpe":99.96,"lpr":933.01,"lq":1.0},{"pi":"422550","pc":"Автомобильные товары","ss":100,"td":"Фешенебельный район","dc":1,"n":24.02,"vc":"менее 50","sl":"Элитный","sv":"менее 50","p":977.44,"q":1.05,"b":0.0,"wi":123.78,"ei":8.76,"as":437.58,"mi":"E","mv":74667,"sc":2,"lpe":99.96,"lpr":933.01,"lq":1.0},{"pi":"422550","pc":"Автомобильные товары","ss":10000,"td":"Центр города","dc":1,"n":468.74,"vc":"более 20 000","sl":"Очень высокий","sv":"более 20 000","p":750.0,"q":47.85,"b":0.0,"wi":39.96,"ei":7.9,"as":409.29,"mi":"E","mv":81779,"sc":1,"lpe":72.27,"lpr":254.9,"lq":2.12},{"pi":"422550","pc":"Автомобильные товары","ss":10000,"td":"Центр города","dc":1,"n":468.74,"vc":"более 20 000","sl":"Очень высокий","sv":"более 20 000","p":750.0,"q":47.85,"b":0.0,"wi":39.96,"ei":7.9,"as":409.29,"mi":"E","mv":81779,"sc":1,"lpe":72.27,"lpr":254.9,"lq":2.12},{"pi":"422550","pc":"Автомобильные товары","ss":10000,"td":"Центр города","dc":1,"n":468.74,"vc":"более 20 000","sl":"Очень высокий","sv":"более 20 000","p":750.0,"q":47.85,"b":0.0,"wi":39.96,"ei":7.9,"as":409.29,"mi":"E","mv":81779,"sc":1,"lpe":72.27,"lpr":254.9,"lq":2.12},{"pi":"422550","pc":"Автомобильные товары","ss":10000,"td":"Центр города","dc":1,"n":468.74,"vc":"более 20 000","sl":"Очень высокий","sv":"более 20 000","p":750.0,"q":47.85,"b":0.0,"wi":39.96,"ei":7.9,"as":409.29,"mi":"E","mv":81779,"sc":1,"lpe":72.27,"lpr":254.9,"lq":2.12},{"pi":"422550","pc":"Автомобильные товары","ss":10000,"td":"Центр города","dc":1,"n":468.74,"vc":"более 20 000","sl":"Очень высокий","sv":"более 20 000","p":750.0,"q":47.85,"b":0.0,"wi":39.96,"ei":7.9,"as":409.29,"mi":"E","mv":81779,"sc":1,"lpe":72.27,"lpr":254.9,"lq":2.12},{"pi":"422550","pc":"Автомобильные товары","ss":10000,"td":"Центр города","dc":1,"n":468.74,"vc":"более 20 000","sl":"Очень высокий","sv":"более 20 000","p":750.0,"q":47.85,"b":0.0,"wi":39.96,"ei":7.9,"as":409.29,"mi":"E","mv":81779,"sc":1,"lpe":72.27,"lpr":254.9,"lq":2.12},{"pi":"422550","pc":"Автомобильные товары","ss":10000,"td":"Центр города","dc":1,"n":468.74,"vc":"более 20 000","sl":"Очень высокий","sv":"более 20 000","p":750.0,"q":47.85,"b":0.0,"wi":39.96,"ei":7.9,"as":409.29,"mi":"E","mv":81779,"sc":1,"lpe":72.27,"lpr":254.9,"lq":2.12},{"pi":"422550","pc":"Автомобильные товары","ss":10000,"td":"Центр города","dc":1,"n":468.74,"vc":"более 20 000","sl":"Очень высокий","sv":"более 20 000","p":750.0,"q":47.85,"b":0.0,"wi":39.96,"ei":7.9,"as":409.29,"mi":"E","mv":81779,"sc":1,"lpe":72.27,"lpr":254.9,"lq":2.12},{"pi":"422550","pc":"Автомобильные товары","ss":10000,"td":"Центр города","dc":1,"n":468.74,"vc":"более 20 000","sl":"Очень высокий","sv":"более 20 000","p":750.0,"q":47.85,"b":0.0,"wi":39.96,"ei":7.9,"as":409.29,"mi":"E","mv":81779,"sc":1,"lpe":72.27,"lpr":254.9,"lq":2.12},{"pi":"422550","pc":"Автомобильные товары","ss":10000,"td":"Центр города","dc":1,"n":468.74,"vc":"более 20 000","sl":"Очень высокий","sv":"более 20 000","p":750.0,"q":47.85,"b":0.0,"wi":39.96,"ei":7.9,"as":409.29,"mi":"E","mv":81779,"sc":1,"lpe":72.27,"lpr":254.9,"lq":2.12},{"pi":"422550","pc":"Автомобильные товары","ss":10000,"td":"Центр города","dc":1,"n":468.74,"vc":"более 20 000","sl":"Очень высокий","sv":"более 20 000","p":750.0,"q":47.85,"b":0.0,"wi":39.96,"ei":7.9,"as":409.29,"mi":"E","mv":81779,"sc":1,"lpe":72.27,"lpr":254.9,"lq":2.12},{"pi":"422550","pc":"Автомобильные товары","ss":10000,"td":"Центр города","dc":1,"n":468.74,"vc":"более 20 000","sl":"Очень высокий","sv":"более 20 000","p":750.0,"q":47.85,"b":0.0,"wi":39.96,"ei":7.9,"as":409.29,"mi":"E","mv":81779,"sc":1,"lpe":72.27,"lpr":254.9,"lq":2.12},{"pi":"422550","pc":"Автомобильные товары","ss":10000,"td":"Центр города","dc":1,"n":468.74,"vc":"более 20 000","sl":"Очень высокий","sv":"более 20 000","p":750.0,"q":47.85,"b":0.0,"wi":39.96,"ei":7.9,"as":409.29,"mi":"E","mv":81779,"sc":1,"lpe":72.27,"lpr":254.9,"lq":2.12},{"pi":"422550","pc":"Автомобильные товары","ss":10000,"td":"Центр города","dc":1,"n":468.74,"vc":"более 20 000","sl":"Очень высокий","sv":"более 20 000","p":750.0,"q":47.85,"b":0.0,"wi":39.96,"ei":7.9,"as":409.29,"mi":"E","mv":81779,"sc":1,"lpe":72.27,"lpr":254.9,"lq":2.12}]