[{"d":"30.12.2016","r":90.0,"q":1.0,"p":3000000.0,"s":[{"ui":"6791872","t":90.0,"r":90.0,"q":1.0,"p":3000000.0,"mot":"U","mo":90.0},{"cn":"","ui":"","t":0.0,"r":0.0,"q":0.0,"p":0.0,"mot":"L","mo":0.0}]},{"d":"31.12.2016","r":17.0,"q":1.0,"p":7.376470588E7,"s":[{"ui":"6783834","t":9.0,"r":9.0,"q":1.0,"p":8.6E7,"mot":"U","mo":9.0},{"ui":"6776695","t":8.0,"r":8.0,"q":1.0,"p":6.0E7,"mot":"U","mo":8.0},{"cn":"","ui":"","t":0.0,"r":0.0,"q":0.0,"p":0.0,"mot":"L","mo":0.0}]},{"d":"02.01.2017","r":100.0,"q":1.0,"p":3000000.0,"s":[{"ui":"6803616","t":100.0,"r":100.0,"q":1.0,"p":3000000.0,"mot":"U","mo":100.0},{"cn":"","ui":"","t":0.0,"r":0.0,"q":0.0,"p":0.0,"mot":"L","mo":0.0}]},{"d":"07.01.2017","r":27.0,"q":2.41,"p":8.588888889E7,"s":[{"ui":"6783548","t":10.0,"r":10.0,"q":2.46,"p":8.26E7,"mot":"U","mo":10.0},{"ui":"6783834","t":16.0,"r":16.0,"q":2.46,"p":8.8E7,"mot":"U","mo":16.0},{"cn":"","ui":"","t":2.0,"r":1.0,"q":1.1,"p":8.5E7,"mot":"L","mo":1.0}]},{"d":"08.01.2017","r":31.0,"q":1.66,"p":7.343548387E7,"s":[{"ui":"6803739","t":3.0,"r":3.0,"q":1.04,"p":8.25E7,"mot":"U","mo":3.0},{"ui":"6783834","t":13.0,"r":13.0,"q":2.46,"p":8.8E7,"mot":"U","mo":13.0},{"ui":"6798629","t":15.0,"r":15.0,"q":1.1,"p":5.9E7,"mot":"U","mo":15.0},{"cn":"","ui":"","t":0.0,"r":0.0,"q":0.0,"p":0.0,"mot":"L","mo":0.0}]},{"d":"10.01.2017","r":37.0,"q":3.57,"p":8.982162162E7,"s":[{"ui":"6783548","t":14.0,"r":14.0,"q":2.46,"p":8.26E7,"mot":"U","mo":14.0},{"ui":"6783834","t":10.0,"r":10.0,"q":4.17,"p":8.8E7,"mot":"U","mo":10.0},{"ui":"6810351","t":14.0,"r":13.0,"q":4.3,"p":9.9E7,"mot":"U","mo":13.0},{"cn":"","ui":"","t":0.0,"r":0.0,"q":0.0,"p":0.0,"mot":"L","mo":0.0}]},{"d":"13.01.2017","r":632.0,"q":12.27,"p":1.5776408228E8,"s":[{"ui":"6833068","t":400.0,"r":399.0,"q":16.08,"p":1.99E8,"mot":"U","mo":399.0},{"ui":"6827741","t":185.0,"r":185.0,"q":6.43,"p":8.27E7,"mot":"U","mo":185.0},{"cn":"","ui":"","t":69.0,"r":48.0,"q":3.08,"p":1.043E8,"mot":"L","mo":48.0}]},{"d":"14.01.2017","r":583.0,"q":4.93,"p":9.421890739E7,"s":[{"ui":"6783901","t":145.0,"r":145.0,"q":4.17,"p":8.1E7,"mot":"U","mo":145.0},{"ui":"6827741","t":175.0,"r":175.0,"q":6.43,"p":8.27E7,"mot":"U","mo":175.0},{"ui":"6263327","t":159.0,"r":159.0,"q":4.82,"p":1.0360140258E8,"mot":"U","mo":159.0},{"ui":"6816271","t":50.0,"r":50.0,"q":4.17,"p":1.3E8,"mot":"U","mo":50.0},{"cn":"","ui":"","t":77.0,"r":54.0,"q":3.17,"p":1.0628703704E8,"mot":"L","mo":54.0}]},{"d":"15.01.2017","r":210.0,"q":3.08,"p":1.0230690476E8,"s":[{"ui":"6783548","t":16.0,"r":16.0,"q":2.44,"p":8.26E7,"mot":"U","mo":16.0},{"ui":"6804384","t":15.0,"r":13.0,"q":2.46,"p":1.5E8,"mot":"U","mo":13.0},{"ui":"6785146","t":37.0,"r":17.0,"q":4.17,"p":9.6E7,"mot":"U","mo":17.0},{"ui":"6808956","t":33.0,"r":33.0,"q":1.29,"p":6.5E7,"mot":"U","mo":33.0},{"ui":"6816271","t":88.0,"r":88.0,"q":4.17,"p":1.3E8,"mot":"U","mo":88.0},{"ui":"6781574","t":36.0,"r":36.0,"q":2.14,"p":6.6E7,"mot":"U","mo":36.0},{"cn":"","ui":"","t":7.0,"r":7.0,"q":2.55,"p":8.855E7,"mot":"L","mo":7.0}]},{"d":"16.01.2017","r":396.0,"q":5.0,"p":1.0275609059E8,"s":[{"ui":"6263327","t":36.0,"r":36.0,"q":6.69,"p":1.0360140258E8,"mot":"U","mo":36.0},{"ui":"6816271","t":87.0,"r":87.0,"q":4.17,"p":1.3E8,"mot":"U","mo":87.0},{"ui":"6827741","t":169.0,"r":169.0,"q":6.43,"p":8.27E7,"mot":"U","mo":169.0},{"cn":"","ui":"","t":152.0,"r":104.0,"q":2.79,"p":1.1226405173E8,"mot":"L","mo":104.0}]},{"d":"17.01.2017","r":371.0,"q":6.35,"p":8.45080878E7,"s":[{"ui":"6827741","t":114.0,"r":114.0,"q":6.43,"p":8.27E7,"mot":"U","mo":114.0},{"ui":"6796271","t":89.0,"r":89.0,"q":10.07,"p":1.32E7,"mot":"U","mo":89.0},{"ui":"6263327","t":32.0,"r":32.0,"q":6.7,"p":1.0360140258E8,"mot":"U","mo":32.0},{"ui":"6816271","t":88.0,"r":88.0,"q":4.16,"p":1.3E8,"mot":"U","mo":88.0},{"cn":"","ui":"","t":95.0,"r":48.0,"q":3.01,"p":1.2488866021E8,"mot":"L","mo":48.0}]},{"d":"18.01.2017","r":547.0,"q":5.33,"p":1.9644073126E8,"s":[{"ui":"6847056","t":533.0,"r":533.0,"q":5.37,"p":1.9741E8,"mot":"U","mo":533.0},{"cn":"","ui":"","t":16.0,"r":14.0,"q":3.98,"p":1.5953928571E8,"mot":"L","mo":14.0}]},{"d":"19.01.2017","r":1365.0,"q":5.09,"p":3.8319029304E8,"s":[{"ui":"6783901","t":516.0,"r":500.0,"q":6.24,"p":1.57668E8,"mot":"U","mo":500.0},{"ui":"6850146","t":865.0,"r":865.0,"q":4.43,"p":5.1355E8,"mot":"U","mo":865.0},{"cn":"","ui":"","t":0.0,"r":0.0,"q":0.0,"p":0.0,"mot":"L","mo":0.0}]},{"d":"20.01.2017","r":871.0,"q":4.48,"p":5.0491825488E8,"s":[{"ui":"6850146","t":842.0,"r":842.0,"q":4.43,"p":5.1355E8,"mot":"U","mo":842.0},{"cn":"","ui":"","t":29.0,"r":29.0,"q":5.96,"p":2.543E8,"mot":"L","mo":29.0}]},{"d":"21.01.2017","r":1087.0,"q":6.03,"p":2.378848832E8,"s":[{"ui":"6707513","t":100.0,"r":100.0,"q":1.0,"p":5.0E8,"mot":"U","mo":100.0},{"ui":"6783901","t":554.0,"r":554.0,"q":6.87,"p":1.57668E8,"mot":"U","mo":554.0},{"ui":"6840139","t":79.0,"r":79.0,"q":6.06,"p":3.33E8,"mot":"U","mo":79.0},{"ui":"6853994","t":97.0,"r":97.0,"q":6.06,"p":2.543E8,"mot":"U","mo":97.0},{"ui":"6847056","t":92.0,"r":92.0,"q":6.06,"p":5.44E8,"mot":"U","mo":92.0},{"cn":"","ui":"","t":168.0,"r":165.0,"q":6.18,"p":1.224890669E8,"mot":"L","mo":165.0}]},{"d":"22.01.2017","r":487.0,"q":5.26,"p":4.0644617214E8,"s":[{"ui":"6853994","t":213.0,"r":213.0,"q":6.06,"p":2.543E8,"mot":"U","mo":213.0},{"ui":"6707513","t":98.0,"r":97.0,"q":1.0,"p":5.0E8,"mot":"U","mo":97.0},{"ui":"6263327","t":174.0,"r":172.0,"q":6.71,"p":5.4436340601E8,"mot":"U","mo":172.0},{"cn":"","ui":"","t":5.0,"r":5.0,"q":4.11,"p":3.28576E8,"mot":"L","mo":5.0}]},{"d":"23.01.2017","r":1603.0,"q":6.67,"p":4.2783767298E8,"s":[{"ui":"6707513","t":98.0,"r":98.0,"q":1.0,"p":5.0E8,"mot":"U","mo":98.0},{"ui":"6263327","t":208.0,"r":208.0,"q":6.72,"p":5.4436340601E8,"mot":"U","mo":208.0},{"ui":"6853994","t":245.0,"r":145.0,"q":7.4,"p":2.543E8,"mot":"U","mo":145.0},{"ui":"6861577","t":413.0,"r":412.0,"q":6.12,"p":6.0088E8,"mot":"U","mo":412.0},{"ui":"6847056","t":91.0,"r":91.0,"q":6.06,"p":5.44E8,"mot":"U","mo":91.0},{"ui":"6407639","t":335.0,"r":335.0,"q":8.01,"p":4.0E8,"mot":"U","mo":335.0},{"cn":"","ui":"","t":310.0,"r":314.0,"q":7.54,"p":1.7724885775E8,"mot":"L","mo":314.0}]},{"d":"24.01.2017","r":1142.0,"q":6.46,"p":3.7944092925E8,"s":[{"ui":"6596071","t":197.0,"r":197.0,"q":6.72,"p":2.4436342802E8,"mot":"L","mo":150.0},{"ui":"6853994","t":212.0,"r":212.0,"q":7.6,"p":2.543E8,"mot":"U","mo":212.0},{"ui":"6861577","t":495.0,"r":495.0,"q":6.47,"p":6.0088E8,"mot":"U","mo":495.0},{"ui":"6863459","t":97.0,"r":97.0,"q":1.0,"p":1.66651E8,"mot":"U","mo":97.0},{"ui":"6816271","t":166.0,"r":154.0,"q":8.1,"p":1.45E8,"mot":"U","mo":154.0},{"cn":"","ui":"","t":35.0,"r":34.0,"q":6.35,"p":2.0072588235E8,"mot":"L","mo":34.0}]},{"d":"25.01.2017","r":2696.0,"q":7.94,"p":3.0463324354E8,"s":[{"ui":"6415614","t":681.0,"r":681.0,"q":8.23,"p":2.5E8,"mot":"U","mo":681.0},{"ui":"6783901","t":783.0,"r":782.0,"q":9.42,"p":2.2157E8,"mot":"U","mo":782.0},{"ui":"6816271","t":180.0,"r":167.0,"q":9.51,"p":1.45E8,"mot":"U","mo":167.0},{"ui":"6596071","t":211.0,"r":211.0,"q":6.71,"p":2.4436342802E8,"mot":"L","mo":150.0},{"ui":"6861577","t":580.0,"r":580.0,"q":6.72,"p":6.0088E8,"mot":"U","mo":580.0},{"cn":"","ui":"","t":431.0,"r":336.0,"q":5.76,"p":2.0355229281E8,"mot":"L","mo":336.0}]},{"d":"26.01.2017","r":2957.0,"q":8.27,"p":3.2756846639E8,"s":[{"ui":"6415614","t":790.0,"r":790.0,"q":8.35,"p":2.5E8,"mot":"U","mo":790.0},{"ui":"6783901","t":737.0,"r":735.0,"q":9.42,"p":2.2157E8,"mot":"U","mo":735.0},{"ui":"6853994","t":183.0,"r":183.0,"q":7.57,"p":2.543E8,"mot":"U","mo":183.0},{"ui":"6861577","t":669.0,"r":669.0,"q":6.91,"p":6.0088E8,"mot":"U","mo":669.0},{"ui":"6783908","t":388.0,"r":387.0,"q":9.96,"p":3.0E8,"mot":"U","mo":387.0},{"cn":"","ui":"","t":185.0,"r":193.0,"q":5.6,"p":2.261159851E8,"mot":"L","mo":193.0}]},{"d":"27.01.2017","r":15915.0,"q":5.92,"p":1.8142431632E8,"s":[{"ui":"6778229","t":1515.0,"r":1515.0,"q":10.9,"p":1.5E8,"mot":"U","mo":1515.0},{"ui":"6783908","t":2212.0,"r":2212.0,"q":9.63,"p":3.0E8,"mot":"U","mo":2212.0},{"ui":"6791494","t":10455.0,"r":10455.0,"q":4.15,"p":1.5E8,"mot":"U","mo":10455.0},{"cn":"","ui":"","t":2453.0,"r":1733.0,"q":7.5,"p":2.4712521304E8,"mot":"L","mo":1733.0}]},{"d":"28.01.2017","r":18937.0,"q":6.22,"p":1.9213780632E8,"s":[{"ui":"6783908","t":2989.0,"r":2989.0,"q":9.71,"p":2.35E8,"mot":"U","mo":2989.0},{"ui":"6791494","t":10839.0,"r":10839.0,"q":4.3,"p":1.5E8,"mot":"U","mo":10839.0},{"cn":"","ui":"","t":5324.0,"r":5109.0,"q":8.24,"p":2.5645892312E8,"mot":"L","mo":5109.0}]},{"d":"29.01.2017","r":20700.0,"q":7.13,"p":2.0028685715E8,"s":[{"ui":"6791911","t":1737.0,"r":1737.0,"q":16.72,"p":3.0E8,"mot":"U","mo":1737.0},{"ui":"6783908","t":3295.0,"r":3295.0,"q":9.71,"p":2.35E8,"mot":"U","mo":3295.0},{"ui":"6791494","t":11223.0,"r":11223.0,"q":4.44,"p":1.5E8,"mot":"U","mo":11223.0},{"cn":"","ui":"","t":4797.0,"r":4445.0,"q":8.25,"p":2.6255634262E8,"mot":"L","mo":4445.0}]},{"d":"30.01.2017","r":22115.0,"q":7.26,"p":1.8530738927E8,"s":[{"ui":"6791911","t":1902.0,"r":1901.0,"q":16.72,"p":2.0E8,"mot":"U","mo":1901.0},{"ui":"6783908","t":3295.0,"r":3295.0,"q":9.71,"p":2.02E8,"mot":"U","mo":3295.0},{"ui":"6791494","t":11607.0,"r":11607.0,"q":4.58,"p":1.5E8,"mot":"U","mo":11607.0},{"cn":"","ui":"","t":5482.0,"r":5312.0,"q":8.22,"p":2.4684354549E8,"mot":"L","mo":5312.0}]},{"d":"31.01.2017","r":20577.0,"q":6.46,"p":1.5582156383E8,"s":[{"ui":"6783908","t":3295.0,"r":3295.0,"q":9.71,"p":1.6E8,"mot":"U","mo":3295.0},{"ui":"6791494","t":11991.0,"r":11991.0,"q":4.7,"p":1.5E8,"mot":"U","mo":11991.0},{"cn":"","ui":"","t":5699.0,"r":5291.0,"q":8.44,"p":1.6641283668E8,"mot":"L","mo":5291.0}]},{"d":"01.02.2017","r":21348.0,"q":6.64,"p":1.50473423E8,"s":[{"ui":"6783908","t":3295.0,"r":3295.0,"q":9.71,"p":1.5E8,"mot":"U","mo":3295.0},{"ui":"6791494","t":12375.0,"r":12375.0,"q":4.8,"p":1.5E8,"mot":"U","mo":12375.0},{"cn":"","ui":"","t":5882.0,"r":5678.0,"q":8.87,"p":1.5177996375E8,"mot":"L","mo":5678.0}]},{"d":"02.02.2017","r":23593.0,"q":6.47,"p":1.3952130637E8,"s":[{"ui":"6763747","t":2059.0,"r":2058.0,"q":6.32,"p":6.0E7,"mot":"U","mo":2058.0},{"ui":"6783908","t":3295.0,"r":3295.0,"q":9.71,"p":1.4E8,"mot":"U","mo":3295.0},{"ui":"6791494","t":12759.0,"r":12759.0,"q":4.91,"p":1.5E8,"mot":"U","mo":12759.0},{"cn":"","ui":"","t":5706.0,"r":5481.0,"q":8.19,"p":1.4469917554E8,"mot":"L","mo":5481.0}]},{"d":"03.02.2017","r":23969.0,"q":6.5,"p":1.4172501264E8,"s":[{"ui":"6783908","t":3295.0,"r":3295.0,"q":9.71,"p":1.3E8,"mot":"U","mo":3295.0},{"ui":"6791494","t":13143.0,"r":13143.0,"q":5.01,"p":1.5E8,"mot":"U","mo":13143.0},{"cn":"","ui":"","t":7778.0,"r":7531.0,"q":7.7,"p":1.3241360086E8,"mot":"L","mo":7531.0}]},{"d":"04.02.2017","r":2595.0,"q":8.45,"p":7.503468208E7,"s":[{"ui":"6710774","t":162.0,"r":162.0,"q":9.44,"p":5.5E7,"mot":"U","mo":162.0},{"ui":"6763747","t":1093.0,"r":1092.0,"q":7.0,"p":6.0E7,"mot":"U","mo":1092.0},{"ui":"4101696","t":262.0,"r":262.0,"q":8.26,"p":5.9E7,"mot":"U","mo":262.0},{"ui":"6785146","t":193.0,"r":193.0,"q":8.1,"p":1.0E8,"mot":"U","mo":193.0},{"ui":"6796273","t":160.0,"r":160.0,"q":10.13,"p":6.9E7,"mot":"U","mo":160.0},{"ui":"6778229","t":346.0,"r":343.0,"q":13.04,"p":8.0E7,"mot":"U","mo":343.0},{"cn":"","ui":"","t":387.0,"r":383.0,"q":7.65,"p":1.228381201E8,"mot":"L","mo":383.0}]},{"d":"05.02.2017","r":20540.0,"q":6.07,"p":1.4188276039E8,"s":[{"ui":"6791494","t":13527.0,"r":13527.0,"q":5.1,"p":1.5E8,"mot":"U","mo":13527.0},{"cn":"","ui":"","t":7240.0,"r":7013.0,"q":7.94,"p":1.2622585175E8,"mot":"L","mo":7013.0}]},{"d":"06.02.2017","r":25212.0,"q":6.49,"p":1.4037986415E8,"s":[{"ui":"6783908","t":3295.0,"r":3295.0,"q":9.71,"p":1.2E8,"mot":"U","mo":3295.0},{"ui":"6791494","t":13887.0,"r":13887.0,"q":5.18,"p":1.5E8,"mot":"U","mo":13887.0},{"cn":"","ui":"","t":8317.0,"r":8030.0,"q":7.45,"p":1.3210549626E8,"mot":"L","mo":8030.0}]},{"d":"07.02.2017","r":22590.0,"q":6.29,"p":1.4700014113E8,"s":[{"ui":"6791494","t":14271.0,"r":14271.0,"q":5.25,"p":1.5E8,"mot":"U","mo":14271.0},{"cn":"","ui":"","t":8647.0,"r":8319.0,"q":8.07,"p":1.4185397142E8,"mot":"L","mo":8319.0}]},{"d":"08.02.2017","r":22376.0,"q":6.43,"p":1.4170179822E8,"s":[{"ui":"5813525","t":1211.0,"r":1211.0,"q":6.69,"p":2.0E8,"mot":"U","mo":1211.0},{"ui":"6791494","t":14655.0,"r":14655.0,"q":5.39,"p":1.5E8,"mot":"U","mo":14655.0},{"cn":"","ui":"","t":6845.0,"r":6510.0,"q":8.73,"p":1.1217656482E8,"mot":"L","mo":6510.0}]},{"d":"09.02.2017","r":21626.0,"q":6.34,"p":1.4575288945E8,"s":[{"ui":"5813525","t":1311.0,"r":1311.0,"q":6.71,"p":2.0E8,"mot":"U","mo":1311.0},{"ui":"6791494","t":15039.0,"r":15039.0,"q":5.54,"p":1.5E8,"mot":"U","mo":15039.0},{"cn":"","ui":"","t":5555.0,"r":5276.0,"q":8.52,"p":1.201671697E8,"mot":"L","mo":5276.0}]},{"d":"10.02.2017","r":22137.0,"q":6.61,"p":1.4797861756E8,"s":[{"ui":"5813525","t":1411.0,"r":1411.0,"q":6.72,"p":2.0E8,"mot":"U","mo":1411.0},{"ui":"6791494","t":15389.0,"r":15389.0,"q":5.67,"p":1.5E8,"mot":"U","mo":15389.0},{"cn":"","ui":"","t":5636.0,"r":5337.0,"q":9.3,"p":1.2839660052E8,"mot":"L","mo":5337.0}]},{"d":"11.02.2017","r":23001.0,"q":6.73,"p":1.4642786624E8,"s":[{"ui":"5813525","t":1511.0,"r":1511.0,"q":6.73,"p":2.0E8,"mot":"U","mo":1511.0},{"ui":"6791494","t":15773.0,"r":15773.0,"q":5.82,"p":1.5E8,"mot":"U","mo":15773.0},{"cn":"","ui":"","t":6110.0,"r":5717.0,"q":9.24,"p":1.2241339012E8,"mot":"L","mo":5717.0}]},{"d":"12.02.2017","r":23092.0,"q":6.67,"p":1.4794049382E8,"s":[{"ui":"5813525","t":1611.0,"r":1611.0,"q":6.74,"p":2.0E8,"mot":"U","mo":1611.0},{"ui":"6791494","t":16157.0,"r":16157.0,"q":5.96,"p":1.5E8,"mot":"U","mo":16157.0},{"cn":"","ui":"","t":5668.0,"r":5324.0,"q":8.8,"p":1.2593761896E8,"mot":"L","mo":5324.0}]},{"d":"13.02.2017","r":22277.0,"q":6.97,"p":1.4799548793E8,"s":[{"ui":"6763747","t":1146.0,"r":1146.0,"q":8.87,"p":6.0E7,"mot":"U","mo":1146.0},{"ui":"5813525","t":1711.0,"r":1711.0,"q":6.74,"p":2.0E8,"mot":"U","mo":1711.0},{"ui":"6791494","t":14044.0,"r":14044.0,"q":6.12,"p":1.5E8,"mot":"U","mo":14044.0},{"cn":"","ui":"","t":5791.0,"r":5376.0,"q":8.86,"p":1.4496567793E8,"mot":"L","mo":5376.0}]},{"d":"14.02.2017","r":23156.0,"q":7.21,"p":1.3368095587E8,"s":[{"ui":"6763747","t":1262.0,"r":1262.0,"q":8.91,"p":6.0E7,"mot":"U","mo":1262.0},{"ui":"5813525","t":1811.0,"r":1811.0,"q":6.75,"p":2.0E8,"mot":"U","mo":1811.0},{"ui":"6791494","t":14428.0,"r":14428.0,"q":6.27,"p":1.5E8,"mot":"U","mo":14428.0},{"cn":"","ui":"","t":6094.0,"r":5655.0,"q":9.36,"p":8.724955155E7,"mot":"L","mo":5655.0}]},{"d":"15.02.2017","r":22178.0,"q":7.29,"p":1.3791534958E8,"s":[{"ui":"6763747","t":1377.0,"r":1377.0,"q":8.94,"p":6.0E7,"mot":"U","mo":1377.0},{"ui":"5813525","t":1821.0,"r":1821.0,"q":6.75,"p":2.0E8,"mot":"U","mo":1821.0},{"ui":"6791494","t":14812.0,"r":14812.0,"q":6.42,"p":1.5E8,"mot":"U","mo":14812.0},{"cn":"","ui":"","t":4556.0,"r":4168.0,"q":10.09,"p":9.358604197E7,"mot":"L","mo":4168.0}]},{"d":"16.02.2017","r":24142.0,"q":7.55,"p":1.3950101142E8,"s":[{"ui":"6763747","t":1494.0,"r":1494.0,"q":9.0,"p":6.0E7,"mot":"U","mo":1494.0},{"ui":"5813525","t":1831.0,"r":1831.0,"q":6.75,"p":2.0E8,"mot":"U","mo":1831.0},{"ui":"6791494","t":15196.0,"r":15196.0,"q":6.56,"p":1.5E8,"mot":"U","mo":15196.0},{"cn":"","ui":"","t":5644.0,"r":5621.0,"q":10.09,"p":1.1254108127E8,"mot":"L","mo":5621.0}]},{"d":"17.02.2017","r":24640.0,"q":7.78,"p":1.3384309962E8,"s":[{"ui":"6763747","t":1611.0,"r":1611.0,"q":9.04,"p":6.0E7,"mot":"U","mo":1611.0},{"ui":"5813525","t":1841.0,"r":1841.0,"q":6.75,"p":2.0E8,"mot":"U","mo":1841.0},{"ui":"6791494","t":15580.0,"r":15580.0,"q":6.69,"p":1.5E8,"mot":"U","mo":15580.0},{"cn":"","ui":"","t":5619.0,"r":5608.0,"q":10.8,"p":8.845113672E7,"mot":"L","mo":5608.0}]},{"d":"18.02.2017","r":26454.0,"q":7.79,"p":1.334072999E8,"s":[{"ui":"6763747","t":1650.0,"r":1650.0,"q":9.05,"p":6.0E7,"mot":"U","mo":1650.0},{"ui":"5813525","t":1851.0,"r":1851.0,"q":6.75,"p":2.0E8,"mot":"U","mo":1851.0},{"ui":"6791494","t":15964.0,"r":15964.0,"q":6.81,"p":1.5E8,"mot":"U","mo":15964.0},{"cn":"","ui":"","t":7015.0,"r":6989.0,"q":10.01,"p":9.520055969E7,"mot":"L","mo":6989.0}]},{"d":"19.02.2017","r":24790.0,"q":7.37,"p":1.3256736225E8,"s":[{"ui":"6763747","t":1670.0,"r":1670.0,"q":9.06,"p":6.0E7,"mot":"U","mo":1670.0},{"ui":"5813525","t":1861.0,"r":1861.0,"q":6.75,"p":2.0E8,"mot":"U","mo":1861.0},{"ui":"6791494","t":16348.0,"r":16348.0,"q":6.93,"p":1.5E8,"mot":"U","mo":16348.0},{"cn":"","ui":"","t":4921.0,"r":4911.0,"q":8.5,"p":7.366013241E7,"mot":"L","mo":4911.0}]},{"d":"20.02.2017","r":26329.0,"q":7.77,"p":1.3111694196E8,"s":[{"ui":"6763747","t":1785.0,"r":1785.0,"q":9.08,"p":6.0E7,"mot":"U","mo":1785.0},{"ui":"5813525","t":1871.0,"r":1871.0,"q":6.75,"p":2.0E8,"mot":"U","mo":1871.0},{"ui":"6791494","t":16732.0,"r":16732.0,"q":7.05,"p":1.5E8,"mot":"U","mo":16732.0},{"cn":"","ui":"","t":5951.0,"r":5941.0,"q":9.71,"p":7.760948742E7,"mot":"L","mo":5941.0}]},{"d":"21.02.2017","r":32048.0,"q":8.15,"p":1.1799810443E8,"s":[{"ui":"6304863","t":1618.0,"r":1618.0,"q":8.35,"p":4.4E7,"mot":"U","mo":1618.0},{"ui":"6763747","t":1900.0,"r":1900.0,"q":9.09,"p":6.0E7,"mot":"U","mo":1900.0},{"ui":"5813525","t":1881.0,"r":1881.0,"q":6.75,"p":2.0E8,"mot":"U","mo":1881.0},{"ui":"6783908","t":3276.0,"r":3276.0,"q":9.71,"p":4.55E7,"mot":"U","mo":3276.0},{"ui":"6791494","t":17116.0,"r":17116.0,"q":7.16,"p":1.5E8,"mot":"U","mo":17116.0},{"cn":"","ui":"","t":6268.0,"r":6257.0,"q":10.11,"p":8.051034852E7,"mot":"L","mo":6257.0}]},{"d":"22.02.2017","r":33295.0,"q":8.14,"p":1.1634618323E8,"s":[{"ui":"6304863","t":1692.0,"r":1692.0,"q":8.43,"p":4.4E7,"mot":"U","mo":1692.0},{"ui":"6763747","t":1934.0,"r":1934.0,"q":9.09,"p":6.0E7,"mot":"U","mo":1934.0},{"ui":"5813525","t":1891.0,"r":1891.0,"q":6.75,"p":2.0E8,"mot":"U","mo":1891.0},{"ui":"6783908","t":2552.0,"r":2552.0,"q":9.71,"p":4.55E7,"mot":"U","mo":2552.0},{"ui":"6791494","t":17500.0,"r":17500.0,"q":7.26,"p":1.5E8,"mot":"U","mo":17500.0},{"cn":"","ui":"","t":7851.0,"r":7726.0,"q":9.64,"p":7.299277384E7,"mot":"L","mo":7726.0}]},{"d":"23.02.2017","r":30612.0,"q":7.98,"p":1.2418385923E8,"s":[{"ui":"6304863","t":1797.0,"r":1797.0,"q":8.49,"p":4.4E7,"mot":"U","mo":1797.0},{"ui":"6763747","t":1953.0,"r":1953.0,"q":9.09,"p":6.0E7,"mot":"U","mo":1953.0},{"ui":"5813525","t":1901.0,"r":1901.0,"q":6.75,"p":2.0E8,"mot":"U","mo":1901.0},{"ui":"6791494","t":17884.0,"r":17884.0,"q":7.37,"p":1.5E8,"mot":"U","mo":17884.0},{"cn":"","ui":"","t":7202.0,"r":7077.0,"q":9.43,"p":7.665229599E7,"mot":"L","mo":7077.0}]},{"d":"24.02.2017","r":32676.0,"q":8.33,"p":1.1263492957E8,"s":[{"ui":"6763747","t":2066.0,"r":2066.0,"q":9.09,"p":6.0E7,"mot":"U","mo":2066.0},{"ui":"6304863","t":1902.0,"r":1902.0,"q":8.55,"p":4.4E7,"mot":"U","mo":1902.0},{"ui":"5813525","t":1911.0,"r":1911.0,"q":6.75,"p":4.0E7,"mot":"U","mo":1911.0},{"ui":"6791494","t":18268.0,"r":18268.0,"q":7.46,"p":1.5E8,"mot":"U","mo":18268.0},{"cn":"","ui":"","t":9646.0,"r":8529.0,"q":10.3,"p":7.693410232E7,"mot":"L","mo":8529.0}]},{"d":"25.02.2017","r":14863.0,"q":9.55,"p":6.899897932E7,"s":[{"ui":"6763747","t":2178.0,"r":2178.0,"q":9.09,"p":6.0E7,"mot":"U","mo":2178.0},{"ui":"6304863","t":1863.0,"r":1863.0,"q":8.61,"p":4.4E7,"mot":"U","mo":1863.0},{"ui":"5813525","t":1921.0,"r":1921.0,"q":6.76,"p":4.0E7,"mot":"U","mo":1921.0},{"ui":"6831154","t":1427.0,"r":1427.0,"q":9.5,"p":1.0E8,"mot":"U","mo":1427.0},{"ui":"6257623","t":1849.0,"r":1848.0,"q":15.57,"p":8.0E7,"mot":"U","mo":1848.0},{"cn":"","ui":"","t":5747.0,"r":5626.0,"q":9.02,"p":7.918589223E7,"mot":"L","mo":5626.0}]},{"d":"26.02.2017","r":15991.0,"q":9.68,"p":6.762044379E7,"s":[{"ui":"6304863","t":1968.0,"r":1968.0,"q":8.66,"p":4.4E7,"mot":"U","mo":1968.0},{"ui":"6763747","t":2214.0,"r":2214.0,"q":9.08,"p":6.0E7,"mot":"U","mo":2214.0},{"ui":"4101696","t":803.0,"r":803.0,"q":9.46,"p":4.2E7,"mot":"U","mo":803.0},{"ui":"5813525","t":1931.0,"r":1931.0,"q":6.76,"p":4.0E7,"mot":"U","mo":1931.0},{"ui":"6831154","t":1462.0,"r":1462.0,"q":9.48,"p":1.0E8,"mot":"U","mo":1462.0},{"ui":"6257623","t":1640.0,"r":1639.0,"q":15.57,"p":8.0E7,"mot":"U","mo":1639.0},{"cn":"","ui":"","t":5991.0,"r":5974.0,"q":9.64,"p":7.927695291E7,"mot":"L","mo":5974.0}]},{"d":"27.02.2017","r":13100.0,"q":9.94,"p":7.542815456E7,"s":[{"ui":"6304863","t":2073.0,"r":2073.0,"q":8.7,"p":4.4E7,"mot":"U","mo":2073.0},{"ui":"5813525","t":1939.0,"r":1939.0,"q":6.76,"p":4.0E7,"mot":"U","mo":1939.0},{"ui":"6831154","t":1500.0,"r":1500.0,"q":9.47,"p":1.0E8,"mot":"U","mo":1500.0},{"ui":"6407639","t":664.0,"r":664.0,"q":10.88,"p":7.0E7,"mot":"U","mo":664.0},{"ui":"6257623","t":2655.0,"r":2654.0,"q":15.48,"p":8.0E7,"mot":"U","mo":2654.0},{"cn":"","ui":"","t":4291.0,"r":4270.0,"q":8.57,"p":9.614445543E7,"mot":"L","mo":4270.0}]},{"d":"28.02.2017","r":18315.0,"q":10.15,"p":1.64835582434E9,"s":[{"ui":"6304863","t":2178.0,"r":2178.0,"q":8.75,"p":4.4E7,"mot":"U","mo":2178.0},{"ui":"6831128","t":951.0,"r":951.0,"q":10.23,"p":4.4E7,"mot":"U","mo":951.0},{"ui":"5813525","t":1770.0,"r":1770.0,"q":6.76,"p":4.0E7,"mot":"U","mo":1770.0},{"ui":"6783908","t":2547.0,"r":2547.0,"q":9.71,"p":4.55E7,"mot":"U","mo":2547.0},{"ui":"6831154","t":1536.0,"r":1536.0,"q":9.46,"p":9.0E7,"mot":"U","mo":1536.0},{"ui":"6257623","t":2586.0,"r":2585.0,"q":15.48,"p":8.0E7,"mot":"U","mo":2585.0},{"cn":"","ui":"","t":6768.0,"r":6748.0,"q":9.75,"p":4.37466396306E9,"mot":"L","mo":6748.0}]},{"d":"01.03.2017","r":15651.0,"q":10.28,"p":6.688487283E7,"s":[{"ui":"6304863","t":2283.0,"r":2283.0,"q":8.79,"p":4.4E7,"mot":"U","mo":2283.0},{"ui":"6796271","t":858.0,"r":858.0,"q":11.67,"p":4.6E7,"mot":"U","mo":858.0},{"ui":"6831128","t":930.0,"r":930.0,"q":10.23,"p":4.4E7,"mot":"U","mo":930.0},{"ui":"5813525","t":1780.0,"r":1780.0,"q":6.76,"p":4.0E7,"mot":"U","mo":1780.0},{"ui":"6831154","t":1573.0,"r":1573.0,"q":9.44,"p":9.0E7,"mot":"U","mo":1573.0},{"ui":"6848220","t":887.0,"r":887.0,"q":11.86,"p":4.5E7,"mot":"U","mo":887.0},{"ui":"6257623","t":2550.0,"r":2549.0,"q":15.48,"p":8.0E7,"mot":"U","mo":2549.0},{"cn":"","ui":"","t":5811.0,"r":4791.0,"q":9.27,"p":8.544565742E7,"mot":"L","mo":4791.0}]},{"d":"02.03.2017","r":46284.0,"q":8.37,"p":3.3577764597E8,"s":[{"ui":"6304863","t":2388.0,"r":2388.0,"q":8.83,"p":4.4E7,"mot":"U","mo":2388.0},{"ui":"6783908","t":2547.0,"r":2547.0,"q":9.71,"p":4.25E7,"mot":"U","mo":2547.0},{"ui":"6791494","t":18737.0,"r":18737.0,"q":7.58,"p":1.5E8,"mot":"U","mo":18737.0},{"ui":"6257623","t":2544.0,"r":2543.0,"q":15.48,"p":7.5E7,"mot":"U","mo":2543.0},{"cn":"","ui":"","t":21236.0,"r":20069.0,"q":7.99,"p":6.1420788609E8,"mot":"L","mo":20069.0}]},{"d":"03.03.2017","r":18086.0,"q":9.8,"p":6.200886538E7,"s":[{"cn":"Aarn Inc","ui":"6304863","t":2493.0,"r":2493.0,"q":8.86,"p":4.4E7,"mot":"U","mo":2493.0},{"cn":"Feniks","ui":"6796271","t":1240.0,"r":1240.0,"q":11.7,"p":4.4E7,"mot":"U","mo":1240.0},{"cn":"Rulezzz!","ui":"6831128","t":974.0,"r":974.0,"q":10.28,"p":3.9E7,"mot":"U","mo":974.0},{"cn":"sigma ltd","ui":"5813525","t":1800.0,"r":1800.0,"q":6.76,"p":4.0E7,"mot":"U","mo":1800.0},{"cn":"АО «ПОГАНКА»","ui":"6257623","t":2536.0,"r":2535.0,"q":15.48,"p":7.5E7,"mot":"U","mo":2535.0},{"cn":"Barsik","ui":"6831154","t":1643.0,"r":1643.0,"q":9.41,"p":9.0E7,"mot":"U","mo":1643.0},{"cn":"OSA Group","ui":"6848220","t":1006.0,"r":1006.0,"q":11.86,"p":4.0E7,"mot":"U","mo":1006.0},{"cn":"","ui":"","t":7034.0,"r":6395.0,"q":8.1,"p":7.334156987E7,"mot":"L","mo":6395.0}]},{"d":"04.03.2017","r":18339.0,"q":9.64,"p":1.1223292234E8,"s":[{"cn":"Aarn Inc","ui":"6304863","t":2598.0,"r":2598.0,"q":8.88,"p":4.4E7,"mot":"U","mo":2598.0},{"cn":"promtrades inc","ui":"6710891","t":1271.0,"r":1271.0,"q":1.0,"p":8.0E8,"mot":"U","mo":1271.0},{"cn":"Feniks","ui":"6796271","t":1448.0,"r":1448.0,"q":11.72,"p":4.4E7,"mot":"U","mo":1448.0},{"cn":"sigma ltd","ui":"5813525","t":1810.0,"r":1810.0,"q":6.76,"p":4.0E7,"mot":"U","mo":1810.0},{"cn":"Barsik","ui":"6831154","t":1709.0,"r":1709.0,"q":9.4,"p":9.0E7,"mot":"U","mo":1709.0},{"cn":"OSA Group","ui":"6848220","t":998.0,"r":998.0,"q":11.86,"p":4.0E7,"mot":"U","mo":998.0},{"cn":"колобок","ui":"6407639","t":929.0,"r":929.0,"q":10.97,"p":7.0E7,"mot":"U","mo":929.0},{"cn":"АО «ПОГАНКА»","ui":"6257623","t":2479.0,"r":2478.0,"q":15.48,"p":7.5E7,"mot":"U","mo":2478.0},{"cn":"","ui":"","t":5969.0,"r":5098.0,"q":9.16,"p":6.794930614E7,"mot":"L","mo":5098.0}]},{"d":"05.03.2017","r":15606.0,"q":10.0,"p":6.364036531E7,"s":[{"cn":"Aarn Inc","ui":"6304863","t":2703.0,"r":2703.0,"q":8.9,"p":4.4E7,"mot":"U","mo":2703.0},{"cn":"Rulezzz!","ui":"6831128","t":907.0,"r":907.0,"q":10.28,"p":3.65E7,"mot":"U","mo":907.0},{"cn":"sigma ltd","ui":"5813525","t":1820.0,"r":1820.0,"q":6.76,"p":4.0E7,"mot":"U","mo":1820.0},{"cn":"Morskoy region","ui":"6840741","t":1079.0,"r":1079.0,"q":10.13,"p":3.8E7,"mot":"U","mo":1079.0},{"cn":"Barsik","ui":"6831154","t":1760.0,"r":1760.0,"q":9.39,"p":8.5E7,"mot":"U","mo":1760.0},{"cn":"колобок","ui":"6407639","t":982.0,"r":982.0,"q":10.98,"p":7.0E7,"mot":"U","mo":982.0},{"cn":"АО «ПОГАНКА»","ui":"6257623","t":2437.0,"r":2435.0,"q":15.48,"p":7.5E7,"mot":"U","mo":2435.0},{"cn":"","ui":"","t":4016.0,"r":3920.0,"q":8.78,"p":8.325689823E7,"mot":"L","mo":3920.0}]},{"d":"06.03.2017","r":15465.0,"q":10.04,"p":6.538324895E7,"s":[{"cn":"Aarn Inc","ui":"6304863","t":2808.0,"r":2808.0,"q":8.91,"p":4.4E7,"mot":"U","mo":2808.0},{"cn":"sigma ltd","ui":"5813525","t":1830.0,"r":1830.0,"q":6.76,"p":4.0E7,"mot":"U","mo":1830.0},{"cn":"Morskoy region","ui":"6840741","t":1143.0,"r":1143.0,"q":10.12,"p":3.68E7,"mot":"U","mo":1143.0},{"cn":"Barsik","ui":"6831154","t":1797.0,"r":1797.0,"q":9.38,"p":8.5E7,"mot":"U","mo":1797.0},{"cn":"колобок","ui":"6407639","t":1035.0,"r":1035.0,"q":10.99,"p":7.0E7,"mot":"U","mo":1035.0},{"cn":"АО «ПОГАНКА»","ui":"6257623","t":2415.0,"r":2413.0,"q":15.48,"p":7.5E7,"mot":"U","mo":2413.0},{"cn":"","ui":"","t":4459.0,"r":4439.0,"q":9.16,"p":8.248874636E7,"mot":"L","mo":4439.0}]},{"d":"07.03.2017","r":18170.0,"q":9.93,"p":6.382844529E7,"s":[{"cn":"Aarn Inc","ui":"6304863","t":2913.0,"r":2913.0,"q":8.91,"p":4.4E7,"mot":"U","mo":2913.0},{"cn":"АО Гренада","ui":"6763747","t":2292.0,"r":2292.0,"q":9.07,"p":6.0E7,"mot":"U","mo":2292.0},{"cn":"sigma ltd","ui":"5813525","t":1840.0,"r":1840.0,"q":6.76,"p":4.0E7,"mot":"U","mo":1840.0},{"cn":"Morskoy region","ui":"6840741","t":1332.0,"r":1332.0,"q":10.11,"p":3.68E7,"mot":"U","mo":1332.0},{"cn":"Barsik","ui":"6831154","t":1832.0,"r":1832.0,"q":9.37,"p":8.5E7,"mot":"U","mo":1832.0},{"cn":"колобок","ui":"6407639","t":1073.0,"r":1073.0,"q":11.0,"p":7.0E7,"mot":"U","mo":1073.0},{"cn":"АО «ПОГАНКА»","ui":"6257623","t":2316.0,"r":2314.0,"q":15.48,"p":7.5E7,"mot":"U","mo":2314.0},{"cn":"","ui":"","t":4613.0,"r":4574.0,"q":9.38,"p":8.025213182E7,"mot":"L","mo":4574.0}]},{"d":"08.03.2017","r":17733.0,"q":9.64,"p":6.556472596E7,"s":[{"cn":"АО Гренада","ui":"6763747","t":2394.0,"r":2394.0,"q":9.13,"p":6.0E7,"mot":"U","mo":2394.0},{"cn":"Aarn Inc","ui":"6304863","t":3018.0,"r":3018.0,"q":8.92,"p":4.4E7,"mot":"U","mo":3018.0},{"cn":"sigma ltd","ui":"5813525","t":1850.0,"r":1850.0,"q":6.76,"p":4.0E7,"mot":"U","mo":1850.0},{"cn":"колобок","ui":"6407639","t":1126.0,"r":1126.0,"q":11.01,"p":7.0E7,"mot":"U","mo":1126.0},{"cn":"АО «ПОГАНКА»","ui":"6257623","t":2071.0,"r":2069.0,"q":15.48,"p":7.5E7,"mot":"U","mo":2069.0},{"cn":"Barsik","ui":"6831154","t":1867.0,"r":1867.0,"q":9.35,"p":8.0E7,"mot":"U","mo":1867.0},{"cn":"","ui":"","t":5447.0,"r":5409.0,"q":8.83,"p":7.928864585E7,"mot":"L","mo":5409.0}]},{"d":"10.03.2017","r":21767.0,"q":9.91,"p":5.799553604E7,"s":[{"cn":"Aarn Inc","ui":"6304863","t":3123.0,"r":3123.0,"q":8.93,"p":4.4E7,"mot":"U","mo":3123.0},{"cn":"АО Гренада","ui":"6763747","t":2495.0,"r":2495.0,"q":9.17,"p":6.0E7,"mot":"U","mo":2495.0},{"cn":"Feniks","ui":"6796271","t":1657.0,"r":1657.0,"q":11.74,"p":4.4E7,"mot":"U","mo":1657.0},{"cn":"sigma ltd","ui":"5813525","t":1860.0,"r":1860.0,"q":6.76,"p":4.0E7,"mot":"U","mo":1860.0},{"cn":"Morskoy region","ui":"6840741","t":1392.0,"r":1392.0,"q":10.1,"p":3.68E7,"mot":"U","mo":1392.0},{"cn":"Barsik","ui":"6831154","t":1990.0,"r":1990.0,"q":9.34,"p":8.0E7,"mot":"U","mo":1990.0},{"cn":"колобок","ui":"6407639","t":1179.0,"r":1179.0,"q":11.02,"p":7.0E7,"mot":"U","mo":1179.0},{"cn":"АО «ПОГАНКА»","ui":"6257623","t":1987.0,"r":1985.0,"q":15.48,"p":7.0E7,"mot":"U","mo":1985.0},{"cn":"","ui":"","t":6101.0,"r":6086.0,"q":9.3,"p":6.507775763E7,"mot":"L","mo":6086.0}]},{"d":"11.03.2017","r":24424.0,"q":9.64,"p":6.578434073E7,"s":[{"cn":"Aarn Inc","ui":"6304863","t":3331.0,"r":3331.0,"q":8.93,"p":4.4E7,"mot":"U","mo":3331.0},{"cn":"АО Гренада","ui":"6763747","t":2715.0,"r":2715.0,"q":9.31,"p":6.0E7,"mot":"U","mo":2715.0},{"cn":"Feniks","ui":"6796271","t":1537.0,"r":1537.0,"q":11.74,"p":4.4E7,"mot":"U","mo":1537.0},{"cn":"sigma ltd","ui":"5813525","t":1880.0,"r":1880.0,"q":6.76,"p":4.0E7,"mot":"U","mo":1880.0},{"cn":"колобок","ui":"6407639","t":1285.0,"r":1285.0,"q":11.03,"p":7.0E7,"mot":"U","mo":1285.0},{"cn":"АО «ПОГАНКА»","ui":"6257623","t":1933.0,"r":1931.0,"q":15.48,"p":7.0E7,"mot":"U","mo":1931.0},{"cn":"Morskoy region","ui":"6840741","t":1391.0,"r":1391.0,"q":10.1,"p":3.5E7,"mot":"U","mo":1391.0},{"cn":"Barsik","ui":"6831154","t":2134.0,"r":2134.0,"q":9.32,"p":8.0E7,"mot":"U","mo":2134.0},{"cn":"","ui":"","t":8235.0,"r":8220.0,"q":8.73,"p":8.636249853E7,"mot":"L","mo":8220.0}]},{"d":"12.03.2017","r":19775.0,"q":9.54,"p":5.512289862E7,"s":[{"cn":"Aarn Inc","ui":"6304863","t":3434.0,"r":3434.0,"q":8.93,"p":4.4E7,"mot":"U","mo":3434.0},{"cn":"АО Гренада","ui":"6763747","t":2834.0,"r":2834.0,"q":9.4,"p":6.0E7,"mot":"U","mo":2834.0},{"cn":"Feniks","ui":"6796271","t":1343.0,"r":1343.0,"q":11.74,"p":3.5E7,"mot":"U","mo":1343.0},{"cn":"sigma ltd","ui":"5813525","t":1890.0,"r":1890.0,"q":6.76,"p":4.0E7,"mot":"U","mo":1890.0},{"cn":"Barsik","ui":"6831154","t":2181.0,"r":2181.0,"q":9.32,"p":7.5E7,"mot":"U","mo":2181.0},{"cn":"колобок","ui":"6407639","t":1324.0,"r":1324.0,"q":11.07,"p":7.0E7,"mot":"U","mo":1324.0},{"cn":"АО «ПОГАНКА»","ui":"6257623","t":1227.0,"r":1225.0,"q":15.48,"p":7.0E7,"mot":"U","mo":1225.0},{"cn":"","ui":"","t":5549.0,"r":5544.0,"q":8.82,"p":5.488984853E7,"mot":"L","mo":5544.0}]},{"d":"13.03.2017","r":22444.0,"q":9.92,"p":5.920780407E7,"s":[{"cn":"Aarn Inc","ui":"6304863","t":3537.0,"r":3537.0,"q":8.94,"p":4.4E7,"mot":"U","mo":3537.0},{"cn":"АО Гренада","ui":"6763747","t":2953.0,"r":2953.0,"q":9.47,"p":6.0E7,"mot":"U","mo":2953.0},{"cn":"Feniks","ui":"6796271","t":1340.0,"r":1340.0,"q":11.74,"p":3.5E7,"mot":"U","mo":1340.0},{"cn":"sigma ltd","ui":"5813525","t":1900.0,"r":1900.0,"q":6.76,"p":4.0E7,"mot":"U","mo":1900.0},{"cn":"Barsik","ui":"6831154","t":2221.0,"r":2221.0,"q":9.31,"p":7.5E7,"mot":"U","mo":2221.0},{"cn":"колобок","ui":"6407639","t":1377.0,"r":1377.0,"q":11.11,"p":7.0E7,"mot":"U","mo":1377.0},{"cn":"АО «ПОГАНКА»","ui":"6257623","t":2621.0,"r":2619.0,"q":15.33,"p":9.0E7,"mot":"U","mo":2619.0},{"cn":"","ui":"","t":6506.0,"r":6497.0,"q":8.99,"p":5.763844152E7,"mot":"L","mo":6497.0}]},{"d":"14.03.2017","r":23985.0,"q":9.94,"p":5.437261315E7,"s":[{"cn":"АО Гренада","ui":"6763747","t":2790.0,"r":2790.0,"q":9.56,"p":6.0E7,"mot":"U","mo":2790.0},{"cn":"Aarn Inc","ui":"6304863","t":2973.0,"r":2973.0,"q":8.94,"p":2.15E7,"mot":"U","mo":2973.0},{"cn":"Feniks","ui":"6796271","t":1338.0,"r":1338.0,"q":11.74,"p":3.5E7,"mot":"U","mo":1338.0},{"cn":"sigma ltd","ui":"5813525","t":1910.0,"r":1910.0,"q":6.76,"p":2.4E7,"mot":"U","mo":1910.0},{"cn":"Scorp\u0026co","ui":"6783908","t":2547.0,"r":2547.0,"q":9.71,"p":4.25E7,"mot":"U","mo":2547.0},{"cn":"Barsik","ui":"6831154","t":2260.0,"r":2260.0,"q":9.31,"p":7.5E7,"mot":"U","mo":2260.0},{"cn":"колобок","ui":"6407639","t":1430.0,"r":1430.0,"q":11.14,"p":7.0E7,"mot":"U","mo":1430.0},{"cn":"АО «ПОГАНКА»","ui":"6257623","t":2608.0,"r":2608.0,"q":15.33,"p":9.0E7,"mot":"U","mo":2608.0},{"cn":"","ui":"","t":6135.0,"r":6129.0,"q":8.96,"p":5.997228364E7,"mot":"L","mo":6129.0}]},{"d":"15.03.2017","r":26073.0,"q":9.99,"p":4.667346902E7,"s":[{"cn":"АО Гренада","ui":"6763747","t":2978.0,"r":2973.0,"q":9.66,"p":1.87E7,"mot":"U","mo":2973.0},{"cn":"Aarn Inc","ui":"6304863","t":3080.0,"r":3080.0,"q":8.95,"p":2.15E7,"mot":"U","mo":3080.0},{"cn":"Feniks","ui":"6796271","t":1580.0,"r":1580.0,"q":11.76,"p":3.5E7,"mot":"U","mo":1580.0},{"cn":"sigma ltd","ui":"5813525","t":1920.0,"r":1920.0,"q":6.77,"p":2.4E7,"mot":"U","mo":1920.0},{"cn":"Scorp\u0026co","ui":"6783908","t":2433.0,"r":2433.0,"q":9.71,"p":1.9E7,"mot":"U","mo":2433.0},{"cn":"Barsik","ui":"6831154","t":2298.0,"r":2298.0,"q":9.31,"p":7.3E7,"mot":"U","mo":2298.0},{"cn":"колобок","ui":"6407639","t":1483.0,"r":1483.0,"q":11.17,"p":7.0E7,"mot":"U","mo":1483.0},{"cn":"АО «ПОГАНКА»","ui":"6257623","t":2605.0,"r":2605.0,"q":15.33,"p":8.0E7,"mot":"U","mo":2605.0},{"cn":"","ui":"","t":7708.0,"r":7701.0,"q":9.24,"p":6.071046068E7,"mot":"L","mo":7701.0}]},{"d":"16.03.2017","r":46787.0,"q":8.76,"p":3.046795793E8,"s":[{"cn":"Aarn Inc","ui":"6304863","t":3115.0,"r":3110.0,"q":8.96,"p":2.15E7,"mot":"U","mo":3110.0},{"cn":"Scorp\u0026co","ui":"6783908","t":2361.0,"r":2361.0,"q":9.71,"p":1.9E7,"mot":"U","mo":2361.0},{"cn":"АО «R-Drive»","ui":"6791494","t":18737.0,"r":18737.0,"q":7.58,"p":1.5E8,"mot":"U","mo":18737.0},{"cn":"АО «ПОГАНКА»","ui":"6257623","t":2537.0,"r":2537.0,"q":15.33,"p":8.0E7,"mot":"U","mo":2537.0},{"cn":"","ui":"","t":22022.0,"r":20042.0,"q":8.89,"p":5.5532429283E8,"mot":"L","mo":20042.0}]}]