[{"d":"23.05.2015","r":15.0,"q":16.42,"p":2.3987123E7,"s":[{"ui":"4171094","t":15.0,"r":15.0,"q":16.42,"p":2.3987123E7,"mot":"U","mo":15.0},{"cn":"","ui":"","t":0.0,"r":0.0,"q":0.0,"p":0.0,"mot":"L","mo":0.0}]},{"d":"29.05.2015","r":37.0,"q":20.85,"p":2.4E7,"s":[{"ui":"4868768","t":57.0,"r":37.0,"q":20.85,"p":2.4E7,"mot":"U","mo":37.0},{"cn":"","ui":"","t":0.0,"r":0.0,"q":0.0,"p":0.0,"mot":"L","mo":0.0}]},{"d":"30.05.2015","r":166.0,"q":19.97,"p":2.434587349E7,"s":[{"ui":"4868768","t":57.0,"r":57.0,"q":20.85,"p":2.4E7,"mot":"U","mo":57.0},{"ui":"5496377","t":94.0,"r":94.0,"q":20.01,"p":2.5E7,"mot":"U","mo":94.0},{"ui":"4171094","t":15.0,"r":15.0,"q":16.42,"p":2.1561E7,"mot":"U","mo":15.0},{"cn":"","ui":"","t":0.0,"r":0.0,"q":0.0,"p":0.0,"mot":"L","mo":0.0}]},{"d":"02.06.2015","r":176.0,"q":19.11,"p":3.264772727E7,"s":[{"ui":"5868903","t":10.0,"r":10.0,"q":4.72,"p":6.0E7,"mot":"U","mo":10.0},{"ui":"4171094","t":166.0,"r":166.0,"q":19.98,"p":3.1E7,"mot":"U","mo":166.0},{"cn":"","ui":"","t":0.0,"r":0.0,"q":0.0,"p":0.0,"mot":"L","mo":0.0}]},{"d":"04.06.2015","r":236.0,"q":17.46,"p":2.76440678E7,"s":[{"ui":"5426747","t":72.0,"r":72.0,"q":11.73,"p":2.0E7,"mot":"U","mo":72.0},{"ui":"4171094","t":165.0,"r":164.0,"q":19.98,"p":3.1E7,"mot":"U","mo":164.0},{"cn":"","ui":"","t":0.0,"r":0.0,"q":0.0,"p":0.0,"mot":"L","mo":0.0}]},{"d":"06.06.2015","r":238.0,"q":17.48,"p":4.943907563E7,"s":[{"ui":"4171094","t":237.0,"r":237.0,"q":17.47,"p":4.95E7,"mot":"U","mo":237.0},{"cn":"","ui":"","t":1.0,"r":1.0,"q":19.98,"p":3.5E7,"mot":"L","mo":1.0}]},{"d":"13.06.2015","r":238.0,"q":17.48,"p":4.95E7,"s":[{"ui":"4171094","t":238.0,"r":238.0,"q":17.48,"p":4.95E7,"mot":"U","mo":238.0},{"cn":"","ui":"","t":0.0,"r":0.0,"q":0.0,"p":0.0,"mot":"L","mo":0.0}]},{"d":"18.06.2015","r":220.0,"q":17.48,"p":4.95E7,"s":[{"ui":"4171094","t":226.0,"r":220.0,"q":17.48,"p":4.95E7,"mot":"U","mo":220.0},{"cn":"","ui":"","t":0.0,"r":0.0,"q":0.0,"p":0.0,"mot":"L","mo":0.0}]},{"d":"21.06.2015","r":208.0,"q":17.48,"p":4.95E7,"s":[{"ui":"4171094","t":214.0,"r":208.0,"q":17.48,"p":4.95E7,"mot":"U","mo":208.0},{"cn":"","ui":"","t":0.0,"r":0.0,"q":0.0,"p":0.0,"mot":"L","mo":0.0}]},{"d":"23.06.2015","r":196.0,"q":17.65,"p":5.444727891E7,"s":[{"ui":"4171094","t":196.0,"r":190.0,"q":17.48,"p":4.95E7,"mot":"U","mo":190.0},{"cn":"","ui":"","t":6.0,"r":6.0,"q":23.09,"p":2.11111111E8,"mot":"L","mo":6.0}]},{"d":"27.06.2015","r":182.0,"q":17.48,"p":4.95E7,"s":[{"ui":"4171094","t":184.0,"r":182.0,"q":17.48,"p":4.95E7,"mot":"U","mo":182.0},{"cn":"","ui":"","t":0.0,"r":0.0,"q":0.0,"p":0.0,"mot":"L","mo":0.0}]},{"d":"29.06.2015","r":182.0,"q":17.48,"p":5.75E7,"s":[{"ui":"4171094","t":184.0,"r":182.0,"q":17.48,"p":5.75E7,"mot":"U","mo":182.0},{"cn":"","ui":"","t":0.0,"r":0.0,"q":0.0,"p":0.0,"mot":"L","mo":0.0}]},{"d":"03.07.2015","r":174.0,"q":17.48,"p":5.75E7,"s":[{"ui":"4171094","t":176.0,"r":174.0,"q":17.48,"p":5.75E7,"mot":"U","mo":174.0},{"cn":"","ui":"","t":0.0,"r":0.0,"q":0.0,"p":0.0,"mot":"L","mo":0.0}]},{"d":"04.07.2015","r":172.0,"q":17.48,"p":5.75E7,"s":[{"ui":"4171094","t":174.0,"r":172.0,"q":17.48,"p":5.75E7,"mot":"U","mo":172.0},{"cn":"","ui":"","t":0.0,"r":0.0,"q":0.0,"p":0.0,"mot":"L","mo":0.0}]},{"d":"05.07.2015","r":249.0,"q":15.3,"p":1.129519799E8,"s":[{"ui":"4171094","t":172.0,"r":170.0,"q":17.48,"p":5.75E7,"mot":"U","mo":170.0},{"ui":"5179673","t":77.0,"r":77.0,"q":10.67,"p":2.3155899993E8,"mot":"U","mo":77.0},{"cn":"","ui":"","t":2.0,"r":2.0,"q":8.34,"p":2.6E8,"mot":"L","mo":2.0}]},{"d":"24.07.2015","r":158.0,"q":17.48,"p":6.0E7,"s":[{"ui":"5855248","t":158.0,"r":158.0,"q":17.48,"p":6.0E7,"mot":"U","mo":158.0},{"cn":"","ui":"","t":0.0,"r":0.0,"q":0.0,"p":0.0,"mot":"L","mo":0.0}]},{"d":"31.07.2015","r":5.0,"q":22.92,"p":1.972444444E8,"s":[{"ui":"5041249","t":3.0,"r":3.0,"q":22.8,"p":1.88E8,"mot":"U","mo":3.0},{"ui":"5056326","t":2.0,"r":2.0,"q":23.09,"p":2.11111111E8,"mot":"U","mo":2.0},{"cn":"","ui":"","t":0.0,"r":0.0,"q":0.0,"p":0.0,"mot":"L","mo":0.0}]},{"d":"04.08.2015","r":7.0,"q":22.89,"p":1.54E8,"s":[{"ui":"5041249","t":7.0,"r":7.0,"q":22.89,"p":1.54E8,"mot":"U","mo":7.0},{"cn":"","ui":"","t":0.0,"r":0.0,"q":0.0,"p":0.0,"mot":"L","mo":0.0}]},{"d":"05.08.2015","r":8.0,"q":22.89,"p":1.54E8,"s":[{"ui":"5041249","t":8.0,"r":8.0,"q":22.89,"p":1.54E8,"mot":"U","mo":8.0},{"cn":"","ui":"","t":0.0,"r":0.0,"q":0.0,"p":0.0,"mot":"L","mo":0.0}]},{"d":"06.08.2015","r":9.0,"q":22.9,"p":1.54E8,"s":[{"ui":"5041249","t":9.0,"r":9.0,"q":22.9,"p":1.54E8,"mot":"U","mo":9.0},{"cn":"","ui":"","t":0.0,"r":0.0,"q":0.0,"p":0.0,"mot":"L","mo":0.0}]},{"d":"07.08.2015","r":73.0,"q":13.79,"p":7.287671233E7,"s":[{"ui":"5033480","t":63.0,"r":63.0,"q":12.34,"p":6.0E7,"mot":"U","mo":63.0},{"ui":"5041249","t":10.0,"r":10.0,"q":22.91,"p":1.54E8,"mot":"U","mo":10.0},{"cn":"","ui":"","t":0.0,"r":0.0,"q":0.0,"p":0.0,"mot":"L","mo":0.0}]},{"d":"09.08.2015","r":12.0,"q":22.92,"p":1.54E8,"s":[{"ui":"5041249","t":12.0,"r":12.0,"q":22.92,"p":1.54E8,"mot":"U","mo":12.0},{"cn":"","ui":"","t":0.0,"r":0.0,"q":0.0,"p":0.0,"mot":"L","mo":0.0}]},{"d":"10.08.2015","r":13.0,"q":22.92,"p":1.54E8,"s":[{"ui":"5041249","t":13.0,"r":13.0,"q":22.92,"p":1.54E8,"mot":"U","mo":13.0},{"cn":"","ui":"","t":0.0,"r":0.0,"q":0.0,"p":0.0,"mot":"L","mo":0.0}]},{"d":"11.08.2015","r":14.0,"q":22.93,"p":1.4E8,"s":[{"ui":"5041249","t":14.0,"r":14.0,"q":22.93,"p":1.4E8,"mot":"U","mo":14.0},{"cn":"","ui":"","t":0.0,"r":0.0,"q":0.0,"p":0.0,"mot":"L","mo":0.0}]},{"d":"13.08.2015","r":53.0,"q":12.17,"p":2.2E9,"s":[{"ui":"4873117","t":53.0,"r":53.0,"q":12.17,"p":2.2E9,"mot":"U","mo":53.0},{"cn":"","ui":"","t":0.0,"r":0.0,"q":0.0,"p":0.0,"mot":"L","mo":0.0}]},{"d":"18.08.2015","r":15.0,"q":22.92,"p":1.4E8,"s":[{"ui":"5041249","t":15.0,"r":15.0,"q":22.92,"p":1.4E8,"mot":"U","mo":15.0},{"cn":"","ui":"","t":0.0,"r":0.0,"q":0.0,"p":0.0,"mot":"L","mo":0.0}]},{"d":"08.09.2015","r":16.0,"q":22.86,"p":1.4E8,"s":[{"ui":"5041249","t":16.0,"r":16.0,"q":22.86,"p":1.4E8,"mot":"U","mo":16.0},{"cn":"","ui":"","t":0.0,"r":0.0,"q":0.0,"p":0.0,"mot":"L","mo":0.0}]},{"d":"09.09.2015","r":17.0,"q":22.81,"p":1.4E8,"s":[{"ui":"5041249","t":17.0,"r":17.0,"q":22.81,"p":1.4E8,"mot":"U","mo":17.0},{"cn":"","ui":"","t":0.0,"r":0.0,"q":0.0,"p":0.0,"mot":"L","mo":0.0}]},{"d":"02.10.2015","r":1.0,"q":16.54,"p":4.9E7,"s":[{"ui":"5033170","t":1.0,"r":1.0,"q":16.54,"p":4.9E7,"mot":"U","mo":1.0},{"cn":"","ui":"","t":0.0,"r":0.0,"q":0.0,"p":0.0,"mot":"L","mo":0.0}]},{"d":"08.10.2015","r":53.0,"q":12.17,"p":5.0E7,"s":[{"ui":"4873117","t":53.0,"r":53.0,"q":12.17,"p":5.0E7,"mot":"U","mo":53.0},{"cn":"","ui":"","t":0.0,"r":0.0,"q":0.0,"p":0.0,"mot":"L","mo":0.0}]},{"d":"13.10.2015","r":18.0,"q":22.76,"p":1.4E8,"s":[{"ui":"5041249","t":18.0,"r":18.0,"q":22.76,"p":1.4E8,"mot":"U","mo":18.0},{"cn":"","ui":"","t":0.0,"r":0.0,"q":0.0,"p":0.0,"mot":"L","mo":0.0}]},{"d":"19.10.2015","r":14.0,"q":22.76,"p":1.4E8,"s":[{"ui":"5041249","t":16.0,"r":14.0,"q":22.76,"p":1.4E8,"mot":"U","mo":14.0},{"cn":"","ui":"","t":0.0,"r":0.0,"q":0.0,"p":0.0,"mot":"L","mo":0.0}]},{"d":"20.10.2015","r":12.0,"q":22.76,"p":1.4E8,"s":[{"ui":"5041249","t":14.0,"r":12.0,"q":22.76,"p":1.4E8,"mot":"U","mo":12.0},{"cn":"","ui":"","t":0.0,"r":0.0,"q":0.0,"p":0.0,"mot":"L","mo":0.0}]},{"d":"21.10.2015","r":59.0,"q":14.68,"p":7.13559322E7,"s":[{"ui":"4873117","t":45.0,"r":45.0,"q":12.17,"p":5.0E7,"mot":"U","mo":45.0},{"ui":"5041249","t":14.0,"r":14.0,"q":22.76,"p":1.4E8,"mot":"U","mo":14.0},{"cn":"","ui":"","t":0.0,"r":0.0,"q":0.0,"p":0.0,"mot":"L","mo":0.0}]},{"d":"29.10.2015","r":45.0,"q":10.7,"p":7.830577778E7,"s":[{"ui":"5478353","t":24.0,"r":24.0,"q":8.43,"p":6.099E7,"mot":"U","mo":24.0},{"ui":"5041249","t":12.0,"r":10.0,"q":22.76,"p":1.4E8,"mot":"U","mo":10.0},{"ui":"5868903","t":11.0,"r":11.0,"q":4.67,"p":6.0E7,"mot":"U","mo":11.0},{"cn":"","ui":"","t":0.0,"r":0.0,"q":0.0,"p":0.0,"mot":"L","mo":0.0}]},{"d":"30.10.2015","r":20.0,"q":8.43,"p":6.099E7,"s":[{"ui":"5478353","t":24.0,"r":20.0,"q":8.43,"p":6.099E7,"mot":"U","mo":20.0},{"cn":"","ui":"","t":0.0,"r":0.0,"q":0.0,"p":0.0,"mot":"L","mo":0.0}]},{"d":"31.10.2015","r":122.0,"q":15.98,"p":8.394262295E7,"s":[{"ui":"4873117","t":17.0,"r":17.0,"q":12.17,"p":5.0E7,"mot":"U","mo":17.0},{"ui":"5041249","t":10.0,"r":10.0,"q":22.76,"p":1.4E8,"mot":"U","mo":10.0},{"ui":"5031904","t":89.0,"r":89.0,"q":15.87,"p":8.5E7,"mot":"U","mo":89.0},{"cn":"","ui":"","t":6.0,"r":6.0,"q":17.16,"p":7.1E7,"mot":"L","mo":6.0}]},{"d":"04.11.2015","r":3.0,"q":12.01,"p":9.333333333E7,"s":[{"ui":"5041249","t":1.0,"r":1.0,"q":23.91,"p":1.6E8,"mot":"U","mo":1.0},{"ui":"5868903","t":2.0,"r":2.0,"q":6.06,"p":6.0E7,"mot":"U","mo":2.0},{"cn":"","ui":"","t":0.0,"r":0.0,"q":0.0,"p":0.0,"mot":"L","mo":0.0}]},{"d":"05.11.2015","r":5.0,"q":13.18,"p":1.0E8,"s":[{"ui":"5041249","t":2.0,"r":2.0,"q":23.87,"p":1.6E8,"mot":"U","mo":2.0},{"ui":"5868903","t":3.0,"r":3.0,"q":6.06,"p":6.0E7,"mot":"U","mo":3.0},{"cn":"","ui":"","t":0.0,"r":0.0,"q":0.0,"p":0.0,"mot":"L","mo":0.0}]},{"d":"06.11.2015","r":23.0,"q":10.44,"p":7.390434783E7,"s":[{"ui":"5478353","t":20.0,"r":20.0,"q":8.43,"p":6.099E7,"mot":"U","mo":20.0},{"ui":"5041249","t":3.0,"r":3.0,"q":23.83,"p":1.6E8,"mot":"U","mo":3.0},{"cn":"","ui":"","t":0.0,"r":0.0,"q":0.0,"p":0.0,"mot":"L","mo":0.0}]},{"d":"07.11.2015","r":66.0,"q":8.42,"p":8.284606061E7,"s":[{"ui":"5478353","t":18.0,"r":16.0,"q":8.43,"p":6.099E7,"mot":"U","mo":16.0},{"ui":"5041249","t":4.0,"r":4.0,"q":23.79,"p":1.6E8,"mot":"U","mo":4.0},{"ui":"5072075","t":42.0,"r":42.0,"q":7.17,"p":8.6E7,"mot":"U","mo":42.0},{"ui":"5868903","t":4.0,"r":4.0,"q":6.06,"p":6.0E7,"mot":"U","mo":4.0},{"cn":"","ui":"","t":0.0,"r":0.0,"q":0.0,"p":0.0,"mot":"L","mo":0.0}]},{"d":"08.11.2015","r":5.0,"q":23.74,"p":1.6E8,"s":[{"ui":"5041249","t":5.0,"r":5.0,"q":23.74,"p":1.6E8,"mot":"U","mo":5.0},{"cn":"","ui":"","t":0.0,"r":0.0,"q":0.0,"p":0.0,"mot":"L","mo":0.0}]},{"d":"09.11.2015","r":6.0,"q":23.68,"p":1.6E8,"s":[{"ui":"5041249","t":6.0,"r":6.0,"q":23.68,"p":1.6E8,"mot":"U","mo":6.0},{"cn":"","ui":"","t":0.0,"r":0.0,"q":0.0,"p":0.0,"mot":"L","mo":0.0}]},{"d":"10.11.2015","r":7.0,"q":23.62,"p":1.6E8,"s":[{"ui":"5041249","t":7.0,"r":7.0,"q":23.62,"p":1.6E8,"mot":"U","mo":7.0},{"cn":"","ui":"","t":0.0,"r":0.0,"q":0.0,"p":0.0,"mot":"L","mo":0.0}]},{"d":"11.11.2015","r":8.0,"q":23.56,"p":1.6E8,"s":[{"ui":"5041249","t":8.0,"r":8.0,"q":23.56,"p":1.6E8,"mot":"U","mo":8.0},{"cn":"","ui":"","t":0.0,"r":0.0,"q":0.0,"p":0.0,"mot":"L","mo":0.0}]},{"d":"12.11.2015","r":42.0,"q":10.7,"p":1.0004714286E8,"s":[{"ui":"5041249","t":9.0,"r":9.0,"q":23.49,"p":1.6E8,"mot":"U","mo":9.0},{"ui":"5072075","t":30.0,"r":30.0,"q":7.17,"p":8.6E7,"mot":"U","mo":30.0},{"cn":"","ui":"","t":3.0,"r":3.0,"q":7.64,"p":6.066E7,"mot":"L","mo":3.0}]},{"d":"13.11.2015","r":41.0,"q":14.37,"p":1.2540921407E8,"s":[{"ui":"5041249","t":10.0,"r":10.0,"q":23.42,"p":1.6E8,"mot":"U","mo":10.0},{"ui":"5072075","t":27.0,"r":24.0,"q":7.17,"p":8.6E7,"mot":"U","mo":24.0},{"ui":"5056326","t":7.0,"r":7.0,"q":26.12,"p":2.11111111E8,"mot":"U","mo":7.0},{"cn":"","ui":"","t":0.0,"r":0.0,"q":0.0,"p":0.0,"mot":"L","mo":0.0}]},{"d":"14.11.2015","r":15.0,"q":7.17,"p":8.6E7,"s":[{"ui":"5072075","t":21.0,"r":15.0,"q":7.17,"p":8.6E7,"mot":"U","mo":15.0},{"cn":"","ui":"","t":0.0,"r":0.0,"q":0.0,"p":0.0,"mot":"L","mo":0.0}]},{"d":"15.11.2015","r":9.0,"q":7.17,"p":8.6E7,"s":[{"ui":"5072075","t":15.0,"r":9.0,"q":7.17,"p":8.6E7,"mot":"U","mo":9.0},{"cn":"","ui":"","t":0.0,"r":0.0,"q":0.0,"p":0.0,"mot":"L","mo":0.0}]},{"d":"16.11.2015","r":87.0,"q":11.13,"p":2.3155899993E8,"s":[{"ui":"5179673","t":87.0,"r":87.0,"q":11.13,"p":2.3155899993E8,"mot":"U","mo":87.0},{"cn":"","ui":"","t":0.0,"r":0.0,"q":0.0,"p":0.0,"mot":"L","mo":0.0}]},{"d":"14.12.2015","r":34.0,"q":26.41,"p":4.11111111E8,"s":[{"ui":"5056326","t":34.0,"r":34.0,"q":26.41,"p":4.11111111E8,"mot":"U","mo":34.0},{"cn":"","ui":"","t":0.0,"r":0.0,"q":0.0,"p":0.0,"mot":"L","mo":0.0}]},{"d":"15.12.2015","r":41.0,"q":26.44,"p":4.11111111E8,"s":[{"ui":"5056326","t":41.0,"r":41.0,"q":26.44,"p":4.11111111E8,"mot":"U","mo":41.0},{"cn":"","ui":"","t":0.0,"r":0.0,"q":0.0,"p":0.0,"mot":"L","mo":0.0}]},{"d":"16.12.2015","r":48.0,"q":26.46,"p":4.11111111E8,"s":[{"ui":"5056326","t":48.0,"r":48.0,"q":26.46,"p":4.11111111E8,"mot":"U","mo":48.0},{"cn":"","ui":"","t":0.0,"r":0.0,"q":0.0,"p":0.0,"mot":"L","mo":0.0}]},{"d":"17.12.2015","r":55.0,"q":26.47,"p":4.11111111E8,"s":[{"ui":"5056326","t":55.0,"r":55.0,"q":26.47,"p":4.11111111E8,"mot":"U","mo":55.0},{"cn":"","ui":"","t":0.0,"r":0.0,"q":0.0,"p":0.0,"mot":"L","mo":0.0}]},{"d":"12.01.2016","r":8.0,"q":35.03,"p":4.0E8,"s":[{"ui":"5963049","t":8.0,"r":8.0,"q":35.03,"p":4.0E8,"mot":"U","mo":8.0},{"cn":"","ui":"","t":0.0,"r":0.0,"q":0.0,"p":0.0,"mot":"L","mo":0.0}]},{"d":"13.01.2016","r":10.0,"q":35.03,"p":4.0E8,"s":[{"ui":"5963049","t":10.0,"r":10.0,"q":35.03,"p":4.0E8,"mot":"U","mo":10.0},{"cn":"","ui":"","t":0.0,"r":0.0,"q":0.0,"p":0.0,"mot":"L","mo":0.0}]},{"d":"14.01.2016","r":12.0,"q":35.03,"p":4.0E8,"s":[{"ui":"5963049","t":12.0,"r":12.0,"q":35.03,"p":4.0E8,"mot":"U","mo":12.0},{"cn":"","ui":"","t":0.0,"r":0.0,"q":0.0,"p":0.0,"mot":"L","mo":0.0}]},{"d":"15.01.2016","r":14.0,"q":35.03,"p":4.0E8,"s":[{"ui":"5963049","t":14.0,"r":14.0,"q":35.03,"p":4.0E8,"mot":"U","mo":14.0},{"cn":"","ui":"","t":0.0,"r":0.0,"q":0.0,"p":0.0,"mot":"L","mo":0.0}]},{"d":"16.01.2016","r":83.0,"q":15.12,"p":1.9254216867E8,"s":[{"ui":"5655487","t":67.0,"r":67.0,"q":10.36,"p":1.43E8,"mot":"U","mo":67.0},{"ui":"5963049","t":16.0,"r":16.0,"q":35.03,"p":4.0E8,"mot":"U","mo":16.0},{"cn":"","ui":"","t":0.0,"r":0.0,"q":0.0,"p":0.0,"mot":"L","mo":0.0}]},{"d":"20.01.2016","r":83.0,"q":17.49,"p":1.8839759036E8,"s":[{"ui":"5655487","t":63.0,"r":59.0,"q":10.36,"p":1.43E8,"mot":"U","mo":59.0},{"ui":"5963049","t":24.0,"r":24.0,"q":35.03,"p":3.0E8,"mot":"U","mo":24.0},{"cn":"","ui":"","t":0.0,"r":0.0,"q":0.0,"p":0.0,"mot":"L","mo":0.0}]},{"d":"22.01.2016","r":28.0,"q":35.04,"p":3.0E8,"s":[{"ui":"5963049","t":28.0,"r":28.0,"q":35.04,"p":3.0E8,"mot":"U","mo":28.0},{"cn":"","ui":"","t":0.0,"r":0.0,"q":0.0,"p":0.0,"mot":"L","mo":0.0}]},{"d":"23.01.2016","r":30.0,"q":35.04,"p":3.0E8,"s":[{"ui":"5963049","t":30.0,"r":30.0,"q":35.04,"p":3.0E8,"mot":"U","mo":30.0},{"cn":"","ui":"","t":0.0,"r":0.0,"q":0.0,"p":0.0,"mot":"L","mo":0.0}]},{"d":"24.01.2016","r":32.0,"q":35.05,"p":3.0E8,"s":[{"ui":"5963049","t":32.0,"r":32.0,"q":35.05,"p":3.0E8,"mot":"U","mo":32.0},{"cn":"","ui":"","t":0.0,"r":0.0,"q":0.0,"p":0.0,"mot":"L","mo":0.0}]},{"d":"25.01.2016","r":34.0,"q":35.05,"p":3.0E8,"s":[{"ui":"5963049","t":34.0,"r":34.0,"q":35.05,"p":3.0E8,"mot":"U","mo":34.0},{"cn":"","ui":"","t":0.0,"r":0.0,"q":0.0,"p":0.0,"mot":"L","mo":0.0}]},{"d":"26.01.2016","r":37.0,"q":34.31,"p":2.9421621622E8,"s":[{"ui":"5963049","t":36.0,"r":36.0,"q":35.06,"p":3.0E8,"mot":"U","mo":36.0},{"cn":"","ui":"","t":1.0,"r":1.0,"q":7.17,"p":8.6E7,"mot":"L","mo":1.0}]},{"d":"27.01.2016","r":38.0,"q":35.07,"p":3.0E8,"s":[{"ui":"5963049","t":38.0,"r":38.0,"q":35.07,"p":3.0E8,"mot":"U","mo":38.0},{"cn":"","ui":"","t":0.0,"r":0.0,"q":0.0,"p":0.0,"mot":"L","mo":0.0}]},{"d":"28.01.2016","r":43.0,"q":33.78,"p":2.888372093E8,"s":[{"ui":"5963049","t":40.0,"r":40.0,"q":35.07,"p":3.0E8,"mot":"U","mo":40.0},{"ui":"5035243","t":3.0,"r":3.0,"q":16.65,"p":1.4E8,"mot":"U","mo":3.0},{"cn":"","ui":"","t":0.0,"r":0.0,"q":0.0,"p":0.0,"mot":"L","mo":0.0}]},{"d":"29.01.2016","r":48.0,"q":32.78,"p":2.8E8,"s":[{"ui":"5963049","t":42.0,"r":42.0,"q":35.08,"p":3.0E8,"mot":"U","mo":42.0},{"ui":"5035243","t":6.0,"r":6.0,"q":16.65,"p":1.4E8,"mot":"U","mo":6.0},{"cn":"","ui":"","t":0.0,"r":0.0,"q":0.0,"p":0.0,"mot":"L","mo":0.0}]},{"d":"30.01.2016","r":53.0,"q":31.96,"p":2.7283018868E8,"s":[{"ui":"5963049","t":44.0,"r":44.0,"q":35.09,"p":3.0E8,"mot":"U","mo":44.0},{"ui":"5035243","t":9.0,"r":9.0,"q":16.65,"p":1.4E8,"mot":"U","mo":9.0},{"cn":"","ui":"","t":0.0,"r":0.0,"q":0.0,"p":0.0,"mot":"L","mo":0.0}]},{"d":"31.01.2016","r":54.0,"q":31.1,"p":2.9111111111E8,"s":[{"ui":"5963049","t":46.0,"r":46.0,"q":35.1,"p":3.0E8,"mot":"U","mo":46.0},{"ui":"5032430","t":8.0,"r":8.0,"q":8.1,"p":2.4E8,"mot":"U","mo":8.0},{"cn":"","ui":"","t":0.0,"r":0.0,"q":0.0,"p":0.0,"mot":"L","mo":0.0}]},{"d":"01.02.2016","r":48.0,"q":35.11,"p":3.0E8,"s":[{"ui":"5963049","t":48.0,"r":48.0,"q":35.11,"p":3.0E8,"mot":"U","mo":48.0},{"cn":"","ui":"","t":0.0,"r":0.0,"q":0.0,"p":0.0,"mot":"L","mo":0.0}]},{"d":"02.02.2016","r":50.0,"q":35.11,"p":3.0E8,"s":[{"ui":"5963049","t":50.0,"r":50.0,"q":35.11,"p":3.0E8,"mot":"U","mo":50.0},{"cn":"","ui":"","t":0.0,"r":0.0,"q":0.0,"p":0.0,"mot":"L","mo":0.0}]},{"d":"03.02.2016","r":52.0,"q":35.12,"p":3.0E8,"s":[{"ui":"5963049","t":52.0,"r":52.0,"q":35.12,"p":3.0E8,"mot":"U","mo":52.0},{"cn":"","ui":"","t":0.0,"r":0.0,"q":0.0,"p":0.0,"mot":"L","mo":0.0}]},{"d":"04.02.2016","r":54.0,"q":35.13,"p":3.0E8,"s":[{"ui":"5963049","t":54.0,"r":54.0,"q":35.13,"p":3.0E8,"mot":"U","mo":54.0},{"cn":"","ui":"","t":0.0,"r":0.0,"q":0.0,"p":0.0,"mot":"L","mo":0.0}]},{"d":"05.02.2016","r":56.0,"q":35.14,"p":3.0E8,"s":[{"ui":"5963049","t":56.0,"r":56.0,"q":35.14,"p":3.0E8,"mot":"U","mo":56.0},{"cn":"","ui":"","t":0.0,"r":0.0,"q":0.0,"p":0.0,"mot":"L","mo":0.0}]},{"d":"06.02.2016","r":58.0,"q":35.15,"p":3.0E8,"s":[{"ui":"5963049","t":58.0,"r":58.0,"q":35.15,"p":3.0E8,"mot":"U","mo":58.0},{"cn":"","ui":"","t":0.0,"r":0.0,"q":0.0,"p":0.0,"mot":"L","mo":0.0}]},{"d":"07.02.2016","r":60.0,"q":35.16,"p":3.0E8,"s":[{"ui":"5963049","t":60.0,"r":60.0,"q":35.16,"p":3.0E8,"mot":"U","mo":60.0},{"cn":"","ui":"","t":0.0,"r":0.0,"q":0.0,"p":0.0,"mot":"L","mo":0.0}]},{"d":"08.02.2016","r":62.0,"q":35.17,"p":3.0E8,"s":[{"ui":"5963049","t":62.0,"r":62.0,"q":35.17,"p":3.0E8,"mot":"U","mo":62.0},{"cn":"","ui":"","t":0.0,"r":0.0,"q":0.0,"p":0.0,"mot":"L","mo":0.0}]},{"d":"09.02.2016","r":64.0,"q":35.17,"p":3.0E8,"s":[{"ui":"5963049","t":64.0,"r":64.0,"q":35.17,"p":3.0E8,"mot":"U","mo":64.0},{"cn":"","ui":"","t":0.0,"r":0.0,"q":0.0,"p":0.0,"mot":"L","mo":0.0}]},{"d":"10.02.2016","r":66.0,"q":35.18,"p":3.0E8,"s":[{"ui":"5963049","t":66.0,"r":66.0,"q":35.18,"p":3.0E8,"mot":"U","mo":66.0},{"cn":"","ui":"","t":0.0,"r":0.0,"q":0.0,"p":0.0,"mot":"L","mo":0.0}]},{"d":"17.03.2016","r":56.0,"q":35.18,"p":3.0E8,"s":[{"ui":"5963049","t":66.0,"r":56.0,"q":35.18,"p":3.0E8,"mot":"U","mo":56.0},{"cn":"","ui":"","t":0.0,"r":0.0,"q":0.0,"p":0.0,"mot":"L","mo":0.0}]},{"d":"20.03.2016","r":54.0,"q":35.18,"p":3.0E8,"s":[{"ui":"5963049","t":54.0,"r":54.0,"q":35.18,"p":3.0E8,"mot":"U","mo":54.0},{"cn":"","ui":"","t":0.0,"r":0.0,"q":0.0,"p":0.0,"mot":"L","mo":0.0}]},{"d":"23.03.2016","r":50.0,"q":35.18,"p":3.0E8,"s":[{"ui":"5963049","t":51.0,"r":50.0,"q":35.18,"p":3.0E8,"mot":"U","mo":50.0},{"cn":"","ui":"","t":0.0,"r":0.0,"q":0.0,"p":0.0,"mot":"L","mo":0.0}]},{"d":"24.03.2016","r":49.0,"q":35.18,"p":3.0E8,"s":[{"ui":"5963049","t":50.0,"r":49.0,"q":35.18,"p":3.0E8,"mot":"U","mo":49.0},{"cn":"","ui":"","t":0.0,"r":0.0,"q":0.0,"p":0.0,"mot":"L","mo":0.0}]},{"d":"25.03.2016","r":48.0,"q":35.18,"p":3.0E8,"s":[{"ui":"5963049","t":49.0,"r":48.0,"q":35.18,"p":3.0E8,"mot":"U","mo":48.0},{"cn":"","ui":"","t":0.0,"r":0.0,"q":0.0,"p":0.0,"mot":"L","mo":0.0}]},{"d":"26.03.2016","r":47.0,"q":35.18,"p":3.0E8,"s":[{"ui":"5963049","t":48.0,"r":47.0,"q":35.18,"p":3.0E8,"mot":"U","mo":47.0},{"cn":"","ui":"","t":0.0,"r":0.0,"q":0.0,"p":0.0,"mot":"L","mo":0.0}]},{"d":"27.03.2016","r":42.0,"q":35.18,"p":3.0E8,"s":[{"ui":"5963049","t":45.0,"r":42.0,"q":35.18,"p":3.0E8,"mot":"U","mo":42.0},{"cn":"","ui":"","t":0.0,"r":0.0,"q":0.0,"p":0.0,"mot":"L","mo":0.0}]},{"d":"28.03.2016","r":39.0,"q":35.18,"p":3.0E8,"s":[{"ui":"5963049","t":42.0,"r":39.0,"q":35.18,"p":3.0E8,"mot":"U","mo":39.0},{"cn":"","ui":"","t":0.0,"r":0.0,"q":0.0,"p":0.0,"mot":"L","mo":0.0}]},{"d":"29.03.2016","r":36.0,"q":35.18,"p":3.0E8,"s":[{"ui":"5963049","t":39.0,"r":36.0,"q":35.18,"p":3.0E8,"mot":"U","mo":36.0},{"cn":"","ui":"","t":0.0,"r":0.0,"q":0.0,"p":0.0,"mot":"L","mo":0.0}]},{"d":"30.03.2016","r":105.0,"q":28.09,"p":3.4520634914E8,"s":[{"ui":"5963049","t":36.0,"r":33.0,"q":35.18,"p":3.0E8,"mot":"U","mo":33.0},{"ui":"5056326","t":60.0,"r":60.0,"q":26.48,"p":4.11111111E8,"mot":"U","mo":60.0},{"ui":"5035243","t":12.0,"r":12.0,"q":16.65,"p":1.4E8,"mot":"U","mo":12.0},{"cn":"","ui":"","t":0.0,"r":0.0,"q":0.0,"p":0.0,"mot":"L","mo":0.0}]},{"d":"31.03.2016","r":92.0,"q":29.7,"p":3.7004830911E8,"s":[{"ui":"5963049","t":35.0,"r":34.0,"q":35.18,"p":3.0E8,"mot":"U","mo":34.0},{"ui":"5056326","t":59.0,"r":58.0,"q":26.48,"p":4.11111111E8,"mot":"U","mo":58.0},{"cn":"","ui":"","t":0.0,"r":0.0,"q":0.0,"p":0.0,"mot":"L","mo":0.0}]},{"d":"01.04.2016","r":90.0,"q":29.67,"p":3.703703703E8,"s":[{"ui":"5963049","t":34.0,"r":33.0,"q":35.18,"p":3.0E8,"mot":"U","mo":33.0},{"ui":"5056326","t":58.0,"r":57.0,"q":26.48,"p":4.11111111E8,"mot":"U","mo":57.0},{"cn":"","ui":"","t":0.0,"r":0.0,"q":0.0,"p":0.0,"mot":"L","mo":0.0}]},{"d":"02.04.2016","r":88.0,"q":29.64,"p":3.7070707064E8,"s":[{"ui":"5963049","t":33.0,"r":32.0,"q":35.18,"p":3.0E8,"mot":"U","mo":32.0},{"ui":"5056326","t":57.0,"r":56.0,"q":26.48,"p":4.11111111E8,"mot":"U","mo":56.0},{"cn":"","ui":"","t":0.0,"r":0.0,"q":0.0,"p":0.0,"mot":"L","mo":0.0}]},{"d":"03.04.2016","r":86.0,"q":29.62,"p":3.966408268E8,"s":[{"ui":"5963049","t":32.0,"r":31.0,"q":35.18,"p":3.0E8,"mot":"U","mo":31.0},{"ui":"5056326","t":56.0,"r":55.0,"q":26.48,"p":4.51111111E8,"mot":"U","mo":55.0},{"cn":"","ui":"","t":0.0,"r":0.0,"q":0.0,"p":0.0,"mot":"L","mo":0.0}]},{"d":"04.04.2016","r":99.0,"q":30.23,"p":3.7787878782E8,"s":[{"ui":"6330640","t":15.0,"r":15.0,"q":33.86,"p":2.7E8,"mot":"U","mo":15.0},{"ui":"5963049","t":31.0,"r":30.0,"q":35.18,"p":3.0E8,"mot":"U","mo":30.0},{"ui":"5056326","t":55.0,"r":54.0,"q":26.48,"p":4.51111111E8,"mot":"U","mo":54.0},{"cn":"","ui":"","t":0.0,"r":0.0,"q":0.0,"p":0.0,"mot":"L","mo":0.0}]},{"d":"05.04.2016","r":82.0,"q":29.56,"p":3.9766937662E8,"s":[{"ui":"5963049","t":30.0,"r":29.0,"q":35.18,"p":3.0E8,"mot":"U","mo":29.0},{"ui":"5056326","t":54.0,"r":53.0,"q":26.48,"p":4.51111111E8,"mot":"U","mo":53.0},{"cn":"","ui":"","t":0.0,"r":0.0,"q":0.0,"p":0.0,"mot":"L","mo":0.0}]},{"d":"06.04.2016","r":80.0,"q":29.53,"p":3.9822222215E8,"s":[{"ui":"5963049","t":29.0,"r":28.0,"q":35.18,"p":3.0E8,"mot":"U","mo":28.0},{"ui":"5056326","t":53.0,"r":52.0,"q":26.48,"p":4.51111111E8,"mot":"U","mo":52.0},{"cn":"","ui":"","t":0.0,"r":0.0,"q":0.0,"p":0.0,"mot":"L","mo":0.0}]},{"d":"07.04.2016","r":78.0,"q":29.49,"p":3.9880341873E8,"s":[{"ui":"5963049","t":28.0,"r":27.0,"q":35.18,"p":3.0E8,"mot":"U","mo":27.0},{"ui":"5056326","t":52.0,"r":51.0,"q":26.48,"p":4.51111111E8,"mot":"U","mo":51.0},{"cn":"","ui":"","t":0.0,"r":0.0,"q":0.0,"p":0.0,"mot":"L","mo":0.0}]},{"d":"08.04.2016","r":63.0,"q":10.36,"p":1.43E8,"s":[{"ui":"5655487","t":63.0,"r":63.0,"q":10.36,"p":1.43E8,"mot":"U","mo":63.0},{"cn":"","ui":"","t":0.0,"r":0.0,"q":0.0,"p":0.0,"mot":"L","mo":0.0}]},{"d":"11.04.2016","r":15.0,"q":33.86,"p":2.5E8,"s":[{"ui":"6330640","t":15.0,"r":15.0,"q":33.86,"p":2.5E8,"mot":"U","mo":15.0},{"cn":"","ui":"","t":0.0,"r":0.0,"q":0.0,"p":0.0,"mot":"L","mo":0.0}]},{"d":"18.04.2016","r":11.0,"q":33.86,"p":2.5E8,"s":[{"ui":"6330640","t":13.0,"r":11.0,"q":33.86,"p":2.5E8,"mot":"U","mo":11.0},{"cn":"","ui":"","t":0.0,"r":0.0,"q":0.0,"p":0.0,"mot":"L","mo":0.0}]},{"d":"19.04.2016","r":9.0,"q":33.86,"p":2.5E8,"s":[{"ui":"6330640","t":11.0,"r":9.0,"q":33.86,"p":2.5E8,"mot":"U","mo":9.0},{"cn":"","ui":"","t":0.0,"r":0.0,"q":0.0,"p":0.0,"mot":"L","mo":0.0}]},{"d":"20.04.2016","r":7.0,"q":33.86,"p":2.5E8,"s":[{"ui":"6330640","t":9.0,"r":7.0,"q":33.86,"p":2.5E8,"mot":"U","mo":7.0},{"cn":"","ui":"","t":0.0,"r":0.0,"q":0.0,"p":0.0,"mot":"L","mo":0.0}]},{"d":"21.04.2016","r":5.0,"q":33.86,"p":2.5E8,"s":[{"ui":"6330640","t":7.0,"r":5.0,"q":33.86,"p":2.5E8,"mot":"U","mo":5.0},{"cn":"","ui":"","t":0.0,"r":0.0,"q":0.0,"p":0.0,"mot":"L","mo":0.0}]},{"d":"22.04.2016","r":3.0,"q":33.86,"p":2.5E8,"s":[{"ui":"6330640","t":5.0,"r":3.0,"q":33.86,"p":2.5E8,"mot":"U","mo":3.0},{"cn":"","ui":"","t":0.0,"r":0.0,"q":0.0,"p":0.0,"mot":"L","mo":0.0}]},{"d":"23.04.2016","r":1.0,"q":33.86,"p":2.5E8,"s":[{"ui":"6330640","t":3.0,"r":1.0,"q":33.86,"p":2.5E8,"mot":"U","mo":1.0},{"cn":"","ui":"","t":0.0,"r":0.0,"q":0.0,"p":0.0,"mot":"L","mo":0.0}]},{"d":"24.04.2016","r":63.0,"q":10.36,"p":1.1E8,"s":[{"ui":"5655487","t":63.0,"r":63.0,"q":10.36,"p":1.1E8,"mot":"U","mo":63.0},{"cn":"","ui":"","t":0.0,"r":0.0,"q":0.0,"p":0.0,"mot":"L","mo":0.0}]},{"d":"29.04.2016","r":28.0,"q":35.18,"p":3.0E8,"s":[{"ui":"5963049","t":28.0,"r":28.0,"q":35.18,"p":3.0E8,"mot":"U","mo":28.0},{"cn":"","ui":"","t":0.0,"r":0.0,"q":0.0,"p":0.0,"mot":"L","mo":0.0}]},{"d":"05.05.2016","r":26.0,"q":35.18,"p":3.0E8,"s":[{"ui":"5963049","t":27.0,"r":26.0,"q":35.18,"p":3.0E8,"mot":"U","mo":26.0},{"cn":"","ui":"","t":0.0,"r":0.0,"q":0.0,"p":0.0,"mot":"L","mo":0.0}]},{"d":"07.05.2016","r":24.0,"q":35.18,"p":3.0E8,"s":[{"ui":"5963049","t":25.0,"r":24.0,"q":35.18,"p":3.0E8,"mot":"U","mo":24.0},{"cn":"","ui":"","t":0.0,"r":0.0,"q":0.0,"p":0.0,"mot":"L","mo":0.0}]},{"d":"08.05.2016","r":56.0,"q":25.39,"p":1.9294642857E8,"s":[{"ui":"5041249","t":8.0,"r":8.0,"q":24.72,"p":2.0E8,"mot":"U","mo":8.0},{"ui":"5963049","t":24.0,"r":23.0,"q":35.18,"p":3.0E8,"mot":"U","mo":23.0},{"ui":"5031904","t":13.0,"r":13.0,"q":16.57,"p":8.5E7,"mot":"U","mo":13.0},{"ui":"5035243","t":12.0,"r":12.0,"q":16.65,"p":1.0E8,"mot":"U","mo":12.0},{"cn":"","ui":"","t":0.0,"r":0.0,"q":0.0,"p":0.0,"mot":"L","mo":0.0}]},{"d":"11.05.2016","r":20.0,"q":35.18,"p":3.0E8,"s":[{"ui":"5963049","t":21.0,"r":20.0,"q":35.18,"p":3.0E8,"mot":"U","mo":20.0},{"cn":"","ui":"","t":0.0,"r":0.0,"q":0.0,"p":0.0,"mot":"L","mo":0.0}]},{"d":"12.05.2016","r":19.0,"q":35.18,"p":3.0E8,"s":[{"ui":"5963049","t":20.0,"r":19.0,"q":35.18,"p":3.0E8,"mot":"U","mo":19.0},{"cn":"","ui":"","t":0.0,"r":0.0,"q":0.0,"p":0.0,"mot":"L","mo":0.0}]},{"d":"14.05.2016","r":17.0,"q":35.18,"p":3.0E8,"s":[{"ui":"5963049","t":18.0,"r":17.0,"q":35.18,"p":3.0E8,"mot":"U","mo":17.0},{"cn":"","ui":"","t":0.0,"r":0.0,"q":0.0,"p":0.0,"mot":"L","mo":0.0}]},{"d":"15.05.2016","r":16.0,"q":35.18,"p":3.0E8,"s":[{"ui":"5963049","t":17.0,"r":16.0,"q":35.18,"p":3.0E8,"mot":"U","mo":16.0},{"cn":"","ui":"","t":0.0,"r":0.0,"q":0.0,"p":0.0,"mot":"L","mo":0.0}]},{"d":"18.05.2016","r":5.0,"q":35.18,"p":3.0E8,"s":[{"ui":"5963049","t":6.0,"r":5.0,"q":35.18,"p":3.0E8,"mot":"U","mo":5.0},{"cn":"","ui":"","t":0.0,"r":0.0,"q":0.0,"p":0.0,"mot":"L","mo":0.0}]},{"d":"19.05.2016","r":63.0,"q":10.36,"p":1.0E8,"s":[{"ui":"5655487","t":63.0,"r":63.0,"q":10.36,"p":1.0E8,"mot":"U","mo":63.0},{"cn":"","ui":"","t":0.0,"r":0.0,"q":0.0,"p":0.0,"mot":"L","mo":0.0}]},{"d":"21.05.2016","r":52.0,"q":26.48,"p":4.51111111E8,"s":[{"ui":"5056326","t":52.0,"r":52.0,"q":26.48,"p":4.51111111E8,"mot":"U","mo":52.0},{"cn":"","ui":"","t":0.0,"r":0.0,"q":0.0,"p":0.0,"mot":"L","mo":0.0}]},{"d":"25.05.2016","r":44.0,"q":26.48,"p":4.51111111E8,"s":[{"ui":"5056326","t":46.0,"r":44.0,"q":26.48,"p":4.51111111E8,"mot":"U","mo":44.0},{"cn":"","ui":"","t":0.0,"r":0.0,"q":0.0,"p":0.0,"mot":"L","mo":0.0}]},{"d":"26.05.2016","r":42.0,"q":26.48,"p":4.51111111E8,"s":[{"ui":"5056326","t":44.0,"r":42.0,"q":26.48,"p":4.51111111E8,"mot":"U","mo":42.0},{"cn":"","ui":"","t":0.0,"r":0.0,"q":0.0,"p":0.0,"mot":"L","mo":0.0}]},{"d":"28.05.2016","r":38.0,"q":26.48,"p":4.91111111E8,"s":[{"ui":"5056326","t":40.0,"r":38.0,"q":26.48,"p":4.91111111E8,"mot":"U","mo":38.0},{"cn":"","ui":"","t":0.0,"r":0.0,"q":0.0,"p":0.0,"mot":"L","mo":0.0}]},{"d":"29.05.2016","r":36.0,"q":26.48,"p":4.91111111E8,"s":[{"ui":"5056326","t":38.0,"r":36.0,"q":26.48,"p":4.91111111E8,"mot":"U","mo":36.0},{"cn":"","ui":"","t":0.0,"r":0.0,"q":0.0,"p":0.0,"mot":"L","mo":0.0}]},{"d":"01.06.2016","r":34.0,"q":26.48,"p":4.91111111E8,"s":[{"ui":"5056326","t":35.0,"r":34.0,"q":26.48,"p":4.91111111E8,"mot":"U","mo":34.0},{"cn":"","ui":"","t":0.0,"r":0.0,"q":0.0,"p":0.0,"mot":"L","mo":0.0}]},{"d":"02.06.2016","r":33.0,"q":26.48,"p":4.91111111E8,"s":[{"ui":"5056326","t":34.0,"r":33.0,"q":26.48,"p":4.91111111E8,"mot":"U","mo":33.0},{"cn":"","ui":"","t":0.0,"r":0.0,"q":0.0,"p":0.0,"mot":"L","mo":0.0}]},{"d":"04.06.2016","r":31.0,"q":26.48,"p":4.91111111E8,"s":[{"ui":"5056326","t":32.0,"r":31.0,"q":26.48,"p":4.91111111E8,"mot":"U","mo":31.0},{"cn":"","ui":"","t":0.0,"r":0.0,"q":0.0,"p":0.0,"mot":"L","mo":0.0}]},{"d":"05.06.2016","r":30.0,"q":26.48,"p":4.91111111E8,"s":[{"ui":"5056326","t":31.0,"r":30.0,"q":26.48,"p":4.91111111E8,"mot":"U","mo":30.0},{"cn":"","ui":"","t":0.0,"r":0.0,"q":0.0,"p":0.0,"mot":"L","mo":0.0}]},{"d":"08.06.2016","r":39.0,"q":11.13,"p":2.3155899993E8,"s":[{"ui":"5179673","t":39.0,"r":39.0,"q":11.13,"p":2.3155899993E8,"mot":"U","mo":39.0},{"cn":"","ui":"","t":0.0,"r":0.0,"q":0.0,"p":0.0,"mot":"L","mo":0.0}]},{"d":"15.06.2016","r":36.0,"q":11.13,"p":2.3155899993E8,"s":[{"ui":"5179673","t":37.0,"r":36.0,"q":11.13,"p":2.3155899993E8,"mot":"U","mo":36.0},{"cn":"","ui":"","t":0.0,"r":0.0,"q":0.0,"p":0.0,"mot":"L","mo":0.0}]},{"d":"16.06.2016","r":35.0,"q":11.13,"p":2.3155899993E8,"s":[{"ui":"5179673","t":36.0,"r":35.0,"q":11.13,"p":2.3155899993E8,"mot":"U","mo":35.0},{"cn":"","ui":"","t":0.0,"r":0.0,"q":0.0,"p":0.0,"mot":"L","mo":0.0}]},{"d":"17.06.2016","r":34.0,"q":11.13,"p":2.3155899993E8,"s":[{"ui":"5179673","t":35.0,"r":34.0,"q":11.13,"p":2.3155899993E8,"mot":"U","mo":34.0},{"cn":"","ui":"","t":0.0,"r":0.0,"q":0.0,"p":0.0,"mot":"L","mo":0.0}]},{"d":"18.06.2016","r":33.0,"q":11.13,"p":2.3155899993E8,"s":[{"ui":"5179673","t":34.0,"r":33.0,"q":11.13,"p":2.3155899993E8,"mot":"U","mo":33.0},{"cn":"","ui":"","t":0.0,"r":0.0,"q":0.0,"p":0.0,"mot":"L","mo":0.0}]},{"d":"19.06.2016","r":32.0,"q":11.13,"p":2.3155899993E8,"s":[{"ui":"5179673","t":33.0,"r":32.0,"q":11.13,"p":2.3155899993E8,"mot":"U","mo":32.0},{"cn":"","ui":"","t":0.0,"r":0.0,"q":0.0,"p":0.0,"mot":"L","mo":0.0}]},{"d":"22.06.2016","r":29.0,"q":11.13,"p":2.3155899993E8,"s":[{"ui":"5179673","t":30.0,"r":29.0,"q":11.13,"p":2.3155899993E8,"mot":"U","mo":29.0},{"cn":"","ui":"","t":0.0,"r":0.0,"q":0.0,"p":0.0,"mot":"L","mo":0.0}]},{"d":"23.06.2016","r":28.0,"q":11.13,"p":2.3155899993E8,"s":[{"ui":"5179673","t":29.0,"r":28.0,"q":11.13,"p":2.3155899993E8,"mot":"U","mo":28.0},{"cn":"","ui":"","t":0.0,"r":0.0,"q":0.0,"p":0.0,"mot":"L","mo":0.0}]},{"d":"25.06.2016","r":26.0,"q":11.13,"p":2.3155899993E8,"s":[{"ui":"5179673","t":27.0,"r":26.0,"q":11.13,"p":2.3155899993E8,"mot":"U","mo":26.0},{"cn":"","ui":"","t":0.0,"r":0.0,"q":0.0,"p":0.0,"mot":"L","mo":0.0}]},{"d":"26.06.2016","r":87.0,"q":10.58,"p":1.3780431032E8,"s":[{"ui":"5655487","t":62.0,"r":62.0,"q":10.36,"p":1.0E8,"mot":"U","mo":62.0},{"ui":"5179673","t":26.0,"r":25.0,"q":11.13,"p":2.3155899993E8,"mot":"U","mo":25.0},{"cn":"","ui":"","t":0.0,"r":0.0,"q":0.0,"p":0.0,"mot":"L","mo":0.0}]},{"d":"29.06.2016","r":106.0,"q":14.8,"p":2.2323761212E8,"s":[{"ui":"5655487","t":60.0,"r":58.0,"q":10.36,"p":1.0E8,"mot":"U","mo":58.0},{"ui":"5056326","t":27.0,"r":26.0,"q":27.81,"p":4.91111111E8,"mot":"U","mo":26.0},{"ui":"5179673","t":23.0,"r":22.0,"q":11.13,"p":2.3155899993E8,"mot":"U","mo":22.0},{"cn":"","ui":"","t":0.0,"r":0.0,"q":0.0,"p":0.0,"mot":"L","mo":0.0}]},{"d":"30.06.2016","r":61.0,"q":22.15,"p":7.951997285E8,"s":[{"ui":"5056326","t":40.0,"r":40.0,"q":27.94,"p":1.091111111E9,"mot":"U","mo":40.0},{"ui":"5179673","t":22.0,"r":21.0,"q":11.13,"p":2.3155899993E8,"mot":"U","mo":21.0},{"cn":"","ui":"","t":0.0,"r":0.0,"q":0.0,"p":0.0,"mot":"L","mo":0.0}]},{"d":"02.07.2016","r":19.0,"q":11.13,"p":2.3155899993E8,"s":[{"ui":"5179673","t":20.0,"r":19.0,"q":11.13,"p":2.3155899993E8,"mot":"U","mo":19.0},{"cn":"","ui":"","t":0.0,"r":0.0,"q":0.0,"p":0.0,"mot":"L","mo":0.0}]},{"d":"03.07.2016","r":18.0,"q":11.13,"p":2.3155899993E8,"s":[{"ui":"5179673","t":19.0,"r":18.0,"q":11.13,"p":2.3155899993E8,"mot":"U","mo":18.0},{"cn":"","ui":"","t":0.0,"r":0.0,"q":0.0,"p":0.0,"mot":"L","mo":0.0}]},{"d":"06.07.2016","r":15.0,"q":11.13,"p":2.3155899993E8,"s":[{"ui":"5179673","t":16.0,"r":15.0,"q":11.13,"p":2.3155899993E8,"mot":"U","mo":15.0},{"cn":"","ui":"","t":0.0,"r":0.0,"q":0.0,"p":0.0,"mot":"L","mo":0.0}]},{"d":"07.07.2016","r":14.0,"q":11.13,"p":2.3155899993E8,"s":[{"ui":"5179673","t":15.0,"r":14.0,"q":11.13,"p":2.3155899993E8,"mot":"U","mo":14.0},{"cn":"","ui":"","t":0.0,"r":0.0,"q":0.0,"p":0.0,"mot":"L","mo":0.0}]},{"d":"08.07.2016","r":13.0,"q":11.13,"p":2.3155899993E8,"s":[{"ui":"5179673","t":14.0,"r":13.0,"q":11.13,"p":2.3155899993E8,"mot":"U","mo":13.0},{"cn":"","ui":"","t":0.0,"r":0.0,"q":0.0,"p":0.0,"mot":"L","mo":0.0}]},{"d":"09.07.2016","r":12.0,"q":11.13,"p":2.3155899993E8,"s":[{"ui":"5179673","t":13.0,"r":12.0,"q":11.13,"p":2.3155899993E8,"mot":"U","mo":12.0},{"cn":"","ui":"","t":0.0,"r":0.0,"q":0.0,"p":0.0,"mot":"L","mo":0.0}]},{"d":"10.07.2016","r":71.0,"q":10.48,"p":1.2038238027E8,"s":[{"ui":"5655487","t":60.0,"r":60.0,"q":10.36,"p":1.0E8,"mot":"U","mo":60.0},{"ui":"5179673","t":12.0,"r":11.0,"q":11.13,"p":2.3155899993E8,"mot":"U","mo":11.0},{"cn":"","ui":"","t":0.0,"r":0.0,"q":0.0,"p":0.0,"mot":"L","mo":0.0}]},{"d":"13.07.2016","r":8.0,"q":11.13,"p":2.3155899993E8,"s":[{"ui":"5179673","t":9.0,"r":8.0,"q":11.13,"p":2.3155899993E8,"mot":"U","mo":8.0},{"cn":"","ui":"","t":0.0,"r":0.0,"q":0.0,"p":0.0,"mot":"L","mo":0.0}]},{"d":"14.07.2016","r":7.0,"q":11.13,"p":2.3155899993E8,"s":[{"ui":"5179673","t":8.0,"r":7.0,"q":11.13,"p":2.3155899993E8,"mot":"U","mo":7.0},{"cn":"","ui":"","t":0.0,"r":0.0,"q":0.0,"p":0.0,"mot":"L","mo":0.0}]},{"d":"15.07.2016","r":6.0,"q":11.13,"p":2.3155899993E8,"s":[{"ui":"5179673","t":7.0,"r":6.0,"q":11.13,"p":2.3155899993E8,"mot":"U","mo":6.0},{"cn":"","ui":"","t":0.0,"r":0.0,"q":0.0,"p":0.0,"mot":"L","mo":0.0}]},{"d":"16.07.2016","r":5.0,"q":11.13,"p":2.3155899993E8,"s":[{"ui":"5179673","t":6.0,"r":5.0,"q":11.13,"p":2.3155899993E8,"mot":"U","mo":5.0},{"cn":"","ui":"","t":0.0,"r":0.0,"q":0.0,"p":0.0,"mot":"L","mo":0.0}]},{"d":"18.07.2016","r":3.0,"q":11.13,"p":2.3155899993E8,"s":[{"ui":"5179673","t":4.0,"r":3.0,"q":11.13,"p":2.3155899993E8,"mot":"U","mo":3.0},{"cn":"","ui":"","t":0.0,"r":0.0,"q":0.0,"p":0.0,"mot":"L","mo":0.0}]},{"d":"19.07.2016","r":2.0,"q":11.13,"p":2.3155899993E8,"s":[{"ui":"5179673","t":3.0,"r":2.0,"q":11.13,"p":2.3155899993E8,"mot":"U","mo":2.0},{"cn":"","ui":"","t":0.0,"r":0.0,"q":0.0,"p":0.0,"mot":"L","mo":0.0}]},{"d":"20.07.2016","r":1.0,"q":11.13,"p":2.3155899993E8,"s":[{"ui":"5179673","t":2.0,"r":1.0,"q":11.13,"p":2.3155899993E8,"mot":"U","mo":1.0},{"cn":"","ui":"","t":0.0,"r":0.0,"q":0.0,"p":0.0,"mot":"L","mo":0.0}]},{"d":"21.07.2016","r":58.0,"q":10.36,"p":1.0E8,"s":[{"ui":"5655487","t":58.0,"r":58.0,"q":10.36,"p":1.0E8,"mot":"U","mo":58.0},{"cn":"","ui":"","t":0.0,"r":0.0,"q":0.0,"p":0.0,"mot":"L","mo":0.0}]},{"d":"28.07.2016","r":56.0,"q":10.36,"p":1.0E8,"s":[{"ui":"5655487","t":58.0,"r":56.0,"q":10.36,"p":1.0E8,"mot":"U","mo":56.0},{"cn":"","ui":"","t":0.0,"r":0.0,"q":0.0,"p":0.0,"mot":"L","mo":0.0}]},{"d":"29.07.2016","r":54.0,"q":10.36,"p":1.0E8,"s":[{"ui":"5655487","t":56.0,"r":54.0,"q":10.36,"p":1.0E8,"mot":"U","mo":54.0},{"cn":"","ui":"","t":0.0,"r":0.0,"q":0.0,"p":0.0,"mot":"L","mo":0.0}]},{"d":"30.07.2016","r":52.0,"q":10.36,"p":1.0E8,"s":[{"ui":"5655487","t":54.0,"r":52.0,"q":10.36,"p":1.0E8,"mot":"U","mo":52.0},{"cn":"","ui":"","t":0.0,"r":0.0,"q":0.0,"p":0.0,"mot":"L","mo":0.0}]},{"d":"01.08.2016","r":48.0,"q":10.36,"p":1.0E8,"s":[{"ui":"5655487","t":50.0,"r":48.0,"q":10.36,"p":1.0E8,"mot":"U","mo":48.0},{"cn":"","ui":"","t":0.0,"r":0.0,"q":0.0,"p":0.0,"mot":"L","mo":0.0}]},{"d":"02.08.2016","r":46.0,"q":10.36,"p":1.0E8,"s":[{"ui":"5655487","t":48.0,"r":46.0,"q":10.36,"p":1.0E8,"mot":"U","mo":46.0},{"cn":"","ui":"","t":0.0,"r":0.0,"q":0.0,"p":0.0,"mot":"L","mo":0.0}]},{"d":"03.08.2016","r":44.0,"q":10.36,"p":1.0E8,"s":[{"ui":"5655487","t":46.0,"r":44.0,"q":10.36,"p":1.0E8,"mot":"U","mo":44.0},{"cn":"","ui":"","t":0.0,"r":0.0,"q":0.0,"p":0.0,"mot":"L","mo":0.0}]},{"d":"04.08.2016","r":42.0,"q":10.36,"p":1.0E8,"s":[{"ui":"5655487","t":44.0,"r":42.0,"q":10.36,"p":1.0E8,"mot":"U","mo":42.0},{"cn":"","ui":"","t":0.0,"r":0.0,"q":0.0,"p":0.0,"mot":"L","mo":0.0}]},{"d":"05.08.2016","r":40.0,"q":10.36,"p":1.0E8,"s":[{"ui":"5655487","t":42.0,"r":40.0,"q":10.36,"p":1.0E8,"mot":"U","mo":40.0},{"cn":"","ui":"","t":0.0,"r":0.0,"q":0.0,"p":0.0,"mot":"L","mo":0.0}]},{"d":"06.08.2016","r":38.0,"q":10.36,"p":1.0E8,"s":[{"ui":"5655487","t":40.0,"r":38.0,"q":10.36,"p":1.0E8,"mot":"U","mo":38.0},{"cn":"","ui":"","t":0.0,"r":0.0,"q":0.0,"p":0.0,"mot":"L","mo":0.0}]},{"d":"07.08.2016","r":38.0,"q":10.36,"p":1.0E8,"s":[{"ui":"5655487","t":38.0,"r":38.0,"q":10.36,"p":1.0E8,"mot":"U","mo":38.0},{"cn":"","ui":"","t":0.0,"r":0.0,"q":0.0,"p":0.0,"mot":"L","mo":0.0}]},{"d":"08.08.2016","r":36.0,"q":10.36,"p":1.0E8,"s":[{"ui":"5655487","t":38.0,"r":36.0,"q":10.36,"p":1.0E8,"mot":"U","mo":36.0},{"cn":"","ui":"","t":0.0,"r":0.0,"q":0.0,"p":0.0,"mot":"L","mo":0.0}]},{"d":"09.08.2016","r":34.0,"q":10.36,"p":1.0E8,"s":[{"ui":"5655487","t":36.0,"r":34.0,"q":10.36,"p":1.0E8,"mot":"U","mo":34.0},{"cn":"","ui":"","t":0.0,"r":0.0,"q":0.0,"p":0.0,"mot":"L","mo":0.0}]},{"d":"10.08.2016","r":32.0,"q":10.36,"p":1.0E8,"s":[{"ui":"5655487","t":34.0,"r":32.0,"q":10.36,"p":1.0E8,"mot":"U","mo":32.0},{"cn":"","ui":"","t":0.0,"r":0.0,"q":0.0,"p":0.0,"mot":"L","mo":0.0}]},{"d":"11.08.2016","r":30.0,"q":10.36,"p":1.0E8,"s":[{"ui":"5655487","t":32.0,"r":30.0,"q":10.36,"p":1.0E8,"mot":"U","mo":30.0},{"cn":"","ui":"","t":0.0,"r":0.0,"q":0.0,"p":0.0,"mot":"L","mo":0.0}]},{"d":"12.08.2016","r":28.0,"q":10.36,"p":1.0E8,"s":[{"ui":"5655487","t":30.0,"r":28.0,"q":10.36,"p":1.0E8,"mot":"U","mo":28.0},{"cn":"","ui":"","t":0.0,"r":0.0,"q":0.0,"p":0.0,"mot":"L","mo":0.0}]},{"d":"13.08.2016","r":26.0,"q":10.36,"p":1.0E8,"s":[{"ui":"5655487","t":28.0,"r":26.0,"q":10.36,"p":1.0E8,"mot":"U","mo":26.0},{"cn":"","ui":"","t":0.0,"r":0.0,"q":0.0,"p":0.0,"mot":"L","mo":0.0}]},{"d":"14.08.2016","r":24.0,"q":10.36,"p":1.0E8,"s":[{"ui":"5655487","t":26.0,"r":24.0,"q":10.36,"p":1.0E8,"mot":"U","mo":24.0},{"cn":"","ui":"","t":0.0,"r":0.0,"q":0.0,"p":0.0,"mot":"L","mo":0.0}]},{"d":"15.08.2016","r":22.0,"q":10.36,"p":1.0E8,"s":[{"ui":"5655487","t":24.0,"r":22.0,"q":10.36,"p":1.0E8,"mot":"U","mo":22.0},{"cn":"","ui":"","t":0.0,"r":0.0,"q":0.0,"p":0.0,"mot":"L","mo":0.0}]},{"d":"16.08.2016","r":20.0,"q":10.36,"p":1.0E8,"s":[{"ui":"5655487","t":22.0,"r":20.0,"q":10.36,"p":1.0E8,"mot":"U","mo":20.0},{"cn":"","ui":"","t":0.0,"r":0.0,"q":0.0,"p":0.0,"mot":"L","mo":0.0}]},{"d":"17.08.2016","r":18.0,"q":10.36,"p":1.0E8,"s":[{"ui":"5655487","t":20.0,"r":18.0,"q":10.36,"p":1.0E8,"mot":"U","mo":18.0},{"cn":"","ui":"","t":0.0,"r":0.0,"q":0.0,"p":0.0,"mot":"L","mo":0.0}]},{"d":"18.08.2016","r":100.0,"q":34.48,"p":4.36E8,"s":[{"ui":"5655487","t":18.0,"r":16.0,"q":10.36,"p":1.0E8,"mot":"U","mo":16.0},{"ui":"5324842","t":84.0,"r":84.0,"q":39.07,"p":5.0E8,"mot":"U","mo":84.0},{"cn":"","ui":"","t":0.0,"r":0.0,"q":0.0,"p":0.0,"mot":"L","mo":0.0}]},{"d":"19.08.2016","r":96.0,"q":34.88,"p":4.4166666667E8,"s":[{"ui":"5655487","t":16.0,"r":14.0,"q":10.36,"p":1.0E8,"mot":"U","mo":14.0},{"ui":"5324842","t":83.0,"r":82.0,"q":39.07,"p":5.0E8,"mot":"U","mo":82.0},{"cn":"","ui":"","t":0.0,"r":0.0,"q":0.0,"p":0.0,"mot":"L","mo":0.0}]},{"d":"20.08.2016","r":93.0,"q":35.37,"p":4.4838709677E8,"s":[{"ui":"5655487","t":14.0,"r":12.0,"q":10.36,"p":1.0E8,"mot":"U","mo":12.0},{"ui":"5324842","t":82.0,"r":81.0,"q":39.07,"p":5.0E8,"mot":"U","mo":81.0},{"cn":"","ui":"","t":0.0,"r":0.0,"q":0.0,"p":0.0,"mot":"L","mo":0.0}]},{"d":"21.08.2016","r":90.0,"q":35.88,"p":4.5555555556E8,"s":[{"ui":"5655487","t":12.0,"r":10.0,"q":10.36,"p":1.0E8,"mot":"U","mo":10.0},{"ui":"5324842","t":81.0,"r":80.0,"q":39.07,"p":5.0E8,"mot":"U","mo":80.0},{"cn":"","ui":"","t":0.0,"r":0.0,"q":0.0,"p":0.0,"mot":"L","mo":0.0}]},{"d":"22.08.2016","r":87.0,"q":36.43,"p":4.632183908E8,"s":[{"ui":"5655487","t":10.0,"r":8.0,"q":10.36,"p":1.0E8,"mot":"U","mo":8.0},{"ui":"5324842","t":80.0,"r":79.0,"q":39.07,"p":5.0E8,"mot":"U","mo":79.0},{"cn":"","ui":"","t":0.0,"r":0.0,"q":0.0,"p":0.0,"mot":"L","mo":0.0}]},{"d":"23.08.2016","r":84.0,"q":37.02,"p":4.7142857143E8,"s":[{"ui":"5655487","t":8.0,"r":6.0,"q":10.36,"p":1.0E8,"mot":"U","mo":6.0},{"ui":"5324842","t":79.0,"r":78.0,"q":39.07,"p":5.0E8,"mot":"U","mo":78.0},{"cn":"","ui":"","t":0.0,"r":0.0,"q":0.0,"p":0.0,"mot":"L","mo":0.0}]},{"d":"24.08.2016","r":81.0,"q":37.65,"p":4.8024691358E8,"s":[{"ui":"5324842","t":78.0,"r":77.0,"q":39.07,"p":5.0E8,"mot":"U","mo":77.0},{"cn":"","ui":"","t":6.0,"r":4.0,"q":10.36,"p":1.0E8,"mot":"L","mo":4.0}]},{"d":"25.08.2016","r":78.0,"q":38.33,"p":4.8974358974E8,"s":[{"ui":"5324842","t":77.0,"r":76.0,"q":39.07,"p":5.0E8,"mot":"U","mo":76.0},{"cn":"","ui":"","t":4.0,"r":2.0,"q":10.36,"p":1.0E8,"mot":"L","mo":2.0}]},{"d":"26.08.2016","r":76.0,"q":38.86,"p":5.1973684211E8,"s":[{"ui":"5324842","t":76.0,"r":75.0,"q":39.07,"p":5.0E8,"mot":"U","mo":75.0},{"cn":"","ui":"","t":1.0,"r":1.0,"q":22.95,"p":2.0E9,"mot":"L","mo":1.0}]},{"d":"27.08.2016","r":74.0,"q":39.07,"p":5.0E8,"s":[{"ui":"5324842","t":75.0,"r":74.0,"q":39.07,"p":5.0E8,"mot":"U","mo":74.0},{"cn":"","ui":"","t":0.0,"r":0.0,"q":0.0,"p":0.0,"mot":"L","mo":0.0}]},{"d":"28.08.2016","r":73.0,"q":39.07,"p":5.0E8,"s":[{"ui":"5324842","t":74.0,"r":73.0,"q":39.07,"p":5.0E8,"mot":"U","mo":73.0},{"cn":"","ui":"","t":0.0,"r":0.0,"q":0.0,"p":0.0,"mot":"L","mo":0.0}]},{"d":"29.08.2016","r":73.0,"q":38.85,"p":5.1369863014E8,"s":[{"ui":"5324842","t":73.0,"r":72.0,"q":39.07,"p":5.0E8,"mot":"U","mo":72.0},{"cn":"","ui":"","t":1.0,"r":1.0,"q":22.95,"p":1.5E9,"mot":"L","mo":1.0}]},{"d":"30.08.2016","r":71.0,"q":39.07,"p":5.0E8,"s":[{"ui":"5324842","t":72.0,"r":71.0,"q":39.07,"p":5.0E8,"mot":"U","mo":71.0},{"cn":"","ui":"","t":0.0,"r":0.0,"q":0.0,"p":0.0,"mot":"L","mo":0.0}]},{"d":"31.08.2016","r":70.0,"q":39.07,"p":5.0E8,"s":[{"ui":"5324842","t":71.0,"r":70.0,"q":39.07,"p":5.0E8,"mot":"U","mo":70.0},{"cn":"","ui":"","t":0.0,"r":0.0,"q":0.0,"p":0.0,"mot":"L","mo":0.0}]},{"d":"01.09.2016","r":69.0,"q":39.07,"p":5.0E8,"s":[{"ui":"5324842","t":70.0,"r":69.0,"q":39.07,"p":5.0E8,"mot":"U","mo":69.0},{"cn":"","ui":"","t":0.0,"r":0.0,"q":0.0,"p":0.0,"mot":"L","mo":0.0}]},{"d":"02.09.2016","r":68.0,"q":39.07,"p":5.0E8,"s":[{"ui":"5324842","t":69.0,"r":68.0,"q":39.07,"p":5.0E8,"mot":"U","mo":68.0},{"cn":"","ui":"","t":0.0,"r":0.0,"q":0.0,"p":0.0,"mot":"L","mo":0.0}]},{"d":"03.09.2016","r":67.0,"q":39.07,"p":5.0E8,"s":[{"ui":"5324842","t":68.0,"r":67.0,"q":39.07,"p":5.0E8,"mot":"U","mo":67.0},{"cn":"","ui":"","t":0.0,"r":0.0,"q":0.0,"p":0.0,"mot":"L","mo":0.0}]},{"d":"04.09.2016","r":66.0,"q":39.07,"p":5.0E8,"s":[{"ui":"5324842","t":67.0,"r":66.0,"q":39.07,"p":5.0E8,"mot":"U","mo":66.0},{"cn":"","ui":"","t":0.0,"r":0.0,"q":0.0,"p":0.0,"mot":"L","mo":0.0}]},{"d":"05.09.2016","r":65.0,"q":39.07,"p":5.0E8,"s":[{"ui":"5324842","t":66.0,"r":65.0,"q":39.07,"p":5.0E8,"mot":"U","mo":65.0},{"cn":"","ui":"","t":0.0,"r":0.0,"q":0.0,"p":0.0,"mot":"L","mo":0.0}]},{"d":"06.09.2016","r":64.0,"q":39.07,"p":5.0E8,"s":[{"ui":"5324842","t":65.0,"r":64.0,"q":39.07,"p":5.0E8,"mot":"U","mo":64.0},{"cn":"","ui":"","t":0.0,"r":0.0,"q":0.0,"p":0.0,"mot":"L","mo":0.0}]},{"d":"07.09.2016","r":64.0,"q":38.82,"p":5.0781249998E8,"s":[{"ui":"5324842","t":64.0,"r":63.0,"q":39.07,"p":5.0E8,"mot":"U","mo":63.0},{"cn":"","ui":"","t":1.0,"r":1.0,"q":22.95,"p":9.99999999E8,"mot":"L","mo":1.0}]},{"d":"08.09.2016","r":62.0,"q":39.07,"p":5.0E8,"s":[{"ui":"5324842","t":63.0,"r":62.0,"q":39.07,"p":5.0E8,"mot":"U","mo":62.0},{"cn":"","ui":"","t":0.0,"r":0.0,"q":0.0,"p":0.0,"mot":"L","mo":0.0}]},{"d":"09.09.2016","r":61.0,"q":39.07,"p":5.0E8,"s":[{"ui":"5324842","t":62.0,"r":61.0,"q":39.07,"p":5.0E8,"mot":"U","mo":61.0},{"cn":"","ui":"","t":0.0,"r":0.0,"q":0.0,"p":0.0,"mot":"L","mo":0.0}]},{"d":"10.09.2016","r":60.0,"q":39.07,"p":5.0E8,"s":[{"ui":"5324842","t":61.0,"r":60.0,"q":39.07,"p":5.0E8,"mot":"U","mo":60.0},{"cn":"","ui":"","t":0.0,"r":0.0,"q":0.0,"p":0.0,"mot":"L","mo":0.0}]},{"d":"11.09.2016","r":59.0,"q":39.07,"p":5.0E8,"s":[{"ui":"5324842","t":60.0,"r":59.0,"q":39.07,"p":5.0E8,"mot":"U","mo":59.0},{"cn":"","ui":"","t":0.0,"r":0.0,"q":0.0,"p":0.0,"mot":"L","mo":0.0}]},{"d":"12.09.2016","r":58.0,"q":39.07,"p":5.0E8,"s":[{"ui":"5324842","t":59.0,"r":58.0,"q":39.07,"p":5.0E8,"mot":"U","mo":58.0},{"cn":"","ui":"","t":0.0,"r":0.0,"q":0.0,"p":0.0,"mot":"L","mo":0.0}]},{"d":"13.09.2016","r":57.0,"q":39.07,"p":5.0E8,"s":[{"ui":"5324842","t":58.0,"r":57.0,"q":39.07,"p":5.0E8,"mot":"U","mo":57.0},{"cn":"","ui":"","t":0.0,"r":0.0,"q":0.0,"p":0.0,"mot":"L","mo":0.0}]},{"d":"14.09.2016","r":56.0,"q":39.07,"p":5.0E8,"s":[{"ui":"5324842","t":57.0,"r":56.0,"q":39.07,"p":5.0E8,"mot":"U","mo":56.0},{"cn":"","ui":"","t":0.0,"r":0.0,"q":0.0,"p":0.0,"mot":"L","mo":0.0}]},{"d":"15.09.2016","r":55.0,"q":39.07,"p":5.0E8,"s":[{"ui":"5324842","t":56.0,"r":55.0,"q":39.07,"p":5.0E8,"mot":"U","mo":55.0},{"cn":"","ui":"","t":0.0,"r":0.0,"q":0.0,"p":0.0,"mot":"L","mo":0.0}]},{"d":"16.09.2016","r":54.0,"q":39.07,"p":5.0E8,"s":[{"ui":"5324842","t":55.0,"r":54.0,"q":39.07,"p":5.0E8,"mot":"U","mo":54.0},{"cn":"","ui":"","t":0.0,"r":0.0,"q":0.0,"p":0.0,"mot":"L","mo":0.0}]},{"d":"17.09.2016","r":53.0,"q":39.07,"p":5.0E8,"s":[{"ui":"5324842","t":54.0,"r":53.0,"q":39.07,"p":5.0E8,"mot":"U","mo":53.0},{"cn":"","ui":"","t":0.0,"r":0.0,"q":0.0,"p":0.0,"mot":"L","mo":0.0}]},{"d":"18.09.2016","r":52.0,"q":39.07,"p":5.0E8,"s":[{"ui":"5324842","t":53.0,"r":52.0,"q":39.07,"p":5.0E8,"mot":"U","mo":52.0},{"cn":"","ui":"","t":0.0,"r":0.0,"q":0.0,"p":0.0,"mot":"L","mo":0.0}]},{"d":"19.09.2016","r":51.0,"q":39.07,"p":5.0E8,"s":[{"ui":"5324842","t":52.0,"r":51.0,"q":39.07,"p":5.0E8,"mot":"U","mo":51.0},{"cn":"","ui":"","t":0.0,"r":0.0,"q":0.0,"p":0.0,"mot":"L","mo":0.0}]},{"d":"20.09.2016","r":50.0,"q":39.07,"p":5.0E8,"s":[{"ui":"5324842","t":51.0,"r":50.0,"q":39.07,"p":5.0E8,"mot":"U","mo":50.0},{"cn":"","ui":"","t":0.0,"r":0.0,"q":0.0,"p":0.0,"mot":"L","mo":0.0}]},{"d":"21.09.2016","r":49.0,"q":39.07,"p":5.0E8,"s":[{"ui":"5324842","t":50.0,"r":49.0,"q":39.07,"p":5.0E8,"mot":"U","mo":49.0},{"cn":"","ui":"","t":0.0,"r":0.0,"q":0.0,"p":0.0,"mot":"L","mo":0.0}]},{"d":"23.09.2016","r":47.0,"q":39.07,"p":5.0E8,"s":[{"ui":"5324842","t":48.0,"r":47.0,"q":39.07,"p":5.0E8,"mot":"U","mo":47.0},{"cn":"","ui":"","t":0.0,"r":0.0,"q":0.0,"p":0.0,"mot":"L","mo":0.0}]},{"d":"24.09.2016","r":46.0,"q":39.07,"p":5.0E8,"s":[{"ui":"5324842","t":47.0,"r":46.0,"q":39.07,"p":5.0E8,"mot":"U","mo":46.0},{"cn":"","ui":"","t":0.0,"r":0.0,"q":0.0,"p":0.0,"mot":"L","mo":0.0}]},{"d":"25.09.2016","r":45.0,"q":39.07,"p":5.0E8,"s":[{"ui":"5324842","t":46.0,"r":45.0,"q":39.07,"p":5.0E8,"mot":"U","mo":45.0},{"cn":"","ui":"","t":0.0,"r":0.0,"q":0.0,"p":0.0,"mot":"L","mo":0.0}]},{"d":"26.09.2016","r":44.0,"q":39.07,"p":5.0E8,"s":[{"ui":"5324842","t":45.0,"r":44.0,"q":39.07,"p":5.0E8,"mot":"U","mo":44.0},{"cn":"","ui":"","t":0.0,"r":0.0,"q":0.0,"p":0.0,"mot":"L","mo":0.0}]},{"d":"27.09.2016","r":44.0,"q":38.7,"p":5.1136110857E8,"s":[{"ui":"5324842","t":44.0,"r":43.0,"q":39.07,"p":5.0E8,"mot":"U","mo":43.0},{"cn":"","ui":"","t":1.0,"r":1.0,"q":22.95,"p":9.99888777E8,"mot":"L","mo":1.0}]},{"d":"28.09.2016","r":44.0,"q":38.24,"p":5.2272221714E8,"s":[{"ui":"5324842","t":43.0,"r":42.0,"q":39.07,"p":5.0E8,"mot":"U","mo":42.0},{"cn":"","ui":"","t":2.0,"r":2.0,"q":20.72,"p":9.99888777E8,"mot":"L","mo":2.0}]},{"d":"29.09.2016","r":41.0,"q":39.07,"p":5.0E8,"s":[{"ui":"5324842","t":42.0,"r":41.0,"q":39.07,"p":5.0E8,"mot":"U","mo":41.0},{"cn":"","ui":"","t":0.0,"r":0.0,"q":0.0,"p":0.0,"mot":"L","mo":0.0}]},{"d":"30.09.2016","r":40.0,"q":39.07,"p":5.0E8,"s":[{"ui":"5324842","t":41.0,"r":40.0,"q":39.07,"p":5.0E8,"mot":"U","mo":40.0},{"cn":"","ui":"","t":0.0,"r":0.0,"q":0.0,"p":0.0,"mot":"L","mo":0.0}]},{"d":"01.10.2016","r":39.0,"q":39.07,"p":5.0E8,"s":[{"ui":"5324842","t":40.0,"r":39.0,"q":39.07,"p":5.0E8,"mot":"U","mo":39.0},{"cn":"","ui":"","t":0.0,"r":0.0,"q":0.0,"p":0.0,"mot":"L","mo":0.0}]},{"d":"02.10.2016","r":38.0,"q":39.07,"p":5.0E8,"s":[{"ui":"5324842","t":39.0,"r":38.0,"q":39.07,"p":5.0E8,"mot":"U","mo":38.0},{"cn":"","ui":"","t":0.0,"r":0.0,"q":0.0,"p":0.0,"mot":"L","mo":0.0}]},{"d":"03.10.2016","r":37.0,"q":39.07,"p":5.0E8,"s":[{"ui":"5324842","t":38.0,"r":37.0,"q":39.07,"p":5.0E8,"mot":"U","mo":37.0},{"cn":"","ui":"","t":0.0,"r":0.0,"q":0.0,"p":0.0,"mot":"L","mo":0.0}]},{"d":"04.10.2016","r":36.0,"q":39.07,"p":5.0E8,"s":[{"ui":"5324842","t":37.0,"r":36.0,"q":39.07,"p":5.0E8,"mot":"U","mo":36.0},{"cn":"","ui":"","t":0.0,"r":0.0,"q":0.0,"p":0.0,"mot":"L","mo":0.0}]},{"d":"05.10.2016","r":35.0,"q":39.07,"p":5.0E8,"s":[{"ui":"5324842","t":36.0,"r":35.0,"q":39.07,"p":5.0E8,"mot":"U","mo":35.0},{"cn":"","ui":"","t":0.0,"r":0.0,"q":0.0,"p":0.0,"mot":"L","mo":0.0}]},{"d":"07.10.2016","r":33.0,"q":39.07,"p":5.0E8,"s":[{"ui":"5324842","t":34.0,"r":33.0,"q":39.07,"p":5.0E8,"mot":"U","mo":33.0},{"cn":"","ui":"","t":0.0,"r":0.0,"q":0.0,"p":0.0,"mot":"L","mo":0.0}]},{"d":"08.10.2016","r":32.0,"q":39.07,"p":5.0E8,"s":[{"ui":"5324842","t":33.0,"r":32.0,"q":39.07,"p":5.0E8,"mot":"U","mo":32.0},{"cn":"","ui":"","t":0.0,"r":0.0,"q":0.0,"p":0.0,"mot":"L","mo":0.0}]},{"d":"09.10.2016","r":31.0,"q":39.07,"p":5.0E8,"s":[{"ui":"5324842","t":32.0,"r":31.0,"q":39.07,"p":5.0E8,"mot":"U","mo":31.0},{"cn":"","ui":"","t":0.0,"r":0.0,"q":0.0,"p":0.0,"mot":"L","mo":0.0}]},{"d":"10.10.2016","r":30.0,"q":39.07,"p":5.0E8,"s":[{"ui":"5324842","t":31.0,"r":30.0,"q":39.07,"p":5.0E8,"mot":"U","mo":30.0},{"cn":"","ui":"","t":0.0,"r":0.0,"q":0.0,"p":0.0,"mot":"L","mo":0.0}]},{"d":"11.10.2016","r":29.0,"q":39.07,"p":5.0E8,"s":[{"ui":"5324842","t":30.0,"r":29.0,"q":39.07,"p":5.0E8,"mot":"U","mo":29.0},{"cn":"","ui":"","t":0.0,"r":0.0,"q":0.0,"p":0.0,"mot":"L","mo":0.0}]},{"d":"12.10.2016","r":28.0,"q":39.07,"p":5.0E8,"s":[{"ui":"5324842","t":29.0,"r":28.0,"q":39.07,"p":5.0E8,"mot":"U","mo":28.0},{"cn":"","ui":"","t":0.0,"r":0.0,"q":0.0,"p":0.0,"mot":"L","mo":0.0}]},{"d":"13.10.2016","r":27.0,"q":39.07,"p":5.0E8,"s":[{"ui":"5324842","t":28.0,"r":27.0,"q":39.07,"p":5.0E8,"mot":"U","mo":27.0},{"cn":"","ui":"","t":0.0,"r":0.0,"q":0.0,"p":0.0,"mot":"L","mo":0.0}]},{"d":"14.10.2016","r":26.0,"q":39.07,"p":5.0E8,"s":[{"ui":"5324842","t":27.0,"r":26.0,"q":39.07,"p":5.0E8,"mot":"U","mo":26.0},{"cn":"","ui":"","t":0.0,"r":0.0,"q":0.0,"p":0.0,"mot":"L","mo":0.0}]},{"d":"15.10.2016","r":26.0,"q":37.96,"p":4.9996153846E8,"s":[{"ui":"5324842","t":26.0,"r":25.0,"q":39.07,"p":5.0E8,"mot":"U","mo":25.0},{"cn":"","ui":"","t":1.0,"r":1.0,"q":10.27,"p":4.99E8,"mot":"L","mo":1.0}]},{"d":"16.10.2016","r":24.0,"q":39.07,"p":5.0E8,"s":[{"ui":"5324842","t":25.0,"r":24.0,"q":39.07,"p":5.0E8,"mot":"U","mo":24.0},{"cn":"","ui":"","t":0.0,"r":0.0,"q":0.0,"p":0.0,"mot":"L","mo":0.0}]},{"d":"17.10.2016","r":23.0,"q":39.07,"p":5.0E8,"s":[{"ui":"5324842","t":24.0,"r":23.0,"q":39.07,"p":5.0E8,"mot":"U","mo":23.0},{"cn":"","ui":"","t":0.0,"r":0.0,"q":0.0,"p":0.0,"mot":"L","mo":0.0}]},{"d":"18.10.2016","r":22.0,"q":39.07,"p":5.0E8,"s":[{"ui":"5324842","t":23.0,"r":22.0,"q":39.07,"p":5.0E8,"mot":"U","mo":22.0},{"cn":"","ui":"","t":0.0,"r":0.0,"q":0.0,"p":0.0,"mot":"L","mo":0.0}]},{"d":"19.10.2016","r":21.0,"q":39.07,"p":5.0E8,"s":[{"ui":"5324842","t":22.0,"r":21.0,"q":39.07,"p":5.0E8,"mot":"U","mo":21.0},{"cn":"","ui":"","t":0.0,"r":0.0,"q":0.0,"p":0.0,"mot":"L","mo":0.0}]},{"d":"20.10.2016","r":20.0,"q":39.07,"p":5.0E8,"s":[{"ui":"5324842","t":21.0,"r":20.0,"q":39.07,"p":5.0E8,"mot":"U","mo":20.0},{"cn":"","ui":"","t":0.0,"r":0.0,"q":0.0,"p":0.0,"mot":"L","mo":0.0}]},{"d":"21.10.2016","r":19.0,"q":39.07,"p":5.0E8,"s":[{"ui":"5324842","t":20.0,"r":19.0,"q":39.07,"p":5.0E8,"mot":"U","mo":19.0},{"cn":"","ui":"","t":0.0,"r":0.0,"q":0.0,"p":0.0,"mot":"L","mo":0.0}]},{"d":"22.10.2016","r":18.0,"q":39.07,"p":5.0E8,"s":[{"ui":"5324842","t":19.0,"r":18.0,"q":39.07,"p":5.0E8,"mot":"U","mo":18.0},{"cn":"","ui":"","t":0.0,"r":0.0,"q":0.0,"p":0.0,"mot":"L","mo":0.0}]},{"d":"23.10.2016","r":17.0,"q":39.07,"p":5.0E8,"s":[{"ui":"5324842","t":18.0,"r":17.0,"q":39.07,"p":5.0E8,"mot":"U","mo":17.0},{"cn":"","ui":"","t":0.0,"r":0.0,"q":0.0,"p":0.0,"mot":"L","mo":0.0}]},{"d":"24.10.2016","r":16.0,"q":39.07,"p":5.0E8,"s":[{"ui":"5324842","t":17.0,"r":16.0,"q":39.07,"p":5.0E8,"mot":"U","mo":16.0},{"cn":"","ui":"","t":0.0,"r":0.0,"q":0.0,"p":0.0,"mot":"L","mo":0.0}]},{"d":"25.10.2016","r":15.0,"q":39.07,"p":5.0E8,"s":[{"ui":"5324842","t":16.0,"r":15.0,"q":39.07,"p":5.0E8,"mot":"U","mo":15.0},{"cn":"","ui":"","t":0.0,"r":0.0,"q":0.0,"p":0.0,"mot":"L","mo":0.0}]},{"d":"26.10.2016","r":14.0,"q":39.07,"p":5.0E8,"s":[{"ui":"5324842","t":15.0,"r":14.0,"q":39.07,"p":5.0E8,"mot":"U","mo":14.0},{"cn":"","ui":"","t":0.0,"r":0.0,"q":0.0,"p":0.0,"mot":"L","mo":0.0}]},{"d":"27.10.2016","r":13.0,"q":39.07,"p":5.0E8,"s":[{"ui":"5324842","t":14.0,"r":13.0,"q":39.07,"p":5.0E8,"mot":"U","mo":13.0},{"cn":"","ui":"","t":0.0,"r":0.0,"q":0.0,"p":0.0,"mot":"L","mo":0.0}]},{"d":"28.10.2016","r":12.0,"q":39.07,"p":5.0E8,"s":[{"ui":"5324842","t":13.0,"r":12.0,"q":39.07,"p":5.0E8,"mot":"U","mo":12.0},{"cn":"","ui":"","t":0.0,"r":0.0,"q":0.0,"p":0.0,"mot":"L","mo":0.0}]},{"d":"29.10.2016","r":11.0,"q":39.07,"p":5.0E8,"s":[{"ui":"5324842","t":12.0,"r":11.0,"q":39.07,"p":5.0E8,"mot":"U","mo":11.0},{"cn":"","ui":"","t":0.0,"r":0.0,"q":0.0,"p":0.0,"mot":"L","mo":0.0}]},{"d":"30.10.2016","r":10.0,"q":39.07,"p":5.0E8,"s":[{"ui":"5324842","t":11.0,"r":10.0,"q":39.07,"p":5.0E8,"mot":"U","mo":10.0},{"cn":"","ui":"","t":0.0,"r":0.0,"q":0.0,"p":0.0,"mot":"L","mo":0.0}]},{"d":"31.10.2016","r":9.0,"q":39.07,"p":5.0E8,"s":[{"ui":"5324842","t":10.0,"r":9.0,"q":39.07,"p":5.0E8,"mot":"U","mo":9.0},{"cn":"","ui":"","t":0.0,"r":0.0,"q":0.0,"p":0.0,"mot":"L","mo":0.0}]},{"d":"01.11.2016","r":8.0,"q":39.07,"p":5.0E8,"s":[{"ui":"5324842","t":9.0,"r":8.0,"q":39.07,"p":5.0E8,"mot":"U","mo":8.0},{"cn":"","ui":"","t":0.0,"r":0.0,"q":0.0,"p":0.0,"mot":"L","mo":0.0}]},{"d":"02.11.2016","r":5.0,"q":39.07,"p":5.0E8,"s":[{"ui":"5324842","t":7.0,"r":5.0,"q":39.07,"p":5.0E8,"mot":"U","mo":5.0},{"cn":"","ui":"","t":0.0,"r":0.0,"q":0.0,"p":0.0,"mot":"L","mo":0.0}]},{"d":"03.11.2016","r":5.0,"q":39.07,"p":5.0E8,"s":[{"ui":"5324842","t":6.0,"r":5.0,"q":39.07,"p":5.0E8,"mot":"U","mo":5.0},{"cn":"","ui":"","t":0.0,"r":0.0,"q":0.0,"p":0.0,"mot":"L","mo":0.0}]},{"d":"04.11.2016","r":4.0,"q":39.07,"p":5.0E8,"s":[{"ui":"5324842","t":5.0,"r":4.0,"q":39.07,"p":5.0E8,"mot":"U","mo":4.0},{"cn":"","ui":"","t":0.0,"r":0.0,"q":0.0,"p":0.0,"mot":"L","mo":0.0}]},{"d":"05.11.2016","r":14.0,"q":17.28,"p":4.0140473793E8,"s":[{"ui":"5324842","t":4.0,"r":3.0,"q":39.07,"p":5.0E8,"mot":"U","mo":3.0},{"ui":"6462937","t":3.0,"r":3.0,"q":19.98,"p":9.99888777E8,"mot":"U","mo":3.0},{"ui":"5032430","t":8.0,"r":8.0,"q":8.1,"p":1.4E8,"mot":"U","mo":8.0},{"cn":"","ui":"","t":0.0,"r":0.0,"q":0.0,"p":0.0,"mot":"L","mo":0.0}]},{"d":"06.11.2016","r":8.0,"q":15.84,"p":2.3E8,"s":[{"ui":"5324842","t":3.0,"r":2.0,"q":39.07,"p":5.0E8,"mot":"U","mo":2.0},{"ui":"5032430","t":8.0,"r":6.0,"q":8.1,"p":1.4E8,"mot":"U","mo":6.0},{"cn":"","ui":"","t":0.0,"r":0.0,"q":0.0,"p":0.0,"mot":"L","mo":0.0}]},{"d":"07.11.2016","r":5.0,"q":14.29,"p":2.12E8,"s":[{"ui":"5324842","t":2.0,"r":1.0,"q":39.07,"p":5.0E8,"mot":"U","mo":1.0},{"ui":"5032430","t":6.0,"r":4.0,"q":8.1,"p":1.4E8,"mot":"U","mo":4.0},{"cn":"","ui":"","t":0.0,"r":0.0,"q":0.0,"p":0.0,"mot":"L","mo":0.0}]},{"d":"08.11.2016","r":64.0,"q":27.98,"p":3.091111111E9,"s":[{"ui":"5056326","t":64.0,"r":64.0,"q":27.98,"p":3.091111111E9,"mot":"U","mo":64.0},{"cn":"","ui":"","t":0.0,"r":0.0,"q":0.0,"p":0.0,"mot":"L","mo":0.0}]},{"d":"17.11.2016","r":62.0,"q":27.98,"p":3.091111111E9,"s":[{"ui":"5056326","t":63.0,"r":62.0,"q":27.98,"p":3.091111111E9,"mot":"U","mo":62.0},{"cn":"","ui":"","t":0.0,"r":0.0,"q":0.0,"p":0.0,"mot":"L","mo":0.0}]},{"d":"18.11.2016","r":61.0,"q":27.98,"p":3.091111111E9,"s":[{"ui":"5056326","t":62.0,"r":61.0,"q":27.98,"p":3.091111111E9,"mot":"U","mo":61.0},{"cn":"","ui":"","t":0.0,"r":0.0,"q":0.0,"p":0.0,"mot":"L","mo":0.0}]},{"d":"19.11.2016","r":54.0,"q":27.98,"p":3.091111111E9,"s":[{"ui":"5056326","t":58.0,"r":54.0,"q":27.98,"p":3.091111111E9,"mot":"U","mo":54.0},{"cn":"","ui":"","t":0.0,"r":0.0,"q":0.0,"p":0.0,"mot":"L","mo":0.0}]},{"d":"20.11.2016","r":50.0,"q":27.98,"p":3.091111111E9,"s":[{"ui":"5056326","t":54.0,"r":50.0,"q":27.98,"p":3.091111111E9,"mot":"U","mo":50.0},{"cn":"","ui":"","t":0.0,"r":0.0,"q":0.0,"p":0.0,"mot":"L","mo":0.0}]},{"d":"21.11.2016","r":46.0,"q":27.98,"p":3.2911111E9,"s":[{"ui":"5056326","t":50.0,"r":46.0,"q":27.98,"p":3.2911111E9,"mot":"U","mo":46.0},{"cn":"","ui":"","t":0.0,"r":0.0,"q":0.0,"p":0.0,"mot":"L","mo":0.0}]},{"d":"22.11.2016","r":42.0,"q":27.98,"p":3.2911111E9,"s":[{"ui":"5056326","t":46.0,"r":42.0,"q":27.98,"p":3.2911111E9,"mot":"U","mo":42.0},{"cn":"","ui":"","t":0.0,"r":0.0,"q":0.0,"p":0.0,"mot":"L","mo":0.0}]},{"d":"23.11.2016","r":44.0,"q":25.27,"p":2.86141413182E9,"s":[{"ui":"5056326","t":42.0,"r":38.0,"q":27.98,"p":3.2911111E9,"mot":"U","mo":38.0},{"ui":"5032430","t":6.0,"r":6.0,"q":8.1,"p":1.4E8,"mot":"U","mo":6.0},{"cn":"","ui":"","t":0.0,"r":0.0,"q":0.0,"p":0.0,"mot":"L","mo":0.0}]},{"d":"24.11.2016","r":36.0,"q":25.77,"p":2.94098764444E9,"s":[{"ui":"5056326","t":37.0,"r":32.0,"q":27.98,"p":3.2911111E9,"mot":"U","mo":32.0},{"ui":"5032430","t":5.0,"r":4.0,"q":8.1,"p":1.4E8,"mot":"U","mo":4.0},{"cn":"","ui":"","t":0.0,"r":0.0,"q":0.0,"p":0.0,"mot":"L","mo":0.0}]},{"d":"25.11.2016","r":30.0,"q":25.99,"p":2.97599999E9,"s":[{"ui":"5056326","t":32.0,"r":27.0,"q":27.98,"p":3.2911111E9,"mot":"U","mo":27.0},{"ui":"5032430","t":4.0,"r":3.0,"q":8.1,"p":1.4E8,"mot":"U","mo":3.0},{"cn":"","ui":"","t":0.0,"r":0.0,"q":0.0,"p":0.0,"mot":"L","mo":0.0}]},{"d":"26.11.2016","r":24.0,"q":26.32,"p":3.02851850833E9,"s":[{"ui":"5056326","t":27.0,"r":22.0,"q":27.98,"p":3.2911111E9,"mot":"U","mo":22.0},{"ui":"5032430","t":3.0,"r":2.0,"q":8.1,"p":1.4E8,"mot":"U","mo":2.0},{"cn":"","ui":"","t":0.0,"r":0.0,"q":0.0,"p":0.0,"mot":"L","mo":0.0}]},{"d":"27.11.2016","r":18.0,"q":26.88,"p":3.11604937222E9,"s":[{"ui":"5056326","t":22.0,"r":17.0,"q":27.98,"p":3.2911111E9,"mot":"U","mo":17.0},{"ui":"5032430","t":2.0,"r":1.0,"q":8.1,"p":1.4E8,"mot":"U","mo":1.0},{"cn":"","ui":"","t":0.0,"r":0.0,"q":0.0,"p":0.0,"mot":"L","mo":0.0}]},{"d":"28.11.2016","r":14.0,"q":27.98,"p":3.2911111E9,"s":[{"ui":"5056326","t":18.0,"r":14.0,"q":27.98,"p":3.2911111E9,"mot":"U","mo":14.0},{"cn":"","ui":"","t":0.0,"r":0.0,"q":0.0,"p":0.0,"mot":"L","mo":0.0}]},{"d":"29.11.2016","r":10.0,"q":27.98,"p":3.2911111E9,"s":[{"ui":"5056326","t":14.0,"r":10.0,"q":27.98,"p":3.2911111E9,"mot":"U","mo":10.0},{"cn":"","ui":"","t":0.0,"r":0.0,"q":0.0,"p":0.0,"mot":"L","mo":0.0}]},{"d":"30.11.2016","r":6.0,"q":27.98,"p":3.2911111E9,"s":[{"ui":"5056326","t":10.0,"r":6.0,"q":27.98,"p":3.2911111E9,"mot":"U","mo":6.0},{"cn":"","ui":"","t":0.0,"r":0.0,"q":0.0,"p":0.0,"mot":"L","mo":0.0}]},{"d":"01.12.2016","r":2.0,"q":27.98,"p":3.2911111E9,"s":[{"ui":"5056326","t":6.0,"r":2.0,"q":27.98,"p":3.2911111E9,"mot":"U","mo":2.0},{"cn":"","ui":"","t":0.0,"r":0.0,"q":0.0,"p":0.0,"mot":"L","mo":0.0}]},{"d":"02.12.2016","r":4.0,"q":8.22,"p":2.05E8,"s":[{"ui":"2726906","t":2.0,"r":2.0,"q":8.34,"p":2.7E8,"mot":"U","mo":2.0},{"ui":"5032430","t":2.0,"r":2.0,"q":8.1,"p":1.4E8,"mot":"U","mo":2.0},{"cn":"","ui":"","t":0.0,"r":0.0,"q":0.0,"p":0.0,"mot":"L","mo":0.0}]},{"d":"13.01.2017","r":4.0,"q":24.75,"p":8.9500175E8,"s":[{"ui":"6158972","t":1.0,"r":1.0,"q":39.07,"p":5.80007E8,"mot":"U","mo":1.0},{"ui":"6462937","t":3.0,"r":3.0,"q":19.98,"p":1.0E9,"mot":"U","mo":3.0},{"cn":"","ui":"","t":0.0,"r":0.0,"q":0.0,"p":0.0,"mot":"L","mo":0.0}]},{"d":"29.01.2017","r":10.0,"q":4.17,"p":1.0E9,"s":[{"ui":"5798020","t":14.0,"r":10.0,"q":4.17,"p":1.0E9,"mot":"U","mo":10.0},{"cn":"","ui":"","t":0.0,"r":0.0,"q":0.0,"p":0.0,"mot":"L","mo":0.0}]},{"d":"10.02.2017","r":6.0,"q":4.17,"p":9.75E8,"s":[{"ui":"6906336","t":6.0,"r":6.0,"q":4.17,"p":9.75E8,"mot":"U","mo":6.0},{"cn":"","ui":"","t":0.0,"r":0.0,"q":0.0,"p":0.0,"mot":"L","mo":0.0}]},{"d":"03.03.2017","r":6.0,"q":4.17,"p":9.75E8,"s":[{"cn":"СВЕОЛ","ui":"6906336","t":6.0,"r":6.0,"q":4.17,"p":9.75E8,"mot":"U","mo":6.0},{"cn":"","ui":"","t":0.0,"r":0.0,"q":0.0,"p":0.0,"mot":"L","mo":0.0}]},{"d":"10.03.2017","r":5.0,"q":4.17,"p":9.75E8,"s":[{"cn":"СВЕОЛ","ui":"6906336","t":5.0,"r":5.0,"q":4.17,"p":9.75E8,"mot":"U","mo":5.0},{"cn":"","ui":"","t":0.0,"r":0.0,"q":0.0,"p":0.0,"mot":"L","mo":0.0}]},{"d":"14.03.2017","r":45.0,"q":27.98,"p":5.0E8,"s":[{"cn":"Prozelite","ui":"5324842","t":46.0,"r":45.0,"q":27.98,"p":5.0E8,"mot":"U","mo":45.0},{"cn":"","ui":"","t":0.0,"r":0.0,"q":0.0,"p":0.0,"mot":"L","mo":0.0}]},{"d":"15.03.2017","r":44.0,"q":27.98,"p":5.0E8,"s":[{"cn":"Prozelite","ui":"5324842","t":45.0,"r":44.0,"q":27.98,"p":5.0E8,"mot":"U","mo":44.0},{"cn":"","ui":"","t":0.0,"r":0.0,"q":0.0,"p":0.0,"mot":"L","mo":0.0}]},{"d":"16.03.2017","r":44.0,"q":27.98,"p":4.0E9,"s":[{"cn":"Prozelite","ui":"5324842","t":44.0,"r":44.0,"q":27.98,"p":4.0E9,"mot":"U","mo":44.0},{"cn":"","ui":"","t":0.0,"r":0.0,"q":0.0,"p":0.0,"mot":"L","mo":0.0}]}]