[{"d":"25.01.2017","r":1.0,"q":6.12,"p":600000.0,"s":[{"ui":"3211568","t":1.0,"r":1.0,"q":6.12,"p":600000.0,"mot":"U","mo":1.0},{"cn":"","ui":"","t":0.0,"r":0.0,"q":0.0,"p":0.0,"mot":"L","mo":0.0}]},{"d":"26.01.2017","r":2.0,"q":6.12,"p":600000.0,"s":[{"ui":"3211568","t":2.0,"r":2.0,"q":6.12,"p":600000.0,"mot":"U","mo":2.0},{"cn":"","ui":"","t":0.0,"r":0.0,"q":0.0,"p":0.0,"mot":"L","mo":0.0}]},{"d":"27.01.2017","r":3.0,"q":6.12,"p":600000.0,"s":[{"ui":"3211568","t":3.0,"r":3.0,"q":6.12,"p":600000.0,"mot":"U","mo":3.0},{"cn":"","ui":"","t":0.0,"r":0.0,"q":0.0,"p":0.0,"mot":"L","mo":0.0}]},{"d":"28.01.2017","r":4.0,"q":6.12,"p":600000.0,"s":[{"ui":"3211568","t":4.0,"r":4.0,"q":6.12,"p":600000.0,"mot":"U","mo":4.0},{"cn":"","ui":"","t":0.0,"r":0.0,"q":0.0,"p":0.0,"mot":"L","mo":0.0}]},{"d":"29.01.2017","r":5.0,"q":6.12,"p":600000.0,"s":[{"ui":"3211568","t":5.0,"r":5.0,"q":6.12,"p":600000.0,"mot":"U","mo":5.0},{"cn":"","ui":"","t":0.0,"r":0.0,"q":0.0,"p":0.0,"mot":"L","mo":0.0}]},{"d":"30.01.2017","r":6.0,"q":6.12,"p":600000.0,"s":[{"ui":"3211568","t":6.0,"r":6.0,"q":6.12,"p":600000.0,"mot":"U","mo":6.0},{"cn":"","ui":"","t":0.0,"r":0.0,"q":0.0,"p":0.0,"mot":"L","mo":0.0}]},{"d":"31.01.2017","r":7.0,"q":6.41,"p":600000.0,"s":[{"ui":"3211568","t":7.0,"r":7.0,"q":6.41,"p":600000.0,"mot":"U","mo":7.0},{"cn":"","ui":"","t":0.0,"r":0.0,"q":0.0,"p":0.0,"mot":"L","mo":0.0}]},{"d":"01.02.2017","r":8.0,"q":6.64,"p":600000.0,"s":[{"ui":"3211568","t":8.0,"r":8.0,"q":6.64,"p":600000.0,"mot":"U","mo":8.0},{"cn":"","ui":"","t":0.0,"r":0.0,"q":0.0,"p":0.0,"mot":"L","mo":0.0}]},{"d":"02.02.2017","r":9.0,"q":6.81,"p":600000.0,"s":[{"ui":"3211568","t":9.0,"r":9.0,"q":6.81,"p":600000.0,"mot":"U","mo":9.0},{"cn":"","ui":"","t":0.0,"r":0.0,"q":0.0,"p":0.0,"mot":"L","mo":0.0}]},{"d":"03.02.2017","r":10.0,"q":6.94,"p":600000.0,"s":[{"ui":"3211568","t":10.0,"r":10.0,"q":6.94,"p":600000.0,"mot":"U","mo":10.0},{"cn":"","ui":"","t":0.0,"r":0.0,"q":0.0,"p":0.0,"mot":"L","mo":0.0}]},{"d":"04.02.2017","r":11.0,"q":7.06,"p":600000.0,"s":[{"ui":"3211568","t":11.0,"r":11.0,"q":7.06,"p":600000.0,"mot":"U","mo":11.0},{"cn":"","ui":"","t":0.0,"r":0.0,"q":0.0,"p":0.0,"mot":"L","mo":0.0}]},{"d":"05.02.2017","r":12.0,"q":7.15,"p":600000.0,"s":[{"ui":"3211568","t":12.0,"r":12.0,"q":7.15,"p":600000.0,"mot":"U","mo":12.0},{"cn":"","ui":"","t":0.0,"r":0.0,"q":0.0,"p":0.0,"mot":"L","mo":0.0}]},{"d":"06.02.2017","r":13.0,"q":7.23,"p":600000.0,"s":[{"ui":"3211568","t":13.0,"r":13.0,"q":7.23,"p":600000.0,"mot":"U","mo":13.0},{"cn":"","ui":"","t":0.0,"r":0.0,"q":0.0,"p":0.0,"mot":"L","mo":0.0}]},{"d":"07.02.2017","r":14.0,"q":7.3,"p":600000.0,"s":[{"ui":"3211568","t":14.0,"r":14.0,"q":7.3,"p":600000.0,"mot":"U","mo":14.0},{"cn":"","ui":"","t":0.0,"r":0.0,"q":0.0,"p":0.0,"mot":"L","mo":0.0}]},{"d":"09.02.2017","r":14.0,"q":7.3,"p":594000.0,"s":[{"ui":"3211568","t":14.0,"r":14.0,"q":7.3,"p":594000.0,"mot":"U","mo":14.0},{"cn":"","ui":"","t":0.0,"r":0.0,"q":0.0,"p":0.0,"mot":"L","mo":0.0}]},{"d":"10.02.2017","r":15.0,"q":7.36,"p":594000.0,"s":[{"ui":"3211568","t":15.0,"r":15.0,"q":7.36,"p":594000.0,"mot":"U","mo":15.0},{"cn":"","ui":"","t":0.0,"r":0.0,"q":0.0,"p":0.0,"mot":"L","mo":0.0}]},{"d":"11.02.2017","r":15.0,"q":7.41,"p":594000.0,"s":[{"ui":"3211568","t":15.0,"r":15.0,"q":7.41,"p":594000.0,"mot":"U","mo":15.0},{"cn":"","ui":"","t":0.0,"r":0.0,"q":0.0,"p":0.0,"mot":"L","mo":0.0}]},{"d":"12.02.2017","r":16.0,"q":7.46,"p":594000.0,"s":[{"ui":"3211568","t":16.0,"r":16.0,"q":7.46,"p":594000.0,"mot":"U","mo":16.0},{"cn":"","ui":"","t":0.0,"r":0.0,"q":0.0,"p":0.0,"mot":"L","mo":0.0}]},{"d":"13.02.2017","r":17.0,"q":7.51,"p":594000.0,"s":[{"ui":"3211568","t":17.0,"r":17.0,"q":7.51,"p":594000.0,"mot":"U","mo":17.0},{"cn":"","ui":"","t":0.0,"r":0.0,"q":0.0,"p":0.0,"mot":"L","mo":0.0}]},{"d":"14.02.2017","r":18.0,"q":7.55,"p":594000.0,"s":[{"ui":"3211568","t":18.0,"r":18.0,"q":7.55,"p":594000.0,"mot":"U","mo":18.0},{"cn":"","ui":"","t":0.0,"r":0.0,"q":0.0,"p":0.0,"mot":"L","mo":0.0}]},{"d":"15.02.2017","r":19.0,"q":7.59,"p":594000.0,"s":[{"ui":"3211568","t":19.0,"r":19.0,"q":7.59,"p":594000.0,"mot":"U","mo":19.0},{"cn":"","ui":"","t":0.0,"r":0.0,"q":0.0,"p":0.0,"mot":"L","mo":0.0}]},{"d":"16.02.2017","r":20.0,"q":7.62,"p":594000.0,"s":[{"ui":"3211568","t":20.0,"r":20.0,"q":7.62,"p":594000.0,"mot":"U","mo":20.0},{"cn":"","ui":"","t":0.0,"r":0.0,"q":0.0,"p":0.0,"mot":"L","mo":0.0}]},{"d":"17.02.2017","r":21.0,"q":7.76,"p":594000.0,"s":[{"ui":"3211568","t":21.0,"r":21.0,"q":7.76,"p":594000.0,"mot":"U","mo":21.0},{"cn":"","ui":"","t":0.0,"r":0.0,"q":0.0,"p":0.0,"mot":"L","mo":0.0}]},{"d":"18.02.2017","r":22.0,"q":7.88,"p":594000.0,"s":[{"ui":"3211568","t":22.0,"r":22.0,"q":7.88,"p":594000.0,"mot":"U","mo":22.0},{"cn":"","ui":"","t":0.0,"r":0.0,"q":0.0,"p":0.0,"mot":"L","mo":0.0}]},{"d":"19.02.2017","r":23.0,"q":7.99,"p":594000.0,"s":[{"ui":"3211568","t":23.0,"r":23.0,"q":7.99,"p":594000.0,"mot":"U","mo":23.0},{"cn":"","ui":"","t":0.0,"r":0.0,"q":0.0,"p":0.0,"mot":"L","mo":0.0}]},{"d":"20.02.2017","r":24.0,"q":8.1,"p":594000.0,"s":[{"ui":"3211568","t":24.0,"r":24.0,"q":8.1,"p":594000.0,"mot":"U","mo":24.0},{"cn":"","ui":"","t":0.0,"r":0.0,"q":0.0,"p":0.0,"mot":"L","mo":0.0}]},{"d":"21.02.2017","r":25.0,"q":8.19,"p":594000.0,"s":[{"ui":"3211568","t":25.0,"r":25.0,"q":8.19,"p":594000.0,"mot":"U","mo":25.0},{"cn":"","ui":"","t":0.0,"r":0.0,"q":0.0,"p":0.0,"mot":"L","mo":0.0}]},{"d":"22.02.2017","r":26.0,"q":8.28,"p":594000.0,"s":[{"ui":"3211568","t":26.0,"r":26.0,"q":8.28,"p":594000.0,"mot":"U","mo":26.0},{"cn":"","ui":"","t":0.0,"r":0.0,"q":0.0,"p":0.0,"mot":"L","mo":0.0}]},{"d":"23.02.2017","r":27.0,"q":8.36,"p":594000.0,"s":[{"ui":"3211568","t":27.0,"r":27.0,"q":8.36,"p":594000.0,"mot":"U","mo":27.0},{"cn":"","ui":"","t":0.0,"r":0.0,"q":0.0,"p":0.0,"mot":"L","mo":0.0}]},{"d":"24.02.2017","r":28.0,"q":8.44,"p":594000.0,"s":[{"ui":"3211568","t":28.0,"r":28.0,"q":8.44,"p":594000.0,"mot":"U","mo":28.0},{"cn":"","ui":"","t":0.0,"r":0.0,"q":0.0,"p":0.0,"mot":"L","mo":0.0}]},{"d":"25.02.2017","r":29.0,"q":8.51,"p":594000.0,"s":[{"ui":"3211568","t":29.0,"r":29.0,"q":8.51,"p":594000.0,"mot":"U","mo":29.0},{"cn":"","ui":"","t":0.0,"r":0.0,"q":0.0,"p":0.0,"mot":"L","mo":0.0}]},{"d":"26.02.2017","r":28.0,"q":8.58,"p":594000.0,"s":[{"ui":"3211568","t":28.0,"r":28.0,"q":8.58,"p":594000.0,"mot":"U","mo":28.0},{"cn":"","ui":"","t":0.0,"r":0.0,"q":0.0,"p":0.0,"mot":"L","mo":0.0}]},{"d":"27.02.2017","r":29.0,"q":8.64,"p":594000.0,"s":[{"ui":"3211568","t":29.0,"r":29.0,"q":8.64,"p":594000.0,"mot":"U","mo":29.0},{"cn":"","ui":"","t":0.0,"r":0.0,"q":0.0,"p":0.0,"mot":"L","mo":0.0}]},{"d":"28.02.2017","r":30.0,"q":8.7,"p":594000.0,"s":[{"ui":"3211568","t":30.0,"r":30.0,"q":8.7,"p":594000.0,"mot":"U","mo":30.0},{"cn":"","ui":"","t":0.0,"r":0.0,"q":0.0,"p":0.0,"mot":"L","mo":0.0}]},{"d":"01.03.2017","r":30.0,"q":8.76,"p":594000.0,"s":[{"ui":"3211568","t":30.0,"r":30.0,"q":8.76,"p":594000.0,"mot":"U","mo":30.0},{"cn":"","ui":"","t":0.0,"r":0.0,"q":0.0,"p":0.0,"mot":"L","mo":0.0}]},{"d":"02.03.2017","r":31.0,"q":8.82,"p":594000.0,"s":[{"ui":"3211568","t":31.0,"r":31.0,"q":8.82,"p":594000.0,"mot":"U","mo":31.0},{"cn":"","ui":"","t":0.0,"r":0.0,"q":0.0,"p":0.0,"mot":"L","mo":0.0}]},{"d":"03.03.2017","r":32.0,"q":8.87,"p":594000.0,"s":[{"cn":"Ackermann Industries International","ui":"3211568","t":32.0,"r":32.0,"q":8.87,"p":594000.0,"mot":"U","mo":32.0},{"cn":"","ui":"","t":0.0,"r":0.0,"q":0.0,"p":0.0,"mot":"L","mo":0.0}]},{"d":"04.03.2017","r":33.0,"q":8.92,"p":594000.0,"s":[{"cn":"Ackermann Industries International","ui":"3211568","t":33.0,"r":33.0,"q":8.92,"p":594000.0,"mot":"U","mo":33.0},{"cn":"","ui":"","t":0.0,"r":0.0,"q":0.0,"p":0.0,"mot":"L","mo":0.0}]},{"d":"05.03.2017","r":34.0,"q":9.01,"p":594000.0,"s":[{"cn":"Ackermann Industries International","ui":"3211568","t":34.0,"r":34.0,"q":9.01,"p":594000.0,"mot":"U","mo":34.0},{"cn":"","ui":"","t":0.0,"r":0.0,"q":0.0,"p":0.0,"mot":"L","mo":0.0}]},{"d":"06.03.2017","r":24.0,"q":9.14,"p":594000.0,"s":[{"cn":"Ackermann Industries International","ui":"3211568","t":24.0,"r":24.0,"q":9.14,"p":594000.0,"mot":"U","mo":24.0},{"cn":"","ui":"","t":0.0,"r":0.0,"q":0.0,"p":0.0,"mot":"L","mo":0.0}]},{"d":"07.03.2017","r":25.0,"q":9.26,"p":594000.0,"s":[{"cn":"Ackermann Industries International","ui":"3211568","t":25.0,"r":25.0,"q":9.26,"p":594000.0,"mot":"U","mo":25.0},{"cn":"","ui":"","t":0.0,"r":0.0,"q":0.0,"p":0.0,"mot":"L","mo":0.0}]}]