[{"d":"04.07.2016","r":1000.0,"q":2.32,"p":772.0,"s":[{"ui":"7650544","t":961.0,"r":961.0,"q":3.61,"p":1700.0,"mot":"L","mo":400.0},{"ui":"7652471","t":564.0,"r":564.0,"q":1.0,"p":125.0,"mot":"L","mo":500.0},{"cn":"","ui":"","t":3583.0,"r":100.0,"q":3.8,"p":295.0,"mot":"L","mo":100.0}]},{"d":"05.07.2016","r":6769.0,"q":2.34,"p":302.37,"s":[{"ui":"7655230","t":1791.0,"r":1781.0,"q":2.87,"p":70.0,"mot":"U","mo":1781.0},{"ui":"7655125","t":1369.0,"r":1319.0,"q":2.23,"p":400.0,"mot":"L","mo":3000.0},{"ui":"7653776","t":984.0,"r":938.0,"q":2.39,"p":225.0,"mot":"U","mo":938.0},{"ui":"7652471","t":14.0,"r":14.0,"q":1.0,"p":125.0,"mot":"L","mo":500.0},{"cn":"","ui":"","t":4407.0,"r":550.0,"q":2.41,"p":815.45,"mot":"L","mo":550.0}]},{"d":"06.07.2016","r":2011575.0,"q":2.69,"p":299.22,"s":[{"ui":"7655125","t":6453.0,"r":6377.0,"q":2.41,"p":300.0,"mot":"L","mo":1000000.0},{"ui":"7657490","t":1570.0,"r":1270.0,"q":2.99,"p":300.0,"mot":"L","mo":1000000.0},{"cn":"","ui":"","t":13075.0,"r":11575.0,"q":1.44,"p":164.21,"mot":"L","mo":11575.0}]},{"d":"07.07.2016","r":2030702.0,"q":2.03,"p":1628.69,"s":[{"ui":"7655125","t":8632.0,"r":8632.0,"q":2.41,"p":300.0,"mot":"L","mo":1000000.0},{"ui":"7657490","t":469.0,"r":452.0,"q":1.64,"p":3000.0,"mot":"L","mo":1000000.0},{"cn":"","ui":"","t":32668.0,"r":30702.0,"q":2.55,"p":240.47,"mot":"L","mo":30702.0}]},{"d":"08.07.2016","r":1000160.0,"q":1.64,"p":2999.66,"s":[{"ui":"7657490","t":469.0,"r":469.0,"q":1.64,"p":3000.0,"mot":"L","mo":1000000.0},{"cn":"","ui":"","t":13026.0,"r":160.0,"q":2.07,"p":873.06,"mot":"L","mo":160.0}]},{"d":"09.07.2016","r":6959.0,"q":1.96,"p":999.87,"s":[{"ui":"7662614","t":5495.0,"r":5495.0,"q":1.74,"p":1000.0,"mot":"U","mo":5495.0},{"ui":"7663432","t":3179.0,"r":3169.0,"q":2.84,"p":990.0,"mot":"L","mo":1356.0},{"cn":"","ui":"","t":14159.0,"r":108.0,"q":1.79,"p":1117.22,"mot":"L","mo":108.0}]},{"d":"10.07.2016","r":1012486.0,"q":1.41,"p":100.28,"s":[{"ui":"7666077","t":226.0,"r":191.0,"q":1.4,"p":90.0,"mot":"L","mo":1000000.0},{"cn":"","ui":"","t":24526.0,"r":12486.0,"q":1.84,"p":923.91,"mot":"L","mo":12486.0}]},{"d":"11.07.2016","r":4419.0,"q":2.34,"p":924.87,"s":[{"ui":"7667607","t":1380.0,"r":1220.0,"q":2.08,"p":850.0,"mot":"U","mo":1220.0},{"ui":"7663432","t":6421.0,"r":6421.0,"q":2.59,"p":990.0,"mot":"L","mo":2899.0},{"ui":"7667410","t":277.0,"r":277.0,"q":1.0,"p":600.0,"mot":"L","mo":300.0},{"cn":"","ui":"","t":0.0,"r":0.0,"q":0.0,"p":0.0,"mot":"L","mo":0.0}]},{"d":"12.07.2016","r":4068.0,"q":2.74,"p":634.41,"s":[{"ui":"7667607","t":1466.0,"r":1466.0,"q":1.96,"p":850.0,"mot":"U","mo":1466.0},{"ui":"7670374","t":581.0,"r":471.0,"q":1.97,"p":140.0,"mot":"L","mo":300.0},{"ui":"7671435","t":1560.0,"r":1510.0,"q":3.03,"p":450.0,"mot":"U","mo":1510.0},{"ui":"7671429","t":1006.0,"r":1006.0,"q":3.98,"p":800.0,"mot":"L","mo":762.0},{"cn":"","ui":"","t":3004.0,"r":30.0,"q":2.96,"p":120.0,"mot":"L","mo":30.0}]},{"d":"13.07.2016","r":7834.0,"q":2.09,"p":369.08,"s":[{"ui":"7673448","t":4034.0,"r":3924.0,"q":1.64,"p":110.0,"mot":"U","mo":3924.0},{"ui":"7672142","t":3120.0,"r":3120.0,"q":2.53,"p":700.0,"mot":"U","mo":3120.0},{"cn":"","ui":"","t":7166.0,"r":790.0,"q":2.6,"p":349.06,"mot":"L","mo":790.0}]},{"d":"14.07.2016","r":3912.0,"q":2.49,"p":525.31,"s":[{"ui":"7672449","t":3948.0,"r":3747.0,"q":2.21,"p":250.0,"mot":"L","mo":300.0},{"ui":"7676569","t":1305.0,"r":1245.0,"q":3.73,"p":700.0,"mot":"U","mo":1245.0},{"ui":"7674993","t":2662.0,"r":2662.0,"q":2.38,"p":200.0,"mot":"L","mo":700.0},{"ui":"7672111","t":1397.0,"r":1397.0,"q":1.46,"p":500.0,"mot":"U","mo":1397.0},{"cn":"","ui":"","t":3462.0,"r":270.0,"q":2.73,"p":1000.0,"mot":"L","mo":270.0}]},{"d":"15.07.2016","r":300.0,"q":2.27,"p":250.0,"s":[{"ui":"7672449","t":6330.0,"r":6170.0,"q":2.27,"p":250.0,"mot":"L","mo":300.0},{"cn":"","ui":"","t":0.0,"r":0.0,"q":0.0,"p":0.0,"mot":"L","mo":0.0}]},{"d":"16.07.2016","r":4.0,"q":2.51,"p":70.0,"s":[{"ui":"7679489","t":1916.0,"r":1916.0,"q":2.51,"p":70.0,"mot":"L","mo":4.0},{"cn":"","ui":"","t":0.0,"r":0.0,"q":0.0,"p":0.0,"mot":"L","mo":0.0}]},{"d":"18.07.2016","r":7330.0,"q":2.49,"p":707.15,"s":[{"ui":"7685126","t":1558.0,"r":1558.0,"q":2.69,"p":600.0,"mot":"U","mo":1558.0},{"ui":"7681414","t":5336.0,"r":2211.0,"q":2.44,"p":500.0,"mot":"U","mo":2211.0},{"ui":"7684317","t":2869.0,"r":2859.0,"q":2.7,"p":685.0,"mot":"U","mo":2859.0},{"cn":"","ui":"","t":5209.0,"r":702.0,"q":1.35,"p":1687.61,"mot":"L","mo":702.0}]},{"d":"19.07.2016","r":27961.0,"q":2.29,"p":539.78,"s":[{"ui":"7685126","t":3383.0,"r":3383.0,"q":2.04,"p":600.0,"mot":"U","mo":3383.0},{"ui":"7682501","t":2847.0,"r":1847.0,"q":1.0,"p":400.0,"mot":"U","mo":1847.0},{"ui":"7681414","t":24694.0,"r":22034.0,"q":2.46,"p":500.0,"mot":"U","mo":22034.0},{"cn":"","ui":"","t":8066.0,"r":697.0,"q":1.49,"p":1875.47,"mot":"L","mo":697.0}]},{"d":"20.07.2016","r":19973.0,"q":2.31,"p":312.87,"s":[{"ui":"7685126","t":3098.0,"r":3078.0,"q":2.05,"p":600.0,"mot":"U","mo":3078.0},{"ui":"7685462","t":16806.0,"r":16095.0,"q":2.3,"p":199.0,"mot":"U","mo":16095.0},{"cn":"","ui":"","t":8793.0,"r":800.0,"q":3.39,"p":1499.0,"mot":"L","mo":800.0}]},{"d":"21.07.2016","r":8301.0,"q":2.58,"p":310.13,"s":[{"ui":"7690213","t":3204.0,"r":3204.0,"q":2.78,"p":2000.0,"mot":"L","mo":500.0},{"ui":"7690686","t":480.0,"r":480.0,"q":1.0,"p":1.0,"mot":"U","mo":480.0},{"ui":"7692597","t":516.0,"r":516.0,"q":5.9,"p":500.0,"mot":"U","mo":516.0},{"ui":"7685809","t":6458.0,"r":6458.0,"q":2.48,"p":200.0,"mot":"U","mo":6458.0},{"cn":"","ui":"","t":347.0,"r":347.0,"q":1.31,"p":70.0,"mot":"L","mo":347.0}]},{"d":"22.07.2016","r":5910.0,"q":2.59,"p":352.88,"s":[{"ui":"7693721","t":881.0,"r":781.0,"q":1.0,"p":200.0,"mot":"U","mo":781.0},{"ui":"7693225","t":743.0,"r":743.0,"q":4.41,"p":500.0,"mot":"U","mo":743.0},{"ui":"7692597","t":542.0,"r":542.0,"q":3.7,"p":1500.0,"mot":"U","mo":542.0},{"ui":"7692991","t":3828.0,"r":3694.0,"q":2.4,"p":200.0,"mot":"U","mo":3694.0},{"cn":"","ui":"","t":1595.0,"r":150.0,"q":2.45,"p":40.0,"mot":"L","mo":150.0}]},{"d":"25.07.2016","r":31850.0,"q":2.85,"p":941.0,"s":[{"ui":"7701591","t":1058.0,"r":1058.0,"q":4.09,"p":800.0,"mot":"L","mo":10000.0},{"ui":"7698426","t":13614.0,"r":13554.0,"q":2.2,"p":800.0,"mot":"U","mo":13554.0},{"ui":"7699094","t":2704.0,"r":2598.0,"q":2.42,"p":2200.0,"mot":"U","mo":2598.0},{"ui":"7699498","t":3276.0,"r":3216.0,"q":2.27,"p":1000.0,"mot":"U","mo":3216.0},{"cn":"","ui":"","t":9542.0,"r":2482.0,"q":2.6,"p":884.83,"mot":"L","mo":2482.0}]},{"d":"26.07.2016","r":19893.0,"q":2.2,"p":1305.5,"s":[{"ui":"7698106","t":600.0,"r":500.0,"q":2.38,"p":250.0,"mot":"L","mo":1500.0},{"ui":"7701591","t":1400.0,"r":1400.0,"q":2.01,"p":900.0,"mot":"L","mo":10000.0},{"ui":"7699094","t":6893.0,"r":6893.0,"q":2.36,"p":2200.0,"mot":"U","mo":6893.0},{"cn":"","ui":"","t":5463.0,"r":1500.0,"q":2.59,"p":953.87,"mot":"L","mo":1500.0}]},{"d":"27.07.2016","r":12649.0,"q":1.96,"p":838.26,"s":[{"ui":"7701591","t":1788.0,"r":1788.0,"q":1.8,"p":900.0,"mot":"L","mo":10000.0},{"ui":"7705867","t":1724.0,"r":1494.0,"q":2.51,"p":300.0,"mot":"U","mo":1494.0},{"ui":"7699498","t":665.0,"r":655.0,"q":2.3,"p":1000.0,"mot":"U","mo":655.0},{"cn":"","ui":"","t":1252.0,"r":500.0,"q":3.02,"p":1000.0,"mot":"L","mo":500.0}]},{"d":"29.07.2016","r":126759.0,"q":1.07,"p":129.97,"s":[{"ui":"7705963","t":132331.0,"r":122131.0,"q":1.0,"p":1.0,"mot":"U","mo":122131.0},{"cn":"","ui":"","t":9619.0,"r":4628.0,"q":2.9,"p":3533.41,"mot":"L","mo":4628.0}]},{"d":"30.07.2016","r":2081.0,"q":2.0,"p":463.96,"s":[{"ui":"7711475","t":1331.0,"r":1331.0,"q":2.23,"p":500.0,"mot":"U","mo":1331.0},{"ui":"7712267","t":1395.0,"r":1265.0,"q":2.24,"p":980.0,"mot":"L","mo":250.0},{"ui":"7712951","t":80.0,"r":30.0,"q":1.25,"p":110.0,"mot":"L","mo":500.0},{"cn":"","ui":"","t":0.0,"r":0.0,"q":0.0,"p":0.0,"mot":"L","mo":0.0}]},{"d":"01.08.2016","r":10478.0,"q":2.54,"p":236.98,"s":[{"ui":"7716481","t":3253.0,"r":3253.0,"q":2.87,"p":200.0,"mot":"U","mo":3253.0},{"ui":"7711461","t":4205.0,"r":4205.0,"q":2.65,"p":300.0,"mot":"L","mo":3000.0},{"ui":"7711368","t":5267.0,"r":5262.0,"q":2.19,"p":150.0,"mot":"L","mo":3000.0},{"cn":"","ui":"","t":39300.0,"r":1225.0,"q":2.24,"p":393.9,"mot":"L","mo":1225.0}]},{"d":"02.08.2016","r":6927.0,"q":2.41,"p":333.12,"s":[{"ui":"7717681","t":2040.0,"r":1920.0,"q":2.39,"p":580.0,"mot":"U","mo":1920.0},{"ui":"7716481","t":2380.0,"r":2380.0,"q":2.56,"p":200.0,"mot":"U","mo":2380.0},{"ui":"7717528","t":2196.0,"r":2152.0,"q":2.34,"p":200.0,"mot":"U","mo":2152.0},{"cn":"","ui":"","t":15105.0,"r":475.0,"q":1.98,"p":605.32,"mot":"L","mo":475.0}]},{"d":"03.08.2016","r":32213.0,"q":2.37,"p":2284.87,"s":[{"ui":"7716233","t":21666.0,"r":21612.0,"q":2.25,"p":700.0,"mot":"U","mo":21612.0},{"ui":"7719873","t":2485.0,"r":2485.0,"q":2.38,"p":20000.0,"mot":"U","mo":2485.0},{"ui":"7720529","t":6118.0,"r":6118.0,"q":2.59,"p":1200.0,"mot":"U","mo":6118.0},{"cn":"","ui":"","t":7990.0,"r":1998.0,"q":2.93,"p":716.97,"mot":"L","mo":1998.0}]},{"d":"04.08.2016","r":10201.0,"q":2.23,"p":333.93,"s":[{"ui":"7719873","t":3288.0,"r":3188.0,"q":2.4,"p":500.0,"mot":"U","mo":3188.0},{"ui":"7722020","t":3416.0,"r":3416.0,"q":2.36,"p":210.0,"mot":"L","mo":600.0},{"ui":"7723582","t":1078.0,"r":1078.0,"q":4.13,"p":780.0,"mot":"L","mo":1000.0},{"ui":"7720849","t":3679.0,"r":3679.0,"q":1.51,"p":120.0,"mot":"U","mo":3679.0},{"cn":"","ui":"","t":25349.0,"r":1734.0,"q":2.3,"p":268.15,"mot":"L","mo":1734.0}]},{"d":"05.08.2016","r":12268.0,"q":2.44,"p":519.25,"s":[{"ui":"7719873","t":6498.0,"r":6298.0,"q":2.4,"p":500.0,"mot":"U","mo":6298.0},{"ui":"7724870","t":3432.0,"r":3420.0,"q":2.88,"p":799.0,"mot":"U","mo":3420.0},{"ui":"7723820","t":644.0,"r":644.0,"q":1.0,"p":200.0,"mot":"U","mo":644.0},{"cn":"","ui":"","t":43589.0,"r":1906.0,"q":2.29,"p":188.74,"mot":"L","mo":1906.0}]},{"d":"06.08.2016","r":12302.0,"q":2.4,"p":238.84,"s":[{"ui":"7726553","t":2084.0,"r":1884.0,"q":2.73,"p":500.0,"mot":"U","mo":1884.0},{"ui":"7726451","t":9912.0,"r":9818.0,"q":2.36,"p":190.51,"mot":"U","mo":9818.0},{"cn":"","ui":"","t":40344.0,"r":600.0,"q":2.12,"p":209.58,"mot":"L","mo":600.0}]},{"d":"07.08.2016","r":16757.0,"q":2.71,"p":505.84,"s":[{"ui":"7726553","t":2084.0,"r":2084.0,"q":2.73,"p":500.0,"mot":"U","mo":2084.0},{"ui":"7724870","t":6696.0,"r":6696.0,"q":2.25,"p":799.0,"mot":"U","mo":6696.0},{"ui":"7727233","t":7657.0,"r":7657.0,"q":3.13,"p":256.0,"mot":"U","mo":7657.0},{"cn":"","ui":"","t":20227.0,"r":320.0,"q":2.21,"p":387.5,"mot":"L","mo":320.0}]},{"d":"08.08.2016","r":2714.0,"q":2.42,"p":734.71,"s":[{"ui":"7726553","t":1829.0,"r":1804.0,"q":2.73,"p":500.0,"mot":"U","mo":1804.0},{"ui":"7730757","t":1610.0,"r":910.0,"q":1.8,"p":1200.0,"mot":"U","mo":910.0},{"cn":"","ui":"","t":0.0,"r":0.0,"q":0.0,"p":0.0,"mot":"L","mo":0.0}]},{"d":"09.08.2016","r":1664.0,"q":1.78,"p":1200.0,"s":[{"ui":"7730757","t":1664.0,"r":1664.0,"q":1.78,"p":1200.0,"mot":"U","mo":1664.0},{"cn":"","ui":"","t":0.0,"r":0.0,"q":0.0,"p":0.0,"mot":"L","mo":0.0}]},{"d":"10.08.2016","r":3554.0,"q":2.57,"p":372.0,"s":[{"ui":"7734462","t":3554.0,"r":3054.0,"q":2.64,"p":400.0,"mot":"U","mo":3054.0},{"ui":"7734137","t":6276.0,"r":6263.0,"q":2.15,"p":200.98,"mot":"L","mo":500.0},{"cn":"","ui":"","t":0.0,"r":0.0,"q":0.0,"p":0.0,"mot":"L","mo":0.0}]},{"d":"11.08.2016","r":3529.0,"q":2.8,"p":285.97,"s":[{"ui":"7736479","t":3259.0,"r":3029.0,"q":2.96,"p":300.0,"mot":"U","mo":3029.0},{"ui":"7734137","t":10565.0,"r":10559.0,"q":1.85,"p":200.98,"mot":"L","mo":500.0},{"cn":"","ui":"","t":0.0,"r":0.0,"q":0.0,"p":0.0,"mot":"L","mo":0.0}]},{"d":"12.08.2016","r":20406.0,"q":2.12,"p":269.39,"s":[{"ui":"7739796","t":3326.0,"r":2826.0,"q":2.28,"p":100.0,"mot":"U","mo":2826.0},{"ui":"7736479","t":17056.0,"r":16980.0,"q":2.1,"p":300.0,"mot":"U","mo":16980.0},{"cn":"","ui":"","t":8999.0,"r":600.0,"q":2.02,"p":200.82,"mot":"L","mo":600.0}]},{"d":"13.08.2016","r":4200.0,"q":2.64,"p":179.76,"s":[{"ui":"7741012","t":2075.0,"r":1653.0,"q":2.44,"p":350.0,"mot":"L","mo":600.0},{"ui":"7738896","t":7112.0,"r":6622.0,"q":2.68,"p":150.0,"mot":"L","mo":3500.0},{"cn":"","ui":"","t":10249.0,"r":100.0,"q":2.58,"p":200.0,"mot":"L","mo":100.0}]},{"d":"14.08.2016","r":4819.0,"q":2.51,"p":751.77,"s":[{"ui":"7741012","t":6755.0,"r":4943.0,"q":2.11,"p":200.0,"mot":"L","mo":600.0},{"ui":"7743183","t":2491.0,"r":2491.0,"q":2.61,"p":600.0,"mot":"L","mo":300.0},{"ui":"7739290","t":1812.0,"r":657.0,"q":1.8,"p":150.0,"mot":"U","mo":657.0},{"ui":"7738822","t":2462.0,"r":2462.0,"q":2.19,"p":875.0,"mot":"U","mo":2462.0},{"ui":"7744406","t":700.0,"r":700.0,"q":4.61,"p":1500.0,"mot":"U","mo":700.0},{"cn":"","ui":"","t":16935.0,"r":100.0,"q":2.53,"p":200.0,"mot":"L","mo":100.0}]},{"d":"15.08.2016","r":5955.0,"q":2.8,"p":671.96,"s":[{"ui":"7741012","t":9780.0,"r":8268.0,"q":2.46,"p":200.0,"mot":"L","mo":1500.0},{"ui":"7745884","t":2557.0,"r":2557.0,"q":2.52,"p":500.0,"mot":"U","mo":2557.0},{"ui":"7745341","t":860.0,"r":848.0,"q":3.48,"p":1000.0,"mot":"U","mo":848.0},{"ui":"7744406","t":1050.0,"r":1050.0,"q":3.41,"p":1500.0,"mot":"U","mo":1050.0},{"cn":"","ui":"","t":0.0,"r":0.0,"q":0.0,"p":0.0,"mot":"L","mo":0.0}]},{"d":"16.08.2016","r":7739.0,"q":2.37,"p":564.93,"s":[{"ui":"7745884","t":3626.0,"r":3626.0,"q":2.32,"p":500.0,"mot":"U","mo":3626.0},{"ui":"7745341","t":878.0,"r":878.0,"q":3.43,"p":1000.0,"mot":"U","mo":878.0},{"ui":"7747450","t":2818.0,"r":2525.0,"q":2.21,"p":480.0,"mot":"U","mo":2525.0},{"cn":"","ui":"","t":3122.0,"r":710.0,"q":1.84,"p":660.56,"mot":"L","mo":710.0}]},{"d":"17.08.2016","r":3316.0,"q":1.92,"p":480.0,"s":[{"ui":"7747450","t":3516.0,"r":3316.0,"q":1.92,"p":480.0,"mot":"U","mo":3316.0},{"cn":"","ui":"","t":0.0,"r":0.0,"q":0.0,"p":0.0,"mot":"L","mo":0.0}]},{"d":"18.08.2016","r":3800.0,"q":2.39,"p":768.03,"s":[{"ui":"7751472","t":1700.0,"r":1700.0,"q":2.25,"p":1300.0,"mot":"U","mo":1700.0},{"ui":"7751518","t":975.0,"r":955.0,"q":2.49,"p":100.0,"mot":"L","mo":400.0},{"ui":"7753198","t":1557.0,"r":1557.0,"q":2.82,"p":225.0,"mot":"L","mo":500.0},{"ui":"7748835","t":7008.0,"r":6448.0,"q":2.46,"p":80.0,"mot":"L","mo":700.0},{"ui":"7751833","t":2463.0,"r":2463.0,"q":2.29,"p":1000.0,"mot":"L","mo":500.0},{"cn":"","ui":"","t":0.0,"r":0.0,"q":0.0,"p":0.0,"mot":"L","mo":0.0}]},{"d":"19.08.2016","r":8296.0,"q":2.28,"p":522.66,"s":[{"ui":"7751472","t":1660.0,"r":1660.0,"q":2.25,"p":1300.0,"mot":"U","mo":1660.0},{"ui":"7753198","t":3399.0,"r":3099.0,"q":2.22,"p":215.0,"mot":"L","mo":4000.0},{"ui":"7753526","t":2670.0,"r":2636.0,"q":2.39,"p":500.0,"mot":"U","mo":2636.0},{"cn":"","ui":"","t":0.0,"r":0.0,"q":0.0,"p":0.0,"mot":"L","mo":0.0}]},{"d":"20.08.2016","r":1250.0,"q":3.12,"p":479.8,"s":[{"ui":"7757768","t":558.0,"r":558.0,"q":2.06,"p":399.0,"mot":"L","mo":250.0},{"ui":"7757553","t":1911.0,"r":1897.0,"q":3.38,"p":500.0,"mot":"L","mo":1000.0},{"cn":"","ui":"","t":0.0,"r":0.0,"q":0.0,"p":0.0,"mot":"L","mo":0.0}]},{"d":"21.08.2016","r":8914.0,"q":2.19,"p":378.63,"s":[{"ui":"7757553","t":6138.0,"r":6124.0,"q":2.45,"p":400.0,"mot":"L","mo":3900.0},{"ui":"7758685","t":1122.0,"r":1117.0,"q":3.41,"p":399.0,"mot":"U","mo":1117.0},{"ui":"7758308","t":3915.0,"r":3865.0,"q":1.58,"p":350.0,"mot":"U","mo":3865.0},{"cn":"","ui":"","t":42.0,"r":32.0,"q":1.0,"p":520.0,"mot":"L","mo":32.0}]},{"d":"22.08.2016","r":4091.0,"q":2.23,"p":399.6,"s":[{"ui":"7757553","t":8126.0,"r":8112.0,"q":2.25,"p":400.0,"mot":"L","mo":3900.0},{"cn":"","ui":"","t":4745.0,"r":191.0,"q":1.87,"p":391.34,"mot":"L","mo":191.0}]},{"d":"23.08.2016","r":8682.0,"q":1.9,"p":1017.16,"s":[{"ui":"7763782","t":1078.0,"r":1078.0,"q":4.13,"p":2000.0,"mot":"L","mo":500.0},{"ui":"7762624","t":2735.0,"r":2540.0,"q":2.55,"p":115.0,"mot":"U","mo":2540.0},{"ui":"7758308","t":5172.0,"r":5172.0,"q":1.41,"p":1400.0,"mot":"U","mo":5172.0},{"cn":"","ui":"","t":5814.0,"r":470.0,"q":1.39,"p":634.26,"mot":"L","mo":470.0}]},{"d":"24.08.2016","r":14862.0,"q":2.46,"p":309.96,"s":[{"ui":"7763322","t":5274.0,"r":5254.0,"q":2.63,"p":200.0,"mot":"L","mo":1000.0},{"ui":"7764145","t":3371.0,"r":3371.0,"q":2.3,"p":400.0,"mot":"U","mo":3371.0},{"ui":"7763794","t":7002.0,"r":6802.0,"q":2.4,"p":200.0,"mot":"U","mo":6802.0},{"ui":"7764454","t":3000.0,"r":3000.0,"q":2.7,"p":220.0,"mot":"U","mo":3000.0},{"cn":"","ui":"","t":3246.0,"r":689.0,"q":2.5,"p":1506.24,"mot":"L","mo":689.0}]},{"d":"25.08.2016","r":8416.0,"q":2.68,"p":304.5,"s":[{"ui":"7767676","t":3448.0,"r":3398.0,"q":2.89,"p":500.0,"mot":"U","mo":3398.0},{"ui":"7768383","t":1964.0,"r":1918.0,"q":1.86,"p":260.0,"mot":"U","mo":1918.0},{"ui":"7762714","t":3489.0,"r":3489.0,"q":2.96,"p":90.0,"mot":"L","mo":3000.0},{"cn":"","ui":"","t":2329.0,"r":100.0,"q":2.51,"p":950.0,"mot":"L","mo":100.0}]},{"d":"26.08.2016","r":4662.0,"q":2.64,"p":404.98,"s":[{"ui":"7769857","t":3687.0,"r":3687.0,"q":1.95,"p":450.0,"mot":"L","mo":1000.0},{"ui":"7770257","t":950.0,"r":950.0,"q":3.66,"p":1000.0,"mot":"L","mo":500.0},{"ui":"7766945","t":3148.0,"r":1888.0,"q":2.71,"p":250.0,"mot":"L","mo":2912.0},{"cn":"","ui":"","t":9593.0,"r":250.0,"q":2.47,"p":840.0,"mot":"L","mo":250.0}]},{"d":"27.08.2016","r":8463.0,"q":2.34,"p":285.71,"s":[{"ui":"7771436","t":176.0,"r":176.0,"q":1.0,"p":36.4,"mot":"L","mo":700.0},{"ui":"7771578","t":2691.0,"r":2631.0,"q":2.07,"p":42.0,"mot":"U","mo":2631.0},{"ui":"7770257","t":50.0,"r":50.0,"q":3.41,"p":1000.0,"mot":"L","mo":500.0},{"ui":"7772445","t":4545.0,"r":4545.0,"q":2.46,"p":1000.0,"mot":"L","mo":500.0},{"ui":"7769741","t":6748.0,"r":6748.0,"q":3.39,"p":200.0,"mot":"L","mo":500.0},{"ui":"7766945","t":4810.0,"r":3750.0,"q":2.47,"p":250.0,"mot":"L","mo":2912.0},{"cn":"","ui":"","t":14864.0,"r":720.0,"q":2.6,"p":630.56,"mot":"L","mo":720.0}]},{"d":"28.08.2016","r":6140.0,"q":2.58,"p":351.12,"s":[{"ui":"7773919","t":3945.0,"r":3945.0,"q":2.45,"p":400.0,"mot":"L","mo":5000.0},{"ui":"7774867","t":1178.0,"r":1148.0,"q":3.41,"p":150.0,"mot":"L","mo":1000.0},{"cn":"","ui":"","t":200.0,"r":140.0,"q":1.5,"p":42.0,"mot":"L","mo":140.0}]},{"d":"29.08.2016","r":7035.0,"q":2.56,"p":441.79,"s":[{"ui":"7773919","t":6484.0,"r":6484.0,"q":2.44,"p":400.0,"mot":"L","mo":5000.0},{"ui":"7772445","t":4699.0,"r":4699.0,"q":2.41,"p":1000.0,"mot":"L","mo":500.0},{"ui":"7776845","t":1381.0,"r":1381.0,"q":2.96,"p":999.0,"mot":"L","mo":500.0},{"ui":"7777031","t":1035.0,"r":935.0,"q":3.12,"p":100.0,"mot":"U","mo":935.0},{"cn":"","ui":"","t":1156.0,"r":100.0,"q":1.8,"p":150.0,"mot":"L","mo":100.0}]},{"d":"30.08.2016","r":9122.0,"q":2.22,"p":172.54,"s":[{"ui":"7773776","t":4606.0,"r":4606.0,"q":2.35,"p":120.0,"mot":"U","mo":4606.0},{"ui":"7776845","t":2252.0,"r":2252.0,"q":2.2,"p":999.0,"mot":"L","mo":500.0},{"ui":"7777031","t":2577.0,"r":2477.0,"q":1.85,"p":100.0,"mot":"U","mo":2477.0},{"ui":"7778690","t":1439.0,"r":1439.0,"q":2.46,"p":180.0,"mot":"U","mo":1439.0},{"cn":"","ui":"","t":1284.0,"r":100.0,"q":1.72,"p":150.0,"mot":"L","mo":100.0}]},{"d":"31.08.2016","r":16838.0,"q":2.26,"p":422.16,"s":[{"ui":"7778611","t":838.0,"r":838.0,"q":2.38,"p":200.0,"mot":"L","mo":2400.0},{"ui":"7779371","t":2267.0,"r":2267.0,"q":1.72,"p":230.0,"mot":"L","mo":1000.0},{"ui":"7777946","t":11510.0,"r":11510.0,"q":2.46,"p":500.0,"mot":"L","mo":5000.0},{"ui":"7777031","t":2719.0,"r":2719.0,"q":1.55,"p":100.0,"mot":"U","mo":2719.0},{"ui":"7780525","t":3208.0,"r":3188.0,"q":2.53,"p":1000.0,"mot":"U","mo":3188.0},{"ui":"7778690","t":1834.0,"r":1834.0,"q":2.43,"p":180.0,"mot":"U","mo":1834.0},{"cn":"","ui":"","t":3874.0,"r":697.0,"q":2.33,"p":155.47,"mot":"L","mo":697.0}]},{"d":"01.09.2016","r":13624.0,"q":2.19,"p":547.53,"s":[{"ui":"7778883","t":3523.0,"r":3523.0,"q":2.94,"p":110.0,"mot":"L","mo":3400.0},{"ui":"7778611","t":11356.0,"r":11356.0,"q":2.09,"p":200.0,"mot":"L","mo":2400.0},{"ui":"7782626","t":3218.0,"r":3218.0,"q":1.0,"p":250.0,"mot":"L","mo":1000.0},{"ui":"7780525","t":6210.0,"r":6190.0,"q":1.99,"p":1000.0,"mot":"U","mo":6190.0},{"cn":"","ui":"","t":12465.0,"r":634.0,"q":2.48,"p":261.07,"mot":"L","mo":634.0}]},{"d":"02.09.2016","r":21769.0,"q":2.07,"p":656.07,"s":[{"ui":"7784515","t":1735.0,"r":1685.0,"q":2.49,"p":580.0,"mot":"U","mo":1685.0},{"ui":"7785365","t":10369.0,"r":8144.0,"q":2.25,"p":400.0,"mot":"U","mo":8144.0},{"ui":"7780525","t":7819.0,"r":7799.0,"q":1.83,"p":1000.0,"mot":"U","mo":7799.0},{"ui":"7780327","t":3693.0,"r":2649.0,"q":2.45,"p":700.0,"mot":"U","mo":2649.0},{"cn":"","ui":"","t":19450.0,"r":1492.0,"q":1.26,"p":263.94,"mot":"L","mo":1492.0}]},{"d":"03.09.2016","r":6495.0,"q":1.9,"p":851.56,"s":[{"ui":"7784515","t":3505.0,"r":3455.0,"q":1.82,"p":580.0,"mot":"U","mo":3455.0},{"ui":"7787028","t":1033.0,"r":1033.0,"q":2.77,"p":500.0,"mot":"U","mo":1033.0},{"ui":"7784496","t":2007.0,"r":2007.0,"q":1.59,"p":1500.0,"mot":"U","mo":2007.0},{"cn":"","ui":"","t":0.0,"r":0.0,"q":0.0,"p":0.0,"mot":"L","mo":0.0}]},{"d":"04.09.2016","r":9117.0,"q":2.43,"p":644.68,"s":[{"ui":"7789771","t":675.0,"r":675.0,"q":2.98,"p":750.0,"mot":"U","mo":675.0},{"ui":"7789223","t":1085.0,"r":970.0,"q":2.14,"p":400.0,"mot":"U","mo":970.0},{"ui":"7784515","t":4941.0,"r":4941.0,"q":1.74,"p":580.0,"mot":"U","mo":4941.0},{"ui":"7786897","t":852.0,"r":852.0,"q":3.93,"p":1500.0,"mot":"U","mo":852.0},{"ui":"7787028","t":933.0,"r":933.0,"q":2.77,"p":500.0,"mot":"U","mo":933.0},{"ui":"7790371","t":771.0,"r":746.0,"q":4.71,"p":500.0,"mot":"U","mo":746.0},{"cn":"","ui":"","t":0.0,"r":0.0,"q":0.0,"p":0.0,"mot":"L","mo":0.0}]},{"d":"05.09.2016","r":8067.0,"q":2.25,"p":426.81,"s":[{"ui":"7789223","t":3997.0,"r":3982.0,"q":1.77,"p":400.0,"mot":"U","mo":3982.0},{"ui":"7790371","t":2207.0,"r":2182.0,"q":2.83,"p":500.0,"mot":"U","mo":2182.0},{"ui":"7791816","t":1953.0,"r":1903.0,"q":2.6,"p":399.0,"mot":"U","mo":1903.0},{"cn":"","ui":"","t":0.0,"r":0.0,"q":0.0,"p":0.0,"mot":"L","mo":0.0}]},{"d":"06.09.2016","r":17716.0,"q":2.17,"p":408.4,"s":[{"ui":"7789223","t":6749.0,"r":6734.0,"q":1.65,"p":400.0,"mot":"U","mo":6734.0},{"ui":"7790371","t":1607.0,"r":1582.0,"q":2.84,"p":500.0,"mot":"U","mo":1582.0},{"ui":"7791816","t":10123.0,"r":9400.0,"q":2.43,"p":399.0,"mot":"U","mo":9400.0},{"cn":"","ui":"","t":0.0,"r":0.0,"q":0.0,"p":0.0,"mot":"L","mo":0.0}]},{"d":"07.09.2016","r":60563.0,"q":2.5,"p":404.91,"s":[{"ui":"7790340","t":51237.0,"r":39337.0,"q":2.54,"p":400.0,"mot":"U","mo":39337.0},{"ui":"7791816","t":17358.0,"r":17328.0,"q":2.41,"p":399.0,"mot":"U","mo":17328.0},{"cn":"","ui":"","t":4580.0,"r":3898.0,"q":2.43,"p":480.76,"mot":"L","mo":3898.0}]},{"d":"08.09.2016","r":10600.0,"q":1.35,"p":1589.62,"s":[{"ui":"7793593","t":27474.0,"r":26422.0,"q":1.31,"p":1500.0,"mot":"L","mo":10000.0},{"cn":"","ui":"","t":8806.0,"r":600.0,"q":2.01,"p":3083.33,"mot":"L","mo":600.0}]},{"d":"09.09.2016","r":3642.0,"q":2.44,"p":99.8,"s":[{"ui":"7799054","t":301.0,"r":301.0,"q":1.0,"p":111.0,"mot":"L","mo":1000.0},{"ui":"7800554","t":1079.0,"r":829.0,"q":2.45,"p":90.0,"mot":"L","mo":1172.0},{"ui":"7801061","t":1470.0,"r":1470.0,"q":3.4,"p":100.0,"mot":"U","mo":1470.0},{"cn":"","ui":"","t":0.0,"r":0.0,"q":0.0,"p":0.0,"mot":"L","mo":0.0}]},{"d":"10.09.2016","r":10784.0,"q":2.57,"p":238.21,"s":[{"ui":"7799054","t":410.0,"r":410.0,"q":1.0,"p":111.0,"mot":"L","mo":1000.0},{"ui":"7801061","t":1577.0,"r":1427.0,"q":2.74,"p":100.0,"mot":"U","mo":1427.0},{"ui":"7800803","t":4204.0,"r":3914.0,"q":2.4,"p":165.0,"mot":"U","mo":3914.0},{"ui":"7799784","t":3493.0,"r":3443.0,"q":2.7,"p":100.0,"mot":"U","mo":3443.0},{"cn":"","ui":"","t":1913.0,"r":1000.0,"q":4.12,"p":1325.0,"mot":"L","mo":1000.0}]},{"d":"11.09.2016","r":15903.0,"q":2.11,"p":169.74,"s":[{"ui":"7802933","t":1038.0,"r":438.0,"q":1.57,"p":200.0,"mot":"L","mo":5000.0},{"ui":"7800803","t":8682.0,"r":8592.0,"q":2.35,"p":165.0,"mot":"U","mo":8592.0},{"ui":"7804057","t":2479.0,"r":2306.0,"q":2.37,"p":120.0,"mot":"U","mo":2306.0},{"cn":"","ui":"","t":2595.0,"r":5.0,"q":2.52,"p":1000.0,"mot":"L","mo":5.0}]},{"d":"12.09.2016","r":1811.0,"q":1.73,"p":135.27,"s":[{"ui":"7804057","t":1791.0,"r":1781.0,"q":1.67,"p":120.0,"mot":"U","mo":1781.0},{"cn":"","ui":"","t":3508.0,"r":30.0,"q":5.13,"p":1041.67,"mot":"L","mo":30.0}]},{"d":"13.09.2016","r":1370.0,"q":3.42,"p":1814.85,"s":[{"ui":"7809441","t":640.0,"r":630.0,"q":4.08,"p":1135.87,"mot":"U","mo":630.0},{"ui":"7807482","t":1633.0,"r":1633.0,"q":2.8,"p":2450.0,"mot":"L","mo":710.0},{"cn":"","ui":"","t":3382.0,"r":30.0,"q":4.23,"p":1041.67,"mot":"L","mo":30.0}]},{"d":"14.09.2016","r":6365.0,"q":1.38,"p":1093.77,"s":[{"ui":"7809441","t":5875.0,"r":5865.0,"q":1.3,"p":1135.87,"mot":"U","mo":5865.0},{"ui":"7808549","t":6162.0,"r":6050.0,"q":2.35,"p":600.0,"mot":"L","mo":500.0},{"cn":"","ui":"","t":0.0,"r":0.0,"q":0.0,"p":0.0,"mot":"L","mo":0.0}]},{"d":"15.09.2016","r":11379.0,"q":1.23,"p":1089.6,"s":[{"ui":"7809441","t":10789.0,"r":10779.0,"q":1.16,"p":1135.87,"mot":"U","mo":10779.0},{"cn":"","ui":"","t":18148.0,"r":600.0,"q":2.47,"p":258.33,"mot":"L","mo":600.0}]},{"d":"16.09.2016","r":100.0,"q":2.58,"p":300.0,"s":[{"ui":"7812588","t":2074.0,"r":2059.0,"q":2.58,"p":300.0,"mot":"L","mo":100.0},{"cn":"","ui":"","t":0.0,"r":0.0,"q":0.0,"p":0.0,"mot":"L","mo":0.0}]},{"d":"17.09.2016","r":4836.0,"q":2.9,"p":84.96,"s":[{"ui":"7816329","t":3245.0,"r":3223.0,"q":2.74,"p":70.0,"mot":"L","mo":3000.0},{"ui":"7818377","t":852.0,"r":852.0,"q":3.59,"p":90.89,"mot":"L","mo":300.0},{"ui":"7816781","t":1436.0,"r":1436.0,"q":3.1,"p":100.0,"mot":"U","mo":1436.0},{"cn":"","ui":"","t":217.0,"r":100.0,"q":2.67,"p":300.0,"mot":"L","mo":100.0}]},{"d":"18.09.2016","r":6162.0,"q":2.64,"p":136.55,"s":[{"ui":"7816329","t":503.0,"r":235.0,"q":2.74,"p":70.0,"mot":"L","mo":3000.0},{"ui":"7818377","t":3727.0,"r":3727.0,"q":2.56,"p":200.0,"mot":"L","mo":3000.0},{"cn":"","ui":"","t":632.0,"r":162.0,"q":2.11,"p":193.83,"mot":"L","mo":162.0}]},{"d":"19.09.2016","r":50.0,"q":2.01,"p":100.0,"s":[{"ui":"7821745","t":6242.0,"r":6067.0,"q":2.01,"p":100.0,"mot":"L","mo":50.0},{"cn":"","ui":"","t":0.0,"r":0.0,"q":0.0,"p":0.0,"mot":"L","mo":0.0}]},{"d":"20.09.2016","r":50.0,"q":1.59,"p":100.0,"s":[{"ui":"7821745","t":7819.0,"r":7498.0,"q":1.59,"p":100.0,"mot":"L","mo":50.0},{"cn":"","ui":"","t":0.0,"r":0.0,"q":0.0,"p":0.0,"mot":"L","mo":0.0}]},{"d":"23.09.2016","r":3062.0,"q":2.66,"p":1265.16,"s":[{"ui":"7829508","t":748.0,"r":748.0,"q":2.85,"p":1440.0,"mot":"U","mo":748.0},{"ui":"7829046","t":2275.0,"r":2264.0,"q":2.57,"p":1200.0,"mot":"U","mo":2264.0},{"cn":"","ui":"","t":931.0,"r":50.0,"q":4.04,"p":1600.0,"mot":"L","mo":50.0}]},{"d":"24.09.2016","r":17726.0,"q":2.26,"p":702.76,"s":[{"ui":"7829508","t":967.0,"r":957.0,"q":2.42,"p":1440.0,"mot":"U","mo":957.0},{"ui":"7829046","t":1957.0,"r":1906.0,"q":2.35,"p":1200.0,"mot":"U","mo":1906.0},{"ui":"7828685","t":17245.0,"r":14644.0,"q":2.24,"p":600.0,"mot":"U","mo":14644.0},{"cn":"","ui":"","t":289.0,"r":219.0,"q":2.46,"p":25.0,"mot":"L","mo":219.0}]},{"d":"25.09.2016","r":17326.0,"q":2.21,"p":581.78,"s":[{"ui":"7828685","t":16637.0,"r":16537.0,"q":2.24,"p":600.0,"mot":"U","mo":16537.0},{"cn":"","ui":"","t":2224.0,"r":789.0,"q":1.63,"p":200.0,"mot":"L","mo":789.0}]},{"d":"26.09.2016","r":3420.0,"q":3.06,"p":592.55,"s":[{"ui":"7836157","t":635.0,"r":633.0,"q":4.59,"p":1000.0,"mot":"L","mo":500.0},{"ui":"7836443","t":2829.0,"r":2764.0,"q":2.86,"p":550.87,"mot":"U","mo":2764.0},{"cn":"","ui":"","t":186.0,"r":156.0,"q":1.71,"p":25.0,"mot":"L","mo":156.0}]},{"d":"27.09.2016","r":16931.0,"q":2.55,"p":305.07,"s":[{"ui":"7837840","t":3393.0,"r":3393.0,"q":2.49,"p":130.0,"mot":"U","mo":3393.0},{"ui":"7836443","t":3458.0,"r":3448.0,"q":2.29,"p":498.87,"mot":"U","mo":3448.0},{"ui":"7839061","t":2048.0,"r":2048.0,"q":2.83,"p":799.0,"mot":"U","mo":2048.0},{"ui":"7833745","t":1707.0,"r":1637.0,"q":1.56,"p":25.0,"mot":"U","mo":1637.0},{"ui":"7837852","t":5905.0,"r":5905.0,"q":2.75,"p":140.0,"mot":"U","mo":5905.0},{"cn":"","ui":"","t":518.0,"r":500.0,"q":4.49,"p":1000.0,"mot":"L","mo":500.0}]},{"d":"28.09.2016","r":6346.0,"q":2.28,"p":602.23,"s":[{"ui":"7836443","t":3246.0,"r":3246.0,"q":2.09,"p":498.87,"mot":"U","mo":3246.0},{"ui":"7839061","t":2600.0,"r":2600.0,"q":2.44,"p":799.0,"mot":"U","mo":2600.0},{"cn":"","ui":"","t":5082.0,"r":500.0,"q":2.67,"p":250.0,"mot":"L","mo":500.0}]},{"d":"29.09.2016","r":18421.0,"q":2.26,"p":679.52,"s":[{"ui":"7843066","t":2131.0,"r":2131.0,"q":2.19,"p":1000.0,"mot":"L","mo":10000.0},{"ui":"7843258","t":8012.0,"r":8002.0,"q":2.38,"p":300.0,"mot":"U","mo":8002.0},{"cn":"","ui":"","t":7181.0,"r":419.0,"q":1.66,"p":278.74,"mot":"L","mo":419.0}]},{"d":"30.09.2016","r":32641.0,"q":2.08,"p":513.14,"s":[{"ui":"7843066","t":2264.0,"r":2264.0,"q":2.12,"p":1000.0,"mot":"L","mo":10000.0},{"ui":"7845222","t":3397.0,"r":3392.0,"q":2.81,"p":300.0,"mot":"U","mo":3392.0},{"ui":"7843258","t":18260.0,"r":18250.0,"q":1.96,"p":300.0,"mot":"U","mo":18250.0},{"cn":"","ui":"","t":14077.0,"r":999.0,"q":1.47,"p":256.97,"mot":"L","mo":999.0}]},{"d":"01.10.2016","r":88515.0,"q":2.72,"p":239.05,"s":[{"ui":"7844723","t":62706.0,"r":61354.0,"q":2.92,"p":200.0,"mot":"U","mo":61354.0},{"ui":"7843258","t":19395.0,"r":19395.0,"q":1.94,"p":300.0,"mot":"U","mo":19395.0},{"cn":"","ui":"","t":10529.0,"r":7766.0,"q":3.04,"p":395.29,"mot":"L","mo":7766.0}]},{"d":"02.10.2016","r":220787.0,"q":3.02,"p":135.78,"s":[{"ui":"7845494","t":3480.0,"r":3480.0,"q":2.94,"p":334.0,"mot":"L","mo":33000.0},{"ui":"7844723","t":163683.0,"r":162263.0,"q":3.06,"p":50.0,"mot":"U","mo":162263.0},{"ui":"7849921","t":15049.0,"r":14999.0,"q":2.94,"p":390.0,"mot":"U","mo":14999.0},{"cn":"","ui":"","t":11975.0,"r":10525.0,"q":2.85,"p":474.48,"mot":"L","mo":10525.0}]},{"d":"03.10.2016","r":17671.0,"q":2.45,"p":294.44,"s":[{"ui":"7849531","t":7806.0,"r":7806.0,"q":2.19,"p":350.0,"mot":"U","mo":7806.0},{"ui":"7851407","t":3497.0,"r":3331.0,"q":2.59,"p":89.0,"mot":"U","mo":3331.0},{"ui":"7852342","t":5453.0,"r":5453.0,"q":2.71,"p":250.0,"mot":"U","mo":5453.0},{"cn":"","ui":"","t":5214.0,"r":1081.0,"q":2.62,"p":750.49,"mot":"L","mo":1081.0}]},{"d":"04.10.2016","r":56266.0,"q":2.49,"p":319.8,"s":[{"ui":"7852732","t":3488.0,"r":3488.0,"q":2.5,"p":150.0,"mot":"U","mo":3488.0},{"ui":"7849531","t":10885.0,"r":10885.0,"q":1.99,"p":350.0,"mot":"U","mo":10885.0},{"ui":"7851407","t":6570.0,"r":6270.0,"q":2.5,"p":89.0,"mot":"U","mo":6270.0},{"ui":"7852342","t":11129.0,"r":11129.0,"q":2.19,"p":250.0,"mot":"U","mo":11129.0},{"ui":"7849617","t":3977.0,"r":3977.0,"q":2.72,"p":385.0,"mot":"L","mo":3489.0},{"ui":"7849921","t":19605.0,"r":19605.0,"q":2.83,"p":390.0,"mot":"U","mo":19605.0},{"cn":"","ui":"","t":6526.0,"r":1400.0,"q":3.55,"p":951.0,"mot":"L","mo":1400.0}]},{"d":"05.10.2016","r":13234.0,"q":2.21,"p":249.22,"s":[{"ui":"7852342","t":11371.0,"r":11371.0,"q":2.18,"p":250.0,"mot":"U","mo":11371.0},{"ui":"7856513","t":2073.0,"r":1473.0,"q":2.43,"p":180.0,"mot":"L","mo":1000.0},{"cn":"","ui":"","t":9322.0,"r":863.0,"q":2.29,"p":319.18,"mot":"L","mo":863.0}]},{"d":"07.10.2016","r":22357.0,"q":3.8,"p":480.88,"s":[{"ui":"7860770","t":2957.0,"r":2957.0,"q":5.26,"p":550.0,"mot":"U","mo":2957.0},{"ui":"7860756","t":5763.0,"r":5753.0,"q":4.95,"p":900.0,"mot":"U","mo":5753.0},{"ui":"7858832","t":10498.0,"r":10088.0,"q":2.68,"p":408.3,"mot":"L","mo":6000.0},{"ui":"7861426","t":3498.0,"r":3498.0,"q":2.7,"p":100.0,"mot":"U","mo":3498.0},{"ui":"7862732","t":789.0,"r":789.0,"q":4.74,"p":80.0,"mot":"L","mo":2000.0},{"cn":"","ui":"","t":17458.0,"r":2149.0,"q":2.79,"p":459.47,"mot":"L","mo":2149.0}]},{"d":"08.10.2016","r":23400.0,"q":3.86,"p":690.35,"s":[{"ui":"7860497","t":1728.0,"r":1528.0,"q":4.96,"p":1000.0,"mot":"U","mo":1528.0},{"ui":"7860760","t":4611.0,"r":4601.0,"q":4.51,"p":1100.0,"mot":"U","mo":4601.0},{"ui":"7862909","t":3475.0,"r":3475.0,"q":2.76,"p":300.0,"mot":"L","mo":1200.0},{"ui":"7858832","t":9241.0,"r":8907.0,"q":2.93,"p":408.3,"mot":"L","mo":6000.0},{"ui":"7860756","t":5042.0,"r":5020.0,"q":5.04,"p":1100.0,"mot":"U","mo":5020.0},{"ui":"7860237","t":1946.0,"r":1771.0,"q":5.15,"p":300.0,"mot":"U","mo":1771.0},{"ui":"7862732","t":1950.0,"r":1450.0,"q":1.83,"p":80.0,"mot":"L","mo":2000.0},{"cn":"","ui":"","t":10736.0,"r":1280.0,"q":2.38,"p":423.44,"mot":"L","mo":1280.0}]},{"d":"09.10.2016","r":784.0,"q":4.69,"p":2455.13,"s":[{"ui":"7867560","t":779.0,"r":769.0,"q":4.73,"p":2500.0,"mot":"U","mo":769.0},{"cn":"","ui":"","t":4826.0,"r":15.0,"q":2.8,"p":155.0,"mot":"L","mo":15.0}]},{"d":"10.10.2016","r":12777.0,"q":2.25,"p":759.36,"s":[{"ui":"7865548","t":12067.0,"r":11947.0,"q":2.24,"p":780.0,"mot":"U","mo":11947.0},{"cn":"","ui":"","t":9751.0,"r":830.0,"q":2.45,"p":462.33,"mot":"L","mo":830.0}]},{"d":"11.10.2016","r":11867.0,"q":2.25,"p":771.03,"s":[{"ui":"7865548","t":11519.0,"r":11487.0,"q":2.24,"p":780.0,"mot":"U","mo":11487.0},{"cn":"","ui":"","t":2941.0,"r":380.0,"q":2.48,"p":500.0,"mot":"L","mo":380.0}]},{"d":"12.10.2016","r":6885.0,"q":2.66,"p":630.7,"s":[{"ui":"7873515","t":390.0,"r":115.0,"q":2.69,"p":999.0,"mot":"L","mo":500.0},{"ui":"7874039","t":5401.0,"r":5151.0,"q":2.44,"p":500.0,"mot":"U","mo":5151.0},{"ui":"7872765","t":1084.0,"r":1084.0,"q":3.33,"p":1100.0,"mot":"U","mo":1084.0},{"cn":"","ui":"","t":12519.0,"r":150.0,"q":5.26,"p":500.0,"mot":"L","mo":150.0}]},{"d":"13.10.2016","r":4456.0,"q":2.41,"p":1214.46,"s":[{"ui":"7876087","t":2899.0,"r":2899.0,"q":2.49,"p":1050.0,"mot":"U","mo":2899.0},{"ui":"7873515","t":5731.0,"r":5706.0,"q":2.23,"p":999.0,"mot":"L","mo":500.0},{"ui":"7875317","t":618.0,"r":618.0,"q":1.16,"p":2500.0,"mot":"U","mo":618.0},{"ui":"7877309","t":860.0,"r":860.0,"q":4.45,"p":876.0,"mot":"L","mo":289.0},{"cn":"","ui":"","t":3808.0,"r":150.0,"q":2.83,"p":466.67,"mot":"L","mo":150.0}]},{"d":"14.10.2016","r":9193.0,"q":2.62,"p":1000.07,"s":[{"ui":"7878986","t":3027.0,"r":3027.0,"q":2.53,"p":1300.0,"mot":"U","mo":3027.0},{"ui":"7879006","t":2437.0,"r":2437.0,"q":2.69,"p":710.0,"mot":"U","mo":2437.0},{"ui":"7876087","t":1204.0,"r":1004.0,"q":2.3,"p":1050.0,"mot":"U","mo":1004.0},{"ui":"7879111","t":1643.0,"r":1643.0,"q":2.86,"p":1100.0,"mot":"L","mo":500.0},{"ui":"7873515","t":12768.0,"r":12743.0,"q":2.23,"p":999.0,"mot":"L","mo":500.0},{"ui":"7877309","t":1588.0,"r":1588.0,"q":2.94,"p":876.0,"mot":"L","mo":1425.0},{"cn":"","ui":"","t":4388.0,"r":300.0,"q":2.73,"p":587.5,"mot":"L","mo":300.0}]},{"d":"15.10.2016","r":2044.0,"q":3.09,"p":995.23,"s":[{"ui":"7882002","t":1896.0,"r":1844.0,"q":3.18,"p":1000.0,"mot":"U","mo":1844.0},{"cn":"","ui":"","t":8745.0,"r":200.0,"q":2.28,"p":951.25,"mot":"L","mo":200.0}]},{"d":"16.10.2016","r":16597.0,"q":1.61,"p":254.19,"s":[{"ui":"7880581","t":6026.0,"r":5606.0,"q":2.56,"p":200.0,"mot":"U","mo":5606.0},{"ui":"7881257","t":4102.0,"r":3092.0,"q":2.44,"p":500.0,"mot":"L","mo":1000.0},{"ui":"7879132","t":10216.0,"r":9991.0,"q":1.0,"p":260.0,"mot":"U","mo":9991.0},{"cn":"","ui":"","t":0.0,"r":0.0,"q":0.0,"p":0.0,"mot":"L","mo":0.0}]},{"d":"17.10.2016","r":761.0,"q":3.01,"p":584.1,"s":[{"ui":"7887502","t":1245.0,"r":745.0,"q":3.05,"p":500.0,"mot":"U","mo":745.0},{"cn":"","ui":"","t":16.0,"r":16.0,"q":1.0,"p":4500.0,"mot":"L","mo":16.0}]},{"d":"18.10.2016","r":235.0,"q":1.99,"p":1051.7,"s":[{"ui":"7886784","t":19.0,"r":19.0,"q":1.0,"p":3000.0,"mot":"U","mo":19.0},{"ui":"7888126","t":3168.0,"r":3168.0,"q":1.0,"p":5000.0,"mot":"L","mo":12.0},{"ui":"7889081","t":641.0,"r":191.0,"q":1.98,"p":450.0,"mot":"U","mo":191.0},{"ui":"7888030","t":3462.0,"r":3449.0,"q":4.58,"p":3400.0,"mot":"L","mo":13.0},{"cn":"","ui":"","t":0.0,"r":0.0,"q":0.0,"p":0.0,"mot":"L","mo":0.0}]},{"d":"19.10.2016","r":9040.0,"q":2.26,"p":397.42,"s":[{"ui":"7887502","t":1020.0,"r":1005.0,"q":1.6,"p":500.0,"mot":"U","mo":1005.0},{"ui":"7891003","t":6471.0,"r":6439.0,"q":2.59,"p":400.0,"mot":"U","mo":6439.0},{"ui":"7889390","t":1531.0,"r":1531.0,"q":1.38,"p":200.0,"mot":"U","mo":1531.0},{"cn":"","ui":"","t":8540.0,"r":65.0,"q":1.0,"p":3206.15,"mot":"L","mo":65.0}]},{"d":"20.10.2016","r":4018.0,"q":1.95,"p":334.67,"s":[{"ui":"7893390","t":3881.0,"r":3881.0,"q":1.92,"p":310.0,"mot":"U","mo":3881.0},{"cn":"","ui":"","t":16643.0,"r":137.0,"q":2.66,"p":1033.58,"mot":"L","mo":137.0}]},{"d":"21.10.2016","r":7570.0,"q":2.83,"p":4062.5,"s":[{"ui":"7895571","t":3243.0,"r":3242.0,"q":2.02,"p":2606.0,"mot":"U","mo":3242.0},{"ui":"7895030","t":10014.0,"r":10014.0,"q":4.53,"p":12000.0,"mot":"L","mo":1500.0},{"ui":"7895573","t":1184.0,"r":1184.0,"q":3.8,"p":3200.0,"mot":"U","mo":1184.0},{"ui":"7893799","t":4734.0,"r":4616.0,"q":2.22,"p":350.0,"mot":"L","mo":450.0},{"ui":"7893390","t":1666.0,"r":1040.0,"q":2.34,"p":300.0,"mot":"U","mo":1040.0},{"cn":"","ui":"","t":154.0,"r":154.0,"q":1.0,"p":300.0,"mot":"L","mo":154.0}]},{"d":"22.10.2016","r":11268.0,"q":2.43,"p":2165.06,"s":[{"ui":"7899104","t":2606.0,"r":2506.0,"q":2.24,"p":750.0,"mot":"U","mo":2506.0},{"ui":"7899106","t":1200.0,"r":1150.0,"q":2.07,"p":1350.0,"mot":"U","mo":1150.0},{"ui":"7895030","t":16510.0,"r":16510.0,"q":4.67,"p":12000.0,"mot":"L","mo":1500.0},{"ui":"7898755","t":1325.0,"r":81.0,"q":2.43,"p":290.0,"mot":"L","mo":1325.0},{"ui":"7898444","t":300.0,"r":279.0,"q":1.6,"p":450.0,"mot":"L","mo":3000.0},{"ui":"7900074","t":750.0,"r":750.0,"q":1.0,"p":400.0,"mot":"L","mo":1000.0},{"cn":"","ui":"","t":787.0,"r":787.0,"q":4.24,"p":1054.13,"mot":"L","mo":787.0}]},{"d":"23.10.2016","r":14802.0,"q":2.13,"p":1889.03,"s":[{"ui":"7899104","t":7041.0,"r":7041.0,"q":2.38,"p":740.0,"mot":"U","mo":7041.0},{"ui":"7899106","t":1400.0,"r":1400.0,"q":2.12,"p":1550.0,"mot":"U","mo":1400.0},{"ui":"7898755","t":2437.0,"r":1337.0,"q":2.44,"p":290.0,"mot":"L","mo":1150.0},{"ui":"7898444","t":2343.0,"r":2322.0,"q":1.57,"p":450.0,"mot":"L","mo":3000.0},{"ui":"7900074","t":1410.0,"r":1410.0,"q":1.0,"p":400.0,"mot":"L","mo":1000.0},{"cn":"","ui":"","t":3697.0,"r":1211.0,"q":2.72,"p":15274.58,"mot":"L","mo":1211.0}]},{"d":"24.10.2016","r":7706.0,"q":2.21,"p":787.02,"s":[{"ui":"7899690","t":1455.0,"r":1455.0,"q":1.01,"p":800.0,"mot":"U","mo":1455.0},{"ui":"7899702","t":6076.0,"r":6051.0,"q":2.42,"p":800.0,"mot":"U","mo":6051.0},{"cn":"","ui":"","t":789.0,"r":200.0,"q":4.74,"p":300.0,"mot":"L","mo":200.0}]},{"d":"25.10.2016","r":16867.0,"q":2.43,"p":782.88,"s":[{"ui":"7900677","t":1406.0,"r":1406.0,"q":2.45,"p":5000.0,"mot":"U","mo":1406.0},{"ui":"7902920","t":11352.0,"r":10108.0,"q":2.31,"p":400.0,"mot":"U","mo":10108.0},{"ui":"7905862","t":2368.0,"r":2348.0,"q":3.11,"p":400.0,"mot":"U","mo":2348.0},{"ui":"7901592","t":972.0,"r":972.0,"q":1.64,"p":800.0,"mot":"U","mo":972.0},{"ui":"7904054","t":2314.0,"r":1733.0,"q":2.68,"p":199.0,"mot":"U","mo":1733.0},{"cn":"","ui":"","t":3546.0,"r":300.0,"q":2.29,"p":233.33,"mot":"L","mo":300.0}]},{"d":"26.10.2016","r":36878.0,"q":2.67,"p":877.13,"s":[{"ui":"7906573","t":5425.0,"r":5415.0,"q":5.42,"p":2000.0,"mot":"U","mo":5415.0},{"ui":"7902920","t":15860.0,"r":14914.0,"q":2.16,"p":400.0,"mot":"U","mo":14914.0},{"ui":"7905616","t":14329.0,"r":14307.0,"q":2.13,"p":375.0,"mot":"U","mo":14307.0},{"cn":"","ui":"","t":5656.0,"r":2242.0,"q":2.85,"p":4543.26,"mot":"L","mo":2242.0}]},{"d":"27.10.2016","r":4036.0,"q":2.75,"p":3538.55,"s":[{"ui":"7905880","t":1650.0,"r":1650.0,"q":2.8,"p":8000.0,"mot":"U","mo":1650.0},{"ui":"7904637","t":2347.0,"r":1888.0,"q":1.93,"p":250.0,"mot":"L","mo":1000.0},{"ui":"7908614","t":1386.0,"r":1386.0,"q":3.27,"p":600.0,"mot":"U","mo":1386.0},{"cn":"","ui":"","t":0.0,"r":0.0,"q":0.0,"p":0.0,"mot":"L","mo":0.0}]},{"d":"28.10.2016","r":150.0,"q":1.92,"p":390.0,"s":[{"ui":"7910037","t":350.0,"r":40.0,"q":1.92,"p":390.0,"mot":"L","mo":150.0},{"cn":"","ui":"","t":0.0,"r":0.0,"q":0.0,"p":0.0,"mot":"L","mo":0.0}]},{"d":"29.10.2016","r":150.0,"q":1.83,"p":390.0,"s":[{"ui":"7910037","t":1748.0,"r":1731.0,"q":1.83,"p":390.0,"mot":"L","mo":150.0},{"cn":"","ui":"","t":0.0,"r":0.0,"q":0.0,"p":0.0,"mot":"L","mo":0.0}]},{"d":"30.10.2016","r":250.0,"q":2.02,"p":714.0,"s":[{"ui":"7910037","t":356.0,"r":239.0,"q":1.83,"p":390.0,"mot":"L","mo":150.0},{"ui":"7912441","t":4378.0,"r":4328.0,"q":2.31,"p":1200.0,"mot":"L","mo":100.0},{"cn":"","ui":"","t":0.0,"r":0.0,"q":0.0,"p":0.0,"mot":"L","mo":0.0}]},{"d":"31.10.2016","r":600.0,"q":2.09,"p":300.0,"s":[{"ui":"7912441","t":3561.0,"r":3094.0,"q":2.31,"p":300.0,"mot":"L","mo":500.0},{"ui":"7914168","t":9783.0,"r":9452.0,"q":1.0,"p":300.0,"mot":"L","mo":100.0},{"cn":"","ui":"","t":0.0,"r":0.0,"q":0.0,"p":0.0,"mot":"L","mo":0.0}]},{"d":"01.11.2016","r":100.0,"q":1.0,"p":300.0,"s":[{"ui":"7914168","t":15755.0,"r":15355.0,"q":1.0,"p":300.0,"mot":"L","mo":100.0},{"cn":"","ui":"","t":0.0,"r":0.0,"q":0.0,"p":0.0,"mot":"L","mo":0.0}]},{"d":"02.11.2016","r":2844.0,"q":1.81,"p":390.31,"s":[{"ui":"7916913","t":3284.0,"r":3284.0,"q":2.64,"p":450.0,"mot":"L","mo":1367.0},{"ui":"7915119","t":177.0,"r":177.0,"q":1.3,"p":457.0,"mot":"U","mo":177.0},{"ui":"7916723","t":493.0,"r":493.0,"q":1.0,"p":320.0,"mot":"L","mo":1200.0},{"cn":"","ui":"","t":14205.0,"r":100.0,"q":1.0,"p":300.0,"mot":"L","mo":100.0}]},{"d":"03.11.2016","r":8994.0,"q":2.32,"p":208.97,"s":[{"ui":"7916913","t":2444.0,"r":2404.0,"q":2.64,"p":450.0,"mot":"L","mo":1367.0},{"ui":"7916723","t":1181.0,"r":981.0,"q":1.0,"p":300.0,"mot":"L","mo":1600.0},{"ui":"7918024","t":5315.0,"r":4315.0,"q":2.6,"p":149.0,"mot":"L","mo":5000.0},{"ui":"7919034","t":623.0,"r":223.0,"q":2.62,"p":27.0,"mot":"L","mo":1000.0},{"cn":"","ui":"","t":27.0,"r":27.0,"q":1.3,"p":457.0,"mot":"L","mo":27.0}]},{"d":"04.11.2016","r":3117.0,"q":1.79,"p":361.93,"s":[{"ui":"7916913","t":1964.0,"r":1964.0,"q":2.64,"p":450.0,"mot":"L","mo":1367.0},{"ui":"7916723","t":1211.0,"r":1011.0,"q":1.0,"p":300.0,"mot":"L","mo":1600.0},{"cn":"","ui":"","t":2133.0,"r":150.0,"q":2.42,"p":220.0,"mot":"L","mo":150.0}]},{"d":"05.11.2016","r":16238.0,"q":3.45,"p":599.81,"s":[{"ui":"7921539","t":7340.0,"r":6680.0,"q":3.1,"p":900.0,"mot":"U","mo":6680.0},{"ui":"7917411","t":4396.0,"r":3256.0,"q":3.18,"p":395.0,"mot":"U","mo":3256.0},{"ui":"7918178","t":1429.0,"r":1429.0,"q":3.67,"p":1500.0,"mot":"U","mo":1429.0},{"ui":"7921619","t":4058.0,"r":3873.0,"q":4.45,"p":70.0,"mot":"U","mo":3873.0},{"ui":"7919034","t":2537.0,"r":2537.0,"q":2.43,"p":27.0,"mot":"L","mo":1000.0},{"cn":"","ui":"","t":0.0,"r":0.0,"q":0.0,"p":0.0,"mot":"L","mo":0.0}]},{"d":"06.11.2016","r":21462.0,"q":3.23,"p":482.47,"s":[{"ui":"7923623","t":1756.0,"r":1756.0,"q":3.31,"p":1400.0,"mot":"U","mo":1756.0},{"ui":"7923491","t":1616.0,"r":1616.0,"q":2.23,"p":500.0,"mot":"U","mo":1616.0},{"ui":"7917411","t":27405.0,"r":17915.0,"q":3.33,"p":395.0,"mot":"U","mo":17915.0},{"cn":"","ui":"","t":180.0,"r":175.0,"q":1.0,"p":68.0,"mot":"L","mo":175.0}]},{"d":"07.11.2016","r":7037.0,"q":1.22,"p":368.81,"s":[{"ui":"7923403","t":388.0,"r":388.0,"q":1.0,"p":2600.0,"mot":"U","mo":388.0},{"ui":"7924881","t":5460.0,"r":5460.0,"q":1.0,"p":200.0,"mot":"U","mo":5460.0},{"ui":"7923491","t":995.0,"r":939.0,"q":2.29,"p":500.0,"mot":"U","mo":939.0},{"cn":"","ui":"","t":2538.0,"r":250.0,"q":2.43,"p":100.0,"mot":"L","mo":250.0}]},{"d":"08.11.2016","r":34881.0,"q":2.26,"p":118.26,"s":[{"ui":"7926824","t":8748.0,"r":8748.0,"q":1.0,"p":1.0,"mot":"U","mo":8748.0},{"ui":"7926886","t":13269.0,"r":13269.0,"q":2.42,"p":130.0,"mot":"U","mo":13269.0},{"ui":"7924881","t":13332.0,"r":10332.0,"q":3.2,"p":1.0,"mot":"U","mo":10332.0},{"ui":"7923491","t":2001.0,"r":2001.0,"q":2.25,"p":500.0,"mot":"U","mo":2001.0},{"cn":"","ui":"","t":531.0,"r":531.0,"q":1.0,"p":2600.0,"mot":"L","mo":531.0}]},{"d":"09.11.2016","r":7748.0,"q":1.0,"p":1.0,"s":[{"ui":"7926824","t":7748.0,"r":7748.0,"q":1.0,"p":1.0,"mot":"U","mo":7748.0},{"cn":"","ui":"","t":0.0,"r":0.0,"q":0.0,"p":0.0,"mot":"L","mo":0.0}]},{"d":"10.11.2016","r":2632.0,"q":3.25,"p":350.0,"s":[{"ui":"7928645","t":3152.0,"r":2632.0,"q":3.25,"p":350.0,"mot":"U","mo":2632.0},{"cn":"","ui":"","t":0.0,"r":0.0,"q":0.0,"p":0.0,"mot":"L","mo":0.0}]},{"d":"11.11.2016","r":18031.0,"q":3.13,"p":792.19,"s":[{"ui":"7929409","t":18413.0,"r":17405.0,"q":3.15,"p":800.0,"mot":"U","mo":17405.0},{"cn":"","ui":"","t":876.0,"r":626.0,"q":2.44,"p":575.0,"mot":"L","mo":626.0}]},{"d":"12.11.2016","r":19075.0,"q":4.25,"p":568.22,"s":[{"ui":"7929948","t":11007.0,"r":10997.0,"q":2.45,"p":575.0,"mot":"U","mo":10997.0},{"ui":"7931748","t":8674.0,"r":6398.0,"q":8.12,"p":600.0,"mot":"U","mo":6398.0},{"ui":"7931186","t":1200.0,"r":1200.0,"q":1.0,"p":500.0,"mot":"U","mo":1200.0},{"cn":"","ui":"","t":2239.0,"r":480.0,"q":1.94,"p":160.0,"mot":"L","mo":480.0}]},{"d":"13.11.2016","r":200.0,"q":1.02,"p":300.0,"s":[{"ui":"7931678","t":903.0,"r":553.0,"q":1.02,"p":300.0,"mot":"L","mo":200.0},{"cn":"","ui":"","t":0.0,"r":0.0,"q":0.0,"p":0.0,"mot":"L","mo":0.0}]},{"d":"14.11.2016","r":1200.0,"q":2.23,"p":216.67,"s":[{"ui":"7931678","t":1414.0,"r":1414.0,"q":1.01,"p":300.0,"mot":"L","mo":200.0},{"ui":"7934508","t":1352.0,"r":452.0,"q":2.47,"p":200.0,"mot":"L","mo":1000.0},{"cn":"","ui":"","t":0.0,"r":0.0,"q":0.0,"p":0.0,"mot":"L","mo":0.0}]},{"d":"15.11.2016","r":2000.0,"q":2.45,"p":250.0,"s":[{"ui":"7936668","t":326.0,"r":74.0,"q":2.46,"p":250.0,"mot":"L","mo":1000.0},{"ui":"7934508","t":9458.0,"r":7748.0,"q":2.44,"p":250.0,"mot":"L","mo":1000.0},{"cn":"","ui":"","t":0.0,"r":0.0,"q":0.0,"p":0.0,"mot":"L","mo":0.0}]},{"d":"16.11.2016","r":1000.0,"q":2.39,"p":250.0,"s":[{"ui":"7934508","t":11933.0,"r":11653.0,"q":2.39,"p":250.0,"mot":"L","mo":1000.0},{"cn":"","ui":"","t":0.0,"r":0.0,"q":0.0,"p":0.0,"mot":"L","mo":0.0}]},{"d":"17.11.2016","r":3958.0,"q":5.44,"p":3100.0,"s":[{"ui":"7937190","t":3958.0,"r":3958.0,"q":5.44,"p":3100.0,"mot":"U","mo":3958.0},{"cn":"","ui":"","t":0.0,"r":0.0,"q":0.0,"p":0.0,"mot":"L","mo":0.0}]},{"d":"18.11.2016","r":9085.0,"q":5.25,"p":4397.03,"s":[{"ui":"7937190","t":7875.0,"r":7875.0,"q":5.65,"p":5000.0,"mot":"U","mo":7875.0},{"ui":"7939342","t":5735.0,"r":4655.0,"q":2.46,"p":350.0,"mot":"L","mo":1000.0},{"cn":"","ui":"","t":1617.0,"r":210.0,"q":3.65,"p":1057.14,"mot":"L","mo":210.0}]},{"d":"19.11.2016","r":1296.0,"q":2.97,"p":612.65,"s":[{"ui":"7941615","t":924.0,"r":924.0,"q":4.21,"p":990.0,"mot":"L","mo":400.0},{"ui":"7941621","t":1656.0,"r":1656.0,"q":3.55,"p":400.0,"mot":"L","mo":500.0},{"ui":"7941551","t":396.0,"r":396.0,"q":1.0,"p":500.0,"mot":"U","mo":396.0},{"cn":"","ui":"","t":0.0,"r":0.0,"q":0.0,"p":0.0,"mot":"L","mo":0.0}]},{"d":"20.11.2016","r":4926.0,"q":4.25,"p":1268.18,"s":[{"ui":"7941627","t":515.0,"r":515.0,"q":1.14,"p":850.0,"mot":"U","mo":515.0},{"ui":"7941621","t":1905.0,"r":1405.0,"q":2.96,"p":400.0,"mot":"L","mo":500.0},{"ui":"7942698","t":2866.0,"r":2866.0,"q":5.33,"p":1750.0,"mot":"U","mo":2866.0},{"ui":"7942762","t":2569.0,"r":2549.0,"q":5.47,"p":640.0,"mot":"L","mo":295.0},{"ui":"7940980","t":8100.0,"r":7670.0,"q":2.46,"p":330.0,"mot":"L","mo":500.0},{"cn":"","ui":"","t":5947.0,"r":250.0,"q":2.98,"p":960.0,"mot":"L","mo":250.0}]},{"d":"21.11.2016","r":14998.0,"q":3.08,"p":916.4,"s":[{"ui":"7943462","t":1453.0,"r":151.0,"q":2.74,"p":350.0,"mot":"L","mo":1000.0},{"ui":"7944378","t":778.0,"r":768.0,"q":2.97,"p":300.0,"mot":"U","mo":768.0},{"ui":"7940924","t":2575.0,"r":2575.0,"q":5.47,"p":1300.0,"mot":"U","mo":2575.0},{"ui":"7942698","t":3895.0,"r":3895.0,"q":5.08,"p":1750.0,"mot":"U","mo":3895.0},{"ui":"7941551","t":5210.0,"r":5210.0,"q":1.0,"p":500.0,"mot":"U","mo":5210.0},{"ui":"7944462","t":573.0,"r":573.0,"q":1.37,"p":250.0,"mot":"L","mo":1500.0},{"cn":"","ui":"","t":5446.0,"r":50.0,"q":2.22,"p":400.0,"mot":"L","mo":50.0}]},{"d":"22.11.2016","r":3989.0,"q":2.3,"p":230.08,"s":[{"ui":"7945472","t":2251.0,"r":2189.0,"q":3.03,"p":200.0,"mot":"U","mo":2189.0},{"ui":"7944462","t":1740.0,"r":1640.0,"q":1.19,"p":250.0,"mot":"L","mo":1500.0},{"ui":"7945254","t":319.0,"r":95.0,"q":2.46,"p":350.0,"mot":"L","mo":300.0},{"cn":"","ui":"","t":0.0,"r":0.0,"q":0.0,"p":0.0,"mot":"L","mo":0.0}]},{"d":"23.11.2016","r":2679.0,"q":1.51,"p":337.17,"s":[{"ui":"7945467","t":600.0,"r":600.0,"q":1.6,"p":700.0,"mot":"U","mo":600.0},{"ui":"7946647","t":830.0,"r":579.0,"q":2.33,"p":187.0,"mot":"U","mo":579.0},{"ui":"7944462","t":3598.0,"r":3598.0,"q":1.16,"p":250.0,"mot":"L","mo":1500.0},{"cn":"","ui":"","t":0.0,"r":0.0,"q":0.0,"p":0.0,"mot":"L","mo":0.0}]},{"d":"24.11.2016","r":1862.0,"q":2.15,"p":348.06,"s":[{"ui":"7945467","t":600.0,"r":600.0,"q":1.6,"p":610.0,"mot":"U","mo":600.0},{"ui":"7946647","t":746.0,"r":262.0,"q":2.2,"p":237.0,"mot":"U","mo":262.0},{"ui":"7945254","t":1229.0,"r":84.0,"q":2.46,"p":220.0,"mot":"L","mo":1000.0},{"cn":"","ui":"","t":0.0,"r":0.0,"q":0.0,"p":0.0,"mot":"L","mo":0.0}]},{"d":"25.11.2016","r":12483.0,"q":2.16,"p":462.74,"s":[{"ui":"7947621","t":990.0,"r":990.0,"q":1.31,"p":900.0,"mot":"L","mo":700.0},{"ui":"7946647","t":4344.0,"r":4283.0,"q":2.46,"p":291.0,"mot":"U","mo":4283.0},{"ui":"7948950","t":5000.0,"r":5000.0,"q":2.43,"p":600.0,"mot":"L","mo":5000.0},{"ui":"7948894","t":36544.0,"r":33492.0,"q":1.36,"p":360.0,"mot":"L","mo":2500.0},{"cn":"","ui":"","t":0.0,"r":0.0,"q":0.0,"p":0.0,"mot":"L","mo":0.0}]},{"d":"26.11.2016","r":2500.0,"q":1.31,"p":360.0,"s":[{"ui":"7948894","t":122953.0,"r":119901.0,"q":1.31,"p":360.0,"mot":"L","mo":2500.0},{"cn":"","ui":"","t":0.0,"r":0.0,"q":0.0,"p":0.0,"mot":"L","mo":0.0}]},{"d":"27.11.2016","r":756.0,"q":1.0,"p":420.0,"s":[{"ui":"7951302","t":756.0,"r":756.0,"q":1.0,"p":420.0,"mot":"U","mo":756.0},{"cn":"","ui":"","t":0.0,"r":0.0,"q":0.0,"p":0.0,"mot":"L","mo":0.0}]},{"d":"28.11.2016","r":3821.0,"q":4.33,"p":1971.43,"s":[{"ui":"7951118","t":2850.0,"r":2850.0,"q":5.47,"p":2500.0,"mot":"U","mo":2850.0},{"ui":"7951302","t":971.0,"r":971.0,"q":1.0,"p":420.0,"mot":"U","mo":971.0},{"cn":"","ui":"","t":0.0,"r":0.0,"q":0.0,"p":0.0,"mot":"L","mo":0.0}]},{"d":"29.11.2016","r":12860.0,"q":4.03,"p":838.1,"s":[{"ui":"7951302","t":963.0,"r":963.0,"q":1.0,"p":435.0,"mot":"U","mo":963.0},{"ui":"7953512","t":1688.0,"r":1688.0,"q":4.25,"p":1100.0,"mot":"U","mo":1688.0},{"ui":"7953661","t":7309.0,"r":7309.0,"q":4.06,"p":800.0,"mot":"U","mo":7309.0},{"ui":"7953552","t":2290.0,"r":2290.0,"q":5.07,"p":1010.0,"mot":"L","mo":2000.0},{"cn":"","ui":"","t":3696.0,"r":900.0,"q":4.27,"p":705.56,"mot":"L","mo":900.0}]},{"d":"30.11.2016","r":30858.0,"q":4.12,"p":1035.67,"s":[{"ui":"7953518","t":2950.0,"r":2950.0,"q":1.0,"p":1500.0,"mot":"U","mo":2950.0},{"ui":"7953512","t":3368.0,"r":3368.0,"q":3.39,"p":900.0,"mot":"U","mo":3368.0},{"ui":"7953661","t":20263.0,"r":20263.0,"q":4.47,"p":1000.0,"mot":"U","mo":20263.0},{"ui":"7953552","t":2390.0,"r":2390.0,"q":5.46,"p":1100.0,"mot":"L","mo":2390.0},{"cn":"","ui":"","t":3975.0,"r":1887.0,"q":4.78,"p":853.52,"mot":"L","mo":1887.0}]},{"d":"01.12.2016","r":45436.0,"q":4.63,"p":981.71,"s":[{"ui":"7953512","t":3781.0,"r":3781.0,"q":5.61,"p":1000.0,"mot":"U","mo":3781.0},{"ui":"7953661","t":36692.0,"r":36692.0,"q":4.65,"p":1000.0,"mot":"U","mo":36692.0},{"cn":"","ui":"","t":4938.0,"r":4963.0,"q":3.73,"p":832.52,"mot":"L","mo":4963.0}]},{"d":"02.12.2016","r":290.0,"q":6.05,"p":500.0,"s":[{"ui":"7956903","t":290.0,"r":290.0,"q":6.05,"p":500.0,"mot":"U","mo":290.0},{"cn":"","ui":"","t":0.0,"r":0.0,"q":0.0,"p":0.0,"mot":"L","mo":0.0}]},{"d":"03.12.2016","r":300.0,"q":5.17,"p":600.0,"s":[{"ui":"7956903","t":300.0,"r":300.0,"q":5.17,"p":600.0,"mot":"U","mo":300.0},{"cn":"","ui":"","t":0.0,"r":0.0,"q":0.0,"p":0.0,"mot":"L","mo":0.0}]},{"d":"04.12.2016","r":260.0,"q":2.46,"p":70.0,"s":[{"ui":"7960155","t":289.0,"r":289.0,"q":2.46,"p":70.0,"mot":"L","mo":260.0},{"cn":"","ui":"","t":0.0,"r":0.0,"q":0.0,"p":0.0,"mot":"L","mo":0.0}]},{"d":"08.12.2016","r":4635.0,"q":3.17,"p":1026.88,"s":[{"ui":"7965577","t":289.0,"r":289.0,"q":6.06,"p":400.0,"mot":"U","mo":289.0},{"ui":"7965525","t":1405.0,"r":1395.0,"q":3.92,"p":450.0,"mot":"U","mo":1395.0},{"ui":"7965012","t":2701.0,"r":2701.0,"q":2.44,"p":1449.92,"mot":"U","mo":2701.0},{"ui":"7965521","t":1325.0,"r":1295.0,"q":3.62,"p":400.0,"mot":"L","mo":250.0},{"cn":"","ui":"","t":0.0,"r":0.0,"q":0.0,"p":0.0,"mot":"L","mo":0.0}]},{"d":"09.12.2016","r":48870.0,"q":1.76,"p":389.33,"s":[{"ui":"7965060","t":40441.0,"r":32138.0,"q":1.0,"p":250.0,"mot":"U","mo":32138.0},{"ui":"7965012","t":3284.0,"r":3264.0,"q":2.43,"p":500.0,"mot":"U","mo":3264.0},{"cn":"","ui":"","t":19146.0,"r":13468.0,"q":3.41,"p":694.99,"mot":"L","mo":13468.0}]},{"d":"10.12.2016","r":80006.0,"q":1.36,"p":338.22,"s":[{"ui":"7965060","t":34324.0,"r":22151.0,"q":1.0,"p":250.0,"mot":"U","mo":22151.0},{"ui":"7967193","t":43180.0,"r":43180.0,"q":1.0,"p":301.7,"mot":"U","mo":43180.0},{"ui":"7965012","t":9597.0,"r":9597.0,"q":2.31,"p":500.0,"mot":"U","mo":9597.0},{"cn":"","ui":"","t":6726.0,"r":5078.0,"q":4.25,"p":727.85,"mot":"L","mo":5078.0}]},{"d":"11.12.2016","r":43601.0,"q":3.53,"p":741.74,"s":[{"ui":"7966014","t":37358.0,"r":37358.0,"q":3.79,"p":700.0,"mot":"U","mo":37358.0},{"ui":"7966587","t":2360.0,"r":2360.0,"q":2.47,"p":399.56,"mot":"L","mo":2360.0},{"cn":"","ui":"","t":3883.0,"r":3883.0,"q":1.67,"p":1351.3,"mot":"L","mo":3883.0}]},{"d":"12.12.2016","r":14798.0,"q":1.76,"p":409.99,"s":[{"ui":"7970590","t":2673.0,"r":2174.0,"q":2.46,"p":399.0,"mot":"U","mo":2174.0},{"ui":"7968548","t":12307.0,"r":10767.0,"q":1.57,"p":400.0,"mot":"U","mo":10767.0},{"ui":"7968730","t":1476.0,"r":1357.0,"q":1.75,"p":400.0,"mot":"U","mo":1357.0},{"cn":"","ui":"","t":1616.0,"r":500.0,"q":2.73,"p":700.0,"mot":"L","mo":500.0}]},{"d":"13.12.2016","r":6772.0,"q":1.1,"p":399.95,"s":[{"ui":"7968548","t":11628.0,"r":6192.0,"q":1.01,"p":400.0,"mot":"U","mo":6192.0},{"cn":"","ui":"","t":1594.0,"r":580.0,"q":2.05,"p":399.42,"mot":"L","mo":580.0}]},{"d":"14.12.2016","r":864.0,"q":2.46,"p":500.0,"s":[{"ui":"7973283","t":864.0,"r":864.0,"q":2.46,"p":500.0,"mot":"U","mo":864.0},{"cn":"","ui":"","t":0.0,"r":0.0,"q":0.0,"p":0.0,"mot":"L","mo":0.0}]},{"d":"15.12.2016","r":14504.0,"q":2.77,"p":253.5,"s":[{"ui":"7973283","t":2844.0,"r":2844.0,"q":2.43,"p":400.0,"mot":"U","mo":2844.0},{"ui":"7971659","t":10952.0,"r":8660.0,"q":2.95,"p":120.0,"mot":"U","mo":8660.0},{"ui":"7974346","t":1000.0,"r":800.0,"q":2.56,"p":500.0,"mot":"L","mo":3000.0},{"cn":"","ui":"","t":0.0,"r":0.0,"q":0.0,"p":0.0,"mot":"L","mo":0.0}]},{"d":"17.12.2016","r":8075.0,"q":2.4,"p":4702.79,"s":[{"ui":"7976289","t":11041.0,"r":7380.0,"q":1.57,"p":200.0,"mot":"L","mo":500.0},{"ui":"7973687","t":1162.0,"r":1162.0,"q":2.46,"p":5000.0,"mot":"L","mo":7575.0},{"cn":"","ui":"","t":0.0,"r":0.0,"q":0.0,"p":0.0,"mot":"L","mo":0.0}]},{"d":"20.12.2016","r":1281.0,"q":2.67,"p":10000.0,"s":[{"ui":"7983198","t":1281.0,"r":1281.0,"q":2.67,"p":10000.0,"mot":"U","mo":1281.0},{"cn":"","ui":"","t":0.0,"r":0.0,"q":0.0,"p":0.0,"mot":"L","mo":0.0}]},{"d":"21.12.2016","r":1688.0,"q":2.27,"p":10000.0,"s":[{"ui":"7983198","t":1688.0,"r":1688.0,"q":2.27,"p":10000.0,"mot":"U","mo":1688.0},{"cn":"","ui":"","t":0.0,"r":0.0,"q":0.0,"p":0.0,"mot":"L","mo":0.0}]},{"d":"23.12.2016","r":30.0,"q":1.0,"p":4000.0,"s":[{"ui":"7987118","t":30.0,"r":30.0,"q":1.0,"p":4000.0,"mot":"U","mo":30.0},{"cn":"","ui":"","t":0.0,"r":0.0,"q":0.0,"p":0.0,"mot":"L","mo":0.0}]},{"d":"26.12.2016","r":3627.0,"q":1.0,"p":300.0,"s":[{"ui":"7988450","t":3627.0,"r":3627.0,"q":1.0,"p":300.0,"mot":"U","mo":3627.0},{"cn":"","ui":"","t":0.0,"r":0.0,"q":0.0,"p":0.0,"mot":"L","mo":0.0}]},{"d":"28.12.2016","r":3662.0,"q":2.42,"p":900.0,"s":[{"ui":"7993062","t":3762.0,"r":3662.0,"q":2.42,"p":900.0,"mot":"U","mo":3662.0},{"cn":"","ui":"","t":0.0,"r":0.0,"q":0.0,"p":0.0,"mot":"L","mo":0.0}]},{"d":"29.12.2016","r":8003.0,"q":2.42,"p":900.0,"s":[{"ui":"7993062","t":8103.0,"r":8003.0,"q":2.42,"p":900.0,"mot":"U","mo":8003.0},{"cn":"","ui":"","t":0.0,"r":0.0,"q":0.0,"p":0.0,"mot":"L","mo":0.0}]},{"d":"30.12.2016","r":12879.0,"q":2.42,"p":843.01,"s":[{"ui":"7993062","t":11979.0,"r":11879.0,"q":2.33,"p":900.0,"mot":"U","mo":11879.0},{"ui":"7996230","t":1014.0,"r":1014.0,"q":3.45,"p":166.0,"mot":"L","mo":1000.0},{"cn":"","ui":"","t":0.0,"r":0.0,"q":0.0,"p":0.0,"mot":"L","mo":0.0}]},{"d":"31.12.2016","r":1000.0,"q":1.78,"p":166.0,"s":[{"ui":"7996230","t":2047.0,"r":1947.0,"q":1.78,"p":166.0,"mot":"L","mo":1000.0},{"cn":"","ui":"","t":0.0,"r":0.0,"q":0.0,"p":0.0,"mot":"L","mo":0.0}]},{"d":"01.01.2017","r":1000.0,"q":1.8,"p":166.0,"s":[{"ui":"7996230","t":347.0,"r":347.0,"q":1.8,"p":166.0,"mot":"L","mo":1000.0},{"cn":"","ui":"","t":0.0,"r":0.0,"q":0.0,"p":0.0,"mot":"L","mo":0.0}]},{"d":"07.01.2017","r":20504.0,"q":1.04,"p":672.55,"s":[{"ui":"8003650","t":219.0,"r":204.0,"q":1.0,"p":685.0,"mot":"L","mo":20000.0},{"cn":"","ui":"","t":2323.0,"r":504.0,"q":2.76,"p":178.57,"mot":"L","mo":504.0}]},{"d":"08.01.2017","r":21110.0,"q":1.11,"p":1000.0,"s":[{"ui":"8005972","t":1140.0,"r":1110.0,"q":3.18,"p":1000.0,"mot":"U","mo":1110.0},{"ui":"8003650","t":539.0,"r":539.0,"q":1.0,"p":1000.0,"mot":"L","mo":20000.0},{"cn":"","ui":"","t":0.0,"r":0.0,"q":0.0,"p":0.0,"mot":"L","mo":0.0}]},{"d":"09.01.2017","r":2973.0,"q":1.89,"p":1000.0,"s":[{"ui":"8005972","t":2973.0,"r":2973.0,"q":1.89,"p":1000.0,"mot":"U","mo":2973.0},{"cn":"","ui":"","t":0.0,"r":0.0,"q":0.0,"p":0.0,"mot":"L","mo":0.0}]},{"d":"10.01.2017","r":1692.0,"q":3.22,"p":900.0,"s":[{"ui":"8007960","t":1692.0,"r":1692.0,"q":3.22,"p":900.0,"mot":"U","mo":1692.0},{"cn":"","ui":"","t":0.0,"r":0.0,"q":0.0,"p":0.0,"mot":"L","mo":0.0}]},{"d":"11.01.2017","r":4441.0,"q":2.24,"p":600.0,"s":[{"ui":"8008362","t":4461.0,"r":4441.0,"q":2.24,"p":600.0,"mot":"U","mo":4441.0},{"cn":"","ui":"","t":0.0,"r":0.0,"q":0.0,"p":0.0,"mot":"L","mo":0.0}]},{"d":"12.01.2017","r":2176.0,"q":2.19,"p":600.0,"s":[{"ui":"8008362","t":2326.0,"r":2176.0,"q":2.19,"p":600.0,"mot":"U","mo":2176.0},{"cn":"","ui":"","t":0.0,"r":0.0,"q":0.0,"p":0.0,"mot":"L","mo":0.0}]},{"d":"13.01.2017","r":12142.0,"q":2.05,"p":400.0,"s":[{"ui":"8008812","t":12242.0,"r":12142.0,"q":2.05,"p":400.0,"mot":"U","mo":12142.0},{"cn":"","ui":"","t":0.0,"r":0.0,"q":0.0,"p":0.0,"mot":"L","mo":0.0}]},{"d":"15.01.2017","r":2445.0,"q":1.0,"p":1968.88,"s":[{"ui":"8013061","t":2397.0,"r":2397.0,"q":1.0,"p":2000.0,"mot":"U","mo":2397.0},{"cn":"","ui":"","t":60.0,"r":48.0,"q":1.0,"p":415.0,"mot":"L","mo":48.0}]},{"d":"16.01.2017","r":144.0,"q":1.0,"p":415.0,"s":[{"ui":"8015110","t":144.0,"r":144.0,"q":1.0,"p":415.0,"mot":"U","mo":144.0},{"cn":"","ui":"","t":0.0,"r":0.0,"q":0.0,"p":0.0,"mot":"L","mo":0.0}]},{"d":"17.01.2017","r":2968.0,"q":2.12,"p":200.0,"s":[{"ui":"8017216","t":3368.0,"r":2968.0,"q":2.12,"p":200.0,"mot":"U","mo":2968.0},{"cn":"","ui":"","t":0.0,"r":0.0,"q":0.0,"p":0.0,"mot":"L","mo":0.0}]},{"d":"22.01.2017","r":1535.0,"q":2.47,"p":600.0,"s":[{"ui":"8024124","t":1538.0,"r":1535.0,"q":2.47,"p":600.0,"mot":"U","mo":1535.0},{"cn":"","ui":"","t":0.0,"r":0.0,"q":0.0,"p":0.0,"mot":"L","mo":0.0}]},{"d":"27.01.2017","r":5000.0,"q":1.92,"p":850.0,"s":[{"ui":"8030241","t":3489.0,"r":3489.0,"q":1.92,"p":850.0,"mot":"L","mo":5000.0},{"cn":"","ui":"","t":0.0,"r":0.0,"q":0.0,"p":0.0,"mot":"L","mo":0.0}]},{"d":"30.01.2017","r":5.0,"q":2.46,"p":500.0,"s":[{"ui":"8033800","t":289.0,"r":289.0,"q":2.46,"p":500.0,"mot":"L","mo":5.0},{"cn":"","ui":"","t":0.0,"r":0.0,"q":0.0,"p":0.0,"mot":"L","mo":0.0}]},{"d":"31.01.2017","r":5.0,"q":3.34,"p":500.0,"s":[{"ui":"8033800","t":7474.0,"r":7474.0,"q":3.34,"p":500.0,"mot":"L","mo":5.0},{"cn":"","ui":"","t":0.0,"r":0.0,"q":0.0,"p":0.0,"mot":"L","mo":0.0}]},{"d":"01.02.2017","r":5.0,"q":3.32,"p":500.0,"s":[{"ui":"8033800","t":13581.0,"r":13581.0,"q":3.32,"p":500.0,"mot":"L","mo":5.0},{"cn":"","ui":"","t":0.0,"r":0.0,"q":0.0,"p":0.0,"mot":"L","mo":0.0}]},{"d":"02.02.2017","r":5.0,"q":3.2,"p":500.0,"s":[{"ui":"8033800","t":19631.0,"r":19626.0,"q":3.2,"p":500.0,"mot":"L","mo":5.0},{"cn":"","ui":"","t":0.0,"r":0.0,"q":0.0,"p":0.0,"mot":"L","mo":0.0}]},{"d":"04.02.2017","r":300.0,"q":2.94,"p":850.0,"s":[{"ui":"8038540","t":3388.0,"r":3378.0,"q":2.94,"p":850.0,"mot":"L","mo":300.0},{"cn":"","ui":"","t":0.0,"r":0.0,"q":0.0,"p":0.0,"mot":"L","mo":0.0}]},{"d":"05.02.2017","r":300.0,"q":2.68,"p":850.0,"s":[{"ui":"8038540","t":6905.0,"r":6895.0,"q":2.68,"p":850.0,"mot":"L","mo":300.0},{"cn":"","ui":"","t":0.0,"r":0.0,"q":0.0,"p":0.0,"mot":"L","mo":0.0}]},{"d":"06.02.2017","r":300.0,"q":2.56,"p":850.0,"s":[{"ui":"8038540","t":13831.0,"r":13821.0,"q":2.56,"p":850.0,"mot":"L","mo":300.0},{"cn":"","ui":"","t":0.0,"r":0.0,"q":0.0,"p":0.0,"mot":"L","mo":0.0}]},{"d":"11.02.2017","r":12416.0,"q":1.0,"p":100.0,"s":[{"ui":"8045074","t":13066.0,"r":12416.0,"q":1.0,"p":100.0,"mot":"U","mo":12416.0},{"cn":"","ui":"","t":0.0,"r":0.0,"q":0.0,"p":0.0,"mot":"L","mo":0.0}]},{"d":"14.02.2017","r":1487.0,"q":2.21,"p":647.07,"s":[{"ui":"8050301","t":787.0,"r":787.0,"q":1.57,"p":600.0,"mot":"U","mo":787.0},{"ui":"8050298","t":3637.0,"r":3637.0,"q":2.93,"p":700.0,"mot":"L","mo":700.0},{"cn":"","ui":"","t":0.0,"r":0.0,"q":0.0,"p":0.0,"mot":"L","mo":0.0}]},{"d":"15.02.2017","r":4102.0,"q":2.45,"p":326.79,"s":[{"ui":"8050301","t":4701.0,"r":3402.0,"q":2.46,"p":250.0,"mot":"U","mo":3402.0},{"ui":"8050298","t":9287.0,"r":9287.0,"q":2.39,"p":700.0,"mot":"L","mo":700.0},{"cn":"","ui":"","t":0.0,"r":0.0,"q":0.0,"p":0.0,"mot":"L","mo":0.0}]},{"d":"16.02.2017","r":950.0,"q":2.5,"p":634.21,"s":[{"ui":"8050298","t":13582.0,"r":13332.0,"q":2.19,"p":700.0,"mot":"L","mo":700.0},{"ui":"8053292","t":820.0,"r":565.0,"q":3.38,"p":450.0,"mot":"L","mo":250.0},{"cn":"","ui":"","t":0.0,"r":0.0,"q":0.0,"p":0.0,"mot":"L","mo":0.0}]},{"d":"17.02.2017","r":7796.0,"q":3.27,"p":423.23,"s":[{"ui":"8053581","t":672.0,"r":638.0,"q":2.46,"p":100.0,"mot":"L","mo":578.0},{"ui":"8054211","t":2700.0,"r":2700.0,"q":2.44,"p":100.0,"mot":"U","mo":2700.0},{"ui":"8054306","t":850.0,"r":850.0,"q":3.92,"p":1700.0,"mot":"L","mo":850.0},{"ui":"8052151","t":3280.0,"r":3179.0,"q":3.91,"p":425.0,"mot":"U","mo":3179.0},{"cn":"","ui":"","t":2015.0,"r":489.0,"q":3.51,"p":359.1,"mot":"L","mo":489.0}]},{"d":"18.02.2017","r":4052.0,"q":2.37,"p":357.02,"s":[{"ui":"8053585","t":1584.0,"r":1482.0,"q":4.7,"p":400.0,"mot":"L","mo":289.0},{"ui":"8052143","t":573.0,"r":562.0,"q":1.71,"p":350.0,"mot":"L","mo":300.0},{"ui":"8052151","t":1498.0,"r":1497.0,"q":3.86,"p":425.0,"mot":"U","mo":1497.0},{"ui":"8056076","t":1966.0,"r":1966.0,"q":1.0,"p":300.0,"mot":"U","mo":1966.0},{"cn":"","ui":"","t":0.0,"r":0.0,"q":0.0,"p":0.0,"mot":"L","mo":0.0}]},{"d":"19.02.2017","r":5496.0,"q":2.56,"p":194.83,"s":[{"ui":"8056992","t":3702.0,"r":3696.0,"q":2.46,"p":154.98,"mot":"U","mo":3696.0},{"ui":"8056700","t":4467.0,"r":4465.0,"q":2.81,"p":300.0,"mot":"L","mo":1500.0},{"ui":"8057043","t":807.0,"r":465.0,"q":2.55,"p":160.0,"mot":"L","mo":300.0},{"cn":"","ui":"","t":0.0,"r":0.0,"q":0.0,"p":0.0,"mot":"L","mo":0.0}]},{"d":"20.02.2017","r":280.0,"q":2.46,"p":300.0,"s":[{"ui":"8056700","t":7324.0,"r":6484.0,"q":2.46,"p":300.0,"mot":"L","mo":280.0},{"cn":"","ui":"","t":0.0,"r":0.0,"q":0.0,"p":0.0,"mot":"L","mo":0.0}]},{"d":"21.02.2017","r":3389.0,"q":1.71,"p":230.39,"s":[{"ui":"8060669","t":289.0,"r":289.0,"q":2.46,"p":200.0,"mot":"U","mo":289.0},{"ui":"8056700","t":18022.0,"r":18022.0,"q":2.19,"p":330.0,"mot":"L","mo":1100.0},{"ui":"8059142","t":20134.0,"r":17134.0,"q":1.33,"p":180.0,"mot":"L","mo":2000.0},{"cn":"","ui":"","t":0.0,"r":0.0,"q":0.0,"p":0.0,"mot":"L","mo":0.0}]},{"d":"22.02.2017","r":8966.0,"q":2.67,"p":189.4,"s":[{"ui":"8060669","t":3936.0,"r":3916.0,"q":3.5,"p":200.0,"mot":"U","mo":3916.0},{"ui":"8059142","t":16414.0,"r":6756.0,"q":2.02,"p":180.0,"mot":"L","mo":5000.0},{"cn":"","ui":"","t":10.0,"r":50.0,"q":3.29,"p":300.0,"mot":"L","mo":50.0}]},{"d":"23.02.2017","r":2438.0,"q":1.11,"p":130.0,"s":[{"ui":"8062569","t":2588.0,"r":2438.0,"q":1.11,"p":130.0,"mot":"U","mo":2438.0},{"cn":"","ui":"","t":0.0,"r":0.0,"q":0.0,"p":0.0,"mot":"L","mo":0.0}]},{"d":"25.02.2017","r":4657.0,"q":2.64,"p":300.0,"s":[{"ui":"8065569","t":4757.0,"r":4657.0,"q":2.64,"p":300.0,"mot":"U","mo":4657.0},{"cn":"","ui":"","t":0.0,"r":0.0,"q":0.0,"p":0.0,"mot":"L","mo":0.0}]},{"d":"26.02.2017","r":6649.0,"q":2.51,"p":400.0,"s":[{"ui":"8065569","t":6891.0,"r":6649.0,"q":2.51,"p":400.0,"mot":"U","mo":6649.0},{"cn":"","ui":"","t":0.0,"r":0.0,"q":0.0,"p":0.0,"mot":"L","mo":0.0}]},{"d":"28.02.2017","r":4754.0,"q":2.32,"p":174.04,"s":[{"ui":"8070855","t":289.0,"r":289.0,"q":2.46,"p":100.0,"mot":"L","mo":300.0},{"ui":"8069827","t":3494.0,"r":3394.0,"q":2.47,"p":200.0,"mot":"U","mo":3394.0},{"ui":"8070792","t":1115.0,"r":1071.0,"q":1.95,"p":110.0,"mot":"L","mo":860.0},{"cn":"","ui":"","t":22.0,"r":200.0,"q":1.1,"p":120.0,"mot":"L","mo":200.0}]},{"d":"01.03.2017","r":10000.0,"q":2.37,"p":155.0,"s":[{"ui":"8069827","t":5439.0,"r":5209.0,"q":2.37,"p":155.0,"mot":"L","mo":10000.0},{"cn":"","ui":"","t":0.0,"r":0.0,"q":0.0,"p":0.0,"mot":"L","mo":0.0}]},{"d":"02.03.2017","r":10000.0,"q":2.46,"p":400.0,"s":[{"ui":"8069827","t":6150.0,"r":6080.0,"q":2.46,"p":400.0,"mot":"L","mo":10000.0},{"cn":"","ui":"","t":0.0,"r":0.0,"q":0.0,"p":0.0,"mot":"L","mo":0.0}]},{"d":"08.03.2017","r":10.0,"q":2.1,"p":1300.0,"s":[{"cn":"Cuara Motor Co.","ui":"8081218","t":2748.0,"r":2738.0,"q":2.1,"p":1300.0,"mot":"L","mo":10.0},{"cn":"","ui":"","t":0.0,"r":0.0,"q":0.0,"p":0.0,"mot":"L","mo":0.0}]},{"d":"10.03.2017","r":10.0,"q":2.0,"p":1300.0,"s":[{"cn":"Cuara Motor Co.","ui":"8081218","t":3000.0,"r":2990.0,"q":2.0,"p":1300.0,"mot":"L","mo":10.0},{"cn":"","ui":"","t":0.0,"r":0.0,"q":0.0,"p":0.0,"mot":"L","mo":0.0}]},{"d":"11.03.2017","r":798.0,"q":3.76,"p":1000.0,"s":[{"cn":"benmat7 Finance","ui":"8085620","t":1163.0,"r":1163.0,"q":3.76,"p":1000.0,"mot":"L","mo":798.0},{"cn":"","ui":"","t":0.0,"r":0.0,"q":0.0,"p":0.0,"mot":"L","mo":0.0}]},{"d":"12.03.2017","r":798.0,"q":2.39,"p":1000.0,"s":[{"cn":"benmat7 Finance","ui":"8085620","t":3465.0,"r":3465.0,"q":2.39,"p":1000.0,"mot":"L","mo":798.0},{"cn":"","ui":"","t":0.0,"r":0.0,"q":0.0,"p":0.0,"mot":"L","mo":0.0}]},{"d":"14.03.2017","r":2669.0,"q":2.86,"p":300.0,"s":[{"cn":"wilmer29 inc.2","ui":"8088825","t":2739.0,"r":2669.0,"q":2.86,"p":300.0,"mot":"U","mo":2669.0},{"cn":"","ui":"","t":0.0,"r":0.0,"q":0.0,"p":0.0,"mot":"L","mo":0.0}]},{"d":"15.03.2017","r":7916.0,"q":1.95,"p":300.0,"s":[{"cn":"wilmer29 inc.2","ui":"8088825","t":7986.0,"r":7916.0,"q":1.95,"p":300.0,"mot":"U","mo":7916.0},{"cn":"","ui":"","t":0.0,"r":0.0,"q":0.0,"p":0.0,"mot":"L","mo":0.0}]},{"d":"16.03.2017","r":15483.0,"q":1.93,"p":361.65,"s":[{"cn":"RaSHiT-YuNuSoV","ui":"8090172","t":4708.0,"r":4648.0,"q":2.26,"p":500.0,"mot":"U","mo":4648.0},{"cn":"wilmer29 inc.2","ui":"8088825","t":10735.0,"r":10735.0,"q":1.77,"p":300.0,"mot":"U","mo":10735.0},{"cn":"","ui":"","t":1400.0,"r":100.0,"q":3.05,"p":550.0,"mot":"L","mo":100.0}]},{"d":"17.03.2017","r":6847.0,"q":1.98,"p":500.73,"s":[{"cn":"RaSHiT-YuNuSoV","ui":"8090172","t":6807.0,"r":6747.0,"q":1.95,"p":500.0,"mot":"U","mo":6747.0},{"cn":"","ui":"","t":1983.0,"r":100.0,"q":3.8,"p":550.0,"mot":"L","mo":100.0}]},{"d":"18.03.2017","r":10795.0,"q":2.18,"p":489.56,"s":[{"cn":"RaSHiT-YuNuSoV","ui":"8090172","t":7920.0,"r":7920.0,"q":1.88,"p":500.0,"mot":"U","mo":7920.0},{"cn":"Riestra Finance","ui":"8093202","t":2096.0,"r":2075.0,"q":3.17,"p":450.0,"mot":"U","mo":2075.0},{"cn":"","ui":"","t":5812.0,"r":800.0,"q":2.56,"p":488.75,"mot":"L","mo":800.0}]},{"d":"20.03.2017","r":5756.0,"q":2.99,"p":419.09,"s":[{"cn":"Riestra Finance","ui":"8093202","t":2299.0,"r":2267.0,"q":2.8,"p":450.0,"mot":"U","mo":2267.0},{"cn":"goodlife.com","ui":"8093078","t":21589.0,"r":21367.0,"q":3.12,"p":399.0,"mot":"L","mo":3489.0},{"cn":"","ui":"","t":0.0,"r":0.0,"q":0.0,"p":0.0,"mot":"L","mo":0.0}]},{"d":"23.03.2017","r":1571.0,"q":2.94,"p":500.0,"s":[{"cn":"MarkhelSergei Инвест","ui":"8098996","t":1876.0,"r":1571.0,"q":2.94,"p":500.0,"mot":"U","mo":1571.0},{"cn":"","ui":"","t":0.0,"r":0.0,"q":0.0,"p":0.0,"mot":"L","mo":0.0}]},{"d":"24.03.2017","r":7146.0,"q":2.65,"p":490.93,"s":[{"cn":"JDynamiKs","ui":"8100027","t":3299.0,"r":3249.0,"q":2.87,"p":600.0,"mot":"U","mo":3249.0},{"cn":"MarkhelSergei Инвест","ui":"8098996","t":4999.0,"r":3897.0,"q":2.46,"p":400.0,"mot":"U","mo":3897.0},{"cn":"","ui":"","t":0.0,"r":0.0,"q":0.0,"p":0.0,"mot":"L","mo":0.0}]},{"d":"25.03.2017","r":14181.0,"q":2.92,"p":546.72,"s":[{"cn":"JDynamiKs","ui":"8100027","t":3299.0,"r":3299.0,"q":2.87,"p":600.0,"mot":"U","mo":3299.0},{"cn":"MarkhelSergei Инвест","ui":"8098996","t":10630.0,"r":7330.0,"q":2.46,"p":400.0,"mot":"U","mo":7330.0},{"cn":"MOTO TIM","ui":"8101554","t":3848.0,"r":3552.0,"q":3.9,"p":800.0,"mot":"U","mo":3552.0},{"cn":"","ui":"","t":0.0,"r":0.0,"q":0.0,"p":0.0,"mot":"L","mo":0.0}]},{"d":"26.03.2017","r":14019.0,"q":4.49,"p":773.05,"s":[{"cn":"Proca","ui":"8099690","t":1255.0,"r":1255.0,"q":2.4,"p":499.0,"mot":"U","mo":1255.0},{"cn":"MOTO TIM","ui":"8101554","t":12764.0,"r":12764.0,"q":4.7,"p":800.0,"mot":"U","mo":12764.0},{"cn":"","ui":"","t":0.0,"r":0.0,"q":0.0,"p":0.0,"mot":"L","mo":0.0}]},{"d":"28.03.2017","r":3080.0,"q":1.32,"p":360.0,"s":[{"cn":"MOTO","ui":"8104857","t":3080.0,"r":3080.0,"q":1.32,"p":360.0,"mot":"U","mo":3080.0},{"cn":"","ui":"","t":0.0,"r":0.0,"q":0.0,"p":0.0,"mot":"L","mo":0.0}]},{"d":"29.03.2017","r":2840.0,"q":1.32,"p":360.0,"s":[{"cn":"MOTO","ui":"8104857","t":2870.0,"r":2840.0,"q":1.32,"p":360.0,"mot":"U","mo":2840.0},{"cn":"","ui":"","t":0.0,"r":0.0,"q":0.0,"p":0.0,"mot":"L","mo":0.0}]},{"d":"31.03.2017","r":14005.0,"q":4.56,"p":771.22,"s":[{"cn":"motor(Harley davidson)company","ui":"8107184","t":551.0,"r":551.0,"q":5.39,"p":1000.0,"mot":"L","mo":10000.0},{"cn":"Castru\u0027s Group","ui":"8107949","t":4109.0,"r":4005.0,"q":2.49,"p":200.0,"mot":"U","mo":4005.0},{"cn":"","ui":"","t":0.0,"r":0.0,"q":0.0,"p":0.0,"mot":"L","mo":0.0}]},{"d":"01.04.2017","r":15726.0,"q":4.33,"p":708.71,"s":[{"cn":"motor(Harley davidson)company","ui":"8107184","t":529.0,"r":529.0,"q":5.39,"p":1000.0,"mot":"L","mo":10000.0},{"cn":"Castru\u0027s Group","ui":"8107949","t":5736.0,"r":5726.0,"q":2.47,"p":200.0,"mot":"U","mo":5726.0},{"cn":"","ui":"","t":0.0,"r":0.0,"q":0.0,"p":0.0,"mot":"L","mo":0.0}]}]