[{"d":"23.05.2015","r":1000.0,"q":1.0,"p":1130.0,"s":[{"ui":"3205358","t":1100.0,"r":1000.0,"q":1.0,"p":1130.0,"mot":"U","mo":1000.0},{"cn":"","ui":"","t":0.0,"r":0.0,"q":0.0,"p":0.0,"mot":"L","mo":0.0}]},{"d":"29.05.2015","r":850.0,"q":1.01,"p":1130.0,"s":[{"ui":"3205358","t":950.0,"r":850.0,"q":1.01,"p":1130.0,"mot":"U","mo":850.0},{"cn":"","ui":"","t":0.0,"r":0.0,"q":0.0,"p":0.0,"mot":"L","mo":0.0}]},{"d":"30.05.2015","r":850.0,"q":1.02,"p":1130.0,"s":[{"ui":"3205358","t":950.0,"r":850.0,"q":1.02,"p":1130.0,"mot":"U","mo":850.0},{"cn":"","ui":"","t":0.0,"r":0.0,"q":0.0,"p":0.0,"mot":"L","mo":0.0}]},{"d":"31.05.2015","r":850.0,"q":1.04,"p":1130.0,"s":[{"ui":"3205358","t":950.0,"r":850.0,"q":1.04,"p":1130.0,"mot":"U","mo":850.0},{"cn":"","ui":"","t":0.0,"r":0.0,"q":0.0,"p":0.0,"mot":"L","mo":0.0}]},{"d":"01.06.2015","r":850.0,"q":1.06,"p":1130.0,"s":[{"ui":"3205358","t":950.0,"r":850.0,"q":1.06,"p":1130.0,"mot":"U","mo":850.0},{"cn":"","ui":"","t":0.0,"r":0.0,"q":0.0,"p":0.0,"mot":"L","mo":0.0}]},{"d":"02.06.2015","r":850.0,"q":1.09,"p":1120.0,"s":[{"ui":"3205358","t":950.0,"r":850.0,"q":1.09,"p":1120.0,"mot":"U","mo":850.0},{"cn":"","ui":"","t":0.0,"r":0.0,"q":0.0,"p":0.0,"mot":"L","mo":0.0}]},{"d":"03.06.2015","r":850.0,"q":1.11,"p":1120.0,"s":[{"ui":"3205358","t":950.0,"r":850.0,"q":1.11,"p":1120.0,"mot":"U","mo":850.0},{"cn":"","ui":"","t":0.0,"r":0.0,"q":0.0,"p":0.0,"mot":"L","mo":0.0}]},{"d":"04.06.2015","r":450.0,"q":1.15,"p":1120.0,"s":[{"ui":"3205358","t":750.0,"r":450.0,"q":1.15,"p":1120.0,"mot":"U","mo":450.0},{"cn":"","ui":"","t":0.0,"r":0.0,"q":0.0,"p":0.0,"mot":"L","mo":0.0}]},{"d":"22.06.2015","r":7600.0,"q":49.15,"p":200.0,"s":[{"ui":"2569359","t":30800.0,"r":7600.0,"q":49.15,"p":200.0,"mot":"U","mo":7600.0},{"cn":"","ui":"","t":0.0,"r":0.0,"q":0.0,"p":0.0,"mot":"L","mo":0.0}]},{"d":"23.06.2015","r":10800.0,"q":49.14,"p":200.0,"s":[{"ui":"2569359","t":34300.0,"r":10800.0,"q":49.14,"p":200.0,"mot":"U","mo":10800.0},{"cn":"","ui":"","t":0.0,"r":0.0,"q":0.0,"p":0.0,"mot":"L","mo":0.0}]},{"d":"24.06.2015","r":14350.0,"q":48.97,"p":203.21,"s":[{"ui":"2569359","t":37800.0,"r":14300.0,"q":49.13,"p":200.0,"mot":"U","mo":14300.0},{"cn":"","ui":"","t":250.0,"r":50.0,"q":2.02,"p":1120.0,"mot":"L","mo":50.0}]},{"d":"25.06.2015","r":19900.0,"q":48.88,"p":204.62,"s":[{"ui":"2569359","t":42300.0,"r":19800.0,"q":49.12,"p":200.0,"mot":"U","mo":19800.0},{"cn":"","ui":"","t":300.0,"r":100.0,"q":2.04,"p":1120.0,"mot":"L","mo":100.0}]},{"d":"26.06.2015","r":24450.0,"q":48.83,"p":205.64,"s":[{"ui":"2569359","t":46800.0,"r":24300.0,"q":49.12,"p":200.0,"mot":"U","mo":24300.0},{"cn":"","ui":"","t":350.0,"r":150.0,"q":2.06,"p":1120.0,"mot":"L","mo":150.0}]},{"d":"27.06.2015","r":25000.0,"q":48.73,"p":207.36,"s":[{"ui":"2569359","t":47300.0,"r":24800.0,"q":49.11,"p":200.0,"mot":"U","mo":24800.0},{"cn":"","ui":"","t":400.0,"r":200.0,"q":2.08,"p":1120.0,"mot":"L","mo":200.0}]},{"d":"28.06.2015","r":25550.0,"q":48.65,"p":209.0,"s":[{"ui":"2569359","t":47800.0,"r":25300.0,"q":49.11,"p":200.0,"mot":"U","mo":25300.0},{"cn":"","ui":"","t":450.0,"r":250.0,"q":2.1,"p":1120.0,"mot":"L","mo":250.0}]},{"d":"29.06.2015","r":26100.0,"q":48.57,"p":210.57,"s":[{"ui":"2569359","t":48300.0,"r":25800.0,"q":49.11,"p":200.0,"mot":"U","mo":25800.0},{"cn":"","ui":"","t":500.0,"r":300.0,"q":2.12,"p":1120.0,"mot":"L","mo":300.0}]},{"d":"30.06.2015","r":26650.0,"q":48.49,"p":212.08,"s":[{"ui":"2569359","t":48800.0,"r":26300.0,"q":49.11,"p":200.0,"mot":"U","mo":26300.0},{"cn":"","ui":"","t":550.0,"r":350.0,"q":2.14,"p":1120.0,"mot":"L","mo":350.0}]},{"d":"01.07.2015","r":27200.0,"q":48.42,"p":213.53,"s":[{"ui":"2569359","t":49300.0,"r":26800.0,"q":49.11,"p":200.0,"mot":"U","mo":26800.0},{"cn":"","ui":"","t":600.0,"r":400.0,"q":2.16,"p":1120.0,"mot":"L","mo":400.0}]},{"d":"02.07.2015","r":27750.0,"q":48.35,"p":214.76,"s":[{"ui":"2569359","t":49800.0,"r":27300.0,"q":49.11,"p":200.0,"mot":"U","mo":27300.0},{"cn":"","ui":"","t":650.0,"r":450.0,"q":2.17,"p":1110.0,"mot":"L","mo":450.0}]},{"d":"03.07.2015","r":25500.0,"q":48.18,"p":217.84,"s":[{"ui":"2569359","t":48900.0,"r":25000.0,"q":49.1,"p":200.0,"mot":"U","mo":25000.0},{"cn":"","ui":"","t":700.0,"r":500.0,"q":2.19,"p":1110.0,"mot":"L","mo":500.0}]},{"d":"04.07.2015","r":24650.0,"q":48.05,"p":220.3,"s":[{"ui":"2569359","t":48000.0,"r":24100.0,"q":49.1,"p":200.0,"mot":"U","mo":24100.0},{"cn":"","ui":"","t":750.0,"r":550.0,"q":2.2,"p":1110.0,"mot":"L","mo":550.0}]},{"d":"05.07.2015","r":35680.0,"q":48.31,"p":215.3,"s":[{"ui":"2569359","t":53040.0,"r":35080.0,"q":49.1,"p":200.0,"mot":"U","mo":35080.0},{"cn":"","ui":"","t":800.0,"r":600.0,"q":2.21,"p":1110.0,"mot":"L","mo":600.0}]},{"d":"06.07.2015","r":40770.0,"q":48.34,"p":214.51,"s":[{"ui":"2569359","t":58080.0,"r":40120.0,"q":49.09,"p":200.0,"mot":"U","mo":40120.0},{"cn":"","ui":"","t":850.0,"r":650.0,"q":2.23,"p":1110.0,"mot":"L","mo":650.0}]},{"d":"07.07.2015","r":45860.0,"q":48.37,"p":213.89,"s":[{"ui":"2569359","t":63120.0,"r":45160.0,"q":49.09,"p":200.0,"mot":"U","mo":45160.0},{"cn":"","ui":"","t":900.0,"r":700.0,"q":2.24,"p":1110.0,"mot":"L","mo":700.0}]},{"d":"08.07.2015","r":50950.0,"q":48.4,"p":213.4,"s":[{"ui":"2569359","t":68160.0,"r":50200.0,"q":49.09,"p":200.0,"mot":"U","mo":50200.0},{"cn":"","ui":"","t":950.0,"r":750.0,"q":2.25,"p":1110.0,"mot":"L","mo":750.0}]},{"d":"09.07.2015","r":56040.0,"q":48.41,"p":212.99,"s":[{"ui":"2569359","t":73200.0,"r":55240.0,"q":49.08,"p":200.0,"mot":"U","mo":55240.0},{"cn":"","ui":"","t":1000.0,"r":800.0,"q":2.26,"p":1110.0,"mot":"L","mo":800.0}]},{"d":"10.07.2015","r":61130.0,"q":48.43,"p":212.65,"s":[{"ui":"2569359","t":78240.0,"r":60280.0,"q":49.08,"p":200.0,"mot":"U","mo":60280.0},{"cn":"","ui":"","t":1050.0,"r":850.0,"q":2.27,"p":1110.0,"mot":"L","mo":850.0}]},{"d":"12.07.2015","r":71310.0,"q":48.45,"p":211.99,"s":[{"ui":"2569359","t":88320.0,"r":70360.0,"q":49.07,"p":200.0,"mot":"U","mo":70360.0},{"cn":"","ui":"","t":1150.0,"r":950.0,"q":2.29,"p":1100.0,"mot":"L","mo":950.0}]},{"d":"13.07.2015","r":76400.0,"q":48.46,"p":211.78,"s":[{"ui":"2569359","t":93360.0,"r":75400.0,"q":49.07,"p":200.0,"mot":"U","mo":75400.0},{"cn":"","ui":"","t":1200.0,"r":1000.0,"q":2.3,"p":1100.0,"mot":"L","mo":1000.0}]},{"d":"14.07.2015","r":81490.0,"q":48.47,"p":211.6,"s":[{"ui":"2569359","t":98400.0,"r":80440.0,"q":49.07,"p":200.0,"mot":"U","mo":80440.0},{"cn":"","ui":"","t":1250.0,"r":1050.0,"q":2.31,"p":1100.0,"mot":"L","mo":1050.0}]},{"d":"15.07.2015","r":86580.0,"q":48.48,"p":211.43,"s":[{"ui":"2569359","t":103440.0,"r":85480.0,"q":49.07,"p":200.0,"mot":"U","mo":85480.0},{"cn":"","ui":"","t":1300.0,"r":1100.0,"q":2.31,"p":1100.0,"mot":"L","mo":1100.0}]},{"d":"16.07.2015","r":91670.0,"q":48.47,"p":211.29,"s":[{"ui":"2569359","t":108480.0,"r":90520.0,"q":49.06,"p":200.0,"mot":"U","mo":90520.0},{"cn":"","ui":"","t":1350.0,"r":1150.0,"q":2.32,"p":1100.0,"mot":"L","mo":1150.0}]},{"d":"17.07.2015","r":96760.0,"q":48.48,"p":211.16,"s":[{"ui":"2569359","t":113520.0,"r":95560.0,"q":49.06,"p":200.0,"mot":"U","mo":95560.0},{"cn":"","ui":"","t":1400.0,"r":1200.0,"q":2.33,"p":1100.0,"mot":"L","mo":1200.0}]},{"d":"19.07.2015","r":102940.0,"q":48.46,"p":211.24,"s":[{"ui":"2569359","t":121600.0,"r":101640.0,"q":49.05,"p":200.0,"mot":"U","mo":101640.0},{"cn":"","ui":"","t":1500.0,"r":1300.0,"q":2.34,"p":1090.0,"mot":"L","mo":1300.0}]},{"d":"20.07.2015","r":106030.0,"q":48.46,"p":211.33,"s":[{"ui":"2569359","t":124640.0,"r":104680.0,"q":49.05,"p":200.0,"mot":"U","mo":104680.0},{"cn":"","ui":"","t":1550.0,"r":1350.0,"q":2.35,"p":1090.0,"mot":"L","mo":1350.0}]},{"d":"21.07.2015","r":109120.0,"q":48.44,"p":211.42,"s":[{"ui":"2569359","t":127680.0,"r":107720.0,"q":49.04,"p":200.0,"mot":"U","mo":107720.0},{"cn":"","ui":"","t":1600.0,"r":1400.0,"q":2.36,"p":1090.0,"mot":"L","mo":1400.0}]},{"d":"22.07.2015","r":112210.0,"q":48.44,"p":211.5,"s":[{"ui":"2569359","t":130720.0,"r":110760.0,"q":49.04,"p":200.0,"mot":"U","mo":110760.0},{"cn":"","ui":"","t":1650.0,"r":1450.0,"q":2.37,"p":1090.0,"mot":"L","mo":1450.0}]},{"d":"23.07.2015","r":115300.0,"q":48.42,"p":211.58,"s":[{"ui":"2569359","t":133760.0,"r":113800.0,"q":49.03,"p":200.0,"mot":"U","mo":113800.0},{"cn":"","ui":"","t":1700.0,"r":1500.0,"q":2.37,"p":1090.0,"mot":"L","mo":1500.0}]},{"d":"25.07.2015","r":121480.0,"q":48.4,"p":211.72,"s":[{"ui":"2569359","t":139840.0,"r":119880.0,"q":49.01,"p":200.0,"mot":"U","mo":119880.0},{"cn":"","ui":"","t":1800.0,"r":1600.0,"q":2.38,"p":1090.0,"mot":"L","mo":1600.0}]},{"d":"28.07.2015","r":130750.0,"q":48.36,"p":211.78,"s":[{"ui":"2569359","t":148960.0,"r":129000.0,"q":48.98,"p":200.0,"mot":"U","mo":129000.0},{"cn":"","ui":"","t":1950.0,"r":1750.0,"q":2.4,"p":1080.0,"mot":"L","mo":1750.0}]},{"d":"29.07.2015","r":122240.0,"q":48.89,"p":201.44,"s":[{"ui":"2569359","t":147000.0,"r":122040.0,"q":48.97,"p":200.0,"mot":"U","mo":122040.0},{"cn":"","ui":"","t":1200.0,"r":200.0,"q":2.4,"p":1080.0,"mot":"L","mo":200.0}]},{"d":"30.07.2015","r":120080.0,"q":48.96,"p":200.0,"s":[{"ui":"2569359","t":145040.0,"r":120080.0,"q":48.96,"p":200.0,"mot":"U","mo":120080.0},{"cn":"","ui":"","t":0.0,"r":0.0,"q":0.0,"p":0.0,"mot":"L","mo":0.0}]},{"d":"31.07.2015","r":118120.0,"q":48.95,"p":200.0,"s":[{"ui":"2569359","t":143080.0,"r":118120.0,"q":48.95,"p":200.0,"mot":"U","mo":118120.0},{"cn":"","ui":"","t":0.0,"r":0.0,"q":0.0,"p":0.0,"mot":"L","mo":0.0}]},{"d":"01.08.2015","r":116160.0,"q":48.93,"p":200.0,"s":[{"ui":"2569359","t":141120.0,"r":116160.0,"q":48.93,"p":200.0,"mot":"U","mo":116160.0},{"cn":"","ui":"","t":0.0,"r":0.0,"q":0.0,"p":0.0,"mot":"L","mo":0.0}]},{"d":"02.08.2015","r":114200.0,"q":48.92,"p":200.0,"s":[{"ui":"2569359","t":139160.0,"r":114200.0,"q":48.92,"p":200.0,"mot":"U","mo":114200.0},{"cn":"","ui":"","t":0.0,"r":0.0,"q":0.0,"p":0.0,"mot":"L","mo":0.0}]},{"d":"03.08.2015","r":112240.0,"q":48.91,"p":200.0,"s":[{"ui":"2569359","t":137200.0,"r":112240.0,"q":48.91,"p":200.0,"mot":"U","mo":112240.0},{"cn":"","ui":"","t":0.0,"r":0.0,"q":0.0,"p":0.0,"mot":"L","mo":0.0}]},{"d":"04.08.2015","r":110280.0,"q":48.89,"p":200.0,"s":[{"ui":"2569359","t":135240.0,"r":110280.0,"q":48.89,"p":200.0,"mot":"U","mo":110280.0},{"cn":"","ui":"","t":0.0,"r":0.0,"q":0.0,"p":0.0,"mot":"L","mo":0.0}]},{"d":"05.08.2015","r":108320.0,"q":48.88,"p":200.0,"s":[{"ui":"2569359","t":133280.0,"r":108320.0,"q":48.88,"p":200.0,"mot":"U","mo":108320.0},{"cn":"","ui":"","t":0.0,"r":0.0,"q":0.0,"p":0.0,"mot":"L","mo":0.0}]},{"d":"06.08.2015","r":106360.0,"q":48.86,"p":200.0,"s":[{"ui":"2569359","t":131320.0,"r":106360.0,"q":48.86,"p":200.0,"mot":"U","mo":106360.0},{"cn":"","ui":"","t":0.0,"r":0.0,"q":0.0,"p":0.0,"mot":"L","mo":0.0}]},{"d":"07.08.2015","r":104400.0,"q":48.85,"p":200.0,"s":[{"ui":"2569359","t":129360.0,"r":104400.0,"q":48.85,"p":200.0,"mot":"U","mo":104400.0},{"cn":"","ui":"","t":0.0,"r":0.0,"q":0.0,"p":0.0,"mot":"L","mo":0.0}]},{"d":"08.08.2015","r":102440.0,"q":48.83,"p":200.0,"s":[{"ui":"2569359","t":127400.0,"r":102440.0,"q":48.83,"p":200.0,"mot":"U","mo":102440.0},{"cn":"","ui":"","t":0.0,"r":0.0,"q":0.0,"p":0.0,"mot":"L","mo":0.0}]},{"d":"09.08.2015","r":100480.0,"q":48.82,"p":200.0,"s":[{"ui":"2569359","t":125440.0,"r":100480.0,"q":48.82,"p":200.0,"mot":"U","mo":100480.0},{"cn":"","ui":"","t":0.0,"r":0.0,"q":0.0,"p":0.0,"mot":"L","mo":0.0}]},{"d":"10.08.2015","r":98520.0,"q":48.81,"p":200.0,"s":[{"ui":"2569359","t":123480.0,"r":98520.0,"q":48.81,"p":200.0,"mot":"U","mo":98520.0},{"cn":"","ui":"","t":0.0,"r":0.0,"q":0.0,"p":0.0,"mot":"L","mo":0.0}]},{"d":"11.08.2015","r":95960.0,"q":48.79,"p":200.0,"s":[{"ui":"2569359","t":121220.0,"r":95960.0,"q":48.79,"p":200.0,"mot":"U","mo":95960.0},{"cn":"","ui":"","t":0.0,"r":0.0,"q":0.0,"p":0.0,"mot":"L","mo":0.0}]},{"d":"12.08.2015","r":93700.0,"q":48.78,"p":200.0,"s":[{"ui":"2569359","t":118960.0,"r":93700.0,"q":48.78,"p":200.0,"mot":"U","mo":93700.0},{"cn":"","ui":"","t":0.0,"r":0.0,"q":0.0,"p":0.0,"mot":"L","mo":0.0}]},{"d":"13.08.2015","r":90440.0,"q":48.76,"p":200.0,"s":[{"ui":"2569359","t":116200.0,"r":90440.0,"q":48.76,"p":200.0,"mot":"U","mo":90440.0},{"cn":"","ui":"","t":0.0,"r":0.0,"q":0.0,"p":0.0,"mot":"L","mo":0.0}]},{"d":"14.08.2015","r":75080.0,"q":48.75,"p":200.0,"s":[{"ui":"2569359","t":107140.0,"r":75080.0,"q":48.75,"p":200.0,"mot":"U","mo":75080.0},{"cn":"","ui":"","t":0.0,"r":0.0,"q":0.0,"p":0.0,"mot":"L","mo":0.0}]},{"d":"15.08.2015","r":66020.0,"q":48.73,"p":200.0,"s":[{"ui":"2569359","t":98080.0,"r":66020.0,"q":48.73,"p":200.0,"mot":"U","mo":66020.0},{"cn":"","ui":"","t":0.0,"r":0.0,"q":0.0,"p":0.0,"mot":"L","mo":0.0}]},{"d":"16.08.2015","r":56960.0,"q":48.71,"p":200.0,"s":[{"ui":"2569359","t":89020.0,"r":56960.0,"q":48.71,"p":200.0,"mot":"U","mo":56960.0},{"cn":"","ui":"","t":0.0,"r":0.0,"q":0.0,"p":0.0,"mot":"L","mo":0.0}]},{"d":"17.08.2015","r":47900.0,"q":48.69,"p":200.0,"s":[{"ui":"2569359","t":79960.0,"r":47900.0,"q":48.69,"p":200.0,"mot":"U","mo":47900.0},{"cn":"","ui":"","t":0.0,"r":0.0,"q":0.0,"p":0.0,"mot":"L","mo":0.0}]},{"d":"18.08.2015","r":38840.0,"q":48.67,"p":200.0,"s":[{"ui":"2569359","t":70900.0,"r":38840.0,"q":48.67,"p":200.0,"mot":"U","mo":38840.0},{"cn":"","ui":"","t":0.0,"r":0.0,"q":0.0,"p":0.0,"mot":"L","mo":0.0}]},{"d":"19.08.2015","r":29780.0,"q":48.65,"p":200.0,"s":[{"ui":"2569359","t":61840.0,"r":29780.0,"q":48.65,"p":200.0,"mot":"U","mo":29780.0},{"cn":"","ui":"","t":0.0,"r":0.0,"q":0.0,"p":0.0,"mot":"L","mo":0.0}]},{"d":"20.08.2015","r":18720.0,"q":48.63,"p":200.0,"s":[{"ui":"2569359","t":51780.0,"r":18720.0,"q":48.63,"p":200.0,"mot":"U","mo":18720.0},{"cn":"","ui":"","t":0.0,"r":0.0,"q":0.0,"p":0.0,"mot":"L","mo":0.0}]},{"d":"19.09.2015","r":100.0,"q":4.03,"p":1080.0,"s":[{"ui":"3205358","t":1100.0,"r":100.0,"q":4.03,"p":1080.0,"mot":"U","mo":100.0},{"cn":"","ui":"","t":0.0,"r":0.0,"q":0.0,"p":0.0,"mot":"L","mo":0.0}]},{"d":"26.09.2015","r":200.0,"q":4.02,"p":1080.0,"s":[{"ui":"3205358","t":1200.0,"r":200.0,"q":4.02,"p":1080.0,"mot":"U","mo":200.0},{"cn":"","ui":"","t":0.0,"r":0.0,"q":0.0,"p":0.0,"mot":"L","mo":0.0}]},{"d":"27.09.2015","r":300.0,"q":4.02,"p":1080.0,"s":[{"ui":"3205358","t":1300.0,"r":300.0,"q":4.02,"p":1080.0,"mot":"U","mo":300.0},{"cn":"","ui":"","t":0.0,"r":0.0,"q":0.0,"p":0.0,"mot":"L","mo":0.0}]},{"d":"28.09.2015","r":400.0,"q":4.02,"p":1080.0,"s":[{"ui":"3205358","t":1400.0,"r":400.0,"q":4.02,"p":1080.0,"mot":"U","mo":400.0},{"cn":"","ui":"","t":0.0,"r":0.0,"q":0.0,"p":0.0,"mot":"L","mo":0.0}]},{"d":"29.09.2015","r":500.0,"q":4.02,"p":1080.0,"s":[{"ui":"3205358","t":1500.0,"r":500.0,"q":4.02,"p":1080.0,"mot":"U","mo":500.0},{"cn":"","ui":"","t":0.0,"r":0.0,"q":0.0,"p":0.0,"mot":"L","mo":0.0}]},{"d":"30.09.2015","r":600.0,"q":4.02,"p":1080.0,"s":[{"ui":"3205358","t":1600.0,"r":600.0,"q":4.02,"p":1080.0,"mot":"U","mo":600.0},{"cn":"","ui":"","t":0.0,"r":0.0,"q":0.0,"p":0.0,"mot":"L","mo":0.0}]},{"d":"01.10.2015","r":700.0,"q":4.02,"p":1080.0,"s":[{"ui":"3205358","t":1700.0,"r":700.0,"q":4.02,"p":1080.0,"mot":"U","mo":700.0},{"cn":"","ui":"","t":0.0,"r":0.0,"q":0.0,"p":0.0,"mot":"L","mo":0.0}]},{"d":"02.10.2015","r":800.0,"q":4.02,"p":1080.0,"s":[{"ui":"3205358","t":1800.0,"r":800.0,"q":4.02,"p":1080.0,"mot":"U","mo":800.0},{"cn":"","ui":"","t":0.0,"r":0.0,"q":0.0,"p":0.0,"mot":"L","mo":0.0}]},{"d":"03.10.2015","r":900.0,"q":4.02,"p":1070.0,"s":[{"ui":"3205358","t":1900.0,"r":900.0,"q":4.02,"p":1070.0,"mot":"U","mo":900.0},{"cn":"","ui":"","t":0.0,"r":0.0,"q":0.0,"p":0.0,"mot":"L","mo":0.0}]},{"d":"04.10.2015","r":1000.0,"q":4.01,"p":1070.0,"s":[{"ui":"3205358","t":2000.0,"r":1000.0,"q":4.01,"p":1070.0,"mot":"U","mo":1000.0},{"cn":"","ui":"","t":0.0,"r":0.0,"q":0.0,"p":0.0,"mot":"L","mo":0.0}]},{"d":"05.10.2015","r":1100.0,"q":4.01,"p":1070.0,"s":[{"ui":"3205358","t":2100.0,"r":1100.0,"q":4.01,"p":1070.0,"mot":"U","mo":1100.0},{"cn":"","ui":"","t":0.0,"r":0.0,"q":0.0,"p":0.0,"mot":"L","mo":0.0}]},{"d":"06.10.2015","r":1200.0,"q":4.01,"p":1070.0,"s":[{"ui":"3205358","t":2200.0,"r":1200.0,"q":4.01,"p":1070.0,"mot":"U","mo":1200.0},{"cn":"","ui":"","t":0.0,"r":0.0,"q":0.0,"p":0.0,"mot":"L","mo":0.0}]},{"d":"07.10.2015","r":9.1029655E7,"q":66.32,"p":9.12,"s":[{"ui":"3189798","t":9.1028355E7,"r":9.1028355E7,"q":66.32,"p":9.1,"mot":"U","mo":9.1028355E7},{"cn":"","ui":"","t":2300.0,"r":1300.0,"q":4.01,"p":1070.0,"mot":"L","mo":1300.0}]},{"d":"08.10.2015","r":9.1453049E7,"q":66.32,"p":9.12,"s":[{"ui":"3189798","t":9.1451649E7,"r":9.1451649E7,"q":66.32,"p":9.1,"mot":"U","mo":9.1451649E7},{"cn":"","ui":"","t":2400.0,"r":1400.0,"q":4.01,"p":1060.0,"mot":"L","mo":1400.0}]},{"d":"09.10.2015","r":9.1876443E7,"q":66.33,"p":9.12,"s":[{"ui":"3189798","t":9.1874943E7,"r":9.1874943E7,"q":66.33,"p":9.1,"mot":"U","mo":9.1874943E7},{"cn":"","ui":"","t":2500.0,"r":1500.0,"q":4.01,"p":1060.0,"mot":"L","mo":1500.0}]},{"d":"10.10.2015","r":9.2299837E7,"q":66.33,"p":9.12,"s":[{"ui":"3189798","t":9.2298237E7,"r":9.2298237E7,"q":66.33,"p":9.1,"mot":"U","mo":9.2298237E7},{"cn":"","ui":"","t":2600.0,"r":1600.0,"q":4.01,"p":1060.0,"mot":"L","mo":1600.0}]},{"d":"12.10.2015","r":9.3146625E7,"q":66.34,"p":9.12,"s":[{"ui":"3189798","t":9.3144825E7,"r":9.3144825E7,"q":66.34,"p":9.1,"mot":"U","mo":9.3144825E7},{"cn":"","ui":"","t":2800.0,"r":1800.0,"q":4.01,"p":1060.0,"mot":"L","mo":1800.0}]},{"d":"13.10.2015","r":9.3570019E7,"q":66.34,"p":9.12,"s":[{"ui":"3189798","t":9.3568119E7,"r":9.3568119E7,"q":66.34,"p":9.1,"mot":"U","mo":9.3568119E7},{"cn":"","ui":"","t":2900.0,"r":1900.0,"q":4.01,"p":1060.0,"mot":"L","mo":1900.0}]},{"d":"14.10.2015","r":9.3993413E7,"q":66.34,"p":9.12,"s":[{"ui":"3189798","t":9.3991413E7,"r":9.3991413E7,"q":66.34,"p":9.1,"mot":"U","mo":9.3991413E7},{"cn":"","ui":"","t":3000.0,"r":2000.0,"q":4.01,"p":1050.0,"mot":"L","mo":2000.0}]},{"d":"15.10.2015","r":9.4416807E7,"q":66.34,"p":9.12,"s":[{"ui":"3189798","t":9.4414707E7,"r":9.4414707E7,"q":66.34,"p":9.1,"mot":"U","mo":9.4414707E7},{"cn":"","ui":"","t":3100.0,"r":2100.0,"q":4.01,"p":1050.0,"mot":"L","mo":2100.0}]},{"d":"16.10.2015","r":9.4840201E7,"q":66.35,"p":9.12,"s":[{"ui":"3189798","t":9.4838001E7,"r":9.4838001E7,"q":66.35,"p":9.1,"mot":"U","mo":9.4838001E7},{"cn":"","ui":"","t":3200.0,"r":2200.0,"q":4.01,"p":1050.0,"mot":"L","mo":2200.0}]},{"d":"17.10.2015","r":9.5263595E7,"q":66.36,"p":9.13,"s":[{"ui":"3189798","t":9.5261295E7,"r":9.5261295E7,"q":66.36,"p":9.1,"mot":"U","mo":9.5261295E7},{"cn":"","ui":"","t":3300.0,"r":2300.0,"q":4.01,"p":1050.0,"mot":"L","mo":2300.0}]},{"d":"18.10.2015","r":9.5706154E7,"q":66.37,"p":9.1,"s":[{"ui":"3189798","t":9.5705754E7,"r":9.5705754E7,"q":66.37,"p":9.1,"mot":"U","mo":9.5705754E7},{"cn":"","ui":"","t":2400.0,"r":400.0,"q":4.01,"p":1050.0,"mot":"L","mo":400.0}]},{"d":"19.10.2015","r":9.6157213E7,"q":66.43,"p":9.11,"s":[{"ui":"3189798","t":9.6150213E7,"r":9.6150213E7,"q":66.43,"p":9.1,"mot":"U","mo":9.6150213E7},{"cn":"","ui":"","t":26500.0,"r":7000.0,"q":48.23,"p":200.0,"mot":"L","mo":7000.0}]},{"d":"20.10.2015","r":9.6603172E7,"q":66.5,"p":9.12,"s":[{"ui":"3189798","t":9.6593672E7,"r":9.6592672E7,"q":66.5,"p":9.1,"mot":"U","mo":9.6592672E7},{"cn":"","ui":"","t":30000.0,"r":10500.0,"q":48.23,"p":200.0,"mot":"L","mo":10500.0}]},{"d":"21.10.2015","r":9.7050131E7,"q":66.57,"p":9.13,"s":[{"ui":"3189798","t":9.7037131E7,"r":9.7036131E7,"q":66.57,"p":9.1,"mot":"U","mo":9.7036131E7},{"cn":"","ui":"","t":33500.0,"r":14000.0,"q":48.22,"p":200.0,"mot":"L","mo":14000.0}]},{"d":"22.10.2015","r":9.749709E7,"q":66.64,"p":9.13,"s":[{"ui":"3189798","t":9.748059E7,"r":9.747959E7,"q":66.64,"p":9.1,"mot":"U","mo":9.747959E7},{"cn":"","ui":"","t":37000.0,"r":17500.0,"q":48.21,"p":200.0,"mot":"L","mo":17500.0}]},{"d":"23.10.2015","r":9.7944049E7,"q":66.7,"p":9.14,"s":[{"ui":"3189798","t":9.7924049E7,"r":9.7923049E7,"q":66.7,"p":9.1,"mot":"U","mo":9.7923049E7},{"cn":"","ui":"","t":40500.0,"r":21000.0,"q":48.21,"p":200.0,"mot":"L","mo":21000.0}]},{"d":"24.10.2015","r":9.8391008E7,"q":66.77,"p":9.15,"s":[{"ui":"3189798","t":9.8367508E7,"r":9.8366508E7,"q":66.77,"p":9.1,"mot":"U","mo":9.8366508E7},{"cn":"","ui":"","t":44000.0,"r":24500.0,"q":48.2,"p":200.0,"mot":"L","mo":24500.0}]},{"d":"25.10.2015","r":9.8837967E7,"q":66.82,"p":9.15,"s":[{"ui":"3189798","t":9.8810967E7,"r":9.8809967E7,"q":66.83,"p":9.1,"mot":"U","mo":9.8809967E7},{"cn":"","ui":"","t":47500.0,"r":28000.0,"q":48.19,"p":200.0,"mot":"L","mo":28000.0}]},{"d":"27.10.2015","r":9.9730685E7,"q":66.95,"p":9.17,"s":[{"ui":"3189798","t":9.9697785E7,"r":9.9696685E7,"q":66.96,"p":9.1,"mot":"U","mo":9.9696685E7},{"cn":"","ui":"","t":54000.0,"r":34000.0,"q":48.18,"p":200.0,"mot":"L","mo":34000.0}]},{"d":"28.10.2015","r":1.00176308E8,"q":67.01,"p":9.17,"s":[{"ui":"3189798","t":1.00140408E8,"r":1.00139308E8,"q":67.02,"p":9.1,"mot":"U","mo":1.00139308E8},{"cn":"","ui":"","t":57000.0,"r":37000.0,"q":48.17,"p":200.0,"mot":"L","mo":37000.0}]},{"d":"29.10.2015","r":1.00622667E8,"q":67.08,"p":9.18,"s":[{"ui":"3189798","t":1.00583767E8,"r":1.00582667E8,"q":67.09,"p":9.1,"mot":"U","mo":1.00582667E8},{"cn":"","ui":"","t":60000.0,"r":40000.0,"q":48.17,"p":200.0,"mot":"L","mo":40000.0}]},{"d":"30.10.2015","r":1.01069026E8,"q":67.14,"p":9.18,"s":[{"ui":"3189798","t":1.01027126E8,"r":1.01026026E8,"q":67.15,"p":9.1,"mot":"U","mo":1.01026026E8},{"cn":"","ui":"","t":63000.0,"r":43000.0,"q":48.16,"p":200.0,"mot":"L","mo":43000.0}]},{"d":"31.10.2015","r":1.01515585E8,"q":67.2,"p":9.19,"s":[{"ui":"3189798","t":1.01470485E8,"r":1.01469385E8,"q":67.21,"p":9.1,"mot":"U","mo":1.01469385E8},{"cn":"","ui":"","t":68200.0,"r":46200.0,"q":47.96,"p":203.68,"mot":"L","mo":46200.0}]},{"d":"01.11.2015","r":1.01962144E8,"q":67.26,"p":9.2,"s":[{"ui":"3189798","t":1.01913844E8,"r":1.01912744E8,"q":67.27,"p":9.1,"mot":"U","mo":1.01912744E8},{"cn":"","ui":"","t":71400.0,"r":49400.0,"q":47.79,"p":206.88,"mot":"L","mo":49400.0}]},{"d":"02.11.2015","r":1.02408703E8,"q":67.32,"p":9.2,"s":[{"ui":"3189798","t":1.02357203E8,"r":1.02356103E8,"q":67.33,"p":9.1,"mot":"U","mo":1.02356103E8},{"cn":"","ui":"","t":74600.0,"r":52600.0,"q":47.64,"p":209.7,"mot":"L","mo":52600.0}]},{"d":"03.11.2015","r":1.02855262E8,"q":67.38,"p":9.21,"s":[{"ui":"3189798","t":1.02800562E8,"r":1.02799462E8,"q":67.39,"p":9.1,"mot":"U","mo":1.02799462E8},{"cn":"","ui":"","t":77800.0,"r":55800.0,"q":47.5,"p":212.19,"mot":"L","mo":55800.0}]},{"d":"04.11.2015","r":1.03300421E8,"q":67.44,"p":9.22,"s":[{"ui":"3189798","t":1.03243221E8,"r":1.03241421E8,"q":67.45,"p":9.1,"mot":"U","mo":1.03241421E8},{"cn":"","ui":"","t":81000.0,"r":59000.0,"q":47.38,"p":214.41,"mot":"L","mo":59000.0}]},{"d":"05.11.2015","r":1.0374628E8,"q":67.5,"p":9.22,"s":[{"ui":"3189798","t":1.0368588E8,"r":1.0368408E8,"q":67.51,"p":9.1,"mot":"U","mo":1.0368408E8},{"cn":"","ui":"","t":84200.0,"r":62200.0,"q":47.27,"p":216.4,"mot":"L","mo":62200.0}]},{"d":"06.11.2015","r":1.04189019E8,"q":67.56,"p":9.23,"s":[{"ui":"3189798","t":1.04126979E8,"r":1.04123619E8,"q":67.57,"p":9.1,"mot":"U","mo":1.04123619E8},{"cn":"","ui":"","t":87400.0,"r":65400.0,"q":47.17,"p":218.2,"mot":"L","mo":65400.0}]},{"d":"07.11.2015","r":1.04634718E8,"q":67.62,"p":9.24,"s":[{"ui":"3189798","t":1.04568778E8,"r":1.04566118E8,"q":67.63,"p":9.1,"mot":"U","mo":1.04566118E8},{"cn":"","ui":"","t":90600.0,"r":68600.0,"q":47.08,"p":219.83,"mot":"L","mo":68600.0}]},{"d":"08.11.2015","r":1.04997717E8,"q":67.67,"p":9.22,"s":[{"ui":"3189798","t":1.04977577E8,"r":1.04941917E8,"q":67.68,"p":9.1,"mot":"U","mo":1.04941917E8},{"cn":"","ui":"","t":85800.0,"r":55800.0,"q":46.68,"p":227.42,"mot":"L","mo":55800.0}]},{"d":"09.11.2015","r":1.05381716E8,"q":67.68,"p":9.21,"s":[{"ui":"3189798","t":1.05376376E8,"r":1.05330716E8,"q":67.69,"p":9.1,"mot":"U","mo":1.05330716E8},{"cn":"","ui":"","t":81000.0,"r":51000.0,"q":46.36,"p":233.33,"mot":"L","mo":51000.0}]},{"d":"10.11.2015","r":1.05654515E8,"q":67.68,"p":9.19,"s":[{"ui":"3189798","t":1.05713675E8,"r":1.05604515E8,"q":67.69,"p":9.1,"mot":"U","mo":1.05604515E8},{"cn":"","ui":"","t":75000.0,"r":50000.0,"q":48.08,"p":200.0,"mot":"L","mo":50000.0}]},{"d":"11.11.2015","r":1.05975814E8,"q":67.68,"p":9.16,"s":[{"ui":"3189798","t":1.06048974E8,"r":1.05939814E8,"q":67.69,"p":9.1,"mot":"U","mo":1.05939814E8},{"cn":"","ui":"","t":67000.0,"r":36000.0,"q":48.07,"p":200.0,"mot":"L","mo":36000.0}]},{"d":"12.11.2015","r":1.06416911E8,"q":67.69,"p":9.15,"s":[{"ui":"3189798","t":1.06441172E8,"r":1.06388911E8,"q":67.7,"p":9.1,"mot":"U","mo":1.06388911E8},{"cn":"","ui":"","t":59000.0,"r":28000.0,"q":48.06,"p":200.0,"mot":"L","mo":28000.0}]},{"d":"13.11.2015","r":1.06801109E8,"q":67.69,"p":9.14,"s":[{"ui":"3189798","t":1.0683337E8,"r":1.06781109E8,"q":67.69,"p":9.1,"mot":"U","mo":1.06781109E8},{"cn":"","ui":"","t":51000.0,"r":20000.0,"q":48.05,"p":200.0,"mot":"L","mo":20000.0}]},{"d":"14.11.2015","r":1.07185307E8,"q":67.69,"p":9.12,"s":[{"ui":"3189798","t":1.07225568E8,"r":1.07173307E8,"q":67.69,"p":9.1,"mot":"U","mo":1.07173307E8},{"cn":"","ui":"","t":43000.0,"r":12000.0,"q":48.04,"p":200.0,"mot":"L","mo":12000.0}]},{"d":"15.11.2015","r":1.07559505E8,"q":67.68,"p":9.11,"s":[{"ui":"3189798","t":1.07612766E8,"r":1.07555505E8,"q":67.68,"p":9.1,"mot":"U","mo":1.07555505E8},{"cn":"","ui":"","t":35000.0,"r":4000.0,"q":48.03,"p":200.0,"mot":"L","mo":4000.0}]},{"d":"16.11.2015","r":1.07942703E8,"q":67.68,"p":9.1,"s":[{"ui":"3189798","t":1.07999964E8,"r":1.07942703E8,"q":67.68,"p":9.1,"mot":"U","mo":1.07942703E8},{"cn":"","ui":"","t":0.0,"r":0.0,"q":0.0,"p":0.0,"mot":"L","mo":0.0}]},{"d":"17.11.2015","r":1.08338901E8,"q":67.68,"p":9.1,"s":[{"ui":"3189798","t":1.08392162E8,"r":1.08338901E8,"q":67.68,"p":9.1,"mot":"U","mo":1.08338901E8},{"cn":"","ui":"","t":0.0,"r":0.0,"q":0.0,"p":0.0,"mot":"L","mo":0.0}]},{"d":"14.12.2015","r":1.18913835E8,"q":67.71,"p":9.1,"s":[{"ui":"3189798","t":1.18991796E8,"r":1.18913835E8,"q":67.71,"p":9.1,"mot":"U","mo":1.18913835E8},{"cn":"","ui":"","t":0.0,"r":0.0,"q":0.0,"p":0.0,"mot":"L","mo":0.0}]},{"d":"15.12.2015","r":1.19278833E8,"q":67.71,"p":9.1,"s":[{"ui":"3189798","t":1.19357544E8,"r":1.19278833E8,"q":67.71,"p":9.1,"mot":"U","mo":1.19278833E8},{"cn":"","ui":"","t":0.0,"r":0.0,"q":0.0,"p":0.0,"mot":"L","mo":0.0}]},{"d":"16.12.2015","r":1.19638181E8,"q":67.71,"p":9.1,"s":[{"ui":"3189798","t":1.19720692E8,"r":1.19638181E8,"q":67.71,"p":9.1,"mot":"U","mo":1.19638181E8},{"cn":"","ui":"","t":0.0,"r":0.0,"q":0.0,"p":0.0,"mot":"L","mo":0.0}]},{"d":"17.12.2015","r":1.2000003E8,"q":67.72,"p":9.1,"s":[{"ui":"3189798","t":1.2008264E8,"r":1.2000003E8,"q":67.72,"p":9.1,"mot":"U","mo":1.2000003E8},{"cn":"","ui":"","t":0.0,"r":0.0,"q":0.0,"p":0.0,"mot":"L","mo":0.0}]},{"d":"18.12.2015","r":1.20349478E8,"q":67.72,"p":9.1,"s":[{"ui":"3189798","t":1.20439289E8,"r":1.20349478E8,"q":67.72,"p":9.1,"mot":"U","mo":1.20349478E8},{"cn":"","ui":"","t":0.0,"r":0.0,"q":0.0,"p":0.0,"mot":"L","mo":0.0}]},{"d":"19.12.2015","r":1.20701626E8,"q":67.72,"p":9.1,"s":[{"ui":"3189798","t":1.20789837E8,"r":1.20701626E8,"q":67.72,"p":9.1,"mot":"U","mo":1.20701626E8},{"cn":"","ui":"","t":0.0,"r":0.0,"q":0.0,"p":0.0,"mot":"L","mo":0.0}]},{"d":"20.12.2015","r":1.21057874E8,"q":67.73,"p":9.1,"s":[{"ui":"3189798","t":1.21146085E8,"r":1.21057874E8,"q":67.73,"p":9.1,"mot":"U","mo":1.21057874E8},{"cn":"","ui":"","t":0.0,"r":0.0,"q":0.0,"p":0.0,"mot":"L","mo":0.0}]},{"d":"21.12.2015","r":1.21409722E8,"q":67.73,"p":9.1,"s":[{"ui":"3189798","t":1.21502333E8,"r":1.21409722E8,"q":67.73,"p":9.1,"mot":"U","mo":1.21409722E8},{"cn":"","ui":"","t":0.0,"r":0.0,"q":0.0,"p":0.0,"mot":"L","mo":0.0}]},{"d":"22.12.2015","r":1.2175881E8,"q":67.73,"p":9.1,"s":[{"ui":"3189798","t":1.21853676E8,"r":1.2175881E8,"q":67.73,"p":9.1,"mot":"U","mo":1.2175881E8},{"cn":"","ui":"","t":0.0,"r":0.0,"q":0.0,"p":0.0,"mot":"L","mo":0.0}]},{"d":"23.12.2015","r":1.22107803E8,"q":67.74,"p":9.1,"s":[{"ui":"3189798","t":1.22202969E8,"r":1.22107803E8,"q":67.74,"p":9.1,"mot":"U","mo":1.22107803E8},{"cn":"","ui":"","t":0.0,"r":0.0,"q":0.0,"p":0.0,"mot":"L","mo":0.0}]},{"d":"24.12.2015","r":1.22449006E8,"q":67.74,"p":9.1,"s":[{"ui":"3189798","t":1.22548582E8,"r":1.22449006E8,"q":67.74,"p":9.1,"mot":"U","mo":1.22449006E8},{"cn":"","ui":"","t":0.0,"r":0.0,"q":0.0,"p":0.0,"mot":"L","mo":0.0}]},{"d":"25.12.2015","r":1.22796869E8,"q":67.74,"p":9.1,"s":[{"ui":"3189798","t":1.22893405E8,"r":1.22796869E8,"q":67.74,"p":9.1,"mot":"U","mo":1.22796869E8},{"cn":"","ui":"","t":0.0,"r":0.0,"q":0.0,"p":0.0,"mot":"L","mo":0.0}]},{"d":"26.12.2015","r":1.23138792E8,"q":67.74,"p":9.1,"s":[{"ui":"3189798","t":1.23238328E8,"r":1.23138792E8,"q":67.74,"p":9.1,"mot":"U","mo":1.23138792E8},{"cn":"","ui":"","t":0.0,"r":0.0,"q":0.0,"p":0.0,"mot":"L","mo":0.0}]},{"d":"28.12.2015","r":1.23826338E8,"q":67.75,"p":9.1,"s":[{"ui":"3189798","t":1.23927974E8,"r":1.23826338E8,"q":67.75,"p":9.1,"mot":"U","mo":1.23826338E8},{"cn":"","ui":"","t":0.0,"r":0.0,"q":0.0,"p":0.0,"mot":"L","mo":0.0}]},{"d":"29.12.2015","r":1.24171061E8,"q":67.75,"p":9.1,"s":[{"ui":"3189798","t":1.24271597E8,"r":1.24171061E8,"q":67.75,"p":9.1,"mot":"U","mo":1.24171061E8},{"cn":"","ui":"","t":0.0,"r":0.0,"q":0.0,"p":0.0,"mot":"L","mo":0.0}]},{"d":"30.12.2015","r":1.24236984E8,"q":67.76,"p":9.1,"s":[{"ui":"3189798","t":1.2447652E8,"r":1.24236984E8,"q":67.76,"p":9.1,"mot":"U","mo":1.24236984E8},{"cn":"","ui":"","t":0.0,"r":0.0,"q":0.0,"p":0.0,"mot":"L","mo":0.0}]},{"d":"31.12.2015","r":1.24261807E8,"q":67.76,"p":9.1,"s":[{"ui":"3189798","t":1.24591393E8,"r":1.24261807E8,"q":67.76,"p":9.1,"mot":"U","mo":1.24261807E8},{"cn":"","ui":"","t":0.0,"r":0.0,"q":0.0,"p":0.0,"mot":"L","mo":0.0}]},{"d":"01.01.2016","r":1.24261837E8,"q":67.76,"p":9.1,"s":[{"ui":"3189798","t":1.24591393E8,"r":1.24261837E8,"q":67.76,"p":9.1,"mot":"U","mo":1.24261837E8},{"cn":"","ui":"","t":0.0,"r":0.0,"q":0.0,"p":0.0,"mot":"L","mo":0.0}]},{"d":"02.01.2016","r":1.2437734E8,"q":67.76,"p":9.1,"s":[{"ui":"3189798","t":1.24706596E8,"r":1.2437734E8,"q":67.76,"p":9.1,"mot":"U","mo":1.2437734E8},{"cn":"","ui":"","t":0.0,"r":0.0,"q":0.0,"p":0.0,"mot":"L","mo":0.0}]},{"d":"03.01.2016","r":1.24492583E8,"q":67.77,"p":9.1,"s":[{"ui":"3189798","t":1.24821819E8,"r":1.24492583E8,"q":67.77,"p":9.1,"mot":"U","mo":1.24492583E8},{"cn":"","ui":"","t":0.0,"r":0.0,"q":0.0,"p":0.0,"mot":"L","mo":0.0}]},{"d":"04.01.2016","r":1.24503206E8,"q":67.77,"p":9.1,"s":[{"ui":"3189798","t":1.24884742E8,"r":1.24503206E8,"q":67.77,"p":9.1,"mot":"U","mo":1.24503206E8},{"cn":"","ui":"","t":0.0,"r":0.0,"q":0.0,"p":0.0,"mot":"L","mo":0.0}]},{"d":"05.01.2016","r":1.24563129E8,"q":67.77,"p":9.1,"s":[{"ui":"3189798","t":1.24946165E8,"r":1.24563129E8,"q":67.77,"p":9.1,"mot":"U","mo":1.24563129E8},{"cn":"","ui":"","t":0.0,"r":0.0,"q":0.0,"p":0.0,"mot":"L","mo":0.0}]},{"d":"12.01.2016","r":1.2476204E8,"q":67.79,"p":9.1,"s":[{"ui":"3189798","t":1.25192926E8,"r":1.2476204E8,"q":67.79,"p":9.1,"mot":"U","mo":1.2476204E8},{"cn":"","ui":"","t":0.0,"r":0.0,"q":0.0,"p":0.0,"mot":"L","mo":0.0}]},{"d":"13.01.2016","r":1.24757613E8,"q":67.79,"p":9.1,"s":[{"ui":"3189798","t":1.25197499E8,"r":1.24757613E8,"q":67.79,"p":9.1,"mot":"U","mo":1.24757613E8},{"cn":"","ui":"","t":0.0,"r":0.0,"q":0.0,"p":0.0,"mot":"L","mo":0.0}]},{"d":"14.01.2016","r":1.24761786E8,"q":67.8,"p":9.1,"s":[{"ui":"3189798","t":1.25201872E8,"r":1.24761786E8,"q":67.8,"p":9.1,"mot":"U","mo":1.24761786E8},{"cn":"","ui":"","t":0.0,"r":0.0,"q":0.0,"p":0.0,"mot":"L","mo":0.0}]},{"d":"15.01.2016","r":1.24789481E8,"q":67.8,"p":9.1,"s":[{"ui":"3189798","t":1.25217906E8,"r":1.24789481E8,"q":67.8,"p":9.1,"mot":"U","mo":1.24789481E8},{"cn":"","ui":"","t":0.0,"r":0.0,"q":0.0,"p":0.0,"mot":"L","mo":0.0}]},{"d":"16.01.2016","r":1.24805515E8,"q":67.8,"p":9.1,"s":[{"ui":"3189798","t":1.2523394E8,"r":1.24805515E8,"q":67.8,"p":9.1,"mot":"U","mo":1.24805515E8},{"cn":"","ui":"","t":0.0,"r":0.0,"q":0.0,"p":0.0,"mot":"L","mo":0.0}]},{"d":"20.01.2016","r":1.24872151E8,"q":67.81,"p":9.1,"s":[{"ui":"3189798","t":1.25298076E8,"r":1.24872151E8,"q":67.81,"p":9.1,"mot":"U","mo":1.24872151E8},{"cn":"","ui":"","t":0.0,"r":0.0,"q":0.0,"p":0.0,"mot":"L","mo":0.0}]},{"d":"22.01.2016","r":1.24909219E8,"q":67.82,"p":9.1,"s":[{"ui":"3189798","t":1.25335144E8,"r":1.24909219E8,"q":67.82,"p":9.1,"mot":"U","mo":1.24909219E8},{"cn":"","ui":"","t":0.0,"r":0.0,"q":0.0,"p":0.0,"mot":"L","mo":0.0}]},{"d":"23.01.2016","r":1.24918753E8,"q":67.82,"p":9.1,"s":[{"ui":"3189798","t":1.25353678E8,"r":1.24918753E8,"q":67.82,"p":9.1,"mot":"U","mo":1.24918753E8},{"cn":"","ui":"","t":0.0,"r":0.0,"q":0.0,"p":0.0,"mot":"L","mo":0.0}]},{"d":"24.01.2016","r":1.24928287E8,"q":67.83,"p":9.1,"s":[{"ui":"3189798","t":1.25363212E8,"r":1.24928287E8,"q":67.83,"p":9.1,"mot":"U","mo":1.24928287E8},{"cn":"","ui":"","t":0.0,"r":0.0,"q":0.0,"p":0.0,"mot":"L","mo":0.0}]},{"d":"25.01.2016","r":1.24647821E8,"q":67.83,"p":9.1,"s":[{"ui":"3189798","t":1.25082746E8,"r":1.24647821E8,"q":67.83,"p":9.1,"mot":"U","mo":1.24647821E8},{"cn":"","ui":"","t":0.0,"r":0.0,"q":0.0,"p":0.0,"mot":"L","mo":0.0}]},{"d":"26.01.2016","r":1.24657355E8,"q":67.83,"p":9.1,"s":[{"ui":"3189798","t":1.2509228E8,"r":1.24657355E8,"q":67.83,"p":9.1,"mot":"U","mo":1.24657355E8},{"cn":"","ui":"","t":0.0,"r":0.0,"q":0.0,"p":0.0,"mot":"L","mo":0.0}]},{"d":"27.01.2016","r":1.24666889E8,"q":67.83,"p":9.1,"s":[{"ui":"3189798","t":1.25101814E8,"r":1.24666889E8,"q":67.83,"p":9.1,"mot":"U","mo":1.24666889E8},{"cn":"","ui":"","t":0.0,"r":0.0,"q":0.0,"p":0.0,"mot":"L","mo":0.0}]},{"d":"28.01.2016","r":1.24676423E8,"q":67.84,"p":9.1,"s":[{"ui":"3189798","t":1.25111348E8,"r":1.24676423E8,"q":67.84,"p":9.1,"mot":"U","mo":1.24676423E8},{"cn":"","ui":"","t":0.0,"r":0.0,"q":0.0,"p":0.0,"mot":"L","mo":0.0}]},{"d":"29.01.2016","r":1.24685957E8,"q":67.84,"p":9.1,"s":[{"ui":"3189798","t":1.25120882E8,"r":1.24685957E8,"q":67.84,"p":9.1,"mot":"U","mo":1.24685957E8},{"cn":"","ui":"","t":0.0,"r":0.0,"q":0.0,"p":0.0,"mot":"L","mo":0.0}]},{"d":"30.01.2016","r":1.24694991E8,"q":67.84,"p":9.1,"s":[{"ui":"3189798","t":1.25130416E8,"r":1.24694991E8,"q":67.84,"p":9.1,"mot":"U","mo":1.24694991E8},{"cn":"","ui":"","t":0.0,"r":0.0,"q":0.0,"p":0.0,"mot":"L","mo":0.0}]},{"d":"31.01.2016","r":1.24703825E8,"q":67.85,"p":9.1,"s":[{"ui":"3189798","t":1.2513925E8,"r":1.24703825E8,"q":67.85,"p":9.1,"mot":"U","mo":1.24703825E8},{"cn":"","ui":"","t":0.0,"r":0.0,"q":0.0,"p":0.0,"mot":"L","mo":0.0}]},{"d":"01.02.2016","r":1.24712359E8,"q":67.85,"p":9.1,"s":[{"ui":"3189798","t":1.25148284E8,"r":1.24712359E8,"q":67.85,"p":9.1,"mot":"U","mo":1.24712359E8},{"cn":"","ui":"","t":0.0,"r":0.0,"q":0.0,"p":0.0,"mot":"L","mo":0.0}]},{"d":"02.02.2016","r":1.24720893E8,"q":67.85,"p":9.1,"s":[{"ui":"3189798","t":1.25156818E8,"r":1.24720893E8,"q":67.85,"p":9.1,"mot":"U","mo":1.24720893E8},{"cn":"","ui":"","t":0.0,"r":0.0,"q":0.0,"p":0.0,"mot":"L","mo":0.0}]},{"d":"03.02.2016","r":1.24729727E8,"q":67.85,"p":9.1,"s":[{"ui":"3189798","t":1.25165352E8,"r":1.24729727E8,"q":67.85,"p":9.1,"mot":"U","mo":1.24729727E8},{"cn":"","ui":"","t":0.0,"r":0.0,"q":0.0,"p":0.0,"mot":"L","mo":0.0}]},{"d":"04.02.2016","r":1.24738561E8,"q":67.86,"p":9.1,"s":[{"ui":"3189798","t":1.25174186E8,"r":1.24738561E8,"q":67.86,"p":9.1,"mot":"U","mo":1.24738561E8},{"cn":"","ui":"","t":0.0,"r":0.0,"q":0.0,"p":0.0,"mot":"L","mo":0.0}]},{"d":"05.02.2016","r":1.24747395E8,"q":67.86,"p":9.1,"s":[{"ui":"3189798","t":1.2518302E8,"r":1.24747395E8,"q":67.86,"p":9.1,"mot":"U","mo":1.24747395E8},{"cn":"","ui":"","t":0.0,"r":0.0,"q":0.0,"p":0.0,"mot":"L","mo":0.0}]},{"d":"06.02.2016","r":1.24756229E8,"q":67.86,"p":9.1,"s":[{"ui":"3189798","t":1.25191854E8,"r":1.24756229E8,"q":67.86,"p":9.1,"mot":"U","mo":1.24756229E8},{"cn":"","ui":"","t":0.0,"r":0.0,"q":0.0,"p":0.0,"mot":"L","mo":0.0}]},{"d":"07.02.2016","r":1.24545063E8,"q":67.86,"p":9.1,"s":[{"ui":"3189798","t":1.25090688E8,"r":1.24545063E8,"q":67.86,"p":9.1,"mot":"U","mo":1.24545063E8},{"cn":"","ui":"","t":0.0,"r":0.0,"q":0.0,"p":0.0,"mot":"L","mo":0.0}]},{"d":"08.02.2016","r":1.24459897E8,"q":67.87,"p":9.1,"s":[{"ui":"3189798","t":1.24997522E8,"r":1.24459897E8,"q":67.87,"p":9.1,"mot":"U","mo":1.24459897E8},{"cn":"","ui":"","t":0.0,"r":0.0,"q":0.0,"p":0.0,"mot":"L","mo":0.0}]},{"d":"10.02.2016","r":333625.0,"q":68.43,"p":9.1,"s":[{"ui":"3189798","t":851230.0,"r":333625.0,"q":68.43,"p":9.1,"mot":"U","mo":333625.0},{"cn":"","ui":"","t":0.0,"r":0.0,"q":0.0,"p":0.0,"mot":"L","mo":0.0}]},{"d":"11.02.2016","r":260479.0,"q":68.54,"p":9.1,"s":[{"ui":"3189798","t":778084.0,"r":260479.0,"q":68.54,"p":9.1,"mot":"U","mo":260479.0},{"cn":"","ui":"","t":0.0,"r":0.0,"q":0.0,"p":0.0,"mot":"L","mo":0.0}]},{"d":"12.02.2016","r":187333.0,"q":68.59,"p":9.1,"s":[{"ui":"3189798","t":704938.0,"r":187333.0,"q":68.59,"p":9.1,"mot":"U","mo":187333.0},{"cn":"","ui":"","t":0.0,"r":0.0,"q":0.0,"p":0.0,"mot":"L","mo":0.0}]},{"d":"13.02.2016","r":113887.0,"q":68.61,"p":9.1,"s":[{"ui":"3189798","t":631642.0,"r":113887.0,"q":68.61,"p":9.1,"mot":"U","mo":113887.0},{"cn":"","ui":"","t":0.0,"r":0.0,"q":0.0,"p":0.0,"mot":"L","mo":0.0}]},{"d":"14.02.2016","r":40591.0,"q":68.61,"p":9.1,"s":[{"ui":"3189798","t":558346.0,"r":40591.0,"q":68.61,"p":9.1,"mot":"U","mo":40591.0},{"cn":"","ui":"","t":0.0,"r":0.0,"q":0.0,"p":0.0,"mot":"L","mo":0.0}]},{"d":"09.03.2016","r":49989.0,"q":68.77,"p":9.1,"s":[{"ui":"3189798","t":444459.0,"r":49989.0,"q":68.77,"p":9.1,"mot":"U","mo":49989.0},{"cn":"","ui":"","t":0.0,"r":0.0,"q":0.0,"p":0.0,"mot":"L","mo":0.0}]},{"d":"10.03.2016","r":99878.0,"q":68.77,"p":9.1,"s":[{"ui":"3189798","t":494398.0,"r":99878.0,"q":68.77,"p":9.1,"mot":"U","mo":99878.0},{"cn":"","ui":"","t":0.0,"r":0.0,"q":0.0,"p":0.0,"mot":"L","mo":0.0}]},{"d":"11.03.2016","r":149817.0,"q":68.77,"p":9.1,"s":[{"ui":"3189798","t":544337.0,"r":149817.0,"q":68.77,"p":9.1,"mot":"U","mo":149817.0},{"cn":"","ui":"","t":0.0,"r":0.0,"q":0.0,"p":0.0,"mot":"L","mo":0.0}]},{"d":"12.03.2016","r":199756.0,"q":68.77,"p":9.1,"s":[{"ui":"3189798","t":594276.0,"r":199756.0,"q":68.77,"p":9.1,"mot":"U","mo":199756.0},{"cn":"","ui":"","t":0.0,"r":0.0,"q":0.0,"p":0.0,"mot":"L","mo":0.0}]},{"d":"13.03.2016","r":172895.0,"q":68.76,"p":9.1,"s":[{"ui":"3189798","t":566815.0,"r":172895.0,"q":68.76,"p":9.1,"mot":"U","mo":172895.0},{"cn":"","ui":"","t":0.0,"r":0.0,"q":0.0,"p":0.0,"mot":"L","mo":0.0}]},{"d":"14.03.2016","r":89434.0,"q":68.76,"p":9.1,"s":[{"ui":"3189798","t":500354.0,"r":89434.0,"q":68.76,"p":9.1,"mot":"U","mo":89434.0},{"cn":"","ui":"","t":0.0,"r":0.0,"q":0.0,"p":0.0,"mot":"L","mo":0.0}]},{"d":"15.03.2016","r":122973.0,"q":68.76,"p":9.1,"s":[{"ui":"3189798","t":533893.0,"r":122973.0,"q":68.76,"p":9.1,"mot":"U","mo":122973.0},{"cn":"","ui":"","t":0.0,"r":0.0,"q":0.0,"p":0.0,"mot":"L","mo":0.0}]},{"d":"07.07.2016","r":200.0,"q":8.31,"p":1050.0,"s":[{"ui":"3205358","t":5200.0,"r":200.0,"q":8.31,"p":1050.0,"mot":"U","mo":200.0},{"cn":"","ui":"","t":0.0,"r":0.0,"q":0.0,"p":0.0,"mot":"L","mo":0.0}]},{"d":"08.07.2016","r":400.0,"q":8.32,"p":1050.0,"s":[{"ui":"3205358","t":5400.0,"r":400.0,"q":8.32,"p":1050.0,"mot":"U","mo":400.0},{"cn":"","ui":"","t":0.0,"r":0.0,"q":0.0,"p":0.0,"mot":"L","mo":0.0}]},{"d":"09.07.2016","r":600.0,"q":8.34,"p":1050.0,"s":[{"ui":"3205358","t":5600.0,"r":600.0,"q":8.34,"p":1050.0,"mot":"U","mo":600.0},{"cn":"","ui":"","t":0.0,"r":0.0,"q":0.0,"p":0.0,"mot":"L","mo":0.0}]},{"d":"10.07.2016","r":800.0,"q":8.35,"p":1050.0,"s":[{"ui":"3205358","t":5800.0,"r":800.0,"q":8.35,"p":1050.0,"mot":"U","mo":800.0},{"cn":"","ui":"","t":0.0,"r":0.0,"q":0.0,"p":0.0,"mot":"L","mo":0.0}]},{"d":"11.07.2016","r":1000.0,"q":8.36,"p":1050.0,"s":[{"ui":"3205358","t":6000.0,"r":1000.0,"q":8.36,"p":1050.0,"mot":"U","mo":1000.0},{"cn":"","ui":"","t":0.0,"r":0.0,"q":0.0,"p":0.0,"mot":"L","mo":0.0}]},{"d":"12.07.2016","r":1200.0,"q":8.38,"p":1050.0,"s":[{"ui":"3205358","t":6200.0,"r":1200.0,"q":8.38,"p":1050.0,"mot":"U","mo":1200.0},{"cn":"","ui":"","t":0.0,"r":0.0,"q":0.0,"p":0.0,"mot":"L","mo":0.0}]},{"d":"13.07.2016","r":1400.0,"q":8.39,"p":1050.0,"s":[{"ui":"3205358","t":6400.0,"r":1400.0,"q":8.39,"p":1050.0,"mot":"U","mo":1400.0},{"cn":"","ui":"","t":0.0,"r":0.0,"q":0.0,"p":0.0,"mot":"L","mo":0.0}]},{"d":"14.07.2016","r":1600.0,"q":8.4,"p":1050.0,"s":[{"ui":"3205358","t":6600.0,"r":1600.0,"q":8.4,"p":1050.0,"mot":"U","mo":1600.0},{"cn":"","ui":"","t":0.0,"r":0.0,"q":0.0,"p":0.0,"mot":"L","mo":0.0}]},{"d":"15.07.2016","r":1800.0,"q":8.41,"p":1040.0,"s":[{"ui":"3205358","t":6800.0,"r":1800.0,"q":8.41,"p":1040.0,"mot":"U","mo":1800.0},{"cn":"","ui":"","t":0.0,"r":0.0,"q":0.0,"p":0.0,"mot":"L","mo":0.0}]},{"d":"16.07.2016","r":2000.0,"q":8.43,"p":1040.0,"s":[{"ui":"3205358","t":7000.0,"r":2000.0,"q":8.43,"p":1040.0,"mot":"U","mo":2000.0},{"cn":"","ui":"","t":0.0,"r":0.0,"q":0.0,"p":0.0,"mot":"L","mo":0.0}]},{"d":"18.07.2016","r":2400.0,"q":8.45,"p":1040.0,"s":[{"ui":"3205358","t":7400.0,"r":2400.0,"q":8.45,"p":1040.0,"mot":"U","mo":2400.0},{"cn":"","ui":"","t":0.0,"r":0.0,"q":0.0,"p":0.0,"mot":"L","mo":0.0}]},{"d":"19.07.2016","r":2600.0,"q":8.46,"p":1040.0,"s":[{"ui":"3205358","t":7600.0,"r":2600.0,"q":8.46,"p":1040.0,"mot":"U","mo":2600.0},{"cn":"","ui":"","t":0.0,"r":0.0,"q":0.0,"p":0.0,"mot":"L","mo":0.0}]},{"d":"20.07.2016","r":2800.0,"q":8.47,"p":1040.0,"s":[{"ui":"3205358","t":7800.0,"r":2800.0,"q":8.47,"p":1040.0,"mot":"U","mo":2800.0},{"cn":"","ui":"","t":0.0,"r":0.0,"q":0.0,"p":0.0,"mot":"L","mo":0.0}]},{"d":"21.07.2016","r":2989.0,"q":8.48,"p":1040.0,"s":[{"ui":"3205358","t":7995.0,"r":2989.0,"q":8.48,"p":1040.0,"mot":"U","mo":2989.0},{"cn":"","ui":"","t":0.0,"r":0.0,"q":0.0,"p":0.0,"mot":"L","mo":0.0}]},{"d":"22.07.2016","r":3183.0,"q":8.49,"p":1040.0,"s":[{"ui":"3205358","t":8189.0,"r":3183.0,"q":8.49,"p":1040.0,"mot":"U","mo":3183.0},{"cn":"","ui":"","t":0.0,"r":0.0,"q":0.0,"p":0.0,"mot":"L","mo":0.0}]},{"d":"25.07.2016","r":2685.0,"q":8.52,"p":1040.0,"s":[{"ui":"3205358","t":8186.0,"r":2685.0,"q":8.52,"p":1040.0,"mot":"U","mo":2685.0},{"cn":"","ui":"","t":0.0,"r":0.0,"q":0.0,"p":0.0,"mot":"L","mo":0.0}]},{"d":"26.07.2016","r":2384.0,"q":8.53,"p":1040.0,"s":[{"ui":"3205358","t":7885.0,"r":2384.0,"q":8.53,"p":1040.0,"mot":"U","mo":2384.0},{"cn":"","ui":"","t":0.0,"r":0.0,"q":0.0,"p":0.0,"mot":"L","mo":0.0}]},{"d":"27.07.2016","r":2283.0,"q":8.54,"p":1040.0,"s":[{"ui":"3205358","t":7684.0,"r":2283.0,"q":8.54,"p":1040.0,"mot":"U","mo":2283.0},{"cn":"","ui":"","t":0.0,"r":0.0,"q":0.0,"p":0.0,"mot":"L","mo":0.0}]},{"d":"28.07.2016","r":2084.0,"q":8.55,"p":1040.0,"s":[{"ui":"3205358","t":7484.0,"r":2084.0,"q":8.55,"p":1040.0,"mot":"U","mo":2084.0},{"cn":"","ui":"","t":0.0,"r":0.0,"q":0.0,"p":0.0,"mot":"L","mo":0.0}]},{"d":"29.07.2016","r":2084.0,"q":8.56,"p":1040.0,"s":[{"ui":"3205358","t":7384.0,"r":2084.0,"q":8.56,"p":1040.0,"mot":"U","mo":2084.0},{"cn":"","ui":"","t":0.0,"r":0.0,"q":0.0,"p":0.0,"mot":"L","mo":0.0}]},{"d":"30.07.2016","r":1984.0,"q":8.57,"p":1040.0,"s":[{"ui":"3205358","t":7284.0,"r":1984.0,"q":8.57,"p":1040.0,"mot":"U","mo":1984.0},{"cn":"","ui":"","t":0.0,"r":0.0,"q":0.0,"p":0.0,"mot":"L","mo":0.0}]},{"d":"01.08.2016","r":1784.0,"q":8.58,"p":1040.0,"s":[{"ui":"3205358","t":7084.0,"r":1784.0,"q":8.58,"p":1040.0,"mot":"U","mo":1784.0},{"cn":"","ui":"","t":0.0,"r":0.0,"q":0.0,"p":0.0,"mot":"L","mo":0.0}]},{"d":"02.08.2016","r":1784.0,"q":8.59,"p":1040.0,"s":[{"ui":"3205358","t":7034.0,"r":1784.0,"q":8.59,"p":1040.0,"mot":"U","mo":1784.0},{"cn":"","ui":"","t":0.0,"r":0.0,"q":0.0,"p":0.0,"mot":"L","mo":0.0}]},{"d":"03.08.2016","r":1734.0,"q":8.6,"p":1040.0,"s":[{"ui":"3205358","t":6984.0,"r":1734.0,"q":8.6,"p":1040.0,"mot":"U","mo":1734.0},{"cn":"","ui":"","t":0.0,"r":0.0,"q":0.0,"p":0.0,"mot":"L","mo":0.0}]},{"d":"04.08.2016","r":1684.0,"q":8.61,"p":1040.0,"s":[{"ui":"3205358","t":6934.0,"r":1684.0,"q":8.61,"p":1040.0,"mot":"U","mo":1684.0},{"cn":"","ui":"","t":0.0,"r":0.0,"q":0.0,"p":0.0,"mot":"L","mo":0.0}]},{"d":"05.08.2016","r":1634.0,"q":8.61,"p":1040.0,"s":[{"ui":"3205358","t":6884.0,"r":1634.0,"q":8.61,"p":1040.0,"mot":"U","mo":1634.0},{"cn":"","ui":"","t":0.0,"r":0.0,"q":0.0,"p":0.0,"mot":"L","mo":0.0}]},{"d":"06.08.2016","r":1584.0,"q":8.62,"p":1040.0,"s":[{"ui":"3205358","t":6834.0,"r":1584.0,"q":8.62,"p":1040.0,"mot":"U","mo":1584.0},{"cn":"","ui":"","t":0.0,"r":0.0,"q":0.0,"p":0.0,"mot":"L","mo":0.0}]},{"d":"07.08.2016","r":1534.0,"q":8.63,"p":1040.0,"s":[{"ui":"3205358","t":6784.0,"r":1534.0,"q":8.63,"p":1040.0,"mot":"U","mo":1534.0},{"cn":"","ui":"","t":0.0,"r":0.0,"q":0.0,"p":0.0,"mot":"L","mo":0.0}]},{"d":"08.08.2016","r":1484.0,"q":8.63,"p":1040.0,"s":[{"ui":"3205358","t":6734.0,"r":1484.0,"q":8.63,"p":1040.0,"mot":"U","mo":1484.0},{"cn":"","ui":"","t":0.0,"r":0.0,"q":0.0,"p":0.0,"mot":"L","mo":0.0}]},{"d":"09.08.2016","r":1434.0,"q":8.64,"p":1040.0,"s":[{"ui":"3205358","t":6684.0,"r":1434.0,"q":8.64,"p":1040.0,"mot":"U","mo":1434.0},{"cn":"","ui":"","t":0.0,"r":0.0,"q":0.0,"p":0.0,"mot":"L","mo":0.0}]},{"d":"10.08.2016","r":1374.0,"q":8.65,"p":1040.0,"s":[{"ui":"3205358","t":6634.0,"r":1374.0,"q":8.65,"p":1040.0,"mot":"U","mo":1374.0},{"cn":"","ui":"","t":0.0,"r":0.0,"q":0.0,"p":0.0,"mot":"L","mo":0.0}]},{"d":"11.08.2016","r":1304.0,"q":8.65,"p":1040.0,"s":[{"ui":"3205358","t":6564.0,"r":1304.0,"q":8.65,"p":1040.0,"mot":"U","mo":1304.0},{"cn":"","ui":"","t":0.0,"r":0.0,"q":0.0,"p":0.0,"mot":"L","mo":0.0}]},{"d":"12.08.2016","r":1244.0,"q":8.66,"p":1040.0,"s":[{"ui":"3205358","t":6504.0,"r":1244.0,"q":8.66,"p":1040.0,"mot":"U","mo":1244.0},{"cn":"","ui":"","t":0.0,"r":0.0,"q":0.0,"p":0.0,"mot":"L","mo":0.0}]},{"d":"13.08.2016","r":1104.0,"q":8.66,"p":1040.0,"s":[{"ui":"3205358","t":6404.0,"r":1104.0,"q":8.66,"p":1040.0,"mot":"U","mo":1104.0},{"cn":"","ui":"","t":0.0,"r":0.0,"q":0.0,"p":0.0,"mot":"L","mo":0.0}]},{"d":"14.08.2016","r":1004.0,"q":8.67,"p":1040.0,"s":[{"ui":"3205358","t":6304.0,"r":1004.0,"q":8.67,"p":1040.0,"mot":"U","mo":1004.0},{"cn":"","ui":"","t":0.0,"r":0.0,"q":0.0,"p":0.0,"mot":"L","mo":0.0}]},{"d":"15.08.2016","r":904.0,"q":8.68,"p":1040.0,"s":[{"ui":"3205358","t":6204.0,"r":904.0,"q":8.68,"p":1040.0,"mot":"U","mo":904.0},{"cn":"","ui":"","t":0.0,"r":0.0,"q":0.0,"p":0.0,"mot":"L","mo":0.0}]},{"d":"16.08.2016","r":804.0,"q":8.68,"p":1040.0,"s":[{"ui":"3205358","t":6104.0,"r":804.0,"q":8.68,"p":1040.0,"mot":"U","mo":804.0},{"cn":"","ui":"","t":0.0,"r":0.0,"q":0.0,"p":0.0,"mot":"L","mo":0.0}]},{"d":"17.08.2016","r":604.0,"q":8.69,"p":1040.0,"s":[{"ui":"3205358","t":5954.0,"r":604.0,"q":8.69,"p":1040.0,"mot":"U","mo":604.0},{"cn":"","ui":"","t":0.0,"r":0.0,"q":0.0,"p":0.0,"mot":"L","mo":0.0}]},{"d":"18.08.2016","r":454.0,"q":8.69,"p":1040.0,"s":[{"ui":"3205358","t":5804.0,"r":454.0,"q":8.69,"p":1040.0,"mot":"U","mo":454.0},{"cn":"","ui":"","t":0.0,"r":0.0,"q":0.0,"p":0.0,"mot":"L","mo":0.0}]},{"d":"22.08.2016","r":4100.0,"q":8.71,"p":1040.0,"s":[{"ui":"3205358","t":9750.0,"r":4100.0,"q":8.71,"p":1040.0,"mot":"U","mo":4100.0},{"cn":"","ui":"","t":0.0,"r":0.0,"q":0.0,"p":0.0,"mot":"L","mo":0.0}]},{"d":"23.08.2016","r":8650.0,"q":8.71,"p":1040.0,"s":[{"ui":"3205358","t":14300.0,"r":8650.0,"q":8.71,"p":1040.0,"mot":"U","mo":8650.0},{"cn":"","ui":"","t":0.0,"r":0.0,"q":0.0,"p":0.0,"mot":"L","mo":0.0}]},{"d":"24.08.2016","r":13200.0,"q":8.71,"p":1040.0,"s":[{"ui":"3205358","t":18850.0,"r":13200.0,"q":8.71,"p":1040.0,"mot":"U","mo":13200.0},{"cn":"","ui":"","t":0.0,"r":0.0,"q":0.0,"p":0.0,"mot":"L","mo":0.0}]},{"d":"25.08.2016","r":17750.0,"q":8.71,"p":1040.0,"s":[{"ui":"3205358","t":23400.0,"r":17750.0,"q":8.71,"p":1040.0,"mot":"U","mo":17750.0},{"cn":"","ui":"","t":0.0,"r":0.0,"q":0.0,"p":0.0,"mot":"L","mo":0.0}]},{"d":"26.08.2016","r":22300.0,"q":8.72,"p":1040.0,"s":[{"ui":"3205358","t":27950.0,"r":22300.0,"q":8.72,"p":1040.0,"mot":"U","mo":22300.0},{"cn":"","ui":"","t":0.0,"r":0.0,"q":0.0,"p":0.0,"mot":"L","mo":0.0}]},{"d":"27.08.2016","r":26850.0,"q":8.72,"p":1040.0,"s":[{"ui":"3205358","t":32500.0,"r":26850.0,"q":8.72,"p":1040.0,"mot":"U","mo":26850.0},{"cn":"","ui":"","t":0.0,"r":0.0,"q":0.0,"p":0.0,"mot":"L","mo":0.0}]},{"d":"28.08.2016","r":31400.0,"q":8.72,"p":1040.0,"s":[{"ui":"3205358","t":37050.0,"r":31400.0,"q":8.72,"p":1040.0,"mot":"U","mo":31400.0},{"cn":"","ui":"","t":0.0,"r":0.0,"q":0.0,"p":0.0,"mot":"L","mo":0.0}]},{"d":"29.08.2016","r":35950.0,"q":8.72,"p":1040.0,"s":[{"ui":"3205358","t":41600.0,"r":35950.0,"q":8.72,"p":1040.0,"mot":"U","mo":35950.0},{"cn":"","ui":"","t":0.0,"r":0.0,"q":0.0,"p":0.0,"mot":"L","mo":0.0}]},{"d":"30.08.2016","r":40500.0,"q":8.72,"p":1040.0,"s":[{"ui":"3205358","t":46150.0,"r":40500.0,"q":8.72,"p":1040.0,"mot":"U","mo":40500.0},{"cn":"","ui":"","t":0.0,"r":0.0,"q":0.0,"p":0.0,"mot":"L","mo":0.0}]},{"d":"31.08.2016","r":50050.0,"q":8.73,"p":1040.0,"s":[{"ui":"3205358","t":50700.0,"r":50050.0,"q":8.73,"p":1040.0,"mot":"U","mo":50050.0},{"cn":"","ui":"","t":0.0,"r":0.0,"q":0.0,"p":0.0,"mot":"L","mo":0.0}]},{"d":"01.09.2016","r":54600.0,"q":8.73,"p":1040.0,"s":[{"ui":"3205358","t":55250.0,"r":54600.0,"q":8.73,"p":1040.0,"mot":"U","mo":54600.0},{"cn":"","ui":"","t":0.0,"r":0.0,"q":0.0,"p":0.0,"mot":"L","mo":0.0}]},{"d":"02.09.2016","r":59150.0,"q":8.73,"p":1040.0,"s":[{"ui":"3205358","t":59800.0,"r":59150.0,"q":8.73,"p":1040.0,"mot":"U","mo":59150.0},{"cn":"","ui":"","t":0.0,"r":0.0,"q":0.0,"p":0.0,"mot":"L","mo":0.0}]},{"d":"03.09.2016","r":63700.0,"q":8.73,"p":1040.0,"s":[{"ui":"3205358","t":64350.0,"r":63700.0,"q":8.73,"p":1040.0,"mot":"U","mo":63700.0},{"cn":"","ui":"","t":0.0,"r":0.0,"q":0.0,"p":0.0,"mot":"L","mo":0.0}]},{"d":"04.09.2016","r":68250.0,"q":8.73,"p":1040.0,"s":[{"ui":"3205358","t":68900.0,"r":68250.0,"q":8.73,"p":1040.0,"mot":"U","mo":68250.0},{"cn":"","ui":"","t":0.0,"r":0.0,"q":0.0,"p":0.0,"mot":"L","mo":0.0}]},{"d":"05.09.2016","r":72800.0,"q":8.73,"p":1040.0,"s":[{"ui":"3205358","t":73450.0,"r":72800.0,"q":8.73,"p":1040.0,"mot":"U","mo":72800.0},{"cn":"","ui":"","t":0.0,"r":0.0,"q":0.0,"p":0.0,"mot":"L","mo":0.0}]},{"d":"06.09.2016","r":77350.0,"q":8.74,"p":1040.0,"s":[{"ui":"3205358","t":78000.0,"r":77350.0,"q":8.74,"p":1040.0,"mot":"U","mo":77350.0},{"cn":"","ui":"","t":0.0,"r":0.0,"q":0.0,"p":0.0,"mot":"L","mo":0.0}]},{"d":"07.09.2016","r":81900.0,"q":8.74,"p":1040.0,"s":[{"ui":"3205358","t":82550.0,"r":81900.0,"q":8.74,"p":1040.0,"mot":"U","mo":81900.0},{"cn":"","ui":"","t":0.0,"r":0.0,"q":0.0,"p":0.0,"mot":"L","mo":0.0}]},{"d":"08.09.2016","r":86450.0,"q":8.74,"p":1040.0,"s":[{"ui":"3205358","t":87100.0,"r":86450.0,"q":8.74,"p":1040.0,"mot":"U","mo":86450.0},{"cn":"","ui":"","t":0.0,"r":0.0,"q":0.0,"p":0.0,"mot":"L","mo":0.0}]},{"d":"09.09.2016","r":91000.0,"q":8.75,"p":1040.0,"s":[{"ui":"3205358","t":91650.0,"r":91000.0,"q":8.75,"p":1040.0,"mot":"U","mo":91000.0},{"cn":"","ui":"","t":0.0,"r":0.0,"q":0.0,"p":0.0,"mot":"L","mo":0.0}]},{"d":"10.09.2016","r":95517.0,"q":8.76,"p":1040.0,"s":[{"ui":"3205358","t":96182.0,"r":95517.0,"q":8.76,"p":1040.0,"mot":"U","mo":95517.0},{"cn":"","ui":"","t":0.0,"r":0.0,"q":0.0,"p":0.0,"mot":"L","mo":0.0}]},{"d":"11.09.2016","r":99967.0,"q":8.77,"p":1040.0,"s":[{"ui":"3205358","t":100717.0,"r":99967.0,"q":8.77,"p":1040.0,"mot":"U","mo":99967.0},{"cn":"","ui":"","t":0.0,"r":0.0,"q":0.0,"p":0.0,"mot":"L","mo":0.0}]},{"d":"12.09.2016","r":104417.0,"q":8.78,"p":1040.0,"s":[{"ui":"3205358","t":105167.0,"r":104417.0,"q":8.78,"p":1040.0,"mot":"U","mo":104417.0},{"cn":"","ui":"","t":0.0,"r":0.0,"q":0.0,"p":0.0,"mot":"L","mo":0.0}]},{"d":"13.09.2016","r":108867.0,"q":8.79,"p":1040.0,"s":[{"ui":"3205358","t":109617.0,"r":108867.0,"q":8.79,"p":1040.0,"mot":"U","mo":108867.0},{"cn":"","ui":"","t":0.0,"r":0.0,"q":0.0,"p":0.0,"mot":"L","mo":0.0}]},{"d":"14.09.2016","r":113317.0,"q":8.8,"p":1040.0,"s":[{"ui":"3205358","t":114067.0,"r":113317.0,"q":8.8,"p":1040.0,"mot":"U","mo":113317.0},{"cn":"","ui":"","t":0.0,"r":0.0,"q":0.0,"p":0.0,"mot":"L","mo":0.0}]},{"d":"15.09.2016","r":116931.0,"q":8.81,"p":1040.0,"s":[{"ui":"3205358","t":118583.0,"r":116931.0,"q":8.81,"p":1040.0,"mot":"U","mo":116931.0},{"cn":"","ui":"","t":0.0,"r":0.0,"q":0.0,"p":0.0,"mot":"L","mo":0.0}]},{"d":"16.09.2016","r":120475.0,"q":8.83,"p":1040.0,"s":[{"ui":"3205358","t":122129.0,"r":120475.0,"q":8.83,"p":1040.0,"mot":"U","mo":120475.0},{"cn":"","ui":"","t":0.0,"r":0.0,"q":0.0,"p":0.0,"mot":"L","mo":0.0}]},{"d":"17.09.2016","r":124021.0,"q":8.84,"p":1030.0,"s":[{"ui":"3205358","t":125675.0,"r":124021.0,"q":8.84,"p":1030.0,"mot":"U","mo":124021.0},{"cn":"","ui":"","t":0.0,"r":0.0,"q":0.0,"p":0.0,"mot":"L","mo":0.0}]},{"d":"18.09.2016","r":127531.0,"q":8.85,"p":1030.0,"s":[{"ui":"3205358","t":129203.0,"r":127531.0,"q":8.85,"p":1030.0,"mot":"U","mo":127531.0},{"cn":"","ui":"","t":0.0,"r":0.0,"q":0.0,"p":0.0,"mot":"L","mo":0.0}]},{"d":"19.09.2016","r":131029.0,"q":8.87,"p":1030.0,"s":[{"ui":"3205358","t":132701.0,"r":131029.0,"q":8.87,"p":1030.0,"mot":"U","mo":131029.0},{"cn":"","ui":"","t":0.0,"r":0.0,"q":0.0,"p":0.0,"mot":"L","mo":0.0}]},{"d":"20.09.2016","r":134342.0,"q":8.88,"p":1030.0,"s":[{"ui":"3205358","t":136144.0,"r":134342.0,"q":8.88,"p":1030.0,"mot":"U","mo":134342.0},{"cn":"","ui":"","t":0.0,"r":0.0,"q":0.0,"p":0.0,"mot":"L","mo":0.0}]},{"d":"21.09.2016","r":136740.0,"q":8.9,"p":1030.0,"s":[{"ui":"3205358","t":139042.0,"r":136740.0,"q":8.9,"p":1030.0,"mot":"U","mo":136740.0},{"cn":"","ui":"","t":0.0,"r":0.0,"q":0.0,"p":0.0,"mot":"L","mo":0.0}]},{"d":"23.09.2016","r":141782.0,"q":8.93,"p":1030.0,"s":[{"ui":"3205358","t":144402.0,"r":141782.0,"q":8.93,"p":1030.0,"mot":"U","mo":141782.0},{"cn":"","ui":"","t":0.0,"r":0.0,"q":0.0,"p":0.0,"mot":"L","mo":0.0}]},{"d":"24.09.2016","r":143362.0,"q":8.95,"p":1030.0,"s":[{"ui":"3205358","t":146482.0,"r":143362.0,"q":8.95,"p":1030.0,"mot":"U","mo":143362.0},{"cn":"","ui":"","t":0.0,"r":0.0,"q":0.0,"p":0.0,"mot":"L","mo":0.0}]},{"d":"25.09.2016","r":145302.0,"q":8.96,"p":1030.0,"s":[{"ui":"3205358","t":148502.0,"r":145302.0,"q":8.96,"p":1030.0,"mot":"U","mo":145302.0},{"cn":"","ui":"","t":0.0,"r":0.0,"q":0.0,"p":0.0,"mot":"L","mo":0.0}]},{"d":"26.09.2016","r":147302.0,"q":8.98,"p":1030.0,"s":[{"ui":"3205358","t":150502.0,"r":147302.0,"q":8.98,"p":1030.0,"mot":"U","mo":147302.0},{"cn":"","ui":"","t":0.0,"r":0.0,"q":0.0,"p":0.0,"mot":"L","mo":0.0}]},{"d":"27.09.2016","r":151182.0,"q":9.0,"p":1030.0,"s":[{"ui":"3205358","t":153442.0,"r":151182.0,"q":9.0,"p":1030.0,"mot":"U","mo":151182.0},{"cn":"","ui":"","t":0.0,"r":0.0,"q":0.0,"p":0.0,"mot":"L","mo":0.0}]},{"d":"28.09.2016","r":153362.0,"q":9.01,"p":1030.0,"s":[{"ui":"3205358","t":156202.0,"r":153362.0,"q":9.01,"p":1030.0,"mot":"U","mo":153362.0},{"cn":"","ui":"","t":0.0,"r":0.0,"q":0.0,"p":0.0,"mot":"L","mo":0.0}]},{"d":"29.09.2016","r":154722.0,"q":9.03,"p":1030.0,"s":[{"ui":"3205358","t":158062.0,"r":154722.0,"q":9.03,"p":1030.0,"mot":"U","mo":154722.0},{"cn":"","ui":"","t":0.0,"r":0.0,"q":0.0,"p":0.0,"mot":"L","mo":0.0}]},{"d":"30.09.2016","r":156582.0,"q":9.05,"p":1030.0,"s":[{"ui":"3205358","t":159922.0,"r":156582.0,"q":9.05,"p":1030.0,"mot":"U","mo":156582.0},{"cn":"","ui":"","t":0.0,"r":0.0,"q":0.0,"p":0.0,"mot":"L","mo":0.0}]},{"d":"01.10.2016","r":154641.0,"q":9.06,"p":1030.0,"s":[{"ui":"3205358","t":159882.0,"r":154641.0,"q":9.06,"p":1030.0,"mot":"U","mo":154641.0},{"cn":"","ui":"","t":0.0,"r":0.0,"q":0.0,"p":0.0,"mot":"L","mo":0.0}]},{"d":"02.10.2016","r":154559.0,"q":9.08,"p":1030.0,"s":[{"ui":"3205358","t":159821.0,"r":154559.0,"q":9.08,"p":1030.0,"mot":"U","mo":154559.0},{"cn":"","ui":"","t":0.0,"r":0.0,"q":0.0,"p":0.0,"mot":"L","mo":0.0}]},{"d":"03.10.2016","r":154495.0,"q":9.1,"p":1030.0,"s":[{"ui":"3205358","t":159758.0,"r":154495.0,"q":9.1,"p":1030.0,"mot":"U","mo":154495.0},{"cn":"","ui":"","t":0.0,"r":0.0,"q":0.0,"p":0.0,"mot":"L","mo":0.0}]},{"d":"04.10.2016","r":145908.0,"q":9.12,"p":1030.0,"s":[{"ui":"3205358","t":155433.0,"r":145908.0,"q":9.12,"p":1030.0,"mot":"U","mo":145908.0},{"cn":"","ui":"","t":0.0,"r":0.0,"q":0.0,"p":0.0,"mot":"L","mo":0.0}]},{"d":"05.10.2016","r":134572.0,"q":9.14,"p":1030.0,"s":[{"ui":"3205358","t":149254.0,"r":134572.0,"q":9.14,"p":1030.0,"mot":"U","mo":134572.0},{"cn":"","ui":"","t":0.0,"r":0.0,"q":0.0,"p":0.0,"mot":"L","mo":0.0}]},{"d":"07.10.2016","r":78426.0,"q":9.19,"p":1030.0,"s":[{"ui":"3205358","t":108902.0,"r":78426.0,"q":9.19,"p":1030.0,"mot":"U","mo":78426.0},{"cn":"","ui":"","t":0.0,"r":0.0,"q":0.0,"p":0.0,"mot":"L","mo":0.0}]},{"d":"08.10.2016","r":43522.0,"q":9.22,"p":1030.0,"s":[{"ui":"3205358","t":83377.0,"r":43522.0,"q":9.22,"p":1030.0,"mot":"U","mo":43522.0},{"cn":"","ui":"","t":0.0,"r":0.0,"q":0.0,"p":0.0,"mot":"L","mo":0.0}]},{"d":"09.10.2016","r":8607.0,"q":9.28,"p":1030.0,"s":[{"ui":"3205358","t":48592.0,"r":8607.0,"q":9.28,"p":1030.0,"mot":"U","mo":8607.0},{"cn":"","ui":"","t":0.0,"r":0.0,"q":0.0,"p":0.0,"mot":"L","mo":0.0}]},{"d":"14.12.2016","r":9100.0,"q":10.48,"p":1030.0,"s":[{"ui":"3205358","t":9750.0,"r":9100.0,"q":10.48,"p":1030.0,"mot":"U","mo":9100.0},{"cn":"","ui":"","t":0.0,"r":0.0,"q":0.0,"p":0.0,"mot":"L","mo":0.0}]},{"d":"15.12.2016","r":13650.0,"q":10.48,"p":1030.0,"s":[{"ui":"3205358","t":14300.0,"r":13650.0,"q":10.48,"p":1030.0,"mot":"U","mo":13650.0},{"cn":"","ui":"","t":0.0,"r":0.0,"q":0.0,"p":0.0,"mot":"L","mo":0.0}]},{"d":"16.12.2016","r":18200.0,"q":10.48,"p":1030.0,"s":[{"ui":"3205358","t":18850.0,"r":18200.0,"q":10.48,"p":1030.0,"mot":"U","mo":18200.0},{"cn":"","ui":"","t":0.0,"r":0.0,"q":0.0,"p":0.0,"mot":"L","mo":0.0}]},{"d":"17.12.2016","r":22750.0,"q":10.48,"p":1030.0,"s":[{"ui":"3205358","t":23400.0,"r":22750.0,"q":10.48,"p":1030.0,"mot":"U","mo":22750.0},{"cn":"","ui":"","t":0.0,"r":0.0,"q":0.0,"p":0.0,"mot":"L","mo":0.0}]},{"d":"18.12.2016","r":27300.0,"q":10.48,"p":1030.0,"s":[{"ui":"3205358","t":27950.0,"r":27300.0,"q":10.48,"p":1030.0,"mot":"U","mo":27300.0},{"cn":"","ui":"","t":0.0,"r":0.0,"q":0.0,"p":0.0,"mot":"L","mo":0.0}]},{"d":"19.12.2016","r":31850.0,"q":10.49,"p":1030.0,"s":[{"ui":"3205358","t":32500.0,"r":31850.0,"q":10.49,"p":1030.0,"mot":"U","mo":31850.0},{"cn":"","ui":"","t":0.0,"r":0.0,"q":0.0,"p":0.0,"mot":"L","mo":0.0}]},{"d":"20.12.2016","r":36400.0,"q":10.49,"p":1030.0,"s":[{"ui":"3205358","t":37050.0,"r":36400.0,"q":10.49,"p":1030.0,"mot":"U","mo":36400.0},{"cn":"","ui":"","t":0.0,"r":0.0,"q":0.0,"p":0.0,"mot":"L","mo":0.0}]},{"d":"21.12.2016","r":40950.0,"q":10.49,"p":1030.0,"s":[{"ui":"3205358","t":41600.0,"r":40950.0,"q":10.49,"p":1030.0,"mot":"U","mo":40950.0},{"cn":"","ui":"","t":0.0,"r":0.0,"q":0.0,"p":0.0,"mot":"L","mo":0.0}]},{"d":"22.12.2016","r":45500.0,"q":10.49,"p":1020.0,"s":[{"ui":"3205358","t":46150.0,"r":45500.0,"q":10.49,"p":1020.0,"mot":"U","mo":45500.0},{"cn":"","ui":"","t":0.0,"r":0.0,"q":0.0,"p":0.0,"mot":"L","mo":0.0}]},{"d":"23.12.2016","r":50050.0,"q":10.5,"p":1020.0,"s":[{"ui":"3205358","t":50700.0,"r":50050.0,"q":10.5,"p":1020.0,"mot":"U","mo":50050.0},{"cn":"","ui":"","t":0.0,"r":0.0,"q":0.0,"p":0.0,"mot":"L","mo":0.0}]},{"d":"24.12.2016","r":54600.0,"q":10.5,"p":1020.0,"s":[{"ui":"3205358","t":55250.0,"r":54600.0,"q":10.5,"p":1020.0,"mot":"U","mo":54600.0},{"cn":"","ui":"","t":0.0,"r":0.0,"q":0.0,"p":0.0,"mot":"L","mo":0.0}]},{"d":"25.12.2016","r":59150.0,"q":10.5,"p":1020.0,"s":[{"ui":"3205358","t":59800.0,"r":59150.0,"q":10.5,"p":1020.0,"mot":"U","mo":59150.0},{"cn":"","ui":"","t":0.0,"r":0.0,"q":0.0,"p":0.0,"mot":"L","mo":0.0}]},{"d":"26.12.2016","r":63700.0,"q":10.51,"p":1020.0,"s":[{"ui":"3205358","t":64350.0,"r":63700.0,"q":10.51,"p":1020.0,"mot":"U","mo":63700.0},{"cn":"","ui":"","t":0.0,"r":0.0,"q":0.0,"p":0.0,"mot":"L","mo":0.0}]},{"d":"27.12.2016","r":67750.0,"q":10.51,"p":1020.0,"s":[{"ui":"3205358","t":68650.0,"r":67750.0,"q":10.51,"p":1020.0,"mot":"U","mo":67750.0},{"cn":"","ui":"","t":0.0,"r":0.0,"q":0.0,"p":0.0,"mot":"L","mo":0.0}]},{"d":"28.12.2016","r":72050.0,"q":10.51,"p":1020.0,"s":[{"ui":"3205358","t":72950.0,"r":72050.0,"q":10.51,"p":1020.0,"mot":"U","mo":72050.0},{"cn":"","ui":"","t":0.0,"r":0.0,"q":0.0,"p":0.0,"mot":"L","mo":0.0}]},{"d":"29.12.2016","r":76850.0,"q":10.52,"p":1020.0,"s":[{"ui":"3205358","t":77500.0,"r":76850.0,"q":10.52,"p":1020.0,"mot":"U","mo":76850.0},{"cn":"","ui":"","t":0.0,"r":0.0,"q":0.0,"p":0.0,"mot":"L","mo":0.0}]},{"d":"30.12.2016","r":81400.0,"q":10.52,"p":1020.0,"s":[{"ui":"3205358","t":82050.0,"r":81400.0,"q":10.52,"p":1020.0,"mot":"U","mo":81400.0},{"cn":"","ui":"","t":0.0,"r":0.0,"q":0.0,"p":0.0,"mot":"L","mo":0.0}]},{"d":"31.12.2016","r":85950.0,"q":10.53,"p":1020.0,"s":[{"ui":"3205358","t":86600.0,"r":85950.0,"q":10.53,"p":1020.0,"mot":"U","mo":85950.0},{"cn":"","ui":"","t":0.0,"r":0.0,"q":0.0,"p":0.0,"mot":"L","mo":0.0}]},{"d":"01.01.2017","r":90500.0,"q":10.53,"p":1020.0,"s":[{"ui":"3205358","t":91150.0,"r":90500.0,"q":10.53,"p":1020.0,"mot":"U","mo":90500.0},{"cn":"","ui":"","t":0.0,"r":0.0,"q":0.0,"p":0.0,"mot":"L","mo":0.0}]},{"d":"02.01.2017","r":95050.0,"q":10.54,"p":1020.0,"s":[{"ui":"3205358","t":95700.0,"r":95050.0,"q":10.54,"p":1020.0,"mot":"U","mo":95050.0},{"cn":"","ui":"","t":0.0,"r":0.0,"q":0.0,"p":0.0,"mot":"L","mo":0.0}]},{"d":"03.01.2017","r":99600.0,"q":10.54,"p":1020.0,"s":[{"ui":"3205358","t":100250.0,"r":99600.0,"q":10.54,"p":1020.0,"mot":"U","mo":99600.0},{"cn":"","ui":"","t":0.0,"r":0.0,"q":0.0,"p":0.0,"mot":"L","mo":0.0}]},{"d":"04.01.2017","r":104150.0,"q":10.55,"p":1020.0,"s":[{"ui":"3205358","t":104800.0,"r":104150.0,"q":10.55,"p":1020.0,"mot":"U","mo":104150.0},{"cn":"","ui":"","t":0.0,"r":0.0,"q":0.0,"p":0.0,"mot":"L","mo":0.0}]},{"d":"05.01.2017","r":108700.0,"q":10.55,"p":1020.0,"s":[{"ui":"3205358","t":109350.0,"r":108700.0,"q":10.55,"p":1020.0,"mot":"U","mo":108700.0},{"cn":"","ui":"","t":0.0,"r":0.0,"q":0.0,"p":0.0,"mot":"L","mo":0.0}]},{"d":"06.01.2017","r":113250.0,"q":10.56,"p":1020.0,"s":[{"ui":"3205358","t":113900.0,"r":113250.0,"q":10.56,"p":1020.0,"mot":"U","mo":113250.0},{"cn":"","ui":"","t":0.0,"r":0.0,"q":0.0,"p":0.0,"mot":"L","mo":0.0}]},{"d":"07.01.2017","r":117800.0,"q":10.57,"p":1020.0,"s":[{"ui":"3205358","t":118450.0,"r":117800.0,"q":10.57,"p":1020.0,"mot":"U","mo":117800.0},{"cn":"","ui":"","t":0.0,"r":0.0,"q":0.0,"p":0.0,"mot":"L","mo":0.0}]},{"d":"08.01.2017","r":122350.0,"q":10.59,"p":1020.0,"s":[{"ui":"3205358","t":123000.0,"r":122350.0,"q":10.59,"p":1020.0,"mot":"U","mo":122350.0},{"cn":"","ui":"","t":0.0,"r":0.0,"q":0.0,"p":0.0,"mot":"L","mo":0.0}]},{"d":"09.01.2017","r":126900.0,"q":10.6,"p":1010.0,"s":[{"ui":"3205358","t":127550.0,"r":126900.0,"q":10.6,"p":1010.0,"mot":"U","mo":126900.0},{"cn":"","ui":"","t":0.0,"r":0.0,"q":0.0,"p":0.0,"mot":"L","mo":0.0}]},{"d":"10.01.2017","r":131450.0,"q":10.61,"p":1010.0,"s":[{"ui":"3205358","t":132100.0,"r":131450.0,"q":10.61,"p":1010.0,"mot":"U","mo":131450.0},{"cn":"","ui":"","t":0.0,"r":0.0,"q":0.0,"p":0.0,"mot":"L","mo":0.0}]},{"d":"11.01.2017","r":136000.0,"q":10.63,"p":1010.0,"s":[{"ui":"3205358","t":136650.0,"r":136000.0,"q":10.63,"p":1010.0,"mot":"U","mo":136000.0},{"cn":"","ui":"","t":0.0,"r":0.0,"q":0.0,"p":0.0,"mot":"L","mo":0.0}]},{"d":"12.01.2017","r":140550.0,"q":10.64,"p":1010.0,"s":[{"ui":"3205358","t":141200.0,"r":140550.0,"q":10.64,"p":1010.0,"mot":"U","mo":140550.0},{"cn":"","ui":"","t":0.0,"r":0.0,"q":0.0,"p":0.0,"mot":"L","mo":0.0}]},{"d":"13.01.2017","r":145100.0,"q":10.66,"p":1010.0,"s":[{"ui":"3205358","t":145750.0,"r":145100.0,"q":10.66,"p":1010.0,"mot":"U","mo":145100.0},{"cn":"","ui":"","t":0.0,"r":0.0,"q":0.0,"p":0.0,"mot":"L","mo":0.0}]},{"d":"14.01.2017","r":149650.0,"q":10.67,"p":1010.0,"s":[{"ui":"3205358","t":150300.0,"r":149650.0,"q":10.67,"p":1010.0,"mot":"U","mo":149650.0},{"cn":"","ui":"","t":0.0,"r":0.0,"q":0.0,"p":0.0,"mot":"L","mo":0.0}]},{"d":"15.01.2017","r":154200.0,"q":10.69,"p":1010.0,"s":[{"ui":"3205358","t":154850.0,"r":154200.0,"q":10.69,"p":1010.0,"mot":"U","mo":154200.0},{"cn":"","ui":"","t":0.0,"r":0.0,"q":0.0,"p":0.0,"mot":"L","mo":0.0}]},{"d":"16.01.2017","r":158750.0,"q":10.71,"p":1010.0,"s":[{"ui":"3205358","t":159400.0,"r":158750.0,"q":10.71,"p":1010.0,"mot":"U","mo":158750.0},{"cn":"","ui":"","t":0.0,"r":0.0,"q":0.0,"p":0.0,"mot":"L","mo":0.0}]},{"d":"17.01.2017","r":163300.0,"q":10.73,"p":1010.0,"s":[{"ui":"3205358","t":163950.0,"r":163300.0,"q":10.73,"p":1010.0,"mot":"U","mo":163300.0},{"cn":"","ui":"","t":0.0,"r":0.0,"q":0.0,"p":0.0,"mot":"L","mo":0.0}]},{"d":"18.01.2017","r":167850.0,"q":10.74,"p":1010.0,"s":[{"ui":"3205358","t":168500.0,"r":167850.0,"q":10.74,"p":1010.0,"mot":"U","mo":167850.0},{"cn":"","ui":"","t":0.0,"r":0.0,"q":0.0,"p":0.0,"mot":"L","mo":0.0}]},{"d":"19.01.2017","r":172400.0,"q":10.76,"p":1010.0,"s":[{"ui":"3205358","t":173050.0,"r":172400.0,"q":10.76,"p":1010.0,"mot":"U","mo":172400.0},{"cn":"","ui":"","t":0.0,"r":0.0,"q":0.0,"p":0.0,"mot":"L","mo":0.0}]},{"d":"20.01.2017","r":176950.0,"q":10.78,"p":1010.0,"s":[{"ui":"3205358","t":177600.0,"r":176950.0,"q":10.78,"p":1010.0,"mot":"U","mo":176950.0},{"cn":"","ui":"","t":0.0,"r":0.0,"q":0.0,"p":0.0,"mot":"L","mo":0.0}]},{"d":"21.01.2017","r":181500.0,"q":10.79,"p":1010.0,"s":[{"ui":"3205358","t":182150.0,"r":181500.0,"q":10.79,"p":1010.0,"mot":"U","mo":181500.0},{"cn":"","ui":"","t":0.0,"r":0.0,"q":0.0,"p":0.0,"mot":"L","mo":0.0}]},{"d":"22.01.2017","r":186050.0,"q":10.81,"p":1010.0,"s":[{"ui":"3205358","t":186700.0,"r":186050.0,"q":10.81,"p":1010.0,"mot":"U","mo":186050.0},{"cn":"","ui":"","t":0.0,"r":0.0,"q":0.0,"p":0.0,"mot":"L","mo":0.0}]},{"d":"23.01.2017","r":190600.0,"q":10.83,"p":1010.0,"s":[{"ui":"3205358","t":191250.0,"r":190600.0,"q":10.83,"p":1010.0,"mot":"U","mo":190600.0},{"cn":"","ui":"","t":0.0,"r":0.0,"q":0.0,"p":0.0,"mot":"L","mo":0.0}]},{"d":"24.01.2017","r":196150.0,"q":10.8,"p":1004.97,"s":[{"ui":"3205358","t":195800.0,"r":195150.0,"q":10.85,"p":1010.0,"mot":"U","mo":195150.0},{"cn":"","ui":"","t":1000.0,"r":1000.0,"q":1.02,"p":24.0,"mot":"L","mo":1000.0}]},{"d":"25.01.2017","r":201700.0,"q":10.76,"p":1000.22,"s":[{"ui":"3205358","t":200350.0,"r":199700.0,"q":10.86,"p":1010.0,"mot":"U","mo":199700.0},{"cn":"","ui":"","t":2000.0,"r":2000.0,"q":1.02,"p":24.0,"mot":"L","mo":2000.0}]},{"d":"26.01.2017","r":207230.0,"q":10.74,"p":995.82,"s":[{"ui":"3205358","t":204900.0,"r":204250.0,"q":10.88,"p":1010.0,"mot":"U","mo":204250.0},{"cn":"","ui":"","t":2990.0,"r":2980.0,"q":1.02,"p":24.0,"mot":"L","mo":2980.0}]},{"d":"27.01.2017","r":212770.0,"q":10.72,"p":991.6,"s":[{"ui":"3205358","t":209450.0,"r":208800.0,"q":10.9,"p":1010.0,"mot":"U","mo":208800.0},{"cn":"","ui":"","t":3980.0,"r":3970.0,"q":1.02,"p":24.0,"mot":"L","mo":3970.0}]},{"d":"28.01.2017","r":218290.0,"q":10.69,"p":987.64,"s":[{"ui":"3205358","t":213995.0,"r":213340.0,"q":10.91,"p":1010.0,"mot":"U","mo":213340.0},{"cn":"","ui":"","t":4965.0,"r":4950.0,"q":1.02,"p":24.0,"mot":"L","mo":4950.0}]},{"d":"29.01.2017","r":222625.0,"q":10.72,"p":989.03,"s":[{"ui":"3205358","t":218540.0,"r":217890.0,"q":10.93,"p":1010.0,"mot":"U","mo":217890.0},{"cn":"","ui":"","t":4850.0,"r":4735.0,"q":1.02,"p":24.0,"mot":"L","mo":4735.0}]},{"d":"30.01.2017","r":227250.0,"q":10.74,"p":989.13,"s":[{"ui":"3205358","t":223090.0,"r":222440.0,"q":10.95,"p":1010.0,"mot":"U","mo":222440.0},{"cn":"","ui":"","t":4830.0,"r":4810.0,"q":1.02,"p":24.0,"mot":"L","mo":4810.0}]},{"d":"31.01.2017","r":231775.0,"q":10.76,"p":979.85,"s":[{"ui":"3205358","t":227640.0,"r":226990.0,"q":10.97,"p":1000.0,"mot":"U","mo":226990.0},{"cn":"","ui":"","t":4810.0,"r":4785.0,"q":1.02,"p":24.0,"mot":"L","mo":4785.0}]},{"d":"01.02.2017","r":236300.0,"q":10.78,"p":980.34,"s":[{"ui":"3205358","t":232190.0,"r":231540.0,"q":10.98,"p":1000.0,"mot":"U","mo":231540.0},{"cn":"","ui":"","t":4785.0,"r":4760.0,"q":1.02,"p":24.0,"mot":"L","mo":4760.0}]},{"d":"02.02.2017","r":240825.0,"q":10.8,"p":980.81,"s":[{"ui":"3205358","t":236740.0,"r":236090.0,"q":11.0,"p":1000.0,"mot":"U","mo":236090.0},{"cn":"","ui":"","t":4760.0,"r":4735.0,"q":1.02,"p":24.0,"mot":"L","mo":4735.0}]},{"d":"03.02.2017","r":245340.0,"q":10.82,"p":981.3,"s":[{"ui":"3205358","t":241290.0,"r":240640.0,"q":11.01,"p":1000.0,"mot":"U","mo":240640.0},{"cn":"","ui":"","t":4730.0,"r":4700.0,"q":1.02,"p":24.0,"mot":"L","mo":4700.0}]},{"d":"04.02.2017","r":249860.0,"q":10.84,"p":981.76,"s":[{"ui":"3205358","t":245840.0,"r":245190.0,"q":11.03,"p":1000.0,"mot":"U","mo":245190.0},{"cn":"","ui":"","t":4700.0,"r":4670.0,"q":1.02,"p":24.0,"mot":"L","mo":4670.0}]},{"d":"05.02.2017","r":254370.0,"q":10.87,"p":982.24,"s":[{"ui":"3205358","t":250390.0,"r":249740.0,"q":11.05,"p":1000.0,"mot":"U","mo":249740.0},{"cn":"","ui":"","t":4665.0,"r":4630.0,"q":1.02,"p":24.0,"mot":"L","mo":4630.0}]},{"d":"06.02.2017","r":260285.0,"q":10.89,"p":982.77,"s":[{"ui":"3205358","t":256340.0,"r":255690.0,"q":11.07,"p":1000.0,"mot":"U","mo":255690.0},{"cn":"","ui":"","t":4630.0,"r":4595.0,"q":1.02,"p":24.0,"mot":"L","mo":4595.0}]},{"d":"07.02.2017","r":266195.0,"q":10.92,"p":983.3,"s":[{"ui":"3205358","t":262290.0,"r":261640.0,"q":11.09,"p":1000.0,"mot":"U","mo":261640.0},{"cn":"","ui":"","t":4595.0,"r":4555.0,"q":1.02,"p":24.0,"mot":"L","mo":4555.0}]},{"d":"08.02.2017","r":272105.0,"q":10.93,"p":983.81,"s":[{"ui":"3205358","t":268240.0,"r":267590.0,"q":11.1,"p":1000.0,"mot":"U","mo":267590.0},{"cn":"","ui":"","t":4555.0,"r":4515.0,"q":1.02,"p":24.0,"mot":"L","mo":4515.0}]},{"d":"09.02.2017","r":278015.0,"q":10.96,"p":984.29,"s":[{"ui":"3205358","t":274190.0,"r":273540.0,"q":11.12,"p":1000.0,"mot":"U","mo":273540.0},{"cn":"","ui":"","t":4515.0,"r":4475.0,"q":1.02,"p":24.0,"mot":"L","mo":4475.0}]},{"d":"10.02.2017","r":283905.0,"q":10.98,"p":984.82,"s":[{"ui":"3205358","t":280140.0,"r":279490.0,"q":11.14,"p":1000.0,"mot":"U","mo":279490.0},{"cn":"","ui":"","t":4465.0,"r":4415.0,"q":1.02,"p":24.0,"mot":"L","mo":4415.0}]},{"d":"11.02.2017","r":289830.0,"q":11.01,"p":985.22,"s":[{"ui":"3205358","t":286090.0,"r":285440.0,"q":11.16,"p":1000.0,"mot":"U","mo":285440.0},{"cn":"","ui":"","t":4440.0,"r":4390.0,"q":1.02,"p":24.0,"mot":"L","mo":4390.0}]},{"d":"12.02.2017","r":295755.0,"q":11.03,"p":985.6,"s":[{"ui":"3205358","t":292040.0,"r":291390.0,"q":11.18,"p":1000.0,"mot":"U","mo":291390.0},{"cn":"","ui":"","t":4415.0,"r":4365.0,"q":1.02,"p":24.0,"mot":"L","mo":4365.0}]},{"d":"13.02.2017","r":301680.0,"q":11.04,"p":985.96,"s":[{"ui":"3205358","t":297990.0,"r":297340.0,"q":11.19,"p":1000.0,"mot":"U","mo":297340.0},{"cn":"","ui":"","t":4390.0,"r":4340.0,"q":1.02,"p":24.0,"mot":"L","mo":4340.0}]},{"d":"14.02.2017","r":307615.0,"q":11.07,"p":986.28,"s":[{"ui":"3205358","t":303940.0,"r":303290.0,"q":11.21,"p":1000.0,"mot":"U","mo":303290.0},{"cn":"","ui":"","t":4375.0,"r":4325.0,"q":1.02,"p":24.0,"mot":"L","mo":4325.0}]},{"d":"15.02.2017","r":313550.0,"q":11.09,"p":986.58,"s":[{"ui":"3205358","t":309890.0,"r":309240.0,"q":11.23,"p":1000.0,"mot":"U","mo":309240.0},{"cn":"","ui":"","t":4360.0,"r":4310.0,"q":1.02,"p":24.0,"mot":"L","mo":4310.0}]},{"d":"16.02.2017","r":319285.0,"q":11.11,"p":987.48,"s":[{"ui":"3205358","t":315840.0,"r":315190.0,"q":11.24,"p":1000.0,"mot":"U","mo":315190.0},{"cn":"","ui":"","t":4245.0,"r":4095.0,"q":1.02,"p":24.0,"mot":"L","mo":4095.0}]},{"d":"17.02.2017","r":324320.0,"q":11.16,"p":980.53,"s":[{"ui":"3205358","t":321790.0,"r":321140.0,"q":11.26,"p":990.0,"mot":"U","mo":321140.0},{"cn":"","ui":"","t":3730.0,"r":3180.0,"q":1.02,"p":24.0,"mot":"L","mo":3180.0}]},{"d":"18.02.2017","r":328786.0,"q":11.22,"p":985.02,"s":[{"ui":"3205358","t":327740.0,"r":327090.0,"q":11.27,"p":990.0,"mot":"U","mo":327090.0},{"cn":"","ui":"","t":3146.0,"r":1696.0,"q":1.02,"p":24.0,"mot":"L","mo":1696.0}]},{"d":"19.02.2017","r":333321.0,"q":11.28,"p":989.19,"s":[{"ui":"3205358","t":333690.0,"r":333040.0,"q":11.29,"p":990.0,"mot":"U","mo":333040.0},{"cn":"","ui":"","t":1731.0,"r":281.0,"q":1.02,"p":24.0,"mot":"L","mo":281.0}]},{"d":"20.02.2017","r":338990.0,"q":11.3,"p":990.0,"s":[{"ui":"3205358","t":339640.0,"r":338990.0,"q":11.3,"p":990.0,"mot":"U","mo":338990.0},{"cn":"","ui":"","t":0.0,"r":0.0,"q":0.0,"p":0.0,"mot":"L","mo":0.0}]},{"d":"21.02.2017","r":347390.0,"q":11.25,"p":983.19,"s":[{"ui":"3205358","t":345590.0,"r":344940.0,"q":11.32,"p":990.0,"mot":"U","mo":344940.0},{"cn":"","ui":"","t":3500.0,"r":2450.0,"q":1.02,"p":24.0,"mot":"L","mo":2450.0}]},{"d":"22.02.2017","r":352990.0,"q":11.27,"p":984.25,"s":[{"ui":"3205358","t":351540.0,"r":350890.0,"q":11.33,"p":990.0,"mot":"U","mo":350890.0},{"cn":"","ui":"","t":3050.0,"r":2100.0,"q":1.02,"p":24.0,"mot":"L","mo":2100.0}]},{"d":"23.02.2017","r":358490.0,"q":11.3,"p":985.55,"s":[{"ui":"3205358","t":357490.0,"r":356840.0,"q":11.35,"p":990.0,"mot":"U","mo":356840.0},{"cn":"","ui":"","t":2600.0,"r":1650.0,"q":1.02,"p":24.0,"mot":"L","mo":1650.0}]},{"d":"24.02.2017","r":363990.0,"q":11.33,"p":986.82,"s":[{"ui":"3205358","t":363440.0,"r":362790.0,"q":11.36,"p":990.0,"mot":"U","mo":362790.0},{"cn":"","ui":"","t":2150.0,"r":1200.0,"q":1.02,"p":24.0,"mot":"L","mo":1200.0}]},{"d":"25.02.2017","r":369490.0,"q":11.36,"p":988.04,"s":[{"ui":"3205358","t":369390.0,"r":368740.0,"q":11.38,"p":990.0,"mot":"U","mo":368740.0},{"cn":"","ui":"","t":1700.0,"r":750.0,"q":1.02,"p":24.0,"mot":"L","mo":750.0}]},{"d":"26.02.2017","r":374690.0,"q":11.39,"p":990.0,"s":[{"ui":"3205358","t":375340.0,"r":374690.0,"q":11.39,"p":990.0,"mot":"U","mo":374690.0},{"cn":"","ui":"","t":0.0,"r":0.0,"q":0.0,"p":0.0,"mot":"L","mo":0.0}]},{"d":"27.02.2017","r":380640.0,"q":11.4,"p":990.0,"s":[{"ui":"3205358","t":381290.0,"r":380640.0,"q":11.4,"p":990.0,"mot":"U","mo":380640.0},{"cn":"","ui":"","t":0.0,"r":0.0,"q":0.0,"p":0.0,"mot":"L","mo":0.0}]},{"d":"28.02.2017","r":386590.0,"q":11.42,"p":990.0,"s":[{"ui":"3205358","t":387240.0,"r":386590.0,"q":11.42,"p":990.0,"mot":"U","mo":386590.0},{"cn":"","ui":"","t":0.0,"r":0.0,"q":0.0,"p":0.0,"mot":"L","mo":0.0}]},{"d":"01.03.2017","r":392540.0,"q":11.43,"p":990.0,"s":[{"ui":"3205358","t":393190.0,"r":392540.0,"q":11.43,"p":990.0,"mot":"U","mo":392540.0},{"cn":"","ui":"","t":0.0,"r":0.0,"q":0.0,"p":0.0,"mot":"L","mo":0.0}]},{"d":"02.03.2017","r":398470.0,"q":11.44,"p":990.0,"s":[{"ui":"3205358","t":399130.0,"r":398470.0,"q":11.44,"p":990.0,"mot":"U","mo":398470.0},{"cn":"","ui":"","t":0.0,"r":0.0,"q":0.0,"p":0.0,"mot":"L","mo":0.0}]},{"d":"03.03.2017","r":404410.0,"q":11.45,"p":990.0,"s":[{"cn":"Ackermann Industries International","ui":"3205358","t":405070.0,"r":404410.0,"q":11.45,"p":990.0,"mot":"U","mo":404410.0},{"cn":"","ui":"","t":0.0,"r":0.0,"q":0.0,"p":0.0,"mot":"L","mo":0.0}]},{"d":"04.03.2017","r":410599.0,"q":11.46,"p":989.41,"s":[{"cn":"Ackermann Industries International","ui":"3205358","t":411009.0,"r":410349.0,"q":11.47,"p":990.0,"mot":"U","mo":410349.0},{"cn":"","ui":"","t":500.0,"r":250.0,"q":1.02,"p":24.0,"mot":"L","mo":250.0}]},{"d":"05.03.2017","r":416789.0,"q":11.47,"p":988.84,"s":[{"cn":"Ackermann Industries International","ui":"3205358","t":416949.0,"r":416289.0,"q":11.48,"p":990.0,"mot":"U","mo":416289.0},{"cn":"","ui":"","t":750.0,"r":500.0,"q":1.02,"p":24.0,"mot":"L","mo":500.0}]},{"d":"06.03.2017","r":422679.0,"q":11.48,"p":988.97,"s":[{"cn":"Ackermann Industries International","ui":"3205358","t":422889.0,"r":422229.0,"q":11.49,"p":990.0,"mot":"U","mo":422229.0},{"cn":"","ui":"","t":700.0,"r":450.0,"q":1.02,"p":24.0,"mot":"L","mo":450.0}]},{"d":"07.03.2017","r":428569.0,"q":11.49,"p":989.1,"s":[{"cn":"Ackermann Industries International","ui":"3205358","t":428829.0,"r":428169.0,"q":11.5,"p":990.0,"mot":"U","mo":428169.0},{"cn":"","ui":"","t":650.0,"r":400.0,"q":1.02,"p":24.0,"mot":"L","mo":400.0}]},{"d":"08.03.2017","r":434459.0,"q":11.5,"p":989.22,"s":[{"cn":"Ackermann Industries International","ui":"3205358","t":434769.0,"r":434109.0,"q":11.51,"p":990.0,"mot":"U","mo":434109.0},{"cn":"","ui":"","t":600.0,"r":350.0,"q":1.02,"p":24.0,"mot":"L","mo":350.0}]},{"d":"10.03.2017","r":445689.0,"q":11.53,"p":980.36,"s":[{"cn":"Ackermann Industries International","ui":"3205358","t":446349.0,"r":445389.0,"q":11.54,"p":981.0,"mot":"U","mo":445389.0},{"cn":"","ui":"","t":550.0,"r":300.0,"q":1.02,"p":24.0,"mot":"L","mo":300.0}]},{"d":"11.03.2017","r":451029.0,"q":11.55,"p":981.0,"s":[{"cn":"Ackermann Industries International","ui":"3205358","t":451989.0,"r":451029.0,"q":11.55,"p":981.0,"mot":"U","mo":451029.0},{"cn":"","ui":"","t":0.0,"r":0.0,"q":0.0,"p":0.0,"mot":"L","mo":0.0}]},{"d":"12.03.2017","r":656469.0,"q":8.35,"p":689.73,"s":[{"cn":"MAXWELL.inc","ui":"3620871","t":200000.0,"r":199800.0,"q":1.02,"p":24.0,"mot":"U","mo":199800.0},{"cn":"Ackermann Industries International","ui":"3205358","t":457629.0,"r":456669.0,"q":11.56,"p":981.0,"mot":"U","mo":456669.0},{"cn":"","ui":"","t":0.0,"r":0.0,"q":0.0,"p":0.0,"mot":"L","mo":0.0}]},{"d":"13.03.2017","r":793109.0,"q":7.17,"p":581.84,"s":[{"cn":"MAXWELL.inc","ui":"3620871","t":331000.0,"r":330800.0,"q":1.02,"p":24.0,"mot":"U","mo":330800.0},{"cn":"Ackermann Industries International","ui":"3205358","t":463269.0,"r":462309.0,"q":11.57,"p":981.0,"mot":"U","mo":462309.0},{"cn":"","ui":"","t":0.0,"r":0.0,"q":0.0,"p":0.0,"mot":"L","mo":0.0}]},{"d":"14.03.2017","r":806058.0,"q":7.15,"p":579.58,"s":[{"cn":"MAXWELL.inc","ui":"3620871","t":338309.0,"r":338109.0,"q":1.02,"p":24.0,"mot":"U","mo":338109.0},{"cn":"Ackermann Industries International","ui":"3205358","t":468909.0,"r":467949.0,"q":11.58,"p":981.0,"mot":"U","mo":467949.0},{"cn":"","ui":"","t":0.0,"r":0.0,"q":0.0,"p":0.0,"mot":"L","mo":0.0}]},{"d":"15.03.2017","r":819601.0,"q":7.14,"p":577.68,"s":[{"cn":"MAXWELL.inc","ui":"3620871","t":345668.0,"r":345418.0,"q":1.02,"p":24.0,"mot":"U","mo":345418.0},{"cn":"Ackermann Industries International","ui":"3205358","t":474846.0,"r":474183.0,"q":11.59,"p":981.0,"mot":"U","mo":474183.0},{"cn":"","ui":"","t":0.0,"r":0.0,"q":0.0,"p":0.0,"mot":"L","mo":0.0}]},{"d":"16.03.2017","r":485205.0,"q":11.46,"p":968.32,"s":[{"cn":"Ackermann Industries International","ui":"3205358","t":479736.0,"r":478776.0,"q":11.6,"p":981.0,"mot":"U","mo":478776.0},{"cn":"","ui":"","t":7559.0,"r":6429.0,"q":1.02,"p":24.0,"mot":"L","mo":6429.0}]},{"d":"17.03.2017","r":491345.0,"q":11.46,"p":967.5,"s":[{"cn":"Ackermann Industries International","ui":"3205358","t":485376.0,"r":484416.0,"q":11.61,"p":981.0,"mot":"U","mo":484416.0},{"cn":"","ui":"","t":8059.0,"r":6929.0,"q":1.02,"p":24.0,"mot":"L","mo":6929.0}]},{"d":"18.03.2017","r":850871.0,"q":7.08,"p":593.78,"s":[{"cn":"LIMITLESS","ui":"3740820","t":350967.0,"r":350967.0,"q":1.02,"p":80.0,"mot":"U","mo":350967.0},{"cn":"Ackermann Industries International","ui":"3205358","t":489016.0,"r":486056.0,"q":11.62,"p":981.0,"mot":"U","mo":486056.0},{"cn":"","ui":"","t":14978.0,"r":13848.0,"q":1.02,"p":24.0,"mot":"L","mo":13848.0}]},{"d":"20.03.2017","r":497485.0,"q":11.53,"p":971.09,"s":[{"cn":"Ackermann Industries International","ui":"3205358","t":495796.0,"r":492336.0,"q":11.64,"p":981.0,"mot":"U","mo":492336.0},{"cn":"","ui":"","t":6679.0,"r":5149.0,"q":1.02,"p":24.0,"mot":"L","mo":5149.0}]},{"d":"21.03.2017","r":497476.0,"q":11.65,"p":981.0,"s":[{"cn":"Ackermann Industries International","ui":"3205358","t":499936.0,"r":497476.0,"q":11.65,"p":981.0,"mot":"U","mo":497476.0},{"cn":"","ui":"","t":0.0,"r":0.0,"q":0.0,"p":0.0,"mot":"L","mo":0.0}]},{"d":"22.03.2017","r":498616.0,"q":11.66,"p":981.0,"s":[{"cn":"Ackermann Industries International","ui":"3205358","t":501076.0,"r":498616.0,"q":11.66,"p":981.0,"mot":"U","mo":498616.0},{"cn":"","ui":"","t":0.0,"r":0.0,"q":0.0,"p":0.0,"mot":"L","mo":0.0}]},{"d":"23.03.2017","r":498256.0,"q":11.67,"p":981.0,"s":[{"cn":"Ackermann Industries International","ui":"3205358","t":502716.0,"r":498256.0,"q":11.67,"p":981.0,"mot":"U","mo":498256.0},{"cn":"","ui":"","t":0.0,"r":0.0,"q":0.0,"p":0.0,"mot":"L","mo":0.0}]},{"d":"24.03.2017","r":500396.0,"q":11.68,"p":981.0,"s":[{"cn":"Ackermann Industries International","ui":"3205358","t":504856.0,"r":500396.0,"q":11.68,"p":981.0,"mot":"U","mo":500396.0},{"cn":"","ui":"","t":0.0,"r":0.0,"q":0.0,"p":0.0,"mot":"L","mo":0.0}]},{"d":"25.03.2017","r":502536.0,"q":11.69,"p":981.0,"s":[{"cn":"Ackermann Industries International","ui":"3205358","t":506996.0,"r":502536.0,"q":11.69,"p":981.0,"mot":"U","mo":502536.0},{"cn":"","ui":"","t":0.0,"r":0.0,"q":0.0,"p":0.0,"mot":"L","mo":0.0}]},{"d":"26.03.2017","r":499676.0,"q":11.7,"p":981.0,"s":[{"cn":"Ackermann Industries International","ui":"3205358","t":504136.0,"r":499676.0,"q":11.7,"p":981.0,"mot":"U","mo":499676.0},{"cn":"","ui":"","t":0.0,"r":0.0,"q":0.0,"p":0.0,"mot":"L","mo":0.0}]},{"d":"27.03.2017","r":501816.0,"q":11.71,"p":981.0,"s":[{"cn":"Ackermann Industries International","ui":"3205358","t":506276.0,"r":501816.0,"q":11.71,"p":981.0,"mot":"U","mo":501816.0},{"cn":"","ui":"","t":0.0,"r":0.0,"q":0.0,"p":0.0,"mot":"L","mo":0.0}]},{"d":"28.03.2017","r":488956.0,"q":11.72,"p":981.0,"s":[{"cn":"Ackermann Industries International","ui":"3205358","t":499416.0,"r":488956.0,"q":11.72,"p":981.0,"mot":"U","mo":488956.0},{"cn":"","ui":"","t":0.0,"r":0.0,"q":0.0,"p":0.0,"mot":"L","mo":0.0}]},{"d":"29.03.2017","r":485096.0,"q":11.72,"p":981.0,"s":[{"cn":"Ackermann Industries International","ui":"3205358","t":495556.0,"r":485096.0,"q":11.72,"p":981.0,"mot":"U","mo":485096.0},{"cn":"","ui":"","t":0.0,"r":0.0,"q":0.0,"p":0.0,"mot":"L","mo":0.0}]},{"d":"31.03.2017","r":478366.0,"q":11.74,"p":981.0,"s":[{"cn":"Ackermann Industries International","ui":"3205358","t":488336.0,"r":478366.0,"q":11.74,"p":981.0,"mot":"U","mo":478366.0},{"cn":"","ui":"","t":0.0,"r":0.0,"q":0.0,"p":0.0,"mot":"L","mo":0.0}]},{"d":"01.04.2017","r":474006.0,"q":11.75,"p":981.0,"s":[{"cn":"Ackermann Industries International","ui":"3205358","t":484466.0,"r":474006.0,"q":11.75,"p":981.0,"mot":"U","mo":474006.0},{"cn":"","ui":"","t":0.0,"r":0.0,"q":0.0,"p":0.0,"mot":"L","mo":0.0}]},{"d":"02.04.2017","r":470146.0,"q":11.76,"p":981.0,"s":[{"cn":"Ackermann Industries International","ui":"3205358","t":480606.0,"r":470146.0,"q":11.76,"p":981.0,"mot":"U","mo":470146.0},{"cn":"","ui":"","t":0.0,"r":0.0,"q":0.0,"p":0.0,"mot":"L","mo":0.0}]},{"d":"03.04.2017","r":474786.0,"q":11.77,"p":981.0,"s":[{"cn":"Ackermann Industries International","ui":"3205358","t":480946.0,"r":474786.0,"q":11.77,"p":981.0,"mot":"U","mo":474786.0},{"cn":"","ui":"","t":0.0,"r":0.0,"q":0.0,"p":0.0,"mot":"L","mo":0.0}]},{"d":"04.04.2017","r":475018.0,"q":11.78,"p":981.0,"s":[{"cn":"Ackermann Industries International","ui":"3205358","t":481282.0,"r":475018.0,"q":11.78,"p":981.0,"mot":"U","mo":475018.0},{"cn":"","ui":"","t":0.0,"r":0.0,"q":0.0,"p":0.0,"mot":"L","mo":0.0}]},{"d":"05.04.2017","r":473362.0,"q":11.79,"p":981.0,"s":[{"cn":"Ackermann Industries International","ui":"3205358","t":480622.0,"r":473362.0,"q":11.79,"p":981.0,"mot":"U","mo":473362.0},{"cn":"","ui":"","t":0.0,"r":0.0,"q":0.0,"p":0.0,"mot":"L","mo":0.0}]},{"d":"06.04.2017","r":462502.0,"q":11.8,"p":981.0,"s":[{"cn":"Ackermann Industries International","ui":"3205358","t":474862.0,"r":462502.0,"q":11.8,"p":981.0,"mot":"U","mo":462502.0},{"cn":"","ui":"","t":0.0,"r":0.0,"q":0.0,"p":0.0,"mot":"L","mo":0.0}]},{"d":"07.04.2017","r":455942.0,"q":11.81,"p":981.0,"s":[{"cn":"Ackermann Industries International","ui":"3205358","t":468702.0,"r":455942.0,"q":11.81,"p":981.0,"mot":"U","mo":455942.0},{"cn":"","ui":"","t":0.0,"r":0.0,"q":0.0,"p":0.0,"mot":"L","mo":0.0}]},{"d":"08.04.2017","r":425182.0,"q":11.82,"p":981.0,"s":[{"cn":"Ackermann Industries International","ui":"3205358","t":440242.0,"r":425182.0,"q":11.82,"p":981.0,"mot":"U","mo":425182.0},{"cn":"","ui":"","t":0.0,"r":0.0,"q":0.0,"p":0.0,"mot":"L","mo":0.0}]},{"d":"09.04.2017","r":414922.0,"q":11.83,"p":981.0,"s":[{"cn":"Ackermann Industries International","ui":"3205358","t":430882.0,"r":414922.0,"q":11.83,"p":981.0,"mot":"U","mo":414922.0},{"cn":"","ui":"","t":0.0,"r":0.0,"q":0.0,"p":0.0,"mot":"L","mo":0.0}]},{"d":"10.04.2017","r":403362.0,"q":11.84,"p":981.0,"s":[{"cn":"Ackermann Industries International","ui":"3205358","t":420422.0,"r":403362.0,"q":11.84,"p":981.0,"mot":"U","mo":403362.0},{"cn":"","ui":"","t":0.0,"r":0.0,"q":0.0,"p":0.0,"mot":"L","mo":0.0}]},{"d":"11.04.2017","r":393382.0,"q":11.85,"p":981.0,"s":[{"cn":"Ackermann Industries International","ui":"3205358","t":410202.0,"r":393382.0,"q":11.85,"p":981.0,"mot":"U","mo":393382.0},{"cn":"","ui":"","t":0.0,"r":0.0,"q":0.0,"p":0.0,"mot":"L","mo":0.0}]},{"d":"12.04.2017","r":366892.0,"q":11.86,"p":981.0,"s":[{"cn":"Ackermann Industries International","ui":"3205358","t":392467.0,"r":366892.0,"q":11.86,"p":981.0,"mot":"U","mo":366892.0},{"cn":"","ui":"","t":0.0,"r":0.0,"q":0.0,"p":0.0,"mot":"L","mo":0.0}]},{"d":"13.04.2017","r":335357.0,"q":11.87,"p":981.0,"s":[{"cn":"Ackermann Industries International","ui":"3205358","t":367187.0,"r":335357.0,"q":11.87,"p":981.0,"mot":"U","mo":335357.0},{"cn":"","ui":"","t":0.0,"r":0.0,"q":0.0,"p":0.0,"mot":"L","mo":0.0}]},{"d":"14.04.2017","r":289477.0,"q":11.88,"p":981.0,"s":[{"cn":"Ackermann Industries International","ui":"3205358","t":331632.0,"r":289477.0,"q":11.88,"p":981.0,"mot":"U","mo":289477.0},{"cn":"","ui":"","t":0.0,"r":0.0,"q":0.0,"p":0.0,"mot":"L","mo":0.0}]},{"d":"15.04.2017","r":264320.0,"q":11.82,"p":975.21,"s":[{"cn":"Ackermann Industries International","ui":"3205358","t":300726.0,"r":262720.0,"q":11.89,"p":981.0,"mot":"U","mo":262720.0},{"cn":"","ui":"","t":1800.0,"r":1600.0,"q":1.02,"p":24.0,"mot":"L","mo":1600.0}]},{"d":"16.04.2017","r":233616.0,"q":11.91,"p":981.0,"s":[{"cn":"Ackermann Industries International","ui":"3205358","t":270471.0,"r":233616.0,"q":11.91,"p":981.0,"mot":"U","mo":233616.0},{"cn":"","ui":"","t":0.0,"r":0.0,"q":0.0,"p":0.0,"mot":"L","mo":0.0}]},{"d":"17.04.2017","r":172001.0,"q":11.91,"p":979.95,"s":[{"cn":"Ackermann Industries International","ui":"3205358","t":221211.0,"r":171801.0,"q":11.92,"p":981.0,"mot":"U","mo":171801.0},{"cn":"","ui":"","t":300.0,"r":200.0,"q":1.0,"p":80.0,"mot":"L","mo":200.0}]},{"d":"18.04.2017","r":108571.0,"q":11.92,"p":979.34,"s":[{"cn":"Ackermann Industries International","ui":"3205358","t":168091.0,"r":108371.0,"q":11.94,"p":981.0,"mot":"U","mo":108371.0},{"cn":"","ui":"","t":400.0,"r":200.0,"q":1.0,"p":80.0,"mot":"L","mo":200.0}]}]