[{"d":"23.05.2015","r":2.0,"q":14.45,"p":1.0E8,"s":[{"ui":"5426747","t":62.0,"r":60.0,"q":14.45,"p":1.0E8,"mot":"L","mo":2.0},{"cn":"","ui":"","t":0.0,"r":0.0,"q":0.0,"p":0.0,"mot":"L","mo":0.0}]},{"d":"29.05.2015","r":3.0,"q":17.27,"p":1.3333333333E8,"s":[{"ui":"4868768","t":1.0,"r":1.0,"q":22.91,"p":2.0E8,"mot":"U","mo":1.0},{"ui":"5426747","t":50.0,"r":48.0,"q":14.45,"p":1.0E8,"mot":"L","mo":2.0},{"cn":"","ui":"","t":0.0,"r":0.0,"q":0.0,"p":0.0,"mot":"L","mo":0.0}]},{"d":"30.05.2015","r":2.0,"q":14.45,"p":1.0E8,"s":[{"ui":"5426747","t":49.0,"r":48.0,"q":14.45,"p":1.0E8,"mot":"L","mo":2.0},{"cn":"","ui":"","t":0.0,"r":0.0,"q":0.0,"p":0.0,"mot":"L","mo":0.0}]},{"d":"02.06.2015","r":2.0,"q":14.45,"p":1.0E8,"s":[{"ui":"5426747","t":45.0,"r":43.0,"q":14.45,"p":1.0E8,"mot":"L","mo":2.0},{"cn":"","ui":"","t":0.0,"r":0.0,"q":0.0,"p":0.0,"mot":"L","mo":0.0}]},{"d":"04.06.2015","r":1.0,"q":22.91,"p":1.8E8,"s":[{"ui":"4868768","t":1.0,"r":1.0,"q":22.91,"p":1.8E8,"mot":"U","mo":1.0},{"cn":"","ui":"","t":0.0,"r":0.0,"q":0.0,"p":0.0,"mot":"L","mo":0.0}]},{"d":"06.06.2015","r":1.0,"q":22.91,"p":1.7E8,"s":[{"ui":"4868768","t":1.0,"r":1.0,"q":22.91,"p":1.7E8,"mot":"U","mo":1.0},{"cn":"","ui":"","t":0.0,"r":0.0,"q":0.0,"p":0.0,"mot":"L","mo":0.0}]},{"d":"09.06.2015","r":1.0,"q":22.91,"p":1.6E8,"s":[{"ui":"4868768","t":1.0,"r":1.0,"q":22.91,"p":1.6E8,"mot":"U","mo":1.0},{"cn":"","ui":"","t":0.0,"r":0.0,"q":0.0,"p":0.0,"mot":"L","mo":0.0}]},{"d":"13.06.2015","r":2.0,"q":14.45,"p":1.0E8,"s":[{"ui":"5426747","t":45.0,"r":45.0,"q":14.45,"p":1.0E8,"mot":"L","mo":2.0},{"cn":"","ui":"","t":0.0,"r":0.0,"q":0.0,"p":0.0,"mot":"L","mo":0.0}]},{"d":"18.06.2015","r":3.0,"q":17.27,"p":1.1666666667E8,"s":[{"ui":"4868768","t":1.0,"r":1.0,"q":22.91,"p":1.5E8,"mot":"U","mo":1.0},{"ui":"5426747","t":41.0,"r":39.0,"q":14.45,"p":1.0E8,"mot":"L","mo":2.0},{"cn":"","ui":"","t":0.0,"r":0.0,"q":0.0,"p":0.0,"mot":"L","mo":0.0}]},{"d":"21.06.2015","r":3.0,"q":17.27,"p":1.1333333333E8,"s":[{"ui":"4868768","t":1.0,"r":1.0,"q":22.91,"p":1.4E8,"mot":"U","mo":1.0},{"ui":"5426747","t":37.0,"r":35.0,"q":14.45,"p":1.0E8,"mot":"L","mo":2.0},{"cn":"","ui":"","t":0.0,"r":0.0,"q":0.0,"p":0.0,"mot":"L","mo":0.0}]},{"d":"23.06.2015","r":2.0,"q":14.45,"p":1.0E8,"s":[{"ui":"5426747","t":31.0,"r":29.0,"q":14.45,"p":1.0E8,"mot":"L","mo":2.0},{"cn":"","ui":"","t":0.0,"r":0.0,"q":0.0,"p":0.0,"mot":"L","mo":0.0}]},{"d":"27.06.2015","r":41.0,"q":13.78,"p":1.4707317073E8,"s":[{"ui":"5879342","t":4.0,"r":4.0,"q":14.45,"p":1.4E8,"mot":"U","mo":4.0},{"ui":"5072075","t":34.0,"r":34.0,"q":13.63,"p":1.5E8,"mot":"U","mo":34.0},{"cn":"","ui":"","t":30.0,"r":3.0,"q":14.65,"p":1.2333333333E8,"mot":"L","mo":3.0}]},{"d":"29.06.2015","r":2.0,"q":14.45,"p":1.0E8,"s":[{"ui":"5426747","t":23.0,"r":19.0,"q":14.45,"p":1.0E8,"mot":"L","mo":2.0},{"cn":"","ui":"","t":0.0,"r":0.0,"q":0.0,"p":0.0,"mot":"L","mo":0.0}]},{"d":"03.07.2015","r":2.0,"q":14.45,"p":1.0E8,"s":[{"ui":"5426747","t":7.0,"r":3.0,"q":14.45,"p":1.0E8,"mot":"L","mo":2.0},{"cn":"","ui":"","t":0.0,"r":0.0,"q":0.0,"p":0.0,"mot":"L","mo":0.0}]},{"d":"30.08.2015","r":6.0,"q":8.37,"p":3.2E8,"s":[{"ui":"5859420","t":6.0,"r":6.0,"q":8.37,"p":3.2E8,"mot":"U","mo":6.0},{"cn":"","ui":"","t":0.0,"r":0.0,"q":0.0,"p":0.0,"mot":"L","mo":0.0}]},{"d":"19.10.2015","r":2.0,"q":8.37,"p":3.2E8,"s":[{"ui":"5859420","t":4.0,"r":2.0,"q":8.37,"p":3.2E8,"mot":"U","mo":2.0},{"cn":"","ui":"","t":0.0,"r":0.0,"q":0.0,"p":0.0,"mot":"L","mo":0.0}]},{"d":"21.10.2015","r":2.0,"q":8.37,"p":3.2E8,"s":[{"ui":"5859420","t":2.0,"r":2.0,"q":8.37,"p":3.2E8,"mot":"U","mo":2.0},{"cn":"","ui":"","t":0.0,"r":0.0,"q":0.0,"p":0.0,"mot":"L","mo":0.0}]},{"d":"09.11.2015","r":2.0,"q":7.74,"p":3.2E8,"s":[{"ui":"5859420","t":2.0,"r":2.0,"q":7.74,"p":3.2E8,"mot":"U","mo":2.0},{"cn":"","ui":"","t":0.0,"r":0.0,"q":0.0,"p":0.0,"mot":"L","mo":0.0}]},{"d":"10.11.2015","r":2.0,"q":7.73,"p":3.2E8,"s":[{"ui":"5859420","t":3.0,"r":2.0,"q":7.73,"p":3.2E8,"mot":"U","mo":2.0},{"cn":"","ui":"","t":0.0,"r":0.0,"q":0.0,"p":0.0,"mot":"L","mo":0.0}]},{"d":"11.11.2015","r":5.0,"q":7.72,"p":3.2E8,"s":[{"ui":"5859420","t":5.0,"r":5.0,"q":7.72,"p":3.2E8,"mot":"U","mo":5.0},{"cn":"","ui":"","t":0.0,"r":0.0,"q":0.0,"p":0.0,"mot":"L","mo":0.0}]},{"d":"12.01.2016","r":8.0,"q":30.79,"p":4.0E8,"s":[{"ui":"5963049","t":8.0,"r":8.0,"q":30.79,"p":4.0E8,"mot":"U","mo":8.0},{"cn":"","ui":"","t":0.0,"r":0.0,"q":0.0,"p":0.0,"mot":"L","mo":0.0}]},{"d":"13.01.2016","r":10.0,"q":30.79,"p":4.0E8,"s":[{"ui":"5963049","t":10.0,"r":10.0,"q":30.79,"p":4.0E8,"mot":"U","mo":10.0},{"cn":"","ui":"","t":0.0,"r":0.0,"q":0.0,"p":0.0,"mot":"L","mo":0.0}]},{"d":"14.01.2016","r":12.0,"q":30.8,"p":4.0E8,"s":[{"ui":"5963049","t":12.0,"r":12.0,"q":30.8,"p":4.0E8,"mot":"U","mo":12.0},{"cn":"","ui":"","t":0.0,"r":0.0,"q":0.0,"p":0.0,"mot":"L","mo":0.0}]},{"d":"15.01.2016","r":14.0,"q":30.8,"p":4.0E8,"s":[{"ui":"5963049","t":14.0,"r":14.0,"q":30.8,"p":4.0E8,"mot":"U","mo":14.0},{"cn":"","ui":"","t":0.0,"r":0.0,"q":0.0,"p":0.0,"mot":"L","mo":0.0}]},{"d":"16.01.2016","r":16.0,"q":30.8,"p":4.0E8,"s":[{"ui":"5963049","t":16.0,"r":16.0,"q":30.8,"p":4.0E8,"mot":"U","mo":16.0},{"cn":"","ui":"","t":0.0,"r":0.0,"q":0.0,"p":0.0,"mot":"L","mo":0.0}]},{"d":"20.01.2016","r":16.0,"q":30.81,"p":3.0E8,"s":[{"ui":"5963049","t":20.0,"r":16.0,"q":30.81,"p":3.0E8,"mot":"U","mo":16.0},{"cn":"","ui":"","t":0.0,"r":0.0,"q":0.0,"p":0.0,"mot":"L","mo":0.0}]},{"d":"22.01.2016","r":24.0,"q":30.82,"p":3.0E8,"s":[{"ui":"5963049","t":24.0,"r":24.0,"q":30.82,"p":3.0E8,"mot":"U","mo":24.0},{"cn":"","ui":"","t":0.0,"r":0.0,"q":0.0,"p":0.0,"mot":"L","mo":0.0}]},{"d":"23.01.2016","r":26.0,"q":30.82,"p":3.0E8,"s":[{"ui":"5963049","t":26.0,"r":26.0,"q":30.82,"p":3.0E8,"mot":"U","mo":26.0},{"cn":"","ui":"","t":0.0,"r":0.0,"q":0.0,"p":0.0,"mot":"L","mo":0.0}]},{"d":"24.01.2016","r":24.0,"q":30.82,"p":3.0E8,"s":[{"ui":"5963049","t":26.0,"r":24.0,"q":30.82,"p":3.0E8,"mot":"U","mo":24.0},{"cn":"","ui":"","t":0.0,"r":0.0,"q":0.0,"p":0.0,"mot":"L","mo":0.0}]},{"d":"25.01.2016","r":2.0,"q":7.63,"p":3.2E8,"s":[{"ui":"5859420","t":2.0,"r":2.0,"q":7.63,"p":3.2E8,"mot":"U","mo":2.0},{"cn":"","ui":"","t":0.0,"r":0.0,"q":0.0,"p":0.0,"mot":"L","mo":0.0}]},{"d":"26.01.2016","r":24.0,"q":30.83,"p":3.0E8,"s":[{"ui":"5963049","t":26.0,"r":24.0,"q":30.83,"p":3.0E8,"mot":"U","mo":24.0},{"cn":"","ui":"","t":0.0,"r":0.0,"q":0.0,"p":0.0,"mot":"L","mo":0.0}]},{"d":"27.01.2016","r":28.0,"q":27.52,"p":3.0285714286E8,"s":[{"ui":"5859420","t":4.0,"r":4.0,"q":7.63,"p":3.2E8,"mot":"U","mo":4.0},{"ui":"5963049","t":26.0,"r":24.0,"q":30.84,"p":3.0E8,"mot":"U","mo":24.0},{"cn":"","ui":"","t":0.0,"r":0.0,"q":0.0,"p":0.0,"mot":"L","mo":0.0}]},{"d":"29.01.2016","r":24.0,"q":30.85,"p":3.0E8,"s":[{"ui":"5963049","t":26.0,"r":24.0,"q":30.85,"p":3.0E8,"mot":"U","mo":24.0},{"cn":"","ui":"","t":0.0,"r":0.0,"q":0.0,"p":0.0,"mot":"L","mo":0.0}]},{"d":"31.01.2016","r":24.0,"q":30.86,"p":3.0E8,"s":[{"ui":"5963049","t":26.0,"r":24.0,"q":30.86,"p":3.0E8,"mot":"U","mo":24.0},{"cn":"","ui":"","t":0.0,"r":0.0,"q":0.0,"p":0.0,"mot":"L","mo":0.0}]},{"d":"01.02.2016","r":28.0,"q":30.87,"p":3.0E8,"s":[{"ui":"5963049","t":28.0,"r":28.0,"q":30.87,"p":3.0E8,"mot":"U","mo":28.0},{"cn":"","ui":"","t":0.0,"r":0.0,"q":0.0,"p":0.0,"mot":"L","mo":0.0}]},{"d":"02.02.2016","r":30.0,"q":30.87,"p":3.0E8,"s":[{"ui":"5963049","t":30.0,"r":30.0,"q":30.87,"p":3.0E8,"mot":"U","mo":30.0},{"cn":"","ui":"","t":0.0,"r":0.0,"q":0.0,"p":0.0,"mot":"L","mo":0.0}]},{"d":"03.02.2016","r":32.0,"q":30.88,"p":3.0E8,"s":[{"ui":"5963049","t":32.0,"r":32.0,"q":30.88,"p":3.0E8,"mot":"U","mo":32.0},{"cn":"","ui":"","t":0.0,"r":0.0,"q":0.0,"p":0.0,"mot":"L","mo":0.0}]},{"d":"04.02.2016","r":34.0,"q":30.88,"p":3.0E8,"s":[{"ui":"5963049","t":34.0,"r":34.0,"q":30.88,"p":3.0E8,"mot":"U","mo":34.0},{"cn":"","ui":"","t":0.0,"r":0.0,"q":0.0,"p":0.0,"mot":"L","mo":0.0}]},{"d":"05.02.2016","r":35.0,"q":30.89,"p":3.0E8,"s":[{"ui":"5963049","t":35.0,"r":35.0,"q":30.89,"p":3.0E8,"mot":"U","mo":35.0},{"cn":"","ui":"","t":0.0,"r":0.0,"q":0.0,"p":0.0,"mot":"L","mo":0.0}]},{"d":"09.02.2016","r":31.0,"q":30.89,"p":3.0E8,"s":[{"ui":"5963049","t":33.0,"r":31.0,"q":30.89,"p":3.0E8,"mot":"U","mo":31.0},{"cn":"","ui":"","t":0.0,"r":0.0,"q":0.0,"p":0.0,"mot":"L","mo":0.0}]},{"d":"10.02.2016","r":29.0,"q":30.89,"p":3.0E8,"s":[{"ui":"5963049","t":31.0,"r":29.0,"q":30.89,"p":3.0E8,"mot":"U","mo":29.0},{"cn":"","ui":"","t":0.0,"r":0.0,"q":0.0,"p":0.0,"mot":"L","mo":0.0}]},{"d":"11.02.2016","r":27.0,"q":30.89,"p":3.0E8,"s":[{"ui":"5963049","t":29.0,"r":27.0,"q":30.89,"p":3.0E8,"mot":"U","mo":27.0},{"cn":"","ui":"","t":0.0,"r":0.0,"q":0.0,"p":0.0,"mot":"L","mo":0.0}]},{"d":"12.02.2016","r":25.0,"q":30.89,"p":3.0E8,"s":[{"ui":"5963049","t":27.0,"r":25.0,"q":30.89,"p":3.0E8,"mot":"U","mo":25.0},{"cn":"","ui":"","t":0.0,"r":0.0,"q":0.0,"p":0.0,"mot":"L","mo":0.0}]},{"d":"13.02.2016","r":26.0,"q":30.89,"p":3.0E8,"s":[{"ui":"5963049","t":27.0,"r":26.0,"q":30.89,"p":3.0E8,"mot":"U","mo":26.0},{"cn":"","ui":"","t":0.0,"r":0.0,"q":0.0,"p":0.0,"mot":"L","mo":0.0}]},{"d":"14.02.2016","r":25.0,"q":30.89,"p":3.0E8,"s":[{"ui":"5963049","t":26.0,"r":25.0,"q":30.89,"p":3.0E8,"mot":"U","mo":25.0},{"cn":"","ui":"","t":0.0,"r":0.0,"q":0.0,"p":0.0,"mot":"L","mo":0.0}]},{"d":"15.02.2016","r":24.0,"q":30.89,"p":3.0E8,"s":[{"ui":"5963049","t":25.0,"r":24.0,"q":30.89,"p":3.0E8,"mot":"U","mo":24.0},{"cn":"","ui":"","t":0.0,"r":0.0,"q":0.0,"p":0.0,"mot":"L","mo":0.0}]},{"d":"16.02.2016","r":21.0,"q":30.89,"p":3.0E8,"s":[{"ui":"5963049","t":23.0,"r":21.0,"q":30.89,"p":3.0E8,"mot":"U","mo":21.0},{"cn":"","ui":"","t":0.0,"r":0.0,"q":0.0,"p":0.0,"mot":"L","mo":0.0}]},{"d":"17.02.2016","r":21.0,"q":30.89,"p":3.0E8,"s":[{"ui":"5963049","t":22.0,"r":21.0,"q":30.89,"p":3.0E8,"mot":"U","mo":21.0},{"cn":"","ui":"","t":0.0,"r":0.0,"q":0.0,"p":0.0,"mot":"L","mo":0.0}]},{"d":"18.02.2016","r":20.0,"q":30.89,"p":3.0E8,"s":[{"ui":"5963049","t":21.0,"r":20.0,"q":30.89,"p":3.0E8,"mot":"U","mo":20.0},{"cn":"","ui":"","t":0.0,"r":0.0,"q":0.0,"p":0.0,"mot":"L","mo":0.0}]},{"d":"19.02.2016","r":19.0,"q":30.89,"p":3.0E8,"s":[{"ui":"5963049","t":20.0,"r":19.0,"q":30.89,"p":3.0E8,"mot":"U","mo":19.0},{"cn":"","ui":"","t":0.0,"r":0.0,"q":0.0,"p":0.0,"mot":"L","mo":0.0}]},{"d":"20.02.2016","r":18.0,"q":30.89,"p":3.0E8,"s":[{"ui":"5963049","t":19.0,"r":18.0,"q":30.89,"p":3.0E8,"mot":"U","mo":18.0},{"cn":"","ui":"","t":0.0,"r":0.0,"q":0.0,"p":0.0,"mot":"L","mo":0.0}]},{"d":"21.02.2016","r":17.0,"q":30.89,"p":3.0E8,"s":[{"ui":"5963049","t":18.0,"r":17.0,"q":30.89,"p":3.0E8,"mot":"U","mo":17.0},{"cn":"","ui":"","t":0.0,"r":0.0,"q":0.0,"p":0.0,"mot":"L","mo":0.0}]},{"d":"22.02.2016","r":16.0,"q":30.89,"p":3.0E8,"s":[{"ui":"5963049","t":17.0,"r":16.0,"q":30.89,"p":3.0E8,"mot":"U","mo":16.0},{"cn":"","ui":"","t":0.0,"r":0.0,"q":0.0,"p":0.0,"mot":"L","mo":0.0}]},{"d":"23.02.2016","r":15.0,"q":30.89,"p":3.0E8,"s":[{"ui":"5963049","t":16.0,"r":15.0,"q":30.89,"p":3.0E8,"mot":"U","mo":15.0},{"cn":"","ui":"","t":0.0,"r":0.0,"q":0.0,"p":0.0,"mot":"L","mo":0.0}]},{"d":"24.02.2016","r":14.0,"q":30.89,"p":3.0E8,"s":[{"ui":"5963049","t":15.0,"r":14.0,"q":30.89,"p":3.0E8,"mot":"U","mo":14.0},{"cn":"","ui":"","t":0.0,"r":0.0,"q":0.0,"p":0.0,"mot":"L","mo":0.0}]},{"d":"25.02.2016","r":13.0,"q":30.89,"p":3.0E8,"s":[{"ui":"5963049","t":14.0,"r":13.0,"q":30.89,"p":3.0E8,"mot":"U","mo":13.0},{"cn":"","ui":"","t":0.0,"r":0.0,"q":0.0,"p":0.0,"mot":"L","mo":0.0}]},{"d":"26.02.2016","r":12.0,"q":30.89,"p":3.0E8,"s":[{"ui":"5963049","t":13.0,"r":12.0,"q":30.89,"p":3.0E8,"mot":"U","mo":12.0},{"cn":"","ui":"","t":0.0,"r":0.0,"q":0.0,"p":0.0,"mot":"L","mo":0.0}]},{"d":"27.02.2016","r":11.0,"q":30.89,"p":3.0E8,"s":[{"ui":"5963049","t":12.0,"r":11.0,"q":30.89,"p":3.0E8,"mot":"U","mo":11.0},{"cn":"","ui":"","t":0.0,"r":0.0,"q":0.0,"p":0.0,"mot":"L","mo":0.0}]},{"d":"28.02.2016","r":10.0,"q":30.89,"p":3.0E8,"s":[{"ui":"5963049","t":11.0,"r":10.0,"q":30.89,"p":3.0E8,"mot":"U","mo":10.0},{"cn":"","ui":"","t":0.0,"r":0.0,"q":0.0,"p":0.0,"mot":"L","mo":0.0}]},{"d":"29.02.2016","r":9.0,"q":30.89,"p":3.0E8,"s":[{"ui":"5963049","t":10.0,"r":9.0,"q":30.89,"p":3.0E8,"mot":"U","mo":9.0},{"cn":"","ui":"","t":0.0,"r":0.0,"q":0.0,"p":0.0,"mot":"L","mo":0.0}]},{"d":"01.03.2016","r":8.0,"q":30.89,"p":3.0E8,"s":[{"ui":"5963049","t":9.0,"r":8.0,"q":30.89,"p":3.0E8,"mot":"U","mo":8.0},{"cn":"","ui":"","t":0.0,"r":0.0,"q":0.0,"p":0.0,"mot":"L","mo":0.0}]},{"d":"02.03.2016","r":7.0,"q":30.89,"p":3.0E8,"s":[{"ui":"5963049","t":8.0,"r":7.0,"q":30.89,"p":3.0E8,"mot":"U","mo":7.0},{"cn":"","ui":"","t":0.0,"r":0.0,"q":0.0,"p":0.0,"mot":"L","mo":0.0}]},{"d":"03.03.2016","r":6.0,"q":30.89,"p":3.0E8,"s":[{"ui":"5963049","t":7.0,"r":6.0,"q":30.89,"p":3.0E8,"mot":"U","mo":6.0},{"cn":"","ui":"","t":0.0,"r":0.0,"q":0.0,"p":0.0,"mot":"L","mo":0.0}]},{"d":"04.03.2016","r":5.0,"q":30.89,"p":3.0E8,"s":[{"ui":"5963049","t":6.0,"r":5.0,"q":30.89,"p":3.0E8,"mot":"U","mo":5.0},{"cn":"","ui":"","t":0.0,"r":0.0,"q":0.0,"p":0.0,"mot":"L","mo":0.0}]},{"d":"05.03.2016","r":4.0,"q":30.89,"p":3.0E8,"s":[{"ui":"5963049","t":5.0,"r":4.0,"q":30.89,"p":3.0E8,"mot":"U","mo":4.0},{"cn":"","ui":"","t":0.0,"r":0.0,"q":0.0,"p":0.0,"mot":"L","mo":0.0}]},{"d":"06.03.2016","r":3.0,"q":30.89,"p":3.0E8,"s":[{"ui":"5963049","t":4.0,"r":3.0,"q":30.89,"p":3.0E8,"mot":"U","mo":3.0},{"cn":"","ui":"","t":0.0,"r":0.0,"q":0.0,"p":0.0,"mot":"L","mo":0.0}]},{"d":"07.03.2016","r":2.0,"q":30.89,"p":3.0E8,"s":[{"ui":"5963049","t":3.0,"r":2.0,"q":30.89,"p":3.0E8,"mot":"U","mo":2.0},{"cn":"","ui":"","t":0.0,"r":0.0,"q":0.0,"p":0.0,"mot":"L","mo":0.0}]},{"d":"08.03.2016","r":1.0,"q":30.89,"p":3.0E8,"s":[{"ui":"5963049","t":2.0,"r":1.0,"q":30.89,"p":3.0E8,"mot":"U","mo":1.0},{"cn":"","ui":"","t":0.0,"r":0.0,"q":0.0,"p":0.0,"mot":"L","mo":0.0}]},{"d":"03.04.2016","r":18.0,"q":19.36,"p":2.0,"s":[{"ui":"6330640","t":18.0,"r":18.0,"q":19.36,"p":2.0,"mot":"U","mo":18.0},{"cn":"","ui":"","t":0.0,"r":0.0,"q":0.0,"p":0.0,"mot":"L","mo":0.0}]},{"d":"04.04.2016","r":5.0,"q":18.73,"p":2.1E9,"s":[{"ui":"5035324","t":5.0,"r":5.0,"q":18.73,"p":2.1E9,"mot":"U","mo":5.0},{"cn":"","ui":"","t":0.0,"r":0.0,"q":0.0,"p":0.0,"mot":"L","mo":0.0}]},{"d":"13.04.2016","r":5.0,"q":18.73,"p":2.0,"s":[{"ui":"6330640","t":5.0,"r":5.0,"q":18.73,"p":2.0,"mot":"U","mo":5.0},{"cn":"","ui":"","t":0.0,"r":0.0,"q":0.0,"p":0.0,"mot":"L","mo":0.0}]},{"d":"28.07.2016","r":70.0,"q":31.09,"p":1.9E9,"s":[{"ui":"5324842","t":70.0,"r":70.0,"q":31.09,"p":1.9E9,"mot":"U","mo":70.0},{"cn":"","ui":"","t":0.0,"r":0.0,"q":0.0,"p":0.0,"mot":"L","mo":0.0}]},{"d":"03.09.2016","r":68.0,"q":31.09,"p":1.9E9,"s":[{"ui":"5324842","t":69.0,"r":68.0,"q":31.09,"p":1.9E9,"mot":"U","mo":68.0},{"cn":"","ui":"","t":0.0,"r":0.0,"q":0.0,"p":0.0,"mot":"L","mo":0.0}]},{"d":"04.09.2016","r":65.0,"q":31.09,"p":1.9E9,"s":[{"ui":"5324842","t":67.0,"r":65.0,"q":31.09,"p":1.9E9,"mot":"U","mo":65.0},{"cn":"","ui":"","t":0.0,"r":0.0,"q":0.0,"p":0.0,"mot":"L","mo":0.0}]},{"d":"05.09.2016","r":67.0,"q":31.09,"p":1.9E9,"s":[{"ui":"5324842","t":67.0,"r":67.0,"q":31.09,"p":1.9E9,"mot":"U","mo":67.0},{"cn":"","ui":"","t":0.0,"r":0.0,"q":0.0,"p":0.0,"mot":"L","mo":0.0}]},{"d":"17.11.2016","r":23.0,"q":19.22,"p":1.93E9,"s":[{"ui":"6303921","t":23.0,"r":23.0,"q":19.22,"p":1.93E9,"mot":"U","mo":23.0},{"cn":"","ui":"","t":0.0,"r":0.0,"q":0.0,"p":0.0,"mot":"L","mo":0.0}]},{"d":"24.11.2016","r":19.0,"q":19.22,"p":1.93E9,"s":[{"ui":"6303921","t":21.0,"r":19.0,"q":19.22,"p":1.93E9,"mot":"U","mo":19.0},{"cn":"","ui":"","t":0.0,"r":0.0,"q":0.0,"p":0.0,"mot":"L","mo":0.0}]},{"d":"25.11.2016","r":19.0,"q":19.22,"p":1.93E9,"s":[{"ui":"6303921","t":20.0,"r":19.0,"q":19.22,"p":1.93E9,"mot":"U","mo":19.0},{"cn":"","ui":"","t":0.0,"r":0.0,"q":0.0,"p":0.0,"mot":"L","mo":0.0}]},{"d":"26.11.2016","r":18.0,"q":19.22,"p":1.93E9,"s":[{"ui":"6303921","t":19.0,"r":18.0,"q":19.22,"p":1.93E9,"mot":"U","mo":18.0},{"cn":"","ui":"","t":0.0,"r":0.0,"q":0.0,"p":0.0,"mot":"L","mo":0.0}]},{"d":"27.11.2016","r":17.0,"q":19.22,"p":1.93E9,"s":[{"ui":"6303921","t":18.0,"r":17.0,"q":19.22,"p":1.93E9,"mot":"U","mo":17.0},{"cn":"","ui":"","t":0.0,"r":0.0,"q":0.0,"p":0.0,"mot":"L","mo":0.0}]},{"d":"28.11.2016","r":18.0,"q":19.22,"p":1.93E9,"s":[{"ui":"6303921","t":18.0,"r":18.0,"q":19.22,"p":1.93E9,"mot":"U","mo":18.0},{"cn":"","ui":"","t":0.0,"r":0.0,"q":0.0,"p":0.0,"mot":"L","mo":0.0}]},{"d":"16.12.2016","r":17.0,"q":19.22,"p":1.93E9,"s":[{"ui":"6303921","t":17.0,"r":17.0,"q":19.22,"p":1.93E9,"mot":"U","mo":17.0},{"cn":"","ui":"","t":0.0,"r":0.0,"q":0.0,"p":0.0,"mot":"L","mo":0.0}]},{"d":"21.01.2017","r":15.0,"q":19.22,"p":1.93E9,"s":[{"ui":"6303921","t":15.0,"r":15.0,"q":19.22,"p":1.93E9,"mot":"U","mo":15.0},{"cn":"","ui":"","t":0.0,"r":0.0,"q":0.0,"p":0.0,"mot":"L","mo":0.0}]},{"d":"30.01.2017","r":7.0,"q":19.22,"p":1.93E9,"s":[{"ui":"6303921","t":11.0,"r":7.0,"q":19.22,"p":1.93E9,"mot":"U","mo":7.0},{"cn":"","ui":"","t":0.0,"r":0.0,"q":0.0,"p":0.0,"mot":"L","mo":0.0}]},{"d":"31.01.2017","r":3.0,"q":19.22,"p":1.93E9,"s":[{"ui":"6303921","t":7.0,"r":3.0,"q":19.22,"p":1.93E9,"mot":"U","mo":3.0},{"cn":"","ui":"","t":0.0,"r":0.0,"q":0.0,"p":0.0,"mot":"L","mo":0.0}]},{"d":"20.02.2017","r":1.0,"q":9.43,"p":1.5E9,"s":[{"ui":"5035125","t":1.0,"r":1.0,"q":9.43,"p":1.5E9,"mot":"U","mo":1.0},{"cn":"","ui":"","t":0.0,"r":0.0,"q":0.0,"p":0.0,"mot":"L","mo":0.0}]},{"d":"26.02.2017","r":11.0,"q":17.19,"p":1.91909090909E9,"s":[{"ui":"6303921","t":7.0,"r":7.0,"q":19.22,"p":1.93E9,"mot":"U","mo":7.0},{"ui":"6906336","t":4.0,"r":4.0,"q":13.63,"p":1.9E9,"mot":"U","mo":4.0},{"cn":"","ui":"","t":0.0,"r":0.0,"q":0.0,"p":0.0,"mot":"L","mo":0.0}]},{"d":"11.03.2017","r":5.0,"q":7.29,"p":1.125555552E9,"s":[{"cn":"Rfkbgrf и сыновья","ui":"6687144","t":5.0,"r":5.0,"q":7.29,"p":1.125555552E9,"mot":"U","mo":5.0},{"cn":"","ui":"","t":0.0,"r":0.0,"q":0.0,"p":0.0,"mot":"L","mo":0.0}]},{"d":"12.03.2017","r":12.0,"q":16.54,"p":1.88416666667E9,"s":[{"cn":"Piggy bank","ui":"6303921","t":7.0,"r":7.0,"q":19.22,"p":1.93E9,"mot":"U","mo":7.0},{"cn":"alekspro2012 Инвест","ui":"5035125","t":1.0,"r":1.0,"q":9.43,"p":1.5E9,"mot":"U","mo":1.0},{"cn":"СВЕОЛ","ui":"6906336","t":4.0,"r":4.0,"q":13.63,"p":1.9E9,"mot":"U","mo":4.0},{"cn":"","ui":"","t":0.0,"r":0.0,"q":0.0,"p":0.0,"mot":"L","mo":0.0}]}]