[{"pi":"1518","pc":"Автомобильные товары","ss":1000,"td":"Центр города","dc":1,"n":284.68,"vc":"более 2 000","sl":"Очень высокий","sv":"около 50","p":35000.0,"q":2.93,"b":0.81,"wi":0.32,"ei":6.06,"as":330.02,"mi":"E","mv":2875,"sc":1,"lpe":97.6,"lpr":38484.38,"lq":1.0},{"pi":"1518","pc":"Автомобильные товары","ss":1000,"td":"Центр города","dc":1,"n":284.68,"vc":"более 2 000","sl":"Очень высокий","sv":"около 50","p":35000.0,"q":2.93,"b":0.81,"wi":0.32,"ei":6.06,"as":330.02,"mi":"E","mv":2875,"sc":1,"lpe":97.6,"lpr":38484.38,"lq":1.0},{"pi":"1518","pc":"Автомобильные товары","ss":1000,"td":"Центр города","dc":1,"n":227.49,"vc":"более 2 000","sl":"Очень высокий","sv":"около 50","p":37000.0,"q":2.94,"b":1.28,"wi":0.52,"ei":6.14,"as":443.64,"mi":"E","mv":5940,"sc":3,"lpe":98.33,"lpr":51333.16,"lq":1.0},{"pi":"1518","pc":"Автомобильные товары","ss":1000,"td":"Центр города","dc":1,"n":131.39,"vc":"более 1 000","sl":"Очень высокий","sv":"около 50","p":40000.0,"q":2.94,"b":1.28,"wi":0.52,"ei":6.14,"as":443.64,"mi":"E","mv":5940,"sc":3,"lpe":98.33,"lpr":51333.16,"lq":1.0},{"pi":"1518","pc":"Автомобильные товары","ss":500,"td":"Центр города","dc":3,"n":36.77,"vc":"более 200","sl":"Высокий","sv":"менее 50","p":46000.0,"q":2.02,"b":0.0,"wi":0.52,"ei":6.14,"as":443.64,"mi":"E","mv":5940,"sc":3,"lpe":98.33,"lpr":51333.16,"lq":1.0},{"pi":"1518","pc":"Автомобильные товары","ss":500,"td":"Центр города","dc":3,"n":36.77,"vc":"более 200","sl":"Высокий","sv":"менее 50","p":46000.0,"q":2.02,"b":0.0,"wi":0.52,"ei":6.14,"as":443.64,"mi":"E","mv":5940,"sc":3,"lpe":98.33,"lpr":51333.16,"lq":1.0},{"pi":"1518","pc":"Автомобильные товары","ss":1000,"td":"Центр города","dc":1,"n":227.49,"vc":"более 2 000","sl":"Очень высокий","sv":"около 50","p":37000.0,"q":2.94,"b":1.28,"wi":0.52,"ei":6.14,"as":443.64,"mi":"E","mv":5940,"sc":3,"lpe":98.33,"lpr":51333.16,"lq":1.0},{"pi":"1518","pc":"Автомобильные товары","ss":1000,"td":"Центр города","dc":1,"n":131.39,"vc":"более 1 000","sl":"Очень высокий","sv":"около 50","p":40000.0,"q":2.94,"b":1.28,"wi":0.52,"ei":6.14,"as":443.64,"mi":"E","mv":5940,"sc":3,"lpe":98.33,"lpr":51333.16,"lq":1.0},{"pi":"1518","pc":"Автомобильные товары","ss":500,"td":"Центр города","dc":3,"n":36.77,"vc":"более 200","sl":"Высокий","sv":"менее 50","p":46000.0,"q":2.02,"b":0.0,"wi":0.52,"ei":6.14,"as":443.64,"mi":"E","mv":5940,"sc":3,"lpe":98.33,"lpr":51333.16,"lq":1.0},{"pi":"1518","pc":"Автомобильные товары","ss":1000,"td":"Центр города","dc":1,"n":101.83,"vc":"более 1 000","sl":"Элитный","sv":"около 100","p":40000.0,"q":2.94,"b":1.28,"wi":0.51,"ei":5.95,"as":458.23,"mi":"E","mv":7479,"sc":4,"lpe":97.59,"lpr":52397.87,"lq":1.0},{"pi":"1518","pc":"Автомобильные товары","ss":1000,"td":"Фешенебельный район","dc":1,"n":191.6,"vc":"около 500","sl":"Элитный","sv":"около 50","p":35000.0,"q":2.94,"b":1.28,"wi":0.51,"ei":5.95,"as":458.23,"mi":"E","mv":7479,"sc":4,"lpe":97.59,"lpr":52397.87,"lq":1.0},{"pi":"1518","pc":"Автомобильные товары","ss":1000,"td":"Центр города","dc":1,"n":101.83,"vc":"более 1 000","sl":"Очень высокий","sv":"около 50","p":35000.0,"q":2.94,"b":1.28,"wi":0.51,"ei":5.95,"as":458.23,"mi":"E","mv":7479,"sc":4,"lpe":97.59,"lpr":52397.87,"lq":1.0},{"pi":"1518","pc":"Автомобильные товары","ss":1000,"td":"Центр города","dc":1,"n":101.83,"vc":"более 1 000","sl":"Элитный","sv":"около 100","p":40000.0,"q":2.94,"b":1.28,"wi":0.51,"ei":5.95,"as":458.23,"mi":"E","mv":7479,"sc":4,"lpe":97.59,"lpr":52397.87,"lq":1.0},{"pi":"1518","pc":"Автомобильные товары","ss":1000,"td":"Фешенебельный район","dc":1,"n":191.6,"vc":"около 500","sl":"Элитный","sv":"около 50","p":35000.0,"q":2.94,"b":1.28,"wi":0.51,"ei":5.95,"as":458.23,"mi":"E","mv":7479,"sc":4,"lpe":97.59,"lpr":52397.87,"lq":1.0},{"pi":"1518","pc":"Автомобильные товары","ss":1000,"td":"Центр города","dc":1,"n":101.83,"vc":"более 1 000","sl":"Очень высокий","sv":"около 50","p":35000.0,"q":2.94,"b":1.28,"wi":0.51,"ei":5.95,"as":458.23,"mi":"E","mv":7479,"sc":4,"lpe":97.59,"lpr":52397.87,"lq":1.0},{"pi":"1518","pc":"Автомобильные товары","ss":500,"td":"Центр города","dc":1,"n":69.32,"vc":"более 100","sl":"Очень высокий","sv":"менее 50","p":32364.75,"q":3.03,"b":0.0,"wi":0.22,"ei":4.22,"as":239.13,"mi":"E","mv":1173,"sc":1,"lpe":99.91,"lpr":27595.56,"lq":1.0},{"pi":"1518","pc":"Автомобильные товары","ss":500,"td":"Центр города","dc":1,"n":69.32,"vc":"более 100","sl":"Очень высокий","sv":"менее 50","p":32364.75,"q":3.03,"b":0.0,"wi":0.22,"ei":4.22,"as":239.13,"mi":"E","mv":1173,"sc":1,"lpe":99.91,"lpr":27595.56,"lq":1.0},{"pi":"1518","pc":"Автомобильные товары","ss":10000,"td":"Центр города","dc":1,"n":230.24,"vc":"более 3 000","sl":"Элитный","sv":"более 100","p":40000.0,"q":2.94,"b":1.68,"wi":0.26,"ei":5.34,"as":310.5,"mi":"E","mv":1410,"sc":3,"lpe":82.06,"lpr":36096.97,"lq":1.2},{"pi":"1518","pc":"Автомобильные товары","ss":10000,"td":"Центр города","dc":1,"n":230.24,"vc":"более 3 000","sl":"Элитный","sv":"более 100","p":40000.0,"q":2.94,"b":1.68,"wi":0.26,"ei":5.34,"as":310.5,"mi":"E","mv":1410,"sc":3,"lpe":82.06,"lpr":36096.97,"lq":1.2},{"pi":"1518","pc":"Автомобильные товары","ss":1000,"td":"Центр города","dc":1,"n":254.25,"vc":"более 1 000","sl":"Элитный","sv":"около 50","p":40000.0,"q":2.94,"b":1.68,"wi":0.26,"ei":5.34,"as":310.5,"mi":"E","mv":1410,"sc":3,"lpe":82.06,"lpr":36096.97,"lq":1.2},{"pi":"1518","pc":"Автомобильные товары","ss":1000,"td":"Фешенебельный район","dc":1,"n":205.8,"vc":"более 100","sl":"Элитный","sv":"около 50","p":35000.0,"q":2.93,"b":1.68,"wi":0.26,"ei":5.34,"as":310.5,"mi":"E","mv":1410,"sc":3,"lpe":82.06,"lpr":36096.97,"lq":1.2},{"pi":"1518","pc":"Автомобильные товары","ss":1000,"td":"Центр города","dc":1,"n":24.67,"vc":"более 1 000","sl":"Элитный","sv":"около 100","p":170000.0,"q":10.0,"b":0.0,"wi":1.57,"ei":8.5,"as":1540.0,"mi":"E","mv":9741,"sc":1,"lpe":99.04,"lpr":177321.59,"lq":1.0},{"pi":"1518","pc":"Автомобильные товары","ss":1000,"td":"Центр города","dc":1,"n":24.67,"vc":"более 1 000","sl":"Элитный","sv":"около 100","p":170000.0,"q":10.0,"b":0.0,"wi":1.57,"ei":8.5,"as":1540.0,"mi":"E","mv":9741,"sc":1,"lpe":99.04,"lpr":177321.59,"lq":1.0},{"pi":"1518","pc":"Автомобильные товары","ss":500,"td":"Центр города","dc":1,"n":224.99,"vc":"более 100","sl":"Очень высокий","sv":"менее 50","p":10000.0,"q":5.66,"b":0.0,"wi":0.16,"ei":3.64,"as":138.22,"mi":"E","mv":90,"sc":1,"lpe":97.78,"lpr":16283.55,"lq":1.0},{"pi":"1518","pc":"Автомобильные товары","ss":500,"td":"Центр города","dc":1,"n":224.99,"vc":"более 100","sl":"Очень высокий","sv":"менее 50","p":10000.0,"q":5.66,"b":0.0,"wi":0.16,"ei":3.64,"as":138.22,"mi":"E","mv":90,"sc":1,"lpe":97.78,"lpr":16283.55,"lq":1.0},{"pi":"1518","pc":"Автомобильные товары","ss":500,"td":"Центр города","dc":3,"n":66.33,"vc":"более 100","sl":"Очень высокий","sv":"менее 50","p":20000.0,"q":5.78,"b":0.0,"wi":0.19,"ei":3.75,"as":177.5,"mi":"E","mv":227,"sc":2,"lpe":98.68,"lpr":20622.34,"lq":1.0},{"pi":"1518","pc":"Автомобильные товары","ss":500,"td":"Центр города","dc":3,"n":57.68,"vc":"более 100","sl":"Очень высокий","sv":"менее 50","p":18000.0,"q":5.92,"b":0.0,"wi":0.19,"ei":3.75,"as":177.5,"mi":"E","mv":227,"sc":2,"lpe":98.68,"lpr":20622.34,"lq":1.0},{"pi":"1518","pc":"Автомобильные товары","ss":500,"td":"Центр города","dc":3,"n":66.33,"vc":"более 100","sl":"Очень высокий","sv":"менее 50","p":20000.0,"q":5.78,"b":0.0,"wi":0.19,"ei":3.75,"as":177.5,"mi":"E","mv":227,"sc":2,"lpe":98.68,"lpr":20622.34,"lq":1.0},{"pi":"1518","pc":"Автомобильные товары","ss":500,"td":"Центр города","dc":3,"n":57.68,"vc":"более 100","sl":"Очень высокий","sv":"менее 50","p":18000.0,"q":5.92,"b":0.0,"wi":0.19,"ei":3.75,"as":177.5,"mi":"E","mv":227,"sc":2,"lpe":98.68,"lpr":20622.34,"lq":1.0},{"pi":"1518","pc":"Автомобильные товары","ss":500,"td":"Центр города","dc":3,"n":66.33,"vc":"более 100","sl":"Очень высокий","sv":"менее 50","p":20000.0,"q":5.78,"b":0.0,"wi":0.19,"ei":3.75,"as":177.5,"mi":"E","mv":227,"sc":2,"lpe":98.68,"lpr":20622.34,"lq":1.0},{"pi":"1518","pc":"Автомобильные товары","ss":500,"td":"Центр города","dc":3,"n":57.68,"vc":"более 100","sl":"Очень высокий","sv":"менее 50","p":18000.0,"q":5.92,"b":0.0,"wi":0.19,"ei":3.75,"as":177.5,"mi":"E","mv":227,"sc":2,"lpe":98.68,"lpr":20622.34,"lq":1.0},{"pi":"1518","pc":"Автомобильные товары","ss":500,"td":"Центр города","dc":3,"n":66.33,"vc":"более 100","sl":"Очень высокий","sv":"менее 50","p":20000.0,"q":5.78,"b":0.0,"wi":0.19,"ei":3.75,"as":177.5,"mi":"E","mv":227,"sc":2,"lpe":98.68,"lpr":20622.34,"lq":1.0},{"pi":"1518","pc":"Автомобильные товары","ss":500,"td":"Центр города","dc":3,"n":57.68,"vc":"более 100","sl":"Очень высокий","sv":"менее 50","p":18000.0,"q":5.92,"b":0.0,"wi":0.19,"ei":3.75,"as":177.5,"mi":"E","mv":227,"sc":2,"lpe":98.68,"lpr":20622.34,"lq":1.0},{"pi":"1518","pc":"Автомобильные товары","ss":500,"td":"Центр города","dc":3,"n":66.33,"vc":"более 100","sl":"Очень высокий","sv":"менее 50","p":20000.0,"q":5.78,"b":0.0,"wi":0.19,"ei":3.75,"as":177.5,"mi":"E","mv":227,"sc":2,"lpe":98.68,"lpr":20622.34,"lq":1.0},{"pi":"1518","pc":"Автомобильные товары","ss":500,"td":"Центр города","dc":3,"n":57.68,"vc":"более 100","sl":"Очень высокий","sv":"менее 50","p":18000.0,"q":5.92,"b":0.0,"wi":0.19,"ei":3.75,"as":177.5,"mi":"E","mv":227,"sc":2,"lpe":98.68,"lpr":20622.34,"lq":1.0},{"pi":"1518","pc":"Автомобильные товары","ss":500,"td":"Центр города","dc":3,"n":66.33,"vc":"более 100","sl":"Очень высокий","sv":"менее 50","p":20000.0,"q":5.78,"b":0.0,"wi":0.19,"ei":3.75,"as":177.5,"mi":"E","mv":227,"sc":2,"lpe":98.68,"lpr":20622.34,"lq":1.0},{"pi":"1518","pc":"Автомобильные товары","ss":500,"td":"Центр города","dc":3,"n":57.68,"vc":"более 100","sl":"Очень высокий","sv":"менее 50","p":18000.0,"q":5.92,"b":0.0,"wi":0.19,"ei":3.75,"as":177.5,"mi":"E","mv":227,"sc":2,"lpe":98.68,"lpr":20622.34,"lq":1.0},{"pi":"1518","pc":"Автомобильные товары","ss":500,"td":"Центр города","dc":3,"n":66.33,"vc":"более 100","sl":"Очень высокий","sv":"менее 50","p":20000.0,"q":5.78,"b":0.0,"wi":0.19,"ei":3.75,"as":177.5,"mi":"E","mv":227,"sc":2,"lpe":98.68,"lpr":20622.34,"lq":1.0},{"pi":"1518","pc":"Автомобильные товары","ss":500,"td":"Центр города","dc":3,"n":57.68,"vc":"более 100","sl":"Очень высокий","sv":"менее 50","p":18000.0,"q":5.92,"b":0.0,"wi":0.19,"ei":3.75,"as":177.5,"mi":"E","mv":227,"sc":2,"lpe":98.68,"lpr":20622.34,"lq":1.0},{"pi":"1518","pc":"Автомобильные товары","ss":500,"td":"Центр города","dc":3,"n":66.33,"vc":"более 100","sl":"Очень высокий","sv":"менее 50","p":20000.0,"q":5.78,"b":0.0,"wi":0.19,"ei":3.75,"as":177.5,"mi":"E","mv":227,"sc":2,"lpe":98.68,"lpr":20622.34,"lq":1.0},{"pi":"1518","pc":"Автомобильные товары","ss":500,"td":"Центр города","dc":3,"n":57.68,"vc":"более 100","sl":"Очень высокий","sv":"менее 50","p":18000.0,"q":5.92,"b":0.0,"wi":0.19,"ei":3.75,"as":177.5,"mi":"E","mv":227,"sc":2,"lpe":98.68,"lpr":20622.34,"lq":1.0},{"pi":"1518","pc":"Автомобильные товары","ss":500,"td":"Центр города","dc":3,"n":66.33,"vc":"более 100","sl":"Очень высокий","sv":"менее 50","p":20000.0,"q":5.78,"b":0.0,"wi":0.19,"ei":3.75,"as":177.5,"mi":"E","mv":227,"sc":2,"lpe":98.68,"lpr":20622.34,"lq":1.0},{"pi":"1518","pc":"Автомобильные товары","ss":500,"td":"Центр города","dc":3,"n":66.33,"vc":"более 100","sl":"Очень высокий","sv":"менее 50","p":20000.0,"q":5.78,"b":0.0,"wi":0.19,"ei":3.75,"as":177.5,"mi":"E","mv":227,"sc":2,"lpe":98.68,"lpr":20622.34,"lq":1.0},{"pi":"1518","pc":"Автомобильные товары","ss":500,"td":"Центр города","dc":3,"n":57.68,"vc":"более 100","sl":"Очень высокий","sv":"менее 50","p":18000.0,"q":5.92,"b":0.0,"wi":0.19,"ei":3.75,"as":177.5,"mi":"E","mv":227,"sc":2,"lpe":98.68,"lpr":20622.34,"lq":1.0},{"pi":"1518","pc":"Автомобильные товары","ss":500,"td":"Центр города","dc":3,"n":66.33,"vc":"более 100","sl":"Очень высокий","sv":"менее 50","p":20000.0,"q":5.78,"b":0.0,"wi":0.19,"ei":3.75,"as":177.5,"mi":"E","mv":227,"sc":2,"lpe":98.68,"lpr":20622.34,"lq":1.0},{"pi":"1518","pc":"Автомобильные товары","ss":500,"td":"Центр города","dc":3,"n":57.68,"vc":"более 100","sl":"Очень высокий","sv":"менее 50","p":18000.0,"q":5.92,"b":0.0,"wi":0.19,"ei":3.75,"as":177.5,"mi":"E","mv":227,"sc":2,"lpe":98.68,"lpr":20622.34,"lq":1.0},{"pi":"1518","pc":"Автомобильные товары","ss":500,"td":"Центр города","dc":3,"n":66.33,"vc":"более 100","sl":"Очень высокий","sv":"менее 50","p":20000.0,"q":5.78,"b":0.0,"wi":0.19,"ei":3.75,"as":177.5,"mi":"E","mv":227,"sc":2,"lpe":98.68,"lpr":20622.34,"lq":1.0},{"pi":"1518","pc":"Автомобильные товары","ss":500,"td":"Центр города","dc":3,"n":57.68,"vc":"более 100","sl":"Очень высокий","sv":"менее 50","p":18000.0,"q":5.92,"b":0.0,"wi":0.19,"ei":3.75,"as":177.5,"mi":"E","mv":227,"sc":2,"lpe":98.68,"lpr":20622.34,"lq":1.0},{"pi":"1518","pc":"Автомобильные товары","ss":500,"td":"Центр города","dc":3,"n":57.68,"vc":"более 100","sl":"Очень высокий","sv":"менее 50","p":18000.0,"q":5.92,"b":0.0,"wi":0.19,"ei":3.75,"as":177.5,"mi":"E","mv":227,"sc":2,"lpe":98.68,"lpr":20622.34,"lq":1.0},{"pi":"1518","pc":"Автомобильные товары","ss":500,"td":"Центр города","dc":3,"n":66.33,"vc":"более 100","sl":"Очень высокий","sv":"менее 50","p":20000.0,"q":5.78,"b":0.0,"wi":0.19,"ei":3.75,"as":177.5,"mi":"E","mv":227,"sc":2,"lpe":98.68,"lpr":20622.34,"lq":1.0},{"pi":"1518","pc":"Автомобильные товары","ss":500,"td":"Центр города","dc":3,"n":66.33,"vc":"более 100","sl":"Очень высокий","sv":"менее 50","p":20000.0,"q":5.78,"b":0.0,"wi":0.19,"ei":3.75,"as":177.5,"mi":"E","mv":227,"sc":2,"lpe":98.68,"lpr":20622.34,"lq":1.0},{"pi":"1518","pc":"Автомобильные товары","ss":500,"td":"Центр города","dc":3,"n":57.68,"vc":"более 100","sl":"Очень высокий","sv":"менее 50","p":18000.0,"q":5.92,"b":0.0,"wi":0.19,"ei":3.75,"as":177.5,"mi":"E","mv":227,"sc":2,"lpe":98.68,"lpr":20622.34,"lq":1.0}]