[{"pi":"1518","pc":"Автомобильные товары","ss":1000,"td":"Центр города","dc":1,"n":121.01,"vc":"около 1 000","sl":"Очень высокий","sv":"менее 50","p":45000.0,"q":5.0,"b":0.0,"ms":0.38,"wi":0.3,"ei":6.06,"as":330.02,"mi":"E","mv":2931,"sc":1,"lpe":99.62,"lpr":38000.14,"lq":1.0,"d":1293},{"pi":"1518","pc":"Автомобильные товары","ss":1000,"td":"Центр города","dc":1,"n":121.01,"vc":"около 1 000","sl":"Очень высокий","sv":"менее 50","p":45000.0,"q":5.0,"b":0.0,"ms":0.38,"wi":0.3,"ei":6.06,"as":330.02,"mi":"E","mv":2931,"sc":1,"lpe":99.62,"lpr":38000.14,"lq":1.0,"d":1293},{"pi":"1518","pc":"Автомобильные товары","ss":500,"td":"Центр города","dc":1,"n":12.17,"vc":"более 200","sl":"Элитный","sv":"менее 50","p":50000.0,"q":4.69,"b":0.0,"ms":0.36,"wi":0.51,"ei":6.14,"as":443.64,"mi":"E","mv":5806,"sc":1,"lpe":99.64,"lpr":51082.38,"lq":1.0,"d":2619},{"pi":"1518","pc":"Автомобильные товары","ss":500,"td":"Центр города","dc":1,"n":12.17,"vc":"более 200","sl":"Элитный","sv":"менее 50","p":50000.0,"q":4.69,"b":0.0,"ms":0.36,"wi":0.51,"ei":6.14,"as":443.64,"mi":"E","mv":5806,"sc":1,"lpe":99.64,"lpr":51082.38,"lq":1.0,"d":2619},{"pi":"1518","pc":"Автомобильные товары","ss":10000,"td":"Центр города","dc":1,"n":156.52,"vc":"около 5 000","sl":"Элитный","sv":"более 100","p":50000.0,"q":3.84,"b":0.42,"ms":1.95,"wi":0.48,"ei":5.95,"as":458.23,"mi":"E","mv":7962,"sc":1,"lpe":98.05,"lpr":52762.06,"lq":1.0,"d":4109},{"pi":"1518","pc":"Автомобильные товары","ss":10000,"td":"Центр города","dc":1,"n":156.52,"vc":"около 5 000","sl":"Элитный","sv":"более 100","p":50000.0,"q":3.84,"b":0.42,"ms":1.95,"wi":0.48,"ei":5.95,"as":458.23,"mi":"E","mv":7962,"sc":1,"lpe":98.05,"lpr":52762.06,"lq":1.0,"d":4109},{"pi":"1518","pc":"Автомобильные товары","ss":1000,"td":"Центр города","dc":1,"n":79.92,"vc":"около 500","sl":"Элитный","sv":"около 50","p":30000.0,"q":2.91,"b":0.0,"ms":2.34,"wi":0.3,"ei":4.37,"as":290.59,"mi":"E","mv":1412,"sc":1,"lpe":97.66,"lpr":33459.45,"lq":1.0,"d":635},{"pi":"1518","pc":"Автомобильные товары","ss":1000,"td":"Центр города","dc":1,"n":79.92,"vc":"около 500","sl":"Элитный","sv":"около 50","p":30000.0,"q":2.91,"b":0.0,"ms":2.34,"wi":0.3,"ei":4.37,"as":290.59,"mi":"E","mv":1412,"sc":1,"lpe":97.66,"lpr":33459.45,"lq":1.0,"d":635},{"pi":"1518","pc":"Автомобильные товары","ss":500,"td":"Центр города","dc":1,"n":53.12,"vc":"более 100","sl":"Очень высокий","sv":"менее 50","p":30000.0,"q":5.0,"b":0.0,"ms":0.24,"wi":0.21,"ei":6.03,"as":316.7,"mi":"E","mv":1697,"sc":1,"lpe":99.76,"lpr":36466.3,"lq":1.0,"d":747},{"pi":"1518","pc":"Автомобильные товары","ss":1000,"td":"Центр города","dc":1,"n":0.0,"vc":"около 500","sl":"Элитный","sv":"около 50","p":40000.0,"q":2.9,"b":0.0,"ms":3.21,"wi":0.45,"ei":5.95,"as":466.2,"mi":"E","mv":1402,"sc":1,"lpe":96.79,"lpr":53680.42,"lq":1.0,"d":631},{"pi":"1518","pc":"Автомобильные товары","ss":1000,"td":"Центр города","dc":1,"n":0.0,"vc":"около 500","sl":"Элитный","sv":"около 50","p":40000.0,"q":2.9,"b":0.0,"ms":3.21,"wi":0.45,"ei":5.95,"as":466.2,"mi":"E","mv":1402,"sc":1,"lpe":96.79,"lpr":53680.42,"lq":1.0,"d":631},{"pi":"1518","pc":"Автомобильные товары","ss":500,"td":"Центр города","dc":1,"n":116.19,"vc":"более 200","sl":"Очень высокий","sv":"менее 50","p":35000.0,"q":4.77,"b":0.0,"ms":0.21,"wi":0.23,"ei":5.34,"as":310.5,"mi":"E","mv":1425,"sc":2,"lpe":99.51,"lpr":35751.68,"lq":1.0,"d":634},{"pi":"1518","pc":"Автомобильные товары","ss":500,"td":"Фешенебельный район","dc":1,"n":0.0,"vc":"менее 50","sl":"Элитный","sv":"менее 50","p":30000.0,"q":2.88,"b":0.0,"ms":0.21,"wi":0.23,"ei":5.34,"as":310.5,"mi":"E","mv":1425,"sc":2,"lpe":99.51,"lpr":35751.68,"lq":1.0,"d":634},{"pi":"1518","pc":"Автомобильные товары","ss":500,"td":"Центр города","dc":1,"n":116.19,"vc":"более 200","sl":"Очень высокий","sv":"менее 50","p":35000.0,"q":4.77,"b":0.0,"ms":0.21,"wi":0.23,"ei":5.34,"as":310.5,"mi":"E","mv":1425,"sc":2,"lpe":99.51,"lpr":35751.68,"lq":1.0,"d":634},{"pi":"1518","pc":"Автомобильные товары","ss":500,"td":"Фешенебельный район","dc":1,"n":0.0,"vc":"менее 50","sl":"Элитный","sv":"менее 50","p":30000.0,"q":2.88,"b":0.0,"ms":0.21,"wi":0.23,"ei":5.34,"as":310.5,"mi":"E","mv":1425,"sc":2,"lpe":99.51,"lpr":35751.68,"lq":1.0,"d":634},{"pi":"1518","pc":"Автомобильные товары","ss":500,"td":"Центр города","dc":3,"n":50.83,"vc":"около 500","sl":"Высокий","sv":"менее 50","p":165956.25,"q":4.13,"b":0.0,"ms":0.06,"wi":1.41,"ei":8.2,"as":1410.0,"mi":"E","mv":1626,"sc":1,"lpe":99.94,"lpr":162352.88,"lq":1.0,"d":1409},{"pi":"1518","pc":"Автомобильные товары","ss":500,"td":"Центр города","dc":3,"n":50.83,"vc":"около 500","sl":"Высокий","sv":"менее 50","p":165956.25,"q":4.13,"b":0.0,"ms":0.06,"wi":1.41,"ei":8.2,"as":1410.0,"mi":"E","mv":1626,"sc":1,"lpe":99.94,"lpr":162352.88,"lq":1.0,"d":1409},{"pi":"1518","pc":"Автомобильные товары","ss":500,"td":"Центр города","dc":3,"n":50.83,"vc":"около 500","sl":"Высокий","sv":"менее 50","p":165956.25,"q":4.13,"b":0.0,"ms":0.06,"wi":1.41,"ei":8.2,"as":1410.0,"mi":"E","mv":1626,"sc":1,"lpe":99.94,"lpr":162352.88,"lq":1.0,"d":1409},{"pi":"1518","pc":"Автомобильные товары","ss":500,"td":"Центр города","dc":3,"n":50.83,"vc":"около 500","sl":"Высокий","sv":"менее 50","p":165956.25,"q":4.13,"b":0.0,"ms":0.06,"wi":1.41,"ei":8.2,"as":1410.0,"mi":"E","mv":1626,"sc":1,"lpe":99.94,"lpr":162352.88,"lq":1.0,"d":1409},{"pi":"1518","pc":"Автомобильные товары","ss":500,"td":"Центр города","dc":3,"n":50.83,"vc":"около 500","sl":"Высокий","sv":"менее 50","p":165956.25,"q":4.13,"b":0.0,"ms":0.06,"wi":1.41,"ei":8.2,"as":1410.0,"mi":"E","mv":1626,"sc":1,"lpe":99.94,"lpr":162352.88,"lq":1.0,"d":1409},{"pi":"1518","pc":"Автомобильные товары","ss":500,"td":"Центр города","dc":3,"n":50.83,"vc":"около 500","sl":"Высокий","sv":"менее 50","p":165956.25,"q":4.13,"b":0.0,"ms":0.06,"wi":1.41,"ei":8.2,"as":1410.0,"mi":"E","mv":1626,"sc":1,"lpe":99.94,"lpr":162352.88,"lq":1.0,"d":1409},{"pi":"1518","pc":"Автомобильные товары","ss":500,"td":"Центр города","dc":3,"n":50.83,"vc":"около 500","sl":"Высокий","sv":"менее 50","p":165956.25,"q":4.13,"b":0.0,"ms":0.06,"wi":1.41,"ei":8.2,"as":1410.0,"mi":"E","mv":1626,"sc":1,"lpe":99.94,"lpr":162352.88,"lq":1.0,"d":1409},{"pi":"1518","pc":"Автомобильные товары","ss":500,"td":"Центр города","dc":3,"n":50.83,"vc":"около 500","sl":"Высокий","sv":"менее 50","p":165956.25,"q":4.13,"b":0.0,"ms":0.06,"wi":1.41,"ei":8.2,"as":1410.0,"mi":"E","mv":1626,"sc":1,"lpe":99.94,"lpr":162352.88,"lq":1.0,"d":1409},{"pi":"1518","pc":"Автомобильные товары","ss":500,"td":"Центр города","dc":3,"n":50.83,"vc":"около 500","sl":"Высокий","sv":"менее 50","p":165956.25,"q":4.13,"b":0.0,"ms":0.06,"wi":1.41,"ei":8.2,"as":1410.0,"mi":"E","mv":1626,"sc":1,"lpe":99.94,"lpr":162352.88,"lq":1.0,"d":1409},{"pi":"1518","pc":"Автомобильные товары","ss":500,"td":"Центр города","dc":3,"n":50.83,"vc":"около 500","sl":"Высокий","sv":"менее 50","p":165956.25,"q":4.13,"b":0.0,"ms":0.06,"wi":1.41,"ei":8.2,"as":1410.0,"mi":"E","mv":1626,"sc":1,"lpe":99.94,"lpr":162352.88,"lq":1.0,"d":1409},{"pi":"1518","pc":"Автомобильные товары","ss":500,"td":"Центр города","dc":3,"n":50.83,"vc":"около 500","sl":"Высокий","sv":"менее 50","p":165956.25,"q":4.13,"b":0.0,"ms":0.06,"wi":1.41,"ei":8.2,"as":1410.0,"mi":"E","mv":1626,"sc":1,"lpe":99.94,"lpr":162352.88,"lq":1.0,"d":1409},{"pi":"1518","pc":"Автомобильные товары","ss":500,"td":"Центр города","dc":3,"n":50.83,"vc":"около 500","sl":"Высокий","sv":"менее 50","p":165956.25,"q":4.13,"b":0.0,"ms":0.06,"wi":1.41,"ei":8.2,"as":1410.0,"mi":"E","mv":1626,"sc":1,"lpe":99.94,"lpr":162352.88,"lq":1.0,"d":1409},{"pi":"1518","pc":"Автомобильные товары","ss":500,"td":"Центр города","dc":3,"n":50.83,"vc":"около 500","sl":"Высокий","sv":"менее 50","p":165956.25,"q":4.13,"b":0.0,"ms":0.06,"wi":1.41,"ei":8.2,"as":1410.0,"mi":"E","mv":1626,"sc":1,"lpe":99.94,"lpr":162352.88,"lq":1.0,"d":1409},{"pi":"1518","pc":"Автомобильные товары","ss":10000,"td":"Центр города","dc":1,"n":7.88,"vc":"более 1 000","sl":"Элитный","sv":"менее 50","p":165000.0,"q":5.0,"b":0.0,"ms":0.08,"wi":1.49,"ei":8.3,"as":1440.0,"mi":"E","mv":6632,"sc":2,"lpe":99.85,"lpr":165807.2,"lq":1.0,"d":3884},{"pi":"1518","pc":"Автомобильные товары","ss":1000,"td":"Центр города","dc":1,"n":55.49,"vc":"около 1 000","sl":"Элитный","sv":"менее 50","p":168362.0,"q":1.0,"b":0.0,"ms":0.08,"wi":1.49,"ei":8.3,"as":1440.0,"mi":"E","mv":6632,"sc":2,"lpe":99.85,"lpr":165807.2,"lq":1.0,"d":3884},{"pi":"1518","pc":"Автомобильные товары","ss":10000,"td":"Центр города","dc":1,"n":7.88,"vc":"более 1 000","sl":"Элитный","sv":"менее 50","p":165000.0,"q":5.0,"b":0.0,"ms":0.08,"wi":1.49,"ei":8.3,"as":1440.0,"mi":"E","mv":6632,"sc":2,"lpe":99.85,"lpr":165807.2,"lq":1.0,"d":3884},{"pi":"1518","pc":"Автомобильные товары","ss":1000,"td":"Центр города","dc":1,"n":55.49,"vc":"около 1 000","sl":"Элитный","sv":"менее 50","p":168362.0,"q":1.0,"b":0.0,"ms":0.08,"wi":1.49,"ei":8.3,"as":1440.0,"mi":"E","mv":6632,"sc":2,"lpe":99.85,"lpr":165807.2,"lq":1.0,"d":3884},{"pi":"1518","pc":"Автомобильные товары","ss":1000,"td":"Центр города","dc":1,"n":298.0,"vc":"более 1 000","sl":"Очень высокий","sv":"менее 50","p":12700.0,"q":1.0,"b":0.0,"ms":2.35,"wi":0.12,"ei":2.94,"as":111.16,"mi":"E","mv":596,"sc":1,"lpe":97.65,"lpr":12739.13,"lq":1.0,"d":476},{"pi":"1518","pc":"Автомобильные товары","ss":1000,"td":"Центр города","dc":1,"n":298.0,"vc":"более 1 000","sl":"Очень высокий","sv":"менее 50","p":12700.0,"q":1.0,"b":0.0,"ms":2.35,"wi":0.12,"ei":2.94,"as":111.16,"mi":"E","mv":596,"sc":1,"lpe":97.65,"lpr":12739.13,"lq":1.0,"d":476},{"pi":"1518","pc":"Автомобильные товары","ss":1000,"td":"Центр города","dc":1,"n":33.8,"vc":"около 500","sl":"Элитный","sv":"менее 50","p":145000.0,"q":3.85,"b":0.0,"ms":0.98,"wi":1.18,"ei":7.7,"as":1250.0,"mi":"E","mv":614,"sc":1,"lpe":99.02,"lpr":143929.86,"lq":1.0,"d":652},{"pi":"1518","pc":"Автомобильные товары","ss":1000,"td":"Центр города","dc":1,"n":33.8,"vc":"около 500","sl":"Элитный","sv":"менее 50","p":145000.0,"q":3.85,"b":0.0,"ms":0.98,"wi":1.18,"ei":7.7,"as":1250.0,"mi":"E","mv":614,"sc":1,"lpe":99.02,"lpr":143929.86,"lq":1.0,"d":652}]