[{"pi":"1518","pc":"Автомобильные товары","ss":1000,"td":"Центр города","dc":2,"n":97.85,"vc":"около 1 000","sl":"Очень высокий","sv":"менее 50","p":49500.0,"q":5.0,"b":0.0,"ms":0.21,"wi":0.57,"ei":6.14,"as":443.64,"mi":"E","mv":6213,"sc":1,"lpe":99.79,"lpr":51082.38,"lq":1.0,"d":2619},{"pi":"1518","pc":"Автомобильные товары","ss":1000,"td":"Центр города","dc":2,"n":97.85,"vc":"около 1 000","sl":"Очень высокий","sv":"менее 50","p":49500.0,"q":5.0,"b":0.0,"ms":0.21,"wi":0.57,"ei":6.14,"as":443.64,"mi":"E","mv":6213,"sc":1,"lpe":99.79,"lpr":51082.38,"lq":1.0,"d":2619},{"pi":"1518","pc":"Автомобильные товары","ss":10000,"td":"Спальный район","dc":3,"n":194.81,"vc":"около 5 000","sl":"Нормальный","sv":"менее 50","p":53000.0,"q":3.99,"b":0.88,"ms":0.12,"wi":0.55,"ei":5.95,"as":458.23,"mi":"E","mv":7432,"sc":2,"lpe":99.18,"lpr":52762.06,"lq":1.0,"d":4109},{"pi":"1518","pc":"Автомобильные товары","ss":10000,"td":"Спальный район","dc":3,"n":194.81,"vc":"около 5 000","sl":"Нормальный","sv":"менее 50","p":53000.0,"q":3.99,"b":0.88,"ms":0.12,"wi":0.55,"ei":5.95,"as":458.23,"mi":"E","mv":7432,"sc":2,"lpe":99.18,"lpr":52762.06,"lq":1.0,"d":4109},{"pi":"1518","pc":"Автомобильные товары","ss":10000,"td":"Спальный район","dc":3,"n":194.81,"vc":"около 5 000","sl":"Нормальный","sv":"менее 50","p":53000.0,"q":3.99,"b":0.88,"ms":0.12,"wi":0.55,"ei":5.95,"as":458.23,"mi":"E","mv":7432,"sc":2,"lpe":99.18,"lpr":52762.06,"lq":1.0,"d":4109},{"pi":"1518","pc":"Автомобильные товары","ss":10000,"td":"Спальный район","dc":3,"n":194.81,"vc":"около 5 000","sl":"Нормальный","sv":"менее 50","p":53000.0,"q":3.99,"b":0.88,"ms":0.12,"wi":0.55,"ei":5.95,"as":458.23,"mi":"E","mv":7432,"sc":2,"lpe":99.18,"lpr":52762.06,"lq":1.0,"d":4109},{"pi":"1518","pc":"Автомобильные товары","ss":10000,"td":"Спальный район","dc":3,"n":194.81,"vc":"около 5 000","sl":"Нормальный","sv":"менее 50","p":53000.0,"q":3.99,"b":0.88,"ms":0.12,"wi":0.55,"ei":5.95,"as":458.23,"mi":"E","mv":7432,"sc":2,"lpe":99.18,"lpr":52762.06,"lq":1.0,"d":4109},{"pi":"1518","pc":"Автомобильные товары","ss":10000,"td":"Спальный район","dc":3,"n":194.81,"vc":"около 5 000","sl":"Нормальный","sv":"менее 50","p":53000.0,"q":3.99,"b":0.88,"ms":0.12,"wi":0.55,"ei":5.95,"as":458.23,"mi":"E","mv":7432,"sc":2,"lpe":99.18,"lpr":52762.06,"lq":1.0,"d":4109},{"pi":"1518","pc":"Автомобильные товары","ss":10000,"td":"Спальный район","dc":3,"n":194.81,"vc":"около 5 000","sl":"Нормальный","sv":"менее 50","p":53000.0,"q":3.99,"b":0.88,"ms":0.12,"wi":0.55,"ei":5.95,"as":458.23,"mi":"E","mv":7432,"sc":2,"lpe":99.18,"lpr":52762.06,"lq":1.0,"d":4109},{"pi":"1518","pc":"Автомобильные товары","ss":10000,"td":"Спальный район","dc":3,"n":194.81,"vc":"около 5 000","sl":"Нормальный","sv":"менее 50","p":53000.0,"q":3.99,"b":0.88,"ms":0.12,"wi":0.55,"ei":5.95,"as":458.23,"mi":"E","mv":7432,"sc":2,"lpe":99.18,"lpr":52762.06,"lq":1.0,"d":4109},{"pi":"1518","pc":"Автомобильные товары","ss":10000,"td":"Спальный район","dc":3,"n":194.81,"vc":"около 5 000","sl":"Нормальный","sv":"менее 50","p":53000.0,"q":3.99,"b":0.88,"ms":0.12,"wi":0.55,"ei":5.95,"as":458.23,"mi":"E","mv":7432,"sc":2,"lpe":99.18,"lpr":52762.06,"lq":1.0,"d":4109},{"pi":"1518","pc":"Автомобильные товары","ss":10000,"td":"Спальный район","dc":3,"n":194.81,"vc":"около 5 000","sl":"Нормальный","sv":"менее 50","p":53000.0,"q":3.99,"b":0.88,"ms":0.12,"wi":0.55,"ei":5.95,"as":458.23,"mi":"E","mv":7432,"sc":2,"lpe":99.18,"lpr":52762.06,"lq":1.0,"d":4109},{"pi":"1518","pc":"Автомобильные товары","ss":10000,"td":"Спальный район","dc":3,"n":194.81,"vc":"около 5 000","sl":"Нормальный","sv":"менее 50","p":53000.0,"q":3.99,"b":0.88,"ms":0.12,"wi":0.55,"ei":5.95,"as":458.23,"mi":"E","mv":7432,"sc":2,"lpe":99.18,"lpr":52762.06,"lq":1.0,"d":4109},{"pi":"1518","pc":"Автомобильные товары","ss":10000,"td":"Спальный район","dc":3,"n":194.81,"vc":"около 5 000","sl":"Нормальный","sv":"менее 50","p":53000.0,"q":3.99,"b":0.88,"ms":0.12,"wi":0.55,"ei":5.95,"as":458.23,"mi":"E","mv":7432,"sc":2,"lpe":99.18,"lpr":52762.06,"lq":1.0,"d":4109},{"pi":"1518","pc":"Автомобильные товары","ss":10000,"td":"Спальный район","dc":3,"n":194.81,"vc":"около 5 000","sl":"Нормальный","sv":"менее 50","p":53000.0,"q":3.99,"b":0.88,"ms":0.12,"wi":0.55,"ei":5.95,"as":458.23,"mi":"E","mv":7432,"sc":2,"lpe":99.18,"lpr":52762.06,"lq":1.0,"d":4109},{"pi":"1518","pc":"Автомобильные товары","ss":1000,"td":"Центр города","dc":3,"n":35.19,"vc":"около 500","sl":"Элитный","sv":"менее 50","p":138000.0,"q":1.0,"b":0.0,"ms":0.38,"wi":1.38,"ei":7.8,"as":1190.0,"mi":"E","mv":785,"sc":2,"lpe":99.24,"lpr":139051.34,"lq":1.0,"d":843},{"pi":"1518","pc":"Автомобильные товары","ss":1000,"td":"Центр города","dc":3,"n":30.57,"vc":"около 500","sl":"Элитный","sv":"менее 50","p":137000.0,"q":1.0,"b":0.0,"ms":0.38,"wi":1.38,"ei":7.8,"as":1190.0,"mi":"E","mv":785,"sc":2,"lpe":99.24,"lpr":139051.34,"lq":1.0,"d":843},{"pi":"1518","pc":"Автомобильные товары","ss":1000,"td":"Центр города","dc":3,"n":30.57,"vc":"около 500","sl":"Элитный","sv":"менее 50","p":137000.0,"q":1.0,"b":0.0,"ms":0.38,"wi":1.38,"ei":7.8,"as":1190.0,"mi":"E","mv":785,"sc":2,"lpe":99.24,"lpr":139051.34,"lq":1.0,"d":843},{"pi":"1518","pc":"Автомобильные товары","ss":1000,"td":"Центр города","dc":3,"n":35.19,"vc":"около 500","sl":"Элитный","sv":"менее 50","p":138000.0,"q":1.0,"b":0.0,"ms":0.38,"wi":1.38,"ei":7.8,"as":1190.0,"mi":"E","mv":785,"sc":2,"lpe":99.24,"lpr":139051.34,"lq":1.0,"d":843},{"pi":"1518","pc":"Автомобильные товары","ss":1000,"td":"Центр города","dc":3,"n":35.19,"vc":"около 500","sl":"Элитный","sv":"менее 50","p":138000.0,"q":1.0,"b":0.0,"ms":0.38,"wi":1.38,"ei":7.8,"as":1190.0,"mi":"E","mv":785,"sc":2,"lpe":99.24,"lpr":139051.34,"lq":1.0,"d":843},{"pi":"1518","pc":"Автомобильные товары","ss":1000,"td":"Центр города","dc":3,"n":30.57,"vc":"около 500","sl":"Элитный","sv":"менее 50","p":137000.0,"q":1.0,"b":0.0,"ms":0.38,"wi":1.38,"ei":7.8,"as":1190.0,"mi":"E","mv":785,"sc":2,"lpe":99.24,"lpr":139051.34,"lq":1.0,"d":843},{"pi":"1518","pc":"Автомобильные товары","ss":1000,"td":"Центр города","dc":3,"n":30.57,"vc":"около 500","sl":"Элитный","sv":"менее 50","p":137000.0,"q":1.0,"b":0.0,"ms":0.38,"wi":1.38,"ei":7.8,"as":1190.0,"mi":"E","mv":785,"sc":2,"lpe":99.24,"lpr":139051.34,"lq":1.0,"d":843},{"pi":"1518","pc":"Автомобильные товары","ss":1000,"td":"Центр города","dc":3,"n":35.19,"vc":"около 500","sl":"Элитный","sv":"менее 50","p":138000.0,"q":1.0,"b":0.0,"ms":0.38,"wi":1.38,"ei":7.8,"as":1190.0,"mi":"E","mv":785,"sc":2,"lpe":99.24,"lpr":139051.34,"lq":1.0,"d":843},{"pi":"1518","pc":"Автомобильные товары","ss":1000,"td":"Центр города","dc":3,"n":35.19,"vc":"около 500","sl":"Элитный","sv":"менее 50","p":138000.0,"q":1.0,"b":0.0,"ms":0.38,"wi":1.38,"ei":7.8,"as":1190.0,"mi":"E","mv":785,"sc":2,"lpe":99.24,"lpr":139051.34,"lq":1.0,"d":843},{"pi":"1518","pc":"Автомобильные товары","ss":1000,"td":"Центр города","dc":3,"n":30.57,"vc":"около 500","sl":"Элитный","sv":"менее 50","p":137000.0,"q":1.0,"b":0.0,"ms":0.38,"wi":1.38,"ei":7.8,"as":1190.0,"mi":"E","mv":785,"sc":2,"lpe":99.24,"lpr":139051.34,"lq":1.0,"d":843},{"pi":"1518","pc":"Автомобильные товары","ss":1000,"td":"Центр города","dc":3,"n":35.19,"vc":"около 500","sl":"Элитный","sv":"менее 50","p":138000.0,"q":1.0,"b":0.0,"ms":0.38,"wi":1.38,"ei":7.8,"as":1190.0,"mi":"E","mv":785,"sc":2,"lpe":99.24,"lpr":139051.34,"lq":1.0,"d":843},{"pi":"1518","pc":"Автомобильные товары","ss":1000,"td":"Центр города","dc":3,"n":30.57,"vc":"около 500","sl":"Элитный","sv":"менее 50","p":137000.0,"q":1.0,"b":0.0,"ms":0.38,"wi":1.38,"ei":7.8,"as":1190.0,"mi":"E","mv":785,"sc":2,"lpe":99.24,"lpr":139051.34,"lq":1.0,"d":843},{"pi":"1518","pc":"Автомобильные товары","ss":1000,"td":"Центр города","dc":1,"n":18.38,"vc":"более 1 000","sl":"Элитный","sv":"около 50","p":160000.0,"q":5.0,"b":0.0,"ms":0.34,"wi":1.57,"ei":8.5,"as":1540.0,"mi":"E","mv":14544,"sc":3,"lpe":99.61,"lpr":179148.94,"lq":1.0,"d":8406},{"pi":"1518","pc":"Автомобильные товары","ss":1000,"td":"Центр города","dc":2,"n":2.6,"vc":"около 1 000","sl":"Очень высокий","sv":"менее 50","p":170000.0,"q":1.0,"b":0.0,"ms":0.03,"wi":1.57,"ei":8.5,"as":1540.0,"mi":"E","mv":14544,"sc":3,"lpe":99.61,"lpr":179148.94,"lq":1.0,"d":8406},{"pi":"1518","pc":"Автомобильные товары","ss":1000,"td":"Центр города","dc":3,"n":4.32,"vc":"около 500","sl":"Очень высокий","sv":"менее 50","p":178000.0,"q":1.0,"b":0.0,"ms":0.01,"wi":1.57,"ei":8.5,"as":1540.0,"mi":"E","mv":14544,"sc":3,"lpe":99.61,"lpr":179148.94,"lq":1.0,"d":8406},{"pi":"1518","pc":"Автомобильные товары","ss":1000,"td":"Центр города","dc":2,"n":2.6,"vc":"около 1 000","sl":"Очень высокий","sv":"менее 50","p":170000.0,"q":1.0,"b":0.0,"ms":0.03,"wi":1.57,"ei":8.5,"as":1540.0,"mi":"E","mv":14544,"sc":3,"lpe":99.61,"lpr":179148.94,"lq":1.0,"d":8406},{"pi":"1518","pc":"Автомобильные товары","ss":1000,"td":"Центр города","dc":3,"n":4.32,"vc":"около 500","sl":"Очень высокий","sv":"менее 50","p":178000.0,"q":1.0,"b":0.0,"ms":0.01,"wi":1.57,"ei":8.5,"as":1540.0,"mi":"E","mv":14544,"sc":3,"lpe":99.61,"lpr":179148.94,"lq":1.0,"d":8406},{"pi":"1518","pc":"Автомобильные товары","ss":1000,"td":"Центр города","dc":3,"n":4.32,"vc":"около 500","sl":"Очень высокий","sv":"менее 50","p":178000.0,"q":1.0,"b":0.0,"ms":0.01,"wi":1.57,"ei":8.5,"as":1540.0,"mi":"E","mv":14544,"sc":3,"lpe":99.61,"lpr":179148.94,"lq":1.0,"d":8406},{"pi":"1518","pc":"Автомобильные товары","ss":1000,"td":"Центр города","dc":2,"n":2.6,"vc":"около 1 000","sl":"Очень высокий","sv":"менее 50","p":170000.0,"q":1.0,"b":0.0,"ms":0.03,"wi":1.57,"ei":8.5,"as":1540.0,"mi":"E","mv":14544,"sc":3,"lpe":99.61,"lpr":179148.94,"lq":1.0,"d":8406},{"pi":"1518","pc":"Автомобильные товары","ss":1000,"td":"Центр города","dc":2,"n":2.6,"vc":"около 1 000","sl":"Очень высокий","sv":"менее 50","p":170000.0,"q":1.0,"b":0.0,"ms":0.03,"wi":1.57,"ei":8.5,"as":1540.0,"mi":"E","mv":14544,"sc":3,"lpe":99.61,"lpr":179148.94,"lq":1.0,"d":8406},{"pi":"1518","pc":"Автомобильные товары","ss":1000,"td":"Центр города","dc":3,"n":4.32,"vc":"около 500","sl":"Очень высокий","sv":"менее 50","p":178000.0,"q":1.0,"b":0.0,"ms":0.01,"wi":1.57,"ei":8.5,"as":1540.0,"mi":"E","mv":14544,"sc":3,"lpe":99.61,"lpr":179148.94,"lq":1.0,"d":8406},{"pi":"1518","pc":"Автомобильные товары","ss":1000,"td":"Центр города","dc":3,"n":4.32,"vc":"около 500","sl":"Очень высокий","sv":"менее 50","p":178000.0,"q":1.0,"b":0.0,"ms":0.01,"wi":1.57,"ei":8.5,"as":1540.0,"mi":"E","mv":14544,"sc":3,"lpe":99.61,"lpr":179148.94,"lq":1.0,"d":8406},{"pi":"1518","pc":"Автомобильные товары","ss":1000,"td":"Центр города","dc":2,"n":2.6,"vc":"около 1 000","sl":"Очень высокий","sv":"менее 50","p":170000.0,"q":1.0,"b":0.0,"ms":0.03,"wi":1.57,"ei":8.5,"as":1540.0,"mi":"E","mv":14544,"sc":3,"lpe":99.61,"lpr":179148.94,"lq":1.0,"d":8406},{"pi":"1518","pc":"Автомобильные товары","ss":1000,"td":"Центр города","dc":1,"n":18.38,"vc":"более 1 000","sl":"Элитный","sv":"около 50","p":160000.0,"q":5.0,"b":0.0,"ms":0.34,"wi":1.57,"ei":8.5,"as":1540.0,"mi":"E","mv":14544,"sc":3,"lpe":99.61,"lpr":179148.94,"lq":1.0,"d":8406},{"pi":"1518","pc":"Автомобильные товары","ss":1000,"td":"Центр города","dc":2,"n":2.6,"vc":"около 1 000","sl":"Очень высокий","sv":"менее 50","p":170000.0,"q":1.0,"b":0.0,"ms":0.03,"wi":1.57,"ei":8.5,"as":1540.0,"mi":"E","mv":14544,"sc":3,"lpe":99.61,"lpr":179148.94,"lq":1.0,"d":8406},{"pi":"1518","pc":"Автомобильные товары","ss":1000,"td":"Центр города","dc":3,"n":4.32,"vc":"около 500","sl":"Очень высокий","sv":"менее 50","p":178000.0,"q":1.0,"b":0.0,"ms":0.01,"wi":1.57,"ei":8.5,"as":1540.0,"mi":"E","mv":14544,"sc":3,"lpe":99.61,"lpr":179148.94,"lq":1.0,"d":8406},{"pi":"1518","pc":"Автомобильные товары","ss":1000,"td":"Центр города","dc":1,"n":30.93,"vc":"около 500","sl":"Элитный","sv":"около 50","p":129999.0,"q":5.0,"b":0.0,"ms":3.31,"wi":1.33,"ei":7.7,"as":1225.0,"mi":"E","mv":1448,"sc":1,"lpe":96.69,"lpr":139898.08,"lq":1.0,"d":1356},{"pi":"1518","pc":"Автомобильные товары","ss":1000,"td":"Центр города","dc":1,"n":30.93,"vc":"около 500","sl":"Элитный","sv":"около 50","p":129999.0,"q":5.0,"b":0.0,"ms":3.31,"wi":1.33,"ei":7.7,"as":1225.0,"mi":"E","mv":1448,"sc":1,"lpe":96.69,"lpr":139898.08,"lq":1.0,"d":1356},{"pi":"1518","pc":"Автомобильные товары","ss":1000,"td":"Центр города","dc":2,"n":11.89,"vc":"около 500","sl":"Элитный","sv":"менее 50","p":143000.0,"q":1.0,"b":0.0,"ms":0.04,"wi":1.23,"ei":8.6,"as":1300.0,"mi":"E","mv":4838,"sc":1,"lpe":99.96,"lpr":145820.77,"lq":1.0,"d":2719},{"pi":"1518","pc":"Автомобильные товары","ss":1000,"td":"Центр города","dc":2,"n":11.89,"vc":"около 500","sl":"Элитный","sv":"менее 50","p":143000.0,"q":1.0,"b":0.0,"ms":0.04,"wi":1.23,"ei":8.6,"as":1300.0,"mi":"E","mv":4838,"sc":1,"lpe":99.96,"lpr":145820.77,"lq":1.0,"d":2719},{"pi":"1518","pc":"Автомобильные товары","ss":1000,"td":"Центр города","dc":2,"n":11.89,"vc":"около 500","sl":"Элитный","sv":"менее 50","p":143000.0,"q":1.0,"b":0.0,"ms":0.04,"wi":1.23,"ei":8.6,"as":1300.0,"mi":"E","mv":4838,"sc":1,"lpe":99.96,"lpr":145820.77,"lq":1.0,"d":2719},{"pi":"1518","pc":"Автомобильные товары","ss":1000,"td":"Центр города","dc":2,"n":11.89,"vc":"около 500","sl":"Элитный","sv":"менее 50","p":143000.0,"q":1.0,"b":0.0,"ms":0.04,"wi":1.23,"ei":8.6,"as":1300.0,"mi":"E","mv":4838,"sc":1,"lpe":99.96,"lpr":145820.77,"lq":1.0,"d":2719},{"pi":"1518","pc":"Автомобильные товары","ss":1000,"td":"Центр города","dc":2,"n":11.89,"vc":"около 500","sl":"Элитный","sv":"менее 50","p":143000.0,"q":1.0,"b":0.0,"ms":0.04,"wi":1.23,"ei":8.6,"as":1300.0,"mi":"E","mv":4838,"sc":1,"lpe":99.96,"lpr":145820.77,"lq":1.0,"d":2719},{"pi":"1518","pc":"Автомобильные товары","ss":1000,"td":"Центр города","dc":2,"n":11.89,"vc":"около 500","sl":"Элитный","sv":"менее 50","p":143000.0,"q":1.0,"b":0.0,"ms":0.04,"wi":1.23,"ei":8.6,"as":1300.0,"mi":"E","mv":4838,"sc":1,"lpe":99.96,"lpr":145820.77,"lq":1.0,"d":2719},{"pi":"1518","pc":"Автомобильные товары","ss":1000,"td":"Центр города","dc":1,"n":76.09,"vc":"около 500","sl":"Элитный","sv":"менее 50","p":129999.0,"q":5.0,"b":0.0,"ms":1.64,"wi":1.3,"ei":7.3,"as":1135.0,"mi":"E","mv":1220,"sc":2,"lpe":98.2,"lpr":130226.86,"lq":1.0,"d":843},{"pi":"1518","pc":"Автомобильные товары","ss":1000,"td":"Центр города","dc":2,"n":7.27,"vc":"около 500","sl":"Элитный","sv":"менее 50","p":128000.0,"q":1.0,"b":0.0,"ms":0.16,"wi":1.3,"ei":7.3,"as":1135.0,"mi":"E","mv":1220,"sc":2,"lpe":98.2,"lpr":130226.86,"lq":1.0,"d":843},{"pi":"1518","pc":"Автомобильные товары","ss":1000,"td":"Центр города","dc":2,"n":7.27,"vc":"около 500","sl":"Элитный","sv":"менее 50","p":128000.0,"q":1.0,"b":0.0,"ms":0.16,"wi":1.3,"ei":7.3,"as":1135.0,"mi":"E","mv":1220,"sc":2,"lpe":98.2,"lpr":130226.86,"lq":1.0,"d":843},{"pi":"1518","pc":"Автомобильные товары","ss":1000,"td":"Центр города","dc":2,"n":7.27,"vc":"около 500","sl":"Элитный","sv":"менее 50","p":128000.0,"q":1.0,"b":0.0,"ms":0.16,"wi":1.3,"ei":7.3,"as":1135.0,"mi":"E","mv":1220,"sc":2,"lpe":98.2,"lpr":130226.86,"lq":1.0,"d":843},{"pi":"1518","pc":"Автомобильные товары","ss":1000,"td":"Центр города","dc":2,"n":7.27,"vc":"около 500","sl":"Элитный","sv":"менее 50","p":128000.0,"q":1.0,"b":0.0,"ms":0.16,"wi":1.3,"ei":7.3,"as":1135.0,"mi":"E","mv":1220,"sc":2,"lpe":98.2,"lpr":130226.86,"lq":1.0,"d":843},{"pi":"1518","pc":"Автомобильные товары","ss":1000,"td":"Центр города","dc":2,"n":7.27,"vc":"около 500","sl":"Элитный","sv":"менее 50","p":128000.0,"q":1.0,"b":0.0,"ms":0.16,"wi":1.3,"ei":7.3,"as":1135.0,"mi":"E","mv":1220,"sc":2,"lpe":98.2,"lpr":130226.86,"lq":1.0,"d":843},{"pi":"1518","pc":"Автомобильные товары","ss":1000,"td":"Центр города","dc":1,"n":76.09,"vc":"около 500","sl":"Элитный","sv":"менее 50","p":129999.0,"q":5.0,"b":0.0,"ms":1.64,"wi":1.3,"ei":7.3,"as":1135.0,"mi":"E","mv":1220,"sc":2,"lpe":98.2,"lpr":130226.86,"lq":1.0,"d":843},{"pi":"1518","pc":"Автомобильные товары","ss":1000,"td":"Центр города","dc":2,"n":7.27,"vc":"около 500","sl":"Элитный","sv":"менее 50","p":128000.0,"q":1.0,"b":0.0,"ms":0.16,"wi":1.3,"ei":7.3,"as":1135.0,"mi":"E","mv":1220,"sc":2,"lpe":98.2,"lpr":130226.86,"lq":1.0,"d":843},{"pi":"1518","pc":"Автомобильные товары","ss":1000,"td":"Центр города","dc":1,"n":83.61,"vc":"около 500","sl":"Элитный","sv":"менее 50","p":129999.0,"q":5.0,"b":0.0,"ms":2.68,"wi":1.24,"ei":7.3,"as":1200.0,"mi":"E","mv":596,"sc":2,"lpe":97.15,"lpr":140320.71,"lq":1.0,"d":654},{"pi":"1518","pc":"Автомобильные товары","ss":1000,"td":"Фешенебельный район","dc":2,"n":38.59,"vc":"около 50","sl":"Элитный","sv":"менее 50","p":120000.0,"q":1.0,"b":0.0,"ms":0.17,"wi":1.24,"ei":7.3,"as":1200.0,"mi":"E","mv":596,"sc":2,"lpe":97.15,"lpr":140320.71,"lq":1.0,"d":654},{"pi":"1518","pc":"Автомобильные товары","ss":1000,"td":"Фешенебельный район","dc":2,"n":38.59,"vc":"около 50","sl":"Элитный","sv":"менее 50","p":120000.0,"q":1.0,"b":0.0,"ms":0.17,"wi":1.24,"ei":7.3,"as":1200.0,"mi":"E","mv":596,"sc":2,"lpe":97.15,"lpr":140320.71,"lq":1.0,"d":654},{"pi":"1518","pc":"Автомобильные товары","ss":1000,"td":"Фешенебельный район","dc":2,"n":38.59,"vc":"около 50","sl":"Элитный","sv":"менее 50","p":120000.0,"q":1.0,"b":0.0,"ms":0.17,"wi":1.24,"ei":7.3,"as":1200.0,"mi":"E","mv":596,"sc":2,"lpe":97.15,"lpr":140320.71,"lq":1.0,"d":654},{"pi":"1518","pc":"Автомобильные товары","ss":1000,"td":"Фешенебельный район","dc":2,"n":38.59,"vc":"около 50","sl":"Элитный","sv":"менее 50","p":120000.0,"q":1.0,"b":0.0,"ms":0.17,"wi":1.24,"ei":7.3,"as":1200.0,"mi":"E","mv":596,"sc":2,"lpe":97.15,"lpr":140320.71,"lq":1.0,"d":654},{"pi":"1518","pc":"Автомобильные товары","ss":1000,"td":"Фешенебельный район","dc":2,"n":38.59,"vc":"около 50","sl":"Элитный","sv":"менее 50","p":120000.0,"q":1.0,"b":0.0,"ms":0.17,"wi":1.24,"ei":7.3,"as":1200.0,"mi":"E","mv":596,"sc":2,"lpe":97.15,"lpr":140320.71,"lq":1.0,"d":654},{"pi":"1518","pc":"Автомобильные товары","ss":1000,"td":"Центр города","dc":1,"n":83.61,"vc":"около 500","sl":"Элитный","sv":"менее 50","p":129999.0,"q":5.0,"b":0.0,"ms":2.68,"wi":1.24,"ei":7.3,"as":1200.0,"mi":"E","mv":596,"sc":2,"lpe":97.15,"lpr":140320.71,"lq":1.0,"d":654},{"pi":"1518","pc":"Автомобильные товары","ss":1000,"td":"Фешенебельный район","dc":2,"n":38.59,"vc":"около 50","sl":"Элитный","sv":"менее 50","p":120000.0,"q":1.0,"b":0.0,"ms":0.17,"wi":1.24,"ei":7.3,"as":1200.0,"mi":"E","mv":596,"sc":2,"lpe":97.15,"lpr":140320.71,"lq":1.0,"d":654},{"pi":"1518","pc":"Автомобильные товары","ss":1000,"td":"Центр города","dc":2,"n":20.83,"vc":"около 500","sl":"Элитный","sv":"менее 50","p":140000.0,"q":1.0,"b":0.0,"ms":0.33,"wi":1.31,"ei":7.7,"as":1250.0,"mi":"E","mv":606,"sc":2,"lpe":99.01,"lpr":143409.32,"lq":1.0,"d":652},{"pi":"1518","pc":"Автомобильные товары","ss":1000,"td":"Центр города","dc":2,"n":7.18,"vc":"около 500","sl":"Элитный","sv":"менее 50","p":140000.0,"q":1.0,"b":0.0,"ms":0.66,"wi":1.31,"ei":7.7,"as":1250.0,"mi":"E","mv":606,"sc":2,"lpe":99.01,"lpr":143409.32,"lq":1.0,"d":652},{"pi":"1518","pc":"Автомобильные товары","ss":1000,"td":"Центр города","dc":2,"n":20.83,"vc":"около 500","sl":"Элитный","sv":"менее 50","p":140000.0,"q":1.0,"b":0.0,"ms":0.33,"wi":1.31,"ei":7.7,"as":1250.0,"mi":"E","mv":606,"sc":2,"lpe":99.01,"lpr":143409.32,"lq":1.0,"d":652},{"pi":"1518","pc":"Автомобильные товары","ss":1000,"td":"Центр города","dc":2,"n":7.18,"vc":"около 500","sl":"Элитный","sv":"менее 50","p":140000.0,"q":1.0,"b":0.0,"ms":0.66,"wi":1.31,"ei":7.7,"as":1250.0,"mi":"E","mv":606,"sc":2,"lpe":99.01,"lpr":143409.32,"lq":1.0,"d":652},{"pi":"1518","pc":"Автомобильные товары","ss":1000,"td":"Центр города","dc":2,"n":7.18,"vc":"около 500","sl":"Элитный","sv":"менее 50","p":140000.0,"q":1.0,"b":0.0,"ms":0.66,"wi":1.31,"ei":7.7,"as":1250.0,"mi":"E","mv":606,"sc":2,"lpe":99.01,"lpr":143409.32,"lq":1.0,"d":652},{"pi":"1518","pc":"Автомобильные товары","ss":1000,"td":"Центр города","dc":2,"n":20.83,"vc":"около 500","sl":"Элитный","sv":"менее 50","p":140000.0,"q":1.0,"b":0.0,"ms":0.33,"wi":1.31,"ei":7.7,"as":1250.0,"mi":"E","mv":606,"sc":2,"lpe":99.01,"lpr":143409.32,"lq":1.0,"d":652},{"pi":"1518","pc":"Автомобильные товары","ss":1000,"td":"Центр города","dc":2,"n":20.83,"vc":"около 500","sl":"Элитный","sv":"менее 50","p":140000.0,"q":1.0,"b":0.0,"ms":0.33,"wi":1.31,"ei":7.7,"as":1250.0,"mi":"E","mv":606,"sc":2,"lpe":99.01,"lpr":143409.32,"lq":1.0,"d":652},{"pi":"1518","pc":"Автомобильные товары","ss":1000,"td":"Центр города","dc":2,"n":7.18,"vc":"около 500","sl":"Элитный","sv":"менее 50","p":140000.0,"q":1.0,"b":0.0,"ms":0.66,"wi":1.31,"ei":7.7,"as":1250.0,"mi":"E","mv":606,"sc":2,"lpe":99.01,"lpr":143409.32,"lq":1.0,"d":652},{"pi":"1518","pc":"Автомобильные товары","ss":1000,"td":"Центр города","dc":2,"n":7.18,"vc":"около 500","sl":"Элитный","sv":"менее 50","p":140000.0,"q":1.0,"b":0.0,"ms":0.66,"wi":1.31,"ei":7.7,"as":1250.0,"mi":"E","mv":606,"sc":2,"lpe":99.01,"lpr":143409.32,"lq":1.0,"d":652},{"pi":"1518","pc":"Автомобильные товары","ss":1000,"td":"Центр города","dc":2,"n":20.83,"vc":"около 500","sl":"Элитный","sv":"менее 50","p":140000.0,"q":1.0,"b":0.0,"ms":0.33,"wi":1.31,"ei":7.7,"as":1250.0,"mi":"E","mv":606,"sc":2,"lpe":99.01,"lpr":143409.32,"lq":1.0,"d":652},{"pi":"1518","pc":"Автомобильные товары","ss":1000,"td":"Центр города","dc":2,"n":7.18,"vc":"около 500","sl":"Элитный","sv":"менее 50","p":140000.0,"q":1.0,"b":0.0,"ms":0.66,"wi":1.31,"ei":7.7,"as":1250.0,"mi":"E","mv":606,"sc":2,"lpe":99.01,"lpr":143409.32,"lq":1.0,"d":652},{"pi":"1518","pc":"Автомобильные товары","ss":1000,"td":"Центр города","dc":2,"n":20.83,"vc":"около 500","sl":"Элитный","sv":"менее 50","p":140000.0,"q":1.0,"b":0.0,"ms":0.33,"wi":1.31,"ei":7.7,"as":1250.0,"mi":"E","mv":606,"sc":2,"lpe":99.01,"lpr":143409.32,"lq":1.0,"d":652},{"pi":"1518","pc":"Автомобильные товары","ss":1000,"td":"Центр города","dc":1,"n":112.02,"vc":"около 1 000","sl":"Элитный","sv":"менее 50","p":170000.0,"q":5.0,"b":0.0,"ms":1.65,"wi":1.75,"ei":8.0,"as":1620.0,"mi":"E","mv":1514,"sc":1,"lpe":98.35,"lpr":188486.82,"lq":1.0,"d":837},{"pi":"1518","pc":"Автомобильные товары","ss":1000,"td":"Центр города","dc":1,"n":112.02,"vc":"около 1 000","sl":"Элитный","sv":"менее 50","p":170000.0,"q":5.0,"b":0.0,"ms":1.65,"wi":1.75,"ei":8.0,"as":1620.0,"mi":"E","mv":1514,"sc":1,"lpe":98.35,"lpr":188486.82,"lq":1.0,"d":837}]