[{"d":"04.07.2016","r":82685.0,"q":2.1,"p":2.6,"s":[{"ui":"7650458","t":19395.0,"r":10366.0,"q":2.46,"p":1.5,"mot":"L","mo":10366.0},{"ui":"7651016","t":56044.0,"r":55444.0,"q":1.72,"p":6.27,"mot":"L","mo":19061.0},{"ui":"7651393","t":53758.0,"r":53258.0,"q":2.17,"p":1.5,"mot":"U","mo":53258.0},{"cn":"","ui":"","t":0.0,"r":0.0,"q":0.0,"p":0.0,"mot":"L","mo":0.0}]},{"d":"05.07.2016","r":24408.0,"q":1.88,"p":5.27,"s":[{"ui":"7651016","t":56847.0,"r":56847.0,"q":1.71,"p":6.27,"mot":"L","mo":19061.0},{"ui":"7655325","t":7897.0,"r":5347.0,"q":2.49,"p":1.7,"mot":"U","mo":5347.0},{"cn":"","ui":"","t":0.0,"r":0.0,"q":0.0,"p":0.0,"mot":"L","mo":0.0}]},{"d":"06.07.2016","r":5602.0,"q":1.21,"p":1.5,"s":[{"ui":"7652973","t":5602.0,"r":5602.0,"q":1.21,"p":1.5,"mot":"L","mo":5602.0},{"cn":"","ui":"","t":0.0,"r":0.0,"q":0.0,"p":0.0,"mot":"L","mo":0.0}]},{"d":"07.07.2016","r":19818.0,"q":2.88,"p":1.21,"s":[{"ui":"7658981","t":19600.0,"r":19500.0,"q":2.9,"p":1.2,"mot":"U","mo":19500.0},{"cn":"","ui":"","t":2818.0,"r":318.0,"q":1.93,"p":1.7,"mot":"L","mo":318.0}]},{"d":"08.07.2016","r":1613.0,"q":1.0,"p":5.0,"s":[{"ui":"7661031","t":1613.0,"r":1613.0,"q":1.0,"p":5.0,"mot":"U","mo":1613.0},{"cn":"","ui":"","t":0.0,"r":0.0,"q":0.0,"p":0.0,"mot":"L","mo":0.0}]},{"d":"09.07.2016","r":3458.0,"q":2.11,"p":1.24,"s":[{"ui":"7658981","t":3055.0,"r":3050.0,"q":2.08,"p":1.2,"mot":"U","mo":3050.0},{"ui":"7662985","t":7411.0,"r":408.0,"q":2.36,"p":1.5,"mot":"U","mo":408.0},{"cn":"","ui":"","t":0.0,"r":0.0,"q":0.0,"p":0.0,"mot":"L","mo":0.0}]},{"d":"10.07.2016","r":141723.0,"q":2.42,"p":1.5,"s":[{"ui":"7666128","t":40500.0,"r":40500.0,"q":2.07,"p":1.75,"mot":"U","mo":40500.0},{"ui":"7666414","t":15950.0,"r":15800.0,"q":2.91,"p":1.0,"mot":"U","mo":15800.0},{"ui":"7662985","t":20686.0,"r":20665.0,"q":2.27,"p":1.5,"mot":"U","mo":20665.0},{"ui":"7662254","t":17500.0,"r":17500.0,"q":2.9,"p":2.0,"mot":"L","mo":17500.0},{"ui":"7666323","t":17500.0,"r":17500.0,"q":2.98,"p":1.5,"mot":"U","mo":17500.0},{"ui":"7666123","t":27758.0,"r":27758.0,"q":2.06,"p":1.0,"mot":"U","mo":27758.0},{"cn":"","ui":"","t":2000.0,"r":2000.0,"q":2.78,"p":3.2,"mot":"L","mo":2000.0}]},{"d":"11.07.2016","r":11000.0,"q":1.53,"p":2.74,"s":[{"ui":"7668044","t":17319.0,"r":17299.0,"q":2.59,"p":3.1,"mot":"L","mo":3000.0},{"ui":"7665627","t":8000.0,"r":8000.0,"q":1.13,"p":2.6,"mot":"U","mo":8000.0},{"cn":"","ui":"","t":0.0,"r":0.0,"q":0.0,"p":0.0,"mot":"L","mo":0.0}]},{"d":"12.07.2016","r":115463.0,"q":1.72,"p":3.82,"s":[{"ui":"7670233","t":27019.0,"r":27019.0,"q":2.26,"p":3.2,"mot":"U","mo":27019.0},{"ui":"7667928","t":8284.0,"r":8284.0,"q":1.15,"p":4.0,"mot":"U","mo":8284.0},{"ui":"7669568","t":63468.0,"r":59453.0,"q":1.57,"p":3.5,"mot":"U","mo":59453.0},{"ui":"7670646","t":17500.0,"r":17500.0,"q":1.82,"p":6.0,"mot":"U","mo":17500.0},{"cn":"","ui":"","t":3370.0,"r":3207.0,"q":1.0,"p":2.65,"mot":"L","mo":3207.0}]},{"d":"13.07.2016","r":51402.0,"q":1.62,"p":2.66,"s":[{"ui":"7670853","t":7680.0,"r":7680.0,"q":1.0,"p":1.9,"mot":"U","mo":7680.0},{"ui":"7668821","t":12500.0,"r":12500.0,"q":1.59,"p":5.0,"mot":"U","mo":12500.0},{"ui":"7673590","t":23705.0,"r":23555.0,"q":2.39,"p":1.34,"mot":"L","mo":7500.0},{"ui":"7673771","t":22500.0,"r":22500.0,"q":1.56,"p":2.0,"mot":"U","mo":22500.0},{"cn":"","ui":"","t":7735.0,"r":1222.0,"q":2.07,"p":3.69,"mot":"L","mo":1222.0}]},{"d":"14.07.2016","r":95597.0,"q":1.23,"p":1.94,"s":[{"ui":"7670853","t":7680.0,"r":7680.0,"q":1.0,"p":1.7,"mot":"U","mo":7680.0},{"ui":"7673771","t":81461.0,"r":81411.0,"q":1.15,"p":2.0,"mot":"U","mo":81411.0},{"ui":"7676241","t":9506.0,"r":6506.0,"q":2.44,"p":1.45,"mot":"U","mo":6506.0},{"cn":"","ui":"","t":0.0,"r":0.0,"q":0.0,"p":0.0,"mot":"L","mo":0.0}]},{"d":"15.07.2016","r":87064.0,"q":1.08,"p":2.01,"s":[{"ui":"7673771","t":86364.0,"r":86364.0,"q":1.07,"p":2.0,"mot":"U","mo":86364.0},{"cn":"","ui":"","t":750.0,"r":700.0,"q":2.5,"p":2.9,"mot":"L","mo":700.0}]},{"d":"16.07.2016","r":7100.0,"q":2.82,"p":2.29,"s":[{"ui":"7678892","t":17500.0,"r":17500.0,"q":2.98,"p":2.28,"mot":"L","mo":5000.0},{"ui":"7678112","t":2100.0,"r":2100.0,"q":2.43,"p":2.3,"mot":"U","mo":2100.0},{"cn":"","ui":"","t":0.0,"r":0.0,"q":0.0,"p":0.0,"mot":"L","mo":0.0}]},{"d":"18.07.2016","r":3950.0,"q":1.03,"p":3.58,"s":[{"ui":"7683824","t":2025.0,"r":1950.0,"q":1.06,"p":1.4,"mot":"U","mo":1950.0},{"ui":"7684738","t":11500.0,"r":10500.0,"q":1.0,"p":5.7,"mot":"L","mo":2000.0},{"cn":"","ui":"","t":0.0,"r":0.0,"q":0.0,"p":0.0,"mot":"L","mo":0.0}]},{"d":"19.07.2016","r":3100.0,"q":1.68,"p":4.84,"s":[{"ui":"7684738","t":14500.0,"r":12500.0,"q":1.0,"p":5.7,"mot":"L","mo":2000.0},{"ui":"7687036","t":28509.0,"r":28509.0,"q":3.11,"p":3.0,"mot":"L","mo":1000.0},{"cn":"","ui":"","t":8000.0,"r":100.0,"q":1.0,"p":6.0,"mot":"L","mo":100.0}]},{"d":"20.07.2016","r":6000.0,"q":2.53,"p":2.97,"s":[{"ui":"7688461","t":95502.0,"r":95502.0,"q":2.47,"p":2.96,"mot":"L","mo":5000.0},{"ui":"7687036","t":86375.0,"r":86375.0,"q":2.82,"p":3.0,"mot":"L","mo":1000.0},{"cn":"","ui":"","t":0.0,"r":0.0,"q":0.0,"p":0.0,"mot":"L","mo":0.0}]},{"d":"21.07.2016","r":6000.0,"q":2.25,"p":2.97,"s":[{"ui":"7688461","t":168454.0,"r":168454.0,"q":2.17,"p":2.96,"mot":"L","mo":5000.0},{"ui":"7687036","t":134375.0,"r":134375.0,"q":2.65,"p":3.0,"mot":"L","mo":1000.0},{"cn":"","ui":"","t":0.0,"r":0.0,"q":0.0,"p":0.0,"mot":"L","mo":0.0}]},{"d":"22.07.2016","r":81709.0,"q":2.17,"p":2.03,"s":[{"ui":"7688769","t":17500.0,"r":17500.0,"q":1.72,"p":3.0,"mot":"U","mo":17500.0},{"ui":"7688461","t":222459.0,"r":222459.0,"q":2.04,"p":2.96,"mot":"L","mo":5000.0},{"ui":"7693553","t":73995.0,"r":56595.0,"q":2.35,"p":1.6,"mot":"U","mo":56595.0},{"cn":"","ui":"","t":49044.0,"r":2614.0,"q":1.53,"p":3.1,"mot":"L","mo":2614.0}]},{"d":"25.07.2016","r":98066.0,"q":1.14,"p":7.04,"s":[{"ui":"7699626","t":56324.0,"r":54824.0,"q":1.0,"p":10.99,"mot":"U","mo":54824.0},{"ui":"7700094","t":29765.0,"r":29765.0,"q":1.0,"p":1.7,"mot":"U","mo":29765.0},{"ui":"7700931","t":10058.0,"r":8958.0,"q":2.46,"p":1.3,"mot":"U","mo":8958.0},{"cn":"","ui":"","t":51323.0,"r":4519.0,"q":1.22,"p":5.7,"mot":"L","mo":4519.0}]},{"d":"26.07.2016","r":86389.0,"q":1.73,"p":1.76,"s":[{"ui":"7703284","t":17500.0,"r":17500.0,"q":2.98,"p":2.0,"mot":"U","mo":17500.0},{"ui":"7700094","t":42265.0,"r":42265.0,"q":1.0,"p":1.8,"mot":"U","mo":42265.0},{"ui":"7700931","t":33374.0,"r":22224.0,"q":2.25,"p":1.3,"mot":"U","mo":22224.0},{"cn":"","ui":"","t":202209.0,"r":4400.0,"q":1.22,"p":2.77,"mot":"L","mo":4400.0}]},{"d":"27.07.2016","r":4500.0,"q":1.88,"p":3.0,"s":[{"ui":"7704279","t":2000.0,"r":2000.0,"q":2.98,"p":3.0,"mot":"U","mo":2000.0},{"ui":"7705479","t":38500.0,"r":37000.0,"q":1.0,"p":3.0,"mot":"L","mo":2500.0},{"cn":"","ui":"","t":0.0,"r":0.0,"q":0.0,"p":0.0,"mot":"L","mo":0.0}]},{"d":"28.07.2016","r":7500.0,"q":2.75,"p":1.7,"s":[{"ui":"7708517","t":2500.0,"r":2500.0,"q":6.06,"p":1.1,"mot":"U","mo":2500.0},{"ui":"7705479","t":118000.0,"r":114500.0,"q":1.09,"p":2.0,"mot":"L","mo":5000.0},{"cn":"","ui":"","t":0.0,"r":0.0,"q":0.0,"p":0.0,"mot":"L","mo":0.0}]},{"d":"29.07.2016","r":13182.0,"q":3.07,"p":3.13,"s":[{"ui":"7710390","t":11182.0,"r":11182.0,"q":3.27,"p":3.5,"mot":"U","mo":11182.0},{"ui":"7708911","t":35500.0,"r":35500.0,"q":1.98,"p":1.05,"mot":"L","mo":2000.0},{"cn":"","ui":"","t":0.0,"r":0.0,"q":0.0,"p":0.0,"mot":"L","mo":0.0}]},{"d":"30.07.2016","r":9378.0,"q":1.63,"p":1.81,"s":[{"ui":"7711340","t":16541.0,"r":16541.0,"q":1.87,"p":2.2,"mot":"L","mo":5000.0},{"ui":"7708911","t":1689.0,"r":1378.0,"q":1.45,"p":1.05,"mot":"L","mo":1378.0},{"ui":"7710850","t":3624.0,"r":3624.0,"q":1.3,"p":1.5,"mot":"L","mo":3000.0},{"cn":"","ui":"","t":0.0,"r":0.0,"q":0.0,"p":0.0,"mot":"L","mo":0.0}]},{"d":"01.08.2016","r":88588.0,"q":2.04,"p":7.34,"s":[{"ui":"7716111","t":64216.0,"r":64216.0,"q":1.79,"p":4.0,"mot":"U","mo":64216.0},{"ui":"7715784","t":16355.0,"r":15755.0,"q":2.69,"p":1.3,"mot":"U","mo":15755.0},{"ui":"7715519","t":4500.0,"r":4500.0,"q":1.0,"p":70.0,"mot":"U","mo":4500.0},{"cn":"","ui":"","t":7317.0,"r":4117.0,"q":4.51,"p":13.99,"mot":"L","mo":4117.0}]},{"d":"02.08.2016","r":20999.0,"q":1.89,"p":30.21,"s":[{"ui":"7715784","t":2594.0,"r":2044.0,"q":2.52,"p":2.0,"mot":"U","mo":2044.0},{"ui":"7715519","t":5000.0,"r":5000.0,"q":1.0,"p":70.0,"mot":"U","mo":5000.0},{"ui":"7717094","t":11955.0,"r":11955.0,"q":2.06,"p":23.2,"mot":"U","mo":11955.0},{"ui":"7713248","t":11826.0,"r":10095.0,"q":2.46,"p":1.5,"mot":"L","mo":2000.0},{"cn":"","ui":"","t":0.0,"r":0.0,"q":0.0,"p":0.0,"mot":"L","mo":0.0}]},{"d":"03.08.2016","r":15870.0,"q":1.85,"p":1.97,"s":[{"ui":"7721206","t":4564.0,"r":4170.0,"q":2.09,"p":1.9,"mot":"U","mo":4170.0},{"ui":"7715784","t":11750.0,"r":11700.0,"q":1.76,"p":2.0,"mot":"U","mo":11700.0},{"cn":"","ui":"","t":0.0,"r":0.0,"q":0.0,"p":0.0,"mot":"L","mo":0.0}]},{"d":"04.08.2016","r":36525.0,"q":1.92,"p":2.41,"s":[{"ui":"7721206","t":11628.0,"r":11628.0,"q":1.37,"p":1.9,"mot":"U","mo":11628.0},{"ui":"7720988","t":17500.0,"r":17500.0,"q":2.55,"p":2.0,"mot":"U","mo":17500.0},{"ui":"7720376","t":5000.0,"r":5000.0,"q":1.0,"p":1.43,"mot":"L","mo":5000.0},{"cn":"","ui":"","t":41116.0,"r":2397.0,"q":1.88,"p":9.88,"mot":"L","mo":2397.0}]},{"d":"05.08.2016","r":15858.0,"q":2.77,"p":1.39,"s":[{"ui":"7725117","t":16758.0,"r":15758.0,"q":2.77,"p":1.35,"mot":"U","mo":15758.0},{"cn":"","ui":"","t":101100.0,"r":100.0,"q":2.35,"p":7.24,"mot":"L","mo":100.0}]},{"d":"06.08.2016","r":18600.0,"q":1.69,"p":2.97,"s":[{"ui":"7727508","t":7000.0,"r":7000.0,"q":1.05,"p":2.0,"mot":"L","mo":1000.0},{"ui":"7727046","t":17500.0,"r":17500.0,"q":1.72,"p":3.0,"mot":"U","mo":17500.0},{"cn":"","ui":"","t":157700.0,"r":100.0,"q":2.2,"p":7.24,"mot":"L","mo":100.0}]},{"d":"07.08.2016","r":2024.0,"q":1.94,"p":2.13,"s":[{"ui":"7728454","t":6724.0,"r":1024.0,"q":2.81,"p":2.26,"mot":"U","mo":1024.0},{"ui":"7727508","t":6000.0,"r":6000.0,"q":1.05,"p":2.0,"mot":"L","mo":1000.0},{"cn":"","ui":"","t":0.0,"r":0.0,"q":0.0,"p":0.0,"mot":"L","mo":0.0}]},{"d":"08.08.2016","r":48272.0,"q":1.57,"p":2.66,"s":[{"ui":"7730375","t":21449.0,"r":20949.0,"q":1.54,"p":3.0,"mot":"U","mo":20949.0},{"ui":"7731165","t":3565.0,"r":3565.0,"q":1.87,"p":5.98,"mot":"U","mo":3565.0},{"ui":"7729650","t":21793.0,"r":6258.0,"q":1.54,"p":1.7,"mot":"U","mo":6258.0},{"ui":"7730170","t":20000.0,"r":20000.0,"q":1.65,"p":1.75,"mot":"L","mo":15000.0},{"ui":"7725923","t":35000.0,"r":35000.0,"q":1.08,"p":3.0,"mot":"L","mo":2500.0},{"cn":"","ui":"","t":0.0,"r":0.0,"q":0.0,"p":0.0,"mot":"L","mo":0.0}]},{"d":"09.08.2016","r":25136.0,"q":1.83,"p":2.25,"s":[{"ui":"7732379","t":15036.0,"r":15036.0,"q":1.57,"p":1.31,"mot":"U","mo":15036.0},{"ui":"7731165","t":4800.0,"r":4800.0,"q":1.68,"p":5.98,"mot":"U","mo":4800.0},{"ui":"7733371","t":14348.0,"r":14298.0,"q":2.7,"p":1.55,"mot":"L","mo":5300.0},{"cn":"","ui":"","t":0.0,"r":0.0,"q":0.0,"p":0.0,"mot":"L","mo":0.0}]},{"d":"10.08.2016","r":142625.0,"q":1.57,"p":1.3,"s":[{"ui":"7732379","t":180685.0,"r":138625.0,"q":1.57,"p":1.29,"mot":"U","mo":138625.0},{"cn":"","ui":"","t":115271.0,"r":4000.0,"q":1.62,"p":1.8,"mot":"L","mo":4000.0}]},{"d":"11.08.2016","r":3650.0,"q":2.12,"p":1.67,"s":[{"ui":"7738146","t":5546.0,"r":3536.0,"q":2.46,"p":1.8,"mot":"L","mo":2800.0},{"ui":"7737033","t":850.0,"r":850.0,"q":1.0,"p":1.25,"mot":"U","mo":850.0},{"cn":"","ui":"","t":0.0,"r":0.0,"q":0.0,"p":0.0,"mot":"L","mo":0.0}]},{"d":"12.08.2016","r":88359.0,"q":2.34,"p":1.29,"s":[{"ui":"7736286","t":50910.0,"r":50910.0,"q":2.39,"p":1.29,"mot":"U","mo":50910.0},{"ui":"7736288","t":34513.0,"r":33963.0,"q":2.39,"p":1.26,"mot":"U","mo":33963.0},{"cn":"","ui":"","t":5164.0,"r":3486.0,"q":1.21,"p":1.68,"mot":"L","mo":3486.0}]},{"d":"13.08.2016","r":150897.0,"q":2.39,"p":1.52,"s":[{"ui":"7736286","t":62410.0,"r":59410.0,"q":2.41,"p":1.5,"mot":"U","mo":59410.0},{"ui":"7736288","t":59963.0,"r":59963.0,"q":2.42,"p":1.5,"mot":"U","mo":59963.0},{"ui":"7736289","t":29443.0,"r":27443.0,"q":2.46,"p":1.5,"mot":"U","mo":27443.0},{"cn":"","ui":"","t":8762.0,"r":4081.0,"q":1.02,"p":2.06,"mot":"L","mo":4081.0}]},{"d":"14.08.2016","r":8828.0,"q":2.98,"p":2.1,"s":[{"ui":"7741899","t":8818.0,"r":8818.0,"q":2.98,"p":2.1,"mot":"L","mo":8818.0},{"cn":"","ui":"","t":5278.0,"r":10.0,"q":3.39,"p":1.8,"mot":"L","mo":10.0}]},{"d":"15.08.2016","r":21386.0,"q":2.24,"p":1.39,"s":[{"ui":"7745715","t":16878.0,"r":16878.0,"q":2.04,"p":1.2,"mot":"L","mo":16878.0},{"ui":"7741899","t":4508.0,"r":4498.0,"q":2.98,"p":2.1,"mot":"L","mo":4498.0},{"cn":"","ui":"","t":7074.0,"r":10.0,"q":2.49,"p":1.8,"mot":"L","mo":10.0}]},{"d":"16.08.2016","r":37516.0,"q":1.68,"p":2.15,"s":[{"ui":"7747802","t":38345.0,"r":38345.0,"q":2.37,"p":2.95,"mot":"L","mo":10000.0},{"ui":"7747056","t":23016.0,"r":22506.0,"q":1.53,"p":1.8,"mot":"U","mo":22506.0},{"ui":"7746519","t":29467.0,"r":18467.0,"q":1.0,"p":2.1,"mot":"L","mo":5000.0},{"cn":"","ui":"","t":7724.0,"r":10.0,"q":2.28,"p":1.8,"mot":"L","mo":10.0}]},{"d":"17.08.2016","r":20000.0,"q":1.48,"p":2.5,"s":[{"ui":"7747802","t":115729.0,"r":115729.0,"q":1.83,"p":2.95,"mot":"L","mo":10000.0},{"ui":"7749064","t":17242.0,"r":12242.0,"q":1.26,"p":2.0,"mot":"L","mo":5000.0},{"ui":"7746519","t":187273.0,"r":182272.0,"q":1.0,"p":2.1,"mot":"L","mo":5000.0},{"cn":"","ui":"","t":0.0,"r":0.0,"q":0.0,"p":0.0,"mot":"L","mo":0.0}]},{"d":"18.08.2016","r":11000.0,"q":1.63,"p":2.86,"s":[{"ui":"7747802","t":153159.0,"r":153159.0,"q":1.69,"p":2.95,"mot":"L","mo":10000.0},{"ui":"7749064","t":17304.0,"r":15304.0,"q":1.0,"p":2.0,"mot":"L","mo":1000.0},{"cn":"","ui":"","t":0.0,"r":0.0,"q":0.0,"p":0.0,"mot":"L","mo":0.0}]},{"d":"19.08.2016","r":2000.0,"q":1.08,"p":1.7,"s":[{"ui":"7749064","t":59822.0,"r":59822.0,"q":1.08,"p":1.7,"mot":"L","mo":2000.0},{"cn":"","ui":"","t":0.0,"r":0.0,"q":0.0,"p":0.0,"mot":"L","mo":0.0}]},{"d":"20.08.2016","r":31578.0,"q":2.38,"p":1.53,"s":[{"ui":"7757851","t":5394.0,"r":5394.0,"q":4.13,"p":2.0,"mot":"L","mo":2500.0},{"ui":"7757054","t":17500.0,"r":17500.0,"q":2.12,"p":1.05,"mot":"U","mo":17500.0},{"ui":"7753822","t":11183.0,"r":11178.0,"q":2.45,"p":1.7,"mot":"U","mo":11178.0},{"cn":"","ui":"","t":3867.0,"r":400.0,"q":1.0,"p":15.0,"mot":"L","mo":400.0}]},{"d":"21.08.2016","r":92449.0,"q":2.38,"p":1.74,"s":[{"ui":"7753822","t":86554.0,"r":86549.0,"q":2.45,"p":1.7,"mot":"U","mo":86549.0},{"cn":"","ui":"","t":75922.0,"r":5900.0,"q":1.37,"p":2.33,"mot":"L","mo":5900.0}]},{"d":"22.08.2016","r":40840.0,"q":1.55,"p":38.04,"s":[{"ui":"7756633","t":15000.0,"r":15000.0,"q":1.15,"p":100.0,"mot":"U","mo":15000.0},{"ui":"7757851","t":21240.0,"r":19240.0,"q":1.8,"p":2.0,"mot":"L","mo":19240.0},{"ui":"7756550","t":30115.0,"r":30115.0,"q":1.0,"p":2.5,"mot":"L","mo":3900.0},{"cn":"","ui":"","t":36200.0,"r":2700.0,"q":2.73,"p":1.97,"mot":"L","mo":2700.0}]},{"d":"23.08.2016","r":34285.0,"q":1.53,"p":2.14,"s":[{"ui":"7757851","t":35990.0,"r":35988.0,"q":1.4,"p":2.5,"mot":"L","mo":20000.0},{"ui":"7762910","t":23576.0,"r":23406.0,"q":1.0,"p":1.67,"mot":"L","mo":2400.0},{"ui":"7763548","t":6885.0,"r":6885.0,"q":1.05,"p":1.0,"mot":"U","mo":6885.0},{"ui":"7757925","t":17500.0,"r":17500.0,"q":2.98,"p":2.5,"mot":"L","mo":5000.0},{"cn":"","ui":"","t":0.0,"r":0.0,"q":0.0,"p":0.0,"mot":"L","mo":0.0}]},{"d":"24.08.2016","r":98067.0,"q":1.0,"p":1.6,"s":[{"ui":"7763935","t":104067.0,"r":98067.0,"q":1.0,"p":1.6,"mot":"U","mo":98067.0},{"cn":"","ui":"","t":0.0,"r":0.0,"q":0.0,"p":0.0,"mot":"L","mo":0.0}]},{"d":"25.08.2016","r":32031.0,"q":2.38,"p":1.39,"s":[{"ui":"7762564","t":29365.0,"r":18820.0,"q":2.46,"p":1.3,"mot":"U","mo":18820.0},{"ui":"7768573","t":5394.0,"r":5394.0,"q":4.13,"p":1.4,"mot":"U","mo":5394.0},{"ui":"7763935","t":13817.0,"r":7817.0,"q":1.0,"p":1.6,"mot":"U","mo":7817.0},{"cn":"","ui":"","t":0.0,"r":0.0,"q":0.0,"p":0.0,"mot":"L","mo":0.0}]},{"d":"26.08.2016","r":199801.0,"q":1.47,"p":1.18,"s":[{"ui":"7769326","t":38573.0,"r":38573.0,"q":2.41,"p":1.8,"mot":"U","mo":38573.0},{"ui":"7767061","t":75486.0,"r":75486.0,"q":1.06,"p":0.99,"mot":"U","mo":75486.0},{"ui":"7768573","t":17500.0,"r":17500.0,"q":2.98,"p":1.4,"mot":"U","mo":17500.0},{"ui":"7767506","t":68243.0,"r":68242.0,"q":1.0,"p":0.99,"mot":"U","mo":68242.0},{"cn":"","ui":"","t":0.0,"r":0.0,"q":0.0,"p":0.0,"mot":"L","mo":0.0}]},{"d":"27.08.2016","r":124265.0,"q":1.57,"p":1.48,"s":[{"ui":"7769326","t":71265.0,"r":71265.0,"q":1.98,"p":1.8,"mot":"U","mo":71265.0},{"ui":"7771573","t":51500.0,"r":51000.0,"q":1.0,"p":1.0,"mot":"U","mo":51000.0},{"cn":"","ui":"","t":41375.0,"r":2000.0,"q":1.75,"p":2.21,"mot":"L","mo":2000.0}]},{"d":"28.08.2016","r":7500.0,"q":2.46,"p":5.12,"s":[{"ui":"7771545","t":47250.0,"r":47225.0,"q":2.38,"p":1.42,"mot":"L","mo":1000.0},{"ui":"7773892","t":3000.0,"r":3000.0,"q":2.44,"p":3.0,"mot":"U","mo":3000.0},{"ui":"7774762","t":6229.0,"r":6229.0,"q":3.09,"p":10.0,"mot":"L","mo":2500.0},{"ui":"7771130","t":16500.0,"r":15500.0,"q":1.01,"p":3.0,"mot":"L","mo":1000.0},{"cn":"","ui":"","t":0.0,"r":0.0,"q":0.0,"p":0.0,"mot":"L","mo":0.0}]},{"d":"29.08.2016","r":96386.0,"q":2.2,"p":3.09,"s":[{"ui":"7773892","t":71287.0,"r":71287.0,"q":2.25,"p":3.0,"mot":"U","mo":71287.0},{"ui":"7773794","t":22284.0,"r":11284.0,"q":2.31,"p":4.0,"mot":"U","mo":11284.0},{"ui":"7774757","t":8400.0,"r":5048.0,"q":1.13,"p":0.01,"mot":"U","mo":5048.0},{"ui":"7773911","t":7767.0,"r":5267.0,"q":2.37,"p":2.0,"mot":"U","mo":5267.0},{"cn":"","ui":"","t":24260.0,"r":3500.0,"q":2.21,"p":8.0,"mot":"L","mo":3500.0}]},{"d":"30.08.2016","r":146957.0,"q":2.18,"p":5.81,"s":[{"ui":"7779126","t":16642.0,"r":16642.0,"q":2.83,"p":2.01,"mot":"U","mo":16642.0},{"ui":"7773892","t":97569.0,"r":79569.0,"q":2.19,"p":1.5,"mot":"U","mo":79569.0},{"ui":"7775796","t":10000.0,"r":10000.0,"q":1.0,"p":3.0,"mot":"U","mo":10000.0},{"ui":"7775766","t":32728.0,"r":32728.0,"q":2.22,"p":20.0,"mot":"U","mo":32728.0},{"ui":"7773911","t":10618.0,"r":8018.0,"q":2.12,"p":2.0,"mot":"U","mo":8018.0},{"cn":"","ui":"","t":0.0,"r":0.0,"q":0.0,"p":0.0,"mot":"L","mo":0.0}]},{"d":"31.08.2016","r":1500.0,"q":2.49,"p":1.5,"s":[{"ui":"7780534","t":30300.0,"r":29280.0,"q":2.49,"p":1.5,"mot":"L","mo":1500.0},{"cn":"","ui":"","t":0.0,"r":0.0,"q":0.0,"p":0.0,"mot":"L","mo":0.0}]},{"d":"01.09.2016","r":24790.0,"q":2.82,"p":1.45,"s":[{"ui":"7780534","t":54280.0,"r":53130.0,"q":2.31,"p":1.5,"mot":"L","mo":1500.0},{"ui":"7782471","t":23290.0,"r":23290.0,"q":2.85,"p":1.45,"mot":"U","mo":23290.0},{"cn":"","ui":"","t":0.0,"r":0.0,"q":0.0,"p":0.0,"mot":"L","mo":0.0}]},{"d":"03.09.2016","r":5082.0,"q":1.09,"p":1.45,"s":[{"ui":"7782471","t":5082.0,"r":5082.0,"q":1.09,"p":1.45,"mot":"U","mo":5082.0},{"cn":"","ui":"","t":0.0,"r":0.0,"q":0.0,"p":0.0,"mot":"L","mo":0.0}]},{"d":"04.09.2016","r":97798.0,"q":2.2,"p":1.61,"s":[{"ui":"7788555","t":67800.0,"r":67100.0,"q":2.23,"p":1.5,"mot":"U","mo":67100.0},{"ui":"7788644","t":16728.0,"r":16716.0,"q":2.99,"p":2.0,"mot":"U","mo":16716.0},{"ui":"7789493","t":19989.0,"r":12489.0,"q":1.0,"p":1.6,"mot":"U","mo":12489.0},{"cn":"","ui":"","t":4493.0,"r":1493.0,"q":2.17,"p":2.0,"mot":"L","mo":1493.0}]},{"d":"05.09.2016","r":8288.0,"q":3.55,"p":1.2,"s":[{"ui":"7792073","t":8288.0,"r":8288.0,"q":3.55,"p":1.2,"mot":"U","mo":8288.0},{"cn":"","ui":"","t":0.0,"r":0.0,"q":0.0,"p":0.0,"mot":"L","mo":0.0}]},{"d":"06.09.2016","r":11000.0,"q":1.14,"p":1.14,"s":[{"ui":"7792954","t":13820.0,"r":12760.0,"q":2.49,"p":1.5,"mot":"L","mo":1000.0},{"ui":"7792092","t":50067.0,"r":49067.0,"q":1.0,"p":1.1,"mot":"L","mo":10000.0},{"cn":"","ui":"","t":0.0,"r":0.0,"q":0.0,"p":0.0,"mot":"L","mo":0.0}]},{"d":"07.09.2016","r":347284.0,"q":2.37,"p":1.84,"s":[{"ui":"7791960","t":104104.0,"r":95104.0,"q":2.15,"p":3.0,"mot":"U","mo":95104.0},{"ui":"7793524","t":85730.0,"r":84730.0,"q":2.46,"p":1.4,"mot":"U","mo":84730.0},{"ui":"7793514","t":86250.0,"r":85250.0,"q":2.46,"p":1.4,"mot":"U","mo":85250.0},{"ui":"7793253","t":82210.0,"r":81200.0,"q":2.46,"p":1.4,"mot":"U","mo":81200.0},{"cn":"","ui":"","t":11340.0,"r":1000.0,"q":2.09,"p":1.5,"mot":"L","mo":1000.0}]},{"d":"08.09.2016","r":685255.0,"q":2.41,"p":1.51,"s":[{"ui":"7793524","t":208316.0,"r":208306.0,"q":2.46,"p":1.4,"mot":"U","mo":208306.0},{"ui":"7793514","t":203428.0,"r":195553.0,"q":2.46,"p":1.4,"mot":"U","mo":195553.0},{"ui":"7793253","t":222030.0,"r":221630.0,"q":2.46,"p":1.4,"mot":"U","mo":221630.0},{"cn":"","ui":"","t":79306.0,"r":59766.0,"q":1.85,"p":2.62,"mot":"L","mo":59766.0}]},{"d":"09.09.2016","r":5394.0,"q":2.03,"p":3.0,"s":[{"ui":"7797799","t":17500.0,"r":17500.0,"q":2.03,"p":3.0,"mot":"L","mo":5394.0},{"cn":"","ui":"","t":0.0,"r":0.0,"q":0.0,"p":0.0,"mot":"L","mo":0.0}]},{"d":"10.09.2016","r":64434.0,"q":2.45,"p":1.79,"s":[{"ui":"7800867","t":63770.0,"r":61934.0,"q":2.46,"p":1.8,"mot":"U","mo":61934.0},{"cn":"","ui":"","t":6972.0,"r":2500.0,"q":2.29,"p":1.6,"mot":"L","mo":2500.0}]},{"d":"11.09.2016","r":7000.0,"q":2.05,"p":1.47,"s":[{"ui":"7800867","t":88698.0,"r":81812.0,"q":2.46,"p":1.4,"mot":"L","mo":5000.0},{"ui":"7801395","t":2000.0,"r":2000.0,"q":1.04,"p":1.65,"mot":"U","mo":2000.0},{"cn":"","ui":"","t":0.0,"r":0.0,"q":0.0,"p":0.0,"mot":"L","mo":0.0}]},{"d":"12.09.2016","r":1933.0,"q":1.0,"p":1.2,"s":[{"ui":"7805721","t":1933.0,"r":1933.0,"q":1.0,"p":1.2,"mot":"U","mo":1933.0},{"cn":"","ui":"","t":0.0,"r":0.0,"q":0.0,"p":0.0,"mot":"L","mo":0.0}]},{"d":"13.09.2016","r":28685.0,"q":2.46,"p":7.34,"s":[{"ui":"7807728","t":17763.0,"r":7663.0,"q":2.34,"p":1.75,"mot":"U","mo":7663.0},{"ui":"7807818","t":11848.0,"r":11848.0,"q":2.37,"p":33.0,"mot":"L","mo":5000.0},{"ui":"7808888","t":13522.0,"r":13522.0,"q":2.68,"p":2.0,"mot":"U","mo":13522.0},{"ui":"7806424","t":48726.0,"r":48726.0,"q":1.77,"p":2.0,"mot":"L","mo":2500.0},{"cn":"","ui":"","t":0.0,"r":0.0,"q":0.0,"p":0.0,"mot":"L","mo":0.0}]},{"d":"14.09.2016","r":41661.0,"q":2.54,"p":9.43,"s":[{"ui":"7807728","t":27066.0,"r":21661.0,"q":2.31,"p":1.75,"mot":"U","mo":21661.0},{"ui":"7806167","t":17500.0,"r":17500.0,"q":2.98,"p":20.0,"mot":"U","mo":17500.0},{"ui":"7806424","t":102716.0,"r":102716.0,"q":1.42,"p":2.0,"mot":"L","mo":2500.0},{"cn":"","ui":"","t":0.0,"r":0.0,"q":0.0,"p":0.0,"mot":"L","mo":0.0}]},{"d":"15.09.2016","r":62940.0,"q":2.03,"p":4.41,"s":[{"ui":"7813489","t":31440.0,"r":31440.0,"q":2.75,"p":2.0,"mot":"U","mo":31440.0},{"ui":"7807818","t":17500.0,"r":17500.0,"q":1.96,"p":33.0,"mot":"L","mo":5000.0},{"ui":"7812539","t":24500.0,"r":24000.0,"q":1.0,"p":1.85,"mot":"U","mo":24000.0},{"cn":"","ui":"","t":17500.0,"r":2500.0,"q":2.98,"p":2.0,"mot":"L","mo":2500.0}]},{"d":"16.09.2016","r":13956.0,"q":1.4,"p":10.01,"s":[{"ui":"7814987","t":6357.0,"r":5157.0,"q":2.08,"p":1.5,"mot":"U","mo":5157.0},{"ui":"7814803","t":8799.0,"r":8799.0,"q":1.0,"p":15.0,"mot":"U","mo":8799.0},{"cn":"","ui":"","t":0.0,"r":0.0,"q":0.0,"p":0.0,"mot":"L","mo":0.0}]},{"d":"17.09.2016","r":632.0,"q":1.39,"p":1.5,"s":[{"ui":"7814987","t":1732.0,"r":632.0,"q":1.39,"p":1.5,"mot":"U","mo":632.0},{"cn":"","ui":"","t":0.0,"r":0.0,"q":0.0,"p":0.0,"mot":"L","mo":0.0}]},{"d":"18.09.2016","r":5890.0,"q":1.05,"p":2.43,"s":[{"ui":"7816132","t":6771.0,"r":6771.0,"q":1.05,"p":2.43,"mot":"L","mo":5890.0},{"cn":"","ui":"","t":0.0,"r":0.0,"q":0.0,"p":0.0,"mot":"L","mo":0.0}]},{"d":"19.09.2016","r":100.0,"q":2.63,"p":2.0,"s":[{"ui":"7820433","t":19600.0,"r":19600.0,"q":2.63,"p":2.0,"mot":"L","mo":100.0},{"cn":"","ui":"","t":0.0,"r":0.0,"q":0.0,"p":0.0,"mot":"L","mo":0.0}]},{"d":"20.09.2016","r":3600.0,"q":2.2,"p":1.86,"s":[{"ui":"7820638","t":13274.0,"r":10774.0,"q":2.05,"p":2.0,"mot":"L","mo":2500.0},{"ui":"7824128","t":5182.0,"r":3182.0,"q":2.54,"p":1.5,"mot":"L","mo":1000.0},{"cn":"","ui":"","t":21775.0,"r":100.0,"q":2.56,"p":2.0,"mot":"L","mo":100.0}]},{"d":"21.09.2016","r":2600.0,"q":2.44,"p":1.52,"s":[{"ui":"7825376","t":6457.0,"r":3857.0,"q":2.44,"p":1.5,"mot":"L","mo":2500.0},{"cn":"","ui":"","t":24175.0,"r":100.0,"q":2.49,"p":2.0,"mot":"L","mo":100.0}]},{"d":"23.09.2016","r":21705.0,"q":1.67,"p":1.76,"s":[{"ui":"7829813","t":7500.0,"r":6500.0,"q":2.48,"p":2.0,"mot":"U","mo":6500.0},{"ui":"7827637","t":117165.0,"r":114954.0,"q":1.13,"p":1.35,"mot":"L","mo":10000.0},{"ui":"7827086","t":3215.0,"r":3205.0,"q":1.28,"p":2.5,"mot":"L","mo":3205.0},{"ui":"7828572","t":38388.0,"r":36377.0,"q":2.4,"p":1.79,"mot":"L","mo":2000.0},{"cn":"","ui":"","t":0.0,"r":0.0,"q":0.0,"p":0.0,"mot":"L","mo":0.0}]},{"d":"24.09.2016","r":638.0,"q":1.09,"p":1.3,"s":[{"ui":"7831302","t":638.0,"r":638.0,"q":1.09,"p":1.3,"mot":"L","mo":638.0},{"cn":"","ui":"","t":0.0,"r":0.0,"q":0.0,"p":0.0,"mot":"L","mo":0.0}]},{"d":"25.09.2016","r":23945.0,"q":1.37,"p":1.6,"s":[{"ui":"7834184","t":33945.0,"r":23945.0,"q":1.37,"p":1.6,"mot":"U","mo":23945.0},{"cn":"","ui":"","t":0.0,"r":0.0,"q":0.0,"p":0.0,"mot":"L","mo":0.0}]},{"d":"26.09.2016","r":1000.0,"q":1.42,"p":2.2,"s":[{"ui":"7834184","t":61611.0,"r":60511.0,"q":1.42,"p":2.2,"mot":"L","mo":1000.0},{"cn":"","ui":"","t":0.0,"r":0.0,"q":0.0,"p":0.0,"mot":"L","mo":0.0}]},{"d":"27.09.2016","r":1000.0,"q":1.69,"p":4.0,"s":[{"ui":"7834184","t":168855.0,"r":168455.0,"q":1.69,"p":4.0,"mot":"L","mo":1000.0},{"cn":"","ui":"","t":0.0,"r":0.0,"q":0.0,"p":0.0,"mot":"L","mo":0.0}]},{"d":"28.09.2016","r":15276.0,"q":2.99,"p":1.97,"s":[{"ui":"7839873","t":21937.0,"r":21937.0,"q":2.07,"p":1.7,"mot":"L","mo":1600.0},{"ui":"7842140","t":14076.0,"r":13676.0,"q":3.1,"p":2.0,"mot":"U","mo":13676.0},{"cn":"","ui":"","t":0.0,"r":0.0,"q":0.0,"p":0.0,"mot":"L","mo":0.0}]},{"d":"29.09.2016","r":13719.0,"q":2.47,"p":2.35,"s":[{"ui":"7839873","t":53585.0,"r":53185.0,"q":1.93,"p":1.7,"mot":"L","mo":1600.0},{"ui":"7843201","t":5439.0,"r":5169.0,"q":1.34,"p":3.0,"mot":"U","mo":5169.0},{"ui":"7840063","t":11818.0,"r":11818.0,"q":1.01,"p":1.4,"mot":"L","mo":1400.0},{"ui":"7844431","t":5550.0,"r":5550.0,"q":4.04,"p":2.16,"mot":"U","mo":5550.0},{"cn":"","ui":"","t":0.0,"r":0.0,"q":0.0,"p":0.0,"mot":"L","mo":0.0}]},{"d":"30.09.2016","r":2500.0,"q":2.9,"p":22.0,"s":[{"ui":"7846229","t":17500.0,"r":17500.0,"q":2.98,"p":2.5,"mot":"L","mo":2000.0},{"ui":"7845933","t":28105.0,"r":27605.0,"q":2.58,"p":100.0,"mot":"L","mo":500.0},{"cn":"","ui":"","t":0.0,"r":0.0,"q":0.0,"p":0.0,"mot":"L","mo":0.0}]},{"d":"01.10.2016","r":65259.0,"q":2.55,"p":3.88,"s":[{"ui":"7847793","t":17350.0,"r":17296.0,"q":3.15,"p":1.5,"mot":"U","mo":17296.0},{"ui":"7846659","t":43970.0,"r":43963.0,"q":2.28,"p":5.0,"mot":"U","mo":43963.0},{"cn":"","ui":"","t":35000.0,"r":4000.0,"q":2.98,"p":1.88,"mot":"L","mo":4000.0}]},{"d":"02.10.2016","r":81589.0,"q":2.52,"p":14.68,"s":[{"ui":"7847793","t":62522.0,"r":62521.0,"q":2.78,"p":5.0,"mot":"L","mo":17000.0},{"ui":"7850360","t":24750.0,"r":24500.0,"q":2.73,"p":3.56,"mot":"U","mo":24500.0},{"ui":"7845933","t":34013.0,"r":33513.0,"q":2.27,"p":30.0,"mot":"U","mo":33513.0},{"cn":"","ui":"","t":29552.0,"r":6576.0,"q":2.31,"p":3.1,"mot":"L","mo":6576.0}]},{"d":"03.10.2016","r":136458.0,"q":1.62,"p":2.45,"s":[{"ui":"7850360","t":42000.0,"r":41750.0,"q":2.53,"p":3.56,"mot":"U","mo":41750.0},{"ui":"7849341","t":86420.0,"r":86420.0,"q":1.0,"p":2.0,"mot":"U","mo":86420.0},{"ui":"7853174","t":8288.0,"r":8288.0,"q":3.55,"p":1.6,"mot":"U","mo":8288.0},{"cn":"","ui":"","t":0.0,"r":0.0,"q":0.0,"p":0.0,"mot":"L","mo":0.0}]},{"d":"04.10.2016","r":67485.0,"q":2.4,"p":3.42,"s":[{"ui":"7850360","t":59335.0,"r":58985.0,"q":2.37,"p":3.56,"mot":"U","mo":58985.0},{"ui":"7854780","t":14592.0,"r":9592.0,"q":2.46,"p":2.0,"mot":"L","mo":5000.0},{"ui":"7854499","t":17500.0,"r":17500.0,"q":2.88,"p":3.1,"mot":"L","mo":3500.0},{"cn":"","ui":"","t":0.0,"r":0.0,"q":0.0,"p":0.0,"mot":"L","mo":0.0}]},{"d":"05.10.2016","r":8847.0,"q":3.73,"p":3.1,"s":[{"ui":"7858074","t":1000.0,"r":1000.0,"q":5.0,"p":3.5,"mot":"U","mo":1000.0},{"ui":"7857862","t":4347.0,"r":4347.0,"q":4.12,"p":3.0,"mot":"U","mo":4347.0},{"ui":"7854499","t":17300.0,"r":17250.0,"q":2.88,"p":3.1,"mot":"L","mo":3500.0},{"cn":"","ui":"","t":0.0,"r":0.0,"q":0.0,"p":0.0,"mot":"L","mo":0.0}]},{"d":"07.10.2016","r":37750.0,"q":2.68,"p":2.88,"s":[{"ui":"7857862","t":6819.0,"r":6819.0,"q":2.75,"p":3.0,"mot":"U","mo":6819.0},{"ui":"7856754","t":9888.0,"r":9888.0,"q":2.19,"p":1.8,"mot":"U","mo":9888.0},{"ui":"7860314","t":42500.0,"r":42500.0,"q":2.57,"p":10.0,"mot":"L","mo":2500.0},{"ui":"7861511","t":17500.0,"r":17500.0,"q":2.98,"p":2.5,"mot":"U","mo":17500.0},{"cn":"","ui":"","t":12943.0,"r":1043.0,"q":2.26,"p":1.51,"mot":"L","mo":1043.0}]},{"d":"08.10.2016","r":52001.0,"q":3.32,"p":2.7,"s":[{"ui":"7863851","t":4292.0,"r":4292.0,"q":3.95,"p":3.0,"mot":"U","mo":4292.0},{"ui":"7859273","t":17500.0,"r":17500.0,"q":2.98,"p":3.0,"mot":"U","mo":17500.0},{"ui":"7863585","t":10000.0,"r":10000.0,"q":5.0,"p":1.5,"mot":"U","mo":10000.0},{"ui":"7864153","t":15400.0,"r":14800.0,"q":3.03,"p":2.0,"mot":"U","mo":14800.0},{"ui":"7861259","t":2909.0,"r":2909.0,"q":1.0,"p":1.9,"mot":"U","mo":2909.0},{"cn":"","ui":"","t":65280.0,"r":2500.0,"q":2.38,"p":10.0,"mot":"L","mo":2500.0}]},{"d":"09.10.2016","r":22266.0,"q":2.64,"p":12.87,"s":[{"ui":"7866783","t":12500.0,"r":12500.0,"q":2.49,"p":2.5,"mot":"U","mo":12500.0},{"ui":"7865648","t":8254.0,"r":8254.0,"q":2.97,"p":30.0,"mot":"U","mo":8254.0},{"cn":"","ui":"","t":53730.0,"r":1512.0,"q":2.06,"p":5.04,"mot":"L","mo":1512.0}]},{"d":"10.10.2016","r":12661.0,"q":2.7,"p":8.83,"s":[{"ui":"7868836","t":5280.0,"r":4280.0,"q":2.81,"p":2.3,"mot":"L","mo":1000.0},{"ui":"7868361","t":1449.0,"r":1449.0,"q":1.1,"p":65.0,"mot":"L","mo":1449.0},{"ui":"7869057","t":17212.0,"r":9212.0,"q":2.97,"p":1.0,"mot":"U","mo":9212.0},{"ui":"7865788","t":108554.0,"r":108554.0,"q":2.39,"p":6.08,"mot":"L","mo":1000.0},{"cn":"","ui":"","t":0.0,"r":0.0,"q":0.0,"p":0.0,"mot":"L","mo":0.0}]},{"d":"11.10.2016","r":34149.0,"q":2.01,"p":5.62,"s":[{"ui":"7870330","t":6234.0,"r":6184.0,"q":2.04,"p":2.5,"mot":"L","mo":4000.0},{"ui":"7867721","t":13668.0,"r":10014.0,"q":1.33,"p":3.86,"mot":"L","mo":10014.0},{"ui":"7867834","t":14138.0,"r":9274.0,"q":2.46,"p":2.5,"mot":"U","mo":9274.0},{"ui":"7871677","t":11576.0,"r":11576.0,"q":2.46,"p":1.33,"mot":"L","mo":8000.0},{"cn":"","ui":"","t":165049.0,"r":2861.0,"q":1.67,"p":38.27,"mot":"L","mo":2861.0}]},{"d":"12.10.2016","r":12000.0,"q":2.07,"p":1.83,"s":[{"ui":"7870330","t":5034.0,"r":4984.0,"q":2.04,"p":2.5,"mot":"L","mo":4000.0},{"ui":"7871677","t":58789.0,"r":58589.0,"q":2.08,"p":1.5,"mot":"L","mo":8000.0},{"cn":"","ui":"","t":0.0,"r":0.0,"q":0.0,"p":0.0,"mot":"L","mo":0.0}]},{"d":"13.10.2016","r":10050.0,"q":2.98,"p":4.49,"s":[{"ui":"7871650","t":17500.0,"r":17500.0,"q":2.98,"p":4.5,"mot":"L","mo":10000.0},{"cn":"","ui":"","t":107084.0,"r":50.0,"q":1.99,"p":3.0,"mot":"L","mo":50.0}]},{"d":"14.10.2016","r":179015.0,"q":1.97,"p":3.07,"s":[{"ui":"7878446","t":78671.0,"r":78471.0,"q":2.38,"p":3.15,"mot":"U","mo":78471.0},{"ui":"7875339","t":116090.0,"r":111090.0,"q":1.65,"p":3.0,"mot":"L","mo":100000.0},{"cn":"","ui":"","t":3044.0,"r":544.0,"q":2.85,"p":2.79,"mot":"L","mo":544.0}]},{"d":"15.10.2016","r":244203.0,"q":1.79,"p":3.13,"s":[{"ui":"7878446","t":155246.0,"r":155146.0,"q":1.99,"p":3.15,"mot":"U","mo":155146.0},{"ui":"7875339","t":86267.0,"r":81267.0,"q":1.45,"p":3.0,"mot":"L","mo":81267.0},{"cn":"","ui":"","t":7790.0,"r":7790.0,"q":1.5,"p":4.0,"mot":"L","mo":7790.0}]},{"d":"16.10.2016","r":316070.0,"q":1.84,"p":3.5,"s":[{"ui":"7878446","t":163843.0,"r":161743.0,"q":1.83,"p":3.15,"mot":"U","mo":161743.0},{"ui":"7883432","t":80968.0,"r":80968.0,"q":2.51,"p":5.0,"mot":"U","mo":80968.0},{"ui":"7878455","t":45000.0,"r":45000.0,"q":1.0,"p":3.15,"mot":"U","mo":45000.0},{"ui":"7882208","t":18369.0,"r":18369.0,"q":1.0,"p":1.8,"mot":"U","mo":18369.0},{"cn":"","ui":"","t":12040.0,"r":9990.0,"q":1.96,"p":1.8,"mot":"L","mo":9990.0}]},{"d":"17.10.2016","r":350928.0,"q":2.25,"p":4.57,"s":[{"ui":"7887304","t":33423.0,"r":33423.0,"q":2.66,"p":8.0,"mot":"U","mo":33423.0},{"ui":"7883432","t":224081.0,"r":224081.0,"q":2.45,"p":5.0,"mot":"U","mo":224081.0},{"ui":"7886869","t":33661.0,"r":33661.0,"q":2.69,"p":2.11,"mot":"U","mo":33661.0},{"ui":"7882208","t":44696.0,"r":44686.0,"q":1.0,"p":1.8,"mot":"U","mo":44686.0},{"cn":"","ui":"","t":16077.0,"r":15077.0,"q":1.03,"p":4.23,"mot":"L","mo":15077.0}]},{"d":"18.10.2016","r":504277.0,"q":2.41,"p":4.23,"s":[{"ui":"7887304","t":68019.0,"r":67018.0,"q":2.46,"p":2.09,"mot":"U","mo":67018.0},{"ui":"7883432","t":342987.0,"r":342987.0,"q":2.42,"p":5.0,"mot":"U","mo":342987.0},{"ui":"7886869","t":71328.0,"r":71328.0,"q":2.15,"p":2.11,"mot":"U","mo":71328.0},{"cn":"","ui":"","t":32114.0,"r":22944.0,"q":2.94,"p":5.6,"mot":"L","mo":22944.0}]},{"d":"19.10.2016","r":215572.0,"q":2.06,"p":2.67,"s":[{"ui":"7890458","t":92985.0,"r":89965.0,"q":2.02,"p":2.09,"mot":"U","mo":89965.0},{"ui":"7886869","t":100971.0,"r":100971.0,"q":1.94,"p":2.11,"mot":"U","mo":100971.0},{"ui":"7889061","t":13990.0,"r":13890.0,"q":2.81,"p":2.5,"mot":"U","mo":13890.0},{"cn":"","ui":"","t":25046.0,"r":10746.0,"q":2.56,"p":12.96,"mot":"L","mo":10746.0}]},{"d":"20.10.2016","r":38095.0,"q":3.52,"p":3.66,"s":[{"ui":"7890458","t":111727.0,"r":100817.0,"q":2.2,"p":1.65,"mot":"L","mo":10000.0},{"ui":"7893095","t":15940.0,"r":15390.0,"q":2.94,"p":1.5,"mot":"L","mo":2000.0},{"ui":"7894131","t":17500.0,"r":17500.0,"q":2.98,"p":2.0,"mot":"L","mo":2500.0},{"ui":"7889061","t":4170.0,"r":4070.0,"q":2.81,"p":2.5,"mot":"U","mo":4070.0},{"ui":"7888705","t":18100.0,"r":18100.0,"q":4.6,"p":5.5,"mot":"U","mo":18100.0},{"cn":"","ui":"","t":70412.0,"r":1425.0,"q":2.8,"p":3.53,"mot":"L","mo":1425.0}]},{"d":"21.10.2016","r":5510.0,"q":3.33,"p":2.03,"s":[{"ui":"7897320","t":5533.0,"r":5533.0,"q":4.05,"p":2.5,"mot":"L","mo":2500.0},{"ui":"7896448","t":3642.0,"r":3242.0,"q":2.73,"p":1.6,"mot":"L","mo":3000.0},{"cn":"","ui":"","t":123708.0,"r":10.0,"q":2.38,"p":15.0,"mot":"L","mo":10.0}]},{"d":"22.10.2016","r":57483.0,"q":1.0,"p":2.0,"s":[{"ui":"7899487","t":57502.0,"r":57402.0,"q":1.0,"p":2.0,"mot":"U","mo":57402.0},{"cn":"","ui":"","t":299856.0,"r":81.0,"q":2.39,"p":3.25,"mot":"L","mo":81.0}]},{"d":"23.10.2016","r":59602.0,"q":1.13,"p":1.99,"s":[{"ui":"7899487","t":47902.0,"r":47602.0,"q":1.0,"p":1.8,"mot":"U","mo":47602.0},{"ui":"7898549","t":34094.0,"r":25594.0,"q":1.26,"p":3.0,"mot":"L","mo":10000.0},{"cn":"","ui":"","t":8283.0,"r":2000.0,"q":3.55,"p":1.5,"mot":"L","mo":2000.0}]},{"d":"24.10.2016","r":129725.0,"q":1.93,"p":3.73,"s":[{"ui":"7902226","t":22950.0,"r":22900.0,"q":1.0,"p":2.45,"mot":"U","mo":22900.0},{"ui":"7897912","t":110625.0,"r":106325.0,"q":2.13,"p":4.0,"mot":"U","mo":106325.0},{"cn":"","ui":"","t":8000.0,"r":500.0,"q":2.74,"p":5.0,"mot":"L","mo":500.0}]},{"d":"25.10.2016","r":4359.0,"q":1.25,"p":3.43,"s":[{"ui":"7902338","t":2113.0,"r":2113.0,"q":1.0,"p":3.0,"mot":"U","mo":2113.0},{"ui":"7903313","t":1937.0,"r":1937.0,"q":1.0,"p":4.0,"mot":"L","mo":1937.0},{"cn":"","ui":"","t":9527.0,"r":309.0,"q":4.53,"p":2.81,"mot":"L","mo":309.0}]},{"d":"26.10.2016","r":28209.0,"q":1.8,"p":19.74,"s":[{"ui":"7906871","t":21660.0,"r":20840.0,"q":1.57,"p":1.97,"mot":"U","mo":20840.0},{"ui":"7903337","t":7369.0,"r":7369.0,"q":2.46,"p":70.0,"mot":"U","mo":7369.0},{"cn":"","ui":"","t":0.0,"r":0.0,"q":0.0,"p":0.0,"mot":"L","mo":0.0}]},{"d":"27.10.2016","r":133701.0,"q":2.24,"p":50.0,"s":[{"ui":"7905941","t":133701.0,"r":133701.0,"q":2.24,"p":50.0,"mot":"U","mo":133701.0},{"cn":"","ui":"","t":0.0,"r":0.0,"q":0.0,"p":0.0,"mot":"L","mo":0.0}]},{"d":"28.10.2016","r":20241.0,"q":1.3,"p":11.35,"s":[{"ui":"7909047","t":47022.0,"r":47022.0,"q":1.61,"p":3.0,"mot":"L","mo":10000.0},{"ui":"7909690","t":10241.0,"r":10241.0,"q":1.0,"p":19.5,"mot":"U","mo":10241.0},{"cn":"","ui":"","t":0.0,"r":0.0,"q":0.0,"p":0.0,"mot":"L","mo":0.0}]},{"d":"29.10.2016","r":54749.0,"q":3.64,"p":5.97,"s":[{"ui":"7909047","t":84091.0,"r":84091.0,"q":1.44,"p":3.0,"mot":"L","mo":10000.0},{"ui":"7911553","t":27500.0,"r":27500.0,"q":5.0,"p":9.39,"mot":"U","mo":27500.0},{"ui":"7911554","t":4000.0,"r":4000.0,"q":5.0,"p":3.0,"mot":"U","mo":4000.0},{"ui":"7910257","t":14249.0,"r":13249.0,"q":2.06,"p":2.0,"mot":"U","mo":13249.0},{"cn":"","ui":"","t":0.0,"r":0.0,"q":0.0,"p":0.0,"mot":"L","mo":0.0}]},{"d":"30.10.2016","r":113564.0,"q":3.63,"p":3.78,"s":[{"ui":"7911553","t":55000.0,"r":55000.0,"q":5.0,"p":5.5,"mot":"U","mo":55000.0},{"ui":"7910257","t":36124.0,"r":36064.0,"q":2.2,"p":1.85,"mot":"U","mo":36064.0},{"ui":"7909617","t":17500.0,"r":17500.0,"q":2.98,"p":3.0,"mot":"L","mo":17500.0},{"cn":"","ui":"","t":24485.0,"r":5000.0,"q":1.19,"p":1.5,"mot":"L","mo":5000.0}]},{"d":"31.10.2016","r":57350.0,"q":4.83,"p":5.33,"s":[{"ui":"7911553","t":54860.0,"r":54850.0,"q":5.0,"p":5.5,"mot":"U","mo":54850.0},{"cn":"","ui":"","t":19969.0,"r":2500.0,"q":1.0,"p":1.6,"mot":"L","mo":2500.0}]},{"d":"01.11.2016","r":247046.0,"q":1.14,"p":1.98,"s":[{"ui":"7915054","t":311496.0,"r":235046.0,"q":1.14,"p":2.0,"mot":"U","mo":235046.0},{"cn":"","ui":"","t":76030.0,"r":12000.0,"q":1.09,"p":1.67,"mot":"L","mo":12000.0}]},{"d":"02.11.2016","r":311006.0,"q":1.14,"p":2.0,"s":[{"ui":"7915054","t":311016.0,"r":311006.0,"q":1.14,"p":2.0,"mot":"U","mo":311006.0},{"cn":"","ui":"","t":0.0,"r":0.0,"q":0.0,"p":0.0,"mot":"L","mo":0.0}]},{"d":"04.11.2016","r":22249.0,"q":3.12,"p":2.45,"s":[{"ui":"7919835","t":21249.0,"r":20249.0,"q":2.44,"p":1.7,"mot":"U","mo":20249.0},{"ui":"7920194","t":2000.0,"r":2000.0,"q":10.0,"p":10.0,"mot":"U","mo":2000.0},{"cn":"","ui":"","t":0.0,"r":0.0,"q":0.0,"p":0.0,"mot":"L","mo":0.0}]},{"d":"05.11.2016","r":97561.0,"q":3.12,"p":3.26,"s":[{"ui":"7920641","t":5000.0,"r":5000.0,"q":1.0,"p":1.34,"mot":"U","mo":5000.0},{"ui":"7919835","t":76561.0,"r":74061.0,"q":2.25,"p":1.7,"mot":"U","mo":74061.0},{"ui":"7920194","t":18500.0,"r":18500.0,"q":7.16,"p":10.0,"mot":"U","mo":18500.0},{"cn":"","ui":"","t":0.0,"r":0.0,"q":0.0,"p":0.0,"mot":"L","mo":0.0}]},{"d":"06.11.2016","r":433.0,"q":1.0,"p":1.4,"s":[{"ui":"7924146","t":433.0,"r":433.0,"q":1.0,"p":1.4,"mot":"U","mo":433.0},{"cn":"","ui":"","t":0.0,"r":0.0,"q":0.0,"p":0.0,"mot":"L","mo":0.0}]},{"d":"07.11.2016","r":5503.0,"q":2.44,"p":3.7,"s":[{"ui":"7925103","t":1100.0,"r":1100.0,"q":2.76,"p":4.5,"mot":"U","mo":1100.0},{"ui":"7925173","t":4403.0,"r":4403.0,"q":2.36,"p":3.5,"mot":"U","mo":4403.0},{"cn":"","ui":"","t":0.0,"r":0.0,"q":0.0,"p":0.0,"mot":"L","mo":0.0}]},{"d":"08.11.2016","r":17500.0,"q":2.41,"p":5.0,"s":[{"ui":"7924459","t":17500.0,"r":17500.0,"q":2.41,"p":5.0,"mot":"U","mo":17500.0},{"cn":"","ui":"","t":0.0,"r":0.0,"q":0.0,"p":0.0,"mot":"L","mo":0.0}]},{"d":"09.11.2016","r":29841.0,"q":2.44,"p":2.87,"s":[{"ui":"7925103","t":2000.0,"r":2000.0,"q":2.62,"p":4.5,"mot":"U","mo":2000.0},{"ui":"7925173","t":7103.0,"r":7103.0,"q":2.35,"p":3.5,"mot":"U","mo":7103.0},{"ui":"7925096","t":20738.0,"r":20738.0,"q":2.46,"p":2.5,"mot":"U","mo":20738.0},{"cn":"","ui":"","t":0.0,"r":0.0,"q":0.0,"p":0.0,"mot":"L","mo":0.0}]},{"d":"13.11.2016","r":10000.0,"q":1.0,"p":1.57,"s":[{"ui":"7933723","t":10000.0,"r":10000.0,"q":1.0,"p":1.57,"mot":"U","mo":10000.0},{"cn":"","ui":"","t":0.0,"r":0.0,"q":0.0,"p":0.0,"mot":"L","mo":0.0}]},{"d":"14.11.2016","r":6672.0,"q":2.44,"p":1.25,"s":[{"ui":"7935017","t":11672.0,"r":6672.0,"q":2.44,"p":1.25,"mot":"U","mo":6672.0},{"cn":"","ui":"","t":0.0,"r":0.0,"q":0.0,"p":0.0,"mot":"L","mo":0.0}]},{"d":"15.11.2016","r":72783.0,"q":2.4,"p":1.83,"s":[{"ui":"7935017","t":13597.0,"r":8370.0,"q":2.02,"p":1.25,"mot":"U","mo":8370.0},{"ui":"7935511","t":64413.0,"r":64413.0,"q":2.45,"p":1.9,"mot":"U","mo":64413.0},{"cn":"","ui":"","t":0.0,"r":0.0,"q":0.0,"p":0.0,"mot":"L","mo":0.0}]},{"d":"16.11.2016","r":329221.0,"q":2.47,"p":1.83,"s":[{"ui":"7935511","t":58771.0,"r":58771.0,"q":2.46,"p":2.4,"mot":"U","mo":58771.0},{"ui":"7937608","t":75000.0,"r":75000.0,"q":2.45,"p":2.5,"mot":"U","mo":75000.0},{"ui":"7936168","t":195070.0,"r":194850.0,"q":2.48,"p":1.4,"mot":"U","mo":194850.0},{"cn":"","ui":"","t":600.0,"r":600.0,"q":1.0,"p":1.34,"mot":"L","mo":600.0}]},{"d":"17.11.2016","r":443182.0,"q":2.43,"p":1.83,"s":[{"ui":"7935511","t":116500.0,"r":116500.0,"q":2.45,"p":1.9,"mot":"U","mo":116500.0},{"ui":"7937608","t":75000.0,"r":75000.0,"q":2.45,"p":1.95,"mot":"U","mo":75000.0},{"ui":"7936168","t":248120.0,"r":245120.0,"q":2.45,"p":1.4,"mot":"U","mo":245120.0},{"cn":"","ui":"","t":6562.0,"r":6562.0,"q":1.01,"p":15.0,"mot":"L","mo":6562.0}]},{"d":"18.11.2016","r":16282.0,"q":2.8,"p":1.33,"s":[{"ui":"7939504","t":5300.0,"r":5300.0,"q":4.13,"p":1.2,"mot":"U","mo":5300.0},{"ui":"7938819","t":17364.0,"r":8682.0,"q":2.46,"p":1.4,"mot":"U","mo":8682.0},{"ui":"7937609","t":2300.0,"r":2300.0,"q":1.0,"p":1.34,"mot":"U","mo":2300.0},{"cn":"","ui":"","t":0.0,"r":0.0,"q":0.0,"p":0.0,"mot":"L","mo":0.0}]},{"d":"22.11.2016","r":11860.0,"q":2.8,"p":2.68,"s":[{"ui":"7945462","t":9360.0,"r":9360.0,"q":2.85,"p":3.0,"mot":"U","mo":9360.0},{"ui":"7945034","t":48572.0,"r":48572.0,"q":2.63,"p":1.5,"mot":"L","mo":2500.0},{"cn":"","ui":"","t":0.0,"r":0.0,"q":0.0,"p":0.0,"mot":"L","mo":0.0}]},{"d":"23.11.2016","r":15783.0,"q":2.1,"p":5.09,"s":[{"ui":"7946823","t":3706.0,"r":3706.0,"q":1.0,"p":7.0,"mot":"U","mo":3706.0},{"ui":"7945462","t":12077.0,"r":12077.0,"q":2.44,"p":4.5,"mot":"U","mo":12077.0},{"cn":"","ui":"","t":0.0,"r":0.0,"q":0.0,"p":0.0,"mot":"L","mo":0.0}]},{"d":"24.11.2016","r":47455.0,"q":1.68,"p":2.78,"s":[{"ui":"7946823","t":35228.0,"r":35128.0,"q":1.43,"p":2.0,"mot":"U","mo":35128.0},{"ui":"7945462","t":12327.0,"r":12327.0,"q":2.41,"p":5.0,"mot":"U","mo":12327.0},{"cn":"","ui":"","t":0.0,"r":0.0,"q":0.0,"p":0.0,"mot":"L","mo":0.0}]},{"d":"25.11.2016","r":69739.0,"q":1.43,"p":2.0,"s":[{"ui":"7946823","t":70264.0,"r":69739.0,"q":1.43,"p":2.0,"mot":"U","mo":69739.0},{"cn":"","ui":"","t":0.0,"r":0.0,"q":0.0,"p":0.0,"mot":"L","mo":0.0}]},{"d":"26.11.2016","r":28884.0,"q":2.63,"p":1.8,"s":[{"ui":"7950001","t":28938.0,"r":28884.0,"q":2.63,"p":1.8,"mot":"U","mo":28884.0},{"cn":"","ui":"","t":0.0,"r":0.0,"q":0.0,"p":0.0,"mot":"L","mo":0.0}]},{"d":"27.11.2016","r":178716.0,"q":1.0,"p":2.0,"s":[{"ui":"7950798","t":179186.0,"r":178686.0,"q":1.0,"p":2.0,"mot":"U","mo":178686.0},{"cn":"","ui":"","t":10000.0,"r":30.0,"q":2.38,"p":30.0,"mot":"L","mo":30.0}]},{"d":"28.11.2016","r":417834.0,"q":1.0,"p":2.0,"s":[{"ui":"7950798","t":417834.0,"r":417834.0,"q":1.0,"p":2.0,"mot":"U","mo":417834.0},{"cn":"","ui":"","t":0.0,"r":0.0,"q":0.0,"p":0.0,"mot":"L","mo":0.0}]},{"d":"29.11.2016","r":30.0,"q":1.7,"p":30.0,"s":[{"ui":"7951983","t":22500.0,"r":22500.0,"q":1.7,"p":30.0,"mot":"L","mo":30.0},{"cn":"","ui":"","t":0.0,"r":0.0,"q":0.0,"p":0.0,"mot":"L","mo":0.0}]},{"d":"11.12.2016","r":14648.0,"q":2.47,"p":1.4,"s":[{"ui":"7969062","t":14648.0,"r":14648.0,"q":2.47,"p":1.4,"mot":"U","mo":14648.0},{"cn":"","ui":"","t":0.0,"r":0.0,"q":0.0,"p":0.0,"mot":"L","mo":0.0}]},{"d":"12.12.2016","r":74500.0,"q":2.32,"p":1.52,"s":[{"ui":"7969062","t":74650.0,"r":74500.0,"q":2.32,"p":1.52,"mot":"U","mo":74500.0},{"cn":"","ui":"","t":0.0,"r":0.0,"q":0.0,"p":0.0,"mot":"L","mo":0.0}]},{"d":"13.12.2016","r":16092.0,"q":2.34,"p":1.52,"s":[{"ui":"7969062","t":16442.0,"r":16092.0,"q":2.34,"p":1.52,"mot":"U","mo":16092.0},{"cn":"","ui":"","t":0.0,"r":0.0,"q":0.0,"p":0.0,"mot":"L","mo":0.0}]},{"d":"14.12.2016","r":125000.0,"q":1.03,"p":4.24,"s":[{"ui":"7971599","t":134600.0,"r":134200.0,"q":1.0,"p":4.35,"mot":"L","mo":120000.0},{"cn":"","ui":"","t":17028.0,"r":5000.0,"q":1.65,"p":1.6,"mot":"L","mo":5000.0}]},{"d":"16.12.2016","r":11376.0,"q":3.5,"p":3.54,"s":[{"ui":"7976632","t":11176.0,"r":11176.0,"q":3.46,"p":3.5,"mot":"U","mo":11176.0},{"cn":"","ui":"","t":25217.0,"r":200.0,"q":5.77,"p":5.5,"mot":"L","mo":200.0}]},{"d":"17.12.2016","r":700.0,"q":2.74,"p":2.61,"s":[{"ui":"7978484","t":8000.0,"r":8000.0,"q":1.59,"p":1.45,"mot":"L","mo":500.0},{"ui":"7976636","t":2600.0,"r":2600.0,"q":10.0,"p":5.0,"mot":"L","mo":100.0},{"ui":"7976135","t":80545.0,"r":80545.0,"q":1.24,"p":6.0,"mot":"L","mo":100.0},{"cn":"","ui":"","t":0.0,"r":0.0,"q":0.0,"p":0.0,"mot":"L","mo":0.0}]},{"d":"18.12.2016","r":48344.0,"q":2.63,"p":1.05,"s":[{"ui":"7979835","t":47844.0,"r":47544.0,"q":2.64,"p":1.0,"mot":"U","mo":47544.0},{"cn":"","ui":"","t":8900.0,"r":800.0,"q":2.01,"p":3.97,"mot":"L","mo":800.0}]},{"d":"19.12.2016","r":40514.0,"q":1.92,"p":1.81,"s":[{"ui":"7980839","t":24690.0,"r":24690.0,"q":2.5,"p":2.0,"mot":"U","mo":24690.0},{"ui":"7979835","t":15524.0,"r":15524.0,"q":1.0,"p":1.4,"mot":"U","mo":15524.0},{"cn":"","ui":"","t":3900.0,"r":300.0,"q":2.26,"p":8.0,"mot":"L","mo":300.0}]},{"d":"20.12.2016","r":74595.0,"q":1.56,"p":1.75,"s":[{"ui":"7980839","t":43364.0,"r":43364.0,"q":1.97,"p":2.0,"mot":"U","mo":43364.0},{"ui":"7979835","t":31231.0,"r":31231.0,"q":1.0,"p":1.4,"mot":"U","mo":31231.0},{"cn":"","ui":"","t":0.0,"r":0.0,"q":0.0,"p":0.0,"mot":"L","mo":0.0}]},{"d":"21.12.2016","r":39867.0,"q":1.92,"p":2.0,"s":[{"ui":"7980839","t":39867.0,"r":39867.0,"q":1.92,"p":2.0,"mot":"U","mo":39867.0},{"cn":"","ui":"","t":0.0,"r":0.0,"q":0.0,"p":0.0,"mot":"L","mo":0.0}]},{"d":"22.12.2016","r":4084.0,"q":1.1,"p":19.5,"s":[{"ui":"7983517","t":5284.0,"r":4084.0,"q":1.1,"p":19.5,"mot":"L","mo":4084.0},{"cn":"","ui":"","t":0.0,"r":0.0,"q":0.0,"p":0.0,"mot":"L","mo":0.0}]},{"d":"23.12.2016","r":10571.0,"q":1.04,"p":4.03,"s":[{"ui":"7986947","t":5192.0,"r":5147.0,"q":1.08,"p":3.0,"mot":"L","mo":5147.0},{"ui":"7985675","t":5924.0,"r":5424.0,"q":1.0,"p":5.0,"mot":"U","mo":5424.0},{"cn":"","ui":"","t":0.0,"r":0.0,"q":0.0,"p":0.0,"mot":"L","mo":0.0}]},{"d":"25.12.2016","r":5257.0,"q":1.25,"p":5.0,"s":[{"ui":"7987777","t":5257.0,"r":5257.0,"q":1.25,"p":5.0,"mot":"U","mo":5257.0},{"cn":"","ui":"","t":0.0,"r":0.0,"q":0.0,"p":0.0,"mot":"L","mo":0.0}]},{"d":"27.12.2016","r":10604.0,"q":1.15,"p":46.99,"s":[{"ui":"7990411","t":17045.0,"r":17045.0,"q":1.15,"p":46.99,"mot":"L","mo":10604.0},{"cn":"","ui":"","t":0.0,"r":0.0,"q":0.0,"p":0.0,"mot":"L","mo":0.0}]},{"d":"28.12.2016","r":10604.0,"q":1.15,"p":46.99,"s":[{"ui":"7990411","t":23303.0,"r":23303.0,"q":1.15,"p":46.99,"mot":"L","mo":10604.0},{"cn":"","ui":"","t":0.0,"r":0.0,"q":0.0,"p":0.0,"mot":"L","mo":0.0}]},{"d":"29.12.2016","r":36978.0,"q":2.56,"p":7.85,"s":[{"ui":"7994248","t":36698.0,"r":36698.0,"q":2.56,"p":7.9,"mot":"U","mo":36698.0},{"cn":"","ui":"","t":280.0,"r":280.0,"q":3.0,"p":1.9,"mot":"L","mo":280.0}]},{"d":"30.12.2016","r":45508.0,"q":2.29,"p":4.29,"s":[{"ui":"7994248","t":44978.0,"r":44978.0,"q":2.28,"p":4.32,"mot":"U","mo":44978.0},{"cn":"","ui":"","t":530.0,"r":530.0,"q":3.0,"p":1.9,"mot":"L","mo":530.0}]},{"d":"31.12.2016","r":59788.0,"q":2.12,"p":4.29,"s":[{"ui":"7994248","t":59028.0,"r":59028.0,"q":2.11,"p":4.32,"mot":"U","mo":59028.0},{"cn":"","ui":"","t":760.0,"r":760.0,"q":3.0,"p":1.9,"mot":"L","mo":760.0}]},{"d":"02.01.2017","r":46612.0,"q":1.34,"p":1.11,"s":[{"ui":"7998919","t":46723.0,"r":46612.0,"q":1.34,"p":1.11,"mot":"U","mo":46612.0},{"cn":"","ui":"","t":0.0,"r":0.0,"q":0.0,"p":0.0,"mot":"L","mo":0.0}]},{"d":"04.01.2017","r":29754.0,"q":2.3,"p":1.1,"s":[{"ui":"8000164","t":29754.0,"r":29754.0,"q":2.3,"p":1.1,"mot":"U","mo":29754.0},{"cn":"","ui":"","t":0.0,"r":0.0,"q":0.0,"p":0.0,"mot":"L","mo":0.0}]},{"d":"13.01.2017","r":16292.0,"q":3.36,"p":1.0,"s":[{"ui":"8010830","t":13999.0,"r":10898.0,"q":2.98,"p":0.5,"mot":"U","mo":10898.0},{"ui":"8012931","t":5394.0,"r":5394.0,"q":4.13,"p":2.0,"mot":"U","mo":5394.0},{"cn":"","ui":"","t":0.0,"r":0.0,"q":0.0,"p":0.0,"mot":"L","mo":0.0}]},{"d":"16.01.2017","r":26605.0,"q":1.0,"p":6.21,"s":[{"ui":"8014119","t":26605.0,"r":26605.0,"q":1.0,"p":6.21,"mot":"U","mo":26605.0},{"cn":"","ui":"","t":0.0,"r":0.0,"q":0.0,"p":0.0,"mot":"L","mo":0.0}]},{"d":"19.01.2017","r":98948.0,"q":1.0,"p":2.0,"s":[{"ui":"8019015","t":98948.0,"r":98948.0,"q":1.0,"p":2.0,"mot":"U","mo":98948.0},{"cn":"","ui":"","t":0.0,"r":0.0,"q":0.0,"p":0.0,"mot":"L","mo":0.0}]},{"d":"20.01.2017","r":51399.0,"q":2.61,"p":1.5,"s":[{"ui":"8020626","t":51399.0,"r":51399.0,"q":2.61,"p":1.5,"mot":"U","mo":51399.0},{"cn":"","ui":"","t":0.0,"r":0.0,"q":0.0,"p":0.0,"mot":"L","mo":0.0}]},{"d":"21.01.2017","r":113952.0,"q":2.4,"p":1.5,"s":[{"ui":"8020626","t":113952.0,"r":113952.0,"q":2.4,"p":1.5,"mot":"U","mo":113952.0},{"cn":"","ui":"","t":0.0,"r":0.0,"q":0.0,"p":0.0,"mot":"L","mo":0.0}]},{"d":"22.01.2017","r":172587.0,"q":2.23,"p":1.5,"s":[{"ui":"8020626","t":172087.0,"r":171587.0,"q":2.24,"p":1.5,"mot":"U","mo":171587.0},{"cn":"","ui":"","t":14165.0,"r":1000.0,"q":1.0,"p":1.0,"mot":"L","mo":1000.0}]},{"d":"23.01.2017","r":14476.0,"q":1.03,"p":1.67,"s":[{"ui":"8023216","t":118940.0,"r":118840.0,"q":1.0,"p":1.0,"mot":"L","mo":1000.0},{"ui":"8024561","t":71645.0,"r":71645.0,"q":1.0,"p":3.0,"mot":"L","mo":2000.0},{"ui":"8025198","t":11511.0,"r":11476.0,"q":1.04,"p":1.5,"mot":"U","mo":11476.0},{"cn":"","ui":"","t":0.0,"r":0.0,"q":0.0,"p":0.0,"mot":"L","mo":0.0}]},{"d":"24.01.2017","r":104816.0,"q":1.0,"p":1.97,"s":[{"ui":"8024561","t":161102.0,"r":159002.0,"q":1.0,"p":2.0,"mot":"L","mo":100000.0},{"cn":"","ui":"","t":150366.0,"r":4816.0,"q":1.03,"p":1.4,"mot":"L","mo":4816.0}]},{"d":"25.01.2017","r":100000.0,"q":1.03,"p":1.7,"s":[{"ui":"8024561","t":230697.0,"r":228597.0,"q":1.03,"p":1.7,"mot":"L","mo":100000.0},{"cn":"","ui":"","t":0.0,"r":0.0,"q":0.0,"p":0.0,"mot":"L","mo":0.0}]},{"d":"28.01.2017","r":21905.0,"q":1.0,"p":2.3,"s":[{"ui":"8031420","t":22015.0,"r":21905.0,"q":1.0,"p":2.3,"mot":"U","mo":21905.0},{"cn":"","ui":"","t":0.0,"r":0.0,"q":0.0,"p":0.0,"mot":"L","mo":0.0}]},{"d":"30.01.2017","r":5000.0,"q":1.05,"p":200.0,"s":[{"ui":"8033240","t":5000.0,"r":5000.0,"q":1.05,"p":200.0,"mot":"U","mo":5000.0},{"cn":"","ui":"","t":0.0,"r":0.0,"q":0.0,"p":0.0,"mot":"L","mo":0.0}]},{"d":"02.02.2017","r":2008.0,"q":1.82,"p":1.0,"s":[{"ui":"8035368","t":2118.0,"r":2008.0,"q":1.82,"p":1.0,"mot":"U","mo":2008.0},{"cn":"","ui":"","t":0.0,"r":0.0,"q":0.0,"p":0.0,"mot":"L","mo":0.0}]},{"d":"06.02.2017","r":21786.0,"q":2.59,"p":2.0,"s":[{"ui":"8040178","t":21786.0,"r":21786.0,"q":2.59,"p":2.0,"mot":"U","mo":21786.0},{"cn":"","ui":"","t":0.0,"r":0.0,"q":0.0,"p":0.0,"mot":"L","mo":0.0}]},{"d":"07.02.2017","r":31292.0,"q":2.11,"p":2.0,"s":[{"ui":"8040178","t":31292.0,"r":31292.0,"q":2.11,"p":2.0,"mot":"U","mo":31292.0},{"cn":"","ui":"","t":0.0,"r":0.0,"q":0.0,"p":0.0,"mot":"L","mo":0.0}]},{"d":"09.02.2017","r":11900.0,"q":1.22,"p":1.74,"s":[{"ui":"8043266","t":1900.0,"r":1900.0,"q":2.11,"p":3.0,"mot":"U","mo":1900.0},{"ui":"8042964","t":10000.0,"r":10000.0,"q":1.05,"p":1.5,"mot":"U","mo":10000.0},{"cn":"","ui":"","t":0.0,"r":0.0,"q":0.0,"p":0.0,"mot":"L","mo":0.0}]},{"d":"11.02.2017","r":16665.0,"q":2.09,"p":1.0,"s":[{"ui":"8046271","t":17665.0,"r":16665.0,"q":2.09,"p":1.0,"mot":"U","mo":16665.0},{"cn":"","ui":"","t":0.0,"r":0.0,"q":0.0,"p":0.0,"mot":"L","mo":0.0}]},{"d":"12.02.2017","r":66338.0,"q":2.14,"p":1.7,"s":[{"ui":"8046271","t":66338.0,"r":66338.0,"q":2.14,"p":1.7,"mot":"U","mo":66338.0},{"cn":"","ui":"","t":0.0,"r":0.0,"q":0.0,"p":0.0,"mot":"L","mo":0.0}]},{"d":"13.02.2017","r":129148.0,"q":2.15,"p":1.7,"s":[{"ui":"8046271","t":129148.0,"r":129148.0,"q":2.15,"p":1.7,"mot":"U","mo":129148.0},{"cn":"","ui":"","t":0.0,"r":0.0,"q":0.0,"p":0.0,"mot":"L","mo":0.0}]},{"d":"17.02.2017","r":12737.0,"q":1.05,"p":1.25,"s":[{"ui":"8054228","t":12737.0,"r":12737.0,"q":1.05,"p":1.25,"mot":"U","mo":12737.0},{"cn":"","ui":"","t":0.0,"r":0.0,"q":0.0,"p":0.0,"mot":"L","mo":0.0}]},{"d":"18.02.2017","r":11937.0,"q":1.05,"p":1.25,"s":[{"ui":"8054228","t":12037.0,"r":11937.0,"q":1.05,"p":1.25,"mot":"U","mo":11937.0},{"cn":"","ui":"","t":0.0,"r":0.0,"q":0.0,"p":0.0,"mot":"L","mo":0.0}]},{"d":"19.02.2017","r":6474.0,"q":1.05,"p":1.25,"s":[{"ui":"8054228","t":6474.0,"r":6474.0,"q":1.05,"p":1.25,"mot":"U","mo":6474.0},{"cn":"","ui":"","t":0.0,"r":0.0,"q":0.0,"p":0.0,"mot":"L","mo":0.0}]},{"d":"20.02.2017","r":75352.0,"q":1.0,"p":2.0,"s":[{"ui":"8058120","t":75352.0,"r":75352.0,"q":1.0,"p":2.0,"mot":"U","mo":75352.0},{"cn":"","ui":"","t":0.0,"r":0.0,"q":0.0,"p":0.0,"mot":"L","mo":0.0}]},{"d":"21.02.2017","r":407097.0,"q":1.79,"p":1.67,"s":[{"ui":"8059727","t":221132.0,"r":221132.0,"q":2.46,"p":1.4,"mot":"U","mo":221132.0},{"ui":"8058120","t":185965.0,"r":185965.0,"q":1.0,"p":2.0,"mot":"U","mo":185965.0},{"cn":"","ui":"","t":0.0,"r":0.0,"q":0.0,"p":0.0,"mot":"L","mo":0.0}]},{"d":"22.02.2017","r":634453.0,"q":1.36,"p":1.93,"s":[{"ui":"8061431","t":49993.0,"r":49993.0,"q":1.0,"p":4.0,"mot":"U","mo":49993.0},{"ui":"8059727","t":292650.0,"r":277648.0,"q":1.77,"p":1.4,"mot":"U","mo":277648.0},{"ui":"8058120","t":295141.0,"r":295141.0,"q":1.0,"p":2.0,"mot":"U","mo":295141.0},{"cn":"","ui":"","t":11671.0,"r":11671.0,"q":2.26,"p":3.95,"mot":"L","mo":11671.0}]},{"d":"23.02.2017","r":203697.0,"q":1.03,"p":4.34,"s":[{"ui":"8063326","t":35200.0,"r":35200.0,"q":1.15,"p":6.0,"mot":"U","mo":35200.0},{"ui":"8061431","t":168197.0,"r":168197.0,"q":1.0,"p":4.0,"mot":"U","mo":168197.0},{"cn":"","ui":"","t":17500.0,"r":300.0,"q":2.98,"p":1.5,"mot":"L","mo":300.0}]},{"d":"24.02.2017","r":90300.0,"q":1.16,"p":4.49,"s":[{"ui":"8063326","t":90000.0,"r":90000.0,"q":1.15,"p":4.5,"mot":"U","mo":90000.0},{"cn":"","ui":"","t":14100.0,"r":300.0,"q":2.98,"p":1.5,"mot":"L","mo":300.0}]},{"d":"25.02.2017","r":5000.0,"q":3.66,"p":5.28,"s":[{"ui":"8062877","t":5000.0,"r":5000.0,"q":3.66,"p":5.28,"mot":"U","mo":5000.0},{"cn":"","ui":"","t":0.0,"r":0.0,"q":0.0,"p":0.0,"mot":"L","mo":0.0}]},{"d":"26.02.2017","r":10000.0,"q":2.98,"p":2.5,"s":[{"ui":"8067221","t":17500.0,"r":17500.0,"q":2.98,"p":2.5,"mot":"L","mo":10000.0},{"cn":"","ui":"","t":0.0,"r":0.0,"q":0.0,"p":0.0,"mot":"L","mo":0.0}]},{"d":"28.02.2017","r":400.0,"q":2.98,"p":2.5,"s":[{"ui":"8067221","t":700.0,"r":400.0,"q":2.98,"p":2.5,"mot":"L","mo":400.0},{"cn":"","ui":"","t":0.0,"r":0.0,"q":0.0,"p":0.0,"mot":"L","mo":0.0}]},{"d":"01.03.2017","r":0.0,"q":0.0,"p":0.0,"s":[{"cn":"","ui":"","t":0.0,"r":0.0,"q":0.0,"p":0.0,"mot":"L","mo":0.0}]},{"d":"04.03.2017","r":5487.0,"q":3.31,"p":4.0,"s":[{"cn":"Fernandez Merino Finance","ui":"8076724","t":5487.0,"r":5487.0,"q":3.31,"p":4.0,"mot":"U","mo":5487.0},{"cn":"","ui":"","t":0.0,"r":0.0,"q":0.0,"p":0.0,"mot":"L","mo":0.0}]},{"d":"06.03.2017","r":31564.0,"q":1.03,"p":1.82,"s":[{"cn":"Fernandez Merino Finance","ui":"8076724","t":11564.0,"r":11564.0,"q":1.0,"p":1.5,"mot":"U","mo":11564.0},{"cn":"Odin","ui":"8077965","t":33661.0,"r":33661.0,"q":1.04,"p":2.0,"mot":"L","mo":20000.0},{"cn":"","ui":"","t":0.0,"r":0.0,"q":0.0,"p":0.0,"mot":"L","mo":0.0}]},{"d":"07.03.2017","r":300.0,"q":1.15,"p":1.2,"s":[{"cn":"Odin","ui":"8079244","t":45727.0,"r":45427.0,"q":1.15,"p":1.2,"mot":"L","mo":300.0},{"cn":"","ui":"","t":0.0,"r":0.0,"q":0.0,"p":0.0,"mot":"L","mo":0.0}]},{"d":"08.03.2017","r":2000.0,"q":1.47,"p":2.0,"s":[{"cn":"GRUPO EDUCATIVO E INVERSIONISTA ANLAZ","ui":"8081693","t":20000.0,"r":20000.0,"q":1.47,"p":2.0,"mot":"L","mo":2000.0},{"cn":"","ui":"","t":0.0,"r":0.0,"q":0.0,"p":0.0,"mot":"L","mo":0.0}]},{"d":"12.03.2017","r":11318.0,"q":1.0,"p":1.5,"s":[{"cn":"Элит","ui":"8086469","t":11318.0,"r":11318.0,"q":1.0,"p":1.5,"mot":"U","mo":11318.0},{"cn":"","ui":"","t":0.0,"r":0.0,"q":0.0,"p":0.0,"mot":"L","mo":0.0}]},{"d":"13.03.2017","r":144778.0,"q":1.0,"p":1.5,"s":[{"cn":"Элит","ui":"8086469","t":144798.0,"r":144778.0,"q":1.0,"p":1.5,"mot":"U","mo":144778.0},{"cn":"","ui":"","t":0.0,"r":0.0,"q":0.0,"p":0.0,"mot":"L","mo":0.0}]},{"d":"14.03.2017","r":2500.0,"q":6.06,"p":2.36,"s":[{"cn":"EBro express","ui":"8088020","t":2500.0,"r":2500.0,"q":6.06,"p":2.36,"mot":"U","mo":2500.0},{"cn":"","ui":"","t":0.0,"r":0.0,"q":0.0,"p":0.0,"mot":"L","mo":0.0}]},{"d":"15.03.2017","r":890.0,"q":6.06,"p":2.36,"s":[{"cn":"EBro express","ui":"8088020","t":890.0,"r":890.0,"q":6.06,"p":2.36,"mot":"U","mo":890.0},{"cn":"","ui":"","t":0.0,"r":0.0,"q":0.0,"p":0.0,"mot":"L","mo":0.0}]},{"d":"21.03.2017","r":2300.0,"q":1.0,"p":2.0,"s":[{"cn":"sssa","ui":"8096541","t":16300.0,"r":16100.0,"q":1.0,"p":2.0,"mot":"L","mo":2300.0},{"cn":"","ui":"","t":0.0,"r":0.0,"q":0.0,"p":0.0,"mot":"L","mo":0.0}]},{"d":"23.03.2017","r":42119.0,"q":2.29,"p":2.5,"s":[{"cn":"Арарат","ui":"8098258","t":43119.0,"r":42119.0,"q":2.29,"p":2.5,"mot":"U","mo":42119.0},{"cn":"","ui":"","t":0.0,"r":0.0,"q":0.0,"p":0.0,"mot":"L","mo":0.0}]},{"d":"24.03.2017","r":77940.0,"q":2.07,"p":2.5,"s":[{"cn":"Арарат","ui":"8098258","t":78940.0,"r":77940.0,"q":2.07,"p":2.5,"mot":"U","mo":77940.0},{"cn":"","ui":"","t":0.0,"r":0.0,"q":0.0,"p":0.0,"mot":"L","mo":0.0}]},{"d":"25.03.2017","r":99582.0,"q":1.95,"p":2.49,"s":[{"cn":"Арарат","ui":"8098258","t":98761.0,"r":97761.0,"q":1.94,"p":2.5,"mot":"U","mo":97761.0},{"cn":"","ui":"","t":7821.0,"r":1821.0,"q":2.72,"p":2.0,"mot":"L","mo":1821.0}]},{"d":"27.03.2017","r":17500.0,"q":2.98,"p":2.0,"s":[{"cn":"Americanski Invest","ui":"8103653","t":17500.0,"r":17500.0,"q":2.98,"p":2.0,"mot":"U","mo":17500.0},{"cn":"","ui":"","t":0.0,"r":0.0,"q":0.0,"p":0.0,"mot":"L","mo":0.0}]},{"d":"31.03.2017","r":138978.0,"q":2.18,"p":1.59,"s":[{"cn":"FoodTime","ui":"8107349","t":138978.0,"r":138978.0,"q":2.18,"p":1.59,"mot":"U","mo":138978.0},{"cn":"","ui":"","t":0.0,"r":0.0,"q":0.0,"p":0.0,"mot":"L","mo":0.0}]},{"d":"01.04.2017","r":223460.0,"q":2.0,"p":1.59,"s":[{"cn":"FoodTime","ui":"8107349","t":223460.0,"r":223460.0,"q":2.0,"p":1.59,"mot":"U","mo":223460.0},{"cn":"","ui":"","t":0.0,"r":0.0,"q":0.0,"p":0.0,"mot":"L","mo":0.0}]},{"d":"05.04.2017","r":4900.0,"q":1.0,"p":4.5,"s":[{"cn":"Speed KU","ui":"8113711","t":5000.0,"r":4900.0,"q":1.0,"p":4.5,"mot":"U","mo":4900.0},{"cn":"","ui":"","t":0.0,"r":0.0,"q":0.0,"p":0.0,"mot":"L","mo":0.0}]},{"d":"06.04.2017","r":33894.0,"q":1.36,"p":296.45,"s":[{"cn":"25","ui":"8114784","t":10000.0,"r":10000.0,"q":1.0,"p":1000.0,"mot":"U","mo":10000.0},{"cn":"25","ui":"8114839","t":6894.0,"r":6894.0,"q":1.0,"p":1.99,"mot":"U","mo":6894.0},{"cn":"AlgarCompany Corp.","ui":"8114746","t":17000.0,"r":17000.0,"q":1.72,"p":2.0,"mot":"U","mo":17000.0},{"cn":"","ui":"","t":0.0,"r":0.0,"q":0.0,"p":0.0,"mot":"L","mo":0.0}]},{"d":"07.04.2017","r":118174.0,"q":1.95,"p":1.63,"s":[{"cn":"GFire25 Incorporated","ui":"8115464","t":82844.0,"r":80344.0,"q":2.39,"p":1.35,"mot":"U","mo":80344.0},{"cn":"25","ui":"8114839","t":34800.0,"r":33400.0,"q":1.0,"p":2.11,"mot":"U","mo":33400.0},{"cn":"","ui":"","t":6640.0,"r":4430.0,"q":1.0,"p":3.22,"mot":"L","mo":4430.0}]},{"d":"08.04.2017","r":218331.0,"q":2.02,"p":1.67,"s":[{"cn":"GFire25 Incorporated","ui":"8115464","t":146934.0,"r":144434.0,"q":2.31,"p":1.35,"mot":"U","mo":144434.0},{"cn":"25","ui":"8114784","t":13489.0,"r":11579.0,"q":1.0,"p":3.22,"mot":"U","mo":11579.0},{"cn":"25","ui":"8114839","t":39940.0,"r":37620.0,"q":1.0,"p":2.0,"mot":"U","mo":37620.0},{"cn":"AlgarCompany Corp.","ui":"8114746","t":16410.0,"r":16410.0,"q":1.72,"p":2.0,"mot":"U","mo":16410.0},{"cn":"","ui":"","t":8288.0,"r":8288.0,"q":3.55,"p":3.0,"mot":"L","mo":8288.0}]},{"d":"09.04.2017","r":100401.0,"q":2.56,"p":1.55,"s":[{"cn":"mr.p.i.96 Финанс","ui":"8118320","t":97113.0,"r":97113.0,"q":2.53,"p":1.5,"mot":"U","mo":97113.0},{"cn":"","ui":"","t":3288.0,"r":3288.0,"q":3.55,"p":3.0,"mot":"L","mo":3288.0}]},{"d":"10.04.2017","r":20000.0,"q":2.57,"p":2.47,"s":[{"cn":"Olokun C.A.","ui":"8119024","t":21889.0,"r":21339.0,"q":2.57,"p":2.47,"mot":"L","mo":20000.0},{"cn":"","ui":"","t":0.0,"r":0.0,"q":0.0,"p":0.0,"mot":"L","mo":0.0}]},{"d":"11.04.2017","r":39894.0,"q":1.97,"p":3.21,"s":[{"cn":"Olokun C.A.","ui":"8119024","t":23570.0,"r":23020.0,"q":2.0,"p":2.47,"mot":"L","mo":20000.0},{"cn":"Quantronics","ui":"8120267","t":15394.0,"r":12894.0,"q":1.64,"p":4.0,"mot":"U","mo":12894.0},{"cn":"Desmarins Coach Ltd","ui":"8121522","t":20918.0,"r":20918.0,"q":2.48,"p":3.85,"mot":"L","mo":7000.0},{"cn":"","ui":"","t":0.0,"r":0.0,"q":0.0,"p":0.0,"mot":"L","mo":0.0}]},{"d":"12.04.2017","r":56178.0,"q":1.7,"p":3.86,"s":[{"cn":"Romaniuk","ui":"8119877","t":5284.0,"r":5284.0,"q":1.11,"p":2.5,"mot":"U","mo":5284.0},{"cn":"Quantronics","ui":"8120267","t":51494.0,"r":50894.0,"q":1.76,"p":4.0,"mot":"U","mo":50894.0},{"cn":"","ui":"","t":0.0,"r":0.0,"q":0.0,"p":0.0,"mot":"L","mo":0.0}]},{"d":"16.04.2017","r":11182.0,"q":3.27,"p":6.5,"s":[{"cn":"CARMENJ_15 Invest","ui":"8127539","t":11182.0,"r":11182.0,"q":3.27,"p":6.5,"mot":"U","mo":11182.0},{"cn":"","ui":"","t":0.0,"r":0.0,"q":0.0,"p":0.0,"mot":"L","mo":0.0}]},{"d":"17.04.2017","r":111262.0,"q":1.7,"p":4.66,"s":[{"cn":"Yusibov Финанс","ui":"8126980","t":58404.0,"r":58404.0,"q":1.0,"p":3.0,"mot":"U","mo":58404.0},{"cn":"CARMENJ_15 Invest","ui":"8127539","t":53058.0,"r":52858.0,"q":2.48,"p":6.5,"mot":"U","mo":52858.0},{"cn":"","ui":"","t":0.0,"r":0.0,"q":0.0,"p":0.0,"mot":"L","mo":0.0}]},{"d":"18.04.2017","r":149564.0,"q":2.0,"p":4.27,"s":[{"cn":"DMCC","ui":"8129117","t":41066.0,"r":41066.0,"q":1.41,"p":5.0,"mot":"U","mo":41066.0},{"cn":"CARMENJ_15 Invest","ui":"8127539","t":108498.0,"r":108498.0,"q":2.22,"p":4.0,"mot":"U","mo":108498.0},{"cn":"","ui":"","t":0.0,"r":0.0,"q":0.0,"p":0.0,"mot":"L","mo":0.0}]},{"d":"19.04.2017","r":96295.0,"q":1.39,"p":4.83,"s":[{"cn":"Кракен","ui":"8130675","t":8288.0,"r":8288.0,"q":3.55,"p":3.0,"mot":"U","mo":8288.0},{"cn":"DMCC","ui":"8129117","t":88007.0,"r":88007.0,"q":1.19,"p":5.0,"mot":"U","mo":88007.0},{"cn":"","ui":"","t":0.0,"r":0.0,"q":0.0,"p":0.0,"mot":"L","mo":0.0}]},{"d":"24.04.2017","r":14846.0,"q":1.19,"p":2.46,"s":[{"cn":"парус","ui":"8134718","t":8519.0,"r":8019.0,"q":1.23,"p":2.0,"mot":"U","mo":8019.0},{"cn":"хз","ui":"8135997","t":10197.0,"r":6827.0,"q":1.15,"p":3.0,"mot":"U","mo":6827.0},{"cn":"","ui":"","t":0.0,"r":0.0,"q":0.0,"p":0.0,"mot":"L","mo":0.0}]},{"d":"26.04.2017","r":6503.0,"q":1.44,"p":1.25,"s":[{"cn":"NGX","ui":"8138450","t":7603.0,"r":6503.0,"q":1.44,"p":1.25,"mot":"U","mo":6503.0},{"cn":"","ui":"","t":0.0,"r":0.0,"q":0.0,"p":0.0,"mot":"L","mo":0.0}]},{"d":"27.04.2017","r":245.0,"q":2.07,"p":1.55,"s":[{"cn":"josortiz97 Invest","ui":"8138832","t":1225.0,"r":245.0,"q":2.07,"p":1.55,"mot":"U","mo":245.0},{"cn":"","ui":"","t":0.0,"r":0.0,"q":0.0,"p":0.0,"mot":"L","mo":0.0}]},{"d":"29.04.2017","r":2020569.0,"q":1.05,"p":1.97,"s":[{"cn":"Xanans","ui":"8140698","t":1923756.0,"r":1923756.0,"q":1.0,"p":2.0,"mot":"U","mo":1923756.0},{"cn":"","ui":"","t":96813.0,"r":96813.0,"q":1.98,"p":1.29,"mot":"L","mo":96813.0}]},{"d":"01.05.2017","r":154066.0,"q":2.41,"p":1.49,"s":[{"cn":"Жепcomplex","ui":"8142386","t":110448.0,"r":110348.0,"q":2.46,"p":1.55,"mot":"U","mo":110348.0},{"cn":"Erosizauk S.L.","ui":"8140700","t":60082.0,"r":42718.0,"q":2.28,"p":1.34,"mot":"U","mo":42718.0},{"cn":"","ui":"","t":15084.0,"r":1000.0,"q":2.54,"p":1.55,"mot":"L","mo":1000.0}]},{"d":"02.05.2017","r":130033.0,"q":2.51,"p":1.51,"s":[{"cn":"Alfa Compani","ui":"8141630","t":130533.0,"r":129033.0,"q":2.51,"p":1.5,"mot":"U","mo":129033.0},{"cn":"","ui":"","t":24268.0,"r":1000.0,"q":2.27,"p":2.3,"mot":"L","mo":1000.0}]},{"d":"03.05.2017","r":3846.0,"q":2.15,"p":2.56,"s":[{"cn":"Gakal Финанс","ui":"8145396","t":2269.0,"r":2269.0,"q":1.37,"p":6.0,"mot":"L","mo":1000.0},{"cn":"NGX","ui":"8144807","t":7896.0,"r":2846.0,"q":2.43,"p":1.35,"mot":"U","mo":2846.0},{"cn":"","ui":"","t":0.0,"r":0.0,"q":0.0,"p":0.0,"mot":"L","mo":0.0}]},{"d":"04.05.2017","r":1000.0,"q":1.03,"p":2.0,"s":[{"cn":"Gakal Финанс","ui":"8145396","t":26178.0,"r":26178.0,"q":1.03,"p":2.0,"mot":"L","mo":1000.0},{"cn":"","ui":"","t":0.0,"r":0.0,"q":0.0,"p":0.0,"mot":"L","mo":0.0}]},{"d":"08.05.2017","r":19878.0,"q":1.71,"p":2.8,"s":[{"cn":"circach Финанс","ui":"8147476","t":19878.0,"r":19878.0,"q":1.71,"p":2.8,"mot":"U","mo":19878.0},{"cn":"","ui":"","t":0.0,"r":0.0,"q":0.0,"p":0.0,"mot":"L","mo":0.0}]},{"d":"09.05.2017","r":1000.0,"q":1.0,"p":0.5,"s":[{"cn":"CorpoSebas","ui":"8151108","t":30835.0,"r":29835.0,"q":1.0,"p":0.5,"mot":"L","mo":1000.0},{"cn":"","ui":"","t":0.0,"r":0.0,"q":0.0,"p":0.0,"mot":"L","mo":0.0}]},{"d":"10.05.2017","r":3500.0,"q":4.61,"p":0.85,"s":[{"cn":"CorpoSebas","ui":"8151108","t":83405.0,"r":82405.0,"q":1.0,"p":0.5,"mot":"L","mo":1000.0},{"cn":"CorpoSebas","ui":"8149876","t":2500.0,"r":2500.0,"q":6.06,"p":0.99,"mot":"U","mo":2500.0},{"cn":"","ui":"","t":0.0,"r":0.0,"q":0.0,"p":0.0,"mot":"L","mo":0.0}]},{"d":"11.05.2017","r":56561.0,"q":1.65,"p":5.32,"s":[{"cn":"alibaev_1 Финанс","ui":"8153044","t":29458.0,"r":29458.0,"q":1.0,"p":8.0,"mot":"U","mo":29458.0},{"cn":"MSC","ui":"8152858","t":32051.0,"r":27103.0,"q":2.36,"p":2.4,"mot":"U","mo":27103.0},{"cn":"","ui":"","t":0.0,"r":0.0,"q":0.0,"p":0.0,"mot":"L","mo":0.0}]},{"d":"12.05.2017","r":94384.0,"q":1.67,"p":2.4,"s":[{"cn":"MSC","ui":"8152858","t":99270.0,"r":94384.0,"q":1.67,"p":2.4,"mot":"U","mo":94384.0},{"cn":"","ui":"","t":0.0,"r":0.0,"q":0.0,"p":0.0,"mot":"L","mo":0.0}]},{"d":"13.05.2017","r":5000.0,"q":1.05,"p":1.79,"s":[{"cn":"Унитрейд","ui":"8155614","t":5000.0,"r":5000.0,"q":1.05,"p":1.79,"mot":"L","mo":5000.0},{"cn":"","ui":"","t":0.0,"r":0.0,"q":0.0,"p":0.0,"mot":"L","mo":0.0}]},{"d":"14.05.2017","r":5000.0,"q":2.87,"p":3.0,"s":[{"cn":"проба","ui":"8156683","t":19595.0,"r":19595.0,"q":2.87,"p":3.0,"mot":"L","mo":5000.0},{"cn":"","ui":"","t":0.0,"r":0.0,"q":0.0,"p":0.0,"mot":"L","mo":0.0}]},{"d":"15.05.2017","r":5000.0,"q":2.58,"p":3.0,"s":[{"cn":"проба","ui":"8156683","t":35238.0,"r":35188.0,"q":2.58,"p":3.0,"mot":"L","mo":5000.0},{"cn":"","ui":"","t":0.0,"r":0.0,"q":0.0,"p":0.0,"mot":"L","mo":0.0}]},{"d":"16.05.2017","r":5000.0,"q":2.5,"p":1.5,"s":[{"cn":"Apple Mix","ui":"8157952","t":81939.0,"r":81939.0,"q":2.5,"p":1.5,"mot":"L","mo":5000.0},{"cn":"","ui":"","t":0.0,"r":0.0,"q":0.0,"p":0.0,"mot":"L","mo":0.0}]},{"d":"17.05.2017","r":5000.0,"q":2.24,"p":1.5,"s":[{"cn":"Apple Mix","ui":"8157952","t":136401.0,"r":136401.0,"q":2.24,"p":1.5,"mot":"L","mo":5000.0},{"cn":"","ui":"","t":0.0,"r":0.0,"q":0.0,"p":0.0,"mot":"L","mo":0.0}]},{"d":"19.05.2017","r":26500.0,"q":2.73,"p":1.5,"s":[{"cn":"Добрый Жук","ui":"8161348","t":29500.0,"r":26500.0,"q":2.73,"p":1.5,"mot":"U","mo":26500.0},{"cn":"","ui":"","t":0.0,"r":0.0,"q":0.0,"p":0.0,"mot":"L","mo":0.0}]},{"d":"22.05.2017","r":17500.0,"q":3.14,"p":15.0,"s":[{"cn":"SW Inc","ui":"8164624","t":17500.0,"r":17500.0,"q":3.14,"p":15.0,"mot":"U","mo":17500.0},{"cn":"","ui":"","t":0.0,"r":0.0,"q":0.0,"p":0.0,"mot":"L","mo":0.0}]},{"d":"27.05.2017","r":10.0,"q":1.0,"p":3.0,"s":[{"cn":"farisland","ui":"8171387","t":5900.0,"r":5880.0,"q":1.0,"p":3.0,"mot":"L","mo":10.0},{"cn":"","ui":"","t":0.0,"r":0.0,"q":0.0,"p":0.0,"mot":"L","mo":0.0}]},{"d":"29.05.2017","r":10.0,"q":1.05,"p":10.0,"s":[{"cn":"farisland","ui":"8172816","t":61.0,"r":61.0,"q":1.05,"p":10.0,"mot":"L","mo":10.0},{"cn":"","ui":"","t":0.0,"r":0.0,"q":0.0,"p":0.0,"mot":"L","mo":0.0}]},{"d":"03.06.2017","r":2750.0,"q":1.1,"p":68.28,"s":[{"cn":"ALICE","ui":"8178468","t":2750.0,"r":2750.0,"q":1.1,"p":68.28,"mot":"U","mo":2750.0},{"cn":"","ui":"","t":0.0,"r":0.0,"q":0.0,"p":0.0,"mot":"L","mo":0.0}]},{"d":"04.06.2017","r":3000.0,"q":1.1,"p":68.28,"s":[{"cn":"ALICE","ui":"8178468","t":3000.0,"r":3000.0,"q":1.1,"p":68.28,"mot":"U","mo":3000.0},{"cn":"","ui":"","t":0.0,"r":0.0,"q":0.0,"p":0.0,"mot":"L","mo":0.0}]},{"d":"07.06.2017","r":1000.0,"q":2.68,"p":2.0,"s":[{"cn":"faris.om.pl Incorporated","ui":"8181585","t":31970.0,"r":31970.0,"q":2.68,"p":2.0,"mot":"L","mo":1000.0},{"cn":"","ui":"","t":0.0,"r":0.0,"q":0.0,"p":0.0,"mot":"L","mo":0.0}]},{"d":"10.06.2017","r":3252.0,"q":2.45,"p":2.0,"s":[{"cn":"weboperator.sup Финанс","ui":"8186690","t":8646.0,"r":3252.0,"q":2.45,"p":2.0,"mot":"U","mo":3252.0},{"cn":"","ui":"","t":0.0,"r":0.0,"q":0.0,"p":0.0,"mot":"L","mo":0.0}]},{"d":"11.06.2017","r":30206.0,"q":2.52,"p":3.8,"s":[{"cn":"thefedornew Финанс","ui":"8185995","t":15551.0,"r":15551.0,"q":2.6,"p":5.5,"mot":"L","mo":15551.0},{"cn":"weboperator.sup Финанс","ui":"8186690","t":15155.0,"r":14655.0,"q":2.43,"p":2.0,"mot":"U","mo":14655.0},{"cn":"","ui":"","t":0.0,"r":0.0,"q":0.0,"p":0.0,"mot":"L","mo":0.0}]},{"d":"15.06.2017","r":11002.0,"q":3.23,"p":2.0,"s":[{"cn":"FireKid SCI","ui":"8192783","t":11022.0,"r":11002.0,"q":3.23,"p":2.0,"mot":"U","mo":11002.0},{"cn":"","ui":"","t":0.0,"r":0.0,"q":0.0,"p":0.0,"mot":"L","mo":0.0}]},{"d":"17.06.2017","r":29336.0,"q":2.41,"p":2.0,"s":[{"cn":"FireKid SCI","ui":"8192783","t":33986.0,"r":29336.0,"q":2.41,"p":2.0,"mot":"U","mo":29336.0},{"cn":"","ui":"","t":0.0,"r":0.0,"q":0.0,"p":0.0,"mot":"L","mo":0.0}]},{"d":"18.06.2017","r":1441.0,"q":1.0,"p":3.5,"s":[{"cn":"joseus_100 Invest","ui":"8194537","t":1441.0,"r":1441.0,"q":1.0,"p":3.5,"mot":"L","mo":1441.0},{"cn":"","ui":"","t":0.0,"r":0.0,"q":0.0,"p":0.0,"mot":"L","mo":0.0}]},{"d":"19.06.2017","r":17500.0,"q":2.98,"p":2.5,"s":[{"cn":"melisa10 Финанс","ui":"8196583","t":17500.0,"r":17500.0,"q":2.98,"p":2.5,"mot":"U","mo":17500.0},{"cn":"","ui":"","t":0.0,"r":0.0,"q":0.0,"p":0.0,"mot":"L","mo":0.0}]},{"d":"21.06.2017","r":49754.0,"q":1.0,"p":2.0,"s":[{"cn":"MaxEnergy","ui":"8199970","t":49764.0,"r":49754.0,"q":1.0,"p":2.0,"mot":"U","mo":49754.0},{"cn":"","ui":"","t":0.0,"r":0.0,"q":0.0,"p":0.0,"mot":"L","mo":0.0}]},{"d":"23.06.2017","r":33127.0,"q":2.62,"p":2.0,"s":[{"cn":"joseus_100 Invest","ui":"8203660","t":34227.0,"r":33127.0,"q":2.62,"p":2.0,"mot":"U","mo":33127.0},{"cn":"","ui":"","t":0.0,"r":0.0,"q":0.0,"p":0.0,"mot":"L","mo":0.0}]},{"d":"25.06.2017","r":29242.0,"q":1.89,"p":1.89,"s":[{"cn":"joseus_100 Invest","ui":"8203660","t":20041.0,"r":20041.0,"q":1.66,"p":2.0,"mot":"U","mo":20041.0},{"cn":"ПРИКОЛ","ui":"8204550","t":9803.0,"r":9201.0,"q":2.39,"p":1.65,"mot":"U","mo":9201.0},{"cn":"","ui":"","t":0.0,"r":0.0,"q":0.0,"p":0.0,"mot":"L","mo":0.0}]},{"d":"26.06.2017","r":91892.0,"q":1.71,"p":2.19,"s":[{"cn":"chaynhanh Limited","ui":"8207396","t":46500.0,"r":46500.0,"q":1.0,"p":3.1,"mot":"L","mo":46500.0},{"cn":"Venator Incorporated","ui":"8207226","t":45502.0,"r":45392.0,"q":2.44,"p":1.26,"mot":"U","mo":45392.0},{"cn":"","ui":"","t":0.0,"r":0.0,"q":0.0,"p":0.0,"mot":"L","mo":0.0}]},{"d":"27.06.2017","r":250338.0,"q":1.72,"p":2.18,"s":[{"cn":"joseus_100 Invest","ui":"8207173","t":24820.0,"r":24820.0,"q":1.38,"p":3.0,"mot":"U","mo":24820.0},{"cn":"chaynhanh Limited","ui":"8207396","t":165434.0,"r":165434.0,"q":1.0,"p":3.1,"mot":"L","mo":100000.0},{"cn":"Venator Incorporated","ui":"8207226","t":128028.0,"r":125518.0,"q":2.37,"p":1.29,"mot":"U","mo":125518.0},{"cn":"","ui":"","t":0.0,"r":0.0,"q":0.0,"p":0.0,"mot":"L","mo":0.0}]},{"d":"28.06.2017","r":295755.0,"q":1.86,"p":1.91,"s":[{"cn":"chaynhanh Limited","ui":"8207396","t":230800.0,"r":230800.0,"q":1.0,"p":3.1,"mot":"L","mo":100000.0},{"cn":"Venator Incorporated","ui":"8207226","t":184958.0,"r":184448.0,"q":2.24,"p":1.29,"mot":"U","mo":184448.0},{"cn":"","ui":"","t":13807.0,"r":11307.0,"q":3.25,"p":1.51,"mot":"L","mo":11307.0}]},{"d":"29.06.2017","r":51601.0,"q":2.36,"p":1.56,"s":[{"cn":"joseus_100 Invest","ui":"8210021","t":55101.0,"r":49101.0,"q":2.4,"p":1.5,"mot":"U","mo":49101.0},{"cn":"","ui":"","t":5434.0,"r":2500.0,"q":1.57,"p":2.8,"mot":"L","mo":2500.0}]},{"d":"04.07.2017","r":10000.0,"q":2.38,"p":1.33,"s":[{"cn":"TrainMania_Team","ui":"8214047","t":59587.0,"r":59587.0,"q":2.38,"p":1.33,"mot":"L","mo":10000.0},{"cn":"","ui":"","t":0.0,"r":0.0,"q":0.0,"p":0.0,"mot":"L","mo":0.0}]},{"d":"10.07.2017","r":2500.0,"q":2.09,"p":29.0,"s":[{"cn":"huy","ui":"8221991","t":12500.0,"r":12500.0,"q":2.09,"p":29.0,"mot":"L","mo":2500.0},{"cn":"","ui":"","t":0.0,"r":0.0,"q":0.0,"p":0.0,"mot":"L","mo":0.0}]},{"d":"12.07.2017","r":23422.0,"q":4.02,"p":4.96,"s":[{"cn":"KEA","ui":"8223749","t":5788.0,"r":5788.0,"q":2.46,"p":1.5,"mot":"U","mo":5788.0},{"cn":"KEA","ui":"8223863","t":14997.0,"r":14996.0,"q":5.0,"p":2.32,"mot":"U","mo":14996.0},{"cn":"huy","ui":"8221991","t":17500.0,"r":17500.0,"q":1.81,"p":29.0,"mot":"L","mo":2500.0},{"cn":"","ui":"","t":11748.0,"r":138.0,"q":2.4,"p":1.4,"mot":"L","mo":138.0}]},{"d":"13.07.2017","r":34025.0,"q":3.5,"p":1.85,"s":[{"cn":"KEA","ui":"8223749","t":5548.0,"r":5528.0,"q":2.46,"p":1.5,"mot":"U","mo":5528.0},{"cn":"Ridefort Holding","ui":"8222832","t":73033.0,"r":61528.0,"q":2.32,"p":1.4,"mot":"L","mo":13000.0},{"cn":"KEA","ui":"8223863","t":14997.0,"r":14997.0,"q":5.0,"p":2.32,"mot":"U","mo":14997.0},{"cn":"","ui":"","t":13360.0,"r":500.0,"q":1.0,"p":3.01,"mot":"L","mo":500.0}]},{"d":"14.07.2017","r":1000.0,"q":2.9,"p":5.26,"s":[{"cn":"piedra perez Finance","ui":"8226414","t":20394.0,"r":20394.0,"q":2.9,"p":5.26,"mot":"L","mo":1000.0},{"cn":"","ui":"","t":0.0,"r":0.0,"q":0.0,"p":0.0,"mot":"L","mo":0.0}]},{"d":"16.07.2017","r":7445.0,"q":1.0,"p":5.26,"s":[{"cn":"piedra perez Finance","ui":"8226414","t":7445.0,"r":7445.0,"q":1.0,"p":5.26,"mot":"L","mo":7445.0},{"cn":"","ui":"","t":0.0,"r":0.0,"q":0.0,"p":0.0,"mot":"L","mo":0.0}]},{"d":"21.07.2017","r":500.0,"q":2.98,"p":5.0,"s":[{"cn":"a.fontaine1995 Limited","ui":"8232514","t":17500.0,"r":17500.0,"q":2.98,"p":5.0,"mot":"L","mo":500.0},{"cn":"","ui":"","t":0.0,"r":0.0,"q":0.0,"p":0.0,"mot":"L","mo":0.0}]},{"d":"25.07.2017","r":200461.0,"q":2.46,"p":1.5,"s":[{"cn":"Хохохо","ui":"8235690","t":200661.0,"r":200461.0,"q":2.46,"p":1.5,"mot":"U","mo":200461.0},{"cn":"","ui":"","t":0.0,"r":0.0,"q":0.0,"p":0.0,"mot":"L","mo":0.0}]},{"d":"26.07.2017","r":500.0,"q":2.59,"p":1.4,"s":[{"cn":"Xenu","ui":"8238172","t":700.0,"r":700.0,"q":2.59,"p":1.4,"mot":"L","mo":500.0},{"cn":"","ui":"","t":0.0,"r":0.0,"q":0.0,"p":0.0,"mot":"L","mo":0.0}]},{"d":"27.07.2017","r":0.0,"q":0.0,"p":0.0,"s":[{"cn":"","ui":"","t":0.0,"r":0.0,"q":0.0,"p":0.0,"mot":"L","mo":0.0}]}]