[{"pi":"1501","pc":"Продукты питания","ss":0,"td":"","dc":0,"n":0.0,"vc":"","sl":"","sv":"около 50","p":4.0,"q":5.0,"b":0.0,"wi":0.21,"ei":5.48,"as":311.99,"mi":"E","mv":1172988,"sc":1,"lpe":100.0,"lpr":3.58,"lq":1.0},{"pi":"1501","pc":"Продукты питания","ss":0,"td":"","dc":0,"n":0.0,"vc":"","sl":"","sv":"около 50","p":4.0,"q":5.0,"b":0.0,"wi":0.21,"ei":5.48,"as":311.99,"mi":"E","mv":1172988,"sc":1,"lpe":100.0,"lpr":3.58,"lq":1.0},{"pi":"1501","pc":"Продукты питания","ss":0,"td":"","dc":0,"n":0.0,"vc":"","sl":"","sv":"около 50","p":4.0,"q":5.0,"b":0.0,"wi":0.21,"ei":5.48,"as":311.99,"mi":"E","mv":1172988,"sc":1,"lpe":100.0,"lpr":3.58,"lq":1.0},{"pi":"1501","pc":"Продукты питания","ss":0,"td":"","dc":0,"n":0.0,"vc":"","sl":"","sv":"около 50","p":4.0,"q":5.0,"b":0.0,"wi":0.21,"ei":5.48,"as":311.99,"mi":"E","mv":1172988,"sc":1,"lpe":100.0,"lpr":3.58,"lq":1.0},{"pi":"1501","pc":"Продукты питания","ss":0,"td":"","dc":0,"n":0.0,"vc":"","sl":"","sv":"около 50","p":4.0,"q":5.0,"b":0.0,"wi":0.21,"ei":5.48,"as":311.99,"mi":"E","mv":1172988,"sc":1,"lpe":100.0,"lpr":3.58,"lq":1.0},{"pi":"1501","pc":"Продукты питания","ss":0,"td":"","dc":0,"n":0.0,"vc":"","sl":"","sv":"около 50","p":4.0,"q":5.0,"b":0.0,"wi":0.21,"ei":5.48,"as":311.99,"mi":"E","mv":1172988,"sc":1,"lpe":100.0,"lpr":3.58,"lq":1.0},{"pi":"1501","pc":"Продукты питания","ss":0,"td":"","dc":0,"n":0.0,"vc":"","sl":"","sv":"около 50","p":4.0,"q":5.0,"b":0.0,"wi":0.21,"ei":5.48,"as":311.99,"mi":"E","mv":1172988,"sc":1,"lpe":100.0,"lpr":3.58,"lq":1.0},{"pi":"1501","pc":"Продукты питания","ss":0,"td":"","dc":0,"n":0.0,"vc":"","sl":"","sv":"около 50","p":4.0,"q":5.0,"b":0.0,"wi":0.21,"ei":5.48,"as":311.99,"mi":"E","mv":1172988,"sc":1,"lpe":100.0,"lpr":3.58,"lq":1.0},{"pi":"1501","pc":"Продукты питания","ss":0,"td":"","dc":0,"n":0.0,"vc":"","sl":"","sv":"менее 50","p":4.0,"q":10.0,"b":0.0,"wi":0.23,"ei":3.75,"as":254.7,"mi":"E","mv":223520,"sc":1,"lpe":100.0,"lpr":2.83,"lq":1.0},{"pi":"1501","pc":"Продукты питания","ss":0,"td":"","dc":0,"n":0.0,"vc":"","sl":"","sv":"менее 50","p":4.0,"q":10.0,"b":0.0,"wi":0.23,"ei":3.75,"as":254.7,"mi":"E","mv":223520,"sc":1,"lpe":100.0,"lpr":2.83,"lq":1.0},{"pi":"1501","pc":"Продукты питания","ss":0,"td":"","dc":0,"n":0.0,"vc":"","sl":"","sv":"менее 50","p":4.0,"q":10.0,"b":0.0,"wi":0.23,"ei":3.75,"as":254.7,"mi":"E","mv":223520,"sc":1,"lpe":100.0,"lpr":2.83,"lq":1.0},{"pi":"1501","pc":"Продукты питания","ss":0,"td":"","dc":0,"n":0.0,"vc":"","sl":"","sv":"менее 50","p":4.0,"q":10.0,"b":0.0,"wi":0.23,"ei":3.75,"as":254.7,"mi":"E","mv":223520,"sc":1,"lpe":100.0,"lpr":2.83,"lq":1.0},{"pi":"1501","pc":"Продукты питания","ss":0,"td":"","dc":0,"n":0.0,"vc":"","sl":"","sv":"менее 50","p":4.0,"q":10.0,"b":0.0,"wi":0.23,"ei":3.75,"as":254.7,"mi":"E","mv":223520,"sc":1,"lpe":100.0,"lpr":2.83,"lq":1.0},{"pi":"1501","pc":"Продукты питания","ss":0,"td":"","dc":0,"n":0.0,"vc":"","sl":"","sv":"менее 50","p":4.0,"q":10.0,"b":0.0,"wi":0.23,"ei":3.75,"as":254.7,"mi":"E","mv":223520,"sc":1,"lpe":100.0,"lpr":2.83,"lq":1.0},{"pi":"1501","pc":"Продукты питания","ss":0,"td":"","dc":0,"n":0.0,"vc":"","sl":"","sv":"менее 50","p":4.0,"q":10.0,"b":0.0,"wi":0.23,"ei":3.75,"as":254.7,"mi":"E","mv":223520,"sc":1,"lpe":100.0,"lpr":2.83,"lq":1.0},{"pi":"1501","pc":"Продукты питания","ss":0,"td":"","dc":0,"n":0.0,"vc":"","sl":"","sv":"менее 50","p":4.0,"q":10.0,"b":0.0,"wi":0.23,"ei":3.75,"as":254.7,"mi":"E","mv":223520,"sc":1,"lpe":100.0,"lpr":2.83,"lq":1.0},{"pi":"1501","pc":"Продукты питания","ss":0,"td":"","dc":0,"n":0.0,"vc":"","sl":"","sv":"более 200","p":1.6,"q":1.0,"b":0.0,"wi":0.13,"ei":3.31,"as":150.32,"mi":"E","mv":1082851,"sc":1,"lpe":99.98,"lpr":1.75,"lq":1.0},{"pi":"1501","pc":"Продукты питания","ss":0,"td":"","dc":0,"n":0.0,"vc":"","sl":"","sv":"более 200","p":1.6,"q":1.0,"b":0.0,"wi":0.13,"ei":3.31,"as":150.32,"mi":"E","mv":1082851,"sc":1,"lpe":99.98,"lpr":1.75,"lq":1.0},{"pi":"1501","pc":"Продукты питания","ss":0,"td":"","dc":0,"n":0.0,"vc":"","sl":"","sv":"менее 50","p":1.55,"q":1.0,"b":0.0,"wi":0.12,"ei":4.25,"as":148.66,"mi":"E","mv":1847226,"sc":2,"lpe":100.0,"lpr":1.83,"lq":1.0},{"pi":"1501","pc":"Продукты питания","ss":0,"td":"","dc":0,"n":0.0,"vc":"","sl":"","sv":"менее 50","p":1.55,"q":1.0,"b":0.0,"wi":0.12,"ei":4.25,"as":148.66,"mi":"E","mv":1847226,"sc":2,"lpe":100.0,"lpr":1.83,"lq":1.0},{"pi":"1501","pc":"Продукты питания","ss":0,"td":"","dc":0,"n":0.0,"vc":"","sl":"","sv":"менее 50","p":1.55,"q":1.0,"b":0.0,"wi":0.12,"ei":4.25,"as":148.66,"mi":"E","mv":1847226,"sc":2,"lpe":100.0,"lpr":1.83,"lq":1.0},{"pi":"1501","pc":"Продукты питания","ss":0,"td":"","dc":0,"n":0.0,"vc":"","sl":"","sv":"менее 50","p":1.55,"q":1.0,"b":0.0,"wi":0.12,"ei":4.25,"as":148.66,"mi":"E","mv":1847226,"sc":2,"lpe":100.0,"lpr":1.83,"lq":1.0},{"pi":"1501","pc":"Продукты питания","ss":0,"td":"","dc":0,"n":0.0,"vc":"","sl":"","sv":"менее 50","p":1.55,"q":1.0,"b":0.0,"wi":0.12,"ei":4.25,"as":148.66,"mi":"E","mv":1847226,"sc":2,"lpe":100.0,"lpr":1.83,"lq":1.0},{"pi":"1501","pc":"Продукты питания","ss":0,"td":"","dc":0,"n":0.0,"vc":"","sl":"","sv":"менее 50","p":1.55,"q":1.0,"b":0.0,"wi":0.12,"ei":4.25,"as":148.66,"mi":"E","mv":1847226,"sc":2,"lpe":100.0,"lpr":1.83,"lq":1.0},{"pi":"1501","pc":"Продукты питания","ss":0,"td":"","dc":0,"n":0.0,"vc":"","sl":"","sv":"менее 50","p":1.55,"q":1.0,"b":0.0,"wi":0.12,"ei":4.25,"as":148.66,"mi":"E","mv":1847226,"sc":2,"lpe":100.0,"lpr":1.83,"lq":1.0},{"pi":"1501","pc":"Продукты питания","ss":0,"td":"","dc":0,"n":0.0,"vc":"","sl":"","sv":"менее 50","p":1.55,"q":1.0,"b":0.0,"wi":0.12,"ei":4.25,"as":148.66,"mi":"E","mv":1847226,"sc":2,"lpe":100.0,"lpr":1.83,"lq":1.0},{"pi":"1501","pc":"Продукты питания","ss":0,"td":"","dc":0,"n":0.0,"vc":"","sl":"","sv":"менее 50","p":1.55,"q":1.0,"b":0.0,"wi":0.12,"ei":4.25,"as":148.66,"mi":"E","mv":1847226,"sc":2,"lpe":100.0,"lpr":1.83,"lq":1.0},{"pi":"1501","pc":"Продукты питания","ss":0,"td":"","dc":0,"n":0.0,"vc":"","sl":"","sv":"менее 50","p":1.55,"q":1.0,"b":0.0,"wi":0.12,"ei":4.25,"as":148.66,"mi":"E","mv":1847226,"sc":2,"lpe":100.0,"lpr":1.83,"lq":1.0},{"pi":"1501","pc":"Продукты питания","ss":0,"td":"","dc":0,"n":0.0,"vc":"","sl":"","sv":"менее 50","p":1.55,"q":1.0,"b":0.0,"wi":0.12,"ei":4.25,"as":148.66,"mi":"E","mv":1847226,"sc":2,"lpe":100.0,"lpr":1.83,"lq":1.0},{"pi":"1501","pc":"Продукты питания","ss":0,"td":"","dc":0,"n":0.0,"vc":"","sl":"","sv":"менее 50","p":1.55,"q":1.0,"b":0.0,"wi":0.12,"ei":4.25,"as":148.66,"mi":"E","mv":1847226,"sc":2,"lpe":100.0,"lpr":1.83,"lq":1.0},{"pi":"1501","pc":"Продукты питания","ss":0,"td":"","dc":0,"n":0.0,"vc":"","sl":"","sv":"менее 50","p":2.5,"q":1.05,"b":0.0,"wi":0.24,"ei":5.21,"as":212.94,"mi":"E","mv":485951,"sc":2,"lpe":100.0,"lpr":2.4,"lq":1.0},{"pi":"1501","pc":"Продукты питания","ss":0,"td":"","dc":0,"n":0.0,"vc":"","sl":"","sv":"менее 50","p":2.5,"q":1.05,"b":0.0,"wi":0.24,"ei":5.21,"as":212.94,"mi":"E","mv":485951,"sc":2,"lpe":100.0,"lpr":2.4,"lq":1.0},{"pi":"1501","pc":"Продукты питания","ss":0,"td":"","dc":0,"n":0.0,"vc":"","sl":"","sv":"менее 50","p":2.99,"q":1.05,"b":0.0,"wi":0.24,"ei":5.21,"as":212.94,"mi":"E","mv":485951,"sc":2,"lpe":100.0,"lpr":2.4,"lq":1.0},{"pi":"1501","pc":"Продукты питания","ss":0,"td":"","dc":0,"n":0.0,"vc":"","sl":"","sv":"менее 50","p":2.5,"q":1.05,"b":0.0,"wi":0.24,"ei":5.21,"as":212.94,"mi":"E","mv":485951,"sc":2,"lpe":100.0,"lpr":2.4,"lq":1.0},{"pi":"1501","pc":"Продукты питания","ss":0,"td":"","dc":0,"n":0.0,"vc":"","sl":"","sv":"менее 50","p":2.99,"q":1.05,"b":0.0,"wi":0.24,"ei":5.21,"as":212.94,"mi":"E","mv":485951,"sc":2,"lpe":100.0,"lpr":2.4,"lq":1.0},{"pi":"1501","pc":"Продукты питания","ss":0,"td":"","dc":0,"n":0.0,"vc":"","sl":"","sv":"менее 50","p":2.5,"q":1.05,"b":0.0,"wi":0.24,"ei":5.21,"as":212.94,"mi":"E","mv":485951,"sc":2,"lpe":100.0,"lpr":2.4,"lq":1.0},{"pi":"1501","pc":"Продукты питания","ss":0,"td":"","dc":0,"n":0.0,"vc":"","sl":"","sv":"менее 50","p":2.99,"q":1.05,"b":0.0,"wi":0.24,"ei":5.21,"as":212.94,"mi":"E","mv":485951,"sc":2,"lpe":100.0,"lpr":2.4,"lq":1.0},{"pi":"1501","pc":"Продукты питания","ss":0,"td":"","dc":0,"n":0.0,"vc":"","sl":"","sv":"менее 50","p":2.5,"q":1.05,"b":0.0,"wi":0.24,"ei":5.21,"as":212.94,"mi":"E","mv":485951,"sc":2,"lpe":100.0,"lpr":2.4,"lq":1.0},{"pi":"1501","pc":"Продукты питания","ss":0,"td":"","dc":0,"n":0.0,"vc":"","sl":"","sv":"менее 50","p":2.5,"q":1.05,"b":0.0,"wi":0.24,"ei":5.21,"as":212.94,"mi":"E","mv":485951,"sc":2,"lpe":100.0,"lpr":2.4,"lq":1.0},{"pi":"1501","pc":"Продукты питания","ss":0,"td":"","dc":0,"n":0.0,"vc":"","sl":"","sv":"менее 50","p":2.5,"q":1.05,"b":0.0,"wi":0.24,"ei":5.21,"as":212.94,"mi":"E","mv":485951,"sc":2,"lpe":100.0,"lpr":2.4,"lq":1.0},{"pi":"1501","pc":"Продукты питания","ss":0,"td":"","dc":0,"n":0.0,"vc":"","sl":"","sv":"менее 50","p":2.99,"q":1.05,"b":0.0,"wi":0.24,"ei":5.21,"as":212.94,"mi":"E","mv":485951,"sc":2,"lpe":100.0,"lpr":2.4,"lq":1.0},{"pi":"1501","pc":"Продукты питания","ss":0,"td":"","dc":0,"n":0.0,"vc":"","sl":"","sv":"менее 50","p":2.5,"q":1.05,"b":0.0,"wi":0.24,"ei":5.21,"as":212.94,"mi":"E","mv":485951,"sc":2,"lpe":100.0,"lpr":2.4,"lq":1.0},{"pi":"1501","pc":"Продукты питания","ss":0,"td":"","dc":0,"n":0.0,"vc":"","sl":"","sv":"менее 50","p":2.0,"q":3.94,"b":0.0,"wi":0.21,"ei":6.03,"as":316.7,"mi":"E","mv":464831,"sc":1,"lpe":100.0,"lpr":3.53,"lq":1.0},{"pi":"1501","pc":"Продукты питания","ss":0,"td":"","dc":0,"n":0.0,"vc":"","sl":"","sv":"менее 50","p":2.0,"q":3.94,"b":0.0,"wi":0.21,"ei":6.03,"as":316.7,"mi":"E","mv":464831,"sc":1,"lpe":100.0,"lpr":3.53,"lq":1.0},{"pi":"1501","pc":"Продукты питания","ss":0,"td":"","dc":0,"n":0.0,"vc":"","sl":"","sv":"менее 50","p":2.0,"q":3.94,"b":0.0,"wi":0.21,"ei":6.03,"as":316.7,"mi":"E","mv":464831,"sc":1,"lpe":100.0,"lpr":3.53,"lq":1.0},{"pi":"1501","pc":"Продукты питания","ss":0,"td":"","dc":0,"n":0.0,"vc":"","sl":"","sv":"менее 50","p":2.0,"q":3.94,"b":0.0,"wi":0.21,"ei":6.03,"as":316.7,"mi":"E","mv":464831,"sc":1,"lpe":100.0,"lpr":3.53,"lq":1.0},{"pi":"1501","pc":"Продукты питания","ss":0,"td":"","dc":0,"n":0.0,"vc":"","sl":"","sv":"менее 50","p":2.0,"q":3.94,"b":0.0,"wi":0.21,"ei":6.03,"as":316.7,"mi":"E","mv":464831,"sc":1,"lpe":100.0,"lpr":3.53,"lq":1.0},{"pi":"1501","pc":"Продукты питания","ss":0,"td":"","dc":0,"n":0.0,"vc":"","sl":"","sv":"менее 50","p":2.0,"q":3.94,"b":0.0,"wi":0.21,"ei":6.03,"as":316.7,"mi":"E","mv":464831,"sc":1,"lpe":100.0,"lpr":3.53,"lq":1.0},{"pi":"1501","pc":"Продукты питания","ss":0,"td":"","dc":0,"n":0.0,"vc":"","sl":"","sv":"менее 50","p":2.0,"q":3.94,"b":0.0,"wi":0.21,"ei":6.03,"as":316.7,"mi":"E","mv":464831,"sc":1,"lpe":100.0,"lpr":3.53,"lq":1.0},{"pi":"1501","pc":"Продукты питания","ss":0,"td":"","dc":0,"n":0.0,"vc":"","sl":"","sv":"менее 50","p":2.0,"q":3.94,"b":0.0,"wi":0.21,"ei":6.03,"as":316.7,"mi":"E","mv":464831,"sc":1,"lpe":100.0,"lpr":3.53,"lq":1.0},{"pi":"1501","pc":"Продукты питания","ss":0,"td":"","dc":0,"n":0.0,"vc":"","sl":"","sv":"менее 50","p":1.5,"q":1.32,"b":0.0,"wi":0.14,"ei":4.31,"as":151.92,"mi":"E","mv":2012876,"sc":2,"lpe":99.99,"lpr":1.81,"lq":1.0},{"pi":"1501","pc":"Продукты питания","ss":0,"td":"","dc":0,"n":0.0,"vc":"","sl":"","sv":"более 200","p":1.5,"q":1.0,"b":0.0,"wi":0.14,"ei":4.31,"as":151.92,"mi":"E","mv":2012876,"sc":2,"lpe":99.99,"lpr":1.81,"lq":1.0},{"pi":"1501","pc":"Продукты питания","ss":0,"td":"","dc":0,"n":0.0,"vc":"","sl":"","sv":"менее 50","p":1.5,"q":1.32,"b":0.0,"wi":0.14,"ei":4.31,"as":151.92,"mi":"E","mv":2012876,"sc":2,"lpe":99.99,"lpr":1.81,"lq":1.0},{"pi":"1501","pc":"Продукты питания","ss":0,"td":"","dc":0,"n":0.0,"vc":"","sl":"","sv":"менее 50","p":1.5,"q":1.32,"b":0.0,"wi":0.14,"ei":4.31,"as":151.92,"mi":"E","mv":2012876,"sc":2,"lpe":99.99,"lpr":1.81,"lq":1.0},{"pi":"1501","pc":"Продукты питания","ss":0,"td":"","dc":0,"n":0.0,"vc":"","sl":"","sv":"менее 50","p":1.77,"q":1.05,"b":0.0,"wi":0.15,"ei":3.71,"as":136.11,"mi":"E","mv":57637,"sc":1,"lpe":99.98,"lpr":1.67,"lq":1.0},{"pi":"1501","pc":"Продукты питания","ss":0,"td":"","dc":0,"n":0.0,"vc":"","sl":"","sv":"менее 50","p":1.77,"q":1.05,"b":0.0,"wi":0.15,"ei":3.71,"as":136.11,"mi":"E","mv":57637,"sc":1,"lpe":99.98,"lpr":1.67,"lq":1.0},{"pi":"1501","pc":"Продукты питания","ss":0,"td":"","dc":0,"n":0.0,"vc":"","sl":"","sv":"менее 50","p":1.77,"q":1.05,"b":0.0,"wi":0.15,"ei":3.71,"as":136.11,"mi":"E","mv":57637,"sc":1,"lpe":99.98,"lpr":1.67,"lq":1.0},{"pi":"1501","pc":"Продукты питания","ss":0,"td":"","dc":0,"n":0.0,"vc":"","sl":"","sv":"менее 50","p":1.77,"q":1.05,"b":0.0,"wi":0.15,"ei":3.71,"as":136.11,"mi":"E","mv":57637,"sc":1,"lpe":99.98,"lpr":1.67,"lq":1.0},{"pi":"1501","pc":"Продукты питания","ss":0,"td":"","dc":0,"n":0.0,"vc":"","sl":"","sv":"менее 50","p":1.77,"q":1.05,"b":0.0,"wi":0.15,"ei":3.71,"as":136.11,"mi":"E","mv":57637,"sc":1,"lpe":99.98,"lpr":1.67,"lq":1.0},{"pi":"1501","pc":"Продукты питания","ss":0,"td":"","dc":0,"n":0.0,"vc":"","sl":"","sv":"менее 50","p":1.77,"q":1.05,"b":0.0,"wi":0.15,"ei":3.71,"as":136.11,"mi":"E","mv":57637,"sc":1,"lpe":99.98,"lpr":1.67,"lq":1.0},{"pi":"1501","pc":"Продукты питания","ss":0,"td":"","dc":0,"n":0.0,"vc":"","sl":"","sv":"менее 50","p":1.77,"q":1.05,"b":0.0,"wi":0.15,"ei":3.71,"as":136.11,"mi":"E","mv":57637,"sc":1,"lpe":99.98,"lpr":1.67,"lq":1.0},{"pi":"1501","pc":"Продукты питания","ss":0,"td":"","dc":0,"n":0.0,"vc":"","sl":"","sv":"менее 50","p":1.77,"q":1.05,"b":0.0,"wi":0.15,"ei":3.71,"as":136.11,"mi":"E","mv":57637,"sc":1,"lpe":99.98,"lpr":1.67,"lq":1.0},{"pi":"1501","pc":"Продукты питания","ss":0,"td":"","dc":0,"n":0.0,"vc":"","sl":"","sv":"менее 50","p":12.25,"q":1.05,"b":0.0,"wi":1.2,"ei":7.6,"as":1220.0,"mi":"E","mv":511183,"sc":1,"lpe":100.0,"lpr":11.21,"lq":1.0},{"pi":"1501","pc":"Продукты питания","ss":0,"td":"","dc":0,"n":0.0,"vc":"","sl":"","sv":"менее 50","p":12.25,"q":1.05,"b":0.0,"wi":1.2,"ei":7.6,"as":1220.0,"mi":"E","mv":511183,"sc":1,"lpe":100.0,"lpr":11.21,"lq":1.0},{"pi":"1501","pc":"Продукты питания","ss":0,"td":"","dc":0,"n":0.0,"vc":"","sl":"","sv":"менее 50","p":12.25,"q":1.05,"b":0.0,"wi":1.2,"ei":7.6,"as":1220.0,"mi":"E","mv":511183,"sc":1,"lpe":100.0,"lpr":11.21,"lq":1.0},{"pi":"1501","pc":"Продукты питания","ss":0,"td":"","dc":0,"n":0.0,"vc":"","sl":"","sv":"менее 50","p":12.25,"q":1.05,"b":0.0,"wi":1.2,"ei":7.6,"as":1220.0,"mi":"E","mv":511183,"sc":1,"lpe":100.0,"lpr":11.21,"lq":1.0},{"pi":"1501","pc":"Продукты питания","ss":0,"td":"","dc":0,"n":0.0,"vc":"","sl":"","sv":"менее 50","p":12.25,"q":1.05,"b":0.0,"wi":1.2,"ei":7.6,"as":1220.0,"mi":"E","mv":511183,"sc":1,"lpe":100.0,"lpr":11.21,"lq":1.0},{"pi":"1501","pc":"Продукты питания","ss":0,"td":"","dc":0,"n":0.0,"vc":"","sl":"","sv":"менее 50","p":12.25,"q":1.05,"b":0.0,"wi":1.2,"ei":7.6,"as":1220.0,"mi":"E","mv":511183,"sc":1,"lpe":100.0,"lpr":11.21,"lq":1.0},{"pi":"1501","pc":"Продукты питания","ss":0,"td":"","dc":0,"n":0.0,"vc":"","sl":"","sv":"менее 50","p":12.25,"q":1.05,"b":0.0,"wi":1.2,"ei":7.6,"as":1220.0,"mi":"E","mv":511183,"sc":1,"lpe":100.0,"lpr":11.21,"lq":1.0},{"pi":"1501","pc":"Продукты питания","ss":0,"td":"","dc":0,"n":0.0,"vc":"","sl":"","sv":"менее 50","p":12.25,"q":1.05,"b":0.0,"wi":1.2,"ei":7.6,"as":1220.0,"mi":"E","mv":511183,"sc":1,"lpe":100.0,"lpr":11.21,"lq":1.0},{"pi":"1501","pc":"Продукты питания","ss":0,"td":"","dc":0,"n":0.0,"vc":"","sl":"","sv":"более 100","p":2.0,"q":1.02,"b":0.0,"wi":0.26,"ei":4.4,"as":273.11,"mi":"E","mv":540284,"sc":2,"lpe":99.97,"lpr":3.05,"lq":1.0},{"pi":"1501","pc":"Продукты питания","ss":0,"td":"","dc":0,"n":0.0,"vc":"","sl":"","sv":"менее 50","p":4.06,"q":1.05,"b":0.0,"wi":0.26,"ei":4.4,"as":273.11,"mi":"E","mv":540284,"sc":2,"lpe":99.97,"lpr":3.05,"lq":1.0},{"pi":"1501","pc":"Продукты питания","ss":0,"td":"","dc":0,"n":0.0,"vc":"","sl":"","sv":"более 100","p":2.0,"q":1.02,"b":0.0,"wi":0.26,"ei":4.4,"as":273.11,"mi":"E","mv":540284,"sc":2,"lpe":99.97,"lpr":3.05,"lq":1.0},{"pi":"1501","pc":"Продукты питания","ss":0,"td":"","dc":0,"n":0.0,"vc":"","sl":"","sv":"менее 50","p":4.06,"q":1.05,"b":0.0,"wi":0.26,"ei":4.4,"as":273.11,"mi":"E","mv":540284,"sc":2,"lpe":99.97,"lpr":3.05,"lq":1.0},{"pi":"1501","pc":"Продукты питания","ss":0,"td":"","dc":0,"n":0.0,"vc":"","sl":"","sv":"менее 50","p":4.06,"q":1.05,"b":0.0,"wi":0.26,"ei":4.4,"as":273.11,"mi":"E","mv":540284,"sc":2,"lpe":99.97,"lpr":3.05,"lq":1.0},{"pi":"1501","pc":"Продукты питания","ss":0,"td":"","dc":0,"n":0.0,"vc":"","sl":"","sv":"менее 50","p":4.06,"q":1.05,"b":0.0,"wi":0.26,"ei":4.4,"as":273.11,"mi":"E","mv":540284,"sc":2,"lpe":99.97,"lpr":3.05,"lq":1.0},{"pi":"1501","pc":"Продукты питания","ss":0,"td":"","dc":0,"n":0.0,"vc":"","sl":"","sv":"менее 50","p":4.06,"q":1.05,"b":0.0,"wi":0.26,"ei":4.4,"as":273.11,"mi":"E","mv":540284,"sc":2,"lpe":99.97,"lpr":3.05,"lq":1.0},{"pi":"1501","pc":"Продукты питания","ss":0,"td":"","dc":0,"n":0.0,"vc":"","sl":"","sv":"более 100","p":2.0,"q":1.02,"b":0.0,"wi":0.26,"ei":4.4,"as":273.11,"mi":"E","mv":540284,"sc":2,"lpe":99.97,"lpr":3.05,"lq":1.0},{"pi":"1501","pc":"Продукты питания","ss":0,"td":"","dc":0,"n":0.0,"vc":"","sl":"","sv":"менее 50","p":4.06,"q":1.05,"b":0.0,"wi":0.26,"ei":4.4,"as":273.11,"mi":"E","mv":540284,"sc":2,"lpe":99.97,"lpr":3.05,"lq":1.0},{"pi":"1501","pc":"Продукты питания","ss":0,"td":"","dc":0,"n":0.0,"vc":"","sl":"","sv":"менее 50","p":4.06,"q":1.05,"b":0.0,"wi":0.26,"ei":4.4,"as":273.11,"mi":"E","mv":540284,"sc":2,"lpe":99.97,"lpr":3.05,"lq":1.0},{"pi":"1501","pc":"Продукты питания","ss":0,"td":"","dc":0,"n":0.0,"vc":"","sl":"","sv":"около 500","p":1.4,"q":1.0,"b":0.0,"wi":0.16,"ei":4.26,"as":146.92,"mi":"E","mv":518877,"sc":2,"lpe":99.93,"lpr":1.79,"lq":1.0},{"pi":"1501","pc":"Продукты питания","ss":0,"td":"","dc":0,"n":0.0,"vc":"","sl":"","sv":"около 500","p":1.4,"q":1.0,"b":0.0,"wi":0.16,"ei":4.26,"as":146.92,"mi":"E","mv":518877,"sc":2,"lpe":99.93,"lpr":1.79,"lq":1.0},{"pi":"1501","pc":"Продукты питания","ss":0,"td":"","dc":0,"n":0.0,"vc":"","sl":"","sv":"около 500","p":1.4,"q":1.0,"b":0.0,"wi":0.16,"ei":4.26,"as":146.92,"mi":"E","mv":518877,"sc":2,"lpe":99.93,"lpr":1.79,"lq":1.0},{"pi":"1501","pc":"Продукты питания","ss":0,"td":"","dc":0,"n":0.0,"vc":"","sl":"","sv":"менее 50","p":2.17,"q":3.35,"b":0.0,"wi":0.17,"ei":4.25,"as":181.97,"mi":"E","mv":1737468,"sc":1,"lpe":100.0,"lpr":2.07,"lq":1.0},{"pi":"1501","pc":"Продукты питания","ss":0,"td":"","dc":0,"n":0.0,"vc":"","sl":"","sv":"менее 50","p":2.17,"q":3.35,"b":0.0,"wi":0.17,"ei":4.25,"as":181.97,"mi":"E","mv":1737468,"sc":1,"lpe":100.0,"lpr":2.07,"lq":1.0},{"pi":"1501","pc":"Продукты питания","ss":0,"td":"","dc":0,"n":0.0,"vc":"","sl":"","sv":"менее 50","p":2.17,"q":3.35,"b":0.0,"wi":0.17,"ei":4.25,"as":181.97,"mi":"E","mv":1737468,"sc":1,"lpe":100.0,"lpr":2.07,"lq":1.0},{"pi":"1501","pc":"Продукты питания","ss":0,"td":"","dc":0,"n":0.0,"vc":"","sl":"","sv":"менее 50","p":2.17,"q":3.35,"b":0.0,"wi":0.17,"ei":4.25,"as":181.97,"mi":"E","mv":1737468,"sc":1,"lpe":100.0,"lpr":2.07,"lq":1.0},{"pi":"1501","pc":"Продукты питания","ss":0,"td":"","dc":0,"n":0.0,"vc":"","sl":"","sv":"менее 50","p":2.17,"q":3.35,"b":0.0,"wi":0.17,"ei":4.25,"as":181.97,"mi":"E","mv":1737468,"sc":1,"lpe":100.0,"lpr":2.07,"lq":1.0},{"pi":"1501","pc":"Продукты питания","ss":0,"td":"","dc":0,"n":0.0,"vc":"","sl":"","sv":"менее 50","p":2.17,"q":3.35,"b":0.0,"wi":0.17,"ei":4.25,"as":181.97,"mi":"E","mv":1737468,"sc":1,"lpe":100.0,"lpr":2.07,"lq":1.0},{"pi":"1501","pc":"Продукты питания","ss":0,"td":"","dc":0,"n":0.0,"vc":"","sl":"","sv":"менее 50","p":2.17,"q":3.35,"b":0.0,"wi":0.17,"ei":4.25,"as":181.97,"mi":"E","mv":1737468,"sc":1,"lpe":100.0,"lpr":2.07,"lq":1.0},{"pi":"1501","pc":"Продукты питания","ss":0,"td":"","dc":0,"n":0.0,"vc":"","sl":"","sv":"менее 50","p":2.7,"q":1.05,"b":0.0,"wi":0.24,"ei":4.27,"as":217.12,"mi":"E","mv":314893,"sc":1,"lpe":100.0,"lpr":2.44,"lq":1.0},{"pi":"1501","pc":"Продукты питания","ss":0,"td":"","dc":0,"n":0.0,"vc":"","sl":"","sv":"менее 50","p":2.7,"q":1.05,"b":0.0,"wi":0.24,"ei":4.27,"as":217.12,"mi":"E","mv":314893,"sc":1,"lpe":100.0,"lpr":2.44,"lq":1.0},{"pi":"1501","pc":"Продукты питания","ss":0,"td":"","dc":0,"n":0.0,"vc":"","sl":"","sv":"менее 50","p":2.7,"q":1.05,"b":0.0,"wi":0.24,"ei":4.27,"as":217.12,"mi":"E","mv":314893,"sc":1,"lpe":100.0,"lpr":2.44,"lq":1.0},{"pi":"1501","pc":"Продукты питания","ss":0,"td":"","dc":0,"n":0.0,"vc":"","sl":"","sv":"менее 50","p":2.7,"q":1.05,"b":0.0,"wi":0.24,"ei":4.27,"as":217.12,"mi":"E","mv":314893,"sc":1,"lpe":100.0,"lpr":2.44,"lq":1.0},{"pi":"1501","pc":"Продукты питания","ss":0,"td":"","dc":0,"n":0.0,"vc":"","sl":"","sv":"менее 50","p":2.7,"q":1.05,"b":0.0,"wi":0.24,"ei":4.27,"as":217.12,"mi":"E","mv":314893,"sc":1,"lpe":100.0,"lpr":2.44,"lq":1.0},{"pi":"1501","pc":"Продукты питания","ss":0,"td":"","dc":0,"n":0.0,"vc":"","sl":"","sv":"менее 50","p":2.7,"q":1.05,"b":0.0,"wi":0.24,"ei":4.27,"as":217.12,"mi":"E","mv":314893,"sc":1,"lpe":100.0,"lpr":2.44,"lq":1.0},{"pi":"1501","pc":"Продукты питания","ss":0,"td":"","dc":0,"n":0.0,"vc":"","sl":"","sv":"менее 50","p":2.7,"q":1.05,"b":0.0,"wi":0.24,"ei":4.27,"as":217.12,"mi":"E","mv":314893,"sc":1,"lpe":100.0,"lpr":2.44,"lq":1.0}]