[{"d":"05.07.2016","r":184084.0,"q":1.35,"p":9.01,"s":[{"ui":"7654565","t":187984.0,"r":183984.0,"q":1.35,"p":9.0,"mot":"U","mo":183984.0},{"cn":"","ui":"","t":8677.0,"r":100.0,"q":5.7,"p":25.0,"mot":"L","mo":100.0}]},{"d":"06.07.2016","r":573246.0,"q":1.38,"p":8.99,"s":[{"ui":"7654565","t":576458.0,"r":565458.0,"q":1.35,"p":9.0,"mot":"U","mo":565458.0},{"cn":"","ui":"","t":7788.0,"r":7788.0,"q":3.7,"p":8.0,"mot":"L","mo":7788.0}]},{"d":"07.07.2016","r":103508.0,"q":2.51,"p":45.24,"s":[{"ui":"7658347","t":29932.0,"r":29232.0,"q":3.26,"p":50.0,"mot":"U","mo":29232.0},{"ui":"7659189","t":74276.0,"r":74276.0,"q":2.22,"p":43.36,"mot":"U","mo":74276.0},{"cn":"","ui":"","t":0.0,"r":0.0,"q":0.0,"p":0.0,"mot":"L","mo":0.0}]},{"d":"08.07.2016","r":133306.0,"q":2.04,"p":43.97,"s":[{"ui":"7658347","t":13541.0,"r":12841.0,"q":3.25,"p":50.0,"mot":"U","mo":12841.0},{"ui":"7659189","t":120365.0,"r":120365.0,"q":1.91,"p":43.36,"mot":"U","mo":120365.0},{"cn":"","ui":"","t":6300.0,"r":100.0,"q":7.27,"p":10.0,"mot":"L","mo":100.0}]},{"d":"09.07.2016","r":15789.0,"q":4.06,"p":485.75,"s":[{"ui":"7663873","t":15289.0,"r":15289.0,"q":3.95,"p":500.0,"mot":"U","mo":15289.0},{"cn":"","ui":"","t":1300.0,"r":500.0,"q":7.27,"p":50.0,"mot":"L","mo":500.0}]},{"d":"10.07.2016","r":24646.0,"q":3.89,"p":555.98,"s":[{"ui":"7663873","t":10289.0,"r":10284.0,"q":3.95,"p":500.0,"mot":"U","mo":10284.0},{"ui":"7666857","t":14262.0,"r":14262.0,"q":3.87,"p":600.0,"mot":"U","mo":14262.0},{"cn":"","ui":"","t":9555.0,"r":100.0,"q":1.58,"p":35.0,"mot":"L","mo":100.0}]},{"d":"11.07.2016","r":44444.0,"q":3.19,"p":29.95,"s":[{"ui":"7666624","t":45044.0,"r":44344.0,"q":3.18,"p":30.0,"mot":"U","mo":44344.0},{"cn":"","ui":"","t":6400.0,"r":100.0,"q":7.27,"p":10.0,"mot":"L","mo":100.0}]},{"d":"12.07.2016","r":40891.0,"q":3.1,"p":20.12,"s":[{"ui":"7666624","t":43363.0,"r":39891.0,"q":3.0,"p":20.0,"mot":"U","mo":39891.0},{"cn":"","ui":"","t":4100.0,"r":1000.0,"q":7.27,"p":25.0,"mot":"L","mo":1000.0}]},{"d":"13.07.2016","r":23517.0,"q":3.94,"p":45.63,"s":[{"ui":"7671923","t":11179.0,"r":11179.0,"q":4.74,"p":85.0,"mot":"L","mo":5000.0},{"ui":"7673197","t":21287.0,"r":18517.0,"q":3.73,"p":35.0,"mot":"U","mo":18517.0},{"cn":"","ui":"","t":0.0,"r":0.0,"q":0.0,"p":0.0,"mot":"L","mo":0.0}]},{"d":"14.07.2016","r":165153.0,"q":2.79,"p":230.34,"s":[{"ui":"7674866","t":34382.0,"r":32382.0,"q":2.72,"p":500.0,"mot":"U","mo":32382.0},{"ui":"7676389","t":15471.0,"r":15471.0,"q":4.69,"p":30.0,"mot":"U","mo":15471.0},{"ui":"7673552","t":39585.0,"r":39535.0,"q":1.2,"p":80.0,"mot":"U","mo":39535.0},{"ui":"7672131","t":53624.0,"r":53624.0,"q":3.14,"p":300.0,"mot":"U","mo":53624.0},{"ui":"7673197","t":15126.0,"r":12241.0,"q":2.44,"p":35.0,"mot":"U","mo":12241.0},{"cn":"","ui":"","t":37978.0,"r":11900.0,"q":4.53,"p":143.47,"mot":"L","mo":11900.0}]},{"d":"15.07.2016","r":217565.0,"q":2.86,"p":244.97,"s":[{"ui":"7674866","t":44466.0,"r":44466.0,"q":2.41,"p":500.0,"mot":"U","mo":44466.0},{"ui":"7676389","t":44800.0,"r":44800.0,"q":3.24,"p":30.0,"mot":"U","mo":44800.0},{"ui":"7673197","t":25956.0,"r":22961.0,"q":2.91,"p":30.0,"mot":"U","mo":22961.0},{"ui":"7672131","t":91819.0,"r":91819.0,"q":2.88,"p":300.0,"mot":"U","mo":91819.0},{"cn":"","ui":"","t":45543.0,"r":13519.0,"q":2.78,"p":109.88,"mot":"L","mo":13519.0}]},{"d":"16.07.2016","r":203406.0,"q":2.81,"p":166.28,"s":[{"ui":"7676813","t":65143.0,"r":64343.0,"q":3.05,"p":45.0,"mot":"L","mo":40000.0},{"ui":"7674866","t":54728.0,"r":54728.0,"q":2.21,"p":500.0,"mot":"U","mo":54728.0},{"ui":"7676389","t":42800.0,"r":42800.0,"q":3.24,"p":30.0,"mot":"U","mo":42800.0},{"ui":"7677252","t":51505.0,"r":51310.0,"q":3.15,"p":28.0,"mot":"U","mo":51310.0},{"cn":"","ui":"","t":44733.0,"r":14568.0,"q":1.97,"p":133.05,"mot":"L","mo":14568.0}]},{"d":"18.07.2016","r":9500.0,"q":3.09,"p":29.57,"s":[{"ui":"7684007","t":18603.0,"r":17503.0,"q":3.18,"p":32.0,"mot":"L","mo":6500.0},{"ui":"7683507","t":38980.0,"r":38910.0,"q":2.9,"p":24.3,"mot":"L","mo":3000.0},{"cn":"","ui":"","t":0.0,"r":0.0,"q":0.0,"p":0.0,"mot":"L","mo":0.0}]},{"d":"19.07.2016","r":98107.0,"q":3.3,"p":868.32,"s":[{"ui":"7686139","t":8298.0,"r":8298.0,"q":6.28,"p":10000.0,"mot":"U","mo":8298.0},{"ui":"7684007","t":32413.0,"r":30643.0,"q":2.39,"p":33.0,"mot":"L","mo":6500.0},{"ui":"7682728","t":79309.0,"r":79309.0,"q":3.08,"p":24.0,"mot":"U","mo":79309.0},{"cn":"","ui":"","t":84680.0,"r":4000.0,"q":3.04,"p":22.5,"mot":"L","mo":4000.0}]},{"d":"20.07.2016","r":30047.0,"q":3.4,"p":38.09,"s":[{"ui":"7684007","t":51396.0,"r":48546.0,"q":2.77,"p":35.0,"mot":"L","mo":11500.0},{"ui":"7689600","t":19125.0,"r":18547.0,"q":3.79,"p":40.0,"mot":"U","mo":18547.0},{"cn":"","ui":"","t":0.0,"r":0.0,"q":0.0,"p":0.0,"mot":"L","mo":0.0}]},{"d":"21.07.2016","r":49801.0,"q":3.17,"p":22.0,"s":[{"ui":"7689600","t":50957.0,"r":49801.0,"q":3.17,"p":22.0,"mot":"U","mo":49801.0},{"cn":"","ui":"","t":0.0,"r":0.0,"q":0.0,"p":0.0,"mot":"L","mo":0.0}]},{"d":"22.07.2016","r":43495.0,"q":3.03,"p":22.0,"s":[{"ui":"7689600","t":44651.0,"r":43495.0,"q":3.03,"p":22.0,"mot":"U","mo":43495.0},{"cn":"","ui":"","t":0.0,"r":0.0,"q":0.0,"p":0.0,"mot":"L","mo":0.0}]},{"d":"25.07.2016","r":114216.0,"q":3.15,"p":28.83,"s":[{"ui":"7694983","t":45647.0,"r":44647.0,"q":2.36,"p":30.0,"mot":"U","mo":44647.0},{"ui":"7699514","t":37960.0,"r":35646.0,"q":3.42,"p":10.0,"mot":"U","mo":35646.0},{"ui":"7695527","t":8234.0,"r":8234.0,"q":4.44,"p":150.0,"mot":"U","mo":8234.0},{"ui":"7700620","t":24618.0,"r":24618.0,"q":3.76,"p":13.6,"mot":"U","mo":24618.0},{"cn":"","ui":"","t":7099.0,"r":1071.0,"q":3.21,"p":25.0,"mot":"L","mo":1071.0}]},{"d":"26.07.2016","r":103501.0,"q":2.81,"p":22.9,"s":[{"ui":"7700925","t":41567.0,"r":41567.0,"q":2.16,"p":45.0,"mot":"U","mo":41567.0},{"ui":"7699514","t":37960.0,"r":37960.0,"q":3.42,"p":10.0,"mot":"U","mo":37960.0},{"ui":"7702948","t":26124.0,"r":23974.0,"q":2.97,"p":5.0,"mot":"U","mo":23974.0},{"cn":"","ui":"","t":0.0,"r":0.0,"q":0.0,"p":0.0,"mot":"L","mo":0.0}]},{"d":"27.07.2016","r":24236.0,"q":2.6,"p":20.0,"s":[{"ui":"7702948","t":23350.0,"r":19650.0,"q":2.71,"p":20.0,"mot":"U","mo":19650.0},{"ui":"7705951","t":10986.0,"r":4586.0,"q":2.15,"p":20.0,"mot":"U","mo":4586.0},{"cn":"","ui":"","t":0.0,"r":0.0,"q":0.0,"p":0.0,"mot":"L","mo":0.0}]},{"d":"28.07.2016","r":84811.0,"q":3.14,"p":25.41,"s":[{"ui":"7706373","t":60552.0,"r":57852.0,"q":3.28,"p":25.0,"mot":"U","mo":57852.0},{"ui":"7702348","t":41177.0,"r":38865.0,"q":3.19,"p":19.99,"mot":"L","mo":10000.0},{"ui":"7706537","t":17859.0,"r":16959.0,"q":2.65,"p":30.0,"mot":"U","mo":16959.0},{"cn":"","ui":"","t":0.0,"r":0.0,"q":0.0,"p":0.0,"mot":"L","mo":0.0}]},{"d":"29.07.2016","r":93165.0,"q":3.23,"p":38.25,"s":[{"ui":"7706373","t":22373.0,"r":7423.0,"q":3.44,"p":18.0,"mot":"U","mo":7423.0},{"ui":"7706537","t":86942.0,"r":85742.0,"q":3.21,"p":40.0,"mot":"U","mo":85742.0},{"cn":"","ui":"","t":0.0,"r":0.0,"q":0.0,"p":0.0,"mot":"L","mo":0.0}]},{"d":"30.07.2016","r":208477.0,"q":3.29,"p":35.0,"s":[{"ui":"7706537","t":211277.0,"r":208477.0,"q":3.29,"p":35.0,"mot":"U","mo":208477.0},{"cn":"","ui":"","t":0.0,"r":0.0,"q":0.0,"p":0.0,"mot":"L","mo":0.0}]},{"d":"01.08.2016","r":35264.0,"q":3.65,"p":24.94,"s":[{"ui":"7714426","t":48382.0,"r":48182.0,"q":2.91,"p":9.0,"mot":"L","mo":2000.0},{"ui":"7715913","t":27864.0,"r":27264.0,"q":3.37,"p":25.0,"mot":"U","mo":27264.0},{"ui":"7715447","t":10669.0,"r":10669.0,"q":5.15,"p":30.0,"mot":"L","mo":6000.0},{"cn":"","ui":"","t":0.0,"r":0.0,"q":0.0,"p":0.0,"mot":"L","mo":0.0}]},{"d":"02.08.2016","r":213670.0,"q":3.24,"p":20.07,"s":[{"ui":"7717597","t":37106.0,"r":36806.0,"q":3.44,"p":15.0,"mot":"U","mo":36806.0},{"ui":"7717313","t":60979.0,"r":60379.0,"q":3.11,"p":15.0,"mot":"U","mo":60379.0},{"ui":"7715913","t":110085.0,"r":109485.0,"q":3.29,"p":25.0,"mot":"U","mo":109485.0},{"cn":"","ui":"","t":65596.0,"r":7000.0,"q":2.52,"p":13.29,"mot":"L","mo":7000.0}]},{"d":"03.08.2016","r":339985.0,"q":3.0,"p":34.97,"s":[{"ui":"7717313","t":97252.0,"r":96652.0,"q":2.68,"p":15.0,"mot":"U","mo":96652.0},{"ui":"7717771","t":60085.0,"r":60085.0,"q":2.58,"p":35.0,"mot":"U","mo":60085.0},{"ui":"7720041","t":34563.0,"r":34563.0,"q":3.53,"p":20.0,"mot":"U","mo":34563.0},{"ui":"7715913","t":128292.0,"r":128292.0,"q":3.26,"p":25.0,"mot":"U","mo":128292.0},{"cn":"","ui":"","t":72279.0,"r":20393.0,"q":3.29,"p":217.62,"mot":"L","mo":20393.0}]},{"d":"04.08.2016","r":289886.0,"q":2.63,"p":18.02,"s":[{"ui":"7717313","t":108451.0,"r":107851.0,"q":2.46,"p":15.0,"mot":"U","mo":107851.0},{"ui":"7721933","t":59192.0,"r":55992.0,"q":2.58,"p":2.5,"mot":"U","mo":55992.0},{"ui":"7717771","t":63631.0,"r":63631.0,"q":2.59,"p":35.0,"mot":"U","mo":63631.0},{"ui":"7720041","t":44800.0,"r":44800.0,"q":3.2,"p":20.0,"mot":"U","mo":44800.0},{"cn":"","ui":"","t":100260.0,"r":17612.0,"q":2.51,"p":19.49,"mot":"L","mo":17612.0}]},{"d":"05.08.2016","r":399950.0,"q":2.98,"p":11.69,"s":[{"ui":"7721933","t":243892.0,"r":237692.0,"q":2.89,"p":7.0,"mot":"U","mo":237692.0},{"ui":"7720041","t":34800.0,"r":34800.0,"q":3.2,"p":20.0,"mot":"U","mo":34800.0},{"ui":"7723278","t":103720.0,"r":102720.0,"q":3.21,"p":20.0,"mot":"U","mo":102720.0},{"cn":"","ui":"","t":37238.0,"r":24738.0,"q":2.59,"p":10.5,"mot":"L","mo":24738.0}]},{"d":"06.08.2016","r":155162.0,"q":3.33,"p":14.83,"s":[{"ui":"7727242","t":9041.0,"r":8941.0,"q":5.86,"p":50.0,"mot":"U","mo":8941.0},{"ui":"7723278","t":135084.0,"r":133069.0,"q":3.26,"p":12.0,"mot":"U","mo":133069.0},{"ui":"7722996","t":112471.0,"r":112471.0,"q":1.96,"p":20.0,"mot":"L","mo":10000.0},{"cn":"","ui":"","t":118540.0,"r":3152.0,"q":3.48,"p":18.19,"mot":"L","mo":3152.0}]},{"d":"07.08.2016","r":210425.0,"q":2.44,"p":30.76,"s":[{"ui":"7726581","t":75762.0,"r":75762.0,"q":2.83,"p":21.99,"mot":"U","mo":75762.0},{"ui":"7728105","t":20294.0,"r":19216.0,"q":2.84,"p":11.0,"mot":"U","mo":19216.0},{"ui":"7728438","t":116961.0,"r":114647.0,"q":2.11,"p":40.0,"mot":"U","mo":114647.0},{"cn":"","ui":"","t":77187.0,"r":800.0,"q":2.7,"p":12.53,"mot":"L","mo":800.0}]},{"d":"08.08.2016","r":154060.0,"q":2.62,"p":19.75,"s":[{"ui":"7726581","t":112045.0,"r":112045.0,"q":2.57,"p":21.99,"mot":"U","mo":112045.0},{"ui":"7729785","t":34463.0,"r":34363.0,"q":2.72,"p":15.0,"mot":"U","mo":34363.0},{"cn":"","ui":"","t":167931.0,"r":7652.0,"q":2.87,"p":8.34,"mot":"L","mo":7652.0}]},{"d":"09.08.2016","r":28750.0,"q":2.7,"p":12.65,"s":[{"ui":"7729785","t":24750.0,"r":23750.0,"q":2.79,"p":15.0,"mot":"U","mo":23750.0},{"ui":"7730056","t":16250.0,"r":15250.0,"q":2.3,"p":1.5,"mot":"L","mo":5000.0},{"cn":"","ui":"","t":0.0,"r":0.0,"q":0.0,"p":0.0,"mot":"L","mo":0.0}]},{"d":"11.08.2016","r":500.0,"q":3.37,"p":35.0,"s":[{"ui":"7736669","t":23605.0,"r":23605.0,"q":3.37,"p":35.0,"mot":"L","mo":500.0},{"cn":"","ui":"","t":0.0,"r":0.0,"q":0.0,"p":0.0,"mot":"L","mo":0.0}]},{"d":"12.08.2016","r":500.0,"q":2.92,"p":35.0,"s":[{"ui":"7736669","t":86542.0,"r":86537.0,"q":2.92,"p":35.0,"mot":"L","mo":500.0},{"cn":"","ui":"","t":0.0,"r":0.0,"q":0.0,"p":0.0,"mot":"L","mo":0.0}]},{"d":"13.08.2016","r":11316.0,"q":4.74,"p":49.34,"s":[{"ui":"7741203","t":10816.0,"r":10816.0,"q":4.82,"p":50.0,"mot":"U","mo":10816.0},{"cn":"","ui":"","t":144080.0,"r":500.0,"q":2.91,"p":35.0,"mot":"L","mo":500.0}]},{"d":"14.08.2016","r":19561.0,"q":3.42,"p":71.84,"s":[{"ui":"7743963","t":14310.0,"r":14310.0,"q":3.92,"p":150.0,"mot":"L","mo":5000.0},{"ui":"7743658","t":16875.0,"r":14561.0,"q":3.25,"p":45.0,"mot":"U","mo":14561.0},{"cn":"","ui":"","t":0.0,"r":0.0,"q":0.0,"p":0.0,"mot":"L","mo":0.0}]},{"d":"15.08.2016","r":50336.0,"q":3.36,"p":115.14,"s":[{"ui":"7745247","t":27997.0,"r":27997.0,"q":3.54,"p":70.0,"mot":"L","mo":8000.0},{"ui":"7745573","t":3244.0,"r":2694.0,"q":4.67,"p":50.0,"mot":"U","mo":2694.0},{"ui":"7745530","t":32122.0,"r":32122.0,"q":3.65,"p":150.0,"mot":"U","mo":32122.0},{"ui":"7744958","t":6991.0,"r":6991.0,"q":1.2,"p":45.0,"mot":"L","mo":6000.0},{"cn":"","ui":"","t":28018.0,"r":1520.0,"q":2.61,"p":8.46,"mot":"L","mo":1520.0}]},{"d":"16.08.2016","r":99874.0,"q":2.98,"p":127.15,"s":[{"ui":"7745247","t":39015.0,"r":39015.0,"q":2.96,"p":70.0,"mot":"L","mo":8000.0},{"ui":"7745530","t":60613.0,"r":60613.0,"q":2.91,"p":150.0,"mot":"U","mo":60613.0},{"ui":"7743658","t":23012.0,"r":20698.0,"q":2.95,"p":71.0,"mot":"U","mo":20698.0},{"cn":"","ui":"","t":83573.0,"r":10563.0,"q":3.45,"p":149.37,"mot":"L","mo":10563.0}]},{"d":"17.08.2016","r":103128.0,"q":3.03,"p":139.29,"s":[{"ui":"7745247","t":43584.0,"r":43584.0,"q":2.76,"p":70.0,"mot":"L","mo":8000.0},{"ui":"7749266","t":8578.0,"r":8578.0,"q":5.87,"p":14.0,"mot":"U","mo":8578.0},{"ui":"7745530","t":82050.0,"r":82050.0,"q":2.63,"p":150.0,"mot":"U","mo":82050.0},{"cn":"","ui":"","t":19126.0,"r":4500.0,"q":5.41,"p":306.11,"mot":"L","mo":4500.0}]},{"d":"18.08.2016","r":8769.0,"q":3.17,"p":184.87,"s":[{"ui":"7750617","t":6769.0,"r":5769.0,"q":2.4,"p":21.0,"mot":"U","mo":5769.0},{"ui":"7750928","t":12415.0,"r":12415.0,"q":4.65,"p":500.0,"mot":"L","mo":3000.0},{"cn":"","ui":"","t":0.0,"r":0.0,"q":0.0,"p":0.0,"mot":"L","mo":0.0}]},{"d":"19.08.2016","r":32651.0,"q":3.31,"p":14.71,"s":[{"ui":"7750617","t":28805.0,"r":26555.0,"q":2.9,"p":14.0,"mot":"U","mo":26555.0},{"ui":"7755030","t":6756.0,"r":5756.0,"q":5.26,"p":18.0,"mot":"U","mo":5756.0},{"cn":"","ui":"","t":440.0,"r":340.0,"q":2.33,"p":14.0,"mot":"L","mo":340.0}]},{"d":"20.08.2016","r":1000.0,"q":3.1,"p":10.0,"s":[{"ui":"7755903","t":29423.0,"r":29423.0,"q":3.1,"p":10.0,"mot":"L","mo":1000.0},{"cn":"","ui":"","t":0.0,"r":0.0,"q":0.0,"p":0.0,"mot":"L","mo":0.0}]},{"d":"22.08.2016","r":29296.0,"q":3.11,"p":30.0,"s":[{"ui":"7760203","t":30106.0,"r":29296.0,"q":3.11,"p":30.0,"mot":"U","mo":29296.0},{"cn":"","ui":"","t":0.0,"r":0.0,"q":0.0,"p":0.0,"mot":"L","mo":0.0}]},{"d":"23.08.2016","r":64756.0,"q":2.56,"p":30.31,"s":[{"ui":"7760203","t":64567.0,"r":63756.0,"q":2.55,"p":30.0,"mot":"U","mo":63756.0},{"cn":"","ui":"","t":15547.0,"r":1000.0,"q":3.37,"p":50.0,"mot":"L","mo":1000.0}]},{"d":"24.08.2016","r":168667.0,"q":2.72,"p":24.59,"s":[{"ui":"7763225","t":50849.0,"r":50271.0,"q":2.64,"p":20.0,"mot":"U","mo":50271.0},{"ui":"7760203","t":64541.0,"r":64540.0,"q":2.55,"p":30.0,"mot":"U","mo":64540.0},{"ui":"7764769","t":46856.0,"r":46856.0,"q":2.88,"p":19.99,"mot":"U","mo":46856.0},{"cn":"","ui":"","t":43081.0,"r":7000.0,"q":3.83,"p":38.57,"mot":"L","mo":7000.0}]},{"d":"25.08.2016","r":152412.0,"q":2.43,"p":21.43,"s":[{"ui":"7763225","t":86454.0,"r":85876.0,"q":2.26,"p":20.0,"mot":"U","mo":85876.0},{"ui":"7764769","t":63755.0,"r":63755.0,"q":2.59,"p":19.99,"mot":"U","mo":63755.0},{"cn":"","ui":"","t":14504.0,"r":2781.0,"q":4.04,"p":98.77,"mot":"L","mo":2781.0}]},{"d":"26.08.2016","r":6317.0,"q":2.45,"p":59.02,"s":[{"ui":"7767045","t":2019.0,"r":2019.0,"q":2.2,"p":70.0,"mot":"U","mo":2019.0},{"ui":"7765269","t":12823.0,"r":12723.0,"q":4.14,"p":110.0,"mot":"L","mo":2000.0},{"ui":"7769178","t":4612.0,"r":2298.0,"q":1.2,"p":5.0,"mot":"U","mo":2298.0},{"cn":"","ui":"","t":0.0,"r":0.0,"q":0.0,"p":0.0,"mot":"L","mo":0.0}]},{"d":"28.08.2016","r":134124.0,"q":2.51,"p":6.53,"s":[{"ui":"7775289","t":6970.0,"r":6970.0,"q":2.67,"p":3.0,"mot":"U","mo":6970.0},{"ui":"7774312","t":122054.0,"r":121054.0,"q":2.29,"p":7.0,"mot":"U","mo":121054.0},{"cn":"","ui":"","t":6100.0,"r":6100.0,"q":6.7,"p":1.15,"mot":"L","mo":6100.0}]},{"d":"29.08.2016","r":387592.0,"q":2.69,"p":9.0,"s":[{"ui":"7774312","t":389592.0,"r":387592.0,"q":2.69,"p":9.0,"mot":"U","mo":387592.0},{"cn":"","ui":"","t":0.0,"r":0.0,"q":0.0,"p":0.0,"mot":"L","mo":0.0}]},{"d":"30.08.2016","r":701850.0,"q":2.85,"p":9.51,"s":[{"ui":"7774312","t":649997.0,"r":647997.0,"q":2.73,"p":9.0,"mot":"U","mo":647997.0},{"cn":"","ui":"","t":95926.0,"r":53853.0,"q":4.28,"p":15.63,"mot":"L","mo":53853.0}]},{"d":"31.08.2016","r":128199.0,"q":3.45,"p":13.87,"s":[{"ui":"7780346","t":31667.0,"r":31667.0,"q":3.52,"p":15.0,"mot":"U","mo":31667.0},{"ui":"7775289","t":56489.0,"r":29223.0,"q":3.84,"p":10.0,"mot":"U","mo":29223.0},{"ui":"7778701","t":44800.0,"r":44800.0,"q":3.23,"p":10.5,"mot":"U","mo":44800.0},{"ui":"7778677","t":44800.0,"r":44800.0,"q":3.16,"p":14.5,"mot":"L","mo":15459.0},{"cn":"","ui":"","t":57098.0,"r":7050.0,"q":3.54,"p":44.86,"mot":"L","mo":7050.0}]},{"d":"01.09.2016","r":43695.0,"q":3.25,"p":17.06,"s":[{"ui":"7778683","t":30106.0,"r":30106.0,"q":3.11,"p":14.3,"mot":"L","mo":11900.0},{"ui":"7778701","t":24777.0,"r":24776.0,"q":3.23,"p":10.5,"mot":"U","mo":24776.0},{"ui":"7777833","t":43248.0,"r":43248.0,"q":2.95,"p":50.0,"mot":"L","mo":6000.0},{"cn":"","ui":"","t":34668.0,"r":1019.0,"q":7.05,"p":15.0,"mot":"L","mo":1019.0}]},{"d":"02.09.2016","r":89134.0,"q":3.14,"p":21.73,"s":[{"ui":"7780346","t":44800.0,"r":44800.0,"q":3.02,"p":15.0,"mot":"U","mo":44800.0},{"ui":"7782895","t":32689.0,"r":31919.0,"q":2.87,"p":14.4,"mot":"L","mo":30881.0},{"ui":"7785131","t":13453.0,"r":13453.0,"q":4.17,"p":61.0,"mot":"U","mo":13453.0},{"cn":"","ui":"","t":0.0,"r":0.0,"q":0.0,"p":0.0,"mot":"L","mo":0.0}]},{"d":"03.09.2016","r":100757.0,"q":2.78,"p":45.28,"s":[{"ui":"7786165","t":31419.0,"r":31369.0,"q":3.08,"p":10.5,"mot":"U","mo":31369.0},{"ui":"7785131","t":69988.0,"r":69388.0,"q":2.64,"p":61.0,"mot":"U","mo":69388.0},{"cn":"","ui":"","t":0.0,"r":0.0,"q":0.0,"p":0.0,"mot":"L","mo":0.0}]},{"d":"04.09.2016","r":184948.0,"q":2.78,"p":37.21,"s":[{"ui":"7788638","t":23344.0,"r":22844.0,"q":2.93,"p":23.0,"mot":"U","mo":22844.0},{"ui":"7786165","t":28344.0,"r":27216.0,"q":2.7,"p":10.5,"mot":"U","mo":27216.0},{"ui":"7785131","t":135488.0,"r":134888.0,"q":2.77,"p":45.0,"mot":"U","mo":134888.0},{"cn":"","ui":"","t":0.0,"r":0.0,"q":0.0,"p":0.0,"mot":"L","mo":0.0}]},{"d":"05.09.2016","r":112390.0,"q":3.48,"p":47.36,"s":[{"ui":"7791537","t":37596.0,"r":37596.0,"q":3.56,"p":100.0,"mot":"U","mo":37596.0},{"ui":"7791076","t":20204.0,"r":20204.0,"q":4.17,"p":5.0,"mot":"U","mo":20204.0},{"ui":"7791030","t":8843.0,"r":7665.0,"q":3.39,"p":11.0,"mot":"U","mo":7665.0},{"ui":"7788708","t":44925.0,"r":44925.0,"q":3.1,"p":30.0,"mot":"U","mo":44925.0},{"cn":"","ui":"","t":16060.0,"r":2000.0,"q":3.91,"p":15.0,"mot":"L","mo":2000.0}]},{"d":"06.09.2016","r":93984.0,"q":2.75,"p":15.83,"s":[{"ui":"7792874","t":20766.0,"r":19266.0,"q":3.33,"p":20.0,"mot":"U","mo":19266.0},{"ui":"7790144","t":22456.0,"r":22456.0,"q":1.2,"p":5.3,"mot":"U","mo":22456.0},{"ui":"7791076","t":17804.0,"r":17804.0,"q":4.17,"p":5.0,"mot":"U","mo":17804.0},{"ui":"7791030","t":27705.0,"r":27105.0,"q":2.84,"p":22.0,"mot":"U","mo":27105.0},{"ui":"7788708","t":5353.0,"r":5353.0,"q":2.12,"p":50.0,"mot":"U","mo":5353.0},{"cn":"","ui":"","t":24124.0,"r":2000.0,"q":2.49,"p":15.0,"mot":"L","mo":2000.0}]},{"d":"07.09.2016","r":168053.0,"q":2.99,"p":29.89,"s":[{"ui":"7792874","t":66693.0,"r":65193.0,"q":2.9,"p":25.0,"mot":"U","mo":65193.0},{"ui":"7795656","t":33010.0,"r":33010.0,"q":2.78,"p":75.0,"mot":"U","mo":33010.0},{"ui":"7796003","t":15416.0,"r":13416.0,"q":4.49,"p":1.2,"mot":"U","mo":13416.0},{"ui":"7791030","t":55134.0,"r":54434.0,"q":2.89,"p":16.0,"mot":"U","mo":54434.0},{"cn":"","ui":"","t":22783.0,"r":2000.0,"q":2.11,"p":15.0,"mot":"L","mo":2000.0}]},{"d":"08.09.2016","r":69395.0,"q":3.22,"p":25.7,"s":[{"ui":"7792874","t":59800.0,"r":58300.0,"q":2.87,"p":25.0,"mot":"U","mo":58300.0},{"ui":"7798784","t":6400.0,"r":6400.0,"q":7.27,"p":50.0,"mot":"U","mo":6400.0},{"ui":"7796003","t":5340.0,"r":4695.0,"q":2.04,"p":1.2,"mot":"U","mo":4695.0},{"cn":"","ui":"","t":0.0,"r":0.0,"q":0.0,"p":0.0,"mot":"L","mo":0.0}]},{"d":"09.09.2016","r":291054.0,"q":2.29,"p":85.06,"s":[{"ui":"7799759","t":182667.0,"r":182089.0,"q":2.21,"p":100.0,"mot":"U","mo":182089.0},{"ui":"7795656","t":44800.0,"r":44800.0,"q":2.51,"p":75.0,"mot":"U","mo":44800.0},{"ui":"7798784","t":44800.0,"r":44800.0,"q":2.25,"p":50.0,"mot":"U","mo":44800.0},{"ui":"7798791","t":20465.0,"r":19365.0,"q":2.64,"p":49.0,"mot":"U","mo":19365.0},{"cn":"","ui":"","t":0.0,"r":0.0,"q":0.0,"p":0.0,"mot":"L","mo":0.0}]},{"d":"10.09.2016","r":16249.0,"q":2.76,"p":49.0,"s":[{"ui":"7798791","t":18249.0,"r":16249.0,"q":2.76,"p":49.0,"mot":"U","mo":16249.0},{"cn":"","ui":"","t":0.0,"r":0.0,"q":0.0,"p":0.0,"mot":"L","mo":0.0}]},{"d":"11.09.2016","r":10407.0,"q":2.7,"p":47.87,"s":[{"ui":"7803579","t":36786.0,"r":36686.0,"q":2.96,"p":46.64,"mot":"L","mo":5000.0},{"ui":"7798791","t":7407.0,"r":5407.0,"q":2.46,"p":49.0,"mot":"U","mo":5407.0},{"cn":"","ui":"","t":0.0,"r":0.0,"q":0.0,"p":0.0,"mot":"L","mo":0.0}]},{"d":"12.09.2016","r":115574.0,"q":3.58,"p":19.55,"s":[{"ui":"7805639","t":42675.0,"r":42675.0,"q":3.27,"p":25.0,"mot":"U","mo":42675.0},{"ui":"7805978","t":12800.0,"r":10800.0,"q":3.06,"p":10.0,"mot":"U","mo":10800.0},{"ui":"7806187","t":30713.0,"r":30713.0,"q":3.72,"p":20.0,"mot":"U","mo":30713.0},{"ui":"7804465","t":40086.0,"r":31386.0,"q":4.04,"p":15.0,"mot":"U","mo":31386.0},{"cn":"","ui":"","t":0.0,"r":0.0,"q":0.0,"p":0.0,"mot":"L","mo":0.0}]},{"d":"13.09.2016","r":267408.0,"q":3.01,"p":91.27,"s":[{"ui":"7805639","t":42750.0,"r":42550.0,"q":3.14,"p":450.0,"mot":"U","mo":42550.0},{"ui":"7808067","t":174647.0,"r":172345.0,"q":2.9,"p":20.0,"mot":"U","mo":172345.0},{"ui":"7807474","t":42365.0,"r":42365.0,"q":3.26,"p":20.0,"mot":"U","mo":42365.0},{"cn":"","ui":"","t":10726.0,"r":10148.0,"q":3.17,"p":95.0,"mot":"L","mo":10148.0}]},{"d":"14.09.2016","r":181558.0,"q":3.14,"p":142.98,"s":[{"ui":"7805639","t":42850.0,"r":42850.0,"q":3.14,"p":450.0,"mot":"U","mo":42850.0},{"ui":"7807506","t":50711.0,"r":50711.0,"q":2.96,"p":95.0,"mot":"U","mo":50711.0},{"ui":"7806187","t":44800.0,"r":44800.0,"q":3.23,"p":20.0,"mot":"U","mo":44800.0},{"ui":"7807474","t":38197.0,"r":38197.0,"q":3.22,"p":20.0,"mot":"U","mo":38197.0},{"cn":"","ui":"","t":19059.0,"r":5000.0,"q":3.46,"p":40.0,"mot":"L","mo":5000.0}]},{"d":"15.09.2016","r":458111.0,"q":2.77,"p":614.05,"s":[{"ui":"7812529","t":42681.0,"r":42681.0,"q":2.23,"p":6400.0,"mot":"U","mo":42681.0},{"ui":"7808067","t":396340.0,"r":396340.0,"q":2.79,"p":20.0,"mot":"U","mo":396340.0},{"cn":"","ui":"","t":59397.0,"r":19090.0,"q":3.68,"p":11.4,"mot":"L","mo":19090.0}]},{"d":"16.09.2016","r":90750.0,"q":2.48,"p":3177.95,"s":[{"ui":"7810064","t":56847.0,"r":55847.0,"q":2.93,"p":30.0,"mot":"L","mo":5000.0},{"ui":"7814590","t":38133.0,"r":38133.0,"q":2.75,"p":40.0,"mot":"U","mo":38133.0},{"ui":"7812529","t":44800.0,"r":44800.0,"q":2.18,"p":6400.0,"mot":"U","mo":44800.0},{"cn":"","ui":"","t":5817.0,"r":2817.0,"q":2.91,"p":1.25,"mot":"L","mo":2817.0}]},{"d":"17.09.2016","r":102609.0,"q":3.11,"p":25.1,"s":[{"ui":"7814590","t":102584.0,"r":102584.0,"q":3.11,"p":25.0,"mot":"U","mo":102584.0},{"cn":"","ui":"","t":16205.0,"r":25.0,"q":3.88,"p":450.0,"mot":"L","mo":25.0}]},{"d":"18.09.2016","r":58469.0,"q":2.99,"p":19.81,"s":[{"ui":"7818981","t":25267.0,"r":25267.0,"q":2.7,"p":13.0,"mot":"U","mo":25267.0},{"ui":"7814590","t":45202.0,"r":33202.0,"q":3.21,"p":25.0,"mot":"U","mo":33202.0},{"cn":"","ui":"","t":0.0,"r":0.0,"q":0.0,"p":0.0,"mot":"L","mo":0.0}]},{"d":"19.09.2016","r":44316.0,"q":3.02,"p":11.32,"s":[{"ui":"7822092","t":8321.0,"r":7743.0,"q":5.35,"p":2.0,"mot":"U","mo":7743.0},{"ui":"7818981","t":36548.0,"r":36548.0,"q":2.53,"p":13.0,"mot":"U","mo":36548.0},{"cn":"","ui":"","t":17347.0,"r":25.0,"q":3.71,"p":450.0,"mot":"L","mo":25.0}]},{"d":"20.09.2016","r":21301.0,"q":2.77,"p":22.44,"s":[{"ui":"7822092","t":8279.0,"r":7701.0,"q":2.29,"p":50.0,"mot":"U","mo":7701.0},{"ui":"7818981","t":12600.0,"r":12600.0,"q":2.95,"p":5.0,"mot":"U","mo":12600.0},{"cn":"","ui":"","t":13369.0,"r":1000.0,"q":4.27,"p":30.0,"mot":"L","mo":1000.0}]},{"d":"21.09.2016","r":39545.0,"q":3.32,"p":18.09,"s":[{"ui":"7823890","t":5707.0,"r":4707.0,"q":2.29,"p":90.0,"mot":"L","mo":4000.0},{"ui":"7824767","t":35545.0,"r":35545.0,"q":3.44,"p":10.0,"mot":"U","mo":35545.0},{"cn":"","ui":"","t":0.0,"r":0.0,"q":0.0,"p":0.0,"mot":"L","mo":0.0}]},{"d":"23.09.2016","r":63568.0,"q":2.82,"p":16.0,"s":[{"ui":"7824767","t":64746.0,"r":63568.0,"q":2.82,"p":16.0,"mot":"U","mo":63568.0},{"cn":"","ui":"","t":0.0,"r":0.0,"q":0.0,"p":0.0,"mot":"L","mo":0.0}]},{"d":"24.09.2016","r":11906.0,"q":2.98,"p":40.0,"s":[{"ui":"7832728","t":14306.0,"r":11906.0,"q":2.98,"p":40.0,"mot":"U","mo":11906.0},{"cn":"","ui":"","t":0.0,"r":0.0,"q":0.0,"p":0.0,"mot":"L","mo":0.0}]},{"d":"25.09.2016","r":57621.0,"q":3.6,"p":58.46,"s":[{"ui":"7832728","t":7298.0,"r":4898.0,"q":2.86,"p":30.0,"mot":"U","mo":4898.0},{"ui":"7835062","t":15181.0,"r":15181.0,"q":4.36,"p":2.0,"mot":"U","mo":15181.0},{"ui":"7832099","t":37542.0,"r":37542.0,"q":3.39,"p":85.0,"mot":"U","mo":37542.0},{"cn":"","ui":"","t":0.0,"r":0.0,"q":0.0,"p":0.0,"mot":"L","mo":0.0}]},{"d":"26.09.2016","r":33819.0,"q":2.86,"p":2.0,"s":[{"ui":"7835062","t":34397.0,"r":33819.0,"q":2.86,"p":2.0,"mot":"U","mo":33819.0},{"cn":"","ui":"","t":0.0,"r":0.0,"q":0.0,"p":0.0,"mot":"L","mo":0.0}]},{"d":"27.09.2016","r":30460.0,"q":2.82,"p":2.3,"s":[{"ui":"7838068","t":20725.0,"r":20725.0,"q":3.18,"p":5.0,"mot":"L","mo":3000.0},{"ui":"7835062","t":27460.0,"r":27460.0,"q":2.78,"p":2.0,"mot":"U","mo":27460.0},{"cn":"","ui":"","t":0.0,"r":0.0,"q":0.0,"p":0.0,"mot":"L","mo":0.0}]},{"d":"28.09.2016","r":6649.0,"q":5.37,"p":50.0,"s":[{"ui":"7842478","t":7849.0,"r":6649.0,"q":5.37,"p":50.0,"mot":"U","mo":6649.0},{"cn":"","ui":"","t":0.0,"r":0.0,"q":0.0,"p":0.0,"mot":"L","mo":0.0}]},{"d":"29.09.2016","r":17358.0,"q":3.96,"p":25.19,"s":[{"ui":"7841820","t":3002.0,"r":3002.0,"q":1.2,"p":50.0,"mot":"U","mo":3002.0},{"ui":"7844186","t":14934.0,"r":14356.0,"q":4.54,"p":20.0,"mot":"U","mo":14356.0},{"cn":"","ui":"","t":0.0,"r":0.0,"q":0.0,"p":0.0,"mot":"L","mo":0.0}]},{"d":"30.09.2016","r":28825.0,"q":3.39,"p":22.58,"s":[{"ui":"7841726","t":85399.0,"r":85399.0,"q":2.95,"p":20.0,"mot":"L","mo":5000.0},{"ui":"7844186","t":17932.0,"r":14927.0,"q":2.95,"p":22.0,"mot":"U","mo":14927.0},{"ui":"7846511","t":9498.0,"r":8898.0,"q":4.37,"p":25.0,"mot":"U","mo":8898.0},{"cn":"","ui":"","t":0.0,"r":0.0,"q":0.0,"p":0.0,"mot":"L","mo":0.0}]},{"d":"01.10.2016","r":115391.0,"q":2.9,"p":22.02,"s":[{"ui":"7844186","t":117876.0,"r":114281.0,"q":2.89,"p":22.0,"mot":"U","mo":114281.0},{"cn":"","ui":"","t":27299.0,"r":1110.0,"q":3.68,"p":23.96,"mot":"L","mo":1110.0}]},{"d":"02.10.2016","r":52934.0,"q":1.96,"p":57.58,"s":[{"ui":"7848021","t":33000.0,"r":33000.0,"q":1.2,"p":63.0,"mot":"L","mo":30000.0},{"ui":"7850811","t":22609.0,"r":22609.0,"q":2.99,"p":50.0,"mot":"U","mo":22609.0},{"cn":"","ui":"","t":925.0,"r":325.0,"q":1.21,"p":85.0,"mot":"L","mo":325.0}]},{"d":"03.10.2016","r":55389.0,"q":2.81,"p":21.67,"s":[{"ui":"7848021","t":14000.0,"r":13000.0,"q":1.2,"p":63.0,"mot":"L","mo":13000.0},{"ui":"7851321","t":42389.0,"r":42389.0,"q":3.31,"p":9.0,"mot":"U","mo":42389.0},{"cn":"","ui":"","t":0.0,"r":0.0,"q":0.0,"p":0.0,"mot":"L","mo":0.0}]},{"d":"04.10.2016","r":35006.0,"q":3.25,"p":16.4,"s":[{"ui":"7853832","t":42392.0,"r":41592.0,"q":3.23,"p":20.0,"mot":"L","mo":3500.0},{"ui":"7851321","t":32084.0,"r":31506.0,"q":3.25,"p":16.0,"mot":"U","mo":31506.0},{"cn":"","ui":"","t":0.0,"r":0.0,"q":0.0,"p":0.0,"mot":"L","mo":0.0}]},{"d":"05.10.2016","r":66255.0,"q":3.58,"p":22.26,"s":[{"ui":"7853832","t":71844.0,"r":71044.0,"q":2.99,"p":20.0,"mot":"L","mo":3500.0},{"ui":"7856917","t":8782.0,"r":8637.0,"q":5.19,"p":25.0,"mot":"L","mo":8000.0},{"ui":"7856186","t":37121.0,"r":36543.0,"q":3.45,"p":25.0,"mot":"U","mo":36543.0},{"ui":"7851321","t":18790.0,"r":18212.0,"q":3.25,"p":16.0,"mot":"U","mo":18212.0},{"cn":"","ui":"","t":0.0,"r":0.0,"q":0.0,"p":0.0,"mot":"L","mo":0.0}]},{"d":"07.10.2016","r":254470.0,"q":2.69,"p":49.43,"s":[{"ui":"7861033","t":35485.0,"r":35485.0,"q":3.48,"p":50.0,"mot":"U","mo":35485.0},{"ui":"7856186","t":85492.0,"r":84914.0,"q":2.85,"p":25.0,"mot":"U","mo":84914.0},{"ui":"7861038","t":126571.0,"r":126571.0,"q":2.34,"p":68.27,"mot":"U","mo":126571.0},{"cn":"","ui":"","t":31805.0,"r":7500.0,"q":3.09,"p":5.45,"mot":"L","mo":7500.0}]},{"d":"08.10.2016","r":44224.0,"q":3.33,"p":34.14,"s":[{"ui":"7863196","t":36724.0,"r":36724.0,"q":3.44,"p":40.0,"mot":"U","mo":36724.0},{"ui":"7860853","t":41800.0,"r":41800.0,"q":2.78,"p":5.45,"mot":"L","mo":7500.0},{"cn":"","ui":"","t":0.0,"r":0.0,"q":0.0,"p":0.0,"mot":"L","mo":0.0}]},{"d":"09.10.2016","r":97273.0,"q":3.17,"p":42.52,"s":[{"ui":"7861033","t":44800.0,"r":44800.0,"q":3.18,"p":50.0,"mot":"U","mo":44800.0},{"ui":"7863196","t":40415.0,"r":40415.0,"q":3.31,"p":40.0,"mot":"U","mo":40415.0},{"ui":"7860853","t":41380.0,"r":41280.0,"q":2.78,"p":5.45,"mot":"L","mo":7500.0},{"cn":"","ui":"","t":12832.0,"r":4558.0,"q":2.58,"p":52.42,"mot":"L","mo":4558.0}]},{"d":"10.10.2016","r":119083.0,"q":2.77,"p":22.04,"s":[{"ui":"7869173","t":60889.0,"r":60889.0,"q":2.25,"p":21.0,"mot":"U","mo":60889.0},{"ui":"7869078","t":35221.0,"r":33688.0,"q":3.62,"p":14.5,"mot":"U","mo":33688.0},{"ui":"7867645","t":24506.0,"r":24506.0,"q":2.87,"p":35.0,"mot":"L","mo":24506.0},{"cn":"","ui":"","t":0.0,"r":0.0,"q":0.0,"p":0.0,"mot":"L","mo":0.0}]},{"d":"11.10.2016","r":4106.0,"q":2.87,"p":35.0,"s":[{"ui":"7867645","t":5706.0,"r":4106.0,"q":2.87,"p":35.0,"mot":"L","mo":4106.0},{"cn":"","ui":"","t":0.0,"r":0.0,"q":0.0,"p":0.0,"mot":"L","mo":0.0}]},{"d":"12.10.2016","r":60386.0,"q":3.51,"p":17.65,"s":[{"ui":"7873482","t":26446.0,"r":25446.0,"q":3.59,"p":11.0,"mot":"U","mo":25446.0},{"ui":"7872786","t":35520.0,"r":34940.0,"q":3.46,"p":22.5,"mot":"U","mo":34940.0},{"cn":"","ui":"","t":0.0,"r":0.0,"q":0.0,"p":0.0,"mot":"L","mo":0.0}]},{"d":"13.10.2016","r":96965.0,"q":3.22,"p":18.16,"s":[{"ui":"7873482","t":24422.0,"r":24222.0,"q":2.91,"p":11.0,"mot":"U","mo":24222.0},{"ui":"7873391","t":13781.0,"r":13781.0,"q":4.08,"p":40.0,"mot":"U","mo":13781.0},{"ui":"7872786","t":58962.0,"r":58962.0,"q":3.15,"p":16.0,"mot":"U","mo":58962.0},{"cn":"","ui":"","t":0.0,"r":0.0,"q":0.0,"p":0.0,"mot":"L","mo":0.0}]},{"d":"14.10.2016","r":2000.0,"q":2.36,"p":25.0,"s":[{"ui":"7877928","t":15812.0,"r":13234.0,"q":2.36,"p":25.0,"mot":"L","mo":2000.0},{"cn":"","ui":"","t":0.0,"r":0.0,"q":0.0,"p":0.0,"mot":"L","mo":0.0}]},{"d":"15.10.2016","r":44240.0,"q":3.82,"p":41.35,"s":[{"ui":"7879428","t":9644.0,"r":9644.0,"q":5.61,"p":99.99,"mot":"U","mo":9644.0},{"ui":"7881123","t":17015.0,"r":13515.0,"q":3.16,"p":25.0,"mot":"U","mo":13515.0},{"ui":"7881239","t":20941.0,"r":20363.0,"q":3.48,"p":25.0,"mot":"U","mo":20363.0},{"cn":"","ui":"","t":26718.0,"r":718.0,"q":2.14,"p":25.0,"mot":"L","mo":718.0}]},{"d":"16.10.2016","r":116487.0,"q":2.68,"p":18.32,"s":[{"ui":"7884164","t":38400.0,"r":38400.0,"q":1.7,"p":5.0,"mot":"L","mo":38400.0},{"ui":"7880184","t":14956.0,"r":14378.0,"q":2.78,"p":18.0,"mot":"U","mo":14378.0},{"ui":"7881239","t":57337.0,"r":56771.0,"q":2.99,"p":23.5,"mot":"U","mo":56771.0},{"cn":"","ui":"","t":11339.0,"r":6938.0,"q":5.36,"p":50.34,"mot":"L","mo":6938.0}]},{"d":"17.10.2016","r":309929.0,"q":3.23,"p":38.47,"s":[{"ui":"7885123","t":16157.0,"r":16157.0,"q":3.48,"p":99.5,"mot":"U","mo":16157.0},{"ui":"7886048","t":32822.0,"r":32822.0,"q":3.53,"p":30.0,"mot":"U","mo":32822.0},{"ui":"7887298","t":15586.0,"r":15586.0,"q":4.26,"p":64.8,"mot":"U","mo":15586.0},{"ui":"7880184","t":17252.0,"r":17252.0,"q":2.77,"p":18.0,"mot":"U","mo":17252.0},{"ui":"7883880","t":30440.0,"r":30440.0,"q":1.54,"p":124.75,"mot":"U","mo":30440.0},{"ui":"7885793","t":34044.0,"r":34044.0,"q":3.57,"p":19.0,"mot":"U","mo":34044.0},{"ui":"7881123","t":56895.0,"r":56895.0,"q":2.99,"p":25.0,"mot":"U","mo":56895.0},{"ui":"7886219","t":31609.0,"r":31509.0,"q":3.0,"p":15.0,"mot":"U","mo":31509.0},{"ui":"7885938","t":30484.0,"r":30334.0,"q":3.49,"p":27.0,"mot":"U","mo":30334.0},{"cn":"","ui":"","t":142169.0,"r":44890.0,"q":3.9,"p":19.01,"mot":"L","mo":44890.0}]},{"d":"18.10.2016","r":208489.0,"q":2.93,"p":84.01,"s":[{"ui":"7886048","t":46698.0,"r":46698.0,"q":3.02,"p":30.0,"mot":"U","mo":46698.0},{"ui":"7887298","t":22633.0,"r":22633.0,"q":3.5,"p":563.52,"mot":"U","mo":22633.0},{"ui":"7885938","t":40573.0,"r":40073.0,"q":2.87,"p":27.0,"mot":"U","mo":40073.0},{"ui":"7885793","t":53611.0,"r":50511.0,"q":3.02,"p":19.0,"mot":"U","mo":50511.0},{"ui":"7886219","t":37182.0,"r":36570.0,"q":2.48,"p":30.0,"mot":"U","mo":36570.0},{"cn":"","ui":"","t":79121.0,"r":12004.0,"q":2.76,"p":18.5,"mot":"L","mo":12004.0}]},{"d":"19.10.2016","r":194224.0,"q":2.76,"p":142.68,"s":[{"ui":"7886048","t":49003.0,"r":49003.0,"q":2.94,"p":500.0,"mot":"U","mo":49003.0},{"ui":"7885938","t":28954.0,"r":28454.0,"q":2.85,"p":27.0,"mot":"U","mo":28454.0},{"ui":"7885793","t":64334.0,"r":63456.0,"q":2.71,"p":19.0,"mot":"U","mo":63456.0},{"ui":"7886219","t":31255.0,"r":30943.0,"q":2.48,"p":25.0,"mot":"U","mo":30943.0},{"cn":"","ui":"","t":153923.0,"r":22368.0,"q":2.75,"p":20.65,"mot":"L","mo":22368.0}]},{"d":"20.10.2016","r":1000.0,"q":3.42,"p":30.0,"s":[{"ui":"7889845","t":44800.0,"r":44800.0,"q":3.42,"p":30.0,"mot":"L","mo":1000.0},{"cn":"","ui":"","t":0.0,"r":0.0,"q":0.0,"p":0.0,"mot":"L","mo":0.0}]},{"d":"21.10.2016","r":6550.0,"q":7.22,"p":99.02,"s":[{"ui":"7897397","t":6400.0,"r":6400.0,"q":7.27,"p":100.0,"mot":"U","mo":6400.0},{"cn":"","ui":"","t":150.0,"r":150.0,"q":4.96,"p":57.0,"mot":"L","mo":150.0}]},{"d":"22.10.2016","r":38164.0,"q":3.28,"p":175.95,"s":[{"ui":"7897397","t":6059.0,"r":5936.0,"q":7.27,"p":100.0,"mot":"U","mo":5936.0},{"ui":"7897754","t":32218.0,"r":32218.0,"q":2.55,"p":190.0,"mot":"U","mo":32218.0},{"cn":"","ui":"","t":14705.0,"r":10.0,"q":4.01,"p":10.0,"mot":"L","mo":10.0}]},{"d":"23.10.2016","r":38656.0,"q":2.93,"p":181.31,"s":[{"ui":"7897397","t":3968.0,"r":3845.0,"q":7.27,"p":100.0,"mot":"U","mo":3845.0},{"ui":"7897754","t":34601.0,"r":34601.0,"q":2.46,"p":190.0,"mot":"U","mo":34601.0},{"cn":"","ui":"","t":33536.0,"r":210.0,"q":1.4,"p":238.57,"mot":"L","mo":210.0}]},{"d":"24.10.2016","r":10864.0,"q":3.67,"p":24.22,"s":[{"ui":"7903847","t":11810.0,"r":10654.0,"q":3.71,"p":20.0,"mot":"U","mo":10654.0},{"cn":"","ui":"","t":40434.0,"r":210.0,"q":1.4,"p":238.57,"mot":"L","mo":210.0}]},{"d":"25.10.2016","r":105345.0,"q":2.93,"p":32.29,"s":[{"ui":"7903847","t":70502.0,"r":63529.0,"q":2.96,"p":20.0,"mot":"U","mo":63529.0},{"ui":"7904233","t":42182.0,"r":41616.0,"q":2.88,"p":50.0,"mot":"U","mo":41616.0},{"cn":"","ui":"","t":4700.0,"r":200.0,"q":1.35,"p":250.0,"mot":"L","mo":200.0}]},{"d":"26.10.2016","r":108174.0,"q":2.92,"p":21.29,"s":[{"ui":"7903847","t":49311.0,"r":36673.0,"q":2.95,"p":20.0,"mot":"U","mo":36673.0},{"ui":"7904233","t":72079.0,"r":71501.0,"q":2.9,"p":21.95,"mot":"U","mo":71501.0},{"cn":"","ui":"","t":0.0,"r":0.0,"q":0.0,"p":0.0,"mot":"L","mo":0.0}]},{"d":"29.10.2016","r":58493.0,"q":3.5,"p":17.98,"s":[{"ui":"7911426","t":27573.0,"r":27573.0,"q":3.08,"p":15.0,"mot":"U","mo":27573.0},{"ui":"7911420","t":15359.0,"r":13045.0,"q":4.24,"p":22.0,"mot":"L","mo":10000.0},{"ui":"7911434","t":21556.0,"r":20920.0,"q":3.71,"p":20.0,"mot":"U","mo":20920.0},{"cn":"","ui":"","t":0.0,"r":0.0,"q":0.0,"p":0.0,"mot":"L","mo":0.0}]},{"d":"30.10.2016","r":38623.0,"q":4.01,"p":41.9,"s":[{"ui":"7911426","t":5628.0,"r":4128.0,"q":1.2,"p":19.0,"mot":"U","mo":4128.0},{"ui":"7911420","t":35332.0,"r":31858.0,"q":6.05,"p":105.0,"mot":"L","mo":10000.0},{"ui":"7911434","t":25131.0,"r":24495.0,"q":3.65,"p":20.0,"mot":"U","mo":24495.0},{"cn":"","ui":"","t":0.0,"r":0.0,"q":0.0,"p":0.0,"mot":"L","mo":0.0}]},{"d":"31.10.2016","r":26070.0,"q":5.74,"p":53.4,"s":[{"ui":"7913955","t":8476.0,"r":7476.0,"q":4.98,"p":37.0,"mot":"U","mo":7476.0},{"ui":"7911420","t":41746.0,"r":18594.0,"q":6.04,"p":60.0,"mot":"L","mo":18594.0},{"cn":"","ui":"","t":0.0,"r":0.0,"q":0.0,"p":0.0,"mot":"L","mo":0.0}]},{"d":"01.11.2016","r":17766.0,"q":4.4,"p":50.0,"s":[{"ui":"7913955","t":23065.0,"r":17766.0,"q":4.4,"p":50.0,"mot":"U","mo":17766.0},{"cn":"","ui":"","t":0.0,"r":0.0,"q":0.0,"p":0.0,"mot":"L","mo":0.0}]},{"d":"02.11.2016","r":27086.0,"q":4.29,"p":50.0,"s":[{"ui":"7913955","t":27086.0,"r":27086.0,"q":4.29,"p":50.0,"mot":"U","mo":27086.0},{"cn":"","ui":"","t":0.0,"r":0.0,"q":0.0,"p":0.0,"mot":"L","mo":0.0}]},{"d":"04.11.2016","r":4098.0,"q":2.09,"p":10.0,"s":[{"ui":"7919898","t":6098.0,"r":4098.0,"q":2.09,"p":10.0,"mot":"U","mo":4098.0},{"cn":"","ui":"","t":0.0,"r":0.0,"q":0.0,"p":0.0,"mot":"L","mo":0.0}]},{"d":"05.11.2016","r":79911.0,"q":3.96,"p":25.97,"s":[{"ui":"7921796","t":116509.0,"r":114009.0,"q":2.93,"p":20.0,"mot":"L","mo":30000.0},{"ui":"7918299","t":53378.0,"r":48828.0,"q":4.63,"p":30.0,"mot":"U","mo":48828.0},{"cn":"","ui":"","t":1083.0,"r":1083.0,"q":1.94,"p":10.0,"mot":"L","mo":1083.0}]},{"d":"07.11.2016","r":289194.0,"q":3.18,"p":98.62,"s":[{"ui":"7921122","t":285694.0,"r":284194.0,"q":3.18,"p":100.0,"mot":"U","mo":284194.0},{"cn":"","ui":"","t":27504.0,"r":5000.0,"q":2.91,"p":20.0,"mot":"L","mo":5000.0}]},{"d":"08.11.2016","r":18370.0,"q":6.95,"p":100.0,"s":[{"ui":"7926094","t":18970.0,"r":18370.0,"q":6.95,"p":100.0,"mot":"U","mo":18370.0},{"cn":"","ui":"","t":0.0,"r":0.0,"q":0.0,"p":0.0,"mot":"L","mo":0.0}]},{"d":"09.11.2016","r":727.0,"q":6.41,"p":100.0,"s":[{"ui":"7926094","t":1327.0,"r":727.0,"q":6.41,"p":100.0,"mot":"U","mo":727.0},{"cn":"","ui":"","t":0.0,"r":0.0,"q":0.0,"p":0.0,"mot":"L","mo":0.0}]},{"d":"10.11.2016","r":5952.0,"q":5.6,"p":100.0,"s":[{"ui":"7926094","t":6552.0,"r":5952.0,"q":5.6,"p":100.0,"mot":"U","mo":5952.0},{"cn":"","ui":"","t":0.0,"r":0.0,"q":0.0,"p":0.0,"mot":"L","mo":0.0}]},{"d":"11.11.2016","r":10624.0,"q":5.41,"p":250.0,"s":[{"ui":"7930984","t":10624.0,"r":10624.0,"q":5.41,"p":250.0,"mot":"U","mo":10624.0},{"cn":"","ui":"","t":0.0,"r":0.0,"q":0.0,"p":0.0,"mot":"L","mo":0.0}]},{"d":"12.11.2016","r":63307.0,"q":3.79,"p":242.63,"s":[{"ui":"7931312","t":46650.0,"r":46650.0,"q":3.54,"p":240.0,"mot":"U","mo":46650.0},{"ui":"7930984","t":16657.0,"r":16657.0,"q":4.48,"p":250.0,"mot":"U","mo":16657.0},{"cn":"","ui":"","t":0.0,"r":0.0,"q":0.0,"p":0.0,"mot":"L","mo":0.0}]},{"d":"15.11.2016","r":101971.0,"q":2.86,"p":40.12,"s":[{"ui":"7935274","t":102023.0,"r":101171.0,"q":2.85,"p":40.0,"mot":"U","mo":101171.0},{"cn":"","ui":"","t":10791.0,"r":800.0,"q":4.43,"p":55.0,"mot":"L","mo":800.0}]},{"d":"16.11.2016","r":800.0,"q":2.88,"p":55.0,"s":[{"ui":"7936437","t":37447.0,"r":36869.0,"q":2.88,"p":55.0,"mot":"L","mo":800.0},{"cn":"","ui":"","t":0.0,"r":0.0,"q":0.0,"p":0.0,"mot":"L","mo":0.0}]},{"d":"17.11.2016","r":52581.0,"q":1.22,"p":8.72,"s":[{"ui":"7936677","t":52081.0,"r":51781.0,"q":1.2,"p":8.0,"mot":"U","mo":51781.0},{"cn":"","ui":"","t":61430.0,"r":800.0,"q":2.33,"p":55.0,"mot":"L","mo":800.0}]},{"d":"18.11.2016","r":42.0,"q":7.27,"p":20.0,"s":[{"ui":"7939163","t":331.0,"r":42.0,"q":7.27,"p":20.0,"mot":"L","mo":42.0},{"cn":"","ui":"","t":0.0,"r":0.0,"q":0.0,"p":0.0,"mot":"L","mo":0.0}]},{"d":"19.11.2016","r":1000.0,"q":2.91,"p":20.0,"s":[{"ui":"7939163","t":20475.0,"r":20055.0,"q":2.91,"p":20.0,"mot":"L","mo":1000.0},{"cn":"","ui":"","t":0.0,"r":0.0,"q":0.0,"p":0.0,"mot":"L","mo":0.0}]},{"d":"20.11.2016","r":1000.0,"q":2.91,"p":20.0,"s":[{"ui":"7939163","t":9908.0,"r":9319.0,"q":2.91,"p":20.0,"mot":"L","mo":1000.0},{"cn":"","ui":"","t":0.0,"r":0.0,"q":0.0,"p":0.0,"mot":"L","mo":0.0}]},{"d":"21.11.2016","r":3000.0,"q":3.98,"p":35.0,"s":[{"ui":"7944048","t":22772.0,"r":22627.0,"q":3.98,"p":35.0,"mot":"L","mo":3000.0},{"cn":"","ui":"","t":0.0,"r":0.0,"q":0.0,"p":0.0,"mot":"L","mo":0.0}]},{"d":"22.11.2016","r":3004.0,"q":3.34,"p":35.02,"s":[{"ui":"7944048","t":35105.0,"r":34382.0,"q":3.34,"p":35.0,"mot":"L","mo":3000.0},{"cn":"","ui":"","t":20208.0,"r":4.0,"q":5.69,"p":52.0,"mot":"L","mo":4.0}]},{"d":"23.11.2016","r":3000.0,"q":3.34,"p":35.0,"s":[{"ui":"7944048","t":31625.0,"r":31480.0,"q":3.34,"p":35.0,"mot":"L","mo":3000.0},{"cn":"","ui":"","t":0.0,"r":0.0,"q":0.0,"p":0.0,"mot":"L","mo":0.0}]},{"d":"24.11.2016","r":35018.0,"q":4.28,"p":44.53,"s":[{"ui":"7946416","t":9516.0,"r":9516.0,"q":5.74,"p":1.0,"mot":"U","mo":9516.0},{"ui":"7947419","t":28786.0,"r":28786.0,"q":3.73,"p":60.0,"mot":"L","mo":25000.0},{"cn":"","ui":"","t":74703.0,"r":502.0,"q":3.74,"p":99.12,"mot":"L","mo":502.0}]},{"d":"25.11.2016","r":48945.0,"q":3.54,"p":4.36,"s":[{"ui":"7949604","t":11884.0,"r":11884.0,"q":5.25,"p":14.0,"mot":"U","mo":11884.0},{"ui":"7946416","t":36362.0,"r":36362.0,"q":2.94,"p":1.0,"mot":"U","mo":36362.0},{"cn":"","ui":"","t":1625.0,"r":699.0,"q":5.68,"p":15.0,"mot":"L","mo":699.0}]},{"d":"26.11.2016","r":33815.0,"q":2.23,"p":391.33,"s":[{"ui":"7949604","t":7827.0,"r":7677.0,"q":2.54,"p":43.0,"mot":"U","mo":7677.0},{"ui":"7949491","t":17513.0,"r":17513.0,"q":1.2,"p":720.5,"mot":"U","mo":17513.0},{"ui":"7949165","t":4915.0,"r":4186.0,"q":2.73,"p":15.0,"mot":"U","mo":4186.0},{"ui":"7950066","t":4439.0,"r":4439.0,"q":5.25,"p":50.0,"mot":"L","mo":4439.0},{"cn":"","ui":"","t":0.0,"r":0.0,"q":0.0,"p":0.0,"mot":"L","mo":0.0}]},{"d":"27.11.2016","r":64525.0,"q":2.89,"p":65.96,"s":[{"ui":"7949604","t":7518.0,"r":7518.0,"q":2.54,"p":43.0,"mot":"U","mo":7518.0},{"ui":"7949491","t":18895.0,"r":18895.0,"q":1.2,"p":135.0,"mot":"U","mo":18895.0},{"ui":"7949485","t":26079.0,"r":26079.0,"q":3.95,"p":40.0,"mot":"U","mo":26079.0},{"ui":"7949165","t":7742.0,"r":7513.0,"q":2.44,"p":15.0,"mot":"U","mo":7513.0},{"ui":"7950066","t":4520.0,"r":4520.0,"q":5.18,"p":50.0,"mot":"L","mo":4520.0},{"cn":"","ui":"","t":0.0,"r":0.0,"q":0.0,"p":0.0,"mot":"L","mo":0.0}]},{"d":"28.11.2016","r":22338.0,"q":4.2,"p":58.24,"s":[{"ui":"7952345","t":5438.0,"r":1124.0,"q":3.02,"p":25.0,"mot":"L","mo":1124.0},{"ui":"7952883","t":21214.0,"r":21214.0,"q":4.26,"p":60.0,"mot":"U","mo":21214.0},{"cn":"","ui":"","t":0.0,"r":0.0,"q":0.0,"p":0.0,"mot":"L","mo":0.0}]},{"d":"29.11.2016","r":53623.0,"q":3.17,"p":61.81,"s":[{"ui":"7954297","t":7453.0,"r":6453.0,"q":1.63,"p":75.0,"mot":"U","mo":6453.0},{"ui":"7952883","t":47850.0,"r":47170.0,"q":3.38,"p":60.0,"mot":"U","mo":47170.0},{"cn":"","ui":"","t":0.0,"r":0.0,"q":0.0,"p":0.0,"mot":"L","mo":0.0}]},{"d":"30.11.2016","r":169780.0,"q":2.86,"p":29.56,"s":[{"ui":"7954436","t":83777.0,"r":82627.0,"q":2.52,"p":8.0,"mot":"U","mo":82627.0},{"ui":"7952883","t":89053.0,"r":87153.0,"q":3.18,"p":50.0,"mot":"U","mo":87153.0},{"cn":"","ui":"","t":0.0,"r":0.0,"q":0.0,"p":0.0,"mot":"L","mo":0.0}]},{"d":"01.12.2016","r":122268.0,"q":2.73,"p":9.46,"s":[{"ui":"7954436","t":122368.0,"r":121268.0,"q":2.71,"p":9.5,"mot":"U","mo":121268.0},{"cn":"","ui":"","t":10104.0,"r":1000.0,"q":5.69,"p":5.0,"mot":"L","mo":1000.0}]},{"d":"02.12.2016","r":17192.0,"q":4.31,"p":6.5,"s":[{"ui":"7957177","t":13837.0,"r":13337.0,"q":2.46,"p":4.5,"mot":"L","mo":6500.0},{"ui":"7957592","t":9692.0,"r":9692.0,"q":5.69,"p":8.0,"mot":"U","mo":9692.0},{"ui":"7956469","t":28013.0,"r":27013.0,"q":2.89,"p":5.0,"mot":"L","mo":1000.0},{"cn":"","ui":"","t":0.0,"r":0.0,"q":0.0,"p":0.0,"mot":"L","mo":0.0}]},{"d":"03.12.2016","r":31648.0,"q":3.17,"p":12.06,"s":[{"ui":"7957177","t":393947.0,"r":393847.0,"q":2.93,"p":7.0,"mot":"L","mo":15000.0},{"ui":"7957638","t":15148.0,"r":14648.0,"q":3.51,"p":17.96,"mot":"U","mo":14648.0},{"cn":"","ui":"","t":70829.0,"r":2000.0,"q":2.44,"p":6.75,"mot":"L","mo":2000.0}]},{"d":"04.12.2016","r":17869.0,"q":2.94,"p":15.66,"s":[{"ui":"7957638","t":8960.0,"r":8460.0,"q":3.13,"p":17.96,"mot":"U","mo":8460.0},{"ui":"7959731","t":12409.0,"r":9409.0,"q":2.77,"p":13.6,"mot":"U","mo":9409.0},{"cn":"","ui":"","t":0.0,"r":0.0,"q":0.0,"p":0.0,"mot":"L","mo":0.0}]},{"d":"05.12.2016","r":106513.0,"q":3.27,"p":57.63,"s":[{"ui":"7960612","t":29282.0,"r":29282.0,"q":3.09,"p":25.0,"mot":"U","mo":29282.0},{"ui":"7960844","t":6691.0,"r":5661.0,"q":1.53,"p":250.0,"mot":"U","mo":5661.0},{"ui":"7960724","t":35963.0,"r":35963.0,"q":3.71,"p":86.21,"mot":"U","mo":35963.0},{"ui":"7960716","t":35607.0,"r":35607.0,"q":3.26,"p":25.0,"mot":"U","mo":35607.0},{"cn":"","ui":"","t":0.0,"r":0.0,"q":0.0,"p":0.0,"mot":"L","mo":0.0}]},{"d":"08.12.2016","r":699.0,"q":2.33,"p":5.0,"s":[{"ui":"7963412","t":48799.0,"r":699.0,"q":2.33,"p":5.0,"mot":"U","mo":699.0},{"cn":"","ui":"","t":0.0,"r":0.0,"q":0.0,"p":0.0,"mot":"L","mo":0.0}]},{"d":"09.12.2016","r":79524.0,"q":3.39,"p":78.21,"s":[{"ui":"7966539","t":17917.0,"r":17917.0,"q":4.23,"p":69.0,"mot":"U","mo":17917.0},{"ui":"7966127","t":9695.0,"r":9695.0,"q":5.33,"p":100.0,"mot":"U","mo":9695.0},{"ui":"7966746","t":6939.0,"r":6939.0,"q":6.8,"p":222.0,"mot":"U","mo":6939.0},{"ui":"7965899","t":44973.0,"r":44973.0,"q":2.11,"p":55.0,"mot":"U","mo":44973.0},{"cn":"","ui":"","t":0.0,"r":0.0,"q":0.0,"p":0.0,"mot":"L","mo":0.0}]},{"d":"10.12.2016","r":43678.0,"q":4.42,"p":72.71,"s":[{"ui":"7964856","t":25319.0,"r":24819.0,"q":3.69,"p":10.0,"mot":"U","mo":24819.0},{"ui":"7966127","t":10319.0,"r":10319.0,"q":5.08,"p":100.0,"mot":"U","mo":10319.0},{"ui":"7966746","t":8540.0,"r":8540.0,"q":5.75,"p":222.0,"mot":"U","mo":8540.0},{"cn":"","ui":"","t":0.0,"r":0.0,"q":0.0,"p":0.0,"mot":"L","mo":0.0}]},{"d":"11.12.2016","r":10000.0,"q":3.81,"p":5.0,"s":[{"ui":"7968654","t":16095.0,"r":13995.0,"q":3.81,"p":5.0,"mot":"L","mo":10000.0},{"cn":"","ui":"","t":0.0,"r":0.0,"q":0.0,"p":0.0,"mot":"L","mo":0.0}]},{"d":"12.12.2016","r":8944.0,"q":3.02,"p":37.2,"s":[{"ui":"7970378","t":21937.0,"r":21537.0,"q":3.74,"p":50.0,"mot":"L","mo":6400.0},{"ui":"7968654","t":2544.0,"r":2544.0,"q":1.2,"p":5.0,"mot":"L","mo":2544.0},{"cn":"","ui":"","t":0.0,"r":0.0,"q":0.0,"p":0.0,"mot":"L","mo":0.0}]},{"d":"13.12.2016","r":236235.0,"q":2.93,"p":10.92,"s":[{"ui":"7971178","t":221401.0,"r":218587.0,"q":2.97,"p":10.0,"mot":"U","mo":218587.0},{"cn":"","ui":"","t":114497.0,"r":17648.0,"q":2.39,"p":22.26,"mot":"L","mo":17648.0}]},{"d":"14.12.2016","r":125246.0,"q":2.97,"p":13.69,"s":[{"ui":"7971533","t":36185.0,"r":34185.0,"q":3.04,"p":12.0,"mot":"U","mo":34185.0},{"ui":"7970378","t":74735.0,"r":74335.0,"q":2.78,"p":50.0,"mot":"L","mo":6400.0},{"ui":"7971653","t":75095.0,"r":63095.0,"q":2.95,"p":11.0,"mot":"U","mo":63095.0},{"ui":"7972452","t":13324.0,"r":11566.0,"q":2.98,"p":13.0,"mot":"U","mo":11566.0},{"ui":"7971476","t":29861.0,"r":26861.0,"q":2.99,"p":14.0,"mot":"L","mo":10000.0},{"cn":"","ui":"","t":0.0,"r":0.0,"q":0.0,"p":0.0,"mot":"L","mo":0.0}]},{"d":"15.12.2016","r":315466.0,"q":2.95,"p":9.53,"s":[{"ui":"7971533","t":28189.0,"r":25689.0,"q":2.97,"p":12.0,"mot":"U","mo":25689.0},{"ui":"7971653","t":282290.0,"r":255290.0,"q":2.95,"p":9.0,"mot":"U","mo":255290.0},{"cn":"","ui":"","t":76488.0,"r":34487.0,"q":2.97,"p":11.58,"mot":"L","mo":34487.0}]},{"d":"16.12.2016","r":20258.0,"q":3.0,"p":20.0,"s":[{"ui":"7975574","t":21258.0,"r":20258.0,"q":3.0,"p":20.0,"mot":"U","mo":20258.0},{"cn":"","ui":"","t":0.0,"r":0.0,"q":0.0,"p":0.0,"mot":"L","mo":0.0}]},{"d":"17.12.2016","r":1000.0,"q":5.83,"p":10.0,"s":[{"ui":"7978414","t":9142.0,"r":9142.0,"q":5.83,"p":10.0,"mot":"L","mo":1000.0},{"cn":"","ui":"","t":0.0,"r":0.0,"q":0.0,"p":0.0,"mot":"L","mo":0.0}]},{"d":"18.12.2016","r":42205.0,"q":2.93,"p":50.0,"s":[{"ui":"7975574","t":42205.0,"r":42205.0,"q":2.93,"p":50.0,"mot":"U","mo":42205.0},{"cn":"","ui":"","t":0.0,"r":0.0,"q":0.0,"p":0.0,"mot":"L","mo":0.0}]},{"d":"20.12.2016","r":51825.0,"q":3.72,"p":5.46,"s":[{"ui":"7981829","t":40444.0,"r":39869.0,"q":3.25,"p":5.0,"mot":"U","mo":39869.0},{"ui":"7983520","t":11956.0,"r":11956.0,"q":5.27,"p":7.0,"mot":"U","mo":11956.0},{"cn":"","ui":"","t":0.0,"r":0.0,"q":0.0,"p":0.0,"mot":"L","mo":0.0}]},{"d":"21.12.2016","r":57553.0,"q":3.02,"p":7.77,"s":[{"ui":"7984876","t":13242.0,"r":6842.0,"q":2.49,"p":10.0,"mot":"U","mo":6842.0},{"ui":"7984025","t":4511.0,"r":3911.0,"q":1.98,"p":12.0,"mot":"L","mo":3911.0},{"ui":"7983520","t":44800.0,"r":44800.0,"q":3.18,"p":7.0,"mot":"U","mo":44800.0},{"cn":"","ui":"","t":20385.0,"r":2000.0,"q":3.17,"p":9.0,"mot":"L","mo":2000.0}]},{"d":"22.12.2016","r":98948.0,"q":3.52,"p":9.9,"s":[{"ui":"7986001","t":10222.0,"r":9644.0,"q":5.08,"p":9.0,"mot":"U","mo":9644.0},{"ui":"7986014","t":11956.0,"r":11956.0,"q":5.27,"p":10.15,"mot":"U","mo":11956.0},{"ui":"7983420","t":76298.0,"r":75348.0,"q":3.08,"p":10.0,"mot":"U","mo":75348.0},{"cn":"","ui":"","t":25907.0,"r":2000.0,"q":2.36,"p":9.0,"mot":"L","mo":2000.0}]},{"d":"23.12.2016","r":75055.0,"q":2.91,"p":13.33,"s":[{"ui":"7986001","t":33045.0,"r":32467.0,"q":2.78,"p":9.0,"mot":"U","mo":32467.0},{"ui":"7986014","t":40588.0,"r":40588.0,"q":3.05,"p":17.0,"mot":"U","mo":40588.0},{"cn":"","ui":"","t":27277.0,"r":2000.0,"q":2.04,"p":9.0,"mot":"L","mo":2000.0}]},{"d":"24.12.2016","r":44048.0,"q":3.01,"p":29.01,"s":[{"ui":"7986001","t":6418.0,"r":3026.0,"q":2.11,"p":9.0,"mot":"U","mo":3026.0},{"ui":"7986014","t":35366.0,"r":32552.0,"q":2.97,"p":15.0,"mot":"U","mo":32552.0},{"ui":"7987898","t":16810.0,"r":16810.0,"q":3.51,"p":89.99,"mot":"L","mo":8470.0},{"cn":"","ui":"","t":0.0,"r":0.0,"q":0.0,"p":0.0,"mot":"L","mo":0.0}]},{"d":"25.12.2016","r":14388.0,"q":4.41,"p":89.15,"s":[{"ui":"7989929","t":10759.0,"r":10759.0,"q":5.42,"p":100.0,"mot":"U","mo":10759.0},{"ui":"7989512","t":16254.0,"r":13940.0,"q":1.41,"p":56.99,"mot":"L","mo":3629.0},{"cn":"","ui":"","t":0.0,"r":0.0,"q":0.0,"p":0.0,"mot":"L","mo":0.0}]},{"d":"26.12.2016","r":51208.0,"q":3.13,"p":34.02,"s":[{"ui":"7988455","t":41500.0,"r":41200.0,"q":2.65,"p":35.0,"mot":"U","mo":41200.0},{"ui":"7991323","t":10008.0,"r":10008.0,"q":5.11,"p":30.0,"mot":"U","mo":10008.0},{"cn":"","ui":"","t":0.0,"r":0.0,"q":0.0,"p":0.0,"mot":"L","mo":0.0}]},{"d":"27.12.2016","r":148496.0,"q":3.19,"p":16.68,"s":[{"ui":"7992392","t":13891.0,"r":12641.0,"q":3.45,"p":4.0,"mot":"U","mo":12641.0},{"ui":"7989623","t":92698.0,"r":92698.0,"q":3.27,"p":18.0,"mot":"U","mo":92698.0},{"ui":"7991994","t":21209.0,"r":20631.0,"q":2.91,"p":4.0,"mot":"U","mo":20631.0},{"ui":"7991323","t":22526.0,"r":22526.0,"q":2.97,"p":30.0,"mot":"U","mo":22526.0},{"cn":"","ui":"","t":0.0,"r":0.0,"q":0.0,"p":0.0,"mot":"L","mo":0.0}]},{"d":"28.12.2016","r":20195.0,"q":3.47,"p":143.44,"s":[{"ui":"7993401","t":19887.0,"r":19287.0,"q":3.51,"p":150.0,"mot":"U","mo":19287.0},{"cn":"","ui":"","t":3486.0,"r":908.0,"q":2.51,"p":4.0,"mot":"L","mo":908.0}]},{"d":"29.12.2016","r":103431.0,"q":2.92,"p":48.65,"s":[{"ui":"7992392","t":16586.0,"r":16586.0,"q":2.64,"p":4.0,"mot":"U","mo":16586.0},{"ui":"7994192","t":25332.0,"r":25332.0,"q":2.73,"p":100.0,"mot":"L","mo":6400.0},{"ui":"7994668","t":58037.0,"r":56037.0,"q":3.1,"p":14.0,"mot":"U","mo":56037.0},{"ui":"7993401","t":23008.0,"r":22408.0,"q":2.58,"p":150.0,"mot":"U","mo":22408.0},{"cn":"","ui":"","t":12720.0,"r":2000.0,"q":4.72,"p":89.9,"mot":"L","mo":2000.0}]},{"d":"30.12.2016","r":145640.0,"q":2.54,"p":51.67,"s":[{"ui":"7996120","t":14115.0,"r":14115.0,"q":4.66,"p":100.0,"mot":"U","mo":14115.0},{"ui":"7994668","t":105549.0,"r":101235.0,"q":2.26,"p":25.0,"mot":"U","mo":101235.0},{"ui":"7993401","t":18090.0,"r":17490.0,"q":2.4,"p":150.0,"mot":"U","mo":17490.0},{"cn":"","ui":"","t":77182.0,"r":12800.0,"q":2.58,"p":75.0,"mot":"L","mo":12800.0}]},{"d":"31.12.2016","r":194919.0,"q":2.47,"p":41.46,"s":[{"ui":"7996120","t":27714.0,"r":27714.0,"q":3.19,"p":100.0,"mot":"U","mo":27714.0},{"ui":"7994766","t":32100.0,"r":32100.0,"q":2.86,"p":49.9,"mot":"U","mo":32100.0},{"ui":"7994668","t":131019.0,"r":126705.0,"q":2.26,"p":25.0,"mot":"U","mo":126705.0},{"cn":"","ui":"","t":133518.0,"r":8400.0,"q":1.81,"p":64.29,"mot":"L","mo":8400.0}]},{"d":"01.01.2017","r":52280.0,"q":3.23,"p":76.85,"s":[{"ui":"7998182","t":10992.0,"r":10992.0,"q":5.47,"p":19.0,"mot":"U","mo":10992.0},{"ui":"7996113","t":149769.0,"r":149769.0,"q":1.86,"p":50.0,"mot":"L","mo":6400.0},{"ui":"7996120","t":34888.0,"r":34888.0,"q":2.78,"p":100.0,"mot":"U","mo":34888.0},{"cn":"","ui":"","t":0.0,"r":0.0,"q":0.0,"p":0.0,"mot":"L","mo":0.0}]},{"d":"02.01.2017","r":71334.0,"q":3.12,"p":17.51,"s":[{"ui":"7998182","t":44800.0,"r":44800.0,"q":3.25,"p":19.0,"mot":"U","mo":44800.0},{"ui":"7997474","t":26534.0,"r":26534.0,"q":2.9,"p":15.0,"mot":"U","mo":26534.0},{"cn":"","ui":"","t":0.0,"r":0.0,"q":0.0,"p":0.0,"mot":"L","mo":0.0}]},{"d":"03.01.2017","r":85440.0,"q":3.16,"p":16.36,"s":[{"ui":"7998182","t":35800.0,"r":34800.0,"q":3.25,"p":19.0,"mot":"U","mo":34800.0},{"ui":"7997474","t":46009.0,"r":46009.0,"q":2.81,"p":15.0,"mot":"U","mo":46009.0},{"ui":"8000117","t":5631.0,"r":4631.0,"q":5.94,"p":10.0,"mot":"U","mo":4631.0},{"cn":"","ui":"","t":0.0,"r":0.0,"q":0.0,"p":0.0,"mot":"L","mo":0.0}]},{"d":"04.01.2017","r":6454.0,"q":5.47,"p":10.39,"s":[{"ui":"8000410","t":121389.0,"r":120389.0,"q":2.89,"p":15.0,"mot":"L","mo":500.0},{"ui":"8000117","t":5954.0,"r":5954.0,"q":5.69,"p":10.0,"mot":"U","mo":5954.0},{"cn":"","ui":"","t":0.0,"r":0.0,"q":0.0,"p":0.0,"mot":"L","mo":0.0}]},{"d":"05.01.2017","r":17122.0,"q":4.19,"p":15.0,"s":[{"ui":"8002025","t":16622.0,"r":16622.0,"q":4.23,"p":15.0,"mot":"U","mo":16622.0},{"cn":"","ui":"","t":211966.0,"r":500.0,"q":2.74,"p":15.0,"mot":"L","mo":500.0}]},{"d":"06.01.2017","r":142028.0,"q":2.61,"p":13.58,"s":[{"ui":"8003075","t":116572.0,"r":114072.0,"q":2.4,"p":13.5,"mot":"U","mo":114072.0},{"ui":"8002025","t":24956.0,"r":24956.0,"q":3.27,"p":15.0,"mot":"U","mo":24956.0},{"cn":"","ui":"","t":8956.0,"r":3000.0,"q":4.92,"p":5.0,"mot":"L","mo":3000.0}]},{"d":"07.01.2017","r":254276.0,"q":2.95,"p":12.62,"s":[{"ui":"8003075","t":184255.0,"r":166755.0,"q":2.93,"p":10.0,"mot":"U","mo":166755.0},{"ui":"8003189","t":52499.0,"r":51899.0,"q":3.14,"p":20.0,"mot":"U","mo":51899.0},{"ui":"8002025","t":32622.0,"r":32622.0,"q":2.82,"p":15.0,"mot":"U","mo":32622.0},{"cn":"","ui":"","t":12517.0,"r":3000.0,"q":2.45,"p":5.0,"mot":"L","mo":3000.0}]},{"d":"08.01.2017","r":116404.0,"q":3.22,"p":15.82,"s":[{"ui":"8003075","t":71287.0,"r":48687.0,"q":3.57,"p":10.0,"mot":"U","mo":48687.0},{"ui":"8003189","t":67717.0,"r":67717.0,"q":2.96,"p":20.0,"mot":"U","mo":67717.0},{"cn":"","ui":"","t":0.0,"r":0.0,"q":0.0,"p":0.0,"mot":"L","mo":0.0}]},{"d":"09.01.2017","r":131995.0,"q":2.74,"p":37.93,"s":[{"ui":"8006892","t":21213.0,"r":21213.0,"q":4.26,"p":1.0,"mot":"U","mo":21213.0},{"ui":"8006377","t":110782.0,"r":110782.0,"q":2.45,"p":45.0,"mot":"U","mo":110782.0},{"cn":"","ui":"","t":0.0,"r":0.0,"q":0.0,"p":0.0,"mot":"L","mo":0.0}]},{"d":"10.01.2017","r":100812.0,"q":2.45,"p":45.0,"s":[{"ui":"8006377","t":100812.0,"r":100812.0,"q":2.45,"p":45.0,"mot":"U","mo":100812.0},{"cn":"","ui":"","t":0.0,"r":0.0,"q":0.0,"p":0.0,"mot":"L","mo":0.0}]},{"d":"11.01.2017","r":162411.0,"q":2.56,"p":11.0,"s":[{"ui":"8008307","t":168211.0,"r":162411.0,"q":2.56,"p":11.0,"mot":"U","mo":162411.0},{"cn":"","ui":"","t":0.0,"r":0.0,"q":0.0,"p":0.0,"mot":"L","mo":0.0}]},{"d":"12.01.2017","r":177800.0,"q":2.7,"p":10.97,"s":[{"ui":"8011058","t":10167.0,"r":9589.0,"q":5.07,"p":10.5,"mot":"U","mo":9589.0},{"ui":"8008307","t":168211.0,"r":168211.0,"q":2.56,"p":11.0,"mot":"U","mo":168211.0},{"cn":"","ui":"","t":0.0,"r":0.0,"q":0.0,"p":0.0,"mot":"L","mo":0.0}]},{"d":"13.01.2017","r":232641.0,"q":2.92,"p":12.52,"s":[{"ui":"8011623","t":26999.0,"r":26999.0,"q":2.5,"p":30.0,"mot":"U","mo":26999.0},{"ui":"8011058","t":14492.0,"r":12187.0,"q":2.71,"p":10.75,"mot":"U","mo":12187.0},{"ui":"8011903","t":176506.0,"r":174192.0,"q":2.98,"p":8.0,"mot":"U","mo":174192.0},{"ui":"8011617","t":21543.0,"r":19263.0,"q":3.1,"p":30.0,"mot":"U","mo":19263.0},{"cn":"","ui":"","t":0.0,"r":0.0,"q":0.0,"p":0.0,"mot":"L","mo":0.0}]},{"d":"14.01.2017","r":109274.0,"q":3.09,"p":9.61,"s":[{"ui":"8011058","t":37374.0,"r":35069.0,"q":2.61,"p":10.75,"mot":"U","mo":35069.0},{"ui":"8013340","t":89728.0,"r":88428.0,"q":3.16,"p":9.0,"mot":"L","mo":50000.0},{"ui":"8013078","t":23316.0,"r":23306.0,"q":3.64,"p":9.0,"mot":"U","mo":23306.0},{"cn":"","ui":"","t":6699.0,"r":899.0,"q":3.14,"p":15.0,"mot":"L","mo":899.0}]},{"d":"15.01.2017","r":380342.0,"q":3.11,"p":13.09,"s":[{"ui":"8011623","t":36800.0,"r":36800.0,"q":2.38,"p":30.0,"mot":"U","mo":36800.0},{"ui":"8015012","t":206312.0,"r":206312.0,"q":3.01,"p":9.5,"mot":"U","mo":206312.0},{"ui":"8014177","t":57948.0,"r":56148.0,"q":3.31,"p":15.0,"mot":"U","mo":56148.0},{"ui":"8011617","t":38050.0,"r":32274.0,"q":2.95,"p":15.0,"mot":"U","mo":32274.0},{"ui":"8014898","t":28570.0,"r":28445.0,"q":3.74,"p":10.0,"mot":"U","mo":28445.0},{"ui":"8015318","t":19363.0,"r":19363.0,"q":4.38,"p":15.0,"mot":"U","mo":19363.0},{"cn":"","ui":"","t":38774.0,"r":1000.0,"q":3.62,"p":15.0,"mot":"L","mo":1000.0}]},{"d":"16.01.2017","r":583039.0,"q":3.04,"p":11.25,"s":[{"ui":"8015012","t":343814.0,"r":343814.0,"q":2.94,"p":9.5,"mot":"U","mo":343814.0},{"ui":"8014177","t":65052.0,"r":63252.0,"q":3.22,"p":15.0,"mot":"U","mo":63252.0},{"ui":"8015214","t":69445.0,"r":68867.0,"q":3.22,"p":10.0,"mot":"U","mo":68867.0},{"ui":"8014898","t":40580.0,"r":40455.0,"q":3.0,"p":19.99,"mot":"U","mo":40455.0},{"ui":"8015318","t":51739.0,"r":51738.0,"q":3.02,"p":15.0,"mot":"U","mo":51738.0},{"cn":"","ui":"","t":22069.0,"r":14913.0,"q":3.95,"p":4.55,"mot":"L","mo":14913.0}]},{"d":"17.01.2017","r":127855.0,"q":2.83,"p":15.41,"s":[{"ui":"8014898","t":41882.0,"r":41882.0,"q":2.95,"p":19.99,"mot":"U","mo":41882.0},{"ui":"8017074","t":17200.0,"r":14900.0,"q":3.14,"p":4.5,"mot":"U","mo":14900.0},{"ui":"8015318","t":71074.0,"r":71073.0,"q":2.69,"p":15.0,"mot":"U","mo":71073.0},{"cn":"","ui":"","t":0.0,"r":0.0,"q":0.0,"p":0.0,"mot":"L","mo":0.0}]},{"d":"18.01.2017","r":100431.0,"q":3.06,"p":27.5,"s":[{"ui":"8018254","t":8099.0,"r":8099.0,"q":3.32,"p":50.0,"mot":"U","mo":8099.0},{"ui":"8017171","t":10762.0,"r":10762.0,"q":1.2,"p":4.0,"mot":"U","mo":10762.0},{"ui":"8018174","t":29600.0,"r":29600.0,"q":3.52,"p":25.5,"mot":"U","mo":29600.0},{"ui":"8015998","t":52570.0,"r":51970.0,"q":3.15,"p":30.0,"mot":"U","mo":51970.0},{"cn":"","ui":"","t":0.0,"r":0.0,"q":0.0,"p":0.0,"mot":"L","mo":0.0}]},{"d":"19.01.2017","r":49875.0,"q":3.41,"p":36.27,"s":[{"ui":"8018254","t":22818.0,"r":22818.0,"q":3.62,"p":20.0,"mot":"U","mo":22818.0},{"ui":"8019114","t":27635.0,"r":27057.0,"q":3.24,"p":50.0,"mot":"U","mo":27057.0},{"cn":"","ui":"","t":0.0,"r":0.0,"q":0.0,"p":0.0,"mot":"L","mo":0.0}]},{"d":"20.01.2017","r":119161.0,"q":3.07,"p":43.18,"s":[{"ui":"8018254","t":35884.0,"r":35884.0,"q":4.13,"p":20.0,"mot":"U","mo":35884.0},{"ui":"8019311","t":54671.0,"r":53851.0,"q":2.63,"p":60.0,"mot":"U","mo":53851.0},{"ui":"8019114","t":18790.0,"r":18212.0,"q":3.17,"p":50.0,"mot":"U","mo":18212.0},{"ui":"8018174","t":11212.0,"r":11212.0,"q":1.68,"p":25.5,"mot":"U","mo":11212.0},{"cn":"","ui":"","t":9502.0,"r":2.0,"q":5.29,"p":15.0,"mot":"L","mo":2.0}]},{"d":"21.01.2017","r":227825.0,"q":2.86,"p":25.98,"s":[{"ui":"8020563","t":144435.0,"r":140569.0,"q":2.95,"p":11.0,"mot":"U","mo":140569.0},{"ui":"8019311","t":58862.0,"r":58862.0,"q":2.57,"p":60.0,"mot":"U","mo":58862.0},{"ui":"8019114","t":11854.0,"r":11854.0,"q":3.17,"p":50.0,"mot":"U","mo":11854.0},{"ui":"8021657","t":17538.0,"r":16538.0,"q":2.96,"p":15.0,"mot":"U","mo":16538.0},{"cn":"","ui":"","t":33939.0,"r":2.0,"q":2.35,"p":15.0,"mot":"L","mo":2.0}]},{"d":"22.01.2017","r":294050.0,"q":2.97,"p":27.86,"s":[{"ui":"8023513","t":36774.0,"r":35774.0,"q":2.06,"p":150.0,"mot":"U","mo":35774.0},{"ui":"8020563","t":234945.0,"r":231079.0,"q":2.93,"p":11.0,"mot":"U","mo":231079.0},{"ui":"8023354","t":15377.0,"r":15377.0,"q":4.03,"p":10.0,"mot":"U","mo":15377.0},{"cn":"","ui":"","t":56618.0,"r":11820.0,"q":5.24,"p":11.0,"mot":"L","mo":11820.0}]},{"d":"23.01.2017","r":139924.0,"q":2.75,"p":48.3,"s":[{"ui":"8023513","t":36774.0,"r":36774.0,"q":2.06,"p":150.0,"mot":"U","mo":36774.0},{"ui":"8023354","t":43187.0,"r":43187.0,"q":2.8,"p":10.0,"mot":"U","mo":43187.0},{"ui":"8024261","t":43033.0,"r":43033.0,"q":3.15,"p":11.0,"mot":"U","mo":43033.0},{"ui":"8025193","t":19030.0,"r":16830.0,"q":3.1,"p":20.0,"mot":"U","mo":16830.0},{"cn":"","ui":"","t":17390.0,"r":100.0,"q":3.71,"p":3.8,"mot":"L","mo":100.0}]},{"d":"24.01.2017","r":215238.0,"q":2.89,"p":16.73,"s":[{"ui":"8026788","t":20023.0,"r":20023.0,"q":3.5,"p":36.0,"mot":"U","mo":20023.0},{"ui":"8023354","t":106530.0,"r":106130.0,"q":2.7,"p":10.0,"mot":"U","mo":106130.0},{"ui":"8024261","t":44800.0,"r":44800.0,"q":3.11,"p":11.0,"mot":"U","mo":44800.0},{"ui":"8025193","t":46499.0,"r":44185.0,"q":2.86,"p":30.0,"mot":"U","mo":44185.0},{"cn":"","ui":"","t":18204.0,"r":100.0,"q":3.5,"p":3.8,"mot":"L","mo":100.0}]},{"d":"25.01.2017","r":350682.0,"q":2.64,"p":10.11,"s":[{"ui":"8026788","t":311072.0,"r":311072.0,"q":2.58,"p":10.0,"mot":"U","mo":311072.0},{"ui":"8024261","t":39610.0,"r":39610.0,"q":3.11,"p":11.0,"mot":"U","mo":39610.0},{"cn":"","ui":"","t":0.0,"r":0.0,"q":0.0,"p":0.0,"mot":"L","mo":0.0}]},{"d":"26.01.2017","r":282443.0,"q":2.71,"p":15.77,"s":[{"ui":"8028839","t":54095.0,"r":54095.0,"q":2.72,"p":40.0,"mot":"U","mo":54095.0},{"ui":"8026788","t":247343.0,"r":220780.0,"q":2.7,"p":10.0,"mot":"U","mo":220780.0},{"cn":"","ui":"","t":104347.0,"r":7568.0,"q":2.97,"p":10.94,"mot":"L","mo":7568.0}]},{"d":"27.01.2017","r":78222.0,"q":2.5,"p":36.15,"s":[{"ui":"8028839","t":68222.0,"r":68222.0,"q":2.44,"p":40.0,"mot":"U","mo":68222.0},{"ui":"8027215","t":63596.0,"r":56596.0,"q":2.93,"p":9.9,"mot":"L","mo":10000.0},{"cn":"","ui":"","t":0.0,"r":0.0,"q":0.0,"p":0.0,"mot":"L","mo":0.0}]},{"d":"28.01.2017","r":41333.0,"q":3.42,"p":10.09,"s":[{"ui":"8031118","t":40333.0,"r":40333.0,"q":3.35,"p":9.5,"mot":"U","mo":40333.0},{"cn":"","ui":"","t":7939.0,"r":1000.0,"q":6.11,"p":34.0,"mot":"L","mo":1000.0}]},{"d":"29.01.2017","r":97360.0,"q":3.18,"p":22.11,"s":[{"ui":"8032797","t":25324.0,"r":25324.0,"q":3.81,"p":50.0,"mot":"U","mo":25324.0},{"ui":"8031118","t":57294.0,"r":54900.0,"q":2.8,"p":9.5,"mot":"U","mo":54900.0},{"ui":"8032548","t":17136.0,"r":16136.0,"q":3.39,"p":20.5,"mot":"U","mo":16136.0},{"cn":"","ui":"","t":9809.0,"r":1000.0,"q":4.78,"p":34.0,"mot":"L","mo":1000.0}]},{"d":"30.01.2017","r":44072.0,"q":3.03,"p":25.19,"s":[{"ui":"8033434","t":22200.0,"r":17200.0,"q":3.06,"p":12.0,"mot":"L","mo":5500.0},{"ui":"8032548","t":38072.0,"r":37072.0,"q":3.01,"p":20.5,"mot":"U","mo":37072.0},{"cn":"","ui":"","t":57338.0,"r":1500.0,"q":3.47,"p":189.33,"mot":"L","mo":1500.0}]},{"d":"31.01.2017","r":486547.0,"q":3.23,"p":27.19,"s":[{"ui":"8032797","t":52208.0,"r":52208.0,"q":3.37,"p":50.0,"mot":"U","mo":52208.0},{"ui":"8034443","t":113258.0,"r":113258.0,"q":3.15,"p":12.0,"mot":"U","mo":113258.0},{"ui":"8032548","t":57685.0,"r":56685.0,"q":2.93,"p":20.5,"mot":"U","mo":56685.0},{"ui":"8033877","t":262550.0,"r":260236.0,"q":3.31,"p":30.99,"mot":"U","mo":260236.0},{"cn":"","ui":"","t":4160.0,"r":4160.0,"q":2.19,"p":7.84,"mot":"L","mo":4160.0}]},{"d":"01.02.2017","r":980609.0,"q":3.15,"p":22.92,"s":[{"ui":"8034443","t":329261.0,"r":328695.0,"q":2.97,"p":12.0,"mot":"U","mo":328695.0},{"ui":"8033014","t":49916.0,"r":49916.0,"q":2.76,"p":11.75,"mot":"U","mo":49916.0},{"ui":"8033877","t":561830.0,"r":561254.0,"q":3.32,"p":30.99,"mot":"U","mo":561254.0},{"cn":"","ui":"","t":125469.0,"r":40744.0,"q":2.74,"p":13.54,"mot":"L","mo":40744.0}]},{"d":"02.02.2017","r":687801.0,"q":3.27,"p":20.49,"s":[{"ui":"8033877","t":653449.0,"r":653449.0,"q":3.31,"p":20.99,"mot":"U","mo":653449.0},{"cn":"","ui":"","t":93097.0,"r":34352.0,"q":2.51,"p":11.05,"mot":"L","mo":34352.0}]},{"d":"03.02.2017","r":56354.0,"q":3.44,"p":16.37,"s":[{"ui":"8037525","t":21212.0,"r":21212.0,"q":4.26,"p":10.0,"mot":"U","mo":21212.0},{"ui":"8035792","t":27392.0,"r":27392.0,"q":2.84,"p":10.0,"mot":"U","mo":27392.0},{"ui":"8037716","t":17255.0,"r":17255.0,"q":3.51,"p":61.31,"mot":"L","mo":7000.0},{"cn":"","ui":"","t":113445.0,"r":750.0,"q":1.85,"p":10.0,"mot":"L","mo":750.0}]},{"d":"04.02.2017","r":58600.0,"q":3.04,"p":23.08,"s":[{"ui":"8037525","t":44800.0,"r":44800.0,"q":3.15,"p":10.0,"mot":"U","mo":44800.0},{"ui":"8038484","t":9800.0,"r":4800.0,"q":3.11,"p":6.0,"mot":"L","mo":4800.0},{"ui":"8037716","t":44800.0,"r":44800.0,"q":2.13,"p":122.31,"mot":"L","mo":7000.0},{"cn":"","ui":"","t":36282.0,"r":2000.0,"q":3.48,"p":9.9,"mot":"L","mo":2000.0}]},{"d":"05.02.2017","r":44577.0,"q":3.36,"p":16.61,"s":[{"ui":"8037525","t":22200.0,"r":20200.0,"q":3.15,"p":10.0,"mot":"U","mo":20200.0},{"ui":"8039236","t":20304.0,"r":20159.0,"q":3.46,"p":20.0,"mot":"U","mo":20159.0},{"ui":"8039780","t":26347.0,"r":26347.0,"q":3.96,"p":33.43,"mot":"L","mo":4000.0},{"cn":"","ui":"","t":5218.0,"r":218.0,"q":2.91,"p":6.0,"mot":"L","mo":218.0}]},{"d":"06.02.2017","r":225301.0,"q":1.8,"p":40.15,"s":[{"ui":"8040958","t":23828.0,"r":22828.0,"q":1.76,"p":10.0,"mot":"U","mo":22828.0},{"ui":"8039512","t":60080.0,"r":60080.0,"q":1.75,"p":120.0,"mot":"U","mo":60080.0},{"ui":"8039236","t":38047.0,"r":38047.0,"q":2.79,"p":20.0,"mot":"U","mo":38047.0},{"ui":"8040539","t":88846.0,"r":88346.0,"q":1.2,"p":7.0,"mot":"U","mo":88346.0},{"cn":"","ui":"","t":209797.0,"r":16000.0,"q":2.96,"p":14.28,"mot":"L","mo":16000.0}]},{"d":"07.02.2017","r":446991.0,"q":1.78,"p":8.91,"s":[{"ui":"8042249","t":101614.0,"r":99114.0,"q":2.94,"p":14.0,"mot":"U","mo":99114.0},{"ui":"8042081","t":26564.0,"r":26419.0,"q":3.85,"p":8.0,"mot":"U","mo":26419.0},{"ui":"8040539","t":311558.0,"r":311058.0,"q":1.2,"p":7.0,"mot":"U","mo":311058.0},{"cn":"","ui":"","t":136571.0,"r":10400.0,"q":2.83,"p":19.63,"mot":"L","mo":10400.0}]},{"d":"08.02.2017","r":850616.0,"q":2.12,"p":7.78,"s":[{"ui":"8042249","t":356996.0,"r":350996.0,"q":2.95,"p":8.0,"mot":"U","mo":350996.0},{"ui":"8040539","t":420451.0,"r":420201.0,"q":1.2,"p":8.0,"mot":"U","mo":420201.0},{"cn":"","ui":"","t":251806.0,"r":79419.0,"q":3.36,"p":5.63,"mot":"L","mo":79419.0}]},{"d":"09.02.2017","r":661135.0,"q":2.88,"p":24.61,"s":[{"ui":"8044326","t":48808.0,"r":38913.0,"q":2.91,"p":290.0,"mot":"L","mo":38913.0},{"ui":"8042249","t":555619.0,"r":549619.0,"q":2.93,"p":8.0,"mot":"U","mo":549619.0},{"ui":"8042081","t":40365.0,"r":40365.0,"q":3.45,"p":8.0,"mot":"U","mo":40365.0},{"cn":"","ui":"","t":61209.0,"r":32238.0,"q":1.24,"p":8.15,"mot":"L","mo":32238.0}]},{"d":"10.02.2017","r":237751.0,"q":2.39,"p":167.91,"s":[{"ui":"8045344","t":19127.0,"r":18549.0,"q":3.79,"p":7.0,"mot":"U","mo":18549.0},{"ui":"8044326","t":134722.0,"r":134722.0,"q":2.92,"p":290.0,"mot":"L","mo":134722.0},{"ui":"8044005","t":81734.0,"r":80734.0,"q":1.2,"p":8.5,"mot":"U","mo":80734.0},{"cn":"","ui":"","t":40085.0,"r":3746.0,"q":2.2,"p":9.47,"mot":"L","mo":3746.0}]},{"d":"11.02.2017","r":25761.0,"q":3.0,"p":19.78,"s":[{"ui":"8045344","t":27274.0,"r":23961.0,"q":2.99,"p":21.0,"mot":"U","mo":23961.0},{"ui":"8044891","t":78140.0,"r":78140.0,"q":3.1,"p":3.5,"mot":"L","mo":1800.0},{"cn":"","ui":"","t":0.0,"r":0.0,"q":0.0,"p":0.0,"mot":"L","mo":0.0}]},{"d":"12.02.2017","r":43827.0,"q":3.44,"p":10.84,"s":[{"ui":"8046883","t":24094.0,"r":24094.0,"q":2.85,"p":8.3,"mot":"U","mo":24094.0},{"ui":"8047945","t":18933.0,"r":17933.0,"q":4.27,"p":15.0,"mot":"U","mo":17933.0},{"cn":"","ui":"","t":70269.0,"r":1800.0,"q":3.0,"p":3.5,"mot":"L","mo":1800.0}]},{"d":"13.02.2017","r":17109.0,"q":2.99,"p":11.02,"s":[{"ui":"8046883","t":16506.0,"r":12732.0,"q":2.91,"p":9.9,"mot":"U","mo":12732.0},{"ui":"8048774","t":17178.0,"r":17178.0,"q":3.48,"p":11.0,"mot":"L","mo":2000.0},{"ui":"8048295","t":129068.0,"r":128968.0,"q":3.31,"p":10.0,"mot":"L","mo":2000.0},{"cn":"","ui":"","t":2377.0,"r":377.0,"q":1.26,"p":54.5,"mot":"L","mo":377.0}]},{"d":"14.02.2017","r":63409.0,"q":3.2,"p":9.76,"s":[{"ui":"8048774","t":33424.0,"r":31122.0,"q":3.01,"p":17.0,"mot":"L","mo":6000.0},{"ui":"8049632","t":57409.0,"r":57409.0,"q":3.22,"p":9.0,"mot":"U","mo":57409.0},{"cn":"","ui":"","t":0.0,"r":0.0,"q":0.0,"p":0.0,"mot":"L","mo":0.0}]},{"d":"15.02.2017","r":551326.0,"q":1.74,"p":8.76,"s":[{"ui":"8048774","t":160701.0,"r":137653.0,"q":2.91,"p":26.0,"mot":"L","mo":36000.0},{"ui":"8049632","t":141910.0,"r":141910.0,"q":2.86,"p":9.0,"mot":"U","mo":141910.0},{"ui":"8051187","t":377041.0,"r":373416.0,"q":1.2,"p":7.0,"mot":"U","mo":373416.0},{"cn":"","ui":"","t":0.0,"r":0.0,"q":0.0,"p":0.0,"mot":"L","mo":0.0}]},{"d":"16.02.2017","r":894495.0,"q":1.25,"p":7.74,"s":[{"ui":"8051187","t":868550.0,"r":867550.0,"q":1.2,"p":7.0,"mot":"U","mo":867550.0},{"cn":"","ui":"","t":57666.0,"r":26945.0,"q":2.76,"p":31.46,"mot":"L","mo":26945.0}]},{"d":"17.02.2017","r":170833.0,"q":3.22,"p":17.71,"s":[{"ui":"8054147","t":19047.0,"r":19047.0,"q":4.1,"p":8.99,"mot":"L","mo":11956.0},{"ui":"8053654","t":30857.0,"r":30279.0,"q":3.2,"p":12.0,"mot":"U","mo":30279.0},{"ui":"8053359","t":83273.0,"r":83273.0,"q":2.35,"p":25.0,"mot":"L","mo":9540.0},{"ui":"8053070","t":61766.0,"r":59366.0,"q":3.12,"p":10.1,"mot":"U","mo":59366.0},{"ui":"8052253","t":60822.0,"r":56192.0,"q":3.31,"p":30.0,"mot":"U","mo":56192.0},{"cn":"","ui":"","t":77084.0,"r":3500.0,"q":2.92,"p":9.0,"mot":"L","mo":3500.0}]},{"d":"18.02.2017","r":207848.0,"q":3.26,"p":22.81,"s":[{"ui":"8053654","t":22836.0,"r":22258.0,"q":3.01,"p":12.0,"mot":"U","mo":22258.0},{"ui":"8055614","t":28691.0,"r":28691.0,"q":3.77,"p":29.99,"mot":"L","mo":13089.0},{"ui":"8053070","t":81589.0,"r":79189.0,"q":3.13,"p":10.1,"mot":"U","mo":79189.0},{"ui":"8052253","t":92677.0,"r":80099.0,"q":3.32,"p":30.0,"mot":"U","mo":80099.0},{"cn":"","ui":"","t":121023.0,"r":13213.0,"q":3.62,"p":66.44,"mot":"L","mo":13213.0}]},{"d":"19.02.2017","r":108898.0,"q":2.18,"p":50.0,"s":[{"ui":"8056925","t":108898.0,"r":108898.0,"q":2.18,"p":50.0,"mot":"U","mo":108898.0},{"cn":"","ui":"","t":0.0,"r":0.0,"q":0.0,"p":0.0,"mot":"L","mo":0.0}]},{"d":"20.02.2017","r":223409.0,"q":2.43,"p":35.69,"s":[{"ui":"8058798","t":64378.0,"r":64378.0,"q":3.08,"p":7.0,"mot":"L","mo":22400.0},{"ui":"8058405","t":49300.0,"r":49300.0,"q":2.82,"p":10.0,"mot":"U","mo":49300.0},{"ui":"8055614","t":44800.0,"r":44800.0,"q":3.2,"p":29.99,"mot":"L","mo":13089.0},{"ui":"8056925","t":138620.0,"r":138620.0,"q":2.11,"p":50.0,"mot":"U","mo":138620.0},{"cn":"","ui":"","t":0.0,"r":0.0,"q":0.0,"p":0.0,"mot":"L","mo":0.0}]},{"d":"22.02.2017","r":1844.0,"q":2.95,"p":25.0,"s":[{"ui":"8060800","t":2774.0,"r":1844.0,"q":2.95,"p":25.0,"mot":"U","mo":1844.0},{"cn":"","ui":"","t":0.0,"r":0.0,"q":0.0,"p":0.0,"mot":"L","mo":0.0}]},{"d":"23.02.2017","r":54603.0,"q":3.06,"p":22.37,"s":[{"ui":"8060800","t":22758.0,"r":19828.0,"q":2.94,"p":9.0,"mot":"U","mo":19828.0},{"ui":"8062220","t":35375.0,"r":34775.0,"q":3.13,"p":30.0,"mot":"U","mo":34775.0},{"cn":"","ui":"","t":0.0,"r":0.0,"q":0.0,"p":0.0,"mot":"L","mo":0.0}]},{"d":"24.02.2017","r":356586.0,"q":2.81,"p":15.19,"s":[{"ui":"8060800","t":133948.0,"r":132032.0,"q":3.0,"p":10.0,"mot":"U","mo":132032.0},{"ui":"8063091","t":185552.0,"r":185552.0,"q":2.68,"p":18.0,"mot":"U","mo":185552.0},{"cn":"","ui":"","t":45530.0,"r":39002.0,"q":2.76,"p":19.35,"mot":"L","mo":39002.0}]},{"d":"25.02.2017","r":8000.0,"q":2.92,"p":11.38,"s":[{"ui":"8066026","t":23571.0,"r":22571.0,"q":3.86,"p":7.0,"mot":"L","mo":1000.0},{"ui":"8065297","t":95124.0,"r":85810.0,"q":2.79,"p":12.0,"mot":"L","mo":7000.0},{"cn":"","ui":"","t":0.0,"r":0.0,"q":0.0,"p":0.0,"mot":"L","mo":0.0}]},{"d":"26.02.2017","r":344557.0,"q":2.64,"p":12.89,"s":[{"ui":"8066902","t":37777.0,"r":29211.0,"q":2.96,"p":6.91,"mot":"U","mo":29211.0},{"ui":"8066239","t":117257.0,"r":117257.0,"q":2.4,"p":20.0,"mot":"U","mo":117257.0},{"ui":"8064651","t":46959.0,"r":46959.0,"q":3.05,"p":10.0,"mot":"L","mo":46652.0},{"ui":"8065297","t":145666.0,"r":143352.0,"q":2.64,"p":10.0,"mot":"L","mo":136331.0},{"cn":"","ui":"","t":66678.0,"r":15106.0,"q":2.69,"p":4.2,"mot":"L","mo":15106.0}]},{"d":"27.02.2017","r":3712.0,"q":3.3,"p":11.74,"s":[{"ui":"8066026","t":68480.0,"r":66480.0,"q":2.83,"p":7.0,"mot":"L","mo":1000.0},{"ui":"8069077","t":2312.0,"r":1712.0,"q":3.45,"p":15.0,"mot":"U","mo":1712.0},{"ui":"8068152","t":10538.0,"r":8538.0,"q":3.51,"p":10.9,"mot":"L","mo":1000.0},{"cn":"","ui":"","t":0.0,"r":0.0,"q":0.0,"p":0.0,"mot":"L","mo":0.0}]},{"d":"28.02.2017","r":318278.0,"q":3.02,"p":8.25,"s":[{"ui":"8067162","t":38533.0,"r":38533.0,"q":3.32,"p":10.0,"mot":"U","mo":38533.0},{"ui":"8068152","t":67410.0,"r":66938.0,"q":3.18,"p":9.0,"mot":"U","mo":66938.0},{"ui":"8069583","t":214195.0,"r":212807.0,"q":2.91,"p":7.69,"mot":"U","mo":212807.0},{"cn":"","ui":"","t":0.0,"r":0.0,"q":0.0,"p":0.0,"mot":"L","mo":0.0}]},{"d":"01.03.2017","r":652219.0,"q":2.82,"p":8.68,"s":[{"ui":"8069589","t":73556.0,"r":73143.0,"q":1.2,"p":15.0,"mot":"U","mo":73143.0},{"ui":"8068152","t":214248.0,"r":212668.0,"q":3.02,"p":8.86,"mot":"U","mo":212668.0},{"ui":"8069583","t":351234.0,"r":348619.0,"q":2.95,"p":7.33,"mot":"U","mo":348619.0},{"cn":"","ui":"","t":19789.0,"r":17789.0,"q":4.46,"p":7.08,"mot":"L","mo":17789.0}]},{"d":"02.03.2017","r":299113.0,"q":2.71,"p":13.71,"s":[{"ui":"8069589","t":53052.0,"r":50752.0,"q":1.2,"p":20.0,"mot":"U","mo":50752.0},{"ui":"8069755","t":96012.0,"r":95912.0,"q":2.8,"p":20.0,"mot":"U","mo":95912.0},{"ui":"8069583","t":209499.0,"r":152429.0,"q":3.16,"p":7.65,"mot":"U","mo":152429.0},{"cn":"","ui":"","t":7599.0,"r":20.0,"q":6.3,"p":10.0,"mot":"L","mo":20.0}]},{"d":"04.03.2017","r":8931.0,"q":6.57,"p":25.0,"s":[{"cn":"IHINLAHTI","ui":"8076730","t":10151.0,"r":8931.0,"q":6.57,"p":25.0,"mot":"U","mo":8931.0},{"cn":"","ui":"","t":0.0,"r":0.0,"q":0.0,"p":0.0,"mot":"L","mo":0.0}]},{"d":"05.03.2017","r":736088.0,"q":4.86,"p":12.83,"s":[{"cn":"LEARN IND","ui":"8074299","t":57072.0,"r":45072.0,"q":3.18,"p":25.0,"mot":"U","mo":45072.0},{"cn":"ОСА Финанс","ui":"8074112","t":673659.0,"r":601053.0,"q":5.12,"p":10.52,"mot":"U","mo":601053.0},{"cn":"","ui":"","t":260207.0,"r":89963.0,"q":3.93,"p":22.15,"mot":"L","mo":89963.0}]},{"d":"06.03.2017","r":173796.0,"q":3.63,"p":25.92,"s":[{"cn":"IHINLAHTI","ui":"8076730","t":114978.0,"r":108914.0,"q":3.42,"p":19.0,"mot":"U","mo":108914.0},{"cn":"Bloodylord2011 Инвест","ui":"8077621","t":56882.0,"r":56882.0,"q":4.1,"p":40.0,"mot":"U","mo":56882.0},{"cn":"","ui":"","t":44847.0,"r":8000.0,"q":3.11,"p":20.0,"mot":"L","mo":8000.0}]},{"d":"07.03.2017","r":67909.0,"q":3.86,"p":35.34,"s":[{"cn":"elpapal Finance","ui":"8077959","t":45050.0,"r":45050.0,"q":3.09,"p":6.0,"mot":"L","mo":6400.0},{"cn":"Bloodylord2011 Инвест","ui":"8077621","t":58408.0,"r":58408.0,"q":4.07,"p":40.0,"mot":"U","mo":58408.0},{"cn":"","ui":"","t":28388.0,"r":3101.0,"q":1.6,"p":8.22,"mot":"L","mo":3101.0}]},{"d":"08.03.2017","r":39340.0,"q":3.11,"p":31.73,"s":[{"cn":"Альтеро","ui":"8080549","t":40160.0,"r":37840.0,"q":3.12,"p":32.0,"mot":"U","mo":37840.0},{"cn":"","ui":"","t":38797.0,"r":1500.0,"q":2.97,"p":25.0,"mot":"L","mo":1500.0}]},{"d":"10.03.2017","r":14835.0,"q":3.01,"p":30.93,"s":[{"cn":"raphell.ltd","ui":"8080169","t":8900.0,"r":7792.0,"q":2.64,"p":25.0,"mot":"L","mo":1500.0},{"cn":"Альтеро","ui":"8080549","t":8660.0,"r":7160.0,"q":3.12,"p":32.0,"mot":"U","mo":7160.0},{"cn":"Трон","ui":"8083376","t":9375.0,"r":5475.0,"q":2.95,"p":30.0,"mot":"U","mo":5475.0},{"cn":"","ui":"","t":15495.0,"r":700.0,"q":3.25,"p":40.0,"mot":"L","mo":700.0}]},{"d":"11.03.2017","r":157419.0,"q":3.0,"p":20.85,"s":[{"cn":"E.T.R.E.U.M.","ui":"8084215","t":83580.0,"r":82580.0,"q":3.0,"p":19.99,"mot":"U","mo":82580.0},{"cn":"Десяк Инвест","ui":"8083868","t":14237.0,"r":14237.0,"q":3.19,"p":28.0,"mot":"U","mo":14237.0},{"cn":"Трон","ui":"8083376","t":67102.0,"r":59602.0,"q":2.95,"p":20.0,"mot":"U","mo":59602.0},{"cn":"","ui":"","t":34923.0,"r":1000.0,"q":2.89,"p":40.0,"mot":"L","mo":1000.0}]},{"d":"12.03.2017","r":463060.0,"q":2.96,"p":16.89,"s":[{"cn":"E.T.R.E.U.M.","ui":"8084215","t":325393.0,"r":319605.0,"q":2.95,"p":15.0,"mot":"U","mo":319605.0},{"cn":"АО \"GG\"","ui":"8086076","t":50044.0,"r":47644.0,"q":3.22,"p":25.0,"mot":"U","mo":47644.0},{"cn":"Трон","ui":"8083376","t":83728.0,"r":83728.0,"q":2.95,"p":20.0,"mot":"U","mo":83728.0},{"cn":"","ui":"","t":62482.0,"r":12083.0,"q":2.46,"p":13.45,"mot":"L","mo":12083.0}]},{"d":"13.03.2017","r":99300.0,"q":3.12,"p":23.46,"s":[{"cn":"Cobalt engendering","ui":"8087821","t":10034.0,"r":8534.0,"q":1.58,"p":20.0,"mot":"U","mo":8534.0},{"cn":"АО \"GG\"","ui":"8086076","t":82166.0,"r":79766.0,"q":3.0,"p":25.0,"mot":"U","mo":79766.0},{"cn":"Advanchainge","ui":"8088011","t":11359.0,"r":11359.0,"q":5.22,"p":15.0,"mot":"L","mo":11000.0},{"cn":"","ui":"","t":0.0,"r":0.0,"q":0.0,"p":0.0,"mot":"L","mo":0.0}]},{"d":"14.03.2017","r":257965.0,"q":3.3,"p":26.15,"s":[{"cn":"Элит","ui":"8088323","t":29498.0,"r":28918.0,"q":3.54,"p":7.0,"mot":"U","mo":28918.0},{"cn":"Десяк Инвест","ui":"8088367","t":42043.0,"r":39043.0,"q":4.21,"p":42.0,"mot":"U","mo":39043.0},{"cn":"АО \"GG\"","ui":"8086076","t":81677.0,"r":79177.0,"q":2.96,"p":25.0,"mot":"U","mo":79177.0},{"cn":"радость","ui":"8088452","t":105633.0,"r":101983.0,"q":2.95,"p":20.0,"mot":"U","mo":101983.0},{"cn":"","ui":"","t":8844.0,"r":8844.0,"q":5.59,"p":100.0,"mot":"L","mo":8844.0}]},{"d":"15.03.2017","r":3964.0,"q":2.95,"p":15.66,"s":[{"cn":"HSK","ui":"8088378","t":208500.0,"r":208500.0,"q":3.02,"p":25.0,"mot":"L","mo":260.0},{"cn":"Элит","ui":"8088323","t":3704.0,"r":3704.0,"q":2.95,"p":15.0,"mot":"U","mo":3704.0},{"cn":"","ui":"","t":0.0,"r":0.0,"q":0.0,"p":0.0,"mot":"L","mo":0.0}]},{"d":"16.03.2017","r":33601.0,"q":3.14,"p":56.19,"s":[{"cn":"yuraardyako Инвест","ui":"8088704","t":7284.0,"r":7284.0,"q":1.2,"p":205.0,"mot":"U","mo":7284.0},{"cn":"Элит","ui":"8088323","t":33817.0,"r":26317.0,"q":3.68,"p":15.0,"mot":"U","mo":26317.0},{"cn":"","ui":"","t":0.0,"r":0.0,"q":0.0,"p":0.0,"mot":"L","mo":0.0}]},{"d":"17.03.2017","r":28567.0,"q":3.83,"p":75.0,"s":[{"cn":"Yamkovenko Финанс","ui":"8091641","t":29167.0,"r":28567.0,"q":3.83,"p":75.0,"mot":"U","mo":28567.0},{"cn":"","ui":"","t":0.0,"r":0.0,"q":0.0,"p":0.0,"mot":"L","mo":0.0}]},{"d":"20.03.2017","r":72400.0,"q":3.51,"p":30.0,"s":[{"cn":"Eynshteyn.1955 Инвест","ui":"8094582","t":73400.0,"r":72400.0,"q":3.51,"p":30.0,"mot":"U","mo":72400.0},{"cn":"","ui":"","t":0.0,"r":0.0,"q":0.0,"p":0.0,"mot":"L","mo":0.0}]},{"d":"21.03.2017","r":396481.0,"q":1.89,"p":81.36,"s":[{"cn":"TINY-LITTLE","ui":"8096088","t":297415.0,"r":290915.0,"q":1.35,"p":100.0,"mot":"U","mo":290915.0},{"cn":"Eynshteyn.1955 Инвест","ui":"8094582","t":106566.0,"r":105566.0,"q":3.38,"p":30.0,"mot":"U","mo":105566.0},{"cn":"","ui":"","t":0.0,"r":0.0,"q":0.0,"p":0.0,"mot":"L","mo":0.0}]},{"d":"22.03.2017","r":146959.0,"q":3.49,"p":29.56,"s":[{"cn":"Eynshteyn.1955 Инвест","ui":"8094582","t":106566.0,"r":106566.0,"q":3.38,"p":30.0,"mot":"U","mo":106566.0},{"cn":"DHARMA Initiative","ui":"8097453","t":31160.0,"r":31160.0,"q":3.72,"p":30.0,"mot":"U","mo":31160.0},{"cn":"","ui":"","t":40633.0,"r":9233.0,"q":3.97,"p":23.07,"mot":"L","mo":9233.0}]},{"d":"23.03.2017","r":89778.0,"q":3.2,"p":25.02,"s":[{"cn":"Castru\u0027s Group","ui":"8095995","t":30400.0,"r":30250.0,"q":3.41,"p":20.0,"mot":"L","mo":20000.0},{"cn":"Chernin Company","ui":"8098325","t":20618.0,"r":20613.0,"q":3.08,"p":18.0,"mot":"U","mo":20613.0},{"cn":"DHARMA Initiative","ui":"8097453","t":50365.0,"r":49165.0,"q":3.16,"p":30.0,"mot":"U","mo":49165.0},{"cn":"","ui":"","t":0.0,"r":0.0,"q":0.0,"p":0.0,"mot":"L","mo":0.0}]},{"d":"24.03.2017","r":172156.0,"q":2.87,"p":37.92,"s":[{"cn":"Denim","ui":"8099959","t":30476.0,"r":30376.0,"q":2.22,"p":80.0,"mot":"U","mo":30376.0},{"cn":"Титов","ui":"8098265","t":41981.0,"r":41838.0,"q":3.2,"p":22.0,"mot":"U","mo":41838.0},{"cn":"ArsPensInc.","ui":"8100128","t":27937.0,"r":26437.0,"q":3.22,"p":79.99,"mot":"L","mo":10000.0},{"cn":"Chernin Company","ui":"8098325","t":26720.0,"r":26715.0,"q":2.65,"p":18.0,"mot":"U","mo":26715.0},{"cn":"DHARMA Initiative","ui":"8097453","t":64427.0,"r":63227.0,"q":3.0,"p":30.0,"mot":"U","mo":63227.0},{"cn":"","ui":"","t":0.0,"r":0.0,"q":0.0,"p":0.0,"mot":"L","mo":0.0}]},{"d":"25.03.2017","r":54884.0,"q":3.02,"p":23.89,"s":[{"cn":"Титов","ui":"8098265","t":52308.0,"r":52158.0,"q":3.04,"p":22.0,"mot":"U","mo":52158.0},{"cn":"","ui":"","t":3726.0,"r":2726.0,"q":2.54,"p":60.0,"mot":"L","mo":2726.0}]},{"d":"27.03.2017","r":71087.0,"q":2.54,"p":18.55,"s":[{"cn":"Denim","ui":"8100768","t":47932.0,"r":46932.0,"q":2.56,"p":20.0,"mot":"U","mo":46932.0},{"cn":"Manuelj_19 Finance","ui":"8103747","t":11440.0,"r":10840.0,"q":3.52,"p":10.5,"mot":"U","mo":10840.0},{"cn":"Trader","ui":"8103604","t":14315.0,"r":13315.0,"q":1.67,"p":20.0,"mot":"U","mo":13315.0},{"cn":"","ui":"","t":0.0,"r":0.0,"q":0.0,"p":0.0,"mot":"L","mo":0.0}]},{"d":"28.03.2017","r":220635.0,"q":2.77,"p":17.03,"s":[{"cn":"Denim","ui":"8104960","t":44800.0,"r":44800.0,"q":2.33,"p":10.0,"mot":"U","mo":44800.0},{"cn":"Trader","ui":"8103604","t":24612.0,"r":24612.0,"q":1.42,"p":20.0,"mot":"U","mo":24612.0},{"cn":"Manuelj_19 Finance","ui":"8103747","t":11779.0,"r":11179.0,"q":2.44,"p":10.5,"mot":"U","mo":11179.0},{"cn":"KrasnogiroFF","ui":"8104408","t":137930.0,"r":131930.0,"q":2.99,"p":20.0,"mot":"U","mo":131930.0},{"cn":"","ui":"","t":8114.0,"r":8114.0,"q":6.29,"p":7.5,"mot":"L","mo":8114.0}]},{"d":"29.03.2017","r":47691.0,"q":2.66,"p":15.86,"s":[{"cn":"KrasnogiroFF","ui":"8104408","t":14140.0,"r":8140.0,"q":2.91,"p":20.0,"mot":"U","mo":8140.0},{"cn":"Denim","ui":"8105739","t":14669.0,"r":11855.0,"q":2.95,"p":10.0,"mot":"U","mo":11855.0},{"cn":"Manuelj_19 Finance","ui":"8103747","t":8194.0,"r":7594.0,"q":2.02,"p":10.5,"mot":"U","mo":7594.0},{"cn":"Virtucon","ui":"8105605","t":5102.0,"r":5102.0,"q":1.34,"p":7.5,"mot":"U","mo":5102.0},{"cn":"Dan Corp","ui":"8106413","t":14000.0,"r":14000.0,"q":3.04,"p":25.0,"mot":"U","mo":14000.0},{"cn":"","ui":"","t":34600.0,"r":1000.0,"q":3.34,"p":7.0,"mot":"L","mo":1000.0}]},{"d":"31.03.2017","r":116468.0,"q":2.81,"p":16.93,"s":[{"cn":"Tornado\u0027s Corporation","ui":"8106838","t":70596.0,"r":68686.0,"q":2.96,"p":15.0,"mot":"U","mo":68686.0},{"cn":"HIZO inc","ui":"8107342","t":47060.0,"r":46482.0,"q":2.58,"p":20.0,"mot":"U","mo":46482.0},{"cn":"","ui":"","t":50210.0,"r":1300.0,"q":3.19,"p":8.98,"mot":"L","mo":1300.0}]},{"d":"01.04.2017","r":387747.0,"q":2.88,"p":16.01,"s":[{"cn":"Hizo inc","ui":"8109085","t":173342.0,"r":165342.0,"q":2.95,"p":20.0,"mot":"U","mo":165342.0},{"cn":"Tornado\u0027s Corporation","ui":"8106838","t":106210.0,"r":106210.0,"q":2.86,"p":15.0,"mot":"U","mo":106210.0},{"cn":"ОАО \"Ямал\"","ui":"8109567","t":109539.0,"r":109539.0,"q":2.66,"p":9.0,"mot":"U","mo":109539.0},{"cn":"","ui":"","t":54396.0,"r":6656.0,"q":5.04,"p":48.45,"mot":"L","mo":6656.0}]},{"d":"02.04.2017","r":310981.0,"q":3.02,"p":19.01,"s":[{"cn":"Hizo inc","ui":"8109085","t":273631.0,"r":273631.0,"q":3.0,"p":20.0,"mot":"U","mo":273631.0},{"cn":"ОАО \"Ямал\"","ui":"8109567","t":79333.0,"r":29333.0,"q":2.36,"p":9.0,"mot":"U","mo":29333.0},{"cn":"","ui":"","t":8017.0,"r":8017.0,"q":6.05,"p":22.0,"mot":"L","mo":8017.0}]},{"d":"03.04.2017","r":1800.0,"q":3.05,"p":22.5,"s":[{"cn":"BuffettGraham Limited","ui":"8111155","t":27246.0,"r":24868.0,"q":3.05,"p":22.5,"mot":"L","mo":1800.0},{"cn":"","ui":"","t":0.0,"r":0.0,"q":0.0,"p":0.0,"mot":"L","mo":0.0}]},{"d":"04.04.2017","r":1800.0,"q":2.47,"p":22.5,"s":[{"cn":"BuffettGraham Limited","ui":"8111155","t":39408.0,"r":38730.0,"q":2.47,"p":22.5,"mot":"L","mo":1800.0},{"cn":"","ui":"","t":0.0,"r":0.0,"q":0.0,"p":0.0,"mot":"L","mo":0.0}]},{"d":"05.04.2017","r":1800.0,"q":2.22,"p":22.5,"s":[{"cn":"BuffettGraham Limited","ui":"8111155","t":43266.0,"r":42488.0,"q":2.22,"p":22.5,"mot":"L","mo":1800.0},{"cn":"","ui":"","t":0.0,"r":0.0,"q":0.0,"p":0.0,"mot":"L","mo":0.0}]},{"d":"06.04.2017","r":41050.0,"q":3.14,"p":17.24,"s":[{"cn":"syedamanfirdaus Limited","ui":"8114358","t":24995.0,"r":23995.0,"q":3.17,"p":6.0,"mot":"U","mo":23995.0},{"cn":"Miramare Ltd","ui":"8114941","t":16055.0,"r":16055.0,"q":2.94,"p":32.0,"mot":"U","mo":16055.0},{"cn":"","ui":"","t":8424.0,"r":1000.0,"q":5.81,"p":50.0,"mot":"L","mo":1000.0}]},{"d":"07.04.2017","r":47849.0,"q":3.5,"p":11.4,"s":[{"cn":"z2206 Компани","ui":"8116203","t":27042.0,"r":27042.0,"q":3.84,"p":11.0,"mot":"U","mo":27042.0},{"cn":"syedamanfirdaus Limited","ui":"8114358","t":25558.0,"r":19807.0,"q":2.93,"p":10.0,"mot":"U","mo":19807.0},{"cn":"","ui":"","t":9106.0,"r":1000.0,"q":5.47,"p":50.0,"mot":"L","mo":1000.0}]},{"d":"08.04.2017","r":49044.0,"q":2.66,"p":26.94,"s":[{"cn":"z2206 Компани","ui":"8116203","t":15567.0,"r":13074.0,"q":3.33,"p":13.0,"mot":"U","mo":13074.0},{"cn":"Miramare Ltd","ui":"8114941","t":35970.0,"r":35970.0,"q":2.41,"p":32.0,"mot":"U","mo":35970.0},{"cn":"","ui":"","t":0.0,"r":0.0,"q":0.0,"p":0.0,"mot":"L","mo":0.0}]},{"d":"09.04.2017","r":300.0,"q":2.91,"p":13.0,"s":[{"cn":"z2206 Компани","ui":"8116203","t":300.0,"r":300.0,"q":2.91,"p":13.0,"mot":"U","mo":300.0},{"cn":"","ui":"","t":0.0,"r":0.0,"q":0.0,"p":0.0,"mot":"L","mo":0.0}]},{"d":"10.04.2017","r":17512.0,"q":4.53,"p":2.0,"s":[{"cn":"mr.p.i.96 Финанс","ui":"8120339","t":17512.0,"r":17512.0,"q":4.53,"p":2.0,"mot":"U","mo":17512.0},{"cn":"","ui":"","t":0.0,"r":0.0,"q":0.0,"p":0.0,"mot":"L","mo":0.0}]},{"d":"11.04.2017","r":69679.0,"q":2.94,"p":47.02,"s":[{"cn":"mr.p.i.96 Финанс","ui":"8120339","t":27450.0,"r":26250.0,"q":3.44,"p":100.0,"mot":"U","mo":26250.0},{"cn":"Eycorn Invest","ui":"8121732","t":43429.0,"r":43429.0,"q":2.63,"p":15.0,"mot":"U","mo":43429.0},{"cn":"","ui":"","t":0.0,"r":0.0,"q":0.0,"p":0.0,"mot":"L","mo":0.0}]},{"d":"12.04.2017","r":382038.0,"q":2.84,"p":15.95,"s":[{"cn":"Eycorn Invest","ui":"8121732","t":367638.0,"r":367638.0,"q":2.81,"p":15.0,"mot":"U","mo":367638.0},{"cn":"","ui":"","t":27342.0,"r":14400.0,"q":3.51,"p":40.28,"mot":"L","mo":14400.0}]},{"d":"13.04.2017","r":669830.0,"q":2.69,"p":14.99,"s":[{"cn":"Eycorn Invest","ui":"8121732","t":660280.0,"r":660270.0,"q":2.66,"p":15.0,"mot":"U","mo":660270.0},{"cn":"","ui":"","t":10138.0,"r":9560.0,"q":5.06,"p":14.0,"mot":"L","mo":9560.0}]},{"d":"14.04.2017","r":48839.0,"q":3.35,"p":13.74,"s":[{"cn":"relicton Финанс","ui":"8125003","t":20895.0,"r":20895.0,"q":4.21,"p":15.0,"mot":"U","mo":20895.0},{"cn":"Erycorn Invest","ui":"8124099","t":20158.0,"r":19210.0,"q":2.63,"p":14.0,"mot":"U","mo":19210.0},{"cn":"LEL INC","ui":"8124786","t":10127.0,"r":8427.0,"q":2.95,"p":10.0,"mot":"U","mo":8427.0},{"cn":"","ui":"","t":307.0,"r":307.0,"q":1.61,"p":14.0,"mot":"L","mo":307.0}]},{"d":"15.04.2017","r":31786.0,"q":3.15,"p":50.0,"s":[{"cn":"хрен","ui":"8125462","t":32364.0,"r":31786.0,"q":3.15,"p":50.0,"mot":"U","mo":31786.0},{"cn":"","ui":"","t":0.0,"r":0.0,"q":0.0,"p":0.0,"mot":"L","mo":0.0}]},{"d":"16.04.2017","r":55051.0,"q":2.97,"p":22.53,"s":[{"cn":"Erycorn Invest","ui":"8126178","t":39790.0,"r":39790.0,"q":2.95,"p":12.0,"mot":"U","mo":39790.0},{"cn":"хрен","ui":"8125462","t":15839.0,"r":15261.0,"q":3.02,"p":50.0,"mot":"U","mo":15261.0},{"cn":"","ui":"","t":0.0,"r":0.0,"q":0.0,"p":0.0,"mot":"L","mo":0.0}]},{"d":"17.04.2017","r":85023.0,"q":2.94,"p":12.36,"s":[{"cn":"Erycorn Invest","ui":"8126178","t":84226.0,"r":84212.0,"q":2.94,"p":12.0,"mot":"U","mo":84212.0},{"cn":"","ui":"","t":1389.0,"r":811.0,"q":3.02,"p":50.0,"mot":"L","mo":811.0}]},{"d":"27.04.2017","r":10104.0,"q":5.69,"p":4.5,"s":[{"cn":"Calvo Figorelli Invest","ui":"8139230","t":10104.0,"r":10104.0,"q":5.69,"p":4.5,"mot":"U","mo":10104.0},{"cn":"","ui":"","t":0.0,"r":0.0,"q":0.0,"p":0.0,"mot":"L","mo":0.0}]},{"d":"28.04.2017","r":236211.0,"q":1.53,"p":10.2,"s":[{"cn":"Calvo Figorelli Invest","ui":"8139230","t":37111.0,"r":35931.0,"q":3.36,"p":30.85,"mot":"U","mo":35931.0},{"cn":"NGX","ui":"8138458","t":200280.0,"r":200280.0,"q":1.2,"p":6.5,"mot":"U","mo":200280.0},{"cn":"","ui":"","t":0.0,"r":0.0,"q":0.0,"p":0.0,"mot":"L","mo":0.0}]},{"d":"29.04.2017","r":307139.0,"q":1.2,"p":6.5,"s":[{"cn":"NGX","ui":"8138458","t":307139.0,"r":307139.0,"q":1.2,"p":6.5,"mot":"U","mo":307139.0},{"cn":"","ui":"","t":0.0,"r":0.0,"q":0.0,"p":0.0,"mot":"L","mo":0.0}]},{"d":"01.05.2017","r":500.0,"q":1.0,"p":60.0,"s":[{"cn":"Calvo Figorelli Invest","ui":"8142121","t":500.0,"r":500.0,"q":1.0,"p":60.0,"mot":"U","mo":500.0},{"cn":"","ui":"","t":0.0,"r":0.0,"q":0.0,"p":0.0,"mot":"L","mo":0.0}]},{"d":"02.05.2017","r":29800.0,"q":2.86,"p":60.0,"s":[{"cn":"Korabkov inc.","ui":"8143427","t":30800.0,"r":29800.0,"q":2.86,"p":60.0,"mot":"U","mo":29800.0},{"cn":"","ui":"","t":0.0,"r":0.0,"q":0.0,"p":0.0,"mot":"L","mo":0.0}]},{"d":"03.05.2017","r":54639.0,"q":3.02,"p":27.82,"s":[{"cn":"Korabkov Инвест","ui":"8144289","t":33850.0,"r":33272.0,"q":3.02,"p":20.0,"mot":"U","mo":33272.0},{"cn":"Urbamet SRL","ui":"8144518","t":22367.0,"r":21367.0,"q":3.02,"p":40.0,"mot":"U","mo":21367.0},{"cn":"","ui":"","t":0.0,"r":0.0,"q":0.0,"p":0.0,"mot":"L","mo":0.0}]},{"d":"04.05.2017","r":245410.0,"q":3.0,"p":20.91,"s":[{"cn":"NGX","ui":"8145350","t":33177.0,"r":30863.0,"q":1.2,"p":11.0,"mot":"U","mo":30863.0},{"cn":"Korabkov Инвест","ui":"8144289","t":151662.0,"r":151084.0,"q":3.25,"p":17.0,"mot":"U","mo":151084.0},{"cn":"sax-com82 Инвест","ui":"8146146","t":25764.0,"r":25764.0,"q":3.63,"p":35.0,"mot":"U","mo":25764.0},{"cn":"Urbamet SRL","ui":"8144518","t":32299.0,"r":31299.0,"q":2.67,"p":40.0,"mot":"U","mo":31299.0},{"cn":"","ui":"","t":11496.0,"r":6400.0,"q":4.74,"p":10.75,"mot":"L","mo":6400.0}]},{"d":"06.05.2017","r":54288.0,"q":3.06,"p":32.14,"s":[{"cn":"sax-com82 Инвест","ui":"8146146","t":47888.0,"r":47888.0,"q":3.14,"p":35.0,"mot":"U","mo":47888.0},{"cn":"morlab Инвест","ui":"8146138","t":41455.0,"r":40877.0,"q":2.45,"p":10.75,"mot":"L","mo":6400.0},{"cn":"","ui":"","t":0.0,"r":0.0,"q":0.0,"p":0.0,"mot":"L","mo":0.0}]},{"d":"08.05.2017","r":22769.0,"q":3.93,"p":35.87,"s":[{"cn":"Ирина","ui":"8150545","t":9870.0,"r":9870.0,"q":5.65,"p":37.0,"mot":"U","mo":9870.0},{"cn":"faxoj Инвест","ui":"8148856","t":13477.0,"r":12899.0,"q":2.62,"p":35.0,"mot":"L","mo":12899.0},{"cn":"","ui":"","t":0.0,"r":0.0,"q":0.0,"p":0.0,"mot":"L","mo":0.0}]},{"d":"09.05.2017","r":49708.0,"q":3.12,"p":31.14,"s":[{"cn":"Ирина","ui":"8150545","t":41730.0,"r":38397.0,"q":3.39,"p":30.0,"mot":"U","mo":38397.0},{"cn":"faxoj Инвест","ui":"8148856","t":11311.0,"r":11311.0,"q":2.2,"p":35.0,"mot":"L","mo":11311.0},{"cn":"","ui":"","t":0.0,"r":0.0,"q":0.0,"p":0.0,"mot":"L","mo":0.0}]},{"d":"10.05.2017","r":41730.0,"q":3.39,"p":30.0,"s":[{"cn":"Ирина","ui":"8150545","t":41730.0,"r":41730.0,"q":3.39,"p":30.0,"mot":"U","mo":41730.0},{"cn":"","ui":"","t":0.0,"r":0.0,"q":0.0,"p":0.0,"mot":"L","mo":0.0}]},{"d":"12.05.2017","r":28273.0,"q":3.71,"p":22.0,"s":[{"cn":"КолюняКорпорейшн","ui":"8154100","t":28273.0,"r":28273.0,"q":3.71,"p":22.0,"mot":"U","mo":28273.0},{"cn":"","ui":"","t":0.0,"r":0.0,"q":0.0,"p":0.0,"mot":"L","mo":0.0}]},{"d":"13.05.2017","r":63956.0,"q":2.99,"p":22.0,"s":[{"cn":"КолюняКорпорейшн","ui":"8154100","t":63956.0,"r":63956.0,"q":2.99,"p":22.0,"mot":"U","mo":63956.0},{"cn":"","ui":"","t":0.0,"r":0.0,"q":0.0,"p":0.0,"mot":"L","mo":0.0}]},{"d":"14.05.2017","r":84927.0,"q":2.79,"p":22.0,"s":[{"cn":"КолюняКорпорейшн","ui":"8154100","t":84927.0,"r":84927.0,"q":2.79,"p":22.0,"mot":"U","mo":84927.0},{"cn":"","ui":"","t":0.0,"r":0.0,"q":0.0,"p":0.0,"mot":"L","mo":0.0}]},{"d":"15.05.2017","r":500.0,"q":3.24,"p":77.0,"s":[{"cn":"Ecuador","ui":"8157405","t":59461.0,"r":58461.0,"q":3.24,"p":77.0,"mot":"L","mo":500.0},{"cn":"","ui":"","t":0.0,"r":0.0,"q":0.0,"p":0.0,"mot":"L","mo":0.0}]},{"d":"16.05.2017","r":500.0,"q":2.78,"p":77.0,"s":[{"cn":"Ecuador","ui":"8157405","t":106979.0,"r":105979.0,"q":2.78,"p":77.0,"mot":"L","mo":500.0},{"cn":"","ui":"","t":0.0,"r":0.0,"q":0.0,"p":0.0,"mot":"L","mo":0.0}]},{"d":"17.05.2017","r":500.0,"q":2.57,"p":77.0,"s":[{"cn":"Ecuador","ui":"8157405","t":137594.0,"r":136594.0,"q":2.57,"p":77.0,"mot":"L","mo":500.0},{"cn":"","ui":"","t":0.0,"r":0.0,"q":0.0,"p":0.0,"mot":"L","mo":0.0}]},{"d":"21.05.2017","r":70009.0,"q":1.79,"p":48.0,"s":[{"cn":"aqwa","ui":"8163070","t":70009.0,"r":70009.0,"q":1.79,"p":48.0,"mot":"U","mo":70009.0},{"cn":"","ui":"","t":0.0,"r":0.0,"q":0.0,"p":0.0,"mot":"L","mo":0.0}]},{"d":"24.05.2017","r":158913.0,"q":1.42,"p":26.54,"s":[{"cn":"NGX","ui":"8166996","t":160413.0,"r":151913.0,"q":1.35,"p":25.0,"mot":"U","mo":151913.0},{"cn":"","ui":"","t":185834.0,"r":7000.0,"q":2.94,"p":60.0,"mot":"L","mo":7000.0}]},{"d":"25.05.2017","r":11346.0,"q":2.8,"p":56.17,"s":[{"cn":"ibm","ui":"8167047","t":450800.0,"r":449800.0,"q":2.9,"p":60.0,"mot":"L","mo":7000.0},{"cn":"zeka inc","ui":"8168027","t":10746.0,"r":4346.0,"q":2.64,"p":50.0,"mot":"U","mo":4346.0},{"cn":"","ui":"","t":0.0,"r":0.0,"q":0.0,"p":0.0,"mot":"L","mo":0.0}]},{"d":"26.05.2017","r":51640.0,"q":2.41,"p":51.36,"s":[{"cn":"ibm","ui":"8167047","t":450800.0,"r":450800.0,"q":2.9,"p":60.0,"mot":"L","mo":7000.0},{"cn":"zeka inc","ui":"8168027","t":51040.0,"r":44640.0,"q":2.33,"p":50.0,"mot":"U","mo":44640.0},{"cn":"","ui":"","t":0.0,"r":0.0,"q":0.0,"p":0.0,"mot":"L","mo":0.0}]},{"d":"27.05.2017","r":2307.0,"q":2.23,"p":50.0,"s":[{"cn":"zeka inc","ui":"8168027","t":12307.0,"r":2307.0,"q":2.23,"p":50.0,"mot":"U","mo":2307.0},{"cn":"","ui":"","t":0.0,"r":0.0,"q":0.0,"p":0.0,"mot":"L","mo":0.0}]},{"d":"28.05.2017","r":40812.0,"q":3.59,"p":50.0,"s":[{"cn":"redy111 Инвест","ui":"8171929","t":40812.0,"r":40812.0,"q":3.59,"p":50.0,"mot":"U","mo":40812.0},{"cn":"","ui":"","t":0.0,"r":0.0,"q":0.0,"p":0.0,"mot":"L","mo":0.0}]},{"d":"05.06.2017","r":10000.0,"q":3.34,"p":48.0,"s":[{"cn":"DuFred Financa","ui":"8180762","t":27000.0,"r":27000.0,"q":3.34,"p":48.0,"mot":"L","mo":10000.0},{"cn":"","ui":"","t":0.0,"r":0.0,"q":0.0,"p":0.0,"mot":"L","mo":0.0}]},{"d":"07.06.2017","r":119734.0,"q":3.05,"p":9.73,"s":[{"cn":"Tecimax LTDA","ui":"8180599","t":16210.0,"r":16210.0,"q":2.9,"p":8.0,"mot":"U","mo":16210.0},{"cn":"vete365.2 Финанс","ui":"8182243","t":105248.0,"r":103524.0,"q":3.07,"p":10.0,"mot":"U","mo":103524.0},{"cn":"","ui":"","t":0.0,"r":0.0,"q":0.0,"p":0.0,"mot":"L","mo":0.0}]},{"d":"08.06.2017","r":148092.0,"q":3.17,"p":26.16,"s":[{"cn":"Рейнеке","ui":"8184576","t":11496.0,"r":10918.0,"q":4.74,"p":12.0,"mot":"U","mo":10918.0},{"cn":"vete365.2 Финанс","ui":"8182243","t":94048.0,"r":94048.0,"q":3.07,"p":10.0,"mot":"U","mo":94048.0},{"cn":"Материнский капитал","ui":"8181261","t":43126.0,"r":43126.0,"q":3.0,"p":65.0,"mot":"U","mo":43126.0},{"cn":"","ui":"","t":0.0,"r":0.0,"q":0.0,"p":0.0,"mot":"L","mo":0.0}]},{"d":"09.06.2017","r":250001.0,"q":3.09,"p":10.95,"s":[{"cn":"evko","ui":"8185178","t":123855.0,"r":123855.0,"q":3.18,"p":10.0,"mot":"U","mo":123855.0},{"cn":"FAST","ui":"8184930","t":118428.0,"r":114294.0,"q":3.08,"p":10.0,"mot":"U","mo":114294.0},{"cn":"","ui":"","t":13052.0,"r":11852.0,"q":2.19,"p":30.0,"mot":"L","mo":11852.0}]},{"d":"10.06.2017","r":623970.0,"q":3.11,"p":10.55,"s":[{"cn":"Материк","ui":"8185367","t":41149.0,"r":38749.0,"q":3.31,"p":15.0,"mot":"U","mo":38749.0},{"cn":"FAST","ui":"8184930","t":570896.0,"r":566290.0,"q":3.16,"p":10.0,"mot":"U","mo":566290.0},{"cn":"","ui":"","t":20131.0,"r":18931.0,"q":1.31,"p":18.0,"mot":"L","mo":18931.0}]},{"d":"11.06.2017","r":708389.0,"q":3.15,"p":16.55,"s":[{"cn":"evko","ui":"8185178","t":225688.0,"r":225688.0,"q":3.07,"p":30.0,"mot":"U","mo":225688.0},{"cn":"FAST","ui":"8184930","t":470410.0,"r":457804.0,"q":3.19,"p":10.0,"mot":"U","mo":457804.0},{"cn":"","ui":"","t":27297.0,"r":24897.0,"q":3.03,"p":15.0,"mot":"L","mo":24897.0}]},{"d":"14.06.2017","r":68451.0,"q":3.44,"p":1552.65,"s":[{"cn":"Learning Co","ui":"8189487","t":12992.0,"r":12742.0,"q":2.21,"p":20.0,"mot":"U","mo":12742.0},{"cn":"Иришка","ui":"8190784","t":42276.0,"r":42276.0,"q":3.59,"p":2500.0,"mot":"U","mo":42276.0},{"cn":"Nova SCI","ui":"8191085","t":14261.0,"r":13433.0,"q":4.11,"p":25.0,"mot":"U","mo":13433.0},{"cn":"","ui":"","t":0.0,"r":0.0,"q":0.0,"p":0.0,"mot":"L","mo":0.0}]},{"d":"15.06.2017","r":34450.0,"q":3.53,"p":20.0,"s":[{"cn":"anhhhhh","ui":"8191942","t":34450.0,"r":34450.0,"q":3.53,"p":20.0,"mot":"L","mo":34450.0},{"cn":"","ui":"","t":0.0,"r":0.0,"q":0.0,"p":0.0,"mot":"L","mo":0.0}]},{"d":"16.06.2017","r":105597.0,"q":3.44,"p":1073.03,"s":[{"cn":"anhhhhh","ui":"8191942","t":42344.0,"r":42219.0,"q":3.23,"p":20.0,"mot":"L","mo":42219.0},{"cn":"Иришка","ui":"8190784","t":44800.0,"r":44800.0,"q":3.55,"p":2500.0,"mot":"U","mo":44800.0},{"cn":"Pobitov","ui":"8194121","t":19578.0,"r":18578.0,"q":3.68,"p":25.0,"mot":"U","mo":18578.0},{"cn":"","ui":"","t":0.0,"r":0.0,"q":0.0,"p":0.0,"mot":"L","mo":0.0}]},{"d":"17.06.2017","r":303165.0,"q":2.68,"p":25.0,"s":[{"cn":"Pobitov","ui":"8194121","t":304655.0,"r":303165.0,"q":2.68,"p":25.0,"mot":"U","mo":303165.0},{"cn":"","ui":"","t":0.0,"r":0.0,"q":0.0,"p":0.0,"mot":"L","mo":0.0}]},{"d":"18.06.2017","r":410551.0,"q":2.62,"p":25.0,"s":[{"cn":"Pobitov","ui":"8194121","t":410551.0,"r":410551.0,"q":2.62,"p":25.0,"mot":"U","mo":410551.0},{"cn":"","ui":"","t":0.0,"r":0.0,"q":0.0,"p":0.0,"mot":"L","mo":0.0}]},{"d":"19.06.2017","r":14908.0,"q":4.32,"p":10.0,"s":[{"cn":"elpromijcuo.corp,","ui":"8197690","t":12508.0,"r":11908.0,"q":4.44,"p":10.0,"mot":"U","mo":11908.0},{"cn":"nick_huk","ui":"8197557","t":12629.0,"r":12029.0,"q":3.84,"p":10.0,"mot":"L","mo":3000.0},{"cn":"","ui":"","t":0.0,"r":0.0,"q":0.0,"p":0.0,"mot":"L","mo":0.0}]},{"d":"20.06.2017","r":25000.0,"q":3.19,"p":10.0,"s":[{"cn":"elpromijcuo.corp,","ui":"8197690","t":22600.0,"r":22000.0,"q":3.21,"p":10.0,"mot":"U","mo":22000.0},{"cn":"nick_huk","ui":"8197557","t":46417.0,"r":45817.0,"q":3.01,"p":10.0,"mot":"L","mo":3000.0},{"cn":"","ui":"","t":0.0,"r":0.0,"q":0.0,"p":0.0,"mot":"L","mo":0.0}]},{"d":"21.06.2017","r":164661.0,"q":1.77,"p":16.07,"s":[{"cn":"MaxEnergy","ui":"8199974","t":110256.0,"r":109761.0,"q":1.2,"p":10.0,"mot":"U","mo":109761.0},{"cn":"nick_huk","ui":"8197557","t":64776.0,"r":64176.0,"q":2.89,"p":30.0,"mot":"L","mo":50000.0},{"cn":"","ui":"","t":5500.0,"r":4900.0,"q":3.21,"p":10.0,"mot":"L","mo":4900.0}]},{"d":"22.06.2017","r":359268.0,"q":1.2,"p":9.0,"s":[{"cn":"MaxEnergy","ui":"8199974","t":359763.0,"r":359268.0,"q":1.2,"p":9.0,"mot":"U","mo":359268.0},{"cn":"","ui":"","t":0.0,"r":0.0,"q":0.0,"p":0.0,"mot":"L","mo":0.0}]},{"d":"23.06.2017","r":7254.0,"q":5.13,"p":70.0,"s":[{"cn":"Andressgroup","ui":"8203792","t":7832.0,"r":7254.0,"q":5.13,"p":70.0,"mot":"U","mo":7254.0},{"cn":"","ui":"","t":0.0,"r":0.0,"q":0.0,"p":0.0,"mot":"L","mo":0.0}]},{"d":"24.06.2017","r":29194.0,"q":3.18,"p":70.0,"s":[{"cn":"Andressgroup","ui":"8203792","t":29772.0,"r":29194.0,"q":3.18,"p":70.0,"mot":"U","mo":29194.0},{"cn":"","ui":"","t":0.0,"r":0.0,"q":0.0,"p":0.0,"mot":"L","mo":0.0}]}]