[{"pi":"1489","pc":"Продукты питания","ss":100,"td":"Спальный район","dc":1,"n":33.41,"vc":"менее 50","sl":"Очень высокий","sv":"около 50","p":3.86,"q":1.05,"b":0.0,"ms":0.06,"wi":0.19,"ei":3.65,"as":173.21,"mi":"E","mv":68861,"sc":1,"lpe":99.94,"lpr":3.8,"lq":1.0,"d":85},{"pi":"1489","pc":"Продукты питания","ss":100,"td":"Спальный район","dc":1,"n":33.41,"vc":"менее 50","sl":"Очень высокий","sv":"около 50","p":3.86,"q":1.05,"b":0.0,"ms":0.06,"wi":0.19,"ei":3.65,"as":173.21,"mi":"E","mv":68861,"sc":1,"lpe":99.94,"lpr":3.8,"lq":1.0,"d":85},{"pi":"1489","pc":"Продукты питания","ss":100,"td":"Спальный район","dc":1,"n":33.41,"vc":"менее 50","sl":"Очень высокий","sv":"около 50","p":3.86,"q":1.05,"b":0.0,"ms":0.06,"wi":0.19,"ei":3.65,"as":173.21,"mi":"E","mv":68861,"sc":1,"lpe":99.94,"lpr":3.8,"lq":1.0,"d":85},{"pi":"1489","pc":"Продукты питания","ss":100,"td":"Спальный район","dc":1,"n":33.41,"vc":"менее 50","sl":"Очень высокий","sv":"около 50","p":3.86,"q":1.05,"b":0.0,"ms":0.06,"wi":0.19,"ei":3.65,"as":173.21,"mi":"E","mv":68861,"sc":1,"lpe":99.94,"lpr":3.8,"lq":1.0,"d":85},{"pi":"1489","pc":"Продукты питания","ss":100,"td":"Спальный район","dc":1,"n":33.41,"vc":"менее 50","sl":"Очень высокий","sv":"около 50","p":3.86,"q":1.05,"b":0.0,"ms":0.06,"wi":0.19,"ei":3.65,"as":173.21,"mi":"E","mv":68861,"sc":1,"lpe":99.94,"lpr":3.8,"lq":1.0,"d":85},{"pi":"1489","pc":"Продукты питания","ss":100,"td":"Спальный район","dc":1,"n":33.41,"vc":"менее 50","sl":"Очень высокий","sv":"около 50","p":3.86,"q":1.05,"b":0.0,"ms":0.06,"wi":0.19,"ei":3.65,"as":173.21,"mi":"E","mv":68861,"sc":1,"lpe":99.94,"lpr":3.8,"lq":1.0,"d":85},{"pi":"1489","pc":"Продукты питания","ss":100,"td":"Окраина","dc":1,"n":44.14,"vc":"около 50","sl":"Нормальный","sv":"менее 50","p":4.75,"q":1.05,"b":0.0,"ms":0.0,"wi":0.23,"ei":3.75,"as":254.7,"mi":"E","mv":798146,"sc":1,"lpe":100.0,"lpr":4.47,"lq":1.0,"d":1799},{"pi":"1489","pc":"Продукты питания","ss":100,"td":"Окраина","dc":1,"n":44.14,"vc":"около 50","sl":"Нормальный","sv":"менее 50","p":4.75,"q":1.05,"b":0.0,"ms":0.0,"wi":0.23,"ei":3.75,"as":254.7,"mi":"E","mv":798146,"sc":1,"lpe":100.0,"lpr":4.47,"lq":1.0,"d":1799},{"pi":"1489","pc":"Продукты питания","ss":100,"td":"Окраина","dc":1,"n":44.14,"vc":"около 50","sl":"Нормальный","sv":"менее 50","p":4.75,"q":1.05,"b":0.0,"ms":0.0,"wi":0.23,"ei":3.75,"as":254.7,"mi":"E","mv":798146,"sc":1,"lpe":100.0,"lpr":4.47,"lq":1.0,"d":1799},{"pi":"1489","pc":"Продукты питания","ss":100,"td":"Окраина","dc":1,"n":44.14,"vc":"около 50","sl":"Нормальный","sv":"менее 50","p":4.75,"q":1.05,"b":0.0,"ms":0.0,"wi":0.23,"ei":3.75,"as":254.7,"mi":"E","mv":798146,"sc":1,"lpe":100.0,"lpr":4.47,"lq":1.0,"d":1799},{"pi":"1489","pc":"Продукты питания","ss":500,"td":"Центр города","dc":1,"n":9.79,"vc":"более 100","sl":"Низкий","sv":"менее 50","p":3.99,"q":1.05,"b":0.0,"ms":0.0,"wi":0.2,"ei":4.32,"as":180.62,"mi":"E","mv":654046,"sc":1,"lpe":100.0,"lpr":3.87,"lq":1.0,"d":1132},{"pi":"1489","pc":"Продукты питания","ss":500,"td":"Центр города","dc":1,"n":9.79,"vc":"более 100","sl":"Низкий","sv":"менее 50","p":3.99,"q":1.05,"b":0.0,"ms":0.0,"wi":0.2,"ei":4.32,"as":180.62,"mi":"E","mv":654046,"sc":1,"lpe":100.0,"lpr":3.87,"lq":1.0,"d":1132},{"pi":"1489","pc":"Продукты питания","ss":500,"td":"Центр города","dc":1,"n":9.79,"vc":"более 100","sl":"Низкий","sv":"менее 50","p":3.99,"q":1.05,"b":0.0,"ms":0.0,"wi":0.2,"ei":4.32,"as":180.62,"mi":"E","mv":654046,"sc":1,"lpe":100.0,"lpr":3.87,"lq":1.0,"d":1132},{"pi":"1489","pc":"Продукты питания","ss":500,"td":"Центр города","dc":1,"n":9.79,"vc":"более 100","sl":"Низкий","sv":"менее 50","p":3.99,"q":1.05,"b":0.0,"ms":0.0,"wi":0.2,"ei":4.32,"as":180.62,"mi":"E","mv":654046,"sc":1,"lpe":100.0,"lpr":3.87,"lq":1.0,"d":1132},{"pi":"1489","pc":"Продукты питания","ss":500,"td":"Центр города","dc":1,"n":9.79,"vc":"более 100","sl":"Низкий","sv":"менее 50","p":3.99,"q":1.05,"b":0.0,"ms":0.0,"wi":0.2,"ei":4.32,"as":180.62,"mi":"E","mv":654046,"sc":1,"lpe":100.0,"lpr":3.87,"lq":1.0,"d":1132},{"pi":"1489","pc":"Продукты питания","ss":500,"td":"Центр города","dc":1,"n":9.79,"vc":"более 100","sl":"Низкий","sv":"менее 50","p":3.99,"q":1.05,"b":0.0,"ms":0.0,"wi":0.2,"ei":4.32,"as":180.62,"mi":"E","mv":654046,"sc":1,"lpe":100.0,"lpr":3.87,"lq":1.0,"d":1132},{"pi":"1489","pc":"Продукты питания","ss":500,"td":"Центр города","dc":1,"n":9.79,"vc":"более 100","sl":"Низкий","sv":"менее 50","p":3.99,"q":1.05,"b":0.0,"ms":0.0,"wi":0.2,"ei":4.32,"as":180.62,"mi":"E","mv":654046,"sc":1,"lpe":100.0,"lpr":3.87,"lq":1.0,"d":1132},{"pi":"1489","pc":"Продукты питания","ss":100,"td":"Окраина","dc":1,"n":45.86,"vc":"около 50","sl":"Высокий","sv":"около 50","p":4.38,"q":1.05,"b":0.0,"ms":0.01,"wi":0.21,"ei":4.43,"as":218.14,"mi":"E","mv":577763,"sc":1,"lpe":99.99,"lpr":4.07,"lq":1.0,"d":531},{"pi":"1489","pc":"Продукты питания","ss":100,"td":"Окраина","dc":1,"n":45.86,"vc":"около 50","sl":"Высокий","sv":"около 50","p":4.38,"q":1.05,"b":0.0,"ms":0.01,"wi":0.21,"ei":4.43,"as":218.14,"mi":"E","mv":577763,"sc":1,"lpe":99.99,"lpr":4.07,"lq":1.0,"d":531},{"pi":"1489","pc":"Продукты питания","ss":100,"td":"Окраина","dc":1,"n":45.86,"vc":"около 50","sl":"Высокий","sv":"около 50","p":4.38,"q":1.05,"b":0.0,"ms":0.01,"wi":0.21,"ei":4.43,"as":218.14,"mi":"E","mv":577763,"sc":1,"lpe":99.99,"lpr":4.07,"lq":1.0,"d":531},{"pi":"1489","pc":"Продукты питания","ss":100,"td":"Окраина","dc":1,"n":45.86,"vc":"около 50","sl":"Высокий","sv":"около 50","p":4.38,"q":1.05,"b":0.0,"ms":0.01,"wi":0.21,"ei":4.43,"as":218.14,"mi":"E","mv":577763,"sc":1,"lpe":99.99,"lpr":4.07,"lq":1.0,"d":531},{"pi":"1489","pc":"Продукты питания","ss":100,"td":"Окраина","dc":1,"n":45.86,"vc":"около 50","sl":"Высокий","sv":"около 50","p":4.38,"q":1.05,"b":0.0,"ms":0.01,"wi":0.21,"ei":4.43,"as":218.14,"mi":"E","mv":577763,"sc":1,"lpe":99.99,"lpr":4.07,"lq":1.0,"d":531},{"pi":"1489","pc":"Продукты питания","ss":100,"td":"Окраина","dc":1,"n":44.93,"vc":"менее 50","sl":"Очень высокий","sv":"более 100","p":1.47,"q":1.05,"b":0.0,"ms":0.36,"wi":0.1,"ei":4.01,"as":80.78,"mi":"E","mv":28981,"sc":1,"lpe":99.64,"lpr":2.28,"lq":1.0,"d":61},{"pi":"1489","pc":"Продукты питания","ss":100,"td":"Окраина","dc":1,"n":44.93,"vc":"менее 50","sl":"Очень высокий","sv":"более 100","p":1.47,"q":1.05,"b":0.0,"ms":0.36,"wi":0.1,"ei":4.01,"as":80.78,"mi":"E","mv":28981,"sc":1,"lpe":99.64,"lpr":2.28,"lq":1.0,"d":61},{"pi":"1489","pc":"Продукты питания","ss":100,"td":"Окраина","dc":1,"n":44.93,"vc":"менее 50","sl":"Очень высокий","sv":"более 100","p":1.47,"q":1.05,"b":0.0,"ms":0.36,"wi":0.1,"ei":4.01,"as":80.78,"mi":"E","mv":28981,"sc":1,"lpe":99.64,"lpr":2.28,"lq":1.0,"d":61},{"pi":"1489","pc":"Продукты питания","ss":100,"td":"Окраина","dc":1,"n":44.93,"vc":"менее 50","sl":"Очень высокий","sv":"более 100","p":1.47,"q":1.05,"b":0.0,"ms":0.36,"wi":0.1,"ei":4.01,"as":80.78,"mi":"E","mv":28981,"sc":1,"lpe":99.64,"lpr":2.28,"lq":1.0,"d":61},{"pi":"1489","pc":"Продукты питания","ss":100,"td":"Окраина","dc":1,"n":44.93,"vc":"менее 50","sl":"Очень высокий","sv":"более 100","p":1.47,"q":1.05,"b":0.0,"ms":0.36,"wi":0.1,"ei":4.01,"as":80.78,"mi":"E","mv":28981,"sc":1,"lpe":99.64,"lpr":2.28,"lq":1.0,"d":61},{"pi":"1489","pc":"Продукты питания","ss":100,"td":"Окраина","dc":1,"n":44.93,"vc":"менее 50","sl":"Очень высокий","sv":"более 100","p":1.47,"q":1.05,"b":0.0,"ms":0.36,"wi":0.1,"ei":4.01,"as":80.78,"mi":"E","mv":28981,"sc":1,"lpe":99.64,"lpr":2.28,"lq":1.0,"d":61},{"pi":"1489","pc":"Продукты питания","ss":1000,"td":"Центр города","dc":1,"n":1.47,"vc":"более 1 000","sl":"Элитный","sv":"около 1 000","p":18.0,"q":1.0,"b":0.0,"ms":0.01,"wi":1.47,"ei":8.5,"as":1540.0,"mi":"E","mv":11521814,"sc":1,"lpe":99.99,"lpr":28.01,"lq":1.0,"d":8406},{"pi":"1489","pc":"Продукты питания","ss":1000,"td":"Центр города","dc":1,"n":1.47,"vc":"более 1 000","sl":"Элитный","sv":"около 1 000","p":18.0,"q":1.0,"b":0.0,"ms":0.01,"wi":1.47,"ei":8.5,"as":1540.0,"mi":"E","mv":11521814,"sc":1,"lpe":99.99,"lpr":28.01,"lq":1.0,"d":8406},{"pi":"1489","pc":"Продукты питания","ss":1000,"td":"Центр города","dc":1,"n":1.47,"vc":"более 1 000","sl":"Элитный","sv":"около 1 000","p":18.0,"q":1.0,"b":0.0,"ms":0.01,"wi":1.47,"ei":8.5,"as":1540.0,"mi":"E","mv":11521814,"sc":1,"lpe":99.99,"lpr":28.01,"lq":1.0,"d":8406},{"pi":"1489","pc":"Продукты питания","ss":1000,"td":"Центр города","dc":1,"n":1.47,"vc":"более 1 000","sl":"Элитный","sv":"около 1 000","p":18.0,"q":1.0,"b":0.0,"ms":0.01,"wi":1.47,"ei":8.5,"as":1540.0,"mi":"E","mv":11521814,"sc":1,"lpe":99.99,"lpr":28.01,"lq":1.0,"d":8406},{"pi":"1489","pc":"Продукты питания","ss":1000,"td":"Центр города","dc":1,"n":1.47,"vc":"более 1 000","sl":"Элитный","sv":"около 1 000","p":18.0,"q":1.0,"b":0.0,"ms":0.01,"wi":1.47,"ei":8.5,"as":1540.0,"mi":"E","mv":11521814,"sc":1,"lpe":99.99,"lpr":28.01,"lq":1.0,"d":8406},{"pi":"1489","pc":"Продукты питания","ss":1000,"td":"Центр города","dc":1,"n":1.47,"vc":"более 1 000","sl":"Элитный","sv":"около 1 000","p":18.0,"q":1.0,"b":0.0,"ms":0.01,"wi":1.47,"ei":8.5,"as":1540.0,"mi":"E","mv":11521814,"sc":1,"lpe":99.99,"lpr":28.01,"lq":1.0,"d":8406},{"pi":"1489","pc":"Продукты питания","ss":1000,"td":"Центр города","dc":1,"n":1.47,"vc":"более 1 000","sl":"Элитный","sv":"около 1 000","p":18.0,"q":1.0,"b":0.0,"ms":0.01,"wi":1.47,"ei":8.5,"as":1540.0,"mi":"E","mv":11521814,"sc":1,"lpe":99.99,"lpr":28.01,"lq":1.0,"d":8406},{"pi":"1489","pc":"Продукты питания","ss":1000,"td":"Центр города","dc":1,"n":1.47,"vc":"более 1 000","sl":"Элитный","sv":"около 1 000","p":18.0,"q":1.0,"b":0.0,"ms":0.01,"wi":1.47,"ei":8.5,"as":1540.0,"mi":"E","mv":11521814,"sc":1,"lpe":99.99,"lpr":28.01,"lq":1.0,"d":8406},{"pi":"1489","pc":"Продукты питания","ss":100,"td":"Окраина","dc":1,"n":44.73,"vc":"около 50","sl":"Нормальный","sv":"около 50","p":3.22,"q":1.05,"b":0.0,"ms":0.01,"wi":0.19,"ei":4.22,"as":177.8,"mi":"E","mv":732028,"sc":1,"lpe":99.99,"lpr":3.52,"lq":1.0,"d":1217},{"pi":"1489","pc":"Продукты питания","ss":100,"td":"Окраина","dc":1,"n":44.73,"vc":"около 50","sl":"Нормальный","sv":"около 50","p":3.22,"q":1.05,"b":0.0,"ms":0.01,"wi":0.19,"ei":4.22,"as":177.8,"mi":"E","mv":732028,"sc":1,"lpe":99.99,"lpr":3.52,"lq":1.0,"d":1217},{"pi":"1489","pc":"Продукты питания","ss":100,"td":"Окраина","dc":1,"n":44.73,"vc":"около 50","sl":"Нормальный","sv":"около 50","p":3.22,"q":1.05,"b":0.0,"ms":0.01,"wi":0.19,"ei":4.22,"as":177.8,"mi":"E","mv":732028,"sc":1,"lpe":99.99,"lpr":3.52,"lq":1.0,"d":1217},{"pi":"1489","pc":"Продукты питания","ss":100,"td":"Окраина","dc":1,"n":44.73,"vc":"около 50","sl":"Нормальный","sv":"около 50","p":3.22,"q":1.05,"b":0.0,"ms":0.01,"wi":0.19,"ei":4.22,"as":177.8,"mi":"E","mv":732028,"sc":1,"lpe":99.99,"lpr":3.52,"lq":1.0,"d":1217},{"pi":"1489","pc":"Продукты питания","ss":100,"td":"Окраина","dc":1,"n":45.14,"vc":"менее 50","sl":"Высокий","sv":"около 50","p":2.3,"q":1.05,"b":0.0,"ms":0.21,"wi":0.16,"ei":3.78,"as":137.75,"mi":"E","mv":30818,"sc":1,"lpe":99.79,"lpr":3.29,"lq":1.0,"d":66},{"pi":"1489","pc":"Продукты питания","ss":100,"td":"Окраина","dc":1,"n":45.14,"vc":"менее 50","sl":"Высокий","sv":"около 50","p":2.3,"q":1.05,"b":0.0,"ms":0.21,"wi":0.16,"ei":3.78,"as":137.75,"mi":"E","mv":30818,"sc":1,"lpe":99.79,"lpr":3.29,"lq":1.0,"d":66},{"pi":"1489","pc":"Продукты питания","ss":100,"td":"Окраина","dc":1,"n":45.14,"vc":"менее 50","sl":"Высокий","sv":"около 50","p":2.3,"q":1.05,"b":0.0,"ms":0.21,"wi":0.16,"ei":3.78,"as":137.75,"mi":"E","mv":30818,"sc":1,"lpe":99.79,"lpr":3.29,"lq":1.0,"d":66},{"pi":"1489","pc":"Продукты питания","ss":100,"td":"Окраина","dc":1,"n":45.14,"vc":"менее 50","sl":"Высокий","sv":"около 50","p":2.3,"q":1.05,"b":0.0,"ms":0.21,"wi":0.16,"ei":3.78,"as":137.75,"mi":"E","mv":30818,"sc":1,"lpe":99.79,"lpr":3.29,"lq":1.0,"d":66},{"pi":"1489","pc":"Продукты питания","ss":100,"td":"Окраина","dc":1,"n":45.14,"vc":"менее 50","sl":"Высокий","sv":"около 50","p":2.3,"q":1.05,"b":0.0,"ms":0.21,"wi":0.16,"ei":3.78,"as":137.75,"mi":"E","mv":30818,"sc":1,"lpe":99.79,"lpr":3.29,"lq":1.0,"d":66},{"pi":"1489","pc":"Продукты питания","ss":100,"td":"Окраина","dc":1,"n":45.97,"vc":"около 50","sl":"Нормальный","sv":"более 100","p":3.22,"q":1.05,"b":0.0,"ms":0.03,"wi":0.17,"ei":3.57,"as":158.72,"mi":"E","mv":495332,"sc":1,"lpe":99.97,"lpr":3.82,"lq":1.0,"d":887},{"pi":"1489","pc":"Продукты питания","ss":100,"td":"Окраина","dc":1,"n":45.97,"vc":"около 50","sl":"Нормальный","sv":"более 100","p":3.22,"q":1.05,"b":0.0,"ms":0.03,"wi":0.17,"ei":3.57,"as":158.72,"mi":"E","mv":495332,"sc":1,"lpe":99.97,"lpr":3.82,"lq":1.0,"d":887},{"pi":"1489","pc":"Продукты питания","ss":100,"td":"Окраина","dc":1,"n":45.97,"vc":"около 50","sl":"Нормальный","sv":"более 100","p":3.22,"q":1.05,"b":0.0,"ms":0.03,"wi":0.17,"ei":3.57,"as":158.72,"mi":"E","mv":495332,"sc":1,"lpe":99.97,"lpr":3.82,"lq":1.0,"d":887},{"pi":"1489","pc":"Продукты питания","ss":100,"td":"Окраина","dc":1,"n":45.97,"vc":"около 50","sl":"Нормальный","sv":"более 100","p":3.22,"q":1.05,"b":0.0,"ms":0.03,"wi":0.17,"ei":3.57,"as":158.72,"mi":"E","mv":495332,"sc":1,"lpe":99.97,"lpr":3.82,"lq":1.0,"d":887},{"pi":"1489","pc":"Продукты питания","ss":100,"td":"Окраина","dc":1,"n":45.97,"vc":"около 50","sl":"Нормальный","sv":"более 100","p":3.22,"q":1.05,"b":0.0,"ms":0.03,"wi":0.17,"ei":3.57,"as":158.72,"mi":"E","mv":495332,"sc":1,"lpe":99.97,"lpr":3.82,"lq":1.0,"d":887},{"pi":"1489","pc":"Продукты питания","ss":500,"td":"Центр города","dc":1,"n":63.97,"vc":"более 100","sl":"Элитный","sv":"около 100","p":25.0,"q":1.0,"b":0.0,"ms":0.03,"wi":1.19,"ei":7.3,"as":1200.0,"mi":"E","mv":318667,"sc":1,"lpe":99.97,"lpr":21.9,"lq":1.0,"d":654},{"pi":"1489","pc":"Продукты питания","ss":500,"td":"Центр города","dc":1,"n":63.97,"vc":"более 100","sl":"Элитный","sv":"около 100","p":25.0,"q":1.0,"b":0.0,"ms":0.03,"wi":1.19,"ei":7.3,"as":1200.0,"mi":"E","mv":318667,"sc":1,"lpe":99.97,"lpr":21.9,"lq":1.0,"d":654},{"pi":"1489","pc":"Продукты питания","ss":500,"td":"Центр города","dc":1,"n":63.97,"vc":"более 100","sl":"Элитный","sv":"около 100","p":25.0,"q":1.0,"b":0.0,"ms":0.03,"wi":1.19,"ei":7.3,"as":1200.0,"mi":"E","mv":318667,"sc":1,"lpe":99.97,"lpr":21.9,"lq":1.0,"d":654},{"pi":"1489","pc":"Продукты питания","ss":500,"td":"Центр города","dc":1,"n":63.97,"vc":"более 100","sl":"Элитный","sv":"около 100","p":25.0,"q":1.0,"b":0.0,"ms":0.03,"wi":1.19,"ei":7.3,"as":1200.0,"mi":"E","mv":318667,"sc":1,"lpe":99.97,"lpr":21.9,"lq":1.0,"d":654},{"pi":"1489","pc":"Продукты питания","ss":500,"td":"Центр города","dc":1,"n":63.97,"vc":"более 100","sl":"Элитный","sv":"около 100","p":25.0,"q":1.0,"b":0.0,"ms":0.03,"wi":1.19,"ei":7.3,"as":1200.0,"mi":"E","mv":318667,"sc":1,"lpe":99.97,"lpr":21.9,"lq":1.0,"d":654},{"pi":"1489","pc":"Продукты питания","ss":500,"td":"Центр города","dc":1,"n":63.97,"vc":"более 100","sl":"Элитный","sv":"около 100","p":25.0,"q":1.0,"b":0.0,"ms":0.03,"wi":1.19,"ei":7.3,"as":1200.0,"mi":"E","mv":318667,"sc":1,"lpe":99.97,"lpr":21.9,"lq":1.0,"d":654},{"pi":"1489","pc":"Продукты питания","ss":500,"td":"Центр города","dc":1,"n":63.97,"vc":"более 100","sl":"Элитный","sv":"около 100","p":25.0,"q":1.0,"b":0.0,"ms":0.03,"wi":1.19,"ei":7.3,"as":1200.0,"mi":"E","mv":318667,"sc":1,"lpe":99.97,"lpr":21.9,"lq":1.0,"d":654},{"pi":"1489","pc":"Продукты питания","ss":500,"td":"Центр города","dc":1,"n":63.97,"vc":"более 100","sl":"Элитный","sv":"около 100","p":25.0,"q":1.0,"b":0.0,"ms":0.03,"wi":1.19,"ei":7.3,"as":1200.0,"mi":"E","mv":318667,"sc":1,"lpe":99.97,"lpr":21.9,"lq":1.0,"d":654},{"pi":"1489","pc":"Продукты питания","ss":100,"td":"Окраина","dc":1,"n":48.19,"vc":"около 100","sl":"Нормальный","sv":"менее 50","p":7.98,"q":1.05,"b":0.0,"ms":0.0,"wi":0.39,"ei":6.0,"as":350.0,"mi":"E","mv":2078792,"sc":2,"lpe":100.0,"lpr":6.43,"lq":1.0,"d":3200},{"pi":"1489","pc":"Продукты питания","ss":500,"td":"Центр города","dc":1,"n":0.0,"vc":"более 200","sl":"Нормальный","sv":"около 50","p":13.0,"q":8.2,"b":0.0,"ms":0.0,"wi":0.39,"ei":6.0,"as":350.0,"mi":"E","mv":2078792,"sc":2,"lpe":100.0,"lpr":6.43,"lq":1.0,"d":3200},{"pi":"1489","pc":"Продукты питания","ss":500,"td":"Центр города","dc":1,"n":0.0,"vc":"более 200","sl":"Нормальный","sv":"около 50","p":13.0,"q":8.2,"b":0.0,"ms":0.0,"wi":0.39,"ei":6.0,"as":350.0,"mi":"E","mv":2078792,"sc":2,"lpe":100.0,"lpr":6.43,"lq":1.0,"d":3200},{"pi":"1489","pc":"Продукты питания","ss":100,"td":"Окраина","dc":1,"n":48.19,"vc":"около 100","sl":"Нормальный","sv":"менее 50","p":7.98,"q":1.05,"b":0.0,"ms":0.0,"wi":0.39,"ei":6.0,"as":350.0,"mi":"E","mv":2078792,"sc":2,"lpe":100.0,"lpr":6.43,"lq":1.0,"d":3200},{"pi":"1489","pc":"Продукты питания","ss":500,"td":"Центр города","dc":1,"n":0.0,"vc":"более 200","sl":"Нормальный","sv":"около 50","p":13.0,"q":8.2,"b":0.0,"ms":0.0,"wi":0.39,"ei":6.0,"as":350.0,"mi":"E","mv":2078792,"sc":2,"lpe":100.0,"lpr":6.43,"lq":1.0,"d":3200},{"pi":"1489","pc":"Продукты питания","ss":500,"td":"Центр города","dc":1,"n":0.0,"vc":"более 200","sl":"Нормальный","sv":"около 50","p":13.0,"q":8.2,"b":0.0,"ms":0.0,"wi":0.39,"ei":6.0,"as":350.0,"mi":"E","mv":2078792,"sc":2,"lpe":100.0,"lpr":6.43,"lq":1.0,"d":3200},{"pi":"1489","pc":"Продукты питания","ss":100,"td":"Окраина","dc":1,"n":48.19,"vc":"около 100","sl":"Нормальный","sv":"менее 50","p":7.98,"q":1.05,"b":0.0,"ms":0.0,"wi":0.39,"ei":6.0,"as":350.0,"mi":"E","mv":2078792,"sc":2,"lpe":100.0,"lpr":6.43,"lq":1.0,"d":3200},{"pi":"1489","pc":"Продукты питания","ss":500,"td":"Центр города","dc":1,"n":0.0,"vc":"более 200","sl":"Нормальный","sv":"около 50","p":13.0,"q":8.2,"b":0.0,"ms":0.0,"wi":0.39,"ei":6.0,"as":350.0,"mi":"E","mv":2078792,"sc":2,"lpe":100.0,"lpr":6.43,"lq":1.0,"d":3200},{"pi":"1489","pc":"Продукты питания","ss":100,"td":"Окраина","dc":1,"n":48.19,"vc":"около 100","sl":"Нормальный","sv":"менее 50","p":7.98,"q":1.05,"b":0.0,"ms":0.0,"wi":0.39,"ei":6.0,"as":350.0,"mi":"E","mv":2078792,"sc":2,"lpe":100.0,"lpr":6.43,"lq":1.0,"d":3200},{"pi":"1489","pc":"Продукты питания","ss":500,"td":"Центр города","dc":1,"n":0.0,"vc":"более 200","sl":"Нормальный","sv":"около 50","p":13.0,"q":8.2,"b":0.0,"ms":0.0,"wi":0.39,"ei":6.0,"as":350.0,"mi":"E","mv":2078792,"sc":2,"lpe":100.0,"lpr":6.43,"lq":1.0,"d":3200},{"pi":"1489","pc":"Продукты питания","ss":500,"td":"Центр города","dc":1,"n":0.0,"vc":"более 200","sl":"Нормальный","sv":"около 50","p":13.0,"q":8.2,"b":0.0,"ms":0.0,"wi":0.39,"ei":6.0,"as":350.0,"mi":"E","mv":2078792,"sc":2,"lpe":100.0,"lpr":6.43,"lq":1.0,"d":3200},{"pi":"1489","pc":"Продукты питания","ss":100,"td":"Окраина","dc":1,"n":48.19,"vc":"около 100","sl":"Нормальный","sv":"менее 50","p":7.98,"q":1.05,"b":0.0,"ms":0.0,"wi":0.39,"ei":6.0,"as":350.0,"mi":"E","mv":2078792,"sc":2,"lpe":100.0,"lpr":6.43,"lq":1.0,"d":3200},{"pi":"1489","pc":"Продукты питания","ss":500,"td":"Центр города","dc":1,"n":0.0,"vc":"более 200","sl":"Нормальный","sv":"около 50","p":13.0,"q":8.2,"b":0.0,"ms":0.0,"wi":0.39,"ei":6.0,"as":350.0,"mi":"E","mv":2078792,"sc":2,"lpe":100.0,"lpr":6.43,"lq":1.0,"d":3200},{"pi":"1489","pc":"Продукты питания","ss":100,"td":"Окраина","dc":1,"n":47.28,"vc":"около 50","sl":"Очень низкий","sv":"менее 50","p":5.05,"q":1.05,"b":0.0,"ms":0.0,"wi":0.24,"ei":4.27,"as":217.12,"mi":"E","mv":1010442,"sc":1,"lpe":100.0,"lpr":4.11,"lq":1.0,"d":1481},{"pi":"1489","pc":"Продукты питания","ss":100,"td":"Окраина","dc":1,"n":47.28,"vc":"около 50","sl":"Очень низкий","sv":"менее 50","p":5.05,"q":1.05,"b":0.0,"ms":0.0,"wi":0.24,"ei":4.27,"as":217.12,"mi":"E","mv":1010442,"sc":1,"lpe":100.0,"lpr":4.11,"lq":1.0,"d":1481},{"pi":"1489","pc":"Продукты питания","ss":100,"td":"Окраина","dc":1,"n":47.28,"vc":"около 50","sl":"Очень низкий","sv":"менее 50","p":5.05,"q":1.05,"b":0.0,"ms":0.0,"wi":0.24,"ei":4.27,"as":217.12,"mi":"E","mv":1010442,"sc":1,"lpe":100.0,"lpr":4.11,"lq":1.0,"d":1481},{"pi":"1489","pc":"Продукты питания","ss":100,"td":"Окраина","dc":1,"n":47.28,"vc":"около 50","sl":"Очень низкий","sv":"менее 50","p":5.05,"q":1.05,"b":0.0,"ms":0.0,"wi":0.24,"ei":4.27,"as":217.12,"mi":"E","mv":1010442,"sc":1,"lpe":100.0,"lpr":4.11,"lq":1.0,"d":1481},{"pi":"1489","pc":"Продукты питания","ss":100,"td":"Окраина","dc":1,"n":47.28,"vc":"около 50","sl":"Очень низкий","sv":"менее 50","p":5.05,"q":1.05,"b":0.0,"ms":0.0,"wi":0.24,"ei":4.27,"as":217.12,"mi":"E","mv":1010442,"sc":1,"lpe":100.0,"lpr":4.11,"lq":1.0,"d":1481},{"pi":"1489","pc":"Продукты питания","ss":100,"td":"Окраина","dc":1,"n":47.28,"vc":"около 50","sl":"Очень низкий","sv":"менее 50","p":5.05,"q":1.05,"b":0.0,"ms":0.0,"wi":0.24,"ei":4.27,"as":217.12,"mi":"E","mv":1010442,"sc":1,"lpe":100.0,"lpr":4.11,"lq":1.0,"d":1481},{"pi":"1489","pc":"Продукты питания","ss":100,"td":"Окраина","dc":1,"n":47.28,"vc":"около 50","sl":"Очень низкий","sv":"менее 50","p":5.05,"q":1.05,"b":0.0,"ms":0.0,"wi":0.24,"ei":4.27,"as":217.12,"mi":"E","mv":1010442,"sc":1,"lpe":100.0,"lpr":4.11,"lq":1.0,"d":1481}]