[{"pi":"1489","pc":"Продукты питания","ss":10000,"td":"Пригород","dc":2,"n":73.54,"vc":"около 1 000","sl":"Элитный","sv":"около 5 000","p":8.16,"q":1.0,"b":0.0,"ms":0.06,"wi":0.54,"ei":5.95,"as":458.23,"mi":"E","mv":6242591,"sc":1,"lpe":99.94,"lpr":10.23,"lq":1.0,"d":4109},{"pi":"1489","pc":"Продукты питания","ss":10000,"td":"Пригород","dc":2,"n":73.54,"vc":"около 1 000","sl":"Элитный","sv":"около 5 000","p":8.16,"q":1.0,"b":0.0,"ms":0.06,"wi":0.54,"ei":5.95,"as":458.23,"mi":"E","mv":6242591,"sc":1,"lpe":99.94,"lpr":10.23,"lq":1.0,"d":4109},{"pi":"1489","pc":"Продукты питания","ss":10000,"td":"Пригород","dc":2,"n":73.54,"vc":"около 1 000","sl":"Элитный","sv":"около 5 000","p":8.16,"q":1.0,"b":0.0,"ms":0.06,"wi":0.54,"ei":5.95,"as":458.23,"mi":"E","mv":6242591,"sc":1,"lpe":99.94,"lpr":10.23,"lq":1.0,"d":4109},{"pi":"1489","pc":"Продукты питания","ss":10000,"td":"Пригород","dc":2,"n":73.54,"vc":"около 1 000","sl":"Элитный","sv":"около 5 000","p":8.16,"q":1.0,"b":0.0,"ms":0.06,"wi":0.54,"ei":5.95,"as":458.23,"mi":"E","mv":6242591,"sc":1,"lpe":99.94,"lpr":10.23,"lq":1.0,"d":4109},{"pi":"1489","pc":"Продукты питания","ss":10000,"td":"Пригород","dc":2,"n":73.54,"vc":"около 1 000","sl":"Элитный","sv":"около 5 000","p":8.16,"q":1.0,"b":0.0,"ms":0.06,"wi":0.54,"ei":5.95,"as":458.23,"mi":"E","mv":6242591,"sc":1,"lpe":99.94,"lpr":10.23,"lq":1.0,"d":4109},{"pi":"1489","pc":"Продукты питания","ss":10000,"td":"Пригород","dc":2,"n":73.54,"vc":"около 1 000","sl":"Элитный","sv":"около 5 000","p":8.16,"q":1.0,"b":0.0,"ms":0.06,"wi":0.54,"ei":5.95,"as":458.23,"mi":"E","mv":6242591,"sc":1,"lpe":99.94,"lpr":10.23,"lq":1.0,"d":4109},{"pi":"1489","pc":"Продукты питания","ss":10000,"td":"Пригород","dc":2,"n":73.54,"vc":"около 1 000","sl":"Элитный","sv":"около 5 000","p":8.16,"q":1.0,"b":0.0,"ms":0.06,"wi":0.54,"ei":5.95,"as":458.23,"mi":"E","mv":6242591,"sc":1,"lpe":99.94,"lpr":10.23,"lq":1.0,"d":4109},{"pi":"1489","pc":"Продукты питания","ss":10000,"td":"Пригород","dc":2,"n":73.54,"vc":"около 1 000","sl":"Элитный","sv":"около 5 000","p":8.16,"q":1.0,"b":0.0,"ms":0.06,"wi":0.54,"ei":5.95,"as":458.23,"mi":"E","mv":6242591,"sc":1,"lpe":99.94,"lpr":10.23,"lq":1.0,"d":4109},{"pi":"1489","pc":"Продукты питания","ss":1000,"td":"Окраина","dc":1,"n":63.52,"vc":"около 500","sl":"Очень высокий","sv":"около 1 000","p":5.17,"q":5.0,"b":0.0,"ms":0.13,"wi":0.24,"ei":3.75,"as":254.7,"mi":"E","mv":799440,"sc":1,"lpe":99.87,"lpr":5.83,"lq":1.0,"d":1799},{"pi":"1489","pc":"Продукты питания","ss":1000,"td":"Окраина","dc":1,"n":63.52,"vc":"около 500","sl":"Очень высокий","sv":"около 1 000","p":5.17,"q":5.0,"b":0.0,"ms":0.13,"wi":0.24,"ei":3.75,"as":254.7,"mi":"E","mv":799440,"sc":1,"lpe":99.87,"lpr":5.83,"lq":1.0,"d":1799},{"pi":"1489","pc":"Продукты питания","ss":1000,"td":"Окраина","dc":1,"n":63.52,"vc":"около 500","sl":"Очень высокий","sv":"около 1 000","p":5.17,"q":5.0,"b":0.0,"ms":0.13,"wi":0.24,"ei":3.75,"as":254.7,"mi":"E","mv":799440,"sc":1,"lpe":99.87,"lpr":5.83,"lq":1.0,"d":1799},{"pi":"1489","pc":"Продукты питания","ss":1000,"td":"Окраина","dc":1,"n":63.52,"vc":"около 500","sl":"Очень высокий","sv":"около 1 000","p":5.17,"q":5.0,"b":0.0,"ms":0.13,"wi":0.24,"ei":3.75,"as":254.7,"mi":"E","mv":799440,"sc":1,"lpe":99.87,"lpr":5.83,"lq":1.0,"d":1799},{"pi":"1489","pc":"Продукты питания","ss":1000,"td":"Окраина","dc":1,"n":63.52,"vc":"около 500","sl":"Очень высокий","sv":"около 1 000","p":5.17,"q":5.0,"b":0.0,"ms":0.13,"wi":0.24,"ei":3.75,"as":254.7,"mi":"E","mv":799440,"sc":1,"lpe":99.87,"lpr":5.83,"lq":1.0,"d":1799},{"pi":"1489","pc":"Продукты питания","ss":1000,"td":"Окраина","dc":1,"n":63.52,"vc":"около 500","sl":"Очень высокий","sv":"около 1 000","p":5.17,"q":5.0,"b":0.0,"ms":0.13,"wi":0.24,"ei":3.75,"as":254.7,"mi":"E","mv":799440,"sc":1,"lpe":99.87,"lpr":5.83,"lq":1.0,"d":1799},{"pi":"1489","pc":"Продукты питания","ss":500,"td":"Центр города","dc":1,"n":2.49,"vc":"более 200","sl":"Очень высокий","sv":"более 200","p":3.5,"q":1.0,"b":0.0,"ms":0.01,"wi":0.14,"ei":4.25,"as":148.66,"mi":"E","mv":2090748,"sc":1,"lpe":99.99,"lpr":3.72,"lq":1.0,"d":2027},{"pi":"1489","pc":"Продукты питания","ss":500,"td":"Центр города","dc":1,"n":2.49,"vc":"более 200","sl":"Очень высокий","sv":"более 200","p":3.5,"q":1.0,"b":0.0,"ms":0.01,"wi":0.14,"ei":4.25,"as":148.66,"mi":"E","mv":2090748,"sc":1,"lpe":99.99,"lpr":3.72,"lq":1.0,"d":2027},{"pi":"1489","pc":"Продукты питания","ss":500,"td":"Центр города","dc":1,"n":2.49,"vc":"более 200","sl":"Очень высокий","sv":"более 200","p":3.5,"q":1.0,"b":0.0,"ms":0.01,"wi":0.14,"ei":4.25,"as":148.66,"mi":"E","mv":2090748,"sc":1,"lpe":99.99,"lpr":3.72,"lq":1.0,"d":2027},{"pi":"1489","pc":"Продукты питания","ss":500,"td":"Центр города","dc":1,"n":2.49,"vc":"более 200","sl":"Очень высокий","sv":"более 200","p":3.5,"q":1.0,"b":0.0,"ms":0.01,"wi":0.14,"ei":4.25,"as":148.66,"mi":"E","mv":2090748,"sc":1,"lpe":99.99,"lpr":3.72,"lq":1.0,"d":2027},{"pi":"1489","pc":"Продукты питания","ss":500,"td":"Центр города","dc":1,"n":2.49,"vc":"более 200","sl":"Очень высокий","sv":"более 200","p":3.5,"q":1.0,"b":0.0,"ms":0.01,"wi":0.14,"ei":4.25,"as":148.66,"mi":"E","mv":2090748,"sc":1,"lpe":99.99,"lpr":3.72,"lq":1.0,"d":2027},{"pi":"1489","pc":"Продукты питания","ss":500,"td":"Центр города","dc":1,"n":2.49,"vc":"более 200","sl":"Очень высокий","sv":"более 200","p":3.5,"q":1.0,"b":0.0,"ms":0.01,"wi":0.14,"ei":4.25,"as":148.66,"mi":"E","mv":2090748,"sc":1,"lpe":99.99,"lpr":3.72,"lq":1.0,"d":2027},{"pi":"1489","pc":"Продукты питания","ss":500,"td":"Центр города","dc":1,"n":2.49,"vc":"более 200","sl":"Очень высокий","sv":"более 200","p":3.5,"q":1.0,"b":0.0,"ms":0.01,"wi":0.14,"ei":4.25,"as":148.66,"mi":"E","mv":2090748,"sc":1,"lpe":99.99,"lpr":3.72,"lq":1.0,"d":2027},{"pi":"1489","pc":"Продукты питания","ss":500,"td":"Центр города","dc":1,"n":2.49,"vc":"более 200","sl":"Очень высокий","sv":"более 200","p":3.5,"q":1.0,"b":0.0,"ms":0.01,"wi":0.14,"ei":4.25,"as":148.66,"mi":"E","mv":2090748,"sc":1,"lpe":99.99,"lpr":3.72,"lq":1.0,"d":2027},{"pi":"1489","pc":"Продукты питания","ss":100,"td":"Окраина","dc":1,"n":47.84,"vc":"около 50","sl":"Нормальный","sv":"более 100","p":3.07,"q":1.05,"b":0.0,"ms":0.02,"wi":0.16,"ei":4.22,"as":130.7,"mi":"E","mv":740711,"sc":1,"lpe":99.98,"lpr":3.31,"lq":1.0,"d":647},{"pi":"1489","pc":"Продукты питания","ss":100,"td":"Окраина","dc":1,"n":47.84,"vc":"около 50","sl":"Нормальный","sv":"более 100","p":3.07,"q":1.05,"b":0.0,"ms":0.02,"wi":0.16,"ei":4.22,"as":130.7,"mi":"E","mv":740711,"sc":1,"lpe":99.98,"lpr":3.31,"lq":1.0,"d":647},{"pi":"1489","pc":"Продукты питания","ss":100,"td":"Окраина","dc":1,"n":47.84,"vc":"около 50","sl":"Нормальный","sv":"более 100","p":3.07,"q":1.05,"b":0.0,"ms":0.02,"wi":0.16,"ei":4.22,"as":130.7,"mi":"E","mv":740711,"sc":1,"lpe":99.98,"lpr":3.31,"lq":1.0,"d":647},{"pi":"1489","pc":"Продукты питания","ss":100,"td":"Окраина","dc":1,"n":47.84,"vc":"около 50","sl":"Нормальный","sv":"более 100","p":3.07,"q":1.05,"b":0.0,"ms":0.02,"wi":0.16,"ei":4.22,"as":130.7,"mi":"E","mv":740711,"sc":1,"lpe":99.98,"lpr":3.31,"lq":1.0,"d":647},{"pi":"1489","pc":"Продукты питания","ss":100,"td":"Окраина","dc":1,"n":47.84,"vc":"около 50","sl":"Нормальный","sv":"более 100","p":3.07,"q":1.05,"b":0.0,"ms":0.02,"wi":0.16,"ei":4.22,"as":130.7,"mi":"E","mv":740711,"sc":1,"lpe":99.98,"lpr":3.31,"lq":1.0,"d":647},{"pi":"1489","pc":"Продукты питания","ss":100,"td":"Окраина","dc":1,"n":47.84,"vc":"около 50","sl":"Нормальный","sv":"более 100","p":3.07,"q":1.05,"b":0.0,"ms":0.02,"wi":0.16,"ei":4.22,"as":130.7,"mi":"E","mv":740711,"sc":1,"lpe":99.98,"lpr":3.31,"lq":1.0,"d":647},{"pi":"1489","pc":"Продукты питания","ss":100,"td":"Окраина","dc":1,"n":159.76,"vc":"около 50","sl":"Нормальный","sv":"около 50","p":4.68,"q":1.05,"b":0.0,"ms":0.03,"wi":0.21,"ei":4.28,"as":186.02,"mi":"E","mv":232461,"sc":2,"lpe":98.75,"lpr":4.55,"lq":1.0,"d":282},{"pi":"1489","pc":"Продукты питания","ss":100,"td":"Окраина","dc":1,"n":159.76,"vc":"около 50","sl":"Нормальный","sv":"около 50","p":4.68,"q":1.05,"b":0.0,"ms":0.03,"wi":0.21,"ei":4.28,"as":186.02,"mi":"E","mv":232461,"sc":2,"lpe":98.75,"lpr":4.55,"lq":1.0,"d":282},{"pi":"1489","pc":"Продукты питания","ss":100,"td":"Окраина","dc":1,"n":159.76,"vc":"около 50","sl":"Нормальный","sv":"около 50","p":4.68,"q":1.05,"b":0.0,"ms":0.03,"wi":0.21,"ei":4.28,"as":186.02,"mi":"E","mv":232461,"sc":2,"lpe":98.75,"lpr":4.55,"lq":1.0,"d":282},{"pi":"1489","pc":"Продукты питания","ss":100,"td":"Окраина","dc":1,"n":159.76,"vc":"около 50","sl":"Нормальный","sv":"около 50","p":4.68,"q":1.05,"b":0.0,"ms":0.03,"wi":0.21,"ei":4.28,"as":186.02,"mi":"E","mv":232461,"sc":2,"lpe":98.75,"lpr":4.55,"lq":1.0,"d":282},{"pi":"1489","pc":"Продукты питания","ss":100,"td":"Окраина","dc":1,"n":49.63,"vc":"менее 50","sl":"Очень высокий","sv":"около 50","p":2.93,"q":1.05,"b":0.0,"ms":0.01,"wi":0.1,"ei":3.64,"as":105.12,"mi":"E","mv":240219,"sc":1,"lpe":99.99,"lpr":2.71,"lq":1.0,"d":212},{"pi":"1489","pc":"Продукты питания","ss":100,"td":"Окраина","dc":1,"n":49.63,"vc":"менее 50","sl":"Очень высокий","sv":"около 50","p":2.93,"q":1.05,"b":0.0,"ms":0.01,"wi":0.1,"ei":3.64,"as":105.12,"mi":"E","mv":240219,"sc":1,"lpe":99.99,"lpr":2.71,"lq":1.0,"d":212},{"pi":"1489","pc":"Продукты питания","ss":100,"td":"Окраина","dc":1,"n":49.63,"vc":"менее 50","sl":"Очень высокий","sv":"около 50","p":2.93,"q":1.05,"b":0.0,"ms":0.01,"wi":0.1,"ei":3.64,"as":105.12,"mi":"E","mv":240219,"sc":1,"lpe":99.99,"lpr":2.71,"lq":1.0,"d":212},{"pi":"1489","pc":"Продукты питания","ss":100,"td":"Окраина","dc":1,"n":49.63,"vc":"менее 50","sl":"Очень высокий","sv":"около 50","p":2.93,"q":1.05,"b":0.0,"ms":0.01,"wi":0.1,"ei":3.64,"as":105.12,"mi":"E","mv":240219,"sc":1,"lpe":99.99,"lpr":2.71,"lq":1.0,"d":212},{"pi":"1489","pc":"Продукты питания","ss":100,"td":"Окраина","dc":1,"n":49.63,"vc":"менее 50","sl":"Очень высокий","sv":"около 50","p":2.93,"q":1.05,"b":0.0,"ms":0.01,"wi":0.1,"ei":3.64,"as":105.12,"mi":"E","mv":240219,"sc":1,"lpe":99.99,"lpr":2.71,"lq":1.0,"d":212},{"pi":"1489","pc":"Продукты питания","ss":100,"td":"Окраина","dc":1,"n":49.63,"vc":"менее 50","sl":"Очень высокий","sv":"около 50","p":2.93,"q":1.05,"b":0.0,"ms":0.01,"wi":0.1,"ei":3.64,"as":105.12,"mi":"E","mv":240219,"sc":1,"lpe":99.99,"lpr":2.71,"lq":1.0,"d":212},{"pi":"1489","pc":"Продукты питания","ss":100,"td":"Окраина","dc":1,"n":49.63,"vc":"менее 50","sl":"Очень высокий","sv":"около 50","p":2.93,"q":1.05,"b":0.0,"ms":0.01,"wi":0.1,"ei":3.64,"as":105.12,"mi":"E","mv":240219,"sc":1,"lpe":99.99,"lpr":2.71,"lq":1.0,"d":212},{"pi":"1489","pc":"Продукты питания","ss":100,"td":"Окраина","dc":1,"n":49.63,"vc":"менее 50","sl":"Очень высокий","sv":"около 50","p":2.93,"q":1.05,"b":0.0,"ms":0.01,"wi":0.1,"ei":3.64,"as":105.12,"mi":"E","mv":240219,"sc":1,"lpe":99.99,"lpr":2.71,"lq":1.0,"d":212},{"pi":"1489","pc":"Продукты питания","ss":1000,"td":"Пригород","dc":3,"n":236.14,"vc":"более 200","sl":"Высокий","sv":"около 100","p":3.05,"q":1.05,"b":0.0,"ms":0.11,"wi":0.13,"ei":3.71,"as":101.4,"mi":"E","mv":73369,"sc":1,"lpe":99.89,"lpr":2.59,"lq":1.0,"d":155},{"pi":"1489","pc":"Продукты питания","ss":1000,"td":"Пригород","dc":3,"n":236.14,"vc":"более 200","sl":"Высокий","sv":"около 100","p":3.05,"q":1.05,"b":0.0,"ms":0.11,"wi":0.13,"ei":3.71,"as":101.4,"mi":"E","mv":73369,"sc":1,"lpe":99.89,"lpr":2.59,"lq":1.0,"d":155},{"pi":"1489","pc":"Продукты питания","ss":1000,"td":"Пригород","dc":3,"n":236.14,"vc":"более 200","sl":"Высокий","sv":"около 100","p":3.05,"q":1.05,"b":0.0,"ms":0.11,"wi":0.13,"ei":3.71,"as":101.4,"mi":"E","mv":73369,"sc":1,"lpe":99.89,"lpr":2.59,"lq":1.0,"d":155},{"pi":"1489","pc":"Продукты питания","ss":1000,"td":"Пригород","dc":3,"n":236.14,"vc":"более 200","sl":"Высокий","sv":"около 100","p":3.05,"q":1.05,"b":0.0,"ms":0.11,"wi":0.13,"ei":3.71,"as":101.4,"mi":"E","mv":73369,"sc":1,"lpe":99.89,"lpr":2.59,"lq":1.0,"d":155},{"pi":"1489","pc":"Продукты питания","ss":1000,"td":"Пригород","dc":3,"n":236.14,"vc":"более 200","sl":"Высокий","sv":"около 100","p":3.05,"q":1.05,"b":0.0,"ms":0.11,"wi":0.13,"ei":3.71,"as":101.4,"mi":"E","mv":73369,"sc":1,"lpe":99.89,"lpr":2.59,"lq":1.0,"d":155},{"pi":"1489","pc":"Продукты питания","ss":1000,"td":"Пригород","dc":3,"n":236.14,"vc":"более 200","sl":"Высокий","sv":"около 100","p":3.05,"q":1.05,"b":0.0,"ms":0.11,"wi":0.13,"ei":3.71,"as":101.4,"mi":"E","mv":73369,"sc":1,"lpe":99.89,"lpr":2.59,"lq":1.0,"d":155},{"pi":"1489","pc":"Продукты питания","ss":1000,"td":"Пригород","dc":3,"n":236.14,"vc":"более 200","sl":"Высокий","sv":"около 100","p":3.05,"q":1.05,"b":0.0,"ms":0.11,"wi":0.13,"ei":3.71,"as":101.4,"mi":"E","mv":73369,"sc":1,"lpe":99.89,"lpr":2.59,"lq":1.0,"d":155},{"pi":"1489","pc":"Продукты питания","ss":1000,"td":"Пригород","dc":3,"n":236.14,"vc":"более 200","sl":"Высокий","sv":"около 100","p":3.05,"q":1.05,"b":0.0,"ms":0.11,"wi":0.13,"ei":3.71,"as":101.4,"mi":"E","mv":73369,"sc":1,"lpe":99.89,"lpr":2.59,"lq":1.0,"d":155},{"pi":"1489","pc":"Продукты питания","ss":1000,"td":"Пригород","dc":3,"n":236.14,"vc":"более 200","sl":"Высокий","sv":"около 100","p":3.05,"q":1.05,"b":0.0,"ms":0.11,"wi":0.13,"ei":3.71,"as":101.4,"mi":"E","mv":73369,"sc":1,"lpe":99.89,"lpr":2.59,"lq":1.0,"d":155},{"pi":"1489","pc":"Продукты питания","ss":1000,"td":"Пригород","dc":3,"n":236.14,"vc":"более 200","sl":"Высокий","sv":"около 100","p":3.05,"q":1.05,"b":0.0,"ms":0.11,"wi":0.13,"ei":3.71,"as":101.4,"mi":"E","mv":73369,"sc":1,"lpe":99.89,"lpr":2.59,"lq":1.0,"d":155},{"pi":"1489","pc":"Продукты питания","ss":1000,"td":"Центр города","dc":2,"n":44.22,"vc":"около 500","sl":"Элитный","sv":"около 50","p":30.66,"q":3.59,"b":0.0,"ms":0.0,"wi":1.53,"ei":8.2,"as":1410.0,"mi":"E","mv":977981,"sc":1,"lpe":100.0,"lpr":28.64,"lq":1.0,"d":1409},{"pi":"1489","pc":"Продукты питания","ss":1000,"td":"Центр города","dc":2,"n":44.22,"vc":"около 500","sl":"Элитный","sv":"около 50","p":30.66,"q":3.59,"b":0.0,"ms":0.0,"wi":1.53,"ei":8.2,"as":1410.0,"mi":"E","mv":977981,"sc":1,"lpe":100.0,"lpr":28.64,"lq":1.0,"d":1409},{"pi":"1489","pc":"Продукты питания","ss":1000,"td":"Центр города","dc":2,"n":44.22,"vc":"около 500","sl":"Элитный","sv":"около 50","p":30.66,"q":3.59,"b":0.0,"ms":0.0,"wi":1.53,"ei":8.2,"as":1410.0,"mi":"E","mv":977981,"sc":1,"lpe":100.0,"lpr":28.64,"lq":1.0,"d":1409},{"pi":"1489","pc":"Продукты питания","ss":1000,"td":"Центр города","dc":2,"n":44.22,"vc":"около 500","sl":"Элитный","sv":"около 50","p":30.66,"q":3.59,"b":0.0,"ms":0.0,"wi":1.53,"ei":8.2,"as":1410.0,"mi":"E","mv":977981,"sc":1,"lpe":100.0,"lpr":28.64,"lq":1.0,"d":1409},{"pi":"1489","pc":"Продукты питания","ss":1000,"td":"Центр города","dc":2,"n":44.22,"vc":"около 500","sl":"Элитный","sv":"около 50","p":30.66,"q":3.59,"b":0.0,"ms":0.0,"wi":1.53,"ei":8.2,"as":1410.0,"mi":"E","mv":977981,"sc":1,"lpe":100.0,"lpr":28.64,"lq":1.0,"d":1409},{"pi":"1489","pc":"Продукты питания","ss":1000,"td":"Центр города","dc":2,"n":44.22,"vc":"около 500","sl":"Элитный","sv":"около 50","p":30.66,"q":3.59,"b":0.0,"ms":0.0,"wi":1.53,"ei":8.2,"as":1410.0,"mi":"E","mv":977981,"sc":1,"lpe":100.0,"lpr":28.64,"lq":1.0,"d":1409},{"pi":"1489","pc":"Продукты питания","ss":1000,"td":"Центр города","dc":2,"n":44.22,"vc":"около 500","sl":"Элитный","sv":"около 50","p":30.66,"q":3.59,"b":0.0,"ms":0.0,"wi":1.53,"ei":8.2,"as":1410.0,"mi":"E","mv":977981,"sc":1,"lpe":100.0,"lpr":28.64,"lq":1.0,"d":1409},{"pi":"1489","pc":"Продукты питания","ss":1000,"td":"Центр города","dc":2,"n":44.22,"vc":"около 500","sl":"Элитный","sv":"около 50","p":30.66,"q":3.59,"b":0.0,"ms":0.0,"wi":1.53,"ei":8.2,"as":1410.0,"mi":"E","mv":977981,"sc":1,"lpe":100.0,"lpr":28.64,"lq":1.0,"d":1409},{"pi":"1489","pc":"Продукты питания","ss":1000,"td":"Центр города","dc":2,"n":44.22,"vc":"около 500","sl":"Элитный","sv":"около 50","p":30.66,"q":3.59,"b":0.0,"ms":0.0,"wi":1.53,"ei":8.2,"as":1410.0,"mi":"E","mv":977981,"sc":1,"lpe":100.0,"lpr":28.64,"lq":1.0,"d":1409},{"pi":"1489","pc":"Продукты питания","ss":100,"td":"Центр города","dc":1,"n":49.26,"vc":"более 100","sl":"Низкий","sv":"менее 50","p":28.51,"q":1.05,"b":0.0,"ms":0.0,"wi":1.22,"ei":8.6,"as":1300.0,"mi":"E","mv":4402625,"sc":1,"lpe":100.0,"lpr":26.99,"lq":1.0,"d":2719},{"pi":"1489","pc":"Продукты питания","ss":100,"td":"Центр города","dc":1,"n":49.26,"vc":"более 100","sl":"Низкий","sv":"менее 50","p":28.51,"q":1.05,"b":0.0,"ms":0.0,"wi":1.22,"ei":8.6,"as":1300.0,"mi":"E","mv":4402625,"sc":1,"lpe":100.0,"lpr":26.99,"lq":1.0,"d":2719},{"pi":"1489","pc":"Продукты питания","ss":100,"td":"Центр города","dc":1,"n":49.26,"vc":"более 100","sl":"Низкий","sv":"менее 50","p":28.51,"q":1.05,"b":0.0,"ms":0.0,"wi":1.22,"ei":8.6,"as":1300.0,"mi":"E","mv":4402625,"sc":1,"lpe":100.0,"lpr":26.99,"lq":1.0,"d":2719},{"pi":"1489","pc":"Продукты питания","ss":100,"td":"Центр города","dc":1,"n":49.26,"vc":"более 100","sl":"Низкий","sv":"менее 50","p":28.51,"q":1.05,"b":0.0,"ms":0.0,"wi":1.22,"ei":8.6,"as":1300.0,"mi":"E","mv":4402625,"sc":1,"lpe":100.0,"lpr":26.99,"lq":1.0,"d":2719},{"pi":"1489","pc":"Продукты питания","ss":100,"td":"Центр города","dc":1,"n":49.26,"vc":"более 100","sl":"Низкий","sv":"менее 50","p":28.51,"q":1.05,"b":0.0,"ms":0.0,"wi":1.22,"ei":8.6,"as":1300.0,"mi":"E","mv":4402625,"sc":1,"lpe":100.0,"lpr":26.99,"lq":1.0,"d":2719},{"pi":"1489","pc":"Продукты питания","ss":100,"td":"Центр города","dc":1,"n":49.26,"vc":"более 100","sl":"Низкий","sv":"менее 50","p":28.51,"q":1.05,"b":0.0,"ms":0.0,"wi":1.22,"ei":8.6,"as":1300.0,"mi":"E","mv":4402625,"sc":1,"lpe":100.0,"lpr":26.99,"lq":1.0,"d":2719},{"pi":"1489","pc":"Продукты питания","ss":100,"td":"Центр города","dc":1,"n":49.26,"vc":"более 100","sl":"Низкий","sv":"менее 50","p":28.51,"q":1.05,"b":0.0,"ms":0.0,"wi":1.22,"ei":8.6,"as":1300.0,"mi":"E","mv":4402625,"sc":1,"lpe":100.0,"lpr":26.99,"lq":1.0,"d":2719},{"pi":"1489","pc":"Продукты питания","ss":500,"td":"Спальный район","dc":1,"n":47.25,"vc":"более 200","sl":"Элитный","sv":"около 500","p":27.2,"q":6.43,"b":0.0,"ms":0.03,"wi":1.63,"ei":8.3,"as":1440.0,"mi":"E","mv":1822938,"sc":1,"lpe":99.97,"lpr":29.59,"lq":1.0,"d":3884},{"pi":"1489","pc":"Продукты питания","ss":500,"td":"Спальный район","dc":1,"n":47.25,"vc":"более 200","sl":"Элитный","sv":"около 500","p":27.2,"q":6.43,"b":0.0,"ms":0.03,"wi":1.63,"ei":8.3,"as":1440.0,"mi":"E","mv":1822938,"sc":1,"lpe":99.97,"lpr":29.59,"lq":1.0,"d":3884},{"pi":"1489","pc":"Продукты питания","ss":500,"td":"Спальный район","dc":1,"n":47.25,"vc":"более 200","sl":"Элитный","sv":"около 500","p":27.2,"q":6.43,"b":0.0,"ms":0.03,"wi":1.63,"ei":8.3,"as":1440.0,"mi":"E","mv":1822938,"sc":1,"lpe":99.97,"lpr":29.59,"lq":1.0,"d":3884},{"pi":"1489","pc":"Продукты питания","ss":500,"td":"Спальный район","dc":1,"n":47.25,"vc":"более 200","sl":"Элитный","sv":"около 500","p":27.2,"q":6.43,"b":0.0,"ms":0.03,"wi":1.63,"ei":8.3,"as":1440.0,"mi":"E","mv":1822938,"sc":1,"lpe":99.97,"lpr":29.59,"lq":1.0,"d":3884},{"pi":"1489","pc":"Продукты питания","ss":500,"td":"Спальный район","dc":1,"n":47.25,"vc":"более 200","sl":"Элитный","sv":"около 500","p":27.2,"q":6.43,"b":0.0,"ms":0.03,"wi":1.63,"ei":8.3,"as":1440.0,"mi":"E","mv":1822938,"sc":1,"lpe":99.97,"lpr":29.59,"lq":1.0,"d":3884},{"pi":"1489","pc":"Продукты питания","ss":500,"td":"Спальный район","dc":1,"n":47.25,"vc":"более 200","sl":"Элитный","sv":"около 500","p":27.2,"q":6.43,"b":0.0,"ms":0.03,"wi":1.63,"ei":8.3,"as":1440.0,"mi":"E","mv":1822938,"sc":1,"lpe":99.97,"lpr":29.59,"lq":1.0,"d":3884},{"pi":"1489","pc":"Продукты питания","ss":500,"td":"Спальный район","dc":1,"n":47.25,"vc":"более 200","sl":"Элитный","sv":"около 500","p":27.2,"q":6.43,"b":0.0,"ms":0.03,"wi":1.63,"ei":8.3,"as":1440.0,"mi":"E","mv":1822938,"sc":1,"lpe":99.97,"lpr":29.59,"lq":1.0,"d":3884},{"pi":"1489","pc":"Продукты питания","ss":500,"td":"Спальный район","dc":1,"n":47.25,"vc":"более 200","sl":"Элитный","sv":"около 500","p":27.2,"q":6.43,"b":0.0,"ms":0.03,"wi":1.63,"ei":8.3,"as":1440.0,"mi":"E","mv":1822938,"sc":1,"lpe":99.97,"lpr":29.59,"lq":1.0,"d":3884},{"pi":"1489","pc":"Продукты питания","ss":100,"td":"Центр города","dc":1,"n":55.65,"vc":"около 100","sl":"Нормальный","sv":"менее 50","p":34.23,"q":10.0,"b":0.0,"ms":0.01,"wi":1.55,"ei":7.4,"as":1430.0,"mi":"E","mv":559031,"sc":1,"lpe":99.99,"lpr":29.54,"lq":1.0,"d":885},{"pi":"1489","pc":"Продукты питания","ss":100,"td":"Центр города","dc":1,"n":55.65,"vc":"около 100","sl":"Нормальный","sv":"менее 50","p":34.23,"q":10.0,"b":0.0,"ms":0.01,"wi":1.55,"ei":7.4,"as":1430.0,"mi":"E","mv":559031,"sc":1,"lpe":99.99,"lpr":29.54,"lq":1.0,"d":885},{"pi":"1489","pc":"Продукты питания","ss":100,"td":"Центр города","dc":1,"n":55.65,"vc":"около 100","sl":"Нормальный","sv":"менее 50","p":34.23,"q":10.0,"b":0.0,"ms":0.01,"wi":1.55,"ei":7.4,"as":1430.0,"mi":"E","mv":559031,"sc":1,"lpe":99.99,"lpr":29.54,"lq":1.0,"d":885},{"pi":"1489","pc":"Продукты питания","ss":100,"td":"Центр города","dc":1,"n":55.65,"vc":"около 100","sl":"Нормальный","sv":"менее 50","p":34.23,"q":10.0,"b":0.0,"ms":0.01,"wi":1.55,"ei":7.4,"as":1430.0,"mi":"E","mv":559031,"sc":1,"lpe":99.99,"lpr":29.54,"lq":1.0,"d":885},{"pi":"1489","pc":"Продукты питания","ss":100,"td":"Центр города","dc":1,"n":55.65,"vc":"около 100","sl":"Нормальный","sv":"менее 50","p":34.23,"q":10.0,"b":0.0,"ms":0.01,"wi":1.55,"ei":7.4,"as":1430.0,"mi":"E","mv":559031,"sc":1,"lpe":99.99,"lpr":29.54,"lq":1.0,"d":885},{"pi":"1489","pc":"Продукты питания","ss":100,"td":"Центр города","dc":1,"n":55.65,"vc":"около 100","sl":"Нормальный","sv":"менее 50","p":34.23,"q":10.0,"b":0.0,"ms":0.01,"wi":1.55,"ei":7.4,"as":1430.0,"mi":"E","mv":559031,"sc":1,"lpe":99.99,"lpr":29.54,"lq":1.0,"d":885},{"pi":"1489","pc":"Продукты питания","ss":100,"td":"Центр города","dc":1,"n":55.65,"vc":"около 100","sl":"Нормальный","sv":"менее 50","p":34.23,"q":10.0,"b":0.0,"ms":0.01,"wi":1.55,"ei":7.4,"as":1430.0,"mi":"E","mv":559031,"sc":1,"lpe":99.99,"lpr":29.54,"lq":1.0,"d":885},{"pi":"1489","pc":"Продукты питания","ss":500,"td":"Спальный район","dc":1,"n":203.53,"vc":"более 200","sl":"Элитный","sv":"более 200","p":18.35,"q":2.81,"b":0.0,"ms":0.19,"wi":0.93,"ei":6.5,"as":990.0,"mi":"E","mv":155559,"sc":1,"lpe":99.81,"lpr":20.15,"lq":1.0,"d":301},{"pi":"1489","pc":"Продукты питания","ss":500,"td":"Спальный район","dc":1,"n":203.53,"vc":"более 200","sl":"Элитный","sv":"более 200","p":18.35,"q":2.81,"b":0.0,"ms":0.19,"wi":0.93,"ei":6.5,"as":990.0,"mi":"E","mv":155559,"sc":1,"lpe":99.81,"lpr":20.15,"lq":1.0,"d":301},{"pi":"1489","pc":"Продукты питания","ss":500,"td":"Спальный район","dc":1,"n":203.53,"vc":"более 200","sl":"Элитный","sv":"более 200","p":18.35,"q":2.81,"b":0.0,"ms":0.19,"wi":0.93,"ei":6.5,"as":990.0,"mi":"E","mv":155559,"sc":1,"lpe":99.81,"lpr":20.15,"lq":1.0,"d":301},{"pi":"1489","pc":"Продукты питания","ss":500,"td":"Спальный район","dc":1,"n":203.53,"vc":"более 200","sl":"Элитный","sv":"более 200","p":18.35,"q":2.81,"b":0.0,"ms":0.19,"wi":0.93,"ei":6.5,"as":990.0,"mi":"E","mv":155559,"sc":1,"lpe":99.81,"lpr":20.15,"lq":1.0,"d":301},{"pi":"1489","pc":"Продукты питания","ss":500,"td":"Спальный район","dc":1,"n":203.53,"vc":"более 200","sl":"Элитный","sv":"более 200","p":18.35,"q":2.81,"b":0.0,"ms":0.19,"wi":0.93,"ei":6.5,"as":990.0,"mi":"E","mv":155559,"sc":1,"lpe":99.81,"lpr":20.15,"lq":1.0,"d":301},{"pi":"1489","pc":"Продукты питания","ss":500,"td":"Спальный район","dc":1,"n":203.53,"vc":"более 200","sl":"Элитный","sv":"более 200","p":18.35,"q":2.81,"b":0.0,"ms":0.19,"wi":0.93,"ei":6.5,"as":990.0,"mi":"E","mv":155559,"sc":1,"lpe":99.81,"lpr":20.15,"lq":1.0,"d":301},{"pi":"1489","pc":"Продукты питания","ss":500,"td":"Спальный район","dc":1,"n":203.53,"vc":"более 200","sl":"Элитный","sv":"более 200","p":18.35,"q":2.81,"b":0.0,"ms":0.19,"wi":0.93,"ei":6.5,"as":990.0,"mi":"E","mv":155559,"sc":1,"lpe":99.81,"lpr":20.15,"lq":1.0,"d":301},{"pi":"1489","pc":"Продукты питания","ss":500,"td":"Спальный район","dc":1,"n":203.53,"vc":"более 200","sl":"Элитный","sv":"более 200","p":18.35,"q":2.81,"b":0.0,"ms":0.19,"wi":0.93,"ei":6.5,"as":990.0,"mi":"E","mv":155559,"sc":1,"lpe":99.81,"lpr":20.15,"lq":1.0,"d":301},{"pi":"1489","pc":"Продукты питания","ss":500,"td":"Центр города","dc":1,"n":25.11,"vc":"более 100","sl":"Элитный","sv":"менее 50","p":3.0,"q":1.05,"b":0.0,"ms":0.0,"wi":0.1,"ei":4.28,"as":93.44,"mi":"E","mv":510797,"sc":1,"lpe":100.0,"lpr":2.3,"lq":1.0,"d":953},{"pi":"1489","pc":"Продукты питания","ss":500,"td":"Центр города","dc":1,"n":25.11,"vc":"более 100","sl":"Элитный","sv":"менее 50","p":3.0,"q":1.05,"b":0.0,"ms":0.0,"wi":0.1,"ei":4.28,"as":93.44,"mi":"E","mv":510797,"sc":1,"lpe":100.0,"lpr":2.3,"lq":1.0,"d":953},{"pi":"1489","pc":"Продукты питания","ss":500,"td":"Спальный район","dc":1,"n":5.06,"vc":"более 200","sl":"Очень высокий","sv":"около 500","p":4.03,"q":1.25,"b":0.0,"ms":0.0,"wi":0.19,"ei":4.25,"as":181.97,"mi":"E","mv":8245989,"sc":1,"lpe":100.0,"lpr":4.38,"lq":1.0,"d":5743},{"pi":"1489","pc":"Продукты питания","ss":500,"td":"Спальный район","dc":1,"n":5.06,"vc":"более 200","sl":"Очень высокий","sv":"около 500","p":4.03,"q":1.25,"b":0.0,"ms":0.0,"wi":0.19,"ei":4.25,"as":181.97,"mi":"E","mv":8245989,"sc":1,"lpe":100.0,"lpr":4.38,"lq":1.0,"d":5743},{"pi":"1489","pc":"Продукты питания","ss":500,"td":"Спальный район","dc":1,"n":5.06,"vc":"более 200","sl":"Очень высокий","sv":"около 500","p":4.03,"q":1.25,"b":0.0,"ms":0.0,"wi":0.19,"ei":4.25,"as":181.97,"mi":"E","mv":8245989,"sc":1,"lpe":100.0,"lpr":4.38,"lq":1.0,"d":5743},{"pi":"1489","pc":"Продукты питания","ss":500,"td":"Спальный район","dc":1,"n":5.06,"vc":"более 200","sl":"Очень высокий","sv":"около 500","p":4.03,"q":1.25,"b":0.0,"ms":0.0,"wi":0.19,"ei":4.25,"as":181.97,"mi":"E","mv":8245989,"sc":1,"lpe":100.0,"lpr":4.38,"lq":1.0,"d":5743},{"pi":"1489","pc":"Продукты питания","ss":500,"td":"Спальный район","dc":1,"n":5.06,"vc":"более 200","sl":"Очень высокий","sv":"около 500","p":4.03,"q":1.25,"b":0.0,"ms":0.0,"wi":0.19,"ei":4.25,"as":181.97,"mi":"E","mv":8245989,"sc":1,"lpe":100.0,"lpr":4.38,"lq":1.0,"d":5743},{"pi":"1489","pc":"Продукты питания","ss":500,"td":"Спальный район","dc":1,"n":5.06,"vc":"более 200","sl":"Очень высокий","sv":"около 500","p":4.03,"q":1.25,"b":0.0,"ms":0.0,"wi":0.19,"ei":4.25,"as":181.97,"mi":"E","mv":8245989,"sc":1,"lpe":100.0,"lpr":4.38,"lq":1.0,"d":5743},{"pi":"1489","pc":"Продукты питания","ss":500,"td":"Спальный район","dc":1,"n":5.06,"vc":"более 200","sl":"Очень высокий","sv":"около 500","p":4.03,"q":1.25,"b":0.0,"ms":0.0,"wi":0.19,"ei":4.25,"as":181.97,"mi":"E","mv":8245989,"sc":1,"lpe":100.0,"lpr":4.38,"lq":1.0,"d":5743},{"pi":"1489","pc":"Продукты питания","ss":500,"td":"Спальный район","dc":1,"n":5.06,"vc":"более 200","sl":"Очень высокий","sv":"около 500","p":4.03,"q":1.25,"b":0.0,"ms":0.0,"wi":0.19,"ei":4.25,"as":181.97,"mi":"E","mv":8245989,"sc":1,"lpe":100.0,"lpr":4.38,"lq":1.0,"d":5743}]