[{"pi":"1489","pc":"Продукты питания","ss":1000,"td":"Спальный район","dc":2,"n":0.0,"vc":"около 500","sl":"Очень высокий","sv":"более 100","p":3.0,"q":1.0,"b":0.0,"wi":0.13,"ei":4.29,"as":136.12,"mi":"E","mv":14875182,"sc":2,"lpe":100.0,"lpr":2.64,"lq":1.0},{"pi":"1489","pc":"Продукты питания","ss":500,"td":"Центр города","dc":1,"n":0.0,"vc":"более 200","sl":"Высокий","sv":"около 500","p":2.3,"q":1.05,"b":0.0,"wi":0.13,"ei":4.29,"as":136.12,"mi":"E","mv":14875182,"sc":2,"lpe":100.0,"lpr":2.64,"lq":1.0},{"pi":"1489","pc":"Продукты питания","ss":500,"td":"Центр города","dc":1,"n":0.0,"vc":"более 200","sl":"Высокий","sv":"около 500","p":2.3,"q":1.05,"b":0.0,"wi":0.13,"ei":4.29,"as":136.12,"mi":"E","mv":14875182,"sc":2,"lpe":100.0,"lpr":2.64,"lq":1.0},{"pi":"1489","pc":"Продукты питания","ss":1000,"td":"Спальный район","dc":2,"n":0.0,"vc":"около 500","sl":"Очень высокий","sv":"более 100","p":3.0,"q":1.0,"b":0.0,"wi":0.13,"ei":4.29,"as":136.12,"mi":"E","mv":14875182,"sc":2,"lpe":100.0,"lpr":2.64,"lq":1.0},{"pi":"1489","pc":"Продукты питания","ss":1000,"td":"Спальный район","dc":2,"n":0.0,"vc":"около 500","sl":"Очень высокий","sv":"более 100","p":3.0,"q":1.0,"b":0.0,"wi":0.13,"ei":4.29,"as":136.12,"mi":"E","mv":14875182,"sc":2,"lpe":100.0,"lpr":2.64,"lq":1.0},{"pi":"1489","pc":"Продукты питания","ss":500,"td":"Центр города","dc":1,"n":0.0,"vc":"более 200","sl":"Высокий","sv":"около 500","p":2.3,"q":1.05,"b":0.0,"wi":0.13,"ei":4.29,"as":136.12,"mi":"E","mv":14875182,"sc":2,"lpe":100.0,"lpr":2.64,"lq":1.0},{"pi":"1489","pc":"Продукты питания","ss":500,"td":"Центр города","dc":1,"n":0.0,"vc":"более 200","sl":"Высокий","sv":"около 500","p":2.3,"q":1.05,"b":0.0,"wi":0.13,"ei":4.29,"as":136.12,"mi":"E","mv":14875182,"sc":2,"lpe":100.0,"lpr":2.64,"lq":1.0},{"pi":"1489","pc":"Продукты питания","ss":1000,"td":"Спальный район","dc":2,"n":0.0,"vc":"около 500","sl":"Очень высокий","sv":"более 100","p":3.0,"q":1.0,"b":0.0,"wi":0.13,"ei":4.29,"as":136.12,"mi":"E","mv":14875182,"sc":2,"lpe":100.0,"lpr":2.64,"lq":1.0},{"pi":"1489","pc":"Продукты питания","ss":1000,"td":"Спальный район","dc":2,"n":0.0,"vc":"около 500","sl":"Очень высокий","sv":"более 100","p":3.0,"q":1.0,"b":0.0,"wi":0.13,"ei":4.29,"as":136.12,"mi":"E","mv":14875182,"sc":2,"lpe":100.0,"lpr":2.64,"lq":1.0},{"pi":"1489","pc":"Продукты питания","ss":1000,"td":"Спальный район","dc":2,"n":0.0,"vc":"около 500","sl":"Очень высокий","sv":"более 100","p":3.0,"q":1.0,"b":0.0,"wi":0.13,"ei":4.29,"as":136.12,"mi":"E","mv":14875182,"sc":2,"lpe":100.0,"lpr":2.64,"lq":1.0},{"pi":"1489","pc":"Продукты питания","ss":1000,"td":"Спальный район","dc":2,"n":0.0,"vc":"около 500","sl":"Очень высокий","sv":"более 100","p":3.0,"q":1.0,"b":0.0,"wi":0.13,"ei":4.29,"as":136.12,"mi":"E","mv":14875182,"sc":2,"lpe":100.0,"lpr":2.64,"lq":1.0},{"pi":"1489","pc":"Продукты питания","ss":1000,"td":"Спальный район","dc":2,"n":0.0,"vc":"около 500","sl":"Очень высокий","sv":"более 100","p":3.0,"q":1.0,"b":0.0,"wi":0.13,"ei":4.29,"as":136.12,"mi":"E","mv":14875182,"sc":2,"lpe":100.0,"lpr":2.64,"lq":1.0},{"pi":"1489","pc":"Продукты питания","ss":1000,"td":"Спальный район","dc":2,"n":0.0,"vc":"около 500","sl":"Очень высокий","sv":"более 100","p":3.0,"q":1.0,"b":0.0,"wi":0.13,"ei":4.29,"as":136.12,"mi":"E","mv":14875182,"sc":2,"lpe":100.0,"lpr":2.64,"lq":1.0},{"pi":"1489","pc":"Продукты питания","ss":1000,"td":"Спальный район","dc":2,"n":0.0,"vc":"около 500","sl":"Очень высокий","sv":"более 100","p":3.0,"q":1.0,"b":0.0,"wi":0.13,"ei":4.29,"as":136.12,"mi":"E","mv":14875182,"sc":2,"lpe":100.0,"lpr":2.64,"lq":1.0},{"pi":"1489","pc":"Продукты питания","ss":1000,"td":"Спальный район","dc":2,"n":0.0,"vc":"около 500","sl":"Очень высокий","sv":"более 100","p":3.0,"q":1.0,"b":0.0,"wi":0.13,"ei":4.29,"as":136.12,"mi":"E","mv":14875182,"sc":2,"lpe":100.0,"lpr":2.64,"lq":1.0},{"pi":"1489","pc":"Продукты питания","ss":100,"td":"Окраина","dc":2,"n":148.23,"vc":"около 50","sl":"Низкий","sv":"около 50","p":2.4,"q":1.05,"b":0.0,"wi":0.15,"ei":4.23,"as":122.35,"mi":"E","mv":73156,"sc":1,"lpe":99.91,"lpr":2.49,"lq":1.0},{"pi":"1489","pc":"Продукты питания","ss":100,"td":"Окраина","dc":2,"n":148.23,"vc":"около 50","sl":"Низкий","sv":"около 50","p":2.4,"q":1.05,"b":0.0,"wi":0.15,"ei":4.23,"as":122.35,"mi":"E","mv":73156,"sc":1,"lpe":99.91,"lpr":2.49,"lq":1.0},{"pi":"1489","pc":"Продукты питания","ss":100,"td":"Окраина","dc":2,"n":148.23,"vc":"около 50","sl":"Низкий","sv":"около 50","p":2.4,"q":1.05,"b":0.0,"wi":0.15,"ei":4.23,"as":122.35,"mi":"E","mv":73156,"sc":1,"lpe":99.91,"lpr":2.49,"lq":1.0},{"pi":"1489","pc":"Продукты питания","ss":100,"td":"Окраина","dc":2,"n":148.23,"vc":"около 50","sl":"Низкий","sv":"около 50","p":2.4,"q":1.05,"b":0.0,"wi":0.15,"ei":4.23,"as":122.35,"mi":"E","mv":73156,"sc":1,"lpe":99.91,"lpr":2.49,"lq":1.0},{"pi":"1489","pc":"Продукты питания","ss":100,"td":"Окраина","dc":2,"n":148.23,"vc":"около 50","sl":"Низкий","sv":"около 50","p":2.4,"q":1.05,"b":0.0,"wi":0.15,"ei":4.23,"as":122.35,"mi":"E","mv":73156,"sc":1,"lpe":99.91,"lpr":2.49,"lq":1.0},{"pi":"1489","pc":"Продукты питания","ss":100,"td":"Окраина","dc":2,"n":148.23,"vc":"около 50","sl":"Низкий","sv":"около 50","p":2.4,"q":1.05,"b":0.0,"wi":0.15,"ei":4.23,"as":122.35,"mi":"E","mv":73156,"sc":1,"lpe":99.91,"lpr":2.49,"lq":1.0},{"pi":"1489","pc":"Продукты питания","ss":100,"td":"Окраина","dc":2,"n":148.23,"vc":"около 50","sl":"Низкий","sv":"около 50","p":2.4,"q":1.05,"b":0.0,"wi":0.15,"ei":4.23,"as":122.35,"mi":"E","mv":73156,"sc":1,"lpe":99.91,"lpr":2.49,"lq":1.0},{"pi":"1489","pc":"Продукты питания","ss":100,"td":"Окраина","dc":2,"n":148.23,"vc":"около 50","sl":"Низкий","sv":"около 50","p":2.4,"q":1.05,"b":0.0,"wi":0.15,"ei":4.23,"as":122.35,"mi":"E","mv":73156,"sc":1,"lpe":99.91,"lpr":2.49,"lq":1.0},{"pi":"1489","pc":"Продукты питания","ss":100,"td":"Окраина","dc":1,"n":45.76,"vc":"около 50","sl":"Высокий","sv":"около 50","p":4.29,"q":1.04,"b":0.0,"wi":0.26,"ei":4.38,"as":210.7,"mi":"E","mv":342466,"sc":1,"lpe":99.99,"lpr":4.07,"lq":1.0},{"pi":"1489","pc":"Продукты питания","ss":100,"td":"Окраина","dc":1,"n":45.76,"vc":"около 50","sl":"Высокий","sv":"около 50","p":4.29,"q":1.04,"b":0.0,"wi":0.26,"ei":4.38,"as":210.7,"mi":"E","mv":342466,"sc":1,"lpe":99.99,"lpr":4.07,"lq":1.0},{"pi":"1489","pc":"Продукты питания","ss":100,"td":"Окраина","dc":1,"n":45.76,"vc":"около 50","sl":"Высокий","sv":"около 50","p":4.29,"q":1.04,"b":0.0,"wi":0.26,"ei":4.38,"as":210.7,"mi":"E","mv":342466,"sc":1,"lpe":99.99,"lpr":4.07,"lq":1.0},{"pi":"1489","pc":"Продукты питания","ss":100,"td":"Окраина","dc":1,"n":45.76,"vc":"около 50","sl":"Высокий","sv":"около 50","p":4.29,"q":1.04,"b":0.0,"wi":0.26,"ei":4.38,"as":210.7,"mi":"E","mv":342466,"sc":1,"lpe":99.99,"lpr":4.07,"lq":1.0},{"pi":"1489","pc":"Продукты питания","ss":100,"td":"Окраина","dc":1,"n":45.76,"vc":"около 50","sl":"Высокий","sv":"около 50","p":4.29,"q":1.04,"b":0.0,"wi":0.26,"ei":4.38,"as":210.7,"mi":"E","mv":342466,"sc":1,"lpe":99.99,"lpr":4.07,"lq":1.0},{"pi":"1489","pc":"Продукты питания","ss":100,"td":"Окраина","dc":1,"n":45.76,"vc":"около 50","sl":"Высокий","sv":"около 50","p":4.29,"q":1.04,"b":0.0,"wi":0.26,"ei":4.38,"as":210.7,"mi":"E","mv":342466,"sc":1,"lpe":99.99,"lpr":4.07,"lq":1.0},{"pi":"1489","pc":"Продукты питания","ss":100,"td":"Окраина","dc":1,"n":43.47,"vc":"около 50","sl":"Нормальный","sv":"менее 50","p":3.18,"q":1.05,"b":0.0,"wi":0.13,"ei":4.25,"as":148.66,"mi":"E","mv":2200744,"sc":1,"lpe":100.0,"lpr":2.91,"lq":1.0},{"pi":"1489","pc":"Продукты питания","ss":100,"td":"Окраина","dc":1,"n":43.47,"vc":"около 50","sl":"Нормальный","sv":"менее 50","p":3.18,"q":1.05,"b":0.0,"wi":0.13,"ei":4.25,"as":148.66,"mi":"E","mv":2200744,"sc":1,"lpe":100.0,"lpr":2.91,"lq":1.0},{"pi":"1489","pc":"Продукты питания","ss":100,"td":"Окраина","dc":1,"n":43.47,"vc":"около 50","sl":"Нормальный","sv":"менее 50","p":3.18,"q":1.05,"b":0.0,"wi":0.13,"ei":4.25,"as":148.66,"mi":"E","mv":2200744,"sc":1,"lpe":100.0,"lpr":2.91,"lq":1.0},{"pi":"1489","pc":"Продукты питания","ss":100,"td":"Окраина","dc":1,"n":43.47,"vc":"около 50","sl":"Нормальный","sv":"менее 50","p":3.18,"q":1.05,"b":0.0,"wi":0.13,"ei":4.25,"as":148.66,"mi":"E","mv":2200744,"sc":1,"lpe":100.0,"lpr":2.91,"lq":1.0},{"pi":"1489","pc":"Продукты питания","ss":100,"td":"Окраина","dc":1,"n":43.47,"vc":"около 50","sl":"Нормальный","sv":"менее 50","p":3.18,"q":1.05,"b":0.0,"wi":0.13,"ei":4.25,"as":148.66,"mi":"E","mv":2200744,"sc":1,"lpe":100.0,"lpr":2.91,"lq":1.0},{"pi":"1489","pc":"Продукты питания","ss":100,"td":"Окраина","dc":1,"n":46.83,"vc":"менее 50","sl":"Очень высокий","sv":"около 100","p":1.86,"q":1.05,"b":0.0,"wi":0.13,"ei":3.21,"as":97.82,"mi":"E","mv":66901,"sc":1,"lpe":99.87,"lpr":1.97,"lq":1.0},{"pi":"1489","pc":"Продукты питания","ss":100,"td":"Окраина","dc":1,"n":46.83,"vc":"менее 50","sl":"Очень высокий","sv":"около 100","p":1.86,"q":1.05,"b":0.0,"wi":0.13,"ei":3.21,"as":97.82,"mi":"E","mv":66901,"sc":1,"lpe":99.87,"lpr":1.97,"lq":1.0},{"pi":"1489","pc":"Продукты питания","ss":100,"td":"Окраина","dc":1,"n":46.83,"vc":"менее 50","sl":"Очень высокий","sv":"около 100","p":1.86,"q":1.05,"b":0.0,"wi":0.13,"ei":3.21,"as":97.82,"mi":"E","mv":66901,"sc":1,"lpe":99.87,"lpr":1.97,"lq":1.0},{"pi":"1489","pc":"Продукты питания","ss":100,"td":"Окраина","dc":1,"n":46.83,"vc":"менее 50","sl":"Очень высокий","sv":"около 100","p":1.86,"q":1.05,"b":0.0,"wi":0.13,"ei":3.21,"as":97.82,"mi":"E","mv":66901,"sc":1,"lpe":99.87,"lpr":1.97,"lq":1.0},{"pi":"1489","pc":"Продукты питания","ss":100,"td":"Окраина","dc":1,"n":46.83,"vc":"менее 50","sl":"Очень высокий","sv":"около 100","p":1.86,"q":1.05,"b":0.0,"wi":0.13,"ei":3.21,"as":97.82,"mi":"E","mv":66901,"sc":1,"lpe":99.87,"lpr":1.97,"lq":1.0},{"pi":"1489","pc":"Продукты питания","ss":100,"td":"Окраина","dc":1,"n":46.83,"vc":"менее 50","sl":"Очень высокий","sv":"около 100","p":1.86,"q":1.05,"b":0.0,"wi":0.13,"ei":3.21,"as":97.82,"mi":"E","mv":66901,"sc":1,"lpe":99.87,"lpr":1.97,"lq":1.0},{"pi":"1489","pc":"Продукты питания","ss":100,"td":"Пригород","dc":1,"n":10.65,"vc":"менее 50","sl":"Очень высокий","sv":"более 100","p":30.0,"q":1.45,"b":0.06,"wi":1.65,"ei":9.4,"as":1590.0,"mi":"E","mv":742866,"sc":1,"lpe":99.98,"lpr":30.67,"lq":1.0},{"pi":"1489","pc":"Продукты питания","ss":100,"td":"Пригород","dc":1,"n":10.65,"vc":"менее 50","sl":"Очень высокий","sv":"более 100","p":30.0,"q":1.45,"b":0.06,"wi":1.65,"ei":9.4,"as":1590.0,"mi":"E","mv":742866,"sc":1,"lpe":99.98,"lpr":30.67,"lq":1.0},{"pi":"1489","pc":"Продукты питания","ss":100,"td":"Пригород","dc":1,"n":10.65,"vc":"менее 50","sl":"Очень высокий","sv":"более 100","p":30.0,"q":1.45,"b":0.06,"wi":1.65,"ei":9.4,"as":1590.0,"mi":"E","mv":742866,"sc":1,"lpe":99.98,"lpr":30.67,"lq":1.0},{"pi":"1489","pc":"Продукты питания","ss":500,"td":"Окраина","dc":1,"n":32.52,"vc":"более 100","sl":"Очень высокий","sv":"около 100","p":3.8,"q":1.05,"b":0.0,"wi":0.22,"ei":4.32,"as":180.62,"mi":"E","mv":586520,"sc":1,"lpe":99.98,"lpr":3.49,"lq":1.0},{"pi":"1489","pc":"Продукты питания","ss":500,"td":"Окраина","dc":1,"n":32.52,"vc":"более 100","sl":"Очень высокий","sv":"около 100","p":3.8,"q":1.05,"b":0.0,"wi":0.22,"ei":4.32,"as":180.62,"mi":"E","mv":586520,"sc":1,"lpe":99.98,"lpr":3.49,"lq":1.0},{"pi":"1489","pc":"Продукты питания","ss":500,"td":"Окраина","dc":1,"n":32.52,"vc":"более 100","sl":"Очень высокий","sv":"около 100","p":3.8,"q":1.05,"b":0.0,"wi":0.22,"ei":4.32,"as":180.62,"mi":"E","mv":586520,"sc":1,"lpe":99.98,"lpr":3.49,"lq":1.0},{"pi":"1489","pc":"Продукты питания","ss":500,"td":"Окраина","dc":1,"n":32.52,"vc":"более 100","sl":"Очень высокий","sv":"около 100","p":3.8,"q":1.05,"b":0.0,"wi":0.22,"ei":4.32,"as":180.62,"mi":"E","mv":586520,"sc":1,"lpe":99.98,"lpr":3.49,"lq":1.0},{"pi":"1489","pc":"Продукты питания","ss":1000,"td":"Центр города","dc":1,"n":0.0,"vc":"около 500","sl":"Элитный","sv":"около 1 000","p":3.7,"q":1.0,"b":0.0,"wi":0.26,"ei":5.21,"as":212.94,"mi":"E","mv":826556,"sc":1,"lpe":99.9,"lpr":4.11,"lq":1.0},{"pi":"1489","pc":"Продукты питания","ss":1000,"td":"Центр города","dc":1,"n":0.0,"vc":"около 500","sl":"Элитный","sv":"около 1 000","p":3.7,"q":1.0,"b":0.0,"wi":0.26,"ei":5.21,"as":212.94,"mi":"E","mv":826556,"sc":1,"lpe":99.9,"lpr":4.11,"lq":1.0},{"pi":"1489","pc":"Продукты питания","ss":1000,"td":"Центр города","dc":1,"n":0.0,"vc":"около 500","sl":"Элитный","sv":"около 1 000","p":3.7,"q":1.0,"b":0.0,"wi":0.26,"ei":5.21,"as":212.94,"mi":"E","mv":826556,"sc":1,"lpe":99.9,"lpr":4.11,"lq":1.0},{"pi":"1489","pc":"Продукты питания","ss":1000,"td":"Центр города","dc":1,"n":0.0,"vc":"около 500","sl":"Элитный","sv":"около 1 000","p":3.7,"q":1.0,"b":0.0,"wi":0.26,"ei":5.21,"as":212.94,"mi":"E","mv":826556,"sc":1,"lpe":99.9,"lpr":4.11,"lq":1.0},{"pi":"1489","pc":"Продукты питания","ss":1000,"td":"Центр города","dc":1,"n":0.0,"vc":"около 500","sl":"Элитный","sv":"около 1 000","p":3.7,"q":1.0,"b":0.0,"wi":0.26,"ei":5.21,"as":212.94,"mi":"E","mv":826556,"sc":1,"lpe":99.9,"lpr":4.11,"lq":1.0},{"pi":"1489","pc":"Продукты питания","ss":1000,"td":"Центр города","dc":1,"n":0.0,"vc":"около 500","sl":"Элитный","sv":"около 1 000","p":3.7,"q":1.0,"b":0.0,"wi":0.26,"ei":5.21,"as":212.94,"mi":"E","mv":826556,"sc":1,"lpe":99.9,"lpr":4.11,"lq":1.0},{"pi":"1489","pc":"Продукты питания","ss":1000,"td":"Центр города","dc":1,"n":0.0,"vc":"около 500","sl":"Элитный","sv":"около 1 000","p":3.7,"q":1.0,"b":0.0,"wi":0.26,"ei":5.21,"as":212.94,"mi":"E","mv":826556,"sc":1,"lpe":99.9,"lpr":4.11,"lq":1.0},{"pi":"1489","pc":"Продукты питания","ss":1000,"td":"Центр города","dc":1,"n":0.0,"vc":"около 500","sl":"Элитный","sv":"около 1 000","p":3.7,"q":1.0,"b":0.0,"wi":0.26,"ei":5.21,"as":212.94,"mi":"E","mv":826556,"sc":1,"lpe":99.9,"lpr":4.11,"lq":1.0},{"pi":"1489","pc":"Продукты питания","ss":100,"td":"Окраина","dc":1,"n":49.88,"vc":"около 50","sl":"Нормальный","sv":"около 50","p":2.62,"q":1.05,"b":0.0,"wi":0.15,"ei":3.0,"as":122.95,"mi":"E","mv":494379,"sc":1,"lpe":99.99,"lpr":2.38,"lq":1.0},{"pi":"1489","pc":"Продукты питания","ss":100,"td":"Окраина","dc":1,"n":49.88,"vc":"около 50","sl":"Нормальный","sv":"около 50","p":2.62,"q":1.05,"b":0.0,"wi":0.15,"ei":3.0,"as":122.95,"mi":"E","mv":494379,"sc":1,"lpe":99.99,"lpr":2.38,"lq":1.0},{"pi":"1489","pc":"Продукты питания","ss":100,"td":"Окраина","dc":1,"n":49.88,"vc":"около 50","sl":"Нормальный","sv":"около 50","p":2.62,"q":1.05,"b":0.0,"wi":0.15,"ei":3.0,"as":122.95,"mi":"E","mv":494379,"sc":1,"lpe":99.99,"lpr":2.38,"lq":1.0},{"pi":"1489","pc":"Продукты питания","ss":100,"td":"Окраина","dc":1,"n":49.88,"vc":"около 50","sl":"Нормальный","sv":"около 50","p":2.62,"q":1.05,"b":0.0,"wi":0.15,"ei":3.0,"as":122.95,"mi":"E","mv":494379,"sc":1,"lpe":99.99,"lpr":2.38,"lq":1.0},{"pi":"1489","pc":"Продукты питания","ss":100,"td":"Окраина","dc":1,"n":49.88,"vc":"около 50","sl":"Нормальный","sv":"около 50","p":2.62,"q":1.05,"b":0.0,"wi":0.15,"ei":3.0,"as":122.95,"mi":"E","mv":494379,"sc":1,"lpe":99.99,"lpr":2.38,"lq":1.0},{"pi":"1489","pc":"Продукты питания","ss":100,"td":"Окраина","dc":1,"n":49.88,"vc":"около 50","sl":"Нормальный","sv":"около 50","p":2.62,"q":1.05,"b":0.0,"wi":0.15,"ei":3.0,"as":122.95,"mi":"E","mv":494379,"sc":1,"lpe":99.99,"lpr":2.38,"lq":1.0},{"pi":"1489","pc":"Продукты питания","ss":100,"td":"Окраина","dc":1,"n":49.88,"vc":"около 50","sl":"Нормальный","sv":"около 50","p":2.62,"q":1.05,"b":0.0,"wi":0.15,"ei":3.0,"as":122.95,"mi":"E","mv":494379,"sc":1,"lpe":99.99,"lpr":2.38,"lq":1.0},{"pi":"1489","pc":"Продукты питания","ss":100,"td":"Окраина","dc":1,"n":49.88,"vc":"около 50","sl":"Нормальный","sv":"около 50","p":2.62,"q":1.05,"b":0.0,"wi":0.15,"ei":3.0,"as":122.95,"mi":"E","mv":494379,"sc":1,"lpe":99.99,"lpr":2.38,"lq":1.0},{"pi":"1489","pc":"Продукты питания","ss":1000,"td":"Центр города","dc":1,"n":34.28,"vc":"около 500","sl":"Нормальный","sv":"около 50","p":23.51,"q":1.05,"b":0.0,"wi":1.2,"ei":7.8,"as":1140.0,"mi":"E","mv":433112,"sc":1,"lpe":99.99,"lpr":22.0,"lq":1.0},{"pi":"1489","pc":"Продукты питания","ss":1000,"td":"Центр города","dc":1,"n":34.28,"vc":"около 500","sl":"Нормальный","sv":"около 50","p":23.51,"q":1.05,"b":0.0,"wi":1.2,"ei":7.8,"as":1140.0,"mi":"E","mv":433112,"sc":1,"lpe":99.99,"lpr":22.0,"lq":1.0},{"pi":"1489","pc":"Продукты питания","ss":1000,"td":"Центр города","dc":1,"n":34.28,"vc":"около 500","sl":"Нормальный","sv":"около 50","p":23.51,"q":1.05,"b":0.0,"wi":1.2,"ei":7.8,"as":1140.0,"mi":"E","mv":433112,"sc":1,"lpe":99.99,"lpr":22.0,"lq":1.0},{"pi":"1489","pc":"Продукты питания","ss":500,"td":"Окраина","dc":2,"n":173.28,"vc":"более 100","sl":"Очень высокий","sv":"более 100","p":3.0,"q":1.0,"b":0.0,"wi":0.19,"ei":3.16,"as":158.08,"mi":"E","mv":369641,"sc":1,"lpe":99.95,"lpr":3.05,"lq":1.0},{"pi":"1489","pc":"Продукты питания","ss":500,"td":"Окраина","dc":2,"n":173.28,"vc":"более 100","sl":"Очень высокий","sv":"более 100","p":3.0,"q":1.0,"b":0.0,"wi":0.19,"ei":3.16,"as":158.08,"mi":"E","mv":369641,"sc":1,"lpe":99.95,"lpr":3.05,"lq":1.0},{"pi":"1489","pc":"Продукты питания","ss":500,"td":"Окраина","dc":2,"n":173.28,"vc":"более 100","sl":"Очень высокий","sv":"более 100","p":3.0,"q":1.0,"b":0.0,"wi":0.19,"ei":3.16,"as":158.08,"mi":"E","mv":369641,"sc":1,"lpe":99.95,"lpr":3.05,"lq":1.0},{"pi":"1489","pc":"Продукты питания","ss":500,"td":"Окраина","dc":2,"n":173.28,"vc":"более 100","sl":"Очень высокий","sv":"более 100","p":3.0,"q":1.0,"b":0.0,"wi":0.19,"ei":3.16,"as":158.08,"mi":"E","mv":369641,"sc":1,"lpe":99.95,"lpr":3.05,"lq":1.0},{"pi":"1489","pc":"Продукты питания","ss":500,"td":"Окраина","dc":2,"n":173.28,"vc":"более 100","sl":"Очень высокий","sv":"более 100","p":3.0,"q":1.0,"b":0.0,"wi":0.19,"ei":3.16,"as":158.08,"mi":"E","mv":369641,"sc":1,"lpe":99.95,"lpr":3.05,"lq":1.0},{"pi":"1489","pc":"Продукты питания","ss":500,"td":"Окраина","dc":2,"n":173.28,"vc":"более 100","sl":"Очень высокий","sv":"более 100","p":3.0,"q":1.0,"b":0.0,"wi":0.19,"ei":3.16,"as":158.08,"mi":"E","mv":369641,"sc":1,"lpe":99.95,"lpr":3.05,"lq":1.0},{"pi":"1489","pc":"Продукты питания","ss":500,"td":"Окраина","dc":2,"n":173.28,"vc":"более 100","sl":"Очень высокий","sv":"более 100","p":3.0,"q":1.0,"b":0.0,"wi":0.19,"ei":3.16,"as":158.08,"mi":"E","mv":369641,"sc":1,"lpe":99.95,"lpr":3.05,"lq":1.0},{"pi":"1489","pc":"Продукты питания","ss":1000,"td":"Спальный район","dc":1,"n":7.06,"vc":"около 500","sl":"Высокий","sv":"более 200","p":2.5,"q":1.05,"b":0.0,"wi":0.17,"ei":4.16,"as":167.92,"mi":"E","mv":627964,"sc":1,"lpe":99.97,"lpr":3.24,"lq":1.0},{"pi":"1489","pc":"Продукты питания","ss":1000,"td":"Спальный район","dc":1,"n":7.06,"vc":"около 500","sl":"Высокий","sv":"более 200","p":2.5,"q":1.05,"b":0.0,"wi":0.17,"ei":4.16,"as":167.92,"mi":"E","mv":627964,"sc":1,"lpe":99.97,"lpr":3.24,"lq":1.0},{"pi":"1489","pc":"Продукты питания","ss":1000,"td":"Спальный район","dc":1,"n":7.06,"vc":"около 500","sl":"Высокий","sv":"более 200","p":2.5,"q":1.05,"b":0.0,"wi":0.17,"ei":4.16,"as":167.92,"mi":"E","mv":627964,"sc":1,"lpe":99.97,"lpr":3.24,"lq":1.0},{"pi":"1489","pc":"Продукты питания","ss":1000,"td":"Спальный район","dc":1,"n":7.06,"vc":"около 500","sl":"Высокий","sv":"более 200","p":2.5,"q":1.05,"b":0.0,"wi":0.17,"ei":4.16,"as":167.92,"mi":"E","mv":627964,"sc":1,"lpe":99.97,"lpr":3.24,"lq":1.0},{"pi":"1489","pc":"Продукты питания","ss":1000,"td":"Спальный район","dc":1,"n":7.06,"vc":"около 500","sl":"Высокий","sv":"более 200","p":2.5,"q":1.05,"b":0.0,"wi":0.17,"ei":4.16,"as":167.92,"mi":"E","mv":627964,"sc":1,"lpe":99.97,"lpr":3.24,"lq":1.0},{"pi":"1489","pc":"Продукты питания","ss":1000,"td":"Спальный район","dc":1,"n":7.06,"vc":"около 500","sl":"Высокий","sv":"более 200","p":2.5,"q":1.05,"b":0.0,"wi":0.17,"ei":4.16,"as":167.92,"mi":"E","mv":627964,"sc":1,"lpe":99.97,"lpr":3.24,"lq":1.0},{"pi":"1489","pc":"Продукты питания","ss":1000,"td":"Спальный район","dc":1,"n":7.06,"vc":"около 500","sl":"Высокий","sv":"более 200","p":2.5,"q":1.05,"b":0.0,"wi":0.17,"ei":4.16,"as":167.92,"mi":"E","mv":627964,"sc":1,"lpe":99.97,"lpr":3.24,"lq":1.0},{"pi":"1489","pc":"Продукты питания","ss":1000,"td":"Спальный район","dc":1,"n":7.06,"vc":"около 500","sl":"Высокий","sv":"более 200","p":2.5,"q":1.05,"b":0.0,"wi":0.17,"ei":4.16,"as":167.92,"mi":"E","mv":627964,"sc":1,"lpe":99.97,"lpr":3.24,"lq":1.0},{"pi":"1489","pc":"Продукты питания","ss":100,"td":"Центр города","dc":1,"n":44.33,"vc":"более 100","sl":"Низкий","sv":"менее 50","p":30.61,"q":1.05,"b":0.0,"wi":1.59,"ei":8.3,"as":1440.0,"mi":"E","mv":2133051,"sc":1,"lpe":100.0,"lpr":27.69,"lq":1.0},{"pi":"1489","pc":"Продукты питания","ss":100,"td":"Центр города","dc":1,"n":44.33,"vc":"более 100","sl":"Низкий","sv":"менее 50","p":30.61,"q":1.05,"b":0.0,"wi":1.59,"ei":8.3,"as":1440.0,"mi":"E","mv":2133051,"sc":1,"lpe":100.0,"lpr":27.69,"lq":1.0},{"pi":"1489","pc":"Продукты питания","ss":100,"td":"Центр города","dc":1,"n":44.33,"vc":"более 100","sl":"Низкий","sv":"менее 50","p":30.61,"q":1.05,"b":0.0,"wi":1.59,"ei":8.3,"as":1440.0,"mi":"E","mv":2133051,"sc":1,"lpe":100.0,"lpr":27.69,"lq":1.0},{"pi":"1489","pc":"Продукты питания","ss":10000,"td":"Спальный район","dc":1,"n":266.17,"vc":"около 5 000","sl":"Элитный","sv":"около 5 000","p":3.99,"q":1.0,"b":0.0,"wi":0.26,"ei":4.37,"as":237.67,"mi":"E","mv":488443,"sc":1,"lpe":98.98,"lpr":4.59,"lq":1.0},{"pi":"1489","pc":"Продукты питания","ss":10000,"td":"Спальный район","dc":1,"n":266.17,"vc":"около 5 000","sl":"Элитный","sv":"около 5 000","p":3.99,"q":1.0,"b":0.0,"wi":0.26,"ei":4.37,"as":237.67,"mi":"E","mv":488443,"sc":1,"lpe":98.98,"lpr":4.59,"lq":1.0},{"pi":"1489","pc":"Продукты питания","ss":10000,"td":"Спальный район","dc":1,"n":266.17,"vc":"около 5 000","sl":"Элитный","sv":"около 5 000","p":3.99,"q":1.0,"b":0.0,"wi":0.26,"ei":4.37,"as":237.67,"mi":"E","mv":488443,"sc":1,"lpe":98.98,"lpr":4.59,"lq":1.0},{"pi":"1489","pc":"Продукты питания","ss":10000,"td":"Спальный район","dc":1,"n":266.17,"vc":"около 5 000","sl":"Элитный","sv":"около 5 000","p":3.99,"q":1.0,"b":0.0,"wi":0.26,"ei":4.37,"as":237.67,"mi":"E","mv":488443,"sc":1,"lpe":98.98,"lpr":4.59,"lq":1.0},{"pi":"1489","pc":"Продукты питания","ss":10000,"td":"Спальный район","dc":1,"n":266.17,"vc":"около 5 000","sl":"Элитный","sv":"около 5 000","p":3.99,"q":1.0,"b":0.0,"wi":0.26,"ei":4.37,"as":237.67,"mi":"E","mv":488443,"sc":1,"lpe":98.98,"lpr":4.59,"lq":1.0},{"pi":"1489","pc":"Продукты питания","ss":10000,"td":"Спальный район","dc":1,"n":266.17,"vc":"около 5 000","sl":"Элитный","sv":"около 5 000","p":3.99,"q":1.0,"b":0.0,"wi":0.26,"ei":4.37,"as":237.67,"mi":"E","mv":488443,"sc":1,"lpe":98.98,"lpr":4.59,"lq":1.0},{"pi":"1489","pc":"Продукты питания","ss":10000,"td":"Спальный район","dc":1,"n":266.17,"vc":"около 5 000","sl":"Элитный","sv":"около 5 000","p":3.99,"q":1.0,"b":0.0,"wi":0.26,"ei":4.37,"as":237.67,"mi":"E","mv":488443,"sc":1,"lpe":98.98,"lpr":4.59,"lq":1.0},{"pi":"1489","pc":"Продукты питания","ss":10000,"td":"Спальный район","dc":1,"n":266.17,"vc":"около 5 000","sl":"Элитный","sv":"около 5 000","p":3.99,"q":1.0,"b":0.0,"wi":0.26,"ei":4.37,"as":237.67,"mi":"E","mv":488443,"sc":1,"lpe":98.98,"lpr":4.59,"lq":1.0},{"pi":"1489","pc":"Продукты питания","ss":100,"td":"Центр города","dc":1,"n":44.33,"vc":"около 100","sl":"Нормальный","sv":"менее 50","p":23.51,"q":1.05,"b":0.0,"wi":1.2,"ei":7.3,"as":1135.0,"mi":"E","mv":576293,"sc":1,"lpe":100.0,"lpr":21.78,"lq":1.0},{"pi":"1489","pc":"Продукты питания","ss":100,"td":"Центр города","dc":1,"n":44.33,"vc":"около 100","sl":"Нормальный","sv":"менее 50","p":23.51,"q":1.05,"b":0.0,"wi":1.2,"ei":7.3,"as":1135.0,"mi":"E","mv":576293,"sc":1,"lpe":100.0,"lpr":21.78,"lq":1.0},{"pi":"1489","pc":"Продукты питания","ss":100,"td":"Центр города","dc":1,"n":44.33,"vc":"около 100","sl":"Нормальный","sv":"менее 50","p":23.51,"q":1.05,"b":0.0,"wi":1.2,"ei":7.3,"as":1135.0,"mi":"E","mv":576293,"sc":1,"lpe":100.0,"lpr":21.78,"lq":1.0},{"pi":"1489","pc":"Продукты питания","ss":100,"td":"Центр города","dc":1,"n":44.33,"vc":"около 100","sl":"Низкий","sv":"менее 50","p":30.4,"q":1.05,"b":0.0,"wi":1.53,"ei":7.4,"as":1430.0,"mi":"E","mv":561594,"sc":1,"lpe":100.0,"lpr":27.55,"lq":1.0},{"pi":"1489","pc":"Продукты питания","ss":100,"td":"Центр города","dc":1,"n":44.33,"vc":"около 100","sl":"Низкий","sv":"менее 50","p":30.4,"q":1.05,"b":0.0,"wi":1.53,"ei":7.4,"as":1430.0,"mi":"E","mv":561594,"sc":1,"lpe":100.0,"lpr":27.55,"lq":1.0},{"pi":"1489","pc":"Продукты питания","ss":100,"td":"Центр города","dc":1,"n":44.33,"vc":"около 100","sl":"Низкий","sv":"менее 50","p":30.4,"q":1.05,"b":0.0,"wi":1.53,"ei":7.4,"as":1430.0,"mi":"E","mv":561594,"sc":1,"lpe":100.0,"lpr":27.55,"lq":1.0},{"pi":"1489","pc":"Продукты питания","ss":100,"td":"Центр города","dc":1,"n":44.33,"vc":"около 100","sl":"Низкий","sv":"менее 50","p":30.4,"q":1.05,"b":0.0,"wi":1.53,"ei":7.4,"as":1430.0,"mi":"E","mv":561594,"sc":1,"lpe":100.0,"lpr":27.55,"lq":1.0},{"pi":"1489","pc":"Продукты питания","ss":100,"td":"Центр города","dc":1,"n":44.33,"vc":"около 100","sl":"Низкий","sv":"менее 50","p":30.4,"q":1.05,"b":0.0,"wi":1.53,"ei":7.4,"as":1430.0,"mi":"E","mv":561594,"sc":1,"lpe":100.0,"lpr":27.55,"lq":1.0},{"pi":"1489","pc":"Продукты питания","ss":1000,"td":"Центр города","dc":3,"n":34.12,"vc":"около 500","sl":"Элитный","sv":"около 500","p":19.0,"q":8.89,"b":0.0,"wi":1.23,"ei":7.3,"as":1200.0,"mi":"E","mv":290408,"sc":1,"lpe":99.82,"lpr":22.9,"lq":1.0},{"pi":"1489","pc":"Продукты питания","ss":1000,"td":"Центр города","dc":3,"n":34.12,"vc":"около 500","sl":"Элитный","sv":"около 500","p":19.0,"q":8.89,"b":0.0,"wi":1.23,"ei":7.3,"as":1200.0,"mi":"E","mv":290408,"sc":1,"lpe":99.82,"lpr":22.9,"lq":1.0},{"pi":"1489","pc":"Продукты питания","ss":1000,"td":"Центр города","dc":3,"n":34.12,"vc":"около 500","sl":"Элитный","sv":"около 500","p":19.0,"q":8.89,"b":0.0,"wi":1.23,"ei":7.3,"as":1200.0,"mi":"E","mv":290408,"sc":1,"lpe":99.82,"lpr":22.9,"lq":1.0},{"pi":"1489","pc":"Продукты питания","ss":1000,"td":"Центр города","dc":3,"n":34.12,"vc":"около 500","sl":"Элитный","sv":"около 500","p":19.0,"q":8.89,"b":0.0,"wi":1.23,"ei":7.3,"as":1200.0,"mi":"E","mv":290408,"sc":1,"lpe":99.82,"lpr":22.9,"lq":1.0},{"pi":"1489","pc":"Продукты питания","ss":1000,"td":"Центр города","dc":3,"n":34.12,"vc":"около 500","sl":"Элитный","sv":"около 500","p":19.0,"q":8.89,"b":0.0,"wi":1.23,"ei":7.3,"as":1200.0,"mi":"E","mv":290408,"sc":1,"lpe":99.82,"lpr":22.9,"lq":1.0},{"pi":"1489","pc":"Продукты питания","ss":1000,"td":"Центр города","dc":3,"n":34.12,"vc":"около 500","sl":"Элитный","sv":"около 500","p":19.0,"q":8.89,"b":0.0,"wi":1.23,"ei":7.3,"as":1200.0,"mi":"E","mv":290408,"sc":1,"lpe":99.82,"lpr":22.9,"lq":1.0},{"pi":"1489","pc":"Продукты питания","ss":1000,"td":"Центр города","dc":3,"n":34.12,"vc":"около 500","sl":"Элитный","sv":"около 500","p":19.0,"q":8.89,"b":0.0,"wi":1.23,"ei":7.3,"as":1200.0,"mi":"E","mv":290408,"sc":1,"lpe":99.82,"lpr":22.9,"lq":1.0},{"pi":"1489","pc":"Продукты питания","ss":1000,"td":"Центр города","dc":3,"n":34.12,"vc":"около 500","sl":"Элитный","sv":"около 500","p":19.0,"q":8.89,"b":0.0,"wi":1.23,"ei":7.3,"as":1200.0,"mi":"E","mv":290408,"sc":1,"lpe":99.82,"lpr":22.9,"lq":1.0},{"pi":"1489","pc":"Продукты питания","ss":1000,"td":"Центр города","dc":3,"n":34.12,"vc":"около 500","sl":"Элитный","sv":"около 500","p":19.0,"q":8.89,"b":0.0,"wi":1.23,"ei":7.3,"as":1200.0,"mi":"E","mv":290408,"sc":1,"lpe":99.82,"lpr":22.9,"lq":1.0},{"pi":"1489","pc":"Продукты питания","ss":1000,"td":"Центр города","dc":3,"n":34.12,"vc":"около 500","sl":"Элитный","sv":"около 500","p":19.0,"q":8.89,"b":0.0,"wi":1.23,"ei":7.3,"as":1200.0,"mi":"E","mv":290408,"sc":1,"lpe":99.82,"lpr":22.9,"lq":1.0},{"pi":"1489","pc":"Продукты питания","ss":1000,"td":"Центр города","dc":3,"n":34.12,"vc":"около 500","sl":"Элитный","sv":"около 500","p":19.0,"q":8.89,"b":0.0,"wi":1.23,"ei":7.3,"as":1200.0,"mi":"E","mv":290408,"sc":1,"lpe":99.82,"lpr":22.9,"lq":1.0},{"pi":"1489","pc":"Продукты питания","ss":1000,"td":"Центр города","dc":3,"n":34.12,"vc":"около 500","sl":"Элитный","sv":"около 500","p":19.0,"q":8.89,"b":0.0,"wi":1.23,"ei":7.3,"as":1200.0,"mi":"E","mv":290408,"sc":1,"lpe":99.82,"lpr":22.9,"lq":1.0},{"pi":"1489","pc":"Продукты питания","ss":1000,"td":"Центр города","dc":3,"n":34.12,"vc":"около 500","sl":"Элитный","sv":"около 500","p":19.0,"q":8.89,"b":0.0,"wi":1.23,"ei":7.3,"as":1200.0,"mi":"E","mv":290408,"sc":1,"lpe":99.82,"lpr":22.9,"lq":1.0},{"pi":"1489","pc":"Продукты питания","ss":1000,"td":"Центр города","dc":3,"n":34.12,"vc":"около 500","sl":"Элитный","sv":"около 500","p":19.0,"q":8.89,"b":0.0,"wi":1.23,"ei":7.3,"as":1200.0,"mi":"E","mv":290408,"sc":1,"lpe":99.82,"lpr":22.9,"lq":1.0},{"pi":"1489","pc":"Продукты питания","ss":100,"td":"Центр города","dc":1,"n":49.5,"vc":"около 100","sl":"Низкий","sv":"менее 50","p":26.4,"q":1.05,"b":0.0,"wi":1.34,"ei":7.7,"as":1250.0,"mi":"E","mv":425591,"sc":2,"lpe":100.0,"lpr":24.12,"lq":1.0},{"pi":"1489","pc":"Продукты питания","ss":100,"td":"Центр города","dc":1,"n":49.63,"vc":"около 100","sl":"Низкий","sv":"менее 50","p":26.44,"q":1.05,"b":0.0,"wi":1.34,"ei":7.7,"as":1250.0,"mi":"E","mv":425591,"sc":2,"lpe":100.0,"lpr":24.12,"lq":1.0},{"pi":"1489","pc":"Продукты питания","ss":100,"td":"Центр города","dc":1,"n":49.5,"vc":"около 100","sl":"Низкий","sv":"менее 50","p":26.4,"q":1.05,"b":0.0,"wi":1.34,"ei":7.7,"as":1250.0,"mi":"E","mv":425591,"sc":2,"lpe":100.0,"lpr":24.12,"lq":1.0},{"pi":"1489","pc":"Продукты питания","ss":100,"td":"Центр города","dc":1,"n":49.63,"vc":"около 100","sl":"Низкий","sv":"менее 50","p":26.44,"q":1.05,"b":0.0,"wi":1.34,"ei":7.7,"as":1250.0,"mi":"E","mv":425591,"sc":2,"lpe":100.0,"lpr":24.12,"lq":1.0},{"pi":"1489","pc":"Продукты питания","ss":100,"td":"Центр города","dc":1,"n":49.5,"vc":"около 100","sl":"Низкий","sv":"менее 50","p":26.4,"q":1.05,"b":0.0,"wi":1.34,"ei":7.7,"as":1250.0,"mi":"E","mv":425591,"sc":2,"lpe":100.0,"lpr":24.12,"lq":1.0},{"pi":"1489","pc":"Продукты питания","ss":100,"td":"Центр города","dc":1,"n":49.63,"vc":"около 100","sl":"Низкий","sv":"менее 50","p":26.44,"q":1.05,"b":0.0,"wi":1.34,"ei":7.7,"as":1250.0,"mi":"E","mv":425591,"sc":2,"lpe":100.0,"lpr":24.12,"lq":1.0},{"pi":"1489","pc":"Продукты питания","ss":100,"td":"Центр города","dc":1,"n":49.5,"vc":"около 100","sl":"Низкий","sv":"менее 50","p":26.4,"q":1.05,"b":0.0,"wi":1.34,"ei":7.7,"as":1250.0,"mi":"E","mv":425591,"sc":2,"lpe":100.0,"lpr":24.12,"lq":1.0},{"pi":"1489","pc":"Продукты питания","ss":100,"td":"Центр города","dc":1,"n":49.63,"vc":"около 100","sl":"Низкий","sv":"менее 50","p":26.44,"q":1.05,"b":0.0,"wi":1.34,"ei":7.7,"as":1250.0,"mi":"E","mv":425591,"sc":2,"lpe":100.0,"lpr":24.12,"lq":1.0},{"pi":"1489","pc":"Продукты питания","ss":100,"td":"Центр города","dc":1,"n":49.5,"vc":"около 100","sl":"Низкий","sv":"менее 50","p":26.4,"q":1.05,"b":0.0,"wi":1.34,"ei":7.7,"as":1250.0,"mi":"E","mv":425591,"sc":2,"lpe":100.0,"lpr":24.12,"lq":1.0},{"pi":"1489","pc":"Продукты питания","ss":100,"td":"Центр города","dc":1,"n":49.63,"vc":"около 100","sl":"Низкий","sv":"менее 50","p":26.44,"q":1.05,"b":0.0,"wi":1.34,"ei":7.7,"as":1250.0,"mi":"E","mv":425591,"sc":2,"lpe":100.0,"lpr":24.12,"lq":1.0},{"pi":"1489","pc":"Продукты питания","ss":100,"td":"Центр города","dc":1,"n":49.63,"vc":"около 100","sl":"Низкий","sv":"менее 50","p":26.44,"q":1.05,"b":0.0,"wi":1.34,"ei":7.7,"as":1250.0,"mi":"E","mv":425591,"sc":2,"lpe":100.0,"lpr":24.12,"lq":1.0},{"pi":"1489","pc":"Продукты питания","ss":100,"td":"Центр города","dc":1,"n":49.5,"vc":"около 100","sl":"Низкий","sv":"менее 50","p":26.4,"q":1.05,"b":0.0,"wi":1.34,"ei":7.7,"as":1250.0,"mi":"E","mv":425591,"sc":2,"lpe":100.0,"lpr":24.12,"lq":1.0},{"pi":"1489","pc":"Продукты питания","ss":100,"td":"Центр города","dc":1,"n":49.5,"vc":"около 100","sl":"Низкий","sv":"менее 50","p":26.4,"q":1.05,"b":0.0,"wi":1.34,"ei":7.7,"as":1250.0,"mi":"E","mv":425591,"sc":2,"lpe":100.0,"lpr":24.12,"lq":1.0},{"pi":"1489","pc":"Продукты питания","ss":100,"td":"Центр города","dc":1,"n":49.63,"vc":"около 100","sl":"Низкий","sv":"менее 50","p":26.44,"q":1.05,"b":0.0,"wi":1.34,"ei":7.7,"as":1250.0,"mi":"E","mv":425591,"sc":2,"lpe":100.0,"lpr":24.12,"lq":1.0},{"pi":"1489","pc":"Продукты питания","ss":100,"td":"Центр города","dc":1,"n":49.5,"vc":"около 100","sl":"Низкий","sv":"менее 50","p":26.4,"q":1.05,"b":0.0,"wi":1.34,"ei":7.7,"as":1250.0,"mi":"E","mv":425591,"sc":2,"lpe":100.0,"lpr":24.12,"lq":1.0},{"pi":"1489","pc":"Продукты питания","ss":100,"td":"Центр города","dc":1,"n":49.63,"vc":"около 100","sl":"Низкий","sv":"менее 50","p":26.44,"q":1.05,"b":0.0,"wi":1.34,"ei":7.7,"as":1250.0,"mi":"E","mv":425591,"sc":2,"lpe":100.0,"lpr":24.12,"lq":1.0}]