[{"pi":"15747","pc":"Продукты питания","ss":100,"td":"Окраина","dc":1,"n":47.96,"vc":"более 100","sl":"Низкий","sv":"менее 50","p":13.92,"q":1.05,"b":0.0,"wi":0.11,"ei":4.29,"as":136.12,"mi":"E","mv":10732577,"sc":1,"lpe":100.0,"lpr":10.1,"lq":1.0},{"pi":"15747","pc":"Продукты питания","ss":100,"td":"Окраина","dc":1,"n":47.96,"vc":"более 100","sl":"Низкий","sv":"менее 50","p":13.92,"q":1.05,"b":0.0,"wi":0.11,"ei":4.29,"as":136.12,"mi":"E","mv":10732577,"sc":1,"lpe":100.0,"lpr":10.1,"lq":1.0},{"pi":"15747","pc":"Продукты питания","ss":100,"td":"Окраина","dc":1,"n":47.96,"vc":"более 100","sl":"Низкий","sv":"менее 50","p":13.92,"q":1.05,"b":0.0,"wi":0.11,"ei":4.29,"as":136.12,"mi":"E","mv":10732577,"sc":1,"lpe":100.0,"lpr":10.1,"lq":1.0},{"pi":"15747","pc":"Продукты питания","ss":100,"td":"Окраина","dc":1,"n":47.96,"vc":"более 100","sl":"Низкий","sv":"менее 50","p":13.92,"q":1.05,"b":0.0,"wi":0.11,"ei":4.29,"as":136.12,"mi":"E","mv":10732577,"sc":1,"lpe":100.0,"lpr":10.1,"lq":1.0},{"pi":"15747","pc":"Продукты питания","ss":100,"td":"Окраина","dc":1,"n":47.96,"vc":"более 100","sl":"Низкий","sv":"менее 50","p":13.92,"q":1.05,"b":0.0,"wi":0.11,"ei":4.29,"as":136.12,"mi":"E","mv":10732577,"sc":1,"lpe":100.0,"lpr":10.1,"lq":1.0},{"pi":"15747","pc":"Продукты питания","ss":100,"td":"Окраина","dc":1,"n":47.96,"vc":"более 100","sl":"Низкий","sv":"менее 50","p":13.92,"q":1.05,"b":0.0,"wi":0.11,"ei":4.29,"as":136.12,"mi":"E","mv":10732577,"sc":1,"lpe":100.0,"lpr":10.1,"lq":1.0},{"pi":"15747","pc":"Продукты питания","ss":100,"td":"Окраина","dc":1,"n":47.96,"vc":"более 100","sl":"Низкий","sv":"менее 50","p":13.92,"q":1.05,"b":0.0,"wi":0.11,"ei":4.29,"as":136.12,"mi":"E","mv":10732577,"sc":1,"lpe":100.0,"lpr":10.1,"lq":1.0},{"pi":"15747","pc":"Продукты питания","ss":100,"td":"Окраина","dc":1,"n":49.63,"vc":"около 100","sl":"Нормальный","sv":"около 100","p":19.54,"q":1.05,"b":0.0,"wi":0.22,"ei":3.75,"as":254.7,"mi":"E","mv":1561765,"sc":1,"lpe":99.99,"lpr":17.38,"lq":1.0},{"pi":"15747","pc":"Продукты питания","ss":100,"td":"Окраина","dc":1,"n":49.63,"vc":"около 100","sl":"Нормальный","sv":"около 100","p":19.54,"q":1.05,"b":0.0,"wi":0.22,"ei":3.75,"as":254.7,"mi":"E","mv":1561765,"sc":1,"lpe":99.99,"lpr":17.38,"lq":1.0},{"pi":"15747","pc":"Продукты питания","ss":100,"td":"Окраина","dc":1,"n":49.63,"vc":"около 100","sl":"Нормальный","sv":"около 100","p":19.54,"q":1.05,"b":0.0,"wi":0.22,"ei":3.75,"as":254.7,"mi":"E","mv":1561765,"sc":1,"lpe":99.99,"lpr":17.38,"lq":1.0},{"pi":"15747","pc":"Продукты питания","ss":100,"td":"Окраина","dc":1,"n":49.63,"vc":"около 100","sl":"Нормальный","sv":"около 100","p":19.54,"q":1.05,"b":0.0,"wi":0.22,"ei":3.75,"as":254.7,"mi":"E","mv":1561765,"sc":1,"lpe":99.99,"lpr":17.38,"lq":1.0},{"pi":"15747","pc":"Продукты питания","ss":100,"td":"Окраина","dc":1,"n":49.63,"vc":"около 100","sl":"Нормальный","sv":"около 100","p":19.54,"q":1.05,"b":0.0,"wi":0.22,"ei":3.75,"as":254.7,"mi":"E","mv":1561765,"sc":1,"lpe":99.99,"lpr":17.38,"lq":1.0},{"pi":"15747","pc":"Продукты питания","ss":100,"td":"Окраина","dc":1,"n":49.63,"vc":"около 100","sl":"Нормальный","sv":"около 100","p":19.54,"q":1.05,"b":0.0,"wi":0.22,"ei":3.75,"as":254.7,"mi":"E","mv":1561765,"sc":1,"lpe":99.99,"lpr":17.38,"lq":1.0},{"pi":"15747","pc":"Продукты питания","ss":100,"td":"Окраина","dc":1,"n":49.63,"vc":"около 100","sl":"Нормальный","sv":"около 100","p":19.54,"q":1.05,"b":0.0,"wi":0.22,"ei":3.75,"as":254.7,"mi":"E","mv":1561765,"sc":1,"lpe":99.99,"lpr":17.38,"lq":1.0},{"pi":"15747","pc":"Продукты питания","ss":100,"td":"Окраина","dc":1,"n":49.63,"vc":"около 100","sl":"Нормальный","sv":"около 100","p":19.54,"q":1.05,"b":0.0,"wi":0.22,"ei":3.75,"as":254.7,"mi":"E","mv":1561765,"sc":1,"lpe":99.99,"lpr":17.38,"lq":1.0},{"pi":"15747","pc":"Продукты питания","ss":100,"td":"Окраина","dc":1,"n":48.9,"vc":"около 50","sl":"Нормальный","sv":"менее 50","p":14.22,"q":1.05,"b":0.0,"wi":0.13,"ei":3.31,"as":150.32,"mi":"E","mv":1510647,"sc":1,"lpe":100.0,"lpr":11.14,"lq":1.0},{"pi":"15747","pc":"Продукты питания","ss":100,"td":"Окраина","dc":1,"n":48.9,"vc":"около 50","sl":"Нормальный","sv":"менее 50","p":14.22,"q":1.05,"b":0.0,"wi":0.13,"ei":3.31,"as":150.32,"mi":"E","mv":1510647,"sc":1,"lpe":100.0,"lpr":11.14,"lq":1.0},{"pi":"15747","pc":"Продукты питания","ss":100,"td":"Окраина","dc":1,"n":48.9,"vc":"около 50","sl":"Нормальный","sv":"менее 50","p":14.22,"q":1.05,"b":0.0,"wi":0.13,"ei":3.31,"as":150.32,"mi":"E","mv":1510647,"sc":1,"lpe":100.0,"lpr":11.14,"lq":1.0},{"pi":"15747","pc":"Продукты питания","ss":100,"td":"Окраина","dc":1,"n":48.9,"vc":"около 50","sl":"Нормальный","sv":"менее 50","p":14.22,"q":1.05,"b":0.0,"wi":0.13,"ei":3.31,"as":150.32,"mi":"E","mv":1510647,"sc":1,"lpe":100.0,"lpr":11.14,"lq":1.0},{"pi":"15747","pc":"Продукты питания","ss":100,"td":"Окраина","dc":1,"n":48.9,"vc":"около 50","sl":"Нормальный","sv":"менее 50","p":14.22,"q":1.05,"b":0.0,"wi":0.13,"ei":3.31,"as":150.32,"mi":"E","mv":1510647,"sc":1,"lpe":100.0,"lpr":11.14,"lq":1.0},{"pi":"15747","pc":"Продукты питания","ss":100,"td":"Окраина","dc":1,"n":48.9,"vc":"около 50","sl":"Нормальный","sv":"менее 50","p":14.22,"q":1.05,"b":0.0,"wi":0.13,"ei":3.31,"as":150.32,"mi":"E","mv":1510647,"sc":1,"lpe":100.0,"lpr":11.14,"lq":1.0},{"pi":"15747","pc":"Продукты питания","ss":100,"td":"Окраина","dc":1,"n":48.9,"vc":"около 50","sl":"Нормальный","sv":"менее 50","p":14.22,"q":1.05,"b":0.0,"wi":0.13,"ei":3.31,"as":150.32,"mi":"E","mv":1510647,"sc":1,"lpe":100.0,"lpr":11.14,"lq":1.0},{"pi":"15747","pc":"Продукты питания","ss":100,"td":"Окраина","dc":1,"n":48.31,"vc":"около 100","sl":"Нормальный","sv":"менее 50","p":14.75,"q":1.05,"b":0.0,"wi":0.12,"ei":4.25,"as":148.66,"mi":"E","mv":2482597,"sc":1,"lpe":100.0,"lpr":11.02,"lq":1.0},{"pi":"15747","pc":"Продукты питания","ss":100,"td":"Окраина","dc":1,"n":48.31,"vc":"около 100","sl":"Нормальный","sv":"менее 50","p":14.75,"q":1.05,"b":0.0,"wi":0.12,"ei":4.25,"as":148.66,"mi":"E","mv":2482597,"sc":1,"lpe":100.0,"lpr":11.02,"lq":1.0},{"pi":"15747","pc":"Продукты питания","ss":100,"td":"Окраина","dc":1,"n":48.31,"vc":"около 100","sl":"Нормальный","sv":"менее 50","p":14.75,"q":1.05,"b":0.0,"wi":0.12,"ei":4.25,"as":148.66,"mi":"E","mv":2482597,"sc":1,"lpe":100.0,"lpr":11.02,"lq":1.0},{"pi":"15747","pc":"Продукты питания","ss":100,"td":"Окраина","dc":1,"n":48.31,"vc":"около 100","sl":"Нормальный","sv":"менее 50","p":14.75,"q":1.05,"b":0.0,"wi":0.12,"ei":4.25,"as":148.66,"mi":"E","mv":2482597,"sc":1,"lpe":100.0,"lpr":11.02,"lq":1.0},{"pi":"15747","pc":"Продукты питания","ss":100,"td":"Окраина","dc":1,"n":48.31,"vc":"около 100","sl":"Нормальный","sv":"менее 50","p":14.75,"q":1.05,"b":0.0,"wi":0.12,"ei":4.25,"as":148.66,"mi":"E","mv":2482597,"sc":1,"lpe":100.0,"lpr":11.02,"lq":1.0},{"pi":"15747","pc":"Продукты питания","ss":100,"td":"Окраина","dc":1,"n":48.31,"vc":"около 100","sl":"Нормальный","sv":"менее 50","p":14.75,"q":1.05,"b":0.0,"wi":0.12,"ei":4.25,"as":148.66,"mi":"E","mv":2482597,"sc":1,"lpe":100.0,"lpr":11.02,"lq":1.0},{"pi":"15747","pc":"Продукты питания","ss":100,"td":"Окраина","dc":1,"n":48.31,"vc":"около 100","sl":"Нормальный","sv":"менее 50","p":14.75,"q":1.05,"b":0.0,"wi":0.12,"ei":4.25,"as":148.66,"mi":"E","mv":2482597,"sc":1,"lpe":100.0,"lpr":11.02,"lq":1.0},{"pi":"15747","pc":"Продукты питания","ss":100,"td":"Окраина","dc":1,"n":49.26,"vc":"около 50","sl":"Нормальный","sv":"менее 50","p":16.41,"q":1.05,"b":0.0,"wi":0.2,"ei":4.32,"as":180.62,"mi":"E","mv":1190561,"sc":3,"lpe":99.99,"lpr":13.29,"lq":1.0},{"pi":"15747","pc":"Продукты питания","ss":100,"td":"Окраина","dc":1,"n":49.26,"vc":"около 50","sl":"Нормальный","sv":"менее 50","p":16.41,"q":1.05,"b":0.0,"wi":0.2,"ei":4.32,"as":180.62,"mi":"E","mv":1190561,"sc":3,"lpe":99.99,"lpr":13.29,"lq":1.0},{"pi":"15747","pc":"Продукты питания","ss":100,"td":"Окраина","dc":1,"n":48.31,"vc":"около 50","sl":"Нормальный","sv":"менее 50","p":18.1,"q":1.05,"b":0.0,"wi":0.2,"ei":4.32,"as":180.62,"mi":"E","mv":1190561,"sc":3,"lpe":99.99,"lpr":13.29,"lq":1.0},{"pi":"15747","pc":"Продукты питания","ss":100,"td":"Окраина","dc":1,"n":49.26,"vc":"около 50","sl":"Нормальный","sv":"менее 50","p":16.41,"q":1.05,"b":0.0,"wi":0.2,"ei":4.32,"as":180.62,"mi":"E","mv":1190561,"sc":3,"lpe":99.99,"lpr":13.29,"lq":1.0},{"pi":"15747","pc":"Продукты питания","ss":100,"td":"Окраина","dc":1,"n":49.26,"vc":"около 50","sl":"Нормальный","sv":"менее 50","p":16.41,"q":1.05,"b":0.0,"wi":0.2,"ei":4.32,"as":180.62,"mi":"E","mv":1190561,"sc":3,"lpe":99.99,"lpr":13.29,"lq":1.0},{"pi":"15747","pc":"Продукты питания","ss":100,"td":"Окраина","dc":1,"n":48.31,"vc":"около 50","sl":"Нормальный","sv":"менее 50","p":18.1,"q":1.05,"b":0.0,"wi":0.2,"ei":4.32,"as":180.62,"mi":"E","mv":1190561,"sc":3,"lpe":99.99,"lpr":13.29,"lq":1.0},{"pi":"15747","pc":"Продукты питания","ss":100,"td":"Окраина","dc":1,"n":49.26,"vc":"около 50","sl":"Нормальный","sv":"менее 50","p":16.41,"q":1.05,"b":0.0,"wi":0.2,"ei":4.32,"as":180.62,"mi":"E","mv":1190561,"sc":3,"lpe":99.99,"lpr":13.29,"lq":1.0},{"pi":"15747","pc":"Продукты питания","ss":100,"td":"Окраина","dc":1,"n":49.26,"vc":"около 50","sl":"Нормальный","sv":"менее 50","p":16.41,"q":1.05,"b":0.0,"wi":0.2,"ei":4.32,"as":180.62,"mi":"E","mv":1190561,"sc":3,"lpe":99.99,"lpr":13.29,"lq":1.0},{"pi":"15747","pc":"Продукты питания","ss":100,"td":"Окраина","dc":1,"n":48.31,"vc":"около 50","sl":"Нормальный","sv":"менее 50","p":18.1,"q":1.05,"b":0.0,"wi":0.2,"ei":4.32,"as":180.62,"mi":"E","mv":1190561,"sc":3,"lpe":99.99,"lpr":13.29,"lq":1.0},{"pi":"15747","pc":"Продукты питания","ss":100,"td":"Окраина","dc":1,"n":49.26,"vc":"около 50","sl":"Нормальный","sv":"менее 50","p":16.41,"q":1.05,"b":0.0,"wi":0.2,"ei":4.32,"as":180.62,"mi":"E","mv":1190561,"sc":3,"lpe":99.99,"lpr":13.29,"lq":1.0},{"pi":"15747","pc":"Продукты питания","ss":100,"td":"Окраина","dc":1,"n":49.26,"vc":"около 50","sl":"Нормальный","sv":"менее 50","p":16.41,"q":1.05,"b":0.0,"wi":0.2,"ei":4.32,"as":180.62,"mi":"E","mv":1190561,"sc":3,"lpe":99.99,"lpr":13.29,"lq":1.0},{"pi":"15747","pc":"Продукты питания","ss":100,"td":"Окраина","dc":1,"n":48.31,"vc":"около 50","sl":"Нормальный","sv":"менее 50","p":18.1,"q":1.05,"b":0.0,"wi":0.2,"ei":4.32,"as":180.62,"mi":"E","mv":1190561,"sc":3,"lpe":99.99,"lpr":13.29,"lq":1.0},{"pi":"15747","pc":"Продукты питания","ss":100,"td":"Окраина","dc":1,"n":49.26,"vc":"около 50","sl":"Нормальный","sv":"менее 50","p":16.41,"q":1.05,"b":0.0,"wi":0.2,"ei":4.32,"as":180.62,"mi":"E","mv":1190561,"sc":3,"lpe":99.99,"lpr":13.29,"lq":1.0},{"pi":"15747","pc":"Продукты питания","ss":100,"td":"Окраина","dc":1,"n":49.26,"vc":"около 50","sl":"Нормальный","sv":"менее 50","p":16.41,"q":1.05,"b":0.0,"wi":0.2,"ei":4.32,"as":180.62,"mi":"E","mv":1190561,"sc":3,"lpe":99.99,"lpr":13.29,"lq":1.0},{"pi":"15747","pc":"Продукты питания","ss":100,"td":"Окраина","dc":1,"n":49.26,"vc":"около 50","sl":"Нормальный","sv":"менее 50","p":16.41,"q":1.05,"b":0.0,"wi":0.2,"ei":4.32,"as":180.62,"mi":"E","mv":1190561,"sc":3,"lpe":99.99,"lpr":13.29,"lq":1.0},{"pi":"15747","pc":"Продукты питания","ss":100,"td":"Окраина","dc":1,"n":48.31,"vc":"около 50","sl":"Нормальный","sv":"менее 50","p":18.1,"q":1.05,"b":0.0,"wi":0.2,"ei":4.32,"as":180.62,"mi":"E","mv":1190561,"sc":3,"lpe":99.99,"lpr":13.29,"lq":1.0},{"pi":"15747","pc":"Продукты питания","ss":100,"td":"Окраина","dc":1,"n":49.26,"vc":"около 50","sl":"Нормальный","sv":"менее 50","p":16.41,"q":1.05,"b":0.0,"wi":0.2,"ei":4.32,"as":180.62,"mi":"E","mv":1190561,"sc":3,"lpe":99.99,"lpr":13.29,"lq":1.0},{"pi":"15747","pc":"Продукты питания","ss":100,"td":"Окраина","dc":1,"n":49.26,"vc":"около 50","sl":"Нормальный","sv":"менее 50","p":16.41,"q":1.05,"b":0.0,"wi":0.2,"ei":4.32,"as":180.62,"mi":"E","mv":1190561,"sc":3,"lpe":99.99,"lpr":13.29,"lq":1.0},{"pi":"15747","pc":"Продукты питания","ss":100,"td":"Окраина","dc":1,"n":49.26,"vc":"около 50","sl":"Нормальный","sv":"менее 50","p":16.41,"q":1.05,"b":0.0,"wi":0.2,"ei":4.32,"as":180.62,"mi":"E","mv":1190561,"sc":3,"lpe":99.99,"lpr":13.29,"lq":1.0},{"pi":"15747","pc":"Продукты питания","ss":100,"td":"Окраина","dc":1,"n":48.31,"vc":"около 50","sl":"Нормальный","sv":"менее 50","p":18.1,"q":1.05,"b":0.0,"wi":0.2,"ei":4.32,"as":180.62,"mi":"E","mv":1190561,"sc":3,"lpe":99.99,"lpr":13.29,"lq":1.0},{"pi":"15747","pc":"Продукты питания","ss":100,"td":"Окраина","dc":1,"n":49.26,"vc":"около 50","sl":"Нормальный","sv":"менее 50","p":16.41,"q":1.05,"b":0.0,"wi":0.2,"ei":4.32,"as":180.62,"mi":"E","mv":1190561,"sc":3,"lpe":99.99,"lpr":13.29,"lq":1.0},{"pi":"15747","pc":"Продукты питания","ss":100,"td":"Окраина","dc":1,"n":49.26,"vc":"около 50","sl":"Нормальный","sv":"менее 50","p":16.41,"q":1.05,"b":0.0,"wi":0.2,"ei":4.32,"as":180.62,"mi":"E","mv":1190561,"sc":3,"lpe":99.99,"lpr":13.29,"lq":1.0},{"pi":"15747","pc":"Продукты питания","ss":100,"td":"Окраина","dc":1,"n":48.31,"vc":"около 50","sl":"Нормальный","sv":"менее 50","p":18.1,"q":1.05,"b":0.0,"wi":0.2,"ei":4.32,"as":180.62,"mi":"E","mv":1190561,"sc":3,"lpe":99.99,"lpr":13.29,"lq":1.0},{"pi":"15747","pc":"Продукты питания","ss":100,"td":"Центр города","dc":3,"n":71.65,"vc":"около 100","sl":"Очень низкий","sv":"более 100","p":50.0,"q":4.52,"b":0.0,"wi":1.24,"ei":7.8,"as":1190.0,"mi":"E","mv":1036832,"sc":1,"lpe":99.98,"lpr":84.79,"lq":1.0},{"pi":"15747","pc":"Продукты питания","ss":100,"td":"Центр города","dc":3,"n":71.65,"vc":"около 100","sl":"Очень низкий","sv":"более 100","p":50.0,"q":4.52,"b":0.0,"wi":1.24,"ei":7.8,"as":1190.0,"mi":"E","mv":1036832,"sc":1,"lpe":99.98,"lpr":84.79,"lq":1.0},{"pi":"15747","pc":"Продукты питания","ss":100,"td":"Центр города","dc":3,"n":71.65,"vc":"около 100","sl":"Очень низкий","sv":"более 100","p":50.0,"q":4.52,"b":0.0,"wi":1.24,"ei":7.8,"as":1190.0,"mi":"E","mv":1036832,"sc":1,"lpe":99.98,"lpr":84.79,"lq":1.0},{"pi":"15747","pc":"Продукты питания","ss":100,"td":"Центр города","dc":3,"n":71.65,"vc":"около 100","sl":"Очень низкий","sv":"более 100","p":50.0,"q":4.52,"b":0.0,"wi":1.24,"ei":7.8,"as":1190.0,"mi":"E","mv":1036832,"sc":1,"lpe":99.98,"lpr":84.79,"lq":1.0},{"pi":"15747","pc":"Продукты питания","ss":100,"td":"Центр города","dc":3,"n":71.65,"vc":"около 100","sl":"Очень низкий","sv":"более 100","p":50.0,"q":4.52,"b":0.0,"wi":1.24,"ei":7.8,"as":1190.0,"mi":"E","mv":1036832,"sc":1,"lpe":99.98,"lpr":84.79,"lq":1.0},{"pi":"15747","pc":"Продукты питания","ss":100,"td":"Центр города","dc":3,"n":71.65,"vc":"около 100","sl":"Очень низкий","sv":"более 100","p":50.0,"q":4.52,"b":0.0,"wi":1.24,"ei":7.8,"as":1190.0,"mi":"E","mv":1036832,"sc":1,"lpe":99.98,"lpr":84.79,"lq":1.0},{"pi":"15747","pc":"Продукты питания","ss":100,"td":"Центр города","dc":3,"n":71.65,"vc":"около 100","sl":"Очень низкий","sv":"более 100","p":50.0,"q":4.52,"b":0.0,"wi":1.24,"ei":7.8,"as":1190.0,"mi":"E","mv":1036832,"sc":1,"lpe":99.98,"lpr":84.79,"lq":1.0},{"pi":"15747","pc":"Продукты питания","ss":100,"td":"Центр города","dc":3,"n":71.65,"vc":"около 100","sl":"Очень низкий","sv":"более 100","p":50.0,"q":4.52,"b":0.0,"wi":1.24,"ei":7.8,"as":1190.0,"mi":"E","mv":1036832,"sc":1,"lpe":99.98,"lpr":84.79,"lq":1.0},{"pi":"15747","pc":"Продукты питания","ss":100,"td":"Центр города","dc":3,"n":71.65,"vc":"около 100","sl":"Очень низкий","sv":"более 100","p":50.0,"q":4.52,"b":0.0,"wi":1.24,"ei":7.8,"as":1190.0,"mi":"E","mv":1036832,"sc":1,"lpe":99.98,"lpr":84.79,"lq":1.0},{"pi":"15747","pc":"Продукты питания","ss":100,"td":"Центр города","dc":3,"n":71.65,"vc":"около 100","sl":"Очень низкий","sv":"более 100","p":50.0,"q":4.52,"b":0.0,"wi":1.24,"ei":7.8,"as":1190.0,"mi":"E","mv":1036832,"sc":1,"lpe":99.98,"lpr":84.79,"lq":1.0},{"pi":"15747","pc":"Продукты питания","ss":100,"td":"Центр города","dc":3,"n":71.65,"vc":"около 100","sl":"Очень низкий","sv":"более 100","p":50.0,"q":4.52,"b":0.0,"wi":1.24,"ei":7.8,"as":1190.0,"mi":"E","mv":1036832,"sc":1,"lpe":99.98,"lpr":84.79,"lq":1.0},{"pi":"15747","pc":"Продукты питания","ss":100,"td":"Центр города","dc":3,"n":71.65,"vc":"около 100","sl":"Очень низкий","sv":"более 100","p":50.0,"q":4.52,"b":0.0,"wi":1.24,"ei":7.8,"as":1190.0,"mi":"E","mv":1036832,"sc":1,"lpe":99.98,"lpr":84.79,"lq":1.0},{"pi":"15747","pc":"Продукты питания","ss":100,"td":"Центр города","dc":3,"n":71.65,"vc":"около 100","sl":"Очень низкий","sv":"более 100","p":50.0,"q":4.52,"b":0.0,"wi":1.24,"ei":7.8,"as":1190.0,"mi":"E","mv":1036832,"sc":1,"lpe":99.98,"lpr":84.79,"lq":1.0},{"pi":"15747","pc":"Продукты питания","ss":100,"td":"Окраина","dc":1,"n":48.31,"vc":"около 50","sl":"Нормальный","sv":"менее 50","p":14.76,"q":1.05,"b":0.0,"wi":0.16,"ei":4.26,"as":146.92,"mi":"E","mv":1777143,"sc":1,"lpe":100.0,"lpr":10.88,"lq":1.0},{"pi":"15747","pc":"Продукты питания","ss":100,"td":"Окраина","dc":1,"n":48.31,"vc":"около 50","sl":"Нормальный","sv":"менее 50","p":14.76,"q":1.05,"b":0.0,"wi":0.16,"ei":4.26,"as":146.92,"mi":"E","mv":1777143,"sc":1,"lpe":100.0,"lpr":10.88,"lq":1.0},{"pi":"15747","pc":"Продукты питания","ss":100,"td":"Окраина","dc":1,"n":48.31,"vc":"около 50","sl":"Нормальный","sv":"менее 50","p":14.76,"q":1.05,"b":0.0,"wi":0.16,"ei":4.26,"as":146.92,"mi":"E","mv":1777143,"sc":1,"lpe":100.0,"lpr":10.88,"lq":1.0},{"pi":"15747","pc":"Продукты питания","ss":100,"td":"Окраина","dc":1,"n":48.31,"vc":"около 50","sl":"Нормальный","sv":"менее 50","p":14.76,"q":1.05,"b":0.0,"wi":0.16,"ei":4.26,"as":146.92,"mi":"E","mv":1777143,"sc":1,"lpe":100.0,"lpr":10.88,"lq":1.0},{"pi":"15747","pc":"Продукты питания","ss":100,"td":"Окраина","dc":1,"n":48.31,"vc":"около 50","sl":"Нормальный","sv":"менее 50","p":14.76,"q":1.05,"b":0.0,"wi":0.16,"ei":4.26,"as":146.92,"mi":"E","mv":1777143,"sc":1,"lpe":100.0,"lpr":10.88,"lq":1.0},{"pi":"15747","pc":"Продукты питания","ss":100,"td":"Окраина","dc":1,"n":48.31,"vc":"около 50","sl":"Нормальный","sv":"менее 50","p":14.76,"q":1.05,"b":0.0,"wi":0.16,"ei":4.26,"as":146.92,"mi":"E","mv":1777143,"sc":1,"lpe":100.0,"lpr":10.88,"lq":1.0},{"pi":"15747","pc":"Продукты питания","ss":100,"td":"Окраина","dc":1,"n":48.31,"vc":"около 50","sl":"Нормальный","sv":"менее 50","p":14.76,"q":1.05,"b":0.0,"wi":0.16,"ei":4.26,"as":146.92,"mi":"E","mv":1777143,"sc":1,"lpe":100.0,"lpr":10.88,"lq":1.0},{"pi":"15747","pc":"Продукты питания","ss":100,"td":"Окраина","dc":1,"n":46.94,"vc":"менее 50","sl":"Очень высокий","sv":"менее 50","p":11.39,"q":1.05,"b":0.0,"wi":0.14,"ei":3.65,"as":118.24,"mi":"E","mv":75073,"sc":1,"lpe":99.99,"lpr":8.75,"lq":1.0},{"pi":"15747","pc":"Продукты питания","ss":100,"td":"Окраина","dc":1,"n":46.94,"vc":"менее 50","sl":"Очень высокий","sv":"менее 50","p":11.39,"q":1.05,"b":0.0,"wi":0.14,"ei":3.65,"as":118.24,"mi":"E","mv":75073,"sc":1,"lpe":99.99,"lpr":8.75,"lq":1.0},{"pi":"15747","pc":"Продукты питания","ss":100,"td":"Окраина","dc":1,"n":46.94,"vc":"менее 50","sl":"Очень высокий","sv":"менее 50","p":11.39,"q":1.05,"b":0.0,"wi":0.14,"ei":3.65,"as":118.24,"mi":"E","mv":75073,"sc":1,"lpe":99.99,"lpr":8.75,"lq":1.0},{"pi":"15747","pc":"Продукты питания","ss":100,"td":"Окраина","dc":1,"n":46.94,"vc":"менее 50","sl":"Очень высокий","sv":"менее 50","p":11.39,"q":1.05,"b":0.0,"wi":0.14,"ei":3.65,"as":118.24,"mi":"E","mv":75073,"sc":1,"lpe":99.99,"lpr":8.75,"lq":1.0},{"pi":"15747","pc":"Продукты питания","ss":100,"td":"Окраина","dc":1,"n":46.94,"vc":"менее 50","sl":"Очень высокий","sv":"менее 50","p":11.39,"q":1.05,"b":0.0,"wi":0.14,"ei":3.65,"as":118.24,"mi":"E","mv":75073,"sc":1,"lpe":99.99,"lpr":8.75,"lq":1.0},{"pi":"15747","pc":"Продукты питания","ss":100,"td":"Окраина","dc":1,"n":46.94,"vc":"менее 50","sl":"Очень высокий","sv":"менее 50","p":11.39,"q":1.05,"b":0.0,"wi":0.14,"ei":3.65,"as":118.24,"mi":"E","mv":75073,"sc":1,"lpe":99.99,"lpr":8.75,"lq":1.0},{"pi":"15747","pc":"Продукты питания","ss":100,"td":"Окраина","dc":1,"n":46.94,"vc":"менее 50","sl":"Очень высокий","sv":"менее 50","p":11.39,"q":1.05,"b":0.0,"wi":0.14,"ei":3.65,"as":118.24,"mi":"E","mv":75073,"sc":1,"lpe":99.99,"lpr":8.75,"lq":1.0},{"pi":"15747","pc":"Продукты питания","ss":100,"td":"Окраина","dc":1,"n":49.5,"vc":"менее 50","sl":"Очень высокий","sv":"около 50","p":11.37,"q":1.05,"b":0.0,"wi":0.14,"ei":3.2,"as":132.44,"mi":"E","mv":191298,"sc":1,"lpe":99.98,"lpr":9.76,"lq":1.0},{"pi":"15747","pc":"Продукты питания","ss":100,"td":"Окраина","dc":1,"n":49.5,"vc":"менее 50","sl":"Очень высокий","sv":"около 50","p":11.37,"q":1.05,"b":0.0,"wi":0.14,"ei":3.2,"as":132.44,"mi":"E","mv":191298,"sc":1,"lpe":99.98,"lpr":9.76,"lq":1.0},{"pi":"15747","pc":"Продукты питания","ss":100,"td":"Окраина","dc":1,"n":49.5,"vc":"менее 50","sl":"Очень высокий","sv":"около 50","p":11.37,"q":1.05,"b":0.0,"wi":0.14,"ei":3.2,"as":132.44,"mi":"E","mv":191298,"sc":1,"lpe":99.98,"lpr":9.76,"lq":1.0},{"pi":"15747","pc":"Продукты питания","ss":100,"td":"Окраина","dc":1,"n":49.5,"vc":"менее 50","sl":"Очень высокий","sv":"около 50","p":11.37,"q":1.05,"b":0.0,"wi":0.14,"ei":3.2,"as":132.44,"mi":"E","mv":191298,"sc":1,"lpe":99.98,"lpr":9.76,"lq":1.0},{"pi":"15747","pc":"Продукты питания","ss":100,"td":"Окраина","dc":1,"n":49.5,"vc":"менее 50","sl":"Очень высокий","sv":"около 50","p":11.37,"q":1.05,"b":0.0,"wi":0.14,"ei":3.2,"as":132.44,"mi":"E","mv":191298,"sc":1,"lpe":99.98,"lpr":9.76,"lq":1.0},{"pi":"15747","pc":"Продукты питания","ss":100,"td":"Окраина","dc":1,"n":49.5,"vc":"менее 50","sl":"Очень высокий","sv":"около 50","p":11.37,"q":1.05,"b":0.0,"wi":0.14,"ei":3.2,"as":132.44,"mi":"E","mv":191298,"sc":1,"lpe":99.98,"lpr":9.76,"lq":1.0},{"pi":"15747","pc":"Продукты питания","ss":100,"td":"Окраина","dc":1,"n":49.5,"vc":"менее 50","sl":"Очень высокий","sv":"около 50","p":11.37,"q":1.05,"b":0.0,"wi":0.14,"ei":3.2,"as":132.44,"mi":"E","mv":191298,"sc":1,"lpe":99.98,"lpr":9.76,"lq":1.0},{"pi":"15747","pc":"Продукты питания","ss":100,"td":"Окраина","dc":1,"n":49.5,"vc":"менее 50","sl":"Очень высокий","sv":"около 50","p":11.37,"q":1.05,"b":0.0,"wi":0.14,"ei":3.2,"as":132.44,"mi":"E","mv":191298,"sc":1,"lpe":99.98,"lpr":9.76,"lq":1.0},{"pi":"15747","pc":"Продукты питания","ss":500,"td":"Центр города","dc":2,"n":9.75,"vc":"более 100","sl":"Нормальный","sv":"менее 50","p":15.0,"q":1.0,"b":0.0,"wi":0.16,"ei":3.0,"as":214.48,"mi":"E","mv":445372,"sc":1,"lpe":100.0,"lpr":15.84,"lq":1.0},{"pi":"15747","pc":"Продукты питания","ss":500,"td":"Центр города","dc":2,"n":9.75,"vc":"более 100","sl":"Нормальный","sv":"менее 50","p":15.0,"q":1.0,"b":0.0,"wi":0.16,"ei":3.0,"as":214.48,"mi":"E","mv":445372,"sc":1,"lpe":100.0,"lpr":15.84,"lq":1.0},{"pi":"15747","pc":"Продукты питания","ss":500,"td":"Центр города","dc":2,"n":9.75,"vc":"более 100","sl":"Нормальный","sv":"менее 50","p":15.0,"q":1.0,"b":0.0,"wi":0.16,"ei":3.0,"as":214.48,"mi":"E","mv":445372,"sc":1,"lpe":100.0,"lpr":15.84,"lq":1.0},{"pi":"15747","pc":"Продукты питания","ss":500,"td":"Центр города","dc":2,"n":9.75,"vc":"более 100","sl":"Нормальный","sv":"менее 50","p":15.0,"q":1.0,"b":0.0,"wi":0.16,"ei":3.0,"as":214.48,"mi":"E","mv":445372,"sc":1,"lpe":100.0,"lpr":15.84,"lq":1.0},{"pi":"15747","pc":"Продукты питания","ss":500,"td":"Центр города","dc":2,"n":9.75,"vc":"более 100","sl":"Нормальный","sv":"менее 50","p":15.0,"q":1.0,"b":0.0,"wi":0.16,"ei":3.0,"as":214.48,"mi":"E","mv":445372,"sc":1,"lpe":100.0,"lpr":15.84,"lq":1.0},{"pi":"15747","pc":"Продукты питания","ss":500,"td":"Центр города","dc":2,"n":9.75,"vc":"более 100","sl":"Нормальный","sv":"менее 50","p":15.0,"q":1.0,"b":0.0,"wi":0.16,"ei":3.0,"as":214.48,"mi":"E","mv":445372,"sc":1,"lpe":100.0,"lpr":15.84,"lq":1.0},{"pi":"15747","pc":"Продукты питания","ss":1000,"td":"Спальный район","dc":1,"n":32.13,"vc":"около 500","sl":"Высокий","sv":"около 1 000","p":15.25,"q":1.0,"b":0.0,"wi":0.17,"ei":4.25,"as":181.97,"mi":"E","mv":6796437,"sc":1,"lpe":99.99,"lpr":13.45,"lq":1.0},{"pi":"15747","pc":"Продукты питания","ss":1000,"td":"Спальный район","dc":1,"n":32.13,"vc":"около 500","sl":"Высокий","sv":"около 1 000","p":15.25,"q":1.0,"b":0.0,"wi":0.17,"ei":4.25,"as":181.97,"mi":"E","mv":6796437,"sc":1,"lpe":99.99,"lpr":13.45,"lq":1.0},{"pi":"15747","pc":"Продукты питания","ss":1000,"td":"Спальный район","dc":1,"n":32.13,"vc":"около 500","sl":"Высокий","sv":"около 1 000","p":15.25,"q":1.0,"b":0.0,"wi":0.17,"ei":4.25,"as":181.97,"mi":"E","mv":6796437,"sc":1,"lpe":99.99,"lpr":13.45,"lq":1.0},{"pi":"15747","pc":"Продукты питания","ss":1000,"td":"Спальный район","dc":1,"n":32.13,"vc":"около 500","sl":"Высокий","sv":"около 1 000","p":15.25,"q":1.0,"b":0.0,"wi":0.17,"ei":4.25,"as":181.97,"mi":"E","mv":6796437,"sc":1,"lpe":99.99,"lpr":13.45,"lq":1.0},{"pi":"15747","pc":"Продукты питания","ss":1000,"td":"Спальный район","dc":1,"n":32.13,"vc":"около 500","sl":"Высокий","sv":"около 1 000","p":15.25,"q":1.0,"b":0.0,"wi":0.17,"ei":4.25,"as":181.97,"mi":"E","mv":6796437,"sc":1,"lpe":99.99,"lpr":13.45,"lq":1.0},{"pi":"15747","pc":"Продукты питания","ss":1000,"td":"Спальный район","dc":1,"n":32.13,"vc":"около 500","sl":"Высокий","sv":"около 1 000","p":15.25,"q":1.0,"b":0.0,"wi":0.17,"ei":4.25,"as":181.97,"mi":"E","mv":6796437,"sc":1,"lpe":99.99,"lpr":13.45,"lq":1.0},{"pi":"15747","pc":"Продукты питания","ss":1000,"td":"Спальный район","dc":1,"n":32.13,"vc":"около 500","sl":"Высокий","sv":"около 1 000","p":15.25,"q":1.0,"b":0.0,"wi":0.17,"ei":4.25,"as":181.97,"mi":"E","mv":6796437,"sc":1,"lpe":99.99,"lpr":13.45,"lq":1.0},{"pi":"15747","pc":"Продукты питания","ss":1000,"td":"Спальный район","dc":1,"n":32.13,"vc":"около 500","sl":"Высокий","sv":"около 1 000","p":15.25,"q":1.0,"b":0.0,"wi":0.17,"ei":4.25,"as":181.97,"mi":"E","mv":6796437,"sc":1,"lpe":99.99,"lpr":13.45,"lq":1.0}]