[{"pi":"15747","pc":"Продукты питания","ss":100,"td":"Окраина","dc":1,"n":49.63,"vc":"около 100","sl":"Нормальный","sv":"более 100","p":19.31,"q":1.05,"b":0.0,"wi":0.21,"ei":3.75,"as":254.7,"mi":"E","mv":1499410,"sc":1,"lpe":99.99,"lpr":17.55,"lq":1.0},{"pi":"15747","pc":"Продукты питания","ss":100,"td":"Окраина","dc":1,"n":49.63,"vc":"около 100","sl":"Нормальный","sv":"более 100","p":19.31,"q":1.05,"b":0.0,"wi":0.21,"ei":3.75,"as":254.7,"mi":"E","mv":1499410,"sc":1,"lpe":99.99,"lpr":17.55,"lq":1.0},{"pi":"15747","pc":"Продукты питания","ss":100,"td":"Окраина","dc":1,"n":49.63,"vc":"около 100","sl":"Нормальный","sv":"более 100","p":19.31,"q":1.05,"b":0.0,"wi":0.21,"ei":3.75,"as":254.7,"mi":"E","mv":1499410,"sc":1,"lpe":99.99,"lpr":17.55,"lq":1.0},{"pi":"15747","pc":"Продукты питания","ss":100,"td":"Окраина","dc":1,"n":49.63,"vc":"около 100","sl":"Нормальный","sv":"более 100","p":19.31,"q":1.05,"b":0.0,"wi":0.21,"ei":3.75,"as":254.7,"mi":"E","mv":1499410,"sc":1,"lpe":99.99,"lpr":17.55,"lq":1.0},{"pi":"15747","pc":"Продукты питания","ss":100,"td":"Окраина","dc":1,"n":49.63,"vc":"около 100","sl":"Нормальный","sv":"более 100","p":19.31,"q":1.05,"b":0.0,"wi":0.21,"ei":3.75,"as":254.7,"mi":"E","mv":1499410,"sc":1,"lpe":99.99,"lpr":17.55,"lq":1.0},{"pi":"15747","pc":"Продукты питания","ss":100,"td":"Окраина","dc":1,"n":49.63,"vc":"около 100","sl":"Нормальный","sv":"более 100","p":19.31,"q":1.05,"b":0.0,"wi":0.21,"ei":3.75,"as":254.7,"mi":"E","mv":1499410,"sc":1,"lpe":99.99,"lpr":17.55,"lq":1.0},{"pi":"15747","pc":"Продукты питания","ss":100,"td":"Окраина","dc":1,"n":49.63,"vc":"около 100","sl":"Нормальный","sv":"более 100","p":19.31,"q":1.05,"b":0.0,"wi":0.21,"ei":3.75,"as":254.7,"mi":"E","mv":1499410,"sc":1,"lpe":99.99,"lpr":17.55,"lq":1.0},{"pi":"15747","pc":"Продукты питания","ss":100,"td":"Окраина","dc":1,"n":49.63,"vc":"около 100","sl":"Нормальный","sv":"более 100","p":19.31,"q":1.05,"b":0.0,"wi":0.21,"ei":3.75,"as":254.7,"mi":"E","mv":1499410,"sc":1,"lpe":99.99,"lpr":17.55,"lq":1.0},{"pi":"15747","pc":"Продукты питания","ss":100,"td":"Окраина","dc":1,"n":49.38,"vc":"около 50","sl":"Нормальный","sv":"более 100","p":11.19,"q":1.05,"b":0.0,"wi":0.11,"ei":3.78,"as":122.11,"mi":"E","mv":773249,"sc":1,"lpe":99.98,"lpr":10.96,"lq":1.0},{"pi":"15747","pc":"Продукты питания","ss":100,"td":"Окраина","dc":1,"n":49.38,"vc":"около 50","sl":"Нормальный","sv":"более 100","p":11.19,"q":1.05,"b":0.0,"wi":0.11,"ei":3.78,"as":122.11,"mi":"E","mv":773249,"sc":1,"lpe":99.98,"lpr":10.96,"lq":1.0},{"pi":"15747","pc":"Продукты питания","ss":100,"td":"Окраина","dc":1,"n":49.38,"vc":"около 50","sl":"Нормальный","sv":"более 100","p":11.19,"q":1.05,"b":0.0,"wi":0.11,"ei":3.78,"as":122.11,"mi":"E","mv":773249,"sc":1,"lpe":99.98,"lpr":10.96,"lq":1.0},{"pi":"15747","pc":"Продукты питания","ss":100,"td":"Окраина","dc":1,"n":49.38,"vc":"около 50","sl":"Нормальный","sv":"более 100","p":11.19,"q":1.05,"b":0.0,"wi":0.11,"ei":3.78,"as":122.11,"mi":"E","mv":773249,"sc":1,"lpe":99.98,"lpr":10.96,"lq":1.0},{"pi":"15747","pc":"Продукты питания","ss":100,"td":"Окраина","dc":1,"n":49.38,"vc":"около 50","sl":"Нормальный","sv":"более 100","p":11.19,"q":1.05,"b":0.0,"wi":0.11,"ei":3.78,"as":122.11,"mi":"E","mv":773249,"sc":1,"lpe":99.98,"lpr":10.96,"lq":1.0},{"pi":"15747","pc":"Продукты питания","ss":100,"td":"Окраина","dc":1,"n":49.38,"vc":"около 50","sl":"Нормальный","sv":"более 100","p":11.19,"q":1.05,"b":0.0,"wi":0.11,"ei":3.78,"as":122.11,"mi":"E","mv":773249,"sc":1,"lpe":99.98,"lpr":10.96,"lq":1.0},{"pi":"15747","pc":"Продукты питания","ss":100,"td":"Окраина","dc":1,"n":49.38,"vc":"около 50","sl":"Нормальный","sv":"более 100","p":11.19,"q":1.05,"b":0.0,"wi":0.11,"ei":3.78,"as":122.11,"mi":"E","mv":773249,"sc":1,"lpe":99.98,"lpr":10.96,"lq":1.0},{"pi":"15747","pc":"Продукты питания","ss":100,"td":"Окраина","dc":1,"n":49.38,"vc":"около 50","sl":"Нормальный","sv":"более 100","p":11.19,"q":1.05,"b":0.0,"wi":0.11,"ei":3.78,"as":122.11,"mi":"E","mv":773249,"sc":1,"lpe":99.98,"lpr":10.96,"lq":1.0},{"pi":"15747","pc":"Продукты питания","ss":100,"td":"Окраина","dc":1,"n":49.63,"vc":"менее 50","sl":"Очень высокий","sv":"около 100","p":15.5,"q":1.05,"b":0.0,"wi":0.19,"ei":4.3,"as":169.75,"mi":"E","mv":181764,"sc":1,"lpe":99.96,"lpr":14.55,"lq":1.0},{"pi":"15747","pc":"Продукты питания","ss":100,"td":"Окраина","dc":1,"n":49.63,"vc":"менее 50","sl":"Очень высокий","sv":"около 100","p":15.5,"q":1.05,"b":0.0,"wi":0.19,"ei":4.3,"as":169.75,"mi":"E","mv":181764,"sc":1,"lpe":99.96,"lpr":14.55,"lq":1.0},{"pi":"15747","pc":"Продукты питания","ss":100,"td":"Окраина","dc":1,"n":49.63,"vc":"менее 50","sl":"Очень высокий","sv":"около 100","p":15.5,"q":1.05,"b":0.0,"wi":0.19,"ei":4.3,"as":169.75,"mi":"E","mv":181764,"sc":1,"lpe":99.96,"lpr":14.55,"lq":1.0},{"pi":"15747","pc":"Продукты питания","ss":100,"td":"Окраина","dc":1,"n":49.63,"vc":"менее 50","sl":"Очень высокий","sv":"около 100","p":15.5,"q":1.05,"b":0.0,"wi":0.19,"ei":4.3,"as":169.75,"mi":"E","mv":181764,"sc":1,"lpe":99.96,"lpr":14.55,"lq":1.0},{"pi":"15747","pc":"Продукты питания","ss":100,"td":"Окраина","dc":1,"n":49.63,"vc":"менее 50","sl":"Очень высокий","sv":"около 100","p":15.5,"q":1.05,"b":0.0,"wi":0.19,"ei":4.3,"as":169.75,"mi":"E","mv":181764,"sc":1,"lpe":99.96,"lpr":14.55,"lq":1.0},{"pi":"15747","pc":"Продукты питания","ss":100,"td":"Окраина","dc":1,"n":49.63,"vc":"менее 50","sl":"Очень высокий","sv":"около 100","p":15.5,"q":1.05,"b":0.0,"wi":0.19,"ei":4.3,"as":169.75,"mi":"E","mv":181764,"sc":1,"lpe":99.96,"lpr":14.55,"lq":1.0},{"pi":"15747","pc":"Продукты питания","ss":100,"td":"Окраина","dc":1,"n":49.63,"vc":"менее 50","sl":"Очень высокий","sv":"около 100","p":15.5,"q":1.05,"b":0.0,"wi":0.19,"ei":4.3,"as":169.75,"mi":"E","mv":181764,"sc":1,"lpe":99.96,"lpr":14.55,"lq":1.0},{"pi":"15747","pc":"Продукты питания","ss":100,"td":"Окраина","dc":1,"n":49.63,"vc":"менее 50","sl":"Очень высокий","sv":"около 100","p":15.5,"q":1.05,"b":0.0,"wi":0.19,"ei":4.3,"as":169.75,"mi":"E","mv":181764,"sc":1,"lpe":99.96,"lpr":14.55,"lq":1.0},{"pi":"15747","pc":"Продукты питания","ss":100,"td":"Окраина","dc":1,"n":47.96,"vc":"около 50","sl":"Нормальный","sv":"около 50","p":20.48,"q":1.05,"b":0.0,"wi":0.24,"ei":5.21,"as":212.94,"mi":"E","mv":2248500,"sc":1,"lpe":100.0,"lpr":17.49,"lq":1.0},{"pi":"15747","pc":"Продукты питания","ss":100,"td":"Окраина","dc":1,"n":47.96,"vc":"около 50","sl":"Нормальный","sv":"около 50","p":20.48,"q":1.05,"b":0.0,"wi":0.24,"ei":5.21,"as":212.94,"mi":"E","mv":2248500,"sc":1,"lpe":100.0,"lpr":17.49,"lq":1.0},{"pi":"15747","pc":"Продукты питания","ss":100,"td":"Окраина","dc":1,"n":47.96,"vc":"около 50","sl":"Нормальный","sv":"около 50","p":20.48,"q":1.05,"b":0.0,"wi":0.24,"ei":5.21,"as":212.94,"mi":"E","mv":2248500,"sc":1,"lpe":100.0,"lpr":17.49,"lq":1.0},{"pi":"15747","pc":"Продукты питания","ss":100,"td":"Окраина","dc":1,"n":47.96,"vc":"около 50","sl":"Нормальный","sv":"около 50","p":20.48,"q":1.05,"b":0.0,"wi":0.24,"ei":5.21,"as":212.94,"mi":"E","mv":2248500,"sc":1,"lpe":100.0,"lpr":17.49,"lq":1.0},{"pi":"15747","pc":"Продукты питания","ss":100,"td":"Окраина","dc":1,"n":47.96,"vc":"около 50","sl":"Нормальный","sv":"около 50","p":20.48,"q":1.05,"b":0.0,"wi":0.24,"ei":5.21,"as":212.94,"mi":"E","mv":2248500,"sc":1,"lpe":100.0,"lpr":17.49,"lq":1.0},{"pi":"15747","pc":"Продукты питания","ss":100,"td":"Окраина","dc":1,"n":47.96,"vc":"около 50","sl":"Нормальный","sv":"около 50","p":20.48,"q":1.05,"b":0.0,"wi":0.24,"ei":5.21,"as":212.94,"mi":"E","mv":2248500,"sc":1,"lpe":100.0,"lpr":17.49,"lq":1.0},{"pi":"15747","pc":"Продукты питания","ss":100,"td":"Окраина","dc":1,"n":47.96,"vc":"около 50","sl":"Нормальный","sv":"около 50","p":20.48,"q":1.05,"b":0.0,"wi":0.24,"ei":5.21,"as":212.94,"mi":"E","mv":2248500,"sc":1,"lpe":100.0,"lpr":17.49,"lq":1.0},{"pi":"15747","pc":"Продукты питания","ss":500,"td":"Центр города","dc":3,"n":33.68,"vc":"более 100","sl":"Очень высокий","sv":"около 500","p":18.5,"q":2.82,"b":0.0,"wi":0.3,"ei":4.37,"as":290.59,"mi":"E","mv":895499,"sc":1,"lpe":99.94,"lpr":24.16,"lq":1.0},{"pi":"15747","pc":"Продукты питания","ss":500,"td":"Центр города","dc":3,"n":33.68,"vc":"более 100","sl":"Очень высокий","sv":"около 500","p":18.5,"q":2.82,"b":0.0,"wi":0.3,"ei":4.37,"as":290.59,"mi":"E","mv":895499,"sc":1,"lpe":99.94,"lpr":24.16,"lq":1.0},{"pi":"15747","pc":"Продукты питания","ss":500,"td":"Центр города","dc":3,"n":33.68,"vc":"более 100","sl":"Очень высокий","sv":"около 500","p":18.5,"q":2.82,"b":0.0,"wi":0.3,"ei":4.37,"as":290.59,"mi":"E","mv":895499,"sc":1,"lpe":99.94,"lpr":24.16,"lq":1.0},{"pi":"15747","pc":"Продукты питания","ss":500,"td":"Центр города","dc":3,"n":33.68,"vc":"более 100","sl":"Очень высокий","sv":"около 500","p":18.5,"q":2.82,"b":0.0,"wi":0.3,"ei":4.37,"as":290.59,"mi":"E","mv":895499,"sc":1,"lpe":99.94,"lpr":24.16,"lq":1.0},{"pi":"15747","pc":"Продукты питания","ss":500,"td":"Центр города","dc":3,"n":33.68,"vc":"более 100","sl":"Очень высокий","sv":"около 500","p":18.5,"q":2.82,"b":0.0,"wi":0.3,"ei":4.37,"as":290.59,"mi":"E","mv":895499,"sc":1,"lpe":99.94,"lpr":24.16,"lq":1.0},{"pi":"15747","pc":"Продукты питания","ss":500,"td":"Центр города","dc":3,"n":33.68,"vc":"более 100","sl":"Очень высокий","sv":"около 500","p":18.5,"q":2.82,"b":0.0,"wi":0.3,"ei":4.37,"as":290.59,"mi":"E","mv":895499,"sc":1,"lpe":99.94,"lpr":24.16,"lq":1.0},{"pi":"15747","pc":"Продукты питания","ss":500,"td":"Центр города","dc":3,"n":33.68,"vc":"более 100","sl":"Очень высокий","sv":"около 500","p":18.5,"q":2.82,"b":0.0,"wi":0.3,"ei":4.37,"as":290.59,"mi":"E","mv":895499,"sc":1,"lpe":99.94,"lpr":24.16,"lq":1.0},{"pi":"15747","pc":"Продукты питания","ss":500,"td":"Центр города","dc":3,"n":33.68,"vc":"более 100","sl":"Очень высокий","sv":"около 500","p":18.5,"q":2.82,"b":0.0,"wi":0.3,"ei":4.37,"as":290.59,"mi":"E","mv":895499,"sc":1,"lpe":99.94,"lpr":24.16,"lq":1.0},{"pi":"15747","pc":"Продукты питания","ss":500,"td":"Центр города","dc":3,"n":33.68,"vc":"более 100","sl":"Очень высокий","sv":"около 500","p":18.5,"q":2.82,"b":0.0,"wi":0.3,"ei":4.37,"as":290.59,"mi":"E","mv":895499,"sc":1,"lpe":99.94,"lpr":24.16,"lq":1.0},{"pi":"15747","pc":"Продукты питания","ss":100,"td":"Окраина","dc":1,"n":46.83,"vc":"около 50","sl":"Высокий","sv":"около 50","p":13.16,"q":1.05,"b":0.0,"wi":0.13,"ei":3.0,"as":122.95,"mi":"E","mv":1127200,"sc":1,"lpe":100.0,"lpr":11.02,"lq":1.0},{"pi":"15747","pc":"Продукты питания","ss":100,"td":"Окраина","dc":1,"n":46.83,"vc":"около 50","sl":"Высокий","sv":"около 50","p":13.16,"q":1.05,"b":0.0,"wi":0.13,"ei":3.0,"as":122.95,"mi":"E","mv":1127200,"sc":1,"lpe":100.0,"lpr":11.02,"lq":1.0},{"pi":"15747","pc":"Продукты питания","ss":100,"td":"Окраина","dc":1,"n":46.83,"vc":"около 50","sl":"Высокий","sv":"около 50","p":13.16,"q":1.05,"b":0.0,"wi":0.13,"ei":3.0,"as":122.95,"mi":"E","mv":1127200,"sc":1,"lpe":100.0,"lpr":11.02,"lq":1.0},{"pi":"15747","pc":"Продукты питания","ss":100,"td":"Окраина","dc":1,"n":46.83,"vc":"около 50","sl":"Высокий","sv":"около 50","p":13.16,"q":1.05,"b":0.0,"wi":0.13,"ei":3.0,"as":122.95,"mi":"E","mv":1127200,"sc":1,"lpe":100.0,"lpr":11.02,"lq":1.0},{"pi":"15747","pc":"Продукты питания","ss":100,"td":"Окраина","dc":1,"n":46.83,"vc":"около 50","sl":"Высокий","sv":"около 50","p":13.16,"q":1.05,"b":0.0,"wi":0.13,"ei":3.0,"as":122.95,"mi":"E","mv":1127200,"sc":1,"lpe":100.0,"lpr":11.02,"lq":1.0},{"pi":"15747","pc":"Продукты питания","ss":100,"td":"Окраина","dc":1,"n":49.63,"vc":"около 50","sl":"Очень высокий","sv":"около 100","p":16.74,"q":1.05,"b":0.0,"wi":0.21,"ei":4.28,"as":186.02,"mi":"E","mv":286004,"sc":1,"lpe":99.97,"lpr":15.71,"lq":1.0},{"pi":"15747","pc":"Продукты питания","ss":100,"td":"Окраина","dc":1,"n":49.63,"vc":"около 50","sl":"Очень высокий","sv":"около 100","p":16.74,"q":1.05,"b":0.0,"wi":0.21,"ei":4.28,"as":186.02,"mi":"E","mv":286004,"sc":1,"lpe":99.97,"lpr":15.71,"lq":1.0},{"pi":"15747","pc":"Продукты питания","ss":100,"td":"Окраина","dc":1,"n":49.63,"vc":"около 50","sl":"Очень высокий","sv":"около 100","p":16.74,"q":1.05,"b":0.0,"wi":0.21,"ei":4.28,"as":186.02,"mi":"E","mv":286004,"sc":1,"lpe":99.97,"lpr":15.71,"lq":1.0},{"pi":"15747","pc":"Продукты питания","ss":100,"td":"Окраина","dc":1,"n":49.63,"vc":"около 50","sl":"Очень высокий","sv":"около 100","p":16.74,"q":1.05,"b":0.0,"wi":0.21,"ei":4.28,"as":186.02,"mi":"E","mv":286004,"sc":1,"lpe":99.97,"lpr":15.71,"lq":1.0},{"pi":"15747","pc":"Продукты питания","ss":100,"td":"Окраина","dc":1,"n":49.63,"vc":"около 50","sl":"Очень высокий","sv":"около 100","p":16.74,"q":1.05,"b":0.0,"wi":0.21,"ei":4.28,"as":186.02,"mi":"E","mv":286004,"sc":1,"lpe":99.97,"lpr":15.71,"lq":1.0},{"pi":"15747","pc":"Продукты питания","ss":100,"td":"Окраина","dc":1,"n":49.63,"vc":"около 50","sl":"Очень высокий","sv":"около 100","p":16.74,"q":1.05,"b":0.0,"wi":0.21,"ei":4.28,"as":186.02,"mi":"E","mv":286004,"sc":1,"lpe":99.97,"lpr":15.71,"lq":1.0},{"pi":"15747","pc":"Продукты питания","ss":100,"td":"Окраина","dc":1,"n":49.63,"vc":"около 50","sl":"Очень высокий","sv":"около 100","p":16.74,"q":1.05,"b":0.0,"wi":0.21,"ei":4.28,"as":186.02,"mi":"E","mv":286004,"sc":1,"lpe":99.97,"lpr":15.71,"lq":1.0},{"pi":"15747","pc":"Продукты питания","ss":100,"td":"Окраина","dc":1,"n":49.63,"vc":"около 50","sl":"Очень высокий","sv":"около 100","p":16.74,"q":1.05,"b":0.0,"wi":0.21,"ei":4.28,"as":186.02,"mi":"E","mv":286004,"sc":1,"lpe":99.97,"lpr":15.71,"lq":1.0},{"pi":"15747","pc":"Продукты питания","ss":100,"td":"Окраина","dc":1,"n":49.75,"vc":"около 50","sl":"Нормальный","sv":"менее 50","p":23.88,"q":1.05,"b":0.0,"wi":0.27,"ei":4.4,"as":273.11,"mi":"E","mv":1403444,"sc":1,"lpe":100.0,"lpr":22.17,"lq":1.0},{"pi":"15747","pc":"Продукты питания","ss":100,"td":"Окраина","dc":1,"n":49.75,"vc":"около 50","sl":"Нормальный","sv":"менее 50","p":23.88,"q":1.05,"b":0.0,"wi":0.27,"ei":4.4,"as":273.11,"mi":"E","mv":1403444,"sc":1,"lpe":100.0,"lpr":22.17,"lq":1.0},{"pi":"15747","pc":"Продукты питания","ss":100,"td":"Окраина","dc":1,"n":49.75,"vc":"около 50","sl":"Нормальный","sv":"менее 50","p":23.88,"q":1.05,"b":0.0,"wi":0.27,"ei":4.4,"as":273.11,"mi":"E","mv":1403444,"sc":1,"lpe":100.0,"lpr":22.17,"lq":1.0},{"pi":"15747","pc":"Продукты питания","ss":100,"td":"Окраина","dc":1,"n":49.75,"vc":"около 50","sl":"Нормальный","sv":"менее 50","p":23.88,"q":1.05,"b":0.0,"wi":0.27,"ei":4.4,"as":273.11,"mi":"E","mv":1403444,"sc":1,"lpe":100.0,"lpr":22.17,"lq":1.0},{"pi":"15747","pc":"Продукты питания","ss":100,"td":"Окраина","dc":1,"n":49.75,"vc":"около 50","sl":"Нормальный","sv":"менее 50","p":23.88,"q":1.05,"b":0.0,"wi":0.27,"ei":4.4,"as":273.11,"mi":"E","mv":1403444,"sc":1,"lpe":100.0,"lpr":22.17,"lq":1.0},{"pi":"15747","pc":"Продукты питания","ss":100,"td":"Окраина","dc":1,"n":49.75,"vc":"около 50","sl":"Нормальный","sv":"менее 50","p":23.88,"q":1.05,"b":0.0,"wi":0.27,"ei":4.4,"as":273.11,"mi":"E","mv":1403444,"sc":1,"lpe":100.0,"lpr":22.17,"lq":1.0},{"pi":"15747","pc":"Продукты питания","ss":100,"td":"Окраина","dc":1,"n":49.75,"vc":"около 50","sl":"Нормальный","sv":"менее 50","p":23.88,"q":1.05,"b":0.0,"wi":0.27,"ei":4.4,"as":273.11,"mi":"E","mv":1403444,"sc":1,"lpe":100.0,"lpr":22.17,"lq":1.0},{"pi":"15747","pc":"Продукты питания","ss":100,"td":"Окраина","dc":1,"n":49.75,"vc":"около 50","sl":"Нормальный","sv":"менее 50","p":23.88,"q":1.05,"b":0.0,"wi":0.27,"ei":4.4,"as":273.11,"mi":"E","mv":1403444,"sc":1,"lpe":100.0,"lpr":22.17,"lq":1.0},{"pi":"15747","pc":"Продукты питания","ss":500,"td":"Окраина","dc":1,"n":39.05,"vc":"около 100","sl":"Элитный","sv":"около 500","p":16.0,"q":1.29,"b":0.0,"wi":0.17,"ei":3.74,"as":176.45,"mi":"E","mv":377416,"sc":1,"lpe":99.91,"lpr":15.32,"lq":1.0},{"pi":"15747","pc":"Продукты питания","ss":500,"td":"Окраина","dc":1,"n":39.05,"vc":"около 100","sl":"Элитный","sv":"около 500","p":16.0,"q":1.29,"b":0.0,"wi":0.17,"ei":3.74,"as":176.45,"mi":"E","mv":377416,"sc":1,"lpe":99.91,"lpr":15.32,"lq":1.0},{"pi":"15747","pc":"Продукты питания","ss":500,"td":"Окраина","dc":1,"n":39.05,"vc":"около 100","sl":"Элитный","sv":"около 500","p":16.0,"q":1.29,"b":0.0,"wi":0.17,"ei":3.74,"as":176.45,"mi":"E","mv":377416,"sc":1,"lpe":99.91,"lpr":15.32,"lq":1.0},{"pi":"15747","pc":"Продукты питания","ss":500,"td":"Окраина","dc":1,"n":39.05,"vc":"около 100","sl":"Элитный","sv":"около 500","p":16.0,"q":1.29,"b":0.0,"wi":0.17,"ei":3.74,"as":176.45,"mi":"E","mv":377416,"sc":1,"lpe":99.91,"lpr":15.32,"lq":1.0},{"pi":"15747","pc":"Продукты питания","ss":500,"td":"Окраина","dc":1,"n":39.05,"vc":"около 100","sl":"Элитный","sv":"около 500","p":16.0,"q":1.29,"b":0.0,"wi":0.17,"ei":3.74,"as":176.45,"mi":"E","mv":377416,"sc":1,"lpe":99.91,"lpr":15.32,"lq":1.0},{"pi":"15747","pc":"Продукты питания","ss":500,"td":"Окраина","dc":1,"n":39.05,"vc":"около 100","sl":"Элитный","sv":"около 500","p":16.0,"q":1.29,"b":0.0,"wi":0.17,"ei":3.74,"as":176.45,"mi":"E","mv":377416,"sc":1,"lpe":99.91,"lpr":15.32,"lq":1.0},{"pi":"15747","pc":"Продукты питания","ss":500,"td":"Окраина","dc":1,"n":39.05,"vc":"около 100","sl":"Элитный","sv":"около 500","p":16.0,"q":1.29,"b":0.0,"wi":0.17,"ei":3.74,"as":176.45,"mi":"E","mv":377416,"sc":1,"lpe":99.91,"lpr":15.32,"lq":1.0},{"pi":"15747","pc":"Продукты питания","ss":500,"td":"Окраина","dc":1,"n":39.05,"vc":"около 100","sl":"Элитный","sv":"около 500","p":16.0,"q":1.29,"b":0.0,"wi":0.17,"ei":3.74,"as":176.45,"mi":"E","mv":377416,"sc":1,"lpe":99.91,"lpr":15.32,"lq":1.0}]