[{"pi":"15747","pc":"Продукты питания","ss":10000,"td":"Центр города","dc":3,"n":207.61,"vc":"около 5 000","sl":"Очень высокий","sv":"более 10 000","p":16.08,"q":1.66,"b":0.0,"wi":0.52,"ei":6.14,"as":443.64,"mi":"E","mv":2843527,"sc":1,"lpe":99.38,"lpr":36.95,"lq":1.0},{"pi":"15747","pc":"Продукты питания","ss":10000,"td":"Центр города","dc":3,"n":207.61,"vc":"около 5 000","sl":"Очень высокий","sv":"более 10 000","p":16.08,"q":1.66,"b":0.0,"wi":0.52,"ei":6.14,"as":443.64,"mi":"E","mv":2843527,"sc":1,"lpe":99.38,"lpr":36.95,"lq":1.0},{"pi":"15747","pc":"Продукты питания","ss":10000,"td":"Центр города","dc":3,"n":207.61,"vc":"около 5 000","sl":"Очень высокий","sv":"более 10 000","p":16.08,"q":1.66,"b":0.0,"wi":0.52,"ei":6.14,"as":443.64,"mi":"E","mv":2843527,"sc":1,"lpe":99.38,"lpr":36.95,"lq":1.0},{"pi":"15747","pc":"Продукты питания","ss":10000,"td":"Центр города","dc":3,"n":207.61,"vc":"около 5 000","sl":"Очень высокий","sv":"более 10 000","p":16.08,"q":1.66,"b":0.0,"wi":0.52,"ei":6.14,"as":443.64,"mi":"E","mv":2843527,"sc":1,"lpe":99.38,"lpr":36.95,"lq":1.0},{"pi":"15747","pc":"Продукты питания","ss":10000,"td":"Центр города","dc":3,"n":207.61,"vc":"около 5 000","sl":"Очень высокий","sv":"более 10 000","p":16.08,"q":1.66,"b":0.0,"wi":0.52,"ei":6.14,"as":443.64,"mi":"E","mv":2843527,"sc":1,"lpe":99.38,"lpr":36.95,"lq":1.0},{"pi":"15747","pc":"Продукты питания","ss":10000,"td":"Центр города","dc":3,"n":207.61,"vc":"около 5 000","sl":"Очень высокий","sv":"более 10 000","p":16.08,"q":1.66,"b":0.0,"wi":0.52,"ei":6.14,"as":443.64,"mi":"E","mv":2843527,"sc":1,"lpe":99.38,"lpr":36.95,"lq":1.0},{"pi":"15747","pc":"Продукты питания","ss":10000,"td":"Центр города","dc":3,"n":207.61,"vc":"около 5 000","sl":"Очень высокий","sv":"более 10 000","p":16.08,"q":1.66,"b":0.0,"wi":0.52,"ei":6.14,"as":443.64,"mi":"E","mv":2843527,"sc":1,"lpe":99.38,"lpr":36.95,"lq":1.0},{"pi":"15747","pc":"Продукты питания","ss":10000,"td":"Центр города","dc":3,"n":207.61,"vc":"около 5 000","sl":"Очень высокий","sv":"более 10 000","p":16.08,"q":1.66,"b":0.0,"wi":0.52,"ei":6.14,"as":443.64,"mi":"E","mv":2843527,"sc":1,"lpe":99.38,"lpr":36.95,"lq":1.0},{"pi":"15747","pc":"Продукты питания","ss":10000,"td":"Центр города","dc":3,"n":207.61,"vc":"около 5 000","sl":"Очень высокий","sv":"более 10 000","p":16.08,"q":1.66,"b":0.0,"wi":0.52,"ei":6.14,"as":443.64,"mi":"E","mv":2843527,"sc":1,"lpe":99.38,"lpr":36.95,"lq":1.0},{"pi":"15747","pc":"Продукты питания","ss":10000,"td":"Центр города","dc":3,"n":207.61,"vc":"около 5 000","sl":"Очень высокий","sv":"более 10 000","p":16.08,"q":1.66,"b":0.0,"wi":0.52,"ei":6.14,"as":443.64,"mi":"E","mv":2843527,"sc":1,"lpe":99.38,"lpr":36.95,"lq":1.0},{"pi":"15747","pc":"Продукты питания","ss":100,"td":"Окраина","dc":1,"n":47.61,"vc":"более 100","sl":"Очень низкий","sv":"около 50","p":12.0,"q":1.05,"b":0.0,"wi":0.13,"ei":4.29,"as":136.12,"mi":"E","mv":11585794,"sc":1,"lpe":100.0,"lpr":13.98,"lq":1.0},{"pi":"15747","pc":"Продукты питания","ss":100,"td":"Окраина","dc":1,"n":47.61,"vc":"более 100","sl":"Очень низкий","sv":"около 50","p":12.0,"q":1.05,"b":0.0,"wi":0.13,"ei":4.29,"as":136.12,"mi":"E","mv":11585794,"sc":1,"lpe":100.0,"lpr":13.98,"lq":1.0},{"pi":"15747","pc":"Продукты питания","ss":100,"td":"Окраина","dc":1,"n":47.61,"vc":"более 100","sl":"Очень низкий","sv":"около 50","p":12.0,"q":1.05,"b":0.0,"wi":0.13,"ei":4.29,"as":136.12,"mi":"E","mv":11585794,"sc":1,"lpe":100.0,"lpr":13.98,"lq":1.0},{"pi":"15747","pc":"Продукты питания","ss":100,"td":"Окраина","dc":1,"n":47.61,"vc":"более 100","sl":"Очень низкий","sv":"около 50","p":12.0,"q":1.05,"b":0.0,"wi":0.13,"ei":4.29,"as":136.12,"mi":"E","mv":11585794,"sc":1,"lpe":100.0,"lpr":13.98,"lq":1.0},{"pi":"15747","pc":"Продукты питания","ss":100,"td":"Окраина","dc":1,"n":47.61,"vc":"более 100","sl":"Очень низкий","sv":"около 50","p":12.0,"q":1.05,"b":0.0,"wi":0.13,"ei":4.29,"as":136.12,"mi":"E","mv":11585794,"sc":1,"lpe":100.0,"lpr":13.98,"lq":1.0},{"pi":"15747","pc":"Продукты питания","ss":100,"td":"Окраина","dc":1,"n":47.61,"vc":"более 100","sl":"Очень низкий","sv":"около 50","p":12.0,"q":1.05,"b":0.0,"wi":0.13,"ei":4.29,"as":136.12,"mi":"E","mv":11585794,"sc":1,"lpe":100.0,"lpr":13.98,"lq":1.0},{"pi":"15747","pc":"Продукты питания","ss":100,"td":"Окраина","dc":1,"n":47.61,"vc":"более 100","sl":"Очень низкий","sv":"около 50","p":12.0,"q":1.05,"b":0.0,"wi":0.13,"ei":4.29,"as":136.12,"mi":"E","mv":11585794,"sc":1,"lpe":100.0,"lpr":13.98,"lq":1.0},{"pi":"15747","pc":"Продукты питания","ss":100,"td":"Окраина","dc":1,"n":47.61,"vc":"более 100","sl":"Очень низкий","sv":"около 50","p":12.0,"q":1.05,"b":0.0,"wi":0.13,"ei":4.29,"as":136.12,"mi":"E","mv":11585794,"sc":1,"lpe":100.0,"lpr":13.98,"lq":1.0},{"pi":"15747","pc":"Продукты питания","ss":100,"td":"Окраина","dc":1,"n":47.77,"vc":"менее 50","sl":"Очень высокий","sv":"менее 50","p":13.55,"q":1.0,"b":0.0,"wi":0.19,"ei":3.65,"as":173.21,"mi":"E","mv":104772,"sc":1,"lpe":99.98,"lpr":16.91,"lq":1.0},{"pi":"15747","pc":"Продукты питания","ss":100,"td":"Окраина","dc":1,"n":47.77,"vc":"менее 50","sl":"Очень высокий","sv":"менее 50","p":13.55,"q":1.0,"b":0.0,"wi":0.19,"ei":3.65,"as":173.21,"mi":"E","mv":104772,"sc":1,"lpe":99.98,"lpr":16.91,"lq":1.0},{"pi":"15747","pc":"Продукты питания","ss":100,"td":"Окраина","dc":1,"n":47.77,"vc":"менее 50","sl":"Очень высокий","sv":"менее 50","p":13.55,"q":1.0,"b":0.0,"wi":0.19,"ei":3.65,"as":173.21,"mi":"E","mv":104772,"sc":1,"lpe":99.98,"lpr":16.91,"lq":1.0},{"pi":"15747","pc":"Продукты питания","ss":100,"td":"Окраина","dc":1,"n":47.77,"vc":"менее 50","sl":"Очень высокий","sv":"менее 50","p":13.55,"q":1.0,"b":0.0,"wi":0.19,"ei":3.65,"as":173.21,"mi":"E","mv":104772,"sc":1,"lpe":99.98,"lpr":16.91,"lq":1.0},{"pi":"15747","pc":"Продукты питания","ss":100,"td":"Окраина","dc":1,"n":47.77,"vc":"менее 50","sl":"Очень высокий","sv":"менее 50","p":13.55,"q":1.0,"b":0.0,"wi":0.19,"ei":3.65,"as":173.21,"mi":"E","mv":104772,"sc":1,"lpe":99.98,"lpr":16.91,"lq":1.0},{"pi":"15747","pc":"Продукты питания","ss":100,"td":"Окраина","dc":1,"n":47.77,"vc":"менее 50","sl":"Очень высокий","sv":"менее 50","p":13.55,"q":1.0,"b":0.0,"wi":0.19,"ei":3.65,"as":173.21,"mi":"E","mv":104772,"sc":1,"lpe":99.98,"lpr":16.91,"lq":1.0},{"pi":"15747","pc":"Продукты питания","ss":100,"td":"Окраина","dc":1,"n":47.77,"vc":"менее 50","sl":"Очень высокий","sv":"менее 50","p":13.55,"q":1.0,"b":0.0,"wi":0.19,"ei":3.65,"as":173.21,"mi":"E","mv":104772,"sc":1,"lpe":99.98,"lpr":16.91,"lq":1.0},{"pi":"15747","pc":"Продукты питания","ss":100,"td":"Окраина","dc":1,"n":47.77,"vc":"менее 50","sl":"Очень высокий","sv":"менее 50","p":13.55,"q":1.0,"b":0.0,"wi":0.19,"ei":3.65,"as":173.21,"mi":"E","mv":104772,"sc":1,"lpe":99.98,"lpr":16.91,"lq":1.0},{"pi":"15747","pc":"Продукты питания","ss":500,"td":"Спальный район","dc":3,"n":62.76,"vc":"более 100","sl":"Очень высокий","sv":"около 500","p":24.0,"q":1.0,"b":0.0,"wi":0.32,"ei":4.8,"as":300.0,"mi":"E","mv":525186,"sc":2,"lpe":99.91,"lpr":27.79,"lq":1.0},{"pi":"15747","pc":"Продукты питания","ss":500,"td":"Центр города","dc":2,"n":75.31,"vc":"более 100","sl":"Очень высокий","sv":"более 100","p":25.0,"q":1.0,"b":0.0,"wi":0.32,"ei":4.8,"as":300.0,"mi":"E","mv":525186,"sc":2,"lpe":99.91,"lpr":27.79,"lq":1.0},{"pi":"15747","pc":"Продукты питания","ss":500,"td":"Спальный район","dc":3,"n":62.76,"vc":"более 100","sl":"Очень высокий","sv":"около 500","p":24.0,"q":1.0,"b":0.0,"wi":0.32,"ei":4.8,"as":300.0,"mi":"E","mv":525186,"sc":2,"lpe":99.91,"lpr":27.79,"lq":1.0},{"pi":"15747","pc":"Продукты питания","ss":500,"td":"Центр города","dc":2,"n":75.31,"vc":"более 100","sl":"Очень высокий","sv":"более 100","p":25.0,"q":1.0,"b":0.0,"wi":0.32,"ei":4.8,"as":300.0,"mi":"E","mv":525186,"sc":2,"lpe":99.91,"lpr":27.79,"lq":1.0},{"pi":"15747","pc":"Продукты питания","ss":500,"td":"Центр города","dc":2,"n":75.31,"vc":"более 100","sl":"Очень высокий","sv":"более 100","p":25.0,"q":1.0,"b":0.0,"wi":0.32,"ei":4.8,"as":300.0,"mi":"E","mv":525186,"sc":2,"lpe":99.91,"lpr":27.79,"lq":1.0},{"pi":"15747","pc":"Продукты питания","ss":500,"td":"Спальный район","dc":3,"n":62.76,"vc":"более 100","sl":"Очень высокий","sv":"около 500","p":24.0,"q":1.0,"b":0.0,"wi":0.32,"ei":4.8,"as":300.0,"mi":"E","mv":525186,"sc":2,"lpe":99.91,"lpr":27.79,"lq":1.0},{"pi":"15747","pc":"Продукты питания","ss":500,"td":"Центр города","dc":2,"n":75.31,"vc":"более 100","sl":"Очень высокий","sv":"более 100","p":25.0,"q":1.0,"b":0.0,"wi":0.32,"ei":4.8,"as":300.0,"mi":"E","mv":525186,"sc":2,"lpe":99.91,"lpr":27.79,"lq":1.0},{"pi":"15747","pc":"Продукты питания","ss":500,"td":"Центр города","dc":2,"n":75.31,"vc":"более 100","sl":"Очень высокий","sv":"более 100","p":25.0,"q":1.0,"b":0.0,"wi":0.32,"ei":4.8,"as":300.0,"mi":"E","mv":525186,"sc":2,"lpe":99.91,"lpr":27.79,"lq":1.0},{"pi":"15747","pc":"Продукты питания","ss":500,"td":"Спальный район","dc":3,"n":62.76,"vc":"более 100","sl":"Очень высокий","sv":"около 500","p":24.0,"q":1.0,"b":0.0,"wi":0.32,"ei":4.8,"as":300.0,"mi":"E","mv":525186,"sc":2,"lpe":99.91,"lpr":27.79,"lq":1.0},{"pi":"15747","pc":"Продукты питания","ss":500,"td":"Центр города","dc":2,"n":75.31,"vc":"более 100","sl":"Очень высокий","sv":"более 100","p":25.0,"q":1.0,"b":0.0,"wi":0.32,"ei":4.8,"as":300.0,"mi":"E","mv":525186,"sc":2,"lpe":99.91,"lpr":27.79,"lq":1.0},{"pi":"15747","pc":"Продукты питания","ss":500,"td":"Спальный район","dc":3,"n":62.76,"vc":"более 100","sl":"Очень высокий","sv":"около 500","p":24.0,"q":1.0,"b":0.0,"wi":0.32,"ei":4.8,"as":300.0,"mi":"E","mv":525186,"sc":2,"lpe":99.91,"lpr":27.79,"lq":1.0},{"pi":"15747","pc":"Продукты питания","ss":500,"td":"Спальный район","dc":3,"n":62.76,"vc":"более 100","sl":"Очень высокий","sv":"около 500","p":24.0,"q":1.0,"b":0.0,"wi":0.32,"ei":4.8,"as":300.0,"mi":"E","mv":525186,"sc":2,"lpe":99.91,"lpr":27.79,"lq":1.0},{"pi":"15747","pc":"Продукты питания","ss":500,"td":"Центр города","dc":2,"n":75.31,"vc":"более 100","sl":"Очень высокий","sv":"более 100","p":25.0,"q":1.0,"b":0.0,"wi":0.32,"ei":4.8,"as":300.0,"mi":"E","mv":525186,"sc":2,"lpe":99.91,"lpr":27.79,"lq":1.0},{"pi":"15747","pc":"Продукты питания","ss":500,"td":"Спальный район","dc":3,"n":62.76,"vc":"более 100","sl":"Очень высокий","sv":"около 500","p":24.0,"q":1.0,"b":0.0,"wi":0.32,"ei":4.8,"as":300.0,"mi":"E","mv":525186,"sc":2,"lpe":99.91,"lpr":27.79,"lq":1.0},{"pi":"15747","pc":"Продукты питания","ss":500,"td":"Центр города","dc":2,"n":75.31,"vc":"более 100","sl":"Очень высокий","sv":"более 100","p":25.0,"q":1.0,"b":0.0,"wi":0.32,"ei":4.8,"as":300.0,"mi":"E","mv":525186,"sc":2,"lpe":99.91,"lpr":27.79,"lq":1.0},{"pi":"15747","pc":"Продукты питания","ss":500,"td":"Спальный район","dc":3,"n":62.76,"vc":"более 100","sl":"Очень высокий","sv":"около 500","p":24.0,"q":1.0,"b":0.0,"wi":0.32,"ei":4.8,"as":300.0,"mi":"E","mv":525186,"sc":2,"lpe":99.91,"lpr":27.79,"lq":1.0},{"pi":"15747","pc":"Продукты питания","ss":500,"td":"Центр города","dc":2,"n":75.31,"vc":"более 100","sl":"Очень высокий","sv":"более 100","p":25.0,"q":1.0,"b":0.0,"wi":0.32,"ei":4.8,"as":300.0,"mi":"E","mv":525186,"sc":2,"lpe":99.91,"lpr":27.79,"lq":1.0},{"pi":"15747","pc":"Продукты питания","ss":500,"td":"Спальный район","dc":3,"n":62.76,"vc":"более 100","sl":"Очень высокий","sv":"около 500","p":24.0,"q":1.0,"b":0.0,"wi":0.32,"ei":4.8,"as":300.0,"mi":"E","mv":525186,"sc":2,"lpe":99.91,"lpr":27.79,"lq":1.0},{"pi":"15747","pc":"Продукты питания","ss":500,"td":"Центр города","dc":2,"n":75.31,"vc":"более 100","sl":"Очень высокий","sv":"более 100","p":25.0,"q":1.0,"b":0.0,"wi":0.32,"ei":4.8,"as":300.0,"mi":"E","mv":525186,"sc":2,"lpe":99.91,"lpr":27.79,"lq":1.0},{"pi":"15747","pc":"Продукты питания","ss":500,"td":"Спальный район","dc":3,"n":62.76,"vc":"более 100","sl":"Очень высокий","sv":"около 500","p":24.0,"q":1.0,"b":0.0,"wi":0.32,"ei":4.8,"as":300.0,"mi":"E","mv":525186,"sc":2,"lpe":99.91,"lpr":27.79,"lq":1.0},{"pi":"15747","pc":"Продукты питания","ss":500,"td":"Центр города","dc":2,"n":75.31,"vc":"более 100","sl":"Очень высокий","sv":"более 100","p":25.0,"q":1.0,"b":0.0,"wi":0.32,"ei":4.8,"as":300.0,"mi":"E","mv":525186,"sc":2,"lpe":99.91,"lpr":27.79,"lq":1.0},{"pi":"15747","pc":"Продукты питания","ss":500,"td":"Центр города","dc":2,"n":21.61,"vc":"более 100","sl":"Очень высокий","sv":"более 200","p":32.3,"q":5.0,"b":0.0,"wi":0.35,"ei":7.0,"as":320.0,"mi":"E","mv":1581981,"sc":1,"lpe":99.98,"lpr":27.85,"lq":1.0},{"pi":"15747","pc":"Продукты питания","ss":500,"td":"Центр города","dc":2,"n":21.61,"vc":"более 100","sl":"Очень высокий","sv":"более 200","p":32.3,"q":5.0,"b":0.0,"wi":0.35,"ei":7.0,"as":320.0,"mi":"E","mv":1581981,"sc":1,"lpe":99.98,"lpr":27.85,"lq":1.0},{"pi":"15747","pc":"Продукты питания","ss":500,"td":"Центр города","dc":2,"n":21.61,"vc":"более 100","sl":"Очень высокий","sv":"более 200","p":32.3,"q":5.0,"b":0.0,"wi":0.35,"ei":7.0,"as":320.0,"mi":"E","mv":1581981,"sc":1,"lpe":99.98,"lpr":27.85,"lq":1.0},{"pi":"15747","pc":"Продукты питания","ss":500,"td":"Центр города","dc":2,"n":21.61,"vc":"более 100","sl":"Очень высокий","sv":"более 200","p":32.3,"q":5.0,"b":0.0,"wi":0.35,"ei":7.0,"as":320.0,"mi":"E","mv":1581981,"sc":1,"lpe":99.98,"lpr":27.85,"lq":1.0},{"pi":"15747","pc":"Продукты питания","ss":500,"td":"Центр города","dc":2,"n":21.61,"vc":"более 100","sl":"Очень высокий","sv":"более 200","p":32.3,"q":5.0,"b":0.0,"wi":0.35,"ei":7.0,"as":320.0,"mi":"E","mv":1581981,"sc":1,"lpe":99.98,"lpr":27.85,"lq":1.0},{"pi":"15747","pc":"Продукты питания","ss":500,"td":"Центр города","dc":2,"n":21.61,"vc":"более 100","sl":"Очень высокий","sv":"более 200","p":32.3,"q":5.0,"b":0.0,"wi":0.35,"ei":7.0,"as":320.0,"mi":"E","mv":1581981,"sc":1,"lpe":99.98,"lpr":27.85,"lq":1.0},{"pi":"15747","pc":"Продукты питания","ss":500,"td":"Центр города","dc":2,"n":21.61,"vc":"более 100","sl":"Очень высокий","sv":"более 200","p":32.3,"q":5.0,"b":0.0,"wi":0.35,"ei":7.0,"as":320.0,"mi":"E","mv":1581981,"sc":1,"lpe":99.98,"lpr":27.85,"lq":1.0},{"pi":"15747","pc":"Продукты питания","ss":500,"td":"Центр города","dc":2,"n":21.61,"vc":"более 100","sl":"Очень высокий","sv":"более 200","p":32.3,"q":5.0,"b":0.0,"wi":0.35,"ei":7.0,"as":320.0,"mi":"E","mv":1581981,"sc":1,"lpe":99.98,"lpr":27.85,"lq":1.0},{"pi":"15747","pc":"Продукты питания","ss":500,"td":"Центр города","dc":2,"n":21.61,"vc":"более 100","sl":"Очень высокий","sv":"более 200","p":32.3,"q":5.0,"b":0.0,"wi":0.35,"ei":7.0,"as":320.0,"mi":"E","mv":1581981,"sc":1,"lpe":99.98,"lpr":27.85,"lq":1.0},{"pi":"15747","pc":"Продукты питания","ss":500,"td":"Центр города","dc":2,"n":21.61,"vc":"более 100","sl":"Очень высокий","sv":"более 200","p":32.3,"q":5.0,"b":0.0,"wi":0.35,"ei":7.0,"as":320.0,"mi":"E","mv":1581981,"sc":1,"lpe":99.98,"lpr":27.85,"lq":1.0},{"pi":"15747","pc":"Продукты питания","ss":500,"td":"Центр города","dc":2,"n":21.61,"vc":"более 100","sl":"Очень высокий","sv":"более 200","p":32.3,"q":5.0,"b":0.0,"wi":0.35,"ei":7.0,"as":320.0,"mi":"E","mv":1581981,"sc":1,"lpe":99.98,"lpr":27.85,"lq":1.0},{"pi":"15747","pc":"Продукты питания","ss":500,"td":"Центр города","dc":2,"n":21.61,"vc":"более 100","sl":"Очень высокий","sv":"более 200","p":32.3,"q":5.0,"b":0.0,"wi":0.35,"ei":7.0,"as":320.0,"mi":"E","mv":1581981,"sc":1,"lpe":99.98,"lpr":27.85,"lq":1.0},{"pi":"15747","pc":"Продукты питания","ss":1000,"td":"Центр города","dc":2,"n":8.78,"vc":"около 500","sl":"Высокий","sv":"более 200","p":13.0,"q":1.0,"b":0.0,"wi":0.15,"ei":4.31,"as":151.92,"mi":"E","mv":3645203,"sc":1,"lpe":99.99,"lpr":15.41,"lq":1.0},{"pi":"15747","pc":"Продукты питания","ss":1000,"td":"Центр города","dc":2,"n":8.78,"vc":"около 500","sl":"Высокий","sv":"более 200","p":13.0,"q":1.0,"b":0.0,"wi":0.15,"ei":4.31,"as":151.92,"mi":"E","mv":3645203,"sc":1,"lpe":99.99,"lpr":15.41,"lq":1.0},{"pi":"15747","pc":"Продукты питания","ss":1000,"td":"Центр города","dc":2,"n":8.78,"vc":"около 500","sl":"Высокий","sv":"более 200","p":13.0,"q":1.0,"b":0.0,"wi":0.15,"ei":4.31,"as":151.92,"mi":"E","mv":3645203,"sc":1,"lpe":99.99,"lpr":15.41,"lq":1.0},{"pi":"15747","pc":"Продукты питания","ss":1000,"td":"Центр города","dc":2,"n":8.78,"vc":"около 500","sl":"Высокий","sv":"более 200","p":13.0,"q":1.0,"b":0.0,"wi":0.15,"ei":4.31,"as":151.92,"mi":"E","mv":3645203,"sc":1,"lpe":99.99,"lpr":15.41,"lq":1.0},{"pi":"15747","pc":"Продукты питания","ss":1000,"td":"Центр города","dc":2,"n":8.78,"vc":"около 500","sl":"Высокий","sv":"более 200","p":13.0,"q":1.0,"b":0.0,"wi":0.15,"ei":4.31,"as":151.92,"mi":"E","mv":3645203,"sc":1,"lpe":99.99,"lpr":15.41,"lq":1.0},{"pi":"15747","pc":"Продукты питания","ss":1000,"td":"Центр города","dc":2,"n":8.78,"vc":"около 500","sl":"Высокий","sv":"более 200","p":13.0,"q":1.0,"b":0.0,"wi":0.15,"ei":4.31,"as":151.92,"mi":"E","mv":3645203,"sc":1,"lpe":99.99,"lpr":15.41,"lq":1.0},{"pi":"15747","pc":"Продукты питания","ss":1000,"td":"Центр города","dc":2,"n":8.78,"vc":"около 500","sl":"Высокий","sv":"более 200","p":13.0,"q":1.0,"b":0.0,"wi":0.15,"ei":4.31,"as":151.92,"mi":"E","mv":3645203,"sc":1,"lpe":99.99,"lpr":15.41,"lq":1.0},{"pi":"15747","pc":"Продукты питания","ss":1000,"td":"Центр города","dc":2,"n":8.78,"vc":"около 500","sl":"Высокий","sv":"более 200","p":13.0,"q":1.0,"b":0.0,"wi":0.15,"ei":4.31,"as":151.92,"mi":"E","mv":3645203,"sc":1,"lpe":99.99,"lpr":15.41,"lq":1.0},{"pi":"15747","pc":"Продукты питания","ss":1000,"td":"Центр города","dc":2,"n":8.78,"vc":"около 500","sl":"Высокий","sv":"более 200","p":13.0,"q":1.0,"b":0.0,"wi":0.15,"ei":4.31,"as":151.92,"mi":"E","mv":3645203,"sc":1,"lpe":99.99,"lpr":15.41,"lq":1.0},{"pi":"15747","pc":"Продукты питания","ss":1000,"td":"Центр города","dc":2,"n":8.78,"vc":"около 500","sl":"Высокий","sv":"более 200","p":13.0,"q":1.0,"b":0.0,"wi":0.15,"ei":4.31,"as":151.92,"mi":"E","mv":3645203,"sc":1,"lpe":99.99,"lpr":15.41,"lq":1.0},{"pi":"15747","pc":"Продукты питания","ss":1000,"td":"Центр города","dc":2,"n":8.78,"vc":"около 500","sl":"Высокий","sv":"более 200","p":13.0,"q":1.0,"b":0.0,"wi":0.15,"ei":4.31,"as":151.92,"mi":"E","mv":3645203,"sc":1,"lpe":99.99,"lpr":15.41,"lq":1.0},{"pi":"15747","pc":"Продукты питания","ss":1000,"td":"Центр города","dc":2,"n":8.78,"vc":"около 500","sl":"Высокий","sv":"более 200","p":13.0,"q":1.0,"b":0.0,"wi":0.15,"ei":4.31,"as":151.92,"mi":"E","mv":3645203,"sc":1,"lpe":99.99,"lpr":15.41,"lq":1.0},{"pi":"15747","pc":"Продукты питания","ss":500,"td":"Центр города","dc":1,"n":69.73,"vc":"более 200","sl":"Очень высокий","sv":"около 500","p":13.5,"q":1.05,"b":0.0,"wi":0.18,"ei":3.71,"as":138.79,"mi":"E","mv":1621975,"sc":2,"lpe":99.98,"lpr":13.99,"lq":1.0},{"pi":"15747","pc":"Продукты питания","ss":100,"td":"Центр города","dc":1,"n":123.78,"vc":"более 100","sl":"Низкий","sv":"менее 50","p":17.35,"q":5.0,"b":0.0,"wi":0.18,"ei":3.71,"as":138.79,"mi":"E","mv":1621975,"sc":2,"lpe":99.98,"lpr":13.99,"lq":1.0},{"pi":"15747","pc":"Продукты питания","ss":500,"td":"Центр города","dc":1,"n":69.73,"vc":"более 200","sl":"Очень высокий","sv":"около 500","p":13.5,"q":1.05,"b":0.0,"wi":0.18,"ei":3.71,"as":138.79,"mi":"E","mv":1621975,"sc":2,"lpe":99.98,"lpr":13.99,"lq":1.0},{"pi":"15747","pc":"Продукты питания","ss":100,"td":"Центр города","dc":1,"n":123.78,"vc":"более 100","sl":"Низкий","sv":"менее 50","p":17.35,"q":5.0,"b":0.0,"wi":0.18,"ei":3.71,"as":138.79,"mi":"E","mv":1621975,"sc":2,"lpe":99.98,"lpr":13.99,"lq":1.0},{"pi":"15747","pc":"Продукты питания","ss":500,"td":"Центр города","dc":1,"n":69.73,"vc":"более 200","sl":"Очень высокий","sv":"около 500","p":13.5,"q":1.05,"b":0.0,"wi":0.18,"ei":3.71,"as":138.79,"mi":"E","mv":1621975,"sc":2,"lpe":99.98,"lpr":13.99,"lq":1.0},{"pi":"15747","pc":"Продукты питания","ss":100,"td":"Центр города","dc":1,"n":123.78,"vc":"более 100","sl":"Низкий","sv":"менее 50","p":17.35,"q":5.0,"b":0.0,"wi":0.18,"ei":3.71,"as":138.79,"mi":"E","mv":1621975,"sc":2,"lpe":99.98,"lpr":13.99,"lq":1.0},{"pi":"15747","pc":"Продукты питания","ss":500,"td":"Центр города","dc":1,"n":69.73,"vc":"более 200","sl":"Очень высокий","sv":"около 500","p":13.5,"q":1.05,"b":0.0,"wi":0.18,"ei":3.71,"as":138.79,"mi":"E","mv":1621975,"sc":2,"lpe":99.98,"lpr":13.99,"lq":1.0},{"pi":"15747","pc":"Продукты питания","ss":100,"td":"Центр города","dc":1,"n":123.78,"vc":"более 100","sl":"Низкий","sv":"менее 50","p":17.35,"q":5.0,"b":0.0,"wi":0.18,"ei":3.71,"as":138.79,"mi":"E","mv":1621975,"sc":2,"lpe":99.98,"lpr":13.99,"lq":1.0},{"pi":"15747","pc":"Продукты питания","ss":500,"td":"Центр города","dc":1,"n":69.73,"vc":"более 200","sl":"Очень высокий","sv":"около 500","p":13.5,"q":1.05,"b":0.0,"wi":0.18,"ei":3.71,"as":138.79,"mi":"E","mv":1621975,"sc":2,"lpe":99.98,"lpr":13.99,"lq":1.0},{"pi":"15747","pc":"Продукты питания","ss":500,"td":"Центр города","dc":1,"n":69.73,"vc":"более 200","sl":"Очень высокий","sv":"около 500","p":13.5,"q":1.05,"b":0.0,"wi":0.18,"ei":3.71,"as":138.79,"mi":"E","mv":1621975,"sc":2,"lpe":99.98,"lpr":13.99,"lq":1.0},{"pi":"15747","pc":"Продукты питания","ss":100,"td":"Центр города","dc":1,"n":123.78,"vc":"более 100","sl":"Низкий","sv":"менее 50","p":17.35,"q":5.0,"b":0.0,"wi":0.18,"ei":3.71,"as":138.79,"mi":"E","mv":1621975,"sc":2,"lpe":99.98,"lpr":13.99,"lq":1.0},{"pi":"15747","pc":"Продукты питания","ss":500,"td":"Центр города","dc":1,"n":69.73,"vc":"более 200","sl":"Очень высокий","sv":"около 500","p":13.5,"q":1.05,"b":0.0,"wi":0.18,"ei":3.71,"as":138.79,"mi":"E","mv":1621975,"sc":2,"lpe":99.98,"lpr":13.99,"lq":1.0},{"pi":"15747","pc":"Продукты питания","ss":100,"td":"Центр города","dc":1,"n":123.78,"vc":"более 100","sl":"Низкий","sv":"менее 50","p":17.35,"q":5.0,"b":0.0,"wi":0.18,"ei":3.71,"as":138.79,"mi":"E","mv":1621975,"sc":2,"lpe":99.98,"lpr":13.99,"lq":1.0},{"pi":"15747","pc":"Продукты питания","ss":500,"td":"Центр города","dc":1,"n":69.73,"vc":"более 200","sl":"Очень высокий","sv":"около 500","p":13.5,"q":1.05,"b":0.0,"wi":0.18,"ei":3.71,"as":138.79,"mi":"E","mv":1621975,"sc":2,"lpe":99.98,"lpr":13.99,"lq":1.0},{"pi":"15747","pc":"Продукты питания","ss":100,"td":"Центр города","dc":1,"n":123.78,"vc":"более 100","sl":"Низкий","sv":"менее 50","p":17.35,"q":5.0,"b":0.0,"wi":0.18,"ei":3.71,"as":138.79,"mi":"E","mv":1621975,"sc":2,"lpe":99.98,"lpr":13.99,"lq":1.0},{"pi":"15747","pc":"Продукты питания","ss":500,"td":"Центр города","dc":1,"n":145.09,"vc":"более 100","sl":"Очень высокий","sv":"около 1 000","p":18.59,"q":5.0,"b":0.0,"wi":0.19,"ei":2.4,"as":195.0,"mi":"E","mv":62268,"sc":1,"lpe":98.39,"lpr":15.94,"lq":1.0},{"pi":"15747","pc":"Продукты питания","ss":500,"td":"Центр города","dc":1,"n":145.09,"vc":"более 100","sl":"Очень высокий","sv":"около 1 000","p":18.59,"q":5.0,"b":0.0,"wi":0.19,"ei":2.4,"as":195.0,"mi":"E","mv":62268,"sc":1,"lpe":98.39,"lpr":15.94,"lq":1.0},{"pi":"15747","pc":"Продукты питания","ss":500,"td":"Центр города","dc":1,"n":145.09,"vc":"более 100","sl":"Очень высокий","sv":"около 1 000","p":18.59,"q":5.0,"b":0.0,"wi":0.19,"ei":2.4,"as":195.0,"mi":"E","mv":62268,"sc":1,"lpe":98.39,"lpr":15.94,"lq":1.0},{"pi":"15747","pc":"Продукты питания","ss":500,"td":"Центр города","dc":1,"n":145.09,"vc":"более 100","sl":"Очень высокий","sv":"около 1 000","p":18.59,"q":5.0,"b":0.0,"wi":0.19,"ei":2.4,"as":195.0,"mi":"E","mv":62268,"sc":1,"lpe":98.39,"lpr":15.94,"lq":1.0},{"pi":"15747","pc":"Продукты питания","ss":500,"td":"Спальный район","dc":1,"n":159.39,"vc":"более 100","sl":"Очень высокий","sv":"более 1 000","p":18.81,"q":5.0,"b":0.0,"wi":0.2,"ei":2.7,"as":220.0,"mi":"E","mv":190119,"sc":1,"lpe":99.21,"lpr":17.36,"lq":1.0},{"pi":"15747","pc":"Продукты питания","ss":500,"td":"Спальный район","dc":1,"n":159.39,"vc":"более 100","sl":"Очень высокий","sv":"более 1 000","p":18.81,"q":5.0,"b":0.0,"wi":0.2,"ei":2.7,"as":220.0,"mi":"E","mv":190119,"sc":1,"lpe":99.21,"lpr":17.36,"lq":1.0},{"pi":"15747","pc":"Продукты питания","ss":500,"td":"Спальный район","dc":1,"n":159.39,"vc":"более 100","sl":"Очень высокий","sv":"более 1 000","p":18.81,"q":5.0,"b":0.0,"wi":0.2,"ei":2.7,"as":220.0,"mi":"E","mv":190119,"sc":1,"lpe":99.21,"lpr":17.36,"lq":1.0},{"pi":"15747","pc":"Продукты питания","ss":500,"td":"Спальный район","dc":1,"n":159.39,"vc":"более 100","sl":"Очень высокий","sv":"более 1 000","p":18.81,"q":5.0,"b":0.0,"wi":0.2,"ei":2.7,"as":220.0,"mi":"E","mv":190119,"sc":1,"lpe":99.21,"lpr":17.36,"lq":1.0},{"pi":"15747","pc":"Продукты питания","ss":500,"td":"Спальный район","dc":1,"n":67.28,"vc":"более 100","sl":"Очень высокий","sv":"более 1 000","p":19.11,"q":5.0,"b":0.0,"wi":0.22,"ei":3.1,"as":255.0,"mi":"E","mv":199694,"sc":1,"lpe":99.4,"lpr":19.43,"lq":1.0},{"pi":"15747","pc":"Продукты питания","ss":500,"td":"Спальный район","dc":1,"n":67.28,"vc":"более 100","sl":"Очень высокий","sv":"более 1 000","p":19.11,"q":5.0,"b":0.0,"wi":0.22,"ei":3.1,"as":255.0,"mi":"E","mv":199694,"sc":1,"lpe":99.4,"lpr":19.43,"lq":1.0},{"pi":"15747","pc":"Продукты питания","ss":500,"td":"Спальный район","dc":1,"n":67.28,"vc":"более 100","sl":"Очень высокий","sv":"более 1 000","p":19.11,"q":5.0,"b":0.0,"wi":0.22,"ei":3.1,"as":255.0,"mi":"E","mv":199694,"sc":1,"lpe":99.4,"lpr":19.43,"lq":1.0},{"pi":"15747","pc":"Продукты питания","ss":500,"td":"Спальный район","dc":1,"n":67.28,"vc":"более 100","sl":"Очень высокий","sv":"более 1 000","p":19.11,"q":5.0,"b":0.0,"wi":0.22,"ei":3.1,"as":255.0,"mi":"E","mv":199694,"sc":1,"lpe":99.4,"lpr":19.43,"lq":1.0},{"pi":"15747","pc":"Продукты питания","ss":500,"td":"Спальный район","dc":1,"n":66.38,"vc":"около 100","sl":"Элитный","sv":"около 5 000","p":20.0,"q":5.0,"b":0.0,"wi":0.21,"ei":2.8,"as":240.0,"mi":"E","mv":205230,"sc":1,"lpe":98.29,"lpr":18.69,"lq":1.0},{"pi":"15747","pc":"Продукты питания","ss":500,"td":"Спальный район","dc":1,"n":66.38,"vc":"около 100","sl":"Элитный","sv":"около 5 000","p":20.0,"q":5.0,"b":0.0,"wi":0.21,"ei":2.8,"as":240.0,"mi":"E","mv":205230,"sc":1,"lpe":98.29,"lpr":18.69,"lq":1.0},{"pi":"15747","pc":"Продукты питания","ss":500,"td":"Спальный район","dc":1,"n":66.38,"vc":"около 100","sl":"Элитный","sv":"около 5 000","p":20.0,"q":5.0,"b":0.0,"wi":0.21,"ei":2.8,"as":240.0,"mi":"E","mv":205230,"sc":1,"lpe":98.29,"lpr":18.69,"lq":1.0},{"pi":"15747","pc":"Продукты питания","ss":500,"td":"Спальный район","dc":1,"n":66.38,"vc":"около 100","sl":"Элитный","sv":"около 5 000","p":20.0,"q":5.0,"b":0.0,"wi":0.21,"ei":2.8,"as":240.0,"mi":"E","mv":205230,"sc":1,"lpe":98.29,"lpr":18.69,"lq":1.0},{"pi":"15747","pc":"Продукты питания","ss":500,"td":"Окраина","dc":1,"n":5.82,"vc":"более 200","sl":"Элитный","sv":"около 5 000","p":65.0,"q":5.0,"b":0.0,"wi":0.66,"ei":4.1,"as":730.0,"mi":"E","mv":8271746,"sc":1,"lpe":99.95,"lpr":53.43,"lq":1.0},{"pi":"15747","pc":"Продукты питания","ss":500,"td":"Окраина","dc":1,"n":5.82,"vc":"более 200","sl":"Элитный","sv":"около 5 000","p":65.0,"q":5.0,"b":0.0,"wi":0.66,"ei":4.1,"as":730.0,"mi":"E","mv":8271746,"sc":1,"lpe":99.95,"lpr":53.43,"lq":1.0},{"pi":"15747","pc":"Продукты питания","ss":500,"td":"Окраина","dc":1,"n":5.82,"vc":"более 200","sl":"Элитный","sv":"около 5 000","p":65.0,"q":5.0,"b":0.0,"wi":0.66,"ei":4.1,"as":730.0,"mi":"E","mv":8271746,"sc":1,"lpe":99.95,"lpr":53.43,"lq":1.0},{"pi":"15747","pc":"Продукты питания","ss":500,"td":"Окраина","dc":1,"n":5.82,"vc":"более 200","sl":"Элитный","sv":"около 5 000","p":65.0,"q":5.0,"b":0.0,"wi":0.66,"ei":4.1,"as":730.0,"mi":"E","mv":8271746,"sc":1,"lpe":99.95,"lpr":53.43,"lq":1.0},{"pi":"15747","pc":"Продукты питания","ss":100000,"td":"Центр города","dc":1,"n":250.13,"vc":"около 50 000","sl":"Очень высокий","sv":"более 200 000","p":63.0,"q":1.17,"b":0.0,"wi":1.51,"ei":8.5,"as":1540.0,"mi":"E","mv":8558102,"sc":1,"lpe":97.32,"lpr":111.23,"lq":1.0},{"pi":"15747","pc":"Продукты питания","ss":100000,"td":"Центр города","dc":1,"n":250.13,"vc":"около 50 000","sl":"Очень высокий","sv":"более 200 000","p":63.0,"q":1.17,"b":0.0,"wi":1.51,"ei":8.5,"as":1540.0,"mi":"E","mv":8558102,"sc":1,"lpe":97.32,"lpr":111.23,"lq":1.0},{"pi":"15747","pc":"Продукты питания","ss":100000,"td":"Центр города","dc":1,"n":250.13,"vc":"около 50 000","sl":"Очень высокий","sv":"более 200 000","p":63.0,"q":1.17,"b":0.0,"wi":1.51,"ei":8.5,"as":1540.0,"mi":"E","mv":8558102,"sc":1,"lpe":97.32,"lpr":111.23,"lq":1.0},{"pi":"15747","pc":"Продукты питания","ss":100000,"td":"Центр города","dc":1,"n":250.13,"vc":"около 50 000","sl":"Очень высокий","sv":"более 200 000","p":63.0,"q":1.17,"b":0.0,"wi":1.51,"ei":8.5,"as":1540.0,"mi":"E","mv":8558102,"sc":1,"lpe":97.32,"lpr":111.23,"lq":1.0},{"pi":"15747","pc":"Продукты питания","ss":100000,"td":"Центр города","dc":1,"n":250.13,"vc":"около 50 000","sl":"Очень высокий","sv":"более 200 000","p":63.0,"q":1.17,"b":0.0,"wi":1.51,"ei":8.5,"as":1540.0,"mi":"E","mv":8558102,"sc":1,"lpe":97.32,"lpr":111.23,"lq":1.0},{"pi":"15747","pc":"Продукты питания","ss":100000,"td":"Центр города","dc":1,"n":250.13,"vc":"около 50 000","sl":"Очень высокий","sv":"более 200 000","p":63.0,"q":1.17,"b":0.0,"wi":1.51,"ei":8.5,"as":1540.0,"mi":"E","mv":8558102,"sc":1,"lpe":97.32,"lpr":111.23,"lq":1.0},{"pi":"15747","pc":"Продукты питания","ss":100000,"td":"Центр города","dc":1,"n":250.13,"vc":"около 50 000","sl":"Очень высокий","sv":"более 200 000","p":63.0,"q":1.17,"b":0.0,"wi":1.51,"ei":8.5,"as":1540.0,"mi":"E","mv":8558102,"sc":1,"lpe":97.32,"lpr":111.23,"lq":1.0},{"pi":"15747","pc":"Продукты питания","ss":100000,"td":"Центр города","dc":1,"n":250.13,"vc":"около 50 000","sl":"Очень высокий","sv":"более 200 000","p":63.0,"q":1.17,"b":0.0,"wi":1.51,"ei":8.5,"as":1540.0,"mi":"E","mv":8558102,"sc":1,"lpe":97.32,"lpr":111.23,"lq":1.0},{"pi":"15747","pc":"Продукты питания","ss":500,"td":"Центр города","dc":1,"n":35.49,"vc":"более 100","sl":"Элитный","sv":"около 50","p":100.0,"q":10.0,"b":0.0,"wi":1.51,"ei":8.2,"as":1520.0,"mi":"E","mv":1489436,"sc":2,"lpe":99.69,"lpr":110.34,"lq":1.0},{"pi":"15747","pc":"Продукты питания","ss":500,"td":"Центр города","dc":1,"n":35.49,"vc":"более 100","sl":"Элитный","sv":"около 50","p":100.0,"q":10.0,"b":0.0,"wi":1.51,"ei":8.2,"as":1520.0,"mi":"E","mv":1489436,"sc":2,"lpe":99.69,"lpr":110.34,"lq":1.0},{"pi":"15747","pc":"Продукты питания","ss":500,"td":"Центр города","dc":1,"n":35.49,"vc":"более 100","sl":"Элитный","sv":"около 50","p":100.0,"q":10.0,"b":0.0,"wi":1.51,"ei":8.2,"as":1520.0,"mi":"E","mv":1489436,"sc":2,"lpe":99.69,"lpr":110.34,"lq":1.0},{"pi":"15747","pc":"Продукты питания","ss":500,"td":"Центр города","dc":1,"n":35.49,"vc":"более 100","sl":"Элитный","sv":"около 50","p":100.0,"q":10.0,"b":0.0,"wi":1.51,"ei":8.2,"as":1520.0,"mi":"E","mv":1489436,"sc":2,"lpe":99.69,"lpr":110.34,"lq":1.0},{"pi":"15747","pc":"Продукты питания","ss":500,"td":"Центр города","dc":1,"n":35.49,"vc":"более 100","sl":"Элитный","sv":"около 50","p":100.0,"q":10.0,"b":0.0,"wi":1.51,"ei":8.2,"as":1520.0,"mi":"E","mv":1489436,"sc":2,"lpe":99.69,"lpr":110.34,"lq":1.0},{"pi":"15747","pc":"Продукты питания","ss":500,"td":"Центр города","dc":1,"n":35.49,"vc":"более 100","sl":"Элитный","sv":"около 50","p":100.0,"q":10.0,"b":0.0,"wi":1.51,"ei":8.2,"as":1520.0,"mi":"E","mv":1489436,"sc":2,"lpe":99.69,"lpr":110.34,"lq":1.0},{"pi":"15747","pc":"Продукты питания","ss":500,"td":"Центр города","dc":1,"n":35.49,"vc":"более 100","sl":"Элитный","sv":"около 50","p":100.0,"q":10.0,"b":0.0,"wi":1.51,"ei":8.2,"as":1520.0,"mi":"E","mv":1489436,"sc":2,"lpe":99.69,"lpr":110.34,"lq":1.0},{"pi":"15747","pc":"Продукты питания","ss":500,"td":"Центр города","dc":1,"n":35.49,"vc":"более 100","sl":"Элитный","sv":"около 50","p":100.0,"q":10.0,"b":0.0,"wi":1.51,"ei":8.2,"as":1520.0,"mi":"E","mv":1489436,"sc":2,"lpe":99.69,"lpr":110.34,"lq":1.0},{"pi":"15747","pc":"Продукты питания","ss":500,"td":"Окраина","dc":1,"n":93.51,"vc":"более 100","sl":"Очень высокий","sv":"более 1 000","p":45.5,"q":10.0,"b":0.0,"wi":0.27,"ei":4.4,"as":273.11,"mi":"E","mv":1447703,"sc":2,"lpe":99.4,"lpr":24.61,"lq":1.0},{"pi":"15747","pc":"Продукты питания","ss":500,"td":"Окраина","dc":1,"n":93.51,"vc":"более 100","sl":"Очень высокий","sv":"более 1 000","p":45.5,"q":10.0,"b":0.0,"wi":0.27,"ei":4.4,"as":273.11,"mi":"E","mv":1447703,"sc":2,"lpe":99.4,"lpr":24.61,"lq":1.0},{"pi":"15747","pc":"Продукты питания","ss":500,"td":"Окраина","dc":1,"n":93.51,"vc":"более 100","sl":"Очень высокий","sv":"более 1 000","p":45.5,"q":10.0,"b":0.0,"wi":0.27,"ei":4.4,"as":273.11,"mi":"E","mv":1447703,"sc":2,"lpe":99.4,"lpr":24.61,"lq":1.0},{"pi":"15747","pc":"Продукты питания","ss":500,"td":"Окраина","dc":1,"n":93.51,"vc":"более 100","sl":"Очень высокий","sv":"более 1 000","p":45.5,"q":10.0,"b":0.0,"wi":0.27,"ei":4.4,"as":273.11,"mi":"E","mv":1447703,"sc":2,"lpe":99.4,"lpr":24.61,"lq":1.0},{"pi":"15747","pc":"Продукты питания","ss":500,"td":"Окраина","dc":1,"n":93.51,"vc":"более 100","sl":"Очень высокий","sv":"более 1 000","p":45.5,"q":10.0,"b":0.0,"wi":0.27,"ei":4.4,"as":273.11,"mi":"E","mv":1447703,"sc":2,"lpe":99.4,"lpr":24.61,"lq":1.0},{"pi":"15747","pc":"Продукты питания","ss":500,"td":"Окраина","dc":1,"n":93.51,"vc":"более 100","sl":"Очень высокий","sv":"более 1 000","p":45.5,"q":10.0,"b":0.0,"wi":0.27,"ei":4.4,"as":273.11,"mi":"E","mv":1447703,"sc":2,"lpe":99.4,"lpr":24.61,"lq":1.0},{"pi":"15747","pc":"Продукты питания","ss":500,"td":"Окраина","dc":1,"n":93.51,"vc":"более 100","sl":"Очень высокий","sv":"более 1 000","p":45.5,"q":10.0,"b":0.0,"wi":0.27,"ei":4.4,"as":273.11,"mi":"E","mv":1447703,"sc":2,"lpe":99.4,"lpr":24.61,"lq":1.0},{"pi":"15747","pc":"Продукты питания","ss":500,"td":"Окраина","dc":1,"n":93.51,"vc":"более 100","sl":"Очень высокий","sv":"более 1 000","p":45.5,"q":10.0,"b":0.0,"wi":0.27,"ei":4.4,"as":273.11,"mi":"E","mv":1447703,"sc":2,"lpe":99.4,"lpr":24.61,"lq":1.0},{"pi":"15747","pc":"Продукты питания","ss":1000,"td":"Центр города","dc":1,"n":82.91,"vc":"около 1 000","sl":"Очень высокий","sv":"около 5 000","p":16.0,"q":3.41,"b":0.0,"wi":0.17,"ei":4.16,"as":167.92,"mi":"E","mv":1307299,"sc":2,"lpe":99.56,"lpr":14.26,"lq":1.0},{"pi":"15747","pc":"Продукты питания","ss":1000,"td":"Центр города","dc":1,"n":82.91,"vc":"около 1 000","sl":"Очень высокий","sv":"около 5 000","p":16.0,"q":3.41,"b":0.0,"wi":0.17,"ei":4.16,"as":167.92,"mi":"E","mv":1307299,"sc":2,"lpe":99.56,"lpr":14.26,"lq":1.0},{"pi":"15747","pc":"Продукты питания","ss":1000,"td":"Центр города","dc":1,"n":82.91,"vc":"около 1 000","sl":"Очень высокий","sv":"около 5 000","p":16.0,"q":3.41,"b":0.0,"wi":0.17,"ei":4.16,"as":167.92,"mi":"E","mv":1307299,"sc":2,"lpe":99.56,"lpr":14.26,"lq":1.0},{"pi":"15747","pc":"Продукты питания","ss":1000,"td":"Центр города","dc":1,"n":82.91,"vc":"около 1 000","sl":"Очень высокий","sv":"около 5 000","p":16.0,"q":3.41,"b":0.0,"wi":0.17,"ei":4.16,"as":167.92,"mi":"E","mv":1307299,"sc":2,"lpe":99.56,"lpr":14.26,"lq":1.0},{"pi":"15747","pc":"Продукты питания","ss":1000,"td":"Центр города","dc":1,"n":82.91,"vc":"около 1 000","sl":"Очень высокий","sv":"около 5 000","p":16.0,"q":3.41,"b":0.0,"wi":0.17,"ei":4.16,"as":167.92,"mi":"E","mv":1307299,"sc":2,"lpe":99.56,"lpr":14.26,"lq":1.0},{"pi":"15747","pc":"Продукты питания","ss":1000,"td":"Центр города","dc":1,"n":82.91,"vc":"около 1 000","sl":"Очень высокий","sv":"около 5 000","p":16.0,"q":3.41,"b":0.0,"wi":0.17,"ei":4.16,"as":167.92,"mi":"E","mv":1307299,"sc":2,"lpe":99.56,"lpr":14.26,"lq":1.0},{"pi":"15747","pc":"Продукты питания","ss":1000,"td":"Центр города","dc":1,"n":82.91,"vc":"около 1 000","sl":"Очень высокий","sv":"около 5 000","p":16.0,"q":3.41,"b":0.0,"wi":0.17,"ei":4.16,"as":167.92,"mi":"E","mv":1307299,"sc":2,"lpe":99.56,"lpr":14.26,"lq":1.0},{"pi":"15747","pc":"Продукты питания","ss":1000,"td":"Центр города","dc":1,"n":82.91,"vc":"около 1 000","sl":"Очень высокий","sv":"около 5 000","p":16.0,"q":3.41,"b":0.0,"wi":0.17,"ei":4.16,"as":167.92,"mi":"E","mv":1307299,"sc":2,"lpe":99.56,"lpr":14.26,"lq":1.0},{"pi":"15747","pc":"Продукты питания","ss":1000,"td":"Центр города","dc":1,"n":80.62,"vc":"около 1 000","sl":"Очень высокий","sv":"около 5 000","p":16.0,"q":2.98,"b":0.0,"wi":0.18,"ei":4.26,"as":146.92,"mi":"E","mv":1969004,"sc":2,"lpe":99.72,"lpr":14.8,"lq":1.0},{"pi":"15747","pc":"Продукты питания","ss":1000,"td":"Центр города","dc":1,"n":80.62,"vc":"около 1 000","sl":"Очень высокий","sv":"около 5 000","p":16.0,"q":2.98,"b":0.0,"wi":0.18,"ei":4.26,"as":146.92,"mi":"E","mv":1969004,"sc":2,"lpe":99.72,"lpr":14.8,"lq":1.0},{"pi":"15747","pc":"Продукты питания","ss":1000,"td":"Центр города","dc":1,"n":80.62,"vc":"около 1 000","sl":"Очень высокий","sv":"около 5 000","p":16.0,"q":2.98,"b":0.0,"wi":0.18,"ei":4.26,"as":146.92,"mi":"E","mv":1969004,"sc":2,"lpe":99.72,"lpr":14.8,"lq":1.0},{"pi":"15747","pc":"Продукты питания","ss":1000,"td":"Центр города","dc":1,"n":80.62,"vc":"около 1 000","sl":"Очень высокий","sv":"около 5 000","p":16.0,"q":2.98,"b":0.0,"wi":0.18,"ei":4.26,"as":146.92,"mi":"E","mv":1969004,"sc":2,"lpe":99.72,"lpr":14.8,"lq":1.0},{"pi":"15747","pc":"Продукты питания","ss":1000,"td":"Центр города","dc":1,"n":80.62,"vc":"около 1 000","sl":"Очень высокий","sv":"около 5 000","p":16.0,"q":2.98,"b":0.0,"wi":0.18,"ei":4.26,"as":146.92,"mi":"E","mv":1969004,"sc":2,"lpe":99.72,"lpr":14.8,"lq":1.0},{"pi":"15747","pc":"Продукты питания","ss":1000,"td":"Центр города","dc":1,"n":80.62,"vc":"около 1 000","sl":"Очень высокий","sv":"около 5 000","p":16.0,"q":2.98,"b":0.0,"wi":0.18,"ei":4.26,"as":146.92,"mi":"E","mv":1969004,"sc":2,"lpe":99.72,"lpr":14.8,"lq":1.0},{"pi":"15747","pc":"Продукты питания","ss":1000,"td":"Центр города","dc":1,"n":80.62,"vc":"около 1 000","sl":"Очень высокий","sv":"около 5 000","p":16.0,"q":2.98,"b":0.0,"wi":0.18,"ei":4.26,"as":146.92,"mi":"E","mv":1969004,"sc":2,"lpe":99.72,"lpr":14.8,"lq":1.0},{"pi":"15747","pc":"Продукты питания","ss":500,"td":"Центр города","dc":1,"n":84.81,"vc":"более 200","sl":"Нормальный","sv":"около 500","p":22.0,"q":2.98,"b":0.0,"wi":0.2,"ei":4.22,"as":177.8,"mi":"E","mv":1333298,"sc":2,"lpe":99.89,"lpr":17.46,"lq":1.0},{"pi":"15747","pc":"Продукты питания","ss":500,"td":"Центр города","dc":1,"n":84.81,"vc":"более 200","sl":"Нормальный","sv":"около 500","p":22.0,"q":2.98,"b":0.0,"wi":0.2,"ei":4.22,"as":177.8,"mi":"E","mv":1333298,"sc":2,"lpe":99.89,"lpr":17.46,"lq":1.0},{"pi":"15747","pc":"Продукты питания","ss":500,"td":"Центр города","dc":1,"n":84.81,"vc":"более 200","sl":"Нормальный","sv":"около 500","p":22.0,"q":2.98,"b":0.0,"wi":0.2,"ei":4.22,"as":177.8,"mi":"E","mv":1333298,"sc":2,"lpe":99.89,"lpr":17.46,"lq":1.0},{"pi":"15747","pc":"Продукты питания","ss":500,"td":"Центр города","dc":1,"n":84.81,"vc":"более 200","sl":"Нормальный","sv":"около 500","p":22.0,"q":2.98,"b":0.0,"wi":0.2,"ei":4.22,"as":177.8,"mi":"E","mv":1333298,"sc":2,"lpe":99.89,"lpr":17.46,"lq":1.0},{"pi":"15747","pc":"Продукты питания","ss":500,"td":"Центр города","dc":1,"n":84.81,"vc":"более 200","sl":"Нормальный","sv":"около 500","p":22.0,"q":2.98,"b":0.0,"wi":0.2,"ei":4.22,"as":177.8,"mi":"E","mv":1333298,"sc":2,"lpe":99.89,"lpr":17.46,"lq":1.0},{"pi":"15747","pc":"Продукты питания","ss":500,"td":"Центр города","dc":1,"n":84.81,"vc":"более 200","sl":"Нормальный","sv":"около 500","p":22.0,"q":2.98,"b":0.0,"wi":0.2,"ei":4.22,"as":177.8,"mi":"E","mv":1333298,"sc":2,"lpe":99.89,"lpr":17.46,"lq":1.0},{"pi":"15747","pc":"Продукты питания","ss":500,"td":"Центр города","dc":1,"n":84.81,"vc":"более 200","sl":"Нормальный","sv":"около 500","p":22.0,"q":2.98,"b":0.0,"wi":0.2,"ei":4.22,"as":177.8,"mi":"E","mv":1333298,"sc":2,"lpe":99.89,"lpr":17.46,"lq":1.0},{"pi":"15747","pc":"Продукты питания","ss":500,"td":"Центр города","dc":1,"n":84.81,"vc":"более 200","sl":"Нормальный","sv":"около 500","p":22.0,"q":2.98,"b":0.0,"wi":0.2,"ei":4.22,"as":177.8,"mi":"E","mv":1333298,"sc":2,"lpe":99.89,"lpr":17.46,"lq":1.0},{"pi":"15747","pc":"Продукты питания","ss":1000,"td":"Центр города","dc":1,"n":34.56,"vc":"около 500","sl":"Очень высокий","sv":"около 200","p":11.5,"q":1.4,"b":0.0,"wi":0.14,"ei":2.94,"as":111.16,"mi":"E","mv":522156,"sc":1,"lpe":99.96,"lpr":10.23,"lq":1.0},{"pi":"15747","pc":"Продукты питания","ss":1000,"td":"Центр города","dc":1,"n":34.56,"vc":"около 500","sl":"Очень высокий","sv":"около 200","p":11.5,"q":1.4,"b":0.0,"wi":0.14,"ei":2.94,"as":111.16,"mi":"E","mv":522156,"sc":1,"lpe":99.96,"lpr":10.23,"lq":1.0},{"pi":"15747","pc":"Продукты питания","ss":1000,"td":"Центр города","dc":1,"n":34.56,"vc":"около 500","sl":"Очень высокий","sv":"около 200","p":11.5,"q":1.4,"b":0.0,"wi":0.14,"ei":2.94,"as":111.16,"mi":"E","mv":522156,"sc":1,"lpe":99.96,"lpr":10.23,"lq":1.0},{"pi":"15747","pc":"Продукты питания","ss":1000,"td":"Центр города","dc":1,"n":34.56,"vc":"около 500","sl":"Очень высокий","sv":"около 200","p":11.5,"q":1.4,"b":0.0,"wi":0.14,"ei":2.94,"as":111.16,"mi":"E","mv":522156,"sc":1,"lpe":99.96,"lpr":10.23,"lq":1.0},{"pi":"15747","pc":"Продукты питания","ss":1000,"td":"Центр города","dc":1,"n":34.56,"vc":"около 500","sl":"Очень высокий","sv":"около 200","p":11.5,"q":1.4,"b":0.0,"wi":0.14,"ei":2.94,"as":111.16,"mi":"E","mv":522156,"sc":1,"lpe":99.96,"lpr":10.23,"lq":1.0},{"pi":"15747","pc":"Продукты питания","ss":1000,"td":"Центр города","dc":1,"n":34.56,"vc":"около 500","sl":"Очень высокий","sv":"около 200","p":11.5,"q":1.4,"b":0.0,"wi":0.14,"ei":2.94,"as":111.16,"mi":"E","mv":522156,"sc":1,"lpe":99.96,"lpr":10.23,"lq":1.0},{"pi":"15747","pc":"Продукты питания","ss":100,"td":"Окраина","dc":1,"n":49.38,"vc":"более 100","sl":"Низкий","sv":"более 200","p":18.73,"q":1.05,"b":0.0,"wi":0.19,"ei":4.25,"as":181.97,"mi":"E","mv":6746555,"sc":1,"lpe":100.0,"lpr":17.99,"lq":1.0},{"pi":"15747","pc":"Продукты питания","ss":100,"td":"Окраина","dc":1,"n":49.38,"vc":"более 100","sl":"Низкий","sv":"более 200","p":18.73,"q":1.05,"b":0.0,"wi":0.19,"ei":4.25,"as":181.97,"mi":"E","mv":6746555,"sc":1,"lpe":100.0,"lpr":17.99,"lq":1.0},{"pi":"15747","pc":"Продукты питания","ss":100,"td":"Окраина","dc":1,"n":49.38,"vc":"более 100","sl":"Низкий","sv":"более 200","p":18.73,"q":1.05,"b":0.0,"wi":0.19,"ei":4.25,"as":181.97,"mi":"E","mv":6746555,"sc":1,"lpe":100.0,"lpr":17.99,"lq":1.0},{"pi":"15747","pc":"Продукты питания","ss":100,"td":"Окраина","dc":1,"n":49.38,"vc":"более 100","sl":"Низкий","sv":"более 200","p":18.73,"q":1.05,"b":0.0,"wi":0.19,"ei":4.25,"as":181.97,"mi":"E","mv":6746555,"sc":1,"lpe":100.0,"lpr":17.99,"lq":1.0},{"pi":"15747","pc":"Продукты питания","ss":100,"td":"Окраина","dc":1,"n":49.38,"vc":"более 100","sl":"Низкий","sv":"более 200","p":18.73,"q":1.05,"b":0.0,"wi":0.19,"ei":4.25,"as":181.97,"mi":"E","mv":6746555,"sc":1,"lpe":100.0,"lpr":17.99,"lq":1.0},{"pi":"15747","pc":"Продукты питания","ss":100,"td":"Окраина","dc":1,"n":49.38,"vc":"более 100","sl":"Низкий","sv":"более 200","p":18.73,"q":1.05,"b":0.0,"wi":0.19,"ei":4.25,"as":181.97,"mi":"E","mv":6746555,"sc":1,"lpe":100.0,"lpr":17.99,"lq":1.0},{"pi":"15747","pc":"Продукты питания","ss":100,"td":"Окраина","dc":1,"n":49.38,"vc":"более 100","sl":"Низкий","sv":"более 200","p":18.73,"q":1.05,"b":0.0,"wi":0.19,"ei":4.25,"as":181.97,"mi":"E","mv":6746555,"sc":1,"lpe":100.0,"lpr":17.99,"lq":1.0},{"pi":"15747","pc":"Продукты питания","ss":100,"td":"Окраина","dc":1,"n":49.38,"vc":"более 100","sl":"Низкий","sv":"более 200","p":18.73,"q":1.05,"b":0.0,"wi":0.19,"ei":4.25,"as":181.97,"mi":"E","mv":6746555,"sc":1,"lpe":100.0,"lpr":17.99,"lq":1.0}]