[{"pi":"15747","pc":"Продукты питания","ss":100,"td":"Спальный район","dc":1,"n":14.84,"vc":"около 50","sl":"Нормальный","sv":"около 50","p":30.0,"q":10.0,"b":0.0,"wi":0.31,"ei":6.06,"as":330.02,"mi":"E","mv":2739255,"sc":2,"lpe":100.0,"lpr":25.11,"lq":1.0},{"pi":"15747","pc":"Продукты питания","ss":100,"td":"Спальный район","dc":1,"n":14.84,"vc":"около 50","sl":"Нормальный","sv":"около 50","p":30.0,"q":10.0,"b":0.0,"wi":0.31,"ei":6.06,"as":330.02,"mi":"E","mv":2739255,"sc":2,"lpe":100.0,"lpr":25.11,"lq":1.0},{"pi":"15747","pc":"Продукты питания","ss":100,"td":"Окраина","dc":1,"n":48.19,"vc":"около 50","sl":"Нормальный","sv":"менее 50","p":27.7,"q":1.0,"b":0.0,"wi":0.31,"ei":6.06,"as":330.02,"mi":"E","mv":2739255,"sc":2,"lpe":100.0,"lpr":25.11,"lq":1.0},{"pi":"15747","pc":"Продукты питания","ss":100,"td":"Спальный район","dc":1,"n":14.84,"vc":"около 50","sl":"Нормальный","sv":"около 50","p":30.0,"q":10.0,"b":0.0,"wi":0.31,"ei":6.06,"as":330.02,"mi":"E","mv":2739255,"sc":2,"lpe":100.0,"lpr":25.11,"lq":1.0},{"pi":"15747","pc":"Продукты питания","ss":100,"td":"Окраина","dc":1,"n":48.19,"vc":"около 50","sl":"Нормальный","sv":"менее 50","p":27.7,"q":1.0,"b":0.0,"wi":0.31,"ei":6.06,"as":330.02,"mi":"E","mv":2739255,"sc":2,"lpe":100.0,"lpr":25.11,"lq":1.0},{"pi":"15747","pc":"Продукты питания","ss":100,"td":"Спальный район","dc":1,"n":14.84,"vc":"около 50","sl":"Нормальный","sv":"около 50","p":30.0,"q":10.0,"b":0.0,"wi":0.31,"ei":6.06,"as":330.02,"mi":"E","mv":2739255,"sc":2,"lpe":100.0,"lpr":25.11,"lq":1.0},{"pi":"15747","pc":"Продукты питания","ss":100,"td":"Окраина","dc":1,"n":48.19,"vc":"около 50","sl":"Нормальный","sv":"менее 50","p":27.7,"q":1.0,"b":0.0,"wi":0.31,"ei":6.06,"as":330.02,"mi":"E","mv":2739255,"sc":2,"lpe":100.0,"lpr":25.11,"lq":1.0},{"pi":"15747","pc":"Продукты питания","ss":100,"td":"Окраина","dc":1,"n":49.5,"vc":"около 50","sl":"Нормальный","sv":"более 100","p":16.52,"q":1.05,"b":0.0,"wi":0.26,"ei":5.21,"as":212.94,"mi":"E","mv":2035327,"sc":1,"lpe":99.99,"lpr":16.18,"lq":1.0},{"pi":"15747","pc":"Продукты питания","ss":100,"td":"Окраина","dc":1,"n":49.5,"vc":"около 50","sl":"Нормальный","sv":"более 100","p":16.52,"q":1.05,"b":0.0,"wi":0.26,"ei":5.21,"as":212.94,"mi":"E","mv":2035327,"sc":1,"lpe":99.99,"lpr":16.18,"lq":1.0},{"pi":"15747","pc":"Продукты питания","ss":100,"td":"Окраина","dc":1,"n":49.5,"vc":"около 50","sl":"Нормальный","sv":"более 100","p":16.52,"q":1.05,"b":0.0,"wi":0.26,"ei":5.21,"as":212.94,"mi":"E","mv":2035327,"sc":1,"lpe":99.99,"lpr":16.18,"lq":1.0},{"pi":"15747","pc":"Продукты питания","ss":100,"td":"Окраина","dc":1,"n":49.5,"vc":"около 50","sl":"Нормальный","sv":"более 100","p":16.52,"q":1.05,"b":0.0,"wi":0.26,"ei":5.21,"as":212.94,"mi":"E","mv":2035327,"sc":1,"lpe":99.99,"lpr":16.18,"lq":1.0},{"pi":"15747","pc":"Продукты питания","ss":100,"td":"Окраина","dc":1,"n":49.5,"vc":"около 50","sl":"Нормальный","sv":"более 100","p":16.52,"q":1.05,"b":0.0,"wi":0.26,"ei":5.21,"as":212.94,"mi":"E","mv":2035327,"sc":1,"lpe":99.99,"lpr":16.18,"lq":1.0},{"pi":"15747","pc":"Продукты питания","ss":100,"td":"Окраина","dc":1,"n":49.5,"vc":"около 50","sl":"Нормальный","sv":"более 100","p":16.52,"q":1.05,"b":0.0,"wi":0.26,"ei":5.21,"as":212.94,"mi":"E","mv":2035327,"sc":1,"lpe":99.99,"lpr":16.18,"lq":1.0},{"pi":"15747","pc":"Продукты питания","ss":100,"td":"Окраина","dc":1,"n":49.5,"vc":"около 50","sl":"Нормальный","sv":"более 100","p":16.52,"q":1.05,"b":0.0,"wi":0.26,"ei":5.21,"as":212.94,"mi":"E","mv":2035327,"sc":1,"lpe":99.99,"lpr":16.18,"lq":1.0},{"pi":"15747","pc":"Продукты питания","ss":100,"td":"Окраина","dc":1,"n":49.5,"vc":"около 50","sl":"Нормальный","sv":"более 100","p":16.52,"q":1.05,"b":0.0,"wi":0.26,"ei":5.21,"as":212.94,"mi":"E","mv":2035327,"sc":1,"lpe":99.99,"lpr":16.18,"lq":1.0}]