[{"d":"05.07.2016","r":5.0,"q":1.0,"p":150.0,"s":[{"ui":"7654566","t":1000.0,"r":5.0,"q":1.0,"p":150.0,"mot":"U","mo":5.0},{"cn":"","ui":"","t":0.0,"r":0.0,"q":0.0,"p":0.0,"mot":"L","mo":0.0}]},{"d":"06.07.2016","r":3709.0,"q":2.48,"p":105.0,"s":[{"ui":"7656365","t":3709.0,"r":3709.0,"q":2.48,"p":105.0,"mot":"U","mo":3709.0},{"cn":"","ui":"","t":0.0,"r":0.0,"q":0.0,"p":0.0,"mot":"L","mo":0.0}]},{"d":"07.07.2016","r":2638.0,"q":2.87,"p":78.92,"s":[{"ui":"7659190","t":3493.0,"r":2638.0,"q":2.87,"p":78.92,"mot":"U","mo":2638.0},{"cn":"","ui":"","t":0.0,"r":0.0,"q":0.0,"p":0.0,"mot":"L","mo":0.0}]},{"d":"08.07.2016","r":5036.0,"q":3.49,"p":103.15,"s":[{"ui":"7658348","t":1400.0,"r":1125.0,"q":4.38,"p":100.0,"mot":"L","mo":1125.0},{"ui":"7661664","t":3906.0,"r":3806.0,"q":3.25,"p":100.0,"mot":"U","mo":3806.0},{"cn":"","ui":"","t":1373.0,"r":105.0,"q":2.87,"p":250.95,"mot":"L","mo":105.0}]},{"d":"09.07.2016","r":700.0,"q":3.39,"p":251.43,"s":[{"ui":"7664842","t":500.0,"r":500.0,"q":6.06,"p":5.0,"mot":"L","mo":200.0},{"ui":"7660401","t":1698.0,"r":1153.0,"q":2.32,"p":350.0,"mot":"L","mo":500.0},{"cn":"","ui":"","t":0.0,"r":0.0,"q":0.0,"p":0.0,"mot":"L","mo":0.0}]},{"d":"10.07.2016","r":25.0,"q":1.78,"p":350.0,"s":[{"ui":"7660750","t":374.0,"r":364.0,"q":1.78,"p":350.0,"mot":"L","mo":25.0},{"cn":"","ui":"","t":0.0,"r":0.0,"q":0.0,"p":0.0,"mot":"L","mo":0.0}]},{"d":"11.07.2016","r":4315.0,"q":4.02,"p":119.65,"s":[{"ui":"7666625","t":4440.0,"r":4290.0,"q":4.03,"p":120.0,"mot":"U","mo":4290.0},{"cn":"","ui":"","t":1449.0,"r":25.0,"q":2.69,"p":60.0,"mot":"L","mo":25.0}]},{"d":"12.07.2016","r":4561.0,"q":4.26,"p":159.67,"s":[{"ui":"7666625","t":6136.0,"r":4536.0,"q":4.28,"p":160.0,"mot":"U","mo":4536.0},{"cn":"","ui":"","t":94.0,"r":25.0,"q":1.0,"p":100.0,"mot":"L","mo":25.0}]},{"d":"13.07.2016","r":3970.0,"q":2.78,"p":250.0,"s":[{"ui":"7672132","t":3995.0,"r":3970.0,"q":2.78,"p":250.0,"mot":"U","mo":3970.0},{"cn":"","ui":"","t":0.0,"r":0.0,"q":0.0,"p":0.0,"mot":"L","mo":0.0}]},{"d":"14.07.2016","r":15213.0,"q":3.48,"p":216.56,"s":[{"ui":"7672132","t":10295.0,"r":10280.0,"q":3.52,"p":250.0,"mot":"U","mo":10280.0},{"ui":"7673198","t":4282.0,"r":3562.0,"q":3.51,"p":137.0,"mot":"U","mo":3562.0},{"cn":"","ui":"","t":3316.0,"r":1371.0,"q":3.1,"p":172.56,"mot":"L","mo":1371.0}]},{"d":"15.07.2016","r":17664.0,"q":3.38,"p":244.9,"s":[{"ui":"7672132","t":16079.0,"r":16064.0,"q":3.43,"p":250.0,"mot":"U","mo":16064.0},{"cn":"","ui":"","t":9585.0,"r":1600.0,"q":2.93,"p":193.75,"mot":"L","mo":1600.0}]},{"d":"16.07.2016","r":1828.0,"q":3.53,"p":129.7,"s":[{"ui":"7680654","t":1028.0,"r":1028.0,"q":3.46,"p":75.0,"mot":"L","mo":1028.0},{"ui":"7679613","t":2267.0,"r":2017.0,"q":4.08,"p":250.0,"mot":"L","mo":400.0},{"ui":"7675422","t":7947.0,"r":7947.0,"q":3.16,"p":150.0,"mot":"L","mo":400.0},{"cn":"","ui":"","t":0.0,"r":0.0,"q":0.0,"p":0.0,"mot":"L","mo":0.0}]},{"d":"18.07.2016","r":1410.0,"q":2.94,"p":482.48,"s":[{"ui":"7684008","t":2594.0,"r":2089.0,"q":3.13,"p":195.0,"mot":"L","mo":700.0},{"ui":"7682227","t":510.0,"r":510.0,"q":2.61,"p":1000.0,"mot":"U","mo":510.0},{"ui":"7683506","t":2047.0,"r":2044.0,"q":3.15,"p":169.0,"mot":"L","mo":200.0},{"cn":"","ui":"","t":0.0,"r":0.0,"q":0.0,"p":0.0,"mot":"L","mo":0.0}]},{"d":"19.07.2016","r":460.0,"q":2.61,"p":1000.0,"s":[{"ui":"7682227","t":460.0,"r":460.0,"q":2.61,"p":1000.0,"mot":"U","mo":460.0},{"cn":"","ui":"","t":0.0,"r":0.0,"q":0.0,"p":0.0,"mot":"L","mo":0.0}]},{"d":"20.07.2016","r":3637.0,"q":4.27,"p":311.19,"s":[{"ui":"7684008","t":3901.0,"r":2451.0,"q":4.38,"p":210.0,"mot":"L","mo":1700.0},{"ui":"7689601","t":2212.0,"r":1937.0,"q":4.18,"p":400.0,"mot":"U","mo":1937.0},{"cn":"","ui":"","t":0.0,"r":0.0,"q":0.0,"p":0.0,"mot":"L","mo":0.0}]},{"d":"21.07.2016","r":2644.0,"q":4.42,"p":250.0,"s":[{"ui":"7689601","t":3244.0,"r":2644.0,"q":4.42,"p":250.0,"mot":"U","mo":2644.0},{"cn":"","ui":"","t":0.0,"r":0.0,"q":0.0,"p":0.0,"mot":"L","mo":0.0}]},{"d":"22.07.2016","r":1936.0,"q":2.62,"p":1223.71,"s":[{"ui":"7693363","t":988.0,"r":988.0,"q":1.01,"p":2158.0,"mot":"U","mo":988.0},{"ui":"7689601","t":1558.0,"r":948.0,"q":4.3,"p":250.0,"mot":"U","mo":948.0},{"cn":"","ui":"","t":0.0,"r":0.0,"q":0.0,"p":0.0,"mot":"L","mo":0.0}]},{"d":"25.07.2016","r":49.0,"q":2.93,"p":250.0,"s":[{"ui":"7695528","t":449.0,"r":49.0,"q":2.93,"p":250.0,"mot":"U","mo":49.0},{"cn":"","ui":"","t":0.0,"r":0.0,"q":0.0,"p":0.0,"mot":"L","mo":0.0}]},{"d":"26.07.2016","r":13659.0,"q":3.08,"p":270.0,"s":[{"ui":"7700926","t":13669.0,"r":13659.0,"q":3.08,"p":270.0,"mot":"U","mo":13659.0},{"cn":"","ui":"","t":0.0,"r":0.0,"q":0.0,"p":0.0,"mot":"L","mo":0.0}]},{"d":"27.07.2016","r":5161.0,"q":3.58,"p":180.0,"s":[{"ui":"7702949","t":5164.0,"r":5161.0,"q":3.58,"p":180.0,"mot":"U","mo":5161.0},{"cn":"","ui":"","t":0.0,"r":0.0,"q":0.0,"p":0.0,"mot":"L","mo":0.0}]},{"d":"28.07.2016","r":20170.0,"q":2.51,"p":155.76,"s":[{"ui":"7702949","t":9593.0,"r":9590.0,"q":3.36,"p":180.0,"mot":"U","mo":9590.0},{"ui":"7706377","t":6500.0,"r":6500.0,"q":1.0,"p":155.0,"mot":"U","mo":6500.0},{"ui":"7702349","t":3655.0,"r":3655.0,"q":2.93,"p":99.99,"mot":"L","mo":3655.0},{"cn":"","ui":"","t":1558.0,"r":425.0,"q":2.64,"p":100.0,"mot":"L","mo":425.0}]},{"d":"29.07.2016","r":7926.0,"q":4.07,"p":200.0,"s":[{"ui":"7706538","t":8326.0,"r":7926.0,"q":4.07,"p":200.0,"mot":"U","mo":7926.0},{"cn":"","ui":"","t":0.0,"r":0.0,"q":0.0,"p":0.0,"mot":"L","mo":0.0}]},{"d":"01.08.2016","r":500.0,"q":3.7,"p":300.0,"s":[{"ui":"7715448","t":1094.0,"r":1094.0,"q":3.7,"p":300.0,"mot":"L","mo":500.0},{"cn":"","ui":"","t":0.0,"r":0.0,"q":0.0,"p":0.0,"mot":"L","mo":0.0}]},{"d":"02.08.2016","r":9720.0,"q":4.06,"p":186.87,"s":[{"ui":"7717772","t":3961.0,"r":3871.0,"q":3.98,"p":150.0,"mot":"U","mo":3871.0},{"ui":"7717598","t":4666.0,"r":4531.0,"q":4.12,"p":200.0,"mot":"U","mo":4531.0},{"ui":"7715914","t":1618.0,"r":1318.0,"q":4.1,"p":250.0,"mot":"U","mo":1318.0},{"cn":"","ui":"","t":0.0,"r":0.0,"q":0.0,"p":0.0,"mot":"L","mo":0.0}]},{"d":"03.08.2016","r":11858.0,"q":4.07,"p":212.85,"s":[{"ui":"7717772","t":4028.0,"r":3968.0,"q":3.71,"p":200.0,"mot":"U","mo":3968.0},{"ui":"7717598","t":4977.0,"r":4842.0,"q":4.4,"p":200.0,"mot":"U","mo":4842.0},{"ui":"7715914","t":2948.0,"r":2948.0,"q":4.07,"p":250.0,"mot":"U","mo":2948.0},{"cn":"","ui":"","t":1812.0,"r":100.0,"q":2.8,"p":250.0,"mot":"L","mo":100.0}]},{"d":"04.08.2016","r":6512.0,"q":3.93,"p":193.81,"s":[{"ui":"7721934","t":5978.0,"r":4528.0,"q":3.52,"p":190.0,"mot":"U","mo":4528.0},{"ui":"7723279","t":1934.0,"r":1884.0,"q":5.01,"p":200.0,"mot":"U","mo":1884.0},{"cn":"","ui":"","t":1020.0,"r":100.0,"q":1.83,"p":250.0,"mot":"L","mo":100.0}]},{"d":"05.08.2016","r":38608.0,"q":3.6,"p":143.78,"s":[{"ui":"7721934","t":30283.0,"r":30283.0,"q":3.79,"p":150.0,"mot":"U","mo":30283.0},{"ui":"7722997","t":5992.0,"r":5982.0,"q":2.54,"p":100.0,"mot":"L","mo":5982.0},{"cn":"","ui":"","t":2643.0,"r":2343.0,"q":3.83,"p":175.18,"mot":"L","mo":2343.0}]},{"d":"06.08.2016","r":17804.0,"q":3.36,"p":311.34,"s":[{"ui":"7727243","t":916.0,"r":916.0,"q":4.22,"p":3500.0,"mot":"U","mo":916.0},{"ui":"7723279","t":7699.0,"r":6599.0,"q":4.43,"p":200.0,"mot":"U","mo":6599.0},{"ui":"7722997","t":11058.0,"r":10948.0,"q":2.6,"p":100.0,"mot":"L","mo":10000.0},{"cn":"","ui":"","t":1327.0,"r":289.0,"q":2.72,"p":60.0,"mot":"L","mo":289.0}]},{"d":"07.08.2016","r":6042.0,"q":2.79,"p":168.63,"s":[{"ui":"7728439","t":5608.0,"r":4688.0,"q":2.7,"p":200.0,"mot":"U","mo":4688.0},{"ui":"7728106","t":1375.0,"r":1065.0,"q":3.22,"p":60.0,"mot":"U","mo":1065.0},{"cn":"","ui":"","t":937.0,"r":289.0,"q":2.72,"p":60.0,"mot":"L","mo":289.0}]},{"d":"08.08.2016","r":2733.0,"q":3.16,"p":65.69,"s":[{"ui":"7726949","t":177.0,"r":177.0,"q":2.74,"p":60.0,"mot":"L","mo":177.0},{"ui":"7730057","t":3471.0,"r":3363.0,"q":3.14,"p":50.0,"mot":"L","mo":400.0},{"ui":"7731718","t":1303.0,"r":1303.0,"q":3.74,"p":75.0,"mot":"U","mo":1303.0},{"ui":"7728106","t":853.0,"r":853.0,"q":2.38,"p":60.0,"mot":"U","mo":853.0},{"cn":"","ui":"","t":0.0,"r":0.0,"q":0.0,"p":0.0,"mot":"L","mo":0.0}]},{"d":"09.08.2016","r":4871.0,"q":3.59,"p":116.13,"s":[{"ui":"7729786","t":2841.0,"r":2671.0,"q":4.15,"p":150.0,"mot":"U","mo":2671.0},{"ui":"7731718","t":2310.0,"r":2200.0,"q":2.92,"p":75.0,"mot":"L","mo":2200.0},{"cn":"","ui":"","t":0.0,"r":0.0,"q":0.0,"p":0.0,"mot":"L","mo":0.0}]},{"d":"10.08.2016","r":100.0,"q":3.21,"p":600.0,"s":[{"ui":"7735468","t":1244.0,"r":1244.0,"q":3.21,"p":600.0,"mot":"L","mo":100.0},{"cn":"","ui":"","t":0.0,"r":0.0,"q":0.0,"p":0.0,"mot":"L","mo":0.0}]},{"d":"11.08.2016","r":6210.0,"q":2.87,"p":474.96,"s":[{"ui":"7733379","t":5625.0,"r":5625.0,"q":2.78,"p":500.0,"mot":"U","mo":5625.0},{"ui":"7738316","t":885.0,"r":385.0,"q":4.34,"p":159.67,"mot":"L","mo":385.0},{"cn":"","ui":"","t":3501.0,"r":200.0,"q":2.7,"p":377.5,"mot":"L","mo":200.0}]},{"d":"12.08.2016","r":100.0,"q":2.36,"p":155.0,"s":[{"ui":"7736670","t":7274.0,"r":7174.0,"q":2.36,"p":155.0,"mot":"L","mo":100.0},{"cn":"","ui":"","t":0.0,"r":0.0,"q":0.0,"p":0.0,"mot":"L","mo":0.0}]},{"d":"13.08.2016","r":100.0,"q":2.39,"p":155.0,"s":[{"ui":"7736670","t":12677.0,"r":12577.0,"q":2.39,"p":155.0,"mot":"L","mo":100.0},{"cn":"","ui":"","t":0.0,"r":0.0,"q":0.0,"p":0.0,"mot":"L","mo":0.0}]},{"d":"14.08.2016","r":2500.0,"q":2.82,"p":177.5,"s":[{"ui":"7743659","t":2350.0,"r":2250.0,"q":2.76,"p":150.0,"mot":"U","mo":2250.0},{"ui":"7743964","t":864.0,"r":864.0,"q":3.34,"p":425.0,"mot":"L","mo":250.0},{"cn":"","ui":"","t":0.0,"r":0.0,"q":0.0,"p":0.0,"mot":"L","mo":0.0}]},{"d":"15.08.2016","r":5844.0,"q":2.87,"p":588.4,"s":[{"ui":"7745531","t":3790.0,"r":3790.0,"q":3.23,"p":800.0,"mot":"U","mo":3790.0},{"ui":"7745574","t":477.0,"r":427.0,"q":3.37,"p":500.0,"mot":"U","mo":427.0},{"ui":"7745907","t":1800.0,"r":1700.0,"q":2.84,"p":99.0,"mot":"L","mo":800.0},{"ui":"7744959","t":354.0,"r":338.0,"q":1.0,"p":120.0,"mot":"L","mo":338.0},{"ui":"7743093","t":489.0,"r":489.0,"q":1.0,"p":150.0,"mot":"L","mo":489.0},{"cn":"","ui":"","t":0.0,"r":0.0,"q":0.0,"p":0.0,"mot":"L","mo":0.0}]},{"d":"16.08.2016","r":840.0,"q":3.23,"p":800.0,"s":[{"ui":"7745531","t":3150.0,"r":840.0,"q":3.23,"p":800.0,"mot":"U","mo":840.0},{"cn":"","ui":"","t":0.0,"r":0.0,"q":0.0,"p":0.0,"mot":"L","mo":0.0}]},{"d":"17.08.2016","r":15695.0,"q":3.23,"p":235.0,"s":[{"ui":"7748099","t":17695.0,"r":15695.0,"q":3.23,"p":235.0,"mot":"U","mo":15695.0},{"cn":"","ui":"","t":0.0,"r":0.0,"q":0.0,"p":0.0,"mot":"L","mo":0.0}]},{"d":"22.08.2016","r":5752.0,"q":2.99,"p":735.92,"s":[{"ui":"7755680","t":3500.0,"r":3500.0,"q":2.95,"p":1000.0,"mot":"U","mo":3500.0},{"ui":"7759650","t":738.0,"r":728.0,"q":4.38,"p":500.0,"mot":"L","mo":680.0},{"ui":"7760204","t":1587.0,"r":1572.0,"q":2.46,"p":250.0,"mot":"U","mo":1572.0},{"cn":"","ui":"","t":0.0,"r":0.0,"q":0.0,"p":0.0,"mot":"L","mo":0.0}]},{"d":"23.08.2016","r":6845.0,"q":2.8,"p":314.75,"s":[{"ui":"7762903","t":1623.0,"r":603.0,"q":3.44,"p":250.0,"mot":"L","mo":603.0},{"ui":"7760204","t":6337.0,"r":6242.0,"q":2.74,"p":321.0,"mot":"U","mo":6242.0},{"cn":"","ui":"","t":0.0,"r":0.0,"q":0.0,"p":0.0,"mot":"L","mo":0.0}]},{"d":"24.08.2016","r":5239.0,"q":2.73,"p":318.69,"s":[{"ui":"7760204","t":5157.0,"r":5077.0,"q":2.74,"p":321.0,"mot":"U","mo":5077.0},{"cn":"","ui":"","t":970.0,"r":162.0,"q":2.37,"p":246.24,"mot":"L","mo":162.0}]},{"d":"25.08.2016","r":990.0,"q":3.48,"p":345.0,"s":[{"ui":"7767046","t":1005.0,"r":990.0,"q":3.48,"p":345.0,"mot":"U","mo":990.0},{"cn":"","ui":"","t":0.0,"r":0.0,"q":0.0,"p":0.0,"mot":"L","mo":0.0}]},{"d":"26.08.2016","r":121.0,"q":4.44,"p":271.73,"s":[{"ui":"7770669","t":321.0,"r":71.0,"q":5.32,"p":5.35,"mot":"L","mo":71.0},{"ui":"7765270","t":1149.0,"r":1149.0,"q":3.2,"p":650.0,"mot":"L","mo":50.0},{"cn":"","ui":"","t":0.0,"r":0.0,"q":0.0,"p":0.0,"mot":"L","mo":0.0}]},{"d":"27.08.2016","r":3000.0,"q":1.45,"p":82.67,"s":[{"ui":"7771325","t":2000.0,"r":2000.0,"q":1.0,"p":99.0,"mot":"U","mo":2000.0},{"ui":"7771392","t":1410.0,"r":1160.0,"q":2.35,"p":50.0,"mot":"L","mo":1000.0},{"cn":"","ui":"","t":0.0,"r":0.0,"q":0.0,"p":0.0,"mot":"L","mo":0.0}]},{"d":"28.08.2016","r":9484.0,"q":2.83,"p":126.87,"s":[{"ui":"7774313","t":8605.0,"r":8575.0,"q":2.9,"p":140.0,"mot":"U","mo":8575.0},{"ui":"7775290","t":1059.0,"r":909.0,"q":2.14,"p":3.0,"mot":"U","mo":909.0},{"cn":"","ui":"","t":0.0,"r":0.0,"q":0.0,"p":0.0,"mot":"L","mo":0.0}]},{"d":"29.08.2016","r":1157.0,"q":4.19,"p":100.0,"s":[{"ui":"7775290","t":2187.0,"r":1157.0,"q":4.19,"p":100.0,"mot":"U","mo":1157.0},{"cn":"","ui":"","t":0.0,"r":0.0,"q":0.0,"p":0.0,"mot":"L","mo":0.0}]},{"d":"30.08.2016","r":5512.0,"q":2.86,"p":143.49,"s":[{"ui":"7778695","t":2892.0,"r":2892.0,"q":3.0,"p":150.0,"mot":"L","mo":2000.0},{"ui":"7778684","t":2591.0,"r":2591.0,"q":2.89,"p":59.49,"mot":"L","mo":1367.0},{"ui":"7777963","t":2470.0,"r":2470.0,"q":1.01,"p":250.0,"mot":"L","mo":567.0},{"ui":"7778702","t":2849.0,"r":2799.0,"q":3.02,"p":158.0,"mot":"L","mo":1000.0},{"ui":"7777834","t":3486.0,"r":3478.0,"q":3.84,"p":190.0,"mot":"L","mo":578.0},{"cn":"","ui":"","t":0.0,"r":0.0,"q":0.0,"p":0.0,"mot":"L","mo":0.0}]},{"d":"31.08.2016","r":6337.0,"q":4.45,"p":156.81,"s":[{"ui":"7779815","t":4070.0,"r":4070.0,"q":3.45,"p":350.0,"mot":"L","mo":1000.0},{"ui":"7778702","t":2000.0,"r":1950.0,"q":2.93,"p":158.0,"mot":"L","mo":1000.0},{"ui":"7775290","t":6859.0,"r":3759.0,"q":5.32,"p":100.0,"mot":"U","mo":3759.0},{"ui":"7777834","t":1749.0,"r":1249.0,"q":3.16,"p":190.0,"mot":"L","mo":578.0},{"cn":"","ui":"","t":0.0,"r":0.0,"q":0.0,"p":0.0,"mot":"L","mo":0.0}]},{"d":"01.09.2016","r":7520.0,"q":1.99,"p":200.3,"s":[{"ui":"7782535","t":2760.0,"r":2760.0,"q":1.0,"p":160.0,"mot":"U","mo":2760.0},{"ui":"7782896","t":3756.0,"r":3756.0,"q":2.73,"p":240.0,"mot":"L","mo":3500.0},{"ui":"7779815","t":592.0,"r":592.0,"q":1.61,"p":170.0,"mot":"L","mo":592.0},{"ui":"7777834","t":2975.0,"r":2975.0,"q":2.47,"p":190.0,"mot":"L","mo":578.0},{"cn":"","ui":"","t":140.0,"r":90.0,"q":2.94,"p":158.0,"mot":"L","mo":90.0}]},{"d":"02.09.2016","r":7833.0,"q":4.05,"p":170.0,"s":[{"ui":"7782896","t":8033.0,"r":7833.0,"q":4.05,"p":170.0,"mot":"L","mo":7833.0},{"cn":"","ui":"","t":0.0,"r":0.0,"q":0.0,"p":0.0,"mot":"L","mo":0.0}]},{"d":"04.09.2016","r":4484.0,"q":2.59,"p":156.11,"s":[{"ui":"7788709","t":3516.0,"r":3491.0,"q":2.93,"p":155.0,"mot":"U","mo":3491.0},{"ui":"7788639","t":1093.0,"r":993.0,"q":1.4,"p":160.0,"mot":"U","mo":993.0},{"cn":"","ui":"","t":0.0,"r":0.0,"q":0.0,"p":0.0,"mot":"L","mo":0.0}]},{"d":"05.09.2016","r":8520.0,"q":2.88,"p":179.66,"s":[{"ui":"7788709","t":4255.0,"r":4205.0,"q":2.56,"p":155.0,"mot":"U","mo":4205.0},{"ui":"7791077","t":2147.0,"r":2097.0,"q":3.02,"p":54.0,"mot":"U","mo":2097.0},{"ui":"7791538","t":1742.0,"r":1622.0,"q":3.7,"p":450.0,"mot":"U","mo":1622.0},{"cn":"","ui":"","t":819.0,"r":596.0,"q":2.35,"p":59.98,"mot":"L","mo":596.0}]},{"d":"06.09.2016","r":9272.0,"q":2.84,"p":133.69,"s":[{"ui":"7788709","t":5960.0,"r":5810.0,"q":2.88,"p":160.0,"mot":"U","mo":5810.0},{"ui":"7792875","t":3244.0,"r":3144.0,"q":2.61,"p":90.0,"mot":"U","mo":3144.0},{"cn":"","ui":"","t":623.0,"r":318.0,"q":4.29,"p":85.0,"mot":"L","mo":318.0}]},{"d":"07.09.2016","r":14535.0,"q":3.65,"p":217.42,"s":[{"ui":"7795657","t":4154.0,"r":4154.0,"q":2.21,"p":400.0,"mot":"U","mo":4154.0},{"ui":"7792875","t":9615.0,"r":9515.0,"q":4.22,"p":150.0,"mot":"U","mo":9515.0},{"cn":"","ui":"","t":1269.0,"r":866.0,"q":4.33,"p":82.34,"mot":"L","mo":866.0}]},{"d":"08.09.2016","r":19866.0,"q":3.99,"p":149.37,"s":[{"ui":"7792875","t":19816.0,"r":19716.0,"q":4.01,"p":150.0,"mot":"U","mo":19716.0},{"cn":"","ui":"","t":2250.0,"r":150.0,"q":1.0,"p":67.0,"mot":"L","mo":150.0}]},{"d":"09.09.2016","r":10196.0,"q":2.27,"p":408.32,"s":[{"ui":"7795657","t":8500.0,"r":8500.0,"q":2.16,"p":400.0,"mot":"U","mo":8500.0},{"ui":"7799760","t":1896.0,"r":1696.0,"q":2.83,"p":450.0,"mot":"U","mo":1696.0},{"cn":"","ui":"","t":0.0,"r":0.0,"q":0.0,"p":0.0,"mot":"L","mo":0.0}]},{"d":"10.09.2016","r":1000.0,"q":1.06,"p":135.0,"s":[{"ui":"7801137","t":31165.0,"r":31015.0,"q":1.06,"p":135.0,"mot":"L","mo":1000.0},{"cn":"","ui":"","t":0.0,"r":0.0,"q":0.0,"p":0.0,"mot":"L","mo":0.0}]},{"d":"11.09.2016","r":2300.0,"q":1.32,"p":170.43,"s":[{"ui":"7801137","t":24240.0,"r":24055.0,"q":1.1,"p":136.0,"mot":"L","mo":2000.0},{"ui":"7803580","t":4314.0,"r":4314.0,"q":2.79,"p":400.0,"mot":"L","mo":300.0},{"cn":"","ui":"","t":0.0,"r":0.0,"q":0.0,"p":0.0,"mot":"L","mo":0.0}]},{"d":"12.09.2016","r":2000.0,"q":1.1,"p":136.0,"s":[{"ui":"7801137","t":9635.0,"r":8810.0,"q":1.1,"p":136.0,"mot":"L","mo":2000.0},{"cn":"","ui":"","t":0.0,"r":0.0,"q":0.0,"p":0.0,"mot":"L","mo":0.0}]},{"d":"13.09.2016","r":12217.0,"q":4.61,"p":93.49,"s":[{"ui":"7806711","t":7180.0,"r":3180.0,"q":5.8,"p":75.0,"mot":"U","mo":3180.0},{"ui":"7808068","t":9149.0,"r":9037.0,"q":4.19,"p":100.0,"mot":"U","mo":9037.0},{"cn":"","ui":"","t":0.0,"r":0.0,"q":0.0,"p":0.0,"mot":"L","mo":0.0}]},{"d":"14.09.2016","r":45220.0,"q":2.47,"p":108.2,"s":[{"ui":"7809919","t":24474.0,"r":22074.0,"q":1.0,"p":110.0,"mot":"U","mo":22074.0},{"ui":"7808068","t":22566.0,"r":22446.0,"q":3.91,"p":100.0,"mot":"U","mo":22446.0},{"cn":"","ui":"","t":1342.0,"r":700.0,"q":2.78,"p":314.29,"mot":"L","mo":700.0}]},{"d":"15.09.2016","r":89595.0,"q":1.04,"p":126.02,"s":[{"ui":"7809919","t":88345.0,"r":85595.0,"q":1.0,"p":110.0,"mot":"U","mo":85595.0},{"cn":"","ui":"","t":4947.0,"r":4000.0,"q":1.95,"p":468.75,"mot":"L","mo":4000.0}]},{"d":"16.09.2016","r":7386.0,"q":3.1,"p":425.83,"s":[{"ui":"7810065","t":6114.0,"r":5584.0,"q":2.46,"p":250.0,"mot":"L","mo":500.0},{"ui":"7812530","t":2750.0,"r":2700.0,"q":1.88,"p":500.0,"mot":"U","mo":2700.0},{"ui":"7814591","t":4186.0,"r":4186.0,"q":3.96,"p":399.0,"mot":"U","mo":4186.0},{"cn":"","ui":"","t":0.0,"r":0.0,"q":0.0,"p":0.0,"mot":"L","mo":0.0}]},{"d":"17.09.2016","r":25.0,"q":2.66,"p":3500.0,"s":[{"ui":"7816426","t":1755.0,"r":1755.0,"q":2.66,"p":3500.0,"mot":"L","mo":25.0},{"cn":"","ui":"","t":0.0,"r":0.0,"q":0.0,"p":0.0,"mot":"L","mo":0.0}]},{"d":"18.09.2016","r":4186.0,"q":3.96,"p":350.0,"s":[{"ui":"7814591","t":4186.0,"r":4186.0,"q":3.96,"p":350.0,"mot":"U","mo":4186.0},{"cn":"","ui":"","t":0.0,"r":0.0,"q":0.0,"p":0.0,"mot":"L","mo":0.0}]},{"d":"19.09.2016","r":1124.0,"q":3.98,"p":146.29,"s":[{"ui":"7822093","t":1099.0,"r":1099.0,"q":4.01,"p":70.0,"mot":"U","mo":1099.0},{"cn":"","ui":"","t":1937.0,"r":25.0,"q":2.51,"p":3500.0,"mot":"L","mo":25.0}]},{"d":"20.09.2016","r":100.0,"q":2.74,"p":200.0,"s":[{"ui":"7823891","t":2560.0,"r":2545.0,"q":2.74,"p":200.0,"mot":"L","mo":100.0},{"cn":"","ui":"","t":0.0,"r":0.0,"q":0.0,"p":0.0,"mot":"L","mo":0.0}]},{"d":"21.09.2016","r":689.0,"q":4.74,"p":140.0,"s":[{"ui":"7826365","t":789.0,"r":689.0,"q":4.74,"p":140.0,"mot":"U","mo":689.0},{"cn":"","ui":"","t":0.0,"r":0.0,"q":0.0,"p":0.0,"mot":"L","mo":0.0}]},{"d":"24.09.2016","r":14911.0,"q":1.15,"p":177.56,"s":[{"ui":"7832729","t":884.0,"r":809.0,"q":2.79,"p":200.0,"mot":"U","mo":809.0},{"ui":"7832015","t":8936.0,"r":8931.0,"q":1.0,"p":122.0,"mot":"U","mo":8931.0},{"ui":"7832100","t":5176.0,"r":5171.0,"q":1.16,"p":270.0,"mot":"U","mo":5171.0},{"cn":"","ui":"","t":0.0,"r":0.0,"q":0.0,"p":0.0,"mot":"L","mo":0.0}]},{"d":"25.09.2016","r":19569.0,"q":1.04,"p":160.88,"s":[{"ui":"7832015","t":14424.0,"r":14424.0,"q":1.0,"p":122.0,"mot":"U","mo":14424.0},{"ui":"7832100","t":5136.0,"r":5136.0,"q":1.16,"p":270.0,"mot":"U","mo":5136.0},{"cn":"","ui":"","t":64.0,"r":9.0,"q":2.79,"p":200.0,"mot":"L","mo":9.0}]},{"d":"27.09.2016","r":10.0,"q":3.19,"p":200.0,"s":[{"ui":"7838069","t":1153.0,"r":1153.0,"q":3.19,"p":200.0,"mot":"L","mo":10.0},{"cn":"","ui":"","t":0.0,"r":0.0,"q":0.0,"p":0.0,"mot":"L","mo":0.0}]},{"d":"28.09.2016","r":1558.0,"q":3.58,"p":150.0,"s":[{"ui":"7841821","t":987.0,"r":837.0,"q":2.67,"p":150.0,"mot":"U","mo":837.0},{"ui":"7842479","t":721.0,"r":721.0,"q":4.63,"p":150.0,"mot":"U","mo":721.0},{"cn":"","ui":"","t":0.0,"r":0.0,"q":0.0,"p":0.0,"mot":"L","mo":0.0}]},{"d":"29.09.2016","r":204.0,"q":4.03,"p":150.0,"s":[{"ui":"7844187","t":554.0,"r":204.0,"q":4.03,"p":150.0,"mot":"U","mo":204.0},{"cn":"","ui":"","t":0.0,"r":0.0,"q":0.0,"p":0.0,"mot":"L","mo":0.0}]},{"d":"30.09.2016","r":10396.0,"q":4.25,"p":300.0,"s":[{"ui":"7843801","t":10396.0,"r":10396.0,"q":4.25,"p":300.0,"mot":"L","mo":10396.0},{"cn":"","ui":"","t":0.0,"r":0.0,"q":0.0,"p":0.0,"mot":"L","mo":0.0}]},{"d":"01.10.2016","r":1466.0,"q":3.62,"p":296.59,"s":[{"ui":"7847773","t":3594.0,"r":3564.0,"q":3.77,"p":290.0,"mot":"L","mo":500.0},{"ui":"7848394","t":976.0,"r":966.0,"q":3.54,"p":300.0,"mot":"U","mo":966.0},{"cn":"","ui":"","t":0.0,"r":0.0,"q":0.0,"p":0.0,"mot":"L","mo":0.0}]},{"d":"02.10.2016","r":3474.0,"q":2.34,"p":305.56,"s":[{"ui":"7848394","t":1189.0,"r":1169.0,"q":2.43,"p":300.0,"mot":"U","mo":1169.0},{"ui":"7850812","t":2300.0,"r":2300.0,"q":2.3,"p":309.0,"mot":"U","mo":2300.0},{"cn":"","ui":"","t":5.0,"r":5.0,"q":2.75,"p":20.0,"mot":"L","mo":5.0}]},{"d":"03.10.2016","r":1842.0,"q":1.89,"p":300.0,"s":[{"ui":"7848394","t":1842.0,"r":1842.0,"q":1.89,"p":300.0,"mot":"U","mo":1842.0},{"cn":"","ui":"","t":0.0,"r":0.0,"q":0.0,"p":0.0,"mot":"L","mo":0.0}]},{"d":"04.10.2016","r":600.0,"q":4.26,"p":150.0,"s":[{"ui":"7853833","t":7977.0,"r":7947.0,"q":4.26,"p":150.0,"mot":"L","mo":600.0},{"cn":"","ui":"","t":0.0,"r":0.0,"q":0.0,"p":0.0,"mot":"L","mo":0.0}]},{"d":"05.10.2016","r":6483.0,"q":3.27,"p":83.97,"s":[{"ui":"7853833","t":7908.0,"r":7178.0,"q":4.18,"p":150.0,"mot":"L","mo":600.0},{"ui":"7856187","t":3670.0,"r":3620.0,"q":3.04,"p":70.0,"mot":"U","mo":3620.0},{"ui":"7856918","t":998.0,"r":978.0,"q":3.63,"p":150.0,"mot":"L","mo":800.0},{"ui":"7856625","t":877.0,"r":817.0,"q":3.62,"p":85.5,"mot":"L","mo":400.0},{"ui":"7851322","t":1093.0,"r":1063.0,"q":3.16,"p":44.0,"mot":"U","mo":1063.0},{"cn":"","ui":"","t":0.0,"r":0.0,"q":0.0,"p":0.0,"mot":"L","mo":0.0}]},{"d":"07.10.2016","r":12958.0,"q":2.46,"p":199.27,"s":[{"ui":"7861039","t":12389.0,"r":12389.0,"q":2.43,"p":205.09,"mot":"U","mo":12389.0},{"cn":"","ui":"","t":709.0,"r":569.0,"q":3.04,"p":72.53,"mot":"L","mo":569.0}]},{"d":"08.10.2016","r":650.0,"q":2.43,"p":125.0,"s":[{"ui":"7863197","t":900.0,"r":650.0,"q":2.43,"p":125.0,"mot":"U","mo":650.0},{"cn":"","ui":"","t":0.0,"r":0.0,"q":0.0,"p":0.0,"mot":"L","mo":0.0}]},{"d":"09.10.2016","r":2743.0,"q":2.66,"p":318.23,"s":[{"ui":"7865538","t":4544.0,"r":4524.0,"q":1.0,"p":400.0,"mot":"L","mo":500.0},{"ui":"7866568","t":2243.0,"r":2243.0,"q":3.03,"p":300.0,"mot":"U","mo":2243.0},{"cn":"","ui":"","t":0.0,"r":0.0,"q":0.0,"p":0.0,"mot":"L","mo":0.0}]},{"d":"10.10.2016","r":5589.0,"q":2.44,"p":237.03,"s":[{"ui":"7868953","t":783.0,"r":593.0,"q":1.91,"p":43.0,"mot":"U","mo":593.0},{"ui":"7867646","t":1032.0,"r":932.0,"q":2.65,"p":150.0,"mot":"L","mo":932.0},{"ui":"7866568","t":3814.0,"r":3814.0,"q":2.38,"p":300.0,"mot":"U","mo":3814.0},{"cn":"","ui":"","t":3833.0,"r":250.0,"q":3.74,"p":61.0,"mot":"L","mo":250.0}]},{"d":"11.10.2016","r":232.0,"q":2.65,"p":150.0,"s":[{"ui":"7867646","t":232.0,"r":232.0,"q":2.65,"p":150.0,"mot":"L","mo":232.0},{"cn":"","ui":"","t":0.0,"r":0.0,"q":0.0,"p":0.0,"mot":"L","mo":0.0}]},{"d":"12.10.2016","r":3500.0,"q":5.0,"p":410.1,"s":[{"ui":"7873078","t":3500.0,"r":3500.0,"q":5.0,"p":410.1,"mot":"U","mo":3500.0},{"cn":"","ui":"","t":0.0,"r":0.0,"q":0.0,"p":0.0,"mot":"L","mo":0.0}]},{"d":"13.10.2016","r":6772.0,"q":2.4,"p":95.0,"s":[{"ui":"7872787","t":7637.0,"r":6772.0,"q":2.4,"p":95.0,"mot":"U","mo":6772.0},{"cn":"","ui":"","t":0.0,"r":0.0,"q":0.0,"p":0.0,"mot":"L","mo":0.0}]},{"d":"14.10.2016","r":100.0,"q":2.95,"p":220.0,"s":[{"ui":"7878196","t":3368.0,"r":3358.0,"q":2.95,"p":220.0,"mot":"L","mo":100.0},{"cn":"","ui":"","t":0.0,"r":0.0,"q":0.0,"p":0.0,"mot":"L","mo":0.0}]},{"d":"15.10.2016","r":2920.0,"q":4.08,"p":223.11,"s":[{"ui":"7882460","t":605.0,"r":605.0,"q":5.18,"p":300.0,"mot":"U","mo":605.0},{"ui":"7881240","t":2175.0,"r":2075.0,"q":3.82,"p":209.49,"mot":"U","mo":2075.0},{"cn":"","ui":"","t":3404.0,"r":240.0,"q":3.61,"p":147.08,"mot":"L","mo":240.0}]},{"d":"16.10.2016","r":10259.0,"q":2.89,"p":724.2,"s":[{"ui":"7882460","t":1337.0,"r":1337.0,"q":2.89,"p":300.0,"mot":"U","mo":1337.0},{"ui":"7883881","t":1089.0,"r":889.0,"q":3.01,"p":484.7,"mot":"U","mo":889.0},{"ui":"7881240","t":3833.0,"r":3583.0,"q":4.2,"p":209.49,"mot":"U","mo":3583.0},{"ui":"7878222","t":3790.0,"r":3790.0,"q":1.67,"p":1500.0,"mot":"U","mo":3790.0},{"ui":"7884390","t":1621.0,"r":1621.0,"q":2.57,"p":250.0,"mot":"L","mo":560.0},{"cn":"","ui":"","t":402.0,"r":100.0,"q":2.94,"p":220.0,"mot":"L","mo":100.0}]},{"d":"17.10.2016","r":7334.0,"q":2.78,"p":330.78,"s":[{"ui":"7885036","t":1574.0,"r":1574.0,"q":2.59,"p":595.4,"mot":"U","mo":1574.0},{"ui":"7886220","t":3767.0,"r":3267.0,"q":2.98,"p":220.0,"mot":"U","mo":3267.0},{"ui":"7887299","t":1933.0,"r":1933.0,"q":2.91,"p":325.95,"mot":"U","mo":1933.0},{"ui":"7884390","t":3365.0,"r":3365.0,"q":1.75,"p":250.0,"mot":"L","mo":560.0},{"cn":"","ui":"","t":0.0,"r":0.0,"q":0.0,"p":0.0,"mot":"L","mo":0.0}]},{"d":"18.10.2016","r":3063.0,"q":2.4,"p":2272.46,"s":[{"ui":"7887299","t":3027.0,"r":3027.0,"q":2.4,"p":2298.56,"mot":"U","mo":3027.0},{"cn":"","ui":"","t":5039.0,"r":36.0,"q":2.69,"p":78.19,"mot":"L","mo":36.0}]},{"d":"19.10.2016","r":7828.0,"q":3.0,"p":1224.01,"s":[{"ui":"7886220","t":2686.0,"r":2536.0,"q":3.54,"p":350.0,"mot":"U","mo":2536.0},{"ui":"7887299","t":3250.0,"r":3200.0,"q":2.21,"p":2298.56,"mot":"U","mo":3200.0},{"ui":"7892421","t":1367.0,"r":1367.0,"q":4.92,"p":500.0,"mot":"U","mo":1367.0},{"ui":"7885713","t":800.0,"r":800.0,"q":1.0,"p":190.0,"mot":"L","mo":500.0},{"cn":"","ui":"","t":3642.0,"r":225.0,"q":1.01,"p":2489.11,"mot":"L","mo":225.0}]},{"d":"20.10.2016","r":1.0,"q":2.95,"p":50.0,"s":[{"ui":"7889393","t":3352.0,"r":3348.0,"q":2.95,"p":50.0,"mot":"L","mo":1.0},{"cn":"","ui":"","t":0.0,"r":0.0,"q":0.0,"p":0.0,"mot":"L","mo":0.0}]},{"d":"22.10.2016","r":3936.0,"q":1.9,"p":290.0,"s":[{"ui":"7897755","t":3936.0,"r":3936.0,"q":1.9,"p":290.0,"mot":"U","mo":3936.0},{"cn":"","ui":"","t":0.0,"r":0.0,"q":0.0,"p":0.0,"mot":"L","mo":0.0}]},{"d":"23.10.2016","r":4194.0,"q":1.84,"p":290.0,"s":[{"ui":"7897755","t":4194.0,"r":4194.0,"q":1.84,"p":290.0,"mot":"U","mo":4194.0},{"cn":"","ui":"","t":0.0,"r":0.0,"q":0.0,"p":0.0,"mot":"L","mo":0.0}]},{"d":"25.10.2016","r":8018.0,"q":4.59,"p":315.0,"s":[{"ui":"7904234","t":8018.0,"r":8018.0,"q":4.59,"p":315.0,"mot":"U","mo":8018.0},{"cn":"","ui":"","t":0.0,"r":0.0,"q":0.0,"p":0.0,"mot":"L","mo":0.0}]},{"d":"26.10.2016","r":14793.0,"q":4.41,"p":277.5,"s":[{"ui":"7904234","t":14793.0,"r":14793.0,"q":4.41,"p":277.5,"mot":"U","mo":14793.0},{"cn":"","ui":"","t":0.0,"r":0.0,"q":0.0,"p":0.0,"mot":"L","mo":0.0}]},{"d":"29.10.2016","r":6800.0,"q":3.01,"p":335.11,"s":[{"ui":"7911427","t":3500.0,"r":3500.0,"q":2.95,"p":80.0,"mot":"U","mo":3500.0},{"ui":"7911555","t":3300.0,"r":3300.0,"q":3.08,"p":605.68,"mot":"U","mo":3300.0},{"cn":"","ui":"","t":0.0,"r":0.0,"q":0.0,"p":0.0,"mot":"L","mo":0.0}]},{"d":"30.10.2016","r":10500.0,"q":3.28,"p":410.68,"s":[{"ui":"7911555","t":10500.0,"r":10500.0,"q":3.28,"p":410.68,"mot":"U","mo":10500.0},{"cn":"","ui":"","t":0.0,"r":0.0,"q":0.0,"p":0.0,"mot":"L","mo":0.0}]},{"d":"31.10.2016","r":18577.0,"q":2.88,"p":375.93,"s":[{"ui":"7911435","t":3405.0,"r":2555.0,"q":1.0,"p":185.0,"mot":"U","mo":2555.0},{"ui":"7911555","t":15950.0,"r":15800.0,"q":3.16,"p":410.68,"mot":"U","mo":15800.0},{"cn":"","ui":"","t":555.0,"r":222.0,"q":4.93,"p":100.0,"mot":"L","mo":222.0}]},{"d":"01.11.2016","r":7489.0,"q":2.11,"p":117.72,"s":[{"ui":"7913956","t":5019.0,"r":2889.0,"q":3.87,"p":130.0,"mot":"U","mo":2889.0},{"ui":"7915055","t":4600.0,"r":4600.0,"q":1.0,"p":110.0,"mot":"U","mo":4600.0},{"cn":"","ui":"","t":0.0,"r":0.0,"q":0.0,"p":0.0,"mot":"L","mo":0.0}]},{"d":"02.11.2016","r":9819.0,"q":2.96,"p":124.45,"s":[{"ui":"7913956","t":4394.0,"r":4344.0,"q":3.87,"p":130.0,"mot":"U","mo":4344.0},{"ui":"7916921","t":1375.0,"r":1375.0,"q":5.96,"p":150.0,"mot":"U","mo":1375.0},{"ui":"7915055","t":4100.0,"r":4100.0,"q":1.0,"p":110.0,"mot":"U","mo":4100.0},{"cn":"","ui":"","t":0.0,"r":0.0,"q":0.0,"p":0.0,"mot":"L","mo":0.0}]},{"d":"03.11.2016","r":2320.0,"q":1.45,"p":170.0,"s":[{"ui":"7918125","t":2330.0,"r":2320.0,"q":1.45,"p":170.0,"mot":"U","mo":2320.0},{"cn":"","ui":"","t":0.0,"r":0.0,"q":0.0,"p":0.0,"mot":"L","mo":0.0}]},{"d":"04.11.2016","r":3720.0,"q":1.37,"p":166.16,"s":[{"ui":"7918125","t":3570.0,"r":3460.0,"q":1.23,"p":170.0,"mot":"U","mo":3460.0},{"cn":"","ui":"","t":4685.0,"r":260.0,"q":3.19,"p":115.0,"mot":"L","mo":260.0}]},{"d":"05.11.2016","r":15630.0,"q":6.92,"p":343.04,"s":[{"ui":"7921538","t":16020.0,"r":15070.0,"q":7.03,"p":350.0,"mot":"U","mo":15070.0},{"cn":"","ui":"","t":12019.0,"r":560.0,"q":3.98,"p":155.71,"mot":"L","mo":560.0}]},{"d":"06.11.2016","r":92501.0,"q":4.91,"p":192.65,"s":[{"ui":"7918300","t":104028.0,"r":90528.0,"q":5.0,"p":195.0,"mot":"U","mo":90528.0},{"cn":"","ui":"","t":2098.0,"r":1973.0,"q":1.0,"p":85.0,"mot":"L","mo":1973.0}]},{"d":"07.11.2016","r":22568.0,"q":3.68,"p":222.46,"s":[{"ui":"7921123","t":14868.0,"r":14368.0,"q":3.67,"p":300.0,"mot":"U","mo":14368.0},{"ui":"7923326","t":22300.0,"r":21800.0,"q":4.17,"p":110.0,"mot":"L","mo":5000.0},{"ui":"7923919","t":3250.0,"r":3200.0,"q":2.95,"p":50.0,"mot":"U","mo":3200.0},{"cn":"","ui":"","t":0.0,"r":0.0,"q":0.0,"p":0.0,"mot":"L","mo":0.0}]},{"d":"08.11.2016","r":10698.0,"q":5.15,"p":234.33,"s":[{"ui":"7926095","t":7888.0,"r":7888.0,"q":5.94,"p":300.0,"mot":"U","mo":7888.0},{"ui":"7923919","t":2810.0,"r":2810.0,"q":2.95,"p":50.0,"mot":"U","mo":2810.0},{"cn":"","ui":"","t":0.0,"r":0.0,"q":0.0,"p":0.0,"mot":"L","mo":0.0}]},{"d":"09.11.2016","r":11793.0,"q":5.74,"p":300.0,"s":[{"ui":"7926095","t":11833.0,"r":11793.0,"q":5.74,"p":300.0,"mot":"U","mo":11793.0},{"cn":"","ui":"","t":0.0,"r":0.0,"q":0.0,"p":0.0,"mot":"L","mo":0.0}]},{"d":"10.11.2016","r":23646.0,"q":5.26,"p":300.0,"s":[{"ui":"7926095","t":16860.0,"r":16835.0,"q":5.28,"p":300.0,"mot":"U","mo":16835.0},{"ui":"7927654","t":7011.0,"r":6811.0,"q":5.22,"p":300.0,"mot":"U","mo":6811.0},{"cn":"","ui":"","t":0.0,"r":0.0,"q":0.0,"p":0.0,"mot":"L","mo":0.0}]},{"d":"11.11.2016","r":25871.0,"q":4.84,"p":283.79,"s":[{"ui":"7929939","t":6620.0,"r":6620.0,"q":3.6,"p":250.0,"mot":"U","mo":6620.0},{"ui":"7930985","t":1549.0,"r":1449.0,"q":2.49,"p":239.0,"mot":"U","mo":1449.0},{"ui":"7927654","t":18002.0,"r":17802.0,"q":5.49,"p":300.0,"mot":"U","mo":17802.0},{"cn":"","ui":"","t":0.0,"r":0.0,"q":0.0,"p":0.0,"mot":"L","mo":0.0}]},{"d":"12.11.2016","r":27748.0,"q":2.85,"p":356.57,"s":[{"ui":"7929939","t":13627.0,"r":13627.0,"q":4.09,"p":450.0,"mot":"U","mo":13627.0},{"ui":"7931313","t":3650.0,"r":3650.0,"q":3.14,"p":345.0,"mot":"U","mo":3650.0},{"ui":"7930985","t":10571.0,"r":10471.0,"q":1.14,"p":239.0,"mot":"U","mo":10471.0},{"cn":"","ui":"","t":0.0,"r":0.0,"q":0.0,"p":0.0,"mot":"L","mo":0.0}]},{"d":"13.11.2016","r":8366.0,"q":4.27,"p":450.0,"s":[{"ui":"7929939","t":9366.0,"r":8366.0,"q":4.27,"p":450.0,"mot":"U","mo":8366.0},{"cn":"","ui":"","t":0.0,"r":0.0,"q":0.0,"p":0.0,"mot":"L","mo":0.0}]},{"d":"14.11.2016","r":24.0,"q":1.0,"p":100.0,"s":[{"ui":"7935081","t":94.0,"r":24.0,"q":1.0,"p":100.0,"mot":"U","mo":24.0},{"cn":"","ui":"","t":0.0,"r":0.0,"q":0.0,"p":0.0,"mot":"L","mo":0.0}]},{"d":"15.11.2016","r":14731.0,"q":2.3,"p":99.83,"s":[{"ui":"7935275","t":14781.0,"r":14681.0,"q":2.3,"p":100.0,"mot":"U","mo":14681.0},{"cn":"","ui":"","t":3535.0,"r":50.0,"q":3.1,"p":50.0,"mot":"L","mo":50.0}]},{"d":"16.11.2016","r":50.0,"q":2.92,"p":50.0,"s":[{"ui":"7935301","t":3491.0,"r":3431.0,"q":2.92,"p":50.0,"mot":"L","mo":50.0},{"cn":"","ui":"","t":0.0,"r":0.0,"q":0.0,"p":0.0,"mot":"L","mo":0.0}]},{"d":"18.11.2016","r":2661.0,"q":2.52,"p":118.79,"s":[{"ui":"7940106","t":2161.0,"r":2161.0,"q":2.32,"p":100.0,"mot":"U","mo":2161.0},{"ui":"7940177","t":1546.0,"r":1546.0,"q":3.39,"p":200.0,"mot":"L","mo":500.0},{"cn":"","ui":"","t":0.0,"r":0.0,"q":0.0,"p":0.0,"mot":"L","mo":0.0}]},{"d":"23.11.2016","r":501.0,"q":2.95,"p":303.35,"s":[{"ui":"7946542","t":3500.0,"r":3500.0,"q":2.95,"p":300.0,"mot":"L","mo":500.0},{"cn":"","ui":"","t":2189.0,"r":1.0,"q":2.56,"p":1980.0,"mot":"L","mo":1.0}]},{"d":"24.11.2016","r":1.0,"q":2.4,"p":1980.0,"s":[{"ui":"7945797","t":2581.0,"r":2580.0,"q":2.4,"p":1980.0,"mot":"L","mo":1.0},{"cn":"","ui":"","t":0.0,"r":0.0,"q":0.0,"p":0.0,"mot":"L","mo":0.0}]},{"d":"25.11.2016","r":2542.0,"q":3.99,"p":130.0,"s":[{"ui":"7949166","t":2652.0,"r":2542.0,"q":3.99,"p":130.0,"mot":"U","mo":2542.0},{"cn":"","ui":"","t":0.0,"r":0.0,"q":0.0,"p":0.0,"mot":"L","mo":0.0}]},{"d":"26.11.2016","r":3174.0,"q":3.37,"p":446.31,"s":[{"ui":"7949943","t":338.0,"r":338.0,"q":1.0,"p":2600.0,"mot":"U","mo":338.0},{"ui":"7949166","t":2391.0,"r":2336.0,"q":3.61,"p":166.0,"mot":"U","mo":2336.0},{"ui":"7950067","t":722.0,"r":722.0,"q":3.88,"p":300.0,"mot":"L","mo":500.0},{"cn":"","ui":"","t":0.0,"r":0.0,"q":0.0,"p":0.0,"mot":"L","mo":0.0}]},{"d":"27.11.2016","r":1921.0,"q":2.78,"p":1030.79,"s":[{"ui":"7949943","t":655.0,"r":655.0,"q":1.0,"p":2600.0,"mot":"U","mo":655.0},{"ui":"7949166","t":881.0,"r":766.0,"q":3.61,"p":166.0,"mot":"U","mo":766.0},{"ui":"7950067","t":734.0,"r":734.0,"q":3.84,"p":300.0,"mot":"L","mo":500.0},{"cn":"","ui":"","t":0.0,"r":0.0,"q":0.0,"p":0.0,"mot":"L","mo":0.0}]},{"d":"28.11.2016","r":3312.0,"q":3.32,"p":500.18,"s":[{"ui":"7952884","t":2812.0,"r":2812.0,"q":3.1,"p":550.0,"mot":"U","mo":2812.0},{"ui":"7952346","t":6051.0,"r":5301.0,"q":4.55,"p":220.0,"mot":"L","mo":500.0},{"cn":"","ui":"","t":0.0,"r":0.0,"q":0.0,"p":0.0,"mot":"L","mo":0.0}]},{"d":"29.11.2016","r":12801.0,"q":3.13,"p":253.58,"s":[{"ui":"7953307","t":4412.0,"r":4362.0,"q":2.18,"p":250.0,"mot":"U","mo":4362.0},{"ui":"7952884","t":7864.0,"r":7864.0,"q":3.75,"p":249.97,"mot":"U","mo":7864.0},{"cn":"","ui":"","t":625.0,"r":575.0,"q":1.85,"p":330.0,"mot":"L","mo":575.0}]},{"d":"30.11.2016","r":58993.0,"q":3.74,"p":243.39,"s":[{"ui":"7953307","t":28397.0,"r":28397.0,"q":3.36,"p":260.0,"mot":"U","mo":28397.0},{"ui":"7952884","t":27005.0,"r":27005.0,"q":4.23,"p":245.0,"mot":"U","mo":27005.0},{"ui":"7954437","t":3611.0,"r":3591.0,"q":2.98,"p":100.0,"mot":"U","mo":3591.0},{"cn":"","ui":"","t":0.0,"r":0.0,"q":0.0,"p":0.0,"mot":"L","mo":0.0}]},{"d":"01.12.2016","r":10064.0,"q":3.43,"p":85.0,"s":[{"ui":"7954437","t":10088.0,"r":10064.0,"q":3.43,"p":85.0,"mot":"U","mo":10064.0},{"cn":"","ui":"","t":0.0,"r":0.0,"q":0.0,"p":0.0,"mot":"L","mo":0.0}]},{"d":"02.12.2016","r":1738.0,"q":3.67,"p":80.14,"s":[{"ui":"7957178","t":1819.0,"r":1319.0,"q":3.63,"p":130.0,"mot":"L","mo":500.0},{"ui":"7957593","t":1238.0,"r":1238.0,"q":3.69,"p":60.0,"mot":"U","mo":1238.0},{"cn":"","ui":"","t":0.0,"r":0.0,"q":0.0,"p":0.0,"mot":"L","mo":0.0}]},{"d":"03.12.2016","r":16535.0,"q":3.69,"p":74.69,"s":[{"ui":"7957178","t":22248.0,"r":12048.0,"q":4.04,"p":70.0,"mot":"L","mo":10000.0},{"ui":"7958358","t":3140.0,"r":3110.0,"q":2.78,"p":85.0,"mot":"U","mo":3110.0},{"ui":"7957639","t":3435.0,"r":3425.0,"q":3.5,"p":79.0,"mot":"U","mo":3425.0},{"cn":"","ui":"","t":0.0,"r":0.0,"q":0.0,"p":0.0,"mot":"L","mo":0.0}]},{"d":"04.12.2016","r":21721.0,"q":3.37,"p":75.77,"s":[{"ui":"7958358","t":18115.0,"r":18080.0,"q":3.37,"p":75.0,"mot":"U","mo":18080.0},{"ui":"7957639","t":3551.0,"r":3541.0,"q":3.31,"p":79.0,"mot":"U","mo":3541.0},{"cn":"","ui":"","t":6335.0,"r":100.0,"q":4.47,"p":100.1,"mot":"L","mo":100.0}]},{"d":"05.12.2016","r":16058.0,"q":3.64,"p":118.81,"s":[{"ui":"7958358","t":6665.0,"r":4905.0,"q":4.02,"p":70.0,"mot":"U","mo":4905.0},{"ui":"7960725","t":4674.0,"r":4624.0,"q":3.5,"p":65.41,"mot":"U","mo":4624.0},{"ui":"7960613","t":3500.0,"r":3500.0,"q":2.95,"p":300.0,"mot":"U","mo":3500.0},{"ui":"7960717","t":3029.0,"r":3029.0,"q":4.06,"p":70.0,"mot":"U","mo":3029.0},{"cn":"","ui":"","t":0.0,"r":0.0,"q":0.0,"p":0.0,"mot":"L","mo":0.0}]},{"d":"08.12.2016","r":378.0,"q":5.29,"p":71.75,"s":[{"ui":"7965776","t":500.0,"r":500.0,"q":6.06,"p":80.0,"mot":"L","mo":300.0},{"ui":"7962124","t":10938.0,"r":78.0,"q":2.31,"p":40.0,"mot":"U","mo":78.0},{"cn":"","ui":"","t":0.0,"r":0.0,"q":0.0,"p":0.0,"mot":"L","mo":0.0}]},{"d":"09.12.2016","r":5148.0,"q":2.9,"p":375.09,"s":[{"ui":"7966540","t":2295.0,"r":2295.0,"q":2.97,"p":199.0,"mot":"U","mo":2295.0},{"ui":"7965900","t":1609.0,"r":1609.0,"q":2.57,"p":750.0,"mot":"U","mo":1609.0},{"ui":"7966128","t":1044.0,"r":1044.0,"q":3.61,"p":239.0,"mot":"U","mo":1044.0},{"cn":"","ui":"","t":1750.0,"r":200.0,"q":1.0,"p":90.0,"mot":"L","mo":200.0}]},{"d":"10.12.2016","r":1540.0,"q":2.77,"p":200.3,"s":[{"ui":"7966128","t":1140.0,"r":1140.0,"q":3.39,"p":239.0,"mot":"U","mo":1140.0},{"ui":"7966536","t":7734.0,"r":6394.0,"q":1.0,"p":90.0,"mot":"L","mo":400.0},{"cn":"","ui":"","t":0.0,"r":0.0,"q":0.0,"p":0.0,"mot":"L","mo":0.0}]},{"d":"14.12.2016","r":1740.0,"q":3.45,"p":100.1,"s":[{"ui":"7972459","t":448.0,"r":448.0,"q":1.0,"p":100.0,"mot":"L","mo":448.0},{"ui":"7971534","t":1646.0,"r":1296.0,"q":4.3,"p":75.0,"mot":"L","mo":350.0},{"ui":"7972518","t":950.0,"r":900.0,"q":4.3,"p":110.0,"mot":"L","mo":900.0},{"cn":"","ui":"","t":1307.0,"r":42.0,"q":4.29,"p":98.0,"mot":"L","mo":42.0}]},{"d":"15.12.2016","r":5267.0,"q":3.96,"p":82.99,"s":[{"ui":"7972518","t":2300.0,"r":2250.0,"q":4.31,"p":115.0,"mot":"L","mo":1000.0},{"ui":"7975115","t":4077.0,"r":4007.0,"q":4.04,"p":70.0,"mot":"U","mo":4007.0},{"cn":"","ui":"","t":1264.0,"r":260.0,"q":1.43,"p":160.0,"mot":"L","mo":260.0}]},{"d":"18.12.2016","r":6291.0,"q":1.47,"p":110.49,"s":[{"ui":"7978409","t":1754.0,"r":1754.0,"q":1.0,"p":150.0,"mot":"U","mo":1754.0},{"ui":"7979603","t":3848.0,"r":3748.0,"q":1.0,"p":90.0,"mot":"U","mo":3748.0},{"ui":"7980387","t":789.0,"r":789.0,"q":4.74,"p":120.0,"mot":"U","mo":789.0},{"cn":"","ui":"","t":0.0,"r":0.0,"q":0.0,"p":0.0,"mot":"L","mo":0.0}]},{"d":"19.12.2016","r":7051.0,"q":2.93,"p":103.93,"s":[{"ui":"7981830","t":6315.0,"r":6314.0,"q":3.09,"p":100.0,"mot":"U","mo":6314.0},{"ui":"7980387","t":637.0,"r":637.0,"q":1.2,"p":120.0,"mot":"U","mo":637.0},{"cn":"","ui":"","t":773.0,"r":100.0,"q":3.68,"p":250.0,"mot":"L","mo":100.0}]},{"d":"20.12.2016","r":13179.0,"q":3.66,"p":102.39,"s":[{"ui":"7981830","t":11606.0,"r":11606.0,"q":4.01,"p":100.0,"mot":"U","mo":11606.0},{"ui":"7980387","t":1573.0,"r":1573.0,"q":1.1,"p":120.0,"mot":"U","mo":1573.0},{"cn":"","ui":"","t":0.0,"r":0.0,"q":0.0,"p":0.0,"mot":"L","mo":0.0}]},{"d":"21.12.2016","r":1633.0,"q":3.37,"p":68.78,"s":[{"ui":"7984877","t":1534.0,"r":1533.0,"q":3.37,"p":70.0,"mot":"U","mo":1533.0},{"ui":"7984020","t":2222.0,"r":2172.0,"q":3.44,"p":50.0,"mot":"L","mo":100.0},{"cn":"","ui":"","t":0.0,"r":0.0,"q":0.0,"p":0.0,"mot":"L","mo":0.0}]},{"d":"22.12.2016","r":2834.0,"q":3.91,"p":218.82,"s":[{"ui":"7986002","t":1367.0,"r":1367.0,"q":4.14,"p":250.0,"mot":"U","mo":1367.0},{"ui":"7986015","t":1367.0,"r":1367.0,"q":3.78,"p":200.0,"mot":"U","mo":1367.0},{"cn":"","ui":"","t":3423.0,"r":100.0,"q":2.63,"p":50.0,"mot":"L","mo":100.0}]},{"d":"23.12.2016","r":7675.0,"q":3.63,"p":239.52,"s":[{"ui":"7986002","t":7180.0,"r":7180.0,"q":3.68,"p":250.0,"mot":"U","mo":7180.0},{"ui":"7986015","t":405.0,"r":395.0,"q":3.14,"p":97.0,"mot":"U","mo":395.0},{"cn":"","ui":"","t":1822.0,"r":100.0,"q":2.18,"p":50.0,"mot":"L","mo":100.0}]},{"d":"24.12.2016","r":11474.0,"q":3.3,"p":253.68,"s":[{"ui":"7986002","t":10880.0,"r":10880.0,"q":3.32,"p":250.0,"mot":"U","mo":10880.0},{"ui":"7987899","t":1329.0,"r":1329.0,"q":2.9,"p":320.99,"mot":"L","mo":594.0},{"cn":"","ui":"","t":0.0,"r":0.0,"q":0.0,"p":0.0,"mot":"L","mo":0.0}]},{"d":"25.12.2016","r":2050.0,"q":2.8,"p":148.27,"s":[{"ui":"7989930","t":1079.0,"r":979.0,"q":3.83,"p":100.0,"mot":"U","mo":979.0},{"ui":"7989513","t":2555.0,"r":2455.0,"q":1.86,"p":192.39,"mot":"L","mo":1071.0},{"cn":"","ui":"","t":0.0,"r":0.0,"q":0.0,"p":0.0,"mot":"L","mo":0.0}]},{"d":"26.12.2016","r":3148.0,"q":4.1,"p":181.64,"s":[{"ui":"7991324","t":778.0,"r":578.0,"q":3.06,"p":100.0,"mot":"U","mo":578.0},{"ui":"7989624","t":2570.0,"r":2570.0,"q":4.34,"p":200.0,"mot":"U","mo":2570.0},{"cn":"","ui":"","t":0.0,"r":0.0,"q":0.0,"p":0.0,"mot":"L","mo":0.0}]},{"d":"27.12.2016","r":3951.0,"q":4.35,"p":200.0,"s":[{"ui":"7989624","t":4251.0,"r":3951.0,"q":4.35,"p":200.0,"mot":"U","mo":3951.0},{"cn":"","ui":"","t":0.0,"r":0.0,"q":0.0,"p":0.0,"mot":"L","mo":0.0}]},{"d":"28.12.2016","r":4794.0,"q":3.0,"p":74.71,"s":[{"ui":"7992393","t":1683.0,"r":1673.0,"q":2.91,"p":85.0,"mot":"U","mo":1673.0},{"ui":"7991324","t":2616.0,"r":1866.0,"q":3.62,"p":90.0,"mot":"U","mo":1866.0},{"ui":"7991995","t":1076.0,"r":1056.0,"q":2.16,"p":30.0,"mot":"U","mo":1056.0},{"cn":"","ui":"","t":209.0,"r":199.0,"q":2.46,"p":82.0,"mot":"L","mo":199.0}]},{"d":"29.12.2016","r":6352.0,"q":3.51,"p":71.94,"s":[{"ui":"7994193","t":744.0,"r":744.0,"q":1.55,"p":75.0,"mot":"U","mo":744.0},{"ui":"7994669","t":5308.0,"r":5308.0,"q":3.8,"p":70.5,"mot":"U","mo":5308.0},{"cn":"","ui":"","t":1463.0,"r":300.0,"q":3.24,"p":89.9,"mot":"L","mo":300.0}]},{"d":"30.12.2016","r":4376.0,"q":2.88,"p":111.02,"s":[{"ui":"7996114","t":3892.0,"r":3892.0,"q":2.54,"p":250.0,"mot":"L","mo":500.0},{"ui":"7996121","t":3037.0,"r":3037.0,"q":2.49,"p":100.0,"mot":"U","mo":3037.0},{"ui":"7994767","t":479.0,"r":439.0,"q":4.38,"p":129.0,"mot":"U","mo":439.0},{"ui":"7996315","t":708.0,"r":708.0,"q":4.59,"p":1.25,"mot":"L","mo":400.0},{"cn":"","ui":"","t":0.0,"r":0.0,"q":0.0,"p":0.0,"mot":"L","mo":0.0}]},{"d":"31.12.2016","r":11141.0,"q":3.1,"p":95.8,"s":[{"ui":"7996121","t":2000.0,"r":1900.0,"q":2.37,"p":100.0,"mot":"U","mo":1900.0},{"ui":"7994669","t":6415.0,"r":6415.0,"q":2.99,"p":70.5,"mot":"U","mo":6415.0},{"ui":"7994767","t":2326.0,"r":2326.0,"q":4.25,"p":129.0,"mot":"U","mo":2326.0},{"cn":"","ui":"","t":10427.0,"r":500.0,"q":2.01,"p":250.0,"mot":"L","mo":500.0}]},{"d":"01.01.2017","r":500.0,"q":1.89,"p":250.0,"s":[{"ui":"7996114","t":11887.0,"r":11887.0,"q":1.89,"p":250.0,"mot":"L","mo":500.0},{"cn":"","ui":"","t":0.0,"r":0.0,"q":0.0,"p":0.0,"mot":"L","mo":0.0}]},{"d":"02.01.2017","r":3712.0,"q":4.19,"p":200.0,"s":[{"ui":"7998672","t":4112.0,"r":3712.0,"q":4.19,"p":200.0,"mot":"U","mo":3712.0},{"cn":"","ui":"","t":0.0,"r":0.0,"q":0.0,"p":0.0,"mot":"L","mo":0.0}]},{"d":"03.01.2017","r":1291.0,"q":2.98,"p":155.11,"s":[{"ui":"8000118","t":1291.0,"r":791.0,"q":2.58,"p":250.0,"mot":"U","mo":791.0},{"ui":"8000411","t":1226.0,"r":1226.0,"q":3.62,"p":5.0,"mot":"L","mo":500.0},{"cn":"","ui":"","t":0.0,"r":0.0,"q":0.0,"p":0.0,"mot":"L","mo":0.0}]},{"d":"04.01.2017","r":2938.0,"q":2.29,"p":225.41,"s":[{"ui":"8000118","t":1493.0,"r":1493.0,"q":2.36,"p":250.0,"mot":"U","mo":1493.0},{"ui":"7998672","t":1445.0,"r":1445.0,"q":2.21,"p":200.0,"mot":"U","mo":1445.0},{"cn":"","ui":"","t":0.0,"r":0.0,"q":0.0,"p":0.0,"mot":"L","mo":0.0}]},{"d":"06.01.2017","r":11340.0,"q":1.15,"p":1421.79,"s":[{"ui":"8003087","t":10722.0,"r":10722.0,"q":1.02,"p":1500.0,"mot":"U","mo":10722.0},{"cn":"","ui":"","t":1081.0,"r":618.0,"q":3.48,"p":64.91,"mot":"L","mo":618.0}]},{"d":"07.01.2017","r":7871.0,"q":2.92,"p":79.94,"s":[{"ui":"8003076","t":13654.0,"r":7857.0,"q":2.92,"p":80.0,"mot":"U","mo":7857.0},{"cn":"","ui":"","t":214.0,"r":14.0,"q":3.03,"p":45.0,"mot":"L","mo":14.0}]},{"d":"08.01.2017","r":53.0,"q":2.46,"p":75.0,"s":[{"ui":"8003604","t":53.0,"r":53.0,"q":2.46,"p":75.0,"mot":"L","mo":53.0},{"cn":"","ui":"","t":0.0,"r":0.0,"q":0.0,"p":0.0,"mot":"L","mo":0.0}]},{"d":"09.01.2017","r":7310.0,"q":3.75,"p":250.0,"s":[{"ui":"8006378","t":7310.0,"r":7310.0,"q":3.75,"p":250.0,"mot":"U","mo":7310.0},{"cn":"","ui":"","t":0.0,"r":0.0,"q":0.0,"p":0.0,"mot":"L","mo":0.0}]},{"d":"11.01.2017","r":18273.0,"q":3.2,"p":549.62,"s":[{"ui":"8008439","t":6000.0,"r":6000.0,"q":1.0,"p":1500.0,"mot":"U","mo":6000.0},{"ui":"8008308","t":12873.0,"r":12273.0,"q":4.28,"p":85.0,"mot":"U","mo":12273.0},{"cn":"","ui":"","t":0.0,"r":0.0,"q":0.0,"p":0.0,"mot":"L","mo":0.0}]},{"d":"12.01.2017","r":4168.0,"q":3.72,"p":209.73,"s":[{"ui":"8007254","t":2621.0,"r":2621.0,"q":3.67,"p":77.0,"mot":"U","mo":2621.0},{"ui":"8011059","t":1328.0,"r":1258.0,"q":4.11,"p":75.0,"mot":"U","mo":1258.0},{"ui":"8007367","t":588.0,"r":289.0,"q":2.46,"p":2000.0,"mot":"L","mo":289.0},{"cn":"","ui":"","t":0.0,"r":0.0,"q":0.0,"p":0.0,"mot":"L","mo":0.0}]},{"d":"13.01.2017","r":31410.0,"q":2.11,"p":672.48,"s":[{"ui":"8009655","t":12519.0,"r":12519.0,"q":1.0,"p":1560.0,"mot":"U","mo":12519.0},{"ui":"8009659","t":35000.0,"r":8000.0,"q":1.0,"p":80.0,"mot":"U","mo":8000.0},{"ui":"8008308","t":6073.0,"r":6073.0,"q":4.28,"p":85.0,"mot":"U","mo":6073.0},{"ui":"8011624","t":3762.0,"r":3262.0,"q":3.99,"p":110.0,"mot":"U","mo":3262.0},{"cn":"","ui":"","t":4603.0,"r":1556.0,"q":4.26,"p":50.0,"mot":"L","mo":1556.0}]},{"d":"14.01.2017","r":6646.0,"q":3.98,"p":102.11,"s":[{"ui":"8013341","t":5846.0,"r":5246.0,"q":4.18,"p":100.0,"mot":"L","mo":5246.0},{"ui":"8011624","t":1400.0,"r":1400.0,"q":3.22,"p":110.0,"mot":"U","mo":1400.0},{"cn":"","ui":"","t":0.0,"r":0.0,"q":0.0,"p":0.0,"mot":"L","mo":0.0}]},{"d":"15.01.2017","r":24124.0,"q":3.91,"p":121.27,"s":[{"ui":"8013341","t":7962.0,"r":7962.0,"q":4.29,"p":100.0,"mot":"L","mo":5500.0},{"ui":"8015215","t":3090.0,"r":3080.0,"q":2.65,"p":60.0,"mot":"U","mo":3080.0},{"ui":"8014669","t":12874.0,"r":12874.0,"q":4.21,"p":150.0,"mot":"U","mo":12874.0},{"ui":"8015319","t":2523.0,"r":2523.0,"q":3.17,"p":100.0,"mot":"U","mo":2523.0},{"cn":"","ui":"","t":697.0,"r":147.0,"q":2.95,"p":49.99,"mot":"L","mo":147.0}]},{"d":"16.01.2017","r":52637.0,"q":4.18,"p":131.18,"s":[{"ui":"8013341","t":20450.0,"r":20175.0,"q":4.13,"p":100.0,"mot":"U","mo":20175.0},{"ui":"8014669","t":31493.0,"r":31493.0,"q":4.24,"p":150.0,"mot":"U","mo":31493.0},{"cn":"","ui":"","t":2336.0,"r":969.0,"q":3.18,"p":168.57,"mot":"L","mo":969.0}]},{"d":"17.01.2017","r":13779.0,"q":3.84,"p":65.08,"s":[{"ui":"8017075","t":5020.0,"r":4946.0,"q":4.0,"p":60.0,"mot":"U","mo":4946.0},{"ui":"8015215","t":7764.0,"r":7204.0,"q":4.19,"p":50.0,"mot":"U","mo":7204.0},{"ui":"8014899","t":882.0,"r":882.0,"q":1.54,"p":249.99,"mot":"U","mo":882.0},{"cn":"","ui":"","t":2374.0,"r":747.0,"q":2.04,"p":25.88,"mot":"L","mo":747.0}]},{"d":"18.01.2017","r":12565.0,"q":3.61,"p":100.4,"s":[{"ui":"8017075","t":6236.0,"r":6162.0,"q":4.04,"p":60.0,"mot":"U","mo":6162.0},{"ui":"8015999","t":4330.0,"r":4300.0,"q":3.57,"p":150.0,"mot":"U","mo":4300.0},{"ui":"8017172","t":1603.0,"r":1603.0,"q":2.58,"p":145.0,"mot":"U","mo":1603.0},{"cn":"","ui":"","t":2000.0,"r":500.0,"q":2.0,"p":28.78,"mot":"L","mo":500.0}]},{"d":"19.01.2017","r":3500.0,"q":2.72,"p":140.0,"s":[{"ui":"8018175","t":3500.0,"r":3500.0,"q":2.72,"p":140.0,"mot":"U","mo":3500.0},{"cn":"","ui":"","t":0.0,"r":0.0,"q":0.0,"p":0.0,"mot":"L","mo":0.0}]},{"d":"20.01.2017","r":1800.0,"q":2.72,"p":140.0,"s":[{"ui":"8018175","t":1910.0,"r":1800.0,"q":2.72,"p":140.0,"mot":"U","mo":1800.0},{"cn":"","ui":"","t":0.0,"r":0.0,"q":0.0,"p":0.0,"mot":"L","mo":0.0}]},{"d":"21.01.2017","r":1399.0,"q":4.16,"p":200.0,"s":[{"ui":"8021658","t":1599.0,"r":1399.0,"q":4.16,"p":200.0,"mot":"U","mo":1399.0},{"cn":"","ui":"","t":0.0,"r":0.0,"q":0.0,"p":0.0,"mot":"L","mo":0.0}]},{"d":"22.01.2017","r":6351.0,"q":3.04,"p":157.24,"s":[{"ui":"8023355","t":2921.0,"r":2716.0,"q":1.43,"p":100.0,"mot":"U","mo":2716.0},{"ui":"8021658","t":3835.0,"r":3635.0,"q":4.24,"p":200.0,"mot":"U","mo":3635.0},{"cn":"","ui":"","t":0.0,"r":0.0,"q":0.0,"p":0.0,"mot":"L","mo":0.0}]},{"d":"23.01.2017","r":9071.0,"q":3.01,"p":124.85,"s":[{"ui":"8023355","t":5421.0,"r":5036.0,"q":1.86,"p":100.0,"mot":"U","mo":5036.0},{"ui":"8025194","t":3762.0,"r":3562.0,"q":4.55,"p":150.0,"mot":"U","mo":3562.0},{"ui":"8021658","t":673.0,"r":473.0,"q":3.66,"p":200.0,"mot":"U","mo":473.0},{"cn":"","ui":"","t":0.0,"r":0.0,"q":0.0,"p":0.0,"mot":"L","mo":0.0}]},{"d":"24.01.2017","r":15402.0,"q":3.19,"p":154.65,"s":[{"ui":"8024842","t":5689.0,"r":3689.0,"q":2.45,"p":200.0,"mot":"U","mo":3689.0},{"ui":"8023355","t":1010.0,"r":805.0,"q":2.24,"p":100.0,"mot":"U","mo":805.0},{"ui":"8025357","t":2471.0,"r":2270.0,"q":1.0,"p":80.0,"mot":"L","mo":2270.0},{"ui":"8025194","t":8713.0,"r":8638.0,"q":4.17,"p":160.0,"mot":"U","mo":8638.0},{"cn":"","ui":"","t":0.0,"r":0.0,"q":0.0,"p":0.0,"mot":"L","mo":0.0}]},{"d":"25.01.2017","r":10540.0,"q":3.38,"p":79.73,"s":[{"ui":"8026789","t":6533.0,"r":5218.0,"q":3.68,"p":80.0,"mot":"U","mo":5218.0},{"ui":"8027769","t":5133.0,"r":5033.0,"q":3.09,"p":80.0,"mot":"U","mo":5033.0},{"cn":"","ui":"","t":7192.0,"r":289.0,"q":2.98,"p":70.0,"mot":"L","mo":289.0}]},{"d":"26.01.2017","r":7097.0,"q":3.29,"p":107.18,"s":[{"ui":"8026789","t":2242.0,"r":1692.0,"q":3.97,"p":100.0,"mot":"U","mo":1692.0},{"ui":"8027216","t":7611.0,"r":5511.0,"q":3.18,"p":89.0,"mot":"L","mo":1018.0},{"ui":"8028840","t":3144.0,"r":3144.0,"q":2.48,"p":100.0,"mot":"U","mo":3144.0},{"ui":"8027769","t":2193.0,"r":1243.0,"q":4.52,"p":150.0,"mot":"U","mo":1243.0},{"cn":"","ui":"","t":0.0,"r":0.0,"q":0.0,"p":0.0,"mot":"L","mo":0.0}]},{"d":"27.01.2017","r":1374.0,"q":3.38,"p":99.26,"s":[{"ui":"8027216","t":4348.0,"r":1048.0,"q":4.18,"p":99.0,"mot":"L","mo":1018.0},{"ui":"8028840","t":356.0,"r":356.0,"q":1.09,"p":100.0,"mot":"U","mo":356.0},{"cn":"","ui":"","t":0.0,"r":0.0,"q":0.0,"p":0.0,"mot":"L","mo":0.0}]},{"d":"28.01.2017","r":1805.0,"q":2.44,"p":98.5,"s":[{"ui":"8031119","t":1835.0,"r":1805.0,"q":2.44,"p":98.5,"mot":"U","mo":1805.0},{"cn":"","ui":"","t":0.0,"r":0.0,"q":0.0,"p":0.0,"mot":"L","mo":0.0}]},{"d":"29.01.2017","r":6877.0,"q":3.47,"p":173.42,"s":[{"ui":"8032798","t":3380.0,"r":3380.0,"q":3.48,"p":250.0,"mot":"U","mo":3380.0},{"ui":"8032549","t":2262.0,"r":2112.0,"q":4.14,"p":100.0,"mot":"U","mo":2112.0},{"ui":"8031119","t":1403.0,"r":1385.0,"q":2.44,"p":98.5,"mot":"U","mo":1385.0},{"cn":"","ui":"","t":0.0,"r":0.0,"q":0.0,"p":0.0,"mot":"L","mo":0.0}]},{"d":"30.01.2017","r":23031.0,"q":3.71,"p":226.04,"s":[{"ui":"8033435","t":3636.0,"r":2416.0,"q":4.53,"p":85.0,"mot":"L","mo":1200.0},{"ui":"8032798","t":19391.0,"r":19391.0,"q":3.57,"p":250.0,"mot":"U","mo":19391.0},{"ui":"8032549","t":2740.0,"r":2440.0,"q":4.4,"p":105.0,"mot":"U","mo":2440.0},{"cn":"","ui":"","t":0.0,"r":0.0,"q":0.0,"p":0.0,"mot":"L","mo":0.0}]},{"d":"31.01.2017","r":46418.0,"q":3.71,"p":239.43,"s":[{"ui":"8032798","t":20162.0,"r":20162.0,"q":3.54,"p":250.0,"mot":"U","mo":20162.0},{"ui":"8034444","t":6462.0,"r":6162.0,"q":2.47,"p":300.0,"mot":"U","mo":6162.0},{"ui":"8033878","t":19394.0,"r":19094.0,"q":4.36,"p":210.0,"mot":"U","mo":19094.0},{"cn":"","ui":"","t":1750.0,"r":1000.0,"q":2.52,"p":215.0,"mot":"L","mo":1000.0}]},{"d":"01.02.2017","r":45255.0,"q":3.77,"p":168.22,"s":[{"ui":"8034444","t":24809.0,"r":24809.0,"q":3.55,"p":160.0,"mot":"U","mo":24809.0},{"ui":"8033878","t":16470.0,"r":16120.0,"q":4.38,"p":210.0,"mot":"U","mo":16120.0},{"cn":"","ui":"","t":12428.0,"r":4326.0,"q":2.79,"p":59.67,"mot":"L","mo":4326.0}]},{"d":"02.02.2017","r":36314.0,"q":3.21,"p":171.4,"s":[{"ui":"8034558","t":11660.0,"r":11660.0,"q":1.31,"p":215.0,"mot":"L","mo":10000.0},{"ui":"8033878","t":19521.0,"r":19521.0,"q":4.39,"p":175.99,"mot":"U","mo":19521.0},{"ui":"8036097","t":5773.0,"r":4773.0,"q":2.87,"p":99.99,"mot":"U","mo":4773.0},{"cn":"","ui":"","t":4692.0,"r":2020.0,"q":2.09,"p":79.9,"mot":"L","mo":2020.0}]},{"d":"03.02.2017","r":6335.0,"q":2.12,"p":95.03,"s":[{"ui":"8037526","t":2411.0,"r":2311.0,"q":3.06,"p":35.0,"mot":"U","mo":2311.0},{"ui":"8036097","t":3424.0,"r":3424.0,"q":1.34,"p":99.99,"mot":"U","mo":3424.0},{"ui":"8037717","t":1387.0,"r":1387.0,"q":2.89,"p":333.57,"mot":"L","mo":500.0},{"cn":"","ui":"","t":4697.0,"r":100.0,"q":3.35,"p":120.0,"mot":"L","mo":100.0}]},{"d":"04.02.2017","r":10750.0,"q":1.95,"p":95.43,"s":[{"ui":"8037526","t":2200.0,"r":2200.0,"q":2.89,"p":35.0,"mot":"U","mo":2200.0},{"ui":"8038485","t":3812.0,"r":3802.0,"q":3.99,"p":28.0,"mot":"L","mo":789.0},{"ui":"8038198","t":3500.0,"r":3500.0,"q":2.95,"p":34.0,"mot":"L","mo":1000.0},{"ui":"8036097","t":6261.0,"r":6261.0,"q":1.21,"p":99.99,"mot":"U","mo":6261.0},{"cn":"","ui":"","t":3500.0,"r":500.0,"q":1.79,"p":533.57,"mot":"L","mo":500.0}]},{"d":"05.02.2017","r":6827.0,"q":3.3,"p":61.89,"s":[{"ui":"8039237","t":857.0,"r":827.0,"q":3.78,"p":100.0,"mot":"U","mo":827.0},{"ui":"8038674","t":3539.0,"r":3539.0,"q":2.94,"p":60.0,"mot":"L","mo":3500.0},{"ui":"8038485","t":7873.0,"r":7873.0,"q":4.17,"p":55.0,"mot":"L","mo":1000.0},{"ui":"8038198","t":2500.0,"r":2500.0,"q":2.95,"p":34.0,"mot":"L","mo":1000.0},{"ui":"8039781","t":3612.0,"r":3612.0,"q":3.93,"p":81.62,"mot":"L","mo":500.0},{"cn":"","ui":"","t":0.0,"r":0.0,"q":0.0,"p":0.0,"mot":"L","mo":0.0}]},{"d":"06.02.2017","r":14738.0,"q":2.78,"p":161.67,"s":[{"ui":"8040959","t":5131.0,"r":5121.0,"q":2.68,"p":2.0,"mot":"U","mo":5121.0},{"ui":"8039513","t":4000.0,"r":4000.0,"q":2.4,"p":500.0,"mot":"U","mo":4000.0},{"ui":"8038674","t":3643.0,"r":3643.0,"q":2.88,"p":60.0,"mot":"L","mo":3500.0},{"ui":"8040869","t":8350.0,"r":6250.0,"q":3.56,"p":60.0,"mot":"L","mo":1000.0},{"cn":"","ui":"","t":9029.0,"r":1117.0,"q":3.59,"p":91.77,"mot":"L","mo":1117.0}]},{"d":"07.02.2017","r":3463.0,"q":3.86,"p":93.84,"s":[{"ui":"8039781","t":10794.0,"r":10744.0,"q":3.06,"p":176.62,"mot":"L","mo":500.0},{"ui":"8040869","t":12528.0,"r":10428.0,"q":4.23,"p":60.0,"mot":"L","mo":1000.0},{"ui":"8042250","t":2963.0,"r":1963.0,"q":3.87,"p":90.0,"mot":"U","mo":1963.0},{"cn":"","ui":"","t":0.0,"r":0.0,"q":0.0,"p":0.0,"mot":"L","mo":0.0}]},{"d":"08.02.2017","r":5234.0,"q":4.22,"p":58.95,"s":[{"ui":"8040869","t":9244.0,"r":5134.0,"q":4.23,"p":60.0,"mot":"L","mo":5134.0},{"cn":"","ui":"","t":2359.0,"r":100.0,"q":3.93,"p":5.0,"mot":"L","mo":100.0}]},{"d":"09.02.2017","r":4013.0,"q":4.36,"p":1657.76,"s":[{"ui":"8044327","t":4913.0,"r":3913.0,"q":4.4,"p":1700.0,"mot":"L","mo":3913.0},{"cn":"","ui":"","t":2266.0,"r":100.0,"q":2.96,"p":5.0,"mot":"L","mo":100.0}]},{"d":"10.02.2017","r":33379.0,"q":2.68,"p":743.38,"s":[{"ui":"8045345","t":2888.0,"r":2838.0,"q":4.15,"p":65.0,"mot":"U","mo":2838.0},{"ui":"8044841","t":16019.0,"r":16009.0,"q":1.0,"p":55.0,"mot":"U","mo":16009.0},{"ui":"8044327","t":13951.0,"r":13951.0,"q":4.34,"p":1700.0,"mot":"L","mo":13951.0},{"cn":"","ui":"","t":4026.0,"r":581.0,"q":1.94,"p":54.67,"mot":"L","mo":581.0}]},{"d":"11.02.2017","r":12210.0,"q":3.91,"p":133.04,"s":[{"ui":"8045345","t":12221.0,"r":11971.0,"q":3.91,"p":135.0,"mot":"U","mo":11971.0},{"cn":"","ui":"","t":1695.0,"r":239.0,"q":3.99,"p":35.0,"mot":"L","mo":239.0}]},{"d":"12.02.2017","r":34087.0,"q":3.78,"p":126.74,"s":[{"ui":"8045345","t":28819.0,"r":28264.0,"q":3.93,"p":135.0,"mot":"U","mo":28264.0},{"ui":"8047946","t":2284.0,"r":2084.0,"q":3.05,"p":65.0,"mot":"U","mo":2084.0},{"ui":"8047617","t":3500.0,"r":3500.0,"q":2.95,"p":100.0,"mot":"U","mo":3500.0},{"cn":"","ui":"","t":13031.0,"r":239.0,"q":4.22,"p":80.0,"mot":"L","mo":239.0}]},{"d":"13.02.2017","r":13038.0,"q":3.98,"p":101.64,"s":[{"ui":"8046884","t":14387.0,"r":12017.0,"q":4.2,"p":85.0,"mot":"U","mo":12017.0},{"ui":"8047946","t":921.0,"r":921.0,"q":1.08,"p":320.0,"mot":"U","mo":921.0},{"cn":"","ui":"","t":5560.0,"r":100.0,"q":4.8,"p":90.0,"mot":"L","mo":100.0}]},{"d":"14.02.2017","r":10437.0,"q":1.72,"p":86.08,"s":[{"ui":"8049633","t":7366.0,"r":7026.0,"q":1.94,"p":85.0,"mot":"U","mo":7026.0},{"ui":"8049097","t":3328.0,"r":3122.0,"q":1.0,"p":90.0,"mot":"U","mo":3122.0},{"cn":"","ui":"","t":3379.0,"r":289.0,"q":3.98,"p":70.0,"mot":"L","mo":289.0}]},{"d":"15.02.2017","r":137.0,"q":1.9,"p":87.37,"s":[{"ui":"8049633","t":1124.0,"r":72.0,"q":1.81,"p":85.0,"mot":"U","mo":72.0},{"ui":"8049097","t":1065.0,"r":65.0,"q":1.99,"p":90.0,"mot":"U","mo":65.0},{"cn":"","ui":"","t":0.0,"r":0.0,"q":0.0,"p":0.0,"mot":"L","mo":0.0}]},{"d":"16.02.2017","r":22001.0,"q":2.35,"p":112.29,"s":[{"ui":"8051811","t":10300.0,"r":10300.0,"q":1.0,"p":80.0,"mot":"U","mo":10300.0},{"ui":"8052254","t":6830.0,"r":6430.0,"q":3.23,"p":190.0,"mot":"U","mo":6430.0},{"ui":"8052360","t":4568.0,"r":4556.0,"q":3.81,"p":65.0,"mot":"U","mo":4556.0},{"cn":"","ui":"","t":715.0,"r":715.0,"q":4.52,"p":180.0,"mot":"L","mo":715.0}]},{"d":"17.02.2017","r":26388.0,"q":3.89,"p":128.9,"s":[{"ui":"8053655","t":2744.0,"r":2293.0,"q":2.97,"p":59.0,"mot":"U","mo":2293.0},{"ui":"8053229","t":2238.0,"r":2123.0,"q":2.42,"p":110.0,"mot":"U","mo":2123.0},{"ui":"8052254","t":7023.0,"r":4158.0,"q":4.38,"p":190.0,"mot":"U","mo":4158.0},{"ui":"8053071","t":4580.0,"r":3730.0,"q":4.37,"p":125.0,"mot":"U","mo":3730.0},{"ui":"8053360","t":18639.0,"r":18639.0,"q":3.69,"p":400.0,"mot":"L","mo":3000.0},{"ui":"8052360","t":11096.0,"r":11084.0,"q":4.08,"p":52.0,"mot":"U","mo":11084.0},{"cn":"","ui":"","t":0.0,"r":0.0,"q":0.0,"p":0.0,"mot":"L","mo":0.0}]},{"d":"18.02.2017","r":14849.0,"q":4.27,"p":164.86,"s":[{"ui":"8052254","t":14598.0,"r":11648.0,"q":4.4,"p":190.0,"mot":"U","mo":11648.0},{"ui":"8052360","t":2554.0,"r":2542.0,"q":4.2,"p":65.0,"mot":"U","mo":2542.0},{"cn":"","ui":"","t":2199.0,"r":659.0,"q":2.29,"p":105.66,"mot":"L","mo":659.0}]},{"d":"19.02.2017","r":2096.0,"q":2.41,"p":111.98,"s":[{"ui":"8055615","t":1490.0,"r":1490.0,"q":2.39,"p":124.99,"mot":"L","mo":1490.0},{"ui":"8056926","t":2506.0,"r":606.0,"q":2.47,"p":80.0,"mot":"U","mo":606.0},{"cn":"","ui":"","t":0.0,"r":0.0,"q":0.0,"p":0.0,"mot":"L","mo":0.0}]},{"d":"20.02.2017","r":50.0,"q":2.39,"p":124.99,"s":[{"ui":"8055615","t":110.0,"r":50.0,"q":2.39,"p":124.99,"mot":"L","mo":50.0},{"cn":"","ui":"","t":0.0,"r":0.0,"q":0.0,"p":0.0,"mot":"L","mo":0.0}]},{"d":"21.02.2017","r":4606.0,"q":2.68,"p":144.09,"s":[{"ui":"8059608","t":2631.0,"r":1981.0,"q":4.15,"p":70.0,"mot":"U","mo":1981.0},{"ui":"8060517","t":2625.0,"r":2625.0,"q":1.57,"p":200.0,"mot":"U","mo":2625.0},{"cn":"","ui":"","t":0.0,"r":0.0,"q":0.0,"p":0.0,"mot":"L","mo":0.0}]},{"d":"22.02.2017","r":1405.0,"q":3.73,"p":81.27,"s":[{"ui":"8060801","t":888.0,"r":888.0,"q":4.06,"p":100.0,"mot":"U","mo":888.0},{"ui":"8058744","t":722.0,"r":517.0,"q":3.17,"p":49.1,"mot":"U","mo":517.0},{"cn":"","ui":"","t":0.0,"r":0.0,"q":0.0,"p":0.0,"mot":"L","mo":0.0}]},{"d":"23.02.2017","r":1510.0,"q":4.23,"p":70.0,"s":[{"ui":"8059608","t":29919.0,"r":1510.0,"q":4.23,"p":70.0,"mot":"U","mo":1510.0},{"cn":"","ui":"","t":0.0,"r":0.0,"q":0.0,"p":0.0,"mot":"L","mo":0.0}]},{"d":"24.02.2017","r":10024.0,"q":1.67,"p":83.49,"s":[{"ui":"8063929","t":30768.0,"r":22168.0,"q":1.74,"p":80.0,"mot":"L","mo":5000.0},{"ui":"8064939","t":4024.0,"r":4024.0,"q":1.0,"p":80.0,"mot":"U","mo":4024.0},{"cn":"","ui":"","t":11620.0,"r":1000.0,"q":4.05,"p":115.0,"mot":"L","mo":1000.0}]},{"d":"25.02.2017","r":100.0,"q":3.57,"p":100.0,"s":[{"ui":"8063092","t":8877.0,"r":8877.0,"q":3.57,"p":100.0,"mot":"L","mo":100.0},{"cn":"","ui":"","t":0.0,"r":0.0,"q":0.0,"p":0.0,"mot":"L","mo":0.0}]},{"d":"26.02.2017","r":7739.0,"q":3.63,"p":84.25,"s":[{"ui":"8067228","t":3070.0,"r":3070.0,"q":3.08,"p":50.0,"mot":"L","mo":2000.0},{"ui":"8067758","t":1656.0,"r":1656.0,"q":4.93,"p":65.0,"mot":"L","mo":600.0},{"ui":"8067163","t":4875.0,"r":4675.0,"q":3.8,"p":99.99,"mot":"U","mo":4675.0},{"ui":"8067583","t":971.0,"r":421.0,"q":2.44,"p":100.0,"mot":"U","mo":421.0},{"cn":"","ui":"","t":1043.0,"r":43.0,"q":3.74,"p":80.0,"mot":"L","mo":43.0}]},{"d":"27.02.2017","r":2081.0,"q":3.33,"p":80.0,"s":[{"ui":"8069078","t":2096.0,"r":2081.0,"q":3.33,"p":80.0,"mot":"U","mo":2081.0},{"cn":"","ui":"","t":0.0,"r":0.0,"q":0.0,"p":0.0,"mot":"L","mo":0.0}]},{"d":"28.02.2017","r":1100.0,"q":4.3,"p":84.54,"s":[{"ui":"8069953","t":4885.0,"r":4785.0,"q":1.87,"p":110.0,"mot":"L","mo":100.0},{"ui":"8068153","t":12884.0,"r":12659.0,"q":4.54,"p":81.99,"mot":"L","mo":1000.0},{"cn":"","ui":"","t":0.0,"r":0.0,"q":0.0,"p":0.0,"mot":"L","mo":0.0}]},{"d":"01.03.2017","r":5578.0,"q":4.45,"p":36.9,"s":[{"ui":"8069756","t":2207.0,"r":1584.0,"q":3.32,"p":30.0,"mot":"U","mo":1584.0},{"ui":"8072235","t":2743.0,"r":2743.0,"q":5.21,"p":38.0,"mot":"U","mo":2743.0},{"ui":"8069584","t":2079.0,"r":1015.0,"q":4.16,"p":46.28,"mot":"U","mo":1015.0},{"cn":"","ui":"","t":936.0,"r":236.0,"q":4.52,"p":30.0,"mot":"L","mo":236.0}]},{"d":"02.03.2017","r":1971.0,"q":4.23,"p":272.26,"s":[{"ui":"8069756","t":1900.0,"r":1900.0,"q":4.21,"p":280.0,"mot":"U","mo":1900.0},{"cn":"","ui":"","t":1101.0,"r":71.0,"q":4.79,"p":65.0,"mot":"L","mo":71.0}]},{"d":"03.03.2017","r":7432.0,"q":4.45,"p":150.95,"s":[{"cn":"E.T.R.E.U.M.","ui":"8075027","t":1118.0,"r":969.0,"q":4.37,"p":164.06,"mot":"L","mo":500.0},{"cn":"LEARN IND","ui":"8074300","t":7272.0,"r":6932.0,"q":4.46,"p":150.0,"mot":"U","mo":6932.0},{"cn":"","ui":"","t":0.0,"r":0.0,"q":0.0,"p":0.0,"mot":"L","mo":0.0}]},{"d":"04.03.2017","r":28201.0,"q":4.77,"p":188.16,"s":[{"cn":"Production Plus+","ui":"8075832","t":31759.0,"r":27459.0,"q":4.81,"p":190.0,"mot":"U","mo":27459.0},{"cn":"","ui":"","t":1792.0,"r":742.0,"q":3.47,"p":120.0,"mot":"L","mo":742.0}]},{"d":"05.03.2017","r":10005.0,"q":5.23,"p":256.38,"s":[{"cn":"IHINLAHTI","ui":"8076731","t":2539.0,"r":1239.0,"q":5.25,"p":160.0,"mot":"U","mo":1239.0},{"cn":"Inko","ui":"8077444","t":8766.0,"r":8766.0,"q":5.23,"p":270.0,"mot":"U","mo":8766.0},{"cn":"","ui":"","t":0.0,"r":0.0,"q":0.0,"p":0.0,"mot":"L","mo":0.0}]},{"d":"06.03.2017","r":86142.0,"q":3.14,"p":165.77,"s":[{"cn":"Production Plus+","ui":"8075832","t":57765.0,"r":56165.0,"q":3.97,"p":190.0,"mot":"U","mo":56165.0},{"cn":"Production Plus+","ui":"8075834","t":33045.0,"r":29695.0,"q":1.55,"p":120.0,"mot":"U","mo":29695.0},{"cn":"","ui":"","t":3032.0,"r":282.0,"q":5.26,"p":160.0,"mot":"L","mo":282.0}]},{"d":"07.03.2017","r":5214.0,"q":3.84,"p":226.48,"s":[{"cn":"Bloodylord2011 Инвест","ui":"8077622","t":4714.0,"r":4714.0,"q":3.8,"p":240.0,"mot":"U","mo":4714.0},{"cn":"raphell.ltd","ui":"8080170","t":2192.0,"r":1942.0,"q":4.18,"p":99.0,"mot":"L","mo":500.0},{"cn":"","ui":"","t":0.0,"r":0.0,"q":0.0,"p":0.0,"mot":"L","mo":0.0}]},{"d":"10.03.2017","r":1947.0,"q":3.63,"p":90.0,"s":[{"cn":"relicton Финанс","ui":"8082744","t":2622.0,"r":1947.0,"q":3.63,"p":90.0,"mot":"U","mo":1947.0},{"cn":"","ui":"","t":0.0,"r":0.0,"q":0.0,"p":0.0,"mot":"L","mo":0.0}]},{"d":"11.03.2017","r":20101.0,"q":3.89,"p":169.63,"s":[{"cn":"E.T.R.E.U.M.","ui":"8084216","t":8486.0,"r":7996.0,"q":4.32,"p":140.0,"mot":"U","mo":7996.0},{"cn":"Трон","ui":"8083377","t":10440.0,"r":7290.0,"q":3.5,"p":180.0,"mot":"U","mo":7290.0},{"cn":"Десяк Инвест","ui":"8083844","t":4340.0,"r":3740.0,"q":4.26,"p":200.0,"mot":"L","mo":3740.0},{"cn":"","ui":"","t":4618.0,"r":1075.0,"q":2.04,"p":213.95,"mot":"L","mo":1075.0}]},{"d":"12.03.2017","r":24414.0,"q":3.79,"p":146.93,"s":[{"cn":"E.T.R.E.U.M.","ui":"8084216","t":9042.0,"r":7886.0,"q":4.1,"p":95.0,"mot":"U","mo":7886.0},{"cn":"Трон","ui":"8083377","t":10440.0,"r":10440.0,"q":3.5,"p":180.0,"mot":"U","mo":10440.0},{"cn":"Десяк Инвест","ui":"8083844","t":4340.0,"r":4340.0,"q":4.26,"p":200.0,"mot":"L","mo":4000.0},{"cn":"Tungus","ui":"8086135","t":1298.0,"r":1288.0,"q":2.75,"p":61.23,"mot":"U","mo":1288.0},{"cn":"","ui":"","t":17416.0,"r":800.0,"q":3.89,"p":100.0,"mot":"L","mo":800.0}]},{"d":"13.03.2017","r":42902.0,"q":4.21,"p":100.0,"s":[{"cn":"АО \"GG\"","ui":"8086077","t":42952.0,"r":42902.0,"q":4.21,"p":100.0,"mot":"U","mo":42902.0},{"cn":"","ui":"","t":0.0,"r":0.0,"q":0.0,"p":0.0,"mot":"L","mo":0.0}]},{"d":"14.03.2017","r":43743.0,"q":4.05,"p":93.2,"s":[{"cn":"Элит","ui":"8088324","t":4642.0,"r":4642.0,"q":3.52,"p":40.0,"mot":"U","mo":4642.0},{"cn":"АО \"GG\"","ui":"8086077","t":31490.0,"r":29840.0,"q":4.16,"p":100.0,"mot":"U","mo":29840.0},{"cn":"радость","ui":"8088453","t":8587.0,"r":8212.0,"q":4.04,"p":85.0,"mot":"U","mo":8212.0},{"cn":"","ui":"","t":1049.0,"r":1049.0,"q":3.41,"p":199.32,"mot":"L","mo":1049.0}]},{"d":"15.03.2017","r":439.0,"q":1.36,"p":1170.41,"s":[{"cn":"yuraardyako Инвест","ui":"8088705","t":389.0,"r":389.0,"q":1.0,"p":1299.0,"mot":"U","mo":389.0},{"cn":"HSK","ui":"8088379","t":13350.0,"r":13350.0,"q":4.2,"p":170.0,"mot":"L","mo":50.0},{"cn":"","ui":"","t":0.0,"r":0.0,"q":0.0,"p":0.0,"mot":"L","mo":0.0}]},{"d":"16.03.2017","r":799.0,"q":1.31,"p":1181.95,"s":[{"cn":"yuraardyako Инвест","ui":"8088705","t":721.0,"r":721.0,"q":1.0,"p":1299.0,"mot":"U","mo":721.0},{"cn":"E.T.R.E.U.M.","ui":"8091270","t":1078.0,"r":78.0,"q":4.13,"p":100.0,"mot":"U","mo":78.0},{"cn":"","ui":"","t":0.0,"r":0.0,"q":0.0,"p":0.0,"mot":"L","mo":0.0}]},{"d":"17.03.2017","r":3833.0,"q":2.86,"p":192.04,"s":[{"cn":"E.T.R.E.U.M.","ui":"8091270","t":1633.0,"r":1633.0,"q":4.09,"p":113.95,"mot":"U","mo":1633.0},{"cn":"Yamkovenko Финанс","ui":"8091955","t":2200.0,"r":2200.0,"q":1.94,"p":250.0,"mot":"U","mo":2200.0},{"cn":"","ui":"","t":0.0,"r":0.0,"q":0.0,"p":0.0,"mot":"L","mo":0.0}]},{"d":"18.03.2017","r":12761.0,"q":1.35,"p":283.12,"s":[{"cn":"Julia_KB","ui":"8092689","t":8600.0,"r":8600.0,"q":1.0,"p":350.0,"mot":"U","mo":8600.0},{"cn":"МАО","ui":"8092734","t":3090.0,"r":3025.0,"q":4.19,"p":202.2,"mot":"L","mo":800.0},{"cn":"a","ui":"8092390","t":1311.0,"r":1261.0,"q":2.47,"p":150.0,"mot":"U","mo":1261.0},{"cn":"Десяк Инвест","ui":"8093155","t":2100.0,"r":2100.0,"q":1.05,"p":120.0,"mot":"U","mo":2100.0},{"cn":"","ui":"","t":0.0,"r":0.0,"q":0.0,"p":0.0,"mot":"L","mo":0.0}]},{"d":"20.03.2017","r":53900.0,"q":1.53,"p":279.41,"s":[{"cn":"Julia_KB","ui":"8092689","t":32900.0,"r":32900.0,"q":1.0,"p":300.0,"mot":"U","mo":32900.0},{"cn":"Evolution Corp.","ui":"8093727","t":34778.0,"r":34778.0,"q":2.42,"p":250.0,"mot":"L","mo":20000.0},{"cn":"","ui":"","t":7800.0,"r":1000.0,"q":1.0,"p":190.0,"mot":"L","mo":1000.0}]},{"d":"21.03.2017","r":6000.0,"q":1.0,"p":123.0,"s":[{"cn":"Тютюшкин Ltd.","ui":"8096652","t":6000.0,"r":6000.0,"q":1.0,"p":123.0,"mot":"U","mo":6000.0},{"cn":"","ui":"","t":0.0,"r":0.0,"q":0.0,"p":0.0,"mot":"L","mo":0.0}]},{"d":"23.03.2017","r":3480.0,"q":2.11,"p":100.0,"s":[{"cn":"Fresco","ui":"8098805","t":3480.0,"r":3480.0,"q":2.11,"p":100.0,"mot":"U","mo":3480.0},{"cn":"","ui":"","t":0.0,"r":0.0,"q":0.0,"p":0.0,"mot":"L","mo":0.0}]},{"d":"24.03.2017","r":11635.0,"q":3.62,"p":105.11,"s":[{"cn":"Fresco","ui":"8098805","t":3370.0,"r":3365.0,"q":2.11,"p":100.0,"mot":"U","mo":3365.0},{"cn":"ArsPensInc.","ui":"8100129","t":2838.0,"r":2388.0,"q":4.16,"p":50.99,"mot":"U","mo":2388.0},{"cn":"DHARMA Initiative","ui":"8097454","t":5922.0,"r":5882.0,"q":4.26,"p":130.0,"mot":"U","mo":5882.0},{"cn":"","ui":"","t":0.0,"r":0.0,"q":0.0,"p":0.0,"mot":"L","mo":0.0}]},{"d":"26.03.2017","r":6100.0,"q":3.68,"p":800.0,"s":[{"cn":"Denim","ui":"8100769","t":6260.0,"r":6100.0,"q":3.68,"p":800.0,"mot":"U","mo":6100.0},{"cn":"","ui":"","t":0.0,"r":0.0,"q":0.0,"p":0.0,"mot":"L","mo":0.0}]},{"d":"27.03.2017","r":12378.0,"q":3.62,"p":172.43,"s":[{"cn":"Denim","ui":"8100769","t":10214.0,"r":9004.0,"q":3.33,"p":220.0,"mot":"U","mo":9004.0},{"cn":"Manuelj_19 Finance","ui":"8103748","t":3424.0,"r":3374.0,"q":4.39,"p":45.5,"mot":"U","mo":3374.0},{"cn":"","ui":"","t":0.0,"r":0.0,"q":0.0,"p":0.0,"mot":"L","mo":0.0}]},{"d":"28.03.2017","r":3629.0,"q":2.96,"p":231.87,"s":[{"cn":"Virtucon","ui":"8105606","t":789.0,"r":789.0,"q":4.74,"p":50.0,"mot":"U","mo":789.0},{"cn":"AlievNail Инвест","ui":"8102577","t":1000.0,"r":1000.0,"q":1.0,"p":250.0,"mot":"U","mo":1000.0},{"cn":"Datalytix","ui":"8104359","t":1840.0,"r":1840.0,"q":3.27,"p":300.0,"mot":"U","mo":1840.0},{"cn":"","ui":"","t":0.0,"r":0.0,"q":0.0,"p":0.0,"mot":"L","mo":0.0}]},{"d":"31.03.2017","r":49035.0,"q":4.11,"p":60.0,"s":[{"cn":"Denim","ui":"8105740","t":48245.0,"r":45545.0,"q":4.14,"p":60.0,"mot":"U","mo":45545.0},{"cn":"HIZO inc","ui":"8107343","t":3510.0,"r":3490.0,"q":3.66,"p":60.0,"mot":"U","mo":3490.0},{"cn":"","ui":"","t":0.0,"r":0.0,"q":0.0,"p":0.0,"mot":"L","mo":0.0}]},{"d":"01.04.2017","r":936.0,"q":4.22,"p":388.5,"s":[{"cn":"GpEs","ui":"8107104","t":736.0,"r":736.0,"q":4.73,"p":440.0,"mot":"U","mo":736.0},{"cn":"MILUPA","ui":"8106941","t":3500.0,"r":3500.0,"q":2.35,"p":199.0,"mot":"L","mo":200.0},{"cn":"","ui":"","t":0.0,"r":0.0,"q":0.0,"p":0.0,"mot":"L","mo":0.0}]},{"d":"02.04.2017","r":3723.0,"q":3.63,"p":110.04,"s":[{"cn":"Hizo inc","ui":"8109086","t":3231.0,"r":2231.0,"q":4.25,"p":90.0,"mot":"U","mo":2231.0},{"cn":"Экранофт","ui":"8110586","t":1492.0,"r":1492.0,"q":2.7,"p":140.0,"mot":"U","mo":1492.0},{"cn":"","ui":"","t":0.0,"r":0.0,"q":0.0,"p":0.0,"mot":"L","mo":0.0}]},{"d":"03.04.2017","r":2493.0,"q":1.49,"p":162.35,"s":[{"cn":"Predator","ui":"8110161","t":2213.0,"r":2213.0,"q":1.24,"p":150.0,"mot":"U","mo":2213.0},{"cn":"BuffettGraham Limited","ui":"8111156","t":1359.0,"r":1119.0,"q":3.47,"p":260.0,"mot":"L","mo":280.0},{"cn":"","ui":"","t":0.0,"r":0.0,"q":0.0,"p":0.0,"mot":"L","mo":0.0}]},{"d":"04.04.2017","r":28.0,"q":1.0,"p":1000.0,"s":[{"cn":"weberbm2005 Limited","ui":"8112449","t":28.0,"r":28.0,"q":1.0,"p":1000.0,"mot":"U","mo":28.0},{"cn":"","ui":"","t":0.0,"r":0.0,"q":0.0,"p":0.0,"mot":"L","mo":0.0}]},{"d":"05.04.2017","r":3200.0,"q":2.95,"p":58.0,"s":[{"cn":"eDem Inc","ui":"8113003","t":3200.0,"r":3200.0,"q":2.95,"p":58.0,"mot":"L","mo":3200.0},{"cn":"","ui":"","t":0.0,"r":0.0,"q":0.0,"p":0.0,"mot":"L","mo":0.0}]},{"d":"06.04.2017","r":1738.0,"q":3.39,"p":30.0,"s":[{"cn":"syedamanfirdaus Limited","ui":"8114359","t":1748.0,"r":1738.0,"q":3.39,"p":30.0,"mot":"U","mo":1738.0},{"cn":"","ui":"","t":0.0,"r":0.0,"q":0.0,"p":0.0,"mot":"L","mo":0.0}]},{"d":"09.04.2017","r":7065.0,"q":4.35,"p":95.0,"s":[{"cn":"z2206 Компани","ui":"8116202","t":7065.0,"r":7065.0,"q":4.35,"p":95.0,"mot":"U","mo":7065.0},{"cn":"","ui":"","t":0.0,"r":0.0,"q":0.0,"p":0.0,"mot":"L","mo":0.0}]},{"d":"10.04.2017","r":3600.0,"q":2.98,"p":5.0,"s":[{"cn":"mr.p.i.96 Финанс","ui":"8120338","t":3500.0,"r":3500.0,"q":2.98,"p":5.0,"mot":"U","mo":3500.0},{"cn":"","ui":"","t":3400.0,"r":100.0,"q":2.95,"p":5.0,"mot":"L","mo":100.0}]},{"d":"11.04.2017","r":10449.0,"q":4.42,"p":177.66,"s":[{"cn":"mr.p.i.96 Финанс","ui":"8120338","t":6397.0,"r":6397.0,"q":4.56,"p":250.0,"mot":"U","mo":6397.0},{"cn":"Eycorn Invest","ui":"8121731","t":3452.0,"r":3452.0,"q":4.36,"p":70.0,"mot":"U","mo":3452.0},{"cn":"","ui":"","t":5044.0,"r":600.0,"q":3.22,"p":25.83,"mot":"L","mo":600.0}]},{"d":"12.04.2017","r":1500.0,"q":3.75,"p":99.0,"s":[{"cn":"AOAF Limited","ui":"8122426","t":2424.0,"r":2424.0,"q":3.75,"p":99.0,"mot":"L","mo":1500.0},{"cn":"","ui":"","t":0.0,"r":0.0,"q":0.0,"p":0.0,"mot":"L","mo":0.0}]},{"d":"13.04.2017","r":1505.0,"q":2.09,"p":98.9,"s":[{"cn":"AOAF Limited","ui":"8122426","t":2091.0,"r":2091.0,"q":2.09,"p":99.0,"mot":"L","mo":1500.0},{"cn":"","ui":"","t":5.0,"r":5.0,"q":2.5,"p":70.0,"mot":"L","mo":5.0}]},{"d":"14.04.2017","r":5994.0,"q":4.27,"p":76.91,"s":[{"cn":"LEL INC","ui":"8124790","t":3908.0,"r":3708.0,"q":4.5,"p":75.0,"mot":"U","mo":3708.0},{"cn":"relicton Финанс","ui":"8125002","t":2486.0,"r":2286.0,"q":3.89,"p":80.0,"mot":"U","mo":2286.0},{"cn":"","ui":"","t":0.0,"r":0.0,"q":0.0,"p":0.0,"mot":"L","mo":0.0}]},{"d":"15.04.2017","r":17035.0,"q":4.13,"p":161.85,"s":[{"cn":"Erycorn Invest","ui":"8126177","t":3514.0,"r":2764.0,"q":4.6,"p":75.0,"mot":"U","mo":2764.0},{"cn":"LEL INC","ui":"8124790","t":8418.0,"r":8368.0,"q":4.37,"p":150.0,"mot":"U","mo":8368.0},{"cn":"хрен","ui":"8125461","t":5654.0,"r":5614.0,"q":3.54,"p":227.0,"mot":"U","mo":5614.0},{"cn":"","ui":"","t":6687.0,"r":289.0,"q":4.05,"p":70.0,"mot":"L","mo":289.0}]},{"d":"16.04.2017","r":27343.0,"q":3.67,"p":170.16,"s":[{"cn":"хрен","ui":"8125461","t":9348.0,"r":9308.0,"q":3.31,"p":227.0,"mot":"U","mo":9308.0},{"cn":"Erycorn Invest","ui":"8126177","t":3087.0,"r":2067.0,"q":4.23,"p":75.0,"mot":"U","mo":2067.0},{"cn":"LEL INC","ui":"8124790","t":7968.0,"r":7968.0,"q":4.37,"p":150.0,"mot":"U","mo":7968.0},{"cn":"CristiKas Incorporated","ui":"8125862","t":9363.0,"r":9363.0,"q":3.23,"p":148.7,"mot":"L","mo":8000.0},{"cn":"","ui":"","t":0.0,"r":0.0,"q":0.0,"p":0.0,"mot":"L","mo":0.0}]},{"d":"17.04.2017","r":20695.0,"q":3.16,"p":189.01,"s":[{"cn":"Erycorn Invest","ui":"8126177","t":2051.0,"r":1051.0,"q":3.91,"p":75.0,"mot":"U","mo":1051.0},{"cn":"хрен","ui":"8125461","t":11684.0,"r":11644.0,"q":3.05,"p":227.0,"mot":"U","mo":11644.0},{"cn":"CristiKas Incorporated","ui":"8125862","t":9927.0,"r":9887.0,"q":3.23,"p":148.7,"mot":"L","mo":8000.0},{"cn":"","ui":"","t":0.0,"r":0.0,"q":0.0,"p":0.0,"mot":"L","mo":0.0}]},{"d":"27.04.2017","r":1068.0,"q":4.13,"p":80.0,"s":[{"cn":"Calvo Figorelli Invest","ui":"8139229","t":1073.0,"r":1068.0,"q":4.13,"p":80.0,"mot":"U","mo":1068.0},{"cn":"","ui":"","t":0.0,"r":0.0,"q":0.0,"p":0.0,"mot":"L","mo":0.0}]},{"d":"28.04.2017","r":3373.0,"q":3.97,"p":343.45,"s":[{"cn":"Calvo Figorelli Invest","ui":"8139229","t":3573.0,"r":3373.0,"q":3.97,"p":343.45,"mot":"U","mo":3373.0},{"cn":"","ui":"","t":0.0,"r":0.0,"q":0.0,"p":0.0,"mot":"L","mo":0.0}]},{"d":"02.05.2017","r":11464.0,"q":3.71,"p":20597.6,"s":[{"cn":"Lifecom Инвест","ui":"8143284","t":2539.0,"r":2109.0,"q":4.36,"p":111165.0,"mot":"U","mo":2109.0},{"cn":"Korabkov inc.","ui":"8143426","t":9445.0,"r":9355.0,"q":3.56,"p":180.0,"mot":"U","mo":9355.0},{"cn":"","ui":"","t":0.0,"r":0.0,"q":0.0,"p":0.0,"mot":"L","mo":0.0}]},{"d":"03.05.2017","r":18962.0,"q":4.11,"p":60869.44,"s":[{"cn":"Lifecom Инвест","ui":"8143284","t":10395.0,"r":10375.0,"q":4.14,"p":111165.0,"mot":"U","mo":10375.0},{"cn":"Urbamet SRL","ui":"8144517","t":8420.0,"r":8230.0,"q":4.08,"p":100.0,"mot":"U","mo":8230.0},{"cn":"","ui":"","t":635.0,"r":357.0,"q":3.94,"p":130.0,"mot":"L","mo":357.0}]},{"d":"04.05.2017","r":32870.0,"q":3.67,"p":51607.39,"s":[{"cn":"sax-com82 Инвест","ui":"8146145","t":3463.0,"r":3463.0,"q":2.58,"p":280.0,"mot":"U","mo":3463.0},{"cn":"Lifecom Инвест","ui":"8143284","t":15238.0,"r":15238.0,"q":3.81,"p":111165.0,"mot":"U","mo":15238.0},{"cn":"Urbamet SRL","ui":"8144517","t":13820.0,"r":13630.0,"q":3.76,"p":100.0,"mot":"U","mo":13630.0},{"cn":"","ui":"","t":839.0,"r":539.0,"q":4.42,"p":130.0,"mot":"L","mo":539.0}]},{"d":"06.05.2017","r":7894.0,"q":2.01,"p":150.0,"s":[{"cn":"sax-com82 Инвест","ui":"8146145","t":7894.0,"r":7894.0,"q":2.01,"p":150.0,"mot":"U","mo":7894.0},{"cn":"","ui":"","t":0.0,"r":0.0,"q":0.0,"p":0.0,"mot":"L","mo":0.0}]},{"d":"08.05.2017","r":1042.0,"q":4.06,"p":230.0,"s":[{"cn":"Ирина","ui":"8150544","t":1042.0,"r":1042.0,"q":4.06,"p":230.0,"mot":"U","mo":1042.0},{"cn":"","ui":"","t":0.0,"r":0.0,"q":0.0,"p":0.0,"mot":"L","mo":0.0}]},{"d":"09.05.2017","r":4037.0,"q":2.85,"p":225.45,"s":[{"cn":"Ирина","ui":"8150544","t":3763.0,"r":3763.0,"q":2.99,"p":230.0,"mot":"U","mo":3763.0},{"cn":"faxoj Инвест","ui":"8148855","t":274.0,"r":274.0,"q":1.0,"p":163.0,"mot":"L","mo":274.0},{"cn":"","ui":"","t":0.0,"r":0.0,"q":0.0,"p":0.0,"mot":"L","mo":0.0}]},{"d":"10.05.2017","r":5035.0,"q":3.21,"p":230.0,"s":[{"cn":"Ирина","ui":"8150544","t":5035.0,"r":5035.0,"q":3.21,"p":230.0,"mot":"U","mo":5035.0},{"cn":"","ui":"","t":0.0,"r":0.0,"q":0.0,"p":0.0,"mot":"L","mo":0.0}]},{"d":"12.05.2017","r":3914.0,"q":2.71,"p":250.0,"s":[{"cn":"КолюняКорпорейшн","ui":"8154101","t":3914.0,"r":3914.0,"q":2.71,"p":250.0,"mot":"U","mo":3914.0},{"cn":"","ui":"","t":0.0,"r":0.0,"q":0.0,"p":0.0,"mot":"L","mo":0.0}]},{"d":"13.05.2017","r":9460.0,"q":2.3,"p":250.0,"s":[{"cn":"КолюняКорпорейшн","ui":"8154101","t":9460.0,"r":9460.0,"q":2.3,"p":250.0,"mot":"U","mo":9460.0},{"cn":"","ui":"","t":0.0,"r":0.0,"q":0.0,"p":0.0,"mot":"L","mo":0.0}]},{"d":"14.05.2017","r":12731.0,"q":2.18,"p":250.0,"s":[{"cn":"КолюняКорпорейшн","ui":"8154101","t":12731.0,"r":12731.0,"q":2.18,"p":250.0,"mot":"U","mo":12731.0},{"cn":"","ui":"","t":0.0,"r":0.0,"q":0.0,"p":0.0,"mot":"L","mo":0.0}]},{"d":"15.05.2017","r":100.0,"q":3.61,"p":280.0,"s":[{"cn":"Ecuador","ui":"8157406","t":4298.0,"r":4248.0,"q":3.61,"p":280.0,"mot":"L","mo":100.0},{"cn":"","ui":"","t":0.0,"r":0.0,"q":0.0,"p":0.0,"mot":"L","mo":0.0}]},{"d":"16.05.2017","r":100.0,"q":3.41,"p":280.0,"s":[{"cn":"Ecuador","ui":"8157406","t":7917.0,"r":7867.0,"q":3.41,"p":280.0,"mot":"L","mo":100.0},{"cn":"","ui":"","t":0.0,"r":0.0,"q":0.0,"p":0.0,"mot":"L","mo":0.0}]},{"d":"17.05.2017","r":100.0,"q":3.16,"p":280.0,"s":[{"cn":"Ecuador","ui":"8157406","t":10448.0,"r":10398.0,"q":3.16,"p":280.0,"mot":"L","mo":100.0},{"cn":"","ui":"","t":0.0,"r":0.0,"q":0.0,"p":0.0,"mot":"L","mo":0.0}]},{"d":"21.05.2017","r":7725.0,"q":2.87,"p":230.0,"s":[{"cn":"aqwa","ui":"8163071","t":7725.0,"r":7725.0,"q":2.87,"p":230.0,"mot":"U","mo":7725.0},{"cn":"","ui":"","t":0.0,"r":0.0,"q":0.0,"p":0.0,"mot":"L","mo":0.0}]},{"d":"24.05.2017","r":12778.0,"q":1.57,"p":159.95,"s":[{"cn":"NGX","ui":"8166995","t":11786.0,"r":10236.0,"q":1.0,"p":150.0,"mot":"U","mo":10236.0},{"cn":"ibm","ui":"8167048","t":2642.0,"r":2542.0,"q":3.89,"p":200.0,"mot":"U","mo":2542.0},{"cn":"","ui":"","t":0.0,"r":0.0,"q":0.0,"p":0.0,"mot":"L","mo":0.0}]},{"d":"25.05.2017","r":16843.0,"q":2.45,"p":173.88,"s":[{"cn":"NGX","ui":"8166995","t":11550.0,"r":8700.0,"q":1.0,"p":150.0,"mot":"U","mo":8700.0},{"cn":"ibm","ui":"8167048","t":7743.0,"r":7643.0,"q":3.99,"p":200.0,"mot":"U","mo":7643.0},{"cn":"","ui":"","t":4210.0,"r":500.0,"q":4.08,"p":190.0,"mot":"L","mo":500.0}]},{"d":"26.05.2017","r":8510.0,"q":3.97,"p":199.41,"s":[{"cn":"zeka inc","ui":"8168028","t":15142.0,"r":15042.0,"q":3.71,"p":190.0,"mot":"L","mo":500.0},{"cn":"ibm","ui":"8167048","t":8010.0,"r":8010.0,"q":3.99,"p":200.0,"mot":"U","mo":8010.0},{"cn":"","ui":"","t":0.0,"r":0.0,"q":0.0,"p":0.0,"mot":"L","mo":0.0}]},{"d":"27.05.2017","r":500.0,"q":3.64,"p":190.0,"s":[{"cn":"zeka inc","ui":"8168028","t":15804.0,"r":15504.0,"q":3.64,"p":190.0,"mot":"L","mo":500.0},{"cn":"","ui":"","t":0.0,"r":0.0,"q":0.0,"p":0.0,"mot":"L","mo":0.0}]},{"d":"28.05.2017","r":4456.0,"q":2.81,"p":200.0,"s":[{"cn":"redy111 Инвест","ui":"8171930","t":4456.0,"r":4456.0,"q":2.81,"p":200.0,"mot":"U","mo":4456.0},{"cn":"","ui":"","t":0.0,"r":0.0,"q":0.0,"p":0.0,"mot":"L","mo":0.0}]},{"d":"29.05.2017","r":0.0,"q":0.0,"p":0.0,"s":[{"cn":"","ui":"","t":0.0,"r":0.0,"q":0.0,"p":0.0,"mot":"L","mo":0.0}]}]