[{"pi":"423722","pc":"Детские товары","ss":10000,"td":"Фешенебельный район","dc":5,"n":506.26,"vc":"около 5 000","sl":"Элитный","sv":"около 5 000","p":500.0,"q":80.9,"b":0.0,"ms":2.96,"wi":54.63,"ei":7.04,"as":244.7,"mi":"E","mv":169119,"sc":1,"lpe":97.04,"lpr":685.87,"lq":1.0},{"pi":"423722","pc":"Детские товары","ss":10000,"td":"Фешенебельный район","dc":5,"n":506.26,"vc":"около 5 000","sl":"Элитный","sv":"около 5 000","p":500.0,"q":80.9,"b":0.0,"ms":2.96,"wi":54.63,"ei":7.04,"as":244.7,"mi":"E","mv":169119,"sc":1,"lpe":97.04,"lpr":685.87,"lq":1.0},{"pi":"423722","pc":"Детские товары","ss":10000,"td":"Фешенебельный район","dc":5,"n":506.26,"vc":"около 5 000","sl":"Элитный","sv":"около 5 000","p":500.0,"q":80.9,"b":0.0,"ms":2.96,"wi":54.63,"ei":7.04,"as":244.7,"mi":"E","mv":169119,"sc":1,"lpe":97.04,"lpr":685.87,"lq":1.0},{"pi":"423722","pc":"Детские товары","ss":10000,"td":"Фешенебельный район","dc":5,"n":506.26,"vc":"около 5 000","sl":"Элитный","sv":"около 5 000","p":500.0,"q":80.9,"b":0.0,"ms":2.96,"wi":54.63,"ei":7.04,"as":244.7,"mi":"E","mv":169119,"sc":1,"lpe":97.04,"lpr":685.87,"lq":1.0},{"pi":"423722","pc":"Детские товары","ss":10000,"td":"Фешенебельный район","dc":5,"n":506.26,"vc":"около 5 000","sl":"Элитный","sv":"около 5 000","p":500.0,"q":80.9,"b":0.0,"ms":2.96,"wi":54.63,"ei":7.04,"as":244.7,"mi":"E","mv":169119,"sc":1,"lpe":97.04,"lpr":685.87,"lq":1.0},{"pi":"423722","pc":"Детские товары","ss":10000,"td":"Фешенебельный район","dc":5,"n":506.26,"vc":"около 5 000","sl":"Элитный","sv":"около 5 000","p":500.0,"q":80.9,"b":0.0,"ms":2.96,"wi":54.63,"ei":7.04,"as":244.7,"mi":"E","mv":169119,"sc":1,"lpe":97.04,"lpr":685.87,"lq":1.0},{"pi":"423722","pc":"Детские товары","ss":10000,"td":"Фешенебельный район","dc":5,"n":506.26,"vc":"около 5 000","sl":"Элитный","sv":"около 5 000","p":500.0,"q":80.9,"b":0.0,"ms":2.96,"wi":54.63,"ei":7.04,"as":244.7,"mi":"E","mv":169119,"sc":1,"lpe":97.04,"lpr":685.87,"lq":1.0},{"pi":"423722","pc":"Детские товары","ss":10000,"td":"Фешенебельный район","dc":5,"n":506.26,"vc":"около 5 000","sl":"Элитный","sv":"около 5 000","p":500.0,"q":80.9,"b":0.0,"ms":2.96,"wi":54.63,"ei":7.04,"as":244.7,"mi":"E","mv":169119,"sc":1,"lpe":97.04,"lpr":685.87,"lq":1.0},{"pi":"423722","pc":"Детские товары","ss":10000,"td":"Фешенебельный район","dc":5,"n":506.26,"vc":"около 5 000","sl":"Элитный","sv":"около 5 000","p":500.0,"q":80.9,"b":0.0,"ms":2.96,"wi":54.63,"ei":7.04,"as":244.7,"mi":"E","mv":169119,"sc":1,"lpe":97.04,"lpr":685.87,"lq":1.0},{"pi":"423722","pc":"Детские товары","ss":10000,"td":"Фешенебельный район","dc":5,"n":506.26,"vc":"около 5 000","sl":"Элитный","sv":"около 5 000","p":500.0,"q":80.9,"b":0.0,"ms":2.96,"wi":54.63,"ei":7.04,"as":244.7,"mi":"E","mv":169119,"sc":1,"lpe":97.04,"lpr":685.87,"lq":1.0},{"pi":"423722","pc":"Детские товары","ss":10000,"td":"Фешенебельный район","dc":5,"n":506.26,"vc":"около 5 000","sl":"Элитный","sv":"около 5 000","p":500.0,"q":80.9,"b":0.0,"ms":2.96,"wi":54.63,"ei":7.04,"as":244.7,"mi":"E","mv":169119,"sc":1,"lpe":97.04,"lpr":685.87,"lq":1.0},{"pi":"423722","pc":"Детские товары","ss":10000,"td":"Фешенебельный район","dc":5,"n":506.26,"vc":"около 5 000","sl":"Элитный","sv":"около 5 000","p":500.0,"q":80.9,"b":0.0,"ms":2.96,"wi":54.63,"ei":7.04,"as":244.7,"mi":"E","mv":169119,"sc":1,"lpe":97.04,"lpr":685.87,"lq":1.0},{"pi":"423722","pc":"Детские товары","ss":10000,"td":"Фешенебельный район","dc":5,"n":506.26,"vc":"около 5 000","sl":"Элитный","sv":"около 5 000","p":500.0,"q":80.9,"b":0.0,"ms":2.96,"wi":54.63,"ei":7.04,"as":244.7,"mi":"E","mv":169119,"sc":1,"lpe":97.04,"lpr":685.87,"lq":1.0},{"pi":"423722","pc":"Детские товары","ss":10000,"td":"Фешенебельный район","dc":5,"n":506.26,"vc":"около 5 000","sl":"Элитный","sv":"около 5 000","p":500.0,"q":80.9,"b":0.0,"ms":2.96,"wi":54.63,"ei":7.04,"as":244.7,"mi":"E","mv":169119,"sc":1,"lpe":97.04,"lpr":685.87,"lq":1.0},{"pi":"423722","pc":"Детские товары","ss":10000,"td":"Фешенебельный район","dc":5,"n":506.26,"vc":"около 5 000","sl":"Элитный","sv":"около 5 000","p":500.0,"q":80.9,"b":0.0,"ms":2.96,"wi":54.63,"ei":7.04,"as":244.7,"mi":"E","mv":169119,"sc":1,"lpe":97.04,"lpr":685.87,"lq":1.0},{"pi":"423722","pc":"Детские товары","ss":10000,"td":"Фешенебельный район","dc":5,"n":506.26,"vc":"около 5 000","sl":"Элитный","sv":"около 5 000","p":500.0,"q":80.9,"b":0.0,"ms":2.96,"wi":54.63,"ei":7.04,"as":244.7,"mi":"E","mv":169119,"sc":1,"lpe":97.04,"lpr":685.87,"lq":1.0},{"pi":"423722","pc":"Детские товары","ss":10000,"td":"Фешенебельный район","dc":5,"n":506.26,"vc":"около 5 000","sl":"Элитный","sv":"около 5 000","p":500.0,"q":80.9,"b":0.0,"ms":2.96,"wi":54.63,"ei":7.04,"as":244.7,"mi":"E","mv":169119,"sc":1,"lpe":97.04,"lpr":685.87,"lq":1.0},{"pi":"423722","pc":"Детские товары","ss":10000,"td":"Фешенебельный район","dc":5,"n":506.26,"vc":"около 5 000","sl":"Элитный","sv":"около 5 000","p":500.0,"q":80.9,"b":0.0,"ms":2.96,"wi":54.63,"ei":7.04,"as":244.7,"mi":"E","mv":169119,"sc":1,"lpe":97.04,"lpr":685.87,"lq":1.0},{"pi":"423722","pc":"Детские товары","ss":10000,"td":"Фешенебельный район","dc":5,"n":506.26,"vc":"около 5 000","sl":"Элитный","sv":"около 5 000","p":500.0,"q":80.9,"b":0.0,"ms":2.96,"wi":54.63,"ei":7.04,"as":244.7,"mi":"E","mv":169119,"sc":1,"lpe":97.04,"lpr":685.87,"lq":1.0},{"pi":"423722","pc":"Детские товары","ss":10000,"td":"Фешенебельный район","dc":5,"n":506.26,"vc":"около 5 000","sl":"Элитный","sv":"около 5 000","p":500.0,"q":80.9,"b":0.0,"ms":2.96,"wi":54.63,"ei":7.04,"as":244.7,"mi":"E","mv":169119,"sc":1,"lpe":97.04,"lpr":685.87,"lq":1.0},{"pi":"423722","pc":"Детские товары","ss":10000,"td":"Фешенебельный район","dc":5,"n":506.26,"vc":"около 5 000","sl":"Элитный","sv":"около 5 000","p":500.0,"q":80.9,"b":0.0,"ms":2.96,"wi":54.63,"ei":7.04,"as":244.7,"mi":"E","mv":169119,"sc":1,"lpe":97.04,"lpr":685.87,"lq":1.0},{"pi":"423722","pc":"Детские товары","ss":10000,"td":"Фешенебельный район","dc":5,"n":506.26,"vc":"около 5 000","sl":"Элитный","sv":"около 5 000","p":500.0,"q":80.9,"b":0.0,"ms":2.96,"wi":54.63,"ei":7.04,"as":244.7,"mi":"E","mv":169119,"sc":1,"lpe":97.04,"lpr":685.87,"lq":1.0},{"pi":"423722","pc":"Детские товары","ss":10000,"td":"Фешенебельный район","dc":5,"n":506.26,"vc":"около 5 000","sl":"Элитный","sv":"около 5 000","p":500.0,"q":80.9,"b":0.0,"ms":2.96,"wi":54.63,"ei":7.04,"as":244.7,"mi":"E","mv":169119,"sc":1,"lpe":97.04,"lpr":685.87,"lq":1.0},{"pi":"423722","pc":"Детские товары","ss":10000,"td":"Фешенебельный район","dc":5,"n":506.26,"vc":"около 5 000","sl":"Элитный","sv":"около 5 000","p":500.0,"q":80.9,"b":0.0,"ms":2.96,"wi":54.63,"ei":7.04,"as":244.7,"mi":"E","mv":169119,"sc":1,"lpe":97.04,"lpr":685.87,"lq":1.0},{"pi":"423722","pc":"Детские товары","ss":10000,"td":"Фешенебельный район","dc":5,"n":506.26,"vc":"около 5 000","sl":"Элитный","sv":"около 5 000","p":500.0,"q":80.9,"b":0.0,"ms":2.96,"wi":54.63,"ei":7.04,"as":244.7,"mi":"E","mv":169119,"sc":1,"lpe":97.04,"lpr":685.87,"lq":1.0},{"pi":"423722","pc":"Детские товары","ss":10000,"td":"Фешенебельный район","dc":5,"n":506.26,"vc":"около 5 000","sl":"Элитный","sv":"около 5 000","p":500.0,"q":80.9,"b":0.0,"ms":2.96,"wi":54.63,"ei":7.04,"as":244.7,"mi":"E","mv":169119,"sc":1,"lpe":97.04,"lpr":685.87,"lq":1.0},{"pi":"423722","pc":"Детские товары","ss":10000,"td":"Фешенебельный район","dc":5,"n":506.26,"vc":"около 5 000","sl":"Элитный","sv":"около 5 000","p":500.0,"q":80.9,"b":0.0,"ms":2.96,"wi":54.63,"ei":7.04,"as":244.7,"mi":"E","mv":169119,"sc":1,"lpe":97.04,"lpr":685.87,"lq":1.0},{"pi":"423722","pc":"Детские товары","ss":10000,"td":"Фешенебельный район","dc":5,"n":506.26,"vc":"около 5 000","sl":"Элитный","sv":"около 5 000","p":500.0,"q":80.9,"b":0.0,"ms":2.96,"wi":54.63,"ei":7.04,"as":244.7,"mi":"E","mv":169119,"sc":1,"lpe":97.04,"lpr":685.87,"lq":1.0},{"pi":"423722","pc":"Детские товары","ss":10000,"td":"Фешенебельный район","dc":5,"n":506.26,"vc":"около 5 000","sl":"Элитный","sv":"около 5 000","p":500.0,"q":80.9,"b":0.0,"ms":2.96,"wi":54.63,"ei":7.04,"as":244.7,"mi":"E","mv":169119,"sc":1,"lpe":97.04,"lpr":685.87,"lq":1.0},{"pi":"423722","pc":"Детские товары","ss":500,"td":"Фешенебельный район","dc":5,"n":7.8,"vc":"около 50","sl":"Элитный","sv":"около 200","p":1020.0,"q":52.72,"b":0.0,"ms":0.02,"wi":118.26,"ei":5.2,"as":385.0,"mi":"E","mv":984761,"sc":1,"lpe":99.98,"lpr":1014.26,"lq":1.0},{"pi":"423722","pc":"Детские товары","ss":500,"td":"Фешенебельный район","dc":5,"n":7.8,"vc":"около 50","sl":"Элитный","sv":"около 200","p":1020.0,"q":52.72,"b":0.0,"ms":0.02,"wi":118.26,"ei":5.2,"as":385.0,"mi":"E","mv":984761,"sc":1,"lpe":99.98,"lpr":1014.26,"lq":1.0},{"pi":"423722","pc":"Детские товары","ss":500,"td":"Фешенебельный район","dc":5,"n":7.8,"vc":"около 50","sl":"Элитный","sv":"около 200","p":1020.0,"q":52.72,"b":0.0,"ms":0.02,"wi":118.26,"ei":5.2,"as":385.0,"mi":"E","mv":984761,"sc":1,"lpe":99.98,"lpr":1014.26,"lq":1.0},{"pi":"423722","pc":"Детские товары","ss":500,"td":"Фешенебельный район","dc":5,"n":7.8,"vc":"около 50","sl":"Элитный","sv":"около 200","p":1020.0,"q":52.72,"b":0.0,"ms":0.02,"wi":118.26,"ei":5.2,"as":385.0,"mi":"E","mv":984761,"sc":1,"lpe":99.98,"lpr":1014.26,"lq":1.0},{"pi":"423722","pc":"Детские товары","ss":500,"td":"Фешенебельный район","dc":5,"n":7.8,"vc":"около 50","sl":"Элитный","sv":"около 200","p":1020.0,"q":52.72,"b":0.0,"ms":0.02,"wi":118.26,"ei":5.2,"as":385.0,"mi":"E","mv":984761,"sc":1,"lpe":99.98,"lpr":1014.26,"lq":1.0},{"pi":"423722","pc":"Детские товары","ss":500,"td":"Фешенебельный район","dc":5,"n":7.8,"vc":"около 50","sl":"Элитный","sv":"около 200","p":1020.0,"q":52.72,"b":0.0,"ms":0.02,"wi":118.26,"ei":5.2,"as":385.0,"mi":"E","mv":984761,"sc":1,"lpe":99.98,"lpr":1014.26,"lq":1.0},{"pi":"423722","pc":"Детские товары","ss":500,"td":"Фешенебельный район","dc":5,"n":7.8,"vc":"около 50","sl":"Элитный","sv":"около 200","p":1020.0,"q":52.72,"b":0.0,"ms":0.02,"wi":118.26,"ei":5.2,"as":385.0,"mi":"E","mv":984761,"sc":1,"lpe":99.98,"lpr":1014.26,"lq":1.0},{"pi":"423722","pc":"Детские товары","ss":500,"td":"Фешенебельный район","dc":5,"n":7.8,"vc":"около 50","sl":"Элитный","sv":"около 200","p":1020.0,"q":52.72,"b":0.0,"ms":0.02,"wi":118.26,"ei":5.2,"as":385.0,"mi":"E","mv":984761,"sc":1,"lpe":99.98,"lpr":1014.26,"lq":1.0},{"pi":"423722","pc":"Детские товары","ss":500,"td":"Фешенебельный район","dc":5,"n":7.8,"vc":"около 50","sl":"Элитный","sv":"около 200","p":1020.0,"q":52.72,"b":0.0,"ms":0.02,"wi":118.26,"ei":5.2,"as":385.0,"mi":"E","mv":984761,"sc":1,"lpe":99.98,"lpr":1014.26,"lq":1.0},{"pi":"423722","pc":"Детские товары","ss":500,"td":"Фешенебельный район","dc":5,"n":7.8,"vc":"около 50","sl":"Элитный","sv":"около 200","p":1020.0,"q":52.72,"b":0.0,"ms":0.02,"wi":118.26,"ei":5.2,"as":385.0,"mi":"E","mv":984761,"sc":1,"lpe":99.98,"lpr":1014.26,"lq":1.0},{"pi":"423722","pc":"Детские товары","ss":500,"td":"Фешенебельный район","dc":5,"n":7.8,"vc":"около 50","sl":"Элитный","sv":"около 200","p":1020.0,"q":52.72,"b":0.0,"ms":0.02,"wi":118.26,"ei":5.2,"as":385.0,"mi":"E","mv":984761,"sc":1,"lpe":99.98,"lpr":1014.26,"lq":1.0},{"pi":"423722","pc":"Детские товары","ss":500,"td":"Фешенебельный район","dc":5,"n":7.8,"vc":"около 50","sl":"Элитный","sv":"около 200","p":1020.0,"q":52.72,"b":0.0,"ms":0.02,"wi":118.26,"ei":5.2,"as":385.0,"mi":"E","mv":984761,"sc":1,"lpe":99.98,"lpr":1014.26,"lq":1.0},{"pi":"423722","pc":"Детские товары","ss":500,"td":"Фешенебельный район","dc":5,"n":7.8,"vc":"около 50","sl":"Элитный","sv":"около 200","p":1020.0,"q":52.72,"b":0.0,"ms":0.02,"wi":118.26,"ei":5.2,"as":385.0,"mi":"E","mv":984761,"sc":1,"lpe":99.98,"lpr":1014.26,"lq":1.0},{"pi":"423722","pc":"Детские товары","ss":500,"td":"Фешенебельный район","dc":5,"n":7.8,"vc":"около 50","sl":"Элитный","sv":"около 200","p":1020.0,"q":52.72,"b":0.0,"ms":0.02,"wi":118.26,"ei":5.2,"as":385.0,"mi":"E","mv":984761,"sc":1,"lpe":99.98,"lpr":1014.26,"lq":1.0},{"pi":"423722","pc":"Детские товары","ss":500,"td":"Фешенебельный район","dc":5,"n":7.8,"vc":"около 50","sl":"Элитный","sv":"около 200","p":1020.0,"q":52.72,"b":0.0,"ms":0.02,"wi":118.26,"ei":5.2,"as":385.0,"mi":"E","mv":984761,"sc":1,"lpe":99.98,"lpr":1014.26,"lq":1.0},{"pi":"423722","pc":"Детские товары","ss":500,"td":"Фешенебельный район","dc":5,"n":7.8,"vc":"около 50","sl":"Элитный","sv":"около 200","p":1020.0,"q":52.72,"b":0.0,"ms":0.02,"wi":118.26,"ei":5.2,"as":385.0,"mi":"E","mv":984761,"sc":1,"lpe":99.98,"lpr":1014.26,"lq":1.0},{"pi":"423722","pc":"Детские товары","ss":500,"td":"Фешенебельный район","dc":5,"n":7.8,"vc":"около 50","sl":"Элитный","sv":"около 200","p":1020.0,"q":52.72,"b":0.0,"ms":0.02,"wi":118.26,"ei":5.2,"as":385.0,"mi":"E","mv":984761,"sc":1,"lpe":99.98,"lpr":1014.26,"lq":1.0},{"pi":"423722","pc":"Детские товары","ss":500,"td":"Фешенебельный район","dc":5,"n":7.8,"vc":"около 50","sl":"Элитный","sv":"около 200","p":1020.0,"q":52.72,"b":0.0,"ms":0.02,"wi":118.26,"ei":5.2,"as":385.0,"mi":"E","mv":984761,"sc":1,"lpe":99.98,"lpr":1014.26,"lq":1.0},{"pi":"423722","pc":"Детские товары","ss":10000,"td":"Центр города","dc":3,"n":323.73,"vc":"около 10 000","sl":"Элитный","sv":"более 1 000","p":550.0,"q":80.9,"b":0.0,"ms":0.44,"wi":55.25,"ei":14.95,"as":211.26,"mi":"E","mv":338204,"sc":1,"lpe":99.56,"lpr":812.29,"lq":1.0},{"pi":"423722","pc":"Детские товары","ss":10000,"td":"Центр города","dc":3,"n":323.73,"vc":"около 10 000","sl":"Элитный","sv":"более 1 000","p":550.0,"q":80.9,"b":0.0,"ms":0.44,"wi":55.25,"ei":14.95,"as":211.26,"mi":"E","mv":338204,"sc":1,"lpe":99.56,"lpr":812.29,"lq":1.0},{"pi":"423722","pc":"Детские товары","ss":10000,"td":"Центр города","dc":3,"n":323.73,"vc":"около 10 000","sl":"Элитный","sv":"более 1 000","p":550.0,"q":80.9,"b":0.0,"ms":0.44,"wi":55.25,"ei":14.95,"as":211.26,"mi":"E","mv":338204,"sc":1,"lpe":99.56,"lpr":812.29,"lq":1.0},{"pi":"423722","pc":"Детские товары","ss":10000,"td":"Центр города","dc":3,"n":323.73,"vc":"около 10 000","sl":"Элитный","sv":"более 1 000","p":550.0,"q":80.9,"b":0.0,"ms":0.44,"wi":55.25,"ei":14.95,"as":211.26,"mi":"E","mv":338204,"sc":1,"lpe":99.56,"lpr":812.29,"lq":1.0},{"pi":"423722","pc":"Детские товары","ss":10000,"td":"Центр города","dc":3,"n":323.73,"vc":"около 10 000","sl":"Элитный","sv":"более 1 000","p":550.0,"q":80.9,"b":0.0,"ms":0.44,"wi":55.25,"ei":14.95,"as":211.26,"mi":"E","mv":338204,"sc":1,"lpe":99.56,"lpr":812.29,"lq":1.0},{"pi":"423722","pc":"Детские товары","ss":10000,"td":"Центр города","dc":3,"n":323.73,"vc":"около 10 000","sl":"Элитный","sv":"более 1 000","p":550.0,"q":80.9,"b":0.0,"ms":0.44,"wi":55.25,"ei":14.95,"as":211.26,"mi":"E","mv":338204,"sc":1,"lpe":99.56,"lpr":812.29,"lq":1.0},{"pi":"423722","pc":"Детские товары","ss":10000,"td":"Центр города","dc":3,"n":323.73,"vc":"около 10 000","sl":"Элитный","sv":"более 1 000","p":550.0,"q":80.9,"b":0.0,"ms":0.44,"wi":55.25,"ei":14.95,"as":211.26,"mi":"E","mv":338204,"sc":1,"lpe":99.56,"lpr":812.29,"lq":1.0},{"pi":"423722","pc":"Детские товары","ss":10000,"td":"Центр города","dc":3,"n":323.73,"vc":"около 10 000","sl":"Элитный","sv":"более 1 000","p":550.0,"q":80.9,"b":0.0,"ms":0.44,"wi":55.25,"ei":14.95,"as":211.26,"mi":"E","mv":338204,"sc":1,"lpe":99.56,"lpr":812.29,"lq":1.0},{"pi":"423722","pc":"Детские товары","ss":10000,"td":"Центр города","dc":3,"n":323.73,"vc":"около 10 000","sl":"Элитный","sv":"более 1 000","p":550.0,"q":80.9,"b":0.0,"ms":0.44,"wi":55.25,"ei":14.95,"as":211.26,"mi":"E","mv":338204,"sc":1,"lpe":99.56,"lpr":812.29,"lq":1.0},{"pi":"423722","pc":"Детские товары","ss":10000,"td":"Центр города","dc":3,"n":323.73,"vc":"около 10 000","sl":"Элитный","sv":"более 1 000","p":550.0,"q":80.9,"b":0.0,"ms":0.44,"wi":55.25,"ei":14.95,"as":211.26,"mi":"E","mv":338204,"sc":1,"lpe":99.56,"lpr":812.29,"lq":1.0},{"pi":"423722","pc":"Детские товары","ss":10000,"td":"Центр города","dc":3,"n":323.73,"vc":"около 10 000","sl":"Элитный","sv":"более 1 000","p":550.0,"q":80.9,"b":0.0,"ms":0.44,"wi":55.25,"ei":14.95,"as":211.26,"mi":"E","mv":338204,"sc":1,"lpe":99.56,"lpr":812.29,"lq":1.0},{"pi":"423722","pc":"Детские товары","ss":10000,"td":"Центр города","dc":3,"n":323.73,"vc":"около 10 000","sl":"Элитный","sv":"более 1 000","p":550.0,"q":80.9,"b":0.0,"ms":0.44,"wi":55.25,"ei":14.95,"as":211.26,"mi":"E","mv":338204,"sc":1,"lpe":99.56,"lpr":812.29,"lq":1.0},{"pi":"423722","pc":"Детские товары","ss":10000,"td":"Центр города","dc":3,"n":323.73,"vc":"около 10 000","sl":"Элитный","sv":"более 1 000","p":550.0,"q":80.9,"b":0.0,"ms":0.44,"wi":55.25,"ei":14.95,"as":211.26,"mi":"E","mv":338204,"sc":1,"lpe":99.56,"lpr":812.29,"lq":1.0},{"pi":"423722","pc":"Детские товары","ss":10000,"td":"Центр города","dc":3,"n":323.73,"vc":"около 10 000","sl":"Элитный","sv":"более 1 000","p":550.0,"q":80.9,"b":0.0,"ms":0.44,"wi":55.25,"ei":14.95,"as":211.26,"mi":"E","mv":338204,"sc":1,"lpe":99.56,"lpr":812.29,"lq":1.0},{"pi":"423722","pc":"Детские товары","ss":10000,"td":"Центр города","dc":3,"n":323.73,"vc":"около 10 000","sl":"Элитный","sv":"более 1 000","p":550.0,"q":80.9,"b":0.0,"ms":0.44,"wi":55.25,"ei":14.95,"as":211.26,"mi":"E","mv":338204,"sc":1,"lpe":99.56,"lpr":812.29,"lq":1.0},{"pi":"423722","pc":"Детские товары","ss":10000,"td":"Центр города","dc":3,"n":323.73,"vc":"около 10 000","sl":"Элитный","sv":"более 1 000","p":550.0,"q":80.9,"b":0.0,"ms":0.44,"wi":55.25,"ei":14.95,"as":211.26,"mi":"E","mv":338204,"sc":1,"lpe":99.56,"lpr":812.29,"lq":1.0},{"pi":"423722","pc":"Детские товары","ss":10000,"td":"Центр города","dc":3,"n":323.73,"vc":"около 10 000","sl":"Элитный","sv":"более 1 000","p":550.0,"q":80.9,"b":0.0,"ms":0.44,"wi":55.25,"ei":14.95,"as":211.26,"mi":"E","mv":338204,"sc":1,"lpe":99.56,"lpr":812.29,"lq":1.0},{"pi":"423722","pc":"Детские товары","ss":10000,"td":"Центр города","dc":3,"n":323.73,"vc":"около 10 000","sl":"Элитный","sv":"более 1 000","p":550.0,"q":80.9,"b":0.0,"ms":0.44,"wi":55.25,"ei":14.95,"as":211.26,"mi":"E","mv":338204,"sc":1,"lpe":99.56,"lpr":812.29,"lq":1.0},{"pi":"423722","pc":"Детские товары","ss":10000,"td":"Центр города","dc":3,"n":323.73,"vc":"около 10 000","sl":"Элитный","sv":"более 1 000","p":550.0,"q":80.9,"b":0.0,"ms":0.44,"wi":55.25,"ei":14.95,"as":211.26,"mi":"E","mv":338204,"sc":1,"lpe":99.56,"lpr":812.29,"lq":1.0},{"pi":"423722","pc":"Детские товары","ss":500,"td":"Центр города","dc":1,"n":30.25,"vc":"более 100","sl":"Элитный","sv":"менее 50","p":2360.0,"q":53.54,"b":0.0,"ms":0.05,"wi":134.49,"ei":8.88,"as":790.28,"mi":"E","mv":62124,"sc":1,"lpe":99.95,"lpr":2060.09,"lq":1.0},{"pi":"423722","pc":"Детские товары","ss":500,"td":"Центр города","dc":1,"n":30.25,"vc":"более 100","sl":"Элитный","sv":"менее 50","p":2360.0,"q":53.54,"b":0.0,"ms":0.05,"wi":134.49,"ei":8.88,"as":790.28,"mi":"E","mv":62124,"sc":1,"lpe":99.95,"lpr":2060.09,"lq":1.0},{"pi":"423722","pc":"Детские товары","ss":500,"td":"Центр города","dc":1,"n":30.25,"vc":"более 100","sl":"Элитный","sv":"менее 50","p":2360.0,"q":53.54,"b":0.0,"ms":0.05,"wi":134.49,"ei":8.88,"as":790.28,"mi":"E","mv":62124,"sc":1,"lpe":99.95,"lpr":2060.09,"lq":1.0},{"pi":"423722","pc":"Детские товары","ss":500,"td":"Центр города","dc":1,"n":30.25,"vc":"более 100","sl":"Элитный","sv":"менее 50","p":2360.0,"q":53.54,"b":0.0,"ms":0.05,"wi":134.49,"ei":8.88,"as":790.28,"mi":"E","mv":62124,"sc":1,"lpe":99.95,"lpr":2060.09,"lq":1.0},{"pi":"423722","pc":"Детские товары","ss":500,"td":"Центр города","dc":1,"n":30.25,"vc":"более 100","sl":"Элитный","sv":"менее 50","p":2360.0,"q":53.54,"b":0.0,"ms":0.05,"wi":134.49,"ei":8.88,"as":790.28,"mi":"E","mv":62124,"sc":1,"lpe":99.95,"lpr":2060.09,"lq":1.0},{"pi":"423722","pc":"Детские товары","ss":500,"td":"Центр города","dc":1,"n":30.25,"vc":"более 100","sl":"Элитный","sv":"менее 50","p":2360.0,"q":53.54,"b":0.0,"ms":0.05,"wi":134.49,"ei":8.88,"as":790.28,"mi":"E","mv":62124,"sc":1,"lpe":99.95,"lpr":2060.09,"lq":1.0},{"pi":"423722","pc":"Детские товары","ss":500,"td":"Центр города","dc":1,"n":30.25,"vc":"более 100","sl":"Элитный","sv":"менее 50","p":2360.0,"q":53.54,"b":0.0,"ms":0.05,"wi":134.49,"ei":8.88,"as":790.28,"mi":"E","mv":62124,"sc":1,"lpe":99.95,"lpr":2060.09,"lq":1.0},{"pi":"423722","pc":"Детские товары","ss":10000,"td":"Фешенебельный район","dc":5,"n":459.73,"vc":"около 5 000","sl":"Элитный","sv":"более 1 000","p":1300.0,"q":80.9,"b":0.0,"ms":0.49,"wi":135.68,"ei":9.12,"as":1021.46,"mi":"E","mv":308543,"sc":1,"lpe":99.51,"lpr":2609.85,"lq":1.0},{"pi":"423722","pc":"Детские товары","ss":10000,"td":"Фешенебельный район","dc":5,"n":459.73,"vc":"около 5 000","sl":"Элитный","sv":"более 1 000","p":1300.0,"q":80.9,"b":0.0,"ms":0.49,"wi":135.68,"ei":9.12,"as":1021.46,"mi":"E","mv":308543,"sc":1,"lpe":99.51,"lpr":2609.85,"lq":1.0},{"pi":"423722","pc":"Детские товары","ss":10000,"td":"Фешенебельный район","dc":5,"n":459.73,"vc":"около 5 000","sl":"Элитный","sv":"более 1 000","p":1300.0,"q":80.9,"b":0.0,"ms":0.49,"wi":135.68,"ei":9.12,"as":1021.46,"mi":"E","mv":308543,"sc":1,"lpe":99.51,"lpr":2609.85,"lq":1.0},{"pi":"423722","pc":"Детские товары","ss":10000,"td":"Фешенебельный район","dc":5,"n":459.73,"vc":"около 5 000","sl":"Элитный","sv":"более 1 000","p":1300.0,"q":80.9,"b":0.0,"ms":0.49,"wi":135.68,"ei":9.12,"as":1021.46,"mi":"E","mv":308543,"sc":1,"lpe":99.51,"lpr":2609.85,"lq":1.0},{"pi":"423722","pc":"Детские товары","ss":10000,"td":"Фешенебельный район","dc":5,"n":459.73,"vc":"около 5 000","sl":"Элитный","sv":"более 1 000","p":1300.0,"q":80.9,"b":0.0,"ms":0.49,"wi":135.68,"ei":9.12,"as":1021.46,"mi":"E","mv":308543,"sc":1,"lpe":99.51,"lpr":2609.85,"lq":1.0},{"pi":"423722","pc":"Детские товары","ss":10000,"td":"Фешенебельный район","dc":5,"n":459.73,"vc":"около 5 000","sl":"Элитный","sv":"более 1 000","p":1300.0,"q":80.9,"b":0.0,"ms":0.49,"wi":135.68,"ei":9.12,"as":1021.46,"mi":"E","mv":308543,"sc":1,"lpe":99.51,"lpr":2609.85,"lq":1.0},{"pi":"423722","pc":"Детские товары","ss":10000,"td":"Фешенебельный район","dc":5,"n":459.73,"vc":"около 5 000","sl":"Элитный","sv":"более 1 000","p":1300.0,"q":80.9,"b":0.0,"ms":0.49,"wi":135.68,"ei":9.12,"as":1021.46,"mi":"E","mv":308543,"sc":1,"lpe":99.51,"lpr":2609.85,"lq":1.0},{"pi":"423722","pc":"Детские товары","ss":10000,"td":"Фешенебельный район","dc":5,"n":459.73,"vc":"около 5 000","sl":"Элитный","sv":"более 1 000","p":1300.0,"q":80.9,"b":0.0,"ms":0.49,"wi":135.68,"ei":9.12,"as":1021.46,"mi":"E","mv":308543,"sc":1,"lpe":99.51,"lpr":2609.85,"lq":1.0},{"pi":"423722","pc":"Детские товары","ss":10000,"td":"Фешенебельный район","dc":5,"n":459.73,"vc":"около 5 000","sl":"Элитный","sv":"более 1 000","p":1300.0,"q":80.9,"b":0.0,"ms":0.49,"wi":135.68,"ei":9.12,"as":1021.46,"mi":"E","mv":308543,"sc":1,"lpe":99.51,"lpr":2609.85,"lq":1.0},{"pi":"423722","pc":"Детские товары","ss":10000,"td":"Фешенебельный район","dc":5,"n":459.73,"vc":"около 5 000","sl":"Элитный","sv":"более 1 000","p":1300.0,"q":80.9,"b":0.0,"ms":0.49,"wi":135.68,"ei":9.12,"as":1021.46,"mi":"E","mv":308543,"sc":1,"lpe":99.51,"lpr":2609.85,"lq":1.0},{"pi":"423722","pc":"Детские товары","ss":10000,"td":"Фешенебельный район","dc":5,"n":459.73,"vc":"около 5 000","sl":"Элитный","sv":"более 1 000","p":1300.0,"q":80.9,"b":0.0,"ms":0.49,"wi":135.68,"ei":9.12,"as":1021.46,"mi":"E","mv":308543,"sc":1,"lpe":99.51,"lpr":2609.85,"lq":1.0},{"pi":"423722","pc":"Детские товары","ss":10000,"td":"Фешенебельный район","dc":5,"n":459.73,"vc":"около 5 000","sl":"Элитный","sv":"более 1 000","p":1300.0,"q":80.9,"b":0.0,"ms":0.49,"wi":135.68,"ei":9.12,"as":1021.46,"mi":"E","mv":308543,"sc":1,"lpe":99.51,"lpr":2609.85,"lq":1.0},{"pi":"423722","pc":"Детские товары","ss":10000,"td":"Фешенебельный район","dc":5,"n":459.73,"vc":"около 5 000","sl":"Элитный","sv":"более 1 000","p":1300.0,"q":80.9,"b":0.0,"ms":0.49,"wi":135.68,"ei":9.12,"as":1021.46,"mi":"E","mv":308543,"sc":1,"lpe":99.51,"lpr":2609.85,"lq":1.0},{"pi":"423722","pc":"Детские товары","ss":10000,"td":"Фешенебельный район","dc":5,"n":459.73,"vc":"около 5 000","sl":"Элитный","sv":"более 1 000","p":1300.0,"q":80.9,"b":0.0,"ms":0.49,"wi":135.68,"ei":9.12,"as":1021.46,"mi":"E","mv":308543,"sc":1,"lpe":99.51,"lpr":2609.85,"lq":1.0},{"pi":"423722","pc":"Детские товары","ss":10000,"td":"Фешенебельный район","dc":5,"n":459.73,"vc":"около 5 000","sl":"Элитный","sv":"более 1 000","p":1300.0,"q":80.9,"b":0.0,"ms":0.49,"wi":135.68,"ei":9.12,"as":1021.46,"mi":"E","mv":308543,"sc":1,"lpe":99.51,"lpr":2609.85,"lq":1.0},{"pi":"423722","pc":"Детские товары","ss":10000,"td":"Фешенебельный район","dc":5,"n":459.73,"vc":"около 5 000","sl":"Элитный","sv":"более 1 000","p":1300.0,"q":80.9,"b":0.0,"ms":0.49,"wi":135.68,"ei":9.12,"as":1021.46,"mi":"E","mv":308543,"sc":1,"lpe":99.51,"lpr":2609.85,"lq":1.0},{"pi":"423722","pc":"Детские товары","ss":10000,"td":"Фешенебельный район","dc":5,"n":459.73,"vc":"около 5 000","sl":"Элитный","sv":"более 1 000","p":1300.0,"q":80.9,"b":0.0,"ms":0.49,"wi":135.68,"ei":9.12,"as":1021.46,"mi":"E","mv":308543,"sc":1,"lpe":99.51,"lpr":2609.85,"lq":1.0},{"pi":"423722","pc":"Детские товары","ss":10000,"td":"Фешенебельный район","dc":5,"n":459.73,"vc":"около 5 000","sl":"Элитный","sv":"более 1 000","p":1300.0,"q":80.9,"b":0.0,"ms":0.49,"wi":135.68,"ei":9.12,"as":1021.46,"mi":"E","mv":308543,"sc":1,"lpe":99.51,"lpr":2609.85,"lq":1.0},{"pi":"423722","pc":"Детские товары","ss":10000,"td":"Фешенебельный район","dc":5,"n":459.73,"vc":"около 5 000","sl":"Элитный","sv":"более 1 000","p":1300.0,"q":80.9,"b":0.0,"ms":0.49,"wi":135.68,"ei":9.12,"as":1021.46,"mi":"E","mv":308543,"sc":1,"lpe":99.51,"lpr":2609.85,"lq":1.0},{"pi":"423722","pc":"Детские товары","ss":10000,"td":"Фешенебельный район","dc":5,"n":459.73,"vc":"около 5 000","sl":"Элитный","sv":"более 1 000","p":1300.0,"q":80.9,"b":0.0,"ms":0.49,"wi":135.68,"ei":9.12,"as":1021.46,"mi":"E","mv":308543,"sc":1,"lpe":99.51,"lpr":2609.85,"lq":1.0},{"pi":"423722","pc":"Детские товары","ss":10000,"td":"Фешенебельный район","dc":5,"n":459.73,"vc":"около 5 000","sl":"Элитный","sv":"более 1 000","p":1300.0,"q":80.9,"b":0.0,"ms":0.49,"wi":135.68,"ei":9.12,"as":1021.46,"mi":"E","mv":308543,"sc":1,"lpe":99.51,"lpr":2609.85,"lq":1.0},{"pi":"423722","pc":"Детские товары","ss":10000,"td":"Фешенебельный район","dc":5,"n":459.73,"vc":"около 5 000","sl":"Элитный","sv":"более 1 000","p":1300.0,"q":80.9,"b":0.0,"ms":0.49,"wi":135.68,"ei":9.12,"as":1021.46,"mi":"E","mv":308543,"sc":1,"lpe":99.51,"lpr":2609.85,"lq":1.0},{"pi":"423722","pc":"Детские товары","ss":10000,"td":"Фешенебельный район","dc":5,"n":459.73,"vc":"около 5 000","sl":"Элитный","sv":"более 1 000","p":1300.0,"q":80.9,"b":0.0,"ms":0.49,"wi":135.68,"ei":9.12,"as":1021.46,"mi":"E","mv":308543,"sc":1,"lpe":99.51,"lpr":2609.85,"lq":1.0},{"pi":"423722","pc":"Детские товары","ss":10000,"td":"Фешенебельный район","dc":5,"n":459.73,"vc":"около 5 000","sl":"Элитный","sv":"более 1 000","p":1300.0,"q":80.9,"b":0.0,"ms":0.49,"wi":135.68,"ei":9.12,"as":1021.46,"mi":"E","mv":308543,"sc":1,"lpe":99.51,"lpr":2609.85,"lq":1.0},{"pi":"423722","pc":"Детские товары","ss":10000,"td":"Фешенебельный район","dc":5,"n":459.73,"vc":"около 5 000","sl":"Элитный","sv":"более 1 000","p":1300.0,"q":80.9,"b":0.0,"ms":0.49,"wi":135.68,"ei":9.12,"as":1021.46,"mi":"E","mv":308543,"sc":1,"lpe":99.51,"lpr":2609.85,"lq":1.0},{"pi":"423722","pc":"Детские товары","ss":10000,"td":"Фешенебельный район","dc":5,"n":459.73,"vc":"около 5 000","sl":"Элитный","sv":"более 1 000","p":1300.0,"q":80.9,"b":0.0,"ms":0.49,"wi":135.68,"ei":9.12,"as":1021.46,"mi":"E","mv":308543,"sc":1,"lpe":99.51,"lpr":2609.85,"lq":1.0},{"pi":"423722","pc":"Детские товары","ss":10000,"td":"Фешенебельный район","dc":5,"n":459.73,"vc":"около 5 000","sl":"Элитный","sv":"более 1 000","p":1300.0,"q":80.9,"b":0.0,"ms":0.49,"wi":135.68,"ei":9.12,"as":1021.46,"mi":"E","mv":308543,"sc":1,"lpe":99.51,"lpr":2609.85,"lq":1.0},{"pi":"423722","pc":"Детские товары","ss":500,"td":"Фешенебельный район","dc":2,"n":9.94,"vc":"около 50","sl":"Элитный","sv":"более 100","p":985.0,"q":55.17,"b":0.0,"ms":0.02,"wi":55.74,"ei":4.16,"as":143.87,"mi":"E","mv":622597,"sc":1,"lpe":99.98,"lpr":606.52,"lq":1.0},{"pi":"423722","pc":"Детские товары","ss":500,"td":"Фешенебельный район","dc":2,"n":9.94,"vc":"около 50","sl":"Элитный","sv":"более 100","p":985.0,"q":55.17,"b":0.0,"ms":0.02,"wi":55.74,"ei":4.16,"as":143.87,"mi":"E","mv":622597,"sc":1,"lpe":99.98,"lpr":606.52,"lq":1.0},{"pi":"423722","pc":"Детские товары","ss":500,"td":"Фешенебельный район","dc":2,"n":9.94,"vc":"около 50","sl":"Элитный","sv":"более 100","p":985.0,"q":55.17,"b":0.0,"ms":0.02,"wi":55.74,"ei":4.16,"as":143.87,"mi":"E","mv":622597,"sc":1,"lpe":99.98,"lpr":606.52,"lq":1.0},{"pi":"423722","pc":"Детские товары","ss":500,"td":"Фешенебельный район","dc":2,"n":9.94,"vc":"около 50","sl":"Элитный","sv":"более 100","p":985.0,"q":55.17,"b":0.0,"ms":0.02,"wi":55.74,"ei":4.16,"as":143.87,"mi":"E","mv":622597,"sc":1,"lpe":99.98,"lpr":606.52,"lq":1.0},{"pi":"423722","pc":"Детские товары","ss":500,"td":"Фешенебельный район","dc":2,"n":9.94,"vc":"около 50","sl":"Элитный","sv":"более 100","p":985.0,"q":55.17,"b":0.0,"ms":0.02,"wi":55.74,"ei":4.16,"as":143.87,"mi":"E","mv":622597,"sc":1,"lpe":99.98,"lpr":606.52,"lq":1.0},{"pi":"423722","pc":"Детские товары","ss":500,"td":"Фешенебельный район","dc":2,"n":9.94,"vc":"около 50","sl":"Элитный","sv":"более 100","p":985.0,"q":55.17,"b":0.0,"ms":0.02,"wi":55.74,"ei":4.16,"as":143.87,"mi":"E","mv":622597,"sc":1,"lpe":99.98,"lpr":606.52,"lq":1.0},{"pi":"423722","pc":"Детские товары","ss":500,"td":"Фешенебельный район","dc":2,"n":9.94,"vc":"около 50","sl":"Элитный","sv":"более 100","p":985.0,"q":55.17,"b":0.0,"ms":0.02,"wi":55.74,"ei":4.16,"as":143.87,"mi":"E","mv":622597,"sc":1,"lpe":99.98,"lpr":606.52,"lq":1.0},{"pi":"423722","pc":"Детские товары","ss":500,"td":"Фешенебельный район","dc":2,"n":9.94,"vc":"около 50","sl":"Элитный","sv":"более 100","p":985.0,"q":55.17,"b":0.0,"ms":0.02,"wi":55.74,"ei":4.16,"as":143.87,"mi":"E","mv":622597,"sc":1,"lpe":99.98,"lpr":606.52,"lq":1.0},{"pi":"423722","pc":"Детские товары","ss":500,"td":"Фешенебельный район","dc":2,"n":9.94,"vc":"около 50","sl":"Элитный","sv":"более 100","p":985.0,"q":55.17,"b":0.0,"ms":0.02,"wi":55.74,"ei":4.16,"as":143.87,"mi":"E","mv":622597,"sc":1,"lpe":99.98,"lpr":606.52,"lq":1.0},{"pi":"423722","pc":"Детские товары","ss":500,"td":"Фешенебельный район","dc":2,"n":9.94,"vc":"около 50","sl":"Элитный","sv":"более 100","p":985.0,"q":55.17,"b":0.0,"ms":0.02,"wi":55.74,"ei":4.16,"as":143.87,"mi":"E","mv":622597,"sc":1,"lpe":99.98,"lpr":606.52,"lq":1.0},{"pi":"423722","pc":"Детские товары","ss":500,"td":"Фешенебельный район","dc":2,"n":9.94,"vc":"около 50","sl":"Элитный","sv":"более 100","p":985.0,"q":55.17,"b":0.0,"ms":0.02,"wi":55.74,"ei":4.16,"as":143.87,"mi":"E","mv":622597,"sc":1,"lpe":99.98,"lpr":606.52,"lq":1.0},{"pi":"423722","pc":"Детские товары","ss":100000,"td":"Центр города","dc":1,"n":564.91,"vc":"более 1 000 000","sl":"Высокий","sv":"около 5 000","p":1819.73,"q":52.72,"b":0.0,"ms":0.11,"wi":123.03,"ei":6.18,"as":187.79,"mi":"E","mv":4299507,"sc":1,"lpe":99.89,"lpr":1291.02,"lq":1.0},{"pi":"423722","pc":"Детские товары","ss":100000,"td":"Центр города","dc":1,"n":564.91,"vc":"более 1 000 000","sl":"Высокий","sv":"около 5 000","p":1819.73,"q":52.72,"b":0.0,"ms":0.11,"wi":123.03,"ei":6.18,"as":187.79,"mi":"E","mv":4299507,"sc":1,"lpe":99.89,"lpr":1291.02,"lq":1.0},{"pi":"423722","pc":"Детские товары","ss":100000,"td":"Центр города","dc":1,"n":564.91,"vc":"более 1 000 000","sl":"Высокий","sv":"около 5 000","p":1819.73,"q":52.72,"b":0.0,"ms":0.11,"wi":123.03,"ei":6.18,"as":187.79,"mi":"E","mv":4299507,"sc":1,"lpe":99.89,"lpr":1291.02,"lq":1.0},{"pi":"423722","pc":"Детские товары","ss":100000,"td":"Центр города","dc":1,"n":564.91,"vc":"более 1 000 000","sl":"Высокий","sv":"около 5 000","p":1819.73,"q":52.72,"b":0.0,"ms":0.11,"wi":123.03,"ei":6.18,"as":187.79,"mi":"E","mv":4299507,"sc":1,"lpe":99.89,"lpr":1291.02,"lq":1.0},{"pi":"423722","pc":"Детские товары","ss":100000,"td":"Центр города","dc":1,"n":564.91,"vc":"более 1 000 000","sl":"Высокий","sv":"около 5 000","p":1819.73,"q":52.72,"b":0.0,"ms":0.11,"wi":123.03,"ei":6.18,"as":187.79,"mi":"E","mv":4299507,"sc":1,"lpe":99.89,"lpr":1291.02,"lq":1.0},{"pi":"423722","pc":"Детские товары","ss":100000,"td":"Центр города","dc":1,"n":564.91,"vc":"более 1 000 000","sl":"Высокий","sv":"около 5 000","p":1819.73,"q":52.72,"b":0.0,"ms":0.11,"wi":123.03,"ei":6.18,"as":187.79,"mi":"E","mv":4299507,"sc":1,"lpe":99.89,"lpr":1291.02,"lq":1.0},{"pi":"423722","pc":"Детские товары","ss":100000,"td":"Центр города","dc":1,"n":564.91,"vc":"более 1 000 000","sl":"Высокий","sv":"около 5 000","p":1819.73,"q":52.72,"b":0.0,"ms":0.11,"wi":123.03,"ei":6.18,"as":187.79,"mi":"E","mv":4299507,"sc":1,"lpe":99.89,"lpr":1291.02,"lq":1.0},{"pi":"423722","pc":"Детские товары","ss":100000,"td":"Центр города","dc":1,"n":564.91,"vc":"более 1 000 000","sl":"Высокий","sv":"около 5 000","p":1819.73,"q":52.72,"b":0.0,"ms":0.11,"wi":123.03,"ei":6.18,"as":187.79,"mi":"E","mv":4299507,"sc":1,"lpe":99.89,"lpr":1291.02,"lq":1.0},{"pi":"423722","pc":"Детские товары","ss":100000,"td":"Центр города","dc":1,"n":564.91,"vc":"более 1 000 000","sl":"Высокий","sv":"около 5 000","p":1819.73,"q":52.72,"b":0.0,"ms":0.11,"wi":123.03,"ei":6.18,"as":187.79,"mi":"E","mv":4299507,"sc":1,"lpe":99.89,"lpr":1291.02,"lq":1.0},{"pi":"423722","pc":"Детские товары","ss":1000,"td":"Спальный район","dc":2,"n":38.47,"vc":"около 500","sl":"Элитный","sv":"около 100","p":1980.0,"q":53.94,"b":0.0,"ms":0.01,"wi":44.98,"ei":9.86,"as":98.09,"mi":"E","mv":1689399,"sc":1,"lpe":99.99,"lpr":595.64,"lq":1.0},{"pi":"423722","pc":"Детские товары","ss":1000,"td":"Спальный район","dc":2,"n":38.47,"vc":"около 500","sl":"Элитный","sv":"около 100","p":1980.0,"q":53.94,"b":0.0,"ms":0.01,"wi":44.98,"ei":9.86,"as":98.09,"mi":"E","mv":1689399,"sc":1,"lpe":99.99,"lpr":595.64,"lq":1.0},{"pi":"423722","pc":"Детские товары","ss":1000,"td":"Спальный район","dc":2,"n":38.47,"vc":"около 500","sl":"Элитный","sv":"около 100","p":1980.0,"q":53.94,"b":0.0,"ms":0.01,"wi":44.98,"ei":9.86,"as":98.09,"mi":"E","mv":1689399,"sc":1,"lpe":99.99,"lpr":595.64,"lq":1.0},{"pi":"423722","pc":"Детские товары","ss":1000,"td":"Спальный район","dc":2,"n":38.47,"vc":"около 500","sl":"Элитный","sv":"около 100","p":1980.0,"q":53.94,"b":0.0,"ms":0.01,"wi":44.98,"ei":9.86,"as":98.09,"mi":"E","mv":1689399,"sc":1,"lpe":99.99,"lpr":595.64,"lq":1.0},{"pi":"423722","pc":"Детские товары","ss":1000,"td":"Спальный район","dc":2,"n":38.47,"vc":"около 500","sl":"Элитный","sv":"около 100","p":1980.0,"q":53.94,"b":0.0,"ms":0.01,"wi":44.98,"ei":9.86,"as":98.09,"mi":"E","mv":1689399,"sc":1,"lpe":99.99,"lpr":595.64,"lq":1.0},{"pi":"423722","pc":"Детские товары","ss":1000,"td":"Спальный район","dc":2,"n":38.47,"vc":"около 500","sl":"Элитный","sv":"около 100","p":1980.0,"q":53.94,"b":0.0,"ms":0.01,"wi":44.98,"ei":9.86,"as":98.09,"mi":"E","mv":1689399,"sc":1,"lpe":99.99,"lpr":595.64,"lq":1.0},{"pi":"423722","pc":"Детские товары","ss":1000,"td":"Спальный район","dc":2,"n":38.47,"vc":"около 500","sl":"Элитный","sv":"около 100","p":1980.0,"q":53.94,"b":0.0,"ms":0.01,"wi":44.98,"ei":9.86,"as":98.09,"mi":"E","mv":1689399,"sc":1,"lpe":99.99,"lpr":595.64,"lq":1.0},{"pi":"423722","pc":"Детские товары","ss":1000,"td":"Спальный район","dc":2,"n":38.47,"vc":"около 500","sl":"Элитный","sv":"около 100","p":1980.0,"q":53.94,"b":0.0,"ms":0.01,"wi":44.98,"ei":9.86,"as":98.09,"mi":"E","mv":1689399,"sc":1,"lpe":99.99,"lpr":595.64,"lq":1.0},{"pi":"423722","pc":"Детские товары","ss":1000,"td":"Спальный район","dc":2,"n":38.47,"vc":"около 500","sl":"Элитный","sv":"около 100","p":1980.0,"q":53.94,"b":0.0,"ms":0.01,"wi":44.98,"ei":9.86,"as":98.09,"mi":"E","mv":1689399,"sc":1,"lpe":99.99,"lpr":595.64,"lq":1.0},{"pi":"423722","pc":"Детские товары","ss":1000,"td":"Спальный район","dc":2,"n":38.47,"vc":"около 500","sl":"Элитный","sv":"около 100","p":1980.0,"q":53.94,"b":0.0,"ms":0.01,"wi":44.98,"ei":9.86,"as":98.09,"mi":"E","mv":1689399,"sc":1,"lpe":99.99,"lpr":595.64,"lq":1.0},{"pi":"423722","pc":"Детские товары","ss":500,"td":"Фешенебельный район","dc":7,"n":118.56,"vc":"менее 50","sl":"Элитный","sv":"около 500","p":380.0,"q":52.72,"b":0.0,"ms":1.45,"wi":17.64,"ei":3.8,"as":94.15,"mi":"E","mv":23044,"sc":1,"lpe":98.55,"lpr":385.07,"lq":1.0},{"pi":"423722","pc":"Детские товары","ss":500,"td":"Фешенебельный район","dc":7,"n":118.56,"vc":"менее 50","sl":"Элитный","sv":"около 500","p":380.0,"q":52.72,"b":0.0,"ms":1.45,"wi":17.64,"ei":3.8,"as":94.15,"mi":"E","mv":23044,"sc":1,"lpe":98.55,"lpr":385.07,"lq":1.0},{"pi":"423722","pc":"Детские товары","ss":500,"td":"Фешенебельный район","dc":7,"n":118.56,"vc":"менее 50","sl":"Элитный","sv":"около 500","p":380.0,"q":52.72,"b":0.0,"ms":1.45,"wi":17.64,"ei":3.8,"as":94.15,"mi":"E","mv":23044,"sc":1,"lpe":98.55,"lpr":385.07,"lq":1.0},{"pi":"423722","pc":"Детские товары","ss":500,"td":"Фешенебельный район","dc":7,"n":118.56,"vc":"менее 50","sl":"Элитный","sv":"около 500","p":380.0,"q":52.72,"b":0.0,"ms":1.45,"wi":17.64,"ei":3.8,"as":94.15,"mi":"E","mv":23044,"sc":1,"lpe":98.55,"lpr":385.07,"lq":1.0},{"pi":"423722","pc":"Детские товары","ss":500,"td":"Фешенебельный район","dc":7,"n":118.56,"vc":"менее 50","sl":"Элитный","sv":"около 500","p":380.0,"q":52.72,"b":0.0,"ms":1.45,"wi":17.64,"ei":3.8,"as":94.15,"mi":"E","mv":23044,"sc":1,"lpe":98.55,"lpr":385.07,"lq":1.0},{"pi":"423722","pc":"Детские товары","ss":500,"td":"Фешенебельный район","dc":7,"n":118.56,"vc":"менее 50","sl":"Элитный","sv":"около 500","p":380.0,"q":52.72,"b":0.0,"ms":1.45,"wi":17.64,"ei":3.8,"as":94.15,"mi":"E","mv":23044,"sc":1,"lpe":98.55,"lpr":385.07,"lq":1.0},{"pi":"423722","pc":"Детские товары","ss":500,"td":"Фешенебельный район","dc":7,"n":118.56,"vc":"менее 50","sl":"Элитный","sv":"около 500","p":380.0,"q":52.72,"b":0.0,"ms":1.45,"wi":17.64,"ei":3.8,"as":94.15,"mi":"E","mv":23044,"sc":1,"lpe":98.55,"lpr":385.07,"lq":1.0},{"pi":"423722","pc":"Детские товары","ss":500,"td":"Фешенебельный район","dc":7,"n":118.56,"vc":"менее 50","sl":"Элитный","sv":"около 500","p":380.0,"q":52.72,"b":0.0,"ms":1.45,"wi":17.64,"ei":3.8,"as":94.15,"mi":"E","mv":23044,"sc":1,"lpe":98.55,"lpr":385.07,"lq":1.0},{"pi":"423722","pc":"Детские товары","ss":500,"td":"Фешенебельный район","dc":7,"n":118.56,"vc":"менее 50","sl":"Элитный","sv":"около 500","p":380.0,"q":52.72,"b":0.0,"ms":1.45,"wi":17.64,"ei":3.8,"as":94.15,"mi":"E","mv":23044,"sc":1,"lpe":98.55,"lpr":385.07,"lq":1.0},{"pi":"423722","pc":"Детские товары","ss":500,"td":"Фешенебельный район","dc":7,"n":118.56,"vc":"менее 50","sl":"Элитный","sv":"около 500","p":380.0,"q":52.72,"b":0.0,"ms":1.45,"wi":17.64,"ei":3.8,"as":94.15,"mi":"E","mv":23044,"sc":1,"lpe":98.55,"lpr":385.07,"lq":1.0},{"pi":"423722","pc":"Детские товары","ss":500,"td":"Фешенебельный район","dc":7,"n":118.56,"vc":"менее 50","sl":"Элитный","sv":"около 500","p":380.0,"q":52.72,"b":0.0,"ms":1.45,"wi":17.64,"ei":3.8,"as":94.15,"mi":"E","mv":23044,"sc":1,"lpe":98.55,"lpr":385.07,"lq":1.0},{"pi":"423722","pc":"Детские товары","ss":500,"td":"Фешенебельный район","dc":7,"n":118.56,"vc":"менее 50","sl":"Элитный","sv":"около 500","p":380.0,"q":52.72,"b":0.0,"ms":1.45,"wi":17.64,"ei":3.8,"as":94.15,"mi":"E","mv":23044,"sc":1,"lpe":98.55,"lpr":385.07,"lq":1.0},{"pi":"423722","pc":"Детские товары","ss":500,"td":"Фешенебельный район","dc":7,"n":118.56,"vc":"менее 50","sl":"Элитный","sv":"около 500","p":380.0,"q":52.72,"b":0.0,"ms":1.45,"wi":17.64,"ei":3.8,"as":94.15,"mi":"E","mv":23044,"sc":1,"lpe":98.55,"lpr":385.07,"lq":1.0},{"pi":"423722","pc":"Детские товары","ss":500,"td":"Фешенебельный район","dc":7,"n":118.56,"vc":"менее 50","sl":"Элитный","sv":"около 500","p":380.0,"q":52.72,"b":0.0,"ms":1.45,"wi":17.64,"ei":3.8,"as":94.15,"mi":"E","mv":23044,"sc":1,"lpe":98.55,"lpr":385.07,"lq":1.0},{"pi":"423722","pc":"Детские товары","ss":500,"td":"Фешенебельный район","dc":7,"n":118.56,"vc":"менее 50","sl":"Элитный","sv":"около 500","p":380.0,"q":52.72,"b":0.0,"ms":1.45,"wi":17.64,"ei":3.8,"as":94.15,"mi":"E","mv":23044,"sc":1,"lpe":98.55,"lpr":385.07,"lq":1.0},{"pi":"423722","pc":"Детские товары","ss":500,"td":"Фешенебельный район","dc":7,"n":118.56,"vc":"менее 50","sl":"Элитный","sv":"около 500","p":380.0,"q":52.72,"b":0.0,"ms":1.45,"wi":17.64,"ei":3.8,"as":94.15,"mi":"E","mv":23044,"sc":1,"lpe":98.55,"lpr":385.07,"lq":1.0},{"pi":"423722","pc":"Детские товары","ss":500,"td":"Фешенебельный район","dc":7,"n":118.56,"vc":"менее 50","sl":"Элитный","sv":"около 500","p":380.0,"q":52.72,"b":0.0,"ms":1.45,"wi":17.64,"ei":3.8,"as":94.15,"mi":"E","mv":23044,"sc":1,"lpe":98.55,"lpr":385.07,"lq":1.0},{"pi":"423722","pc":"Детские товары","ss":500,"td":"Фешенебельный район","dc":7,"n":118.56,"vc":"менее 50","sl":"Элитный","sv":"около 500","p":380.0,"q":52.72,"b":0.0,"ms":1.45,"wi":17.64,"ei":3.8,"as":94.15,"mi":"E","mv":23044,"sc":1,"lpe":98.55,"lpr":385.07,"lq":1.0},{"pi":"423722","pc":"Детские товары","ss":500,"td":"Фешенебельный район","dc":7,"n":118.56,"vc":"менее 50","sl":"Элитный","sv":"около 500","p":380.0,"q":52.72,"b":0.0,"ms":1.45,"wi":17.64,"ei":3.8,"as":94.15,"mi":"E","mv":23044,"sc":1,"lpe":98.55,"lpr":385.07,"lq":1.0},{"pi":"423722","pc":"Детские товары","ss":500,"td":"Фешенебельный район","dc":7,"n":118.56,"vc":"менее 50","sl":"Элитный","sv":"около 500","p":380.0,"q":52.72,"b":0.0,"ms":1.45,"wi":17.64,"ei":3.8,"as":94.15,"mi":"E","mv":23044,"sc":1,"lpe":98.55,"lpr":385.07,"lq":1.0},{"pi":"423722","pc":"Детские товары","ss":500,"td":"Фешенебельный район","dc":7,"n":118.56,"vc":"менее 50","sl":"Элитный","sv":"около 500","p":380.0,"q":52.72,"b":0.0,"ms":1.45,"wi":17.64,"ei":3.8,"as":94.15,"mi":"E","mv":23044,"sc":1,"lpe":98.55,"lpr":385.07,"lq":1.0},{"pi":"423722","pc":"Детские товары","ss":500,"td":"Фешенебельный район","dc":7,"n":118.56,"vc":"менее 50","sl":"Элитный","sv":"около 500","p":380.0,"q":52.72,"b":0.0,"ms":1.45,"wi":17.64,"ei":3.8,"as":94.15,"mi":"E","mv":23044,"sc":1,"lpe":98.55,"lpr":385.07,"lq":1.0},{"pi":"423722","pc":"Детские товары","ss":500,"td":"Фешенебельный район","dc":7,"n":118.56,"vc":"менее 50","sl":"Элитный","sv":"около 500","p":380.0,"q":52.72,"b":0.0,"ms":1.45,"wi":17.64,"ei":3.8,"as":94.15,"mi":"E","mv":23044,"sc":1,"lpe":98.55,"lpr":385.07,"lq":1.0},{"pi":"423722","pc":"Детские товары","ss":500,"td":"Фешенебельный район","dc":7,"n":118.56,"vc":"менее 50","sl":"Элитный","sv":"около 500","p":380.0,"q":52.72,"b":0.0,"ms":1.45,"wi":17.64,"ei":3.8,"as":94.15,"mi":"E","mv":23044,"sc":1,"lpe":98.55,"lpr":385.07,"lq":1.0},{"pi":"423722","pc":"Детские товары","ss":500,"td":"Фешенебельный район","dc":7,"n":118.56,"vc":"менее 50","sl":"Элитный","sv":"около 500","p":380.0,"q":52.72,"b":0.0,"ms":1.45,"wi":17.64,"ei":3.8,"as":94.15,"mi":"E","mv":23044,"sc":1,"lpe":98.55,"lpr":385.07,"lq":1.0},{"pi":"423722","pc":"Детские товары","ss":500,"td":"Фешенебельный район","dc":7,"n":118.56,"vc":"менее 50","sl":"Элитный","sv":"около 500","p":380.0,"q":52.72,"b":0.0,"ms":1.45,"wi":17.64,"ei":3.8,"as":94.15,"mi":"E","mv":23044,"sc":1,"lpe":98.55,"lpr":385.07,"lq":1.0},{"pi":"423722","pc":"Детские товары","ss":500,"td":"Фешенебельный район","dc":7,"n":118.56,"vc":"менее 50","sl":"Элитный","sv":"около 500","p":380.0,"q":52.72,"b":0.0,"ms":1.45,"wi":17.64,"ei":3.8,"as":94.15,"mi":"E","mv":23044,"sc":1,"lpe":98.55,"lpr":385.07,"lq":1.0},{"pi":"423722","pc":"Детские товары","ss":1000,"td":"Фешенебельный район","dc":5,"n":179.31,"vc":"около 500","sl":"Очень высокий","sv":"более 2 000","p":2500.0,"q":80.9,"b":0.0,"ms":0.06,"wi":335.42,"ei":9.41,"as":2383.07,"mi":"E","mv":3905592,"sc":1,"lpe":99.94,"lpr":3671.5,"lq":1.0},{"pi":"423722","pc":"Детские товары","ss":1000,"td":"Фешенебельный район","dc":5,"n":179.31,"vc":"около 500","sl":"Очень высокий","sv":"более 2 000","p":2500.0,"q":80.9,"b":0.0,"ms":0.06,"wi":335.42,"ei":9.41,"as":2383.07,"mi":"E","mv":3905592,"sc":1,"lpe":99.94,"lpr":3671.5,"lq":1.0},{"pi":"423722","pc":"Детские товары","ss":1000,"td":"Фешенебельный район","dc":5,"n":179.31,"vc":"около 500","sl":"Очень высокий","sv":"более 2 000","p":2500.0,"q":80.9,"b":0.0,"ms":0.06,"wi":335.42,"ei":9.41,"as":2383.07,"mi":"E","mv":3905592,"sc":1,"lpe":99.94,"lpr":3671.5,"lq":1.0},{"pi":"423722","pc":"Детские товары","ss":1000,"td":"Фешенебельный район","dc":5,"n":179.31,"vc":"около 500","sl":"Очень высокий","sv":"более 2 000","p":2500.0,"q":80.9,"b":0.0,"ms":0.06,"wi":335.42,"ei":9.41,"as":2383.07,"mi":"E","mv":3905592,"sc":1,"lpe":99.94,"lpr":3671.5,"lq":1.0},{"pi":"423722","pc":"Детские товары","ss":1000,"td":"Фешенебельный район","dc":5,"n":179.31,"vc":"около 500","sl":"Очень высокий","sv":"более 2 000","p":2500.0,"q":80.9,"b":0.0,"ms":0.06,"wi":335.42,"ei":9.41,"as":2383.07,"mi":"E","mv":3905592,"sc":1,"lpe":99.94,"lpr":3671.5,"lq":1.0},{"pi":"423722","pc":"Детские товары","ss":1000,"td":"Фешенебельный район","dc":5,"n":179.31,"vc":"около 500","sl":"Очень высокий","sv":"более 2 000","p":2500.0,"q":80.9,"b":0.0,"ms":0.06,"wi":335.42,"ei":9.41,"as":2383.07,"mi":"E","mv":3905592,"sc":1,"lpe":99.94,"lpr":3671.5,"lq":1.0},{"pi":"423722","pc":"Детские товары","ss":1000,"td":"Фешенебельный район","dc":5,"n":179.31,"vc":"около 500","sl":"Очень высокий","sv":"более 2 000","p":2500.0,"q":80.9,"b":0.0,"ms":0.06,"wi":335.42,"ei":9.41,"as":2383.07,"mi":"E","mv":3905592,"sc":1,"lpe":99.94,"lpr":3671.5,"lq":1.0},{"pi":"423722","pc":"Детские товары","ss":1000,"td":"Фешенебельный район","dc":5,"n":179.31,"vc":"около 500","sl":"Очень высокий","sv":"более 2 000","p":2500.0,"q":80.9,"b":0.0,"ms":0.06,"wi":335.42,"ei":9.41,"as":2383.07,"mi":"E","mv":3905592,"sc":1,"lpe":99.94,"lpr":3671.5,"lq":1.0},{"pi":"423722","pc":"Детские товары","ss":1000,"td":"Фешенебельный район","dc":5,"n":179.31,"vc":"около 500","sl":"Очень высокий","sv":"более 2 000","p":2500.0,"q":80.9,"b":0.0,"ms":0.06,"wi":335.42,"ei":9.41,"as":2383.07,"mi":"E","mv":3905592,"sc":1,"lpe":99.94,"lpr":3671.5,"lq":1.0},{"pi":"423722","pc":"Детские товары","ss":1000,"td":"Фешенебельный район","dc":5,"n":179.31,"vc":"около 500","sl":"Очень высокий","sv":"более 2 000","p":2500.0,"q":80.9,"b":0.0,"ms":0.06,"wi":335.42,"ei":9.41,"as":2383.07,"mi":"E","mv":3905592,"sc":1,"lpe":99.94,"lpr":3671.5,"lq":1.0},{"pi":"423722","pc":"Детские товары","ss":1000,"td":"Фешенебельный район","dc":5,"n":179.31,"vc":"около 500","sl":"Очень высокий","sv":"более 2 000","p":2500.0,"q":80.9,"b":0.0,"ms":0.06,"wi":335.42,"ei":9.41,"as":2383.07,"mi":"E","mv":3905592,"sc":1,"lpe":99.94,"lpr":3671.5,"lq":1.0},{"pi":"423722","pc":"Детские товары","ss":1000,"td":"Фешенебельный район","dc":5,"n":179.31,"vc":"около 500","sl":"Очень высокий","sv":"более 2 000","p":2500.0,"q":80.9,"b":0.0,"ms":0.06,"wi":335.42,"ei":9.41,"as":2383.07,"mi":"E","mv":3905592,"sc":1,"lpe":99.94,"lpr":3671.5,"lq":1.0},{"pi":"423722","pc":"Детские товары","ss":1000,"td":"Фешенебельный район","dc":5,"n":179.31,"vc":"около 500","sl":"Очень высокий","sv":"более 2 000","p":2500.0,"q":80.9,"b":0.0,"ms":0.06,"wi":335.42,"ei":9.41,"as":2383.07,"mi":"E","mv":3905592,"sc":1,"lpe":99.94,"lpr":3671.5,"lq":1.0},{"pi":"423722","pc":"Детские товары","ss":1000,"td":"Фешенебельный район","dc":5,"n":179.31,"vc":"около 500","sl":"Очень высокий","sv":"более 2 000","p":2500.0,"q":80.9,"b":0.0,"ms":0.06,"wi":335.42,"ei":9.41,"as":2383.07,"mi":"E","mv":3905592,"sc":1,"lpe":99.94,"lpr":3671.5,"lq":1.0},{"pi":"423722","pc":"Детские товары","ss":1000,"td":"Фешенебельный район","dc":5,"n":179.31,"vc":"около 500","sl":"Очень высокий","sv":"более 2 000","p":2500.0,"q":80.9,"b":0.0,"ms":0.06,"wi":335.42,"ei":9.41,"as":2383.07,"mi":"E","mv":3905592,"sc":1,"lpe":99.94,"lpr":3671.5,"lq":1.0},{"pi":"423722","pc":"Детские товары","ss":1000,"td":"Фешенебельный район","dc":5,"n":179.31,"vc":"около 500","sl":"Очень высокий","sv":"более 2 000","p":2500.0,"q":80.9,"b":0.0,"ms":0.06,"wi":335.42,"ei":9.41,"as":2383.07,"mi":"E","mv":3905592,"sc":1,"lpe":99.94,"lpr":3671.5,"lq":1.0},{"pi":"423722","pc":"Детские товары","ss":1000,"td":"Фешенебельный район","dc":5,"n":179.31,"vc":"около 500","sl":"Очень высокий","sv":"более 2 000","p":2500.0,"q":80.9,"b":0.0,"ms":0.06,"wi":335.42,"ei":9.41,"as":2383.07,"mi":"E","mv":3905592,"sc":1,"lpe":99.94,"lpr":3671.5,"lq":1.0},{"pi":"423722","pc":"Детские товары","ss":1000,"td":"Фешенебельный район","dc":5,"n":179.31,"vc":"около 500","sl":"Очень высокий","sv":"более 2 000","p":2500.0,"q":80.9,"b":0.0,"ms":0.06,"wi":335.42,"ei":9.41,"as":2383.07,"mi":"E","mv":3905592,"sc":1,"lpe":99.94,"lpr":3671.5,"lq":1.0},{"pi":"423722","pc":"Детские товары","ss":1000,"td":"Фешенебельный район","dc":5,"n":179.31,"vc":"около 500","sl":"Очень высокий","sv":"более 2 000","p":2500.0,"q":80.9,"b":0.0,"ms":0.06,"wi":335.42,"ei":9.41,"as":2383.07,"mi":"E","mv":3905592,"sc":1,"lpe":99.94,"lpr":3671.5,"lq":1.0},{"pi":"423722","pc":"Детские товары","ss":1000,"td":"Фешенебельный район","dc":5,"n":179.31,"vc":"около 500","sl":"Очень высокий","sv":"более 2 000","p":2500.0,"q":80.9,"b":0.0,"ms":0.06,"wi":335.42,"ei":9.41,"as":2383.07,"mi":"E","mv":3905592,"sc":1,"lpe":99.94,"lpr":3671.5,"lq":1.0},{"pi":"423722","pc":"Детские товары","ss":1000,"td":"Фешенебельный район","dc":5,"n":179.31,"vc":"около 500","sl":"Очень высокий","sv":"более 2 000","p":2500.0,"q":80.9,"b":0.0,"ms":0.06,"wi":335.42,"ei":9.41,"as":2383.07,"mi":"E","mv":3905592,"sc":1,"lpe":99.94,"lpr":3671.5,"lq":1.0},{"pi":"423722","pc":"Детские товары","ss":1000,"td":"Фешенебельный район","dc":5,"n":179.31,"vc":"около 500","sl":"Очень высокий","sv":"более 2 000","p":2500.0,"q":80.9,"b":0.0,"ms":0.06,"wi":335.42,"ei":9.41,"as":2383.07,"mi":"E","mv":3905592,"sc":1,"lpe":99.94,"lpr":3671.5,"lq":1.0},{"pi":"423722","pc":"Детские товары","ss":1000,"td":"Фешенебельный район","dc":5,"n":179.31,"vc":"около 500","sl":"Очень высокий","sv":"более 2 000","p":2500.0,"q":80.9,"b":0.0,"ms":0.06,"wi":335.42,"ei":9.41,"as":2383.07,"mi":"E","mv":3905592,"sc":1,"lpe":99.94,"lpr":3671.5,"lq":1.0},{"pi":"423722","pc":"Детские товары","ss":1000,"td":"Фешенебельный район","dc":5,"n":179.31,"vc":"около 500","sl":"Очень высокий","sv":"более 2 000","p":2500.0,"q":80.9,"b":0.0,"ms":0.06,"wi":335.42,"ei":9.41,"as":2383.07,"mi":"E","mv":3905592,"sc":1,"lpe":99.94,"lpr":3671.5,"lq":1.0},{"pi":"423722","pc":"Детские товары","ss":1000,"td":"Фешенебельный район","dc":5,"n":179.31,"vc":"около 500","sl":"Очень высокий","sv":"более 2 000","p":2500.0,"q":80.9,"b":0.0,"ms":0.06,"wi":335.42,"ei":9.41,"as":2383.07,"mi":"E","mv":3905592,"sc":1,"lpe":99.94,"lpr":3671.5,"lq":1.0},{"pi":"423722","pc":"Детские товары","ss":10000,"td":"Фешенебельный район","dc":5,"n":421.01,"vc":"более 2 000","sl":"Элитный","sv":"более 1 000","p":2100.0,"q":80.9,"b":0.0,"ms":0.26,"wi":285.17,"ei":9.86,"as":1616.83,"mi":"E","mv":578399,"sc":1,"lpe":99.74,"lpr":4141.56,"lq":1.0},{"pi":"423722","pc":"Детские товары","ss":10000,"td":"Фешенебельный район","dc":5,"n":421.01,"vc":"более 2 000","sl":"Элитный","sv":"более 1 000","p":2100.0,"q":80.9,"b":0.0,"ms":0.26,"wi":285.17,"ei":9.86,"as":1616.83,"mi":"E","mv":578399,"sc":1,"lpe":99.74,"lpr":4141.56,"lq":1.0},{"pi":"423722","pc":"Детские товары","ss":10000,"td":"Фешенебельный район","dc":5,"n":421.01,"vc":"более 2 000","sl":"Элитный","sv":"более 1 000","p":2100.0,"q":80.9,"b":0.0,"ms":0.26,"wi":285.17,"ei":9.86,"as":1616.83,"mi":"E","mv":578399,"sc":1,"lpe":99.74,"lpr":4141.56,"lq":1.0},{"pi":"423722","pc":"Детские товары","ss":10000,"td":"Фешенебельный район","dc":5,"n":421.01,"vc":"более 2 000","sl":"Элитный","sv":"более 1 000","p":2100.0,"q":80.9,"b":0.0,"ms":0.26,"wi":285.17,"ei":9.86,"as":1616.83,"mi":"E","mv":578399,"sc":1,"lpe":99.74,"lpr":4141.56,"lq":1.0},{"pi":"423722","pc":"Детские товары","ss":10000,"td":"Фешенебельный район","dc":5,"n":421.01,"vc":"более 2 000","sl":"Элитный","sv":"более 1 000","p":2100.0,"q":80.9,"b":0.0,"ms":0.26,"wi":285.17,"ei":9.86,"as":1616.83,"mi":"E","mv":578399,"sc":1,"lpe":99.74,"lpr":4141.56,"lq":1.0},{"pi":"423722","pc":"Детские товары","ss":10000,"td":"Фешенебельный район","dc":5,"n":421.01,"vc":"более 2 000","sl":"Элитный","sv":"более 1 000","p":2100.0,"q":80.9,"b":0.0,"ms":0.26,"wi":285.17,"ei":9.86,"as":1616.83,"mi":"E","mv":578399,"sc":1,"lpe":99.74,"lpr":4141.56,"lq":1.0},{"pi":"423722","pc":"Детские товары","ss":10000,"td":"Фешенебельный район","dc":5,"n":421.01,"vc":"более 2 000","sl":"Элитный","sv":"более 1 000","p":2100.0,"q":80.9,"b":0.0,"ms":0.26,"wi":285.17,"ei":9.86,"as":1616.83,"mi":"E","mv":578399,"sc":1,"lpe":99.74,"lpr":4141.56,"lq":1.0},{"pi":"423722","pc":"Детские товары","ss":10000,"td":"Фешенебельный район","dc":5,"n":421.01,"vc":"более 2 000","sl":"Элитный","sv":"более 1 000","p":2100.0,"q":80.9,"b":0.0,"ms":0.26,"wi":285.17,"ei":9.86,"as":1616.83,"mi":"E","mv":578399,"sc":1,"lpe":99.74,"lpr":4141.56,"lq":1.0},{"pi":"423722","pc":"Детские товары","ss":10000,"td":"Фешенебельный район","dc":5,"n":421.01,"vc":"более 2 000","sl":"Элитный","sv":"более 1 000","p":2100.0,"q":80.9,"b":0.0,"ms":0.26,"wi":285.17,"ei":9.86,"as":1616.83,"mi":"E","mv":578399,"sc":1,"lpe":99.74,"lpr":4141.56,"lq":1.0},{"pi":"423722","pc":"Детские товары","ss":10000,"td":"Фешенебельный район","dc":5,"n":421.01,"vc":"более 2 000","sl":"Элитный","sv":"более 1 000","p":2100.0,"q":80.9,"b":0.0,"ms":0.26,"wi":285.17,"ei":9.86,"as":1616.83,"mi":"E","mv":578399,"sc":1,"lpe":99.74,"lpr":4141.56,"lq":1.0},{"pi":"423722","pc":"Детские товары","ss":10000,"td":"Фешенебельный район","dc":5,"n":421.01,"vc":"более 2 000","sl":"Элитный","sv":"более 1 000","p":2100.0,"q":80.9,"b":0.0,"ms":0.26,"wi":285.17,"ei":9.86,"as":1616.83,"mi":"E","mv":578399,"sc":1,"lpe":99.74,"lpr":4141.56,"lq":1.0},{"pi":"423722","pc":"Детские товары","ss":10000,"td":"Фешенебельный район","dc":5,"n":421.01,"vc":"более 2 000","sl":"Элитный","sv":"более 1 000","p":2100.0,"q":80.9,"b":0.0,"ms":0.26,"wi":285.17,"ei":9.86,"as":1616.83,"mi":"E","mv":578399,"sc":1,"lpe":99.74,"lpr":4141.56,"lq":1.0},{"pi":"423722","pc":"Детские товары","ss":10000,"td":"Фешенебельный район","dc":5,"n":421.01,"vc":"более 2 000","sl":"Элитный","sv":"более 1 000","p":2100.0,"q":80.9,"b":0.0,"ms":0.26,"wi":285.17,"ei":9.86,"as":1616.83,"mi":"E","mv":578399,"sc":1,"lpe":99.74,"lpr":4141.56,"lq":1.0},{"pi":"423722","pc":"Детские товары","ss":10000,"td":"Фешенебельный район","dc":5,"n":421.01,"vc":"более 2 000","sl":"Элитный","sv":"более 1 000","p":2100.0,"q":80.9,"b":0.0,"ms":0.26,"wi":285.17,"ei":9.86,"as":1616.83,"mi":"E","mv":578399,"sc":1,"lpe":99.74,"lpr":4141.56,"lq":1.0},{"pi":"423722","pc":"Детские товары","ss":10000,"td":"Фешенебельный район","dc":5,"n":421.01,"vc":"более 2 000","sl":"Элитный","sv":"более 1 000","p":2100.0,"q":80.9,"b":0.0,"ms":0.26,"wi":285.17,"ei":9.86,"as":1616.83,"mi":"E","mv":578399,"sc":1,"lpe":99.74,"lpr":4141.56,"lq":1.0},{"pi":"423722","pc":"Детские товары","ss":10000,"td":"Фешенебельный район","dc":5,"n":421.01,"vc":"более 2 000","sl":"Элитный","sv":"более 1 000","p":2100.0,"q":80.9,"b":0.0,"ms":0.26,"wi":285.17,"ei":9.86,"as":1616.83,"mi":"E","mv":578399,"sc":1,"lpe":99.74,"lpr":4141.56,"lq":1.0},{"pi":"423722","pc":"Детские товары","ss":10000,"td":"Фешенебельный район","dc":5,"n":421.01,"vc":"более 2 000","sl":"Элитный","sv":"более 1 000","p":2100.0,"q":80.9,"b":0.0,"ms":0.26,"wi":285.17,"ei":9.86,"as":1616.83,"mi":"E","mv":578399,"sc":1,"lpe":99.74,"lpr":4141.56,"lq":1.0},{"pi":"423722","pc":"Детские товары","ss":10000,"td":"Фешенебельный район","dc":5,"n":421.01,"vc":"более 2 000","sl":"Элитный","sv":"более 1 000","p":2100.0,"q":80.9,"b":0.0,"ms":0.26,"wi":285.17,"ei":9.86,"as":1616.83,"mi":"E","mv":578399,"sc":1,"lpe":99.74,"lpr":4141.56,"lq":1.0},{"pi":"423722","pc":"Детские товары","ss":10000,"td":"Фешенебельный район","dc":5,"n":421.01,"vc":"более 2 000","sl":"Элитный","sv":"более 1 000","p":2100.0,"q":80.9,"b":0.0,"ms":0.26,"wi":285.17,"ei":9.86,"as":1616.83,"mi":"E","mv":578399,"sc":1,"lpe":99.74,"lpr":4141.56,"lq":1.0},{"pi":"423722","pc":"Детские товары","ss":10000,"td":"Фешенебельный район","dc":5,"n":421.01,"vc":"более 2 000","sl":"Элитный","sv":"более 1 000","p":2100.0,"q":80.9,"b":0.0,"ms":0.26,"wi":285.17,"ei":9.86,"as":1616.83,"mi":"E","mv":578399,"sc":1,"lpe":99.74,"lpr":4141.56,"lq":1.0},{"pi":"423722","pc":"Детские товары","ss":10000,"td":"Фешенебельный район","dc":5,"n":421.01,"vc":"более 2 000","sl":"Элитный","sv":"более 1 000","p":2100.0,"q":80.9,"b":0.0,"ms":0.26,"wi":285.17,"ei":9.86,"as":1616.83,"mi":"E","mv":578399,"sc":1,"lpe":99.74,"lpr":4141.56,"lq":1.0},{"pi":"423722","pc":"Детские товары","ss":10000,"td":"Фешенебельный район","dc":5,"n":421.01,"vc":"более 2 000","sl":"Элитный","sv":"более 1 000","p":2100.0,"q":80.9,"b":0.0,"ms":0.26,"wi":285.17,"ei":9.86,"as":1616.83,"mi":"E","mv":578399,"sc":1,"lpe":99.74,"lpr":4141.56,"lq":1.0},{"pi":"423722","pc":"Детские товары","ss":10000,"td":"Фешенебельный район","dc":5,"n":421.01,"vc":"более 2 000","sl":"Элитный","sv":"более 1 000","p":2100.0,"q":80.9,"b":0.0,"ms":0.26,"wi":285.17,"ei":9.86,"as":1616.83,"mi":"E","mv":578399,"sc":1,"lpe":99.74,"lpr":4141.56,"lq":1.0},{"pi":"423722","pc":"Детские товары","ss":10000,"td":"Фешенебельный район","dc":5,"n":421.01,"vc":"более 2 000","sl":"Элитный","sv":"более 1 000","p":2100.0,"q":80.9,"b":0.0,"ms":0.26,"wi":285.17,"ei":9.86,"as":1616.83,"mi":"E","mv":578399,"sc":1,"lpe":99.74,"lpr":4141.56,"lq":1.0},{"pi":"423722","pc":"Детские товары","ss":10000,"td":"Фешенебельный район","dc":5,"n":421.01,"vc":"более 2 000","sl":"Элитный","sv":"более 1 000","p":2100.0,"q":80.9,"b":0.0,"ms":0.26,"wi":285.17,"ei":9.86,"as":1616.83,"mi":"E","mv":578399,"sc":1,"lpe":99.74,"lpr":4141.56,"lq":1.0},{"pi":"423722","pc":"Детские товары","ss":10000,"td":"Фешенебельный район","dc":5,"n":421.01,"vc":"более 2 000","sl":"Элитный","sv":"более 1 000","p":2100.0,"q":80.9,"b":0.0,"ms":0.26,"wi":285.17,"ei":9.86,"as":1616.83,"mi":"E","mv":578399,"sc":1,"lpe":99.74,"lpr":4141.56,"lq":1.0},{"pi":"423722","pc":"Детские товары","ss":10000,"td":"Фешенебельный район","dc":5,"n":421.01,"vc":"более 2 000","sl":"Элитный","sv":"более 1 000","p":2100.0,"q":80.9,"b":0.0,"ms":0.26,"wi":285.17,"ei":9.86,"as":1616.83,"mi":"E","mv":578399,"sc":1,"lpe":99.74,"lpr":4141.56,"lq":1.0},{"pi":"423722","pc":"Детские товары","ss":500,"td":"Центр города","dc":9,"n":2.26,"vc":"более 100","sl":"Нормальный","sv":"менее 50","p":250.0,"q":55.17,"b":0.0,"ms":0.0,"wi":75.99,"ei":6.1,"as":313.02,"mi":"E","mv":279509,"sc":1,"lpe":100.0,"lpr":988.83,"lq":1.0},{"pi":"423722","pc":"Детские товары","ss":500,"td":"Центр города","dc":9,"n":2.26,"vc":"более 100","sl":"Нормальный","sv":"менее 50","p":250.0,"q":55.17,"b":0.0,"ms":0.0,"wi":75.99,"ei":6.1,"as":313.02,"mi":"E","mv":279509,"sc":1,"lpe":100.0,"lpr":988.83,"lq":1.0},{"pi":"423722","pc":"Детские товары","ss":500,"td":"Центр города","dc":9,"n":2.26,"vc":"более 100","sl":"Нормальный","sv":"менее 50","p":250.0,"q":55.17,"b":0.0,"ms":0.0,"wi":75.99,"ei":6.1,"as":313.02,"mi":"E","mv":279509,"sc":1,"lpe":100.0,"lpr":988.83,"lq":1.0},{"pi":"423722","pc":"Детские товары","ss":500,"td":"Центр города","dc":9,"n":2.26,"vc":"более 100","sl":"Нормальный","sv":"менее 50","p":250.0,"q":55.17,"b":0.0,"ms":0.0,"wi":75.99,"ei":6.1,"as":313.02,"mi":"E","mv":279509,"sc":1,"lpe":100.0,"lpr":988.83,"lq":1.0},{"pi":"423722","pc":"Детские товары","ss":500,"td":"Центр города","dc":9,"n":2.26,"vc":"более 100","sl":"Нормальный","sv":"менее 50","p":250.0,"q":55.17,"b":0.0,"ms":0.0,"wi":75.99,"ei":6.1,"as":313.02,"mi":"E","mv":279509,"sc":1,"lpe":100.0,"lpr":988.83,"lq":1.0},{"pi":"423722","pc":"Детские товары","ss":500,"td":"Центр города","dc":9,"n":2.26,"vc":"более 100","sl":"Нормальный","sv":"менее 50","p":250.0,"q":55.17,"b":0.0,"ms":0.0,"wi":75.99,"ei":6.1,"as":313.02,"mi":"E","mv":279509,"sc":1,"lpe":100.0,"lpr":988.83,"lq":1.0},{"pi":"423722","pc":"Детские товары","ss":500,"td":"Центр города","dc":9,"n":2.26,"vc":"более 100","sl":"Нормальный","sv":"менее 50","p":250.0,"q":55.17,"b":0.0,"ms":0.0,"wi":75.99,"ei":6.1,"as":313.02,"mi":"E","mv":279509,"sc":1,"lpe":100.0,"lpr":988.83,"lq":1.0},{"pi":"423722","pc":"Детские товары","ss":500,"td":"Центр города","dc":9,"n":2.26,"vc":"более 100","sl":"Нормальный","sv":"менее 50","p":250.0,"q":55.17,"b":0.0,"ms":0.0,"wi":75.99,"ei":6.1,"as":313.02,"mi":"E","mv":279509,"sc":1,"lpe":100.0,"lpr":988.83,"lq":1.0},{"pi":"423722","pc":"Детские товары","ss":500,"td":"Центр города","dc":9,"n":2.26,"vc":"более 100","sl":"Нормальный","sv":"менее 50","p":250.0,"q":55.17,"b":0.0,"ms":0.0,"wi":75.99,"ei":6.1,"as":313.02,"mi":"E","mv":279509,"sc":1,"lpe":100.0,"lpr":988.83,"lq":1.0},{"pi":"423722","pc":"Детские товары","ss":500,"td":"Центр города","dc":9,"n":2.26,"vc":"более 100","sl":"Нормальный","sv":"менее 50","p":250.0,"q":55.17,"b":0.0,"ms":0.0,"wi":75.99,"ei":6.1,"as":313.02,"mi":"E","mv":279509,"sc":1,"lpe":100.0,"lpr":988.83,"lq":1.0},{"pi":"423722","pc":"Детские товары","ss":500,"td":"Центр города","dc":9,"n":2.26,"vc":"более 100","sl":"Нормальный","sv":"менее 50","p":250.0,"q":55.17,"b":0.0,"ms":0.0,"wi":75.99,"ei":6.1,"as":313.02,"mi":"E","mv":279509,"sc":1,"lpe":100.0,"lpr":988.83,"lq":1.0},{"pi":"423722","pc":"Детские товары","ss":500,"td":"Центр города","dc":9,"n":2.26,"vc":"более 100","sl":"Нормальный","sv":"менее 50","p":250.0,"q":55.17,"b":0.0,"ms":0.0,"wi":75.99,"ei":6.1,"as":313.02,"mi":"E","mv":279509,"sc":1,"lpe":100.0,"lpr":988.83,"lq":1.0},{"pi":"423722","pc":"Детские товары","ss":500,"td":"Центр города","dc":9,"n":2.26,"vc":"более 100","sl":"Нормальный","sv":"менее 50","p":250.0,"q":55.17,"b":0.0,"ms":0.0,"wi":75.99,"ei":6.1,"as":313.02,"mi":"E","mv":279509,"sc":1,"lpe":100.0,"lpr":988.83,"lq":1.0},{"pi":"423722","pc":"Детские товары","ss":500,"td":"Центр города","dc":9,"n":2.26,"vc":"более 100","sl":"Нормальный","sv":"менее 50","p":250.0,"q":55.17,"b":0.0,"ms":0.0,"wi":75.99,"ei":6.1,"as":313.02,"mi":"E","mv":279509,"sc":1,"lpe":100.0,"lpr":988.83,"lq":1.0},{"pi":"423722","pc":"Детские товары","ss":500,"td":"Центр города","dc":9,"n":2.26,"vc":"более 100","sl":"Нормальный","sv":"менее 50","p":250.0,"q":55.17,"b":0.0,"ms":0.0,"wi":75.99,"ei":6.1,"as":313.02,"mi":"E","mv":279509,"sc":1,"lpe":100.0,"lpr":988.83,"lq":1.0},{"pi":"423722","pc":"Детские товары","ss":500,"td":"Центр города","dc":9,"n":2.26,"vc":"более 100","sl":"Нормальный","sv":"менее 50","p":250.0,"q":55.17,"b":0.0,"ms":0.0,"wi":75.99,"ei":6.1,"as":313.02,"mi":"E","mv":279509,"sc":1,"lpe":100.0,"lpr":988.83,"lq":1.0},{"pi":"423722","pc":"Детские товары","ss":500,"td":"Центр города","dc":9,"n":2.26,"vc":"более 100","sl":"Нормальный","sv":"менее 50","p":250.0,"q":55.17,"b":0.0,"ms":0.0,"wi":75.99,"ei":6.1,"as":313.02,"mi":"E","mv":279509,"sc":1,"lpe":100.0,"lpr":988.83,"lq":1.0},{"pi":"423722","pc":"Детские товары","ss":500,"td":"Центр города","dc":9,"n":2.26,"vc":"более 100","sl":"Нормальный","sv":"менее 50","p":250.0,"q":55.17,"b":0.0,"ms":0.0,"wi":75.99,"ei":6.1,"as":313.02,"mi":"E","mv":279509,"sc":1,"lpe":100.0,"lpr":988.83,"lq":1.0},{"pi":"423722","pc":"Детские товары","ss":500,"td":"Центр города","dc":9,"n":2.26,"vc":"более 100","sl":"Нормальный","sv":"менее 50","p":250.0,"q":55.17,"b":0.0,"ms":0.0,"wi":75.99,"ei":6.1,"as":313.02,"mi":"E","mv":279509,"sc":1,"lpe":100.0,"lpr":988.83,"lq":1.0},{"pi":"423722","pc":"Детские товары","ss":500,"td":"Центр города","dc":9,"n":2.26,"vc":"более 100","sl":"Нормальный","sv":"менее 50","p":250.0,"q":55.17,"b":0.0,"ms":0.0,"wi":75.99,"ei":6.1,"as":313.02,"mi":"E","mv":279509,"sc":1,"lpe":100.0,"lpr":988.83,"lq":1.0},{"pi":"423722","pc":"Детские товары","ss":500,"td":"Центр города","dc":9,"n":2.26,"vc":"более 100","sl":"Нормальный","sv":"менее 50","p":250.0,"q":55.17,"b":0.0,"ms":0.0,"wi":75.99,"ei":6.1,"as":313.02,"mi":"E","mv":279509,"sc":1,"lpe":100.0,"lpr":988.83,"lq":1.0},{"pi":"423722","pc":"Детские товары","ss":500,"td":"Центр города","dc":9,"n":2.26,"vc":"более 100","sl":"Нормальный","sv":"менее 50","p":250.0,"q":55.17,"b":0.0,"ms":0.0,"wi":75.99,"ei":6.1,"as":313.02,"mi":"E","mv":279509,"sc":1,"lpe":100.0,"lpr":988.83,"lq":1.0},{"pi":"423722","pc":"Детские товары","ss":500,"td":"Центр города","dc":9,"n":2.26,"vc":"более 100","sl":"Нормальный","sv":"менее 50","p":250.0,"q":55.17,"b":0.0,"ms":0.0,"wi":75.99,"ei":6.1,"as":313.02,"mi":"E","mv":279509,"sc":1,"lpe":100.0,"lpr":988.83,"lq":1.0},{"pi":"423722","pc":"Детские товары","ss":500,"td":"Центр города","dc":9,"n":2.26,"vc":"более 100","sl":"Нормальный","sv":"менее 50","p":250.0,"q":55.17,"b":0.0,"ms":0.0,"wi":75.99,"ei":6.1,"as":313.02,"mi":"E","mv":279509,"sc":1,"lpe":100.0,"lpr":988.83,"lq":1.0},{"pi":"423722","pc":"Детские товары","ss":500,"td":"Центр города","dc":9,"n":2.26,"vc":"более 100","sl":"Нормальный","sv":"менее 50","p":250.0,"q":55.17,"b":0.0,"ms":0.0,"wi":75.99,"ei":6.1,"as":313.02,"mi":"E","mv":279509,"sc":1,"lpe":100.0,"lpr":988.83,"lq":1.0},{"pi":"423722","pc":"Детские товары","ss":500,"td":"Центр города","dc":9,"n":2.26,"vc":"более 100","sl":"Нормальный","sv":"менее 50","p":250.0,"q":55.17,"b":0.0,"ms":0.0,"wi":75.99,"ei":6.1,"as":313.02,"mi":"E","mv":279509,"sc":1,"lpe":100.0,"lpr":988.83,"lq":1.0},{"pi":"423722","pc":"Детские товары","ss":500,"td":"Центр города","dc":9,"n":2.26,"vc":"более 100","sl":"Нормальный","sv":"менее 50","p":250.0,"q":55.17,"b":0.0,"ms":0.0,"wi":75.99,"ei":6.1,"as":313.02,"mi":"E","mv":279509,"sc":1,"lpe":100.0,"lpr":988.83,"lq":1.0},{"pi":"423722","pc":"Детские товары","ss":500,"td":"Центр города","dc":9,"n":2.26,"vc":"более 100","sl":"Нормальный","sv":"менее 50","p":250.0,"q":55.17,"b":0.0,"ms":0.0,"wi":75.99,"ei":6.1,"as":313.02,"mi":"E","mv":279509,"sc":1,"lpe":100.0,"lpr":988.83,"lq":1.0},{"pi":"423722","pc":"Детские товары","ss":500,"td":"Центр города","dc":9,"n":2.26,"vc":"более 100","sl":"Нормальный","sv":"менее 50","p":250.0,"q":55.17,"b":0.0,"ms":0.0,"wi":75.99,"ei":6.1,"as":313.02,"mi":"E","mv":279509,"sc":1,"lpe":100.0,"lpr":988.83,"lq":1.0},{"pi":"423722","pc":"Детские товары","ss":500,"td":"Центр города","dc":9,"n":2.26,"vc":"более 100","sl":"Нормальный","sv":"менее 50","p":250.0,"q":55.17,"b":0.0,"ms":0.0,"wi":75.99,"ei":6.1,"as":313.02,"mi":"E","mv":279509,"sc":1,"lpe":100.0,"lpr":988.83,"lq":1.0},{"pi":"423722","pc":"Детские товары","ss":500,"td":"Центр города","dc":9,"n":2.26,"vc":"более 100","sl":"Нормальный","sv":"менее 50","p":250.0,"q":55.17,"b":0.0,"ms":0.0,"wi":75.99,"ei":6.1,"as":313.02,"mi":"E","mv":279509,"sc":1,"lpe":100.0,"lpr":988.83,"lq":1.0},{"pi":"423722","pc":"Детские товары","ss":500,"td":"Центр города","dc":9,"n":2.26,"vc":"более 100","sl":"Нормальный","sv":"менее 50","p":250.0,"q":55.17,"b":0.0,"ms":0.0,"wi":75.99,"ei":6.1,"as":313.02,"mi":"E","mv":279509,"sc":1,"lpe":100.0,"lpr":988.83,"lq":1.0},{"pi":"423722","pc":"Детские товары","ss":500,"td":"Центр города","dc":9,"n":2.26,"vc":"более 100","sl":"Нормальный","sv":"менее 50","p":250.0,"q":55.17,"b":0.0,"ms":0.0,"wi":75.99,"ei":6.1,"as":313.02,"mi":"E","mv":279509,"sc":1,"lpe":100.0,"lpr":988.83,"lq":1.0},{"pi":"423722","pc":"Детские товары","ss":500,"td":"Центр города","dc":9,"n":2.26,"vc":"более 100","sl":"Нормальный","sv":"менее 50","p":250.0,"q":55.17,"b":0.0,"ms":0.0,"wi":75.99,"ei":6.1,"as":313.02,"mi":"E","mv":279509,"sc":1,"lpe":100.0,"lpr":988.83,"lq":1.0},{"pi":"423722","pc":"Детские товары","ss":500,"td":"Центр города","dc":9,"n":2.26,"vc":"более 100","sl":"Нормальный","sv":"менее 50","p":250.0,"q":55.17,"b":0.0,"ms":0.0,"wi":75.99,"ei":6.1,"as":313.02,"mi":"E","mv":279509,"sc":1,"lpe":100.0,"lpr":988.83,"lq":1.0},{"pi":"423722","pc":"Детские товары","ss":500,"td":"Центр города","dc":9,"n":2.26,"vc":"более 100","sl":"Нормальный","sv":"менее 50","p":250.0,"q":55.17,"b":0.0,"ms":0.0,"wi":75.99,"ei":6.1,"as":313.02,"mi":"E","mv":279509,"sc":1,"lpe":100.0,"lpr":988.83,"lq":1.0},{"pi":"423722","pc":"Детские товары","ss":500,"td":"Центр города","dc":9,"n":2.26,"vc":"более 100","sl":"Нормальный","sv":"менее 50","p":250.0,"q":55.17,"b":0.0,"ms":0.0,"wi":75.99,"ei":6.1,"as":313.02,"mi":"E","mv":279509,"sc":1,"lpe":100.0,"lpr":988.83,"lq":1.0},{"pi":"423722","pc":"Детские товары","ss":500,"td":"Центр города","dc":9,"n":2.26,"vc":"более 100","sl":"Нормальный","sv":"менее 50","p":250.0,"q":55.17,"b":0.0,"ms":0.0,"wi":75.99,"ei":6.1,"as":313.02,"mi":"E","mv":279509,"sc":1,"lpe":100.0,"lpr":988.83,"lq":1.0},{"pi":"423722","pc":"Детские товары","ss":500,"td":"Центр города","dc":9,"n":2.26,"vc":"более 100","sl":"Нормальный","sv":"менее 50","p":250.0,"q":55.17,"b":0.0,"ms":0.0,"wi":75.99,"ei":6.1,"as":313.02,"mi":"E","mv":279509,"sc":1,"lpe":100.0,"lpr":988.83,"lq":1.0},{"pi":"423722","pc":"Детские товары","ss":500,"td":"Центр города","dc":9,"n":2.26,"vc":"более 100","sl":"Нормальный","sv":"менее 50","p":250.0,"q":55.17,"b":0.0,"ms":0.0,"wi":75.99,"ei":6.1,"as":313.02,"mi":"E","mv":279509,"sc":1,"lpe":100.0,"lpr":988.83,"lq":1.0},{"pi":"423722","pc":"Детские товары","ss":500,"td":"Центр города","dc":9,"n":2.26,"vc":"более 100","sl":"Нормальный","sv":"менее 50","p":250.0,"q":55.17,"b":0.0,"ms":0.0,"wi":75.99,"ei":6.1,"as":313.02,"mi":"E","mv":279509,"sc":1,"lpe":100.0,"lpr":988.83,"lq":1.0},{"pi":"423722","pc":"Детские товары","ss":500,"td":"Центр города","dc":9,"n":2.26,"vc":"более 100","sl":"Нормальный","sv":"менее 50","p":250.0,"q":55.17,"b":0.0,"ms":0.0,"wi":75.99,"ei":6.1,"as":313.02,"mi":"E","mv":279509,"sc":1,"lpe":100.0,"lpr":988.83,"lq":1.0},{"pi":"423722","pc":"Детские товары","ss":500,"td":"Центр города","dc":9,"n":2.26,"vc":"более 100","sl":"Нормальный","sv":"менее 50","p":250.0,"q":55.17,"b":0.0,"ms":0.0,"wi":75.99,"ei":6.1,"as":313.02,"mi":"E","mv":279509,"sc":1,"lpe":100.0,"lpr":988.83,"lq":1.0},{"pi":"423722","pc":"Детские товары","ss":500,"td":"Центр города","dc":9,"n":2.26,"vc":"более 100","sl":"Нормальный","sv":"менее 50","p":250.0,"q":55.17,"b":0.0,"ms":0.0,"wi":75.99,"ei":6.1,"as":313.02,"mi":"E","mv":279509,"sc":1,"lpe":100.0,"lpr":988.83,"lq":1.0},{"pi":"423722","pc":"Детские товары","ss":500,"td":"Центр города","dc":9,"n":2.26,"vc":"более 100","sl":"Нормальный","sv":"менее 50","p":250.0,"q":55.17,"b":0.0,"ms":0.0,"wi":75.99,"ei":6.1,"as":313.02,"mi":"E","mv":279509,"sc":1,"lpe":100.0,"lpr":988.83,"lq":1.0},{"pi":"423722","pc":"Детские товары","ss":500,"td":"Центр города","dc":9,"n":2.26,"vc":"более 100","sl":"Нормальный","sv":"менее 50","p":250.0,"q":55.17,"b":0.0,"ms":0.0,"wi":75.99,"ei":6.1,"as":313.02,"mi":"E","mv":279509,"sc":1,"lpe":100.0,"lpr":988.83,"lq":1.0},{"pi":"423722","pc":"Детские товары","ss":500,"td":"Центр города","dc":9,"n":2.26,"vc":"более 100","sl":"Нормальный","sv":"менее 50","p":250.0,"q":55.17,"b":0.0,"ms":0.0,"wi":75.99,"ei":6.1,"as":313.02,"mi":"E","mv":279509,"sc":1,"lpe":100.0,"lpr":988.83,"lq":1.0},{"pi":"423722","pc":"Детские товары","ss":500,"td":"Центр города","dc":9,"n":2.26,"vc":"более 100","sl":"Нормальный","sv":"менее 50","p":250.0,"q":55.17,"b":0.0,"ms":0.0,"wi":75.99,"ei":6.1,"as":313.02,"mi":"E","mv":279509,"sc":1,"lpe":100.0,"lpr":988.83,"lq":1.0},{"pi":"423722","pc":"Детские товары","ss":500,"td":"Центр города","dc":9,"n":2.26,"vc":"более 100","sl":"Нормальный","sv":"менее 50","p":250.0,"q":55.17,"b":0.0,"ms":0.0,"wi":75.99,"ei":6.1,"as":313.02,"mi":"E","mv":279509,"sc":1,"lpe":100.0,"lpr":988.83,"lq":1.0},{"pi":"423722","pc":"Детские товары","ss":500,"td":"Центр города","dc":9,"n":2.26,"vc":"более 100","sl":"Нормальный","sv":"менее 50","p":250.0,"q":55.17,"b":0.0,"ms":0.0,"wi":75.99,"ei":6.1,"as":313.02,"mi":"E","mv":279509,"sc":1,"lpe":100.0,"lpr":988.83,"lq":1.0},{"pi":"423722","pc":"Детские товары","ss":500,"td":"Центр города","dc":9,"n":2.26,"vc":"более 100","sl":"Нормальный","sv":"менее 50","p":250.0,"q":55.17,"b":0.0,"ms":0.0,"wi":75.99,"ei":6.1,"as":313.02,"mi":"E","mv":279509,"sc":1,"lpe":100.0,"lpr":988.83,"lq":1.0},{"pi":"423722","pc":"Детские товары","ss":500,"td":"Центр города","dc":9,"n":2.26,"vc":"более 100","sl":"Нормальный","sv":"менее 50","p":250.0,"q":55.17,"b":0.0,"ms":0.0,"wi":75.99,"ei":6.1,"as":313.02,"mi":"E","mv":279509,"sc":1,"lpe":100.0,"lpr":988.83,"lq":1.0},{"pi":"423722","pc":"Детские товары","ss":500,"td":"Центр города","dc":9,"n":2.26,"vc":"более 100","sl":"Нормальный","sv":"менее 50","p":250.0,"q":55.17,"b":0.0,"ms":0.0,"wi":75.99,"ei":6.1,"as":313.02,"mi":"E","mv":279509,"sc":1,"lpe":100.0,"lpr":988.83,"lq":1.0},{"pi":"423722","pc":"Детские товары","ss":500,"td":"Центр города","dc":9,"n":2.26,"vc":"более 100","sl":"Нормальный","sv":"менее 50","p":250.0,"q":55.17,"b":0.0,"ms":0.0,"wi":75.99,"ei":6.1,"as":313.02,"mi":"E","mv":279509,"sc":1,"lpe":100.0,"lpr":988.83,"lq":1.0},{"pi":"423722","pc":"Детские товары","ss":500,"td":"Центр города","dc":9,"n":2.26,"vc":"более 100","sl":"Нормальный","sv":"менее 50","p":250.0,"q":55.17,"b":0.0,"ms":0.0,"wi":75.99,"ei":6.1,"as":313.02,"mi":"E","mv":279509,"sc":1,"lpe":100.0,"lpr":988.83,"lq":1.0},{"pi":"423722","pc":"Детские товары","ss":500,"td":"Центр города","dc":9,"n":2.26,"vc":"более 100","sl":"Нормальный","sv":"менее 50","p":250.0,"q":55.17,"b":0.0,"ms":0.0,"wi":75.99,"ei":6.1,"as":313.02,"mi":"E","mv":279509,"sc":1,"lpe":100.0,"lpr":988.83,"lq":1.0},{"pi":"423722","pc":"Детские товары","ss":500,"td":"Центр города","dc":9,"n":2.26,"vc":"более 100","sl":"Нормальный","sv":"менее 50","p":250.0,"q":55.17,"b":0.0,"ms":0.0,"wi":75.99,"ei":6.1,"as":313.02,"mi":"E","mv":279509,"sc":1,"lpe":100.0,"lpr":988.83,"lq":1.0},{"pi":"423722","pc":"Детские товары","ss":500,"td":"Центр города","dc":9,"n":2.26,"vc":"более 100","sl":"Нормальный","sv":"менее 50","p":250.0,"q":55.17,"b":0.0,"ms":0.0,"wi":75.99,"ei":6.1,"as":313.02,"mi":"E","mv":279509,"sc":1,"lpe":100.0,"lpr":988.83,"lq":1.0},{"pi":"423722","pc":"Детские товары","ss":500,"td":"Фешенебельный район","dc":7,"n":44.88,"vc":"менее 50","sl":"Элитный","sv":"более 1 000","p":1000.0,"q":52.72,"b":0.0,"ms":0.78,"wi":68.54,"ei":5.57,"as":306.74,"mi":"E","mv":151569,"sc":1,"lpe":99.22,"lpr":986.81,"lq":1.0},{"pi":"423722","pc":"Детские товары","ss":500,"td":"Фешенебельный район","dc":7,"n":44.88,"vc":"менее 50","sl":"Элитный","sv":"более 1 000","p":1000.0,"q":52.72,"b":0.0,"ms":0.78,"wi":68.54,"ei":5.57,"as":306.74,"mi":"E","mv":151569,"sc":1,"lpe":99.22,"lpr":986.81,"lq":1.0},{"pi":"423722","pc":"Детские товары","ss":500,"td":"Фешенебельный район","dc":7,"n":44.88,"vc":"менее 50","sl":"Элитный","sv":"более 1 000","p":1000.0,"q":52.72,"b":0.0,"ms":0.78,"wi":68.54,"ei":5.57,"as":306.74,"mi":"E","mv":151569,"sc":1,"lpe":99.22,"lpr":986.81,"lq":1.0},{"pi":"423722","pc":"Детские товары","ss":500,"td":"Фешенебельный район","dc":7,"n":44.88,"vc":"менее 50","sl":"Элитный","sv":"более 1 000","p":1000.0,"q":52.72,"b":0.0,"ms":0.78,"wi":68.54,"ei":5.57,"as":306.74,"mi":"E","mv":151569,"sc":1,"lpe":99.22,"lpr":986.81,"lq":1.0},{"pi":"423722","pc":"Детские товары","ss":500,"td":"Фешенебельный район","dc":7,"n":44.88,"vc":"менее 50","sl":"Элитный","sv":"более 1 000","p":1000.0,"q":52.72,"b":0.0,"ms":0.78,"wi":68.54,"ei":5.57,"as":306.74,"mi":"E","mv":151569,"sc":1,"lpe":99.22,"lpr":986.81,"lq":1.0},{"pi":"423722","pc":"Детские товары","ss":500,"td":"Фешенебельный район","dc":7,"n":44.88,"vc":"менее 50","sl":"Элитный","sv":"более 1 000","p":1000.0,"q":52.72,"b":0.0,"ms":0.78,"wi":68.54,"ei":5.57,"as":306.74,"mi":"E","mv":151569,"sc":1,"lpe":99.22,"lpr":986.81,"lq":1.0},{"pi":"423722","pc":"Детские товары","ss":500,"td":"Фешенебельный район","dc":7,"n":44.88,"vc":"менее 50","sl":"Элитный","sv":"более 1 000","p":1000.0,"q":52.72,"b":0.0,"ms":0.78,"wi":68.54,"ei":5.57,"as":306.74,"mi":"E","mv":151569,"sc":1,"lpe":99.22,"lpr":986.81,"lq":1.0},{"pi":"423722","pc":"Детские товары","ss":500,"td":"Фешенебельный район","dc":7,"n":44.88,"vc":"менее 50","sl":"Элитный","sv":"более 1 000","p":1000.0,"q":52.72,"b":0.0,"ms":0.78,"wi":68.54,"ei":5.57,"as":306.74,"mi":"E","mv":151569,"sc":1,"lpe":99.22,"lpr":986.81,"lq":1.0},{"pi":"423722","pc":"Детские товары","ss":500,"td":"Фешенебельный район","dc":7,"n":44.88,"vc":"менее 50","sl":"Элитный","sv":"более 1 000","p":1000.0,"q":52.72,"b":0.0,"ms":0.78,"wi":68.54,"ei":5.57,"as":306.74,"mi":"E","mv":151569,"sc":1,"lpe":99.22,"lpr":986.81,"lq":1.0},{"pi":"423722","pc":"Детские товары","ss":500,"td":"Фешенебельный район","dc":7,"n":44.88,"vc":"менее 50","sl":"Элитный","sv":"более 1 000","p":1000.0,"q":52.72,"b":0.0,"ms":0.78,"wi":68.54,"ei":5.57,"as":306.74,"mi":"E","mv":151569,"sc":1,"lpe":99.22,"lpr":986.81,"lq":1.0},{"pi":"423722","pc":"Детские товары","ss":500,"td":"Фешенебельный район","dc":7,"n":44.88,"vc":"менее 50","sl":"Элитный","sv":"более 1 000","p":1000.0,"q":52.72,"b":0.0,"ms":0.78,"wi":68.54,"ei":5.57,"as":306.74,"mi":"E","mv":151569,"sc":1,"lpe":99.22,"lpr":986.81,"lq":1.0},{"pi":"423722","pc":"Детские товары","ss":500,"td":"Фешенебельный район","dc":7,"n":44.88,"vc":"менее 50","sl":"Элитный","sv":"более 1 000","p":1000.0,"q":52.72,"b":0.0,"ms":0.78,"wi":68.54,"ei":5.57,"as":306.74,"mi":"E","mv":151569,"sc":1,"lpe":99.22,"lpr":986.81,"lq":1.0},{"pi":"423722","pc":"Детские товары","ss":500,"td":"Фешенебельный район","dc":7,"n":44.88,"vc":"менее 50","sl":"Элитный","sv":"более 1 000","p":1000.0,"q":52.72,"b":0.0,"ms":0.78,"wi":68.54,"ei":5.57,"as":306.74,"mi":"E","mv":151569,"sc":1,"lpe":99.22,"lpr":986.81,"lq":1.0},{"pi":"423722","pc":"Детские товары","ss":500,"td":"Фешенебельный район","dc":7,"n":44.88,"vc":"менее 50","sl":"Элитный","sv":"более 1 000","p":1000.0,"q":52.72,"b":0.0,"ms":0.78,"wi":68.54,"ei":5.57,"as":306.74,"mi":"E","mv":151569,"sc":1,"lpe":99.22,"lpr":986.81,"lq":1.0},{"pi":"423722","pc":"Детские товары","ss":500,"td":"Фешенебельный район","dc":7,"n":44.88,"vc":"менее 50","sl":"Элитный","sv":"более 1 000","p":1000.0,"q":52.72,"b":0.0,"ms":0.78,"wi":68.54,"ei":5.57,"as":306.74,"mi":"E","mv":151569,"sc":1,"lpe":99.22,"lpr":986.81,"lq":1.0},{"pi":"423722","pc":"Детские товары","ss":500,"td":"Фешенебельный район","dc":7,"n":44.88,"vc":"менее 50","sl":"Элитный","sv":"более 1 000","p":1000.0,"q":52.72,"b":0.0,"ms":0.78,"wi":68.54,"ei":5.57,"as":306.74,"mi":"E","mv":151569,"sc":1,"lpe":99.22,"lpr":986.81,"lq":1.0},{"pi":"423722","pc":"Детские товары","ss":500,"td":"Фешенебельный район","dc":7,"n":44.88,"vc":"менее 50","sl":"Элитный","sv":"более 1 000","p":1000.0,"q":52.72,"b":0.0,"ms":0.78,"wi":68.54,"ei":5.57,"as":306.74,"mi":"E","mv":151569,"sc":1,"lpe":99.22,"lpr":986.81,"lq":1.0},{"pi":"423722","pc":"Детские товары","ss":500,"td":"Фешенебельный район","dc":7,"n":44.88,"vc":"менее 50","sl":"Элитный","sv":"более 1 000","p":1000.0,"q":52.72,"b":0.0,"ms":0.78,"wi":68.54,"ei":5.57,"as":306.74,"mi":"E","mv":151569,"sc":1,"lpe":99.22,"lpr":986.81,"lq":1.0},{"pi":"423722","pc":"Детские товары","ss":500,"td":"Фешенебельный район","dc":7,"n":44.88,"vc":"менее 50","sl":"Элитный","sv":"более 1 000","p":1000.0,"q":52.72,"b":0.0,"ms":0.78,"wi":68.54,"ei":5.57,"as":306.74,"mi":"E","mv":151569,"sc":1,"lpe":99.22,"lpr":986.81,"lq":1.0},{"pi":"423722","pc":"Детские товары","ss":500,"td":"Фешенебельный район","dc":7,"n":44.88,"vc":"менее 50","sl":"Элитный","sv":"более 1 000","p":1000.0,"q":52.72,"b":0.0,"ms":0.78,"wi":68.54,"ei":5.57,"as":306.74,"mi":"E","mv":151569,"sc":1,"lpe":99.22,"lpr":986.81,"lq":1.0},{"pi":"423722","pc":"Детские товары","ss":500,"td":"Фешенебельный район","dc":7,"n":44.88,"vc":"менее 50","sl":"Элитный","sv":"более 1 000","p":1000.0,"q":52.72,"b":0.0,"ms":0.78,"wi":68.54,"ei":5.57,"as":306.74,"mi":"E","mv":151569,"sc":1,"lpe":99.22,"lpr":986.81,"lq":1.0},{"pi":"423722","pc":"Детские товары","ss":500,"td":"Фешенебельный район","dc":7,"n":44.88,"vc":"менее 50","sl":"Элитный","sv":"более 1 000","p":1000.0,"q":52.72,"b":0.0,"ms":0.78,"wi":68.54,"ei":5.57,"as":306.74,"mi":"E","mv":151569,"sc":1,"lpe":99.22,"lpr":986.81,"lq":1.0},{"pi":"423722","pc":"Детские товары","ss":500,"td":"Фешенебельный район","dc":7,"n":44.88,"vc":"менее 50","sl":"Элитный","sv":"более 1 000","p":1000.0,"q":52.72,"b":0.0,"ms":0.78,"wi":68.54,"ei":5.57,"as":306.74,"mi":"E","mv":151569,"sc":1,"lpe":99.22,"lpr":986.81,"lq":1.0},{"pi":"423722","pc":"Детские товары","ss":500,"td":"Фешенебельный район","dc":7,"n":44.88,"vc":"менее 50","sl":"Элитный","sv":"более 1 000","p":1000.0,"q":52.72,"b":0.0,"ms":0.78,"wi":68.54,"ei":5.57,"as":306.74,"mi":"E","mv":151569,"sc":1,"lpe":99.22,"lpr":986.81,"lq":1.0},{"pi":"423722","pc":"Детские товары","ss":500,"td":"Фешенебельный район","dc":7,"n":44.88,"vc":"менее 50","sl":"Элитный","sv":"более 1 000","p":1000.0,"q":52.72,"b":0.0,"ms":0.78,"wi":68.54,"ei":5.57,"as":306.74,"mi":"E","mv":151569,"sc":1,"lpe":99.22,"lpr":986.81,"lq":1.0}]