[{"pi":"423722","pc":"Детские товары","ss":1000,"td":"Центр города","dc":1,"n":75.32,"vc":"около 500","sl":"Элитный","sv":"менее 50","p":2000.0,"q":10.79,"b":0.0,"wi":75.11,"ei":9.12,"as":427.61,"mi":"E","mv":526595,"sc":1,"lpe":100.0,"lpr":953.66,"lq":1.0},{"pi":"423722","pc":"Детские товары","ss":1000,"td":"Центр города","dc":1,"n":75.32,"vc":"около 500","sl":"Элитный","sv":"менее 50","p":2000.0,"q":10.79,"b":0.0,"wi":75.11,"ei":9.12,"as":427.61,"mi":"E","mv":526595,"sc":1,"lpe":100.0,"lpr":953.66,"lq":1.0},{"pi":"423722","pc":"Детские товары","ss":1000,"td":"Центр города","dc":1,"n":75.32,"vc":"около 500","sl":"Элитный","sv":"менее 50","p":2000.0,"q":10.79,"b":0.0,"wi":75.11,"ei":9.12,"as":427.61,"mi":"E","mv":526595,"sc":1,"lpe":100.0,"lpr":953.66,"lq":1.0},{"pi":"423722","pc":"Детские товары","ss":1000,"td":"Центр города","dc":1,"n":75.32,"vc":"около 500","sl":"Элитный","sv":"менее 50","p":2000.0,"q":10.79,"b":0.0,"wi":75.11,"ei":9.12,"as":427.61,"mi":"E","mv":526595,"sc":1,"lpe":100.0,"lpr":953.66,"lq":1.0},{"pi":"423722","pc":"Детские товары","ss":1000,"td":"Центр города","dc":1,"n":75.32,"vc":"около 500","sl":"Элитный","sv":"менее 50","p":2000.0,"q":10.79,"b":0.0,"wi":75.11,"ei":9.12,"as":427.61,"mi":"E","mv":526595,"sc":1,"lpe":100.0,"lpr":953.66,"lq":1.0},{"pi":"423722","pc":"Детские товары","ss":1000,"td":"Центр города","dc":1,"n":75.32,"vc":"около 500","sl":"Элитный","sv":"менее 50","p":2000.0,"q":10.79,"b":0.0,"wi":75.11,"ei":9.12,"as":427.61,"mi":"E","mv":526595,"sc":1,"lpe":100.0,"lpr":953.66,"lq":1.0},{"pi":"423722","pc":"Детские товары","ss":1000,"td":"Центр города","dc":1,"n":75.32,"vc":"около 500","sl":"Элитный","sv":"менее 50","p":2000.0,"q":10.79,"b":0.0,"wi":75.11,"ei":9.12,"as":427.61,"mi":"E","mv":526595,"sc":1,"lpe":100.0,"lpr":953.66,"lq":1.0},{"pi":"423722","pc":"Детские товары","ss":1000,"td":"Центр города","dc":1,"n":75.32,"vc":"около 500","sl":"Элитный","sv":"менее 50","p":2000.0,"q":10.79,"b":0.0,"wi":75.11,"ei":9.12,"as":427.61,"mi":"E","mv":526595,"sc":1,"lpe":100.0,"lpr":953.66,"lq":1.0},{"pi":"423722","pc":"Детские товары","ss":1000,"td":"Центр города","dc":1,"n":75.32,"vc":"около 500","sl":"Элитный","sv":"менее 50","p":2000.0,"q":10.79,"b":0.0,"wi":75.11,"ei":9.12,"as":427.61,"mi":"E","mv":526595,"sc":1,"lpe":100.0,"lpr":953.66,"lq":1.0}]