[{"pi":"423722","pc":"Детские товары","ss":1000,"td":"Центр города","dc":1,"n":166.88,"vc":"более 1 000","sl":"Элитный","sv":"около 50","p":2200.0,"q":12.69,"b":0.0,"ms":0.01,"wi":113.22,"ei":9.12,"as":471.43,"mi":"E","mv":508209,"sc":1,"lpe":99.99,"lpr":1069.76,"lq":1.0,"d":1446},{"pi":"423722","pc":"Детские товары","ss":1000,"td":"Центр города","dc":1,"n":166.88,"vc":"более 1 000","sl":"Элитный","sv":"около 50","p":2200.0,"q":12.69,"b":0.0,"ms":0.01,"wi":113.22,"ei":9.12,"as":471.43,"mi":"E","mv":508209,"sc":1,"lpe":99.99,"lpr":1069.76,"lq":1.0,"d":1446},{"pi":"423722","pc":"Детские товары","ss":1000,"td":"Центр города","dc":1,"n":166.88,"vc":"более 1 000","sl":"Элитный","sv":"около 50","p":2200.0,"q":12.69,"b":0.0,"ms":0.01,"wi":113.22,"ei":9.12,"as":471.43,"mi":"E","mv":508209,"sc":1,"lpe":99.99,"lpr":1069.76,"lq":1.0,"d":1446},{"pi":"423722","pc":"Детские товары","ss":1000,"td":"Центр города","dc":1,"n":166.88,"vc":"более 1 000","sl":"Элитный","sv":"около 50","p":2200.0,"q":12.69,"b":0.0,"ms":0.01,"wi":113.22,"ei":9.12,"as":471.43,"mi":"E","mv":508209,"sc":1,"lpe":99.99,"lpr":1069.76,"lq":1.0,"d":1446},{"pi":"423722","pc":"Детские товары","ss":1000,"td":"Центр города","dc":1,"n":166.88,"vc":"более 1 000","sl":"Элитный","sv":"около 50","p":2200.0,"q":12.69,"b":0.0,"ms":0.01,"wi":113.22,"ei":9.12,"as":471.43,"mi":"E","mv":508209,"sc":1,"lpe":99.99,"lpr":1069.76,"lq":1.0,"d":1446},{"pi":"423722","pc":"Детские товары","ss":1000,"td":"Центр города","dc":1,"n":166.88,"vc":"более 1 000","sl":"Элитный","sv":"около 50","p":2200.0,"q":12.69,"b":0.0,"ms":0.01,"wi":113.22,"ei":9.12,"as":471.43,"mi":"E","mv":508209,"sc":1,"lpe":99.99,"lpr":1069.76,"lq":1.0,"d":1446},{"pi":"423722","pc":"Детские товары","ss":1000,"td":"Центр города","dc":1,"n":166.88,"vc":"более 1 000","sl":"Элитный","sv":"около 50","p":2200.0,"q":12.69,"b":0.0,"ms":0.01,"wi":113.22,"ei":9.12,"as":471.43,"mi":"E","mv":508209,"sc":1,"lpe":99.99,"lpr":1069.76,"lq":1.0,"d":1446},{"pi":"423722","pc":"Детские товары","ss":1000,"td":"Центр города","dc":1,"n":166.88,"vc":"более 1 000","sl":"Элитный","sv":"около 50","p":2200.0,"q":12.69,"b":0.0,"ms":0.01,"wi":113.22,"ei":9.12,"as":471.43,"mi":"E","mv":508209,"sc":1,"lpe":99.99,"lpr":1069.76,"lq":1.0,"d":1446},{"pi":"423722","pc":"Детские товары","ss":1000,"td":"Центр города","dc":1,"n":166.88,"vc":"более 1 000","sl":"Элитный","sv":"около 50","p":2200.0,"q":12.69,"b":0.0,"ms":0.01,"wi":113.22,"ei":9.12,"as":471.43,"mi":"E","mv":508209,"sc":1,"lpe":99.99,"lpr":1069.76,"lq":1.0,"d":1446},{"pi":"423722","pc":"Детские товары","ss":1000,"td":"Центр города","dc":1,"n":166.88,"vc":"более 1 000","sl":"Элитный","sv":"около 50","p":2200.0,"q":12.69,"b":0.0,"ms":0.01,"wi":113.22,"ei":9.12,"as":471.43,"mi":"E","mv":508209,"sc":1,"lpe":99.99,"lpr":1069.76,"lq":1.0,"d":1446},{"pi":"423722","pc":"Детские товары","ss":1000,"td":"Центр города","dc":1,"n":65.94,"vc":"около 500","sl":"Элитный","sv":"более 2 000","p":258.0,"q":1.0,"b":0.0,"ms":0.28,"wi":42.36,"ei":11.88,"as":75.9,"mi":"E","mv":823771,"sc":1,"lpe":99.72,"lpr":296.33,"lq":1.0,"d":2542},{"pi":"423722","pc":"Детские товары","ss":1000,"td":"Центр города","dc":1,"n":65.94,"vc":"около 500","sl":"Элитный","sv":"более 2 000","p":258.0,"q":1.0,"b":0.0,"ms":0.28,"wi":42.36,"ei":11.88,"as":75.9,"mi":"E","mv":823771,"sc":1,"lpe":99.72,"lpr":296.33,"lq":1.0,"d":2542},{"pi":"423722","pc":"Детские товары","ss":1000,"td":"Центр города","dc":1,"n":65.94,"vc":"около 500","sl":"Элитный","sv":"более 2 000","p":258.0,"q":1.0,"b":0.0,"ms":0.28,"wi":42.36,"ei":11.88,"as":75.9,"mi":"E","mv":823771,"sc":1,"lpe":99.72,"lpr":296.33,"lq":1.0,"d":2542},{"pi":"423722","pc":"Детские товары","ss":1000,"td":"Центр города","dc":1,"n":65.94,"vc":"около 500","sl":"Элитный","sv":"более 2 000","p":258.0,"q":1.0,"b":0.0,"ms":0.28,"wi":42.36,"ei":11.88,"as":75.9,"mi":"E","mv":823771,"sc":1,"lpe":99.72,"lpr":296.33,"lq":1.0,"d":2542},{"pi":"423722","pc":"Детские товары","ss":1000,"td":"Центр города","dc":1,"n":65.94,"vc":"около 500","sl":"Элитный","sv":"более 2 000","p":258.0,"q":1.0,"b":0.0,"ms":0.28,"wi":42.36,"ei":11.88,"as":75.9,"mi":"E","mv":823771,"sc":1,"lpe":99.72,"lpr":296.33,"lq":1.0,"d":2542},{"pi":"423722","pc":"Детские товары","ss":500,"td":"Центр города","dc":1,"n":25.63,"vc":"около 100","sl":"Элитный","sv":"менее 50","p":2360.0,"q":57.9,"b":0.0,"ms":0.02,"wi":139.06,"ei":8.88,"as":790.28,"mi":"E","mv":61231,"sc":1,"lpe":99.98,"lpr":1739.13,"lq":1.0,"d":168},{"pi":"423722","pc":"Детские товары","ss":500,"td":"Центр города","dc":1,"n":25.63,"vc":"около 100","sl":"Элитный","sv":"менее 50","p":2360.0,"q":57.9,"b":0.0,"ms":0.02,"wi":139.06,"ei":8.88,"as":790.28,"mi":"E","mv":61231,"sc":1,"lpe":99.98,"lpr":1739.13,"lq":1.0,"d":168},{"pi":"423722","pc":"Детские товары","ss":500,"td":"Центр города","dc":1,"n":25.63,"vc":"около 100","sl":"Элитный","sv":"менее 50","p":2360.0,"q":57.9,"b":0.0,"ms":0.02,"wi":139.06,"ei":8.88,"as":790.28,"mi":"E","mv":61231,"sc":1,"lpe":99.98,"lpr":1739.13,"lq":1.0,"d":168},{"pi":"423722","pc":"Детские товары","ss":500,"td":"Центр города","dc":1,"n":25.63,"vc":"около 100","sl":"Элитный","sv":"менее 50","p":2360.0,"q":57.9,"b":0.0,"ms":0.02,"wi":139.06,"ei":8.88,"as":790.28,"mi":"E","mv":61231,"sc":1,"lpe":99.98,"lpr":1739.13,"lq":1.0,"d":168},{"pi":"423722","pc":"Детские товары","ss":500,"td":"Центр города","dc":1,"n":25.63,"vc":"около 100","sl":"Элитный","sv":"менее 50","p":2360.0,"q":57.9,"b":0.0,"ms":0.02,"wi":139.06,"ei":8.88,"as":790.28,"mi":"E","mv":61231,"sc":1,"lpe":99.98,"lpr":1739.13,"lq":1.0,"d":168},{"pi":"423722","pc":"Детские товары","ss":500,"td":"Центр города","dc":1,"n":25.63,"vc":"около 100","sl":"Элитный","sv":"менее 50","p":2360.0,"q":57.9,"b":0.0,"ms":0.02,"wi":139.06,"ei":8.88,"as":790.28,"mi":"E","mv":61231,"sc":1,"lpe":99.98,"lpr":1739.13,"lq":1.0,"d":168},{"pi":"423722","pc":"Детские товары","ss":1000,"td":"Спальный район","dc":2,"n":179.81,"vc":"более 1 000","sl":"Очень высокий","sv":"менее 50","p":1980.0,"q":57.85,"b":0.0,"ms":0.0,"wi":42.25,"ei":10.35,"as":103.0,"mi":"E","mv":1486671,"sc":1,"lpe":100.0,"lpr":424.03,"lq":1.0,"d":4646},{"pi":"423722","pc":"Детские товары","ss":1000,"td":"Спальный район","dc":2,"n":179.81,"vc":"более 1 000","sl":"Очень высокий","sv":"менее 50","p":1980.0,"q":57.85,"b":0.0,"ms":0.0,"wi":42.25,"ei":10.35,"as":103.0,"mi":"E","mv":1486671,"sc":1,"lpe":100.0,"lpr":424.03,"lq":1.0,"d":4646},{"pi":"423722","pc":"Детские товары","ss":1000,"td":"Спальный район","dc":2,"n":179.81,"vc":"более 1 000","sl":"Очень высокий","sv":"менее 50","p":1980.0,"q":57.85,"b":0.0,"ms":0.0,"wi":42.25,"ei":10.35,"as":103.0,"mi":"E","mv":1486671,"sc":1,"lpe":100.0,"lpr":424.03,"lq":1.0,"d":4646},{"pi":"423722","pc":"Детские товары","ss":1000,"td":"Спальный район","dc":2,"n":179.81,"vc":"более 1 000","sl":"Очень высокий","sv":"менее 50","p":1980.0,"q":57.85,"b":0.0,"ms":0.0,"wi":42.25,"ei":10.35,"as":103.0,"mi":"E","mv":1486671,"sc":1,"lpe":100.0,"lpr":424.03,"lq":1.0,"d":4646},{"pi":"423722","pc":"Детские товары","ss":1000,"td":"Спальный район","dc":2,"n":179.81,"vc":"более 1 000","sl":"Очень высокий","sv":"менее 50","p":1980.0,"q":57.85,"b":0.0,"ms":0.0,"wi":42.25,"ei":10.35,"as":103.0,"mi":"E","mv":1486671,"sc":1,"lpe":100.0,"lpr":424.03,"lq":1.0,"d":4646},{"pi":"423722","pc":"Детские товары","ss":1000,"td":"Спальный район","dc":2,"n":179.81,"vc":"более 1 000","sl":"Очень высокий","sv":"менее 50","p":1980.0,"q":57.85,"b":0.0,"ms":0.0,"wi":42.25,"ei":10.35,"as":103.0,"mi":"E","mv":1486671,"sc":1,"lpe":100.0,"lpr":424.03,"lq":1.0,"d":4646},{"pi":"423722","pc":"Детские товары","ss":1000,"td":"Спальный район","dc":2,"n":179.81,"vc":"более 1 000","sl":"Очень высокий","sv":"менее 50","p":1980.0,"q":57.85,"b":0.0,"ms":0.0,"wi":42.25,"ei":10.35,"as":103.0,"mi":"E","mv":1486671,"sc":1,"lpe":100.0,"lpr":424.03,"lq":1.0,"d":4646},{"pi":"423722","pc":"Детские товары","ss":1000,"td":"Спальный район","dc":2,"n":179.81,"vc":"более 1 000","sl":"Очень высокий","sv":"менее 50","p":1980.0,"q":57.85,"b":0.0,"ms":0.0,"wi":42.25,"ei":10.35,"as":103.0,"mi":"E","mv":1486671,"sc":1,"lpe":100.0,"lpr":424.03,"lq":1.0,"d":4646},{"pi":"423722","pc":"Детские товары","ss":100000,"td":"Центр города","dc":3,"n":300.79,"vc":"более 20 000","sl":"Очень высокий","sv":"около 300","p":1400.0,"q":1.0,"b":0.0,"ms":1.91,"wi":102.31,"ei":9.02,"as":472.79,"mi":"E","mv":15681,"sc":1,"lpe":98.09,"lpr":1172.62,"lq":1.0,"d":172},{"pi":"423722","pc":"Детские товары","ss":100000,"td":"Центр города","dc":3,"n":300.79,"vc":"более 20 000","sl":"Очень высокий","sv":"около 300","p":1400.0,"q":1.0,"b":0.0,"ms":1.91,"wi":102.31,"ei":9.02,"as":472.79,"mi":"E","mv":15681,"sc":1,"lpe":98.09,"lpr":1172.62,"lq":1.0,"d":172},{"pi":"423722","pc":"Детские товары","ss":100000,"td":"Центр города","dc":3,"n":300.79,"vc":"более 20 000","sl":"Очень высокий","sv":"около 300","p":1400.0,"q":1.0,"b":0.0,"ms":1.91,"wi":102.31,"ei":9.02,"as":472.79,"mi":"E","mv":15681,"sc":1,"lpe":98.09,"lpr":1172.62,"lq":1.0,"d":172},{"pi":"423722","pc":"Детские товары","ss":100000,"td":"Центр города","dc":3,"n":300.79,"vc":"более 20 000","sl":"Очень высокий","sv":"около 300","p":1400.0,"q":1.0,"b":0.0,"ms":1.91,"wi":102.31,"ei":9.02,"as":472.79,"mi":"E","mv":15681,"sc":1,"lpe":98.09,"lpr":1172.62,"lq":1.0,"d":172},{"pi":"423722","pc":"Детские товары","ss":100000,"td":"Центр города","dc":3,"n":300.79,"vc":"более 20 000","sl":"Очень высокий","sv":"около 300","p":1400.0,"q":1.0,"b":0.0,"ms":1.91,"wi":102.31,"ei":9.02,"as":472.79,"mi":"E","mv":15681,"sc":1,"lpe":98.09,"lpr":1172.62,"lq":1.0,"d":172},{"pi":"423722","pc":"Детские товары","ss":100000,"td":"Центр города","dc":3,"n":300.79,"vc":"более 20 000","sl":"Очень высокий","sv":"около 300","p":1400.0,"q":1.0,"b":0.0,"ms":1.91,"wi":102.31,"ei":9.02,"as":472.79,"mi":"E","mv":15681,"sc":1,"lpe":98.09,"lpr":1172.62,"lq":1.0,"d":172},{"pi":"423722","pc":"Детские товары","ss":100000,"td":"Центр города","dc":3,"n":300.79,"vc":"более 20 000","sl":"Очень высокий","sv":"около 300","p":1400.0,"q":1.0,"b":0.0,"ms":1.91,"wi":102.31,"ei":9.02,"as":472.79,"mi":"E","mv":15681,"sc":1,"lpe":98.09,"lpr":1172.62,"lq":1.0,"d":172},{"pi":"423722","pc":"Детские товары","ss":100000,"td":"Центр города","dc":3,"n":300.79,"vc":"более 20 000","sl":"Очень высокий","sv":"около 300","p":1400.0,"q":1.0,"b":0.0,"ms":1.91,"wi":102.31,"ei":9.02,"as":472.79,"mi":"E","mv":15681,"sc":1,"lpe":98.09,"lpr":1172.62,"lq":1.0,"d":172},{"pi":"423722","pc":"Детские товары","ss":100000,"td":"Центр города","dc":3,"n":300.79,"vc":"более 20 000","sl":"Очень высокий","sv":"около 300","p":1400.0,"q":1.0,"b":0.0,"ms":1.91,"wi":102.31,"ei":9.02,"as":472.79,"mi":"E","mv":15681,"sc":1,"lpe":98.09,"lpr":1172.62,"lq":1.0,"d":172},{"pi":"423722","pc":"Детские товары","ss":100000,"td":"Центр города","dc":3,"n":300.79,"vc":"более 20 000","sl":"Очень высокий","sv":"около 300","p":1400.0,"q":1.0,"b":0.0,"ms":1.91,"wi":102.31,"ei":9.02,"as":472.79,"mi":"E","mv":15681,"sc":1,"lpe":98.09,"lpr":1172.62,"lq":1.0,"d":172},{"pi":"423722","pc":"Детские товары","ss":100000,"td":"Центр города","dc":3,"n":300.79,"vc":"более 20 000","sl":"Очень высокий","sv":"около 300","p":1400.0,"q":1.0,"b":0.0,"ms":1.91,"wi":102.31,"ei":9.02,"as":472.79,"mi":"E","mv":15681,"sc":1,"lpe":98.09,"lpr":1172.62,"lq":1.0,"d":172},{"pi":"423722","pc":"Детские товары","ss":100000,"td":"Центр города","dc":3,"n":300.79,"vc":"более 20 000","sl":"Очень высокий","sv":"около 300","p":1400.0,"q":1.0,"b":0.0,"ms":1.91,"wi":102.31,"ei":9.02,"as":472.79,"mi":"E","mv":15681,"sc":1,"lpe":98.09,"lpr":1172.62,"lq":1.0,"d":172},{"pi":"423722","pc":"Детские товары","ss":100000,"td":"Центр города","dc":3,"n":300.79,"vc":"более 20 000","sl":"Очень высокий","sv":"около 300","p":1400.0,"q":1.0,"b":0.0,"ms":1.91,"wi":102.31,"ei":9.02,"as":472.79,"mi":"E","mv":15681,"sc":1,"lpe":98.09,"lpr":1172.62,"lq":1.0,"d":172},{"pi":"423722","pc":"Детские товары","ss":100000,"td":"Центр города","dc":3,"n":300.79,"vc":"более 20 000","sl":"Очень высокий","sv":"около 300","p":1400.0,"q":1.0,"b":0.0,"ms":1.91,"wi":102.31,"ei":9.02,"as":472.79,"mi":"E","mv":15681,"sc":1,"lpe":98.09,"lpr":1172.62,"lq":1.0,"d":172},{"pi":"423722","pc":"Детские товары","ss":100000,"td":"Центр города","dc":3,"n":300.79,"vc":"более 20 000","sl":"Очень высокий","sv":"около 300","p":1400.0,"q":1.0,"b":0.0,"ms":1.91,"wi":102.31,"ei":9.02,"as":472.79,"mi":"E","mv":15681,"sc":1,"lpe":98.09,"lpr":1172.62,"lq":1.0,"d":172},{"pi":"423722","pc":"Детские товары","ss":100000,"td":"Центр города","dc":3,"n":300.79,"vc":"более 20 000","sl":"Очень высокий","sv":"около 300","p":1400.0,"q":1.0,"b":0.0,"ms":1.91,"wi":102.31,"ei":9.02,"as":472.79,"mi":"E","mv":15681,"sc":1,"lpe":98.09,"lpr":1172.62,"lq":1.0,"d":172},{"pi":"423722","pc":"Детские товары","ss":100000,"td":"Центр города","dc":3,"n":300.79,"vc":"более 20 000","sl":"Очень высокий","sv":"около 300","p":1400.0,"q":1.0,"b":0.0,"ms":1.91,"wi":102.31,"ei":9.02,"as":472.79,"mi":"E","mv":15681,"sc":1,"lpe":98.09,"lpr":1172.62,"lq":1.0,"d":172},{"pi":"423722","pc":"Детские товары","ss":100000,"td":"Центр города","dc":3,"n":300.79,"vc":"более 20 000","sl":"Очень высокий","sv":"около 300","p":1400.0,"q":1.0,"b":0.0,"ms":1.91,"wi":102.31,"ei":9.02,"as":472.79,"mi":"E","mv":15681,"sc":1,"lpe":98.09,"lpr":1172.62,"lq":1.0,"d":172},{"pi":"423722","pc":"Детские товары","ss":100000,"td":"Центр города","dc":3,"n":300.79,"vc":"более 20 000","sl":"Очень высокий","sv":"около 300","p":1400.0,"q":1.0,"b":0.0,"ms":1.91,"wi":102.31,"ei":9.02,"as":472.79,"mi":"E","mv":15681,"sc":1,"lpe":98.09,"lpr":1172.62,"lq":1.0,"d":172},{"pi":"423722","pc":"Детские товары","ss":100000,"td":"Центр города","dc":3,"n":300.79,"vc":"более 20 000","sl":"Очень высокий","sv":"около 300","p":1400.0,"q":1.0,"b":0.0,"ms":1.91,"wi":102.31,"ei":9.02,"as":472.79,"mi":"E","mv":15681,"sc":1,"lpe":98.09,"lpr":1172.62,"lq":1.0,"d":172},{"pi":"423722","pc":"Детские товары","ss":100000,"td":"Центр города","dc":3,"n":300.79,"vc":"более 20 000","sl":"Очень высокий","sv":"около 300","p":1400.0,"q":1.0,"b":0.0,"ms":1.91,"wi":102.31,"ei":9.02,"as":472.79,"mi":"E","mv":15681,"sc":1,"lpe":98.09,"lpr":1172.62,"lq":1.0,"d":172},{"pi":"423722","pc":"Детские товары","ss":100000,"td":"Центр города","dc":3,"n":300.79,"vc":"более 20 000","sl":"Очень высокий","sv":"около 300","p":1400.0,"q":1.0,"b":0.0,"ms":1.91,"wi":102.31,"ei":9.02,"as":472.79,"mi":"E","mv":15681,"sc":1,"lpe":98.09,"lpr":1172.62,"lq":1.0,"d":172},{"pi":"423722","pc":"Детские товары","ss":100000,"td":"Центр города","dc":3,"n":300.79,"vc":"более 20 000","sl":"Очень высокий","sv":"около 300","p":1400.0,"q":1.0,"b":0.0,"ms":1.91,"wi":102.31,"ei":9.02,"as":472.79,"mi":"E","mv":15681,"sc":1,"lpe":98.09,"lpr":1172.62,"lq":1.0,"d":172},{"pi":"423722","pc":"Детские товары","ss":100000,"td":"Центр города","dc":3,"n":300.79,"vc":"более 20 000","sl":"Очень высокий","sv":"около 300","p":1400.0,"q":1.0,"b":0.0,"ms":1.91,"wi":102.31,"ei":9.02,"as":472.79,"mi":"E","mv":15681,"sc":1,"lpe":98.09,"lpr":1172.62,"lq":1.0,"d":172},{"pi":"423722","pc":"Детские товары","ss":100000,"td":"Центр города","dc":3,"n":300.79,"vc":"более 20 000","sl":"Очень высокий","sv":"около 300","p":1400.0,"q":1.0,"b":0.0,"ms":1.91,"wi":102.31,"ei":9.02,"as":472.79,"mi":"E","mv":15681,"sc":1,"lpe":98.09,"lpr":1172.62,"lq":1.0,"d":172},{"pi":"423722","pc":"Детские товары","ss":100000,"td":"Центр города","dc":3,"n":300.79,"vc":"более 20 000","sl":"Очень высокий","sv":"около 300","p":1400.0,"q":1.0,"b":0.0,"ms":1.91,"wi":102.31,"ei":9.02,"as":472.79,"mi":"E","mv":15681,"sc":1,"lpe":98.09,"lpr":1172.62,"lq":1.0,"d":172},{"pi":"423722","pc":"Детские товары","ss":100000,"td":"Центр города","dc":3,"n":300.79,"vc":"более 20 000","sl":"Очень высокий","sv":"около 300","p":1400.0,"q":1.0,"b":0.0,"ms":1.91,"wi":102.31,"ei":9.02,"as":472.79,"mi":"E","mv":15681,"sc":1,"lpe":98.09,"lpr":1172.62,"lq":1.0,"d":172},{"pi":"423722","pc":"Детские товары","ss":100000,"td":"Центр города","dc":3,"n":300.79,"vc":"более 20 000","sl":"Очень высокий","sv":"около 300","p":1400.0,"q":1.0,"b":0.0,"ms":1.91,"wi":102.31,"ei":9.02,"as":472.79,"mi":"E","mv":15681,"sc":1,"lpe":98.09,"lpr":1172.62,"lq":1.0,"d":172},{"pi":"423722","pc":"Детские товары","ss":100000,"td":"Центр города","dc":3,"n":300.79,"vc":"более 20 000","sl":"Очень высокий","sv":"около 300","p":1400.0,"q":1.0,"b":0.0,"ms":1.91,"wi":102.31,"ei":9.02,"as":472.79,"mi":"E","mv":15681,"sc":1,"lpe":98.09,"lpr":1172.62,"lq":1.0,"d":172},{"pi":"423722","pc":"Детские товары","ss":100000,"td":"Центр города","dc":3,"n":300.79,"vc":"более 20 000","sl":"Очень высокий","sv":"около 300","p":1400.0,"q":1.0,"b":0.0,"ms":1.91,"wi":102.31,"ei":9.02,"as":472.79,"mi":"E","mv":15681,"sc":1,"lpe":98.09,"lpr":1172.62,"lq":1.0,"d":172},{"pi":"423722","pc":"Детские товары","ss":100000,"td":"Центр города","dc":3,"n":300.79,"vc":"более 20 000","sl":"Очень высокий","sv":"около 300","p":1400.0,"q":1.0,"b":0.0,"ms":1.91,"wi":102.31,"ei":9.02,"as":472.79,"mi":"E","mv":15681,"sc":1,"lpe":98.09,"lpr":1172.62,"lq":1.0,"d":172},{"pi":"423722","pc":"Детские товары","ss":100000,"td":"Центр города","dc":3,"n":300.79,"vc":"более 20 000","sl":"Очень высокий","sv":"около 300","p":1400.0,"q":1.0,"b":0.0,"ms":1.91,"wi":102.31,"ei":9.02,"as":472.79,"mi":"E","mv":15681,"sc":1,"lpe":98.09,"lpr":1172.62,"lq":1.0,"d":172},{"pi":"423722","pc":"Детские товары","ss":100000,"td":"Центр города","dc":3,"n":300.79,"vc":"более 20 000","sl":"Очень высокий","sv":"около 300","p":1400.0,"q":1.0,"b":0.0,"ms":1.91,"wi":102.31,"ei":9.02,"as":472.79,"mi":"E","mv":15681,"sc":1,"lpe":98.09,"lpr":1172.62,"lq":1.0,"d":172},{"pi":"423722","pc":"Детские товары","ss":100000,"td":"Центр города","dc":3,"n":300.79,"vc":"более 20 000","sl":"Очень высокий","sv":"около 300","p":1400.0,"q":1.0,"b":0.0,"ms":1.91,"wi":102.31,"ei":9.02,"as":472.79,"mi":"E","mv":15681,"sc":1,"lpe":98.09,"lpr":1172.62,"lq":1.0,"d":172},{"pi":"423722","pc":"Детские товары","ss":100000,"td":"Центр города","dc":3,"n":300.79,"vc":"более 20 000","sl":"Очень высокий","sv":"около 300","p":1400.0,"q":1.0,"b":0.0,"ms":1.91,"wi":102.31,"ei":9.02,"as":472.79,"mi":"E","mv":15681,"sc":1,"lpe":98.09,"lpr":1172.62,"lq":1.0,"d":172},{"pi":"423722","pc":"Детские товары","ss":100000,"td":"Центр города","dc":3,"n":300.79,"vc":"более 20 000","sl":"Очень высокий","sv":"около 300","p":1400.0,"q":1.0,"b":0.0,"ms":1.91,"wi":102.31,"ei":9.02,"as":472.79,"mi":"E","mv":15681,"sc":1,"lpe":98.09,"lpr":1172.62,"lq":1.0,"d":172},{"pi":"423722","pc":"Детские товары","ss":100000,"td":"Центр города","dc":3,"n":300.79,"vc":"более 20 000","sl":"Очень высокий","sv":"около 300","p":1400.0,"q":1.0,"b":0.0,"ms":1.91,"wi":102.31,"ei":9.02,"as":472.79,"mi":"E","mv":15681,"sc":1,"lpe":98.09,"lpr":1172.62,"lq":1.0,"d":172},{"pi":"423722","pc":"Детские товары","ss":100000,"td":"Центр города","dc":3,"n":300.79,"vc":"более 20 000","sl":"Очень высокий","sv":"около 300","p":1400.0,"q":1.0,"b":0.0,"ms":1.91,"wi":102.31,"ei":9.02,"as":472.79,"mi":"E","mv":15681,"sc":1,"lpe":98.09,"lpr":1172.62,"lq":1.0,"d":172},{"pi":"423722","pc":"Детские товары","ss":100000,"td":"Центр города","dc":3,"n":300.79,"vc":"более 20 000","sl":"Очень высокий","sv":"около 300","p":1400.0,"q":1.0,"b":0.0,"ms":1.91,"wi":102.31,"ei":9.02,"as":472.79,"mi":"E","mv":15681,"sc":1,"lpe":98.09,"lpr":1172.62,"lq":1.0,"d":172},{"pi":"423722","pc":"Детские товары","ss":100000,"td":"Центр города","dc":3,"n":300.79,"vc":"более 20 000","sl":"Очень высокий","sv":"около 300","p":1400.0,"q":1.0,"b":0.0,"ms":1.91,"wi":102.31,"ei":9.02,"as":472.79,"mi":"E","mv":15681,"sc":1,"lpe":98.09,"lpr":1172.62,"lq":1.0,"d":172},{"pi":"423722","pc":"Детские товары","ss":100000,"td":"Центр города","dc":3,"n":300.79,"vc":"более 20 000","sl":"Очень высокий","sv":"около 300","p":1400.0,"q":1.0,"b":0.0,"ms":1.91,"wi":102.31,"ei":9.02,"as":472.79,"mi":"E","mv":15681,"sc":1,"lpe":98.09,"lpr":1172.62,"lq":1.0,"d":172},{"pi":"423722","pc":"Детские товары","ss":100000,"td":"Центр города","dc":3,"n":300.79,"vc":"более 20 000","sl":"Очень высокий","sv":"около 300","p":1400.0,"q":1.0,"b":0.0,"ms":1.91,"wi":102.31,"ei":9.02,"as":472.79,"mi":"E","mv":15681,"sc":1,"lpe":98.09,"lpr":1172.62,"lq":1.0,"d":172},{"pi":"423722","pc":"Детские товары","ss":100000,"td":"Центр города","dc":3,"n":300.79,"vc":"более 20 000","sl":"Очень высокий","sv":"около 300","p":1400.0,"q":1.0,"b":0.0,"ms":1.91,"wi":102.31,"ei":9.02,"as":472.79,"mi":"E","mv":15681,"sc":1,"lpe":98.09,"lpr":1172.62,"lq":1.0,"d":172},{"pi":"423722","pc":"Детские товары","ss":100000,"td":"Центр города","dc":3,"n":300.79,"vc":"более 20 000","sl":"Очень высокий","sv":"около 300","p":1400.0,"q":1.0,"b":0.0,"ms":1.91,"wi":102.31,"ei":9.02,"as":472.79,"mi":"E","mv":15681,"sc":1,"lpe":98.09,"lpr":1172.62,"lq":1.0,"d":172},{"pi":"423722","pc":"Детские товары","ss":100000,"td":"Центр города","dc":3,"n":300.79,"vc":"более 20 000","sl":"Очень высокий","sv":"около 300","p":1400.0,"q":1.0,"b":0.0,"ms":1.91,"wi":102.31,"ei":9.02,"as":472.79,"mi":"E","mv":15681,"sc":1,"lpe":98.09,"lpr":1172.62,"lq":1.0,"d":172},{"pi":"423722","pc":"Детские товары","ss":100000,"td":"Центр города","dc":3,"n":300.79,"vc":"более 20 000","sl":"Очень высокий","sv":"около 300","p":1400.0,"q":1.0,"b":0.0,"ms":1.91,"wi":102.31,"ei":9.02,"as":472.79,"mi":"E","mv":15681,"sc":1,"lpe":98.09,"lpr":1172.62,"lq":1.0,"d":172},{"pi":"423722","pc":"Детские товары","ss":100000,"td":"Центр города","dc":3,"n":300.79,"vc":"более 20 000","sl":"Очень высокий","sv":"около 300","p":1400.0,"q":1.0,"b":0.0,"ms":1.91,"wi":102.31,"ei":9.02,"as":472.79,"mi":"E","mv":15681,"sc":1,"lpe":98.09,"lpr":1172.62,"lq":1.0,"d":172},{"pi":"423722","pc":"Детские товары","ss":100000,"td":"Центр города","dc":3,"n":300.79,"vc":"более 20 000","sl":"Очень высокий","sv":"около 300","p":1400.0,"q":1.0,"b":0.0,"ms":1.91,"wi":102.31,"ei":9.02,"as":472.79,"mi":"E","mv":15681,"sc":1,"lpe":98.09,"lpr":1172.62,"lq":1.0,"d":172},{"pi":"423722","pc":"Детские товары","ss":100000,"td":"Центр города","dc":3,"n":300.79,"vc":"более 20 000","sl":"Очень высокий","sv":"около 300","p":1400.0,"q":1.0,"b":0.0,"ms":1.91,"wi":102.31,"ei":9.02,"as":472.79,"mi":"E","mv":15681,"sc":1,"lpe":98.09,"lpr":1172.62,"lq":1.0,"d":172},{"pi":"423722","pc":"Детские товары","ss":100000,"td":"Центр города","dc":3,"n":300.79,"vc":"более 20 000","sl":"Очень высокий","sv":"около 300","p":1400.0,"q":1.0,"b":0.0,"ms":1.91,"wi":102.31,"ei":9.02,"as":472.79,"mi":"E","mv":15681,"sc":1,"lpe":98.09,"lpr":1172.62,"lq":1.0,"d":172},{"pi":"423722","pc":"Детские товары","ss":100000,"td":"Центр города","dc":3,"n":300.79,"vc":"более 20 000","sl":"Очень высокий","sv":"около 300","p":1400.0,"q":1.0,"b":0.0,"ms":1.91,"wi":102.31,"ei":9.02,"as":472.79,"mi":"E","mv":15681,"sc":1,"lpe":98.09,"lpr":1172.62,"lq":1.0,"d":172},{"pi":"423722","pc":"Детские товары","ss":100000,"td":"Центр города","dc":3,"n":300.79,"vc":"более 20 000","sl":"Очень высокий","sv":"около 300","p":1400.0,"q":1.0,"b":0.0,"ms":1.91,"wi":102.31,"ei":9.02,"as":472.79,"mi":"E","mv":15681,"sc":1,"lpe":98.09,"lpr":1172.62,"lq":1.0,"d":172},{"pi":"423722","pc":"Детские товары","ss":100000,"td":"Центр города","dc":3,"n":300.79,"vc":"более 20 000","sl":"Очень высокий","sv":"около 300","p":1400.0,"q":1.0,"b":0.0,"ms":1.91,"wi":102.31,"ei":9.02,"as":472.79,"mi":"E","mv":15681,"sc":1,"lpe":98.09,"lpr":1172.62,"lq":1.0,"d":172},{"pi":"423722","pc":"Детские товары","ss":100000,"td":"Центр города","dc":3,"n":300.79,"vc":"более 20 000","sl":"Очень высокий","sv":"около 300","p":1400.0,"q":1.0,"b":0.0,"ms":1.91,"wi":102.31,"ei":9.02,"as":472.79,"mi":"E","mv":15681,"sc":1,"lpe":98.09,"lpr":1172.62,"lq":1.0,"d":172},{"pi":"423722","pc":"Детские товары","ss":100000,"td":"Центр города","dc":3,"n":300.79,"vc":"более 20 000","sl":"Очень высокий","sv":"около 300","p":1400.0,"q":1.0,"b":0.0,"ms":1.91,"wi":102.31,"ei":9.02,"as":472.79,"mi":"E","mv":15681,"sc":1,"lpe":98.09,"lpr":1172.62,"lq":1.0,"d":172},{"pi":"423722","pc":"Детские товары","ss":100000,"td":"Центр города","dc":3,"n":300.79,"vc":"более 20 000","sl":"Очень высокий","sv":"около 300","p":1400.0,"q":1.0,"b":0.0,"ms":1.91,"wi":102.31,"ei":9.02,"as":472.79,"mi":"E","mv":15681,"sc":1,"lpe":98.09,"lpr":1172.62,"lq":1.0,"d":172},{"pi":"423722","pc":"Детские товары","ss":100000,"td":"Центр города","dc":3,"n":300.79,"vc":"более 20 000","sl":"Очень высокий","sv":"около 300","p":1400.0,"q":1.0,"b":0.0,"ms":1.91,"wi":102.31,"ei":9.02,"as":472.79,"mi":"E","mv":15681,"sc":1,"lpe":98.09,"lpr":1172.62,"lq":1.0,"d":172}]