[{"pi":"1491","pc":"Продукты питания","ss":10000,"td":"Спальный район","dc":3,"n":194.81,"vc":"около 5 000","sl":"Нормальный","sv":"около 5 000","p":5.0,"q":5.0,"b":0.0,"ms":0.1,"wi":0.55,"ei":5.95,"as":458.23,"mi":"E","mv":3402933,"sc":3,"lpe":99.64,"lpr":5.26,"lq":1.0,"d":4109},{"pi":"1491","pc":"Продукты питания","ss":1000,"td":"Центр города","dc":3,"n":178.75,"vc":"более 1 000","sl":"Нормальный","sv":"около 500","p":5.0,"q":5.0,"b":0.0,"ms":0.02,"wi":0.55,"ei":5.95,"as":458.23,"mi":"E","mv":3402933,"sc":3,"lpe":99.64,"lpr":5.26,"lq":1.0,"d":4109},{"pi":"1491","pc":"Продукты питания","ss":10000,"td":"Спальный район","dc":3,"n":194.81,"vc":"около 5 000","sl":"Нормальный","sv":"около 5 000","p":5.0,"q":5.0,"b":0.0,"ms":0.1,"wi":0.55,"ei":5.95,"as":458.23,"mi":"E","mv":3402933,"sc":3,"lpe":99.64,"lpr":5.26,"lq":1.0,"d":4109},{"pi":"1491","pc":"Продукты питания","ss":1000,"td":"Центр города","dc":3,"n":178.75,"vc":"более 1 000","sl":"Нормальный","sv":"около 500","p":5.0,"q":5.0,"b":0.0,"ms":0.02,"wi":0.55,"ei":5.95,"as":458.23,"mi":"E","mv":3402933,"sc":3,"lpe":99.64,"lpr":5.26,"lq":1.0,"d":4109},{"pi":"1491","pc":"Продукты питания","ss":10000,"td":"Спальный район","dc":3,"n":194.81,"vc":"около 5 000","sl":"Нормальный","sv":"около 5 000","p":5.0,"q":5.0,"b":0.0,"ms":0.1,"wi":0.55,"ei":5.95,"as":458.23,"mi":"E","mv":3402933,"sc":3,"lpe":99.64,"lpr":5.26,"lq":1.0,"d":4109},{"pi":"1491","pc":"Продукты питания","ss":1000,"td":"Центр города","dc":3,"n":178.75,"vc":"более 1 000","sl":"Нормальный","sv":"около 500","p":5.0,"q":5.0,"b":0.0,"ms":0.02,"wi":0.55,"ei":5.95,"as":458.23,"mi":"E","mv":3402933,"sc":3,"lpe":99.64,"lpr":5.26,"lq":1.0,"d":4109},{"pi":"1491","pc":"Продукты питания","ss":10000,"td":"Спальный район","dc":3,"n":194.81,"vc":"около 5 000","sl":"Нормальный","sv":"около 5 000","p":5.0,"q":5.0,"b":0.0,"ms":0.1,"wi":0.55,"ei":5.95,"as":458.23,"mi":"E","mv":3402933,"sc":3,"lpe":99.64,"lpr":5.26,"lq":1.0,"d":4109},{"pi":"1491","pc":"Продукты питания","ss":1000,"td":"Центр города","dc":3,"n":178.75,"vc":"более 1 000","sl":"Нормальный","sv":"около 500","p":5.0,"q":5.0,"b":0.0,"ms":0.02,"wi":0.55,"ei":5.95,"as":458.23,"mi":"E","mv":3402933,"sc":3,"lpe":99.64,"lpr":5.26,"lq":1.0,"d":4109},{"pi":"1491","pc":"Продукты питания","ss":10000,"td":"Спальный район","dc":3,"n":194.81,"vc":"около 5 000","sl":"Нормальный","sv":"около 5 000","p":5.0,"q":5.0,"b":0.0,"ms":0.1,"wi":0.55,"ei":5.95,"as":458.23,"mi":"E","mv":3402933,"sc":3,"lpe":99.64,"lpr":5.26,"lq":1.0,"d":4109},{"pi":"1491","pc":"Продукты питания","ss":1000,"td":"Центр города","dc":3,"n":178.75,"vc":"более 1 000","sl":"Нормальный","sv":"около 500","p":5.0,"q":5.0,"b":0.0,"ms":0.02,"wi":0.55,"ei":5.95,"as":458.23,"mi":"E","mv":3402933,"sc":3,"lpe":99.64,"lpr":5.26,"lq":1.0,"d":4109},{"pi":"1491","pc":"Продукты питания","ss":10000,"td":"Спальный район","dc":3,"n":194.81,"vc":"около 5 000","sl":"Нормальный","sv":"около 5 000","p":5.0,"q":5.0,"b":0.0,"ms":0.1,"wi":0.55,"ei":5.95,"as":458.23,"mi":"E","mv":3402933,"sc":3,"lpe":99.64,"lpr":5.26,"lq":1.0,"d":4109},{"pi":"1491","pc":"Продукты питания","ss":1000,"td":"Центр города","dc":3,"n":178.75,"vc":"более 1 000","sl":"Нормальный","sv":"около 500","p":5.0,"q":5.0,"b":0.0,"ms":0.02,"wi":0.55,"ei":5.95,"as":458.23,"mi":"E","mv":3402933,"sc":3,"lpe":99.64,"lpr":5.26,"lq":1.0,"d":4109},{"pi":"1491","pc":"Продукты питания","ss":10000,"td":"Спальный район","dc":3,"n":194.81,"vc":"около 5 000","sl":"Нормальный","sv":"около 5 000","p":5.0,"q":5.0,"b":0.0,"ms":0.1,"wi":0.55,"ei":5.95,"as":458.23,"mi":"E","mv":3402933,"sc":3,"lpe":99.64,"lpr":5.26,"lq":1.0,"d":4109},{"pi":"1491","pc":"Продукты питания","ss":1000,"td":"Центр города","dc":3,"n":178.75,"vc":"более 1 000","sl":"Нормальный","sv":"около 500","p":5.0,"q":5.0,"b":0.0,"ms":0.02,"wi":0.55,"ei":5.95,"as":458.23,"mi":"E","mv":3402933,"sc":3,"lpe":99.64,"lpr":5.26,"lq":1.0,"d":4109},{"pi":"1491","pc":"Продукты питания","ss":10000,"td":"Спальный район","dc":3,"n":194.81,"vc":"около 5 000","sl":"Нормальный","sv":"около 5 000","p":5.0,"q":5.0,"b":0.0,"ms":0.1,"wi":0.55,"ei":5.95,"as":458.23,"mi":"E","mv":3402933,"sc":3,"lpe":99.64,"lpr":5.26,"lq":1.0,"d":4109},{"pi":"1491","pc":"Продукты питания","ss":1000,"td":"Центр города","dc":3,"n":178.75,"vc":"более 1 000","sl":"Нормальный","sv":"около 500","p":5.0,"q":5.0,"b":0.0,"ms":0.02,"wi":0.55,"ei":5.95,"as":458.23,"mi":"E","mv":3402933,"sc":3,"lpe":99.64,"lpr":5.26,"lq":1.0,"d":4109},{"pi":"1491","pc":"Продукты питания","ss":10000,"td":"Спальный район","dc":3,"n":194.81,"vc":"около 5 000","sl":"Нормальный","sv":"около 5 000","p":5.0,"q":5.0,"b":0.0,"ms":0.1,"wi":0.55,"ei":5.95,"as":458.23,"mi":"E","mv":3402933,"sc":3,"lpe":99.64,"lpr":5.26,"lq":1.0,"d":4109},{"pi":"1491","pc":"Продукты питания","ss":1000,"td":"Центр города","dc":3,"n":178.75,"vc":"более 1 000","sl":"Нормальный","sv":"около 500","p":5.0,"q":5.0,"b":0.0,"ms":0.02,"wi":0.55,"ei":5.95,"as":458.23,"mi":"E","mv":3402933,"sc":3,"lpe":99.64,"lpr":5.26,"lq":1.0,"d":4109},{"pi":"1491","pc":"Продукты питания","ss":10000,"td":"Спальный район","dc":3,"n":194.81,"vc":"около 5 000","sl":"Нормальный","sv":"около 5 000","p":5.0,"q":5.0,"b":0.0,"ms":0.1,"wi":0.55,"ei":5.95,"as":458.23,"mi":"E","mv":3402933,"sc":3,"lpe":99.64,"lpr":5.26,"lq":1.0,"d":4109},{"pi":"1491","pc":"Продукты питания","ss":1000,"td":"Центр города","dc":3,"n":178.75,"vc":"более 1 000","sl":"Нормальный","sv":"около 500","p":5.0,"q":5.0,"b":0.0,"ms":0.02,"wi":0.55,"ei":5.95,"as":458.23,"mi":"E","mv":3402933,"sc":3,"lpe":99.64,"lpr":5.26,"lq":1.0,"d":4109},{"pi":"1491","pc":"Продукты питания","ss":10000,"td":"Спальный район","dc":3,"n":194.81,"vc":"около 5 000","sl":"Нормальный","sv":"около 5 000","p":5.0,"q":5.0,"b":0.0,"ms":0.1,"wi":0.55,"ei":5.95,"as":458.23,"mi":"E","mv":3402933,"sc":3,"lpe":99.64,"lpr":5.26,"lq":1.0,"d":4109},{"pi":"1491","pc":"Продукты питания","ss":10000,"td":"Спальный район","dc":3,"n":194.81,"vc":"около 5 000","sl":"Нормальный","sv":"около 5 000","p":5.0,"q":5.0,"b":0.0,"ms":0.1,"wi":0.55,"ei":5.95,"as":458.23,"mi":"E","mv":3402933,"sc":3,"lpe":99.64,"lpr":5.26,"lq":1.0,"d":4109},{"pi":"1491","pc":"Продукты питания","ss":1000,"td":"Центр города","dc":3,"n":178.75,"vc":"более 1 000","sl":"Нормальный","sv":"около 500","p":5.0,"q":5.0,"b":0.0,"ms":0.02,"wi":0.55,"ei":5.95,"as":458.23,"mi":"E","mv":3402933,"sc":3,"lpe":99.64,"lpr":5.26,"lq":1.0,"d":4109},{"pi":"1491","pc":"Продукты питания","ss":10000,"td":"Спальный район","dc":3,"n":194.81,"vc":"около 5 000","sl":"Нормальный","sv":"около 5 000","p":5.0,"q":5.0,"b":0.0,"ms":0.1,"wi":0.55,"ei":5.95,"as":458.23,"mi":"E","mv":3402933,"sc":3,"lpe":99.64,"lpr":5.26,"lq":1.0,"d":4109},{"pi":"1491","pc":"Продукты питания","ss":1000,"td":"Центр города","dc":3,"n":178.75,"vc":"более 1 000","sl":"Нормальный","sv":"около 500","p":5.0,"q":5.0,"b":0.0,"ms":0.02,"wi":0.55,"ei":5.95,"as":458.23,"mi":"E","mv":3402933,"sc":3,"lpe":99.64,"lpr":5.26,"lq":1.0,"d":4109},{"pi":"1491","pc":"Продукты питания","ss":500,"td":"Спальный район","dc":1,"n":17.46,"vc":"более 200","sl":"Очень высокий","sv":"менее 50","p":1.56,"q":1.05,"b":0.0,"ms":0.0,"wi":0.13,"ei":4.29,"as":136.12,"mi":"E","mv":17486121,"sc":1,"lpe":100.0,"lpr":1.56,"lq":1.0,"d":10825},{"pi":"1491","pc":"Продукты питания","ss":500,"td":"Спальный район","dc":1,"n":17.46,"vc":"более 200","sl":"Очень высокий","sv":"менее 50","p":1.56,"q":1.05,"b":0.0,"ms":0.0,"wi":0.13,"ei":4.29,"as":136.12,"mi":"E","mv":17486121,"sc":1,"lpe":100.0,"lpr":1.56,"lq":1.0,"d":10825},{"pi":"1491","pc":"Продукты питания","ss":500,"td":"Спальный район","dc":1,"n":17.46,"vc":"более 200","sl":"Очень высокий","sv":"менее 50","p":1.56,"q":1.05,"b":0.0,"ms":0.0,"wi":0.13,"ei":4.29,"as":136.12,"mi":"E","mv":17486121,"sc":1,"lpe":100.0,"lpr":1.56,"lq":1.0,"d":10825},{"pi":"1491","pc":"Продукты питания","ss":500,"td":"Спальный район","dc":1,"n":17.46,"vc":"более 200","sl":"Очень высокий","sv":"менее 50","p":1.56,"q":1.05,"b":0.0,"ms":0.0,"wi":0.13,"ei":4.29,"as":136.12,"mi":"E","mv":17486121,"sc":1,"lpe":100.0,"lpr":1.56,"lq":1.0,"d":10825},{"pi":"1491","pc":"Продукты питания","ss":500,"td":"Спальный район","dc":1,"n":17.46,"vc":"более 200","sl":"Очень высокий","sv":"менее 50","p":1.56,"q":1.05,"b":0.0,"ms":0.0,"wi":0.13,"ei":4.29,"as":136.12,"mi":"E","mv":17486121,"sc":1,"lpe":100.0,"lpr":1.56,"lq":1.0,"d":10825},{"pi":"1491","pc":"Продукты питания","ss":500,"td":"Спальный район","dc":1,"n":17.46,"vc":"более 200","sl":"Очень высокий","sv":"менее 50","p":1.56,"q":1.05,"b":0.0,"ms":0.0,"wi":0.13,"ei":4.29,"as":136.12,"mi":"E","mv":17486121,"sc":1,"lpe":100.0,"lpr":1.56,"lq":1.0,"d":10825},{"pi":"1491","pc":"Продукты питания","ss":500,"td":"Спальный район","dc":1,"n":17.46,"vc":"более 200","sl":"Очень высокий","sv":"менее 50","p":1.56,"q":1.05,"b":0.0,"ms":0.0,"wi":0.13,"ei":4.29,"as":136.12,"mi":"E","mv":17486121,"sc":1,"lpe":100.0,"lpr":1.56,"lq":1.0,"d":10825},{"pi":"1491","pc":"Продукты питания","ss":500,"td":"Спальный район","dc":1,"n":17.46,"vc":"более 200","sl":"Очень высокий","sv":"менее 50","p":1.56,"q":1.05,"b":0.0,"ms":0.0,"wi":0.13,"ei":4.29,"as":136.12,"mi":"E","mv":17486121,"sc":1,"lpe":100.0,"lpr":1.56,"lq":1.0,"d":10825},{"pi":"1491","pc":"Продукты питания","ss":100,"td":"Окраина","dc":1,"n":45.76,"vc":"менее 50","sl":"Очень высокий","sv":"около 50","p":2.17,"q":1.05,"b":0.0,"ms":0.08,"wi":0.21,"ei":3.65,"as":173.21,"mi":"E","mv":55298,"sc":1,"lpe":99.92,"lpr":1.98,"lq":1.0,"d":85},{"pi":"1491","pc":"Продукты питания","ss":100,"td":"Окраина","dc":1,"n":45.76,"vc":"менее 50","sl":"Очень высокий","sv":"около 50","p":2.17,"q":1.05,"b":0.0,"ms":0.08,"wi":0.21,"ei":3.65,"as":173.21,"mi":"E","mv":55298,"sc":1,"lpe":99.92,"lpr":1.98,"lq":1.0,"d":85},{"pi":"1491","pc":"Продукты питания","ss":100,"td":"Окраина","dc":1,"n":45.76,"vc":"менее 50","sl":"Очень высокий","sv":"около 50","p":2.17,"q":1.05,"b":0.0,"ms":0.08,"wi":0.21,"ei":3.65,"as":173.21,"mi":"E","mv":55298,"sc":1,"lpe":99.92,"lpr":1.98,"lq":1.0,"d":85},{"pi":"1491","pc":"Продукты питания","ss":100,"td":"Окраина","dc":1,"n":45.76,"vc":"менее 50","sl":"Очень высокий","sv":"около 50","p":2.17,"q":1.05,"b":0.0,"ms":0.08,"wi":0.21,"ei":3.65,"as":173.21,"mi":"E","mv":55298,"sc":1,"lpe":99.92,"lpr":1.98,"lq":1.0,"d":85},{"pi":"1491","pc":"Продукты питания","ss":100,"td":"Окраина","dc":1,"n":45.76,"vc":"менее 50","sl":"Очень высокий","sv":"около 50","p":2.17,"q":1.05,"b":0.0,"ms":0.08,"wi":0.21,"ei":3.65,"as":173.21,"mi":"E","mv":55298,"sc":1,"lpe":99.92,"lpr":1.98,"lq":1.0,"d":85},{"pi":"1491","pc":"Продукты питания","ss":100,"td":"Окраина","dc":1,"n":45.76,"vc":"менее 50","sl":"Очень высокий","sv":"около 50","p":2.17,"q":1.05,"b":0.0,"ms":0.08,"wi":0.21,"ei":3.65,"as":173.21,"mi":"E","mv":55298,"sc":1,"lpe":99.92,"lpr":1.98,"lq":1.0,"d":85},{"pi":"1491","pc":"Продукты питания","ss":100,"td":"Окраина","dc":1,"n":71.68,"vc":"около 50","sl":"Нормальный","sv":"около 50","p":1.89,"q":1.05,"b":0.0,"ms":0.01,"wi":0.14,"ei":3.31,"as":150.32,"mi":"E","mv":652615,"sc":1,"lpe":99.99,"lpr":1.72,"lq":1.0,"d":1050},{"pi":"1491","pc":"Продукты питания","ss":100,"td":"Окраина","dc":1,"n":71.68,"vc":"около 50","sl":"Нормальный","sv":"около 50","p":1.89,"q":1.05,"b":0.0,"ms":0.01,"wi":0.14,"ei":3.31,"as":150.32,"mi":"E","mv":652615,"sc":1,"lpe":99.99,"lpr":1.72,"lq":1.0,"d":1050},{"pi":"1491","pc":"Продукты питания","ss":100,"td":"Окраина","dc":1,"n":71.68,"vc":"около 50","sl":"Нормальный","sv":"около 50","p":1.89,"q":1.05,"b":0.0,"ms":0.01,"wi":0.14,"ei":3.31,"as":150.32,"mi":"E","mv":652615,"sc":1,"lpe":99.99,"lpr":1.72,"lq":1.0,"d":1050},{"pi":"1491","pc":"Продукты питания","ss":100,"td":"Окраина","dc":1,"n":71.68,"vc":"около 50","sl":"Нормальный","sv":"около 50","p":1.89,"q":1.05,"b":0.0,"ms":0.01,"wi":0.14,"ei":3.31,"as":150.32,"mi":"E","mv":652615,"sc":1,"lpe":99.99,"lpr":1.72,"lq":1.0,"d":1050},{"pi":"1491","pc":"Продукты питания","ss":100,"td":"Окраина","dc":1,"n":71.68,"vc":"около 50","sl":"Нормальный","sv":"около 50","p":1.89,"q":1.05,"b":0.0,"ms":0.01,"wi":0.14,"ei":3.31,"as":150.32,"mi":"E","mv":652615,"sc":1,"lpe":99.99,"lpr":1.72,"lq":1.0,"d":1050},{"pi":"1491","pc":"Продукты питания","ss":100,"td":"Окраина","dc":1,"n":71.68,"vc":"около 50","sl":"Нормальный","sv":"около 50","p":1.89,"q":1.05,"b":0.0,"ms":0.01,"wi":0.14,"ei":3.31,"as":150.32,"mi":"E","mv":652615,"sc":1,"lpe":99.99,"lpr":1.72,"lq":1.0,"d":1050},{"pi":"1491","pc":"Продукты питания","ss":100,"td":"Окраина","dc":1,"n":71.68,"vc":"около 50","sl":"Нормальный","sv":"около 50","p":1.89,"q":1.05,"b":0.0,"ms":0.01,"wi":0.14,"ei":3.31,"as":150.32,"mi":"E","mv":652615,"sc":1,"lpe":99.99,"lpr":1.72,"lq":1.0,"d":1050},{"pi":"1491","pc":"Продукты питания","ss":100,"td":"Окраина","dc":1,"n":71.68,"vc":"около 50","sl":"Нормальный","sv":"около 50","p":1.89,"q":1.05,"b":0.0,"ms":0.01,"wi":0.14,"ei":3.31,"as":150.32,"mi":"E","mv":652615,"sc":1,"lpe":99.99,"lpr":1.72,"lq":1.0,"d":1050},{"pi":"1491","pc":"Продукты питания","ss":100,"td":"Окраина","dc":1,"n":49.88,"vc":"менее 50","sl":"Очень высокий","sv":"около 50","p":1.24,"q":1.05,"b":0.0,"ms":0.02,"wi":0.13,"ei":2.8,"as":99.67,"mi":"E","mv":182952,"sc":1,"lpe":99.98,"lpr":1.13,"lq":1.0,"d":256},{"pi":"1491","pc":"Продукты питания","ss":100,"td":"Окраина","dc":1,"n":49.88,"vc":"менее 50","sl":"Очень высокий","sv":"около 50","p":1.24,"q":1.05,"b":0.0,"ms":0.02,"wi":0.13,"ei":2.8,"as":99.67,"mi":"E","mv":182952,"sc":1,"lpe":99.98,"lpr":1.13,"lq":1.0,"d":256},{"pi":"1491","pc":"Продукты питания","ss":100,"td":"Окраина","dc":1,"n":49.88,"vc":"менее 50","sl":"Очень высокий","sv":"около 50","p":1.24,"q":1.05,"b":0.0,"ms":0.02,"wi":0.13,"ei":2.8,"as":99.67,"mi":"E","mv":182952,"sc":1,"lpe":99.98,"lpr":1.13,"lq":1.0,"d":256},{"pi":"1491","pc":"Продукты питания","ss":100,"td":"Окраина","dc":1,"n":49.88,"vc":"менее 50","sl":"Очень высокий","sv":"около 50","p":1.24,"q":1.05,"b":0.0,"ms":0.02,"wi":0.13,"ei":2.8,"as":99.67,"mi":"E","mv":182952,"sc":1,"lpe":99.98,"lpr":1.13,"lq":1.0,"d":256},{"pi":"1491","pc":"Продукты питания","ss":100,"td":"Окраина","dc":1,"n":49.88,"vc":"менее 50","sl":"Очень высокий","sv":"около 50","p":1.24,"q":1.05,"b":0.0,"ms":0.02,"wi":0.13,"ei":2.8,"as":99.67,"mi":"E","mv":182952,"sc":1,"lpe":99.98,"lpr":1.13,"lq":1.0,"d":256},{"pi":"1491","pc":"Продукты питания","ss":100,"td":"Окраина","dc":1,"n":49.88,"vc":"менее 50","sl":"Очень высокий","sv":"около 50","p":1.24,"q":1.05,"b":0.0,"ms":0.02,"wi":0.13,"ei":2.8,"as":99.67,"mi":"E","mv":182952,"sc":1,"lpe":99.98,"lpr":1.13,"lq":1.0,"d":256},{"pi":"1491","pc":"Продукты питания","ss":100,"td":"Окраина","dc":1,"n":49.88,"vc":"менее 50","sl":"Очень высокий","sv":"около 50","p":1.24,"q":1.05,"b":0.0,"ms":0.02,"wi":0.13,"ei":2.8,"as":99.67,"mi":"E","mv":182952,"sc":1,"lpe":99.98,"lpr":1.13,"lq":1.0,"d":256},{"pi":"1491","pc":"Продукты питания","ss":100,"td":"Окраина","dc":1,"n":49.88,"vc":"менее 50","sl":"Очень высокий","sv":"около 50","p":1.24,"q":1.05,"b":0.0,"ms":0.02,"wi":0.13,"ei":2.8,"as":99.67,"mi":"E","mv":182952,"sc":1,"lpe":99.98,"lpr":1.13,"lq":1.0,"d":256},{"pi":"1491","pc":"Продукты питания","ss":100,"td":"Окраина","dc":1,"n":251.24,"vc":"более 100","sl":"Низкий","sv":"более 100","p":1.74,"q":1.05,"b":0.0,"ms":0.02,"wi":0.18,"ei":4.28,"as":154.36,"mi":"E","mv":1093737,"sc":1,"lpe":99.98,"lpr":1.77,"lq":1.0,"d":1380},{"pi":"1491","pc":"Продукты питания","ss":100,"td":"Окраина","dc":1,"n":251.24,"vc":"более 100","sl":"Низкий","sv":"более 100","p":1.74,"q":1.05,"b":0.0,"ms":0.02,"wi":0.18,"ei":4.28,"as":154.36,"mi":"E","mv":1093737,"sc":1,"lpe":99.98,"lpr":1.77,"lq":1.0,"d":1380},{"pi":"1491","pc":"Продукты питания","ss":500,"td":"Окраина","dc":3,"n":253.34,"vc":"более 100","sl":"Нормальный","sv":"более 100","p":1.99,"q":1.04,"b":0.0,"ms":0.1,"wi":0.21,"ei":4.3,"as":169.75,"mi":"E","mv":123906,"sc":1,"lpe":99.9,"lpr":1.95,"lq":1.0,"d":188},{"pi":"1491","pc":"Продукты питания","ss":500,"td":"Окраина","dc":3,"n":253.34,"vc":"более 100","sl":"Нормальный","sv":"более 100","p":1.99,"q":1.04,"b":0.0,"ms":0.1,"wi":0.21,"ei":4.3,"as":169.75,"mi":"E","mv":123906,"sc":1,"lpe":99.9,"lpr":1.95,"lq":1.0,"d":188},{"pi":"1491","pc":"Продукты питания","ss":500,"td":"Окраина","dc":3,"n":253.34,"vc":"более 100","sl":"Нормальный","sv":"более 100","p":1.99,"q":1.04,"b":0.0,"ms":0.1,"wi":0.21,"ei":4.3,"as":169.75,"mi":"E","mv":123906,"sc":1,"lpe":99.9,"lpr":1.95,"lq":1.0,"d":188},{"pi":"1491","pc":"Продукты питания","ss":500,"td":"Окраина","dc":3,"n":253.34,"vc":"более 100","sl":"Нормальный","sv":"более 100","p":1.99,"q":1.04,"b":0.0,"ms":0.1,"wi":0.21,"ei":4.3,"as":169.75,"mi":"E","mv":123906,"sc":1,"lpe":99.9,"lpr":1.95,"lq":1.0,"d":188},{"pi":"1491","pc":"Продукты питания","ss":500,"td":"Окраина","dc":3,"n":253.34,"vc":"более 100","sl":"Нормальный","sv":"более 100","p":1.99,"q":1.04,"b":0.0,"ms":0.1,"wi":0.21,"ei":4.3,"as":169.75,"mi":"E","mv":123906,"sc":1,"lpe":99.9,"lpr":1.95,"lq":1.0,"d":188},{"pi":"1491","pc":"Продукты питания","ss":500,"td":"Окраина","dc":3,"n":253.34,"vc":"более 100","sl":"Нормальный","sv":"более 100","p":1.99,"q":1.04,"b":0.0,"ms":0.1,"wi":0.21,"ei":4.3,"as":169.75,"mi":"E","mv":123906,"sc":1,"lpe":99.9,"lpr":1.95,"lq":1.0,"d":188},{"pi":"1491","pc":"Продукты питания","ss":500,"td":"Окраина","dc":3,"n":253.34,"vc":"более 100","sl":"Нормальный","sv":"более 100","p":1.99,"q":1.04,"b":0.0,"ms":0.1,"wi":0.21,"ei":4.3,"as":169.75,"mi":"E","mv":123906,"sc":1,"lpe":99.9,"lpr":1.95,"lq":1.0,"d":188},{"pi":"1491","pc":"Продукты питания","ss":500,"td":"Окраина","dc":3,"n":253.34,"vc":"более 100","sl":"Нормальный","sv":"более 100","p":1.99,"q":1.04,"b":0.0,"ms":0.1,"wi":0.21,"ei":4.3,"as":169.75,"mi":"E","mv":123906,"sc":1,"lpe":99.9,"lpr":1.95,"lq":1.0,"d":188},{"pi":"1491","pc":"Продукты питания","ss":500,"td":"Окраина","dc":3,"n":253.34,"vc":"более 100","sl":"Нормальный","sv":"более 100","p":1.99,"q":1.04,"b":0.0,"ms":0.1,"wi":0.21,"ei":4.3,"as":169.75,"mi":"E","mv":123906,"sc":1,"lpe":99.9,"lpr":1.95,"lq":1.0,"d":188},{"pi":"1491","pc":"Продукты питания","ss":500,"td":"Окраина","dc":3,"n":253.34,"vc":"более 100","sl":"Нормальный","sv":"более 100","p":1.99,"q":1.04,"b":0.0,"ms":0.1,"wi":0.21,"ei":4.3,"as":169.75,"mi":"E","mv":123906,"sc":1,"lpe":99.9,"lpr":1.95,"lq":1.0,"d":188},{"pi":"1491","pc":"Продукты питания","ss":500,"td":"Окраина","dc":3,"n":253.34,"vc":"более 100","sl":"Нормальный","sv":"более 100","p":1.99,"q":1.04,"b":0.0,"ms":0.1,"wi":0.21,"ei":4.3,"as":169.75,"mi":"E","mv":123906,"sc":1,"lpe":99.9,"lpr":1.95,"lq":1.0,"d":188},{"pi":"1491","pc":"Продукты питания","ss":500,"td":"Окраина","dc":3,"n":253.34,"vc":"более 100","sl":"Нормальный","sv":"более 100","p":1.99,"q":1.04,"b":0.0,"ms":0.1,"wi":0.21,"ei":4.3,"as":169.75,"mi":"E","mv":123906,"sc":1,"lpe":99.9,"lpr":1.95,"lq":1.0,"d":188},{"pi":"1491","pc":"Продукты питания","ss":100,"td":"Окраина","dc":1,"n":43.47,"vc":"около 50","sl":"Высокий","sv":"около 50","p":2.63,"q":1.05,"b":0.0,"ms":0.01,"wi":0.23,"ei":4.43,"as":218.14,"mi":"E","mv":582340,"sc":1,"lpe":99.99,"lpr":2.49,"lq":1.0,"d":531},{"pi":"1491","pc":"Продукты питания","ss":100,"td":"Окраина","dc":1,"n":43.47,"vc":"около 50","sl":"Высокий","sv":"около 50","p":2.63,"q":1.05,"b":0.0,"ms":0.01,"wi":0.23,"ei":4.43,"as":218.14,"mi":"E","mv":582340,"sc":1,"lpe":99.99,"lpr":2.49,"lq":1.0,"d":531},{"pi":"1491","pc":"Продукты питания","ss":100,"td":"Окраина","dc":1,"n":43.47,"vc":"около 50","sl":"Высокий","sv":"около 50","p":2.63,"q":1.05,"b":0.0,"ms":0.01,"wi":0.23,"ei":4.43,"as":218.14,"mi":"E","mv":582340,"sc":1,"lpe":99.99,"lpr":2.49,"lq":1.0,"d":531},{"pi":"1491","pc":"Продукты питания","ss":500,"td":"Центр города","dc":1,"n":34.56,"vc":"более 100","sl":"Элитный","sv":"около 500","p":9.0,"q":5.0,"b":0.0,"ms":0.1,"wi":1.38,"ei":7.8,"as":1190.0,"mi":"E","mv":479896,"sc":2,"lpe":99.89,"lpr":13.66,"lq":1.0,"d":843},{"pi":"1491","pc":"Продукты питания","ss":100,"td":"Центр города","dc":1,"n":43.47,"vc":"более 100","sl":"Низкий","sv":"менее 50","p":14.42,"q":1.05,"b":0.0,"ms":0.01,"wi":1.38,"ei":7.8,"as":1190.0,"mi":"E","mv":479896,"sc":2,"lpe":99.89,"lpr":13.66,"lq":1.0,"d":843},{"pi":"1491","pc":"Продукты питания","ss":500,"td":"Центр города","dc":1,"n":34.56,"vc":"более 100","sl":"Элитный","sv":"около 500","p":9.0,"q":5.0,"b":0.0,"ms":0.1,"wi":1.38,"ei":7.8,"as":1190.0,"mi":"E","mv":479896,"sc":2,"lpe":99.89,"lpr":13.66,"lq":1.0,"d":843},{"pi":"1491","pc":"Продукты питания","ss":500,"td":"Центр города","dc":1,"n":34.56,"vc":"более 100","sl":"Элитный","sv":"около 500","p":9.0,"q":5.0,"b":0.0,"ms":0.1,"wi":1.38,"ei":7.8,"as":1190.0,"mi":"E","mv":479896,"sc":2,"lpe":99.89,"lpr":13.66,"lq":1.0,"d":843},{"pi":"1491","pc":"Продукты питания","ss":100,"td":"Центр города","dc":1,"n":43.47,"vc":"более 100","sl":"Низкий","sv":"менее 50","p":14.42,"q":1.05,"b":0.0,"ms":0.01,"wi":1.38,"ei":7.8,"as":1190.0,"mi":"E","mv":479896,"sc":2,"lpe":99.89,"lpr":13.66,"lq":1.0,"d":843},{"pi":"1491","pc":"Продукты питания","ss":500,"td":"Центр города","dc":1,"n":34.56,"vc":"более 100","sl":"Элитный","sv":"около 500","p":9.0,"q":5.0,"b":0.0,"ms":0.1,"wi":1.38,"ei":7.8,"as":1190.0,"mi":"E","mv":479896,"sc":2,"lpe":99.89,"lpr":13.66,"lq":1.0,"d":843},{"pi":"1491","pc":"Продукты питания","ss":500,"td":"Центр города","dc":1,"n":34.56,"vc":"более 100","sl":"Элитный","sv":"около 500","p":9.0,"q":5.0,"b":0.0,"ms":0.1,"wi":1.38,"ei":7.8,"as":1190.0,"mi":"E","mv":479896,"sc":2,"lpe":99.89,"lpr":13.66,"lq":1.0,"d":843},{"pi":"1491","pc":"Продукты питания","ss":500,"td":"Центр города","dc":1,"n":34.56,"vc":"более 100","sl":"Элитный","sv":"около 500","p":9.0,"q":5.0,"b":0.0,"ms":0.1,"wi":1.38,"ei":7.8,"as":1190.0,"mi":"E","mv":479896,"sc":2,"lpe":99.89,"lpr":13.66,"lq":1.0,"d":843},{"pi":"1491","pc":"Продукты питания","ss":500,"td":"Центр города","dc":1,"n":34.56,"vc":"более 100","sl":"Элитный","sv":"около 500","p":9.0,"q":5.0,"b":0.0,"ms":0.1,"wi":1.38,"ei":7.8,"as":1190.0,"mi":"E","mv":479896,"sc":2,"lpe":99.89,"lpr":13.66,"lq":1.0,"d":843},{"pi":"1491","pc":"Продукты питания","ss":500,"td":"Центр города","dc":1,"n":34.56,"vc":"более 100","sl":"Элитный","sv":"около 500","p":9.0,"q":5.0,"b":0.0,"ms":0.1,"wi":1.38,"ei":7.8,"as":1190.0,"mi":"E","mv":479896,"sc":2,"lpe":99.89,"lpr":13.66,"lq":1.0,"d":843},{"pi":"1491","pc":"Продукты питания","ss":100,"td":"Центр города","dc":1,"n":120.6,"vc":"около 100","sl":"Низкий","sv":"около 50","p":13.0,"q":1.05,"b":0.0,"ms":0.01,"wi":1.27,"ei":7.8,"as":1140.0,"mi":"E","mv":574461,"sc":2,"lpe":99.92,"lpr":13.08,"lq":1.0,"d":823},{"pi":"1491","pc":"Продукты питания","ss":100,"td":"Центр города","dc":1,"n":120.6,"vc":"около 100","sl":"Низкий","sv":"около 50","p":13.0,"q":1.05,"b":0.0,"ms":0.01,"wi":1.27,"ei":7.8,"as":1140.0,"mi":"E","mv":574461,"sc":2,"lpe":99.92,"lpr":13.08,"lq":1.0,"d":823},{"pi":"1491","pc":"Продукты питания","ss":100,"td":"Центр города","dc":1,"n":120.6,"vc":"около 100","sl":"Низкий","sv":"около 50","p":13.0,"q":1.05,"b":0.0,"ms":0.01,"wi":1.27,"ei":7.8,"as":1140.0,"mi":"E","mv":574461,"sc":2,"lpe":99.92,"lpr":13.08,"lq":1.0,"d":823},{"pi":"1491","pc":"Продукты питания","ss":100,"td":"Окраина","dc":1,"n":46.94,"vc":"около 50","sl":"Высокий","sv":"более 100","p":1.67,"q":1.05,"b":0.0,"ms":0.04,"wi":0.2,"ei":4.01,"as":153.22,"mi":"E","mv":326720,"sc":1,"lpe":99.96,"lpr":1.76,"lq":1.0,"d":556},{"pi":"1491","pc":"Продукты питания","ss":100,"td":"Окраина","dc":1,"n":46.94,"vc":"около 50","sl":"Высокий","sv":"более 100","p":1.67,"q":1.05,"b":0.0,"ms":0.04,"wi":0.2,"ei":4.01,"as":153.22,"mi":"E","mv":326720,"sc":1,"lpe":99.96,"lpr":1.76,"lq":1.0,"d":556},{"pi":"1491","pc":"Продукты питания","ss":100,"td":"Окраина","dc":1,"n":46.94,"vc":"около 50","sl":"Высокий","sv":"более 100","p":1.67,"q":1.05,"b":0.0,"ms":0.04,"wi":0.2,"ei":4.01,"as":153.22,"mi":"E","mv":326720,"sc":1,"lpe":99.96,"lpr":1.76,"lq":1.0,"d":556},{"pi":"1491","pc":"Продукты питания","ss":100,"td":"Окраина","dc":1,"n":46.94,"vc":"около 50","sl":"Высокий","sv":"более 100","p":1.67,"q":1.05,"b":0.0,"ms":0.04,"wi":0.2,"ei":4.01,"as":153.22,"mi":"E","mv":326720,"sc":1,"lpe":99.96,"lpr":1.76,"lq":1.0,"d":556},{"pi":"1491","pc":"Продукты питания","ss":100,"td":"Окраина","dc":1,"n":46.94,"vc":"около 50","sl":"Высокий","sv":"более 100","p":1.67,"q":1.05,"b":0.0,"ms":0.04,"wi":0.2,"ei":4.01,"as":153.22,"mi":"E","mv":326720,"sc":1,"lpe":99.96,"lpr":1.76,"lq":1.0,"d":556},{"pi":"1491","pc":"Продукты питания","ss":100,"td":"Окраина","dc":1,"n":46.94,"vc":"около 50","sl":"Высокий","sv":"более 100","p":1.67,"q":1.05,"b":0.0,"ms":0.04,"wi":0.2,"ei":4.01,"as":153.22,"mi":"E","mv":326720,"sc":1,"lpe":99.96,"lpr":1.76,"lq":1.0,"d":556},{"pi":"1491","pc":"Продукты питания","ss":100,"td":"Окраина","dc":1,"n":45.03,"vc":"около 50","sl":"Нормальный","sv":"около 50","p":1.89,"q":1.05,"b":0.0,"ms":0.01,"wi":0.18,"ei":4.21,"as":151.88,"mi":"E","mv":1018735,"sc":1,"lpe":99.99,"lpr":1.74,"lq":1.0,"d":809},{"pi":"1491","pc":"Продукты питания","ss":100,"td":"Окраина","dc":1,"n":45.03,"vc":"около 50","sl":"Нормальный","sv":"около 50","p":1.89,"q":1.05,"b":0.0,"ms":0.01,"wi":0.18,"ei":4.21,"as":151.88,"mi":"E","mv":1018735,"sc":1,"lpe":99.99,"lpr":1.74,"lq":1.0,"d":809},{"pi":"1491","pc":"Продукты питания","ss":100,"td":"Окраина","dc":1,"n":45.03,"vc":"около 50","sl":"Нормальный","sv":"около 50","p":1.89,"q":1.05,"b":0.0,"ms":0.01,"wi":0.18,"ei":4.21,"as":151.88,"mi":"E","mv":1018735,"sc":1,"lpe":99.99,"lpr":1.74,"lq":1.0,"d":809},{"pi":"1491","pc":"Продукты питания","ss":100,"td":"Окраина","dc":1,"n":45.03,"vc":"около 50","sl":"Нормальный","sv":"около 50","p":1.89,"q":1.05,"b":0.0,"ms":0.01,"wi":0.18,"ei":4.21,"as":151.88,"mi":"E","mv":1018735,"sc":1,"lpe":99.99,"lpr":1.74,"lq":1.0,"d":809},{"pi":"1491","pc":"Продукты питания","ss":100,"td":"Окраина","dc":1,"n":45.03,"vc":"около 50","sl":"Нормальный","sv":"около 50","p":1.89,"q":1.05,"b":0.0,"ms":0.01,"wi":0.18,"ei":4.21,"as":151.88,"mi":"E","mv":1018735,"sc":1,"lpe":99.99,"lpr":1.74,"lq":1.0,"d":809},{"pi":"1491","pc":"Продукты питания","ss":100,"td":"Окраина","dc":1,"n":45.03,"vc":"около 50","sl":"Нормальный","sv":"около 50","p":1.89,"q":1.05,"b":0.0,"ms":0.01,"wi":0.18,"ei":4.21,"as":151.88,"mi":"E","mv":1018735,"sc":1,"lpe":99.99,"lpr":1.74,"lq":1.0,"d":809},{"pi":"1491","pc":"Продукты питания","ss":100,"td":"Окраина","dc":1,"n":45.03,"vc":"около 50","sl":"Нормальный","sv":"около 50","p":1.89,"q":1.05,"b":0.0,"ms":0.01,"wi":0.18,"ei":4.21,"as":151.88,"mi":"E","mv":1018735,"sc":1,"lpe":99.99,"lpr":1.74,"lq":1.0,"d":809},{"pi":"1491","pc":"Продукты питания","ss":500,"td":"Центр города","dc":1,"n":9.81,"vc":"более 100","sl":"Элитный","sv":"более 100","p":1.95,"q":1.05,"b":0.0,"ms":0.05,"wi":0.2,"ei":3.16,"as":158.08,"mi":"E","mv":357332,"sc":1,"lpe":99.95,"lpr":1.81,"lq":1.0,"d":583},{"pi":"1491","pc":"Продукты питания","ss":500,"td":"Центр города","dc":1,"n":9.81,"vc":"более 100","sl":"Элитный","sv":"более 100","p":1.95,"q":1.05,"b":0.0,"ms":0.05,"wi":0.2,"ei":3.16,"as":158.08,"mi":"E","mv":357332,"sc":1,"lpe":99.95,"lpr":1.81,"lq":1.0,"d":583},{"pi":"1491","pc":"Продукты питания","ss":500,"td":"Центр города","dc":1,"n":9.81,"vc":"более 100","sl":"Элитный","sv":"более 100","p":1.95,"q":1.05,"b":0.0,"ms":0.05,"wi":0.2,"ei":3.16,"as":158.08,"mi":"E","mv":357332,"sc":1,"lpe":99.95,"lpr":1.81,"lq":1.0,"d":583},{"pi":"1491","pc":"Продукты питания","ss":500,"td":"Центр города","dc":1,"n":9.81,"vc":"более 100","sl":"Элитный","sv":"более 100","p":1.95,"q":1.05,"b":0.0,"ms":0.05,"wi":0.2,"ei":3.16,"as":158.08,"mi":"E","mv":357332,"sc":1,"lpe":99.95,"lpr":1.81,"lq":1.0,"d":583},{"pi":"1491","pc":"Продукты питания","ss":500,"td":"Центр города","dc":1,"n":9.81,"vc":"более 100","sl":"Элитный","sv":"более 100","p":1.95,"q":1.05,"b":0.0,"ms":0.05,"wi":0.2,"ei":3.16,"as":158.08,"mi":"E","mv":357332,"sc":1,"lpe":99.95,"lpr":1.81,"lq":1.0,"d":583},{"pi":"1491","pc":"Продукты питания","ss":500,"td":"Центр города","dc":1,"n":39.75,"vc":"более 100","sl":"Элитный","sv":"менее 50","p":16.35,"q":1.05,"b":0.0,"ms":0.0,"wi":1.42,"ei":8.5,"as":1360.0,"mi":"E","mv":1268818,"sc":1,"lpe":100.0,"lpr":15.62,"lq":1.0,"d":1553},{"pi":"1491","pc":"Продукты питания","ss":500,"td":"Центр города","dc":1,"n":39.75,"vc":"более 100","sl":"Элитный","sv":"менее 50","p":16.35,"q":1.05,"b":0.0,"ms":0.0,"wi":1.42,"ei":8.5,"as":1360.0,"mi":"E","mv":1268818,"sc":1,"lpe":100.0,"lpr":15.62,"lq":1.0,"d":1553},{"pi":"1491","pc":"Продукты питания","ss":500,"td":"Центр города","dc":1,"n":39.75,"vc":"более 100","sl":"Элитный","sv":"менее 50","p":16.35,"q":1.05,"b":0.0,"ms":0.0,"wi":1.42,"ei":8.5,"as":1360.0,"mi":"E","mv":1268818,"sc":1,"lpe":100.0,"lpr":15.62,"lq":1.0,"d":1553},{"pi":"1491","pc":"Продукты питания","ss":500,"td":"Центр города","dc":1,"n":39.75,"vc":"более 100","sl":"Элитный","sv":"менее 50","p":16.35,"q":1.05,"b":0.0,"ms":0.0,"wi":1.42,"ei":8.5,"as":1360.0,"mi":"E","mv":1268818,"sc":1,"lpe":100.0,"lpr":15.62,"lq":1.0,"d":1553},{"pi":"1491","pc":"Продукты питания","ss":500,"td":"Центр города","dc":1,"n":39.75,"vc":"более 100","sl":"Элитный","sv":"менее 50","p":16.35,"q":1.05,"b":0.0,"ms":0.0,"wi":1.42,"ei":8.5,"as":1360.0,"mi":"E","mv":1268818,"sc":1,"lpe":100.0,"lpr":15.62,"lq":1.0,"d":1553},{"pi":"1491","pc":"Продукты питания","ss":500,"td":"Центр города","dc":1,"n":39.75,"vc":"более 100","sl":"Элитный","sv":"менее 50","p":16.35,"q":1.05,"b":0.0,"ms":0.0,"wi":1.42,"ei":8.5,"as":1360.0,"mi":"E","mv":1268818,"sc":1,"lpe":100.0,"lpr":15.62,"lq":1.0,"d":1553},{"pi":"1491","pc":"Продукты питания","ss":500,"td":"Центр города","dc":1,"n":0.48,"vc":"более 200","sl":"Элитный","sv":"около 100","p":10.0,"q":10.0,"b":0.0,"ms":0.01,"wi":1.23,"ei":8.6,"as":1300.0,"mi":"E","mv":1936812,"sc":1,"lpe":99.99,"lpr":14.92,"lq":1.0,"d":2719},{"pi":"1491","pc":"Продукты питания","ss":500,"td":"Центр города","dc":1,"n":0.48,"vc":"более 200","sl":"Элитный","sv":"около 100","p":10.0,"q":10.0,"b":0.0,"ms":0.01,"wi":1.23,"ei":8.6,"as":1300.0,"mi":"E","mv":1936812,"sc":1,"lpe":99.99,"lpr":14.92,"lq":1.0,"d":2719},{"pi":"1491","pc":"Продукты питания","ss":500,"td":"Центр города","dc":1,"n":0.48,"vc":"более 200","sl":"Элитный","sv":"около 100","p":10.0,"q":10.0,"b":0.0,"ms":0.01,"wi":1.23,"ei":8.6,"as":1300.0,"mi":"E","mv":1936812,"sc":1,"lpe":99.99,"lpr":14.92,"lq":1.0,"d":2719},{"pi":"1491","pc":"Продукты питания","ss":500,"td":"Центр города","dc":1,"n":0.48,"vc":"более 200","sl":"Элитный","sv":"около 100","p":10.0,"q":10.0,"b":0.0,"ms":0.01,"wi":1.23,"ei":8.6,"as":1300.0,"mi":"E","mv":1936812,"sc":1,"lpe":99.99,"lpr":14.92,"lq":1.0,"d":2719},{"pi":"1491","pc":"Продукты питания","ss":500,"td":"Центр города","dc":1,"n":0.48,"vc":"более 200","sl":"Элитный","sv":"около 100","p":10.0,"q":10.0,"b":0.0,"ms":0.01,"wi":1.23,"ei":8.6,"as":1300.0,"mi":"E","mv":1936812,"sc":1,"lpe":99.99,"lpr":14.92,"lq":1.0,"d":2719},{"pi":"1491","pc":"Продукты питания","ss":500,"td":"Центр города","dc":1,"n":0.48,"vc":"более 200","sl":"Элитный","sv":"около 100","p":10.0,"q":10.0,"b":0.0,"ms":0.01,"wi":1.23,"ei":8.6,"as":1300.0,"mi":"E","mv":1936812,"sc":1,"lpe":99.99,"lpr":14.92,"lq":1.0,"d":2719},{"pi":"1491","pc":"Продукты питания","ss":500,"td":"Центр города","dc":1,"n":0.48,"vc":"более 200","sl":"Элитный","sv":"около 100","p":10.0,"q":10.0,"b":0.0,"ms":0.01,"wi":1.23,"ei":8.6,"as":1300.0,"mi":"E","mv":1936812,"sc":1,"lpe":99.99,"lpr":14.92,"lq":1.0,"d":2719},{"pi":"1491","pc":"Продукты питания","ss":500,"td":"Центр города","dc":1,"n":0.48,"vc":"более 200","sl":"Элитный","sv":"около 100","p":10.0,"q":10.0,"b":0.0,"ms":0.01,"wi":1.23,"ei":8.6,"as":1300.0,"mi":"E","mv":1936812,"sc":1,"lpe":99.99,"lpr":14.92,"lq":1.0,"d":2719},{"pi":"1491","pc":"Продукты питания","ss":100,"td":"Окраина","dc":1,"n":270.15,"vc":"более 100","sl":"Низкий","sv":"более 100","p":1.4,"q":1.05,"b":0.0,"ms":0.02,"wi":0.14,"ei":3.0,"as":119.04,"mi":"E","mv":604990,"sc":1,"lpe":99.98,"lpr":1.36,"lq":1.0,"d":1015},{"pi":"1491","pc":"Продукты питания","ss":100,"td":"Окраина","dc":1,"n":270.15,"vc":"более 100","sl":"Низкий","sv":"более 100","p":1.4,"q":1.05,"b":0.0,"ms":0.02,"wi":0.14,"ei":3.0,"as":119.04,"mi":"E","mv":604990,"sc":1,"lpe":99.98,"lpr":1.36,"lq":1.0,"d":1015},{"pi":"1491","pc":"Продукты питания","ss":100,"td":"Окраина","dc":1,"n":270.15,"vc":"более 100","sl":"Низкий","sv":"более 100","p":1.4,"q":1.05,"b":0.0,"ms":0.02,"wi":0.14,"ei":3.0,"as":119.04,"mi":"E","mv":604990,"sc":1,"lpe":99.98,"lpr":1.36,"lq":1.0,"d":1015},{"pi":"1491","pc":"Продукты питания","ss":100,"td":"Окраина","dc":1,"n":270.15,"vc":"более 100","sl":"Низкий","sv":"более 100","p":1.4,"q":1.05,"b":0.0,"ms":0.02,"wi":0.14,"ei":3.0,"as":119.04,"mi":"E","mv":604990,"sc":1,"lpe":99.98,"lpr":1.36,"lq":1.0,"d":1015},{"pi":"1491","pc":"Продукты питания","ss":100,"td":"Окраина","dc":1,"n":270.15,"vc":"более 100","sl":"Низкий","sv":"более 100","p":1.4,"q":1.05,"b":0.0,"ms":0.02,"wi":0.14,"ei":3.0,"as":119.04,"mi":"E","mv":604990,"sc":1,"lpe":99.98,"lpr":1.36,"lq":1.0,"d":1015},{"pi":"1491","pc":"Продукты питания","ss":100,"td":"Окраина","dc":1,"n":270.15,"vc":"более 100","sl":"Низкий","sv":"более 100","p":1.4,"q":1.05,"b":0.0,"ms":0.02,"wi":0.14,"ei":3.0,"as":119.04,"mi":"E","mv":604990,"sc":1,"lpe":99.98,"lpr":1.36,"lq":1.0,"d":1015},{"pi":"1491","pc":"Продукты питания","ss":100,"td":"Окраина","dc":1,"n":270.15,"vc":"более 100","sl":"Низкий","sv":"более 100","p":1.4,"q":1.05,"b":0.0,"ms":0.02,"wi":0.14,"ei":3.0,"as":119.04,"mi":"E","mv":604990,"sc":1,"lpe":99.98,"lpr":1.36,"lq":1.0,"d":1015},{"pi":"1491","pc":"Продукты питания","ss":100,"td":"Окраина","dc":1,"n":44.43,"vc":"менее 50","sl":"Элитный","sv":"менее 50","p":1.74,"q":1.05,"b":0.0,"ms":0.1,"wi":0.16,"ei":3.64,"as":138.22,"mi":"E","mv":24844,"sc":1,"lpe":99.9,"lpr":1.58,"lq":1.0,"d":45},{"pi":"1491","pc":"Продукты питания","ss":100,"td":"Окраина","dc":1,"n":44.43,"vc":"менее 50","sl":"Элитный","sv":"менее 50","p":1.74,"q":1.05,"b":0.0,"ms":0.1,"wi":0.16,"ei":3.64,"as":138.22,"mi":"E","mv":24844,"sc":1,"lpe":99.9,"lpr":1.58,"lq":1.0,"d":45},{"pi":"1491","pc":"Продукты питания","ss":100,"td":"Окраина","dc":1,"n":44.43,"vc":"менее 50","sl":"Элитный","sv":"менее 50","p":1.74,"q":1.05,"b":0.0,"ms":0.1,"wi":0.16,"ei":3.64,"as":138.22,"mi":"E","mv":24844,"sc":1,"lpe":99.9,"lpr":1.58,"lq":1.0,"d":45},{"pi":"1491","pc":"Продукты питания","ss":100,"td":"Окраина","dc":1,"n":44.43,"vc":"менее 50","sl":"Элитный","sv":"менее 50","p":1.74,"q":1.05,"b":0.0,"ms":0.1,"wi":0.16,"ei":3.64,"as":138.22,"mi":"E","mv":24844,"sc":1,"lpe":99.9,"lpr":1.58,"lq":1.0,"d":45},{"pi":"1491","pc":"Продукты питания","ss":100,"td":"Окраина","dc":1,"n":44.43,"vc":"менее 50","sl":"Элитный","sv":"менее 50","p":1.74,"q":1.05,"b":0.0,"ms":0.1,"wi":0.16,"ei":3.64,"as":138.22,"mi":"E","mv":24844,"sc":1,"lpe":99.9,"lpr":1.58,"lq":1.0,"d":45},{"pi":"1491","pc":"Продукты питания","ss":100,"td":"Окраина","dc":1,"n":44.43,"vc":"менее 50","sl":"Элитный","sv":"менее 50","p":1.74,"q":1.05,"b":0.0,"ms":0.1,"wi":0.16,"ei":3.64,"as":138.22,"mi":"E","mv":24844,"sc":1,"lpe":99.9,"lpr":1.58,"lq":1.0,"d":45},{"pi":"1491","pc":"Продукты питания","ss":100,"td":"Окраина","dc":1,"n":44.43,"vc":"менее 50","sl":"Элитный","sv":"менее 50","p":1.74,"q":1.05,"b":0.0,"ms":0.1,"wi":0.16,"ei":3.64,"as":138.22,"mi":"E","mv":24844,"sc":1,"lpe":99.9,"lpr":1.58,"lq":1.0,"d":45},{"pi":"1491","pc":"Продукты питания","ss":100,"td":"Центр города","dc":1,"n":45.76,"vc":"около 100","sl":"Низкий","sv":"менее 50","p":17.55,"q":1.05,"b":0.0,"ms":0.01,"wi":1.55,"ei":7.2,"as":1400.0,"mi":"E","mv":525131,"sc":1,"lpe":99.99,"lpr":16.07,"lq":1.0,"d":793},{"pi":"1491","pc":"Продукты питания","ss":100,"td":"Центр города","dc":1,"n":45.76,"vc":"около 100","sl":"Низкий","sv":"менее 50","p":17.55,"q":1.05,"b":0.0,"ms":0.01,"wi":1.55,"ei":7.2,"as":1400.0,"mi":"E","mv":525131,"sc":1,"lpe":99.99,"lpr":16.07,"lq":1.0,"d":793},{"pi":"1491","pc":"Продукты питания","ss":100,"td":"Центр города","dc":1,"n":45.76,"vc":"около 100","sl":"Низкий","sv":"менее 50","p":17.55,"q":1.05,"b":0.0,"ms":0.01,"wi":1.55,"ei":7.2,"as":1400.0,"mi":"E","mv":525131,"sc":1,"lpe":99.99,"lpr":16.07,"lq":1.0,"d":793},{"pi":"1491","pc":"Продукты питания","ss":500,"td":"Спальный район","dc":1,"n":116.0,"vc":"около 200","sl":"Очень высокий","sv":"менее 50","p":14.47,"q":1.05,"b":0.0,"ms":0.0,"wi":1.24,"ei":7.3,"as":1200.0,"mi":"E","mv":383183,"sc":1,"lpe":100.0,"lpr":13.78,"lq":1.0,"d":654},{"pi":"1491","pc":"Продукты питания","ss":500,"td":"Спальный район","dc":1,"n":116.0,"vc":"около 200","sl":"Очень высокий","sv":"менее 50","p":14.47,"q":1.05,"b":0.0,"ms":0.0,"wi":1.24,"ei":7.3,"as":1200.0,"mi":"E","mv":383183,"sc":1,"lpe":100.0,"lpr":13.78,"lq":1.0,"d":654},{"pi":"1491","pc":"Продукты питания","ss":500,"td":"Спальный район","dc":1,"n":116.0,"vc":"около 200","sl":"Очень высокий","sv":"менее 50","p":14.47,"q":1.05,"b":0.0,"ms":0.0,"wi":1.24,"ei":7.3,"as":1200.0,"mi":"E","mv":383183,"sc":1,"lpe":100.0,"lpr":13.78,"lq":1.0,"d":654},{"pi":"1491","pc":"Продукты питания","ss":100,"td":"Центр города","dc":2,"n":57.75,"vc":"более 100","sl":"Очень низкий","sv":"менее 50","p":15.97,"q":1.05,"b":0.0,"ms":0.0,"wi":1.79,"ei":8.7,"as":1500.0,"mi":"E","mv":381164,"sc":1,"lpe":100.0,"lpr":17.13,"lq":1.0,"d":646},{"pi":"1491","pc":"Продукты питания","ss":100,"td":"Центр города","dc":2,"n":57.75,"vc":"более 100","sl":"Очень низкий","sv":"менее 50","p":15.97,"q":1.05,"b":0.0,"ms":0.0,"wi":1.79,"ei":8.7,"as":1500.0,"mi":"E","mv":381164,"sc":1,"lpe":100.0,"lpr":17.13,"lq":1.0,"d":646},{"pi":"1491","pc":"Продукты питания","ss":100,"td":"Центр города","dc":2,"n":57.75,"vc":"более 100","sl":"Очень низкий","sv":"менее 50","p":15.97,"q":1.05,"b":0.0,"ms":0.0,"wi":1.79,"ei":8.7,"as":1500.0,"mi":"E","mv":381164,"sc":1,"lpe":100.0,"lpr":17.13,"lq":1.0,"d":646},{"pi":"1491","pc":"Продукты питания","ss":100,"td":"Центр города","dc":2,"n":57.75,"vc":"более 100","sl":"Очень низкий","sv":"менее 50","p":15.97,"q":1.05,"b":0.0,"ms":0.0,"wi":1.79,"ei":8.7,"as":1500.0,"mi":"E","mv":381164,"sc":1,"lpe":100.0,"lpr":17.13,"lq":1.0,"d":646},{"pi":"1491","pc":"Продукты питания","ss":100,"td":"Центр города","dc":2,"n":57.75,"vc":"более 100","sl":"Очень низкий","sv":"менее 50","p":15.97,"q":1.05,"b":0.0,"ms":0.0,"wi":1.79,"ei":8.7,"as":1500.0,"mi":"E","mv":381164,"sc":1,"lpe":100.0,"lpr":17.13,"lq":1.0,"d":646},{"pi":"1491","pc":"Продукты питания","ss":100,"td":"Центр города","dc":2,"n":57.75,"vc":"более 100","sl":"Очень низкий","sv":"менее 50","p":15.97,"q":1.05,"b":0.0,"ms":0.0,"wi":1.79,"ei":8.7,"as":1500.0,"mi":"E","mv":381164,"sc":1,"lpe":100.0,"lpr":17.13,"lq":1.0,"d":646},{"pi":"1491","pc":"Продукты питания","ss":100,"td":"Центр города","dc":2,"n":57.75,"vc":"более 100","sl":"Очень низкий","sv":"менее 50","p":15.97,"q":1.05,"b":0.0,"ms":0.0,"wi":1.79,"ei":8.7,"as":1500.0,"mi":"E","mv":381164,"sc":1,"lpe":100.0,"lpr":17.13,"lq":1.0,"d":646},{"pi":"1491","pc":"Продукты питания","ss":100,"td":"Центр города","dc":1,"n":48.42,"vc":"около 50","sl":"Нормальный","sv":"менее 50","p":14.81,"q":1.05,"b":0.0,"ms":0.0,"wi":1.31,"ei":7.7,"as":1250.0,"mi":"E","mv":403288,"sc":1,"lpe":100.0,"lpr":14.33,"lq":1.0,"d":652},{"pi":"1491","pc":"Продукты питания","ss":100,"td":"Центр города","dc":1,"n":48.42,"vc":"около 50","sl":"Нормальный","sv":"менее 50","p":14.81,"q":1.05,"b":0.0,"ms":0.0,"wi":1.31,"ei":7.7,"as":1250.0,"mi":"E","mv":403288,"sc":1,"lpe":100.0,"lpr":14.33,"lq":1.0,"d":652},{"pi":"1491","pc":"Продукты питания","ss":100,"td":"Центр города","dc":1,"n":48.42,"vc":"около 50","sl":"Нормальный","sv":"менее 50","p":14.81,"q":1.05,"b":0.0,"ms":0.0,"wi":1.31,"ei":7.7,"as":1250.0,"mi":"E","mv":403288,"sc":1,"lpe":100.0,"lpr":14.33,"lq":1.0,"d":652},{"pi":"1491","pc":"Продукты питания","ss":100,"td":"Центр города","dc":1,"n":48.42,"vc":"около 50","sl":"Нормальный","sv":"менее 50","p":14.81,"q":1.05,"b":0.0,"ms":0.0,"wi":1.31,"ei":7.7,"as":1250.0,"mi":"E","mv":403288,"sc":1,"lpe":100.0,"lpr":14.33,"lq":1.0,"d":652},{"pi":"1491","pc":"Продукты питания","ss":100,"td":"Центр города","dc":1,"n":48.42,"vc":"около 50","sl":"Нормальный","sv":"менее 50","p":14.81,"q":1.05,"b":0.0,"ms":0.0,"wi":1.31,"ei":7.7,"as":1250.0,"mi":"E","mv":403288,"sc":1,"lpe":100.0,"lpr":14.33,"lq":1.0,"d":652},{"pi":"1491","pc":"Продукты питания","ss":100,"td":"Центр города","dc":1,"n":48.42,"vc":"около 50","sl":"Нормальный","sv":"менее 50","p":14.81,"q":1.05,"b":0.0,"ms":0.0,"wi":1.31,"ei":7.7,"as":1250.0,"mi":"E","mv":403288,"sc":1,"lpe":100.0,"lpr":14.33,"lq":1.0,"d":652},{"pi":"1491","pc":"Продукты питания","ss":100,"td":"Центр города","dc":1,"n":48.42,"vc":"около 50","sl":"Нормальный","sv":"менее 50","p":14.81,"q":1.05,"b":0.0,"ms":0.0,"wi":1.31,"ei":7.7,"as":1250.0,"mi":"E","mv":403288,"sc":1,"lpe":100.0,"lpr":14.33,"lq":1.0,"d":652},{"pi":"1491","pc":"Продукты питания","ss":1000,"td":"Центр города","dc":1,"n":252.45,"vc":"более 1 000","sl":"Очень высокий","sv":"около 2 000","p":2.2,"q":1.0,"b":0.0,"ms":0.23,"wi":0.28,"ei":4.27,"as":217.12,"mi":"E","mv":852462,"sc":1,"lpe":99.77,"lpr":2.5,"lq":1.0,"d":1481},{"pi":"1491","pc":"Продукты питания","ss":1000,"td":"Центр города","dc":1,"n":252.45,"vc":"более 1 000","sl":"Очень высокий","sv":"около 2 000","p":2.2,"q":1.0,"b":0.0,"ms":0.23,"wi":0.28,"ei":4.27,"as":217.12,"mi":"E","mv":852462,"sc":1,"lpe":99.77,"lpr":2.5,"lq":1.0,"d":1481},{"pi":"1491","pc":"Продукты питания","ss":1000,"td":"Центр города","dc":1,"n":252.45,"vc":"более 1 000","sl":"Очень высокий","sv":"около 2 000","p":2.2,"q":1.0,"b":0.0,"ms":0.23,"wi":0.28,"ei":4.27,"as":217.12,"mi":"E","mv":852462,"sc":1,"lpe":99.77,"lpr":2.5,"lq":1.0,"d":1481},{"pi":"1491","pc":"Продукты питания","ss":1000,"td":"Центр города","dc":1,"n":252.45,"vc":"более 1 000","sl":"Очень высокий","sv":"около 2 000","p":2.2,"q":1.0,"b":0.0,"ms":0.23,"wi":0.28,"ei":4.27,"as":217.12,"mi":"E","mv":852462,"sc":1,"lpe":99.77,"lpr":2.5,"lq":1.0,"d":1481},{"pi":"1491","pc":"Продукты питания","ss":1000,"td":"Центр города","dc":1,"n":252.45,"vc":"более 1 000","sl":"Очень высокий","sv":"около 2 000","p":2.2,"q":1.0,"b":0.0,"ms":0.23,"wi":0.28,"ei":4.27,"as":217.12,"mi":"E","mv":852462,"sc":1,"lpe":99.77,"lpr":2.5,"lq":1.0,"d":1481},{"pi":"1491","pc":"Продукты питания","ss":1000,"td":"Центр города","dc":1,"n":252.45,"vc":"более 1 000","sl":"Очень высокий","sv":"около 2 000","p":2.2,"q":1.0,"b":0.0,"ms":0.23,"wi":0.28,"ei":4.27,"as":217.12,"mi":"E","mv":852462,"sc":1,"lpe":99.77,"lpr":2.5,"lq":1.0,"d":1481},{"pi":"1491","pc":"Продукты питания","ss":1000,"td":"Центр города","dc":1,"n":252.45,"vc":"более 1 000","sl":"Очень высокий","sv":"около 2 000","p":2.2,"q":1.0,"b":0.0,"ms":0.23,"wi":0.28,"ei":4.27,"as":217.12,"mi":"E","mv":852462,"sc":1,"lpe":99.77,"lpr":2.5,"lq":1.0,"d":1481},{"pi":"1491","pc":"Продукты питания","ss":1000,"td":"Центр города","dc":1,"n":252.45,"vc":"более 1 000","sl":"Очень высокий","sv":"около 2 000","p":2.2,"q":1.0,"b":0.0,"ms":0.23,"wi":0.28,"ei":4.27,"as":217.12,"mi":"E","mv":852462,"sc":1,"lpe":99.77,"lpr":2.5,"lq":1.0,"d":1481}]