[{"pi":"422433","pc":"Аптека","ss":100000,"td":"Центр города","dc":1,"n":547.67,"vc":"около 500 000","sl":"Очень высокий","sv":"около 100","p":5000.0,"q":4.0,"b":0.0,"ms":0.04,"wi":29.43,"ei":6.91,"as":400.0,"mi":"E","mv":166932,"sc":1,"lpe":99.96,"lpr":1613.91,"lq":1.0,"d":1760},{"pi":"422433","pc":"Аптека","ss":100000,"td":"Центр города","dc":1,"n":547.67,"vc":"около 500 000","sl":"Очень высокий","sv":"около 100","p":5000.0,"q":4.0,"b":0.0,"ms":0.04,"wi":29.43,"ei":6.91,"as":400.0,"mi":"E","mv":166932,"sc":1,"lpe":99.96,"lpr":1613.91,"lq":1.0,"d":1760},{"pi":"422433","pc":"Аптека","ss":100000,"td":"Центр города","dc":1,"n":547.67,"vc":"около 500 000","sl":"Очень высокий","sv":"около 100","p":5000.0,"q":4.0,"b":0.0,"ms":0.04,"wi":29.43,"ei":6.91,"as":400.0,"mi":"E","mv":166932,"sc":1,"lpe":99.96,"lpr":1613.91,"lq":1.0,"d":1760},{"pi":"422433","pc":"Аптека","ss":100000,"td":"Центр города","dc":1,"n":547.67,"vc":"около 500 000","sl":"Очень высокий","sv":"около 100","p":5000.0,"q":4.0,"b":0.0,"ms":0.04,"wi":29.43,"ei":6.91,"as":400.0,"mi":"E","mv":166932,"sc":1,"lpe":99.96,"lpr":1613.91,"lq":1.0,"d":1760},{"pi":"422433","pc":"Аптека","ss":100000,"td":"Центр города","dc":1,"n":547.67,"vc":"около 500 000","sl":"Очень высокий","sv":"около 100","p":5000.0,"q":4.0,"b":0.0,"ms":0.04,"wi":29.43,"ei":6.91,"as":400.0,"mi":"E","mv":166932,"sc":1,"lpe":99.96,"lpr":1613.91,"lq":1.0,"d":1760},{"pi":"422433","pc":"Аптека","ss":10000,"td":"Центр города","dc":1,"n":486.77,"vc":"более 10 000","sl":"Элитный","sv":"менее 50","p":4500.0,"q":4.06,"b":0.0,"ms":0.0,"wi":27.79,"ei":5.54,"as":447.98,"mi":"E","mv":59303,"sc":1,"lpe":100.0,"lpr":1208.99,"lq":1.0,"d":577},{"pi":"422433","pc":"Аптека","ss":10000,"td":"Центр города","dc":1,"n":486.77,"vc":"более 10 000","sl":"Элитный","sv":"менее 50","p":4500.0,"q":4.06,"b":0.0,"ms":0.0,"wi":27.79,"ei":5.54,"as":447.98,"mi":"E","mv":59303,"sc":1,"lpe":100.0,"lpr":1208.99,"lq":1.0,"d":577},{"pi":"422433","pc":"Аптека","ss":10000,"td":"Центр города","dc":1,"n":486.77,"vc":"более 10 000","sl":"Элитный","sv":"менее 50","p":4500.0,"q":4.06,"b":0.0,"ms":0.0,"wi":27.79,"ei":5.54,"as":447.98,"mi":"E","mv":59303,"sc":1,"lpe":100.0,"lpr":1208.99,"lq":1.0,"d":577},{"pi":"422433","pc":"Аптека","ss":10000,"td":"Центр города","dc":1,"n":486.77,"vc":"более 10 000","sl":"Элитный","sv":"менее 50","p":4500.0,"q":4.06,"b":0.0,"ms":0.0,"wi":27.79,"ei":5.54,"as":447.98,"mi":"E","mv":59303,"sc":1,"lpe":100.0,"lpr":1208.99,"lq":1.0,"d":577},{"pi":"422433","pc":"Аптека","ss":10000,"td":"Центр города","dc":1,"n":486.77,"vc":"более 10 000","sl":"Элитный","sv":"менее 50","p":4500.0,"q":4.06,"b":0.0,"ms":0.0,"wi":27.79,"ei":5.54,"as":447.98,"mi":"E","mv":59303,"sc":1,"lpe":100.0,"lpr":1208.99,"lq":1.0,"d":577},{"pi":"422433","pc":"Аптека","ss":10000,"td":"Центр города","dc":1,"n":486.77,"vc":"более 10 000","sl":"Элитный","sv":"менее 50","p":4500.0,"q":4.06,"b":0.0,"ms":0.0,"wi":27.79,"ei":5.54,"as":447.98,"mi":"E","mv":59303,"sc":1,"lpe":100.0,"lpr":1208.99,"lq":1.0,"d":577},{"pi":"422433","pc":"Аптека","ss":10000,"td":"Центр города","dc":1,"n":486.77,"vc":"более 10 000","sl":"Элитный","sv":"менее 50","p":4500.0,"q":4.06,"b":0.0,"ms":0.0,"wi":27.79,"ei":5.54,"as":447.98,"mi":"E","mv":59303,"sc":1,"lpe":100.0,"lpr":1208.99,"lq":1.0,"d":577},{"pi":"422433","pc":"Аптека","ss":10000,"td":"Центр города","dc":1,"n":486.77,"vc":"более 10 000","sl":"Элитный","sv":"менее 50","p":4500.0,"q":4.06,"b":0.0,"ms":0.0,"wi":27.79,"ei":5.54,"as":447.98,"mi":"E","mv":59303,"sc":1,"lpe":100.0,"lpr":1208.99,"lq":1.0,"d":577},{"pi":"422433","pc":"Аптека","ss":10000,"td":"Центр города","dc":1,"n":680.62,"vc":"более 100 000","sl":"Низкий","sv":"около 2 000","p":3000.0,"q":27.18,"b":4.66,"ms":0.78,"wi":25.93,"ei":5.19,"as":287.96,"mi":"E","mv":255151,"sc":1,"lpe":99.22,"lpr":982.14,"lq":1.0,"d":1927},{"pi":"422433","pc":"Аптека","ss":10000,"td":"Центр города","dc":1,"n":680.62,"vc":"более 100 000","sl":"Низкий","sv":"около 2 000","p":3000.0,"q":27.18,"b":4.66,"ms":0.78,"wi":25.93,"ei":5.19,"as":287.96,"mi":"E","mv":255151,"sc":1,"lpe":99.22,"lpr":982.14,"lq":1.0,"d":1927},{"pi":"422433","pc":"Аптека","ss":10000,"td":"Центр города","dc":1,"n":680.62,"vc":"более 100 000","sl":"Низкий","sv":"около 2 000","p":3000.0,"q":27.18,"b":4.66,"ms":0.78,"wi":25.93,"ei":5.19,"as":287.96,"mi":"E","mv":255151,"sc":1,"lpe":99.22,"lpr":982.14,"lq":1.0,"d":1927},{"pi":"422433","pc":"Аптека","ss":10000,"td":"Центр города","dc":1,"n":680.62,"vc":"более 100 000","sl":"Низкий","sv":"около 2 000","p":3000.0,"q":27.18,"b":4.66,"ms":0.78,"wi":25.93,"ei":5.19,"as":287.96,"mi":"E","mv":255151,"sc":1,"lpe":99.22,"lpr":982.14,"lq":1.0,"d":1927},{"pi":"422433","pc":"Аптека","ss":10000,"td":"Центр города","dc":1,"n":680.62,"vc":"более 100 000","sl":"Низкий","sv":"около 2 000","p":3000.0,"q":27.18,"b":4.66,"ms":0.78,"wi":25.93,"ei":5.19,"as":287.96,"mi":"E","mv":255151,"sc":1,"lpe":99.22,"lpr":982.14,"lq":1.0,"d":1927},{"pi":"422433","pc":"Аптека","ss":10000,"td":"Центр города","dc":1,"n":680.62,"vc":"более 100 000","sl":"Низкий","sv":"около 2 000","p":3000.0,"q":27.18,"b":4.66,"ms":0.78,"wi":25.93,"ei":5.19,"as":287.96,"mi":"E","mv":255151,"sc":1,"lpe":99.22,"lpr":982.14,"lq":1.0,"d":1927},{"pi":"422433","pc":"Аптека","ss":10000,"td":"Центр города","dc":1,"n":680.62,"vc":"более 100 000","sl":"Низкий","sv":"около 2 000","p":3000.0,"q":27.18,"b":4.66,"ms":0.78,"wi":25.93,"ei":5.19,"as":287.96,"mi":"E","mv":255151,"sc":1,"lpe":99.22,"lpr":982.14,"lq":1.0,"d":1927},{"pi":"422433","pc":"Аптека","ss":10000,"td":"Центр города","dc":1,"n":680.62,"vc":"более 100 000","sl":"Низкий","sv":"около 2 000","p":3000.0,"q":27.18,"b":4.66,"ms":0.78,"wi":25.93,"ei":5.19,"as":287.96,"mi":"E","mv":255151,"sc":1,"lpe":99.22,"lpr":982.14,"lq":1.0,"d":1927},{"pi":"422433","pc":"Аптека","ss":10000,"td":"Центр города","dc":1,"n":680.62,"vc":"более 100 000","sl":"Низкий","sv":"около 2 000","p":3000.0,"q":27.18,"b":4.66,"ms":0.78,"wi":25.93,"ei":5.19,"as":287.96,"mi":"E","mv":255151,"sc":1,"lpe":99.22,"lpr":982.14,"lq":1.0,"d":1927},{"pi":"422433","pc":"Аптека","ss":100000,"td":"Центр города","dc":2,"n":529.07,"vc":"около 500 000","sl":"Очень высокий","sv":"менее 50","p":4000.0,"q":35.82,"b":3.07,"ms":0.0,"wi":30.75,"ei":5.08,"as":488.7,"mi":"E","mv":109121,"sc":1,"lpe":100.0,"lpr":1528.1,"lq":1.0,"d":933},{"pi":"422433","pc":"Аптека","ss":100000,"td":"Центр города","dc":2,"n":529.07,"vc":"около 500 000","sl":"Очень высокий","sv":"менее 50","p":4000.0,"q":35.82,"b":3.07,"ms":0.0,"wi":30.75,"ei":5.08,"as":488.7,"mi":"E","mv":109121,"sc":1,"lpe":100.0,"lpr":1528.1,"lq":1.0,"d":933},{"pi":"422433","pc":"Аптека","ss":100000,"td":"Центр города","dc":2,"n":529.07,"vc":"около 500 000","sl":"Очень высокий","sv":"менее 50","p":4000.0,"q":35.82,"b":3.07,"ms":0.0,"wi":30.75,"ei":5.08,"as":488.7,"mi":"E","mv":109121,"sc":1,"lpe":100.0,"lpr":1528.1,"lq":1.0,"d":933},{"pi":"422433","pc":"Аптека","ss":100000,"td":"Центр города","dc":2,"n":529.07,"vc":"около 500 000","sl":"Очень высокий","sv":"менее 50","p":4000.0,"q":35.82,"b":3.07,"ms":0.0,"wi":30.75,"ei":5.08,"as":488.7,"mi":"E","mv":109121,"sc":1,"lpe":100.0,"lpr":1528.1,"lq":1.0,"d":933},{"pi":"422433","pc":"Аптека","ss":100000,"td":"Центр города","dc":2,"n":529.07,"vc":"около 500 000","sl":"Очень высокий","sv":"менее 50","p":4000.0,"q":35.82,"b":3.07,"ms":0.0,"wi":30.75,"ei":5.08,"as":488.7,"mi":"E","mv":109121,"sc":1,"lpe":100.0,"lpr":1528.1,"lq":1.0,"d":933},{"pi":"422433","pc":"Аптека","ss":100000,"td":"Центр города","dc":2,"n":529.07,"vc":"около 500 000","sl":"Очень высокий","sv":"менее 50","p":4000.0,"q":35.82,"b":3.07,"ms":0.0,"wi":30.75,"ei":5.08,"as":488.7,"mi":"E","mv":109121,"sc":1,"lpe":100.0,"lpr":1528.1,"lq":1.0,"d":933},{"pi":"422433","pc":"Аптека","ss":100000,"td":"Центр города","dc":2,"n":529.07,"vc":"около 500 000","sl":"Очень высокий","sv":"менее 50","p":4000.0,"q":35.82,"b":3.07,"ms":0.0,"wi":30.75,"ei":5.08,"as":488.7,"mi":"E","mv":109121,"sc":1,"lpe":100.0,"lpr":1528.1,"lq":1.0,"d":933},{"pi":"422433","pc":"Аптека","ss":100000,"td":"Центр города","dc":2,"n":529.07,"vc":"около 500 000","sl":"Очень высокий","sv":"менее 50","p":4000.0,"q":35.82,"b":3.07,"ms":0.0,"wi":30.75,"ei":5.08,"as":488.7,"mi":"E","mv":109121,"sc":1,"lpe":100.0,"lpr":1528.1,"lq":1.0,"d":933},{"pi":"422433","pc":"Аптека","ss":100000,"td":"Центр города","dc":2,"n":529.07,"vc":"около 500 000","sl":"Очень высокий","sv":"менее 50","p":4000.0,"q":35.82,"b":3.07,"ms":0.0,"wi":30.75,"ei":5.08,"as":488.7,"mi":"E","mv":109121,"sc":1,"lpe":100.0,"lpr":1528.1,"lq":1.0,"d":933},{"pi":"422433","pc":"Аптека","ss":100000,"td":"Центр города","dc":2,"n":529.07,"vc":"около 500 000","sl":"Очень высокий","sv":"менее 50","p":4000.0,"q":35.82,"b":3.07,"ms":0.0,"wi":30.75,"ei":5.08,"as":488.7,"mi":"E","mv":109121,"sc":1,"lpe":100.0,"lpr":1528.1,"lq":1.0,"d":933},{"pi":"422433","pc":"Аптека","ss":100000,"td":"Центр города","dc":2,"n":529.07,"vc":"около 500 000","sl":"Очень высокий","sv":"менее 50","p":4000.0,"q":35.82,"b":3.07,"ms":0.0,"wi":30.75,"ei":5.08,"as":488.7,"mi":"E","mv":109121,"sc":1,"lpe":100.0,"lpr":1528.1,"lq":1.0,"d":933},{"pi":"422433","pc":"Аптека","ss":100000,"td":"Центр города","dc":2,"n":529.07,"vc":"около 500 000","sl":"Очень высокий","sv":"менее 50","p":4000.0,"q":35.82,"b":3.07,"ms":0.0,"wi":30.75,"ei":5.08,"as":488.7,"mi":"E","mv":109121,"sc":1,"lpe":100.0,"lpr":1528.1,"lq":1.0,"d":933},{"pi":"422433","pc":"Аптека","ss":100000,"td":"Центр города","dc":2,"n":529.07,"vc":"около 500 000","sl":"Очень высокий","sv":"менее 50","p":4000.0,"q":35.82,"b":3.07,"ms":0.0,"wi":30.75,"ei":5.08,"as":488.7,"mi":"E","mv":109121,"sc":1,"lpe":100.0,"lpr":1528.1,"lq":1.0,"d":933},{"pi":"422433","pc":"Аптека","ss":100000,"td":"Центр города","dc":2,"n":529.07,"vc":"около 500 000","sl":"Очень высокий","sv":"менее 50","p":4000.0,"q":35.82,"b":3.07,"ms":0.0,"wi":30.75,"ei":5.08,"as":488.7,"mi":"E","mv":109121,"sc":1,"lpe":100.0,"lpr":1528.1,"lq":1.0,"d":933},{"pi":"422433","pc":"Аптека","ss":100000,"td":"Центр города","dc":2,"n":529.07,"vc":"около 500 000","sl":"Очень высокий","sv":"менее 50","p":4000.0,"q":35.82,"b":3.07,"ms":0.0,"wi":30.75,"ei":5.08,"as":488.7,"mi":"E","mv":109121,"sc":1,"lpe":100.0,"lpr":1528.1,"lq":1.0,"d":933},{"pi":"422433","pc":"Аптека","ss":100000,"td":"Центр города","dc":2,"n":529.07,"vc":"около 500 000","sl":"Очень высокий","sv":"менее 50","p":4000.0,"q":35.82,"b":3.07,"ms":0.0,"wi":30.75,"ei":5.08,"as":488.7,"mi":"E","mv":109121,"sc":1,"lpe":100.0,"lpr":1528.1,"lq":1.0,"d":933},{"pi":"422433","pc":"Аптека","ss":1000,"td":"Фешенебельный район","dc":1,"n":697.7,"vc":"более 1 000","sl":"Очень высокий","sv":"около 1 000","p":2689.0,"q":25.2,"b":4.34,"ms":8.36,"wi":33.82,"ei":9.1,"as":1360.0,"mi":"E","mv":11069,"sc":1,"lpe":91.64,"lpr":865.56,"lq":1.0,"d":165},{"pi":"422433","pc":"Аптека","ss":1000,"td":"Фешенебельный район","dc":1,"n":697.7,"vc":"более 1 000","sl":"Очень высокий","sv":"около 1 000","p":2689.0,"q":25.2,"b":4.34,"ms":8.36,"wi":33.82,"ei":9.1,"as":1360.0,"mi":"E","mv":11069,"sc":1,"lpe":91.64,"lpr":865.56,"lq":1.0,"d":165},{"pi":"422433","pc":"Аптека","ss":1000,"td":"Фешенебельный район","dc":1,"n":697.7,"vc":"более 1 000","sl":"Очень высокий","sv":"около 1 000","p":2689.0,"q":25.2,"b":4.34,"ms":8.36,"wi":33.82,"ei":9.1,"as":1360.0,"mi":"E","mv":11069,"sc":1,"lpe":91.64,"lpr":865.56,"lq":1.0,"d":165},{"pi":"422433","pc":"Аптека","ss":1000,"td":"Фешенебельный район","dc":1,"n":697.7,"vc":"более 1 000","sl":"Очень высокий","sv":"около 1 000","p":2689.0,"q":25.2,"b":4.34,"ms":8.36,"wi":33.82,"ei":9.1,"as":1360.0,"mi":"E","mv":11069,"sc":1,"lpe":91.64,"lpr":865.56,"lq":1.0,"d":165},{"pi":"422433","pc":"Аптека","ss":1000,"td":"Фешенебельный район","dc":1,"n":697.7,"vc":"более 1 000","sl":"Очень высокий","sv":"около 1 000","p":2689.0,"q":25.2,"b":4.34,"ms":8.36,"wi":33.82,"ei":9.1,"as":1360.0,"mi":"E","mv":11069,"sc":1,"lpe":91.64,"lpr":865.56,"lq":1.0,"d":165},{"pi":"422433","pc":"Аптека","ss":1000,"td":"Фешенебельный район","dc":1,"n":697.7,"vc":"более 1 000","sl":"Очень высокий","sv":"около 1 000","p":2689.0,"q":25.2,"b":4.34,"ms":8.36,"wi":33.82,"ei":9.1,"as":1360.0,"mi":"E","mv":11069,"sc":1,"lpe":91.64,"lpr":865.56,"lq":1.0,"d":165},{"pi":"422433","pc":"Аптека","ss":1000,"td":"Фешенебельный район","dc":1,"n":697.7,"vc":"более 1 000","sl":"Очень высокий","sv":"около 1 000","p":2689.0,"q":25.2,"b":4.34,"ms":8.36,"wi":33.82,"ei":9.1,"as":1360.0,"mi":"E","mv":11069,"sc":1,"lpe":91.64,"lpr":865.56,"lq":1.0,"d":165},{"pi":"422433","pc":"Аптека","ss":1000,"td":"Фешенебельный район","dc":1,"n":697.7,"vc":"более 1 000","sl":"Очень высокий","sv":"около 1 000","p":2689.0,"q":25.2,"b":4.34,"ms":8.36,"wi":33.82,"ei":9.1,"as":1360.0,"mi":"E","mv":11069,"sc":1,"lpe":91.64,"lpr":865.56,"lq":1.0,"d":165},{"pi":"422433","pc":"Аптека","ss":100000,"td":"Центр города","dc":1,"n":566.04,"vc":"около 1 000 000","sl":"Высокий","sv":"более 10 000","p":2500.0,"q":17.71,"b":0.0,"ms":1.25,"wi":18.26,"ei":7.3,"as":207.68,"mi":"E","mv":890542,"sc":1,"lpe":98.75,"lpr":761.66,"lq":1.0,"d":7657},{"pi":"422433","pc":"Аптека","ss":100000,"td":"Центр города","dc":1,"n":566.04,"vc":"около 1 000 000","sl":"Высокий","sv":"более 10 000","p":2500.0,"q":17.71,"b":0.0,"ms":1.25,"wi":18.26,"ei":7.3,"as":207.68,"mi":"E","mv":890542,"sc":1,"lpe":98.75,"lpr":761.66,"lq":1.0,"d":7657},{"pi":"422433","pc":"Аптека","ss":100000,"td":"Центр города","dc":1,"n":566.04,"vc":"около 1 000 000","sl":"Высокий","sv":"более 10 000","p":2500.0,"q":17.71,"b":0.0,"ms":1.25,"wi":18.26,"ei":7.3,"as":207.68,"mi":"E","mv":890542,"sc":1,"lpe":98.75,"lpr":761.66,"lq":1.0,"d":7657},{"pi":"422433","pc":"Аптека","ss":100000,"td":"Центр города","dc":1,"n":566.04,"vc":"около 1 000 000","sl":"Высокий","sv":"более 10 000","p":2500.0,"q":17.71,"b":0.0,"ms":1.25,"wi":18.26,"ei":7.3,"as":207.68,"mi":"E","mv":890542,"sc":1,"lpe":98.75,"lpr":761.66,"lq":1.0,"d":7657},{"pi":"422433","pc":"Аптека","ss":100000,"td":"Центр города","dc":1,"n":566.04,"vc":"около 1 000 000","sl":"Высокий","sv":"более 10 000","p":2500.0,"q":17.71,"b":0.0,"ms":1.25,"wi":18.26,"ei":7.3,"as":207.68,"mi":"E","mv":890542,"sc":1,"lpe":98.75,"lpr":761.66,"lq":1.0,"d":7657},{"pi":"422433","pc":"Аптека","ss":100000,"td":"Центр города","dc":1,"n":566.04,"vc":"около 1 000 000","sl":"Высокий","sv":"более 10 000","p":2500.0,"q":17.71,"b":0.0,"ms":1.25,"wi":18.26,"ei":7.3,"as":207.68,"mi":"E","mv":890542,"sc":1,"lpe":98.75,"lpr":761.66,"lq":1.0,"d":7657},{"pi":"422433","pc":"Аптека","ss":100000,"td":"Центр города","dc":1,"n":566.04,"vc":"около 1 000 000","sl":"Высокий","sv":"более 10 000","p":2500.0,"q":17.71,"b":0.0,"ms":1.25,"wi":18.26,"ei":7.3,"as":207.68,"mi":"E","mv":890542,"sc":1,"lpe":98.75,"lpr":761.66,"lq":1.0,"d":7657},{"pi":"422433","pc":"Аптека","ss":100000,"td":"Центр города","dc":1,"n":566.04,"vc":"около 1 000 000","sl":"Высокий","sv":"более 10 000","p":2500.0,"q":17.71,"b":0.0,"ms":1.25,"wi":18.26,"ei":7.3,"as":207.68,"mi":"E","mv":890542,"sc":1,"lpe":98.75,"lpr":761.66,"lq":1.0,"d":7657},{"pi":"422433","pc":"Аптека","ss":1000,"td":"Фешенебельный район","dc":1,"n":132.2,"vc":"более 100","sl":"Элитный","sv":"менее 50","p":500.0,"q":4.06,"b":0.0,"ms":0.08,"wi":3.78,"ei":3.2,"as":112.29,"mi":"E","mv":36779,"sc":1,"lpe":99.92,"lpr":292.09,"lq":1.0,"d":3064},{"pi":"422433","pc":"Аптека","ss":1000,"td":"Фешенебельный район","dc":1,"n":132.2,"vc":"более 100","sl":"Элитный","sv":"менее 50","p":500.0,"q":4.06,"b":0.0,"ms":0.08,"wi":3.78,"ei":3.2,"as":112.29,"mi":"E","mv":36779,"sc":1,"lpe":99.92,"lpr":292.09,"lq":1.0,"d":3064},{"pi":"422433","pc":"Аптека","ss":10000,"td":"Центр города","dc":1,"n":421.22,"vc":"около 50 000","sl":"Очень высокий","sv":"более 1 000","p":2100.0,"q":20.44,"b":0.0,"ms":0.37,"wi":25.03,"ei":9.52,"as":394.04,"mi":"E","mv":397680,"sc":1,"lpe":99.63,"lpr":983.0,"lq":1.0,"d":3791},{"pi":"422433","pc":"Аптека","ss":10000,"td":"Центр города","dc":1,"n":421.22,"vc":"около 50 000","sl":"Очень высокий","sv":"более 1 000","p":2100.0,"q":20.44,"b":0.0,"ms":0.37,"wi":25.03,"ei":9.52,"as":394.04,"mi":"E","mv":397680,"sc":1,"lpe":99.63,"lpr":983.0,"lq":1.0,"d":3791},{"pi":"422433","pc":"Аптека","ss":10000,"td":"Центр города","dc":1,"n":421.22,"vc":"около 50 000","sl":"Очень высокий","sv":"более 1 000","p":2100.0,"q":20.44,"b":0.0,"ms":0.37,"wi":25.03,"ei":9.52,"as":394.04,"mi":"E","mv":397680,"sc":1,"lpe":99.63,"lpr":983.0,"lq":1.0,"d":3791},{"pi":"422433","pc":"Аптека","ss":10000,"td":"Центр города","dc":1,"n":421.22,"vc":"около 50 000","sl":"Очень высокий","sv":"более 1 000","p":2100.0,"q":20.44,"b":0.0,"ms":0.37,"wi":25.03,"ei":9.52,"as":394.04,"mi":"E","mv":397680,"sc":1,"lpe":99.63,"lpr":983.0,"lq":1.0,"d":3791},{"pi":"422433","pc":"Аптека","ss":10000,"td":"Центр города","dc":1,"n":421.22,"vc":"около 50 000","sl":"Очень высокий","sv":"более 1 000","p":2100.0,"q":20.44,"b":0.0,"ms":0.37,"wi":25.03,"ei":9.52,"as":394.04,"mi":"E","mv":397680,"sc":1,"lpe":99.63,"lpr":983.0,"lq":1.0,"d":3791},{"pi":"422433","pc":"Аптека","ss":10000,"td":"Центр города","dc":1,"n":421.22,"vc":"около 50 000","sl":"Очень высокий","sv":"более 1 000","p":2100.0,"q":20.44,"b":0.0,"ms":0.37,"wi":25.03,"ei":9.52,"as":394.04,"mi":"E","mv":397680,"sc":1,"lpe":99.63,"lpr":983.0,"lq":1.0,"d":3791},{"pi":"422433","pc":"Аптека","ss":10000,"td":"Центр города","dc":1,"n":421.22,"vc":"около 50 000","sl":"Очень высокий","sv":"более 1 000","p":2100.0,"q":20.44,"b":0.0,"ms":0.37,"wi":25.03,"ei":9.52,"as":394.04,"mi":"E","mv":397680,"sc":1,"lpe":99.63,"lpr":983.0,"lq":1.0,"d":3791},{"pi":"422433","pc":"Аптека","ss":10000,"td":"Центр города","dc":1,"n":421.22,"vc":"около 50 000","sl":"Очень высокий","sv":"более 1 000","p":2100.0,"q":20.44,"b":0.0,"ms":0.37,"wi":25.03,"ei":9.52,"as":394.04,"mi":"E","mv":397680,"sc":1,"lpe":99.63,"lpr":983.0,"lq":1.0,"d":3791},{"pi":"422433","pc":"Аптека","ss":1000,"td":"Центр города","dc":1,"n":352.59,"vc":"более 2 000","sl":"Очень высокий","sv":"менее 50","p":4000.0,"q":3.96,"b":0.0,"ms":0.0,"wi":18.68,"ei":14.81,"as":176.94,"mi":"E","mv":52829,"sc":1,"lpe":100.0,"lpr":1442.49,"lq":1.0,"d":4122},{"pi":"422433","pc":"Аптека","ss":1000,"td":"Центр города","dc":1,"n":352.59,"vc":"более 2 000","sl":"Очень высокий","sv":"менее 50","p":4000.0,"q":3.96,"b":0.0,"ms":0.0,"wi":18.68,"ei":14.81,"as":176.94,"mi":"E","mv":52829,"sc":1,"lpe":100.0,"lpr":1442.49,"lq":1.0,"d":4122},{"pi":"422433","pc":"Аптека","ss":100000,"td":"Центр города","dc":1,"n":446.32,"vc":"около 500 000","sl":"Элитный","sv":"около 100","p":7000.0,"q":18.21,"b":1.74,"ms":0.01,"wi":36.08,"ei":10.56,"as":614.9,"mi":"E","mv":909205,"sc":1,"lpe":99.99,"lpr":1759.8,"lq":1.0,"d":9329},{"pi":"422433","pc":"Аптека","ss":100000,"td":"Центр города","dc":1,"n":446.32,"vc":"около 500 000","sl":"Элитный","sv":"около 100","p":7000.0,"q":18.21,"b":1.74,"ms":0.01,"wi":36.08,"ei":10.56,"as":614.9,"mi":"E","mv":909205,"sc":1,"lpe":99.99,"lpr":1759.8,"lq":1.0,"d":9329},{"pi":"422433","pc":"Аптека","ss":100000,"td":"Центр города","dc":1,"n":446.32,"vc":"около 500 000","sl":"Элитный","sv":"около 100","p":7000.0,"q":18.21,"b":1.74,"ms":0.01,"wi":36.08,"ei":10.56,"as":614.9,"mi":"E","mv":909205,"sc":1,"lpe":99.99,"lpr":1759.8,"lq":1.0,"d":9329},{"pi":"422433","pc":"Аптека","ss":100000,"td":"Центр города","dc":1,"n":446.32,"vc":"около 500 000","sl":"Элитный","sv":"около 100","p":7000.0,"q":18.21,"b":1.74,"ms":0.01,"wi":36.08,"ei":10.56,"as":614.9,"mi":"E","mv":909205,"sc":1,"lpe":99.99,"lpr":1759.8,"lq":1.0,"d":9329},{"pi":"422433","pc":"Аптека","ss":100000,"td":"Центр города","dc":1,"n":446.32,"vc":"около 500 000","sl":"Элитный","sv":"около 100","p":7000.0,"q":18.21,"b":1.74,"ms":0.01,"wi":36.08,"ei":10.56,"as":614.9,"mi":"E","mv":909205,"sc":1,"lpe":99.99,"lpr":1759.8,"lq":1.0,"d":9329},{"pi":"422433","pc":"Аптека","ss":100000,"td":"Центр города","dc":1,"n":446.32,"vc":"около 500 000","sl":"Элитный","sv":"около 100","p":7000.0,"q":18.21,"b":1.74,"ms":0.01,"wi":36.08,"ei":10.56,"as":614.9,"mi":"E","mv":909205,"sc":1,"lpe":99.99,"lpr":1759.8,"lq":1.0,"d":9329},{"pi":"422433","pc":"Аптека","ss":100000,"td":"Центр города","dc":1,"n":446.32,"vc":"около 500 000","sl":"Элитный","sv":"около 100","p":7000.0,"q":18.21,"b":1.74,"ms":0.01,"wi":36.08,"ei":10.56,"as":614.9,"mi":"E","mv":909205,"sc":1,"lpe":99.99,"lpr":1759.8,"lq":1.0,"d":9329},{"pi":"422433","pc":"Аптека","ss":100000,"td":"Центр города","dc":1,"n":446.32,"vc":"около 500 000","sl":"Элитный","sv":"около 100","p":7000.0,"q":18.21,"b":1.74,"ms":0.01,"wi":36.08,"ei":10.56,"as":614.9,"mi":"E","mv":909205,"sc":1,"lpe":99.99,"lpr":1759.8,"lq":1.0,"d":9329},{"pi":"422433","pc":"Аптека","ss":100000,"td":"Центр города","dc":1,"n":446.32,"vc":"около 500 000","sl":"Элитный","sv":"около 100","p":7000.0,"q":18.21,"b":1.74,"ms":0.01,"wi":36.08,"ei":10.56,"as":614.9,"mi":"E","mv":909205,"sc":1,"lpe":99.99,"lpr":1759.8,"lq":1.0,"d":9329},{"pi":"422433","pc":"Аптека","ss":100000,"td":"Центр города","dc":1,"n":446.32,"vc":"около 500 000","sl":"Элитный","sv":"около 100","p":7000.0,"q":18.21,"b":1.74,"ms":0.01,"wi":36.08,"ei":10.56,"as":614.9,"mi":"E","mv":909205,"sc":1,"lpe":99.99,"lpr":1759.8,"lq":1.0,"d":9329},{"pi":"422433","pc":"Аптека","ss":100000,"td":"Центр города","dc":1,"n":446.32,"vc":"около 500 000","sl":"Элитный","sv":"около 100","p":7000.0,"q":18.21,"b":1.74,"ms":0.01,"wi":36.08,"ei":10.56,"as":614.9,"mi":"E","mv":909205,"sc":1,"lpe":99.99,"lpr":1759.8,"lq":1.0,"d":9329},{"pi":"422433","pc":"Аптека","ss":100000,"td":"Центр города","dc":1,"n":403.51,"vc":"более 200 000","sl":"Элитный","sv":"около 100","p":2550.0,"q":18.21,"b":0.6,"ms":0.01,"wi":17.33,"ei":4.8,"as":360.0,"mi":"E","mv":1136635,"sc":1,"lpe":99.99,"lpr":619.12,"lq":1.0,"d":11554},{"pi":"422433","pc":"Аптека","ss":100000,"td":"Центр города","dc":1,"n":403.51,"vc":"более 200 000","sl":"Элитный","sv":"около 100","p":2550.0,"q":18.21,"b":0.6,"ms":0.01,"wi":17.33,"ei":4.8,"as":360.0,"mi":"E","mv":1136635,"sc":1,"lpe":99.99,"lpr":619.12,"lq":1.0,"d":11554},{"pi":"422433","pc":"Аптека","ss":100000,"td":"Центр города","dc":1,"n":403.51,"vc":"более 200 000","sl":"Элитный","sv":"около 100","p":2550.0,"q":18.21,"b":0.6,"ms":0.01,"wi":17.33,"ei":4.8,"as":360.0,"mi":"E","mv":1136635,"sc":1,"lpe":99.99,"lpr":619.12,"lq":1.0,"d":11554},{"pi":"422433","pc":"Аптека","ss":100000,"td":"Центр города","dc":1,"n":403.51,"vc":"более 200 000","sl":"Элитный","sv":"около 100","p":2550.0,"q":18.21,"b":0.6,"ms":0.01,"wi":17.33,"ei":4.8,"as":360.0,"mi":"E","mv":1136635,"sc":1,"lpe":99.99,"lpr":619.12,"lq":1.0,"d":11554},{"pi":"422433","pc":"Аптека","ss":100000,"td":"Центр города","dc":1,"n":403.51,"vc":"более 200 000","sl":"Элитный","sv":"около 100","p":2550.0,"q":18.21,"b":0.6,"ms":0.01,"wi":17.33,"ei":4.8,"as":360.0,"mi":"E","mv":1136635,"sc":1,"lpe":99.99,"lpr":619.12,"lq":1.0,"d":11554},{"pi":"422433","pc":"Аптека","ss":100000,"td":"Центр города","dc":1,"n":403.51,"vc":"более 200 000","sl":"Элитный","sv":"около 100","p":2550.0,"q":18.21,"b":0.6,"ms":0.01,"wi":17.33,"ei":4.8,"as":360.0,"mi":"E","mv":1136635,"sc":1,"lpe":99.99,"lpr":619.12,"lq":1.0,"d":11554},{"pi":"422433","pc":"Аптека","ss":100000,"td":"Центр города","dc":1,"n":403.51,"vc":"более 200 000","sl":"Элитный","sv":"около 100","p":2550.0,"q":18.21,"b":0.6,"ms":0.01,"wi":17.33,"ei":4.8,"as":360.0,"mi":"E","mv":1136635,"sc":1,"lpe":99.99,"lpr":619.12,"lq":1.0,"d":11554},{"pi":"422433","pc":"Аптека","ss":100000,"td":"Центр города","dc":1,"n":403.51,"vc":"более 200 000","sl":"Элитный","sv":"около 100","p":2550.0,"q":18.21,"b":0.6,"ms":0.01,"wi":17.33,"ei":4.8,"as":360.0,"mi":"E","mv":1136635,"sc":1,"lpe":99.99,"lpr":619.12,"lq":1.0,"d":11554},{"pi":"422433","pc":"Аптека","ss":100000,"td":"Центр города","dc":1,"n":403.51,"vc":"более 200 000","sl":"Элитный","sv":"около 100","p":2550.0,"q":18.21,"b":0.6,"ms":0.01,"wi":17.33,"ei":4.8,"as":360.0,"mi":"E","mv":1136635,"sc":1,"lpe":99.99,"lpr":619.12,"lq":1.0,"d":11554},{"pi":"422433","pc":"Аптека","ss":100000,"td":"Центр города","dc":1,"n":403.51,"vc":"более 200 000","sl":"Элитный","sv":"около 100","p":2550.0,"q":18.21,"b":0.6,"ms":0.01,"wi":17.33,"ei":4.8,"as":360.0,"mi":"E","mv":1136635,"sc":1,"lpe":99.99,"lpr":619.12,"lq":1.0,"d":11554},{"pi":"422433","pc":"Аптека","ss":100000,"td":"Центр города","dc":1,"n":403.51,"vc":"более 200 000","sl":"Элитный","sv":"около 100","p":2550.0,"q":18.21,"b":0.6,"ms":0.01,"wi":17.33,"ei":4.8,"as":360.0,"mi":"E","mv":1136635,"sc":1,"lpe":99.99,"lpr":619.12,"lq":1.0,"d":11554},{"pi":"422433","pc":"Аптека","ss":100000,"td":"Центр города","dc":1,"n":413.37,"vc":"около 500 000","sl":"Элитный","sv":"около 100","p":7550.0,"q":18.21,"b":1.52,"ms":0.0,"wi":32.47,"ei":6.71,"as":422.23,"mi":"E","mv":2046723,"sc":1,"lpe":100.0,"lpr":1614.06,"lq":1.0,"d":15009},{"pi":"422433","pc":"Аптека","ss":100000,"td":"Центр города","dc":1,"n":413.37,"vc":"около 500 000","sl":"Элитный","sv":"около 100","p":7550.0,"q":18.21,"b":1.52,"ms":0.0,"wi":32.47,"ei":6.71,"as":422.23,"mi":"E","mv":2046723,"sc":1,"lpe":100.0,"lpr":1614.06,"lq":1.0,"d":15009},{"pi":"422433","pc":"Аптека","ss":100000,"td":"Центр города","dc":1,"n":413.37,"vc":"около 500 000","sl":"Элитный","sv":"около 100","p":7550.0,"q":18.21,"b":1.52,"ms":0.0,"wi":32.47,"ei":6.71,"as":422.23,"mi":"E","mv":2046723,"sc":1,"lpe":100.0,"lpr":1614.06,"lq":1.0,"d":15009},{"pi":"422433","pc":"Аптека","ss":100000,"td":"Центр города","dc":1,"n":413.37,"vc":"около 500 000","sl":"Элитный","sv":"около 100","p":7550.0,"q":18.21,"b":1.52,"ms":0.0,"wi":32.47,"ei":6.71,"as":422.23,"mi":"E","mv":2046723,"sc":1,"lpe":100.0,"lpr":1614.06,"lq":1.0,"d":15009},{"pi":"422433","pc":"Аптека","ss":100000,"td":"Центр города","dc":1,"n":413.37,"vc":"около 500 000","sl":"Элитный","sv":"около 100","p":7550.0,"q":18.21,"b":1.52,"ms":0.0,"wi":32.47,"ei":6.71,"as":422.23,"mi":"E","mv":2046723,"sc":1,"lpe":100.0,"lpr":1614.06,"lq":1.0,"d":15009},{"pi":"422433","pc":"Аптека","ss":100000,"td":"Центр города","dc":1,"n":413.37,"vc":"около 500 000","sl":"Элитный","sv":"около 100","p":7550.0,"q":18.21,"b":1.52,"ms":0.0,"wi":32.47,"ei":6.71,"as":422.23,"mi":"E","mv":2046723,"sc":1,"lpe":100.0,"lpr":1614.06,"lq":1.0,"d":15009},{"pi":"422433","pc":"Аптека","ss":100000,"td":"Центр города","dc":1,"n":413.37,"vc":"около 500 000","sl":"Элитный","sv":"около 100","p":7550.0,"q":18.21,"b":1.52,"ms":0.0,"wi":32.47,"ei":6.71,"as":422.23,"mi":"E","mv":2046723,"sc":1,"lpe":100.0,"lpr":1614.06,"lq":1.0,"d":15009},{"pi":"422433","pc":"Аптека","ss":100000,"td":"Центр города","dc":1,"n":413.37,"vc":"около 500 000","sl":"Элитный","sv":"около 100","p":7550.0,"q":18.21,"b":1.52,"ms":0.0,"wi":32.47,"ei":6.71,"as":422.23,"mi":"E","mv":2046723,"sc":1,"lpe":100.0,"lpr":1614.06,"lq":1.0,"d":15009},{"pi":"422433","pc":"Аптека","ss":100000,"td":"Центр города","dc":1,"n":413.37,"vc":"около 500 000","sl":"Элитный","sv":"около 100","p":7550.0,"q":18.21,"b":1.52,"ms":0.0,"wi":32.47,"ei":6.71,"as":422.23,"mi":"E","mv":2046723,"sc":1,"lpe":100.0,"lpr":1614.06,"lq":1.0,"d":15009},{"pi":"422433","pc":"Аптека","ss":100000,"td":"Центр города","dc":1,"n":413.37,"vc":"около 500 000","sl":"Элитный","sv":"около 100","p":7550.0,"q":18.21,"b":1.52,"ms":0.0,"wi":32.47,"ei":6.71,"as":422.23,"mi":"E","mv":2046723,"sc":1,"lpe":100.0,"lpr":1614.06,"lq":1.0,"d":15009},{"pi":"422433","pc":"Аптека","ss":100000,"td":"Центр города","dc":1,"n":413.37,"vc":"около 500 000","sl":"Элитный","sv":"около 100","p":7550.0,"q":18.21,"b":1.52,"ms":0.0,"wi":32.47,"ei":6.71,"as":422.23,"mi":"E","mv":2046723,"sc":1,"lpe":100.0,"lpr":1614.06,"lq":1.0,"d":15009},{"pi":"422433","pc":"Аптека","ss":100000,"td":"Центр города","dc":1,"n":681.66,"vc":"более 1 000 000","sl":"Нормальный","sv":"около 100","p":12000.0,"q":26.15,"b":3.74,"ms":0.04,"wi":43.36,"ei":6.15,"as":1091.03,"mi":"E","mv":219079,"sc":1,"lpe":99.96,"lpr":2338.25,"lq":1.0,"d":2187},{"pi":"422433","pc":"Аптека","ss":100000,"td":"Центр города","dc":1,"n":681.66,"vc":"более 1 000 000","sl":"Нормальный","sv":"около 100","p":12000.0,"q":26.15,"b":3.74,"ms":0.04,"wi":43.36,"ei":6.15,"as":1091.03,"mi":"E","mv":219079,"sc":1,"lpe":99.96,"lpr":2338.25,"lq":1.0,"d":2187},{"pi":"422433","pc":"Аптека","ss":100000,"td":"Центр города","dc":1,"n":681.66,"vc":"более 1 000 000","sl":"Нормальный","sv":"около 100","p":12000.0,"q":26.15,"b":3.74,"ms":0.04,"wi":43.36,"ei":6.15,"as":1091.03,"mi":"E","mv":219079,"sc":1,"lpe":99.96,"lpr":2338.25,"lq":1.0,"d":2187},{"pi":"422433","pc":"Аптека","ss":100000,"td":"Центр города","dc":1,"n":681.66,"vc":"более 1 000 000","sl":"Нормальный","sv":"около 100","p":12000.0,"q":26.15,"b":3.74,"ms":0.04,"wi":43.36,"ei":6.15,"as":1091.03,"mi":"E","mv":219079,"sc":1,"lpe":99.96,"lpr":2338.25,"lq":1.0,"d":2187},{"pi":"422433","pc":"Аптека","ss":100000,"td":"Центр города","dc":1,"n":681.66,"vc":"более 1 000 000","sl":"Нормальный","sv":"около 100","p":12000.0,"q":26.15,"b":3.74,"ms":0.04,"wi":43.36,"ei":6.15,"as":1091.03,"mi":"E","mv":219079,"sc":1,"lpe":99.96,"lpr":2338.25,"lq":1.0,"d":2187},{"pi":"422433","pc":"Аптека","ss":100000,"td":"Центр города","dc":1,"n":681.66,"vc":"более 1 000 000","sl":"Нормальный","sv":"около 100","p":12000.0,"q":26.15,"b":3.74,"ms":0.04,"wi":43.36,"ei":6.15,"as":1091.03,"mi":"E","mv":219079,"sc":1,"lpe":99.96,"lpr":2338.25,"lq":1.0,"d":2187},{"pi":"422433","pc":"Аптека","ss":100000,"td":"Центр города","dc":1,"n":681.66,"vc":"более 1 000 000","sl":"Нормальный","sv":"около 100","p":12000.0,"q":26.15,"b":3.74,"ms":0.04,"wi":43.36,"ei":6.15,"as":1091.03,"mi":"E","mv":219079,"sc":1,"lpe":99.96,"lpr":2338.25,"lq":1.0,"d":2187},{"pi":"422433","pc":"Аптека","ss":100000,"td":"Центр города","dc":1,"n":681.66,"vc":"более 1 000 000","sl":"Нормальный","sv":"около 100","p":12000.0,"q":26.15,"b":3.74,"ms":0.04,"wi":43.36,"ei":6.15,"as":1091.03,"mi":"E","mv":219079,"sc":1,"lpe":99.96,"lpr":2338.25,"lq":1.0,"d":2187},{"pi":"422433","pc":"Аптека","ss":100000,"td":"Центр города","dc":1,"n":681.66,"vc":"более 1 000 000","sl":"Нормальный","sv":"около 100","p":12000.0,"q":26.15,"b":3.74,"ms":0.04,"wi":43.36,"ei":6.15,"as":1091.03,"mi":"E","mv":219079,"sc":1,"lpe":99.96,"lpr":2338.25,"lq":1.0,"d":2187},{"pi":"422433","pc":"Аптека","ss":100000,"td":"Центр города","dc":1,"n":681.66,"vc":"более 1 000 000","sl":"Нормальный","sv":"около 100","p":12000.0,"q":26.15,"b":3.74,"ms":0.04,"wi":43.36,"ei":6.15,"as":1091.03,"mi":"E","mv":219079,"sc":1,"lpe":99.96,"lpr":2338.25,"lq":1.0,"d":2187},{"pi":"422433","pc":"Аптека","ss":100000,"td":"Центр города","dc":1,"n":681.66,"vc":"более 1 000 000","sl":"Нормальный","sv":"около 100","p":12000.0,"q":26.15,"b":3.74,"ms":0.04,"wi":43.36,"ei":6.15,"as":1091.03,"mi":"E","mv":219079,"sc":1,"lpe":99.96,"lpr":2338.25,"lq":1.0,"d":2187},{"pi":"422433","pc":"Аптека","ss":100000,"td":"Центр города","dc":1,"n":588.73,"vc":"около 500 000","sl":"Очень высокий","sv":"менее 50","p":4000.0,"q":3.97,"b":0.0,"ms":0.0,"wi":22.38,"ei":7.78,"as":408.98,"mi":"E","mv":73830,"sc":1,"lpe":100.0,"lpr":1072.96,"lq":1.0,"d":1264},{"pi":"422433","pc":"Аптека","ss":100000,"td":"Центр города","dc":1,"n":588.73,"vc":"около 500 000","sl":"Очень высокий","sv":"менее 50","p":4000.0,"q":3.97,"b":0.0,"ms":0.0,"wi":22.38,"ei":7.78,"as":408.98,"mi":"E","mv":73830,"sc":1,"lpe":100.0,"lpr":1072.96,"lq":1.0,"d":1264},{"pi":"422433","pc":"Аптека","ss":10000,"td":"Центр города","dc":1,"n":419.14,"vc":"более 10 000","sl":"Элитный","sv":"менее 50","p":9500.0,"q":26.95,"b":0.0,"ms":0.02,"wi":47.76,"ei":6.97,"as":1146.18,"mi":"E","mv":98766,"sc":1,"lpe":99.98,"lpr":2882.68,"lq":1.0,"d":1361},{"pi":"422433","pc":"Аптека","ss":10000,"td":"Центр города","dc":1,"n":419.14,"vc":"более 10 000","sl":"Элитный","sv":"менее 50","p":9500.0,"q":26.95,"b":0.0,"ms":0.02,"wi":47.76,"ei":6.97,"as":1146.18,"mi":"E","mv":98766,"sc":1,"lpe":99.98,"lpr":2882.68,"lq":1.0,"d":1361},{"pi":"422433","pc":"Аптека","ss":10000,"td":"Центр города","dc":1,"n":419.14,"vc":"более 10 000","sl":"Элитный","sv":"менее 50","p":9500.0,"q":26.95,"b":0.0,"ms":0.02,"wi":47.76,"ei":6.97,"as":1146.18,"mi":"E","mv":98766,"sc":1,"lpe":99.98,"lpr":2882.68,"lq":1.0,"d":1361},{"pi":"422433","pc":"Аптека","ss":10000,"td":"Центр города","dc":1,"n":419.14,"vc":"более 10 000","sl":"Элитный","sv":"менее 50","p":9500.0,"q":26.95,"b":0.0,"ms":0.02,"wi":47.76,"ei":6.97,"as":1146.18,"mi":"E","mv":98766,"sc":1,"lpe":99.98,"lpr":2882.68,"lq":1.0,"d":1361},{"pi":"422433","pc":"Аптека","ss":10000,"td":"Центр города","dc":1,"n":419.14,"vc":"более 10 000","sl":"Элитный","sv":"менее 50","p":9500.0,"q":26.95,"b":0.0,"ms":0.02,"wi":47.76,"ei":6.97,"as":1146.18,"mi":"E","mv":98766,"sc":1,"lpe":99.98,"lpr":2882.68,"lq":1.0,"d":1361},{"pi":"422433","pc":"Аптека","ss":10000,"td":"Центр города","dc":1,"n":419.14,"vc":"более 10 000","sl":"Элитный","sv":"менее 50","p":9500.0,"q":26.95,"b":0.0,"ms":0.02,"wi":47.76,"ei":6.97,"as":1146.18,"mi":"E","mv":98766,"sc":1,"lpe":99.98,"lpr":2882.68,"lq":1.0,"d":1361},{"pi":"422433","pc":"Аптека","ss":10000,"td":"Центр города","dc":1,"n":419.14,"vc":"более 10 000","sl":"Элитный","sv":"менее 50","p":9500.0,"q":26.95,"b":0.0,"ms":0.02,"wi":47.76,"ei":6.97,"as":1146.18,"mi":"E","mv":98766,"sc":1,"lpe":99.98,"lpr":2882.68,"lq":1.0,"d":1361},{"pi":"422433","pc":"Аптека","ss":100000,"td":"Центр города","dc":2,"n":687.23,"vc":"более 1 000 000","sl":"Низкий","sv":"более 2 000","p":2500.0,"q":35.69,"b":4.6,"ms":5.33,"wi":20.22,"ei":6.96,"as":342.09,"mi":"E","mv":45062,"sc":1,"lpe":94.67,"lpr":518.03,"lq":1.0,"d":611},{"pi":"422433","pc":"Аптека","ss":100000,"td":"Центр города","dc":2,"n":687.23,"vc":"более 1 000 000","sl":"Низкий","sv":"более 2 000","p":2500.0,"q":35.69,"b":4.6,"ms":5.33,"wi":20.22,"ei":6.96,"as":342.09,"mi":"E","mv":45062,"sc":1,"lpe":94.67,"lpr":518.03,"lq":1.0,"d":611},{"pi":"422433","pc":"Аптека","ss":100000,"td":"Центр города","dc":2,"n":687.23,"vc":"более 1 000 000","sl":"Низкий","sv":"более 2 000","p":2500.0,"q":35.69,"b":4.6,"ms":5.33,"wi":20.22,"ei":6.96,"as":342.09,"mi":"E","mv":45062,"sc":1,"lpe":94.67,"lpr":518.03,"lq":1.0,"d":611},{"pi":"422433","pc":"Аптека","ss":100000,"td":"Центр города","dc":2,"n":687.23,"vc":"более 1 000 000","sl":"Низкий","sv":"более 2 000","p":2500.0,"q":35.69,"b":4.6,"ms":5.33,"wi":20.22,"ei":6.96,"as":342.09,"mi":"E","mv":45062,"sc":1,"lpe":94.67,"lpr":518.03,"lq":1.0,"d":611},{"pi":"422433","pc":"Аптека","ss":100000,"td":"Центр города","dc":2,"n":687.23,"vc":"более 1 000 000","sl":"Низкий","sv":"более 2 000","p":2500.0,"q":35.69,"b":4.6,"ms":5.33,"wi":20.22,"ei":6.96,"as":342.09,"mi":"E","mv":45062,"sc":1,"lpe":94.67,"lpr":518.03,"lq":1.0,"d":611},{"pi":"422433","pc":"Аптека","ss":100000,"td":"Центр города","dc":2,"n":687.23,"vc":"более 1 000 000","sl":"Низкий","sv":"более 2 000","p":2500.0,"q":35.69,"b":4.6,"ms":5.33,"wi":20.22,"ei":6.96,"as":342.09,"mi":"E","mv":45062,"sc":1,"lpe":94.67,"lpr":518.03,"lq":1.0,"d":611},{"pi":"422433","pc":"Аптека","ss":100000,"td":"Центр города","dc":2,"n":687.23,"vc":"более 1 000 000","sl":"Низкий","sv":"более 2 000","p":2500.0,"q":35.69,"b":4.6,"ms":5.33,"wi":20.22,"ei":6.96,"as":342.09,"mi":"E","mv":45062,"sc":1,"lpe":94.67,"lpr":518.03,"lq":1.0,"d":611},{"pi":"422433","pc":"Аптека","ss":100000,"td":"Центр города","dc":2,"n":687.23,"vc":"более 1 000 000","sl":"Низкий","sv":"более 2 000","p":2500.0,"q":35.69,"b":4.6,"ms":5.33,"wi":20.22,"ei":6.96,"as":342.09,"mi":"E","mv":45062,"sc":1,"lpe":94.67,"lpr":518.03,"lq":1.0,"d":611},{"pi":"422433","pc":"Аптека","ss":100000,"td":"Центр города","dc":2,"n":687.23,"vc":"более 1 000 000","sl":"Низкий","sv":"более 2 000","p":2500.0,"q":35.69,"b":4.6,"ms":5.33,"wi":20.22,"ei":6.96,"as":342.09,"mi":"E","mv":45062,"sc":1,"lpe":94.67,"lpr":518.03,"lq":1.0,"d":611},{"pi":"422433","pc":"Аптека","ss":100000,"td":"Центр города","dc":2,"n":687.23,"vc":"более 1 000 000","sl":"Низкий","sv":"более 2 000","p":2500.0,"q":35.69,"b":4.6,"ms":5.33,"wi":20.22,"ei":6.96,"as":342.09,"mi":"E","mv":45062,"sc":1,"lpe":94.67,"lpr":518.03,"lq":1.0,"d":611},{"pi":"422433","pc":"Аптека","ss":100000,"td":"Центр города","dc":2,"n":687.23,"vc":"более 1 000 000","sl":"Низкий","sv":"более 2 000","p":2500.0,"q":35.69,"b":4.6,"ms":5.33,"wi":20.22,"ei":6.96,"as":342.09,"mi":"E","mv":45062,"sc":1,"lpe":94.67,"lpr":518.03,"lq":1.0,"d":611},{"pi":"422433","pc":"Аптека","ss":100000,"td":"Центр города","dc":2,"n":687.23,"vc":"более 1 000 000","sl":"Низкий","sv":"более 2 000","p":2500.0,"q":35.69,"b":4.6,"ms":5.33,"wi":20.22,"ei":6.96,"as":342.09,"mi":"E","mv":45062,"sc":1,"lpe":94.67,"lpr":518.03,"lq":1.0,"d":611},{"pi":"422433","pc":"Аптека","ss":100000,"td":"Центр города","dc":2,"n":687.23,"vc":"более 1 000 000","sl":"Низкий","sv":"более 2 000","p":2500.0,"q":35.69,"b":4.6,"ms":5.33,"wi":20.22,"ei":6.96,"as":342.09,"mi":"E","mv":45062,"sc":1,"lpe":94.67,"lpr":518.03,"lq":1.0,"d":611},{"pi":"422433","pc":"Аптека","ss":100000,"td":"Центр города","dc":2,"n":687.23,"vc":"более 1 000 000","sl":"Низкий","sv":"более 2 000","p":2500.0,"q":35.69,"b":4.6,"ms":5.33,"wi":20.22,"ei":6.96,"as":342.09,"mi":"E","mv":45062,"sc":1,"lpe":94.67,"lpr":518.03,"lq":1.0,"d":611},{"pi":"422433","pc":"Аптека","ss":100000,"td":"Центр города","dc":2,"n":687.23,"vc":"более 1 000 000","sl":"Низкий","sv":"более 2 000","p":2500.0,"q":35.69,"b":4.6,"ms":5.33,"wi":20.22,"ei":6.96,"as":342.09,"mi":"E","mv":45062,"sc":1,"lpe":94.67,"lpr":518.03,"lq":1.0,"d":611},{"pi":"422433","pc":"Аптека","ss":100000,"td":"Центр города","dc":2,"n":687.23,"vc":"более 1 000 000","sl":"Низкий","sv":"более 2 000","p":2500.0,"q":35.69,"b":4.6,"ms":5.33,"wi":20.22,"ei":6.96,"as":342.09,"mi":"E","mv":45062,"sc":1,"lpe":94.67,"lpr":518.03,"lq":1.0,"d":611},{"pi":"422433","pc":"Аптека","ss":100000,"td":"Центр города","dc":2,"n":687.23,"vc":"более 1 000 000","sl":"Низкий","sv":"более 2 000","p":2500.0,"q":35.69,"b":4.6,"ms":5.33,"wi":20.22,"ei":6.96,"as":342.09,"mi":"E","mv":45062,"sc":1,"lpe":94.67,"lpr":518.03,"lq":1.0,"d":611},{"pi":"422433","pc":"Аптека","ss":100000,"td":"Центр города","dc":2,"n":687.23,"vc":"более 1 000 000","sl":"Низкий","sv":"более 2 000","p":2500.0,"q":35.69,"b":4.6,"ms":5.33,"wi":20.22,"ei":6.96,"as":342.09,"mi":"E","mv":45062,"sc":1,"lpe":94.67,"lpr":518.03,"lq":1.0,"d":611},{"pi":"422433","pc":"Аптека","ss":100000,"td":"Центр города","dc":2,"n":687.23,"vc":"более 1 000 000","sl":"Низкий","sv":"более 2 000","p":2500.0,"q":35.69,"b":4.6,"ms":5.33,"wi":20.22,"ei":6.96,"as":342.09,"mi":"E","mv":45062,"sc":1,"lpe":94.67,"lpr":518.03,"lq":1.0,"d":611},{"pi":"422433","pc":"Аптека","ss":100000,"td":"Центр города","dc":2,"n":687.23,"vc":"более 1 000 000","sl":"Низкий","sv":"более 2 000","p":2500.0,"q":35.69,"b":4.6,"ms":5.33,"wi":20.22,"ei":6.96,"as":342.09,"mi":"E","mv":45062,"sc":1,"lpe":94.67,"lpr":518.03,"lq":1.0,"d":611},{"pi":"422433","pc":"Аптека","ss":100000,"td":"Центр города","dc":2,"n":687.23,"vc":"более 1 000 000","sl":"Низкий","sv":"более 2 000","p":2500.0,"q":35.69,"b":4.6,"ms":5.33,"wi":20.22,"ei":6.96,"as":342.09,"mi":"E","mv":45062,"sc":1,"lpe":94.67,"lpr":518.03,"lq":1.0,"d":611},{"pi":"422433","pc":"Аптека","ss":100000,"td":"Центр города","dc":2,"n":687.23,"vc":"более 1 000 000","sl":"Низкий","sv":"более 2 000","p":2500.0,"q":35.69,"b":4.6,"ms":5.33,"wi":20.22,"ei":6.96,"as":342.09,"mi":"E","mv":45062,"sc":1,"lpe":94.67,"lpr":518.03,"lq":1.0,"d":611},{"pi":"422433","pc":"Аптека","ss":100000,"td":"Центр города","dc":2,"n":687.23,"vc":"более 1 000 000","sl":"Низкий","sv":"более 2 000","p":2500.0,"q":35.69,"b":4.6,"ms":5.33,"wi":20.22,"ei":6.96,"as":342.09,"mi":"E","mv":45062,"sc":1,"lpe":94.67,"lpr":518.03,"lq":1.0,"d":611},{"pi":"422433","pc":"Аптека","ss":100000,"td":"Центр города","dc":2,"n":687.23,"vc":"более 1 000 000","sl":"Низкий","sv":"более 2 000","p":2500.0,"q":35.69,"b":4.6,"ms":5.33,"wi":20.22,"ei":6.96,"as":342.09,"mi":"E","mv":45062,"sc":1,"lpe":94.67,"lpr":518.03,"lq":1.0,"d":611},{"pi":"422433","pc":"Аптека","ss":100000,"td":"Центр города","dc":2,"n":687.23,"vc":"более 1 000 000","sl":"Низкий","sv":"более 2 000","p":2500.0,"q":35.69,"b":4.6,"ms":5.33,"wi":20.22,"ei":6.96,"as":342.09,"mi":"E","mv":45062,"sc":1,"lpe":94.67,"lpr":518.03,"lq":1.0,"d":611},{"pi":"422433","pc":"Аптека","ss":100000,"td":"Центр города","dc":2,"n":687.23,"vc":"более 1 000 000","sl":"Низкий","sv":"более 2 000","p":2500.0,"q":35.69,"b":4.6,"ms":5.33,"wi":20.22,"ei":6.96,"as":342.09,"mi":"E","mv":45062,"sc":1,"lpe":94.67,"lpr":518.03,"lq":1.0,"d":611},{"pi":"422433","pc":"Аптека","ss":100000,"td":"Центр города","dc":2,"n":687.23,"vc":"более 1 000 000","sl":"Низкий","sv":"более 2 000","p":2500.0,"q":35.69,"b":4.6,"ms":5.33,"wi":20.22,"ei":6.96,"as":342.09,"mi":"E","mv":45062,"sc":1,"lpe":94.67,"lpr":518.03,"lq":1.0,"d":611},{"pi":"422433","pc":"Аптека","ss":100000,"td":"Центр города","dc":2,"n":687.23,"vc":"более 1 000 000","sl":"Низкий","sv":"более 2 000","p":2500.0,"q":35.69,"b":4.6,"ms":5.33,"wi":20.22,"ei":6.96,"as":342.09,"mi":"E","mv":45062,"sc":1,"lpe":94.67,"lpr":518.03,"lq":1.0,"d":611},{"pi":"422433","pc":"Аптека","ss":100000,"td":"Центр города","dc":2,"n":687.23,"vc":"более 1 000 000","sl":"Низкий","sv":"более 2 000","p":2500.0,"q":35.69,"b":4.6,"ms":5.33,"wi":20.22,"ei":6.96,"as":342.09,"mi":"E","mv":45062,"sc":1,"lpe":94.67,"lpr":518.03,"lq":1.0,"d":611},{"pi":"422433","pc":"Аптека","ss":100000,"td":"Центр города","dc":2,"n":687.23,"vc":"более 1 000 000","sl":"Низкий","sv":"более 2 000","p":2500.0,"q":35.69,"b":4.6,"ms":5.33,"wi":20.22,"ei":6.96,"as":342.09,"mi":"E","mv":45062,"sc":1,"lpe":94.67,"lpr":518.03,"lq":1.0,"d":611},{"pi":"422433","pc":"Аптека","ss":100000,"td":"Центр города","dc":2,"n":687.23,"vc":"более 1 000 000","sl":"Низкий","sv":"более 2 000","p":2500.0,"q":35.69,"b":4.6,"ms":5.33,"wi":20.22,"ei":6.96,"as":342.09,"mi":"E","mv":45062,"sc":1,"lpe":94.67,"lpr":518.03,"lq":1.0,"d":611},{"pi":"422433","pc":"Аптека","ss":100000,"td":"Центр города","dc":2,"n":687.23,"vc":"более 1 000 000","sl":"Низкий","sv":"более 2 000","p":2500.0,"q":35.69,"b":4.6,"ms":5.33,"wi":20.22,"ei":6.96,"as":342.09,"mi":"E","mv":45062,"sc":1,"lpe":94.67,"lpr":518.03,"lq":1.0,"d":611},{"pi":"422433","pc":"Аптека","ss":100000,"td":"Центр города","dc":2,"n":687.23,"vc":"более 1 000 000","sl":"Низкий","sv":"более 2 000","p":2500.0,"q":35.69,"b":4.6,"ms":5.33,"wi":20.22,"ei":6.96,"as":342.09,"mi":"E","mv":45062,"sc":1,"lpe":94.67,"lpr":518.03,"lq":1.0,"d":611},{"pi":"422433","pc":"Аптека","ss":100000,"td":"Центр города","dc":2,"n":687.23,"vc":"более 1 000 000","sl":"Низкий","sv":"более 2 000","p":2500.0,"q":35.69,"b":4.6,"ms":5.33,"wi":20.22,"ei":6.96,"as":342.09,"mi":"E","mv":45062,"sc":1,"lpe":94.67,"lpr":518.03,"lq":1.0,"d":611},{"pi":"422433","pc":"Аптека","ss":100000,"td":"Центр города","dc":2,"n":687.23,"vc":"более 1 000 000","sl":"Низкий","sv":"более 2 000","p":2500.0,"q":35.69,"b":4.6,"ms":5.33,"wi":20.22,"ei":6.96,"as":342.09,"mi":"E","mv":45062,"sc":1,"lpe":94.67,"lpr":518.03,"lq":1.0,"d":611},{"pi":"422433","pc":"Аптека","ss":100000,"td":"Центр города","dc":2,"n":687.23,"vc":"более 1 000 000","sl":"Низкий","sv":"более 2 000","p":2500.0,"q":35.69,"b":4.6,"ms":5.33,"wi":20.22,"ei":6.96,"as":342.09,"mi":"E","mv":45062,"sc":1,"lpe":94.67,"lpr":518.03,"lq":1.0,"d":611},{"pi":"422433","pc":"Аптека","ss":100000,"td":"Центр города","dc":1,"n":481.45,"vc":"около 500 000","sl":"Очень высокий","sv":"около 100","p":6000.0,"q":8.21,"b":0.0,"ms":0.01,"wi":28.28,"ei":7.09,"as":316.56,"mi":"E","mv":1074049,"sc":1,"lpe":99.99,"lpr":1274.1,"lq":1.0,"d":8206},{"pi":"422433","pc":"Аптека","ss":100000,"td":"Центр города","dc":1,"n":481.45,"vc":"около 500 000","sl":"Очень высокий","sv":"около 100","p":6000.0,"q":8.21,"b":0.0,"ms":0.01,"wi":28.28,"ei":7.09,"as":316.56,"mi":"E","mv":1074049,"sc":1,"lpe":99.99,"lpr":1274.1,"lq":1.0,"d":8206},{"pi":"422433","pc":"Аптека","ss":100000,"td":"Центр города","dc":1,"n":481.45,"vc":"около 500 000","sl":"Очень высокий","sv":"около 100","p":6000.0,"q":8.21,"b":0.0,"ms":0.01,"wi":28.28,"ei":7.09,"as":316.56,"mi":"E","mv":1074049,"sc":1,"lpe":99.99,"lpr":1274.1,"lq":1.0,"d":8206},{"pi":"422433","pc":"Аптека","ss":100000,"td":"Центр города","dc":1,"n":481.45,"vc":"около 500 000","sl":"Очень высокий","sv":"около 100","p":6000.0,"q":8.21,"b":0.0,"ms":0.01,"wi":28.28,"ei":7.09,"as":316.56,"mi":"E","mv":1074049,"sc":1,"lpe":99.99,"lpr":1274.1,"lq":1.0,"d":8206},{"pi":"422433","pc":"Аптека","ss":100000,"td":"Центр города","dc":1,"n":481.45,"vc":"около 500 000","sl":"Очень высокий","sv":"около 100","p":6000.0,"q":8.21,"b":0.0,"ms":0.01,"wi":28.28,"ei":7.09,"as":316.56,"mi":"E","mv":1074049,"sc":1,"lpe":99.99,"lpr":1274.1,"lq":1.0,"d":8206},{"pi":"422433","pc":"Аптека","ss":100000,"td":"Центр города","dc":1,"n":481.45,"vc":"около 500 000","sl":"Очень высокий","sv":"около 100","p":6000.0,"q":8.21,"b":0.0,"ms":0.01,"wi":28.28,"ei":7.09,"as":316.56,"mi":"E","mv":1074049,"sc":1,"lpe":99.99,"lpr":1274.1,"lq":1.0,"d":8206},{"pi":"422433","pc":"Аптека","ss":100000,"td":"Центр города","dc":1,"n":481.45,"vc":"около 500 000","sl":"Очень высокий","sv":"около 100","p":6000.0,"q":8.21,"b":0.0,"ms":0.01,"wi":28.28,"ei":7.09,"as":316.56,"mi":"E","mv":1074049,"sc":1,"lpe":99.99,"lpr":1274.1,"lq":1.0,"d":8206},{"pi":"422433","pc":"Аптека","ss":100000,"td":"Центр города","dc":1,"n":481.45,"vc":"около 500 000","sl":"Очень высокий","sv":"около 100","p":6000.0,"q":8.21,"b":0.0,"ms":0.01,"wi":28.28,"ei":7.09,"as":316.56,"mi":"E","mv":1074049,"sc":1,"lpe":99.99,"lpr":1274.1,"lq":1.0,"d":8206},{"pi":"422433","pc":"Аптека","ss":100000,"td":"Центр города","dc":1,"n":481.45,"vc":"около 500 000","sl":"Очень высокий","sv":"около 100","p":6000.0,"q":8.21,"b":0.0,"ms":0.01,"wi":28.28,"ei":7.09,"as":316.56,"mi":"E","mv":1074049,"sc":1,"lpe":99.99,"lpr":1274.1,"lq":1.0,"d":8206},{"pi":"422433","pc":"Аптека","ss":100000,"td":"Центр города","dc":1,"n":481.45,"vc":"около 500 000","sl":"Очень высокий","sv":"около 100","p":6000.0,"q":8.21,"b":0.0,"ms":0.01,"wi":28.28,"ei":7.09,"as":316.56,"mi":"E","mv":1074049,"sc":1,"lpe":99.99,"lpr":1274.1,"lq":1.0,"d":8206},{"pi":"422433","pc":"Аптека","ss":100000,"td":"Центр города","dc":1,"n":481.45,"vc":"около 500 000","sl":"Очень высокий","sv":"около 100","p":6000.0,"q":8.21,"b":0.0,"ms":0.01,"wi":28.28,"ei":7.09,"as":316.56,"mi":"E","mv":1074049,"sc":1,"lpe":99.99,"lpr":1274.1,"lq":1.0,"d":8206}]