[{"pi":"423040","pc":"Продукты питания","ss":100,"td":"Спальный район","dc":1,"n":7.1,"vc":"около 50","sl":"Высокий","sv":"менее 50","p":1250.0,"q":1.05,"b":0.0,"ms":0.01,"wi":25.4,"ei":5.37,"as":203.19,"mi":"E","mv":30094,"sc":1,"lpe":99.99,"lpr":1419.9,"lq":1.0,"d":578},{"pi":"423040","pc":"Продукты питания","ss":100,"td":"Спальный район","dc":1,"n":7.1,"vc":"около 50","sl":"Высокий","sv":"менее 50","p":1250.0,"q":1.05,"b":0.0,"ms":0.01,"wi":25.4,"ei":5.37,"as":203.19,"mi":"E","mv":30094,"sc":1,"lpe":99.99,"lpr":1419.9,"lq":1.0,"d":578},{"pi":"423040","pc":"Продукты питания","ss":100,"td":"Спальный район","dc":1,"n":7.1,"vc":"около 50","sl":"Высокий","sv":"менее 50","p":1250.0,"q":1.05,"b":0.0,"ms":0.01,"wi":25.4,"ei":5.37,"as":203.19,"mi":"E","mv":30094,"sc":1,"lpe":99.99,"lpr":1419.9,"lq":1.0,"d":578},{"pi":"423040","pc":"Продукты питания","ss":100,"td":"Спальный район","dc":1,"n":7.1,"vc":"около 50","sl":"Высокий","sv":"менее 50","p":1250.0,"q":1.05,"b":0.0,"ms":0.01,"wi":25.4,"ei":5.37,"as":203.19,"mi":"E","mv":30094,"sc":1,"lpe":99.99,"lpr":1419.9,"lq":1.0,"d":578},{"pi":"423040","pc":"Продукты питания","ss":100,"td":"Спальный район","dc":1,"n":7.1,"vc":"около 50","sl":"Высокий","sv":"менее 50","p":1250.0,"q":1.05,"b":0.0,"ms":0.01,"wi":25.4,"ei":5.37,"as":203.19,"mi":"E","mv":30094,"sc":1,"lpe":99.99,"lpr":1419.9,"lq":1.0,"d":578},{"pi":"423040","pc":"Продукты питания","ss":100,"td":"Спальный район","dc":1,"n":7.1,"vc":"около 50","sl":"Высокий","sv":"менее 50","p":1250.0,"q":1.05,"b":0.0,"ms":0.01,"wi":25.4,"ei":5.37,"as":203.19,"mi":"E","mv":30094,"sc":1,"lpe":99.99,"lpr":1419.9,"lq":1.0,"d":578},{"pi":"423040","pc":"Продукты питания","ss":100,"td":"Спальный район","dc":1,"n":7.1,"vc":"около 50","sl":"Высокий","sv":"менее 50","p":1250.0,"q":1.05,"b":0.0,"ms":0.01,"wi":25.4,"ei":5.37,"as":203.19,"mi":"E","mv":30094,"sc":1,"lpe":99.99,"lpr":1419.9,"lq":1.0,"d":578},{"pi":"423040","pc":"Продукты питания","ss":100,"td":"Спальный район","dc":1,"n":7.1,"vc":"около 50","sl":"Высокий","sv":"менее 50","p":1250.0,"q":1.05,"b":0.0,"ms":0.01,"wi":25.4,"ei":5.37,"as":203.19,"mi":"E","mv":30094,"sc":1,"lpe":99.99,"lpr":1419.9,"lq":1.0,"d":578},{"pi":"423040","pc":"Продукты питания","ss":100,"td":"Спальный район","dc":1,"n":7.1,"vc":"около 50","sl":"Высокий","sv":"менее 50","p":1250.0,"q":1.05,"b":0.0,"ms":0.01,"wi":25.4,"ei":5.37,"as":203.19,"mi":"E","mv":30094,"sc":1,"lpe":99.99,"lpr":1419.9,"lq":1.0,"d":578},{"pi":"423040","pc":"Продукты питания","ss":100,"td":"Спальный район","dc":1,"n":7.1,"vc":"около 50","sl":"Высокий","sv":"менее 50","p":1250.0,"q":1.05,"b":0.0,"ms":0.01,"wi":25.4,"ei":5.37,"as":203.19,"mi":"E","mv":30094,"sc":1,"lpe":99.99,"lpr":1419.9,"lq":1.0,"d":578},{"pi":"423040","pc":"Продукты питания","ss":100,"td":"Спальный район","dc":1,"n":7.1,"vc":"около 50","sl":"Высокий","sv":"менее 50","p":1250.0,"q":1.05,"b":0.0,"ms":0.01,"wi":25.4,"ei":5.37,"as":203.19,"mi":"E","mv":30094,"sc":1,"lpe":99.99,"lpr":1419.9,"lq":1.0,"d":578},{"pi":"423040","pc":"Продукты питания","ss":100,"td":"Спальный район","dc":1,"n":7.1,"vc":"около 50","sl":"Высокий","sv":"менее 50","p":1250.0,"q":1.05,"b":0.0,"ms":0.01,"wi":25.4,"ei":5.37,"as":203.19,"mi":"E","mv":30094,"sc":1,"lpe":99.99,"lpr":1419.9,"lq":1.0,"d":578},{"pi":"423040","pc":"Продукты питания","ss":100,"td":"Спальный район","dc":1,"n":7.1,"vc":"около 50","sl":"Высокий","sv":"менее 50","p":1250.0,"q":1.05,"b":0.0,"ms":0.01,"wi":25.4,"ei":5.37,"as":203.19,"mi":"E","mv":30094,"sc":1,"lpe":99.99,"lpr":1419.9,"lq":1.0,"d":578},{"pi":"423040","pc":"Продукты питания","ss":100,"td":"Спальный район","dc":1,"n":7.1,"vc":"около 50","sl":"Высокий","sv":"менее 50","p":1250.0,"q":1.05,"b":0.0,"ms":0.01,"wi":25.4,"ei":5.37,"as":203.19,"mi":"E","mv":30094,"sc":1,"lpe":99.99,"lpr":1419.9,"lq":1.0,"d":578},{"pi":"423040","pc":"Продукты питания","ss":100,"td":"Спальный район","dc":1,"n":7.1,"vc":"около 50","sl":"Высокий","sv":"менее 50","p":1250.0,"q":1.05,"b":0.0,"ms":0.01,"wi":25.4,"ei":5.37,"as":203.19,"mi":"E","mv":30094,"sc":1,"lpe":99.99,"lpr":1419.9,"lq":1.0,"d":578},{"pi":"423040","pc":"Продукты питания","ss":100,"td":"Спальный район","dc":1,"n":7.1,"vc":"около 50","sl":"Высокий","sv":"менее 50","p":1250.0,"q":1.05,"b":0.0,"ms":0.01,"wi":25.4,"ei":5.37,"as":203.19,"mi":"E","mv":30094,"sc":1,"lpe":99.99,"lpr":1419.9,"lq":1.0,"d":578},{"pi":"423040","pc":"Продукты питания","ss":100,"td":"Спальный район","dc":1,"n":7.1,"vc":"около 50","sl":"Высокий","sv":"менее 50","p":1250.0,"q":1.05,"b":0.0,"ms":0.01,"wi":25.4,"ei":5.37,"as":203.19,"mi":"E","mv":30094,"sc":1,"lpe":99.99,"lpr":1419.9,"lq":1.0,"d":578},{"pi":"423040","pc":"Продукты питания","ss":100,"td":"Спальный район","dc":1,"n":7.1,"vc":"около 50","sl":"Высокий","sv":"менее 50","p":1250.0,"q":1.05,"b":0.0,"ms":0.01,"wi":25.4,"ei":5.37,"as":203.19,"mi":"E","mv":30094,"sc":1,"lpe":99.99,"lpr":1419.9,"lq":1.0,"d":578},{"pi":"423040","pc":"Продукты питания","ss":100,"td":"Спальный район","dc":1,"n":7.1,"vc":"около 50","sl":"Высокий","sv":"менее 50","p":1250.0,"q":1.05,"b":0.0,"ms":0.01,"wi":25.4,"ei":5.37,"as":203.19,"mi":"E","mv":30094,"sc":1,"lpe":99.99,"lpr":1419.9,"lq":1.0,"d":578},{"pi":"423040","pc":"Продукты питания","ss":100,"td":"Спальный район","dc":1,"n":7.1,"vc":"около 50","sl":"Высокий","sv":"менее 50","p":1250.0,"q":1.05,"b":0.0,"ms":0.01,"wi":25.4,"ei":5.37,"as":203.19,"mi":"E","mv":30094,"sc":1,"lpe":99.99,"lpr":1419.9,"lq":1.0,"d":578},{"pi":"423040","pc":"Продукты питания","ss":100,"td":"Спальный район","dc":1,"n":7.1,"vc":"около 50","sl":"Высокий","sv":"менее 50","p":1250.0,"q":1.05,"b":0.0,"ms":0.01,"wi":25.4,"ei":5.37,"as":203.19,"mi":"E","mv":30094,"sc":1,"lpe":99.99,"lpr":1419.9,"lq":1.0,"d":578},{"pi":"423040","pc":"Продукты питания","ss":100,"td":"Спальный район","dc":1,"n":7.1,"vc":"около 50","sl":"Высокий","sv":"менее 50","p":1250.0,"q":1.05,"b":0.0,"ms":0.01,"wi":25.4,"ei":5.37,"as":203.19,"mi":"E","mv":30094,"sc":1,"lpe":99.99,"lpr":1419.9,"lq":1.0,"d":578},{"pi":"423040","pc":"Продукты питания","ss":100,"td":"Спальный район","dc":1,"n":7.1,"vc":"около 50","sl":"Высокий","sv":"менее 50","p":1250.0,"q":1.05,"b":0.0,"ms":0.01,"wi":25.4,"ei":5.37,"as":203.19,"mi":"E","mv":30094,"sc":1,"lpe":99.99,"lpr":1419.9,"lq":1.0,"d":578},{"pi":"423040","pc":"Продукты питания","ss":100,"td":"Спальный район","dc":1,"n":7.1,"vc":"около 50","sl":"Высокий","sv":"менее 50","p":1250.0,"q":1.05,"b":0.0,"ms":0.01,"wi":25.4,"ei":5.37,"as":203.19,"mi":"E","mv":30094,"sc":1,"lpe":99.99,"lpr":1419.9,"lq":1.0,"d":578},{"pi":"423040","pc":"Продукты питания","ss":100,"td":"Спальный район","dc":1,"n":7.1,"vc":"около 50","sl":"Высокий","sv":"менее 50","p":1250.0,"q":1.05,"b":0.0,"ms":0.01,"wi":25.4,"ei":5.37,"as":203.19,"mi":"E","mv":30094,"sc":1,"lpe":99.99,"lpr":1419.9,"lq":1.0,"d":578},{"pi":"423040","pc":"Продукты питания","ss":100,"td":"Спальный район","dc":1,"n":7.1,"vc":"около 50","sl":"Высокий","sv":"менее 50","p":1250.0,"q":1.05,"b":0.0,"ms":0.01,"wi":25.4,"ei":5.37,"as":203.19,"mi":"E","mv":30094,"sc":1,"lpe":99.99,"lpr":1419.9,"lq":1.0,"d":578},{"pi":"423040","pc":"Продукты питания","ss":100,"td":"Спальный район","dc":1,"n":7.1,"vc":"около 50","sl":"Высокий","sv":"менее 50","p":1250.0,"q":1.05,"b":0.0,"ms":0.01,"wi":25.4,"ei":5.37,"as":203.19,"mi":"E","mv":30094,"sc":1,"lpe":99.99,"lpr":1419.9,"lq":1.0,"d":578},{"pi":"423040","pc":"Продукты питания","ss":100,"td":"Спальный район","dc":1,"n":7.1,"vc":"около 50","sl":"Высокий","sv":"менее 50","p":1250.0,"q":1.05,"b":0.0,"ms":0.01,"wi":25.4,"ei":5.37,"as":203.19,"mi":"E","mv":30094,"sc":1,"lpe":99.99,"lpr":1419.9,"lq":1.0,"d":578},{"pi":"423040","pc":"Продукты питания","ss":100,"td":"Спальный район","dc":1,"n":7.1,"vc":"около 50","sl":"Высокий","sv":"менее 50","p":1250.0,"q":1.05,"b":0.0,"ms":0.01,"wi":25.4,"ei":5.37,"as":203.19,"mi":"E","mv":30094,"sc":1,"lpe":99.99,"lpr":1419.9,"lq":1.0,"d":578},{"pi":"423040","pc":"Продукты питания","ss":100,"td":"Спальный район","dc":1,"n":7.1,"vc":"около 50","sl":"Высокий","sv":"менее 50","p":1250.0,"q":1.05,"b":0.0,"ms":0.01,"wi":25.4,"ei":5.37,"as":203.19,"mi":"E","mv":30094,"sc":1,"lpe":99.99,"lpr":1419.9,"lq":1.0,"d":578},{"pi":"423040","pc":"Продукты питания","ss":100,"td":"Спальный район","dc":1,"n":7.1,"vc":"около 50","sl":"Высокий","sv":"менее 50","p":1250.0,"q":1.05,"b":0.0,"ms":0.01,"wi":25.4,"ei":5.37,"as":203.19,"mi":"E","mv":30094,"sc":1,"lpe":99.99,"lpr":1419.9,"lq":1.0,"d":578},{"pi":"423040","pc":"Продукты питания","ss":100,"td":"Спальный район","dc":1,"n":7.1,"vc":"около 50","sl":"Высокий","sv":"менее 50","p":1250.0,"q":1.05,"b":0.0,"ms":0.01,"wi":25.4,"ei":5.37,"as":203.19,"mi":"E","mv":30094,"sc":1,"lpe":99.99,"lpr":1419.9,"lq":1.0,"d":578}]