[{"d":"30.12.2016","r":54.0,"q":23.32,"p":99000.0,"s":[{"ui":"6798068","t":54.0,"r":54.0,"q":23.32,"p":99000.0,"mot":"U","mo":54.0},{"cn":"","ui":"","t":0.0,"r":0.0,"q":0.0,"p":0.0,"mot":"L","mo":0.0}]},{"d":"31.12.2016","r":1.0,"q":23.32,"p":99000.0,"s":[{"ui":"6798068","t":54.0,"r":1.0,"q":23.32,"p":99000.0,"mot":"U","mo":1.0},{"cn":"","ui":"","t":0.0,"r":0.0,"q":0.0,"p":0.0,"mot":"L","mo":0.0}]},{"d":"02.01.2017","r":1308.0,"q":23.05,"p":99000.0,"s":[{"ui":"6798068","t":1364.0,"r":1308.0,"q":23.05,"p":99000.0,"mot":"U","mo":1308.0},{"cn":"","ui":"","t":0.0,"r":0.0,"q":0.0,"p":0.0,"mot":"L","mo":0.0}]},{"d":"03.01.2017","r":14892.0,"q":22.85,"p":99001.48,"s":[{"ui":"6798068","t":14946.0,"r":14890.0,"q":22.85,"p":99000.0,"mot":"U","mo":14890.0},{"cn":"","ui":"","t":2.0,"r":2.0,"q":23.09,"p":110000.0,"mot":"L","mo":2.0}]},{"d":"04.01.2017","r":13564.0,"q":22.82,"p":99002.21,"s":[{"ui":"6798068","t":13618.0,"r":13561.0,"q":22.82,"p":99000.0,"mot":"U","mo":13561.0},{"cn":"","ui":"","t":3.0,"r":3.0,"q":23.01,"p":109000.0,"mot":"L","mo":3.0}]},{"d":"05.01.2017","r":3.0,"q":23.01,"p":108000.0,"s":[{"ui":"6732963","t":3.0,"r":3.0,"q":23.01,"p":108000.0,"mot":"U","mo":3.0},{"cn":"","ui":"","t":0.0,"r":0.0,"q":0.0,"p":0.0,"mot":"L","mo":0.0}]},{"d":"07.01.2017","r":11873.0,"q":22.7,"p":99007.58,"s":[{"ui":"6798068","t":13441.0,"r":11863.0,"q":22.7,"p":99000.0,"mot":"U","mo":11863.0},{"cn":"","ui":"","t":20.0,"r":10.0,"q":22.78,"p":108000.0,"mot":"L","mo":10.0}]},{"d":"09.01.2017","r":412.0,"q":21.96,"p":109067.69,"s":[{"ui":"5770321","t":23.0,"r":22.0,"q":10.45,"p":92540.36,"mot":"U","mo":22.0},{"ui":"6732963","t":500.0,"r":390.0,"q":22.61,"p":110000.0,"mot":"U","mo":390.0},{"cn":"","ui":"","t":0.0,"r":0.0,"q":0.0,"p":0.0,"mot":"L","mo":0.0}]},{"d":"10.01.2017","r":37.0,"q":12.71,"p":92540.36,"s":[{"ui":"5770321","t":37.0,"r":37.0,"q":12.71,"p":92540.36,"mot":"U","mo":37.0},{"cn":"","ui":"","t":0.0,"r":0.0,"q":0.0,"p":0.0,"mot":"L","mo":0.0}]},{"d":"11.01.2017","r":739.0,"q":20.78,"p":105169.15,"s":[{"ui":"6814246","t":140.0,"r":139.0,"q":12.18,"p":80000.0,"mot":"U","mo":139.0},{"ui":"6732963","t":1500.0,"r":600.0,"q":22.77,"p":111000.0,"mot":"U","mo":600.0},{"cn":"","ui":"","t":0.0,"r":0.0,"q":0.0,"p":0.0,"mot":"L","mo":0.0}]},{"d":"13.01.2017","r":795.0,"q":22.63,"p":111877.61,"s":[{"ui":"6732963","t":3000.0,"r":790.0,"q":22.77,"p":112000.0,"mot":"U","mo":790.0},{"cn":"","ui":"","t":5.0,"r":5.0,"q":1.0,"p":92540.36,"mot":"L","mo":5.0}]},{"d":"14.01.2017","r":2011.0,"q":22.73,"p":112888.09,"s":[{"ui":"6732963","t":5000.0,"r":2000.0,"q":22.77,"p":113000.0,"mot":"U","mo":2000.0},{"cn":"","ui":"","t":15.0,"r":11.0,"q":15.51,"p":92540.36,"mot":"L","mo":11.0}]},{"d":"16.01.2017","r":36.0,"q":1.0,"p":145000.0,"s":[{"ui":"6829098","t":42.0,"r":36.0,"q":1.0,"p":145000.0,"mot":"U","mo":36.0},{"cn":"","ui":"","t":0.0,"r":0.0,"q":0.0,"p":0.0,"mot":"L","mo":0.0}]},{"d":"17.01.2017","r":34.0,"q":1.0,"p":145000.0,"s":[{"ui":"6829098","t":38.0,"r":34.0,"q":1.0,"p":145000.0,"mot":"U","mo":34.0},{"cn":"","ui":"","t":0.0,"r":0.0,"q":0.0,"p":0.0,"mot":"L","mo":0.0}]},{"d":"18.01.2017","r":27.0,"q":1.0,"p":120000.0,"s":[{"ui":"6829098","t":34.0,"r":27.0,"q":1.0,"p":120000.0,"mot":"U","mo":27.0},{"cn":"","ui":"","t":0.0,"r":0.0,"q":0.0,"p":0.0,"mot":"L","mo":0.0}]},{"d":"19.01.2017","r":21.0,"q":1.0,"p":120000.0,"s":[{"ui":"6829098","t":29.0,"r":21.0,"q":1.0,"p":120000.0,"mot":"U","mo":21.0},{"cn":"","ui":"","t":0.0,"r":0.0,"q":0.0,"p":0.0,"mot":"L","mo":0.0}]},{"d":"20.01.2017","r":33.0,"q":1.0,"p":120000.0,"s":[{"ui":"6829098","t":37.0,"r":33.0,"q":1.0,"p":120000.0,"mot":"U","mo":33.0},{"cn":"","ui":"","t":0.0,"r":0.0,"q":0.0,"p":0.0,"mot":"L","mo":0.0}]},{"d":"21.01.2017","r":8.0,"q":1.0,"p":120000.0,"s":[{"ui":"6829098","t":23.0,"r":8.0,"q":1.0,"p":120000.0,"mot":"U","mo":8.0},{"cn":"","ui":"","t":0.0,"r":0.0,"q":0.0,"p":0.0,"mot":"L","mo":0.0}]},{"d":"26.01.2017","r":1.0,"q":1.0,"p":99999.0,"s":[{"ui":"6866339","t":2.0,"r":1.0,"q":1.0,"p":99999.0,"mot":"U","mo":1.0},{"cn":"","ui":"","t":0.0,"r":0.0,"q":0.0,"p":0.0,"mot":"L","mo":0.0}]},{"d":"27.01.2017","r":3.0,"q":1.0,"p":75000.0,"s":[{"ui":"6866339","t":4.0,"r":3.0,"q":1.0,"p":75000.0,"mot":"U","mo":3.0},{"cn":"","ui":"","t":0.0,"r":0.0,"q":0.0,"p":0.0,"mot":"L","mo":0.0}]},{"d":"29.01.2017","r":3279.0,"q":16.4,"p":422000.0,"s":[{"ui":"6854372","t":3279.0,"r":3279.0,"q":16.4,"p":422000.0,"mot":"U","mo":3279.0},{"cn":"","ui":"","t":0.0,"r":0.0,"q":0.0,"p":0.0,"mot":"L","mo":0.0}]},{"d":"30.01.2017","r":4422.0,"q":16.4,"p":420352.1,"s":[{"ui":"6854372","t":4402.0,"r":4401.0,"q":16.47,"p":422000.0,"mot":"U","mo":4401.0},{"cn":"","ui":"","t":25.0,"r":21.0,"q":1.0,"p":75000.0,"mot":"L","mo":21.0}]},{"d":"31.01.2017","r":5477.0,"q":16.41,"p":381824.72,"s":[{"ui":"6854372","t":5472.0,"r":5472.0,"q":16.42,"p":382000.0,"mot":"U","mo":5472.0},{"cn":"","ui":"","t":47.0,"r":5.0,"q":1.0,"p":190000.0,"mot":"L","mo":5.0}]},{"d":"01.02.2017","r":6536.0,"q":16.31,"p":380705.63,"s":[{"ui":"6854372","t":6516.0,"r":6506.0,"q":16.38,"p":382000.0,"mot":"U","mo":6506.0},{"cn":"","ui":"","t":63.0,"r":30.0,"q":1.0,"p":100000.0,"mot":"L","mo":30.0}]},{"d":"02.02.2017","r":7546.0,"q":16.32,"p":381925.26,"s":[{"ui":"6854372","t":7544.0,"r":7544.0,"q":16.32,"p":382000.0,"mot":"U","mo":7544.0},{"cn":"","ui":"","t":41.0,"r":2.0,"q":1.0,"p":100000.0,"mot":"L","mo":2.0}]},{"d":"03.02.2017","r":8566.0,"q":16.26,"p":381901.24,"s":[{"ui":"6854372","t":8565.0,"r":8563.0,"q":16.27,"p":382000.0,"mot":"U","mo":8563.0},{"cn":"","ui":"","t":56.0,"r":3.0,"q":1.0,"p":100000.0,"mot":"L","mo":3.0}]},{"d":"04.02.2017","r":19978.0,"q":18.34,"p":232681.5,"s":[{"ui":"6798068","t":10382.0,"r":10382.0,"q":20.35,"p":160000.0,"mot":"U","mo":10382.0},{"ui":"6854372","t":9570.0,"r":9568.0,"q":16.22,"p":312000.0,"mot":"U","mo":9568.0},{"cn":"","ui":"","t":112.0,"r":28.0,"q":1.0,"p":77678.57,"mot":"L","mo":28.0}]},{"d":"05.02.2017","r":19407.0,"q":18.33,"p":234155.72,"s":[{"ui":"6798068","t":10382.0,"r":9932.0,"q":20.35,"p":160000.0,"mot":"U","mo":9932.0},{"ui":"6854372","t":9570.0,"r":9470.0,"q":16.22,"p":312000.0,"mot":"U","mo":9470.0},{"cn":"","ui":"","t":65.0,"r":5.0,"q":1.0,"p":100000.0,"mot":"L","mo":5.0}]},{"d":"06.02.2017","r":13245.0,"q":17.54,"p":278840.62,"s":[{"ui":"6798068","t":13321.0,"r":2870.0,"q":22.56,"p":160000.0,"mot":"U","mo":2870.0},{"ui":"6854372","t":10462.0,"r":10362.0,"q":16.17,"p":312000.0,"mot":"U","mo":10362.0},{"cn":"","ui":"","t":136.0,"r":13.0,"q":1.63,"p":84615.38,"mot":"L","mo":13.0}]},{"d":"07.02.2017","r":9956.0,"q":16.13,"p":312000.0,"s":[{"ui":"6854372","t":10712.0,"r":9956.0,"q":16.13,"p":312000.0,"mot":"U","mo":9956.0},{"cn":"","ui":"","t":0.0,"r":0.0,"q":0.0,"p":0.0,"mot":"L","mo":0.0}]},{"d":"08.02.2017","r":10036.0,"q":16.1,"p":312000.0,"s":[{"ui":"6854372","t":10881.0,"r":10036.0,"q":16.1,"p":312000.0,"mot":"U","mo":10036.0},{"cn":"","ui":"","t":0.0,"r":0.0,"q":0.0,"p":0.0,"mot":"L","mo":0.0}]},{"d":"09.02.2017","r":10110.0,"q":16.11,"p":312000.0,"s":[{"ui":"6854372","t":11112.0,"r":10110.0,"q":16.11,"p":312000.0,"mot":"U","mo":10110.0},{"cn":"","ui":"","t":0.0,"r":0.0,"q":0.0,"p":0.0,"mot":"L","mo":0.0}]},{"d":"10.02.2017","r":9383.0,"q":16.13,"p":312000.0,"s":[{"ui":"6854372","t":10778.0,"r":9383.0,"q":16.13,"p":312000.0,"mot":"U","mo":9383.0},{"cn":"","ui":"","t":0.0,"r":0.0,"q":0.0,"p":0.0,"mot":"L","mo":0.0}]},{"d":"11.02.2017","r":75871.0,"q":21.75,"p":301489.58,"s":[{"ui":"6798068","t":66463.0,"r":66453.0,"q":22.55,"p":300000.0,"mot":"U","mo":66453.0},{"ui":"6854372","t":10618.0,"r":9418.0,"q":16.13,"p":312000.0,"mot":"U","mo":9418.0},{"cn":"","ui":"","t":0.0,"r":0.0,"q":0.0,"p":0.0,"mot":"L","mo":0.0}]},{"d":"12.02.2017","r":11134.0,"q":17.08,"p":293870.9,"s":[{"ui":"4722986","t":2576.0,"r":2021.0,"q":21.22,"p":212124.0,"mot":"U","mo":2021.0},{"ui":"6854372","t":10258.0,"r":9113.0,"q":16.16,"p":312000.0,"mot":"U","mo":9113.0},{"cn":"","ui":"","t":0.0,"r":0.0,"q":0.0,"p":0.0,"mot":"L","mo":0.0}]},{"d":"13.02.2017","r":11421.0,"q":16.21,"p":321361.7,"s":[{"ui":"6854372","t":10900.0,"r":10431.0,"q":16.22,"p":312000.0,"mot":"U","mo":10431.0},{"ui":"6888365","t":990.0,"r":990.0,"q":16.15,"p":420000.0,"mot":"U","mo":990.0},{"cn":"","ui":"","t":0.0,"r":0.0,"q":0.0,"p":0.0,"mot":"L","mo":0.0}]},{"d":"14.02.2017","r":12024.0,"q":16.27,"p":320802.4,"s":[{"ui":"6854372","t":11533.0,"r":11044.0,"q":16.28,"p":312000.0,"mot":"U","mo":11044.0},{"ui":"6888365","t":985.0,"r":980.0,"q":16.15,"p":420000.0,"mot":"U","mo":980.0},{"cn":"","ui":"","t":0.0,"r":0.0,"q":0.0,"p":0.0,"mot":"L","mo":0.0}]},{"d":"15.02.2017","r":10937.0,"q":16.31,"p":320640.39,"s":[{"ui":"6854372","t":11295.0,"r":10062.0,"q":16.32,"p":312000.0,"mot":"U","mo":10062.0},{"ui":"6888365","t":930.0,"r":875.0,"q":16.15,"p":420000.0,"mot":"U","mo":875.0},{"cn":"","ui":"","t":0.0,"r":0.0,"q":0.0,"p":0.0,"mot":"L","mo":0.0}]},{"d":"16.02.2017","r":54428.0,"q":22.29,"p":204036.38,"s":[{"ui":"6798068","t":52674.0,"r":52674.0,"q":22.5,"p":199000.0,"mot":"U","mo":52674.0},{"cn":"","ui":"","t":8491.0,"r":1754.0,"q":15.99,"p":355282.78,"mot":"L","mo":1754.0}]},{"d":"17.02.2017","r":3078.0,"q":19.46,"p":330789.26,"s":[{"ui":"4722986","t":2269.0,"r":2269.0,"q":21.04,"p":312124.0,"mot":"U","mo":2269.0},{"ui":"6888365","t":772.0,"r":667.0,"q":16.15,"p":420000.0,"mot":"U","mo":667.0},{"cn":"","ui":"","t":142.0,"r":142.0,"q":9.83,"p":210000.0,"mot":"L","mo":142.0}]},{"d":"18.02.2017","r":536.0,"q":10.52,"p":270000.0,"s":[{"ui":"6913841","t":536.0,"r":536.0,"q":10.52,"p":270000.0,"mot":"U","mo":536.0},{"cn":"","ui":"","t":0.0,"r":0.0,"q":0.0,"p":0.0,"mot":"L","mo":0.0}]},{"d":"20.02.2017","r":65.0,"q":2.46,"p":100000.0,"s":[{"ui":"6916288","t":65.0,"r":65.0,"q":2.46,"p":100000.0,"mot":"U","mo":65.0},{"cn":"","ui":"","t":0.0,"r":0.0,"q":0.0,"p":0.0,"mot":"L","mo":0.0}]},{"d":"21.02.2017","r":3916.0,"q":13.95,"p":394449.44,"s":[{"ui":"4959791","t":4671.0,"r":3736.0,"q":14.08,"p":399000.0,"mot":"U","mo":3736.0},{"cn":"","ui":"","t":180.0,"r":180.0,"q":11.31,"p":300000.0,"mot":"L","mo":180.0}]},{"d":"22.02.2017","r":4769.0,"q":13.9,"p":393535.33,"s":[{"ui":"4959791","t":6937.0,"r":4550.0,"q":14.07,"p":399000.0,"mot":"U","mo":4550.0},{"cn":"","ui":"","t":275.0,"r":219.0,"q":10.46,"p":280000.0,"mot":"L","mo":219.0}]},{"d":"23.02.2017","r":7547.0,"q":16.62,"p":435133.56,"s":[{"ui":"5039965","t":4001.0,"r":2700.0,"q":21.21,"p":500000.0,"mot":"U","mo":2700.0},{"ui":"4959791","t":7713.0,"r":4847.0,"q":14.06,"p":399000.0,"mot":"U","mo":4847.0},{"cn":"","ui":"","t":0.0,"r":0.0,"q":0.0,"p":0.0,"mot":"L","mo":0.0}]},{"d":"24.02.2017","r":10580.0,"q":13.86,"p":432115.88,"s":[{"ui":"4959791","t":10395.0,"r":8414.0,"q":14.05,"p":399000.0,"mot":"U","mo":8414.0},{"ui":"6933756","t":2000.0,"r":2000.0,"q":14.07,"p":599000.0,"mot":"U","mo":2000.0},{"cn":"","ui":"","t":240.0,"r":166.0,"q":1.65,"p":100000.0,"mot":"L","mo":166.0}]},{"d":"25.02.2017","r":8675.0,"q":13.96,"p":397276.66,"s":[{"ui":"4959791","t":11806.0,"r":8625.0,"q":14.03,"p":399000.0,"mot":"U","mo":8625.0},{"cn":"","ui":"","t":375.0,"r":50.0,"q":1.93,"p":100000.0,"mot":"L","mo":50.0}]},{"d":"26.02.2017","r":11459.0,"q":14.78,"p":415695.0,"s":[{"ui":"4722986","t":1347.0,"r":1347.0,"q":21.04,"p":552124.0,"mot":"U","mo":1347.0},{"ui":"4959791","t":12294.0,"r":10062.0,"q":14.0,"p":399000.0,"mot":"U","mo":10062.0},{"cn":"","ui":"","t":409.0,"r":50.0,"q":2.02,"p":100000.0,"mot":"L","mo":50.0}]},{"d":"27.02.2017","r":11385.0,"q":14.6,"p":427068.26,"s":[{"ui":"4722988","t":1134.0,"r":1134.0,"q":20.05,"p":700000.0,"mot":"U","mo":1134.0},{"ui":"4959791","t":12156.0,"r":10180.0,"q":14.01,"p":399000.0,"mot":"U","mo":10180.0},{"cn":"","ui":"","t":3770.0,"r":71.0,"q":12.34,"p":92283.44,"mot":"L","mo":71.0}]},{"d":"28.02.2017","r":12209.0,"q":15.11,"p":453094.27,"s":[{"ui":"4722988","t":2267.0,"r":2267.0,"q":20.05,"p":700000.0,"mot":"U","mo":2267.0},{"ui":"4959791","t":12129.0,"r":9872.0,"q":14.0,"p":399000.0,"mot":"U","mo":9872.0},{"cn":"","ui":"","t":2467.0,"r":70.0,"q":12.45,"p":85714.29,"mot":"L","mo":70.0}]},{"d":"01.03.2017","r":13083.0,"q":16.42,"p":496103.88,"s":[{"ui":"4722988","t":3405.0,"r":3405.0,"q":20.06,"p":700000.0,"mot":"U","mo":3405.0},{"ui":"4959791","t":10580.0,"r":8193.0,"q":14.0,"p":399000.0,"mot":"U","mo":8193.0},{"ui":"5039965","t":1415.0,"r":1415.0,"q":21.84,"p":588000.0,"mot":"U","mo":1415.0},{"cn":"","ui":"","t":2282.0,"r":70.0,"q":12.56,"p":85714.29,"mot":"L","mo":70.0}]},{"d":"02.03.2017","r":17032.0,"q":16.96,"p":530320.69,"s":[{"ui":"4722988","t":4542.0,"r":4542.0,"q":20.08,"p":700000.0,"mot":"U","mo":4542.0},{"ui":"5039965","t":2828.0,"r":2828.0,"q":21.84,"p":588000.0,"mot":"U","mo":2828.0},{"ui":"4959791","t":10028.0,"r":7642.0,"q":14.0,"p":399000.0,"mot":"U","mo":7642.0},{"ui":"6933756","t":2000.0,"r":2000.0,"q":14.07,"p":570000.0,"mot":"U","mo":2000.0},{"cn":"","ui":"","t":1521.0,"r":20.0,"q":38.02,"p":50000.0,"mot":"L","mo":20.0}]},{"d":"03.03.2017","r":16739.0,"q":18.02,"p":530213.75,"s":[{"cn":"Форсаж","ui":"4722988","t":5685.0,"r":5685.0,"q":20.09,"p":650000.0,"mot":"U","mo":5685.0},{"cn":"lunt Финанс","ui":"4959791","t":9365.0,"r":6909.0,"q":13.99,"p":399000.0,"mot":"U","mo":6909.0},{"cn":"Форсаж","ui":"5039965","t":4136.0,"r":4036.0,"q":21.83,"p":588000.0,"mot":"U","mo":4036.0},{"cn":"","ui":"","t":2501.0,"r":109.0,"q":24.42,"p":459991.16,"mot":"L","mo":109.0}]},{"d":"04.03.2017","r":19704.0,"q":18.24,"p":531705.09,"s":[{"cn":"Форсаж","ui":"4722988","t":6826.0,"r":6826.0,"q":20.1,"p":650000.0,"mot":"U","mo":6826.0},{"cn":"lunt Финанс","ui":"4959791","t":8786.0,"r":6428.0,"q":13.97,"p":399000.0,"mot":"U","mo":6428.0},{"cn":"Форсаж","ui":"5039965","t":5491.0,"r":5440.0,"q":21.83,"p":588000.0,"mot":"U","mo":5440.0},{"cn":"","ui":"","t":1038.0,"r":1010.0,"q":13.42,"p":273589.11,"mot":"L","mo":1010.0}]},{"d":"05.03.2017","r":16092.0,"q":17.16,"p":484711.72,"s":[{"cn":"Форсаж","ui":"4722988","t":7973.0,"r":7973.0,"q":20.11,"p":600000.0,"mot":"U","mo":7973.0},{"cn":"adeep Финанс","ui":"6937941","t":1809.0,"r":1470.0,"q":16.62,"p":300000.0,"mot":"U","mo":1470.0},{"cn":"lunt Финанс","ui":"4959791","t":8423.0,"r":6294.0,"q":13.95,"p":399000.0,"mot":"U","mo":6294.0},{"cn":"","ui":"","t":502.0,"r":355.0,"q":9.96,"p":179929.58,"mot":"L","mo":355.0}]},{"d":"06.03.2017","r":18789.0,"q":17.55,"p":467321.41,"s":[{"cn":"Форсаж","ui":"4722988","t":9122.0,"r":9122.0,"q":20.12,"p":580000.0,"mot":"U","mo":9122.0},{"cn":"adeep Финанс","ui":"6937941","t":2707.0,"r":2368.0,"q":17.1,"p":300000.0,"mot":"U","mo":2368.0},{"cn":"lunt Финанс","ui":"4959791","t":8087.0,"r":5958.0,"q":13.99,"p":399000.0,"mot":"U","mo":5958.0},{"cn":"adeep Финанс","ui":"6939914","t":1437.0,"r":1337.0,"q":16.64,"p":300000.0,"mot":"U","mo":1337.0},{"cn":"","ui":"","t":1237.0,"r":4.0,"q":15.41,"p":250000.0,"mot":"L","mo":4.0}]},{"d":"07.03.2017","r":17630.0,"q":18.01,"p":471581.74,"s":[{"cn":"Форсаж","ui":"4722988","t":10274.0,"r":10274.0,"q":20.13,"p":550000.0,"mot":"U","mo":10274.0},{"cn":"lunt Финанс","ui":"4959791","t":7243.0,"r":4614.0,"q":14.03,"p":399000.0,"mot":"U","mo":4614.0},{"cn":"adeep Финанс","ui":"6939914","t":2572.0,"r":2472.0,"q":16.7,"p":300000.0,"mot":"U","mo":2472.0},{"cn":"","ui":"","t":4842.0,"r":270.0,"q":17.26,"p":298888.89,"mot":"L","mo":270.0}]},{"d":"08.03.2017","r":19429.0,"q":18.09,"p":454016.01,"s":[{"cn":"Форсаж","ui":"4722988","t":11424.0,"r":11424.0,"q":20.14,"p":550000.0,"mot":"U","mo":11424.0},{"cn":"lunt Финанс","ui":"4959791","t":6392.0,"r":3763.0,"q":14.07,"p":399000.0,"mot":"U","mo":3763.0},{"cn":"adeep Финанс","ui":"6939914","t":3804.0,"r":3803.0,"q":16.73,"p":250000.0,"mot":"U","mo":3803.0},{"cn":"","ui":"","t":1544.0,"r":439.0,"q":10.93,"p":195193.62,"mot":"L","mo":439.0}]},{"d":"10.03.2017","r":15279.0,"q":18.69,"p":440370.77,"s":[{"cn":"Форсаж","ui":"4722988","t":11580.0,"r":10480.0,"q":20.15,"p":500000.0,"mot":"U","mo":10480.0},{"cn":"lunt Финанс","ui":"4959791","t":5034.0,"r":1905.0,"q":14.1,"p":399000.0,"mot":"U","mo":1905.0},{"cn":"adeep Финанс","ui":"6939914","t":4940.0,"r":2425.0,"q":16.75,"p":250000.0,"mot":"U","mo":2425.0},{"cn":"","ui":"","t":1573.0,"r":469.0,"q":14.82,"p":260298.51,"mot":"L","mo":469.0}]},{"d":"11.03.2017","r":11167.0,"q":19.82,"p":484176.59,"s":[{"cn":"Форсаж","ui":"4722988","t":11608.0,"r":10428.0,"q":20.17,"p":500000.0,"mot":"U","mo":10428.0},{"cn":"adeep Финанс","ui":"6814246","t":1748.0,"r":624.0,"q":15.56,"p":250000.0,"mot":"U","mo":624.0},{"cn":"","ui":"","t":117.0,"r":115.0,"q":10.81,"p":320000.0,"mot":"L","mo":115.0}]},{"d":"12.03.2017","r":10811.0,"q":19.93,"p":490464.34,"s":[{"cn":"Форсаж","ui":"4722988","t":11590.0,"r":10360.0,"q":20.18,"p":500000.0,"mot":"U","mo":10360.0},{"cn":"","ui":"","t":1998.0,"r":451.0,"q":14.2,"p":271419.07,"mot":"L","mo":451.0}]},{"d":"13.03.2017","r":13300.0,"q":18.76,"p":476283.16,"s":[{"cn":"Форсаж","ui":"4722988","t":11525.0,"r":10295.0,"q":20.19,"p":500000.0,"mot":"U","mo":10295.0},{"cn":"lunt Финанс","ui":"4959791","t":4983.0,"r":2854.0,"q":14.01,"p":399000.0,"mot":"U","mo":2854.0},{"cn":"","ui":"","t":163.0,"r":151.0,"q":10.97,"p":320000.0,"mot":"L","mo":151.0}]},{"d":"14.03.2017","r":17573.0,"q":17.71,"p":450782.85,"s":[{"cn":"Форсаж","ui":"4722988","t":11309.0,"r":9929.0,"q":20.21,"p":500000.0,"mot":"U","mo":9929.0},{"cn":"lunt Финанс","ui":"4959791","t":8312.0,"r":6673.0,"q":14.05,"p":399000.0,"mot":"U","mo":6673.0},{"cn":"","ui":"","t":1412.0,"r":971.0,"q":17.37,"p":303377.96,"mot":"L","mo":971.0}]},{"d":"15.03.2017","r":17281.0,"q":17.83,"p":453449.6,"s":[{"cn":"Форсаж","ui":"4722988","t":11100.0,"r":10620.0,"q":20.22,"p":500000.0,"mot":"U","mo":10620.0},{"cn":"lunt Финанс","ui":"4959791","t":10979.0,"r":6440.0,"q":14.05,"p":380000.0,"mot":"U","mo":6440.0},{"cn":"","ui":"","t":1625.0,"r":221.0,"q":12.87,"p":356844.22,"mot":"L","mo":221.0}]},{"d":"16.03.2017","r":17140.0,"q":17.48,"p":446671.24,"s":[{"cn":"Форсаж","ui":"4722988","t":10880.0,"r":9490.0,"q":20.23,"p":500000.0,"mot":"U","mo":9490.0},{"cn":"lunt Финанс","ui":"4959791","t":11681.0,"r":7442.0,"q":14.05,"p":380000.0,"mot":"U","mo":7442.0},{"cn":"","ui":"","t":1642.0,"r":208.0,"q":14.68,"p":398966.6,"mot":"L","mo":208.0}]},{"d":"17.03.2017","r":26889.0,"q":16.83,"p":425593.17,"s":[{"cn":"Форсаж","ui":"4722988","t":10664.0,"r":9274.0,"q":20.25,"p":500000.0,"mot":"U","mo":9274.0},{"cn":"\"Shark Индастрис Со\"","ui":"6613195","t":9572.0,"r":9572.0,"q":15.84,"p":391000.0,"mot":"U","mo":9572.0},{"cn":"lunt Финанс","ui":"4959791","t":12079.0,"r":7840.0,"q":14.04,"p":380000.0,"mot":"U","mo":7840.0},{"cn":"","ui":"","t":1601.0,"r":203.0,"q":15.56,"p":418338.25,"mot":"L","mo":203.0}]},{"d":"18.03.2017","r":28989.0,"q":16.71,"p":422398.86,"s":[{"cn":"Форсаж","ui":"4722988","t":10541.0,"r":9250.0,"q":20.26,"p":500000.0,"mot":"U","mo":9250.0},{"cn":"\"Shark Индастрис Со\"","ui":"6613195","t":10071.0,"r":10071.0,"q":15.85,"p":391000.0,"mot":"U","mo":10071.0},{"cn":"lunt Финанс","ui":"4959791","t":12763.0,"r":9533.0,"q":14.1,"p":380000.0,"mot":"U","mo":9533.0},{"cn":"","ui":"","t":2553.0,"r":135.0,"q":22.55,"p":441627.08,"mot":"L","mo":135.0}]},{"d":"20.03.2017","r":35690.0,"q":17.46,"p":443842.59,"s":[{"cn":"Форсаж","ui":"4722988","t":10296.0,"r":9004.0,"q":20.27,"p":500000.0,"mot":"U","mo":9004.0},{"cn":"Форсаж","ui":"4722986","t":2855.0,"r":2855.0,"q":21.73,"p":552124.0,"mot":"U","mo":2855.0},{"cn":"lunt Финанс","ui":"4959791","t":12133.0,"r":9904.0,"q":14.27,"p":380000.0,"mot":"U","mo":9904.0},{"cn":"\"Shark Индастрис Со\"","ui":"6613195","t":11065.0,"r":11064.0,"q":15.89,"p":391000.0,"mot":"U","mo":11064.0},{"cn":"Форсаж","ui":"5039965","t":2843.0,"r":2843.0,"q":21.64,"p":588000.0,"mot":"U","mo":2843.0},{"cn":"","ui":"","t":62.0,"r":20.0,"q":1.0,"p":60000.0,"mot":"L","mo":20.0}]},{"d":"21.03.2017","r":41206.0,"q":17.86,"p":454329.59,"s":[{"cn":"Форсаж","ui":"4722988","t":11238.0,"r":11036.0,"q":20.25,"p":500000.0,"mot":"U","mo":11036.0},{"cn":"Форсаж","ui":"4722986","t":4228.0,"r":4228.0,"q":21.73,"p":552124.0,"mot":"U","mo":4228.0},{"cn":"lunt Финанс","ui":"4959791","t":12382.0,"r":10112.0,"q":14.31,"p":380000.0,"mot":"U","mo":10112.0},{"cn":"Форсаж","ui":"5039965","t":4262.0,"r":4262.0,"q":21.64,"p":588000.0,"mot":"U","mo":4262.0},{"cn":"\"Shark Индастрис Со\"","ui":"6613195","t":11560.0,"r":11559.0,"q":15.9,"p":391000.0,"mot":"U","mo":11559.0},{"cn":"","ui":"","t":67.0,"r":9.0,"q":1.96,"p":60000.0,"mot":"L","mo":9.0}]},{"d":"22.03.2017","r":49750.0,"q":18.27,"p":443355.86,"s":[{"cn":"Форсаж","ui":"4722988","t":12195.0,"r":11993.0,"q":20.25,"p":500000.0,"mot":"U","mo":11993.0},{"cn":"Форсаж","ui":"4722986","t":5595.0,"r":5595.0,"q":21.72,"p":552124.0,"mot":"U","mo":5595.0},{"cn":"ВинтФинанс","ui":"6990401","t":2862.0,"r":2862.0,"q":20.95,"p":240000.0,"mot":"U","mo":2862.0},{"cn":"\"Shark Индастрис Со\"","ui":"6613195","t":12054.0,"r":12053.0,"q":15.92,"p":391000.0,"mot":"U","mo":12053.0},{"cn":"Форсаж","ui":"5039965","t":5680.0,"r":5680.0,"q":21.64,"p":588000.0,"mot":"U","mo":5680.0},{"cn":"lunt Финанс","ui":"4959791","t":12638.0,"r":10388.0,"q":14.36,"p":380000.0,"mot":"U","mo":10388.0},{"cn":"","ui":"","t":1865.0,"r":1179.0,"q":17.6,"p":241253.1,"mot":"L","mo":1179.0}]},{"d":"23.03.2017","r":51726.0,"q":18.3,"p":460493.01,"s":[{"cn":"Форсаж","ui":"4722988","t":13163.0,"r":12961.0,"q":20.26,"p":500000.0,"mot":"U","mo":12961.0},{"cn":"Форсаж","ui":"4722986","t":6957.0,"r":6957.0,"q":21.72,"p":552124.0,"mot":"U","mo":6957.0},{"cn":"lunt Финанс","ui":"4959791","t":12871.0,"r":10602.0,"q":14.39,"p":380000.0,"mot":"U","mo":10602.0},{"cn":"\"Shark Индастрис Со\"","ui":"6613195","t":12548.0,"r":12547.0,"q":15.93,"p":391000.0,"mot":"U","mo":12547.0},{"cn":"Форсаж","ui":"5039965","t":7096.0,"r":7096.0,"q":21.64,"p":588000.0,"mot":"U","mo":7096.0},{"cn":"","ui":"","t":2283.0,"r":1563.0,"q":17.06,"p":250000.0,"mot":"L","mo":1563.0}]},{"d":"24.03.2017","r":54613.0,"q":18.51,"p":471864.26,"s":[{"cn":"Форсаж","ui":"4722988","t":14140.0,"r":13938.0,"q":20.27,"p":500000.0,"mot":"U","mo":13938.0},{"cn":"Форсаж","ui":"4722986","t":8312.0,"r":8312.0,"q":21.71,"p":552124.0,"mot":"U","mo":8312.0},{"cn":"lunt Финанс","ui":"4959791","t":13081.0,"r":10812.0,"q":14.39,"p":380000.0,"mot":"U","mo":10812.0},{"cn":"\"Shark Индастрис Со\"","ui":"6613195","t":13041.0,"r":13040.0,"q":15.95,"p":391000.0,"mot":"U","mo":13040.0},{"cn":"Форсаж","ui":"5039965","t":8511.0,"r":8511.0,"q":21.65,"p":588000.0,"mot":"U","mo":8511.0},{"cn":"","ui":"","t":0.0,"r":0.0,"q":0.0,"p":0.0,"mot":"L","mo":0.0}]},{"d":"25.03.2017","r":83249.0,"q":21.6,"p":439324.78,"s":[{"cn":"Форсаж","ui":"4722988","t":15108.0,"r":14906.0,"q":20.27,"p":500000.0,"mot":"U","mo":14906.0},{"cn":"INCUBUS","ui":"7020083","t":24202.0,"r":24201.0,"q":28.78,"p":350000.0,"mot":"U","mo":24201.0},{"cn":"Форсаж","ui":"4722986","t":9663.0,"r":9663.0,"q":21.7,"p":552124.0,"mot":"U","mo":9663.0},{"cn":"\"Shark Индастрис Со\"","ui":"6613195","t":13549.0,"r":13548.0,"q":15.97,"p":391000.0,"mot":"U","mo":13548.0},{"cn":"Форсаж","ui":"5039965","t":9922.0,"r":9922.0,"q":21.64,"p":588000.0,"mot":"U","mo":9922.0},{"cn":"lunt Финанс","ui":"4959791","t":13278.0,"r":11009.0,"q":14.39,"p":380000.0,"mot":"U","mo":11009.0},{"cn":"","ui":"","t":0.0,"r":0.0,"q":0.0,"p":0.0,"mot":"L","mo":0.0}]},{"d":"26.03.2017","r":63401.0,"q":18.76,"p":479419.77,"s":[{"cn":"Форсаж","ui":"4722988","t":16015.0,"r":15813.0,"q":20.23,"p":500000.0,"mot":"U","mo":15813.0},{"cn":"Форсаж","ui":"4722986","t":11009.0,"r":11009.0,"q":21.69,"p":552124.0,"mot":"U","mo":11009.0},{"cn":"lunt Финанс","ui":"4959791","t":13464.0,"r":11195.0,"q":14.38,"p":380000.0,"mot":"U","mo":11195.0},{"cn":"Форсаж","ui":"5039965","t":11328.0,"r":11328.0,"q":21.64,"p":588000.0,"mot":"U","mo":11328.0},{"cn":"\"Shark Индастрис Со\"","ui":"6613195","t":14057.0,"r":14056.0,"q":15.99,"p":391000.0,"mot":"U","mo":14056.0},{"cn":"","ui":"","t":0.0,"r":0.0,"q":0.0,"p":0.0,"mot":"L","mo":0.0}]},{"d":"27.03.2017","r":67721.0,"q":18.86,"p":482462.13,"s":[{"cn":"Форсаж","ui":"4722988","t":16915.0,"r":16713.0,"q":20.2,"p":500000.0,"mot":"U","mo":16713.0},{"cn":"Форсаж","ui":"4722986","t":12348.0,"r":12348.0,"q":21.68,"p":552124.0,"mot":"U","mo":12348.0},{"cn":"\"Shark Индастрис Со\"","ui":"6613195","t":14570.0,"r":14569.0,"q":16.01,"p":391000.0,"mot":"U","mo":14569.0},{"cn":"Форсаж","ui":"5039965","t":12729.0,"r":12729.0,"q":21.64,"p":588000.0,"mot":"U","mo":12729.0},{"cn":"lunt Финанс","ui":"4959791","t":13631.0,"r":11362.0,"q":14.35,"p":380000.0,"mot":"U","mo":11362.0},{"cn":"","ui":"","t":0.0,"r":0.0,"q":0.0,"p":0.0,"mot":"L","mo":0.0}]},{"d":"28.03.2017","r":72151.0,"q":18.95,"p":479251.65,"s":[{"cn":"Форсаж","ui":"4722988","t":17916.0,"r":17714.0,"q":20.21,"p":500000.0,"mot":"U","mo":17714.0},{"cn":"Форсаж","ui":"4722986","t":13683.0,"r":13683.0,"q":21.67,"p":552124.0,"mot":"U","mo":13683.0},{"cn":"Форсаж","ui":"5039965","t":14126.0,"r":14126.0,"q":21.63,"p":558000.0,"mot":"U","mo":14126.0},{"cn":"\"Shark Индастрис Со\"","ui":"6613195","t":15076.0,"r":15075.0,"q":16.03,"p":391000.0,"mot":"U","mo":15075.0},{"cn":"lunt Финанс","ui":"4959791","t":13802.0,"r":11553.0,"q":14.32,"p":380000.0,"mot":"U","mo":11553.0},{"cn":"","ui":"","t":0.0,"r":0.0,"q":0.0,"p":0.0,"mot":"L","mo":0.0}]},{"d":"29.03.2017","r":77848.0,"q":18.82,"p":474318.09,"s":[{"cn":"Форсаж","ui":"4722988","t":18928.0,"r":18736.0,"q":20.23,"p":500000.0,"mot":"U","mo":18736.0},{"cn":"Форсаж","ui":"4722986","t":15011.0,"r":15011.0,"q":21.66,"p":552124.0,"mot":"U","mo":15011.0},{"cn":"lunt Финанс","ui":"4959791","t":13953.0,"r":11704.0,"q":14.27,"p":380000.0,"mot":"U","mo":11704.0},{"cn":"\"Shark Индастрис Со\"","ui":"6613195","t":15578.0,"r":15577.0,"q":16.05,"p":391000.0,"mot":"U","mo":15577.0},{"cn":"Форсаж","ui":"5039965","t":15518.0,"r":15518.0,"q":21.62,"p":558000.0,"mot":"U","mo":15518.0},{"cn":"","ui":"","t":1302.0,"r":1302.0,"q":6.31,"p":55000.0,"mot":"L","mo":1302.0}]},{"d":"31.03.2017","r":86635.0,"q":19.09,"p":481629.26,"s":[{"cn":"Форсаж","ui":"4722988","t":20949.0,"r":20758.0,"q":20.25,"p":500000.0,"mot":"U","mo":20758.0},{"cn":"Форсаж","ui":"4722986","t":17653.0,"r":17653.0,"q":21.63,"p":552124.0,"mot":"U","mo":17653.0},{"cn":"lunt Финанс","ui":"4959791","t":14204.0,"r":11956.0,"q":14.17,"p":380000.0,"mot":"U","mo":11956.0},{"cn":"\"Shark Индастрис Со\"","ui":"6613195","t":16582.0,"r":16582.0,"q":16.08,"p":391000.0,"mot":"U","mo":16582.0},{"cn":"Форсаж","ui":"5039965","t":18283.0,"r":18283.0,"q":21.61,"p":558000.0,"mot":"U","mo":18283.0},{"cn":"","ui":"","t":2090.0,"r":1403.0,"q":14.85,"p":264825.37,"mot":"L","mo":1403.0}]},{"d":"01.04.2017","r":91451.0,"q":19.16,"p":482450.39,"s":[{"cn":"Форсаж","ui":"4722988","t":21959.0,"r":21769.0,"q":20.26,"p":500000.0,"mot":"U","mo":21769.0},{"cn":"Форсаж","ui":"4722986","t":18965.0,"r":18965.0,"q":21.62,"p":552124.0,"mot":"U","mo":18965.0},{"cn":"Форсаж","ui":"5039965","t":19659.0,"r":19659.0,"q":21.6,"p":558000.0,"mot":"U","mo":19659.0},{"cn":"lunt Финанс","ui":"4959791","t":14304.0,"r":12057.0,"q":14.11,"p":380000.0,"mot":"U","mo":12057.0},{"cn":"\"Shark Индастрис Со\"","ui":"6613195","t":17083.0,"r":17083.0,"q":16.09,"p":391000.0,"mot":"U","mo":17083.0},{"cn":"","ui":"","t":2725.0,"r":1918.0,"q":16.34,"p":278521.46,"mot":"L","mo":1918.0}]},{"d":"02.04.2017","r":96042.0,"q":19.22,"p":411384.13,"s":[{"cn":"Форсаж","ui":"4722988","t":22967.0,"r":22777.0,"q":20.27,"p":430000.0,"mot":"U","mo":22777.0},{"cn":"Форсаж","ui":"4722986","t":20273.0,"r":20273.0,"q":21.61,"p":400000.0,"mot":"U","mo":20273.0},{"cn":"lunt Финанс","ui":"4959791","t":14386.0,"r":12139.0,"q":14.05,"p":380000.0,"mot":"U","mo":12139.0},{"cn":"Форсаж","ui":"5039965","t":21030.0,"r":21030.0,"q":21.59,"p":450000.0,"mot":"U","mo":21030.0},{"cn":"\"Shark Индастрис Со\"","ui":"6613195","t":17625.0,"r":17625.0,"q":16.13,"p":391000.0,"mot":"U","mo":17625.0},{"cn":"","ui":"","t":3083.0,"r":2198.0,"q":17.15,"p":290787.08,"mot":"L","mo":2198.0}]},{"d":"03.04.2017","r":102888.0,"q":19.16,"p":414232.05,"s":[{"cn":"Форсаж","ui":"4722988","t":23993.0,"r":23803.0,"q":20.29,"p":430000.0,"mot":"U","mo":23803.0},{"cn":"Форсаж","ui":"4722986","t":21551.0,"r":21526.0,"q":21.59,"p":400000.0,"mot":"U","mo":21526.0},{"cn":"lunt Финанс","ui":"4959791","t":14451.0,"r":12204.0,"q":13.98,"p":380000.0,"mot":"U","mo":12204.0},{"cn":"Форсаж","ui":"5039965","t":22462.0,"r":22462.0,"q":21.59,"p":450000.0,"mot":"U","mo":22462.0},{"cn":"\"Shark Индастрис Со\"","ui":"6613195","t":18167.0,"r":18167.0,"q":16.17,"p":391000.0,"mot":"U","mo":18167.0},{"cn":"","ui":"","t":5637.0,"r":4726.0,"q":15.81,"p":407342.36,"mot":"L","mo":4726.0}]},{"d":"04.04.2017","r":105371.0,"q":19.3,"p":414458.42,"s":[{"cn":"Форсаж","ui":"4722988","t":24857.0,"r":24506.0,"q":20.3,"p":430000.0,"mot":"U","mo":24506.0},{"cn":"Форсаж","ui":"4722986","t":22825.0,"r":22800.0,"q":21.58,"p":400000.0,"mot":"U","mo":22800.0},{"cn":"\"Shark Индастрис Со\"","ui":"6613195","t":18708.0,"r":18708.0,"q":16.21,"p":391000.0,"mot":"U","mo":18708.0},{"cn":"Форсаж","ui":"5039965","t":23892.0,"r":23892.0,"q":21.59,"p":450000.0,"mot":"U","mo":23892.0},{"cn":"lunt Финанс","ui":"4959791","t":13499.0,"r":10252.0,"q":13.92,"p":380000.0,"mot":"U","mo":10252.0},{"cn":"","ui":"","t":6157.0,"r":5213.0,"q":15.76,"p":393694.61,"mot":"L","mo":5213.0}]},{"d":"05.04.2017","r":107048.0,"q":19.51,"p":412609.94,"s":[{"cn":"Форсаж","ui":"4722988","t":25979.0,"r":25888.0,"q":20.31,"p":430000.0,"mot":"U","mo":25888.0},{"cn":"Форсаж","ui":"4722986","t":24043.0,"r":23967.0,"q":21.57,"p":400000.0,"mot":"U","mo":23967.0},{"cn":"Форсаж","ui":"5039965","t":25321.0,"r":25321.0,"q":21.6,"p":450000.0,"mot":"U","mo":25321.0},{"cn":"lunt Финанс","ui":"4959791","t":12531.0,"r":9284.0,"q":13.85,"p":380000.0,"mot":"U","mo":9284.0},{"cn":"\"Shark Индастрис Со\"","ui":"6613195","t":19249.0,"r":19249.0,"q":16.24,"p":391000.0,"mot":"U","mo":19249.0},{"cn":"","ui":"","t":4149.0,"r":3339.0,"q":17.21,"p":300000.0,"mot":"L","mo":3339.0}]},{"d":"06.04.2017","r":113036.0,"q":19.47,"p":407952.42,"s":[{"cn":"Форсаж","ui":"4722988","t":27109.0,"r":27018.0,"q":20.32,"p":400000.0,"mot":"U","mo":27018.0},{"cn":"Форсаж","ui":"4722986","t":25255.0,"r":25179.0,"q":21.56,"p":400000.0,"mot":"U","mo":25179.0},{"cn":"lunt Финанс","ui":"4959791","t":11586.0,"r":8379.0,"q":13.78,"p":380000.0,"mot":"U","mo":8379.0},{"cn":"\"Shark Индастрис Со\"","ui":"6613195","t":19789.0,"r":19789.0,"q":16.28,"p":391000.0,"mot":"U","mo":19789.0},{"cn":"Форсаж","ui":"5039965","t":26747.0,"r":26747.0,"q":21.6,"p":450000.0,"mot":"U","mo":26747.0},{"cn":"","ui":"","t":6749.0,"r":5924.0,"q":15.74,"p":384341.83,"mot":"L","mo":5924.0}]},{"d":"07.04.2017","r":117053.0,"q":19.53,"p":386274.76,"s":[{"cn":"Форсаж","ui":"4722988","t":28242.0,"r":28151.0,"q":20.34,"p":380000.0,"mot":"U","mo":28151.0},{"cn":"Форсаж","ui":"4722986","t":26661.0,"r":26635.0,"q":21.58,"p":380000.0,"mot":"U","mo":26635.0},{"cn":"\"Shark Индастрис Со\"","ui":"6613195","t":20328.0,"r":20328.0,"q":16.32,"p":391000.0,"mot":"U","mo":20328.0},{"cn":"Форсаж","ui":"5039965","t":28146.0,"r":28120.0,"q":21.6,"p":400000.0,"mot":"U","mo":28120.0},{"cn":"lunt Финанс","ui":"4959791","t":10624.0,"r":7417.0,"q":13.7,"p":380000.0,"mot":"U","mo":7417.0},{"cn":"","ui":"","t":7231.0,"r":6402.0,"q":15.35,"p":371951.27,"mot":"L","mo":6402.0}]},{"d":"08.04.2017","r":121061.0,"q":19.6,"p":384592.25,"s":[{"cn":"Форсаж","ui":"4722988","t":29334.0,"r":29204.0,"q":20.35,"p":380000.0,"mot":"U","mo":29204.0},{"cn":"Форсаж","ui":"4722986","t":28065.0,"r":28039.0,"q":21.6,"p":380000.0,"mot":"U","mo":28039.0},{"cn":"\"Shark Индастрис Со\"","ui":"6613195","t":20866.0,"r":20866.0,"q":16.36,"p":391000.0,"mot":"U","mo":20866.0},{"cn":"Форсаж","ui":"5039965","t":29568.0,"r":29567.0,"q":21.6,"p":400000.0,"mot":"U","mo":29567.0},{"cn":"lunt Финанс","ui":"4959791","t":9643.0,"r":6436.0,"q":13.62,"p":380000.0,"mot":"U","mo":6436.0},{"cn":"","ui":"","t":7807.0,"r":6949.0,"q":15.17,"p":341875.95,"mot":"L","mo":6949.0}]},{"d":"09.04.2017","r":123675.0,"q":19.76,"p":380694.02,"s":[{"cn":"Форсаж","ui":"4722988","t":30461.0,"r":30370.0,"q":20.36,"p":380000.0,"mot":"U","mo":30370.0},{"cn":"Форсаж","ui":"4722986","t":29460.0,"r":29427.0,"q":21.61,"p":380000.0,"mot":"U","mo":29427.0},{"cn":"Форсаж","ui":"5039965","t":30983.0,"r":30982.0,"q":21.6,"p":400000.0,"mot":"U","mo":30982.0},{"cn":"\"Shark Индастрис Со\"","ui":"6613195","t":21404.0,"r":21404.0,"q":16.39,"p":391000.0,"mot":"U","mo":21404.0},{"cn":"","ui":"","t":16253.0,"r":11492.0,"q":14.72,"p":313062.04,"mot":"L","mo":11492.0}]},{"d":"10.04.2017","r":128215.0,"q":19.83,"p":333074.66,"s":[{"cn":"Форсаж","ui":"4722988","t":31591.0,"r":31500.0,"q":20.38,"p":330000.0,"mot":"U","mo":31500.0},{"cn":"Форсаж","ui":"4722986","t":30825.0,"r":30767.0,"q":21.63,"p":320000.0,"mot":"U","mo":30767.0},{"cn":"\"Shark Индастрис Со\"","ui":"6613195","t":21940.0,"r":21940.0,"q":16.43,"p":391000.0,"mot":"U","mo":21940.0},{"cn":"Форсаж","ui":"5039965","t":32387.0,"r":32386.0,"q":21.6,"p":320000.0,"mot":"U","mo":32386.0},{"cn":"","ui":"","t":16375.0,"r":11622.0,"q":15.07,"p":303103.34,"mot":"L","mo":11622.0}]},{"d":"11.04.2017","r":132330.0,"q":19.89,"p":331705.99,"s":[{"cn":"Форсаж","ui":"4722988","t":32706.0,"r":32609.0,"q":20.39,"p":330000.0,"mot":"U","mo":32609.0},{"cn":"Форсаж","ui":"4722986","t":32209.0,"r":32182.0,"q":21.64,"p":320000.0,"mot":"U","mo":32182.0},{"cn":"Форсаж","ui":"5039965","t":33660.0,"r":33539.0,"q":21.6,"p":320000.0,"mot":"U","mo":33539.0},{"cn":"\"Shark Индастрис Со\"","ui":"6613195","t":22472.0,"r":22472.0,"q":16.47,"p":391000.0,"mot":"U","mo":22472.0},{"cn":"","ui":"","t":16381.0,"r":11528.0,"q":15.26,"p":287683.21,"mot":"L","mo":11528.0}]},{"d":"12.04.2017","r":233856.0,"q":21.0,"p":264246.58,"s":[{"cn":"Форсаж","ui":"4722988","t":33810.0,"r":33713.0,"q":20.4,"p":330000.0,"mot":"U","mo":33713.0},{"cn":"Форсаж","ui":"4722986","t":33582.0,"r":33555.0,"q":21.64,"p":320000.0,"mot":"U","mo":33555.0},{"cn":"КМД","ui":"6798068","t":96515.0,"r":96465.0,"q":22.46,"p":170000.0,"mot":"U","mo":96465.0},{"cn":"Форсаж","ui":"5039965","t":34921.0,"r":34800.0,"q":21.59,"p":320000.0,"mot":"U","mo":34800.0},{"cn":"\"Shark Индастрис Со\"","ui":"6613195","t":22989.0,"r":22989.0,"q":16.49,"p":391000.0,"mot":"U","mo":22989.0},{"cn":"","ui":"","t":17217.0,"r":12334.0,"q":16.16,"p":276391.2,"mot":"L","mo":12334.0}]},{"d":"13.04.2017","r":251936.0,"q":21.05,"p":260869.75,"s":[{"cn":"Форсаж","ui":"4722988","t":34907.0,"r":34810.0,"q":20.4,"p":330000.0,"mot":"U","mo":34810.0},{"cn":"Форсаж","ui":"4722986","t":34945.0,"r":34918.0,"q":21.64,"p":320000.0,"mot":"U","mo":34918.0},{"cn":"КМД","ui":"6798068","t":109717.0,"r":108662.0,"q":22.47,"p":170000.0,"mot":"U","mo":108662.0},{"cn":"\"Shark Индастрис Со\"","ui":"6613195","t":23505.0,"r":23505.0,"q":16.52,"p":391000.0,"mot":"U","mo":23505.0},{"cn":"Форсаж","ui":"5039965","t":36173.0,"r":36052.0,"q":21.58,"p":320000.0,"mot":"U","mo":36052.0},{"cn":"","ui":"","t":18264.0,"r":13989.0,"q":16.42,"p":276058.83,"mot":"L","mo":13989.0}]},{"d":"14.04.2017","r":269124.0,"q":21.11,"p":243513.18,"s":[{"cn":"Форсаж","ui":"4722988","t":36002.0,"r":35912.0,"q":20.41,"p":330000.0,"mot":"U","mo":35912.0},{"cn":"Форсаж","ui":"4722986","t":36296.0,"r":36269.0,"q":21.64,"p":320000.0,"mot":"U","mo":36269.0},{"cn":"КМД","ui":"6798068","t":121805.0,"r":120735.0,"q":22.48,"p":140000.0,"mot":"U","mo":120735.0},{"cn":"\"Shark Индастрис Со\"","ui":"6613195","t":24019.0,"r":24019.0,"q":16.55,"p":391000.0,"mot":"U","mo":24019.0},{"cn":"Форсаж","ui":"5039965","t":37409.0,"r":37289.0,"q":21.57,"p":320000.0,"mot":"U","mo":37289.0},{"cn":"","ui":"","t":19244.0,"r":14900.0,"q":16.58,"p":258482.68,"mot":"L","mo":14900.0}]},{"d":"15.04.2017","r":296320.0,"q":21.32,"p":239443.46,"s":[{"cn":"Форсаж","ui":"4722988","t":37098.0,"r":37018.0,"q":20.41,"p":330000.0,"mot":"U","mo":37018.0},{"cn":"Форсаж","ui":"4722986","t":37636.0,"r":37609.0,"q":21.64,"p":320000.0,"mot":"U","mo":37609.0},{"cn":"КМД","ui":"6798068","t":133846.0,"r":132876.0,"q":22.47,"p":140000.0,"mot":"U","mo":132876.0},{"cn":"Форсаж","ui":"5039965","t":38629.0,"r":38509.0,"q":21.56,"p":320000.0,"mot":"U","mo":38509.0},{"cn":"\"Shark Индастрис Со\"","ui":"6613195","t":24527.0,"r":24527.0,"q":16.58,"p":391000.0,"mot":"U","mo":24527.0},{"cn":"","ui":"","t":30175.0,"r":25781.0,"q":20.43,"p":239924.36,"mot":"L","mo":25781.0}]},{"d":"16.04.2017","r":305819.0,"q":21.26,"p":237952.74,"s":[{"cn":"Форсаж","ui":"4722988","t":38185.0,"r":38105.0,"q":20.41,"p":330000.0,"mot":"U","mo":38105.0},{"cn":"Форсаж","ui":"4722986","t":38966.0,"r":38939.0,"q":21.64,"p":320000.0,"mot":"U","mo":38939.0},{"cn":"КМД","ui":"6798068","t":144415.0,"r":142633.0,"q":22.46,"p":140000.0,"mot":"U","mo":142633.0},{"cn":"\"Shark Индастрис Со\"","ui":"6613195","t":25032.0,"r":25032.0,"q":16.6,"p":391000.0,"mot":"U","mo":25032.0},{"cn":"Форсаж","ui":"5039965","t":39836.0,"r":39716.0,"q":21.54,"p":320000.0,"mot":"U","mo":39716.0},{"cn":"","ui":"","t":30616.0,"r":21394.0,"q":18.95,"p":246334.77,"mot":"L","mo":21394.0}]},{"d":"17.04.2017","r":321207.0,"q":21.35,"p":219515.74,"s":[{"cn":"Форсаж","ui":"4722988","t":39287.0,"r":39207.0,"q":20.41,"p":280000.0,"mot":"U","mo":39207.0},{"cn":"Форсаж","ui":"4722986","t":40285.0,"r":40258.0,"q":21.63,"p":280000.0,"mot":"U","mo":40258.0},{"cn":"КМД","ui":"6798068","t":156726.0,"r":156344.0,"q":22.44,"p":140000.0,"mot":"U","mo":156344.0},{"cn":"Форсаж","ui":"5039965","t":41028.0,"r":40908.0,"q":21.53,"p":280000.0,"mot":"U","mo":40908.0},{"cn":"\"Shark Индастрис Со\"","ui":"6613195","t":25531.0,"r":25531.0,"q":16.63,"p":391000.0,"mot":"U","mo":25531.0},{"cn":"","ui":"","t":28167.0,"r":18959.0,"q":19.69,"p":260286.41,"mot":"L","mo":18959.0}]},{"d":"18.04.2017","r":335150.0,"q":21.34,"p":217945.84,"s":[{"cn":"Форсаж","ui":"4722988","t":40383.0,"r":40303.0,"q":20.42,"p":280000.0,"mot":"U","mo":40303.0},{"cn":"Форсаж","ui":"4722986","t":41592.0,"r":41565.0,"q":21.62,"p":280000.0,"mot":"U","mo":41565.0},{"cn":"КМД","ui":"6798068","t":168127.0,"r":166985.0,"q":22.41,"p":140000.0,"mot":"U","mo":166985.0},{"cn":"Форсаж","ui":"5039965","t":42207.0,"r":42087.0,"q":21.51,"p":280000.0,"mot":"U","mo":42087.0},{"cn":"\"Shark Индастрис Со\"","ui":"6613195","t":26028.0,"r":26028.0,"q":16.65,"p":391000.0,"mot":"U","mo":26028.0},{"cn":"","ui":"","t":27534.0,"r":18182.0,"q":19.18,"p":263023.87,"mot":"L","mo":18182.0}]},{"d":"19.04.2017","r":352099.0,"q":21.35,"p":216079.73,"s":[{"cn":"Форсаж","ui":"4722988","t":41471.0,"r":41391.0,"q":20.44,"p":280000.0,"mot":"U","mo":41391.0},{"cn":"Форсаж","ui":"4722986","t":42889.0,"r":42862.0,"q":21.61,"p":280000.0,"mot":"U","mo":42862.0},{"cn":"КМД","ui":"6798068","t":180011.0,"r":179508.0,"q":22.38,"p":140000.0,"mot":"U","mo":179508.0},{"cn":"\"Shark Индастрис Со\"","ui":"6613195","t":26523.0,"r":26523.0,"q":16.67,"p":391000.0,"mot":"U","mo":26523.0},{"cn":"Форсаж","ui":"5039965","t":43372.0,"r":43252.0,"q":21.49,"p":280000.0,"mot":"U","mo":43252.0},{"cn":"","ui":"","t":22550.0,"r":18563.0,"q":19.1,"p":262804.77,"mot":"L","mo":18563.0}]},{"d":"21.04.2017","r":385077.0,"q":21.37,"p":202695.48,"s":[{"cn":"Форсаж","ui":"4722988","t":43637.0,"r":43557.0,"q":20.47,"p":250000.0,"mot":"U","mo":43557.0},{"cn":"Форсаж","ui":"4722986","t":45452.0,"r":45425.0,"q":21.59,"p":250000.0,"mot":"U","mo":45425.0},{"cn":"КМД","ui":"6798068","t":203149.0,"r":202531.0,"q":22.32,"p":140000.0,"mot":"U","mo":202531.0},{"cn":"Форсаж","ui":"5039965","t":45618.0,"r":45478.0,"q":21.44,"p":250000.0,"mot":"U","mo":45478.0},{"cn":"\"Shark Индастрис Со\"","ui":"6613195","t":27508.0,"r":27508.0,"q":16.72,"p":391000.0,"mot":"U","mo":27508.0},{"cn":"","ui":"","t":24615.0,"r":20578.0,"q":19.45,"p":258936.73,"mot":"L","mo":20578.0}]},{"d":"22.04.2017","r":333986.0,"q":21.63,"p":193693.45,"s":[{"cn":"Форсаж","ui":"4722988","t":44786.0,"r":44786.0,"q":20.49,"p":250000.0,"mot":"U","mo":44786.0},{"cn":"Форсаж","ui":"4722986","t":46713.0,"r":46686.0,"q":21.58,"p":250000.0,"mot":"U","mo":46686.0},{"cn":"КМД","ui":"6798068","t":194279.0,"r":173437.0,"q":22.28,"p":140000.0,"mot":"U","mo":173437.0},{"cn":"Форсаж","ui":"5039965","t":46721.0,"r":46581.0,"q":21.42,"p":250000.0,"mot":"U","mo":46581.0},{"cn":"","ui":"","t":26078.0,"r":22496.0,"q":19.35,"p":262111.93,"mot":"L","mo":22496.0}]},{"d":"23.04.2017","r":371643.0,"q":21.56,"p":212485.77,"s":[{"cn":"Форсаж","ui":"4722988","t":45926.0,"r":45926.0,"q":20.5,"p":250000.0,"mot":"U","mo":45926.0},{"cn":"Форсаж","ui":"4722986","t":47960.0,"r":47933.0,"q":21.57,"p":250000.0,"mot":"U","mo":47933.0},{"cn":"КМД","ui":"6798068","t":186884.0,"r":165959.0,"q":22.3,"p":140000.0,"mot":"U","mo":165959.0},{"cn":"IvanM1980 и компания","ui":"7040052","t":40096.0,"r":40096.0,"q":21.14,"p":350000.0,"mot":"U","mo":40096.0},{"cn":"Форсаж","ui":"5039965","t":47810.0,"r":47670.0,"q":21.4,"p":250000.0,"mot":"U","mo":47670.0},{"cn":"","ui":"","t":27641.0,"r":24059.0,"q":19.42,"p":262635.19,"mot":"L","mo":24059.0}]},{"d":"24.04.2017","r":385994.0,"q":21.61,"p":212016.03,"s":[{"cn":"Форсаж","ui":"4722988","t":47057.0,"r":47057.0,"q":20.51,"p":200000.0,"mot":"U","mo":47057.0},{"cn":"Форсаж","ui":"4722986","t":49193.0,"r":49166.0,"q":21.55,"p":250000.0,"mot":"U","mo":49166.0},{"cn":"КМД","ui":"6798068","t":179405.0,"r":158483.0,"q":22.32,"p":140000.0,"mot":"U","mo":158483.0},{"cn":"IvanM1980 и компания","ui":"7040052","t":50120.0,"r":50120.0,"q":21.14,"p":350000.0,"mot":"U","mo":50120.0},{"cn":"Форсаж","ui":"5039965","t":48886.0,"r":48746.0,"q":21.37,"p":250000.0,"mot":"U","mo":48746.0},{"cn":"","ui":"","t":37349.0,"r":32422.0,"q":20.91,"p":253466.63,"mot":"L","mo":32422.0}]},{"d":"26.04.2017","r":337241.0,"q":21.58,"p":226866.65,"s":[{"cn":"Форсаж","ui":"4722986","t":51619.0,"r":51592.0,"q":21.51,"p":250000.0,"mot":"U","mo":51592.0},{"cn":"КМД","ui":"6798068","t":157372.0,"r":136321.0,"q":22.38,"p":140000.0,"mot":"U","mo":136321.0},{"cn":"IvanM1980 и компания","ui":"7040052","t":70168.0,"r":70168.0,"q":21.14,"p":350000.0,"mot":"U","mo":70168.0},{"cn":"Форсаж","ui":"5039965","t":50998.0,"r":50858.0,"q":21.32,"p":250000.0,"mot":"U","mo":50858.0},{"cn":"","ui":"","t":32059.0,"r":28302.0,"q":19.36,"p":256253.89,"mot":"L","mo":28302.0}]},{"d":"27.04.2017","r":347616.0,"q":21.58,"p":233004.33,"s":[{"cn":"Форсаж","ui":"4722986","t":52811.0,"r":52784.0,"q":21.5,"p":250000.0,"mot":"U","mo":52784.0},{"cn":"КМД","ui":"6798068","t":149695.0,"r":128638.0,"q":22.41,"p":140000.0,"mot":"U","mo":128638.0},{"cn":"IvanM1980 и компания","ui":"7040052","t":81624.0,"r":81624.0,"q":21.14,"p":350000.0,"mot":"U","mo":81624.0},{"cn":"Форсаж","ui":"5039965","t":51935.0,"r":51695.0,"q":21.29,"p":250000.0,"mot":"U","mo":51695.0},{"cn":"","ui":"","t":36632.0,"r":32875.0,"q":20.02,"p":252427.73,"mot":"L","mo":32875.0}]},{"d":"28.04.2017","r":357654.0,"q":21.58,"p":238894.59,"s":[{"cn":"Форсаж","ui":"4722986","t":53991.0,"r":53964.0,"q":21.48,"p":250000.0,"mot":"U","mo":53964.0},{"cn":"IvanM1980 и компания","ui":"7040052","t":93079.0,"r":93079.0,"q":21.14,"p":350000.0,"mot":"U","mo":93079.0},{"cn":"КМД","ui":"6798068","t":142001.0,"r":120549.0,"q":22.44,"p":140000.0,"mot":"U","mo":120549.0},{"cn":"Форсаж","ui":"5039965","t":52860.0,"r":52620.0,"q":21.26,"p":250000.0,"mot":"U","mo":52620.0},{"cn":"","ui":"","t":42202.0,"r":37442.0,"q":20.53,"p":249481.75,"mot":"L","mo":37442.0}]},{"d":"29.04.2017","r":351607.0,"q":21.31,"p":246735.05,"s":[{"cn":"Форсаж","ui":"4722988","t":48092.0,"r":48092.0,"q":20.51,"p":200000.0,"mot":"U","mo":48092.0},{"cn":"Форсаж","ui":"4722986","t":55159.0,"r":55132.0,"q":21.45,"p":220000.0,"mot":"U","mo":55132.0},{"cn":"IvanM1980 и компания","ui":"7040052","t":94511.0,"r":94511.0,"q":21.14,"p":350000.0,"mot":"U","mo":94511.0},{"cn":"КМД","ui":"6798068","t":106864.0,"r":58391.0,"q":22.48,"p":140000.0,"mot":"U","mo":58391.0},{"cn":"Форсаж","ui":"5039965","t":53773.0,"r":53533.0,"q":21.23,"p":250000.0,"mot":"U","mo":53533.0},{"cn":"","ui":"","t":45705.0,"r":41948.0,"q":20.91,"p":247198.67,"mot":"L","mo":41948.0}]},{"d":"01.05.2017","r":165116.0,"q":21.28,"p":300857.2,"s":[{"cn":"adeep Финанс","ui":"6937941","t":17455.0,"r":17207.0,"q":19.9,"p":230000.0,"mot":"U","mo":17207.0},{"cn":"Форсаж","ui":"4722986","t":37812.0,"r":17785.0,"q":21.47,"p":220000.0,"mot":"U","mo":17785.0},{"cn":"Пирамидом","ui":"7054470","t":20056.0,"r":19691.0,"q":26.23,"p":215000.0,"mot":"U","mo":19691.0},{"cn":"IvanM1980 и компания","ui":"7040052","t":95943.0,"r":95943.0,"q":21.14,"p":350000.0,"mot":"U","mo":95943.0},{"cn":"adeep Финанс","ui":"6939914","t":12399.0,"r":11486.0,"q":17.98,"p":250000.0,"mot":"U","mo":11486.0},{"cn":"","ui":"","t":5017.0,"r":3004.0,"q":12.7,"p":373140.23,"mot":"L","mo":3004.0}]},{"d":"02.05.2017","r":105452.0,"q":21.92,"p":338602.45,"s":[{"cn":"ВинтФинанс","ui":"6990401","t":34517.0,"r":34517.0,"q":24.63,"p":300000.0,"mot":"U","mo":34517.0},{"cn":"IvanM1980 и компания","ui":"7040052","t":75943.0,"r":65943.0,"q":21.14,"p":350000.0,"mot":"U","mo":65943.0},{"cn":"","ui":"","t":7005.0,"r":4992.0,"q":13.46,"p":454958.99,"mot":"L","mo":4992.0}]},{"d":"03.05.2017","r":33458.0,"q":22.95,"p":322160.2,"s":[{"cn":"ВинтФинанс","ui":"6990401","t":31867.0,"r":27720.0,"q":24.59,"p":300000.0,"mot":"U","mo":27720.0},{"cn":"lunt Финанс","ui":"4959791","t":5116.0,"r":3111.0,"q":12.98,"p":380000.0,"mot":"U","mo":3111.0},{"cn":"-\u003dТАНКЕР\u003d-","ui":"6933756","t":1937.0,"r":1898.0,"q":14.07,"p":570000.0,"mot":"U","mo":1898.0},{"cn":"","ui":"","t":743.0,"r":729.0,"q":26.42,"p":272696.6,"mot":"L","mo":729.0}]},{"d":"04.05.2017","r":81823.0,"q":20.73,"p":355353.81,"s":[{"cn":"IvanM1980 и компания","ui":"7040052","t":75943.0,"r":75943.0,"q":21.14,"p":350000.0,"mot":"U","mo":75943.0},{"cn":"","ui":"","t":10215.0,"r":5880.0,"q":15.49,"p":424500.85,"mot":"L","mo":5880.0}]},{"d":"06.05.2017","r":79042.0,"q":20.64,"p":356222.4,"s":[{"cn":"IvanM1980 и компания","ui":"7040052","t":74943.0,"r":73943.0,"q":21.14,"p":350000.0,"mot":"U","mo":73943.0},{"cn":"","ui":"","t":10310.0,"r":5099.0,"q":13.42,"p":446456.33,"mot":"L","mo":5099.0}]},{"d":"08.05.2017","r":80239.0,"q":20.86,"p":352495.42,"s":[{"cn":"CREATIVE Трейд","ui":"7121061","t":91709.0,"r":91709.0,"q":22.26,"p":370000.0,"mot":"L","mo":5000.0},{"cn":"IvanM1980 и компания","ui":"7040052","t":72913.0,"r":71898.0,"q":21.14,"p":350000.0,"mot":"U","mo":71898.0},{"cn":"","ui":"","t":5346.0,"r":3341.0,"q":12.79,"p":380000.0,"mot":"L","mo":3341.0}]},{"d":"09.05.2017","r":77263.0,"q":20.86,"p":352521.26,"s":[{"cn":"CREATIVE Трейд","ui":"7121061","t":96225.0,"r":96225.0,"q":22.36,"p":370000.0,"mot":"L","mo":5000.0},{"cn":"IvanM1980 и компания","ui":"7040052","t":70898.0,"r":68883.0,"q":21.14,"p":350000.0,"mot":"U","mo":68883.0},{"cn":"","ui":"","t":6658.0,"r":3380.0,"q":12.9,"p":378047.34,"mot":"L","mo":3380.0}]},{"d":"10.05.2017","r":74967.0,"q":20.87,"p":352526.85,"s":[{"cn":"CREATIVE Трейд","ui":"7121061","t":110830.0,"r":110824.0,"q":22.28,"p":370000.0,"mot":"L","mo":5000.0},{"cn":"IvanM1980 и компания","ui":"7040052","t":68898.0,"r":66898.0,"q":21.14,"p":350000.0,"mot":"U","mo":66898.0},{"cn":"","ui":"","t":6367.0,"r":3069.0,"q":12.77,"p":379139.78,"mot":"L","mo":3069.0}]},{"d":"11.05.2017","r":78055.0,"q":21.08,"p":334991.48,"s":[{"cn":"CREATIVE Трейд","ui":"7121061","t":115240.0,"r":115134.0,"q":22.36,"p":370000.0,"mot":"L","mo":5000.0},{"cn":"IvanM1980 и компания","ui":"7040052","t":66898.0,"r":64898.0,"q":21.14,"p":350000.0,"mot":"U","mo":64898.0},{"cn":"КМД","ui":"6798068","t":12138.0,"r":6290.0,"q":21.91,"p":140000.0,"mot":"U","mo":6290.0},{"cn":"","ui":"","t":5153.0,"r":1867.0,"q":12.97,"p":376464.92,"mot":"L","mo":1867.0}]},{"d":"12.05.2017","r":68407.0,"q":21.17,"p":351685.06,"s":[{"cn":"CREATIVE Трейд","ui":"7121061","t":119644.0,"r":119538.0,"q":22.44,"p":370000.0,"mot":"L","mo":5000.0},{"cn":"IvanM1980 и компания","ui":"7040052","t":64898.0,"r":62898.0,"q":21.14,"p":350000.0,"mot":"U","mo":62898.0},{"cn":"","ui":"","t":2514.0,"r":509.0,"q":12.69,"p":380000.0,"mot":"L","mo":509.0}]},{"d":"13.05.2017","r":68063.0,"q":20.85,"p":351469.23,"s":[{"cn":"CREATIVE Трейд","ui":"7121061","t":124054.0,"r":123948.0,"q":22.51,"p":370000.0,"mot":"L","mo":5000.0},{"cn":"IvanM1980 и компания","ui":"7040052","t":62898.0,"r":59898.0,"q":21.14,"p":350000.0,"mot":"U","mo":59898.0},{"cn":"","ui":"","t":3170.0,"r":3165.0,"q":12.68,"p":350000.0,"mot":"L","mo":3165.0}]},{"d":"14.05.2017","r":56243.0,"q":20.76,"p":351778.0,"s":[{"cn":"CREATIVE Трейд","ui":"7121061","t":123938.0,"r":123722.0,"q":22.51,"p":370000.0,"mot":"L","mo":5000.0},{"cn":"IvanM1980 и компания","ui":"7040052","t":55898.0,"r":47896.0,"q":21.14,"p":350000.0,"mot":"U","mo":47896.0},{"cn":"lunt Финанс","ui":"4959791","t":3352.0,"r":3347.0,"q":12.69,"p":350000.0,"mot":"U","mo":3347.0},{"cn":"","ui":"","t":0.0,"r":0.0,"q":0.0,"p":0.0,"mot":"L","mo":0.0}]},{"d":"15.05.2017","r":48236.0,"q":20.7,"p":352073.14,"s":[{"cn":"CREATIVE Трейд","ui":"7121061","t":123322.0,"r":122706.0,"q":22.51,"p":370000.0,"mot":"L","mo":5000.0},{"cn":"IvanM1980 и компания","ui":"7040052","t":47896.0,"r":39894.0,"q":21.14,"p":350000.0,"mot":"U","mo":39894.0},{"cn":"lunt Финанс","ui":"4959791","t":3347.0,"r":3342.0,"q":12.69,"p":350000.0,"mot":"U","mo":3342.0},{"cn":"","ui":"","t":0.0,"r":0.0,"q":0.0,"p":0.0,"mot":"L","mo":0.0}]},{"d":"16.05.2017","r":49261.0,"q":20.37,"p":352030.0,"s":[{"cn":"CREATIVE Трейд","ui":"7121061","t":123204.0,"r":122588.0,"q":22.52,"p":370000.0,"mot":"L","mo":5000.0},{"cn":"IvanM1980 и компания","ui":"7040052","t":43394.0,"r":38892.0,"q":21.14,"p":350000.0,"mot":"U","mo":38892.0},{"cn":"lunt Финанс","ui":"4959791","t":5374.0,"r":5369.0,"q":12.75,"p":350000.0,"mot":"U","mo":5369.0},{"cn":"","ui":"","t":0.0,"r":0.0,"q":0.0,"p":0.0,"mot":"L","mo":0.0}]},{"d":"17.05.2017","r":55368.0,"q":20.16,"p":351806.1,"s":[{"cn":"CREATIVE Трейд","ui":"7121061","t":127104.0,"r":126488.0,"q":22.59,"p":370000.0,"mot":"L","mo":5000.0},{"cn":"IvanM1980 и компания","ui":"7040052","t":47483.0,"r":42980.0,"q":21.14,"p":350000.0,"mot":"U","mo":42980.0},{"cn":"lunt Финанс","ui":"4959791","t":7393.0,"r":7388.0,"q":12.79,"p":350000.0,"mot":"U","mo":7388.0},{"cn":"","ui":"","t":0.0,"r":0.0,"q":0.0,"p":0.0,"mot":"L","mo":0.0}]},{"d":"18.05.2017","r":52071.0,"q":21.28,"p":351920.45,"s":[{"cn":"CREATIVE Трейд","ui":"7121061","t":130984.0,"r":130368.0,"q":22.64,"p":370000.0,"mot":"L","mo":5000.0},{"cn":"IvanM1980 и компания","ui":"7040052","t":51573.0,"r":47071.0,"q":21.14,"p":350000.0,"mot":"U","mo":47071.0},{"cn":"","ui":"","t":0.0,"r":0.0,"q":0.0,"p":0.0,"mot":"L","mo":0.0}]},{"d":"19.05.2017","r":61660.0,"q":21.7,"p":339107.53,"s":[{"cn":"Пирамидом","ui":"7054470","t":9377.0,"r":5302.0,"q":26.93,"p":215000.0,"mot":"U","mo":5302.0},{"cn":"CREATIVE Трейд","ui":"7121061","t":134994.0,"r":134388.0,"q":22.7,"p":370000.0,"mot":"L","mo":5000.0},{"cn":"IvanM1980 и компания","ui":"7040052","t":55664.0,"r":51162.0,"q":21.14,"p":350000.0,"mot":"U","mo":51162.0},{"cn":"","ui":"","t":262.0,"r":196.0,"q":2.46,"p":65000.0,"mot":"L","mo":196.0}]},{"d":"20.05.2017","r":70899.0,"q":22.12,"p":331142.26,"s":[{"cn":"Пирамидом","ui":"7054470","t":14712.0,"r":10637.0,"q":26.92,"p":215000.0,"mot":"U","mo":10637.0},{"cn":"CREATIVE Трейд","ui":"7121061","t":139003.0,"r":138496.0,"q":22.75,"p":370000.0,"mot":"L","mo":5000.0},{"cn":"IvanM1980 и компания","ui":"7040052","t":59754.0,"r":55252.0,"q":21.14,"p":350000.0,"mot":"U","mo":55252.0},{"cn":"","ui":"","t":1243.0,"r":10.0,"q":18.4,"p":250000.0,"mot":"L","mo":10.0}]},{"d":"21.05.2017","r":64342.0,"q":21.28,"p":351554.19,"s":[{"cn":"CREATIVE Трейд","ui":"7121061","t":143008.0,"r":142501.0,"q":22.81,"p":370000.0,"mot":"L","mo":5000.0},{"cn":"IvanM1980 и компания","ui":"7040052","t":63844.0,"r":59342.0,"q":21.15,"p":350000.0,"mot":"U","mo":59342.0},{"cn":"","ui":"","t":0.0,"r":0.0,"q":0.0,"p":0.0,"mot":"L","mo":0.0}]},{"d":"22.05.2017","r":75432.0,"q":21.25,"p":348674.3,"s":[{"cn":"CREATIVE Трейд","ui":"7121061","t":147010.0,"r":146503.0,"q":22.86,"p":370000.0,"mot":"L","mo":5000.0},{"cn":"IvanM1980 и компания","ui":"7040052","t":68934.0,"r":65432.0,"q":21.15,"p":350000.0,"mot":"U","mo":65432.0},{"cn":"CREATIVE Трейд","ui":"6229543","t":131979.0,"r":131979.0,"q":21.02,"p":310000.0,"mot":"L","mo":5000.0},{"cn":"","ui":"","t":0.0,"r":0.0,"q":0.0,"p":0.0,"mot":"L","mo":0.0}]},{"d":"23.05.2017","r":70522.0,"q":21.27,"p":348582.0,"s":[{"cn":"CREATIVE Трейд","ui":"7121061","t":146008.0,"r":140501.0,"q":22.91,"p":370000.0,"mot":"L","mo":5000.0},{"cn":"IvanM1980 и компания","ui":"7040052","t":69024.0,"r":60522.0,"q":21.16,"p":350000.0,"mot":"U","mo":60522.0},{"cn":"CREATIVE Трейд","ui":"6229543","t":126979.0,"r":121979.0,"q":21.02,"p":310000.0,"mot":"L","mo":5000.0},{"cn":"","ui":"","t":0.0,"r":0.0,"q":0.0,"p":0.0,"mot":"L","mo":0.0}]},{"d":"24.05.2017","r":80612.0,"q":21.27,"p":348759.49,"s":[{"cn":"CREATIVE Трейд","ui":"7121061","t":156351.0,"r":150844.0,"q":23.06,"p":370000.0,"mot":"L","mo":5000.0},{"cn":"IvanM1980 и компания","ui":"7040052","t":74114.0,"r":70612.0,"q":21.16,"p":350000.0,"mot":"U","mo":70612.0},{"cn":"CREATIVE Трейд","ui":"6229543","t":126979.0,"r":124479.0,"q":21.02,"p":310000.0,"mot":"L","mo":5000.0},{"cn":"","ui":"","t":0.0,"r":0.0,"q":0.0,"p":0.0,"mot":"L","mo":0.0}]},{"d":"25.05.2017","r":815880.0,"q":34.74,"p":247373.0,"s":[{"cn":"INCUBUS","ui":"6979848","t":1032790.0,"r":1002290.0,"q":38.62,"p":220000.0,"mot":"L","mo":100000.0},{"cn":"INCUBUS","ui":"7018186","t":1444950.0,"r":1426950.0,"q":37.28,"p":250000.0,"mot":"L","mo":100000.0},{"cn":"INCUBUS","ui":"7018209","t":934208.0,"r":904108.0,"q":33.8,"p":250000.0,"mot":"L","mo":100000.0},{"cn":"INCUBUS","ui":"7061062","t":788250.0,"r":762250.0,"q":35.33,"p":220000.0,"mot":"L","mo":100000.0},{"cn":"INCUBUS","ui":"7008127","t":655200.0,"r":616700.0,"q":38.76,"p":270000.0,"mot":"L","mo":100000.0},{"cn":"IvanM1980 и компания","ui":"7040052","t":79204.0,"r":75702.0,"q":21.17,"p":350000.0,"mot":"U","mo":75702.0},{"cn":"INCUBUS","ui":"6977783","t":241011.0,"r":227011.0,"q":35.65,"p":220008.0,"mot":"U","mo":227011.0},{"cn":"","ui":"","t":279525.0,"r":13167.0,"q":20.65,"p":333162.45,"mot":"L","mo":13167.0}]},{"d":"26.05.2017","r":901390.0,"q":34.28,"p":247438.88,"s":[{"cn":"INCUBUS","ui":"6979848","t":1063820.0,"r":993320.0,"q":38.59,"p":220000.0,"mot":"L","mo":100000.0},{"cn":"INCUBUS","ui":"7018186","t":1522400.0,"r":1504400.0,"q":37.3,"p":250000.0,"mot":"L","mo":100000.0},{"cn":"INCUBUS","ui":"7008127","t":693420.0,"r":654920.0,"q":38.76,"p":270000.0,"mot":"L","mo":100000.0},{"cn":"IvanM1980 и компания","ui":"7040052","t":87794.0,"r":87792.0,"q":21.18,"p":350000.0,"mot":"U","mo":87792.0},{"cn":"INCUBUS","ui":"7061062","t":811010.0,"r":780010.0,"q":35.32,"p":220000.0,"mot":"L","mo":100000.0},{"cn":"INCUBUS","ui":"7018209","t":978462.0,"r":948362.0,"q":33.82,"p":250000.0,"mot":"L","mo":100000.0},{"cn":"INCUBUS","ui":"6977783","t":286376.0,"r":272376.0,"q":35.65,"p":220008.0,"mot":"U","mo":272376.0},{"cn":"","ui":"","t":317147.0,"r":41222.0,"q":23.13,"p":276231.87,"mot":"L","mo":41222.0}]},{"d":"27.05.2017","r":971286.0,"q":34.06,"p":247015.28,"s":[{"cn":"INCUBUS","ui":"6979848","t":1069350.0,"r":973350.0,"q":38.56,"p":220000.0,"mot":"L","mo":100000.0},{"cn":"INCUBUS","ui":"7018186","t":1599800.0,"r":1581800.0,"q":37.32,"p":250000.0,"mot":"L","mo":100000.0},{"cn":"INCUBUS","ui":"7008127","t":731600.0,"r":693100.0,"q":38.77,"p":270000.0,"mot":"L","mo":100000.0},{"cn":"IvanM1980 и компания","ui":"7040052","t":96384.0,"r":96382.0,"q":21.19,"p":350000.0,"mot":"U","mo":96382.0},{"cn":"INCUBUS","ui":"7061062","t":795698.0,"r":726686.0,"q":35.31,"p":220000.0,"mot":"L","mo":100000.0},{"cn":"INCUBUS","ui":"7018209","t":1021764.0,"r":991664.0,"q":33.82,"p":250000.0,"mot":"L","mo":100000.0},{"cn":"INCUBUS","ui":"6977783","t":331741.0,"r":317741.0,"q":35.66,"p":220008.0,"mot":"U","mo":317741.0},{"cn":"","ui":"","t":338382.0,"r":57163.0,"q":23.21,"p":267362.19,"mot":"L","mo":57163.0}]},{"d":"28.05.2017","r":1040871.0,"q":33.86,"p":246519.53,"s":[{"cn":"INCUBUS","ui":"6979848","t":1064870.0,"r":958860.0,"q":38.54,"p":220000.0,"mot":"L","mo":100000.0},{"cn":"INCUBUS","ui":"7018186","t":1677150.0,"r":1659150.0,"q":37.33,"p":250000.0,"mot":"L","mo":100000.0},{"cn":"INCUBUS","ui":"7008127","t":769780.0,"r":731280.0,"q":38.77,"p":270000.0,"mot":"L","mo":100000.0},{"cn":"IvanM1980 и компания","ui":"7040052","t":104974.0,"r":104972.0,"q":21.2,"p":350000.0,"mot":"U","mo":104972.0},{"cn":"INCUBUS","ui":"7018209","t":1064238.0,"r":1034138.0,"q":33.82,"p":250000.0,"mot":"L","mo":100000.0},{"cn":"INCUBUS","ui":"7061062","t":796326.0,"r":743314.0,"q":35.3,"p":220000.0,"mot":"L","mo":100000.0},{"cn":"INCUBUS","ui":"6977783","t":377106.0,"r":363106.0,"q":35.66,"p":220008.0,"mot":"U","mo":363106.0},{"cn":"","ui":"","t":359508.0,"r":72793.0,"q":23.25,"p":260582.75,"mot":"L","mo":72793.0}]},{"d":"29.05.2017","r":1110968.0,"q":33.68,"p":246255.79,"s":[{"cn":"INCUBUS","ui":"6979848","t":953390.0,"r":740380.0,"q":38.51,"p":220000.0,"mot":"L","mo":100000.0},{"cn":"INCUBUS","ui":"7018186","t":1754450.0,"r":1736450.0,"q":37.35,"p":250000.0,"mot":"L","mo":100000.0},{"cn":"INCUBUS","ui":"7008127","t":807960.0,"r":769460.0,"q":38.77,"p":270000.0,"mot":"L","mo":100000.0},{"cn":"IvanM1980 и компания","ui":"7040052","t":113564.0,"r":113562.0,"q":21.2,"p":350000.0,"mot":"U","mo":113562.0},{"cn":"INCUBUS","ui":"7061062","t":786626.0,"r":723614.0,"q":35.29,"p":220000.0,"mot":"L","mo":100000.0},{"cn":"INCUBUS","ui":"7018209","t":1105807.0,"r":1075707.0,"q":33.8,"p":250000.0,"mot":"L","mo":100000.0},{"cn":"INCUBUS","ui":"6977783","t":422440.0,"r":408440.0,"q":35.66,"p":220008.0,"mot":"U","mo":408440.0},{"cn":"","ui":"","t":381170.0,"r":88966.0,"q":23.3,"p":258250.74,"mot":"L","mo":88966.0}]},{"d":"30.05.2017","r":1182880.0,"q":33.5,"p":245386.6,"s":[{"cn":"INCUBUS","ui":"6979848","t":856915.0,"r":658910.0,"q":38.48,"p":220000.0,"mot":"L","mo":100000.0},{"cn":"INCUBUS","ui":"7018186","t":1831700.0,"r":1813700.0,"q":37.3,"p":250000.0,"mot":"L","mo":100000.0},{"cn":"INCUBUS","ui":"7008127","t":846140.0,"r":807640.0,"q":38.78,"p":270000.0,"mot":"L","mo":100000.0},{"cn":"IvanM1980 и компания","ui":"7040052","t":122154.0,"r":122152.0,"q":21.21,"p":350000.0,"mot":"U","mo":122152.0},{"cn":"INCUBUS","ui":"7018209","t":1146580.0,"r":1116480.0,"q":33.78,"p":250000.0,"mot":"L","mo":100000.0},{"cn":"INCUBUS","ui":"7061062","t":775361.0,"r":711354.0,"q":35.27,"p":220000.0,"mot":"L","mo":100000.0},{"cn":"INCUBUS","ui":"6977783","t":467774.0,"r":453774.0,"q":35.66,"p":220008.0,"mot":"U","mo":453774.0},{"cn":"","ui":"","t":412650.0,"r":106954.0,"q":23.27,"p":249413.66,"mot":"L","mo":106954.0}]},{"d":"31.05.2017","r":1242536.0,"q":33.31,"p":245101.29,"s":[{"cn":"INCUBUS","ui":"6979848","t":749285.0,"r":540180.0,"q":38.46,"p":220000.0,"mot":"L","mo":100000.0},{"cn":"INCUBUS","ui":"7018186","t":1908900.0,"r":1890900.0,"q":37.26,"p":250000.0,"mot":"L","mo":100000.0},{"cn":"INCUBUS","ui":"7008127","t":884270.0,"r":845760.0,"q":38.78,"p":270000.0,"mot":"L","mo":100000.0},{"cn":"IvanM1980 и компания","ui":"7040052","t":130744.0,"r":130742.0,"q":21.22,"p":350000.0,"mot":"U","mo":130742.0},{"cn":"INCUBUS","ui":"7018209","t":1186438.0,"r":1156338.0,"q":33.76,"p":250000.0,"mot":"L","mo":100000.0},{"cn":"INCUBUS","ui":"7061062","t":769556.0,"r":711549.0,"q":35.24,"p":220000.0,"mot":"L","mo":100000.0},{"cn":"INCUBUS","ui":"6977783","t":500955.0,"r":486955.0,"q":35.66,"p":220008.0,"mot":"U","mo":486955.0},{"cn":"","ui":"","t":435054.0,"r":124839.0,"q":23.25,"p":245544.09,"mot":"L","mo":124839.0}]},{"d":"01.06.2017","r":1275729.0,"q":33.16,"p":245829.3,"s":[{"cn":"INCUBUS","ui":"6979848","t":735181.0,"r":621076.0,"q":38.43,"p":220000.0,"mot":"L","mo":100000.0},{"cn":"INCUBUS","ui":"7018186","t":1986050.0,"r":1968050.0,"q":37.22,"p":250000.0,"mot":"L","mo":100000.0},{"cn":"INCUBUS","ui":"7008127","t":922400.0,"r":883890.0,"q":38.78,"p":270000.0,"mot":"L","mo":100000.0},{"cn":"IvanM1980 и компания","ui":"7040052","t":139334.0,"r":139332.0,"q":21.23,"p":350000.0,"mot":"U","mo":139332.0},{"cn":"INCUBUS","ui":"7018209","t":1225532.0,"r":1195432.0,"q":33.73,"p":250000.0,"mot":"L","mo":100000.0},{"cn":"INCUBUS","ui":"7061062","t":761211.0,"r":701204.0,"q":35.21,"p":220000.0,"mot":"L","mo":100000.0},{"cn":"INCUBUS","ui":"6977783","t":513910.0,"r":499910.0,"q":35.66,"p":220008.0,"mot":"U","mo":499910.0},{"cn":"","ui":"","t":443814.0,"r":136487.0,"q":23.34,"p":248090.82,"mot":"L","mo":136487.0}]},{"d":"02.06.2017","r":1293572.0,"q":32.94,"p":246551.84,"s":[{"cn":"INCUBUS","ui":"6979848","t":708998.0,"r":584893.0,"q":38.41,"p":220000.0,"mot":"L","mo":100000.0},{"cn":"INCUBUS","ui":"7018186","t":2063150.0,"r":2045150.0,"q":37.19,"p":250000.0,"mot":"L","mo":100000.0},{"cn":"INCUBUS","ui":"7008127","t":960530.0,"r":922020.0,"q":38.78,"p":270000.0,"mot":"L","mo":100000.0},{"cn":"IvanM1980 и компания","ui":"7040052","t":147924.0,"r":147922.0,"q":21.24,"p":350000.0,"mot":"U","mo":147922.0},{"cn":"INCUBUS","ui":"7018209","t":1263697.0,"r":1233597.0,"q":33.69,"p":250000.0,"mot":"L","mo":100000.0},{"cn":"INCUBUS","ui":"7061062","t":752356.0,"r":692349.0,"q":35.17,"p":220000.0,"mot":"L","mo":100000.0},{"cn":"INCUBUS","ui":"6977783","t":507558.0,"r":493558.0,"q":35.66,"p":220008.0,"mot":"U","mo":493558.0},{"cn":"","ui":"","t":464508.0,"r":152092.0,"q":23.3,"p":247042.24,"mot":"L","mo":152092.0}]},{"d":"03.06.2017","r":1306829.0,"q":32.72,"p":247399.82,"s":[{"cn":"INCUBUS","ui":"6979848","t":692678.0,"r":578573.0,"q":38.39,"p":220000.0,"mot":"L","mo":100000.0},{"cn":"INCUBUS","ui":"7018186","t":2140250.0,"r":2122250.0,"q":37.15,"p":250000.0,"mot":"L","mo":100000.0},{"cn":"INCUBUS","ui":"7008127","t":998667.0,"r":960164.0,"q":38.78,"p":270000.0,"mot":"L","mo":100000.0},{"cn":"IvanM1980 и компания","ui":"7040052","t":156514.0,"r":156512.0,"q":21.25,"p":350000.0,"mot":"U","mo":156512.0},{"cn":"INCUBUS","ui":"7061062","t":753171.0,"r":703164.0,"q":35.12,"p":220000.0,"mot":"L","mo":100000.0},{"cn":"INCUBUS","ui":"7018209","t":1301180.0,"r":1271080.0,"q":33.65,"p":250000.0,"mot":"L","mo":100000.0},{"cn":"INCUBUS","ui":"6977783","t":497490.0,"r":483490.0,"q":35.66,"p":220008.0,"mot":"U","mo":483490.0},{"cn":"","ui":"","t":484431.0,"r":166827.0,"q":23.24,"p":246713.0,"mot":"L","mo":166827.0}]},{"d":"04.06.2017","r":1314703.0,"q":32.59,"p":247558.27,"s":[{"cn":"INCUBUS","ui":"6979848","t":692676.0,"r":604421.0,"q":38.37,"p":220000.0,"mot":"L","mo":100000.0},{"cn":"INCUBUS","ui":"7018186","t":2217250.0,"r":2208250.0,"q":37.11,"p":250000.0,"mot":"L","mo":100000.0},{"cn":"INCUBUS","ui":"7008127","t":1036764.0,"r":1007261.0,"q":38.79,"p":270000.0,"mot":"L","mo":100000.0},{"cn":"IvanM1980 и компания","ui":"7040052","t":156512.0,"r":156510.0,"q":21.25,"p":350000.0,"mot":"U","mo":156510.0},{"cn":"INCUBUS","ui":"7018209","t":1329567.0,"r":1308467.0,"q":33.62,"p":250000.0,"mot":"L","mo":100000.0},{"cn":"INCUBUS","ui":"7061062","t":770416.0,"r":746409.0,"q":35.07,"p":220000.0,"mot":"L","mo":100000.0},{"cn":"INCUBUS","ui":"6977783","t":483806.0,"r":478806.0,"q":35.66,"p":220008.0,"mot":"U","mo":478806.0},{"cn":"","ui":"","t":502596.0,"r":179387.0,"q":23.16,"p":247208.29,"mot":"L","mo":179387.0}]},{"d":"05.06.2017","r":1323858.0,"q":32.46,"p":247649.08,"s":[{"cn":"INCUBUS","ui":"6979848","t":701236.0,"r":613131.0,"q":38.35,"p":220000.0,"mot":"L","mo":100000.0},{"cn":"INCUBUS","ui":"7018186","t":2303200.0,"r":2294200.0,"q":37.08,"p":250000.0,"mot":"L","mo":100000.0},{"cn":"INCUBUS","ui":"7008127","t":1083861.0,"r":1054358.0,"q":38.79,"p":270000.0,"mot":"L","mo":100000.0},{"cn":"IvanM1980 и компания","ui":"7040052","t":156510.0,"r":156508.0,"q":21.25,"p":350000.0,"mot":"U","mo":156508.0},{"cn":"INCUBUS","ui":"7061062","t":796121.0,"r":772114.0,"q":35.02,"p":220000.0,"mot":"L","mo":100000.0},{"cn":"INCUBUS","ui":"7018209","t":1334977.0,"r":1313877.0,"q":33.6,"p":250000.0,"mot":"L","mo":100000.0},{"cn":"INCUBUS","ui":"6977783","t":478806.0,"r":473806.0,"q":35.66,"p":220008.0,"mot":"U","mo":473806.0},{"cn":"","ui":"","t":521343.0,"r":193544.0,"q":23.1,"p":247144.34,"mot":"L","mo":193544.0}]},{"d":"06.06.2017","r":1315018.0,"q":32.47,"p":247049.57,"s":[{"cn":"INCUBUS","ui":"6979848","t":702934.0,"r":607834.0,"q":38.33,"p":220000.0,"mot":"L","mo":100000.0},{"cn":"INCUBUS","ui":"7018186","t":2389100.0,"r":2380100.0,"q":37.05,"p":250000.0,"mot":"L","mo":100000.0},{"cn":"INCUBUS","ui":"7008127","t":1130958.0,"r":1101455.0,"q":38.79,"p":270000.0,"mot":"L","mo":100000.0},{"cn":"IvanM1980 и компания","ui":"7040052","t":156508.0,"r":156506.0,"q":21.25,"p":350000.0,"mot":"U","mo":156506.0},{"cn":"INCUBUS","ui":"7018209","t":1333490.0,"r":1312390.0,"q":33.58,"p":250000.0,"mot":"L","mo":100000.0},{"cn":"Пирамидом","ui":"7054470","t":72181.0,"r":68066.0,"q":26.91,"p":190000.0,"mot":"U","mo":68066.0},{"cn":"INCUBUS","ui":"7061062","t":821346.0,"r":797339.0,"q":34.96,"p":220000.0,"mot":"L","mo":100000.0},{"cn":"INCUBUS","ui":"6977783","t":473806.0,"r":468806.0,"q":35.66,"p":220008.0,"mot":"U","mo":468806.0},{"cn":"","ui":"","t":450213.0,"r":121640.0,"q":20.98,"p":271489.01,"mot":"L","mo":121640.0}]},{"d":"07.06.2017","r":1322951.0,"q":32.34,"p":247618.89,"s":[{"cn":"INCUBUS","ui":"6979848","t":712223.0,"r":624723.0,"q":38.31,"p":220000.0,"mot":"L","mo":100000.0},{"cn":"INCUBUS","ui":"7018186","t":2475000.0,"r":2466000.0,"q":37.02,"p":250000.0,"mot":"L","mo":100000.0},{"cn":"INCUBUS","ui":"7008127","t":1178055.0,"r":1148552.0,"q":38.79,"p":270000.0,"mot":"L","mo":100000.0},{"cn":"IvanM1980 и компания","ui":"7040052","t":156506.0,"r":156504.0,"q":21.25,"p":350000.0,"mot":"U","mo":156504.0},{"cn":"INCUBUS","ui":"7018209","t":1322108.0,"r":1301008.0,"q":33.57,"p":250000.0,"mot":"L","mo":100000.0},{"cn":"INCUBUS","ui":"7061062","t":856091.0,"r":842084.0,"q":34.91,"p":220000.0,"mot":"L","mo":100000.0},{"cn":"Пирамидом","ui":"7054470","t":75518.0,"r":71393.0,"q":26.91,"p":190000.0,"mot":"U","mo":71393.0},{"cn":"INCUBUS","ui":"6977783","t":468806.0,"r":463806.0,"q":35.66,"p":220008.0,"mot":"U","mo":463806.0},{"cn":"","ui":"","t":465809.0,"r":131248.0,"q":20.89,"p":275856.07,"mot":"L","mo":131248.0}]},{"d":"08.06.2017","r":1327042.0,"q":32.27,"p":247254.44,"s":[{"cn":"INCUBUS","ui":"6979848","t":712101.0,"r":615241.0,"q":38.29,"p":220000.0,"mot":"L","mo":100000.0},{"cn":"INCUBUS","ui":"7018186","t":2560710.0,"r":2551710.0,"q":37.0,"p":250000.0,"mot":"L","mo":100000.0},{"cn":"INCUBUS","ui":"7008127","t":1225152.0,"r":1195649.0,"q":38.79,"p":270000.0,"mot":"L","mo":100000.0},{"cn":"IvanM1980 и компания","ui":"7040052","t":156504.0,"r":156502.0,"q":21.25,"p":350000.0,"mot":"U","mo":156502.0},{"cn":"Пирамидом","ui":"7054470","t":78837.0,"r":74702.0,"q":26.9,"p":190000.0,"mot":"U","mo":74702.0},{"cn":"INCUBUS","ui":"7061062","t":890356.0,"r":876349.0,"q":34.85,"p":220000.0,"mot":"L","mo":100000.0},{"cn":"INCUBUS","ui":"7018209","t":1309857.0,"r":1288757.0,"q":33.56,"p":250000.0,"mot":"L","mo":100000.0},{"cn":"INCUBUS","ui":"6977783","t":463806.0,"r":458796.0,"q":35.66,"p":220008.0,"mot":"U","mo":458796.0},{"cn":"","ui":"","t":476691.0,"r":137042.0,"q":20.98,"p":271516.45,"mot":"L","mo":137042.0}]},{"d":"09.06.2017","r":1322297.0,"q":32.18,"p":247642.51,"s":[{"cn":"INCUBUS","ui":"6979848","t":715311.0,"r":621801.0,"q":38.27,"p":220000.0,"mot":"L","mo":100000.0},{"cn":"INCUBUS","ui":"7018186","t":2646250.0,"r":2637250.0,"q":36.97,"p":250000.0,"mot":"L","mo":100000.0},{"cn":"INCUBUS","ui":"7008127","t":1272249.0,"r":1242746.0,"q":38.78,"p":270000.0,"mot":"L","mo":100000.0},{"cn":"IvanM1980 и компания","ui":"7040052","t":156502.0,"r":156500.0,"q":21.25,"p":350000.0,"mot":"U","mo":156500.0},{"cn":"Пирамидом","ui":"7054470","t":78136.0,"r":73001.0,"q":26.89,"p":190000.0,"mot":"U","mo":73001.0},{"cn":"INCUBUS","ui":"7061062","t":924141.0,"r":910134.0,"q":34.79,"p":220000.0,"mot":"L","mo":100000.0},{"cn":"INCUBUS","ui":"7018209","t":1292681.0,"r":1271581.0,"q":33.56,"p":250000.0,"mot":"L","mo":100000.0},{"cn":"INCUBUS","ui":"6977783","t":453796.0,"r":448786.0,"q":35.66,"p":220008.0,"mot":"U","mo":448786.0},{"cn":"","ui":"","t":488683.0,"r":144010.0,"q":21.02,"p":271337.08,"mot":"L","mo":144010.0}]},{"d":"10.06.2017","r":1272044.0,"q":32.33,"p":250162.83,"s":[{"cn":"INCUBUS","ui":"6979848","t":729268.0,"r":646614.0,"q":38.26,"p":220000.0,"mot":"L","mo":100000.0},{"cn":"INCUBUS","ui":"7018186","t":2731610.0,"r":2722610.0,"q":36.95,"p":250000.0,"mot":"L","mo":100000.0},{"cn":"INCUBUS","ui":"7008127","t":1319346.0,"r":1289843.0,"q":38.78,"p":270000.0,"mot":"L","mo":100000.0},{"cn":"IvanM1980 и компания","ui":"7040052","t":156500.0,"r":156498.0,"q":21.25,"p":350000.0,"mot":"U","mo":156498.0},{"cn":"INCUBUS","ui":"7018209","t":1274707.0,"r":1253607.0,"q":33.56,"p":250000.0,"mot":"L","mo":100000.0},{"cn":"INCUBUS","ui":"7061062","t":964536.0,"r":957529.0,"q":34.73,"p":220000.0,"mot":"L","mo":100000.0},{"cn":"INCUBUS","ui":"6977783","t":448786.0,"r":443776.0,"q":35.66,"p":220008.0,"mot":"U","mo":443776.0},{"cn":"","ui":"","t":554788.0,"r":171770.0,"q":21.8,"p":260869.55,"mot":"L","mo":171770.0}]},{"d":"11.06.2017","r":1251340.0,"q":32.36,"p":251275.01,"s":[{"cn":"INCUBUS","ui":"6979848","t":743240.0,"r":660516.0,"q":38.24,"p":220000.0,"mot":"L","mo":100000.0},{"cn":"INCUBUS","ui":"7018186","t":2816820.0,"r":2807820.0,"q":36.92,"p":250000.0,"mot":"L","mo":100000.0},{"cn":"INCUBUS","ui":"7008127","t":1366446.0,"r":1336943.0,"q":38.78,"p":270000.0,"mot":"L","mo":100000.0},{"cn":"IvanM1980 и компания","ui":"7040052","t":156498.0,"r":156496.0,"q":21.25,"p":350000.0,"mot":"U","mo":156496.0},{"cn":"INCUBUS","ui":"7018209","t":1256693.0,"r":1235593.0,"q":33.55,"p":250000.0,"mot":"L","mo":100000.0},{"cn":"INCUBUS","ui":"7061062","t":1004481.0,"r":997474.0,"q":34.66,"p":220000.0,"mot":"L","mo":100000.0},{"cn":"INCUBUS","ui":"6977783","t":443766.0,"r":438746.0,"q":35.66,"p":220008.0,"mot":"U","mo":438746.0},{"cn":"","ui":"","t":512714.0,"r":156098.0,"q":21.15,"p":269889.68,"mot":"L","mo":156098.0}]},{"d":"12.06.2017","r":1252181.0,"q":32.29,"p":251454.01,"s":[{"cn":"INCUBUS","ui":"6979848","t":756994.0,"r":673871.0,"q":38.22,"p":220000.0,"mot":"L","mo":100000.0},{"cn":"INCUBUS","ui":"7018186","t":2901830.0,"r":2892830.0,"q":36.9,"p":250000.0,"mot":"L","mo":100000.0},{"cn":"INCUBUS","ui":"7008127","t":1413506.0,"r":1384003.0,"q":38.78,"p":270000.0,"mot":"L","mo":100000.0},{"cn":"IvanM1980 и компания","ui":"7040052","t":156496.0,"r":156494.0,"q":21.25,"p":350000.0,"mot":"U","mo":156494.0},{"cn":"INCUBUS","ui":"7018209","t":1237442.0,"r":1216342.0,"q":33.55,"p":250000.0,"mot":"L","mo":100000.0},{"cn":"INCUBUS","ui":"7061062","t":1043856.0,"r":1021849.0,"q":34.6,"p":220000.0,"mot":"L","mo":100000.0},{"cn":"INCUBUS","ui":"6977783","t":438746.0,"r":433726.0,"q":35.66,"p":220008.0,"mot":"U","mo":433726.0},{"cn":"","ui":"","t":523877.0,"r":161961.0,"q":21.21,"p":269631.83,"mot":"L","mo":161961.0}]},{"d":"13.06.2017","r":1253157.0,"q":32.22,"p":251618.06,"s":[{"cn":"INCUBUS","ui":"6979848","t":770816.0,"r":687798.0,"q":38.21,"p":220000.0,"mot":"L","mo":100000.0},{"cn":"INCUBUS","ui":"7018186","t":2986670.0,"r":2977670.0,"q":36.87,"p":250000.0,"mot":"L","mo":100000.0},{"cn":"INCUBUS","ui":"7008127","t":1460566.0,"r":1431063.0,"q":38.78,"p":270000.0,"mot":"L","mo":100000.0},{"cn":"IvanM1980 и компания","ui":"7040052","t":156494.0,"r":156492.0,"q":21.25,"p":350000.0,"mot":"U","mo":156492.0},{"cn":"INCUBUS","ui":"7061062","t":1067841.0,"r":1045834.0,"q":34.54,"p":220000.0,"mot":"L","mo":100000.0},{"cn":"INCUBUS","ui":"7018209","t":1217847.0,"r":1196747.0,"q":33.55,"p":250000.0,"mot":"L","mo":100000.0},{"cn":"INCUBUS","ui":"6977783","t":433726.0,"r":428706.0,"q":35.66,"p":220008.0,"mot":"U","mo":428706.0},{"cn":"","ui":"","t":535004.0,"r":167959.0,"q":21.26,"p":269267.96,"mot":"L","mo":167959.0}]},{"d":"14.06.2017","r":1237584.0,"q":32.31,"p":252595.82,"s":[{"cn":"INCUBUS","ui":"6979848","t":784467.0,"r":701448.0,"q":38.2,"p":220000.0,"mot":"L","mo":100000.0},{"cn":"INCUBUS","ui":"7018186","t":3071328.0,"r":3062326.0,"q":36.85,"p":250000.0,"mot":"L","mo":100000.0},{"cn":"INCUBUS","ui":"7008127","t":1507626.0,"r":1478123.0,"q":38.78,"p":270000.0,"mot":"L","mo":100000.0},{"cn":"IvanM1980 и компания","ui":"7040052","t":156492.0,"r":156490.0,"q":21.25,"p":350000.0,"mot":"U","mo":156490.0},{"cn":"INCUBUS","ui":"7061062","t":1091370.0,"r":1084357.0,"q":34.47,"p":220000.0,"mot":"L","mo":100000.0},{"cn":"INCUBUS","ui":"7018209","t":1198236.0,"r":1177136.0,"q":33.54,"p":250000.0,"mot":"L","mo":100000.0},{"cn":"INCUBUS","ui":"6977783","t":428706.0,"r":423686.0,"q":35.66,"p":220008.0,"mot":"U","mo":423686.0},{"cn":"","ui":"","t":530009.0,"r":157408.0,"q":21.41,"p":277131.63,"mot":"L","mo":157408.0}]},{"d":"15.06.2017","r":1238539.0,"q":32.23,"p":253320.47,"s":[{"cn":"INCUBUS","ui":"6979848","t":798308.0,"r":715488.0,"q":38.18,"p":220000.0,"mot":"L","mo":100000.0},{"cn":"INCUBUS","ui":"7018186","t":3155816.0,"r":3146814.0,"q":36.83,"p":250000.0,"mot":"L","mo":100000.0},{"cn":"INCUBUS","ui":"7008127","t":1554683.0,"r":1525180.0,"q":38.77,"p":270000.0,"mot":"L","mo":100000.0},{"cn":"IvanM1980 и компания","ui":"7040052","t":156490.0,"r":156488.0,"q":21.25,"p":350000.0,"mot":"U","mo":156488.0},{"cn":"INCUBUS","ui":"7061062","t":1029449.0,"r":922438.0,"q":34.4,"p":220000.0,"mot":"L","mo":100000.0},{"cn":"INCUBUS","ui":"7018209","t":1178605.0,"r":1157505.0,"q":33.54,"p":250000.0,"mot":"L","mo":100000.0},{"cn":"INCUBUS","ui":"6977783","t":423696.0,"r":418686.0,"q":35.66,"p":220008.0,"mot":"U","mo":418686.0},{"cn":"","ui":"","t":541118.0,"r":163365.0,"q":21.4,"p":280734.66,"mot":"L","mo":163365.0}]}]