[{"mi":"15751","s":"Улучшенный комбикорм","pi":"15746","v":718343,"q":42.09,"c":7.42,"tl":13.0,"ir":[{"cn":"Parex","pi":"1487","ui":"3626708","t":32269574,"r":31519432,"q":17.73,"p":0.25,"mot":"U","mo":0.0},{"cn":"Luna","pi":"15745","ui":"3282831","t":8313402661,"r":8312730249,"q":17.2,"p":0.15,"mot":"U","mo":0.0},{"cn":"Parex","pi":"15744","ui":"3625941","t":550000,"r":144908,"q":20.42,"p":0.3,"mot":"U","mo":0.0},{"cn":"Maxi-Co LTD","pi":"1492","ui":"3459282","t":2764553676,"r":2732539416,"q":15.14,"p":0.5,"mot":"U","mo":0.0},{"cn":"Parex","pi":"1489","ui":"3627503","t":130226764,"r":124405747,"q":74.21,"p":2.0,"mot":"U","mo":0.0}],"mwc":5000,"ctm":false},{"mi":"15751","s":"Улучшенный комбикорм","pi":"15746","v":718343,"q":42.09,"c":7.45,"tl":13.0,"ir":[{"cn":"DukeLeto Invest","pi":"1487","ui":"3573775","t":207739155,"r":206902915,"q":11.73,"p":0.32,"mot":"U","mo":0.0},{"cn":"Luna","pi":"15745","ui":"3282831","t":8313402661,"r":8312730249,"q":17.2,"p":0.15,"mot":"U","mo":0.0},{"cn":"Parex","pi":"15744","ui":"3625941","t":550000,"r":144908,"q":20.42,"p":0.3,"mot":"U","mo":0.0},{"cn":"Maxi-Co LTD","pi":"1492","ui":"3459282","t":2764553676,"r":2732539416,"q":15.14,"p":0.5,"mot":"U","mo":0.0},{"cn":"Parex","pi":"1489","ui":"3627503","t":130226764,"r":124405747,"q":74.21,"p":2.0,"mot":"U","mo":0.0}],"mwc":5000,"ctm":false},{"mi":"15751","s":"Улучшенный комбикорм","pi":"15746","v":718343,"q":42.09,"c":7.59,"tl":13.0,"ir":[{"cn":"Luna","pi":"1487","ui":"3445011","t":671166732,"r":671166732,"q":12.56,"p":0.6,"mot":"U","mo":0.0},{"cn":"Luna","pi":"15745","ui":"3282831","t":8313402661,"r":8312730249,"q":17.2,"p":0.15,"mot":"U","mo":0.0},{"cn":"Parex","pi":"15744","ui":"3625941","t":550000,"r":144908,"q":20.42,"p":0.3,"mot":"U","mo":0.0},{"cn":"Maxi-Co LTD","pi":"1492","ui":"3459282","t":2764553676,"r":2732539416,"q":15.14,"p":0.5,"mot":"U","mo":0.0},{"cn":"Parex","pi":"1489","ui":"3627503","t":130226764,"r":124405747,"q":74.21,"p":2.0,"mot":"U","mo":0.0}],"mwc":5000,"ctm":false},{"mi":"15751","s":"Улучшенный комбикорм","pi":"15746","v":754260,"q":46.35,"c":7.2,"tl":14.0,"ir":[{"cn":"Parex","pi":"1487","ui":"3626708","t":32269574,"r":31519432,"q":17.73,"p":0.25,"mot":"U","mo":0.0},{"cn":"Luna","pi":"15745","ui":"3282831","t":8313402661,"r":8312730249,"q":17.2,"p":0.15,"mot":"U","mo":0.0},{"cn":"Parex","pi":"15744","ui":"3625941","t":550000,"r":144908,"q":20.42,"p":0.3,"mot":"U","mo":0.0},{"cn":"Maxi-Co LTD","pi":"1492","ui":"3459282","t":2764553676,"r":2732539416,"q":15.14,"p":0.5,"mot":"U","mo":0.0},{"cn":"Parex","pi":"1489","ui":"3627503","t":130226764,"r":124405747,"q":74.21,"p":2.0,"mot":"U","mo":0.0}],"mwc":5000,"ctm":false},{"mi":"15751","s":"Улучшенный комбикорм","pi":"15746","v":754260,"q":46.35,"c":7.24,"tl":14.0,"ir":[{"cn":"DukeLeto Invest","pi":"1487","ui":"3573775","t":207739155,"r":206902915,"q":11.73,"p":0.32,"mot":"U","mo":0.0},{"cn":"Luna","pi":"15745","ui":"3282831","t":8313402661,"r":8312730249,"q":17.2,"p":0.15,"mot":"U","mo":0.0},{"cn":"Parex","pi":"15744","ui":"3625941","t":550000,"r":144908,"q":20.42,"p":0.3,"mot":"U","mo":0.0},{"cn":"Maxi-Co LTD","pi":"1492","ui":"3459282","t":2764553676,"r":2732539416,"q":15.14,"p":0.5,"mot":"U","mo":0.0},{"cn":"Parex","pi":"1489","ui":"3627503","t":130226764,"r":124405747,"q":74.21,"p":2.0,"mot":"U","mo":0.0}],"mwc":5000,"ctm":false},{"mi":"15751","s":"Улучшенный комбикорм","pi":"15746","v":754260,"q":46.35,"c":7.38,"tl":14.0,"ir":[{"cn":"Luna","pi":"1487","ui":"3445011","t":671166732,"r":671166732,"q":12.56,"p":0.6,"mot":"U","mo":0.0},{"cn":"Luna","pi":"15745","ui":"3282831","t":8313402661,"r":8312730249,"q":17.2,"p":0.15,"mot":"U","mo":0.0},{"cn":"Parex","pi":"15744","ui":"3625941","t":550000,"r":144908,"q":20.42,"p":0.3,"mot":"U","mo":0.0},{"cn":"Maxi-Co LTD","pi":"1492","ui":"3459282","t":2764553676,"r":2732539416,"q":15.14,"p":0.5,"mot":"U","mo":0.0},{"cn":"Parex","pi":"1489","ui":"3627503","t":130226764,"r":124405747,"q":74.21,"p":2.0,"mot":"U","mo":0.0}],"mwc":5000,"ctm":false},{"mi":"15751","s":"Улучшенный комбикорм","pi":"15746","v":791973,"q":49.38,"c":6.99,"tl":15.0,"ir":[{"cn":"Parex","pi":"1487","ui":"3626708","t":32269574,"r":31519432,"q":17.73,"p":0.25,"mot":"U","mo":0.0},{"cn":"Luna","pi":"15745","ui":"3282831","t":8313402661,"r":8312730249,"q":17.2,"p":0.15,"mot":"U","mo":0.0},{"cn":"Parex","pi":"15744","ui":"3625941","t":550000,"r":144908,"q":20.42,"p":0.3,"mot":"U","mo":0.0},{"cn":"Maxi-Co LTD","pi":"1492","ui":"3459282","t":2764553676,"r":2732539416,"q":15.14,"p":0.5,"mot":"U","mo":0.0},{"cn":"Parex","pi":"1489","ui":"3627503","t":130226764,"r":124405747,"q":74.21,"p":2.0,"mot":"U","mo":0.0}],"mwc":5000,"ctm":false},{"mi":"15751","s":"Улучшенный комбикорм","pi":"15746","v":791973,"q":48.8,"c":7.03,"tl":15.0,"ir":[{"cn":"DukeLeto Invest","pi":"1487","ui":"3573775","t":207739155,"r":206902915,"q":11.73,"p":0.32,"mot":"U","mo":0.0},{"cn":"Luna","pi":"15745","ui":"3282831","t":8313402661,"r":8312730249,"q":17.2,"p":0.15,"mot":"U","mo":0.0},{"cn":"Parex","pi":"15744","ui":"3625941","t":550000,"r":144908,"q":20.42,"p":0.3,"mot":"U","mo":0.0},{"cn":"Maxi-Co LTD","pi":"1492","ui":"3459282","t":2764553676,"r":2732539416,"q":15.14,"p":0.5,"mot":"U","mo":0.0},{"cn":"Parex","pi":"1489","ui":"3627503","t":130226764,"r":124405747,"q":74.21,"p":2.0,"mot":"U","mo":0.0}],"mwc":5000,"ctm":false},{"mi":"15751","s":"Улучшенный комбикорм","pi":"15746","v":791973,"q":49.47,"c":7.24,"tl":15.0,"ir":[{"cn":"Parex","pi":"1487","ui":"3626708","t":32269574,"r":31519432,"q":17.73,"p":0.25,"mot":"U","mo":0.0},{"cn":"Luna","pi":"15745","ui":"3282831","t":8313402661,"r":8312730249,"q":17.2,"p":0.15,"mot":"U","mo":0.0},{"cn":"Parex","pi":"15744","ui":"3625941","t":550000,"r":144908,"q":20.42,"p":0.3,"mot":"U","mo":0.0},{"cn":"Maxi-Co LTD","pi":"1492","ui":"3528827","t":467263054,"r":464951564,"q":16.0,"p":1.0,"mot":"U","mo":0.0},{"cn":"Parex","pi":"1489","ui":"3627503","t":130226764,"r":124405747,"q":74.21,"p":2.0,"mot":"U","mo":0.0}],"mwc":5000,"ctm":false},{"mi":"15751","s":"Улучшенный комбикорм","pi":"15746","v":831571,"q":51.5,"c":6.79,"tl":16.0,"ir":[{"cn":"Parex","pi":"1487","ui":"3626708","t":32269574,"r":31519432,"q":17.73,"p":0.25,"mot":"U","mo":0.0},{"cn":"Luna","pi":"15745","ui":"3282831","t":8313402661,"r":8312730249,"q":17.2,"p":0.15,"mot":"U","mo":0.0},{"cn":"Parex","pi":"15744","ui":"3625941","t":550000,"r":144908,"q":20.42,"p":0.3,"mot":"U","mo":0.0},{"cn":"Maxi-Co LTD","pi":"1492","ui":"3459282","t":2764553676,"r":2732539416,"q":15.14,"p":0.5,"mot":"U","mo":0.0},{"cn":"Parex","pi":"1489","ui":"3627503","t":130226764,"r":124405747,"q":74.21,"p":2.0,"mot":"U","mo":0.0}],"mwc":5000,"ctm":false},{"mi":"15751","s":"Улучшенный комбикорм","pi":"15746","v":831571,"q":50.89,"c":6.83,"tl":16.0,"ir":[{"cn":"DukeLeto Invest","pi":"1487","ui":"3573775","t":207739155,"r":206902915,"q":11.73,"p":0.32,"mot":"U","mo":0.0},{"cn":"Luna","pi":"15745","ui":"3282831","t":8313402661,"r":8312730249,"q":17.2,"p":0.15,"mot":"U","mo":0.0},{"cn":"Parex","pi":"15744","ui":"3625941","t":550000,"r":144908,"q":20.42,"p":0.3,"mot":"U","mo":0.0},{"cn":"Maxi-Co LTD","pi":"1492","ui":"3459282","t":2764553676,"r":2732539416,"q":15.14,"p":0.5,"mot":"U","mo":0.0},{"cn":"Parex","pi":"1489","ui":"3627503","t":130226764,"r":124405747,"q":74.21,"p":2.0,"mot":"U","mo":0.0}],"mwc":5000,"ctm":false},{"mi":"15751","s":"Улучшенный комбикорм","pi":"15746","v":831571,"q":51.58,"c":7.04,"tl":16.0,"ir":[{"cn":"Parex","pi":"1487","ui":"3626708","t":32269574,"r":31519432,"q":17.73,"p":0.25,"mot":"U","mo":0.0},{"cn":"Luna","pi":"15745","ui":"3282831","t":8313402661,"r":8312730249,"q":17.2,"p":0.15,"mot":"U","mo":0.0},{"cn":"Parex","pi":"15744","ui":"3625941","t":550000,"r":144908,"q":20.42,"p":0.3,"mot":"U","mo":0.0},{"cn":"Maxi-Co LTD","pi":"1492","ui":"3528827","t":467263054,"r":464951564,"q":16.0,"p":1.0,"mot":"U","mo":0.0},{"cn":"Parex","pi":"1489","ui":"3627503","t":130226764,"r":124405747,"q":74.21,"p":2.0,"mot":"U","mo":0.0}],"mwc":5000,"ctm":false},{"mi":"15751","s":"Улучшенный комбикорм","pi":"15746","v":873150,"q":53.57,"c":6.6,"tl":17.0,"ir":[{"cn":"Parex","pi":"1487","ui":"3626708","t":32269574,"r":31519432,"q":17.73,"p":0.25,"mot":"U","mo":0.0},{"cn":"Luna","pi":"15745","ui":"3282831","t":8313402661,"r":8312730249,"q":17.2,"p":0.15,"mot":"U","mo":0.0},{"cn":"Parex","pi":"15744","ui":"3625941","t":550000,"r":144908,"q":20.42,"p":0.3,"mot":"U","mo":0.0},{"cn":"Maxi-Co LTD","pi":"1492","ui":"3459282","t":2764553676,"r":2732539416,"q":15.14,"p":0.5,"mot":"U","mo":0.0},{"cn":"Parex","pi":"1489","ui":"3627503","t":130226764,"r":124405747,"q":74.21,"p":2.0,"mot":"U","mo":0.0}],"mwc":5000,"ctm":false},{"mi":"15751","s":"Улучшенный комбикорм","pi":"15746","v":873150,"q":52.94,"c":6.64,"tl":17.0,"ir":[{"cn":"DukeLeto Invest","pi":"1487","ui":"3573775","t":207739155,"r":206902915,"q":11.73,"p":0.32,"mot":"U","mo":0.0},{"cn":"Luna","pi":"15745","ui":"3282831","t":8313402661,"r":8312730249,"q":17.2,"p":0.15,"mot":"U","mo":0.0},{"cn":"Parex","pi":"15744","ui":"3625941","t":550000,"r":144908,"q":20.42,"p":0.3,"mot":"U","mo":0.0},{"cn":"Maxi-Co LTD","pi":"1492","ui":"3459282","t":2764553676,"r":2732539416,"q":15.14,"p":0.5,"mot":"U","mo":0.0},{"cn":"Parex","pi":"1489","ui":"3627503","t":130226764,"r":124405747,"q":74.21,"p":2.0,"mot":"U","mo":0.0}],"mwc":5000,"ctm":false},{"mi":"15751","s":"Улучшенный комбикорм","pi":"15746","v":873150,"q":53.66,"c":6.85,"tl":17.0,"ir":[{"cn":"Parex","pi":"1487","ui":"3626708","t":32269574,"r":31519432,"q":17.73,"p":0.25,"mot":"U","mo":0.0},{"cn":"Luna","pi":"15745","ui":"3282831","t":8313402661,"r":8312730249,"q":17.2,"p":0.15,"mot":"U","mo":0.0},{"cn":"Parex","pi":"15744","ui":"3625941","t":550000,"r":144908,"q":20.42,"p":0.3,"mot":"U","mo":0.0},{"cn":"Maxi-Co LTD","pi":"1492","ui":"3528827","t":467263054,"r":464951564,"q":16.0,"p":1.0,"mot":"U","mo":0.0},{"cn":"Parex","pi":"1489","ui":"3627503","t":130226764,"r":124405747,"q":74.21,"p":2.0,"mot":"U","mo":0.0}],"mwc":5000,"ctm":false},{"mi":"15763","s":"Кисель","pi":"423388","v":272859,"q":27.8,"c":12.84,"tl":17.0,"ir":[{"cn":"Parex","pi":"15742","ui":"3625941","t":2103100,"r":169356,"q":20.51,"p":0.25,"mot":"U","mo":0.0},{"cn":"Maxi-Co LTD","pi":"1492","ui":"3459282","t":2764553676,"r":2732539416,"q":15.14,"p":0.5,"mot":"U","mo":0.0}],"mwc":2500,"ctm":true},{"mi":"15763","s":"Кисель","pi":"423388","v":272859,"q":27.93,"c":13.09,"tl":17.0,"ir":[{"cn":"Parex","pi":"15742","ui":"3625941","t":2103100,"r":169356,"q":20.51,"p":0.25,"mot":"U","mo":0.0},{"cn":"Maxi-Co LTD","pi":"1492","ui":"3528827","t":467263054,"r":464951564,"q":16.0,"p":1.0,"mot":"U","mo":0.0}],"mwc":2500,"ctm":true},{"mi":"15763","s":"Кисель","pi":"423388","v":286502,"q":28.86,"c":12.27,"tl":18.0,"ir":[{"cn":"Parex","pi":"15742","ui":"3625941","t":2103100,"r":169356,"q":20.51,"p":0.25,"mot":"U","mo":0.0},{"cn":"Maxi-Co LTD","pi":"1492","ui":"3459282","t":2764553676,"r":2732539416,"q":15.14,"p":0.5,"mot":"U","mo":0.0}],"mwc":2500,"ctm":true},{"mi":"15763","s":"Кисель","pi":"423388","v":286502,"q":28.98,"c":12.52,"tl":18.0,"ir":[{"cn":"Parex","pi":"15742","ui":"3625941","t":2103100,"r":169356,"q":20.51,"p":0.25,"mot":"U","mo":0.0},{"cn":"Maxi-Co LTD","pi":"1492","ui":"3528827","t":467263054,"r":464951564,"q":16.0,"p":1.0,"mot":"U","mo":0.0}],"mwc":2500,"ctm":true},{"mi":"15763","s":"Кисель","pi":"423388","v":286502,"q":27.48,"c":17.47,"tl":18.0,"ir":[{"cn":"Parex","pi":"15742","ui":"3625941","t":2103100,"r":169356,"q":20.51,"p":0.25,"mot":"U","mo":0.0},{"cn":"Ackermann Industries International","pi":"1492","ui":"3361145","t":3670224,"r":3207774,"q":6.07,"p":10.9,"mot":"U","mo":0.0}],"mwc":2500,"ctm":true},{"mi":"15763","s":"Кисель","pi":"423388","v":300827,"q":29.89,"c":11.72,"tl":19.0,"ir":[{"cn":"Parex","pi":"15742","ui":"3625941","t":2103100,"r":169356,"q":20.51,"p":0.25,"mot":"U","mo":0.0},{"cn":"Maxi-Co LTD","pi":"1492","ui":"3459282","t":2764553676,"r":2732539416,"q":15.14,"p":0.5,"mot":"U","mo":0.0}],"mwc":2500,"ctm":true},{"mi":"15763","s":"Кисель","pi":"423388","v":300827,"q":30.02,"c":11.97,"tl":19.0,"ir":[{"cn":"Parex","pi":"15742","ui":"3625941","t":2103100,"r":169356,"q":20.51,"p":0.25,"mot":"U","mo":0.0},{"cn":"Maxi-Co LTD","pi":"1492","ui":"3528827","t":467263054,"r":464951564,"q":16.0,"p":1.0,"mot":"U","mo":0.0}],"mwc":2500,"ctm":true},{"mi":"15763","s":"Кисель","pi":"423388","v":300827,"q":28.46,"c":16.92,"tl":19.0,"ir":[{"cn":"Parex","pi":"15742","ui":"3625941","t":2103100,"r":169356,"q":20.51,"p":0.25,"mot":"U","mo":0.0},{"cn":"Ackermann Industries International","pi":"1492","ui":"3361145","t":3670224,"r":3207774,"q":6.07,"p":10.9,"mot":"U","mo":0.0}],"mwc":2500,"ctm":true},{"mi":"15763","s":"Кисель","pi":"423388","v":315869,"q":30.9,"c":11.2,"tl":20.0,"ir":[{"cn":"Parex","pi":"15742","ui":"3625941","t":2103100,"r":169356,"q":20.51,"p":0.25,"mot":"U","mo":0.0},{"cn":"Maxi-Co LTD","pi":"1492","ui":"3459282","t":2764553676,"r":2732539416,"q":15.14,"p":0.5,"mot":"U","mo":0.0}],"mwc":2500,"ctm":true},{"mi":"15763","s":"Кисель","pi":"423388","v":315869,"q":31.04,"c":11.45,"tl":20.0,"ir":[{"cn":"Parex","pi":"15742","ui":"3625941","t":2103100,"r":169356,"q":20.51,"p":0.25,"mot":"U","mo":0.0},{"cn":"Maxi-Co LTD","pi":"1492","ui":"3528827","t":467263054,"r":464951564,"q":16.0,"p":1.0,"mot":"U","mo":0.0}],"mwc":2500,"ctm":true},{"mi":"15763","s":"Кисель","pi":"423388","v":315869,"q":29.42,"c":16.4,"tl":20.0,"ir":[{"cn":"Parex","pi":"15742","ui":"3625941","t":2103100,"r":169356,"q":20.51,"p":0.25,"mot":"U","mo":0.0},{"cn":"Ackermann Industries International","pi":"1492","ui":"3361145","t":3670224,"r":3207774,"q":6.07,"p":10.9,"mot":"U","mo":0.0}],"mwc":2500,"ctm":true},{"mi":"15763","s":"Кисель","pi":"423388","v":331662,"q":31.9,"c":10.7,"tl":21.0,"ir":[{"cn":"Parex","pi":"15742","ui":"3625941","t":2103100,"r":169356,"q":20.51,"p":0.25,"mot":"U","mo":0.0},{"cn":"Maxi-Co LTD","pi":"1492","ui":"3459282","t":2764553676,"r":2732539416,"q":15.14,"p":0.5,"mot":"U","mo":0.0}],"mwc":2500,"ctm":true},{"mi":"15763","s":"Кисель","pi":"423388","v":331662,"q":32.04,"c":10.95,"tl":21.0,"ir":[{"cn":"Parex","pi":"15742","ui":"3625941","t":2103100,"r":169356,"q":20.51,"p":0.25,"mot":"U","mo":0.0},{"cn":"Maxi-Co LTD","pi":"1492","ui":"3528827","t":467263054,"r":464951564,"q":16.0,"p":1.0,"mot":"U","mo":0.0}],"mwc":2500,"ctm":true},{"mi":"15763","s":"Кисель","pi":"423388","v":331662,"q":30.37,"c":15.9,"tl":21.0,"ir":[{"cn":"Parex","pi":"15742","ui":"3625941","t":2103100,"r":169356,"q":20.51,"p":0.25,"mot":"U","mo":0.0},{"cn":"Ackermann Industries International","pi":"1492","ui":"3361145","t":3670224,"r":3207774,"q":6.07,"p":10.9,"mot":"U","mo":0.0}],"mwc":2500,"ctm":true},{"mi":"15763","s":"Консервированная кукуруза","pi":"422553","v":255256,"q":10.27,"c":10013.33,"tl":6.0,"ir":[{"cn":"Luna","pi":"422544","ui":"3448766","t":1114327496,"r":1109310699,"q":16.31,"p":0.2,"mot":"U","mo":0.0},{"cn":"T9","pi":"1480","ui":"3713205","t":62502,"r":62422,"q":4.88,"p":50000.0,"mot":"U","mo":0.0}],"mwc":2500,"ctm":false},{"mi":"15763","s":"Консервированная кукуруза","pi":"422553","v":268019,"q":12.55,"c":10012.71,"tl":7.0,"ir":[{"cn":"Luna","pi":"422544","ui":"3448766","t":1114327496,"r":1109310699,"q":16.31,"p":0.2,"mot":"U","mo":0.0},{"cn":"T9","pi":"1480","ui":"3713205","t":62502,"r":62422,"q":4.88,"p":50000.0,"mot":"U","mo":0.0}],"mwc":2500,"ctm":true},{"mi":"15763","s":"Консервированная кукуруза","pi":"422553","v":281420,"q":14.93,"c":10012.13,"tl":8.0,"ir":[{"cn":"Luna","pi":"422544","ui":"3448766","t":1114327496,"r":1109310699,"q":16.31,"p":0.2,"mot":"U","mo":0.0},{"cn":"T9","pi":"1480","ui":"3713205","t":62502,"r":62422,"q":4.88,"p":50000.0,"mot":"U","mo":0.0}],"mwc":2500,"ctm":true},{"mi":"15763","s":"Консервированная кукуруза","pi":"422553","v":295491,"q":16.3,"c":10011.57,"tl":9.0,"ir":[{"cn":"Luna","pi":"422544","ui":"3448766","t":1114327496,"r":1109310699,"q":16.31,"p":0.2,"mot":"U","mo":0.0},{"cn":"T9","pi":"1480","ui":"3713205","t":62502,"r":62422,"q":4.88,"p":50000.0,"mot":"U","mo":0.0}],"mwc":2500,"ctm":true},{"mi":"15763","s":"Консервированная кукуруза","pi":"422553","v":310266,"q":17.46,"c":10011.04,"tl":10.0,"ir":[{"cn":"Luna","pi":"422544","ui":"3448766","t":1114327496,"r":1109310699,"q":16.31,"p":0.2,"mot":"U","mo":0.0},{"cn":"T9","pi":"1480","ui":"3713205","t":62502,"r":62422,"q":4.88,"p":50000.0,"mot":"U","mo":0.0}],"mwc":2500,"ctm":true},{"mi":"15763","s":"Консервированная кукуруза","pi":"422553","v":325779,"q":18.57,"c":10010.53,"tl":11.0,"ir":[{"cn":"Luna","pi":"422544","ui":"3448766","t":1114327496,"r":1109310699,"q":16.31,"p":0.2,"mot":"U","mo":0.0},{"cn":"T9","pi":"1480","ui":"3713205","t":62502,"r":62422,"q":4.88,"p":50000.0,"mot":"U","mo":0.0}],"mwc":2500,"ctm":true},{"mi":"15763","s":"Консервированная кукуруза","pi":"422553","v":342068,"q":19.65,"c":10010.05,"tl":12.0,"ir":[{"cn":"Luna","pi":"422544","ui":"3448766","t":1114327496,"r":1109310699,"q":16.31,"p":0.2,"mot":"U","mo":0.0},{"cn":"T9","pi":"1480","ui":"3713205","t":62502,"r":62422,"q":4.88,"p":50000.0,"mot":"U","mo":0.0}],"mwc":2500,"ctm":true},{"mi":"15763","s":"Консервированная кукуруза","pi":"422553","v":342068,"q":10.03,"c":10010.57,"tl":12.0,"ir":[{"cn":"Ackermann Industries International","pi":"422544","ui":"3234733","t":1615963,"r":1147884,"q":3.89,"p":0.46,"mot":"U","mo":0.0},{"cn":"T9","pi":"1480","ui":"3713205","t":62502,"r":62422,"q":4.88,"p":50000.0,"mot":"U","mo":0.0}],"mwc":2500,"ctm":false},{"mi":"15763","s":"Консервированная кукуруза","pi":"422553","v":359171,"q":20.7,"c":10009.59,"tl":13.0,"ir":[{"cn":"Luna","pi":"422544","ui":"3448766","t":1114327496,"r":1109310699,"q":16.31,"p":0.2,"mot":"U","mo":0.0},{"cn":"T9","pi":"1480","ui":"3713205","t":62502,"r":62422,"q":4.88,"p":50000.0,"mot":"U","mo":0.0}],"mwc":2500,"ctm":true},{"mi":"15763","s":"Консервированная кукуруза","pi":"422553","v":359171,"q":10.57,"c":10010.11,"tl":13.0,"ir":[{"cn":"Ackermann Industries International","pi":"422544","ui":"3234733","t":1615963,"r":1147884,"q":3.89,"p":0.46,"mot":"U","mo":0.0},{"cn":"T9","pi":"1480","ui":"3713205","t":62502,"r":62422,"q":4.88,"p":50000.0,"mot":"U","mo":0.0}],"mwc":2500,"ctm":false},{"mi":"15763","s":"Консервированная кукуруза","pi":"422553","v":377130,"q":21.72,"c":10009.15,"tl":14.0,"ir":[{"cn":"Luna","pi":"422544","ui":"3448766","t":1114327496,"r":1109310699,"q":16.31,"p":0.2,"mot":"U","mo":0.0},{"cn":"T9","pi":"1480","ui":"3713205","t":62502,"r":62422,"q":4.88,"p":50000.0,"mot":"U","mo":0.0}],"mwc":2500,"ctm":true},{"mi":"15763","s":"Консервированная кукуруза","pi":"422553","v":377130,"q":11.09,"c":10009.67,"tl":14.0,"ir":[{"cn":"Ackermann Industries International","pi":"422544","ui":"3234733","t":1615963,"r":1147884,"q":3.89,"p":0.46,"mot":"U","mo":0.0},{"cn":"T9","pi":"1480","ui":"3713205","t":62502,"r":62422,"q":4.88,"p":50000.0,"mot":"U","mo":0.0}],"mwc":2500,"ctm":false},{"mi":"15763","s":"Консервированная кукуруза","pi":"422553","v":395986,"q":22.72,"c":10008.73,"tl":15.0,"ir":[{"cn":"Luna","pi":"422544","ui":"3448766","t":1114327496,"r":1109310699,"q":16.31,"p":0.2,"mot":"U","mo":0.0},{"cn":"T9","pi":"1480","ui":"3713205","t":62502,"r":62422,"q":4.88,"p":50000.0,"mot":"U","mo":0.0}],"mwc":2500,"ctm":true},{"mi":"15763","s":"Консервированная кукуруза","pi":"422553","v":395986,"q":11.6,"c":10009.25,"tl":15.0,"ir":[{"cn":"Ackermann Industries International","pi":"422544","ui":"3234733","t":1615963,"r":1147884,"q":3.89,"p":0.46,"mot":"U","mo":0.0},{"cn":"T9","pi":"1480","ui":"3713205","t":62502,"r":62422,"q":4.88,"p":50000.0,"mot":"U","mo":0.0}],"mwc":2500,"ctm":true},{"mi":"15763","s":"Консервированная кукуруза","pi":"422553","v":415786,"q":23.69,"c":10008.34,"tl":16.0,"ir":[{"cn":"Luna","pi":"422544","ui":"3448766","t":1114327496,"r":1109310699,"q":16.31,"p":0.2,"mot":"U","mo":0.0},{"cn":"T9","pi":"1480","ui":"3713205","t":62502,"r":62422,"q":4.88,"p":50000.0,"mot":"U","mo":0.0}],"mwc":2500,"ctm":true},{"mi":"15763","s":"Консервированная кукуруза","pi":"422553","v":415786,"q":12.1,"c":10008.86,"tl":16.0,"ir":[{"cn":"Ackermann Industries International","pi":"422544","ui":"3234733","t":1615963,"r":1147884,"q":3.89,"p":0.46,"mot":"U","mo":0.0},{"cn":"T9","pi":"1480","ui":"3713205","t":62502,"r":62422,"q":4.88,"p":50000.0,"mot":"U","mo":0.0}],"mwc":2500,"ctm":true},{"mi":"15763","s":"Консервированная кукуруза","pi":"422553","v":436575,"q":24.64,"c":10007.96,"tl":17.0,"ir":[{"cn":"Luna","pi":"422544","ui":"3448766","t":1114327496,"r":1109310699,"q":16.31,"p":0.2,"mot":"U","mo":0.0},{"cn":"T9","pi":"1480","ui":"3713205","t":62502,"r":62422,"q":4.88,"p":50000.0,"mot":"U","mo":0.0}],"mwc":2500,"ctm":true},{"mi":"15763","s":"Консервированная кукуруза","pi":"422553","v":436575,"q":12.58,"c":10008.48,"tl":17.0,"ir":[{"cn":"Ackermann Industries International","pi":"422544","ui":"3234733","t":1615963,"r":1147884,"q":3.89,"p":0.46,"mot":"U","mo":0.0},{"cn":"T9","pi":"1480","ui":"3713205","t":62502,"r":62422,"q":4.88,"p":50000.0,"mot":"U","mo":0.0}],"mwc":2500,"ctm":true},{"mi":"15763","s":"Консервированная кукуруза","pi":"422553","v":458404,"q":25.58,"c":10007.6,"tl":18.0,"ir":[{"cn":"Luna","pi":"422544","ui":"3448766","t":1114327496,"r":1109310699,"q":16.31,"p":0.2,"mot":"U","mo":0.0},{"cn":"T9","pi":"1480","ui":"3713205","t":62502,"r":62422,"q":4.88,"p":50000.0,"mot":"U","mo":0.0}],"mwc":2500,"ctm":true},{"mi":"15763","s":"Консервированная кукуруза","pi":"422553","v":458404,"q":13.06,"c":10008.12,"tl":18.0,"ir":[{"cn":"Ackermann Industries International","pi":"422544","ui":"3234733","t":1615963,"r":1147884,"q":3.89,"p":0.46,"mot":"U","mo":0.0},{"cn":"T9","pi":"1480","ui":"3713205","t":62502,"r":62422,"q":4.88,"p":50000.0,"mot":"U","mo":0.0}],"mwc":2500,"ctm":true},{"mi":"15763","s":"Консервированная кукуруза","pi":"422553","v":481324,"q":26.49,"c":10007.26,"tl":19.0,"ir":[{"cn":"Luna","pi":"422544","ui":"3448766","t":1114327496,"r":1109310699,"q":16.31,"p":0.2,"mot":"U","mo":0.0},{"cn":"T9","pi":"1480","ui":"3713205","t":62502,"r":62422,"q":4.88,"p":50000.0,"mot":"U","mo":0.0}],"mwc":2500,"ctm":true},{"mi":"15763","s":"Консервированная кукуруза","pi":"422553","v":481324,"q":13.52,"c":10007.78,"tl":19.0,"ir":[{"cn":"Ackermann Industries International","pi":"422544","ui":"3234733","t":1615963,"r":1147884,"q":3.89,"p":0.46,"mot":"U","mo":0.0},{"cn":"T9","pi":"1480","ui":"3713205","t":62502,"r":62422,"q":4.88,"p":50000.0,"mot":"U","mo":0.0}],"mwc":2500,"ctm":true},{"mi":"15763","s":"Консервированная кукуруза","pi":"422553","v":505390,"q":27.39,"c":10006.93,"tl":20.0,"ir":[{"cn":"Luna","pi":"422544","ui":"3448766","t":1114327496,"r":1109310699,"q":16.31,"p":0.2,"mot":"U","mo":0.0},{"cn":"T9","pi":"1480","ui":"3713205","t":62502,"r":62422,"q":4.88,"p":50000.0,"mot":"U","mo":0.0}],"mwc":2500,"ctm":true},{"mi":"15763","s":"Консервированная кукуруза","pi":"422553","v":505390,"q":13.98,"c":10007.45,"tl":20.0,"ir":[{"cn":"Ackermann Industries International","pi":"422544","ui":"3234733","t":1615963,"r":1147884,"q":3.89,"p":0.46,"mot":"U","mo":0.0},{"cn":"T9","pi":"1480","ui":"3713205","t":62502,"r":62422,"q":4.88,"p":50000.0,"mot":"U","mo":0.0}],"mwc":2500,"ctm":true},{"mi":"15763","s":"Консервированная кукуруза","pi":"422553","v":530660,"q":28.27,"c":10006.62,"tl":21.0,"ir":[{"cn":"Luna","pi":"422544","ui":"3448766","t":1114327496,"r":1109310699,"q":16.31,"p":0.2,"mot":"U","mo":0.0},{"cn":"T9","pi":"1480","ui":"3713205","t":62502,"r":62422,"q":4.88,"p":50000.0,"mot":"U","mo":0.0}],"mwc":2500,"ctm":true},{"mi":"15763","s":"Консервированная кукуруза","pi":"422553","v":530660,"q":14.43,"c":10007.14,"tl":21.0,"ir":[{"cn":"Ackermann Industries International","pi":"422544","ui":"3234733","t":1615963,"r":1147884,"q":3.89,"p":0.46,"mot":"U","mo":0.0},{"cn":"T9","pi":"1480","ui":"3713205","t":62502,"r":62422,"q":4.88,"p":50000.0,"mot":"U","mo":0.0}],"mwc":2500,"ctm":true},{"mi":"401988","s":"Пуэр","pi":"423116","v":23153,"q":6.06,"c":151.33,"tl":4.0,"ir":[{"cn":"Luna","pi":"401962","ui":"3431222","t":319523642,"r":319098810,"q":15.11,"p":0.35,"mot":"L","mo":500000.0},{"cn":"Parex","pi":"1472","ui":"3625039","t":4768973,"r":4731346,"q":44.93,"p":3.0,"mot":"U","mo":0.0}],"mwc":2500,"ctm":true},{"mi":"401988","s":"Пуэр","pi":"423116","v":23153,"q":6.06,"c":152.53,"tl":4.0,"ir":[{"cn":"Maxi-Co LTD","pi":"401962","ui":"3630582","t":5078891732,"r":5078867632,"q":15.53,"p":0.5,"mot":"U","mo":0.0},{"cn":"Parex","pi":"1472","ui":"3625039","t":4768973,"r":4731346,"q":44.93,"p":3.0,"mot":"U","mo":0.0}],"mwc":2500,"ctm":true},{"mi":"401988","s":"Пуэр","pi":"423116","v":23153,"q":6.06,"c":165.33,"tl":4.0,"ir":[{"cn":"Luna","pi":"401962","ui":"3431222","t":319523642,"r":319098810,"q":15.11,"p":0.35,"mot":"L","mo":500000.0},{"cn":"Luna","pi":"1472","ui":"3406414","t":583584,"r":543490,"q":22.25,"p":10.0,"mot":"U","mo":0.0}],"mwc":2500,"ctm":true},{"mi":"401988","s":"Пуэр","pi":"423116","v":24310,"q":8.1,"c":144.55,"tl":5.0,"ir":[{"cn":"Luna","pi":"401962","ui":"3431222","t":319523642,"r":319098810,"q":15.11,"p":0.35,"mot":"L","mo":500000.0},{"cn":"Parex","pi":"1472","ui":"3625039","t":4768973,"r":4731346,"q":44.93,"p":3.0,"mot":"U","mo":0.0}],"mwc":2500,"ctm":true},{"mi":"401988","s":"Пуэр","pi":"423116","v":24310,"q":8.1,"c":145.75,"tl":5.0,"ir":[{"cn":"Maxi-Co LTD","pi":"401962","ui":"3630582","t":5078891732,"r":5078867632,"q":15.53,"p":0.5,"mot":"U","mo":0.0},{"cn":"Parex","pi":"1472","ui":"3625039","t":4768973,"r":4731346,"q":44.93,"p":3.0,"mot":"U","mo":0.0}],"mwc":2500,"ctm":true},{"mi":"401988","s":"Пуэр","pi":"423116","v":24310,"q":8.1,"c":158.55,"tl":5.0,"ir":[{"cn":"Luna","pi":"401962","ui":"3431222","t":319523642,"r":319098810,"q":15.11,"p":0.35,"mot":"L","mo":500000.0},{"cn":"Luna","pi":"1472","ui":"3406414","t":583584,"r":543490,"q":22.25,"p":10.0,"mot":"U","mo":0.0}],"mwc":2500,"ctm":true},{"mi":"401988","s":"Пуэр","pi":"423116","v":25526,"q":10.27,"c":138.08,"tl":6.0,"ir":[{"cn":"Luna","pi":"401962","ui":"3431222","t":319523642,"r":319098810,"q":15.11,"p":0.35,"mot":"L","mo":500000.0},{"cn":"Parex","pi":"1472","ui":"3625039","t":4768973,"r":4731346,"q":44.93,"p":3.0,"mot":"U","mo":0.0}],"mwc":2500,"ctm":true},{"mi":"401988","s":"Пуэр","pi":"423116","v":25526,"q":10.27,"c":139.28,"tl":6.0,"ir":[{"cn":"Maxi-Co LTD","pi":"401962","ui":"3630582","t":5078891732,"r":5078867632,"q":15.53,"p":0.5,"mot":"U","mo":0.0},{"cn":"Parex","pi":"1472","ui":"3625039","t":4768973,"r":4731346,"q":44.93,"p":3.0,"mot":"U","mo":0.0}],"mwc":2500,"ctm":true},{"mi":"401988","s":"Пуэр","pi":"423116","v":25526,"q":10.27,"c":152.08,"tl":6.0,"ir":[{"cn":"Luna","pi":"401962","ui":"3431222","t":319523642,"r":319098810,"q":15.11,"p":0.35,"mot":"L","mo":500000.0},{"cn":"Luna","pi":"1472","ui":"3406414","t":583584,"r":543490,"q":22.25,"p":10.0,"mot":"U","mo":0.0}],"mwc":2500,"ctm":true},{"mi":"401988","s":"Пуэр","pi":"423116","v":26802,"q":12.55,"c":131.93,"tl":7.0,"ir":[{"cn":"Luna","pi":"401962","ui":"3431222","t":319523642,"r":319098810,"q":15.11,"p":0.35,"mot":"L","mo":500000.0},{"cn":"Parex","pi":"1472","ui":"3625039","t":4768973,"r":4731346,"q":44.93,"p":3.0,"mot":"U","mo":0.0}],"mwc":2500,"ctm":true},{"mi":"401988","s":"Пуэр","pi":"423116","v":26802,"q":12.55,"c":133.13,"tl":7.0,"ir":[{"cn":"Maxi-Co LTD","pi":"401962","ui":"3630582","t":5078891732,"r":5078867632,"q":15.53,"p":0.5,"mot":"U","mo":0.0},{"cn":"Parex","pi":"1472","ui":"3625039","t":4768973,"r":4731346,"q":44.93,"p":3.0,"mot":"U","mo":0.0}],"mwc":2500,"ctm":true},{"mi":"401988","s":"Пуэр","pi":"423116","v":26802,"q":12.55,"c":145.93,"tl":7.0,"ir":[{"cn":"Luna","pi":"401962","ui":"3431222","t":319523642,"r":319098810,"q":15.11,"p":0.35,"mot":"L","mo":500000.0},{"cn":"Luna","pi":"1472","ui":"3406414","t":583584,"r":543490,"q":22.25,"p":10.0,"mot":"U","mo":0.0}],"mwc":2500,"ctm":true},{"mi":"2412","s":"Джинсы","pi":"422203","v":81445,"q":22.58,"c":82.52,"tl":11.0,"ir":[{"cn":"Maxi-Co LTD","pi":"312796","ui":"3178854","t":936961,"r":645901,"q":57.73,"p":21.0,"mot":"U","mo":0.0}],"mwc":5000,"ctm":true},{"mi":"2412","s":"Джинсы","pi":"422203","v":85517,"q":25.29,"c":80.59,"tl":12.0,"ir":[{"cn":"Maxi-Co LTD","pi":"312796","ui":"3178854","t":936961,"r":645901,"q":57.73,"p":21.0,"mot":"U","mo":0.0}],"mwc":5000,"ctm":true},{"mi":"2412","s":"Джинсы","pi":"422203","v":89793,"q":28.06,"c":78.75,"tl":13.0,"ir":[{"cn":"Maxi-Co LTD","pi":"312796","ui":"3178854","t":936961,"r":645901,"q":57.73,"p":21.0,"mot":"U","mo":0.0}],"mwc":5000,"ctm":true},{"mi":"2412","s":"Джинсы","pi":"422203","v":94282,"q":30.9,"c":77.0,"tl":14.0,"ir":[{"cn":"Maxi-Co LTD","pi":"312796","ui":"3178854","t":936961,"r":645901,"q":57.73,"p":21.0,"mot":"U","mo":0.0}],"mwc":5000,"ctm":true},{"mi":"2412","s":"Джинсы","pi":"422203","v":98997,"q":33.8,"c":75.33,"tl":15.0,"ir":[{"cn":"Maxi-Co LTD","pi":"312796","ui":"3178854","t":936961,"r":645901,"q":57.73,"p":21.0,"mot":"U","mo":0.0}],"mwc":5000,"ctm":true},{"mi":"2435","s":"Мобильные телефоны","pi":"1517","v":42000,"q":2.46,"c":728.57,"tl":2.0,"ir":[{"cn":"Tomorrow S.R.L.","pi":"1477","ui":"3773813","t":14761,"r":14701,"q":1.0,"p":3000.0,"mot":"L","mo":8400.0},{"cn":"hj corp","pi":"1485","ui":"2687732","t":33743,"r":32713,"q":16.18,"p":500.0,"mot":"U","mo":0.0}],"mwc":5000,"ctm":true},{"mi":"2435","s":"Мобильные телефоны","pi":"1517","v":42000,"q":2.46,"c":738.57,"tl":2.0,"ir":[{"cn":"Tomorrow S.R.L.","pi":"1477","ui":"3773813","t":14761,"r":14701,"q":1.0,"p":3000.0,"mot":"L","mo":8400.0},{"cn":"Nadeau Corporation","pi":"1485","ui":"3733495","t":266706,"r":262309,"q":17.5,"p":600.0,"mot":"U","mo":0.0}],"mwc":5000,"ctm":true},{"mi":"2435","s":"Мобильные телефоны","pi":"1517","v":42000,"q":2.46,"c":758.57,"tl":2.0,"ir":[{"cn":"Tomorrow S.R.L.","pi":"1477","ui":"3773813","t":14761,"r":14701,"q":1.0,"p":3000.0,"mot":"L","mo":8400.0},{"cn":"Лабиринт","pi":"1485","ui":"3585280","t":1801785,"r":1801785,"q":18.78,"p":800.0,"mot":"U","mo":0.0}],"mwc":5000,"ctm":true},{"mi":"2435","s":"Мобильные телефоны","pi":"1517","v":44100,"q":4.17,"c":724.83,"tl":3.0,"ir":[{"cn":"Tomorrow S.R.L.","pi":"1477","ui":"3773813","t":14761,"r":14701,"q":1.0,"p":3000.0,"mot":"L","mo":8400.0},{"cn":"hj corp","pi":"1485","ui":"2687732","t":33743,"r":32713,"q":16.18,"p":500.0,"mot":"U","mo":0.0}],"mwc":5000,"ctm":true},{"mi":"2435","s":"Мобильные телефоны","pi":"1517","v":44100,"q":4.17,"c":734.83,"tl":3.0,"ir":[{"cn":"Tomorrow S.R.L.","pi":"1477","ui":"3773813","t":14761,"r":14701,"q":1.0,"p":3000.0,"mot":"L","mo":8400.0},{"cn":"Nadeau Corporation","pi":"1485","ui":"3733495","t":266706,"r":262309,"q":17.5,"p":600.0,"mot":"U","mo":0.0}],"mwc":5000,"ctm":true},{"mi":"2435","s":"Мобильные телефоны","pi":"1517","v":44100,"q":4.17,"c":754.83,"tl":3.0,"ir":[{"cn":"Tomorrow S.R.L.","pi":"1477","ui":"3773813","t":14761,"r":14701,"q":1.0,"p":3000.0,"mot":"L","mo":8400.0},{"cn":"Лабиринт","pi":"1485","ui":"3585280","t":1801785,"r":1801785,"q":18.78,"p":800.0,"mot":"U","mo":0.0}],"mwc":5000,"ctm":true},{"mi":"2435","s":"Мобильные телефоны","pi":"1517","v":46305,"q":6.06,"c":721.27,"tl":4.0,"ir":[{"cn":"Tomorrow S.R.L.","pi":"1477","ui":"3773813","t":14761,"r":14701,"q":1.0,"p":3000.0,"mot":"L","mo":8400.0},{"cn":"hj corp","pi":"1485","ui":"2687732","t":33743,"r":32713,"q":16.18,"p":500.0,"mot":"U","mo":0.0}],"mwc":5000,"ctm":true},{"mi":"2435","s":"Мобильные телефоны","pi":"1517","v":46305,"q":6.06,"c":731.27,"tl":4.0,"ir":[{"cn":"Tomorrow S.R.L.","pi":"1477","ui":"3773813","t":14761,"r":14701,"q":1.0,"p":3000.0,"mot":"L","mo":8400.0},{"cn":"Nadeau Corporation","pi":"1485","ui":"3733495","t":266706,"r":262309,"q":17.5,"p":600.0,"mot":"U","mo":0.0}],"mwc":5000,"ctm":true},{"mi":"2435","s":"Мобильные телефоны","pi":"1517","v":46305,"q":6.06,"c":751.27,"tl":4.0,"ir":[{"cn":"Tomorrow S.R.L.","pi":"1477","ui":"3773813","t":14761,"r":14701,"q":1.0,"p":3000.0,"mot":"L","mo":8400.0},{"cn":"Лабиринт","pi":"1485","ui":"3585280","t":1801785,"r":1801785,"q":18.78,"p":800.0,"mot":"U","mo":0.0}],"mwc":5000,"ctm":true},{"mi":"2435","s":"Мобильные телефоны","pi":"1517","v":48620,"q":8.1,"c":767.87,"tl":5.0,"ir":[{"cn":"Tomorrow S.R.L.","pi":"1477","ui":"3773813","t":14761,"r":14701,"q":1.0,"p":3000.0,"mot":"L","mo":8400.0},{"cn":"hj corp","pi":"1485","ui":"3270794","t":41192,"r":38592,"q":23.02,"p":1000.0,"mot":"U","mo":0.0}],"mwc":5000,"ctm":true},{"mi":"2435","s":"Мобильные телефоны","pi":"1517","v":48620,"q":7.49,"c":747.87,"tl":5.0,"ir":[{"cn":"Tomorrow S.R.L.","pi":"1477","ui":"3773813","t":14761,"r":14701,"q":1.0,"p":3000.0,"mot":"L","mo":8400.0},{"cn":"Лабиринт","pi":"1485","ui":"3585280","t":1801785,"r":1801785,"q":18.78,"p":800.0,"mot":"U","mo":0.0}],"mwc":5000,"ctm":true},{"mi":"2435","s":"Мобильные телефоны","pi":"1517","v":48620,"q":7.26,"c":727.87,"tl":5.0,"ir":[{"cn":"Tomorrow S.R.L.","pi":"1477","ui":"3773813","t":14761,"r":14701,"q":1.0,"p":3000.0,"mot":"L","mo":8400.0},{"cn":"Nadeau Corporation","pi":"1485","ui":"3733495","t":266706,"r":262309,"q":17.5,"p":600.0,"mot":"U","mo":0.0}],"mwc":5000,"ctm":true},{"mi":"2435","s":"Мобильные телефоны","pi":"1517","v":51051,"q":9.26,"c":764.64,"tl":6.0,"ir":[{"cn":"Tomorrow S.R.L.","pi":"1477","ui":"3773813","t":14761,"r":14701,"q":1.0,"p":3000.0,"mot":"L","mo":8400.0},{"cn":"hj corp","pi":"1485","ui":"3270794","t":41192,"r":38592,"q":23.02,"p":1000.0,"mot":"U","mo":0.0}],"mwc":5000,"ctm":true},{"mi":"2435","s":"Мобильные телефоны","pi":"1517","v":51051,"q":8.43,"c":744.64,"tl":6.0,"ir":[{"cn":"Tomorrow S.R.L.","pi":"1477","ui":"3773813","t":14761,"r":14701,"q":1.0,"p":3000.0,"mot":"L","mo":8400.0},{"cn":"Лабиринт","pi":"1485","ui":"3585280","t":1801785,"r":1801785,"q":18.78,"p":800.0,"mot":"U","mo":0.0}],"mwc":5000,"ctm":true},{"mi":"2435","s":"Мобильные телефоны","pi":"1517","v":51051,"q":8.17,"c":724.64,"tl":6.0,"ir":[{"cn":"Tomorrow S.R.L.","pi":"1477","ui":"3773813","t":14761,"r":14701,"q":1.0,"p":3000.0,"mot":"L","mo":8400.0},{"cn":"Nadeau Corporation","pi":"1485","ui":"3733495","t":266706,"r":262309,"q":17.5,"p":600.0,"mot":"U","mo":0.0}],"mwc":5000,"ctm":true},{"mi":"2435","s":"Мобильные телефоны","pi":"1517","v":53604,"q":10.23,"c":761.56,"tl":7.0,"ir":[{"cn":"Tomorrow S.R.L.","pi":"1477","ui":"3773813","t":14761,"r":14701,"q":1.0,"p":3000.0,"mot":"L","mo":8400.0},{"cn":"hj corp","pi":"1485","ui":"3270794","t":41192,"r":38592,"q":23.02,"p":1000.0,"mot":"U","mo":0.0}],"mwc":5000,"ctm":true},{"mi":"2435","s":"Мобильные телефоны","pi":"1517","v":53604,"q":9.32,"c":741.56,"tl":7.0,"ir":[{"cn":"Tomorrow S.R.L.","pi":"1477","ui":"3773813","t":14761,"r":14701,"q":1.0,"p":3000.0,"mot":"L","mo":8400.0},{"cn":"Лабиринт","pi":"1485","ui":"3585280","t":1801785,"r":1801785,"q":18.78,"p":800.0,"mot":"U","mo":0.0}],"mwc":5000,"ctm":true},{"mi":"2435","s":"Мобильные телефоны","pi":"1517","v":53604,"q":9.03,"c":721.56,"tl":7.0,"ir":[{"cn":"Tomorrow S.R.L.","pi":"1477","ui":"3773813","t":14761,"r":14701,"q":1.0,"p":3000.0,"mot":"L","mo":8400.0},{"cn":"Nadeau Corporation","pi":"1485","ui":"3733495","t":266706,"r":262309,"q":17.5,"p":600.0,"mot":"U","mo":0.0}],"mwc":5000,"ctm":true},{"mi":"2435","s":"Мобильные телефоны","pi":"1517","v":56284,"q":11.16,"c":758.63,"tl":8.0,"ir":[{"cn":"Tomorrow S.R.L.","pi":"1477","ui":"3773813","t":14761,"r":14701,"q":1.0,"p":3000.0,"mot":"L","mo":8400.0},{"cn":"hj corp","pi":"1485","ui":"3270794","t":41192,"r":38592,"q":23.02,"p":1000.0,"mot":"U","mo":0.0}],"mwc":5000,"ctm":true},{"mi":"2435","s":"Мобильные телефоны","pi":"1517","v":56284,"q":10.17,"c":738.63,"tl":8.0,"ir":[{"cn":"Tomorrow S.R.L.","pi":"1477","ui":"3773813","t":14761,"r":14701,"q":1.0,"p":3000.0,"mot":"L","mo":8400.0},{"cn":"Лабиринт","pi":"1485","ui":"3585280","t":1801785,"r":1801785,"q":18.78,"p":800.0,"mot":"U","mo":0.0}],"mwc":5000,"ctm":true},{"mi":"2435","s":"Мобильные телефоны","pi":"1517","v":56284,"q":9.85,"c":718.63,"tl":8.0,"ir":[{"cn":"Tomorrow S.R.L.","pi":"1477","ui":"3773813","t":14761,"r":14701,"q":1.0,"p":3000.0,"mot":"L","mo":8400.0},{"cn":"Nadeau Corporation","pi":"1485","ui":"3733495","t":266706,"r":262309,"q":17.5,"p":600.0,"mot":"U","mo":0.0}],"mwc":5000,"ctm":true},{"mi":"2435","s":"Мобильные телефоны","pi":"1517","v":59098,"q":12.05,"c":755.84,"tl":9.0,"ir":[{"cn":"Tomorrow S.R.L.","pi":"1477","ui":"3773813","t":14761,"r":14701,"q":1.0,"p":3000.0,"mot":"L","mo":8400.0},{"cn":"hj corp","pi":"1485","ui":"3270794","t":41192,"r":38592,"q":23.02,"p":1000.0,"mot":"U","mo":0.0}],"mwc":5000,"ctm":true},{"mi":"2435","s":"Мобильные телефоны","pi":"1517","v":59098,"q":10.98,"c":735.84,"tl":9.0,"ir":[{"cn":"Tomorrow S.R.L.","pi":"1477","ui":"3773813","t":14761,"r":14701,"q":1.0,"p":3000.0,"mot":"L","mo":8400.0},{"cn":"Лабиринт","pi":"1485","ui":"3585280","t":1801785,"r":1801785,"q":18.78,"p":800.0,"mot":"U","mo":0.0}],"mwc":5000,"ctm":true},{"mi":"2435","s":"Мобильные телефоны","pi":"1517","v":59098,"q":10.63,"c":715.84,"tl":9.0,"ir":[{"cn":"Tomorrow S.R.L.","pi":"1477","ui":"3773813","t":14761,"r":14701,"q":1.0,"p":3000.0,"mot":"L","mo":8400.0},{"cn":"Nadeau Corporation","pi":"1485","ui":"3733495","t":266706,"r":262309,"q":17.5,"p":600.0,"mot":"U","mo":0.0}],"mwc":5000,"ctm":true},{"mi":"2435","s":"Мобильные телефоны","pi":"1517","v":62053,"q":12.9,"c":753.18,"tl":10.0,"ir":[{"cn":"Tomorrow S.R.L.","pi":"1477","ui":"3773813","t":14761,"r":14701,"q":1.0,"p":3000.0,"mot":"L","mo":8400.0},{"cn":"hj corp","pi":"1485","ui":"3270794","t":41192,"r":38592,"q":23.02,"p":1000.0,"mot":"U","mo":0.0}],"mwc":5000,"ctm":true},{"mi":"2435","s":"Мобильные телефоны","pi":"1517","v":62053,"q":11.76,"c":733.18,"tl":10.0,"ir":[{"cn":"Tomorrow S.R.L.","pi":"1477","ui":"3773813","t":14761,"r":14701,"q":1.0,"p":3000.0,"mot":"L","mo":8400.0},{"cn":"Лабиринт","pi":"1485","ui":"3585280","t":1801785,"r":1801785,"q":18.78,"p":800.0,"mot":"U","mo":0.0}],"mwc":5000,"ctm":true},{"mi":"2435","s":"Мобильные телефоны","pi":"1517","v":62053,"q":11.39,"c":713.18,"tl":10.0,"ir":[{"cn":"Tomorrow S.R.L.","pi":"1477","ui":"3773813","t":14761,"r":14701,"q":1.0,"p":3000.0,"mot":"L","mo":8400.0},{"cn":"Nadeau Corporation","pi":"1485","ui":"3733495","t":266706,"r":262309,"q":17.5,"p":600.0,"mot":"U","mo":0.0}],"mwc":5000,"ctm":true},{"mi":"2435","s":"Мобильные телефоны","pi":"1517","v":65156,"q":13.72,"c":750.65,"tl":11.0,"ir":[{"cn":"Tomorrow S.R.L.","pi":"1477","ui":"3773813","t":14761,"r":14701,"q":1.0,"p":3000.0,"mot":"L","mo":8400.0},{"cn":"hj corp","pi":"1485","ui":"3270794","t":41192,"r":38592,"q":23.02,"p":1000.0,"mot":"U","mo":0.0}],"mwc":5000,"ctm":true},{"mi":"2435","s":"Мобильные телефоны","pi":"1517","v":65156,"q":12.51,"c":730.65,"tl":11.0,"ir":[{"cn":"Tomorrow S.R.L.","pi":"1477","ui":"3773813","t":14761,"r":14701,"q":1.0,"p":3000.0,"mot":"L","mo":8400.0},{"cn":"Лабиринт","pi":"1485","ui":"3585280","t":1801785,"r":1801785,"q":18.78,"p":800.0,"mot":"U","mo":0.0}],"mwc":5000,"ctm":true},{"mi":"2435","s":"Мобильные телефоны","pi":"1517","v":65156,"q":12.12,"c":710.65,"tl":11.0,"ir":[{"cn":"Tomorrow S.R.L.","pi":"1477","ui":"3773813","t":14761,"r":14701,"q":1.0,"p":3000.0,"mot":"L","mo":8400.0},{"cn":"Nadeau Corporation","pi":"1485","ui":"3733495","t":266706,"r":262309,"q":17.5,"p":600.0,"mot":"U","mo":0.0}],"mwc":5000,"ctm":true},{"mi":"2435","s":"Мобильные телефоны","pi":"1517","v":68414,"q":14.52,"c":748.24,"tl":12.0,"ir":[{"cn":"Tomorrow S.R.L.","pi":"1477","ui":"3773813","t":14761,"r":14701,"q":1.0,"p":3000.0,"mot":"L","mo":8400.0},{"cn":"hj corp","pi":"1485","ui":"3270794","t":41192,"r":38592,"q":23.02,"p":1000.0,"mot":"U","mo":0.0}],"mwc":5000,"ctm":true},{"mi":"2435","s":"Мобильные телефоны","pi":"1517","v":68414,"q":13.24,"c":728.24,"tl":12.0,"ir":[{"cn":"Tomorrow S.R.L.","pi":"1477","ui":"3773813","t":14761,"r":14701,"q":1.0,"p":3000.0,"mot":"L","mo":8400.0},{"cn":"Лабиринт","pi":"1485","ui":"3585280","t":1801785,"r":1801785,"q":18.78,"p":800.0,"mot":"U","mo":0.0}],"mwc":5000,"ctm":true},{"mi":"2435","s":"Мобильные телефоны","pi":"1517","v":68414,"q":12.82,"c":708.24,"tl":12.0,"ir":[{"cn":"Tomorrow S.R.L.","pi":"1477","ui":"3773813","t":14761,"r":14701,"q":1.0,"p":3000.0,"mot":"L","mo":8400.0},{"cn":"Nadeau Corporation","pi":"1485","ui":"3733495","t":266706,"r":262309,"q":17.5,"p":600.0,"mot":"U","mo":0.0}],"mwc":5000,"ctm":true},{"mi":"2435","s":"Мобильные телефоны","pi":"1517","v":71834,"q":15.3,"c":745.94,"tl":13.0,"ir":[{"cn":"Tomorrow S.R.L.","pi":"1477","ui":"3773813","t":14761,"r":14701,"q":1.0,"p":3000.0,"mot":"L","mo":8400.0},{"cn":"hj corp","pi":"1485","ui":"3270794","t":41192,"r":38592,"q":23.02,"p":1000.0,"mot":"U","mo":0.0}],"mwc":5000,"ctm":true},{"mi":"2435","s":"Мобильные телефоны","pi":"1517","v":71834,"q":13.94,"c":725.94,"tl":13.0,"ir":[{"cn":"Tomorrow S.R.L.","pi":"1477","ui":"3773813","t":14761,"r":14701,"q":1.0,"p":3000.0,"mot":"L","mo":8400.0},{"cn":"Лабиринт","pi":"1485","ui":"3585280","t":1801785,"r":1801785,"q":18.78,"p":800.0,"mot":"U","mo":0.0}],"mwc":5000,"ctm":true},{"mi":"2435","s":"Мобильные телефоны","pi":"1517","v":71834,"q":13.51,"c":705.94,"tl":13.0,"ir":[{"cn":"Tomorrow S.R.L.","pi":"1477","ui":"3773813","t":14761,"r":14701,"q":1.0,"p":3000.0,"mot":"L","mo":8400.0},{"cn":"Nadeau Corporation","pi":"1485","ui":"3733495","t":266706,"r":262309,"q":17.5,"p":600.0,"mot":"U","mo":0.0}],"mwc":5000,"ctm":true},{"mi":"2435","s":"Мобильные телефоны","pi":"1517","v":75426,"q":16.05,"c":743.75,"tl":14.0,"ir":[{"cn":"Tomorrow S.R.L.","pi":"1477","ui":"3773813","t":14761,"r":14701,"q":1.0,"p":3000.0,"mot":"L","mo":8400.0},{"cn":"hj corp","pi":"1485","ui":"3270794","t":41192,"r":38592,"q":23.02,"p":1000.0,"mot":"U","mo":0.0}],"mwc":5000,"ctm":true},{"mi":"2435","s":"Мобильные телефоны","pi":"1517","v":75426,"q":14.63,"c":723.75,"tl":14.0,"ir":[{"cn":"Tomorrow S.R.L.","pi":"1477","ui":"3773813","t":14761,"r":14701,"q":1.0,"p":3000.0,"mot":"L","mo":8400.0},{"cn":"Лабиринт","pi":"1485","ui":"3585280","t":1801785,"r":1801785,"q":18.78,"p":800.0,"mot":"U","mo":0.0}],"mwc":5000,"ctm":true},{"mi":"2435","s":"Мобильные телефоны","pi":"1517","v":75426,"q":14.17,"c":703.75,"tl":14.0,"ir":[{"cn":"Tomorrow S.R.L.","pi":"1477","ui":"3773813","t":14761,"r":14701,"q":1.0,"p":3000.0,"mot":"L","mo":8400.0},{"cn":"Nadeau Corporation","pi":"1485","ui":"3733495","t":266706,"r":262309,"q":17.5,"p":600.0,"mot":"U","mo":0.0}],"mwc":5000,"ctm":true},{"mi":"2435","s":"Мобильные телефоны","pi":"1517","v":79197,"q":16.79,"c":741.67,"tl":15.0,"ir":[{"cn":"Tomorrow S.R.L.","pi":"1477","ui":"3773813","t":14761,"r":14701,"q":1.0,"p":3000.0,"mot":"L","mo":8400.0},{"cn":"hj corp","pi":"1485","ui":"3270794","t":41192,"r":38592,"q":23.02,"p":1000.0,"mot":"U","mo":0.0}],"mwc":5000,"ctm":true},{"mi":"2435","s":"Мобильные телефоны","pi":"1517","v":79197,"q":15.3,"c":721.67,"tl":15.0,"ir":[{"cn":"Tomorrow S.R.L.","pi":"1477","ui":"3773813","t":14761,"r":14701,"q":1.0,"p":3000.0,"mot":"L","mo":8400.0},{"cn":"Лабиринт","pi":"1485","ui":"3585280","t":1801785,"r":1801785,"q":18.78,"p":800.0,"mot":"U","mo":0.0}],"mwc":5000,"ctm":true},{"mi":"2435","s":"Мобильные телефоны","pi":"1517","v":79197,"q":14.82,"c":701.67,"tl":15.0,"ir":[{"cn":"Tomorrow S.R.L.","pi":"1477","ui":"3773813","t":14761,"r":14701,"q":1.0,"p":3000.0,"mot":"L","mo":8400.0},{"cn":"Nadeau Corporation","pi":"1485","ui":"3733495","t":266706,"r":262309,"q":17.5,"p":600.0,"mot":"U","mo":0.0}],"mwc":5000,"ctm":true},{"mi":"2435","s":"Мобильные телефоны","pi":"1517","v":83157,"q":17.51,"c":739.68,"tl":16.0,"ir":[{"cn":"Tomorrow S.R.L.","pi":"1477","ui":"3773813","t":14761,"r":14701,"q":1.0,"p":3000.0,"mot":"L","mo":8400.0},{"cn":"hj corp","pi":"1485","ui":"3270794","t":41192,"r":38592,"q":23.02,"p":1000.0,"mot":"U","mo":0.0}],"mwc":5000,"ctm":true},{"mi":"2435","s":"Мобильные телефоны","pi":"1517","v":83157,"q":15.96,"c":719.68,"tl":16.0,"ir":[{"cn":"Tomorrow S.R.L.","pi":"1477","ui":"3773813","t":14761,"r":14701,"q":1.0,"p":3000.0,"mot":"L","mo":8400.0},{"cn":"Лабиринт","pi":"1485","ui":"3585280","t":1801785,"r":1801785,"q":18.78,"p":800.0,"mot":"U","mo":0.0}],"mwc":5000,"ctm":true},{"mi":"2435","s":"Мобильные телефоны","pi":"1517","v":83157,"q":15.46,"c":699.68,"tl":16.0,"ir":[{"cn":"Tomorrow S.R.L.","pi":"1477","ui":"3773813","t":14761,"r":14701,"q":1.0,"p":3000.0,"mot":"L","mo":8400.0},{"cn":"Nadeau Corporation","pi":"1485","ui":"3733495","t":266706,"r":262309,"q":17.5,"p":600.0,"mot":"U","mo":0.0}],"mwc":5000,"ctm":true},{"mi":"2435","s":"Мобильные телефоны","pi":"1517","v":87315,"q":18.21,"c":737.79,"tl":17.0,"ir":[{"cn":"Tomorrow S.R.L.","pi":"1477","ui":"3773813","t":14761,"r":14701,"q":1.0,"p":3000.0,"mot":"L","mo":8400.0},{"cn":"hj corp","pi":"1485","ui":"3270794","t":41192,"r":38592,"q":23.02,"p":1000.0,"mot":"U","mo":0.0}],"mwc":5000,"ctm":true},{"mi":"2435","s":"Мобильные телефоны","pi":"1517","v":87315,"q":16.6,"c":717.79,"tl":17.0,"ir":[{"cn":"Tomorrow S.R.L.","pi":"1477","ui":"3773813","t":14761,"r":14701,"q":1.0,"p":3000.0,"mot":"L","mo":8400.0},{"cn":"Лабиринт","pi":"1485","ui":"3585280","t":1801785,"r":1801785,"q":18.78,"p":800.0,"mot":"U","mo":0.0}],"mwc":5000,"ctm":true},{"mi":"2435","s":"Мобильные телефоны","pi":"1517","v":87315,"q":16.08,"c":697.79,"tl":17.0,"ir":[{"cn":"Tomorrow S.R.L.","pi":"1477","ui":"3773813","t":14761,"r":14701,"q":1.0,"p":3000.0,"mot":"L","mo":8400.0},{"cn":"Nadeau Corporation","pi":"1485","ui":"3733495","t":266706,"r":262309,"q":17.5,"p":600.0,"mot":"U","mo":0.0}],"mwc":5000,"ctm":true},{"mi":"2435","s":"Мобильные телефоны","pi":"1517","v":91681,"q":18.9,"c":735.99,"tl":18.0,"ir":[{"cn":"Tomorrow S.R.L.","pi":"1477","ui":"3773813","t":14761,"r":14701,"q":1.0,"p":3000.0,"mot":"L","mo":8400.0},{"cn":"hj corp","pi":"1485","ui":"3270794","t":41192,"r":38592,"q":23.02,"p":1000.0,"mot":"U","mo":0.0}],"mwc":5000,"ctm":true},{"mi":"2435","s":"Мобильные телефоны","pi":"1517","v":91681,"q":17.23,"c":715.99,"tl":18.0,"ir":[{"cn":"Tomorrow S.R.L.","pi":"1477","ui":"3773813","t":14761,"r":14701,"q":1.0,"p":3000.0,"mot":"L","mo":8400.0},{"cn":"Лабиринт","pi":"1485","ui":"3585280","t":1801785,"r":1801785,"q":18.78,"p":800.0,"mot":"U","mo":0.0}],"mwc":5000,"ctm":true},{"mi":"2435","s":"Мобильные телефоны","pi":"1517","v":91681,"q":16.69,"c":695.99,"tl":18.0,"ir":[{"cn":"Tomorrow S.R.L.","pi":"1477","ui":"3773813","t":14761,"r":14701,"q":1.0,"p":3000.0,"mot":"L","mo":8400.0},{"cn":"Nadeau Corporation","pi":"1485","ui":"3733495","t":266706,"r":262309,"q":17.5,"p":600.0,"mot":"U","mo":0.0}],"mwc":5000,"ctm":true},{"mi":"2435","s":"Мобильные телефоны","pi":"1517","v":96265,"q":19.58,"c":734.28,"tl":19.0,"ir":[{"cn":"Tomorrow S.R.L.","pi":"1477","ui":"3773813","t":14761,"r":14701,"q":1.0,"p":3000.0,"mot":"L","mo":8400.0},{"cn":"hj corp","pi":"1485","ui":"3270794","t":41192,"r":38592,"q":23.02,"p":1000.0,"mot":"U","mo":0.0}],"mwc":5000,"ctm":true},{"mi":"2435","s":"Мобильные телефоны","pi":"1517","v":96265,"q":17.84,"c":714.28,"tl":19.0,"ir":[{"cn":"Tomorrow S.R.L.","pi":"1477","ui":"3773813","t":14761,"r":14701,"q":1.0,"p":3000.0,"mot":"L","mo":8400.0},{"cn":"Лабиринт","pi":"1485","ui":"3585280","t":1801785,"r":1801785,"q":18.78,"p":800.0,"mot":"U","mo":0.0}],"mwc":5000,"ctm":true},{"mi":"2435","s":"Мобильные телефоны","pi":"1517","v":96265,"q":17.28,"c":694.28,"tl":19.0,"ir":[{"cn":"Tomorrow S.R.L.","pi":"1477","ui":"3773813","t":14761,"r":14701,"q":1.0,"p":3000.0,"mot":"L","mo":8400.0},{"cn":"Nadeau Corporation","pi":"1485","ui":"3733495","t":266706,"r":262309,"q":17.5,"p":600.0,"mot":"U","mo":0.0}],"mwc":5000,"ctm":true},{"mi":"2435","s":"Мобильные телефоны","pi":"1517","v":101078,"q":20.24,"c":732.65,"tl":20.0,"ir":[{"cn":"Tomorrow S.R.L.","pi":"1477","ui":"3773813","t":14761,"r":14701,"q":1.0,"p":3000.0,"mot":"L","mo":8400.0},{"cn":"hj corp","pi":"1485","ui":"3270794","t":41192,"r":38592,"q":23.02,"p":1000.0,"mot":"U","mo":0.0}],"mwc":5000,"ctm":true},{"mi":"2435","s":"Мобильные телефоны","pi":"1517","v":101078,"q":18.45,"c":712.65,"tl":20.0,"ir":[{"cn":"Tomorrow S.R.L.","pi":"1477","ui":"3773813","t":14761,"r":14701,"q":1.0,"p":3000.0,"mot":"L","mo":8400.0},{"cn":"Лабиринт","pi":"1485","ui":"3585280","t":1801785,"r":1801785,"q":18.78,"p":800.0,"mot":"U","mo":0.0}],"mwc":5000,"ctm":true},{"mi":"2435","s":"Мобильные телефоны","pi":"1517","v":101078,"q":17.87,"c":692.65,"tl":20.0,"ir":[{"cn":"Tomorrow S.R.L.","pi":"1477","ui":"3773813","t":14761,"r":14701,"q":1.0,"p":3000.0,"mot":"L","mo":8400.0},{"cn":"Nadeau Corporation","pi":"1485","ui":"3733495","t":266706,"r":262309,"q":17.5,"p":600.0,"mot":"U","mo":0.0}],"mwc":5000,"ctm":true},{"mi":"312812","s":"Нижнее бельё","pi":"312798","v":98997,"q":33.8,"c":225.33,"tl":15.0,"ir":[{"cn":"Maxi-Co LTD","pi":"312796","ui":"3178854","t":936961,"r":645901,"q":57.73,"p":21.0,"mot":"U","mo":0.0},{"cn":"Ellipsis","pi":"1479","ui":"3769663","t":25698,"r":24310,"q":8.1,"p":300.0,"mot":"U","mo":0.0}],"mwc":5000,"ctm":true},{"mi":"423659","s":"Подгузники","pi":"423627","v":60775,"q":8.1,"c":270.7,"tl":5.0,"ir":[{"cn":"Maxi-Co LTD","pi":"1483","ui":"3437623","t":221769956,"r":219382788,"q":26.44,"p":20.0,"mot":"U","mo":0.0},{"cn":"Ellipsis","pi":"1479","ui":"3769663","t":25698,"r":24310,"q":8.1,"p":300.0,"mot":"U","mo":0.0},{"cn":"MAXWELL.inc","pi":"312795","ui":"3568963","t":180807,"r":102947,"q":1.01,"p":4.0,"mot":"U","mo":0.0}],"mwc":5000,"ctm":true},{"mi":"423659","s":"Подгузники","pi":"423627","v":60775,"q":8.1,"c":270.9,"tl":5.0,"ir":[{"cn":"Maxi-Co LTD","pi":"1483","ui":"3437623","t":221769956,"r":219382788,"q":26.44,"p":20.0,"mot":"U","mo":0.0},{"cn":"Ellipsis","pi":"1479","ui":"3769663","t":25698,"r":24310,"q":8.1,"p":300.0,"mot":"U","mo":0.0},{"cn":"Maxi-Co LTD","pi":"312795","ui":"3182571","t":24909245,"r":24669815,"q":29.17,"p":6.0,"mot":"U","mo":0.0}],"mwc":5000,"ctm":true},{"mi":"423659","s":"Подгузники","pi":"423627","v":60775,"q":8.1,"c":272.52,"tl":5.0,"ir":[{"cn":"Maxi-Co LTD","pi":"1483","ui":"3437623","t":221769956,"r":219382788,"q":26.44,"p":20.0,"mot":"U","mo":0.0},{"cn":"Ellipsis","pi":"1479","ui":"3769663","t":25698,"r":24310,"q":8.1,"p":300.0,"mot":"U","mo":0.0},{"cn":"Ackermann Industries International","pi":"312795","ui":"3228604","t":17900,"r":17900,"q":8.09,"p":22.2,"mot":"U","mo":0.0}],"mwc":5000,"ctm":true},{"mi":"2411","s":"Журналы","pi":"1522","v":2078928,"q":110.28,"c":2.76,"tl":16.0,"ir":[{"cn":"Maxi-Co LTD","pi":"1476","ui":"3235830","t":824748,"r":513113,"q":39.06,"p":10.99,"mot":"U","mo":0.0},{"cn":"Parex","pi":"1472","ui":"3625039","t":4768973,"r":4731346,"q":44.93,"p":3.0,"mot":"U","mo":0.0}],"mwc":2500,"ctm":true},{"mi":"2411","s":"Журналы","pi":"1522","v":2078928,"q":110.28,"c":2.81,"tl":16.0,"ir":[{"cn":"WoodProf","pi":"1476","ui":"3725135","t":12610,"r":12010,"q":39.05,"p":13.0,"mot":"U","mo":0.0},{"cn":"Parex","pi":"1472","ui":"3625039","t":4768973,"r":4731346,"q":44.93,"p":3.0,"mot":"U","mo":0.0}],"mwc":2500,"ctm":true},{"mi":"2411","s":"Журналы","pi":"1522","v":2078928,"q":110.28,"c":6.24,"tl":16.0,"ir":[{"cn":"The Perfect 10","pi":"1476","ui":"3773811","t":14268,"r":14268,"q":2.46,"p":150.0,"mot":"U","mo":0.0},{"cn":"Parex","pi":"1472","ui":"3625039","t":4768973,"r":4731346,"q":44.93,"p":3.0,"mot":"U","mo":0.0}],"mwc":2500,"ctm":true},{"mi":"2411","s":"Журналы","pi":"1522","v":2182875,"q":119.32,"c":2.69,"tl":17.0,"ir":[{"cn":"Maxi-Co LTD","pi":"1476","ui":"3235830","t":824748,"r":513113,"q":39.06,"p":10.99,"mot":"U","mo":0.0},{"cn":"Parex","pi":"1472","ui":"3625039","t":4768973,"r":4731346,"q":44.93,"p":3.0,"mot":"U","mo":0.0}],"mwc":2500,"ctm":true},{"mi":"2411","s":"Журналы","pi":"1522","v":2182875,"q":119.32,"c":2.74,"tl":17.0,"ir":[{"cn":"WoodProf","pi":"1476","ui":"3725135","t":12610,"r":12010,"q":39.05,"p":13.0,"mot":"U","mo":0.0},{"cn":"Parex","pi":"1472","ui":"3625039","t":4768973,"r":4731346,"q":44.93,"p":3.0,"mot":"U","mo":0.0}],"mwc":2500,"ctm":true},{"mi":"2411","s":"Журналы","pi":"1522","v":2182875,"q":119.32,"c":6.16,"tl":17.0,"ir":[{"cn":"The Perfect 10","pi":"1476","ui":"3773811","t":14268,"r":14268,"q":2.46,"p":150.0,"mot":"U","mo":0.0},{"cn":"Parex","pi":"1472","ui":"3625039","t":4768973,"r":4731346,"q":44.93,"p":3.0,"mot":"U","mo":0.0}],"mwc":2500,"ctm":true},{"mi":"423307","s":"Принтер","pi":"423273","v":28142,"q":14.93,"c":4128.25,"tl":8.0,"ir":[{"cn":"Tomorrow S.R.L.","pi":"1477","ui":"3773813","t":14761,"r":14701,"q":1.0,"p":3000.0,"mot":"L","mo":8400.0},{"cn":"hj corp","pi":"1485","ui":"2687732","t":33743,"r":32713,"q":16.18,"p":500.0,"mot":"U","mo":0.0},{"cn":"Maxi-Co LTD","pi":"1476","ui":"3235830","t":824748,"r":513113,"q":39.06,"p":10.99,"mot":"U","mo":0.0}],"mwc":5000,"ctm":true},{"mi":"423307","s":"Принтер","pi":"423273","v":28142,"q":14.93,"c":4130.26,"tl":8.0,"ir":[{"cn":"Tomorrow S.R.L.","pi":"1477","ui":"3773813","t":14761,"r":14701,"q":1.0,"p":3000.0,"mot":"L","mo":8400.0},{"cn":"hj corp","pi":"1485","ui":"2687732","t":33743,"r":32713,"q":16.18,"p":500.0,"mot":"U","mo":0.0},{"cn":"WoodProf","pi":"1476","ui":"3725135","t":12610,"r":12010,"q":39.05,"p":13.0,"mot":"U","mo":0.0}],"mwc":5000,"ctm":true},{"mi":"423307","s":"Принтер","pi":"423273","v":28142,"q":14.93,"c":4328.25,"tl":8.0,"ir":[{"cn":"Tomorrow S.R.L.","pi":"1477","ui":"3773813","t":14761,"r":14701,"q":1.0,"p":3000.0,"mot":"L","mo":8400.0},{"cn":"Nadeau Corporation","pi":"1485","ui":"3733495","t":266706,"r":262309,"q":17.5,"p":600.0,"mot":"U","mo":0.0},{"cn":"Maxi-Co LTD","pi":"1476","ui":"3235830","t":824748,"r":513113,"q":39.06,"p":10.99,"mot":"U","mo":0.0}],"mwc":5000,"ctm":true},{"mi":"3878","s":"Стиральные машины с кипячением","pi":"3867","v":14849,"q":42.25,"c":857.23,"tl":15.0,"ir":[{"cn":"Parex","pi":"1475","ui":"3007254","t":148133,"r":145633,"q":61.85,"p":500.0,"mot":"U","mo":0.0},{"cn":"Engkari corp","pi":"1480","ui":"3775933","t":13194,"r":1334,"q":4.82,"p":50.0,"mot":"U","mo":0.0},{"cn":"hj corp","pi":"1485","ui":"2687732","t":33743,"r":32713,"q":16.18,"p":500.0,"mot":"U","mo":0.0},{"cn":"Parex","pi":"7090","ui":"2892035","t":9012507,"r":8781080,"q":63.81,"p":110.0,"mot":"U","mo":0.0}],"mwc":5000,"ctm":true},{"mi":"3878","s":"Стиральные машины с кипячением","pi":"3867","v":14849,"q":42.25,"c":867.23,"tl":15.0,"ir":[{"cn":"Parex","pi":"1475","ui":"3007254","t":148133,"r":145633,"q":61.85,"p":500.0,"mot":"U","mo":0.0},{"cn":"Engkari corp","pi":"1480","ui":"3775933","t":13194,"r":1334,"q":4.82,"p":50.0,"mot":"U","mo":0.0},{"cn":"hj corp","pi":"1485","ui":"2687732","t":33743,"r":32713,"q":16.18,"p":500.0,"mot":"U","mo":0.0},{"cn":"Parex","pi":"7090","ui":"3625039","t":3021080,"r":3021050,"q":63.45,"p":120.0,"mot":"U","mo":0.0}],"mwc":5000,"ctm":true},{"mi":"3878","s":"Стиральные машины с кипячением","pi":"3867","v":14849,"q":42.25,"c":882.23,"tl":15.0,"ir":[{"cn":"Parex","pi":"1475","ui":"3007254","t":148133,"r":145633,"q":61.85,"p":500.0,"mot":"U","mo":0.0},{"cn":"Engkari corp","pi":"1480","ui":"3775933","t":13194,"r":1334,"q":4.82,"p":50.0,"mot":"U","mo":0.0},{"cn":"Nadeau Corporation","pi":"1485","ui":"3733495","t":266706,"r":262309,"q":17.5,"p":600.0,"mot":"U","mo":0.0},{"cn":"Parex","pi":"7090","ui":"2892035","t":9012507,"r":8781080,"q":63.81,"p":110.0,"mot":"U","mo":0.0}],"mwc":5000,"ctm":true},{"mi":"2438","s":"Фундаментная рама","pi":"10717","v":4052,"q":8.91,"c":402079.98,"tl":5.0,"ir":[{"cn":"T9","pi":"1480","ui":"3713205","t":62502,"r":62422,"q":4.88,"p":50000.0,"mot":"U","mo":0.0},{"cn":"Luna","pi":"1463","ui":"3597686","t":30240702,"r":29921710,"q":13.13,"p":8.5,"mot":"U","mo":0.0},{"cn":"MAXWELL.inc","pi":"1473","ui":"3643929","t":1294,"r":1084,"q":1.04,"p":1200.0,"mot":"U","mo":0.0},{"cn":"DukeLeto Invest","pi":"1475","ui":"3389803","t":843657,"r":819340,"q":28.71,"p":40.0,"mot":"U","mo":0.0}],"mwc":15000,"ctm":false},{"mi":"2438","s":"Фундаментная рама","pi":"10717","v":4052,"q":8.91,"c":402082.98,"tl":5.0,"ir":[{"cn":"T9","pi":"1480","ui":"3713205","t":62502,"r":62422,"q":4.88,"p":50000.0,"mot":"U","mo":0.0},{"cn":"Luna","pi":"1463","ui":"3406414","t":43369780,"r":43231700,"q":13.14,"p":9.5,"mot":"U","mo":0.0},{"cn":"MAXWELL.inc","pi":"1473","ui":"3643929","t":1294,"r":1084,"q":1.04,"p":1200.0,"mot":"U","mo":0.0},{"cn":"DukeLeto Invest","pi":"1475","ui":"3389803","t":843657,"r":819340,"q":28.71,"p":40.0,"mot":"U","mo":0.0}],"mwc":15000,"ctm":false},{"mi":"2438","s":"Фундаментная рама","pi":"10717","v":4052,"q":8.91,"c":402084.48,"tl":5.0,"ir":[{"cn":"T9","pi":"1480","ui":"3713205","t":62502,"r":62422,"q":4.88,"p":50000.0,"mot":"U","mo":0.0},{"cn":"WoodProf","pi":"1463","ui":"3725135","t":5050,"r":5050,"q":13.23,"p":10.0,"mot":"U","mo":0.0},{"cn":"MAXWELL.inc","pi":"1473","ui":"3643929","t":1294,"r":1084,"q":1.04,"p":1200.0,"mot":"U","mo":0.0},{"cn":"DukeLeto Invest","pi":"1475","ui":"3389803","t":843657,"r":819340,"q":28.71,"p":40.0,"mot":"U","mo":0.0}],"mwc":15000,"ctm":false},{"mi":"2438","s":"Фундаментная рама","pi":"10717","v":4254,"q":11.3,"c":402501.19,"tl":6.0,"ir":[{"cn":"T9","pi":"1480","ui":"3713205","t":62502,"r":62422,"q":4.88,"p":50000.0,"mot":"U","mo":0.0},{"cn":"Luna","pi":"1463","ui":"3597686","t":30240702,"r":29921710,"q":13.13,"p":8.5,"mot":"U","mo":0.0},{"cn":"MAXWELL.inc","pi":"1473","ui":"3643929","t":1294,"r":1084,"q":1.04,"p":1200.0,"mot":"U","mo":0.0},{"cn":"Parex","pi":"1475","ui":"3007254","t":148133,"r":145633,"q":61.85,"p":500.0,"mot":"U","mo":0.0}],"mwc":15000,"ctm":false},{"mi":"2438","s":"Фундаментная рама","pi":"10717","v":4254,"q":11.3,"c":402504.19,"tl":6.0,"ir":[{"cn":"T9","pi":"1480","ui":"3713205","t":62502,"r":62422,"q":4.88,"p":50000.0,"mot":"U","mo":0.0},{"cn":"Luna","pi":"1463","ui":"3406414","t":43369780,"r":43231700,"q":13.14,"p":9.5,"mot":"U","mo":0.0},{"cn":"MAXWELL.inc","pi":"1473","ui":"3643929","t":1294,"r":1084,"q":1.04,"p":1200.0,"mot":"U","mo":0.0},{"cn":"Parex","pi":"1475","ui":"3007254","t":148133,"r":145633,"q":61.85,"p":500.0,"mot":"U","mo":0.0}],"mwc":15000,"ctm":false},{"mi":"2438","s":"Фундаментная рама","pi":"10717","v":4254,"q":11.3,"c":402505.69,"tl":6.0,"ir":[{"cn":"T9","pi":"1480","ui":"3713205","t":62502,"r":62422,"q":4.88,"p":50000.0,"mot":"U","mo":0.0},{"cn":"WoodProf","pi":"1463","ui":"3725135","t":5050,"r":5050,"q":13.23,"p":10.0,"mot":"U","mo":0.0},{"cn":"MAXWELL.inc","pi":"1473","ui":"3643929","t":1294,"r":1084,"q":1.04,"p":1200.0,"mot":"U","mo":0.0},{"cn":"Parex","pi":"1475","ui":"3007254","t":148133,"r":145633,"q":61.85,"p":500.0,"mot":"U","mo":0.0}],"mwc":15000,"ctm":false},{"mi":"2438","s":"Фундаментная рама","pi":"10717","v":4467,"q":13.18,"c":404268.75,"tl":7.0,"ir":[{"cn":"T9","pi":"1480","ui":"3713205","t":62502,"r":62422,"q":4.88,"p":50000.0,"mot":"U","mo":0.0},{"cn":"WoodProf","pi":"1463","ui":"3725135","t":5050,"r":5050,"q":13.23,"p":10.0,"mot":"U","mo":0.0},{"cn":"Ellipsis","pi":"1473","ui":"3727764","t":5318,"r":5248,"q":8.18,"p":3000.0,"mot":"U","mo":0.0},{"cn":"Parex","pi":"1475","ui":"3007254","t":148133,"r":145633,"q":61.85,"p":500.0,"mot":"U","mo":0.0}],"mwc":15000,"ctm":false},{"mi":"2438","s":"Фундаментная рама","pi":"10717","v":4467,"q":13.17,"c":404264.25,"tl":7.0,"ir":[{"cn":"T9","pi":"1480","ui":"3713205","t":62502,"r":62422,"q":4.88,"p":50000.0,"mot":"U","mo":0.0},{"cn":"Luna","pi":"1463","ui":"3597686","t":30240702,"r":29921710,"q":13.13,"p":8.5,"mot":"U","mo":0.0},{"cn":"Ellipsis","pi":"1473","ui":"3727764","t":5318,"r":5248,"q":8.18,"p":3000.0,"mot":"U","mo":0.0},{"cn":"Parex","pi":"1475","ui":"3007254","t":148133,"r":145633,"q":61.85,"p":500.0,"mot":"U","mo":0.0}],"mwc":15000,"ctm":false},{"mi":"2438","s":"Фундаментная рама","pi":"10717","v":4467,"q":13.17,"c":404267.25,"tl":7.0,"ir":[{"cn":"T9","pi":"1480","ui":"3713205","t":62502,"r":62422,"q":4.88,"p":50000.0,"mot":"U","mo":0.0},{"cn":"Luna","pi":"1463","ui":"3406414","t":43369780,"r":43231700,"q":13.14,"p":9.5,"mot":"U","mo":0.0},{"cn":"Ellipsis","pi":"1473","ui":"3727764","t":5318,"r":5248,"q":8.18,"p":3000.0,"mot":"U","mo":0.0},{"cn":"Parex","pi":"1475","ui":"3007254","t":148133,"r":145633,"q":61.85,"p":500.0,"mot":"U","mo":0.0}],"mwc":15000,"ctm":false},{"mi":"2438","s":"Фундаментная рама","pi":"10717","v":4690,"q":14.38,"c":404233.57,"tl":8.0,"ir":[{"cn":"T9","pi":"1480","ui":"3713205","t":62502,"r":62422,"q":4.88,"p":50000.0,"mot":"U","mo":0.0},{"cn":"WoodProf","pi":"1463","ui":"3725135","t":5050,"r":5050,"q":13.23,"p":10.0,"mot":"U","mo":0.0},{"cn":"Ellipsis","pi":"1473","ui":"3727764","t":5318,"r":5248,"q":8.18,"p":3000.0,"mot":"U","mo":0.0},{"cn":"Parex","pi":"1475","ui":"3007254","t":148133,"r":145633,"q":61.85,"p":500.0,"mot":"U","mo":0.0}],"mwc":15000,"ctm":false},{"mi":"2438","s":"Фундаментная рама","pi":"10717","v":4690,"q":14.36,"c":404229.07,"tl":8.0,"ir":[{"cn":"T9","pi":"1480","ui":"3713205","t":62502,"r":62422,"q":4.88,"p":50000.0,"mot":"U","mo":0.0},{"cn":"Luna","pi":"1463","ui":"3597686","t":30240702,"r":29921710,"q":13.13,"p":8.5,"mot":"U","mo":0.0},{"cn":"Ellipsis","pi":"1473","ui":"3727764","t":5318,"r":5248,"q":8.18,"p":3000.0,"mot":"U","mo":0.0},{"cn":"Parex","pi":"1475","ui":"3007254","t":148133,"r":145633,"q":61.85,"p":500.0,"mot":"U","mo":0.0}],"mwc":15000,"ctm":false},{"mi":"2438","s":"Фундаментная рама","pi":"10717","v":4690,"q":14.36,"c":404232.07,"tl":8.0,"ir":[{"cn":"T9","pi":"1480","ui":"3713205","t":62502,"r":62422,"q":4.88,"p":50000.0,"mot":"U","mo":0.0},{"cn":"Luna","pi":"1463","ui":"3406414","t":43369780,"r":43231700,"q":13.14,"p":9.5,"mot":"U","mo":0.0},{"cn":"Ellipsis","pi":"1473","ui":"3727764","t":5318,"r":5248,"q":8.18,"p":3000.0,"mot":"U","mo":0.0},{"cn":"Parex","pi":"1475","ui":"3007254","t":148133,"r":145633,"q":61.85,"p":500.0,"mot":"U","mo":0.0}],"mwc":15000,"ctm":false},{"mi":"2438","s":"Пилорама","pi":"10717","v":7293,"q":8.1,"c":400516.49,"tl":5.0,"ir":[{"cn":"T9","pi":"1480","ui":"3713205","t":62502,"r":62422,"q":4.88,"p":50000.0,"mot":"U","mo":0.0},{"cn":"Nadeau Corporation","pi":"1463","ui":"3364179","t":2705659,"r":2703659,"q":9.92,"p":8.0,"mot":"U","mo":0.0},{"cn":"DukeLeto Invest","pi":"1475","ui":"3389803","t":843657,"r":819340,"q":28.71,"p":40.0,"mot":"U","mo":0.0}],"mwc":15000,"ctm":false},{"mi":"2438","s":"Пилорама","pi":"10717","v":7293,"q":8.1,"c":400517.99,"tl":5.0,"ir":[{"cn":"T9","pi":"1480","ui":"3713205","t":62502,"r":62422,"q":4.88,"p":50000.0,"mot":"U","mo":0.0},{"cn":"Luna","pi":"1463","ui":"3597686","t":30240702,"r":29921710,"q":13.13,"p":8.5,"mot":"U","mo":0.0},{"cn":"DukeLeto Invest","pi":"1475","ui":"3389803","t":843657,"r":819340,"q":28.71,"p":40.0,"mot":"U","mo":0.0}],"mwc":15000,"ctm":false},{"mi":"2438","s":"Пилорама","pi":"10717","v":7293,"q":8.1,"c":400520.99,"tl":5.0,"ir":[{"cn":"T9","pi":"1480","ui":"3713205","t":62502,"r":62422,"q":4.88,"p":50000.0,"mot":"U","mo":0.0},{"cn":"Luna","pi":"1463","ui":"3406414","t":43369780,"r":43231700,"q":13.14,"p":9.5,"mot":"U","mo":0.0},{"cn":"DukeLeto Invest","pi":"1475","ui":"3389803","t":843657,"r":819340,"q":28.71,"p":40.0,"mot":"U","mo":0.0}],"mwc":15000,"ctm":false},{"mi":"2438","s":"Пилорама","pi":"10717","v":7658,"q":10.27,"c":400954.94,"tl":6.0,"ir":[{"cn":"T9","pi":"1480","ui":"3713205","t":62502,"r":62422,"q":4.88,"p":50000.0,"mot":"U","mo":0.0},{"cn":"Nadeau Corporation","pi":"1463","ui":"3364179","t":2705659,"r":2703659,"q":9.92,"p":8.0,"mot":"U","mo":0.0},{"cn":"Parex","pi":"1475","ui":"3007254","t":148133,"r":145633,"q":61.85,"p":500.0,"mot":"U","mo":0.0}],"mwc":15000,"ctm":false},{"mi":"2438","s":"Пилорама","pi":"10717","v":7658,"q":10.27,"c":400954.94,"tl":6.0,"ir":[{"cn":"T9","pi":"1480","ui":"3713205","t":62502,"r":62422,"q":4.88,"p":50000.0,"mot":"U","mo":0.0},{"cn":"Корпорация \"Электрон\"","pi":"1463","ui":"3712257","t":727257,"r":719215,"q":7.75,"p":8.0,"mot":"U","mo":0.0},{"cn":"Parex","pi":"1475","ui":"3007254","t":148133,"r":145633,"q":61.85,"p":500.0,"mot":"U","mo":0.0}],"mwc":15000,"ctm":false},{"mi":"2438","s":"Пилорама","pi":"10717","v":7658,"q":10.27,"c":400956.44,"tl":6.0,"ir":[{"cn":"T9","pi":"1480","ui":"3713205","t":62502,"r":62422,"q":4.88,"p":50000.0,"mot":"U","mo":0.0},{"cn":"Luna","pi":"1463","ui":"3597686","t":30240702,"r":29921710,"q":13.13,"p":8.5,"mot":"U","mo":0.0},{"cn":"Parex","pi":"1475","ui":"3007254","t":148133,"r":145633,"q":61.85,"p":500.0,"mot":"U","mo":0.0}],"mwc":15000,"ctm":false},{"mi":"2438","s":"Пилорама","pi":"10717","v":8041,"q":12.13,"c":400940.42,"tl":7.0,"ir":[{"cn":"T9","pi":"1480","ui":"3713205","t":62502,"r":62422,"q":4.88,"p":50000.0,"mot":"U","mo":0.0},{"cn":"WoodProf","pi":"1463","ui":"3725135","t":5050,"r":5050,"q":13.23,"p":10.0,"mot":"U","mo":0.0},{"cn":"Parex","pi":"1475","ui":"3007254","t":148133,"r":145633,"q":61.85,"p":500.0,"mot":"U","mo":0.0}],"mwc":15000,"ctm":false},{"mi":"2438","s":"Пилорама","pi":"10717","v":8041,"q":12.11,"c":400935.92,"tl":7.0,"ir":[{"cn":"T9","pi":"1480","ui":"3713205","t":62502,"r":62422,"q":4.88,"p":50000.0,"mot":"U","mo":0.0},{"cn":"Luna","pi":"1463","ui":"3597686","t":30240702,"r":29921710,"q":13.13,"p":8.5,"mot":"U","mo":0.0},{"cn":"Parex","pi":"1475","ui":"3007254","t":148133,"r":145633,"q":61.85,"p":500.0,"mot":"U","mo":0.0}],"mwc":15000,"ctm":false},{"mi":"2438","s":"Пилорама","pi":"10717","v":8041,"q":12.11,"c":400938.92,"tl":7.0,"ir":[{"cn":"T9","pi":"1480","ui":"3713205","t":62502,"r":62422,"q":4.88,"p":50000.0,"mot":"U","mo":0.0},{"cn":"Luna","pi":"1463","ui":"3406414","t":43369780,"r":43231700,"q":13.14,"p":9.5,"mot":"U","mo":0.0},{"cn":"Parex","pi":"1475","ui":"3007254","t":148133,"r":145633,"q":61.85,"p":500.0,"mot":"U","mo":0.0}],"mwc":15000,"ctm":false},{"mi":"2438","s":"Пилорама","pi":"10717","v":8443,"q":13.22,"c":400920.87,"tl":8.0,"ir":[{"cn":"T9","pi":"1480","ui":"3713205","t":62502,"r":62422,"q":4.88,"p":50000.0,"mot":"U","mo":0.0},{"cn":"WoodProf","pi":"1463","ui":"3725135","t":5050,"r":5050,"q":13.23,"p":10.0,"mot":"U","mo":0.0},{"cn":"Parex","pi":"1475","ui":"3007254","t":148133,"r":145633,"q":61.85,"p":500.0,"mot":"U","mo":0.0}],"mwc":15000,"ctm":false},{"mi":"2438","s":"Пилорама","pi":"10717","v":8443,"q":13.21,"c":400916.37,"tl":8.0,"ir":[{"cn":"T9","pi":"1480","ui":"3713205","t":62502,"r":62422,"q":4.88,"p":50000.0,"mot":"U","mo":0.0},{"cn":"Luna","pi":"1463","ui":"3597686","t":30240702,"r":29921710,"q":13.13,"p":8.5,"mot":"U","mo":0.0},{"cn":"Parex","pi":"1475","ui":"3007254","t":148133,"r":145633,"q":61.85,"p":500.0,"mot":"U","mo":0.0}],"mwc":15000,"ctm":false},{"mi":"2438","s":"Пилорама","pi":"10717","v":8443,"q":13.21,"c":400919.37,"tl":8.0,"ir":[{"cn":"T9","pi":"1480","ui":"3713205","t":62502,"r":62422,"q":4.88,"p":50000.0,"mot":"U","mo":0.0},{"cn":"Luna","pi":"1463","ui":"3406414","t":43369780,"r":43231700,"q":13.14,"p":9.5,"mot":"U","mo":0.0},{"cn":"Parex","pi":"1475","ui":"3007254","t":148133,"r":145633,"q":61.85,"p":500.0,"mot":"U","mo":0.0}],"mwc":15000,"ctm":false}]