[{"d":"25.06.2017","r":235.0,"q":1.25,"p":93.62,"s":[{"cn":"Пи100лет","ui":"7139847","t":160.0,"r":160.0,"q":1.25,"p":100.0,"mot":"U","mo":160.0},{"cn":"Slafff72 ups","ui":"7142053","t":75.0,"r":75.0,"q":1.25,"p":80.0,"mot":"U","mo":75.0},{"cn":"","ui":"","t":0.0,"r":0.0,"q":0.0,"p":0.0,"mot":"L","mo":0.0}]},{"d":"01.07.2017","r":1519.0,"q":1.02,"p":439.0,"s":[{"cn":"Alex Capital","ui":"7145388","t":320.0,"r":119.0,"q":1.25,"p":439.0,"mot":"U","mo":119.0},{"cn":"Атрейд","ui":"7145128","t":8000.0,"r":1400.0,"q":1.0,"p":439.0,"mot":"U","mo":1400.0},{"cn":"","ui":"","t":0.0,"r":0.0,"q":0.0,"p":0.0,"mot":"L","mo":0.0}]},{"d":"02.07.2017","r":4541.0,"q":1.1,"p":426.47,"s":[{"cn":"ООО «Тень»","ui":"7142451","t":1600.0,"r":1000.0,"q":1.25,"p":390.0,"mot":"U","mo":1000.0},{"cn":"Alex Capital","ui":"7145388","t":439.0,"r":238.0,"q":1.25,"p":439.0,"mot":"U","mo":238.0},{"cn":"Атрейд","ui":"7145128","t":9385.0,"r":2785.0,"q":1.0,"p":439.0,"mot":"U","mo":2785.0},{"cn":"Alex Capital","ui":"7147462","t":320.0,"r":320.0,"q":1.25,"p":439.0,"mot":"U","mo":320.0},{"cn":"","ui":"","t":400.0,"r":198.0,"q":1.25,"p":399.0,"mot":"L","mo":198.0}]},{"d":"03.07.2017","r":1131.0,"q":1.23,"p":445.62,"s":[{"cn":"RamzTrade","ui":"7142980","t":416.0,"r":416.0,"q":1.25,"p":457.0,"mot":"U","mo":416.0},{"cn":"Атрейд","ui":"7145128","t":10785.0,"r":85.0,"q":1.0,"p":439.0,"mot":"U","mo":85.0},{"cn":"Alex Capital","ui":"7147462","t":640.0,"r":630.0,"q":1.25,"p":439.0,"mot":"U","mo":630.0},{"cn":"","ui":"","t":0.0,"r":0.0,"q":0.0,"p":0.0,"mot":"L","mo":0.0}]},{"d":"07.07.2017","r":1025.0,"q":1.25,"p":1778.98,"s":[{"cn":"Matias Limited","ui":"7143389","t":1596.0,"r":795.0,"q":1.25,"p":2000.0,"mot":"U","mo":795.0},{"cn":"te$t","ui":"7151197","t":240.0,"r":230.0,"q":1.25,"p":1015.0,"mot":"U","mo":230.0},{"cn":"","ui":"","t":0.0,"r":0.0,"q":0.0,"p":0.0,"mot":"L","mo":0.0}]},{"d":"08.07.2017","r":4703.0,"q":1.25,"p":1456.32,"s":[{"cn":"Matias Limited","ui":"7143389","t":2598.0,"r":2298.0,"q":1.25,"p":2000.0,"mot":"U","mo":2298.0},{"cn":"Strategic alliance Eternity","ui":"7143815","t":1856.0,"r":1856.0,"q":1.25,"p":850.0,"mot":"U","mo":1856.0},{"cn":"te$t","ui":"7151197","t":390.0,"r":389.0,"q":1.25,"p":955.0,"mot":"U","mo":389.0},{"cn":"","ui":"","t":160.0,"r":160.0,"q":1.25,"p":1900.0,"mot":"L","mo":160.0}]},{"d":"09.07.2017","r":4775.0,"q":1.25,"p":1855.02,"s":[{"cn":"Matias Limited","ui":"7143389","t":4159.0,"r":3859.0,"q":1.25,"p":2000.0,"mot":"U","mo":3859.0},{"cn":"˜”*°•.๖ۣۣۜKoŘoĻeVǻ.•°*”˜","ui":"7145671","t":320.0,"r":320.0,"q":1.25,"p":1900.0,"mot":"U","mo":320.0},{"cn":"te$t","ui":"7151197","t":548.0,"r":548.0,"q":1.25,"p":955.0,"mot":"U","mo":548.0},{"cn":"","ui":"","t":148.0,"r":48.0,"q":1.25,"p":175.0,"mot":"L","mo":48.0}]},{"d":"10.07.2017","r":6405.0,"q":1.25,"p":1035.94,"s":[{"cn":"Matias Limited","ui":"7143389","t":5717.0,"r":5217.0,"q":1.25,"p":1000.0,"mot":"U","mo":5217.0},{"cn":"˜”*°•.๖ۣۣۜKoŘoĻeVǻ.•°*”˜","ui":"7145671","t":480.0,"r":480.0,"q":1.25,"p":1900.0,"mot":"U","mo":480.0},{"cn":"te$t","ui":"7151197","t":708.0,"r":708.0,"q":1.25,"p":715.0,"mot":"U","mo":708.0},{"cn":"","ui":"","t":0.0,"r":0.0,"q":0.0,"p":0.0,"mot":"L","mo":0.0}]},{"d":"11.07.2017","r":1140.0,"q":1.25,"p":1285.96,"s":[{"cn":"Matias Limited","ui":"7143389","t":6797.0,"r":3861.0,"q":1.25,"p":500.0,"mot":"L","mo":500.0},{"cn":"˜”*°•.๖ۣۣۜKoŘoĻeVǻ.•°*”˜","ui":"7145671","t":640.0,"r":640.0,"q":1.25,"p":1900.0,"mot":"U","mo":640.0},{"cn":"","ui":"","t":0.0,"r":0.0,"q":0.0,"p":0.0,"mot":"L","mo":0.0}]},{"d":"12.07.2017","r":12208.0,"q":1.04,"p":583.15,"s":[{"cn":"Атрейд","ui":"7145128","t":19905.0,"r":10905.0,"q":1.0,"p":490.0,"mot":"U","mo":10905.0},{"cn":"˜”*°•.๖ۣۣۜKoŘoĻeVǻ.•°*”˜","ui":"7145671","t":808.0,"r":803.0,"q":1.4,"p":1900.0,"mot":"U","mo":803.0},{"cn":"","ui":"","t":5457.0,"r":500.0,"q":1.25,"p":500.0,"mot":"L","mo":500.0}]},{"d":"13.07.2017","r":15242.0,"q":1.0,"p":490.0,"s":[{"cn":"Атрейд","ui":"7145128","t":30775.0,"r":15242.0,"q":1.0,"p":490.0,"mot":"U","mo":15242.0},{"cn":"","ui":"","t":0.0,"r":0.0,"q":0.0,"p":0.0,"mot":"L","mo":0.0}]},{"d":"14.07.2017","r":20006.0,"q":1.0,"p":522.64,"s":[{"cn":"Атрейд","ui":"7145128","t":35072.0,"r":19069.0,"q":1.0,"p":520.0,"mot":"U","mo":19069.0},{"cn":"","ui":"","t":4763.0,"r":937.0,"q":1.02,"p":576.39,"mot":"L","mo":937.0}]},{"d":"15.07.2017","r":22667.0,"q":1.03,"p":579.08,"s":[{"cn":"Атрейд","ui":"7145128","t":38364.0,"r":21611.0,"q":1.0,"p":570.0,"mot":"U","mo":21611.0},{"cn":"","ui":"","t":1328.0,"r":1056.0,"q":1.63,"p":764.92,"mot":"L","mo":1056.0}]},{"d":"16.07.2017","r":24471.0,"q":1.01,"p":624.19,"s":[{"cn":"Атрейд","ui":"7145128","t":42505.0,"r":23844.0,"q":1.0,"p":620.0,"mot":"U","mo":23844.0},{"cn":"","ui":"","t":2088.0,"r":627.0,"q":1.36,"p":783.67,"mot":"L","mo":627.0}]},{"d":"17.07.2017","r":13443.0,"q":1.0,"p":675.0,"s":[{"cn":"Атрейд","ui":"7145128","t":44834.0,"r":13443.0,"q":1.0,"p":675.0,"mot":"U","mo":13443.0},{"cn":"","ui":"","t":0.0,"r":0.0,"q":0.0,"p":0.0,"mot":"L","mo":0.0}]},{"d":"18.07.2017","r":1037.0,"q":1.1,"p":630.79,"s":[{"cn":"Knyaz_Nik Финанс","ui":"7147843","t":8000.0,"r":601.0,"q":1.0,"p":560.0,"mot":"U","mo":601.0},{"cn":"Атрейд","ui":"7145128","t":15214.0,"r":273.0,"q":1.0,"p":730.0,"mot":"U","mo":273.0},{"cn":"te$t","ui":"7151197","t":1644.0,"r":124.0,"q":1.83,"p":740.0,"mot":"U","mo":124.0},{"cn":"","ui":"","t":40.0,"r":39.0,"q":1.15,"p":680.0,"mot":"L","mo":39.0}]},{"d":"19.07.2017","r":6620.0,"q":1.08,"p":729.93,"s":[{"cn":"Атрейд","ui":"7145128","t":20902.0,"r":5961.0,"q":1.0,"p":730.0,"mot":"U","mo":5961.0},{"cn":"te$t","ui":"7151197","t":1804.0,"r":541.0,"q":1.95,"p":740.0,"mot":"U","mo":541.0},{"cn":"","ui":"","t":119.0,"r":118.0,"q":1.15,"p":680.0,"mot":"L","mo":118.0}]},{"d":"21.07.2017","r":7818.0,"q":1.0,"p":730.0,"s":[{"cn":"Атрейд","ui":"7145128","t":22308.0,"r":7818.0,"q":1.0,"p":730.0,"mot":"U","mo":7818.0},{"cn":"","ui":"","t":0.0,"r":0.0,"q":0.0,"p":0.0,"mot":"L","mo":0.0}]}]