[{"pi":"15742","pc":"Продукты питания","ss":1000,"td":"Центр города","dc":1,"n":0.0,"vc":"более 200","sl":"Элитный","sv":"около 1 000","p":2.5,"q":1.0,"b":0.0,"wi":0.36,"ei":4.8,"as":300.0,"mi":"E","mv":915576,"sc":4,"lpe":99.9,"lpr":3.21,"lq":1.0},{"pi":"15742","pc":"Продукты питания","ss":100,"td":"Центр города","dc":1,"n":24.97,"vc":"около 50","sl":"Нормальный","sv":"около 50","p":3.85,"q":2.0,"b":0.0,"wi":0.36,"ei":4.8,"as":300.0,"mi":"E","mv":915576,"sc":4,"lpe":99.9,"lpr":3.21,"lq":1.0},{"pi":"15742","pc":"Продукты питания","ss":100,"td":"Центр города","dc":1,"n":24.97,"vc":"около 50","sl":"Нормальный","sv":"около 50","p":3.85,"q":2.0,"b":0.0,"wi":0.36,"ei":4.8,"as":300.0,"mi":"E","mv":915576,"sc":4,"lpe":99.9,"lpr":3.21,"lq":1.0},{"pi":"15742","pc":"Продукты питания","ss":100,"td":"Центр города","dc":1,"n":24.97,"vc":"около 50","sl":"Нормальный","sv":"около 50","p":3.85,"q":2.0,"b":0.0,"wi":0.36,"ei":4.8,"as":300.0,"mi":"E","mv":915576,"sc":4,"lpe":99.9,"lpr":3.21,"lq":1.0},{"pi":"15742","pc":"Продукты питания","ss":1000,"td":"Центр города","dc":1,"n":0.0,"vc":"более 200","sl":"Элитный","sv":"около 1 000","p":2.5,"q":1.0,"b":0.0,"wi":0.36,"ei":4.8,"as":300.0,"mi":"E","mv":915576,"sc":4,"lpe":99.9,"lpr":3.21,"lq":1.0},{"pi":"15742","pc":"Продукты питания","ss":100,"td":"Центр города","dc":1,"n":24.97,"vc":"около 50","sl":"Нормальный","sv":"около 50","p":3.85,"q":2.0,"b":0.0,"wi":0.36,"ei":4.8,"as":300.0,"mi":"E","mv":915576,"sc":4,"lpe":99.9,"lpr":3.21,"lq":1.0},{"pi":"15742","pc":"Продукты питания","ss":100,"td":"Центр города","dc":1,"n":24.97,"vc":"около 50","sl":"Нормальный","sv":"около 50","p":3.85,"q":2.0,"b":0.0,"wi":0.36,"ei":4.8,"as":300.0,"mi":"E","mv":915576,"sc":4,"lpe":99.9,"lpr":3.21,"lq":1.0},{"pi":"15742","pc":"Продукты питания","ss":100,"td":"Центр города","dc":1,"n":24.97,"vc":"около 50","sl":"Нормальный","sv":"около 50","p":3.85,"q":2.0,"b":0.0,"wi":0.36,"ei":4.8,"as":300.0,"mi":"E","mv":915576,"sc":4,"lpe":99.9,"lpr":3.21,"lq":1.0},{"pi":"15742","pc":"Продукты питания","ss":1000,"td":"Центр города","dc":1,"n":0.0,"vc":"более 200","sl":"Элитный","sv":"около 1 000","p":2.5,"q":1.0,"b":0.0,"wi":0.36,"ei":4.8,"as":300.0,"mi":"E","mv":915576,"sc":4,"lpe":99.9,"lpr":3.21,"lq":1.0},{"pi":"15742","pc":"Продукты питания","ss":100,"td":"Центр города","dc":1,"n":24.97,"vc":"около 50","sl":"Нормальный","sv":"около 50","p":3.85,"q":2.0,"b":0.0,"wi":0.36,"ei":4.8,"as":300.0,"mi":"E","mv":915576,"sc":4,"lpe":99.9,"lpr":3.21,"lq":1.0},{"pi":"15742","pc":"Продукты питания","ss":100,"td":"Центр города","dc":1,"n":24.97,"vc":"около 50","sl":"Нормальный","sv":"около 50","p":3.85,"q":2.0,"b":0.0,"wi":0.36,"ei":4.8,"as":300.0,"mi":"E","mv":915576,"sc":4,"lpe":99.9,"lpr":3.21,"lq":1.0},{"pi":"15742","pc":"Продукты питания","ss":100,"td":"Центр города","dc":1,"n":24.97,"vc":"около 50","sl":"Нормальный","sv":"около 50","p":3.85,"q":2.0,"b":0.0,"wi":0.36,"ei":4.8,"as":300.0,"mi":"E","mv":915576,"sc":4,"lpe":99.9,"lpr":3.21,"lq":1.0},{"pi":"15742","pc":"Продукты питания","ss":1000,"td":"Центр города","dc":1,"n":0.0,"vc":"более 200","sl":"Элитный","sv":"около 1 000","p":2.5,"q":1.0,"b":0.0,"wi":0.36,"ei":4.8,"as":300.0,"mi":"E","mv":915576,"sc":4,"lpe":99.9,"lpr":3.21,"lq":1.0},{"pi":"15742","pc":"Продукты питания","ss":100,"td":"Центр города","dc":1,"n":24.97,"vc":"около 50","sl":"Нормальный","sv":"около 50","p":3.85,"q":2.0,"b":0.0,"wi":0.36,"ei":4.8,"as":300.0,"mi":"E","mv":915576,"sc":4,"lpe":99.9,"lpr":3.21,"lq":1.0},{"pi":"15742","pc":"Продукты питания","ss":100,"td":"Центр города","dc":1,"n":24.97,"vc":"около 50","sl":"Нормальный","sv":"около 50","p":3.85,"q":2.0,"b":0.0,"wi":0.36,"ei":4.8,"as":300.0,"mi":"E","mv":915576,"sc":4,"lpe":99.9,"lpr":3.21,"lq":1.0},{"pi":"15742","pc":"Продукты питания","ss":100,"td":"Центр города","dc":1,"n":24.97,"vc":"около 50","sl":"Нормальный","sv":"около 50","p":3.85,"q":2.0,"b":0.0,"wi":0.36,"ei":4.8,"as":300.0,"mi":"E","mv":915576,"sc":4,"lpe":99.9,"lpr":3.21,"lq":1.0},{"pi":"15742","pc":"Продукты питания","ss":1000,"td":"Центр города","dc":1,"n":0.0,"vc":"более 200","sl":"Элитный","sv":"около 1 000","p":2.5,"q":1.0,"b":0.0,"wi":0.36,"ei":4.8,"as":300.0,"mi":"E","mv":915576,"sc":4,"lpe":99.9,"lpr":3.21,"lq":1.0},{"pi":"15742","pc":"Продукты питания","ss":100,"td":"Центр города","dc":1,"n":24.97,"vc":"около 50","sl":"Нормальный","sv":"около 50","p":3.85,"q":2.0,"b":0.0,"wi":0.36,"ei":4.8,"as":300.0,"mi":"E","mv":915576,"sc":4,"lpe":99.9,"lpr":3.21,"lq":1.0},{"pi":"15742","pc":"Продукты питания","ss":100,"td":"Центр города","dc":1,"n":24.97,"vc":"около 50","sl":"Нормальный","sv":"около 50","p":3.85,"q":2.0,"b":0.0,"wi":0.36,"ei":4.8,"as":300.0,"mi":"E","mv":915576,"sc":4,"lpe":99.9,"lpr":3.21,"lq":1.0},{"pi":"15742","pc":"Продукты питания","ss":100,"td":"Центр города","dc":1,"n":24.97,"vc":"около 50","sl":"Нормальный","sv":"около 50","p":3.85,"q":2.0,"b":0.0,"wi":0.36,"ei":4.8,"as":300.0,"mi":"E","mv":915576,"sc":4,"lpe":99.9,"lpr":3.21,"lq":1.0},{"pi":"15742","pc":"Продукты питания","ss":1000,"td":"Центр города","dc":1,"n":0.0,"vc":"более 200","sl":"Элитный","sv":"около 1 000","p":2.5,"q":1.0,"b":0.0,"wi":0.36,"ei":4.8,"as":300.0,"mi":"E","mv":915576,"sc":4,"lpe":99.9,"lpr":3.21,"lq":1.0},{"pi":"15742","pc":"Продукты питания","ss":100,"td":"Центр города","dc":1,"n":24.97,"vc":"около 50","sl":"Нормальный","sv":"около 50","p":3.85,"q":2.0,"b":0.0,"wi":0.36,"ei":4.8,"as":300.0,"mi":"E","mv":915576,"sc":4,"lpe":99.9,"lpr":3.21,"lq":1.0},{"pi":"15742","pc":"Продукты питания","ss":100,"td":"Центр города","dc":1,"n":24.97,"vc":"около 50","sl":"Нормальный","sv":"около 50","p":3.85,"q":2.0,"b":0.0,"wi":0.36,"ei":4.8,"as":300.0,"mi":"E","mv":915576,"sc":4,"lpe":99.9,"lpr":3.21,"lq":1.0},{"pi":"15742","pc":"Продукты питания","ss":100,"td":"Центр города","dc":1,"n":24.97,"vc":"около 50","sl":"Нормальный","sv":"около 50","p":3.85,"q":2.0,"b":0.0,"wi":0.36,"ei":4.8,"as":300.0,"mi":"E","mv":915576,"sc":4,"lpe":99.9,"lpr":3.21,"lq":1.0},{"pi":"15742","pc":"Продукты питания","ss":1000,"td":"Центр города","dc":1,"n":0.0,"vc":"более 200","sl":"Элитный","sv":"около 1 000","p":2.5,"q":1.0,"b":0.0,"wi":0.36,"ei":4.8,"as":300.0,"mi":"E","mv":915576,"sc":4,"lpe":99.9,"lpr":3.21,"lq":1.0},{"pi":"15742","pc":"Продукты питания","ss":100,"td":"Центр города","dc":1,"n":24.97,"vc":"около 50","sl":"Нормальный","sv":"около 50","p":3.85,"q":2.0,"b":0.0,"wi":0.36,"ei":4.8,"as":300.0,"mi":"E","mv":915576,"sc":4,"lpe":99.9,"lpr":3.21,"lq":1.0},{"pi":"15742","pc":"Продукты питания","ss":100,"td":"Центр города","dc":1,"n":24.97,"vc":"около 50","sl":"Нормальный","sv":"около 50","p":3.85,"q":2.0,"b":0.0,"wi":0.36,"ei":4.8,"as":300.0,"mi":"E","mv":915576,"sc":4,"lpe":99.9,"lpr":3.21,"lq":1.0},{"pi":"15742","pc":"Продукты питания","ss":100,"td":"Центр города","dc":1,"n":24.97,"vc":"около 50","sl":"Нормальный","sv":"около 50","p":3.85,"q":2.0,"b":0.0,"wi":0.36,"ei":4.8,"as":300.0,"mi":"E","mv":915576,"sc":4,"lpe":99.9,"lpr":3.21,"lq":1.0},{"pi":"15742","pc":"Продукты питания","ss":1000,"td":"Центр города","dc":1,"n":0.0,"vc":"более 200","sl":"Элитный","sv":"около 1 000","p":2.5,"q":1.0,"b":0.0,"wi":0.36,"ei":4.8,"as":300.0,"mi":"E","mv":915576,"sc":4,"lpe":99.9,"lpr":3.21,"lq":1.0},{"pi":"15742","pc":"Продукты питания","ss":100,"td":"Центр города","dc":1,"n":24.97,"vc":"около 50","sl":"Нормальный","sv":"около 50","p":3.85,"q":2.0,"b":0.0,"wi":0.36,"ei":4.8,"as":300.0,"mi":"E","mv":915576,"sc":4,"lpe":99.9,"lpr":3.21,"lq":1.0},{"pi":"15742","pc":"Продукты питания","ss":100,"td":"Центр города","dc":1,"n":24.97,"vc":"около 50","sl":"Нормальный","sv":"около 50","p":3.85,"q":2.0,"b":0.0,"wi":0.36,"ei":4.8,"as":300.0,"mi":"E","mv":915576,"sc":4,"lpe":99.9,"lpr":3.21,"lq":1.0},{"pi":"15742","pc":"Продукты питания","ss":100,"td":"Центр города","dc":1,"n":24.97,"vc":"около 50","sl":"Нормальный","sv":"около 50","p":3.85,"q":2.0,"b":0.0,"wi":0.36,"ei":4.8,"as":300.0,"mi":"E","mv":915576,"sc":4,"lpe":99.9,"lpr":3.21,"lq":1.0},{"pi":"15742","pc":"Продукты питания","ss":100,"td":"Окраина","dc":2,"n":51.0,"vc":"около 50","sl":"Низкий","sv":"более 100","p":3.53,"q":1.27,"b":0.0,"wi":0.38,"ei":7.0,"as":320.0,"mi":"E","mv":3771855,"sc":1,"lpe":100.0,"lpr":3.4,"lq":1.0},{"pi":"15742","pc":"Продукты питания","ss":100,"td":"Окраина","dc":2,"n":51.0,"vc":"около 50","sl":"Низкий","sv":"более 100","p":3.53,"q":1.27,"b":0.0,"wi":0.38,"ei":7.0,"as":320.0,"mi":"E","mv":3771855,"sc":1,"lpe":100.0,"lpr":3.4,"lq":1.0},{"pi":"15742","pc":"Продукты питания","ss":100,"td":"Окраина","dc":2,"n":51.0,"vc":"около 50","sl":"Низкий","sv":"более 100","p":3.53,"q":1.27,"b":0.0,"wi":0.38,"ei":7.0,"as":320.0,"mi":"E","mv":3771855,"sc":1,"lpe":100.0,"lpr":3.4,"lq":1.0},{"pi":"15742","pc":"Продукты питания","ss":100,"td":"Окраина","dc":2,"n":51.0,"vc":"около 50","sl":"Низкий","sv":"более 100","p":3.53,"q":1.27,"b":0.0,"wi":0.38,"ei":7.0,"as":320.0,"mi":"E","mv":3771855,"sc":1,"lpe":100.0,"lpr":3.4,"lq":1.0},{"pi":"15742","pc":"Продукты питания","ss":100,"td":"Окраина","dc":2,"n":51.0,"vc":"около 50","sl":"Низкий","sv":"более 100","p":3.53,"q":1.27,"b":0.0,"wi":0.38,"ei":7.0,"as":320.0,"mi":"E","mv":3771855,"sc":1,"lpe":100.0,"lpr":3.4,"lq":1.0},{"pi":"15742","pc":"Продукты питания","ss":100,"td":"Окраина","dc":2,"n":51.0,"vc":"около 50","sl":"Низкий","sv":"более 100","p":3.53,"q":1.27,"b":0.0,"wi":0.38,"ei":7.0,"as":320.0,"mi":"E","mv":3771855,"sc":1,"lpe":100.0,"lpr":3.4,"lq":1.0},{"pi":"15742","pc":"Продукты питания","ss":100,"td":"Окраина","dc":2,"n":51.0,"vc":"около 50","sl":"Низкий","sv":"более 100","p":3.53,"q":1.27,"b":0.0,"wi":0.38,"ei":7.0,"as":320.0,"mi":"E","mv":3771855,"sc":1,"lpe":100.0,"lpr":3.4,"lq":1.0},{"pi":"15742","pc":"Продукты питания","ss":100,"td":"Окраина","dc":2,"n":51.0,"vc":"около 50","sl":"Низкий","sv":"более 100","p":3.53,"q":1.27,"b":0.0,"wi":0.38,"ei":7.0,"as":320.0,"mi":"E","mv":3771855,"sc":1,"lpe":100.0,"lpr":3.4,"lq":1.0},{"pi":"15742","pc":"Продукты питания","ss":100,"td":"Окраина","dc":2,"n":51.0,"vc":"около 50","sl":"Низкий","sv":"более 100","p":3.53,"q":1.27,"b":0.0,"wi":0.38,"ei":7.0,"as":320.0,"mi":"E","mv":3771855,"sc":1,"lpe":100.0,"lpr":3.4,"lq":1.0},{"pi":"15742","pc":"Продукты питания","ss":100,"td":"Окраина","dc":1,"n":42.9,"vc":"около 50","sl":"Высокий","sv":"более 100","p":1.32,"q":1.05,"b":0.0,"wi":0.16,"ei":4.22,"as":130.53,"mi":"E","mv":1749496,"sc":1,"lpe":99.99,"lpr":1.26,"lq":1.0},{"pi":"15742","pc":"Продукты питания","ss":100,"td":"Окраина","dc":1,"n":42.9,"vc":"около 50","sl":"Высокий","sv":"более 100","p":1.32,"q":1.05,"b":0.0,"wi":0.16,"ei":4.22,"as":130.53,"mi":"E","mv":1749496,"sc":1,"lpe":99.99,"lpr":1.26,"lq":1.0},{"pi":"15742","pc":"Продукты питания","ss":100,"td":"Окраина","dc":1,"n":42.9,"vc":"около 50","sl":"Высокий","sv":"более 100","p":1.32,"q":1.05,"b":0.0,"wi":0.16,"ei":4.22,"as":130.53,"mi":"E","mv":1749496,"sc":1,"lpe":99.99,"lpr":1.26,"lq":1.0},{"pi":"15742","pc":"Продукты питания","ss":100,"td":"Окраина","dc":1,"n":42.9,"vc":"около 50","sl":"Высокий","sv":"более 100","p":1.32,"q":1.05,"b":0.0,"wi":0.16,"ei":4.22,"as":130.53,"mi":"E","mv":1749496,"sc":1,"lpe":99.99,"lpr":1.26,"lq":1.0},{"pi":"15742","pc":"Продукты питания","ss":100,"td":"Окраина","dc":1,"n":42.9,"vc":"около 50","sl":"Высокий","sv":"более 100","p":1.32,"q":1.05,"b":0.0,"wi":0.16,"ei":4.22,"as":130.53,"mi":"E","mv":1749496,"sc":1,"lpe":99.99,"lpr":1.26,"lq":1.0},{"pi":"15742","pc":"Продукты питания","ss":100,"td":"Окраина","dc":1,"n":47.39,"vc":"около 100","sl":"Нормальный","sv":"более 100","p":3.82,"q":1.05,"b":0.0,"wi":0.44,"ei":6.0,"as":350.0,"mi":"E","mv":5700291,"sc":1,"lpe":100.0,"lpr":3.72,"lq":1.0},{"pi":"15742","pc":"Продукты питания","ss":100,"td":"Окраина","dc":1,"n":47.39,"vc":"около 100","sl":"Нормальный","sv":"более 100","p":3.82,"q":1.05,"b":0.0,"wi":0.44,"ei":6.0,"as":350.0,"mi":"E","mv":5700291,"sc":1,"lpe":100.0,"lpr":3.72,"lq":1.0},{"pi":"15742","pc":"Продукты питания","ss":100,"td":"Окраина","dc":1,"n":47.39,"vc":"около 100","sl":"Нормальный","sv":"более 100","p":3.82,"q":1.05,"b":0.0,"wi":0.44,"ei":6.0,"as":350.0,"mi":"E","mv":5700291,"sc":1,"lpe":100.0,"lpr":3.72,"lq":1.0},{"pi":"15742","pc":"Продукты питания","ss":100,"td":"Окраина","dc":1,"n":47.39,"vc":"около 100","sl":"Нормальный","sv":"более 100","p":3.82,"q":1.05,"b":0.0,"wi":0.44,"ei":6.0,"as":350.0,"mi":"E","mv":5700291,"sc":1,"lpe":100.0,"lpr":3.72,"lq":1.0},{"pi":"15742","pc":"Продукты питания","ss":100,"td":"Окраина","dc":1,"n":47.39,"vc":"около 100","sl":"Нормальный","sv":"более 100","p":3.82,"q":1.05,"b":0.0,"wi":0.44,"ei":6.0,"as":350.0,"mi":"E","mv":5700291,"sc":1,"lpe":100.0,"lpr":3.72,"lq":1.0},{"pi":"15742","pc":"Продукты питания","ss":100,"td":"Окраина","dc":1,"n":47.39,"vc":"около 100","sl":"Нормальный","sv":"более 100","p":3.82,"q":1.05,"b":0.0,"wi":0.44,"ei":6.0,"as":350.0,"mi":"E","mv":5700291,"sc":1,"lpe":100.0,"lpr":3.72,"lq":1.0},{"pi":"15742","pc":"Продукты питания","ss":500,"td":"Центр города","dc":1,"n":17.2,"vc":"более 100","sl":"Элитный","sv":"более 100","p":1.74,"q":1.05,"b":0.0,"wi":0.21,"ei":3.75,"as":177.5,"mi":"E","mv":530270,"sc":1,"lpe":99.97,"lpr":1.6,"lq":1.0},{"pi":"15742","pc":"Продукты питания","ss":500,"td":"Центр города","dc":1,"n":17.2,"vc":"более 100","sl":"Элитный","sv":"более 100","p":1.74,"q":1.05,"b":0.0,"wi":0.21,"ei":3.75,"as":177.5,"mi":"E","mv":530270,"sc":1,"lpe":99.97,"lpr":1.6,"lq":1.0},{"pi":"15742","pc":"Продукты питания","ss":500,"td":"Центр города","dc":1,"n":17.2,"vc":"более 100","sl":"Элитный","sv":"более 100","p":1.74,"q":1.05,"b":0.0,"wi":0.21,"ei":3.75,"as":177.5,"mi":"E","mv":530270,"sc":1,"lpe":99.97,"lpr":1.6,"lq":1.0},{"pi":"15742","pc":"Продукты питания","ss":500,"td":"Центр города","dc":1,"n":17.2,"vc":"более 100","sl":"Элитный","sv":"более 100","p":1.74,"q":1.05,"b":0.0,"wi":0.21,"ei":3.75,"as":177.5,"mi":"E","mv":530270,"sc":1,"lpe":99.97,"lpr":1.6,"lq":1.0},{"pi":"15742","pc":"Продукты питания","ss":500,"td":"Центр города","dc":1,"n":17.2,"vc":"более 100","sl":"Элитный","sv":"более 100","p":1.74,"q":1.05,"b":0.0,"wi":0.21,"ei":3.75,"as":177.5,"mi":"E","mv":530270,"sc":1,"lpe":99.97,"lpr":1.6,"lq":1.0},{"pi":"15742","pc":"Продукты питания","ss":500,"td":"Центр города","dc":1,"n":17.2,"vc":"более 100","sl":"Элитный","sv":"более 100","p":1.74,"q":1.05,"b":0.0,"wi":0.21,"ei":3.75,"as":177.5,"mi":"E","mv":530270,"sc":1,"lpe":99.97,"lpr":1.6,"lq":1.0}]