[{"d":"27.06.2017","r":4000.0,"q":1.0,"p":245.0,"s":[{"cn":"G.V.D.Ltd","ui":"7142423","t":4000.0,"r":4000.0,"q":1.0,"p":245.0,"mot":"U","mo":4000.0},{"cn":"","ui":"","t":0.0,"r":0.0,"q":0.0,"p":0.0,"mot":"L","mo":0.0}]},{"d":"28.06.2017","r":6222.0,"q":1.0,"p":245.0,"s":[{"cn":"Alex Capital","ui":"7141051","t":420.0,"r":420.0,"q":1.0,"p":245.0,"mot":"U","mo":420.0},{"cn":"G.V.D.Ltd","ui":"7142423","t":6000.0,"r":5802.0,"q":1.0,"p":245.0,"mot":"U","mo":5802.0},{"cn":"","ui":"","t":0.0,"r":0.0,"q":0.0,"p":0.0,"mot":"L","mo":0.0}]},{"d":"29.06.2017","r":10364.0,"q":1.0,"p":240.41,"s":[{"cn":"Alex Capital","ui":"7141051","t":840.0,"r":840.0,"q":1.0,"p":245.0,"mot":"U","mo":840.0},{"cn":"G.V.D.Ltd","ui":"7142423","t":9792.0,"r":9524.0,"q":1.0,"p":240.0,"mot":"U","mo":9524.0},{"cn":"","ui":"","t":0.0,"r":0.0,"q":0.0,"p":0.0,"mot":"L","mo":0.0}]},{"d":"01.07.2017","r":12110.0,"q":1.0,"p":239.85,"s":[{"cn":"G.V.D.Ltd","ui":"7142423","t":14520.0,"r":11745.0,"q":1.0,"p":240.0,"mot":"U","mo":11745.0},{"cn":"","ui":"","t":1575.0,"r":365.0,"q":1.0,"p":235.0,"mot":"L","mo":365.0}]},{"d":"02.07.2017","r":11755.0,"q":1.0,"p":240.0,"s":[{"cn":"G.V.D.Ltd","ui":"7142423","t":15715.0,"r":11750.0,"q":1.0,"p":240.0,"mot":"U","mo":11750.0},{"cn":"","ui":"","t":1205.0,"r":5.0,"q":1.0,"p":235.0,"mot":"L","mo":5.0}]},{"d":"03.07.2017","r":6846.0,"q":1.0,"p":237.08,"s":[{"cn":"G.V.D.Ltd","ui":"7142423","t":15709.0,"r":6346.0,"q":1.0,"p":240.0,"mot":"U","mo":6346.0},{"cn":"Юзлов","ui":"7146806","t":500.0,"r":500.0,"q":1.0,"p":200.0,"mot":"U","mo":500.0},{"cn":"","ui":"","t":0.0,"r":0.0,"q":0.0,"p":0.0,"mot":"L","mo":0.0}]},{"d":"04.07.2017","r":3071.0,"q":1.0,"p":239.43,"s":[{"cn":"G.V.D.Ltd","ui":"7142423","t":10299.0,"r":2896.0,"q":1.0,"p":240.0,"mot":"U","mo":2896.0},{"cn":"Spekt","ui":"7139410","t":475.0,"r":175.0,"q":1.0,"p":230.0,"mot":"U","mo":175.0},{"cn":"","ui":"","t":0.0,"r":0.0,"q":0.0,"p":0.0,"mot":"L","mo":0.0}]},{"d":"05.07.2017","r":4466.0,"q":1.0,"p":202.73,"s":[{"cn":"G.V.D.Ltd","ui":"7142423","t":6839.0,"r":336.0,"q":1.0,"p":200.0,"mot":"U","mo":336.0},{"cn":"Stone Inc","ui":"7143864","t":7990.0,"r":3690.0,"q":1.0,"p":200.0,"mot":"U","mo":3690.0},{"cn":"Spekt","ui":"7139410","t":650.0,"r":340.0,"q":1.0,"p":230.0,"mot":"U","mo":340.0},{"cn":"","ui":"","t":296.0,"r":100.0,"q":1.0,"p":220.0,"mot":"L","mo":100.0}]},{"d":"06.07.2017","r":587.0,"q":1.0,"p":218.99,"s":[{"cn":"Bluess Limited","ui":"7145810","t":486.0,"r":476.0,"q":1.0,"p":220.0,"mot":"L","mo":100.0},{"cn":"Stone Inc","ui":"7143864","t":5480.0,"r":182.0,"q":1.0,"p":200.0,"mot":"U","mo":182.0},{"cn":"Spekt","ui":"7139410","t":815.0,"r":305.0,"q":1.0,"p":230.0,"mot":"U","mo":305.0},{"cn":"","ui":"","t":0.0,"r":0.0,"q":0.0,"p":0.0,"mot":"L","mo":0.0}]},{"d":"07.07.2017","r":95.0,"q":1.0,"p":220.0,"s":[{"cn":"Bluess Limited","ui":"7145810","t":676.0,"r":95.0,"q":1.0,"p":220.0,"mot":"L","mo":95.0},{"cn":"","ui":"","t":0.0,"r":0.0,"q":0.0,"p":0.0,"mot":"L","mo":0.0}]},{"d":"09.07.2017","r":472.0,"q":1.0,"p":200.0,"s":[{"cn":"Stone Inc","ui":"7143864","t":4990.0,"r":472.0,"q":1.0,"p":200.0,"mot":"U","mo":472.0},{"cn":"","ui":"","t":0.0,"r":0.0,"q":0.0,"p":0.0,"mot":"L","mo":0.0}]},{"d":"10.07.2017","r":100.0,"q":1.0,"p":240.0,"s":[{"cn":"Bluess Limited","ui":"7145810","t":204.0,"r":204.0,"q":1.0,"p":240.0,"mot":"L","mo":100.0},{"cn":"","ui":"","t":0.0,"r":0.0,"q":0.0,"p":0.0,"mot":"L","mo":0.0}]},{"d":"11.07.2017","r":605.0,"q":1.0,"p":235.83,"s":[{"cn":"Alex Capital","ui":"7141051","t":1115.0,"r":505.0,"q":1.0,"p":235.0,"mot":"U","mo":505.0},{"cn":"Bluess Limited","ui":"7145810","t":804.0,"r":804.0,"q":1.0,"p":240.0,"mot":"L","mo":100.0},{"cn":"","ui":"","t":0.0,"r":0.0,"q":0.0,"p":0.0,"mot":"L","mo":0.0}]},{"d":"12.07.2017","r":1605.0,"q":1.0,"p":226.06,"s":[{"cn":"Alex Capital","ui":"7141051","t":1475.0,"r":515.0,"q":1.0,"p":235.0,"mot":"U","mo":515.0},{"cn":"Северный Ветер","ui":"7156128","t":2000.0,"r":990.0,"q":1.0,"p":220.0,"mot":"U","mo":990.0},{"cn":"Bluess Limited","ui":"7145810","t":754.0,"r":704.0,"q":1.0,"p":240.0,"mot":"L","mo":100.0},{"cn":"","ui":"","t":0.0,"r":0.0,"q":0.0,"p":0.0,"mot":"L","mo":0.0}]},{"d":"13.07.2017","r":2650.0,"q":1.0,"p":224.58,"s":[{"cn":"Alex Capital","ui":"7141051","t":1635.0,"r":675.0,"q":1.0,"p":235.0,"mot":"U","mo":675.0},{"cn":"Северный Ветер","ui":"7156128","t":2990.0,"r":1875.0,"q":1.0,"p":220.0,"mot":"U","mo":1875.0},{"cn":"","ui":"","t":704.0,"r":100.0,"q":1.0,"p":240.0,"mot":"L","mo":100.0}]},{"d":"14.07.2017","r":100.0,"q":1.0,"p":240.0,"s":[{"cn":"Bluess Limited","ui":"7145810","t":654.0,"r":404.0,"q":1.0,"p":240.0,"mot":"L","mo":100.0},{"cn":"","ui":"","t":0.0,"r":0.0,"q":0.0,"p":0.0,"mot":"L","mo":0.0}]},{"d":"15.07.2017","r":54.0,"q":1.0,"p":240.0,"s":[{"cn":"Bluess Limited","ui":"7145810","t":404.0,"r":54.0,"q":1.0,"p":240.0,"mot":"L","mo":54.0},{"cn":"","ui":"","t":0.0,"r":0.0,"q":0.0,"p":0.0,"mot":"L","mo":0.0}]},{"d":"21.07.2017","r":500.0,"q":1.0,"p":250.0,"s":[{"cn":"Real Me","ui":"7167122","t":500.0,"r":500.0,"q":1.0,"p":250.0,"mot":"L","mo":500.0},{"cn":"","ui":"","t":0.0,"r":0.0,"q":0.0,"p":0.0,"mot":"L","mo":0.0}]}]