[{"pi":"335180","pc":"Бакалея","ss":10000,"td":"Центр города","dc":1,"n":441.95,"vc":"более 20 000","sl":"Элитный","sv":"более 2 000","p":12000.0,"q":50.51,"b":0.0,"wi":57.14,"ei":17.89,"as":287.52,"mi":"E","mv":8443,"sc":1,"lpe":70.01,"lpr":8726.32,"lq":3.91},{"pi":"335180","pc":"Бакалея","ss":10000,"td":"Центр города","dc":1,"n":441.95,"vc":"более 20 000","sl":"Элитный","sv":"более 2 000","p":12000.0,"q":50.51,"b":0.0,"wi":57.14,"ei":17.89,"as":287.52,"mi":"E","mv":8443,"sc":1,"lpe":70.01,"lpr":8726.32,"lq":3.91},{"pi":"335180","pc":"Бакалея","ss":10000,"td":"Центр города","dc":1,"n":441.95,"vc":"более 20 000","sl":"Элитный","sv":"более 2 000","p":12000.0,"q":50.51,"b":0.0,"wi":57.14,"ei":17.89,"as":287.52,"mi":"E","mv":8443,"sc":1,"lpe":70.01,"lpr":8726.32,"lq":3.91},{"pi":"335180","pc":"Бакалея","ss":10000,"td":"Центр города","dc":1,"n":441.95,"vc":"более 20 000","sl":"Элитный","sv":"более 2 000","p":12000.0,"q":50.51,"b":0.0,"wi":57.14,"ei":17.89,"as":287.52,"mi":"E","mv":8443,"sc":1,"lpe":70.01,"lpr":8726.32,"lq":3.91},{"pi":"335180","pc":"Бакалея","ss":10000,"td":"Центр города","dc":1,"n":441.95,"vc":"более 20 000","sl":"Элитный","sv":"более 2 000","p":12000.0,"q":50.51,"b":0.0,"wi":57.14,"ei":17.89,"as":287.52,"mi":"E","mv":8443,"sc":1,"lpe":70.01,"lpr":8726.32,"lq":3.91},{"pi":"335180","pc":"Бакалея","ss":10000,"td":"Центр города","dc":1,"n":441.95,"vc":"более 20 000","sl":"Элитный","sv":"более 2 000","p":12000.0,"q":50.51,"b":0.0,"wi":57.14,"ei":17.89,"as":287.52,"mi":"E","mv":8443,"sc":1,"lpe":70.01,"lpr":8726.32,"lq":3.91},{"pi":"335180","pc":"Бакалея","ss":10000,"td":"Центр города","dc":1,"n":441.95,"vc":"более 20 000","sl":"Элитный","sv":"более 2 000","p":12000.0,"q":50.51,"b":0.0,"wi":57.14,"ei":17.89,"as":287.52,"mi":"E","mv":8443,"sc":1,"lpe":70.01,"lpr":8726.32,"lq":3.91},{"pi":"335180","pc":"Бакалея","ss":10000,"td":"Центр города","dc":1,"n":441.95,"vc":"более 20 000","sl":"Элитный","sv":"более 2 000","p":12000.0,"q":50.51,"b":0.0,"wi":57.14,"ei":17.89,"as":287.52,"mi":"E","mv":8443,"sc":1,"lpe":70.01,"lpr":8726.32,"lq":3.91},{"pi":"335180","pc":"Бакалея","ss":10000,"td":"Центр города","dc":1,"n":441.95,"vc":"более 20 000","sl":"Элитный","sv":"более 2 000","p":12000.0,"q":50.51,"b":0.0,"wi":57.14,"ei":17.89,"as":287.52,"mi":"E","mv":8443,"sc":1,"lpe":70.01,"lpr":8726.32,"lq":3.91},{"pi":"335180","pc":"Бакалея","ss":10000,"td":"Центр города","dc":1,"n":441.95,"vc":"более 20 000","sl":"Элитный","sv":"более 2 000","p":12000.0,"q":50.51,"b":0.0,"wi":57.14,"ei":17.89,"as":287.52,"mi":"E","mv":8443,"sc":1,"lpe":70.01,"lpr":8726.32,"lq":3.91},{"pi":"335180","pc":"Бакалея","ss":10000,"td":"Центр города","dc":1,"n":441.95,"vc":"более 20 000","sl":"Элитный","sv":"более 2 000","p":12000.0,"q":50.51,"b":0.0,"wi":57.14,"ei":17.89,"as":287.52,"mi":"E","mv":8443,"sc":1,"lpe":70.01,"lpr":8726.32,"lq":3.91},{"pi":"335180","pc":"Бакалея","ss":10000,"td":"Центр города","dc":1,"n":441.95,"vc":"более 20 000","sl":"Элитный","sv":"более 2 000","p":12000.0,"q":50.51,"b":0.0,"wi":57.14,"ei":17.89,"as":287.52,"mi":"E","mv":8443,"sc":1,"lpe":70.01,"lpr":8726.32,"lq":3.91},{"pi":"335180","pc":"Бакалея","ss":10000,"td":"Центр города","dc":1,"n":441.95,"vc":"более 20 000","sl":"Элитный","sv":"более 2 000","p":12000.0,"q":50.51,"b":0.0,"wi":57.14,"ei":17.89,"as":287.52,"mi":"E","mv":8443,"sc":1,"lpe":70.01,"lpr":8726.32,"lq":3.91},{"pi":"335180","pc":"Бакалея","ss":10000,"td":"Центр города","dc":1,"n":441.95,"vc":"более 20 000","sl":"Элитный","sv":"более 2 000","p":12000.0,"q":50.51,"b":0.0,"wi":57.14,"ei":17.89,"as":287.52,"mi":"E","mv":8443,"sc":1,"lpe":70.01,"lpr":8726.32,"lq":3.91},{"pi":"335180","pc":"Бакалея","ss":10000,"td":"Центр города","dc":1,"n":441.95,"vc":"более 20 000","sl":"Элитный","sv":"более 2 000","p":12000.0,"q":50.51,"b":0.0,"wi":57.14,"ei":17.89,"as":287.52,"mi":"E","mv":8443,"sc":1,"lpe":70.01,"lpr":8726.32,"lq":3.91},{"pi":"335180","pc":"Бакалея","ss":10000,"td":"Центр города","dc":1,"n":441.95,"vc":"более 20 000","sl":"Элитный","sv":"более 2 000","p":12000.0,"q":50.51,"b":0.0,"wi":57.14,"ei":17.89,"as":287.52,"mi":"E","mv":8443,"sc":1,"lpe":70.01,"lpr":8726.32,"lq":3.91},{"pi":"335180","pc":"Бакалея","ss":10000,"td":"Центр города","dc":1,"n":441.95,"vc":"более 20 000","sl":"Элитный","sv":"более 2 000","p":12000.0,"q":50.51,"b":0.0,"wi":57.14,"ei":17.89,"as":287.52,"mi":"E","mv":8443,"sc":1,"lpe":70.01,"lpr":8726.32,"lq":3.91},{"pi":"335180","pc":"Бакалея","ss":10000,"td":"Центр города","dc":1,"n":441.95,"vc":"более 20 000","sl":"Элитный","sv":"более 2 000","p":12000.0,"q":50.51,"b":0.0,"wi":57.14,"ei":17.89,"as":287.52,"mi":"E","mv":8443,"sc":1,"lpe":70.01,"lpr":8726.32,"lq":3.91},{"pi":"335180","pc":"Бакалея","ss":10000,"td":"Центр города","dc":1,"n":441.95,"vc":"более 20 000","sl":"Элитный","sv":"более 2 000","p":12000.0,"q":50.51,"b":0.0,"wi":57.14,"ei":17.89,"as":287.52,"mi":"E","mv":8443,"sc":1,"lpe":70.01,"lpr":8726.32,"lq":3.91},{"pi":"335180","pc":"Бакалея","ss":10000,"td":"Центр города","dc":1,"n":441.95,"vc":"более 20 000","sl":"Элитный","sv":"более 2 000","p":12000.0,"q":50.51,"b":0.0,"wi":57.14,"ei":17.89,"as":287.52,"mi":"E","mv":8443,"sc":1,"lpe":70.01,"lpr":8726.32,"lq":3.91},{"pi":"335180","pc":"Бакалея","ss":10000,"td":"Центр города","dc":1,"n":441.95,"vc":"более 20 000","sl":"Элитный","sv":"более 2 000","p":12000.0,"q":50.51,"b":0.0,"wi":57.14,"ei":17.89,"as":287.52,"mi":"E","mv":8443,"sc":1,"lpe":70.01,"lpr":8726.32,"lq":3.91},{"pi":"335180","pc":"Бакалея","ss":10000,"td":"Центр города","dc":1,"n":441.95,"vc":"более 20 000","sl":"Элитный","sv":"более 2 000","p":12000.0,"q":50.51,"b":0.0,"wi":57.14,"ei":17.89,"as":287.52,"mi":"E","mv":8443,"sc":1,"lpe":70.01,"lpr":8726.32,"lq":3.91},{"pi":"335180","pc":"Бакалея","ss":10000,"td":"Центр города","dc":1,"n":441.95,"vc":"более 20 000","sl":"Элитный","sv":"более 2 000","p":12000.0,"q":50.51,"b":0.0,"wi":57.14,"ei":17.89,"as":287.52,"mi":"E","mv":8443,"sc":1,"lpe":70.01,"lpr":8726.32,"lq":3.91},{"pi":"335180","pc":"Бакалея","ss":10000,"td":"Центр города","dc":1,"n":441.95,"vc":"более 20 000","sl":"Элитный","sv":"более 2 000","p":12000.0,"q":50.51,"b":0.0,"wi":57.14,"ei":17.89,"as":287.52,"mi":"E","mv":8443,"sc":1,"lpe":70.01,"lpr":8726.32,"lq":3.91},{"pi":"335180","pc":"Бакалея","ss":10000,"td":"Центр города","dc":1,"n":441.95,"vc":"более 20 000","sl":"Элитный","sv":"более 2 000","p":12000.0,"q":50.51,"b":0.0,"wi":57.14,"ei":17.89,"as":287.52,"mi":"E","mv":8443,"sc":1,"lpe":70.01,"lpr":8726.32,"lq":3.91},{"pi":"335180","pc":"Бакалея","ss":10000,"td":"Центр города","dc":1,"n":441.95,"vc":"более 20 000","sl":"Элитный","sv":"более 2 000","p":12000.0,"q":50.51,"b":0.0,"wi":57.14,"ei":17.89,"as":287.52,"mi":"E","mv":8443,"sc":1,"lpe":70.01,"lpr":8726.32,"lq":3.91},{"pi":"335180","pc":"Бакалея","ss":10000,"td":"Центр города","dc":1,"n":431.44,"vc":"более 20 000","sl":"Элитный","sv":"более 3 000","p":5500.0,"q":50.51,"b":5.75,"wi":64.93,"ei":9.11,"as":1739.28,"mi":"E","mv":10132,"sc":1,"lpe":70.01,"lpr":3209.2,"lq":1.19},{"pi":"335180","pc":"Бакалея","ss":10000,"td":"Центр города","dc":1,"n":431.44,"vc":"более 20 000","sl":"Элитный","sv":"более 3 000","p":5500.0,"q":50.51,"b":5.75,"wi":64.93,"ei":9.11,"as":1739.28,"mi":"E","mv":10132,"sc":1,"lpe":70.01,"lpr":3209.2,"lq":1.19},{"pi":"335180","pc":"Бакалея","ss":10000,"td":"Центр города","dc":1,"n":431.44,"vc":"более 20 000","sl":"Элитный","sv":"более 3 000","p":5500.0,"q":50.51,"b":5.75,"wi":64.93,"ei":9.11,"as":1739.28,"mi":"E","mv":10132,"sc":1,"lpe":70.01,"lpr":3209.2,"lq":1.19},{"pi":"335180","pc":"Бакалея","ss":10000,"td":"Центр города","dc":1,"n":431.44,"vc":"более 20 000","sl":"Элитный","sv":"более 3 000","p":5500.0,"q":50.51,"b":5.75,"wi":64.93,"ei":9.11,"as":1739.28,"mi":"E","mv":10132,"sc":1,"lpe":70.01,"lpr":3209.2,"lq":1.19},{"pi":"335180","pc":"Бакалея","ss":10000,"td":"Центр города","dc":1,"n":431.44,"vc":"более 20 000","sl":"Элитный","sv":"более 3 000","p":5500.0,"q":50.51,"b":5.75,"wi":64.93,"ei":9.11,"as":1739.28,"mi":"E","mv":10132,"sc":1,"lpe":70.01,"lpr":3209.2,"lq":1.19},{"pi":"335180","pc":"Бакалея","ss":10000,"td":"Центр города","dc":1,"n":431.44,"vc":"более 20 000","sl":"Элитный","sv":"более 3 000","p":5500.0,"q":50.51,"b":5.75,"wi":64.93,"ei":9.11,"as":1739.28,"mi":"E","mv":10132,"sc":1,"lpe":70.01,"lpr":3209.2,"lq":1.19},{"pi":"335180","pc":"Бакалея","ss":10000,"td":"Центр города","dc":1,"n":431.44,"vc":"более 20 000","sl":"Элитный","sv":"более 3 000","p":5500.0,"q":50.51,"b":5.75,"wi":64.93,"ei":9.11,"as":1739.28,"mi":"E","mv":10132,"sc":1,"lpe":70.01,"lpr":3209.2,"lq":1.19},{"pi":"335180","pc":"Бакалея","ss":10000,"td":"Центр города","dc":1,"n":431.44,"vc":"более 20 000","sl":"Элитный","sv":"более 3 000","p":5500.0,"q":50.51,"b":5.75,"wi":64.93,"ei":9.11,"as":1739.28,"mi":"E","mv":10132,"sc":1,"lpe":70.01,"lpr":3209.2,"lq":1.19},{"pi":"335180","pc":"Бакалея","ss":10000,"td":"Центр города","dc":1,"n":431.44,"vc":"более 20 000","sl":"Элитный","sv":"более 3 000","p":5500.0,"q":50.51,"b":5.75,"wi":64.93,"ei":9.11,"as":1739.28,"mi":"E","mv":10132,"sc":1,"lpe":70.01,"lpr":3209.2,"lq":1.19},{"pi":"335180","pc":"Бакалея","ss":10000,"td":"Центр города","dc":1,"n":431.44,"vc":"более 20 000","sl":"Элитный","sv":"более 3 000","p":5500.0,"q":50.51,"b":5.75,"wi":64.93,"ei":9.11,"as":1739.28,"mi":"E","mv":10132,"sc":1,"lpe":70.01,"lpr":3209.2,"lq":1.19},{"pi":"335180","pc":"Бакалея","ss":10000,"td":"Центр города","dc":1,"n":431.44,"vc":"более 20 000","sl":"Элитный","sv":"более 3 000","p":5500.0,"q":50.51,"b":5.75,"wi":64.93,"ei":9.11,"as":1739.28,"mi":"E","mv":10132,"sc":1,"lpe":70.01,"lpr":3209.2,"lq":1.19},{"pi":"335180","pc":"Бакалея","ss":10000,"td":"Центр города","dc":1,"n":431.44,"vc":"более 20 000","sl":"Элитный","sv":"более 3 000","p":5500.0,"q":50.51,"b":5.75,"wi":64.93,"ei":9.11,"as":1739.28,"mi":"E","mv":10132,"sc":1,"lpe":70.01,"lpr":3209.2,"lq":1.19},{"pi":"335180","pc":"Бакалея","ss":10000,"td":"Центр города","dc":1,"n":431.44,"vc":"более 20 000","sl":"Элитный","sv":"более 3 000","p":5500.0,"q":50.51,"b":5.75,"wi":64.93,"ei":9.11,"as":1739.28,"mi":"E","mv":10132,"sc":1,"lpe":70.01,"lpr":3209.2,"lq":1.19},{"pi":"335180","pc":"Бакалея","ss":10000,"td":"Центр города","dc":1,"n":431.44,"vc":"более 20 000","sl":"Элитный","sv":"более 3 000","p":5500.0,"q":50.51,"b":5.75,"wi":64.93,"ei":9.11,"as":1739.28,"mi":"E","mv":10132,"sc":1,"lpe":70.01,"lpr":3209.2,"lq":1.19},{"pi":"335180","pc":"Бакалея","ss":10000,"td":"Центр города","dc":1,"n":456.91,"vc":"более 30 000","sl":"Очень высокий","sv":"более 2 000","p":12000.0,"q":50.51,"b":5.75,"wi":117.02,"ei":9.26,"as":1599.85,"mi":"E","mv":8497,"sc":1,"lpe":70.0,"lpr":5736.53,"lq":2.34},{"pi":"335180","pc":"Бакалея","ss":10000,"td":"Центр города","dc":1,"n":456.91,"vc":"более 30 000","sl":"Очень высокий","sv":"более 2 000","p":12000.0,"q":50.51,"b":5.75,"wi":117.02,"ei":9.26,"as":1599.85,"mi":"E","mv":8497,"sc":1,"lpe":70.0,"lpr":5736.53,"lq":2.34},{"pi":"335180","pc":"Бакалея","ss":10000,"td":"Центр города","dc":1,"n":456.91,"vc":"более 30 000","sl":"Очень высокий","sv":"более 2 000","p":12000.0,"q":50.51,"b":5.75,"wi":117.02,"ei":9.26,"as":1599.85,"mi":"E","mv":8497,"sc":1,"lpe":70.0,"lpr":5736.53,"lq":2.34},{"pi":"335180","pc":"Бакалея","ss":10000,"td":"Центр города","dc":1,"n":456.91,"vc":"более 30 000","sl":"Очень высокий","sv":"более 2 000","p":12000.0,"q":50.51,"b":5.75,"wi":117.02,"ei":9.26,"as":1599.85,"mi":"E","mv":8497,"sc":1,"lpe":70.0,"lpr":5736.53,"lq":2.34},{"pi":"335180","pc":"Бакалея","ss":10000,"td":"Центр города","dc":1,"n":456.91,"vc":"более 30 000","sl":"Очень высокий","sv":"более 2 000","p":12000.0,"q":50.51,"b":5.75,"wi":117.02,"ei":9.26,"as":1599.85,"mi":"E","mv":8497,"sc":1,"lpe":70.0,"lpr":5736.53,"lq":2.34},{"pi":"335180","pc":"Бакалея","ss":10000,"td":"Центр города","dc":1,"n":456.91,"vc":"более 30 000","sl":"Очень высокий","sv":"более 2 000","p":12000.0,"q":50.51,"b":5.75,"wi":117.02,"ei":9.26,"as":1599.85,"mi":"E","mv":8497,"sc":1,"lpe":70.0,"lpr":5736.53,"lq":2.34},{"pi":"335180","pc":"Бакалея","ss":10000,"td":"Центр города","dc":1,"n":456.91,"vc":"более 30 000","sl":"Очень высокий","sv":"более 2 000","p":12000.0,"q":50.51,"b":5.75,"wi":117.02,"ei":9.26,"as":1599.85,"mi":"E","mv":8497,"sc":1,"lpe":70.0,"lpr":5736.53,"lq":2.34},{"pi":"335180","pc":"Бакалея","ss":10000,"td":"Центр города","dc":1,"n":456.91,"vc":"более 30 000","sl":"Очень высокий","sv":"более 2 000","p":12000.0,"q":50.51,"b":5.75,"wi":117.02,"ei":9.26,"as":1599.85,"mi":"E","mv":8497,"sc":1,"lpe":70.0,"lpr":5736.53,"lq":2.34},{"pi":"335180","pc":"Бакалея","ss":10000,"td":"Центр города","dc":1,"n":456.91,"vc":"более 30 000","sl":"Очень высокий","sv":"более 2 000","p":12000.0,"q":50.51,"b":5.75,"wi":117.02,"ei":9.26,"as":1599.85,"mi":"E","mv":8497,"sc":1,"lpe":70.0,"lpr":5736.53,"lq":2.34},{"pi":"335180","pc":"Бакалея","ss":10000,"td":"Центр города","dc":1,"n":456.91,"vc":"более 30 000","sl":"Очень высокий","sv":"более 2 000","p":12000.0,"q":50.51,"b":5.75,"wi":117.02,"ei":9.26,"as":1599.85,"mi":"E","mv":8497,"sc":1,"lpe":70.0,"lpr":5736.53,"lq":2.34},{"pi":"335180","pc":"Бакалея","ss":10000,"td":"Центр города","dc":1,"n":456.91,"vc":"более 30 000","sl":"Очень высокий","sv":"более 2 000","p":12000.0,"q":50.51,"b":5.75,"wi":117.02,"ei":9.26,"as":1599.85,"mi":"E","mv":8497,"sc":1,"lpe":70.0,"lpr":5736.53,"lq":2.34},{"pi":"335180","pc":"Бакалея","ss":10000,"td":"Центр города","dc":1,"n":456.91,"vc":"более 30 000","sl":"Очень высокий","sv":"более 2 000","p":12000.0,"q":50.51,"b":5.75,"wi":117.02,"ei":9.26,"as":1599.85,"mi":"E","mv":8497,"sc":1,"lpe":70.0,"lpr":5736.53,"lq":2.34},{"pi":"335180","pc":"Бакалея","ss":10000,"td":"Центр города","dc":1,"n":456.91,"vc":"более 30 000","sl":"Очень высокий","sv":"более 2 000","p":12000.0,"q":50.51,"b":5.75,"wi":117.02,"ei":9.26,"as":1599.85,"mi":"E","mv":8497,"sc":1,"lpe":70.0,"lpr":5736.53,"lq":2.34},{"pi":"335180","pc":"Бакалея","ss":10000,"td":"Центр города","dc":1,"n":456.91,"vc":"более 30 000","sl":"Очень высокий","sv":"более 2 000","p":12000.0,"q":50.51,"b":5.75,"wi":117.02,"ei":9.26,"as":1599.85,"mi":"E","mv":8497,"sc":1,"lpe":70.0,"lpr":5736.53,"lq":2.34},{"pi":"335180","pc":"Бакалея","ss":10000,"td":"Центр города","dc":1,"n":456.91,"vc":"более 30 000","sl":"Очень высокий","sv":"более 2 000","p":12000.0,"q":50.51,"b":5.75,"wi":117.02,"ei":9.26,"as":1599.85,"mi":"E","mv":8497,"sc":1,"lpe":70.0,"lpr":5736.53,"lq":2.34},{"pi":"335180","pc":"Бакалея","ss":10000,"td":"Центр города","dc":1,"n":456.91,"vc":"более 30 000","sl":"Очень высокий","sv":"более 2 000","p":12000.0,"q":50.51,"b":5.75,"wi":117.02,"ei":9.26,"as":1599.85,"mi":"E","mv":8497,"sc":1,"lpe":70.0,"lpr":5736.53,"lq":2.34}]