[{"d":"23.12.2016","r":474848.0,"q":7.72,"p":36500.0,"s":[{"ui":"6775746","t":554664.0,"r":474848.0,"q":7.72,"p":36500.0,"mot":"U","mo":474848.0},{"cn":"","ui":"","t":0.0,"r":0.0,"q":0.0,"p":0.0,"mot":"L","mo":0.0}]},{"d":"27.12.2016","r":267127.0,"q":7.28,"p":42043.67,"s":[{"ui":"6496664","t":100000.0,"r":99999.0,"q":7.08,"p":42125.0,"mot":"U","mo":99999.0},{"ui":"6776720","t":167129.0,"r":167128.0,"q":7.4,"p":41995.0,"mot":"U","mo":167128.0},{"cn":"","ui":"","t":0.0,"r":0.0,"q":0.0,"p":0.0,"mot":"L","mo":0.0}]},{"d":"28.12.2016","r":189337.0,"q":7.07,"p":41995.0,"s":[{"ui":"6776720","t":265736.0,"r":189337.0,"q":7.07,"p":41995.0,"mot":"U","mo":189337.0},{"cn":"","ui":"","t":0.0,"r":0.0,"q":0.0,"p":0.0,"mot":"L","mo":0.0}]},{"d":"05.01.2017","r":497.0,"q":1.0,"p":13000.0,"s":[{"ui":"6786629","t":497.0,"r":497.0,"q":1.0,"p":13000.0,"mot":"U","mo":497.0},{"cn":"","ui":"","t":0.0,"r":0.0,"q":0.0,"p":0.0,"mot":"L","mo":0.0}]},{"d":"06.01.2017","r":20000.0,"q":9.0,"p":42000.0,"s":[{"ui":"6435216","t":458075.0,"r":365874.0,"q":9.0,"p":42000.0,"mot":"L","mo":20000.0},{"cn":"","ui":"","t":0.0,"r":0.0,"q":0.0,"p":0.0,"mot":"L","mo":0.0}]},{"d":"07.01.2017","r":12000.0,"q":1.0,"p":7500.0,"s":[{"ui":"6804542","t":12000.0,"r":12000.0,"q":1.0,"p":7500.0,"mot":"U","mo":12000.0},{"cn":"","ui":"","t":0.0,"r":0.0,"q":0.0,"p":0.0,"mot":"L","mo":0.0}]},{"d":"10.01.2017","r":574.0,"q":4.05,"p":50279.62,"s":[{"ui":"6788278","t":34728.0,"r":564.0,"q":3.96,"p":50000.0,"mot":"U","mo":564.0},{"cn":"","ui":"","t":50.0,"r":10.0,"q":9.38,"p":66050.0,"mot":"L","mo":10.0}]},{"d":"11.01.2017","r":1.0,"q":9.41,"p":66050.0,"s":[{"ui":"5806491","t":1001.0,"r":989.0,"q":9.41,"p":66050.0,"mot":"L","mo":1.0},{"cn":"","ui":"","t":0.0,"r":0.0,"q":0.0,"p":0.0,"mot":"L","mo":0.0}]},{"d":"12.01.2017","r":50001.0,"q":8.58,"p":73739.85,"s":[{"ui":"6513923","t":734914.0,"r":404448.0,"q":8.58,"p":73740.0,"mot":"L","mo":50000.0},{"cn":"","ui":"","t":1979.0,"r":1.0,"q":9.41,"p":66050.0,"mot":"L","mo":1.0}]},{"d":"13.01.2017","r":56065.0,"q":7.97,"p":74880.0,"s":[{"ui":"6791393","t":31319.0,"r":6058.0,"q":2.23,"p":81000.0,"mot":"U","mo":6058.0},{"ui":"6513923","t":781013.0,"r":400317.0,"q":8.67,"p":74139.0,"mot":"L","mo":50000.0},{"cn":"","ui":"","t":2958.0,"r":7.0,"q":4.37,"p":71292.86,"mot":"L","mo":7.0}]},{"d":"14.01.2017","r":891270.0,"q":7.27,"p":86496.28,"s":[{"ui":"6513923","t":682494.0,"r":51807.0,"q":8.73,"p":74149.0,"mot":"L","mo":50000.0},{"ui":"6835752","t":277747.0,"r":277746.0,"q":7.2,"p":87900.0,"mot":"U","mo":277746.0},{"ui":"6835749","t":563524.0,"r":563523.0,"q":7.17,"p":86900.0,"mot":"U","mo":563523.0},{"cn":"","ui":"","t":3919.0,"r":1.0,"q":9.41,"p":66050.0,"mot":"L","mo":1.0}]},{"d":"15.01.2017","r":5101.0,"q":8.63,"p":74587.54,"s":[{"ui":"6513923","t":529503.0,"r":385225.0,"q":8.76,"p":74161.0,"mot":"L","mo":5000.0},{"cn":"","ui":"","t":4565.0,"r":101.0,"q":2.27,"p":95703.47,"mot":"L","mo":101.0}]},{"d":"16.01.2017","r":1.0,"q":9.41,"p":66050.0,"s":[{"ui":"5806491","t":3838.0,"r":3795.0,"q":9.41,"p":66050.0,"mot":"L","mo":1.0},{"cn":"","ui":"","t":0.0,"r":0.0,"q":0.0,"p":0.0,"mot":"L","mo":0.0}]},{"d":"17.01.2017","r":127.0,"q":2.29,"p":95963.35,"s":[{"ui":"6806677","t":717.0,"r":125.0,"q":2.19,"p":96000.0,"mot":"U","mo":125.0},{"cn":"","ui":"","t":3797.0,"r":2.0,"q":8.31,"p":93672.5,"mot":"L","mo":2.0}]},{"d":"18.01.2017","r":299901.0,"q":7.71,"p":121294.82,"s":[{"ui":"6776720","t":300000.0,"r":299900.0,"q":7.71,"p":121295.0,"mot":"U","mo":299900.0},{"cn":"","ui":"","t":3756.0,"r":1.0,"q":9.41,"p":66050.0,"mot":"L","mo":1.0}]},{"d":"19.01.2017","r":1.0,"q":9.41,"p":66050.0,"s":[{"ui":"5806491","t":3705.0,"r":3648.0,"q":9.41,"p":66050.0,"mot":"L","mo":1.0},{"cn":"","ui":"","t":0.0,"r":0.0,"q":0.0,"p":0.0,"mot":"L","mo":0.0}]},{"d":"20.01.2017","r":17054.0,"q":5.76,"p":125996.48,"s":[{"ui":"6419729","t":62053.0,"r":17053.0,"q":5.76,"p":126000.0,"mot":"U","mo":17053.0},{"cn":"","ui":"","t":3647.0,"r":1.0,"q":9.41,"p":66050.0,"mot":"L","mo":1.0}]},{"d":"21.01.2017","r":103268.0,"q":11.35,"p":144999.24,"s":[{"ui":"6402798","t":215269.0,"r":103267.0,"q":11.35,"p":145000.0,"mot":"U","mo":103267.0},{"cn":"","ui":"","t":3588.0,"r":1.0,"q":9.41,"p":66050.0,"mot":"L","mo":1.0}]},{"d":"22.01.2017","r":1.0,"q":9.41,"p":66050.0,"s":[{"ui":"5806491","t":3523.0,"r":3454.0,"q":9.41,"p":66050.0,"mot":"L","mo":1.0},{"cn":"","ui":"","t":0.0,"r":0.0,"q":0.0,"p":0.0,"mot":"L","mo":0.0}]},{"d":"23.01.2017","r":1812302.0,"q":7.36,"p":242953.07,"s":[{"ui":"6340520","t":600001.0,"r":600000.0,"q":6.8,"p":427000.0,"mot":"U","mo":600000.0},{"ui":"6860994","t":428992.0,"r":428990.0,"q":7.62,"p":164489.0,"mot":"U","mo":428990.0},{"ui":"6830832","t":428989.0,"r":428988.0,"q":7.62,"p":164486.0,"mot":"U","mo":428988.0},{"ui":"6776720","t":1412109.0,"r":354323.0,"q":7.66,"p":121295.0,"mot":"U","mo":354323.0},{"cn":"","ui":"","t":3455.0,"r":1.0,"q":9.41,"p":66050.0,"mot":"L","mo":1.0}]},{"d":"24.01.2017","r":605093.0,"q":6.75,"p":422974.01,"s":[{"ui":"6340520","t":598496.0,"r":596993.0,"q":6.8,"p":427000.0,"mot":"U","mo":596993.0},{"cn":"","ui":"","t":36659.0,"r":8100.0,"q":3.1,"p":126247.36,"mot":"L","mo":8100.0}]},{"d":"25.01.2017","r":776708.0,"q":6.98,"p":385253.08,"s":[{"ui":"6340520","t":577593.0,"r":556690.0,"q":6.8,"p":427000.0,"mot":"U","mo":556690.0},{"ui":"6866585","t":100001.0,"r":100000.0,"q":7.58,"p":295000.0,"mot":"U","mo":100000.0},{"ui":"6866584","t":100000.0,"r":99998.0,"q":7.59,"p":295000.0,"mot":"U","mo":99998.0},{"cn":"","ui":"","t":189485.0,"r":20020.0,"q":6.1,"p":126029.27,"mot":"L","mo":20020.0}]},{"d":"26.01.2017","r":548891.0,"q":6.8,"p":426287.0,"s":[{"ui":"6340520","t":577592.0,"r":547591.0,"q":6.8,"p":427000.0,"mot":"U","mo":547591.0},{"cn":"","ui":"","t":190187.0,"r":1300.0,"q":6.04,"p":125953.88,"mot":"L","mo":1300.0}]},{"d":"27.01.2017","r":726592.0,"q":6.76,"p":416642.14,"s":[{"ui":"6340520","t":724591.0,"r":701589.0,"q":6.79,"p":427000.0,"mot":"U","mo":701589.0},{"cn":"","ui":"","t":216926.0,"r":25003.0,"q":6.03,"p":125998.72,"mot":"L","mo":25003.0}]},{"d":"28.01.2017","r":1482525.0,"q":7.27,"p":376289.45,"s":[{"ui":"6340520","t":724588.0,"r":724587.0,"q":6.79,"p":500000.0,"mot":"U","mo":724587.0},{"ui":"6866585","t":496642.0,"r":396640.0,"q":7.62,"p":295000.0,"mot":"U","mo":396640.0},{"ui":"6876786","t":175224.0,"r":175223.0,"q":7.33,"p":200000.0,"mot":"U","mo":175223.0},{"ui":"6866584","t":193284.0,"r":93282.0,"q":7.58,"p":295000.0,"mot":"U","mo":93282.0},{"cn":"","ui":"","t":246585.0,"r":92793.0,"q":9.1,"p":172355.95,"mot":"L","mo":92793.0}]},{"d":"29.01.2017","r":5117157.0,"q":7.65,"p":241361.18,"s":[{"ui":"6866585","t":851174.0,"r":755171.0,"q":7.62,"p":295000.0,"mot":"U","mo":755171.0},{"ui":"5819572","t":410480.0,"r":313479.0,"q":7.97,"p":150000.0,"mot":"U","mo":313479.0},{"ui":"6877042","t":399124.0,"r":348123.0,"q":7.96,"p":109000.0,"mot":"U","mo":348123.0},{"ui":"6340520","t":724587.0,"r":724586.0,"q":6.79,"p":500000.0,"mot":"U","mo":724586.0},{"ui":"6783906","t":1786691.0,"r":1786690.0,"q":7.93,"p":180000.0,"mot":"U","mo":1786690.0},{"ui":"6866584","t":296288.0,"r":296286.0,"q":7.58,"p":295000.0,"mot":"U","mo":296286.0},{"ui":"6830832","t":400014.0,"r":399012.0,"q":7.57,"p":179000.0,"mot":"U","mo":399012.0},{"cn":"","ui":"","t":1439435.0,"r":493810.0,"q":7.62,"p":171352.6,"mot":"L","mo":493810.0}]},{"d":"30.01.2017","r":6434917.0,"q":7.65,"p":204041.59,"s":[{"ui":"6866585","t":755173.0,"r":659171.0,"q":7.62,"p":295000.0,"mot":"U","mo":659171.0},{"ui":"5819572","t":518719.0,"r":421718.0,"q":8.0,"p":150000.0,"mot":"U","mo":421718.0},{"ui":"6340520","t":724586.0,"r":724585.0,"q":6.79,"p":500000.0,"mot":"U","mo":724585.0},{"ui":"6860994","t":576965.0,"r":575964.0,"q":7.58,"p":149000.0,"mot":"U","mo":575964.0},{"ui":"6783906","t":1786690.0,"r":1786689.0,"q":7.93,"p":155000.0,"mot":"U","mo":1786689.0},{"ui":"6830832","t":399012.0,"r":398010.0,"q":7.57,"p":163900.0,"mot":"U","mo":398010.0},{"ui":"6776720","t":1432811.0,"r":1047798.0,"q":7.65,"p":132295.0,"mot":"U","mo":1047798.0},{"cn":"","ui":"","t":1098785.0,"r":820982.0,"q":7.73,"p":153934.37,"mot":"L","mo":820982.0}]},{"d":"31.01.2017","r":7860300.0,"q":7.63,"p":180769.37,"s":[{"ui":"6866585","t":749172.0,"r":653171.0,"q":7.62,"p":295000.0,"mot":"U","mo":653171.0},{"ui":"5819572","t":626959.0,"r":529959.0,"q":8.01,"p":120000.0,"mot":"U","mo":529959.0},{"ui":"6340520","t":724585.0,"r":724584.0,"q":6.79,"p":500000.0,"mot":"U","mo":724584.0},{"ui":"6088359","t":993990.0,"r":850990.0,"q":8.02,"p":110000.0,"mot":"U","mo":850990.0},{"ui":"6860994","t":767383.0,"r":765382.0,"q":7.58,"p":109000.0,"mot":"U","mo":765382.0},{"ui":"6783906","t":1786689.0,"r":1786688.0,"q":7.93,"p":135000.0,"mot":"U","mo":1786688.0},{"ui":"6830832","t":398010.0,"r":397008.0,"q":7.57,"p":163900.0,"mot":"U","mo":397008.0},{"ui":"6776720","t":1765816.0,"r":1380803.0,"q":7.65,"p":132295.0,"mot":"U","mo":1380803.0},{"cn":"","ui":"","t":1240208.0,"r":771715.0,"q":7.09,"p":176681.31,"mot":"L","mo":771715.0}]},{"d":"01.02.2017","r":8584233.0,"q":7.68,"p":169104.1,"s":[{"ui":"6866585","t":667620.0,"r":571619.0,"q":7.62,"p":295000.0,"mot":"U","mo":571619.0},{"ui":"6340520","t":724584.0,"r":724583.0,"q":6.79,"p":500000.0,"mot":"U","mo":724583.0},{"ui":"6783906","t":1786688.0,"r":1786687.0,"q":7.93,"p":125000.0,"mot":"U","mo":1786687.0},{"ui":"6776720","t":1769470.0,"r":1384457.0,"q":7.63,"p":132295.0,"mot":"U","mo":1384457.0},{"ui":"5819572","t":734629.0,"r":637629.0,"q":8.02,"p":120000.0,"mot":"U","mo":637629.0},{"ui":"6088359","t":874040.0,"r":752840.0,"q":8.02,"p":110000.0,"mot":"U","mo":752840.0},{"ui":"6860994","t":860477.0,"r":857475.0,"q":7.58,"p":107000.0,"mot":"U","mo":857475.0},{"cn":"","ui":"","t":2326814.0,"r":1868943.0,"q":7.62,"p":140795.91,"mot":"L","mo":1868943.0}]},{"d":"02.02.2017","r":9347976.0,"q":7.62,"p":150762.57,"s":[{"ui":"6866585","t":588805.0,"r":492804.0,"q":7.61,"p":295000.0,"mot":"U","mo":492804.0},{"ui":"6340520","t":724583.0,"r":724582.0,"q":6.79,"p":500000.0,"mot":"U","mo":724582.0},{"ui":"6783906","t":1786687.0,"r":1786686.0,"q":7.93,"p":100000.0,"mot":"U","mo":1786686.0},{"ui":"6776720","t":1737722.0,"r":1449610.0,"q":7.62,"p":132295.0,"mot":"U","mo":1449610.0},{"ui":"5819572","t":939769.0,"r":939669.0,"q":8.02,"p":97000.0,"mot":"U","mo":939669.0},{"ui":"6088359","t":853830.0,"r":791820.0,"q":8.02,"p":85000.0,"mot":"U","mo":791820.0},{"ui":"6860994","t":861377.0,"r":860256.0,"q":7.58,"p":84000.0,"mot":"U","mo":860256.0},{"cn":"","ui":"","t":2753811.0,"r":2302549.0,"q":7.37,"p":130506.59,"mot":"L","mo":2302549.0}]},{"d":"03.02.2017","r":9944929.0,"q":7.57,"p":140799.8,"s":[{"ui":"6866585","t":629832.0,"r":533831.0,"q":7.65,"p":295000.0,"mot":"U","mo":533831.0},{"ui":"6340520","t":724582.0,"r":724581.0,"q":6.79,"p":500000.0,"mot":"U","mo":724581.0},{"ui":"6783906","t":1786686.0,"r":1786685.0,"q":7.93,"p":95000.0,"mot":"U","mo":1786685.0},{"ui":"6776720","t":1645157.0,"r":1357045.0,"q":7.61,"p":132295.0,"mot":"U","mo":1357045.0},{"ui":"5819572","t":1144909.0,"r":1144809.0,"q":8.03,"p":70000.0,"mot":"U","mo":1144809.0},{"ui":"6489469","t":597502.0,"r":589123.0,"q":7.2,"p":50000.0,"mot":"U","mo":589123.0},{"ui":"6088359","t":791820.0,"r":746610.0,"q":8.02,"p":85000.0,"mot":"U","mo":746610.0},{"ui":"6860994","t":860755.0,"r":859133.0,"q":7.58,"p":84000.0,"mot":"U","mo":859133.0},{"cn":"","ui":"","t":2727417.0,"r":2203112.0,"q":7.18,"p":129810.12,"mot":"L","mo":2203112.0}]},{"d":"04.02.2017","r":2741812.0,"q":7.95,"p":76664.59,"s":[{"ui":"6778341","t":237518.0,"r":236518.0,"q":9.4,"p":100000.0,"mot":"U","mo":236518.0},{"ui":"5819572","t":205240.0,"r":162199.0,"q":8.06,"p":70000.0,"mot":"U","mo":162199.0},{"ui":"6088359","t":766810.0,"r":741800.0,"q":8.02,"p":85000.0,"mot":"U","mo":741800.0},{"ui":"6860994","t":1128359.0,"r":1128236.0,"q":7.58,"p":64900.0,"mot":"U","mo":1128236.0},{"ui":"6835749","t":219266.0,"r":219113.0,"q":7.57,"p":64900.0,"mot":"U","mo":219113.0},{"cn":"","ui":"","t":290008.0,"r":253946.0,"q":8.25,"p":97257.71,"mot":"L","mo":253946.0}]},{"d":"05.02.2017","r":9019996.0,"q":7.46,"p":137373.09,"s":[{"ui":"6340520","t":724581.0,"r":724580.0,"q":6.79,"p":500000.0,"mot":"U","mo":724580.0},{"ui":"6783906","t":2399057.0,"r":2399056.0,"q":7.86,"p":90000.0,"mot":"U","mo":2399056.0},{"ui":"6776720","t":1840233.0,"r":1840121.0,"q":7.61,"p":132295.0,"mot":"U","mo":1840121.0},{"ui":"6860994","t":1128359.0,"r":1098031.0,"q":7.58,"p":64900.0,"mot":"U","mo":1098031.0},{"cn":"","ui":"","t":3491525.0,"r":2958208.0,"q":7.17,"p":117029.87,"mot":"L","mo":2958208.0}]},{"d":"06.02.2017","r":9879317.0,"q":7.39,"p":130952.39,"s":[{"ui":"6340520","t":724580.0,"r":724579.0,"q":6.79,"p":500000.0,"mot":"U","mo":724579.0},{"ui":"6783906","t":2399056.0,"r":2399055.0,"q":7.86,"p":90000.0,"mot":"U","mo":2399055.0},{"ui":"6776720","t":1840121.0,"r":1840009.0,"q":7.61,"p":132295.0,"mot":"U","mo":1840009.0},{"ui":"6835749","t":864440.0,"r":863205.0,"q":7.63,"p":64900.0,"mot":"U","mo":863205.0},{"ui":"6860994","t":1099051.0,"r":1068743.0,"q":7.58,"p":64900.0,"mot":"U","mo":1068743.0},{"cn":"","ui":"","t":3530844.0,"r":2983726.0,"q":6.88,"p":116199.78,"mot":"L","mo":2983726.0}]},{"d":"07.02.2017","r":1.3009093E7,"q":7.37,"p":91418.83,"s":[{"ui":"6340520","t":724579.0,"r":724578.0,"q":6.79,"p":500000.0,"mot":"U","mo":724578.0},{"ui":"6835749","t":3024894.0,"r":2948622.0,"q":7.61,"p":49900.0,"mot":"U","mo":2948622.0},{"ui":"5563874","t":3357662.0,"r":3357661.0,"q":7.41,"p":60000.0,"mot":"U","mo":3357661.0},{"ui":"6860994","t":1442787.0,"r":1407457.0,"q":7.57,"p":49900.0,"mot":"U","mo":1407457.0},{"cn":"","ui":"","t":4838304.0,"r":4570775.0,"q":7.2,"p":89297.57,"mot":"L","mo":4570775.0}]},{"d":"08.02.2017","r":1.3436247E7,"q":7.3,"p":90717.61,"s":[{"ui":"6419729","t":694103.0,"r":682989.0,"q":5.93,"p":90000.0,"mot":"U","mo":682989.0},{"ui":"6340520","t":724578.0,"r":724577.0,"q":6.79,"p":500000.0,"mot":"U","mo":724577.0},{"ui":"6835749","t":2920620.0,"r":2816346.0,"q":7.61,"p":48900.0,"mot":"U","mo":2816346.0},{"ui":"5819572","t":721831.0,"r":688790.0,"q":8.09,"p":70000.0,"mot":"U","mo":688790.0},{"ui":"5563874","t":3357661.0,"r":3357660.0,"q":7.41,"p":60000.0,"mot":"U","mo":3357660.0},{"ui":"6860994","t":1412357.0,"r":1381944.0,"q":7.57,"p":48900.0,"mot":"U","mo":1381944.0},{"cn":"","ui":"","t":6131360.0,"r":3783941.0,"q":7.07,"p":89899.78,"mot":"L","mo":3783941.0}]},{"d":"09.02.2017","r":1.5117439E7,"q":7.61,"p":86766.17,"s":[{"ui":"6419729","t":791690.0,"r":780676.0,"q":6.02,"p":87000.0,"mot":"U","mo":780676.0},{"ui":"6800091","t":876215.0,"r":826215.0,"q":8.1,"p":52000.0,"mot":"U","mo":826215.0},{"ui":"6835749","t":2822946.0,"r":2725076.0,"q":7.61,"p":44795.0,"mot":"U","mo":2725076.0},{"ui":"5819572","t":927068.0,"r":927065.0,"q":8.09,"p":70000.0,"mot":"U","mo":927065.0},{"ui":"6513923","t":1242752.0,"r":1242752.0,"q":8.64,"p":60900.0,"mot":"U","mo":1242752.0},{"ui":"5563874","t":3357660.0,"r":3357659.0,"q":7.41,"p":60000.0,"mot":"U","mo":3357659.0},{"ui":"6860994","t":1382053.0,"r":1365609.0,"q":7.57,"p":43900.0,"mot":"U","mo":1365609.0},{"cn":"","ui":"","t":5709234.0,"r":3892387.0,"q":7.57,"p":173863.14,"mot":"L","mo":3892387.0}]},{"d":"10.02.2017","r":1.6547803E7,"q":7.64,"p":84362.55,"s":[{"ui":"6800091","t":928835.0,"r":878835.0,"q":8.15,"p":51000.0,"mot":"U","mo":878835.0},{"ui":"6835749","t":2821075.0,"r":2819202.0,"q":7.61,"p":44795.0,"mot":"U","mo":2819202.0},{"ui":"5819572","t":1132305.0,"r":1132302.0,"q":8.1,"p":70000.0,"mot":"U","mo":1132302.0},{"ui":"6513923","t":1745672.0,"r":1745672.0,"q":8.66,"p":60900.0,"mot":"U","mo":1745672.0},{"ui":"5563874","t":3357659.0,"r":3357658.0,"q":7.41,"p":60000.0,"mot":"U","mo":3357658.0},{"ui":"6860994","t":1354705.0,"r":1327296.0,"q":7.57,"p":43900.0,"mot":"U","mo":1327296.0},{"cn":"","ui":"","t":7191584.0,"r":5286838.0,"q":7.29,"p":147462.01,"mot":"L","mo":5286838.0}]},{"d":"11.02.2017","r":1.8117877E7,"q":7.64,"p":82457.38,"s":[{"ui":"6800091","t":981301.0,"r":931301.0,"q":8.2,"p":51000.0,"mot":"U","mo":931301.0},{"ui":"6835749","t":2818598.0,"r":2816026.0,"q":7.61,"p":44795.0,"mot":"U","mo":2816026.0},{"ui":"5819572","t":1337542.0,"r":1337539.0,"q":8.11,"p":49000.0,"mot":"U","mo":1337539.0},{"ui":"6513923","t":2246522.0,"r":2246522.0,"q":8.67,"p":60900.0,"mot":"U","mo":2246522.0},{"ui":"5563874","t":3357658.0,"r":3357657.0,"q":7.41,"p":60000.0,"mot":"U","mo":3357657.0},{"ui":"6860994","t":1337497.0,"r":1320188.0,"q":7.57,"p":43900.0,"mot":"U","mo":1320188.0},{"cn":"","ui":"","t":8331896.0,"r":6108644.0,"q":7.22,"p":140545.79,"mot":"L","mo":6108644.0}]},{"d":"12.02.2017","r":1.8326024E7,"q":7.74,"p":80687.67,"s":[{"ui":"6800091","t":1023613.0,"r":963613.0,"q":8.23,"p":53000.0,"mot":"U","mo":963613.0},{"ui":"6835749","t":2816546.0,"r":2809492.0,"q":7.61,"p":39900.0,"mot":"U","mo":2809492.0},{"ui":"5819572","t":1542779.0,"r":1542776.0,"q":8.12,"p":49000.0,"mot":"U","mo":1542776.0},{"ui":"6513923","t":2706239.0,"r":2706239.0,"q":8.67,"p":60900.0,"mot":"U","mo":2706239.0},{"ui":"5563874","t":3357657.0,"r":3357656.0,"q":7.41,"p":60000.0,"mot":"U","mo":3357656.0},{"ui":"6860994","t":1326287.0,"r":1315075.0,"q":7.57,"p":39900.0,"mot":"U","mo":1315075.0},{"cn":"","ui":"","t":7889608.0,"r":5631173.0,"q":7.41,"p":145827.02,"mot":"L","mo":5631173.0}]},{"d":"13.02.2017","r":1.9030831E7,"q":7.76,"p":80904.17,"s":[{"ui":"6800091","t":1065771.0,"r":1005771.0,"q":8.27,"p":53000.0,"mot":"U","mo":1005771.0},{"ui":"6835749","t":2649946.0,"r":2478342.0,"q":7.61,"p":39900.0,"mot":"U","mo":2478342.0},{"ui":"5819572","t":1748016.0,"r":1748013.0,"q":8.13,"p":49000.0,"mot":"U","mo":1748013.0},{"ui":"6513923","t":2711239.0,"r":2711239.0,"q":8.67,"p":60900.0,"mot":"U","mo":2711239.0},{"ui":"5563874","t":3357656.0,"r":3357655.0,"q":7.41,"p":60000.0,"mot":"U","mo":3357655.0},{"ui":"6860994","t":1315072.0,"r":1303857.0,"q":7.57,"p":39900.0,"mot":"U","mo":1303857.0},{"cn":"","ui":"","t":8439513.0,"r":6425954.0,"q":7.49,"p":137447.53,"mot":"L","mo":6425954.0}]},{"d":"14.02.2017","r":1.9924926E7,"q":7.78,"p":79350.26,"s":[{"ui":"6800091","t":1065771.0,"r":1065771.0,"q":8.27,"p":53000.0,"mot":"U","mo":1065771.0},{"ui":"6835749","t":2599290.0,"r":2548535.0,"q":7.61,"p":37900.0,"mot":"U","mo":2548535.0},{"ui":"5819572","t":1953253.0,"r":1953250.0,"q":8.13,"p":49000.0,"mot":"U","mo":1953250.0},{"ui":"6513923","t":2716239.0,"r":2716239.0,"q":8.67,"p":60900.0,"mot":"U","mo":2716239.0},{"ui":"5563874","t":3357655.0,"r":3357654.0,"q":7.41,"p":60000.0,"mot":"U","mo":3357654.0},{"ui":"6860994","t":1289657.0,"r":1264242.0,"q":7.57,"p":37900.0,"mot":"U","mo":1264242.0},{"cn":"","ui":"","t":9212575.0,"r":7019235.0,"q":7.55,"p":130708.04,"mot":"L","mo":7019235.0}]},{"d":"15.02.2017","r":2.0655987E7,"q":7.81,"p":81907.06,"s":[{"ui":"6513923","t":3221239.0,"r":3221239.0,"q":8.75,"p":77324.0,"mot":"U","mo":3221239.0},{"ui":"5563874","t":3357654.0,"r":3357653.0,"q":7.41,"p":60000.0,"mot":"U","mo":3357653.0},{"ui":"6860994","t":1278443.0,"r":1267228.0,"q":7.57,"p":37900.0,"mot":"U","mo":1267228.0},{"ui":"6835749","t":2528932.0,"r":2308476.0,"q":7.61,"p":37900.0,"mot":"U","mo":2308476.0},{"ui":"5819572","t":2158165.0,"r":2158162.0,"q":8.14,"p":49000.0,"mot":"U","mo":2158162.0},{"cn":"","ui":"","t":1.0714691E7,"r":8343229.0,"q":7.62,"p":119865.31,"mot":"L","mo":8343229.0}]},{"d":"16.02.2017","r":1.6187631E7,"q":7.75,"p":73178.6,"s":[{"ui":"6800091","t":1005771.0,"r":945771.0,"q":8.27,"p":52000.0,"mot":"U","mo":945771.0},{"ui":"6835749","t":2317578.0,"r":2084924.0,"q":7.61,"p":37900.0,"mot":"U","mo":2084924.0},{"ui":"5819572","t":2362752.0,"r":2362749.0,"q":8.15,"p":49000.0,"mot":"U","mo":2362749.0},{"ui":"5563874","t":3357653.0,"r":3357652.0,"q":7.41,"p":60000.0,"mot":"U","mo":3357652.0},{"ui":"6860994","t":1266229.0,"r":1254015.0,"q":7.57,"p":37900.0,"mot":"U","mo":1254015.0},{"cn":"","ui":"","t":8505181.0,"r":6182520.0,"q":7.8,"p":111868.39,"mot":"L","mo":6182520.0}]},{"d":"17.02.2017","r":1.6110306E7,"q":7.69,"p":73540.86,"s":[{"ui":"6800091","t":945771.0,"r":885771.0,"q":8.27,"p":52000.0,"mot":"U","mo":885771.0},{"ui":"6835749","t":2268924.0,"r":2220170.0,"q":7.61,"p":37900.0,"mot":"U","mo":2220170.0},{"ui":"5819572","t":2567006.0,"r":2567003.0,"q":8.15,"p":49000.0,"mot":"U","mo":2567003.0},{"ui":"5563874","t":3357652.0,"r":3357651.0,"q":7.41,"p":60000.0,"mot":"U","mo":3357651.0},{"ui":"6860994","t":1254016.0,"r":1241802.0,"q":7.57,"p":37900.0,"mot":"U","mo":1241802.0},{"cn":"","ui":"","t":8531659.0,"r":5837909.0,"q":7.62,"p":116523.69,"mot":"L","mo":5837909.0}]},{"d":"18.02.2017","r":1.2115161E7,"q":7.75,"p":76818.15,"s":[{"ui":"6789250","t":646104.0,"r":622102.0,"q":8.51,"p":50000.0,"mot":"U","mo":622102.0},{"ui":"6340520","t":724568.0,"r":724567.0,"q":6.79,"p":500000.0,"mot":"U","mo":724567.0},{"ui":"6800091","t":885771.0,"r":825771.0,"q":8.27,"p":52000.0,"mot":"U","mo":825771.0},{"ui":"6835749","t":2233145.0,"r":2190354.0,"q":7.61,"p":35900.0,"mot":"U","mo":2190354.0},{"ui":"5819572","t":2770936.0,"r":2770934.0,"q":8.16,"p":49000.0,"mot":"U","mo":2770934.0},{"ui":"6489469","t":677845.0,"r":675835.0,"q":7.79,"p":43000.0,"mot":"U","mo":675835.0},{"ui":"6860994","t":1242708.0,"r":1231399.0,"q":7.57,"p":35900.0,"mot":"U","mo":1231399.0},{"cn":"","ui":"","t":5338358.0,"r":3074199.0,"q":7.46,"p":67223.34,"mot":"L","mo":3074199.0}]},{"d":"19.02.2017","r":1.1362504E7,"q":7.63,"p":78152.69,"s":[{"ui":"6789250","t":675492.0,"r":651490.0,"q":8.52,"p":50000.0,"mot":"U","mo":651490.0},{"ui":"6340520","t":724567.0,"r":724566.0,"q":6.79,"p":500000.0,"mot":"U","mo":724566.0},{"ui":"6800091","t":928391.0,"r":868390.0,"q":8.28,"p":52000.0,"mot":"U","mo":868390.0},{"ui":"6835749","t":2195445.0,"r":2155545.0,"q":7.61,"p":34900.0,"mot":"U","mo":2155545.0},{"ui":"5819572","t":2974532.0,"r":2974530.0,"q":8.17,"p":49000.0,"mot":"U","mo":2974530.0},{"ui":"6489469","t":747257.0,"r":745249.0,"q":7.78,"p":43000.0,"mot":"U","mo":745249.0},{"ui":"6860994","t":1231401.0,"r":1220093.0,"q":7.57,"p":34900.0,"mot":"U","mo":1220093.0},{"cn":"","ui":"","t":3954295.0,"r":2022641.0,"q":6.58,"p":75341.59,"mot":"L","mo":2022641.0}]},{"d":"20.02.2017","r":1.1663584E7,"q":7.58,"p":77622.45,"s":[{"ui":"6789250","t":704808.0,"r":680806.0,"q":8.52,"p":45000.0,"mot":"U","mo":680806.0},{"ui":"6340520","t":724566.0,"r":724565.0,"q":6.79,"p":500000.0,"mot":"U","mo":724565.0},{"ui":"6800091","t":980856.0,"r":930855.0,"q":8.28,"p":52000.0,"mot":"U","mo":930855.0},{"ui":"6835749","t":2157969.0,"r":2114582.0,"q":7.61,"p":34900.0,"mot":"U","mo":2114582.0},{"ui":"5819572","t":3177803.0,"r":3177801.0,"q":8.17,"p":49000.0,"mot":"U","mo":3177801.0},{"ui":"6489469","t":815912.0,"r":813905.0,"q":7.77,"p":43000.0,"mot":"U","mo":813905.0},{"ui":"6860994","t":1209495.0,"r":1187587.0,"q":7.57,"p":34900.0,"mot":"U","mo":1187587.0},{"cn":"","ui":"","t":4185195.0,"r":2033483.0,"q":6.22,"p":77736.99,"mot":"L","mo":2033483.0}]},{"d":"21.02.2017","r":1.6435357E7,"q":7.62,"p":72432.65,"s":[{"ui":"6800091","t":1033167.0,"r":983166.0,"q":8.28,"p":50000.0,"mot":"U","mo":983166.0},{"ui":"6835749","t":1877882.0,"r":1590794.0,"q":7.61,"p":34900.0,"mot":"U","mo":1590794.0},{"ui":"5819572","t":3380749.0,"r":3380747.0,"q":8.18,"p":49000.0,"mot":"U","mo":3380747.0},{"ui":"6489469","t":883811.0,"r":881805.0,"q":7.75,"p":43000.0,"mot":"U","mo":881805.0},{"ui":"5563874","t":3357652.0,"r":3357652.0,"q":7.41,"p":60000.0,"mot":"U","mo":3357652.0},{"ui":"6860994","t":1187589.0,"r":1165683.0,"q":7.57,"p":34900.0,"mot":"U","mo":1165683.0},{"cn":"","ui":"","t":7233873.0,"r":5075510.0,"q":7.25,"p":126108.25,"mot":"L","mo":5075510.0}]},{"d":"22.02.2017","r":1.268307E7,"q":7.63,"p":76613.95,"s":[{"ui":"6789250","t":763226.0,"r":739224.0,"q":8.5,"p":45000.0,"mot":"U","mo":739224.0},{"ui":"6340520","t":724564.0,"r":724563.0,"q":6.79,"p":500000.0,"mot":"U","mo":724563.0},{"ui":"6800091","t":1085324.0,"r":1035323.0,"q":8.27,"p":49000.0,"mot":"U","mo":1035323.0},{"ui":"6835749","t":1597595.0,"r":1317305.0,"q":7.61,"p":34900.0,"mot":"U","mo":1317305.0},{"ui":"5819572","t":3582799.0,"r":3582797.0,"q":8.18,"p":49000.0,"mot":"U","mo":3582797.0},{"ui":"6489469","t":950957.0,"r":948951.0,"q":7.73,"p":43000.0,"mot":"U","mo":948951.0},{"ui":"6860994","t":1166383.0,"r":1145177.0,"q":7.57,"p":34900.0,"mot":"U","mo":1145177.0},{"cn":"","ui":"","t":5125321.0,"r":3189730.0,"q":6.79,"p":69949.53,"mot":"L","mo":3189730.0}]},{"d":"23.02.2017","r":1.300298E7,"q":7.61,"p":77222.5,"s":[{"ui":"6340520","t":724563.0,"r":724562.0,"q":6.79,"p":500000.0,"mot":"U","mo":724562.0},{"ui":"6789250","t":792336.0,"r":768334.0,"q":8.49,"p":40000.0,"mot":"U","mo":768334.0},{"ui":"6800091","t":1147327.0,"r":1107326.0,"q":8.26,"p":49000.0,"mot":"U","mo":1107326.0},{"ui":"6835749","t":1336326.0,"r":1075054.0,"q":7.61,"p":34900.0,"mot":"U","mo":1075054.0},{"ui":"5819572","t":3784002.0,"r":3784001.0,"q":8.19,"p":49000.0,"mot":"U","mo":3784001.0},{"ui":"6489469","t":1017198.0,"r":1015192.0,"q":7.71,"p":43000.0,"mot":"U","mo":1015192.0},{"ui":"6860994","t":1156067.0,"r":1145751.0,"q":7.57,"p":34900.0,"mot":"U","mo":1145751.0},{"cn":"","ui":"","t":5426883.0,"r":3382760.0,"q":6.73,"p":73985.1,"mot":"L","mo":3382760.0}]},{"d":"24.02.2017","r":1.2760911E7,"q":7.53,"p":75931.16,"s":[{"ui":"6340520","t":724562.0,"r":724561.0,"q":6.79,"p":500000.0,"mot":"U","mo":724561.0},{"ui":"6789250","t":821374.0,"r":797372.0,"q":8.48,"p":40000.0,"mot":"U","mo":797372.0},{"ui":"6800091","t":1209176.0,"r":1169175.0,"q":8.24,"p":49000.0,"mot":"U","mo":1169175.0},{"ui":"6835749","t":900077.0,"r":638706.0,"q":7.61,"p":34900.0,"mot":"U","mo":638706.0},{"ui":"5819572","t":3984178.0,"r":3984177.0,"q":8.19,"p":49000.0,"mot":"U","mo":3984177.0},{"ui":"6489469","t":1082691.0,"r":1080685.0,"q":7.7,"p":43000.0,"mot":"U","mo":1080685.0},{"ui":"6860994","t":920751.0,"r":910435.0,"q":7.57,"p":34900.0,"mot":"U","mo":910435.0},{"cn":"","ui":"","t":5480941.0,"r":3455800.0,"q":6.38,"p":64160.72,"mot":"L","mo":3455800.0}]},{"d":"25.02.2017","r":1.2362103E7,"q":7.4,"p":77045.97,"s":[{"ui":"6340520","t":724561.0,"r":724560.0,"q":6.79,"p":500000.0,"mot":"U","mo":724560.0},{"ui":"6789250","t":851246.0,"r":827243.0,"q":8.47,"p":40000.0,"mot":"U","mo":827243.0},{"ui":"6800091","t":1265825.0,"r":1205824.0,"q":8.22,"p":49000.0,"mot":"U","mo":1205824.0},{"ui":"5819572","t":4183512.0,"r":4183511.0,"q":8.19,"p":49000.0,"mot":"U","mo":4183511.0},{"ui":"6489469","t":1147438.0,"r":1145432.0,"q":7.68,"p":43000.0,"mot":"U","mo":1145432.0},{"ui":"6860994","t":910535.0,"r":900319.0,"q":7.57,"p":34900.0,"mot":"U","mo":900319.0},{"cn":"","ui":"","t":5598515.0,"r":3375214.0,"q":5.84,"p":62908.14,"mot":"L","mo":3375214.0}]},{"d":"26.02.2017","r":1.197664E7,"q":7.44,"p":78054.96,"s":[{"ui":"6789250","t":870955.0,"r":836852.0,"q":8.46,"p":40000.0,"mot":"U","mo":836852.0},{"ui":"6340520","t":724560.0,"r":724559.0,"q":6.79,"p":500000.0,"mot":"U","mo":724559.0},{"ui":"6800091","t":1205824.0,"r":1145823.0,"q":8.22,"p":49000.0,"mot":"U","mo":1145823.0},{"ui":"5819572","t":4381835.0,"r":4381834.0,"q":8.19,"p":49000.0,"mot":"U","mo":4381834.0},{"ui":"6489469","t":1211441.0,"r":1209435.0,"q":7.67,"p":43000.0,"mot":"U","mo":1209435.0},{"cn":"","ui":"","t":6318655.0,"r":3678137.0,"q":6.14,"p":58785.66,"mot":"L","mo":3678137.0}]},{"d":"27.02.2017","r":1.2644207E7,"q":7.44,"p":76048.55,"s":[{"ui":"6789250","t":890593.0,"r":856490.0,"q":8.45,"p":40000.0,"mot":"U","mo":856490.0},{"ui":"6340520","t":724559.0,"r":724558.0,"q":6.79,"p":500000.0,"mot":"U","mo":724558.0},{"ui":"6800091","t":1145823.0,"r":1085822.0,"q":8.22,"p":49000.0,"mot":"U","mo":1085822.0},{"ui":"5819572","t":4578457.0,"r":4578456.0,"q":8.19,"p":49000.0,"mot":"U","mo":4578456.0},{"ui":"6489469","t":1273502.0,"r":1271496.0,"q":7.65,"p":43000.0,"mot":"U","mo":1271496.0},{"cn":"","ui":"","t":6496734.0,"r":4127385.0,"q":6.25,"p":56406.42,"mot":"L","mo":4127385.0}]},{"d":"28.02.2017","r":1.2730887E7,"q":7.46,"p":76532.03,"s":[{"ui":"6789250","t":910159.0,"r":876056.0,"q":8.45,"p":40000.0,"mot":"U","mo":876056.0},{"ui":"6340520","t":724558.0,"r":724557.0,"q":6.79,"p":500000.0,"mot":"U","mo":724557.0},{"ui":"6800091","t":1135822.0,"r":1125821.0,"q":8.22,"p":49000.0,"mot":"U","mo":1125821.0},{"ui":"5819572","t":4773228.0,"r":4773227.0,"q":8.19,"p":49000.0,"mot":"U","mo":4773227.0},{"ui":"6489469","t":1271496.0,"r":1269490.0,"q":7.65,"p":43000.0,"mot":"U","mo":1269490.0},{"cn":"","ui":"","t":6427385.0,"r":3961736.0,"q":6.21,"p":58903.08,"mot":"L","mo":3961736.0}]},{"d":"01.03.2017","r":1.1212492E7,"q":7.57,"p":75498.5,"s":[{"ui":"6340520","t":724557.0,"r":724556.0,"q":6.79,"p":500000.0,"mot":"U","mo":724556.0},{"ui":"6789250","t":929653.0,"r":895550.0,"q":8.45,"p":40000.0,"mot":"U","mo":895550.0},{"ui":"6800091","t":1244616.0,"r":1234615.0,"q":8.32,"p":39000.0,"mot":"U","mo":1234615.0},{"ui":"5819572","t":4967506.0,"r":4967505.0,"q":8.19,"p":38000.0,"mot":"U","mo":4967505.0},{"cn":"","ui":"","t":5814002.0,"r":3390266.0,"q":6.32,"p":62387.78,"mot":"L","mo":3390266.0}]},{"d":"02.03.2017","r":1.9495396E7,"q":7.5,"p":82251.74,"s":[{"ui":"6783906","t":2399055.0,"r":2399055.0,"q":7.86,"p":100000.0,"mot":"U","mo":2399055.0},{"ui":"6800091","t":1353252.0,"r":1343251.0,"q":8.41,"p":37000.0,"mot":"U","mo":1343251.0},{"ui":"5563874","t":3357652.0,"r":3357652.0,"q":7.41,"p":55000.0,"mot":"U","mo":3357652.0},{"ui":"5705196","t":1050005.0,"r":1050005.0,"q":7.92,"p":200000.0,"mot":"U","mo":1050005.0},{"ui":"5819572","t":5154946.0,"r":5154945.0,"q":8.19,"p":38000.0,"mot":"U","mo":5154945.0},{"cn":"","ui":"","t":8620466.0,"r":6190488.0,"q":6.57,"p":116850.98,"mot":"L","mo":6190488.0}]},{"d":"03.03.2017","r":1.1358062E7,"q":7.63,"p":78348.29,"s":[{"cn":"Зеленая миля","ui":"6789250","t":940434.0,"r":878331.0,"q":8.45,"p":40000.0,"mot":"U","mo":878331.0},{"cn":"Krio","ui":"6340520","t":724555.0,"r":724554.0,"q":6.79,"p":500000.0,"mot":"U","mo":724554.0},{"cn":"Rulezzz!","ui":"6800091","t":1461720.0,"r":1451719.0,"q":8.48,"p":37000.0,"mot":"U","mo":1451719.0},{"cn":"Magnat","ui":"5819572","t":5355743.0,"r":5355742.0,"q":8.19,"p":38000.0,"mot":"U","mo":5355742.0},{"cn":"","ui":"","t":5123885.0,"r":2947716.0,"q":6.17,"p":79805.08,"mot":"L","mo":2947716.0}]},{"d":"04.03.2017","r":1.2249293E7,"q":7.52,"p":78848.42,"s":[{"cn":"Зеленая миля","ui":"6789250","t":931721.0,"r":869617.0,"q":8.45,"p":40000.0,"mot":"U","mo":869617.0},{"cn":"Krio","ui":"6340520","t":724554.0,"r":724553.0,"q":6.79,"p":500000.0,"mot":"U","mo":724553.0},{"cn":"Rulezzz!","ui":"6800091","t":1569999.0,"r":1559977.0,"q":8.55,"p":34000.0,"mot":"U","mo":1559977.0},{"cn":"Magnat","ui":"5819572","t":5556540.0,"r":5556539.0,"q":8.19,"p":38000.0,"mot":"U","mo":5556539.0},{"cn":"","ui":"","t":5549195.0,"r":3538607.0,"q":5.94,"p":86075.81,"mot":"L","mo":3538607.0}]},{"d":"05.03.2017","r":1.2315257E7,"q":7.58,"p":82471.71,"s":[{"cn":"Зеленая миля","ui":"6789250","t":928035.0,"r":871031.0,"q":8.45,"p":40000.0,"mot":"U","mo":871031.0},{"cn":"Krio","ui":"6340520","t":724553.0,"r":724552.0,"q":6.79,"p":500000.0,"mot":"U","mo":724552.0},{"cn":"Rulezzz!","ui":"6800091","t":1570199.0,"r":1454667.0,"q":8.61,"p":34500.0,"mot":"U","mo":1454667.0},{"cn":"Magnat","ui":"5819572","t":5757337.0,"r":5757336.0,"q":8.19,"p":38000.0,"mot":"U","mo":5757336.0},{"cn":"","ui":"","t":5442576.0,"r":3507671.0,"q":6.08,"p":99661.08,"mot":"L","mo":3507671.0}]},{"d":"06.03.2017","r":1.2374663E7,"q":7.61,"p":86393.9,"s":[{"cn":"Зеленая миля","ui":"6789250","t":924278.0,"r":867274.0,"q":8.45,"p":40000.0,"mot":"U","mo":867274.0},{"cn":"Krio","ui":"6340520","t":724552.0,"r":724551.0,"q":6.79,"p":500000.0,"mot":"U","mo":724551.0},{"cn":"Rulezzz!","ui":"6800091","t":1530403.0,"r":1372643.0,"q":8.66,"p":35000.0,"mot":"U","mo":1372643.0},{"cn":"Magnat","ui":"5819572","t":5958134.0,"r":5958133.0,"q":8.19,"p":38000.0,"mot":"U","mo":5958133.0},{"cn":"","ui":"","t":5309272.0,"r":3452062.0,"q":6.15,"p":115199.96,"mot":"L","mo":3452062.0}]},{"d":"07.03.2017","r":1.2359603E7,"q":7.65,"p":89187.8,"s":[{"cn":"Krio","ui":"6340520","t":724551.0,"r":724550.0,"q":6.79,"p":500000.0,"mot":"U","mo":724550.0},{"cn":"Зеленая миля","ui":"6789250","t":906149.0,"r":834145.0,"q":8.45,"p":40000.0,"mot":"U","mo":834145.0},{"cn":"Rulezzz!","ui":"6800091","t":1385663.0,"r":1240923.0,"q":8.66,"p":36000.0,"mot":"U","mo":1240923.0},{"cn":"Magnat","ui":"5819572","t":6158931.0,"r":6158930.0,"q":8.19,"p":38000.0,"mot":"U","mo":6158930.0},{"cn":"","ui":"","t":5303375.0,"r":3401055.0,"q":6.28,"p":125835.18,"mot":"L","mo":3401055.0}]},{"d":"08.03.2017","r":1.0948923E7,"q":7.67,"p":98231.74,"s":[{"cn":"Krio","ui":"6340520","t":724550.0,"r":724549.0,"q":6.79,"p":500000.0,"mot":"U","mo":724549.0},{"cn":"Зеленая миля","ui":"6789250","t":887957.0,"r":815953.0,"q":8.45,"p":40000.0,"mot":"U","mo":815953.0},{"cn":"Magnat","ui":"5819572","t":6364170.0,"r":6364169.0,"q":8.2,"p":38000.0,"mot":"U","mo":6364169.0},{"cn":"","ui":"","t":4855585.0,"r":3044252.0,"q":6.57,"p":144134.15,"mot":"L","mo":3044252.0}]},{"d":"10.03.2017","r":1.0543522E7,"q":7.58,"p":71384.13,"s":[{"cn":"Зеленая миля","ui":"6789250","t":869694.0,"r":819690.0,"q":8.45,"p":40000.0,"mot":"U","mo":819690.0},{"cn":"Magnat","ui":"5819572","t":6569409.0,"r":6569408.0,"q":8.2,"p":38000.0,"mot":"U","mo":6569408.0},{"cn":"Amtriz Co","ui":"6895535","t":539975.0,"r":539974.0,"q":8.35,"p":55000.0,"mot":"U","mo":539974.0},{"cn":"","ui":"","t":4458393.0,"r":2614450.0,"q":5.6,"p":168492.98,"mot":"L","mo":2614450.0}]},{"d":"11.03.2017","r":1.2504951E7,"q":7.66,"p":69640.31,"s":[{"cn":"Зеленая миля","ui":"6789250","t":896752.0,"r":866548.0,"q":8.45,"p":40000.0,"mot":"U","mo":866548.0},{"cn":"Magnat","ui":"5819572","t":6979887.0,"r":6979886.0,"q":8.21,"p":38000.0,"mot":"U","mo":6979886.0},{"cn":"ВинтФинанс","ui":"6489469","t":1001496.0,"r":1001496.0,"q":7.65,"p":33000.0,"mot":"U","mo":1001496.0},{"cn":"","ui":"","t":5260750.0,"r":3657021.0,"q":6.42,"p":147087.41,"mot":"L","mo":3657021.0}]},{"d":"12.03.2017","r":1.3084907E7,"q":7.69,"p":68333.76,"s":[{"cn":"Зеленая миля","ui":"6789250","t":924873.0,"r":899469.0,"q":8.46,"p":40000.0,"mot":"U","mo":899469.0},{"cn":"Magnat","ui":"5819572","t":7185126.0,"r":7185125.0,"q":8.21,"p":38000.0,"mot":"U","mo":7185125.0},{"cn":"ВинтФинанс","ui":"6489469","t":989496.0,"r":971496.0,"q":7.65,"p":33000.0,"mot":"U","mo":971496.0},{"cn":"","ui":"","t":5827550.0,"r":4028817.0,"q":6.6,"p":137278.03,"mot":"L","mo":4028817.0}]},{"d":"13.03.2017","r":1.3449943E7,"q":7.71,"p":69085.95,"s":[{"cn":"Зеленая миля","ui":"6789250","t":952931.0,"r":904727.0,"q":8.46,"p":40000.0,"mot":"U","mo":904727.0},{"cn":"Magnat","ui":"5819572","t":7390365.0,"r":7390364.0,"q":8.22,"p":38000.0,"mot":"U","mo":7390364.0},{"cn":"ВинтФинанс","ui":"6489469","t":971496.0,"r":953496.0,"q":7.65,"p":33000.0,"mot":"U","mo":953496.0},{"cn":"","ui":"","t":5915072.0,"r":4201356.0,"q":6.66,"p":138220.58,"mot":"L","mo":4201356.0}]},{"d":"14.03.2017","r":1.6674041E7,"q":7.8,"p":73710.41,"s":[{"cn":"Зеленая миля","ui":"6789250","t":958118.0,"r":909914.0,"q":8.46,"p":40000.0,"mot":"U","mo":909914.0},{"cn":"Scorp\u0026co","ui":"6783906","t":2399055.0,"r":2399055.0,"q":7.86,"p":100000.0,"mot":"U","mo":2399055.0},{"cn":"Magnat","ui":"5819572","t":7595604.0,"r":7595603.0,"q":8.22,"p":38000.0,"mot":"U","mo":7595603.0},{"cn":"ВинтФинанс","ui":"6489469","t":1016696.0,"r":883096.0,"q":7.63,"p":33000.0,"mot":"U","mo":883096.0},{"cn":"","ui":"","t":6509944.0,"r":4886373.0,"q":7.02,"p":129947.77,"mot":"L","mo":4886373.0}]},{"d":"15.03.2017","r":1.380313E7,"q":7.83,"p":71140.1,"s":[{"cn":"Зеленая миля","ui":"6789250","t":963233.0,"r":915029.0,"q":8.47,"p":40000.0,"mot":"U","mo":915029.0},{"cn":"Magnat","ui":"5819572","t":7800843.0,"r":7800842.0,"q":8.22,"p":38000.0,"mot":"U","mo":7800842.0},{"cn":"ВинтФинанс","ui":"6489469","t":901096.0,"r":785496.0,"q":7.63,"p":33000.0,"mot":"U","mo":785496.0},{"cn":"","ui":"","t":5838176.0,"r":4301763.0,"q":7.04,"p":144824.71,"mot":"L","mo":4301763.0}]},{"d":"16.03.2017","r":1.4127474E7,"q":7.87,"p":71939.43,"s":[{"cn":"Зеленая миля","ui":"6789250","t":991075.0,"r":965671.0,"q":8.47,"p":40000.0,"mot":"U","mo":965671.0},{"cn":"Magnat","ui":"5819572","t":8006082.0,"r":8006081.0,"q":8.23,"p":38000.0,"mot":"U","mo":8006081.0},{"cn":"","ui":"","t":6682395.0,"r":5155722.0,"q":7.21,"p":130624.67,"mot":"L","mo":5155722.0}]},{"d":"17.03.2017","r":1.4230575E7,"q":7.86,"p":73397.69,"s":[{"cn":"Зеленая миля","ui":"6789250","t":1018846.0,"r":993442.0,"q":8.48,"p":40000.0,"mot":"U","mo":993442.0},{"cn":"Magnat","ui":"5819572","t":8211321.0,"r":8211320.0,"q":8.23,"p":38000.0,"mot":"U","mo":8211320.0},{"cn":"","ui":"","t":6504003.0,"r":5025813.0,"q":7.15,"p":137833.13,"mot":"L","mo":5025813.0}]},{"d":"18.03.2017","r":1.4406615E7,"q":7.88,"p":74333.9,"s":[{"cn":"Зеленая миля","ui":"6789250","t":1046555.0,"r":1021151.0,"q":8.48,"p":40000.0,"mot":"U","mo":1021151.0},{"cn":"Magnat","ui":"5819572","t":8416560.0,"r":8416559.0,"q":8.23,"p":38000.0,"mot":"U","mo":8416559.0},{"cn":"","ui":"","t":6387162.0,"r":4968905.0,"q":7.15,"p":142933.82,"mot":"L","mo":4968905.0}]},{"d":"20.03.2017","r":1.7545433E7,"q":7.93,"p":67913.39,"s":[{"cn":"Зеленая миля","ui":"6789250","t":1102662.0,"r":1077258.0,"q":8.5,"p":40000.0,"mot":"U","mo":1077258.0},{"cn":"Scorp\u0026co","ui":"6783906","t":2399055.0,"r":2399055.0,"q":7.86,"p":35000.0,"mot":"U","mo":2399055.0},{"cn":"Magnat","ui":"5819572","t":8827038.0,"r":8827037.0,"q":8.24,"p":38000.0,"mot":"U","mo":8827037.0},{"cn":"","ui":"","t":6914866.0,"r":5242083.0,"q":7.31,"p":139083.1,"mot":"L","mo":5242083.0}]},{"d":"21.03.2017","r":1.9425828E7,"q":7.83,"p":69237.84,"s":[{"cn":"Зеленая миля","ui":"6789250","t":1131070.0,"r":1105666.0,"q":8.5,"p":40000.0,"mot":"U","mo":1105666.0},{"cn":"Scorp\u0026co","ui":"6783906","t":2398505.0,"r":2397955.0,"q":7.86,"p":35000.0,"mot":"U","mo":2397955.0},{"cn":"Magnat","ui":"5819572","t":9032277.0,"r":9032276.0,"q":8.24,"p":38000.0,"mot":"U","mo":9032276.0},{"cn":"","ui":"","t":8258131.0,"r":6889931.0,"q":7.17,"p":126796.73,"mot":"L","mo":6889931.0}]},{"d":"22.03.2017","r":1.7240017E7,"q":7.87,"p":70207.07,"s":[{"cn":"Зеленая миля","ui":"6789250","t":1105666.0,"r":1080262.0,"q":8.5,"p":40000.0,"mot":"U","mo":1080262.0},{"cn":"колобок","ui":"6938133","t":935349.0,"r":920348.0,"q":9.46,"p":39000.0,"mot":"U","mo":920348.0},{"cn":"Magnat","ui":"5819572","t":9237516.0,"r":9237515.0,"q":8.24,"p":38000.0,"mot":"U","mo":9237515.0},{"cn":"","ui":"","t":7364778.0,"r":6001892.0,"q":6.94,"p":129999.25,"mot":"L","mo":6001892.0}]},{"d":"23.03.2017","r":2.0095084E7,"q":7.88,"p":70366.82,"s":[{"cn":"Зеленая миля","ui":"6789250","t":1080262.0,"r":1053658.0,"q":8.5,"p":40000.0,"mot":"U","mo":1053658.0},{"cn":"Magnat","ui":"5819572","t":9442755.0,"r":9442754.0,"q":8.25,"p":38000.0,"mot":"U","mo":9442754.0},{"cn":"Amtriz Co","ui":"5563874","t":3357652.0,"r":3357652.0,"q":7.41,"p":55000.0,"mot":"U","mo":3357652.0},{"cn":"","ui":"","t":8212889.0,"r":6241020.0,"q":7.48,"p":132732.38,"mot":"L","mo":6241020.0}]},{"d":"24.03.2017","r":1.7653085E7,"q":7.95,"p":92159.68,"s":[{"cn":"Зеленая миля","ui":"6789250","t":1016058.0,"r":951854.0,"q":8.5,"p":40000.0,"mot":"U","mo":951854.0},{"cn":"колобок","ui":"6938133","t":1033941.0,"r":1023840.0,"q":9.47,"p":39000.0,"mot":"U","mo":1023840.0},{"cn":"Magnat","ui":"5819572","t":9647994.0,"r":9647993.0,"q":8.25,"p":38000.0,"mot":"U","mo":9647993.0},{"cn":"","ui":"","t":7258409.0,"r":6029398.0,"q":7.12,"p":196085.08,"mot":"L","mo":6029398.0}]},{"d":"25.03.2017","r":1.815461E7,"q":7.65,"p":39854.51,"s":[{"cn":"Krio","ui":"6400476","t":1849557.0,"r":1849556.0,"q":6.88,"p":30000.0,"mot":"U","mo":1849556.0},{"cn":"колобок","ui":"6938133","t":1083336.0,"r":1073334.0,"q":9.47,"p":39000.0,"mot":"U","mo":1073334.0},{"cn":"Magnat","ui":"5819572","t":9853233.0,"r":9853232.0,"q":8.25,"p":38000.0,"mot":"U","mo":9853232.0},{"cn":"","ui":"","t":6607600.0,"r":5378488.0,"q":6.47,"p":46811.23,"mot":"L","mo":5378488.0}]},{"d":"26.03.2017","r":1.822976E7,"q":7.7,"p":39592.5,"s":[{"cn":"Krio","ui":"6400476","t":1892933.0,"r":1892932.0,"q":6.89,"p":30000.0,"mot":"U","mo":1892932.0},{"cn":"колобок","ui":"6938133","t":1132731.0,"r":1122729.0,"q":9.47,"p":39000.0,"mot":"U","mo":1122729.0},{"cn":"Magnat","ui":"5819572","t":1.0055256E7,"r":1.0055255E7,"q":8.25,"p":38000.0,"mot":"U","mo":1.0055255E7},{"cn":"","ui":"","t":7093767.0,"r":5158844.0,"q":6.52,"p":46345.21,"mot":"L","mo":5158844.0}]},{"d":"27.03.2017","r":1.8108045E7,"q":7.71,"p":39807.3,"s":[{"cn":"Krio","ui":"6400476","t":1936470.0,"r":1936469.0,"q":6.89,"p":30000.0,"mot":"U","mo":1936469.0},{"cn":"колобок","ui":"6938133","t":1182126.0,"r":1172124.0,"q":9.47,"p":39000.0,"mot":"U","mo":1172124.0},{"cn":"Magnat","ui":"5819572","t":1.0257279E7,"r":1.0257278E7,"q":8.26,"p":38000.0,"mot":"U","mo":1.0257278E7},{"cn":"","ui":"","t":6121872.0,"r":4742174.0,"q":6.41,"p":47920.81,"mot":"L","mo":4742174.0}]},{"d":"28.03.2017","r":1.8341211E7,"q":7.66,"p":39394.19,"s":[{"cn":"Krio","ui":"6400476","t":1982559.0,"r":1982558.0,"q":6.9,"p":30000.0,"mot":"U","mo":1982558.0},{"cn":"колобок","ui":"6938133","t":1231521.0,"r":1221519.0,"q":9.47,"p":39000.0,"mot":"U","mo":1221519.0},{"cn":"Magnat","ui":"5819572","t":1.0459302E7,"r":1.0459301E7,"q":8.26,"p":38000.0,"mot":"U","mo":1.0459301E7},{"cn":"","ui":"","t":6149189.0,"r":4677833.0,"q":6.16,"p":46595.86,"mot":"L","mo":4677833.0}]},{"d":"29.03.2017","r":2.5272018E7,"q":7.76,"p":62002.92,"s":[{"cn":"Krio","ui":"6400476","t":2021454.0,"r":2021453.0,"q":6.92,"p":30000.0,"mot":"U","mo":2021453.0},{"cn":"Scorp\u0026co","ui":"6783906","t":2398505.0,"r":2398505.0,"q":7.86,"p":35000.0,"mot":"U","mo":2398505.0},{"cn":"Magnat","ui":"5819572","t":1.0661325E7,"r":1.0661324E7,"q":8.26,"p":38000.0,"mot":"U","mo":1.0661324E7},{"cn":"Amtriz Co","ui":"5563874","t":3357652.0,"r":3357652.0,"q":7.41,"p":31000.0,"mot":"U","mo":3357652.0},{"cn":"","ui":"","t":8185934.0,"r":6833084.0,"q":7.38,"p":133633.66,"mot":"L","mo":6833084.0}]},{"d":"31.03.2017","r":2.2659304E7,"q":7.6,"p":38371.26,"s":[{"cn":"Krio","ui":"6400476","t":2112343.0,"r":2112032.0,"q":6.94,"p":30000.0,"mot":"U","mo":2112032.0},{"cn":"Magnat","ui":"5819572","t":1.1065371E7,"r":1.106537E7,"q":8.27,"p":38000.0,"mot":"U","mo":1.106537E7},{"cn":"Amtriz Co","ui":"5563874","t":3352632.0,"r":3350122.0,"q":7.41,"p":31000.0,"mot":"U","mo":3350122.0},{"cn":"","ui":"","t":7325551.0,"r":6131780.0,"q":6.71,"p":45951.94,"mot":"L","mo":6131780.0}]},{"d":"01.04.2017","r":2.280203E7,"q":7.63,"p":38531.91,"s":[{"cn":"Krio","ui":"6400476","t":2157659.0,"r":2157258.0,"q":6.94,"p":30000.0,"mot":"U","mo":2157258.0},{"cn":"Magnat","ui":"5819572","t":1.1267394E7,"r":1.1267393E7,"q":8.27,"p":38000.0,"mot":"U","mo":1.1267393E7},{"cn":"Amtriz Co","ui":"5563874","t":3350032.0,"r":3347432.0,"q":7.41,"p":31000.0,"mot":"U","mo":3347432.0},{"cn":"","ui":"","t":7273551.0,"r":6029947.0,"q":6.81,"p":46759.38,"mot":"L","mo":6029947.0}]},{"d":"02.04.2017","r":2.3014034E7,"q":7.66,"p":38529.87,"s":[{"cn":"Krio","ui":"6400476","t":2202457.0,"r":2201045.0,"q":6.95,"p":30000.0,"mot":"U","mo":2201045.0},{"cn":"Magnat","ui":"5819572","t":1.1469417E7,"r":1.1469416E7,"q":8.27,"p":38000.0,"mot":"U","mo":1.1469416E7},{"cn":"Amtriz Co","ui":"5563874","t":3347432.0,"r":3344732.0,"q":7.41,"p":31000.0,"mot":"U","mo":3344732.0},{"cn":"","ui":"","t":7231602.0,"r":5998841.0,"q":6.9,"p":46871.05,"mot":"L","mo":5998841.0}]},{"d":"03.04.2017","r":2.5893101E7,"q":7.67,"p":38223.02,"s":[{"cn":"Krio","ui":"6400476","t":2246115.0,"r":2244702.0,"q":6.96,"p":30000.0,"mot":"U","mo":2244702.0},{"cn":"Scorp\u0026co","ui":"6783906","t":2398505.0,"r":2398495.0,"q":7.86,"p":35000.0,"mot":"U","mo":2398495.0},{"cn":"Magnat","ui":"5819572","t":1.167144E7,"r":1.1671439E7,"q":8.27,"p":38000.0,"mot":"U","mo":1.1671439E7},{"cn":"Amtriz Co","ui":"5563874","t":3319532.0,"r":3291632.0,"q":7.41,"p":31000.0,"mot":"U","mo":3291632.0},{"cn":"","ui":"","t":7564669.0,"r":6286833.0,"q":6.88,"p":46584.47,"mot":"L","mo":6286833.0}]},{"d":"04.04.2017","r":2.6101572E7,"q":7.72,"p":38639.35,"s":[{"cn":"Krio","ui":"6400476","t":2283485.0,"r":2282072.0,"q":6.97,"p":30000.0,"mot":"U","mo":2282072.0},{"cn":"Scorp\u0026co","ui":"6783906","t":2398495.0,"r":2398485.0,"q":7.86,"p":35000.0,"mot":"U","mo":2398485.0},{"cn":"Magnat","ui":"5819572","t":1.1873463E7,"r":1.1873462E7,"q":8.28,"p":38000.0,"mot":"U","mo":1.1873462E7},{"cn":"Amtriz Co","ui":"5563874","t":3291532.0,"r":3263532.0,"q":7.41,"p":31000.0,"mot":"U","mo":3263532.0},{"cn":"","ui":"","t":7737194.0,"r":6284021.0,"q":7.05,"p":48341.26,"mot":"L","mo":6284021.0}]},{"d":"05.04.2017","r":2.6092584E7,"q":7.73,"p":38532.58,"s":[{"cn":"Krio","ui":"6400476","t":2327064.0,"r":2326050.0,"q":6.98,"p":30000.0,"mot":"U","mo":2326050.0},{"cn":"Scorp\u0026co","ui":"6783906","t":2398494.0,"r":2398493.0,"q":7.86,"p":35000.0,"mot":"U","mo":2398493.0},{"cn":"Magnat","ui":"5819572","t":1.2075486E7,"r":1.2075485E7,"q":8.28,"p":38000.0,"mot":"U","mo":1.2075485E7},{"cn":"Amtriz Co","ui":"5563874","t":3263721.0,"r":3235910.0,"q":7.41,"p":31000.0,"mot":"U","mo":3235910.0},{"cn":"","ui":"","t":7512561.0,"r":6056646.0,"q":7.03,"p":48294.76,"mot":"L","mo":6056646.0}]},{"d":"06.04.2017","r":2.5974896E7,"q":7.67,"p":37844.47,"s":[{"cn":"Krio","ui":"6400476","t":2346032.0,"r":2320597.0,"q":6.98,"p":30000.0,"mot":"U","mo":2320597.0},{"cn":"Scorp\u0026co","ui":"6783906","t":2398493.0,"r":2398142.0,"q":7.86,"p":31000.0,"mot":"U","mo":2398142.0},{"cn":"Magnat","ui":"5819572","t":1.2277509E7,"r":1.2277508E7,"q":8.28,"p":38000.0,"mot":"U","mo":1.2277508E7},{"cn":"Amtriz Co","ui":"5563874","t":3261084.0,"r":3233247.0,"q":7.41,"p":31000.0,"mot":"U","mo":3233247.0},{"cn":"","ui":"","t":7160588.0,"r":5745402.0,"q":6.71,"p":47389.18,"mot":"L","mo":5745402.0}]},{"d":"07.04.2017","r":2.6101867E7,"q":7.67,"p":37860.94,"s":[{"cn":"Krio","ui":"6400476","t":2363550.0,"r":2348855.0,"q":6.99,"p":30000.0,"mot":"U","mo":2348855.0},{"cn":"Scorp\u0026co","ui":"6783906","t":2398092.0,"r":2397690.0,"q":7.86,"p":31000.0,"mot":"U","mo":2397690.0},{"cn":"Magnat","ui":"5819572","t":1.2479532E7,"r":1.2479531E7,"q":8.29,"p":38000.0,"mot":"U","mo":1.2479531E7},{"cn":"Amtriz Co","ui":"5563874","t":3233247.0,"r":3193509.0,"q":7.41,"p":31000.0,"mot":"U","mo":3193509.0},{"cn":"","ui":"","t":7077763.0,"r":5682282.0,"q":6.64,"p":47555.95,"mot":"L","mo":5682282.0}]},{"d":"08.04.2017","r":2.5233936E7,"q":7.76,"p":38925.97,"s":[{"cn":"Krio","ui":"6400476","t":2383720.0,"r":2369865.0,"q":6.99,"p":30000.0,"mot":"U","mo":2369865.0},{"cn":"Scorp\u0026co","ui":"6783906","t":2297690.0,"r":2187288.0,"q":7.86,"p":31000.0,"mot":"U","mo":2187288.0},{"cn":"Magnat","ui":"5819572","t":1.2681555E7,"r":1.2681554E7,"q":8.29,"p":38000.0,"mot":"U","mo":1.2681554E7},{"cn":"Amtriz Co","ui":"5563874","t":2449509.0,"r":1665771.0,"q":7.41,"p":31000.0,"mot":"U","mo":1665771.0},{"cn":"","ui":"","t":7590536.0,"r":6329458.0,"q":7.03,"p":48948.19,"mot":"L","mo":6329458.0}]},{"d":"09.04.2017","r":2.4978447E7,"q":7.8,"p":39357.98,"s":[{"cn":"Krio","ui":"6400476","t":2412703.0,"r":2397049.0,"q":7.0,"p":30000.0,"mot":"U","mo":2397049.0},{"cn":"Scorp\u0026co","ui":"6783906","t":2187288.0,"r":2076886.0,"q":7.86,"p":31000.0,"mot":"U","mo":2076886.0},{"cn":"Magnat","ui":"5819572","t":1.2883578E7,"r":1.2883577E7,"q":8.29,"p":38000.0,"mot":"U","mo":1.2883577E7},{"cn":"","ui":"","t":9597404.0,"r":7620935.0,"q":7.21,"p":46874.87,"mot":"L","mo":7620935.0}]},{"d":"10.04.2017","r":2.6504476E7,"q":8.0,"p":41244.46,"s":[{"cn":"Krio","ui":"6400476","t":2440698.0,"r":2425044.0,"q":7.0,"p":30000.0,"mot":"U","mo":2425044.0},{"cn":"Scorp\u0026co","ui":"6783906","t":2054862.0,"r":1932335.0,"q":7.86,"p":31000.0,"mot":"U","mo":1932335.0},{"cn":"Magnat","ui":"5819572","t":1.3085601E7,"r":1.30856E7,"q":8.3,"p":38000.0,"mot":"U","mo":1.30856E7},{"cn":"PaulLogo","ui":"6513923","t":1469373.0,"r":1469373.0,"q":9.86,"p":60800.0,"mot":"U","mo":1469373.0},{"cn":"Foods Ind.","ui":"4893599","t":1369336.0,"r":1369336.0,"q":10.19,"p":60000.0,"mot":"U","mo":1369336.0},{"cn":"","ui":"","t":8040349.0,"r":6222788.0,"q":6.86,"p":46885.45,"mot":"L","mo":6222788.0}]},{"d":"11.04.2017","r":2.7141395E7,"q":7.94,"p":40734.9,"s":[{"cn":"Krio","ui":"6400476","t":2469506.0,"r":2454852.0,"q":7.01,"p":30000.0,"mot":"U","mo":2454852.0},{"cn":"Scorp\u0026co","ui":"6783906","t":2032335.0,"r":2009808.0,"q":7.86,"p":31000.0,"mot":"U","mo":2009808.0},{"cn":"Magnat","ui":"5819572","t":1.3287624E7,"r":1.3287623E7,"q":8.3,"p":38000.0,"mot":"U","mo":1.3287623E7},{"cn":"PaulLogo","ui":"6513923","t":1427232.0,"r":1427232.0,"q":9.86,"p":60800.0,"mot":"U","mo":1427232.0},{"cn":"Foods Ind.","ui":"4893599","t":1554318.0,"r":1491918.0,"q":10.37,"p":60000.0,"mot":"U","mo":1491918.0},{"cn":"","ui":"","t":7589911.0,"r":6469962.0,"q":6.61,"p":44580.17,"mot":"L","mo":6469962.0}]},{"d":"12.04.2017","r":2.7024305E7,"q":7.91,"p":40416.22,"s":[{"cn":"Krio","ui":"6400476","t":2498128.0,"r":2483475.0,"q":7.01,"p":30000.0,"mot":"U","mo":2483475.0},{"cn":"Scorp\u0026co","ui":"6783906","t":2028808.0,"r":2025281.0,"q":7.86,"p":31000.0,"mot":"U","mo":2025281.0},{"cn":"Magnat","ui":"5819572","t":1.3489647E7,"r":1.3489646E7,"q":8.31,"p":38000.0,"mot":"U","mo":1.3489646E7},{"cn":"Foods Ind.","ui":"4893599","t":1491918.0,"r":1429518.0,"q":10.37,"p":60000.0,"mot":"U","mo":1429518.0},{"cn":"","ui":"","t":8982122.0,"r":7596385.0,"q":7.03,"p":46937.41,"mot":"L","mo":7596385.0}]},{"d":"13.04.2017","r":2.5676093E7,"q":7.74,"p":39134.78,"s":[{"cn":"Krio","ui":"6400476","t":2525564.0,"r":2513911.0,"q":7.01,"p":30000.0,"mot":"U","mo":2513911.0},{"cn":"Scorp\u0026co","ui":"6783906","t":2025281.0,"r":2024744.0,"q":7.86,"p":31000.0,"mot":"U","mo":2024744.0},{"cn":"Magnat","ui":"5819572","t":1.369167E7,"r":1.3691669E7,"q":8.31,"p":38000.0,"mot":"U","mo":1.3691669E7},{"cn":"","ui":"","t":8900324.0,"r":7445769.0,"q":6.9,"p":46517.76,"mot":"L","mo":7445769.0}]},{"d":"14.04.2017","r":2.5725783E7,"q":7.72,"p":39029.1,"s":[{"cn":"Krio","ui":"6400476","t":2563631.0,"r":2551978.0,"q":7.02,"p":30000.0,"mot":"U","mo":2551978.0},{"cn":"Scorp\u0026co","ui":"6783906","t":2019770.0,"r":2014259.0,"q":7.86,"p":31000.0,"mot":"U","mo":2014259.0},{"cn":"Magnat","ui":"5819572","t":1.3893693E7,"r":1.3893692E7,"q":8.31,"p":38000.0,"mot":"U","mo":1.3893692E7},{"cn":"","ui":"","t":8830681.0,"r":7265854.0,"q":6.79,"p":46394.08,"mot":"L","mo":7265854.0}]},{"d":"15.04.2017","r":2.5646083E7,"q":7.69,"p":38899.43,"s":[{"cn":"Krio","ui":"6400476","t":2601604.0,"r":2589931.0,"q":7.03,"p":30000.0,"mot":"U","mo":2589931.0},{"cn":"Scorp\u0026co","ui":"6783906","t":2019254.0,"r":2018738.0,"q":7.86,"p":31000.0,"mot":"U","mo":2018738.0},{"cn":"Magnat","ui":"5819572","t":1.4095716E7,"r":1.4095715E7,"q":8.32,"p":38000.0,"mot":"U","mo":1.4095715E7},{"cn":"","ui":"","t":8647759.0,"r":6941699.0,"q":6.6,"p":46343.41,"mot":"L","mo":6941699.0}]},{"d":"16.04.2017","r":2.5636736E7,"q":7.67,"p":38646.06,"s":[{"cn":"Krio","ui":"6400476","t":2641078.0,"r":2629405.0,"q":7.05,"p":30000.0,"mot":"U","mo":2629405.0},{"cn":"Scorp\u0026co","ui":"6783906","t":2018738.0,"r":2018071.0,"q":7.86,"p":29000.0,"mot":"U","mo":2018071.0},{"cn":"Magnat","ui":"5819572","t":1.4297739E7,"r":1.4297738E7,"q":8.32,"p":38000.0,"mot":"U","mo":1.4297738E7},{"cn":"","ui":"","t":8226393.0,"r":6691522.0,"q":6.48,"p":46333.03,"mot":"L","mo":6691522.0}]},{"d":"17.04.2017","r":2.7536297E7,"q":7.82,"p":40047.98,"s":[{"cn":"Krio","ui":"6400476","t":2680475.0,"r":2668812.0,"q":7.06,"p":30000.0,"mot":"U","mo":2668812.0},{"cn":"Scorp\u0026co","ui":"6783906","t":2018071.0,"r":2017404.0,"q":7.86,"p":29000.0,"mot":"U","mo":2017404.0},{"cn":"Magnat","ui":"5819572","t":1.4499762E7,"r":1.4499761E7,"q":8.32,"p":38000.0,"mot":"U","mo":1.4499761E7},{"cn":"Foods Ind.","ui":"4893599","t":1491918.0,"r":1491918.0,"q":10.37,"p":60000.0,"mot":"U","mo":1491918.0},{"cn":"","ui":"","t":8243219.0,"r":6858402.0,"q":6.48,"p":47197.29,"mot":"L","mo":6858402.0}]},{"d":"18.04.2017","r":2.8527487E7,"q":7.84,"p":40023.51,"s":[{"cn":"Krio","ui":"6400476","t":2705006.0,"r":2678544.0,"q":7.07,"p":30000.0,"mot":"U","mo":2678544.0},{"cn":"Scorp\u0026co","ui":"6783906","t":2017405.0,"r":2016739.0,"q":7.86,"p":29000.0,"mot":"U","mo":2016739.0},{"cn":"Magnat","ui":"5819572","t":1.4701785E7,"r":1.4701784E7,"q":8.33,"p":38000.0,"mot":"U","mo":1.4701784E7},{"cn":"Foods Ind.","ui":"4893599","t":1739601.0,"r":1739601.0,"q":10.5,"p":60000.0,"mot":"U","mo":1739601.0},{"cn":"","ui":"","t":8346370.0,"r":7390819.0,"q":6.49,"p":45987.4,"mot":"L","mo":7390819.0}]},{"d":"19.04.2017","r":2.9263895E7,"q":7.86,"p":40150.73,"s":[{"cn":"Krio","ui":"6400476","t":2729460.0,"r":2702498.0,"q":7.08,"p":30000.0,"mot":"U","mo":2702498.0},{"cn":"Scorp\u0026co","ui":"6783906","t":2016739.0,"r":2016073.0,"q":7.86,"p":29000.0,"mot":"U","mo":2016073.0},{"cn":"Magnat","ui":"5819572","t":1.4903808E7,"r":1.4903807E7,"q":8.33,"p":38000.0,"mot":"U","mo":1.4903807E7},{"cn":"Foods Ind.","ui":"4893599","t":1986983.0,"r":1986983.0,"q":10.6,"p":60000.0,"mot":"U","mo":1986983.0},{"cn":"","ui":"","t":8814975.0,"r":7654534.0,"q":6.5,"p":45706.5,"mot":"L","mo":7654534.0}]},{"d":"21.04.2017","r":3.3291154E7,"q":8.13,"p":40054.73,"s":[{"cn":"Krio","ui":"6400476","t":2277137.0,"r":2250175.0,"q":7.1,"p":30000.0,"mot":"U","mo":2250175.0},{"cn":"Scorp\u0026co","ui":"6783906","t":2015557.0,"r":2015041.0,"q":7.86,"p":29000.0,"mot":"U","mo":2015041.0},{"cn":"Bigtrailer ltd","ui":"6660234","t":2861181.0,"r":2861171.0,"q":8.54,"p":27000.0,"mot":"U","mo":2861171.0},{"cn":"Magnat","ui":"5819572","t":1.5307854E7,"r":1.5307853E7,"q":8.34,"p":38000.0,"mot":"U","mo":1.5307853E7},{"cn":"Foods Ind.","ui":"4893599","t":2480842.0,"r":2480842.0,"q":10.74,"p":60000.0,"mot":"U","mo":2480842.0},{"cn":"","ui":"","t":9595031.0,"r":8376072.0,"q":7.16,"p":47722.4,"mot":"L","mo":8376072.0}]},{"d":"22.04.2017","r":3.3880231E7,"q":8.22,"p":39834.11,"s":[{"cn":"Krio","ui":"6400476","t":2300860.0,"r":2273898.0,"q":7.12,"p":30000.0,"mot":"U","mo":2273898.0},{"cn":"Scorp\u0026co","ui":"6783906","t":2015041.0,"r":2014525.0,"q":7.86,"p":29000.0,"mot":"U","mo":2014525.0},{"cn":"Bigtrailer ltd","ui":"6660234","t":2861171.0,"r":2861161.0,"q":8.54,"p":27000.0,"mot":"U","mo":2861161.0},{"cn":"Magnat","ui":"5819572","t":1.5509877E7,"r":1.5509876E7,"q":8.34,"p":38000.0,"mot":"U","mo":1.5509876E7},{"cn":"Foods Ind.","ui":"4893599","t":2727319.0,"r":2727319.0,"q":10.79,"p":50000.0,"mot":"U","mo":2727319.0},{"cn":"","ui":"","t":9875554.0,"r":8493452.0,"q":7.44,"p":49444.94,"mot":"L","mo":8493452.0}]},{"d":"23.04.2017","r":3.4694691E7,"q":8.22,"p":39850.52,"s":[{"cn":"Krio","ui":"6400476","t":2324506.0,"r":2297544.0,"q":7.13,"p":30000.0,"mot":"U","mo":2297544.0},{"cn":"Scorp\u0026co","ui":"6783906","t":2014525.0,"r":2014009.0,"q":7.86,"p":29000.0,"mot":"U","mo":2014009.0},{"cn":"Bigtrailer ltd","ui":"6660234","t":2855161.0,"r":2826251.0,"q":8.54,"p":27000.0,"mot":"U","mo":2826251.0},{"cn":"Magnat","ui":"5819572","t":1.57119E7,"r":1.5711899E7,"q":8.34,"p":38000.0,"mot":"U","mo":1.5711899E7},{"cn":"Foods Ind.","ui":"4893599","t":2976790.0,"r":2976790.0,"q":10.84,"p":50000.0,"mot":"U","mo":2976790.0},{"cn":"","ui":"","t":1.0224154E7,"r":8868198.0,"q":7.39,"p":48833.89,"mot":"L","mo":8868198.0}]},{"d":"24.04.2017","r":3.6110544E7,"q":8.29,"p":38819.32,"s":[{"cn":"Krio","ui":"6400476","t":2348075.0,"r":2321113.0,"q":7.14,"p":30000.0,"mot":"U","mo":2321113.0},{"cn":"Scorp\u0026co","ui":"6783906","t":2014009.0,"r":2013493.0,"q":7.86,"p":29000.0,"mot":"U","mo":2013493.0},{"cn":"Bigtrailer ltd","ui":"6660234","t":2826250.0,"r":2823739.0,"q":8.54,"p":27000.0,"mot":"U","mo":2823739.0},{"cn":"Magnat","ui":"5819572","t":1.5913923E7,"r":1.5913922E7,"q":8.35,"p":38000.0,"mot":"U","mo":1.5913922E7},{"cn":"Foods Ind.","ui":"4893599","t":3225991.0,"r":3225991.0,"q":10.89,"p":50000.0,"mot":"U","mo":3225991.0},{"cn":"","ui":"","t":1.123155E7,"r":9812286.0,"q":7.63,"p":43974.72,"mot":"L","mo":9812286.0}]},{"d":"26.04.2017","r":3.3000328E7,"q":8.12,"p":38457.96,"s":[{"cn":"Krio","ui":"6400476","t":2192984.0,"r":2165022.0,"q":7.16,"p":30000.0,"mot":"U","mo":2165022.0},{"cn":"Scorp\u0026co","ui":"6783906","t":2012977.0,"r":2012461.0,"q":7.86,"p":29000.0,"mot":"U","mo":2012461.0},{"cn":"Bigtrailer ltd","ui":"6660234","t":2823238.0,"r":2762737.0,"q":8.54,"p":27000.0,"mot":"U","mo":2762737.0},{"cn":"Magnat","ui":"5819572","t":1.6317969E7,"r":1.6317968E7,"q":8.36,"p":38000.0,"mot":"U","mo":1.6317968E7},{"cn":"","ui":"","t":1.0898384E7,"r":9742140.0,"q":7.87,"p":46307.74,"mot":"L","mo":9742140.0}]},{"d":"27.04.2017","r":3.3363051E7,"q":8.13,"p":38476.47,"s":[{"cn":"Krio","ui":"6400476","t":2215323.0,"r":2187361.0,"q":7.18,"p":30000.0,"mot":"U","mo":2187361.0},{"cn":"Scorp\u0026co","ui":"6783906","t":2012461.0,"r":2011945.0,"q":7.86,"p":29000.0,"mot":"U","mo":2011945.0},{"cn":"Bigtrailer ltd","ui":"6660234","t":2762837.0,"r":2702436.0,"q":8.54,"p":27000.0,"mot":"U","mo":2702436.0},{"cn":"Magnat","ui":"5819572","t":1.6519992E7,"r":1.6519991E7,"q":8.36,"p":38000.0,"mot":"U","mo":1.6519991E7},{"cn":"","ui":"","t":1.1072318E7,"r":9941318.0,"q":7.9,"p":46170.93,"mot":"L","mo":9941318.0}]},{"d":"28.04.2017","r":3.3831025E7,"q":8.12,"p":38404.32,"s":[{"cn":"Krio","ui":"6400476","t":2252385.0,"r":2239223.0,"q":7.19,"p":30000.0,"mot":"U","mo":2239223.0},{"cn":"Scorp\u0026co","ui":"6783906","t":2011945.0,"r":2011429.0,"q":7.86,"p":29000.0,"mot":"U","mo":2011429.0},{"cn":"Bigtrailer ltd","ui":"6660234","t":2702428.0,"r":2642019.0,"q":8.54,"p":27000.0,"mot":"U","mo":2642019.0},{"cn":"Magnat","ui":"5819572","t":1.6722015E7,"r":1.6722014E7,"q":8.36,"p":38000.0,"mot":"U","mo":1.6722014E7},{"cn":"","ui":"","t":1.1332396E7,"r":1.021634E7,"q":7.87,"p":45708.97,"mot":"L","mo":1.021634E7}]},{"d":"29.04.2017","r":3.4581254E7,"q":8.12,"p":38366.07,"s":[{"cn":"Krio","ui":"6400476","t":2289370.0,"r":2276208.0,"q":7.2,"p":30000.0,"mot":"U","mo":2276208.0},{"cn":"Scorp\u0026co","ui":"6783906","t":2011429.0,"r":2010913.0,"q":7.86,"p":29000.0,"mot":"U","mo":2010913.0},{"cn":"Bigtrailer ltd","ui":"6660234","t":2627099.0,"r":2551770.0,"q":8.54,"p":27000.0,"mot":"U","mo":2551770.0},{"cn":"Magnat","ui":"5819572","t":1.6924038E7,"r":1.6924037E7,"q":8.37,"p":38000.0,"mot":"U","mo":1.6924037E7},{"cn":"","ui":"","t":1.2121778E7,"r":1.0818326E7,"q":7.87,"p":45120.93,"mot":"L","mo":1.0818326E7}]},{"d":"01.05.2017","r":3.7232939E7,"q":8.22,"p":38698.84,"s":[{"cn":"Krio","ui":"6400476","t":2371188.0,"r":2366426.0,"q":7.22,"p":30000.0,"mot":"U","mo":2366426.0},{"cn":"Scorp\u0026co","ui":"6783906","t":1924377.0,"r":1891651.0,"q":7.86,"p":25000.0,"mot":"U","mo":1891651.0},{"cn":"Bigtrailer ltd","ui":"6660234","t":2477069.0,"r":2412068.0,"q":8.54,"p":27000.0,"mot":"U","mo":2412068.0},{"cn":"Magnat","ui":"5819572","t":1.7328084E7,"r":1.7328083E7,"q":8.37,"p":38000.0,"mot":"U","mo":1.7328083E7},{"cn":"","ui":"","t":1.4673592E7,"r":1.3234711E7,"q":8.2,"p":45259.37,"mot":"L","mo":1.3234711E7}]},{"d":"02.05.2017","r":3.8060483E7,"q":8.23,"p":38771.38,"s":[{"cn":"Krio","ui":"6400476","t":2415988.0,"r":2411226.0,"q":7.23,"p":30000.0,"mot":"U","mo":2411226.0},{"cn":"Bigtrailer ltd","ui":"6660234","t":2411568.0,"r":2346067.0,"q":8.54,"p":27000.0,"mot":"U","mo":2346067.0},{"cn":"Magnat","ui":"5819572","t":1.7530107E7,"r":1.7530106E7,"q":8.38,"p":38000.0,"mot":"U","mo":1.7530106E7},{"cn":"","ui":"","t":1.7260359E7,"r":1.5773084E7,"q":8.18,"p":42720.43,"mot":"L","mo":1.5773084E7}]},{"d":"03.05.2017","r":3.8332958E7,"q":8.27,"p":38839.68,"s":[{"cn":"Krio","ui":"6400476","t":2460583.0,"r":2455821.0,"q":7.23,"p":30000.0,"mot":"U","mo":2455821.0},{"cn":"Bigtrailer ltd","ui":"6660234","t":2346067.0,"r":2280566.0,"q":8.54,"p":27000.0,"mot":"U","mo":2280566.0},{"cn":"Magnat","ui":"5819572","t":1.773213E7,"r":1.7732129E7,"q":8.38,"p":38000.0,"mot":"U","mo":1.7732129E7},{"cn":"","ui":"","t":1.7367829E7,"r":1.5864442E7,"q":8.28,"p":42848.58,"mot":"L","mo":1.5864442E7}]},{"d":"04.05.2017","r":4.2133776E7,"q":8.19,"p":44004.04,"s":[{"cn":"Krio","ui":"6400476","t":2504973.0,"r":2500211.0,"q":7.24,"p":30000.0,"mot":"U","mo":2500211.0},{"cn":"Bigtrailer ltd","ui":"6660234","t":2280566.0,"r":2215065.0,"q":8.54,"p":27000.0,"mot":"U","mo":2215065.0},{"cn":"Magnat","ui":"5819572","t":1.7934153E7,"r":1.7934152E7,"q":8.38,"p":38000.0,"mot":"U","mo":1.7934152E7},{"cn":"","ui":"","t":2.4402712E7,"r":1.9484348E7,"q":8.1,"p":53260.46,"mot":"L","mo":1.9484348E7}]}]