[{"pi":"1504","pc":"Бакалея","ss":10000,"td":"Центр города","dc":5,"n":170.95,"vc":"около 500","sl":"Элитный","sv":"около 50","p":120.99,"q":1.01,"b":0.0,"ms":0.05,"wi":22.05,"ei":4.76,"as":380.1,"mi":"E","mv":118856,"sc":2,"lpe":99.93,"lpr":87.21,"lq":1.0,"d":189},{"pi":"1504","pc":"Бакалея","ss":10000,"td":"Центр города","dc":5,"n":170.95,"vc":"около 500","sl":"Элитный","sv":"около 50","p":120.99,"q":1.01,"b":0.0,"ms":0.05,"wi":22.05,"ei":4.76,"as":380.1,"mi":"E","mv":118856,"sc":2,"lpe":99.93,"lpr":87.21,"lq":1.0,"d":189},{"pi":"1504","pc":"Бакалея","ss":10000,"td":"Центр города","dc":5,"n":170.95,"vc":"около 500","sl":"Элитный","sv":"около 50","p":120.99,"q":1.01,"b":0.0,"ms":0.05,"wi":22.05,"ei":4.76,"as":380.1,"mi":"E","mv":118856,"sc":2,"lpe":99.93,"lpr":87.21,"lq":1.0,"d":189},{"pi":"1504","pc":"Бакалея","ss":10000,"td":"Центр города","dc":5,"n":170.95,"vc":"около 500","sl":"Элитный","sv":"около 50","p":120.99,"q":1.01,"b":0.0,"ms":0.05,"wi":22.05,"ei":4.76,"as":380.1,"mi":"E","mv":118856,"sc":2,"lpe":99.93,"lpr":87.21,"lq":1.0,"d":189},{"pi":"1504","pc":"Бакалея","ss":10000,"td":"Центр города","dc":5,"n":170.95,"vc":"около 500","sl":"Элитный","sv":"около 50","p":120.99,"q":1.01,"b":0.0,"ms":0.05,"wi":22.05,"ei":4.76,"as":380.1,"mi":"E","mv":118856,"sc":2,"lpe":99.93,"lpr":87.21,"lq":1.0,"d":189},{"pi":"1504","pc":"Бакалея","ss":10000,"td":"Центр города","dc":5,"n":170.95,"vc":"около 500","sl":"Элитный","sv":"около 50","p":120.99,"q":1.01,"b":0.0,"ms":0.05,"wi":22.05,"ei":4.76,"as":380.1,"mi":"E","mv":118856,"sc":2,"lpe":99.93,"lpr":87.21,"lq":1.0,"d":189},{"pi":"1504","pc":"Бакалея","ss":10000,"td":"Центр города","dc":5,"n":170.95,"vc":"около 500","sl":"Элитный","sv":"около 50","p":120.99,"q":1.01,"b":0.0,"ms":0.05,"wi":22.05,"ei":4.76,"as":380.1,"mi":"E","mv":118856,"sc":2,"lpe":99.93,"lpr":87.21,"lq":1.0,"d":189},{"pi":"1504","pc":"Бакалея","ss":10000,"td":"Центр города","dc":5,"n":170.95,"vc":"около 500","sl":"Элитный","sv":"около 50","p":120.99,"q":1.01,"b":0.0,"ms":0.05,"wi":22.05,"ei":4.76,"as":380.1,"mi":"E","mv":118856,"sc":2,"lpe":99.93,"lpr":87.21,"lq":1.0,"d":189},{"pi":"1504","pc":"Бакалея","ss":10000,"td":"Центр города","dc":5,"n":170.95,"vc":"около 500","sl":"Элитный","sv":"около 50","p":120.99,"q":1.01,"b":0.0,"ms":0.05,"wi":22.05,"ei":4.76,"as":380.1,"mi":"E","mv":118856,"sc":2,"lpe":99.93,"lpr":87.21,"lq":1.0,"d":189},{"pi":"1504","pc":"Бакалея","ss":10000,"td":"Центр города","dc":5,"n":170.95,"vc":"около 500","sl":"Элитный","sv":"около 50","p":120.99,"q":1.01,"b":0.0,"ms":0.05,"wi":22.05,"ei":4.76,"as":380.1,"mi":"E","mv":118856,"sc":2,"lpe":99.93,"lpr":87.21,"lq":1.0,"d":189},{"pi":"1504","pc":"Бакалея","ss":10000,"td":"Центр города","dc":5,"n":170.95,"vc":"около 500","sl":"Элитный","sv":"около 50","p":120.99,"q":1.01,"b":0.0,"ms":0.05,"wi":22.05,"ei":4.76,"as":380.1,"mi":"E","mv":118856,"sc":2,"lpe":99.93,"lpr":87.21,"lq":1.0,"d":189},{"pi":"1504","pc":"Бакалея","ss":10000,"td":"Центр города","dc":5,"n":170.95,"vc":"около 500","sl":"Элитный","sv":"около 50","p":120.99,"q":1.01,"b":0.0,"ms":0.05,"wi":22.05,"ei":4.76,"as":380.1,"mi":"E","mv":118856,"sc":2,"lpe":99.93,"lpr":87.21,"lq":1.0,"d":189},{"pi":"1504","pc":"Бакалея","ss":10000,"td":"Центр города","dc":5,"n":170.95,"vc":"около 500","sl":"Элитный","sv":"около 50","p":120.99,"q":1.01,"b":0.0,"ms":0.05,"wi":22.05,"ei":4.76,"as":380.1,"mi":"E","mv":118856,"sc":2,"lpe":99.93,"lpr":87.21,"lq":1.0,"d":189},{"pi":"1504","pc":"Бакалея","ss":10000,"td":"Центр города","dc":5,"n":170.95,"vc":"около 500","sl":"Элитный","sv":"около 50","p":120.99,"q":1.01,"b":0.0,"ms":0.05,"wi":22.05,"ei":4.76,"as":380.1,"mi":"E","mv":118856,"sc":2,"lpe":99.93,"lpr":87.21,"lq":1.0,"d":189},{"pi":"1504","pc":"Бакалея","ss":10000,"td":"Центр города","dc":5,"n":170.95,"vc":"около 500","sl":"Элитный","sv":"около 50","p":120.99,"q":1.01,"b":0.0,"ms":0.05,"wi":22.05,"ei":4.76,"as":380.1,"mi":"E","mv":118856,"sc":2,"lpe":99.93,"lpr":87.21,"lq":1.0,"d":189},{"pi":"1504","pc":"Бакалея","ss":10000,"td":"Центр города","dc":5,"n":170.95,"vc":"около 500","sl":"Элитный","sv":"около 50","p":120.99,"q":1.01,"b":0.0,"ms":0.05,"wi":22.05,"ei":4.76,"as":380.1,"mi":"E","mv":118856,"sc":2,"lpe":99.93,"lpr":87.21,"lq":1.0,"d":189},{"pi":"1504","pc":"Бакалея","ss":10000,"td":"Центр города","dc":5,"n":170.95,"vc":"около 500","sl":"Элитный","sv":"около 50","p":120.99,"q":1.01,"b":0.0,"ms":0.05,"wi":22.05,"ei":4.76,"as":380.1,"mi":"E","mv":118856,"sc":2,"lpe":99.93,"lpr":87.21,"lq":1.0,"d":189},{"pi":"1504","pc":"Бакалея","ss":1000,"td":"Фешенебельный район","dc":3,"n":97.05,"vc":"около 50","sl":"Элитный","sv":"менее 50","p":109.0,"q":1.01,"b":0.0,"ms":0.02,"wi":22.05,"ei":4.76,"as":380.1,"mi":"E","mv":118856,"sc":2,"lpe":99.93,"lpr":87.21,"lq":1.0,"d":189},{"pi":"1504","pc":"Бакалея","ss":10000,"td":"Центр города","dc":5,"n":170.95,"vc":"около 500","sl":"Элитный","sv":"около 50","p":120.99,"q":1.01,"b":0.0,"ms":0.05,"wi":22.05,"ei":4.76,"as":380.1,"mi":"E","mv":118856,"sc":2,"lpe":99.93,"lpr":87.21,"lq":1.0,"d":189},{"pi":"1504","pc":"Бакалея","ss":1000,"td":"Фешенебельный район","dc":3,"n":97.05,"vc":"около 50","sl":"Элитный","sv":"менее 50","p":109.0,"q":1.01,"b":0.0,"ms":0.02,"wi":22.05,"ei":4.76,"as":380.1,"mi":"E","mv":118856,"sc":2,"lpe":99.93,"lpr":87.21,"lq":1.0,"d":189},{"pi":"1504","pc":"Бакалея","ss":10000,"td":"Центр города","dc":5,"n":170.95,"vc":"около 500","sl":"Элитный","sv":"около 50","p":120.99,"q":1.01,"b":0.0,"ms":0.05,"wi":22.05,"ei":4.76,"as":380.1,"mi":"E","mv":118856,"sc":2,"lpe":99.93,"lpr":87.21,"lq":1.0,"d":189},{"pi":"1504","pc":"Бакалея","ss":10000,"td":"Центр города","dc":5,"n":170.95,"vc":"около 500","sl":"Элитный","sv":"около 50","p":120.99,"q":1.01,"b":0.0,"ms":0.05,"wi":22.05,"ei":4.76,"as":380.1,"mi":"E","mv":118856,"sc":2,"lpe":99.93,"lpr":87.21,"lq":1.0,"d":189},{"pi":"1504","pc":"Бакалея","ss":10000,"td":"Центр города","dc":5,"n":170.95,"vc":"около 500","sl":"Элитный","sv":"около 50","p":120.99,"q":1.01,"b":0.0,"ms":0.05,"wi":22.05,"ei":4.76,"as":380.1,"mi":"E","mv":118856,"sc":2,"lpe":99.93,"lpr":87.21,"lq":1.0,"d":189},{"pi":"1504","pc":"Бакалея","ss":10000,"td":"Центр города","dc":5,"n":170.95,"vc":"около 500","sl":"Элитный","sv":"около 50","p":120.99,"q":1.01,"b":0.0,"ms":0.05,"wi":22.05,"ei":4.76,"as":380.1,"mi":"E","mv":118856,"sc":2,"lpe":99.93,"lpr":87.21,"lq":1.0,"d":189},{"pi":"1504","pc":"Бакалея","ss":10000,"td":"Центр города","dc":5,"n":170.95,"vc":"около 500","sl":"Элитный","sv":"около 50","p":120.99,"q":1.01,"b":0.0,"ms":0.05,"wi":22.05,"ei":4.76,"as":380.1,"mi":"E","mv":118856,"sc":2,"lpe":99.93,"lpr":87.21,"lq":1.0,"d":189},{"pi":"1504","pc":"Бакалея","ss":10000,"td":"Центр города","dc":5,"n":170.95,"vc":"около 500","sl":"Элитный","sv":"около 50","p":120.99,"q":1.01,"b":0.0,"ms":0.05,"wi":22.05,"ei":4.76,"as":380.1,"mi":"E","mv":118856,"sc":2,"lpe":99.93,"lpr":87.21,"lq":1.0,"d":189},{"pi":"1504","pc":"Бакалея","ss":10000,"td":"Центр города","dc":5,"n":170.95,"vc":"около 500","sl":"Элитный","sv":"около 50","p":120.99,"q":1.01,"b":0.0,"ms":0.05,"wi":22.05,"ei":4.76,"as":380.1,"mi":"E","mv":118856,"sc":2,"lpe":99.93,"lpr":87.21,"lq":1.0,"d":189},{"pi":"1504","pc":"Бакалея","ss":1000,"td":"Фешенебельный район","dc":3,"n":97.05,"vc":"около 50","sl":"Элитный","sv":"менее 50","p":109.0,"q":1.01,"b":0.0,"ms":0.02,"wi":22.05,"ei":4.76,"as":380.1,"mi":"E","mv":118856,"sc":2,"lpe":99.93,"lpr":87.21,"lq":1.0,"d":189},{"pi":"1504","pc":"Бакалея","ss":10000,"td":"Центр города","dc":5,"n":170.95,"vc":"около 500","sl":"Элитный","sv":"около 50","p":120.99,"q":1.01,"b":0.0,"ms":0.05,"wi":22.05,"ei":4.76,"as":380.1,"mi":"E","mv":118856,"sc":2,"lpe":99.93,"lpr":87.21,"lq":1.0,"d":189},{"pi":"1504","pc":"Бакалея","ss":10000,"td":"Центр города","dc":5,"n":170.95,"vc":"около 500","sl":"Элитный","sv":"около 50","p":120.99,"q":1.01,"b":0.0,"ms":0.05,"wi":22.05,"ei":4.76,"as":380.1,"mi":"E","mv":118856,"sc":2,"lpe":99.93,"lpr":87.21,"lq":1.0,"d":189},{"pi":"1504","pc":"Бакалея","ss":10000,"td":"Центр города","dc":5,"n":170.95,"vc":"около 500","sl":"Элитный","sv":"около 50","p":120.99,"q":1.01,"b":0.0,"ms":0.05,"wi":22.05,"ei":4.76,"as":380.1,"mi":"E","mv":118856,"sc":2,"lpe":99.93,"lpr":87.21,"lq":1.0,"d":189},{"pi":"1504","pc":"Бакалея","ss":10000,"td":"Центр города","dc":5,"n":170.95,"vc":"около 500","sl":"Элитный","sv":"около 50","p":120.99,"q":1.01,"b":0.0,"ms":0.05,"wi":22.05,"ei":4.76,"as":380.1,"mi":"E","mv":118856,"sc":2,"lpe":99.93,"lpr":87.21,"lq":1.0,"d":189},{"pi":"1504","pc":"Бакалея","ss":10000,"td":"Центр города","dc":5,"n":170.95,"vc":"около 500","sl":"Элитный","sv":"около 50","p":120.99,"q":1.01,"b":0.0,"ms":0.05,"wi":22.05,"ei":4.76,"as":380.1,"mi":"E","mv":118856,"sc":2,"lpe":99.93,"lpr":87.21,"lq":1.0,"d":189},{"pi":"1504","pc":"Бакалея","ss":10000,"td":"Центр города","dc":5,"n":170.95,"vc":"около 500","sl":"Элитный","sv":"около 50","p":120.99,"q":1.01,"b":0.0,"ms":0.05,"wi":22.05,"ei":4.76,"as":380.1,"mi":"E","mv":118856,"sc":2,"lpe":99.93,"lpr":87.21,"lq":1.0,"d":189},{"pi":"1504","pc":"Бакалея","ss":10000,"td":"Центр города","dc":5,"n":170.95,"vc":"около 500","sl":"Элитный","sv":"около 50","p":120.99,"q":1.01,"b":0.0,"ms":0.05,"wi":22.05,"ei":4.76,"as":380.1,"mi":"E","mv":118856,"sc":2,"lpe":99.93,"lpr":87.21,"lq":1.0,"d":189},{"pi":"1504","pc":"Бакалея","ss":10000,"td":"Центр города","dc":5,"n":170.95,"vc":"около 500","sl":"Элитный","sv":"около 50","p":120.99,"q":1.01,"b":0.0,"ms":0.05,"wi":22.05,"ei":4.76,"as":380.1,"mi":"E","mv":118856,"sc":2,"lpe":99.93,"lpr":87.21,"lq":1.0,"d":189},{"pi":"1504","pc":"Бакалея","ss":10000,"td":"Центр города","dc":5,"n":170.95,"vc":"около 500","sl":"Элитный","sv":"около 50","p":120.99,"q":1.01,"b":0.0,"ms":0.05,"wi":22.05,"ei":4.76,"as":380.1,"mi":"E","mv":118856,"sc":2,"lpe":99.93,"lpr":87.21,"lq":1.0,"d":189},{"pi":"1504","pc":"Бакалея","ss":10000,"td":"Центр города","dc":5,"n":170.95,"vc":"около 500","sl":"Элитный","sv":"около 50","p":120.99,"q":1.01,"b":0.0,"ms":0.05,"wi":22.05,"ei":4.76,"as":380.1,"mi":"E","mv":118856,"sc":2,"lpe":99.93,"lpr":87.21,"lq":1.0,"d":189},{"pi":"1504","pc":"Бакалея","ss":10000,"td":"Центр города","dc":5,"n":170.95,"vc":"около 500","sl":"Элитный","sv":"около 50","p":120.99,"q":1.01,"b":0.0,"ms":0.05,"wi":22.05,"ei":4.76,"as":380.1,"mi":"E","mv":118856,"sc":2,"lpe":99.93,"lpr":87.21,"lq":1.0,"d":189},{"pi":"1504","pc":"Бакалея","ss":10000,"td":"Центр города","dc":5,"n":170.95,"vc":"около 500","sl":"Элитный","sv":"около 50","p":120.99,"q":1.01,"b":0.0,"ms":0.05,"wi":22.05,"ei":4.76,"as":380.1,"mi":"E","mv":118856,"sc":2,"lpe":99.93,"lpr":87.21,"lq":1.0,"d":189},{"pi":"1504","pc":"Бакалея","ss":10000,"td":"Центр города","dc":5,"n":170.95,"vc":"около 500","sl":"Элитный","sv":"около 50","p":120.99,"q":1.01,"b":0.0,"ms":0.05,"wi":22.05,"ei":4.76,"as":380.1,"mi":"E","mv":118856,"sc":2,"lpe":99.93,"lpr":87.21,"lq":1.0,"d":189},{"pi":"1504","pc":"Бакалея","ss":10000,"td":"Центр города","dc":5,"n":170.95,"vc":"около 500","sl":"Элитный","sv":"около 50","p":120.99,"q":1.01,"b":0.0,"ms":0.05,"wi":22.05,"ei":4.76,"as":380.1,"mi":"E","mv":118856,"sc":2,"lpe":99.93,"lpr":87.21,"lq":1.0,"d":189},{"pi":"1504","pc":"Бакалея","ss":10000,"td":"Центр города","dc":5,"n":170.95,"vc":"около 500","sl":"Элитный","sv":"около 50","p":120.99,"q":1.01,"b":0.0,"ms":0.05,"wi":22.05,"ei":4.76,"as":380.1,"mi":"E","mv":118856,"sc":2,"lpe":99.93,"lpr":87.21,"lq":1.0,"d":189},{"pi":"1504","pc":"Бакалея","ss":10000,"td":"Центр города","dc":5,"n":170.95,"vc":"около 500","sl":"Элитный","sv":"около 50","p":120.99,"q":1.01,"b":0.0,"ms":0.05,"wi":22.05,"ei":4.76,"as":380.1,"mi":"E","mv":118856,"sc":2,"lpe":99.93,"lpr":87.21,"lq":1.0,"d":189},{"pi":"1504","pc":"Бакалея","ss":10000,"td":"Центр города","dc":5,"n":170.95,"vc":"около 500","sl":"Элитный","sv":"около 50","p":120.99,"q":1.01,"b":0.0,"ms":0.05,"wi":22.05,"ei":4.76,"as":380.1,"mi":"E","mv":118856,"sc":2,"lpe":99.93,"lpr":87.21,"lq":1.0,"d":189},{"pi":"1504","pc":"Бакалея","ss":10000,"td":"Центр города","dc":5,"n":170.95,"vc":"около 500","sl":"Элитный","sv":"около 50","p":120.99,"q":1.01,"b":0.0,"ms":0.05,"wi":22.05,"ei":4.76,"as":380.1,"mi":"E","mv":118856,"sc":2,"lpe":99.93,"lpr":87.21,"lq":1.0,"d":189},{"pi":"1504","pc":"Бакалея","ss":10000,"td":"Центр города","dc":5,"n":170.95,"vc":"около 500","sl":"Элитный","sv":"около 50","p":120.99,"q":1.01,"b":0.0,"ms":0.05,"wi":22.05,"ei":4.76,"as":380.1,"mi":"E","mv":118856,"sc":2,"lpe":99.93,"lpr":87.21,"lq":1.0,"d":189},{"pi":"1504","pc":"Бакалея","ss":10000,"td":"Центр города","dc":5,"n":170.95,"vc":"около 500","sl":"Элитный","sv":"около 50","p":120.99,"q":1.01,"b":0.0,"ms":0.05,"wi":22.05,"ei":4.76,"as":380.1,"mi":"E","mv":118856,"sc":2,"lpe":99.93,"lpr":87.21,"lq":1.0,"d":189},{"pi":"1504","pc":"Бакалея","ss":10000,"td":"Центр города","dc":5,"n":170.95,"vc":"около 500","sl":"Элитный","sv":"около 50","p":120.99,"q":1.01,"b":0.0,"ms":0.05,"wi":22.05,"ei":4.76,"as":380.1,"mi":"E","mv":118856,"sc":2,"lpe":99.93,"lpr":87.21,"lq":1.0,"d":189},{"pi":"1504","pc":"Бакалея","ss":100000,"td":"Центр города","dc":10,"n":124.6,"vc":"около 5 000","sl":"Элитный","sv":"более 1 000","p":155.8,"q":1.01,"b":0.0,"ms":0.01,"wi":136.35,"ei":10.78,"as":2376.9,"mi":"E","mv":15952881,"sc":4,"lpe":99.98,"lpr":156.39,"lq":1.0,"d":9185},{"pi":"1504","pc":"Бакалея","ss":1000,"td":"Центр города","dc":6,"n":0.0,"vc":"около 500","sl":"Высокий","sv":"около 200","p":157.0,"q":1.01,"b":0.0,"ms":0.0,"wi":136.35,"ei":10.78,"as":2376.9,"mi":"E","mv":15952881,"sc":4,"lpe":99.98,"lpr":156.39,"lq":1.0,"d":9185},{"pi":"1504","pc":"Бакалея","ss":10000,"td":"Центр города","dc":1,"n":167.01,"vc":"около 5 000","sl":"Элитный","sv":"около 2 000","p":150.0,"q":1.01,"b":0.0,"ms":0.01,"wi":136.35,"ei":10.78,"as":2376.9,"mi":"E","mv":15952881,"sc":4,"lpe":99.98,"lpr":156.39,"lq":1.0,"d":9185},{"pi":"1504","pc":"Бакалея","ss":1000,"td":"Центр города","dc":6,"n":0.0,"vc":"около 500","sl":"Высокий","sv":"около 200","p":157.0,"q":1.01,"b":0.0,"ms":0.0,"wi":136.35,"ei":10.78,"as":2376.9,"mi":"E","mv":15952881,"sc":4,"lpe":99.98,"lpr":156.39,"lq":1.0,"d":9185},{"pi":"1504","pc":"Бакалея","ss":100000,"td":"Центр города","dc":10,"n":124.6,"vc":"около 5 000","sl":"Элитный","sv":"более 1 000","p":155.8,"q":1.01,"b":0.0,"ms":0.01,"wi":136.35,"ei":10.78,"as":2376.9,"mi":"E","mv":15952881,"sc":4,"lpe":99.98,"lpr":156.39,"lq":1.0,"d":9185},{"pi":"1504","pc":"Бакалея","ss":100000,"td":"Центр города","dc":10,"n":124.6,"vc":"около 5 000","sl":"Элитный","sv":"более 1 000","p":155.8,"q":1.01,"b":0.0,"ms":0.01,"wi":136.35,"ei":10.78,"as":2376.9,"mi":"E","mv":15952881,"sc":4,"lpe":99.98,"lpr":156.39,"lq":1.0,"d":9185},{"pi":"1504","pc":"Бакалея","ss":100000,"td":"Центр города","dc":10,"n":124.6,"vc":"около 5 000","sl":"Элитный","sv":"более 1 000","p":155.8,"q":1.01,"b":0.0,"ms":0.01,"wi":136.35,"ei":10.78,"as":2376.9,"mi":"E","mv":15952881,"sc":4,"lpe":99.98,"lpr":156.39,"lq":1.0,"d":9185},{"pi":"1504","pc":"Бакалея","ss":100000,"td":"Центр города","dc":10,"n":124.6,"vc":"около 5 000","sl":"Элитный","sv":"более 1 000","p":155.8,"q":1.01,"b":0.0,"ms":0.01,"wi":136.35,"ei":10.78,"as":2376.9,"mi":"E","mv":15952881,"sc":4,"lpe":99.98,"lpr":156.39,"lq":1.0,"d":9185},{"pi":"1504","pc":"Бакалея","ss":1000,"td":"Центр города","dc":6,"n":0.0,"vc":"около 500","sl":"Высокий","sv":"около 200","p":157.0,"q":1.01,"b":0.0,"ms":0.0,"wi":136.35,"ei":10.78,"as":2376.9,"mi":"E","mv":15952881,"sc":4,"lpe":99.98,"lpr":156.39,"lq":1.0,"d":9185},{"pi":"1504","pc":"Бакалея","ss":1000,"td":"Центр города","dc":6,"n":0.0,"vc":"около 500","sl":"Высокий","sv":"около 200","p":157.0,"q":1.01,"b":0.0,"ms":0.0,"wi":136.35,"ei":10.78,"as":2376.9,"mi":"E","mv":15952881,"sc":4,"lpe":99.98,"lpr":156.39,"lq":1.0,"d":9185},{"pi":"1504","pc":"Бакалея","ss":100000,"td":"Центр города","dc":10,"n":124.6,"vc":"около 5 000","sl":"Элитный","sv":"более 1 000","p":155.8,"q":1.01,"b":0.0,"ms":0.01,"wi":136.35,"ei":10.78,"as":2376.9,"mi":"E","mv":15952881,"sc":4,"lpe":99.98,"lpr":156.39,"lq":1.0,"d":9185},{"pi":"1504","pc":"Бакалея","ss":100000,"td":"Центр города","dc":10,"n":124.6,"vc":"около 5 000","sl":"Элитный","sv":"более 1 000","p":155.8,"q":1.01,"b":0.0,"ms":0.01,"wi":136.35,"ei":10.78,"as":2376.9,"mi":"E","mv":15952881,"sc":4,"lpe":99.98,"lpr":156.39,"lq":1.0,"d":9185},{"pi":"1504","pc":"Бакалея","ss":100000,"td":"Центр города","dc":10,"n":124.6,"vc":"около 5 000","sl":"Элитный","sv":"более 1 000","p":155.8,"q":1.01,"b":0.0,"ms":0.01,"wi":136.35,"ei":10.78,"as":2376.9,"mi":"E","mv":15952881,"sc":4,"lpe":99.98,"lpr":156.39,"lq":1.0,"d":9185},{"pi":"1504","pc":"Бакалея","ss":1000,"td":"Центр города","dc":6,"n":0.0,"vc":"около 500","sl":"Высокий","sv":"около 200","p":157.0,"q":1.01,"b":0.0,"ms":0.0,"wi":136.35,"ei":10.78,"as":2376.9,"mi":"E","mv":15952881,"sc":4,"lpe":99.98,"lpr":156.39,"lq":1.0,"d":9185},{"pi":"1504","pc":"Бакалея","ss":100000,"td":"Центр города","dc":10,"n":124.6,"vc":"около 5 000","sl":"Элитный","sv":"более 1 000","p":155.8,"q":1.01,"b":0.0,"ms":0.01,"wi":136.35,"ei":10.78,"as":2376.9,"mi":"E","mv":15952881,"sc":4,"lpe":99.98,"lpr":156.39,"lq":1.0,"d":9185},{"pi":"1504","pc":"Бакалея","ss":100000,"td":"Центр города","dc":10,"n":124.6,"vc":"около 5 000","sl":"Элитный","sv":"более 1 000","p":155.8,"q":1.01,"b":0.0,"ms":0.01,"wi":136.35,"ei":10.78,"as":2376.9,"mi":"E","mv":15952881,"sc":4,"lpe":99.98,"lpr":156.39,"lq":1.0,"d":9185},{"pi":"1504","pc":"Бакалея","ss":100000,"td":"Центр города","dc":10,"n":124.6,"vc":"около 5 000","sl":"Элитный","sv":"более 1 000","p":155.8,"q":1.01,"b":0.0,"ms":0.01,"wi":136.35,"ei":10.78,"as":2376.9,"mi":"E","mv":15952881,"sc":4,"lpe":99.98,"lpr":156.39,"lq":1.0,"d":9185},{"pi":"1504","pc":"Бакалея","ss":1000,"td":"Центр города","dc":6,"n":0.0,"vc":"около 500","sl":"Высокий","sv":"около 200","p":157.0,"q":1.01,"b":0.0,"ms":0.0,"wi":136.35,"ei":10.78,"as":2376.9,"mi":"E","mv":15952881,"sc":4,"lpe":99.98,"lpr":156.39,"lq":1.0,"d":9185},{"pi":"1504","pc":"Бакалея","ss":100000,"td":"Центр города","dc":10,"n":124.6,"vc":"около 5 000","sl":"Элитный","sv":"более 1 000","p":155.8,"q":1.01,"b":0.0,"ms":0.01,"wi":136.35,"ei":10.78,"as":2376.9,"mi":"E","mv":15952881,"sc":4,"lpe":99.98,"lpr":156.39,"lq":1.0,"d":9185},{"pi":"1504","pc":"Бакалея","ss":1000,"td":"Центр города","dc":1,"n":0.75,"vc":"около 1 000","sl":"Элитный","sv":"около 50","p":120.0,"q":1.01,"b":0.0,"ms":0.0,"wi":136.35,"ei":10.78,"as":2376.9,"mi":"E","mv":15952881,"sc":4,"lpe":99.98,"lpr":156.39,"lq":1.0,"d":9185},{"pi":"1504","pc":"Бакалея","ss":10000,"td":"Центр города","dc":1,"n":167.01,"vc":"около 5 000","sl":"Элитный","sv":"около 2 000","p":150.0,"q":1.01,"b":0.0,"ms":0.01,"wi":136.35,"ei":10.78,"as":2376.9,"mi":"E","mv":15952881,"sc":4,"lpe":99.98,"lpr":156.39,"lq":1.0,"d":9185},{"pi":"1504","pc":"Бакалея","ss":100000,"td":"Центр города","dc":10,"n":124.6,"vc":"около 5 000","sl":"Элитный","sv":"более 1 000","p":155.8,"q":1.01,"b":0.0,"ms":0.01,"wi":136.35,"ei":10.78,"as":2376.9,"mi":"E","mv":15952881,"sc":4,"lpe":99.98,"lpr":156.39,"lq":1.0,"d":9185},{"pi":"1504","pc":"Бакалея","ss":1000,"td":"Центр города","dc":6,"n":0.0,"vc":"около 500","sl":"Высокий","sv":"около 200","p":157.0,"q":1.01,"b":0.0,"ms":0.0,"wi":136.35,"ei":10.78,"as":2376.9,"mi":"E","mv":15952881,"sc":4,"lpe":99.98,"lpr":156.39,"lq":1.0,"d":9185},{"pi":"1504","pc":"Бакалея","ss":1000,"td":"Центр города","dc":1,"n":0.75,"vc":"около 1 000","sl":"Элитный","sv":"около 50","p":120.0,"q":1.01,"b":0.0,"ms":0.0,"wi":136.35,"ei":10.78,"as":2376.9,"mi":"E","mv":15952881,"sc":4,"lpe":99.98,"lpr":156.39,"lq":1.0,"d":9185},{"pi":"1504","pc":"Бакалея","ss":10000,"td":"Центр города","dc":1,"n":167.01,"vc":"около 5 000","sl":"Элитный","sv":"около 2 000","p":150.0,"q":1.01,"b":0.0,"ms":0.01,"wi":136.35,"ei":10.78,"as":2376.9,"mi":"E","mv":15952881,"sc":4,"lpe":99.98,"lpr":156.39,"lq":1.0,"d":9185},{"pi":"1504","pc":"Бакалея","ss":100000,"td":"Центр города","dc":10,"n":124.6,"vc":"около 5 000","sl":"Элитный","sv":"более 1 000","p":155.8,"q":1.01,"b":0.0,"ms":0.01,"wi":136.35,"ei":10.78,"as":2376.9,"mi":"E","mv":15952881,"sc":4,"lpe":99.98,"lpr":156.39,"lq":1.0,"d":9185},{"pi":"1504","pc":"Бакалея","ss":1000,"td":"Центр города","dc":6,"n":0.0,"vc":"около 500","sl":"Высокий","sv":"около 200","p":157.0,"q":1.01,"b":0.0,"ms":0.0,"wi":136.35,"ei":10.78,"as":2376.9,"mi":"E","mv":15952881,"sc":4,"lpe":99.98,"lpr":156.39,"lq":1.0,"d":9185},{"pi":"1504","pc":"Бакалея","ss":1000,"td":"Центр города","dc":1,"n":0.75,"vc":"около 1 000","sl":"Элитный","sv":"около 50","p":120.0,"q":1.01,"b":0.0,"ms":0.0,"wi":136.35,"ei":10.78,"as":2376.9,"mi":"E","mv":15952881,"sc":4,"lpe":99.98,"lpr":156.39,"lq":1.0,"d":9185},{"pi":"1504","pc":"Бакалея","ss":100000,"td":"Центр города","dc":10,"n":124.6,"vc":"около 5 000","sl":"Элитный","sv":"более 1 000","p":155.8,"q":1.01,"b":0.0,"ms":0.01,"wi":136.35,"ei":10.78,"as":2376.9,"mi":"E","mv":15952881,"sc":4,"lpe":99.98,"lpr":156.39,"lq":1.0,"d":9185},{"pi":"1504","pc":"Бакалея","ss":100000,"td":"Центр города","dc":10,"n":124.6,"vc":"около 5 000","sl":"Элитный","sv":"более 1 000","p":155.8,"q":1.01,"b":0.0,"ms":0.01,"wi":136.35,"ei":10.78,"as":2376.9,"mi":"E","mv":15952881,"sc":4,"lpe":99.98,"lpr":156.39,"lq":1.0,"d":9185},{"pi":"1504","pc":"Бакалея","ss":1000,"td":"Центр города","dc":6,"n":0.0,"vc":"около 500","sl":"Высокий","sv":"около 200","p":157.0,"q":1.01,"b":0.0,"ms":0.0,"wi":136.35,"ei":10.78,"as":2376.9,"mi":"E","mv":15952881,"sc":4,"lpe":99.98,"lpr":156.39,"lq":1.0,"d":9185},{"pi":"1504","pc":"Бакалея","ss":100000,"td":"Центр города","dc":10,"n":124.6,"vc":"около 5 000","sl":"Элитный","sv":"более 1 000","p":155.8,"q":1.01,"b":0.0,"ms":0.01,"wi":136.35,"ei":10.78,"as":2376.9,"mi":"E","mv":15952881,"sc":4,"lpe":99.98,"lpr":156.39,"lq":1.0,"d":9185},{"pi":"1504","pc":"Бакалея","ss":1000,"td":"Центр города","dc":6,"n":0.0,"vc":"около 500","sl":"Высокий","sv":"около 200","p":157.0,"q":1.01,"b":0.0,"ms":0.0,"wi":136.35,"ei":10.78,"as":2376.9,"mi":"E","mv":15952881,"sc":4,"lpe":99.98,"lpr":156.39,"lq":1.0,"d":9185},{"pi":"1504","pc":"Бакалея","ss":1000,"td":"Центр города","dc":6,"n":0.0,"vc":"около 500","sl":"Высокий","sv":"около 200","p":157.0,"q":1.01,"b":0.0,"ms":0.0,"wi":136.35,"ei":10.78,"as":2376.9,"mi":"E","mv":15952881,"sc":4,"lpe":99.98,"lpr":156.39,"lq":1.0,"d":9185},{"pi":"1504","pc":"Бакалея","ss":100000,"td":"Центр города","dc":10,"n":124.6,"vc":"около 5 000","sl":"Элитный","sv":"более 1 000","p":155.8,"q":1.01,"b":0.0,"ms":0.01,"wi":136.35,"ei":10.78,"as":2376.9,"mi":"E","mv":15952881,"sc":4,"lpe":99.98,"lpr":156.39,"lq":1.0,"d":9185},{"pi":"1504","pc":"Бакалея","ss":1000,"td":"Центр города","dc":6,"n":0.0,"vc":"около 500","sl":"Высокий","sv":"около 200","p":157.0,"q":1.01,"b":0.0,"ms":0.0,"wi":136.35,"ei":10.78,"as":2376.9,"mi":"E","mv":15952881,"sc":4,"lpe":99.98,"lpr":156.39,"lq":1.0,"d":9185},{"pi":"1504","pc":"Бакалея","ss":100000,"td":"Центр города","dc":10,"n":124.6,"vc":"около 5 000","sl":"Элитный","sv":"более 1 000","p":155.8,"q":1.01,"b":0.0,"ms":0.01,"wi":136.35,"ei":10.78,"as":2376.9,"mi":"E","mv":15952881,"sc":4,"lpe":99.98,"lpr":156.39,"lq":1.0,"d":9185},{"pi":"1504","pc":"Бакалея","ss":1000,"td":"Центр города","dc":6,"n":0.0,"vc":"около 500","sl":"Высокий","sv":"около 200","p":157.0,"q":1.01,"b":0.0,"ms":0.0,"wi":136.35,"ei":10.78,"as":2376.9,"mi":"E","mv":15952881,"sc":4,"lpe":99.98,"lpr":156.39,"lq":1.0,"d":9185},{"pi":"1504","pc":"Бакалея","ss":100000,"td":"Центр города","dc":10,"n":124.6,"vc":"около 5 000","sl":"Элитный","sv":"более 1 000","p":155.8,"q":1.01,"b":0.0,"ms":0.01,"wi":136.35,"ei":10.78,"as":2376.9,"mi":"E","mv":15952881,"sc":4,"lpe":99.98,"lpr":156.39,"lq":1.0,"d":9185},{"pi":"1504","pc":"Бакалея","ss":100000,"td":"Центр города","dc":10,"n":124.6,"vc":"около 5 000","sl":"Элитный","sv":"более 1 000","p":155.8,"q":1.01,"b":0.0,"ms":0.01,"wi":136.35,"ei":10.78,"as":2376.9,"mi":"E","mv":15952881,"sc":4,"lpe":99.98,"lpr":156.39,"lq":1.0,"d":9185},{"pi":"1504","pc":"Бакалея","ss":100000,"td":"Центр города","dc":10,"n":124.6,"vc":"около 5 000","sl":"Элитный","sv":"более 1 000","p":155.8,"q":1.01,"b":0.0,"ms":0.01,"wi":136.35,"ei":10.78,"as":2376.9,"mi":"E","mv":15952881,"sc":4,"lpe":99.98,"lpr":156.39,"lq":1.0,"d":9185},{"pi":"1504","pc":"Бакалея","ss":10000,"td":"Центр города","dc":1,"n":167.01,"vc":"около 5 000","sl":"Элитный","sv":"около 2 000","p":150.0,"q":1.01,"b":0.0,"ms":0.01,"wi":136.35,"ei":10.78,"as":2376.9,"mi":"E","mv":15952881,"sc":4,"lpe":99.98,"lpr":156.39,"lq":1.0,"d":9185},{"pi":"1504","pc":"Бакалея","ss":100000,"td":"Центр города","dc":10,"n":124.6,"vc":"около 5 000","sl":"Элитный","sv":"более 1 000","p":155.8,"q":1.01,"b":0.0,"ms":0.01,"wi":136.35,"ei":10.78,"as":2376.9,"mi":"E","mv":15952881,"sc":4,"lpe":99.98,"lpr":156.39,"lq":1.0,"d":9185},{"pi":"1504","pc":"Бакалея","ss":1000,"td":"Центр города","dc":6,"n":0.0,"vc":"около 500","sl":"Высокий","sv":"около 200","p":157.0,"q":1.01,"b":0.0,"ms":0.0,"wi":136.35,"ei":10.78,"as":2376.9,"mi":"E","mv":15952881,"sc":4,"lpe":99.98,"lpr":156.39,"lq":1.0,"d":9185},{"pi":"1504","pc":"Бакалея","ss":1000,"td":"Центр города","dc":1,"n":0.75,"vc":"около 1 000","sl":"Элитный","sv":"около 50","p":120.0,"q":1.01,"b":0.0,"ms":0.0,"wi":136.35,"ei":10.78,"as":2376.9,"mi":"E","mv":15952881,"sc":4,"lpe":99.98,"lpr":156.39,"lq":1.0,"d":9185},{"pi":"1504","pc":"Бакалея","ss":100000,"td":"Центр города","dc":10,"n":124.6,"vc":"около 5 000","sl":"Элитный","sv":"более 1 000","p":155.8,"q":1.01,"b":0.0,"ms":0.01,"wi":136.35,"ei":10.78,"as":2376.9,"mi":"E","mv":15952881,"sc":4,"lpe":99.98,"lpr":156.39,"lq":1.0,"d":9185},{"pi":"1504","pc":"Бакалея","ss":100000,"td":"Центр города","dc":10,"n":124.6,"vc":"около 5 000","sl":"Элитный","sv":"более 1 000","p":155.8,"q":1.01,"b":0.0,"ms":0.01,"wi":136.35,"ei":10.78,"as":2376.9,"mi":"E","mv":15952881,"sc":4,"lpe":99.98,"lpr":156.39,"lq":1.0,"d":9185},{"pi":"1504","pc":"Бакалея","ss":1000,"td":"Центр города","dc":6,"n":0.0,"vc":"около 500","sl":"Высокий","sv":"около 200","p":157.0,"q":1.01,"b":0.0,"ms":0.0,"wi":136.35,"ei":10.78,"as":2376.9,"mi":"E","mv":15952881,"sc":4,"lpe":99.98,"lpr":156.39,"lq":1.0,"d":9185},{"pi":"1504","pc":"Бакалея","ss":100000,"td":"Центр города","dc":10,"n":124.6,"vc":"около 5 000","sl":"Элитный","sv":"более 1 000","p":155.8,"q":1.01,"b":0.0,"ms":0.01,"wi":136.35,"ei":10.78,"as":2376.9,"mi":"E","mv":15952881,"sc":4,"lpe":99.98,"lpr":156.39,"lq":1.0,"d":9185},{"pi":"1504","pc":"Бакалея","ss":1000,"td":"Центр города","dc":6,"n":0.0,"vc":"около 500","sl":"Высокий","sv":"около 200","p":157.0,"q":1.01,"b":0.0,"ms":0.0,"wi":136.35,"ei":10.78,"as":2376.9,"mi":"E","mv":15952881,"sc":4,"lpe":99.98,"lpr":156.39,"lq":1.0,"d":9185},{"pi":"1504","pc":"Бакалея","ss":1000,"td":"Центр города","dc":1,"n":0.75,"vc":"около 1 000","sl":"Элитный","sv":"около 50","p":120.0,"q":1.01,"b":0.0,"ms":0.0,"wi":136.35,"ei":10.78,"as":2376.9,"mi":"E","mv":15952881,"sc":4,"lpe":99.98,"lpr":156.39,"lq":1.0,"d":9185},{"pi":"1504","pc":"Бакалея","ss":1000,"td":"Центр города","dc":6,"n":0.0,"vc":"около 500","sl":"Высокий","sv":"около 200","p":157.0,"q":1.01,"b":0.0,"ms":0.0,"wi":136.35,"ei":10.78,"as":2376.9,"mi":"E","mv":15952881,"sc":4,"lpe":99.98,"lpr":156.39,"lq":1.0,"d":9185},{"pi":"1504","pc":"Бакалея","ss":100000,"td":"Центр города","dc":10,"n":124.6,"vc":"около 5 000","sl":"Элитный","sv":"более 1 000","p":155.8,"q":1.01,"b":0.0,"ms":0.01,"wi":136.35,"ei":10.78,"as":2376.9,"mi":"E","mv":15952881,"sc":4,"lpe":99.98,"lpr":156.39,"lq":1.0,"d":9185},{"pi":"1504","pc":"Бакалея","ss":100000,"td":"Центр города","dc":10,"n":124.6,"vc":"около 5 000","sl":"Элитный","sv":"более 1 000","p":155.8,"q":1.01,"b":0.0,"ms":0.01,"wi":136.35,"ei":10.78,"as":2376.9,"mi":"E","mv":15952881,"sc":4,"lpe":99.98,"lpr":156.39,"lq":1.0,"d":9185},{"pi":"1504","pc":"Бакалея","ss":100000,"td":"Центр города","dc":10,"n":124.6,"vc":"около 5 000","sl":"Элитный","sv":"более 1 000","p":155.8,"q":1.01,"b":0.0,"ms":0.01,"wi":136.35,"ei":10.78,"as":2376.9,"mi":"E","mv":15952881,"sc":4,"lpe":99.98,"lpr":156.39,"lq":1.0,"d":9185},{"pi":"1504","pc":"Бакалея","ss":1000,"td":"Центр города","dc":6,"n":0.0,"vc":"около 500","sl":"Высокий","sv":"около 200","p":157.0,"q":1.01,"b":0.0,"ms":0.0,"wi":136.35,"ei":10.78,"as":2376.9,"mi":"E","mv":15952881,"sc":4,"lpe":99.98,"lpr":156.39,"lq":1.0,"d":9185},{"pi":"1504","pc":"Бакалея","ss":100000,"td":"Центр города","dc":10,"n":124.6,"vc":"около 5 000","sl":"Элитный","sv":"более 1 000","p":155.8,"q":1.01,"b":0.0,"ms":0.01,"wi":136.35,"ei":10.78,"as":2376.9,"mi":"E","mv":15952881,"sc":4,"lpe":99.98,"lpr":156.39,"lq":1.0,"d":9185},{"pi":"1504","pc":"Бакалея","ss":100000,"td":"Центр города","dc":10,"n":124.6,"vc":"около 5 000","sl":"Элитный","sv":"более 1 000","p":155.8,"q":1.01,"b":0.0,"ms":0.01,"wi":136.35,"ei":10.78,"as":2376.9,"mi":"E","mv":15952881,"sc":4,"lpe":99.98,"lpr":156.39,"lq":1.0,"d":9185},{"pi":"1504","pc":"Бакалея","ss":100000,"td":"Центр города","dc":10,"n":124.6,"vc":"около 5 000","sl":"Элитный","sv":"более 1 000","p":155.8,"q":1.01,"b":0.0,"ms":0.01,"wi":136.35,"ei":10.78,"as":2376.9,"mi":"E","mv":15952881,"sc":4,"lpe":99.98,"lpr":156.39,"lq":1.0,"d":9185},{"pi":"1504","pc":"Бакалея","ss":1000,"td":"Центр города","dc":6,"n":0.0,"vc":"около 500","sl":"Высокий","sv":"около 200","p":157.0,"q":1.01,"b":0.0,"ms":0.0,"wi":136.35,"ei":10.78,"as":2376.9,"mi":"E","mv":15952881,"sc":4,"lpe":99.98,"lpr":156.39,"lq":1.0,"d":9185},{"pi":"1504","pc":"Бакалея","ss":1000,"td":"Центр города","dc":6,"n":0.0,"vc":"около 500","sl":"Высокий","sv":"около 200","p":157.0,"q":1.01,"b":0.0,"ms":0.0,"wi":136.35,"ei":10.78,"as":2376.9,"mi":"E","mv":15952881,"sc":4,"lpe":99.98,"lpr":156.39,"lq":1.0,"d":9185},{"pi":"1504","pc":"Бакалея","ss":100000,"td":"Центр города","dc":10,"n":124.6,"vc":"около 5 000","sl":"Элитный","sv":"более 1 000","p":155.8,"q":1.01,"b":0.0,"ms":0.01,"wi":136.35,"ei":10.78,"as":2376.9,"mi":"E","mv":15952881,"sc":4,"lpe":99.98,"lpr":156.39,"lq":1.0,"d":9185},{"pi":"1504","pc":"Бакалея","ss":100000,"td":"Центр города","dc":10,"n":124.6,"vc":"около 5 000","sl":"Элитный","sv":"более 1 000","p":155.8,"q":1.01,"b":0.0,"ms":0.01,"wi":136.35,"ei":10.78,"as":2376.9,"mi":"E","mv":15952881,"sc":4,"lpe":99.98,"lpr":156.39,"lq":1.0,"d":9185},{"pi":"1504","pc":"Бакалея","ss":100000,"td":"Центр города","dc":10,"n":124.6,"vc":"около 5 000","sl":"Элитный","sv":"более 1 000","p":155.8,"q":1.01,"b":0.0,"ms":0.01,"wi":136.35,"ei":10.78,"as":2376.9,"mi":"E","mv":15952881,"sc":4,"lpe":99.98,"lpr":156.39,"lq":1.0,"d":9185},{"pi":"1504","pc":"Бакалея","ss":100000,"td":"Центр города","dc":10,"n":124.6,"vc":"около 5 000","sl":"Элитный","sv":"более 1 000","p":155.8,"q":1.01,"b":0.0,"ms":0.01,"wi":136.35,"ei":10.78,"as":2376.9,"mi":"E","mv":15952881,"sc":4,"lpe":99.98,"lpr":156.39,"lq":1.0,"d":9185},{"pi":"1504","pc":"Бакалея","ss":100000,"td":"Центр города","dc":10,"n":124.6,"vc":"около 5 000","sl":"Элитный","sv":"более 1 000","p":155.8,"q":1.01,"b":0.0,"ms":0.01,"wi":136.35,"ei":10.78,"as":2376.9,"mi":"E","mv":15952881,"sc":4,"lpe":99.98,"lpr":156.39,"lq":1.0,"d":9185},{"pi":"1504","pc":"Бакалея","ss":1000,"td":"Центр города","dc":6,"n":0.0,"vc":"около 500","sl":"Высокий","sv":"около 200","p":157.0,"q":1.01,"b":0.0,"ms":0.0,"wi":136.35,"ei":10.78,"as":2376.9,"mi":"E","mv":15952881,"sc":4,"lpe":99.98,"lpr":156.39,"lq":1.0,"d":9185},{"pi":"1504","pc":"Бакалея","ss":1000,"td":"Спальный район","dc":9,"n":29.01,"vc":"около 500","sl":"Очень высокий","sv":"менее 50","p":100.0,"q":1.01,"b":0.0,"ms":0.0,"wi":25.8,"ei":5.58,"as":336.1,"mi":"E","mv":857856,"sc":1,"lpe":100.0,"lpr":72.45,"lq":1.0,"d":730},{"pi":"1504","pc":"Бакалея","ss":1000,"td":"Спальный район","dc":9,"n":29.01,"vc":"около 500","sl":"Очень высокий","sv":"менее 50","p":100.0,"q":1.01,"b":0.0,"ms":0.0,"wi":25.8,"ei":5.58,"as":336.1,"mi":"E","mv":857856,"sc":1,"lpe":100.0,"lpr":72.45,"lq":1.0,"d":730},{"pi":"1504","pc":"Бакалея","ss":1000,"td":"Спальный район","dc":9,"n":29.01,"vc":"около 500","sl":"Очень высокий","sv":"менее 50","p":100.0,"q":1.01,"b":0.0,"ms":0.0,"wi":25.8,"ei":5.58,"as":336.1,"mi":"E","mv":857856,"sc":1,"lpe":100.0,"lpr":72.45,"lq":1.0,"d":730},{"pi":"1504","pc":"Бакалея","ss":1000,"td":"Спальный район","dc":9,"n":29.01,"vc":"около 500","sl":"Очень высокий","sv":"менее 50","p":100.0,"q":1.01,"b":0.0,"ms":0.0,"wi":25.8,"ei":5.58,"as":336.1,"mi":"E","mv":857856,"sc":1,"lpe":100.0,"lpr":72.45,"lq":1.0,"d":730},{"pi":"1504","pc":"Бакалея","ss":1000,"td":"Спальный район","dc":9,"n":29.01,"vc":"около 500","sl":"Очень высокий","sv":"менее 50","p":100.0,"q":1.01,"b":0.0,"ms":0.0,"wi":25.8,"ei":5.58,"as":336.1,"mi":"E","mv":857856,"sc":1,"lpe":100.0,"lpr":72.45,"lq":1.0,"d":730},{"pi":"1504","pc":"Бакалея","ss":1000,"td":"Спальный район","dc":9,"n":29.01,"vc":"около 500","sl":"Очень высокий","sv":"менее 50","p":100.0,"q":1.01,"b":0.0,"ms":0.0,"wi":25.8,"ei":5.58,"as":336.1,"mi":"E","mv":857856,"sc":1,"lpe":100.0,"lpr":72.45,"lq":1.0,"d":730},{"pi":"1504","pc":"Бакалея","ss":1000,"td":"Спальный район","dc":9,"n":29.01,"vc":"около 500","sl":"Очень высокий","sv":"менее 50","p":100.0,"q":1.01,"b":0.0,"ms":0.0,"wi":25.8,"ei":5.58,"as":336.1,"mi":"E","mv":857856,"sc":1,"lpe":100.0,"lpr":72.45,"lq":1.0,"d":730},{"pi":"1504","pc":"Бакалея","ss":1000,"td":"Спальный район","dc":9,"n":29.01,"vc":"около 500","sl":"Очень высокий","sv":"менее 50","p":100.0,"q":1.01,"b":0.0,"ms":0.0,"wi":25.8,"ei":5.58,"as":336.1,"mi":"E","mv":857856,"sc":1,"lpe":100.0,"lpr":72.45,"lq":1.0,"d":730},{"pi":"1504","pc":"Бакалея","ss":1000,"td":"Спальный район","dc":9,"n":29.01,"vc":"около 500","sl":"Очень высокий","sv":"менее 50","p":100.0,"q":1.01,"b":0.0,"ms":0.0,"wi":25.8,"ei":5.58,"as":336.1,"mi":"E","mv":857856,"sc":1,"lpe":100.0,"lpr":72.45,"lq":1.0,"d":730},{"pi":"1504","pc":"Бакалея","ss":1000,"td":"Спальный район","dc":9,"n":29.01,"vc":"около 500","sl":"Очень высокий","sv":"менее 50","p":100.0,"q":1.01,"b":0.0,"ms":0.0,"wi":25.8,"ei":5.58,"as":336.1,"mi":"E","mv":857856,"sc":1,"lpe":100.0,"lpr":72.45,"lq":1.0,"d":730},{"pi":"1504","pc":"Бакалея","ss":1000,"td":"Спальный район","dc":9,"n":29.01,"vc":"около 500","sl":"Очень высокий","sv":"менее 50","p":100.0,"q":1.01,"b":0.0,"ms":0.0,"wi":25.8,"ei":5.58,"as":336.1,"mi":"E","mv":857856,"sc":1,"lpe":100.0,"lpr":72.45,"lq":1.0,"d":730},{"pi":"1504","pc":"Бакалея","ss":1000,"td":"Спальный район","dc":9,"n":29.01,"vc":"около 500","sl":"Очень высокий","sv":"менее 50","p":100.0,"q":1.01,"b":0.0,"ms":0.0,"wi":25.8,"ei":5.58,"as":336.1,"mi":"E","mv":857856,"sc":1,"lpe":100.0,"lpr":72.45,"lq":1.0,"d":730},{"pi":"1504","pc":"Бакалея","ss":1000,"td":"Спальный район","dc":9,"n":29.01,"vc":"около 500","sl":"Очень высокий","sv":"менее 50","p":100.0,"q":1.01,"b":0.0,"ms":0.0,"wi":25.8,"ei":5.58,"as":336.1,"mi":"E","mv":857856,"sc":1,"lpe":100.0,"lpr":72.45,"lq":1.0,"d":730},{"pi":"1504","pc":"Бакалея","ss":1000,"td":"Спальный район","dc":9,"n":29.01,"vc":"около 500","sl":"Очень высокий","sv":"менее 50","p":100.0,"q":1.01,"b":0.0,"ms":0.0,"wi":25.8,"ei":5.58,"as":336.1,"mi":"E","mv":857856,"sc":1,"lpe":100.0,"lpr":72.45,"lq":1.0,"d":730},{"pi":"1504","pc":"Бакалея","ss":1000,"td":"Спальный район","dc":9,"n":29.01,"vc":"около 500","sl":"Очень высокий","sv":"менее 50","p":100.0,"q":1.01,"b":0.0,"ms":0.0,"wi":25.8,"ei":5.58,"as":336.1,"mi":"E","mv":857856,"sc":1,"lpe":100.0,"lpr":72.45,"lq":1.0,"d":730},{"pi":"1504","pc":"Бакалея","ss":1000,"td":"Спальный район","dc":9,"n":29.01,"vc":"около 500","sl":"Очень высокий","sv":"менее 50","p":100.0,"q":1.01,"b":0.0,"ms":0.0,"wi":25.8,"ei":5.58,"as":336.1,"mi":"E","mv":857856,"sc":1,"lpe":100.0,"lpr":72.45,"lq":1.0,"d":730},{"pi":"1504","pc":"Бакалея","ss":1000,"td":"Спальный район","dc":9,"n":29.01,"vc":"около 500","sl":"Очень высокий","sv":"менее 50","p":100.0,"q":1.01,"b":0.0,"ms":0.0,"wi":25.8,"ei":5.58,"as":336.1,"mi":"E","mv":857856,"sc":1,"lpe":100.0,"lpr":72.45,"lq":1.0,"d":730},{"pi":"1504","pc":"Бакалея","ss":1000,"td":"Спальный район","dc":9,"n":29.01,"vc":"около 500","sl":"Очень высокий","sv":"менее 50","p":100.0,"q":1.01,"b":0.0,"ms":0.0,"wi":25.8,"ei":5.58,"as":336.1,"mi":"E","mv":857856,"sc":1,"lpe":100.0,"lpr":72.45,"lq":1.0,"d":730},{"pi":"1504","pc":"Бакалея","ss":1000,"td":"Спальный район","dc":9,"n":29.01,"vc":"около 500","sl":"Очень высокий","sv":"менее 50","p":100.0,"q":1.01,"b":0.0,"ms":0.0,"wi":25.8,"ei":5.58,"as":336.1,"mi":"E","mv":857856,"sc":1,"lpe":100.0,"lpr":72.45,"lq":1.0,"d":730},{"pi":"1504","pc":"Бакалея","ss":1000,"td":"Спальный район","dc":9,"n":29.01,"vc":"около 500","sl":"Очень высокий","sv":"менее 50","p":100.0,"q":1.01,"b":0.0,"ms":0.0,"wi":25.8,"ei":5.58,"as":336.1,"mi":"E","mv":857856,"sc":1,"lpe":100.0,"lpr":72.45,"lq":1.0,"d":730},{"pi":"1504","pc":"Бакалея","ss":1000,"td":"Спальный район","dc":9,"n":29.01,"vc":"около 500","sl":"Очень высокий","sv":"менее 50","p":100.0,"q":1.01,"b":0.0,"ms":0.0,"wi":25.8,"ei":5.58,"as":336.1,"mi":"E","mv":857856,"sc":1,"lpe":100.0,"lpr":72.45,"lq":1.0,"d":730},{"pi":"1504","pc":"Бакалея","ss":1000,"td":"Спальный район","dc":9,"n":29.01,"vc":"около 500","sl":"Очень высокий","sv":"менее 50","p":100.0,"q":1.01,"b":0.0,"ms":0.0,"wi":25.8,"ei":5.58,"as":336.1,"mi":"E","mv":857856,"sc":1,"lpe":100.0,"lpr":72.45,"lq":1.0,"d":730},{"pi":"1504","pc":"Бакалея","ss":1000,"td":"Спальный район","dc":9,"n":29.01,"vc":"около 500","sl":"Очень высокий","sv":"менее 50","p":100.0,"q":1.01,"b":0.0,"ms":0.0,"wi":25.8,"ei":5.58,"as":336.1,"mi":"E","mv":857856,"sc":1,"lpe":100.0,"lpr":72.45,"lq":1.0,"d":730},{"pi":"1504","pc":"Бакалея","ss":1000,"td":"Спальный район","dc":9,"n":29.01,"vc":"около 500","sl":"Очень высокий","sv":"менее 50","p":100.0,"q":1.01,"b":0.0,"ms":0.0,"wi":25.8,"ei":5.58,"as":336.1,"mi":"E","mv":857856,"sc":1,"lpe":100.0,"lpr":72.45,"lq":1.0,"d":730},{"pi":"1504","pc":"Бакалея","ss":1000,"td":"Спальный район","dc":9,"n":29.01,"vc":"около 500","sl":"Очень высокий","sv":"менее 50","p":100.0,"q":1.01,"b":0.0,"ms":0.0,"wi":25.8,"ei":5.58,"as":336.1,"mi":"E","mv":857856,"sc":1,"lpe":100.0,"lpr":72.45,"lq":1.0,"d":730},{"pi":"1504","pc":"Бакалея","ss":1000,"td":"Спальный район","dc":9,"n":29.01,"vc":"около 500","sl":"Очень высокий","sv":"менее 50","p":100.0,"q":1.01,"b":0.0,"ms":0.0,"wi":25.8,"ei":5.58,"as":336.1,"mi":"E","mv":857856,"sc":1,"lpe":100.0,"lpr":72.45,"lq":1.0,"d":730},{"pi":"1504","pc":"Бакалея","ss":1000,"td":"Спальный район","dc":9,"n":29.01,"vc":"около 500","sl":"Очень высокий","sv":"менее 50","p":100.0,"q":1.01,"b":0.0,"ms":0.0,"wi":25.8,"ei":5.58,"as":336.1,"mi":"E","mv":857856,"sc":1,"lpe":100.0,"lpr":72.45,"lq":1.0,"d":730},{"pi":"1504","pc":"Бакалея","ss":1000,"td":"Спальный район","dc":9,"n":29.01,"vc":"около 500","sl":"Очень высокий","sv":"менее 50","p":100.0,"q":1.01,"b":0.0,"ms":0.0,"wi":25.8,"ei":5.58,"as":336.1,"mi":"E","mv":857856,"sc":1,"lpe":100.0,"lpr":72.45,"lq":1.0,"d":730},{"pi":"1504","pc":"Бакалея","ss":1000,"td":"Спальный район","dc":9,"n":29.01,"vc":"около 500","sl":"Очень высокий","sv":"менее 50","p":100.0,"q":1.01,"b":0.0,"ms":0.0,"wi":25.8,"ei":5.58,"as":336.1,"mi":"E","mv":857856,"sc":1,"lpe":100.0,"lpr":72.45,"lq":1.0,"d":730},{"pi":"1504","pc":"Бакалея","ss":1000,"td":"Спальный район","dc":9,"n":29.01,"vc":"около 500","sl":"Очень высокий","sv":"менее 50","p":100.0,"q":1.01,"b":0.0,"ms":0.0,"wi":25.8,"ei":5.58,"as":336.1,"mi":"E","mv":857856,"sc":1,"lpe":100.0,"lpr":72.45,"lq":1.0,"d":730},{"pi":"1504","pc":"Бакалея","ss":1000,"td":"Спальный район","dc":9,"n":29.01,"vc":"около 500","sl":"Очень высокий","sv":"менее 50","p":100.0,"q":1.01,"b":0.0,"ms":0.0,"wi":25.8,"ei":5.58,"as":336.1,"mi":"E","mv":857856,"sc":1,"lpe":100.0,"lpr":72.45,"lq":1.0,"d":730},{"pi":"1504","pc":"Бакалея","ss":1000,"td":"Спальный район","dc":9,"n":29.01,"vc":"около 500","sl":"Очень высокий","sv":"менее 50","p":100.0,"q":1.01,"b":0.0,"ms":0.0,"wi":25.8,"ei":5.58,"as":336.1,"mi":"E","mv":857856,"sc":1,"lpe":100.0,"lpr":72.45,"lq":1.0,"d":730},{"pi":"1504","pc":"Бакалея","ss":1000,"td":"Спальный район","dc":9,"n":29.01,"vc":"около 500","sl":"Очень высокий","sv":"менее 50","p":100.0,"q":1.01,"b":0.0,"ms":0.0,"wi":25.8,"ei":5.58,"as":336.1,"mi":"E","mv":857856,"sc":1,"lpe":100.0,"lpr":72.45,"lq":1.0,"d":730},{"pi":"1504","pc":"Бакалея","ss":1000,"td":"Спальный район","dc":9,"n":29.01,"vc":"около 500","sl":"Очень высокий","sv":"менее 50","p":100.0,"q":1.01,"b":0.0,"ms":0.0,"wi":25.8,"ei":5.58,"as":336.1,"mi":"E","mv":857856,"sc":1,"lpe":100.0,"lpr":72.45,"lq":1.0,"d":730},{"pi":"1504","pc":"Бакалея","ss":1000,"td":"Спальный район","dc":9,"n":29.01,"vc":"около 500","sl":"Очень высокий","sv":"менее 50","p":100.0,"q":1.01,"b":0.0,"ms":0.0,"wi":25.8,"ei":5.58,"as":336.1,"mi":"E","mv":857856,"sc":1,"lpe":100.0,"lpr":72.45,"lq":1.0,"d":730}]