[{"d":"07.04.2017","r":800.0,"q":1.0,"p":30000.0,"s":[{"cn":"Mavi Corp","ui":"6589971","t":800.0,"r":800.0,"q":1.0,"p":30000.0,"mot":"U","mo":800.0},{"cn":"","ui":"","t":0.0,"r":0.0,"q":0.0,"p":0.0,"mot":"L","mo":0.0}]},{"d":"08.04.2017","r":1196.0,"q":1.0,"p":30000.0,"s":[{"cn":"Mavi Corp","ui":"6589971","t":1398.0,"r":1196.0,"q":1.0,"p":30000.0,"mot":"U","mo":1196.0},{"cn":"","ui":"","t":0.0,"r":0.0,"q":0.0,"p":0.0,"mot":"L","mo":0.0}]},{"d":"09.04.2017","r":1794.0,"q":1.0,"p":30000.0,"s":[{"cn":"Mavi Corp","ui":"6589971","t":1996.0,"r":1794.0,"q":1.0,"p":30000.0,"mot":"U","mo":1794.0},{"cn":"","ui":"","t":0.0,"r":0.0,"q":0.0,"p":0.0,"mot":"L","mo":0.0}]},{"d":"11.04.2017","r":15720.0,"q":1.01,"p":99572.52,"s":[{"cn":"Redicson Трейд","ui":"6601775","t":9000.0,"r":9000.0,"q":1.01,"p":100000.0,"mot":"U","mo":9000.0},{"cn":"dog1251 Финанс","ui":"6592195","t":6720.0,"r":6720.0,"q":1.0,"p":99000.0,"mot":"U","mo":6720.0},{"cn":"","ui":"","t":0.0,"r":0.0,"q":0.0,"p":0.0,"mot":"L","mo":0.0}]},{"d":"12.04.2017","r":29412.0,"q":2.65,"p":97651.04,"s":[{"cn":"Redicson Трейд","ui":"6601775","t":11968.0,"r":11968.0,"q":1.01,"p":100000.0,"mot":"U","mo":11968.0},{"cn":"Артемьев Инвест","ui":"6590069","t":4200.0,"r":4200.0,"q":2.58,"p":100000.0,"mot":"U","mo":4200.0},{"cn":"ОАО \"СибИнвест\"","ui":"6611534","t":6205.0,"r":6205.0,"q":7.74,"p":90000.0,"mot":"U","mo":6205.0},{"cn":"dog1251 Финанс","ui":"6592195","t":7059.0,"r":7039.0,"q":1.0,"p":99000.2,"mot":"U","mo":7039.0},{"cn":"","ui":"","t":0.0,"r":0.0,"q":0.0,"p":0.0,"mot":"L","mo":0.0}]},{"d":"13.04.2017","r":67283.0,"q":3.78,"p":87735.93,"s":[{"cn":"Redicson Трейд","ui":"6601775","t":15168.0,"r":15168.0,"q":1.01,"p":100000.0,"mot":"U","mo":15168.0},{"cn":"Артемьев Инвест","ui":"6590069","t":8400.0,"r":8400.0,"q":2.58,"p":100000.0,"mot":"U","mo":8400.0},{"cn":"dog1251 Финанс","ui":"6592195","t":18927.0,"r":18907.0,"q":1.0,"p":99000.2,"mot":"U","mo":18907.0},{"cn":"ОАО \"СибИнвест\"","ui":"6611534","t":12404.0,"r":12404.0,"q":7.89,"p":50000.0,"mot":"U","mo":12404.0},{"cn":"Vivid_Magic","ui":"6611122","t":12404.0,"r":12404.0,"q":8.09,"p":85000.0,"mot":"U","mo":12404.0},{"cn":"","ui":"","t":0.0,"r":0.0,"q":0.0,"p":0.0,"mot":"L","mo":0.0}]},{"d":"14.04.2017","r":99636.0,"q":4.13,"p":111774.33,"s":[{"cn":"Redicson Трейд","ui":"6601775","t":18902.0,"r":18902.0,"q":1.3,"p":100000.0,"mot":"U","mo":18902.0},{"cn":"Артемьев Инвест","ui":"6590069","t":12595.0,"r":12595.0,"q":2.58,"p":100000.0,"mot":"U","mo":12595.0},{"cn":"dog1251 Финанс","ui":"6592195","t":30779.0,"r":30759.0,"q":1.0,"p":199000.2,"mot":"U","mo":30759.0},{"cn":"ОАО \"СибИнвест\"","ui":"6611534","t":18590.0,"r":18590.0,"q":8.51,"p":50000.0,"mot":"U","mo":18590.0},{"cn":"Vivid_Magic","ui":"6611122","t":18590.0,"r":18590.0,"q":8.84,"p":50000.0,"mot":"U","mo":18590.0},{"cn":"","ui":"","t":12404.0,"r":200.0,"q":7.74,"p":35000.0,"mot":"L","mo":200.0}]},{"d":"15.04.2017","r":137228.0,"q":4.37,"p":108575.78,"s":[{"cn":"Redicson Трейд","ui":"6601775","t":27276.0,"r":27276.0,"q":1.66,"p":100000.0,"mot":"U","mo":27276.0},{"cn":"Артемьев Инвест","ui":"6590069","t":16786.0,"r":16786.0,"q":2.58,"p":100000.0,"mot":"U","mo":16786.0},{"cn":"ОАО \"СибИнвест\"","ui":"6611534","t":24770.0,"r":24770.0,"q":9.11,"p":50000.0,"mot":"U","mo":24770.0},{"cn":"dog1251 Финанс","ui":"6592195","t":42612.0,"r":42592.0,"q":1.0,"p":199000.2,"mot":"U","mo":42592.0},{"cn":"Vivid_Magic","ui":"6611122","t":24770.0,"r":24770.0,"q":9.51,"p":30000.0,"mot":"U","mo":24770.0},{"cn":"","ui":"","t":20620.0,"r":1034.0,"q":7.57,"p":34835.59,"mot":"L","mo":1034.0}]},{"d":"16.04.2017","r":180137.0,"q":4.66,"p":100507.9,"s":[{"cn":"Redicson Трейд","ui":"6601775","t":35638.0,"r":35638.0,"q":1.86,"p":100000.0,"mot":"U","mo":35638.0},{"cn":"Артемьев Инвест","ui":"6590069","t":20973.0,"r":20973.0,"q":2.58,"p":100000.0,"mot":"U","mo":20973.0},{"cn":"ОАО \"СибИнвест\"","ui":"6611534","t":30938.0,"r":30938.0,"q":9.62,"p":50000.0,"mot":"U","mo":30938.0},{"cn":"dog1251 Финанс","ui":"6592195","t":54480.0,"r":54460.0,"q":1.0,"p":179000.2,"mot":"U","mo":54460.0},{"cn":"Vivid_Magic","ui":"6611122","t":30898.0,"r":30857.0,"q":10.07,"p":30000.0,"mot":"U","mo":30857.0},{"cn":"","ui":"","t":32870.0,"r":7271.0,"q":7.75,"p":30687.66,"mot":"L","mo":7271.0}]},{"d":"17.04.2017","r":235452.0,"q":5.06,"p":95172.11,"s":[{"cn":"Крутицкий Финанс","ui":"6618898","t":12380.0,"r":12340.0,"q":8.29,"p":23000.0,"mot":"U","mo":12340.0},{"cn":"Redicson Трейд","ui":"6601775","t":43987.0,"r":43987.0,"q":1.98,"p":100000.0,"mot":"U","mo":43987.0},{"cn":"Артемьев Инвест","ui":"6590069","t":25156.0,"r":25156.0,"q":2.58,"p":100000.0,"mot":"U","mo":25156.0},{"cn":"ООО \"Максимус\"","ui":"6620867","t":12410.0,"r":12410.0,"q":8.13,"p":26900.0,"mot":"U","mo":12410.0},{"cn":"dog1251 Финанс","ui":"6592195","t":66348.0,"r":66328.0,"q":1.0,"p":179000.2,"mot":"U","mo":66328.0},{"cn":"ОАО \"СибИнвест\"","ui":"6611534","t":37093.0,"r":37093.0,"q":10.04,"p":50000.0,"mot":"U","mo":37093.0},{"cn":"Vivid_Magic","ui":"6611122","t":37037.0,"r":37011.0,"q":10.53,"p":30000.0,"mot":"U","mo":37011.0},{"cn":"","ui":"","t":26754.0,"r":1127.0,"q":7.15,"p":34436.56,"mot":"L","mo":1127.0}]},{"d":"18.04.2017","r":284683.0,"q":5.32,"p":85940.23,"s":[{"cn":"Крутицкий Финанс","ui":"6618898","t":18575.0,"r":18565.0,"q":9.32,"p":23000.0,"mot":"U","mo":18565.0},{"cn":"Redicson Трейд","ui":"6601775","t":52324.0,"r":52324.0,"q":2.06,"p":100000.0,"mot":"U","mo":52324.0},{"cn":"Артемьев Инвест","ui":"6590069","t":29335.0,"r":29335.0,"q":2.58,"p":30000.0,"mot":"U","mo":29335.0},{"cn":"ООО \"Максимус\"","ui":"6620867","t":18615.0,"r":18615.0,"q":8.13,"p":23900.0,"mot":"U","mo":18615.0},{"cn":"dog1251 Финанс","ui":"6592195","t":78216.0,"r":78196.0,"q":1.0,"p":179000.2,"mot":"U","mo":78196.0},{"cn":"ОАО \"СибИнвест\"","ui":"6611534","t":43242.0,"r":43242.0,"q":10.4,"p":50000.0,"mot":"U","mo":43242.0},{"cn":"Vivid_Magic","ui":"6611122","t":43170.0,"r":43154.0,"q":10.92,"p":30000.0,"mot":"U","mo":43154.0},{"cn":"","ui":"","t":26752.0,"r":1252.0,"q":6.68,"p":22012.78,"mot":"L","mo":1252.0}]},{"d":"19.04.2017","r":191129.0,"q":2.13,"p":103369.77,"s":[{"cn":"Redicson Трейд","ui":"6601775","t":58798.0,"r":58798.0,"q":2.1,"p":100000.0,"mot":"U","mo":58798.0},{"cn":"Артемьев Инвест","ui":"6590069","t":33718.0,"r":33718.0,"q":2.82,"p":30000.0,"mot":"U","mo":33718.0},{"cn":"Sergey_Ger Финанс","ui":"4472850","t":12310.0,"r":12210.0,"q":7.81,"p":150000.0,"mot":"U","mo":12210.0},{"cn":"dog1251 Финанс","ui":"6592195","t":87584.0,"r":85064.0,"q":1.0,"p":129000.2,"mot":"U","mo":85064.0},{"cn":"","ui":"","t":25746.0,"r":1339.0,"q":6.4,"p":45442.87,"mot":"L","mo":1339.0}]},{"d":"21.04.2017","r":299660.0,"q":4.03,"p":85176.94,"s":[{"cn":"dog1251 Финанс","ui":"6113614","t":98403.0,"r":98403.0,"q":6.54,"p":36900.5,"mot":"U","mo":98403.0},{"cn":"Redicson Трейд","ui":"6601775","t":67109.0,"r":67109.0,"q":2.15,"p":100000.0,"mot":"U","mo":67109.0},{"cn":"Sergey_Ger Финанс","ui":"4472850","t":18215.0,"r":18015.0,"q":7.81,"p":60000.0,"mot":"U","mo":18015.0},{"cn":"dog1251 Финанс","ui":"6592195","t":105304.0,"r":102284.0,"q":1.0,"p":129000.2,"mot":"U","mo":102284.0},{"cn":"","ui":"","t":36208.0,"r":13849.0,"q":12.75,"p":65459.28,"mot":"L","mo":13849.0}]},{"d":"22.04.2017","r":401213.0,"q":5.1,"p":78394.99,"s":[{"cn":"STL Corp.","ui":"6623393","t":25004.0,"r":25004.0,"q":7.74,"p":50000.0,"mot":"U","mo":25004.0},{"cn":"dog1251 Финанс","ui":"6113614","t":118405.0,"r":118405.0,"q":7.05,"p":36900.5,"mot":"U","mo":118405.0},{"cn":"Redicson Трейд","ui":"6601775","t":75408.0,"r":75408.0,"q":2.19,"p":100000.0,"mot":"U","mo":75408.0},{"cn":"Sergey_Ger Финанс","ui":"4472850","t":24120.0,"r":23820.0,"q":7.81,"p":60000.0,"mot":"U","mo":23820.0},{"cn":"rusco1\u0026Corp","ui":"6622556","t":24363.0,"r":23962.0,"q":11.74,"p":45180.0,"mot":"U","mo":23962.0},{"cn":"dog1251 Финанс","ui":"6592195","t":114156.0,"r":111136.0,"q":1.0,"p":129000.2,"mot":"U","mo":111136.0},{"cn":"","ui":"","t":45656.0,"r":23478.0,"q":11.68,"p":61526.29,"mot":"L","mo":23478.0}]},{"d":"23.04.2017","r":474241.0,"q":5.43,"p":74973.09,"s":[{"cn":"STL Corp.","ui":"6623393","t":31179.0,"r":31179.0,"q":9.25,"p":50000.0,"mot":"U","mo":31179.0},{"cn":"dog1251 Финанс","ui":"6113614","t":137452.0,"r":137452.0,"q":7.44,"p":36900.5,"mot":"U","mo":137452.0},{"cn":"Redicson Трейд","ui":"6601775","t":83694.0,"r":83694.0,"q":2.22,"p":100000.0,"mot":"U","mo":83694.0},{"cn":"Sergey_Ger Финанс","ui":"4472850","t":30025.0,"r":29725.0,"q":8.96,"p":60000.0,"mot":"U","mo":29725.0},{"cn":"rusco1\u0026Corp","ui":"6622556","t":24197.0,"r":23796.0,"q":11.74,"p":45180.0,"mot":"U","mo":23796.0},{"cn":"dog1251 Финанс","ui":"6592195","t":122989.0,"r":119969.0,"q":1.0,"p":129000.2,"mot":"U","mo":119969.0},{"cn":"","ui":"","t":69884.0,"r":48426.0,"q":8.52,"p":45849.09,"mot":"L","mo":48426.0}]},{"d":"24.04.2017","r":656638.0,"q":6.58,"p":72023.59,"s":[{"cn":"STL Corp.","ui":"6623393","t":37384.0,"r":37384.0,"q":10.27,"p":50000.0,"mot":"U","mo":37384.0},{"cn":"dog1251 Финанс","ui":"6113614","t":178844.0,"r":178834.0,"q":7.13,"p":37300.5,"mot":"U","mo":178834.0},{"cn":"Redicson Трейд","ui":"6601775","t":91968.0,"r":91968.0,"q":2.24,"p":100000.0,"mot":"U","mo":91968.0},{"cn":"Sergey_Ger Финанс","ui":"4472850","t":35930.0,"r":35630.0,"q":9.74,"p":60000.0,"mot":"U","mo":35630.0},{"cn":"dog1251 Финанс","ui":"6592195","t":131867.0,"r":128857.0,"q":1.0,"p":129000.2,"mot":"U","mo":128857.0},{"cn":"DMS(technology)","ui":"6624774","t":127076.0,"r":127076.0,"q":9.88,"p":60000.0,"mot":"U","mo":127076.0},{"cn":"","ui":"","t":80676.0,"r":56889.0,"q":12.74,"p":55755.71,"mot":"L","mo":56889.0}]},{"d":"26.04.2017","r":656631.0,"q":6.38,"p":56952.2,"s":[{"cn":"dog1251 Финанс","ui":"6113614","t":248970.0,"r":248960.0,"q":6.92,"p":39300.5,"mot":"U","mo":248960.0},{"cn":"Sergey_Ger Финанс","ui":"4472850","t":47740.0,"r":47440.0,"q":10.72,"p":60000.0,"mot":"U","mo":47440.0},{"cn":"rusco1\u0026Corp","ui":"6622556","t":42179.0,"r":42073.0,"q":13.2,"p":45180.0,"mot":"U","mo":42073.0},{"cn":"dog1251 Финанс","ui":"6592195","t":135627.0,"r":125627.0,"q":1.0,"p":70000.2,"mot":"U","mo":125627.0},{"cn":"STL Corp.","ui":"5455312","t":41589.0,"r":41589.0,"q":11.03,"p":55000.0,"mot":"U","mo":41589.0},{"cn":"Redicson Трейд","ui":"6632990","t":103405.0,"r":103405.0,"q":2.44,"p":100000.0,"mot":"U","mo":103405.0},{"cn":"","ui":"","t":69602.0,"r":47537.0,"q":11.89,"p":30360.76,"mot":"L","mo":47537.0}]},{"d":"27.04.2017","r":745976.0,"q":6.58,"p":55948.58,"s":[{"cn":"dog1251 Финанс","ui":"6113614","t":326033.0,"r":326023.0,"q":7.67,"p":38300.5,"mot":"U","mo":326023.0},{"cn":"Sergey_Ger Финанс","ui":"4472850","t":53545.0,"r":53145.0,"q":11.09,"p":60000.0,"mot":"U","mo":53145.0},{"cn":"rusco1\u0026Corp","ui":"6622556","t":48210.0,"r":48104.0,"q":13.45,"p":45180.0,"mot":"U","mo":48104.0},{"cn":"dog1251 Финанс","ui":"6592195","t":137515.0,"r":127515.0,"q":1.0,"p":70000.2,"mot":"U","mo":127515.0},{"cn":"STL Corp.","ui":"5455312","t":46794.0,"r":46794.0,"q":11.53,"p":55000.0,"mot":"U","mo":46794.0},{"cn":"Redicson Трейд","ui":"6632990","t":115287.0,"r":115287.0,"q":2.6,"p":100000.0,"mot":"U","mo":115287.0},{"cn":"","ui":"","t":47991.0,"r":29108.0,"q":7.07,"p":29509.83,"mot":"L","mo":29108.0}]},{"d":"28.04.2017","r":823352.0,"q":6.88,"p":181936.37,"s":[{"cn":"dog1251 Финанс","ui":"6113614","t":401586.0,"r":401576.0,"q":7.87,"p":38300.5,"mot":"U","mo":401576.0},{"cn":"Sergey_Ger Финанс","ui":"4472850","t":59350.0,"r":58950.0,"q":11.4,"p":60000.0,"mot":"U","mo":58950.0},{"cn":"rusco1\u0026Corp","ui":"6622556","t":54203.0,"r":54002.0,"q":13.64,"p":45180.0,"mot":"U","mo":54002.0},{"cn":"dog1251 Финанс","ui":"6592195","t":139403.0,"r":129403.0,"q":1.0,"p":68000.2,"mot":"U","mo":129403.0},{"cn":"STL Corp.","ui":"5455312","t":51493.0,"r":51493.0,"q":11.91,"p":55000.0,"mot":"U","mo":51493.0},{"cn":"Redicson Трейд","ui":"6632990","t":126928.0,"r":126928.0,"q":2.73,"p":920000.0,"mot":"U","mo":126928.0},{"cn":"","ui":"","t":14509.0,"r":1000.0,"q":7.74,"p":35000.0,"mot":"L","mo":1000.0}]},{"d":"29.04.2017","r":389352.0,"q":5.03,"p":71222.5,"s":[{"cn":"Sergey_Ger Финанс","ui":"4472850","t":65155.0,"r":64755.0,"q":11.68,"p":60000.0,"mot":"U","mo":64755.0},{"cn":"dog1251 Финанс","ui":"6592195","t":141291.0,"r":131291.0,"q":1.0,"p":68000.2,"mot":"U","mo":131291.0},{"cn":"STL Corp.","ui":"5455312","t":56155.0,"r":56155.0,"q":12.28,"p":54000.0,"mot":"U","mo":56155.0},{"cn":"Redicson Трейд","ui":"6632990","t":136151.0,"r":136151.0,"q":2.75,"p":87000.0,"mot":"U","mo":136151.0},{"cn":"","ui":"","t":8499.0,"r":1000.0,"q":7.74,"p":40000.0,"mot":"L","mo":1000.0}]},{"d":"01.05.2017","r":453190.0,"q":5.41,"p":67093.12,"s":[{"cn":"Sergey_Ger Финанс","ui":"4472850","t":76765.0,"r":76365.0,"q":12.13,"p":60000.0,"mot":"U","mo":76365.0},{"cn":"dog1251 Финанс","ui":"6592195","t":146737.0,"r":136737.0,"q":1.0,"p":68000.2,"mot":"U","mo":136737.0},{"cn":"STL Corp.","ui":"5455312","t":62367.0,"r":62332.0,"q":12.7,"p":54000.0,"mot":"U","mo":62332.0},{"cn":"Redicson Трейд","ui":"6632990","t":150981.0,"r":150981.0,"q":2.71,"p":81000.0,"mot":"U","mo":150981.0},{"cn":"","ui":"","t":36242.0,"r":26775.0,"q":6.95,"p":34752.59,"mot":"L","mo":26775.0}]},{"d":"02.05.2017","r":470089.0,"q":5.67,"p":65204.34,"s":[{"cn":"Sergey_Ger Финанс","ui":"4472850","t":82570.0,"r":82170.0,"q":12.31,"p":60000.0,"mot":"U","mo":82170.0},{"cn":"dog1251 Финанс","ui":"6592195","t":146488.0,"r":133488.0,"q":1.0,"p":62000.2,"mot":"U","mo":133488.0},{"cn":"STL Corp.","ui":"5455312","t":65413.0,"r":65388.0,"q":12.86,"p":54000.0,"mot":"U","mo":65388.0},{"cn":"Redicson Трейд","ui":"6632990","t":159166.0,"r":159166.0,"q":2.7,"p":80000.0,"mot":"U","mo":159166.0},{"cn":"","ui":"","t":84298.0,"r":29877.0,"q":8.39,"p":39533.0,"mot":"L","mo":29877.0}]},{"d":"03.05.2017","r":538891.0,"q":5.92,"p":59693.76,"s":[{"cn":"dog1251 Финанс","ui":"6113614","t":72511.0,"r":46510.0,"q":6.96,"p":38900.5,"mot":"U","mo":46510.0},{"cn":"Sergey_Ger Финанс","ui":"4472850","t":88375.0,"r":87975.0,"q":12.46,"p":60000.0,"mot":"U","mo":87975.0},{"cn":"dog1251 Финанс","ui":"6592195","t":146239.0,"r":133239.0,"q":1.0,"p":55000.2,"mot":"U","mo":133239.0},{"cn":"STL Corp.","ui":"5455312","t":65427.0,"r":65402.0,"q":12.87,"p":54000.0,"mot":"U","mo":65402.0},{"cn":"Redicson Трейд","ui":"6632990","t":199673.0,"r":199673.0,"q":3.69,"p":70000.0,"mot":"U","mo":199673.0},{"cn":"","ui":"","t":15094.0,"r":6092.0,"q":9.5,"p":40000.0,"mot":"L","mo":6092.0}]},{"d":"04.05.2017","r":594516.0,"q":6.09,"p":59797.32,"s":[{"cn":"dog1251 Финанс","ui":"6113614","t":87036.0,"r":61034.0,"q":7.22,"p":38900.5,"mot":"U","mo":61034.0},{"cn":"Sergey_Ger Финанс","ui":"4472850","t":94180.0,"r":93780.0,"q":12.6,"p":60000.0,"mot":"U","mo":93780.0},{"cn":"dog1251 Финанс","ui":"6592195","t":145972.0,"r":132972.0,"q":1.01,"p":55000.2,"mot":"U","mo":132972.0},{"cn":"STL Corp.","ui":"5455312","t":65409.0,"r":65384.0,"q":12.87,"p":54000.0,"mot":"U","mo":65384.0},{"cn":"Redicson Трейд","ui":"6632990","t":235883.0,"r":235883.0,"q":4.2,"p":70000.0,"mot":"U","mo":235883.0},{"cn":"","ui":"","t":20959.0,"r":5463.0,"q":6.02,"p":35397.4,"mot":"L","mo":5463.0}]},{"d":"06.05.2017","r":543997.0,"q":6.93,"p":58988.67,"s":[{"cn":"Sergey_Ger Финанс","ui":"4472850","t":105790.0,"r":105390.0,"q":12.84,"p":60000.0,"mot":"U","mo":105390.0},{"cn":"dog1251 Финанс","ui":"6592195","t":118474.0,"r":78474.0,"q":1.01,"p":47000.2,"mot":"U","mo":78474.0},{"cn":"STL Corp.","ui":"5455312","t":65564.0,"r":65539.0,"q":12.88,"p":54000.0,"mot":"U","mo":65539.0},{"cn":"Redicson Трейд","ui":"6632990","t":293544.0,"r":293544.0,"q":5.04,"p":63000.0,"mot":"U","mo":293544.0},{"cn":"","ui":"","t":11504.0,"r":1050.0,"q":13.52,"p":43419.05,"mot":"L","mo":1050.0}]},{"d":"08.05.2017","r":418505.0,"q":5.06,"p":57490.03,"s":[{"cn":"dog1251 Финанс","ui":"6113614","t":71833.0,"r":50833.0,"q":4.63,"p":40100.5,"mot":"U","mo":50833.0},{"cn":"dog1251 Финанс","ui":"6592195","t":63242.0,"r":23242.0,"q":1.01,"p":47000.2,"mot":"U","mo":23242.0},{"cn":"Redicson Трейд","ui":"6632990","t":334665.0,"r":334665.0,"q":5.15,"p":61000.0,"mot":"U","mo":334665.0},{"cn":"","ui":"","t":34778.0,"r":9765.0,"q":13.99,"p":52687.52,"mot":"L","mo":9765.0}]},{"d":"09.05.2017","r":474100.0,"q":5.4,"p":56265.15,"s":[{"cn":"dog1251 Финанс","ui":"6113614","t":120270.0,"r":99270.0,"q":4.6,"p":40100.5,"mot":"U","mo":99270.0},{"cn":"Redicson Трейд","ui":"6632990","t":354880.0,"r":354880.0,"q":5.18,"p":61000.0,"mot":"U","mo":354880.0},{"cn":"","ui":"","t":47321.0,"r":19950.0,"q":13.23,"p":52473.74,"mot":"L","mo":19950.0}]},{"d":"10.05.2017","r":563502.0,"q":5.52,"p":54764.47,"s":[{"cn":"dog1251 Финанс","ui":"6113614","t":169008.0,"r":151008.0,"q":4.72,"p":40500.5,"mot":"U","mo":151008.0},{"cn":"Redicson Трейд","ui":"6632990","t":376375.0,"r":376375.0,"q":5.25,"p":61000.0,"mot":"U","mo":376375.0},{"cn":"","ui":"","t":82712.0,"r":36119.0,"q":11.76,"p":49423.17,"mot":"L","mo":36119.0}]},{"d":"11.05.2017","r":620911.0,"q":5.72,"p":54272.79,"s":[{"cn":"dog1251 Финанс","ui":"6113614","t":190069.0,"r":172069.0,"q":5.0,"p":40500.5,"mot":"U","mo":172069.0},{"cn":"Redicson Трейд","ui":"6632990","t":398165.0,"r":398165.0,"q":5.32,"p":61000.0,"mot":"U","mo":398165.0},{"cn":"","ui":"","t":96937.0,"r":50677.0,"q":11.32,"p":48180.22,"mot":"L","mo":50677.0}]},{"d":"12.05.2017","r":754666.0,"q":6.61,"p":50386.82,"s":[{"cn":"dog1251 Финанс","ui":"6113614","t":225789.0,"r":207789.0,"q":5.09,"p":40500.5,"mot":"U","mo":207789.0},{"cn":"Redicson Трейд","ui":"6632990","t":419666.0,"r":419666.0,"q":5.39,"p":57000.0,"mot":"U","mo":419666.0},{"cn":"ООО \"Domino\"","ui":"6629951","t":83696.0,"r":83696.0,"q":12.33,"p":40000.0,"mot":"U","mo":83696.0},{"cn":"","ui":"","t":105642.0,"r":43515.0,"q":14.56,"p":53794.38,"mot":"L","mo":43515.0}]},{"d":"13.05.2017","r":844517.0,"q":6.84,"p":49034.62,"s":[{"cn":"dog1251 Финанс","ui":"6113614","t":255775.0,"r":237769.0,"q":5.01,"p":39500.5,"mot":"U","mo":237769.0},{"cn":"Redicson Трейд","ui":"6632990","t":441166.0,"r":441166.0,"q":5.45,"p":56000.0,"mot":"U","mo":441166.0},{"cn":"ООО \"Domino\"","ui":"6629951","t":95976.0,"r":95976.0,"q":12.41,"p":40000.0,"mot":"U","mo":95976.0},{"cn":"","ui":"","t":124402.0,"r":69606.0,"q":14.27,"p":49912.99,"mot":"L","mo":69606.0}]},{"d":"14.05.2017","r":931051.0,"q":7.01,"p":48611.31,"s":[{"cn":"dog1251 Финанс","ui":"6113614","t":298506.0,"r":280348.0,"q":5.49,"p":39100.5,"mot":"U","mo":280348.0},{"cn":"Redicson Трейд","ui":"6632990","t":462666.0,"r":462666.0,"q":5.51,"p":56000.0,"mot":"U","mo":462666.0},{"cn":"ООО \"Domino\"","ui":"6629951","t":108237.0,"r":108237.0,"q":12.49,"p":40000.0,"mot":"U","mo":108237.0},{"cn":"","ui":"","t":135440.0,"r":79800.0,"q":13.58,"p":50865.78,"mot":"L","mo":79800.0}]},{"d":"15.05.2017","r":1221027.0,"q":8.09,"p":46237.79,"s":[{"cn":"DMS(technology)","ui":"6624682","t":193231.0,"r":193231.0,"q":14.33,"p":40000.0,"mot":"U","mo":193231.0},{"cn":"dog1251 Финанс","ui":"6113614","t":342126.0,"r":323974.0,"q":5.86,"p":38000.5,"mot":"U","mo":323974.0},{"cn":"Redicson Трейд","ui":"6632990","t":484166.0,"r":484166.0,"q":5.57,"p":56000.0,"mot":"U","mo":484166.0},{"cn":"DMS(technology)","ui":"6624774","t":127076.0,"r":127076.0,"q":9.88,"p":35000.0,"mot":"U","mo":127076.0},{"cn":"","ui":"","t":146022.0,"r":92580.0,"q":13.54,"p":52454.34,"mot":"L","mo":92580.0}]},{"d":"16.05.2017","r":831173.0,"q":9.52,"p":39322.03,"s":[{"cn":"DMS(technology)","ui":"6624682","t":189783.0,"r":168783.0,"q":14.32,"p":40000.0,"mot":"U","mo":168783.0},{"cn":"dog1251 Финанс","ui":"6113614","t":408646.0,"r":408629.0,"q":6.13,"p":38000.5,"mot":"U","mo":408629.0},{"cn":"Sergey_Ger Финанс","ui":"4472850","t":52645.0,"r":52245.0,"q":14.74,"p":60000.0,"mot":"U","mo":52245.0},{"cn":"DMS(technology)","ui":"6624774","t":127076.0,"r":127076.0,"q":9.88,"p":30000.0,"mot":"U","mo":127076.0},{"cn":"","ui":"","t":131398.0,"r":74440.0,"q":12.92,"p":46440.11,"mot":"L","mo":74440.0}]},{"d":"17.05.2017","r":921456.0,"q":9.45,"p":40182.18,"s":[{"cn":"DMS(technology)","ui":"6624682","t":186771.0,"r":165771.0,"q":14.31,"p":40000.0,"mot":"U","mo":165771.0},{"cn":"dog1251 Финанс","ui":"6113614","t":599721.0,"r":599689.0,"q":7.01,"p":37200.5,"mot":"U","mo":599689.0},{"cn":"Sergey_Ger Финанс","ui":"4472850","t":58450.0,"r":58050.0,"q":14.74,"p":60000.0,"mot":"U","mo":58050.0},{"cn":"","ui":"","t":160978.0,"r":97946.0,"q":13.07,"p":47000.82,"mot":"L","mo":97946.0}]},{"d":"18.05.2017","r":987515.0,"q":9.31,"p":40179.29,"s":[{"cn":"DMS(technology)","ui":"6624682","t":179228.0,"r":154228.0,"q":14.31,"p":40000.0,"mot":"U","mo":154228.0},{"cn":"dog1251 Финанс","ui":"6113614","t":665294.0,"r":665262.0,"q":7.06,"p":37200.5,"mot":"U","mo":665262.0},{"cn":"Sergey_Ger Финанс","ui":"4472850","t":64255.0,"r":63855.0,"q":14.76,"p":60000.0,"mot":"U","mo":63855.0},{"cn":"","ui":"","t":178987.0,"r":104170.0,"q":12.91,"p":47318.38,"mot":"L","mo":104170.0}]},{"d":"19.05.2017","r":1091591.0,"q":9.33,"p":39466.88,"s":[{"cn":"DMS(technology)","ui":"6624682","t":188661.0,"r":180661.0,"q":14.31,"p":40000.0,"mot":"U","mo":180661.0},{"cn":"dog1251 Финанс","ui":"6113614","t":728005.0,"r":728003.0,"q":7.09,"p":36200.5,"mot":"U","mo":728003.0},{"cn":"Sergey_Ger Финанс","ui":"4472850","t":70060.0,"r":69660.0,"q":14.78,"p":60000.0,"mot":"U","mo":69660.0},{"cn":"","ui":"","t":204401.0,"r":113267.0,"q":12.42,"p":46982.6,"mot":"L","mo":113267.0}]},{"d":"20.05.2017","r":1166618.0,"q":9.22,"p":39395.72,"s":[{"cn":"DMS(technology)","ui":"6624682","t":198042.0,"r":190042.0,"q":14.3,"p":40000.0,"mot":"U","mo":190042.0},{"cn":"dog1251 Финанс","ui":"6113614","t":772772.0,"r":772768.0,"q":6.96,"p":36200.5,"mot":"U","mo":772768.0},{"cn":"Sergey_Ger Финанс","ui":"4472850","t":75865.0,"r":75465.0,"q":14.79,"p":60000.0,"mot":"U","mo":75465.0},{"cn":"","ui":"","t":227938.0,"r":128343.0,"q":12.06,"p":45624.53,"mot":"L","mo":128343.0}]},{"d":"21.05.2017","r":1259614.0,"q":9.2,"p":39111.79,"s":[{"cn":"DMS(technology)","ui":"6624682","t":211402.0,"r":207402.0,"q":14.3,"p":40000.0,"mot":"U","mo":207402.0},{"cn":"dog1251 Финанс","ui":"6113614","t":815166.0,"r":815162.0,"q":6.86,"p":35800.5,"mot":"U","mo":815162.0},{"cn":"Sergey_Ger Финанс","ui":"4472850","t":81470.0,"r":80870.0,"q":14.8,"p":60000.0,"mot":"U","mo":80870.0},{"cn":"","ui":"","t":244610.0,"r":156180.0,"q":11.72,"p":44399.24,"mot":"L","mo":156180.0}]},{"d":"22.05.2017","r":1371712.0,"q":9.28,"p":38522.46,"s":[{"cn":"DMS(technology)","ui":"6624682","t":224718.0,"r":220718.0,"q":14.29,"p":38000.0,"mot":"U","mo":220718.0},{"cn":"dog1251 Финанс","ui":"6113614","t":852982.0,"r":852978.0,"q":6.79,"p":35800.5,"mot":"U","mo":852978.0},{"cn":"Sergey_Ger Финанс","ui":"4472850","t":87075.0,"r":86475.0,"q":14.82,"p":60000.0,"mot":"U","mo":86475.0},{"cn":"","ui":"","t":351808.0,"r":211541.0,"q":11.84,"p":41263.41,"mot":"L","mo":211541.0}]},{"d":"23.05.2017","r":1664263.0,"q":9.67,"p":37065.8,"s":[{"cn":"DMS(technology)","ui":"6624682","t":223717.0,"r":222717.0,"q":14.29,"p":38000.0,"mot":"U","mo":222717.0},{"cn":"xxxVORTEXxxx industry","ui":"6648431","t":87833.0,"r":87833.0,"q":13.83,"p":29000.0,"mot":"U","mo":87833.0},{"cn":"dog1251 Финанс","ui":"6113614","t":881385.0,"r":881381.0,"q":6.86,"p":35100.5,"mot":"U","mo":881381.0},{"cn":"Sergey_Ger Финанс","ui":"4472850","t":92680.0,"r":92080.0,"q":14.83,"p":60000.0,"mot":"U","mo":92080.0},{"cn":"ООО \"Domino\"","ui":"6633258","t":121473.0,"r":121473.0,"q":12.7,"p":35000.0,"mot":"U","mo":121473.0},{"cn":"","ui":"","t":375399.0,"r":258779.0,"q":10.59,"p":38502.2,"mot":"L","mo":258779.0}]},{"d":"24.05.2017","r":1690020.0,"q":9.62,"p":36289.65,"s":[{"cn":"DMS(technology)","ui":"6624682","t":222717.0,"r":221717.0,"q":14.29,"p":38000.0,"mot":"U","mo":221717.0},{"cn":"xxxVORTEXxxx industry","ui":"6648431","t":107759.0,"r":107759.0,"q":14.07,"p":29000.0,"mot":"U","mo":107759.0},{"cn":"dog1251 Финанс","ui":"6113614","t":909846.0,"r":909842.0,"q":6.93,"p":34900.5,"mot":"U","mo":909842.0},{"cn":"Sergey_Ger Финанс","ui":"4472850","t":98285.0,"r":97685.0,"q":14.84,"p":60000.0,"mot":"U","mo":97685.0},{"cn":"","ui":"","t":457920.0,"r":353017.0,"q":10.84,"p":34459.9,"mot":"L","mo":353017.0}]},{"d":"25.05.2017","r":1719239.0,"q":9.47,"p":36025.42,"s":[{"cn":"DMS(technology)","ui":"6624682","t":222727.0,"r":222727.0,"q":14.29,"p":38000.0,"mot":"U","mo":222727.0},{"cn":"xxxVORTEXxxx industry","ui":"6648431","t":107685.0,"r":107685.0,"q":14.3,"p":24000.0,"mot":"U","mo":107685.0},{"cn":"dog1251 Финанс","ui":"6113614","t":982192.0,"r":982188.0,"q":7.3,"p":34510.5,"mot":"U","mo":982188.0},{"cn":"Sergey_Ger Финанс","ui":"4472850","t":103690.0,"r":102890.0,"q":14.85,"p":60000.0,"mot":"U","mo":102890.0},{"cn":"","ui":"","t":416652.0,"r":303749.0,"q":9.41,"p":35618.39,"mot":"L","mo":303749.0}]},{"d":"26.05.2017","r":1761205.0,"q":9.32,"p":34940.75,"s":[{"cn":"DMS(technology)","ui":"6624682","t":222737.0,"r":222737.0,"q":14.29,"p":38000.0,"mot":"U","mo":222737.0},{"cn":"xxxVORTEXxxx industry","ui":"6648431","t":123611.0,"r":118611.0,"q":14.41,"p":24000.0,"mot":"U","mo":118611.0},{"cn":"dog1251 Финанс","ui":"6113614","t":1001750.0,"r":1001746.0,"q":7.29,"p":33110.5,"mot":"U","mo":1001746.0},{"cn":"Sergey_Ger Финанс","ui":"4472850","t":109095.0,"r":108295.0,"q":14.86,"p":60000.0,"mot":"U","mo":108295.0},{"cn":"","ui":"","t":414274.0,"r":309816.0,"q":8.43,"p":34088.46,"mot":"L","mo":309816.0}]},{"d":"27.05.2017","r":1822862.0,"q":9.21,"p":35086.49,"s":[{"cn":"DMS(technology)","ui":"6624682","t":222747.0,"r":222747.0,"q":14.29,"p":38000.0,"mot":"U","mo":222747.0},{"cn":"dog1251 Финанс","ui":"6113614","t":1018483.0,"r":1018479.0,"q":7.25,"p":32810.5,"mot":"U","mo":1018479.0},{"cn":"Sergey_Ger Финанс","ui":"4472850","t":114500.0,"r":113700.0,"q":14.86,"p":60000.0,"mot":"U","mo":113700.0},{"cn":"1","ui":"6507370","t":95789.0,"r":95789.0,"q":13.3,"p":30000.0,"mot":"U","mo":95789.0},{"cn":"","ui":"","t":484983.0,"r":372147.0,"q":8.74,"p":33269.02,"mot":"L","mo":372147.0}]},{"d":"28.05.2017","r":1825921.0,"q":9.06,"p":34983.5,"s":[{"cn":"DMS(technology)","ui":"6624682","t":222757.0,"r":222757.0,"q":14.29,"p":38000.0,"mot":"U","mo":222757.0},{"cn":"dog1251 Финанс","ui":"6113614","t":1029889.0,"r":1029885.0,"q":7.19,"p":32810.5,"mot":"U","mo":1029885.0},{"cn":"Sergey_Ger Финанс","ui":"4472850","t":119905.0,"r":119105.0,"q":14.87,"p":60000.0,"mot":"U","mo":119105.0},{"cn":"","ui":"","t":583676.0,"r":454174.0,"q":9.2,"p":31871.03,"mot":"L","mo":454174.0}]},{"d":"29.05.2017","r":1828751.0,"q":8.82,"p":35354.49,"s":[{"cn":"DMS(technology)","ui":"6624682","t":222767.0,"r":222767.0,"q":14.29,"p":38000.0,"mot":"U","mo":222767.0},{"cn":"dog1251 Финанс","ui":"6113614","t":1041295.0,"r":1041291.0,"q":7.12,"p":32810.5,"mot":"U","mo":1041291.0},{"cn":"Sergey_Ger Финанс","ui":"4472850","t":118905.0,"r":117905.0,"q":14.87,"p":60000.0,"mot":"U","mo":117905.0},{"cn":"","ui":"","t":568493.0,"r":446788.0,"q":8.47,"p":33460.68,"mot":"L","mo":446788.0}]},{"d":"30.05.2017","r":1951466.0,"q":8.98,"p":34754.74,"s":[{"cn":"DMS(technology)","ui":"6624682","t":222777.0,"r":222777.0,"q":14.29,"p":38000.0,"mot":"U","mo":222777.0},{"cn":"dog1251 Финанс","ui":"6113614","t":1052778.0,"r":1052774.0,"q":7.05,"p":32810.5,"mot":"U","mo":1052774.0},{"cn":"Sergey_Ger Финанс","ui":"4472850","t":117905.0,"r":116905.0,"q":14.87,"p":60000.0,"mot":"U","mo":116905.0},{"cn":"","ui":"","t":696829.0,"r":559010.0,"q":9.26,"p":31843.48,"mot":"L","mo":559010.0}]},{"d":"31.05.2017","r":2148427.0,"q":8.91,"p":33536.37,"s":[{"cn":"DMS(technology)","ui":"6624682","t":222787.0,"r":222787.0,"q":14.29,"p":28000.0,"mot":"U","mo":222787.0},{"cn":"Potato inc.","ui":"6598626","t":113180.0,"r":110780.0,"q":7.13,"p":41000.0,"mot":"U","mo":110780.0},{"cn":"dog1251 Финанс","ui":"6113614","t":1064261.0,"r":1064257.0,"q":6.99,"p":32810.5,"mot":"U","mo":1064257.0},{"cn":"Sergey_Ger Финанс","ui":"4472850","t":116905.0,"r":115905.0,"q":14.87,"p":60000.0,"mot":"U","mo":115905.0},{"cn":"","ui":"","t":784130.0,"r":634698.0,"q":9.46,"p":30561.5,"mot":"L","mo":634698.0}]},{"d":"01.06.2017","r":2138363.0,"q":8.6,"p":33817.39,"s":[{"cn":"DMS(technology)","ui":"6624682","t":222797.0,"r":222797.0,"q":14.29,"p":28000.0,"mot":"U","mo":222797.0},{"cn":"Potato inc.","ui":"6598626","t":128409.0,"r":126009.0,"q":7.26,"p":41000.0,"mot":"U","mo":126009.0},{"cn":"dog1251 Финанс","ui":"6113614","t":1073337.0,"r":1073333.0,"q":6.94,"p":32550.5,"mot":"U","mo":1073333.0},{"cn":"Sergey_Ger Финанс","ui":"4472850","t":115905.0,"r":114905.0,"q":14.87,"p":60000.0,"mot":"U","mo":114905.0},{"cn":"","ui":"","t":755424.0,"r":601319.0,"q":8.53,"p":31725.83,"mot":"L","mo":601319.0}]},{"d":"02.06.2017","r":2248071.0,"q":8.68,"p":33528.5,"s":[{"cn":"DMS(technology)","ui":"6624682","t":222807.0,"r":222807.0,"q":14.29,"p":28000.0,"mot":"U","mo":222807.0},{"cn":"Potato inc.","ui":"6598626","t":143563.0,"r":141163.0,"q":7.36,"p":41000.0,"mot":"U","mo":141163.0},{"cn":"dog1251 Финанс","ui":"6113614","t":1085413.0,"r":1085409.0,"q":6.87,"p":32390.5,"mot":"U","mo":1085409.0},{"cn":"Sergey_Ger Финанс","ui":"4472850","t":114805.0,"r":113705.0,"q":14.87,"p":60000.0,"mot":"U","mo":113705.0},{"cn":"","ui":"","t":851694.0,"r":684987.0,"q":8.95,"p":31196.11,"mot":"L","mo":684987.0}]},{"d":"03.06.2017","r":2305095.0,"q":8.59,"p":33400.04,"s":[{"cn":"DMS(technology)","ui":"6624682","t":222817.0,"r":222817.0,"q":14.29,"p":28000.0,"mot":"U","mo":222817.0},{"cn":"Potato inc.","ui":"6598626","t":158568.0,"r":156167.0,"q":7.44,"p":41000.0,"mot":"U","mo":156167.0},{"cn":"dog1251 Финанс","ui":"6113614","t":1097489.0,"r":1097485.0,"q":6.81,"p":32390.5,"mot":"U","mo":1097485.0},{"cn":"","ui":"","t":1005246.0,"r":828626.0,"q":9.62,"p":34756.87,"mot":"L","mo":828626.0}]},{"d":"04.06.2017","r":2397276.0,"q":8.56,"p":33264.36,"s":[{"cn":"DMS(technology)","ui":"6624682","t":222827.0,"r":222827.0,"q":14.29,"p":28000.0,"mot":"U","mo":222827.0},{"cn":"Potato inc.","ui":"6598626","t":173547.0,"r":171146.0,"q":7.51,"p":41000.0,"mot":"U","mo":171146.0},{"cn":"dog1251 Финанс","ui":"6113614","t":1110256.0,"r":1110252.0,"q":6.74,"p":32390.5,"mot":"U","mo":1110252.0},{"cn":"Marat Finans","ui":"6612561","t":123005.0,"r":122960.0,"q":3.58,"p":30000.0,"mot":"U","mo":122960.0},{"cn":"","ui":"","t":932209.0,"r":770091.0,"q":10.56,"p":34849.51,"mot":"L","mo":770091.0}]},{"d":"05.06.2017","r":2422260.0,"q":8.4,"p":33452.43,"s":[{"cn":"DMS(technology)","ui":"6624682","t":222837.0,"r":222837.0,"q":14.29,"p":28000.0,"mot":"U","mo":222837.0},{"cn":"Potato inc.","ui":"6598626","t":188453.0,"r":186053.0,"q":7.57,"p":41000.0,"mot":"U","mo":186053.0},{"cn":"dog1251 Финанс","ui":"6113614","t":1121758.0,"r":1121754.0,"q":6.68,"p":32390.5,"mot":"U","mo":1121754.0},{"cn":"Marat Finans","ui":"6612561","t":131676.0,"r":131631.0,"q":3.59,"p":30000.0,"mot":"U","mo":131631.0},{"cn":"","ui":"","t":950240.0,"r":759985.0,"q":10.24,"p":35368.81,"mot":"L","mo":759985.0}]},{"d":"06.06.2017","r":2416968.0,"q":8.15,"p":33814.43,"s":[{"cn":"DMS(technology)","ui":"6624682","t":222847.0,"r":222847.0,"q":14.29,"p":28000.0,"mot":"U","mo":222847.0},{"cn":"Potato inc.","ui":"6598626","t":203285.0,"r":200885.0,"q":7.62,"p":41000.0,"mot":"U","mo":200885.0},{"cn":"dog1251 Финанс","ui":"6113614","t":1133244.0,"r":1133240.0,"q":6.62,"p":32290.5,"mot":"U","mo":1133240.0},{"cn":"Marat Finans","ui":"6612561","t":140347.0,"r":140302.0,"q":3.59,"p":30000.0,"mot":"U","mo":140302.0},{"cn":"BEREZOVES Трейд","ui":"5706009","t":124586.0,"r":124586.0,"q":7.9,"p":40000.0,"mot":"U","mo":124586.0},{"cn":"","ui":"","t":764886.0,"r":595108.0,"q":10.07,"p":36072.47,"mot":"L","mo":595108.0}]},{"d":"07.06.2017","r":2368568.0,"q":8.03,"p":33866.89,"s":[{"cn":"DMS(technology)","ui":"6624682","t":222857.0,"r":222857.0,"q":14.29,"p":28000.0,"mot":"U","mo":222857.0},{"cn":"Potato inc.","ui":"6598626","t":218036.0,"r":215636.0,"q":7.66,"p":41000.0,"mot":"U","mo":215636.0},{"cn":"dog1251 Финанс","ui":"6113614","t":1144730.0,"r":1144726.0,"q":6.57,"p":32290.5,"mot":"U","mo":1144726.0},{"cn":"Marat Finans","ui":"6612561","t":149018.0,"r":148973.0,"q":3.6,"p":30000.0,"mot":"U","mo":148973.0},{"cn":"BEREZOVES Трейд","ui":"5706009","t":129586.0,"r":129586.0,"q":7.93,"p":40000.0,"mot":"U","mo":129586.0},{"cn":"","ui":"","t":716892.0,"r":506790.0,"q":10.07,"p":36540.88,"mot":"L","mo":506790.0}]},{"d":"08.06.2017","r":2346677.0,"q":7.78,"p":34198.65,"s":[{"cn":"DMS(technology)","ui":"6624682","t":222867.0,"r":222867.0,"q":14.29,"p":28000.0,"mot":"U","mo":222867.0},{"cn":"Potato inc.","ui":"6598626","t":232710.0,"r":230307.0,"q":7.69,"p":41000.0,"mot":"U","mo":230307.0},{"cn":"dog1251 Финанс","ui":"6113614","t":1156220.0,"r":1156220.0,"q":6.51,"p":32190.5,"mot":"U","mo":1156220.0},{"cn":"Marat Finans","ui":"6612560","t":117404.0,"r":117404.0,"q":3.52,"p":35000.0,"mot":"U","mo":117404.0},{"cn":"Marat Finans","ui":"6612561","t":157833.0,"r":157788.0,"q":3.6,"p":30000.0,"mot":"U","mo":157788.0},{"cn":"BEREZOVES Трейд","ui":"5706009","t":134586.0,"r":134586.0,"q":7.95,"p":40000.0,"mot":"U","mo":134586.0},{"cn":"","ui":"","t":526775.0,"r":327505.0,"q":11.38,"p":40075.14,"mot":"L","mo":327505.0}]},{"d":"09.06.2017","r":2518597.0,"q":7.87,"p":32732.6,"s":[{"cn":"DMS(technology)","ui":"6624682","t":222877.0,"r":222877.0,"q":14.29,"p":28000.0,"mot":"U","mo":222877.0},{"cn":"Potato inc.","ui":"6598626","t":247306.0,"r":244906.0,"q":7.72,"p":41000.0,"mot":"U","mo":244906.0},{"cn":"dog1251 Финанс","ui":"6113614","t":1167758.0,"r":1167758.0,"q":6.46,"p":32090.5,"mot":"U","mo":1167758.0},{"cn":"Marat Finans","ui":"6612561","t":157835.0,"r":157835.0,"q":3.6,"p":20000.0,"mot":"U","mo":157835.0},{"cn":"BEREZOVES Трейд","ui":"5706009","t":139586.0,"r":139586.0,"q":7.98,"p":40000.0,"mot":"U","mo":139586.0},{"cn":"","ui":"","t":788601.0,"r":585635.0,"q":9.44,"p":34056.12,"mot":"L","mo":585635.0}]},{"d":"10.06.2017","r":3086568.0,"q":7.59,"p":35599.12,"s":[{"cn":"DMS(technology)","ui":"6624682","t":222887.0,"r":222887.0,"q":14.29,"p":28000.0,"mot":"U","mo":222887.0},{"cn":"Potato inc.","ui":"6598626","t":261827.0,"r":259427.0,"q":7.74,"p":41000.0,"mot":"U","mo":259427.0},{"cn":"dog1251 Финанс","ui":"6113614","t":1179264.0,"r":1179264.0,"q":6.4,"p":32090.5,"mot":"U","mo":1179264.0},{"cn":"Redicson Трейд","ui":"6632990","t":484166.0,"r":484166.0,"q":5.57,"p":54000.0,"mot":"U","mo":484166.0},{"cn":"Marat Finans","ui":"6612561","t":157837.0,"r":157837.0,"q":3.6,"p":20000.0,"mot":"U","mo":157837.0},{"cn":"","ui":"","t":962609.0,"r":782987.0,"q":9.49,"p":33023.41,"mot":"L","mo":782987.0}]}]