[{"pi":"1520","pc":"Одежда и обувь","ss":500,"td":"Центр города","dc":1,"n":41.22,"vc":"более 100","sl":"Высокий","sv":"менее 50","p":150.32,"q":3.54,"b":0.0,"ms":0.07,"wi":0.15,"ei":4.34,"as":124.93,"mi":"E","mv":21355,"sc":1,"lpe":99.93,"lpr":135.02,"lq":1.0},{"pi":"1520","pc":"Одежда и обувь","ss":500,"td":"Центр города","dc":1,"n":41.22,"vc":"более 100","sl":"Высокий","sv":"менее 50","p":150.32,"q":3.54,"b":0.0,"ms":0.07,"wi":0.15,"ei":4.34,"as":124.93,"mi":"E","mv":21355,"sc":1,"lpe":99.93,"lpr":135.02,"lq":1.0},{"pi":"1520","pc":"Одежда и обувь","ss":500,"td":"Центр города","dc":1,"n":41.22,"vc":"более 100","sl":"Высокий","sv":"менее 50","p":150.32,"q":3.54,"b":0.0,"ms":0.07,"wi":0.15,"ei":4.34,"as":124.93,"mi":"E","mv":21355,"sc":1,"lpe":99.93,"lpr":135.02,"lq":1.0},{"pi":"1520","pc":"Одежда и обувь","ss":500,"td":"Центр города","dc":1,"n":41.22,"vc":"более 100","sl":"Высокий","sv":"менее 50","p":150.32,"q":3.54,"b":0.0,"ms":0.07,"wi":0.15,"ei":4.34,"as":124.93,"mi":"E","mv":21355,"sc":1,"lpe":99.93,"lpr":135.02,"lq":1.0},{"pi":"1520","pc":"Одежда и обувь","ss":500,"td":"Спальный район","dc":2,"n":33.01,"vc":"более 100","sl":"Очень высокий","sv":"около 50","p":259.78,"q":3.31,"b":0.0,"ms":0.04,"wi":0.39,"ei":5.5,"as":350.0,"mi":"E","mv":150916,"sc":3,"lpe":99.91,"lpr":377.21,"lq":1.0},{"pi":"1520","pc":"Одежда и обувь","ss":500,"td":"Пригород","dc":2,"n":0.0,"vc":"около 50","sl":"Очень высокий","sv":"около 50","p":239.22,"q":3.33,"b":0.0,"ms":0.02,"wi":0.39,"ei":5.5,"as":350.0,"mi":"E","mv":150916,"sc":3,"lpe":99.91,"lpr":377.21,"lq":1.0},{"pi":"1520","pc":"Одежда и обувь","ss":500,"td":"Окраина","dc":2,"n":0.0,"vc":"около 100","sl":"Высокий","sv":"около 50","p":229.08,"q":3.47,"b":0.0,"ms":0.02,"wi":0.39,"ei":5.5,"as":350.0,"mi":"E","mv":150916,"sc":3,"lpe":99.91,"lpr":377.21,"lq":1.0},{"pi":"1520","pc":"Одежда и обувь","ss":500,"td":"Спальный район","dc":2,"n":33.01,"vc":"более 100","sl":"Очень высокий","sv":"около 50","p":259.78,"q":3.31,"b":0.0,"ms":0.04,"wi":0.39,"ei":5.5,"as":350.0,"mi":"E","mv":150916,"sc":3,"lpe":99.91,"lpr":377.21,"lq":1.0},{"pi":"1520","pc":"Одежда и обувь","ss":500,"td":"Пригород","dc":2,"n":0.0,"vc":"около 50","sl":"Очень высокий","sv":"около 50","p":239.22,"q":3.33,"b":0.0,"ms":0.02,"wi":0.39,"ei":5.5,"as":350.0,"mi":"E","mv":150916,"sc":3,"lpe":99.91,"lpr":377.21,"lq":1.0},{"pi":"1520","pc":"Одежда и обувь","ss":500,"td":"Окраина","dc":2,"n":0.0,"vc":"около 100","sl":"Высокий","sv":"около 50","p":229.08,"q":3.47,"b":0.0,"ms":0.02,"wi":0.39,"ei":5.5,"as":350.0,"mi":"E","mv":150916,"sc":3,"lpe":99.91,"lpr":377.21,"lq":1.0},{"pi":"1520","pc":"Одежда и обувь","ss":500,"td":"Спальный район","dc":2,"n":33.01,"vc":"более 100","sl":"Очень высокий","sv":"около 50","p":259.78,"q":3.31,"b":0.0,"ms":0.04,"wi":0.39,"ei":5.5,"as":350.0,"mi":"E","mv":150916,"sc":3,"lpe":99.91,"lpr":377.21,"lq":1.0},{"pi":"1520","pc":"Одежда и обувь","ss":500,"td":"Пригород","dc":2,"n":0.0,"vc":"около 50","sl":"Очень высокий","sv":"около 50","p":239.22,"q":3.33,"b":0.0,"ms":0.02,"wi":0.39,"ei":5.5,"as":350.0,"mi":"E","mv":150916,"sc":3,"lpe":99.91,"lpr":377.21,"lq":1.0},{"pi":"1520","pc":"Одежда и обувь","ss":500,"td":"Окраина","dc":2,"n":0.0,"vc":"около 100","sl":"Высокий","sv":"около 50","p":229.08,"q":3.47,"b":0.0,"ms":0.02,"wi":0.39,"ei":5.5,"as":350.0,"mi":"E","mv":150916,"sc":3,"lpe":99.91,"lpr":377.21,"lq":1.0},{"pi":"1520","pc":"Одежда и обувь","ss":500,"td":"Пригород","dc":2,"n":0.0,"vc":"около 50","sl":"Очень высокий","sv":"около 50","p":239.22,"q":3.33,"b":0.0,"ms":0.02,"wi":0.39,"ei":5.5,"as":350.0,"mi":"E","mv":150916,"sc":3,"lpe":99.91,"lpr":377.21,"lq":1.0},{"pi":"1520","pc":"Одежда и обувь","ss":500,"td":"Спальный район","dc":2,"n":33.01,"vc":"более 100","sl":"Очень высокий","sv":"около 50","p":259.78,"q":3.31,"b":0.0,"ms":0.04,"wi":0.39,"ei":5.5,"as":350.0,"mi":"E","mv":150916,"sc":3,"lpe":99.91,"lpr":377.21,"lq":1.0},{"pi":"1520","pc":"Одежда и обувь","ss":500,"td":"Окраина","dc":2,"n":0.0,"vc":"около 100","sl":"Высокий","sv":"около 50","p":229.08,"q":3.47,"b":0.0,"ms":0.02,"wi":0.39,"ei":5.5,"as":350.0,"mi":"E","mv":150916,"sc":3,"lpe":99.91,"lpr":377.21,"lq":1.0},{"pi":"1520","pc":"Одежда и обувь","ss":500,"td":"Спальный район","dc":2,"n":33.01,"vc":"более 100","sl":"Очень высокий","sv":"около 50","p":259.78,"q":3.31,"b":0.0,"ms":0.04,"wi":0.39,"ei":5.5,"as":350.0,"mi":"E","mv":150916,"sc":3,"lpe":99.91,"lpr":377.21,"lq":1.0},{"pi":"1520","pc":"Одежда и обувь","ss":500,"td":"Пригород","dc":2,"n":0.0,"vc":"около 50","sl":"Очень высокий","sv":"около 50","p":239.22,"q":3.33,"b":0.0,"ms":0.02,"wi":0.39,"ei":5.5,"as":350.0,"mi":"E","mv":150916,"sc":3,"lpe":99.91,"lpr":377.21,"lq":1.0},{"pi":"1520","pc":"Одежда и обувь","ss":500,"td":"Окраина","dc":2,"n":0.0,"vc":"около 100","sl":"Высокий","sv":"около 50","p":229.08,"q":3.47,"b":0.0,"ms":0.02,"wi":0.39,"ei":5.5,"as":350.0,"mi":"E","mv":150916,"sc":3,"lpe":99.91,"lpr":377.21,"lq":1.0},{"pi":"1520","pc":"Одежда и обувь","ss":500,"td":"Спальный район","dc":2,"n":33.01,"vc":"более 100","sl":"Очень высокий","sv":"около 50","p":259.78,"q":3.31,"b":0.0,"ms":0.04,"wi":0.39,"ei":5.5,"as":350.0,"mi":"E","mv":150916,"sc":3,"lpe":99.91,"lpr":377.21,"lq":1.0},{"pi":"1520","pc":"Одежда и обувь","ss":500,"td":"Пригород","dc":2,"n":0.0,"vc":"около 50","sl":"Очень высокий","sv":"около 50","p":239.22,"q":3.33,"b":0.0,"ms":0.02,"wi":0.39,"ei":5.5,"as":350.0,"mi":"E","mv":150916,"sc":3,"lpe":99.91,"lpr":377.21,"lq":1.0},{"pi":"1520","pc":"Одежда и обувь","ss":500,"td":"Окраина","dc":2,"n":0.0,"vc":"около 100","sl":"Высокий","sv":"около 50","p":229.08,"q":3.47,"b":0.0,"ms":0.02,"wi":0.39,"ei":5.5,"as":350.0,"mi":"E","mv":150916,"sc":3,"lpe":99.91,"lpr":377.21,"lq":1.0},{"pi":"1520","pc":"Одежда и обувь","ss":500,"td":"Спальный район","dc":2,"n":33.01,"vc":"более 100","sl":"Очень высокий","sv":"около 50","p":259.78,"q":3.31,"b":0.0,"ms":0.04,"wi":0.39,"ei":5.5,"as":350.0,"mi":"E","mv":150916,"sc":3,"lpe":99.91,"lpr":377.21,"lq":1.0},{"pi":"1520","pc":"Одежда и обувь","ss":500,"td":"Окраина","dc":2,"n":0.0,"vc":"около 100","sl":"Высокий","sv":"около 50","p":229.08,"q":3.47,"b":0.0,"ms":0.02,"wi":0.39,"ei":5.5,"as":350.0,"mi":"E","mv":150916,"sc":3,"lpe":99.91,"lpr":377.21,"lq":1.0},{"pi":"1520","pc":"Одежда и обувь","ss":500,"td":"Пригород","dc":2,"n":0.0,"vc":"около 50","sl":"Очень высокий","sv":"около 50","p":239.22,"q":3.33,"b":0.0,"ms":0.02,"wi":0.39,"ei":5.5,"as":350.0,"mi":"E","mv":150916,"sc":3,"lpe":99.91,"lpr":377.21,"lq":1.0},{"pi":"1520","pc":"Одежда и обувь","ss":500,"td":"Пригород","dc":2,"n":0.0,"vc":"около 50","sl":"Очень высокий","sv":"около 50","p":239.22,"q":3.33,"b":0.0,"ms":0.02,"wi":0.39,"ei":5.5,"as":350.0,"mi":"E","mv":150916,"sc":3,"lpe":99.91,"lpr":377.21,"lq":1.0},{"pi":"1520","pc":"Одежда и обувь","ss":500,"td":"Спальный район","dc":2,"n":33.01,"vc":"более 100","sl":"Очень высокий","sv":"около 50","p":259.78,"q":3.31,"b":0.0,"ms":0.04,"wi":0.39,"ei":5.5,"as":350.0,"mi":"E","mv":150916,"sc":3,"lpe":99.91,"lpr":377.21,"lq":1.0},{"pi":"1520","pc":"Одежда и обувь","ss":500,"td":"Окраина","dc":2,"n":0.0,"vc":"около 100","sl":"Высокий","sv":"около 50","p":229.08,"q":3.47,"b":0.0,"ms":0.02,"wi":0.39,"ei":5.5,"as":350.0,"mi":"E","mv":150916,"sc":3,"lpe":99.91,"lpr":377.21,"lq":1.0},{"pi":"1520","pc":"Одежда и обувь","ss":500,"td":"Спальный район","dc":2,"n":33.01,"vc":"более 100","sl":"Очень высокий","sv":"около 50","p":259.78,"q":3.31,"b":0.0,"ms":0.04,"wi":0.39,"ei":5.5,"as":350.0,"mi":"E","mv":150916,"sc":3,"lpe":99.91,"lpr":377.21,"lq":1.0},{"pi":"1520","pc":"Одежда и обувь","ss":500,"td":"Пригород","dc":2,"n":0.0,"vc":"около 50","sl":"Очень высокий","sv":"около 50","p":239.22,"q":3.33,"b":0.0,"ms":0.02,"wi":0.39,"ei":5.5,"as":350.0,"mi":"E","mv":150916,"sc":3,"lpe":99.91,"lpr":377.21,"lq":1.0},{"pi":"1520","pc":"Одежда и обувь","ss":500,"td":"Окраина","dc":2,"n":0.0,"vc":"около 100","sl":"Высокий","sv":"около 50","p":229.08,"q":3.47,"b":0.0,"ms":0.02,"wi":0.39,"ei":5.5,"as":350.0,"mi":"E","mv":150916,"sc":3,"lpe":99.91,"lpr":377.21,"lq":1.0},{"pi":"1520","pc":"Одежда и обувь","ss":500,"td":"Спальный район","dc":2,"n":33.01,"vc":"более 100","sl":"Очень высокий","sv":"около 50","p":259.78,"q":3.31,"b":0.0,"ms":0.04,"wi":0.39,"ei":5.5,"as":350.0,"mi":"E","mv":150916,"sc":3,"lpe":99.91,"lpr":377.21,"lq":1.0},{"pi":"1520","pc":"Одежда и обувь","ss":500,"td":"Пригород","dc":2,"n":0.0,"vc":"около 50","sl":"Очень высокий","sv":"около 50","p":239.22,"q":3.33,"b":0.0,"ms":0.02,"wi":0.39,"ei":5.5,"as":350.0,"mi":"E","mv":150916,"sc":3,"lpe":99.91,"lpr":377.21,"lq":1.0},{"pi":"1520","pc":"Одежда и обувь","ss":500,"td":"Окраина","dc":2,"n":0.0,"vc":"около 100","sl":"Высокий","sv":"около 50","p":229.08,"q":3.47,"b":0.0,"ms":0.02,"wi":0.39,"ei":5.5,"as":350.0,"mi":"E","mv":150916,"sc":3,"lpe":99.91,"lpr":377.21,"lq":1.0},{"pi":"1520","pc":"Одежда и обувь","ss":500,"td":"Пригород","dc":2,"n":0.0,"vc":"около 50","sl":"Очень высокий","sv":"около 50","p":239.22,"q":3.33,"b":0.0,"ms":0.02,"wi":0.39,"ei":5.5,"as":350.0,"mi":"E","mv":150916,"sc":3,"lpe":99.91,"lpr":377.21,"lq":1.0},{"pi":"1520","pc":"Одежда и обувь","ss":500,"td":"Спальный район","dc":2,"n":33.01,"vc":"более 100","sl":"Очень высокий","sv":"около 50","p":259.78,"q":3.31,"b":0.0,"ms":0.04,"wi":0.39,"ei":5.5,"as":350.0,"mi":"E","mv":150916,"sc":3,"lpe":99.91,"lpr":377.21,"lq":1.0},{"pi":"1520","pc":"Одежда и обувь","ss":500,"td":"Окраина","dc":2,"n":0.0,"vc":"около 100","sl":"Высокий","sv":"около 50","p":229.08,"q":3.47,"b":0.0,"ms":0.02,"wi":0.39,"ei":5.5,"as":350.0,"mi":"E","mv":150916,"sc":3,"lpe":99.91,"lpr":377.21,"lq":1.0},{"pi":"1520","pc":"Одежда и обувь","ss":500,"td":"Спальный район","dc":2,"n":33.01,"vc":"более 100","sl":"Очень высокий","sv":"около 50","p":259.78,"q":3.31,"b":0.0,"ms":0.04,"wi":0.39,"ei":5.5,"as":350.0,"mi":"E","mv":150916,"sc":3,"lpe":99.91,"lpr":377.21,"lq":1.0},{"pi":"1520","pc":"Одежда и обувь","ss":500,"td":"Пригород","dc":2,"n":0.0,"vc":"около 50","sl":"Очень высокий","sv":"около 50","p":239.22,"q":3.33,"b":0.0,"ms":0.02,"wi":0.39,"ei":5.5,"as":350.0,"mi":"E","mv":150916,"sc":3,"lpe":99.91,"lpr":377.21,"lq":1.0},{"pi":"1520","pc":"Одежда и обувь","ss":500,"td":"Окраина","dc":2,"n":0.0,"vc":"около 100","sl":"Высокий","sv":"около 50","p":229.08,"q":3.47,"b":0.0,"ms":0.02,"wi":0.39,"ei":5.5,"as":350.0,"mi":"E","mv":150916,"sc":3,"lpe":99.91,"lpr":377.21,"lq":1.0},{"pi":"1520","pc":"Одежда и обувь","ss":500,"td":"Центр города","dc":1,"n":55.4,"vc":"более 200","sl":"Очень высокий","sv":"около 200","p":135.0,"q":3.77,"b":0.0,"ms":0.04,"wi":0.13,"ei":4.25,"as":148.66,"mi":"E","mv":490368,"sc":1,"lpe":99.96,"lpr":160.27,"lq":1.0},{"pi":"1520","pc":"Одежда и обувь","ss":500,"td":"Центр города","dc":1,"n":55.4,"vc":"более 200","sl":"Очень высокий","sv":"около 200","p":135.0,"q":3.77,"b":0.0,"ms":0.04,"wi":0.13,"ei":4.25,"as":148.66,"mi":"E","mv":490368,"sc":1,"lpe":99.96,"lpr":160.27,"lq":1.0},{"pi":"1520","pc":"Одежда и обувь","ss":500,"td":"Центр города","dc":1,"n":55.4,"vc":"более 200","sl":"Очень высокий","sv":"около 200","p":135.0,"q":3.77,"b":0.0,"ms":0.04,"wi":0.13,"ei":4.25,"as":148.66,"mi":"E","mv":490368,"sc":1,"lpe":99.96,"lpr":160.27,"lq":1.0},{"pi":"1520","pc":"Одежда и обувь","ss":500,"td":"Центр города","dc":1,"n":55.4,"vc":"более 200","sl":"Очень высокий","sv":"около 200","p":135.0,"q":3.77,"b":0.0,"ms":0.04,"wi":0.13,"ei":4.25,"as":148.66,"mi":"E","mv":490368,"sc":1,"lpe":99.96,"lpr":160.27,"lq":1.0},{"pi":"1520","pc":"Одежда и обувь","ss":100,"td":"Центр города","dc":1,"n":42.54,"vc":"около 50","sl":"Нормальный","sv":"менее 50","p":248.88,"q":1.05,"b":0.0,"ms":0.0,"wi":0.24,"ei":4.22,"as":239.13,"mi":"E","mv":178295,"sc":1,"lpe":100.0,"lpr":258.05,"lq":1.0},{"pi":"1520","pc":"Одежда и обувь","ss":100,"td":"Центр города","dc":1,"n":42.54,"vc":"около 50","sl":"Нормальный","sv":"менее 50","p":248.88,"q":1.05,"b":0.0,"ms":0.0,"wi":0.24,"ei":4.22,"as":239.13,"mi":"E","mv":178295,"sc":1,"lpe":100.0,"lpr":258.05,"lq":1.0},{"pi":"1520","pc":"Одежда и обувь","ss":100,"td":"Центр города","dc":1,"n":42.54,"vc":"около 50","sl":"Нормальный","sv":"менее 50","p":248.88,"q":1.05,"b":0.0,"ms":0.0,"wi":0.24,"ei":4.22,"as":239.13,"mi":"E","mv":178295,"sc":1,"lpe":100.0,"lpr":258.05,"lq":1.0},{"pi":"1520","pc":"Одежда и обувь","ss":100,"td":"Центр города","dc":1,"n":42.54,"vc":"около 50","sl":"Нормальный","sv":"менее 50","p":248.88,"q":1.05,"b":0.0,"ms":0.0,"wi":0.24,"ei":4.22,"as":239.13,"mi":"E","mv":178295,"sc":1,"lpe":100.0,"lpr":258.05,"lq":1.0},{"pi":"1520","pc":"Одежда и обувь","ss":500,"td":"Центр города","dc":1,"n":64.76,"vc":"более 200","sl":"Очень высокий","sv":"около 200","p":150.0,"q":3.77,"b":0.0,"ms":0.07,"wi":0.17,"ei":4.28,"as":154.36,"mi":"E","mv":306245,"sc":1,"lpe":99.93,"lpr":166.7,"lq":1.0},{"pi":"1520","pc":"Одежда и обувь","ss":500,"td":"Центр города","dc":1,"n":64.76,"vc":"более 200","sl":"Очень высокий","sv":"около 200","p":150.0,"q":3.77,"b":0.0,"ms":0.07,"wi":0.17,"ei":4.28,"as":154.36,"mi":"E","mv":306245,"sc":1,"lpe":99.93,"lpr":166.7,"lq":1.0},{"pi":"1520","pc":"Одежда и обувь","ss":500,"td":"Центр города","dc":1,"n":64.76,"vc":"более 200","sl":"Очень высокий","sv":"около 200","p":150.0,"q":3.77,"b":0.0,"ms":0.07,"wi":0.17,"ei":4.28,"as":154.36,"mi":"E","mv":306245,"sc":1,"lpe":99.93,"lpr":166.7,"lq":1.0},{"pi":"1520","pc":"Одежда и обувь","ss":500,"td":"Центр города","dc":1,"n":64.76,"vc":"более 200","sl":"Очень высокий","sv":"около 200","p":150.0,"q":3.77,"b":0.0,"ms":0.07,"wi":0.17,"ei":4.28,"as":154.36,"mi":"E","mv":306245,"sc":1,"lpe":99.93,"lpr":166.7,"lq":1.0},{"pi":"1520","pc":"Одежда и обувь","ss":100,"td":"Спальный район","dc":1,"n":106.57,"vc":"около 50","sl":"Высокий","sv":"менее 50","p":115.51,"q":1.05,"b":0.0,"ms":0.02,"wi":0.13,"ei":3.21,"as":97.82,"mi":"E","mv":26466,"sc":1,"lpe":99.98,"lpr":104.11,"lq":1.0},{"pi":"1520","pc":"Одежда и обувь","ss":100,"td":"Спальный район","dc":1,"n":106.57,"vc":"около 50","sl":"Высокий","sv":"менее 50","p":115.51,"q":1.05,"b":0.0,"ms":0.02,"wi":0.13,"ei":3.21,"as":97.82,"mi":"E","mv":26466,"sc":1,"lpe":99.98,"lpr":104.11,"lq":1.0},{"pi":"1520","pc":"Одежда и обувь","ss":100,"td":"Спальный район","dc":1,"n":106.57,"vc":"около 50","sl":"Высокий","sv":"менее 50","p":115.51,"q":1.05,"b":0.0,"ms":0.02,"wi":0.13,"ei":3.21,"as":97.82,"mi":"E","mv":26466,"sc":1,"lpe":99.98,"lpr":104.11,"lq":1.0},{"pi":"1520","pc":"Одежда и обувь","ss":100,"td":"Спальный район","dc":1,"n":106.57,"vc":"около 50","sl":"Высокий","sv":"менее 50","p":115.51,"q":1.05,"b":0.0,"ms":0.02,"wi":0.13,"ei":3.21,"as":97.82,"mi":"E","mv":26466,"sc":1,"lpe":99.98,"lpr":104.11,"lq":1.0},{"pi":"1520","pc":"Одежда и обувь","ss":500,"td":"Центр города","dc":1,"n":76.16,"vc":"более 200","sl":"Очень высокий","sv":"около 200","p":160.0,"q":3.77,"b":0.0,"ms":0.09,"wi":0.21,"ei":4.32,"as":180.62,"mi":"E","mv":234651,"sc":1,"lpe":99.91,"lpr":194.97,"lq":1.0},{"pi":"1520","pc":"Одежда и обувь","ss":500,"td":"Центр города","dc":1,"n":76.16,"vc":"более 200","sl":"Очень высокий","sv":"около 200","p":160.0,"q":3.77,"b":0.0,"ms":0.09,"wi":0.21,"ei":4.32,"as":180.62,"mi":"E","mv":234651,"sc":1,"lpe":99.91,"lpr":194.97,"lq":1.0},{"pi":"1520","pc":"Одежда и обувь","ss":500,"td":"Центр города","dc":1,"n":76.16,"vc":"более 200","sl":"Очень высокий","sv":"около 200","p":160.0,"q":3.77,"b":0.0,"ms":0.09,"wi":0.21,"ei":4.32,"as":180.62,"mi":"E","mv":234651,"sc":1,"lpe":99.91,"lpr":194.97,"lq":1.0},{"pi":"1520","pc":"Одежда и обувь","ss":500,"td":"Центр города","dc":1,"n":76.16,"vc":"более 200","sl":"Очень высокий","sv":"около 200","p":160.0,"q":3.77,"b":0.0,"ms":0.09,"wi":0.21,"ei":4.32,"as":180.62,"mi":"E","mv":234651,"sc":1,"lpe":99.91,"lpr":194.97,"lq":1.0},{"pi":"1520","pc":"Одежда и обувь","ss":1000,"td":"Спальный район","dc":1,"n":28.42,"vc":"около 500","sl":"Очень высокий","sv":"около 500","p":150.0,"q":4.29,"b":0.06,"ms":0.26,"wi":0.18,"ei":4.16,"as":167.92,"mi":"E","mv":165438,"sc":1,"lpe":99.74,"lpr":181.15,"lq":1.0},{"pi":"1520","pc":"Одежда и обувь","ss":1000,"td":"Спальный район","dc":1,"n":28.42,"vc":"около 500","sl":"Очень высокий","sv":"около 500","p":150.0,"q":4.29,"b":0.06,"ms":0.26,"wi":0.18,"ei":4.16,"as":167.92,"mi":"E","mv":165438,"sc":1,"lpe":99.74,"lpr":181.15,"lq":1.0},{"pi":"1520","pc":"Одежда и обувь","ss":1000,"td":"Спальный район","dc":1,"n":28.42,"vc":"около 500","sl":"Очень высокий","sv":"около 500","p":150.0,"q":4.29,"b":0.06,"ms":0.26,"wi":0.18,"ei":4.16,"as":167.92,"mi":"E","mv":165438,"sc":1,"lpe":99.74,"lpr":181.15,"lq":1.0},{"pi":"1520","pc":"Одежда и обувь","ss":100,"td":"Центр города","dc":1,"n":48.66,"vc":"более 100","sl":"Очень низкий","sv":"менее 50","p":212.85,"q":1.05,"b":0.0,"ms":0.0,"wi":0.19,"ei":4.22,"as":177.8,"mi":"E","mv":248563,"sc":1,"lpe":100.0,"lpr":191.94,"lq":1.0},{"pi":"1520","pc":"Одежда и обувь","ss":100,"td":"Центр города","dc":1,"n":48.66,"vc":"более 100","sl":"Очень низкий","sv":"менее 50","p":212.85,"q":1.05,"b":0.0,"ms":0.0,"wi":0.19,"ei":4.22,"as":177.8,"mi":"E","mv":248563,"sc":1,"lpe":100.0,"lpr":191.94,"lq":1.0},{"pi":"1520","pc":"Одежда и обувь","ss":100,"td":"Центр города","dc":1,"n":48.66,"vc":"более 100","sl":"Очень низкий","sv":"менее 50","p":212.85,"q":1.05,"b":0.0,"ms":0.0,"wi":0.19,"ei":4.22,"as":177.8,"mi":"E","mv":248563,"sc":1,"lpe":100.0,"lpr":191.94,"lq":1.0},{"pi":"1520","pc":"Одежда и обувь","ss":100,"td":"Центр города","dc":1,"n":48.66,"vc":"более 100","sl":"Очень низкий","sv":"менее 50","p":212.85,"q":1.05,"b":0.0,"ms":0.0,"wi":0.19,"ei":4.22,"as":177.8,"mi":"E","mv":248563,"sc":1,"lpe":100.0,"lpr":191.94,"lq":1.0}]