[{"pi":"1520","pc":"Одежда и обувь","ss":500,"td":"Центр города","dc":1,"n":19.32,"vc":"более 100","sl":"Элитный","sv":"около 500","p":570.0,"q":1.83,"b":0.15,"wi":0.62,"ei":8.09,"as":613.51,"mi":"E","mv":301788,"sc":1,"lpe":99.87,"lpr":571.11,"lq":1.0},{"pi":"1520","pc":"Одежда и обувь","ss":500,"td":"Центр города","dc":1,"n":19.32,"vc":"более 100","sl":"Элитный","sv":"около 500","p":570.0,"q":1.83,"b":0.15,"wi":0.62,"ei":8.09,"as":613.51,"mi":"E","mv":301788,"sc":1,"lpe":99.87,"lpr":571.11,"lq":1.0},{"pi":"1520","pc":"Одежда и обувь","ss":1000,"td":"Фешенебельный район","dc":1,"n":336.67,"vc":"более 200","sl":"Элитный","sv":"более 200","p":142.15,"q":1.0,"b":0.0,"wi":0.14,"ei":4.34,"as":124.93,"mi":"E","mv":19499,"sc":2,"lpe":98.63,"lpr":129.68,"lq":1.0},{"pi":"1520","pc":"Одежда и обувь","ss":100,"td":"Центр города","dc":1,"n":48.31,"vc":"около 50","sl":"Нормальный","sv":"менее 50","p":130.93,"q":1.05,"b":0.0,"wi":0.14,"ei":4.34,"as":124.93,"mi":"E","mv":19499,"sc":2,"lpe":98.63,"lpr":129.68,"lq":1.0},{"pi":"1520","pc":"Одежда и обувь","ss":1000,"td":"Фешенебельный район","dc":1,"n":336.67,"vc":"более 200","sl":"Элитный","sv":"более 200","p":142.15,"q":1.0,"b":0.0,"wi":0.14,"ei":4.34,"as":124.93,"mi":"E","mv":19499,"sc":2,"lpe":98.63,"lpr":129.68,"lq":1.0},{"pi":"1520","pc":"Одежда и обувь","ss":100,"td":"Центр города","dc":1,"n":48.31,"vc":"около 50","sl":"Нормальный","sv":"менее 50","p":130.93,"q":1.05,"b":0.0,"wi":0.14,"ei":4.34,"as":124.93,"mi":"E","mv":19499,"sc":2,"lpe":98.63,"lpr":129.68,"lq":1.0},{"pi":"1520","pc":"Одежда и обувь","ss":1000,"td":"Фешенебельный район","dc":1,"n":336.67,"vc":"более 200","sl":"Элитный","sv":"более 200","p":142.15,"q":1.0,"b":0.0,"wi":0.14,"ei":4.34,"as":124.93,"mi":"E","mv":19499,"sc":2,"lpe":98.63,"lpr":129.68,"lq":1.0},{"pi":"1520","pc":"Одежда и обувь","ss":100,"td":"Центр города","dc":1,"n":48.31,"vc":"около 50","sl":"Нормальный","sv":"менее 50","p":130.93,"q":1.05,"b":0.0,"wi":0.14,"ei":4.34,"as":124.93,"mi":"E","mv":19499,"sc":2,"lpe":98.63,"lpr":129.68,"lq":1.0},{"pi":"1520","pc":"Одежда и обувь","ss":1000,"td":"Фешенебельный район","dc":1,"n":336.67,"vc":"более 200","sl":"Элитный","sv":"более 200","p":142.15,"q":1.0,"b":0.0,"wi":0.14,"ei":4.34,"as":124.93,"mi":"E","mv":19499,"sc":2,"lpe":98.63,"lpr":129.68,"lq":1.0},{"pi":"1520","pc":"Одежда и обувь","ss":100,"td":"Центр города","dc":1,"n":48.31,"vc":"около 50","sl":"Нормальный","sv":"менее 50","p":130.93,"q":1.05,"b":0.0,"wi":0.14,"ei":4.34,"as":124.93,"mi":"E","mv":19499,"sc":2,"lpe":98.63,"lpr":129.68,"lq":1.0},{"pi":"1520","pc":"Одежда и обувь","ss":1000,"td":"Центр города","dc":3,"n":217.78,"vc":"около 500","sl":"Очень высокий","sv":"около 100","p":173.0,"q":1.0,"b":0.0,"wi":0.18,"ei":3.65,"as":173.21,"mi":"E","mv":16679,"sc":1,"lpe":99.4,"lpr":173.99,"lq":1.0},{"pi":"1520","pc":"Одежда и обувь","ss":1000,"td":"Центр города","dc":3,"n":217.78,"vc":"около 500","sl":"Очень высокий","sv":"около 100","p":173.0,"q":1.0,"b":0.0,"wi":0.18,"ei":3.65,"as":173.21,"mi":"E","mv":16679,"sc":1,"lpe":99.4,"lpr":173.99,"lq":1.0},{"pi":"1520","pc":"Одежда и обувь","ss":1000,"td":"Центр города","dc":3,"n":217.78,"vc":"около 500","sl":"Очень высокий","sv":"около 100","p":173.0,"q":1.0,"b":0.0,"wi":0.18,"ei":3.65,"as":173.21,"mi":"E","mv":16679,"sc":1,"lpe":99.4,"lpr":173.99,"lq":1.0},{"pi":"1520","pc":"Одежда и обувь","ss":1000,"td":"Центр города","dc":3,"n":217.78,"vc":"около 500","sl":"Очень высокий","sv":"около 100","p":173.0,"q":1.0,"b":0.0,"wi":0.18,"ei":3.65,"as":173.21,"mi":"E","mv":16679,"sc":1,"lpe":99.4,"lpr":173.99,"lq":1.0},{"pi":"1520","pc":"Одежда и обувь","ss":1000,"td":"Центр города","dc":3,"n":217.78,"vc":"около 500","sl":"Очень высокий","sv":"около 100","p":173.0,"q":1.0,"b":0.0,"wi":0.18,"ei":3.65,"as":173.21,"mi":"E","mv":16679,"sc":1,"lpe":99.4,"lpr":173.99,"lq":1.0},{"pi":"1520","pc":"Одежда и обувь","ss":1000,"td":"Центр города","dc":3,"n":217.78,"vc":"около 500","sl":"Очень высокий","sv":"около 100","p":173.0,"q":1.0,"b":0.0,"wi":0.18,"ei":3.65,"as":173.21,"mi":"E","mv":16679,"sc":1,"lpe":99.4,"lpr":173.99,"lq":1.0},{"pi":"1520","pc":"Одежда и обувь","ss":100,"td":"Центр города","dc":1,"n":49.75,"vc":"около 50","sl":"Нормальный","sv":"менее 50","p":139.57,"q":1.05,"b":0.0,"wi":0.14,"ei":4.23,"as":122.35,"mi":"E","mv":20395,"sc":1,"lpe":99.95,"lpr":127.52,"lq":1.0},{"pi":"1520","pc":"Одежда и обувь","ss":100,"td":"Центр города","dc":1,"n":49.75,"vc":"около 50","sl":"Нормальный","sv":"менее 50","p":139.57,"q":1.05,"b":0.0,"wi":0.14,"ei":4.23,"as":122.35,"mi":"E","mv":20395,"sc":1,"lpe":99.95,"lpr":127.52,"lq":1.0},{"pi":"1520","pc":"Одежда и обувь","ss":100,"td":"Центр города","dc":1,"n":49.75,"vc":"около 50","sl":"Нормальный","sv":"менее 50","p":139.57,"q":1.05,"b":0.0,"wi":0.14,"ei":4.23,"as":122.35,"mi":"E","mv":20395,"sc":1,"lpe":99.95,"lpr":127.52,"lq":1.0},{"pi":"1520","pc":"Одежда и обувь","ss":100,"td":"Центр города","dc":1,"n":49.75,"vc":"около 50","sl":"Нормальный","sv":"менее 50","p":139.57,"q":1.05,"b":0.0,"wi":0.14,"ei":4.23,"as":122.35,"mi":"E","mv":20395,"sc":1,"lpe":99.95,"lpr":127.52,"lq":1.0},{"pi":"1520","pc":"Одежда и обувь","ss":1000,"td":"Фешенебельный район","dc":1,"n":9.81,"vc":"около 50","sl":"Элитный","sv":"менее 50","p":173.02,"q":1.0,"b":0.0,"wi":0.15,"ei":3.36,"as":145.71,"mi":"E","mv":78116,"sc":1,"lpe":99.97,"lpr":146.01,"lq":1.0},{"pi":"1520","pc":"Одежда и обувь","ss":1000,"td":"Фешенебельный район","dc":1,"n":9.81,"vc":"около 50","sl":"Элитный","sv":"менее 50","p":173.02,"q":1.0,"b":0.0,"wi":0.15,"ei":3.36,"as":145.71,"mi":"E","mv":78116,"sc":1,"lpe":99.97,"lpr":146.01,"lq":1.0},{"pi":"1520","pc":"Одежда и обувь","ss":1000,"td":"Фешенебельный район","dc":1,"n":9.81,"vc":"около 50","sl":"Элитный","sv":"менее 50","p":173.02,"q":1.0,"b":0.0,"wi":0.15,"ei":3.36,"as":145.71,"mi":"E","mv":78116,"sc":1,"lpe":99.97,"lpr":146.01,"lq":1.0},{"pi":"1520","pc":"Одежда и обувь","ss":1000,"td":"Фешенебельный район","dc":1,"n":9.81,"vc":"около 50","sl":"Элитный","sv":"менее 50","p":173.02,"q":1.0,"b":0.0,"wi":0.15,"ei":3.36,"as":145.71,"mi":"E","mv":78116,"sc":1,"lpe":99.97,"lpr":146.01,"lq":1.0},{"pi":"1520","pc":"Одежда и обувь","ss":100,"td":"Спальный район","dc":1,"n":49.26,"vc":"около 50","sl":"Нормальный","sv":"менее 50","p":317.72,"q":1.05,"b":0.0,"wi":0.3,"ei":4.8,"as":300.0,"mi":"E","mv":139216,"sc":2,"lpe":99.98,"lpr":293.35,"lq":1.0},{"pi":"1520","pc":"Одежда и обувь","ss":500,"td":"Центр города","dc":1,"n":20.55,"vc":"более 100","sl":"Элитный","sv":"менее 50","p":282.0,"q":2.29,"b":0.01,"wi":0.3,"ei":4.8,"as":300.0,"mi":"E","mv":139216,"sc":2,"lpe":99.98,"lpr":293.35,"lq":1.0},{"pi":"1520","pc":"Одежда и обувь","ss":100,"td":"Спальный район","dc":1,"n":49.26,"vc":"около 50","sl":"Нормальный","sv":"менее 50","p":317.72,"q":1.05,"b":0.0,"wi":0.3,"ei":4.8,"as":300.0,"mi":"E","mv":139216,"sc":2,"lpe":99.98,"lpr":293.35,"lq":1.0},{"pi":"1520","pc":"Одежда и обувь","ss":500,"td":"Центр города","dc":1,"n":20.55,"vc":"более 100","sl":"Элитный","sv":"менее 50","p":282.0,"q":2.29,"b":0.01,"wi":0.3,"ei":4.8,"as":300.0,"mi":"E","mv":139216,"sc":2,"lpe":99.98,"lpr":293.35,"lq":1.0},{"pi":"1520","pc":"Одежда и обувь","ss":100,"td":"Спальный район","dc":1,"n":49.26,"vc":"около 50","sl":"Нормальный","sv":"менее 50","p":317.72,"q":1.05,"b":0.0,"wi":0.3,"ei":4.8,"as":300.0,"mi":"E","mv":139216,"sc":2,"lpe":99.98,"lpr":293.35,"lq":1.0},{"pi":"1520","pc":"Одежда и обувь","ss":500,"td":"Центр города","dc":1,"n":20.55,"vc":"более 100","sl":"Элитный","sv":"менее 50","p":282.0,"q":2.29,"b":0.01,"wi":0.3,"ei":4.8,"as":300.0,"mi":"E","mv":139216,"sc":2,"lpe":99.98,"lpr":293.35,"lq":1.0},{"pi":"1520","pc":"Одежда и обувь","ss":100,"td":"Спальный район","dc":1,"n":49.26,"vc":"около 50","sl":"Нормальный","sv":"менее 50","p":317.72,"q":1.05,"b":0.0,"wi":0.3,"ei":4.8,"as":300.0,"mi":"E","mv":139216,"sc":2,"lpe":99.98,"lpr":293.35,"lq":1.0},{"pi":"1520","pc":"Одежда и обувь","ss":500,"td":"Центр города","dc":1,"n":20.55,"vc":"более 100","sl":"Элитный","sv":"менее 50","p":282.0,"q":2.29,"b":0.01,"wi":0.3,"ei":4.8,"as":300.0,"mi":"E","mv":139216,"sc":2,"lpe":99.98,"lpr":293.35,"lq":1.0},{"pi":"1520","pc":"Одежда и обувь","ss":100,"td":"Спальный район","dc":1,"n":49.5,"vc":"около 50","sl":"Высокий","sv":"менее 50","p":263.81,"q":1.05,"b":0.0,"wi":0.29,"ei":6.8,"as":250.0,"mi":"E","mv":88947,"sc":1,"lpe":99.98,"lpr":243.01,"lq":1.0},{"pi":"1520","pc":"Одежда и обувь","ss":100,"td":"Спальный район","dc":1,"n":49.5,"vc":"около 50","sl":"Высокий","sv":"менее 50","p":263.81,"q":1.05,"b":0.0,"wi":0.29,"ei":6.8,"as":250.0,"mi":"E","mv":88947,"sc":1,"lpe":99.98,"lpr":243.01,"lq":1.0},{"pi":"1520","pc":"Одежда и обувь","ss":100,"td":"Спальный район","dc":1,"n":49.5,"vc":"около 50","sl":"Высокий","sv":"менее 50","p":263.81,"q":1.05,"b":0.0,"wi":0.29,"ei":6.8,"as":250.0,"mi":"E","mv":88947,"sc":1,"lpe":99.98,"lpr":243.01,"lq":1.0},{"pi":"1520","pc":"Одежда и обувь","ss":100,"td":"Спальный район","dc":1,"n":49.5,"vc":"около 50","sl":"Высокий","sv":"менее 50","p":263.81,"q":1.05,"b":0.0,"wi":0.29,"ei":6.8,"as":250.0,"mi":"E","mv":88947,"sc":1,"lpe":99.98,"lpr":243.01,"lq":1.0},{"pi":"1520","pc":"Одежда и обувь","ss":100,"td":"Спальный район","dc":1,"n":49.14,"vc":"около 50","sl":"Нормальный","sv":"менее 50","p":314.69,"q":1.05,"b":0.0,"wi":0.3,"ei":4.8,"as":300.0,"mi":"E","mv":130499,"sc":1,"lpe":99.99,"lpr":293.65,"lq":1.0},{"pi":"1520","pc":"Одежда и обувь","ss":100,"td":"Спальный район","dc":1,"n":49.14,"vc":"около 50","sl":"Нормальный","sv":"менее 50","p":314.69,"q":1.05,"b":0.0,"wi":0.3,"ei":4.8,"as":300.0,"mi":"E","mv":130499,"sc":1,"lpe":99.99,"lpr":293.65,"lq":1.0},{"pi":"1520","pc":"Одежда и обувь","ss":100,"td":"Спальный район","dc":1,"n":49.14,"vc":"около 50","sl":"Нормальный","sv":"менее 50","p":314.69,"q":1.05,"b":0.0,"wi":0.3,"ei":4.8,"as":300.0,"mi":"E","mv":130499,"sc":1,"lpe":99.99,"lpr":293.65,"lq":1.0},{"pi":"1520","pc":"Одежда и обувь","ss":100,"td":"Спальный район","dc":1,"n":49.14,"vc":"около 50","sl":"Нормальный","sv":"менее 50","p":314.69,"q":1.05,"b":0.0,"wi":0.3,"ei":4.8,"as":300.0,"mi":"E","mv":130499,"sc":1,"lpe":99.99,"lpr":293.65,"lq":1.0},{"pi":"1520","pc":"Одежда и обувь","ss":100,"td":"Спальный район","dc":1,"n":49.75,"vc":"около 50","sl":"Нормальный","sv":"менее 50","p":345.11,"q":1.05,"b":0.0,"wi":0.32,"ei":5.5,"as":330.0,"mi":"E","mv":198852,"sc":2,"lpe":99.99,"lpr":315.95,"lq":1.0},{"pi":"1520","pc":"Одежда и обувь","ss":100,"td":"Спальный район","dc":1,"n":52.78,"vc":"около 50","sl":"Нормальный","sv":"менее 50","p":325.0,"q":3.99,"b":0.0,"wi":0.32,"ei":5.5,"as":330.0,"mi":"E","mv":198852,"sc":2,"lpe":99.99,"lpr":315.95,"lq":1.0},{"pi":"1520","pc":"Одежда и обувь","ss":100,"td":"Спальный район","dc":1,"n":49.75,"vc":"около 50","sl":"Нормальный","sv":"менее 50","p":345.11,"q":1.05,"b":0.0,"wi":0.32,"ei":5.5,"as":330.0,"mi":"E","mv":198852,"sc":2,"lpe":99.99,"lpr":315.95,"lq":1.0},{"pi":"1520","pc":"Одежда и обувь","ss":100,"td":"Спальный район","dc":1,"n":52.78,"vc":"около 50","sl":"Нормальный","sv":"менее 50","p":325.0,"q":3.99,"b":0.0,"wi":0.32,"ei":5.5,"as":330.0,"mi":"E","mv":198852,"sc":2,"lpe":99.99,"lpr":315.95,"lq":1.0},{"pi":"1520","pc":"Одежда и обувь","ss":100,"td":"Спальный район","dc":1,"n":49.75,"vc":"около 50","sl":"Нормальный","sv":"менее 50","p":345.11,"q":1.05,"b":0.0,"wi":0.32,"ei":5.5,"as":330.0,"mi":"E","mv":198852,"sc":2,"lpe":99.99,"lpr":315.95,"lq":1.0},{"pi":"1520","pc":"Одежда и обувь","ss":100,"td":"Спальный район","dc":1,"n":52.78,"vc":"около 50","sl":"Нормальный","sv":"менее 50","p":325.0,"q":3.99,"b":0.0,"wi":0.32,"ei":5.5,"as":330.0,"mi":"E","mv":198852,"sc":2,"lpe":99.99,"lpr":315.95,"lq":1.0},{"pi":"1520","pc":"Одежда и обувь","ss":100,"td":"Спальный район","dc":1,"n":52.78,"vc":"около 50","sl":"Нормальный","sv":"менее 50","p":325.0,"q":3.99,"b":0.0,"wi":0.32,"ei":5.5,"as":330.0,"mi":"E","mv":198852,"sc":2,"lpe":99.99,"lpr":315.95,"lq":1.0},{"pi":"1520","pc":"Одежда и обувь","ss":100,"td":"Спальный район","dc":1,"n":49.75,"vc":"около 50","sl":"Нормальный","sv":"менее 50","p":345.11,"q":1.05,"b":0.0,"wi":0.32,"ei":5.5,"as":330.0,"mi":"E","mv":198852,"sc":2,"lpe":99.99,"lpr":315.95,"lq":1.0},{"pi":"1520","pc":"Одежда и обувь","ss":100,"td":"Спальный район","dc":1,"n":48.31,"vc":"около 50","sl":"Нормальный","sv":"около 50","p":324.25,"q":3.95,"b":0.0,"wi":0.35,"ei":5.0,"as":320.0,"mi":"E","mv":231744,"sc":3,"lpe":99.97,"lpr":307.19,"lq":1.0},{"pi":"1520","pc":"Одежда и обувь","ss":100,"td":"Спальный район","dc":1,"n":48.95,"vc":"около 50","sl":"Нормальный","sv":"менее 50","p":295.0,"q":3.03,"b":0.27,"wi":0.35,"ei":5.0,"as":320.0,"mi":"E","mv":231744,"sc":3,"lpe":99.97,"lpr":307.19,"lq":1.0},{"pi":"1520","pc":"Одежда и обувь","ss":100,"td":"Спальный район","dc":1,"n":48.29,"vc":"около 100","sl":"Нормальный","sv":"менее 50","p":284.48,"q":2.95,"b":0.0,"wi":0.35,"ei":5.0,"as":320.0,"mi":"E","mv":231744,"sc":3,"lpe":99.97,"lpr":307.19,"lq":1.0},{"pi":"1520","pc":"Одежда и обувь","ss":100,"td":"Спальный район","dc":1,"n":48.31,"vc":"около 50","sl":"Нормальный","sv":"около 50","p":324.25,"q":3.95,"b":0.0,"wi":0.35,"ei":5.0,"as":320.0,"mi":"E","mv":231744,"sc":3,"lpe":99.97,"lpr":307.19,"lq":1.0},{"pi":"1520","pc":"Одежда и обувь","ss":100,"td":"Спальный район","dc":1,"n":48.31,"vc":"около 50","sl":"Нормальный","sv":"около 50","p":324.25,"q":3.95,"b":0.0,"wi":0.35,"ei":5.0,"as":320.0,"mi":"E","mv":231744,"sc":3,"lpe":99.97,"lpr":307.19,"lq":1.0},{"pi":"1520","pc":"Одежда и обувь","ss":500,"td":"Спальный район","dc":1,"n":174.13,"vc":"более 100","sl":"Высокий","sv":"более 100","p":285.0,"q":4.11,"b":0.0,"wi":0.35,"ei":5.5,"as":350.0,"mi":"E","mv":158202,"sc":2,"lpe":99.86,"lpr":333.49,"lq":1.0},{"pi":"1520","pc":"Одежда и обувь","ss":500,"td":"Спальный район","dc":1,"n":30.34,"vc":"около 100","sl":"Очень высокий","sv":"менее 50","p":372.7,"q":2.93,"b":0.0,"wi":0.35,"ei":5.5,"as":350.0,"mi":"E","mv":158202,"sc":2,"lpe":99.86,"lpr":333.49,"lq":1.0},{"pi":"1520","pc":"Одежда и обувь","ss":500,"td":"Спальный район","dc":1,"n":174.13,"vc":"более 100","sl":"Высокий","sv":"более 100","p":285.0,"q":4.11,"b":0.0,"wi":0.35,"ei":5.5,"as":350.0,"mi":"E","mv":158202,"sc":2,"lpe":99.86,"lpr":333.49,"lq":1.0},{"pi":"1520","pc":"Одежда и обувь","ss":500,"td":"Спальный район","dc":1,"n":30.34,"vc":"около 100","sl":"Очень высокий","sv":"менее 50","p":372.7,"q":2.93,"b":0.0,"wi":0.35,"ei":5.5,"as":350.0,"mi":"E","mv":158202,"sc":2,"lpe":99.86,"lpr":333.49,"lq":1.0},{"pi":"1520","pc":"Одежда и обувь","ss":500,"td":"Спальный район","dc":1,"n":174.13,"vc":"более 100","sl":"Высокий","sv":"более 100","p":285.0,"q":4.11,"b":0.0,"wi":0.35,"ei":5.5,"as":350.0,"mi":"E","mv":158202,"sc":2,"lpe":99.86,"lpr":333.49,"lq":1.0},{"pi":"1520","pc":"Одежда и обувь","ss":500,"td":"Спальный район","dc":1,"n":30.34,"vc":"около 100","sl":"Очень высокий","sv":"менее 50","p":372.7,"q":2.93,"b":0.0,"wi":0.35,"ei":5.5,"as":350.0,"mi":"E","mv":158202,"sc":2,"lpe":99.86,"lpr":333.49,"lq":1.0},{"pi":"1520","pc":"Одежда и обувь","ss":500,"td":"Спальный район","dc":1,"n":174.13,"vc":"более 100","sl":"Высокий","sv":"более 100","p":285.0,"q":4.11,"b":0.0,"wi":0.35,"ei":5.5,"as":350.0,"mi":"E","mv":158202,"sc":2,"lpe":99.86,"lpr":333.49,"lq":1.0},{"pi":"1520","pc":"Одежда и обувь","ss":100,"td":"Центр города","dc":1,"n":55.85,"vc":"около 100","sl":"Низкий","sv":"менее 50","p":200.0,"q":2.6,"b":0.0,"wi":0.2,"ei":4.34,"as":221.34,"mi":"E","mv":40150,"sc":1,"lpe":99.96,"lpr":211.81,"lq":1.0},{"pi":"1520","pc":"Одежда и обувь","ss":100,"td":"Центр города","dc":1,"n":55.85,"vc":"около 100","sl":"Низкий","sv":"менее 50","p":200.0,"q":2.6,"b":0.0,"wi":0.2,"ei":4.34,"as":221.34,"mi":"E","mv":40150,"sc":1,"lpe":99.96,"lpr":211.81,"lq":1.0},{"pi":"1520","pc":"Одежда и обувь","ss":100,"td":"Центр города","dc":1,"n":55.85,"vc":"около 100","sl":"Низкий","sv":"менее 50","p":200.0,"q":2.6,"b":0.0,"wi":0.2,"ei":4.34,"as":221.34,"mi":"E","mv":40150,"sc":1,"lpe":99.96,"lpr":211.81,"lq":1.0},{"pi":"1520","pc":"Одежда и обувь","ss":100,"td":"Центр города","dc":1,"n":55.85,"vc":"около 100","sl":"Низкий","sv":"менее 50","p":200.0,"q":2.6,"b":0.0,"wi":0.2,"ei":4.34,"as":221.34,"mi":"E","mv":40150,"sc":1,"lpe":99.96,"lpr":211.81,"lq":1.0},{"pi":"1520","pc":"Одежда и обувь","ss":100,"td":"Центр города","dc":1,"n":47.28,"vc":"около 50","sl":"Высокий","sv":"менее 50","p":137.37,"q":1.05,"b":0.0,"wi":0.12,"ei":2.8,"as":99.67,"mi":"E","mv":39335,"sc":1,"lpe":99.98,"lpr":108.79,"lq":1.0},{"pi":"1520","pc":"Одежда и обувь","ss":100,"td":"Центр города","dc":1,"n":47.28,"vc":"около 50","sl":"Высокий","sv":"менее 50","p":137.37,"q":1.05,"b":0.0,"wi":0.12,"ei":2.8,"as":99.67,"mi":"E","mv":39335,"sc":1,"lpe":99.98,"lpr":108.79,"lq":1.0},{"pi":"1520","pc":"Одежда и обувь","ss":100,"td":"Центр города","dc":1,"n":47.28,"vc":"около 50","sl":"Высокий","sv":"менее 50","p":137.37,"q":1.05,"b":0.0,"wi":0.12,"ei":2.8,"as":99.67,"mi":"E","mv":39335,"sc":1,"lpe":99.98,"lpr":108.79,"lq":1.0},{"pi":"1520","pc":"Одежда и обувь","ss":100,"td":"Центр города","dc":1,"n":47.28,"vc":"около 50","sl":"Высокий","sv":"менее 50","p":137.37,"q":1.05,"b":0.0,"wi":0.12,"ei":2.8,"as":99.67,"mi":"E","mv":39335,"sc":1,"lpe":99.98,"lpr":108.79,"lq":1.0},{"pi":"1520","pc":"Одежда и обувь","ss":100,"td":"Центр города","dc":1,"n":42.63,"vc":"около 50","sl":"Низкий","sv":"менее 50","p":172.42,"q":1.05,"b":0.0,"wi":0.19,"ei":4.43,"as":218.14,"mi":"E","mv":144895,"sc":1,"lpe":100.0,"lpr":215.08,"lq":1.0},{"pi":"1520","pc":"Одежда и обувь","ss":100,"td":"Центр города","dc":1,"n":42.63,"vc":"около 50","sl":"Низкий","sv":"менее 50","p":172.42,"q":1.05,"b":0.0,"wi":0.19,"ei":4.43,"as":218.14,"mi":"E","mv":144895,"sc":1,"lpe":100.0,"lpr":215.08,"lq":1.0},{"pi":"1520","pc":"Одежда и обувь","ss":100,"td":"Центр города","dc":1,"n":42.63,"vc":"около 50","sl":"Низкий","sv":"менее 50","p":172.42,"q":1.05,"b":0.0,"wi":0.19,"ei":4.43,"as":218.14,"mi":"E","mv":144895,"sc":1,"lpe":100.0,"lpr":215.08,"lq":1.0},{"pi":"1520","pc":"Одежда и обувь","ss":100,"td":"Центр города","dc":1,"n":48.19,"vc":"около 50","sl":"Высокий","sv":"менее 50","p":155.86,"q":1.05,"b":0.0,"wi":0.17,"ei":4.27,"as":150.27,"mi":"E","mv":15331,"sc":1,"lpe":99.92,"lpr":150.6,"lq":1.0},{"pi":"1520","pc":"Одежда и обувь","ss":100,"td":"Центр города","dc":1,"n":48.19,"vc":"около 50","sl":"Высокий","sv":"менее 50","p":155.86,"q":1.05,"b":0.0,"wi":0.17,"ei":4.27,"as":150.27,"mi":"E","mv":15331,"sc":1,"lpe":99.92,"lpr":150.6,"lq":1.0},{"pi":"1520","pc":"Одежда и обувь","ss":100,"td":"Центр города","dc":1,"n":48.19,"vc":"около 50","sl":"Высокий","sv":"менее 50","p":155.86,"q":1.05,"b":0.0,"wi":0.17,"ei":4.27,"as":150.27,"mi":"E","mv":15331,"sc":1,"lpe":99.92,"lpr":150.6,"lq":1.0},{"pi":"1520","pc":"Одежда и обувь","ss":100,"td":"Центр города","dc":1,"n":48.19,"vc":"около 50","sl":"Высокий","sv":"менее 50","p":155.86,"q":1.05,"b":0.0,"wi":0.17,"ei":4.27,"as":150.27,"mi":"E","mv":15331,"sc":1,"lpe":99.92,"lpr":150.6,"lq":1.0},{"pi":"1520","pc":"Одежда и обувь","ss":500,"td":"Центр города","dc":1,"n":116.24,"vc":"более 100","sl":"Очень высокий","sv":"более 100","p":177.58,"q":1.01,"b":0.0,"wi":0.21,"ei":4.28,"as":186.02,"mi":"E","mv":54128,"sc":1,"lpe":99.78,"lpr":184.5,"lq":1.0},{"pi":"1520","pc":"Одежда и обувь","ss":500,"td":"Центр города","dc":1,"n":116.24,"vc":"более 100","sl":"Очень высокий","sv":"более 100","p":177.58,"q":1.01,"b":0.0,"wi":0.21,"ei":4.28,"as":186.02,"mi":"E","mv":54128,"sc":1,"lpe":99.78,"lpr":184.5,"lq":1.0},{"pi":"1520","pc":"Одежда и обувь","ss":500,"td":"Центр города","dc":1,"n":116.24,"vc":"более 100","sl":"Очень высокий","sv":"более 100","p":177.58,"q":1.01,"b":0.0,"wi":0.21,"ei":4.28,"as":186.02,"mi":"E","mv":54128,"sc":1,"lpe":99.78,"lpr":184.5,"lq":1.0},{"pi":"1520","pc":"Одежда и обувь","ss":500,"td":"Центр города","dc":1,"n":116.24,"vc":"более 100","sl":"Очень высокий","sv":"более 100","p":177.58,"q":1.01,"b":0.0,"wi":0.21,"ei":4.28,"as":186.02,"mi":"E","mv":54128,"sc":1,"lpe":99.78,"lpr":184.5,"lq":1.0},{"pi":"1520","pc":"Одежда и обувь","ss":100,"td":"Центр города","dc":1,"n":46.07,"vc":"около 50","sl":"Высокий","sv":"менее 50","p":151.46,"q":1.05,"b":0.0,"wi":0.1,"ei":3.64,"as":105.12,"mi":"E","mv":47739,"sc":1,"lpe":99.99,"lpr":117.36,"lq":1.0},{"pi":"1520","pc":"Одежда и обувь","ss":100,"td":"Центр города","dc":1,"n":46.07,"vc":"около 50","sl":"Высокий","sv":"менее 50","p":151.46,"q":1.05,"b":0.0,"wi":0.1,"ei":3.64,"as":105.12,"mi":"E","mv":47739,"sc":1,"lpe":99.99,"lpr":117.36,"lq":1.0},{"pi":"1520","pc":"Одежда и обувь","ss":100,"td":"Центр города","dc":1,"n":46.07,"vc":"около 50","sl":"Высокий","sv":"менее 50","p":151.46,"q":1.05,"b":0.0,"wi":0.1,"ei":3.64,"as":105.12,"mi":"E","mv":47739,"sc":1,"lpe":99.99,"lpr":117.36,"lq":1.0},{"pi":"1520","pc":"Одежда и обувь","ss":100,"td":"Центр города","dc":1,"n":46.07,"vc":"около 50","sl":"Высокий","sv":"менее 50","p":151.46,"q":1.05,"b":0.0,"wi":0.1,"ei":3.64,"as":105.12,"mi":"E","mv":47739,"sc":1,"lpe":99.99,"lpr":117.36,"lq":1.0},{"pi":"1520","pc":"Одежда и обувь","ss":100,"td":"Центр города","dc":1,"n":48.54,"vc":"около 50","sl":"Нормальный","sv":"менее 50","p":161.15,"q":1.05,"b":0.0,"wi":0.16,"ei":4.27,"as":156.32,"mi":"E","mv":66010,"sc":1,"lpe":99.99,"lpr":158.75,"lq":1.0},{"pi":"1520","pc":"Одежда и обувь","ss":100,"td":"Центр города","dc":1,"n":48.54,"vc":"около 50","sl":"Нормальный","sv":"менее 50","p":161.15,"q":1.05,"b":0.0,"wi":0.16,"ei":4.27,"as":156.32,"mi":"E","mv":66010,"sc":1,"lpe":99.99,"lpr":158.75,"lq":1.0},{"pi":"1520","pc":"Одежда и обувь","ss":100,"td":"Центр города","dc":1,"n":48.54,"vc":"около 50","sl":"Нормальный","sv":"менее 50","p":161.15,"q":1.05,"b":0.0,"wi":0.16,"ei":4.27,"as":156.32,"mi":"E","mv":66010,"sc":1,"lpe":99.99,"lpr":158.75,"lq":1.0},{"pi":"1520","pc":"Одежда и обувь","ss":100,"td":"Центр города","dc":1,"n":48.54,"vc":"около 50","sl":"Нормальный","sv":"менее 50","p":161.15,"q":1.05,"b":0.0,"wi":0.16,"ei":4.27,"as":156.32,"mi":"E","mv":66010,"sc":1,"lpe":99.99,"lpr":158.75,"lq":1.0},{"pi":"1520","pc":"Одежда и обувь","ss":100,"td":"Центр города","dc":1,"n":65.94,"vc":"около 50","sl":"Нормальный","sv":"менее 50","p":172.24,"q":1.05,"b":0.0,"wi":0.18,"ei":4.01,"as":153.22,"mi":"E","mv":115103,"sc":1,"lpe":99.99,"lpr":156.22,"lq":1.0},{"pi":"1520","pc":"Одежда и обувь","ss":100,"td":"Центр города","dc":1,"n":65.94,"vc":"около 50","sl":"Нормальный","sv":"менее 50","p":172.24,"q":1.05,"b":0.0,"wi":0.18,"ei":4.01,"as":153.22,"mi":"E","mv":115103,"sc":1,"lpe":99.99,"lpr":156.22,"lq":1.0},{"pi":"1520","pc":"Одежда и обувь","ss":100,"td":"Центр города","dc":1,"n":65.94,"vc":"около 50","sl":"Нормальный","sv":"менее 50","p":172.24,"q":1.05,"b":0.0,"wi":0.18,"ei":4.01,"as":153.22,"mi":"E","mv":115103,"sc":1,"lpe":99.99,"lpr":156.22,"lq":1.0},{"pi":"1520","pc":"Одежда и обувь","ss":100,"td":"Центр города","dc":1,"n":65.94,"vc":"около 50","sl":"Нормальный","sv":"менее 50","p":172.24,"q":1.05,"b":0.0,"wi":0.18,"ei":4.01,"as":153.22,"mi":"E","mv":115103,"sc":1,"lpe":99.99,"lpr":156.22,"lq":1.0},{"pi":"1520","pc":"Одежда и обувь","ss":10000,"td":"Центр города","dc":3,"n":112.48,"vc":"около 5 000","sl":"Очень высокий","sv":"около 1 000","p":800.0,"q":1.0,"b":0.0,"wi":0.66,"ei":4.1,"as":730.0,"mi":"E","mv":1229251,"sc":1,"lpe":99.93,"lpr":673.45,"lq":1.0},{"pi":"1520","pc":"Одежда и обувь","ss":10000,"td":"Центр города","dc":3,"n":112.48,"vc":"около 5 000","sl":"Очень высокий","sv":"около 1 000","p":800.0,"q":1.0,"b":0.0,"wi":0.66,"ei":4.1,"as":730.0,"mi":"E","mv":1229251,"sc":1,"lpe":99.93,"lpr":673.45,"lq":1.0},{"pi":"1520","pc":"Одежда и обувь","ss":10000,"td":"Центр города","dc":3,"n":112.48,"vc":"около 5 000","sl":"Очень высокий","sv":"около 1 000","p":800.0,"q":1.0,"b":0.0,"wi":0.66,"ei":4.1,"as":730.0,"mi":"E","mv":1229251,"sc":1,"lpe":99.93,"lpr":673.45,"lq":1.0},{"pi":"1520","pc":"Одежда и обувь","ss":10000,"td":"Центр города","dc":3,"n":112.48,"vc":"около 5 000","sl":"Очень высокий","sv":"около 1 000","p":800.0,"q":1.0,"b":0.0,"wi":0.66,"ei":4.1,"as":730.0,"mi":"E","mv":1229251,"sc":1,"lpe":99.93,"lpr":673.45,"lq":1.0},{"pi":"1520","pc":"Одежда и обувь","ss":10000,"td":"Центр города","dc":3,"n":112.48,"vc":"около 5 000","sl":"Очень высокий","sv":"около 1 000","p":800.0,"q":1.0,"b":0.0,"wi":0.66,"ei":4.1,"as":730.0,"mi":"E","mv":1229251,"sc":1,"lpe":99.93,"lpr":673.45,"lq":1.0},{"pi":"1520","pc":"Одежда и обувь","ss":10000,"td":"Центр города","dc":3,"n":112.48,"vc":"около 5 000","sl":"Очень высокий","sv":"около 1 000","p":800.0,"q":1.0,"b":0.0,"wi":0.66,"ei":4.1,"as":730.0,"mi":"E","mv":1229251,"sc":1,"lpe":99.93,"lpr":673.45,"lq":1.0},{"pi":"1520","pc":"Одежда и обувь","ss":10000,"td":"Центр города","dc":3,"n":112.48,"vc":"около 5 000","sl":"Очень высокий","sv":"около 1 000","p":800.0,"q":1.0,"b":0.0,"wi":0.66,"ei":4.1,"as":730.0,"mi":"E","mv":1229251,"sc":1,"lpe":99.93,"lpr":673.45,"lq":1.0},{"pi":"1520","pc":"Одежда и обувь","ss":10000,"td":"Центр города","dc":3,"n":112.48,"vc":"около 5 000","sl":"Очень высокий","sv":"около 1 000","p":800.0,"q":1.0,"b":0.0,"wi":0.66,"ei":4.1,"as":730.0,"mi":"E","mv":1229251,"sc":1,"lpe":99.93,"lpr":673.45,"lq":1.0},{"pi":"1520","pc":"Одежда и обувь","ss":10000,"td":"Центр города","dc":3,"n":112.48,"vc":"около 5 000","sl":"Очень высокий","sv":"около 1 000","p":800.0,"q":1.0,"b":0.0,"wi":0.66,"ei":4.1,"as":730.0,"mi":"E","mv":1229251,"sc":1,"lpe":99.93,"lpr":673.45,"lq":1.0},{"pi":"1520","pc":"Одежда и обувь","ss":10000,"td":"Центр города","dc":3,"n":112.48,"vc":"около 5 000","sl":"Очень высокий","sv":"около 1 000","p":800.0,"q":1.0,"b":0.0,"wi":0.66,"ei":4.1,"as":730.0,"mi":"E","mv":1229251,"sc":1,"lpe":99.93,"lpr":673.45,"lq":1.0},{"pi":"1520","pc":"Одежда и обувь","ss":10000,"td":"Центр города","dc":3,"n":112.48,"vc":"около 5 000","sl":"Очень высокий","sv":"около 1 000","p":800.0,"q":1.0,"b":0.0,"wi":0.66,"ei":4.1,"as":730.0,"mi":"E","mv":1229251,"sc":1,"lpe":99.93,"lpr":673.45,"lq":1.0},{"pi":"1520","pc":"Одежда и обувь","ss":10000,"td":"Центр города","dc":3,"n":112.48,"vc":"около 5 000","sl":"Очень высокий","sv":"около 1 000","p":800.0,"q":1.0,"b":0.0,"wi":0.66,"ei":4.1,"as":730.0,"mi":"E","mv":1229251,"sc":1,"lpe":99.93,"lpr":673.45,"lq":1.0},{"pi":"1520","pc":"Одежда и обувь","ss":10000,"td":"Центр города","dc":3,"n":112.48,"vc":"около 5 000","sl":"Очень высокий","sv":"около 1 000","p":800.0,"q":1.0,"b":0.0,"wi":0.66,"ei":4.1,"as":730.0,"mi":"E","mv":1229251,"sc":1,"lpe":99.93,"lpr":673.45,"lq":1.0},{"pi":"1520","pc":"Одежда и обувь","ss":100,"td":"Центр города","dc":1,"n":48.31,"vc":"около 50","sl":"Высокий","sv":"менее 50","p":113.17,"q":1.05,"b":0.0,"wi":0.13,"ei":3.71,"as":101.4,"mi":"E","mv":27624,"sc":1,"lpe":99.98,"lpr":110.25,"lq":1.0},{"pi":"1520","pc":"Одежда и обувь","ss":100,"td":"Центр города","dc":1,"n":48.31,"vc":"около 50","sl":"Высокий","sv":"менее 50","p":113.17,"q":1.05,"b":0.0,"wi":0.13,"ei":3.71,"as":101.4,"mi":"E","mv":27624,"sc":1,"lpe":99.98,"lpr":110.25,"lq":1.0},{"pi":"1520","pc":"Одежда и обувь","ss":100,"td":"Центр города","dc":1,"n":48.31,"vc":"около 50","sl":"Высокий","sv":"менее 50","p":113.17,"q":1.05,"b":0.0,"wi":0.13,"ei":3.71,"as":101.4,"mi":"E","mv":27624,"sc":1,"lpe":99.98,"lpr":110.25,"lq":1.0},{"pi":"1520","pc":"Одежда и обувь","ss":100,"td":"Центр города","dc":1,"n":48.31,"vc":"около 50","sl":"Высокий","sv":"менее 50","p":113.17,"q":1.05,"b":0.0,"wi":0.13,"ei":3.71,"as":101.4,"mi":"E","mv":27624,"sc":1,"lpe":99.98,"lpr":110.25,"lq":1.0},{"pi":"1520","pc":"Одежда и обувь","ss":500,"td":"City center","dc":1,"n":34.79,"vc":"более 100","sl":"Нормальный","sv":"около 50","p":286.63,"q":1.05,"b":0.0,"wi":0.26,"ei":4.4,"as":273.11,"mi":"E","mv":321010,"sc":1,"lpe":99.99,"lpr":263.16,"lq":1.0},{"pi":"1520","pc":"Одежда и обувь","ss":500,"td":"City center","dc":1,"n":34.79,"vc":"более 100","sl":"Нормальный","sv":"около 50","p":286.63,"q":1.05,"b":0.0,"wi":0.26,"ei":4.4,"as":273.11,"mi":"E","mv":321010,"sc":1,"lpe":99.99,"lpr":263.16,"lq":1.0},{"pi":"1520","pc":"Одежда и обувь","ss":500,"td":"City center","dc":1,"n":34.79,"vc":"более 100","sl":"Нормальный","sv":"около 50","p":286.63,"q":1.05,"b":0.0,"wi":0.26,"ei":4.4,"as":273.11,"mi":"E","mv":321010,"sc":1,"lpe":99.99,"lpr":263.16,"lq":1.0},{"pi":"1520","pc":"Одежда и обувь","ss":500,"td":"City center","dc":1,"n":34.79,"vc":"более 100","sl":"Нормальный","sv":"около 50","p":286.63,"q":1.05,"b":0.0,"wi":0.26,"ei":4.4,"as":273.11,"mi":"E","mv":321010,"sc":1,"lpe":99.99,"lpr":263.16,"lq":1.0},{"pi":"1520","pc":"Одежда и обувь","ss":1000,"td":"Центр города","dc":3,"n":51.64,"vc":"около 1 000","sl":"Очень высокий","sv":"менее 50","p":1200.0,"q":10.0,"b":0.0,"wi":1.36,"ei":8.7,"as":1410.0,"mi":"E","mv":469215,"sc":1,"lpe":100.0,"lpr":1299.04,"lq":1.0},{"pi":"1520","pc":"Одежда и обувь","ss":1000,"td":"Центр города","dc":3,"n":51.64,"vc":"около 1 000","sl":"Очень высокий","sv":"менее 50","p":1200.0,"q":10.0,"b":0.0,"wi":1.36,"ei":8.7,"as":1410.0,"mi":"E","mv":469215,"sc":1,"lpe":100.0,"lpr":1299.04,"lq":1.0},{"pi":"1520","pc":"Одежда и обувь","ss":1000,"td":"Центр города","dc":3,"n":51.64,"vc":"около 1 000","sl":"Очень высокий","sv":"менее 50","p":1200.0,"q":10.0,"b":0.0,"wi":1.36,"ei":8.7,"as":1410.0,"mi":"E","mv":469215,"sc":1,"lpe":100.0,"lpr":1299.04,"lq":1.0},{"pi":"1520","pc":"Одежда и обувь","ss":1000,"td":"Центр города","dc":3,"n":51.64,"vc":"около 1 000","sl":"Очень высокий","sv":"менее 50","p":1200.0,"q":10.0,"b":0.0,"wi":1.36,"ei":8.7,"as":1410.0,"mi":"E","mv":469215,"sc":1,"lpe":100.0,"lpr":1299.04,"lq":1.0},{"pi":"1520","pc":"Одежда и обувь","ss":1000,"td":"Центр города","dc":3,"n":51.64,"vc":"около 1 000","sl":"Очень высокий","sv":"менее 50","p":1200.0,"q":10.0,"b":0.0,"wi":1.36,"ei":8.7,"as":1410.0,"mi":"E","mv":469215,"sc":1,"lpe":100.0,"lpr":1299.04,"lq":1.0},{"pi":"1520","pc":"Одежда и обувь","ss":1000,"td":"Центр города","dc":3,"n":51.64,"vc":"около 1 000","sl":"Очень высокий","sv":"менее 50","p":1200.0,"q":10.0,"b":0.0,"wi":1.36,"ei":8.7,"as":1410.0,"mi":"E","mv":469215,"sc":1,"lpe":100.0,"lpr":1299.04,"lq":1.0},{"pi":"1520","pc":"Одежда и обувь","ss":1000,"td":"Центр города","dc":3,"n":51.64,"vc":"около 1 000","sl":"Очень высокий","sv":"менее 50","p":1200.0,"q":10.0,"b":0.0,"wi":1.36,"ei":8.7,"as":1410.0,"mi":"E","mv":469215,"sc":1,"lpe":100.0,"lpr":1299.04,"lq":1.0},{"pi":"1520","pc":"Одежда и обувь","ss":1000,"td":"Центр города","dc":3,"n":51.64,"vc":"около 1 000","sl":"Очень высокий","sv":"менее 50","p":1200.0,"q":10.0,"b":0.0,"wi":1.36,"ei":8.7,"as":1410.0,"mi":"E","mv":469215,"sc":1,"lpe":100.0,"lpr":1299.04,"lq":1.0},{"pi":"1520","pc":"Одежда и обувь","ss":1000,"td":"Центр города","dc":3,"n":51.64,"vc":"около 1 000","sl":"Очень высокий","sv":"менее 50","p":1200.0,"q":10.0,"b":0.0,"wi":1.36,"ei":8.7,"as":1410.0,"mi":"E","mv":469215,"sc":1,"lpe":100.0,"lpr":1299.04,"lq":1.0},{"pi":"1520","pc":"Одежда и обувь","ss":1000,"td":"Центр города","dc":3,"n":51.64,"vc":"около 1 000","sl":"Очень высокий","sv":"менее 50","p":1200.0,"q":10.0,"b":0.0,"wi":1.36,"ei":8.7,"as":1410.0,"mi":"E","mv":469215,"sc":1,"lpe":100.0,"lpr":1299.04,"lq":1.0},{"pi":"1520","pc":"Одежда и обувь","ss":1000,"td":"Центр города","dc":3,"n":51.64,"vc":"около 1 000","sl":"Очень высокий","sv":"менее 50","p":1200.0,"q":10.0,"b":0.0,"wi":1.36,"ei":8.7,"as":1410.0,"mi":"E","mv":469215,"sc":1,"lpe":100.0,"lpr":1299.04,"lq":1.0},{"pi":"1520","pc":"Одежда и обувь","ss":1000,"td":"Центр города","dc":3,"n":51.64,"vc":"около 1 000","sl":"Очень высокий","sv":"менее 50","p":1200.0,"q":10.0,"b":0.0,"wi":1.36,"ei":8.7,"as":1410.0,"mi":"E","mv":469215,"sc":1,"lpe":100.0,"lpr":1299.04,"lq":1.0},{"pi":"1520","pc":"Одежда и обувь","ss":1000,"td":"Центр города","dc":3,"n":51.64,"vc":"около 1 000","sl":"Очень высокий","sv":"менее 50","p":1200.0,"q":10.0,"b":0.0,"wi":1.36,"ei":8.7,"as":1410.0,"mi":"E","mv":469215,"sc":1,"lpe":100.0,"lpr":1299.04,"lq":1.0},{"pi":"1520","pc":"Одежда и обувь","ss":100,"td":"Центр города","dc":1,"n":49.14,"vc":"более 100","sl":"Низкий","sv":"менее 50","p":177.12,"q":1.05,"b":0.0,"wi":0.16,"ei":4.16,"as":167.92,"mi":"E","mv":148994,"sc":1,"lpe":99.99,"lpr":165.21,"lq":1.0},{"pi":"1520","pc":"Одежда и обувь","ss":100,"td":"Центр города","dc":1,"n":49.14,"vc":"более 100","sl":"Низкий","sv":"менее 50","p":177.12,"q":1.05,"b":0.0,"wi":0.16,"ei":4.16,"as":167.92,"mi":"E","mv":148994,"sc":1,"lpe":99.99,"lpr":165.21,"lq":1.0},{"pi":"1520","pc":"Одежда и обувь","ss":100,"td":"Центр города","dc":1,"n":49.14,"vc":"более 100","sl":"Низкий","sv":"менее 50","p":177.12,"q":1.05,"b":0.0,"wi":0.16,"ei":4.16,"as":167.92,"mi":"E","mv":148994,"sc":1,"lpe":99.99,"lpr":165.21,"lq":1.0},{"pi":"1520","pc":"Одежда и обувь","ss":100,"td":"Центр города","dc":1,"n":49.14,"vc":"более 100","sl":"Низкий","sv":"менее 50","p":177.12,"q":1.05,"b":0.0,"wi":0.16,"ei":4.16,"as":167.92,"mi":"E","mv":148994,"sc":1,"lpe":99.99,"lpr":165.21,"lq":1.0},{"pi":"1520","pc":"Одежда и обувь","ss":100,"td":"Центр города","dc":1,"n":46.07,"vc":"около 50","sl":"Нормальный","sv":"менее 50","p":196.66,"q":1.05,"b":0.0,"wi":0.2,"ei":4.35,"as":171.23,"mi":"E","mv":67892,"sc":1,"lpe":100.0,"lpr":168.91,"lq":1.0},{"pi":"1520","pc":"Одежда и обувь","ss":100,"td":"Центр города","dc":1,"n":46.07,"vc":"около 50","sl":"Нормальный","sv":"менее 50","p":196.66,"q":1.05,"b":0.0,"wi":0.2,"ei":4.35,"as":171.23,"mi":"E","mv":67892,"sc":1,"lpe":100.0,"lpr":168.91,"lq":1.0},{"pi":"1520","pc":"Одежда и обувь","ss":100,"td":"Центр города","dc":1,"n":49.02,"vc":"более 100","sl":"Низкий","sv":"менее 50","p":190.07,"q":1.05,"b":0.0,"wi":0.2,"ei":4.22,"as":177.8,"mi":"E","mv":236831,"sc":2,"lpe":99.99,"lpr":177.75,"lq":1.0},{"pi":"1520","pc":"Одежда и обувь","ss":100,"td":"Центр города","dc":1,"n":49.26,"vc":"около 100","sl":"Низкий","sv":"менее 50","p":192.39,"q":1.05,"b":0.0,"wi":0.2,"ei":4.22,"as":177.8,"mi":"E","mv":236831,"sc":2,"lpe":99.99,"lpr":177.75,"lq":1.0},{"pi":"1520","pc":"Одежда и обувь","ss":100,"td":"Центр города","dc":1,"n":49.02,"vc":"более 100","sl":"Низкий","sv":"менее 50","p":190.07,"q":1.05,"b":0.0,"wi":0.2,"ei":4.22,"as":177.8,"mi":"E","mv":236831,"sc":2,"lpe":99.99,"lpr":177.75,"lq":1.0},{"pi":"1520","pc":"Одежда и обувь","ss":100,"td":"Центр города","dc":1,"n":49.26,"vc":"около 100","sl":"Низкий","sv":"менее 50","p":192.39,"q":1.05,"b":0.0,"wi":0.2,"ei":4.22,"as":177.8,"mi":"E","mv":236831,"sc":2,"lpe":99.99,"lpr":177.75,"lq":1.0},{"pi":"1520","pc":"Одежда и обувь","ss":100,"td":"Центр города","dc":1,"n":49.26,"vc":"около 100","sl":"Низкий","sv":"менее 50","p":192.39,"q":1.05,"b":0.0,"wi":0.2,"ei":4.22,"as":177.8,"mi":"E","mv":236831,"sc":2,"lpe":99.99,"lpr":177.75,"lq":1.0},{"pi":"1520","pc":"Одежда и обувь","ss":100,"td":"Центр города","dc":1,"n":49.02,"vc":"более 100","sl":"Низкий","sv":"менее 50","p":190.07,"q":1.05,"b":0.0,"wi":0.2,"ei":4.22,"as":177.8,"mi":"E","mv":236831,"sc":2,"lpe":99.99,"lpr":177.75,"lq":1.0},{"pi":"1520","pc":"Одежда и обувь","ss":100,"td":"Центр города","dc":1,"n":49.02,"vc":"более 100","sl":"Низкий","sv":"менее 50","p":190.07,"q":1.05,"b":0.0,"wi":0.2,"ei":4.22,"as":177.8,"mi":"E","mv":236831,"sc":2,"lpe":99.99,"lpr":177.75,"lq":1.0},{"pi":"1520","pc":"Одежда и обувь","ss":100,"td":"Центр города","dc":1,"n":49.26,"vc":"около 100","sl":"Низкий","sv":"менее 50","p":192.39,"q":1.05,"b":0.0,"wi":0.2,"ei":4.22,"as":177.8,"mi":"E","mv":236831,"sc":2,"lpe":99.99,"lpr":177.75,"lq":1.0},{"pi":"1520","pc":"Одежда и обувь","ss":100,"td":"Центр города","dc":1,"n":47.96,"vc":"более 100","sl":"Низкий","sv":"менее 50","p":136.79,"q":1.05,"b":0.0,"wi":0.14,"ei":3.0,"as":119.04,"mi":"E","mv":150182,"sc":3,"lpe":99.99,"lpr":126.24,"lq":1.0},{"pi":"1520","pc":"Одежда и обувь","ss":500,"td":"Центр города","dc":1,"n":36.94,"vc":"более 100","sl":"Высокий","sv":"менее 50","p":117.9,"q":1.51,"b":0.0,"wi":0.14,"ei":3.0,"as":119.04,"mi":"E","mv":150182,"sc":3,"lpe":99.99,"lpr":126.24,"lq":1.0},{"pi":"1520","pc":"Одежда и обувь","ss":100,"td":"Центр города","dc":1,"n":47.96,"vc":"более 100","sl":"Низкий","sv":"менее 50","p":136.79,"q":1.05,"b":0.0,"wi":0.14,"ei":3.0,"as":119.04,"mi":"E","mv":150182,"sc":3,"lpe":99.99,"lpr":126.24,"lq":1.0},{"pi":"1520","pc":"Одежда и обувь","ss":500,"td":"Центр города","dc":1,"n":36.94,"vc":"более 100","sl":"Высокий","sv":"менее 50","p":117.9,"q":1.51,"b":0.0,"wi":0.14,"ei":3.0,"as":119.04,"mi":"E","mv":150182,"sc":3,"lpe":99.99,"lpr":126.24,"lq":1.0},{"pi":"1520","pc":"Одежда и обувь","ss":100,"td":"Центр города","dc":1,"n":42.45,"vc":"около 100","sl":"Очень низкий","sv":"менее 50","p":143.76,"q":1.05,"b":0.0,"wi":0.14,"ei":3.0,"as":119.04,"mi":"E","mv":150182,"sc":3,"lpe":99.99,"lpr":126.24,"lq":1.0},{"pi":"1520","pc":"Одежда и обувь","ss":100,"td":"Центр города","dc":1,"n":47.96,"vc":"более 100","sl":"Низкий","sv":"менее 50","p":136.79,"q":1.05,"b":0.0,"wi":0.14,"ei":3.0,"as":119.04,"mi":"E","mv":150182,"sc":3,"lpe":99.99,"lpr":126.24,"lq":1.0},{"pi":"1520","pc":"Одежда и обувь","ss":500,"td":"Центр города","dc":1,"n":36.94,"vc":"более 100","sl":"Высокий","sv":"менее 50","p":117.9,"q":1.51,"b":0.0,"wi":0.14,"ei":3.0,"as":119.04,"mi":"E","mv":150182,"sc":3,"lpe":99.99,"lpr":126.24,"lq":1.0},{"pi":"1520","pc":"Одежда и обувь","ss":100,"td":"Центр города","dc":1,"n":42.45,"vc":"около 100","sl":"Очень низкий","sv":"менее 50","p":143.76,"q":1.05,"b":0.0,"wi":0.14,"ei":3.0,"as":119.04,"mi":"E","mv":150182,"sc":3,"lpe":99.99,"lpr":126.24,"lq":1.0},{"pi":"1520","pc":"Одежда и обувь","ss":100,"td":"Центр города","dc":1,"n":47.96,"vc":"более 100","sl":"Низкий","sv":"менее 50","p":136.79,"q":1.05,"b":0.0,"wi":0.14,"ei":3.0,"as":119.04,"mi":"E","mv":150182,"sc":3,"lpe":99.99,"lpr":126.24,"lq":1.0},{"pi":"1520","pc":"Одежда и обувь","ss":500,"td":"Центр города","dc":1,"n":36.94,"vc":"более 100","sl":"Высокий","sv":"менее 50","p":117.9,"q":1.51,"b":0.0,"wi":0.14,"ei":3.0,"as":119.04,"mi":"E","mv":150182,"sc":3,"lpe":99.99,"lpr":126.24,"lq":1.0},{"pi":"1520","pc":"Одежда и обувь","ss":100,"td":"Центр города","dc":1,"n":42.45,"vc":"около 100","sl":"Очень низкий","sv":"менее 50","p":143.76,"q":1.05,"b":0.0,"wi":0.14,"ei":3.0,"as":119.04,"mi":"E","mv":150182,"sc":3,"lpe":99.99,"lpr":126.24,"lq":1.0},{"pi":"1520","pc":"Одежда и обувь","ss":100,"td":"Центр города","dc":1,"n":47.05,"vc":"менее 50","sl":"Нормальный","sv":"менее 50","p":152.67,"q":1.05,"b":0.0,"wi":0.14,"ei":3.65,"as":118.24,"mi":"E","mv":11397,"sc":1,"lpe":99.99,"lpr":123.52,"lq":1.0},{"pi":"1520","pc":"Одежда и обувь","ss":100,"td":"Центр города","dc":1,"n":48.78,"vc":"около 50","sl":"Очень высокий","sv":"менее 50","p":148.49,"q":1.05,"b":0.0,"wi":0.15,"ei":3.78,"as":137.75,"mi":"E","mv":9817,"sc":1,"lpe":99.86,"lpr":140.3,"lq":1.0},{"pi":"1520","pc":"Одежда и обувь","ss":100,"td":"Центр города","dc":1,"n":48.78,"vc":"около 50","sl":"Очень высокий","sv":"менее 50","p":148.49,"q":1.05,"b":0.0,"wi":0.15,"ei":3.78,"as":137.75,"mi":"E","mv":9817,"sc":1,"lpe":99.86,"lpr":140.3,"lq":1.0},{"pi":"1520","pc":"Одежда и обувь","ss":100,"td":"Центр города","dc":1,"n":48.78,"vc":"около 50","sl":"Очень высокий","sv":"менее 50","p":148.49,"q":1.05,"b":0.0,"wi":0.15,"ei":3.78,"as":137.75,"mi":"E","mv":9817,"sc":1,"lpe":99.86,"lpr":140.3,"lq":1.0},{"pi":"1520","pc":"Одежда и обувь","ss":100,"td":"Центр города","dc":1,"n":48.78,"vc":"около 50","sl":"Очень высокий","sv":"менее 50","p":148.49,"q":1.05,"b":0.0,"wi":0.15,"ei":3.78,"as":137.75,"mi":"E","mv":9817,"sc":1,"lpe":99.86,"lpr":140.3,"lq":1.0},{"pi":"1520","pc":"Одежда и обувь","ss":500,"td":"Спальный район","dc":3,"n":60.86,"vc":"более 100","sl":"Очень высокий","sv":"около 50","p":750.0,"q":1.0,"b":0.0,"wi":1.29,"ei":7.4,"as":1180.0,"mi":"E","mv":146010,"sc":1,"lpe":99.97,"lpr":1087.06,"lq":1.0},{"pi":"1520","pc":"Одежда и обувь","ss":500,"td":"Спальный район","dc":3,"n":60.86,"vc":"более 100","sl":"Очень высокий","sv":"около 50","p":750.0,"q":1.0,"b":0.0,"wi":1.29,"ei":7.4,"as":1180.0,"mi":"E","mv":146010,"sc":1,"lpe":99.97,"lpr":1087.06,"lq":1.0},{"pi":"1520","pc":"Одежда и обувь","ss":500,"td":"Спальный район","dc":3,"n":60.86,"vc":"более 100","sl":"Очень высокий","sv":"около 50","p":750.0,"q":1.0,"b":0.0,"wi":1.29,"ei":7.4,"as":1180.0,"mi":"E","mv":146010,"sc":1,"lpe":99.97,"lpr":1087.06,"lq":1.0},{"pi":"1520","pc":"Одежда и обувь","ss":500,"td":"Спальный район","dc":3,"n":60.86,"vc":"более 100","sl":"Очень высокий","sv":"около 50","p":750.0,"q":1.0,"b":0.0,"wi":1.29,"ei":7.4,"as":1180.0,"mi":"E","mv":146010,"sc":1,"lpe":99.97,"lpr":1087.06,"lq":1.0},{"pi":"1520","pc":"Одежда и обувь","ss":500,"td":"Спальный район","dc":3,"n":60.86,"vc":"более 100","sl":"Очень высокий","sv":"около 50","p":750.0,"q":1.0,"b":0.0,"wi":1.29,"ei":7.4,"as":1180.0,"mi":"E","mv":146010,"sc":1,"lpe":99.97,"lpr":1087.06,"lq":1.0},{"pi":"1520","pc":"Одежда и обувь","ss":500,"td":"Спальный район","dc":3,"n":60.86,"vc":"более 100","sl":"Очень высокий","sv":"около 50","p":750.0,"q":1.0,"b":0.0,"wi":1.29,"ei":7.4,"as":1180.0,"mi":"E","mv":146010,"sc":1,"lpe":99.97,"lpr":1087.06,"lq":1.0},{"pi":"1520","pc":"Одежда и обувь","ss":500,"td":"Спальный район","dc":3,"n":60.86,"vc":"более 100","sl":"Очень высокий","sv":"около 50","p":750.0,"q":1.0,"b":0.0,"wi":1.29,"ei":7.4,"as":1180.0,"mi":"E","mv":146010,"sc":1,"lpe":99.97,"lpr":1087.06,"lq":1.0},{"pi":"1520","pc":"Одежда и обувь","ss":500,"td":"Спальный район","dc":3,"n":60.86,"vc":"более 100","sl":"Очень высокий","sv":"около 50","p":750.0,"q":1.0,"b":0.0,"wi":1.29,"ei":7.4,"as":1180.0,"mi":"E","mv":146010,"sc":1,"lpe":99.97,"lpr":1087.06,"lq":1.0},{"pi":"1520","pc":"Одежда и обувь","ss":500,"td":"Спальный район","dc":3,"n":60.86,"vc":"более 100","sl":"Очень высокий","sv":"около 50","p":750.0,"q":1.0,"b":0.0,"wi":1.29,"ei":7.4,"as":1180.0,"mi":"E","mv":146010,"sc":1,"lpe":99.97,"lpr":1087.06,"lq":1.0},{"pi":"1520","pc":"Одежда и обувь","ss":500,"td":"Спальный район","dc":3,"n":60.86,"vc":"более 100","sl":"Очень высокий","sv":"около 50","p":750.0,"q":1.0,"b":0.0,"wi":1.29,"ei":7.4,"as":1180.0,"mi":"E","mv":146010,"sc":1,"lpe":99.97,"lpr":1087.06,"lq":1.0},{"pi":"1520","pc":"Одежда и обувь","ss":500,"td":"Спальный район","dc":3,"n":60.86,"vc":"более 100","sl":"Очень высокий","sv":"около 50","p":750.0,"q":1.0,"b":0.0,"wi":1.29,"ei":7.4,"as":1180.0,"mi":"E","mv":146010,"sc":1,"lpe":99.97,"lpr":1087.06,"lq":1.0},{"pi":"1520","pc":"Одежда и обувь","ss":500,"td":"Спальный район","dc":3,"n":60.86,"vc":"более 100","sl":"Очень высокий","sv":"около 50","p":750.0,"q":1.0,"b":0.0,"wi":1.29,"ei":7.4,"as":1180.0,"mi":"E","mv":146010,"sc":1,"lpe":99.97,"lpr":1087.06,"lq":1.0},{"pi":"1520","pc":"Одежда и обувь","ss":500,"td":"Спальный район","dc":3,"n":60.86,"vc":"более 100","sl":"Очень высокий","sv":"около 50","p":750.0,"q":1.0,"b":0.0,"wi":1.29,"ei":7.4,"as":1180.0,"mi":"E","mv":146010,"sc":1,"lpe":99.97,"lpr":1087.06,"lq":1.0},{"pi":"1520","pc":"Одежда и обувь","ss":500,"td":"Центр города","dc":1,"n":61.78,"vc":"около 100","sl":"Высокий","sv":"менее 50","p":260.0,"q":2.55,"b":0.0,"wi":0.22,"ei":2.99,"as":224.75,"mi":"E","mv":5636,"sc":1,"lpe":99.5,"lpr":214.8,"lq":1.0},{"pi":"1520","pc":"Одежда и обувь","ss":500,"td":"Центр города","dc":1,"n":61.78,"vc":"около 100","sl":"Высокий","sv":"менее 50","p":260.0,"q":2.55,"b":0.0,"wi":0.22,"ei":2.99,"as":224.75,"mi":"E","mv":5636,"sc":1,"lpe":99.5,"lpr":214.8,"lq":1.0},{"pi":"1520","pc":"Одежда и обувь","ss":500,"td":"Центр города","dc":1,"n":61.78,"vc":"около 100","sl":"Высокий","sv":"менее 50","p":260.0,"q":2.55,"b":0.0,"wi":0.22,"ei":2.99,"as":224.75,"mi":"E","mv":5636,"sc":1,"lpe":99.5,"lpr":214.8,"lq":1.0},{"pi":"1520","pc":"Одежда и обувь","ss":500,"td":"Центр города","dc":1,"n":61.78,"vc":"около 100","sl":"Высокий","sv":"менее 50","p":260.0,"q":2.55,"b":0.0,"wi":0.22,"ei":2.99,"as":224.75,"mi":"E","mv":5636,"sc":1,"lpe":99.5,"lpr":214.8,"lq":1.0},{"pi":"1520","pc":"Одежда и обувь","ss":1000,"td":"Спальный район","dc":3,"n":46.24,"vc":"более 300","sl":"Очень высокий","sv":"около 50","p":700.0,"q":5.0,"b":0.0,"wi":1.13,"ei":7.3,"as":1135.0,"mi":"E","mv":154633,"sc":6,"lpe":99.72,"lpr":1045.74,"lq":1.0},{"pi":"1520","pc":"Одежда и обувь","ss":1000,"td":"Центр города","dc":3,"n":160.05,"vc":"около 1 000","sl":"Очень высокий","sv":"более 100","p":850.0,"q":5.0,"b":0.0,"wi":1.13,"ei":7.3,"as":1135.0,"mi":"E","mv":154633,"sc":6,"lpe":99.72,"lpr":1045.74,"lq":1.0},{"pi":"1520","pc":"Одежда и обувь","ss":1000,"td":"Окраина","dc":2,"n":163.41,"vc":"около 500","sl":"Очень высокий","sv":"более 100","p":650.0,"q":1.47,"b":0.0,"wi":1.13,"ei":7.3,"as":1135.0,"mi":"E","mv":154633,"sc":6,"lpe":99.72,"lpr":1045.74,"lq":1.0},{"pi":"1520","pc":"Одежда и обувь","ss":1000,"td":"Спальный район","dc":3,"n":46.24,"vc":"более 300","sl":"Очень высокий","sv":"около 50","p":700.0,"q":5.0,"b":0.0,"wi":1.13,"ei":7.3,"as":1135.0,"mi":"E","mv":154633,"sc":6,"lpe":99.72,"lpr":1045.74,"lq":1.0},{"pi":"1520","pc":"Одежда и обувь","ss":1000,"td":"Окраина","dc":2,"n":163.41,"vc":"около 500","sl":"Очень высокий","sv":"более 100","p":650.0,"q":1.47,"b":0.0,"wi":1.13,"ei":7.3,"as":1135.0,"mi":"E","mv":154633,"sc":6,"lpe":99.72,"lpr":1045.74,"lq":1.0},{"pi":"1520","pc":"Одежда и обувь","ss":1000,"td":"Центр города","dc":3,"n":160.05,"vc":"около 1 000","sl":"Очень высокий","sv":"более 100","p":850.0,"q":5.0,"b":0.0,"wi":1.13,"ei":7.3,"as":1135.0,"mi":"E","mv":154633,"sc":6,"lpe":99.72,"lpr":1045.74,"lq":1.0},{"pi":"1520","pc":"Одежда и обувь","ss":1000,"td":"Спальный район","dc":3,"n":46.24,"vc":"более 300","sl":"Очень высокий","sv":"около 50","p":700.0,"q":5.0,"b":0.0,"wi":1.13,"ei":7.3,"as":1135.0,"mi":"E","mv":154633,"sc":6,"lpe":99.72,"lpr":1045.74,"lq":1.0},{"pi":"1520","pc":"Одежда и обувь","ss":1000,"td":"Центр города","dc":3,"n":160.05,"vc":"около 1 000","sl":"Очень высокий","sv":"более 100","p":850.0,"q":5.0,"b":0.0,"wi":1.13,"ei":7.3,"as":1135.0,"mi":"E","mv":154633,"sc":6,"lpe":99.72,"lpr":1045.74,"lq":1.0},{"pi":"1520","pc":"Одежда и обувь","ss":1000,"td":"Центр города","dc":3,"n":160.05,"vc":"около 1 000","sl":"Очень высокий","sv":"более 100","p":850.0,"q":5.0,"b":0.0,"wi":1.13,"ei":7.3,"as":1135.0,"mi":"E","mv":154633,"sc":6,"lpe":99.72,"lpr":1045.74,"lq":1.0},{"pi":"1520","pc":"Одежда и обувь","ss":1000,"td":"Спальный район","dc":3,"n":46.24,"vc":"более 300","sl":"Очень высокий","sv":"около 50","p":700.0,"q":5.0,"b":0.0,"wi":1.13,"ei":7.3,"as":1135.0,"mi":"E","mv":154633,"sc":6,"lpe":99.72,"lpr":1045.74,"lq":1.0},{"pi":"1520","pc":"Одежда и обувь","ss":1000,"td":"Центр города","dc":3,"n":160.05,"vc":"около 1 000","sl":"Очень высокий","sv":"более 100","p":850.0,"q":5.0,"b":0.0,"wi":1.13,"ei":7.3,"as":1135.0,"mi":"E","mv":154633,"sc":6,"lpe":99.72,"lpr":1045.74,"lq":1.0},{"pi":"1520","pc":"Одежда и обувь","ss":1000,"td":"Спальный район","dc":3,"n":46.24,"vc":"более 300","sl":"Очень высокий","sv":"около 50","p":700.0,"q":5.0,"b":0.0,"wi":1.13,"ei":7.3,"as":1135.0,"mi":"E","mv":154633,"sc":6,"lpe":99.72,"lpr":1045.74,"lq":1.0},{"pi":"1520","pc":"Одежда и обувь","ss":1000,"td":"Окраина","dc":2,"n":163.41,"vc":"около 500","sl":"Очень высокий","sv":"более 100","p":650.0,"q":1.47,"b":0.0,"wi":1.13,"ei":7.3,"as":1135.0,"mi":"E","mv":154633,"sc":6,"lpe":99.72,"lpr":1045.74,"lq":1.0},{"pi":"1520","pc":"Одежда и обувь","ss":1000,"td":"Центр города","dc":3,"n":160.05,"vc":"около 1 000","sl":"Очень высокий","sv":"более 100","p":850.0,"q":5.0,"b":0.0,"wi":1.13,"ei":7.3,"as":1135.0,"mi":"E","mv":154633,"sc":6,"lpe":99.72,"lpr":1045.74,"lq":1.0},{"pi":"1520","pc":"Одежда и обувь","ss":1000,"td":"Окраина","dc":2,"n":163.41,"vc":"около 500","sl":"Очень высокий","sv":"более 100","p":650.0,"q":1.47,"b":0.0,"wi":1.13,"ei":7.3,"as":1135.0,"mi":"E","mv":154633,"sc":6,"lpe":99.72,"lpr":1045.74,"lq":1.0},{"pi":"1520","pc":"Одежда и обувь","ss":1000,"td":"Спальный район","dc":3,"n":46.24,"vc":"более 300","sl":"Очень высокий","sv":"около 50","p":700.0,"q":5.0,"b":0.0,"wi":1.13,"ei":7.3,"as":1135.0,"mi":"E","mv":154633,"sc":6,"lpe":99.72,"lpr":1045.74,"lq":1.0},{"pi":"1520","pc":"Одежда и обувь","ss":100,"td":"Окраина","dc":1,"n":47.61,"vc":"около 50","sl":"Высокий","sv":"менее 50","p":950.0,"q":1.0,"b":0.0,"wi":1.13,"ei":7.3,"as":1135.0,"mi":"E","mv":154633,"sc":6,"lpe":99.72,"lpr":1045.74,"lq":1.0},{"pi":"1520","pc":"Одежда и обувь","ss":100,"td":"Центр города","dc":1,"n":47.61,"vc":"около 50","sl":"Нормальный","sv":"менее 50","p":1250.0,"q":2.5,"b":0.0,"wi":1.13,"ei":7.3,"as":1135.0,"mi":"E","mv":154633,"sc":6,"lpe":99.72,"lpr":1045.74,"lq":1.0},{"pi":"1520","pc":"Одежда и обувь","ss":100,"td":"Спальный район","dc":1,"n":47.61,"vc":"около 50","sl":"Нормальный","sv":"менее 50","p":1195.0,"q":2.5,"b":0.0,"wi":1.13,"ei":7.3,"as":1135.0,"mi":"E","mv":154633,"sc":6,"lpe":99.72,"lpr":1045.74,"lq":1.0},{"pi":"1520","pc":"Одежда и обувь","ss":1000,"td":"Окраина","dc":2,"n":163.41,"vc":"около 500","sl":"Очень высокий","sv":"более 100","p":650.0,"q":1.47,"b":0.0,"wi":1.13,"ei":7.3,"as":1135.0,"mi":"E","mv":154633,"sc":6,"lpe":99.72,"lpr":1045.74,"lq":1.0},{"pi":"1520","pc":"Одежда и обувь","ss":1000,"td":"Центр города","dc":3,"n":160.05,"vc":"около 1 000","sl":"Очень высокий","sv":"более 100","p":850.0,"q":5.0,"b":0.0,"wi":1.13,"ei":7.3,"as":1135.0,"mi":"E","mv":154633,"sc":6,"lpe":99.72,"lpr":1045.74,"lq":1.0},{"pi":"1520","pc":"Одежда и обувь","ss":1000,"td":"Спальный район","dc":3,"n":46.24,"vc":"более 300","sl":"Очень высокий","sv":"около 50","p":700.0,"q":5.0,"b":0.0,"wi":1.13,"ei":7.3,"as":1135.0,"mi":"E","mv":154633,"sc":6,"lpe":99.72,"lpr":1045.74,"lq":1.0},{"pi":"1520","pc":"Одежда и обувь","ss":100,"td":"Спальный район","dc":1,"n":47.61,"vc":"около 50","sl":"Нормальный","sv":"менее 50","p":1195.0,"q":2.5,"b":0.0,"wi":1.13,"ei":7.3,"as":1135.0,"mi":"E","mv":154633,"sc":6,"lpe":99.72,"lpr":1045.74,"lq":1.0},{"pi":"1520","pc":"Одежда и обувь","ss":100,"td":"Окраина","dc":1,"n":47.61,"vc":"около 50","sl":"Высокий","sv":"менее 50","p":950.0,"q":1.0,"b":0.0,"wi":1.13,"ei":7.3,"as":1135.0,"mi":"E","mv":154633,"sc":6,"lpe":99.72,"lpr":1045.74,"lq":1.0},{"pi":"1520","pc":"Одежда и обувь","ss":100,"td":"Центр города","dc":1,"n":47.61,"vc":"около 50","sl":"Нормальный","sv":"менее 50","p":1250.0,"q":2.5,"b":0.0,"wi":1.13,"ei":7.3,"as":1135.0,"mi":"E","mv":154633,"sc":6,"lpe":99.72,"lpr":1045.74,"lq":1.0},{"pi":"1520","pc":"Одежда и обувь","ss":1000,"td":"Центр города","dc":3,"n":160.05,"vc":"около 1 000","sl":"Очень высокий","sv":"более 100","p":850.0,"q":5.0,"b":0.0,"wi":1.13,"ei":7.3,"as":1135.0,"mi":"E","mv":154633,"sc":6,"lpe":99.72,"lpr":1045.74,"lq":1.0},{"pi":"1520","pc":"Одежда и обувь","ss":1000,"td":"Спальный район","dc":3,"n":46.24,"vc":"более 300","sl":"Очень высокий","sv":"около 50","p":700.0,"q":5.0,"b":0.0,"wi":1.13,"ei":7.3,"as":1135.0,"mi":"E","mv":154633,"sc":6,"lpe":99.72,"lpr":1045.74,"lq":1.0},{"pi":"1520","pc":"Одежда и обувь","ss":1000,"td":"Центр города","dc":3,"n":160.05,"vc":"около 1 000","sl":"Очень высокий","sv":"более 100","p":850.0,"q":5.0,"b":0.0,"wi":1.13,"ei":7.3,"as":1135.0,"mi":"E","mv":154633,"sc":6,"lpe":99.72,"lpr":1045.74,"lq":1.0},{"pi":"1520","pc":"Одежда и обувь","ss":1000,"td":"Окраина","dc":2,"n":163.41,"vc":"около 500","sl":"Очень высокий","sv":"более 100","p":650.0,"q":1.47,"b":0.0,"wi":1.13,"ei":7.3,"as":1135.0,"mi":"E","mv":154633,"sc":6,"lpe":99.72,"lpr":1045.74,"lq":1.0},{"pi":"1520","pc":"Одежда и обувь","ss":1000,"td":"Спальный район","dc":3,"n":46.24,"vc":"более 300","sl":"Очень высокий","sv":"около 50","p":700.0,"q":5.0,"b":0.0,"wi":1.13,"ei":7.3,"as":1135.0,"mi":"E","mv":154633,"sc":6,"lpe":99.72,"lpr":1045.74,"lq":1.0},{"pi":"1520","pc":"Одежда и обувь","ss":1000,"td":"Центр города","dc":3,"n":160.05,"vc":"около 1 000","sl":"Очень высокий","sv":"более 100","p":850.0,"q":5.0,"b":0.0,"wi":1.13,"ei":7.3,"as":1135.0,"mi":"E","mv":154633,"sc":6,"lpe":99.72,"lpr":1045.74,"lq":1.0},{"pi":"1520","pc":"Одежда и обувь","ss":1000,"td":"Окраина","dc":2,"n":163.41,"vc":"около 500","sl":"Очень высокий","sv":"более 100","p":650.0,"q":1.47,"b":0.0,"wi":1.13,"ei":7.3,"as":1135.0,"mi":"E","mv":154633,"sc":6,"lpe":99.72,"lpr":1045.74,"lq":1.0},{"pi":"1520","pc":"Одежда и обувь","ss":1000,"td":"Спальный район","dc":3,"n":46.24,"vc":"более 300","sl":"Очень высокий","sv":"около 50","p":700.0,"q":5.0,"b":0.0,"wi":1.13,"ei":7.3,"as":1135.0,"mi":"E","mv":154633,"sc":6,"lpe":99.72,"lpr":1045.74,"lq":1.0},{"pi":"1520","pc":"Одежда и обувь","ss":100,"td":"Окраина","dc":1,"n":47.61,"vc":"около 50","sl":"Высокий","sv":"менее 50","p":950.0,"q":1.0,"b":0.0,"wi":1.13,"ei":7.3,"as":1135.0,"mi":"E","mv":154633,"sc":6,"lpe":99.72,"lpr":1045.74,"lq":1.0},{"pi":"1520","pc":"Одежда и обувь","ss":100,"td":"Центр города","dc":1,"n":47.61,"vc":"около 50","sl":"Нормальный","sv":"менее 50","p":1250.0,"q":2.5,"b":0.0,"wi":1.13,"ei":7.3,"as":1135.0,"mi":"E","mv":154633,"sc":6,"lpe":99.72,"lpr":1045.74,"lq":1.0},{"pi":"1520","pc":"Одежда и обувь","ss":100,"td":"Спальный район","dc":1,"n":47.61,"vc":"около 50","sl":"Нормальный","sv":"менее 50","p":1195.0,"q":2.5,"b":0.0,"wi":1.13,"ei":7.3,"as":1135.0,"mi":"E","mv":154633,"sc":6,"lpe":99.72,"lpr":1045.74,"lq":1.0},{"pi":"1520","pc":"Одежда и обувь","ss":1000,"td":"Спальный район","dc":3,"n":46.24,"vc":"более 300","sl":"Очень высокий","sv":"около 50","p":700.0,"q":5.0,"b":0.0,"wi":1.13,"ei":7.3,"as":1135.0,"mi":"E","mv":154633,"sc":6,"lpe":99.72,"lpr":1045.74,"lq":1.0},{"pi":"1520","pc":"Одежда и обувь","ss":1000,"td":"Окраина","dc":2,"n":163.41,"vc":"около 500","sl":"Очень высокий","sv":"более 100","p":650.0,"q":1.47,"b":0.0,"wi":1.13,"ei":7.3,"as":1135.0,"mi":"E","mv":154633,"sc":6,"lpe":99.72,"lpr":1045.74,"lq":1.0},{"pi":"1520","pc":"Одежда и обувь","ss":1000,"td":"Центр города","dc":3,"n":160.05,"vc":"около 1 000","sl":"Очень высокий","sv":"более 100","p":850.0,"q":5.0,"b":0.0,"wi":1.13,"ei":7.3,"as":1135.0,"mi":"E","mv":154633,"sc":6,"lpe":99.72,"lpr":1045.74,"lq":1.0},{"pi":"1520","pc":"Одежда и обувь","ss":100,"td":"Окраина","dc":1,"n":47.61,"vc":"около 50","sl":"Высокий","sv":"менее 50","p":950.0,"q":1.0,"b":0.0,"wi":1.13,"ei":7.3,"as":1135.0,"mi":"E","mv":154633,"sc":6,"lpe":99.72,"lpr":1045.74,"lq":1.0},{"pi":"1520","pc":"Одежда и обувь","ss":100,"td":"Центр города","dc":1,"n":47.61,"vc":"около 50","sl":"Нормальный","sv":"менее 50","p":1250.0,"q":2.5,"b":0.0,"wi":1.13,"ei":7.3,"as":1135.0,"mi":"E","mv":154633,"sc":6,"lpe":99.72,"lpr":1045.74,"lq":1.0},{"pi":"1520","pc":"Одежда и обувь","ss":100,"td":"Спальный район","dc":1,"n":47.61,"vc":"около 50","sl":"Нормальный","sv":"менее 50","p":1195.0,"q":2.5,"b":0.0,"wi":1.13,"ei":7.3,"as":1135.0,"mi":"E","mv":154633,"sc":6,"lpe":99.72,"lpr":1045.74,"lq":1.0},{"pi":"1520","pc":"Одежда и обувь","ss":1000,"td":"Центр города","dc":3,"n":160.05,"vc":"около 1 000","sl":"Очень высокий","sv":"более 100","p":850.0,"q":5.0,"b":0.0,"wi":1.13,"ei":7.3,"as":1135.0,"mi":"E","mv":154633,"sc":6,"lpe":99.72,"lpr":1045.74,"lq":1.0},{"pi":"1520","pc":"Одежда и обувь","ss":1000,"td":"Спальный район","dc":3,"n":46.24,"vc":"более 300","sl":"Очень высокий","sv":"около 50","p":700.0,"q":5.0,"b":0.0,"wi":1.13,"ei":7.3,"as":1135.0,"mi":"E","mv":154633,"sc":6,"lpe":99.72,"lpr":1045.74,"lq":1.0},{"pi":"1520","pc":"Одежда и обувь","ss":1000,"td":"Окраина","dc":2,"n":163.41,"vc":"около 500","sl":"Очень высокий","sv":"более 100","p":650.0,"q":1.47,"b":0.0,"wi":1.13,"ei":7.3,"as":1135.0,"mi":"E","mv":154633,"sc":6,"lpe":99.72,"lpr":1045.74,"lq":1.0},{"pi":"1520","pc":"Одежда и обувь","ss":1000,"td":"Спальный район","dc":3,"n":46.24,"vc":"более 300","sl":"Очень высокий","sv":"около 50","p":700.0,"q":5.0,"b":0.0,"wi":1.13,"ei":7.3,"as":1135.0,"mi":"E","mv":154633,"sc":6,"lpe":99.72,"lpr":1045.74,"lq":1.0},{"pi":"1520","pc":"Одежда и обувь","ss":1000,"td":"Окраина","dc":2,"n":163.41,"vc":"около 500","sl":"Очень высокий","sv":"более 100","p":650.0,"q":1.47,"b":0.0,"wi":1.13,"ei":7.3,"as":1135.0,"mi":"E","mv":154633,"sc":6,"lpe":99.72,"lpr":1045.74,"lq":1.0},{"pi":"1520","pc":"Одежда и обувь","ss":1000,"td":"Центр города","dc":3,"n":160.05,"vc":"около 1 000","sl":"Очень высокий","sv":"более 100","p":850.0,"q":5.0,"b":0.0,"wi":1.13,"ei":7.3,"as":1135.0,"mi":"E","mv":154633,"sc":6,"lpe":99.72,"lpr":1045.74,"lq":1.0},{"pi":"1520","pc":"Одежда и обувь","ss":100,"td":"Центр города","dc":1,"n":48.54,"vc":"около 50","sl":"Нормальный","sv":"менее 50","p":189.39,"q":1.05,"b":0.0,"wi":0.17,"ei":3.74,"as":176.45,"mi":"E","mv":76640,"sc":1,"lpe":99.99,"lpr":181.11,"lq":1.0},{"pi":"1520","pc":"Одежда и обувь","ss":100,"td":"Центр города","dc":1,"n":48.54,"vc":"около 50","sl":"Нормальный","sv":"менее 50","p":189.39,"q":1.05,"b":0.0,"wi":0.17,"ei":3.74,"as":176.45,"mi":"E","mv":76640,"sc":1,"lpe":99.99,"lpr":181.11,"lq":1.0},{"pi":"1520","pc":"Одежда и обувь","ss":100,"td":"Центр города","dc":1,"n":48.54,"vc":"около 50","sl":"Нормальный","sv":"менее 50","p":189.39,"q":1.05,"b":0.0,"wi":0.17,"ei":3.74,"as":176.45,"mi":"E","mv":76640,"sc":1,"lpe":99.99,"lpr":181.11,"lq":1.0},{"pi":"1520","pc":"Одежда и обувь","ss":100,"td":"Центр города","dc":1,"n":48.54,"vc":"около 50","sl":"Нормальный","sv":"менее 50","p":189.39,"q":1.05,"b":0.0,"wi":0.17,"ei":3.74,"as":176.45,"mi":"E","mv":76640,"sc":1,"lpe":99.99,"lpr":181.11,"lq":1.0},{"pi":"1520","pc":"Одежда и обувь","ss":500,"td":"Центр города","dc":1,"n":8.75,"vc":"более 200","sl":"Элитный","sv":"около 500","p":325.0,"q":1.83,"b":0.09,"wi":0.41,"ei":6.0,"as":350.0,"mi":"E","mv":908848,"sc":1,"lpe":99.96,"lpr":336.46,"lq":1.0},{"pi":"1520","pc":"Одежда и обувь","ss":500,"td":"Центр города","dc":1,"n":8.75,"vc":"более 200","sl":"Элитный","sv":"около 500","p":325.0,"q":1.83,"b":0.09,"wi":0.41,"ei":6.0,"as":350.0,"mi":"E","mv":908848,"sc":1,"lpe":99.96,"lpr":336.46,"lq":1.0},{"pi":"1520","pc":"Одежда и обувь","ss":100,"td":"Центр города","dc":1,"n":48.07,"vc":"около 50","sl":"Нормальный","sv":"менее 50","p":181.48,"q":1.05,"b":0.0,"wi":0.18,"ei":3.75,"as":177.5,"mi":"E","mv":42364,"sc":2,"lpe":99.97,"lpr":174.91,"lq":1.0},{"pi":"1520","pc":"Одежда и обувь","ss":100,"td":"Центр города","dc":1,"n":43.09,"vc":"около 50","sl":"Нормальный","sv":"менее 50","p":181.59,"q":1.0,"b":0.0,"wi":0.18,"ei":3.75,"as":177.5,"mi":"E","mv":42364,"sc":2,"lpe":99.97,"lpr":174.91,"lq":1.0},{"pi":"1520","pc":"Одежда и обувь","ss":100,"td":"Центр города","dc":1,"n":48.07,"vc":"около 50","sl":"Нормальный","sv":"менее 50","p":181.48,"q":1.05,"b":0.0,"wi":0.18,"ei":3.75,"as":177.5,"mi":"E","mv":42364,"sc":2,"lpe":99.97,"lpr":174.91,"lq":1.0},{"pi":"1520","pc":"Одежда и обувь","ss":100,"td":"Центр города","dc":1,"n":43.09,"vc":"около 50","sl":"Нормальный","sv":"менее 50","p":181.59,"q":1.0,"b":0.0,"wi":0.18,"ei":3.75,"as":177.5,"mi":"E","mv":42364,"sc":2,"lpe":99.97,"lpr":174.91,"lq":1.0},{"pi":"1520","pc":"Одежда и обувь","ss":100,"td":"Центр города","dc":1,"n":48.07,"vc":"около 50","sl":"Нормальный","sv":"менее 50","p":181.48,"q":1.05,"b":0.0,"wi":0.18,"ei":3.75,"as":177.5,"mi":"E","mv":42364,"sc":2,"lpe":99.97,"lpr":174.91,"lq":1.0},{"pi":"1520","pc":"Одежда и обувь","ss":100,"td":"Центр города","dc":1,"n":43.09,"vc":"около 50","sl":"Нормальный","sv":"менее 50","p":181.59,"q":1.0,"b":0.0,"wi":0.18,"ei":3.75,"as":177.5,"mi":"E","mv":42364,"sc":2,"lpe":99.97,"lpr":174.91,"lq":1.0},{"pi":"1520","pc":"Одежда и обувь","ss":100,"td":"Центр города","dc":1,"n":48.07,"vc":"около 50","sl":"Нормальный","sv":"менее 50","p":181.48,"q":1.05,"b":0.0,"wi":0.18,"ei":3.75,"as":177.5,"mi":"E","mv":42364,"sc":2,"lpe":99.97,"lpr":174.91,"lq":1.0},{"pi":"1520","pc":"Одежда и обувь","ss":100,"td":"Центр города","dc":1,"n":43.09,"vc":"около 50","sl":"Нормальный","sv":"менее 50","p":181.59,"q":1.0,"b":0.0,"wi":0.18,"ei":3.75,"as":177.5,"mi":"E","mv":42364,"sc":2,"lpe":99.97,"lpr":174.91,"lq":1.0},{"pi":"1520","pc":"Одежда и обувь","ss":100,"td":"Центр города","dc":1,"n":49.88,"vc":"около 100","sl":"Низкий","sv":"менее 50","p":113.82,"q":1.05,"b":0.0,"wi":0.11,"ei":4.28,"as":93.44,"mi":"E","mv":156907,"sc":1,"lpe":99.99,"lpr":103.51,"lq":1.0},{"pi":"1520","pc":"Одежда и обувь","ss":100,"td":"Центр города","dc":1,"n":49.88,"vc":"около 100","sl":"Низкий","sv":"менее 50","p":113.82,"q":1.05,"b":0.0,"wi":0.11,"ei":4.28,"as":93.44,"mi":"E","mv":156907,"sc":1,"lpe":99.99,"lpr":103.51,"lq":1.0},{"pi":"1520","pc":"Одежда и обувь","ss":100,"td":"Центр города","dc":1,"n":49.88,"vc":"около 100","sl":"Низкий","sv":"менее 50","p":113.82,"q":1.05,"b":0.0,"wi":0.11,"ei":4.28,"as":93.44,"mi":"E","mv":156907,"sc":1,"lpe":99.99,"lpr":103.51,"lq":1.0},{"pi":"1520","pc":"Одежда и обувь","ss":100,"td":"Центр города","dc":1,"n":49.88,"vc":"около 100","sl":"Низкий","sv":"менее 50","p":113.82,"q":1.05,"b":0.0,"wi":0.11,"ei":4.28,"as":93.44,"mi":"E","mv":156907,"sc":1,"lpe":99.99,"lpr":103.51,"lq":1.0},{"pi":"1520","pc":"Одежда и обувь","ss":10000,"td":"Центр города","dc":3,"n":142.22,"vc":"более 2 000","sl":"Элитный","sv":"около 1 000","p":680.0,"q":1.0,"b":0.0,"wi":1.6,"ei":8.0,"as":1620.0,"mi":"E","mv":171764,"sc":1,"lpe":99.53,"lpr":1444.34,"lq":1.0},{"pi":"1520","pc":"Одежда и обувь","ss":10000,"td":"Центр города","dc":3,"n":142.22,"vc":"более 2 000","sl":"Элитный","sv":"около 1 000","p":680.0,"q":1.0,"b":0.0,"wi":1.6,"ei":8.0,"as":1620.0,"mi":"E","mv":171764,"sc":1,"lpe":99.53,"lpr":1444.34,"lq":1.0},{"pi":"1520","pc":"Одежда и обувь","ss":10000,"td":"Центр города","dc":3,"n":142.22,"vc":"более 2 000","sl":"Элитный","sv":"около 1 000","p":680.0,"q":1.0,"b":0.0,"wi":1.6,"ei":8.0,"as":1620.0,"mi":"E","mv":171764,"sc":1,"lpe":99.53,"lpr":1444.34,"lq":1.0},{"pi":"1520","pc":"Одежда и обувь","ss":10000,"td":"Центр города","dc":3,"n":142.22,"vc":"более 2 000","sl":"Элитный","sv":"около 1 000","p":680.0,"q":1.0,"b":0.0,"wi":1.6,"ei":8.0,"as":1620.0,"mi":"E","mv":171764,"sc":1,"lpe":99.53,"lpr":1444.34,"lq":1.0},{"pi":"1520","pc":"Одежда и обувь","ss":10000,"td":"Центр города","dc":3,"n":142.22,"vc":"более 2 000","sl":"Элитный","sv":"около 1 000","p":680.0,"q":1.0,"b":0.0,"wi":1.6,"ei":8.0,"as":1620.0,"mi":"E","mv":171764,"sc":1,"lpe":99.53,"lpr":1444.34,"lq":1.0},{"pi":"1520","pc":"Одежда и обувь","ss":10000,"td":"Центр города","dc":3,"n":142.22,"vc":"более 2 000","sl":"Элитный","sv":"около 1 000","p":680.0,"q":1.0,"b":0.0,"wi":1.6,"ei":8.0,"as":1620.0,"mi":"E","mv":171764,"sc":1,"lpe":99.53,"lpr":1444.34,"lq":1.0},{"pi":"1520","pc":"Одежда и обувь","ss":10000,"td":"Центр города","dc":3,"n":142.22,"vc":"более 2 000","sl":"Элитный","sv":"около 1 000","p":680.0,"q":1.0,"b":0.0,"wi":1.6,"ei":8.0,"as":1620.0,"mi":"E","mv":171764,"sc":1,"lpe":99.53,"lpr":1444.34,"lq":1.0},{"pi":"1520","pc":"Одежда и обувь","ss":10000,"td":"Центр города","dc":3,"n":142.22,"vc":"более 2 000","sl":"Элитный","sv":"около 1 000","p":680.0,"q":1.0,"b":0.0,"wi":1.6,"ei":8.0,"as":1620.0,"mi":"E","mv":171764,"sc":1,"lpe":99.53,"lpr":1444.34,"lq":1.0},{"pi":"1520","pc":"Одежда и обувь","ss":10000,"td":"Центр города","dc":3,"n":142.22,"vc":"более 2 000","sl":"Элитный","sv":"около 1 000","p":680.0,"q":1.0,"b":0.0,"wi":1.6,"ei":8.0,"as":1620.0,"mi":"E","mv":171764,"sc":1,"lpe":99.53,"lpr":1444.34,"lq":1.0},{"pi":"1520","pc":"Одежда и обувь","ss":10000,"td":"Центр города","dc":3,"n":142.22,"vc":"более 2 000","sl":"Элитный","sv":"около 1 000","p":680.0,"q":1.0,"b":0.0,"wi":1.6,"ei":8.0,"as":1620.0,"mi":"E","mv":171764,"sc":1,"lpe":99.53,"lpr":1444.34,"lq":1.0},{"pi":"1520","pc":"Одежда и обувь","ss":10000,"td":"Центр города","dc":3,"n":142.22,"vc":"более 2 000","sl":"Элитный","sv":"около 1 000","p":680.0,"q":1.0,"b":0.0,"wi":1.6,"ei":8.0,"as":1620.0,"mi":"E","mv":171764,"sc":1,"lpe":99.53,"lpr":1444.34,"lq":1.0},{"pi":"1520","pc":"Одежда и обувь","ss":10000,"td":"Центр города","dc":3,"n":142.22,"vc":"более 2 000","sl":"Элитный","sv":"около 1 000","p":680.0,"q":1.0,"b":0.0,"wi":1.6,"ei":8.0,"as":1620.0,"mi":"E","mv":171764,"sc":1,"lpe":99.53,"lpr":1444.34,"lq":1.0},{"pi":"1520","pc":"Одежда и обувь","ss":10000,"td":"Центр города","dc":3,"n":142.22,"vc":"более 2 000","sl":"Элитный","sv":"около 1 000","p":680.0,"q":1.0,"b":0.0,"wi":1.6,"ei":8.0,"as":1620.0,"mi":"E","mv":171764,"sc":1,"lpe":99.53,"lpr":1444.34,"lq":1.0},{"pi":"1520","pc":"Одежда и обувь","ss":100,"td":"Центр города","dc":1,"n":48.31,"vc":"более 100","sl":"Низкий","sv":"менее 50","p":187.78,"q":1.05,"b":0.0,"wi":0.18,"ei":4.25,"as":181.97,"mi":"E","mv":1293403,"sc":1,"lpe":100.0,"lpr":185.66,"lq":1.0},{"pi":"1520","pc":"Одежда и обувь","ss":100,"td":"Центр города","dc":1,"n":48.31,"vc":"более 100","sl":"Низкий","sv":"менее 50","p":187.78,"q":1.05,"b":0.0,"wi":0.18,"ei":4.25,"as":181.97,"mi":"E","mv":1293403,"sc":1,"lpe":100.0,"lpr":185.66,"lq":1.0},{"pi":"1520","pc":"Одежда и обувь","ss":100,"td":"Центр города","dc":1,"n":48.31,"vc":"более 100","sl":"Низкий","sv":"менее 50","p":187.78,"q":1.05,"b":0.0,"wi":0.18,"ei":4.25,"as":181.97,"mi":"E","mv":1293403,"sc":1,"lpe":100.0,"lpr":185.66,"lq":1.0},{"pi":"1520","pc":"Одежда и обувь","ss":100,"td":"Центр города","dc":1,"n":48.31,"vc":"около 100","sl":"Низкий","sv":"менее 50","p":220.0,"q":1.05,"b":0.0,"wi":0.24,"ei":4.27,"as":217.12,"mi":"E","mv":281623,"sc":1,"lpe":100.0,"lpr":211.21,"lq":1.0},{"pi":"1520","pc":"Одежда и обувь","ss":100,"td":"Центр города","dc":1,"n":48.31,"vc":"около 100","sl":"Низкий","sv":"менее 50","p":220.0,"q":1.05,"b":0.0,"wi":0.24,"ei":4.27,"as":217.12,"mi":"E","mv":281623,"sc":1,"lpe":100.0,"lpr":211.21,"lq":1.0},{"pi":"1520","pc":"Одежда и обувь","ss":100,"td":"Центр города","dc":1,"n":48.31,"vc":"около 100","sl":"Низкий","sv":"менее 50","p":220.0,"q":1.05,"b":0.0,"wi":0.24,"ei":4.27,"as":217.12,"mi":"E","mv":281623,"sc":1,"lpe":100.0,"lpr":211.21,"lq":1.0},{"pi":"1520","pc":"Одежда и обувь","ss":100,"td":"Центр города","dc":1,"n":48.31,"vc":"около 100","sl":"Низкий","sv":"менее 50","p":220.0,"q":1.05,"b":0.0,"wi":0.24,"ei":4.27,"as":217.12,"mi":"E","mv":281623,"sc":1,"lpe":100.0,"lpr":211.21,"lq":1.0}]