[{"d":"29.05.2017","r":114622.0,"q":7.89,"p":4500.0,"s":[{"cn":"Farmcor","ui":"4258252","t":124044.0,"r":114622.0,"q":7.89,"p":4500.0,"mot":"U","mo":114622.0},{"cn":"","ui":"","t":0.0,"r":0.0,"q":0.0,"p":0.0,"mot":"L","mo":0.0}]},{"d":"30.05.2017","r":135831.0,"q":7.89,"p":4500.0,"s":[{"cn":"Farmcor","ui":"4258252","t":140562.0,"r":135831.0,"q":7.89,"p":4500.0,"mot":"U","mo":135831.0},{"cn":"","ui":"","t":0.0,"r":0.0,"q":0.0,"p":0.0,"mot":"L","mo":0.0}]},{"d":"31.05.2017","r":187677.0,"q":10.66,"p":4500.0,"s":[{"cn":"Farmcor","ui":"4258252","t":197697.0,"r":187677.0,"q":10.66,"p":4500.0,"mot":"U","mo":187677.0},{"cn":"","ui":"","t":0.0,"r":0.0,"q":0.0,"p":0.0,"mot":"L","mo":0.0}]},{"d":"01.06.2017","r":249397.0,"q":12.17,"p":4500.0,"s":[{"cn":"Farmcor","ui":"4258252","t":249419.0,"r":249397.0,"q":12.17,"p":4500.0,"mot":"U","mo":249397.0},{"cn":"","ui":"","t":0.0,"r":0.0,"q":0.0,"p":0.0,"mot":"L","mo":0.0}]},{"d":"02.06.2017","r":489703.0,"q":11.15,"p":2880.25,"s":[{"cn":"Farmcor","ui":"4258252","t":311077.0,"r":311055.0,"q":13.07,"p":4500.0,"mot":"U","mo":311055.0},{"cn":"Redpath Corporation","ui":"4231377","t":230000.0,"r":178648.0,"q":7.82,"p":60.0,"mot":"U","mo":178648.0},{"cn":"","ui":"","t":0.0,"r":0.0,"q":0.0,"p":0.0,"mot":"L","mo":0.0}]},{"d":"03.06.2017","r":549209.0,"q":11.78,"p":3072.74,"s":[{"cn":"Farmcor","ui":"4258252","t":372673.0,"r":372663.0,"q":13.65,"p":4500.0,"mot":"U","mo":372663.0},{"cn":"Redpath Corporation","ui":"4231377","t":178628.0,"r":176546.0,"q":7.82,"p":60.0,"mot":"U","mo":176546.0},{"cn":"","ui":"","t":0.0,"r":0.0,"q":0.0,"p":0.0,"mot":"L","mo":0.0}]},{"d":"04.06.2017","r":606773.0,"q":12.29,"p":3237.28,"s":[{"cn":"Farmcor","ui":"4258252","t":434219.0,"r":434209.0,"q":14.07,"p":4500.0,"mot":"U","mo":434209.0},{"cn":"Redpath Corporation","ui":"4231377","t":176546.0,"r":172564.0,"q":7.82,"p":60.0,"mot":"U","mo":172564.0},{"cn":"","ui":"","t":0.0,"r":0.0,"q":0.0,"p":0.0,"mot":"L","mo":0.0}]},{"d":"05.06.2017","r":496252.0,"q":14.38,"p":4500.0,"s":[{"cn":"Farmcor","ui":"4258252","t":496262.0,"r":496252.0,"q":14.38,"p":4500.0,"mot":"U","mo":496252.0},{"cn":"","ui":"","t":0.0,"r":0.0,"q":0.0,"p":0.0,"mot":"L","mo":0.0}]},{"d":"06.06.2017","r":730859.0,"q":13.02,"p":3673.61,"s":[{"cn":"Farmcor","ui":"4258252","t":558305.0,"r":558295.0,"q":14.63,"p":4500.0,"mot":"U","mo":558295.0},{"cn":"Далина Вита Фарм","ui":"4043018","t":172564.0,"r":172564.0,"q":7.82,"p":1000.0,"mot":"U","mo":172564.0},{"cn":"","ui":"","t":0.0,"r":0.0,"q":0.0,"p":0.0,"mot":"L","mo":0.0}]},{"d":"07.06.2017","r":792900.0,"q":13.3,"p":3738.28,"s":[{"cn":"Farmcor","ui":"4258252","t":620348.0,"r":620338.0,"q":14.83,"p":4500.0,"mot":"U","mo":620338.0},{"cn":"Далина Вита Фарм","ui":"4043018","t":172563.0,"r":172562.0,"q":7.82,"p":1000.0,"mot":"U","mo":172562.0},{"cn":"","ui":"","t":0.0,"r":0.0,"q":0.0,"p":0.0,"mot":"L","mo":0.0}]},{"d":"08.06.2017","r":682381.0,"q":14.99,"p":4500.0,"s":[{"cn":"Farmcor","ui":"4258252","t":682391.0,"r":682381.0,"q":14.99,"p":4500.0,"mot":"U","mo":682381.0},{"cn":"","ui":"","t":0.0,"r":0.0,"q":0.0,"p":0.0,"mot":"L","mo":0.0}]},{"d":"09.06.2017","r":916987.0,"q":13.75,"p":3841.35,"s":[{"cn":"Farmcor","ui":"4258252","t":744434.0,"r":744424.0,"q":15.12,"p":4500.0,"mot":"U","mo":744424.0},{"cn":"Далина Вита Фарм","ui":"4043018","t":172563.0,"r":172563.0,"q":7.82,"p":1000.0,"mot":"U","mo":172563.0},{"cn":"","ui":"","t":0.0,"r":0.0,"q":0.0,"p":0.0,"mot":"L","mo":0.0}]},{"d":"10.06.2017","r":1226543.0,"q":12.6,"p":3291.19,"s":[{"cn":"Farmcor","ui":"4258252","t":806477.0,"r":806467.0,"q":15.24,"p":4500.0,"mot":"U","mo":806467.0},{"cn":"Далина Вита Фарм","ui":"4043018","t":172563.0,"r":172363.0,"q":7.82,"p":1000.0,"mot":"U","mo":172363.0},{"cn":"ADS","ui":"4274776","t":247714.0,"r":247713.0,"q":7.31,"p":950.0,"mot":"U","mo":247713.0},{"cn":"","ui":"","t":0.0,"r":0.0,"q":0.0,"p":0.0,"mot":"L","mo":0.0}]},{"d":"11.06.2017","r":1349565.0,"q":12.52,"p":1631.71,"s":[{"cn":"Farmcor","ui":"4258252","t":868520.0,"r":868010.0,"q":15.34,"p":2000.0,"mot":"U","mo":868010.0},{"cn":"Далина Вита Фарм","ui":"4043018","t":172363.0,"r":172163.0,"q":7.82,"p":1000.0,"mot":"U","mo":172163.0},{"cn":"ADS","ui":"4274776","t":309393.0,"r":309392.0,"q":7.23,"p":950.0,"mot":"U","mo":309392.0},{"cn":"","ui":"","t":0.0,"r":0.0,"q":0.0,"p":0.0,"mot":"L","mo":0.0}]},{"d":"12.06.2017","r":1350810.0,"q":12.49,"p":1148.05,"s":[{"cn":"Farmcor","ui":"4258252","t":868010.0,"r":867500.0,"q":15.34,"p":1250.0,"mot":"U","mo":867500.0},{"cn":"Далина Вита Фарм","ui":"4043018","t":172163.0,"r":171963.0,"q":7.82,"p":1000.0,"mot":"U","mo":171963.0},{"cn":"ADS","ui":"4274776","t":338948.0,"r":306938.0,"q":7.17,"p":950.0,"mot":"U","mo":306938.0},{"cn":"","ui":"","t":4410.0,"r":4409.0,"q":4.21,"p":650.0,"mot":"L","mo":4409.0}]},{"d":"13.06.2017","r":1441632.0,"q":12.54,"p":1148.37,"s":[{"cn":"Farmcor","ui":"4258252","t":929553.0,"r":929043.0,"q":15.42,"p":1250.0,"mot":"U","mo":929043.0},{"cn":"Далина Вита Фарм","ui":"4043018","t":171963.0,"r":171763.0,"q":7.82,"p":1000.0,"mot":"U","mo":171763.0},{"cn":"ADS","ui":"4274776","t":368432.0,"r":336422.0,"q":7.11,"p":950.0,"mot":"U","mo":336422.0},{"cn":"","ui":"","t":4408.0,"r":4404.0,"q":4.21,"p":650.0,"mot":"L","mo":4404.0}]},{"d":"14.06.2017","r":1531328.0,"q":12.6,"p":1148.61,"s":[{"cn":"Farmcor","ui":"4258252","t":991096.0,"r":989586.0,"q":15.51,"p":1250.0,"mot":"U","mo":989586.0},{"cn":"Далина Вита Фарм","ui":"4043018","t":171763.0,"r":171563.0,"q":7.82,"p":1000.0,"mot":"U","mo":171563.0},{"cn":"ADS","ui":"4274776","t":397792.0,"r":365782.0,"q":7.08,"p":950.0,"mot":"U","mo":365782.0},{"cn":"","ui":"","t":4404.0,"r":4397.0,"q":4.21,"p":650.0,"mot":"L","mo":4397.0}]},{"d":"15.06.2017","r":1597805.0,"q":12.76,"p":1152.72,"s":[{"cn":"Farmcor","ui":"4258252","t":1051639.0,"r":1051129.0,"q":15.6,"p":1250.0,"mot":"U","mo":1051129.0},{"cn":"Далина Вита Фарм","ui":"4043018","t":171563.0,"r":171363.0,"q":7.82,"p":1000.0,"mot":"U","mo":171363.0},{"cn":"ADS","ui":"4274776","t":407324.0,"r":375313.0,"q":7.08,"p":950.0,"mot":"U","mo":375313.0},{"cn":"","ui":"","t":0.0,"r":0.0,"q":0.0,"p":0.0,"mot":"L","mo":0.0}]},{"d":"16.06.2017","r":1652262.0,"q":12.95,"p":1157.21,"s":[{"cn":"Farmcor","ui":"4258252","t":1113182.0,"r":1112672.0,"q":15.68,"p":1250.0,"mot":"U","mo":1112672.0},{"cn":"Далина Вита Фарм","ui":"4043018","t":171363.0,"r":171163.0,"q":7.82,"p":1000.0,"mot":"U","mo":171163.0},{"cn":"ADS","ui":"4274776","t":400438.0,"r":368427.0,"q":7.08,"p":950.0,"mot":"U","mo":368427.0},{"cn":"","ui":"","t":0.0,"r":0.0,"q":0.0,"p":0.0,"mot":"L","mo":0.0}]},{"d":"17.06.2017","r":1711010.0,"q":13.1,"p":1160.75,"s":[{"cn":"Farmcor","ui":"4258252","t":1174725.0,"r":1174215.0,"q":15.75,"p":1250.0,"mot":"U","mo":1174215.0},{"cn":"Далина Вита Фарм","ui":"4043018","t":171163.0,"r":170963.0,"q":7.82,"p":1000.0,"mot":"U","mo":170963.0},{"cn":"ADS","ui":"4274776","t":393552.0,"r":361551.0,"q":7.09,"p":950.0,"mot":"U","mo":361551.0},{"cn":"","ui":"","t":4281.0,"r":4281.0,"q":4.21,"p":900.0,"mot":"L","mo":4281.0}]},{"d":"18.06.2017","r":1763927.0,"q":13.28,"p":1164.89,"s":[{"cn":"Farmcor","ui":"4258252","t":1236268.0,"r":1235758.0,"q":15.83,"p":1250.0,"mot":"U","mo":1235758.0},{"cn":"Далина Вита Фарм","ui":"4043018","t":170963.0,"r":170763.0,"q":7.82,"p":1000.0,"mot":"U","mo":170763.0},{"cn":"ADS","ui":"4274776","t":385676.0,"r":353175.0,"q":7.1,"p":950.0,"mot":"U","mo":353175.0},{"cn":"","ui":"","t":4281.0,"r":4231.0,"q":4.21,"p":900.0,"mot":"L","mo":4231.0}]},{"d":"19.06.2017","r":1792663.0,"q":13.52,"p":918.46,"s":[{"cn":"Farmcor","ui":"4258252","t":1297811.0,"r":1297245.0,"q":15.89,"p":900.0,"mot":"U","mo":1297245.0},{"cn":"Далина Вита Фарм","ui":"4043018","t":170763.0,"r":170563.0,"q":7.82,"p":1000.0,"mot":"U","mo":170563.0},{"cn":"ADS","ui":"4274776","t":353175.0,"r":320674.0,"q":7.1,"p":950.0,"mot":"U","mo":320674.0},{"cn":"","ui":"","t":4231.0,"r":4181.0,"q":4.21,"p":900.0,"mot":"L","mo":4181.0}]},{"d":"20.06.2017","r":1880914.0,"q":13.62,"p":918.3,"s":[{"cn":"Farmcor","ui":"4258252","t":1359298.0,"r":1358776.0,"q":15.96,"p":900.0,"mot":"U","mo":1358776.0},{"cn":"Далина Вита Фарм","ui":"4043018","t":170563.0,"r":170363.0,"q":7.82,"p":1000.0,"mot":"U","mo":170363.0},{"cn":"ADS","ui":"4274776","t":379745.0,"r":347644.0,"q":7.44,"p":950.0,"mot":"U","mo":347644.0},{"cn":"","ui":"","t":4181.0,"r":4131.0,"q":4.21,"p":900.0,"mot":"L","mo":4131.0}]},{"d":"21.06.2017","r":1964592.0,"q":13.7,"p":918.18,"s":[{"cn":"Farmcor","ui":"4258252","t":1420829.0,"r":1420318.0,"q":16.02,"p":900.0,"mot":"U","mo":1420318.0},{"cn":"Далина Вита Фарм","ui":"4043018","t":170363.0,"r":170163.0,"q":7.82,"p":1000.0,"mot":"U","mo":170163.0},{"cn":"ADS","ui":"4274776","t":406212.0,"r":374111.0,"q":7.57,"p":950.0,"mot":"U","mo":374111.0},{"cn":"","ui":"","t":0.0,"r":0.0,"q":0.0,"p":0.0,"mot":"L","mo":0.0}]},{"d":"22.06.2017","r":2056012.0,"q":13.74,"p":918.0,"s":[{"cn":"Farmcor","ui":"4258252","t":1482371.0,"r":1481859.0,"q":16.08,"p":900.0,"mot":"U","mo":1481859.0},{"cn":"Далина Вита Фарм","ui":"4043018","t":170163.0,"r":169963.0,"q":7.82,"p":1000.0,"mot":"U","mo":169963.0},{"cn":"ADS","ui":"4274776","t":432164.0,"r":400063.0,"q":7.68,"p":950.0,"mot":"U","mo":400063.0},{"cn":"","ui":"","t":4177.0,"r":4127.0,"q":4.21,"p":900.0,"mot":"L","mo":4127.0}]},{"d":"23.06.2017","r":2138730.0,"q":13.8,"p":917.89,"s":[{"cn":"Farmcor","ui":"4258252","t":1543912.0,"r":1543404.0,"q":16.13,"p":900.0,"mot":"U","mo":1543404.0},{"cn":"Далина Вита Фарм","ui":"4043018","t":169963.0,"r":169763.0,"q":7.82,"p":1000.0,"mot":"U","mo":169763.0},{"cn":"ADS","ui":"4274776","t":457664.0,"r":425563.0,"q":7.76,"p":950.0,"mot":"U","mo":425563.0},{"cn":"","ui":"","t":0.0,"r":0.0,"q":0.0,"p":0.0,"mot":"L","mo":0.0}]},{"d":"24.06.2017","r":2229304.0,"q":13.83,"p":917.53,"s":[{"cn":"Farmcor","ui":"4258252","t":1605457.0,"r":1604755.0,"q":16.18,"p":900.0,"mot":"U","mo":1604755.0},{"cn":"Далина Вита Фарм","ui":"4043018","t":169763.0,"r":169762.0,"q":7.82,"p":1000.0,"mot":"U","mo":169762.0},{"cn":"ADS","ui":"4274776","t":482611.0,"r":450610.0,"q":7.8,"p":950.0,"mot":"U","mo":450610.0},{"cn":"","ui":"","t":4177.0,"r":4177.0,"q":4.21,"p":800.0,"mot":"L","mo":4177.0}]},{"d":"25.06.2017","r":2318021.0,"q":13.86,"p":902.81,"s":[{"cn":"Farmcor","ui":"4258252","t":1666808.0,"r":1666106.0,"q":16.23,"p":900.0,"mot":"U","mo":1666106.0},{"cn":"Далина Вита Фарм","ui":"4043018","t":169762.0,"r":169761.0,"q":7.82,"p":800.0,"mot":"U","mo":169761.0},{"cn":"ADS","ui":"4274776","t":510042.0,"r":478041.0,"q":7.85,"p":950.0,"mot":"U","mo":478041.0},{"cn":"","ui":"","t":4145.0,"r":4113.0,"q":4.21,"p":800.0,"mot":"L","mo":4113.0}]},{"d":"26.06.2017","r":2406573.0,"q":13.9,"p":903.27,"s":[{"cn":"Farmcor","ui":"4258252","t":1728159.0,"r":1727455.0,"q":16.28,"p":900.0,"mot":"U","mo":1727455.0},{"cn":"Далина Вита Фарм","ui":"4043018","t":169761.0,"r":169760.0,"q":7.82,"p":800.0,"mot":"U","mo":169760.0},{"cn":"ADS","ui":"4274776","t":537278.0,"r":505277.0,"q":7.88,"p":950.0,"mot":"U","mo":505277.0},{"cn":"","ui":"","t":4113.0,"r":4081.0,"q":4.21,"p":800.0,"mot":"L","mo":4081.0}]},{"d":"27.06.2017","r":2494866.0,"q":13.92,"p":903.7,"s":[{"cn":"Farmcor","ui":"4258252","t":1789508.0,"r":1788804.0,"q":16.32,"p":900.0,"mot":"U","mo":1788804.0},{"cn":"Далина Вита Фарм","ui":"4043018","t":169760.0,"r":169754.0,"q":7.82,"p":800.0,"mot":"U","mo":169754.0},{"cn":"ADS","ui":"4274776","t":564260.0,"r":532259.0,"q":7.89,"p":950.0,"mot":"U","mo":532259.0},{"cn":"","ui":"","t":4081.0,"r":4049.0,"q":4.21,"p":800.0,"mot":"L","mo":4049.0}]},{"d":"28.06.2017","r":2572856.0,"q":13.94,"p":904.11,"s":[{"cn":"Farmcor","ui":"4258252","t":1845858.0,"r":1840153.0,"q":16.36,"p":900.0,"mot":"U","mo":1840153.0},{"cn":"Далина Вита Фарм","ui":"4043018","t":169754.0,"r":169648.0,"q":7.82,"p":800.0,"mot":"U","mo":169648.0},{"cn":"ADS","ui":"4274776","t":591049.0,"r":559048.0,"q":7.89,"p":950.0,"mot":"U","mo":559048.0},{"cn":"","ui":"","t":4049.0,"r":4007.0,"q":4.21,"p":800.0,"mot":"L","mo":4007.0}]},{"d":"29.06.2017","r":2655593.0,"q":13.96,"p":904.49,"s":[{"cn":"Farmcor","ui":"4258252","t":1902206.0,"r":1896505.0,"q":16.4,"p":900.0,"mot":"U","mo":1896505.0},{"cn":"Далина Вита Фарм","ui":"4043018","t":169648.0,"r":169542.0,"q":7.82,"p":800.0,"mot":"U","mo":169542.0},{"cn":"ADS","ui":"4274776","t":617585.0,"r":585584.0,"q":7.88,"p":950.0,"mot":"U","mo":585584.0},{"cn":"","ui":"","t":4007.0,"r":3962.0,"q":4.21,"p":800.0,"mot":"L","mo":3962.0}]},{"d":"01.07.2017","r":2820369.0,"q":14.01,"p":905.16,"s":[{"cn":"Farmcor","ui":"4258252","t":2014910.0,"r":2009210.0,"q":16.5,"p":900.0,"mot":"U","mo":2009210.0},{"cn":"Далина Вита Фарм","ui":"4043018","t":169426.0,"r":169410.0,"q":7.82,"p":800.0,"mot":"U","mo":169410.0},{"cn":"ADS","ui":"4274776","t":669874.0,"r":637874.0,"q":7.86,"p":950.0,"mot":"U","mo":637874.0},{"cn":"","ui":"","t":3900.0,"r":3875.0,"q":4.21,"p":800.0,"mot":"L","mo":3875.0}]},{"d":"02.07.2017","r":2906682.0,"q":14.03,"p":905.53,"s":[{"cn":"Farmcor","ui":"4258252","t":2071263.0,"r":2065563.0,"q":16.55,"p":900.0,"mot":"U","mo":2065563.0},{"cn":"Далина Вита Фарм","ui":"4043018","t":169415.0,"r":169404.0,"q":7.82,"p":800.0,"mot":"U","mo":169404.0},{"cn":"ADS","ui":"4274776","t":699927.0,"r":667927.0,"q":7.87,"p":950.0,"mot":"U","mo":667927.0},{"cn":"","ui":"","t":3878.0,"r":3788.0,"q":4.21,"p":800.0,"mot":"L","mo":3788.0}]},{"d":"03.07.2017","r":3018955.0,"q":13.99,"p":765.68,"s":[{"cn":"Farmcor","ui":"4258252","t":2127616.0,"r":2121906.0,"q":16.59,"p":700.0,"mot":"U","mo":2121906.0},{"cn":"Далина Вита Фарм","ui":"4043018","t":169404.0,"r":169393.0,"q":7.82,"p":800.0,"mot":"U","mo":169393.0},{"cn":"ADS","ui":"4274776","t":729918.0,"r":723918.0,"q":7.87,"p":950.0,"mot":"U","mo":723918.0},{"cn":"","ui":"","t":3788.0,"r":3738.0,"q":4.21,"p":800.0,"mot":"L","mo":3738.0}]},{"d":"04.07.2017","r":3121209.0,"q":13.96,"p":768.0,"s":[{"cn":"Farmcor","ui":"4258252","t":2183959.0,"r":2168354.0,"q":16.64,"p":700.0,"mot":"U","mo":2168354.0},{"cn":"Далина Вита Фарм","ui":"4043018","t":169393.0,"r":169383.0,"q":7.82,"p":800.0,"mot":"U","mo":169383.0},{"cn":"ADS","ui":"4274776","t":785784.0,"r":779784.0,"q":7.87,"p":950.0,"mot":"U","mo":779784.0},{"cn":"","ui":"","t":3738.0,"r":3688.0,"q":4.21,"p":800.0,"mot":"L","mo":3688.0}]},{"d":"05.07.2017","r":3223194.0,"q":13.92,"p":762.28,"s":[{"cn":"Farmcor","ui":"4258252","t":2230407.0,"r":2214806.0,"q":16.69,"p":700.0,"mot":"U","mo":2214806.0},{"cn":"Далина Вита Фарм","ui":"4043018","t":169383.0,"r":169373.0,"q":7.82,"p":650.0,"mot":"U","mo":169373.0},{"cn":"ADS","ui":"4274776","t":841377.0,"r":835377.0,"q":7.87,"p":950.0,"mot":"U","mo":835377.0},{"cn":"","ui":"","t":3688.0,"r":3638.0,"q":4.21,"p":800.0,"mot":"L","mo":3638.0}]},{"d":"06.07.2017","r":3324796.0,"q":13.89,"p":670.77,"s":[{"cn":"Farmcor","ui":"4258252","t":2276859.0,"r":2261259.0,"q":16.74,"p":700.0,"mot":"U","mo":2261259.0},{"cn":"Далина Вита Фарм","ui":"4043018","t":169373.0,"r":169363.0,"q":7.82,"p":650.0,"mot":"U","mo":169363.0},{"cn":"ADS","ui":"4274776","t":896587.0,"r":890586.0,"q":7.86,"p":600.0,"mot":"U","mo":890586.0},{"cn":"","ui":"","t":3638.0,"r":3588.0,"q":4.21,"p":800.0,"mot":"L","mo":3588.0}]},{"d":"07.07.2017","r":3426002.0,"q":13.86,"p":670.04,"s":[{"cn":"Farmcor","ui":"4258252","t":2323312.0,"r":2307712.0,"q":16.78,"p":700.0,"mot":"U","mo":2307712.0},{"cn":"ADS","ui":"4274776","t":951400.0,"r":945399.0,"q":7.86,"p":600.0,"mot":"U","mo":945399.0},{"cn":"","ui":"","t":172951.0,"r":172891.0,"q":7.75,"p":653.07,"mot":"L","mo":172891.0}]}]