[{"d":"23.05.2015","r":25.0,"q":2.43,"p":390.0,"s":[{"ui":"3205358","t":25.0,"r":25.0,"q":2.43,"p":390.0,"mot":"U","mo":25.0},{"cn":"","ui":"","t":0.0,"r":0.0,"q":0.0,"p":0.0,"mot":"L","mo":0.0}]},{"d":"01.06.2015","r":10.0,"q":2.44,"p":390.0,"s":[{"ui":"3205358","t":10.0,"r":10.0,"q":2.44,"p":390.0,"mot":"U","mo":10.0},{"cn":"","ui":"","t":0.0,"r":0.0,"q":0.0,"p":0.0,"mot":"L","mo":0.0}]},{"d":"02.06.2015","r":15.0,"q":2.45,"p":387.0,"s":[{"ui":"3205358","t":15.0,"r":15.0,"q":2.45,"p":387.0,"mot":"U","mo":15.0},{"cn":"","ui":"","t":0.0,"r":0.0,"q":0.0,"p":0.0,"mot":"L","mo":0.0}]},{"d":"03.06.2015","r":20.0,"q":2.45,"p":387.0,"s":[{"ui":"3205358","t":20.0,"r":20.0,"q":2.45,"p":387.0,"mot":"U","mo":20.0},{"cn":"","ui":"","t":0.0,"r":0.0,"q":0.0,"p":0.0,"mot":"L","mo":0.0}]},{"d":"04.06.2015","r":25.0,"q":2.45,"p":387.0,"s":[{"ui":"3205358","t":25.0,"r":25.0,"q":2.45,"p":387.0,"mot":"U","mo":25.0},{"cn":"","ui":"","t":0.0,"r":0.0,"q":0.0,"p":0.0,"mot":"L","mo":0.0}]},{"d":"05.06.2015","r":30.0,"q":2.45,"p":387.0,"s":[{"ui":"3205358","t":30.0,"r":30.0,"q":2.45,"p":387.0,"mot":"U","mo":30.0},{"cn":"","ui":"","t":0.0,"r":0.0,"q":0.0,"p":0.0,"mot":"L","mo":0.0}]},{"d":"06.06.2015","r":35.0,"q":2.45,"p":387.0,"s":[{"ui":"3205358","t":35.0,"r":35.0,"q":2.45,"p":387.0,"mot":"U","mo":35.0},{"cn":"","ui":"","t":0.0,"r":0.0,"q":0.0,"p":0.0,"mot":"L","mo":0.0}]},{"d":"08.06.2015","r":45.0,"q":2.45,"p":387.0,"s":[{"ui":"3205358","t":45.0,"r":45.0,"q":2.45,"p":387.0,"mot":"U","mo":45.0},{"cn":"","ui":"","t":0.0,"r":0.0,"q":0.0,"p":0.0,"mot":"L","mo":0.0}]},{"d":"27.06.2015","r":138.0,"q":28.59,"p":17.0,"s":[{"ui":"2569359","t":550000.0,"r":138.0,"q":28.59,"p":17.0,"mot":"U","mo":138.0},{"cn":"","ui":"","t":0.0,"r":0.0,"q":0.0,"p":0.0,"mot":"L","mo":0.0}]},{"d":"28.06.2015","r":268.0,"q":28.57,"p":17.0,"s":[{"ui":"2569359","t":550130.0,"r":268.0,"q":28.57,"p":17.0,"mot":"U","mo":268.0},{"cn":"","ui":"","t":0.0,"r":0.0,"q":0.0,"p":0.0,"mot":"L","mo":0.0}]},{"d":"29.06.2015","r":395.0,"q":28.55,"p":17.0,"s":[{"ui":"2569359","t":550257.0,"r":395.0,"q":28.55,"p":17.0,"mot":"U","mo":395.0},{"cn":"","ui":"","t":0.0,"r":0.0,"q":0.0,"p":0.0,"mot":"L","mo":0.0}]},{"d":"30.06.2015","r":526.0,"q":28.54,"p":17.0,"s":[{"ui":"2569359","t":550388.0,"r":526.0,"q":28.54,"p":17.0,"mot":"U","mo":526.0},{"cn":"","ui":"","t":0.0,"r":0.0,"q":0.0,"p":0.0,"mot":"L","mo":0.0}]},{"d":"01.07.2015","r":655.0,"q":28.52,"p":17.0,"s":[{"ui":"2569359","t":550517.0,"r":655.0,"q":28.52,"p":17.0,"mot":"U","mo":655.0},{"cn":"","ui":"","t":0.0,"r":0.0,"q":0.0,"p":0.0,"mot":"L","mo":0.0}]},{"d":"02.07.2015","r":785.0,"q":28.51,"p":17.0,"s":[{"ui":"2569359","t":550647.0,"r":785.0,"q":28.51,"p":17.0,"mot":"U","mo":785.0},{"cn":"","ui":"","t":0.0,"r":0.0,"q":0.0,"p":0.0,"mot":"L","mo":0.0}]},{"d":"03.07.2015","r":67912.0,"q":28.5,"p":17.0,"s":[{"ui":"2569359","t":584274.0,"r":67912.0,"q":28.5,"p":17.0,"mot":"U","mo":67912.0},{"cn":"","ui":"","t":0.0,"r":0.0,"q":0.0,"p":0.0,"mot":"L","mo":0.0}]},{"d":"04.07.2015","r":99542.0,"q":28.48,"p":17.0,"s":[{"ui":"2569359","t":616904.0,"r":99542.0,"q":28.48,"p":17.0,"mot":"U","mo":99542.0},{"cn":"","ui":"","t":0.0,"r":0.0,"q":0.0,"p":0.0,"mot":"L","mo":0.0}]},{"d":"05.07.2015","r":129970.0,"q":28.47,"p":17.0,"s":[{"ui":"2569359","t":648432.0,"r":129970.0,"q":28.47,"p":17.0,"mot":"U","mo":129970.0},{"cn":"","ui":"","t":0.0,"r":0.0,"q":0.0,"p":0.0,"mot":"L","mo":0.0}]},{"d":"06.07.2015","r":161497.0,"q":28.46,"p":17.0,"s":[{"ui":"2569359","t":679959.0,"r":161497.0,"q":28.46,"p":17.0,"mot":"U","mo":161497.0},{"cn":"","ui":"","t":0.0,"r":0.0,"q":0.0,"p":0.0,"mot":"L","mo":0.0}]},{"d":"07.07.2015","r":192024.0,"q":28.45,"p":17.0,"s":[{"ui":"2569359","t":711486.0,"r":192024.0,"q":28.45,"p":17.0,"mot":"U","mo":192024.0},{"cn":"","ui":"","t":0.0,"r":0.0,"q":0.0,"p":0.0,"mot":"L","mo":0.0}]},{"d":"08.07.2015","r":222559.0,"q":28.44,"p":17.0,"s":[{"ui":"2569359","t":742021.0,"r":222559.0,"q":28.44,"p":17.0,"mot":"U","mo":222559.0},{"cn":"","ui":"","t":0.0,"r":0.0,"q":0.0,"p":0.0,"mot":"L","mo":0.0}]},{"d":"09.07.2015","r":253091.0,"q":28.43,"p":17.0,"s":[{"ui":"2569359","t":772553.0,"r":253091.0,"q":28.43,"p":17.0,"mot":"U","mo":253091.0},{"cn":"","ui":"","t":0.0,"r":0.0,"q":0.0,"p":0.0,"mot":"L","mo":0.0}]},{"d":"10.07.2015","r":283623.0,"q":28.42,"p":17.0,"s":[{"ui":"2569359","t":803085.0,"r":283623.0,"q":28.42,"p":17.0,"mot":"U","mo":283623.0},{"cn":"","ui":"","t":0.0,"r":0.0,"q":0.0,"p":0.0,"mot":"L","mo":0.0}]},{"d":"12.07.2015","r":344688.0,"q":28.4,"p":17.01,"s":[{"ui":"2569359","t":864140.0,"r":344678.0,"q":28.4,"p":17.0,"mot":"U","mo":344678.0},{"cn":"","ui":"","t":30.0,"r":10.0,"q":2.46,"p":384.0,"mot":"L","mo":10.0}]},{"d":"13.07.2015","r":375222.0,"q":28.39,"p":17.01,"s":[{"ui":"2569359","t":894669.0,"r":375207.0,"q":28.39,"p":17.0,"mot":"U","mo":375207.0},{"cn":"","ui":"","t":35.0,"r":15.0,"q":2.46,"p":384.0,"mot":"L","mo":15.0}]},{"d":"14.07.2015","r":405757.0,"q":28.39,"p":17.02,"s":[{"ui":"2569359","t":925199.0,"r":405737.0,"q":28.39,"p":17.0,"mot":"U","mo":405737.0},{"cn":"","ui":"","t":40.0,"r":20.0,"q":2.46,"p":384.0,"mot":"L","mo":20.0}]},{"d":"15.07.2015","r":436292.0,"q":28.38,"p":17.02,"s":[{"ui":"2569359","t":955729.0,"r":436267.0,"q":28.38,"p":17.0,"mot":"U","mo":436267.0},{"cn":"","ui":"","t":45.0,"r":25.0,"q":2.46,"p":384.0,"mot":"L","mo":25.0}]},{"d":"16.07.2015","r":466826.0,"q":28.37,"p":17.02,"s":[{"ui":"2569359","t":986258.0,"r":466796.0,"q":28.37,"p":17.0,"mot":"U","mo":466796.0},{"cn":"","ui":"","t":50.0,"r":30.0,"q":2.46,"p":384.0,"mot":"L","mo":30.0}]},{"d":"17.07.2015","r":497362.0,"q":28.36,"p":17.03,"s":[{"ui":"2569359","t":1016789.0,"r":497327.0,"q":28.36,"p":17.0,"mot":"U","mo":497327.0},{"cn":"","ui":"","t":55.0,"r":35.0,"q":2.46,"p":384.0,"mot":"L","mo":35.0}]},{"d":"19.07.2015","r":558431.0,"q":28.35,"p":17.03,"s":[{"ui":"2569359","t":1077848.0,"r":558386.0,"q":28.35,"p":17.0,"mot":"U","mo":558386.0},{"cn":"","ui":"","t":65.0,"r":45.0,"q":2.46,"p":381.0,"mot":"L","mo":45.0}]},{"d":"20.07.2015","r":588964.0,"q":28.34,"p":17.03,"s":[{"ui":"2569359","t":1108376.0,"r":588914.0,"q":28.34,"p":17.0,"mot":"U","mo":588914.0},{"cn":"","ui":"","t":70.0,"r":50.0,"q":2.46,"p":381.0,"mot":"L","mo":50.0}]},{"d":"21.07.2015","r":619496.0,"q":28.34,"p":17.03,"s":[{"ui":"2569359","t":1138903.0,"r":619441.0,"q":28.34,"p":17.0,"mot":"U","mo":619441.0},{"cn":"","ui":"","t":75.0,"r":55.0,"q":2.46,"p":381.0,"mot":"L","mo":55.0}]},{"d":"22.07.2015","r":650030.0,"q":28.33,"p":17.03,"s":[{"ui":"2569359","t":1169432.0,"r":649970.0,"q":28.33,"p":17.0,"mot":"U","mo":649970.0},{"cn":"","ui":"","t":80.0,"r":60.0,"q":2.46,"p":381.0,"mot":"L","mo":60.0}]},{"d":"23.07.2015","r":680563.0,"q":28.32,"p":17.03,"s":[{"ui":"2569359","t":1199960.0,"r":680498.0,"q":28.32,"p":17.0,"mot":"U","mo":680498.0},{"cn":"","ui":"","t":85.0,"r":65.0,"q":2.46,"p":381.0,"mot":"L","mo":65.0}]},{"d":"25.07.2015","r":741632.0,"q":28.31,"p":17.04,"s":[{"ui":"2569359","t":1261019.0,"r":741557.0,"q":28.31,"p":17.0,"mot":"U","mo":741557.0},{"cn":"","ui":"","t":95.0,"r":75.0,"q":2.46,"p":381.0,"mot":"L","mo":75.0}]},{"d":"28.07.2015","r":833241.0,"q":28.29,"p":17.04,"s":[{"ui":"2569359","t":1352613.0,"r":833151.0,"q":28.29,"p":17.0,"mot":"U","mo":833151.0},{"cn":"","ui":"","t":110.0,"r":90.0,"q":2.46,"p":378.0,"mot":"L","mo":90.0}]},{"d":"29.07.2015","r":849770.0,"q":28.29,"p":17.04,"s":[{"ui":"2569359","t":1376137.0,"r":849675.0,"q":28.29,"p":17.0,"mot":"U","mo":849675.0},{"cn":"","ui":"","t":115.0,"r":95.0,"q":2.46,"p":378.0,"mot":"L","mo":95.0}]},{"d":"30.07.2015","r":873302.0,"q":28.28,"p":17.04,"s":[{"ui":"2569359","t":1399664.0,"r":873202.0,"q":28.28,"p":17.0,"mot":"U","mo":873202.0},{"cn":"","ui":"","t":120.0,"r":100.0,"q":2.46,"p":378.0,"mot":"L","mo":100.0}]},{"d":"31.07.2015","r":896836.0,"q":28.27,"p":17.04,"s":[{"ui":"2569359","t":1423193.0,"r":896731.0,"q":28.27,"p":17.0,"mot":"U","mo":896731.0},{"cn":"","ui":"","t":125.0,"r":105.0,"q":2.46,"p":378.0,"mot":"L","mo":105.0}]},{"d":"01.08.2015","r":914371.0,"q":28.27,"p":17.04,"s":[{"ui":"2569359","t":1443722.0,"r":914261.0,"q":28.27,"p":17.0,"mot":"U","mo":914261.0},{"cn":"","ui":"","t":130.0,"r":110.0,"q":2.46,"p":378.0,"mot":"L","mo":110.0}]},{"d":"02.08.2015","r":934905.0,"q":28.26,"p":17.04,"s":[{"ui":"2569359","t":1464251.0,"r":934790.0,"q":28.26,"p":17.0,"mot":"U","mo":934790.0},{"cn":"","ui":"","t":135.0,"r":115.0,"q":2.46,"p":375.0,"mot":"L","mo":115.0}]},{"d":"03.08.2015","r":955441.0,"q":28.25,"p":17.04,"s":[{"ui":"2569359","t":1484782.0,"r":955321.0,"q":28.25,"p":17.0,"mot":"U","mo":955321.0},{"cn":"","ui":"","t":140.0,"r":120.0,"q":2.46,"p":375.0,"mot":"L","mo":120.0}]},{"d":"04.08.2015","r":975974.0,"q":28.25,"p":17.05,"s":[{"ui":"2569359","t":1505310.0,"r":975849.0,"q":28.25,"p":17.0,"mot":"U","mo":975849.0},{"cn":"","ui":"","t":145.0,"r":125.0,"q":2.46,"p":375.0,"mot":"L","mo":125.0}]},{"d":"05.08.2015","r":986508.0,"q":28.24,"p":17.05,"s":[{"ui":"2569359","t":1520839.0,"r":986378.0,"q":28.24,"p":17.0,"mot":"U","mo":986378.0},{"cn":"","ui":"","t":150.0,"r":130.0,"q":2.46,"p":375.0,"mot":"L","mo":130.0}]},{"d":"06.08.2015","r":992041.0,"q":28.24,"p":17.05,"s":[{"ui":"2569359","t":1531367.0,"r":991906.0,"q":28.24,"p":17.0,"mot":"U","mo":991906.0},{"cn":"","ui":"","t":155.0,"r":135.0,"q":2.46,"p":375.0,"mot":"L","mo":135.0}]},{"d":"07.08.2015","r":992573.0,"q":28.23,"p":17.05,"s":[{"ui":"2569359","t":1536894.0,"r":992433.0,"q":28.23,"p":17.0,"mot":"U","mo":992433.0},{"cn":"","ui":"","t":160.0,"r":140.0,"q":2.46,"p":375.0,"mot":"L","mo":140.0}]},{"d":"08.08.2015","r":998109.0,"q":28.22,"p":17.05,"s":[{"ui":"2569359","t":1542425.0,"r":997964.0,"q":28.22,"p":17.0,"mot":"U","mo":997964.0},{"cn":"","ui":"","t":165.0,"r":145.0,"q":2.46,"p":375.0,"mot":"L","mo":145.0}]},{"d":"09.08.2015","r":1003646.0,"q":28.22,"p":17.05,"s":[{"ui":"2569359","t":1547957.0,"r":1003496.0,"q":28.22,"p":17.0,"mot":"U","mo":1003496.0},{"cn":"","ui":"","t":170.0,"r":150.0,"q":2.46,"p":375.0,"mot":"L","mo":150.0}]},{"d":"10.08.2015","r":1009180.0,"q":28.21,"p":17.05,"s":[{"ui":"2569359","t":1553486.0,"r":1009025.0,"q":28.21,"p":17.0,"mot":"U","mo":1009025.0},{"cn":"","ui":"","t":175.0,"r":155.0,"q":2.46,"p":375.0,"mot":"L","mo":155.0}]},{"d":"11.08.2015","r":1014553.0,"q":28.2,"p":17.07,"s":[{"ui":"2569359","t":1558914.0,"r":1014353.0,"q":28.21,"p":17.0,"mot":"U","mo":1014353.0},{"cn":"","ui":"","t":200.0,"r":200.0,"q":2.46,"p":372.0,"mot":"L","mo":200.0}]},{"d":"12.08.2015","r":1020005.0,"q":28.19,"p":17.08,"s":[{"ui":"2569359","t":1564341.0,"r":1019780.0,"q":28.2,"p":17.0,"mot":"U","mo":1019780.0},{"cn":"","ui":"","t":225.0,"r":225.0,"q":2.46,"p":372.0,"mot":"L","mo":225.0}]},{"d":"13.08.2015","r":1025252.0,"q":28.18,"p":17.09,"s":[{"ui":"2569359","t":1569663.0,"r":1025002.0,"q":28.19,"p":17.0,"mot":"U","mo":1025002.0},{"cn":"","ui":"","t":250.0,"r":250.0,"q":2.46,"p":372.0,"mot":"L","mo":250.0}]},{"d":"14.08.2015","r":1009613.0,"q":28.18,"p":17.1,"s":[{"ui":"2569359","t":1564499.0,"r":1009338.0,"q":28.19,"p":17.0,"mot":"U","mo":1009338.0},{"cn":"","ui":"","t":275.0,"r":275.0,"q":2.46,"p":372.0,"mot":"L","mo":275.0}]},{"d":"15.08.2015","r":1004461.0,"q":28.17,"p":17.11,"s":[{"ui":"2569359","t":1559322.0,"r":1004161.0,"q":28.18,"p":17.0,"mot":"U","mo":1004161.0},{"cn":"","ui":"","t":300.0,"r":300.0,"q":2.46,"p":372.0,"mot":"L","mo":300.0}]},{"d":"16.08.2015","r":999309.0,"q":28.16,"p":17.12,"s":[{"ui":"2569359","t":1554145.0,"r":998984.0,"q":28.17,"p":17.0,"mot":"U","mo":998984.0},{"cn":"","ui":"","t":325.0,"r":325.0,"q":2.46,"p":372.0,"mot":"L","mo":325.0}]},{"d":"17.08.2015","r":974159.0,"q":28.16,"p":17.13,"s":[{"ui":"2569359","t":1538970.0,"r":973809.0,"q":28.17,"p":17.0,"mot":"U","mo":973809.0},{"cn":"","ui":"","t":350.0,"r":350.0,"q":2.46,"p":372.0,"mot":"L","mo":350.0}]},{"d":"18.08.2015","r":959004.0,"q":28.15,"p":17.14,"s":[{"ui":"2569359","t":1523790.0,"r":958629.0,"q":28.16,"p":17.0,"mot":"U","mo":958629.0},{"cn":"","ui":"","t":375.0,"r":375.0,"q":2.46,"p":372.0,"mot":"L","mo":375.0}]},{"d":"19.08.2015","r":943864.0,"q":28.14,"p":17.15,"s":[{"ui":"2569359","t":1508625.0,"r":943464.0,"q":28.15,"p":17.0,"mot":"U","mo":943464.0},{"cn":"","ui":"","t":400.0,"r":400.0,"q":2.46,"p":372.0,"mot":"L","mo":400.0}]},{"d":"20.08.2015","r":928125.0,"q":28.14,"p":17.16,"s":[{"ui":"2569359","t":1493161.0,"r":927700.0,"q":28.15,"p":17.0,"mot":"U","mo":927700.0},{"cn":"","ui":"","t":425.0,"r":425.0,"q":2.46,"p":372.0,"mot":"L","mo":425.0}]},{"d":"21.08.2015","r":812685.0,"q":28.13,"p":17.2,"s":[{"ui":"2569359","t":1377696.0,"r":812235.0,"q":28.14,"p":17.0,"mot":"U","mo":812235.0},{"cn":"","ui":"","t":450.0,"r":450.0,"q":2.46,"p":372.0,"mot":"L","mo":450.0}]},{"d":"22.08.2015","r":797246.0,"q":28.11,"p":17.21,"s":[{"ui":"2569359","t":1362232.0,"r":796771.0,"q":28.13,"p":17.0,"mot":"U","mo":796771.0},{"cn":"","ui":"","t":475.0,"r":475.0,"q":2.46,"p":372.0,"mot":"L","mo":475.0}]},{"d":"23.08.2015","r":781808.0,"q":28.11,"p":17.23,"s":[{"ui":"2569359","t":1346769.0,"r":781308.0,"q":28.13,"p":17.0,"mot":"U","mo":781308.0},{"cn":"","ui":"","t":500.0,"r":500.0,"q":2.49,"p":369.0,"mot":"L","mo":500.0}]},{"d":"24.08.2015","r":764366.0,"q":28.1,"p":17.24,"s":[{"ui":"2569359","t":1330302.0,"r":763841.0,"q":28.12,"p":17.0,"mot":"U","mo":763841.0},{"cn":"","ui":"","t":525.0,"r":525.0,"q":2.53,"p":369.0,"mot":"L","mo":525.0}]},{"d":"25.08.2015","r":747927.0,"q":28.09,"p":17.26,"s":[{"ui":"2569359","t":1313838.0,"r":747377.0,"q":28.11,"p":17.0,"mot":"U","mo":747377.0},{"cn":"","ui":"","t":550.0,"r":550.0,"q":2.57,"p":369.0,"mot":"L","mo":550.0}]},{"d":"26.08.2015","r":731483.0,"q":28.09,"p":17.28,"s":[{"ui":"2569359","t":1297369.0,"r":730908.0,"q":28.11,"p":17.0,"mot":"U","mo":730908.0},{"cn":"","ui":"","t":575.0,"r":575.0,"q":2.63,"p":369.0,"mot":"L","mo":575.0}]},{"d":"27.08.2015","r":493262.0,"q":28.07,"p":17.43,"s":[{"ui":"2569359","t":1170011.0,"r":492662.0,"q":28.1,"p":17.0,"mot":"U","mo":492662.0},{"cn":"","ui":"","t":600.0,"r":600.0,"q":2.68,"p":369.0,"mot":"L","mo":600.0}]},{"d":"28.08.2015","r":365934.0,"q":28.05,"p":17.6,"s":[{"ui":"2569359","t":1042658.0,"r":365309.0,"q":28.09,"p":17.0,"mot":"U","mo":365309.0},{"cn":"","ui":"","t":625.0,"r":625.0,"q":2.73,"p":369.0,"mot":"L","mo":625.0}]},{"d":"29.08.2015","r":238608.0,"q":28.02,"p":17.96,"s":[{"ui":"2569359","t":915307.0,"r":237958.0,"q":28.09,"p":17.0,"mot":"U","mo":237958.0},{"cn":"","ui":"","t":650.0,"r":650.0,"q":2.78,"p":369.0,"mot":"L","mo":650.0}]},{"d":"30.08.2015","r":675.0,"q":2.82,"p":369.0,"s":[{"ui":"3205358","t":675.0,"r":675.0,"q":2.82,"p":369.0,"mot":"U","mo":675.0},{"cn":"","ui":"","t":0.0,"r":0.0,"q":0.0,"p":0.0,"mot":"L","mo":0.0}]},{"d":"31.08.2015","r":700.0,"q":2.87,"p":369.0,"s":[{"ui":"3205358","t":700.0,"r":700.0,"q":2.87,"p":369.0,"mot":"U","mo":700.0},{"cn":"","ui":"","t":0.0,"r":0.0,"q":0.0,"p":0.0,"mot":"L","mo":0.0}]},{"d":"01.09.2015","r":725.0,"q":2.91,"p":366.0,"s":[{"ui":"3205358","t":725.0,"r":725.0,"q":2.91,"p":366.0,"mot":"U","mo":725.0},{"cn":"","ui":"","t":0.0,"r":0.0,"q":0.0,"p":0.0,"mot":"L","mo":0.0}]},{"d":"02.09.2015","r":750.0,"q":2.95,"p":366.0,"s":[{"ui":"3205358","t":750.0,"r":750.0,"q":2.95,"p":366.0,"mot":"U","mo":750.0},{"cn":"","ui":"","t":0.0,"r":0.0,"q":0.0,"p":0.0,"mot":"L","mo":0.0}]},{"d":"03.09.2015","r":775.0,"q":2.99,"p":366.0,"s":[{"ui":"3205358","t":775.0,"r":775.0,"q":2.99,"p":366.0,"mot":"U","mo":775.0},{"cn":"","ui":"","t":0.0,"r":0.0,"q":0.0,"p":0.0,"mot":"L","mo":0.0}]},{"d":"04.09.2015","r":800.0,"q":3.03,"p":366.0,"s":[{"ui":"3205358","t":800.0,"r":800.0,"q":3.03,"p":366.0,"mot":"U","mo":800.0},{"cn":"","ui":"","t":0.0,"r":0.0,"q":0.0,"p":0.0,"mot":"L","mo":0.0}]},{"d":"05.09.2015","r":825.0,"q":3.06,"p":366.0,"s":[{"ui":"3205358","t":825.0,"r":825.0,"q":3.06,"p":366.0,"mot":"U","mo":825.0},{"cn":"","ui":"","t":0.0,"r":0.0,"q":0.0,"p":0.0,"mot":"L","mo":0.0}]},{"d":"06.09.2015","r":850.0,"q":3.1,"p":366.0,"s":[{"ui":"3205358","t":850.0,"r":850.0,"q":3.1,"p":366.0,"mot":"U","mo":850.0},{"cn":"","ui":"","t":0.0,"r":0.0,"q":0.0,"p":0.0,"mot":"L","mo":0.0}]},{"d":"07.09.2015","r":875.0,"q":3.13,"p":366.0,"s":[{"ui":"3205358","t":875.0,"r":875.0,"q":3.13,"p":366.0,"mot":"U","mo":875.0},{"cn":"","ui":"","t":0.0,"r":0.0,"q":0.0,"p":0.0,"mot":"L","mo":0.0}]},{"d":"08.09.2015","r":900.0,"q":3.15,"p":366.0,"s":[{"ui":"3205358","t":900.0,"r":900.0,"q":3.15,"p":366.0,"mot":"U","mo":900.0},{"cn":"","ui":"","t":0.0,"r":0.0,"q":0.0,"p":0.0,"mot":"L","mo":0.0}]},{"d":"09.09.2015","r":925.0,"q":3.18,"p":366.0,"s":[{"ui":"3205358","t":925.0,"r":925.0,"q":3.18,"p":366.0,"mot":"U","mo":925.0},{"cn":"","ui":"","t":0.0,"r":0.0,"q":0.0,"p":0.0,"mot":"L","mo":0.0}]},{"d":"10.09.2015","r":950.0,"q":3.21,"p":363.0,"s":[{"ui":"3205358","t":950.0,"r":950.0,"q":3.21,"p":363.0,"mot":"U","mo":950.0},{"cn":"","ui":"","t":0.0,"r":0.0,"q":0.0,"p":0.0,"mot":"L","mo":0.0}]},{"d":"11.09.2015","r":975.0,"q":3.23,"p":363.0,"s":[{"ui":"3205358","t":975.0,"r":975.0,"q":3.23,"p":363.0,"mot":"U","mo":975.0},{"cn":"","ui":"","t":0.0,"r":0.0,"q":0.0,"p":0.0,"mot":"L","mo":0.0}]},{"d":"12.09.2015","r":1000.0,"q":3.26,"p":363.0,"s":[{"ui":"3205358","t":1000.0,"r":1000.0,"q":3.26,"p":363.0,"mot":"U","mo":1000.0},{"cn":"","ui":"","t":0.0,"r":0.0,"q":0.0,"p":0.0,"mot":"L","mo":0.0}]},{"d":"13.09.2015","r":1025.0,"q":3.28,"p":363.0,"s":[{"ui":"3205358","t":1025.0,"r":1025.0,"q":3.28,"p":363.0,"mot":"U","mo":1025.0},{"cn":"","ui":"","t":0.0,"r":0.0,"q":0.0,"p":0.0,"mot":"L","mo":0.0}]},{"d":"14.09.2015","r":1050.0,"q":3.3,"p":363.0,"s":[{"ui":"3205358","t":1050.0,"r":1050.0,"q":3.3,"p":363.0,"mot":"U","mo":1050.0},{"cn":"","ui":"","t":0.0,"r":0.0,"q":0.0,"p":0.0,"mot":"L","mo":0.0}]},{"d":"15.09.2015","r":1075.0,"q":3.32,"p":363.0,"s":[{"ui":"3205358","t":1075.0,"r":1075.0,"q":3.32,"p":363.0,"mot":"U","mo":1075.0},{"cn":"","ui":"","t":0.0,"r":0.0,"q":0.0,"p":0.0,"mot":"L","mo":0.0}]},{"d":"16.09.2015","r":1100.0,"q":3.34,"p":363.0,"s":[{"ui":"3205358","t":1100.0,"r":1100.0,"q":3.34,"p":363.0,"mot":"U","mo":1100.0},{"cn":"","ui":"","t":0.0,"r":0.0,"q":0.0,"p":0.0,"mot":"L","mo":0.0}]},{"d":"17.09.2015","r":1125.0,"q":3.36,"p":363.0,"s":[{"ui":"3205358","t":1125.0,"r":1125.0,"q":3.36,"p":363.0,"mot":"U","mo":1125.0},{"cn":"","ui":"","t":0.0,"r":0.0,"q":0.0,"p":0.0,"mot":"L","mo":0.0}]},{"d":"18.09.2015","r":1150.0,"q":3.38,"p":363.0,"s":[{"ui":"3205358","t":1150.0,"r":1150.0,"q":3.38,"p":363.0,"mot":"U","mo":1150.0},{"cn":"","ui":"","t":0.0,"r":0.0,"q":0.0,"p":0.0,"mot":"L","mo":0.0}]},{"d":"19.09.2015","r":1175.0,"q":3.39,"p":360.0,"s":[{"ui":"3205358","t":1175.0,"r":1175.0,"q":3.39,"p":360.0,"mot":"U","mo":1175.0},{"cn":"","ui":"","t":0.0,"r":0.0,"q":0.0,"p":0.0,"mot":"L","mo":0.0}]},{"d":"20.09.2015","r":1200.0,"q":3.41,"p":360.0,"s":[{"ui":"3205358","t":1200.0,"r":1200.0,"q":3.41,"p":360.0,"mot":"U","mo":1200.0},{"cn":"","ui":"","t":0.0,"r":0.0,"q":0.0,"p":0.0,"mot":"L","mo":0.0}]},{"d":"21.09.2015","r":1225.0,"q":3.42,"p":360.0,"s":[{"ui":"3205358","t":1225.0,"r":1225.0,"q":3.42,"p":360.0,"mot":"U","mo":1225.0},{"cn":"","ui":"","t":0.0,"r":0.0,"q":0.0,"p":0.0,"mot":"L","mo":0.0}]},{"d":"22.09.2015","r":1250.0,"q":3.44,"p":360.0,"s":[{"ui":"3205358","t":1250.0,"r":1250.0,"q":3.44,"p":360.0,"mot":"U","mo":1250.0},{"cn":"","ui":"","t":0.0,"r":0.0,"q":0.0,"p":0.0,"mot":"L","mo":0.0}]},{"d":"23.09.2015","r":1275.0,"q":3.45,"p":360.0,"s":[{"ui":"3205358","t":1275.0,"r":1275.0,"q":3.45,"p":360.0,"mot":"U","mo":1275.0},{"cn":"","ui":"","t":0.0,"r":0.0,"q":0.0,"p":0.0,"mot":"L","mo":0.0}]},{"d":"24.09.2015","r":250047.0,"q":27.86,"p":18.78,"s":[{"ui":"2569359","t":678498.0,"r":248747.0,"q":27.99,"p":17.0,"mot":"U","mo":248747.0},{"cn":"","ui":"","t":1300.0,"r":1300.0,"q":3.47,"p":360.0,"mot":"L","mo":1300.0}]},{"d":"25.09.2015","r":383568.0,"q":27.55,"p":18.0,"s":[{"ui":"2569359","t":806994.0,"r":377243.0,"q":27.98,"p":17.0,"mot":"U","mo":377243.0},{"cn":"","ui":"","t":43298.0,"r":6325.0,"q":2.15,"p":77.79,"mot":"L","mo":6325.0}]},{"d":"26.09.2015","r":508085.0,"q":27.91,"p":17.91,"s":[{"ui":"2569359","t":935986.0,"r":506735.0,"q":27.98,"p":17.0,"mot":"U","mo":506735.0},{"cn":"","ui":"","t":1350.0,"r":1350.0,"q":3.49,"p":360.0,"mot":"L","mo":1350.0}]},{"d":"27.09.2015","r":645353.0,"q":27.93,"p":17.72,"s":[{"ui":"2569359","t":1064979.0,"r":643978.0,"q":27.98,"p":17.0,"mot":"U","mo":643978.0},{"cn":"","ui":"","t":1375.0,"r":1375.0,"q":3.51,"p":357.0,"mot":"L","mo":1375.0}]},{"d":"28.09.2015","r":774370.0,"q":27.93,"p":17.61,"s":[{"ui":"2569359","t":1193971.0,"r":772970.0,"q":27.97,"p":17.0,"mot":"U","mo":772970.0},{"cn":"","ui":"","t":1400.0,"r":1400.0,"q":3.52,"p":357.0,"mot":"L","mo":1400.0}]},{"d":"29.09.2015","r":903388.0,"q":27.93,"p":17.54,"s":[{"ui":"2569359","t":1322964.0,"r":901963.0,"q":27.97,"p":17.0,"mot":"U","mo":901963.0},{"cn":"","ui":"","t":1425.0,"r":1425.0,"q":3.53,"p":357.0,"mot":"L","mo":1425.0}]},{"d":"30.09.2015","r":1032408.0,"q":27.94,"p":17.48,"s":[{"ui":"2569359","t":1451959.0,"r":1030958.0,"q":27.97,"p":17.0,"mot":"U","mo":1030958.0},{"cn":"","ui":"","t":1450.0,"r":1450.0,"q":3.54,"p":357.0,"mot":"L","mo":1450.0}]},{"d":"01.10.2015","r":1161426.0,"q":27.93,"p":17.43,"s":[{"ui":"2569359","t":1580952.0,"r":1159951.0,"q":27.96,"p":17.0,"mot":"U","mo":1159951.0},{"cn":"","ui":"","t":1475.0,"r":1475.0,"q":3.55,"p":357.0,"mot":"L","mo":1475.0}]},{"d":"02.10.2015","r":1291447.0,"q":27.93,"p":17.39,"s":[{"ui":"2569359","t":1710448.0,"r":1289947.0,"q":27.96,"p":17.0,"mot":"U","mo":1289947.0},{"cn":"","ui":"","t":1500.0,"r":1500.0,"q":3.56,"p":357.0,"mot":"L","mo":1500.0}]},{"d":"03.10.2015","r":1420969.0,"q":27.93,"p":17.36,"s":[{"ui":"2569359","t":1839945.0,"r":1419444.0,"q":27.96,"p":17.0,"mot":"U","mo":1419444.0},{"cn":"","ui":"","t":1525.0,"r":1525.0,"q":3.57,"p":354.0,"mot":"L","mo":1525.0}]},{"d":"04.10.2015","r":1550491.0,"q":27.93,"p":17.34,"s":[{"ui":"2569359","t":1969442.0,"r":1548941.0,"q":27.95,"p":17.0,"mot":"U","mo":1548941.0},{"cn":"","ui":"","t":1550.0,"r":1550.0,"q":3.58,"p":354.0,"mot":"L","mo":1550.0}]},{"d":"05.10.2015","r":1680009.0,"q":27.93,"p":17.32,"s":[{"ui":"2569359","t":2098935.0,"r":1678434.0,"q":27.95,"p":17.0,"mot":"U","mo":1678434.0},{"cn":"","ui":"","t":1575.0,"r":1575.0,"q":3.59,"p":354.0,"mot":"L","mo":1575.0}]},{"d":"06.10.2015","r":1809531.0,"q":27.93,"p":17.3,"s":[{"ui":"2569359","t":2228432.0,"r":1807931.0,"q":27.95,"p":17.0,"mot":"U","mo":1807931.0},{"cn":"","ui":"","t":1600.0,"r":1600.0,"q":3.6,"p":354.0,"mot":"L","mo":1600.0}]},{"d":"07.10.2015","r":1939050.0,"q":27.92,"p":17.28,"s":[{"ui":"2569359","t":2357926.0,"r":1937425.0,"q":27.94,"p":17.0,"mot":"U","mo":1937425.0},{"cn":"","ui":"","t":1625.0,"r":1625.0,"q":3.61,"p":354.0,"mot":"L","mo":1625.0}]},{"d":"08.10.2015","r":2068572.0,"q":27.92,"p":17.27,"s":[{"ui":"2569359","t":2487423.0,"r":2066922.0,"q":27.94,"p":17.0,"mot":"U","mo":2066922.0},{"cn":"","ui":"","t":1650.0,"r":1650.0,"q":3.62,"p":351.0,"mot":"L","mo":1650.0}]},{"d":"09.10.2015","r":2198092.0,"q":27.92,"p":17.25,"s":[{"ui":"2569359","t":2616918.0,"r":2196417.0,"q":27.94,"p":17.0,"mot":"U","mo":2196417.0},{"cn":"","ui":"","t":1675.0,"r":1675.0,"q":3.62,"p":351.0,"mot":"L","mo":1675.0}]},{"d":"10.10.2015","r":2327611.0,"q":27.91,"p":17.24,"s":[{"ui":"2569359","t":2746412.0,"r":2325911.0,"q":27.93,"p":17.0,"mot":"U","mo":2325911.0},{"cn":"","ui":"","t":1700.0,"r":1700.0,"q":3.63,"p":351.0,"mot":"L","mo":1700.0}]},{"d":"12.10.2015","r":2586655.0,"q":27.91,"p":17.23,"s":[{"ui":"2569359","t":3005406.0,"r":2584905.0,"q":27.93,"p":17.0,"mot":"U","mo":2584905.0},{"cn":"","ui":"","t":1750.0,"r":1750.0,"q":3.65,"p":351.0,"mot":"L","mo":1750.0}]},{"d":"13.10.2015","r":2716174.0,"q":27.9,"p":17.22,"s":[{"ui":"2569359","t":3134900.0,"r":2714399.0,"q":27.92,"p":17.0,"mot":"U","mo":2714399.0},{"cn":"","ui":"","t":1775.0,"r":1775.0,"q":3.66,"p":351.0,"mot":"L","mo":1775.0}]},{"d":"14.10.2015","r":2845694.0,"q":27.9,"p":17.21,"s":[{"ui":"2569359","t":3264395.0,"r":2843894.0,"q":27.92,"p":17.0,"mot":"U","mo":2843894.0},{"cn":"","ui":"","t":1800.0,"r":1800.0,"q":3.66,"p":348.0,"mot":"L","mo":1800.0}]},{"d":"15.10.2015","r":2975210.0,"q":27.91,"p":17.2,"s":[{"ui":"2569359","t":3393886.0,"r":2973385.0,"q":27.92,"p":17.0,"mot":"U","mo":2973385.0},{"cn":"","ui":"","t":1825.0,"r":1825.0,"q":3.67,"p":348.0,"mot":"L","mo":1825.0}]},{"d":"16.10.2015","r":3104728.0,"q":27.9,"p":17.2,"s":[{"ui":"2569359","t":3523379.0,"r":3102878.0,"q":27.91,"p":17.0,"mot":"U","mo":3102878.0},{"cn":"","ui":"","t":1850.0,"r":1850.0,"q":3.68,"p":348.0,"mot":"L","mo":1850.0}]},{"d":"17.10.2015","r":3234250.0,"q":27.9,"p":17.19,"s":[{"ui":"2569359","t":3652876.0,"r":3232375.0,"q":27.91,"p":17.0,"mot":"U","mo":3232375.0},{"cn":"","ui":"","t":1875.0,"r":1875.0,"q":3.68,"p":348.0,"mot":"L","mo":1875.0}]},{"d":"18.10.2015","r":3335746.0,"q":27.9,"p":17.19,"s":[{"ui":"2569359","t":3768371.0,"r":3333870.0,"q":27.91,"p":17.0,"mot":"U","mo":3333870.0},{"cn":"","ui":"","t":1876.0,"r":1876.0,"q":3.68,"p":348.0,"mot":"L","mo":1876.0}]},{"d":"19.10.2015","r":3451244.0,"q":27.9,"p":17.18,"s":[{"ui":"2569359","t":3883868.0,"r":3449367.0,"q":27.91,"p":17.0,"mot":"U","mo":3449367.0},{"cn":"","ui":"","t":1877.0,"r":1877.0,"q":3.68,"p":348.0,"mot":"L","mo":1877.0}]},{"d":"20.10.2015","r":3564745.0,"q":27.89,"p":17.17,"s":[{"ui":"2569359","t":3998368.0,"r":3562867.0,"q":27.9,"p":17.0,"mot":"U","mo":3562867.0},{"cn":"","ui":"","t":1878.0,"r":1878.0,"q":3.68,"p":345.0,"mot":"L","mo":1878.0}]},{"d":"21.10.2015","r":3679235.0,"q":27.89,"p":17.17,"s":[{"ui":"2569359","t":4112857.0,"r":3677356.0,"q":27.9,"p":17.0,"mot":"U","mo":3677356.0},{"cn":"","ui":"","t":1879.0,"r":1879.0,"q":3.68,"p":345.0,"mot":"L","mo":1879.0}]},{"d":"22.10.2015","r":3793726.0,"q":27.89,"p":17.16,"s":[{"ui":"2569359","t":4227347.0,"r":3791846.0,"q":27.9,"p":17.0,"mot":"U","mo":3791846.0},{"cn":"","ui":"","t":1880.0,"r":1880.0,"q":3.68,"p":345.0,"mot":"L","mo":1880.0}]},{"d":"23.10.2015","r":3908220.0,"q":27.88,"p":17.16,"s":[{"ui":"2569359","t":4341840.0,"r":3906339.0,"q":27.89,"p":17.0,"mot":"U","mo":3906339.0},{"cn":"","ui":"","t":1881.0,"r":1881.0,"q":3.68,"p":345.0,"mot":"L","mo":1881.0}]},{"d":"24.10.2015","r":4022714.0,"q":27.88,"p":17.15,"s":[{"ui":"2569359","t":4456333.0,"r":4020832.0,"q":27.89,"p":17.0,"mot":"U","mo":4020832.0},{"cn":"","ui":"","t":1882.0,"r":1882.0,"q":3.68,"p":345.0,"mot":"L","mo":1882.0}]},{"d":"25.10.2015","r":4137207.0,"q":27.88,"p":17.15,"s":[{"ui":"2569359","t":4570825.0,"r":4135324.0,"q":27.89,"p":17.0,"mot":"U","mo":4135324.0},{"cn":"","ui":"","t":1883.0,"r":1883.0,"q":3.68,"p":342.0,"mot":"L","mo":1883.0}]},{"d":"27.10.2015","r":4346196.0,"q":27.87,"p":17.14,"s":[{"ui":"2569359","t":4789812.0,"r":4344311.0,"q":27.88,"p":17.0,"mot":"U","mo":4344311.0},{"cn":"","ui":"","t":1885.0,"r":1885.0,"q":3.69,"p":342.0,"mot":"L","mo":1885.0}]},{"d":"28.10.2015","r":4450687.0,"q":27.86,"p":17.14,"s":[{"ui":"2569359","t":4894302.0,"r":4448801.0,"q":27.87,"p":17.0,"mot":"U","mo":4448801.0},{"cn":"","ui":"","t":1886.0,"r":1886.0,"q":3.69,"p":342.0,"mot":"L","mo":1886.0}]},{"d":"29.10.2015","r":4555185.0,"q":27.85,"p":17.13,"s":[{"ui":"2569359","t":4998799.0,"r":4553298.0,"q":27.86,"p":17.0,"mot":"U","mo":4553298.0},{"cn":"","ui":"","t":1887.0,"r":1887.0,"q":3.69,"p":342.0,"mot":"L","mo":1887.0}]},{"d":"30.10.2015","r":4659677.0,"q":27.85,"p":17.13,"s":[{"ui":"2569359","t":5103290.0,"r":4657789.0,"q":27.86,"p":17.0,"mot":"U","mo":4657789.0},{"cn":"","ui":"","t":1888.0,"r":1888.0,"q":3.69,"p":342.0,"mot":"L","mo":1888.0}]},{"d":"31.10.2015","r":4764168.0,"q":27.84,"p":17.13,"s":[{"ui":"2569359","t":5207780.0,"r":4762279.0,"q":27.85,"p":17.0,"mot":"U","mo":4762279.0},{"cn":"","ui":"","t":1889.0,"r":1889.0,"q":3.69,"p":339.0,"mot":"L","mo":1889.0}]},{"d":"01.11.2015","r":4868666.0,"q":27.84,"p":17.12,"s":[{"ui":"2569359","t":5312277.0,"r":4866776.0,"q":27.85,"p":17.0,"mot":"U","mo":4866776.0},{"cn":"","ui":"","t":1890.0,"r":1890.0,"q":3.69,"p":339.0,"mot":"L","mo":1890.0}]},{"d":"02.11.2015","r":4973161.0,"q":27.83,"p":17.12,"s":[{"ui":"2569359","t":5416771.0,"r":4971270.0,"q":27.84,"p":17.0,"mot":"U","mo":4971270.0},{"cn":"","ui":"","t":1891.0,"r":1891.0,"q":3.69,"p":339.0,"mot":"L","mo":1891.0}]},{"d":"03.11.2015","r":5077654.0,"q":27.81,"p":17.12,"s":[{"ui":"2569359","t":5521263.0,"r":5075762.0,"q":27.82,"p":17.0,"mot":"U","mo":5075762.0},{"cn":"","ui":"","t":1892.0,"r":1892.0,"q":3.69,"p":339.0,"mot":"L","mo":1892.0}]},{"d":"04.11.2015","r":5162744.0,"q":27.8,"p":17.12,"s":[{"ui":"2569359","t":5616052.0,"r":5160851.0,"q":27.81,"p":17.0,"mot":"U","mo":5160851.0},{"cn":"","ui":"","t":1893.0,"r":1893.0,"q":3.69,"p":339.0,"mot":"L","mo":1893.0}]},{"d":"05.11.2015","r":5257542.0,"q":27.79,"p":17.12,"s":[{"ui":"2569359","t":5710849.0,"r":5255648.0,"q":27.8,"p":17.0,"mot":"U","mo":5255648.0},{"cn":"","ui":"","t":1894.0,"r":1894.0,"q":3.69,"p":339.0,"mot":"L","mo":1894.0}]},{"d":"06.11.2015","r":5347214.0,"q":27.77,"p":17.11,"s":[{"ui":"2569359","t":5803080.0,"r":5345319.0,"q":27.78,"p":17.0,"mot":"U","mo":5345319.0},{"cn":"","ui":"","t":1895.0,"r":1895.0,"q":3.69,"p":339.0,"mot":"L","mo":1895.0}]},{"d":"07.11.2015","r":5458850.0,"q":27.75,"p":17.11,"s":[{"ui":"2569359","t":5905015.0,"r":5456954.0,"q":27.76,"p":17.0,"mot":"U","mo":5456954.0},{"cn":"","ui":"","t":1896.0,"r":1896.0,"q":3.69,"p":339.0,"mot":"L","mo":1896.0}]},{"d":"08.11.2015","r":5543780.0,"q":27.73,"p":17.11,"s":[{"ui":"2569359","t":5998444.0,"r":5541883.0,"q":27.74,"p":17.0,"mot":"U","mo":5541883.0},{"cn":"","ui":"","t":1897.0,"r":1897.0,"q":3.69,"p":339.0,"mot":"L","mo":1897.0}]},{"d":"09.11.2015","r":5617215.0,"q":27.72,"p":17.11,"s":[{"ui":"2569359","t":6081878.0,"r":5615317.0,"q":27.73,"p":17.0,"mot":"U","mo":5615317.0},{"cn":"","ui":"","t":1898.0,"r":1898.0,"q":3.69,"p":339.0,"mot":"L","mo":1898.0}]},{"d":"10.11.2015","r":5502849.0,"q":27.7,"p":17.11,"s":[{"ui":"2569359","t":6067411.0,"r":5500950.0,"q":27.71,"p":17.0,"mot":"U","mo":5500950.0},{"cn":"","ui":"","t":1899.0,"r":1899.0,"q":3.69,"p":339.0,"mot":"L","mo":1899.0}]},{"d":"11.11.2015","r":5545378.0,"q":27.67,"p":17.11,"s":[{"ui":"2569359","t":6080439.0,"r":5543478.0,"q":27.68,"p":17.0,"mot":"U","mo":5543478.0},{"cn":"","ui":"","t":1900.0,"r":1900.0,"q":3.69,"p":339.0,"mot":"L","mo":1900.0}]},{"d":"12.11.2015","r":5715809.0,"q":27.65,"p":17.11,"s":[{"ui":"2569359","t":6172170.0,"r":5713908.0,"q":27.66,"p":17.0,"mot":"U","mo":5713908.0},{"cn":"","ui":"","t":1901.0,"r":1901.0,"q":3.69,"p":339.0,"mot":"L","mo":1901.0}]},{"d":"13.11.2015","r":5806335.0,"q":27.63,"p":17.11,"s":[{"ui":"2569359","t":6263295.0,"r":5804433.0,"q":27.64,"p":17.0,"mot":"U","mo":5804433.0},{"cn":"","ui":"","t":1902.0,"r":1902.0,"q":3.69,"p":339.0,"mot":"L","mo":1902.0}]},{"d":"14.11.2015","r":5897460.0,"q":27.61,"p":17.1,"s":[{"ui":"2569359","t":6354419.0,"r":5895557.0,"q":27.62,"p":17.0,"mot":"U","mo":5895557.0},{"cn":"","ui":"","t":1903.0,"r":1903.0,"q":3.69,"p":339.0,"mot":"L","mo":1903.0}]},{"d":"15.11.2015","r":5978585.0,"q":27.58,"p":17.1,"s":[{"ui":"2569359","t":6440543.0,"r":5976681.0,"q":27.59,"p":17.0,"mot":"U","mo":5976681.0},{"cn":"","ui":"","t":1904.0,"r":1904.0,"q":3.69,"p":339.0,"mot":"L","mo":1904.0}]},{"d":"16.11.2015","r":6064711.0,"q":27.56,"p":17.1,"s":[{"ui":"2569359","t":6526668.0,"r":6062806.0,"q":27.57,"p":17.0,"mot":"U","mo":6062806.0},{"cn":"","ui":"","t":1905.0,"r":1905.0,"q":3.69,"p":339.0,"mot":"L","mo":1905.0}]},{"d":"17.11.2015","r":6159833.0,"q":27.54,"p":17.1,"s":[{"ui":"2569359","t":6617789.0,"r":6157927.0,"q":27.55,"p":17.0,"mot":"U","mo":6157927.0},{"cn":"","ui":"","t":1906.0,"r":1906.0,"q":3.69,"p":339.0,"mot":"L","mo":1906.0}]},{"d":"12.01.2016","r":4963.0,"q":2.46,"p":750.0,"s":[{"ui":"3370567","t":6963.0,"r":4963.0,"q":2.46,"p":750.0,"mot":"U","mo":4963.0},{"cn":"","ui":"","t":0.0,"r":0.0,"q":0.0,"p":0.0,"mot":"L","mo":0.0}]},{"d":"13.01.2016","r":5537.0,"q":2.45,"p":750.0,"s":[{"ui":"3370567","t":7537.0,"r":5537.0,"q":2.45,"p":750.0,"mot":"U","mo":5537.0},{"cn":"","ui":"","t":0.0,"r":0.0,"q":0.0,"p":0.0,"mot":"L","mo":0.0}]},{"d":"14.01.2016","r":6082.0,"q":2.44,"p":750.0,"s":[{"ui":"3370567","t":8092.0,"r":6082.0,"q":2.44,"p":750.0,"mot":"U","mo":6082.0},{"cn":"","ui":"","t":0.0,"r":0.0,"q":0.0,"p":0.0,"mot":"L","mo":0.0}]},{"d":"15.01.2016","r":6648.0,"q":2.42,"p":750.0,"s":[{"ui":"3370567","t":8648.0,"r":6648.0,"q":2.42,"p":750.0,"mot":"U","mo":6648.0},{"cn":"","ui":"","t":0.0,"r":0.0,"q":0.0,"p":0.0,"mot":"L","mo":0.0}]},{"d":"16.01.2016","r":7201.0,"q":2.41,"p":750.0,"s":[{"ui":"3370567","t":9201.0,"r":7201.0,"q":2.41,"p":750.0,"mot":"U","mo":7201.0},{"cn":"","ui":"","t":0.0,"r":0.0,"q":0.0,"p":0.0,"mot":"L","mo":0.0}]},{"d":"20.01.2016","r":9695.0,"q":3.34,"p":750.0,"s":[{"ui":"3370567","t":11695.0,"r":9695.0,"q":3.34,"p":750.0,"mot":"U","mo":9695.0},{"cn":"","ui":"","t":0.0,"r":0.0,"q":0.0,"p":0.0,"mot":"L","mo":0.0}]},{"d":"22.01.2016","r":10870.0,"q":3.46,"p":750.0,"s":[{"ui":"3370567","t":12870.0,"r":10870.0,"q":3.46,"p":750.0,"mot":"U","mo":10870.0},{"cn":"","ui":"","t":0.0,"r":0.0,"q":0.0,"p":0.0,"mot":"L","mo":0.0}]},{"d":"23.01.2016","r":11436.0,"q":3.49,"p":750.0,"s":[{"ui":"3370567","t":13436.0,"r":11436.0,"q":3.49,"p":750.0,"mot":"U","mo":11436.0},{"cn":"","ui":"","t":0.0,"r":0.0,"q":0.0,"p":0.0,"mot":"L","mo":0.0}]},{"d":"24.01.2016","r":11995.0,"q":3.5,"p":750.0,"s":[{"ui":"3370567","t":13995.0,"r":11995.0,"q":3.5,"p":750.0,"mot":"U","mo":11995.0},{"cn":"","ui":"","t":0.0,"r":0.0,"q":0.0,"p":0.0,"mot":"L","mo":0.0}]},{"d":"25.01.2016","r":12540.0,"q":3.51,"p":750.0,"s":[{"ui":"3370567","t":14540.0,"r":12540.0,"q":3.51,"p":750.0,"mot":"U","mo":12540.0},{"cn":"","ui":"","t":0.0,"r":0.0,"q":0.0,"p":0.0,"mot":"L","mo":0.0}]},{"d":"26.01.2016","r":13071.0,"q":3.5,"p":750.0,"s":[{"ui":"3370567","t":15071.0,"r":13071.0,"q":3.5,"p":750.0,"mot":"U","mo":13071.0},{"cn":"","ui":"","t":0.0,"r":0.0,"q":0.0,"p":0.0,"mot":"L","mo":0.0}]},{"d":"27.01.2016","r":13588.0,"q":3.49,"p":750.0,"s":[{"ui":"3370567","t":15588.0,"r":13588.0,"q":3.49,"p":750.0,"mot":"U","mo":13588.0},{"cn":"","ui":"","t":0.0,"r":0.0,"q":0.0,"p":0.0,"mot":"L","mo":0.0}]},{"d":"28.01.2016","r":14090.0,"q":3.48,"p":750.0,"s":[{"ui":"3370567","t":16090.0,"r":14090.0,"q":3.48,"p":750.0,"mot":"U","mo":14090.0},{"cn":"","ui":"","t":0.0,"r":0.0,"q":0.0,"p":0.0,"mot":"L","mo":0.0}]},{"d":"29.01.2016","r":14584.0,"q":3.46,"p":750.0,"s":[{"ui":"3370567","t":16584.0,"r":14584.0,"q":3.46,"p":750.0,"mot":"U","mo":14584.0},{"cn":"","ui":"","t":0.0,"r":0.0,"q":0.0,"p":0.0,"mot":"L","mo":0.0}]},{"d":"30.01.2016","r":15064.0,"q":3.44,"p":750.0,"s":[{"ui":"3370567","t":17064.0,"r":15064.0,"q":3.44,"p":750.0,"mot":"U","mo":15064.0},{"cn":"","ui":"","t":0.0,"r":0.0,"q":0.0,"p":0.0,"mot":"L","mo":0.0}]},{"d":"31.01.2016","r":15529.0,"q":3.41,"p":750.0,"s":[{"ui":"3370567","t":17529.0,"r":15529.0,"q":3.41,"p":750.0,"mot":"U","mo":15529.0},{"cn":"","ui":"","t":0.0,"r":0.0,"q":0.0,"p":0.0,"mot":"L","mo":0.0}]},{"d":"01.02.2016","r":15978.0,"q":3.39,"p":750.0,"s":[{"ui":"3370567","t":17978.0,"r":15978.0,"q":3.39,"p":750.0,"mot":"U","mo":15978.0},{"cn":"","ui":"","t":0.0,"r":0.0,"q":0.0,"p":0.0,"mot":"L","mo":0.0}]},{"d":"02.02.2016","r":16419.0,"q":3.36,"p":750.0,"s":[{"ui":"3370567","t":18419.0,"r":16419.0,"q":3.36,"p":750.0,"mot":"U","mo":16419.0},{"cn":"","ui":"","t":0.0,"r":0.0,"q":0.0,"p":0.0,"mot":"L","mo":0.0}]},{"d":"03.02.2016","r":16843.0,"q":3.34,"p":750.0,"s":[{"ui":"3370567","t":18843.0,"r":16843.0,"q":3.34,"p":750.0,"mot":"U","mo":16843.0},{"cn":"","ui":"","t":0.0,"r":0.0,"q":0.0,"p":0.0,"mot":"L","mo":0.0}]},{"d":"04.02.2016","r":17252.0,"q":3.31,"p":750.0,"s":[{"ui":"3370567","t":19252.0,"r":17252.0,"q":3.31,"p":750.0,"mot":"U","mo":17252.0},{"cn":"","ui":"","t":0.0,"r":0.0,"q":0.0,"p":0.0,"mot":"L","mo":0.0}]},{"d":"05.02.2016","r":17645.0,"q":3.28,"p":750.0,"s":[{"ui":"3370567","t":19645.0,"r":17645.0,"q":3.28,"p":750.0,"mot":"U","mo":17645.0},{"cn":"","ui":"","t":0.0,"r":0.0,"q":0.0,"p":0.0,"mot":"L","mo":0.0}]},{"d":"06.02.2016","r":18027.0,"q":3.25,"p":750.0,"s":[{"ui":"3370567","t":20027.0,"r":18027.0,"q":3.25,"p":750.0,"mot":"U","mo":18027.0},{"cn":"","ui":"","t":0.0,"r":0.0,"q":0.0,"p":0.0,"mot":"L","mo":0.0}]},{"d":"20.11.2016","r":110424.0,"q":71.9,"p":33.0,"s":[{"ui":"3092028","t":110424.0,"r":110424.0,"q":71.9,"p":33.0,"mot":"U","mo":110424.0},{"cn":"","ui":"","t":0.0,"r":0.0,"q":0.0,"p":0.0,"mot":"L","mo":0.0}]},{"d":"21.11.2016","r":100.0,"q":71.9,"p":50.98,"s":[{"ui":"3626722","t":2000.0,"r":2000.0,"q":71.9,"p":50.98,"mot":"L","mo":100.0},{"cn":"","ui":"","t":0.0,"r":0.0,"q":0.0,"p":0.0,"mot":"L","mo":0.0}]},{"d":"24.11.2016","r":100.0,"q":71.9,"p":50.98,"s":[{"ui":"3626722","t":1900.0,"r":1900.0,"q":71.9,"p":50.98,"mot":"L","mo":100.0},{"cn":"","ui":"","t":0.0,"r":0.0,"q":0.0,"p":0.0,"mot":"L","mo":0.0}]},{"d":"16.02.2017","r":1786.0,"q":1.17,"p":300.0,"s":[{"ui":"3712266","t":1886.0,"r":1786.0,"q":1.17,"p":300.0,"mot":"U","mo":1786.0},{"cn":"","ui":"","t":0.0,"r":0.0,"q":0.0,"p":0.0,"mot":"L","mo":0.0}]},{"d":"17.02.2017","r":4407.0,"q":1.93,"p":300.0,"s":[{"ui":"3712266","t":4408.0,"r":4407.0,"q":1.93,"p":300.0,"mot":"U","mo":4407.0},{"cn":"","ui":"","t":0.0,"r":0.0,"q":0.0,"p":0.0,"mot":"L","mo":0.0}]},{"d":"18.02.2017","r":6942.0,"q":2.12,"p":300.0,"s":[{"ui":"3712266","t":7022.0,"r":6942.0,"q":2.12,"p":300.0,"mot":"U","mo":6942.0},{"cn":"","ui":"","t":0.0,"r":0.0,"q":0.0,"p":0.0,"mot":"L","mo":0.0}]},{"d":"19.02.2017","r":9487.0,"q":2.21,"p":300.0,"s":[{"ui":"3712266","t":9567.0,"r":9487.0,"q":2.21,"p":300.0,"mot":"U","mo":9487.0},{"cn":"","ui":"","t":0.0,"r":0.0,"q":0.0,"p":0.0,"mot":"L","mo":0.0}]},{"d":"15.03.2017","r":199426.0,"q":10.37,"p":650.0,"s":[{"cn":"Арсенал 71","ui":"3626720","t":200926.0,"r":199426.0,"q":10.37,"p":650.0,"mot":"U","mo":199426.0},{"cn":"","ui":"","t":0.0,"r":0.0,"q":0.0,"p":0.0,"mot":"L","mo":0.0}]},{"d":"16.03.2017","r":196926.0,"q":10.37,"p":650.0,"s":[{"cn":"Арсенал 71","ui":"3626720","t":198426.0,"r":196926.0,"q":10.37,"p":650.0,"mot":"U","mo":196926.0},{"cn":"","ui":"","t":0.0,"r":0.0,"q":0.0,"p":0.0,"mot":"L","mo":0.0}]},{"d":"17.03.2017","r":195426.0,"q":10.37,"p":650.0,"s":[{"cn":"Арсенал 71","ui":"3626720","t":196926.0,"r":195426.0,"q":10.37,"p":650.0,"mot":"U","mo":195426.0},{"cn":"","ui":"","t":0.0,"r":0.0,"q":0.0,"p":0.0,"mot":"L","mo":0.0}]},{"d":"18.03.2017","r":181126.0,"q":10.37,"p":650.0,"s":[{"cn":"Арсенал 71","ui":"3626720","t":189026.0,"r":181126.0,"q":10.37,"p":650.0,"mot":"U","mo":181126.0},{"cn":"","ui":"","t":0.0,"r":0.0,"q":0.0,"p":0.0,"mot":"L","mo":0.0}]},{"d":"20.03.2017","r":159526.0,"q":10.37,"p":650.0,"s":[{"cn":"Арсенал 71","ui":"3626720","t":170326.0,"r":159526.0,"q":10.37,"p":650.0,"mot":"U","mo":159526.0},{"cn":"","ui":"","t":0.0,"r":0.0,"q":0.0,"p":0.0,"mot":"L","mo":0.0}]}]