[{"d":"18.11.2016","r":456.0,"q":1.0,"p":2965.79,"s":[{"ui":"6348889","t":160.0,"r":156.0,"q":1.0,"p":2900.0,"mot":"U","mo":156.0},{"ui":"6347297","t":350.0,"r":300.0,"q":1.0,"p":3000.0,"mot":"U","mo":300.0},{"cn":"","ui":"","t":0.0,"r":0.0,"q":0.0,"p":0.0,"mot":"L","mo":0.0}]},{"d":"19.11.2016","r":825.0,"q":1.0,"p":1694.91,"s":[{"ui":"6351278","t":304.0,"r":288.0,"q":1.0,"p":1500.0,"mot":"U","mo":288.0},{"ui":"6347297","t":290.0,"r":230.0,"q":1.0,"p":3000.0,"mot":"U","mo":230.0},{"ui":"6348673","t":313.0,"r":307.0,"q":1.0,"p":900.0,"mot":"U","mo":307.0},{"cn":"","ui":"","t":0.0,"r":0.0,"q":0.0,"p":0.0,"mot":"L","mo":0.0}]},{"d":"20.11.2016","r":2246.0,"q":1.01,"p":1255.25,"s":[{"ui":"6349817","t":565.0,"r":555.0,"q":1.01,"p":850.0,"mot":"U","mo":555.0},{"ui":"6351278","t":458.0,"r":451.0,"q":1.0,"p":1500.0,"mot":"U","mo":451.0},{"ui":"6349766","t":575.0,"r":575.0,"q":1.01,"p":850.0,"mot":"U","mo":575.0},{"ui":"6347297","t":284.0,"r":278.0,"q":1.0,"p":3000.0,"mot":"U","mo":278.0},{"ui":"6348673","t":430.0,"r":387.0,"q":1.0,"p":900.0,"mot":"U","mo":387.0},{"cn":"","ui":"","t":0.0,"r":0.0,"q":0.0,"p":0.0,"mot":"L","mo":0.0}]},{"d":"21.11.2016","r":4374.0,"q":1.01,"p":1089.18,"s":[{"ui":"6349817","t":700.0,"r":435.0,"q":1.01,"p":850.0,"mot":"U","mo":435.0},{"ui":"6347195","t":307.0,"r":296.0,"q":1.11,"p":960.0,"mot":"U","mo":296.0},{"ui":"6351278","t":617.0,"r":615.0,"q":1.0,"p":1500.0,"mot":"U","mo":615.0},{"ui":"6348889","t":1199.0,"r":1199.0,"q":1.0,"p":849.0,"mot":"U","mo":1199.0},{"ui":"6349766","t":975.0,"r":975.0,"q":1.01,"p":850.0,"mot":"U","mo":975.0},{"ui":"6347297","t":278.0,"r":272.0,"q":1.0,"p":3000.0,"mot":"U","mo":272.0},{"ui":"6348673","t":547.0,"r":504.0,"q":1.0,"p":900.0,"mot":"U","mo":504.0},{"cn":"","ui":"","t":79.0,"r":78.0,"q":1.01,"p":915.0,"mot":"L","mo":78.0}]},{"d":"22.11.2016","r":5612.0,"q":1.01,"p":1158.8,"s":[{"ui":"6351278","t":774.0,"r":772.0,"q":1.0,"p":950.0,"mot":"U","mo":772.0},{"ui":"6347195","t":390.0,"r":314.0,"q":1.11,"p":960.0,"mot":"U","mo":314.0},{"ui":"6348889","t":2575.0,"r":2354.0,"q":1.0,"p":849.0,"mot":"U","mo":2354.0},{"ui":"6346698","t":958.0,"r":958.0,"q":1.0,"p":1917.45,"mot":"U","mo":958.0},{"ui":"6348673","t":670.0,"r":634.0,"q":1.0,"p":850.0,"mot":"U","mo":634.0},{"cn":"","ui":"","t":1038.0,"r":580.0,"q":1.01,"p":1886.22,"mot":"L","mo":580.0}]},{"d":"25.11.2016","r":1378.0,"q":1.0,"p":900.0,"s":[{"ui":"6348889","t":1590.0,"r":1378.0,"q":1.0,"p":900.0,"mot":"U","mo":1378.0},{"cn":"","ui":"","t":0.0,"r":0.0,"q":0.0,"p":0.0,"mot":"L","mo":0.0}]},{"d":"26.11.2016","r":5663.0,"q":1.0,"p":979.33,"s":[{"ui":"6348889","t":5236.0,"r":4913.0,"q":1.0,"p":900.0,"mot":"U","mo":4913.0},{"ui":"6355240","t":1003.0,"r":750.0,"q":1.0,"p":1499.0,"mot":"U","mo":750.0},{"cn":"","ui":"","t":0.0,"r":0.0,"q":0.0,"p":0.0,"mot":"L","mo":0.0}]},{"d":"27.11.2016","r":13330.0,"q":1.0,"p":1073.93,"s":[{"ui":"6352599","t":2392.0,"r":2391.0,"q":1.0,"p":1500.0,"mot":"U","mo":2391.0},{"ui":"6348889","t":9183.0,"r":9050.0,"q":1.0,"p":900.0,"mot":"U","mo":9050.0},{"ui":"6355240","t":1742.0,"r":1489.0,"q":1.0,"p":1499.0,"mot":"U","mo":1489.0},{"cn":"","ui":"","t":400.0,"r":400.0,"q":1.01,"p":880.0,"mot":"L","mo":400.0}]},{"d":"28.11.2016","r":10640.0,"q":1.68,"p":5000.0,"s":[{"ui":"6361339","t":10640.0,"r":10640.0,"q":1.68,"p":5000.0,"mot":"U","mo":10640.0},{"cn":"","ui":"","t":0.0,"r":0.0,"q":0.0,"p":0.0,"mot":"L","mo":0.0}]},{"d":"29.11.2016","r":33419.0,"q":1.27,"p":3011.21,"s":[{"ui":"6361339","t":30589.0,"r":30589.0,"q":1.29,"p":3000.0,"mot":"U","mo":30589.0},{"cn":"","ui":"","t":2845.0,"r":2830.0,"q":1.01,"p":3132.42,"mot":"L","mo":2830.0}]},{"d":"30.11.2016","r":38636.0,"q":1.28,"p":3000.97,"s":[{"ui":"6361339","t":37588.0,"r":36583.0,"q":1.28,"p":3000.0,"mot":"U","mo":36583.0},{"cn":"","ui":"","t":2068.0,"r":2053.0,"q":1.31,"p":3018.24,"mot":"L","mo":2053.0}]},{"d":"01.12.2016","r":45247.0,"q":1.28,"p":2990.84,"s":[{"ui":"6361339","t":43588.0,"r":42583.0,"q":1.27,"p":3000.0,"mot":"U","mo":42583.0},{"cn":"","ui":"","t":2675.0,"r":2664.0,"q":1.47,"p":2844.44,"mot":"L","mo":2664.0}]},{"d":"02.12.2016","r":54184.0,"q":1.48,"p":1403.14,"s":[{"ui":"6348889","t":4144.0,"r":4144.0,"q":2.46,"p":3000.0,"mot":"U","mo":4144.0},{"ui":"6361339","t":49891.0,"r":48886.0,"q":1.41,"p":1250.0,"mot":"U","mo":48886.0},{"cn":"","ui":"","t":1164.0,"r":1154.0,"q":1.0,"p":2155.98,"mot":"L","mo":1154.0}]},{"d":"03.12.2016","r":69173.0,"q":1.52,"p":1659.76,"s":[{"ui":"6361339","t":52114.0,"r":51099.0,"q":1.44,"p":1250.0,"mot":"U","mo":51099.0},{"ui":"6348889","t":8235.0,"r":8235.0,"q":2.37,"p":3000.0,"mot":"U","mo":8235.0},{"ui":"6351339","t":6379.0,"r":6379.0,"q":1.02,"p":3000.0,"mot":"U","mo":6379.0},{"cn":"","ui":"","t":3470.0,"r":3460.0,"q":1.54,"p":2050.58,"mot":"L","mo":3460.0}]},{"d":"04.12.2016","r":77138.0,"q":1.6,"p":1734.34,"s":[{"ui":"6348889","t":12365.0,"r":12365.0,"q":2.4,"p":3000.0,"mot":"U","mo":12365.0},{"ui":"6361339","t":54230.0,"r":53215.0,"q":1.49,"p":1250.0,"mot":"U","mo":53215.0},{"ui":"6351339","t":7172.0,"r":7172.0,"q":1.02,"p":3000.0,"mot":"U","mo":7172.0},{"cn":"","ui":"","t":4396.0,"r":4386.0,"q":1.57,"p":1973.1,"mot":"L","mo":4386.0}]},{"d":"05.12.2016","r":22792.0,"q":1.62,"p":2355.04,"s":[{"ui":"6348889","t":4487.0,"r":4487.0,"q":2.45,"p":3000.0,"mot":"U","mo":4487.0},{"ui":"6361339","t":5970.0,"r":4955.0,"q":1.89,"p":1250.0,"mot":"U","mo":4955.0},{"ui":"6339408","t":2958.0,"r":2958.0,"q":2.05,"p":2000.0,"mot":"U","mo":2958.0},{"ui":"6351339","t":7964.0,"r":7964.0,"q":1.02,"p":3000.0,"mot":"U","mo":7964.0},{"ui":"6351180","t":1384.0,"r":1384.0,"q":1.0,"p":2000.0,"mot":"U","mo":1384.0},{"cn":"","ui":"","t":1054.0,"r":1044.0,"q":1.0,"p":1384.48,"mot":"L","mo":1044.0}]},{"d":"08.12.2016","r":51567.0,"q":1.97,"p":1698.27,"s":[{"ui":"6348889","t":17017.0,"r":17017.0,"q":2.89,"p":1900.0,"mot":"U","mo":17017.0},{"ui":"6361339","t":13135.0,"r":13120.0,"q":1.77,"p":1050.0,"mot":"U","mo":13120.0},{"ui":"6339408","t":4215.0,"r":3715.0,"q":2.18,"p":800.0,"mot":"U","mo":3715.0},{"ui":"6351339","t":10335.0,"r":10335.0,"q":1.02,"p":3000.0,"mot":"U","mo":10335.0},{"cn":"","ui":"","t":7547.0,"r":7380.0,"q":1.39,"p":1014.85,"mot":"L","mo":7380.0}]},{"d":"09.12.2016","r":56100.0,"q":2.18,"p":1790.04,"s":[{"ui":"6361339","t":13120.0,"r":13105.0,"q":1.77,"p":1050.0,"mot":"U","mo":13105.0},{"ui":"6348889","t":21315.0,"r":21315.0,"q":3.15,"p":1900.0,"mot":"U","mo":21315.0},{"ui":"6351339","t":11123.0,"r":11123.0,"q":1.02,"p":3000.0,"mot":"U","mo":11123.0},{"cn":"","ui":"","t":10726.0,"r":10557.0,"q":1.93,"p":1211.86,"mot":"L","mo":10557.0}]},{"d":"10.12.2016","r":21987.0,"q":1.85,"p":2298.92,"s":[{"ui":"6351278","t":1978.0,"r":1978.0,"q":1.0,"p":920.0,"mot":"U","mo":1978.0},{"ui":"6348889","t":4291.0,"r":4291.0,"q":4.17,"p":1900.0,"mot":"U","mo":4291.0},{"ui":"6351339","t":11911.0,"r":11911.0,"q":1.02,"p":3000.0,"mot":"U","mo":11911.0},{"cn":"","ui":"","t":4019.0,"r":3807.0,"q":2.26,"p":1271.53,"mot":"L","mo":3807.0}]},{"d":"11.12.2016","r":16263.0,"q":1.02,"p":2617.54,"s":[{"ui":"6351278","t":2362.0,"r":2362.0,"q":1.0,"p":920.0,"mot":"U","mo":2362.0},{"ui":"6351339","t":12698.0,"r":12698.0,"q":1.02,"p":3000.0,"mot":"U","mo":12698.0},{"ui":"6346698","t":933.0,"r":933.0,"q":1.01,"p":1917.45,"mot":"U","mo":933.0},{"cn":"","ui":"","t":280.0,"r":270.0,"q":1.01,"p":1900.0,"mot":"L","mo":270.0}]},{"d":"12.12.2016","r":17828.0,"q":1.1,"p":2597.43,"s":[{"ui":"6351278","t":2635.0,"r":2515.0,"q":1.0,"p":920.0,"mot":"U","mo":2515.0},{"ui":"6351339","t":13483.0,"r":13483.0,"q":1.02,"p":3000.0,"mot":"U","mo":13483.0},{"ui":"6346698","t":1087.0,"r":1087.0,"q":1.01,"p":1917.45,"mot":"U","mo":1087.0},{"cn":"","ui":"","t":753.0,"r":743.0,"q":3.09,"p":1965.01,"mot":"L","mo":743.0}]},{"d":"13.12.2016","r":17312.0,"q":1.35,"p":2827.76,"s":[{"ui":"6387505","t":942.0,"r":924.0,"q":4.21,"p":2000.0,"mot":"U","mo":924.0},{"ui":"6351339","t":14266.0,"r":14265.0,"q":1.02,"p":3000.0,"mot":"U","mo":14265.0},{"ui":"6346698","t":1241.0,"r":1241.0,"q":1.01,"p":1917.45,"mot":"U","mo":1241.0},{"ui":"6347297","t":882.0,"r":882.0,"q":4.17,"p":2190.0,"mot":"U","mo":882.0},{"cn":"","ui":"","t":0.0,"r":0.0,"q":0.0,"p":0.0,"mot":"L","mo":0.0}]},{"d":"15.12.2016","r":773.0,"q":1.98,"p":1678.85,"s":[{"ui":"6355240","t":1029.0,"r":729.0,"q":1.73,"p":1648.0,"mot":"U","mo":729.0},{"ui":"6347297","t":926.0,"r":44.0,"q":6.06,"p":2190.0,"mot":"U","mo":44.0},{"cn":"","ui":"","t":0.0,"r":0.0,"q":0.0,"p":0.0,"mot":"L","mo":0.0}]},{"d":"16.12.2016","r":1545.0,"q":1.98,"p":1678.87,"s":[{"ui":"6355240","t":1757.0,"r":1457.0,"q":1.73,"p":1648.0,"mot":"U","mo":1457.0},{"ui":"6347297","t":970.0,"r":88.0,"q":6.06,"p":2190.0,"mot":"U","mo":88.0},{"cn":"","ui":"","t":0.0,"r":0.0,"q":0.0,"p":0.0,"mot":"L","mo":0.0}]},{"d":"17.12.2016","r":5225.0,"q":3.78,"p":2387.64,"s":[{"ui":"6338038","t":840.0,"r":840.0,"q":2.46,"p":1550.0,"mot":"U","mo":840.0},{"ui":"6387505","t":981.0,"r":981.0,"q":5.36,"p":2500.0,"mot":"U","mo":981.0},{"ui":"6351339","t":1595.0,"r":1595.0,"q":1.02,"p":3000.0,"mot":"U","mo":1595.0},{"ui":"6347297","t":1808.0,"r":1720.0,"q":6.06,"p":2190.0,"mot":"U","mo":1720.0},{"cn":"","ui":"","t":441.0,"r":89.0,"q":4.17,"p":1900.0,"mot":"L","mo":89.0}]},{"d":"18.12.2016","r":6200.0,"q":2.95,"p":2310.12,"s":[{"ui":"6338038","t":1259.0,"r":1259.0,"q":2.46,"p":1550.0,"mot":"U","mo":1259.0},{"ui":"6351339","t":2391.0,"r":2391.0,"q":1.02,"p":3000.0,"mot":"U","mo":2391.0},{"ui":"6395855","t":970.0,"r":618.0,"q":4.17,"p":1900.0,"mot":"U","mo":618.0},{"ui":"6347297","t":1720.0,"r":1632.0,"q":6.06,"p":2190.0,"mot":"U","mo":1632.0},{"cn":"","ui":"","t":300.0,"r":300.0,"q":1.02,"p":1500.0,"mot":"L","mo":300.0}]},{"d":"19.12.2016","r":3466.0,"q":1.02,"p":2878.82,"s":[{"ui":"5397698","t":290.0,"r":280.0,"q":1.02,"p":1500.0,"mot":"U","mo":280.0},{"ui":"6351339","t":3186.0,"r":3186.0,"q":1.02,"p":3000.0,"mot":"U","mo":3186.0},{"cn":"","ui":"","t":0.0,"r":0.0,"q":0.0,"p":0.0,"mot":"L","mo":0.0}]},{"d":"20.12.2016","r":2501.0,"q":4.88,"p":2009.69,"s":[{"ui":"6395855","t":1656.0,"r":1555.0,"q":4.17,"p":1900.0,"mot":"U","mo":1555.0},{"ui":"6347297","t":946.0,"r":946.0,"q":6.06,"p":2190.0,"mot":"U","mo":946.0},{"cn":"","ui":"","t":0.0,"r":0.0,"q":0.0,"p":0.0,"mot":"L","mo":0.0}]},{"d":"23.12.2016","r":3630.0,"q":2.6,"p":2567.75,"s":[{"ui":"6338038","t":829.0,"r":829.0,"q":2.46,"p":1550.0,"mot":"U","mo":829.0},{"ui":"6402819","t":850.0,"r":850.0,"q":4.17,"p":3000.0,"mot":"U","mo":850.0},{"ui":"6351339","t":1584.0,"r":1584.0,"q":1.02,"p":3000.0,"mot":"U","mo":1584.0},{"ui":"6372146","t":367.0,"r":367.0,"q":6.12,"p":2000.0,"mot":"U","mo":367.0},{"cn":"","ui":"","t":0.0,"r":0.0,"q":0.0,"p":0.0,"mot":"L","mo":0.0}]},{"d":"24.12.2016","r":17842.0,"q":2.0,"p":1756.16,"s":[{"ui":"6375133","t":12402.0,"r":12402.0,"q":1.73,"p":1400.0,"mot":"U","mo":12402.0},{"ui":"6338038","t":1242.0,"r":1241.0,"q":2.46,"p":1550.0,"mot":"U","mo":1241.0},{"ui":"6402819","t":1275.0,"r":1275.0,"q":4.17,"p":3000.0,"mot":"U","mo":1275.0},{"ui":"6351339","t":2374.0,"r":2374.0,"q":1.02,"p":3000.0,"mot":"U","mo":2374.0},{"cn":"","ui":"","t":550.0,"r":550.0,"q":6.12,"p":2000.0,"mot":"L","mo":550.0}]},{"d":"25.12.2016","r":22361.0,"q":2.23,"p":1667.4,"s":[{"ui":"6375133","t":15646.0,"r":15646.0,"q":1.81,"p":1300.0,"mot":"U","mo":15646.0},{"ui":"6402819","t":1700.0,"r":1700.0,"q":4.17,"p":2000.0,"mot":"U","mo":1700.0},{"ui":"6351339","t":3163.0,"r":3163.0,"q":1.02,"p":3000.0,"mot":"U","mo":3163.0},{"ui":"6347297","t":1852.0,"r":1852.0,"q":6.06,"p":2190.0,"mot":"U","mo":1852.0},{"cn":"","ui":"","t":0.0,"r":0.0,"q":0.0,"p":0.0,"mot":"L","mo":0.0}]},{"d":"26.12.2016","r":22114.0,"q":1.75,"p":1618.98,"s":[{"ui":"6375133","t":18339.0,"r":17799.0,"q":1.86,"p":1300.0,"mot":"U","mo":17799.0},{"ui":"6351339","t":3963.0,"r":3963.0,"q":1.02,"p":3000.0,"mot":"U","mo":3963.0},{"cn":"","ui":"","t":352.0,"r":352.0,"q":4.17,"p":2200.0,"mot":"L","mo":352.0}]},{"d":"27.12.2016","r":25677.0,"q":1.78,"p":1633.79,"s":[{"ui":"6375133","t":20977.0,"r":20387.0,"q":1.9,"p":1300.0,"mot":"U","mo":20387.0},{"ui":"6351339","t":4762.0,"r":4762.0,"q":1.02,"p":3000.0,"mot":"U","mo":4762.0},{"cn":"","ui":"","t":528.0,"r":528.0,"q":4.17,"p":2200.0,"mot":"L","mo":528.0}]},{"d":"28.12.2016","r":29073.0,"q":1.81,"p":1560.2,"s":[{"ui":"6375133","t":23719.0,"r":23049.0,"q":1.95,"p":1200.0,"mot":"U","mo":23049.0},{"ui":"6351339","t":5560.0,"r":5560.0,"q":1.02,"p":3000.0,"mot":"U","mo":5560.0},{"cn":"","ui":"","t":584.0,"r":464.0,"q":4.17,"p":2200.0,"mot":"L","mo":464.0}]},{"d":"29.12.2016","r":36044.0,"q":2.27,"p":1598.87,"s":[{"ui":"6375133","t":25207.0,"r":23277.0,"q":2.0,"p":1200.0,"mot":"U","mo":23277.0},{"ui":"6351339","t":6357.0,"r":6357.0,"q":1.02,"p":3000.0,"mot":"U","mo":6357.0},{"ui":"6395855","t":4395.0,"r":2729.0,"q":5.1,"p":2085.0,"mot":"U","mo":2729.0},{"ui":"6172314","t":3162.0,"r":3162.0,"q":4.07,"p":1200.0,"mot":"U","mo":3162.0},{"cn":"","ui":"","t":639.0,"r":519.0,"q":4.17,"p":2200.0,"mot":"L","mo":519.0}]},{"d":"30.12.2016","r":12707.0,"q":1.56,"p":2258.42,"s":[{"ui":"6375133","t":26815.0,"r":4980.0,"q":2.04,"p":1200.0,"mot":"U","mo":4980.0},{"ui":"6351339","t":7153.0,"r":7153.0,"q":1.02,"p":3000.0,"mot":"U","mo":7153.0},{"cn":"","ui":"","t":694.0,"r":574.0,"q":4.17,"p":2200.0,"mot":"L","mo":574.0}]},{"d":"31.12.2016","r":8577.0,"q":1.25,"p":2941.33,"s":[{"ui":"6351339","t":7948.0,"r":7948.0,"q":1.02,"p":3000.0,"mot":"U","mo":7948.0},{"ui":"6393820","t":749.0,"r":629.0,"q":4.17,"p":2200.0,"mot":"U","mo":629.0},{"cn":"","ui":"","t":0.0,"r":0.0,"q":0.0,"p":0.0,"mot":"L","mo":0.0}]},{"d":"01.01.2017","r":9972.0,"q":1.31,"p":2846.47,"s":[{"ui":"6375133","t":3434.0,"r":547.0,"q":2.29,"p":1200.0,"mot":"U","mo":547.0},{"ui":"6351339","t":8742.0,"r":8742.0,"q":1.02,"p":3000.0,"mot":"U","mo":8742.0},{"ui":"6393820","t":803.0,"r":683.0,"q":4.17,"p":2200.0,"mot":"U","mo":683.0},{"cn":"","ui":"","t":0.0,"r":0.0,"q":0.0,"p":0.0,"mot":"L","mo":0.0}]},{"d":"02.01.2017","r":11349.0,"q":1.37,"p":2777.94,"s":[{"ui":"6375133","t":3956.0,"r":1069.0,"q":2.28,"p":1200.0,"mot":"U","mo":1069.0},{"ui":"6351339","t":9535.0,"r":9535.0,"q":1.02,"p":3000.0,"mot":"U","mo":9535.0},{"ui":"6393820","t":865.0,"r":745.0,"q":4.55,"p":2200.0,"mot":"U","mo":745.0},{"cn":"","ui":"","t":0.0,"r":0.0,"q":0.0,"p":0.0,"mot":"L","mo":0.0}]},{"d":"03.01.2017","r":12765.0,"q":1.62,"p":2725.15,"s":[{"ui":"6375133","t":4502.0,"r":1590.0,"q":3.07,"p":1200.0,"mot":"U","mo":1590.0},{"ui":"6351339","t":10367.0,"r":10367.0,"q":1.14,"p":3000.0,"mot":"U","mo":10367.0},{"ui":"6393820","t":928.0,"r":808.0,"q":4.85,"p":2200.0,"mot":"U","mo":808.0},{"cn":"","ui":"","t":0.0,"r":0.0,"q":0.0,"p":0.0,"mot":"L","mo":0.0}]},{"d":"04.01.2017","r":13527.0,"q":1.68,"p":2739.62,"s":[{"ui":"6375133","t":4807.0,"r":1659.0,"q":3.24,"p":1200.0,"mot":"U","mo":1659.0},{"ui":"6351339","t":11198.0,"r":11198.0,"q":1.24,"p":3000.0,"mot":"U","mo":11198.0},{"cn":"","ui":"","t":890.0,"r":670.0,"q":5.1,"p":2200.0,"mot":"L","mo":670.0}]},{"d":"05.01.2017","r":35604.0,"q":4.44,"p":4104.23,"s":[{"ui":"6339668","t":14325.0,"r":14325.0,"q":4.76,"p":5000.0,"mot":"U","mo":14325.0},{"ui":"6348889","t":4463.0,"r":4463.0,"q":7.86,"p":4150.0,"mot":"U","mo":4463.0},{"ui":"6351339","t":12016.0,"r":12005.0,"q":1.33,"p":3000.0,"mot":"U","mo":12005.0},{"ui":"6395855","t":4811.0,"r":4811.0,"q":8.1,"p":4150.0,"mot":"U","mo":4811.0},{"cn":"","ui":"","t":0.0,"r":0.0,"q":0.0,"p":0.0,"mot":"L","mo":0.0}]},{"d":"06.01.2017","r":48543.0,"q":5.16,"p":3793.37,"s":[{"ui":"6339668","t":16640.0,"r":16640.0,"q":4.95,"p":4000.0,"mot":"U","mo":16640.0},{"ui":"6348889","t":8910.0,"r":8910.0,"q":7.84,"p":4150.0,"mot":"U","mo":8910.0},{"ui":"6351339","t":12824.0,"r":12803.0,"q":1.41,"p":3000.0,"mot":"U","mo":12803.0},{"ui":"6395855","t":9594.0,"r":9574.0,"q":8.1,"p":4150.0,"mot":"U","mo":9574.0},{"cn":"","ui":"","t":616.0,"r":616.0,"q":4.17,"p":3999.99,"mot":"L","mo":616.0}]},{"d":"07.01.2017","r":58645.0,"q":5.61,"p":3852.06,"s":[{"ui":"6339668","t":17066.0,"r":17066.0,"q":4.98,"p":4000.0,"mot":"U","mo":17066.0},{"ui":"6348889","t":13344.0,"r":13344.0,"q":7.83,"p":4150.0,"mot":"U","mo":13344.0},{"ui":"6351339","t":13241.0,"r":12830.0,"q":1.47,"p":3000.0,"mot":"U","mo":12830.0},{"ui":"6395855","t":14369.0,"r":14348.0,"q":8.1,"p":4150.0,"mot":"U","mo":14348.0},{"cn":"","ui":"","t":1057.0,"r":1057.0,"q":4.17,"p":3999.99,"mot":"L","mo":1057.0}]},{"d":"08.01.2017","r":72379.0,"q":6.23,"p":3740.64,"s":[{"ui":"6355239","t":5105.0,"r":5095.0,"q":9.78,"p":2000.0,"mot":"U","mo":5095.0},{"ui":"6339668","t":16990.0,"r":16489.0,"q":5.01,"p":3900.0,"mot":"U","mo":16489.0},{"ui":"6348889","t":17763.0,"r":17763.0,"q":7.81,"p":4150.0,"mot":"U","mo":17763.0},{"ui":"6351339","t":13270.0,"r":12459.0,"q":1.54,"p":3000.0,"mot":"U","mo":12459.0},{"ui":"6395855","t":19117.0,"r":19076.0,"q":8.1,"p":4150.0,"mot":"U","mo":19076.0},{"cn":"","ui":"","t":1497.0,"r":1497.0,"q":4.17,"p":3999.99,"mot":"L","mo":1497.0}]},{"d":"09.01.2017","r":77231.0,"q":6.23,"p":3905.57,"s":[{"ui":"6339668","t":16913.0,"r":16412.0,"q":5.03,"p":3900.0,"mot":"U","mo":16412.0},{"ui":"6348889","t":22625.0,"r":22625.0,"q":7.87,"p":4150.0,"mot":"U","mo":22625.0},{"ui":"6351339","t":13293.0,"r":12477.0,"q":1.6,"p":3000.0,"mot":"U","mo":12477.0},{"ui":"6395855","t":23859.0,"r":23739.0,"q":8.1,"p":4150.0,"mot":"U","mo":23739.0},{"cn":"","ui":"","t":1978.0,"r":1978.0,"q":4.13,"p":3934.48,"mot":"L","mo":1978.0}]},{"d":"10.01.2017","r":84388.0,"q":6.59,"p":3963.3,"s":[{"ui":"6339668","t":16726.0,"r":16216.0,"q":5.05,"p":3900.0,"mot":"U","mo":16216.0},{"ui":"6348889","t":27479.0,"r":27479.0,"q":7.91,"p":4150.0,"mot":"U","mo":27479.0},{"ui":"6351339","t":11998.0,"r":9865.0,"q":1.66,"p":3000.0,"mot":"U","mo":9865.0},{"ui":"6395855","t":28584.0,"r":28454.0,"q":8.1,"p":4150.0,"mot":"U","mo":28454.0},{"cn":"","ui":"","t":2374.0,"r":2374.0,"q":4.17,"p":3999.99,"mot":"L","mo":2374.0}]},{"d":"11.01.2017","r":94271.0,"q":6.93,"p":3911.05,"s":[{"ui":"6339668","t":16534.0,"r":16019.0,"q":5.07,"p":3900.0,"mot":"U","mo":16019.0},{"ui":"6348889","t":32324.0,"r":32324.0,"q":7.94,"p":4150.0,"mot":"U","mo":32324.0},{"ui":"6351339","t":10297.0,"r":7717.0,"q":1.89,"p":3000.0,"mot":"U","mo":7717.0},{"ui":"6395855","t":33301.0,"r":33171.0,"q":8.1,"p":4150.0,"mot":"U","mo":33171.0},{"cn":"","ui":"","t":5396.0,"r":5040.0,"q":6.46,"p":2235.9,"mot":"L","mo":5040.0}]},{"d":"12.01.2017","r":95510.0,"q":7.28,"p":4054.92,"s":[{"ui":"6339668","t":16479.0,"r":15970.0,"q":5.15,"p":3900.0,"mot":"U","mo":15970.0},{"ui":"6348889","t":37161.0,"r":37161.0,"q":7.96,"p":4150.0,"mot":"U","mo":37161.0},{"ui":"6395855","t":38011.0,"r":37881.0,"q":8.1,"p":4150.0,"mot":"U","mo":37881.0},{"cn":"","ui":"","t":9878.0,"r":4498.0,"q":2.3,"p":3018.67,"mot":"L","mo":4498.0}]},{"d":"13.01.2017","r":105259.0,"q":7.54,"p":4068.29,"s":[{"ui":"6339668","t":16421.0,"r":15911.0,"q":5.24,"p":3900.0,"mot":"U","mo":15911.0},{"ui":"6348889","t":41989.0,"r":41989.0,"q":7.98,"p":4150.0,"mot":"U","mo":41989.0},{"ui":"6395855","t":42713.0,"r":42583.0,"q":8.1,"p":4150.0,"mot":"U","mo":42583.0},{"cn":"","ui":"","t":10211.0,"r":4776.0,"q":6.43,"p":3181.99,"mot":"L","mo":4776.0}]},{"d":"14.01.2017","r":20987.0,"q":6.25,"p":3803.74,"s":[{"ui":"6339668","t":16318.0,"r":15813.0,"q":5.31,"p":3900.0,"mot":"U","mo":15813.0},{"ui":"6423817","t":4143.0,"r":4143.0,"q":10.06,"p":4000.0,"mot":"U","mo":4143.0},{"cn":"","ui":"","t":1231.0,"r":1031.0,"q":5.46,"p":1538.6,"mot":"L","mo":1031.0}]},{"d":"15.01.2017","r":24733.0,"q":7.1,"p":3948.32,"s":[{"ui":"6339668","t":16123.0,"r":15368.0,"q":5.38,"p":3900.0,"mot":"U","mo":15368.0},{"ui":"6348889","t":5053.0,"r":3053.0,"q":9.81,"p":3900.0,"mot":"U","mo":3053.0},{"ui":"6423817","t":4143.0,"r":3143.0,"q":10.06,"p":4315.2,"mot":"U","mo":3143.0},{"ui":"6395855","t":5059.0,"r":3059.0,"q":10.19,"p":4000.0,"mot":"U","mo":3059.0},{"cn":"","ui":"","t":160.0,"r":110.0,"q":1.1,"p":120.0,"mot":"L","mo":110.0}]},{"d":"16.01.2017","r":107192.0,"q":7.86,"p":3901.03,"s":[{"ui":"6339668","t":96267.0,"r":96011.0,"q":7.77,"p":3900.0,"mot":"U","mo":96011.0},{"ui":"6348889","t":8842.0,"r":5592.0,"q":9.81,"p":3900.0,"mot":"U","mo":5592.0},{"cn":"","ui":"","t":7589.0,"r":5589.0,"q":7.38,"p":3919.84,"mot":"L","mo":5589.0}]},{"d":"17.01.2017","r":101688.0,"q":7.9,"p":3917.02,"s":[{"ui":"6339668","t":95331.0,"r":94045.0,"q":7.78,"p":3900.0,"mot":"U","mo":94045.0},{"cn":"","ui":"","t":12648.0,"r":7643.0,"q":9.35,"p":4126.38,"mot":"L","mo":7643.0}]},{"d":"18.01.2017","r":89254.0,"q":7.89,"p":3900.0,"s":[{"ui":"6339668","t":96492.0,"r":89254.0,"q":7.89,"p":3900.0,"mot":"U","mo":89254.0},{"cn":"","ui":"","t":0.0,"r":0.0,"q":0.0,"p":0.0,"mot":"L","mo":0.0}]},{"d":"19.01.2017","r":84360.0,"q":7.5,"p":3841.01,"s":[{"ui":"6339668","t":88128.0,"r":78880.0,"q":7.89,"p":3900.0,"mot":"U","mo":78880.0},{"ui":"6352492","t":6733.0,"r":5333.0,"q":1.74,"p":3000.0,"mot":"U","mo":5333.0},{"cn":"","ui":"","t":147.0,"r":147.0,"q":5.51,"p":2700.0,"mot":"L","mo":147.0}]},{"d":"20.01.2017","r":75405.0,"q":7.52,"p":3839.59,"s":[{"ui":"6339668","t":79764.0,"r":70515.0,"q":7.89,"p":3900.0,"mot":"U","mo":70515.0},{"ui":"6352492","t":5833.0,"r":4433.0,"q":1.8,"p":3000.0,"mot":"U","mo":4433.0},{"cn":"","ui":"","t":1427.0,"r":457.0,"q":5.85,"p":2662.8,"mot":"L","mo":457.0}]},{"d":"21.01.2017","r":42304.0,"q":7.54,"p":3840.15,"s":[{"ui":"6339668","t":60050.0,"r":39491.0,"q":7.93,"p":3900.0,"mot":"U","mo":39491.0},{"ui":"6352492","t":5123.0,"r":2813.0,"q":2.0,"p":3000.0,"mot":"U","mo":2813.0},{"cn":"","ui":"","t":0.0,"r":0.0,"q":0.0,"p":0.0,"mot":"L","mo":0.0}]},{"d":"23.01.2017","r":183.0,"q":8.41,"p":28736.81,"s":[{"ui":"6388757","t":184.0,"r":174.0,"q":8.43,"p":30000.0,"mot":"U","mo":174.0},{"cn":"","ui":"","t":2042.0,"r":9.0,"q":8.06,"p":4315.2,"mot":"L","mo":9.0}]},{"d":"24.01.2017","r":281.0,"q":8.43,"p":20000.0,"s":[{"ui":"6388757","t":281.0,"r":281.0,"q":8.43,"p":20000.0,"mot":"U","mo":281.0},{"cn":"","ui":"","t":0.0,"r":0.0,"q":0.0,"p":0.0,"mot":"L","mo":0.0}]},{"d":"25.01.2017","r":1218.0,"q":9.68,"p":7844.83,"s":[{"ui":"6339668","t":900.0,"r":830.0,"q":10.27,"p":4500.0,"mot":"U","mo":830.0},{"ui":"6388757","t":411.0,"r":388.0,"q":8.43,"p":15000.0,"mot":"U","mo":388.0},{"cn":"","ui":"","t":0.0,"r":0.0,"q":0.0,"p":0.0,"mot":"L","mo":0.0}]},{"d":"26.01.2017","r":1350.0,"q":9.56,"p":9159.26,"s":[{"ui":"6339668","t":900.0,"r":830.0,"q":10.27,"p":5500.0,"mot":"U","mo":830.0},{"ui":"6388757","t":543.0,"r":520.0,"q":8.43,"p":15000.0,"mot":"U","mo":520.0},{"cn":"","ui":"","t":0.0,"r":0.0,"q":0.0,"p":0.0,"mot":"L","mo":0.0}]},{"d":"27.01.2017","r":748.0,"q":8.21,"p":13736.1,"s":[{"ui":"6338038","t":450.0,"r":73.0,"q":6.06,"p":2700.0,"mot":"U","mo":73.0},{"ui":"6388757","t":684.0,"r":670.0,"q":8.43,"p":15000.0,"mot":"U","mo":670.0},{"cn":"","ui":"","t":900.0,"r":5.0,"q":10.27,"p":5500.0,"mot":"L","mo":5.0}]},{"d":"28.01.2017","r":831.0,"q":8.33,"p":14711.19,"s":[{"ui":"6388757","t":825.0,"r":811.0,"q":8.43,"p":15000.0,"mot":"U","mo":811.0},{"cn":"","ui":"","t":877.0,"r":20.0,"q":4.25,"p":3000.0,"mot":"L","mo":20.0}]},{"d":"29.01.2017","r":1026.0,"q":8.29,"p":13873.1,"s":[{"ui":"6338038","t":544.0,"r":94.0,"q":7.09,"p":2700.0,"mot":"U","mo":94.0},{"ui":"6388757","t":946.0,"r":932.0,"q":8.41,"p":15000.0,"mot":"U","mo":932.0},{"cn":"","ui":"","t":0.0,"r":0.0,"q":0.0,"p":0.0,"mot":"L","mo":0.0}]},{"d":"30.01.2017","r":2.0,"q":4.17,"p":3899.99,"s":[{"ui":"6384830","t":441.0,"r":2.0,"q":4.17,"p":3899.99,"mot":"U","mo":2.0},{"cn":"","ui":"","t":0.0,"r":0.0,"q":0.0,"p":0.0,"mot":"L","mo":0.0}]},{"d":"07.02.2017","r":8.0,"q":10.68,"p":17500.0,"s":[{"ui":"6388757","t":163.0,"r":8.0,"q":10.68,"p":17500.0,"mot":"U","mo":8.0},{"cn":"","ui":"","t":0.0,"r":0.0,"q":0.0,"p":0.0,"mot":"L","mo":0.0}]},{"d":"11.02.2017","r":1.0,"q":10.27,"p":3500.0,"s":[{"ui":"6338038","t":2100.0,"r":1.0,"q":10.27,"p":3500.0,"mot":"U","mo":1.0},{"cn":"","ui":"","t":0.0,"r":0.0,"q":0.0,"p":0.0,"mot":"L","mo":0.0}]},{"d":"18.02.2017","r":700.0,"q":10.27,"p":11000.0,"s":[{"ui":"6507370","t":5110.0,"r":700.0,"q":10.27,"p":11000.0,"mot":"U","mo":700.0},{"cn":"","ui":"","t":0.0,"r":0.0,"q":0.0,"p":0.0,"mot":"L","mo":0.0}]},{"d":"19.02.2017","r":2872.0,"q":9.72,"p":10000.0,"s":[{"ui":"6423817","t":3072.0,"r":2872.0,"q":9.72,"p":10000.0,"mot":"U","mo":2872.0},{"cn":"","ui":"","t":0.0,"r":0.0,"q":0.0,"p":0.0,"mot":"L","mo":0.0}]},{"d":"22.02.2017","r":10633.0,"q":10.26,"p":14085.21,"s":[{"ui":"6507370","t":10029.0,"r":10029.0,"q":10.25,"p":14000.0,"mot":"U","mo":10029.0},{"ui":"6372146","t":1314.0,"r":604.0,"q":10.37,"p":15500.0,"mot":"U","mo":604.0},{"cn":"","ui":"","t":0.0,"r":0.0,"q":0.0,"p":0.0,"mot":"L","mo":0.0}]},{"d":"23.02.2017","r":15284.0,"q":10.91,"p":14000.0,"s":[{"ui":"6507370","t":15294.0,"r":15284.0,"q":10.91,"p":14000.0,"mot":"U","mo":15284.0},{"cn":"","ui":"","t":0.0,"r":0.0,"q":0.0,"p":0.0,"mot":"L","mo":0.0}]},{"d":"24.02.2017","r":20321.0,"q":11.24,"p":14000.0,"s":[{"ui":"6507370","t":20441.0,"r":20321.0,"q":11.24,"p":14000.0,"mot":"U","mo":20321.0},{"cn":"","ui":"","t":0.0,"r":0.0,"q":0.0,"p":0.0,"mot":"L","mo":0.0}]},{"d":"25.02.2017","r":10000.0,"q":11.46,"p":14000.0,"s":[{"ui":"6507370","t":25515.0,"r":24880.0,"q":11.46,"p":14000.0,"mot":"L","mo":10000.0},{"cn":"","ui":"","t":0.0,"r":0.0,"q":0.0,"p":0.0,"mot":"L","mo":0.0}]},{"d":"26.02.2017","r":10000.0,"q":11.63,"p":14000.0,"s":[{"ui":"6507370","t":30563.0,"r":10428.0,"q":11.63,"p":14000.0,"mot":"L","mo":10000.0},{"cn":"","ui":"","t":0.0,"r":0.0,"q":0.0,"p":0.0,"mot":"L","mo":0.0}]},{"d":"27.02.2017","r":74.0,"q":11.52,"p":9297.3,"s":[{"ui":"6423817","t":1247.0,"r":9.0,"q":11.41,"p":10000.0,"mot":"U","mo":9.0},{"ui":"6530566","t":225.0,"r":65.0,"q":11.53,"p":9200.0,"mot":"U","mo":65.0},{"cn":"","ui":"","t":0.0,"r":0.0,"q":0.0,"p":0.0,"mot":"L","mo":0.0}]},{"d":"01.03.2017","r":471.0,"q":13.06,"p":40625.0,"s":[{"ui":"6388757","t":490.0,"r":471.0,"q":13.06,"p":40625.0,"mot":"U","mo":471.0},{"cn":"","ui":"","t":0.0,"r":0.0,"q":0.0,"p":0.0,"mot":"L","mo":0.0}]},{"d":"02.03.2017","r":2115.0,"q":11.96,"p":15709.22,"s":[{"ui":"6530563","t":562.0,"r":337.0,"q":11.46,"p":12000.0,"mot":"U","mo":337.0},{"ui":"6338038","t":8390.0,"r":480.0,"q":12.23,"p":6000.0,"mot":"U","mo":480.0},{"ui":"6388757","t":471.0,"r":432.0,"q":13.06,"p":40625.0,"mot":"U","mo":432.0},{"ui":"6347297","t":1688.0,"r":585.0,"q":11.41,"p":10000.0,"mot":"U","mo":585.0},{"ui":"6530566","t":562.0,"r":272.0,"q":11.5,"p":10500.0,"mot":"U","mo":272.0},{"cn":"","ui":"","t":5619.0,"r":9.0,"q":12.03,"p":5000.0,"mot":"L","mo":9.0}]},{"d":"03.03.2017","r":6735.0,"q":13.14,"p":10606.94,"s":[{"cn":"Albitov Inc","ui":"6409573","t":472.0,"r":472.0,"q":16.55,"p":30000.0,"mot":"U","mo":472.0},{"cn":"RZN Ltd.","ui":"6388757","t":689.0,"r":650.0,"q":13.06,"p":40625.0,"mot":"U","mo":650.0},{"cn":"Мурзик AG","ui":"6395855","t":5613.0,"r":5613.0,"q":12.86,"p":5500.0,"mot":"U","mo":5613.0},{"cn":"","ui":"","t":0.0,"r":0.0,"q":0.0,"p":0.0,"mot":"L","mo":0.0}]},{"d":"04.03.2017","r":1782.0,"q":14.89,"p":35056.12,"s":[{"cn":"Albitov Inc","ui":"6409573","t":939.0,"r":934.0,"q":16.55,"p":30000.0,"mot":"U","mo":934.0},{"cn":"RZN Ltd.","ui":"6388757","t":907.0,"r":848.0,"q":13.06,"p":40625.0,"mot":"U","mo":848.0},{"cn":"","ui":"","t":0.0,"r":0.0,"q":0.0,"p":0.0,"mot":"L","mo":0.0}]},{"d":"05.03.2017","r":10054.0,"q":12.72,"p":13230.73,"s":[{"cn":"Albitov Inc","ui":"6409573","t":1306.0,"r":1299.0,"q":16.55,"p":30000.0,"mot":"U","mo":1299.0},{"cn":"Wood_Art","ui":"6338038","t":16735.0,"r":6825.0,"q":12.23,"p":6000.0,"mot":"U","mo":6825.0},{"cn":"RZN Ltd.","ui":"6388757","t":1105.0,"r":1046.0,"q":13.03,"p":40625.0,"mot":"U","mo":1046.0},{"cn":"","ui":"","t":2006.0,"r":884.0,"q":10.48,"p":12000.0,"mot":"L","mo":884.0}]},{"d":"06.03.2017","r":2848.0,"q":14.86,"p":33744.12,"s":[{"cn":"Albitov Inc","ui":"6409573","t":1545.0,"r":1535.0,"q":16.55,"p":30000.0,"mot":"U","mo":1535.0},{"cn":"RZN Ltd.","ui":"6388757","t":1303.0,"r":1194.0,"q":13.03,"p":40625.0,"mot":"U","mo":1194.0},{"cn":"","ui":"","t":1122.0,"r":119.0,"q":11.42,"p":13000.0,"mot":"L","mo":119.0}]},{"d":"07.03.2017","r":11647.0,"q":12.91,"p":20714.07,"s":[{"cn":"Albitov Inc","ui":"6409573","t":1613.0,"r":1563.0,"q":16.55,"p":30000.0,"mot":"U","mo":1563.0},{"cn":"1","ui":"6507370","t":18931.0,"r":8734.0,"q":12.24,"p":16000.0,"mot":"L","mo":8734.0},{"cn":"RZN Ltd.","ui":"6388757","t":1451.0,"r":1342.0,"q":13.04,"p":40625.0,"mot":"U","mo":1342.0},{"cn":"","ui":"","t":1120.0,"r":8.0,"q":11.76,"p":13000.0,"mot":"L","mo":8.0}]},{"d":"08.03.2017","r":3013.0,"q":14.81,"p":35304.1,"s":[{"cn":"Albitov Inc","ui":"6409573","t":1563.0,"r":1513.0,"q":16.55,"p":30000.0,"mot":"U","mo":1513.0},{"cn":"RZN Ltd.","ui":"6388757","t":1599.0,"r":1490.0,"q":13.04,"p":40625.0,"mot":"U","mo":1490.0},{"cn":"","ui":"","t":10.0,"r":10.0,"q":16.55,"p":45000.0,"mot":"L","mo":10.0}]},{"d":"10.03.2017","r":3862.0,"q":14.19,"p":31518.5,"s":[{"cn":"Albitov Inc","ui":"6409573","t":1509.0,"r":1455.0,"q":16.55,"p":30000.0,"mot":"U","mo":1455.0},{"cn":"RZN Ltd.","ui":"6388757","t":1747.0,"r":1638.0,"q":13.04,"p":40625.0,"mot":"U","mo":1638.0},{"cn":"1","ui":"6530566","t":2250.0,"r":749.0,"q":12.04,"p":14300.0,"mot":"U","mo":749.0},{"cn":"","ui":"","t":20.0,"r":20.0,"q":16.55,"p":41000.0,"mot":"L","mo":20.0}]},{"d":"11.03.2017","r":2771.0,"q":14.77,"p":35455.84,"s":[{"cn":"Albitov Inc","ui":"6409573","t":1405.0,"r":1349.0,"q":16.55,"p":30000.0,"mot":"U","mo":1349.0},{"cn":"RZN Ltd.","ui":"6388757","t":1706.0,"r":1397.0,"q":13.02,"p":40625.0,"mot":"U","mo":1397.0},{"cn":"","ui":"","t":25.0,"r":25.0,"q":16.55,"p":41000.0,"mot":"L","mo":25.0}]},{"d":"12.03.2017","r":4295.0,"q":14.02,"p":28883.56,"s":[{"cn":"Albitov Inc","ui":"6409573","t":1723.0,"r":1564.0,"q":16.54,"p":30000.0,"mot":"U","mo":1564.0},{"cn":"RZN Ltd.","ui":"6388757","t":1653.0,"r":1344.0,"q":13.03,"p":40625.0,"mot":"U","mo":1344.0},{"cn":"1","ui":"6530566","t":2242.0,"r":1357.0,"q":12.05,"p":15700.0,"mot":"U","mo":1357.0},{"cn":"","ui":"","t":30.0,"r":30.0,"q":16.55,"p":41000.0,"mot":"L","mo":30.0}]},{"d":"13.03.2017","r":5891.0,"q":13.85,"p":27808.84,"s":[{"cn":"Albitov Inc","ui":"6409573","t":2032.0,"r":1864.0,"q":16.53,"p":30000.0,"mot":"U","mo":1864.0},{"cn":"Ars","ui":"6560408","t":2251.0,"r":2251.0,"q":12.35,"p":20000.0,"mot":"U","mo":2251.0},{"cn":"RZN Ltd.","ui":"6388757","t":1600.0,"r":1291.0,"q":13.03,"p":40625.0,"mot":"U","mo":1291.0},{"cn":"Ars","ui":"6560401","t":450.0,"r":450.0,"q":12.35,"p":20000.0,"mot":"U","mo":450.0},{"cn":"","ui":"","t":35.0,"r":35.0,"q":16.55,"p":41000.0,"mot":"L","mo":35.0}]},{"d":"14.03.2017","r":3645.0,"q":15.09,"p":32975.14,"s":[{"cn":"Albitov Inc","ui":"6409573","t":2340.0,"r":2172.0,"q":16.53,"p":30000.0,"mot":"U","mo":2172.0},{"cn":"RZN Ltd.","ui":"6388757","t":1548.0,"r":1239.0,"q":13.03,"p":40625.0,"mot":"U","mo":1239.0},{"cn":"","ui":"","t":2232.0,"r":234.0,"q":12.71,"p":20085.47,"mot":"L","mo":234.0}]},{"d":"15.03.2017","r":1220.0,"q":13.28,"p":40272.46,"s":[{"cn":"RZN Ltd.","ui":"6388757","t":1509.0,"r":1200.0,"q":13.3,"p":40625.0,"mot":"U","mo":1200.0},{"cn":"","ui":"","t":2812.0,"r":20.0,"q":11.89,"p":19120.0,"mot":"L","mo":20.0}]},{"d":"16.03.2017","r":5886.0,"q":13.03,"p":86013.95,"s":[{"cn":"Redicson Трейд","ui":"6338247","t":4500.0,"r":4500.0,"q":12.81,"p":100000.0,"mot":"U","mo":4500.0},{"cn":"RZN Ltd.","ui":"6388757","t":1650.0,"r":1341.0,"q":13.64,"p":40625.0,"mot":"U","mo":1341.0},{"cn":"","ui":"","t":45.0,"r":45.0,"q":16.54,"p":40000.0,"mot":"L","mo":45.0}]},{"d":"17.03.2017","r":10861.0,"q":12.39,"p":98814.11,"s":[{"cn":"Redicson Трейд","ui":"6338247","t":10700.0,"r":10700.0,"q":12.56,"p":100000.0,"mot":"U","mo":10700.0},{"cn":"","ui":"","t":2411.0,"r":161.0,"q":1.08,"p":20000.0,"mot":"L","mo":161.0}]},{"d":"18.03.2017","r":10338.0,"q":11.85,"p":95062.87,"s":[{"cn":"Redicson Трейд","ui":"6338247","t":10700.0,"r":9700.0,"q":12.56,"p":100000.0,"mot":"U","mo":9700.0},{"cn":"","ui":"","t":639.0,"r":638.0,"q":1.01,"p":20000.0,"mot":"L","mo":638.0}]},{"d":"20.03.2017","r":9575.0,"q":11.73,"p":90918.14,"s":[{"cn":"Redicson Трейд","ui":"6338247","t":8698.0,"r":7698.0,"q":12.56,"p":100000.0,"mot":"U","mo":7698.0},{"cn":"Ёк-Макарёк Инвест","ui":"6492322","t":1601.0,"r":1601.0,"q":9.58,"p":61200.0,"mot":"U","mo":1601.0},{"cn":"","ui":"","t":297.0,"r":276.0,"q":1.01,"p":10000.0,"mot":"L","mo":276.0}]},{"d":"21.03.2017","r":575.0,"q":1.01,"p":10000.0,"s":[{"cn":"1","ui":"6565201","t":120.0,"r":100.0,"q":1.01,"p":10000.0,"mot":"U","mo":100.0},{"cn":"1","ui":"6565215","t":156.0,"r":155.0,"q":1.01,"p":10000.0,"mot":"U","mo":155.0},{"cn":"1","ui":"6565204","t":160.0,"r":160.0,"q":1.01,"p":10000.0,"mot":"U","mo":160.0},{"cn":"1","ui":"6565208","t":160.0,"r":160.0,"q":1.01,"p":10000.0,"mot":"U","mo":160.0},{"cn":"","ui":"","t":0.0,"r":0.0,"q":0.0,"p":0.0,"mot":"L","mo":0.0}]},{"d":"22.03.2017","r":20012.0,"q":12.15,"p":96481.01,"s":[{"cn":"Redicson Трейд","ui":"6338247","t":19197.0,"r":18197.0,"q":12.38,"p":100000.0,"mot":"U","mo":18197.0},{"cn":"Ёк-Макарёк Инвест","ui":"6492322","t":1815.0,"r":1815.0,"q":9.82,"p":61200.0,"mot":"U","mo":1815.0},{"cn":"","ui":"","t":0.0,"r":0.0,"q":0.0,"p":0.0,"mot":"L","mo":0.0}]},{"d":"23.03.2017","r":23782.0,"q":12.43,"p":84210.74,"s":[{"cn":"Redicson Трейд","ui":"6338247","t":18796.0,"r":17796.0,"q":12.37,"p":100000.0,"mot":"U","mo":17796.0},{"cn":"Ёк-Макарёк Инвест","ui":"6492322","t":2029.0,"r":2029.0,"q":10.01,"p":61200.0,"mot":"U","mo":2029.0},{"cn":"SV","ui":"6372146","t":5628.0,"r":3957.0,"q":13.92,"p":25000.0,"mot":"U","mo":3957.0},{"cn":"","ui":"","t":0.0,"r":0.0,"q":0.0,"p":0.0,"mot":"L","mo":0.0}]},{"d":"24.03.2017","r":23038.0,"q":12.16,"p":96222.4,"s":[{"cn":"Redicson Трейд","ui":"6338247","t":21795.0,"r":20795.0,"q":12.38,"p":100000.0,"mot":"U","mo":20795.0},{"cn":"Ёк-Макарёк Инвест","ui":"6492322","t":2243.0,"r":2243.0,"q":10.16,"p":61200.0,"mot":"U","mo":2243.0},{"cn":"","ui":"","t":0.0,"r":0.0,"q":0.0,"p":0.0,"mot":"L","mo":0.0}]},{"d":"25.03.2017","r":29392.0,"q":11.74,"p":79751.92,"s":[{"cn":"Redicson Трейд","ui":"6338247","t":20795.0,"r":19795.0,"q":12.38,"p":100000.0,"mot":"U","mo":19795.0},{"cn":"1","ui":"6507370","t":28070.0,"r":7140.0,"q":10.45,"p":30000.0,"mot":"L","mo":7140.0},{"cn":"Ёк-Макарёк Инвест","ui":"6492322","t":2457.0,"r":2457.0,"q":10.29,"p":61200.0,"mot":"U","mo":2457.0},{"cn":"","ui":"","t":0.0,"r":0.0,"q":0.0,"p":0.0,"mot":"L","mo":0.0}]},{"d":"26.03.2017","r":36465.0,"q":11.66,"p":77962.54,"s":[{"cn":"Redicson Трейд","ui":"6338247","t":24795.0,"r":23795.0,"q":12.44,"p":100000.0,"mot":"U","mo":23795.0},{"cn":"1","ui":"6507370","t":36971.0,"r":15991.0,"q":10.13,"p":30000.0,"mot":"L","mo":10000.0},{"cn":"Ёк-Макарёк Инвест","ui":"6492322","t":2670.0,"r":2670.0,"q":10.4,"p":61200.0,"mot":"U","mo":2670.0},{"cn":"","ui":"","t":0.0,"r":0.0,"q":0.0,"p":0.0,"mot":"L","mo":0.0}]},{"d":"27.03.2017","r":34678.0,"q":11.59,"p":76588.6,"s":[{"cn":"Redicson Трейд","ui":"6338247","t":23295.0,"r":21795.0,"q":12.44,"p":100000.0,"mot":"U","mo":21795.0},{"cn":"1","ui":"6507370","t":49851.0,"r":32881.0,"q":10.05,"p":30000.0,"mot":"L","mo":10000.0},{"cn":"Ёк-Макарёк Инвест","ui":"6492322","t":2883.0,"r":2883.0,"q":10.49,"p":61200.0,"mot":"U","mo":2883.0},{"cn":"","ui":"","t":0.0,"r":0.0,"q":0.0,"p":0.0,"mot":"L","mo":0.0}]},{"d":"28.03.2017","r":33651.0,"q":11.58,"p":75000.01,"s":[{"cn":"Redicson Трейд","ui":"6338247","t":21774.0,"r":20253.0,"q":12.44,"p":100000.0,"mot":"U","mo":20253.0},{"cn":"1","ui":"6507370","t":62226.0,"r":45236.0,"q":10.06,"p":30000.0,"mot":"L","mo":10000.0},{"cn":"Ёк-Макарёк Инвест","ui":"6492322","t":3096.0,"r":3096.0,"q":10.57,"p":61200.0,"mot":"U","mo":3096.0},{"cn":"","ui":"","t":8160.0,"r":302.0,"q":15.04,"p":29966.89,"mot":"L","mo":302.0}]},{"d":"29.03.2017","r":35232.0,"q":11.88,"p":80131.7,"s":[{"cn":"Redicson Трейд","ui":"6338247","t":26753.0,"r":25232.0,"q":12.5,"p":100000.0,"mot":"U","mo":25232.0},{"cn":"1","ui":"6507370","t":73889.0,"r":56889.0,"q":10.32,"p":30000.0,"mot":"L","mo":10000.0},{"cn":"","ui":"","t":0.0,"r":0.0,"q":0.0,"p":0.0,"mot":"L","mo":0.0}]},{"d":"31.03.2017","r":32144.0,"q":11.86,"p":78223.0,"s":[{"cn":"Redicson Трейд","ui":"6338247","t":23682.0,"r":22144.0,"q":12.5,"p":100000.0,"mot":"U","mo":22144.0},{"cn":"1","ui":"6507370","t":70638.0,"r":28438.0,"q":10.44,"p":30000.0,"mot":"L","mo":10000.0},{"cn":"","ui":"","t":0.0,"r":0.0,"q":0.0,"p":0.0,"mot":"L","mo":0.0}]},{"d":"01.04.2017","r":31527.0,"q":12.15,"p":86853.49,"s":[{"cn":"Redicson Трейд","ui":"6338247","t":27144.0,"r":25606.0,"q":12.56,"p":100000.0,"mot":"U","mo":25606.0},{"cn":"1","ui":"6507370","t":53718.0,"r":5921.0,"q":10.36,"p":30000.0,"mot":"L","mo":5921.0},{"cn":"","ui":"","t":0.0,"r":0.0,"q":0.0,"p":0.0,"mot":"L","mo":0.0}]},{"d":"02.04.2017","r":27487.0,"q":12.33,"p":95254.11,"s":[{"cn":"Redicson Трейд","ui":"6338247","t":25644.0,"r":24144.0,"q":12.56,"p":100000.0,"mot":"U","mo":24144.0},{"cn":"Ёк-Макарёк Инвест","ui":"6492322","t":3308.0,"r":3308.0,"q":10.64,"p":61200.0,"mot":"U","mo":3308.0},{"cn":"","ui":"","t":480.0,"r":35.0,"q":16.14,"p":40000.0,"mot":"L","mo":35.0}]},{"d":"03.04.2017","r":23548.0,"q":12.49,"p":98510.48,"s":[{"cn":"Redicson Трейд","ui":"6338247","t":24144.0,"r":22644.0,"q":12.56,"p":100000.0,"mot":"U","mo":22644.0},{"cn":"","ui":"","t":2106.0,"r":904.0,"q":10.64,"p":61200.0,"mot":"L","mo":904.0}]},{"d":"04.04.2017","r":38728.0,"q":11.93,"p":77907.13,"s":[{"cn":"Redicson Трейд","ui":"6338247","t":22644.0,"r":21144.0,"q":12.56,"p":100000.0,"mot":"U","mo":21144.0},{"cn":"Wood_Art","ui":"6338038","t":16349.0,"r":15478.0,"q":11.24,"p":50000.0,"mot":"U","mo":15478.0},{"cn":"Ёк-Макарёк Инвест","ui":"6492322","t":2106.0,"r":2106.0,"q":10.64,"p":61200.0,"mot":"U","mo":2106.0},{"cn":"","ui":"","t":0.0,"r":0.0,"q":0.0,"p":0.0,"mot":"L","mo":0.0}]},{"d":"05.04.2017","r":35035.0,"q":12.61,"p":98457.77,"s":[{"cn":"Redicson Трейд","ui":"6338247","t":35144.0,"r":33644.0,"q":12.69,"p":100000.0,"mot":"U","mo":33644.0},{"cn":"","ui":"","t":1965.0,"r":1391.0,"q":10.65,"p":61155.97,"mot":"L","mo":1391.0}]},{"d":"06.04.2017","r":35171.0,"q":12.69,"p":99747.84,"s":[{"cn":"Redicson Трейд","ui":"6338247","t":36444.0,"r":34944.0,"q":12.7,"p":100000.0,"mot":"U","mo":34944.0},{"cn":"","ui":"","t":1195.0,"r":227.0,"q":10.68,"p":60930.18,"mot":"L","mo":227.0}]},{"d":"07.04.2017","r":34712.0,"q":12.74,"p":95770.72,"s":[{"cn":"Redicson Трейд","ui":"6338247","t":32944.0,"r":31444.0,"q":12.7,"p":100000.0,"mot":"U","mo":31444.0},{"cn":"","ui":"","t":31080.0,"r":3268.0,"q":13.12,"p":55077.46,"mot":"L","mo":3268.0}]},{"d":"08.04.2017","r":14045.0,"q":12.68,"p":82103.41,"s":[{"cn":"Compra - Venta","ui":"6454604","t":2243.0,"r":2242.0,"q":15.23,"p":60000.0,"mot":"U","mo":2242.0},{"cn":"Wood_Art","ui":"6338038","t":9766.0,"r":1531.0,"q":11.51,"p":50000.0,"mot":"U","mo":1531.0},{"cn":"Redicson Трейд","ui":"6338247","t":10444.0,"r":8944.0,"q":12.7,"p":100000.0,"mot":"U","mo":8944.0},{"cn":"1","ui":"6507370","t":22776.0,"r":1075.0,"q":9.37,"p":30000.0,"mot":"L","mo":1075.0},{"cn":"","ui":"","t":842.0,"r":253.0,"q":10.68,"p":60957.91,"mot":"L","mo":253.0}]},{"d":"09.04.2017","r":18597.0,"q":11.71,"p":64283.83,"s":[{"cn":"Compra - Venta","ui":"6454604","t":2803.0,"r":2802.0,"q":15.23,"p":60000.0,"mot":"U","mo":2802.0},{"cn":"Redicson Трейд","ui":"6338247","t":8944.0,"r":7444.0,"q":12.7,"p":100000.0,"mot":"U","mo":7444.0},{"cn":"1","ui":"6507370","t":26370.0,"r":7075.0,"q":9.37,"p":30000.0,"mot":"L","mo":7075.0},{"cn":"","ui":"","t":10566.0,"r":1276.0,"q":11.12,"p":55420.34,"mot":"L","mo":1276.0}]},{"d":"10.04.2017","r":11236.0,"q":13.25,"p":79463.22,"s":[{"cn":"Compra - Venta","ui":"6454604","t":3363.0,"r":3363.0,"q":15.23,"p":60000.0,"mot":"U","mo":3363.0},{"cn":"Redicson Трейд","ui":"6338247","t":7444.0,"r":5944.0,"q":12.7,"p":100000.0,"mot":"U","mo":5944.0},{"cn":"Wood_Art","ui":"6338038","t":10291.0,"r":1904.0,"q":11.48,"p":50000.0,"mot":"U","mo":1904.0},{"cn":"","ui":"","t":261.0,"r":25.0,"q":11.02,"p":58750.0,"mot":"L","mo":25.0}]},{"d":"11.04.2017","r":29453.0,"q":13.31,"p":59425.69,"s":[{"cn":"Compra - Venta","ui":"6454604","t":3922.0,"r":3922.0,"q":15.23,"p":60000.0,"mot":"U","mo":3922.0},{"cn":"Redicson Трейд","ui":"6606479","t":8000.0,"r":8000.0,"q":12.89,"p":50000.0,"mot":"U","mo":8000.0},{"cn":"Redicson Трейд","ui":"6338247","t":5944.0,"r":5444.0,"q":12.7,"p":100000.0,"mot":"U","mo":5444.0},{"cn":"Мурзик AG","ui":"6348889","t":5628.0,"r":5328.0,"q":13.5,"p":48000.0,"mot":"U","mo":5328.0},{"cn":"Мурзик AG","ui":"6395855","t":5909.0,"r":5909.0,"q":13.58,"p":48000.0,"mot":"U","mo":5909.0},{"cn":"","ui":"","t":22520.0,"r":850.0,"q":9.27,"p":36669.12,"mot":"L","mo":850.0}]},{"d":"12.04.2017","r":54563.0,"q":12.72,"p":40424.71,"s":[{"cn":"Compra - Venta","ui":"6454604","t":4480.0,"r":4480.0,"q":15.23,"p":60000.0,"mot":"U","mo":4480.0},{"cn":"Redicson Трейд","ui":"6606479","t":12909.0,"r":10868.0,"q":12.84,"p":50000.0,"mot":"U","mo":10868.0},{"cn":"Wood_Art","ui":"6338038","t":10492.0,"r":3487.0,"q":11.31,"p":50000.0,"mot":"U","mo":3487.0},{"cn":"Ткаченко Инвест","ui":"6584597","t":13058.0,"r":13058.0,"q":10.78,"p":10000.0,"mot":"U","mo":13058.0},{"cn":"Мурзик AG","ui":"6348889","t":9994.0,"r":8107.0,"q":13.5,"p":48000.0,"mot":"U","mo":8107.0},{"cn":"Мурзик AG","ui":"6395855","t":11710.0,"r":11710.0,"q":13.53,"p":48000.0,"mot":"U","mo":11710.0},{"cn":"","ui":"","t":4137.0,"r":2853.0,"q":13.35,"p":48141.45,"mot":"L","mo":2853.0}]},{"d":"13.04.2017","r":57014.0,"q":12.58,"p":49389.28,"s":[{"cn":"Compra - Venta","ui":"6454604","t":5038.0,"r":5038.0,"q":15.23,"p":60000.0,"mot":"U","mo":5038.0},{"cn":"Wood_Art","ui":"6338038","t":11975.0,"r":4976.0,"q":11.28,"p":50000.0,"mot":"U","mo":4976.0},{"cn":"Redicson Трейд","ui":"6606479","t":10868.0,"r":8827.0,"q":12.84,"p":50000.0,"mot":"U","mo":8827.0},{"cn":"Мурзик AG","ui":"6348889","t":13952.0,"r":9065.0,"q":13.5,"p":48000.0,"mot":"U","mo":9065.0},{"cn":"1","ui":"6507370","t":29146.0,"r":18781.0,"q":8.96,"p":39000.0,"mot":"L","mo":10000.0},{"cn":"Мурзик AG","ui":"6395855","t":17603.0,"r":17603.0,"q":13.51,"p":48000.0,"mot":"U","mo":17603.0},{"cn":"","ui":"","t":2253.0,"r":1505.0,"q":14.19,"p":101917.69,"mot":"L","mo":1505.0}]},{"d":"14.04.2017","r":63697.0,"q":12.48,"p":50781.15,"s":[{"cn":"Compra - Venta","ui":"6454604","t":5595.0,"r":5595.0,"q":15.23,"p":60000.0,"mot":"U","mo":5595.0},{"cn":"Wood_Art","ui":"6338038","t":17442.0,"r":14440.0,"q":11.27,"p":50000.0,"mot":"U","mo":14440.0},{"cn":"Redicson Трейд","ui":"6606479","t":8676.0,"r":6484.0,"q":12.84,"p":50000.0,"mot":"U","mo":6484.0},{"cn":"Мурзик AG","ui":"6348889","t":14878.0,"r":9277.0,"q":13.5,"p":48000.0,"mot":"U","mo":9277.0},{"cn":"1","ui":"6507370","t":32265.0,"r":16584.0,"q":9.08,"p":42000.0,"mot":"L","mo":10000.0},{"cn":"Мурзик AG","ui":"6395855","t":20488.0,"r":16488.0,"q":13.5,"p":48000.0,"mot":"U","mo":16488.0},{"cn":"","ui":"","t":1736.0,"r":1413.0,"q":17.96,"p":138702.54,"mot":"L","mo":1413.0}]},{"d":"15.04.2017","r":69299.0,"q":12.35,"p":46517.45,"s":[{"cn":"Compra - Venta","ui":"6454604","t":6157.0,"r":6157.0,"q":15.23,"p":60000.0,"mot":"U","mo":6157.0},{"cn":"Wood_Art","ui":"6338038","t":21340.0,"r":16771.0,"q":11.27,"p":40000.0,"mot":"U","mo":16771.0},{"cn":"Redicson Трейд","ui":"6606479","t":8666.0,"r":8656.0,"q":12.84,"p":50000.0,"mot":"U","mo":8656.0},{"cn":"Мурзик AG","ui":"6348889","t":15055.0,"r":9425.0,"q":13.48,"p":48000.0,"mot":"U","mo":9425.0},{"cn":"1","ui":"6507370","t":31871.0,"r":16140.0,"q":8.85,"p":42000.0,"mot":"L","mo":10000.0},{"cn":"Мурзик AG","ui":"6395855","t":22314.0,"r":18264.0,"q":13.47,"p":48000.0,"mot":"U","mo":18264.0},{"cn":"","ui":"","t":358.0,"r":26.0,"q":10.63,"p":56951.92,"mot":"L","mo":26.0}]},{"d":"16.04.2017","r":32065.0,"q":11.65,"p":48495.27,"s":[{"cn":"Compra - Venta","ui":"6454604","t":6719.0,"r":6719.0,"q":15.23,"p":60000.0,"mot":"U","mo":6719.0},{"cn":"Wood_Art","ui":"6338038","t":8447.0,"r":3868.0,"q":11.26,"p":40000.0,"mot":"U","mo":3868.0},{"cn":"Redicson Трейд","ui":"6606479","t":8656.0,"r":8646.0,"q":12.84,"p":50000.0,"mot":"U","mo":8646.0},{"cn":"1","ui":"6507370","t":28488.0,"r":12086.0,"q":8.67,"p":46000.0,"mot":"L","mo":10000.0},{"cn":"Мурзик AG","ui":"6395855","t":5909.0,"r":1859.0,"q":13.37,"p":48000.0,"mot":"U","mo":1859.0},{"cn":"","ui":"","t":7061.0,"r":973.0,"q":5.41,"p":16041.88,"mot":"L","mo":973.0}]},{"d":"17.04.2017","r":23063.0,"q":11.66,"p":64853.26,"s":[{"cn":"Compra - Venta","ui":"6454604","t":6719.0,"r":6619.0,"q":15.23,"p":60000.0,"mot":"U","mo":6619.0},{"cn":"Redicson Трейд","ui":"6338247","t":5444.0,"r":5444.0,"q":12.7,"p":100000.0,"mot":"U","mo":5444.0},{"cn":"1","ui":"6507370","t":28194.0,"r":14922.0,"q":8.58,"p":50000.0,"mot":"L","mo":10000.0},{"cn":"","ui":"","t":6984.0,"r":1000.0,"q":13.06,"p":54170.75,"mot":"L","mo":1000.0}]},{"d":"18.04.2017","r":17156.0,"q":10.49,"p":63071.16,"s":[{"cn":"Compra - Venta","ui":"6454604","t":1619.0,"r":1519.0,"q":15.23,"p":60000.0,"mot":"U","mo":1519.0},{"cn":"Redicson Трейд","ui":"6338247","t":4815.0,"r":4186.0,"q":12.7,"p":100000.0,"mot":"U","mo":4186.0},{"cn":"1","ui":"6507370","t":27847.0,"r":14574.0,"q":8.54,"p":50000.0,"mot":"L","mo":10000.0},{"cn":"Ёк-Макарёк Инвест","ui":"6492322","t":900.0,"r":900.0,"q":12.68,"p":61200.0,"mot":"U","mo":900.0},{"cn":"","ui":"","t":3786.0,"r":551.0,"q":12.37,"p":31268.15,"mot":"L","mo":551.0}]},{"d":"19.04.2017","r":10279.0,"q":11.3,"p":75566.37,"s":[{"cn":"Compra - Venta","ui":"6454604","t":1519.0,"r":1419.0,"q":15.23,"p":60000.0,"mot":"U","mo":1419.0},{"cn":"Сергеев и сыновья","ui":"6553168","t":1500.0,"r":1500.0,"q":8.54,"p":58000.0,"mot":"U","mo":1500.0},{"cn":"Redicson Трейд","ui":"6338247","t":4815.0,"r":4815.0,"q":12.7,"p":100000.0,"mot":"U","mo":4815.0},{"cn":"1","ui":"6507370","t":26138.0,"r":2285.0,"q":8.77,"p":50000.0,"mot":"L","mo":2285.0},{"cn":"","ui":"","t":741.0,"r":260.0,"q":2.15,"p":34064.42,"mot":"L","mo":260.0}]}]