[{"pi":"423162","pc":"Товары для дома","ss":100,"td":"Центр города","dc":1,"n":48.9,"vc":"более 100","sl":"Низкий","sv":"менее 50","p":232.38,"q":1.05,"b":0.0,"wi":5.89,"ei":3.83,"as":144.19,"mi":"E","mv":292537,"sc":1,"lpe":100.0,"lpr":235.21,"lq":1.0},{"pi":"423162","pc":"Товары для дома","ss":100,"td":"Центр города","dc":1,"n":48.9,"vc":"более 100","sl":"Низкий","sv":"менее 50","p":232.38,"q":1.05,"b":0.0,"wi":5.89,"ei":3.83,"as":144.19,"mi":"E","mv":292537,"sc":1,"lpe":100.0,"lpr":235.21,"lq":1.0},{"pi":"423162","pc":"Товары для дома","ss":100,"td":"Центр города","dc":1,"n":48.9,"vc":"более 100","sl":"Низкий","sv":"менее 50","p":232.38,"q":1.05,"b":0.0,"wi":5.89,"ei":3.83,"as":144.19,"mi":"E","mv":292537,"sc":1,"lpe":100.0,"lpr":235.21,"lq":1.0},{"pi":"423162","pc":"Товары для дома","ss":100,"td":"Центр города","dc":1,"n":48.9,"vc":"более 100","sl":"Низкий","sv":"менее 50","p":232.38,"q":1.05,"b":0.0,"wi":5.89,"ei":3.83,"as":144.19,"mi":"E","mv":292537,"sc":1,"lpe":100.0,"lpr":235.21,"lq":1.0},{"pi":"423162","pc":"Товары для дома","ss":100,"td":"Центр города","dc":1,"n":48.9,"vc":"более 100","sl":"Низкий","sv":"менее 50","p":232.38,"q":1.05,"b":0.0,"wi":5.89,"ei":3.83,"as":144.19,"mi":"E","mv":292537,"sc":1,"lpe":100.0,"lpr":235.21,"lq":1.0},{"pi":"423162","pc":"Товары для дома","ss":100,"td":"Центр города","dc":1,"n":48.9,"vc":"более 100","sl":"Низкий","sv":"менее 50","p":232.38,"q":1.05,"b":0.0,"wi":5.89,"ei":3.83,"as":144.19,"mi":"E","mv":292537,"sc":1,"lpe":100.0,"lpr":235.21,"lq":1.0},{"pi":"423162","pc":"Товары для дома","ss":100,"td":"Центр города","dc":1,"n":48.9,"vc":"более 100","sl":"Низкий","sv":"менее 50","p":232.38,"q":1.05,"b":0.0,"wi":5.89,"ei":3.83,"as":144.19,"mi":"E","mv":292537,"sc":1,"lpe":100.0,"lpr":235.21,"lq":1.0},{"pi":"423162","pc":"Товары для дома","ss":100,"td":"Центр города","dc":1,"n":48.9,"vc":"более 100","sl":"Низкий","sv":"менее 50","p":232.38,"q":1.05,"b":0.0,"wi":5.89,"ei":3.83,"as":144.19,"mi":"E","mv":292537,"sc":1,"lpe":100.0,"lpr":235.21,"lq":1.0},{"pi":"423162","pc":"Товары для дома","ss":100,"td":"Центр города","dc":1,"n":49.75,"vc":"около 50","sl":"Нормальный","sv":"менее 50","p":647.1,"q":1.05,"b":0.0,"wi":24.43,"ei":6.43,"as":340.0,"mi":"E","mv":62940,"sc":1,"lpe":99.99,"lpr":588.27,"lq":1.0},{"pi":"423162","pc":"Товары для дома","ss":100,"td":"Центр города","dc":1,"n":49.75,"vc":"около 50","sl":"Нормальный","sv":"менее 50","p":647.1,"q":1.05,"b":0.0,"wi":24.43,"ei":6.43,"as":340.0,"mi":"E","mv":62940,"sc":1,"lpe":99.99,"lpr":588.27,"lq":1.0},{"pi":"423162","pc":"Товары для дома","ss":100,"td":"Центр города","dc":1,"n":49.75,"vc":"около 50","sl":"Нормальный","sv":"менее 50","p":647.1,"q":1.05,"b":0.0,"wi":24.43,"ei":6.43,"as":340.0,"mi":"E","mv":62940,"sc":1,"lpe":99.99,"lpr":588.27,"lq":1.0},{"pi":"423162","pc":"Товары для дома","ss":100,"td":"Центр города","dc":1,"n":49.75,"vc":"около 50","sl":"Нормальный","sv":"менее 50","p":647.1,"q":1.05,"b":0.0,"wi":24.43,"ei":6.43,"as":340.0,"mi":"E","mv":62940,"sc":1,"lpe":99.99,"lpr":588.27,"lq":1.0},{"pi":"423162","pc":"Товары для дома","ss":100,"td":"Центр города","dc":1,"n":49.75,"vc":"около 50","sl":"Нормальный","sv":"менее 50","p":647.1,"q":1.05,"b":0.0,"wi":24.43,"ei":6.43,"as":340.0,"mi":"E","mv":62940,"sc":1,"lpe":99.99,"lpr":588.27,"lq":1.0},{"pi":"423162","pc":"Товары для дома","ss":100,"td":"Центр города","dc":1,"n":49.75,"vc":"около 50","sl":"Нормальный","sv":"менее 50","p":647.1,"q":1.05,"b":0.0,"wi":24.43,"ei":6.43,"as":340.0,"mi":"E","mv":62940,"sc":1,"lpe":99.99,"lpr":588.27,"lq":1.0},{"pi":"423162","pc":"Товары для дома","ss":100,"td":"Центр города","dc":1,"n":49.75,"vc":"около 50","sl":"Нормальный","sv":"менее 50","p":647.1,"q":1.05,"b":0.0,"wi":24.43,"ei":6.43,"as":340.0,"mi":"E","mv":62940,"sc":1,"lpe":99.99,"lpr":588.27,"lq":1.0},{"pi":"423162","pc":"Товары для дома","ss":100,"td":"Центр города","dc":1,"n":49.75,"vc":"около 50","sl":"Нормальный","sv":"менее 50","p":647.1,"q":1.05,"b":0.0,"wi":24.43,"ei":6.43,"as":340.0,"mi":"E","mv":62940,"sc":1,"lpe":99.99,"lpr":588.27,"lq":1.0},{"pi":"423162","pc":"Товары для дома","ss":100,"td":"Центр города","dc":1,"n":49.75,"vc":"около 50","sl":"Нормальный","sv":"менее 50","p":647.1,"q":1.05,"b":0.0,"wi":24.43,"ei":6.43,"as":340.0,"mi":"E","mv":62940,"sc":1,"lpe":99.99,"lpr":588.27,"lq":1.0},{"pi":"423162","pc":"Товары для дома","ss":100,"td":"Центр города","dc":1,"n":49.75,"vc":"около 50","sl":"Нормальный","sv":"менее 50","p":647.1,"q":1.05,"b":0.0,"wi":24.43,"ei":6.43,"as":340.0,"mi":"E","mv":62940,"sc":1,"lpe":99.99,"lpr":588.27,"lq":1.0},{"pi":"423162","pc":"Товары для дома","ss":100,"td":"Центр города","dc":1,"n":49.75,"vc":"около 50","sl":"Нормальный","sv":"менее 50","p":647.1,"q":1.05,"b":0.0,"wi":24.43,"ei":6.43,"as":340.0,"mi":"E","mv":62940,"sc":1,"lpe":99.99,"lpr":588.27,"lq":1.0},{"pi":"423162","pc":"Товары для дома","ss":100000,"td":"Центр города","dc":1,"n":344.89,"vc":"более 100 000","sl":"Элитный","sv":"более 1 000","p":13000.0,"q":16.16,"b":0.0,"wi":57.65,"ei":9.22,"as":590.98,"mi":"E","mv":1805813,"sc":1,"lpe":99.92,"lpr":3174.55,"lq":1.0},{"pi":"423162","pc":"Товары для дома","ss":100000,"td":"Центр города","dc":1,"n":344.89,"vc":"более 100 000","sl":"Элитный","sv":"более 1 000","p":13000.0,"q":16.16,"b":0.0,"wi":57.65,"ei":9.22,"as":590.98,"mi":"E","mv":1805813,"sc":1,"lpe":99.92,"lpr":3174.55,"lq":1.0},{"pi":"423162","pc":"Товары для дома","ss":100000,"td":"Центр города","dc":1,"n":344.89,"vc":"более 100 000","sl":"Элитный","sv":"более 1 000","p":13000.0,"q":16.16,"b":0.0,"wi":57.65,"ei":9.22,"as":590.98,"mi":"E","mv":1805813,"sc":1,"lpe":99.92,"lpr":3174.55,"lq":1.0},{"pi":"423162","pc":"Товары для дома","ss":100000,"td":"Центр города","dc":1,"n":344.89,"vc":"более 100 000","sl":"Элитный","sv":"более 1 000","p":13000.0,"q":16.16,"b":0.0,"wi":57.65,"ei":9.22,"as":590.98,"mi":"E","mv":1805813,"sc":1,"lpe":99.92,"lpr":3174.55,"lq":1.0},{"pi":"423162","pc":"Товары для дома","ss":100000,"td":"Центр города","dc":1,"n":344.89,"vc":"более 100 000","sl":"Элитный","sv":"более 1 000","p":13000.0,"q":16.16,"b":0.0,"wi":57.65,"ei":9.22,"as":590.98,"mi":"E","mv":1805813,"sc":1,"lpe":99.92,"lpr":3174.55,"lq":1.0},{"pi":"423162","pc":"Товары для дома","ss":100000,"td":"Центр города","dc":1,"n":344.89,"vc":"более 100 000","sl":"Элитный","sv":"более 1 000","p":13000.0,"q":16.16,"b":0.0,"wi":57.65,"ei":9.22,"as":590.98,"mi":"E","mv":1805813,"sc":1,"lpe":99.92,"lpr":3174.55,"lq":1.0},{"pi":"423162","pc":"Товары для дома","ss":100000,"td":"Центр города","dc":1,"n":344.89,"vc":"более 100 000","sl":"Элитный","sv":"более 1 000","p":13000.0,"q":16.16,"b":0.0,"wi":57.65,"ei":9.22,"as":590.98,"mi":"E","mv":1805813,"sc":1,"lpe":99.92,"lpr":3174.55,"lq":1.0},{"pi":"423162","pc":"Товары для дома","ss":100000,"td":"Центр города","dc":1,"n":344.89,"vc":"более 100 000","sl":"Элитный","sv":"более 1 000","p":13000.0,"q":16.16,"b":0.0,"wi":57.65,"ei":9.22,"as":590.98,"mi":"E","mv":1805813,"sc":1,"lpe":99.92,"lpr":3174.55,"lq":1.0},{"pi":"423162","pc":"Товары для дома","ss":100000,"td":"Центр города","dc":1,"n":344.89,"vc":"более 100 000","sl":"Элитный","sv":"более 1 000","p":13000.0,"q":16.16,"b":0.0,"wi":57.65,"ei":9.22,"as":590.98,"mi":"E","mv":1805813,"sc":1,"lpe":99.92,"lpr":3174.55,"lq":1.0},{"pi":"423162","pc":"Товары для дома","ss":100000,"td":"Центр города","dc":1,"n":344.89,"vc":"более 100 000","sl":"Элитный","sv":"более 1 000","p":13000.0,"q":16.16,"b":0.0,"wi":57.65,"ei":9.22,"as":590.98,"mi":"E","mv":1805813,"sc":1,"lpe":99.92,"lpr":3174.55,"lq":1.0},{"pi":"423162","pc":"Товары для дома","ss":100000,"td":"Центр города","dc":1,"n":344.89,"vc":"более 100 000","sl":"Элитный","sv":"более 1 000","p":13000.0,"q":16.16,"b":0.0,"wi":57.65,"ei":9.22,"as":590.98,"mi":"E","mv":1805813,"sc":1,"lpe":99.92,"lpr":3174.55,"lq":1.0},{"pi":"423162","pc":"Товары для дома","ss":100000,"td":"Центр города","dc":1,"n":344.89,"vc":"более 100 000","sl":"Элитный","sv":"более 1 000","p":13000.0,"q":16.16,"b":0.0,"wi":57.65,"ei":9.22,"as":590.98,"mi":"E","mv":1805813,"sc":1,"lpe":99.92,"lpr":3174.55,"lq":1.0},{"pi":"423162","pc":"Товары для дома","ss":100000,"td":"Центр города","dc":1,"n":344.89,"vc":"более 100 000","sl":"Элитный","sv":"более 1 000","p":13000.0,"q":16.16,"b":0.0,"wi":57.65,"ei":9.22,"as":590.98,"mi":"E","mv":1805813,"sc":1,"lpe":99.92,"lpr":3174.55,"lq":1.0},{"pi":"423162","pc":"Товары для дома","ss":100,"td":"Центр города","dc":1,"n":49.88,"vc":"около 50","sl":"Нормальный","sv":"менее 50","p":837.45,"q":1.05,"b":0.0,"wi":19.23,"ei":5.5,"as":355.27,"mi":"E","mv":41846,"sc":1,"lpe":99.98,"lpr":753.71,"lq":1.0},{"pi":"423162","pc":"Товары для дома","ss":100,"td":"Центр города","dc":1,"n":49.88,"vc":"около 50","sl":"Нормальный","sv":"менее 50","p":837.45,"q":1.05,"b":0.0,"wi":19.23,"ei":5.5,"as":355.27,"mi":"E","mv":41846,"sc":1,"lpe":99.98,"lpr":753.71,"lq":1.0},{"pi":"423162","pc":"Товары для дома","ss":100,"td":"Центр города","dc":1,"n":49.88,"vc":"около 50","sl":"Нормальный","sv":"менее 50","p":837.45,"q":1.05,"b":0.0,"wi":19.23,"ei":5.5,"as":355.27,"mi":"E","mv":41846,"sc":1,"lpe":99.98,"lpr":753.71,"lq":1.0},{"pi":"423162","pc":"Товары для дома","ss":100,"td":"Центр города","dc":1,"n":49.88,"vc":"около 50","sl":"Нормальный","sv":"менее 50","p":837.45,"q":1.05,"b":0.0,"wi":19.23,"ei":5.5,"as":355.27,"mi":"E","mv":41846,"sc":1,"lpe":99.98,"lpr":753.71,"lq":1.0},{"pi":"423162","pc":"Товары для дома","ss":100,"td":"Центр города","dc":1,"n":49.88,"vc":"около 50","sl":"Нормальный","sv":"менее 50","p":837.45,"q":1.05,"b":0.0,"wi":19.23,"ei":5.5,"as":355.27,"mi":"E","mv":41846,"sc":1,"lpe":99.98,"lpr":753.71,"lq":1.0},{"pi":"423162","pc":"Товары для дома","ss":100,"td":"Центр города","dc":1,"n":49.88,"vc":"около 50","sl":"Нормальный","sv":"менее 50","p":837.45,"q":1.05,"b":0.0,"wi":19.23,"ei":5.5,"as":355.27,"mi":"E","mv":41846,"sc":1,"lpe":99.98,"lpr":753.71,"lq":1.0},{"pi":"423162","pc":"Товары для дома","ss":100,"td":"Центр города","dc":1,"n":49.88,"vc":"около 50","sl":"Нормальный","sv":"менее 50","p":837.45,"q":1.05,"b":0.0,"wi":19.23,"ei":5.5,"as":355.27,"mi":"E","mv":41846,"sc":1,"lpe":99.98,"lpr":753.71,"lq":1.0},{"pi":"423162","pc":"Товары для дома","ss":100,"td":"Центр города","dc":1,"n":49.88,"vc":"около 50","sl":"Нормальный","sv":"менее 50","p":837.45,"q":1.05,"b":0.0,"wi":19.23,"ei":5.5,"as":355.27,"mi":"E","mv":41846,"sc":1,"lpe":99.98,"lpr":753.71,"lq":1.0},{"pi":"423162","pc":"Товары для дома","ss":100,"td":"Центр города","dc":1,"n":49.88,"vc":"около 50","sl":"Нормальный","sv":"менее 50","p":837.45,"q":1.05,"b":0.0,"wi":19.23,"ei":5.5,"as":355.27,"mi":"E","mv":41846,"sc":1,"lpe":99.98,"lpr":753.71,"lq":1.0},{"pi":"423162","pc":"Товары для дома","ss":100,"td":"Центр города","dc":1,"n":49.88,"vc":"около 50","sl":"Нормальный","sv":"менее 50","p":837.45,"q":1.05,"b":0.0,"wi":19.23,"ei":5.5,"as":355.27,"mi":"E","mv":41846,"sc":1,"lpe":99.98,"lpr":753.71,"lq":1.0},{"pi":"423162","pc":"Товары для дома","ss":100,"td":"Центр города","dc":1,"n":49.88,"vc":"около 50","sl":"Нормальный","sv":"менее 50","p":837.45,"q":1.05,"b":0.0,"wi":19.23,"ei":5.5,"as":355.27,"mi":"E","mv":41846,"sc":1,"lpe":99.98,"lpr":753.71,"lq":1.0},{"pi":"423162","pc":"Товары для дома","ss":100,"td":"Центр города","dc":1,"n":49.88,"vc":"около 50","sl":"Нормальный","sv":"менее 50","p":837.45,"q":1.05,"b":0.0,"wi":19.23,"ei":5.5,"as":355.27,"mi":"E","mv":41846,"sc":1,"lpe":99.98,"lpr":753.71,"lq":1.0},{"pi":"423162","pc":"Товары для дома","ss":100,"td":"Центр города","dc":1,"n":49.88,"vc":"около 50","sl":"Нормальный","sv":"менее 50","p":837.45,"q":1.05,"b":0.0,"wi":19.23,"ei":5.5,"as":355.27,"mi":"E","mv":41846,"sc":1,"lpe":99.98,"lpr":753.71,"lq":1.0},{"pi":"423162","pc":"Товары для дома","ss":100,"td":"Центр города","dc":1,"n":49.88,"vc":"около 50","sl":"Нормальный","sv":"менее 50","p":837.45,"q":1.05,"b":0.0,"wi":19.23,"ei":5.5,"as":355.27,"mi":"E","mv":41846,"sc":1,"lpe":99.98,"lpr":753.71,"lq":1.0},{"pi":"423162","pc":"Товары для дома","ss":100,"td":"Центр города","dc":1,"n":49.88,"vc":"около 50","sl":"Нормальный","sv":"менее 50","p":837.45,"q":1.05,"b":0.0,"wi":19.23,"ei":5.5,"as":355.27,"mi":"E","mv":41846,"sc":1,"lpe":99.98,"lpr":753.71,"lq":1.0},{"pi":"423162","pc":"Товары для дома","ss":100,"td":"Центр города","dc":1,"n":49.88,"vc":"около 50","sl":"Нормальный","sv":"менее 50","p":837.45,"q":1.05,"b":0.0,"wi":19.23,"ei":5.5,"as":355.27,"mi":"E","mv":41846,"sc":1,"lpe":99.98,"lpr":753.71,"lq":1.0},{"pi":"423162","pc":"Товары для дома","ss":100,"td":"Центр города","dc":1,"n":49.88,"vc":"около 50","sl":"Нормальный","sv":"менее 50","p":837.45,"q":1.05,"b":0.0,"wi":19.23,"ei":5.5,"as":355.27,"mi":"E","mv":41846,"sc":1,"lpe":99.98,"lpr":753.71,"lq":1.0},{"pi":"423162","pc":"Товары для дома","ss":100,"td":"Центр города","dc":1,"n":49.88,"vc":"около 50","sl":"Нормальный","sv":"менее 50","p":837.45,"q":1.05,"b":0.0,"wi":19.23,"ei":5.5,"as":355.27,"mi":"E","mv":41846,"sc":1,"lpe":99.98,"lpr":753.71,"lq":1.0},{"pi":"423162","pc":"Товары для дома","ss":100,"td":"Центр города","dc":1,"n":49.88,"vc":"около 50","sl":"Нормальный","sv":"менее 50","p":837.45,"q":1.05,"b":0.0,"wi":19.23,"ei":5.5,"as":355.27,"mi":"E","mv":41846,"sc":1,"lpe":99.98,"lpr":753.71,"lq":1.0},{"pi":"423162","pc":"Товары для дома","ss":100,"td":"Центр города","dc":1,"n":49.88,"vc":"около 50","sl":"Нормальный","sv":"менее 50","p":837.45,"q":1.05,"b":0.0,"wi":19.23,"ei":5.5,"as":355.27,"mi":"E","mv":41846,"sc":1,"lpe":99.98,"lpr":753.71,"lq":1.0},{"pi":"423162","pc":"Товары для дома","ss":100,"td":"Центр города","dc":1,"n":49.88,"vc":"около 50","sl":"Нормальный","sv":"менее 50","p":837.45,"q":1.05,"b":0.0,"wi":19.23,"ei":5.5,"as":355.27,"mi":"E","mv":41846,"sc":1,"lpe":99.98,"lpr":753.71,"lq":1.0},{"pi":"423162","pc":"Товары для дома","ss":10000,"td":"Центр города","dc":2,"n":707.28,"vc":"более 20 000","sl":"Высокий","sv":"более 100","p":52623.18,"q":9.91,"b":0.0,"wi":145.67,"ei":10.29,"as":3216.23,"mi":"E","mv":885,"sc":1,"lpe":87.91,"lpr":14448.14,"lq":1.01},{"pi":"423162","pc":"Товары для дома","ss":10000,"td":"Центр города","dc":2,"n":707.28,"vc":"более 20 000","sl":"Высокий","sv":"более 100","p":52623.18,"q":9.91,"b":0.0,"wi":145.67,"ei":10.29,"as":3216.23,"mi":"E","mv":885,"sc":1,"lpe":87.91,"lpr":14448.14,"lq":1.01},{"pi":"423162","pc":"Товары для дома","ss":10000,"td":"Центр города","dc":2,"n":707.28,"vc":"более 20 000","sl":"Высокий","sv":"более 100","p":52623.18,"q":9.91,"b":0.0,"wi":145.67,"ei":10.29,"as":3216.23,"mi":"E","mv":885,"sc":1,"lpe":87.91,"lpr":14448.14,"lq":1.01},{"pi":"423162","pc":"Товары для дома","ss":10000,"td":"Центр города","dc":2,"n":707.28,"vc":"более 20 000","sl":"Высокий","sv":"более 100","p":52623.18,"q":9.91,"b":0.0,"wi":145.67,"ei":10.29,"as":3216.23,"mi":"E","mv":885,"sc":1,"lpe":87.91,"lpr":14448.14,"lq":1.01},{"pi":"423162","pc":"Товары для дома","ss":10000,"td":"Центр города","dc":2,"n":707.28,"vc":"более 20 000","sl":"Высокий","sv":"более 100","p":52623.18,"q":9.91,"b":0.0,"wi":145.67,"ei":10.29,"as":3216.23,"mi":"E","mv":885,"sc":1,"lpe":87.91,"lpr":14448.14,"lq":1.01},{"pi":"423162","pc":"Товары для дома","ss":10000,"td":"Центр города","dc":2,"n":707.28,"vc":"более 20 000","sl":"Высокий","sv":"более 100","p":52623.18,"q":9.91,"b":0.0,"wi":145.67,"ei":10.29,"as":3216.23,"mi":"E","mv":885,"sc":1,"lpe":87.91,"lpr":14448.14,"lq":1.01},{"pi":"423162","pc":"Товары для дома","ss":10000,"td":"Центр города","dc":2,"n":707.28,"vc":"более 20 000","sl":"Высокий","sv":"более 100","p":52623.18,"q":9.91,"b":0.0,"wi":145.67,"ei":10.29,"as":3216.23,"mi":"E","mv":885,"sc":1,"lpe":87.91,"lpr":14448.14,"lq":1.01},{"pi":"423162","pc":"Товары для дома","ss":10000,"td":"Центр города","dc":2,"n":707.28,"vc":"более 20 000","sl":"Высокий","sv":"более 100","p":52623.18,"q":9.91,"b":0.0,"wi":145.67,"ei":10.29,"as":3216.23,"mi":"E","mv":885,"sc":1,"lpe":87.91,"lpr":14448.14,"lq":1.01},{"pi":"423162","pc":"Товары для дома","ss":10000,"td":"Центр города","dc":2,"n":707.28,"vc":"более 20 000","sl":"Высокий","sv":"более 100","p":52623.18,"q":9.91,"b":0.0,"wi":145.67,"ei":10.29,"as":3216.23,"mi":"E","mv":885,"sc":1,"lpe":87.91,"lpr":14448.14,"lq":1.01},{"pi":"423162","pc":"Товары для дома","ss":10000,"td":"Центр города","dc":2,"n":707.28,"vc":"более 20 000","sl":"Высокий","sv":"более 100","p":52623.18,"q":9.91,"b":0.0,"wi":145.67,"ei":10.29,"as":3216.23,"mi":"E","mv":885,"sc":1,"lpe":87.91,"lpr":14448.14,"lq":1.01},{"pi":"423162","pc":"Товары для дома","ss":10000,"td":"Центр города","dc":2,"n":707.28,"vc":"более 20 000","sl":"Высокий","sv":"более 100","p":52623.18,"q":9.91,"b":0.0,"wi":145.67,"ei":10.29,"as":3216.23,"mi":"E","mv":885,"sc":1,"lpe":87.91,"lpr":14448.14,"lq":1.01},{"pi":"423162","pc":"Товары для дома","ss":10000,"td":"Центр города","dc":2,"n":707.28,"vc":"более 20 000","sl":"Высокий","sv":"более 100","p":52623.18,"q":9.91,"b":0.0,"wi":145.67,"ei":10.29,"as":3216.23,"mi":"E","mv":885,"sc":1,"lpe":87.91,"lpr":14448.14,"lq":1.01},{"pi":"423162","pc":"Товары для дома","ss":10000,"td":"Центр города","dc":2,"n":707.28,"vc":"более 20 000","sl":"Высокий","sv":"более 100","p":52623.18,"q":9.91,"b":0.0,"wi":145.67,"ei":10.29,"as":3216.23,"mi":"E","mv":885,"sc":1,"lpe":87.91,"lpr":14448.14,"lq":1.01},{"pi":"423162","pc":"Товары для дома","ss":10000,"td":"Центр города","dc":2,"n":707.28,"vc":"более 20 000","sl":"Высокий","sv":"более 100","p":52623.18,"q":9.91,"b":0.0,"wi":145.67,"ei":10.29,"as":3216.23,"mi":"E","mv":885,"sc":1,"lpe":87.91,"lpr":14448.14,"lq":1.01},{"pi":"423162","pc":"Товары для дома","ss":10000,"td":"Центр города","dc":2,"n":707.28,"vc":"более 20 000","sl":"Высокий","sv":"более 100","p":52623.18,"q":9.91,"b":0.0,"wi":145.67,"ei":10.29,"as":3216.23,"mi":"E","mv":885,"sc":1,"lpe":87.91,"lpr":14448.14,"lq":1.01},{"pi":"423162","pc":"Товары для дома","ss":10000,"td":"Центр города","dc":2,"n":707.28,"vc":"более 20 000","sl":"Высокий","sv":"более 100","p":52623.18,"q":9.91,"b":0.0,"wi":145.67,"ei":10.29,"as":3216.23,"mi":"E","mv":885,"sc":1,"lpe":87.91,"lpr":14448.14,"lq":1.01},{"pi":"423162","pc":"Товары для дома","ss":10000,"td":"Центр города","dc":2,"n":707.28,"vc":"более 20 000","sl":"Высокий","sv":"более 100","p":52623.18,"q":9.91,"b":0.0,"wi":145.67,"ei":10.29,"as":3216.23,"mi":"E","mv":885,"sc":1,"lpe":87.91,"lpr":14448.14,"lq":1.01},{"pi":"423162","pc":"Товары для дома","ss":10000,"td":"Центр города","dc":2,"n":707.28,"vc":"более 20 000","sl":"Высокий","sv":"более 100","p":52623.18,"q":9.91,"b":0.0,"wi":145.67,"ei":10.29,"as":3216.23,"mi":"E","mv":885,"sc":1,"lpe":87.91,"lpr":14448.14,"lq":1.01},{"pi":"423162","pc":"Товары для дома","ss":10000,"td":"Центр города","dc":2,"n":707.28,"vc":"более 20 000","sl":"Высокий","sv":"более 100","p":52623.18,"q":9.91,"b":0.0,"wi":145.67,"ei":10.29,"as":3216.23,"mi":"E","mv":885,"sc":1,"lpe":87.91,"lpr":14448.14,"lq":1.01},{"pi":"423162","pc":"Товары для дома","ss":100000,"td":"Центр города","dc":1,"n":475.37,"vc":"около 500 000","sl":"Элитный","sv":"менее 50","p":8000.0,"q":14.01,"b":0.0,"wi":24.41,"ei":7.69,"as":305.67,"mi":"E","mv":227379,"sc":1,"lpe":100.0,"lpr":830.17,"lq":1.0},{"pi":"423162","pc":"Товары для дома","ss":100000,"td":"Центр города","dc":1,"n":475.37,"vc":"около 500 000","sl":"Элитный","sv":"менее 50","p":8000.0,"q":14.01,"b":0.0,"wi":24.41,"ei":7.69,"as":305.67,"mi":"E","mv":227379,"sc":1,"lpe":100.0,"lpr":830.17,"lq":1.0},{"pi":"423162","pc":"Товары для дома","ss":100000,"td":"Центр города","dc":1,"n":475.37,"vc":"около 500 000","sl":"Элитный","sv":"менее 50","p":8000.0,"q":14.01,"b":0.0,"wi":24.41,"ei":7.69,"as":305.67,"mi":"E","mv":227379,"sc":1,"lpe":100.0,"lpr":830.17,"lq":1.0},{"pi":"423162","pc":"Товары для дома","ss":100000,"td":"Центр города","dc":1,"n":475.37,"vc":"около 500 000","sl":"Элитный","sv":"менее 50","p":8000.0,"q":14.01,"b":0.0,"wi":24.41,"ei":7.69,"as":305.67,"mi":"E","mv":227379,"sc":1,"lpe":100.0,"lpr":830.17,"lq":1.0},{"pi":"423162","pc":"Товары для дома","ss":100000,"td":"Центр города","dc":1,"n":475.37,"vc":"около 500 000","sl":"Элитный","sv":"менее 50","p":8000.0,"q":14.01,"b":0.0,"wi":24.41,"ei":7.69,"as":305.67,"mi":"E","mv":227379,"sc":1,"lpe":100.0,"lpr":830.17,"lq":1.0},{"pi":"423162","pc":"Товары для дома","ss":100000,"td":"Центр города","dc":1,"n":475.37,"vc":"около 500 000","sl":"Элитный","sv":"менее 50","p":8000.0,"q":14.01,"b":0.0,"wi":24.41,"ei":7.69,"as":305.67,"mi":"E","mv":227379,"sc":1,"lpe":100.0,"lpr":830.17,"lq":1.0},{"pi":"423162","pc":"Товары для дома","ss":100000,"td":"Центр города","dc":1,"n":475.37,"vc":"около 500 000","sl":"Элитный","sv":"менее 50","p":8000.0,"q":14.01,"b":0.0,"wi":24.41,"ei":7.69,"as":305.67,"mi":"E","mv":227379,"sc":1,"lpe":100.0,"lpr":830.17,"lq":1.0},{"pi":"423162","pc":"Товары для дома","ss":100000,"td":"Центр города","dc":1,"n":475.37,"vc":"около 500 000","sl":"Элитный","sv":"менее 50","p":8000.0,"q":14.01,"b":0.0,"wi":24.41,"ei":7.69,"as":305.67,"mi":"E","mv":227379,"sc":1,"lpe":100.0,"lpr":830.17,"lq":1.0},{"pi":"423162","pc":"Товары для дома","ss":100000,"td":"Центр города","dc":1,"n":475.37,"vc":"около 500 000","sl":"Элитный","sv":"менее 50","p":8000.0,"q":14.01,"b":0.0,"wi":24.41,"ei":7.69,"as":305.67,"mi":"E","mv":227379,"sc":1,"lpe":100.0,"lpr":830.17,"lq":1.0},{"pi":"423162","pc":"Товары для дома","ss":100000,"td":"Центр города","dc":1,"n":475.37,"vc":"около 500 000","sl":"Элитный","sv":"менее 50","p":8000.0,"q":14.01,"b":0.0,"wi":24.41,"ei":7.69,"as":305.67,"mi":"E","mv":227379,"sc":1,"lpe":100.0,"lpr":830.17,"lq":1.0},{"pi":"423162","pc":"Товары для дома","ss":100000,"td":"Центр города","dc":1,"n":475.37,"vc":"около 500 000","sl":"Элитный","sv":"менее 50","p":8000.0,"q":14.01,"b":0.0,"wi":24.41,"ei":7.69,"as":305.67,"mi":"E","mv":227379,"sc":1,"lpe":100.0,"lpr":830.17,"lq":1.0},{"pi":"423162","pc":"Товары для дома","ss":100000,"td":"Центр города","dc":1,"n":475.37,"vc":"около 500 000","sl":"Элитный","sv":"менее 50","p":8000.0,"q":14.01,"b":0.0,"wi":24.41,"ei":7.69,"as":305.67,"mi":"E","mv":227379,"sc":1,"lpe":100.0,"lpr":830.17,"lq":1.0},{"pi":"423162","pc":"Товары для дома","ss":100000,"td":"Центр города","dc":1,"n":475.37,"vc":"около 500 000","sl":"Элитный","sv":"менее 50","p":8000.0,"q":14.01,"b":0.0,"wi":24.41,"ei":7.69,"as":305.67,"mi":"E","mv":227379,"sc":1,"lpe":100.0,"lpr":830.17,"lq":1.0},{"pi":"423162","pc":"Товары для дома","ss":100000,"td":"Центр города","dc":1,"n":475.37,"vc":"около 500 000","sl":"Элитный","sv":"менее 50","p":8000.0,"q":14.01,"b":0.0,"wi":24.41,"ei":7.69,"as":305.67,"mi":"E","mv":227379,"sc":1,"lpe":100.0,"lpr":830.17,"lq":1.0},{"pi":"423162","pc":"Товары для дома","ss":100000,"td":"Центр города","dc":1,"n":475.37,"vc":"около 500 000","sl":"Элитный","sv":"менее 50","p":8000.0,"q":14.01,"b":0.0,"wi":24.41,"ei":7.69,"as":305.67,"mi":"E","mv":227379,"sc":1,"lpe":100.0,"lpr":830.17,"lq":1.0},{"pi":"423162","pc":"Товары для дома","ss":100000,"td":"Центр города","dc":1,"n":475.37,"vc":"около 500 000","sl":"Элитный","sv":"менее 50","p":8000.0,"q":14.01,"b":0.0,"wi":24.41,"ei":7.69,"as":305.67,"mi":"E","mv":227379,"sc":1,"lpe":100.0,"lpr":830.17,"lq":1.0},{"pi":"423162","pc":"Товары для дома","ss":10000,"td":"Центр города","dc":1,"n":376.65,"vc":"более 10 000","sl":"Элитный","sv":"около 5 000","p":2622.0,"q":3.81,"b":0.0,"wi":23.3,"ei":7.94,"as":377.59,"mi":"E","mv":326458,"sc":1,"lpe":98.83,"lpr":1177.15,"lq":1.0},{"pi":"423162","pc":"Товары для дома","ss":10000,"td":"Центр города","dc":1,"n":376.65,"vc":"более 10 000","sl":"Элитный","sv":"около 5 000","p":2622.0,"q":3.81,"b":0.0,"wi":23.3,"ei":7.94,"as":377.59,"mi":"E","mv":326458,"sc":1,"lpe":98.83,"lpr":1177.15,"lq":1.0},{"pi":"423162","pc":"Товары для дома","ss":10000,"td":"Центр города","dc":1,"n":376.65,"vc":"более 10 000","sl":"Элитный","sv":"около 5 000","p":2622.0,"q":3.81,"b":0.0,"wi":23.3,"ei":7.94,"as":377.59,"mi":"E","mv":326458,"sc":1,"lpe":98.83,"lpr":1177.15,"lq":1.0},{"pi":"423162","pc":"Товары для дома","ss":10000,"td":"Центр города","dc":1,"n":376.65,"vc":"более 10 000","sl":"Элитный","sv":"около 5 000","p":2622.0,"q":3.81,"b":0.0,"wi":23.3,"ei":7.94,"as":377.59,"mi":"E","mv":326458,"sc":1,"lpe":98.83,"lpr":1177.15,"lq":1.0},{"pi":"423162","pc":"Товары для дома","ss":100,"td":"Центр города","dc":1,"n":49.88,"vc":"более 100","sl":"Низкий","sv":"менее 50","p":125.6,"q":1.05,"b":0.0,"wi":5.1,"ei":2.18,"as":87.57,"mi":"E","mv":369426,"sc":2,"lpe":100.0,"lpr":115.55,"lq":1.0},{"pi":"423162","pc":"Товары для дома","ss":100,"td":"Центр города","dc":1,"n":49.88,"vc":"более 100","sl":"Низкий","sv":"менее 50","p":125.6,"q":1.05,"b":0.0,"wi":5.1,"ei":2.18,"as":87.57,"mi":"E","mv":369426,"sc":2,"lpe":100.0,"lpr":115.55,"lq":1.0},{"pi":"423162","pc":"Товары для дома","ss":100,"td":"Центр города","dc":1,"n":49.88,"vc":"более 100","sl":"Низкий","sv":"менее 50","p":125.6,"q":1.05,"b":0.0,"wi":5.1,"ei":2.18,"as":87.57,"mi":"E","mv":369426,"sc":2,"lpe":100.0,"lpr":115.55,"lq":1.0},{"pi":"423162","pc":"Товары для дома","ss":100,"td":"Центр города","dc":1,"n":49.88,"vc":"более 100","sl":"Низкий","sv":"менее 50","p":125.6,"q":1.05,"b":0.0,"wi":5.1,"ei":2.18,"as":87.57,"mi":"E","mv":369426,"sc":2,"lpe":100.0,"lpr":115.55,"lq":1.0},{"pi":"423162","pc":"Товары для дома","ss":100,"td":"Центр города","dc":1,"n":49.88,"vc":"более 100","sl":"Низкий","sv":"менее 50","p":125.6,"q":1.05,"b":0.0,"wi":5.1,"ei":2.18,"as":87.57,"mi":"E","mv":369426,"sc":2,"lpe":100.0,"lpr":115.55,"lq":1.0},{"pi":"423162","pc":"Товары для дома","ss":100,"td":"Центр города","dc":1,"n":49.88,"vc":"более 100","sl":"Низкий","sv":"менее 50","p":125.6,"q":1.05,"b":0.0,"wi":5.1,"ei":2.18,"as":87.57,"mi":"E","mv":369426,"sc":2,"lpe":100.0,"lpr":115.55,"lq":1.0},{"pi":"423162","pc":"Товары для дома","ss":100,"td":"Центр города","dc":1,"n":49.88,"vc":"более 100","sl":"Низкий","sv":"менее 50","p":125.6,"q":1.05,"b":0.0,"wi":5.1,"ei":2.18,"as":87.57,"mi":"E","mv":369426,"sc":2,"lpe":100.0,"lpr":115.55,"lq":1.0},{"pi":"423162","pc":"Товары для дома","ss":100,"td":"Центр города","dc":1,"n":49.88,"vc":"более 100","sl":"Низкий","sv":"менее 50","p":125.6,"q":1.05,"b":0.0,"wi":5.1,"ei":2.18,"as":87.57,"mi":"E","mv":369426,"sc":2,"lpe":100.0,"lpr":115.55,"lq":1.0},{"pi":"423162","pc":"Товары для дома","ss":100,"td":"Центр города","dc":1,"n":49.88,"vc":"более 100","sl":"Низкий","sv":"менее 50","p":125.6,"q":1.05,"b":0.0,"wi":5.1,"ei":2.18,"as":87.57,"mi":"E","mv":369426,"sc":2,"lpe":100.0,"lpr":115.55,"lq":1.0},{"pi":"423162","pc":"Товары для дома","ss":100,"td":"Центр города","dc":1,"n":49.14,"vc":"более 100","sl":"Низкий","sv":"менее 50","p":116.92,"q":1.05,"b":0.0,"wi":5.1,"ei":2.18,"as":87.57,"mi":"E","mv":369426,"sc":2,"lpe":100.0,"lpr":115.55,"lq":1.0},{"pi":"423162","pc":"Товары для дома","ss":100,"td":"Центр города","dc":1,"n":49.88,"vc":"более 100","sl":"Низкий","sv":"менее 50","p":125.6,"q":1.05,"b":0.0,"wi":5.1,"ei":2.18,"as":87.57,"mi":"E","mv":369426,"sc":2,"lpe":100.0,"lpr":115.55,"lq":1.0},{"pi":"423162","pc":"Товары для дома","ss":100,"td":"Центр города","dc":1,"n":49.88,"vc":"более 100","sl":"Низкий","sv":"менее 50","p":125.6,"q":1.05,"b":0.0,"wi":5.1,"ei":2.18,"as":87.57,"mi":"E","mv":369426,"sc":2,"lpe":100.0,"lpr":115.55,"lq":1.0},{"pi":"423162","pc":"Товары для дома","ss":100,"td":"Центр города","dc":1,"n":49.14,"vc":"более 100","sl":"Низкий","sv":"менее 50","p":116.92,"q":1.05,"b":0.0,"wi":5.1,"ei":2.18,"as":87.57,"mi":"E","mv":369426,"sc":2,"lpe":100.0,"lpr":115.55,"lq":1.0},{"pi":"423162","pc":"Товары для дома","ss":100,"td":"Центр города","dc":1,"n":49.88,"vc":"более 100","sl":"Низкий","sv":"менее 50","p":125.6,"q":1.05,"b":0.0,"wi":5.1,"ei":2.18,"as":87.57,"mi":"E","mv":369426,"sc":2,"lpe":100.0,"lpr":115.55,"lq":1.0},{"pi":"423162","pc":"Товары для дома","ss":100,"td":"Центр города","dc":1,"n":49.88,"vc":"более 100","sl":"Низкий","sv":"менее 50","p":125.6,"q":1.05,"b":0.0,"wi":5.1,"ei":2.18,"as":87.57,"mi":"E","mv":369426,"sc":2,"lpe":100.0,"lpr":115.55,"lq":1.0},{"pi":"423162","pc":"Товары для дома","ss":100,"td":"Центр города","dc":1,"n":49.88,"vc":"более 100","sl":"Низкий","sv":"менее 50","p":125.6,"q":1.05,"b":0.0,"wi":5.1,"ei":2.18,"as":87.57,"mi":"E","mv":369426,"sc":2,"lpe":100.0,"lpr":115.55,"lq":1.0},{"pi":"423162","pc":"Товары для дома","ss":100,"td":"Центр города","dc":1,"n":49.88,"vc":"более 100","sl":"Низкий","sv":"менее 50","p":125.6,"q":1.05,"b":0.0,"wi":5.1,"ei":2.18,"as":87.57,"mi":"E","mv":369426,"sc":2,"lpe":100.0,"lpr":115.55,"lq":1.0},{"pi":"423162","pc":"Товары для дома","ss":100,"td":"Центр города","dc":1,"n":49.14,"vc":"более 100","sl":"Низкий","sv":"менее 50","p":116.92,"q":1.05,"b":0.0,"wi":5.1,"ei":2.18,"as":87.57,"mi":"E","mv":369426,"sc":2,"lpe":100.0,"lpr":115.55,"lq":1.0},{"pi":"423162","pc":"Товары для дома","ss":100,"td":"Центр города","dc":1,"n":49.88,"vc":"более 100","sl":"Низкий","sv":"менее 50","p":125.6,"q":1.05,"b":0.0,"wi":5.1,"ei":2.18,"as":87.57,"mi":"E","mv":369426,"sc":2,"lpe":100.0,"lpr":115.55,"lq":1.0},{"pi":"423162","pc":"Товары для дома","ss":100,"td":"Центр города","dc":1,"n":49.88,"vc":"более 100","sl":"Низкий","sv":"менее 50","p":125.6,"q":1.05,"b":0.0,"wi":5.1,"ei":2.18,"as":87.57,"mi":"E","mv":369426,"sc":2,"lpe":100.0,"lpr":115.55,"lq":1.0},{"pi":"423162","pc":"Товары для дома","ss":100,"td":"Центр города","dc":1,"n":49.88,"vc":"более 100","sl":"Низкий","sv":"менее 50","p":125.6,"q":1.05,"b":0.0,"wi":5.1,"ei":2.18,"as":87.57,"mi":"E","mv":369426,"sc":2,"lpe":100.0,"lpr":115.55,"lq":1.0},{"pi":"423162","pc":"Товары для дома","ss":100000,"td":"Фешенебельный район","dc":2,"n":635.54,"vc":"более 100 000","sl":"Элитный","sv":"около 300","p":10808.0,"q":9.92,"b":0.0,"wi":48.81,"ei":7.49,"as":1206.5,"mi":"E","mv":166110,"sc":1,"lpe":99.82,"lpr":2311.93,"lq":1.0},{"pi":"423162","pc":"Товары для дома","ss":100000,"td":"Фешенебельный район","dc":2,"n":635.54,"vc":"более 100 000","sl":"Элитный","sv":"около 300","p":10808.0,"q":9.92,"b":0.0,"wi":48.81,"ei":7.49,"as":1206.5,"mi":"E","mv":166110,"sc":1,"lpe":99.82,"lpr":2311.93,"lq":1.0},{"pi":"423162","pc":"Товары для дома","ss":100000,"td":"Фешенебельный район","dc":2,"n":635.54,"vc":"более 100 000","sl":"Элитный","sv":"около 300","p":10808.0,"q":9.92,"b":0.0,"wi":48.81,"ei":7.49,"as":1206.5,"mi":"E","mv":166110,"sc":1,"lpe":99.82,"lpr":2311.93,"lq":1.0},{"pi":"423162","pc":"Товары для дома","ss":100000,"td":"Фешенебельный район","dc":2,"n":635.54,"vc":"более 100 000","sl":"Элитный","sv":"около 300","p":10808.0,"q":9.92,"b":0.0,"wi":48.81,"ei":7.49,"as":1206.5,"mi":"E","mv":166110,"sc":1,"lpe":99.82,"lpr":2311.93,"lq":1.0},{"pi":"423162","pc":"Товары для дома","ss":100000,"td":"Фешенебельный район","dc":2,"n":635.54,"vc":"более 100 000","sl":"Элитный","sv":"около 300","p":10808.0,"q":9.92,"b":0.0,"wi":48.81,"ei":7.49,"as":1206.5,"mi":"E","mv":166110,"sc":1,"lpe":99.82,"lpr":2311.93,"lq":1.0},{"pi":"423162","pc":"Товары для дома","ss":100000,"td":"Фешенебельный район","dc":2,"n":635.54,"vc":"более 100 000","sl":"Элитный","sv":"около 300","p":10808.0,"q":9.92,"b":0.0,"wi":48.81,"ei":7.49,"as":1206.5,"mi":"E","mv":166110,"sc":1,"lpe":99.82,"lpr":2311.93,"lq":1.0},{"pi":"423162","pc":"Товары для дома","ss":100000,"td":"Фешенебельный район","dc":2,"n":635.54,"vc":"более 100 000","sl":"Элитный","sv":"около 300","p":10808.0,"q":9.92,"b":0.0,"wi":48.81,"ei":7.49,"as":1206.5,"mi":"E","mv":166110,"sc":1,"lpe":99.82,"lpr":2311.93,"lq":1.0},{"pi":"423162","pc":"Товары для дома","ss":100000,"td":"Фешенебельный район","dc":2,"n":635.54,"vc":"более 100 000","sl":"Элитный","sv":"около 300","p":10808.0,"q":9.92,"b":0.0,"wi":48.81,"ei":7.49,"as":1206.5,"mi":"E","mv":166110,"sc":1,"lpe":99.82,"lpr":2311.93,"lq":1.0},{"pi":"423162","pc":"Товары для дома","ss":100000,"td":"Фешенебельный район","dc":2,"n":635.54,"vc":"более 100 000","sl":"Элитный","sv":"около 300","p":10808.0,"q":9.92,"b":0.0,"wi":48.81,"ei":7.49,"as":1206.5,"mi":"E","mv":166110,"sc":1,"lpe":99.82,"lpr":2311.93,"lq":1.0},{"pi":"423162","pc":"Товары для дома","ss":100000,"td":"Фешенебельный район","dc":2,"n":635.54,"vc":"более 100 000","sl":"Элитный","sv":"около 300","p":10808.0,"q":9.92,"b":0.0,"wi":48.81,"ei":7.49,"as":1206.5,"mi":"E","mv":166110,"sc":1,"lpe":99.82,"lpr":2311.93,"lq":1.0},{"pi":"423162","pc":"Товары для дома","ss":100000,"td":"Фешенебельный район","dc":2,"n":635.54,"vc":"более 100 000","sl":"Элитный","sv":"около 300","p":10808.0,"q":9.92,"b":0.0,"wi":48.81,"ei":7.49,"as":1206.5,"mi":"E","mv":166110,"sc":1,"lpe":99.82,"lpr":2311.93,"lq":1.0},{"pi":"423162","pc":"Товары для дома","ss":100000,"td":"Фешенебельный район","dc":2,"n":635.54,"vc":"более 100 000","sl":"Элитный","sv":"около 300","p":10808.0,"q":9.92,"b":0.0,"wi":48.81,"ei":7.49,"as":1206.5,"mi":"E","mv":166110,"sc":1,"lpe":99.82,"lpr":2311.93,"lq":1.0},{"pi":"423162","pc":"Товары для дома","ss":100000,"td":"Фешенебельный район","dc":2,"n":635.54,"vc":"более 100 000","sl":"Элитный","sv":"около 300","p":10808.0,"q":9.92,"b":0.0,"wi":48.81,"ei":7.49,"as":1206.5,"mi":"E","mv":166110,"sc":1,"lpe":99.82,"lpr":2311.93,"lq":1.0},{"pi":"423162","pc":"Товары для дома","ss":100000,"td":"Фешенебельный район","dc":2,"n":635.54,"vc":"более 100 000","sl":"Элитный","sv":"около 300","p":10808.0,"q":9.92,"b":0.0,"wi":48.81,"ei":7.49,"as":1206.5,"mi":"E","mv":166110,"sc":1,"lpe":99.82,"lpr":2311.93,"lq":1.0},{"pi":"423162","pc":"Товары для дома","ss":100000,"td":"Фешенебельный район","dc":2,"n":635.54,"vc":"более 100 000","sl":"Элитный","sv":"около 300","p":10808.0,"q":9.92,"b":0.0,"wi":48.81,"ei":7.49,"as":1206.5,"mi":"E","mv":166110,"sc":1,"lpe":99.82,"lpr":2311.93,"lq":1.0},{"pi":"423162","pc":"Товары для дома","ss":100000,"td":"Фешенебельный район","dc":2,"n":635.54,"vc":"более 100 000","sl":"Элитный","sv":"около 300","p":10808.0,"q":9.92,"b":0.0,"wi":48.81,"ei":7.49,"as":1206.5,"mi":"E","mv":166110,"sc":1,"lpe":99.82,"lpr":2311.93,"lq":1.0},{"pi":"423162","pc":"Товары для дома","ss":100000,"td":"Фешенебельный район","dc":2,"n":635.54,"vc":"более 100 000","sl":"Элитный","sv":"около 300","p":10808.0,"q":9.92,"b":0.0,"wi":48.81,"ei":7.49,"as":1206.5,"mi":"E","mv":166110,"sc":1,"lpe":99.82,"lpr":2311.93,"lq":1.0},{"pi":"423162","pc":"Товары для дома","ss":100000,"td":"Фешенебельный район","dc":2,"n":635.54,"vc":"более 100 000","sl":"Элитный","sv":"около 300","p":10808.0,"q":9.92,"b":0.0,"wi":48.81,"ei":7.49,"as":1206.5,"mi":"E","mv":166110,"sc":1,"lpe":99.82,"lpr":2311.93,"lq":1.0},{"pi":"423162","pc":"Товары для дома","ss":100000,"td":"Фешенебельный район","dc":2,"n":635.54,"vc":"более 100 000","sl":"Элитный","sv":"около 300","p":10808.0,"q":9.92,"b":0.0,"wi":48.81,"ei":7.49,"as":1206.5,"mi":"E","mv":166110,"sc":1,"lpe":99.82,"lpr":2311.93,"lq":1.0},{"pi":"423162","pc":"Товары для дома","ss":100000,"td":"Фешенебельный район","dc":2,"n":635.54,"vc":"более 100 000","sl":"Элитный","sv":"около 300","p":10808.0,"q":9.92,"b":0.0,"wi":48.81,"ei":7.49,"as":1206.5,"mi":"E","mv":166110,"sc":1,"lpe":99.82,"lpr":2311.93,"lq":1.0},{"pi":"423162","pc":"Товары для дома","ss":100000,"td":"Фешенебельный район","dc":2,"n":635.54,"vc":"более 100 000","sl":"Элитный","sv":"около 300","p":10808.0,"q":9.92,"b":0.0,"wi":48.81,"ei":7.49,"as":1206.5,"mi":"E","mv":166110,"sc":1,"lpe":99.82,"lpr":2311.93,"lq":1.0},{"pi":"423162","pc":"Товары для дома","ss":100000,"td":"Фешенебельный район","dc":2,"n":635.54,"vc":"более 100 000","sl":"Элитный","sv":"около 300","p":10808.0,"q":9.92,"b":0.0,"wi":48.81,"ei":7.49,"as":1206.5,"mi":"E","mv":166110,"sc":1,"lpe":99.82,"lpr":2311.93,"lq":1.0},{"pi":"423162","pc":"Товары для дома","ss":100000,"td":"Фешенебельный район","dc":2,"n":635.54,"vc":"более 100 000","sl":"Элитный","sv":"около 300","p":10808.0,"q":9.92,"b":0.0,"wi":48.81,"ei":7.49,"as":1206.5,"mi":"E","mv":166110,"sc":1,"lpe":99.82,"lpr":2311.93,"lq":1.0},{"pi":"423162","pc":"Товары для дома","ss":100000,"td":"Фешенебельный район","dc":2,"n":635.54,"vc":"более 100 000","sl":"Элитный","sv":"около 300","p":10808.0,"q":9.92,"b":0.0,"wi":48.81,"ei":7.49,"as":1206.5,"mi":"E","mv":166110,"sc":1,"lpe":99.82,"lpr":2311.93,"lq":1.0},{"pi":"423162","pc":"Товары для дома","ss":100000,"td":"Фешенебельный район","dc":2,"n":635.54,"vc":"более 100 000","sl":"Элитный","sv":"около 300","p":10808.0,"q":9.92,"b":0.0,"wi":48.81,"ei":7.49,"as":1206.5,"mi":"E","mv":166110,"sc":1,"lpe":99.82,"lpr":2311.93,"lq":1.0},{"pi":"423162","pc":"Товары для дома","ss":100000,"td":"Фешенебельный район","dc":2,"n":635.54,"vc":"более 100 000","sl":"Элитный","sv":"около 300","p":10808.0,"q":9.92,"b":0.0,"wi":48.81,"ei":7.49,"as":1206.5,"mi":"E","mv":166110,"sc":1,"lpe":99.82,"lpr":2311.93,"lq":1.0},{"pi":"423162","pc":"Товары для дома","ss":100000,"td":"Фешенебельный район","dc":2,"n":635.54,"vc":"более 100 000","sl":"Элитный","sv":"около 300","p":10808.0,"q":9.92,"b":0.0,"wi":48.81,"ei":7.49,"as":1206.5,"mi":"E","mv":166110,"sc":1,"lpe":99.82,"lpr":2311.93,"lq":1.0},{"pi":"423162","pc":"Товары для дома","ss":100000,"td":"Фешенебельный район","dc":2,"n":635.54,"vc":"более 100 000","sl":"Элитный","sv":"около 300","p":10808.0,"q":9.92,"b":0.0,"wi":48.81,"ei":7.49,"as":1206.5,"mi":"E","mv":166110,"sc":1,"lpe":99.82,"lpr":2311.93,"lq":1.0},{"pi":"423162","pc":"Товары для дома","ss":100000,"td":"Фешенебельный район","dc":2,"n":635.54,"vc":"более 100 000","sl":"Элитный","sv":"около 300","p":10808.0,"q":9.92,"b":0.0,"wi":48.81,"ei":7.49,"as":1206.5,"mi":"E","mv":166110,"sc":1,"lpe":99.82,"lpr":2311.93,"lq":1.0},{"pi":"423162","pc":"Товары для дома","ss":100000,"td":"Фешенебельный район","dc":2,"n":635.54,"vc":"более 100 000","sl":"Элитный","sv":"около 300","p":10808.0,"q":9.92,"b":0.0,"wi":48.81,"ei":7.49,"as":1206.5,"mi":"E","mv":166110,"sc":1,"lpe":99.82,"lpr":2311.93,"lq":1.0},{"pi":"423162","pc":"Товары для дома","ss":100000,"td":"Фешенебельный район","dc":2,"n":635.54,"vc":"более 100 000","sl":"Элитный","sv":"около 300","p":10808.0,"q":9.92,"b":0.0,"wi":48.81,"ei":7.49,"as":1206.5,"mi":"E","mv":166110,"sc":1,"lpe":99.82,"lpr":2311.93,"lq":1.0},{"pi":"423162","pc":"Товары для дома","ss":100,"td":"Центр города","dc":1,"n":49.88,"vc":"около 50","sl":"Нормальный","sv":"менее 50","p":788.26,"q":1.05,"b":0.0,"wi":17.66,"ei":4.5,"as":349.34,"mi":"E","mv":30000,"sc":1,"lpe":99.97,"lpr":711.84,"lq":1.0},{"pi":"423162","pc":"Товары для дома","ss":100,"td":"Центр города","dc":1,"n":49.88,"vc":"около 50","sl":"Нормальный","sv":"менее 50","p":788.26,"q":1.05,"b":0.0,"wi":17.66,"ei":4.5,"as":349.34,"mi":"E","mv":30000,"sc":1,"lpe":99.97,"lpr":711.84,"lq":1.0},{"pi":"423162","pc":"Товары для дома","ss":100,"td":"Центр города","dc":1,"n":49.88,"vc":"около 50","sl":"Нормальный","sv":"менее 50","p":788.26,"q":1.05,"b":0.0,"wi":17.66,"ei":4.5,"as":349.34,"mi":"E","mv":30000,"sc":1,"lpe":99.97,"lpr":711.84,"lq":1.0},{"pi":"423162","pc":"Товары для дома","ss":100,"td":"Центр города","dc":1,"n":49.88,"vc":"около 50","sl":"Нормальный","sv":"менее 50","p":788.26,"q":1.05,"b":0.0,"wi":17.66,"ei":4.5,"as":349.34,"mi":"E","mv":30000,"sc":1,"lpe":99.97,"lpr":711.84,"lq":1.0},{"pi":"423162","pc":"Товары для дома","ss":100,"td":"Центр города","dc":1,"n":49.88,"vc":"около 50","sl":"Нормальный","sv":"менее 50","p":788.26,"q":1.05,"b":0.0,"wi":17.66,"ei":4.5,"as":349.34,"mi":"E","mv":30000,"sc":1,"lpe":99.97,"lpr":711.84,"lq":1.0},{"pi":"423162","pc":"Товары для дома","ss":100,"td":"Центр города","dc":1,"n":49.88,"vc":"около 50","sl":"Нормальный","sv":"менее 50","p":788.26,"q":1.05,"b":0.0,"wi":17.66,"ei":4.5,"as":349.34,"mi":"E","mv":30000,"sc":1,"lpe":99.97,"lpr":711.84,"lq":1.0},{"pi":"423162","pc":"Товары для дома","ss":100,"td":"Центр города","dc":1,"n":49.88,"vc":"около 50","sl":"Нормальный","sv":"менее 50","p":788.26,"q":1.05,"b":0.0,"wi":17.66,"ei":4.5,"as":349.34,"mi":"E","mv":30000,"sc":1,"lpe":99.97,"lpr":711.84,"lq":1.0},{"pi":"423162","pc":"Товары для дома","ss":100,"td":"Центр города","dc":1,"n":49.88,"vc":"около 50","sl":"Нормальный","sv":"менее 50","p":788.26,"q":1.05,"b":0.0,"wi":17.66,"ei":4.5,"as":349.34,"mi":"E","mv":30000,"sc":1,"lpe":99.97,"lpr":711.84,"lq":1.0},{"pi":"423162","pc":"Товары для дома","ss":100,"td":"Центр города","dc":1,"n":49.88,"vc":"около 50","sl":"Нормальный","sv":"менее 50","p":788.26,"q":1.05,"b":0.0,"wi":17.66,"ei":4.5,"as":349.34,"mi":"E","mv":30000,"sc":1,"lpe":99.97,"lpr":711.84,"lq":1.0},{"pi":"423162","pc":"Товары для дома","ss":100,"td":"Центр города","dc":1,"n":49.88,"vc":"около 50","sl":"Нормальный","sv":"менее 50","p":788.26,"q":1.05,"b":0.0,"wi":17.66,"ei":4.5,"as":349.34,"mi":"E","mv":30000,"sc":1,"lpe":99.97,"lpr":711.84,"lq":1.0},{"pi":"423162","pc":"Товары для дома","ss":100,"td":"Центр города","dc":1,"n":49.88,"vc":"около 50","sl":"Нормальный","sv":"менее 50","p":788.26,"q":1.05,"b":0.0,"wi":17.66,"ei":4.5,"as":349.34,"mi":"E","mv":30000,"sc":1,"lpe":99.97,"lpr":711.84,"lq":1.0},{"pi":"423162","pc":"Товары для дома","ss":100,"td":"Центр города","dc":1,"n":49.88,"vc":"около 50","sl":"Нормальный","sv":"менее 50","p":788.26,"q":1.05,"b":0.0,"wi":17.66,"ei":4.5,"as":349.34,"mi":"E","mv":30000,"sc":1,"lpe":99.97,"lpr":711.84,"lq":1.0},{"pi":"423162","pc":"Товары для дома","ss":100,"td":"Центр города","dc":1,"n":49.88,"vc":"около 50","sl":"Нормальный","sv":"менее 50","p":788.26,"q":1.05,"b":0.0,"wi":17.66,"ei":4.5,"as":349.34,"mi":"E","mv":30000,"sc":1,"lpe":99.97,"lpr":711.84,"lq":1.0},{"pi":"423162","pc":"Товары для дома","ss":100,"td":"Центр города","dc":1,"n":49.88,"vc":"около 50","sl":"Нормальный","sv":"менее 50","p":788.26,"q":1.05,"b":0.0,"wi":17.66,"ei":4.5,"as":349.34,"mi":"E","mv":30000,"sc":1,"lpe":99.97,"lpr":711.84,"lq":1.0},{"pi":"423162","pc":"Товары для дома","ss":100,"td":"Центр города","dc":1,"n":49.88,"vc":"около 50","sl":"Нормальный","sv":"менее 50","p":788.26,"q":1.05,"b":0.0,"wi":17.66,"ei":4.5,"as":349.34,"mi":"E","mv":30000,"sc":1,"lpe":99.97,"lpr":711.84,"lq":1.0},{"pi":"423162","pc":"Товары для дома","ss":100,"td":"Центр города","dc":1,"n":49.88,"vc":"около 50","sl":"Нормальный","sv":"менее 50","p":788.26,"q":1.05,"b":0.0,"wi":17.66,"ei":4.5,"as":349.34,"mi":"E","mv":30000,"sc":1,"lpe":99.97,"lpr":711.84,"lq":1.0},{"pi":"423162","pc":"Товары для дома","ss":100,"td":"Центр города","dc":1,"n":49.88,"vc":"около 50","sl":"Нормальный","sv":"менее 50","p":788.26,"q":1.05,"b":0.0,"wi":17.66,"ei":4.5,"as":349.34,"mi":"E","mv":30000,"sc":1,"lpe":99.97,"lpr":711.84,"lq":1.0},{"pi":"423162","pc":"Товары для дома","ss":100,"td":"Центр города","dc":1,"n":49.88,"vc":"около 50","sl":"Нормальный","sv":"менее 50","p":788.26,"q":1.05,"b":0.0,"wi":17.66,"ei":4.5,"as":349.34,"mi":"E","mv":30000,"sc":1,"lpe":99.97,"lpr":711.84,"lq":1.0},{"pi":"423162","pc":"Товары для дома","ss":100,"td":"Центр города","dc":1,"n":49.88,"vc":"около 50","sl":"Нормальный","sv":"менее 50","p":788.26,"q":1.05,"b":0.0,"wi":17.66,"ei":4.5,"as":349.34,"mi":"E","mv":30000,"sc":1,"lpe":99.97,"lpr":711.84,"lq":1.0},{"pi":"423162","pc":"Товары для дома","ss":100,"td":"Центр города","dc":1,"n":49.88,"vc":"около 50","sl":"Нормальный","sv":"менее 50","p":788.26,"q":1.05,"b":0.0,"wi":17.66,"ei":4.5,"as":349.34,"mi":"E","mv":30000,"sc":1,"lpe":99.97,"lpr":711.84,"lq":1.0},{"pi":"423162","pc":"Товары для дома","ss":100,"td":"Центр города","dc":1,"n":49.88,"vc":"около 50","sl":"Нормальный","sv":"менее 50","p":788.26,"q":1.05,"b":0.0,"wi":17.66,"ei":4.5,"as":349.34,"mi":"E","mv":30000,"sc":1,"lpe":99.97,"lpr":711.84,"lq":1.0},{"pi":"423162","pc":"Товары для дома","ss":100,"td":"Центр города","dc":1,"n":49.88,"vc":"около 50","sl":"Нормальный","sv":"менее 50","p":788.26,"q":1.05,"b":0.0,"wi":17.66,"ei":4.5,"as":349.34,"mi":"E","mv":30000,"sc":1,"lpe":99.97,"lpr":711.84,"lq":1.0},{"pi":"423162","pc":"Товары для дома","ss":100000,"td":"Центр города","dc":2,"n":513.71,"vc":"более 200 000","sl":"Низкий","sv":"около 500","p":6500.0,"q":14.63,"b":0.0,"wi":20.19,"ei":7.53,"as":697.18,"mi":"E","mv":54745,"sc":1,"lpe":99.01,"lpr":1239.66,"lq":1.0},{"pi":"423162","pc":"Товары для дома","ss":100000,"td":"Центр города","dc":2,"n":513.71,"vc":"более 200 000","sl":"Низкий","sv":"около 500","p":6500.0,"q":14.63,"b":0.0,"wi":20.19,"ei":7.53,"as":697.18,"mi":"E","mv":54745,"sc":1,"lpe":99.01,"lpr":1239.66,"lq":1.0},{"pi":"423162","pc":"Товары для дома","ss":100000,"td":"Центр города","dc":2,"n":513.71,"vc":"более 200 000","sl":"Низкий","sv":"около 500","p":6500.0,"q":14.63,"b":0.0,"wi":20.19,"ei":7.53,"as":697.18,"mi":"E","mv":54745,"sc":1,"lpe":99.01,"lpr":1239.66,"lq":1.0},{"pi":"423162","pc":"Товары для дома","ss":100000,"td":"Центр города","dc":2,"n":513.71,"vc":"более 200 000","sl":"Низкий","sv":"около 500","p":6500.0,"q":14.63,"b":0.0,"wi":20.19,"ei":7.53,"as":697.18,"mi":"E","mv":54745,"sc":1,"lpe":99.01,"lpr":1239.66,"lq":1.0},{"pi":"423162","pc":"Товары для дома","ss":100000,"td":"Центр города","dc":2,"n":513.71,"vc":"более 200 000","sl":"Низкий","sv":"около 500","p":6500.0,"q":14.63,"b":0.0,"wi":20.19,"ei":7.53,"as":697.18,"mi":"E","mv":54745,"sc":1,"lpe":99.01,"lpr":1239.66,"lq":1.0},{"pi":"423162","pc":"Товары для дома","ss":100000,"td":"Центр города","dc":2,"n":513.71,"vc":"более 200 000","sl":"Низкий","sv":"около 500","p":6500.0,"q":14.63,"b":0.0,"wi":20.19,"ei":7.53,"as":697.18,"mi":"E","mv":54745,"sc":1,"lpe":99.01,"lpr":1239.66,"lq":1.0},{"pi":"423162","pc":"Товары для дома","ss":100000,"td":"Центр города","dc":2,"n":513.71,"vc":"более 200 000","sl":"Низкий","sv":"около 500","p":6500.0,"q":14.63,"b":0.0,"wi":20.19,"ei":7.53,"as":697.18,"mi":"E","mv":54745,"sc":1,"lpe":99.01,"lpr":1239.66,"lq":1.0},{"pi":"423162","pc":"Товары для дома","ss":100000,"td":"Центр города","dc":2,"n":513.71,"vc":"более 200 000","sl":"Низкий","sv":"около 500","p":6500.0,"q":14.63,"b":0.0,"wi":20.19,"ei":7.53,"as":697.18,"mi":"E","mv":54745,"sc":1,"lpe":99.01,"lpr":1239.66,"lq":1.0},{"pi":"423162","pc":"Товары для дома","ss":100000,"td":"Центр города","dc":2,"n":513.71,"vc":"более 200 000","sl":"Низкий","sv":"около 500","p":6500.0,"q":14.63,"b":0.0,"wi":20.19,"ei":7.53,"as":697.18,"mi":"E","mv":54745,"sc":1,"lpe":99.01,"lpr":1239.66,"lq":1.0},{"pi":"423162","pc":"Товары для дома","ss":100000,"td":"Центр города","dc":2,"n":513.71,"vc":"более 200 000","sl":"Низкий","sv":"около 500","p":6500.0,"q":14.63,"b":0.0,"wi":20.19,"ei":7.53,"as":697.18,"mi":"E","mv":54745,"sc":1,"lpe":99.01,"lpr":1239.66,"lq":1.0},{"pi":"423162","pc":"Товары для дома","ss":100000,"td":"Центр города","dc":2,"n":513.71,"vc":"более 200 000","sl":"Низкий","sv":"около 500","p":6500.0,"q":14.63,"b":0.0,"wi":20.19,"ei":7.53,"as":697.18,"mi":"E","mv":54745,"sc":1,"lpe":99.01,"lpr":1239.66,"lq":1.0},{"pi":"423162","pc":"Товары для дома","ss":100000,"td":"Центр города","dc":2,"n":513.71,"vc":"более 200 000","sl":"Низкий","sv":"около 500","p":6500.0,"q":14.63,"b":0.0,"wi":20.19,"ei":7.53,"as":697.18,"mi":"E","mv":54745,"sc":1,"lpe":99.01,"lpr":1239.66,"lq":1.0},{"pi":"423162","pc":"Товары для дома","ss":100000,"td":"Центр города","dc":2,"n":513.71,"vc":"более 200 000","sl":"Низкий","sv":"около 500","p":6500.0,"q":14.63,"b":0.0,"wi":20.19,"ei":7.53,"as":697.18,"mi":"E","mv":54745,"sc":1,"lpe":99.01,"lpr":1239.66,"lq":1.0},{"pi":"423162","pc":"Товары для дома","ss":100000,"td":"Центр города","dc":2,"n":513.71,"vc":"более 200 000","sl":"Низкий","sv":"около 500","p":6500.0,"q":14.63,"b":0.0,"wi":20.19,"ei":7.53,"as":697.18,"mi":"E","mv":54745,"sc":1,"lpe":99.01,"lpr":1239.66,"lq":1.0},{"pi":"423162","pc":"Товары для дома","ss":100000,"td":"Центр города","dc":2,"n":513.71,"vc":"более 200 000","sl":"Низкий","sv":"около 500","p":6500.0,"q":14.63,"b":0.0,"wi":20.19,"ei":7.53,"as":697.18,"mi":"E","mv":54745,"sc":1,"lpe":99.01,"lpr":1239.66,"lq":1.0},{"pi":"423162","pc":"Товары для дома","ss":100000,"td":"Центр города","dc":2,"n":513.71,"vc":"более 200 000","sl":"Низкий","sv":"около 500","p":6500.0,"q":14.63,"b":0.0,"wi":20.19,"ei":7.53,"as":697.18,"mi":"E","mv":54745,"sc":1,"lpe":99.01,"lpr":1239.66,"lq":1.0},{"pi":"423162","pc":"Товары для дома","ss":100000,"td":"Центр города","dc":2,"n":513.71,"vc":"более 200 000","sl":"Низкий","sv":"около 500","p":6500.0,"q":14.63,"b":0.0,"wi":20.19,"ei":7.53,"as":697.18,"mi":"E","mv":54745,"sc":1,"lpe":99.01,"lpr":1239.66,"lq":1.0},{"pi":"423162","pc":"Товары для дома","ss":100000,"td":"Центр города","dc":2,"n":513.71,"vc":"более 200 000","sl":"Низкий","sv":"около 500","p":6500.0,"q":14.63,"b":0.0,"wi":20.19,"ei":7.53,"as":697.18,"mi":"E","mv":54745,"sc":1,"lpe":99.01,"lpr":1239.66,"lq":1.0},{"pi":"423162","pc":"Товары для дома","ss":100000,"td":"Центр города","dc":2,"n":513.71,"vc":"более 200 000","sl":"Низкий","sv":"около 500","p":6500.0,"q":14.63,"b":0.0,"wi":20.19,"ei":7.53,"as":697.18,"mi":"E","mv":54745,"sc":1,"lpe":99.01,"lpr":1239.66,"lq":1.0},{"pi":"423162","pc":"Товары для дома","ss":100000,"td":"Центр города","dc":2,"n":513.71,"vc":"более 200 000","sl":"Низкий","sv":"около 500","p":6500.0,"q":14.63,"b":0.0,"wi":20.19,"ei":7.53,"as":697.18,"mi":"E","mv":54745,"sc":1,"lpe":99.01,"lpr":1239.66,"lq":1.0},{"pi":"423162","pc":"Товары для дома","ss":100000,"td":"Центр города","dc":2,"n":513.71,"vc":"более 200 000","sl":"Низкий","sv":"около 500","p":6500.0,"q":14.63,"b":0.0,"wi":20.19,"ei":7.53,"as":697.18,"mi":"E","mv":54745,"sc":1,"lpe":99.01,"lpr":1239.66,"lq":1.0},{"pi":"423162","pc":"Товары для дома","ss":100000,"td":"Центр города","dc":2,"n":513.71,"vc":"более 200 000","sl":"Низкий","sv":"около 500","p":6500.0,"q":14.63,"b":0.0,"wi":20.19,"ei":7.53,"as":697.18,"mi":"E","mv":54745,"sc":1,"lpe":99.01,"lpr":1239.66,"lq":1.0},{"pi":"423162","pc":"Товары для дома","ss":100000,"td":"Центр города","dc":2,"n":513.71,"vc":"более 200 000","sl":"Низкий","sv":"около 500","p":6500.0,"q":14.63,"b":0.0,"wi":20.19,"ei":7.53,"as":697.18,"mi":"E","mv":54745,"sc":1,"lpe":99.01,"lpr":1239.66,"lq":1.0},{"pi":"423162","pc":"Товары для дома","ss":100000,"td":"Центр города","dc":2,"n":513.71,"vc":"более 200 000","sl":"Низкий","sv":"около 500","p":6500.0,"q":14.63,"b":0.0,"wi":20.19,"ei":7.53,"as":697.18,"mi":"E","mv":54745,"sc":1,"lpe":99.01,"lpr":1239.66,"lq":1.0},{"pi":"423162","pc":"Товары для дома","ss":100000,"td":"Центр города","dc":2,"n":513.71,"vc":"более 200 000","sl":"Низкий","sv":"около 500","p":6500.0,"q":14.63,"b":0.0,"wi":20.19,"ei":7.53,"as":697.18,"mi":"E","mv":54745,"sc":1,"lpe":99.01,"lpr":1239.66,"lq":1.0}]