[{"d":"04.07.2016","r":30144.0,"q":1.03,"p":10.93,"s":[{"ui":"7650573","t":27442.0,"r":27392.0,"q":1.03,"p":7.0,"mot":"U","mo":27392.0},{"ui":"7652829","t":2752.0,"r":2752.0,"q":1.0,"p":50.0,"mot":"U","mo":2752.0},{"cn":"","ui":"","t":0.0,"r":0.0,"q":0.0,"p":0.0,"mot":"L","mo":0.0}]},{"d":"05.07.2016","r":7052.0,"q":1.0,"p":50.0,"s":[{"ui":"7652829","t":7052.0,"r":7052.0,"q":1.0,"p":50.0,"mot":"U","mo":7052.0},{"cn":"","ui":"","t":0.0,"r":0.0,"q":0.0,"p":0.0,"mot":"L","mo":0.0}]},{"d":"06.07.2016","r":1800.0,"q":1.0,"p":2.5,"s":[{"ui":"7656111","t":10656.0,"r":10456.0,"q":1.0,"p":2.5,"mot":"L","mo":1800.0},{"cn":"","ui":"","t":0.0,"r":0.0,"q":0.0,"p":0.0,"mot":"L","mo":0.0}]},{"d":"07.07.2016","r":1800.0,"q":1.0,"p":2.5,"s":[{"ui":"7656111","t":20666.0,"r":20466.0,"q":1.0,"p":2.5,"mot":"L","mo":1800.0},{"cn":"","ui":"","t":0.0,"r":0.0,"q":0.0,"p":0.0,"mot":"L","mo":0.0}]},{"d":"09.07.2016","r":25750.0,"q":1.1,"p":20.0,"s":[{"ui":"7663505","t":25775.0,"r":25750.0,"q":1.1,"p":20.0,"mot":"U","mo":25750.0},{"cn":"","ui":"","t":0.0,"r":0.0,"q":0.0,"p":0.0,"mot":"L","mo":0.0}]},{"d":"10.07.2016","r":56635.0,"q":1.1,"p":5.39,"s":[{"ui":"7663505","t":56550.0,"r":56475.0,"q":1.1,"p":5.4,"mot":"U","mo":56475.0},{"cn":"","ui":"","t":160.0,"r":160.0,"q":1.0,"p":3.5,"mot":"L","mo":160.0}]},{"d":"11.07.2016","r":853.0,"q":1.01,"p":5.0,"s":[{"ui":"7668430","t":853.0,"r":853.0,"q":1.01,"p":5.0,"mot":"U","mo":853.0},{"cn":"","ui":"","t":0.0,"r":0.0,"q":0.0,"p":0.0,"mot":"L","mo":0.0}]},{"d":"12.07.2016","r":11731.0,"q":1.26,"p":20.01,"s":[{"ui":"7670853","t":18000.0,"r":636.0,"q":1.0,"p":5.0,"mot":"U","mo":636.0},{"ui":"7670251","t":2136.0,"r":2136.0,"q":1.1,"p":100.0,"mot":"U","mo":2136.0},{"ui":"7669570","t":18742.0,"r":8959.0,"q":1.32,"p":2.0,"mot":"U","mo":8959.0},{"cn":"","ui":"","t":0.0,"r":0.0,"q":0.0,"p":0.0,"mot":"L","mo":0.0}]},{"d":"13.07.2016","r":370312.0,"q":1.0,"p":2.44,"s":[{"ui":"7673687","t":900000.0,"r":900000.0,"q":1.0,"p":2.49,"mot":"L","mo":50000.0},{"ui":"7672035","t":273968.0,"r":270718.0,"q":1.0,"p":2.0,"mot":"U","mo":270718.0},{"ui":"7670853","t":64958.0,"r":47594.0,"q":1.0,"p":4.9,"mot":"U","mo":47594.0},{"cn":"","ui":"","t":27068.0,"r":2000.0,"q":1.17,"p":2.5,"mot":"L","mo":2000.0}]},{"d":"14.07.2016","r":517276.0,"q":1.24,"p":2.38,"s":[{"ui":"7672035","t":415918.0,"r":391318.0,"q":1.31,"p":2.0,"mot":"U","mo":391318.0},{"ui":"7670853","t":72958.0,"r":72958.0,"q":1.0,"p":3.5,"mot":"U","mo":72958.0},{"ui":"7675196","t":50784.0,"r":50784.0,"q":1.0,"p":3.5,"mot":"L","mo":50000.0},{"cn":"","ui":"","t":27124.0,"r":3000.0,"q":1.1,"p":5.5,"mot":"L","mo":3000.0}]},{"d":"15.07.2016","r":47460.0,"q":1.0,"p":3.08,"s":[{"ui":"7675188","t":280150.0,"r":279570.0,"q":1.01,"p":2.5,"mot":"L","mo":20000.0},{"ui":"7678002","t":27360.0,"r":27360.0,"q":1.0,"p":3.5,"mot":"U","mo":27360.0},{"cn":"","ui":"","t":200.0,"r":100.0,"q":1.02,"p":3.5,"mot":"L","mo":100.0}]},{"d":"16.07.2016","r":1700.0,"q":1.0,"p":3.2,"s":[{"ui":"7678112","t":1800.0,"r":1700.0,"q":1.0,"p":3.2,"mot":"U","mo":1700.0},{"cn":"","ui":"","t":0.0,"r":0.0,"q":0.0,"p":0.0,"mot":"L","mo":0.0}]},{"d":"18.07.2016","r":107884.0,"q":1.49,"p":3.99,"s":[{"ui":"7682042","t":106212.0,"r":106212.0,"q":1.49,"p":4.0,"mot":"U","mo":106212.0},{"cn":"","ui":"","t":1822.0,"r":1672.0,"q":1.52,"p":3.3,"mot":"L","mo":1672.0}]},{"d":"19.07.2016","r":361920.0,"q":1.82,"p":2.97,"s":[{"ui":"7682042","t":323883.0,"r":321883.0,"q":1.9,"p":3.0,"mot":"U","mo":321883.0},{"cn":"","ui":"","t":55472.0,"r":40037.0,"q":1.2,"p":2.74,"mot":"L","mo":40037.0}]},{"d":"20.07.2016","r":72388.0,"q":1.32,"p":2.59,"s":[{"ui":"7686478","t":28732.0,"r":28432.0,"q":1.67,"p":3.2,"mot":"U","mo":28432.0},{"ui":"7686471","t":44448.0,"r":43948.0,"q":1.1,"p":2.2,"mot":"U","mo":43948.0},{"cn":"","ui":"","t":2208.0,"r":8.0,"q":2.25,"p":3.15,"mot":"L","mo":8.0}]},{"d":"21.07.2016","r":27782.0,"q":1.41,"p":2.69,"s":[{"ui":"7686478","t":15250.0,"r":13750.0,"q":1.73,"p":3.2,"mot":"U","mo":13750.0},{"ui":"7686471","t":14032.0,"r":14032.0,"q":1.1,"p":2.2,"mot":"U","mo":14032.0},{"cn":"","ui":"","t":0.0,"r":0.0,"q":0.0,"p":0.0,"mot":"L","mo":0.0}]},{"d":"22.07.2016","r":41217.0,"q":1.0,"p":3.26,"s":[{"ui":"7693713","t":22000.0,"r":22000.0,"q":1.0,"p":2.61,"mot":"U","mo":22000.0},{"ui":"7693647","t":19277.0,"r":19217.0,"q":1.0,"p":4.0,"mot":"U","mo":19217.0},{"cn":"","ui":"","t":0.0,"r":0.0,"q":0.0,"p":0.0,"mot":"L","mo":0.0}]},{"d":"25.07.2016","r":28478.0,"q":1.97,"p":4.83,"s":[{"ui":"7700392","t":14644.0,"r":14134.0,"q":2.91,"p":1.9,"mot":"U","mo":14134.0},{"ui":"7699623","t":10336.0,"r":10236.0,"q":1.0,"p":10.0,"mot":"U","mo":10236.0},{"ui":"7698309","t":3608.0,"r":3608.0,"q":1.1,"p":2.0,"mot":"U","mo":3608.0},{"cn":"","ui":"","t":62099.0,"r":500.0,"q":1.38,"p":2.0,"mot":"L","mo":500.0}]},{"d":"26.07.2016","r":5364.0,"q":1.02,"p":9.24,"s":[{"ui":"7699623","t":4864.0,"r":4864.0,"q":1.0,"p":10.0,"mot":"U","mo":4864.0},{"ui":"7702422","t":7884.0,"r":7874.0,"q":1.25,"p":1.88,"mot":"L","mo":500.0},{"cn":"","ui":"","t":0.0,"r":0.0,"q":0.0,"p":0.0,"mot":"L","mo":0.0}]},{"d":"27.07.2016","r":42236.0,"q":1.04,"p":7.87,"s":[{"ui":"7704454","t":10800.0,"r":1600.0,"q":1.1,"p":4.0,"mot":"L","mo":15000.0},{"ui":"7699623","t":27236.0,"r":27236.0,"q":1.0,"p":10.0,"mot":"U","mo":27236.0},{"cn":"","ui":"","t":0.0,"r":0.0,"q":0.0,"p":0.0,"mot":"L","mo":0.0}]},{"d":"28.07.2016","r":94358.0,"q":1.01,"p":2.03,"s":[{"ui":"7706121","t":91020.0,"r":91020.0,"q":1.0,"p":2.0,"mot":"U","mo":91020.0},{"cn":"","ui":"","t":49831.0,"r":3338.0,"q":1.24,"p":2.85,"mot":"L","mo":3338.0}]},{"d":"29.07.2016","r":972645.0,"q":1.0,"p":2.0,"s":[{"ui":"7706121","t":1001230.0,"r":971130.0,"q":1.0,"p":2.0,"mot":"U","mo":971130.0},{"cn":"","ui":"","t":2316.0,"r":1515.0,"q":2.84,"p":1.8,"mot":"L","mo":1515.0}]},{"d":"02.08.2016","r":150468.0,"q":1.12,"p":4.96,"s":[{"ui":"7717425","t":29388.0,"r":28938.0,"q":1.63,"p":8.99,"mot":"U","mo":28938.0},{"ui":"7718846","t":121330.0,"r":121330.0,"q":1.0,"p":4.0,"mot":"U","mo":121330.0},{"cn":"","ui":"","t":200.0,"r":200.0,"q":1.0,"p":5.0,"mot":"L","mo":200.0}]},{"d":"03.08.2016","r":121260.0,"q":1.0,"p":4.0,"s":[{"ui":"7718846","t":121270.0,"r":121260.0,"q":1.0,"p":4.0,"mot":"U","mo":121260.0},{"cn":"","ui":"","t":0.0,"r":0.0,"q":0.0,"p":0.0,"mot":"L","mo":0.0}]},{"d":"04.08.2016","r":103806.0,"q":1.0,"p":4.0,"s":[{"ui":"7718846","t":103806.0,"r":103806.0,"q":1.0,"p":4.0,"mot":"U","mo":103806.0},{"cn":"","ui":"","t":0.0,"r":0.0,"q":0.0,"p":0.0,"mot":"L","mo":0.0}]},{"d":"06.08.2016","r":1500.0,"q":1.44,"p":5.0,"s":[{"ui":"7727508","t":3300.0,"r":3300.0,"q":1.44,"p":5.0,"mot":"L","mo":1500.0},{"cn":"","ui":"","t":0.0,"r":0.0,"q":0.0,"p":0.0,"mot":"L","mo":0.0}]},{"d":"08.08.2016","r":324.0,"q":1.0,"p":43.45,"s":[{"ui":"7731456","t":324.0,"r":324.0,"q":1.0,"p":43.45,"mot":"U","mo":324.0},{"cn":"","ui":"","t":0.0,"r":0.0,"q":0.0,"p":0.0,"mot":"L","mo":0.0}]},{"d":"09.08.2016","r":571.0,"q":1.0,"p":43.45,"s":[{"ui":"7731456","t":571.0,"r":571.0,"q":1.0,"p":43.45,"mot":"U","mo":571.0},{"cn":"","ui":"","t":0.0,"r":0.0,"q":0.0,"p":0.0,"mot":"L","mo":0.0}]},{"d":"10.08.2016","r":70321.0,"q":1.34,"p":21.29,"s":[{"ui":"7732484","t":27872.0,"r":27872.0,"q":1.1,"p":40.0,"mot":"U","mo":27872.0},{"ui":"7733692","t":46340.0,"r":42449.0,"q":1.49,"p":9.0,"mot":"U","mo":42449.0},{"cn":"","ui":"","t":0.0,"r":0.0,"q":0.0,"p":0.0,"mot":"L","mo":0.0}]},{"d":"11.08.2016","r":116446.0,"q":1.2,"p":31.9,"s":[{"ui":"7732484","t":88852.0,"r":88852.0,"q":1.1,"p":40.0,"mot":"U","mo":88852.0},{"ui":"7733692","t":63000.0,"r":25894.0,"q":1.57,"p":6.0,"mot":"U","mo":25894.0},{"cn":"","ui":"","t":1700.0,"r":1700.0,"q":1.0,"p":3.0,"mot":"L","mo":1700.0}]},{"d":"12.08.2016","r":103224.0,"q":2.64,"p":2.33,"s":[{"ui":"7736286","t":33300.0,"r":33300.0,"q":2.69,"p":2.31,"mot":"U","mo":33300.0},{"ui":"7736288","t":33300.0,"r":33300.0,"q":2.69,"p":2.31,"mot":"U","mo":33300.0},{"ui":"7736289","t":33300.0,"r":33300.0,"q":2.69,"p":2.31,"mot":"U","mo":33300.0},{"cn":"","ui":"","t":3324.0,"r":3324.0,"q":1.0,"p":3.0,"mot":"L","mo":3324.0}]},{"d":"13.08.2016","r":155134.0,"q":2.61,"p":2.39,"s":[{"ui":"7736286","t":53900.0,"r":53400.0,"q":2.67,"p":2.31,"mot":"U","mo":53400.0},{"ui":"7736288","t":80400.0,"r":80400.0,"q":2.67,"p":2.31,"mot":"U","mo":80400.0},{"ui":"7736289","t":18380.0,"r":15300.0,"q":2.68,"p":2.31,"mot":"U","mo":15300.0},{"cn":"","ui":"","t":6460.0,"r":6034.0,"q":1.01,"p":4.45,"mot":"L","mo":6034.0}]},{"d":"17.08.2016","r":42451.0,"q":1.07,"p":8.78,"s":[{"ui":"7748936","t":42351.0,"r":42351.0,"q":1.07,"p":8.77,"mot":"U","mo":42351.0},{"cn":"","ui":"","t":456.0,"r":100.0,"q":1.0,"p":12.0,"mot":"L","mo":100.0}]},{"d":"18.08.2016","r":25040.0,"q":1.1,"p":4.0,"s":[{"ui":"7751776","t":25040.0,"r":25040.0,"q":1.1,"p":4.0,"mot":"U","mo":25040.0},{"cn":"","ui":"","t":0.0,"r":0.0,"q":0.0,"p":0.0,"mot":"L","mo":0.0}]},{"d":"20.08.2016","r":100.0,"q":1.0,"p":90.0,"s":[{"ui":"7756538","t":924.0,"r":824.0,"q":1.0,"p":90.0,"mot":"L","mo":100.0},{"cn":"","ui":"","t":0.0,"r":0.0,"q":0.0,"p":0.0,"mot":"L","mo":0.0}]},{"d":"21.08.2016","r":1600.0,"q":1.0,"p":4.7,"s":[{"ui":"7756538","t":21315.0,"r":20285.0,"q":1.0,"p":4.7,"mot":"L","mo":1600.0},{"cn":"","ui":"","t":0.0,"r":0.0,"q":0.0,"p":0.0,"mot":"L","mo":0.0}]},{"d":"22.08.2016","r":282349.0,"q":2.18,"p":2.42,"s":[{"ui":"7758325","t":110379.0,"r":110379.0,"q":2.15,"p":2.4,"mot":"U","mo":110379.0},{"ui":"7759665","t":22432.0,"r":22332.0,"q":2.59,"p":2.0,"mot":"U","mo":22332.0},{"ui":"7757141","t":67068.0,"r":66568.0,"q":2.19,"p":2.4,"mot":"U","mo":66568.0},{"ui":"7757155","t":80027.0,"r":80027.0,"q":2.16,"p":2.4,"mot":"U","mo":80027.0},{"cn":"","ui":"","t":32708.0,"r":3043.0,"q":1.0,"p":6.74,"mot":"L","mo":3043.0}]},{"d":"23.08.2016","r":2000.0,"q":1.22,"p":1.9,"s":[{"ui":"7762736","t":20980.0,"r":20710.0,"q":1.22,"p":1.9,"mot":"L","mo":2000.0},{"cn":"","ui":"","t":0.0,"r":0.0,"q":0.0,"p":0.0,"mot":"L","mo":0.0}]},{"d":"24.08.2016","r":5000.0,"q":1.66,"p":1.95,"s":[{"ui":"7762736","t":31898.0,"r":29828.0,"q":1.66,"p":1.95,"mot":"L","mo":5000.0},{"cn":"","ui":"","t":0.0,"r":0.0,"q":0.0,"p":0.0,"mot":"L","mo":0.0}]},{"d":"25.08.2016","r":32972.0,"q":1.87,"p":9.09,"s":[{"ui":"7767277","t":11272.0,"r":10972.0,"q":1.1,"p":22.3,"mot":"U","mo":10972.0},{"ui":"7762736","t":37626.0,"r":21206.0,"q":2.25,"p":2.5,"mot":"L","mo":22000.0},{"cn":"","ui":"","t":0.0,"r":0.0,"q":0.0,"p":0.0,"mot":"L","mo":0.0}]},{"d":"26.08.2016","r":19816.0,"q":1.53,"p":12.45,"s":[{"ui":"7767277","t":21516.0,"r":19316.0,"q":1.54,"p":12.7,"mot":"U","mo":19316.0},{"cn":"","ui":"","t":4844.0,"r":500.0,"q":1.0,"p":2.8,"mot":"L","mo":500.0}]},{"d":"27.08.2016","r":197270.0,"q":1.0,"p":0.97,"s":[{"ui":"7768449","t":132800.0,"r":132050.0,"q":1.0,"p":1.05,"mot":"U","mo":132050.0},{"ui":"7771573","t":33002.0,"r":21919.0,"q":1.0,"p":1.0,"mot":"U","mo":21919.0},{"ui":"7767061","t":77980.0,"r":40446.0,"q":1.0,"p":0.26,"mot":"U","mo":40446.0},{"cn":"","ui":"","t":13892.0,"r":2855.0,"q":1.0,"p":6.78,"mot":"L","mo":2855.0}]},{"d":"30.08.2016","r":100700.0,"q":1.09,"p":2.08,"s":[{"ui":"7775956","t":101700.0,"r":99700.0,"q":1.0,"p":1.95,"mot":"U","mo":99700.0},{"cn":"","ui":"","t":2000.0,"r":1000.0,"q":10.0,"p":15.0,"mot":"L","mo":1000.0}]},{"d":"31.08.2016","r":2968.0,"q":1.0,"p":2.5,"s":[{"ui":"7780351","t":2968.0,"r":2968.0,"q":1.0,"p":2.5,"mot":"U","mo":2968.0},{"cn":"","ui":"","t":0.0,"r":0.0,"q":0.0,"p":0.0,"mot":"L","mo":0.0}]},{"d":"02.09.2016","r":65348.0,"q":1.03,"p":6.08,"s":[{"ui":"7784710","t":3972.0,"r":3972.0,"q":1.57,"p":2.3,"mot":"U","mo":3972.0},{"ui":"7783772","t":35280.0,"r":34480.0,"q":1.0,"p":1.9,"mot":"U","mo":34480.0},{"ui":"7782615","t":26896.0,"r":26896.0,"q":1.0,"p":12.0,"mot":"U","mo":26896.0},{"cn":"","ui":"","t":0.0,"r":0.0,"q":0.0,"p":0.0,"mot":"L","mo":0.0}]},{"d":"05.09.2016","r":153436.0,"q":1.55,"p":1.5,"s":[{"ui":"7790137","t":154436.0,"r":153436.0,"q":1.55,"p":1.5,"mot":"U","mo":153436.0},{"cn":"","ui":"","t":0.0,"r":0.0,"q":0.0,"p":0.0,"mot":"L","mo":0.0}]},{"d":"06.09.2016","r":30784.0,"q":1.1,"p":1.58,"s":[{"ui":"7792091","t":160024.0,"r":160024.0,"q":1.1,"p":1.56,"mot":"L","mo":30000.0},{"cn":"","ui":"","t":3800.0,"r":784.0,"q":1.1,"p":2.33,"mot":"L","mo":784.0}]},{"d":"07.09.2016","r":9090.0,"q":1.5,"p":2.6,"s":[{"ui":"7793436","t":1190.0,"r":1190.0,"q":1.1,"p":3.03,"mot":"U","mo":1190.0},{"ui":"7793514","t":3900.0,"r":3900.0,"q":1.56,"p":2.45,"mot":"U","mo":3900.0},{"ui":"7793253","t":3900.0,"r":3900.0,"q":1.56,"p":2.3,"mot":"U","mo":3900.0},{"cn":"","ui":"","t":2400.0,"r":100.0,"q":1.15,"p":15.0,"mot":"L","mo":100.0}]},{"d":"08.09.2016","r":73578.0,"q":1.3,"p":5.49,"s":[{"ui":"7793436","t":11900.0,"r":11400.0,"q":1.1,"p":2.3,"mot":"U","mo":11400.0},{"ui":"7793514","t":32280.0,"r":32280.0,"q":1.64,"p":2.45,"mot":"U","mo":32280.0},{"ui":"7796992","t":33898.0,"r":29898.0,"q":1.0,"p":10.0,"mot":"U","mo":29898.0},{"cn":"","ui":"","t":0.0,"r":0.0,"q":0.0,"p":0.0,"mot":"L","mo":0.0}]},{"d":"09.09.2016","r":820.0,"q":1.66,"p":7.98,"s":[{"ui":"7795219","t":5315.0,"r":5315.0,"q":1.15,"p":15.0,"mot":"L","mo":100.0},{"ui":"7797112","t":2820.0,"r":720.0,"q":1.73,"p":7.0,"mot":"U","mo":720.0},{"cn":"","ui":"","t":0.0,"r":0.0,"q":0.0,"p":0.0,"mot":"L","mo":0.0}]},{"d":"10.09.2016","r":9099.0,"q":1.13,"p":49.64,"s":[{"ui":"7798788","t":7320.0,"r":7320.0,"q":1.0,"p":60.0,"mot":"U","mo":7320.0},{"ui":"7797112","t":3879.0,"r":1779.0,"q":1.66,"p":7.0,"mot":"U","mo":1779.0},{"cn":"","ui":"","t":0.0,"r":0.0,"q":0.0,"p":0.0,"mot":"L","mo":0.0}]},{"d":"12.09.2016","r":5625.0,"q":1.0,"p":3.33,"s":[{"ui":"7806096","t":1245.0,"r":1245.0,"q":1.0,"p":8.0,"mot":"U","mo":1245.0},{"ui":"7806596","t":5830.0,"r":4380.0,"q":1.0,"p":2.0,"mot":"U","mo":4380.0},{"cn":"","ui":"","t":0.0,"r":0.0,"q":0.0,"p":0.0,"mot":"L","mo":0.0}]},{"d":"13.09.2016","r":572610.0,"q":1.0,"p":1.93,"s":[{"ui":"7806077","t":585344.0,"r":566278.0,"q":1.0,"p":1.93,"mot":"U","mo":566278.0},{"cn":"","ui":"","t":8382.0,"r":6332.0,"q":1.0,"p":2.0,"mot":"L","mo":6332.0}]},{"d":"15.09.2016","r":11312.0,"q":1.05,"p":7.34,"s":[{"ui":"7812837","t":7524.0,"r":7524.0,"q":1.0,"p":6.0,"mot":"U","mo":7524.0},{"ui":"7813474","t":3888.0,"r":3788.0,"q":1.14,"p":10.0,"mot":"U","mo":3788.0},{"cn":"","ui":"","t":0.0,"r":0.0,"q":0.0,"p":0.0,"mot":"L","mo":0.0}]},{"d":"16.09.2016","r":42188.0,"q":1.74,"p":10.0,"s":[{"ui":"7813474","t":42488.0,"r":42188.0,"q":1.74,"p":10.0,"mot":"U","mo":42188.0},{"cn":"","ui":"","t":0.0,"r":0.0,"q":0.0,"p":0.0,"mot":"L","mo":0.0}]},{"d":"17.09.2016","r":45700.0,"q":1.0,"p":5.0,"s":[{"ui":"7812837","t":45700.0,"r":45700.0,"q":1.0,"p":5.0,"mot":"U","mo":45700.0},{"cn":"","ui":"","t":0.0,"r":0.0,"q":0.0,"p":0.0,"mot":"L","mo":0.0}]},{"d":"20.09.2016","r":1000.0,"q":1.0,"p":6.5,"s":[{"ui":"7823810","t":9436.0,"r":9436.0,"q":1.0,"p":6.5,"mot":"L","mo":1000.0},{"cn":"","ui":"","t":0.0,"r":0.0,"q":0.0,"p":0.0,"mot":"L","mo":0.0}]},{"d":"21.09.2016","r":10150.0,"q":1.0,"p":6.55,"s":[{"ui":"7825459","t":9144.0,"r":8944.0,"q":1.0,"p":7.0,"mot":"U","mo":8944.0},{"ui":"7823810","t":34336.0,"r":33536.0,"q":1.0,"p":3.5,"mot":"L","mo":1000.0},{"cn":"","ui":"","t":306.0,"r":206.0,"q":1.01,"p":2.06,"mot":"L","mo":206.0}]},{"d":"23.09.2016","r":331860.0,"q":1.0,"p":7.0,"s":[{"ui":"7825459","t":333160.0,"r":331660.0,"q":1.0,"p":7.0,"mot":"U","mo":331660.0},{"cn":"","ui":"","t":13170.0,"r":200.0,"q":1.01,"p":4.2,"mot":"L","mo":200.0}]},{"d":"24.09.2016","r":1416.0,"q":1.1,"p":1.9,"s":[{"ui":"7832806","t":1496.0,"r":1416.0,"q":1.1,"p":1.9,"mot":"U","mo":1416.0},{"cn":"","ui":"","t":0.0,"r":0.0,"q":0.0,"p":0.0,"mot":"L","mo":0.0}]},{"d":"25.09.2016","r":24820.0,"q":1.1,"p":4.03,"s":[{"ui":"7831992","t":23992.0,"r":23992.0,"q":1.1,"p":4.1,"mot":"U","mo":23992.0},{"cn":"","ui":"","t":828.0,"r":828.0,"q":1.13,"p":2.1,"mot":"L","mo":828.0}]},{"d":"26.09.2016","r":1871.0,"q":1.1,"p":4.97,"s":[{"ui":"7834476","t":1931.0,"r":1831.0,"q":1.1,"p":5.0,"mot":"U","mo":1831.0},{"cn":"","ui":"","t":624.0,"r":40.0,"q":1.0,"p":3.5,"mot":"L","mo":40.0}]},{"d":"27.09.2016","r":2699.0,"q":1.1,"p":5.0,"s":[{"ui":"7834476","t":2799.0,"r":2699.0,"q":1.1,"p":5.0,"mot":"U","mo":2699.0},{"cn":"","ui":"","t":0.0,"r":0.0,"q":0.0,"p":0.0,"mot":"L","mo":0.0}]},{"d":"28.09.2016","r":400.0,"q":1.55,"p":4.0,"s":[{"ui":"7838395","t":4927.0,"r":4567.0,"q":1.55,"p":4.0,"mot":"L","mo":400.0},{"cn":"","ui":"","t":0.0,"r":0.0,"q":0.0,"p":0.0,"mot":"L","mo":0.0}]},{"d":"29.09.2016","r":1800.0,"q":1.18,"p":5.17,"s":[{"ui":"7844273","t":1700.0,"r":1400.0,"q":1.1,"p":5.5,"mot":"U","mo":1400.0},{"ui":"7838395","t":6527.0,"r":6167.0,"q":1.47,"p":4.0,"mot":"L","mo":400.0},{"cn":"","ui":"","t":0.0,"r":0.0,"q":0.0,"p":0.0,"mot":"L","mo":0.0}]},{"d":"04.10.2016","r":2000.0,"q":1.1,"p":10.0,"s":[{"ui":"7853488","t":11084.0,"r":9034.0,"q":1.1,"p":10.0,"mot":"L","mo":2000.0},{"cn":"","ui":"","t":0.0,"r":0.0,"q":0.0,"p":0.0,"mot":"L","mo":0.0}]},{"d":"05.10.2016","r":4500.0,"q":3.27,"p":7.89,"s":[{"ui":"7858074","t":2500.0,"r":2500.0,"q":5.0,"p":6.2,"mot":"U","mo":2500.0},{"ui":"7853488","t":220.0,"r":220.0,"q":1.1,"p":10.0,"mot":"L","mo":2000.0},{"cn":"","ui":"","t":0.0,"r":0.0,"q":0.0,"p":0.0,"mot":"L","mo":0.0}]},{"d":"07.10.2016","r":21200.0,"q":4.98,"p":6.18,"s":[{"ui":"7858074","t":22100.0,"r":21100.0,"q":5.0,"p":6.2,"mot":"U","mo":21100.0},{"cn":"","ui":"","t":4000.0,"r":100.0,"q":1.01,"p":2.6,"mot":"L","mo":100.0}]},{"d":"09.10.2016","r":1000.0,"q":1.0,"p":3.0,"s":[{"ui":"7866434","t":300.0,"r":300.0,"q":1.0,"p":3.0,"mot":"L","mo":1000.0},{"cn":"","ui":"","t":0.0,"r":0.0,"q":0.0,"p":0.0,"mot":"L","mo":0.0}]},{"d":"11.10.2016","r":130524.0,"q":1.0,"p":13.38,"s":[{"ui":"7870513","t":126493.0,"r":120993.0,"q":1.0,"p":14.0,"mot":"U","mo":120993.0},{"cn":"","ui":"","t":16995.0,"r":9531.0,"q":1.06,"p":5.54,"mot":"L","mo":9531.0}]},{"d":"12.10.2016","r":10542.0,"q":1.13,"p":1.98,"s":[{"ui":"7872985","t":49489.0,"r":27929.0,"q":1.1,"p":1.8,"mot":"L","mo":10000.0},{"cn":"","ui":"","t":22796.0,"r":542.0,"q":1.69,"p":5.29,"mot":"L","mo":542.0}]},{"d":"13.10.2016","r":20860.0,"q":1.55,"p":1.97,"s":[{"ui":"7875233","t":106519.0,"r":53049.0,"q":1.57,"p":1.8,"mot":"L","mo":20000.0},{"cn":"","ui":"","t":860.0,"r":860.0,"q":1.01,"p":6.0,"mot":"L","mo":860.0}]},{"d":"14.10.2016","r":3500.0,"q":1.0,"p":86.14,"s":[{"ui":"7878225","t":11480.0,"r":11480.0,"q":1.0,"p":100.0,"mot":"L","mo":3000.0},{"ui":"7879653","t":500.0,"r":500.0,"q":1.0,"p":2.99,"mot":"L","mo":500.0},{"cn":"","ui":"","t":0.0,"r":0.0,"q":0.0,"p":0.0,"mot":"L","mo":0.0}]},{"d":"16.10.2016","r":55316.0,"q":1.05,"p":9.0,"s":[{"ui":"7879900","t":55366.0,"r":55316.0,"q":1.05,"p":9.0,"mot":"U","mo":55316.0},{"cn":"","ui":"","t":0.0,"r":0.0,"q":0.0,"p":0.0,"mot":"L","mo":0.0}]},{"d":"17.10.2016","r":25225.0,"q":1.38,"p":4.9,"s":[{"ui":"7879900","t":36330.0,"r":25225.0,"q":1.38,"p":4.9,"mot":"U","mo":25225.0},{"cn":"","ui":"","t":0.0,"r":0.0,"q":0.0,"p":0.0,"mot":"L","mo":0.0}]},{"d":"18.10.2016","r":6559.0,"q":1.86,"p":35.82,"s":[{"ui":"7879900","t":7532.0,"r":3379.0,"q":2.06,"p":5.0,"mot":"U","mo":3379.0},{"ui":"7888705","t":3750.0,"r":450.0,"q":5.5,"p":7.35,"mot":"U","mo":450.0},{"ui":"7889172","t":2680.0,"r":2680.0,"q":1.0,"p":80.0,"mot":"U","mo":2680.0},{"cn":"","ui":"","t":350.0,"r":50.0,"q":2.06,"p":7.22,"mot":"L","mo":50.0}]},{"d":"19.10.2016","r":39892.0,"q":2.03,"p":40.25,"s":[{"ui":"7891829","t":7468.0,"r":7468.0,"q":1.1,"p":7.25,"mot":"U","mo":7468.0},{"ui":"7888705","t":17600.0,"r":14548.0,"q":3.7,"p":8.35,"mot":"U","mo":14548.0},{"ui":"7889172","t":17876.0,"r":17876.0,"q":1.07,"p":80.0,"mot":"U","mo":17876.0},{"cn":"","ui":"","t":0.0,"r":0.0,"q":0.0,"p":0.0,"mot":"L","mo":0.0}]},{"d":"20.10.2016","r":392911.0,"q":1.07,"p":25.54,"s":[{"ui":"7888705","t":436395.0,"r":345695.0,"q":1.06,"p":19.35,"mot":"U","mo":345695.0},{"ui":"7889172","t":40304.0,"r":40304.0,"q":1.07,"p":80.0,"mot":"U","mo":40304.0},{"cn":"","ui":"","t":11912.0,"r":6912.0,"q":1.36,"p":17.3,"mot":"L","mo":6912.0}]},{"d":"21.10.2016","r":11660.0,"q":3.05,"p":12.18,"s":[{"ui":"7894188","t":26930.0,"r":26820.0,"q":1.73,"p":7.1,"mot":"L","mo":1000.0},{"ui":"7891827","t":5600.0,"r":5300.0,"q":1.1,"p":9.67,"mot":"L","mo":5000.0},{"ui":"7895574","t":5690.0,"r":5660.0,"q":5.0,"p":15.3,"mot":"U","mo":5660.0},{"cn":"","ui":"","t":0.0,"r":0.0,"q":0.0,"p":0.0,"mot":"L","mo":0.0}]},{"d":"22.10.2016","r":88859.0,"q":1.87,"p":7.85,"s":[{"ui":"7894188","t":55728.0,"r":55667.0,"q":1.85,"p":7.1,"mot":"U","mo":55667.0},{"ui":"7898108","t":27192.0,"r":25792.0,"q":1.6,"p":10.0,"mot":"U","mo":25792.0},{"ui":"7899108","t":7600.0,"r":7400.0,"q":3.0,"p":6.0,"mot":"U","mo":7400.0},{"cn":"","ui":"","t":0.0,"r":0.0,"q":0.0,"p":0.0,"mot":"L","mo":0.0}]},{"d":"23.10.2016","r":93015.0,"q":1.55,"p":7.44,"s":[{"ui":"7901115","t":13375.0,"r":13375.0,"q":1.0,"p":5.0,"mot":"U","mo":13375.0},{"ui":"7898108","t":88800.0,"r":73040.0,"q":1.62,"p":8.0,"mot":"U","mo":73040.0},{"ui":"7899108","t":17600.0,"r":6400.0,"q":1.87,"p":6.0,"mot":"U","mo":6400.0},{"cn":"","ui":"","t":6428.0,"r":200.0,"q":1.15,"p":10.0,"mot":"L","mo":200.0}]},{"d":"24.10.2016","r":35.0,"q":1.36,"p":3.0,"s":[{"ui":"7900339","t":2788.0,"r":35.0,"q":1.36,"p":3.0,"mot":"U","mo":35.0},{"cn":"","ui":"","t":0.0,"r":0.0,"q":0.0,"p":0.0,"mot":"L","mo":0.0}]},{"d":"25.10.2016","r":12236.0,"q":1.13,"p":34.41,"s":[{"ui":"7905794","t":5668.0,"r":5668.0,"q":1.1,"p":3.0,"mot":"U","mo":5668.0},{"ui":"7903114","t":5968.0,"r":5968.0,"q":1.0,"p":65.62,"mot":"U","mo":5968.0},{"cn":"","ui":"","t":13028.0,"r":600.0,"q":2.63,"p":20.75,"mot":"L","mo":600.0}]},{"d":"27.10.2016","r":9324.0,"q":1.1,"p":3.0,"s":[{"ui":"7905794","t":9324.0,"r":9324.0,"q":1.1,"p":3.0,"mot":"U","mo":9324.0},{"cn":"","ui":"","t":0.0,"r":0.0,"q":0.0,"p":0.0,"mot":"L","mo":0.0}]},{"d":"28.10.2016","r":29980.0,"q":2.77,"p":10.5,"s":[{"ui":"7909679","t":30280.0,"r":29980.0,"q":2.77,"p":10.5,"mot":"U","mo":29980.0},{"cn":"","ui":"","t":0.0,"r":0.0,"q":0.0,"p":0.0,"mot":"L","mo":0.0}]},{"d":"29.10.2016","r":27500.0,"q":5.0,"p":26.0,"s":[{"ui":"7911553","t":27500.0,"r":27500.0,"q":5.0,"p":26.0,"mot":"U","mo":27500.0},{"cn":"","ui":"","t":0.0,"r":0.0,"q":0.0,"p":0.0,"mot":"L","mo":0.0}]},{"d":"30.10.2016","r":55000.0,"q":5.0,"p":10.4,"s":[{"ui":"7911553","t":55000.0,"r":55000.0,"q":5.0,"p":10.4,"mot":"U","mo":55000.0},{"cn":"","ui":"","t":0.0,"r":0.0,"q":0.0,"p":0.0,"mot":"L","mo":0.0}]},{"d":"31.10.2016","r":47800.0,"q":1.76,"p":10.35,"s":[{"ui":"7911553","t":47500.0,"r":47500.0,"q":1.76,"p":10.4,"mot":"U","mo":47500.0},{"cn":"","ui":"","t":2250.0,"r":300.0,"q":1.0,"p":1.88,"mot":"L","mo":300.0}]},{"d":"01.11.2016","r":13909.0,"q":1.88,"p":3.0,"s":[{"ui":"7915054","t":23009.0,"r":13909.0,"q":1.88,"p":3.0,"mot":"U","mo":13909.0},{"cn":"","ui":"","t":0.0,"r":0.0,"q":0.0,"p":0.0,"mot":"L","mo":0.0}]},{"d":"02.11.2016","r":27398.0,"q":1.71,"p":3.11,"s":[{"ui":"7917271","t":6604.0,"r":5804.0,"q":1.1,"p":3.5,"mot":"U","mo":5804.0},{"ui":"7915054","t":21604.0,"r":21594.0,"q":1.88,"p":3.0,"mot":"U","mo":21594.0},{"cn":"","ui":"","t":0.0,"r":0.0,"q":0.0,"p":0.0,"mot":"L","mo":0.0}]},{"d":"04.11.2016","r":1500.0,"q":10.0,"p":15.0,"s":[{"ui":"7920194","t":1500.0,"r":1500.0,"q":10.0,"p":15.0,"mot":"U","mo":1500.0},{"cn":"","ui":"","t":0.0,"r":0.0,"q":0.0,"p":0.0,"mot":"L","mo":0.0}]},{"d":"05.11.2016","r":37160.0,"q":1.0,"p":3.5,"s":[{"ui":"7919152","t":37160.0,"r":37160.0,"q":1.0,"p":3.5,"mot":"L","mo":37160.0},{"cn":"","ui":"","t":0.0,"r":0.0,"q":0.0,"p":0.0,"mot":"L","mo":0.0}]},{"d":"07.11.2016","r":6860.0,"q":1.0,"p":3.5,"s":[{"ui":"7924155","t":6860.0,"r":6860.0,"q":1.0,"p":3.5,"mot":"U","mo":6860.0},{"cn":"","ui":"","t":0.0,"r":0.0,"q":0.0,"p":0.0,"mot":"L","mo":0.0}]},{"d":"08.11.2016","r":38152.0,"q":1.0,"p":3.5,"s":[{"ui":"7924155","t":38152.0,"r":38152.0,"q":1.0,"p":3.5,"mot":"U","mo":38152.0},{"cn":"","ui":"","t":0.0,"r":0.0,"q":0.0,"p":0.0,"mot":"L","mo":0.0}]},{"d":"09.11.2016","r":52636.0,"q":1.0,"p":3.5,"s":[{"ui":"7924155","t":52636.0,"r":52636.0,"q":1.0,"p":3.5,"mot":"U","mo":52636.0},{"cn":"","ui":"","t":0.0,"r":0.0,"q":0.0,"p":0.0,"mot":"L","mo":0.0}]},{"d":"13.11.2016","r":24860.0,"q":1.2,"p":4.7,"s":[{"ui":"7930934","t":24860.0,"r":24860.0,"q":1.2,"p":4.7,"mot":"U","mo":24860.0},{"cn":"","ui":"","t":0.0,"r":0.0,"q":0.0,"p":0.0,"mot":"L","mo":0.0}]},{"d":"14.11.2016","r":948.0,"q":1.1,"p":20.0,"s":[{"ui":"7935013","t":948.0,"r":948.0,"q":1.1,"p":20.0,"mot":"U","mo":948.0},{"cn":"","ui":"","t":0.0,"r":0.0,"q":0.0,"p":0.0,"mot":"L","mo":0.0}]},{"d":"15.11.2016","r":26090.0,"q":1.0,"p":1.3,"s":[{"ui":"7936216","t":30210.0,"r":26090.0,"q":1.0,"p":1.3,"mot":"U","mo":26090.0},{"cn":"","ui":"","t":0.0,"r":0.0,"q":0.0,"p":0.0,"mot":"L","mo":0.0}]},{"d":"16.11.2016","r":600.0,"q":5.0,"p":6.98,"s":[{"ui":"7937609","t":600.0,"r":600.0,"q":5.0,"p":6.98,"mot":"U","mo":600.0},{"cn":"","ui":"","t":0.0,"r":0.0,"q":0.0,"p":0.0,"mot":"L","mo":0.0}]},{"d":"17.11.2016","r":109187.0,"q":1.04,"p":1.38,"s":[{"ui":"7936216","t":113976.0,"r":107187.0,"q":1.0,"p":1.3,"mot":"U","mo":107187.0},{"cn":"","ui":"","t":2000.0,"r":2000.0,"q":3.0,"p":5.5,"mot":"L","mo":2000.0}]},{"d":"18.11.2016","r":30380.0,"q":1.3,"p":3.58,"s":[{"ui":"7939615","t":28080.0,"r":28080.0,"q":1.0,"p":3.3,"mot":"U","mo":28080.0},{"ui":"7937609","t":2300.0,"r":2300.0,"q":5.0,"p":6.98,"mot":"U","mo":2300.0},{"cn":"","ui":"","t":0.0,"r":0.0,"q":0.0,"p":0.0,"mot":"L","mo":0.0}]},{"d":"19.11.2016","r":500.0,"q":1.1,"p":35.0,"s":[{"ui":"7941637","t":1164.0,"r":664.0,"q":1.1,"p":35.0,"mot":"L","mo":500.0},{"cn":"","ui":"","t":0.0,"r":0.0,"q":0.0,"p":0.0,"mot":"L","mo":0.0}]},{"d":"20.11.2016","r":102520.0,"q":1.0,"p":1.77,"s":[{"ui":"7939613","t":36810.0,"r":36260.0,"q":1.0,"p":1.8,"mot":"U","mo":36260.0},{"ui":"7939615","t":70610.0,"r":65760.0,"q":1.0,"p":1.5,"mot":"U","mo":65760.0},{"cn":"","ui":"","t":10288.0,"r":500.0,"q":1.1,"p":35.0,"mot":"L","mo":500.0}]},{"d":"21.11.2016","r":500.0,"q":1.1,"p":35.0,"s":[{"ui":"7941637","t":12455.0,"r":12455.0,"q":1.1,"p":35.0,"mot":"L","mo":500.0},{"cn":"","ui":"","t":0.0,"r":0.0,"q":0.0,"p":0.0,"mot":"L","mo":0.0}]},{"d":"22.11.2016","r":2559.0,"q":1.1,"p":2.5,"s":[{"ui":"7945044","t":2659.0,"r":2559.0,"q":1.1,"p":2.5,"mot":"U","mo":2559.0},{"cn":"","ui":"","t":0.0,"r":0.0,"q":0.0,"p":0.0,"mot":"L","mo":0.0}]},{"d":"23.11.2016","r":2258.0,"q":1.1,"p":10.02,"s":[{"ui":"7946197","t":970.0,"r":970.0,"q":1.1,"p":20.0,"mot":"U","mo":970.0},{"ui":"7945044","t":1388.0,"r":1288.0,"q":1.1,"p":2.5,"mot":"U","mo":1288.0},{"cn":"","ui":"","t":0.0,"r":0.0,"q":0.0,"p":0.0,"mot":"L","mo":0.0}]},{"d":"24.11.2016","r":21278.0,"q":1.05,"p":5.5,"s":[{"ui":"7946713","t":10000.0,"r":10000.0,"q":1.0,"p":3.5,"mot":"U","mo":10000.0},{"ui":"7946197","t":5674.0,"r":5674.0,"q":1.1,"p":12.0,"mot":"U","mo":5674.0},{"ui":"7945044","t":5644.0,"r":5544.0,"q":1.1,"p":2.5,"mot":"U","mo":5544.0},{"cn":"","ui":"","t":660.0,"r":60.0,"q":1.0,"p":3.0,"mot":"L","mo":60.0}]},{"d":"25.11.2016","r":113592.0,"q":1.04,"p":3.04,"s":[{"ui":"7946713","t":19810.0,"r":19740.0,"q":1.0,"p":3.5,"mot":"U","mo":19740.0},{"ui":"7946197","t":10554.0,"r":10554.0,"q":1.1,"p":12.0,"mot":"U","mo":10554.0},{"ui":"7948791","t":31122.0,"r":30622.0,"q":1.11,"p":1.6,"mot":"U","mo":30622.0},{"ui":"7948014","t":52876.0,"r":52676.0,"q":1.0,"p":1.9,"mot":"U","mo":52676.0},{"cn":"","ui":"","t":0.0,"r":0.0,"q":0.0,"p":0.0,"mot":"L","mo":0.0}]},{"d":"01.12.2016","r":10000.0,"q":1.49,"p":2.0,"s":[{"ui":"7955008","t":147020.0,"r":143020.0,"q":1.49,"p":2.0,"mot":"L","mo":10000.0},{"cn":"","ui":"","t":0.0,"r":0.0,"q":0.0,"p":0.0,"mot":"L","mo":0.0}]},{"d":"03.12.2016","r":7125.0,"q":1.57,"p":1.6,"s":[{"ui":"7957085","t":28305.0,"r":7125.0,"q":1.57,"p":1.6,"mot":"U","mo":7125.0},{"cn":"","ui":"","t":0.0,"r":0.0,"q":0.0,"p":0.0,"mot":"L","mo":0.0}]},{"d":"04.12.2016","r":500.0,"q":1.57,"p":1.6,"s":[{"ui":"7957085","t":21500.0,"r":500.0,"q":1.57,"p":1.6,"mot":"U","mo":500.0},{"cn":"","ui":"","t":0.0,"r":0.0,"q":0.0,"p":0.0,"mot":"L","mo":0.0}]},{"d":"08.12.2016","r":10800.0,"q":1.0,"p":1.8,"s":[{"ui":"7962484","t":29600.0,"r":10800.0,"q":1.0,"p":1.8,"mot":"U","mo":10800.0},{"cn":"","ui":"","t":0.0,"r":0.0,"q":0.0,"p":0.0,"mot":"L","mo":0.0}]},{"d":"09.12.2016","r":2000.0,"q":1.0,"p":1.8,"s":[{"ui":"7966191","t":8280.0,"r":5840.0,"q":1.0,"p":1.8,"mot":"L","mo":2000.0},{"cn":"","ui":"","t":0.0,"r":0.0,"q":0.0,"p":0.0,"mot":"L","mo":0.0}]},{"d":"12.12.2016","r":99836.0,"q":1.49,"p":1.21,"s":[{"ui":"7970150","t":24080.0,"r":24080.0,"q":1.0,"p":1.85,"mot":"U","mo":24080.0},{"ui":"7968733","t":96716.0,"r":75756.0,"q":1.65,"p":1.0,"mot":"U","mo":75756.0},{"cn":"","ui":"","t":0.0,"r":0.0,"q":0.0,"p":0.0,"mot":"L","mo":0.0}]},{"d":"13.12.2016","r":15788.0,"q":1.0,"p":2.71,"s":[{"ui":"7970150","t":5780.0,"r":3180.0,"q":1.0,"p":1.58,"mot":"U","mo":3180.0},{"ui":"7971120","t":12608.0,"r":12608.0,"q":1.0,"p":3.0,"mot":"U","mo":12608.0},{"cn":"","ui":"","t":0.0,"r":0.0,"q":0.0,"p":0.0,"mot":"L","mo":0.0}]},{"d":"14.12.2016","r":73100.0,"q":1.0,"p":2.0,"s":[{"ui":"7971120","t":73700.0,"r":73100.0,"q":1.0,"p":2.0,"mot":"U","mo":73100.0},{"cn":"","ui":"","t":0.0,"r":0.0,"q":0.0,"p":0.0,"mot":"L","mo":0.0}]},{"d":"15.12.2016","r":81289.0,"q":1.0,"p":2.08,"s":[{"ui":"7973991","t":33032.0,"r":33032.0,"q":1.0,"p":2.2,"mot":"U","mo":33032.0},{"ui":"7971120","t":51907.0,"r":48257.0,"q":1.0,"p":2.0,"mot":"U","mo":48257.0},{"cn":"","ui":"","t":0.0,"r":0.0,"q":0.0,"p":0.0,"mot":"L","mo":0.0}]},{"d":"16.12.2016","r":100.0,"q":1.0,"p":7.0,"s":[{"ui":"7976636","t":300.0,"r":300.0,"q":1.0,"p":7.0,"mot":"L","mo":100.0},{"cn":"","ui":"","t":0.0,"r":0.0,"q":0.0,"p":0.0,"mot":"L","mo":0.0}]},{"d":"17.12.2016","r":100.0,"q":1.0,"p":7.0,"s":[{"ui":"7976636","t":2600.0,"r":2600.0,"q":1.0,"p":7.0,"mot":"L","mo":100.0},{"cn":"","ui":"","t":0.0,"r":0.0,"q":0.0,"p":0.0,"mot":"L","mo":0.0}]},{"d":"18.12.2016","r":300.0,"q":1.0,"p":5.0,"s":[{"ui":"7980222","t":900.0,"r":900.0,"q":1.0,"p":5.0,"mot":"L","mo":300.0},{"cn":"","ui":"","t":0.0,"r":0.0,"q":0.0,"p":0.0,"mot":"L","mo":0.0}]},{"d":"19.12.2016","r":300.0,"q":1.0,"p":5.0,"s":[{"ui":"7980222","t":8400.0,"r":8400.0,"q":1.0,"p":5.0,"mot":"L","mo":300.0},{"cn":"","ui":"","t":0.0,"r":0.0,"q":0.0,"p":0.0,"mot":"L","mo":0.0}]},{"d":"23.12.2016","r":10080.0,"q":1.38,"p":4.96,"s":[{"ui":"7986947","t":3588.0,"r":3294.0,"q":1.38,"p":4.8,"mot":"L","mo":10000.0},{"cn":"","ui":"","t":80.0,"r":80.0,"q":1.1,"p":25.0,"mot":"L","mo":80.0}]},{"d":"24.12.2016","r":31535.0,"q":1.1,"p":5.0,"s":[{"ui":"7987178","t":31785.0,"r":31535.0,"q":1.1,"p":5.0,"mot":"U","mo":31535.0},{"cn":"","ui":"","t":0.0,"r":0.0,"q":0.0,"p":0.0,"mot":"L","mo":0.0}]},{"d":"25.12.2016","r":82407.0,"q":1.13,"p":5.34,"s":[{"ui":"7987178","t":73229.0,"r":72979.0,"q":1.1,"p":5.0,"mot":"U","mo":72979.0},{"ui":"7987777","t":9428.0,"r":9428.0,"q":1.39,"p":8.0,"mot":"U","mo":9428.0},{"cn":"","ui":"","t":0.0,"r":0.0,"q":0.0,"p":0.0,"mot":"L","mo":0.0}]},{"d":"28.12.2016","r":11240.0,"q":1.0,"p":10.0,"s":[{"ui":"7992668","t":11240.0,"r":11240.0,"q":1.0,"p":10.0,"mot":"U","mo":11240.0},{"cn":"","ui":"","t":0.0,"r":0.0,"q":0.0,"p":0.0,"mot":"L","mo":0.0}]},{"d":"29.12.2016","r":8000.0,"q":1.03,"p":0.01,"s":[{"ui":"7992880","t":10000.0,"r":8000.0,"q":1.03,"p":0.01,"mot":"U","mo":8000.0},{"cn":"","ui":"","t":0.0,"r":0.0,"q":0.0,"p":0.0,"mot":"L","mo":0.0}]},{"d":"31.12.2016","r":2000.0,"q":1.0,"p":5.0,"s":[{"ui":"7995919","t":89240.0,"r":89240.0,"q":1.0,"p":5.0,"mot":"L","mo":2000.0},{"cn":"","ui":"","t":0.0,"r":0.0,"q":0.0,"p":0.0,"mot":"L","mo":0.0}]},{"d":"01.01.2017","r":2000.0,"q":1.13,"p":5.0,"s":[{"ui":"7995919","t":183400.0,"r":183400.0,"q":1.13,"p":5.0,"mot":"L","mo":2000.0},{"cn":"","ui":"","t":0.0,"r":0.0,"q":0.0,"p":0.0,"mot":"L","mo":0.0}]},{"d":"02.01.2017","r":3333.0,"q":1.0,"p":2.0,"s":[{"ui":"7998418","t":2404.0,"r":2404.0,"q":1.0,"p":2.0,"mot":"L","mo":3333.0},{"cn":"","ui":"","t":0.0,"r":0.0,"q":0.0,"p":0.0,"mot":"L","mo":0.0}]},{"d":"03.01.2017","r":3333.0,"q":1.0,"p":2.0,"s":[{"ui":"7998418","t":2394.0,"r":2384.0,"q":1.0,"p":2.0,"mot":"L","mo":3333.0},{"cn":"","ui":"","t":0.0,"r":0.0,"q":0.0,"p":0.0,"mot":"L","mo":0.0}]},{"d":"07.01.2017","r":14463.0,"q":1.0,"p":34.0,"s":[{"ui":"8004322","t":14463.0,"r":14463.0,"q":1.0,"p":34.0,"mot":"U","mo":14463.0},{"cn":"","ui":"","t":0.0,"r":0.0,"q":0.0,"p":0.0,"mot":"L","mo":0.0}]},{"d":"15.01.2017","r":9607.0,"q":1.0,"p":4.46,"s":[{"ui":"8015111","t":2052.0,"r":2052.0,"q":1.0,"p":2.45,"mot":"U","mo":2052.0},{"ui":"8014793","t":7555.0,"r":7555.0,"q":1.0,"p":5.0,"mot":"U","mo":7555.0},{"cn":"","ui":"","t":0.0,"r":0.0,"q":0.0,"p":0.0,"mot":"L","mo":0.0}]},{"d":"16.01.2017","r":59843.0,"q":1.0,"p":4.82,"s":[{"ui":"8015111","t":4124.0,"r":4124.0,"q":1.0,"p":2.45,"mot":"U","mo":4124.0},{"ui":"8014793","t":55719.0,"r":55719.0,"q":1.0,"p":5.0,"mot":"U","mo":55719.0},{"cn":"","ui":"","t":0.0,"r":0.0,"q":0.0,"p":0.0,"mot":"L","mo":0.0}]},{"d":"17.01.2017","r":5340.0,"q":1.0,"p":5.0,"s":[{"ui":"8014793","t":5340.0,"r":5340.0,"q":1.0,"p":5.0,"mot":"U","mo":5340.0},{"cn":"","ui":"","t":0.0,"r":0.0,"q":0.0,"p":0.0,"mot":"L","mo":0.0}]},{"d":"22.01.2017","r":2000.0,"q":1.0,"p":2.2,"s":[{"ui":"8023215","t":10080.0,"r":9730.0,"q":1.0,"p":2.2,"mot":"L","mo":2000.0},{"cn":"","ui":"","t":0.0,"r":0.0,"q":0.0,"p":0.0,"mot":"L","mo":0.0}]},{"d":"23.01.2017","r":9184.0,"q":1.02,"p":3.25,"s":[{"ui":"8023215","t":84669.0,"r":84352.0,"q":1.0,"p":2.2,"mot":"L","mo":2000.0},{"ui":"8024565","t":30936.0,"r":30936.0,"q":1.0,"p":3.0,"mot":"L","mo":2000.0},{"ui":"8025198","t":5384.0,"r":5184.0,"q":1.03,"p":3.75,"mot":"U","mo":5184.0},{"cn":"","ui":"","t":0.0,"r":0.0,"q":0.0,"p":0.0,"mot":"L","mo":0.0}]},{"d":"24.01.2017","r":20000.0,"q":1.0,"p":3.0,"s":[{"ui":"8024565","t":48796.0,"r":46796.0,"q":1.0,"p":3.0,"mot":"L","mo":20000.0},{"cn":"","ui":"","t":0.0,"r":0.0,"q":0.0,"p":0.0,"mot":"L","mo":0.0}]},{"d":"25.01.2017","r":23900.0,"q":1.02,"p":7.11,"s":[{"ui":"8027109","t":4000.0,"r":3900.0,"q":1.1,"p":7.68,"mot":"U","mo":3900.0},{"ui":"8024565","t":31843.0,"r":29843.0,"q":1.0,"p":7.0,"mot":"L","mo":20000.0},{"cn":"","ui":"","t":0.0,"r":0.0,"q":0.0,"p":0.0,"mot":"L","mo":0.0}]},{"d":"26.01.2017","r":7433.0,"q":1.15,"p":9.47,"s":[{"ui":"8027109","t":4933.0,"r":4933.0,"q":1.1,"p":7.68,"mot":"U","mo":4933.0},{"ui":"8027530","t":31910.0,"r":31910.0,"q":1.26,"p":13.0,"mot":"L","mo":2500.0},{"cn":"","ui":"","t":0.0,"r":0.0,"q":0.0,"p":0.0,"mot":"L","mo":0.0}]},{"d":"27.01.2017","r":2000.0,"q":1.0,"p":16.0,"s":[{"ui":"8029123","t":38840.0,"r":38840.0,"q":1.0,"p":16.0,"mot":"L","mo":2000.0},{"cn":"","ui":"","t":0.0,"r":0.0,"q":0.0,"p":0.0,"mot":"L","mo":0.0}]},{"d":"28.01.2017","r":2277.0,"q":1.01,"p":14.77,"s":[{"ui":"8029123","t":84120.0,"r":84120.0,"q":1.0,"p":16.0,"mot":"L","mo":2000.0},{"ui":"8031376","t":527.0,"r":277.0,"q":1.1,"p":5.9,"mot":"U","mo":277.0},{"cn":"","ui":"","t":0.0,"r":0.0,"q":0.0,"p":0.0,"mot":"L","mo":0.0}]},{"d":"30.01.2017","r":705.0,"q":1.05,"p":200.0,"s":[{"ui":"8033240","t":705.0,"r":705.0,"q":1.05,"p":200.0,"mot":"U","mo":705.0},{"cn":"","ui":"","t":0.0,"r":0.0,"q":0.0,"p":0.0,"mot":"L","mo":0.0}]},{"d":"03.02.2017","r":5896.0,"q":1.1,"p":2.44,"s":[{"ui":"8037672","t":5796.0,"r":5796.0,"q":1.1,"p":2.45,"mot":"U","mo":5796.0},{"cn":"","ui":"","t":331.0,"r":100.0,"q":1.0,"p":1.7,"mot":"L","mo":100.0}]},{"d":"04.02.2017","r":51544.0,"q":1.1,"p":3.2,"s":[{"ui":"8037672","t":51544.0,"r":51544.0,"q":1.1,"p":3.2,"mot":"U","mo":51544.0},{"cn":"","ui":"","t":0.0,"r":0.0,"q":0.0,"p":0.0,"mot":"L","mo":0.0}]},{"d":"05.02.2017","r":98244.0,"q":1.1,"p":3.2,"s":[{"ui":"8037672","t":98244.0,"r":98244.0,"q":1.1,"p":3.2,"mot":"U","mo":98244.0},{"cn":"","ui":"","t":0.0,"r":0.0,"q":0.0,"p":0.0,"mot":"L","mo":0.0}]},{"d":"08.02.2017","r":1000.0,"q":1.1,"p":5.0,"s":[{"ui":"8042884","t":1598.0,"r":1598.0,"q":1.1,"p":5.0,"mot":"L","mo":1000.0},{"cn":"","ui":"","t":0.0,"r":0.0,"q":0.0,"p":0.0,"mot":"L","mo":0.0}]},{"d":"09.02.2017","r":1000.0,"q":1.1,"p":5.0,"s":[{"ui":"8042884","t":2174.0,"r":2174.0,"q":1.1,"p":5.0,"mot":"L","mo":1000.0},{"cn":"","ui":"","t":0.0,"r":0.0,"q":0.0,"p":0.0,"mot":"L","mo":0.0}]},{"d":"10.02.2017","r":22188.0,"q":1.1,"p":7.86,"s":[{"ui":"8044751","t":21188.0,"r":21188.0,"q":1.1,"p":8.0,"mot":"U","mo":21188.0},{"cn":"","ui":"","t":2774.0,"r":1000.0,"q":1.1,"p":5.0,"mot":"L","mo":1000.0}]},{"d":"11.02.2017","r":44168.0,"q":1.1,"p":8.0,"s":[{"ui":"8044751","t":44168.0,"r":44168.0,"q":1.1,"p":8.0,"mot":"U","mo":44168.0},{"cn":"","ui":"","t":0.0,"r":0.0,"q":0.0,"p":0.0,"mot":"L","mo":0.0}]},{"d":"12.02.2017","r":94114.0,"q":1.09,"p":8.56,"s":[{"ui":"8044751","t":67872.0,"r":67872.0,"q":1.1,"p":8.0,"mot":"U","mo":67872.0},{"ui":"8047573","t":32258.0,"r":26242.0,"q":1.07,"p":10.0,"mot":"U","mo":26242.0},{"cn":"","ui":"","t":0.0,"r":0.0,"q":0.0,"p":0.0,"mot":"L","mo":0.0}]},{"d":"14.02.2017","r":3864.0,"q":2.17,"p":10.0,"s":[{"ui":"8050349","t":3884.0,"r":3864.0,"q":2.17,"p":10.0,"mot":"U","mo":3864.0},{"cn":"","ui":"","t":0.0,"r":0.0,"q":0.0,"p":0.0,"mot":"L","mo":0.0}]},{"d":"15.02.2017","r":49011.0,"q":2.14,"p":6.53,"s":[{"ui":"8050845","t":29220.0,"r":29220.0,"q":1.52,"p":2.44,"mot":"U","mo":29220.0},{"ui":"8050349","t":14356.0,"r":2750.0,"q":3.6,"p":10.0,"mot":"U","mo":2750.0},{"ui":"8051756","t":10133.0,"r":10133.0,"q":2.85,"p":15.0,"mot":"U","mo":10133.0},{"ui":"8050300","t":18484.0,"r":6908.0,"q":3.14,"p":10.0,"mot":"U","mo":6908.0},{"cn":"","ui":"","t":0.0,"r":0.0,"q":0.0,"p":0.0,"mot":"L","mo":0.0}]},{"d":"16.02.2017","r":72355.0,"q":1.37,"p":7.2,"s":[{"ui":"8050845","t":66026.0,"r":66026.0,"q":1.4,"p":2.44,"mot":"U","mo":66026.0},{"ui":"8051988","t":6329.0,"r":6329.0,"q":1.1,"p":56.86,"mot":"U","mo":6329.0},{"cn":"","ui":"","t":0.0,"r":0.0,"q":0.0,"p":0.0,"mot":"L","mo":0.0}]},{"d":"18.02.2017","r":42467.0,"q":1.13,"p":4.0,"s":[{"ui":"8055485","t":20000.0,"r":10000.0,"q":1.1,"p":4.0,"mot":"U","mo":10000.0},{"ui":"8055430","t":35758.0,"r":23769.0,"q":1.1,"p":4.0,"mot":"U","mo":23769.0},{"ui":"8055486","t":19958.0,"r":8698.0,"q":1.27,"p":4.0,"mot":"U","mo":8698.0},{"cn":"","ui":"","t":0.0,"r":0.0,"q":0.0,"p":0.0,"mot":"L","mo":0.0}]},{"d":"19.02.2017","r":91758.0,"q":1.73,"p":4.0,"s":[{"ui":"8055485","t":30000.0,"r":10000.0,"q":1.73,"p":4.0,"mot":"U","mo":10000.0},{"ui":"8055430","t":96238.0,"r":71758.0,"q":1.73,"p":4.0,"mot":"U","mo":71758.0},{"ui":"8055486","t":30000.0,"r":10000.0,"q":1.73,"p":4.0,"mot":"U","mo":10000.0},{"cn":"","ui":"","t":0.0,"r":0.0,"q":0.0,"p":0.0,"mot":"L","mo":0.0}]},{"d":"20.02.2017","r":46580.0,"q":1.1,"p":3.17,"s":[{"ui":"8058039","t":19000.0,"r":19000.0,"q":1.1,"p":3.5,"mot":"U","mo":19000.0},{"ui":"8058181","t":27580.0,"r":27580.0,"q":1.1,"p":2.95,"mot":"U","mo":27580.0},{"cn":"","ui":"","t":0.0,"r":0.0,"q":0.0,"p":0.0,"mot":"L","mo":0.0}]},{"d":"21.02.2017","r":130636.0,"q":1.1,"p":5.97,"s":[{"ui":"8059539","t":129600.0,"r":129500.0,"q":1.1,"p":6.0,"mot":"U","mo":129500.0},{"cn":"","ui":"","t":16736.0,"r":1136.0,"q":1.1,"p":2.55,"mot":"L","mo":1136.0}]},{"d":"22.02.2017","r":473772.0,"q":1.02,"p":6.71,"s":[{"ui":"8059539","t":469972.0,"r":469972.0,"q":1.02,"p":6.75,"mot":"U","mo":469972.0},{"cn":"","ui":"","t":29600.0,"r":3800.0,"q":1.26,"p":2.0,"mot":"L","mo":3800.0}]},{"d":"23.02.2017","r":62975.0,"q":1.14,"p":2.95,"s":[{"ui":"8063251","t":60000.0,"r":60000.0,"q":1.1,"p":3.0,"mot":"U","mo":60000.0},{"cn":"","ui":"","t":6600.0,"r":2975.0,"q":2.04,"p":1.9,"mot":"L","mo":2975.0}]},{"d":"24.02.2017","r":3800.0,"q":1.0,"p":2.0,"s":[{"ui":"8061203","t":3870.0,"r":3460.0,"q":1.0,"p":2.0,"mot":"L","mo":3800.0},{"cn":"","ui":"","t":0.0,"r":0.0,"q":0.0,"p":0.0,"mot":"L","mo":0.0}]},{"d":"25.02.2017","r":64939.0,"q":1.74,"p":5.44,"s":[{"ui":"8065717","t":23015.0,"r":23015.0,"q":1.57,"p":4.0,"mot":"U","mo":23015.0},{"ui":"8062877","t":6800.0,"r":6800.0,"q":3.0,"p":7.46,"mot":"U","mo":6800.0},{"ui":"8065572","t":35144.0,"r":35124.0,"q":1.6,"p":6.0,"mot":"U","mo":35124.0},{"cn":"","ui":"","t":0.0,"r":0.0,"q":0.0,"p":0.0,"mot":"L","mo":0.0}]},{"d":"27.02.2017","r":14898.0,"q":1.22,"p":42.45,"s":[{"ui":"8068776","t":12572.0,"r":12572.0,"q":1.04,"p":50.0,"mot":"U","mo":12572.0},{"ui":"8067358","t":12099.0,"r":2326.0,"q":2.2,"p":1.66,"mot":"U","mo":2326.0},{"cn":"","ui":"","t":0.0,"r":0.0,"q":0.0,"p":0.0,"mot":"L","mo":0.0}]},{"d":"28.02.2017","r":304.0,"q":1.25,"p":5.0,"s":[{"ui":"8069023","t":636.0,"r":304.0,"q":1.25,"p":5.0,"mot":"U","mo":304.0},{"cn":"","ui":"","t":0.0,"r":0.0,"q":0.0,"p":0.0,"mot":"L","mo":0.0}]},{"d":"01.03.2017","r":37925.0,"q":2.03,"p":4.77,"s":[{"ui":"8069587","t":29084.0,"r":29084.0,"q":2.24,"p":5.0,"mot":"U","mo":29084.0},{"ui":"8069023","t":8851.0,"r":8841.0,"q":1.35,"p":4.0,"mot":"U","mo":8841.0},{"cn":"","ui":"","t":0.0,"r":0.0,"q":0.0,"p":0.0,"mot":"L","mo":0.0}]},{"d":"02.03.2017","r":0.0,"q":0.0,"p":0.0,"s":[{"cn":"","ui":"","t":0.0,"r":0.0,"q":0.0,"p":0.0,"mot":"L","mo":0.0}]},{"d":"06.03.2017","r":30167.0,"q":1.34,"p":4.75,"s":[{"cn":"Fernandez Merino Finance","ui":"8077230","t":3521.0,"r":3521.0,"q":1.0,"p":2.85,"mot":"U","mo":3521.0},{"cn":"ОСА Финанс","ui":"8078602","t":26946.0,"r":26646.0,"q":1.38,"p":5.0,"mot":"U","mo":26646.0},{"cn":"","ui":"","t":0.0,"r":0.0,"q":0.0,"p":0.0,"mot":"L","mo":0.0}]},{"d":"07.03.2017","r":0.0,"q":0.0,"p":0.0,"s":[{"cn":"","ui":"","t":0.0,"r":0.0,"q":0.0,"p":0.0,"mot":"L","mo":0.0}]}]