[{"d":"01.06.2015","r":1398.0,"q":1.0,"p":143.0,"s":[{"ui":"3187154","t":1499.0,"r":1398.0,"q":1.0,"p":143.0,"mot":"U","mo":1398.0},{"cn":"","ui":"","t":0.0,"r":0.0,"q":0.0,"p":0.0,"mot":"L","mo":0.0}]},{"d":"02.06.2015","r":2097.0,"q":1.0,"p":143.0,"s":[{"ui":"3187154","t":2198.0,"r":2097.0,"q":1.0,"p":143.0,"mot":"U","mo":2097.0},{"cn":"","ui":"","t":0.0,"r":0.0,"q":0.0,"p":0.0,"mot":"L","mo":0.0}]},{"d":"03.06.2015","r":2796.0,"q":1.0,"p":143.0,"s":[{"ui":"3187154","t":2897.0,"r":2796.0,"q":1.0,"p":143.0,"mot":"U","mo":2796.0},{"cn":"","ui":"","t":0.0,"r":0.0,"q":0.0,"p":0.0,"mot":"L","mo":0.0}]},{"d":"04.06.2015","r":3495.0,"q":1.0,"p":143.0,"s":[{"ui":"3187154","t":3596.0,"r":3495.0,"q":1.0,"p":143.0,"mot":"U","mo":3495.0},{"cn":"","ui":"","t":0.0,"r":0.0,"q":0.0,"p":0.0,"mot":"L","mo":0.0}]},{"d":"05.06.2015","r":4194.0,"q":1.0,"p":143.0,"s":[{"ui":"3187154","t":4295.0,"r":4194.0,"q":1.0,"p":143.0,"mot":"U","mo":4194.0},{"cn":"","ui":"","t":0.0,"r":0.0,"q":0.0,"p":0.0,"mot":"L","mo":0.0}]},{"d":"06.06.2015","r":893.0,"q":1.0,"p":143.0,"s":[{"ui":"3187154","t":4994.0,"r":893.0,"q":1.0,"p":143.0,"mot":"U","mo":893.0},{"cn":"","ui":"","t":0.0,"r":0.0,"q":0.0,"p":0.0,"mot":"L","mo":0.0}]},{"d":"08.06.2015","r":64264.0,"q":31.44,"p":100.0,"s":[{"ui":"2375179","t":487129.0,"r":64264.0,"q":31.44,"p":100.0,"mot":"U","mo":64264.0},{"cn":"","ui":"","t":0.0,"r":0.0,"q":0.0,"p":0.0,"mot":"L","mo":0.0}]},{"d":"09.06.2015","r":96386.0,"q":31.44,"p":100.0,"s":[{"ui":"2375179","t":519251.0,"r":96386.0,"q":31.44,"p":100.0,"mot":"U","mo":96386.0},{"cn":"","ui":"","t":0.0,"r":0.0,"q":0.0,"p":0.0,"mot":"L","mo":0.0}]},{"d":"10.06.2015","r":129909.0,"q":31.44,"p":100.0,"s":[{"ui":"2375179","t":552074.0,"r":129909.0,"q":31.44,"p":100.0,"mot":"U","mo":129909.0},{"cn":"","ui":"","t":0.0,"r":0.0,"q":0.0,"p":0.0,"mot":"L","mo":0.0}]},{"d":"11.06.2015","r":162729.0,"q":31.44,"p":100.0,"s":[{"ui":"2375179","t":584894.0,"r":162729.0,"q":31.44,"p":100.0,"mot":"U","mo":162729.0},{"cn":"","ui":"","t":0.0,"r":0.0,"q":0.0,"p":0.0,"mot":"L","mo":0.0}]},{"d":"12.06.2015","r":473600.0,"q":26.7,"p":64.84,"s":[{"ui":"3239164","t":437541.0,"r":277541.0,"q":23.35,"p":40.0,"mot":"U","mo":277541.0},{"ui":"2375179","t":617724.0,"r":196059.0,"q":31.44,"p":100.0,"mot":"U","mo":196059.0},{"cn":"","ui":"","t":0.0,"r":0.0,"q":0.0,"p":0.0,"mot":"L","mo":0.0}]},{"d":"13.06.2015","r":545109.0,"q":26.74,"p":65.25,"s":[{"ui":"3239164","t":475820.0,"r":315720.0,"q":23.32,"p":40.0,"mot":"U","mo":315720.0},{"ui":"2375179","t":651054.0,"r":229389.0,"q":31.44,"p":100.0,"mot":"U","mo":229389.0},{"cn":"","ui":"","t":0.0,"r":0.0,"q":0.0,"p":0.0,"mot":"L","mo":0.0}]},{"d":"14.06.2015","r":543783.0,"q":27.25,"p":68.73,"s":[{"ui":"3239164","t":474099.0,"r":273999.0,"q":23.31,"p":40.0,"mot":"U","mo":273999.0},{"ui":"2375179","t":684379.0,"r":262714.0,"q":31.44,"p":100.0,"mot":"U","mo":262714.0},{"cn":"","ui":"","t":12382.0,"r":7070.0,"q":24.08,"p":20.0,"mot":"L","mo":7070.0}]},{"d":"15.06.2015","r":565904.0,"q":27.41,"p":71.01,"s":[{"ui":"3239164","t":459362.0,"r":259262.0,"q":22.95,"p":40.0,"mot":"U","mo":259262.0},{"ui":"2375179","t":717702.0,"r":296037.0,"q":31.43,"p":100.0,"mot":"U","mo":296037.0},{"cn":"","ui":"","t":15917.0,"r":10605.0,"q":24.08,"p":20.0,"mot":"L","mo":10605.0}]},{"d":"16.06.2015","r":548888.0,"q":27.97,"p":75.5,"s":[{"ui":"3239164","t":424808.0,"r":205808.0,"q":22.69,"p":40.0,"mot":"U","mo":205808.0},{"ui":"2375179","t":751024.0,"r":329359.0,"q":31.43,"p":100.0,"mot":"U","mo":329359.0},{"cn":"","ui":"","t":19233.0,"r":13721.0,"q":24.06,"p":20.0,"mot":"L","mo":13721.0}]},{"d":"17.06.2015","r":573645.0,"q":28.51,"p":78.97,"s":[{"ui":"3239164","t":387254.0,"r":165254.0,"q":22.53,"p":40.0,"mot":"U","mo":165254.0},{"ui":"2375179","t":793761.0,"r":381501.0,"q":31.42,"p":100.0,"mot":"U","mo":381501.0},{"cn":"","ui":"","t":27452.0,"r":26890.0,"q":24.04,"p":20.0,"mot":"L","mo":26890.0}]},{"d":"18.06.2015","r":586972.0,"q":29.02,"p":82.17,"s":[{"ui":"3239164","t":349700.0,"r":127700.0,"q":22.44,"p":40.0,"mot":"U","mo":127700.0},{"ui":"3008800","t":35606.0,"r":35044.0,"q":24.0,"p":20.0,"mot":"U","mo":35044.0},{"ui":"2375179","t":836488.0,"r":424228.0,"q":31.42,"p":100.0,"mot":"U","mo":424228.0},{"cn":"","ui":"","t":0.0,"r":0.0,"q":0.0,"p":0.0,"mot":"L","mo":0.0}]},{"d":"19.06.2015","r":579268.0,"q":29.78,"p":86.88,"s":[{"ui":"3239164","t":301164.0,"r":69164.0,"q":22.34,"p":40.0,"mot":"U","mo":69164.0},{"ui":"3008800","t":43704.0,"r":43142.0,"q":23.96,"p":20.0,"mot":"U","mo":43142.0},{"ui":"2375179","t":879222.0,"r":466962.0,"q":31.42,"p":100.0,"mot":"U","mo":466962.0},{"cn":"","ui":"","t":0.0,"r":0.0,"q":0.0,"p":0.0,"mot":"L","mo":0.0}]},{"d":"21.06.2015","r":594400.0,"q":30.86,"p":95.56,"s":[{"ui":"2375179","t":965683.0,"r":553923.0,"q":31.41,"p":100.0,"mot":"U","mo":553923.0},{"cn":"","ui":"","t":473677.0,"r":40477.0,"q":23.36,"p":34.85,"mot":"L","mo":40477.0}]},{"d":"22.06.2015","r":692017.0,"q":30.39,"p":92.07,"s":[{"ui":"3239164","t":245198.0,"r":51948.0,"q":23.05,"p":40.0,"mot":"U","mo":51948.0},{"ui":"2375179","t":1013417.0,"r":606157.0,"q":31.4,"p":100.0,"mot":"U","mo":606157.0},{"cn":"","ui":"","t":234012.0,"r":33912.0,"q":23.68,"p":30.0,"mot":"L","mo":33912.0}]},{"d":"23.06.2015","r":335779.0,"q":29.43,"p":84.23,"s":[{"ui":"3239164","t":241800.0,"r":43800.0,"q":23.05,"p":40.0,"mot":"U","mo":43800.0},{"ui":"3230833","t":238193.0,"r":38093.0,"q":23.68,"p":30.0,"mot":"U","mo":38093.0},{"ui":"2375179","t":861146.0,"r":253886.0,"q":31.4,"p":100.0,"mot":"U","mo":253886.0},{"cn":"","ui":"","t":0.0,"r":0.0,"q":0.0,"p":0.0,"mot":"L","mo":0.0}]},{"d":"24.06.2015","r":145383.0,"q":28.94,"p":81.94,"s":[{"ui":"3239164","t":241759.0,"r":43759.0,"q":23.24,"p":40.0,"mot":"U","mo":43759.0},{"ui":"2375179","t":708884.0,"r":101624.0,"q":31.39,"p":100.0,"mot":"U","mo":101624.0},{"cn":"","ui":"","t":0.0,"r":0.0,"q":0.0,"p":0.0,"mot":"L","mo":0.0}]},{"d":"25.06.2015","r":58990.0,"q":26.21,"p":61.72,"s":[{"ui":"3239164","t":238639.0,"r":37639.0,"q":23.27,"p":40.0,"mot":"U","mo":37639.0},{"ui":"2375179","t":592611.0,"r":21351.0,"q":31.38,"p":100.0,"mot":"U","mo":21351.0},{"cn":"","ui":"","t":0.0,"r":0.0,"q":0.0,"p":0.0,"mot":"L","mo":0.0}]},{"d":"26.06.2015","r":519.0,"q":23.28,"p":40.0,"s":[{"ui":"3239164","t":218519.0,"r":519.0,"q":23.28,"p":40.0,"mot":"U","mo":519.0},{"cn":"","ui":"","t":0.0,"r":0.0,"q":0.0,"p":0.0,"mot":"L","mo":0.0}]},{"d":"27.06.2015","r":2740.0,"q":31.37,"p":100.0,"s":[{"ui":"2375179","t":565000.0,"r":2740.0,"q":31.37,"p":100.0,"mot":"U","mo":2740.0},{"cn":"","ui":"","t":0.0,"r":0.0,"q":0.0,"p":0.0,"mot":"L","mo":0.0}]},{"d":"28.06.2015","r":5473.0,"q":31.37,"p":100.0,"s":[{"ui":"2375179","t":567733.0,"r":5473.0,"q":31.37,"p":100.0,"mot":"U","mo":5473.0},{"cn":"","ui":"","t":0.0,"r":0.0,"q":0.0,"p":0.0,"mot":"L","mo":0.0}]},{"d":"29.06.2015","r":5003.0,"q":20.45,"p":115.45,"s":[{"ui":"3187154","t":1799.0,"r":1798.0,"q":1.0,"p":143.0,"mot":"U","mo":1798.0},{"ui":"2375179","t":570465.0,"r":3205.0,"q":31.36,"p":100.0,"mot":"U","mo":3205.0},{"cn":"","ui":"","t":0.0,"r":0.0,"q":0.0,"p":0.0,"mot":"L","mo":0.0}]},{"d":"30.06.2015","r":8515.0,"q":21.74,"p":113.62,"s":[{"ui":"3187154","t":2698.0,"r":2697.0,"q":1.0,"p":143.0,"mot":"U","mo":2697.0},{"ui":"2375179","t":568093.0,"r":5818.0,"q":31.35,"p":100.0,"mot":"U","mo":5818.0},{"cn":"","ui":"","t":0.0,"r":0.0,"q":0.0,"p":0.0,"mot":"L","mo":0.0}]},{"d":"01.07.2015","r":6143.0,"q":13.58,"p":124.59,"s":[{"ui":"3187154","t":3597.0,"r":3596.0,"q":1.0,"p":142.0,"mot":"U","mo":3596.0},{"ui":"2375179","t":570807.0,"r":2547.0,"q":31.35,"p":100.0,"mot":"U","mo":2547.0},{"cn":"","ui":"","t":0.0,"r":0.0,"q":0.0,"p":0.0,"mot":"L","mo":0.0}]},{"d":"02.07.2015","r":4495.0,"q":1.0,"p":142.0,"s":[{"ui":"3187154","t":4496.0,"r":4495.0,"q":1.0,"p":142.0,"mot":"U","mo":4495.0},{"cn":"","ui":"","t":0.0,"r":0.0,"q":0.0,"p":0.0,"mot":"L","mo":0.0}]},{"d":"03.07.2015","r":5394.0,"q":1.0,"p":142.0,"s":[{"ui":"3187154","t":5395.0,"r":5394.0,"q":1.0,"p":142.0,"mot":"U","mo":5394.0},{"cn":"","ui":"","t":0.0,"r":0.0,"q":0.0,"p":0.0,"mot":"L","mo":0.0}]},{"d":"04.07.2015","r":6293.0,"q":1.0,"p":142.0,"s":[{"ui":"3187154","t":6294.0,"r":6293.0,"q":1.0,"p":142.0,"mot":"U","mo":6293.0},{"cn":"","ui":"","t":0.0,"r":0.0,"q":0.0,"p":0.0,"mot":"L","mo":0.0}]},{"d":"05.07.2015","r":7192.0,"q":1.0,"p":142.0,"s":[{"ui":"3187154","t":7193.0,"r":7192.0,"q":1.0,"p":142.0,"mot":"U","mo":7192.0},{"cn":"","ui":"","t":0.0,"r":0.0,"q":0.0,"p":0.0,"mot":"L","mo":0.0}]},{"d":"06.07.2015","r":8091.0,"q":1.0,"p":142.0,"s":[{"ui":"3187154","t":8092.0,"r":8091.0,"q":1.0,"p":142.0,"mot":"U","mo":8091.0},{"cn":"","ui":"","t":0.0,"r":0.0,"q":0.0,"p":0.0,"mot":"L","mo":0.0}]},{"d":"07.07.2015","r":8990.0,"q":1.0,"p":142.0,"s":[{"ui":"3187154","t":8991.0,"r":8990.0,"q":1.0,"p":142.0,"mot":"U","mo":8990.0},{"cn":"","ui":"","t":0.0,"r":0.0,"q":0.0,"p":0.0,"mot":"L","mo":0.0}]},{"d":"08.07.2015","r":9889.0,"q":1.0,"p":142.0,"s":[{"ui":"3187154","t":9890.0,"r":9889.0,"q":1.0,"p":142.0,"mot":"U","mo":9889.0},{"cn":"","ui":"","t":0.0,"r":0.0,"q":0.0,"p":0.0,"mot":"L","mo":0.0}]},{"d":"09.07.2015","r":10788.0,"q":1.0,"p":142.0,"s":[{"ui":"3187154","t":10789.0,"r":10788.0,"q":1.0,"p":142.0,"mot":"U","mo":10788.0},{"cn":"","ui":"","t":0.0,"r":0.0,"q":0.0,"p":0.0,"mot":"L","mo":0.0}]},{"d":"10.07.2015","r":11687.0,"q":1.0,"p":141.0,"s":[{"ui":"3187154","t":11688.0,"r":11687.0,"q":1.0,"p":141.0,"mot":"U","mo":11687.0},{"cn":"","ui":"","t":0.0,"r":0.0,"q":0.0,"p":0.0,"mot":"L","mo":0.0}]},{"d":"12.07.2015","r":13485.0,"q":1.0,"p":141.0,"s":[{"ui":"3187154","t":13486.0,"r":13485.0,"q":1.0,"p":141.0,"mot":"U","mo":13485.0},{"cn":"","ui":"","t":0.0,"r":0.0,"q":0.0,"p":0.0,"mot":"L","mo":0.0}]},{"d":"13.07.2015","r":14384.0,"q":1.0,"p":141.0,"s":[{"ui":"3187154","t":14385.0,"r":14384.0,"q":1.0,"p":141.0,"mot":"U","mo":14384.0},{"cn":"","ui":"","t":0.0,"r":0.0,"q":0.0,"p":0.0,"mot":"L","mo":0.0}]},{"d":"14.07.2015","r":15283.0,"q":1.0,"p":141.0,"s":[{"ui":"3187154","t":15284.0,"r":15283.0,"q":1.0,"p":141.0,"mot":"U","mo":15283.0},{"cn":"","ui":"","t":0.0,"r":0.0,"q":0.0,"p":0.0,"mot":"L","mo":0.0}]},{"d":"15.07.2015","r":16182.0,"q":1.0,"p":141.0,"s":[{"ui":"3187154","t":16183.0,"r":16182.0,"q":1.0,"p":141.0,"mot":"U","mo":16182.0},{"cn":"","ui":"","t":0.0,"r":0.0,"q":0.0,"p":0.0,"mot":"L","mo":0.0}]},{"d":"16.07.2015","r":17081.0,"q":1.0,"p":141.0,"s":[{"ui":"3187154","t":17082.0,"r":17081.0,"q":1.0,"p":141.0,"mot":"U","mo":17081.0},{"cn":"","ui":"","t":0.0,"r":0.0,"q":0.0,"p":0.0,"mot":"L","mo":0.0}]},{"d":"17.07.2015","r":17980.0,"q":1.0,"p":141.0,"s":[{"ui":"3187154","t":17981.0,"r":17980.0,"q":1.0,"p":141.0,"mot":"U","mo":17980.0},{"cn":"","ui":"","t":0.0,"r":0.0,"q":0.0,"p":0.0,"mot":"L","mo":0.0}]},{"d":"19.07.2015","r":19778.0,"q":1.0,"p":140.0,"s":[{"ui":"3187154","t":19779.0,"r":19778.0,"q":1.0,"p":140.0,"mot":"U","mo":19778.0},{"cn":"","ui":"","t":0.0,"r":0.0,"q":0.0,"p":0.0,"mot":"L","mo":0.0}]},{"d":"20.07.2015","r":20677.0,"q":1.0,"p":140.0,"s":[{"ui":"3187154","t":20678.0,"r":20677.0,"q":1.0,"p":140.0,"mot":"U","mo":20677.0},{"cn":"","ui":"","t":0.0,"r":0.0,"q":0.0,"p":0.0,"mot":"L","mo":0.0}]},{"d":"21.07.2015","r":21576.0,"q":1.0,"p":140.0,"s":[{"ui":"3187154","t":21577.0,"r":21576.0,"q":1.0,"p":140.0,"mot":"U","mo":21576.0},{"cn":"","ui":"","t":0.0,"r":0.0,"q":0.0,"p":0.0,"mot":"L","mo":0.0}]},{"d":"22.07.2015","r":22475.0,"q":1.0,"p":140.0,"s":[{"ui":"3187154","t":22476.0,"r":22475.0,"q":1.0,"p":140.0,"mot":"U","mo":22475.0},{"cn":"","ui":"","t":0.0,"r":0.0,"q":0.0,"p":0.0,"mot":"L","mo":0.0}]},{"d":"23.07.2015","r":23374.0,"q":1.0,"p":140.0,"s":[{"ui":"3187154","t":23375.0,"r":23374.0,"q":1.0,"p":140.0,"mot":"U","mo":23374.0},{"cn":"","ui":"","t":0.0,"r":0.0,"q":0.0,"p":0.0,"mot":"L","mo":0.0}]},{"d":"25.07.2015","r":28992.0,"q":4.16,"p":123.32,"s":[{"ui":"3008800","t":11391.0,"r":3820.0,"q":25.0,"p":20.0,"mot":"U","mo":3820.0},{"ui":"3187154","t":25173.0,"r":25172.0,"q":1.0,"p":139.0,"mot":"U","mo":25172.0},{"cn":"","ui":"","t":0.0,"r":0.0,"q":0.0,"p":0.0,"mot":"L","mo":0.0}]},{"d":"28.07.2015","r":77409.0,"q":8.14,"p":88.16,"s":[{"ui":"3008800","t":17111.0,"r":9540.0,"q":25.01,"p":20.0,"mot":"U","mo":9540.0},{"ui":"3187154","t":27870.0,"r":27869.0,"q":1.0,"p":139.0,"mot":"U","mo":27869.0},{"ui":"3176069","t":50000.0,"r":40000.0,"q":9.1,"p":69.0,"mot":"U","mo":40000.0},{"cn":"","ui":"","t":0.0,"r":0.0,"q":0.0,"p":0.0,"mot":"L","mo":0.0}]},{"d":"29.07.2015","r":140208.0,"q":8.83,"p":79.36,"s":[{"ui":"3008800","t":19011.0,"r":11440.0,"q":25.02,"p":20.0,"mot":"U","mo":11440.0},{"ui":"3187154","t":28769.0,"r":28768.0,"q":1.0,"p":139.0,"mot":"U","mo":28768.0},{"ui":"3176069","t":100000.0,"r":100000.0,"q":9.23,"p":69.0,"mot":"U","mo":100000.0},{"cn":"","ui":"","t":0.0,"r":0.0,"q":0.0,"p":0.0,"mot":"L","mo":0.0}]},{"d":"30.07.2015","r":168961.0,"q":9.0,"p":77.61,"s":[{"ui":"3008800","t":20278.0,"r":12707.0,"q":24.65,"p":20.0,"mot":"U","mo":12707.0},{"ui":"3187154","t":29668.0,"r":29667.0,"q":1.0,"p":139.0,"mot":"U","mo":29667.0},{"ui":"3176069","t":126587.0,"r":126587.0,"q":9.31,"p":69.0,"mot":"U","mo":126587.0},{"cn":"","ui":"","t":0.0,"r":0.0,"q":0.0,"p":0.0,"mot":"L","mo":0.0}]},{"d":"31.07.2015","r":219127.0,"q":9.11,"p":76.09,"s":[{"ui":"3008800","t":20545.0,"r":11974.0,"q":24.45,"p":20.0,"mot":"U","mo":11974.0},{"ui":"3187154","t":30567.0,"r":30566.0,"q":1.0,"p":139.0,"mot":"U","mo":30566.0},{"ui":"3176069","t":176587.0,"r":176587.0,"q":9.47,"p":69.0,"mot":"U","mo":176587.0},{"cn":"","ui":"","t":0.0,"r":0.0,"q":0.0,"p":0.0,"mot":"L","mo":0.0}]},{"d":"01.08.2015","r":270293.0,"q":9.28,"p":74.81,"s":[{"ui":"3187154","t":31466.0,"r":31465.0,"q":1.0,"p":138.0,"mot":"U","mo":31465.0},{"ui":"3176069","t":226587.0,"r":226587.0,"q":9.62,"p":69.0,"mot":"U","mo":226587.0},{"cn":"","ui":"","t":20812.0,"r":12241.0,"q":24.34,"p":20.0,"mot":"L","mo":12241.0}]},{"d":"02.08.2015","r":321449.0,"q":9.43,"p":74.04,"s":[{"ui":"3187154","t":32365.0,"r":32364.0,"q":1.0,"p":138.0,"mot":"U","mo":32364.0},{"ui":"3176069","t":276587.0,"r":276587.0,"q":9.75,"p":69.0,"mot":"U","mo":276587.0},{"cn":"","ui":"","t":21069.0,"r":12498.0,"q":24.27,"p":20.0,"mot":"L","mo":12498.0}]},{"d":"03.08.2015","r":372586.0,"q":9.59,"p":73.49,"s":[{"ui":"3187154","t":33264.0,"r":33263.0,"q":1.0,"p":138.0,"mot":"U","mo":33263.0},{"ui":"3176069","t":326587.0,"r":326587.0,"q":9.89,"p":69.0,"mot":"U","mo":326587.0},{"cn":"","ui":"","t":21307.0,"r":12736.0,"q":24.23,"p":20.0,"mot":"L","mo":12736.0}]},{"d":"04.08.2015","r":423677.0,"q":9.72,"p":73.07,"s":[{"ui":"3187154","t":34163.0,"r":34162.0,"q":1.0,"p":138.0,"mot":"U","mo":34162.0},{"ui":"3176069","t":376587.0,"r":376587.0,"q":10.01,"p":69.0,"mot":"U","mo":376587.0},{"cn":"","ui":"","t":21499.0,"r":12928.0,"q":24.18,"p":20.0,"mot":"L","mo":12928.0}]},{"d":"05.08.2015","r":474702.0,"q":9.85,"p":72.75,"s":[{"ui":"3187154","t":35062.0,"r":35061.0,"q":1.0,"p":138.0,"mot":"U","mo":35061.0},{"ui":"3176069","t":426587.0,"r":426587.0,"q":10.14,"p":69.0,"mot":"U","mo":426587.0},{"cn":"","ui":"","t":21625.0,"r":13054.0,"q":24.12,"p":20.0,"mot":"L","mo":13054.0}]},{"d":"06.08.2015","r":512547.0,"q":9.61,"p":73.84,"s":[{"ui":"3187154","t":35961.0,"r":35960.0,"q":1.0,"p":138.0,"mot":"U","mo":35960.0},{"ui":"3176069","t":476587.0,"r":476587.0,"q":10.26,"p":69.0,"mot":"U","mo":476587.0},{"cn":"","ui":"","t":0.0,"r":0.0,"q":0.0,"p":0.0,"mot":"L","mo":0.0}]},{"d":"07.08.2015","r":563446.0,"q":9.78,"p":73.51,"s":[{"ui":"3187154","t":36860.0,"r":36859.0,"q":1.0,"p":138.0,"mot":"U","mo":36859.0},{"ui":"3176069","t":526587.0,"r":526587.0,"q":10.39,"p":69.0,"mot":"U","mo":526587.0},{"cn":"","ui":"","t":0.0,"r":0.0,"q":0.0,"p":0.0,"mot":"L","mo":0.0}]},{"d":"08.08.2015","r":614345.0,"q":9.93,"p":73.24,"s":[{"ui":"3187154","t":37759.0,"r":37758.0,"q":1.0,"p":138.0,"mot":"U","mo":37758.0},{"ui":"3176069","t":576587.0,"r":576587.0,"q":10.51,"p":69.0,"mot":"U","mo":576587.0},{"cn":"","ui":"","t":0.0,"r":0.0,"q":0.0,"p":0.0,"mot":"L","mo":0.0}]},{"d":"09.08.2015","r":665244.0,"q":10.06,"p":72.95,"s":[{"ui":"3187154","t":38658.0,"r":38657.0,"q":1.0,"p":137.0,"mot":"U","mo":38657.0},{"ui":"3176069","t":626587.0,"r":626587.0,"q":10.62,"p":69.0,"mot":"U","mo":626587.0},{"cn":"","ui":"","t":0.0,"r":0.0,"q":0.0,"p":0.0,"mot":"L","mo":0.0}]},{"d":"10.08.2015","r":716043.0,"q":10.2,"p":72.76,"s":[{"ui":"3187154","t":39557.0,"r":39556.0,"q":1.0,"p":137.0,"mot":"U","mo":39556.0},{"ui":"3176069","t":676587.0,"r":676487.0,"q":10.74,"p":69.0,"mot":"U","mo":676487.0},{"cn":"","ui":"","t":0.0,"r":0.0,"q":0.0,"p":0.0,"mot":"L","mo":0.0}]},{"d":"11.08.2015","r":766842.0,"q":10.34,"p":72.59,"s":[{"ui":"3187154","t":40456.0,"r":40455.0,"q":1.0,"p":137.0,"mot":"U","mo":40455.0},{"ui":"3176069","t":726487.0,"r":726387.0,"q":10.86,"p":69.0,"mot":"U","mo":726387.0},{"cn":"","ui":"","t":0.0,"r":0.0,"q":0.0,"p":0.0,"mot":"L","mo":0.0}]},{"d":"12.08.2015","r":817641.0,"q":10.47,"p":72.44,"s":[{"ui":"3187154","t":41355.0,"r":41354.0,"q":1.0,"p":137.0,"mot":"U","mo":41354.0},{"ui":"3176069","t":776387.0,"r":776287.0,"q":10.97,"p":69.0,"mot":"U","mo":776287.0},{"cn":"","ui":"","t":0.0,"r":0.0,"q":0.0,"p":0.0,"mot":"L","mo":0.0}]},{"d":"13.08.2015","r":868440.0,"q":10.57,"p":72.31,"s":[{"ui":"3176069","t":826287.0,"r":826187.0,"q":11.06,"p":69.0,"mot":"U","mo":826187.0},{"cn":"","ui":"","t":42254.0,"r":42253.0,"q":1.0,"p":137.0,"mot":"L","mo":42253.0}]},{"d":"14.08.2015","r":319239.0,"q":9.81,"p":78.19,"s":[{"ui":"3187154","t":43153.0,"r":43152.0,"q":1.0,"p":137.0,"mot":"U","mo":43152.0},{"ui":"3176069","t":576187.0,"r":276087.0,"q":11.19,"p":69.0,"mot":"U","mo":276087.0},{"cn":"","ui":"","t":0.0,"r":0.0,"q":0.0,"p":0.0,"mot":"L","mo":0.0}]},{"d":"15.08.2015","r":70038.0,"q":4.86,"p":111.77,"s":[{"ui":"3187154","t":44052.0,"r":44051.0,"q":1.0,"p":137.0,"mot":"U","mo":44051.0},{"ui":"3176069","t":326087.0,"r":25987.0,"q":11.39,"p":69.0,"mot":"U","mo":25987.0},{"cn":"","ui":"","t":0.0,"r":0.0,"q":0.0,"p":0.0,"mot":"L","mo":0.0}]},{"d":"16.08.2015","r":44950.0,"q":1.0,"p":137.0,"s":[{"ui":"3187154","t":44951.0,"r":44950.0,"q":1.0,"p":137.0,"mot":"U","mo":44950.0},{"cn":"","ui":"","t":0.0,"r":0.0,"q":0.0,"p":0.0,"mot":"L","mo":0.0}]},{"d":"17.08.2015","r":45849.0,"q":1.0,"p":137.0,"s":[{"ui":"3187154","t":45850.0,"r":45849.0,"q":1.0,"p":137.0,"mot":"U","mo":45849.0},{"cn":"","ui":"","t":0.0,"r":0.0,"q":0.0,"p":0.0,"mot":"L","mo":0.0}]},{"d":"18.08.2015","r":46748.0,"q":1.0,"p":137.0,"s":[{"ui":"3187154","t":46749.0,"r":46748.0,"q":1.0,"p":137.0,"mot":"U","mo":46748.0},{"cn":"","ui":"","t":0.0,"r":0.0,"q":0.0,"p":0.0,"mot":"L","mo":0.0}]},{"d":"19.08.2015","r":47647.0,"q":1.0,"p":137.0,"s":[{"ui":"3187154","t":47648.0,"r":47647.0,"q":1.0,"p":137.0,"mot":"U","mo":47647.0},{"cn":"","ui":"","t":0.0,"r":0.0,"q":0.0,"p":0.0,"mot":"L","mo":0.0}]},{"d":"20.08.2015","r":48546.0,"q":1.0,"p":137.0,"s":[{"ui":"3187154","t":48547.0,"r":48546.0,"q":1.0,"p":137.0,"mot":"U","mo":48546.0},{"cn":"","ui":"","t":0.0,"r":0.0,"q":0.0,"p":0.0,"mot":"L","mo":0.0}]},{"d":"21.08.2015","r":49445.0,"q":1.0,"p":136.0,"s":[{"ui":"3187154","t":49446.0,"r":49445.0,"q":1.0,"p":136.0,"mot":"U","mo":49445.0},{"cn":"","ui":"","t":0.0,"r":0.0,"q":0.0,"p":0.0,"mot":"L","mo":0.0}]},{"d":"22.08.2015","r":50344.0,"q":1.0,"p":136.0,"s":[{"ui":"3187154","t":50345.0,"r":50344.0,"q":1.0,"p":136.0,"mot":"U","mo":50344.0},{"cn":"","ui":"","t":0.0,"r":0.0,"q":0.0,"p":0.0,"mot":"L","mo":0.0}]},{"d":"23.08.2015","r":51243.0,"q":1.0,"p":136.0,"s":[{"ui":"3187154","t":51244.0,"r":51243.0,"q":1.0,"p":136.0,"mot":"U","mo":51243.0},{"cn":"","ui":"","t":0.0,"r":0.0,"q":0.0,"p":0.0,"mot":"L","mo":0.0}]},{"d":"24.08.2015","r":51252.0,"q":1.0,"p":136.0,"s":[{"ui":"3187154","t":51253.0,"r":51252.0,"q":1.0,"p":136.0,"mot":"U","mo":51252.0},{"cn":"","ui":"","t":0.0,"r":0.0,"q":0.0,"p":0.0,"mot":"L","mo":0.0}]},{"d":"25.08.2015","r":51261.0,"q":1.0,"p":136.0,"s":[{"ui":"3187154","t":51262.0,"r":51261.0,"q":1.0,"p":136.0,"mot":"U","mo":51261.0},{"cn":"","ui":"","t":0.0,"r":0.0,"q":0.0,"p":0.0,"mot":"L","mo":0.0}]},{"d":"26.08.2015","r":51270.0,"q":1.0,"p":136.0,"s":[{"ui":"3187154","t":51271.0,"r":51270.0,"q":1.0,"p":136.0,"mot":"U","mo":51270.0},{"cn":"","ui":"","t":0.0,"r":0.0,"q":0.0,"p":0.0,"mot":"L","mo":0.0}]},{"d":"27.08.2015","r":51279.0,"q":1.0,"p":136.0,"s":[{"ui":"3187154","t":51280.0,"r":51279.0,"q":1.0,"p":136.0,"mot":"U","mo":51279.0},{"cn":"","ui":"","t":0.0,"r":0.0,"q":0.0,"p":0.0,"mot":"L","mo":0.0}]},{"d":"28.08.2015","r":51288.0,"q":1.0,"p":136.0,"s":[{"ui":"3187154","t":51289.0,"r":51288.0,"q":1.0,"p":136.0,"mot":"U","mo":51288.0},{"cn":"","ui":"","t":0.0,"r":0.0,"q":0.0,"p":0.0,"mot":"L","mo":0.0}]},{"d":"29.08.2015","r":51297.0,"q":1.0,"p":136.0,"s":[{"ui":"3187154","t":51298.0,"r":51297.0,"q":1.0,"p":136.0,"mot":"U","mo":51297.0},{"cn":"","ui":"","t":0.0,"r":0.0,"q":0.0,"p":0.0,"mot":"L","mo":0.0}]},{"d":"30.08.2015","r":51306.0,"q":1.0,"p":135.0,"s":[{"ui":"3187154","t":51307.0,"r":51306.0,"q":1.0,"p":135.0,"mot":"U","mo":51306.0},{"cn":"","ui":"","t":0.0,"r":0.0,"q":0.0,"p":0.0,"mot":"L","mo":0.0}]},{"d":"31.08.2015","r":51115.0,"q":1.0,"p":135.0,"s":[{"ui":"3187154","t":51116.0,"r":51115.0,"q":1.0,"p":135.0,"mot":"U","mo":51115.0},{"cn":"","ui":"","t":0.0,"r":0.0,"q":0.0,"p":0.0,"mot":"L","mo":0.0}]},{"d":"01.09.2015","r":50124.0,"q":1.0,"p":135.0,"s":[{"ui":"3187154","t":50125.0,"r":50124.0,"q":1.0,"p":135.0,"mot":"U","mo":50124.0},{"cn":"","ui":"","t":0.0,"r":0.0,"q":0.0,"p":0.0,"mot":"L","mo":0.0}]},{"d":"02.09.2015","r":48663.0,"q":1.0,"p":135.0,"s":[{"ui":"3187154","t":49399.0,"r":48663.0,"q":1.0,"p":135.0,"mot":"U","mo":48663.0},{"cn":"","ui":"","t":0.0,"r":0.0,"q":0.0,"p":0.0,"mot":"L","mo":0.0}]},{"d":"03.09.2015","r":49223.0,"q":1.0,"p":135.0,"s":[{"ui":"3187154","t":49316.0,"r":49223.0,"q":1.0,"p":135.0,"mot":"U","mo":49223.0},{"cn":"","ui":"","t":0.0,"r":0.0,"q":0.0,"p":0.0,"mot":"L","mo":0.0}]},{"d":"04.09.2015","r":49100.0,"q":1.0,"p":135.0,"s":[{"ui":"3187154","t":49213.0,"r":49100.0,"q":1.0,"p":135.0,"mot":"U","mo":49100.0},{"cn":"","ui":"","t":0.0,"r":0.0,"q":0.0,"p":0.0,"mot":"L","mo":0.0}]},{"d":"05.09.2015","r":48947.0,"q":1.0,"p":135.0,"s":[{"ui":"3187154","t":49085.0,"r":48947.0,"q":1.0,"p":135.0,"mot":"U","mo":48947.0},{"cn":"","ui":"","t":0.0,"r":0.0,"q":0.0,"p":0.0,"mot":"L","mo":0.0}]},{"d":"06.09.2015","r":48659.0,"q":1.0,"p":135.0,"s":[{"ui":"3187154","t":48877.0,"r":48659.0,"q":1.0,"p":135.0,"mot":"U","mo":48659.0},{"cn":"","ui":"","t":0.0,"r":0.0,"q":0.0,"p":0.0,"mot":"L","mo":0.0}]},{"d":"07.09.2015","r":48345.0,"q":1.0,"p":135.0,"s":[{"ui":"3187154","t":48616.0,"r":48345.0,"q":1.0,"p":135.0,"mot":"U","mo":48345.0},{"cn":"","ui":"","t":0.0,"r":0.0,"q":0.0,"p":0.0,"mot":"L","mo":0.0}]},{"d":"08.09.2015","r":47884.0,"q":1.0,"p":135.0,"s":[{"ui":"3187154","t":48255.0,"r":47884.0,"q":1.0,"p":135.0,"mot":"U","mo":47884.0},{"cn":"","ui":"","t":0.0,"r":0.0,"q":0.0,"p":0.0,"mot":"L","mo":0.0}]},{"d":"09.09.2015","r":47523.0,"q":1.0,"p":135.0,"s":[{"ui":"3187154","t":47894.0,"r":47523.0,"q":1.0,"p":135.0,"mot":"U","mo":47523.0},{"cn":"","ui":"","t":0.0,"r":0.0,"q":0.0,"p":0.0,"mot":"L","mo":0.0}]},{"d":"10.09.2015","r":47162.0,"q":1.0,"p":135.0,"s":[{"ui":"3187154","t":47533.0,"r":47162.0,"q":1.0,"p":135.0,"mot":"U","mo":47162.0},{"cn":"","ui":"","t":0.0,"r":0.0,"q":0.0,"p":0.0,"mot":"L","mo":0.0}]},{"d":"11.09.2015","r":46541.0,"q":1.0,"p":135.0,"s":[{"ui":"3187154","t":47042.0,"r":46541.0,"q":1.0,"p":135.0,"mot":"U","mo":46541.0},{"cn":"","ui":"","t":0.0,"r":0.0,"q":0.0,"p":0.0,"mot":"L","mo":0.0}]},{"d":"12.09.2015","r":46010.0,"q":1.01,"p":135.0,"s":[{"ui":"3187154","t":46531.0,"r":46010.0,"q":1.01,"p":135.0,"mot":"U","mo":46010.0},{"cn":"","ui":"","t":0.0,"r":0.0,"q":0.0,"p":0.0,"mot":"L","mo":0.0}]},{"d":"13.09.2015","r":45765.0,"q":1.01,"p":135.0,"s":[{"ui":"3187154","t":46153.0,"r":45765.0,"q":1.01,"p":135.0,"mot":"U","mo":45765.0},{"cn":"","ui":"","t":0.0,"r":0.0,"q":0.0,"p":0.0,"mot":"L","mo":0.0}]},{"d":"14.09.2015","r":44747.0,"q":1.01,"p":135.0,"s":[{"ui":"3187154","t":45455.0,"r":44747.0,"q":1.01,"p":135.0,"mot":"U","mo":44747.0},{"cn":"","ui":"","t":0.0,"r":0.0,"q":0.0,"p":0.0,"mot":"L","mo":0.0}]},{"d":"15.09.2015","r":44049.0,"q":1.01,"p":135.0,"s":[{"ui":"3187154","t":44757.0,"r":44049.0,"q":1.01,"p":135.0,"mot":"U","mo":44049.0},{"cn":"","ui":"","t":0.0,"r":0.0,"q":0.0,"p":0.0,"mot":"L","mo":0.0}]},{"d":"16.09.2015","r":43351.0,"q":1.01,"p":135.0,"s":[{"ui":"3187154","t":44059.0,"r":43351.0,"q":1.01,"p":135.0,"mot":"U","mo":43351.0},{"cn":"","ui":"","t":0.0,"r":0.0,"q":0.0,"p":0.0,"mot":"L","mo":0.0}]},{"d":"17.09.2015","r":42653.0,"q":1.01,"p":135.0,"s":[{"ui":"3187154","t":43361.0,"r":42653.0,"q":1.01,"p":135.0,"mot":"U","mo":42653.0},{"cn":"","ui":"","t":0.0,"r":0.0,"q":0.0,"p":0.0,"mot":"L","mo":0.0}]},{"d":"18.09.2015","r":41955.0,"q":1.01,"p":135.0,"s":[{"ui":"3187154","t":42663.0,"r":41955.0,"q":1.01,"p":135.0,"mot":"U","mo":41955.0},{"cn":"","ui":"","t":0.0,"r":0.0,"q":0.0,"p":0.0,"mot":"L","mo":0.0}]},{"d":"19.09.2015","r":41257.0,"q":1.01,"p":135.0,"s":[{"ui":"3187154","t":41965.0,"r":41257.0,"q":1.01,"p":135.0,"mot":"U","mo":41257.0},{"cn":"","ui":"","t":0.0,"r":0.0,"q":0.0,"p":0.0,"mot":"L","mo":0.0}]},{"d":"20.09.2015","r":40559.0,"q":1.01,"p":135.0,"s":[{"ui":"3187154","t":41267.0,"r":40559.0,"q":1.01,"p":135.0,"mot":"U","mo":40559.0},{"cn":"","ui":"","t":0.0,"r":0.0,"q":0.0,"p":0.0,"mot":"L","mo":0.0}]},{"d":"21.09.2015","r":40061.0,"q":1.01,"p":135.0,"s":[{"ui":"3187154","t":40669.0,"r":40061.0,"q":1.01,"p":135.0,"mot":"U","mo":40061.0},{"cn":"","ui":"","t":0.0,"r":0.0,"q":0.0,"p":0.0,"mot":"L","mo":0.0}]},{"d":"22.09.2015","r":39463.0,"q":1.01,"p":135.0,"s":[{"ui":"3187154","t":40071.0,"r":39463.0,"q":1.01,"p":135.0,"mot":"U","mo":39463.0},{"cn":"","ui":"","t":0.0,"r":0.0,"q":0.0,"p":0.0,"mot":"L","mo":0.0}]},{"d":"23.09.2015","r":39845.0,"q":1.01,"p":135.0,"s":[{"ui":"3187154","t":39963.0,"r":39845.0,"q":1.01,"p":135.0,"mot":"U","mo":39845.0},{"cn":"","ui":"","t":0.0,"r":0.0,"q":0.0,"p":0.0,"mot":"L","mo":0.0}]},{"d":"24.09.2015","r":37737.0,"q":1.01,"p":135.0,"s":[{"ui":"3187154","t":38855.0,"r":37737.0,"q":1.01,"p":135.0,"mot":"U","mo":37737.0},{"cn":"","ui":"","t":0.0,"r":0.0,"q":0.0,"p":0.0,"mot":"L","mo":0.0}]},{"d":"25.09.2015","r":36629.0,"q":1.01,"p":135.0,"s":[{"ui":"3187154","t":37747.0,"r":36629.0,"q":1.01,"p":135.0,"mot":"U","mo":36629.0},{"cn":"","ui":"","t":0.0,"r":0.0,"q":0.0,"p":0.0,"mot":"L","mo":0.0}]},{"d":"26.09.2015","r":37521.0,"q":1.01,"p":135.0,"s":[{"ui":"3187154","t":37639.0,"r":37521.0,"q":1.01,"p":135.0,"mot":"U","mo":37521.0},{"cn":"","ui":"","t":0.0,"r":0.0,"q":0.0,"p":0.0,"mot":"L","mo":0.0}]},{"d":"27.09.2015","r":37413.0,"q":1.02,"p":135.0,"s":[{"ui":"3187154","t":37531.0,"r":37413.0,"q":1.02,"p":135.0,"mot":"U","mo":37413.0},{"cn":"","ui":"","t":0.0,"r":0.0,"q":0.0,"p":0.0,"mot":"L","mo":0.0}]},{"d":"28.09.2015","r":37305.0,"q":1.02,"p":135.0,"s":[{"ui":"3187154","t":37423.0,"r":37305.0,"q":1.02,"p":135.0,"mot":"U","mo":37305.0},{"cn":"","ui":"","t":0.0,"r":0.0,"q":0.0,"p":0.0,"mot":"L","mo":0.0}]},{"d":"29.09.2015","r":37197.0,"q":1.02,"p":135.0,"s":[{"ui":"3187154","t":37315.0,"r":37197.0,"q":1.02,"p":135.0,"mot":"U","mo":37197.0},{"cn":"","ui":"","t":0.0,"r":0.0,"q":0.0,"p":0.0,"mot":"L","mo":0.0}]},{"d":"30.09.2015","r":37089.0,"q":1.02,"p":135.0,"s":[{"ui":"3187154","t":37207.0,"r":37089.0,"q":1.02,"p":135.0,"mot":"U","mo":37089.0},{"cn":"","ui":"","t":0.0,"r":0.0,"q":0.0,"p":0.0,"mot":"L","mo":0.0}]},{"d":"01.10.2015","r":37215.0,"q":1.02,"p":135.0,"s":[{"ui":"3187154","t":37216.0,"r":37215.0,"q":1.02,"p":135.0,"mot":"U","mo":37215.0},{"cn":"","ui":"","t":0.0,"r":0.0,"q":0.0,"p":0.0,"mot":"L","mo":0.0}]},{"d":"02.10.2015","r":77099.0,"q":10.09,"p":85.38,"s":[{"ui":"3239164","t":246875.0,"r":39875.0,"q":18.55,"p":40.0,"mot":"U","mo":39875.0},{"ui":"3187154","t":37225.0,"r":37224.0,"q":1.02,"p":134.0,"mot":"U","mo":37224.0},{"cn":"","ui":"","t":0.0,"r":0.0,"q":0.0,"p":0.0,"mot":"L","mo":0.0}]},{"d":"03.10.2015","r":119834.0,"q":13.1,"p":69.21,"s":[{"ui":"3239164","t":289601.0,"r":82601.0,"q":18.55,"p":40.0,"mot":"U","mo":82601.0},{"ui":"3187154","t":37234.0,"r":37233.0,"q":1.02,"p":134.0,"mot":"U","mo":37233.0},{"cn":"","ui":"","t":0.0,"r":0.0,"q":0.0,"p":0.0,"mot":"L","mo":0.0}]},{"d":"04.10.2015","r":162569.0,"q":14.53,"p":61.53,"s":[{"ui":"3239164","t":332327.0,"r":125327.0,"q":18.55,"p":40.0,"mot":"U","mo":125327.0},{"ui":"3187154","t":37243.0,"r":37242.0,"q":1.02,"p":134.0,"mot":"U","mo":37242.0},{"cn":"","ui":"","t":0.0,"r":0.0,"q":0.0,"p":0.0,"mot":"L","mo":0.0}]},{"d":"05.10.2015","r":205304.0,"q":15.37,"p":57.06,"s":[{"ui":"3239164","t":375053.0,"r":168053.0,"q":18.55,"p":40.0,"mot":"U","mo":168053.0},{"ui":"3187154","t":37252.0,"r":37251.0,"q":1.02,"p":134.0,"mot":"U","mo":37251.0},{"cn":"","ui":"","t":0.0,"r":0.0,"q":0.0,"p":0.0,"mot":"L","mo":0.0}]},{"d":"06.10.2015","r":247989.0,"q":15.92,"p":54.12,"s":[{"ui":"3239164","t":417729.0,"r":210729.0,"q":18.55,"p":40.0,"mot":"U","mo":210729.0},{"ui":"3187154","t":37261.0,"r":37260.0,"q":1.02,"p":134.0,"mot":"U","mo":37260.0},{"cn":"","ui":"","t":0.0,"r":0.0,"q":0.0,"p":0.0,"mot":"L","mo":0.0}]},{"d":"07.10.2015","r":290674.0,"q":16.3,"p":52.05,"s":[{"ui":"3239164","t":460405.0,"r":253405.0,"q":18.55,"p":40.0,"mot":"U","mo":253405.0},{"ui":"3187154","t":37270.0,"r":37269.0,"q":1.02,"p":134.0,"mot":"U","mo":37269.0},{"cn":"","ui":"","t":0.0,"r":0.0,"q":0.0,"p":0.0,"mot":"L","mo":0.0}]},{"d":"08.10.2015","r":258359.0,"q":16.02,"p":53.42,"s":[{"ui":"3239164","t":403081.0,"r":221081.0,"q":18.55,"p":40.0,"mot":"U","mo":221081.0},{"ui":"3187154","t":37279.0,"r":37278.0,"q":1.02,"p":133.0,"mot":"U","mo":37278.0},{"cn":"","ui":"","t":0.0,"r":0.0,"q":0.0,"p":0.0,"mot":"L","mo":0.0}]},{"d":"09.10.2015","r":37287.0,"q":1.02,"p":133.0,"s":[{"ui":"3187154","t":37288.0,"r":37287.0,"q":1.02,"p":133.0,"mot":"U","mo":37287.0},{"cn":"","ui":"","t":0.0,"r":0.0,"q":0.0,"p":0.0,"mot":"L","mo":0.0}]},{"d":"10.10.2015","r":37296.0,"q":1.03,"p":133.0,"s":[{"ui":"3187154","t":37297.0,"r":37296.0,"q":1.03,"p":133.0,"mot":"U","mo":37296.0},{"cn":"","ui":"","t":0.0,"r":0.0,"q":0.0,"p":0.0,"mot":"L","mo":0.0}]},{"d":"12.10.2015","r":37314.0,"q":1.03,"p":133.0,"s":[{"ui":"3187154","t":37315.0,"r":37314.0,"q":1.03,"p":133.0,"mot":"U","mo":37314.0},{"cn":"","ui":"","t":0.0,"r":0.0,"q":0.0,"p":0.0,"mot":"L","mo":0.0}]},{"d":"13.10.2015","r":37323.0,"q":1.03,"p":132.0,"s":[{"ui":"3187154","t":37324.0,"r":37323.0,"q":1.03,"p":132.0,"mot":"U","mo":37323.0},{"cn":"","ui":"","t":0.0,"r":0.0,"q":0.0,"p":0.0,"mot":"L","mo":0.0}]},{"d":"14.10.2015","r":37332.0,"q":1.03,"p":132.0,"s":[{"ui":"3187154","t":37333.0,"r":37332.0,"q":1.03,"p":132.0,"mot":"U","mo":37332.0},{"cn":"","ui":"","t":0.0,"r":0.0,"q":0.0,"p":0.0,"mot":"L","mo":0.0}]},{"d":"15.10.2015","r":37341.0,"q":1.03,"p":132.0,"s":[{"ui":"3187154","t":37342.0,"r":37341.0,"q":1.03,"p":132.0,"mot":"U","mo":37341.0},{"cn":"","ui":"","t":0.0,"r":0.0,"q":0.0,"p":0.0,"mot":"L","mo":0.0}]},{"d":"16.10.2015","r":37350.0,"q":1.03,"p":132.0,"s":[{"ui":"3187154","t":37351.0,"r":37350.0,"q":1.03,"p":132.0,"mot":"U","mo":37350.0},{"cn":"","ui":"","t":0.0,"r":0.0,"q":0.0,"p":0.0,"mot":"L","mo":0.0}]},{"d":"17.10.2015","r":37359.0,"q":1.03,"p":132.0,"s":[{"ui":"3187154","t":37360.0,"r":37359.0,"q":1.03,"p":132.0,"mot":"U","mo":37359.0},{"cn":"","ui":"","t":0.0,"r":0.0,"q":0.0,"p":0.0,"mot":"L","mo":0.0}]},{"d":"18.10.2015","r":37368.0,"q":1.03,"p":132.0,"s":[{"ui":"3187154","t":37369.0,"r":37368.0,"q":1.03,"p":132.0,"mot":"U","mo":37368.0},{"cn":"","ui":"","t":0.0,"r":0.0,"q":0.0,"p":0.0,"mot":"L","mo":0.0}]},{"d":"19.10.2015","r":37377.0,"q":1.03,"p":131.0,"s":[{"ui":"3187154","t":37378.0,"r":37377.0,"q":1.03,"p":131.0,"mot":"U","mo":37377.0},{"cn":"","ui":"","t":0.0,"r":0.0,"q":0.0,"p":0.0,"mot":"L","mo":0.0}]},{"d":"20.10.2015","r":37386.0,"q":1.03,"p":131.0,"s":[{"ui":"3187154","t":37387.0,"r":37386.0,"q":1.03,"p":131.0,"mot":"U","mo":37386.0},{"cn":"","ui":"","t":0.0,"r":0.0,"q":0.0,"p":0.0,"mot":"L","mo":0.0}]},{"d":"21.10.2015","r":37395.0,"q":1.03,"p":131.0,"s":[{"ui":"3187154","t":37396.0,"r":37395.0,"q":1.03,"p":131.0,"mot":"U","mo":37395.0},{"cn":"","ui":"","t":0.0,"r":0.0,"q":0.0,"p":0.0,"mot":"L","mo":0.0}]},{"d":"22.10.2015","r":37404.0,"q":1.03,"p":131.0,"s":[{"ui":"3187154","t":37405.0,"r":37404.0,"q":1.03,"p":131.0,"mot":"U","mo":37404.0},{"cn":"","ui":"","t":0.0,"r":0.0,"q":0.0,"p":0.0,"mot":"L","mo":0.0}]},{"d":"23.10.2015","r":37413.0,"q":1.04,"p":131.0,"s":[{"ui":"3187154","t":37414.0,"r":37413.0,"q":1.04,"p":131.0,"mot":"U","mo":37413.0},{"cn":"","ui":"","t":0.0,"r":0.0,"q":0.0,"p":0.0,"mot":"L","mo":0.0}]},{"d":"24.10.2015","r":37022.0,"q":1.04,"p":131.0,"s":[{"ui":"3187154","t":37223.0,"r":37022.0,"q":1.04,"p":131.0,"mot":"U","mo":37022.0},{"cn":"","ui":"","t":0.0,"r":0.0,"q":0.0,"p":0.0,"mot":"L","mo":0.0}]},{"d":"25.10.2015","r":37231.0,"q":1.04,"p":131.0,"s":[{"ui":"3187154","t":37232.0,"r":37231.0,"q":1.04,"p":131.0,"mot":"U","mo":37231.0},{"cn":"","ui":"","t":0.0,"r":0.0,"q":0.0,"p":0.0,"mot":"L","mo":0.0}]},{"d":"27.10.2015","r":37249.0,"q":1.04,"p":131.0,"s":[{"ui":"3187154","t":37250.0,"r":37249.0,"q":1.04,"p":131.0,"mot":"U","mo":37249.0},{"cn":"","ui":"","t":0.0,"r":0.0,"q":0.0,"p":0.0,"mot":"L","mo":0.0}]},{"d":"28.10.2015","r":37258.0,"q":1.04,"p":131.0,"s":[{"ui":"3187154","t":37259.0,"r":37258.0,"q":1.04,"p":131.0,"mot":"U","mo":37258.0},{"cn":"","ui":"","t":0.0,"r":0.0,"q":0.0,"p":0.0,"mot":"L","mo":0.0}]},{"d":"29.10.2015","r":36267.0,"q":1.04,"p":131.0,"s":[{"ui":"3187154","t":36768.0,"r":36267.0,"q":1.04,"p":131.0,"mot":"U","mo":36267.0},{"cn":"","ui":"","t":0.0,"r":0.0,"q":0.0,"p":0.0,"mot":"L","mo":0.0}]},{"d":"30.10.2015","r":36176.0,"q":1.04,"p":131.0,"s":[{"ui":"3187154","t":36477.0,"r":36176.0,"q":1.04,"p":131.0,"mot":"U","mo":36176.0},{"cn":"","ui":"","t":0.0,"r":0.0,"q":0.0,"p":0.0,"mot":"L","mo":0.0}]},{"d":"31.10.2015","r":35885.0,"q":1.04,"p":131.0,"s":[{"ui":"3187154","t":36186.0,"r":35885.0,"q":1.04,"p":131.0,"mot":"U","mo":35885.0},{"cn":"","ui":"","t":0.0,"r":0.0,"q":0.0,"p":0.0,"mot":"L","mo":0.0}]},{"d":"01.11.2015","r":35994.0,"q":1.04,"p":131.0,"s":[{"ui":"3187154","t":36095.0,"r":35994.0,"q":1.04,"p":131.0,"mot":"U","mo":35994.0},{"cn":"","ui":"","t":0.0,"r":0.0,"q":0.0,"p":0.0,"mot":"L","mo":0.0}]},{"d":"02.11.2015","r":34983.0,"q":1.04,"p":131.0,"s":[{"ui":"3187154","t":35544.0,"r":34983.0,"q":1.04,"p":131.0,"mot":"U","mo":34983.0},{"cn":"","ui":"","t":0.0,"r":0.0,"q":0.0,"p":0.0,"mot":"L","mo":0.0}]},{"d":"03.11.2015","r":34422.0,"q":1.04,"p":131.0,"s":[{"ui":"3187154","t":34983.0,"r":34422.0,"q":1.04,"p":131.0,"mot":"U","mo":34422.0},{"cn":"","ui":"","t":0.0,"r":0.0,"q":0.0,"p":0.0,"mot":"L","mo":0.0}]},{"d":"04.11.2015","r":34621.0,"q":1.04,"p":131.0,"s":[{"ui":"3187154","t":34807.0,"r":34621.0,"q":1.04,"p":131.0,"mot":"U","mo":34621.0},{"cn":"","ui":"","t":0.0,"r":0.0,"q":0.0,"p":0.0,"mot":"L","mo":0.0}]},{"d":"05.11.2015","r":34445.0,"q":1.05,"p":131.0,"s":[{"ui":"3187154","t":34631.0,"r":34445.0,"q":1.05,"p":131.0,"mot":"U","mo":34445.0},{"cn":"","ui":"","t":0.0,"r":0.0,"q":0.0,"p":0.0,"mot":"L","mo":0.0}]},{"d":"06.11.2015","r":34149.0,"q":1.05,"p":131.0,"s":[{"ui":"3187154","t":34395.0,"r":34149.0,"q":1.05,"p":131.0,"mot":"U","mo":34149.0},{"cn":"","ui":"","t":0.0,"r":0.0,"q":0.0,"p":0.0,"mot":"L","mo":0.0}]},{"d":"07.11.2015","r":33113.0,"q":1.05,"p":131.0,"s":[{"ui":"3187154","t":33759.0,"r":33113.0,"q":1.05,"p":131.0,"mot":"U","mo":33113.0},{"cn":"","ui":"","t":0.0,"r":0.0,"q":0.0,"p":0.0,"mot":"L","mo":0.0}]},{"d":"08.11.2015","r":31362.0,"q":1.05,"p":131.0,"s":[{"ui":"3187154","t":33058.0,"r":31362.0,"q":1.05,"p":131.0,"mot":"U","mo":31362.0},{"cn":"","ui":"","t":0.0,"r":0.0,"q":0.0,"p":0.0,"mot":"L","mo":0.0}]},{"d":"09.11.2015","r":30315.0,"q":1.05,"p":131.0,"s":[{"ui":"3187154","t":31372.0,"r":30315.0,"q":1.05,"p":131.0,"mot":"U","mo":30315.0},{"cn":"","ui":"","t":0.0,"r":0.0,"q":0.0,"p":0.0,"mot":"L","mo":0.0}]},{"d":"10.11.2015","r":29268.0,"q":1.05,"p":131.0,"s":[{"ui":"3187154","t":30325.0,"r":29268.0,"q":1.05,"p":131.0,"mot":"U","mo":29268.0},{"cn":"","ui":"","t":0.0,"r":0.0,"q":0.0,"p":0.0,"mot":"L","mo":0.0}]},{"d":"11.11.2015","r":28721.0,"q":1.05,"p":131.0,"s":[{"ui":"3187154","t":29278.0,"r":28721.0,"q":1.05,"p":131.0,"mot":"U","mo":28721.0},{"cn":"","ui":"","t":0.0,"r":0.0,"q":0.0,"p":0.0,"mot":"L","mo":0.0}]},{"d":"12.11.2015","r":28004.0,"q":1.05,"p":131.0,"s":[{"ui":"3187154","t":28646.0,"r":28004.0,"q":1.05,"p":131.0,"mot":"U","mo":28004.0},{"cn":"","ui":"","t":0.0,"r":0.0,"q":0.0,"p":0.0,"mot":"L","mo":0.0}]},{"d":"13.11.2015","r":26912.0,"q":1.05,"p":131.0,"s":[{"ui":"3187154","t":27934.0,"r":26912.0,"q":1.05,"p":131.0,"mot":"U","mo":26912.0},{"cn":"","ui":"","t":0.0,"r":0.0,"q":0.0,"p":0.0,"mot":"L","mo":0.0}]},{"d":"14.11.2015","r":24971.0,"q":1.05,"p":131.0,"s":[{"ui":"3187154","t":26907.0,"r":24971.0,"q":1.05,"p":131.0,"mot":"U","mo":24971.0},{"cn":"","ui":"","t":0.0,"r":0.0,"q":0.0,"p":0.0,"mot":"L","mo":0.0}]},{"d":"15.11.2015","r":23045.0,"q":1.05,"p":131.0,"s":[{"ui":"3187154","t":24981.0,"r":23045.0,"q":1.05,"p":131.0,"mot":"U","mo":23045.0},{"cn":"","ui":"","t":0.0,"r":0.0,"q":0.0,"p":0.0,"mot":"L","mo":0.0}]},{"d":"16.11.2015","r":21319.0,"q":1.06,"p":131.0,"s":[{"ui":"3187154","t":23355.0,"r":21319.0,"q":1.06,"p":131.0,"mot":"U","mo":21319.0},{"cn":"","ui":"","t":0.0,"r":0.0,"q":0.0,"p":0.0,"mot":"L","mo":0.0}]},{"d":"17.11.2015","r":18793.0,"q":1.06,"p":131.0,"s":[{"ui":"3187154","t":21529.0,"r":18793.0,"q":1.06,"p":131.0,"mot":"U","mo":18793.0},{"cn":"","ui":"","t":0.0,"r":0.0,"q":0.0,"p":0.0,"mot":"L","mo":0.0}]},{"d":"14.12.2015","r":9.0,"q":4.59,"p":200.0,"s":[{"ui":"3354369","t":9.0,"r":9.0,"q":4.59,"p":200.0,"mot":"U","mo":9.0},{"cn":"","ui":"","t":0.0,"r":0.0,"q":0.0,"p":0.0,"mot":"L","mo":0.0}]},{"d":"15.12.2015","r":10.0,"q":4.57,"p":200.0,"s":[{"ui":"3354369","t":10.0,"r":10.0,"q":4.57,"p":200.0,"mot":"U","mo":10.0},{"cn":"","ui":"","t":0.0,"r":0.0,"q":0.0,"p":0.0,"mot":"L","mo":0.0}]},{"d":"19.12.2015","r":2.0,"q":4.24,"p":200.0,"s":[{"ui":"3354369","t":2.0,"r":2.0,"q":4.24,"p":200.0,"mot":"U","mo":2.0},{"cn":"","ui":"","t":0.0,"r":0.0,"q":0.0,"p":0.0,"mot":"L","mo":0.0}]},{"d":"20.12.2015","r":3.0,"q":4.23,"p":200.0,"s":[{"ui":"3354369","t":3.0,"r":3.0,"q":4.23,"p":200.0,"mot":"U","mo":3.0},{"cn":"","ui":"","t":0.0,"r":0.0,"q":0.0,"p":0.0,"mot":"L","mo":0.0}]},{"d":"21.12.2015","r":11461.0,"q":4.23,"p":200.0,"s":[{"ui":"3354369","t":11461.0,"r":11461.0,"q":4.23,"p":200.0,"mot":"U","mo":11461.0},{"cn":"","ui":"","t":0.0,"r":0.0,"q":0.0,"p":0.0,"mot":"L","mo":0.0}]},{"d":"24.12.2015","r":14294.0,"q":4.44,"p":200.0,"s":[{"ui":"3354369","t":14294.0,"r":14294.0,"q":4.44,"p":200.0,"mot":"U","mo":14294.0},{"cn":"","ui":"","t":0.0,"r":0.0,"q":0.0,"p":0.0,"mot":"L","mo":0.0}]},{"d":"29.12.2015","r":12294.0,"q":4.44,"p":200.0,"s":[{"ui":"3354369","t":13294.0,"r":12294.0,"q":4.44,"p":200.0,"mot":"U","mo":12294.0},{"cn":"","ui":"","t":0.0,"r":0.0,"q":0.0,"p":0.0,"mot":"L","mo":0.0}]},{"d":"30.12.2015","r":16179.0,"q":4.64,"p":200.0,"s":[{"ui":"3354369","t":17179.0,"r":16179.0,"q":4.64,"p":200.0,"mot":"U","mo":16179.0},{"cn":"","ui":"","t":0.0,"r":0.0,"q":0.0,"p":0.0,"mot":"L","mo":0.0}]},{"d":"31.12.2015","r":15179.0,"q":4.64,"p":200.0,"s":[{"ui":"3354369","t":16179.0,"r":15179.0,"q":4.64,"p":200.0,"mot":"U","mo":15179.0},{"cn":"","ui":"","t":0.0,"r":0.0,"q":0.0,"p":0.0,"mot":"L","mo":0.0}]},{"d":"02.01.2016","r":6179.0,"q":4.64,"p":200.0,"s":[{"ui":"3354369","t":11179.0,"r":6179.0,"q":4.64,"p":200.0,"mot":"U","mo":6179.0},{"cn":"","ui":"","t":0.0,"r":0.0,"q":0.0,"p":0.0,"mot":"L","mo":0.0}]},{"d":"03.01.2016","r":1179.0,"q":4.64,"p":200.0,"s":[{"ui":"3354369","t":6179.0,"r":1179.0,"q":4.64,"p":200.0,"mot":"U","mo":1179.0},{"cn":"","ui":"","t":0.0,"r":0.0,"q":0.0,"p":0.0,"mot":"L","mo":0.0}]},{"d":"12.01.2016","r":48952.0,"q":6.86,"p":200.0,"s":[{"ui":"3354369","t":53952.0,"r":48952.0,"q":6.86,"p":200.0,"mot":"U","mo":48952.0},{"cn":"","ui":"","t":0.0,"r":0.0,"q":0.0,"p":0.0,"mot":"L","mo":0.0}]},{"d":"13.01.2016","r":43952.0,"q":6.86,"p":200.0,"s":[{"ui":"3354369","t":48952.0,"r":43952.0,"q":6.86,"p":200.0,"mot":"U","mo":43952.0},{"cn":"","ui":"","t":0.0,"r":0.0,"q":0.0,"p":0.0,"mot":"L","mo":0.0}]},{"d":"14.01.2016","r":38952.0,"q":6.86,"p":200.0,"s":[{"ui":"3354369","t":43952.0,"r":38952.0,"q":6.86,"p":200.0,"mot":"U","mo":38952.0},{"cn":"","ui":"","t":0.0,"r":0.0,"q":0.0,"p":0.0,"mot":"L","mo":0.0}]},{"d":"15.01.2016","r":33952.0,"q":6.86,"p":200.0,"s":[{"ui":"3354369","t":38952.0,"r":33952.0,"q":6.86,"p":200.0,"mot":"U","mo":33952.0},{"cn":"","ui":"","t":0.0,"r":0.0,"q":0.0,"p":0.0,"mot":"L","mo":0.0}]},{"d":"16.01.2016","r":28952.0,"q":6.86,"p":200.0,"s":[{"ui":"3354369","t":33952.0,"r":28952.0,"q":6.86,"p":200.0,"mot":"U","mo":28952.0},{"cn":"","ui":"","t":0.0,"r":0.0,"q":0.0,"p":0.0,"mot":"L","mo":0.0}]},{"d":"20.01.2016","r":8952.0,"q":6.86,"p":200.0,"s":[{"ui":"3354369","t":13952.0,"r":8952.0,"q":6.86,"p":200.0,"mot":"U","mo":8952.0},{"cn":"","ui":"","t":0.0,"r":0.0,"q":0.0,"p":0.0,"mot":"L","mo":0.0}]},{"d":"26.01.2016","r":7166.0,"q":6.71,"p":200.0,"s":[{"ui":"3354369","t":12266.0,"r":7166.0,"q":6.71,"p":200.0,"mot":"U","mo":7166.0},{"cn":"","ui":"","t":0.0,"r":0.0,"q":0.0,"p":0.0,"mot":"L","mo":0.0}]},{"d":"27.01.2016","r":2259.0,"q":6.67,"p":200.0,"s":[{"ui":"3354369","t":7359.0,"r":2259.0,"q":6.67,"p":200.0,"mot":"U","mo":2259.0},{"cn":"","ui":"","t":0.0,"r":0.0,"q":0.0,"p":0.0,"mot":"L","mo":0.0}]},{"d":"29.02.2016","r":200.0,"q":9.35,"p":180.0,"s":[{"ui":"3366117","t":479654.0,"r":478726.0,"q":9.35,"p":180.0,"mot":"L","mo":200.0},{"cn":"","ui":"","t":0.0,"r":0.0,"q":0.0,"p":0.0,"mot":"L","mo":0.0}]},{"d":"01.04.2016","r":380.0,"q":6.49,"p":40.0,"s":[{"ui":"3239164","t":30380.0,"r":380.0,"q":6.49,"p":40.0,"mot":"U","mo":380.0},{"cn":"","ui":"","t":0.0,"r":0.0,"q":0.0,"p":0.0,"mot":"L","mo":0.0}]},{"d":"02.04.2016","r":554.0,"q":6.46,"p":40.0,"s":[{"ui":"3239164","t":30554.0,"r":554.0,"q":6.46,"p":40.0,"mot":"U","mo":554.0},{"cn":"","ui":"","t":0.0,"r":0.0,"q":0.0,"p":0.0,"mot":"L","mo":0.0}]},{"d":"03.04.2016","r":523.0,"q":6.43,"p":40.0,"s":[{"ui":"3239164","t":30523.0,"r":523.0,"q":6.43,"p":40.0,"mot":"U","mo":523.0},{"cn":"","ui":"","t":0.0,"r":0.0,"q":0.0,"p":0.0,"mot":"L","mo":0.0}]},{"d":"04.04.2016","r":276.0,"q":6.4,"p":40.0,"s":[{"ui":"3239164","t":30276.0,"r":276.0,"q":6.4,"p":40.0,"mot":"U","mo":276.0},{"cn":"","ui":"","t":0.0,"r":0.0,"q":0.0,"p":0.0,"mot":"L","mo":0.0}]},{"d":"12.04.2016","r":17009.0,"q":1.52,"p":196.2,"s":[{"ui":"3366117","t":17579.0,"r":17009.0,"q":1.52,"p":196.2,"mot":"U","mo":17009.0},{"cn":"","ui":"","t":0.0,"r":0.0,"q":0.0,"p":0.0,"mot":"L","mo":0.0}]},{"d":"13.04.2016","r":24044.0,"q":1.41,"p":196.2,"s":[{"ui":"3366117","t":24749.0,"r":24044.0,"q":1.41,"p":196.2,"mot":"U","mo":24044.0},{"cn":"","ui":"","t":0.0,"r":0.0,"q":0.0,"p":0.0,"mot":"L","mo":0.0}]},{"d":"14.04.2016","r":31148.0,"q":1.35,"p":196.2,"s":[{"ui":"3366117","t":31853.0,"r":31148.0,"q":1.35,"p":196.2,"mot":"U","mo":31148.0},{"cn":"","ui":"","t":0.0,"r":0.0,"q":0.0,"p":0.0,"mot":"L","mo":0.0}]},{"d":"15.04.2016","r":40109.0,"q":1.41,"p":196.2,"s":[{"ui":"3366117","t":40814.0,"r":40109.0,"q":1.41,"p":196.2,"mot":"U","mo":40109.0},{"cn":"","ui":"","t":0.0,"r":0.0,"q":0.0,"p":0.0,"mot":"L","mo":0.0}]},{"d":"16.04.2016","r":49066.0,"q":1.45,"p":196.2,"s":[{"ui":"3366117","t":49771.0,"r":49066.0,"q":1.45,"p":196.2,"mot":"U","mo":49066.0},{"cn":"","ui":"","t":0.0,"r":0.0,"q":0.0,"p":0.0,"mot":"L","mo":0.0}]},{"d":"17.04.2016","r":58023.0,"q":1.48,"p":196.2,"s":[{"ui":"3366117","t":58728.0,"r":58023.0,"q":1.48,"p":196.2,"mot":"U","mo":58023.0},{"cn":"","ui":"","t":0.0,"r":0.0,"q":0.0,"p":0.0,"mot":"L","mo":0.0}]},{"d":"18.04.2016","r":66751.0,"q":1.48,"p":196.2,"s":[{"ui":"3366117","t":67456.0,"r":66751.0,"q":1.48,"p":196.2,"mot":"U","mo":66751.0},{"cn":"","ui":"","t":0.0,"r":0.0,"q":0.0,"p":0.0,"mot":"L","mo":0.0}]},{"d":"19.04.2016","r":75479.0,"q":1.49,"p":196.2,"s":[{"ui":"3366117","t":76184.0,"r":75479.0,"q":1.49,"p":196.2,"mot":"U","mo":75479.0},{"cn":"","ui":"","t":0.0,"r":0.0,"q":0.0,"p":0.0,"mot":"L","mo":0.0}]},{"d":"20.04.2016","r":82203.0,"q":1.49,"p":196.2,"s":[{"ui":"3366117","t":83908.0,"r":82203.0,"q":1.49,"p":196.2,"mot":"U","mo":82203.0},{"cn":"","ui":"","t":0.0,"r":0.0,"q":0.0,"p":0.0,"mot":"L","mo":0.0}]},{"d":"21.04.2016","r":87927.0,"q":1.5,"p":196.2,"s":[{"ui":"3366117","t":90632.0,"r":87927.0,"q":1.5,"p":196.2,"mot":"U","mo":87927.0},{"cn":"","ui":"","t":0.0,"r":0.0,"q":0.0,"p":0.0,"mot":"L","mo":0.0}]},{"d":"22.04.2016","r":94648.0,"q":1.5,"p":196.2,"s":[{"ui":"3366117","t":97353.0,"r":94648.0,"q":1.5,"p":196.2,"mot":"U","mo":94648.0},{"cn":"","ui":"","t":0.0,"r":0.0,"q":0.0,"p":0.0,"mot":"L","mo":0.0}]},{"d":"23.04.2016","r":100369.0,"q":1.5,"p":196.2,"s":[{"ui":"3366117","t":104074.0,"r":100369.0,"q":1.5,"p":196.2,"mot":"U","mo":100369.0},{"cn":"","ui":"","t":0.0,"r":0.0,"q":0.0,"p":0.0,"mot":"L","mo":0.0}]},{"d":"24.04.2016","r":106366.0,"q":1.5,"p":196.2,"s":[{"ui":"3366117","t":109071.0,"r":106366.0,"q":1.5,"p":196.2,"mot":"U","mo":106366.0},{"cn":"","ui":"","t":0.0,"r":0.0,"q":0.0,"p":0.0,"mot":"L","mo":0.0}]},{"d":"25.04.2016","r":112863.0,"q":1.49,"p":196.2,"s":[{"ui":"3366117","t":115568.0,"r":112863.0,"q":1.49,"p":196.2,"mot":"U","mo":112863.0},{"cn":"","ui":"","t":0.0,"r":0.0,"q":0.0,"p":0.0,"mot":"L","mo":0.0}]},{"d":"26.04.2016","r":119360.0,"q":1.49,"p":196.2,"s":[{"ui":"3366117","t":122065.0,"r":119360.0,"q":1.49,"p":196.2,"mot":"U","mo":119360.0},{"cn":"","ui":"","t":0.0,"r":0.0,"q":0.0,"p":0.0,"mot":"L","mo":0.0}]},{"d":"27.04.2016","r":123357.0,"q":1.48,"p":196.2,"s":[{"ui":"3366117","t":128562.0,"r":123357.0,"q":1.48,"p":196.2,"mot":"U","mo":123357.0},{"cn":"","ui":"","t":0.0,"r":0.0,"q":0.0,"p":0.0,"mot":"L","mo":0.0}]},{"d":"28.04.2016","r":133848.0,"q":1.48,"p":196.2,"s":[{"ui":"3366117","t":134554.0,"r":133848.0,"q":1.48,"p":196.2,"mot":"U","mo":133848.0},{"cn":"","ui":"","t":0.0,"r":0.0,"q":0.0,"p":0.0,"mot":"L","mo":0.0}]},{"d":"29.04.2016","r":142340.0,"q":1.48,"p":196.2,"s":[{"ui":"3366117","t":143046.0,"r":142340.0,"q":1.48,"p":196.2,"mot":"U","mo":142340.0},{"cn":"","ui":"","t":0.0,"r":0.0,"q":0.0,"p":0.0,"mot":"L","mo":0.0}]},{"d":"30.04.2016","r":151882.0,"q":1.5,"p":196.2,"s":[{"ui":"3366117","t":152688.0,"r":151882.0,"q":1.5,"p":196.2,"mot":"U","mo":151882.0},{"cn":"","ui":"","t":0.0,"r":0.0,"q":0.0,"p":0.0,"mot":"L","mo":0.0}]},{"d":"01.05.2016","r":161424.0,"q":1.53,"p":196.2,"s":[{"ui":"3366117","t":162230.0,"r":161424.0,"q":1.53,"p":196.2,"mot":"U","mo":161424.0},{"cn":"","ui":"","t":0.0,"r":0.0,"q":0.0,"p":0.0,"mot":"L","mo":0.0}]},{"d":"03.05.2016","r":180500.0,"q":1.57,"p":196.2,"s":[{"ui":"3366117","t":181306.0,"r":180500.0,"q":1.57,"p":196.2,"mot":"U","mo":180500.0},{"cn":"","ui":"","t":0.0,"r":0.0,"q":0.0,"p":0.0,"mot":"L","mo":0.0}]},{"d":"04.05.2016","r":190038.0,"q":1.59,"p":196.2,"s":[{"ui":"3366117","t":190844.0,"r":190038.0,"q":1.59,"p":196.2,"mot":"U","mo":190038.0},{"cn":"","ui":"","t":0.0,"r":0.0,"q":0.0,"p":0.0,"mot":"L","mo":0.0}]},{"d":"05.05.2016","r":199576.0,"q":1.6,"p":196.2,"s":[{"ui":"3366117","t":200382.0,"r":199576.0,"q":1.6,"p":196.2,"mot":"U","mo":199576.0},{"cn":"","ui":"","t":0.0,"r":0.0,"q":0.0,"p":0.0,"mot":"L","mo":0.0}]},{"d":"06.05.2016","r":209109.0,"q":1.61,"p":196.2,"s":[{"ui":"3366117","t":209915.0,"r":209109.0,"q":1.61,"p":196.2,"mot":"U","mo":209109.0},{"cn":"","ui":"","t":0.0,"r":0.0,"q":0.0,"p":0.0,"mot":"L","mo":0.0}]},{"d":"07.05.2016","r":218642.0,"q":1.63,"p":196.2,"s":[{"ui":"3366117","t":219448.0,"r":218642.0,"q":1.63,"p":196.2,"mot":"U","mo":218642.0},{"cn":"","ui":"","t":0.0,"r":0.0,"q":0.0,"p":0.0,"mot":"L","mo":0.0}]},{"d":"08.05.2016","r":228175.0,"q":1.64,"p":196.2,"s":[{"ui":"3366117","t":228981.0,"r":228175.0,"q":1.64,"p":196.2,"mot":"U","mo":228175.0},{"cn":"","ui":"","t":0.0,"r":0.0,"q":0.0,"p":0.0,"mot":"L","mo":0.0}]},{"d":"09.05.2016","r":237708.0,"q":1.65,"p":196.2,"s":[{"ui":"3366117","t":238514.0,"r":237708.0,"q":1.65,"p":196.2,"mot":"U","mo":237708.0},{"cn":"","ui":"","t":0.0,"r":0.0,"q":0.0,"p":0.0,"mot":"L","mo":0.0}]},{"d":"10.05.2016","r":247237.0,"q":1.66,"p":196.2,"s":[{"ui":"3366117","t":248043.0,"r":247237.0,"q":1.66,"p":196.2,"mot":"U","mo":247237.0},{"cn":"","ui":"","t":0.0,"r":0.0,"q":0.0,"p":0.0,"mot":"L","mo":0.0}]},{"d":"11.05.2016","r":256766.0,"q":1.67,"p":196.2,"s":[{"ui":"3366117","t":257572.0,"r":256766.0,"q":1.67,"p":196.2,"mot":"U","mo":256766.0},{"cn":"","ui":"","t":0.0,"r":0.0,"q":0.0,"p":0.0,"mot":"L","mo":0.0}]},{"d":"12.05.2016","r":266337.0,"q":1.67,"p":196.2,"s":[{"ui":"3366117","t":267143.0,"r":266337.0,"q":1.67,"p":196.2,"mot":"U","mo":266337.0},{"cn":"","ui":"","t":0.0,"r":0.0,"q":0.0,"p":0.0,"mot":"L","mo":0.0}]},{"d":"13.05.2016","r":275908.0,"q":1.68,"p":196.2,"s":[{"ui":"3366117","t":276714.0,"r":275908.0,"q":1.68,"p":196.2,"mot":"U","mo":275908.0},{"cn":"","ui":"","t":0.0,"r":0.0,"q":0.0,"p":0.0,"mot":"L","mo":0.0}]},{"d":"14.05.2016","r":285479.0,"q":1.69,"p":196.2,"s":[{"ui":"3366117","t":286285.0,"r":285479.0,"q":1.69,"p":196.2,"mot":"U","mo":285479.0},{"cn":"","ui":"","t":0.0,"r":0.0,"q":0.0,"p":0.0,"mot":"L","mo":0.0}]},{"d":"15.05.2016","r":295050.0,"q":1.7,"p":196.2,"s":[{"ui":"3366117","t":295856.0,"r":295050.0,"q":1.7,"p":196.2,"mot":"U","mo":295050.0},{"cn":"","ui":"","t":0.0,"r":0.0,"q":0.0,"p":0.0,"mot":"L","mo":0.0}]},{"d":"16.05.2016","r":304617.0,"q":1.7,"p":196.2,"s":[{"ui":"3366117","t":305423.0,"r":304617.0,"q":1.7,"p":196.2,"mot":"U","mo":304617.0},{"cn":"","ui":"","t":0.0,"r":0.0,"q":0.0,"p":0.0,"mot":"L","mo":0.0}]},{"d":"17.05.2016","r":314184.0,"q":1.71,"p":196.2,"s":[{"ui":"3366117","t":314990.0,"r":314184.0,"q":1.71,"p":196.2,"mot":"U","mo":314184.0},{"cn":"","ui":"","t":0.0,"r":0.0,"q":0.0,"p":0.0,"mot":"L","mo":0.0}]},{"d":"18.05.2016","r":323751.0,"q":1.71,"p":196.2,"s":[{"ui":"3366117","t":324557.0,"r":323751.0,"q":1.71,"p":196.2,"mot":"U","mo":323751.0},{"cn":"","ui":"","t":0.0,"r":0.0,"q":0.0,"p":0.0,"mot":"L","mo":0.0}]},{"d":"19.05.2016","r":333318.0,"q":1.72,"p":196.2,"s":[{"ui":"3366117","t":334124.0,"r":333318.0,"q":1.72,"p":196.2,"mot":"U","mo":333318.0},{"cn":"","ui":"","t":0.0,"r":0.0,"q":0.0,"p":0.0,"mot":"L","mo":0.0}]},{"d":"20.05.2016","r":342080.0,"q":1.72,"p":196.2,"s":[{"ui":"3366117","t":343286.0,"r":342080.0,"q":1.72,"p":196.2,"mot":"U","mo":342080.0},{"cn":"","ui":"","t":0.0,"r":0.0,"q":0.0,"p":0.0,"mot":"L","mo":0.0}]},{"d":"21.05.2016","r":351242.0,"q":1.73,"p":196.2,"s":[{"ui":"3366117","t":352448.0,"r":351242.0,"q":1.73,"p":196.2,"mot":"U","mo":351242.0},{"cn":"","ui":"","t":0.0,"r":0.0,"q":0.0,"p":0.0,"mot":"L","mo":0.0}]},{"d":"22.05.2016","r":360404.0,"q":1.73,"p":196.2,"s":[{"ui":"3366117","t":361610.0,"r":360404.0,"q":1.73,"p":196.2,"mot":"U","mo":360404.0},{"cn":"","ui":"","t":0.0,"r":0.0,"q":0.0,"p":0.0,"mot":"L","mo":0.0}]},{"d":"23.05.2016","r":369566.0,"q":1.74,"p":196.2,"s":[{"ui":"3366117","t":370772.0,"r":369566.0,"q":1.74,"p":196.2,"mot":"U","mo":369566.0},{"cn":"","ui":"","t":0.0,"r":0.0,"q":0.0,"p":0.0,"mot":"L","mo":0.0}]},{"d":"24.05.2016","r":378724.0,"q":1.74,"p":196.2,"s":[{"ui":"3366117","t":379930.0,"r":378724.0,"q":1.74,"p":196.2,"mot":"U","mo":378724.0},{"cn":"","ui":"","t":0.0,"r":0.0,"q":0.0,"p":0.0,"mot":"L","mo":0.0}]},{"d":"25.05.2016","r":387882.0,"q":1.74,"p":196.2,"s":[{"ui":"3366117","t":389088.0,"r":387882.0,"q":1.74,"p":196.2,"mot":"U","mo":387882.0},{"cn":"","ui":"","t":0.0,"r":0.0,"q":0.0,"p":0.0,"mot":"L","mo":0.0}]},{"d":"26.05.2016","r":397040.0,"q":1.75,"p":196.2,"s":[{"ui":"3366117","t":398246.0,"r":397040.0,"q":1.75,"p":196.2,"mot":"U","mo":397040.0},{"cn":"","ui":"","t":0.0,"r":0.0,"q":0.0,"p":0.0,"mot":"L","mo":0.0}]},{"d":"27.05.2016","r":406444.0,"q":1.75,"p":196.2,"s":[{"ui":"3366117","t":407650.0,"r":406444.0,"q":1.75,"p":196.2,"mot":"U","mo":406444.0},{"cn":"","ui":"","t":0.0,"r":0.0,"q":0.0,"p":0.0,"mot":"L","mo":0.0}]},{"d":"28.05.2016","r":415844.0,"q":1.76,"p":196.2,"s":[{"ui":"3366117","t":417050.0,"r":415844.0,"q":1.76,"p":196.2,"mot":"U","mo":415844.0},{"cn":"","ui":"","t":0.0,"r":0.0,"q":0.0,"p":0.0,"mot":"L","mo":0.0}]},{"d":"29.05.2016","r":424244.0,"q":1.76,"p":196.2,"s":[{"ui":"3366117","t":425950.0,"r":424244.0,"q":1.76,"p":196.2,"mot":"U","mo":424244.0},{"cn":"","ui":"","t":0.0,"r":0.0,"q":0.0,"p":0.0,"mot":"L","mo":0.0}]},{"d":"31.05.2016","r":451684.0,"q":1.98,"p":191.43,"s":[{"ui":"3366117","t":442096.0,"r":437891.0,"q":1.78,"p":196.2,"mot":"U","mo":437891.0},{"cn":"","ui":"","t":44293.0,"r":13793.0,"q":8.25,"p":40.0,"mot":"L","mo":13793.0}]},{"d":"01.06.2016","r":472241.0,"q":2.17,"p":187.09,"s":[{"ui":"3366117","t":448914.0,"r":444709.0,"q":1.79,"p":196.2,"mot":"U","mo":444709.0},{"ui":"3239164","t":58032.0,"r":27532.0,"q":8.25,"p":40.0,"mot":"U","mo":27532.0},{"cn":"","ui":"","t":0.0,"r":0.0,"q":0.0,"p":0.0,"mot":"L","mo":0.0}]},{"d":"02.06.2016","r":492745.0,"q":2.34,"p":183.13,"s":[{"ui":"3366117","t":455732.0,"r":451527.0,"q":1.8,"p":196.2,"mot":"U","mo":451527.0},{"ui":"3239164","t":71718.0,"r":41218.0,"q":8.25,"p":40.0,"mot":"U","mo":41218.0},{"cn":"","ui":"","t":0.0,"r":0.0,"q":0.0,"p":0.0,"mot":"L","mo":0.0}]},{"d":"03.06.2016","r":505196.0,"q":2.41,"p":181.41,"s":[{"ui":"3366117","t":462050.0,"r":457345.0,"q":1.8,"p":196.2,"mot":"U","mo":457345.0},{"ui":"3239164","t":82351.0,"r":47851.0,"q":8.25,"p":40.0,"mot":"U","mo":47851.0},{"cn":"","ui":"","t":0.0,"r":0.0,"q":0.0,"p":0.0,"mot":"L","mo":0.0}]},{"d":"04.06.2016","r":475543.0,"q":1.98,"p":192.3,"s":[{"ui":"3366117","t":468368.0,"r":463663.0,"q":1.81,"p":196.2,"mot":"U","mo":463663.0},{"cn":"","ui":"","t":70380.0,"r":11880.0,"q":8.43,"p":40.0,"mot":"L","mo":11880.0}]},{"d":"05.06.2016","r":471477.0,"q":1.82,"p":196.2,"s":[{"ui":"3366117","t":474682.0,"r":471477.0,"q":1.82,"p":196.2,"mot":"U","mo":471477.0},{"cn":"","ui":"","t":0.0,"r":0.0,"q":0.0,"p":0.0,"mot":"L","mo":0.0}]},{"d":"06.06.2016","r":479291.0,"q":1.83,"p":196.2,"s":[{"ui":"3366117","t":482496.0,"r":479291.0,"q":1.83,"p":196.2,"mot":"U","mo":479291.0},{"cn":"","ui":"","t":0.0,"r":0.0,"q":0.0,"p":0.0,"mot":"L","mo":0.0}]},{"d":"07.06.2016","r":487105.0,"q":1.83,"p":196.2,"s":[{"ui":"3366117","t":490310.0,"r":487105.0,"q":1.83,"p":196.2,"mot":"U","mo":487105.0},{"cn":"","ui":"","t":0.0,"r":0.0,"q":0.0,"p":0.0,"mot":"L","mo":0.0}]},{"d":"08.06.2016","r":494919.0,"q":1.84,"p":196.2,"s":[{"ui":"3366117","t":498124.0,"r":494919.0,"q":1.84,"p":196.2,"mot":"U","mo":494919.0},{"cn":"","ui":"","t":0.0,"r":0.0,"q":0.0,"p":0.0,"mot":"L","mo":0.0}]},{"d":"09.06.2016","r":501728.0,"q":1.84,"p":196.2,"s":[{"ui":"3366117","t":505433.0,"r":501728.0,"q":1.84,"p":196.2,"mot":"U","mo":501728.0},{"cn":"","ui":"","t":0.0,"r":0.0,"q":0.0,"p":0.0,"mot":"L","mo":0.0}]},{"d":"10.06.2016","r":508037.0,"q":1.85,"p":196.2,"s":[{"ui":"3366117","t":512742.0,"r":508037.0,"q":1.85,"p":196.2,"mot":"U","mo":508037.0},{"cn":"","ui":"","t":0.0,"r":0.0,"q":0.0,"p":0.0,"mot":"L","mo":0.0}]},{"d":"11.06.2016","r":514255.0,"q":1.85,"p":196.2,"s":[{"ui":"3366117","t":518963.0,"r":514255.0,"q":1.85,"p":196.2,"mot":"U","mo":514255.0},{"cn":"","ui":"","t":0.0,"r":0.0,"q":0.0,"p":0.0,"mot":"L","mo":0.0}]},{"d":"12.06.2016","r":520476.0,"q":1.86,"p":196.2,"s":[{"ui":"3366117","t":525184.0,"r":520476.0,"q":1.86,"p":196.2,"mot":"U","mo":520476.0},{"cn":"","ui":"","t":0.0,"r":0.0,"q":0.0,"p":0.0,"mot":"L","mo":0.0}]},{"d":"13.06.2016","r":524459.0,"q":1.86,"p":196.2,"s":[{"ui":"3366117","t":530284.0,"r":524459.0,"q":1.86,"p":196.2,"mot":"U","mo":524459.0},{"cn":"","ui":"","t":0.0,"r":0.0,"q":0.0,"p":0.0,"mot":"L","mo":0.0}]},{"d":"14.06.2016","r":526659.0,"q":1.87,"p":196.2,"s":[{"ui":"3366117","t":533934.0,"r":526659.0,"q":1.87,"p":196.2,"mot":"U","mo":526659.0},{"cn":"","ui":"","t":0.0,"r":0.0,"q":0.0,"p":0.0,"mot":"L","mo":0.0}]},{"d":"15.06.2016","r":392256.0,"q":1.87,"p":213.85,"s":[{"ui":"3366117","t":468448.0,"r":392256.0,"q":1.87,"p":213.85,"mot":"U","mo":392256.0},{"cn":"","ui":"","t":0.0,"r":0.0,"q":0.0,"p":0.0,"mot":"L","mo":0.0}]},{"d":"16.06.2016","r":325630.0,"q":1.86,"p":213.85,"s":[{"ui":"3366117","t":401836.0,"r":325630.0,"q":1.86,"p":213.85,"mot":"U","mo":325630.0},{"cn":"","ui":"","t":0.0,"r":0.0,"q":0.0,"p":0.0,"mot":"L","mo":0.0}]},{"d":"17.06.2016","r":259964.0,"q":1.86,"p":213.85,"s":[{"ui":"3366117","t":335197.0,"r":259964.0,"q":1.86,"p":213.85,"mot":"U","mo":259964.0},{"cn":"","ui":"","t":0.0,"r":0.0,"q":0.0,"p":0.0,"mot":"L","mo":0.0}]},{"d":"18.06.2016","r":191528.0,"q":1.85,"p":213.85,"s":[{"ui":"3366117","t":269472.0,"r":191528.0,"q":1.85,"p":213.85,"mot":"U","mo":191528.0},{"cn":"","ui":"","t":0.0,"r":0.0,"q":0.0,"p":0.0,"mot":"L","mo":0.0}]},{"d":"19.06.2016","r":122501.0,"q":1.83,"p":213.85,"s":[{"ui":"3366117","t":200707.0,"r":122501.0,"q":1.83,"p":213.85,"mot":"U","mo":122501.0},{"cn":"","ui":"","t":0.0,"r":0.0,"q":0.0,"p":0.0,"mot":"L","mo":0.0}]},{"d":"20.06.2016","r":39036.0,"q":1.81,"p":213.85,"s":[{"ui":"3366117","t":124592.0,"r":39036.0,"q":1.81,"p":213.85,"mot":"U","mo":39036.0},{"cn":"","ui":"","t":0.0,"r":0.0,"q":0.0,"p":0.0,"mot":"L","mo":0.0}]},{"d":"01.08.2016","r":19600.0,"q":1.47,"p":100.0,"s":[{"ui":"3530953","t":19700.0,"r":19600.0,"q":1.47,"p":100.0,"mot":"U","mo":19600.0},{"cn":"","ui":"","t":0.0,"r":0.0,"q":0.0,"p":0.0,"mot":"L","mo":0.0}]},{"d":"02.08.2016","r":27166.0,"q":1.44,"p":100.0,"s":[{"ui":"3530953","t":28266.0,"r":27166.0,"q":1.44,"p":100.0,"mot":"U","mo":27166.0},{"cn":"","ui":"","t":0.0,"r":0.0,"q":0.0,"p":0.0,"mot":"L","mo":0.0}]},{"d":"03.08.2016","r":31507.0,"q":1.41,"p":100.0,"s":[{"ui":"3530953","t":34607.0,"r":31507.0,"q":1.41,"p":100.0,"mot":"U","mo":31507.0},{"cn":"","ui":"","t":0.0,"r":0.0,"q":0.0,"p":0.0,"mot":"L","mo":0.0}]},{"d":"04.08.2016","r":36804.0,"q":1.39,"p":100.0,"s":[{"ui":"3530953","t":40924.0,"r":36804.0,"q":1.39,"p":100.0,"mot":"U","mo":36804.0},{"cn":"","ui":"","t":0.0,"r":0.0,"q":0.0,"p":0.0,"mot":"L","mo":0.0}]},{"d":"05.08.2016","r":42346.0,"q":1.39,"p":100.0,"s":[{"ui":"3530953","t":46466.0,"r":42346.0,"q":1.39,"p":100.0,"mot":"U","mo":42346.0},{"cn":"","ui":"","t":0.0,"r":0.0,"q":0.0,"p":0.0,"mot":"L","mo":0.0}]},{"d":"06.08.2016","r":27864.0,"q":1.4,"p":100.0,"s":[{"ui":"3530953","t":51234.0,"r":27864.0,"q":1.4,"p":100.0,"mot":"U","mo":27864.0},{"cn":"","ui":"","t":0.0,"r":0.0,"q":0.0,"p":0.0,"mot":"L","mo":0.0}]},{"d":"07.08.2016","r":12422.0,"q":1.31,"p":100.0,"s":[{"ui":"3530953","t":35792.0,"r":12422.0,"q":1.31,"p":100.0,"mot":"U","mo":12422.0},{"cn":"","ui":"","t":0.0,"r":0.0,"q":0.0,"p":0.0,"mot":"L","mo":0.0}]},{"d":"29.08.2016","r":473656.0,"q":1.06,"p":151.75,"s":[{"ui":"3530954","t":245480.0,"r":245140.0,"q":1.06,"p":200.0,"mot":"U","mo":245140.0},{"ui":"3530955","t":229641.0,"r":228516.0,"q":1.06,"p":100.0,"mot":"U","mo":228516.0},{"cn":"","ui":"","t":0.0,"r":0.0,"q":0.0,"p":0.0,"mot":"L","mo":0.0}]},{"d":"30.08.2016","r":484394.0,"q":1.06,"p":152.52,"s":[{"ui":"3530954","t":254731.0,"r":254391.0,"q":1.06,"p":200.0,"mot":"U","mo":254391.0},{"ui":"3530955","t":234018.0,"r":230003.0,"q":1.06,"p":100.0,"mot":"U","mo":230003.0},{"cn":"","ui":"","t":0.0,"r":0.0,"q":0.0,"p":0.0,"mot":"L","mo":0.0}]},{"d":"31.08.2016","r":498015.0,"q":1.06,"p":152.94,"s":[{"ui":"3530954","t":263978.0,"r":263638.0,"q":1.05,"p":200.0,"mot":"U","mo":263638.0},{"ui":"3530955","t":238392.0,"r":234377.0,"q":1.07,"p":100.0,"mot":"U","mo":234377.0},{"cn":"","ui":"","t":0.0,"r":0.0,"q":0.0,"p":0.0,"mot":"L","mo":0.0}]},{"d":"01.09.2016","r":503663.0,"q":1.06,"p":154.18,"s":[{"ui":"3530954","t":273225.0,"r":272885.0,"q":1.05,"p":200.0,"mot":"U","mo":272885.0},{"ui":"3530955","t":241823.0,"r":230778.0,"q":1.07,"p":100.0,"mot":"U","mo":230778.0},{"cn":"","ui":"","t":0.0,"r":0.0,"q":0.0,"p":0.0,"mot":"L","mo":0.0}]},{"d":"02.09.2016","r":510398.0,"q":1.06,"p":155.31,"s":[{"ui":"3530954","t":282619.0,"r":282279.0,"q":1.05,"p":200.0,"mot":"U","mo":282279.0},{"ui":"3530955","t":239164.0,"r":228119.0,"q":1.07,"p":100.0,"mot":"U","mo":228119.0},{"cn":"","ui":"","t":0.0,"r":0.0,"q":0.0,"p":0.0,"mot":"L","mo":0.0}]},{"d":"03.09.2016","r":516533.0,"q":1.06,"p":156.47,"s":[{"ui":"3530954","t":292013.0,"r":291673.0,"q":1.05,"p":200.0,"mot":"U","mo":291673.0},{"ui":"3530955","t":236205.0,"r":224660.0,"q":1.07,"p":100.0,"mot":"U","mo":224660.0},{"cn":"","ui":"","t":200.0,"r":200.0,"q":1.07,"p":101.0,"mot":"L","mo":200.0}]},{"d":"04.09.2016","r":514660.0,"q":1.06,"p":158.5,"s":[{"ui":"3530954","t":301403.0,"r":301063.0,"q":1.05,"p":200.0,"mot":"U","mo":301063.0},{"ui":"3530955","t":232892.0,"r":213197.0,"q":1.07,"p":100.0,"mot":"U","mo":213197.0},{"cn":"","ui":"","t":400.0,"r":400.0,"q":1.07,"p":101.0,"mot":"L","mo":400.0}]},{"d":"05.09.2016","r":502457.0,"q":1.06,"p":161.79,"s":[{"ui":"3530954","t":310793.0,"r":310453.0,"q":1.05,"p":200.0,"mot":"U","mo":310453.0},{"ui":"3530955","t":216339.0,"r":191404.0,"q":1.08,"p":100.0,"mot":"U","mo":191404.0},{"cn":"","ui":"","t":600.0,"r":600.0,"q":1.07,"p":101.0,"mot":"L","mo":600.0}]},{"d":"06.09.2016","r":481854.0,"q":1.05,"p":166.36,"s":[{"ui":"3530954","t":320104.0,"r":319764.0,"q":1.04,"p":200.0,"mot":"U","mo":319764.0},{"ui":"3530955","t":199438.0,"r":161290.0,"q":1.08,"p":100.0,"mot":"U","mo":161290.0},{"cn":"","ui":"","t":800.0,"r":800.0,"q":1.07,"p":101.0,"mot":"L","mo":800.0}]},{"d":"07.09.2016","r":473178.0,"q":1.05,"p":169.55,"s":[{"ui":"3530954","t":329415.0,"r":329075.0,"q":1.04,"p":200.0,"mot":"U","mo":329075.0},{"ui":"3530955","t":175152.0,"r":143103.0,"q":1.08,"p":100.0,"mot":"U","mo":143103.0},{"cn":"","ui":"","t":1000.0,"r":1000.0,"q":1.07,"p":101.0,"mot":"L","mo":1000.0}]},{"d":"08.09.2016","r":459045.0,"q":1.05,"p":173.7,"s":[{"ui":"3530954","t":338647.0,"r":338307.0,"q":1.04,"p":200.0,"mot":"U","mo":338307.0},{"ui":"3530955","t":152067.0,"r":120738.0,"q":1.08,"p":100.0,"mot":"U","mo":120738.0},{"cn":"","ui":"","t":0.0,"r":0.0,"q":0.0,"p":0.0,"mot":"L","mo":0.0}]},{"d":"09.09.2016","r":436255.0,"q":1.05,"p":179.66,"s":[{"ui":"3530954","t":347879.0,"r":347539.0,"q":1.04,"p":200.0,"mot":"U","mo":347539.0},{"ui":"3530955","t":129046.0,"r":88716.0,"q":1.08,"p":100.0,"mot":"U","mo":88716.0},{"cn":"","ui":"","t":0.0,"r":0.0,"q":0.0,"p":0.0,"mot":"L","mo":0.0}]},{"d":"10.09.2016","r":412460.0,"q":1.05,"p":186.5,"s":[{"ui":"3530954","t":357107.0,"r":356767.0,"q":1.04,"p":200.0,"mot":"U","mo":356767.0},{"ui":"3530955","t":97022.0,"r":55693.0,"q":1.08,"p":100.0,"mot":"U","mo":55693.0},{"cn":"","ui":"","t":0.0,"r":0.0,"q":0.0,"p":0.0,"mot":"L","mo":0.0}]},{"d":"11.09.2016","r":388565.0,"q":1.04,"p":194.19,"s":[{"ui":"3530954","t":366335.0,"r":365995.0,"q":1.04,"p":200.0,"mot":"U","mo":365995.0},{"ui":"3530955","t":63499.0,"r":22570.0,"q":1.09,"p":100.0,"mot":"U","mo":22570.0},{"cn":"","ui":"","t":0.0,"r":0.0,"q":0.0,"p":0.0,"mot":"L","mo":0.0}]},{"d":"12.09.2016","r":375082.0,"q":1.04,"p":200.0,"s":[{"ui":"3530954","t":375559.0,"r":375082.0,"q":1.04,"p":200.0,"mot":"U","mo":375082.0},{"cn":"","ui":"","t":0.0,"r":0.0,"q":0.0,"p":0.0,"mot":"L","mo":0.0}]},{"d":"13.09.2016","r":364144.0,"q":1.04,"p":200.0,"s":[{"ui":"3530954","t":374631.0,"r":364144.0,"q":1.04,"p":200.0,"mot":"U","mo":364144.0},{"cn":"","ui":"","t":0.0,"r":0.0,"q":0.0,"p":0.0,"mot":"L","mo":0.0}]},{"d":"14.09.2016","r":363040.0,"q":1.04,"p":200.0,"s":[{"ui":"3530954","t":373630.0,"r":363040.0,"q":1.04,"p":200.0,"mot":"U","mo":363040.0},{"cn":"","ui":"","t":0.0,"r":0.0,"q":0.0,"p":0.0,"mot":"L","mo":0.0}]},{"d":"15.09.2016","r":361866.0,"q":1.03,"p":200.0,"s":[{"ui":"3530954","t":372456.0,"r":361866.0,"q":1.03,"p":200.0,"mot":"U","mo":361866.0},{"cn":"","ui":"","t":0.0,"r":0.0,"q":0.0,"p":0.0,"mot":"L","mo":0.0}]},{"d":"16.09.2016","r":360648.0,"q":1.03,"p":200.0,"s":[{"ui":"3530954","t":371343.0,"r":360648.0,"q":1.03,"p":200.0,"mot":"U","mo":360648.0},{"cn":"","ui":"","t":0.0,"r":0.0,"q":0.0,"p":0.0,"mot":"L","mo":0.0}]},{"d":"17.09.2016","r":358325.0,"q":1.03,"p":200.0,"s":[{"ui":"3530954","t":369120.0,"r":358325.0,"q":1.03,"p":200.0,"mot":"U","mo":358325.0},{"cn":"","ui":"","t":0.0,"r":0.0,"q":0.0,"p":0.0,"mot":"L","mo":0.0}]},{"d":"18.09.2016","r":356079.0,"q":1.03,"p":200.0,"s":[{"ui":"3530954","t":367789.0,"r":356079.0,"q":1.03,"p":200.0,"mot":"U","mo":356079.0},{"cn":"","ui":"","t":0.0,"r":0.0,"q":0.0,"p":0.0,"mot":"L","mo":0.0}]},{"d":"19.09.2016","r":353628.0,"q":1.03,"p":200.0,"s":[{"ui":"3530954","t":365448.0,"r":353628.0,"q":1.03,"p":200.0,"mot":"U","mo":353628.0},{"cn":"","ui":"","t":0.0,"r":0.0,"q":0.0,"p":0.0,"mot":"L","mo":0.0}]},{"d":"20.09.2016","r":350918.0,"q":1.03,"p":200.0,"s":[{"ui":"3530954","t":362878.0,"r":350918.0,"q":1.03,"p":200.0,"mot":"U","mo":350918.0},{"cn":"","ui":"","t":0.0,"r":0.0,"q":0.0,"p":0.0,"mot":"L","mo":0.0}]},{"d":"21.09.2016","r":345186.0,"q":1.03,"p":200.0,"s":[{"ui":"3530954","t":359246.0,"r":345186.0,"q":1.03,"p":200.0,"mot":"U","mo":345186.0},{"cn":"","ui":"","t":0.0,"r":0.0,"q":0.0,"p":0.0,"mot":"L","mo":0.0}]},{"d":"23.09.2016","r":273113.0,"q":1.03,"p":200.0,"s":[{"ui":"3530954","t":346213.0,"r":273113.0,"q":1.03,"p":200.0,"mot":"U","mo":273113.0},{"cn":"","ui":"","t":0.0,"r":0.0,"q":0.0,"p":0.0,"mot":"L","mo":0.0}]},{"d":"24.09.2016","r":184707.0,"q":1.03,"p":200.0,"s":[{"ui":"3530954","t":260457.0,"r":184707.0,"q":1.03,"p":200.0,"mot":"U","mo":184707.0},{"cn":"","ui":"","t":0.0,"r":0.0,"q":0.0,"p":0.0,"mot":"L","mo":0.0}]},{"d":"25.09.2016","r":179351.0,"q":1.03,"p":200.0,"s":[{"ui":"3530954","t":255101.0,"r":179351.0,"q":1.03,"p":200.0,"mot":"U","mo":179351.0},{"cn":"","ui":"","t":0.0,"r":0.0,"q":0.0,"p":0.0,"mot":"L","mo":0.0}]},{"d":"26.09.2016","r":170491.0,"q":1.02,"p":200.0,"s":[{"ui":"3530954","t":247941.0,"r":170491.0,"q":1.02,"p":200.0,"mot":"U","mo":170491.0},{"cn":"","ui":"","t":0.0,"r":0.0,"q":0.0,"p":0.0,"mot":"L","mo":0.0}]},{"d":"27.09.2016","r":217818.0,"q":1.02,"p":200.0,"s":[{"ui":"3530954","t":237538.0,"r":217818.0,"q":1.02,"p":200.0,"mot":"U","mo":217818.0},{"cn":"","ui":"","t":0.0,"r":0.0,"q":0.0,"p":0.0,"mot":"L","mo":0.0}]},{"d":"28.09.2016","r":202961.0,"q":1.02,"p":200.0,"s":[{"ui":"3530954","t":226191.0,"r":202961.0,"q":1.02,"p":200.0,"mot":"U","mo":202961.0},{"cn":"","ui":"","t":0.0,"r":0.0,"q":0.0,"p":0.0,"mot":"L","mo":0.0}]},{"d":"29.09.2016","r":173367.0,"q":1.02,"p":200.0,"s":[{"ui":"3530954","t":199347.0,"r":173367.0,"q":1.02,"p":200.0,"mot":"U","mo":173367.0},{"cn":"","ui":"","t":0.0,"r":0.0,"q":0.0,"p":0.0,"mot":"L","mo":0.0}]},{"d":"30.09.2016","r":156069.0,"q":1.02,"p":200.0,"s":[{"ui":"3530954","t":181649.0,"r":156069.0,"q":1.02,"p":200.0,"mot":"U","mo":156069.0},{"cn":"","ui":"","t":0.0,"r":0.0,"q":0.0,"p":0.0,"mot":"L","mo":0.0}]},{"d":"01.10.2016","r":39376.0,"q":1.02,"p":200.0,"s":[{"ui":"3530954","t":115206.0,"r":39376.0,"q":1.02,"p":200.0,"mot":"U","mo":39376.0},{"cn":"","ui":"","t":0.0,"r":0.0,"q":0.0,"p":0.0,"mot":"L","mo":0.0}]},{"d":"30.10.2016","r":58.0,"q":8.03,"p":130.0,"s":[{"ui":"3187154","t":59.0,"r":58.0,"q":8.03,"p":130.0,"mot":"U","mo":58.0},{"cn":"","ui":"","t":0.0,"r":0.0,"q":0.0,"p":0.0,"mot":"L","mo":0.0}]},{"d":"31.10.2016","r":29.0,"q":8.04,"p":130.0,"s":[{"ui":"3187154","t":30.0,"r":29.0,"q":8.04,"p":130.0,"mot":"U","mo":29.0},{"cn":"","ui":"","t":0.0,"r":0.0,"q":0.0,"p":0.0,"mot":"L","mo":0.0}]},{"d":"05.11.2016","r":5000.0,"q":1.0,"p":3500.99,"s":[{"ui":"3611747","t":5000.0,"r":5000.0,"q":1.0,"p":3500.99,"mot":"U","mo":5000.0},{"cn":"","ui":"","t":0.0,"r":0.0,"q":0.0,"p":0.0,"mot":"L","mo":0.0}]},{"d":"06.11.2016","r":6666.0,"q":1.0,"p":1150.99,"s":[{"ui":"3611747","t":7666.0,"r":6666.0,"q":1.0,"p":1150.99,"mot":"U","mo":6666.0},{"cn":"","ui":"","t":0.0,"r":0.0,"q":0.0,"p":0.0,"mot":"L","mo":0.0}]},{"d":"07.11.2016","r":10666.0,"q":1.0,"p":1150.99,"s":[{"ui":"3611747","t":11666.0,"r":10666.0,"q":1.0,"p":1150.99,"mot":"U","mo":10666.0},{"cn":"","ui":"","t":0.0,"r":0.0,"q":0.0,"p":0.0,"mot":"L","mo":0.0}]},{"d":"08.11.2016","r":14666.0,"q":1.0,"p":1150.99,"s":[{"ui":"3611747","t":15666.0,"r":14666.0,"q":1.0,"p":1150.99,"mot":"U","mo":14666.0},{"cn":"","ui":"","t":0.0,"r":0.0,"q":0.0,"p":0.0,"mot":"L","mo":0.0}]},{"d":"09.11.2016","r":17656.0,"q":1.0,"p":1150.99,"s":[{"ui":"3611747","t":19161.0,"r":17656.0,"q":1.0,"p":1150.99,"mot":"U","mo":17656.0},{"cn":"","ui":"","t":0.0,"r":0.0,"q":0.0,"p":0.0,"mot":"L","mo":0.0}]},{"d":"10.11.2016","r":21131.0,"q":1.0,"p":1150.99,"s":[{"ui":"3611747","t":22646.0,"r":21131.0,"q":1.0,"p":1150.99,"mot":"U","mo":21131.0},{"cn":"","ui":"","t":0.0,"r":0.0,"q":0.0,"p":0.0,"mot":"L","mo":0.0}]},{"d":"11.11.2016","r":4576.0,"q":1.0,"p":390.99,"s":[{"ui":"3611747","t":16091.0,"r":4576.0,"q":1.0,"p":390.99,"mot":"U","mo":4576.0},{"cn":"","ui":"","t":0.0,"r":0.0,"q":0.0,"p":0.0,"mot":"L","mo":0.0}]},{"d":"16.11.2016","r":1965.0,"q":1.0,"p":350.99,"s":[{"ui":"3611747","t":5980.0,"r":1965.0,"q":1.0,"p":350.99,"mot":"U","mo":1965.0},{"cn":"","ui":"","t":0.0,"r":0.0,"q":0.0,"p":0.0,"mot":"L","mo":0.0}]},{"d":"17.11.2016","r":2450.0,"q":1.0,"p":350.99,"s":[{"ui":"3611747","t":6465.0,"r":2450.0,"q":1.0,"p":350.99,"mot":"U","mo":2450.0},{"cn":"","ui":"","t":0.0,"r":0.0,"q":0.0,"p":0.0,"mot":"L","mo":0.0}]},{"d":"18.11.2016","r":11877.0,"q":6.83,"p":51.13,"s":[{"ui":"3239164","t":27452.0,"r":11452.0,"q":7.05,"p":40.0,"mot":"U","mo":11452.0},{"cn":"","ui":"","t":5940.0,"r":425.0,"q":1.0,"p":350.99,"mot":"L","mo":425.0}]},{"d":"19.11.2016","r":22002.0,"q":7.0,"p":40.0,"s":[{"ui":"3239164","t":38002.0,"r":22002.0,"q":7.0,"p":40.0,"mot":"U","mo":22002.0},{"cn":"","ui":"","t":0.0,"r":0.0,"q":0.0,"p":0.0,"mot":"L","mo":0.0}]},{"d":"20.11.2016","r":31049.0,"q":6.49,"p":63.97,"s":[{"ui":"3239164","t":44656.0,"r":28656.0,"q":6.95,"p":40.0,"mot":"U","mo":28656.0},{"ui":"3611747","t":6408.0,"r":2393.0,"q":1.0,"p":350.99,"mot":"U","mo":2393.0},{"cn":"","ui":"","t":0.0,"r":0.0,"q":0.0,"p":0.0,"mot":"L","mo":0.0}]},{"d":"21.11.2016","r":22368.0,"q":6.03,"p":86.92,"s":[{"ui":"3239164","t":54993.0,"r":18993.0,"q":6.92,"p":40.0,"mot":"U","mo":18993.0},{"ui":"3611747","t":7390.0,"r":3375.0,"q":1.0,"p":350.99,"mot":"U","mo":3375.0},{"cn":"","ui":"","t":0.0,"r":0.0,"q":0.0,"p":0.0,"mot":"L","mo":0.0}]},{"d":"22.11.2016","r":11397.0,"q":4.63,"p":158.86,"s":[{"ui":"3239164","t":45041.0,"r":7041.0,"q":6.87,"p":40.0,"mot":"U","mo":7041.0},{"ui":"3611747","t":8371.0,"r":4356.0,"q":1.0,"p":350.99,"mot":"U","mo":4356.0},{"cn":"","ui":"","t":0.0,"r":0.0,"q":0.0,"p":0.0,"mot":"L","mo":0.0}]},{"d":"23.11.2016","r":3335.0,"q":1.0,"p":350.99,"s":[{"ui":"3611747","t":8350.0,"r":3335.0,"q":1.0,"p":350.99,"mot":"U","mo":3335.0},{"cn":"","ui":"","t":0.0,"r":0.0,"q":0.0,"p":0.0,"mot":"L","mo":0.0}]},{"d":"24.11.2016","r":3313.0,"q":1.0,"p":350.99,"s":[{"ui":"3611747","t":8328.0,"r":3313.0,"q":1.0,"p":350.99,"mot":"U","mo":3313.0},{"cn":"","ui":"","t":0.0,"r":0.0,"q":0.0,"p":0.0,"mot":"L","mo":0.0}]},{"d":"03.12.2016","r":8600.0,"q":6.19,"p":40.0,"s":[{"ui":"3239164","t":26600.0,"r":8600.0,"q":6.19,"p":40.0,"mot":"U","mo":8600.0},{"cn":"","ui":"","t":0.0,"r":0.0,"q":0.0,"p":0.0,"mot":"L","mo":0.0}]},{"d":"04.12.2016","r":4591.0,"q":6.3,"p":40.0,"s":[{"ui":"3239164","t":22791.0,"r":4591.0,"q":6.3,"p":40.0,"mot":"U","mo":4591.0},{"cn":"","ui":"","t":0.0,"r":0.0,"q":0.0,"p":0.0,"mot":"L","mo":0.0}]},{"d":"05.12.2016","r":9761.0,"q":6.49,"p":40.0,"s":[{"ui":"3239164","t":28261.0,"r":9761.0,"q":6.49,"p":40.0,"mot":"U","mo":9761.0},{"cn":"","ui":"","t":0.0,"r":0.0,"q":0.0,"p":0.0,"mot":"L","mo":0.0}]},{"d":"10.12.2016","r":1000.0,"q":6.38,"p":1000.0,"s":[{"ui":"3607607","t":6000.0,"r":6000.0,"q":6.38,"p":1000.0,"mot":"L","mo":1000.0},{"cn":"","ui":"","t":0.0,"r":0.0,"q":0.0,"p":0.0,"mot":"L","mo":0.0}]},{"d":"11.12.2016","r":1000.0,"q":6.36,"p":1000.0,"s":[{"ui":"3607607","t":6767.0,"r":6767.0,"q":6.36,"p":1000.0,"mot":"L","mo":1000.0},{"cn":"","ui":"","t":0.0,"r":0.0,"q":0.0,"p":0.0,"mot":"L","mo":0.0}]},{"d":"12.12.2016","r":1000.0,"q":6.34,"p":1000.0,"s":[{"ui":"3607607","t":7197.0,"r":7197.0,"q":6.34,"p":1000.0,"mot":"L","mo":1000.0},{"cn":"","ui":"","t":0.0,"r":0.0,"q":0.0,"p":0.0,"mot":"L","mo":0.0}]},{"d":"14.12.2016","r":12277.0,"q":5.99,"p":40.43,"s":[{"ui":"3239164","t":27070.0,"r":12219.0,"q":5.98,"p":40.0,"mot":"U","mo":12219.0},{"cn":"","ui":"","t":59.0,"r":58.0,"q":8.3,"p":130.0,"mot":"L","mo":58.0}]},{"d":"15.12.2016","r":17927.0,"q":5.94,"p":40.44,"s":[{"ui":"3239164","t":32690.0,"r":17840.0,"q":5.93,"p":40.0,"mot":"U","mo":17840.0},{"cn":"","ui":"","t":88.0,"r":87.0,"q":8.3,"p":130.0,"mot":"L","mo":87.0}]},{"d":"16.12.2016","r":23401.0,"q":5.91,"p":40.45,"s":[{"ui":"3239164","t":38135.0,"r":23285.0,"q":5.9,"p":40.0,"mot":"U","mo":23285.0},{"cn":"","ui":"","t":117.0,"r":116.0,"q":8.31,"p":130.0,"mot":"L","mo":116.0}]},{"d":"17.12.2016","r":28561.0,"q":5.87,"p":40.45,"s":[{"ui":"3239164","t":43266.0,"r":28416.0,"q":5.86,"p":40.0,"mot":"U","mo":28416.0},{"cn":"","ui":"","t":146.0,"r":145.0,"q":8.31,"p":129.0,"mot":"L","mo":145.0}]},{"d":"18.12.2016","r":33560.0,"q":5.83,"p":40.46,"s":[{"ui":"3239164","t":48236.0,"r":33386.0,"q":5.82,"p":40.0,"mot":"U","mo":33386.0},{"cn":"","ui":"","t":175.0,"r":174.0,"q":8.31,"p":129.0,"mot":"L","mo":174.0}]},{"d":"19.12.2016","r":38240.0,"q":5.79,"p":40.47,"s":[{"ui":"3239164","t":52887.0,"r":38037.0,"q":5.78,"p":40.0,"mot":"U","mo":38037.0},{"cn":"","ui":"","t":204.0,"r":203.0,"q":8.32,"p":129.0,"mot":"L","mo":203.0}]},{"d":"20.12.2016","r":42615.0,"q":5.75,"p":40.48,"s":[{"ui":"3239164","t":57233.0,"r":42383.0,"q":5.74,"p":40.0,"mot":"U","mo":42383.0},{"cn":"","ui":"","t":233.0,"r":232.0,"q":8.32,"p":129.0,"mot":"L","mo":232.0}]},{"d":"21.12.2016","r":46690.0,"q":5.71,"p":40.5,"s":[{"ui":"3239164","t":61279.0,"r":46429.0,"q":5.7,"p":40.0,"mot":"U","mo":46429.0},{"cn":"","ui":"","t":262.0,"r":261.0,"q":8.32,"p":129.0,"mot":"L","mo":261.0}]},{"d":"22.12.2016","r":50468.0,"q":5.67,"p":40.51,"s":[{"ui":"3239164","t":65028.0,"r":50178.0,"q":5.65,"p":40.0,"mot":"U","mo":50178.0},{"cn":"","ui":"","t":291.0,"r":290.0,"q":8.33,"p":129.0,"mot":"L","mo":290.0}]},{"d":"23.12.2016","r":54095.0,"q":5.63,"p":40.52,"s":[{"ui":"3239164","t":68626.0,"r":53776.0,"q":5.61,"p":40.0,"mot":"U","mo":53776.0},{"cn":"","ui":"","t":320.0,"r":319.0,"q":8.33,"p":129.0,"mot":"L","mo":319.0}]},{"d":"24.12.2016","r":57421.0,"q":5.59,"p":40.54,"s":[{"ui":"3239164","t":71923.0,"r":57073.0,"q":5.57,"p":40.0,"mot":"U","mo":57073.0},{"cn":"","ui":"","t":349.0,"r":348.0,"q":8.33,"p":129.0,"mot":"L","mo":348.0}]},{"d":"25.12.2016","r":58470.0,"q":5.54,"p":40.57,"s":[{"ui":"3239164","t":73943.0,"r":58093.0,"q":5.52,"p":40.0,"mot":"U","mo":58093.0},{"cn":"","ui":"","t":378.0,"r":377.0,"q":8.34,"p":129.0,"mot":"L","mo":377.0}]},{"d":"26.12.2016","r":58354.0,"q":5.5,"p":40.62,"s":[{"ui":"3239164","t":74798.0,"r":57948.0,"q":5.48,"p":40.0,"mot":"U","mo":57948.0},{"cn":"","ui":"","t":407.0,"r":406.0,"q":8.34,"p":129.0,"mot":"L","mo":406.0}]},{"d":"27.12.2016","r":57957.0,"q":5.45,"p":40.67,"s":[{"ui":"3239164","t":74872.0,"r":57522.0,"q":5.43,"p":40.0,"mot":"U","mo":57522.0},{"cn":"","ui":"","t":436.0,"r":435.0,"q":8.34,"p":129.0,"mot":"L","mo":435.0}]},{"d":"28.12.2016","r":57784.0,"q":5.4,"p":40.71,"s":[{"ui":"3239164","t":74670.0,"r":57320.0,"q":5.38,"p":40.0,"mot":"U","mo":57320.0},{"cn":"","ui":"","t":465.0,"r":464.0,"q":8.35,"p":129.0,"mot":"L","mo":464.0}]},{"d":"29.12.2016","r":57460.0,"q":5.37,"p":40.76,"s":[{"ui":"3239164","t":74317.0,"r":56967.0,"q":5.34,"p":40.0,"mot":"U","mo":56967.0},{"cn":"","ui":"","t":494.0,"r":493.0,"q":8.35,"p":129.0,"mot":"L","mo":493.0}]},{"d":"30.12.2016","r":55874.0,"q":5.32,"p":40.83,"s":[{"ui":"3239164","t":73202.0,"r":55352.0,"q":5.29,"p":40.0,"mot":"U","mo":55352.0},{"cn":"","ui":"","t":523.0,"r":522.0,"q":8.35,"p":129.0,"mot":"L","mo":522.0}]},{"d":"31.12.2016","r":54512.0,"q":5.27,"p":40.9,"s":[{"ui":"3239164","t":71811.0,"r":53961.0,"q":5.24,"p":40.0,"mot":"U","mo":53961.0},{"cn":"","ui":"","t":552.0,"r":551.0,"q":8.36,"p":129.0,"mot":"L","mo":551.0}]},{"d":"01.01.2017","r":52004.0,"q":5.23,"p":40.99,"s":[{"ui":"3239164","t":69774.0,"r":51424.0,"q":5.19,"p":40.0,"mot":"U","mo":51424.0},{"cn":"","ui":"","t":581.0,"r":580.0,"q":8.37,"p":129.0,"mot":"L","mo":580.0}]},{"d":"02.01.2017","r":53603.0,"q":5.09,"p":41.01,"s":[{"ui":"3239164","t":71544.0,"r":52994.0,"q":5.05,"p":40.0,"mot":"U","mo":52994.0},{"cn":"","ui":"","t":610.0,"r":609.0,"q":8.37,"p":129.0,"mot":"L","mo":609.0}]},{"d":"03.01.2017","r":55386.0,"q":4.99,"p":41.03,"s":[{"ui":"3239164","t":73298.0,"r":54748.0,"q":4.95,"p":40.0,"mot":"U","mo":54748.0},{"cn":"","ui":"","t":639.0,"r":638.0,"q":8.38,"p":129.0,"mot":"L","mo":638.0}]},{"d":"04.01.2017","r":57145.0,"q":4.92,"p":41.04,"s":[{"ui":"3239164","t":75028.0,"r":56478.0,"q":4.88,"p":40.0,"mot":"U","mo":56478.0},{"cn":"","ui":"","t":668.0,"r":667.0,"q":8.38,"p":129.0,"mot":"L","mo":667.0}]},{"d":"05.01.2017","r":57879.0,"q":4.87,"p":41.06,"s":[{"ui":"3239164","t":76233.0,"r":57183.0,"q":4.83,"p":40.0,"mot":"U","mo":57183.0},{"cn":"","ui":"","t":697.0,"r":696.0,"q":8.39,"p":128.0,"mot":"L","mo":696.0}]},{"d":"06.01.2017","r":58089.0,"q":4.84,"p":41.1,"s":[{"ui":"3239164","t":76914.0,"r":57364.0,"q":4.8,"p":40.0,"mot":"U","mo":57364.0},{"cn":"","ui":"","t":726.0,"r":725.0,"q":8.39,"p":128.0,"mot":"L","mo":725.0}]},{"d":"07.01.2017","r":58783.0,"q":4.82,"p":41.13,"s":[{"ui":"3239164","t":77579.0,"r":58029.0,"q":4.77,"p":40.0,"mot":"U","mo":58029.0},{"cn":"","ui":"","t":755.0,"r":754.0,"q":8.4,"p":128.0,"mot":"L","mo":754.0}]},{"d":"08.01.2017","r":59412.0,"q":4.8,"p":41.16,"s":[{"ui":"3239164","t":78199.0,"r":58629.0,"q":4.75,"p":40.0,"mot":"U","mo":58629.0},{"cn":"","ui":"","t":784.0,"r":783.0,"q":8.41,"p":128.0,"mot":"L","mo":783.0}]},{"d":"09.01.2017","r":87475.0,"q":6.61,"p":40.82,"s":[{"ui":"3239164","t":106763.0,"r":86663.0,"q":6.59,"p":40.0,"mot":"U","mo":86663.0},{"cn":"","ui":"","t":813.0,"r":812.0,"q":8.41,"p":128.0,"mot":"L","mo":812.0}]},{"d":"10.01.2017","r":115980.0,"q":7.38,"p":40.64,"s":[{"ui":"3239164","t":135239.0,"r":115139.0,"q":7.37,"p":40.0,"mot":"U","mo":115139.0},{"cn":"","ui":"","t":842.0,"r":841.0,"q":8.42,"p":128.0,"mot":"L","mo":841.0}]},{"d":"11.01.2017","r":144445.0,"q":7.79,"p":40.53,"s":[{"ui":"3239164","t":163675.0,"r":143575.0,"q":7.79,"p":40.0,"mot":"U","mo":143575.0},{"cn":"","ui":"","t":871.0,"r":870.0,"q":8.42,"p":128.0,"mot":"L","mo":870.0}]},{"d":"12.01.2017","r":172780.0,"q":8.04,"p":40.46,"s":[{"ui":"3239164","t":192017.0,"r":171881.0,"q":8.04,"p":40.0,"mot":"U","mo":171881.0},{"cn":"","ui":"","t":900.0,"r":899.0,"q":8.43,"p":128.0,"mot":"L","mo":899.0}]},{"d":"13.01.2017","r":201778.0,"q":8.2,"p":40.4,"s":[{"ui":"3239164","t":220600.0,"r":200850.0,"q":8.2,"p":40.0,"mot":"U","mo":200850.0},{"cn":"","ui":"","t":929.0,"r":928.0,"q":8.43,"p":128.0,"mot":"L","mo":928.0}]},{"d":"14.01.2017","r":226417.0,"q":8.31,"p":40.37,"s":[{"ui":"3239164","t":247210.0,"r":225460.0,"q":8.31,"p":40.0,"mot":"U","mo":225460.0},{"cn":"","ui":"","t":958.0,"r":957.0,"q":8.44,"p":128.0,"mot":"L","mo":957.0}]},{"d":"15.01.2017","r":252736.0,"q":8.39,"p":40.34,"s":[{"ui":"3239164","t":273500.0,"r":251750.0,"q":8.39,"p":40.0,"mot":"U","mo":251750.0},{"cn":"","ui":"","t":987.0,"r":986.0,"q":8.44,"p":128.0,"mot":"L","mo":986.0}]},{"d":"16.01.2017","r":276438.0,"q":8.44,"p":40.32,"s":[{"ui":"3239164","t":298173.0,"r":275423.0,"q":8.44,"p":40.0,"mot":"U","mo":275423.0},{"cn":"","ui":"","t":1016.0,"r":1015.0,"q":8.44,"p":128.0,"mot":"L","mo":1015.0}]},{"d":"17.01.2017","r":298724.0,"q":8.49,"p":40.31,"s":[{"ui":"3239164","t":322430.0,"r":297680.0,"q":8.49,"p":40.0,"mot":"U","mo":297680.0},{"cn":"","ui":"","t":1045.0,"r":1044.0,"q":8.45,"p":128.0,"mot":"L","mo":1044.0}]},{"d":"18.01.2017","r":296971.0,"q":8.53,"p":40.32,"s":[{"ui":"3239164","t":333648.0,"r":295898.0,"q":8.53,"p":40.0,"mot":"U","mo":295898.0},{"cn":"","ui":"","t":1074.0,"r":1073.0,"q":8.45,"p":128.0,"mot":"L","mo":1073.0}]},{"d":"19.01.2017","r":285159.0,"q":8.57,"p":40.34,"s":[{"ui":"3239164","t":333307.0,"r":284057.0,"q":8.57,"p":40.0,"mot":"U","mo":284057.0},{"cn":"","ui":"","t":1103.0,"r":1102.0,"q":8.46,"p":128.0,"mot":"L","mo":1102.0}]},{"d":"20.01.2017","r":284188.0,"q":8.6,"p":40.35,"s":[{"ui":"3239164","t":332607.0,"r":283057.0,"q":8.6,"p":40.0,"mot":"U","mo":283057.0},{"cn":"","ui":"","t":1132.0,"r":1131.0,"q":8.46,"p":128.0,"mot":"L","mo":1131.0}]},{"d":"21.01.2017","r":283458.0,"q":8.62,"p":40.36,"s":[{"ui":"3239164","t":331848.0,"r":282298.0,"q":8.62,"p":40.0,"mot":"U","mo":282298.0},{"cn":"","ui":"","t":1161.0,"r":1160.0,"q":8.47,"p":128.0,"mot":"L","mo":1160.0}]},{"d":"22.01.2017","r":280689.0,"q":8.65,"p":40.37,"s":[{"ui":"3239164","t":330050.0,"r":279500.0,"q":8.65,"p":40.0,"mot":"U","mo":279500.0},{"cn":"","ui":"","t":1190.0,"r":1189.0,"q":8.47,"p":128.0,"mot":"L","mo":1189.0}]},{"d":"23.01.2017","r":278861.0,"q":8.66,"p":40.38,"s":[{"ui":"3239164","t":328193.0,"r":277643.0,"q":8.66,"p":40.0,"mot":"U","mo":277643.0},{"cn":"","ui":"","t":1219.0,"r":1218.0,"q":8.47,"p":128.0,"mot":"L","mo":1218.0}]},{"d":"24.01.2017","r":275774.0,"q":8.68,"p":40.4,"s":[{"ui":"3239164","t":325677.0,"r":274527.0,"q":8.68,"p":40.0,"mot":"U","mo":274527.0},{"cn":"","ui":"","t":1248.0,"r":1247.0,"q":8.48,"p":128.0,"mot":"L","mo":1247.0}]},{"d":"25.01.2017","r":298199.0,"q":8.69,"p":40.38,"s":[{"ui":"3239164","t":335338.0,"r":296923.0,"q":8.69,"p":40.0,"mot":"U","mo":296923.0},{"cn":"","ui":"","t":1277.0,"r":1276.0,"q":8.48,"p":128.0,"mot":"L","mo":1276.0}]},{"d":"26.01.2017","r":308329.0,"q":8.71,"p":40.37,"s":[{"ui":"3239164","t":345459.0,"r":307024.0,"q":8.71,"p":40.0,"mot":"U","mo":307024.0},{"cn":"","ui":"","t":1306.0,"r":1305.0,"q":8.49,"p":128.0,"mot":"L","mo":1305.0}]},{"d":"27.01.2017","r":318610.0,"q":8.72,"p":40.36,"s":[{"ui":"3239164","t":356311.0,"r":317276.0,"q":8.72,"p":40.0,"mot":"U","mo":317276.0},{"cn":"","ui":"","t":1335.0,"r":1334.0,"q":8.49,"p":127.0,"mot":"L","mo":1334.0}]},{"d":"28.01.2017","r":319942.0,"q":8.72,"p":40.6,"s":[{"ui":"3239164","t":361829.0,"r":318379.0,"q":8.72,"p":40.0,"mot":"U","mo":318379.0},{"cn":"","ui":"","t":1564.0,"r":1563.0,"q":8.52,"p":161.93,"mot":"L","mo":1563.0}]},{"d":"29.01.2017","r":294359.0,"q":8.73,"p":40.66,"s":[{"ui":"3239164","t":346652.0,"r":292766.0,"q":8.73,"p":40.0,"mot":"U","mo":292766.0},{"cn":"","ui":"","t":1594.0,"r":1593.0,"q":8.53,"p":161.45,"mot":"L","mo":1593.0}]},{"d":"30.01.2017","r":303153.0,"q":8.74,"p":40.65,"s":[{"ui":"3239164","t":348516.0,"r":301530.0,"q":8.74,"p":40.0,"mot":"U","mo":301530.0},{"cn":"","ui":"","t":1624.0,"r":1623.0,"q":8.53,"p":160.98,"mot":"L","mo":1623.0}]},{"d":"31.01.2017","r":283188.0,"q":8.74,"p":40.7,"s":[{"ui":"3239164","t":339421.0,"r":281535.0,"q":8.74,"p":40.0,"mot":"U","mo":281535.0},{"cn":"","ui":"","t":1654.0,"r":1653.0,"q":8.53,"p":160.53,"mot":"L","mo":1653.0}]},{"d":"01.02.2017","r":294390.0,"q":8.75,"p":40.44,"s":[{"ui":"3239164","t":329222.0,"r":292911.0,"q":8.75,"p":40.0,"mot":"U","mo":292911.0},{"cn":"","ui":"","t":1480.0,"r":1479.0,"q":8.51,"p":127.0,"mot":"L","mo":1479.0}]},{"d":"02.02.2017","r":1508.0,"q":8.51,"p":127.0,"s":[{"ui":"3187154","t":1509.0,"r":1508.0,"q":8.51,"p":127.0,"mot":"U","mo":1508.0},{"cn":"","ui":"","t":0.0,"r":0.0,"q":0.0,"p":0.0,"mot":"L","mo":0.0}]},{"d":"03.02.2017","r":1537.0,"q":8.52,"p":127.0,"s":[{"ui":"3187154","t":1538.0,"r":1537.0,"q":8.52,"p":127.0,"mot":"U","mo":1537.0},{"cn":"","ui":"","t":0.0,"r":0.0,"q":0.0,"p":0.0,"mot":"L","mo":0.0}]},{"d":"04.02.2017","r":1566.0,"q":8.52,"p":127.0,"s":[{"ui":"3187154","t":1567.0,"r":1566.0,"q":8.52,"p":127.0,"mot":"U","mo":1566.0},{"cn":"","ui":"","t":0.0,"r":0.0,"q":0.0,"p":0.0,"mot":"L","mo":0.0}]},{"d":"18.02.2017","r":22278.0,"q":8.78,"p":40.23,"s":[{"ui":"3239164","t":58970.0,"r":22220.0,"q":8.78,"p":40.0,"mot":"U","mo":22220.0},{"cn":"","ui":"","t":59.0,"r":58.0,"q":9.55,"p":127.0,"mot":"L","mo":58.0}]},{"d":"19.02.2017","r":57.0,"q":9.55,"p":127.0,"s":[{"ui":"3187154","t":73.0,"r":57.0,"q":9.55,"p":127.0,"mot":"U","mo":57.0},{"cn":"","ui":"","t":0.0,"r":0.0,"q":0.0,"p":0.0,"mot":"L","mo":0.0}]},{"d":"20.02.2017","r":71.0,"q":9.56,"p":127.0,"s":[{"ui":"3187154","t":87.0,"r":71.0,"q":9.56,"p":127.0,"mot":"U","mo":71.0},{"cn":"","ui":"","t":0.0,"r":0.0,"q":0.0,"p":0.0,"mot":"L","mo":0.0}]},{"d":"21.02.2017","r":75.0,"q":9.56,"p":127.0,"s":[{"ui":"3187154","t":96.0,"r":75.0,"q":9.56,"p":127.0,"mot":"U","mo":75.0},{"cn":"","ui":"","t":0.0,"r":0.0,"q":0.0,"p":0.0,"mot":"L","mo":0.0}]},{"d":"22.02.2017","r":84.0,"q":9.57,"p":127.0,"s":[{"ui":"3187154","t":105.0,"r":84.0,"q":9.57,"p":127.0,"mot":"U","mo":84.0},{"cn":"","ui":"","t":0.0,"r":0.0,"q":0.0,"p":0.0,"mot":"L","mo":0.0}]},{"d":"23.02.2017","r":93.0,"q":9.57,"p":127.0,"s":[{"ui":"3187154","t":114.0,"r":93.0,"q":9.57,"p":127.0,"mot":"U","mo":93.0},{"cn":"","ui":"","t":0.0,"r":0.0,"q":0.0,"p":0.0,"mot":"L","mo":0.0}]},{"d":"24.02.2017","r":9.0,"q":9.6,"p":127.0,"s":[{"ui":"3187154","t":30.0,"r":9.0,"q":9.6,"p":127.0,"mot":"U","mo":9.0},{"cn":"","ui":"","t":0.0,"r":0.0,"q":0.0,"p":0.0,"mot":"L","mo":0.0}]},{"d":"27.02.2017","r":73922.0,"q":16.04,"p":40.0,"s":[{"ui":"3239164","t":124672.0,"r":73922.0,"q":16.04,"p":40.0,"mot":"U","mo":73922.0},{"cn":"","ui":"","t":0.0,"r":0.0,"q":0.0,"p":0.0,"mot":"L","mo":0.0}]},{"d":"28.02.2017","r":144802.0,"q":15.98,"p":40.0,"s":[{"ui":"3239164","t":196552.0,"r":144802.0,"q":15.98,"p":40.0,"mot":"U","mo":144802.0},{"cn":"","ui":"","t":0.0,"r":0.0,"q":0.0,"p":0.0,"mot":"L","mo":0.0}]},{"d":"01.03.2017","r":210790.0,"q":15.91,"p":40.0,"s":[{"ui":"3239164","t":264840.0,"r":210790.0,"q":15.91,"p":40.0,"mot":"U","mo":210790.0},{"cn":"","ui":"","t":0.0,"r":0.0,"q":0.0,"p":0.0,"mot":"L","mo":0.0}]},{"d":"02.03.2017","r":283110.0,"q":15.86,"p":40.0,"s":[{"ui":"3239164","t":334870.0,"r":283110.0,"q":15.86,"p":40.0,"mot":"U","mo":283110.0},{"cn":"","ui":"","t":0.0,"r":0.0,"q":0.0,"p":0.0,"mot":"L","mo":0.0}]},{"d":"03.03.2017","r":354395.0,"q":16.01,"p":40.0,"s":[{"cn":"hj corp","ui":"3239164","t":408155.0,"r":354395.0,"q":16.01,"p":40.0,"mot":"U","mo":354395.0},{"cn":"","ui":"","t":0.0,"r":0.0,"q":0.0,"p":0.0,"mot":"L","mo":0.0}]},{"d":"04.03.2017","r":426996.0,"q":16.08,"p":40.0,"s":[{"cn":"hj corp","ui":"3239164","t":480756.0,"r":426996.0,"q":16.08,"p":40.0,"mot":"U","mo":426996.0},{"cn":"","ui":"","t":0.0,"r":0.0,"q":0.0,"p":0.0,"mot":"L","mo":0.0}]},{"d":"05.03.2017","r":506321.0,"q":16.25,"p":40.0,"s":[{"cn":"hj corp","ui":"3239164","t":560081.0,"r":506321.0,"q":16.25,"p":40.0,"mot":"U","mo":506321.0},{"cn":"","ui":"","t":0.0,"r":0.0,"q":0.0,"p":0.0,"mot":"L","mo":0.0}]},{"d":"06.03.2017","r":581560.0,"q":16.36,"p":40.0,"s":[{"cn":"hj corp","ui":"3239164","t":637320.0,"r":581560.0,"q":16.36,"p":40.0,"mot":"U","mo":581560.0},{"cn":"","ui":"","t":0.0,"r":0.0,"q":0.0,"p":0.0,"mot":"L","mo":0.0}]},{"d":"07.03.2017","r":658639.0,"q":16.44,"p":40.0,"s":[{"cn":"hj corp","ui":"3239164","t":714399.0,"r":658639.0,"q":16.44,"p":40.0,"mot":"U","mo":658639.0},{"cn":"","ui":"","t":0.0,"r":0.0,"q":0.0,"p":0.0,"mot":"L","mo":0.0}]},{"d":"08.03.2017","r":703611.0,"q":16.5,"p":40.0,"s":[{"cn":"hj corp","ui":"3239164","t":775371.0,"r":703611.0,"q":16.5,"p":40.0,"mot":"U","mo":703611.0},{"cn":"","ui":"","t":0.0,"r":0.0,"q":0.0,"p":0.0,"mot":"L","mo":0.0}]},{"d":"10.03.2017","r":825110.0,"q":16.58,"p":40.0,"s":[{"cn":"hj corp","ui":"3239164","t":896860.0,"r":825110.0,"q":16.58,"p":40.0,"mot":"U","mo":825110.0},{"cn":"","ui":"","t":0.0,"r":0.0,"q":0.0,"p":0.0,"mot":"L","mo":0.0}]},{"d":"11.03.2017","r":885606.0,"q":16.61,"p":40.0,"s":[{"cn":"hj corp","ui":"3239164","t":957386.0,"r":885606.0,"q":16.61,"p":40.0,"mot":"U","mo":885606.0},{"cn":"","ui":"","t":0.0,"r":0.0,"q":0.0,"p":0.0,"mot":"L","mo":0.0}]},{"d":"12.03.2017","r":830876.0,"q":16.64,"p":40.0,"s":[{"cn":"hj corp","ui":"3239164","t":960231.0,"r":830876.0,"q":16.64,"p":40.0,"mot":"U","mo":830876.0},{"cn":"","ui":"","t":0.0,"r":0.0,"q":0.0,"p":0.0,"mot":"L","mo":0.0}]},{"d":"13.03.2017","r":833561.0,"q":16.66,"p":40.0,"s":[{"cn":"hj corp","ui":"3239164","t":962916.0,"r":833561.0,"q":16.66,"p":40.0,"mot":"U","mo":833561.0},{"cn":"","ui":"","t":0.0,"r":0.0,"q":0.0,"p":0.0,"mot":"L","mo":0.0}]},{"d":"14.03.2017","r":826240.0,"q":16.67,"p":40.0,"s":[{"cn":"hj corp","ui":"3239164","t":960545.0,"r":826240.0,"q":16.67,"p":40.0,"mot":"U","mo":826240.0},{"cn":"","ui":"","t":0.0,"r":0.0,"q":0.0,"p":0.0,"mot":"L","mo":0.0}]}]