[{"d":"18.11.2016","r":200.0,"q":1.0,"p":2000.0,"s":[{"ui":"6347305","t":350.0,"r":200.0,"q":1.0,"p":2000.0,"mot":"U","mo":200.0},{"cn":"","ui":"","t":0.0,"r":0.0,"q":0.0,"p":0.0,"mot":"L","mo":0.0}]},{"d":"19.11.2016","r":496.0,"q":1.0,"p":1891.13,"s":[{"ui":"6351278","t":310.0,"r":270.0,"q":1.0,"p":1800.0,"mot":"U","mo":270.0},{"ui":"6347305","t":288.0,"r":226.0,"q":1.0,"p":2000.0,"mot":"U","mo":226.0},{"cn":"","ui":"","t":0.0,"r":0.0,"q":0.0,"p":0.0,"mot":"L","mo":0.0}]},{"d":"20.11.2016","r":630.0,"q":1.0,"p":1886.35,"s":[{"ui":"6351278","t":434.0,"r":358.0,"q":1.0,"p":1800.0,"mot":"U","mo":358.0},{"ui":"6347305","t":280.0,"r":272.0,"q":1.0,"p":2000.0,"mot":"U","mo":272.0},{"cn":"","ui":"","t":0.0,"r":0.0,"q":0.0,"p":0.0,"mot":"L","mo":0.0}]},{"d":"21.11.2016","r":800.0,"q":1.0,"p":1867.0,"s":[{"ui":"6351278","t":588.0,"r":532.0,"q":1.0,"p":1800.0,"mot":"U","mo":532.0},{"ui":"6347305","t":274.0,"r":268.0,"q":1.0,"p":2000.0,"mot":"U","mo":268.0},{"cn":"","ui":"","t":0.0,"r":0.0,"q":0.0,"p":0.0,"mot":"L","mo":0.0}]},{"d":"22.11.2016","r":270.0,"q":1.0,"p":2000.0,"s":[{"ui":"6347305","t":272.0,"r":270.0,"q":1.0,"p":2000.0,"mot":"U","mo":270.0},{"cn":"","ui":"","t":0.0,"r":0.0,"q":0.0,"p":0.0,"mot":"L","mo":0.0}]},{"d":"24.11.2016","r":69.0,"q":1.0,"p":1550.0,"s":[{"ui":"6350030","t":200.0,"r":69.0,"q":1.0,"p":1550.0,"mot":"U","mo":69.0},{"cn":"","ui":"","t":0.0,"r":0.0,"q":0.0,"p":0.0,"mot":"L","mo":0.0}]},{"d":"26.11.2016","r":69.0,"q":1.0,"p":1500.0,"s":[{"ui":"6350030","t":200.0,"r":69.0,"q":1.0,"p":1500.0,"mot":"U","mo":69.0},{"cn":"","ui":"","t":0.0,"r":0.0,"q":0.0,"p":0.0,"mot":"L","mo":0.0}]},{"d":"27.11.2016","r":138.0,"q":1.0,"p":1500.0,"s":[{"ui":"6350030","t":269.0,"r":138.0,"q":1.0,"p":1500.0,"mot":"U","mo":138.0},{"cn":"","ui":"","t":0.0,"r":0.0,"q":0.0,"p":0.0,"mot":"L","mo":0.0}]},{"d":"28.11.2016","r":975.0,"q":2.46,"p":5000.0,"s":[{"ui":"6361339","t":975.0,"r":975.0,"q":2.46,"p":5000.0,"mot":"U","mo":975.0},{"cn":"","ui":"","t":0.0,"r":0.0,"q":0.0,"p":0.0,"mot":"L","mo":0.0}]},{"d":"29.11.2016","r":77264.0,"q":1.63,"p":2002.56,"s":[{"ui":"6352786","t":25429.0,"r":25429.0,"q":1.62,"p":2000.0,"mot":"U","mo":25429.0},{"ui":"6352804","t":25416.0,"r":25416.0,"q":1.62,"p":2000.0,"mot":"U","mo":25416.0},{"ui":"6352805","t":25429.0,"r":25429.0,"q":1.62,"p":2000.0,"mot":"U","mo":25429.0},{"cn":"","ui":"","t":995.0,"r":990.0,"q":2.42,"p":2200.0,"mot":"L","mo":990.0}]},{"d":"30.11.2016","r":92195.0,"q":1.77,"p":2001.7,"s":[{"ui":"6352786","t":30643.0,"r":30643.0,"q":1.76,"p":2000.0,"mot":"U","mo":30643.0},{"ui":"6352804","t":30374.0,"r":30124.0,"q":1.76,"p":2000.0,"mot":"U","mo":30124.0},{"ui":"6352805","t":30643.0,"r":30643.0,"q":1.76,"p":2000.0,"mot":"U","mo":30643.0},{"cn":"","ui":"","t":990.0,"r":785.0,"q":2.42,"p":2200.0,"mot":"L","mo":785.0}]},{"d":"01.12.2016","r":105769.0,"q":1.87,"p":2000.0,"s":[{"ui":"6352786","t":35848.0,"r":35848.0,"q":1.87,"p":2000.0,"mot":"U","mo":35848.0},{"ui":"6352804","t":35323.0,"r":34073.0,"q":1.87,"p":2000.0,"mot":"U","mo":34073.0},{"ui":"6352805","t":35848.0,"r":35848.0,"q":1.87,"p":2000.0,"mot":"U","mo":35848.0},{"cn":"","ui":"","t":0.0,"r":0.0,"q":0.0,"p":0.0,"mot":"L","mo":0.0}]},{"d":"02.12.2016","r":120078.0,"q":1.95,"p":1999.29,"s":[{"ui":"6352786","t":41047.0,"r":41047.0,"q":1.95,"p":2000.0,"mot":"U","mo":41047.0},{"ui":"6352804","t":39164.0,"r":37814.0,"q":1.95,"p":2000.0,"mot":"U","mo":37814.0},{"ui":"6352805","t":41047.0,"r":41047.0,"q":1.95,"p":2000.0,"mot":"U","mo":41047.0},{"cn":"","ui":"","t":500.0,"r":170.0,"q":1.0,"p":1500.0,"mot":"L","mo":170.0}]},{"d":"03.12.2016","r":132722.0,"q":2.01,"p":2000.0,"s":[{"ui":"6352786","t":46238.0,"r":46238.0,"q":2.01,"p":2000.0,"mot":"U","mo":46238.0},{"ui":"6352804","t":42296.0,"r":40246.0,"q":2.02,"p":2000.0,"mot":"U","mo":40246.0},{"ui":"6352805","t":46238.0,"r":46238.0,"q":2.01,"p":2000.0,"mot":"U","mo":46238.0},{"cn":"","ui":"","t":0.0,"r":0.0,"q":0.0,"p":0.0,"mot":"L","mo":0.0}]},{"d":"04.12.2016","r":74324.0,"q":2.05,"p":2000.0,"s":[{"ui":"6352786","t":49968.0,"r":49968.0,"q":2.04,"p":2000.0,"mot":"U","mo":49968.0},{"ui":"6352804","t":35206.0,"r":24356.0,"q":2.07,"p":2000.0,"mot":"U","mo":24356.0},{"cn":"","ui":"","t":0.0,"r":0.0,"q":0.0,"p":0.0,"mot":"L","mo":0.0}]},{"d":"05.12.2016","r":66180.0,"q":2.02,"p":1988.33,"s":[{"ui":"6352804","t":24356.0,"r":13506.0,"q":2.07,"p":2000.0,"mot":"U","mo":13506.0},{"ui":"6352805","t":49968.0,"r":49968.0,"q":2.04,"p":2000.0,"mot":"U","mo":49968.0},{"cn":"","ui":"","t":3836.0,"r":2706.0,"q":1.37,"p":1714.63,"mot":"L","mo":2706.0}]},{"d":"08.12.2016","r":75110.0,"q":2.29,"p":1940.67,"s":[{"ui":"6352805","t":66199.0,"r":66198.0,"q":2.44,"p":2000.0,"mot":"U","mo":66198.0},{"ui":"6350030","t":9465.0,"r":8330.0,"q":1.0,"p":1500.0,"mot":"U","mo":8330.0},{"cn":"","ui":"","t":1102.0,"r":582.0,"q":4.21,"p":1500.0,"mot":"L","mo":582.0}]},{"d":"09.12.2016","r":85014.0,"q":2.37,"p":1907.31,"s":[{"ui":"6352805","t":71688.0,"r":71687.0,"q":2.57,"p":2000.0,"mot":"U","mo":71687.0},{"ui":"6350030","t":13315.0,"r":12165.0,"q":1.0,"p":1400.0,"mot":"U","mo":12165.0},{"cn":"","ui":"","t":1682.0,"r":1162.0,"q":4.21,"p":1500.0,"mot":"L","mo":1162.0}]},{"d":"10.12.2016","r":3350.0,"q":1.0,"p":1400.0,"s":[{"ui":"6350030","t":5000.0,"r":3350.0,"q":1.0,"p":1400.0,"mot":"U","mo":3350.0},{"cn":"","ui":"","t":0.0,"r":0.0,"q":0.0,"p":0.0,"mot":"L","mo":0.0}]},{"d":"11.12.2016","r":6900.0,"q":1.0,"p":1320.29,"s":[{"ui":"6350030","t":8350.0,"r":6700.0,"q":1.0,"p":1300.0,"mot":"U","mo":6700.0},{"cn":"","ui":"","t":200.0,"r":200.0,"q":1.0,"p":2000.0,"mot":"L","mo":200.0}]},{"d":"12.12.2016","r":5859.0,"q":1.0,"p":1300.0,"s":[{"ui":"6350030","t":7519.0,"r":5859.0,"q":1.0,"p":1300.0,"mot":"U","mo":5859.0},{"cn":"","ui":"","t":0.0,"r":0.0,"q":0.0,"p":0.0,"mot":"L","mo":0.0}]},{"d":"16.12.2016","r":8000.0,"q":2.51,"p":4000.0,"s":[{"ui":"5798419","t":8000.0,"r":8000.0,"q":2.51,"p":4000.0,"mot":"U","mo":8000.0},{"cn":"","ui":"","t":0.0,"r":0.0,"q":0.0,"p":0.0,"mot":"L","mo":0.0}]},{"d":"19.12.2016","r":11.0,"q":6.12,"p":600.0,"s":[{"ui":"6348581","t":231.0,"r":11.0,"q":6.12,"p":600.0,"mot":"U","mo":11.0},{"cn":"","ui":"","t":0.0,"r":0.0,"q":0.0,"p":0.0,"mot":"L","mo":0.0}]},{"d":"25.12.2016","r":22510.0,"q":6.12,"p":3000.0,"s":[{"ui":"6396008","t":11355.0,"r":11195.0,"q":6.12,"p":3000.0,"mot":"U","mo":11195.0},{"ui":"6396015","t":11415.0,"r":11315.0,"q":6.12,"p":3000.0,"mot":"U","mo":11315.0},{"cn":"","ui":"","t":0.0,"r":0.0,"q":0.0,"p":0.0,"mot":"L","mo":0.0}]},{"d":"27.12.2016","r":8351.0,"q":4.46,"p":3094.7,"s":[{"ui":"6351338","t":6075.0,"r":3975.0,"q":8.26,"p":5000.0,"mot":"U","mo":3975.0},{"ui":"6350030","t":8238.0,"r":3976.0,"q":1.0,"p":1300.0,"mot":"U","mo":3976.0},{"cn":"","ui":"","t":400.0,"r":400.0,"q":1.0,"p":2000.0,"mot":"L","mo":400.0}]},{"d":"29.12.2016","r":8079.0,"q":8.02,"p":3860.75,"s":[{"ui":"6351338","t":7135.0,"r":2143.0,"q":8.26,"p":5000.0,"mot":"U","mo":2143.0},{"ui":"6396016","t":6070.0,"r":5736.0,"q":8.18,"p":3500.0,"mot":"U","mo":5736.0},{"cn":"","ui":"","t":400.0,"r":200.0,"q":1.0,"p":2000.0,"mot":"L","mo":200.0}]},{"d":"30.12.2016","r":237.0,"q":1.0,"p":1595.36,"s":[{"ui":"6384828","t":500.0,"r":100.0,"q":1.0,"p":2000.0,"mot":"U","mo":100.0},{"ui":"6350030","t":5000.0,"r":137.0,"q":1.0,"p":1300.0,"mot":"U","mo":137.0},{"cn":"","ui":"","t":0.0,"r":0.0,"q":0.0,"p":0.0,"mot":"L","mo":0.0}]},{"d":"31.12.2016","r":24848.0,"q":7.84,"p":6773.26,"s":[{"ui":"6351338","t":11777.0,"r":11456.0,"q":8.26,"p":5000.0,"mot":"U","mo":11456.0},{"ui":"6414427","t":12114.0,"r":12074.0,"q":8.18,"p":9000.0,"mot":"U","mo":12074.0},{"cn":"","ui":"","t":5958.0,"r":1318.0,"q":1.0,"p":1787.56,"mot":"L","mo":1318.0}]},{"d":"01.01.2017","r":55831.0,"q":8.17,"p":5479.04,"s":[{"ui":"6351338","t":17184.0,"r":16553.0,"q":8.26,"p":5000.0,"mot":"U","mo":16553.0},{"ui":"6348479","t":18535.0,"r":18535.0,"q":8.94,"p":3000.0,"mot":"U","mo":18535.0},{"ui":"6414427","t":18151.0,"r":18111.0,"q":8.18,"p":9000.0,"mot":"U","mo":18111.0},{"cn":"","ui":"","t":7486.0,"r":2632.0,"q":2.18,"p":1721.7,"mot":"L","mo":2632.0}]},{"d":"02.01.2017","r":71243.0,"q":8.43,"p":5592.37,"s":[{"ui":"6351338","t":21844.0,"r":20473.0,"q":8.26,"p":5000.0,"mot":"U","mo":20473.0},{"ui":"6348479","t":24916.0,"r":24916.0,"q":9.3,"p":3000.0,"mot":"U","mo":24916.0},{"ui":"6414427","t":24228.0,"r":24228.0,"q":8.18,"p":9000.0,"mot":"U","mo":24228.0},{"cn":"","ui":"","t":1626.0,"r":1626.0,"q":1.0,"p":2000.0,"mot":"L","mo":1626.0}]},{"d":"03.01.2017","r":87456.0,"q":8.53,"p":5631.97,"s":[{"ui":"6351338","t":26522.0,"r":25176.0,"q":8.26,"p":5000.0,"mot":"U","mo":25176.0},{"ui":"6348479","t":30787.0,"r":30277.0,"q":9.53,"p":3000.0,"mot":"U","mo":30277.0},{"ui":"6414427","t":30305.0,"r":30305.0,"q":8.18,"p":9000.0,"mot":"U","mo":30305.0},{"cn":"","ui":"","t":6446.0,"r":1698.0,"q":1.0,"p":1821.91,"mot":"L","mo":1698.0}]},{"d":"04.01.2017","r":103107.0,"q":8.61,"p":3189.51,"s":[{"ui":"6351338","t":30793.0,"r":29048.0,"q":8.26,"p":5000.0,"mot":"U","mo":29048.0},{"ui":"6348479","t":36478.0,"r":35788.0,"q":9.67,"p":3000.0,"mot":"U","mo":35788.0},{"ui":"6414427","t":36382.0,"r":36382.0,"q":8.18,"p":2000.0,"mot":"U","mo":36382.0},{"cn":"","ui":"","t":8251.0,"r":1889.0,"q":2.37,"p":1849.29,"mot":"L","mo":1889.0}]},{"d":"05.01.2017","r":32312.0,"q":8.26,"p":5000.0,"s":[{"ui":"6351338","t":35057.0,"r":32312.0,"q":8.26,"p":5000.0,"mot":"U","mo":32312.0},{"cn":"","ui":"","t":0.0,"r":0.0,"q":0.0,"p":0.0,"mot":"L","mo":0.0}]},{"d":"06.01.2017","r":69878.0,"q":7.72,"p":4624.67,"s":[{"ui":"6351100","t":19428.0,"r":19428.0,"q":8.18,"p":4000.0,"mot":"U","mo":19428.0},{"ui":"3142567","t":13599.0,"r":13599.0,"q":5.6,"p":4500.0,"mot":"U","mo":13599.0},{"ui":"6351338","t":38955.0,"r":36851.0,"q":8.26,"p":5000.0,"mot":"U","mo":36851.0},{"cn":"","ui":"","t":0.0,"r":0.0,"q":0.0,"p":0.0,"mot":"L","mo":0.0}]},{"d":"07.01.2017","r":130784.0,"q":7.92,"p":4376.46,"s":[{"ui":"6351100","t":19195.0,"r":13979.0,"q":8.18,"p":4000.0,"mot":"U","mo":13979.0},{"ui":"6426334","t":24250.0,"r":14250.0,"q":8.12,"p":4000.0,"mot":"U","mo":14250.0},{"ui":"6426335","t":24254.0,"r":19254.0,"q":8.12,"p":4000.0,"mot":"U","mo":19254.0},{"ui":"3142567","t":22139.0,"r":22139.0,"q":6.63,"p":4500.0,"mot":"U","mo":22139.0},{"ui":"6351338","t":42845.0,"r":40741.0,"q":8.26,"p":5000.0,"mot":"U","mo":40741.0},{"ui":"6426281","t":24252.0,"r":19250.0,"q":8.12,"p":4000.0,"mot":"U","mo":19250.0},{"cn":"","ui":"","t":2431.0,"r":1171.0,"q":8.1,"p":1800.0,"mot":"L","mo":1171.0}]},{"d":"08.01.2017","r":84527.0,"q":7.82,"p":4700.63,"s":[{"ui":"6351100","t":13989.0,"r":8773.0,"q":8.18,"p":4000.0,"mot":"U","mo":8773.0},{"ui":"3142567","t":30672.0,"r":30672.0,"q":7.08,"p":4500.0,"mot":"U","mo":30672.0},{"ui":"6351338","t":46818.0,"r":44714.0,"q":8.26,"p":5000.0,"mot":"U","mo":44714.0},{"cn":"","ui":"","t":578.0,"r":368.0,"q":8.1,"p":1750.0,"mot":"L","mo":368.0}]},{"d":"09.01.2017","r":91452.0,"q":7.86,"p":4735.89,"s":[{"ui":"3142567","t":39197.0,"r":39197.0,"q":7.34,"p":4500.0,"mot":"U","mo":39197.0},{"ui":"6351338","t":50634.0,"r":48380.0,"q":8.26,"p":5000.0,"mot":"U","mo":48380.0},{"cn":"","ui":"","t":10680.0,"r":3875.0,"q":8.17,"p":3824.49,"mot":"L","mo":3875.0}]},{"d":"10.01.2017","r":102272.0,"q":7.9,"p":4692.86,"s":[{"ui":"3142567","t":47717.0,"r":47717.0,"q":7.5,"p":4500.0,"mot":"U","mo":47717.0},{"ui":"6351338","t":54442.0,"r":52188.0,"q":8.26,"p":5000.0,"mot":"U","mo":52188.0},{"cn":"","ui":"","t":7239.0,"r":2367.0,"q":8.1,"p":1808.87,"mot":"L","mo":2367.0}]},{"d":"11.01.2017","r":122758.0,"q":8.08,"p":4634.9,"s":[{"ui":"3142567","t":59269.0,"r":59269.0,"q":7.65,"p":4500.0,"mot":"U","mo":59269.0},{"ui":"6351338","t":59146.0,"r":57492.0,"q":8.49,"p":5000.0,"mot":"U","mo":57492.0},{"cn":"","ui":"","t":23297.0,"r":5997.0,"q":8.3,"p":2468.03,"mot":"L","mo":5997.0}]},{"d":"12.01.2017","r":133398.0,"q":8.18,"p":4733.09,"s":[{"ui":"3142567","t":71210.0,"r":71210.0,"q":7.75,"p":4500.0,"mot":"U","mo":71210.0},{"ui":"6351338","t":63842.0,"r":62188.0,"q":8.68,"p":5000.0,"mot":"U","mo":62188.0},{"cn":"","ui":"","t":0.0,"r":0.0,"q":0.0,"p":0.0,"mot":"L","mo":0.0}]},{"d":"13.01.2017","r":135934.0,"q":8.32,"p":4745.99,"s":[{"ui":"3142567","t":79936.0,"r":69057.0,"q":7.81,"p":4500.0,"mot":"U","mo":69057.0},{"ui":"6351338","t":68531.0,"r":66877.0,"q":8.84,"p":5000.0,"mot":"U","mo":66877.0},{"cn":"","ui":"","t":0.0,"r":0.0,"q":0.0,"p":0.0,"mot":"L","mo":0.0}]},{"d":"14.01.2017","r":191340.0,"q":8.72,"p":4177.16,"s":[{"ui":"3142567","t":78648.0,"r":67789.0,"q":7.87,"p":4500.0,"mot":"U","mo":67789.0},{"ui":"6206998","t":20338.0,"r":20338.0,"q":10.37,"p":2250.0,"mot":"U","mo":20338.0},{"ui":"6351338","t":73212.0,"r":71558.0,"q":8.98,"p":5000.0,"mot":"U","mo":71558.0},{"ui":"6423817","t":16512.0,"r":16162.0,"q":8.29,"p":1688.0,"mot":"U","mo":16162.0},{"cn":"","ui":"","t":20752.0,"r":15493.0,"q":9.5,"p":4090.6,"mot":"L","mo":15493.0}]},{"d":"15.01.2017","r":196470.0,"q":8.8,"p":4368.98,"s":[{"ui":"3142567","t":77817.0,"r":67411.0,"q":7.92,"p":4500.0,"mot":"U","mo":67411.0},{"ui":"6351338","t":77885.0,"r":76231.0,"q":9.09,"p":5000.0,"mot":"U","mo":76231.0},{"ui":"6206998","t":13867.0,"r":13367.0,"q":10.37,"p":2250.0,"mot":"U","mo":13367.0},{"ui":"6445802","t":12754.0,"r":12754.0,"q":9.55,"p":4500.0,"mot":"U","mo":12754.0},{"ui":"6423817","t":14082.0,"r":11752.0,"q":8.29,"p":2000.0,"mot":"U","mo":11752.0},{"ui":"6445803","t":12754.0,"r":12754.0,"q":9.68,"p":4500.0,"mot":"U","mo":12754.0},{"cn":"","ui":"","t":2201.0,"r":2201.0,"q":9.5,"p":2500.0,"mot":"L","mo":2201.0}]},{"d":"16.01.2017","r":175832.0,"q":8.69,"p":4499.47,"s":[{"ui":"3142567","t":76676.0,"r":66270.0,"q":7.96,"p":4500.0,"mot":"U","mo":66270.0},{"ui":"6351338","t":82551.0,"r":80897.0,"q":9.19,"p":5000.0,"mot":"U","mo":80897.0},{"ui":"6423817","t":15859.0,"r":14549.0,"q":8.34,"p":2000.0,"mot":"U","mo":14549.0},{"cn":"","ui":"","t":18826.0,"r":14116.0,"q":9.66,"p":4204.59,"mot":"L","mo":14116.0}]},{"d":"17.01.2017","r":151068.0,"q":8.72,"p":4782.26,"s":[{"ui":"3142567","t":75734.0,"r":65463.0,"q":8.0,"p":4500.0,"mot":"U","mo":65463.0},{"ui":"6351338","t":87209.0,"r":85555.0,"q":9.28,"p":5000.0,"mot":"U","mo":85555.0},{"cn":"","ui":"","t":632.0,"r":50.0,"q":8.1,"p":1755.0,"mot":"L","mo":50.0}]},{"d":"18.01.2017","r":151791.0,"q":8.88,"p":4752.86,"s":[{"ui":"3142567","t":70437.0,"r":57116.0,"q":8.03,"p":4500.0,"mot":"U","mo":57116.0},{"ui":"6351338","t":91109.0,"r":88705.0,"q":9.36,"p":5000.0,"mot":"U","mo":88705.0},{"cn":"","ui":"","t":6330.0,"r":5970.0,"q":9.96,"p":3500.0,"mot":"L","mo":5970.0}]},{"d":"19.01.2017","r":192078.0,"q":8.92,"p":4672.45,"s":[{"ui":"3142567","t":69006.0,"r":56510.0,"q":8.07,"p":4500.0,"mot":"U","mo":56510.0},{"ui":"6351338","t":94902.0,"r":92398.0,"q":9.43,"p":5000.0,"mot":"U","mo":92398.0},{"ui":"5422950","t":38901.0,"r":37801.0,"q":8.77,"p":4300.0,"mot":"U","mo":37801.0},{"cn":"","ui":"","t":5719.0,"r":5369.0,"q":10.11,"p":3472.95,"mot":"L","mo":5369.0}]},{"d":"20.01.2017","r":83257.0,"q":8.72,"p":4717.2,"s":[{"ui":"3142567","t":63568.0,"r":47072.0,"q":8.1,"p":4500.0,"mot":"U","mo":47072.0},{"ui":"6351338","t":68686.0,"r":36180.0,"q":9.52,"p":5000.0,"mot":"U","mo":36180.0},{"cn":"","ui":"","t":734.0,"r":5.0,"q":11.41,"p":3179.18,"mot":"L","mo":5.0}]},{"d":"21.01.2017","r":160109.0,"q":9.04,"p":4710.11,"s":[{"ui":"3142567","t":59122.0,"r":41626.0,"q":8.14,"p":4500.0,"mot":"U","mo":41626.0},{"ui":"6351338","t":72785.0,"r":70603.0,"q":9.6,"p":5000.0,"mot":"U","mo":70603.0},{"ui":"6336667","t":8523.0,"r":8523.0,"q":10.37,"p":5250.0,"mot":"U","mo":8523.0},{"ui":"5422950","t":38901.0,"r":38901.0,"q":8.77,"p":4300.0,"mot":"U","mo":38901.0},{"cn":"","ui":"","t":456.0,"r":456.0,"q":3.23,"p":3900.0,"mot":"L","mo":456.0}]},{"d":"22.01.2017","r":131682.0,"q":8.86,"p":4524.72,"s":[{"ui":"6427358","t":8063.0,"r":7863.0,"q":3.33,"p":1000.0,"mot":"U","mo":7863.0},{"ui":"3142567","t":54403.0,"r":16907.0,"q":8.17,"p":4500.0,"mot":"U","mo":16907.0},{"ui":"6351338","t":76887.0,"r":74715.0,"q":9.66,"p":5000.0,"mot":"U","mo":74715.0},{"ui":"5422950","t":37871.0,"r":31841.0,"q":8.77,"p":4300.0,"mot":"U","mo":31841.0},{"cn":"","ui":"","t":406.0,"r":356.0,"q":3.23,"p":3900.0,"mot":"L","mo":356.0}]},{"d":"23.01.2017","r":106090.0,"q":9.42,"p":4801.1,"s":[{"ui":"6351338","t":80981.0,"r":78809.0,"q":9.72,"p":5000.0,"mot":"U","mo":78809.0},{"ui":"5422950","t":31841.0,"r":25811.0,"q":8.77,"p":4300.0,"mot":"U","mo":25811.0},{"cn":"","ui":"","t":5174.0,"r":1470.0,"q":5.06,"p":2936.33,"mot":"L","mo":1470.0}]},{"d":"24.01.2017","r":107189.0,"q":9.65,"p":4826.66,"s":[{"ui":"6351338","t":85190.0,"r":83018.0,"q":9.77,"p":5000.0,"mot":"U","mo":83018.0},{"ui":"5422950","t":25686.0,"r":19531.0,"q":8.77,"p":4300.0,"mot":"U","mo":19531.0},{"cn":"","ui":"","t":7190.0,"r":4640.0,"q":11.16,"p":3942.11,"mot":"L","mo":4640.0}]},{"d":"25.01.2017","r":35919.0,"q":9.84,"p":5000.0,"s":[{"ui":"6351338","t":63241.0,"r":35919.0,"q":9.84,"p":5000.0,"mot":"U","mo":35919.0},{"cn":"","ui":"","t":0.0,"r":0.0,"q":0.0,"p":0.0,"mot":"L","mo":0.0}]},{"d":"26.01.2017","r":83426.0,"q":11.78,"p":7722.8,"s":[{"ui":"6352786","t":6700.0,"r":6700.0,"q":12.12,"p":10000.0,"mot":"U","mo":6700.0},{"ui":"6426334","t":6700.0,"r":6700.0,"q":11.87,"p":8000.0,"mot":"U","mo":6700.0},{"ui":"6426335","t":6692.0,"r":6692.0,"q":11.91,"p":7000.0,"mot":"U","mo":6692.0},{"ui":"6352804","t":6689.0,"r":6689.0,"q":11.82,"p":7000.0,"mot":"U","mo":6689.0},{"ui":"6445802","t":6700.0,"r":6700.0,"q":12.22,"p":8000.0,"mot":"U","mo":6700.0},{"ui":"6352805","t":6700.0,"r":6700.0,"q":12.24,"p":8000.0,"mot":"U","mo":6700.0},{"ui":"6396008","t":6700.0,"r":6700.0,"q":11.95,"p":8000.0,"mot":"U","mo":6700.0},{"ui":"6396015","t":12625.0,"r":12625.0,"q":10.92,"p":7000.0,"mot":"U","mo":12625.0},{"ui":"6445803","t":6700.0,"r":6700.0,"q":12.22,"p":8000.0,"mot":"U","mo":6700.0},{"ui":"6396016","t":11520.0,"r":10520.0,"q":11.4,"p":7000.0,"mot":"U","mo":10520.0},{"ui":"6426281","t":6700.0,"r":6700.0,"q":11.87,"p":8000.0,"mot":"U","mo":6700.0},{"cn":"","ui":"","t":0.0,"r":0.0,"q":0.0,"p":0.0,"mot":"L","mo":0.0}]},{"d":"27.01.2017","r":93741.0,"q":12.05,"p":8285.72,"s":[{"ui":"6352786","t":13392.0,"r":13392.0,"q":12.12,"p":10000.0,"mot":"U","mo":13392.0},{"ui":"6426334","t":13389.0,"r":13389.0,"q":11.9,"p":8000.0,"mot":"U","mo":13389.0},{"ui":"6445802","t":13392.0,"r":13392.0,"q":12.12,"p":8000.0,"mot":"U","mo":13392.0},{"ui":"6352805","t":13392.0,"r":13392.0,"q":12.25,"p":8000.0,"mot":"U","mo":13392.0},{"ui":"6396008","t":13392.0,"r":13392.0,"q":11.95,"p":8000.0,"mot":"U","mo":13392.0},{"ui":"6445803","t":13392.0,"r":13392.0,"q":12.12,"p":8000.0,"mot":"U","mo":13392.0},{"ui":"6426281","t":13392.0,"r":13392.0,"q":11.9,"p":8000.0,"mot":"U","mo":13392.0},{"cn":"","ui":"","t":0.0,"r":0.0,"q":0.0,"p":0.0,"mot":"L","mo":0.0}]},{"d":"28.01.2017","r":104985.0,"q":11.98,"p":8370.24,"s":[{"ui":"6352786","t":20073.0,"r":20073.0,"q":12.12,"p":10000.0,"mot":"U","mo":20073.0},{"ui":"6426334","t":18068.0,"r":16068.0,"q":11.93,"p":8000.0,"mot":"U","mo":16068.0},{"ui":"6352805","t":19073.0,"r":18073.0,"q":12.25,"p":8000.0,"mot":"U","mo":18073.0},{"ui":"6396008","t":18073.0,"r":16073.0,"q":11.95,"p":8000.0,"mot":"U","mo":16073.0},{"ui":"6445803","t":18073.0,"r":16073.0,"q":12.09,"p":8000.0,"mot":"U","mo":16073.0},{"ui":"6426281","t":18073.0,"r":16073.0,"q":11.93,"p":8000.0,"mot":"U","mo":16073.0},{"cn":"","ui":"","t":2552.0,"r":2552.0,"q":9.05,"p":7500.0,"mot":"L","mo":2552.0}]},{"d":"29.01.2017","r":106220.0,"q":12.08,"p":8503.6,"s":[{"ui":"6352786","t":26746.0,"r":26746.0,"q":12.11,"p":10000.0,"mot":"U","mo":26746.0},{"ui":"6426334","t":22736.0,"r":20736.0,"q":11.96,"p":8000.0,"mot":"U","mo":20736.0},{"ui":"6352805","t":24746.0,"r":23746.0,"q":12.25,"p":8000.0,"mot":"U","mo":23746.0},{"ui":"6396008","t":19496.0,"r":14246.0,"q":11.96,"p":8000.0,"mot":"U","mo":14246.0},{"ui":"6445803","t":22746.0,"r":20746.0,"q":12.07,"p":8000.0,"mot":"U","mo":20746.0},{"cn":"","ui":"","t":0.0,"r":0.0,"q":0.0,"p":0.0,"mot":"L","mo":0.0}]},{"d":"31.01.2017","r":15024.0,"q":10.69,"p":6528.89,"s":[{"ui":"6410406","t":211190.0,"r":8460.0,"q":9.48,"p":5000.0,"mot":"U","mo":8460.0},{"ui":"6352805","t":6560.0,"r":6560.0,"q":12.25,"p":8500.0,"mot":"U","mo":6560.0},{"cn":"","ui":"","t":1276.0,"r":4.0,"q":9.09,"p":7500.0,"mot":"L","mo":4.0}]},{"d":"02.02.2017","r":95.0,"q":11.87,"p":8394.74,"s":[{"ui":"6352805","t":6636.0,"r":75.0,"q":11.83,"p":8500.0,"mot":"U","mo":75.0},{"ui":"6426281","t":6630.0,"r":20.0,"q":12.02,"p":8000.0,"mot":"U","mo":20.0},{"cn":"","ui":"","t":0.0,"r":0.0,"q":0.0,"p":0.0,"mot":"L","mo":0.0}]},{"d":"07.02.2017","r":400.0,"q":1.0,"p":10500.0,"s":[{"ui":"6493032","t":400.0,"r":400.0,"q":1.0,"p":10500.0,"mot":"U","mo":400.0},{"cn":"","ui":"","t":0.0,"r":0.0,"q":0.0,"p":0.0,"mot":"L","mo":0.0}]},{"d":"13.02.2017","r":192.0,"q":3.61,"p":5000.0,"s":[{"ui":"6502521","t":192.0,"r":192.0,"q":3.61,"p":5000.0,"mot":"U","mo":192.0},{"cn":"","ui":"","t":0.0,"r":0.0,"q":0.0,"p":0.0,"mot":"L","mo":0.0}]},{"d":"14.02.2017","r":1096.0,"q":1.01,"p":3109.49,"s":[{"ui":"6493032","t":496.0,"r":96.0,"q":1.0,"p":10500.0,"mot":"U","mo":96.0},{"ui":"6415843","t":32786.0,"r":30686.0,"q":1.01,"p":2400.0,"mot":"L","mo":1000.0},{"cn":"","ui":"","t":0.0,"r":0.0,"q":0.0,"p":0.0,"mot":"L","mo":0.0}]},{"d":"15.02.2017","r":1179.0,"q":1.01,"p":3629.77,"s":[{"ui":"6493032","t":579.0,"r":179.0,"q":1.0,"p":10500.0,"mot":"U","mo":179.0},{"ui":"6415843","t":28550.0,"r":20785.0,"q":1.01,"p":2400.0,"mot":"L","mo":1000.0},{"cn":"","ui":"","t":0.0,"r":0.0,"q":0.0,"p":0.0,"mot":"L","mo":0.0}]},{"d":"16.02.2017","r":3288.0,"q":1.09,"p":7107.66,"s":[{"ui":"6493032","t":660.0,"r":260.0,"q":1.0,"p":10500.0,"mot":"U","mo":260.0},{"ui":"6415843","t":23078.0,"r":15113.0,"q":1.01,"p":2400.0,"mot":"L","mo":1000.0},{"ui":"6507370","t":2020.0,"r":2020.0,"q":1.11,"p":9000.0,"mot":"U","mo":2020.0},{"cn":"","ui":"","t":1248.0,"r":8.0,"q":9.15,"p":7500.0,"mot":"L","mo":8.0}]},{"d":"17.02.2017","r":45238.0,"q":10.76,"p":12257.27,"s":[{"ui":"6507370","t":3651.0,"r":3651.0,"q":2.78,"p":9000.0,"mot":"U","mo":3651.0},{"ui":"6396008","t":13204.0,"r":13204.0,"q":11.95,"p":13000.0,"mot":"U","mo":13204.0},{"ui":"6396015","t":13191.0,"r":13191.0,"q":11.94,"p":15000.0,"mot":"U","mo":13191.0},{"ui":"6396016","t":13191.0,"r":13191.0,"q":11.99,"p":11000.0,"mot":"U","mo":13191.0},{"cn":"","ui":"","t":20368.0,"r":2001.0,"q":1.53,"p":3506.91,"mot":"L","mo":2001.0}]},{"d":"18.02.2017","r":10776.0,"q":6.91,"p":11136.79,"s":[{"ui":"6085926","t":14451.0,"r":10451.0,"q":7.57,"p":7000.0,"mot":"L","mo":1000.0},{"ui":"6507370","t":5281.0,"r":5281.0,"q":3.42,"p":9000.0,"mot":"U","mo":5281.0},{"ui":"6396015","t":19891.0,"r":3897.0,"q":11.93,"p":15000.0,"mot":"U","mo":3897.0},{"cn":"","ui":"","t":14232.0,"r":598.0,"q":3.98,"p":11749.16,"mot":"L","mo":598.0}]},{"d":"19.02.2017","r":10826.0,"q":5.0,"p":7643.27,"s":[{"ui":"6085926","t":9176.0,"r":3901.0,"q":7.57,"p":7000.0,"mot":"L","mo":1000.0},{"ui":"6507370","t":7926.0,"r":7926.0,"q":4.26,"p":8000.0,"mot":"U","mo":7926.0},{"ui":"6423817","t":1684.0,"r":1384.0,"q":8.87,"p":5000.0,"mot":"U","mo":1384.0},{"cn":"","ui":"","t":916.0,"r":516.0,"q":1.0,"p":10500.0,"mot":"L","mo":516.0}]},{"d":"21.02.2017","r":1845.0,"q":12.81,"p":15742.28,"s":[{"ui":"6352786","t":7007.0,"r":326.0,"q":12.93,"p":12500.0,"mot":"U","mo":326.0},{"ui":"6426334","t":6870.0,"r":191.0,"q":12.76,"p":20000.0,"mot":"U","mo":191.0},{"ui":"6426335","t":7004.0,"r":323.0,"q":12.82,"p":18000.0,"mot":"U","mo":323.0},{"ui":"6352805","t":7007.0,"r":296.0,"q":12.75,"p":10000.0,"mot":"U","mo":296.0},{"ui":"6396008","t":7007.0,"r":326.0,"q":12.91,"p":19000.0,"mot":"U","mo":326.0},{"ui":"6426281","t":7004.0,"r":323.0,"q":12.76,"p":16000.0,"mot":"U","mo":323.0},{"cn":"","ui":"","t":7440.0,"r":60.0,"q":12.39,"p":16891.67,"mot":"L","mo":60.0}]},{"d":"22.02.2017","r":123.0,"q":12.76,"p":20000.0,"s":[{"ui":"6426334","t":6993.0,"r":123.0,"q":12.76,"p":20000.0,"mot":"U","mo":123.0},{"cn":"","ui":"","t":0.0,"r":0.0,"q":0.0,"p":0.0,"mot":"L","mo":0.0}]},{"d":"24.02.2017","r":85531.0,"q":12.68,"p":17056.56,"s":[{"ui":"6352786","t":13963.0,"r":13963.0,"q":12.9,"p":12500.0,"mot":"U","mo":13963.0},{"ui":"6426334","t":13947.0,"r":13942.0,"q":12.74,"p":20000.0,"mot":"U","mo":13942.0},{"ui":"6426335","t":13957.0,"r":13957.0,"q":12.77,"p":19000.0,"mot":"U","mo":13957.0},{"ui":"6396008","t":13963.0,"r":13963.0,"q":12.88,"p":19000.0,"mot":"U","mo":13963.0},{"ui":"6396016","t":13424.0,"r":13424.0,"q":12.56,"p":17000.0,"mot":"U","mo":13424.0},{"ui":"6426281","t":13950.0,"r":13950.0,"q":12.73,"p":16000.0,"mot":"U","mo":13950.0},{"cn":"","ui":"","t":10105.0,"r":2332.0,"q":9.73,"p":10119.85,"mot":"L","mo":2332.0}]},{"d":"25.02.2017","r":126736.0,"q":12.68,"p":17139.42,"s":[{"ui":"6352786","t":20930.0,"r":20930.0,"q":12.9,"p":12500.0,"mot":"U","mo":20930.0},{"ui":"6426334","t":20906.0,"r":20906.0,"q":12.74,"p":20000.0,"mot":"U","mo":20906.0},{"ui":"6426335","t":20919.0,"r":20919.0,"q":12.76,"p":19000.0,"mot":"U","mo":20919.0},{"ui":"6396008","t":20930.0,"r":20930.0,"q":12.87,"p":19000.0,"mot":"U","mo":20930.0},{"ui":"6396016","t":20123.0,"r":20123.0,"q":12.55,"p":17000.0,"mot":"U","mo":20123.0},{"ui":"6426281","t":20912.0,"r":20912.0,"q":12.73,"p":16000.0,"mot":"U","mo":20912.0},{"cn":"","ui":"","t":9277.0,"r":2016.0,"q":7.72,"p":10229.17,"mot":"L","mo":2016.0}]},{"d":"26.02.2017","r":139539.0,"q":12.63,"p":18139.85,"s":[{"ui":"6426334","t":27854.0,"r":27854.0,"q":12.73,"p":20000.0,"mot":"U","mo":27854.0},{"ui":"6426335","t":27870.0,"r":27870.0,"q":12.75,"p":19000.0,"mot":"U","mo":27870.0},{"ui":"6396008","t":27886.0,"r":27886.0,"q":12.87,"p":19000.0,"mot":"U","mo":27886.0},{"ui":"6426281","t":27863.0,"r":27863.0,"q":12.73,"p":16000.0,"mot":"U","mo":27863.0},{"ui":"6396016","t":26812.0,"r":26812.0,"q":12.55,"p":17000.0,"mot":"U","mo":26812.0},{"cn":"","ui":"","t":2916.0,"r":1254.0,"q":2.1,"p":10495.22,"mot":"L","mo":1254.0}]},{"d":"27.02.2017","r":172439.0,"q":12.73,"p":18217.34,"s":[{"ui":"6426334","t":34889.0,"r":34889.0,"q":12.73,"p":20000.0,"mot":"U","mo":34889.0},{"ui":"6426335","t":34905.0,"r":34905.0,"q":12.74,"p":19000.0,"mot":"U","mo":34905.0},{"ui":"6396008","t":34921.0,"r":34921.0,"q":12.87,"p":19000.0,"mot":"U","mo":34921.0},{"ui":"6396016","t":33599.0,"r":33599.0,"q":12.55,"p":17000.0,"mot":"U","mo":33599.0},{"ui":"6426281","t":34472.0,"r":34046.0,"q":12.73,"p":16000.0,"mot":"U","mo":34046.0},{"cn":"","ui":"","t":7035.0,"r":79.0,"q":12.89,"p":12500.0,"mot":"L","mo":79.0}]},{"d":"28.02.2017","r":169821.0,"q":12.73,"p":18297.72,"s":[{"ui":"6426334","t":41913.0,"r":41913.0,"q":12.73,"p":20000.0,"mot":"U","mo":41913.0},{"ui":"6426335","t":41932.0,"r":41932.0,"q":12.74,"p":19000.0,"mot":"U","mo":41932.0},{"ui":"6396008","t":41948.0,"r":41948.0,"q":12.87,"p":19000.0,"mot":"U","mo":41948.0},{"ui":"6396016","t":37378.0,"r":34378.0,"q":12.55,"p":17000.0,"mot":"U","mo":34378.0},{"cn":"","ui":"","t":18083.0,"r":9650.0,"q":12.78,"p":9422.98,"mot":"L","mo":9650.0}]},{"d":"01.03.2017","r":206076.0,"q":12.92,"p":18717.2,"s":[{"ui":"6426334","t":48925.0,"r":48925.0,"q":12.73,"p":20000.0,"mot":"U","mo":48925.0},{"ui":"6426335","t":48947.0,"r":48947.0,"q":12.74,"p":19000.0,"mot":"U","mo":48947.0},{"ui":"6396008","t":48963.0,"r":48963.0,"q":12.87,"p":19000.0,"mot":"U","mo":48963.0},{"ui":"6348479","t":14040.0,"r":13855.0,"q":15.08,"p":10000.0,"mot":"U","mo":13855.0},{"ui":"6396016","t":41146.0,"r":38146.0,"q":12.56,"p":17000.0,"mot":"U","mo":38146.0},{"cn":"","ui":"","t":14876.0,"r":7240.0,"q":13.62,"p":31953.59,"mot":"L","mo":7240.0}]},{"d":"02.03.2017","r":196521.0,"q":12.74,"p":19977.81,"s":[{"ui":"5197186","t":10000.0,"r":10000.0,"q":13.82,"p":40000.0,"mot":"U","mo":10000.0},{"ui":"6426334","t":55926.0,"r":55926.0,"q":12.74,"p":20000.0,"mot":"U","mo":55926.0},{"ui":"6426335","t":55951.0,"r":55951.0,"q":12.74,"p":19000.0,"mot":"U","mo":55951.0},{"ui":"6396008","t":55970.0,"r":55970.0,"q":12.88,"p":19000.0,"mot":"U","mo":55970.0},{"ui":"6396016","t":29903.0,"r":11903.0,"q":12.56,"p":17000.0,"mot":"U","mo":11903.0},{"cn":"","ui":"","t":7119.0,"r":6771.0,"q":10.44,"p":11621.62,"mot":"L","mo":6771.0}]},{"d":"03.03.2017","r":210774.0,"q":12.77,"p":18996.09,"s":[{"cn":"Mag_1987","ui":"6426334","t":62916.0,"r":62916.0,"q":12.74,"p":20000.0,"mot":"U","mo":62916.0},{"cn":"Mag_1987","ui":"6426335","t":62929.0,"r":62914.0,"q":12.74,"p":19000.0,"mot":"U","mo":62914.0},{"cn":"Mag_1987","ui":"6396008","t":62966.0,"r":62966.0,"q":12.88,"p":19000.0,"mot":"U","mo":62966.0},{"cn":"Mag_1987","ui":"6396016","t":25879.0,"r":15109.0,"q":12.56,"p":17000.0,"mot":"U","mo":15109.0},{"cn":"","ui":"","t":14785.0,"r":6869.0,"q":12.66,"p":14119.94,"mot":"L","mo":6869.0}]},{"d":"04.03.2017","r":259334.0,"q":12.61,"p":17681.68,"s":[{"cn":"Mag_1987","ui":"6426335","t":69898.0,"r":69883.0,"q":12.74,"p":15000.0,"mot":"U","mo":69883.0},{"cn":"Mag_1987","ui":"6352804","t":99004.0,"r":98004.0,"q":12.52,"p":20000.0,"mot":"U","mo":98004.0},{"cn":"Mag_1987","ui":"6396008","t":69928.0,"r":69903.0,"q":12.88,"p":15000.0,"mot":"U","mo":69903.0},{"cn":"","ui":"","t":22632.0,"r":21544.0,"q":11.68,"p":24535.37,"mot":"L","mo":21544.0}]},{"d":"05.03.2017","r":346610.0,"q":12.77,"p":17603.5,"s":[{"cn":"Redicson Трейд","ui":"5197186","t":26000.0,"r":26000.0,"q":13.24,"p":30000.0,"mot":"U","mo":26000.0},{"cn":"Mag_1987","ui":"6426334","t":62956.0,"r":62956.0,"q":12.74,"p":16000.0,"mot":"U","mo":62956.0},{"cn":"Mag_1987","ui":"6426335","t":76856.0,"r":76841.0,"q":12.75,"p":15000.0,"mot":"U","mo":76841.0},{"cn":"Mag_1987","ui":"6352804","t":98004.0,"r":97004.0,"q":12.52,"p":20000.0,"mot":"U","mo":97004.0},{"cn":"Mag_1987","ui":"6396008","t":76729.0,"r":76554.0,"q":12.89,"p":15000.0,"mot":"U","mo":76554.0},{"cn":"","ui":"","t":29390.0,"r":7255.0,"q":13.72,"p":10096.2,"mot":"L","mo":7255.0}]},{"d":"06.03.2017","r":388778.0,"q":12.7,"p":18124.15,"s":[{"cn":"Redicson Трейд","ui":"5197186","t":41700.0,"r":41700.0,"q":12.52,"p":30000.0,"mot":"U","mo":41700.0},{"cn":"Mag_1987","ui":"6426334","t":69935.0,"r":68935.0,"q":12.75,"p":16000.0,"mot":"U","mo":68935.0},{"cn":"Mag_1987","ui":"6426335","t":83778.0,"r":82738.0,"q":12.75,"p":15000.0,"mot":"U","mo":82738.0},{"cn":"Mag_1987","ui":"6352804","t":104977.0,"r":104977.0,"q":12.54,"p":20000.0,"mot":"U","mo":104977.0},{"cn":"Mag_1987","ui":"6396008","t":83471.0,"r":82246.0,"q":12.89,"p":15000.0,"mot":"U","mo":82246.0},{"cn":"","ui":"","t":27357.0,"r":8182.0,"q":13.02,"p":14423.12,"mot":"L","mo":8182.0}]},{"d":"07.03.2017","r":183630.0,"q":12.61,"p":18881.68,"s":[{"cn":"Redicson Трейд","ui":"5197186","t":47875.0,"r":47875.0,"q":12.57,"p":30000.0,"mot":"U","mo":47875.0},{"cn":"Mag_1987","ui":"6352805","t":14062.0,"r":14062.0,"q":12.83,"p":15000.0,"mot":"U","mo":14062.0},{"cn":"1","ui":"6507370","t":21427.0,"r":13056.0,"q":10.54,"p":16200.0,"mot":"U","mo":13056.0},{"cn":"Mag_1987","ui":"6396008","t":89032.0,"r":87637.0,"q":12.89,"p":15000.0,"mot":"U","mo":87637.0},{"cn":"","ui":"","t":277430.0,"r":21000.0,"q":12.69,"p":14000.0,"mot":"L","mo":21000.0}]},{"d":"08.03.2017","r":63359.0,"q":12.81,"p":14650.48,"s":[{"cn":"Mag_1987","ui":"6426334","t":67858.0,"r":52858.0,"q":12.77,"p":14000.0,"mot":"L","mo":7000.0},{"cn":"Mag_1987","ui":"6426335","t":74391.0,"r":52251.0,"q":12.77,"p":13000.0,"mot":"L","mo":7000.0},{"cn":"Mag_1987","ui":"6352804","t":104890.0,"r":90890.0,"q":12.58,"p":15000.0,"mot":"L","mo":7000.0},{"cn":"Mag_1987","ui":"6396008","t":68855.0,"r":41730.0,"q":12.89,"p":15000.0,"mot":"U","mo":41730.0},{"cn":"","ui":"","t":6545.0,"r":629.0,"q":11.27,"p":13179.65,"mot":"L","mo":629.0}]},{"d":"10.03.2017","r":52454.0,"q":12.68,"p":14822.22,"s":[{"cn":"Mag_1987","ui":"6426334","t":59806.0,"r":44806.0,"q":12.79,"p":14000.0,"mot":"L","mo":7000.0},{"cn":"Mag_1987","ui":"6426335","t":59132.0,"r":36892.0,"q":12.78,"p":13000.0,"mot":"L","mo":7000.0},{"cn":"Mag_1987","ui":"6352804","t":97829.0,"r":83829.0,"q":12.6,"p":15000.0,"mot":"L","mo":7000.0},{"cn":"1","ui":"6507370","t":17751.0,"r":9380.0,"q":12.13,"p":16200.0,"mot":"U","mo":9380.0},{"cn":"Mag_1987","ui":"6396008","t":48667.0,"r":21542.0,"q":12.9,"p":15000.0,"mot":"U","mo":21542.0},{"cn":"","ui":"","t":840.0,"r":532.0,"q":11.95,"p":15786.66,"mot":"L","mo":532.0}]},{"d":"11.03.2017","r":110018.0,"q":12.57,"p":23951.44,"s":[{"cn":"Redicson Трейд","ui":"5197186","t":62275.0,"r":62275.0,"q":12.64,"p":30000.0,"mot":"U","mo":62275.0},{"cn":"Mag_1987","ui":"6352804","t":48674.0,"r":34504.0,"q":12.67,"p":16000.0,"mot":"U","mo":34504.0},{"cn":"1","ui":"6507370","t":21087.0,"r":12716.0,"q":11.99,"p":16200.0,"mot":"U","mo":12716.0},{"cn":"","ui":"","t":6248.0,"r":523.0,"q":12.65,"p":16780.11,"mot":"L","mo":523.0}]},{"d":"12.03.2017","r":153048.0,"q":12.49,"p":29940.71,"s":[{"cn":"Redicson Трейд","ui":"5197186","t":151765.0,"r":151755.0,"q":12.48,"p":30000.0,"mot":"U","mo":151755.0},{"cn":"","ui":"","t":7128.0,"r":1293.0,"q":13.57,"p":22982.6,"mot":"L","mo":1293.0}]},{"d":"13.03.2017","r":172059.0,"q":12.54,"p":29431.85,"s":[{"cn":"Redicson Трейд","ui":"5197186","t":165653.0,"r":165542.0,"q":12.52,"p":30000.0,"mot":"U","mo":165542.0},{"cn":"","ui":"","t":6879.0,"r":6517.0,"q":12.99,"p":15000.0,"mot":"L","mo":6517.0}]},{"d":"14.03.2017","r":128942.0,"q":12.55,"p":29998.83,"s":[{"cn":"Redicson Трейд","ui":"5197186","t":154043.0,"r":128932.0,"q":12.55,"p":30000.0,"mot":"U","mo":128932.0},{"cn":"","ui":"","t":40.0,"r":10.0,"q":10.58,"p":14909.99,"mot":"L","mo":10.0}]},{"d":"15.03.2017","r":5428.0,"q":12.97,"p":17069.45,"s":[{"cn":"Сергеев и сыновья","ui":"6553168","t":6000.0,"r":5399.0,"q":12.97,"p":17000.0,"mot":"U","mo":5399.0},{"cn":"","ui":"","t":29.0,"r":29.0,"q":12.36,"p":30000.0,"mot":"L","mo":29.0}]},{"d":"16.03.2017","r":167.0,"q":12.91,"p":32000.0,"s":[{"cn":"Redicson Трейд","ui":"5197186","t":13700.0,"r":167.0,"q":12.91,"p":32000.0,"mot":"U","mo":167.0},{"cn":"","ui":"","t":0.0,"r":0.0,"q":0.0,"p":0.0,"mot":"L","mo":0.0}]},{"d":"18.03.2017","r":6458.0,"q":12.99,"p":16985.52,"s":[{"cn":"Сергеев и сыновья","ui":"6553168","t":13414.0,"r":6413.0,"q":13.01,"p":17000.0,"mot":"U","mo":6413.0},{"cn":"","ui":"","t":110.0,"r":45.0,"q":10.58,"p":14922.11,"mot":"L","mo":45.0}]},{"d":"20.03.2017","r":315.0,"q":12.75,"p":16770.36,"s":[{"cn":"Сергеев и сыновья","ui":"6553168","t":6694.0,"r":280.0,"q":13.02,"p":17000.0,"mot":"U","mo":280.0},{"cn":"Производство будущего","ui":"6534521","t":100.0,"r":35.0,"q":10.58,"p":14933.22,"mot":"U","mo":35.0},{"cn":"","ui":"","t":0.0,"r":0.0,"q":0.0,"p":0.0,"mot":"L","mo":0.0}]},{"d":"21.03.2017","r":53892.0,"q":12.6,"p":5740.94,"s":[{"cn":"Redicson Трейд","ui":"6339668","t":53700.0,"r":47700.0,"q":12.91,"p":4900.0,"mot":"U","mo":47700.0},{"cn":"Гусак Трейд","ui":"6565245","t":5884.0,"r":5883.0,"q":10.08,"p":12000.0,"mot":"U","mo":5883.0},{"cn":"","ui":"","t":7184.0,"r":309.0,"q":13.05,"p":16391.34,"mot":"L","mo":309.0}]},{"d":"23.03.2017","r":61299.0,"q":12.71,"p":30221.11,"s":[{"cn":"Redicson Трейд","ui":"6339668","t":13500.0,"r":13500.0,"q":13.57,"p":35000.0,"mot":"U","mo":13500.0},{"cn":"1","ui":"6507370","t":68982.0,"r":47160.0,"q":12.5,"p":29100.0,"mot":"U","mo":47160.0},{"cn":"","ui":"","t":6023.0,"r":639.0,"q":10.19,"p":12000.0,"mot":"L","mo":639.0}]},{"d":"24.03.2017","r":26001.0,"q":13.4,"p":35000.0,"s":[{"cn":"Redicson Трейд","ui":"6339668","t":27001.0,"r":26001.0,"q":13.4,"p":35000.0,"mot":"U","mo":26001.0},{"cn":"","ui":"","t":0.0,"r":0.0,"q":0.0,"p":0.0,"mot":"L","mo":0.0}]},{"d":"25.03.2017","r":28776.0,"q":13.3,"p":34421.74,"s":[{"cn":"Redicson Трейд","ui":"6339668","t":32724.0,"r":25448.0,"q":13.5,"p":35000.0,"mot":"U","mo":25448.0},{"cn":"A-Trade","ui":"6576923","t":3179.0,"r":3178.0,"q":11.67,"p":30000.0,"mot":"U","mo":3178.0},{"cn":"","ui":"","t":345.0,"r":150.0,"q":13.14,"p":30000.0,"mot":"L","mo":150.0}]},{"d":"26.03.2017","r":647.0,"q":11.67,"p":30000.0,"s":[{"cn":"A-Trade","ui":"6576923","t":648.0,"r":647.0,"q":11.67,"p":30000.0,"mot":"U","mo":647.0},{"cn":"","ui":"","t":0.0,"r":0.0,"q":0.0,"p":0.0,"mot":"L","mo":0.0}]},{"d":"31.03.2017","r":29818.0,"q":13.78,"p":48958.85,"s":[{"cn":"Redicson Трейд","ui":"6339668","t":23000.0,"r":22999.0,"q":14.09,"p":40000.0,"mot":"U","mo":22999.0},{"cn":"Andrei\u0026Ko","ui":"6373514","t":6669.0,"r":6669.0,"q":12.73,"p":80000.0,"mot":"U","mo":6669.0},{"cn":"","ui":"","t":735.0,"r":150.0,"q":13.15,"p":42500.0,"mot":"L","mo":150.0}]},{"d":"01.04.2017","r":39296.0,"q":13.64,"p":46778.3,"s":[{"cn":"Redicson Трейд","ui":"6339668","t":27989.0,"r":25978.0,"q":14.11,"p":40000.0,"mot":"U","mo":25978.0},{"cn":"Andrei\u0026Ko","ui":"6373514","t":13318.0,"r":13318.0,"q":12.73,"p":60000.0,"mot":"U","mo":13318.0},{"cn":"","ui":"","t":0.0,"r":0.0,"q":0.0,"p":0.0,"mot":"L","mo":0.0}]},{"d":"02.04.2017","r":14666.0,"q":14.01,"p":26793.53,"s":[{"cn":"Redicson Трейд","ui":"6339668","t":20919.0,"r":6549.0,"q":14.13,"p":40000.0,"mot":"U","mo":6549.0},{"cn":"Mag_1987","ui":"6352805","t":7378.0,"r":7378.0,"q":13.97,"p":15000.0,"mot":"U","mo":7378.0},{"cn":"ОСА Финанс","ui":"6592305","t":1318.0,"r":739.0,"q":13.35,"p":27501.9,"mot":"U","mo":739.0},{"cn":"","ui":"","t":0.0,"r":0.0,"q":0.0,"p":0.0,"mot":"L","mo":0.0}]},{"d":"03.04.2017","r":15400.0,"q":14.08,"p":40000.0,"s":[{"cn":"Redicson Трейд","ui":"6339668","t":25460.0,"r":15400.0,"q":14.08,"p":40000.0,"mot":"U","mo":15400.0},{"cn":"","ui":"","t":0.0,"r":0.0,"q":0.0,"p":0.0,"mot":"L","mo":0.0}]},{"d":"04.04.2017","r":19569.0,"q":14.05,"p":40000.0,"s":[{"cn":"Redicson Трейд","ui":"6339668","t":29627.0,"r":19569.0,"q":14.05,"p":40000.0,"mot":"U","mo":19569.0},{"cn":"","ui":"","t":0.0,"r":0.0,"q":0.0,"p":0.0,"mot":"L","mo":0.0}]},{"d":"06.04.2017","r":1309.0,"q":13.86,"p":150000.0,"s":[{"cn":"ОСА Финанс","ui":"6592305","t":1309.0,"r":1309.0,"q":13.86,"p":150000.0,"mot":"U","mo":1309.0},{"cn":"","ui":"","t":0.0,"r":0.0,"q":0.0,"p":0.0,"mot":"L","mo":0.0}]},{"d":"07.04.2017","r":1192.0,"q":13.43,"p":150000.0,"s":[{"cn":"ОСА Финанс","ui":"6592305","t":1902.0,"r":1192.0,"q":13.43,"p":150000.0,"mot":"U","mo":1192.0},{"cn":"","ui":"","t":0.0,"r":0.0,"q":0.0,"p":0.0,"mot":"L","mo":0.0}]},{"d":"08.04.2017","r":2097.0,"q":13.16,"p":150000.0,"s":[{"cn":"ОСА Финанс","ui":"6592305","t":2660.0,"r":2097.0,"q":13.16,"p":150000.0,"mot":"U","mo":2097.0},{"cn":"","ui":"","t":0.0,"r":0.0,"q":0.0,"p":0.0,"mot":"L","mo":0.0}]},{"d":"09.04.2017","r":3142.0,"q":12.9,"p":120319.86,"s":[{"cn":"Гусак Трейд","ui":"6537808","t":6515.0,"r":375.0,"q":10.87,"p":12000.0,"mot":"U","mo":375.0},{"cn":"ОСА Финанс","ui":"6592305","t":3374.0,"r":2767.0,"q":13.18,"p":135000.0,"mot":"U","mo":2767.0},{"cn":"","ui":"","t":0.0,"r":0.0,"q":0.0,"p":0.0,"mot":"L","mo":0.0}]},{"d":"11.04.2017","r":14903.0,"q":13.74,"p":133449.98,"s":[{"cn":"ОСА Финанс","ui":"6592305","t":15614.0,"r":14595.0,"q":14.01,"p":135000.0,"mot":"U","mo":14595.0},{"cn":"","ui":"","t":308.0,"r":308.0,"q":1.0,"p":60000.0,"mot":"L","mo":308.0}]},{"d":"12.04.2017","r":14964.0,"q":13.67,"p":94171.88,"s":[{"cn":"ОСА Финанс","ui":"6592305","t":15557.0,"r":14188.0,"q":14.01,"p":97000.0,"mot":"U","mo":14188.0},{"cn":"","ui":"","t":7778.0,"r":776.0,"q":7.4,"p":42463.92,"mot":"L","mo":776.0}]},{"d":"13.04.2017","r":41928.0,"q":13.94,"p":98988.27,"s":[{"cn":"Redicson Трейд","ui":"6606479","t":28161.0,"r":27788.0,"q":13.9,"p":100000.0,"mot":"U","mo":27788.0},{"cn":"ОСА Финанс","ui":"6592305","t":15509.0,"r":14140.0,"q":14.01,"p":97000.0,"mot":"U","mo":14140.0},{"cn":"","ui":"","t":0.0,"r":0.0,"q":0.0,"p":0.0,"mot":"L","mo":0.0}]},{"d":"14.04.2017","r":16032.0,"q":13.98,"p":100000.0,"s":[{"cn":"Redicson Трейд","ui":"6606479","t":22545.0,"r":2428.0,"q":13.82,"p":100000.0,"mot":"U","mo":2428.0},{"cn":"ОСА Финанс","ui":"6592305","t":15217.0,"r":13604.0,"q":14.01,"p":100000.0,"mot":"U","mo":13604.0},{"cn":"","ui":"","t":0.0,"r":0.0,"q":0.0,"p":0.0,"mot":"L","mo":0.0}]},{"d":"15.04.2017","r":49391.0,"q":13.85,"p":97350.12,"s":[{"cn":"Redicson Трейд","ui":"6606479","t":36424.0,"r":36303.0,"q":13.79,"p":100000.0,"mot":"U","mo":36303.0},{"cn":"ОСА Финанс","ui":"6592305","t":14818.0,"r":13088.0,"q":14.01,"p":90000.0,"mot":"U","mo":13088.0},{"cn":"","ui":"","t":0.0,"r":0.0,"q":0.0,"p":0.0,"mot":"L","mo":0.0}]},{"d":"16.04.2017","r":62902.0,"q":13.79,"p":97953.48,"s":[{"cn":"Redicson Трейд","ui":"6606479","t":50298.0,"r":50177.0,"q":13.77,"p":100000.0,"mot":"U","mo":50177.0},{"cn":"ОСА Финанс","ui":"6592305","t":14357.0,"r":12577.0,"q":14.01,"p":90000.0,"mot":"U","mo":12577.0},{"cn":"","ui":"","t":148.0,"r":148.0,"q":1.0,"p":80000.0,"mot":"L","mo":148.0}]},{"d":"17.04.2017","r":61823.0,"q":13.76,"p":95813.29,"s":[{"cn":"Redicson Трейд","ui":"6606479","t":49754.0,"r":49210.0,"q":13.77,"p":100000.0,"mot":"U","mo":49210.0},{"cn":"ОСА Финанс","ui":"6592305","t":14014.0,"r":12350.0,"q":14.01,"p":80000.0,"mot":"U","mo":12350.0},{"cn":"","ui":"","t":263.0,"r":263.0,"q":1.0,"p":55000.0,"mot":"L","mo":263.0}]},{"d":"18.04.2017","r":150581.0,"q":13.03,"p":94206.81,"s":[{"cn":"Redicson Трейд","ui":"6606479","t":129222.0,"r":128588.0,"q":12.92,"p":100000.0,"mot":"U","mo":128588.0},{"cn":"ОСА Финанс","ui":"6592305","t":13403.0,"r":11477.0,"q":14.01,"p":75000.0,"mot":"U","mo":11477.0},{"cn":"","ui":"","t":10518.0,"r":10516.0,"q":13.24,"p":44330.54,"mot":"L","mo":10516.0}]},{"d":"19.04.2017","r":145198.0,"q":12.98,"p":105127.86,"s":[{"cn":"Redicson Трейд","ui":"6606479","t":128657.0,"r":128094.0,"q":12.92,"p":110000.0,"mot":"U","mo":128094.0},{"cn":"ОСА Финанс","ui":"6592305","t":13230.0,"r":12042.0,"q":14.02,"p":65000.0,"mot":"U","mo":12042.0},{"cn":"","ui":"","t":5630.0,"r":5062.0,"q":11.97,"p":77298.5,"mot":"L","mo":5062.0}]},{"d":"21.04.2017","r":191865.0,"q":13.15,"p":108825.89,"s":[{"cn":"Redicson Трейд","ui":"6606479","t":185039.0,"r":184356.0,"q":13.14,"p":110000.0,"mot":"U","mo":184356.0},{"cn":"","ui":"","t":8811.0,"r":7509.0,"q":13.29,"p":80000.0,"mot":"L","mo":7509.0}]},{"d":"22.04.2017","r":190365.0,"q":13.14,"p":108945.39,"s":[{"cn":"Redicson Трейд","ui":"6606479","t":184356.0,"r":183673.0,"q":13.14,"p":110000.0,"mot":"U","mo":183673.0},{"cn":"","ui":"","t":9147.0,"r":6692.0,"q":13.28,"p":80000.0,"mot":"L","mo":6692.0}]},{"d":"23.04.2017","r":438960.0,"q":12.65,"p":135129.19,"s":[{"cn":"Redicson Трейд","ui":"6606479","t":362164.0,"r":361471.0,"q":12.77,"p":100000.0,"mot":"U","mo":361471.0},{"cn":"1","ui":"6507370","t":77589.0,"r":77489.0,"q":12.1,"p":299000.0,"mot":"U","mo":77489.0},{"cn":"","ui":"","t":0.0,"r":0.0,"q":0.0,"p":0.0,"mot":"L","mo":0.0}]},{"d":"24.04.2017","r":461554.0,"q":12.61,"p":134551.88,"s":[{"cn":"Redicson Трейд","ui":"6606479","t":361322.0,"r":361322.0,"q":12.77,"p":150000.0,"mot":"U","mo":361322.0},{"cn":"1","ui":"6507370","t":100674.0,"r":99953.0,"q":12.05,"p":79000.0,"mot":"U","mo":99953.0},{"cn":"","ui":"","t":7617.0,"r":279.0,"q":14.21,"p":30000.0,"mot":"L","mo":279.0}]},{"d":"26.04.2017","r":393242.0,"q":12.75,"p":149329.88,"s":[{"cn":"Redicson Трейд","ui":"6606479","t":388224.0,"r":387926.0,"q":12.8,"p":150000.0,"mot":"U","mo":387926.0},{"cn":"","ui":"","t":7031.0,"r":5316.0,"q":9.1,"p":100428.89,"mot":"L","mo":5316.0}]},{"d":"27.04.2017","r":390658.0,"q":12.77,"p":149652.28,"s":[{"cn":"Redicson Трейд","ui":"6606479","t":387927.0,"r":387630.0,"q":12.8,"p":150000.0,"mot":"U","mo":387630.0},{"cn":"","ui":"","t":3648.0,"r":3028.0,"q":9.36,"p":105138.71,"mot":"L","mo":3028.0}]},{"d":"28.04.2017","r":487160.0,"q":12.81,"p":138315.72,"s":[{"cn":"Redicson Трейд","ui":"6606479","t":387646.0,"r":387365.0,"q":12.8,"p":150000.0,"mot":"U","mo":387365.0},{"cn":"1","ui":"6507370","t":169438.0,"r":69337.0,"q":12.78,"p":94000.0,"mot":"U","mo":69337.0},{"cn":"Redicson Трейд","ui":"6632990","t":39500.0,"r":25500.0,"q":13.4,"p":90000.0,"mot":"U","mo":25500.0},{"cn":"","ui":"","t":6719.0,"r":4958.0,"q":11.11,"p":93678.9,"mot":"L","mo":4958.0}]},{"d":"29.04.2017","r":489596.0,"q":12.87,"p":137813.0,"s":[{"cn":"Redicson Трейд","ui":"6606479","t":387646.0,"r":387646.0,"q":12.8,"p":150000.0,"mot":"U","mo":387646.0},{"cn":"Redicson Трейд","ui":"6632990","t":85752.0,"r":68002.0,"q":13.33,"p":90000.0,"mot":"U","mo":68002.0},{"cn":"","ui":"","t":135332.0,"r":33948.0,"q":12.81,"p":94427.21,"mot":"L","mo":33948.0}]},{"d":"01.05.2017","r":713094.0,"q":12.92,"p":119207.36,"s":[{"cn":"Redicson Трейд","ui":"6606479","t":387195.0,"r":386754.0,"q":12.8,"p":150000.0,"mot":"U","mo":386754.0},{"cn":"1","ui":"6507370","t":237411.0,"r":236752.0,"q":12.99,"p":80000.0,"mot":"U","mo":236752.0},{"cn":"Redicson Трейд","ui":"6632990","t":90935.0,"r":86879.0,"q":13.41,"p":90000.0,"mot":"U","mo":86879.0},{"cn":"","ui":"","t":2715.0,"r":2709.0,"q":7.72,"p":86262.46,"mot":"L","mo":2709.0}]},{"d":"02.05.2017","r":805045.0,"q":12.8,"p":113559.55,"s":[{"cn":"Redicson Трейд","ui":"6606479","t":386747.0,"r":386299.0,"q":12.8,"p":150000.0,"mot":"U","mo":386299.0},{"cn":"1","ui":"6507370","t":291230.0,"r":289675.0,"q":13.01,"p":80000.0,"mot":"U","mo":289675.0},{"cn":"Redicson Трейд","ui":"6632990","t":116114.0,"r":111795.0,"q":13.52,"p":90000.0,"mot":"U","mo":111795.0},{"cn":"","ui":"","t":24037.0,"r":17276.0,"q":4.61,"p":13900.81,"mot":"L","mo":17276.0}]},{"d":"03.05.2017","r":870749.0,"q":12.94,"p":105854.97,"s":[{"cn":"Redicson Трейд","ui":"6606479","t":386737.0,"r":386727.0,"q":12.8,"p":135000.0,"mot":"U","mo":386727.0},{"cn":"1","ui":"6507370","t":345344.0,"r":344279.0,"q":13.02,"p":80000.0,"mot":"U","mo":344279.0},{"cn":"Redicson Трейд","ui":"6632990","t":126565.0,"r":121517.0,"q":13.55,"p":90000.0,"mot":"U","mo":121517.0},{"cn":"","ui":"","t":473068.0,"r":18226.0,"q":10.23,"p":81538.19,"mot":"L","mo":18226.0}]},{"d":"04.05.2017","r":935549.0,"q":12.96,"p":104156.06,"s":[{"cn":"Redicson Трейд","ui":"6606479","t":386727.0,"r":386717.0,"q":12.8,"p":135000.0,"mot":"U","mo":386717.0},{"cn":"1","ui":"6507370","t":399261.0,"r":398196.0,"q":13.04,"p":80000.0,"mot":"U","mo":398196.0},{"cn":"Redicson Трейд","ui":"6632990","t":136803.0,"r":133042.0,"q":13.58,"p":90000.0,"mot":"U","mo":133042.0},{"cn":"","ui":"","t":473137.0,"r":17594.0,"q":9.99,"p":79961.63,"mot":"L","mo":17594.0}]},{"d":"06.05.2017","r":1056944.0,"q":12.98,"p":96179.25,"s":[{"cn":"Redicson Трейд","ui":"6606479","t":386707.0,"r":386697.0,"q":12.8,"p":135000.0,"mot":"U","mo":386697.0},{"cn":"1","ui":"6507370","t":505881.0,"r":505056.0,"q":13.05,"p":70000.0,"mot":"U","mo":505056.0},{"cn":"Redicson Трейд","ui":"6632990","t":157656.0,"r":152577.0,"q":13.61,"p":85500.0,"mot":"U","mo":152577.0},{"cn":"","ui":"","t":465445.0,"r":12614.0,"q":8.43,"p":83457.27,"mot":"L","mo":12614.0}]},{"d":"08.05.2017","r":718157.0,"q":12.96,"p":111180.08,"s":[{"cn":"Redicson Трейд","ui":"6606479","t":388947.0,"r":388697.0,"q":12.81,"p":135000.0,"mot":"U","mo":388697.0},{"cn":"1","ui":"6507370","t":62175.0,"r":57688.0,"q":12.96,"p":73000.0,"mot":"U","mo":57688.0},{"cn":"Redicson Трейд","ui":"6632990","t":263755.0,"r":259588.0,"q":13.39,"p":85500.0,"mot":"U","mo":259588.0},{"cn":"","ui":"","t":465174.0,"r":12184.0,"q":8.45,"p":79174.33,"mot":"L","mo":12184.0}]},{"d":"09.05.2017","r":779502.0,"q":12.95,"p":108157.24,"s":[{"cn":"Redicson Трейд","ui":"6606479","t":388697.0,"r":388447.0,"q":12.81,"p":135000.0,"mot":"U","mo":388447.0},{"cn":"1","ui":"6507370","t":119849.0,"r":115362.0,"q":12.92,"p":73000.0,"mot":"U","mo":115362.0},{"cn":"Redicson Трейд","ui":"6632990","t":262713.0,"r":261672.0,"q":13.39,"p":85500.0,"mot":"U","mo":261672.0},{"cn":"","ui":"","t":467266.0,"r":14021.0,"q":8.64,"p":76603.67,"mot":"L","mo":14021.0}]},{"d":"10.05.2017","r":835023.0,"q":12.95,"p":105694.52,"s":[{"cn":"Redicson Трейд","ui":"6606479","t":388489.0,"r":388281.0,"q":12.81,"p":135000.0,"mot":"U","mo":388281.0},{"cn":"1","ui":"6507370","t":175185.0,"r":168705.0,"q":12.9,"p":73000.0,"mot":"U","mo":168705.0},{"cn":"Redicson Трейд","ui":"6632990","t":262079.0,"r":261446.0,"q":13.39,"p":85500.0,"mot":"U","mo":261446.0},{"cn":"","ui":"","t":469067.0,"r":16591.0,"q":9.91,"p":70539.75,"mot":"L","mo":16591.0}]}]