[{"d":"22.07.2016","r":991.0,"q":1.0,"p":2500.0,"s":[{"ui":"7692603","t":991.0,"r":991.0,"q":1.0,"p":2500.0,"mot":"U","mo":991.0},{"cn":"","ui":"","t":0.0,"r":0.0,"q":0.0,"p":0.0,"mot":"L","mo":0.0}]},{"d":"25.07.2016","r":9531.0,"q":2.64,"p":379.13,"s":[{"ui":"7700710","t":4442.0,"r":4442.0,"q":4.48,"p":800.0,"mot":"U","mo":4442.0},{"ui":"7700709","t":4989.0,"r":4989.0,"q":1.0,"p":10.0,"mot":"U","mo":4989.0},{"cn":"","ui":"","t":9419.0,"r":100.0,"q":2.61,"p":100.0,"mot":"L","mo":100.0}]},{"d":"29.07.2016","r":13500.0,"q":1.0,"p":1.0,"s":[{"ui":"7705963","t":18000.0,"r":13500.0,"q":1.0,"p":1.0,"mot":"U","mo":13500.0},{"cn":"","ui":"","t":0.0,"r":0.0,"q":0.0,"p":0.0,"mot":"L","mo":0.0}]},{"d":"06.08.2016","r":6548.0,"q":1.58,"p":77.68,"s":[{"ui":"7727233","t":6428.0,"r":6428.0,"q":1.56,"p":78.0,"mot":"U","mo":6428.0},{"cn":"","ui":"","t":5422.0,"r":120.0,"q":2.43,"p":60.42,"mot":"L","mo":120.0}]},{"d":"07.08.2016","r":10791.0,"q":1.93,"p":72.0,"s":[{"ui":"7727233","t":10836.0,"r":10791.0,"q":1.93,"p":72.0,"mot":"U","mo":10791.0},{"cn":"","ui":"","t":0.0,"r":0.0,"q":0.0,"p":0.0,"mot":"L","mo":0.0}]},{"d":"07.09.2016","r":56695.0,"q":1.88,"p":80.0,"s":[{"ui":"7791724","t":58595.0,"r":56695.0,"q":1.88,"p":80.0,"mot":"U","mo":56695.0},{"cn":"","ui":"","t":0.0,"r":0.0,"q":0.0,"p":0.0,"mot":"L","mo":0.0}]},{"d":"09.09.2016","r":16473.0,"q":1.86,"p":96.56,"s":[{"ui":"7799989","t":17226.0,"r":16473.0,"q":1.86,"p":96.56,"mot":"U","mo":16473.0},{"cn":"","ui":"","t":0.0,"r":0.0,"q":0.0,"p":0.0,"mot":"L","mo":0.0}]},{"d":"10.09.2016","r":69593.0,"q":2.64,"p":102.26,"s":[{"ui":"7799989","t":72764.0,"r":69593.0,"q":2.64,"p":102.26,"mot":"U","mo":69593.0},{"cn":"","ui":"","t":0.0,"r":0.0,"q":0.0,"p":0.0,"mot":"L","mo":0.0}]},{"d":"15.10.2016","r":235.0,"q":1.57,"p":100.0,"s":[{"ui":"7877174","t":235.0,"r":235.0,"q":1.57,"p":100.0,"mot":"U","mo":235.0},{"cn":"","ui":"","t":0.0,"r":0.0,"q":0.0,"p":0.0,"mot":"L","mo":0.0}]},{"d":"17.10.2016","r":47.0,"q":1.0,"p":3500.0,"s":[{"ui":"7886459","t":47.0,"r":47.0,"q":1.0,"p":3500.0,"mot":"U","mo":47.0},{"cn":"","ui":"","t":0.0,"r":0.0,"q":0.0,"p":0.0,"mot":"L","mo":0.0}]},{"d":"18.10.2016","r":131.0,"q":1.0,"p":3500.0,"s":[{"ui":"7886459","t":131.0,"r":131.0,"q":1.0,"p":3500.0,"mot":"U","mo":131.0},{"cn":"","ui":"","t":0.0,"r":0.0,"q":0.0,"p":0.0,"mot":"L","mo":0.0}]},{"d":"19.10.2016","r":227.0,"q":1.0,"p":1000.0,"s":[{"ui":"7886459","t":227.0,"r":227.0,"q":1.0,"p":1000.0,"mot":"U","mo":227.0},{"cn":"","ui":"","t":0.0,"r":0.0,"q":0.0,"p":0.0,"mot":"L","mo":0.0}]},{"d":"04.11.2016","r":24553.0,"q":1.57,"p":40.0,"s":[{"ui":"7919148","t":24694.0,"r":24553.0,"q":1.57,"p":40.0,"mot":"U","mo":24553.0},{"cn":"","ui":"","t":0.0,"r":0.0,"q":0.0,"p":0.0,"mot":"L","mo":0.0}]},{"d":"05.11.2016","r":2122.0,"q":4.74,"p":40.0,"s":[{"ui":"7919148","t":2854.0,"r":2122.0,"q":4.74,"p":40.0,"mot":"U","mo":2122.0},{"cn":"","ui":"","t":0.0,"r":0.0,"q":0.0,"p":0.0,"mot":"L","mo":0.0}]},{"d":"09.11.2016","r":12521.0,"q":1.0,"p":80.0,"s":[{"ui":"7926959","t":12521.0,"r":12521.0,"q":1.0,"p":80.0,"mot":"U","mo":12521.0},{"cn":"","ui":"","t":0.0,"r":0.0,"q":0.0,"p":0.0,"mot":"L","mo":0.0}]},{"d":"10.11.2016","r":12580.0,"q":1.56,"p":80.0,"s":[{"ui":"7926959","t":12580.0,"r":12580.0,"q":1.56,"p":80.0,"mot":"U","mo":12580.0},{"cn":"","ui":"","t":0.0,"r":0.0,"q":0.0,"p":0.0,"mot":"L","mo":0.0}]},{"d":"12.11.2016","r":102267.0,"q":5.35,"p":158.74,"s":[{"ui":"7930710","t":70630.0,"r":60067.0,"q":8.34,"p":200.0,"mot":"U","mo":60067.0},{"ui":"7932040","t":42200.0,"r":42200.0,"q":1.09,"p":100.0,"mot":"U","mo":42200.0},{"cn":"","ui":"","t":0.0,"r":0.0,"q":0.0,"p":0.0,"mot":"L","mo":0.0}]},{"d":"05.12.2016","r":2000.0,"q":1.0,"p":75.0,"s":[{"ui":"7960951","t":35400.0,"r":33600.0,"q":1.0,"p":75.0,"mot":"L","mo":2000.0},{"cn":"","ui":"","t":0.0,"r":0.0,"q":0.0,"p":0.0,"mot":"L","mo":0.0}]},{"d":"08.12.2016","r":26000.0,"q":1.0,"p":23.92,"s":[{"ui":"7965342","t":25000.0,"r":25000.0,"q":1.0,"p":24.0,"mot":"U","mo":25000.0},{"cn":"","ui":"","t":1000.0,"r":1000.0,"q":1.0,"p":22.0,"mot":"L","mo":1000.0}]},{"d":"14.12.2016","r":14100.0,"q":1.0,"p":64.0,"s":[{"ui":"7971663","t":14100.0,"r":14100.0,"q":1.0,"p":64.0,"mot":"U","mo":14100.0},{"cn":"","ui":"","t":0.0,"r":0.0,"q":0.0,"p":0.0,"mot":"L","mo":0.0}]},{"d":"15.12.2016","r":10853.0,"q":1.0,"p":53.0,"s":[{"ui":"7971663","t":10853.0,"r":10853.0,"q":1.0,"p":53.0,"mot":"U","mo":10853.0},{"cn":"","ui":"","t":0.0,"r":0.0,"q":0.0,"p":0.0,"mot":"L","mo":0.0}]},{"d":"26.12.2016","r":37500.0,"q":1.0,"p":40.0,"s":[{"ui":"7990477","t":37500.0,"r":37500.0,"q":1.0,"p":40.0,"mot":"U","mo":37500.0},{"cn":"","ui":"","t":0.0,"r":0.0,"q":0.0,"p":0.0,"mot":"L","mo":0.0}]},{"d":"12.01.2017","r":30.0,"q":1.0,"p":80.0,"s":[{"ui":"8010090","t":30.0,"r":30.0,"q":1.0,"p":80.0,"mot":"U","mo":30.0},{"cn":"","ui":"","t":0.0,"r":0.0,"q":0.0,"p":0.0,"mot":"L","mo":0.0}]},{"d":"10.02.2017","r":1000.0,"q":1.0,"p":50.0,"s":[{"ui":"8045081","t":5900.0,"r":5600.0,"q":1.0,"p":50.0,"mot":"L","mo":1000.0},{"cn":"","ui":"","t":0.0,"r":0.0,"q":0.0,"p":0.0,"mot":"L","mo":0.0}]},{"d":"11.02.2017","r":21700.0,"q":1.0,"p":50.0,"s":[{"ui":"8045081","t":22000.0,"r":21700.0,"q":1.0,"p":50.0,"mot":"U","mo":21700.0},{"cn":"","ui":"","t":0.0,"r":0.0,"q":0.0,"p":0.0,"mot":"L","mo":0.0}]},{"d":"20.02.2017","r":2600.0,"q":1.37,"p":208.0,"s":[{"ui":"8058182","t":43003.0,"r":43003.0,"q":1.37,"p":208.0,"mot":"L","mo":2600.0},{"cn":"","ui":"","t":0.0,"r":0.0,"q":0.0,"p":0.0,"mot":"L","mo":0.0}]},{"d":"21.02.2017","r":4000.0,"q":1.41,"p":80.0,"s":[{"ui":"8058182","t":124133.0,"r":122243.0,"q":1.41,"p":80.0,"mot":"L","mo":4000.0},{"cn":"","ui":"","t":0.0,"r":0.0,"q":0.0,"p":0.0,"mot":"L","mo":0.0}]},{"d":"22.02.2017","r":1450.0,"q":2.11,"p":85.0,"s":[{"ui":"8060312","t":1450.0,"r":1450.0,"q":2.11,"p":85.0,"mot":"U","mo":1450.0},{"cn":"","ui":"","t":0.0,"r":0.0,"q":0.0,"p":0.0,"mot":"L","mo":0.0}]},{"d":"23.02.2017","r":0.0,"q":0.0,"p":0.0,"s":[{"cn":"","ui":"","t":0.0,"r":0.0,"q":0.0,"p":0.0,"mot":"L","mo":0.0}]},{"d":"03.03.2017","r":1000.0,"q":1.0,"p":83.6,"s":[{"cn":"GRUPO DE INVERSION Y EDUCACION ANLAZ","ui":"8075038","t":1000.0,"r":1000.0,"q":1.0,"p":83.6,"mot":"L","mo":1000.0},{"cn":"","ui":"","t":0.0,"r":0.0,"q":0.0,"p":0.0,"mot":"L","mo":0.0}]},{"d":"04.03.2017","r":25000.0,"q":3.37,"p":99.0,"s":[{"cn":"baratillo.com","ui":"8075605","t":30270.0,"r":28140.0,"q":3.37,"p":99.0,"mot":"L","mo":25000.0},{"cn":"","ui":"","t":0.0,"r":0.0,"q":0.0,"p":0.0,"mot":"L","mo":0.0}]},{"d":"05.03.2017","r":12000.0,"q":5.13,"p":130.0,"s":[{"cn":"baratillo.com","ui":"8075605","t":23021.0,"r":18077.0,"q":5.13,"p":130.0,"mot":"L","mo":12000.0},{"cn":"","ui":"","t":0.0,"r":0.0,"q":0.0,"p":0.0,"mot":"L","mo":0.0}]},{"d":"11.03.2017","r":5000.0,"q":2.29,"p":200.0,"s":[{"cn":"baratillo.com","ui":"8083846","t":41272.0,"r":40772.0,"q":2.29,"p":200.0,"mot":"L","mo":5000.0},{"cn":"","ui":"","t":0.0,"r":0.0,"q":0.0,"p":0.0,"mot":"L","mo":0.0}]},{"d":"12.03.2017","r":5000.0,"q":2.29,"p":200.0,"s":[{"cn":"baratillo.com","ui":"8083846","t":14110.0,"r":13610.0,"q":2.29,"p":200.0,"mot":"L","mo":5000.0},{"cn":"","ui":"","t":0.0,"r":0.0,"q":0.0,"p":0.0,"mot":"L","mo":0.0}]},{"d":"20.03.2017","r":10000.0,"q":2.41,"p":50.0,"s":[{"cn":"goodlife.com","ui":"8093934","t":21467.0,"r":17642.0,"q":2.41,"p":50.0,"mot":"L","mo":10000.0},{"cn":"","ui":"","t":0.0,"r":0.0,"q":0.0,"p":0.0,"mot":"L","mo":0.0}]},{"d":"25.03.2017","r":6584.0,"q":4.17,"p":100.0,"s":[{"cn":"MOTO TIM","ui":"8101553","t":6784.0,"r":6584.0,"q":4.17,"p":100.0,"mot":"U","mo":6584.0},{"cn":"","ui":"","t":0.0,"r":0.0,"q":0.0,"p":0.0,"mot":"L","mo":0.0}]},{"d":"26.03.2017","r":13999.0,"q":3.87,"p":200.0,"s":[{"cn":"MOTO TIM","ui":"8101553","t":13999.0,"r":13999.0,"q":3.87,"p":200.0,"mot":"U","mo":13999.0},{"cn":"","ui":"","t":0.0,"r":0.0,"q":0.0,"p":0.0,"mot":"L","mo":0.0}]},{"d":"28.03.2017","r":13734.0,"q":2.93,"p":173.09,"s":[{"cn":"Фаворит","ui":"8103277","t":2322.0,"r":2322.0,"q":1.0,"p":90.0,"mot":"U","mo":2322.0},{"cn":"Фаворит","ui":"8103278","t":11412.0,"r":11412.0,"q":3.32,"p":190.0,"mot":"U","mo":11412.0},{"cn":"","ui":"","t":0.0,"r":0.0,"q":0.0,"p":0.0,"mot":"L","mo":0.0}]},{"d":"29.03.2017","r":4972.0,"q":4.58,"p":190.0,"s":[{"cn":"MOTO","ui":"8104778","t":4972.0,"r":4972.0,"q":4.58,"p":190.0,"mot":"U","mo":4972.0},{"cn":"","ui":"","t":0.0,"r":0.0,"q":0.0,"p":0.0,"mot":"L","mo":0.0}]},{"d":"05.04.2017","r":8513.0,"q":2.74,"p":129.59,"s":[{"cn":"Yamkovenko Инвест","ui":"8112521","t":4995.0,"r":4995.0,"q":2.29,"p":80.0,"mot":"U","mo":4995.0},{"cn":"Yamkovenko Инвест","ui":"8112522","t":3686.0,"r":3518.0,"q":3.37,"p":200.0,"mot":"U","mo":3518.0},{"cn":"","ui":"","t":0.0,"r":0.0,"q":0.0,"p":0.0,"mot":"L","mo":0.0}]},{"d":"06.04.2017","r":18112.0,"q":3.44,"p":194.52,"s":[{"cn":"Yamkovenko Инвест","ui":"8112521","t":4959.0,"r":4959.0,"q":2.96,"p":180.0,"mot":"U","mo":4959.0},{"cn":"Yamkovenko Инвест","ui":"8112522","t":13321.0,"r":13153.0,"q":3.62,"p":200.0,"mot":"U","mo":13153.0},{"cn":"","ui":"","t":0.0,"r":0.0,"q":0.0,"p":0.0,"mot":"L","mo":0.0}]},{"d":"17.04.2017","r":2500.0,"q":1.0,"p":75.0,"s":[{"cn":"crifasi enterprise","ui":"8128475","t":2500.0,"r":2500.0,"q":1.0,"p":75.0,"mot":"U","mo":2500.0},{"cn":"","ui":"","t":0.0,"r":0.0,"q":0.0,"p":0.0,"mot":"L","mo":0.0}]},{"d":"18.04.2017","r":38495.0,"q":1.0,"p":75.0,"s":[{"cn":"crifasi enterprise","ui":"8128475","t":38495.0,"r":38495.0,"q":1.0,"p":75.0,"mot":"U","mo":38495.0},{"cn":"","ui":"","t":0.0,"r":0.0,"q":0.0,"p":0.0,"mot":"L","mo":0.0}]},{"d":"26.04.2017","r":416.0,"q":1.0,"p":2000.0,"s":[{"cn":"Газпром","ui":"8138044","t":416.0,"r":416.0,"q":1.0,"p":2000.0,"mot":"U","mo":416.0},{"cn":"","ui":"","t":0.0,"r":0.0,"q":0.0,"p":0.0,"mot":"L","mo":0.0}]},{"d":"31.05.2017","r":500.0,"q":1.0,"p":302.35,"s":[{"cn":"АО \"МежГалактика\"","ui":"8174893","t":500.0,"r":500.0,"q":1.0,"p":302.35,"mot":"U","mo":500.0},{"cn":"","ui":"","t":0.0,"r":0.0,"q":0.0,"p":0.0,"mot":"L","mo":0.0}]},{"d":"16.06.2017","r":55488.0,"q":3.19,"p":80.0,"s":[{"cn":"ddd","ui":"8191495","t":55488.0,"r":55488.0,"q":3.19,"p":80.0,"mot":"U","mo":55488.0},{"cn":"","ui":"","t":0.0,"r":0.0,"q":0.0,"p":0.0,"mot":"L","mo":0.0}]},{"d":"23.06.2017","r":35618.0,"q":2.86,"p":52.84,"s":[{"cn":"Балынефть Finance","ui":"8202401","t":3216.0,"r":3216.0,"q":1.03,"p":2.0,"mot":"L","mo":3216.0},{"cn":"Альметьевнефть Инвест","ui":"8202544","t":7065.0,"r":7065.0,"q":4.06,"p":80.0,"mot":"L","mo":4500.0},{"cn":"Альметьевнефть Инвест","ui":"8202543","t":7715.0,"r":7715.0,"q":1.1,"p":10.0,"mot":"L","mo":4000.0},{"cn":"MotoKam","ui":"8202483","t":9336.0,"r":9336.0,"q":3.62,"p":60.0,"mot":"L","mo":8192.0},{"cn":"NurMotoGroup","ui":"8202472","t":6650.0,"r":6650.0,"q":2.01,"p":65.0,"mot":"L","mo":6000.0},{"cn":"ПОРШЕНЬ-груп","ui":"8202491","t":4428.0,"r":4428.0,"q":4.45,"p":99.0,"mot":"L","mo":2000.0},{"cn":"FBT (Future Bike Technologies)","ui":"8202650","t":4823.0,"r":4823.0,"q":3.41,"p":50.0,"mot":"L","mo":4823.0},{"cn":"","ui":"","t":22691.0,"r":2887.0,"q":3.1,"p":53.67,"mot":"L","mo":2887.0}]},{"d":"24.06.2017","r":1000.0,"q":4.6,"p":86.0,"s":[{"cn":"ООО Ышанышлы","ui":"8202516","t":14422.0,"r":14382.0,"q":4.6,"p":86.0,"mot":"L","mo":1000.0},{"cn":"","ui":"","t":0.0,"r":0.0,"q":0.0,"p":0.0,"mot":"L","mo":0.0}]},{"d":"25.06.2017","r":20912.0,"q":3.53,"p":59.78,"s":[{"cn":"ЯН Финанс","ui":"8202503","t":5470.0,"r":5470.0,"q":3.93,"p":75.0,"mot":"L","mo":3000.0},{"cn":"NurMotoGroup","ui":"8202472","t":6880.0,"r":6880.0,"q":2.08,"p":80.0,"mot":"L","mo":6000.0},{"cn":"ПОРШЕНЬ-груп","ui":"8202491","t":4428.0,"r":4428.0,"q":4.45,"p":40.0,"mot":"L","mo":4428.0},{"cn":"FBT (Future Bike Technologies)","ui":"8202650","t":5259.0,"r":5259.0,"q":3.93,"p":50.0,"mot":"L","mo":5259.0},{"cn":"","ui":"","t":15647.0,"r":2225.0,"q":4.16,"p":47.19,"mot":"L","mo":2225.0}]},{"d":"26.06.2017","r":0.0,"q":0.0,"p":0.0,"s":[{"cn":"","ui":"","t":0.0,"r":0.0,"q":0.0,"p":0.0,"mot":"L","mo":0.0}]}]