[{"d":"17.03.2016","r":5000.0,"q":10.27,"p":20000.0,"s":[{"ui":"4103555","t":189720.0,"r":189720.0,"q":10.27,"p":20000.0,"mot":"L","mo":5000.0},{"cn":"","ui":"","t":0.0,"r":0.0,"q":0.0,"p":0.0,"mot":"L","mo":0.0}]},{"d":"18.03.2016","r":5000.0,"q":10.27,"p":20000.0,"s":[{"ui":"4103555","t":208885.0,"r":208885.0,"q":10.27,"p":20000.0,"mot":"L","mo":5000.0},{"cn":"","ui":"","t":0.0,"r":0.0,"q":0.0,"p":0.0,"mot":"L","mo":0.0}]},{"d":"19.03.2016","r":5000.0,"q":10.27,"p":20000.0,"s":[{"ui":"4103555","t":223000.0,"r":218000.0,"q":10.27,"p":20000.0,"mot":"L","mo":5000.0},{"cn":"","ui":"","t":0.0,"r":0.0,"q":0.0,"p":0.0,"mot":"L","mo":0.0}]},{"d":"20.03.2016","r":5000.0,"q":10.27,"p":20000.0,"s":[{"ui":"4103555","t":237061.0,"r":232057.0,"q":10.27,"p":20000.0,"mot":"L","mo":5000.0},{"cn":"","ui":"","t":0.0,"r":0.0,"q":0.0,"p":0.0,"mot":"L","mo":0.0}]},{"d":"21.03.2016","r":5000.0,"q":10.27,"p":20000.0,"s":[{"ui":"4103555","t":246073.0,"r":236070.0,"q":10.27,"p":20000.0,"mot":"L","mo":5000.0},{"cn":"","ui":"","t":0.0,"r":0.0,"q":0.0,"p":0.0,"mot":"L","mo":0.0}]},{"d":"22.03.2016","r":5000.0,"q":10.27,"p":20000.0,"s":[{"ui":"4103555","t":260228.0,"r":255178.0,"q":10.27,"p":20000.0,"mot":"L","mo":5000.0},{"cn":"","ui":"","t":0.0,"r":0.0,"q":0.0,"p":0.0,"mot":"L","mo":0.0}]},{"d":"23.03.2016","r":5000.0,"q":10.44,"p":20000.0,"s":[{"ui":"4103555","t":270637.0,"r":260586.0,"q":10.44,"p":20000.0,"mot":"L","mo":5000.0},{"cn":"","ui":"","t":0.0,"r":0.0,"q":0.0,"p":0.0,"mot":"L","mo":0.0}]},{"d":"24.03.2016","r":5000.0,"q":10.6,"p":20000.0,"s":[{"ui":"4103555","t":281386.0,"r":261251.0,"q":10.6,"p":20000.0,"mot":"L","mo":5000.0},{"cn":"","ui":"","t":0.0,"r":0.0,"q":0.0,"p":0.0,"mot":"L","mo":0.0}]},{"d":"25.03.2016","r":5000.0,"q":10.74,"p":20000.0,"s":[{"ui":"4103555","t":277003.0,"r":251860.0,"q":10.74,"p":20000.0,"mot":"L","mo":5000.0},{"cn":"","ui":"","t":0.0,"r":0.0,"q":0.0,"p":0.0,"mot":"L","mo":0.0}]},{"d":"26.03.2016","r":5000.0,"q":10.88,"p":20000.0,"s":[{"ui":"4103555","t":272628.0,"r":247548.0,"q":10.88,"p":20000.0,"mot":"L","mo":5000.0},{"cn":"","ui":"","t":0.0,"r":0.0,"q":0.0,"p":0.0,"mot":"L","mo":0.0}]},{"d":"14.04.2016","r":5001.0,"q":10.27,"p":75000.0,"s":[{"ui":"4049324","t":5001.0,"r":5001.0,"q":10.27,"p":75000.0,"mot":"U","mo":5001.0},{"cn":"","ui":"","t":0.0,"r":0.0,"q":0.0,"p":0.0,"mot":"L","mo":0.0}]},{"d":"19.04.2016","r":5100.0,"q":10.23,"p":74803.92,"s":[{"ui":"4049324","t":5000.0,"r":5000.0,"q":10.27,"p":75000.0,"mot":"U","mo":5000.0},{"cn":"","ui":"","t":100.0,"r":100.0,"q":8.1,"p":65000.0,"mot":"L","mo":100.0}]},{"d":"22.04.2016","r":4895.0,"q":10.23,"p":74807.97,"s":[{"ui":"4049324","t":4901.0,"r":4801.0,"q":10.27,"p":75000.0,"mot":"U","mo":4801.0},{"cn":"","ui":"","t":97.0,"r":94.0,"q":8.1,"p":65000.0,"mot":"L","mo":94.0}]},{"d":"23.04.2016","r":4188.0,"q":10.22,"p":32717.05,"s":[{"ui":"4049324","t":4549.0,"r":4097.0,"q":10.27,"p":32000.0,"mot":"U","mo":4097.0},{"cn":"","ui":"","t":94.0,"r":91.0,"q":8.1,"p":65000.0,"mot":"L","mo":91.0}]},{"d":"24.04.2016","r":88.0,"q":8.1,"p":65000.0,"s":[{"ui":"4127082","t":91.0,"r":88.0,"q":8.1,"p":65000.0,"mot":"U","mo":88.0},{"cn":"","ui":"","t":0.0,"r":0.0,"q":0.0,"p":0.0,"mot":"L","mo":0.0}]},{"d":"25.04.2016","r":4796.0,"q":13.57,"p":32584.86,"s":[{"ui":"4049324","t":8912.0,"r":4711.0,"q":13.67,"p":32000.0,"mot":"U","mo":4711.0},{"cn":"","ui":"","t":88.0,"r":85.0,"q":8.1,"p":65000.0,"mot":"L","mo":85.0}]},{"d":"26.04.2016","r":6896.0,"q":13.67,"p":32000.0,"s":[{"ui":"4049324","t":12360.0,"r":6896.0,"q":13.67,"p":32000.0,"mot":"U","mo":6896.0},{"cn":"","ui":"","t":0.0,"r":0.0,"q":0.0,"p":0.0,"mot":"L","mo":0.0}]},{"d":"01.05.2016","r":33553.0,"q":12.61,"p":32000.0,"s":[{"ui":"4049324","t":67096.0,"r":33553.0,"q":12.61,"p":32000.0,"mot":"U","mo":33553.0},{"cn":"","ui":"","t":0.0,"r":0.0,"q":0.0,"p":0.0,"mot":"L","mo":0.0}]},{"d":"03.05.2016","r":20071.0,"q":12.82,"p":32000.0,"s":[{"ui":"4049324","t":54207.0,"r":20071.0,"q":12.82,"p":32000.0,"mot":"U","mo":20071.0},{"cn":"","ui":"","t":0.0,"r":0.0,"q":0.0,"p":0.0,"mot":"L","mo":0.0}]},{"d":"04.05.2016","r":88.0,"q":8.1,"p":65000.0,"s":[{"ui":"4127082","t":88.0,"r":88.0,"q":8.1,"p":65000.0,"mot":"U","mo":88.0},{"cn":"","ui":"","t":0.0,"r":0.0,"q":0.0,"p":0.0,"mot":"L","mo":0.0}]},{"d":"05.05.2016","r":87.0,"q":8.1,"p":65000.0,"s":[{"ui":"4127082","t":87.0,"r":87.0,"q":8.1,"p":65000.0,"mot":"U","mo":87.0},{"cn":"","ui":"","t":0.0,"r":0.0,"q":0.0,"p":0.0,"mot":"L","mo":0.0}]},{"d":"07.05.2016","r":85.0,"q":8.1,"p":65000.0,"s":[{"ui":"4127082","t":86.0,"r":85.0,"q":8.1,"p":65000.0,"mot":"U","mo":85.0},{"cn":"","ui":"","t":0.0,"r":0.0,"q":0.0,"p":0.0,"mot":"L","mo":0.0}]},{"d":"08.05.2016","r":1082.0,"q":14.31,"p":37273.57,"s":[{"ui":"4049324","t":5000.0,"r":1444.0,"q":14.82,"p":35000.0,"mot":"L","mo":1000.0},{"ui":"4127082","t":84.0,"r":82.0,"q":8.1,"p":65000.0,"mot":"U","mo":82.0},{"cn":"","ui":"","t":0.0,"r":0.0,"q":0.0,"p":0.0,"mot":"L","mo":0.0}]},{"d":"09.05.2016","r":1082.0,"q":14.31,"p":37273.57,"s":[{"ui":"4049324","t":7637.0,"r":3952.0,"q":14.82,"p":35000.0,"mot":"L","mo":1000.0},{"ui":"4127082","t":83.0,"r":82.0,"q":8.1,"p":65000.0,"mot":"U","mo":82.0},{"cn":"","ui":"","t":0.0,"r":0.0,"q":0.0,"p":0.0,"mot":"L","mo":0.0}]},{"d":"10.05.2016","r":1000.0,"q":14.82,"p":35000.0,"s":[{"ui":"4049324","t":7952.0,"r":3279.0,"q":14.82,"p":35000.0,"mot":"L","mo":1000.0},{"cn":"","ui":"","t":0.0,"r":0.0,"q":0.0,"p":0.0,"mot":"L","mo":0.0}]},{"d":"11.05.2016","r":1000.0,"q":14.82,"p":38000.0,"s":[{"ui":"4049324","t":8951.0,"r":4948.0,"q":14.82,"p":38000.0,"mot":"L","mo":1000.0},{"cn":"","ui":"","t":0.0,"r":0.0,"q":0.0,"p":0.0,"mot":"L","mo":0.0}]},{"d":"12.05.2016","r":1000.0,"q":14.82,"p":41000.0,"s":[{"ui":"4049324","t":13909.0,"r":8690.0,"q":14.82,"p":41000.0,"mot":"L","mo":1000.0},{"cn":"","ui":"","t":0.0,"r":0.0,"q":0.0,"p":0.0,"mot":"L","mo":0.0}]},{"d":"13.05.2016","r":1000.0,"q":14.82,"p":41000.0,"s":[{"ui":"4049324","t":18495.0,"r":13078.0,"q":14.82,"p":41000.0,"mot":"L","mo":1000.0},{"cn":"","ui":"","t":0.0,"r":0.0,"q":0.0,"p":0.0,"mot":"L","mo":0.0}]},{"d":"14.05.2016","r":1083.0,"q":14.54,"p":42839.34,"s":[{"ui":"4049324","t":23078.0,"r":17654.0,"q":15.07,"p":41000.0,"mot":"L","mo":1000.0},{"ui":"4127082","t":83.0,"r":83.0,"q":8.1,"p":65000.0,"mot":"U","mo":83.0},{"cn":"","ui":"","t":0.0,"r":0.0,"q":0.0,"p":0.0,"mot":"L","mo":0.0}]},{"d":"15.05.2016","r":1063.0,"q":14.97,"p":42422.39,"s":[{"ui":"4049324","t":28250.0,"r":23407.0,"q":15.4,"p":41000.0,"mot":"L","mo":1000.0},{"ui":"4127082","t":73.0,"r":63.0,"q":8.1,"p":65000.0,"mot":"U","mo":63.0},{"cn":"","ui":"","t":0.0,"r":0.0,"q":0.0,"p":0.0,"mot":"L","mo":0.0}]},{"d":"16.05.2016","r":1053.0,"q":15.2,"p":42207.98,"s":[{"ui":"4049324","t":32831.0,"r":27404.0,"q":15.58,"p":41000.0,"mot":"L","mo":1000.0},{"ui":"4127082","t":63.0,"r":53.0,"q":8.1,"p":65000.0,"mot":"U","mo":53.0},{"cn":"","ui":"","t":0.0,"r":0.0,"q":0.0,"p":0.0,"mot":"L","mo":0.0}]},{"d":"17.05.2016","r":1053.0,"q":15.31,"p":46006.65,"s":[{"ui":"4049324","t":38082.0,"r":33333.0,"q":15.69,"p":45000.0,"mot":"L","mo":1000.0},{"ui":"4127082","t":58.0,"r":53.0,"q":8.1,"p":65000.0,"mot":"U","mo":53.0},{"cn":"","ui":"","t":0.0,"r":0.0,"q":0.0,"p":0.0,"mot":"L","mo":0.0}]},{"d":"18.05.2016","r":1038.0,"q":15.48,"p":45732.18,"s":[{"ui":"4049324","t":42650.0,"r":37218.0,"q":15.76,"p":45000.0,"mot":"L","mo":1000.0},{"cn":"","ui":"","t":48.0,"r":38.0,"q":8.1,"p":65000.0,"mot":"L","mo":38.0}]},{"d":"19.05.2016","r":3028.0,"q":15.74,"p":49147.95,"s":[{"ui":"4049324","t":49190.0,"r":43130.0,"q":15.81,"p":49000.0,"mot":"L","mo":3000.0},{"cn":"","ui":"","t":38.0,"r":28.0,"q":8.1,"p":65000.0,"mot":"L","mo":28.0}]},{"d":"20.05.2016","r":3000.0,"q":15.85,"p":49000.0,"s":[{"ui":"4049324","t":51896.0,"r":44602.0,"q":15.85,"p":49000.0,"mot":"L","mo":3000.0},{"cn":"","ui":"","t":0.0,"r":0.0,"q":0.0,"p":0.0,"mot":"L","mo":0.0}]},{"d":"21.05.2016","r":3000.0,"q":15.87,"p":49000.0,"s":[{"ui":"4049324","t":56795.0,"r":51694.0,"q":15.87,"p":49000.0,"mot":"L","mo":3000.0},{"cn":"","ui":"","t":0.0,"r":0.0,"q":0.0,"p":0.0,"mot":"L","mo":0.0}]},{"d":"22.05.2016","r":3000.0,"q":15.89,"p":49000.0,"s":[{"ui":"4049324","t":61238.0,"r":55681.0,"q":15.89,"p":49000.0,"mot":"L","mo":3000.0},{"cn":"","ui":"","t":0.0,"r":0.0,"q":0.0,"p":0.0,"mot":"L","mo":0.0}]},{"d":"23.05.2016","r":3000.0,"q":15.91,"p":49000.0,"s":[{"ui":"4049324","t":67298.0,"r":63358.0,"q":15.91,"p":49000.0,"mot":"L","mo":3000.0},{"cn":"","ui":"","t":0.0,"r":0.0,"q":0.0,"p":0.0,"mot":"L","mo":0.0}]},{"d":"24.05.2016","r":3000.0,"q":15.92,"p":58000.0,"s":[{"ui":"4049324","t":73258.0,"r":69218.0,"q":15.92,"p":58000.0,"mot":"L","mo":3000.0},{"cn":"","ui":"","t":0.0,"r":0.0,"q":0.0,"p":0.0,"mot":"L","mo":0.0}]},{"d":"25.05.2016","r":3000.0,"q":15.93,"p":63000.0,"s":[{"ui":"4049324","t":77476.0,"r":75039.0,"q":15.93,"p":63000.0,"mot":"L","mo":3000.0},{"cn":"","ui":"","t":0.0,"r":0.0,"q":0.0,"p":0.0,"mot":"L","mo":0.0}]},{"d":"26.05.2016","r":3000.0,"q":15.94,"p":63000.0,"s":[{"ui":"4049324","t":87471.0,"r":87466.0,"q":15.94,"p":63000.0,"mot":"L","mo":3000.0},{"cn":"","ui":"","t":0.0,"r":0.0,"q":0.0,"p":0.0,"mot":"L","mo":0.0}]},{"d":"27.05.2016","r":3000.0,"q":15.94,"p":63000.0,"s":[{"ui":"4049324","t":97456.0,"r":97438.0,"q":15.94,"p":63000.0,"mot":"L","mo":3000.0},{"cn":"","ui":"","t":0.0,"r":0.0,"q":0.0,"p":0.0,"mot":"L","mo":0.0}]},{"d":"28.05.2016","r":3000.0,"q":15.95,"p":63000.0,"s":[{"ui":"4049324","t":107438.0,"r":107420.0,"q":15.95,"p":63000.0,"mot":"L","mo":3000.0},{"cn":"","ui":"","t":0.0,"r":0.0,"q":0.0,"p":0.0,"mot":"L","mo":0.0}]},{"d":"29.05.2016","r":3000.0,"q":15.95,"p":63000.0,"s":[{"ui":"4049324","t":117398.0,"r":117358.0,"q":15.95,"p":63000.0,"mot":"L","mo":3000.0},{"cn":"","ui":"","t":0.0,"r":0.0,"q":0.0,"p":0.0,"mot":"L","mo":0.0}]},{"d":"31.05.2016","r":3000.0,"q":15.96,"p":63000.0,"s":[{"ui":"4049324","t":137203.0,"r":137067.0,"q":15.96,"p":63000.0,"mot":"L","mo":3000.0},{"cn":"","ui":"","t":0.0,"r":0.0,"q":0.0,"p":0.0,"mot":"L","mo":0.0}]},{"d":"01.06.2016","r":3000.0,"q":15.96,"p":63000.0,"s":[{"ui":"4049324","t":147066.0,"r":146928.0,"q":15.96,"p":63000.0,"mot":"L","mo":3000.0},{"cn":"","ui":"","t":0.0,"r":0.0,"q":0.0,"p":0.0,"mot":"L","mo":0.0}]},{"d":"02.06.2016","r":3000.0,"q":15.96,"p":63000.0,"s":[{"ui":"4049324","t":156918.0,"r":156772.0,"q":15.96,"p":63000.0,"mot":"L","mo":3000.0},{"cn":"","ui":"","t":0.0,"r":0.0,"q":0.0,"p":0.0,"mot":"L","mo":0.0}]},{"d":"03.06.2016","r":3000.0,"q":15.97,"p":63000.0,"s":[{"ui":"4049324","t":166703.0,"r":166484.0,"q":15.97,"p":63000.0,"mot":"L","mo":3000.0},{"cn":"","ui":"","t":0.0,"r":0.0,"q":0.0,"p":0.0,"mot":"L","mo":0.0}]},{"d":"04.06.2016","r":3000.0,"q":15.97,"p":63000.0,"s":[{"ui":"4049324","t":176507.0,"r":176313.0,"q":15.97,"p":63000.0,"mot":"L","mo":3000.0},{"cn":"","ui":"","t":0.0,"r":0.0,"q":0.0,"p":0.0,"mot":"L","mo":0.0}]},{"d":"05.06.2016","r":3000.0,"q":15.97,"p":63000.0,"s":[{"ui":"4049324","t":186211.0,"r":185917.0,"q":15.97,"p":63000.0,"mot":"L","mo":3000.0},{"cn":"","ui":"","t":0.0,"r":0.0,"q":0.0,"p":0.0,"mot":"L","mo":0.0}]},{"d":"06.06.2016","r":3000.0,"q":15.97,"p":63000.0,"s":[{"ui":"4049324","t":195930.0,"r":195649.0,"q":15.97,"p":63000.0,"mot":"L","mo":3000.0},{"cn":"","ui":"","t":0.0,"r":0.0,"q":0.0,"p":0.0,"mot":"L","mo":0.0}]},{"d":"07.06.2016","r":3000.0,"q":15.97,"p":63000.0,"s":[{"ui":"4049324","t":205649.0,"r":205366.0,"q":15.97,"p":63000.0,"mot":"L","mo":3000.0},{"cn":"","ui":"","t":0.0,"r":0.0,"q":0.0,"p":0.0,"mot":"L","mo":0.0}]},{"d":"08.06.2016","r":3000.0,"q":15.97,"p":63000.0,"s":[{"ui":"4049324","t":215366.0,"r":215087.0,"q":15.97,"p":63000.0,"mot":"L","mo":3000.0},{"cn":"","ui":"","t":0.0,"r":0.0,"q":0.0,"p":0.0,"mot":"L","mo":0.0}]},{"d":"09.06.2016","r":23000.0,"q":15.97,"p":33000.0,"s":[{"ui":"4049324","t":224768.0,"r":224170.0,"q":15.97,"p":33000.0,"mot":"L","mo":23000.0},{"cn":"","ui":"","t":0.0,"r":0.0,"q":0.0,"p":0.0,"mot":"L","mo":0.0}]},{"d":"10.06.2016","r":23000.0,"q":15.98,"p":33000.0,"s":[{"ui":"4049324","t":234169.0,"r":210542.0,"q":15.98,"p":33000.0,"mot":"L","mo":23000.0},{"cn":"","ui":"","t":0.0,"r":0.0,"q":0.0,"p":0.0,"mot":"L","mo":0.0}]},{"d":"11.06.2016","r":23000.0,"q":15.98,"p":33000.0,"s":[{"ui":"4049324","t":220188.0,"r":196187.0,"q":15.98,"p":33000.0,"mot":"L","mo":23000.0},{"cn":"","ui":"","t":0.0,"r":0.0,"q":0.0,"p":0.0,"mot":"L","mo":0.0}]},{"d":"12.06.2016","r":23000.0,"q":15.98,"p":33000.0,"s":[{"ui":"4049324","t":206187.0,"r":182186.0,"q":15.98,"p":33000.0,"mot":"L","mo":23000.0},{"cn":"","ui":"","t":0.0,"r":0.0,"q":0.0,"p":0.0,"mot":"L","mo":0.0}]},{"d":"13.06.2016","r":23000.0,"q":15.98,"p":33000.0,"s":[{"ui":"4049324","t":191632.0,"r":166057.0,"q":15.98,"p":33000.0,"mot":"L","mo":23000.0},{"cn":"","ui":"","t":0.0,"r":0.0,"q":0.0,"p":0.0,"mot":"L","mo":0.0}]},{"d":"14.06.2016","r":23000.0,"q":15.98,"p":33000.0,"s":[{"ui":"4049324","t":176057.0,"r":151502.0,"q":15.98,"p":33000.0,"mot":"L","mo":23000.0},{"cn":"","ui":"","t":0.0,"r":0.0,"q":0.0,"p":0.0,"mot":"L","mo":0.0}]},{"d":"15.06.2016","r":23000.0,"q":15.98,"p":33000.0,"s":[{"ui":"4049324","t":160615.0,"r":135173.0,"q":15.98,"p":33000.0,"mot":"L","mo":23000.0},{"cn":"","ui":"","t":0.0,"r":0.0,"q":0.0,"p":0.0,"mot":"L","mo":0.0}]},{"d":"16.06.2016","r":23000.0,"q":15.98,"p":33000.0,"s":[{"ui":"4049324","t":123394.0,"r":76175.0,"q":15.98,"p":33000.0,"mot":"L","mo":23000.0},{"cn":"","ui":"","t":0.0,"r":0.0,"q":0.0,"p":0.0,"mot":"L","mo":0.0}]},{"d":"17.06.2016","r":23000.0,"q":15.98,"p":33000.0,"s":[{"ui":"4049324","t":83140.0,"r":32886.0,"q":15.98,"p":33000.0,"mot":"L","mo":23000.0},{"cn":"","ui":"","t":0.0,"r":0.0,"q":0.0,"p":0.0,"mot":"L","mo":0.0}]},{"d":"18.06.2016","r":1482.0,"q":17.13,"p":22000.0,"s":[{"ui":"4103555","t":92552.0,"r":1482.0,"q":17.13,"p":22000.0,"mot":"L","mo":1482.0},{"cn":"","ui":"","t":0.0,"r":0.0,"q":0.0,"p":0.0,"mot":"L","mo":0.0}]},{"d":"20.06.2016","r":10000.0,"q":17.53,"p":100000.0,"s":[{"ui":"3918411","t":10000.0,"r":10000.0,"q":17.53,"p":100000.0,"mot":"U","mo":10000.0},{"cn":"","ui":"","t":0.0,"r":0.0,"q":0.0,"p":0.0,"mot":"L","mo":0.0}]},{"d":"21.06.2016","r":15000.0,"q":17.69,"p":100000.0,"s":[{"ui":"3918411","t":15000.0,"r":15000.0,"q":17.69,"p":100000.0,"mot":"U","mo":15000.0},{"cn":"","ui":"","t":0.0,"r":0.0,"q":0.0,"p":0.0,"mot":"L","mo":0.0}]},{"d":"22.06.2016","r":20000.0,"q":17.77,"p":100000.0,"s":[{"ui":"3918411","t":20000.0,"r":20000.0,"q":17.77,"p":100000.0,"mot":"U","mo":20000.0},{"cn":"","ui":"","t":0.0,"r":0.0,"q":0.0,"p":0.0,"mot":"L","mo":0.0}]},{"d":"23.06.2016","r":25000.0,"q":17.82,"p":100000.0,"s":[{"ui":"3918411","t":25000.0,"r":25000.0,"q":17.82,"p":100000.0,"mot":"U","mo":25000.0},{"cn":"","ui":"","t":0.0,"r":0.0,"q":0.0,"p":0.0,"mot":"L","mo":0.0}]},{"d":"24.06.2016","r":30000.0,"q":17.85,"p":100000.0,"s":[{"ui":"3918411","t":30000.0,"r":30000.0,"q":17.85,"p":100000.0,"mot":"U","mo":30000.0},{"cn":"","ui":"","t":0.0,"r":0.0,"q":0.0,"p":0.0,"mot":"L","mo":0.0}]},{"d":"25.06.2016","r":35000.0,"q":17.87,"p":100000.0,"s":[{"ui":"3918411","t":35000.0,"r":35000.0,"q":17.87,"p":100000.0,"mot":"U","mo":35000.0},{"cn":"","ui":"","t":0.0,"r":0.0,"q":0.0,"p":0.0,"mot":"L","mo":0.0}]},{"d":"26.06.2016","r":43776.0,"q":17.9,"p":46801.9,"s":[{"ui":"4103555","t":101344.0,"r":8574.0,"q":18.01,"p":22000.0,"mot":"L","mo":5000.0},{"ui":"3918411","t":39388.0,"r":38776.0,"q":17.89,"p":50000.0,"mot":"U","mo":38776.0},{"cn":"","ui":"","t":0.0,"r":0.0,"q":0.0,"p":0.0,"mot":"L","mo":0.0}]},{"d":"27.06.2016","r":44388.0,"q":17.9,"p":50000.0,"s":[{"ui":"3918411","t":44388.0,"r":44388.0,"q":17.9,"p":50000.0,"mot":"U","mo":44388.0},{"cn":"","ui":"","t":0.0,"r":0.0,"q":0.0,"p":0.0,"mot":"L","mo":0.0}]},{"d":"28.06.2016","r":54388.0,"q":17.92,"p":47425.9,"s":[{"ui":"4103555","t":113828.0,"r":30424.0,"q":18.01,"p":22000.0,"mot":"L","mo":5000.0},{"ui":"3918411","t":49388.0,"r":49388.0,"q":17.91,"p":50000.0,"mot":"U","mo":49388.0},{"cn":"","ui":"","t":0.0,"r":0.0,"q":0.0,"p":0.0,"mot":"L","mo":0.0}]},{"d":"29.06.2016","r":54388.0,"q":17.92,"p":50000.0,"s":[{"ui":"3918411","t":54388.0,"r":54388.0,"q":17.92,"p":50000.0,"mot":"U","mo":54388.0},{"cn":"","ui":"","t":0.0,"r":0.0,"q":0.0,"p":0.0,"mot":"L","mo":0.0}]},{"d":"30.06.2016","r":59386.0,"q":17.93,"p":50000.0,"s":[{"ui":"3918411","t":59387.0,"r":59386.0,"q":17.93,"p":50000.0,"mot":"U","mo":59386.0},{"cn":"","ui":"","t":0.0,"r":0.0,"q":0.0,"p":0.0,"mot":"L","mo":0.0}]},{"d":"01.07.2016","r":64385.0,"q":17.94,"p":47825.58,"s":[{"ui":"4103555","t":120304.0,"r":37712.0,"q":18.01,"p":22000.0,"mot":"L","mo":5000.0},{"ui":"3918411","t":59386.0,"r":59385.0,"q":17.93,"p":50000.0,"mot":"U","mo":59385.0},{"cn":"","ui":"","t":0.0,"r":0.0,"q":0.0,"p":0.0,"mot":"L","mo":0.0}]},{"d":"02.07.2016","r":56044.0,"q":17.94,"p":47501.96,"s":[{"ui":"4103555","t":117245.0,"r":12490.0,"q":18.01,"p":22000.0,"mot":"L","mo":5000.0},{"ui":"3918411","t":55215.0,"r":51044.0,"q":17.93,"p":50000.0,"mot":"U","mo":51044.0},{"cn":"","ui":"","t":0.0,"r":0.0,"q":0.0,"p":0.0,"mot":"L","mo":0.0}]},{"d":"03.07.2016","r":55213.0,"q":17.93,"p":50000.0,"s":[{"ui":"3918411","t":55214.0,"r":55213.0,"q":17.93,"p":50000.0,"mot":"U","mo":55213.0},{"cn":"","ui":"","t":0.0,"r":0.0,"q":0.0,"p":0.0,"mot":"L","mo":0.0}]},{"d":"04.07.2016","r":55214.0,"q":17.93,"p":50000.0,"s":[{"ui":"3918411","t":55214.0,"r":55214.0,"q":17.93,"p":50000.0,"mot":"U","mo":55214.0},{"cn":"","ui":"","t":0.0,"r":0.0,"q":0.0,"p":0.0,"mot":"L","mo":0.0}]},{"d":"06.07.2016","r":55212.0,"q":17.93,"p":50000.0,"s":[{"ui":"3918411","t":55213.0,"r":55212.0,"q":17.93,"p":50000.0,"mot":"U","mo":55212.0},{"cn":"","ui":"","t":0.0,"r":0.0,"q":0.0,"p":0.0,"mot":"L","mo":0.0}]},{"d":"07.07.2016","r":53711.0,"q":17.93,"p":50000.0,"s":[{"ui":"3918411","t":54462.0,"r":53711.0,"q":17.93,"p":50000.0,"mot":"U","mo":53711.0},{"cn":"","ui":"","t":0.0,"r":0.0,"q":0.0,"p":0.0,"mot":"L","mo":0.0}]},{"d":"08.07.2016","r":51404.0,"q":17.93,"p":50000.0,"s":[{"ui":"3918411","t":52933.0,"r":51404.0,"q":17.93,"p":50000.0,"mot":"U","mo":51404.0},{"cn":"","ui":"","t":0.0,"r":0.0,"q":0.0,"p":0.0,"mot":"L","mo":0.0}]},{"d":"09.07.2016","r":52930.0,"q":17.93,"p":50000.0,"s":[{"ui":"3918411","t":52932.0,"r":52930.0,"q":17.93,"p":50000.0,"mot":"U","mo":52930.0},{"cn":"","ui":"","t":0.0,"r":0.0,"q":0.0,"p":0.0,"mot":"L","mo":0.0}]},{"d":"10.07.2016","r":57928.0,"q":17.95,"p":47583.21,"s":[{"ui":"4103555","t":108401.0,"r":13977.0,"q":18.19,"p":22000.0,"mot":"L","mo":5000.0},{"ui":"3918411","t":52930.0,"r":52928.0,"q":17.93,"p":50000.0,"mot":"U","mo":52928.0},{"cn":"","ui":"","t":0.0,"r":0.0,"q":0.0,"p":0.0,"mot":"L","mo":0.0}]},{"d":"11.07.2016","r":57926.0,"q":17.95,"p":47583.12,"s":[{"ui":"4103555","t":115162.0,"r":20583.0,"q":18.19,"p":22000.0,"mot":"L","mo":5000.0},{"ui":"3918411","t":52928.0,"r":52926.0,"q":17.93,"p":50000.0,"mot":"U","mo":52926.0},{"cn":"","ui":"","t":0.0,"r":0.0,"q":0.0,"p":0.0,"mot":"L","mo":0.0}]},{"d":"12.07.2016","r":57925.0,"q":17.95,"p":47583.08,"s":[{"ui":"4103555","t":121576.0,"r":26997.0,"q":18.19,"p":22000.0,"mot":"L","mo":5000.0},{"ui":"3918411","t":52927.0,"r":52925.0,"q":17.93,"p":50000.0,"mot":"U","mo":52925.0},{"cn":"","ui":"","t":0.0,"r":0.0,"q":0.0,"p":0.0,"mot":"L","mo":0.0}]},{"d":"13.07.2016","r":57923.0,"q":17.95,"p":47583.0,"s":[{"ui":"4103555","t":127830.0,"r":33276.0,"q":18.19,"p":22000.0,"mot":"L","mo":5000.0},{"ui":"3918411","t":52925.0,"r":52923.0,"q":17.93,"p":50000.0,"mot":"U","mo":52923.0},{"cn":"","ui":"","t":0.0,"r":0.0,"q":0.0,"p":0.0,"mot":"L","mo":0.0}]},{"d":"14.07.2016","r":57921.0,"q":17.95,"p":47582.91,"s":[{"ui":"4103555","t":128919.0,"r":29379.0,"q":18.19,"p":22000.0,"mot":"L","mo":5000.0},{"ui":"3918411","t":52923.0,"r":52921.0,"q":17.93,"p":50000.0,"mot":"U","mo":52921.0},{"cn":"","ui":"","t":0.0,"r":0.0,"q":0.0,"p":0.0,"mot":"L","mo":0.0}]},{"d":"15.07.2016","r":57919.0,"q":17.95,"p":47582.83,"s":[{"ui":"4103555","t":129856.0,"r":30317.0,"q":18.19,"p":22000.0,"mot":"L","mo":5000.0},{"ui":"3918411","t":52921.0,"r":52919.0,"q":17.93,"p":50000.0,"mot":"U","mo":52919.0},{"cn":"","ui":"","t":0.0,"r":0.0,"q":0.0,"p":0.0,"mot":"L","mo":0.0}]},{"d":"16.07.2016","r":57917.0,"q":17.95,"p":47582.75,"s":[{"ui":"4103555","t":132953.0,"r":38394.0,"q":18.19,"p":22000.0,"mot":"L","mo":5000.0},{"ui":"3918411","t":52919.0,"r":52917.0,"q":17.93,"p":50000.0,"mot":"U","mo":52917.0},{"cn":"","ui":"","t":0.0,"r":0.0,"q":0.0,"p":0.0,"mot":"L","mo":0.0}]},{"d":"18.07.2016","r":57913.0,"q":17.95,"p":47582.58,"s":[{"ui":"4103555","t":138278.0,"r":38344.0,"q":18.19,"p":22000.0,"mot":"L","mo":5000.0},{"ui":"3918411","t":52915.0,"r":52913.0,"q":17.93,"p":50000.0,"mot":"U","mo":52913.0},{"cn":"","ui":"","t":0.0,"r":0.0,"q":0.0,"p":0.0,"mot":"L","mo":0.0}]},{"d":"19.07.2016","r":57911.0,"q":17.95,"p":47582.5,"s":[{"ui":"4103555","t":140486.0,"r":40499.0,"q":18.2,"p":22000.0,"mot":"L","mo":5000.0},{"ui":"3918411","t":52913.0,"r":52911.0,"q":17.93,"p":50000.0,"mot":"U","mo":52911.0},{"cn":"","ui":"","t":0.0,"r":0.0,"q":0.0,"p":0.0,"mot":"L","mo":0.0}]},{"d":"20.07.2016","r":57909.0,"q":17.95,"p":47582.41,"s":[{"ui":"4103555","t":143126.0,"r":42984.0,"q":18.2,"p":22000.0,"mot":"L","mo":5000.0},{"ui":"3918411","t":52911.0,"r":52909.0,"q":17.93,"p":50000.0,"mot":"U","mo":52909.0},{"cn":"","ui":"","t":0.0,"r":0.0,"q":0.0,"p":0.0,"mot":"L","mo":0.0}]},{"d":"21.07.2016","r":57907.0,"q":17.95,"p":47582.33,"s":[{"ui":"4103555","t":145494.0,"r":45350.0,"q":18.2,"p":22000.0,"mot":"L","mo":5000.0},{"ui":"3918411","t":52909.0,"r":52907.0,"q":17.93,"p":50000.0,"mot":"U","mo":52907.0},{"cn":"","ui":"","t":0.0,"r":0.0,"q":0.0,"p":0.0,"mot":"L","mo":0.0}]},{"d":"22.07.2016","r":57905.0,"q":17.95,"p":47582.25,"s":[{"ui":"4103555","t":141992.0,"r":36232.0,"q":18.2,"p":22000.0,"mot":"L","mo":5000.0},{"ui":"3918411","t":52907.0,"r":52905.0,"q":17.93,"p":50000.0,"mot":"U","mo":52905.0},{"cn":"","ui":"","t":0.0,"r":0.0,"q":0.0,"p":0.0,"mot":"L","mo":0.0}]},{"d":"25.07.2016","r":57899.0,"q":17.95,"p":47582.0,"s":[{"ui":"4103555","t":131189.0,"r":25674.0,"q":18.2,"p":22000.0,"mot":"L","mo":5000.0},{"ui":"3918411","t":52901.0,"r":52899.0,"q":17.93,"p":50000.0,"mot":"U","mo":52899.0},{"cn":"","ui":"","t":0.0,"r":0.0,"q":0.0,"p":0.0,"mot":"L","mo":0.0}]},{"d":"26.07.2016","r":57897.0,"q":17.95,"p":47581.91,"s":[{"ui":"4103555","t":127388.0,"r":22921.0,"q":18.2,"p":22000.0,"mot":"L","mo":5000.0},{"ui":"3918411","t":52899.0,"r":52897.0,"q":17.93,"p":50000.0,"mot":"U","mo":52897.0},{"cn":"","ui":"","t":0.0,"r":0.0,"q":0.0,"p":0.0,"mot":"L","mo":0.0}]},{"d":"27.07.2016","r":57895.0,"q":17.95,"p":47581.83,"s":[{"ui":"4103555","t":123395.0,"r":18976.0,"q":18.2,"p":22000.0,"mot":"L","mo":5000.0},{"ui":"3918411","t":52897.0,"r":52895.0,"q":17.93,"p":50000.0,"mot":"U","mo":52895.0},{"cn":"","ui":"","t":0.0,"r":0.0,"q":0.0,"p":0.0,"mot":"L","mo":0.0}]},{"d":"28.07.2016","r":57900.0,"q":17.95,"p":47579.34,"s":[{"ui":"4103555","t":119007.0,"r":14349.0,"q":18.2,"p":22000.0,"mot":"L","mo":5000.0},{"ui":"3918411","t":52896.0,"r":52894.0,"q":17.93,"p":50000.0,"mot":"U","mo":52894.0},{"cn":"","ui":"","t":10.0,"r":6.0,"q":18.2,"p":24000.0,"mot":"L","mo":6.0}]},{"d":"29.07.2016","r":57710.0,"q":17.95,"p":47663.14,"s":[{"ui":"4103555","t":114473.0,"r":4809.0,"q":18.2,"p":22000.0,"mot":"L","mo":4809.0},{"ui":"3918411","t":52895.0,"r":52893.0,"q":17.93,"p":50000.0,"mot":"U","mo":52893.0},{"cn":"","ui":"","t":12.0,"r":8.0,"q":18.2,"p":24000.0,"mot":"L","mo":8.0}]},{"d":"30.07.2016","r":57904.0,"q":17.95,"p":47576.82,"s":[{"ui":"4103555","t":111110.0,"r":6041.0,"q":18.2,"p":22000.0,"mot":"L","mo":5000.0},{"ui":"3918411","t":52894.0,"r":52892.0,"q":17.93,"p":50000.0,"mot":"U","mo":52892.0},{"cn":"","ui":"","t":12.0,"r":12.0,"q":18.2,"p":24000.0,"mot":"L","mo":12.0}]},{"d":"01.08.2016","r":52901.0,"q":17.93,"p":49994.59,"s":[{"ui":"3918411","t":52892.0,"r":52890.0,"q":17.93,"p":50000.0,"mot":"U","mo":52890.0},{"cn":"","ui":"","t":12.0,"r":11.0,"q":18.2,"p":24000.0,"mot":"L","mo":11.0}]},{"d":"02.08.2016","r":52899.0,"q":17.93,"p":49995.08,"s":[{"ui":"3918411","t":52891.0,"r":52889.0,"q":17.93,"p":50000.0,"mot":"U","mo":52889.0},{"cn":"","ui":"","t":11.0,"r":10.0,"q":18.2,"p":24000.0,"mot":"L","mo":10.0}]},{"d":"03.08.2016","r":47896.0,"q":17.93,"p":49995.66,"s":[{"ui":"3918411","t":52890.0,"r":47888.0,"q":17.93,"p":50000.0,"mot":"U","mo":47888.0},{"cn":"","ui":"","t":10.0,"r":8.0,"q":18.2,"p":24000.0,"mot":"L","mo":8.0}]},{"d":"04.08.2016","r":47882.0,"q":17.93,"p":50000.0,"s":[{"ui":"3918411","t":47889.0,"r":47882.0,"q":17.93,"p":50000.0,"mot":"U","mo":47882.0},{"cn":"","ui":"","t":0.0,"r":0.0,"q":0.0,"p":0.0,"mot":"L","mo":0.0}]},{"d":"05.08.2016","r":47876.0,"q":17.93,"p":50000.0,"s":[{"ui":"3918411","t":47883.0,"r":47876.0,"q":17.93,"p":50000.0,"mot":"U","mo":47876.0},{"cn":"","ui":"","t":0.0,"r":0.0,"q":0.0,"p":0.0,"mot":"L","mo":0.0}]},{"d":"06.08.2016","r":47879.0,"q":17.93,"p":50000.0,"s":[{"ui":"3918411","t":47881.0,"r":47879.0,"q":17.93,"p":50000.0,"mot":"U","mo":47879.0},{"cn":"","ui":"","t":0.0,"r":0.0,"q":0.0,"p":0.0,"mot":"L","mo":0.0}]},{"d":"07.08.2016","r":52879.0,"q":18.07,"p":47352.45,"s":[{"ui":"4103555","t":106608.0,"r":5677.0,"q":19.37,"p":22000.0,"mot":"L","mo":5000.0},{"ui":"3918411","t":47880.0,"r":47879.0,"q":17.93,"p":50000.0,"mot":"U","mo":47879.0},{"cn":"","ui":"","t":0.0,"r":0.0,"q":0.0,"p":0.0,"mot":"L","mo":0.0}]},{"d":"08.08.2016","r":52878.0,"q":18.07,"p":47352.4,"s":[{"ui":"4103555","t":112381.0,"r":11936.0,"q":19.37,"p":22000.0,"mot":"L","mo":5000.0},{"ui":"3918411","t":47879.0,"r":47878.0,"q":17.93,"p":50000.0,"mot":"U","mo":47878.0},{"cn":"","ui":"","t":0.0,"r":0.0,"q":0.0,"p":0.0,"mot":"L","mo":0.0}]},{"d":"09.08.2016","r":52877.0,"q":18.07,"p":47352.35,"s":[{"ui":"4103555","t":118045.0,"r":17212.0,"q":19.37,"p":22000.0,"mot":"L","mo":5000.0},{"ui":"3918411","t":47878.0,"r":47877.0,"q":17.93,"p":50000.0,"mot":"U","mo":47877.0},{"cn":"","ui":"","t":0.0,"r":0.0,"q":0.0,"p":0.0,"mot":"L","mo":0.0}]},{"d":"10.08.2016","r":52876.0,"q":18.07,"p":47352.3,"s":[{"ui":"4103555","t":123162.0,"r":21784.0,"q":19.38,"p":22000.0,"mot":"L","mo":5000.0},{"ui":"3918411","t":47877.0,"r":47876.0,"q":17.93,"p":50000.0,"mot":"U","mo":47876.0},{"cn":"","ui":"","t":0.0,"r":0.0,"q":0.0,"p":0.0,"mot":"L","mo":0.0}]},{"d":"11.08.2016","r":47875.0,"q":17.93,"p":50000.0,"s":[{"ui":"3918411","t":47876.0,"r":47875.0,"q":17.93,"p":50000.0,"mot":"U","mo":47875.0},{"cn":"","ui":"","t":0.0,"r":0.0,"q":0.0,"p":0.0,"mot":"L","mo":0.0}]},{"d":"13.08.2016","r":48340.0,"q":17.94,"p":49731.49,"s":[{"ui":"3918411","t":47874.0,"r":47873.0,"q":17.93,"p":50000.0,"mot":"U","mo":47873.0},{"cn":"","ui":"","t":106658.0,"r":467.0,"q":19.4,"p":22205.57,"mot":"L","mo":467.0}]},{"d":"14.08.2016","r":47872.0,"q":17.93,"p":50000.0,"s":[{"ui":"3918411","t":47873.0,"r":47872.0,"q":17.93,"p":50000.0,"mot":"U","mo":47872.0},{"cn":"","ui":"","t":0.0,"r":0.0,"q":0.0,"p":0.0,"mot":"L","mo":0.0}]},{"d":"15.08.2016","r":47871.0,"q":17.93,"p":50000.0,"s":[{"ui":"3918411","t":47872.0,"r":47871.0,"q":17.93,"p":50000.0,"mot":"U","mo":47871.0},{"cn":"","ui":"","t":0.0,"r":0.0,"q":0.0,"p":0.0,"mot":"L","mo":0.0}]},{"d":"16.08.2016","r":47386.0,"q":17.93,"p":50000.0,"s":[{"ui":"3918411","t":47629.0,"r":47386.0,"q":17.93,"p":50000.0,"mot":"U","mo":47386.0},{"cn":"","ui":"","t":0.0,"r":0.0,"q":0.0,"p":0.0,"mot":"L","mo":0.0}]},{"d":"17.08.2016","r":47146.0,"q":17.93,"p":50000.0,"s":[{"ui":"3918411","t":47387.0,"r":47146.0,"q":17.93,"p":50000.0,"mot":"U","mo":47146.0},{"cn":"","ui":"","t":0.0,"r":0.0,"q":0.0,"p":0.0,"mot":"L","mo":0.0}]},{"d":"18.08.2016","r":46452.0,"q":17.93,"p":50000.0,"s":[{"ui":"3918411","t":46870.0,"r":46452.0,"q":17.93,"p":50000.0,"mot":"U","mo":46452.0},{"cn":"","ui":"","t":0.0,"r":0.0,"q":0.0,"p":0.0,"mot":"L","mo":0.0}]},{"d":"19.08.2016","r":46029.0,"q":17.93,"p":50000.0,"s":[{"ui":"3918411","t":46449.0,"r":46029.0,"q":17.93,"p":50000.0,"mot":"U","mo":46029.0},{"cn":"","ui":"","t":0.0,"r":0.0,"q":0.0,"p":0.0,"mot":"L","mo":0.0}]},{"d":"20.08.2016","r":42967.0,"q":17.93,"p":50000.0,"s":[{"ui":"3918411","t":44729.0,"r":42967.0,"q":17.93,"p":50000.0,"mot":"U","mo":42967.0},{"cn":"","ui":"","t":0.0,"r":0.0,"q":0.0,"p":0.0,"mot":"L","mo":0.0}]},{"d":"21.08.2016","r":47017.0,"q":18.09,"p":47022.35,"s":[{"ui":"4103555","t":119611.0,"r":16128.0,"q":19.42,"p":22000.0,"mot":"L","mo":5000.0},{"ui":"3918411","t":43373.0,"r":42017.0,"q":17.93,"p":50000.0,"mot":"U","mo":42017.0},{"cn":"","ui":"","t":0.0,"r":0.0,"q":0.0,"p":0.0,"mot":"L","mo":0.0}]},{"d":"22.08.2016","r":27661.0,"q":18.2,"p":44938.72,"s":[{"ui":"4103555","t":121284.0,"r":6349.0,"q":19.42,"p":22000.0,"mot":"L","mo":5000.0},{"ui":"3918411","t":33017.0,"r":22661.0,"q":17.93,"p":50000.0,"mot":"U","mo":22661.0},{"cn":"","ui":"","t":0.0,"r":0.0,"q":0.0,"p":0.0,"mot":"L","mo":0.0}]},{"d":"23.08.2016","r":12305.0,"q":17.93,"p":50000.0,"s":[{"ui":"3918411","t":22661.0,"r":12305.0,"q":17.93,"p":50000.0,"mot":"U","mo":12305.0},{"cn":"","ui":"","t":0.0,"r":0.0,"q":0.0,"p":0.0,"mot":"L","mo":0.0}]},{"d":"24.08.2016","r":5529.0,"q":18.92,"p":31363.72,"s":[{"ui":"4103555","t":116547.0,"r":3680.0,"q":19.42,"p":22000.0,"mot":"L","mo":3680.0},{"ui":"3918411","t":12255.0,"r":1849.0,"q":17.93,"p":50000.0,"mot":"U","mo":1849.0},{"cn":"","ui":"","t":0.0,"r":0.0,"q":0.0,"p":0.0,"mot":"L","mo":0.0}]},{"d":"25.08.2016","r":10185.0,"q":18.21,"p":44666.67,"s":[{"ui":"4103555","t":114872.0,"r":1940.0,"q":19.42,"p":22000.0,"mot":"L","mo":1940.0},{"ui":"3918411","t":10200.0,"r":8245.0,"q":17.93,"p":50000.0,"mot":"U","mo":8245.0},{"cn":"","ui":"","t":0.0,"r":0.0,"q":0.0,"p":0.0,"mot":"L","mo":0.0}]},{"d":"26.08.2016","r":9988.0,"q":17.93,"p":50000.0,"s":[{"ui":"3918411","t":10094.0,"r":9988.0,"q":17.93,"p":50000.0,"mot":"U","mo":9988.0},{"cn":"","ui":"","t":0.0,"r":0.0,"q":0.0,"p":0.0,"mot":"L","mo":0.0}]},{"d":"27.08.2016","r":14882.0,"q":18.43,"p":40592.66,"s":[{"ui":"4103555","t":116330.0,"r":7369.0,"q":19.42,"p":22000.0,"mot":"L","mo":5000.0},{"ui":"3918411","t":9988.0,"r":9882.0,"q":17.93,"p":50000.0,"mot":"U","mo":9882.0},{"cn":"","ui":"","t":0.0,"r":0.0,"q":0.0,"p":0.0,"mot":"L","mo":0.0}]},{"d":"28.08.2016","r":9776.0,"q":17.93,"p":50000.0,"s":[{"ui":"3918411","t":9882.0,"r":9776.0,"q":17.93,"p":50000.0,"mot":"U","mo":9776.0},{"cn":"","ui":"","t":0.0,"r":0.0,"q":0.0,"p":0.0,"mot":"L","mo":0.0}]},{"d":"29.08.2016","r":9540.0,"q":17.93,"p":50000.0,"s":[{"ui":"3918411","t":9711.0,"r":9540.0,"q":17.93,"p":50000.0,"mot":"U","mo":9540.0},{"cn":"","ui":"","t":0.0,"r":0.0,"q":0.0,"p":0.0,"mot":"L","mo":0.0}]},{"d":"30.08.2016","r":9361.0,"q":17.93,"p":50000.0,"s":[{"ui":"3918411","t":9534.0,"r":9361.0,"q":17.93,"p":50000.0,"mot":"U","mo":9361.0},{"cn":"","ui":"","t":0.0,"r":0.0,"q":0.0,"p":0.0,"mot":"L","mo":0.0}]},{"d":"31.08.2016","r":3884.0,"q":17.93,"p":50000.0,"s":[{"ui":"3918411","t":9209.0,"r":3884.0,"q":17.93,"p":50000.0,"mot":"U","mo":3884.0},{"cn":"","ui":"","t":0.0,"r":0.0,"q":0.0,"p":0.0,"mot":"L","mo":0.0}]},{"d":"01.09.2016","r":3575.0,"q":17.93,"p":50000.0,"s":[{"ui":"3918411","t":3892.0,"r":3575.0,"q":17.93,"p":50000.0,"mot":"U","mo":3575.0},{"cn":"","ui":"","t":0.0,"r":0.0,"q":0.0,"p":0.0,"mot":"L","mo":0.0}]},{"d":"02.09.2016","r":3204.0,"q":17.93,"p":50000.0,"s":[{"ui":"3918411","t":3548.0,"r":3204.0,"q":17.93,"p":50000.0,"mot":"U","mo":3204.0},{"cn":"","ui":"","t":0.0,"r":0.0,"q":0.0,"p":0.0,"mot":"L","mo":0.0}]},{"d":"03.09.2016","r":2870.0,"q":17.93,"p":50000.0,"s":[{"ui":"3918411","t":3209.0,"r":2870.0,"q":17.93,"p":50000.0,"mot":"U","mo":2870.0},{"cn":"","ui":"","t":0.0,"r":0.0,"q":0.0,"p":0.0,"mot":"L","mo":0.0}]},{"d":"04.09.2016","r":2193.0,"q":17.93,"p":50000.0,"s":[{"ui":"3918411","t":2812.0,"r":2193.0,"q":17.93,"p":50000.0,"mot":"U","mo":2193.0},{"cn":"","ui":"","t":0.0,"r":0.0,"q":0.0,"p":0.0,"mot":"L","mo":0.0}]},{"d":"05.09.2016","r":1490.0,"q":17.93,"p":50000.0,"s":[{"ui":"3918411","t":2151.0,"r":1490.0,"q":17.93,"p":50000.0,"mot":"U","mo":1490.0},{"cn":"","ui":"","t":0.0,"r":0.0,"q":0.0,"p":0.0,"mot":"L","mo":0.0}]},{"d":"06.09.2016","r":307.0,"q":17.93,"p":50000.0,"s":[{"ui":"3918411","t":1229.0,"r":307.0,"q":17.93,"p":50000.0,"mot":"U","mo":307.0},{"cn":"","ui":"","t":0.0,"r":0.0,"q":0.0,"p":0.0,"mot":"L","mo":0.0}]},{"d":"08.09.2016","r":2072.0,"q":19.37,"p":23040.54,"s":[{"ui":"4103555","t":107568.0,"r":1995.0,"q":19.43,"p":22000.0,"mot":"L","mo":1995.0},{"cn":"","ui":"","t":248.0,"r":77.0,"q":17.93,"p":50000.0,"mot":"L","mo":77.0}]},{"d":"11.09.2016","r":3350.0,"q":19.43,"p":22000.0,"s":[{"ui":"4103555","t":108363.0,"r":3350.0,"q":19.43,"p":22000.0,"mot":"L","mo":3350.0},{"cn":"","ui":"","t":0.0,"r":0.0,"q":0.0,"p":0.0,"mot":"L","mo":0.0}]},{"d":"12.09.2016","r":981.0,"q":19.43,"p":22000.0,"s":[{"ui":"4103555","t":107729.0,"r":981.0,"q":19.43,"p":22000.0,"mot":"L","mo":981.0},{"cn":"","ui":"","t":0.0,"r":0.0,"q":0.0,"p":0.0,"mot":"L","mo":0.0}]},{"d":"24.09.2016","r":1510.0,"q":19.43,"p":50000.0,"s":[{"ui":"3929806","t":1510.0,"r":1510.0,"q":19.43,"p":50000.0,"mot":"U","mo":1510.0},{"cn":"","ui":"","t":0.0,"r":0.0,"q":0.0,"p":0.0,"mot":"L","mo":0.0}]},{"d":"25.09.2016","r":1062.0,"q":19.43,"p":50000.0,"s":[{"ui":"3929806","t":1286.0,"r":1062.0,"q":19.43,"p":50000.0,"mot":"U","mo":1062.0},{"cn":"","ui":"","t":0.0,"r":0.0,"q":0.0,"p":0.0,"mot":"L","mo":0.0}]},{"d":"26.09.2016","r":20824.0,"q":19.4,"p":35116.6,"s":[{"ui":"4049324","t":9998.0,"r":9996.0,"q":19.43,"p":33000.0,"mot":"L","mo":9996.0},{"ui":"4103555","t":111294.0,"r":9432.0,"q":19.3,"p":22000.0,"mot":"L","mo":5000.0},{"ui":"3929806","t":6052.0,"r":5828.0,"q":19.43,"p":50000.0,"mot":"U","mo":5828.0},{"cn":"","ui":"","t":0.0,"r":0.0,"q":0.0,"p":0.0,"mot":"L","mo":0.0}]},{"d":"27.09.2016","r":30598.0,"q":19.38,"p":37093.99,"s":[{"ui":"4049324","t":14996.0,"r":14994.0,"q":19.39,"p":33000.0,"mot":"L","mo":14994.0},{"ui":"4103555","t":112882.0,"r":7024.0,"q":19.39,"p":22000.0,"mot":"L","mo":5000.0},{"ui":"3929806","t":10828.0,"r":10604.0,"q":19.37,"p":50000.0,"mot":"U","mo":10604.0},{"cn":"","ui":"","t":0.0,"r":0.0,"q":0.0,"p":0.0,"mot":"L","mo":0.0}]},{"d":"28.09.2016","r":40221.0,"q":19.39,"p":38482.14,"s":[{"ui":"4049324","t":19994.0,"r":19992.0,"q":19.39,"p":33000.0,"mot":"L","mo":19992.0},{"ui":"4103555","t":111308.0,"r":4407.0,"q":19.42,"p":22000.0,"mot":"L","mo":4407.0},{"ui":"3929806","t":15825.0,"r":15822.0,"q":19.38,"p":50000.0,"mot":"U","mo":15822.0},{"cn":"","ui":"","t":0.0,"r":0.0,"q":0.0,"p":0.0,"mot":"L","mo":0.0}]},{"d":"29.09.2016","r":47595.0,"q":19.39,"p":39563.44,"s":[{"ui":"4049324","t":24992.0,"r":24990.0,"q":19.39,"p":33000.0,"mot":"L","mo":23000.0},{"ui":"4103555","t":110675.0,"r":3776.0,"q":19.43,"p":22000.0,"mot":"L","mo":3776.0},{"ui":"3929806","t":20822.0,"r":20819.0,"q":19.39,"p":50000.0,"mot":"U","mo":20819.0},{"cn":"","ui":"","t":0.0,"r":0.0,"q":0.0,"p":0.0,"mot":"L","mo":0.0}]},{"d":"30.09.2016","r":48806.0,"q":19.39,"p":41992.17,"s":[{"ui":"4049324","t":26491.0,"r":22990.0,"q":19.4,"p":33000.0,"mot":"L","mo":22990.0},{"ui":"3929806","t":25819.0,"r":25816.0,"q":19.39,"p":50000.0,"mot":"U","mo":25816.0},{"cn":"","ui":"","t":0.0,"r":0.0,"q":0.0,"p":0.0,"mot":"L","mo":0.0}]},{"d":"01.10.2016","r":53788.0,"q":19.4,"p":42730.72,"s":[{"ui":"4049324","t":27472.0,"r":23453.0,"q":19.41,"p":33000.0,"mot":"L","mo":23000.0},{"ui":"3929806","t":30816.0,"r":30788.0,"q":19.4,"p":50000.0,"mot":"U","mo":30788.0},{"cn":"","ui":"","t":0.0,"r":0.0,"q":0.0,"p":0.0,"mot":"L","mo":0.0}]},{"d":"02.10.2016","r":35810.0,"q":19.4,"p":50000.0,"s":[{"ui":"3929806","t":35813.0,"r":35810.0,"q":19.4,"p":50000.0,"mot":"U","mo":35810.0},{"cn":"","ui":"","t":0.0,"r":0.0,"q":0.0,"p":0.0,"mot":"L","mo":0.0}]},{"d":"03.10.2016","r":62583.0,"q":19.41,"p":44120.26,"s":[{"ui":"4042057","t":23000.0,"r":23000.0,"q":19.41,"p":34000.0,"mot":"U","mo":23000.0},{"ui":"3929806","t":40184.0,"r":39555.0,"q":19.41,"p":50000.0,"mot":"U","mo":39555.0},{"cn":"","ui":"","t":37.0,"r":28.0,"q":19.41,"p":51000.0,"mot":"L","mo":28.0}]},{"d":"04.10.2016","r":66553.0,"q":19.41,"p":44808.39,"s":[{"ui":"4042057","t":22298.0,"r":21596.0,"q":19.41,"p":34000.0,"mot":"U","mo":21596.0},{"ui":"3929806","t":45061.0,"r":44938.0,"q":19.41,"p":50000.0,"mot":"U","mo":44938.0},{"cn":"","ui":"","t":28.0,"r":19.0,"q":19.41,"p":51000.0,"mot":"L","mo":19.0}]},{"d":"05.10.2016","r":76865.0,"q":19.4,"p":43515.83,"s":[{"ui":"4103555","t":117815.0,"r":22565.0,"q":19.44,"p":22000.0,"mot":"L","mo":5000.0},{"ui":"4042057","t":22108.0,"r":21918.0,"q":19.41,"p":34000.0,"mot":"U","mo":21918.0},{"ui":"3929806","t":49838.0,"r":49615.0,"q":19.41,"p":50000.0,"mot":"U","mo":49615.0},{"cn":"","ui":"","t":341.0,"r":332.0,"q":15.75,"p":26753.01,"mot":"L","mo":332.0}]},{"d":"07.10.2016","r":84317.0,"q":19.39,"p":44489.75,"s":[{"ui":"4042057","t":21141.0,"r":20288.0,"q":19.31,"p":34000.0,"mot":"U","mo":20288.0},{"ui":"4103555","t":119506.0,"r":10015.0,"q":19.44,"p":22000.0,"mot":"L","mo":5000.0},{"ui":"3929806","t":59332.0,"r":59029.0,"q":19.42,"p":50000.0,"mot":"U","mo":59029.0},{"cn":"","ui":"","t":0.0,"r":0.0,"q":0.0,"p":0.0,"mot":"L","mo":0.0}]},{"d":"08.10.2016","r":83965.0,"q":19.4,"p":45428.76,"s":[{"ui":"4103555","t":119007.0,"r":12227.0,"q":19.44,"p":22000.0,"mot":"L","mo":5000.0},{"ui":"4042057","t":18190.0,"r":15239.0,"q":19.31,"p":34000.0,"mot":"U","mo":15239.0},{"ui":"3929806","t":64029.0,"r":63726.0,"q":19.42,"p":50000.0,"mot":"U","mo":63726.0},{"cn":"","ui":"","t":0.0,"r":0.0,"q":0.0,"p":0.0,"mot":"L","mo":0.0}]},{"d":"09.10.2016","r":80255.0,"q":19.4,"p":47641.12,"s":[{"ui":"4042057","t":15011.0,"r":11832.0,"q":19.31,"p":34000.0,"mot":"U","mo":11832.0},{"ui":"3929806","t":68726.0,"r":68423.0,"q":19.42,"p":50000.0,"mot":"U","mo":68423.0},{"cn":"","ui":"","t":0.0,"r":0.0,"q":0.0,"p":0.0,"mot":"L","mo":0.0}]},{"d":"10.10.2016","r":85531.0,"q":19.41,"p":47023.58,"s":[{"ui":"4042057","t":11086.0,"r":7161.0,"q":19.31,"p":34000.0,"mot":"U","mo":7161.0},{"ui":"4103555","t":113258.0,"r":7895.0,"q":19.44,"p":22000.0,"mot":"L","mo":5000.0},{"ui":"3929806","t":73423.0,"r":73370.0,"q":19.42,"p":50000.0,"mot":"U","mo":73370.0},{"cn":"","ui":"","t":0.0,"r":0.0,"q":0.0,"p":0.0,"mot":"L","mo":0.0}]},{"d":"11.10.2016","r":94381.0,"q":19.41,"p":46641.02,"s":[{"ui":"4103555","t":117002.0,"r":14737.0,"q":19.44,"p":22000.0,"mot":"L","mo":5000.0},{"ui":"4042057","t":11075.0,"r":11064.0,"q":19.31,"p":34000.0,"mot":"U","mo":11064.0},{"ui":"3929806","t":78370.0,"r":78317.0,"q":19.42,"p":50000.0,"mot":"U","mo":78317.0},{"cn":"","ui":"","t":0.0,"r":0.0,"q":0.0,"p":0.0,"mot":"L","mo":0.0}]},{"d":"12.10.2016","r":85957.0,"q":19.42,"p":49516.97,"s":[{"ui":"3929806","t":83366.0,"r":83362.0,"q":19.42,"p":50000.0,"mot":"U","mo":83362.0},{"cn":"","ui":"","t":6835.0,"r":2595.0,"q":19.31,"p":34000.0,"mot":"L","mo":2595.0}]},{"d":"13.10.2016","r":90019.0,"q":19.43,"p":49704.77,"s":[{"ui":"3929806","t":88362.0,"r":88358.0,"q":19.43,"p":50000.0,"mot":"U","mo":88358.0},{"cn":"","ui":"","t":4248.0,"r":1661.0,"q":19.31,"p":34000.0,"mot":"L","mo":1661.0}]},{"d":"14.10.2016","r":85138.0,"q":19.43,"p":50000.0,"s":[{"ui":"3929806","t":89250.0,"r":85138.0,"q":19.43,"p":50000.0,"mot":"U","mo":85138.0},{"cn":"","ui":"","t":0.0,"r":0.0,"q":0.0,"p":0.0,"mot":"L","mo":0.0}]},{"d":"15.10.2016","r":88707.0,"q":19.43,"p":48887.35,"s":[{"ui":"3929806","t":89716.0,"r":85182.0,"q":19.43,"p":50000.0,"mot":"U","mo":85182.0},{"cn":"","ui":"","t":108255.0,"r":3525.0,"q":19.44,"p":22000.0,"mot":"L","mo":3525.0}]},{"d":"16.10.2016","r":83458.0,"q":19.43,"p":48322.51,"s":[{"ui":"4103555","t":116358.0,"r":18103.0,"q":19.44,"p":22000.0,"mot":"L","mo":5000.0},{"ui":"3929806","t":86587.0,"r":78458.0,"q":19.43,"p":50000.0,"mot":"U","mo":78458.0},{"cn":"","ui":"","t":0.0,"r":0.0,"q":0.0,"p":0.0,"mot":"L","mo":0.0}]},{"d":"17.10.2016","r":89949.0,"q":19.43,"p":48443.56,"s":[{"ui":"4103555","t":128914.0,"r":35200.0,"q":19.44,"p":22000.0,"mot":"L","mo":5000.0},{"ui":"3929806","t":88268.0,"r":84949.0,"q":19.43,"p":50000.0,"mot":"U","mo":84949.0},{"cn":"","ui":"","t":0.0,"r":0.0,"q":0.0,"p":0.0,"mot":"L","mo":0.0}]},{"d":"18.10.2016","r":91882.0,"q":19.43,"p":48476.31,"s":[{"ui":"4103555","t":148093.0,"r":61075.0,"q":19.44,"p":22000.0,"mot":"L","mo":5000.0},{"ui":"3929806","t":90075.0,"r":86882.0,"q":19.43,"p":50000.0,"mot":"U","mo":86882.0},{"cn":"","ui":"","t":0.0,"r":0.0,"q":0.0,"p":0.0,"mot":"L","mo":0.0}]},{"d":"19.10.2016","r":96353.0,"q":19.43,"p":48547.01,"s":[{"ui":"4103555","t":160032.0,"r":65863.0,"q":19.44,"p":22000.0,"mot":"L","mo":5000.0},{"ui":"3929806","t":93214.0,"r":91353.0,"q":19.43,"p":50000.0,"mot":"U","mo":91353.0},{"cn":"","ui":"","t":0.0,"r":0.0,"q":0.0,"p":0.0,"mot":"L","mo":0.0}]},{"d":"20.10.2016","r":91574.0,"q":19.43,"p":48471.18,"s":[{"ui":"4103555","t":175549.0,"r":85048.0,"q":19.44,"p":22000.0,"mot":"L","mo":5000.0},{"ui":"3929806","t":92394.0,"r":86574.0,"q":19.43,"p":50000.0,"mot":"U","mo":86574.0},{"cn":"","ui":"","t":0.0,"r":0.0,"q":0.0,"p":0.0,"mot":"L","mo":0.0}]},{"d":"21.10.2016","r":95440.0,"q":19.43,"p":48533.11,"s":[{"ui":"4103555","t":185367.0,"r":88577.0,"q":19.44,"p":22000.0,"mot":"L","mo":5000.0},{"ui":"3929806","t":93917.0,"r":90440.0,"q":19.43,"p":50000.0,"mot":"U","mo":90440.0},{"cn":"","ui":"","t":0.0,"r":0.0,"q":0.0,"p":0.0,"mot":"L","mo":0.0}]},{"d":"22.10.2016","r":96636.0,"q":19.43,"p":48551.26,"s":[{"ui":"4103555","t":194601.0,"r":77393.0,"q":19.44,"p":22000.0,"mot":"L","mo":5000.0},{"ui":"3929806","t":98810.0,"r":91636.0,"q":19.43,"p":50000.0,"mot":"U","mo":91636.0},{"cn":"","ui":"","t":0.0,"r":0.0,"q":0.0,"p":0.0,"mot":"L","mo":0.0}]},{"d":"23.10.2016","r":92213.0,"q":19.43,"p":48481.78,"s":[{"ui":"4103555","t":172607.0,"r":55094.0,"q":19.44,"p":22000.0,"mot":"L","mo":5000.0},{"ui":"3929806","t":94412.0,"r":87213.0,"q":19.43,"p":50000.0,"mot":"U","mo":87213.0},{"cn":"","ui":"","t":0.0,"r":0.0,"q":0.0,"p":0.0,"mot":"L","mo":0.0}]},{"d":"24.10.2016","r":104146.0,"q":19.43,"p":48655.73,"s":[{"ui":"3929806","t":99279.0,"r":99146.0,"q":19.43,"p":50000.0,"mot":"U","mo":99146.0},{"cn":"","ui":"","t":171033.0,"r":5000.0,"q":19.45,"p":22000.0,"mot":"L","mo":5000.0}]},{"d":"25.10.2016","r":109013.0,"q":19.44,"p":48715.75,"s":[{"ui":"3929806","t":104146.0,"r":104013.0,"q":19.44,"p":50000.0,"mot":"U","mo":104013.0},{"cn":"","ui":"","t":169068.0,"r":5000.0,"q":19.45,"p":22000.0,"mot":"L","mo":5000.0}]},{"d":"26.10.2016","r":113905.0,"q":19.44,"p":48770.91,"s":[{"ui":"3929806","t":109038.0,"r":108905.0,"q":19.44,"p":50000.0,"mot":"U","mo":108905.0},{"cn":"","ui":"","t":149582.0,"r":5000.0,"q":19.45,"p":22000.0,"mot":"L","mo":5000.0}]},{"d":"27.10.2016","r":105349.0,"q":19.44,"p":50000.0,"s":[{"ui":"3929806","t":109704.0,"r":105349.0,"q":19.44,"p":50000.0,"mot":"U","mo":105349.0},{"cn":"","ui":"","t":0.0,"r":0.0,"q":0.0,"p":0.0,"mot":"L","mo":0.0}]},{"d":"28.10.2016","r":103660.0,"q":19.44,"p":50000.0,"s":[{"ui":"3929806","t":109183.0,"r":103660.0,"q":19.44,"p":50000.0,"mot":"U","mo":103660.0},{"cn":"","ui":"","t":0.0,"r":0.0,"q":0.0,"p":0.0,"mot":"L","mo":0.0}]},{"d":"29.10.2016","r":102995.0,"q":19.44,"p":50000.0,"s":[{"ui":"3929806","t":108589.0,"r":102995.0,"q":19.44,"p":50000.0,"mot":"U","mo":102995.0},{"cn":"","ui":"","t":0.0,"r":0.0,"q":0.0,"p":0.0,"mot":"L","mo":0.0}]},{"d":"30.10.2016","r":94805.0,"q":19.44,"p":50000.0,"s":[{"ui":"3929806","t":104197.0,"r":94805.0,"q":19.44,"p":50000.0,"mot":"U","mo":94805.0},{"cn":"","ui":"","t":0.0,"r":0.0,"q":0.0,"p":0.0,"mot":"L","mo":0.0}]},{"d":"31.10.2016","r":56661.0,"q":19.44,"p":50000.0,"s":[{"ui":"3929806","t":82929.0,"r":56661.0,"q":19.44,"p":50000.0,"mot":"U","mo":56661.0},{"cn":"","ui":"","t":0.0,"r":0.0,"q":0.0,"p":0.0,"mot":"L","mo":0.0}]},{"d":"01.11.2016","r":181.0,"q":19.44,"p":49703.87,"s":[{"ui":"3929806","t":44054.0,"r":179.0,"q":19.44,"p":50000.0,"mot":"U","mo":179.0},{"cn":"","ui":"","t":2.0,"r":2.0,"q":19.45,"p":23200.0,"mot":"L","mo":2.0}]},{"d":"30.11.2016","r":1104.0,"q":21.5,"p":75000.0,"s":[{"ui":"4049324","t":1105.0,"r":1104.0,"q":21.5,"p":75000.0,"mot":"L","mo":1104.0},{"cn":"","ui":"","t":0.0,"r":0.0,"q":0.0,"p":0.0,"mot":"L","mo":0.0}]},{"d":"02.12.2016","r":1112.0,"q":21.7,"p":74618.71,"s":[{"ui":"4049324","t":1105.0,"r":1104.0,"q":21.7,"p":75000.0,"mot":"L","mo":1104.0},{"cn":"","ui":"","t":121017.0,"r":8.0,"q":21.75,"p":22000.0,"mot":"L","mo":8.0}]},{"d":"03.12.2016","r":2208.0,"q":21.72,"p":75000.0,"s":[{"ui":"4049324","t":2209.0,"r":2208.0,"q":21.72,"p":75000.0,"mot":"L","mo":2208.0},{"cn":"","ui":"","t":0.0,"r":0.0,"q":0.0,"p":0.0,"mot":"L","mo":0.0}]},{"d":"04.12.2016","r":2924.0,"q":21.76,"p":50000.0,"s":[{"ui":"3929806","t":6462.0,"r":2924.0,"q":21.76,"p":50000.0,"mot":"U","mo":2924.0},{"cn":"","ui":"","t":0.0,"r":0.0,"q":0.0,"p":0.0,"mot":"L","mo":0.0}]},{"d":"05.12.2016","r":246.0,"q":21.78,"p":50022.98,"s":[{"ui":"4049324","t":1351.0,"r":246.0,"q":21.78,"p":50022.98,"mot":"L","mo":246.0},{"cn":"","ui":"","t":0.0,"r":0.0,"q":0.0,"p":0.0,"mot":"L","mo":0.0}]},{"d":"08.12.2016","r":6524.0,"q":21.78,"p":41919.68,"s":[{"ui":"4049324","t":2453.0,"r":2452.0,"q":21.78,"p":75000.0,"mot":"L","mo":2452.0},{"ui":"4103555","t":123247.0,"r":4072.0,"q":21.78,"p":22000.0,"mot":"L","mo":4072.0},{"cn":"","ui":"","t":0.0,"r":0.0,"q":0.0,"p":0.0,"mot":"L","mo":0.0}]},{"d":"09.12.2016","r":7112.0,"q":21.79,"p":40265.33,"s":[{"ui":"4049324","t":2452.0,"r":2451.0,"q":21.78,"p":75000.0,"mot":"L","mo":2451.0},{"ui":"4103555","t":124550.0,"r":4661.0,"q":21.79,"p":22000.0,"mot":"L","mo":4661.0},{"cn":"","ui":"","t":0.0,"r":0.0,"q":0.0,"p":0.0,"mot":"L","mo":0.0}]},{"d":"10.12.2016","r":2450.0,"q":21.78,"p":75000.0,"s":[{"ui":"4049324","t":2451.0,"r":2450.0,"q":21.78,"p":75000.0,"mot":"L","mo":2450.0},{"cn":"","ui":"","t":0.0,"r":0.0,"q":0.0,"p":0.0,"mot":"L","mo":0.0}]},{"d":"11.12.2016","r":2449.0,"q":21.78,"p":75000.0,"s":[{"ui":"4049324","t":2450.0,"r":2449.0,"q":21.78,"p":75000.0,"mot":"L","mo":2449.0},{"cn":"","ui":"","t":0.0,"r":0.0,"q":0.0,"p":0.0,"mot":"L","mo":0.0}]},{"d":"12.12.2016","r":2448.0,"q":21.78,"p":75000.0,"s":[{"ui":"4049324","t":2449.0,"r":2448.0,"q":21.78,"p":75000.0,"mot":"L","mo":2448.0},{"cn":"","ui":"","t":0.0,"r":0.0,"q":0.0,"p":0.0,"mot":"L","mo":0.0}]},{"d":"13.12.2016","r":2476.0,"q":21.78,"p":74379.24,"s":[{"ui":"4049324","t":2448.0,"r":2447.0,"q":21.78,"p":75000.0,"mot":"L","mo":2447.0},{"cn":"","ui":"","t":120876.0,"r":29.0,"q":21.8,"p":22000.0,"mot":"L","mo":29.0}]},{"d":"14.12.2016","r":2226.0,"q":21.78,"p":75000.0,"s":[{"ui":"4049324","t":2337.0,"r":2226.0,"q":21.78,"p":75000.0,"mot":"L","mo":2226.0},{"cn":"","ui":"","t":0.0,"r":0.0,"q":0.0,"p":0.0,"mot":"L","mo":0.0}]},{"d":"15.12.2016","r":1105.0,"q":21.78,"p":75000.0,"s":[{"ui":"4049324","t":1221.0,"r":1105.0,"q":21.78,"p":75000.0,"mot":"L","mo":1105.0},{"cn":"","ui":"","t":0.0,"r":0.0,"q":0.0,"p":0.0,"mot":"L","mo":0.0}]},{"d":"16.12.2016","r":989.0,"q":21.78,"p":75000.0,"s":[{"ui":"4049324","t":1105.0,"r":989.0,"q":21.78,"p":75000.0,"mot":"L","mo":989.0},{"cn":"","ui":"","t":0.0,"r":0.0,"q":0.0,"p":0.0,"mot":"L","mo":0.0}]},{"d":"17.12.2016","r":683.0,"q":21.78,"p":75000.0,"s":[{"ui":"4049324","t":894.0,"r":683.0,"q":21.78,"p":75000.0,"mot":"L","mo":683.0},{"cn":"","ui":"","t":0.0,"r":0.0,"q":0.0,"p":0.0,"mot":"L","mo":0.0}]},{"d":"21.12.2016","r":1665.0,"q":21.8,"p":22000.0,"s":[{"ui":"4103555","t":122257.0,"r":1665.0,"q":21.8,"p":22000.0,"mot":"L","mo":1665.0},{"cn":"","ui":"","t":0.0,"r":0.0,"q":0.0,"p":0.0,"mot":"L","mo":0.0}]},{"d":"23.12.2016","r":5000.0,"q":21.8,"p":22000.0,"s":[{"ui":"4103555","t":124854.0,"r":7253.0,"q":21.8,"p":22000.0,"mot":"L","mo":5000.0},{"cn":"","ui":"","t":0.0,"r":0.0,"q":0.0,"p":0.0,"mot":"L","mo":0.0}]},{"d":"24.12.2016","r":398.0,"q":21.8,"p":22000.0,"s":[{"ui":"4103555","t":123176.0,"r":398.0,"q":21.8,"p":22000.0,"mot":"L","mo":398.0},{"cn":"","ui":"","t":0.0,"r":0.0,"q":0.0,"p":0.0,"mot":"L","mo":0.0}]},{"d":"30.12.2016","r":110.0,"q":21.8,"p":75000.0,"s":[{"ui":"4049324","t":222.0,"r":110.0,"q":21.8,"p":75000.0,"mot":"L","mo":110.0},{"cn":"","ui":"","t":0.0,"r":0.0,"q":0.0,"p":0.0,"mot":"L","mo":0.0}]},{"d":"31.12.2016","r":220.0,"q":21.8,"p":75000.0,"s":[{"ui":"4049324","t":332.0,"r":220.0,"q":21.8,"p":75000.0,"mot":"L","mo":220.0},{"cn":"","ui":"","t":0.0,"r":0.0,"q":0.0,"p":0.0,"mot":"L","mo":0.0}]},{"d":"01.01.2017","r":330.0,"q":21.8,"p":75000.0,"s":[{"ui":"4049324","t":442.0,"r":330.0,"q":21.8,"p":75000.0,"mot":"L","mo":330.0},{"cn":"","ui":"","t":0.0,"r":0.0,"q":0.0,"p":0.0,"mot":"L","mo":0.0}]},{"d":"02.01.2017","r":440.0,"q":21.8,"p":75000.0,"s":[{"ui":"4049324","t":552.0,"r":440.0,"q":21.8,"p":75000.0,"mot":"L","mo":440.0},{"cn":"","ui":"","t":0.0,"r":0.0,"q":0.0,"p":0.0,"mot":"L","mo":0.0}]},{"d":"03.01.2017","r":364.0,"q":21.8,"p":75000.0,"s":[{"ui":"4049324","t":569.0,"r":364.0,"q":21.8,"p":75000.0,"mot":"L","mo":364.0},{"cn":"","ui":"","t":0.0,"r":0.0,"q":0.0,"p":0.0,"mot":"L","mo":0.0}]},{"d":"04.01.2017","r":467.0,"q":21.8,"p":75000.0,"s":[{"ui":"4049324","t":629.0,"r":467.0,"q":21.8,"p":75000.0,"mot":"L","mo":467.0},{"cn":"","ui":"","t":0.0,"r":0.0,"q":0.0,"p":0.0,"mot":"L","mo":0.0}]},{"d":"05.01.2017","r":409.0,"q":18.45,"p":62775.06,"s":[{"ui":"4049324","t":469.0,"r":309.0,"q":21.8,"p":75000.0,"mot":"L","mo":309.0},{"ui":"4373535","t":100.0,"r":100.0,"q":8.1,"p":25000.0,"mot":"L","mo":100.0},{"cn":"","ui":"","t":0.0,"r":0.0,"q":0.0,"p":0.0,"mot":"L","mo":0.0}]},{"d":"07.01.2017","r":5000.0,"q":21.8,"p":22500.0,"s":[{"ui":"4103555","t":126376.0,"r":9923.0,"q":21.8,"p":22500.0,"mot":"L","mo":5000.0},{"cn":"","ui":"","t":0.0,"r":0.0,"q":0.0,"p":0.0,"mot":"L","mo":0.0}]},{"d":"08.01.2017","r":5012.0,"q":21.66,"p":22625.7,"s":[{"ui":"4103555","t":127627.0,"r":7579.0,"q":21.66,"p":22500.0,"mot":"L","mo":5000.0},{"cn":"","ui":"","t":24.0,"r":12.0,"q":21.8,"p":75000.0,"mot":"L","mo":12.0}]},{"d":"10.01.2017","r":5000.0,"q":21.6,"p":22500.0,"s":[{"ui":"4103555","t":124146.0,"r":5946.0,"q":21.6,"p":22500.0,"mot":"L","mo":5000.0},{"cn":"","ui":"","t":0.0,"r":0.0,"q":0.0,"p":0.0,"mot":"L","mo":0.0}]},{"d":"11.01.2017","r":76.0,"q":21.61,"p":75000.0,"s":[{"ui":"4049324","t":88.0,"r":76.0,"q":21.61,"p":75000.0,"mot":"L","mo":76.0},{"cn":"","ui":"","t":0.0,"r":0.0,"q":0.0,"p":0.0,"mot":"L","mo":0.0}]},{"d":"16.01.2017","r":637.0,"q":21.79,"p":28763.74,"s":[{"ui":"4049324","t":88.0,"r":76.0,"q":21.79,"p":75000.0,"mot":"L","mo":76.0},{"ui":"4103555","t":121551.0,"r":561.0,"q":21.79,"p":22500.0,"mot":"L","mo":561.0},{"cn":"","ui":"","t":0.0,"r":0.0,"q":0.0,"p":0.0,"mot":"L","mo":0.0}]},{"d":"21.01.2017","r":170.0,"q":21.82,"p":22500.0,"s":[{"ui":"4103555","t":121453.0,"r":170.0,"q":21.82,"p":22500.0,"mot":"L","mo":170.0},{"cn":"","ui":"","t":0.0,"r":0.0,"q":0.0,"p":0.0,"mot":"L","mo":0.0}]},{"d":"23.01.2017","r":4423.0,"q":21.83,"p":22500.0,"s":[{"ui":"4103555","t":123549.0,"r":4423.0,"q":21.83,"p":22500.0,"mot":"L","mo":4423.0},{"cn":"","ui":"","t":0.0,"r":0.0,"q":0.0,"p":0.0,"mot":"L","mo":0.0}]},{"d":"24.01.2017","r":5076.0,"q":21.84,"p":23286.05,"s":[{"ui":"4103555","t":128332.0,"r":11893.0,"q":21.84,"p":22500.0,"mot":"L","mo":5000.0},{"cn":"","ui":"","t":88.0,"r":76.0,"q":21.83,"p":75000.0,"mot":"L","mo":76.0}]},{"d":"28.01.2017","r":76.0,"q":21.84,"p":75000.0,"s":[{"ui":"4049324","t":88.0,"r":76.0,"q":21.84,"p":75000.0,"mot":"L","mo":76.0},{"cn":"","ui":"","t":0.0,"r":0.0,"q":0.0,"p":0.0,"mot":"L","mo":0.0}]},{"d":"30.01.2017","r":50.0,"q":21.84,"p":75000.0,"s":[{"ui":"4049324","t":100.0,"r":50.0,"q":21.84,"p":75000.0,"mot":"L","mo":50.0},{"cn":"","ui":"","t":0.0,"r":0.0,"q":0.0,"p":0.0,"mot":"L","mo":0.0}]},{"d":"31.01.2017","r":50.0,"q":21.84,"p":34050.0,"s":[{"ui":"4049324","t":200.0,"r":11.0,"q":21.84,"p":75000.0,"mot":"L","mo":11.0},{"ui":"4103555","t":121357.0,"r":39.0,"q":21.84,"p":22500.0,"mot":"L","mo":39.0},{"cn":"","ui":"","t":0.0,"r":0.0,"q":0.0,"p":0.0,"mot":"L","mo":0.0}]},{"d":"01.02.2017","r":78.0,"q":21.84,"p":75000.0,"s":[{"ui":"4049324","t":367.0,"r":78.0,"q":21.84,"p":75000.0,"mot":"L","mo":78.0},{"cn":"","ui":"","t":0.0,"r":0.0,"q":0.0,"p":0.0,"mot":"L","mo":0.0}]},{"d":"02.02.2017","r":3418.0,"q":21.84,"p":23500.0,"s":[{"ui":"4103555","t":122882.0,"r":3418.0,"q":21.84,"p":23500.0,"mot":"L","mo":3418.0},{"cn":"","ui":"","t":0.0,"r":0.0,"q":0.0,"p":0.0,"mot":"L","mo":0.0}]},{"d":"03.02.2017","r":3508.0,"q":22.62,"p":23500.0,"s":[{"ui":"4103555","t":125493.0,"r":3508.0,"q":22.62,"p":23500.0,"mot":"L","mo":3508.0},{"cn":"","ui":"","t":0.0,"r":0.0,"q":0.0,"p":0.0,"mot":"L","mo":0.0}]},{"d":"04.02.2017","r":332.0,"q":22.38,"p":75000.0,"s":[{"ui":"4049324","t":533.0,"r":332.0,"q":22.38,"p":75000.0,"mot":"L","mo":332.0},{"cn":"","ui":"","t":0.0,"r":0.0,"q":0.0,"p":0.0,"mot":"L","mo":0.0}]},{"d":"05.02.2017","r":5000.0,"q":22.86,"p":23500.0,"s":[{"ui":"4103555","t":132612.0,"r":5751.0,"q":22.86,"p":23500.0,"mot":"L","mo":5000.0},{"cn":"","ui":"","t":0.0,"r":0.0,"q":0.0,"p":0.0,"mot":"L","mo":0.0}]},{"d":"13.02.2017","r":533.0,"q":22.92,"p":75000.0,"s":[{"ui":"4049324","t":1066.0,"r":533.0,"q":22.92,"p":75000.0,"mot":"L","mo":533.0},{"cn":"","ui":"","t":0.0,"r":0.0,"q":0.0,"p":0.0,"mot":"L","mo":0.0}]},{"d":"15.02.2017","r":1588.0,"q":22.92,"p":75000.0,"s":[{"ui":"4049324","t":2393.0,"r":1588.0,"q":22.92,"p":75000.0,"mot":"L","mo":1588.0},{"cn":"","ui":"","t":0.0,"r":0.0,"q":0.0,"p":0.0,"mot":"L","mo":0.0}]},{"d":"16.02.2017","r":103.0,"q":22.92,"p":75000.0,"s":[{"ui":"4049324","t":1781.0,"r":103.0,"q":22.92,"p":75000.0,"mot":"L","mo":103.0},{"cn":"","ui":"","t":0.0,"r":0.0,"q":0.0,"p":0.0,"mot":"L","mo":0.0}]},{"d":"17.02.2017","r":100.0,"q":8.1,"p":50000.0,"s":[{"ui":"4423925","t":100.0,"r":100.0,"q":8.1,"p":50000.0,"mot":"U","mo":100.0},{"cn":"","ui":"","t":0.0,"r":0.0,"q":0.0,"p":0.0,"mot":"L","mo":0.0}]},{"d":"20.02.2017","r":1066.0,"q":22.92,"p":75000.0,"s":[{"ui":"4049324","t":2132.0,"r":1066.0,"q":22.92,"p":75000.0,"mot":"L","mo":1066.0},{"cn":"","ui":"","t":0.0,"r":0.0,"q":0.0,"p":0.0,"mot":"L","mo":0.0}]},{"d":"23.02.2017","r":1763.0,"q":22.92,"p":75000.0,"s":[{"ui":"4049324","t":5000.0,"r":1763.0,"q":22.92,"p":75000.0,"mot":"L","mo":1763.0},{"cn":"","ui":"","t":0.0,"r":0.0,"q":0.0,"p":0.0,"mot":"L","mo":0.0}]},{"d":"10.03.2017","r":3754.0,"q":22.92,"p":75000.0,"s":[{"cn":"Jaja Mary International","ui":"4049324","t":6877.0,"r":3754.0,"q":22.92,"p":75000.0,"mot":"L","mo":3754.0},{"cn":"","ui":"","t":0.0,"r":0.0,"q":0.0,"p":0.0,"mot":"L","mo":0.0}]},{"d":"13.03.2017","r":14980.0,"q":22.97,"p":57803.5,"s":[{"cn":"Jaja Mary International","ui":"4049324","t":9989.0,"r":9978.0,"q":22.96,"p":75000.0,"mot":"L","mo":9978.0},{"cn":"Global Industries","ui":"4103555","t":140219.0,"r":44294.0,"q":22.98,"p":23500.0,"mot":"L","mo":5000.0},{"cn":"","ui":"","t":2.0,"r":2.0,"q":22.96,"p":23200.0,"mot":"L","mo":2.0}]},{"d":"14.03.2017","r":19967.0,"q":22.98,"p":62103.72,"s":[{"cn":"Jaja Mary International","ui":"4049324","t":14978.0,"r":14967.0,"q":22.97,"p":75000.0,"mot":"L","mo":14967.0},{"cn":"Global Industries","ui":"4103555","t":148520.0,"r":38365.0,"q":22.99,"p":23500.0,"mot":"L","mo":5000.0},{"cn":"","ui":"","t":0.0,"r":0.0,"q":0.0,"p":0.0,"mot":"L","mo":0.0}]},{"d":"15.03.2017","r":24956.0,"q":22.98,"p":64681.84,"s":[{"cn":"Jaja Mary International","ui":"4049324","t":19967.0,"r":19956.0,"q":22.97,"p":75000.0,"mot":"L","mo":19956.0},{"cn":"Global Industries","ui":"4103555","t":163811.0,"r":60822.0,"q":23.0,"p":23500.0,"mot":"L","mo":5000.0},{"cn":"","ui":"","t":0.0,"r":0.0,"q":0.0,"p":0.0,"mot":"L","mo":0.0}]},{"d":"16.03.2017","r":28000.0,"q":22.99,"p":65803.57,"s":[{"cn":"Jaja Mary International","ui":"4049324","t":24956.0,"r":24945.0,"q":22.98,"p":75000.0,"mot":"L","mo":23000.0},{"cn":"Global Industries","ui":"4103555","t":178935.0,"r":75955.0,"q":23.01,"p":23500.0,"mot":"L","mo":5000.0},{"cn":"","ui":"","t":0.0,"r":0.0,"q":0.0,"p":0.0,"mot":"L","mo":0.0}]},{"d":"17.03.2017","r":28000.0,"q":22.99,"p":65803.57,"s":[{"cn":"Jaja Mary International","ui":"4049324","t":29945.0,"r":29934.0,"q":22.98,"p":75000.0,"mot":"L","mo":23000.0},{"cn":"Global Industries","ui":"4103555","t":186347.0,"r":75895.0,"q":23.01,"p":23500.0,"mot":"L","mo":5000.0},{"cn":"","ui":"","t":0.0,"r":0.0,"q":0.0,"p":0.0,"mot":"L","mo":0.0}]},{"d":"18.03.2017","r":28000.0,"q":22.99,"p":65803.57,"s":[{"cn":"Jaja Mary International","ui":"4049324","t":34934.0,"r":34923.0,"q":22.99,"p":75000.0,"mot":"L","mo":23000.0},{"cn":"Global Industries","ui":"4103555","t":200654.0,"r":96313.0,"q":23.01,"p":23500.0,"mot":"L","mo":5000.0},{"cn":"","ui":"","t":0.0,"r":0.0,"q":0.0,"p":0.0,"mot":"L","mo":0.0}]},{"d":"20.03.2017","r":28000.0,"q":23.0,"p":65892.86,"s":[{"cn":"Jaja Mary International","ui":"4049324","t":44912.0,"r":44901.0,"q":22.99,"p":75000.0,"mot":"L","mo":23000.0},{"cn":"Global Industries","ui":"4103555","t":210493.0,"r":91734.0,"q":23.02,"p":24000.0,"mot":"L","mo":5000.0},{"cn":"","ui":"","t":0.0,"r":0.0,"q":0.0,"p":0.0,"mot":"L","mo":0.0}]},{"d":"21.03.2017","r":28000.0,"q":23.11,"p":65892.86,"s":[{"cn":"Jaja Mary International","ui":"4049324","t":49901.0,"r":49890.0,"q":23.0,"p":75000.0,"mot":"L","mo":23000.0},{"cn":"Global Industries","ui":"4103555","t":227393.0,"r":118308.0,"q":23.6,"p":24000.0,"mot":"L","mo":5000.0},{"cn":"","ui":"","t":0.0,"r":0.0,"q":0.0,"p":0.0,"mot":"L","mo":0.0}]},{"d":"22.03.2017","r":28000.0,"q":23.19,"p":65892.86,"s":[{"cn":"Jaja Mary International","ui":"4049324","t":54890.0,"r":54879.0,"q":23.05,"p":75000.0,"mot":"L","mo":23000.0},{"cn":"Global Industries","ui":"4103555","t":236790.0,"r":120382.0,"q":23.85,"p":24000.0,"mot":"L","mo":5000.0},{"cn":"","ui":"","t":0.0,"r":0.0,"q":0.0,"p":0.0,"mot":"L","mo":0.0}]},{"d":"23.03.2017","r":28000.0,"q":23.27,"p":65892.86,"s":[{"cn":"Jaja Mary International","ui":"4049324","t":59879.0,"r":59868.0,"q":23.12,"p":75000.0,"mot":"L","mo":23000.0},{"cn":"Global Industries","ui":"4103555","t":247376.0,"r":132337.0,"q":23.96,"p":24000.0,"mot":"L","mo":5000.0},{"cn":"","ui":"","t":0.0,"r":0.0,"q":0.0,"p":0.0,"mot":"L","mo":0.0}]},{"d":"24.03.2017","r":28000.0,"q":23.33,"p":65892.86,"s":[{"cn":"Jaja Mary International","ui":"4049324","t":64868.0,"r":64857.0,"q":23.18,"p":75000.0,"mot":"L","mo":23000.0},{"cn":"Global Industries","ui":"4103555","t":253058.0,"r":133280.0,"q":24.02,"p":24000.0,"mot":"L","mo":5000.0},{"cn":"","ui":"","t":0.0,"r":0.0,"q":0.0,"p":0.0,"mot":"L","mo":0.0}]},{"d":"25.03.2017","r":1072721.0,"q":20.61,"p":45545.34,"s":[{"cn":"warriorvidit Corporation","ui":"4233417","t":1044721.0,"r":1044721.0,"q":20.54,"p":45000.0,"mot":"U","mo":1044721.0},{"cn":"","ui":"","t":330241.0,"r":28000.0,"q":23.38,"p":65892.86,"mot":"L","mo":28000.0}]},{"d":"26.03.2017","r":1077721.0,"q":20.63,"p":45542.81,"s":[{"cn":"warriorvidit Corporation","ui":"4233417","t":1049721.0,"r":1049721.0,"q":20.56,"p":45000.0,"mot":"U","mo":1049721.0},{"cn":"","ui":"","t":338026.0,"r":28000.0,"q":23.44,"p":65892.86,"mot":"L","mo":28000.0}]},{"d":"27.03.2017","r":1082721.0,"q":20.65,"p":45540.31,"s":[{"cn":"warriorvidit Corporation","ui":"4233417","t":1054721.0,"r":1054721.0,"q":20.58,"p":45000.0,"mot":"U","mo":1054721.0},{"cn":"","ui":"","t":348450.0,"r":28000.0,"q":23.47,"p":65892.86,"mot":"L","mo":28000.0}]},{"d":"28.03.2017","r":1047721.0,"q":20.67,"p":45032.27,"s":[{"cn":"warriorvidit Corporation","ui":"4233417","t":1039721.0,"r":1019721.0,"q":20.59,"p":45000.0,"mot":"U","mo":1019721.0},{"cn":"","ui":"","t":359028.0,"r":28000.0,"q":23.47,"p":46207.31,"mot":"L","mo":28000.0}]},{"d":"29.03.2017","r":1032721.0,"q":20.69,"p":45032.73,"s":[{"cn":"warriorvidit Corporation","ui":"4233417","t":1024721.0,"r":1004721.0,"q":20.61,"p":45000.0,"mot":"U","mo":1004721.0},{"cn":"","ui":"","t":358535.0,"r":28000.0,"q":23.47,"p":46207.31,"mot":"L","mo":28000.0}]},{"d":"31.03.2017","r":927721.0,"q":20.74,"p":45034.6,"s":[{"cn":"warriorvidit Corporation","ui":"4233417","t":944721.0,"r":899721.0,"q":20.65,"p":45000.0,"mot":"U","mo":899721.0},{"cn":"","ui":"","t":332100.0,"r":28000.0,"q":23.47,"p":46146.29,"mot":"L","mo":28000.0}]},{"d":"01.04.2017","r":887721.0,"q":20.75,"p":45036.16,"s":[{"cn":"warriorvidit Corporation","ui":"4233417","t":904721.0,"r":859721.0,"q":20.66,"p":45000.0,"mot":"U","mo":859721.0},{"cn":"","ui":"","t":300078.0,"r":28000.0,"q":23.47,"p":46146.29,"mot":"L","mo":28000.0}]},{"d":"02.04.2017","r":847721.0,"q":20.77,"p":45037.86,"s":[{"cn":"warriorvidit Corporation","ui":"4233417","t":864721.0,"r":819721.0,"q":20.68,"p":45000.0,"mot":"U","mo":819721.0},{"cn":"","ui":"","t":262625.0,"r":28000.0,"q":23.47,"p":46146.29,"mot":"L","mo":28000.0}]},{"d":"03.04.2017","r":23000.0,"q":23.34,"p":50960.7,"s":[{"cn":"Jaja Mary International","ui":"4049324","t":79758.0,"r":79747.0,"q":23.34,"p":50960.7,"mot":"L","mo":23000.0},{"cn":"","ui":"","t":0.0,"r":0.0,"q":0.0,"p":0.0,"mot":"L","mo":0.0}]}]