[{"d":"04.07.2016","r":72740.0,"q":2.26,"p":19.95,"s":[{"ui":"7652611","t":62441.0,"r":61741.0,"q":2.43,"p":20.0,"mot":"U","mo":61741.0},{"ui":"7651410","t":7229.0,"r":5789.0,"q":1.0,"p":30.6,"mot":"L","mo":5789.0},{"ui":"7651473","t":56971.0,"r":56363.0,"q":1.55,"p":6.76,"mot":"L","mo":5000.0},{"cn":"","ui":"","t":43314.0,"r":210.0,"q":2.7,"p":26.19,"mot":"L","mo":210.0}]},{"d":"05.07.2016","r":180428.0,"q":2.29,"p":29.59,"s":[{"ui":"7654052","t":98200.0,"r":98200.0,"q":2.29,"p":34.0,"mot":"U","mo":98200.0},{"ui":"7652611","t":77892.0,"r":74742.0,"q":2.41,"p":24.0,"mot":"U","mo":74742.0},{"cn":"","ui":"","t":13243.0,"r":7486.0,"q":1.05,"p":27.66,"mot":"L","mo":7486.0}]},{"d":"06.07.2016","r":105082.0,"q":1.68,"p":11.51,"s":[{"ui":"7657077","t":100033.0,"r":95233.0,"q":1.57,"p":9.9,"mot":"U","mo":95233.0},{"cn":"","ui":"","t":112200.0,"r":9849.0,"q":2.73,"p":27.05,"mot":"L","mo":9849.0}]},{"d":"07.07.2016","r":156260.0,"q":2.16,"p":43.45,"s":[{"ui":"7660018","t":28152.0,"r":28152.0,"q":3.1,"p":20.0,"mot":"U","mo":28152.0},{"ui":"7658976","t":23655.0,"r":23655.0,"q":2.07,"p":218.0,"mot":"L","mo":23655.0},{"ui":"7659321","t":35287.0,"r":28287.0,"q":2.88,"p":11.0,"mot":"U","mo":28287.0},{"ui":"7657077","t":85741.0,"r":76166.0,"q":1.57,"p":9.95,"mot":"U","mo":76166.0},{"cn":"","ui":"","t":0.0,"r":0.0,"q":0.0,"p":0.0,"mot":"L","mo":0.0}]},{"d":"08.07.2016","r":131941.0,"q":2.1,"p":34.85,"s":[{"ui":"7656717","t":141633.0,"r":125941.0,"q":2.04,"p":36.0,"mot":"U","mo":125941.0},{"cn":"","ui":"","t":75989.0,"r":6000.0,"q":3.33,"p":10.63,"mot":"L","mo":6000.0}]},{"d":"09.07.2016","r":58278.0,"q":2.02,"p":137.9,"s":[{"ui":"7661860","t":22258.0,"r":21978.0,"q":2.48,"p":18.0,"mot":"U","mo":21978.0},{"ui":"7658976","t":35000.0,"r":35000.0,"q":1.72,"p":218.0,"mot":"L","mo":35000.0},{"cn":"","ui":"","t":133469.0,"r":1300.0,"q":2.17,"p":8.61,"mot":"L","mo":1300.0}]},{"d":"10.07.2016","r":69928.0,"q":2.7,"p":34.18,"s":[{"ui":"7661860","t":15818.0,"r":15538.0,"q":2.48,"p":18.0,"mot":"U","mo":15538.0},{"ui":"7666747","t":33150.0,"r":32650.0,"q":2.98,"p":55.0,"mot":"U","mo":32650.0},{"ui":"7666216","t":25794.0,"r":23783.0,"q":2.46,"p":15.0,"mot":"L","mo":20000.0},{"cn":"","ui":"","t":136785.0,"r":1740.0,"q":2.29,"p":8.37,"mot":"L","mo":1740.0}]},{"d":"11.07.2016","r":107198.0,"q":3.02,"p":29.67,"s":[{"ui":"7666747","t":25610.0,"r":25520.0,"q":2.96,"p":55.0,"mot":"U","mo":25520.0},{"ui":"7667601","t":32791.0,"r":32416.0,"q":2.89,"p":15.0,"mot":"U","mo":32416.0},{"ui":"7666671","t":37666.0,"r":37666.0,"q":3.54,"p":18.99,"mot":"L","mo":37666.0},{"cn":"","ui":"","t":172161.0,"r":11596.0,"q":1.85,"p":49.58,"mot":"L","mo":11596.0}]},{"d":"12.07.2016","r":277003.0,"q":1.96,"p":16.39,"s":[{"ui":"7669565","t":39316.0,"r":37866.0,"q":2.65,"p":10.0,"mot":"U","mo":37866.0},{"ui":"7670428","t":35647.0,"r":35447.0,"q":1.24,"p":10.0,"mot":"U","mo":35447.0},{"ui":"7667601","t":32791.0,"r":32791.0,"q":2.89,"p":15.0,"mot":"U","mo":32791.0},{"ui":"7666754","t":33566.0,"r":33566.0,"q":3.02,"p":25.0,"mot":"U","mo":33566.0},{"ui":"7670250","t":95548.0,"r":89748.0,"q":1.0,"p":9.2,"mot":"U","mo":89748.0},{"cn":"","ui":"","t":379571.0,"r":47585.0,"q":2.37,"p":34.69,"mot":"L","mo":47585.0}]},{"d":"13.07.2016","r":165233.0,"q":2.18,"p":19.29,"s":[{"ui":"7673687","t":47000.0,"r":47000.0,"q":1.0,"p":10.02,"mot":"L","mo":45000.0},{"ui":"7672249","t":99197.0,"r":97703.0,"q":2.75,"p":24.0,"mot":"U","mo":97703.0},{"ui":"7670164","t":74383.0,"r":73474.0,"q":3.11,"p":15.0,"mot":"L","mo":10000.0},{"cn":"","ui":"","t":182699.0,"r":12530.0,"q":1.26,"p":19.34,"mot":"L","mo":12530.0}]},{"d":"14.07.2016","r":127312.0,"q":2.97,"p":22.1,"s":[{"ui":"7670853","t":6830.0,"r":6780.0,"q":1.0,"p":14.0,"mot":"U","mo":6780.0},{"ui":"7672249","t":107813.0,"r":98532.0,"q":3.24,"p":24.0,"mot":"U","mo":98532.0},{"ui":"7670164","t":91361.0,"r":89710.0,"q":2.72,"p":16.0,"mot":"L","mo":10000.0},{"cn":"","ui":"","t":163095.0,"r":12000.0,"q":2.12,"p":16.13,"mot":"L","mo":12000.0}]},{"d":"15.07.2016","r":11296.0,"q":2.18,"p":22.23,"s":[{"ui":"7675878","t":9950.0,"r":9950.0,"q":1.0,"p":12.0,"mot":"L","mo":5000.0},{"ui":"7678084","t":26666.0,"r":25666.0,"q":2.81,"p":50.0,"mot":"L","mo":2000.0},{"ui":"7672249","t":11576.0,"r":1796.0,"q":3.71,"p":24.0,"mot":"U","mo":1796.0},{"ui":"7675778","t":131351.0,"r":131351.0,"q":2.27,"p":19.25,"mot":"L","mo":2000.0},{"cn":"","ui":"","t":550.0,"r":500.0,"q":5.5,"p":19.0,"mot":"L","mo":500.0}]},{"d":"16.07.2016","r":128077.0,"q":2.35,"p":14.05,"s":[{"ui":"7675878","t":43035.0,"r":38835.0,"q":2.73,"p":15.0,"mot":"L","mo":7000.0},{"ui":"7677887","t":121077.0,"r":121077.0,"q":2.33,"p":14.0,"mot":"U","mo":121077.0},{"cn":"","ui":"","t":0.0,"r":0.0,"q":0.0,"p":0.0,"mot":"L","mo":0.0}]},{"d":"18.07.2016","r":30745.0,"q":1.56,"p":135.95,"s":[{"ui":"7682737","t":73517.0,"r":70517.0,"q":2.57,"p":16.8,"mot":"L","mo":2000.0},{"ui":"7681274","t":27545.0,"r":27545.0,"q":1.45,"p":150.0,"mot":"U","mo":27545.0},{"cn":"","ui":"","t":148860.0,"r":1200.0,"q":2.51,"p":12.08,"mot":"L","mo":1200.0}]},{"d":"19.07.2016","r":34200.0,"q":2.77,"p":13.67,"s":[{"ui":"7687425","t":40439.0,"r":40429.0,"q":2.74,"p":13.0,"mot":"L","mo":15000.0},{"ui":"7683447","t":42500.0,"r":42500.0,"q":2.87,"p":13.0,"mot":"L","mo":16000.0},{"ui":"7682737","t":96644.0,"r":93644.0,"q":2.47,"p":25.0,"mot":"L","mo":2000.0},{"cn":"","ui":"","t":256499.0,"r":1200.0,"q":2.34,"p":12.07,"mot":"L","mo":1200.0}]},{"d":"20.07.2016","r":29026.0,"q":2.59,"p":59.92,"s":[{"ui":"7687811","t":14026.0,"r":14026.0,"q":2.73,"p":110.1,"mot":"U","mo":14026.0},{"ui":"7687425","t":52801.0,"r":52801.0,"q":2.45,"p":13.0,"mot":"L","mo":15000.0},{"cn":"","ui":"","t":0.0,"r":0.0,"q":0.0,"p":0.0,"mot":"L","mo":0.0}]},{"d":"21.07.2016","r":34342.0,"q":1.62,"p":11.59,"s":[{"ui":"7687425","t":54267.0,"r":54267.0,"q":2.42,"p":13.0,"mot":"L","mo":15000.0},{"ui":"7691003","t":19342.0,"r":19342.0,"q":1.0,"p":10.5,"mot":"U","mo":19342.0},{"cn":"","ui":"","t":0.0,"r":0.0,"q":0.0,"p":0.0,"mot":"L","mo":0.0}]},{"d":"22.07.2016","r":33172.0,"q":2.85,"p":25.0,"s":[{"ui":"7694362","t":52084.0,"r":51963.0,"q":2.85,"p":25.0,"mot":"L","mo":33172.0},{"cn":"","ui":"","t":0.0,"r":0.0,"q":0.0,"p":0.0,"mot":"L","mo":0.0}]},{"d":"25.07.2016","r":20104.0,"q":2.62,"p":42.51,"s":[{"ui":"7699613","t":11104.0,"r":11004.0,"q":2.33,"p":35.0,"mot":"U","mo":11004.0},{"ui":"7695825","t":9100.0,"r":9000.0,"q":2.98,"p":52.0,"mot":"U","mo":9000.0},{"cn":"","ui":"","t":33350.0,"r":100.0,"q":2.97,"p":15.0,"mot":"L","mo":100.0}]},{"d":"26.07.2016","r":100303.0,"q":2.53,"p":19.21,"s":[{"ui":"7700350","t":17972.0,"r":17472.0,"q":1.0,"p":32.0,"mot":"L","mo":17472.0},{"ui":"7700390","t":50648.0,"r":50648.0,"q":2.61,"p":20.0,"mot":"U","mo":50648.0},{"ui":"7702975","t":34933.0,"r":32083.0,"q":3.23,"p":11.0,"mot":"U","mo":32083.0},{"cn":"","ui":"","t":32000.0,"r":100.0,"q":2.97,"p":15.0,"mot":"L","mo":100.0}]},{"d":"27.07.2016","r":265857.0,"q":2.18,"p":21.28,"s":[{"ui":"7700350","t":35850.0,"r":35850.0,"q":1.0,"p":32.0,"mot":"L","mo":35850.0},{"ui":"7705470","t":41042.0,"r":38742.0,"q":2.48,"p":26.0,"mot":"U","mo":38742.0},{"ui":"7700390","t":156401.0,"r":156401.0,"q":2.15,"p":20.0,"mot":"U","mo":156401.0},{"cn":"","ui":"","t":87224.0,"r":34864.0,"q":3.2,"p":10.74,"mot":"L","mo":34864.0}]},{"d":"28.07.2016","r":251717.0,"q":2.23,"p":29.39,"s":[{"ui":"7706551","t":22663.0,"r":20053.0,"q":1.88,"p":9.0,"mot":"U","mo":20053.0},{"ui":"7706298","t":135937.0,"r":135937.0,"q":2.29,"p":30.0,"mot":"U","mo":135937.0},{"ui":"7705470","t":54095.0,"r":54095.0,"q":1.99,"p":30.0,"mot":"U","mo":54095.0},{"ui":"7707910","t":35632.0,"r":35632.0,"q":2.7,"p":40.0,"mot":"U","mo":35632.0},{"cn":"","ui":"","t":221499.0,"r":6000.0,"q":1.55,"p":15.33,"mot":"L","mo":6000.0}]},{"d":"29.07.2016","r":289128.0,"q":2.2,"p":31.38,"s":[{"ui":"7706298","t":240795.0,"r":240795.0,"q":2.09,"p":30.0,"mot":"U","mo":240795.0},{"ui":"7707910","t":44333.0,"r":44333.0,"q":2.76,"p":40.0,"mot":"U","mo":44333.0},{"cn":"","ui":"","t":206152.0,"r":4000.0,"q":2.34,"p":19.25,"mot":"L","mo":4000.0}]},{"d":"30.07.2016","r":52833.0,"q":2.69,"p":38.42,"s":[{"ui":"7707910","t":49333.0,"r":49333.0,"q":2.74,"p":40.0,"mot":"U","mo":49333.0},{"cn":"","ui":"","t":294264.0,"r":3500.0,"q":2.05,"p":16.14,"mot":"L","mo":3500.0}]},{"d":"01.08.2016","r":8558.0,"q":1.7,"p":48.58,"s":[{"ui":"7713322","t":51728.0,"r":51728.0,"q":1.71,"p":20.0,"mot":"L","mo":3000.0},{"ui":"7715516","t":5891.0,"r":4891.0,"q":1.19,"p":70.0,"mot":"U","mo":4891.0},{"ui":"7715444","t":667.0,"r":667.0,"q":5.35,"p":20.0,"mot":"L","mo":667.0},{"cn":"","ui":"","t":0.0,"r":0.0,"q":0.0,"p":0.0,"mot":"L","mo":0.0}]},{"d":"02.08.2016","r":66146.0,"q":2.89,"p":41.14,"s":[{"ui":"7717522","t":8288.0,"r":7988.0,"q":4.11,"p":15.0,"mot":"U","mo":7988.0},{"ui":"7715516","t":6871.0,"r":6871.0,"q":1.16,"p":70.0,"mot":"U","mo":6871.0},{"ui":"7718283","t":24728.0,"r":18728.0,"q":2.57,"p":23.0,"mot":"U","mo":18728.0},{"ui":"7715444","t":8667.0,"r":8667.0,"q":4.92,"p":20.0,"mot":"L","mo":5000.0},{"ui":"7715521","t":9059.0,"r":9059.0,"q":3.67,"p":90.0,"mot":"U","mo":9059.0},{"ui":"7718846","t":9000.0,"r":9000.0,"q":2.85,"p":21.5,"mot":"U","mo":9000.0},{"ui":"7718459","t":15795.0,"r":14795.0,"q":2.0,"p":100.0,"mot":"L","mo":5000.0},{"cn":"","ui":"","t":189248.0,"r":4500.0,"q":1.93,"p":18.0,"mot":"L","mo":4500.0}]},{"d":"03.08.2016","r":134146.0,"q":2.43,"p":19.16,"s":[{"ui":"7718283","t":16733.0,"r":7583.0,"q":1.57,"p":20.0,"mot":"U","mo":7583.0},{"ui":"7720232","t":86817.0,"r":86597.0,"q":2.62,"p":11.99,"mot":"U","mo":86597.0},{"ui":"7718846","t":30000.0,"r":29900.0,"q":2.1,"p":25.0,"mot":"U","mo":29900.0},{"cn":"","ui":"","t":274350.0,"r":10066.0,"q":2.36,"p":62.85,"mot":"L","mo":10066.0}]},{"d":"04.08.2016","r":274895.0,"q":2.23,"p":15.16,"s":[{"ui":"7720232","t":205196.0,"r":204196.0,"q":2.34,"p":11.99,"mot":"U","mo":204196.0},{"ui":"7718283","t":56549.0,"r":47799.0,"q":2.0,"p":20.0,"mot":"U","mo":47799.0},{"cn":"","ui":"","t":56686.0,"r":22900.0,"q":1.77,"p":33.36,"mot":"L","mo":22900.0}]},{"d":"05.08.2016","r":254554.0,"q":2.19,"p":16.28,"s":[{"ui":"7722715","t":45723.0,"r":43723.0,"q":2.25,"p":33.0,"mot":"U","mo":43723.0},{"ui":"7720232","t":210381.0,"r":198331.0,"q":2.17,"p":11.99,"mot":"U","mo":198331.0},{"cn":"","ui":"","t":188535.0,"r":12500.0,"q":2.26,"p":25.91,"mot":"L","mo":12500.0}]},{"d":"06.08.2016","r":187277.0,"q":2.55,"p":30.34,"s":[{"ui":"7725938","t":80621.0,"r":80621.0,"q":2.66,"p":25.0,"mot":"U","mo":80621.0},{"ui":"7722715","t":39390.0,"r":39390.0,"q":2.23,"p":50.0,"mot":"U","mo":39390.0},{"ui":"7725997","t":38666.0,"r":38666.0,"q":2.74,"p":25.0,"mot":"U","mo":38666.0},{"ui":"7723811","t":131213.0,"r":131213.0,"q":2.25,"p":30.0,"mot":"L","mo":20000.0},{"cn":"","ui":"","t":112680.0,"r":8600.0,"q":2.73,"p":15.06,"mot":"L","mo":8600.0}]},{"d":"07.08.2016","r":70266.0,"q":2.36,"p":25.82,"s":[{"ui":"7725997","t":46666.0,"r":46666.0,"q":2.44,"p":25.0,"mot":"U","mo":46666.0},{"ui":"7723811","t":173650.0,"r":173650.0,"q":2.21,"p":30.0,"mot":"L","mo":20000.0},{"cn":"","ui":"","t":144875.0,"r":3600.0,"q":2.15,"p":13.29,"mot":"L","mo":3600.0}]},{"d":"08.08.2016","r":70091.0,"q":2.55,"p":21.35,"s":[{"ui":"7731713","t":19691.0,"r":19591.0,"q":2.94,"p":14.0,"mot":"U","mo":19591.0},{"ui":"7725997","t":47000.0,"r":47000.0,"q":2.43,"p":25.0,"mot":"U","mo":47000.0},{"cn":"","ui":"","t":60811.0,"r":3500.0,"q":1.97,"p":13.39,"mot":"L","mo":3500.0}]},{"d":"09.08.2016","r":62259.0,"q":2.62,"p":48.57,"s":[{"ui":"7733610","t":32499.0,"r":32103.0,"q":2.96,"p":16.0,"mot":"U","mo":32103.0},{"ui":"7733158","t":27656.0,"r":27656.0,"q":2.26,"p":88.95,"mot":"U","mo":27656.0},{"cn":"","ui":"","t":117356.0,"r":2500.0,"q":2.36,"p":20.0,"mot":"L","mo":2500.0}]},{"d":"10.08.2016","r":79458.0,"q":2.25,"p":50.77,"s":[{"ui":"7733610","t":44165.0,"r":43723.0,"q":2.4,"p":23.5,"mot":"U","mo":43723.0},{"ui":"7733158","t":33235.0,"r":33235.0,"q":2.05,"p":88.95,"mot":"U","mo":33235.0},{"cn":"","ui":"","t":239673.0,"r":2500.0,"q":2.21,"p":20.0,"mot":"L","mo":2500.0}]},{"d":"11.08.2016","r":365277.0,"q":2.76,"p":17.39,"s":[{"ui":"7733610","t":315903.0,"r":315461.0,"q":2.78,"p":17.0,"mot":"U","mo":315461.0},{"ui":"7734546","t":46511.0,"r":46491.0,"q":2.69,"p":20.0,"mot":"U","mo":46491.0},{"cn":"","ui":"","t":280870.0,"r":3325.0,"q":1.87,"p":18.14,"mot":"L","mo":3325.0}]},{"d":"12.08.2016","r":93097.0,"q":2.59,"p":19.88,"s":[{"ui":"7734546","t":82831.0,"r":82831.0,"q":2.58,"p":20.0,"mot":"U","mo":82831.0},{"cn":"","ui":"","t":325303.0,"r":10266.0,"q":2.69,"p":18.92,"mot":"L","mo":10266.0}]},{"d":"13.08.2016","r":15289.0,"q":2.88,"p":18.54,"s":[{"ui":"7739310","t":42466.0,"r":37666.0,"q":3.28,"p":22.0,"mot":"L","mo":10000.0},{"ui":"7741339","t":7288.0,"r":5288.0,"q":2.11,"p":12.0,"mot":"U","mo":5288.0},{"cn":"","ui":"","t":34852.0,"r":1.0,"q":1.95,"p":2.0,"mot":"L","mo":1.0}]},{"d":"14.08.2016","r":208482.0,"q":2.46,"p":15.49,"s":[{"ui":"7742780","t":12300.0,"r":10800.0,"q":2.55,"p":15.0,"mot":"L","mo":10800.0},{"ui":"7744047","t":33000.0,"r":33000.0,"q":2.65,"p":16.0,"mot":"U","mo":33000.0},{"ui":"7743705","t":77066.0,"r":77016.0,"q":2.6,"p":15.0,"mot":"U","mo":77016.0},{"ui":"7742889","t":78666.0,"r":77666.0,"q":2.3,"p":15.0,"mot":"U","mo":77666.0},{"cn":"","ui":"","t":30414.0,"r":10000.0,"q":1.97,"p":22.0,"mot":"L","mo":10000.0}]},{"d":"15.08.2016","r":310542.0,"q":2.28,"p":30.24,"s":[{"ui":"7744047","t":32970.0,"r":32960.0,"q":2.65,"p":16.0,"mot":"U","mo":32960.0},{"ui":"7745782","t":34056.0,"r":33556.0,"q":2.41,"p":250.0,"mot":"L","mo":20000.0},{"ui":"7743705","t":175206.0,"r":175156.0,"q":2.18,"p":15.0,"mot":"U","mo":175156.0},{"ui":"7742889","t":76946.0,"r":76926.0,"q":2.3,"p":15.0,"mot":"U","mo":76926.0},{"cn":"","ui":"","t":5530.0,"r":5500.0,"q":2.31,"p":15.0,"mot":"L","mo":5500.0}]},{"d":"16.08.2016","r":373790.0,"q":2.25,"p":27.73,"s":[{"ui":"7747962","t":130935.0,"r":130935.0,"q":2.37,"p":15.2,"mot":"U","mo":130935.0},{"ui":"7744047","t":32947.0,"r":32933.0,"q":2.65,"p":16.0,"mot":"U","mo":32933.0},{"ui":"7745782","t":60859.0,"r":60859.0,"q":2.23,"p":250.0,"mot":"L","mo":20000.0},{"ui":"7743705","t":188022.0,"r":179922.0,"q":2.06,"p":15.0,"mot":"U","mo":179922.0},{"cn":"","ui":"","t":11979.0,"r":10000.0,"q":2.91,"p":15.0,"mot":"L","mo":10000.0}]},{"d":"17.08.2016","r":10000.0,"q":2.36,"p":15.0,"s":[{"ui":"7748592","t":29256.0,"r":29256.0,"q":2.36,"p":15.0,"mot":"L","mo":10000.0},{"cn":"","ui":"","t":0.0,"r":0.0,"q":0.0,"p":0.0,"mot":"L","mo":0.0}]},{"d":"18.08.2016","r":306118.0,"q":1.97,"p":15.24,"s":[{"ui":"7747962","t":301118.0,"r":301118.0,"q":1.96,"p":15.2,"mot":"U","mo":301118.0},{"cn":"","ui":"","t":20812.0,"r":5000.0,"q":2.67,"p":17.5,"mot":"L","mo":5000.0}]},{"d":"19.08.2016","r":448907.0,"q":1.5,"p":24.14,"s":[{"ui":"7751965","t":444107.0,"r":419107.0,"q":1.42,"p":25.0,"mot":"U","mo":419107.0},{"cn":"","ui":"","t":83664.0,"r":29800.0,"q":2.61,"p":12.06,"mot":"L","mo":29800.0}]},{"d":"20.08.2016","r":2071326.0,"q":2.27,"p":10.37,"s":[{"ui":"7755787","t":186858.0,"r":181858.0,"q":2.52,"p":9.0,"mot":"U","mo":181858.0},{"ui":"7751965","t":1882893.0,"r":1842792.0,"q":2.24,"p":10.0,"mot":"U","mo":1842792.0},{"cn":"","ui":"","t":108989.0,"r":46676.0,"q":2.33,"p":30.12,"mot":"L","mo":46676.0}]},{"d":"21.08.2016","r":435308.0,"q":2.32,"p":15.74,"s":[{"ui":"7755787","t":205956.0,"r":205955.0,"q":2.14,"p":9.0,"mot":"U","mo":205955.0},{"ui":"7758320","t":44000.0,"r":44000.0,"q":3.08,"p":25.01,"mot":"U","mo":44000.0},{"ui":"7758200","t":119788.0,"r":119788.0,"q":2.43,"p":18.0,"mot":"U","mo":119788.0},{"ui":"7755162","t":47140.0,"r":45165.0,"q":2.26,"p":33.0,"mot":"U","mo":45165.0},{"cn":"","ui":"","t":170484.0,"r":20400.0,"q":1.98,"p":12.33,"mot":"L","mo":20400.0}]},{"d":"22.08.2016","r":470279.0,"q":2.53,"p":18.21,"s":[{"ui":"7761474","t":28152.0,"r":28152.0,"q":3.13,"p":15.0,"mot":"U","mo":28152.0},{"ui":"7761078","t":34349.0,"r":34349.0,"q":1.85,"p":15.0,"mot":"U","mo":34349.0},{"ui":"7758320","t":51466.0,"r":51466.0,"q":3.24,"p":30.01,"mot":"U","mo":51466.0},{"ui":"7758200","t":250259.0,"r":250259.0,"q":2.43,"p":18.0,"mot":"U","mo":250259.0},{"ui":"7760536","t":54977.0,"r":54977.0,"q":2.27,"p":15.0,"mot":"U","mo":54977.0},{"cn":"","ui":"","t":219786.0,"r":51076.0,"q":2.69,"p":14.74,"mot":"L","mo":51076.0}]},{"d":"23.08.2016","r":527940.0,"q":2.55,"p":22.43,"s":[{"ui":"7761474","t":71611.0,"r":71552.0,"q":2.81,"p":15.0,"mot":"U","mo":71552.0},{"ui":"7758320","t":52466.0,"r":52466.0,"q":3.24,"p":79.01,"mot":"U","mo":52466.0},{"ui":"7758200","t":278096.0,"r":278096.0,"q":2.42,"p":18.0,"mot":"U","mo":278096.0},{"ui":"7760536","t":55830.0,"r":55830.0,"q":2.25,"p":15.0,"mot":"U","mo":55830.0},{"cn":"","ui":"","t":205252.0,"r":69996.0,"q":2.54,"p":11.16,"mot":"L","mo":69996.0}]},{"d":"24.08.2016","r":355880.0,"q":2.54,"p":15.43,"s":[{"ui":"7762593","t":18620.0,"r":18620.0,"q":2.18,"p":11.96,"mot":"U","mo":18620.0},{"ui":"7765087","t":68603.0,"r":67203.0,"q":2.62,"p":15.5,"mot":"U","mo":67203.0},{"ui":"7762573","t":97429.0,"r":96927.0,"q":2.29,"p":6.2,"mot":"U","mo":96927.0},{"ui":"7762594","t":18620.0,"r":18620.0,"q":2.18,"p":11.96,"mot":"U","mo":18620.0},{"ui":"7762586","t":18600.0,"r":18600.0,"q":2.18,"p":11.8,"mot":"U","mo":18600.0},{"ui":"7761474","t":71611.0,"r":71611.0,"q":2.81,"p":15.0,"mot":"U","mo":71611.0},{"ui":"7764864","t":46710.0,"r":46699.0,"q":2.82,"p":39.99,"mot":"U","mo":46699.0},{"cn":"","ui":"","t":234657.0,"r":17600.0,"q":2.96,"p":13.71,"mot":"L","mo":17600.0}]},{"d":"25.08.2016","r":147328.0,"q":2.56,"p":18.01,"s":[{"ui":"7765087","t":114473.0,"r":108728.0,"q":2.51,"p":18.0,"mot":"L","mo":100000.0},{"ui":"7766820","t":96622.0,"r":95002.0,"q":2.32,"p":13.0,"mot":"L","mo":10000.0},{"ui":"7766185","t":18258.0,"r":18258.0,"q":2.85,"p":19.0,"mot":"U","mo":18258.0},{"cn":"","ui":"","t":299963.0,"r":19070.0,"q":2.66,"p":19.76,"mot":"L","mo":19070.0}]},{"d":"26.08.2016","r":38464.0,"q":2.85,"p":26.18,"s":[{"ui":"7765265","t":27000.0,"r":27000.0,"q":2.63,"p":25.0,"mot":"U","mo":27000.0},{"ui":"7770269","t":10164.0,"r":10164.0,"q":3.42,"p":31.0,"mot":"U","mo":10164.0},{"cn":"","ui":"","t":48803.0,"r":1300.0,"q":2.98,"p":13.04,"mot":"L","mo":1300.0}]},{"d":"27.08.2016","r":139058.0,"q":2.27,"p":23.68,"s":[{"ui":"7771823","t":42010.0,"r":31510.0,"q":1.95,"p":17.0,"mot":"L","mo":31510.0},{"ui":"7773081","t":20864.0,"r":20364.0,"q":3.18,"p":25.0,"mot":"U","mo":20364.0},{"ui":"7771517","t":85088.0,"r":85084.0,"q":2.19,"p":25.0,"mot":"U","mo":85084.0},{"cn":"","ui":"","t":128339.0,"r":2100.0,"q":1.74,"p":57.54,"mot":"L","mo":2100.0}]},{"d":"28.08.2016","r":273999.0,"q":2.53,"p":24.62,"s":[{"ui":"7770269","t":41458.0,"r":38906.0,"q":3.32,"p":23.83,"mot":"U","mo":38906.0},{"ui":"7773081","t":139405.0,"r":138905.0,"q":2.52,"p":25.0,"mot":"U","mo":138905.0},{"ui":"7771517","t":85088.0,"r":85088.0,"q":2.19,"p":25.0,"mot":"U","mo":85088.0},{"cn":"","ui":"","t":356526.0,"r":11100.0,"q":2.57,"p":19.82,"mot":"L","mo":11100.0}]},{"d":"29.08.2016","r":296363.0,"q":2.46,"p":23.49,"s":[{"ui":"7776437","t":35000.0,"r":35000.0,"q":3.08,"p":14.5,"mot":"U","mo":35000.0},{"ui":"7773081","t":245855.0,"r":245355.0,"q":2.37,"p":25.0,"mot":"U","mo":245355.0},{"cn":"","ui":"","t":301511.0,"r":16008.0,"q":2.51,"p":20.0,"mot":"L","mo":16008.0}]},{"d":"30.08.2016","r":182017.0,"q":2.0,"p":17.33,"s":[{"ui":"7778237","t":23712.0,"r":22062.0,"q":3.51,"p":66.0,"mot":"L","mo":22062.0},{"ui":"7774126","t":80461.0,"r":78540.0,"q":2.43,"p":20.0,"mot":"L","mo":10000.0},{"ui":"7778392","t":21161.0,"r":21161.0,"q":2.6,"p":10.0,"mot":"U","mo":21161.0},{"ui":"7777525","t":173998.0,"r":122794.0,"q":1.57,"p":9.5,"mot":"U","mo":122794.0},{"cn":"","ui":"","t":157997.0,"r":6000.0,"q":2.51,"p":20.0,"mot":"L","mo":6000.0}]},{"d":"31.08.2016","r":207900.0,"q":1.0,"p":11.0,"s":[{"ui":"7781219","t":208200.0,"r":207900.0,"q":1.0,"p":11.0,"mot":"U","mo":207900.0},{"cn":"","ui":"","t":0.0,"r":0.0,"q":0.0,"p":0.0,"mot":"L","mo":0.0}]},{"d":"01.09.2016","r":185950.0,"q":1.05,"p":11.11,"s":[{"ui":"7781219","t":182400.0,"r":180950.0,"q":1.0,"p":11.0,"mot":"U","mo":180950.0},{"cn":"","ui":"","t":46015.0,"r":5000.0,"q":2.97,"p":15.0,"mot":"L","mo":5000.0}]},{"d":"02.09.2016","r":59437.0,"q":1.87,"p":10.34,"s":[{"ui":"7779795","t":30800.0,"r":30800.0,"q":2.98,"p":15.0,"mot":"L","mo":4000.0},{"ui":"7784700","t":54527.0,"r":54427.0,"q":1.77,"p":9.9,"mot":"U","mo":54427.0},{"cn":"","ui":"","t":45715.0,"r":1010.0,"q":2.91,"p":15.84,"mot":"L","mo":1010.0}]},{"d":"03.09.2016","r":15764.0,"q":1.49,"p":10.83,"s":[{"ui":"7786408","t":15254.0,"r":15254.0,"q":1.44,"p":10.8,"mot":"U","mo":15254.0},{"cn":"","ui":"","t":69810.0,"r":510.0,"q":2.98,"p":11.76,"mot":"L","mo":510.0}]},{"d":"04.09.2016","r":24579.0,"q":1.87,"p":14.66,"s":[{"ui":"7786408","t":14204.0,"r":13879.0,"q":1.44,"p":10.8,"mot":"U","mo":13879.0},{"ui":"7788225","t":95478.0,"r":90478.0,"q":2.44,"p":20.0,"mot":"L","mo":10000.0},{"cn":"","ui":"","t":150214.0,"r":700.0,"q":2.21,"p":15.0,"mot":"L","mo":700.0}]},{"d":"05.09.2016","r":11700.0,"q":2.43,"p":19.23,"s":[{"ui":"7790750","t":37633.0,"r":37633.0,"q":2.94,"p":13.0,"mot":"L","mo":1000.0},{"ui":"7788225","t":111712.0,"r":106712.0,"q":2.4,"p":20.0,"mot":"L","mo":10000.0},{"cn":"","ui":"","t":257462.0,"r":700.0,"q":2.15,"p":17.14,"mot":"L","mo":700.0}]},{"d":"06.09.2016","r":16200.0,"q":2.52,"p":24.04,"s":[{"ui":"7790750","t":26658.0,"r":25373.0,"q":2.86,"p":13.0,"mot":"L","mo":1000.0},{"ui":"7792882","t":33887.0,"r":33887.0,"q":2.51,"p":24.96,"mot":"L","mo":15000.0},{"cn":"","ui":"","t":29280.0,"r":200.0,"q":1.31,"p":10.0,"mot":"L","mo":200.0}]},{"d":"07.09.2016","r":342136.0,"q":1.96,"p":14.57,"s":[{"ui":"7793524","t":48660.0,"r":48660.0,"q":1.07,"p":10.0,"mot":"U","mo":48660.0},{"ui":"7793514","t":46200.0,"r":46200.0,"q":1.07,"p":10.0,"mot":"U","mo":46200.0},{"ui":"7795105","t":34500.0,"r":34000.0,"q":2.91,"p":12.0,"mot":"U","mo":34000.0},{"ui":"7793253","t":41200.0,"r":40700.0,"q":1.08,"p":10.0,"mot":"U","mo":40700.0},{"ui":"7794331","t":37380.0,"r":37380.0,"q":2.9,"p":12.0,"mot":"L","mo":37380.0},{"ui":"7795340","t":124596.0,"r":119196.0,"q":2.35,"p":20.0,"mot":"U","mo":119196.0},{"cn":"","ui":"","t":65867.0,"r":16000.0,"q":2.34,"p":24.21,"mot":"L","mo":16000.0}]},{"d":"08.09.2016","r":436648.0,"q":1.93,"p":15.67,"s":[{"ui":"7797183","t":48791.0,"r":48791.0,"q":2.44,"p":29.0,"mot":"U","mo":48791.0},{"ui":"7793524","t":130860.0,"r":130760.0,"q":1.65,"p":10.0,"mot":"U","mo":130760.0},{"ui":"7793514","t":46500.0,"r":46500.0,"q":2.03,"p":10.0,"mot":"U","mo":46500.0},{"ui":"7797191","t":41920.0,"r":41910.0,"q":1.0,"p":20.0,"mot":"U","mo":41910.0},{"ui":"7795105","t":30180.0,"r":30180.0,"q":2.91,"p":12.0,"mot":"U","mo":30180.0},{"ui":"7793253","t":87200.0,"r":86700.0,"q":1.78,"p":10.0,"mot":"U","mo":86700.0},{"ui":"7796165","t":28719.0,"r":28719.0,"q":2.43,"p":10.0,"mot":"U","mo":28719.0},{"cn":"","ui":"","t":93241.0,"r":23088.0,"q":2.68,"p":56.36,"mot":"L","mo":23088.0}]},{"d":"09.09.2016","r":419900.0,"q":1.79,"p":33.32,"s":[{"ui":"7797183","t":49628.0,"r":43628.0,"q":2.41,"p":29.0,"mot":"U","mo":43628.0},{"ui":"7797191","t":247727.0,"r":247697.0,"q":1.5,"p":22.0,"mot":"U","mo":247697.0},{"ui":"7799978","t":44756.0,"r":44256.0,"q":1.86,"p":120.0,"mot":"U","mo":44256.0},{"ui":"7796165","t":79422.0,"r":79422.0,"q":2.37,"p":22.0,"mot":"U","mo":79422.0},{"cn":"","ui":"","t":6798.0,"r":4897.0,"q":1.19,"p":45.0,"mot":"L","mo":4897.0}]},{"d":"10.09.2016","r":646550.0,"q":2.1,"p":29.9,"s":[{"ui":"7797183","t":102966.0,"r":101966.0,"q":2.19,"p":29.0,"mot":"U","mo":101966.0},{"ui":"7798480","t":83314.0,"r":83314.0,"q":2.74,"p":30.0,"mot":"U","mo":83314.0},{"ui":"7797191","t":321884.0,"r":221684.0,"q":1.85,"p":22.0,"mot":"U","mo":221684.0},{"ui":"7799978","t":49530.0,"r":49530.0,"q":1.77,"p":120.0,"mot":"U","mo":49530.0},{"ui":"7801923","t":95507.0,"r":95507.0,"q":1.64,"p":23.0,"mot":"U","mo":95507.0},{"ui":"7802002","t":66429.0,"r":65379.0,"q":2.59,"p":5.0,"mot":"U","mo":65379.0},{"cn":"","ui":"","t":290326.0,"r":29170.0,"q":2.88,"p":18.28,"mot":"L","mo":29170.0}]},{"d":"11.09.2016","r":315684.0,"q":2.41,"p":4.94,"s":[{"ui":"7804121","t":147281.0,"r":147012.0,"q":2.3,"p":3.0,"mot":"U","mo":147012.0},{"ui":"7802002","t":149052.0,"r":147092.0,"q":2.46,"p":5.0,"mot":"U","mo":147092.0},{"cn":"","ui":"","t":203870.0,"r":21580.0,"q":2.76,"p":17.75,"mot":"L","mo":21580.0}]},{"d":"12.09.2016","r":148011.0,"q":2.77,"p":12.75,"s":[{"ui":"7807175","t":15858.0,"r":15858.0,"q":3.35,"p":13.0,"mot":"L","mo":15000.0},{"ui":"7805859","t":33000.0,"r":32000.0,"q":2.98,"p":10.0,"mot":"U","mo":32000.0},{"ui":"7805660","t":40666.0,"r":40666.0,"q":2.9,"p":13.0,"mot":"U","mo":40666.0},{"ui":"7801549","t":33933.0,"r":33833.0,"q":2.43,"p":20.0,"mot":"L","mo":33833.0},{"ui":"7802002","t":29862.0,"r":21512.0,"q":2.21,"p":5.0,"mot":"U","mo":21512.0},{"cn":"","ui":"","t":126350.0,"r":5000.0,"q":3.26,"p":12.0,"mot":"L","mo":5000.0}]},{"d":"13.09.2016","r":187999.0,"q":1.26,"p":11.03,"s":[{"ui":"7807175","t":24500.0,"r":24300.0,"q":2.42,"p":13.0,"mot":"L","mo":15000.0},{"ui":"7807954","t":10000.0,"r":10000.0,"q":2.43,"p":10.0,"mot":"U","mo":10000.0},{"ui":"7806077","t":158000.0,"r":157999.0,"q":1.0,"p":10.5,"mot":"U","mo":157999.0},{"cn":"","ui":"","t":18152.0,"r":5000.0,"q":3.5,"p":24.0,"mot":"L","mo":5000.0}]},{"d":"14.09.2016","r":613314.0,"q":1.54,"p":13.78,"s":[{"ui":"7806208","t":35000.0,"r":35000.0,"q":2.98,"p":20.0,"mot":"U","mo":35000.0},{"ui":"7809924","t":160077.0,"r":160077.0,"q":2.4,"p":20.0,"mot":"U","mo":160077.0},{"ui":"7806077","t":396799.0,"r":396699.0,"q":1.0,"p":10.5,"mot":"U","mo":396699.0},{"cn":"","ui":"","t":234616.0,"r":21538.0,"q":2.64,"p":17.79,"mot":"L","mo":21538.0}]},{"d":"15.09.2016","r":138723.0,"q":2.55,"p":14.43,"s":[{"ui":"7807959","t":148778.0,"r":148778.0,"q":2.44,"p":30.0,"mot":"L","mo":7000.0},{"ui":"7812848","t":35000.0,"r":35000.0,"q":2.9,"p":25.0,"mot":"L","mo":15000.0},{"ui":"7810486","t":92816.0,"r":92616.0,"q":2.42,"p":12.0,"mot":"U","mo":92616.0},{"ui":"7813551","t":20247.0,"r":20187.0,"q":2.82,"p":13.0,"mot":"U","mo":20187.0},{"cn":"","ui":"","t":4920.0,"r":3920.0,"q":2.98,"p":11.0,"mot":"L","mo":3920.0}]},{"d":"16.09.2016","r":197076.0,"q":2.42,"p":20.98,"s":[{"ui":"7815831","t":15536.0,"r":15016.0,"q":3.45,"p":15.0,"mot":"U","mo":15016.0},{"ui":"7812848","t":49318.0,"r":49318.0,"q":2.69,"p":25.0,"mot":"L","mo":15000.0},{"ui":"7810486","t":154500.0,"r":151350.0,"q":2.33,"p":22.0,"mot":"U","mo":151350.0},{"ui":"7813551","t":18160.0,"r":15710.0,"q":1.99,"p":13.0,"mot":"U","mo":15710.0},{"cn":"","ui":"","t":0.0,"r":0.0,"q":0.0,"p":0.0,"mot":"L","mo":0.0}]},{"d":"17.09.2016","r":152955.0,"q":2.76,"p":15.55,"s":[{"ui":"7815831","t":48765.0,"r":47745.0,"q":2.78,"p":15.0,"mot":"U","mo":47745.0},{"ui":"7818629","t":35970.0,"r":35470.0,"q":2.66,"p":15.0,"mot":"U","mo":35470.0},{"ui":"7816130","t":11588.0,"r":11588.0,"q":2.03,"p":13.0,"mot":"U","mo":11588.0},{"ui":"7812848","t":51924.0,"r":51924.0,"q":2.67,"p":25.0,"mot":"L","mo":15000.0},{"ui":"7818359","t":38078.0,"r":37828.0,"q":2.9,"p":11.89,"mot":"L","mo":15000.0},{"ui":"7818521","t":28152.0,"r":28152.0,"q":3.1,"p":15.15,"mot":"U","mo":28152.0},{"cn":"","ui":"","t":0.0,"r":0.0,"q":0.0,"p":0.0,"mot":"L","mo":0.0}]},{"d":"18.09.2016","r":400710.0,"q":2.45,"p":64.0,"s":[{"ui":"7818629","t":185831.0,"r":185331.0,"q":2.21,"p":15.0,"mot":"U","mo":185331.0},{"ui":"7818359","t":126980.0,"r":126980.0,"q":2.52,"p":11.89,"mot":"L","mo":115000.0},{"ui":"7818521","t":35000.0,"r":35000.0,"q":2.98,"p":15.15,"mot":"U","mo":35000.0},{"ui":"7819313","t":52212.0,"r":51212.0,"q":2.42,"p":412.0,"mot":"L","mo":50000.0},{"cn":"","ui":"","t":15600.0,"r":15379.0,"q":3.64,"p":23.84,"mot":"L","mo":15379.0}]},{"d":"19.09.2016","r":232790.0,"q":2.39,"p":12.71,"s":[{"ui":"7819808","t":37380.0,"r":37360.0,"q":1.67,"p":11.0,"mot":"U","mo":37360.0},{"ui":"7818359","t":121070.0,"r":119389.0,"q":2.48,"p":9.89,"mot":"L","mo":115000.0},{"ui":"7818521","t":29500.0,"r":29000.0,"q":2.98,"p":15.15,"mot":"U","mo":29000.0},{"ui":"7819313","t":46043.0,"r":35042.0,"q":2.42,"p":22.0,"mot":"L","mo":35042.0},{"cn":"","ui":"","t":31554.0,"r":16388.0,"q":2.29,"p":12.24,"mot":"L","mo":16388.0}]},{"d":"20.09.2016","r":379725.0,"q":1.98,"p":14.5,"s":[{"ui":"7819808","t":47920.0,"r":47650.0,"q":1.51,"p":11.0,"mot":"U","mo":47650.0},{"ui":"7818629","t":313888.0,"r":313888.0,"q":1.99,"p":15.0,"mot":"U","mo":313888.0},{"cn":"","ui":"","t":33480.0,"r":18187.0,"q":3.0,"p":15.12,"mot":"L","mo":18187.0}]},{"d":"21.09.2016","r":183551.0,"q":2.49,"p":31.03,"s":[{"ui":"7825470","t":48242.0,"r":48242.0,"q":2.37,"p":50.0,"mot":"U","mo":48242.0},{"ui":"7821114","t":35000.0,"r":35000.0,"q":2.98,"p":22.0,"mot":"L","mo":9500.0},{"ui":"7825290","t":118389.0,"r":116789.0,"q":2.47,"p":23.0,"mot":"U","mo":116789.0},{"cn":"","ui":"","t":45141.0,"r":9020.0,"q":2.79,"p":43.1,"mot":"L","mo":9020.0}]},{"d":"23.09.2016","r":25076.0,"q":3.3,"p":23.85,"s":[{"ui":"7830552","t":16576.0,"r":16576.0,"q":3.55,"p":13.0,"mot":"U","mo":16576.0},{"ui":"7825026","t":31980.0,"r":31980.0,"q":2.8,"p":45.0,"mot":"L","mo":8500.0},{"cn":"","ui":"","t":0.0,"r":0.0,"q":0.0,"p":0.0,"mot":"L","mo":0.0}]},{"d":"24.09.2016","r":44753.0,"q":1.79,"p":8.9,"s":[{"ui":"7834180","t":5000.0,"r":5000.0,"q":6.06,"p":1.1,"mot":"L","mo":5000.0},{"ui":"7830042","t":139906.0,"r":139140.0,"q":1.0,"p":9.4,"mot":"L","mo":30000.0},{"ui":"7829951","t":8857.0,"r":8687.0,"q":1.91,"p":10.9,"mot":"U","mo":8687.0},{"cn":"","ui":"","t":43532.0,"r":1066.0,"q":3.04,"p":15.19,"mot":"L","mo":1066.0}]},{"d":"25.09.2016","r":66284.0,"q":2.08,"p":20.37,"s":[{"ui":"7830042","t":184568.0,"r":183307.0,"q":1.0,"p":9.4,"mot":"L","mo":30000.0},{"ui":"7828752","t":35000.0,"r":35000.0,"q":2.98,"p":30.0,"mot":"U","mo":35000.0},{"cn":"","ui":"","t":46750.0,"r":1284.0,"q":2.78,"p":14.09,"mot":"L","mo":1284.0}]},{"d":"26.09.2016","r":24951.0,"q":2.87,"p":20.0,"s":[{"ui":"7837227","t":27451.0,"r":24951.0,"q":2.87,"p":20.0,"mot":"U","mo":24951.0},{"cn":"","ui":"","t":0.0,"r":0.0,"q":0.0,"p":0.0,"mot":"L","mo":0.0}]},{"d":"27.09.2016","r":8000.0,"q":2.52,"p":20.0,"s":[{"ui":"7838288","t":27000.0,"r":27000.0,"q":2.52,"p":20.0,"mot":"L","mo":8000.0},{"cn":"","ui":"","t":0.0,"r":0.0,"q":0.0,"p":0.0,"mot":"L","mo":0.0}]},{"d":"29.09.2016","r":4800.0,"q":6.06,"p":2.0,"s":[{"ui":"7844627","t":5000.0,"r":4800.0,"q":6.06,"p":2.0,"mot":"U","mo":4800.0},{"cn":"","ui":"","t":0.0,"r":0.0,"q":0.0,"p":0.0,"mot":"L","mo":0.0}]},{"d":"30.09.2016","r":39937.0,"q":2.92,"p":13.41,"s":[{"ui":"7844923","t":19950.0,"r":19950.0,"q":2.91,"p":10.0,"mot":"L","mo":5000.0},{"ui":"7845775","t":58890.0,"r":58890.0,"q":3.22,"p":19.98,"mot":"L","mo":2000.0},{"ui":"7844646","t":16666.0,"r":15666.0,"q":2.81,"p":12.0,"mot":"L","mo":10000.0},{"ui":"7844734","t":44976.0,"r":44876.0,"q":2.51,"p":15.6,"mot":"L","mo":10788.0},{"ui":"7846138","t":13886.0,"r":13884.0,"q":3.43,"p":13.0,"mot":"L","mo":10788.0},{"cn":"","ui":"","t":50294.0,"r":1361.0,"q":2.57,"p":12.62,"mot":"L","mo":1361.0}]},{"d":"01.10.2016","r":18988.0,"q":2.63,"p":17.51,"s":[{"ui":"7845775","t":80937.0,"r":80934.0,"q":2.65,"p":19.98,"mot":"L","mo":2000.0},{"ui":"7845378","t":152169.0,"r":149346.0,"q":2.47,"p":11.9,"mot":"L","mo":1200.0},{"ui":"7844734","t":44976.0,"r":44971.0,"q":2.51,"p":15.6,"mot":"L","mo":10788.0},{"ui":"7846731","t":31600.0,"r":30997.0,"q":2.92,"p":22.0,"mot":"L","mo":5000.0},{"cn":"","ui":"","t":0.0,"r":0.0,"q":0.0,"p":0.0,"mot":"L","mo":0.0}]},{"d":"02.10.2016","r":24200.0,"q":1.86,"p":14.06,"s":[{"ui":"7845775","t":80908.0,"r":80908.0,"q":2.65,"p":19.98,"mot":"L","mo":2000.0},{"ui":"7846731","t":17171.0,"r":16571.0,"q":2.92,"p":22.0,"mot":"L","mo":5000.0},{"ui":"7850499","t":95149.0,"r":95149.0,"q":1.38,"p":11.0,"mot":"L","mo":16000.0},{"cn":"","ui":"","t":117851.0,"r":1200.0,"q":2.45,"p":11.9,"mot":"L","mo":1200.0}]},{"d":"03.10.2016","r":37751.0,"q":1.99,"p":16.89,"s":[{"ui":"7852656","t":21751.0,"r":21751.0,"q":2.57,"p":21.23,"mot":"U","mo":21751.0},{"ui":"7850499","t":161143.0,"r":160443.0,"q":1.21,"p":11.0,"mot":"L","mo":16000.0},{"cn":"","ui":"","t":0.0,"r":0.0,"q":0.0,"p":0.0,"mot":"L","mo":0.0}]},{"d":"04.10.2016","r":45636.0,"q":2.65,"p":41.64,"s":[{"ui":"7852656","t":31636.0,"r":30636.0,"q":2.23,"p":21.23,"mot":"U","mo":30636.0},{"ui":"7853338","t":90147.0,"r":89647.0,"q":2.6,"p":30.0,"mot":"L","mo":5000.0},{"ui":"7849519","t":62833.0,"r":62833.0,"q":3.98,"p":110.0,"mot":"L","mo":10000.0},{"cn":"","ui":"","t":0.0,"r":0.0,"q":0.0,"p":0.0,"mot":"L","mo":0.0}]},{"d":"05.10.2016","r":58258.0,"q":3.0,"p":41.42,"s":[{"ui":"7856659","t":11742.0,"r":11742.0,"q":3.37,"p":126.36,"mot":"U","mo":11742.0},{"ui":"7857529","t":45516.0,"r":45516.0,"q":2.86,"p":20.0,"mot":"U","mo":45516.0},{"cn":"","ui":"","t":1000.0,"r":1000.0,"q":5.0,"p":19.0,"mot":"L","mo":1000.0}]},{"d":"07.10.2016","r":169100.0,"q":2.28,"p":134.74,"s":[{"ui":"7856659","t":13001.0,"r":13001.0,"q":3.14,"p":126.36,"mot":"U","mo":13001.0},{"ui":"7861073","t":14613.0,"r":13113.0,"q":1.82,"p":50.0,"mot":"U","mo":13113.0},{"ui":"7859144","t":137286.0,"r":137286.0,"q":2.17,"p":147.5,"mot":"U","mo":137286.0},{"cn":"","ui":"","t":40909.0,"r":5700.0,"q":4.16,"p":41.4,"mot":"L","mo":5700.0}]},{"d":"08.10.2016","r":323050.0,"q":2.03,"p":84.58,"s":[{"ui":"7864611","t":37000.0,"r":37000.0,"q":3.4,"p":16.0,"mot":"U","mo":37000.0},{"ui":"7863075","t":124000.0,"r":122500.0,"q":1.38,"p":30.0,"mot":"U","mo":122500.0},{"ui":"7859144","t":137231.0,"r":137226.0,"q":2.17,"p":147.5,"mot":"U","mo":137226.0},{"cn":"","ui":"","t":32149.0,"r":26324.0,"q":2.39,"p":106.95,"mot":"L","mo":26324.0}]},{"d":"09.10.2016","r":325865.0,"q":1.98,"p":50.19,"s":[{"ui":"7865999","t":46098.0,"r":46098.0,"q":3.35,"p":99.87,"mot":"U","mo":46098.0},{"ui":"7865644","t":68171.0,"r":68171.0,"q":2.36,"p":55.0,"mot":"L","mo":35000.0},{"ui":"7866904","t":63965.0,"r":60465.0,"q":2.37,"p":17.0,"mot":"U","mo":60465.0},{"ui":"7863075","t":124000.0,"r":124000.0,"q":1.38,"p":30.0,"mot":"U","mo":124000.0},{"ui":"7863979","t":21572.0,"r":21572.0,"q":1.12,"p":200.0,"mot":"U","mo":21572.0},{"ui":"7867006","t":35030.0,"r":35030.0,"q":1.72,"p":15.5,"mot":"U","mo":35030.0},{"cn":"","ui":"","t":14025.0,"r":3700.0,"q":2.46,"p":59.99,"mot":"L","mo":3700.0}]},{"d":"10.10.2016","r":165620.0,"q":2.72,"p":74.66,"s":[{"ui":"7865999","t":60718.0,"r":60698.0,"q":3.68,"p":159.87,"mot":"U","mo":60698.0},{"ui":"7867860","t":71667.0,"r":71367.0,"q":2.38,"p":30.0,"mot":"U","mo":71367.0},{"ui":"7867006","t":33705.0,"r":33555.0,"q":1.72,"p":15.5,"mot":"U","mo":33555.0},{"cn":"","ui":"","t":0.0,"r":0.0,"q":0.0,"p":0.0,"mot":"L","mo":0.0}]},{"d":"11.10.2016","r":360633.0,"q":2.74,"p":56.56,"s":[{"ui":"7865999","t":71568.0,"r":71538.0,"q":4.04,"p":159.87,"mot":"U","mo":71538.0},{"ui":"7867860","t":164358.0,"r":164298.0,"q":2.36,"p":25.0,"mot":"U","mo":164298.0},{"ui":"7871448","t":48746.0,"r":47246.0,"q":2.56,"p":50.0,"mot":"U","mo":47246.0},{"ui":"7871115","t":75777.0,"r":75777.0,"q":2.49,"p":30.0,"mot":"U","mo":75777.0},{"cn":"","ui":"","t":33175.0,"r":1774.0,"q":1.06,"p":123.12,"mot":"L","mo":1774.0}]},{"d":"12.10.2016","r":934434.0,"q":2.54,"p":35.96,"s":[{"ui":"7867860","t":170918.0,"r":170858.0,"q":2.34,"p":25.0,"mot":"U","mo":170858.0},{"ui":"7871448","t":181579.0,"r":177879.0,"q":2.03,"p":40.0,"mot":"U","mo":177879.0},{"ui":"7871115","t":196622.0,"r":195622.0,"q":2.43,"p":30.0,"mot":"U","mo":195622.0},{"ui":"7870336","t":309113.0,"r":302603.0,"q":3.04,"p":50.0,"mot":"U","mo":302603.0},{"cn":"","ui":"","t":388163.0,"r":87472.0,"q":2.5,"p":13.89,"mot":"L","mo":87472.0}]},{"d":"13.10.2016","r":931128.0,"q":2.59,"p":39.43,"s":[{"ui":"7875335","t":131920.0,"r":131920.0,"q":2.1,"p":106.52,"mot":"U","mo":131920.0},{"ui":"7871133","t":64376.0,"r":64276.0,"q":2.86,"p":30.0,"mot":"U","mo":64276.0},{"ui":"7875772","t":325269.0,"r":315269.0,"q":3.22,"p":20.0,"mot":"U","mo":315269.0},{"ui":"7871448","t":187649.0,"r":187649.0,"q":2.01,"p":40.0,"mot":"U","mo":187649.0},{"ui":"7871115","t":214004.0,"r":214004.0,"q":2.42,"p":30.0,"mot":"U","mo":214004.0},{"cn":"","ui":"","t":481311.0,"r":18010.0,"q":2.48,"p":28.15,"mot":"L","mo":18010.0}]},{"d":"14.10.2016","r":123308.0,"q":3.09,"p":43.45,"s":[{"ui":"7878790","t":113383.0,"r":112308.0,"q":3.15,"p":45.0,"mot":"U","mo":112308.0},{"cn":"","ui":"","t":134042.0,"r":11000.0,"q":2.47,"p":27.64,"mot":"L","mo":11000.0}]},{"d":"15.10.2016","r":307909.0,"q":2.81,"p":64.42,"s":[{"ui":"7878790","t":113383.0,"r":113383.0,"q":3.15,"p":45.0,"mot":"U","mo":113383.0},{"ui":"7877804","t":94526.0,"r":94526.0,"q":2.64,"p":140.0,"mot":"U","mo":94526.0},{"ui":"7880797","t":110198.0,"r":110198.0,"q":2.6,"p":15.0,"mot":"L","mo":100000.0},{"cn":"","ui":"","t":0.0,"r":0.0,"q":0.0,"p":0.0,"mot":"L","mo":0.0}]},{"d":"16.10.2016","r":115300.0,"q":2.62,"p":21.15,"s":[{"ui":"7880797","t":102698.0,"r":102548.0,"q":2.6,"p":15.0,"mot":"L","mo":100000.0},{"ui":"7883009","t":112747.0,"r":112747.0,"q":2.78,"p":85.09,"mot":"L","mo":10000.0},{"cn":"","ui":"","t":31885.0,"r":5300.0,"q":2.79,"p":16.47,"mot":"L","mo":5300.0}]},{"d":"17.10.2016","r":236268.0,"q":2.49,"p":50.0,"s":[{"ui":"7884041","t":237768.0,"r":236268.0,"q":2.49,"p":50.0,"mot":"U","mo":236268.0},{"cn":"","ui":"","t":0.0,"r":0.0,"q":0.0,"p":0.0,"mot":"L","mo":0.0}]},{"d":"18.10.2016","r":366984.0,"q":2.55,"p":45.7,"s":[{"ui":"7884041","t":286846.0,"r":282845.0,"q":2.48,"p":50.0,"mot":"U","mo":282845.0},{"ui":"7888683","t":74199.0,"r":74129.0,"q":2.83,"p":24.0,"mot":"U","mo":74129.0},{"cn":"","ui":"","t":183540.0,"r":10010.0,"q":2.47,"p":85.02,"mot":"L","mo":10010.0}]},{"d":"19.10.2016","r":127992.0,"q":3.01,"p":47.21,"s":[{"ui":"7888683","t":92802.0,"r":80982.0,"q":3.02,"p":38.24,"mot":"U","mo":80982.0},{"ui":"7888705","t":49000.0,"r":46000.0,"q":2.99,"p":63.99,"mot":"U","mo":46000.0},{"cn":"","ui":"","t":16660.0,"r":1010.0,"q":2.53,"p":1.62,"mot":"L","mo":1010.0}]},{"d":"20.10.2016","r":354696.0,"q":2.7,"p":100.52,"s":[{"ui":"7893817","t":35189.0,"r":34599.0,"q":2.58,"p":25.0,"mot":"U","mo":34599.0},{"ui":"7888683","t":137495.0,"r":137094.0,"q":2.61,"p":125.5,"mot":"U","mo":137094.0},{"ui":"7893091","t":45974.0,"r":37166.0,"q":2.39,"p":20.0,"mot":"U","mo":37166.0},{"ui":"7888705","t":145704.0,"r":140629.0,"q":2.9,"p":116.0,"mot":"U","mo":140629.0},{"cn":"","ui":"","t":5669.0,"r":5208.0,"q":2.52,"p":101.23,"mot":"L","mo":5208.0}]},{"d":"21.10.2016","r":26070.0,"q":2.81,"p":16.42,"s":[{"ui":"7896225","t":35350.0,"r":35350.0,"q":2.92,"p":17.0,"mot":"L","mo":13000.0},{"ui":"7895574","t":3230.0,"r":3070.0,"q":3.0,"p":30.0,"mot":"U","mo":3070.0},{"ui":"7896993","t":13490.0,"r":9240.0,"q":2.65,"p":3.0,"mot":"L","mo":5000.0},{"ui":"7896736","t":62600.0,"r":61600.0,"q":2.57,"p":20.0,"mot":"L","mo":5000.0},{"cn":"","ui":"","t":0.0,"r":0.0,"q":0.0,"p":0.0,"mot":"L","mo":0.0}]},{"d":"22.10.2016","r":54893.0,"q":3.21,"p":25.11,"s":[{"ui":"7900702","t":5000.0,"r":5000.0,"q":6.06,"p":16.0,"mot":"U","mo":5000.0},{"ui":"7900157","t":33940.0,"r":33940.0,"q":2.99,"p":20.0,"mot":"L","mo":30000.0},{"ui":"7900461","t":11461.0,"r":10761.0,"q":2.18,"p":16.0,"mot":"L","mo":5000.0},{"ui":"7896073","t":7973.0,"r":6473.0,"q":3.09,"p":50.0,"mot":"U","mo":6473.0},{"ui":"7899108","t":7530.0,"r":7420.0,"q":3.0,"p":33.0,"mot":"U","mo":7420.0},{"cn":"","ui":"","t":18590.0,"r":1000.0,"q":3.23,"p":50.0,"mot":"L","mo":1000.0}]},{"d":"23.10.2016","r":327608.0,"q":1.22,"p":21.89,"s":[{"ui":"7902232","t":18364.0,"r":17014.0,"q":3.02,"p":15.0,"mot":"U","mo":17014.0},{"ui":"7894646","t":295024.0,"r":294024.0,"q":1.0,"p":21.0,"mot":"U","mo":294024.0},{"cn":"","ui":"","t":209504.0,"r":16570.0,"q":3.23,"p":44.72,"mot":"L","mo":16570.0}]},{"d":"24.10.2016","r":55083.0,"q":2.92,"p":22.07,"s":[{"ui":"7902813","t":35733.0,"r":20083.0,"q":2.82,"p":10.0,"mot":"U","mo":20083.0},{"ui":"7902741","t":35000.0,"r":35000.0,"q":2.98,"p":29.0,"mot":"U","mo":35000.0},{"cn":"","ui":"","t":0.0,"r":0.0,"q":0.0,"p":0.0,"mot":"L","mo":0.0}]},{"d":"25.10.2016","r":105.0,"q":9.67,"p":24.19,"s":[{"ui":"7905938","t":6000.0,"r":6000.0,"q":10.0,"p":25.0,"mot":"L","mo":100.0},{"cn":"","ui":"","t":8.0,"r":5.0,"q":3.01,"p":8.0,"mot":"L","mo":5.0}]},{"d":"26.10.2016","r":108983.0,"q":3.0,"p":16.23,"s":[{"ui":"7904629","t":226547.0,"r":225447.0,"q":2.5,"p":15.0,"mot":"L","mo":35000.0},{"ui":"7906872","t":24250.0,"r":23450.0,"q":1.54,"p":11.0,"mot":"U","mo":23450.0},{"ui":"7906877","t":50683.0,"r":50533.0,"q":4.03,"p":19.5,"mot":"U","mo":50533.0},{"cn":"","ui":"","t":0.0,"r":0.0,"q":0.0,"p":0.0,"mot":"L","mo":0.0}]},{"d":"27.10.2016","r":98864.0,"q":3.43,"p":24.69,"s":[{"ui":"7904629","t":340223.0,"r":340223.0,"q":2.42,"p":15.0,"mot":"L","mo":35000.0},{"ui":"7906877","t":65514.0,"r":63864.0,"q":3.99,"p":30.0,"mot":"U","mo":63864.0},{"cn":"","ui":"","t":0.0,"r":0.0,"q":0.0,"p":0.0,"mot":"L","mo":0.0}]},{"d":"28.10.2016","r":175170.0,"q":3.35,"p":41.1,"s":[{"ui":"7909424","t":22764.0,"r":22664.0,"q":1.98,"p":48.5,"mot":"U","mo":22664.0},{"ui":"7906877","t":164006.0,"r":152506.0,"q":3.55,"p":40.0,"mot":"U","mo":152506.0},{"cn":"","ui":"","t":0.0,"r":0.0,"q":0.0,"p":0.0,"mot":"L","mo":0.0}]},{"d":"29.10.2016","r":89576.0,"q":3.02,"p":44.59,"s":[{"ui":"7910980","t":64576.0,"r":62076.0,"q":3.03,"p":42.0,"mot":"U","mo":62076.0},{"ui":"7911553","t":27500.0,"r":27500.0,"q":3.0,"p":50.43,"mot":"U","mo":27500.0},{"cn":"","ui":"","t":0.0,"r":0.0,"q":0.0,"p":0.0,"mot":"L","mo":0.0}]},{"d":"30.10.2016","r":499703.0,"q":2.85,"p":24.21,"s":[{"ui":"7910980","t":303022.0,"r":303022.0,"q":2.84,"p":24.0,"mot":"U","mo":303022.0},{"ui":"7911553","t":55000.0,"r":55000.0,"q":2.98,"p":42.0,"mot":"U","mo":55000.0},{"ui":"7912253","t":105615.0,"r":105015.0,"q":2.5,"p":17.0,"mot":"U","mo":105015.0},{"ui":"7912382","t":36916.0,"r":36666.0,"q":3.71,"p":19.9,"mot":"U","mo":36666.0},{"cn":"","ui":"","t":0.0,"r":0.0,"q":0.0,"p":0.0,"mot":"L","mo":0.0}]},{"d":"31.10.2016","r":877435.0,"q":2.86,"p":23.88,"s":[{"ui":"7910980","t":565123.0,"r":565123.0,"q":2.81,"p":24.0,"mot":"U","mo":565123.0},{"ui":"7911553","t":55000.0,"r":55000.0,"q":2.98,"p":48.5,"mot":"U","mo":55000.0},{"ui":"7912253","t":138043.0,"r":138043.0,"q":2.46,"p":17.0,"mot":"U","mo":138043.0},{"ui":"7912382","t":120719.0,"r":119269.0,"q":3.52,"p":19.9,"mot":"U","mo":119269.0},{"cn":"","ui":"","t":0.0,"r":0.0,"q":0.0,"p":0.0,"mot":"L","mo":0.0}]},{"d":"01.11.2016","r":85585.0,"q":3.66,"p":25.31,"s":[{"ui":"7912382","t":80539.0,"r":68289.0,"q":3.5,"p":25.9,"mot":"U","mo":68289.0},{"ui":"7915054","t":28932.0,"r":17296.0,"q":4.29,"p":23.0,"mot":"U","mo":17296.0},{"cn":"","ui":"","t":0.0,"r":0.0,"q":0.0,"p":0.0,"mot":"L","mo":0.0}]},{"d":"02.11.2016","r":63732.0,"q":3.57,"p":15.9,"s":[{"ui":"7917515","t":34800.0,"r":34800.0,"q":2.98,"p":10.0,"mot":"U","mo":34800.0},{"ui":"7915054","t":28932.0,"r":28932.0,"q":4.29,"p":23.0,"mot":"U","mo":28932.0},{"cn":"","ui":"","t":0.0,"r":0.0,"q":0.0,"p":0.0,"mot":"L","mo":0.0}]},{"d":"03.11.2016","r":57143.0,"q":3.2,"p":8.3,"s":[{"ui":"7919137","t":32333.0,"r":27333.0,"q":3.43,"p":1.0,"mot":"U","mo":27333.0},{"ui":"7918925","t":37310.0,"r":29810.0,"q":2.99,"p":15.0,"mot":"U","mo":29810.0},{"cn":"","ui":"","t":0.0,"r":0.0,"q":0.0,"p":0.0,"mot":"L","mo":0.0}]},{"d":"04.11.2016","r":233329.0,"q":3.36,"p":19.74,"s":[{"ui":"7918925","t":95134.0,"r":82634.0,"q":3.06,"p":15.0,"mot":"U","mo":82634.0},{"ui":"7919956","t":28195.0,"r":17195.0,"q":2.39,"p":21.0,"mot":"U","mo":17195.0},{"ui":"7919709","t":35000.0,"r":35000.0,"q":2.98,"p":15.5,"mot":"U","mo":35000.0},{"ui":"7920194","t":100000.0,"r":98500.0,"q":3.92,"p":25.0,"mot":"U","mo":98500.0},{"cn":"","ui":"","t":0.0,"r":0.0,"q":0.0,"p":0.0,"mot":"L","mo":0.0}]},{"d":"05.11.2016","r":728195.0,"q":3.35,"p":24.88,"s":[{"ui":"7921254","t":354013.0,"r":324013.0,"q":2.55,"p":20.0,"mot":"U","mo":324013.0},{"ui":"7919956","t":160442.0,"r":160442.0,"q":4.09,"p":30.0,"mot":"U","mo":160442.0},{"ui":"7920194","t":212540.0,"r":209040.0,"q":4.07,"p":30.0,"mot":"U","mo":209040.0},{"cn":"","ui":"","t":45647.0,"r":34700.0,"q":2.97,"p":15.85,"mot":"L","mo":34700.0}]},{"d":"06.11.2016","r":38260.0,"q":2.73,"p":3.96,"s":[{"ui":"7920254","t":5140.0,"r":4260.0,"q":1.0,"p":23.0,"mot":"U","mo":4260.0},{"ui":"7923861","t":34000.0,"r":33500.0,"q":2.97,"p":1.0,"mot":"U","mo":33500.0},{"cn":"","ui":"","t":11223.0,"r":500.0,"q":1.62,"p":40.0,"mot":"L","mo":500.0}]},{"d":"07.11.2016","r":92337.0,"q":1.03,"p":9.89,"s":[{"ui":"7925182","t":37995.0,"r":37695.0,"q":1.0,"p":10.5,"mot":"U","mo":37695.0},{"ui":"7925183","t":52842.0,"r":52742.0,"q":1.0,"p":9.0,"mot":"U","mo":52742.0},{"cn":"","ui":"","t":12964.0,"r":1900.0,"q":2.63,"p":22.32,"mot":"L","mo":1900.0}]},{"d":"08.11.2016","r":50914.0,"q":1.0,"p":10.5,"s":[{"ui":"7925182","t":56414.0,"r":50914.0,"q":1.0,"p":10.5,"mot":"U","mo":50914.0},{"cn":"","ui":"","t":0.0,"r":0.0,"q":0.0,"p":0.0,"mot":"L","mo":0.0}]},{"d":"09.11.2016","r":2700.0,"q":3.0,"p":16.0,"s":[{"ui":"7925173","t":2700.0,"r":2700.0,"q":3.0,"p":16.0,"mot":"U","mo":2700.0},{"cn":"","ui":"","t":0.0,"r":0.0,"q":0.0,"p":0.0,"mot":"L","mo":0.0}]},{"d":"10.11.2016","r":63752.0,"q":2.71,"p":1.0,"s":[{"ui":"7929417","t":64252.0,"r":63752.0,"q":2.71,"p":1.0,"mot":"U","mo":63752.0},{"cn":"","ui":"","t":0.0,"r":0.0,"q":0.0,"p":0.0,"mot":"L","mo":0.0}]},{"d":"11.11.2016","r":280679.0,"q":2.84,"p":1.0,"s":[{"ui":"7929417","t":282379.0,"r":280679.0,"q":2.84,"p":1.0,"mot":"U","mo":280679.0},{"cn":"","ui":"","t":0.0,"r":0.0,"q":0.0,"p":0.0,"mot":"L","mo":0.0}]},{"d":"12.11.2016","r":523008.0,"q":2.96,"p":2.55,"s":[{"ui":"7929417","t":492208.0,"r":489208.0,"q":2.96,"p":1.0,"mot":"U","mo":489208.0},{"ui":"7931979","t":33900.0,"r":33800.0,"q":2.96,"p":25.0,"mot":"U","mo":33800.0},{"cn":"","ui":"","t":0.0,"r":0.0,"q":0.0,"p":0.0,"mot":"L","mo":0.0}]},{"d":"13.11.2016","r":16752.0,"q":2.94,"p":8.0,"s":[{"ui":"7933999","t":18282.0,"r":16752.0,"q":2.94,"p":8.0,"mot":"U","mo":16752.0},{"cn":"","ui":"","t":0.0,"r":0.0,"q":0.0,"p":0.0,"mot":"L","mo":0.0}]},{"d":"16.11.2016","r":44911.0,"q":2.86,"p":12.09,"s":[{"ui":"7936884","t":44511.0,"r":44311.0,"q":2.86,"p":12.0,"mot":"U","mo":44311.0},{"cn":"","ui":"","t":600.0,"r":600.0,"q":2.88,"p":18.59,"mot":"L","mo":600.0}]},{"d":"17.11.2016","r":12700.0,"q":2.84,"p":12.0,"s":[{"ui":"7936884","t":15950.0,"r":12700.0,"q":2.84,"p":12.0,"mot":"U","mo":12700.0},{"cn":"","ui":"","t":0.0,"r":0.0,"q":0.0,"p":0.0,"mot":"L","mo":0.0}]},{"d":"18.11.2016","r":2300.0,"q":2.85,"p":18.59,"s":[{"ui":"7937609","t":2300.0,"r":2300.0,"q":2.85,"p":18.59,"mot":"U","mo":2300.0},{"cn":"","ui":"","t":0.0,"r":0.0,"q":0.0,"p":0.0,"mot":"L","mo":0.0}]},{"d":"19.11.2016","r":173373.0,"q":1.06,"p":8.12,"s":[{"ui":"7939850","t":172798.0,"r":168373.0,"q":1.0,"p":8.0,"mot":"U","mo":168373.0},{"cn":"","ui":"","t":27789.0,"r":5000.0,"q":3.08,"p":12.0,"mot":"L","mo":5000.0}]},{"d":"20.11.2016","r":252844.0,"q":1.02,"p":8.08,"s":[{"ui":"7939850","t":255993.0,"r":247844.0,"q":1.0,"p":8.0,"mot":"U","mo":247844.0},{"cn":"","ui":"","t":120535.0,"r":5000.0,"q":2.17,"p":12.0,"mot":"L","mo":5000.0}]},{"d":"21.11.2016","r":5000.0,"q":2.03,"p":12.0,"s":[{"ui":"7941608","t":153337.0,"r":153337.0,"q":2.03,"p":12.0,"mot":"L","mo":5000.0},{"cn":"","ui":"","t":0.0,"r":0.0,"q":0.0,"p":0.0,"mot":"L","mo":0.0}]},{"d":"22.11.2016","r":8151.0,"q":1.0,"p":29.5,"s":[{"ui":"7945466","t":8151.0,"r":8151.0,"q":1.0,"p":29.5,"mot":"U","mo":8151.0},{"cn":"","ui":"","t":0.0,"r":0.0,"q":0.0,"p":0.0,"mot":"L","mo":0.0}]},{"d":"23.11.2016","r":61963.0,"q":2.11,"p":29.64,"s":[{"ui":"7944057","t":50332.0,"r":50332.0,"q":2.96,"p":35.22,"mot":"L","mo":35000.0},{"ui":"7945466","t":15805.0,"r":15805.0,"q":1.0,"p":31.5,"mot":"U","mo":15805.0},{"ui":"7946769","t":11158.0,"r":11158.0,"q":1.0,"p":9.5,"mot":"U","mo":11158.0},{"cn":"","ui":"","t":0.0,"r":0.0,"q":0.0,"p":0.0,"mot":"L","mo":0.0}]},{"d":"24.11.2016","r":73795.0,"q":1.0,"p":14.76,"s":[{"ui":"7945466","t":17630.0,"r":17630.0,"q":1.0,"p":31.5,"mot":"U","mo":17630.0},{"ui":"7946769","t":56416.0,"r":56165.0,"q":1.0,"p":9.5,"mot":"U","mo":56165.0},{"cn":"","ui":"","t":0.0,"r":0.0,"q":0.0,"p":0.0,"mot":"L","mo":0.0}]},{"d":"25.11.2016","r":87184.0,"q":1.0,"p":9.0,"s":[{"ui":"7946769","t":88160.0,"r":87184.0,"q":1.0,"p":9.0,"mot":"U","mo":87184.0},{"cn":"","ui":"","t":0.0,"r":0.0,"q":0.0,"p":0.0,"mot":"L","mo":0.0}]},{"d":"28.11.2016","r":54039.0,"q":1.0,"p":8.5,"s":[{"ui":"7952562","t":54354.0,"r":54039.0,"q":1.0,"p":8.5,"mot":"U","mo":54039.0},{"cn":"","ui":"","t":0.0,"r":0.0,"q":0.0,"p":0.0,"mot":"L","mo":0.0}]},{"d":"29.11.2016","r":106439.0,"q":1.0,"p":8.64,"s":[{"ui":"7953826","t":57272.0,"r":56272.0,"q":1.0,"p":10.0,"mot":"L","mo":10000.0},{"ui":"7952562","t":100574.0,"r":96439.0,"q":1.0,"p":8.5,"mot":"U","mo":96439.0},{"cn":"","ui":"","t":0.0,"r":0.0,"q":0.0,"p":0.0,"mot":"L","mo":0.0}]},{"d":"30.11.2016","r":166747.0,"q":1.0,"p":8.2,"s":[{"ui":"7953826","t":238987.0,"r":236987.0,"q":1.0,"p":8.0,"mot":"L","mo":100000.0},{"ui":"7952562","t":74967.0,"r":66747.0,"q":1.0,"p":8.5,"mot":"U","mo":66747.0},{"cn":"","ui":"","t":0.0,"r":0.0,"q":0.0,"p":0.0,"mot":"L","mo":0.0}]},{"d":"01.12.2016","r":100000.0,"q":1.18,"p":4.0,"s":[{"ui":"7953826","t":196100.0,"r":188030.0,"q":1.18,"p":4.0,"mot":"L","mo":100000.0},{"cn":"","ui":"","t":0.0,"r":0.0,"q":0.0,"p":0.0,"mot":"L","mo":0.0}]},{"d":"02.12.2016","r":45135.0,"q":1.0,"p":8.5,"s":[{"ui":"7957134","t":47257.0,"r":45135.0,"q":1.0,"p":8.5,"mot":"U","mo":45135.0},{"cn":"","ui":"","t":0.0,"r":0.0,"q":0.0,"p":0.0,"mot":"L","mo":0.0}]},{"d":"03.12.2016","r":92737.0,"q":1.56,"p":9.04,"s":[{"ui":"7957134","t":93084.0,"r":88584.0,"q":1.48,"p":9.0,"mot":"U","mo":88584.0},{"cn":"","ui":"","t":5203.0,"r":4153.0,"q":3.3,"p":10.0,"mot":"L","mo":4153.0}]},{"d":"04.12.2016","r":147394.0,"q":1.86,"p":9.15,"s":[{"ui":"7957134","t":140234.0,"r":133234.0,"q":1.83,"p":8.0,"mot":"U","mo":133234.0},{"ui":"7958835","t":14955.0,"r":14160.0,"q":2.15,"p":20.0,"mot":"U","mo":14160.0},{"cn":"","ui":"","t":0.0,"r":0.0,"q":0.0,"p":0.0,"mot":"L","mo":0.0}]},{"d":"05.12.2016","r":19279.0,"q":2.6,"p":10.0,"s":[{"ui":"7960040","t":22336.0,"r":19279.0,"q":2.6,"p":10.0,"mot":"U","mo":19279.0},{"cn":"","ui":"","t":0.0,"r":0.0,"q":0.0,"p":0.0,"mot":"L","mo":0.0}]},{"d":"09.12.2016","r":29600.0,"q":1.76,"p":15.91,"s":[{"ui":"7966485","t":24700.0,"r":24600.0,"q":1.57,"p":10.0,"mot":"U","mo":24600.0},{"ui":"7966379","t":53383.0,"r":53118.0,"q":2.68,"p":45.0,"mot":"L","mo":5000.0},{"cn":"","ui":"","t":0.0,"r":0.0,"q":0.0,"p":0.0,"mot":"L","mo":0.0}]},{"d":"10.12.2016","r":74865.0,"q":2.26,"p":56.31,"s":[{"ui":"7966485","t":41845.0,"r":36345.0,"q":1.56,"p":10.0,"mot":"U","mo":36345.0},{"ui":"7967027","t":38570.0,"r":38520.0,"q":2.92,"p":100.0,"mot":"U","mo":38520.0},{"cn":"","ui":"","t":0.0,"r":0.0,"q":0.0,"p":0.0,"mot":"L","mo":0.0}]},{"d":"11.12.2016","r":49310.0,"q":2.74,"p":98.42,"s":[{"ui":"7967027","t":48310.0,"r":48310.0,"q":2.78,"p":100.0,"mot":"U","mo":48310.0},{"cn":"","ui":"","t":8151.0,"r":1000.0,"q":1.0,"p":22.12,"mot":"L","mo":1000.0}]},{"d":"12.12.2016","r":49250.0,"q":2.78,"p":100.0,"s":[{"ui":"7967027","t":49250.0,"r":49250.0,"q":2.78,"p":100.0,"mot":"U","mo":49250.0},{"cn":"","ui":"","t":0.0,"r":0.0,"q":0.0,"p":0.0,"mot":"L","mo":0.0}]},{"d":"13.12.2016","r":100000.0,"q":2.46,"p":21.0,"s":[{"ui":"7970596","t":183666.0,"r":183516.0,"q":2.46,"p":21.0,"mot":"L","mo":100000.0},{"cn":"","ui":"","t":0.0,"r":0.0,"q":0.0,"p":0.0,"mot":"L","mo":0.0}]},{"d":"14.12.2016","r":173316.0,"q":2.46,"p":21.23,"s":[{"ui":"7970596","t":174316.0,"r":173316.0,"q":2.46,"p":21.23,"mot":"L","mo":173316.0},{"cn":"","ui":"","t":0.0,"r":0.0,"q":0.0,"p":0.0,"mot":"L","mo":0.0}]},{"d":"15.12.2016","r":22666.0,"q":1.0,"p":15.0,"s":[{"ui":"7973990","t":22666.0,"r":22666.0,"q":1.0,"p":15.0,"mot":"U","mo":22666.0},{"cn":"","ui":"","t":0.0,"r":0.0,"q":0.0,"p":0.0,"mot":"L","mo":0.0}]},{"d":"16.12.2016","r":27433.0,"q":2.87,"p":12.56,"s":[{"ui":"7976398","t":28333.0,"r":27333.0,"q":2.84,"p":12.5,"mot":"U","mo":27333.0},{"cn":"","ui":"","t":300.0,"r":100.0,"q":10.0,"p":30.0,"mot":"L","mo":100.0}]},{"d":"17.12.2016","r":30100.0,"q":2.62,"p":20.03,"s":[{"ui":"7976619","t":123370.0,"r":123370.0,"q":2.6,"p":20.0,"mot":"L","mo":30000.0},{"cn":"","ui":"","t":3342.0,"r":100.0,"q":8.01,"p":30.0,"mot":"L","mo":100.0}]},{"d":"18.12.2016","r":300.0,"q":1.0,"p":30.0,"s":[{"ui":"7980222","t":900.0,"r":900.0,"q":1.0,"p":30.0,"mot":"L","mo":300.0},{"cn":"","ui":"","t":0.0,"r":0.0,"q":0.0,"p":0.0,"mot":"L","mo":0.0}]},{"d":"19.12.2016","r":2300.0,"q":2.98,"p":16.96,"s":[{"ui":"7982042","t":22364.0,"r":22364.0,"q":3.28,"p":15.0,"mot":"L","mo":2000.0},{"ui":"7980222","t":8400.0,"r":8400.0,"q":1.0,"p":30.0,"mot":"L","mo":300.0},{"cn":"","ui":"","t":0.0,"r":0.0,"q":0.0,"p":0.0,"mot":"L","mo":0.0}]},{"d":"20.12.2016","r":2100.0,"q":2.57,"p":45.95,"s":[{"ui":"7982042","t":61107.0,"r":61107.0,"q":2.61,"p":45.0,"mot":"L","mo":2000.0},{"cn":"","ui":"","t":48194.0,"r":100.0,"q":1.69,"p":65.0,"mot":"L","mo":100.0}]},{"d":"24.12.2016","r":11121.0,"q":4.19,"p":15.0,"s":[{"ui":"7988624","t":11121.0,"r":11121.0,"q":4.19,"p":15.0,"mot":"U","mo":11121.0},{"cn":"","ui":"","t":0.0,"r":0.0,"q":0.0,"p":0.0,"mot":"L","mo":0.0}]},{"d":"25.12.2016","r":41806.0,"q":1.72,"p":17.23,"s":[{"ui":"7988564","t":21738.0,"r":21638.0,"q":1.98,"p":10.0,"mot":"U","mo":21638.0},{"ui":"7987777","t":20161.0,"r":20161.0,"q":1.45,"p":25.0,"mot":"U","mo":20161.0},{"cn":"","ui":"","t":340.0,"r":7.0,"q":3.29,"p":15.0,"mot":"L","mo":7.0}]},{"d":"26.12.2016","r":1210.0,"q":1.56,"p":10.06,"s":[{"ui":"7988564","t":1195.0,"r":1195.0,"q":1.55,"p":10.0,"mot":"U","mo":1195.0},{"cn":"","ui":"","t":348.0,"r":15.0,"q":2.75,"p":15.0,"mot":"L","mo":15.0}]},{"d":"28.12.2016","r":104603.0,"q":2.46,"p":15.0,"s":[{"ui":"7992297","t":104603.0,"r":104603.0,"q":2.46,"p":15.0,"mot":"U","mo":104603.0},{"cn":"","ui":"","t":0.0,"r":0.0,"q":0.0,"p":0.0,"mot":"L","mo":0.0}]},{"d":"29.12.2016","r":228975.0,"q":2.27,"p":14.78,"s":[{"ui":"7992297","t":218975.0,"r":218975.0,"q":2.22,"p":15.0,"mot":"U","mo":218975.0},{"cn":"","ui":"","t":16333.0,"r":10000.0,"q":3.47,"p":10.0,"mot":"L","mo":10000.0}]},{"d":"30.12.2016","r":10000.0,"q":2.8,"p":10.0,"s":[{"ui":"7995127","t":22010.0,"r":21380.0,"q":2.8,"p":10.0,"mot":"L","mo":10000.0},{"cn":"","ui":"","t":0.0,"r":0.0,"q":0.0,"p":0.0,"mot":"L","mo":0.0}]},{"d":"02.01.2017","r":7743.0,"q":1.0,"p":9.0,"s":[{"ui":"7998463","t":8143.0,"r":7743.0,"q":1.0,"p":9.0,"mot":"L","mo":7743.0},{"cn":"","ui":"","t":0.0,"r":0.0,"q":0.0,"p":0.0,"mot":"L","mo":0.0}]},{"d":"03.01.2017","r":22019.0,"q":2.53,"p":14.64,"s":[{"ui":"7998463","t":1734.0,"r":1329.0,"q":1.0,"p":9.0,"mot":"L","mo":1329.0},{"ui":"7999403","t":20795.0,"r":20690.0,"q":2.63,"p":15.0,"mot":"L","mo":20690.0},{"cn":"","ui":"","t":0.0,"r":0.0,"q":0.0,"p":0.0,"mot":"L","mo":0.0}]},{"d":"04.01.2017","r":75628.0,"q":3.12,"p":8.0,"s":[{"ui":"7999403","t":75628.0,"r":75628.0,"q":3.12,"p":8.0,"mot":"L","mo":75628.0},{"cn":"","ui":"","t":0.0,"r":0.0,"q":0.0,"p":0.0,"mot":"L","mo":0.0}]},{"d":"05.01.2017","r":181551.0,"q":3.08,"p":5.0,"s":[{"ui":"7999403","t":183651.0,"r":181551.0,"q":3.08,"p":5.0,"mot":"L","mo":181551.0},{"cn":"","ui":"","t":0.0,"r":0.0,"q":0.0,"p":0.0,"mot":"L","mo":0.0}]},{"d":"08.01.2017","r":1000.0,"q":2.13,"p":15.0,"s":[{"ui":"8005434","t":129942.0,"r":129442.0,"q":2.13,"p":15.0,"mot":"L","mo":1000.0},{"cn":"","ui":"","t":0.0,"r":0.0,"q":0.0,"p":0.0,"mot":"L","mo":0.0}]},{"d":"09.01.2017","r":3000.0,"q":1.89,"p":21.9,"s":[{"ui":"8005434","t":186339.0,"r":186239.0,"q":1.89,"p":21.9,"mot":"L","mo":3000.0},{"cn":"","ui":"","t":0.0,"r":0.0,"q":0.0,"p":0.0,"mot":"L","mo":0.0}]},{"d":"10.01.2017","r":29642.0,"q":2.87,"p":10.31,"s":[{"ui":"8008106","t":26792.0,"r":26642.0,"q":2.99,"p":9.0,"mot":"U","mo":26642.0},{"ui":"8005434","t":200227.0,"r":200227.0,"q":1.83,"p":21.9,"mot":"L","mo":3000.0},{"cn":"","ui":"","t":0.0,"r":0.0,"q":0.0,"p":0.0,"mot":"L","mo":0.0}]},{"d":"12.01.2017","r":35000.0,"q":2.98,"p":13.0,"s":[{"ui":"8010600","t":35000.0,"r":35000.0,"q":2.98,"p":13.0,"mot":"U","mo":35000.0},{"cn":"","ui":"","t":0.0,"r":0.0,"q":0.0,"p":0.0,"mot":"L","mo":0.0}]},{"d":"15.01.2017","r":13966.0,"q":1.0,"p":2130.0,"s":[{"ui":"8014116","t":13966.0,"r":13966.0,"q":1.0,"p":2130.0,"mot":"U","mo":13966.0},{"cn":"","ui":"","t":0.0,"r":0.0,"q":0.0,"p":0.0,"mot":"L","mo":0.0}]},{"d":"16.01.2017","r":79041.0,"q":2.23,"p":15.98,"s":[{"ui":"8014116","t":15233.0,"r":15233.0,"q":1.0,"p":53.62,"mot":"U","mo":15233.0},{"ui":"8015725","t":63808.0,"r":63808.0,"q":2.52,"p":7.0,"mot":"U","mo":63808.0},{"cn":"","ui":"","t":0.0,"r":0.0,"q":0.0,"p":0.0,"mot":"L","mo":0.0}]},{"d":"17.01.2017","r":56449.0,"q":2.51,"p":7.0,"s":[{"ui":"8015725","t":57049.0,"r":56449.0,"q":2.51,"p":7.0,"mot":"U","mo":56449.0},{"cn":"","ui":"","t":0.0,"r":0.0,"q":0.0,"p":0.0,"mot":"L","mo":0.0}]},{"d":"18.01.2017","r":8224.0,"q":2.46,"p":3.0,"s":[{"ui":"8018526","t":18224.0,"r":8224.0,"q":2.46,"p":3.0,"mot":"U","mo":8224.0},{"cn":"","ui":"","t":0.0,"r":0.0,"q":0.0,"p":0.0,"mot":"L","mo":0.0}]},{"d":"19.01.2017","r":299199.0,"q":2.61,"p":19.36,"s":[{"ui":"8019122","t":113264.0,"r":112964.0,"q":2.57,"p":20.0,"mot":"U","mo":112964.0},{"ui":"8018526","t":81220.0,"r":81115.0,"q":2.07,"p":18.0,"mot":"U","mo":81115.0},{"ui":"8019418","t":86585.0,"r":86585.0,"q":3.3,"p":22.0,"mot":"U","mo":86585.0},{"ui":"8018957","t":18535.0,"r":18535.0,"q":1.98,"p":9.0,"mot":"U","mo":18535.0},{"cn":"","ui":"","t":0.0,"r":0.0,"q":0.0,"p":0.0,"mot":"L","mo":0.0}]},{"d":"20.01.2017","r":365569.0,"q":2.48,"p":18.45,"s":[{"ui":"8019122","t":237356.0,"r":237056.0,"q":2.41,"p":20.0,"mot":"U","mo":237056.0},{"ui":"8019418","t":62567.0,"r":47567.0,"q":3.36,"p":22.0,"mot":"U","mo":47567.0},{"ui":"8019195","t":50549.0,"r":49549.0,"q":1.96,"p":10.0,"mot":"U","mo":49549.0},{"cn":"","ui":"","t":33396.0,"r":31397.0,"q":2.47,"p":14.75,"mot":"L","mo":31397.0}]},{"d":"21.01.2017","r":332870.0,"q":2.21,"p":17.69,"s":[{"ui":"8019122","t":261944.0,"r":256944.0,"q":2.33,"p":20.0,"mot":"U","mo":256944.0},{"ui":"8019195","t":67676.0,"r":67526.0,"q":1.65,"p":10.0,"mot":"U","mo":67526.0},{"cn":"","ui":"","t":8400.0,"r":8400.0,"q":2.86,"p":9.0,"mot":"L","mo":8400.0}]},{"d":"22.01.2017","r":1000.0,"q":2.9,"p":15.0,"s":[{"ui":"8022982","t":16666.0,"r":15666.0,"q":2.9,"p":15.0,"mot":"L","mo":1000.0},{"cn":"","ui":"","t":0.0,"r":0.0,"q":0.0,"p":0.0,"mot":"L","mo":0.0}]},{"d":"23.01.2017","r":35899.0,"q":2.92,"p":14.92,"s":[{"ui":"8024497","t":34000.0,"r":33900.0,"q":2.98,"p":15.0,"mot":"U","mo":33900.0},{"cn":"","ui":"","t":14970.0,"r":1999.0,"q":1.96,"p":13.5,"mot":"L","mo":1999.0}]},{"d":"24.01.2017","r":94301.0,"q":2.71,"p":16.46,"s":[{"ui":"8026308","t":10999.0,"r":10989.0,"q":10.0,"p":40.0,"mot":"U","mo":10989.0},{"ui":"8024497","t":31700.0,"r":31600.0,"q":2.98,"p":15.0,"mot":"U","mo":31600.0},{"ui":"8025356","t":47812.0,"r":46712.0,"q":1.0,"p":11.0,"mot":"L","mo":46712.0},{"ui":"8026729","t":5000.0,"r":5000.0,"q":1.0,"p":25.0,"mot":"U","mo":5000.0},{"cn":"","ui":"","t":0.0,"r":0.0,"q":0.0,"p":0.0,"mot":"L","mo":0.0}]},{"d":"25.01.2017","r":103263.0,"q":2.9,"p":12.83,"s":[{"ui":"8024497","t":31095.0,"r":31095.0,"q":2.98,"p":15.0,"mot":"U","mo":31095.0},{"ui":"8028172","t":26441.0,"r":26441.0,"q":3.0,"p":15.0,"mot":"U","mo":26441.0},{"ui":"8026859","t":45727.0,"r":45727.0,"q":2.79,"p":10.11,"mot":"U","mo":45727.0},{"cn":"","ui":"","t":0.0,"r":0.0,"q":0.0,"p":0.0,"mot":"L","mo":0.0}]},{"d":"26.01.2017","r":86502.0,"q":2.47,"p":10.11,"s":[{"ui":"8026859","t":86602.0,"r":86502.0,"q":2.47,"p":10.11,"mot":"U","mo":86502.0},{"cn":"","ui":"","t":0.0,"r":0.0,"q":0.0,"p":0.0,"mot":"L","mo":0.0}]},{"d":"27.01.2017","r":35333.0,"q":2.83,"p":15.0,"s":[{"ui":"8028172","t":35333.0,"r":35333.0,"q":2.83,"p":15.0,"mot":"U","mo":35333.0},{"cn":"","ui":"","t":0.0,"r":0.0,"q":0.0,"p":0.0,"mot":"L","mo":0.0}]},{"d":"30.01.2017","r":100060.0,"q":1.8,"p":624.77,"s":[{"ui":"8032692","t":61439.0,"r":61339.0,"q":1.0,"p":1000.0,"mot":"U","mo":61339.0},{"ui":"8032285","t":33833.0,"r":33833.0,"q":3.38,"p":20.0,"mot":"U","mo":33833.0},{"cn":"","ui":"","t":4888.0,"r":4888.0,"q":1.0,"p":102.0,"mot":"L","mo":4888.0}]},{"d":"31.01.2017","r":4858.0,"q":1.0,"p":102.0,"s":[{"ui":"8033240","t":4858.0,"r":4858.0,"q":1.0,"p":102.0,"mot":"U","mo":4858.0},{"cn":"","ui":"","t":0.0,"r":0.0,"q":0.0,"p":0.0,"mot":"L","mo":0.0}]},{"d":"02.02.2017","r":34975.0,"q":2.71,"p":30.0,"s":[{"ui":"8036442","t":34975.0,"r":34975.0,"q":2.71,"p":30.0,"mot":"U","mo":34975.0},{"cn":"","ui":"","t":0.0,"r":0.0,"q":0.0,"p":0.0,"mot":"L","mo":0.0}]},{"d":"06.02.2017","r":22905.0,"q":3.14,"p":15.45,"s":[{"ui":"8041026","t":22605.0,"r":21905.0,"q":3.15,"p":15.2,"mot":"U","mo":21905.0},{"cn":"","ui":"","t":35033.0,"r":1000.0,"q":2.97,"p":21.0,"mot":"L","mo":1000.0}]},{"d":"07.02.2017","r":1000.0,"q":2.97,"p":21.0,"s":[{"ui":"8041081","t":32833.0,"r":32833.0,"q":2.97,"p":21.0,"mot":"L","mo":1000.0},{"cn":"","ui":"","t":0.0,"r":0.0,"q":0.0,"p":0.0,"mot":"L","mo":0.0}]},{"d":"10.02.2017","r":2.0,"q":4.17,"p":10.0,"s":[{"ui":"8044281","t":1068.0,"r":2.0,"q":4.17,"p":10.0,"mot":"U","mo":2.0},{"cn":"","ui":"","t":0.0,"r":0.0,"q":0.0,"p":0.0,"mot":"L","mo":0.0}]},{"d":"12.02.2017","r":142567.0,"q":1.78,"p":10.98,"s":[{"ui":"8047237","t":25057.0,"r":16707.0,"q":2.48,"p":22.0,"mot":"U","mo":16707.0},{"ui":"8046572","t":125865.0,"r":121765.0,"q":1.57,"p":9.0,"mot":"U","mo":121765.0},{"cn":"","ui":"","t":4095.0,"r":4095.0,"q":5.0,"p":25.0,"mot":"L","mo":4095.0}]},{"d":"13.02.2017","r":227593.0,"q":1.76,"p":25.83,"s":[{"ui":"8049040","t":48213.0,"r":47613.0,"q":2.47,"p":80.0,"mot":"U","mo":47613.0},{"ui":"8047560","t":150000.0,"r":150000.0,"q":1.57,"p":12.0,"mot":"U","mo":150000.0},{"ui":"8046572","t":42240.0,"r":29980.0,"q":1.57,"p":9.0,"mot":"U","mo":29980.0},{"cn":"","ui":"","t":0.0,"r":0.0,"q":0.0,"p":0.0,"mot":"L","mo":0.0}]},{"d":"14.02.2017","r":3608.0,"q":1.0,"p":15.0,"s":[{"ui":"8050348","t":10000.0,"r":3608.0,"q":1.0,"p":15.0,"mot":"U","mo":3608.0},{"cn":"","ui":"","t":0.0,"r":0.0,"q":0.0,"p":0.0,"mot":"L","mo":0.0}]},{"d":"15.02.2017","r":26888.0,"q":2.14,"p":15.0,"s":[{"ui":"8050348","t":51820.0,"r":26888.0,"q":2.14,"p":15.0,"mot":"U","mo":26888.0},{"cn":"","ui":"","t":0.0,"r":0.0,"q":0.0,"p":0.0,"mot":"L","mo":0.0}]},{"d":"19.02.2017","r":125741.0,"q":2.73,"p":11.33,"s":[{"ui":"8056026","t":66751.0,"r":41261.0,"q":2.13,"p":12.0,"mot":"U","mo":41261.0},{"ui":"8056536","t":85180.0,"r":84480.0,"q":3.02,"p":11.0,"mot":"U","mo":84480.0},{"cn":"","ui":"","t":0.0,"r":0.0,"q":0.0,"p":0.0,"mot":"L","mo":0.0}]},{"d":"21.02.2017","r":19000.0,"q":1.33,"p":9.0,"s":[{"ui":"8058696","t":184241.0,"r":142082.0,"q":1.41,"p":9.0,"mot":"L","mo":9000.0},{"ui":"8059140","t":66460.0,"r":53355.0,"q":1.26,"p":9.0,"mot":"L","mo":10000.0},{"cn":"","ui":"","t":0.0,"r":0.0,"q":0.0,"p":0.0,"mot":"L","mo":0.0}]},{"d":"22.02.2017","r":20000.0,"q":2.12,"p":9.0,"s":[{"ui":"8058696","t":466183.0,"r":351667.0,"q":2.12,"p":9.0,"mot":"L","mo":20000.0},{"cn":"","ui":"","t":0.0,"r":0.0,"q":0.0,"p":0.0,"mot":"L","mo":0.0}]},{"d":"23.02.2017","r":4200.0,"q":4.33,"p":27.94,"s":[{"ui":"8062877","t":4250.0,"r":4200.0,"q":4.33,"p":27.94,"mot":"U","mo":4200.0},{"cn":"","ui":"","t":0.0,"r":0.0,"q":0.0,"p":0.0,"mot":"L","mo":0.0}]},{"d":"24.02.2017","r":2950.0,"q":4.33,"p":27.94,"s":[{"ui":"8062877","t":3000.0,"r":2950.0,"q":4.33,"p":27.94,"mot":"U","mo":2950.0},{"cn":"","ui":"","t":0.0,"r":0.0,"q":0.0,"p":0.0,"mot":"L","mo":0.0}]},{"d":"25.02.2017","r":26651.0,"q":3.03,"p":19.65,"s":[{"ui":"8062877","t":1850.0,"r":1800.0,"q":4.33,"p":27.94,"mot":"U","mo":1800.0},{"ui":"8064884","t":178709.0,"r":5943.0,"q":2.52,"p":14.0,"mot":"U","mo":5943.0},{"ui":"8066441","t":25724.0,"r":25724.0,"q":3.06,"p":20.64,"mot":"L","mo":18908.0},{"cn":"","ui":"","t":0.0,"r":0.0,"q":0.0,"p":0.0,"mot":"L","mo":0.0}]},{"d":"26.02.2017","r":146577.0,"q":2.99,"p":43.79,"s":[{"ui":"8067364","t":101109.0,"r":100909.0,"q":3.0,"p":21.15,"mot":"U","mo":100909.0},{"ui":"8067645","t":28156.0,"r":26806.0,"q":2.99,"p":150.0,"mot":"U","mo":26806.0},{"ui":"8066441","t":22012.0,"r":18862.0,"q":2.93,"p":13.99,"mot":"L","mo":18862.0},{"cn":"","ui":"","t":0.0,"r":0.0,"q":0.0,"p":0.0,"mot":"L","mo":0.0}]},{"d":"27.02.2017","r":45001.0,"q":2.59,"p":24.81,"s":[{"ui":"8067645","t":45868.0,"r":43668.0,"q":2.64,"p":25.0,"mot":"U","mo":43668.0},{"cn":"","ui":"","t":1333.0,"r":1333.0,"q":1.0,"p":18.65,"mot":"L","mo":1333.0}]},{"d":"28.02.2017","r":34034.0,"q":2.2,"p":209.57,"s":[{"ui":"8069194","t":10760.0,"r":10612.0,"q":1.0,"p":9.99,"mot":"U","mo":10612.0},{"ui":"8069948","t":23922.0,"r":23422.0,"q":2.74,"p":300.0,"mot":"U","mo":23422.0},{"cn":"","ui":"","t":0.0,"r":0.0,"q":0.0,"p":0.0,"mot":"L","mo":0.0}]},{"d":"01.03.2017","r":43121.0,"q":2.78,"p":96.88,"s":[{"ui":"8071873","t":29250.0,"r":28600.0,"q":2.75,"p":80.0,"mot":"U","mo":28600.0},{"ui":"8072097","t":12459.0,"r":12459.0,"q":3.16,"p":150.0,"mot":"U","mo":12459.0},{"cn":"","ui":"","t":2142.0,"r":2062.0,"q":1.0,"p":9.99,"mot":"L","mo":2062.0}]},{"d":"02.03.2017","r":150361.0,"q":1.58,"p":56.83,"s":[{"ui":"8071873","t":37803.0,"r":36183.0,"q":2.54,"p":95.0,"mot":"U","mo":36183.0},{"ui":"8072034","t":123455.0,"r":92455.0,"q":1.0,"p":20.0,"mot":"U","mo":92455.0},{"ui":"8072097","t":21723.0,"r":21723.0,"q":2.45,"p":150.0,"mot":"U","mo":21723.0},{"cn":"","ui":"","t":0.0,"r":0.0,"q":0.0,"p":0.0,"mot":"L","mo":0.0}]},{"d":"03.03.2017","r":41711.0,"q":1.78,"p":18.54,"s":[{"cn":"Mihon89 Инвест","ui":"8074280","t":12221.0,"r":12221.0,"q":1.0,"p":15.0,"mot":"U","mo":12221.0},{"cn":"Steffycolombia Limited","ui":"8072034","t":134555.0,"r":29490.0,"q":2.1,"p":20.0,"mot":"U","mo":29490.0},{"cn":"","ui":"","t":0.0,"r":0.0,"q":0.0,"p":0.0,"mot":"L","mo":0.0}]},{"d":"04.03.2017","r":8621.0,"q":1.0,"p":15.0,"s":[{"cn":"Mihon89 Инвест","ui":"8074280","t":9621.0,"r":8621.0,"q":1.0,"p":15.0,"mot":"U","mo":8621.0},{"cn":"","ui":"","t":0.0,"r":0.0,"q":0.0,"p":0.0,"mot":"L","mo":0.0}]},{"d":"05.03.2017","r":47179.0,"q":2.92,"p":19.34,"s":[{"cn":"Test 2","ui":"8077071","t":40658.0,"r":40358.0,"q":3.24,"p":20.0,"mot":"U","mo":40358.0},{"cn":"Fernandez Merino Finance","ui":"8076744","t":7283.0,"r":6758.0,"q":1.0,"p":15.5,"mot":"U","mo":6758.0},{"cn":"","ui":"","t":6493.0,"r":63.0,"q":2.9,"p":11.0,"mot":"L","mo":63.0}]},{"d":"06.03.2017","r":187878.0,"q":2.56,"p":16.68,"s":[{"cn":"ОСА Финанс","ui":"8078591","t":145450.0,"r":143050.0,"q":2.52,"p":16.0,"mot":"U","mo":143050.0},{"cn":"Test 2","ui":"8077071","t":33758.0,"r":33458.0,"q":3.24,"p":20.0,"mot":"U","mo":33458.0},{"cn":"Fernandez Merino Finance","ui":"8076744","t":11470.0,"r":11370.0,"q":1.0,"p":15.5,"mot":"U","mo":11370.0},{"cn":"","ui":"","t":0.0,"r":0.0,"q":0.0,"p":0.0,"mot":"L","mo":0.0}]},{"d":"07.03.2017","r":86904.0,"q":2.87,"p":16.33,"s":[{"cn":"ОСА Финанс","ui":"8080320","t":54546.0,"r":53146.0,"q":2.64,"p":14.0,"mot":"U","mo":53146.0},{"cn":"Test 2","ui":"8077071","t":33758.0,"r":33758.0,"q":3.24,"p":20.0,"mot":"U","mo":33758.0},{"cn":"","ui":"","t":0.0,"r":0.0,"q":0.0,"p":0.0,"mot":"L","mo":0.0}]},{"d":"08.03.2017","r":168923.0,"q":2.24,"p":15.1,"s":[{"cn":"GRUPO EDUCATIVO E INVERSIONISTA ANLAZ","ui":"8079364","t":130292.0,"r":130292.0,"q":1.9,"p":17.9,"mot":"L","mo":47740.0},{"cn":"ОСА Финанс","ui":"8080320","t":121149.0,"r":121149.0,"q":2.37,"p":14.0,"mot":"U","mo":121149.0},{"cn":"","ui":"","t":33368.0,"r":34.0,"q":1.81,"p":1.0,"mot":"L","mo":34.0}]},{"d":"10.03.2017","r":125633.0,"q":2.38,"p":13.8,"s":[{"cn":"ОСА Финанс","ui":"8080320","t":120649.0,"r":120599.0,"q":2.37,"p":14.0,"mot":"U","mo":120599.0},{"cn":"","ui":"","t":64518.0,"r":5034.0,"q":2.51,"p":8.95,"mot":"L","mo":5034.0}]},{"d":"17.03.2017","r":1600.0,"q":5.0,"p":50.0,"s":[{"cn":"Yamkovenko Финанс","ui":"8092239","t":1700.0,"r":1600.0,"q":5.0,"p":50.0,"mot":"U","mo":1600.0},{"cn":"","ui":"","t":0.0,"r":0.0,"q":0.0,"p":0.0,"mot":"L","mo":0.0}]},{"d":"24.03.2017","r":18606.0,"q":2.28,"p":165.0,"s":[{"cn":"Shukla Incorporated","ui":"8098710","t":18626.0,"r":18606.0,"q":2.28,"p":165.0,"mot":"U","mo":18606.0},{"cn":"","ui":"","t":0.0,"r":0.0,"q":0.0,"p":0.0,"mot":"L","mo":0.0}]},{"d":"25.03.2017","r":19254.0,"q":2.24,"p":165.0,"s":[{"cn":"Shukla Incorporated","ui":"8098710","t":19254.0,"r":19254.0,"q":2.24,"p":165.0,"mot":"U","mo":19254.0},{"cn":"","ui":"","t":0.0,"r":0.0,"q":0.0,"p":0.0,"mot":"L","mo":0.0}]},{"d":"26.03.2017","r":85795.0,"q":2.95,"p":50.0,"s":[{"cn":"I","ui":"8102585","t":90895.0,"r":85795.0,"q":2.95,"p":50.0,"mot":"U","mo":85795.0},{"cn":"","ui":"","t":0.0,"r":0.0,"q":0.0,"p":0.0,"mot":"L","mo":0.0}]},{"d":"27.03.2017","r":123410.0,"q":2.85,"p":6000.0,"s":[{"cn":"Король","ui":"8103243","t":123410.0,"r":123410.0,"q":2.85,"p":6000.0,"mot":"U","mo":123410.0},{"cn":"","ui":"","t":0.0,"r":0.0,"q":0.0,"p":0.0,"mot":"L","mo":0.0}]},{"d":"28.03.2017","r":297654.0,"q":2.66,"p":4556.9,"s":[{"cn":"Король","ui":"8103243","t":225884.0,"r":225884.0,"q":2.69,"p":6000.0,"mot":"U","mo":225884.0},{"cn":"Castru\u0027s Group","ui":"8105008","t":70870.0,"r":70770.0,"q":2.58,"p":15.0,"mot":"U","mo":70770.0},{"cn":"","ui":"","t":1000.0,"r":1000.0,"q":1.0,"p":15.0,"mot":"L","mo":1000.0}]},{"d":"29.03.2017","r":399022.0,"q":2.53,"p":4424.9,"s":[{"cn":"Король","ui":"8103243","t":293869.0,"r":293869.0,"q":2.56,"p":6000.0,"mot":"U","mo":293869.0},{"cn":"Castru\u0027s Group","ui":"8105008","t":105403.0,"r":105153.0,"q":2.44,"p":23.0,"mot":"U","mo":105153.0},{"cn":"","ui":"","t":0.0,"r":0.0,"q":0.0,"p":0.0,"mot":"L","mo":0.0}]},{"d":"02.04.2017","r":91807.0,"q":2.35,"p":25.0,"s":[{"cn":"W.O.L.F. Group","ui":"8110543","t":92407.0,"r":91807.0,"q":2.35,"p":25.0,"mot":"U","mo":91807.0},{"cn":"","ui":"","t":0.0,"r":0.0,"q":0.0,"p":0.0,"mot":"L","mo":0.0}]},{"d":"03.04.2017","r":1000.0,"q":2.91,"p":23.0,"s":[{"cn":"Venezuela","ui":"8111895","t":35234.0,"r":35234.0,"q":2.91,"p":23.0,"mot":"L","mo":1000.0},{"cn":"","ui":"","t":0.0,"r":0.0,"q":0.0,"p":0.0,"mot":"L","mo":0.0}]},{"d":"05.04.2017","r":1200.0,"q":2.07,"p":49.83,"s":[{"cn":"KlimAV Logistics","ui":"8113289","t":5000.0,"r":4800.0,"q":1.0,"p":49.0,"mot":"L","mo":200.0},{"cn":"Venezuela","ui":"8111895","t":162336.0,"r":162336.0,"q":2.28,"p":50.0,"mot":"L","mo":1000.0},{"cn":"","ui":"","t":0.0,"r":0.0,"q":0.0,"p":0.0,"mot":"L","mo":0.0}]},{"d":"06.04.2017","r":18239.0,"q":1.1,"p":496.21,"s":[{"cn":"KlimAV Logistics","ui":"8113289","t":17690.0,"r":17360.0,"q":1.0,"p":15.0,"mot":"U","mo":17360.0},{"cn":"","ui":"","t":6879.0,"r":879.0,"q":3.03,"p":10000.0,"mot":"L","mo":879.0}]},{"d":"07.04.2017","r":84620.0,"q":2.3,"p":40922.09,"s":[{"cn":"Александра","ui":"8116520","t":36123.0,"r":34623.0,"q":2.94,"p":100000.0,"mot":"U","mo":34623.0},{"cn":"VASIL","ui":"8116459","t":24132.0,"r":24132.0,"q":2.46,"p":8.0,"mot":"U","mo":24132.0},{"cn":"KlimAV Logistics","ui":"8113289","t":13350.0,"r":12350.0,"q":1.0,"p":15.0,"mot":"U","mo":12350.0},{"cn":"25","ui":"8115643","t":19798.0,"r":13515.0,"q":1.56,"p":11.0,"mot":"U","mo":13515.0},{"cn":"","ui":"","t":0.0,"r":0.0,"q":0.0,"p":0.0,"mot":"L","mo":0.0}]},{"d":"08.04.2017","r":180516.0,"q":2.58,"p":91909.09,"s":[{"cn":"Александра","ui":"8116520","t":165909.0,"r":165909.0,"q":2.67,"p":100000.0,"mot":"U","mo":165909.0},{"cn":"25","ui":"8115643","t":23240.0,"r":14607.0,"q":1.57,"p":11.0,"mot":"U","mo":14607.0},{"cn":"","ui":"","t":0.0,"r":0.0,"q":0.0,"p":0.0,"mot":"L","mo":0.0}]},{"d":"09.04.2017","r":318137.0,"q":2.91,"p":91969.3,"s":[{"cn":"Александра","ui":"8116520","t":292583.0,"r":292583.0,"q":2.53,"p":100000.0,"mot":"U","mo":292583.0},{"cn":"mr.p.i.96 Финанс","ui":"8119021","t":25554.0,"r":25554.0,"q":7.3,"p":21.0,"mot":"U","mo":25554.0},{"cn":"","ui":"","t":0.0,"r":0.0,"q":0.0,"p":0.0,"mot":"L","mo":0.0}]},{"d":"10.04.2017","r":111048.0,"q":3.25,"p":1000000.0,"s":[{"cn":"G00LD","ui":"8119529","t":111203.0,"r":111048.0,"q":3.25,"p":1000000.0,"mot":"U","mo":111048.0},{"cn":"","ui":"","t":0.0,"r":0.0,"q":0.0,"p":0.0,"mot":"L","mo":0.0}]},{"d":"11.04.2017","r":272902.0,"q":3.02,"p":846730.32,"s":[{"cn":"G00LD","ui":"8119529","t":231229.0,"r":231074.0,"q":3.12,"p":1000000.0,"mot":"U","mo":231074.0},{"cn":"Desmarins Coach Ltd","ui":"8121521","t":41828.0,"r":41828.0,"q":2.48,"p":9.5,"mot":"U","mo":41828.0},{"cn":"","ui":"","t":0.0,"r":0.0,"q":0.0,"p":0.0,"mot":"L","mo":0.0}]},{"d":"12.04.2017","r":324556.0,"q":2.97,"p":1000000.0,"s":[{"cn":"G00LD","ui":"8119529","t":324680.0,"r":324556.0,"q":2.97,"p":1000000.0,"mot":"U","mo":324556.0},{"cn":"","ui":"","t":0.0,"r":0.0,"q":0.0,"p":0.0,"mot":"L","mo":0.0}]},{"d":"16.04.2017","r":15000.0,"q":1.94,"p":13.0,"s":[{"cn":"boss-uvarkin Инвест","ui":"8127077","t":45438.0,"r":45338.0,"q":1.94,"p":13.0,"mot":"L","mo":15000.0},{"cn":"","ui":"","t":0.0,"r":0.0,"q":0.0,"p":0.0,"mot":"L","mo":0.0}]},{"d":"17.04.2017","r":15000.0,"q":1.8,"p":13.0,"s":[{"cn":"boss-uvarkin Инвест","ui":"8127077","t":52229.0,"r":52129.0,"q":1.8,"p":13.0,"mot":"L","mo":15000.0},{"cn":"","ui":"","t":0.0,"r":0.0,"q":0.0,"p":0.0,"mot":"L","mo":0.0}]},{"d":"18.04.2017","r":16984.0,"q":3.38,"p":632.17,"s":[{"cn":"MS Prods","ui":"8129467","t":10408.0,"r":10408.0,"q":3.43,"p":1000.0,"mot":"U","mo":10408.0},{"cn":"FENOMEN","ui":"8129710","t":11576.0,"r":6576.0,"q":3.3,"p":50.0,"mot":"U","mo":6576.0},{"cn":"","ui":"","t":0.0,"r":0.0,"q":0.0,"p":0.0,"mot":"L","mo":0.0}]},{"d":"19.04.2017","r":24772.0,"q":3.3,"p":524.29,"s":[{"cn":"MS Prods","ui":"8129467","t":12784.0,"r":12784.0,"q":2.98,"p":1000.0,"mot":"U","mo":12784.0},{"cn":"Isamar Online","ui":"8130501","t":12109.0,"r":11988.0,"q":3.65,"p":17.0,"mot":"U","mo":11988.0},{"cn":"","ui":"","t":0.0,"r":0.0,"q":0.0,"p":0.0,"mot":"L","mo":0.0}]},{"d":"21.04.2017","r":1557.0,"q":1.0,"p":27.0,"s":[{"cn":"Skorpion","ui":"8132233","t":1557.0,"r":1557.0,"q":1.0,"p":27.0,"mot":"U","mo":1557.0},{"cn":"","ui":"","t":0.0,"r":0.0,"q":0.0,"p":0.0,"mot":"L","mo":0.0}]},{"d":"22.04.2017","r":144370.0,"q":1.87,"p":11.0,"s":[{"cn":"relicton Финанс","ui":"8132829","t":150510.0,"r":144370.0,"q":1.87,"p":11.0,"mot":"U","mo":144370.0},{"cn":"","ui":"","t":0.0,"r":0.0,"q":0.0,"p":0.0,"mot":"L","mo":0.0}]},{"d":"23.04.2017","r":37758.0,"q":2.42,"p":13.2,"s":[{"cn":"Jantwel Inc.","ui":"8134891","t":25866.0,"r":24666.0,"q":3.18,"p":12.0,"mot":"U","mo":24666.0},{"cn":"Skorpion","ui":"8132233","t":13092.0,"r":13092.0,"q":1.0,"p":15.45,"mot":"U","mo":13092.0},{"cn":"","ui":"","t":0.0,"r":0.0,"q":0.0,"p":0.0,"mot":"L","mo":0.0}]},{"d":"24.04.2017","r":9866.0,"q":3.91,"p":16.0,"s":[{"cn":"хз","ui":"8135997","t":9866.0,"r":9866.0,"q":3.91,"p":16.0,"mot":"U","mo":9866.0},{"cn":"","ui":"","t":0.0,"r":0.0,"q":0.0,"p":0.0,"mot":"L","mo":0.0}]},{"d":"26.04.2017","r":19190.0,"q":2.49,"p":14.0,"s":[{"cn":"Egil Industries","ui":"8138084","t":19315.0,"r":19190.0,"q":2.49,"p":14.0,"mot":"U","mo":19190.0},{"cn":"","ui":"","t":0.0,"r":0.0,"q":0.0,"p":0.0,"mot":"L","mo":0.0}]},{"d":"27.04.2017","r":5000.0,"q":2.34,"p":13.0,"s":[{"cn":"Egil Industries","ui":"8138084","t":17127.0,"r":13127.0,"q":2.34,"p":13.0,"mot":"L","mo":5000.0},{"cn":"","ui":"","t":0.0,"r":0.0,"q":0.0,"p":0.0,"mot":"L","mo":0.0}]},{"d":"28.04.2017","r":3110.0,"q":2.42,"p":16.0,"s":[{"cn":"Egil Industries","ui":"8138084","t":8110.0,"r":3110.0,"q":2.42,"p":16.0,"mot":"L","mo":3110.0},{"cn":"","ui":"","t":0.0,"r":0.0,"q":0.0,"p":0.0,"mot":"L","mo":0.0}]},{"d":"01.05.2017","r":279942.0,"q":2.56,"p":64.37,"s":[{"cn":"Трайд","ui":"8141373","t":31063.0,"r":31063.0,"q":1.83,"p":500.0,"mot":"L","mo":31063.0},{"cn":"Hanako14 Инвест","ui":"8140953","t":249679.0,"r":248879.0,"q":2.65,"p":10.0,"mot":"U","mo":248879.0},{"cn":"","ui":"","t":0.0,"r":0.0,"q":0.0,"p":0.0,"mot":"L","mo":0.0}]},{"d":"02.05.2017","r":90858.0,"q":2.76,"p":14.55,"s":[{"cn":"инвест финансы","ui":"8142676","t":102956.0,"r":101956.0,"q":2.69,"p":19.0,"mot":"L","mo":10000.0},{"cn":"afentoulisioann Incorporated","ui":"8143119","t":80958.0,"r":80858.0,"q":2.77,"p":14.0,"mot":"U","mo":80858.0},{"cn":"","ui":"","t":0.0,"r":0.0,"q":0.0,"p":0.0,"mot":"L","mo":0.0}]},{"d":"03.05.2017","r":5000.0,"q":3.44,"p":13.0,"s":[{"cn":"финан финанс","ui":"8144601","t":33300.0,"r":32900.0,"q":3.44,"p":13.0,"mot":"L","mo":5000.0},{"cn":"","ui":"","t":0.0,"r":0.0,"q":0.0,"p":0.0,"mot":"L","mo":0.0}]},{"d":"04.05.2017","r":36000.0,"q":2.67,"p":12.29,"s":[{"cn":"ARRCO Holding","ui":"8144606","t":41666.0,"r":41666.0,"q":2.66,"p":12.5,"mot":"L","mo":35000.0},{"cn":"","ui":"","t":32430.0,"r":1000.0,"q":2.93,"p":5.0,"mot":"L","mo":1000.0}]},{"d":"12.05.2017","r":27750.0,"q":2.96,"p":6.0,"s":[{"cn":"WebSlate","ui":"8153736","t":28200.0,"r":27750.0,"q":2.96,"p":6.0,"mot":"U","mo":27750.0},{"cn":"","ui":"","t":0.0,"r":0.0,"q":0.0,"p":0.0,"mot":"L","mo":0.0}]},{"d":"16.05.2017","r":7000.0,"q":2.59,"p":15.86,"s":[{"cn":"_Economic_","ui":"8158751","t":97492.0,"r":97492.0,"q":2.65,"p":23.0,"mot":"L","mo":2000.0},{"cn":"Kэт Инвест","ui":"8158462","t":175604.0,"r":175364.0,"q":2.56,"p":13.0,"mot":"L","mo":5000.0},{"cn":"","ui":"","t":0.0,"r":0.0,"q":0.0,"p":0.0,"mot":"L","mo":0.0}]},{"d":"17.05.2017","r":5000.0,"q":2.51,"p":13.0,"s":[{"cn":"Kэт Инвест","ui":"8158462","t":247314.0,"r":247314.0,"q":2.51,"p":13.0,"mot":"L","mo":5000.0},{"cn":"","ui":"","t":0.0,"r":0.0,"q":0.0,"p":0.0,"mot":"L","mo":0.0}]},{"d":"20.05.2017","r":15000.0,"q":2.8,"p":15.0,"s":[{"cn":"Apple Mix","ui":"8162515","t":30000.0,"r":25000.0,"q":2.8,"p":15.0,"mot":"L","mo":15000.0},{"cn":"","ui":"","t":0.0,"r":0.0,"q":0.0,"p":0.0,"mot":"L","mo":0.0}]},{"d":"21.05.2017","r":34100.0,"q":2.45,"p":12.0,"s":[{"cn":"ArtGruzov","ui":"8163168","t":33600.0,"r":33600.0,"q":2.44,"p":12.0,"mot":"U","mo":33600.0},{"cn":"","ui":"","t":41666.0,"r":500.0,"q":2.84,"p":12.0,"mot":"L","mo":500.0}]},{"d":"22.05.2017","r":108317.0,"q":2.62,"p":16.46,"s":[{"cn":"Puebla Finance","ui":"8164906","t":21364.0,"r":21364.0,"q":3.32,"p":15.0,"mot":"U","mo":21364.0},{"cn":"ArtGruzov","ui":"8163168","t":30000.0,"r":30000.0,"q":2.44,"p":12.0,"mot":"U","mo":30000.0},{"cn":"MengesDirect","ui":"8162206","t":6500.0,"r":6500.0,"q":2.84,"p":15.0,"mot":"U","mo":6500.0},{"cn":"Ecuador UCSG","ui":"8164283","t":51053.0,"r":49953.0,"q":2.39,"p":20.0,"mot":"U","mo":49953.0},{"cn":"","ui":"","t":22166.0,"r":500.0,"q":2.84,"p":12.0,"mot":"L","mo":500.0}]},{"d":"23.05.2017","r":105906.0,"q":2.43,"p":16.63,"s":[{"cn":"Puebla Finance","ui":"8164906","t":27453.0,"r":27453.0,"q":2.2,"p":15.0,"mot":"U","mo":27453.0},{"cn":"ArtGruzov","ui":"8163168","t":18400.0,"r":17400.0,"q":2.44,"p":12.0,"mot":"U","mo":17400.0},{"cn":"АО \"МежГалактика\"","ui":"8166169","t":21864.0,"r":21864.0,"q":3.25,"p":12.0,"mot":"L","mo":10000.0},{"cn":"Ecuador UCSG","ui":"8164283","t":51053.0,"r":51053.0,"q":2.39,"p":20.0,"mot":"U","mo":51053.0},{"cn":"","ui":"","t":0.0,"r":0.0,"q":0.0,"p":0.0,"mot":"L","mo":0.0}]},{"d":"24.05.2017","r":74614.0,"q":2.15,"p":14.6,"s":[{"cn":"Puebla Finance","ui":"8164906","t":64614.0,"r":64614.0,"q":2.03,"p":15.0,"mot":"U","mo":64614.0},{"cn":"АО \"МежГалактика\"","ui":"8166169","t":31488.0,"r":31110.0,"q":2.89,"p":12.0,"mot":"L","mo":10000.0},{"cn":"","ui":"","t":0.0,"r":0.0,"q":0.0,"p":0.0,"mot":"L","mo":0.0}]}]