[{"pi":"312798","pc":"Одежда и обувь","ss":100,"td":"Центр города","dc":1,"n":49.88,"vc":"около 50","sl":"Высокий","sv":"менее 50","p":295.03,"q":1.05,"b":0.0,"wi":0.15,"ei":4.23,"as":122.35,"mi":"E","mv":12391,"sc":2,"lpe":99.91,"lpr":269.26,"lq":1.0},{"pi":"312798","pc":"Одежда и обувь","ss":100,"td":"Центр города","dc":1,"n":49.88,"vc":"около 50","sl":"Высокий","sv":"менее 50","p":295.03,"q":1.05,"b":0.0,"wi":0.15,"ei":4.23,"as":122.35,"mi":"E","mv":12391,"sc":2,"lpe":99.91,"lpr":269.26,"lq":1.0},{"pi":"312798","pc":"Одежда и обувь","ss":100,"td":"Центр города","dc":1,"n":49.88,"vc":"около 50","sl":"Высокий","sv":"менее 50","p":295.03,"q":1.05,"b":0.0,"wi":0.15,"ei":4.23,"as":122.35,"mi":"E","mv":12391,"sc":2,"lpe":99.91,"lpr":269.26,"lq":1.0},{"pi":"312798","pc":"Одежда и обувь","ss":100,"td":"Центр города","dc":1,"n":49.88,"vc":"около 50","sl":"Высокий","sv":"менее 50","p":295.03,"q":1.05,"b":0.0,"wi":0.15,"ei":4.23,"as":122.35,"mi":"E","mv":12391,"sc":2,"lpe":99.91,"lpr":269.26,"lq":1.0},{"pi":"312798","pc":"Одежда и обувь","ss":100,"td":"Центр города","dc":1,"n":49.88,"vc":"около 50","sl":"Высокий","sv":"менее 50","p":295.03,"q":1.05,"b":0.0,"wi":0.15,"ei":4.23,"as":122.35,"mi":"E","mv":12391,"sc":2,"lpe":99.91,"lpr":269.26,"lq":1.0},{"pi":"312798","pc":"Одежда и обувь","ss":100,"td":"Центр города","dc":1,"n":49.88,"vc":"около 50","sl":"Высокий","sv":"менее 50","p":295.03,"q":1.05,"b":0.0,"wi":0.15,"ei":4.23,"as":122.35,"mi":"E","mv":12391,"sc":2,"lpe":99.91,"lpr":269.26,"lq":1.0},{"pi":"312798","pc":"Одежда и обувь","ss":100,"td":"Центр города","dc":1,"n":49.88,"vc":"около 50","sl":"Высокий","sv":"менее 50","p":295.03,"q":1.05,"b":0.0,"wi":0.15,"ei":4.23,"as":122.35,"mi":"E","mv":12391,"sc":2,"lpe":99.91,"lpr":269.26,"lq":1.0},{"pi":"312798","pc":"Одежда и обувь","ss":100,"td":"Центр города","dc":1,"n":49.88,"vc":"около 50","sl":"Высокий","sv":"менее 50","p":295.03,"q":1.05,"b":0.0,"wi":0.15,"ei":4.23,"as":122.35,"mi":"E","mv":12391,"sc":2,"lpe":99.91,"lpr":269.26,"lq":1.0},{"pi":"312798","pc":"Одежда и обувь","ss":100,"td":"Центр города","dc":1,"n":49.75,"vc":"около 100","sl":"Низкий","sv":"менее 50","p":350.01,"q":1.05,"b":0.0,"wi":0.16,"ei":3.36,"as":145.71,"mi":"E","mv":58848,"sc":1,"lpe":99.99,"lpr":320.77,"lq":1.0},{"pi":"312798","pc":"Одежда и обувь","ss":100,"td":"Центр города","dc":1,"n":49.75,"vc":"около 100","sl":"Низкий","sv":"менее 50","p":350.01,"q":1.05,"b":0.0,"wi":0.16,"ei":3.36,"as":145.71,"mi":"E","mv":58848,"sc":1,"lpe":99.99,"lpr":320.77,"lq":1.0},{"pi":"312798","pc":"Одежда и обувь","ss":100,"td":"Центр города","dc":1,"n":49.75,"vc":"около 100","sl":"Низкий","sv":"менее 50","p":350.01,"q":1.05,"b":0.0,"wi":0.16,"ei":3.36,"as":145.71,"mi":"E","mv":58848,"sc":1,"lpe":99.99,"lpr":320.77,"lq":1.0},{"pi":"312798","pc":"Одежда и обувь","ss":100,"td":"Центр города","dc":1,"n":49.75,"vc":"около 100","sl":"Низкий","sv":"менее 50","p":350.01,"q":1.05,"b":0.0,"wi":0.16,"ei":3.36,"as":145.71,"mi":"E","mv":58848,"sc":1,"lpe":99.99,"lpr":320.77,"lq":1.0},{"pi":"312798","pc":"Одежда и обувь","ss":100,"td":"Центр города","dc":1,"n":49.63,"vc":"около 50","sl":"Высокий","sv":"менее 50","p":295.46,"q":1.05,"b":0.0,"wi":0.14,"ei":3.15,"as":123.56,"mi":"E","mv":26145,"sc":2,"lpe":99.95,"lpr":271.99,"lq":1.0},{"pi":"312798","pc":"Одежда и обувь","ss":100,"td":"Центр города","dc":1,"n":48.9,"vc":"около 50","sl":"Нормальный","sv":"менее 50","p":285.81,"q":1.05,"b":0.0,"wi":0.14,"ei":3.15,"as":123.56,"mi":"E","mv":26145,"sc":2,"lpe":99.95,"lpr":271.99,"lq":1.0},{"pi":"312798","pc":"Одежда и обувь","ss":100,"td":"Центр города","dc":1,"n":49.63,"vc":"около 50","sl":"Высокий","sv":"менее 50","p":295.46,"q":1.05,"b":0.0,"wi":0.14,"ei":3.15,"as":123.56,"mi":"E","mv":26145,"sc":2,"lpe":99.95,"lpr":271.99,"lq":1.0},{"pi":"312798","pc":"Одежда и обувь","ss":100,"td":"Центр города","dc":1,"n":48.9,"vc":"около 50","sl":"Нормальный","sv":"менее 50","p":285.81,"q":1.05,"b":0.0,"wi":0.14,"ei":3.15,"as":123.56,"mi":"E","mv":26145,"sc":2,"lpe":99.95,"lpr":271.99,"lq":1.0},{"pi":"312798","pc":"Одежда и обувь","ss":100,"td":"Центр города","dc":1,"n":49.63,"vc":"около 50","sl":"Высокий","sv":"менее 50","p":295.46,"q":1.05,"b":0.0,"wi":0.14,"ei":3.15,"as":123.56,"mi":"E","mv":26145,"sc":2,"lpe":99.95,"lpr":271.99,"lq":1.0},{"pi":"312798","pc":"Одежда и обувь","ss":100,"td":"Центр города","dc":1,"n":48.9,"vc":"около 50","sl":"Нормальный","sv":"менее 50","p":285.81,"q":1.05,"b":0.0,"wi":0.14,"ei":3.15,"as":123.56,"mi":"E","mv":26145,"sc":2,"lpe":99.95,"lpr":271.99,"lq":1.0},{"pi":"312798","pc":"Одежда и обувь","ss":100,"td":"Центр города","dc":1,"n":48.9,"vc":"около 50","sl":"Нормальный","sv":"менее 50","p":285.81,"q":1.05,"b":0.0,"wi":0.14,"ei":3.15,"as":123.56,"mi":"E","mv":26145,"sc":2,"lpe":99.95,"lpr":271.99,"lq":1.0},{"pi":"312798","pc":"Одежда и обувь","ss":100,"td":"Центр города","dc":1,"n":49.63,"vc":"около 50","sl":"Высокий","sv":"менее 50","p":295.46,"q":1.05,"b":0.0,"wi":0.14,"ei":3.15,"as":123.56,"mi":"E","mv":26145,"sc":2,"lpe":99.95,"lpr":271.99,"lq":1.0},{"pi":"312798","pc":"Одежда и обувь","ss":500,"td":"Спальный район","dc":2,"n":0.37,"vc":"более 100","sl":"Высокий","sv":"менее 50","p":561.54,"q":1.0,"b":0.0,"wi":0.36,"ei":7.0,"as":320.0,"mi":"E","mv":274880,"sc":2,"lpe":99.99,"lpr":704.62,"lq":1.0},{"pi":"312798","pc":"Одежда и обувь","ss":100,"td":"Спальный район","dc":1,"n":49.63,"vc":"около 100","sl":"Нормальный","sv":"менее 50","p":765.5,"q":1.05,"b":0.0,"wi":0.36,"ei":7.0,"as":320.0,"mi":"E","mv":274880,"sc":2,"lpe":99.99,"lpr":704.62,"lq":1.0},{"pi":"312798","pc":"Одежда и обувь","ss":100,"td":"Спальный район","dc":1,"n":49.63,"vc":"около 100","sl":"Нормальный","sv":"менее 50","p":765.5,"q":1.05,"b":0.0,"wi":0.36,"ei":7.0,"as":320.0,"mi":"E","mv":274880,"sc":2,"lpe":99.99,"lpr":704.62,"lq":1.0},{"pi":"312798","pc":"Одежда и обувь","ss":500,"td":"Спальный район","dc":2,"n":0.37,"vc":"более 100","sl":"Высокий","sv":"менее 50","p":561.54,"q":1.0,"b":0.0,"wi":0.36,"ei":7.0,"as":320.0,"mi":"E","mv":274880,"sc":2,"lpe":99.99,"lpr":704.62,"lq":1.0},{"pi":"312798","pc":"Одежда и обувь","ss":500,"td":"Спальный район","dc":2,"n":0.37,"vc":"более 100","sl":"Высокий","sv":"менее 50","p":561.54,"q":1.0,"b":0.0,"wi":0.36,"ei":7.0,"as":320.0,"mi":"E","mv":274880,"sc":2,"lpe":99.99,"lpr":704.62,"lq":1.0},{"pi":"312798","pc":"Одежда и обувь","ss":100,"td":"Спальный район","dc":1,"n":49.63,"vc":"около 100","sl":"Нормальный","sv":"менее 50","p":765.5,"q":1.05,"b":0.0,"wi":0.36,"ei":7.0,"as":320.0,"mi":"E","mv":274880,"sc":2,"lpe":99.99,"lpr":704.62,"lq":1.0},{"pi":"312798","pc":"Одежда и обувь","ss":100,"td":"Спальный район","dc":1,"n":49.63,"vc":"около 100","sl":"Нормальный","sv":"менее 50","p":765.5,"q":1.05,"b":0.0,"wi":0.36,"ei":7.0,"as":320.0,"mi":"E","mv":274880,"sc":2,"lpe":99.99,"lpr":704.62,"lq":1.0},{"pi":"312798","pc":"Одежда и обувь","ss":500,"td":"Спальный район","dc":2,"n":15.44,"vc":"более 100","sl":"Элитный","sv":"менее 50","p":560.24,"q":1.0,"b":0.0,"wi":0.35,"ei":5.0,"as":320.0,"mi":"E","mv":138827,"sc":2,"lpe":99.98,"lpr":703.21,"lq":1.0},{"pi":"312798","pc":"Одежда и обувь","ss":100,"td":"Спальный район","dc":2,"n":49.02,"vc":"более 100","sl":"Очень низкий","sv":"менее 50","p":740.98,"q":1.05,"b":0.0,"wi":0.35,"ei":5.0,"as":320.0,"mi":"E","mv":138827,"sc":2,"lpe":99.98,"lpr":703.21,"lq":1.0},{"pi":"312798","pc":"Одежда и обувь","ss":500,"td":"Спальный район","dc":2,"n":15.44,"vc":"более 100","sl":"Элитный","sv":"менее 50","p":560.24,"q":1.0,"b":0.0,"wi":0.35,"ei":5.0,"as":320.0,"mi":"E","mv":138827,"sc":2,"lpe":99.98,"lpr":703.21,"lq":1.0},{"pi":"312798","pc":"Одежда и обувь","ss":100,"td":"Спальный район","dc":2,"n":49.02,"vc":"более 100","sl":"Очень низкий","sv":"менее 50","p":740.98,"q":1.05,"b":0.0,"wi":0.35,"ei":5.0,"as":320.0,"mi":"E","mv":138827,"sc":2,"lpe":99.98,"lpr":703.21,"lq":1.0},{"pi":"312798","pc":"Одежда и обувь","ss":500,"td":"Спальный район","dc":2,"n":15.44,"vc":"более 100","sl":"Элитный","sv":"менее 50","p":560.24,"q":1.0,"b":0.0,"wi":0.35,"ei":5.0,"as":320.0,"mi":"E","mv":138827,"sc":2,"lpe":99.98,"lpr":703.21,"lq":1.0},{"pi":"312798","pc":"Одежда и обувь","ss":100,"td":"Спальный район","dc":2,"n":49.02,"vc":"более 100","sl":"Очень низкий","sv":"менее 50","p":740.98,"q":1.05,"b":0.0,"wi":0.35,"ei":5.0,"as":320.0,"mi":"E","mv":138827,"sc":2,"lpe":99.98,"lpr":703.21,"lq":1.0},{"pi":"312798","pc":"Одежда и обувь","ss":500,"td":"Спальный район","dc":2,"n":15.44,"vc":"более 100","sl":"Элитный","sv":"менее 50","p":560.24,"q":1.0,"b":0.0,"wi":0.35,"ei":5.0,"as":320.0,"mi":"E","mv":138827,"sc":2,"lpe":99.98,"lpr":703.21,"lq":1.0},{"pi":"312798","pc":"Одежда и обувь","ss":100,"td":"Спальный район","dc":2,"n":49.02,"vc":"более 100","sl":"Очень низкий","sv":"менее 50","p":740.98,"q":1.05,"b":0.0,"wi":0.35,"ei":5.0,"as":320.0,"mi":"E","mv":138827,"sc":2,"lpe":99.98,"lpr":703.21,"lq":1.0},{"pi":"312798","pc":"Одежда и обувь","ss":100,"td":"Спальный район","dc":1,"n":64.81,"vc":"около 50","sl":"Нормальный","sv":"менее 50","p":843.7,"q":1.05,"b":0.0,"wi":0.36,"ei":5.5,"as":350.0,"mi":"E","mv":69050,"sc":1,"lpe":99.99,"lpr":770.05,"lq":1.0},{"pi":"312798","pc":"Одежда и обувь","ss":100,"td":"Спальный район","dc":1,"n":64.81,"vc":"около 50","sl":"Нормальный","sv":"менее 50","p":843.7,"q":1.05,"b":0.0,"wi":0.36,"ei":5.5,"as":350.0,"mi":"E","mv":69050,"sc":1,"lpe":99.99,"lpr":770.05,"lq":1.0},{"pi":"312798","pc":"Одежда и обувь","ss":100,"td":"Спальный район","dc":1,"n":64.81,"vc":"около 50","sl":"Нормальный","sv":"менее 50","p":843.7,"q":1.05,"b":0.0,"wi":0.36,"ei":5.5,"as":350.0,"mi":"E","mv":69050,"sc":1,"lpe":99.99,"lpr":770.05,"lq":1.0},{"pi":"312798","pc":"Одежда и обувь","ss":100,"td":"Спальный район","dc":1,"n":64.81,"vc":"около 50","sl":"Нормальный","sv":"менее 50","p":843.7,"q":1.05,"b":0.0,"wi":0.36,"ei":5.5,"as":350.0,"mi":"E","mv":69050,"sc":1,"lpe":99.99,"lpr":770.05,"lq":1.0},{"pi":"312798","pc":"Одежда и обувь","ss":100,"td":"Спальный район","dc":1,"n":87.45,"vc":"около 100","sl":"Нормальный","sv":"менее 50","p":645.65,"q":1.05,"b":0.0,"wi":0.28,"ei":6.5,"as":270.0,"mi":"E","mv":115054,"sc":2,"lpe":99.99,"lpr":594.37,"lq":1.0},{"pi":"312798","pc":"Одежда и обувь","ss":100,"td":"Спальный район","dc":1,"n":46.18,"vc":"около 50","sl":"Нормальный","sv":"менее 50","p":535.0,"q":4.99,"b":0.0,"wi":0.28,"ei":6.5,"as":270.0,"mi":"E","mv":115054,"sc":2,"lpe":99.99,"lpr":594.37,"lq":1.0},{"pi":"312798","pc":"Одежда и обувь","ss":100,"td":"Спальный район","dc":1,"n":87.45,"vc":"около 100","sl":"Нормальный","sv":"менее 50","p":645.65,"q":1.05,"b":0.0,"wi":0.28,"ei":6.5,"as":270.0,"mi":"E","mv":115054,"sc":2,"lpe":99.99,"lpr":594.37,"lq":1.0},{"pi":"312798","pc":"Одежда и обувь","ss":100,"td":"Спальный район","dc":1,"n":46.18,"vc":"около 50","sl":"Нормальный","sv":"менее 50","p":535.0,"q":4.99,"b":0.0,"wi":0.28,"ei":6.5,"as":270.0,"mi":"E","mv":115054,"sc":2,"lpe":99.99,"lpr":594.37,"lq":1.0},{"pi":"312798","pc":"Одежда и обувь","ss":100,"td":"Спальный район","dc":1,"n":87.45,"vc":"около 100","sl":"Нормальный","sv":"менее 50","p":645.65,"q":1.05,"b":0.0,"wi":0.28,"ei":6.5,"as":270.0,"mi":"E","mv":115054,"sc":2,"lpe":99.99,"lpr":594.37,"lq":1.0},{"pi":"312798","pc":"Одежда и обувь","ss":100,"td":"Спальный район","dc":1,"n":46.18,"vc":"около 50","sl":"Нормальный","sv":"менее 50","p":535.0,"q":4.99,"b":0.0,"wi":0.28,"ei":6.5,"as":270.0,"mi":"E","mv":115054,"sc":2,"lpe":99.99,"lpr":594.37,"lq":1.0},{"pi":"312798","pc":"Одежда и обувь","ss":100,"td":"Спальный район","dc":1,"n":87.45,"vc":"около 100","sl":"Нормальный","sv":"менее 50","p":645.65,"q":1.05,"b":0.0,"wi":0.28,"ei":6.5,"as":270.0,"mi":"E","mv":115054,"sc":2,"lpe":99.99,"lpr":594.37,"lq":1.0},{"pi":"312798","pc":"Одежда и обувь","ss":100,"td":"Спальный район","dc":1,"n":46.18,"vc":"около 50","sl":"Нормальный","sv":"менее 50","p":535.0,"q":4.99,"b":0.0,"wi":0.28,"ei":6.5,"as":270.0,"mi":"E","mv":115054,"sc":2,"lpe":99.99,"lpr":594.37,"lq":1.0},{"pi":"312798","pc":"Одежда и обувь","ss":100,"td":"Центр города","dc":1,"n":48.42,"vc":"около 50","sl":"Нормальный","sv":"менее 50","p":498.08,"q":1.05,"b":0.0,"wi":0.2,"ei":4.34,"as":221.34,"mi":"E","mv":26457,"sc":1,"lpe":99.98,"lpr":487.25,"lq":1.0},{"pi":"312798","pc":"Одежда и обувь","ss":100,"td":"Центр города","dc":1,"n":48.42,"vc":"около 50","sl":"Нормальный","sv":"менее 50","p":498.08,"q":1.05,"b":0.0,"wi":0.2,"ei":4.34,"as":221.34,"mi":"E","mv":26457,"sc":1,"lpe":99.98,"lpr":487.25,"lq":1.0},{"pi":"312798","pc":"Одежда и обувь","ss":100,"td":"Центр города","dc":1,"n":48.42,"vc":"около 50","sl":"Нормальный","sv":"менее 50","p":498.08,"q":1.05,"b":0.0,"wi":0.2,"ei":4.34,"as":221.34,"mi":"E","mv":26457,"sc":1,"lpe":99.98,"lpr":487.25,"lq":1.0},{"pi":"312798","pc":"Одежда и обувь","ss":100,"td":"Центр города","dc":1,"n":48.42,"vc":"около 50","sl":"Нормальный","sv":"менее 50","p":498.08,"q":1.05,"b":0.0,"wi":0.2,"ei":4.34,"as":221.34,"mi":"E","mv":26457,"sc":1,"lpe":99.98,"lpr":487.25,"lq":1.0},{"pi":"312798","pc":"Одежда и обувь","ss":500,"td":"Центр города","dc":1,"n":32.22,"vc":"около 200","sl":"Нормальный","sv":"менее 50","p":360.67,"q":1.0,"b":0.0,"wi":0.12,"ei":4.25,"as":148.66,"mi":"E","mv":230814,"sc":1,"lpe":100.0,"lpr":327.26,"lq":1.0},{"pi":"312798","pc":"Одежда и обувь","ss":500,"td":"Центр города","dc":1,"n":32.22,"vc":"около 200","sl":"Нормальный","sv":"менее 50","p":360.67,"q":1.0,"b":0.0,"wi":0.12,"ei":4.25,"as":148.66,"mi":"E","mv":230814,"sc":1,"lpe":100.0,"lpr":327.26,"lq":1.0},{"pi":"312798","pc":"Одежда и обувь","ss":500,"td":"Центр города","dc":1,"n":32.22,"vc":"около 200","sl":"Нормальный","sv":"менее 50","p":360.67,"q":1.0,"b":0.0,"wi":0.12,"ei":4.25,"as":148.66,"mi":"E","mv":230814,"sc":1,"lpe":100.0,"lpr":327.26,"lq":1.0},{"pi":"312798","pc":"Одежда и обувь","ss":500,"td":"Центр города","dc":1,"n":32.22,"vc":"около 200","sl":"Нормальный","sv":"менее 50","p":360.67,"q":1.0,"b":0.0,"wi":0.12,"ei":4.25,"as":148.66,"mi":"E","mv":230814,"sc":1,"lpe":100.0,"lpr":327.26,"lq":1.0},{"pi":"312798","pc":"Одежда и обувь","ss":100,"td":"Центр города","dc":1,"n":49.38,"vc":"около 50","sl":"Высокий","sv":"менее 50","p":401.92,"q":1.05,"b":0.0,"wi":0.2,"ei":4.3,"as":169.75,"mi":"E","mv":22264,"sc":1,"lpe":99.97,"lpr":373.69,"lq":1.0},{"pi":"312798","pc":"Одежда и обувь","ss":100,"td":"Центр города","dc":1,"n":49.38,"vc":"около 50","sl":"Высокий","sv":"менее 50","p":401.92,"q":1.05,"b":0.0,"wi":0.2,"ei":4.3,"as":169.75,"mi":"E","mv":22264,"sc":1,"lpe":99.97,"lpr":373.69,"lq":1.0},{"pi":"312798","pc":"Одежда и обувь","ss":100,"td":"Центр города","dc":1,"n":49.38,"vc":"около 50","sl":"Высокий","sv":"менее 50","p":401.92,"q":1.05,"b":0.0,"wi":0.2,"ei":4.3,"as":169.75,"mi":"E","mv":22264,"sc":1,"lpe":99.97,"lpr":373.69,"lq":1.0},{"pi":"312798","pc":"Одежда и обувь","ss":100,"td":"Центр города","dc":1,"n":49.38,"vc":"около 50","sl":"Высокий","sv":"менее 50","p":401.92,"q":1.05,"b":0.0,"wi":0.2,"ei":4.3,"as":169.75,"mi":"E","mv":22264,"sc":1,"lpe":99.97,"lpr":373.69,"lq":1.0},{"pi":"312798","pc":"Одежда и обувь","ss":100,"td":"Центр города","dc":1,"n":46.72,"vc":"более 100","sl":"Низкий","sv":"менее 50","p":411.36,"q":1.05,"b":0.0,"wi":0.22,"ei":4.32,"as":180.62,"mi":"E","mv":123634,"sc":1,"lpe":99.99,"lpr":397.63,"lq":1.0},{"pi":"312798","pc":"Одежда и обувь","ss":100,"td":"Центр города","dc":1,"n":46.72,"vc":"более 100","sl":"Низкий","sv":"менее 50","p":411.36,"q":1.05,"b":0.0,"wi":0.22,"ei":4.32,"as":180.62,"mi":"E","mv":123634,"sc":1,"lpe":99.99,"lpr":397.63,"lq":1.0},{"pi":"312798","pc":"Одежда и обувь","ss":100,"td":"Центр города","dc":1,"n":46.72,"vc":"более 100","sl":"Низкий","sv":"менее 50","p":411.36,"q":1.05,"b":0.0,"wi":0.22,"ei":4.32,"as":180.62,"mi":"E","mv":123634,"sc":1,"lpe":99.99,"lpr":397.63,"lq":1.0},{"pi":"312798","pc":"Одежда и обувь","ss":100,"td":"Центр города","dc":1,"n":46.72,"vc":"более 100","sl":"Низкий","sv":"менее 50","p":411.36,"q":1.05,"b":0.0,"wi":0.22,"ei":4.32,"as":180.62,"mi":"E","mv":123634,"sc":1,"lpe":99.99,"lpr":397.63,"lq":1.0},{"pi":"312798","pc":"Одежда и обувь","ss":100,"td":"Центр города","dc":1,"n":48.42,"vc":"более 100","sl":"Низкий","sv":"менее 50","p":479.16,"q":1.05,"b":0.0,"wi":0.25,"ei":5.21,"as":212.94,"mi":"E","mv":183689,"sc":2,"lpe":99.99,"lpr":474.86,"lq":1.0},{"pi":"312798","pc":"Одежда и обувь","ss":100,"td":"Центр города","dc":1,"n":49.5,"vc":"около 100","sl":"Низкий","sv":"менее 50","p":506.76,"q":1.05,"b":0.0,"wi":0.25,"ei":5.21,"as":212.94,"mi":"E","mv":183689,"sc":2,"lpe":99.99,"lpr":474.86,"lq":1.0},{"pi":"312798","pc":"Одежда и обувь","ss":100,"td":"Центр города","dc":1,"n":48.42,"vc":"более 100","sl":"Низкий","sv":"менее 50","p":479.16,"q":1.05,"b":0.0,"wi":0.25,"ei":5.21,"as":212.94,"mi":"E","mv":183689,"sc":2,"lpe":99.99,"lpr":474.86,"lq":1.0},{"pi":"312798","pc":"Одежда и обувь","ss":100,"td":"Центр города","dc":1,"n":49.5,"vc":"около 100","sl":"Низкий","sv":"менее 50","p":506.76,"q":1.05,"b":0.0,"wi":0.25,"ei":5.21,"as":212.94,"mi":"E","mv":183689,"sc":2,"lpe":99.99,"lpr":474.86,"lq":1.0},{"pi":"312798","pc":"Одежда и обувь","ss":100,"td":"Центр города","dc":1,"n":48.42,"vc":"более 100","sl":"Низкий","sv":"менее 50","p":479.16,"q":1.05,"b":0.0,"wi":0.25,"ei":5.21,"as":212.94,"mi":"E","mv":183689,"sc":2,"lpe":99.99,"lpr":474.86,"lq":1.0},{"pi":"312798","pc":"Одежда и обувь","ss":100,"td":"Центр города","dc":1,"n":49.5,"vc":"около 100","sl":"Низкий","sv":"менее 50","p":506.76,"q":1.05,"b":0.0,"wi":0.25,"ei":5.21,"as":212.94,"mi":"E","mv":183689,"sc":2,"lpe":99.99,"lpr":474.86,"lq":1.0},{"pi":"312798","pc":"Одежда и обувь","ss":100,"td":"Центр города","dc":1,"n":48.42,"vc":"более 100","sl":"Низкий","sv":"менее 50","p":479.16,"q":1.05,"b":0.0,"wi":0.25,"ei":5.21,"as":212.94,"mi":"E","mv":183689,"sc":2,"lpe":99.99,"lpr":474.86,"lq":1.0},{"pi":"312798","pc":"Одежда и обувь","ss":100,"td":"Центр города","dc":1,"n":49.5,"vc":"около 100","sl":"Низкий","sv":"менее 50","p":506.76,"q":1.05,"b":0.0,"wi":0.25,"ei":5.21,"as":212.94,"mi":"E","mv":183689,"sc":2,"lpe":99.99,"lpr":474.86,"lq":1.0},{"pi":"312798","pc":"Одежда и обувь","ss":100,"td":"Центр города","dc":1,"n":49.5,"vc":"около 50","sl":"Высокий","sv":"менее 50","p":358.13,"q":1.05,"b":0.0,"wi":0.18,"ei":4.27,"as":150.27,"mi":"E","mv":7355,"sc":1,"lpe":99.92,"lpr":331.07,"lq":1.0},{"pi":"312798","pc":"Одежда и обувь","ss":100,"td":"Центр города","dc":1,"n":49.5,"vc":"около 50","sl":"Высокий","sv":"менее 50","p":358.13,"q":1.05,"b":0.0,"wi":0.18,"ei":4.27,"as":150.27,"mi":"E","mv":7355,"sc":1,"lpe":99.92,"lpr":331.07,"lq":1.0},{"pi":"312798","pc":"Одежда и обувь","ss":100,"td":"Центр города","dc":1,"n":49.5,"vc":"около 50","sl":"Высокий","sv":"менее 50","p":358.13,"q":1.05,"b":0.0,"wi":0.18,"ei":4.27,"as":150.27,"mi":"E","mv":7355,"sc":1,"lpe":99.92,"lpr":331.07,"lq":1.0},{"pi":"312798","pc":"Одежда и обувь","ss":100,"td":"Центр города","dc":1,"n":49.5,"vc":"около 50","sl":"Высокий","sv":"менее 50","p":358.13,"q":1.05,"b":0.0,"wi":0.18,"ei":4.27,"as":150.27,"mi":"E","mv":7355,"sc":1,"lpe":99.92,"lpr":331.07,"lq":1.0},{"pi":"312798","pc":"Одежда и обувь","ss":100,"td":"Окраина","dc":2,"n":0.0,"vc":"около 50","sl":"Очень низкий","sv":"менее 50","p":230.0,"q":1.0,"b":0.0,"wi":0.15,"ei":4.22,"as":130.7,"mi":"E","mv":71961,"sc":1,"lpe":100.0,"lpr":267.37,"lq":1.0},{"pi":"312798","pc":"Одежда и обувь","ss":100,"td":"Окраина","dc":2,"n":0.0,"vc":"около 50","sl":"Очень низкий","sv":"менее 50","p":230.0,"q":1.0,"b":0.0,"wi":0.15,"ei":4.22,"as":130.7,"mi":"E","mv":71961,"sc":1,"lpe":100.0,"lpr":267.37,"lq":1.0},{"pi":"312798","pc":"Одежда и обувь","ss":100,"td":"Окраина","dc":2,"n":0.0,"vc":"около 50","sl":"Очень низкий","sv":"менее 50","p":230.0,"q":1.0,"b":0.0,"wi":0.15,"ei":4.22,"as":130.7,"mi":"E","mv":71961,"sc":1,"lpe":100.0,"lpr":267.37,"lq":1.0},{"pi":"312798","pc":"Одежда и обувь","ss":100,"td":"Окраина","dc":2,"n":0.0,"vc":"около 50","sl":"Очень низкий","sv":"менее 50","p":230.0,"q":1.0,"b":0.0,"wi":0.15,"ei":4.22,"as":130.7,"mi":"E","mv":71961,"sc":1,"lpe":100.0,"lpr":267.37,"lq":1.0},{"pi":"312798","pc":"Одежда и обувь","ss":100,"td":"Окраина","dc":2,"n":0.0,"vc":"около 50","sl":"Очень низкий","sv":"менее 50","p":230.0,"q":1.0,"b":0.0,"wi":0.15,"ei":4.22,"as":130.7,"mi":"E","mv":71961,"sc":1,"lpe":100.0,"lpr":267.37,"lq":1.0},{"pi":"312798","pc":"Одежда и обувь","ss":100,"td":"Окраина","dc":2,"n":0.0,"vc":"около 50","sl":"Очень низкий","sv":"менее 50","p":230.0,"q":1.0,"b":0.0,"wi":0.15,"ei":4.22,"as":130.7,"mi":"E","mv":71961,"sc":1,"lpe":100.0,"lpr":267.37,"lq":1.0},{"pi":"312798","pc":"Одежда и обувь","ss":100,"td":"Окраина","dc":2,"n":0.0,"vc":"около 50","sl":"Очень низкий","sv":"менее 50","p":230.0,"q":1.0,"b":0.0,"wi":0.15,"ei":4.22,"as":130.7,"mi":"E","mv":71961,"sc":1,"lpe":100.0,"lpr":267.37,"lq":1.0},{"pi":"312798","pc":"Одежда и обувь","ss":100,"td":"Окраина","dc":2,"n":0.0,"vc":"около 50","sl":"Очень низкий","sv":"менее 50","p":230.0,"q":1.0,"b":0.0,"wi":0.15,"ei":4.22,"as":130.7,"mi":"E","mv":71961,"sc":1,"lpe":100.0,"lpr":267.37,"lq":1.0},{"pi":"312798","pc":"Одежда и обувь","ss":100,"td":"Окраина","dc":2,"n":0.0,"vc":"около 50","sl":"Очень низкий","sv":"менее 50","p":230.0,"q":1.0,"b":0.0,"wi":0.15,"ei":4.22,"as":130.7,"mi":"E","mv":71961,"sc":1,"lpe":100.0,"lpr":267.37,"lq":1.0},{"pi":"312798","pc":"Одежда и обувь","ss":100,"td":"Окраина","dc":2,"n":0.0,"vc":"около 50","sl":"Очень низкий","sv":"менее 50","p":230.0,"q":1.0,"b":0.0,"wi":0.15,"ei":4.22,"as":130.7,"mi":"E","mv":71961,"sc":1,"lpe":100.0,"lpr":267.37,"lq":1.0},{"pi":"312798","pc":"Одежда и обувь","ss":100,"td":"Окраина","dc":2,"n":0.0,"vc":"около 50","sl":"Очень низкий","sv":"менее 50","p":230.0,"q":1.0,"b":0.0,"wi":0.15,"ei":4.22,"as":130.7,"mi":"E","mv":71961,"sc":1,"lpe":100.0,"lpr":267.37,"lq":1.0},{"pi":"312798","pc":"Одежда и обувь","ss":100,"td":"Окраина","dc":2,"n":0.0,"vc":"около 50","sl":"Очень низкий","sv":"менее 50","p":230.0,"q":1.0,"b":0.0,"wi":0.15,"ei":4.22,"as":130.7,"mi":"E","mv":71961,"sc":1,"lpe":100.0,"lpr":267.37,"lq":1.0},{"pi":"312798","pc":"Одежда и обувь","ss":100,"td":"Центр города","dc":1,"n":49.63,"vc":"около 50","sl":"Нормальный","sv":"менее 50","p":347.89,"q":1.05,"b":0.0,"wi":0.16,"ei":4.27,"as":145.48,"mi":"E","mv":37217,"sc":1,"lpe":99.99,"lpr":320.25,"lq":1.0},{"pi":"312798","pc":"Одежда и обувь","ss":100,"td":"Центр города","dc":1,"n":49.63,"vc":"около 50","sl":"Нормальный","sv":"менее 50","p":347.89,"q":1.05,"b":0.0,"wi":0.16,"ei":4.27,"as":145.48,"mi":"E","mv":37217,"sc":1,"lpe":99.99,"lpr":320.25,"lq":1.0},{"pi":"312798","pc":"Одежда и обувь","ss":100,"td":"Центр города","dc":1,"n":49.63,"vc":"около 50","sl":"Нормальный","sv":"менее 50","p":347.89,"q":1.05,"b":0.0,"wi":0.16,"ei":4.27,"as":145.48,"mi":"E","mv":37217,"sc":1,"lpe":99.99,"lpr":320.25,"lq":1.0},{"pi":"312798","pc":"Одежда и обувь","ss":100,"td":"Центр города","dc":1,"n":49.63,"vc":"около 50","sl":"Нормальный","sv":"менее 50","p":347.89,"q":1.05,"b":0.0,"wi":0.16,"ei":4.27,"as":145.48,"mi":"E","mv":37217,"sc":1,"lpe":99.99,"lpr":320.25,"lq":1.0},{"pi":"312798","pc":"Одежда и обувь","ss":100,"td":"Центр города","dc":1,"n":47.39,"vc":"около 50","sl":"Нормальный","sv":"менее 50","p":219.95,"q":1.05,"b":0.0,"wi":0.1,"ei":3.64,"as":105.12,"mi":"E","mv":24235,"sc":1,"lpe":99.97,"lpr":229.84,"lq":1.0},{"pi":"312798","pc":"Одежда и обувь","ss":100,"td":"Центр города","dc":1,"n":47.39,"vc":"около 50","sl":"Нормальный","sv":"менее 50","p":219.95,"q":1.05,"b":0.0,"wi":0.1,"ei":3.64,"as":105.12,"mi":"E","mv":24235,"sc":1,"lpe":99.97,"lpr":229.84,"lq":1.0},{"pi":"312798","pc":"Одежда и обувь","ss":100,"td":"Центр города","dc":1,"n":47.39,"vc":"около 50","sl":"Нормальный","sv":"менее 50","p":219.95,"q":1.05,"b":0.0,"wi":0.1,"ei":3.64,"as":105.12,"mi":"E","mv":24235,"sc":1,"lpe":99.97,"lpr":229.84,"lq":1.0},{"pi":"312798","pc":"Одежда и обувь","ss":100,"td":"Центр города","dc":1,"n":47.39,"vc":"около 50","sl":"Нормальный","sv":"менее 50","p":219.95,"q":1.05,"b":0.0,"wi":0.1,"ei":3.64,"as":105.12,"mi":"E","mv":24235,"sc":1,"lpe":99.97,"lpr":229.84,"lq":1.0},{"pi":"312798","pc":"Одежда и обувь","ss":100,"td":"Окраина","dc":2,"n":55.69,"vc":"около 50","sl":"Очень низкий","sv":"менее 50","p":275.0,"q":1.0,"b":0.0,"wi":0.16,"ei":4.27,"as":156.32,"mi":"E","mv":35598,"sc":2,"lpe":99.99,"lpr":319.78,"lq":1.0},{"pi":"312798","pc":"Одежда и обувь","ss":100,"td":"Спальный район","dc":2,"n":28.86,"vc":"около 50","sl":"Очень низкий","sv":"менее 50","p":275.0,"q":1.05,"b":0.0,"wi":0.16,"ei":4.27,"as":156.32,"mi":"E","mv":35598,"sc":2,"lpe":99.99,"lpr":319.78,"lq":1.0},{"pi":"312798","pc":"Одежда и обувь","ss":100,"td":"Спальный район","dc":2,"n":28.86,"vc":"около 50","sl":"Очень низкий","sv":"менее 50","p":275.0,"q":1.05,"b":0.0,"wi":0.16,"ei":4.27,"as":156.32,"mi":"E","mv":35598,"sc":2,"lpe":99.99,"lpr":319.78,"lq":1.0},{"pi":"312798","pc":"Одежда и обувь","ss":100,"td":"Окраина","dc":2,"n":55.69,"vc":"около 50","sl":"Очень низкий","sv":"менее 50","p":275.0,"q":1.0,"b":0.0,"wi":0.16,"ei":4.27,"as":156.32,"mi":"E","mv":35598,"sc":2,"lpe":99.99,"lpr":319.78,"lq":1.0},{"pi":"312798","pc":"Одежда и обувь","ss":100,"td":"Окраина","dc":2,"n":55.69,"vc":"около 50","sl":"Очень низкий","sv":"менее 50","p":275.0,"q":1.0,"b":0.0,"wi":0.16,"ei":4.27,"as":156.32,"mi":"E","mv":35598,"sc":2,"lpe":99.99,"lpr":319.78,"lq":1.0},{"pi":"312798","pc":"Одежда и обувь","ss":100,"td":"Спальный район","dc":2,"n":28.86,"vc":"около 50","sl":"Очень низкий","sv":"менее 50","p":275.0,"q":1.05,"b":0.0,"wi":0.16,"ei":4.27,"as":156.32,"mi":"E","mv":35598,"sc":2,"lpe":99.99,"lpr":319.78,"lq":1.0},{"pi":"312798","pc":"Одежда и обувь","ss":100,"td":"Окраина","dc":2,"n":55.69,"vc":"около 50","sl":"Очень низкий","sv":"менее 50","p":275.0,"q":1.0,"b":0.0,"wi":0.16,"ei":4.27,"as":156.32,"mi":"E","mv":35598,"sc":2,"lpe":99.99,"lpr":319.78,"lq":1.0},{"pi":"312798","pc":"Одежда и обувь","ss":100,"td":"Спальный район","dc":2,"n":28.86,"vc":"около 50","sl":"Очень низкий","sv":"менее 50","p":275.0,"q":1.05,"b":0.0,"wi":0.16,"ei":4.27,"as":156.32,"mi":"E","mv":35598,"sc":2,"lpe":99.99,"lpr":319.78,"lq":1.0},{"pi":"312798","pc":"Одежда и обувь","ss":100,"td":"Окраина","dc":2,"n":55.69,"vc":"около 50","sl":"Очень низкий","sv":"менее 50","p":275.0,"q":1.0,"b":0.0,"wi":0.16,"ei":4.27,"as":156.32,"mi":"E","mv":35598,"sc":2,"lpe":99.99,"lpr":319.78,"lq":1.0},{"pi":"312798","pc":"Одежда и обувь","ss":100,"td":"Спальный район","dc":2,"n":28.86,"vc":"около 50","sl":"Очень низкий","sv":"менее 50","p":275.0,"q":1.05,"b":0.0,"wi":0.16,"ei":4.27,"as":156.32,"mi":"E","mv":35598,"sc":2,"lpe":99.99,"lpr":319.78,"lq":1.0},{"pi":"312798","pc":"Одежда и обувь","ss":100,"td":"Окраина","dc":2,"n":55.69,"vc":"около 50","sl":"Очень низкий","sv":"менее 50","p":275.0,"q":1.0,"b":0.0,"wi":0.16,"ei":4.27,"as":156.32,"mi":"E","mv":35598,"sc":2,"lpe":99.99,"lpr":319.78,"lq":1.0},{"pi":"312798","pc":"Одежда и обувь","ss":100,"td":"Спальный район","dc":2,"n":28.86,"vc":"около 50","sl":"Очень низкий","sv":"менее 50","p":275.0,"q":1.05,"b":0.0,"wi":0.16,"ei":4.27,"as":156.32,"mi":"E","mv":35598,"sc":2,"lpe":99.99,"lpr":319.78,"lq":1.0},{"pi":"312798","pc":"Одежда и обувь","ss":100,"td":"Окраина","dc":2,"n":55.69,"vc":"около 50","sl":"Очень низкий","sv":"менее 50","p":275.0,"q":1.0,"b":0.0,"wi":0.16,"ei":4.27,"as":156.32,"mi":"E","mv":35598,"sc":2,"lpe":99.99,"lpr":319.78,"lq":1.0},{"pi":"312798","pc":"Одежда и обувь","ss":100,"td":"Спальный район","dc":2,"n":28.86,"vc":"около 50","sl":"Очень низкий","sv":"менее 50","p":275.0,"q":1.05,"b":0.0,"wi":0.16,"ei":4.27,"as":156.32,"mi":"E","mv":35598,"sc":2,"lpe":99.99,"lpr":319.78,"lq":1.0},{"pi":"312798","pc":"Одежда и обувь","ss":100,"td":"Окраина","dc":2,"n":55.69,"vc":"около 50","sl":"Очень низкий","sv":"менее 50","p":275.0,"q":1.0,"b":0.0,"wi":0.16,"ei":4.27,"as":156.32,"mi":"E","mv":35598,"sc":2,"lpe":99.99,"lpr":319.78,"lq":1.0},{"pi":"312798","pc":"Одежда и обувь","ss":100,"td":"Спальный район","dc":2,"n":28.86,"vc":"около 50","sl":"Очень низкий","sv":"менее 50","p":275.0,"q":1.05,"b":0.0,"wi":0.16,"ei":4.27,"as":156.32,"mi":"E","mv":35598,"sc":2,"lpe":99.99,"lpr":319.78,"lq":1.0},{"pi":"312798","pc":"Одежда и обувь","ss":100,"td":"Спальный район","dc":2,"n":28.86,"vc":"около 50","sl":"Очень низкий","sv":"менее 50","p":275.0,"q":1.05,"b":0.0,"wi":0.16,"ei":4.27,"as":156.32,"mi":"E","mv":35598,"sc":2,"lpe":99.99,"lpr":319.78,"lq":1.0},{"pi":"312798","pc":"Одежда и обувь","ss":100,"td":"Окраина","dc":2,"n":55.69,"vc":"около 50","sl":"Очень низкий","sv":"менее 50","p":275.0,"q":1.0,"b":0.0,"wi":0.16,"ei":4.27,"as":156.32,"mi":"E","mv":35598,"sc":2,"lpe":99.99,"lpr":319.78,"lq":1.0},{"pi":"312798","pc":"Одежда и обувь","ss":100,"td":"Окраина","dc":2,"n":55.69,"vc":"около 50","sl":"Очень низкий","sv":"менее 50","p":275.0,"q":1.0,"b":0.0,"wi":0.16,"ei":4.27,"as":156.32,"mi":"E","mv":35598,"sc":2,"lpe":99.99,"lpr":319.78,"lq":1.0},{"pi":"312798","pc":"Одежда и обувь","ss":100,"td":"Спальный район","dc":2,"n":28.86,"vc":"около 50","sl":"Очень низкий","sv":"менее 50","p":275.0,"q":1.05,"b":0.0,"wi":0.16,"ei":4.27,"as":156.32,"mi":"E","mv":35598,"sc":2,"lpe":99.99,"lpr":319.78,"lq":1.0},{"pi":"312798","pc":"Одежда и обувь","ss":100,"td":"Спальный район","dc":2,"n":28.86,"vc":"около 50","sl":"Очень низкий","sv":"менее 50","p":275.0,"q":1.05,"b":0.0,"wi":0.16,"ei":4.27,"as":156.32,"mi":"E","mv":35598,"sc":2,"lpe":99.99,"lpr":319.78,"lq":1.0},{"pi":"312798","pc":"Одежда и обувь","ss":100,"td":"Окраина","dc":2,"n":55.69,"vc":"около 50","sl":"Очень низкий","sv":"менее 50","p":275.0,"q":1.0,"b":0.0,"wi":0.16,"ei":4.27,"as":156.32,"mi":"E","mv":35598,"sc":2,"lpe":99.99,"lpr":319.78,"lq":1.0},{"pi":"312798","pc":"Одежда и обувь","ss":100,"td":"Окраина","dc":2,"n":55.69,"vc":"около 50","sl":"Очень низкий","sv":"менее 50","p":275.0,"q":1.0,"b":0.0,"wi":0.16,"ei":4.27,"as":156.32,"mi":"E","mv":35598,"sc":2,"lpe":99.99,"lpr":319.78,"lq":1.0},{"pi":"312798","pc":"Одежда и обувь","ss":100,"td":"Спальный район","dc":2,"n":28.86,"vc":"около 50","sl":"Очень низкий","sv":"менее 50","p":275.0,"q":1.05,"b":0.0,"wi":0.16,"ei":4.27,"as":156.32,"mi":"E","mv":35598,"sc":2,"lpe":99.99,"lpr":319.78,"lq":1.0},{"pi":"312798","pc":"Одежда и обувь","ss":100,"td":"Центр города","dc":1,"n":48.66,"vc":"около 50","sl":"Нормальный","sv":"менее 50","p":321.94,"q":1.05,"b":0.0,"wi":0.15,"ei":4.26,"as":141.04,"mi":"E","mv":30144,"sc":3,"lpe":99.97,"lpr":299.12,"lq":1.0},{"pi":"312798","pc":"Одежда и обувь","ss":100,"td":"Центр города","dc":2,"n":49.02,"vc":"около 50","sl":"Низкий","sv":"менее 50","p":295.0,"q":1.05,"b":0.0,"wi":0.15,"ei":4.26,"as":141.04,"mi":"E","mv":30144,"sc":3,"lpe":99.97,"lpr":299.12,"lq":1.0},{"pi":"312798","pc":"Одежда и обувь","ss":100,"td":"Центр города","dc":2,"n":49.88,"vc":"около 50","sl":"Низкий","sv":"менее 50","p":331.78,"q":1.05,"b":0.0,"wi":0.15,"ei":4.26,"as":141.04,"mi":"E","mv":30144,"sc":3,"lpe":99.97,"lpr":299.12,"lq":1.0},{"pi":"312798","pc":"Одежда и обувь","ss":100,"td":"Центр города","dc":1,"n":48.66,"vc":"около 50","sl":"Нормальный","sv":"менее 50","p":321.94,"q":1.05,"b":0.0,"wi":0.15,"ei":4.26,"as":141.04,"mi":"E","mv":30144,"sc":3,"lpe":99.97,"lpr":299.12,"lq":1.0},{"pi":"312798","pc":"Одежда и обувь","ss":100,"td":"Центр города","dc":2,"n":49.88,"vc":"около 50","sl":"Низкий","sv":"менее 50","p":331.78,"q":1.05,"b":0.0,"wi":0.15,"ei":4.26,"as":141.04,"mi":"E","mv":30144,"sc":3,"lpe":99.97,"lpr":299.12,"lq":1.0},{"pi":"312798","pc":"Одежда и обувь","ss":100,"td":"Центр города","dc":2,"n":49.02,"vc":"около 50","sl":"Низкий","sv":"менее 50","p":295.0,"q":1.05,"b":0.0,"wi":0.15,"ei":4.26,"as":141.04,"mi":"E","mv":30144,"sc":3,"lpe":99.97,"lpr":299.12,"lq":1.0},{"pi":"312798","pc":"Одежда и обувь","ss":100,"td":"Центр города","dc":2,"n":49.02,"vc":"около 50","sl":"Низкий","sv":"менее 50","p":295.0,"q":1.05,"b":0.0,"wi":0.15,"ei":4.26,"as":141.04,"mi":"E","mv":30144,"sc":3,"lpe":99.97,"lpr":299.12,"lq":1.0},{"pi":"312798","pc":"Одежда и обувь","ss":100,"td":"Центр города","dc":1,"n":48.66,"vc":"около 50","sl":"Нормальный","sv":"менее 50","p":321.94,"q":1.05,"b":0.0,"wi":0.15,"ei":4.26,"as":141.04,"mi":"E","mv":30144,"sc":3,"lpe":99.97,"lpr":299.12,"lq":1.0},{"pi":"312798","pc":"Одежда и обувь","ss":100,"td":"Центр города","dc":2,"n":49.88,"vc":"около 50","sl":"Низкий","sv":"менее 50","p":331.78,"q":1.05,"b":0.0,"wi":0.15,"ei":4.26,"as":141.04,"mi":"E","mv":30144,"sc":3,"lpe":99.97,"lpr":299.12,"lq":1.0},{"pi":"312798","pc":"Одежда и обувь","ss":100,"td":"Центр города","dc":2,"n":49.02,"vc":"около 50","sl":"Низкий","sv":"менее 50","p":295.0,"q":1.05,"b":0.0,"wi":0.15,"ei":4.26,"as":141.04,"mi":"E","mv":30144,"sc":3,"lpe":99.97,"lpr":299.12,"lq":1.0},{"pi":"312798","pc":"Одежда и обувь","ss":100,"td":"Центр города","dc":1,"n":48.66,"vc":"около 50","sl":"Нормальный","sv":"менее 50","p":321.94,"q":1.05,"b":0.0,"wi":0.15,"ei":4.26,"as":141.04,"mi":"E","mv":30144,"sc":3,"lpe":99.97,"lpr":299.12,"lq":1.0},{"pi":"312798","pc":"Одежда и обувь","ss":100,"td":"Центр города","dc":2,"n":49.02,"vc":"около 50","sl":"Низкий","sv":"менее 50","p":295.0,"q":1.05,"b":0.0,"wi":0.15,"ei":4.26,"as":141.04,"mi":"E","mv":30144,"sc":3,"lpe":99.97,"lpr":299.12,"lq":1.0},{"pi":"312798","pc":"Одежда и обувь","ss":100,"td":"Центр города","dc":2,"n":49.88,"vc":"около 50","sl":"Низкий","sv":"менее 50","p":331.78,"q":1.05,"b":0.0,"wi":0.15,"ei":4.26,"as":141.04,"mi":"E","mv":30144,"sc":3,"lpe":99.97,"lpr":299.12,"lq":1.0},{"pi":"312798","pc":"Одежда и обувь","ss":100,"td":"Центр города","dc":1,"n":49.5,"vc":"около 50","sl":"Высокий","sv":"менее 50","p":241.93,"q":1.05,"b":0.0,"wi":0.13,"ei":3.71,"as":101.4,"mi":"E","mv":14077,"sc":1,"lpe":99.96,"lpr":223.56,"lq":1.0},{"pi":"312798","pc":"Одежда и обувь","ss":100,"td":"Центр города","dc":1,"n":49.5,"vc":"около 50","sl":"Высокий","sv":"менее 50","p":241.93,"q":1.05,"b":0.0,"wi":0.13,"ei":3.71,"as":101.4,"mi":"E","mv":14077,"sc":1,"lpe":99.96,"lpr":223.56,"lq":1.0},{"pi":"312798","pc":"Одежда и обувь","ss":100,"td":"Центр города","dc":1,"n":49.5,"vc":"около 50","sl":"Высокий","sv":"менее 50","p":241.93,"q":1.05,"b":0.0,"wi":0.13,"ei":3.71,"as":101.4,"mi":"E","mv":14077,"sc":1,"lpe":99.96,"lpr":223.56,"lq":1.0},{"pi":"312798","pc":"Одежда и обувь","ss":100,"td":"Центр города","dc":1,"n":49.5,"vc":"около 50","sl":"Высокий","sv":"менее 50","p":241.93,"q":1.05,"b":0.0,"wi":0.13,"ei":3.71,"as":101.4,"mi":"E","mv":14077,"sc":1,"lpe":99.96,"lpr":223.56,"lq":1.0},{"pi":"312798","pc":"Одежда и обувь","ss":500,"td":"Фешенебельный район","dc":3,"n":23.2,"vc":"менее 50","sl":"Элитный","sv":"менее 50","p":347.0,"q":1.0,"b":0.0,"wi":0.21,"ei":4.35,"as":171.23,"mi":"E","mv":39848,"sc":4,"lpe":99.78,"lpr":376.25,"lq":1.0},{"pi":"312798","pc":"Одежда и обувь","ss":500,"td":"Фешенебельный район","dc":3,"n":37.6,"vc":"менее 50","sl":"Элитный","sv":"менее 50","p":349.66,"q":1.0,"b":0.0,"wi":0.21,"ei":4.35,"as":171.23,"mi":"E","mv":39848,"sc":4,"lpe":99.78,"lpr":376.25,"lq":1.0},{"pi":"312798","pc":"Одежда и обувь","ss":500,"td":"Фешенебельный район","dc":3,"n":23.2,"vc":"менее 50","sl":"Элитный","sv":"менее 50","p":347.0,"q":1.0,"b":0.0,"wi":0.21,"ei":4.35,"as":171.23,"mi":"E","mv":39848,"sc":4,"lpe":99.78,"lpr":376.25,"lq":1.0},{"pi":"312798","pc":"Одежда и обувь","ss":500,"td":"Фешенебельный район","dc":3,"n":37.6,"vc":"менее 50","sl":"Элитный","sv":"менее 50","p":349.66,"q":1.0,"b":0.0,"wi":0.21,"ei":4.35,"as":171.23,"mi":"E","mv":39848,"sc":4,"lpe":99.78,"lpr":376.25,"lq":1.0},{"pi":"312798","pc":"Одежда и обувь","ss":500,"td":"Фешенебельный район","dc":3,"n":37.6,"vc":"менее 50","sl":"Элитный","sv":"менее 50","p":349.66,"q":1.0,"b":0.0,"wi":0.21,"ei":4.35,"as":171.23,"mi":"E","mv":39848,"sc":4,"lpe":99.78,"lpr":376.25,"lq":1.0},{"pi":"312798","pc":"Одежда и обувь","ss":500,"td":"Фешенебельный район","dc":3,"n":23.2,"vc":"менее 50","sl":"Элитный","sv":"менее 50","p":347.0,"q":1.0,"b":0.0,"wi":0.21,"ei":4.35,"as":171.23,"mi":"E","mv":39848,"sc":4,"lpe":99.78,"lpr":376.25,"lq":1.0},{"pi":"312798","pc":"Одежда и обувь","ss":500,"td":"Фешенебельный район","dc":3,"n":23.2,"vc":"менее 50","sl":"Элитный","sv":"менее 50","p":347.0,"q":1.0,"b":0.0,"wi":0.21,"ei":4.35,"as":171.23,"mi":"E","mv":39848,"sc":4,"lpe":99.78,"lpr":376.25,"lq":1.0},{"pi":"312798","pc":"Одежда и обувь","ss":500,"td":"Фешенебельный район","dc":3,"n":23.2,"vc":"менее 50","sl":"Элитный","sv":"менее 50","p":347.0,"q":1.0,"b":0.0,"wi":0.21,"ei":4.35,"as":171.23,"mi":"E","mv":39848,"sc":4,"lpe":99.78,"lpr":376.25,"lq":1.0},{"pi":"312798","pc":"Одежда и обувь","ss":500,"td":"Фешенебельный район","dc":3,"n":37.6,"vc":"менее 50","sl":"Элитный","sv":"менее 50","p":349.66,"q":1.0,"b":0.0,"wi":0.21,"ei":4.35,"as":171.23,"mi":"E","mv":39848,"sc":4,"lpe":99.78,"lpr":376.25,"lq":1.0},{"pi":"312798","pc":"Одежда и обувь","ss":500,"td":"Центр города","dc":1,"n":34.49,"vc":"более 200","sl":"Очень высокий","sv":"около 50","p":396.36,"q":1.0,"b":0.0,"wi":0.21,"ei":4.35,"as":171.23,"mi":"E","mv":39848,"sc":4,"lpe":99.78,"lpr":376.25,"lq":1.0},{"pi":"312798","pc":"Одежда и обувь","ss":500,"td":"Фешенебельный район","dc":3,"n":37.6,"vc":"менее 50","sl":"Элитный","sv":"менее 50","p":349.66,"q":1.0,"b":0.0,"wi":0.21,"ei":4.35,"as":171.23,"mi":"E","mv":39848,"sc":4,"lpe":99.78,"lpr":376.25,"lq":1.0},{"pi":"312798","pc":"Одежда и обувь","ss":500,"td":"Фешенебельный район","dc":3,"n":23.2,"vc":"менее 50","sl":"Элитный","sv":"менее 50","p":347.0,"q":1.0,"b":0.0,"wi":0.21,"ei":4.35,"as":171.23,"mi":"E","mv":39848,"sc":4,"lpe":99.78,"lpr":376.25,"lq":1.0},{"pi":"312798","pc":"Одежда и обувь","ss":100,"td":"Центр города","dc":1,"n":48.19,"vc":"более 100","sl":"Низкий","sv":"менее 50","p":374.23,"q":1.05,"b":0.0,"wi":0.21,"ei":4.35,"as":171.23,"mi":"E","mv":39848,"sc":4,"lpe":99.78,"lpr":376.25,"lq":1.0},{"pi":"312798","pc":"Одежда и обувь","ss":500,"td":"Центр города","dc":1,"n":34.49,"vc":"более 200","sl":"Очень высокий","sv":"около 50","p":396.36,"q":1.0,"b":0.0,"wi":0.21,"ei":4.35,"as":171.23,"mi":"E","mv":39848,"sc":4,"lpe":99.78,"lpr":376.25,"lq":1.0},{"pi":"312798","pc":"Одежда и обувь","ss":500,"td":"Фешенебельный район","dc":3,"n":23.2,"vc":"менее 50","sl":"Элитный","sv":"менее 50","p":347.0,"q":1.0,"b":0.0,"wi":0.21,"ei":4.35,"as":171.23,"mi":"E","mv":39848,"sc":4,"lpe":99.78,"lpr":376.25,"lq":1.0},{"pi":"312798","pc":"Одежда и обувь","ss":500,"td":"Фешенебельный район","dc":3,"n":37.6,"vc":"менее 50","sl":"Элитный","sv":"менее 50","p":349.66,"q":1.0,"b":0.0,"wi":0.21,"ei":4.35,"as":171.23,"mi":"E","mv":39848,"sc":4,"lpe":99.78,"lpr":376.25,"lq":1.0},{"pi":"312798","pc":"Одежда и обувь","ss":100,"td":"Центр города","dc":1,"n":48.19,"vc":"более 100","sl":"Низкий","sv":"менее 50","p":374.23,"q":1.05,"b":0.0,"wi":0.21,"ei":4.35,"as":171.23,"mi":"E","mv":39848,"sc":4,"lpe":99.78,"lpr":376.25,"lq":1.0},{"pi":"312798","pc":"Одежда и обувь","ss":500,"td":"Фешенебельный район","dc":3,"n":37.6,"vc":"менее 50","sl":"Элитный","sv":"менее 50","p":349.66,"q":1.0,"b":0.0,"wi":0.21,"ei":4.35,"as":171.23,"mi":"E","mv":39848,"sc":4,"lpe":99.78,"lpr":376.25,"lq":1.0},{"pi":"312798","pc":"Одежда и обувь","ss":500,"td":"Фешенебельный район","dc":3,"n":23.2,"vc":"менее 50","sl":"Элитный","sv":"менее 50","p":347.0,"q":1.0,"b":0.0,"wi":0.21,"ei":4.35,"as":171.23,"mi":"E","mv":39848,"sc":4,"lpe":99.78,"lpr":376.25,"lq":1.0},{"pi":"312798","pc":"Одежда и обувь","ss":500,"td":"Фешенебельный район","dc":3,"n":23.2,"vc":"менее 50","sl":"Элитный","sv":"менее 50","p":347.0,"q":1.0,"b":0.0,"wi":0.21,"ei":4.35,"as":171.23,"mi":"E","mv":39848,"sc":4,"lpe":99.78,"lpr":376.25,"lq":1.0},{"pi":"312798","pc":"Одежда и обувь","ss":500,"td":"Фешенебельный район","dc":3,"n":37.6,"vc":"менее 50","sl":"Элитный","sv":"менее 50","p":349.66,"q":1.0,"b":0.0,"wi":0.21,"ei":4.35,"as":171.23,"mi":"E","mv":39848,"sc":4,"lpe":99.78,"lpr":376.25,"lq":1.0},{"pi":"312798","pc":"Одежда и обувь","ss":500,"td":"Центр города","dc":1,"n":34.49,"vc":"более 200","sl":"Очень высокий","sv":"около 50","p":396.36,"q":1.0,"b":0.0,"wi":0.21,"ei":4.35,"as":171.23,"mi":"E","mv":39848,"sc":4,"lpe":99.78,"lpr":376.25,"lq":1.0},{"pi":"312798","pc":"Одежда и обувь","ss":500,"td":"Фешенебельный район","dc":3,"n":37.6,"vc":"менее 50","sl":"Элитный","sv":"менее 50","p":349.66,"q":1.0,"b":0.0,"wi":0.21,"ei":4.35,"as":171.23,"mi":"E","mv":39848,"sc":4,"lpe":99.78,"lpr":376.25,"lq":1.0},{"pi":"312798","pc":"Одежда и обувь","ss":500,"td":"Фешенебельный район","dc":3,"n":23.2,"vc":"менее 50","sl":"Элитный","sv":"менее 50","p":347.0,"q":1.0,"b":0.0,"wi":0.21,"ei":4.35,"as":171.23,"mi":"E","mv":39848,"sc":4,"lpe":99.78,"lpr":376.25,"lq":1.0},{"pi":"312798","pc":"Одежда и обувь","ss":100,"td":"Центр города","dc":1,"n":48.19,"vc":"более 100","sl":"Низкий","sv":"менее 50","p":374.23,"q":1.05,"b":0.0,"wi":0.21,"ei":4.35,"as":171.23,"mi":"E","mv":39848,"sc":4,"lpe":99.78,"lpr":376.25,"lq":1.0},{"pi":"312798","pc":"Одежда и обувь","ss":500,"td":"Фешенебельный район","dc":3,"n":23.2,"vc":"менее 50","sl":"Элитный","sv":"менее 50","p":347.0,"q":1.0,"b":0.0,"wi":0.21,"ei":4.35,"as":171.23,"mi":"E","mv":39848,"sc":4,"lpe":99.78,"lpr":376.25,"lq":1.0},{"pi":"312798","pc":"Одежда и обувь","ss":500,"td":"Фешенебельный район","dc":3,"n":37.6,"vc":"менее 50","sl":"Элитный","sv":"менее 50","p":349.66,"q":1.0,"b":0.0,"wi":0.21,"ei":4.35,"as":171.23,"mi":"E","mv":39848,"sc":4,"lpe":99.78,"lpr":376.25,"lq":1.0},{"pi":"312798","pc":"Одежда и обувь","ss":100,"td":"Центр города","dc":1,"n":48.19,"vc":"более 100","sl":"Низкий","sv":"менее 50","p":374.23,"q":1.05,"b":0.0,"wi":0.21,"ei":4.35,"as":171.23,"mi":"E","mv":39848,"sc":4,"lpe":99.78,"lpr":376.25,"lq":1.0},{"pi":"312798","pc":"Одежда и обувь","ss":500,"td":"Фешенебельный район","dc":3,"n":23.2,"vc":"менее 50","sl":"Элитный","sv":"менее 50","p":347.0,"q":1.0,"b":0.0,"wi":0.21,"ei":4.35,"as":171.23,"mi":"E","mv":39848,"sc":4,"lpe":99.78,"lpr":376.25,"lq":1.0},{"pi":"312798","pc":"Одежда и обувь","ss":500,"td":"Фешенебельный район","dc":3,"n":37.6,"vc":"менее 50","sl":"Элитный","sv":"менее 50","p":349.66,"q":1.0,"b":0.0,"wi":0.21,"ei":4.35,"as":171.23,"mi":"E","mv":39848,"sc":4,"lpe":99.78,"lpr":376.25,"lq":1.0},{"pi":"312798","pc":"Одежда и обувь","ss":500,"td":"Фешенебельный район","dc":3,"n":37.6,"vc":"менее 50","sl":"Элитный","sv":"менее 50","p":349.66,"q":1.0,"b":0.0,"wi":0.21,"ei":4.35,"as":171.23,"mi":"E","mv":39848,"sc":4,"lpe":99.78,"lpr":376.25,"lq":1.0},{"pi":"312798","pc":"Одежда и обувь","ss":500,"td":"Фешенебельный район","dc":3,"n":23.2,"vc":"менее 50","sl":"Элитный","sv":"менее 50","p":347.0,"q":1.0,"b":0.0,"wi":0.21,"ei":4.35,"as":171.23,"mi":"E","mv":39848,"sc":4,"lpe":99.78,"lpr":376.25,"lq":1.0},{"pi":"312798","pc":"Одежда и обувь","ss":100,"td":"Центр города","dc":1,"n":204.45,"vc":"более 100","sl":"Низкий","sv":"менее 50","p":339.59,"q":2.92,"b":0.0,"wi":0.17,"ei":4.26,"as":146.92,"mi":"E","mv":145085,"sc":1,"lpe":99.99,"lpr":323.36,"lq":1.0},{"pi":"312798","pc":"Одежда и обувь","ss":100,"td":"Центр города","dc":1,"n":204.45,"vc":"более 100","sl":"Низкий","sv":"менее 50","p":339.59,"q":2.92,"b":0.0,"wi":0.17,"ei":4.26,"as":146.92,"mi":"E","mv":145085,"sc":1,"lpe":99.99,"lpr":323.36,"lq":1.0},{"pi":"312798","pc":"Одежда и обувь","ss":100,"td":"Центр города","dc":1,"n":204.45,"vc":"более 100","sl":"Низкий","sv":"менее 50","p":339.59,"q":2.92,"b":0.0,"wi":0.17,"ei":4.26,"as":146.92,"mi":"E","mv":145085,"sc":1,"lpe":99.99,"lpr":323.36,"lq":1.0},{"pi":"312798","pc":"Одежда и обувь","ss":100,"td":"Центр города","dc":1,"n":204.45,"vc":"более 100","sl":"Низкий","sv":"менее 50","p":339.59,"q":2.92,"b":0.0,"wi":0.17,"ei":4.26,"as":146.92,"mi":"E","mv":145085,"sc":1,"lpe":99.99,"lpr":323.36,"lq":1.0},{"pi":"312798","pc":"Одежда и обувь","ss":100,"td":"Центр города","dc":1,"n":49.5,"vc":"около 50","sl":"Нормальный","sv":"менее 50","p":435.49,"q":1.05,"b":0.0,"wi":0.18,"ei":3.86,"as":182.99,"mi":"E","mv":39453,"sc":1,"lpe":99.99,"lpr":402.84,"lq":1.0},{"pi":"312798","pc":"Одежда и обувь","ss":100,"td":"Центр города","dc":1,"n":49.5,"vc":"около 50","sl":"Нормальный","sv":"менее 50","p":435.49,"q":1.05,"b":0.0,"wi":0.18,"ei":3.86,"as":182.99,"mi":"E","mv":39453,"sc":1,"lpe":99.99,"lpr":402.84,"lq":1.0},{"pi":"312798","pc":"Одежда и обувь","ss":100,"td":"Центр города","dc":1,"n":49.5,"vc":"около 50","sl":"Нормальный","sv":"менее 50","p":435.49,"q":1.05,"b":0.0,"wi":0.18,"ei":3.86,"as":182.99,"mi":"E","mv":39453,"sc":1,"lpe":99.99,"lpr":402.84,"lq":1.0},{"pi":"312798","pc":"Одежда и обувь","ss":100,"td":"Центр города","dc":1,"n":49.5,"vc":"около 50","sl":"Нормальный","sv":"менее 50","p":435.49,"q":1.05,"b":0.0,"wi":0.18,"ei":3.86,"as":182.99,"mi":"E","mv":39453,"sc":1,"lpe":99.99,"lpr":402.84,"lq":1.0},{"pi":"312798","pc":"Одежда и обувь","ss":500,"td":"Центр города","dc":2,"n":32.08,"vc":"около 50","sl":"Очень высокий","sv":"менее 50","p":485.0,"q":1.0,"b":0.0,"wi":0.22,"ei":2.99,"as":224.75,"mi":"E","mv":2179,"sc":3,"lpe":98.67,"lpr":492.28,"lq":1.0},{"pi":"312798","pc":"Одежда и обувь","ss":500,"td":"Окраина","dc":2,"n":177.9,"vc":"около 50","sl":"Низкий","sv":"менее 50","p":465.2,"q":1.0,"b":0.0,"wi":0.22,"ei":2.99,"as":224.75,"mi":"E","mv":2179,"sc":3,"lpe":98.67,"lpr":492.28,"lq":1.0},{"pi":"312798","pc":"Одежда и обувь","ss":500,"td":"Центр города","dc":2,"n":32.08,"vc":"около 50","sl":"Очень высокий","sv":"менее 50","p":485.0,"q":1.0,"b":0.0,"wi":0.22,"ei":2.99,"as":224.75,"mi":"E","mv":2179,"sc":3,"lpe":98.67,"lpr":492.28,"lq":1.0},{"pi":"312798","pc":"Одежда и обувь","ss":500,"td":"Центр города","dc":2,"n":207.99,"vc":"более 100","sl":"Высокий","sv":"менее 50","p":425.0,"q":1.0,"b":0.0,"wi":0.22,"ei":2.99,"as":224.75,"mi":"E","mv":2179,"sc":3,"lpe":98.67,"lpr":492.28,"lq":1.0},{"pi":"312798","pc":"Одежда и обувь","ss":500,"td":"Центр города","dc":2,"n":207.99,"vc":"более 100","sl":"Высокий","sv":"менее 50","p":425.0,"q":1.0,"b":0.0,"wi":0.22,"ei":2.99,"as":224.75,"mi":"E","mv":2179,"sc":3,"lpe":98.67,"lpr":492.28,"lq":1.0},{"pi":"312798","pc":"Одежда и обувь","ss":500,"td":"Центр города","dc":2,"n":32.08,"vc":"около 50","sl":"Очень высокий","sv":"менее 50","p":485.0,"q":1.0,"b":0.0,"wi":0.22,"ei":2.99,"as":224.75,"mi":"E","mv":2179,"sc":3,"lpe":98.67,"lpr":492.28,"lq":1.0},{"pi":"312798","pc":"Одежда и обувь","ss":500,"td":"Окраина","dc":2,"n":177.9,"vc":"около 50","sl":"Низкий","sv":"менее 50","p":465.2,"q":1.0,"b":0.0,"wi":0.22,"ei":2.99,"as":224.75,"mi":"E","mv":2179,"sc":3,"lpe":98.67,"lpr":492.28,"lq":1.0},{"pi":"312798","pc":"Одежда и обувь","ss":500,"td":"Центр города","dc":2,"n":207.99,"vc":"более 100","sl":"Высокий","sv":"менее 50","p":425.0,"q":1.0,"b":0.0,"wi":0.22,"ei":2.99,"as":224.75,"mi":"E","mv":2179,"sc":3,"lpe":98.67,"lpr":492.28,"lq":1.0},{"pi":"312798","pc":"Одежда и обувь","ss":500,"td":"Окраина","dc":2,"n":177.9,"vc":"около 50","sl":"Низкий","sv":"менее 50","p":465.2,"q":1.0,"b":0.0,"wi":0.22,"ei":2.99,"as":224.75,"mi":"E","mv":2179,"sc":3,"lpe":98.67,"lpr":492.28,"lq":1.0},{"pi":"312798","pc":"Одежда и обувь","ss":500,"td":"Центр города","dc":2,"n":32.08,"vc":"около 50","sl":"Очень высокий","sv":"менее 50","p":485.0,"q":1.0,"b":0.0,"wi":0.22,"ei":2.99,"as":224.75,"mi":"E","mv":2179,"sc":3,"lpe":98.67,"lpr":492.28,"lq":1.0},{"pi":"312798","pc":"Одежда и обувь","ss":500,"td":"Центр города","dc":2,"n":207.99,"vc":"более 100","sl":"Высокий","sv":"менее 50","p":425.0,"q":1.0,"b":0.0,"wi":0.22,"ei":2.99,"as":224.75,"mi":"E","mv":2179,"sc":3,"lpe":98.67,"lpr":492.28,"lq":1.0},{"pi":"312798","pc":"Одежда и обувь","ss":500,"td":"Центр города","dc":2,"n":32.08,"vc":"около 50","sl":"Очень высокий","sv":"менее 50","p":485.0,"q":1.0,"b":0.0,"wi":0.22,"ei":2.99,"as":224.75,"mi":"E","mv":2179,"sc":3,"lpe":98.67,"lpr":492.28,"lq":1.0},{"pi":"312798","pc":"Одежда и обувь","ss":500,"td":"Окраина","dc":2,"n":177.9,"vc":"около 50","sl":"Низкий","sv":"менее 50","p":465.2,"q":1.0,"b":0.0,"wi":0.22,"ei":2.99,"as":224.75,"mi":"E","mv":2179,"sc":3,"lpe":98.67,"lpr":492.28,"lq":1.0},{"pi":"312798","pc":"Одежда и обувь","ss":500,"td":"Центр города","dc":2,"n":207.99,"vc":"более 100","sl":"Высокий","sv":"менее 50","p":425.0,"q":1.0,"b":0.0,"wi":0.22,"ei":2.99,"as":224.75,"mi":"E","mv":2179,"sc":3,"lpe":98.67,"lpr":492.28,"lq":1.0},{"pi":"312798","pc":"Одежда и обувь","ss":500,"td":"Центр города","dc":2,"n":32.08,"vc":"около 50","sl":"Очень высокий","sv":"менее 50","p":485.0,"q":1.0,"b":0.0,"wi":0.22,"ei":2.99,"as":224.75,"mi":"E","mv":2179,"sc":3,"lpe":98.67,"lpr":492.28,"lq":1.0},{"pi":"312798","pc":"Одежда и обувь","ss":500,"td":"Окраина","dc":2,"n":177.9,"vc":"около 50","sl":"Низкий","sv":"менее 50","p":465.2,"q":1.0,"b":0.0,"wi":0.22,"ei":2.99,"as":224.75,"mi":"E","mv":2179,"sc":3,"lpe":98.67,"lpr":492.28,"lq":1.0},{"pi":"312798","pc":"Одежда и обувь","ss":500,"td":"Центр города","dc":2,"n":207.99,"vc":"более 100","sl":"Высокий","sv":"менее 50","p":425.0,"q":1.0,"b":0.0,"wi":0.22,"ei":2.99,"as":224.75,"mi":"E","mv":2179,"sc":3,"lpe":98.67,"lpr":492.28,"lq":1.0},{"pi":"312798","pc":"Одежда и обувь","ss":500,"td":"Центр города","dc":2,"n":32.08,"vc":"около 50","sl":"Очень высокий","sv":"менее 50","p":485.0,"q":1.0,"b":0.0,"wi":0.22,"ei":2.99,"as":224.75,"mi":"E","mv":2179,"sc":3,"lpe":98.67,"lpr":492.28,"lq":1.0},{"pi":"312798","pc":"Одежда и обувь","ss":500,"td":"Окраина","dc":2,"n":177.9,"vc":"около 50","sl":"Низкий","sv":"менее 50","p":465.2,"q":1.0,"b":0.0,"wi":0.22,"ei":2.99,"as":224.75,"mi":"E","mv":2179,"sc":3,"lpe":98.67,"lpr":492.28,"lq":1.0},{"pi":"312798","pc":"Одежда и обувь","ss":500,"td":"Центр города","dc":2,"n":207.99,"vc":"более 100","sl":"Высокий","sv":"менее 50","p":425.0,"q":1.0,"b":0.0,"wi":0.22,"ei":2.99,"as":224.75,"mi":"E","mv":2179,"sc":3,"lpe":98.67,"lpr":492.28,"lq":1.0},{"pi":"312798","pc":"Одежда и обувь","ss":500,"td":"Центр города","dc":2,"n":32.08,"vc":"около 50","sl":"Очень высокий","sv":"менее 50","p":485.0,"q":1.0,"b":0.0,"wi":0.22,"ei":2.99,"as":224.75,"mi":"E","mv":2179,"sc":3,"lpe":98.67,"lpr":492.28,"lq":1.0},{"pi":"312798","pc":"Одежда и обувь","ss":500,"td":"Окраина","dc":2,"n":177.9,"vc":"около 50","sl":"Низкий","sv":"менее 50","p":465.2,"q":1.0,"b":0.0,"wi":0.22,"ei":2.99,"as":224.75,"mi":"E","mv":2179,"sc":3,"lpe":98.67,"lpr":492.28,"lq":1.0},{"pi":"312798","pc":"Одежда и обувь","ss":500,"td":"Центр города","dc":2,"n":207.99,"vc":"более 100","sl":"Высокий","sv":"менее 50","p":425.0,"q":1.0,"b":0.0,"wi":0.22,"ei":2.99,"as":224.75,"mi":"E","mv":2179,"sc":3,"lpe":98.67,"lpr":492.28,"lq":1.0},{"pi":"312798","pc":"Одежда и обувь","ss":500,"td":"Центр города","dc":2,"n":32.08,"vc":"около 50","sl":"Очень высокий","sv":"менее 50","p":485.0,"q":1.0,"b":0.0,"wi":0.22,"ei":2.99,"as":224.75,"mi":"E","mv":2179,"sc":3,"lpe":98.67,"lpr":492.28,"lq":1.0},{"pi":"312798","pc":"Одежда и обувь","ss":500,"td":"Окраина","dc":2,"n":177.9,"vc":"около 50","sl":"Низкий","sv":"менее 50","p":465.2,"q":1.0,"b":0.0,"wi":0.22,"ei":2.99,"as":224.75,"mi":"E","mv":2179,"sc":3,"lpe":98.67,"lpr":492.28,"lq":1.0},{"pi":"312798","pc":"Одежда и обувь","ss":500,"td":"Центр города","dc":2,"n":207.99,"vc":"более 100","sl":"Высокий","sv":"менее 50","p":425.0,"q":1.0,"b":0.0,"wi":0.22,"ei":2.99,"as":224.75,"mi":"E","mv":2179,"sc":3,"lpe":98.67,"lpr":492.28,"lq":1.0},{"pi":"312798","pc":"Одежда и обувь","ss":500,"td":"Центр города","dc":2,"n":32.08,"vc":"около 50","sl":"Очень высокий","sv":"менее 50","p":485.0,"q":1.0,"b":0.0,"wi":0.22,"ei":2.99,"as":224.75,"mi":"E","mv":2179,"sc":3,"lpe":98.67,"lpr":492.28,"lq":1.0},{"pi":"312798","pc":"Одежда и обувь","ss":500,"td":"Окраина","dc":2,"n":177.9,"vc":"около 50","sl":"Низкий","sv":"менее 50","p":465.2,"q":1.0,"b":0.0,"wi":0.22,"ei":2.99,"as":224.75,"mi":"E","mv":2179,"sc":3,"lpe":98.67,"lpr":492.28,"lq":1.0},{"pi":"312798","pc":"Одежда и обувь","ss":500,"td":"Центр города","dc":2,"n":207.99,"vc":"более 100","sl":"Высокий","sv":"менее 50","p":425.0,"q":1.0,"b":0.0,"wi":0.22,"ei":2.99,"as":224.75,"mi":"E","mv":2179,"sc":3,"lpe":98.67,"lpr":492.28,"lq":1.0},{"pi":"312798","pc":"Одежда и обувь","ss":500,"td":"Центр города","dc":2,"n":32.08,"vc":"около 50","sl":"Очень высокий","sv":"менее 50","p":485.0,"q":1.0,"b":0.0,"wi":0.22,"ei":2.99,"as":224.75,"mi":"E","mv":2179,"sc":3,"lpe":98.67,"lpr":492.28,"lq":1.0},{"pi":"312798","pc":"Одежда и обувь","ss":500,"td":"Окраина","dc":2,"n":177.9,"vc":"около 50","sl":"Низкий","sv":"менее 50","p":465.2,"q":1.0,"b":0.0,"wi":0.22,"ei":2.99,"as":224.75,"mi":"E","mv":2179,"sc":3,"lpe":98.67,"lpr":492.28,"lq":1.0},{"pi":"312798","pc":"Одежда и обувь","ss":500,"td":"Центр города","dc":2,"n":207.99,"vc":"более 100","sl":"Высокий","sv":"менее 50","p":425.0,"q":1.0,"b":0.0,"wi":0.22,"ei":2.99,"as":224.75,"mi":"E","mv":2179,"sc":3,"lpe":98.67,"lpr":492.28,"lq":1.0},{"pi":"312798","pc":"Одежда и обувь","ss":500,"td":"Центр города","dc":2,"n":32.08,"vc":"около 50","sl":"Очень высокий","sv":"менее 50","p":485.0,"q":1.0,"b":0.0,"wi":0.22,"ei":2.99,"as":224.75,"mi":"E","mv":2179,"sc":3,"lpe":98.67,"lpr":492.28,"lq":1.0},{"pi":"312798","pc":"Одежда и обувь","ss":500,"td":"Окраина","dc":2,"n":177.9,"vc":"около 50","sl":"Низкий","sv":"менее 50","p":465.2,"q":1.0,"b":0.0,"wi":0.22,"ei":2.99,"as":224.75,"mi":"E","mv":2179,"sc":3,"lpe":98.67,"lpr":492.28,"lq":1.0},{"pi":"312798","pc":"Одежда и обувь","ss":100,"td":"Фешенебельный район","dc":2,"n":46.69,"vc":"менее 50","sl":"Очень высокий","sv":"менее 50","p":2111.0,"q":1.0,"b":0.0,"wi":1.15,"ei":7.3,"as":1135.0,"mi":"E","mv":77743,"sc":1,"lpe":99.99,"lpr":2304.28,"lq":1.0},{"pi":"312798","pc":"Одежда и обувь","ss":100,"td":"Фешенебельный район","dc":2,"n":46.69,"vc":"менее 50","sl":"Очень высокий","sv":"менее 50","p":2111.0,"q":1.0,"b":0.0,"wi":1.15,"ei":7.3,"as":1135.0,"mi":"E","mv":77743,"sc":1,"lpe":99.99,"lpr":2304.28,"lq":1.0},{"pi":"312798","pc":"Одежда и обувь","ss":100,"td":"Фешенебельный район","dc":2,"n":46.69,"vc":"менее 50","sl":"Очень высокий","sv":"менее 50","p":2111.0,"q":1.0,"b":0.0,"wi":1.15,"ei":7.3,"as":1135.0,"mi":"E","mv":77743,"sc":1,"lpe":99.99,"lpr":2304.28,"lq":1.0},{"pi":"312798","pc":"Одежда и обувь","ss":100,"td":"Фешенебельный район","dc":2,"n":46.69,"vc":"менее 50","sl":"Очень высокий","sv":"менее 50","p":2111.0,"q":1.0,"b":0.0,"wi":1.15,"ei":7.3,"as":1135.0,"mi":"E","mv":77743,"sc":1,"lpe":99.99,"lpr":2304.28,"lq":1.0},{"pi":"312798","pc":"Одежда и обувь","ss":500,"td":"Центр города","dc":2,"n":74.96,"vc":"более 100","sl":"Элитный","sv":"около 100","p":2250.2,"q":1.0,"b":0.0,"wi":1.23,"ei":7.3,"as":1200.0,"mi":"E","mv":59497,"sc":2,"lpe":99.86,"lpr":2454.74,"lq":1.0},{"pi":"312798","pc":"Одежда и обувь","ss":500,"td":"Центр города","dc":2,"n":74.96,"vc":"более 100","sl":"Элитный","sv":"около 100","p":2250.2,"q":1.0,"b":0.0,"wi":1.23,"ei":7.3,"as":1200.0,"mi":"E","mv":59497,"sc":2,"lpe":99.86,"lpr":2454.74,"lq":1.0},{"pi":"312798","pc":"Одежда и обувь","ss":500,"td":"Центр города","dc":2,"n":74.96,"vc":"более 100","sl":"Элитный","sv":"около 100","p":2250.2,"q":1.0,"b":0.0,"wi":1.23,"ei":7.3,"as":1200.0,"mi":"E","mv":59497,"sc":2,"lpe":99.86,"lpr":2454.74,"lq":1.0},{"pi":"312798","pc":"Одежда и обувь","ss":500,"td":"Центр города","dc":2,"n":74.96,"vc":"более 100","sl":"Элитный","sv":"около 100","p":2250.2,"q":1.0,"b":0.0,"wi":1.23,"ei":7.3,"as":1200.0,"mi":"E","mv":59497,"sc":2,"lpe":99.86,"lpr":2454.74,"lq":1.0},{"pi":"312798","pc":"Одежда и обувь","ss":500,"td":"Центр города","dc":2,"n":74.96,"vc":"более 100","sl":"Элитный","sv":"около 100","p":2250.2,"q":1.0,"b":0.0,"wi":1.23,"ei":7.3,"as":1200.0,"mi":"E","mv":59497,"sc":2,"lpe":99.86,"lpr":2454.74,"lq":1.0},{"pi":"312798","pc":"Одежда и обувь","ss":500,"td":"Фешенебельный район","dc":2,"n":64.77,"vc":"менее 50","sl":"Элитный","sv":"менее 50","p":2255.6,"q":1.0,"b":0.0,"wi":1.23,"ei":7.3,"as":1200.0,"mi":"E","mv":59497,"sc":2,"lpe":99.86,"lpr":2454.74,"lq":1.0},{"pi":"312798","pc":"Одежда и обувь","ss":500,"td":"Фешенебельный район","dc":2,"n":64.77,"vc":"менее 50","sl":"Элитный","sv":"менее 50","p":2255.6,"q":1.0,"b":0.0,"wi":1.23,"ei":7.3,"as":1200.0,"mi":"E","mv":59497,"sc":2,"lpe":99.86,"lpr":2454.74,"lq":1.0},{"pi":"312798","pc":"Одежда и обувь","ss":500,"td":"Центр города","dc":2,"n":74.96,"vc":"более 100","sl":"Элитный","sv":"около 100","p":2250.2,"q":1.0,"b":0.0,"wi":1.23,"ei":7.3,"as":1200.0,"mi":"E","mv":59497,"sc":2,"lpe":99.86,"lpr":2454.74,"lq":1.0},{"pi":"312798","pc":"Одежда и обувь","ss":500,"td":"Центр города","dc":2,"n":74.96,"vc":"более 100","sl":"Элитный","sv":"около 100","p":2250.2,"q":1.0,"b":0.0,"wi":1.23,"ei":7.3,"as":1200.0,"mi":"E","mv":59497,"sc":2,"lpe":99.86,"lpr":2454.74,"lq":1.0},{"pi":"312798","pc":"Одежда и обувь","ss":500,"td":"Фешенебельный район","dc":2,"n":64.77,"vc":"менее 50","sl":"Элитный","sv":"менее 50","p":2255.6,"q":1.0,"b":0.0,"wi":1.23,"ei":7.3,"as":1200.0,"mi":"E","mv":59497,"sc":2,"lpe":99.86,"lpr":2454.74,"lq":1.0},{"pi":"312798","pc":"Одежда и обувь","ss":500,"td":"Фешенебельный район","dc":2,"n":64.77,"vc":"менее 50","sl":"Элитный","sv":"менее 50","p":2255.6,"q":1.0,"b":0.0,"wi":1.23,"ei":7.3,"as":1200.0,"mi":"E","mv":59497,"sc":2,"lpe":99.86,"lpr":2454.74,"lq":1.0},{"pi":"312798","pc":"Одежда и обувь","ss":500,"td":"Центр города","dc":2,"n":74.96,"vc":"более 100","sl":"Элитный","sv":"около 100","p":2250.2,"q":1.0,"b":0.0,"wi":1.23,"ei":7.3,"as":1200.0,"mi":"E","mv":59497,"sc":2,"lpe":99.86,"lpr":2454.74,"lq":1.0},{"pi":"312798","pc":"Одежда и обувь","ss":500,"td":"Центр города","dc":1,"n":0.85,"vc":"более 200","sl":"Элитный","sv":"около 50","p":680.0,"q":5.0,"b":0.0,"wi":0.42,"ei":6.0,"as":350.0,"mi":"E","mv":632595,"sc":2,"lpe":99.98,"lpr":770.49,"lq":1.0},{"pi":"312798","pc":"Одежда и обувь","ss":500,"td":"Спальный район","dc":2,"n":36.6,"vc":"более 200","sl":"Высокий","sv":"около 50","p":614.01,"q":1.0,"b":0.0,"wi":0.42,"ei":6.0,"as":350.0,"mi":"E","mv":632595,"sc":2,"lpe":99.98,"lpr":770.49,"lq":1.0},{"pi":"312798","pc":"Одежда и обувь","ss":500,"td":"Спальный район","dc":2,"n":36.6,"vc":"более 200","sl":"Высокий","sv":"около 50","p":614.01,"q":1.0,"b":0.0,"wi":0.42,"ei":6.0,"as":350.0,"mi":"E","mv":632595,"sc":2,"lpe":99.98,"lpr":770.49,"lq":1.0},{"pi":"312798","pc":"Одежда и обувь","ss":500,"td":"Центр города","dc":1,"n":0.85,"vc":"более 200","sl":"Элитный","sv":"около 50","p":680.0,"q":5.0,"b":0.0,"wi":0.42,"ei":6.0,"as":350.0,"mi":"E","mv":632595,"sc":2,"lpe":99.98,"lpr":770.49,"lq":1.0},{"pi":"312798","pc":"Одежда и обувь","ss":500,"td":"Центр города","dc":1,"n":0.85,"vc":"более 200","sl":"Элитный","sv":"около 50","p":680.0,"q":5.0,"b":0.0,"wi":0.42,"ei":6.0,"as":350.0,"mi":"E","mv":632595,"sc":2,"lpe":99.98,"lpr":770.49,"lq":1.0},{"pi":"312798","pc":"Одежда и обувь","ss":500,"td":"Спальный район","dc":2,"n":36.6,"vc":"более 200","sl":"Высокий","sv":"около 50","p":614.01,"q":1.0,"b":0.0,"wi":0.42,"ei":6.0,"as":350.0,"mi":"E","mv":632595,"sc":2,"lpe":99.98,"lpr":770.49,"lq":1.0},{"pi":"312798","pc":"Одежда и обувь","ss":500,"td":"Центр города","dc":1,"n":0.85,"vc":"более 200","sl":"Элитный","sv":"около 50","p":680.0,"q":5.0,"b":0.0,"wi":0.42,"ei":6.0,"as":350.0,"mi":"E","mv":632595,"sc":2,"lpe":99.98,"lpr":770.49,"lq":1.0},{"pi":"312798","pc":"Одежда и обувь","ss":500,"td":"Спальный район","dc":2,"n":36.6,"vc":"более 200","sl":"Высокий","sv":"около 50","p":614.01,"q":1.0,"b":0.0,"wi":0.42,"ei":6.0,"as":350.0,"mi":"E","mv":632595,"sc":2,"lpe":99.98,"lpr":770.49,"lq":1.0},{"pi":"312798","pc":"Одежда и обувь","ss":500,"td":"Фешенебельный район","dc":1,"n":16.68,"vc":"около 50","sl":"Элитный","sv":"менее 50","p":610.0,"q":5.0,"b":0.0,"wi":0.18,"ei":4.25,"as":181.97,"mi":"E","mv":683159,"sc":2,"lpe":99.99,"lpr":400.58,"lq":1.0},{"pi":"312798","pc":"Одежда и обувь","ss":100,"td":"Центр города","dc":1,"n":49.02,"vc":"более 100","sl":"Низкий","sv":"менее 50","p":423.57,"q":1.05,"b":0.0,"wi":0.18,"ei":4.25,"as":181.97,"mi":"E","mv":683159,"sc":2,"lpe":99.99,"lpr":400.58,"lq":1.0},{"pi":"312798","pc":"Одежда и обувь","ss":500,"td":"Фешенебельный район","dc":1,"n":16.68,"vc":"около 50","sl":"Элитный","sv":"менее 50","p":610.0,"q":5.0,"b":0.0,"wi":0.18,"ei":4.25,"as":181.97,"mi":"E","mv":683159,"sc":2,"lpe":99.99,"lpr":400.58,"lq":1.0},{"pi":"312798","pc":"Одежда и обувь","ss":100,"td":"Центр города","dc":1,"n":49.02,"vc":"более 100","sl":"Низкий","sv":"менее 50","p":423.57,"q":1.05,"b":0.0,"wi":0.18,"ei":4.25,"as":181.97,"mi":"E","mv":683159,"sc":2,"lpe":99.99,"lpr":400.58,"lq":1.0},{"pi":"312798","pc":"Одежда и обувь","ss":500,"td":"Фешенебельный район","dc":1,"n":16.68,"vc":"около 50","sl":"Элитный","sv":"менее 50","p":610.0,"q":5.0,"b":0.0,"wi":0.18,"ei":4.25,"as":181.97,"mi":"E","mv":683159,"sc":2,"lpe":99.99,"lpr":400.58,"lq":1.0},{"pi":"312798","pc":"Одежда и обувь","ss":100,"td":"Центр города","dc":1,"n":49.02,"vc":"более 100","sl":"Низкий","sv":"менее 50","p":423.57,"q":1.05,"b":0.0,"wi":0.18,"ei":4.25,"as":181.97,"mi":"E","mv":683159,"sc":2,"lpe":99.99,"lpr":400.58,"lq":1.0},{"pi":"312798","pc":"Одежда и обувь","ss":500,"td":"Фешенебельный район","dc":1,"n":16.68,"vc":"около 50","sl":"Элитный","sv":"менее 50","p":610.0,"q":5.0,"b":0.0,"wi":0.18,"ei":4.25,"as":181.97,"mi":"E","mv":683159,"sc":2,"lpe":99.99,"lpr":400.58,"lq":1.0},{"pi":"312798","pc":"Одежда и обувь","ss":100,"td":"Центр города","dc":1,"n":49.02,"vc":"более 100","sl":"Низкий","sv":"менее 50","p":423.57,"q":1.05,"b":0.0,"wi":0.18,"ei":4.25,"as":181.97,"mi":"E","mv":683159,"sc":2,"lpe":99.99,"lpr":400.58,"lq":1.0}]