[{"pi":"312798","pc":"Одежда и обувь","ss":500,"td":"Центр города","dc":1,"n":0.0,"vc":"около 500","sl":"Очень высокий","sv":"более 200","p":285.0,"q":1.0,"b":0.0,"ms":0.02,"wi":0.12,"ei":4.29,"as":136.12,"mi":"E","mv":1344099,"sc":3,"lpe":99.96,"lpr":304.12,"lq":1.0,"d":10825},{"pi":"312798","pc":"Одежда и обувь","ss":500,"td":"Центр города","dc":1,"n":16.16,"vc":"около 500","sl":"Очень высокий","sv":"более 100","p":289.0,"q":1.0,"b":0.0,"ms":0.01,"wi":0.12,"ei":4.29,"as":136.12,"mi":"E","mv":1344099,"sc":3,"lpe":99.96,"lpr":304.12,"lq":1.0,"d":10825},{"pi":"312798","pc":"Одежда и обувь","ss":500,"td":"Центр города","dc":1,"n":0.0,"vc":"около 500","sl":"Очень высокий","sv":"более 200","p":285.0,"q":1.0,"b":0.0,"ms":0.02,"wi":0.12,"ei":4.29,"as":136.12,"mi":"E","mv":1344099,"sc":3,"lpe":99.96,"lpr":304.12,"lq":1.0,"d":10825},{"pi":"312798","pc":"Одежда и обувь","ss":500,"td":"Центр города","dc":1,"n":16.16,"vc":"около 500","sl":"Очень высокий","sv":"более 100","p":289.0,"q":1.0,"b":0.0,"ms":0.01,"wi":0.12,"ei":4.29,"as":136.12,"mi":"E","mv":1344099,"sc":3,"lpe":99.96,"lpr":304.12,"lq":1.0,"d":10825},{"pi":"312798","pc":"Одежда и обувь","ss":500,"td":"Центр города","dc":1,"n":0.0,"vc":"около 500","sl":"Очень высокий","sv":"более 200","p":285.0,"q":1.0,"b":0.0,"ms":0.02,"wi":0.12,"ei":4.29,"as":136.12,"mi":"E","mv":1344099,"sc":3,"lpe":99.96,"lpr":304.12,"lq":1.0,"d":10825},{"pi":"312798","pc":"Одежда и обувь","ss":500,"td":"Центр города","dc":1,"n":16.16,"vc":"около 500","sl":"Очень высокий","sv":"более 100","p":289.0,"q":1.0,"b":0.0,"ms":0.01,"wi":0.12,"ei":4.29,"as":136.12,"mi":"E","mv":1344099,"sc":3,"lpe":99.96,"lpr":304.12,"lq":1.0,"d":10825},{"pi":"312798","pc":"Одежда и обувь","ss":500,"td":"Центр города","dc":1,"n":0.0,"vc":"около 500","sl":"Очень высокий","sv":"более 200","p":285.0,"q":1.0,"b":0.0,"ms":0.02,"wi":0.12,"ei":4.29,"as":136.12,"mi":"E","mv":1344099,"sc":3,"lpe":99.96,"lpr":304.12,"lq":1.0,"d":10825},{"pi":"312798","pc":"Одежда и обувь","ss":500,"td":"Центр города","dc":1,"n":16.16,"vc":"около 500","sl":"Очень высокий","sv":"более 100","p":289.0,"q":1.0,"b":0.0,"ms":0.01,"wi":0.12,"ei":4.29,"as":136.12,"mi":"E","mv":1344099,"sc":3,"lpe":99.96,"lpr":304.12,"lq":1.0,"d":10825},{"pi":"312798","pc":"Одежда и обувь","ss":100,"td":"Центр города","dc":1,"n":49.63,"vc":"около 100","sl":"Нормальный","sv":"менее 50","p":433.44,"q":1.05,"b":0.0,"ms":0.0,"wi":0.21,"ei":4.32,"as":180.62,"mi":"E","mv":134802,"sc":1,"lpe":100.0,"lpr":399.01,"lq":1.0,"d":1132},{"pi":"312798","pc":"Одежда и обувь","ss":100,"td":"Центр города","dc":1,"n":49.63,"vc":"около 100","sl":"Нормальный","sv":"менее 50","p":433.44,"q":1.05,"b":0.0,"ms":0.0,"wi":0.21,"ei":4.32,"as":180.62,"mi":"E","mv":134802,"sc":1,"lpe":100.0,"lpr":399.01,"lq":1.0,"d":1132},{"pi":"312798","pc":"Одежда и обувь","ss":100,"td":"Центр города","dc":1,"n":49.63,"vc":"около 100","sl":"Нормальный","sv":"менее 50","p":433.44,"q":1.05,"b":0.0,"ms":0.0,"wi":0.21,"ei":4.32,"as":180.62,"mi":"E","mv":134802,"sc":1,"lpe":100.0,"lpr":399.01,"lq":1.0,"d":1132},{"pi":"312798","pc":"Одежда и обувь","ss":100,"td":"Центр города","dc":1,"n":49.63,"vc":"около 100","sl":"Нормальный","sv":"менее 50","p":433.44,"q":1.05,"b":0.0,"ms":0.0,"wi":0.21,"ei":4.32,"as":180.62,"mi":"E","mv":134802,"sc":1,"lpe":100.0,"lpr":399.01,"lq":1.0,"d":1132},{"pi":"312798","pc":"Одежда и обувь","ss":500,"td":"Centro da cidade","dc":3,"n":42.12,"vc":"более 200","sl":"Высокий","sv":"менее 50","p":3132.74,"q":1.0,"b":0.0,"ms":0.02,"wi":1.59,"ei":8.2,"as":1410.0,"mi":"E","mv":152901,"sc":1,"lpe":99.98,"lpr":3145.73,"lq":1.0,"d":1409},{"pi":"312798","pc":"Одежда и обувь","ss":500,"td":"Centro da cidade","dc":3,"n":42.12,"vc":"более 200","sl":"Высокий","sv":"менее 50","p":3132.74,"q":1.0,"b":0.0,"ms":0.02,"wi":1.59,"ei":8.2,"as":1410.0,"mi":"E","mv":152901,"sc":1,"lpe":99.98,"lpr":3145.73,"lq":1.0,"d":1409},{"pi":"312798","pc":"Одежда и обувь","ss":500,"td":"Centro da cidade","dc":3,"n":42.12,"vc":"более 200","sl":"Высокий","sv":"менее 50","p":3132.74,"q":1.0,"b":0.0,"ms":0.02,"wi":1.59,"ei":8.2,"as":1410.0,"mi":"E","mv":152901,"sc":1,"lpe":99.98,"lpr":3145.73,"lq":1.0,"d":1409},{"pi":"312798","pc":"Одежда и обувь","ss":500,"td":"Centro da cidade","dc":3,"n":42.12,"vc":"более 200","sl":"Высокий","sv":"менее 50","p":3132.74,"q":1.0,"b":0.0,"ms":0.02,"wi":1.59,"ei":8.2,"as":1410.0,"mi":"E","mv":152901,"sc":1,"lpe":99.98,"lpr":3145.73,"lq":1.0,"d":1409},{"pi":"312798","pc":"Одежда и обувь","ss":500,"td":"Centro da cidade","dc":3,"n":42.12,"vc":"более 200","sl":"Высокий","sv":"менее 50","p":3132.74,"q":1.0,"b":0.0,"ms":0.02,"wi":1.59,"ei":8.2,"as":1410.0,"mi":"E","mv":152901,"sc":1,"lpe":99.98,"lpr":3145.73,"lq":1.0,"d":1409},{"pi":"312798","pc":"Одежда и обувь","ss":500,"td":"Centro da cidade","dc":3,"n":42.12,"vc":"более 200","sl":"Высокий","sv":"менее 50","p":3132.74,"q":1.0,"b":0.0,"ms":0.02,"wi":1.59,"ei":8.2,"as":1410.0,"mi":"E","mv":152901,"sc":1,"lpe":99.98,"lpr":3145.73,"lq":1.0,"d":1409},{"pi":"312798","pc":"Одежда и обувь","ss":500,"td":"Centro da cidade","dc":3,"n":42.12,"vc":"более 200","sl":"Высокий","sv":"менее 50","p":3132.74,"q":1.0,"b":0.0,"ms":0.02,"wi":1.59,"ei":8.2,"as":1410.0,"mi":"E","mv":152901,"sc":1,"lpe":99.98,"lpr":3145.73,"lq":1.0,"d":1409},{"pi":"312798","pc":"Одежда и обувь","ss":500,"td":"Centro da cidade","dc":3,"n":42.12,"vc":"более 200","sl":"Высокий","sv":"менее 50","p":3132.74,"q":1.0,"b":0.0,"ms":0.02,"wi":1.59,"ei":8.2,"as":1410.0,"mi":"E","mv":152901,"sc":1,"lpe":99.98,"lpr":3145.73,"lq":1.0,"d":1409},{"pi":"312798","pc":"Одежда и обувь","ss":500,"td":"Centro da cidade","dc":3,"n":42.12,"vc":"более 200","sl":"Высокий","sv":"менее 50","p":3132.74,"q":1.0,"b":0.0,"ms":0.02,"wi":1.59,"ei":8.2,"as":1410.0,"mi":"E","mv":152901,"sc":1,"lpe":99.98,"lpr":3145.73,"lq":1.0,"d":1409},{"pi":"312798","pc":"Одежда и обувь","ss":500,"td":"Centro da cidade","dc":3,"n":42.12,"vc":"более 200","sl":"Высокий","sv":"менее 50","p":3132.74,"q":1.0,"b":0.0,"ms":0.02,"wi":1.59,"ei":8.2,"as":1410.0,"mi":"E","mv":152901,"sc":1,"lpe":99.98,"lpr":3145.73,"lq":1.0,"d":1409},{"pi":"312798","pc":"Одежда и обувь","ss":500,"td":"Centro da cidade","dc":3,"n":42.12,"vc":"более 200","sl":"Высокий","sv":"менее 50","p":3132.74,"q":1.0,"b":0.0,"ms":0.02,"wi":1.59,"ei":8.2,"as":1410.0,"mi":"E","mv":152901,"sc":1,"lpe":99.98,"lpr":3145.73,"lq":1.0,"d":1409},{"pi":"312798","pc":"Одежда и обувь","ss":500,"td":"Centro da cidade","dc":3,"n":42.12,"vc":"более 200","sl":"Высокий","sv":"менее 50","p":3132.74,"q":1.0,"b":0.0,"ms":0.02,"wi":1.59,"ei":8.2,"as":1410.0,"mi":"E","mv":152901,"sc":1,"lpe":99.98,"lpr":3145.73,"lq":1.0,"d":1409},{"pi":"312798","pc":"Одежда и обувь","ss":500,"td":"Centro da cidade","dc":3,"n":42.12,"vc":"более 200","sl":"Высокий","sv":"менее 50","p":3132.74,"q":1.0,"b":0.0,"ms":0.02,"wi":1.59,"ei":8.2,"as":1410.0,"mi":"E","mv":152901,"sc":1,"lpe":99.98,"lpr":3145.73,"lq":1.0,"d":1409},{"pi":"312798","pc":"Одежда и обувь","ss":500,"td":"Centro da cidade","dc":3,"n":42.12,"vc":"более 200","sl":"Высокий","sv":"менее 50","p":3132.74,"q":1.0,"b":0.0,"ms":0.02,"wi":1.59,"ei":8.2,"as":1410.0,"mi":"E","mv":152901,"sc":1,"lpe":99.98,"lpr":3145.73,"lq":1.0,"d":1409},{"pi":"312798","pc":"Одежда и обувь","ss":100,"td":"Центр города","dc":1,"n":49.5,"vc":"около 50","sl":"Высокий","sv":"менее 50","p":289.33,"q":1.05,"b":0.0,"ms":0.09,"wi":0.15,"ei":3.65,"as":118.24,"mi":"E","mv":7013,"sc":1,"lpe":99.91,"lpr":264.88,"lq":1.0,"d":79},{"pi":"312798","pc":"Одежда и обувь","ss":100,"td":"Центр города","dc":1,"n":49.5,"vc":"около 50","sl":"Высокий","sv":"менее 50","p":289.33,"q":1.05,"b":0.0,"ms":0.09,"wi":0.15,"ei":3.65,"as":118.24,"mi":"E","mv":7013,"sc":1,"lpe":99.91,"lpr":264.88,"lq":1.0,"d":79},{"pi":"312798","pc":"Одежда и обувь","ss":100,"td":"Центр города","dc":1,"n":49.5,"vc":"около 50","sl":"Высокий","sv":"менее 50","p":289.33,"q":1.05,"b":0.0,"ms":0.09,"wi":0.15,"ei":3.65,"as":118.24,"mi":"E","mv":7013,"sc":1,"lpe":99.91,"lpr":264.88,"lq":1.0,"d":79},{"pi":"312798","pc":"Одежда и обувь","ss":100,"td":"Центр города","dc":1,"n":49.5,"vc":"около 50","sl":"Высокий","sv":"менее 50","p":289.33,"q":1.05,"b":0.0,"ms":0.09,"wi":0.15,"ei":3.65,"as":118.24,"mi":"E","mv":7013,"sc":1,"lpe":99.91,"lpr":264.88,"lq":1.0,"d":79},{"pi":"312798","pc":"Одежда и обувь","ss":100,"td":"Центр города","dc":1,"n":48.66,"vc":"около 50","sl":"Нормальный","sv":"менее 50","p":429.11,"q":1.05,"b":0.0,"ms":0.02,"wi":0.18,"ei":3.86,"as":182.99,"mi":"E","mv":39409,"sc":1,"lpe":99.98,"lpr":407.97,"lq":1.0,"d":303},{"pi":"312798","pc":"Одежда и обувь","ss":100,"td":"Центр города","dc":1,"n":48.66,"vc":"около 50","sl":"Нормальный","sv":"менее 50","p":429.11,"q":1.05,"b":0.0,"ms":0.02,"wi":0.18,"ei":3.86,"as":182.99,"mi":"E","mv":39409,"sc":1,"lpe":99.98,"lpr":407.97,"lq":1.0,"d":303},{"pi":"312798","pc":"Одежда и обувь","ss":100,"td":"Центр города","dc":1,"n":48.66,"vc":"около 50","sl":"Нормальный","sv":"менее 50","p":429.11,"q":1.05,"b":0.0,"ms":0.02,"wi":0.18,"ei":3.86,"as":182.99,"mi":"E","mv":39409,"sc":1,"lpe":99.98,"lpr":407.97,"lq":1.0,"d":303},{"pi":"312798","pc":"Одежда и обувь","ss":100,"td":"Центр города","dc":1,"n":48.66,"vc":"около 50","sl":"Нормальный","sv":"менее 50","p":429.11,"q":1.05,"b":0.0,"ms":0.02,"wi":0.18,"ei":3.86,"as":182.99,"mi":"E","mv":39409,"sc":1,"lpe":99.98,"lpr":407.97,"lq":1.0,"d":303}]