[{"pi":"312798","pc":"Одежда и обувь","ss":10000,"td":"Центр города","dc":3,"n":207.61,"vc":"около 5 000","sl":"Очень высокий","sv":"более 2 000","p":469.0,"q":1.55,"b":0.0,"wi":0.52,"ei":6.14,"as":443.64,"mi":"E","mv":489768,"sc":3,"lpe":99.52,"lpr":817.32,"lq":1.0},{"pi":"312798","pc":"Одежда и обувь","ss":10000,"td":"Центр города","dc":3,"n":207.61,"vc":"около 5 000","sl":"Очень высокий","sv":"более 2 000","p":469.0,"q":1.55,"b":0.0,"wi":0.52,"ei":6.14,"as":443.64,"mi":"E","mv":489768,"sc":3,"lpe":99.52,"lpr":817.32,"lq":1.0},{"pi":"312798","pc":"Одежда и обувь","ss":1000,"td":"Центр города","dc":1,"n":94.34,"vc":"более 1 000","sl":"Элитный","sv":"более 100","p":1200.0,"q":2.86,"b":0.0,"wi":0.52,"ei":6.14,"as":443.64,"mi":"E","mv":489768,"sc":3,"lpe":99.52,"lpr":817.32,"lq":1.0},{"pi":"312798","pc":"Одежда и обувь","ss":500,"td":"Спальный район","dc":1,"n":39.26,"vc":"более 200","sl":"Очень высокий","sv":"менее 50","p":800.0,"q":1.0,"b":0.0,"wi":0.52,"ei":6.14,"as":443.64,"mi":"E","mv":489768,"sc":3,"lpe":99.52,"lpr":817.32,"lq":1.0},{"pi":"312798","pc":"Одежда и обувь","ss":10000,"td":"Центр города","dc":3,"n":207.61,"vc":"около 5 000","sl":"Очень высокий","sv":"более 2 000","p":469.0,"q":1.55,"b":0.0,"wi":0.52,"ei":6.14,"as":443.64,"mi":"E","mv":489768,"sc":3,"lpe":99.52,"lpr":817.32,"lq":1.0},{"pi":"312798","pc":"Одежда и обувь","ss":1000,"td":"Центр города","dc":1,"n":94.34,"vc":"более 1 000","sl":"Элитный","sv":"более 100","p":1200.0,"q":2.86,"b":0.0,"wi":0.52,"ei":6.14,"as":443.64,"mi":"E","mv":489768,"sc":3,"lpe":99.52,"lpr":817.32,"lq":1.0},{"pi":"312798","pc":"Одежда и обувь","ss":500,"td":"Спальный район","dc":1,"n":39.26,"vc":"более 200","sl":"Очень высокий","sv":"менее 50","p":800.0,"q":1.0,"b":0.0,"wi":0.52,"ei":6.14,"as":443.64,"mi":"E","mv":489768,"sc":3,"lpe":99.52,"lpr":817.32,"lq":1.0},{"pi":"312798","pc":"Одежда и обувь","ss":10000,"td":"Центр города","dc":3,"n":207.61,"vc":"около 5 000","sl":"Очень высокий","sv":"более 2 000","p":469.0,"q":1.55,"b":0.0,"wi":0.52,"ei":6.14,"as":443.64,"mi":"E","mv":489768,"sc":3,"lpe":99.52,"lpr":817.32,"lq":1.0},{"pi":"312798","pc":"Одежда и обувь","ss":10000,"td":"Центр города","dc":3,"n":207.61,"vc":"около 5 000","sl":"Очень высокий","sv":"более 2 000","p":469.0,"q":1.55,"b":0.0,"wi":0.52,"ei":6.14,"as":443.64,"mi":"E","mv":489768,"sc":3,"lpe":99.52,"lpr":817.32,"lq":1.0},{"pi":"312798","pc":"Одежда и обувь","ss":10000,"td":"Центр города","dc":3,"n":207.61,"vc":"около 5 000","sl":"Очень высокий","sv":"более 2 000","p":469.0,"q":1.55,"b":0.0,"wi":0.52,"ei":6.14,"as":443.64,"mi":"E","mv":489768,"sc":3,"lpe":99.52,"lpr":817.32,"lq":1.0},{"pi":"312798","pc":"Одежда и обувь","ss":1000,"td":"Центр города","dc":1,"n":94.34,"vc":"более 1 000","sl":"Элитный","sv":"более 100","p":1200.0,"q":2.86,"b":0.0,"wi":0.52,"ei":6.14,"as":443.64,"mi":"E","mv":489768,"sc":3,"lpe":99.52,"lpr":817.32,"lq":1.0},{"pi":"312798","pc":"Одежда и обувь","ss":500,"td":"Спальный район","dc":1,"n":39.26,"vc":"более 200","sl":"Очень высокий","sv":"менее 50","p":800.0,"q":1.0,"b":0.0,"wi":0.52,"ei":6.14,"as":443.64,"mi":"E","mv":489768,"sc":3,"lpe":99.52,"lpr":817.32,"lq":1.0},{"pi":"312798","pc":"Одежда и обувь","ss":10000,"td":"Центр города","dc":3,"n":207.61,"vc":"около 5 000","sl":"Очень высокий","sv":"более 2 000","p":469.0,"q":1.55,"b":0.0,"wi":0.52,"ei":6.14,"as":443.64,"mi":"E","mv":489768,"sc":3,"lpe":99.52,"lpr":817.32,"lq":1.0},{"pi":"312798","pc":"Одежда и обувь","ss":1000,"td":"Центр города","dc":1,"n":94.34,"vc":"более 1 000","sl":"Элитный","sv":"более 100","p":1200.0,"q":2.86,"b":0.0,"wi":0.52,"ei":6.14,"as":443.64,"mi":"E","mv":489768,"sc":3,"lpe":99.52,"lpr":817.32,"lq":1.0},{"pi":"312798","pc":"Одежда и обувь","ss":10000,"td":"Центр города","dc":3,"n":207.61,"vc":"около 5 000","sl":"Очень высокий","sv":"более 2 000","p":469.0,"q":1.55,"b":0.0,"wi":0.52,"ei":6.14,"as":443.64,"mi":"E","mv":489768,"sc":3,"lpe":99.52,"lpr":817.32,"lq":1.0},{"pi":"312798","pc":"Одежда и обувь","ss":10000,"td":"Центр города","dc":3,"n":207.61,"vc":"около 5 000","sl":"Очень высокий","sv":"более 2 000","p":469.0,"q":1.55,"b":0.0,"wi":0.52,"ei":6.14,"as":443.64,"mi":"E","mv":489768,"sc":3,"lpe":99.52,"lpr":817.32,"lq":1.0},{"pi":"312798","pc":"Одежда и обувь","ss":10000,"td":"Центр города","dc":3,"n":207.61,"vc":"около 5 000","sl":"Очень высокий","sv":"более 2 000","p":469.0,"q":1.55,"b":0.0,"wi":0.52,"ei":6.14,"as":443.64,"mi":"E","mv":489768,"sc":3,"lpe":99.52,"lpr":817.32,"lq":1.0},{"pi":"312798","pc":"Одежда и обувь","ss":1000,"td":"Центр города","dc":1,"n":45.21,"vc":"более 1 000","sl":"Очень высокий","sv":"около 500","p":370.0,"q":2.33,"b":0.0,"wi":0.13,"ei":4.29,"as":136.12,"mi":"E","mv":1226362,"sc":2,"lpe":99.97,"lpr":294.47,"lq":1.0},{"pi":"312798","pc":"Одежда и обувь","ss":100,"td":"Центр города","dc":1,"n":47.61,"vc":"более 200","sl":"Очень низкий","sv":"менее 50","p":297.65,"q":1.05,"b":0.0,"wi":0.13,"ei":4.29,"as":136.12,"mi":"E","mv":1226362,"sc":2,"lpe":99.97,"lpr":294.47,"lq":1.0},{"pi":"312798","pc":"Одежда и обувь","ss":1000,"td":"Центр города","dc":1,"n":45.21,"vc":"более 1 000","sl":"Очень высокий","sv":"около 500","p":370.0,"q":2.33,"b":0.0,"wi":0.13,"ei":4.29,"as":136.12,"mi":"E","mv":1226362,"sc":2,"lpe":99.97,"lpr":294.47,"lq":1.0},{"pi":"312798","pc":"Одежда и обувь","ss":100,"td":"Центр города","dc":1,"n":47.61,"vc":"более 200","sl":"Очень низкий","sv":"менее 50","p":297.65,"q":1.05,"b":0.0,"wi":0.13,"ei":4.29,"as":136.12,"mi":"E","mv":1226362,"sc":2,"lpe":99.97,"lpr":294.47,"lq":1.0},{"pi":"312798","pc":"Одежда и обувь","ss":1000,"td":"Центр города","dc":1,"n":45.21,"vc":"более 1 000","sl":"Очень высокий","sv":"около 500","p":370.0,"q":2.33,"b":0.0,"wi":0.13,"ei":4.29,"as":136.12,"mi":"E","mv":1226362,"sc":2,"lpe":99.97,"lpr":294.47,"lq":1.0},{"pi":"312798","pc":"Одежда и обувь","ss":1000,"td":"Центр города","dc":1,"n":45.21,"vc":"более 1 000","sl":"Очень высокий","sv":"около 500","p":370.0,"q":2.33,"b":0.0,"wi":0.13,"ei":4.29,"as":136.12,"mi":"E","mv":1226362,"sc":2,"lpe":99.97,"lpr":294.47,"lq":1.0},{"pi":"312798","pc":"Одежда и обувь","ss":100,"td":"Центр города","dc":1,"n":47.61,"vc":"более 200","sl":"Очень низкий","sv":"менее 50","p":297.65,"q":1.05,"b":0.0,"wi":0.13,"ei":4.29,"as":136.12,"mi":"E","mv":1226362,"sc":2,"lpe":99.97,"lpr":294.47,"lq":1.0},{"pi":"312798","pc":"Одежда и обувь","ss":100,"td":"Центр города","dc":1,"n":283.47,"vc":"более 100","sl":"Низкий","sv":"менее 50","p":360.0,"q":1.0,"b":0.0,"wi":0.19,"ei":3.65,"as":173.21,"mi":"E","mv":9205,"sc":1,"lpe":99.98,"lpr":330.49,"lq":1.0},{"pi":"312798","pc":"Одежда и обувь","ss":100,"td":"Центр города","dc":1,"n":283.47,"vc":"более 100","sl":"Низкий","sv":"менее 50","p":360.0,"q":1.0,"b":0.0,"wi":0.19,"ei":3.65,"as":173.21,"mi":"E","mv":9205,"sc":1,"lpe":99.98,"lpr":330.49,"lq":1.0},{"pi":"312798","pc":"Одежда и обувь","ss":100,"td":"Центр города","dc":1,"n":283.47,"vc":"более 100","sl":"Низкий","sv":"менее 50","p":360.0,"q":1.0,"b":0.0,"wi":0.19,"ei":3.65,"as":173.21,"mi":"E","mv":9205,"sc":1,"lpe":99.98,"lpr":330.49,"lq":1.0},{"pi":"312798","pc":"Одежда и обувь","ss":100,"td":"Центр города","dc":1,"n":283.47,"vc":"более 100","sl":"Низкий","sv":"менее 50","p":360.0,"q":1.0,"b":0.0,"wi":0.19,"ei":3.65,"as":173.21,"mi":"E","mv":9205,"sc":1,"lpe":99.98,"lpr":330.49,"lq":1.0},{"pi":"312798","pc":"Одежда и обувь","ss":1000,"td":"Спальный район","dc":1,"n":73.9,"vc":"около 500","sl":"Нормальный","sv":"менее 50","p":570.0,"q":5.0,"b":0.0,"wi":0.15,"ei":3.36,"as":145.71,"mi":"E","mv":57910,"sc":2,"lpe":99.94,"lpr":282.78,"lq":1.0},{"pi":"312798","pc":"Одежда и обувь","ss":100,"td":"Спальный район","dc":1,"n":49.5,"vc":"около 50","sl":"Нормальный","sv":"менее 50","p":313.3,"q":1.05,"b":0.0,"wi":0.15,"ei":3.36,"as":145.71,"mi":"E","mv":57910,"sc":2,"lpe":99.94,"lpr":282.78,"lq":1.0},{"pi":"312798","pc":"Одежда и обувь","ss":1000,"td":"Спальный район","dc":1,"n":73.9,"vc":"около 500","sl":"Нормальный","sv":"менее 50","p":570.0,"q":5.0,"b":0.0,"wi":0.15,"ei":3.36,"as":145.71,"mi":"E","mv":57910,"sc":2,"lpe":99.94,"lpr":282.78,"lq":1.0},{"pi":"312798","pc":"Одежда и обувь","ss":100,"td":"Спальный район","dc":1,"n":49.5,"vc":"около 50","sl":"Нормальный","sv":"менее 50","p":313.3,"q":1.05,"b":0.0,"wi":0.15,"ei":3.36,"as":145.71,"mi":"E","mv":57910,"sc":2,"lpe":99.94,"lpr":282.78,"lq":1.0},{"pi":"312798","pc":"Одежда и обувь","ss":1000,"td":"Спальный район","dc":1,"n":73.9,"vc":"около 500","sl":"Нормальный","sv":"менее 50","p":570.0,"q":5.0,"b":0.0,"wi":0.15,"ei":3.36,"as":145.71,"mi":"E","mv":57910,"sc":2,"lpe":99.94,"lpr":282.78,"lq":1.0},{"pi":"312798","pc":"Одежда и обувь","ss":100,"td":"Спальный район","dc":1,"n":49.5,"vc":"около 50","sl":"Нормальный","sv":"менее 50","p":313.3,"q":1.05,"b":0.0,"wi":0.15,"ei":3.36,"as":145.71,"mi":"E","mv":57910,"sc":2,"lpe":99.94,"lpr":282.78,"lq":1.0},{"pi":"312798","pc":"Одежда и обувь","ss":1000,"td":"Спальный район","dc":1,"n":73.9,"vc":"около 500","sl":"Нормальный","sv":"менее 50","p":570.0,"q":5.0,"b":0.0,"wi":0.15,"ei":3.36,"as":145.71,"mi":"E","mv":57910,"sc":2,"lpe":99.94,"lpr":282.78,"lq":1.0},{"pi":"312798","pc":"Одежда и обувь","ss":100,"td":"Спальный район","dc":1,"n":49.5,"vc":"около 50","sl":"Нормальный","sv":"менее 50","p":313.3,"q":1.05,"b":0.0,"wi":0.15,"ei":3.36,"as":145.71,"mi":"E","mv":57910,"sc":2,"lpe":99.94,"lpr":282.78,"lq":1.0},{"pi":"312798","pc":"Одежда и обувь","ss":500,"td":"Спальный район","dc":3,"n":62.76,"vc":"более 100","sl":"Очень высокий","sv":"менее 50","p":630.0,"q":1.0,"b":0.0,"wi":0.32,"ei":4.8,"as":300.0,"mi":"E","mv":58010,"sc":4,"lpe":99.9,"lpr":562.47,"lq":1.0},{"pi":"312798","pc":"Одежда и обувь","ss":500,"td":"Центр города","dc":2,"n":75.31,"vc":"более 100","sl":"Очень высокий","sv":"менее 50","p":650.0,"q":1.0,"b":0.0,"wi":0.32,"ei":4.8,"as":300.0,"mi":"E","mv":58010,"sc":4,"lpe":99.9,"lpr":562.47,"lq":1.0},{"pi":"312798","pc":"Одежда и обувь","ss":500,"td":"Спальный район","dc":3,"n":62.76,"vc":"более 100","sl":"Очень высокий","sv":"менее 50","p":630.0,"q":1.0,"b":0.0,"wi":0.32,"ei":4.8,"as":300.0,"mi":"E","mv":58010,"sc":4,"lpe":99.9,"lpr":562.47,"lq":1.0},{"pi":"312798","pc":"Одежда и обувь","ss":500,"td":"Центр города","dc":2,"n":75.31,"vc":"более 100","sl":"Очень высокий","sv":"менее 50","p":650.0,"q":1.0,"b":0.0,"wi":0.32,"ei":4.8,"as":300.0,"mi":"E","mv":58010,"sc":4,"lpe":99.9,"lpr":562.47,"lq":1.0},{"pi":"312798","pc":"Одежда и обувь","ss":500,"td":"Центр города","dc":2,"n":75.31,"vc":"более 100","sl":"Очень высокий","sv":"менее 50","p":650.0,"q":1.0,"b":0.0,"wi":0.32,"ei":4.8,"as":300.0,"mi":"E","mv":58010,"sc":4,"lpe":99.9,"lpr":562.47,"lq":1.0},{"pi":"312798","pc":"Одежда и обувь","ss":500,"td":"Спальный район","dc":3,"n":62.76,"vc":"более 100","sl":"Очень высокий","sv":"менее 50","p":630.0,"q":1.0,"b":0.0,"wi":0.32,"ei":4.8,"as":300.0,"mi":"E","mv":58010,"sc":4,"lpe":99.9,"lpr":562.47,"lq":1.0},{"pi":"312798","pc":"Одежда и обувь","ss":500,"td":"Центр города","dc":2,"n":75.31,"vc":"более 100","sl":"Очень высокий","sv":"менее 50","p":650.0,"q":1.0,"b":0.0,"wi":0.32,"ei":4.8,"as":300.0,"mi":"E","mv":58010,"sc":4,"lpe":99.9,"lpr":562.47,"lq":1.0},{"pi":"312798","pc":"Одежда и обувь","ss":500,"td":"Центр города","dc":2,"n":75.31,"vc":"более 100","sl":"Очень высокий","sv":"менее 50","p":650.0,"q":1.0,"b":0.0,"wi":0.32,"ei":4.8,"as":300.0,"mi":"E","mv":58010,"sc":4,"lpe":99.9,"lpr":562.47,"lq":1.0},{"pi":"312798","pc":"Одежда и обувь","ss":500,"td":"Спальный район","dc":3,"n":62.76,"vc":"более 100","sl":"Очень высокий","sv":"менее 50","p":630.0,"q":1.0,"b":0.0,"wi":0.32,"ei":4.8,"as":300.0,"mi":"E","mv":58010,"sc":4,"lpe":99.9,"lpr":562.47,"lq":1.0},{"pi":"312798","pc":"Одежда и обувь","ss":100,"td":"Центр города","dc":1,"n":39.24,"vc":"около 50","sl":"Нормальный","sv":"менее 50","p":500.0,"q":1.0,"b":0.0,"wi":0.32,"ei":4.8,"as":300.0,"mi":"E","mv":58010,"sc":4,"lpe":99.9,"lpr":562.47,"lq":1.0},{"pi":"312798","pc":"Одежда и обувь","ss":500,"td":"Центр города","dc":2,"n":75.31,"vc":"более 100","sl":"Очень высокий","sv":"менее 50","p":650.0,"q":1.0,"b":0.0,"wi":0.32,"ei":4.8,"as":300.0,"mi":"E","mv":58010,"sc":4,"lpe":99.9,"lpr":562.47,"lq":1.0},{"pi":"312798","pc":"Одежда и обувь","ss":500,"td":"Спальный район","dc":3,"n":62.76,"vc":"более 100","sl":"Очень высокий","sv":"менее 50","p":630.0,"q":1.0,"b":0.0,"wi":0.32,"ei":4.8,"as":300.0,"mi":"E","mv":58010,"sc":4,"lpe":99.9,"lpr":562.47,"lq":1.0},{"pi":"312798","pc":"Одежда и обувь","ss":500,"td":"Спальный район","dc":3,"n":62.76,"vc":"более 100","sl":"Очень высокий","sv":"менее 50","p":630.0,"q":1.0,"b":0.0,"wi":0.32,"ei":4.8,"as":300.0,"mi":"E","mv":58010,"sc":4,"lpe":99.9,"lpr":562.47,"lq":1.0},{"pi":"312798","pc":"Одежда и обувь","ss":500,"td":"Центр города","dc":2,"n":75.31,"vc":"более 100","sl":"Очень высокий","sv":"менее 50","p":650.0,"q":1.0,"b":0.0,"wi":0.32,"ei":4.8,"as":300.0,"mi":"E","mv":58010,"sc":4,"lpe":99.9,"lpr":562.47,"lq":1.0},{"pi":"312798","pc":"Одежда и обувь","ss":500,"td":"Спальный район","dc":3,"n":62.76,"vc":"более 100","sl":"Очень высокий","sv":"менее 50","p":630.0,"q":1.0,"b":0.0,"wi":0.32,"ei":4.8,"as":300.0,"mi":"E","mv":58010,"sc":4,"lpe":99.9,"lpr":562.47,"lq":1.0},{"pi":"312798","pc":"Одежда и обувь","ss":500,"td":"Центр города","dc":2,"n":75.31,"vc":"более 100","sl":"Очень высокий","sv":"менее 50","p":650.0,"q":1.0,"b":0.0,"wi":0.32,"ei":4.8,"as":300.0,"mi":"E","mv":58010,"sc":4,"lpe":99.9,"lpr":562.47,"lq":1.0},{"pi":"312798","pc":"Одежда и обувь","ss":100,"td":"Центр города","dc":1,"n":39.24,"vc":"около 50","sl":"Нормальный","sv":"менее 50","p":500.0,"q":1.0,"b":0.0,"wi":0.32,"ei":4.8,"as":300.0,"mi":"E","mv":58010,"sc":4,"lpe":99.9,"lpr":562.47,"lq":1.0},{"pi":"312798","pc":"Одежда и обувь","ss":500,"td":"Спальный район","dc":3,"n":62.76,"vc":"более 100","sl":"Очень высокий","sv":"менее 50","p":630.0,"q":1.0,"b":0.0,"wi":0.32,"ei":4.8,"as":300.0,"mi":"E","mv":58010,"sc":4,"lpe":99.9,"lpr":562.47,"lq":1.0},{"pi":"312798","pc":"Одежда и обувь","ss":500,"td":"Центр города","dc":2,"n":75.31,"vc":"более 100","sl":"Очень высокий","sv":"менее 50","p":650.0,"q":1.0,"b":0.0,"wi":0.32,"ei":4.8,"as":300.0,"mi":"E","mv":58010,"sc":4,"lpe":99.9,"lpr":562.47,"lq":1.0},{"pi":"312798","pc":"Одежда и обувь","ss":500,"td":"Спальный район","dc":3,"n":62.76,"vc":"более 100","sl":"Очень высокий","sv":"менее 50","p":630.0,"q":1.0,"b":0.0,"wi":0.32,"ei":4.8,"as":300.0,"mi":"E","mv":58010,"sc":4,"lpe":99.9,"lpr":562.47,"lq":1.0},{"pi":"312798","pc":"Одежда и обувь","ss":500,"td":"Центр города","dc":2,"n":75.31,"vc":"более 100","sl":"Очень высокий","sv":"менее 50","p":650.0,"q":1.0,"b":0.0,"wi":0.32,"ei":4.8,"as":300.0,"mi":"E","mv":58010,"sc":4,"lpe":99.9,"lpr":562.47,"lq":1.0},{"pi":"312798","pc":"Одежда и обувь","ss":500,"td":"Спальный район","dc":3,"n":62.76,"vc":"более 100","sl":"Очень высокий","sv":"менее 50","p":630.0,"q":1.0,"b":0.0,"wi":0.32,"ei":4.8,"as":300.0,"mi":"E","mv":58010,"sc":4,"lpe":99.9,"lpr":562.47,"lq":1.0},{"pi":"312798","pc":"Одежда и обувь","ss":500,"td":"Центр города","dc":2,"n":75.31,"vc":"более 100","sl":"Очень высокий","sv":"менее 50","p":650.0,"q":1.0,"b":0.0,"wi":0.32,"ei":4.8,"as":300.0,"mi":"E","mv":58010,"sc":4,"lpe":99.9,"lpr":562.47,"lq":1.0},{"pi":"312798","pc":"Одежда и обувь","ss":500,"td":"Центр города","dc":2,"n":21.61,"vc":"более 100","sl":"Очень высокий","sv":"около 100","p":710.0,"q":5.0,"b":0.0,"wi":0.35,"ei":7.0,"as":320.0,"mi":"E","mv":236424,"sc":1,"lpe":99.96,"lpr":589.61,"lq":1.0},{"pi":"312798","pc":"Одежда и обувь","ss":500,"td":"Центр города","dc":2,"n":21.61,"vc":"более 100","sl":"Очень высокий","sv":"около 100","p":710.0,"q":5.0,"b":0.0,"wi":0.35,"ei":7.0,"as":320.0,"mi":"E","mv":236424,"sc":1,"lpe":99.96,"lpr":589.61,"lq":1.0},{"pi":"312798","pc":"Одежда и обувь","ss":500,"td":"Центр города","dc":2,"n":21.61,"vc":"более 100","sl":"Очень высокий","sv":"около 100","p":710.0,"q":5.0,"b":0.0,"wi":0.35,"ei":7.0,"as":320.0,"mi":"E","mv":236424,"sc":1,"lpe":99.96,"lpr":589.61,"lq":1.0},{"pi":"312798","pc":"Одежда и обувь","ss":500,"td":"Центр города","dc":2,"n":21.61,"vc":"более 100","sl":"Очень высокий","sv":"около 100","p":710.0,"q":5.0,"b":0.0,"wi":0.35,"ei":7.0,"as":320.0,"mi":"E","mv":236424,"sc":1,"lpe":99.96,"lpr":589.61,"lq":1.0},{"pi":"312798","pc":"Одежда и обувь","ss":500,"td":"Центр города","dc":2,"n":21.61,"vc":"более 100","sl":"Очень высокий","sv":"около 100","p":710.0,"q":5.0,"b":0.0,"wi":0.35,"ei":7.0,"as":320.0,"mi":"E","mv":236424,"sc":1,"lpe":99.96,"lpr":589.61,"lq":1.0},{"pi":"312798","pc":"Одежда и обувь","ss":500,"td":"Центр города","dc":2,"n":21.61,"vc":"более 100","sl":"Очень высокий","sv":"около 100","p":710.0,"q":5.0,"b":0.0,"wi":0.35,"ei":7.0,"as":320.0,"mi":"E","mv":236424,"sc":1,"lpe":99.96,"lpr":589.61,"lq":1.0},{"pi":"312798","pc":"Одежда и обувь","ss":500,"td":"Центр города","dc":2,"n":21.61,"vc":"более 100","sl":"Очень высокий","sv":"около 100","p":710.0,"q":5.0,"b":0.0,"wi":0.35,"ei":7.0,"as":320.0,"mi":"E","mv":236424,"sc":1,"lpe":99.96,"lpr":589.61,"lq":1.0},{"pi":"312798","pc":"Одежда и обувь","ss":500,"td":"Центр города","dc":2,"n":21.61,"vc":"более 100","sl":"Очень высокий","sv":"около 100","p":710.0,"q":5.0,"b":0.0,"wi":0.35,"ei":7.0,"as":320.0,"mi":"E","mv":236424,"sc":1,"lpe":99.96,"lpr":589.61,"lq":1.0},{"pi":"312798","pc":"Одежда и обувь","ss":500,"td":"Центр города","dc":2,"n":21.61,"vc":"более 100","sl":"Очень высокий","sv":"около 100","p":710.0,"q":5.0,"b":0.0,"wi":0.35,"ei":7.0,"as":320.0,"mi":"E","mv":236424,"sc":1,"lpe":99.96,"lpr":589.61,"lq":1.0},{"pi":"312798","pc":"Одежда и обувь","ss":500,"td":"Центр города","dc":2,"n":21.61,"vc":"более 100","sl":"Очень высокий","sv":"около 100","p":710.0,"q":5.0,"b":0.0,"wi":0.35,"ei":7.0,"as":320.0,"mi":"E","mv":236424,"sc":1,"lpe":99.96,"lpr":589.61,"lq":1.0},{"pi":"312798","pc":"Одежда и обувь","ss":500,"td":"Центр города","dc":2,"n":21.61,"vc":"более 100","sl":"Очень высокий","sv":"около 100","p":710.0,"q":5.0,"b":0.0,"wi":0.35,"ei":7.0,"as":320.0,"mi":"E","mv":236424,"sc":1,"lpe":99.96,"lpr":589.61,"lq":1.0},{"pi":"312798","pc":"Одежда и обувь","ss":500,"td":"Центр города","dc":2,"n":21.61,"vc":"более 100","sl":"Очень высокий","sv":"около 100","p":710.0,"q":5.0,"b":0.0,"wi":0.35,"ei":7.0,"as":320.0,"mi":"E","mv":236424,"sc":1,"lpe":99.96,"lpr":589.61,"lq":1.0},{"pi":"312798","pc":"Одежда и обувь","ss":100,"td":"Спальный район","dc":1,"n":48.07,"vc":"около 50","sl":"Высокий","sv":"менее 50","p":246.81,"q":1.05,"b":0.0,"wi":0.13,"ei":3.33,"as":108.16,"mi":"E","mv":26897,"sc":1,"lpe":99.99,"lpr":230.15,"lq":1.0},{"pi":"312798","pc":"Одежда и обувь","ss":100,"td":"Спальный район","dc":1,"n":48.07,"vc":"около 50","sl":"Высокий","sv":"менее 50","p":246.81,"q":1.05,"b":0.0,"wi":0.13,"ei":3.33,"as":108.16,"mi":"E","mv":26897,"sc":1,"lpe":99.99,"lpr":230.15,"lq":1.0},{"pi":"312798","pc":"Одежда и обувь","ss":100,"td":"Спальный район","dc":1,"n":48.07,"vc":"около 50","sl":"Высокий","sv":"менее 50","p":246.81,"q":1.05,"b":0.0,"wi":0.13,"ei":3.33,"as":108.16,"mi":"E","mv":26897,"sc":1,"lpe":99.99,"lpr":230.15,"lq":1.0},{"pi":"312798","pc":"Одежда и обувь","ss":100,"td":"Спальный район","dc":1,"n":48.07,"vc":"около 50","sl":"Высокий","sv":"менее 50","p":246.81,"q":1.05,"b":0.0,"wi":0.13,"ei":3.33,"as":108.16,"mi":"E","mv":26897,"sc":1,"lpe":99.99,"lpr":230.15,"lq":1.0},{"pi":"312798","pc":"Одежда и обувь","ss":100,"td":"Спальный район","dc":1,"n":45.03,"vc":"около 50","sl":"Нормальный","sv":"менее 50","p":516.0,"q":1.01,"b":0.0,"wi":0.23,"ei":4.22,"as":239.13,"mi":"E","mv":67348,"sc":1,"lpe":100.0,"lpr":463.78,"lq":1.0},{"pi":"312798","pc":"Одежда и обувь","ss":100,"td":"Спальный район","dc":1,"n":45.03,"vc":"около 50","sl":"Нормальный","sv":"менее 50","p":516.0,"q":1.01,"b":0.0,"wi":0.23,"ei":4.22,"as":239.13,"mi":"E","mv":67348,"sc":1,"lpe":100.0,"lpr":463.78,"lq":1.0},{"pi":"312798","pc":"Одежда и обувь","ss":100,"td":"Спальный район","dc":1,"n":45.03,"vc":"около 50","sl":"Нормальный","sv":"менее 50","p":516.0,"q":1.01,"b":0.0,"wi":0.23,"ei":4.22,"as":239.13,"mi":"E","mv":67348,"sc":1,"lpe":100.0,"lpr":463.78,"lq":1.0},{"pi":"312798","pc":"Одежда и обувь","ss":100,"td":"Спальный район","dc":1,"n":45.03,"vc":"около 50","sl":"Нормальный","sv":"менее 50","p":516.0,"q":1.01,"b":0.0,"wi":0.23,"ei":4.22,"as":239.13,"mi":"E","mv":67348,"sc":1,"lpe":100.0,"lpr":463.78,"lq":1.0},{"pi":"312798","pc":"Одежда и обувь","ss":100,"td":"Центр города","dc":1,"n":46.07,"vc":"около 50","sl":"Нормальный","sv":"менее 50","p":375.87,"q":1.0,"b":0.0,"wi":0.2,"ei":4.3,"as":169.75,"mi":"E","mv":21308,"sc":1,"lpe":99.99,"lpr":327.06,"lq":1.0},{"pi":"312798","pc":"Одежда и обувь","ss":100,"td":"Центр города","dc":1,"n":46.07,"vc":"около 50","sl":"Нормальный","sv":"менее 50","p":375.87,"q":1.0,"b":0.0,"wi":0.2,"ei":4.3,"as":169.75,"mi":"E","mv":21308,"sc":1,"lpe":99.99,"lpr":327.06,"lq":1.0},{"pi":"312798","pc":"Одежда и обувь","ss":100,"td":"Центр города","dc":1,"n":46.07,"vc":"около 50","sl":"Нормальный","sv":"менее 50","p":375.87,"q":1.0,"b":0.0,"wi":0.2,"ei":4.3,"as":169.75,"mi":"E","mv":21308,"sc":1,"lpe":99.99,"lpr":327.06,"lq":1.0},{"pi":"312798","pc":"Одежда и обувь","ss":100,"td":"Центр города","dc":1,"n":46.07,"vc":"около 50","sl":"Нормальный","sv":"менее 50","p":375.87,"q":1.0,"b":0.0,"wi":0.2,"ei":4.3,"as":169.75,"mi":"E","mv":21308,"sc":1,"lpe":99.99,"lpr":327.06,"lq":1.0},{"pi":"312798","pc":"Одежда и обувь","ss":1000,"td":"Центр города","dc":2,"n":8.78,"vc":"около 500","sl":"Высокий","sv":"около 50","p":326.0,"q":1.0,"b":0.0,"wi":0.15,"ei":4.31,"as":151.92,"mi":"E","mv":598113,"sc":1,"lpe":99.99,"lpr":320.34,"lq":1.0},{"pi":"312798","pc":"Одежда и обувь","ss":1000,"td":"Центр города","dc":2,"n":8.78,"vc":"около 500","sl":"Высокий","sv":"около 50","p":326.0,"q":1.0,"b":0.0,"wi":0.15,"ei":4.31,"as":151.92,"mi":"E","mv":598113,"sc":1,"lpe":99.99,"lpr":320.34,"lq":1.0},{"pi":"312798","pc":"Одежда и обувь","ss":1000,"td":"Центр города","dc":2,"n":8.78,"vc":"около 500","sl":"Высокий","sv":"около 50","p":326.0,"q":1.0,"b":0.0,"wi":0.15,"ei":4.31,"as":151.92,"mi":"E","mv":598113,"sc":1,"lpe":99.99,"lpr":320.34,"lq":1.0},{"pi":"312798","pc":"Одежда и обувь","ss":1000,"td":"Центр города","dc":2,"n":8.78,"vc":"около 500","sl":"Высокий","sv":"около 50","p":326.0,"q":1.0,"b":0.0,"wi":0.15,"ei":4.31,"as":151.92,"mi":"E","mv":598113,"sc":1,"lpe":99.99,"lpr":320.34,"lq":1.0},{"pi":"312798","pc":"Одежда и обувь","ss":1000,"td":"Центр города","dc":2,"n":8.78,"vc":"около 500","sl":"Высокий","sv":"около 50","p":326.0,"q":1.0,"b":0.0,"wi":0.15,"ei":4.31,"as":151.92,"mi":"E","mv":598113,"sc":1,"lpe":99.99,"lpr":320.34,"lq":1.0},{"pi":"312798","pc":"Одежда и обувь","ss":1000,"td":"Центр города","dc":2,"n":8.78,"vc":"около 500","sl":"Высокий","sv":"около 50","p":326.0,"q":1.0,"b":0.0,"wi":0.15,"ei":4.31,"as":151.92,"mi":"E","mv":598113,"sc":1,"lpe":99.99,"lpr":320.34,"lq":1.0},{"pi":"312798","pc":"Одежда и обувь","ss":1000,"td":"Центр города","dc":2,"n":8.78,"vc":"около 500","sl":"Высокий","sv":"около 50","p":326.0,"q":1.0,"b":0.0,"wi":0.15,"ei":4.31,"as":151.92,"mi":"E","mv":598113,"sc":1,"lpe":99.99,"lpr":320.34,"lq":1.0},{"pi":"312798","pc":"Одежда и обувь","ss":1000,"td":"Центр города","dc":2,"n":8.78,"vc":"около 500","sl":"Высокий","sv":"около 50","p":326.0,"q":1.0,"b":0.0,"wi":0.15,"ei":4.31,"as":151.92,"mi":"E","mv":598113,"sc":1,"lpe":99.99,"lpr":320.34,"lq":1.0},{"pi":"312798","pc":"Одежда и обувь","ss":1000,"td":"Центр города","dc":2,"n":8.78,"vc":"около 500","sl":"Высокий","sv":"около 50","p":326.0,"q":1.0,"b":0.0,"wi":0.15,"ei":4.31,"as":151.92,"mi":"E","mv":598113,"sc":1,"lpe":99.99,"lpr":320.34,"lq":1.0},{"pi":"312798","pc":"Одежда и обувь","ss":1000,"td":"Центр города","dc":2,"n":8.78,"vc":"около 500","sl":"Высокий","sv":"около 50","p":326.0,"q":1.0,"b":0.0,"wi":0.15,"ei":4.31,"as":151.92,"mi":"E","mv":598113,"sc":1,"lpe":99.99,"lpr":320.34,"lq":1.0},{"pi":"312798","pc":"Одежда и обувь","ss":1000,"td":"Центр города","dc":2,"n":8.78,"vc":"около 500","sl":"Высокий","sv":"около 50","p":326.0,"q":1.0,"b":0.0,"wi":0.15,"ei":4.31,"as":151.92,"mi":"E","mv":598113,"sc":1,"lpe":99.99,"lpr":320.34,"lq":1.0},{"pi":"312798","pc":"Одежда и обувь","ss":1000,"td":"Центр города","dc":2,"n":8.78,"vc":"около 500","sl":"Высокий","sv":"около 50","p":326.0,"q":1.0,"b":0.0,"wi":0.15,"ei":4.31,"as":151.92,"mi":"E","mv":598113,"sc":1,"lpe":99.99,"lpr":320.34,"lq":1.0},{"pi":"312798","pc":"Одежда и обувь","ss":500,"td":"Спальный район","dc":1,"n":33.45,"vc":"более 100","sl":"Высокий","sv":"менее 50","p":238.31,"q":1.0,"b":0.0,"wi":0.15,"ei":3.0,"as":122.95,"mi":"E","mv":119466,"sc":1,"lpe":100.0,"lpr":267.32,"lq":1.0},{"pi":"312798","pc":"Одежда и обувь","ss":500,"td":"Спальный район","dc":1,"n":33.45,"vc":"более 100","sl":"Высокий","sv":"менее 50","p":238.31,"q":1.0,"b":0.0,"wi":0.15,"ei":3.0,"as":122.95,"mi":"E","mv":119466,"sc":1,"lpe":100.0,"lpr":267.32,"lq":1.0},{"pi":"312798","pc":"Одежда и обувь","ss":500,"td":"Спальный район","dc":1,"n":33.45,"vc":"более 100","sl":"Высокий","sv":"менее 50","p":238.31,"q":1.0,"b":0.0,"wi":0.15,"ei":3.0,"as":122.95,"mi":"E","mv":119466,"sc":1,"lpe":100.0,"lpr":267.32,"lq":1.0},{"pi":"312798","pc":"Одежда и обувь","ss":500,"td":"Центр города","dc":1,"n":84.22,"vc":"более 200","sl":"Нормальный","sv":"менее 50","p":280.07,"q":1.05,"b":0.0,"wi":0.18,"ei":3.71,"as":138.79,"mi":"E","mv":189723,"sc":1,"lpe":99.99,"lpr":288.87,"lq":1.0},{"pi":"312798","pc":"Одежда и обувь","ss":500,"td":"Центр города","dc":1,"n":84.22,"vc":"более 200","sl":"Нормальный","sv":"менее 50","p":280.07,"q":1.05,"b":0.0,"wi":0.18,"ei":3.71,"as":138.79,"mi":"E","mv":189723,"sc":1,"lpe":99.99,"lpr":288.87,"lq":1.0},{"pi":"312798","pc":"Одежда и обувь","ss":500,"td":"Центр города","dc":1,"n":84.22,"vc":"более 200","sl":"Нормальный","sv":"менее 50","p":280.07,"q":1.05,"b":0.0,"wi":0.18,"ei":3.71,"as":138.79,"mi":"E","mv":189723,"sc":1,"lpe":99.99,"lpr":288.87,"lq":1.0},{"pi":"312798","pc":"Одежда и обувь","ss":500,"td":"Центр города","dc":1,"n":84.22,"vc":"более 200","sl":"Нормальный","sv":"менее 50","p":280.07,"q":1.05,"b":0.0,"wi":0.18,"ei":3.71,"as":138.79,"mi":"E","mv":189723,"sc":1,"lpe":99.99,"lpr":288.87,"lq":1.0},{"pi":"312798","pc":"Одежда и обувь","ss":500,"td":"Центр города","dc":1,"n":131.37,"vc":"более 100","sl":"Очень высокий","sv":"около 50","p":250.0,"q":2.04,"b":0.47,"wi":0.19,"ei":2.4,"as":195.0,"mi":"E","mv":3733,"sc":1,"lpe":98.66,"lpr":364.71,"lq":1.0},{"pi":"312798","pc":"Одежда и обувь","ss":500,"td":"Центр города","dc":1,"n":131.37,"vc":"более 100","sl":"Очень высокий","sv":"около 50","p":250.0,"q":2.04,"b":0.47,"wi":0.19,"ei":2.4,"as":195.0,"mi":"E","mv":3733,"sc":1,"lpe":98.66,"lpr":364.71,"lq":1.0},{"pi":"312798","pc":"Одежда и обувь","ss":500,"td":"Центр города","dc":1,"n":131.37,"vc":"более 100","sl":"Очень высокий","sv":"около 50","p":250.0,"q":2.04,"b":0.47,"wi":0.19,"ei":2.4,"as":195.0,"mi":"E","mv":3733,"sc":1,"lpe":98.66,"lpr":364.71,"lq":1.0},{"pi":"312798","pc":"Одежда и обувь","ss":500,"td":"Центр города","dc":1,"n":131.37,"vc":"более 100","sl":"Очень высокий","sv":"около 50","p":250.0,"q":2.04,"b":0.47,"wi":0.19,"ei":2.4,"as":195.0,"mi":"E","mv":3733,"sc":1,"lpe":98.66,"lpr":364.71,"lq":1.0},{"pi":"312798","pc":"Одежда и обувь","ss":500,"td":"Центр города","dc":1,"n":84.07,"vc":"около 100","sl":"Элитный","sv":"около 50","p":228.0,"q":2.04,"b":0.47,"wi":0.19,"ei":2.6,"as":210.0,"mi":"E","mv":8131,"sc":1,"lpe":99.39,"lpr":391.29,"lq":1.0},{"pi":"312798","pc":"Одежда и обувь","ss":500,"td":"Центр города","dc":1,"n":84.07,"vc":"около 100","sl":"Элитный","sv":"около 50","p":228.0,"q":2.04,"b":0.47,"wi":0.19,"ei":2.6,"as":210.0,"mi":"E","mv":8131,"sc":1,"lpe":99.39,"lpr":391.29,"lq":1.0},{"pi":"312798","pc":"Одежда и обувь","ss":500,"td":"Центр города","dc":1,"n":84.07,"vc":"около 100","sl":"Элитный","sv":"около 50","p":228.0,"q":2.04,"b":0.47,"wi":0.19,"ei":2.6,"as":210.0,"mi":"E","mv":8131,"sc":1,"lpe":99.39,"lpr":391.29,"lq":1.0},{"pi":"312798","pc":"Одежда и обувь","ss":500,"td":"Центр города","dc":1,"n":84.07,"vc":"около 100","sl":"Элитный","sv":"около 50","p":228.0,"q":2.04,"b":0.47,"wi":0.19,"ei":2.6,"as":210.0,"mi":"E","mv":8131,"sc":1,"lpe":99.39,"lpr":391.29,"lq":1.0},{"pi":"312798","pc":"Одежда и обувь","ss":500,"td":"Центр города","dc":1,"n":73.81,"vc":"более 100","sl":"Элитный","sv":"более 100","p":230.0,"q":1.35,"b":0.16,"wi":0.2,"ei":2.6,"as":230.0,"mi":"E","mv":8702,"sc":1,"lpe":98.28,"lpr":423.73,"lq":1.0},{"pi":"312798","pc":"Одежда и обувь","ss":500,"td":"Центр города","dc":1,"n":73.81,"vc":"более 100","sl":"Элитный","sv":"более 100","p":230.0,"q":1.35,"b":0.16,"wi":0.2,"ei":2.6,"as":230.0,"mi":"E","mv":8702,"sc":1,"lpe":98.28,"lpr":423.73,"lq":1.0},{"pi":"312798","pc":"Одежда и обувь","ss":500,"td":"Центр города","dc":1,"n":73.81,"vc":"более 100","sl":"Элитный","sv":"более 100","p":230.0,"q":1.35,"b":0.16,"wi":0.2,"ei":2.6,"as":230.0,"mi":"E","mv":8702,"sc":1,"lpe":98.28,"lpr":423.73,"lq":1.0},{"pi":"312798","pc":"Одежда и обувь","ss":500,"td":"Центр города","dc":1,"n":73.81,"vc":"более 100","sl":"Элитный","sv":"более 100","p":230.0,"q":1.35,"b":0.16,"wi":0.2,"ei":2.6,"as":230.0,"mi":"E","mv":8702,"sc":1,"lpe":98.28,"lpr":423.73,"lq":1.0},{"pi":"312798","pc":"Одежда и обувь","ss":500,"td":"Спальный район","dc":1,"n":64.5,"vc":"около 100","sl":"Элитный","sv":"около 500","p":223.0,"q":1.33,"b":0.16,"wi":0.21,"ei":2.8,"as":240.0,"mi":"E","mv":10126,"sc":1,"lpe":95.44,"lpr":437.52,"lq":1.0},{"pi":"312798","pc":"Одежда и обувь","ss":500,"td":"Спальный район","dc":1,"n":64.5,"vc":"около 100","sl":"Элитный","sv":"около 500","p":223.0,"q":1.33,"b":0.16,"wi":0.21,"ei":2.8,"as":240.0,"mi":"E","mv":10126,"sc":1,"lpe":95.44,"lpr":437.52,"lq":1.0},{"pi":"312798","pc":"Одежда и обувь","ss":500,"td":"Спальный район","dc":1,"n":64.5,"vc":"около 100","sl":"Элитный","sv":"около 500","p":223.0,"q":1.33,"b":0.16,"wi":0.21,"ei":2.8,"as":240.0,"mi":"E","mv":10126,"sc":1,"lpe":95.44,"lpr":437.52,"lq":1.0},{"pi":"312798","pc":"Одежда и обувь","ss":500,"td":"Спальный район","dc":1,"n":64.5,"vc":"около 100","sl":"Элитный","sv":"около 500","p":223.0,"q":1.33,"b":0.16,"wi":0.21,"ei":2.8,"as":240.0,"mi":"E","mv":10126,"sc":1,"lpe":95.44,"lpr":437.52,"lq":1.0},{"pi":"312798","pc":"Одежда и обувь","ss":10000,"td":"Центр города","dc":2,"n":136.78,"vc":"около 5 000","sl":"Элитный","sv":"более 2 000","p":1950.0,"q":1.55,"b":0.0,"wi":1.51,"ei":8.5,"as":1540.0,"mi":"E","mv":933960,"sc":1,"lpe":99.69,"lpr":2872.05,"lq":1.0},{"pi":"312798","pc":"Одежда и обувь","ss":10000,"td":"Центр города","dc":2,"n":136.78,"vc":"около 5 000","sl":"Элитный","sv":"более 2 000","p":1950.0,"q":1.55,"b":0.0,"wi":1.51,"ei":8.5,"as":1540.0,"mi":"E","mv":933960,"sc":1,"lpe":99.69,"lpr":2872.05,"lq":1.0},{"pi":"312798","pc":"Одежда и обувь","ss":10000,"td":"Центр города","dc":2,"n":136.78,"vc":"около 5 000","sl":"Элитный","sv":"более 2 000","p":1950.0,"q":1.55,"b":0.0,"wi":1.51,"ei":8.5,"as":1540.0,"mi":"E","mv":933960,"sc":1,"lpe":99.69,"lpr":2872.05,"lq":1.0},{"pi":"312798","pc":"Одежда и обувь","ss":10000,"td":"Центр города","dc":1,"n":61.03,"vc":"более 1 000","sl":"Элитный","sv":"около 500","p":4500.0,"q":6.43,"b":0.0,"wi":1.51,"ei":8.2,"as":1520.0,"mi":"E","mv":138328,"sc":1,"lpe":99.75,"lpr":2800.3,"lq":1.0},{"pi":"312798","pc":"Одежда и обувь","ss":10000,"td":"Центр города","dc":1,"n":61.03,"vc":"более 1 000","sl":"Элитный","sv":"около 500","p":4500.0,"q":6.43,"b":0.0,"wi":1.51,"ei":8.2,"as":1520.0,"mi":"E","mv":138328,"sc":1,"lpe":99.75,"lpr":2800.3,"lq":1.0},{"pi":"312798","pc":"Одежда и обувь","ss":10000,"td":"Центр города","dc":1,"n":61.03,"vc":"более 1 000","sl":"Элитный","sv":"около 500","p":4500.0,"q":6.43,"b":0.0,"wi":1.51,"ei":8.2,"as":1520.0,"mi":"E","mv":138328,"sc":1,"lpe":99.75,"lpr":2800.3,"lq":1.0},{"pi":"312798","pc":"Одежда и обувь","ss":10000,"td":"Центр города","dc":1,"n":61.03,"vc":"более 1 000","sl":"Элитный","sv":"около 500","p":4500.0,"q":6.43,"b":0.0,"wi":1.51,"ei":8.2,"as":1520.0,"mi":"E","mv":138328,"sc":1,"lpe":99.75,"lpr":2800.3,"lq":1.0},{"pi":"312798","pc":"Одежда и обувь","ss":500,"td":"Центр города","dc":1,"n":124.49,"vc":"более 200","sl":"Высокий","sv":"более 100","p":1100.0,"q":8.33,"b":0.0,"wi":0.27,"ei":4.4,"as":273.11,"mi":"E","mv":172099,"sc":1,"lpe":99.93,"lpr":496.0,"lq":1.0},{"pi":"312798","pc":"Одежда и обувь","ss":500,"td":"Центр города","dc":1,"n":124.49,"vc":"более 200","sl":"Высокий","sv":"более 100","p":1100.0,"q":8.33,"b":0.0,"wi":0.27,"ei":4.4,"as":273.11,"mi":"E","mv":172099,"sc":1,"lpe":99.93,"lpr":496.0,"lq":1.0},{"pi":"312798","pc":"Одежда и обувь","ss":500,"td":"Центр города","dc":1,"n":124.49,"vc":"более 200","sl":"Высокий","sv":"более 100","p":1100.0,"q":8.33,"b":0.0,"wi":0.27,"ei":4.4,"as":273.11,"mi":"E","mv":172099,"sc":1,"lpe":99.93,"lpr":496.0,"lq":1.0},{"pi":"312798","pc":"Одежда и обувь","ss":500,"td":"Центр города","dc":1,"n":124.49,"vc":"более 200","sl":"Высокий","sv":"более 100","p":1100.0,"q":8.33,"b":0.0,"wi":0.27,"ei":4.4,"as":273.11,"mi":"E","mv":172099,"sc":1,"lpe":99.93,"lpr":496.0,"lq":1.0},{"pi":"312798","pc":"Одежда и обувь","ss":500,"td":"Центр города","dc":1,"n":42.93,"vc":"более 100","sl":"Очень высокий","sv":"около 50","p":227.9,"q":1.0,"b":0.0,"wi":0.14,"ei":2.94,"as":111.16,"mi":"E","mv":42472,"sc":2,"lpe":99.89,"lpr":231.25,"lq":1.0},{"pi":"312798","pc":"Одежда и обувь","ss":100,"td":"Спальный район","dc":1,"n":48.31,"vc":"около 50","sl":"Нормальный","sv":"менее 50","p":263.8,"q":1.05,"b":0.0,"wi":0.14,"ei":2.94,"as":111.16,"mi":"E","mv":42472,"sc":2,"lpe":99.89,"lpr":231.25,"lq":1.0},{"pi":"312798","pc":"Одежда и обувь","ss":500,"td":"Центр города","dc":1,"n":42.93,"vc":"более 100","sl":"Очень высокий","sv":"около 50","p":227.9,"q":1.0,"b":0.0,"wi":0.14,"ei":2.94,"as":111.16,"mi":"E","mv":42472,"sc":2,"lpe":99.89,"lpr":231.25,"lq":1.0},{"pi":"312798","pc":"Одежда и обувь","ss":100,"td":"Спальный район","dc":1,"n":48.31,"vc":"около 50","sl":"Нормальный","sv":"менее 50","p":263.8,"q":1.05,"b":0.0,"wi":0.14,"ei":2.94,"as":111.16,"mi":"E","mv":42472,"sc":2,"lpe":99.89,"lpr":231.25,"lq":1.0},{"pi":"312798","pc":"Одежда и обувь","ss":500,"td":"Центр города","dc":1,"n":42.93,"vc":"более 100","sl":"Очень высокий","sv":"около 50","p":227.9,"q":1.0,"b":0.0,"wi":0.14,"ei":2.94,"as":111.16,"mi":"E","mv":42472,"sc":2,"lpe":99.89,"lpr":231.25,"lq":1.0},{"pi":"312798","pc":"Одежда и обувь","ss":100,"td":"Спальный район","dc":1,"n":48.31,"vc":"около 50","sl":"Нормальный","sv":"менее 50","p":263.8,"q":1.05,"b":0.0,"wi":0.14,"ei":2.94,"as":111.16,"mi":"E","mv":42472,"sc":2,"lpe":99.89,"lpr":231.25,"lq":1.0},{"pi":"312798","pc":"Одежда и обувь","ss":500,"td":"Центр города","dc":1,"n":42.93,"vc":"более 100","sl":"Очень высокий","sv":"около 50","p":227.9,"q":1.0,"b":0.0,"wi":0.14,"ei":2.94,"as":111.16,"mi":"E","mv":42472,"sc":2,"lpe":99.89,"lpr":231.25,"lq":1.0},{"pi":"312798","pc":"Одежда и обувь","ss":100,"td":"Спальный район","dc":1,"n":48.31,"vc":"около 50","sl":"Нормальный","sv":"менее 50","p":263.8,"q":1.05,"b":0.0,"wi":0.14,"ei":2.94,"as":111.16,"mi":"E","mv":42472,"sc":2,"lpe":99.89,"lpr":231.25,"lq":1.0},{"pi":"312798","pc":"Одежда и обувь","ss":100,"td":"Центр города","dc":1,"n":49.38,"vc":"более 100","sl":"Низкий","sv":"менее 50","p":405.28,"q":1.05,"b":0.0,"wi":0.19,"ei":4.25,"as":181.97,"mi":"E","mv":646342,"sc":1,"lpe":100.0,"lpr":363.39,"lq":1.0},{"pi":"312798","pc":"Одежда и обувь","ss":100,"td":"Центр города","dc":1,"n":49.38,"vc":"более 100","sl":"Низкий","sv":"менее 50","p":405.28,"q":1.05,"b":0.0,"wi":0.19,"ei":4.25,"as":181.97,"mi":"E","mv":646342,"sc":1,"lpe":100.0,"lpr":363.39,"lq":1.0},{"pi":"312798","pc":"Одежда и обувь","ss":100,"td":"Центр города","dc":1,"n":49.38,"vc":"более 100","sl":"Низкий","sv":"менее 50","p":405.28,"q":1.05,"b":0.0,"wi":0.19,"ei":4.25,"as":181.97,"mi":"E","mv":646342,"sc":1,"lpe":100.0,"lpr":363.39,"lq":1.0},{"pi":"312798","pc":"Одежда и обувь","ss":100,"td":"Центр города","dc":1,"n":49.38,"vc":"более 100","sl":"Низкий","sv":"менее 50","p":405.28,"q":1.05,"b":0.0,"wi":0.19,"ei":4.25,"as":181.97,"mi":"E","mv":646342,"sc":1,"lpe":100.0,"lpr":363.39,"lq":1.0}]