[{"d":"12.07.2016","r":338.0,"q":1.0,"p":500.0,"s":[{"ui":"7669756","t":338.0,"r":338.0,"q":1.0,"p":500.0,"mot":"U","mo":338.0},{"cn":"","ui":"","t":0.0,"r":0.0,"q":0.0,"p":0.0,"mot":"L","mo":0.0}]},{"d":"21.07.2016","r":464.0,"q":1.57,"p":270.0,"s":[{"ui":"7689605","t":841.0,"r":464.0,"q":1.57,"p":270.0,"mot":"U","mo":464.0},{"cn":"","ui":"","t":0.0,"r":0.0,"q":0.0,"p":0.0,"mot":"L","mo":0.0}]},{"d":"28.07.2016","r":2500.0,"q":1.0,"p":298.0,"s":[{"ui":"7706377","t":2500.0,"r":2500.0,"q":1.0,"p":298.0,"mot":"U","mo":2500.0},{"cn":"","ui":"","t":0.0,"r":0.0,"q":0.0,"p":0.0,"mot":"L","mo":0.0}]},{"d":"27.08.2016","r":367.0,"q":1.73,"p":289.0,"s":[{"ui":"7771325","t":367.0,"r":367.0,"q":1.73,"p":289.0,"mot":"U","mo":367.0},{"cn":"","ui":"","t":0.0,"r":0.0,"q":0.0,"p":0.0,"mot":"L","mo":0.0}]},{"d":"12.10.2016","r":3500.0,"q":1.0,"p":315.0,"s":[{"ui":"7873078","t":3500.0,"r":3500.0,"q":1.0,"p":315.0,"mot":"U","mo":3500.0},{"cn":"","ui":"","t":0.0,"r":0.0,"q":0.0,"p":0.0,"mot":"L","mo":0.0}]},{"d":"13.10.2016","r":534.0,"q":1.0,"p":750.0,"s":[{"ui":"7875774","t":833.0,"r":534.0,"q":1.0,"p":750.0,"mot":"L","mo":534.0},{"cn":"","ui":"","t":0.0,"r":0.0,"q":0.0,"p":0.0,"mot":"L","mo":0.0}]},{"d":"14.10.2016","r":4000.0,"q":1.38,"p":550.0,"s":[{"ui":"7875774","t":8836.0,"r":8776.0,"q":1.38,"p":550.0,"mot":"L","mo":4000.0},{"cn":"","ui":"","t":0.0,"r":0.0,"q":0.0,"p":0.0,"mot":"L","mo":0.0}]},{"d":"15.10.2016","r":600.0,"q":1.37,"p":550.0,"s":[{"ui":"7875774","t":8771.0,"r":8711.0,"q":1.37,"p":550.0,"mot":"L","mo":600.0},{"cn":"","ui":"","t":0.0,"r":0.0,"q":0.0,"p":0.0,"mot":"L","mo":0.0}]},{"d":"28.10.2016","r":3625.0,"q":2.28,"p":650.0,"s":[{"ui":"7909674","t":3625.0,"r":3625.0,"q":2.28,"p":650.0,"mot":"U","mo":3625.0},{"cn":"","ui":"","t":0.0,"r":0.0,"q":0.0,"p":0.0,"mot":"L","mo":0.0}]},{"d":"29.10.2016","r":2200.0,"q":3.0,"p":1049.18,"s":[{"ui":"7911555","t":2200.0,"r":2200.0,"q":3.0,"p":1049.18,"mot":"U","mo":2200.0},{"cn":"","ui":"","t":0.0,"r":0.0,"q":0.0,"p":0.0,"mot":"L","mo":0.0}]},{"d":"30.10.2016","r":9190.0,"q":2.23,"p":690.18,"s":[{"ui":"7911555","t":9590.0,"r":9190.0,"q":2.23,"p":690.18,"mot":"U","mo":9190.0},{"cn":"","ui":"","t":0.0,"r":0.0,"q":0.0,"p":0.0,"mot":"L","mo":0.0}]},{"d":"31.10.2016","r":10353.0,"q":2.19,"p":689.83,"s":[{"ui":"7911555","t":11190.0,"r":10340.0,"q":2.19,"p":690.18,"mot":"U","mo":10340.0},{"cn":"","ui":"","t":363.0,"r":13.0,"q":1.0,"p":410.0,"mot":"L","mo":13.0}]},{"d":"01.11.2016","r":300.0,"q":5.0,"p":600.0,"s":[{"ui":"7915055","t":300.0,"r":300.0,"q":5.0,"p":600.0,"mot":"U","mo":300.0},{"cn":"","ui":"","t":0.0,"r":0.0,"q":0.0,"p":0.0,"mot":"L","mo":0.0}]},{"d":"14.11.2016","r":1125.0,"q":1.0,"p":100.0,"s":[{"ui":"7935012","t":1125.0,"r":1125.0,"q":1.0,"p":100.0,"mot":"U","mo":1125.0},{"cn":"","ui":"","t":0.0,"r":0.0,"q":0.0,"p":0.0,"mot":"L","mo":0.0}]},{"d":"28.11.2016","r":1000.0,"q":1.0,"p":190.0,"s":[{"ui":"7952553","t":3300.0,"r":2500.0,"q":1.0,"p":190.0,"mot":"L","mo":1000.0},{"cn":"","ui":"","t":0.0,"r":0.0,"q":0.0,"p":0.0,"mot":"L","mo":0.0}]},{"d":"03.12.2016","r":2000.0,"q":1.0,"p":190.0,"s":[{"ui":"7957309","t":2275.0,"r":2274.0,"q":1.0,"p":190.0,"mot":"L","mo":2000.0},{"cn":"","ui":"","t":0.0,"r":0.0,"q":0.0,"p":0.0,"mot":"L","mo":0.0}]},{"d":"08.12.2016","r":10.0,"q":1.0,"p":190.0,"s":[{"ui":"7964181","t":285.0,"r":10.0,"q":1.0,"p":190.0,"mot":"U","mo":10.0},{"cn":"","ui":"","t":0.0,"r":0.0,"q":0.0,"p":0.0,"mot":"L","mo":0.0}]},{"d":"27.12.2016","r":300.0,"q":1.0,"p":260.0,"s":[{"ui":"7992757","t":300.0,"r":300.0,"q":1.0,"p":260.0,"mot":"U","mo":300.0},{"cn":"","ui":"","t":0.0,"r":0.0,"q":0.0,"p":0.0,"mot":"L","mo":0.0}]},{"d":"06.01.2017","r":72.0,"q":1.05,"p":240.0,"s":[{"ui":"8003087","t":72.0,"r":72.0,"q":1.05,"p":240.0,"mot":"U","mo":72.0},{"cn":"","ui":"","t":0.0,"r":0.0,"q":0.0,"p":0.0,"mot":"L","mo":0.0}]},{"d":"14.01.2017","r":300.0,"q":6.43,"p":700.0,"s":[{"ui":"8013724","t":3030.0,"r":2770.0,"q":6.43,"p":700.0,"mot":"L","mo":300.0},{"cn":"","ui":"","t":0.0,"r":0.0,"q":0.0,"p":0.0,"mot":"L","mo":0.0}]},{"d":"30.01.2017","r":26.0,"q":1.0,"p":5000.0,"s":[{"ui":"8032690","t":26.0,"r":26.0,"q":1.0,"p":5000.0,"mot":"U","mo":26.0},{"cn":"","ui":"","t":0.0,"r":0.0,"q":0.0,"p":0.0,"mot":"L","mo":0.0}]},{"d":"31.01.2017","r":650.0,"q":1.0,"p":310.0,"s":[{"ui":"8033238","t":650.0,"r":650.0,"q":1.0,"p":310.0,"mot":"U","mo":650.0},{"cn":"","ui":"","t":0.0,"r":0.0,"q":0.0,"p":0.0,"mot":"L","mo":0.0}]},{"d":"08.02.2017","r":5000.0,"q":1.0,"p":190.0,"s":[{"ui":"8041759","t":10798.0,"r":9018.0,"q":1.0,"p":190.0,"mot":"L","mo":5000.0},{"cn":"","ui":"","t":0.0,"r":0.0,"q":0.0,"p":0.0,"mot":"L","mo":0.0}]},{"d":"20.02.2017","r":9497.0,"q":1.0,"p":200.0,"s":[{"ui":"8057103","t":9497.0,"r":9497.0,"q":1.0,"p":200.0,"mot":"U","mo":9497.0},{"cn":"","ui":"","t":0.0,"r":0.0,"q":0.0,"p":0.0,"mot":"L","mo":0.0}]},{"d":"21.02.2017","r":6997.0,"q":1.0,"p":200.0,"s":[{"ui":"8057103","t":6997.0,"r":6997.0,"q":1.0,"p":200.0,"mot":"U","mo":6997.0},{"cn":"","ui":"","t":0.0,"r":0.0,"q":0.0,"p":0.0,"mot":"L","mo":0.0}]},{"d":"22.02.2017","r":600.0,"q":1.0,"p":206.0,"s":[{"ui":"8059943","t":950.0,"r":600.0,"q":1.0,"p":206.0,"mot":"U","mo":600.0},{"cn":"","ui":"","t":0.0,"r":0.0,"q":0.0,"p":0.0,"mot":"L","mo":0.0}]},{"d":"23.02.2017","r":9032.0,"q":1.0,"p":206.0,"s":[{"ui":"8059943","t":13182.0,"r":9032.0,"q":1.0,"p":206.0,"mot":"U","mo":9032.0},{"cn":"","ui":"","t":0.0,"r":0.0,"q":0.0,"p":0.0,"mot":"L","mo":0.0}]},{"d":"24.02.2017","r":1496.0,"q":1.0,"p":200.0,"s":[{"ui":"8064228","t":1509.0,"r":1496.0,"q":1.0,"p":200.0,"mot":"U","mo":1496.0},{"cn":"","ui":"","t":0.0,"r":0.0,"q":0.0,"p":0.0,"mot":"L","mo":0.0}]},{"d":"27.02.2017","r":1545.0,"q":1.0,"p":285.24,"s":[{"ui":"8068279","t":582.0,"r":545.0,"q":1.0,"p":460.0,"mot":"U","mo":545.0},{"ui":"8067477","t":3914.0,"r":1338.0,"q":1.0,"p":190.0,"mot":"L","mo":1000.0},{"cn":"","ui":"","t":0.0,"r":0.0,"q":0.0,"p":0.0,"mot":"L","mo":0.0}]},{"d":"28.02.2017","r":100.0,"q":1.81,"p":300.0,"s":[{"ui":"8068279","t":338.0,"r":273.0,"q":1.81,"p":300.0,"mot":"L","mo":100.0},{"cn":"","ui":"","t":0.0,"r":0.0,"q":0.0,"p":0.0,"mot":"L","mo":0.0}]},{"d":"01.03.2017","r":100.0,"q":2.04,"p":300.0,"s":[{"ui":"8068279","t":4332.0,"r":3848.0,"q":2.04,"p":300.0,"mot":"L","mo":100.0},{"cn":"","ui":"","t":0.0,"r":0.0,"q":0.0,"p":0.0,"mot":"L","mo":0.0}]},{"d":"02.03.2017","r":0.0,"q":0.0,"p":0.0,"s":[{"cn":"","ui":"","t":0.0,"r":0.0,"q":0.0,"p":0.0,"mot":"L","mo":0.0}]},{"d":"06.03.2017","r":500.0,"q":1.0,"p":200.0,"s":[{"cn":"Sircat Interactive fast","ui":"8077613","t":2048.0,"r":1848.0,"q":1.0,"p":200.0,"mot":"L","mo":500.0},{"cn":"","ui":"","t":0.0,"r":0.0,"q":0.0,"p":0.0,"mot":"L","mo":0.0}]},{"d":"17.03.2017","r":500.0,"q":1.05,"p":350.0,"s":[{"cn":"Yamkovenko Финанс","ui":"8091955","t":500.0,"r":500.0,"q":1.05,"p":350.0,"mot":"U","mo":500.0},{"cn":"","ui":"","t":0.0,"r":0.0,"q":0.0,"p":0.0,"mot":"L","mo":0.0}]},{"d":"18.03.2017","r":595.0,"q":1.05,"p":240.0,"s":[{"cn":"Десяк Инвест","ui":"8093155","t":665.0,"r":595.0,"q":1.05,"p":240.0,"mot":"U","mo":595.0},{"cn":"","ui":"","t":0.0,"r":0.0,"q":0.0,"p":0.0,"mot":"L","mo":0.0}]},{"d":"21.03.2017","r":3000.0,"q":1.0,"p":268.0,"s":[{"cn":"Тютюшкин Ltd.","ui":"8096652","t":3000.0,"r":3000.0,"q":1.0,"p":268.0,"mot":"U","mo":3000.0},{"cn":"","ui":"","t":0.0,"r":0.0,"q":0.0,"p":0.0,"mot":"L","mo":0.0}]},{"d":"23.03.2017","r":1001.0,"q":1.57,"p":380.0,"s":[{"cn":"Castru\u0027s Group","ui":"8097192","t":1041.0,"r":1001.0,"q":1.57,"p":380.0,"mot":"U","mo":1001.0},{"cn":"","ui":"","t":0.0,"r":0.0,"q":0.0,"p":0.0,"mot":"L","mo":0.0}]},{"d":"26.03.2017","r":1912.0,"q":1.0,"p":470.0,"s":[{"cn":"Denim","ui":"8100833","t":2092.0,"r":1912.0,"q":1.0,"p":470.0,"mot":"U","mo":1912.0},{"cn":"","ui":"","t":0.0,"r":0.0,"q":0.0,"p":0.0,"mot":"L","mo":0.0}]},{"d":"27.03.2017","r":4660.0,"q":1.0,"p":210.0,"s":[{"cn":"Denim","ui":"8100833","t":5565.0,"r":4660.0,"q":1.0,"p":210.0,"mot":"U","mo":4660.0},{"cn":"","ui":"","t":0.0,"r":0.0,"q":0.0,"p":0.0,"mot":"L","mo":0.0}]},{"d":"28.03.2017","r":1000.0,"q":1.0,"p":300.0,"s":[{"cn":"AlievNail Инвест","ui":"8102577","t":1000.0,"r":1000.0,"q":1.0,"p":300.0,"mot":"U","mo":1000.0},{"cn":"","ui":"","t":0.0,"r":0.0,"q":0.0,"p":0.0,"mot":"L","mo":0.0}]},{"d":"31.03.2017","r":1633.0,"q":1.52,"p":180.0,"s":[{"cn":"Denim","ui":"8105993","t":3741.0,"r":1633.0,"q":1.52,"p":180.0,"mot":"U","mo":1633.0},{"cn":"","ui":"","t":0.0,"r":0.0,"q":0.0,"p":0.0,"mot":"L","mo":0.0}]},{"d":"08.04.2017","r":1091.0,"q":1.57,"p":600.0,"s":[{"cn":"25","ui":"8116997","t":1458.0,"r":1091.0,"q":1.57,"p":600.0,"mot":"U","mo":1091.0},{"cn":"","ui":"","t":0.0,"r":0.0,"q":0.0,"p":0.0,"mot":"L","mo":0.0}]},{"d":"24.05.2017","r":12162.0,"q":1.0,"p":200.0,"s":[{"cn":"NGX","ui":"8166997","t":13962.0,"r":12162.0,"q":1.0,"p":200.0,"mot":"U","mo":12162.0},{"cn":"","ui":"","t":0.0,"r":0.0,"q":0.0,"p":0.0,"mot":"L","mo":0.0}]},{"d":"25.05.2017","r":22655.0,"q":1.0,"p":200.0,"s":[{"cn":"NGX","ui":"8166997","t":24705.0,"r":22655.0,"q":1.0,"p":200.0,"mot":"U","mo":22655.0},{"cn":"","ui":"","t":0.0,"r":0.0,"q":0.0,"p":0.0,"mot":"L","mo":0.0}]},{"d":"07.06.2017","r":2470.0,"q":1.0,"p":350.0,"s":[{"cn":"check2832 Limited","ui":"8183438","t":2480.0,"r":2470.0,"q":1.0,"p":350.0,"mot":"U","mo":2470.0},{"cn":"","ui":"","t":0.0,"r":0.0,"q":0.0,"p":0.0,"mot":"L","mo":0.0}]},{"d":"16.06.2017","r":12.0,"q":1.0,"p":290.0,"s":[{"cn":"HoangPro","ui":"8193126","t":30.0,"r":12.0,"q":1.0,"p":290.0,"mot":"U","mo":12.0},{"cn":"","ui":"","t":0.0,"r":0.0,"q":0.0,"p":0.0,"mot":"L","mo":0.0}]},{"d":"21.06.2017","r":1.0,"q":1.0,"p":150.0,"s":[{"cn":"MaxEnergy","ui":"8199975","t":31.0,"r":1.0,"q":1.0,"p":150.0,"mot":"U","mo":1.0},{"cn":"","ui":"","t":0.0,"r":0.0,"q":0.0,"p":0.0,"mot":"L","mo":0.0}]},{"d":"22.06.2017","r":18074.0,"q":1.0,"p":200.0,"s":[{"cn":"MaxEnergy","ui":"8199975","t":18179.0,"r":18074.0,"q":1.0,"p":200.0,"mot":"U","mo":18074.0},{"cn":"","ui":"","t":0.0,"r":0.0,"q":0.0,"p":0.0,"mot":"L","mo":0.0}]}]