[{"d":"26.06.2017","r":25484.0,"q":1.04,"p":345.3,"s":[{"cn":"ООО «Миллениум»","ui":"7138993","t":2000.0,"r":2000.0,"q":1.01,"p":1021.6,"mot":"U","mo":2000.0},{"cn":"ООО «Миллениум»","ui":"7139352","t":24574.0,"r":23484.0,"q":1.04,"p":287.7,"mot":"U","mo":23484.0},{"cn":"","ui":"","t":0.0,"r":0.0,"q":0.0,"p":0.0,"mot":"L","mo":0.0}]},{"d":"27.06.2017","r":28965.0,"q":1.04,"p":389.0,"s":[{"cn":"ООО «Миллениум»","ui":"7138993","t":3998.0,"r":3998.0,"q":1.01,"p":1021.6,"mot":"U","mo":3998.0},{"cn":"ООО «Миллениум»","ui":"7139352","t":27758.0,"r":24967.0,"q":1.04,"p":287.7,"mot":"U","mo":24967.0},{"cn":"","ui":"","t":0.0,"r":0.0,"q":0.0,"p":0.0,"mot":"L","mo":0.0}]},{"d":"29.06.2017","r":4000.0,"q":1.15,"p":500.0,"s":[{"cn":"Гладышев Финанс","ui":"7146034","t":11578.0,"r":10178.0,"q":1.15,"p":500.0,"mot":"L","mo":4000.0},{"cn":"","ui":"","t":0.0,"r":0.0,"q":0.0,"p":0.0,"mot":"L","mo":0.0}]},{"d":"01.07.2017","r":4000.0,"q":1.15,"p":500.0,"s":[{"cn":"Гладышев Финанс","ui":"7146034","t":20315.0,"r":18815.0,"q":1.15,"p":500.0,"mot":"L","mo":4000.0},{"cn":"","ui":"","t":0.0,"r":0.0,"q":0.0,"p":0.0,"mot":"L","mo":0.0}]},{"d":"02.07.2017","r":4000.0,"q":1.15,"p":500.0,"s":[{"cn":"Гладышев Финанс","ui":"7146034","t":24572.0,"r":21532.0,"q":1.15,"p":500.0,"mot":"L","mo":4000.0},{"cn":"","ui":"","t":0.0,"r":0.0,"q":0.0,"p":0.0,"mot":"L","mo":0.0}]},{"d":"03.07.2017","r":4000.0,"q":1.15,"p":500.0,"s":[{"cn":"Гладышев Финанс","ui":"7146034","t":27277.0,"r":24177.0,"q":1.15,"p":500.0,"mot":"L","mo":4000.0},{"cn":"","ui":"","t":0.0,"r":0.0,"q":0.0,"p":0.0,"mot":"L","mo":0.0}]},{"d":"04.07.2017","r":9163.0,"q":1.07,"p":493.82,"s":[{"cn":"ZWC","ui":"7151565","t":500.0,"r":500.0,"q":1.15,"p":480.0,"mot":"U","mo":500.0},{"cn":"Смирнов Финанс","ui":"7151588","t":4663.0,"r":4663.0,"q":1.0,"p":490.0,"mot":"U","mo":4663.0},{"cn":"Гладышев Финанс","ui":"7146034","t":29411.0,"r":23661.0,"q":1.15,"p":500.0,"mot":"L","mo":4000.0},{"cn":"","ui":"","t":0.0,"r":0.0,"q":0.0,"p":0.0,"mot":"L","mo":0.0}]},{"d":"05.07.2017","r":13054.0,"q":1.11,"p":493.06,"s":[{"cn":"Смирнов Финанс","ui":"7151588","t":9859.0,"r":9054.0,"q":1.09,"p":490.0,"mot":"U","mo":9054.0},{"cn":"Гладышев Финанс","ui":"7146034","t":29389.0,"r":23689.0,"q":1.15,"p":500.0,"mot":"L","mo":4000.0},{"cn":"","ui":"","t":0.0,"r":0.0,"q":0.0,"p":0.0,"mot":"L","mo":0.0}]},{"d":"06.07.2017","r":18473.0,"q":1.12,"p":497.85,"s":[{"cn":"Смирнов Финанс","ui":"7151588","t":14828.0,"r":13973.0,"q":1.11,"p":490.0,"mot":"U","mo":13973.0},{"cn":"Гладышев Финанс","ui":"7146034","t":29389.0,"r":27972.0,"q":1.15,"p":500.0,"mot":"L","mo":4000.0},{"cn":"","ui":"","t":500.0,"r":500.0,"q":1.15,"p":700.0,"mot":"L","mo":500.0}]},{"d":"07.07.2017","r":4000.0,"q":1.15,"p":470.0,"s":[{"cn":"Гладышев Финанс","ui":"7146034","t":33649.0,"r":28232.0,"q":1.15,"p":470.0,"mot":"L","mo":4000.0},{"cn":"","ui":"","t":0.0,"r":0.0,"q":0.0,"p":0.0,"mot":"L","mo":0.0}]}]