[{"d":"19.11.2016","r":1834.0,"q":1.01,"p":296.3,"s":[{"ui":"3915187","t":1834.0,"r":1834.0,"q":1.01,"p":296.3,"mot":"U","mo":1834.0},{"cn":"","ui":"","t":0.0,"r":0.0,"q":0.0,"p":0.0,"mot":"L","mo":0.0}]},{"d":"20.11.2016","r":5725.0,"q":1.01,"p":365.11,"s":[{"ui":"3915187","t":2989.0,"r":2983.0,"q":1.01,"p":296.3,"mot":"U","mo":2983.0},{"ui":"3916353","t":1967.0,"r":1967.0,"q":1.0,"p":450.0,"mot":"U","mo":1967.0},{"ui":"3914473","t":600.0,"r":575.0,"q":1.03,"p":350.0,"mot":"U","mo":575.0},{"cn":"","ui":"","t":200.0,"r":200.0,"q":1.0,"p":600.0,"mot":"L","mo":200.0}]},{"d":"21.11.2016","r":5828.0,"q":1.01,"p":332.98,"s":[{"ui":"3917720","t":400.0,"r":400.0,"q":1.0,"p":600.0,"mot":"L","mo":400.0},{"ui":"3914473","t":1175.0,"r":1150.0,"q":1.03,"p":350.0,"mot":"U","mo":1150.0},{"ui":"3915187","t":4129.0,"r":4128.0,"q":1.01,"p":296.3,"mot":"U","mo":4128.0},{"cn":"","ui":"","t":150.0,"r":150.0,"q":1.01,"p":500.0,"mot":"L","mo":150.0}]},{"d":"22.11.2016","r":7096.0,"q":1.01,"p":343.75,"s":[{"ui":"3917720","t":600.0,"r":600.0,"q":1.0,"p":500.0,"mot":"L","mo":600.0},{"ui":"3914473","t":1750.0,"r":1725.0,"q":1.03,"p":350.0,"mot":"U","mo":1725.0},{"ui":"3915187","t":5273.0,"r":4271.0,"q":1.01,"p":296.3,"mot":"U","mo":4271.0},{"cn":"","ui":"","t":500.0,"r":500.0,"q":1.01,"p":540.0,"mot":"L","mo":500.0}]},{"d":"23.11.2016","r":8368.0,"q":1.12,"p":359.11,"s":[{"ui":"3919787","t":450.0,"r":450.0,"q":1.01,"p":500.0,"mot":"U","mo":450.0},{"ui":"3917720","t":800.0,"r":800.0,"q":1.0,"p":500.0,"mot":"U","mo":800.0},{"ui":"3914473","t":2325.0,"r":2291.0,"q":1.42,"p":350.0,"mot":"U","mo":2291.0},{"ui":"3915187","t":5308.0,"r":4297.0,"q":1.01,"p":296.3,"mot":"U","mo":4297.0},{"cn":"","ui":"","t":530.0,"r":530.0,"q":1.0,"p":575.47,"mot":"L","mo":530.0}]},{"d":"24.11.2016","r":12405.0,"q":1.15,"p":388.35,"s":[{"ui":"3917720","t":1000.0,"r":1000.0,"q":1.0,"p":500.0,"mot":"U","mo":1000.0},{"ui":"3916353","t":2797.0,"r":2797.0,"q":1.0,"p":450.0,"mot":"U","mo":2797.0},{"ui":"3915187","t":5339.0,"r":4318.0,"q":1.01,"p":296.3,"mot":"U","mo":4318.0},{"ui":"3914473","t":2891.0,"r":2837.0,"q":1.65,"p":350.0,"mot":"U","mo":2837.0},{"cn":"","ui":"","t":1458.0,"r":1453.0,"q":1.0,"p":541.29,"mot":"L","mo":1453.0}]},{"d":"25.11.2016","r":9569.0,"q":1.04,"p":370.0,"s":[{"ui":"3919787","t":745.0,"r":740.0,"q":1.01,"p":500.0,"mot":"U","mo":740.0},{"ui":"3917684","t":800.0,"r":800.0,"q":1.0,"p":300.0,"mot":"L","mo":800.0},{"ui":"3916353","t":2947.0,"r":2947.0,"q":1.0,"p":450.0,"mot":"U","mo":2947.0},{"ui":"3915187","t":5337.0,"r":4316.0,"q":1.01,"p":296.3,"mot":"U","mo":4316.0},{"cn":"","ui":"","t":3820.0,"r":766.0,"q":1.4,"p":425.0,"mot":"L","mo":766.0}]},{"d":"26.11.2016","r":12692.0,"q":1.25,"p":472.78,"s":[{"ui":"3919787","t":890.0,"r":885.0,"q":1.0,"p":500.0,"mot":"U","mo":885.0},{"ui":"3917684","t":1000.0,"r":900.0,"q":1.0,"p":300.0,"mot":"L","mo":800.0},{"ui":"3916353","t":3097.0,"r":3097.0,"q":1.0,"p":450.0,"mot":"U","mo":3097.0},{"ui":"3915187","t":5326.0,"r":5305.0,"q":1.01,"p":296.3,"mot":"U","mo":5305.0},{"ui":"3814461","t":2100.0,"r":2100.0,"q":2.48,"p":1000.0,"mot":"U","mo":2100.0},{"cn":"","ui":"","t":505.0,"r":505.0,"q":1.0,"p":500.0,"mot":"L","mo":505.0}]},{"d":"27.11.2016","r":16127.0,"q":1.39,"p":531.58,"s":[{"ui":"3919787","t":1035.0,"r":1030.0,"q":1.0,"p":500.0,"mot":"U","mo":1030.0},{"ui":"3916353","t":3247.0,"r":3247.0,"q":1.0,"p":450.0,"mot":"U","mo":3247.0},{"ui":"3915187","t":6298.0,"r":6227.0,"q":1.01,"p":296.3,"mot":"U","mo":6227.0},{"ui":"3814461","t":4200.0,"r":4200.0,"q":2.48,"p":1000.0,"mot":"U","mo":4200.0},{"cn":"","ui":"","t":1523.0,"r":1423.0,"q":1.0,"p":387.56,"mot":"L","mo":1423.0}]},{"d":"28.11.2016","r":20524.0,"q":1.46,"p":545.47,"s":[{"ui":"3919787","t":1180.0,"r":1175.0,"q":1.0,"p":500.0,"mot":"U","mo":1175.0},{"ui":"3916353","t":3397.0,"r":3397.0,"q":1.0,"p":380.0,"mot":"U","mo":3397.0},{"ui":"3915187","t":7195.0,"r":7114.0,"q":1.01,"p":296.3,"mot":"U","mo":7114.0},{"ui":"3814461","t":6300.0,"r":6300.0,"q":2.48,"p":1000.0,"mot":"U","mo":6300.0},{"cn":"","ui":"","t":2638.0,"r":2538.0,"q":1.0,"p":358.16,"mot":"L","mo":2538.0}]},{"d":"29.11.2016","r":24545.0,"q":1.55,"p":552.51,"s":[{"ui":"3919787","t":1325.0,"r":1320.0,"q":1.0,"p":500.0,"mot":"U","mo":1320.0},{"ui":"3916353","t":3547.0,"r":3547.0,"q":1.0,"p":377.0,"mot":"U","mo":3547.0},{"ui":"3915187","t":8057.0,"r":8026.0,"q":1.01,"p":296.3,"mot":"U","mo":8026.0},{"ui":"3814461","t":8400.0,"r":8400.0,"q":2.48,"p":950.0,"mot":"U","mo":8400.0},{"cn":"","ui":"","t":3350.0,"r":3252.0,"q":1.28,"p":370.85,"mot":"L","mo":3252.0}]},{"d":"30.11.2016","r":16591.0,"q":1.18,"p":327.99,"s":[{"ui":"3922707","t":964.0,"r":964.0,"q":1.0,"p":500.0,"mot":"U","mo":964.0},{"ui":"3917720","t":1150.0,"r":1139.0,"q":1.0,"p":200.0,"mot":"L","mo":1000.0},{"ui":"3914473","t":1200.0,"r":1200.0,"q":3.32,"p":400.0,"mot":"U","mo":1200.0},{"ui":"3916353","t":3697.0,"r":3697.0,"q":1.0,"p":377.0,"mot":"U","mo":3697.0},{"ui":"3915187","t":8961.0,"r":8930.0,"q":1.01,"p":296.3,"mot":"U","mo":8930.0},{"cn":"","ui":"","t":1046.0,"r":800.0,"q":1.2,"p":300.0,"mot":"L","mo":800.0}]},{"d":"01.12.2016","r":19743.0,"q":1.48,"p":335.16,"s":[{"ui":"3922707","t":1071.0,"r":1071.0,"q":1.0,"p":500.0,"mot":"U","mo":1071.0},{"ui":"3917720","t":1289.0,"r":1269.0,"q":1.0,"p":200.0,"mot":"L","mo":1000.0},{"ui":"3916353","t":3847.0,"r":3847.0,"q":1.0,"p":377.0,"mot":"U","mo":3847.0},{"ui":"3914473","t":3200.0,"r":3200.0,"q":3.81,"p":400.0,"mot":"U","mo":3200.0},{"ui":"3915187","t":9855.0,"r":9825.0,"q":1.01,"p":296.3,"mot":"U","mo":9825.0},{"cn":"","ui":"","t":1254.0,"r":800.0,"q":1.41,"p":300.0,"mot":"L","mo":800.0}]},{"d":"02.12.2016","r":22873.0,"q":1.69,"p":340.38,"s":[{"ui":"3922707","t":1177.0,"r":1177.0,"q":1.0,"p":500.0,"mot":"U","mo":1177.0},{"ui":"3915187","t":10729.0,"r":10699.0,"q":1.01,"p":296.3,"mot":"U","mo":10699.0},{"ui":"3916353","t":3997.0,"r":3997.0,"q":1.0,"p":377.0,"mot":"U","mo":3997.0},{"ui":"3914473","t":5200.0,"r":5200.0,"q":3.93,"p":400.0,"mot":"U","mo":5200.0},{"cn":"","ui":"","t":2731.0,"r":1800.0,"q":1.25,"p":244.44,"mot":"L","mo":1800.0}]},{"d":"03.12.2016","r":26001.0,"q":1.85,"p":344.33,"s":[{"ui":"3914473","t":7200.0,"r":7200.0,"q":3.98,"p":400.0,"mot":"U","mo":7200.0},{"ui":"3916353","t":4147.0,"r":4147.0,"q":1.0,"p":377.0,"mot":"U","mo":4147.0},{"ui":"3915187","t":11603.0,"r":11573.0,"q":1.01,"p":296.3,"mot":"U","mo":11573.0},{"cn":"","ui":"","t":4180.0,"r":3081.0,"q":1.18,"p":350.7,"mot":"L","mo":3081.0}]},{"d":"04.12.2016","r":29117.0,"q":1.98,"p":347.41,"s":[{"ui":"3914473","t":9200.0,"r":9190.0,"q":4.01,"p":400.0,"mot":"U","mo":9190.0},{"ui":"3916353","t":4297.0,"r":4297.0,"q":1.0,"p":377.0,"mot":"U","mo":4297.0},{"ui":"3915187","t":12477.0,"r":12447.0,"q":1.01,"p":296.3,"mot":"U","mo":12447.0},{"cn":"","ui":"","t":4440.0,"r":3183.0,"q":1.19,"p":355.48,"mot":"L","mo":3183.0}]},{"d":"05.12.2016","r":32218.0,"q":2.08,"p":349.92,"s":[{"ui":"3915187","t":13351.0,"r":13321.0,"q":1.01,"p":296.3,"mot":"U","mo":13321.0},{"ui":"3914473","t":11190.0,"r":11180.0,"q":4.03,"p":400.0,"mot":"U","mo":11180.0},{"ui":"3916353","t":4447.0,"r":4447.0,"q":1.0,"p":377.0,"mot":"U","mo":4447.0},{"cn":"","ui":"","t":4651.0,"r":3270.0,"q":1.2,"p":360.34,"mot":"L","mo":3270.0}]},{"d":"08.12.2016","r":42039.0,"q":2.31,"p":361.41,"s":[{"ui":"3915187","t":15856.0,"r":15826.0,"q":1.01,"p":296.3,"mot":"U","mo":15826.0},{"ui":"3914473","t":17160.0,"r":17150.0,"q":4.15,"p":400.0,"mot":"U","mo":17150.0},{"ui":"3916353","t":4897.0,"r":4897.0,"q":1.0,"p":377.0,"mot":"U","mo":4897.0},{"cn":"","ui":"","t":6449.0,"r":4166.0,"q":1.19,"p":431.59,"mot":"L","mo":4166.0}]},{"d":"09.12.2016","r":45399.0,"q":2.41,"p":362.71,"s":[{"ui":"3916353","t":5047.0,"r":5047.0,"q":1.0,"p":377.0,"mot":"U","mo":5047.0},{"ui":"3915187","t":16628.0,"r":16598.0,"q":1.01,"p":296.3,"mot":"U","mo":16598.0},{"ui":"3914473","t":19475.0,"r":19348.0,"q":4.25,"p":400.0,"mot":"U","mo":19348.0},{"cn":"","ui":"","t":7037.0,"r":4406.0,"q":1.18,"p":432.76,"mot":"L","mo":4406.0}]},{"d":"10.12.2016","r":48742.0,"q":2.49,"p":363.84,"s":[{"ui":"3916353","t":5197.0,"r":5197.0,"q":1.0,"p":377.0,"mot":"U","mo":5197.0},{"ui":"3915187","t":17416.0,"r":17355.0,"q":1.01,"p":296.3,"mot":"U","mo":17355.0},{"ui":"3914473","t":21673.0,"r":21546.0,"q":4.32,"p":400.0,"mot":"U","mo":21546.0},{"cn":"","ui":"","t":7623.0,"r":4644.0,"q":1.18,"p":433.79,"mot":"L","mo":4644.0}]},{"d":"11.12.2016","r":52188.0,"q":2.57,"p":364.73,"s":[{"ui":"3915187","t":18173.0,"r":18102.0,"q":1.01,"p":296.3,"mot":"U","mo":18102.0},{"ui":"3916353","t":5347.0,"r":5347.0,"q":1.0,"p":377.0,"mot":"U","mo":5347.0},{"ui":"3914473","t":23871.0,"r":23858.0,"q":4.38,"p":400.0,"mot":"U","mo":23858.0},{"cn":"","ui":"","t":8218.0,"r":4881.0,"q":1.18,"p":432.65,"mot":"L","mo":4881.0}]},{"d":"12.12.2016","r":48378.0,"q":2.37,"p":360.49,"s":[{"ui":"3914473","t":26183.0,"r":18894.0,"q":4.44,"p":400.0,"mot":"U","mo":18894.0},{"ui":"3915187","t":18912.0,"r":18870.0,"q":1.01,"p":296.3,"mot":"U","mo":18870.0},{"ui":"3916353","t":5497.0,"r":5497.0,"q":1.0,"p":377.0,"mot":"U","mo":5497.0},{"cn":"","ui":"","t":8812.0,"r":5117.0,"q":1.17,"p":433.55,"mot":"L","mo":5117.0}]},{"d":"13.12.2016","r":993.0,"q":1.97,"p":318.86,"s":[{"ui":"3947771","t":50.0,"r":50.0,"q":2.37,"p":360.0,"mot":"U","mo":50.0},{"ui":"3917720","t":2143.0,"r":143.0,"q":1.0,"p":410.0,"mot":"L","mo":143.0},{"ui":"3917684","t":3610.0,"r":1208.0,"q":2.12,"p":300.0,"mot":"L","mo":800.0},{"cn":"","ui":"","t":0.0,"r":0.0,"q":0.0,"p":0.0,"mot":"L","mo":0.0}]},{"d":"14.12.2016","r":3075.0,"q":3.99,"p":374.74,"s":[{"ui":"3914473","t":2315.0,"r":2305.0,"q":4.95,"p":400.0,"mot":"U","mo":2305.0},{"ui":"3915187","t":763.0,"r":720.0,"q":1.01,"p":296.3,"mot":"U","mo":720.0},{"cn":"","ui":"","t":50.0,"r":50.0,"q":2.37,"p":340.0,"mot":"L","mo":50.0}]},{"d":"15.12.2016","r":2463.0,"q":1.05,"p":310.86,"s":[{"ui":"3811932","t":830.0,"r":830.0,"q":1.05,"p":290.0,"mot":"U","mo":830.0},{"ui":"3915187","t":1476.0,"r":1433.0,"q":1.01,"p":296.3,"mot":"U","mo":1433.0},{"ui":"3919818","t":150.0,"r":150.0,"q":1.02,"p":559.0,"mot":"U","mo":150.0},{"cn":"","ui":"","t":50.0,"r":50.0,"q":2.37,"p":330.0,"mot":"L","mo":50.0}]},{"d":"16.12.2016","r":1175.0,"q":1.45,"p":359.96,"s":[{"ui":"3811932","t":830.0,"r":825.0,"q":1.05,"p":290.0,"mot":"U","mo":825.0},{"ui":"3919818","t":300.0,"r":300.0,"q":2.38,"p":559.0,"mot":"U","mo":300.0},{"cn":"","ui":"","t":50.0,"r":50.0,"q":2.37,"p":320.0,"mot":"L","mo":50.0}]},{"d":"24.12.2016","r":290.0,"q":5.08,"p":558.62,"s":[{"ui":"3976008","t":40.0,"r":40.0,"q":1.0,"p":300.0,"mot":"U","mo":40.0},{"ui":"3914473","t":2431.0,"r":1801.0,"q":5.73,"p":600.0,"mot":"L","mo":250.0},{"cn":"","ui":"","t":0.0,"r":0.0,"q":0.0,"p":0.0,"mot":"L","mo":0.0}]},{"d":"25.12.2016","r":765.0,"q":3.08,"p":504.36,"s":[{"ui":"3940205","t":150.0,"r":150.0,"q":1.0,"p":425.0,"mot":"U","mo":150.0},{"ui":"3922707","t":61.0,"r":61.0,"q":1.0,"p":500.0,"mot":"U","mo":61.0},{"ui":"3914473","t":4232.0,"r":2757.0,"q":5.73,"p":600.0,"mot":"L","mo":250.0},{"ui":"3916353","t":150.0,"r":150.0,"q":1.0,"p":377.0,"mot":"U","mo":150.0},{"ui":"3919818","t":150.0,"r":150.0,"q":3.74,"p":559.0,"mot":"U","mo":150.0},{"cn":"","ui":"","t":1167.0,"r":4.0,"q":1.01,"p":296.3,"mot":"L","mo":4.0}]},{"d":"26.12.2016","r":1421.0,"q":2.12,"p":482.02,"s":[{"ui":"3940205","t":300.0,"r":300.0,"q":1.0,"p":425.0,"mot":"U","mo":300.0},{"ui":"3922707","t":121.0,"r":121.0,"q":1.0,"p":500.0,"mot":"U","mo":121.0},{"ui":"3914473","t":5208.0,"r":3878.0,"q":5.73,"p":600.0,"mot":"L","mo":250.0},{"ui":"3916353","t":300.0,"r":300.0,"q":1.0,"p":377.0,"mot":"U","mo":300.0},{"ui":"3924174","t":300.0,"r":300.0,"q":1.0,"p":500.0,"mot":"U","mo":300.0},{"ui":"3919818","t":300.0,"r":150.0,"q":3.74,"p":559.0,"mot":"U","mo":150.0},{"cn":"","ui":"","t":0.0,"r":0.0,"q":0.0,"p":0.0,"mot":"L","mo":0.0}]},{"d":"27.12.2016","r":1105.0,"q":2.08,"p":477.22,"s":[{"ui":"3940205","t":450.0,"r":300.0,"q":1.0,"p":425.0,"mot":"U","mo":300.0},{"ui":"3914473","t":6059.0,"r":4338.0,"q":5.78,"p":600.0,"mot":"L","mo":250.0},{"ui":"3916353","t":450.0,"r":225.0,"q":1.0,"p":377.0,"mot":"U","mo":225.0},{"ui":"3924174","t":450.0,"r":300.0,"q":1.0,"p":500.0,"mot":"U","mo":300.0},{"cn":"","ui":"","t":180.0,"r":30.0,"q":1.0,"p":500.0,"mot":"L","mo":30.0}]},{"d":"28.12.2016","r":1408.0,"q":1.87,"p":478.93,"s":[{"ui":"3940205","t":450.0,"r":450.0,"q":1.0,"p":425.0,"mot":"U","mo":450.0},{"ui":"3922707","t":88.0,"r":88.0,"q":1.0,"p":500.0,"mot":"U","mo":88.0},{"ui":"3914473","t":6769.0,"r":4168.0,"q":5.88,"p":600.0,"mot":"L","mo":250.0},{"ui":"3916353","t":375.0,"r":170.0,"q":1.0,"p":377.0,"mot":"U","mo":170.0},{"ui":"3924174","t":450.0,"r":450.0,"q":1.0,"p":500.0,"mot":"U","mo":450.0},{"cn":"","ui":"","t":0.0,"r":0.0,"q":0.0,"p":0.0,"mot":"L","mo":0.0}]},{"d":"29.12.2016","r":250.0,"q":6.09,"p":600.0,"s":[{"ui":"3914473","t":6599.0,"r":3829.0,"q":6.09,"p":600.0,"mot":"L","mo":250.0},{"cn":"","ui":"","t":0.0,"r":0.0,"q":0.0,"p":0.0,"mot":"L","mo":0.0}]},{"d":"30.12.2016","r":250.0,"q":6.68,"p":600.0,"s":[{"ui":"3914473","t":6260.0,"r":2885.0,"q":6.68,"p":600.0,"mot":"L","mo":250.0},{"cn":"","ui":"","t":0.0,"r":0.0,"q":0.0,"p":0.0,"mot":"L","mo":0.0}]},{"d":"31.12.2016","r":808.0,"q":2.97,"p":390.27,"s":[{"ui":"3915187","t":1020.0,"r":558.0,"q":1.0,"p":296.3,"mot":"U","mo":558.0},{"ui":"3914473","t":5137.0,"r":1812.0,"q":7.38,"p":600.0,"mot":"L","mo":250.0},{"cn":"","ui":"","t":0.0,"r":0.0,"q":0.0,"p":0.0,"mot":"L","mo":0.0}]},{"d":"01.01.2017","r":310.0,"q":6.91,"p":549.39,"s":[{"ui":"3976008","t":40.0,"r":30.0,"q":5.17,"p":300.0,"mot":"U","mo":30.0},{"ui":"3914473","t":3412.0,"r":337.0,"q":7.83,"p":600.0,"mot":"L","mo":250.0},{"ui":"3916353","t":150.0,"r":30.0,"q":1.0,"p":377.0,"mot":"U","mo":30.0},{"cn":"","ui":"","t":0.0,"r":0.0,"q":0.0,"p":0.0,"mot":"L","mo":0.0}]},{"d":"05.01.2017","r":290.0,"q":1.03,"p":596.57,"s":[{"ui":"3975692","t":150.0,"r":75.0,"q":1.1,"p":620.0,"mot":"U","mo":75.0},{"ui":"3916353","t":150.0,"r":65.0,"q":1.0,"p":377.0,"mot":"U","mo":65.0},{"ui":"3994541","t":150.0,"r":150.0,"q":1.0,"p":680.0,"mot":"U","mo":150.0},{"cn":"","ui":"","t":0.0,"r":0.0,"q":0.0,"p":0.0,"mot":"L","mo":0.0}]},{"d":"06.01.2017","r":450.0,"q":1.0,"p":590.0,"s":[{"ui":"3994541","t":450.0,"r":450.0,"q":1.0,"p":590.0,"mot":"U","mo":450.0},{"cn":"","ui":"","t":0.0,"r":0.0,"q":0.0,"p":0.0,"mot":"L","mo":0.0}]},{"d":"07.01.2017","r":2375.0,"q":1.01,"p":435.61,"s":[{"ui":"3916353","t":2000.0,"r":1720.0,"q":1.0,"p":377.0,"mot":"U","mo":1720.0},{"ui":"3994541","t":645.0,"r":645.0,"q":1.0,"p":590.0,"mot":"U","mo":645.0},{"cn":"","ui":"","t":150.0,"r":10.0,"q":3.82,"p":559.0,"mot":"L","mo":10.0}]},{"d":"08.01.2017","r":4628.0,"q":1.02,"p":380.11,"s":[{"ui":"3916353","t":3795.0,"r":3514.0,"q":1.0,"p":377.0,"mot":"U","mo":3514.0},{"ui":"3994541","t":945.0,"r":945.0,"q":1.0,"p":350.0,"mot":"U","mo":945.0},{"cn":"","ui":"","t":385.0,"r":169.0,"q":1.57,"p":613.14,"mot":"L","mo":169.0}]},{"d":"09.01.2017","r":6663.0,"q":1.09,"p":385.65,"s":[{"ui":"3916353","t":5494.0,"r":5463.0,"q":1.0,"p":377.0,"mot":"U","mo":5463.0},{"ui":"3994541","t":1245.0,"r":835.0,"q":1.0,"p":350.0,"mot":"U","mo":835.0},{"cn":"","ui":"","t":469.0,"r":365.0,"q":2.73,"p":596.6,"mot":"L","mo":365.0}]},{"d":"10.01.2017","r":8623.0,"q":1.14,"p":388.93,"s":[{"ui":"3916353","t":7443.0,"r":7412.0,"q":1.0,"p":377.0,"mot":"U","mo":7412.0},{"ui":"3994541","t":1135.0,"r":650.0,"q":1.0,"p":350.0,"mot":"U","mo":650.0},{"cn":"","ui":"","t":665.0,"r":561.0,"q":3.08,"p":591.62,"mot":"L","mo":561.0}]},{"d":"11.01.2017","r":400.0,"q":1.0,"p":343.29,"s":[{"ui":"3915187","t":1221.0,"r":50.0,"q":1.01,"p":296.3,"mot":"U","mo":50.0},{"ui":"3994541","t":950.0,"r":350.0,"q":1.0,"p":350.0,"mot":"U","mo":350.0},{"cn":"","ui":"","t":0.0,"r":0.0,"q":0.0,"p":0.0,"mot":"L","mo":0.0}]},{"d":"12.01.2017","r":2810.0,"q":1.01,"p":306.05,"s":[{"ui":"3915187","t":4341.0,"r":2300.0,"q":1.01,"p":296.3,"mot":"U","mo":2300.0},{"ui":"3994541","t":650.0,"r":510.0,"q":1.0,"p":350.0,"mot":"U","mo":510.0},{"cn":"","ui":"","t":0.0,"r":0.0,"q":0.0,"p":0.0,"mot":"L","mo":0.0}]},{"d":"13.01.2017","r":655.0,"q":1.0,"p":350.0,"s":[{"ui":"3994541","t":810.0,"r":655.0,"q":1.0,"p":350.0,"mot":"U","mo":655.0},{"cn":"","ui":"","t":0.0,"r":0.0,"q":0.0,"p":0.0,"mot":"L","mo":0.0}]},{"d":"15.01.2017","r":33764.0,"q":1.01,"p":296.3,"s":[{"ui":"3915187","t":35834.0,"r":33764.0,"q":1.01,"p":296.3,"mot":"U","mo":33764.0},{"cn":"","ui":"","t":0.0,"r":0.0,"q":0.0,"p":0.0,"mot":"L","mo":0.0}]},{"d":"16.01.2017","r":66029.0,"q":1.01,"p":296.3,"s":[{"ui":"3915187","t":69079.0,"r":66029.0,"q":1.01,"p":296.3,"mot":"U","mo":66029.0},{"cn":"","ui":"","t":0.0,"r":0.0,"q":0.0,"p":0.0,"mot":"L","mo":0.0}]},{"d":"17.01.2017","r":65879.0,"q":1.01,"p":296.3,"s":[{"ui":"3915187","t":69079.0,"r":65879.0,"q":1.01,"p":296.3,"mot":"U","mo":65879.0},{"cn":"","ui":"","t":0.0,"r":0.0,"q":0.0,"p":0.0,"mot":"L","mo":0.0}]},{"d":"18.01.2017","r":87653.0,"q":1.01,"p":296.3,"s":[{"ui":"3915187","t":101153.0,"r":87653.0,"q":1.01,"p":296.3,"mot":"U","mo":87653.0},{"cn":"","ui":"","t":0.0,"r":0.0,"q":0.0,"p":0.0,"mot":"L","mo":0.0}]},{"d":"19.01.2017","r":96825.0,"q":1.01,"p":296.51,"s":[{"ui":"3915187","t":122720.0,"r":96645.0,"q":1.01,"p":296.3,"mot":"U","mo":96645.0},{"cn":"","ui":"","t":180.0,"r":180.0,"q":1.08,"p":410.0,"mot":"L","mo":180.0}]},{"d":"20.01.2017","r":100570.0,"q":1.01,"p":296.3,"s":[{"ui":"3915187","t":131856.0,"r":100570.0,"q":1.01,"p":296.3,"mot":"U","mo":100570.0},{"cn":"","ui":"","t":0.0,"r":0.0,"q":0.0,"p":0.0,"mot":"L","mo":0.0}]},{"d":"21.01.2017","r":84550.0,"q":1.18,"p":315.34,"s":[{"ui":"3915187","t":107656.0,"r":78325.0,"q":1.01,"p":296.3,"mot":"U","mo":78325.0},{"ui":"3924174","t":5150.0,"r":4950.0,"q":3.87,"p":600.0,"mot":"U","mo":4950.0},{"cn":"","ui":"","t":2000.0,"r":1275.0,"q":1.0,"p":380.0,"mot":"L","mo":1275.0}]},{"d":"22.01.2017","r":62566.0,"q":1.42,"p":341.28,"s":[{"ui":"3915187","t":78415.0,"r":49029.0,"q":1.01,"p":296.3,"mot":"U","mo":49029.0},{"ui":"3924174","t":10100.0,"r":8885.0,"q":3.87,"p":600.0,"mot":"U","mo":8885.0},{"cn":"","ui":"","t":5377.0,"r":4652.0,"q":1.0,"p":321.26,"mot":"L","mo":4652.0}]},{"d":"23.01.2017","r":51135.0,"q":1.82,"p":383.46,"s":[{"ui":"4018991","t":4072.0,"r":3262.0,"q":1.01,"p":250.0,"mot":"U","mo":3262.0},{"ui":"3915187","t":53789.0,"r":29908.0,"q":1.01,"p":296.3,"mot":"U","mo":29908.0},{"ui":"3994541","t":4550.0,"r":3795.0,"q":1.0,"p":380.0,"mot":"U","mo":3795.0},{"ui":"3924174","t":14050.0,"r":13850.0,"q":3.87,"p":600.0,"mot":"U","mo":13850.0},{"cn":"","ui":"","t":1550.0,"r":320.0,"q":6.01,"p":559.0,"mot":"L","mo":320.0}]},{"d":"24.01.2017","r":27543.0,"q":2.62,"p":457.52,"s":[{"ui":"4018991","t":5262.0,"r":2482.0,"q":1.01,"p":250.0,"mot":"U","mo":2482.0},{"ui":"3915187","t":29908.0,"r":6202.0,"q":1.01,"p":296.3,"mot":"U","mo":6202.0},{"ui":"3994541","t":5794.0,"r":3339.0,"q":1.0,"p":249.0,"mot":"U","mo":3339.0},{"ui":"3924174","t":16005.0,"r":15520.0,"q":3.87,"p":600.0,"mot":"U","mo":15520.0},{"cn":"","ui":"","t":0.0,"r":0.0,"q":0.0,"p":0.0,"mot":"L","mo":0.0}]},{"d":"25.01.2017","r":24224.0,"q":2.78,"p":468.68,"s":[{"ui":"4025467","t":11550.0,"r":1550.0,"q":1.0,"p":275.0,"mot":"U","mo":1550.0},{"ui":"4018991","t":6482.0,"r":4027.0,"q":1.01,"p":250.0,"mot":"U","mo":4027.0},{"ui":"3994541","t":4937.0,"r":3612.0,"q":1.0,"p":249.0,"mot":"U","mo":3612.0},{"ui":"3924174","t":15520.0,"r":15035.0,"q":3.87,"p":600.0,"mot":"U","mo":15035.0},{"cn":"","ui":"","t":0.0,"r":0.0,"q":0.0,"p":0.0,"mot":"L","mo":0.0}]},{"d":"26.01.2017","r":22682.0,"q":2.83,"p":473.25,"s":[{"ui":"4018991","t":6227.0,"r":3917.0,"q":1.01,"p":250.0,"mot":"U","mo":3917.0},{"ui":"3994541","t":5590.0,"r":4285.0,"q":1.0,"p":249.0,"mot":"U","mo":4285.0},{"ui":"3924174","t":15035.0,"r":14480.0,"q":3.87,"p":600.0,"mot":"U","mo":14480.0},{"cn":"","ui":"","t":0.0,"r":0.0,"q":0.0,"p":0.0,"mot":"L","mo":0.0}]},{"d":"27.01.2017","r":13985.0,"q":3.87,"p":600.0,"s":[{"ui":"3924174","t":14480.0,"r":13985.0,"q":3.87,"p":600.0,"mot":"U","mo":13985.0},{"cn":"","ui":"","t":0.0,"r":0.0,"q":0.0,"p":0.0,"mot":"L","mo":0.0}]},{"d":"28.01.2017","r":8500.0,"q":1.01,"p":500.0,"s":[{"ui":"4003364","t":8500.0,"r":8500.0,"q":1.01,"p":500.0,"mot":"U","mo":8500.0},{"cn":"","ui":"","t":0.0,"r":0.0,"q":0.0,"p":0.0,"mot":"L","mo":0.0}]},{"d":"29.01.2017","r":1000.0,"q":1.0,"p":1000.0,"s":[{"ui":"3927082","t":1000.0,"r":1000.0,"q":1.0,"p":1000.0,"mot":"U","mo":1000.0},{"cn":"","ui":"","t":0.0,"r":0.0,"q":0.0,"p":0.0,"mot":"L","mo":0.0}]},{"d":"30.01.2017","r":699.0,"q":1.0,"p":1000.0,"s":[{"ui":"3927082","t":1000.0,"r":699.0,"q":1.0,"p":1000.0,"mot":"U","mo":699.0},{"cn":"","ui":"","t":0.0,"r":0.0,"q":0.0,"p":0.0,"mot":"L","mo":0.0}]},{"d":"31.01.2017","r":4636.0,"q":5.95,"p":685.09,"s":[{"ui":"3927082","t":699.0,"r":598.0,"q":1.0,"p":1000.0,"mot":"U","mo":598.0},{"ui":"4041113","t":2431.0,"r":2431.0,"q":6.68,"p":700.0,"mot":"U","mo":2431.0},{"ui":"3919818","t":2552.0,"r":1502.0,"q":7.1,"p":559.0,"mot":"U","mo":1502.0},{"cn":"","ui":"","t":180.0,"r":105.0,"q":1.01,"p":350.0,"mot":"L","mo":105.0}]},{"d":"01.02.2017","r":8024.0,"q":6.66,"p":665.16,"s":[{"ui":"3927082","t":598.0,"r":497.0,"q":1.0,"p":1000.0,"mot":"U","mo":497.0},{"ui":"4041113","t":4862.0,"r":4487.0,"q":6.71,"p":700.0,"mot":"U","mo":4487.0},{"ui":"3919818","t":4090.0,"r":3040.0,"q":7.52,"p":559.0,"mot":"U","mo":3040.0},{"cn":"","ui":"","t":0.0,"r":0.0,"q":0.0,"p":0.0,"mot":"L","mo":0.0}]},{"d":"02.02.2017","r":38761.0,"q":4.07,"p":617.5,"s":[{"ui":"4025467","t":52311.0,"r":19853.0,"q":2.48,"p":600.0,"mot":"U","mo":19853.0},{"ui":"4041113","t":7492.0,"r":7117.0,"q":6.73,"p":700.0,"mot":"U","mo":7117.0},{"ui":"3924174","t":10936.0,"r":5468.0,"q":3.01,"p":600.0,"mot":"U","mo":5468.0},{"ui":"3919818","t":6770.0,"r":5720.0,"q":7.64,"p":559.0,"mot":"U","mo":5720.0},{"cn":"","ui":"","t":748.0,"r":603.0,"q":1.02,"p":933.83,"mot":"L","mo":603.0}]},{"d":"03.02.2017","r":7523.0,"q":5.58,"p":749.49,"s":[{"ui":"3927082","t":1397.0,"r":1297.0,"q":1.0,"p":1000.0,"mot":"U","mo":1297.0},{"ui":"4041113","t":8398.0,"r":6016.0,"q":6.72,"p":700.0,"mot":"U","mo":6016.0},{"cn":"","ui":"","t":255.0,"r":210.0,"q":1.1,"p":620.0,"mot":"L","mo":210.0}]},{"d":"04.02.2017","r":6896.0,"q":4.8,"p":794.24,"s":[{"ui":"3927082","t":2297.0,"r":2197.0,"q":1.0,"p":1000.0,"mot":"U","mo":2197.0},{"ui":"4041113","t":6166.0,"r":4584.0,"q":6.71,"p":700.0,"mot":"U","mo":4584.0},{"cn":"","ui":"","t":260.0,"r":115.0,"q":1.1,"p":620.0,"mot":"L","mo":115.0}]},{"d":"05.02.2017","r":14544.0,"q":2.72,"p":698.22,"s":[{"ui":"4025467","t":52059.0,"r":9550.0,"q":2.48,"p":600.0,"mot":"U","mo":9550.0},{"ui":"3927082","t":3197.0,"r":3097.0,"q":1.0,"p":1000.0,"mot":"U","mo":3097.0},{"ui":"4041113","t":4734.0,"r":1897.0,"q":6.7,"p":700.0,"mot":"U","mo":1897.0},{"cn":"","ui":"","t":0.0,"r":0.0,"q":0.0,"p":0.0,"mot":"L","mo":0.0}]},{"d":"06.02.2017","r":3947.0,"q":1.0,"p":1000.0,"s":[{"ui":"3927082","t":4097.0,"r":3947.0,"q":1.0,"p":1000.0,"mot":"U","mo":3947.0},{"cn":"","ui":"","t":0.0,"r":0.0,"q":0.0,"p":0.0,"mot":"L","mo":0.0}]},{"d":"07.02.2017","r":4697.0,"q":1.0,"p":1000.0,"s":[{"ui":"3927082","t":4947.0,"r":4697.0,"q":1.0,"p":1000.0,"mot":"U","mo":4697.0},{"cn":"","ui":"","t":0.0,"r":0.0,"q":0.0,"p":0.0,"mot":"L","mo":0.0}]},{"d":"08.02.2017","r":5287.0,"q":1.01,"p":997.92,"s":[{"ui":"3927082","t":5697.0,"r":5267.0,"q":1.0,"p":1000.0,"mot":"U","mo":5267.0},{"cn":"","ui":"","t":9808.0,"r":20.0,"q":2.46,"p":450.0,"mot":"L","mo":20.0}]},{"d":"09.02.2017","r":5917.0,"q":1.01,"p":994.29,"s":[{"ui":"3927082","t":6267.0,"r":5837.0,"q":1.0,"p":1000.0,"mot":"U","mo":5837.0},{"cn":"","ui":"","t":9963.0,"r":80.0,"q":1.44,"p":577.5,"mot":"L","mo":80.0}]},{"d":"10.02.2017","r":253554.0,"q":6.19,"p":619.72,"s":[{"ui":"3915340","t":205587.0,"r":204712.0,"q":7.12,"p":555.0,"mot":"U","mo":204712.0},{"ui":"4050086","t":42401.0,"r":42401.0,"q":2.48,"p":874.8,"mot":"U","mo":42401.0},{"cn":"","ui":"","t":16629.0,"r":6441.0,"q":1.0,"p":997.41,"mot":"L","mo":6441.0}]},{"d":"11.02.2017","r":259531.0,"q":6.2,"p":619.33,"s":[{"ui":"3915340","t":210982.0,"r":209687.0,"q":7.13,"p":555.0,"mot":"U","mo":209687.0},{"ui":"4050086","t":42401.0,"r":42391.0,"q":2.48,"p":874.8,"mot":"U","mo":42391.0},{"cn":"","ui":"","t":22459.0,"r":7453.0,"q":1.18,"p":976.08,"mot":"L","mo":7453.0}]},{"d":"12.02.2017","r":265588.0,"q":6.22,"p":618.5,"s":[{"ui":"3915340","t":216582.0,"r":214987.0,"q":7.14,"p":555.0,"mot":"U","mo":214987.0},{"ui":"4050086","t":42391.0,"r":42381.0,"q":2.48,"p":874.8,"mot":"U","mo":42381.0},{"cn":"","ui":"","t":23289.0,"r":8220.0,"q":1.34,"p":957.96,"mot":"L","mo":8220.0}]},{"d":"13.02.2017","r":7553.0,"q":1.0,"p":998.54,"s":[{"ui":"3927082","t":8243.0,"r":7533.0,"q":1.0,"p":1000.0,"mot":"U","mo":7533.0},{"cn":"","ui":"","t":9304.0,"r":20.0,"q":2.46,"p":450.0,"mot":"L","mo":20.0}]},{"d":"14.02.2017","r":7642.0,"q":1.0,"p":998.56,"s":[{"ui":"3927082","t":8532.0,"r":7622.0,"q":1.0,"p":1000.0,"mot":"U","mo":7622.0},{"cn":"","ui":"","t":9164.0,"r":20.0,"q":2.46,"p":450.0,"mot":"L","mo":20.0}]},{"d":"15.02.2017","r":6812.0,"q":1.0,"p":998.39,"s":[{"ui":"3927082","t":7622.0,"r":6792.0,"q":1.0,"p":1000.0,"mot":"U","mo":6792.0},{"cn":"","ui":"","t":9004.0,"r":20.0,"q":2.46,"p":450.0,"mot":"L","mo":20.0}]},{"d":"16.02.2017","r":5982.0,"q":1.0,"p":998.16,"s":[{"ui":"3927082","t":6792.0,"r":5962.0,"q":1.0,"p":1000.0,"mot":"U","mo":5962.0},{"cn":"","ui":"","t":8804.0,"r":20.0,"q":2.46,"p":450.0,"mot":"L","mo":20.0}]},{"d":"17.02.2017","r":4797.0,"q":1.01,"p":997.71,"s":[{"ui":"3927082","t":5962.0,"r":4777.0,"q":1.0,"p":1000.0,"mot":"U","mo":4777.0},{"cn":"","ui":"","t":8630.0,"r":20.0,"q":2.46,"p":450.0,"mot":"L","mo":20.0}]},{"d":"18.02.2017","r":3617.0,"q":1.01,"p":996.96,"s":[{"ui":"3927082","t":4777.0,"r":3597.0,"q":1.0,"p":1000.0,"mot":"U","mo":3597.0},{"cn":"","ui":"","t":8403.0,"r":20.0,"q":2.46,"p":450.0,"mot":"L","mo":20.0}]},{"d":"19.02.2017","r":20.0,"q":2.46,"p":450.0,"s":[{"ui":"3916228","t":8178.0,"r":7913.0,"q":2.46,"p":450.0,"mot":"L","mo":20.0},{"cn":"","ui":"","t":0.0,"r":0.0,"q":0.0,"p":0.0,"mot":"L","mo":0.0}]},{"d":"20.02.2017","r":2357.0,"q":1.02,"p":1292.79,"s":[{"ui":"4079275","t":2337.0,"r":2337.0,"q":1.01,"p":1300.0,"mot":"U","mo":2337.0},{"cn":"","ui":"","t":7913.0,"r":20.0,"q":2.46,"p":450.0,"mot":"L","mo":20.0}]},{"d":"21.02.2017","r":1577.0,"q":1.04,"p":1190.49,"s":[{"ui":"4079275","t":2357.0,"r":1557.0,"q":1.02,"p":1200.0,"mot":"U","mo":1557.0},{"cn":"","ui":"","t":7585.0,"r":20.0,"q":2.46,"p":450.0,"mot":"L","mo":20.0}]},{"d":"22.02.2017","r":472.0,"q":1.1,"p":1168.22,"s":[{"ui":"4079275","t":1577.0,"r":452.0,"q":1.04,"p":1200.0,"mot":"U","mo":452.0},{"cn":"","ui":"","t":7252.0,"r":20.0,"q":2.46,"p":450.0,"mot":"L","mo":20.0}]},{"d":"23.02.2017","r":20.0,"q":2.46,"p":450.0,"s":[{"ui":"3916228","t":6903.0,"r":6484.0,"q":2.46,"p":450.0,"mot":"L","mo":20.0},{"cn":"","ui":"","t":0.0,"r":0.0,"q":0.0,"p":0.0,"mot":"L","mo":0.0}]},{"d":"24.02.2017","r":10530.0,"q":1.26,"p":595.18,"s":[{"ui":"3919166","t":10512.0,"r":10510.0,"q":1.26,"p":595.46,"mot":"U","mo":10510.0},{"cn":"","ui":"","t":6504.0,"r":20.0,"q":2.46,"p":450.0,"mot":"L","mo":20.0}]},{"d":"25.02.2017","r":9182.0,"q":1.3,"p":595.1,"s":[{"ui":"3919166","t":10260.0,"r":9113.0,"q":1.26,"p":595.46,"mot":"U","mo":9113.0},{"cn":"","ui":"","t":8801.0,"r":69.0,"q":6.32,"p":547.25,"mot":"L","mo":69.0}]},{"d":"26.02.2017","r":20.0,"q":2.46,"p":450.0,"s":[{"ui":"3916228","t":5745.0,"r":5289.0,"q":2.46,"p":450.0,"mot":"L","mo":20.0},{"cn":"","ui":"","t":0.0,"r":0.0,"q":0.0,"p":0.0,"mot":"L","mo":0.0}]},{"d":"27.02.2017","r":20.0,"q":2.46,"p":450.0,"s":[{"ui":"3916228","t":5354.0,"r":4745.0,"q":2.46,"p":450.0,"mot":"L","mo":20.0},{"cn":"","ui":"","t":0.0,"r":0.0,"q":0.0,"p":0.0,"mot":"L","mo":0.0}]},{"d":"28.02.2017","r":20.0,"q":2.46,"p":450.0,"s":[{"ui":"3916228","t":4780.0,"r":4163.0,"q":2.46,"p":450.0,"mot":"L","mo":20.0},{"cn":"","ui":"","t":0.0,"r":0.0,"q":0.0,"p":0.0,"mot":"L","mo":0.0}]},{"d":"01.03.2017","r":20.0,"q":2.46,"p":450.0,"s":[{"ui":"3916228","t":4203.0,"r":3538.0,"q":2.46,"p":450.0,"mot":"L","mo":20.0},{"cn":"","ui":"","t":0.0,"r":0.0,"q":0.0,"p":0.0,"mot":"L","mo":0.0}]},{"d":"02.03.2017","r":20.0,"q":2.46,"p":450.0,"s":[{"ui":"3916228","t":3538.0,"r":2881.0,"q":2.46,"p":450.0,"mot":"L","mo":20.0},{"cn":"","ui":"","t":0.0,"r":0.0,"q":0.0,"p":0.0,"mot":"L","mo":0.0}]},{"d":"03.03.2017","r":20.0,"q":2.46,"p":450.0,"s":[{"cn":"Damon Ltd","ui":"3916228","t":2881.0,"r":2216.0,"q":2.46,"p":450.0,"mot":"L","mo":20.0},{"cn":"","ui":"","t":0.0,"r":0.0,"q":0.0,"p":0.0,"mot":"L","mo":0.0}]},{"d":"04.03.2017","r":20.0,"q":2.46,"p":450.0,"s":[{"cn":"Damon Ltd","ui":"3916228","t":2216.0,"r":1471.0,"q":2.46,"p":450.0,"mot":"L","mo":20.0},{"cn":"","ui":"","t":0.0,"r":0.0,"q":0.0,"p":0.0,"mot":"L","mo":0.0}]},{"d":"05.03.2017","r":20.0,"q":2.46,"p":450.0,"s":[{"cn":"Damon Ltd","ui":"3916228","t":1471.0,"r":659.0,"q":2.46,"p":450.0,"mot":"L","mo":20.0},{"cn":"","ui":"","t":0.0,"r":0.0,"q":0.0,"p":0.0,"mot":"L","mo":0.0}]},{"d":"08.03.2017","r":50.0,"q":2.46,"p":500.0,"s":[{"cn":"Damon Ltd","ui":"2963693","t":500.0,"r":485.0,"q":2.46,"p":500.0,"mot":"L","mo":50.0},{"cn":"","ui":"","t":0.0,"r":0.0,"q":0.0,"p":0.0,"mot":"L","mo":0.0}]},{"d":"10.03.2017","r":154.0,"q":2.46,"p":330.49,"s":[{"cn":"Damon Ltd","ui":"2963693","t":475.0,"r":235.0,"q":2.46,"p":500.0,"mot":"L","mo":50.0},{"cn":"Naturiti inc","ui":"3994541","t":2100.0,"r":104.0,"q":2.46,"p":249.0,"mot":"U","mo":104.0},{"cn":"","ui":"","t":0.0,"r":0.0,"q":0.0,"p":0.0,"mot":"L","mo":0.0}]},{"d":"16.03.2017","r":5.0,"q":1.1,"p":330.0,"s":[{"cn":"Grem88 Финанс","ui":"4053472","t":5.0,"r":5.0,"q":1.1,"p":330.0,"mot":"U","mo":5.0},{"cn":"","ui":"","t":0.0,"r":0.0,"q":0.0,"p":0.0,"mot":"L","mo":0.0}]},{"d":"22.03.2017","r":27650.0,"q":9.17,"p":5000.0,"s":[{"cn":"مکینوں","ui":"3915340","t":28030.0,"r":27650.0,"q":9.17,"p":5000.0,"mot":"U","mo":27650.0},{"cn":"","ui":"","t":0.0,"r":0.0,"q":0.0,"p":0.0,"mot":"L","mo":0.0}]},{"d":"23.03.2017","r":54119.0,"q":9.17,"p":5000.0,"s":[{"cn":"مکینوں","ui":"3915340","t":55425.0,"r":54119.0,"q":9.17,"p":5000.0,"mot":"U","mo":54119.0},{"cn":"","ui":"","t":0.0,"r":0.0,"q":0.0,"p":0.0,"mot":"L","mo":0.0}]},{"d":"24.03.2017","r":81814.0,"q":9.21,"p":5000.0,"s":[{"cn":"مکینوں","ui":"3915340","t":82204.0,"r":81814.0,"q":9.21,"p":5000.0,"mot":"U","mo":81814.0},{"cn":"","ui":"","t":0.0,"r":0.0,"q":0.0,"p":0.0,"mot":"L","mo":0.0}]},{"d":"25.03.2017","r":109364.0,"q":9.42,"p":5000.0,"s":[{"cn":"مکینوں","ui":"3915340","t":109959.0,"r":109364.0,"q":9.42,"p":5000.0,"mot":"U","mo":109364.0},{"cn":"","ui":"","t":0.0,"r":0.0,"q":0.0,"p":0.0,"mot":"L","mo":0.0}]},{"d":"26.03.2017","r":138170.0,"q":9.54,"p":5000.0,"s":[{"cn":"مکینوں","ui":"3915340","t":138765.0,"r":138170.0,"q":9.54,"p":5000.0,"mot":"U","mo":138170.0},{"cn":"","ui":"","t":0.0,"r":0.0,"q":0.0,"p":0.0,"mot":"L","mo":0.0}]},{"d":"27.03.2017","r":166892.0,"q":9.63,"p":5000.0,"s":[{"cn":"مکینوں","ui":"3915340","t":167497.0,"r":166892.0,"q":9.63,"p":5000.0,"mot":"U","mo":166892.0},{"cn":"","ui":"","t":0.0,"r":0.0,"q":0.0,"p":0.0,"mot":"L","mo":0.0}]},{"d":"28.03.2017","r":195399.0,"q":9.69,"p":5000.0,"s":[{"cn":"مکینوں","ui":"3915340","t":196104.0,"r":195399.0,"q":9.69,"p":5000.0,"mot":"U","mo":195399.0},{"cn":"","ui":"","t":0.0,"r":0.0,"q":0.0,"p":0.0,"mot":"L","mo":0.0}]},{"d":"29.03.2017","r":223667.0,"q":9.73,"p":5000.0,"s":[{"cn":"مکینوں","ui":"3915340","t":224682.0,"r":223667.0,"q":9.73,"p":5000.0,"mot":"U","mo":223667.0},{"cn":"","ui":"","t":0.0,"r":0.0,"q":0.0,"p":0.0,"mot":"L","mo":0.0}]},{"d":"31.03.2017","r":279970.0,"q":9.78,"p":4994.48,"s":[{"cn":"مکینوں","ui":"3915340","t":280785.0,"r":279645.0,"q":9.79,"p":5000.0,"mot":"U","mo":279645.0},{"cn":"","ui":"","t":2073.0,"r":325.0,"q":2.42,"p":249.0,"mot":"L","mo":325.0}]},{"d":"01.04.2017","r":345121.0,"q":9.42,"p":4891.09,"s":[{"cn":"KOToCompany","ui":"4125272","t":37886.0,"r":37586.0,"q":6.25,"p":4000.0,"mot":"U","mo":37586.0},{"cn":"مکینوں","ui":"3915340","t":308675.0,"r":307535.0,"q":9.81,"p":5000.0,"mot":"U","mo":307535.0},{"cn":"","ui":"","t":0.0,"r":0.0,"q":0.0,"p":0.0,"mot":"L","mo":0.0}]},{"d":"02.04.2017","r":376141.0,"q":9.43,"p":4891.44,"s":[{"cn":"KOToCompany","ui":"4125272","t":39909.0,"r":39584.0,"q":6.26,"p":4000.0,"mot":"U","mo":39584.0},{"cn":"مکینوں","ui":"3915340","t":336477.0,"r":335307.0,"q":9.82,"p":5000.0,"mot":"U","mo":335307.0},{"cn":"","ui":"","t":1250.0,"r":1250.0,"q":5.85,"p":4000.0,"mot":"L","mo":1250.0}]},{"d":"03.04.2017","r":404554.0,"q":9.46,"p":4897.22,"s":[{"cn":"KOToCompany","ui":"4125272","t":41904.0,"r":41579.0,"q":6.26,"p":4000.0,"mot":"U","mo":41579.0},{"cn":"مکینوں","ui":"3915340","t":364160.0,"r":362975.0,"q":9.83,"p":5000.0,"mot":"U","mo":362975.0},{"cn":"","ui":"","t":0.0,"r":0.0,"q":0.0,"p":0.0,"mot":"L","mo":0.0}]},{"d":"04.04.2017","r":435327.0,"q":9.47,"p":4895.6,"s":[{"cn":"KOToCompany","ui":"4125272","t":43896.0,"r":43571.0,"q":6.27,"p":4000.0,"mot":"U","mo":43571.0},{"cn":"مکینوں","ui":"3915340","t":391711.0,"r":390506.0,"q":9.84,"p":5000.0,"mot":"U","mo":390506.0},{"cn":"","ui":"","t":1250.0,"r":1250.0,"q":5.85,"p":3500.0,"mot":"L","mo":1250.0}]},{"d":"05.04.2017","r":465550.0,"q":9.49,"p":4898.46,"s":[{"cn":"KOToCompany","ui":"4125272","t":45885.0,"r":45560.0,"q":6.27,"p":4000.0,"mot":"U","mo":45560.0},{"cn":"مکینوں","ui":"3915340","t":420055.0,"r":418850.0,"q":9.85,"p":5000.0,"mot":"U","mo":418850.0},{"cn":"","ui":"","t":1150.0,"r":1140.0,"q":5.85,"p":3500.0,"mot":"L","mo":1140.0}]},{"d":"06.04.2017","r":495259.0,"q":9.52,"p":4902.35,"s":[{"cn":"KOToCompany","ui":"4125272","t":47885.0,"r":47560.0,"q":6.27,"p":4000.0,"mot":"U","mo":47560.0},{"cn":"مکینوں","ui":"3915340","t":448369.0,"r":447164.0,"q":9.87,"p":5000.0,"mot":"U","mo":447164.0},{"cn":"","ui":"","t":840.0,"r":535.0,"q":5.85,"p":3500.0,"mot":"L","mo":535.0}]},{"d":"07.04.2017","r":525197.0,"q":9.54,"p":4905.13,"s":[{"cn":"KOToCompany","ui":"4125272","t":49853.0,"r":49528.0,"q":6.27,"p":4000.0,"mot":"U","mo":49528.0},{"cn":"مکینوں","ui":"3915340","t":476674.0,"r":475469.0,"q":9.88,"p":5000.0,"mot":"U","mo":475469.0},{"cn":"","ui":"","t":535.0,"r":200.0,"q":5.85,"p":3500.0,"mot":"L","mo":200.0}]},{"d":"08.04.2017","r":553717.0,"q":9.54,"p":4906.99,"s":[{"cn":"KOToCompany","ui":"4125272","t":51813.0,"r":51503.0,"q":6.27,"p":4000.0,"mot":"U","mo":51503.0},{"cn":"مکینوں","ui":"3915340","t":504919.0,"r":502214.0,"q":9.88,"p":5000.0,"mot":"U","mo":502214.0},{"cn":"","ui":"","t":0.0,"r":0.0,"q":0.0,"p":0.0,"mot":"L","mo":0.0}]},{"d":"09.04.2017","r":583435.0,"q":9.56,"p":4861.8,"s":[{"cn":"KOToCompany","ui":"4125272","t":53765.0,"r":53755.0,"q":6.27,"p":3500.0,"mot":"U","mo":53755.0},{"cn":"مکینوں","ui":"3915340","t":531635.0,"r":529680.0,"q":9.89,"p":5000.0,"mot":"U","mo":529680.0},{"cn":"","ui":"","t":0.0,"r":0.0,"q":0.0,"p":0.0,"mot":"L","mo":0.0}]},{"d":"10.04.2017","r":614395.0,"q":9.57,"p":4860.97,"s":[{"cn":"KOToCompany","ui":"4125272","t":56008.0,"r":55998.0,"q":6.27,"p":3500.0,"mot":"U","mo":55998.0},{"cn":"مکینوں","ui":"3915340","t":559292.0,"r":558087.0,"q":9.9,"p":5000.0,"mot":"U","mo":558087.0},{"cn":"","ui":"","t":5519.0,"r":310.0,"q":5.62,"p":408.16,"mot":"L","mo":310.0}]},{"d":"11.04.2017","r":645167.0,"q":9.57,"p":4861.4,"s":[{"cn":"KOToCompany","ui":"4125272","t":58244.0,"r":58234.0,"q":6.26,"p":3500.0,"mot":"U","mo":58234.0},{"cn":"مکینوں","ui":"3915340","t":587669.0,"r":586464.0,"q":9.9,"p":5000.0,"mot":"U","mo":586464.0},{"cn":"","ui":"","t":3600.0,"r":469.0,"q":9.4,"p":586.95,"mot":"L","mo":469.0}]},{"d":"12.04.2017","r":614562.0,"q":9.91,"p":5000.0,"s":[{"cn":"مکینوں","ui":"3915340","t":615767.0,"r":614562.0,"q":9.91,"p":5000.0,"mot":"U","mo":614562.0},{"cn":"","ui":"","t":0.0,"r":0.0,"q":0.0,"p":0.0,"mot":"L","mo":0.0}]},{"d":"13.04.2017","r":642571.0,"q":9.91,"p":5000.0,"s":[{"cn":"مکینوں","ui":"3915340","t":643791.0,"r":642571.0,"q":9.91,"p":5000.0,"mot":"U","mo":642571.0},{"cn":"","ui":"","t":0.0,"r":0.0,"q":0.0,"p":0.0,"mot":"L","mo":0.0}]},{"d":"14.04.2017","r":662480.0,"q":9.92,"p":5000.0,"s":[{"cn":"مکینوں","ui":"3915340","t":663785.0,"r":662480.0,"q":9.92,"p":5000.0,"mot":"U","mo":662480.0},{"cn":"","ui":"","t":0.0,"r":0.0,"q":0.0,"p":0.0,"mot":"L","mo":0.0}]},{"d":"15.04.2017","r":690285.0,"q":9.92,"p":5000.0,"s":[{"cn":"مکینوں","ui":"3915340","t":691590.0,"r":690285.0,"q":9.92,"p":5000.0,"mot":"U","mo":690285.0},{"cn":"","ui":"","t":0.0,"r":0.0,"q":0.0,"p":0.0,"mot":"L","mo":0.0}]},{"d":"16.04.2017","r":718591.0,"q":9.93,"p":4999.58,"s":[{"cn":"مکینوں","ui":"3915340","t":719556.0,"r":718521.0,"q":9.93,"p":5000.0,"mot":"U","mo":718521.0},{"cn":"","ui":"","t":70.0,"r":70.0,"q":1.01,"p":700.0,"mot":"L","mo":70.0}]},{"d":"17.04.2017","r":803099.0,"q":10.03,"p":5140.74,"s":[{"cn":"LWW Group","ui":"4097962","t":56514.0,"r":56514.0,"q":11.34,"p":7000.0,"mot":"U","mo":56514.0},{"cn":"مکینوں","ui":"3915340","t":748070.0,"r":746585.0,"q":9.93,"p":5000.0,"mot":"U","mo":746585.0},{"cn":"","ui":"","t":0.0,"r":0.0,"q":0.0,"p":0.0,"mot":"L","mo":0.0}]},{"d":"18.04.2017","r":833769.0,"q":10.04,"p":5141.99,"s":[{"cn":"LWW Group","ui":"4097962","t":59194.0,"r":59194.0,"q":11.41,"p":7000.0,"mot":"U","mo":59194.0},{"cn":"مکینوں","ui":"3915340","t":776110.0,"r":774575.0,"q":9.93,"p":5000.0,"mot":"U","mo":774575.0},{"cn":"","ui":"","t":0.0,"r":0.0,"q":0.0,"p":0.0,"mot":"L","mo":0.0}]},{"d":"19.04.2017","r":864339.0,"q":10.05,"p":5143.17,"s":[{"cn":"LWW Group","ui":"4097962","t":61874.0,"r":61874.0,"q":11.46,"p":7000.0,"mot":"U","mo":61874.0},{"cn":"مکینوں","ui":"3915340","t":804050.0,"r":802465.0,"q":9.94,"p":5000.0,"mot":"U","mo":802465.0},{"cn":"","ui":"","t":0.0,"r":0.0,"q":0.0,"p":0.0,"mot":"L","mo":0.0}]},{"d":"21.04.2017","r":907913.0,"q":10.06,"p":5148.11,"s":[{"cn":"LWW Group","ui":"4097962","t":67234.0,"r":67234.0,"q":11.56,"p":7000.0,"mot":"U","mo":67234.0},{"cn":"مکینوں","ui":"3915340","t":841939.0,"r":840679.0,"q":9.94,"p":5000.0,"mot":"U","mo":840679.0},{"cn":"","ui":"","t":0.0,"r":0.0,"q":0.0,"p":0.0,"mot":"L","mo":0.0}]},{"d":"22.04.2017","r":909448.0,"q":10.07,"p":5153.75,"s":[{"cn":"LWW Group","ui":"4097962","t":69914.0,"r":69914.0,"q":11.61,"p":7000.0,"mot":"U","mo":69914.0},{"cn":"مکینوں","ui":"3915340","t":840694.0,"r":839534.0,"q":9.94,"p":5000.0,"mot":"U","mo":839534.0},{"cn":"","ui":"","t":0.0,"r":0.0,"q":0.0,"p":0.0,"mot":"L","mo":0.0}]},{"d":"23.04.2017","r":910933.0,"q":10.08,"p":5159.38,"s":[{"cn":"LWW Group","ui":"4097962","t":72594.0,"r":72594.0,"q":11.65,"p":7000.0,"mot":"U","mo":72594.0},{"cn":"مکینوں","ui":"3915340","t":839549.0,"r":838339.0,"q":9.94,"p":5000.0,"mot":"U","mo":838339.0},{"cn":"","ui":"","t":0.0,"r":0.0,"q":0.0,"p":0.0,"mot":"L","mo":0.0}]},{"d":"24.04.2017","r":902418.0,"q":10.09,"p":5166.83,"s":[{"cn":"LWW Group","ui":"4097962","t":75274.0,"r":75274.0,"q":11.69,"p":7000.0,"mot":"U","mo":75274.0},{"cn":"مکینوں","ui":"3915340","t":828354.0,"r":827144.0,"q":9.94,"p":5000.0,"mot":"U","mo":827144.0},{"cn":"","ui":"","t":0.0,"r":0.0,"q":0.0,"p":0.0,"mot":"L","mo":0.0}]},{"d":"26.04.2017","r":823244.0,"q":9.94,"p":5000.0,"s":[{"cn":"مکینوں","ui":"3915340","t":824569.0,"r":823244.0,"q":9.94,"p":5000.0,"mot":"U","mo":823244.0},{"cn":"","ui":"","t":0.0,"r":0.0,"q":0.0,"p":0.0,"mot":"L","mo":0.0}]},{"d":"27.04.2017","r":818344.0,"q":9.94,"p":5000.0,"s":[{"cn":"مکینوں","ui":"3915340","t":824569.0,"r":818344.0,"q":9.94,"p":5000.0,"mot":"U","mo":818344.0},{"cn":"","ui":"","t":0.0,"r":0.0,"q":0.0,"p":0.0,"mot":"L","mo":0.0}]},{"d":"28.04.2017","r":812149.0,"q":9.94,"p":5000.0,"s":[{"cn":"مکینوں","ui":"3915340","t":818359.0,"r":812149.0,"q":9.94,"p":5000.0,"mot":"U","mo":812149.0},{"cn":"","ui":"","t":0.0,"r":0.0,"q":0.0,"p":0.0,"mot":"L","mo":0.0}]},{"d":"29.04.2017","r":805939.0,"q":9.94,"p":5000.0,"s":[{"cn":"مکینوں","ui":"3915340","t":812149.0,"r":805939.0,"q":9.94,"p":5000.0,"mot":"U","mo":805939.0},{"cn":"","ui":"","t":0.0,"r":0.0,"q":0.0,"p":0.0,"mot":"L","mo":0.0}]},{"d":"01.05.2017","r":792919.0,"q":9.94,"p":5000.0,"s":[{"cn":"مکینوں","ui":"3915340","t":799429.0,"r":792919.0,"q":9.94,"p":5000.0,"mot":"U","mo":792919.0},{"cn":"","ui":"","t":0.0,"r":0.0,"q":0.0,"p":0.0,"mot":"L","mo":0.0}]},{"d":"02.05.2017","r":783909.0,"q":9.94,"p":5000.0,"s":[{"cn":"مکینوں","ui":"3915340","t":790419.0,"r":783909.0,"q":9.94,"p":5000.0,"mot":"U","mo":783909.0},{"cn":"","ui":"","t":0.0,"r":0.0,"q":0.0,"p":0.0,"mot":"L","mo":0.0}]},{"d":"03.05.2017","r":777174.0,"q":9.94,"p":5000.0,"s":[{"cn":"مکینوں","ui":"3915340","t":783909.0,"r":777174.0,"q":9.94,"p":5000.0,"mot":"U","mo":777174.0},{"cn":"","ui":"","t":0.0,"r":0.0,"q":0.0,"p":0.0,"mot":"L","mo":0.0}]},{"d":"04.05.2017","r":770633.0,"q":9.94,"p":5000.0,"s":[{"cn":"مکینوں","ui":"3915340","t":777174.0,"r":770633.0,"q":9.94,"p":5000.0,"mot":"U","mo":770633.0},{"cn":"","ui":"","t":0.0,"r":0.0,"q":0.0,"p":0.0,"mot":"L","mo":0.0}]},{"d":"06.05.2017","r":764547.0,"q":9.94,"p":5000.0,"s":[{"cn":"مکینوں","ui":"3915340","t":770908.0,"r":764547.0,"q":9.94,"p":5000.0,"mot":"U","mo":764547.0},{"cn":"","ui":"","t":0.0,"r":0.0,"q":0.0,"p":0.0,"mot":"L","mo":0.0}]},{"d":"08.05.2017","r":751771.0,"q":9.94,"p":4999.43,"s":[{"cn":"مکینوں","ui":"3915340","t":757906.0,"r":751671.0,"q":9.94,"p":5000.0,"mot":"U","mo":751671.0},{"cn":"","ui":"","t":400.0,"r":100.0,"q":1.0,"p":700.0,"mot":"L","mo":100.0}]},{"d":"09.05.2017","r":744441.0,"q":9.93,"p":4997.11,"s":[{"cn":"مکینوں","ui":"3915340","t":751671.0,"r":743941.0,"q":9.94,"p":5000.0,"mot":"U","mo":743941.0},{"cn":"","ui":"","t":2400.0,"r":500.0,"q":1.0,"p":700.0,"mot":"L","mo":500.0}]},{"d":"10.05.2017","r":738421.0,"q":9.93,"p":4997.09,"s":[{"cn":"مکینوں","ui":"3915340","t":743941.0,"r":737921.0,"q":9.94,"p":5000.0,"mot":"U","mo":737921.0},{"cn":"","ui":"","t":2184.0,"r":500.0,"q":1.0,"p":700.0,"mot":"L","mo":500.0}]},{"d":"11.05.2017","r":732368.0,"q":9.93,"p":4997.11,"s":[{"cn":"مکینوں","ui":"3915340","t":737936.0,"r":731876.0,"q":9.94,"p":5000.0,"mot":"U","mo":731876.0},{"cn":"","ui":"","t":2263.0,"r":492.0,"q":1.0,"p":700.0,"mot":"L","mo":492.0}]},{"d":"12.05.2017","r":726316.0,"q":9.93,"p":4997.04,"s":[{"cn":"مکینوں","ui":"3915340","t":731876.0,"r":725816.0,"q":9.94,"p":5000.0,"mot":"U","mo":725816.0},{"cn":"","ui":"","t":2492.0,"r":500.0,"q":1.0,"p":700.0,"mot":"L","mo":500.0}]}]