[{"d":"28.12.2016","r":1.0,"q":15.48,"p":5.999E7,"s":[{"ui":"5288988","t":1.0,"r":1.0,"q":15.48,"p":5.999E7,"mot":"U","mo":1.0},{"cn":"","ui":"","t":0.0,"r":0.0,"q":0.0,"p":0.0,"mot":"L","mo":0.0}]},{"d":"01.01.2017","r":3.0,"q":18.55,"p":6.5467E7,"s":[{"ui":"5288988","t":8.0,"r":3.0,"q":18.55,"p":6.5467E7,"mot":"U","mo":3.0},{"cn":"","ui":"","t":0.0,"r":0.0,"q":0.0,"p":0.0,"mot":"L","mo":0.0}]},{"d":"02.01.2017","r":5.0,"q":18.56,"p":6.5467E7,"s":[{"ui":"5288988","t":10.0,"r":5.0,"q":18.56,"p":6.5467E7,"mot":"U","mo":5.0},{"cn":"","ui":"","t":0.0,"r":0.0,"q":0.0,"p":0.0,"mot":"L","mo":0.0}]},{"d":"05.01.2017","r":15.0,"q":37.05,"p":2.87156E7,"s":[{"ui":"5288988","t":18.0,"r":17.0,"q":18.1,"p":6.2867E7,"mot":"L","mo":2.0},{"ui":"6235732","t":1.0,"r":1.0,"q":27.92,"p":6.5E7,"mot":"U","mo":1.0},{"ui":"5813525","t":12.0,"r":12.0,"q":40.97,"p":2.0E7,"mot":"U","mo":12.0},{"cn":"","ui":"","t":0.0,"r":0.0,"q":0.0,"p":0.0,"mot":"L","mo":0.0}]},{"d":"07.01.2017","r":3.0,"q":20.85,"p":6.3578E7,"s":[{"ui":"5288988","t":10.0,"r":9.0,"q":17.21,"p":6.2867E7,"mot":"L","mo":2.0},{"ui":"6235732","t":1.0,"r":1.0,"q":28.14,"p":6.5E7,"mot":"U","mo":1.0},{"cn":"","ui":"","t":0.0,"r":0.0,"q":0.0,"p":0.0,"mot":"L","mo":0.0}]},{"d":"08.01.2017","r":14.0,"q":35.59,"p":3.584736451E7,"s":[{"ui":"5288988","t":10.0,"r":9.0,"q":16.96,"p":6.2867E7,"mot":"L","mo":2.0},{"ui":"5813525","t":14.0,"r":10.0,"q":40.98,"p":2.5E7,"mot":"U","mo":10.0},{"ui":"6599563","t":5.0,"r":5.0,"q":27.24,"p":6.306455155E7,"mot":"L","mo":2.0},{"cn":"","ui":"","t":0.0,"r":0.0,"q":0.0,"p":0.0,"mot":"L","mo":0.0}]},{"d":"09.01.2017","r":4.0,"q":22.47,"p":6.296577578E7,"s":[{"ui":"5288988","t":16.0,"r":15.0,"q":17.72,"p":6.2867E7,"mot":"L","mo":2.0},{"ui":"6599563","t":5.0,"r":5.0,"q":27.22,"p":6.306455155E7,"mot":"L","mo":2.0},{"cn":"","ui":"","t":0.0,"r":0.0,"q":0.0,"p":0.0,"mot":"L","mo":0.0}]},{"d":"10.01.2017","r":24.0,"q":34.95,"p":3.63701293E7,"s":[{"ui":"5288988","t":31.0,"r":28.0,"q":17.75,"p":6.2867E7,"mot":"L","mo":2.0},{"ui":"6235732","t":3.0,"r":3.0,"q":24.01,"p":6.6E7,"mot":"U","mo":3.0},{"ui":"5813525","t":19.0,"r":16.0,"q":40.98,"p":2.5E7,"mot":"U","mo":16.0},{"ui":"6599563","t":5.0,"r":5.0,"q":27.21,"p":6.306455155E7,"mot":"L","mo":2.0},{"cn":"","ui":"","t":1.0,"r":1.0,"q":21.18,"p":2.302E7,"mot":"L","mo":1.0}]},{"d":"11.01.2017","r":20.0,"q":37.24,"p":3.285315516E7,"s":[{"ui":"5288988","t":31.0,"r":28.0,"q":17.37,"p":6.5467E7,"mot":"L","mo":2.0},{"ui":"5813525","t":16.0,"r":16.0,"q":40.98,"p":2.5E7,"mot":"U","mo":16.0},{"ui":"6599563","t":5.0,"r":5.0,"q":27.19,"p":6.306455155E7,"mot":"L","mo":2.0},{"cn":"","ui":"","t":0.0,"r":0.0,"q":0.0,"p":0.0,"mot":"L","mo":0.0}]},{"d":"12.01.2017","r":2.0,"q":17.03,"p":6.5467E7,"s":[{"ui":"5288988","t":22.0,"r":18.0,"q":17.03,"p":6.5467E7,"mot":"L","mo":2.0},{"cn":"","ui":"","t":0.0,"r":0.0,"q":0.0,"p":0.0,"mot":"L","mo":0.0}]},{"d":"13.01.2017","r":27.0,"q":35.06,"p":3.592826308E7,"s":[{"ui":"5288988","t":38.0,"r":36.0,"q":16.8,"p":6.5467E7,"mot":"L","mo":2.0},{"ui":"6235732","t":3.0,"r":3.0,"q":23.02,"p":6.6E7,"mot":"U","mo":3.0},{"ui":"5813525","t":19.0,"r":19.0,"q":40.98,"p":2.5E7,"mot":"U","mo":19.0},{"ui":"6599563","t":4.0,"r":4.0,"q":27.14,"p":6.306455155E7,"mot":"L","mo":2.0},{"cn":"","ui":"","t":1.0,"r":1.0,"q":11.13,"p":4.0E7,"mot":"L","mo":1.0}]},{"d":"14.01.2017","r":8.0,"q":21.81,"p":5.713288789E7,"s":[{"ui":"5288988","t":45.0,"r":43.0,"q":16.67,"p":6.5467E7,"mot":"L","mo":2.0},{"ui":"6814283","t":2.0,"r":2.0,"q":2.46,"p":7.5E7,"mot":"U","mo":2.0},{"ui":"5813525","t":20.0,"r":2.0,"q":40.98,"p":2.5E7,"mot":"U","mo":2.0},{"ui":"6599563","t":5.0,"r":3.0,"q":27.14,"p":6.306455155E7,"mot":"L","mo":2.0},{"cn":"","ui":"","t":0.0,"r":0.0,"q":0.0,"p":0.0,"mot":"L","mo":0.0}]},{"d":"15.01.2017","r":16.0,"q":27.07,"p":4.636644394E7,"s":[{"ui":"6793870","t":2.0,"r":2.0,"q":11.12,"p":4.0E7,"mot":"U","mo":2.0},{"ui":"5288988","t":71.0,"r":69.0,"q":16.56,"p":6.5467E7,"mot":"L","mo":2.0},{"ui":"6814283","t":1.0,"r":1.0,"q":2.46,"p":7.0E7,"mot":"U","mo":1.0},{"ui":"6835855","t":2.0,"r":2.0,"q":17.03,"p":7.99E7,"mot":"U","mo":2.0},{"ui":"5813525","t":20.0,"r":7.0,"q":40.98,"p":2.5E7,"mot":"U","mo":7.0},{"ui":"6599563","t":8.0,"r":6.0,"q":27.15,"p":6.306455155E7,"mot":"L","mo":2.0},{"cn":"","ui":"","t":0.0,"r":0.0,"q":0.0,"p":0.0,"mot":"L","mo":0.0}]},{"d":"16.01.2017","r":7.0,"q":15.25,"p":6.243758616E7,"s":[{"ui":"6793870","t":2.0,"r":1.0,"q":11.12,"p":4.0E7,"mot":"U","mo":1.0},{"ui":"5288988","t":99.0,"r":97.0,"q":16.48,"p":6.5467E7,"mot":"L","mo":2.0},{"ui":"6814283","t":2.0,"r":2.0,"q":4.17,"p":7.0E7,"mot":"U","mo":2.0},{"ui":"6599563","t":8.0,"r":4.0,"q":27.15,"p":6.306455155E7,"mot":"L","mo":2.0},{"cn":"","ui":"","t":0.0,"r":0.0,"q":0.0,"p":0.0,"mot":"L","mo":0.0}]},{"d":"17.01.2017","r":7.0,"q":13.31,"p":5.671407879E7,"s":[{"ui":"5288988","t":121.0,"r":117.0,"q":16.47,"p":4.9467E7,"mot":"L","mo":2.0},{"ui":"6814283","t":3.0,"r":3.0,"q":3.88,"p":6.0E7,"mot":"U","mo":3.0},{"ui":"6599563","t":12.0,"r":12.0,"q":27.14,"p":6.306455155E7,"mot":"L","mo":1.0},{"ui":"6808615","t":1.0,"r":1.0,"q":21.46,"p":5.5E7,"mot":"U","mo":1.0},{"cn":"","ui":"","t":0.0,"r":0.0,"q":0.0,"p":0.0,"mot":"L","mo":0.0}]},{"d":"18.01.2017","r":6.0,"q":12.04,"p":5.699975859E7,"s":[{"ui":"5288988","t":112.0,"r":108.0,"q":16.46,"p":4.9467E7,"mot":"L","mo":2.0},{"ui":"6814283","t":3.0,"r":3.0,"q":4.07,"p":6.0E7,"mot":"U","mo":3.0},{"ui":"6599563","t":16.0,"r":16.0,"q":27.13,"p":6.306455155E7,"mot":"L","mo":1.0},{"cn":"","ui":"","t":0.0,"r":0.0,"q":0.0,"p":0.0,"mot":"L","mo":0.0}]},{"d":"19.01.2017","r":5.0,"q":13.66,"p":5.66268E7,"s":[{"ui":"5288988","t":124.0,"r":121.0,"q":16.46,"p":4.9467E7,"mot":"L","mo":2.0},{"ui":"6814283","t":2.0,"r":2.0,"q":4.12,"p":6.0E7,"mot":"U","mo":2.0},{"ui":"6599563","t":21.0,"r":21.0,"q":27.12,"p":6.42E7,"mot":"L","mo":1.0},{"cn":"","ui":"","t":0.0,"r":0.0,"q":0.0,"p":0.0,"mot":"L","mo":0.0}]},{"d":"20.01.2017","r":3.0,"q":20.01,"p":5.444466667E7,"s":[{"ui":"5288988","t":105.0,"r":102.0,"q":16.46,"p":4.9467E7,"mot":"L","mo":2.0},{"ui":"6599563","t":25.0,"r":25.0,"q":27.12,"p":6.44E7,"mot":"L","mo":1.0},{"cn":"","ui":"","t":0.0,"r":0.0,"q":0.0,"p":0.0,"mot":"L","mo":0.0}]},{"d":"21.01.2017","r":17.0,"q":32.17,"p":5.1102E7,"s":[{"ui":"5288988","t":100.0,"r":97.0,"q":16.46,"p":4.9467E7,"mot":"L","mo":2.0},{"ui":"6814283","t":1.0,"r":1.0,"q":4.12,"p":6.0E7,"mot":"U","mo":1.0},{"ui":"5813525","t":11.0,"r":11.0,"q":39.72,"p":5.0E7,"mot":"U","mo":11.0},{"ui":"6795822","t":2.0,"r":2.0,"q":22.93,"p":4.77E7,"mot":"U","mo":2.0},{"ui":"6599563","t":74.0,"r":74.0,"q":27.11,"p":6.44E7,"mot":"L","mo":1.0},{"cn":"","ui":"","t":0.0,"r":0.0,"q":0.0,"p":0.0,"mot":"L","mo":0.0}]},{"d":"22.01.2017","r":3.0,"q":20.01,"p":5.444466667E7,"s":[{"ui":"5288988","t":49.0,"r":46.0,"q":16.46,"p":4.9467E7,"mot":"L","mo":2.0},{"ui":"6599563","t":94.0,"r":94.0,"q":27.1,"p":6.44E7,"mot":"L","mo":1.0},{"cn":"","ui":"","t":0.0,"r":0.0,"q":0.0,"p":0.0,"mot":"L","mo":0.0}]},{"d":"23.01.2017","r":1057.0,"q":39.64,"p":3.923231095E7,"s":[{"ui":"6863953","t":1000.0,"r":1000.0,"q":40.7,"p":3.921E7,"mot":"U","mo":1000.0},{"cn":"","ui":"","t":193.0,"r":57.0,"q":21.11,"p":3.962373114E7,"mot":"L","mo":57.0}]},{"d":"24.01.2017","r":1024.0,"q":40.34,"p":3.945504167E7,"s":[{"ui":"6863953","t":1051.0,"r":1001.0,"q":40.39,"p":3.921E7,"mot":"U","mo":1001.0},{"cn":"","ui":"","t":143.0,"r":23.0,"q":38.25,"p":5.011968152E7,"mot":"L","mo":23.0}]},{"d":"25.01.2017","r":1242.0,"q":39.39,"p":4.078375626E7,"s":[{"ui":"6863953","t":1129.0,"r":1114.0,"q":40.39,"p":3.92559E7,"mot":"U","mo":1114.0},{"ui":"6599563","t":80.0,"r":80.0,"q":27.1,"p":6.49E7,"mot":"U","mo":80.0},{"cn":"","ui":"","t":97.0,"r":48.0,"q":36.63,"p":3.604901406E7,"mot":"L","mo":48.0}]},{"d":"26.01.2017","r":1329.0,"q":39.29,"p":4.089154671E7,"s":[{"ui":"6863953","t":1246.0,"r":1231.0,"q":40.41,"p":3.92559E7,"mot":"U","mo":1231.0},{"ui":"6599563","t":85.0,"r":85.0,"q":27.11,"p":6.49E7,"mot":"U","mo":85.0},{"cn":"","ui":"","t":48.0,"r":13.0,"q":13.19,"p":3.879635962E7,"mot":"L","mo":13.0}]},{"d":"27.01.2017","r":1465.0,"q":39.4,"p":4.076284375E7,"s":[{"ui":"6863953","t":1334.0,"r":1319.0,"q":40.43,"p":3.92559E7,"mot":"U","mo":1319.0},{"ui":"6599563","t":90.0,"r":90.0,"q":27.11,"p":6.49E7,"mot":"U","mo":90.0},{"cn":"","ui":"","t":103.0,"r":56.0,"q":34.9,"p":3.746489286E7,"mot":"L","mo":56.0}]},{"d":"28.01.2017","r":1520.0,"q":39.08,"p":3.997240099E7,"s":[{"ui":"6863953","t":1320.0,"r":1305.0,"q":40.42,"p":3.82559E7,"mot":"U","mo":1305.0},{"ui":"6599563","t":89.0,"r":89.0,"q":27.13,"p":6.44E7,"mot":"U","mo":89.0},{"cn":"","ui":"","t":150.0,"r":126.0,"q":33.64,"p":4.049603175E7,"mot":"L","mo":126.0}]},{"d":"29.01.2017","r":1472.0,"q":38.83,"p":4.091024178E7,"s":[{"ui":"6863953","t":1256.0,"r":1241.0,"q":40.35,"p":3.89999E7,"mot":"U","mo":1241.0},{"ui":"6599563","t":100.0,"r":100.0,"q":27.15,"p":6.44E7,"mot":"U","mo":100.0},{"cn":"","ui":"","t":157.0,"r":131.0,"q":33.38,"p":4.107633588E7,"mot":"L","mo":131.0}]},{"d":"30.01.2017","r":2572.0,"q":40.89,"p":8.369140622E7,"s":[{"ui":"6817088","t":999.0,"r":999.0,"q":45.77,"p":1.5E8,"mot":"U","mo":999.0},{"ui":"6863953","t":1247.0,"r":1232.0,"q":40.23,"p":3.99999E7,"mot":"U","mo":1232.0},{"cn":"","ui":"","t":380.0,"r":341.0,"q":28.99,"p":4.728568915E7,"mot":"L","mo":341.0}]},{"d":"31.01.2017","r":5253.0,"q":39.77,"p":4.003757624E7,"s":[{"ui":"6863953","t":1235.0,"r":1220.0,"q":40.15,"p":3.99999E7,"mot":"U","mo":1220.0},{"ui":"5533825","t":3713.0,"r":3713.0,"q":40.67,"p":3.92E7,"mot":"U","mo":3713.0},{"cn":"","ui":"","t":1342.0,"r":320.0,"q":27.91,"p":4.989971875E7,"mot":"L","mo":320.0}]},{"d":"01.02.2017","r":556.0,"q":21.12,"p":4.559231397E7,"s":[{"ui":"6768836","t":195.0,"r":195.0,"q":10.12,"p":4.0E7,"mot":"U","mo":195.0},{"ui":"4849930","t":45.0,"r":45.0,"q":28.26,"p":4.0E7,"mot":"U","mo":45.0},{"ui":"6599563","t":133.0,"r":133.0,"q":27.22,"p":6.44E7,"mot":"U","mo":133.0},{"ui":"6423003","t":55.0,"r":44.0,"q":27.55,"p":4.5E7,"mot":"U","mo":44.0},{"ui":"5813525","t":55.0,"r":55.0,"q":40.98,"p":3.0E7,"mot":"U","mo":55.0},{"cn":"","ui":"","t":1040.0,"r":84.0,"q":16.82,"p":4.231103054E7,"mot":"L","mo":84.0}]},{"d":"02.02.2017","r":526.0,"q":19.1,"p":4.331653992E7,"s":[{"ui":"6768836","t":190.0,"r":190.0,"q":10.12,"p":3.0E7,"mot":"U","mo":190.0},{"ui":"4849930","t":48.0,"r":48.0,"q":28.27,"p":4.0E7,"mot":"U","mo":48.0},{"ui":"6599563","t":144.0,"r":144.0,"q":27.25,"p":6.44E7,"mot":"U","mo":144.0},{"ui":"6423003","t":54.0,"r":43.0,"q":27.59,"p":4.5E7,"mot":"U","mo":43.0},{"cn":"","ui":"","t":1022.0,"r":101.0,"q":16.42,"p":3.916732672E7,"mot":"L","mo":101.0}]},{"d":"03.02.2017","r":547.0,"q":19.43,"p":4.125904251E7,"s":[{"ui":"6768836","t":189.0,"r":189.0,"q":10.12,"p":3.0E7,"mot":"U","mo":189.0},{"ui":"4849930","t":51.0,"r":51.0,"q":28.28,"p":4.0E7,"mot":"U","mo":51.0},{"ui":"6599563","t":155.0,"r":155.0,"q":27.27,"p":5.7E7,"mot":"U","mo":155.0},{"ui":"6423003","t":53.0,"r":42.0,"q":27.62,"p":4.3E7,"mot":"U","mo":42.0},{"cn":"","ui":"","t":1028.0,"r":110.0,"q":17.16,"p":3.834269318E7,"mot":"L","mo":110.0}]},{"d":"04.02.2017","r":304.0,"q":15.13,"p":3.18624671E7,"s":[{"ui":"6793870","t":16.0,"r":16.0,"q":13.08,"p":3.4E7,"mot":"U","mo":16.0},{"ui":"6768836","t":183.0,"r":183.0,"q":10.12,"p":3.0E7,"mot":"U","mo":183.0},{"ui":"5813525","t":41.0,"r":38.0,"q":40.98,"p":3.0E7,"mot":"U","mo":38.0},{"ui":"6800658","t":19.0,"r":19.0,"q":7.32,"p":4.30099999E7,"mot":"U","mo":19.0},{"ui":"6807417","t":33.0,"r":33.0,"q":16.36,"p":3.7E7,"mot":"U","mo":33.0},{"cn":"","ui":"","t":912.0,"r":15.0,"q":20.05,"p":3.16E7,"mot":"L","mo":15.0}]},{"d":"05.02.2017","r":522.0,"q":20.18,"p":4.222094061E7,"s":[{"ui":"6423003","t":52.0,"r":41.0,"q":27.66,"p":4.3E7,"mot":"U","mo":41.0},{"ui":"6768836","t":177.0,"r":177.0,"q":10.12,"p":3.0E7,"mot":"U","mo":177.0},{"ui":"4849930","t":54.0,"r":54.0,"q":28.28,"p":4.0E7,"mot":"U","mo":54.0},{"ui":"6599563","t":166.0,"r":166.0,"q":27.3,"p":5.7E7,"mot":"U","mo":166.0},{"ui":"6807417","t":32.0,"r":32.0,"q":16.36,"p":3.7E7,"mot":"U","mo":32.0},{"cn":"","ui":"","t":924.0,"r":52.0,"q":19.71,"p":4.154482689E7,"mot":"L","mo":52.0}]},{"d":"06.02.2017","r":492.0,"q":26.49,"p":4.375559349E7,"s":[{"ui":"6347392","t":50.0,"r":50.0,"q":28.85,"p":3.0E7,"mot":"U","mo":50.0},{"ui":"4849930","t":57.0,"r":57.0,"q":28.29,"p":4.0E7,"mot":"U","mo":57.0},{"ui":"6599563","t":177.0,"r":177.0,"q":27.32,"p":5.7E7,"mot":"U","mo":177.0},{"ui":"6807417","t":45.0,"r":45.0,"q":16.27,"p":3.7E7,"mot":"U","mo":45.0},{"ui":"6423003","t":51.0,"r":40.0,"q":27.7,"p":4.3E7,"mot":"U","mo":40.0},{"ui":"6257623","t":43.0,"r":43.0,"q":39.2,"p":2.5E7,"mot":"U","mo":43.0},{"cn":"","ui":"","t":950.0,"r":80.0,"q":20.19,"p":3.998439998E7,"mot":"L","mo":80.0}]},{"d":"07.02.2017","r":443.0,"q":18.28,"p":3.564147404E7,"s":[{"ui":"6768836","t":172.0,"r":172.0,"q":10.12,"p":3.0E7,"mot":"U","mo":172.0},{"ui":"4849930","t":60.0,"r":60.0,"q":28.3,"p":4.0E7,"mot":"U","mo":60.0},{"ui":"6807417","t":58.0,"r":58.0,"q":16.21,"p":3.7E7,"mot":"U","mo":58.0},{"ui":"6423003","t":61.0,"r":61.0,"q":27.72,"p":4.0E7,"mot":"U","mo":61.0},{"cn":"","ui":"","t":961.0,"r":92.0,"q":22.05,"p":3.95997065E7,"mot":"L","mo":92.0}]},{"d":"08.02.2017","r":479.0,"q":19.61,"p":3.575642641E7,"s":[{"ui":"6768836","t":171.0,"r":171.0,"q":10.12,"p":3.0E7,"mot":"U","mo":171.0},{"ui":"4849930","t":63.0,"r":63.0,"q":28.3,"p":4.0E7,"mot":"U","mo":63.0},{"ui":"6807417","t":71.0,"r":71.0,"q":16.19,"p":3.7E7,"mot":"U","mo":71.0},{"ui":"6423003","t":71.0,"r":71.0,"q":27.74,"p":4.0E7,"mot":"U","mo":71.0},{"ui":"6795822","t":27.0,"r":27.0,"q":25.56,"p":3.6E7,"mot":"U","mo":27.0},{"cn":"","ui":"","t":789.0,"r":76.0,"q":27.25,"p":3.997800332E7,"mot":"L","mo":76.0}]},{"d":"09.02.2017","r":300.0,"q":23.69,"p":3.862401E7,"s":[{"ui":"6423003","t":81.0,"r":81.0,"q":27.74,"p":4.0E7,"mot":"U","mo":81.0},{"ui":"4849930","t":66.0,"r":66.0,"q":28.31,"p":4.0E7,"mot":"U","mo":66.0},{"ui":"6808615","t":23.0,"r":23.0,"q":24.43,"p":4.0E7,"mot":"U","mo":23.0},{"ui":"6807417","t":84.0,"r":84.0,"q":16.16,"p":3.7E7,"mot":"U","mo":84.0},{"cn":"","ui":"","t":1716.0,"r":46.0,"q":23.3,"p":3.650441304E7,"mot":"L","mo":46.0}]},{"d":"10.02.2017","r":649.0,"q":21.12,"p":3.494388906E7,"s":[{"ui":"6347392","t":46.0,"r":46.0,"q":28.85,"p":3.0E7,"mot":"U","mo":46.0},{"ui":"6768836","t":166.0,"r":166.0,"q":10.12,"p":3.0E7,"mot":"U","mo":166.0},{"ui":"4849930","t":69.0,"r":69.0,"q":28.31,"p":4.0E7,"mot":"U","mo":69.0},{"ui":"6807417","t":91.0,"r":91.0,"q":16.15,"p":3.7E7,"mot":"U","mo":91.0},{"ui":"6423003","t":88.0,"r":88.0,"q":27.36,"p":4.0E7,"mot":"U","mo":88.0},{"ui":"5813525","t":40.0,"r":37.0,"q":40.98,"p":3.0E7,"mot":"U","mo":37.0},{"cn":"","ui":"","t":1818.0,"r":152.0,"q":22.08,"p":3.658936841E7,"mot":"L","mo":152.0}]},{"d":"11.02.2017","r":333.0,"q":26.61,"p":3.679545646E7,"s":[{"ui":"6347392","t":45.0,"r":45.0,"q":28.85,"p":3.0E7,"mot":"U","mo":45.0},{"ui":"4849930","t":72.0,"r":72.0,"q":28.32,"p":4.0E7,"mot":"U","mo":72.0},{"ui":"6808615","t":29.0,"r":29.0,"q":24.55,"p":4.0E7,"mot":"U","mo":29.0},{"ui":"6423003","t":95.0,"r":95.0,"q":27.04,"p":4.0E7,"mot":"U","mo":95.0},{"ui":"6795822","t":21.0,"r":21.0,"q":25.56,"p":3.2E7,"mot":"U","mo":21.0},{"ui":"4565867","t":20.0,"r":20.0,"q":34.13,"p":3.0E7,"mot":"U","mo":20.0},{"ui":"6065086","t":19.0,"r":19.0,"q":27.57,"p":3.5E7,"mot":"U","mo":19.0},{"cn":"","ui":"","t":1557.0,"r":32.0,"q":15.66,"p":3.518396875E7,"mot":"L","mo":32.0}]},{"d":"12.02.2017","r":260.0,"q":25.28,"p":3.506130769E7,"s":[{"ui":"6814283","t":24.0,"r":24.0,"q":9.43,"p":2.7E7,"mot":"U","mo":24.0},{"ui":"6347392","t":40.0,"r":40.0,"q":28.85,"p":3.0E7,"mot":"U","mo":40.0},{"ui":"4849930","t":75.0,"r":75.0,"q":28.32,"p":4.0E7,"mot":"U","mo":75.0},{"ui":"6800658","t":19.0,"r":19.0,"q":7.46,"p":4.30099999E7,"mot":"U","mo":19.0},{"ui":"6808615","t":29.0,"r":29.0,"q":24.6,"p":4.0E7,"mot":"U","mo":29.0},{"ui":"6065086","t":21.0,"r":21.0,"q":27.6,"p":3.5E7,"mot":"U","mo":21.0},{"ui":"4565867","t":39.0,"r":39.0,"q":34.15,"p":3.0E7,"mot":"U","mo":39.0},{"cn":"","ui":"","t":1484.0,"r":13.0,"q":23.17,"p":2.967307692E7,"mot":"L","mo":13.0}]},{"d":"13.02.2017","r":356.0,"q":26.02,"p":3.424988763E7,"s":[{"ui":"6347392","t":90.0,"r":90.0,"q":29.13,"p":3.0E7,"mot":"U","mo":90.0},{"ui":"6814283","t":25.0,"r":25.0,"q":9.5,"p":2.6E7,"mot":"U","mo":25.0},{"ui":"4849930","t":78.0,"r":78.0,"q":28.33,"p":4.0E7,"mot":"U","mo":78.0},{"ui":"6800658","t":21.0,"r":21.0,"q":7.52,"p":4.30099999E7,"mot":"U","mo":21.0},{"ui":"6808615","t":32.0,"r":32.0,"q":24.64,"p":4.0E7,"mot":"U","mo":32.0},{"ui":"6065086","t":23.0,"r":23.0,"q":27.63,"p":3.5E7,"mot":"U","mo":23.0},{"ui":"4565867","t":63.0,"r":63.0,"q":33.98,"p":3.0E7,"mot":"U","mo":63.0},{"cn":"","ui":"","t":1489.0,"r":24.0,"q":19.58,"p":3.519791667E7,"mot":"L","mo":24.0}]},{"d":"14.02.2017","r":309.0,"q":24.86,"p":3.496433656E7,"s":[{"ui":"6814283","t":23.0,"r":23.0,"q":9.67,"p":2.6E7,"mot":"U","mo":23.0},{"ui":"6347392","t":89.0,"r":89.0,"q":29.13,"p":3.0E7,"mot":"U","mo":89.0},{"ui":"4849930","t":81.0,"r":81.0,"q":28.33,"p":4.0E7,"mot":"U","mo":81.0},{"ui":"6800658","t":23.0,"r":23.0,"q":7.58,"p":4.30099999E7,"mot":"U","mo":23.0},{"ui":"6808615","t":35.0,"r":35.0,"q":24.67,"p":4.0E7,"mot":"U","mo":35.0},{"ui":"6065086","t":25.0,"r":25.0,"q":27.65,"p":3.5E7,"mot":"U","mo":25.0},{"cn":"","ui":"","t":1391.0,"r":33.0,"q":25.58,"p":3.126515152E7,"mot":"L","mo":33.0}]},{"d":"15.02.2017","r":300.0,"q":25.93,"p":3.553083333E7,"s":[{"ui":"6814283","t":20.0,"r":20.0,"q":9.84,"p":2.6E7,"mot":"U","mo":20.0},{"ui":"4849930","t":84.0,"r":84.0,"q":28.33,"p":4.0E7,"mot":"U","mo":84.0},{"ui":"6800658","t":25.0,"r":25.0,"q":7.62,"p":4.30099999E7,"mot":"U","mo":25.0},{"ui":"6808615","t":38.0,"r":38.0,"q":24.7,"p":4.0E7,"mot":"U","mo":38.0},{"ui":"6065086","t":27.0,"r":27.0,"q":27.66,"p":3.5E7,"mot":"U","mo":27.0},{"ui":"4565867","t":70.0,"r":70.0,"q":34.0,"p":3.0E7,"mot":"U","mo":70.0},{"cn":"","ui":"","t":1392.0,"r":36.0,"q":26.33,"p":3.163888889E7,"mot":"L","mo":36.0}]},{"d":"16.02.2017","r":361.0,"q":29.58,"p":3.390581717E7,"s":[{"ui":"6814283","t":24.0,"r":24.0,"q":9.95,"p":2.6E7,"mot":"U","mo":24.0},{"ui":"6212514","t":219.0,"r":204.0,"q":49.29,"p":2.5E7,"mot":"L","mo":40.0},{"ui":"4849930","t":87.0,"r":87.0,"q":28.33,"p":4.0E7,"mot":"U","mo":87.0},{"ui":"6808615","t":41.0,"r":41.0,"q":24.71,"p":4.0E7,"mot":"U","mo":41.0},{"ui":"6065086","t":29.0,"r":29.0,"q":27.68,"p":3.5E7,"mot":"U","mo":29.0},{"ui":"4565867","t":95.0,"r":95.0,"q":32.65,"p":3.0E7,"mot":"U","mo":95.0},{"cn":"","ui":"","t":1512.0,"r":45.0,"q":24.09,"p":3.624444444E7,"mot":"L","mo":45.0}]},{"d":"17.02.2017","r":442.0,"q":27.52,"p":3.228789592E7,"s":[{"ui":"6814283","t":35.0,"r":35.0,"q":10.36,"p":2.6E7,"mot":"U","mo":35.0},{"ui":"4849930","t":90.0,"r":90.0,"q":28.34,"p":4.0E7,"mot":"U","mo":90.0},{"ui":"6800658","t":25.0,"r":25.0,"q":7.62,"p":2.749999995E7,"mot":"U","mo":25.0},{"ui":"6808615","t":44.0,"r":44.0,"q":24.72,"p":4.0E7,"mot":"U","mo":44.0},{"ui":"6212514","t":258.0,"r":242.0,"q":49.31,"p":2.5E7,"mot":"L","mo":40.0},{"ui":"4565867","t":120.0,"r":120.0,"q":32.0,"p":3.0E7,"mot":"U","mo":120.0},{"ui":"6065086","t":31.0,"r":31.0,"q":27.69,"p":3.5E7,"mot":"U","mo":31.0},{"cn":"","ui":"","t":1357.0,"r":57.0,"q":22.85,"p":2.85745614E7,"mot":"L","mo":57.0}]},{"d":"18.02.2017","r":392.0,"q":28.41,"p":3.09580051E7,"s":[{"ui":"6793870","t":20.0,"r":20.0,"q":14.15,"p":2.9E7,"mot":"U","mo":20.0},{"ui":"6814283","t":46.0,"r":46.0,"q":10.66,"p":2.45E7,"mot":"U","mo":46.0},{"ui":"6212514","t":147.0,"r":131.0,"q":49.34,"p":2.5E7,"mot":"L","mo":40.0},{"ui":"6808615","t":47.0,"r":47.0,"q":24.72,"p":4.0E7,"mot":"U","mo":47.0},{"ui":"4565867","t":142.0,"r":142.0,"q":31.6,"p":3.0E7,"mot":"U","mo":142.0},{"ui":"6065086","t":33.0,"r":33.0,"q":27.7,"p":3.5E7,"mot":"U","mo":33.0},{"cn":"","ui":"","t":1362.0,"r":64.0,"q":28.52,"p":3.333653125E7,"mot":"L","mo":64.0}]},{"d":"19.02.2017","r":443.0,"q":26.76,"p":3.030248307E7,"s":[{"ui":"6814283","t":60.0,"r":60.0,"q":10.84,"p":2.45E7,"mot":"U","mo":60.0},{"ui":"6212514","t":70.0,"r":54.0,"q":49.38,"p":2.5E7,"mot":"L","mo":40.0},{"ui":"6808615","t":50.0,"r":50.0,"q":24.72,"p":4.0E7,"mot":"U","mo":50.0},{"ui":"6065086","t":35.0,"r":35.0,"q":27.71,"p":3.5E7,"mot":"U","mo":35.0},{"ui":"4565867","t":150.0,"r":150.0,"q":31.4,"p":3.0E7,"mot":"U","mo":150.0},{"ui":"6807417","t":36.0,"r":36.0,"q":16.15,"p":3.7E7,"mot":"U","mo":36.0},{"cn":"","ui":"","t":1356.0,"r":72.0,"q":24.03,"p":2.634722222E7,"mot":"L","mo":72.0}]},{"d":"20.02.2017","r":571.0,"q":26.45,"p":2.971156217E7,"s":[{"ui":"6347392","t":89.0,"r":89.0,"q":29.13,"p":2.8E7,"mot":"U","mo":89.0},{"ui":"6814283","t":72.0,"r":72.0,"q":10.98,"p":2.3E7,"mot":"U","mo":72.0},{"ui":"6808615","t":53.0,"r":53.0,"q":24.71,"p":4.0E7,"mot":"U","mo":53.0},{"ui":"6212514","t":111.0,"r":95.0,"q":49.37,"p":2.5E7,"mot":"L","mo":40.0},{"ui":"4565867","t":158.0,"r":158.0,"q":31.22,"p":3.0E7,"mot":"U","mo":158.0},{"ui":"6065086","t":37.0,"r":37.0,"q":27.72,"p":3.5E7,"mot":"U","mo":37.0},{"cn":"","ui":"","t":1404.0,"r":122.0,"q":20.31,"p":3.001886884E7,"mot":"L","mo":122.0}]},{"d":"21.02.2017","r":663.0,"q":26.47,"p":2.842386368E7,"s":[{"ui":"6347392","t":139.0,"r":139.0,"q":29.03,"p":2.5E7,"mot":"U","mo":139.0},{"ui":"6814283","t":82.0,"r":82.0,"q":11.1,"p":2.3E7,"mot":"U","mo":82.0},{"ui":"6808615","t":56.0,"r":56.0,"q":24.72,"p":4.0E7,"mot":"U","mo":56.0},{"ui":"6212514","t":76.0,"r":60.0,"q":49.37,"p":2.5E7,"mot":"L","mo":40.0},{"ui":"4565867","t":175.0,"r":175.0,"q":31.15,"p":3.0E7,"mot":"U","mo":175.0},{"ui":"6065086","t":39.0,"r":39.0,"q":27.73,"p":3.5E7,"mot":"U","mo":39.0},{"cn":"","ui":"","t":1359.0,"r":132.0,"q":20.53,"p":2.749258804E7,"mot":"L","mo":132.0}]},{"d":"22.02.2017","r":738.0,"q":26.44,"p":2.888132157E7,"s":[{"ui":"6814283","t":86.0,"r":86.0,"q":11.33,"p":2.3E7,"mot":"U","mo":86.0},{"ui":"6347392","t":139.0,"r":139.0,"q":29.03,"p":2.3E7,"mot":"U","mo":139.0},{"ui":"6808615","t":59.0,"r":59.0,"q":24.74,"p":4.0E7,"mot":"U","mo":59.0},{"ui":"6212514","t":116.0,"r":100.0,"q":49.37,"p":2.5E7,"mot":"L","mo":40.0},{"ui":"4565867","t":200.0,"r":200.0,"q":30.94,"p":3.0E7,"mot":"U","mo":200.0},{"ui":"6065086","t":41.0,"r":41.0,"q":27.73,"p":3.5E7,"mot":"U","mo":41.0},{"cn":"","ui":"","t":1522.0,"r":173.0,"q":21.65,"p":3.089257408E7,"mot":"L","mo":173.0}]},{"d":"23.02.2017","r":377.0,"q":29.02,"p":3.172098836E7,"s":[{"ui":"6808615","t":62.0,"r":62.0,"q":24.75,"p":4.0E7,"mot":"U","mo":62.0},{"ui":"6212514","t":158.0,"r":142.0,"q":49.37,"p":2.5E7,"mot":"L","mo":40.0},{"ui":"5813525","t":21.0,"r":19.0,"q":46.52,"p":3.0E7,"mot":"U","mo":19.0},{"ui":"5533825","t":23.0,"r":23.0,"q":15.7,"p":4.7E7,"mot":"U","mo":23.0},{"ui":"6065086","t":43.0,"r":43.0,"q":27.74,"p":3.5E7,"mot":"U","mo":43.0},{"ui":"4565867","t":100.0,"r":100.0,"q":30.78,"p":3.0E7,"mot":"U","mo":100.0},{"cn":"","ui":"","t":1177.0,"r":90.0,"q":21.3,"p":2.580902903E7,"mot":"L","mo":90.0}]},{"d":"24.02.2017","r":375.0,"q":30.41,"p":3.088163123E7,"s":[{"ui":"6808615","t":60.0,"r":60.0,"q":24.76,"p":4.0E7,"mot":"U","mo":60.0},{"ui":"6212514","t":191.0,"r":175.0,"q":49.38,"p":2.5E7,"mot":"L","mo":40.0},{"ui":"5813525","t":21.0,"r":19.0,"q":46.54,"p":3.0E7,"mot":"U","mo":19.0},{"ui":"6065086","t":45.0,"r":45.0,"q":27.75,"p":3.5E7,"mot":"U","mo":45.0},{"ui":"4565867","t":125.0,"r":125.0,"q":30.53,"p":3.0E7,"mot":"U","mo":125.0},{"cn":"","ui":"","t":1071.0,"r":86.0,"q":23.2,"p":2.657688037E7,"mot":"L","mo":86.0}]},{"d":"25.02.2017","r":417.0,"q":28.8,"p":3.054270313E7,"s":[{"ui":"6808615","t":63.0,"r":63.0,"q":24.77,"p":4.0E7,"mot":"U","mo":63.0},{"ui":"6212514","t":232.0,"r":216.0,"q":49.38,"p":2.5E7,"mot":"L","mo":40.0},{"ui":"4565867","t":144.0,"r":144.0,"q":30.39,"p":3.0E7,"mot":"U","mo":144.0},{"ui":"6065086","t":47.0,"r":47.0,"q":27.76,"p":3.5E7,"mot":"U","mo":47.0},{"cn":"","ui":"","t":1031.0,"r":123.0,"q":22.71,"p":2.643339193E7,"mot":"L","mo":123.0}]},{"d":"26.02.2017","r":469.0,"q":28.59,"p":2.278274266E7,"s":[{"ui":"6347392","t":88.0,"r":88.0,"q":28.7,"p":1.9E7,"mot":"U","mo":88.0},{"ui":"5288988","t":28.0,"r":28.0,"q":11.59,"p":2.29E7,"mot":"U","mo":28.0},{"ui":"6212514","t":270.0,"r":254.0,"q":49.39,"p":2.5E7,"mot":"L","mo":40.0},{"ui":"4565867","t":158.0,"r":158.0,"q":30.25,"p":1.9E7,"mot":"U","mo":158.0},{"ui":"6065086","t":49.0,"r":49.0,"q":27.76,"p":3.5E7,"mot":"U","mo":49.0},{"cn":"","ui":"","t":936.0,"r":106.0,"q":23.04,"p":2.504628591E7,"mot":"L","mo":106.0}]},{"d":"27.02.2017","r":446.0,"q":28.59,"p":2.363206278E7,"s":[{"ui":"6347392","t":86.0,"r":86.0,"q":28.7,"p":1.9E7,"mot":"U","mo":86.0},{"ui":"6814283","t":33.0,"r":33.0,"q":13.97,"p":2.14E7,"mot":"U","mo":33.0},{"ui":"5288988","t":28.0,"r":28.0,"q":11.0,"p":1.89E7,"mot":"U","mo":28.0},{"ui":"6212514","t":307.0,"r":291.0,"q":49.39,"p":2.5E7,"mot":"L","mo":40.0},{"ui":"5533825","t":23.0,"r":23.0,"q":15.7,"p":4.2E7,"mot":"U","mo":23.0},{"ui":"6065086","t":51.0,"r":51.0,"q":27.77,"p":3.5E7,"mot":"U","mo":51.0},{"ui":"4565867","t":122.0,"r":122.0,"q":30.3,"p":1.9E7,"mot":"U","mo":122.0},{"cn":"","ui":"","t":890.0,"r":63.0,"q":32.75,"p":2.542063492E7,"mot":"L","mo":63.0}]},{"d":"28.02.2017","r":355.0,"q":29.13,"p":2.504788732E7,"s":[{"ui":"6814283","t":47.0,"r":47.0,"q":13.9,"p":2.05E7,"mot":"U","mo":47.0},{"ui":"6347392","t":46.0,"r":46.0,"q":28.7,"p":1.9E7,"mot":"U","mo":46.0},{"ui":"6712637","t":18.0,"r":18.0,"q":48.14,"p":3.0E7,"mot":"U","mo":18.0},{"ui":"6212514","t":349.0,"r":333.0,"q":49.39,"p":2.5E7,"mot":"L","mo":40.0},{"ui":"5813525","t":21.0,"r":19.0,"q":46.6,"p":3.0E7,"mot":"U","mo":19.0},{"ui":"5533825","t":24.0,"r":24.0,"q":15.51,"p":4.2E7,"mot":"U","mo":24.0},{"ui":"6065086","t":53.0,"r":53.0,"q":27.77,"p":3.5E7,"mot":"U","mo":53.0},{"ui":"4565867","t":80.0,"r":80.0,"q":30.36,"p":1.9E7,"mot":"U","mo":80.0},{"cn":"","ui":"","t":845.0,"r":28.0,"q":13.14,"p":2.005357143E7,"mot":"L","mo":28.0}]},{"d":"01.03.2017","r":376.0,"q":27.67,"p":2.449995479E7,"s":[{"ui":"6347392","t":65.0,"r":65.0,"q":28.42,"p":1.9E7,"mot":"U","mo":65.0},{"ui":"6814283","t":55.0,"r":55.0,"q":13.77,"p":1.87E7,"mot":"U","mo":55.0},{"ui":"6712637","t":19.0,"r":19.0,"q":48.21,"p":3.0E7,"mot":"U","mo":19.0},{"ui":"6212514","t":391.0,"r":375.0,"q":49.32,"p":2.5E7,"mot":"L","mo":40.0},{"ui":"5813525","t":21.0,"r":19.0,"q":46.61,"p":3.0E7,"mot":"U","mo":19.0},{"ui":"5533825","t":25.0,"r":25.0,"q":15.32,"p":3.9E7,"mot":"U","mo":25.0},{"ui":"4565867","t":45.0,"r":45.0,"q":30.43,"p":1.9E7,"mot":"U","mo":45.0},{"ui":"6065086","t":55.0,"r":55.0,"q":27.78,"p":3.5E7,"mot":"U","mo":55.0},{"cn":"","ui":"","t":550.0,"r":53.0,"q":14.02,"p":1.987703774E7,"mot":"L","mo":53.0}]},{"d":"02.03.2017","r":650.0,"q":26.2,"p":3.2172124E7,"s":[{"ui":"6347392","t":56.0,"r":53.0,"q":28.42,"p":1.8E7,"mot":"U","mo":53.0},{"ui":"6814283","t":54.0,"r":54.0,"q":13.61,"p":1.87E7,"mot":"U","mo":54.0},{"ui":"4849930","t":92.0,"r":92.0,"q":28.34,"p":4.0E7,"mot":"U","mo":92.0},{"ui":"6808615","t":66.0,"r":66.0,"q":24.78,"p":4.0E7,"mot":"U","mo":66.0},{"ui":"6423003","t":95.0,"r":95.0,"q":27.04,"p":4.5E7,"mot":"U","mo":95.0},{"ui":"6212514","t":432.0,"r":416.0,"q":49.27,"p":2.5E7,"mot":"L","mo":40.0},{"ui":"6065086","t":57.0,"r":57.0,"q":27.78,"p":3.5E7,"mot":"U","mo":57.0},{"cn":"","ui":"","t":663.0,"r":193.0,"q":22.9,"p":2.776207565E7,"mot":"L","mo":193.0}]},{"d":"03.03.2017","r":321.0,"q":23.87,"p":2.512015265E7,"s":[{"cn":"М. В. Ю.","ui":"5288988","t":32.0,"r":31.0,"q":11.63,"p":1.7999E7,"mot":"U","mo":31.0},{"cn":"Novoluna Great","ui":"6814283","t":53.0,"r":53.0,"q":13.42,"p":1.87E7,"mot":"U","mo":53.0},{"cn":"Ёкорный Бабай","ui":"6347392","t":31.0,"r":28.0,"q":28.42,"p":1.8E7,"mot":"U","mo":28.0},{"cn":"mris_95_aa Финанс","ui":"6212514","t":473.0,"r":457.0,"q":49.22,"p":2.5E7,"mot":"L","mo":40.0},{"cn":"М. В. Ю.","ui":"5533825","t":27.0,"r":27.0,"q":15.01,"p":3.9E7,"mot":"U","mo":27.0},{"cn":"Energy inc","ui":"6316638","t":33.0,"r":33.0,"q":13.31,"p":1.8E7,"mot":"U","mo":33.0},{"cn":"АО «kjifr1972»","ui":"6712637","t":21.0,"r":21.0,"q":48.31,"p":3.0E7,"mot":"U","mo":21.0},{"cn":"Trade Inc.","ui":"6065086","t":59.0,"r":59.0,"q":27.78,"p":3.5E7,"mot":"U","mo":59.0},{"cn":"","ui":"","t":432.0,"r":29.0,"q":11.34,"p":2.305172414E7,"mot":"L","mo":29.0}]},{"d":"04.03.2017","r":336.0,"q":24.12,"p":2.5702E7,"s":[{"cn":"Novoluna Great","ui":"6814283","t":63.0,"r":63.0,"q":13.06,"p":1.87E7,"mot":"U","mo":63.0},{"cn":"АО «kjifr1972»","ui":"6712637","t":22.0,"r":22.0,"q":48.35,"p":3.0E7,"mot":"U","mo":22.0},{"cn":"М. В. Ю.","ui":"5288988","t":29.0,"r":28.0,"q":11.85,"p":1.7999E7,"mot":"U","mo":28.0},{"cn":"sigma ltd","ui":"5813525","t":21.0,"r":19.0,"q":46.63,"p":3.0E7,"mot":"U","mo":19.0},{"cn":"mris_95_aa Финанс","ui":"6212514","t":514.0,"r":498.0,"q":49.23,"p":2.5E7,"mot":"L","mo":40.0},{"cn":"Energy inc","ui":"6316638","t":43.0,"r":43.0,"q":13.42,"p":1.8E7,"mot":"U","mo":43.0},{"cn":"М. В. Ю.","ui":"5533825","t":28.0,"r":28.0,"q":14.89,"p":3.9E7,"mot":"U","mo":28.0},{"cn":"Trade Inc.","ui":"6065086","t":61.0,"r":61.0,"q":27.79,"p":3.5E7,"mot":"U","mo":61.0},{"cn":"","ui":"","t":410.0,"r":32.0,"q":10.67,"p":2.25875E7,"mot":"L","mo":32.0}]},{"d":"05.03.2017","r":312.0,"q":25.07,"p":2.640149038E7,"s":[{"cn":"Novoluna Great","ui":"6814283","t":16.0,"r":16.0,"q":12.04,"p":1.88E7,"mot":"U","mo":16.0},{"cn":"АО «kjifr1972»","ui":"6712637","t":23.0,"r":23.0,"q":48.39,"p":3.0E7,"mot":"U","mo":23.0},{"cn":"М. В. Ю.","ui":"5288988","t":36.0,"r":35.0,"q":11.81,"p":1.6999E7,"mot":"U","mo":35.0},{"cn":"mris_95_aa Финанс","ui":"6212514","t":554.0,"r":538.0,"q":49.23,"p":2.5E7,"mot":"L","mo":40.0},{"cn":"sigma ltd","ui":"5813525","t":21.0,"r":19.0,"q":46.64,"p":3.0E7,"mot":"U","mo":19.0},{"cn":"Energy inc","ui":"6316638","t":49.0,"r":49.0,"q":13.53,"p":1.8E7,"mot":"U","mo":49.0},{"cn":"М. В. Ю.","ui":"5533825","t":29.0,"r":29.0,"q":14.78,"p":3.9E7,"mot":"U","mo":29.0},{"cn":"Trade Inc.","ui":"6065086","t":63.0,"r":63.0,"q":27.79,"p":3.5E7,"mot":"U","mo":63.0},{"cn":"","ui":"","t":350.0,"r":38.0,"q":10.67,"p":2.272368421E7,"mot":"L","mo":38.0}]},{"d":"06.03.2017","r":560.0,"q":25.5,"p":3.352425286E7,"s":[{"cn":"SlavuntikCompany","ui":"4849930","t":92.0,"r":92.0,"q":28.34,"p":4.0E7,"mot":"U","mo":92.0},{"cn":"Kot inc.","ui":"6808615","t":66.0,"r":66.0,"q":24.78,"p":4.0E7,"mot":"U","mo":66.0},{"cn":"Dik\u0026Ko","ui":"6423003","t":95.0,"r":95.0,"q":27.04,"p":4.5E7,"mot":"U","mo":95.0},{"cn":"mris_95_aa Финанс","ui":"6212514","t":590.0,"r":574.0,"q":49.24,"p":2.5E7,"mot":"L","mo":40.0},{"cn":"М. В. Ю.","ui":"5533825","t":30.0,"r":30.0,"q":14.68,"p":3.55E7,"mot":"U","mo":30.0},{"cn":"Energy inc","ui":"6316638","t":40.0,"r":40.0,"q":13.53,"p":1.7E7,"mot":"U","mo":40.0},{"cn":"Trade Inc.","ui":"6065086","t":65.0,"r":65.0,"q":27.79,"p":3.5E7,"mot":"U","mo":65.0},{"cn":"","ui":"","t":434.0,"r":132.0,"q":20.54,"p":2.392864849E7,"mot":"L","mo":132.0}]},{"d":"07.03.2017","r":102.0,"q":43.14,"p":2.621070588E7,"s":[{"cn":"М. В. Ю.","ui":"5288988","t":9.0,"r":8.0,"q":14.11,"p":1.6999E7,"mot":"U","mo":8.0},{"cn":"sigma ltd","ui":"5813525","t":21.0,"r":19.0,"q":46.65,"p":3.0E7,"mot":"U","mo":19.0},{"cn":"mris_95_aa Финанс","ui":"6212514","t":581.0,"r":565.0,"q":49.23,"p":2.5E7,"mot":"L","mo":40.0},{"cn":"АО «kjifr1972»","ui":"6712637","t":25.0,"r":25.0,"q":48.46,"p":3.0E7,"mot":"U","mo":25.0},{"cn":"","ui":"","t":235.0,"r":10.0,"q":22.03,"p":2.175E7,"mot":"L","mo":10.0}]},{"d":"08.03.2017","r":151.0,"q":30.12,"p":2.324296026E7,"s":[{"cn":"М. В. Ю.","ui":"5288988","t":13.0,"r":13.0,"q":13.76,"p":1.7999E7,"mot":"U","mo":13.0},{"cn":"Novoluna Great","ui":"6814283","t":28.0,"r":28.0,"q":12.88,"p":2.24E7,"mot":"U","mo":28.0},{"cn":"mris_95_aa Финанс","ui":"6212514","t":67.0,"r":51.0,"q":49.22,"p":2.5E7,"mot":"L","mo":40.0},{"cn":"Energy inc","ui":"6316638","t":28.0,"r":28.0,"q":14.21,"p":1.7E7,"mot":"U","mo":28.0},{"cn":"АО «kjifr1972»","ui":"6712637","t":26.0,"r":26.0,"q":48.49,"p":3.0E7,"mot":"U","mo":26.0},{"cn":"","ui":"","t":68.0,"r":16.0,"q":23.85,"p":2.453125E7,"mot":"L","mo":16.0}]},{"d":"10.03.2017","r":172.0,"q":26.75,"p":2.509696512E7,"s":[{"cn":"М. В. Ю.","ui":"5288988","t":22.0,"r":22.0,"q":13.59,"p":1.7999E7,"mot":"U","mo":22.0},{"cn":"Novoluna Great","ui":"6814283","t":29.0,"r":29.0,"q":12.47,"p":2.22E7,"mot":"U","mo":29.0},{"cn":"mris_95_aa Финанс","ui":"6212514","t":54.0,"r":38.0,"q":49.17,"p":2.7E7,"mot":"L","mo":38.0},{"cn":"sigma ltd","ui":"5813525","t":21.0,"r":19.0,"q":46.66,"p":3.0E7,"mot":"U","mo":19.0},{"cn":"М. В. Ю.","ui":"5533825","t":16.0,"r":16.0,"q":13.44,"p":3.55E7,"mot":"U","mo":16.0},{"cn":"Energy inc","ui":"6316638","t":19.0,"r":19.0,"q":14.21,"p":1.8E7,"mot":"U","mo":19.0},{"cn":"","ui":"","t":29.0,"r":29.0,"q":24.15,"p":2.658275862E7,"mot":"L","mo":29.0}]},{"d":"11.03.2017","r":149.0,"q":27.27,"p":2.331137584E7,"s":[{"cn":"Novoluna Great","ui":"6814283","t":30.0,"r":30.0,"q":12.09,"p":2.22E7,"mot":"U","mo":30.0},{"cn":"mris_95_aa Финанс","ui":"6212514","t":58.0,"r":42.0,"q":48.96,"p":2.7E7,"mot":"L","mo":40.0},{"cn":"Energy inc","ui":"6316638","t":39.0,"r":39.0,"q":14.74,"p":1.8E7,"mot":"U","mo":39.0},{"cn":"АО «kjifr1972»","ui":"6712637","t":8.0,"r":8.0,"q":48.67,"p":3.0E7,"mot":"U","mo":8.0},{"cn":"","ui":"","t":41.0,"r":32.0,"q":24.3,"p":2.454359375E7,"mot":"L","mo":32.0}]},{"d":"12.03.2017","r":549.0,"q":16.64,"p":2.568305692E7,"s":[{"cn":"Rfkbgrf и сыновья","ui":"5277885","t":282.0,"r":282.0,"q":3.15,"p":1.4666664E7,"mot":"U","mo":282.0},{"cn":"Makena Holding","ui":"5288526","t":200.0,"r":200.0,"q":27.23,"p":4.0E7,"mot":"U","mo":200.0},{"cn":"mris_95_aa Финанс","ui":"6212514","t":66.0,"r":50.0,"q":48.86,"p":2.9E7,"mot":"L","mo":40.0},{"cn":"","ui":"","t":2859.0,"r":27.0,"q":31.32,"p":2.977774074E7,"mot":"L","mo":27.0}]},{"d":"13.03.2017","r":604.0,"q":18.28,"p":2.497967327E7,"s":[{"cn":"Rfkbgrf и сыновья","ui":"5277885","t":254.0,"r":254.0,"q":3.14,"p":9666664.0,"mot":"U","mo":254.0},{"cn":"Makena Holding","ui":"5288526","t":239.0,"r":239.0,"q":27.39,"p":4.0E7,"mot":"U","mo":239.0},{"cn":"mris_95_aa Финанс","ui":"6212514","t":108.0,"r":92.0,"q":48.78,"p":2.9E7,"mot":"L","mo":40.0},{"cn":"","ui":"","t":2747.0,"r":71.0,"q":24.62,"p":2.693507042E7,"mot":"L","mo":71.0}]},{"d":"14.03.2017","r":724.0,"q":19.03,"p":2.666200056E7,"s":[{"cn":"Ёкорный Бабай","ui":"6347392","t":49.0,"r":49.0,"q":27.74,"p":2.5E7,"mot":"U","mo":49.0},{"cn":"Rfkbgrf и сыновья","ui":"5277885","t":222.0,"r":222.0,"q":3.13,"p":9666664.0,"mot":"U","mo":222.0},{"cn":"cawka2000","ui":"5679507","t":41.0,"r":41.0,"q":3.66,"p":3.0E7,"mot":"U","mo":41.0},{"cn":"Makena Holding","ui":"5288526","t":278.0,"r":278.0,"q":27.51,"p":4.0E7,"mot":"U","mo":278.0},{"cn":"mris_95_aa Финанс","ui":"6212514","t":130.0,"r":114.0,"q":48.7,"p":2.9E7,"mot":"L","mo":40.0},{"cn":"","ui":"","t":2677.0,"r":94.0,"q":21.07,"p":2.576903191E7,"mot":"L","mo":94.0}]},{"d":"15.03.2017","r":651.0,"q":21.74,"p":2.997130567E7,"s":[{"cn":"Ёкорный Бабай","ui":"6347392","t":48.0,"r":48.0,"q":27.74,"p":2.5E7,"mot":"U","mo":48.0},{"cn":"Rfkbgrf и сыновья","ui":"5277885","t":128.0,"r":128.0,"q":3.12,"p":9666664.0,"mot":"U","mo":128.0},{"cn":"cawka2000","ui":"5679507","t":43.0,"r":43.0,"q":3.63,"p":3.0E7,"mot":"U","mo":43.0},{"cn":"mris_95_aa Финанс","ui":"6212514","t":172.0,"r":156.0,"q":48.62,"p":2.5E7,"mot":"L","mo":40.0},{"cn":"Makena Holding","ui":"5288526","t":317.0,"r":317.0,"q":27.68,"p":4.0E7,"mot":"U","mo":317.0},{"cn":"","ui":"","t":2528.0,"r":75.0,"q":20.63,"p":2.805316E7,"mot":"L","mo":75.0}]},{"d":"16.03.2017","r":605.0,"q":23.88,"p":3.313779586E7,"s":[{"cn":"Rfkbgrf и сыновья","ui":"5277885","t":64.0,"r":64.0,"q":3.1,"p":9666664.0,"mot":"U","mo":64.0},{"cn":"cawka2000","ui":"5679507","t":45.0,"r":45.0,"q":3.61,"p":3.0E7,"mot":"U","mo":45.0},{"cn":"mris_95_aa Финанс","ui":"6212514","t":214.0,"r":198.0,"q":48.56,"p":2.5E7,"mot":"L","mo":40.0},{"cn":"Makena Holding","ui":"5288526","t":356.0,"r":356.0,"q":27.82,"p":4.0E7,"mot":"U","mo":356.0},{"cn":"","ui":"","t":2366.0,"r":100.0,"q":22.41,"p":2.8397E7,"mot":"L","mo":100.0}]},{"d":"17.03.2017","r":623.0,"q":24.52,"p":3.451279652E7,"s":[{"cn":"Rfkbgrf и сыновья","ui":"5277885","t":38.0,"r":38.0,"q":3.06,"p":9666664.0,"mot":"U","mo":38.0},{"cn":"cawka2000","ui":"5679507","t":47.0,"r":47.0,"q":3.6,"p":3.0E7,"mot":"U","mo":47.0},{"cn":"mris_95_aa Финанс","ui":"6212514","t":271.0,"r":270.0,"q":48.53,"p":2.5E7,"mot":"L","mo":40.0},{"cn":"Makena Holding","ui":"5288526","t":395.0,"r":395.0,"q":27.94,"p":4.0E7,"mot":"U","mo":395.0},{"cn":"","ui":"","t":2254.0,"r":103.0,"q":19.53,"p":2.838969903E7,"mot":"L","mo":103.0}]},{"d":"18.03.2017","r":691.0,"q":24.19,"p":3.361359125E7,"s":[{"cn":"Rfkbgrf и сыновья","ui":"5277885","t":43.0,"r":43.0,"q":3.04,"p":9666664.0,"mot":"U","mo":43.0},{"cn":"cawka2000","ui":"5679507","t":49.0,"r":49.0,"q":3.58,"p":3.0E7,"mot":"U","mo":49.0},{"cn":"Makena Holding","ui":"5288526","t":434.0,"r":434.0,"q":28.03,"p":3.9E7,"mot":"U","mo":434.0},{"cn":"mris_95_aa Финанс","ui":"6212514","t":328.0,"r":327.0,"q":48.5,"p":2.5E7,"mot":"L","mo":40.0},{"cn":"","ui":"","t":2188.0,"r":125.0,"q":18.41,"p":2.73226E7,"mot":"L","mo":125.0}]},{"d":"20.03.2017","r":805.0,"q":24.2,"p":3.277609924E7,"s":[{"cn":"Rfkbgrf и сыновья","ui":"5277885","t":44.0,"r":42.0,"q":3.02,"p":5666664.0,"mot":"U","mo":42.0},{"cn":"cawka2000","ui":"5679507","t":54.0,"r":54.0,"q":3.54,"p":3.5E7,"mot":"U","mo":54.0},{"cn":"Makena Holding","ui":"5288526","t":512.0,"r":512.0,"q":28.18,"p":3.8E7,"mot":"U","mo":512.0},{"cn":"","ui":"","t":1731.0,"r":197.0,"q":24.03,"p":2.43693401E7,"mot":"L","mo":197.0}]},{"d":"21.03.2017","r":300.0,"q":16.08,"p":2.361141515E7,"s":[{"cn":"Rfkbgrf и сыновья","ui":"5277885","t":48.0,"r":46.0,"q":3.01,"p":5666664.0,"mot":"U","mo":46.0},{"cn":"lider","ui":"6798360","t":19.0,"r":19.0,"q":11.25,"p":2.5E7,"mot":"U","mo":19.0},{"cn":"cawka2000","ui":"5679507","t":57.0,"r":57.0,"q":3.52,"p":3.5E7,"mot":"U","mo":57.0},{"cn":"АО «kjifr1972»","ui":"6712637","t":18.0,"r":18.0,"q":48.65,"p":3.1E7,"mot":"U","mo":18.0},{"cn":"М. В. Ю.","ui":"5288988","t":42.0,"r":42.0,"q":13.27,"p":1.8999E7,"mot":"U","mo":42.0},{"cn":"Novoluna Great","ui":"6796345","t":18.0,"r":18.0,"q":47.57,"p":2.0E7,"mot":"U","mo":18.0},{"cn":"АО «ПОГАНКА»","ui":"6257623","t":17.0,"r":17.0,"q":39.2,"p":2.2E7,"mot":"U","mo":17.0},{"cn":"Trade Inc.","ui":"6065086","t":25.0,"r":25.0,"q":27.9,"p":3.5E7,"mot":"U","mo":25.0},{"cn":"","ui":"","t":1507.0,"r":58.0,"q":10.65,"p":2.392758621E7,"mot":"L","mo":58.0}]},{"d":"22.03.2017","r":260.0,"q":12.85,"p":2.611498557E7,"s":[{"cn":"lider","ui":"6798360","t":21.0,"r":21.0,"q":11.25,"p":2.5E7,"mot":"U","mo":21.0},{"cn":"Rfkbgrf и сыновья","ui":"5277885","t":34.0,"r":32.0,"q":3.0,"p":5666664.0,"mot":"U","mo":32.0},{"cn":"ok72 и компания","ui":"6058423","t":18.0,"r":18.0,"q":12.93,"p":1.95E7,"mot":"U","mo":18.0},{"cn":"cawka2000","ui":"5679507","t":60.0,"r":60.0,"q":3.5,"p":3.5E7,"mot":"U","mo":60.0},{"cn":"М. В. Ю.","ui":"5288988","t":37.0,"r":37.0,"q":13.27,"p":1.9499E7,"mot":"U","mo":37.0},{"cn":"Makena Holding","ui":"5288526","t":25.0,"r":25.0,"q":28.77,"p":3.8E7,"mot":"U","mo":25.0},{"cn":"Trade Inc.","ui":"6065086","t":27.0,"r":27.0,"q":27.9,"p":3.5E7,"mot":"U","mo":27.0},{"cn":"","ui":"","t":1156.0,"r":40.0,"q":15.08,"p":2.54025E7,"mot":"L","mo":40.0}]},{"d":"23.03.2017","r":271.0,"q":16.39,"p":2.91281448E7,"s":[{"cn":"lider","ui":"6798360","t":23.0,"r":23.0,"q":11.26,"p":2.5E7,"mot":"U","mo":23.0},{"cn":"Rfkbgrf и сыновья","ui":"5277885","t":37.0,"r":35.0,"q":2.93,"p":5666664.0,"mot":"U","mo":35.0},{"cn":"cawka2000","ui":"5679507","t":63.0,"r":63.0,"q":3.49,"p":3.5E7,"mot":"U","mo":63.0},{"cn":"АО «kjifr1972»","ui":"6712637","t":19.0,"r":19.0,"q":48.6,"p":3.1E7,"mot":"U","mo":19.0},{"cn":"Makena Holding","ui":"5288526","t":60.0,"r":60.0,"q":27.48,"p":3.8E7,"mot":"U","mo":60.0},{"cn":"Trade Inc.","ui":"6065086","t":29.0,"r":29.0,"q":27.9,"p":3.5E7,"mot":"U","mo":29.0},{"cn":"","ui":"","t":884.0,"r":42.0,"q":11.39,"p":2.4557E7,"mot":"L","mo":42.0}]},{"d":"24.03.2017","r":342.0,"q":20.36,"p":3.107573085E7,"s":[{"cn":"Ёкорный Бабай","ui":"6347392","t":53.0,"r":53.0,"q":28.19,"p":2.6E7,"mot":"U","mo":53.0},{"cn":"lider","ui":"6798360","t":25.0,"r":25.0,"q":11.26,"p":2.5E7,"mot":"U","mo":25.0},{"cn":"Rfkbgrf и сыновья","ui":"5277885","t":20.0,"r":18.0,"q":2.78,"p":5666664.0,"mot":"U","mo":18.0},{"cn":"cawka2000","ui":"5679507","t":66.0,"r":66.0,"q":3.47,"p":3.5E7,"mot":"U","mo":66.0},{"cn":"АО «kjifr1972»","ui":"6712637","t":20.0,"r":20.0,"q":48.45,"p":3.1E7,"mot":"U","mo":20.0},{"cn":"Makena Holding","ui":"5288526","t":99.0,"r":99.0,"q":27.28,"p":3.8E7,"mot":"U","mo":99.0},{"cn":"Trade Inc.","ui":"6065086","t":31.0,"r":31.0,"q":27.9,"p":3.5E7,"mot":"U","mo":31.0},{"cn":"","ui":"","t":766.0,"r":30.0,"q":12.5,"p":2.486333333E7,"mot":"L","mo":30.0}]},{"d":"25.03.2017","r":369.0,"q":20.68,"p":3.157632696E7,"s":[{"cn":"Ёкорный Бабай","ui":"6347392","t":51.0,"r":51.0,"q":28.19,"p":2.6E7,"mot":"U","mo":51.0},{"cn":"lider","ui":"6798360","t":27.0,"r":27.0,"q":11.2,"p":2.5E7,"mot":"U","mo":27.0},{"cn":"cawka2000","ui":"5679507","t":68.0,"r":68.0,"q":3.46,"p":3.5E7,"mot":"U","mo":68.0},{"cn":"АО «kjifr1972»","ui":"6712637","t":21.0,"r":21.0,"q":48.32,"p":3.1E7,"mot":"U","mo":21.0},{"cn":"Makena Holding","ui":"5288526","t":134.0,"r":134.0,"q":27.19,"p":3.8E7,"mot":"U","mo":134.0},{"cn":"","ui":"","t":617.0,"r":68.0,"q":14.67,"p":2.246565659E7,"mot":"L","mo":68.0}]},{"d":"26.03.2017","r":202.0,"q":16.77,"p":2.976978218E7,"s":[{"cn":"lider","ui":"6798360","t":29.0,"r":29.0,"q":11.14,"p":2.5E7,"mot":"U","mo":29.0},{"cn":"ok72 и компания","ui":"6058423","t":18.0,"r":18.0,"q":13.61,"p":1.95E7,"mot":"U","mo":18.0},{"cn":"cawka2000","ui":"5679507","t":70.0,"r":70.0,"q":3.46,"p":3.5E7,"mot":"U","mo":70.0},{"cn":"АО «kjifr1972»","ui":"6712637","t":22.0,"r":22.0,"q":48.2,"p":3.0E7,"mot":"U","mo":22.0},{"cn":"Trade Inc.","ui":"6065086","t":35.0,"r":35.0,"q":27.9,"p":3.5E7,"mot":"U","mo":35.0},{"cn":"","ui":"","t":88.0,"r":28.0,"q":19.28,"p":2.151771429E7,"mot":"L","mo":28.0}]},{"d":"27.03.2017","r":189.0,"q":23.8,"p":2.813612169E7,"s":[{"cn":"lider","ui":"6798360","t":31.0,"r":31.0,"q":11.09,"p":2.5E7,"mot":"U","mo":31.0},{"cn":"АО «kjifr1972»","ui":"6712637","t":23.0,"r":23.0,"q":48.09,"p":3.0E7,"mot":"U","mo":23.0},{"cn":"М. В. Ю.","ui":"5288988","t":23.0,"r":23.0,"q":14.56,"p":1.9499E7,"mot":"U","mo":23.0},{"cn":"Makena Holding","ui":"5288526","t":30.0,"r":30.0,"q":27.19,"p":3.8E7,"mot":"U","mo":30.0},{"cn":"Novoluna Great","ui":"6983568","t":15.0,"r":15.0,"q":11.23,"p":1.95E7,"mot":"U","mo":15.0},{"cn":"Trade Inc.","ui":"6065086","t":37.0,"r":37.0,"q":27.9,"p":3.5E7,"mot":"U","mo":37.0},{"cn":"","ui":"","t":941.0,"r":30.0,"q":23.25,"p":2.255833333E7,"mot":"L","mo":30.0}]},{"d":"28.03.2017","r":99.0,"q":22.73,"p":2.688989899E7,"s":[{"cn":"ok72 и компания","ui":"6058423","t":11.0,"r":11.0,"q":14.31,"p":2.05E7,"mot":"U","mo":11.0},{"cn":"Гувор","ui":"4975211","t":11.0,"r":11.0,"q":16.63,"p":2.3E7,"mot":"L","mo":5.0},{"cn":"sigma ltd","ui":"5813525","t":11.0,"r":9.0,"q":46.71,"p":3.0E7,"mot":"U","mo":9.0},{"cn":"Novoluna Great","ui":"6983568","t":15.0,"r":15.0,"q":11.4,"p":1.95E7,"mot":"U","mo":15.0},{"cn":"Energy inc","ui":"6316638","t":10.0,"r":7.0,"q":16.48,"p":1.85E7,"mot":"U","mo":7.0},{"cn":"ok72 и компания","ui":"6920809","t":15.0,"r":9.0,"q":14.69,"p":2.04E7,"mot":"U","mo":9.0},{"cn":"Trade Inc.","ui":"6065086","t":39.0,"r":39.0,"q":27.9,"p":3.5E7,"mot":"U","mo":39.0},{"cn":"","ui":"","t":1399.0,"r":4.0,"q":20.76,"p":2.025E7,"mot":"L","mo":4.0}]},{"d":"29.03.2017","r":120.0,"q":22.5,"p":2.630521667E7,"s":[{"cn":"М. В. Ю.","ui":"5288988","t":24.0,"r":24.0,"q":14.77,"p":1.9499E7,"mot":"U","mo":24.0},{"cn":"sigma ltd","ui":"5813525","t":14.0,"r":12.0,"q":46.71,"p":3.0E7,"mot":"U","mo":12.0},{"cn":"Novoluna Great","ui":"6983568","t":20.0,"r":20.0,"q":11.49,"p":1.95E7,"mot":"U","mo":20.0},{"cn":"ok72 и компания","ui":"6920809","t":17.0,"r":11.0,"q":14.8,"p":2.04E7,"mot":"U","mo":11.0},{"cn":"Trade Inc.","ui":"6065086","t":41.0,"r":41.0,"q":27.9,"p":3.5E7,"mot":"U","mo":41.0},{"cn":"","ui":"","t":1418.0,"r":12.0,"q":20.73,"p":2.327083333E7,"mot":"L","mo":12.0}]},{"d":"31.03.2017","r":262.0,"q":21.49,"p":2.856990076E7,"s":[{"cn":"М. В. Ю.","ui":"5288988","t":36.0,"r":36.0,"q":15.2,"p":1.9499E7,"mot":"U","mo":36.0},{"cn":"ok72 и компания","ui":"6058423","t":17.0,"r":17.0,"q":14.44,"p":2.05E7,"mot":"U","mo":17.0},{"cn":"sigma ltd","ui":"5813525","t":20.0,"r":18.0,"q":46.71,"p":3.0E7,"mot":"U","mo":18.0},{"cn":"mris_95_aa Финанс","ui":"6212514","t":19.0,"r":19.0,"q":48.42,"p":2.2E7,"mot":"L","mo":19.0},{"cn":"Novoluna Great","ui":"6983568","t":23.0,"r":23.0,"q":11.6,"p":2.07E7,"mot":"U","mo":23.0},{"cn":"cawka2000","ui":"5679507","t":72.0,"r":72.0,"q":3.45,"p":3.5E7,"mot":"U","mo":72.0},{"cn":"АО «kjifr1972»","ui":"6712637","t":24.0,"r":24.0,"q":48.03,"p":3.0E7,"mot":"U","mo":24.0},{"cn":"Trade Inc.","ui":"6065086","t":45.0,"r":45.0,"q":27.9,"p":3.5E7,"mot":"U","mo":45.0},{"cn":"","ui":"","t":1308.0,"r":8.0,"q":19.14,"p":2.321875E7,"mot":"L","mo":8.0}]},{"d":"01.04.2017","r":220.0,"q":23.93,"p":2.529406818E7,"s":[{"cn":"М. В. Ю.","ui":"5288988","t":55.0,"r":55.0,"q":15.33,"p":1.9599E7,"mot":"U","mo":55.0},{"cn":"BONDERLOG \u0026 MAKS","ui":"6930749","t":59.0,"r":59.0,"q":12.02,"p":2.0E7,"mot":"U","mo":59.0},{"cn":"sigma ltd","ui":"5813525","t":24.0,"r":23.0,"q":46.71,"p":3.0E7,"mot":"U","mo":23.0},{"cn":"АО «kjifr1972»","ui":"6712637","t":24.0,"r":23.0,"q":47.98,"p":3.0E7,"mot":"U","mo":23.0},{"cn":"Trade Inc.","ui":"6065086","t":47.0,"r":47.0,"q":27.9,"p":3.5E7,"mot":"U","mo":47.0},{"cn":"","ui":"","t":1314.0,"r":13.0,"q":17.1,"p":2.167307692E7,"mot":"L","mo":13.0}]},{"d":"02.04.2017","r":192.0,"q":21.67,"p":2.245778813E7,"s":[{"cn":"М. В. Ю.","ui":"5288988","t":38.0,"r":38.0,"q":15.42,"p":1.9999E7,"mot":"U","mo":38.0},{"cn":"BONDERLOG \u0026 MAKS","ui":"6930749","t":63.0,"r":63.0,"q":12.02,"p":2.0E7,"mot":"U","mo":63.0},{"cn":"sigma ltd","ui":"5813525","t":28.0,"r":27.0,"q":46.71,"p":3.0E7,"mot":"U","mo":27.0},{"cn":"Novoluna Great","ui":"6983568","t":28.0,"r":28.0,"q":11.62,"p":2.07E7,"mot":"U","mo":28.0},{"cn":"АО «kjifr1972»","ui":"6712637","t":23.0,"r":22.0,"q":47.92,"p":3.0E7,"mot":"U","mo":22.0},{"cn":"","ui":"","t":1232.0,"r":14.0,"q":12.57,"p":1.730952286E7,"mot":"L","mo":14.0}]},{"d":"03.04.2017","r":362.0,"q":25.31,"p":2.567424391E7,"s":[{"cn":"М. В. Ю.","ui":"5288988","t":57.0,"r":57.0,"q":15.47,"p":1.9999E7,"mot":"U","mo":57.0},{"cn":"BONDERLOG \u0026 MAKS","ui":"6930749","t":73.0,"r":73.0,"q":12.02,"p":2.0E7,"mot":"U","mo":73.0},{"cn":"Makena Holding","ui":"5288526","t":26.0,"r":26.0,"q":27.19,"p":3.8E7,"mot":"U","mo":26.0},{"cn":"sigma ltd","ui":"5813525","t":80.0,"r":79.0,"q":46.71,"p":3.0E7,"mot":"U","mo":79.0},{"cn":"Novoluna Great","ui":"6983568","t":29.0,"r":29.0,"q":11.62,"p":2.07E7,"mot":"U","mo":29.0},{"cn":"АО «kjifr1972»","ui":"6712637","t":23.0,"r":22.0,"q":47.87,"p":3.0E7,"mot":"U","mo":22.0},{"cn":"Trade Inc.","ui":"6065086","t":48.0,"r":48.0,"q":27.9,"p":3.5E7,"mot":"U","mo":48.0},{"cn":"","ui":"","t":1237.0,"r":28.0,"q":9.94,"p":1.413690343E7,"mot":"L","mo":28.0}]},{"d":"04.04.2017","r":263.0,"q":23.51,"p":2.862915069E7,"s":[{"cn":"BONDERLOG \u0026 MAKS","ui":"6930749","t":27.0,"r":27.0,"q":12.02,"p":2.0E7,"mot":"U","mo":27.0},{"cn":"sigma ltd","ui":"5813525","t":79.0,"r":78.0,"q":46.71,"p":3.0E7,"mot":"U","mo":78.0},{"cn":"Makena Holding","ui":"5288526","t":21.0,"r":21.0,"q":27.19,"p":3.8E7,"mot":"U","mo":21.0},{"cn":"cawka2000","ui":"5679507","t":71.0,"r":71.0,"q":3.45,"p":3.5E7,"mot":"U","mo":71.0},{"cn":"Novoluna Great","ui":"6983568","t":14.0,"r":14.0,"q":11.75,"p":2.07E7,"mot":"U","mo":14.0},{"cn":"АО «kjifr1972»","ui":"6712637","t":19.0,"r":18.0,"q":47.81,"p":3.0E7,"mot":"U","mo":18.0},{"cn":"","ui":"","t":1111.0,"r":34.0,"q":11.04,"p":1.578431271E7,"mot":"L","mo":34.0}]},{"d":"05.04.2017","r":170.0,"q":31.08,"p":2.580431355E7,"s":[{"cn":"lider","ui":"6798360","t":32.0,"r":32.0,"q":11.07,"p":2.5E7,"mot":"U","mo":32.0},{"cn":"Rfkbgrf и сыновья","ui":"5277885","t":11.0,"r":11.0,"q":2.67,"p":5666664.0,"mot":"U","mo":11.0},{"cn":"ok72 и компания","ui":"6058423","t":10.0,"r":10.0,"q":15.92,"p":2.05E7,"mot":"U","mo":10.0},{"cn":"BONDERLOG \u0026 MAKS","ui":"6930749","t":10.0,"r":10.0,"q":12.02,"p":2.0E7,"mot":"U","mo":10.0},{"cn":"Паршуков Инвест","ui":"6828775","t":9.0,"r":9.0,"q":9.88,"p":2.2E7,"mot":"U","mo":9.0},{"cn":"sigma ltd","ui":"5813525","t":78.0,"r":77.0,"q":46.71,"p":3.0E7,"mot":"U","mo":77.0},{"cn":"АО «kjifr1972»","ui":"6712637","t":18.0,"r":17.0,"q":47.75,"p":3.0E7,"mot":"U","mo":17.0},{"cn":"","ui":"","t":855.0,"r":4.0,"q":30.89,"p":2.535E7,"mot":"L","mo":4.0}]},{"d":"06.04.2017","r":155.0,"q":37.23,"p":2.978494606E7,"s":[{"cn":"Rfkbgrf и сыновья","ui":"5277885","t":10.0,"r":10.0,"q":2.66,"p":5666664.0,"mot":"U","mo":10.0},{"cn":"Foods Ind.","ui":"5209972","t":8.0,"r":8.0,"q":17.18,"p":3.0E7,"mot":"U","mo":8.0},{"cn":"sigma ltd","ui":"5813525","t":77.0,"r":76.0,"q":46.71,"p":3.0E7,"mot":"U","mo":76.0},{"cn":"АО «kjifr1972»","ui":"6712637","t":18.0,"r":17.0,"q":47.69,"p":3.0E7,"mot":"U","mo":17.0},{"cn":"Trade Inc.","ui":"6065086","t":43.0,"r":43.0,"q":27.9,"p":3.5E7,"mot":"U","mo":43.0},{"cn":"","ui":"","t":833.0,"r":1.0,"q":46.7,"p":2.5E7,"mot":"L","mo":1.0}]},{"d":"07.04.2017","r":139.0,"q":32.46,"p":2.689911494E7,"s":[{"cn":"М. В. Ю.","ui":"5288988","t":23.0,"r":23.0,"q":15.59,"p":2.1999E7,"mot":"U","mo":23.0},{"cn":"Rfkbgrf и сыновья","ui":"5277885","t":9.0,"r":9.0,"q":2.66,"p":5666664.0,"mot":"U","mo":9.0},{"cn":"ok72 и компания","ui":"6058423","t":10.0,"r":10.0,"q":16.22,"p":2.05E7,"mot":"U","mo":10.0},{"cn":"sigma ltd","ui":"5813525","t":66.0,"r":55.0,"q":46.71,"p":3.0E7,"mot":"U","mo":55.0},{"cn":"Makena Holding","ui":"5288526","t":16.0,"r":16.0,"q":27.19,"p":3.8E7,"mot":"U","mo":16.0},{"cn":"АО «kjifr1972»","ui":"6712637","t":17.0,"r":16.0,"q":47.63,"p":3.0E7,"mot":"U","mo":16.0},{"cn":"","ui":"","t":597.0,"r":10.0,"q":20.11,"p":2.39E7,"mot":"L","mo":10.0}]},{"d":"08.04.2017","r":133.0,"q":29.59,"p":2.570909991E7,"s":[{"cn":"М. В. Ю.","ui":"5288988","t":23.0,"r":23.0,"q":14.81,"p":2.1999E7,"mot":"U","mo":23.0},{"cn":"Rfkbgrf и сыновья","ui":"5277885","t":17.0,"r":17.0,"q":2.66,"p":5666664.0,"mot":"U","mo":17.0},{"cn":"ok72 и компания","ui":"6058423","t":10.0,"r":10.0,"q":16.34,"p":2.05E7,"mot":"U","mo":10.0},{"cn":"Makena Holding","ui":"5288526","t":11.0,"r":11.0,"q":27.19,"p":3.8E7,"mot":"U","mo":11.0},{"cn":"sigma ltd","ui":"5813525","t":55.0,"r":44.0,"q":46.71,"p":3.0E7,"mot":"U","mo":44.0},{"cn":"АО «kjifr1972»","ui":"6712637","t":17.0,"r":16.0,"q":47.58,"p":3.0E7,"mot":"U","mo":16.0},{"cn":"","ui":"","t":581.0,"r":12.0,"q":22.52,"p":3.283333333E7,"mot":"L","mo":12.0}]},{"d":"09.04.2017","r":134.0,"q":8.63,"p":1.9614828E7,"s":[{"cn":"М. В. Ю.","ui":"5288988","t":23.0,"r":13.0,"q":14.43,"p":2.1999E7,"mot":"U","mo":13.0},{"cn":"ZORGZ Inc.","ui":"5313131","t":74.0,"r":74.0,"q":6.3,"p":2.1E7,"mot":"U","mo":74.0},{"cn":"Rfkbgrf и сыновья","ui":"5277885","t":18.0,"r":18.0,"q":2.65,"p":5666664.0,"mot":"U","mo":18.0},{"cn":"ok72 и компания","ui":"6058423","t":10.0,"r":10.0,"q":16.4,"p":2.05E7,"mot":"U","mo":10.0},{"cn":"","ui":"","t":356.0,"r":19.0,"q":15.33,"p":2.533684211E7,"mot":"L","mo":19.0}]},{"d":"10.04.2017","r":191.0,"q":13.42,"p":2.311731552E7,"s":[{"cn":"М. В. Ю.","ui":"5288988","t":36.0,"r":26.0,"q":14.07,"p":2.1999E7,"mot":"U","mo":26.0},{"cn":"ZORGZ Inc.","ui":"5313131","t":56.0,"r":56.0,"q":6.3,"p":2.1E7,"mot":"U","mo":56.0},{"cn":"Rfkbgrf и сыновья","ui":"5277885","t":26.0,"r":26.0,"q":2.64,"p":5666664.0,"mot":"U","mo":26.0},{"cn":"ok72 и компания","ui":"6058423","t":11.0,"r":11.0,"q":16.43,"p":2.05E7,"mot":"U","mo":11.0},{"cn":"cawka2000","ui":"6871413","t":13.0,"r":13.0,"q":4.5,"p":2.5E7,"mot":"U","mo":13.0},{"cn":"Trade Inc.","ui":"6065086","t":38.0,"r":38.0,"q":27.9,"p":3.5E7,"mot":"U","mo":38.0},{"cn":"","ui":"","t":350.0,"r":21.0,"q":22.66,"p":3.045714286E7,"mot":"L","mo":21.0}]},{"d":"11.04.2017","r":167.0,"q":7.67,"p":2.546259631E7,"s":[{"cn":"М. В. Ю.","ui":"5288988","t":23.0,"r":13.0,"q":13.61,"p":2.1999E7,"mot":"U","mo":13.0},{"cn":"Rfkbgrf и сыновья","ui":"5277885","t":31.0,"r":31.0,"q":2.63,"p":5666664.0,"mot":"U","mo":31.0},{"cn":"ok72 и компания","ui":"6058423","t":12.0,"r":12.0,"q":16.55,"p":2.05E7,"mot":"U","mo":12.0},{"cn":"cawka2000","ui":"6871413","t":20.0,"r":20.0,"q":4.55,"p":2.5E7,"mot":"U","mo":20.0},{"cn":"cawka2000","ui":"5679507","t":70.0,"r":70.0,"q":3.45,"p":3.5E7,"mot":"U","mo":70.0},{"cn":"Novoluna Great","ui":"6983568","t":9.0,"r":9.0,"q":15.58,"p":2.24E7,"mot":"U","mo":9.0},{"cn":"","ui":"","t":333.0,"r":12.0,"q":29.29,"p":3.275E7,"mot":"L","mo":12.0}]},{"d":"12.04.2017","r":201.0,"q":14.59,"p":2.664017389E7,"s":[{"cn":"Rfkbgrf и сыновья","ui":"5277885","t":18.0,"r":18.0,"q":2.61,"p":5666664.0,"mot":"U","mo":18.0},{"cn":"ok72 и компания","ui":"6058423","t":21.0,"r":21.0,"q":16.55,"p":2.05E7,"mot":"U","mo":21.0},{"cn":"SlavuntikCompany","ui":"4849930","t":11.0,"r":11.0,"q":28.34,"p":3.7E7,"mot":"U","mo":11.0},{"cn":"cawka2000","ui":"6871413","t":27.0,"r":27.0,"q":4.57,"p":2.5E7,"mot":"U","mo":27.0},{"cn":"cawka2000","ui":"5679507","t":20.0,"r":20.0,"q":3.45,"p":3.5E7,"mot":"U","mo":20.0},{"cn":"М. В. Ю.","ui":"5288988","t":35.0,"r":25.0,"q":13.42,"p":2.1999E7,"mot":"U","mo":25.0},{"cn":"Novoluna Great","ui":"6983568","t":18.0,"r":18.0,"q":15.55,"p":2.24E7,"mot":"U","mo":18.0},{"cn":"Trade Inc.","ui":"6065086","t":33.0,"r":33.0,"q":27.9,"p":3.5E7,"mot":"U","mo":33.0},{"cn":"","ui":"","t":43.0,"r":28.0,"q":17.8,"p":3.328571429E7,"mot":"L","mo":28.0}]},{"d":"13.04.2017","r":180.0,"q":42.39,"p":4.336666667E7,"s":[{"cn":"Prezidentoff","ui":"6436003","t":204.0,"r":154.0,"q":48.76,"p":4.5E7,"mot":"U","mo":154.0},{"cn":"cawka2000","ui":"5679507","t":17.0,"r":17.0,"q":3.45,"p":3.5E7,"mot":"U","mo":17.0},{"cn":"","ui":"","t":9.0,"r":9.0,"q":6.88,"p":3.122222222E7,"mot":"L","mo":9.0}]},{"d":"14.04.2017","r":37.0,"q":13.36,"p":2.613513514E7,"s":[{"cn":"ok72 и компания","ui":"6058423","t":12.0,"r":12.0,"q":16.51,"p":2.05E7,"mot":"U","mo":12.0},{"cn":"cawka2000","ui":"5679507","t":9.0,"r":9.0,"q":3.45,"p":3.5E7,"mot":"U","mo":9.0},{"cn":"Novoluna Great","ui":"6983568","t":14.0,"r":14.0,"q":16.81,"p":2.6E7,"mot":"U","mo":14.0},{"cn":"Rainbow","ui":"5936401","t":2.0,"r":2.0,"q":14.87,"p":2.1E7,"mot":"U","mo":2.0},{"cn":"","ui":"","t":0.0,"r":0.0,"q":0.0,"p":0.0,"mot":"L","mo":0.0}]},{"d":"15.04.2017","r":67.0,"q":16.25,"p":2.73281489E7,"s":[{"cn":"М. В. Ю.","ui":"5288988","t":24.0,"r":14.0,"q":12.72,"p":2.1999E7,"mot":"U","mo":14.0},{"cn":"Lenin и сыновья","ui":"7055713","t":4.0,"r":4.0,"q":14.4,"p":5.5E7,"mot":"U","mo":4.0},{"cn":"Rfkbgrf и сыновья","ui":"5277885","t":9.0,"r":9.0,"q":2.6,"p":5666664.0,"mot":"U","mo":9.0},{"cn":"Prezidentoff","ui":"6436003","t":5.0,"r":5.0,"q":48.07,"p":4.5E7,"mot":"U","mo":5.0},{"cn":"ok72 и компания","ui":"6058423","t":10.0,"r":10.0,"q":16.5,"p":2.05E7,"mot":"U","mo":10.0},{"cn":"Novoluna Great","ui":"6983568","t":14.0,"r":14.0,"q":16.47,"p":3.0E7,"mot":"U","mo":14.0},{"cn":"","ui":"","t":11.0,"r":11.0,"q":17.62,"p":3.654545455E7,"mot":"L","mo":11.0}]},{"d":"16.04.2017","r":114.0,"q":27.26,"p":2.678197944E7,"s":[{"cn":"М. В. Ю.","ui":"5288988","t":31.0,"r":21.0,"q":12.47,"p":2.1999E7,"mot":"U","mo":21.0},{"cn":"mris_95_aa Финанс","ui":"6212514","t":54.0,"r":54.0,"q":48.48,"p":2.4E7,"mot":"L","mo":40.0},{"cn":"SlavuntikCompany","ui":"4849930","t":6.0,"r":6.0,"q":28.41,"p":3.7E7,"mot":"U","mo":6.0},{"cn":"Novoluna Great","ui":"6983568","t":28.0,"r":28.0,"q":16.55,"p":3.0E7,"mot":"U","mo":28.0},{"cn":"","ui":"","t":24.0,"r":19.0,"q":14.33,"p":2.995613979E7,"mot":"L","mo":19.0}]},{"d":"17.04.2017","r":149.0,"q":26.71,"p":2.503008703E7,"s":[{"cn":"М. В. Ю.","ui":"5288988","t":27.0,"r":17.0,"q":13.12,"p":2.1999E7,"mot":"U","mo":17.0},{"cn":"Rfkbgrf и сыновья","ui":"5277885","t":12.0,"r":12.0,"q":2.59,"p":5666664.0,"mot":"U","mo":12.0},{"cn":"Prezidentoff","ui":"6436003","t":8.0,"r":8.0,"q":47.97,"p":4.5E7,"mot":"U","mo":8.0},{"cn":"mris_95_aa Финанс","ui":"6212514","t":60.0,"r":33.0,"q":48.48,"p":2.4E7,"mot":"L","mo":33.0},{"cn":"SlavuntikCompany","ui":"4849930","t":9.0,"r":9.0,"q":28.42,"p":3.7E7,"mot":"U","mo":9.0},{"cn":"Novoluna Great","ui":"6983568","t":41.0,"r":41.0,"q":16.63,"p":2.3E7,"mot":"U","mo":41.0},{"cn":"","ui":"","t":35.0,"r":29.0,"q":27.73,"p":2.963793103E7,"mot":"L","mo":29.0}]},{"d":"18.04.2017","r":127.0,"q":25.93,"p":2.67648868E7,"s":[{"cn":"М. В. Ю.","ui":"5288988","t":36.0,"r":26.0,"q":13.73,"p":2.2999E7,"mot":"U","mo":26.0},{"cn":"Rfkbgrf и сыновья","ui":"5277885","t":16.0,"r":16.0,"q":2.58,"p":5666664.0,"mot":"U","mo":16.0},{"cn":"Prezidentoff","ui":"6436003","t":10.0,"r":10.0,"q":48.23,"p":4.5E7,"mot":"U","mo":10.0},{"cn":"ok72 и компания","ui":"6058423","t":12.0,"r":7.0,"q":16.45,"p":2.05E7,"mot":"U","mo":7.0},{"cn":"sigma ltd","ui":"5813525","t":10.0,"r":10.0,"q":47.53,"p":3.2E7,"mot":"U","mo":10.0},{"cn":"mris_95_aa Финанс","ui":"6212514","t":38.0,"r":11.0,"q":48.49,"p":2.4E7,"mot":"L","mo":11.0},{"cn":"Novoluna Great","ui":"6983568","t":14.0,"r":14.0,"q":16.81,"p":2.3E7,"mot":"U","mo":14.0},{"cn":"Foods Ind.","ui":"4828100","t":20.0,"r":20.0,"q":33.73,"p":4.0E7,"mot":"U","mo":20.0},{"cn":"","ui":"","t":15.0,"r":13.0,"q":29.13,"p":3.161538462E7,"mot":"L","mo":13.0}]},{"d":"19.04.2017","r":186.0,"q":28.51,"p":2.742192976E7,"s":[{"cn":"М. В. Ю.","ui":"5288988","t":31.0,"r":21.0,"q":14.48,"p":2.2999E7,"mot":"U","mo":21.0},{"cn":"Rfkbgrf и сыновья","ui":"5277885","t":24.0,"r":24.0,"q":2.57,"p":5666664.0,"mot":"U","mo":24.0},{"cn":"Prezidentoff","ui":"6436003","t":15.0,"r":15.0,"q":48.12,"p":4.5E7,"mot":"U","mo":15.0},{"cn":"mris_95_aa Финанс","ui":"6212514","t":65.0,"r":40.0,"q":48.5,"p":2.6E7,"mot":"L","mo":40.0},{"cn":"Novoluna Great","ui":"6983568","t":25.0,"r":25.0,"q":16.91,"p":2.5E7,"mot":"U","mo":25.0},{"cn":"Foods Ind.","ui":"4828100","t":38.0,"r":38.0,"q":33.99,"p":4.0E7,"mot":"U","mo":38.0},{"cn":"","ui":"","t":33.0,"r":23.0,"q":24.43,"p":2.702173913E7,"mot":"L","mo":23.0}]},{"d":"21.04.2017","r":272.0,"q":28.64,"p":2.817138812E7,"s":[{"cn":"М. В. Ю.","ui":"5288988","t":59.0,"r":49.0,"q":15.0,"p":2.2999E7,"mot":"U","mo":49.0},{"cn":"Rfkbgrf и сыновья","ui":"5277885","t":37.0,"r":37.0,"q":2.56,"p":5666664.0,"mot":"U","mo":37.0},{"cn":"Prezidentoff","ui":"6436003","t":25.0,"r":25.0,"q":48.04,"p":4.5E7,"mot":"U","mo":25.0},{"cn":"sigma ltd","ui":"5813525","t":17.0,"r":17.0,"q":47.68,"p":3.2E7,"mot":"U","mo":17.0},{"cn":"mris_95_aa Финанс","ui":"6212514","t":70.0,"r":43.0,"q":48.51,"p":2.6E7,"mot":"L","mo":40.0},{"cn":"Makena Holding","ui":"5288526","t":39.0,"r":39.0,"q":28.13,"p":3.8E7,"mot":"U","mo":39.0},{"cn":"Foods Ind.","ui":"4828100","t":28.0,"r":28.0,"q":37.75,"p":4.0E7,"mot":"U","mo":28.0},{"cn":"","ui":"","t":42.0,"r":37.0,"q":23.08,"p":2.743243243E7,"mot":"L","mo":37.0}]},{"d":"22.04.2017","r":258.0,"q":32.57,"p":3.162387984E7,"s":[{"cn":"М. В. Ю.","ui":"5288988","t":49.0,"r":39.0,"q":15.0,"p":2.2999E7,"mot":"U","mo":39.0},{"cn":"Prezidentoff","ui":"6436003","t":30.0,"r":30.0,"q":48.08,"p":4.5E7,"mot":"U","mo":30.0},{"cn":"ok72 и компания","ui":"6058423","t":22.0,"r":20.0,"q":16.44,"p":2.05E7,"mot":"U","mo":20.0},{"cn":"Makena Holding","ui":"5288526","t":80.0,"r":80.0,"q":29.25,"p":3.8E7,"mot":"U","mo":80.0},{"cn":"sigma ltd","ui":"5813525","t":22.0,"r":22.0,"q":47.76,"p":3.2E7,"mot":"U","mo":22.0},{"cn":"mris_95_aa Финанс","ui":"6212514","t":113.0,"r":86.0,"q":48.52,"p":2.6E7,"mot":"L","mo":40.0},{"cn":"","ui":"","t":33.0,"r":27.0,"q":26.53,"p":2.659259259E7,"mot":"L","mo":27.0}]},{"d":"23.04.2017","r":222.0,"q":34.1,"p":3.16350045E7,"s":[{"cn":"М. В. Ю.","ui":"5288988","t":39.0,"r":29.0,"q":15.0,"p":2.2999E7,"mot":"U","mo":29.0},{"cn":"lider","ui":"6798360","t":12.0,"r":12.0,"q":11.3,"p":2.5E7,"mot":"U","mo":12.0},{"cn":"ok72 и компания","ui":"6058423","t":12.0,"r":12.0,"q":16.57,"p":2.05E7,"mot":"U","mo":12.0},{"cn":"Prezidentoff","ui":"6436003","t":35.0,"r":35.0,"q":48.12,"p":4.5E7,"mot":"U","mo":35.0},{"cn":"sigma ltd","ui":"5813525","t":27.0,"r":27.0,"q":47.82,"p":3.2E7,"mot":"U","mo":27.0},{"cn":"mris_95_aa Финанс","ui":"6212514","t":56.0,"r":29.0,"q":48.53,"p":2.6E7,"mot":"L","mo":29.0},{"cn":"Makena Holding","ui":"5288526","t":49.0,"r":49.0,"q":30.28,"p":3.8E7,"mot":"U","mo":49.0},{"cn":"АО «kjifr1972»","ui":"6712637","t":15.0,"r":15.0,"q":48.51,"p":3.0E7,"mot":"U","mo":15.0},{"cn":"","ui":"","t":21.0,"r":14.0,"q":14.7,"p":2.178571429E7,"mot":"L","mo":14.0}]},{"d":"24.04.2017","r":326.0,"q":36.14,"p":3.418755112E7,"s":[{"cn":"М. В. Ю.","ui":"5288988","t":35.0,"r":25.0,"q":15.44,"p":2.2999E7,"mot":"U","mo":25.0},{"cn":"Prezidentoff","ui":"6436003","t":40.0,"r":40.0,"q":48.15,"p":4.5E7,"mot":"U","mo":40.0},{"cn":"Makena Holding","ui":"5288526","t":90.0,"r":90.0,"q":30.42,"p":3.8E7,"mot":"U","mo":90.0},{"cn":"mris_95_aa Финанс","ui":"6212514","t":98.0,"r":71.0,"q":48.54,"p":2.6E7,"mot":"L","mo":40.0},{"cn":"sigma ltd","ui":"5813525","t":32.0,"r":32.0,"q":47.87,"p":3.2E7,"mot":"U","mo":32.0},{"cn":"Foods Ind.","ui":"4828100","t":48.0,"r":48.0,"q":38.16,"p":4.0E7,"mot":"U","mo":48.0},{"cn":"АО «kjifr1972»","ui":"6712637","t":20.0,"r":20.0,"q":48.52,"p":3.0E7,"mot":"U","mo":20.0},{"cn":"","ui":"","t":46.0,"r":31.0,"q":14.7,"p":2.471505368E7,"mot":"L","mo":31.0}]},{"d":"26.04.2017","r":290.0,"q":30.43,"p":3.246935743E7,"s":[{"cn":"М. В. Ю.","ui":"5288988","t":63.0,"r":53.0,"q":15.03,"p":1.9999E7,"mot":"U","mo":53.0},{"cn":"lider","ui":"6798360","t":18.0,"r":18.0,"q":11.07,"p":2.5E7,"mot":"U","mo":18.0},{"cn":"Prezidentoff","ui":"6436003","t":50.0,"r":50.0,"q":48.2,"p":4.5E7,"mot":"U","mo":50.0},{"cn":"Makena Holding","ui":"5288526","t":98.0,"r":98.0,"q":30.51,"p":3.8E7,"mot":"U","mo":98.0},{"cn":"sigma ltd","ui":"5813525","t":42.0,"r":42.0,"q":47.95,"p":3.2E7,"mot":"U","mo":42.0},{"cn":"","ui":"","t":29.0,"r":29.0,"q":14.35,"p":2.028160883E7,"mot":"L","mo":29.0}]},{"d":"27.04.2017","r":361.0,"q":30.32,"p":3.557050132E7,"s":[{"cn":"lider","ui":"6798360","t":20.0,"r":20.0,"q":10.99,"p":2.5E7,"mot":"U","mo":20.0},{"cn":"Prezidentoff","ui":"6436003","t":55.0,"r":55.0,"q":48.22,"p":4.5E7,"mot":"U","mo":55.0},{"cn":"Foods Ind.","ui":"4828100","t":23.0,"r":23.0,"q":34.61,"p":4.3E7,"mot":"U","mo":23.0},{"cn":"М. В. Ю.","ui":"5288988","t":59.0,"r":49.0,"q":14.85,"p":1.9999E7,"mot":"U","mo":49.0},{"cn":"sigma ltd","ui":"5813525","t":47.0,"r":47.0,"q":47.98,"p":3.2E7,"mot":"U","mo":47.0},{"cn":"Makena Holding","ui":"5288526","t":111.0,"r":111.0,"q":30.51,"p":3.8E7,"mot":"U","mo":111.0},{"cn":"","ui":"","t":2055.0,"r":56.0,"q":16.25,"p":3.883928529E7,"mot":"L","mo":56.0}]}]