[{"d":"10.01.2017","r":18.0,"q":1.05,"p":35000.0,"s":[{"ui":"6401160","t":23.0,"r":18.0,"q":1.05,"p":35000.0,"mot":"U","mo":18.0},{"cn":"","ui":"","t":0.0,"r":0.0,"q":0.0,"p":0.0,"mot":"L","mo":0.0}]},{"d":"11.01.2017","r":13.0,"q":1.05,"p":35000.0,"s":[{"ui":"6401160","t":18.0,"r":13.0,"q":1.05,"p":35000.0,"mot":"U","mo":13.0},{"cn":"","ui":"","t":0.0,"r":0.0,"q":0.0,"p":0.0,"mot":"L","mo":0.0}]},{"d":"12.01.2017","r":8.0,"q":1.05,"p":35000.0,"s":[{"ui":"6401160","t":13.0,"r":8.0,"q":1.05,"p":35000.0,"mot":"U","mo":8.0},{"cn":"","ui":"","t":0.0,"r":0.0,"q":0.0,"p":0.0,"mot":"L","mo":0.0}]},{"d":"13.01.2017","r":3.0,"q":1.05,"p":35000.0,"s":[{"ui":"6401160","t":8.0,"r":3.0,"q":1.05,"p":35000.0,"mot":"U","mo":3.0},{"cn":"","ui":"","t":0.0,"r":0.0,"q":0.0,"p":0.0,"mot":"L","mo":0.0}]},{"d":"19.01.2017","r":3259.0,"q":14.96,"p":5002.88,"s":[{"ui":"6083361","t":3257.0,"r":3257.0,"q":14.97,"p":5000.0,"mot":"U","mo":3257.0},{"cn":"","ui":"","t":31.0,"r":2.0,"q":1.0,"p":9700.0,"mot":"L","mo":2.0}]},{"d":"20.01.2017","r":3.0,"q":1.0,"p":9700.0,"s":[{"ui":"6433574","t":34.0,"r":27.0,"q":1.0,"p":9700.0,"mot":"L","mo":3.0},{"cn":"","ui":"","t":0.0,"r":0.0,"q":0.0,"p":0.0,"mot":"L","mo":0.0}]},{"d":"21.01.2017","r":3.0,"q":1.0,"p":9700.0,"s":[{"ui":"6433574","t":33.0,"r":22.0,"q":1.0,"p":9700.0,"mot":"L","mo":3.0},{"cn":"","ui":"","t":0.0,"r":0.0,"q":0.0,"p":0.0,"mot":"L","mo":0.0}]},{"d":"22.01.2017","r":3.0,"q":1.0,"p":9700.0,"s":[{"ui":"6433574","t":31.0,"r":19.0,"q":1.0,"p":9700.0,"mot":"L","mo":3.0},{"cn":"","ui":"","t":0.0,"r":0.0,"q":0.0,"p":0.0,"mot":"L","mo":0.0}]},{"d":"23.01.2017","r":3.0,"q":1.0,"p":9700.0,"s":[{"ui":"6433574","t":29.0,"r":17.0,"q":1.0,"p":9700.0,"mot":"L","mo":3.0},{"cn":"","ui":"","t":0.0,"r":0.0,"q":0.0,"p":0.0,"mot":"L","mo":0.0}]},{"d":"24.01.2017","r":3.0,"q":1.0,"p":9700.0,"s":[{"ui":"6433574","t":27.0,"r":15.0,"q":1.0,"p":9700.0,"mot":"L","mo":3.0},{"cn":"","ui":"","t":0.0,"r":0.0,"q":0.0,"p":0.0,"mot":"L","mo":0.0}]},{"d":"25.01.2017","r":5002.0,"q":10.82,"p":49975.83,"s":[{"ui":"6461360","t":4999.0,"r":4999.0,"q":10.83,"p":50000.0,"mot":"U","mo":4999.0},{"cn":"","ui":"","t":21.0,"r":3.0,"q":1.0,"p":9700.0,"mot":"L","mo":3.0}]},{"d":"26.01.2017","r":4799.0,"q":10.83,"p":50000.0,"s":[{"ui":"6461360","t":4899.0,"r":4799.0,"q":10.83,"p":50000.0,"mot":"U","mo":4799.0},{"cn":"","ui":"","t":0.0,"r":0.0,"q":0.0,"p":0.0,"mot":"L","mo":0.0}]},{"d":"27.01.2017","r":4820.0,"q":10.8,"p":50000.0,"s":[{"ui":"6461360","t":4822.0,"r":4820.0,"q":10.8,"p":50000.0,"mot":"U","mo":4820.0},{"cn":"","ui":"","t":0.0,"r":0.0,"q":0.0,"p":0.0,"mot":"L","mo":0.0}]},{"d":"28.01.2017","r":4818.0,"q":10.8,"p":50000.0,"s":[{"ui":"6461360","t":4820.0,"r":4818.0,"q":10.8,"p":50000.0,"mot":"U","mo":4818.0},{"cn":"","ui":"","t":0.0,"r":0.0,"q":0.0,"p":0.0,"mot":"L","mo":0.0}]},{"d":"29.01.2017","r":4819.0,"q":10.79,"p":49974.91,"s":[{"ui":"6461360","t":4818.0,"r":4816.0,"q":10.8,"p":50000.0,"mot":"U","mo":4816.0},{"cn":"","ui":"","t":11.0,"r":3.0,"q":1.0,"p":9700.0,"mot":"L","mo":3.0}]},{"d":"30.01.2017","r":3.0,"q":1.0,"p":9700.0,"s":[{"ui":"6433574","t":12.0,"r":3.0,"q":1.0,"p":9700.0,"mot":"L","mo":3.0},{"cn":"","ui":"","t":0.0,"r":0.0,"q":0.0,"p":0.0,"mot":"L","mo":0.0}]},{"d":"31.01.2017","r":3.0,"q":1.0,"p":9700.0,"s":[{"ui":"6433574","t":13.0,"r":4.0,"q":1.0,"p":9700.0,"mot":"L","mo":3.0},{"cn":"","ui":"","t":0.0,"r":0.0,"q":0.0,"p":0.0,"mot":"L","mo":0.0}]},{"d":"01.02.2017","r":3.0,"q":1.0,"p":9700.0,"s":[{"ui":"6433574","t":14.0,"r":5.0,"q":1.0,"p":9700.0,"mot":"L","mo":3.0},{"cn":"","ui":"","t":0.0,"r":0.0,"q":0.0,"p":0.0,"mot":"L","mo":0.0}]},{"d":"02.02.2017","r":3.0,"q":1.43,"p":9700.0,"s":[{"ui":"6433574","t":14.0,"r":5.0,"q":1.43,"p":9700.0,"mot":"L","mo":3.0},{"cn":"","ui":"","t":0.0,"r":0.0,"q":0.0,"p":0.0,"mot":"L","mo":0.0}]},{"d":"03.02.2017","r":3.0,"q":1.58,"p":9700.0,"s":[{"ui":"6433574","t":14.0,"r":5.0,"q":1.58,"p":9700.0,"mot":"L","mo":3.0},{"cn":"","ui":"","t":0.0,"r":0.0,"q":0.0,"p":0.0,"mot":"L","mo":0.0}]},{"d":"04.02.2017","r":3.0,"q":1.64,"p":9700.0,"s":[{"ui":"6433574","t":14.0,"r":5.0,"q":1.64,"p":9700.0,"mot":"L","mo":3.0},{"cn":"","ui":"","t":0.0,"r":0.0,"q":0.0,"p":0.0,"mot":"L","mo":0.0}]},{"d":"05.02.2017","r":3.0,"q":2.18,"p":9700.0,"s":[{"ui":"6433574","t":15.0,"r":6.0,"q":2.18,"p":9700.0,"mot":"L","mo":3.0},{"cn":"","ui":"","t":0.0,"r":0.0,"q":0.0,"p":0.0,"mot":"L","mo":0.0}]},{"d":"06.02.2017","r":3.0,"q":2.34,"p":9700.0,"s":[{"ui":"6433574","t":16.0,"r":7.0,"q":2.34,"p":9700.0,"mot":"L","mo":3.0},{"cn":"","ui":"","t":0.0,"r":0.0,"q":0.0,"p":0.0,"mot":"L","mo":0.0}]},{"d":"07.02.2017","r":4821.0,"q":10.79,"p":49974.92,"s":[{"ui":"6461360","t":4818.0,"r":4818.0,"q":10.8,"p":50000.0,"mot":"U","mo":4818.0},{"cn":"","ui":"","t":20.0,"r":3.0,"q":2.38,"p":9700.0,"mot":"L","mo":3.0}]},{"d":"08.02.2017","r":4807.0,"q":10.79,"p":49974.85,"s":[{"ui":"6461360","t":4811.0,"r":4804.0,"q":10.8,"p":50000.0,"mot":"U","mo":4804.0},{"cn":"","ui":"","t":18.0,"r":3.0,"q":2.39,"p":9700.0,"mot":"L","mo":3.0}]},{"d":"09.02.2017","r":4797.0,"q":10.8,"p":50000.0,"s":[{"ui":"6461360","t":4804.0,"r":4797.0,"q":10.8,"p":50000.0,"mot":"U","mo":4797.0},{"cn":"","ui":"","t":0.0,"r":0.0,"q":0.0,"p":0.0,"mot":"L","mo":0.0}]},{"d":"10.02.2017","r":4802.0,"q":10.8,"p":40000.0,"s":[{"ui":"6461360","t":4803.0,"r":4802.0,"q":10.8,"p":40000.0,"mot":"U","mo":4802.0},{"cn":"","ui":"","t":0.0,"r":0.0,"q":0.0,"p":0.0,"mot":"L","mo":0.0}]},{"d":"11.02.2017","r":34342.0,"q":8.01,"p":40000.0,"s":[{"ui":"6461360","t":34343.0,"r":34342.0,"q":8.01,"p":40000.0,"mot":"U","mo":34342.0},{"cn":"","ui":"","t":0.0,"r":0.0,"q":0.0,"p":0.0,"mot":"L","mo":0.0}]},{"d":"12.02.2017","r":63832.0,"q":7.72,"p":80000.0,"s":[{"ui":"6461360","t":63832.0,"r":63832.0,"q":7.72,"p":80000.0,"mot":"U","mo":63832.0},{"cn":"","ui":"","t":0.0,"r":0.0,"q":0.0,"p":0.0,"mot":"L","mo":0.0}]},{"d":"13.02.2017","r":116273.0,"q":8.23,"p":74063.88,"s":[{"ui":"6461360","t":93270.0,"r":93270.0,"q":7.56,"p":80000.0,"mot":"U","mo":93270.0},{"ui":"5930071","t":23000.0,"r":23000.0,"q":10.93,"p":50000.0,"mot":"U","mo":23000.0},{"cn":"","ui":"","t":11.0,"r":3.0,"q":2.32,"p":9700.0,"mot":"L","mo":3.0}]},{"d":"14.02.2017","r":146659.0,"q":8.01,"p":75089.21,"s":[{"ui":"6461360","t":122656.0,"r":122656.0,"q":7.44,"p":80000.0,"mot":"U","mo":122656.0},{"ui":"5930071","t":24000.0,"r":24000.0,"q":10.93,"p":50000.0,"mot":"U","mo":24000.0},{"cn":"","ui":"","t":11.0,"r":3.0,"q":2.31,"p":9700.0,"mot":"L","mo":3.0}]},{"d":"15.02.2017","r":25000.0,"q":10.93,"p":50000.0,"s":[{"ui":"5930071","t":25000.0,"r":25000.0,"q":10.93,"p":50000.0,"mot":"U","mo":25000.0},{"cn":"","ui":"","t":0.0,"r":0.0,"q":0.0,"p":0.0,"mot":"L","mo":0.0}]},{"d":"16.02.2017","r":26000.0,"q":10.93,"p":50000.0,"s":[{"ui":"5930071","t":26000.0,"r":26000.0,"q":10.93,"p":50000.0,"mot":"U","mo":26000.0},{"cn":"","ui":"","t":0.0,"r":0.0,"q":0.0,"p":0.0,"mot":"L","mo":0.0}]},{"d":"17.02.2017","r":168012.0,"q":7.95,"p":75179.63,"s":[{"ui":"6461360","t":141016.0,"r":141016.0,"q":7.38,"p":80000.0,"mot":"U","mo":141016.0},{"ui":"5930071","t":26998.0,"r":26996.0,"q":10.94,"p":50000.0,"mot":"U","mo":26996.0},{"cn":"","ui":"","t":0.0,"r":0.0,"q":0.0,"p":0.0,"mot":"L","mo":0.0}]},{"d":"18.02.2017","r":27998.0,"q":10.94,"p":50000.0,"s":[{"ui":"5930071","t":27998.0,"r":27998.0,"q":10.94,"p":50000.0,"mot":"U","mo":27998.0},{"cn":"","ui":"","t":0.0,"r":0.0,"q":0.0,"p":0.0,"mot":"L","mo":0.0}]},{"d":"19.02.2017","r":28998.0,"q":10.94,"p":50000.0,"s":[{"ui":"5930071","t":28998.0,"r":28998.0,"q":10.94,"p":50000.0,"mot":"U","mo":28998.0},{"cn":"","ui":"","t":0.0,"r":0.0,"q":0.0,"p":0.0,"mot":"L","mo":0.0}]},{"d":"20.02.2017","r":29498.0,"q":10.94,"p":50000.0,"s":[{"ui":"5930071","t":29498.0,"r":29498.0,"q":10.94,"p":50000.0,"mot":"U","mo":29498.0},{"cn":"","ui":"","t":0.0,"r":0.0,"q":0.0,"p":0.0,"mot":"L","mo":0.0}]},{"d":"21.02.2017","r":53853.0,"q":11.02,"p":47255.03,"s":[{"ui":"6331121","t":15000.0,"r":15000.0,"q":10.87,"p":49000.0,"mot":"U","mo":15000.0},{"ui":"5930071","t":29998.0,"r":29998.0,"q":10.94,"p":50000.0,"mot":"U","mo":29998.0},{"ui":"6507109","t":8855.0,"r":8855.0,"q":11.55,"p":35000.0,"mot":"U","mo":8855.0},{"cn":"","ui":"","t":0.0,"r":0.0,"q":0.0,"p":0.0,"mot":"L","mo":0.0}]},{"d":"22.02.2017","r":57287.0,"q":11.04,"p":44294.78,"s":[{"ui":"6331121","t":15000.0,"r":15000.0,"q":10.87,"p":40000.0,"mot":"U","mo":15000.0},{"ui":"5930071","t":30498.0,"r":30498.0,"q":10.94,"p":50000.0,"mot":"U","mo":30498.0},{"ui":"6507109","t":11789.0,"r":11789.0,"q":11.53,"p":35000.0,"mot":"U","mo":11789.0},{"cn":"","ui":"","t":0.0,"r":0.0,"q":0.0,"p":0.0,"mot":"L","mo":0.0}]},{"d":"23.02.2017","r":201749.0,"q":8.49,"p":54778.88,"s":[{"ui":"6331121","t":14999.0,"r":14999.0,"q":10.87,"p":35000.0,"mot":"U","mo":14999.0},{"ui":"6461360","t":141016.0,"r":141016.0,"q":7.38,"p":60000.0,"mot":"U","mo":141016.0},{"ui":"5930071","t":30998.0,"r":30998.0,"q":10.94,"p":50000.0,"mot":"U","mo":30998.0},{"ui":"6507109","t":14736.0,"r":14736.0,"q":11.53,"p":35000.0,"mot":"U","mo":14736.0},{"cn":"","ui":"","t":0.0,"r":0.0,"q":0.0,"p":0.0,"mot":"L","mo":0.0}]},{"d":"25.02.2017","r":6958.0,"q":11.36,"p":32821.68,"s":[{"ui":"5930071","t":1000.0,"r":1000.0,"q":10.96,"p":50000.0,"mot":"U","mo":1000.0},{"ui":"6507109","t":5858.0,"r":5808.0,"q":11.45,"p":30000.0,"mot":"U","mo":5808.0},{"cn":"","ui":"","t":1343.0,"r":150.0,"q":10.75,"p":27555.0,"mot":"L","mo":150.0}]},{"d":"26.02.2017","r":10355.0,"q":11.31,"p":32861.73,"s":[{"ui":"5930071","t":1500.0,"r":1500.0,"q":10.96,"p":50000.0,"mot":"U","mo":1500.0},{"ui":"6507109","t":8755.0,"r":8705.0,"q":11.38,"p":30000.0,"mot":"U","mo":8705.0},{"cn":"","ui":"","t":1891.0,"r":150.0,"q":10.86,"p":27555.0,"mot":"L","mo":150.0}]},{"d":"27.02.2017","r":13752.0,"q":11.26,"p":32882.0,"s":[{"ui":"5930071","t":2000.0,"r":2000.0,"q":10.96,"p":50000.0,"mot":"U","mo":2000.0},{"ui":"6507109","t":11652.0,"r":11602.0,"q":11.32,"p":30000.0,"mot":"U","mo":11602.0},{"cn":"","ui":"","t":2409.0,"r":150.0,"q":10.91,"p":27555.0,"mot":"L","mo":150.0}]},{"d":"28.02.2017","r":17242.0,"q":11.22,"p":32878.62,"s":[{"ui":"5930071","t":2500.0,"r":2500.0,"q":10.96,"p":50000.0,"mot":"U","mo":2500.0},{"ui":"6507109","t":14592.0,"r":14592.0,"q":11.27,"p":30000.0,"mot":"U","mo":14592.0},{"cn":"","ui":"","t":2926.0,"r":150.0,"q":10.96,"p":27555.0,"mot":"L","mo":150.0}]},{"d":"01.03.2017","r":49838.0,"q":8.97,"p":48655.37,"s":[{"ui":"6461360","t":29016.0,"r":29016.0,"q":7.38,"p":60000.0,"mot":"U","mo":29016.0},{"ui":"5930071","t":3000.0,"r":3000.0,"q":10.96,"p":50000.0,"mot":"U","mo":3000.0},{"ui":"6507109","t":17523.0,"r":17522.0,"q":11.22,"p":30000.0,"mot":"U","mo":17522.0},{"cn":"","ui":"","t":3358.0,"r":300.0,"q":10.99,"p":27555.0,"mot":"L","mo":300.0}]},{"d":"02.03.2017","r":53291.0,"q":9.1,"p":42189.42,"s":[{"ui":"6461360","t":29016.0,"r":29016.0,"q":7.38,"p":50000.0,"mot":"U","mo":29016.0},{"ui":"5930071","t":3500.0,"r":3500.0,"q":10.96,"p":50000.0,"mot":"U","mo":3500.0},{"ui":"6507109","t":20476.0,"r":20475.0,"q":11.19,"p":30000.0,"mot":"U","mo":20475.0},{"cn":"","ui":"","t":3765.0,"r":300.0,"q":11.01,"p":27555.0,"mot":"L","mo":300.0}]},{"d":"03.03.2017","r":56544.0,"q":9.22,"p":41594.27,"s":[{"cn":"AK EvoInvest Ltd.","ui":"6461360","t":28916.0,"r":28816.0,"q":7.38,"p":50000.0,"mot":"U","mo":28816.0},{"cn":"Kroko-Russia","ui":"5930071","t":4000.0,"r":4000.0,"q":10.96,"p":50000.0,"mot":"U","mo":4000.0},{"cn":"KhimariBOSS Virto","ui":"6507109","t":23429.0,"r":23428.0,"q":11.17,"p":30000.0,"mot":"U","mo":23428.0},{"cn":"","ui":"","t":4017.0,"r":300.0,"q":11.02,"p":27555.0,"mot":"L","mo":300.0}]},{"d":"04.03.2017","r":59897.0,"q":9.33,"p":41078.79,"s":[{"cn":"AK EvoInvest Ltd.","ui":"6461360","t":28816.0,"r":28716.0,"q":7.38,"p":50000.0,"mot":"U","mo":28716.0},{"cn":"Kroko-Russia","ui":"5930071","t":4500.0,"r":4500.0,"q":10.96,"p":50000.0,"mot":"U","mo":4500.0},{"cn":"KhimariBOSS Virto","ui":"6507109","t":26382.0,"r":26381.0,"q":11.16,"p":30000.0,"mot":"U","mo":26381.0},{"cn":"","ui":"","t":4183.0,"r":300.0,"q":11.02,"p":27555.0,"mot":"L","mo":300.0}]},{"d":"05.03.2017","r":62950.0,"q":9.41,"p":40732.11,"s":[{"cn":"AK EvoInvest Ltd.","ui":"6461360","t":28816.0,"r":28816.0,"q":7.38,"p":50000.0,"mot":"U","mo":28816.0},{"cn":"Kroko-Russia","ui":"5930071","t":5000.0,"r":5000.0,"q":10.96,"p":50000.0,"mot":"U","mo":5000.0},{"cn":"KhimariBOSS Virto","ui":"6507109","t":29085.0,"r":28834.0,"q":11.15,"p":30000.0,"mot":"U","mo":28834.0},{"cn":"","ui":"","t":4350.0,"r":300.0,"q":11.03,"p":27555.0,"mot":"L","mo":300.0}]},{"d":"06.03.2017","r":300.0,"q":11.03,"p":27555.0,"s":[{"cn":"sever4CO icorp","ui":"6530498","t":4063.0,"r":3608.0,"q":11.03,"p":27555.0,"mot":"L","mo":300.0},{"cn":"","ui":"","t":0.0,"r":0.0,"q":0.0,"p":0.0,"mot":"L","mo":0.0}]},{"d":"07.03.2017","r":300.0,"q":11.03,"p":27555.0,"s":[{"cn":"sever4CO icorp","ui":"6530498","t":3476.0,"r":2722.0,"q":11.03,"p":27555.0,"mot":"L","mo":300.0},{"cn":"","ui":"","t":0.0,"r":0.0,"q":0.0,"p":0.0,"mot":"L","mo":0.0}]},{"d":"08.03.2017","r":79803.0,"q":8.11,"p":49915.62,"s":[{"cn":"AK EvoInvest Ltd.","ui":"6461360","t":79503.0,"r":79503.0,"q":8.1,"p":50000.0,"mot":"U","mo":79503.0},{"cn":"","ui":"","t":3183.0,"r":300.0,"q":11.04,"p":27555.0,"mot":"L","mo":300.0}]},{"d":"10.03.2017","r":223218.0,"q":8.66,"p":49969.83,"s":[{"cn":"AK EvoInvest Ltd.","ui":"6461360","t":219707.0,"r":219707.0,"q":8.63,"p":50000.0,"mot":"U","mo":219707.0},{"cn":"","ui":"","t":6096.0,"r":3511.0,"q":10.75,"p":48082.17,"mot":"L","mo":3511.0}]},{"d":"11.03.2017","r":320705.0,"q":9.17,"p":48421.81,"s":[{"cn":"HI_FI74 Rulezzz!","ui":"6065854","t":20000.0,"r":20000.0,"q":12.93,"p":30000.0,"mot":"U","mo":20000.0},{"cn":"AK EvoInvest Ltd.","ui":"6461360","t":290405.0,"r":290405.0,"q":8.78,"p":50000.0,"mot":"U","mo":290405.0},{"cn":"","ui":"","t":61143.0,"r":10300.0,"q":12.88,"p":39695.78,"mot":"L","mo":10300.0}]},{"d":"12.03.2017","r":20098.0,"q":12.9,"p":25067.99,"s":[{"cn":"HI_FI74 Rulezzz!","ui":"6065854","t":19899.0,"r":19798.0,"q":12.93,"p":25000.0,"mot":"U","mo":19798.0},{"cn":"","ui":"","t":1106.0,"r":300.0,"q":11.07,"p":29555.0,"mot":"L","mo":300.0}]},{"d":"13.03.2017","r":21495.0,"q":12.86,"p":25405.37,"s":[{"cn":"HI_FI74 Rulezzz!","ui":"6065854","t":20797.0,"r":20695.0,"q":12.93,"p":24751.0,"mot":"U","mo":20695.0},{"cn":"","ui":"","t":1011.0,"r":800.0,"q":11.02,"p":42333.13,"mot":"L","mo":800.0}]},{"d":"14.03.2017","r":22593.0,"q":12.84,"p":25150.8,"s":[{"cn":"HI_FI74 Rulezzz!","ui":"6065854","t":21695.0,"r":21593.0,"q":12.93,"p":24000.0,"mot":"U","mo":21593.0},{"cn":"","ui":"","t":1000.0,"r":1000.0,"q":10.97,"p":50000.0,"mot":"L","mo":1000.0}]},{"d":"15.03.2017","r":88883.0,"q":12.92,"p":29718.55,"s":[{"cn":"HI_FI74 Rulezzz!","ui":"6065854","t":58944.0,"r":58833.0,"q":12.93,"p":23500.0,"mot":"U","mo":58833.0},{"cn":"Faceta Jewelry","ui":"6331121","t":6666.0,"r":6666.0,"q":13.31,"p":24000.0,"mot":"U","mo":6666.0},{"cn":"Дервага и Ко","ui":"6505566","t":21584.0,"r":21584.0,"q":12.93,"p":47000.0,"mot":"U","mo":21584.0},{"cn":"","ui":"","t":1737.0,"r":1800.0,"q":11.0,"p":46925.83,"mot":"L","mo":1800.0}]},{"d":"16.03.2017","r":305683.0,"q":11.84,"p":25806.04,"s":[{"cn":"HI_FI74 Rulezzz!","ui":"6065854","t":58829.0,"r":58716.0,"q":12.93,"p":23500.0,"mot":"U","mo":58716.0},{"cn":"NOKIY_1","ui":"6079877","t":216417.0,"r":216417.0,"q":11.4,"p":25000.0,"mot":"U","mo":216417.0},{"cn":"Дервага и Ко","ui":"6505566","t":28250.0,"r":28250.0,"q":13.02,"p":35000.0,"mot":"U","mo":28250.0},{"cn":"","ui":"","t":2249.0,"r":2300.0,"q":10.99,"p":47594.13,"mot":"L","mo":2300.0}]},{"d":"17.03.2017","r":380785.0,"q":11.76,"p":25353.87,"s":[{"cn":"HI_FI74 Rulezzz!","ui":"6065854","t":58626.0,"r":58423.0,"q":12.93,"p":23500.0,"mot":"U","mo":58423.0},{"cn":"NOKIY_1","ui":"6079877","t":287979.0,"r":287979.0,"q":11.39,"p":25000.0,"mot":"U","mo":287979.0},{"cn":"Дервага и Ко","ui":"6505566","t":31583.0,"r":31583.0,"q":13.05,"p":30000.0,"mot":"U","mo":31583.0},{"cn":"","ui":"","t":2758.0,"r":2800.0,"q":10.99,"p":48023.75,"mot":"L","mo":2800.0}]},{"d":"18.03.2017","r":1064179.0,"q":11.62,"p":22200.78,"s":[{"cn":"HI_FI74 Rulezzz!","ui":"6065854","t":58421.0,"r":58216.0,"q":12.93,"p":23500.0,"mot":"U","mo":58216.0},{"cn":"NOKIY_1","ui":"6079877","t":358979.0,"r":358979.0,"q":11.37,"p":25000.0,"mot":"U","mo":358979.0},{"cn":"Разнобыт","ui":"6134935","t":618696.0,"r":618693.0,"q":11.58,"p":20000.0,"mot":"U","mo":618693.0},{"cn":"","ui":"","t":33267.0,"r":28291.0,"q":12.84,"p":32137.31,"mot":"L","mo":28291.0}]},{"d":"20.03.2017","r":1209631.0,"q":11.57,"p":22425.51,"s":[{"cn":"NOKIY_1","ui":"6079877","t":498207.0,"r":497156.0,"q":11.33,"p":20000.0,"mot":"U","mo":497156.0},{"cn":"Faceta Jewelry","ui":"6331121","t":649936.0,"r":649936.0,"q":11.64,"p":24000.0,"mot":"U","mo":649936.0},{"cn":"","ui":"","t":63092.0,"r":62539.0,"q":12.78,"p":25344.39,"mot":"L","mo":62539.0}]},{"d":"21.03.2017","r":704332.0,"q":11.73,"p":19269.0,"s":[{"cn":"Faceta Jewelry","ui":"6331121","t":672955.0,"r":672755.0,"q":11.66,"p":19000.0,"mot":"U","mo":672755.0},{"cn":"","ui":"","t":31577.0,"r":31577.0,"q":13.13,"p":25000.0,"mot":"L","mo":31577.0}]},{"d":"22.03.2017","r":1694003.0,"q":11.03,"p":25805.32,"s":[{"cn":"NOKIY_1","ui":"6079877","t":566490.0,"r":565439.0,"q":11.31,"p":20000.0,"mot":"U","mo":565439.0},{"cn":"AK EvoInvest Ltd.","ui":"6461360","t":360982.0,"r":360982.0,"q":8.91,"p":50000.0,"mot":"U","mo":360982.0},{"cn":"Faceta Jewelry","ui":"6331121","t":672955.0,"r":672755.0,"q":11.66,"p":18000.0,"mot":"U","mo":672755.0},{"cn":"","ui":"","t":95728.0,"r":94827.0,"q":12.88,"p":23693.86,"mot":"L","mo":94827.0}]}]