[{"d":"23.05.2015","r":60.0,"q":1.0,"p":1700.0,"s":[{"ui":"3177251","t":120.0,"r":60.0,"q":1.0,"p":1700.0,"mot":"U","mo":60.0},{"cn":"","ui":"","t":0.0,"r":0.0,"q":0.0,"p":0.0,"mot":"L","mo":0.0}]},{"d":"29.05.2015","r":190.0,"q":1.0,"p":1690.0,"s":[{"ui":"3177251","t":240.0,"r":190.0,"q":1.0,"p":1690.0,"mot":"U","mo":190.0},{"cn":"","ui":"","t":0.0,"r":0.0,"q":0.0,"p":0.0,"mot":"L","mo":0.0}]},{"d":"30.05.2015","r":210.0,"q":1.0,"p":1690.0,"s":[{"ui":"3177251","t":260.0,"r":210.0,"q":1.0,"p":1690.0,"mot":"U","mo":210.0},{"cn":"","ui":"","t":0.0,"r":0.0,"q":0.0,"p":0.0,"mot":"L","mo":0.0}]},{"d":"31.05.2015","r":247.0,"q":1.0,"p":1680.0,"s":[{"ui":"3177251","t":297.0,"r":247.0,"q":1.0,"p":1680.0,"mot":"U","mo":247.0},{"cn":"","ui":"","t":0.0,"r":0.0,"q":0.0,"p":0.0,"mot":"L","mo":0.0}]},{"d":"01.06.2015","r":284.0,"q":1.0,"p":1680.0,"s":[{"ui":"3177251","t":334.0,"r":284.0,"q":1.0,"p":1680.0,"mot":"U","mo":284.0},{"cn":"","ui":"","t":0.0,"r":0.0,"q":0.0,"p":0.0,"mot":"L","mo":0.0}]},{"d":"02.06.2015","r":321.0,"q":1.0,"p":1680.0,"s":[{"ui":"3177251","t":371.0,"r":321.0,"q":1.0,"p":1680.0,"mot":"U","mo":321.0},{"cn":"","ui":"","t":0.0,"r":0.0,"q":0.0,"p":0.0,"mot":"L","mo":0.0}]},{"d":"03.06.2015","r":358.0,"q":1.0,"p":1680.0,"s":[{"ui":"3177251","t":408.0,"r":358.0,"q":1.0,"p":1680.0,"mot":"U","mo":358.0},{"cn":"","ui":"","t":0.0,"r":0.0,"q":0.0,"p":0.0,"mot":"L","mo":0.0}]},{"d":"04.06.2015","r":395.0,"q":1.0,"p":1680.0,"s":[{"ui":"3177251","t":445.0,"r":395.0,"q":1.0,"p":1680.0,"mot":"U","mo":395.0},{"cn":"","ui":"","t":0.0,"r":0.0,"q":0.0,"p":0.0,"mot":"L","mo":0.0}]},{"d":"05.06.2015","r":432.0,"q":1.0,"p":1680.0,"s":[{"ui":"3177251","t":482.0,"r":432.0,"q":1.0,"p":1680.0,"mot":"U","mo":432.0},{"cn":"","ui":"","t":0.0,"r":0.0,"q":0.0,"p":0.0,"mot":"L","mo":0.0}]},{"d":"06.06.2015","r":469.0,"q":1.0,"p":1680.0,"s":[{"ui":"3177251","t":519.0,"r":469.0,"q":1.0,"p":1680.0,"mot":"U","mo":469.0},{"cn":"","ui":"","t":0.0,"r":0.0,"q":0.0,"p":0.0,"mot":"L","mo":0.0}]},{"d":"08.06.2015","r":560.0,"q":1.0,"p":1670.0,"s":[{"ui":"3177251","t":593.0,"r":560.0,"q":1.0,"p":1670.0,"mot":"U","mo":560.0},{"cn":"","ui":"","t":0.0,"r":0.0,"q":0.0,"p":0.0,"mot":"L","mo":0.0}]},{"d":"09.06.2015","r":597.0,"q":1.0,"p":1670.0,"s":[{"ui":"3177251","t":630.0,"r":597.0,"q":1.0,"p":1670.0,"mot":"U","mo":597.0},{"cn":"","ui":"","t":0.0,"r":0.0,"q":0.0,"p":0.0,"mot":"L","mo":0.0}]},{"d":"10.06.2015","r":634.0,"q":1.0,"p":1670.0,"s":[{"ui":"3177251","t":667.0,"r":634.0,"q":1.0,"p":1670.0,"mot":"U","mo":634.0},{"cn":"","ui":"","t":0.0,"r":0.0,"q":0.0,"p":0.0,"mot":"L","mo":0.0}]},{"d":"11.06.2015","r":671.0,"q":1.0,"p":1670.0,"s":[{"ui":"3177251","t":704.0,"r":671.0,"q":1.0,"p":1670.0,"mot":"U","mo":671.0},{"cn":"","ui":"","t":0.0,"r":0.0,"q":0.0,"p":0.0,"mot":"L","mo":0.0}]},{"d":"12.06.2015","r":708.0,"q":1.0,"p":1670.0,"s":[{"ui":"3177251","t":741.0,"r":708.0,"q":1.0,"p":1670.0,"mot":"U","mo":708.0},{"cn":"","ui":"","t":0.0,"r":0.0,"q":0.0,"p":0.0,"mot":"L","mo":0.0}]},{"d":"13.06.2015","r":705.0,"q":1.0,"p":1670.0,"s":[{"ui":"3177251","t":738.0,"r":705.0,"q":1.0,"p":1670.0,"mot":"U","mo":705.0},{"cn":"","ui":"","t":0.0,"r":0.0,"q":0.0,"p":0.0,"mot":"L","mo":0.0}]},{"d":"14.06.2015","r":702.0,"q":1.0,"p":1670.0,"s":[{"ui":"3177251","t":735.0,"r":702.0,"q":1.0,"p":1670.0,"mot":"U","mo":702.0},{"cn":"","ui":"","t":0.0,"r":0.0,"q":0.0,"p":0.0,"mot":"L","mo":0.0}]},{"d":"15.06.2015","r":699.0,"q":1.0,"p":1670.0,"s":[{"ui":"3177251","t":732.0,"r":699.0,"q":1.0,"p":1670.0,"mot":"U","mo":699.0},{"cn":"","ui":"","t":0.0,"r":0.0,"q":0.0,"p":0.0,"mot":"L","mo":0.0}]},{"d":"16.06.2015","r":696.0,"q":1.0,"p":1670.0,"s":[{"ui":"3177251","t":729.0,"r":696.0,"q":1.0,"p":1670.0,"mot":"U","mo":696.0},{"cn":"","ui":"","t":0.0,"r":0.0,"q":0.0,"p":0.0,"mot":"L","mo":0.0}]},{"d":"17.06.2015","r":693.0,"q":1.0,"p":1670.0,"s":[{"ui":"3177251","t":726.0,"r":693.0,"q":1.0,"p":1670.0,"mot":"U","mo":693.0},{"cn":"","ui":"","t":0.0,"r":0.0,"q":0.0,"p":0.0,"mot":"L","mo":0.0}]},{"d":"18.06.2015","r":690.0,"q":1.0,"p":1670.0,"s":[{"ui":"3177251","t":723.0,"r":690.0,"q":1.0,"p":1670.0,"mot":"U","mo":690.0},{"cn":"","ui":"","t":0.0,"r":0.0,"q":0.0,"p":0.0,"mot":"L","mo":0.0}]},{"d":"19.06.2015","r":687.0,"q":1.0,"p":1670.0,"s":[{"ui":"3177251","t":720.0,"r":687.0,"q":1.0,"p":1670.0,"mot":"U","mo":687.0},{"cn":"","ui":"","t":0.0,"r":0.0,"q":0.0,"p":0.0,"mot":"L","mo":0.0}]},{"d":"21.06.2015","r":681.0,"q":1.0,"p":1670.0,"s":[{"ui":"3177251","t":714.0,"r":681.0,"q":1.0,"p":1670.0,"mot":"U","mo":681.0},{"cn":"","ui":"","t":0.0,"r":0.0,"q":0.0,"p":0.0,"mot":"L","mo":0.0}]},{"d":"22.06.2015","r":678.0,"q":1.0,"p":1670.0,"s":[{"ui":"3177251","t":711.0,"r":678.0,"q":1.0,"p":1670.0,"mot":"U","mo":678.0},{"cn":"","ui":"","t":0.0,"r":0.0,"q":0.0,"p":0.0,"mot":"L","mo":0.0}]},{"d":"23.06.2015","r":675.0,"q":1.0,"p":1670.0,"s":[{"ui":"3177251","t":708.0,"r":675.0,"q":1.0,"p":1670.0,"mot":"U","mo":675.0},{"cn":"","ui":"","t":0.0,"r":0.0,"q":0.0,"p":0.0,"mot":"L","mo":0.0}]},{"d":"24.06.2015","r":672.0,"q":1.0,"p":1670.0,"s":[{"ui":"3177251","t":705.0,"r":672.0,"q":1.0,"p":1670.0,"mot":"U","mo":672.0},{"cn":"","ui":"","t":0.0,"r":0.0,"q":0.0,"p":0.0,"mot":"L","mo":0.0}]},{"d":"25.06.2015","r":669.0,"q":1.0,"p":1670.0,"s":[{"ui":"3177251","t":702.0,"r":669.0,"q":1.0,"p":1670.0,"mot":"U","mo":669.0},{"cn":"","ui":"","t":0.0,"r":0.0,"q":0.0,"p":0.0,"mot":"L","mo":0.0}]},{"d":"26.06.2015","r":666.0,"q":1.0,"p":1670.0,"s":[{"ui":"3177251","t":699.0,"r":666.0,"q":1.0,"p":1670.0,"mot":"U","mo":666.0},{"cn":"","ui":"","t":0.0,"r":0.0,"q":0.0,"p":0.0,"mot":"L","mo":0.0}]},{"d":"27.06.2015","r":663.0,"q":1.0,"p":1670.0,"s":[{"ui":"3177251","t":696.0,"r":663.0,"q":1.0,"p":1670.0,"mot":"U","mo":663.0},{"cn":"","ui":"","t":0.0,"r":0.0,"q":0.0,"p":0.0,"mot":"L","mo":0.0}]},{"d":"28.06.2015","r":660.0,"q":1.0,"p":1670.0,"s":[{"ui":"3177251","t":693.0,"r":660.0,"q":1.0,"p":1670.0,"mot":"U","mo":660.0},{"cn":"","ui":"","t":0.0,"r":0.0,"q":0.0,"p":0.0,"mot":"L","mo":0.0}]},{"d":"29.06.2015","r":657.0,"q":1.0,"p":1670.0,"s":[{"ui":"3177251","t":690.0,"r":657.0,"q":1.0,"p":1670.0,"mot":"U","mo":657.0},{"cn":"","ui":"","t":0.0,"r":0.0,"q":0.0,"p":0.0,"mot":"L","mo":0.0}]},{"d":"30.06.2015","r":654.0,"q":1.0,"p":1670.0,"s":[{"ui":"3177251","t":687.0,"r":654.0,"q":1.0,"p":1670.0,"mot":"U","mo":654.0},{"cn":"","ui":"","t":0.0,"r":0.0,"q":0.0,"p":0.0,"mot":"L","mo":0.0}]},{"d":"01.07.2015","r":651.0,"q":1.0,"p":1670.0,"s":[{"ui":"3177251","t":684.0,"r":651.0,"q":1.0,"p":1670.0,"mot":"U","mo":651.0},{"cn":"","ui":"","t":0.0,"r":0.0,"q":0.0,"p":0.0,"mot":"L","mo":0.0}]},{"d":"02.07.2015","r":648.0,"q":1.0,"p":1670.0,"s":[{"ui":"3177251","t":681.0,"r":648.0,"q":1.0,"p":1670.0,"mot":"U","mo":648.0},{"cn":"","ui":"","t":0.0,"r":0.0,"q":0.0,"p":0.0,"mot":"L","mo":0.0}]},{"d":"03.07.2015","r":645.0,"q":1.0,"p":1670.0,"s":[{"ui":"3177251","t":678.0,"r":645.0,"q":1.0,"p":1670.0,"mot":"U","mo":645.0},{"cn":"","ui":"","t":0.0,"r":0.0,"q":0.0,"p":0.0,"mot":"L","mo":0.0}]},{"d":"04.07.2015","r":642.0,"q":1.0,"p":1670.0,"s":[{"ui":"3177251","t":675.0,"r":642.0,"q":1.0,"p":1670.0,"mot":"U","mo":642.0},{"cn":"","ui":"","t":0.0,"r":0.0,"q":0.0,"p":0.0,"mot":"L","mo":0.0}]},{"d":"05.07.2015","r":639.0,"q":1.0,"p":1670.0,"s":[{"ui":"3177251","t":672.0,"r":639.0,"q":1.0,"p":1670.0,"mot":"U","mo":639.0},{"cn":"","ui":"","t":0.0,"r":0.0,"q":0.0,"p":0.0,"mot":"L","mo":0.0}]},{"d":"06.07.2015","r":636.0,"q":1.0,"p":1670.0,"s":[{"ui":"3177251","t":669.0,"r":636.0,"q":1.0,"p":1670.0,"mot":"U","mo":636.0},{"cn":"","ui":"","t":0.0,"r":0.0,"q":0.0,"p":0.0,"mot":"L","mo":0.0}]},{"d":"07.07.2015","r":633.0,"q":1.0,"p":1670.0,"s":[{"ui":"3177251","t":666.0,"r":633.0,"q":1.0,"p":1670.0,"mot":"U","mo":633.0},{"cn":"","ui":"","t":0.0,"r":0.0,"q":0.0,"p":0.0,"mot":"L","mo":0.0}]},{"d":"08.07.2015","r":630.0,"q":1.0,"p":1670.0,"s":[{"ui":"3177251","t":663.0,"r":630.0,"q":1.0,"p":1670.0,"mot":"U","mo":630.0},{"cn":"","ui":"","t":0.0,"r":0.0,"q":0.0,"p":0.0,"mot":"L","mo":0.0}]},{"d":"09.07.2015","r":627.0,"q":1.0,"p":1670.0,"s":[{"ui":"3177251","t":660.0,"r":627.0,"q":1.0,"p":1670.0,"mot":"U","mo":627.0},{"cn":"","ui":"","t":0.0,"r":0.0,"q":0.0,"p":0.0,"mot":"L","mo":0.0}]},{"d":"10.07.2015","r":594.0,"q":1.0,"p":1670.0,"s":[{"ui":"3177251","t":627.0,"r":594.0,"q":1.0,"p":1670.0,"mot":"U","mo":594.0},{"cn":"","ui":"","t":0.0,"r":0.0,"q":0.0,"p":0.0,"mot":"L","mo":0.0}]},{"d":"12.07.2015","r":528.0,"q":1.0,"p":1670.0,"s":[{"ui":"3177251","t":561.0,"r":528.0,"q":1.0,"p":1670.0,"mot":"U","mo":528.0},{"cn":"","ui":"","t":0.0,"r":0.0,"q":0.0,"p":0.0,"mot":"L","mo":0.0}]},{"d":"13.07.2015","r":495.0,"q":1.0,"p":1670.0,"s":[{"ui":"3177251","t":528.0,"r":495.0,"q":1.0,"p":1670.0,"mot":"U","mo":495.0},{"cn":"","ui":"","t":0.0,"r":0.0,"q":0.0,"p":0.0,"mot":"L","mo":0.0}]},{"d":"14.07.2015","r":462.0,"q":1.0,"p":1670.0,"s":[{"ui":"3177251","t":495.0,"r":462.0,"q":1.0,"p":1670.0,"mot":"U","mo":462.0},{"cn":"","ui":"","t":0.0,"r":0.0,"q":0.0,"p":0.0,"mot":"L","mo":0.0}]},{"d":"15.07.2015","r":431.0,"q":1.01,"p":1670.0,"s":[{"ui":"3177251","t":464.0,"r":431.0,"q":1.01,"p":1670.0,"mot":"U","mo":431.0},{"cn":"","ui":"","t":0.0,"r":0.0,"q":0.0,"p":0.0,"mot":"L","mo":0.0}]},{"d":"16.07.2015","r":400.0,"q":1.01,"p":1670.0,"s":[{"ui":"3177251","t":433.0,"r":400.0,"q":1.01,"p":1670.0,"mot":"U","mo":400.0},{"cn":"","ui":"","t":0.0,"r":0.0,"q":0.0,"p":0.0,"mot":"L","mo":0.0}]},{"d":"17.07.2015","r":369.0,"q":1.02,"p":1670.0,"s":[{"ui":"3177251","t":402.0,"r":369.0,"q":1.02,"p":1670.0,"mot":"U","mo":369.0},{"cn":"","ui":"","t":0.0,"r":0.0,"q":0.0,"p":0.0,"mot":"L","mo":0.0}]},{"d":"19.07.2015","r":333.0,"q":1.14,"p":1670.0,"s":[{"ui":"3177251","t":366.0,"r":333.0,"q":1.14,"p":1670.0,"mot":"U","mo":333.0},{"cn":"","ui":"","t":0.0,"r":0.0,"q":0.0,"p":0.0,"mot":"L","mo":0.0}]},{"d":"20.07.2015","r":330.0,"q":1.25,"p":1670.0,"s":[{"ui":"3177251","t":363.0,"r":330.0,"q":1.25,"p":1670.0,"mot":"U","mo":330.0},{"cn":"","ui":"","t":0.0,"r":0.0,"q":0.0,"p":0.0,"mot":"L","mo":0.0}]},{"d":"21.07.2015","r":327.0,"q":1.35,"p":1670.0,"s":[{"ui":"3177251","t":360.0,"r":327.0,"q":1.35,"p":1670.0,"mot":"U","mo":327.0},{"cn":"","ui":"","t":0.0,"r":0.0,"q":0.0,"p":0.0,"mot":"L","mo":0.0}]},{"d":"22.07.2015","r":324.0,"q":1.44,"p":1670.0,"s":[{"ui":"3177251","t":357.0,"r":324.0,"q":1.44,"p":1670.0,"mot":"U","mo":324.0},{"cn":"","ui":"","t":0.0,"r":0.0,"q":0.0,"p":0.0,"mot":"L","mo":0.0}]},{"d":"23.07.2015","r":321.0,"q":1.53,"p":1670.0,"s":[{"ui":"3177251","t":354.0,"r":321.0,"q":1.53,"p":1670.0,"mot":"U","mo":321.0},{"cn":"","ui":"","t":0.0,"r":0.0,"q":0.0,"p":0.0,"mot":"L","mo":0.0}]},{"d":"25.07.2015","r":315.0,"q":1.68,"p":1670.0,"s":[{"ui":"3177251","t":348.0,"r":315.0,"q":1.68,"p":1670.0,"mot":"U","mo":315.0},{"cn":"","ui":"","t":0.0,"r":0.0,"q":0.0,"p":0.0,"mot":"L","mo":0.0}]},{"d":"28.07.2015","r":56.0,"q":1.92,"p":1670.0,"s":[{"ui":"3177251","t":99.0,"r":56.0,"q":1.92,"p":1670.0,"mot":"U","mo":56.0},{"cn":"","ui":"","t":0.0,"r":0.0,"q":0.0,"p":0.0,"mot":"L","mo":0.0}]},{"d":"29.07.2015","r":33.0,"q":2.06,"p":1670.0,"s":[{"ui":"3177251","t":76.0,"r":33.0,"q":2.06,"p":1670.0,"mot":"U","mo":33.0},{"cn":"","ui":"","t":0.0,"r":0.0,"q":0.0,"p":0.0,"mot":"L","mo":0.0}]},{"d":"30.07.2015","r":10.0,"q":2.21,"p":1670.0,"s":[{"ui":"3177251","t":53.0,"r":10.0,"q":2.21,"p":1670.0,"mot":"U","mo":10.0},{"cn":"","ui":"","t":0.0,"r":0.0,"q":0.0,"p":0.0,"mot":"L","mo":0.0}]},{"d":"30.08.2015","r":151.0,"q":4.17,"p":300.0,"s":[{"ui":"3299990","t":551.0,"r":151.0,"q":4.17,"p":300.0,"mot":"U","mo":151.0},{"cn":"","ui":"","t":0.0,"r":0.0,"q":0.0,"p":0.0,"mot":"L","mo":0.0}]},{"d":"31.08.2015","r":300.0,"q":4.17,"p":300.0,"s":[{"ui":"3299990","t":700.0,"r":300.0,"q":4.17,"p":300.0,"mot":"U","mo":300.0},{"cn":"","ui":"","t":0.0,"r":0.0,"q":0.0,"p":0.0,"mot":"L","mo":0.0}]},{"d":"01.09.2015","r":449.0,"q":4.17,"p":300.0,"s":[{"ui":"3299990","t":849.0,"r":449.0,"q":4.17,"p":300.0,"mot":"U","mo":449.0},{"cn":"","ui":"","t":0.0,"r":0.0,"q":0.0,"p":0.0,"mot":"L","mo":0.0}]},{"d":"02.09.2015","r":598.0,"q":4.17,"p":300.0,"s":[{"ui":"3299990","t":998.0,"r":598.0,"q":4.17,"p":300.0,"mot":"U","mo":598.0},{"cn":"","ui":"","t":0.0,"r":0.0,"q":0.0,"p":0.0,"mot":"L","mo":0.0}]},{"d":"03.09.2015","r":744.0,"q":4.17,"p":300.0,"s":[{"ui":"3299990","t":1144.0,"r":744.0,"q":4.17,"p":300.0,"mot":"U","mo":744.0},{"cn":"","ui":"","t":0.0,"r":0.0,"q":0.0,"p":0.0,"mot":"L","mo":0.0}]},{"d":"04.09.2015","r":890.0,"q":4.17,"p":300.0,"s":[{"ui":"3299990","t":1290.0,"r":890.0,"q":4.17,"p":300.0,"mot":"U","mo":890.0},{"cn":"","ui":"","t":0.0,"r":0.0,"q":0.0,"p":0.0,"mot":"L","mo":0.0}]},{"d":"05.09.2015","r":849.0,"q":4.95,"p":300.0,"s":[{"ui":"3299990","t":1349.0,"r":849.0,"q":4.95,"p":300.0,"mot":"U","mo":849.0},{"cn":"","ui":"","t":0.0,"r":0.0,"q":0.0,"p":0.0,"mot":"L","mo":0.0}]},{"d":"01.10.2015","r":7.0,"q":3.84,"p":1670.0,"s":[{"ui":"3177251","t":40.0,"r":7.0,"q":3.84,"p":1670.0,"mot":"U","mo":7.0},{"cn":"","ui":"","t":0.0,"r":0.0,"q":0.0,"p":0.0,"mot":"L","mo":0.0}]},{"d":"02.10.2015","r":14.0,"q":3.84,"p":1670.0,"s":[{"ui":"3177251","t":47.0,"r":14.0,"q":3.84,"p":1670.0,"mot":"U","mo":14.0},{"cn":"","ui":"","t":0.0,"r":0.0,"q":0.0,"p":0.0,"mot":"L","mo":0.0}]},{"d":"03.10.2015","r":21.0,"q":3.84,"p":1670.0,"s":[{"ui":"3177251","t":54.0,"r":21.0,"q":3.84,"p":1670.0,"mot":"U","mo":21.0},{"cn":"","ui":"","t":0.0,"r":0.0,"q":0.0,"p":0.0,"mot":"L","mo":0.0}]},{"d":"04.10.2015","r":28.0,"q":3.85,"p":1670.0,"s":[{"ui":"3177251","t":61.0,"r":28.0,"q":3.85,"p":1670.0,"mot":"U","mo":28.0},{"cn":"","ui":"","t":0.0,"r":0.0,"q":0.0,"p":0.0,"mot":"L","mo":0.0}]},{"d":"05.10.2015","r":35.0,"q":3.85,"p":1670.0,"s":[{"ui":"3177251","t":68.0,"r":35.0,"q":3.85,"p":1670.0,"mot":"U","mo":35.0},{"cn":"","ui":"","t":0.0,"r":0.0,"q":0.0,"p":0.0,"mot":"L","mo":0.0}]},{"d":"06.10.2015","r":42.0,"q":3.85,"p":1660.0,"s":[{"ui":"3177251","t":75.0,"r":42.0,"q":3.85,"p":1660.0,"mot":"U","mo":42.0},{"cn":"","ui":"","t":0.0,"r":0.0,"q":0.0,"p":0.0,"mot":"L","mo":0.0}]},{"d":"07.10.2015","r":49.0,"q":3.85,"p":1660.0,"s":[{"ui":"3177251","t":82.0,"r":49.0,"q":3.85,"p":1660.0,"mot":"U","mo":49.0},{"cn":"","ui":"","t":0.0,"r":0.0,"q":0.0,"p":0.0,"mot":"L","mo":0.0}]},{"d":"08.10.2015","r":56.0,"q":3.85,"p":1660.0,"s":[{"ui":"3177251","t":89.0,"r":56.0,"q":3.85,"p":1660.0,"mot":"U","mo":56.0},{"cn":"","ui":"","t":0.0,"r":0.0,"q":0.0,"p":0.0,"mot":"L","mo":0.0}]},{"d":"09.10.2015","r":63.0,"q":3.85,"p":1660.0,"s":[{"ui":"3177251","t":96.0,"r":63.0,"q":3.85,"p":1660.0,"mot":"U","mo":63.0},{"cn":"","ui":"","t":0.0,"r":0.0,"q":0.0,"p":0.0,"mot":"L","mo":0.0}]},{"d":"10.10.2015","r":70.0,"q":3.85,"p":1660.0,"s":[{"ui":"3177251","t":103.0,"r":70.0,"q":3.85,"p":1660.0,"mot":"U","mo":70.0},{"cn":"","ui":"","t":0.0,"r":0.0,"q":0.0,"p":0.0,"mot":"L","mo":0.0}]},{"d":"12.10.2015","r":84.0,"q":3.86,"p":1650.0,"s":[{"ui":"3177251","t":117.0,"r":84.0,"q":3.86,"p":1650.0,"mot":"U","mo":84.0},{"cn":"","ui":"","t":0.0,"r":0.0,"q":0.0,"p":0.0,"mot":"L","mo":0.0}]},{"d":"13.10.2015","r":91.0,"q":3.86,"p":1650.0,"s":[{"ui":"3177251","t":124.0,"r":91.0,"q":3.86,"p":1650.0,"mot":"U","mo":91.0},{"cn":"","ui":"","t":0.0,"r":0.0,"q":0.0,"p":0.0,"mot":"L","mo":0.0}]},{"d":"14.10.2015","r":98.0,"q":3.86,"p":1650.0,"s":[{"ui":"3177251","t":131.0,"r":98.0,"q":3.86,"p":1650.0,"mot":"U","mo":98.0},{"cn":"","ui":"","t":0.0,"r":0.0,"q":0.0,"p":0.0,"mot":"L","mo":0.0}]},{"d":"15.10.2015","r":105.0,"q":3.86,"p":1650.0,"s":[{"ui":"3177251","t":138.0,"r":105.0,"q":3.86,"p":1650.0,"mot":"U","mo":105.0},{"cn":"","ui":"","t":0.0,"r":0.0,"q":0.0,"p":0.0,"mot":"L","mo":0.0}]},{"d":"16.10.2015","r":112.0,"q":3.86,"p":1650.0,"s":[{"ui":"3177251","t":145.0,"r":112.0,"q":3.86,"p":1650.0,"mot":"U","mo":112.0},{"cn":"","ui":"","t":0.0,"r":0.0,"q":0.0,"p":0.0,"mot":"L","mo":0.0}]},{"d":"17.10.2015","r":119.0,"q":3.87,"p":1650.0,"s":[{"ui":"3177251","t":152.0,"r":119.0,"q":3.87,"p":1650.0,"mot":"U","mo":119.0},{"cn":"","ui":"","t":0.0,"r":0.0,"q":0.0,"p":0.0,"mot":"L","mo":0.0}]},{"d":"18.10.2015","r":126.0,"q":3.87,"p":1640.0,"s":[{"ui":"3177251","t":159.0,"r":126.0,"q":3.87,"p":1640.0,"mot":"U","mo":126.0},{"cn":"","ui":"","t":0.0,"r":0.0,"q":0.0,"p":0.0,"mot":"L","mo":0.0}]},{"d":"19.10.2015","r":133.0,"q":3.87,"p":1640.0,"s":[{"ui":"3177251","t":166.0,"r":133.0,"q":3.87,"p":1640.0,"mot":"U","mo":133.0},{"cn":"","ui":"","t":0.0,"r":0.0,"q":0.0,"p":0.0,"mot":"L","mo":0.0}]},{"d":"20.10.2015","r":140.0,"q":3.87,"p":1640.0,"s":[{"ui":"3177251","t":173.0,"r":140.0,"q":3.87,"p":1640.0,"mot":"U","mo":140.0},{"cn":"","ui":"","t":0.0,"r":0.0,"q":0.0,"p":0.0,"mot":"L","mo":0.0}]},{"d":"21.10.2015","r":147.0,"q":3.87,"p":1640.0,"s":[{"ui":"3177251","t":180.0,"r":147.0,"q":3.87,"p":1640.0,"mot":"U","mo":147.0},{"cn":"","ui":"","t":0.0,"r":0.0,"q":0.0,"p":0.0,"mot":"L","mo":0.0}]},{"d":"22.10.2015","r":154.0,"q":3.87,"p":1640.0,"s":[{"ui":"3177251","t":187.0,"r":154.0,"q":3.87,"p":1640.0,"mot":"U","mo":154.0},{"cn":"","ui":"","t":0.0,"r":0.0,"q":0.0,"p":0.0,"mot":"L","mo":0.0}]},{"d":"23.10.2015","r":161.0,"q":3.87,"p":1640.0,"s":[{"ui":"3177251","t":194.0,"r":161.0,"q":3.87,"p":1640.0,"mot":"U","mo":161.0},{"cn":"","ui":"","t":0.0,"r":0.0,"q":0.0,"p":0.0,"mot":"L","mo":0.0}]},{"d":"24.10.2015","r":168.0,"q":3.87,"p":1630.0,"s":[{"ui":"3177251","t":201.0,"r":168.0,"q":3.87,"p":1630.0,"mot":"U","mo":168.0},{"cn":"","ui":"","t":0.0,"r":0.0,"q":0.0,"p":0.0,"mot":"L","mo":0.0}]},{"d":"25.10.2015","r":175.0,"q":3.87,"p":1630.0,"s":[{"ui":"3177251","t":208.0,"r":175.0,"q":3.87,"p":1630.0,"mot":"U","mo":175.0},{"cn":"","ui":"","t":0.0,"r":0.0,"q":0.0,"p":0.0,"mot":"L","mo":0.0}]},{"d":"27.10.2015","r":189.0,"q":3.89,"p":1630.0,"s":[{"ui":"3177251","t":222.0,"r":189.0,"q":3.89,"p":1630.0,"mot":"U","mo":189.0},{"cn":"","ui":"","t":0.0,"r":0.0,"q":0.0,"p":0.0,"mot":"L","mo":0.0}]},{"d":"28.10.2015","r":196.0,"q":3.9,"p":1630.0,"s":[{"ui":"3177251","t":229.0,"r":196.0,"q":3.9,"p":1630.0,"mot":"U","mo":196.0},{"cn":"","ui":"","t":0.0,"r":0.0,"q":0.0,"p":0.0,"mot":"L","mo":0.0}]},{"d":"29.10.2015","r":203.0,"q":3.91,"p":1630.0,"s":[{"ui":"3177251","t":236.0,"r":203.0,"q":3.91,"p":1630.0,"mot":"U","mo":203.0},{"cn":"","ui":"","t":0.0,"r":0.0,"q":0.0,"p":0.0,"mot":"L","mo":0.0}]},{"d":"30.10.2015","r":210.0,"q":3.93,"p":1620.0,"s":[{"ui":"3177251","t":243.0,"r":210.0,"q":3.93,"p":1620.0,"mot":"U","mo":210.0},{"cn":"","ui":"","t":0.0,"r":0.0,"q":0.0,"p":0.0,"mot":"L","mo":0.0}]},{"d":"31.10.2015","r":905.0,"q":12.34,"p":572.75,"s":[{"ui":"3177251","t":235.0,"r":187.0,"q":3.95,"p":1620.0,"mot":"U","mo":187.0},{"ui":"3299990","t":2718.0,"r":718.0,"q":14.53,"p":300.0,"mot":"U","mo":718.0},{"cn":"","ui":"","t":0.0,"r":0.0,"q":0.0,"p":0.0,"mot":"L","mo":0.0}]},{"d":"01.11.2015","r":1295.0,"q":13.07,"p":482.46,"s":[{"ui":"3177251","t":227.0,"r":179.0,"q":3.97,"p":1620.0,"mot":"U","mo":179.0},{"ui":"3299990","t":3276.0,"r":1116.0,"q":14.53,"p":300.0,"mot":"U","mo":1116.0},{"cn":"","ui":"","t":0.0,"r":0.0,"q":0.0,"p":0.0,"mot":"L","mo":0.0}]},{"d":"02.11.2015","r":1801.0,"q":13.53,"p":425.33,"s":[{"ui":"3177251","t":219.0,"r":171.0,"q":3.99,"p":1620.0,"mot":"U","mo":171.0},{"ui":"3299990","t":3860.0,"r":1630.0,"q":14.53,"p":300.0,"mot":"U","mo":1630.0},{"cn":"","ui":"","t":0.0,"r":0.0,"q":0.0,"p":0.0,"mot":"L","mo":0.0}]},{"d":"03.11.2015","r":2077.0,"q":13.71,"p":403.59,"s":[{"ui":"3177251","t":211.0,"r":163.0,"q":4.02,"p":1620.0,"mot":"U","mo":163.0},{"ui":"3299990","t":4294.0,"r":1914.0,"q":14.53,"p":300.0,"mot":"U","mo":1914.0},{"cn":"","ui":"","t":0.0,"r":0.0,"q":0.0,"p":0.0,"mot":"L","mo":0.0}]},{"d":"04.11.2015","r":2423.0,"q":13.86,"p":384.44,"s":[{"ui":"3177251","t":203.0,"r":155.0,"q":4.04,"p":1620.0,"mot":"U","mo":155.0},{"ui":"3299990","t":4688.0,"r":2268.0,"q":14.53,"p":300.0,"mot":"U","mo":2268.0},{"cn":"","ui":"","t":0.0,"r":0.0,"q":0.0,"p":0.0,"mot":"L","mo":0.0}]},{"d":"05.11.2015","r":157.0,"q":4.06,"p":1620.0,"s":[{"ui":"3177251","t":200.0,"r":157.0,"q":4.06,"p":1620.0,"mot":"U","mo":157.0},{"cn":"","ui":"","t":0.0,"r":0.0,"q":0.0,"p":0.0,"mot":"L","mo":0.0}]},{"d":"14.11.2015","r":2965.0,"q":14.93,"p":300.0,"s":[{"ui":"3299990","t":7035.0,"r":2965.0,"q":14.93,"p":300.0,"mot":"U","mo":2965.0},{"cn":"","ui":"","t":0.0,"r":0.0,"q":0.0,"p":0.0,"mot":"L","mo":0.0}]},{"d":"15.11.2015","r":5870.0,"q":14.93,"p":300.0,"s":[{"ui":"3299990","t":9970.0,"r":5870.0,"q":14.93,"p":300.0,"mot":"U","mo":5870.0},{"cn":"","ui":"","t":0.0,"r":0.0,"q":0.0,"p":0.0,"mot":"L","mo":0.0}]},{"d":"16.11.2015","r":8805.0,"q":14.93,"p":300.0,"s":[{"ui":"3299990","t":12905.0,"r":8805.0,"q":14.93,"p":300.0,"mot":"U","mo":8805.0},{"cn":"","ui":"","t":0.0,"r":0.0,"q":0.0,"p":0.0,"mot":"L","mo":0.0}]},{"d":"17.11.2015","r":10920.0,"q":14.92,"p":300.0,"s":[{"ui":"3299990","t":15430.0,"r":10920.0,"q":14.92,"p":300.0,"mot":"U","mo":10920.0},{"cn":"","ui":"","t":0.0,"r":0.0,"q":0.0,"p":0.0,"mot":"L","mo":0.0}]},{"d":"31.01.2016","r":114.0,"q":5.91,"p":1620.0,"s":[{"ui":"3177251","t":157.0,"r":114.0,"q":5.91,"p":1620.0,"mot":"U","mo":114.0},{"cn":"","ui":"","t":0.0,"r":0.0,"q":0.0,"p":0.0,"mot":"L","mo":0.0}]},{"d":"01.02.2016","r":171.0,"q":5.92,"p":1620.0,"s":[{"ui":"3177251","t":214.0,"r":171.0,"q":5.92,"p":1620.0,"mot":"U","mo":171.0},{"cn":"","ui":"","t":0.0,"r":0.0,"q":0.0,"p":0.0,"mot":"L","mo":0.0}]},{"d":"02.02.2016","r":228.0,"q":5.93,"p":1620.0,"s":[{"ui":"3177251","t":271.0,"r":228.0,"q":5.93,"p":1620.0,"mot":"U","mo":228.0},{"cn":"","ui":"","t":0.0,"r":0.0,"q":0.0,"p":0.0,"mot":"L","mo":0.0}]},{"d":"03.02.2016","r":245.0,"q":5.93,"p":1620.0,"s":[{"ui":"3177251","t":308.0,"r":245.0,"q":5.93,"p":1620.0,"mot":"U","mo":245.0},{"cn":"","ui":"","t":0.0,"r":0.0,"q":0.0,"p":0.0,"mot":"L","mo":0.0}]},{"d":"04.02.2016","r":302.0,"q":5.94,"p":1620.0,"s":[{"ui":"3177251","t":345.0,"r":302.0,"q":5.94,"p":1620.0,"mot":"U","mo":302.0},{"cn":"","ui":"","t":0.0,"r":0.0,"q":0.0,"p":0.0,"mot":"L","mo":0.0}]},{"d":"05.02.2016","r":359.0,"q":5.95,"p":1620.0,"s":[{"ui":"3177251","t":402.0,"r":359.0,"q":5.95,"p":1620.0,"mot":"U","mo":359.0},{"cn":"","ui":"","t":0.0,"r":0.0,"q":0.0,"p":0.0,"mot":"L","mo":0.0}]},{"d":"06.02.2016","r":416.0,"q":5.95,"p":1620.0,"s":[{"ui":"3177251","t":459.0,"r":416.0,"q":5.95,"p":1620.0,"mot":"U","mo":416.0},{"cn":"","ui":"","t":0.0,"r":0.0,"q":0.0,"p":0.0,"mot":"L","mo":0.0}]},{"d":"07.02.2016","r":473.0,"q":5.96,"p":1620.0,"s":[{"ui":"3177251","t":516.0,"r":473.0,"q":5.96,"p":1620.0,"mot":"U","mo":473.0},{"cn":"","ui":"","t":0.0,"r":0.0,"q":0.0,"p":0.0,"mot":"L","mo":0.0}]},{"d":"08.02.2016","r":530.0,"q":5.96,"p":1620.0,"s":[{"ui":"3177251","t":573.0,"r":530.0,"q":5.96,"p":1620.0,"mot":"U","mo":530.0},{"cn":"","ui":"","t":0.0,"r":0.0,"q":0.0,"p":0.0,"mot":"L","mo":0.0}]},{"d":"09.02.2016","r":587.0,"q":5.97,"p":1620.0,"s":[{"ui":"3177251","t":630.0,"r":587.0,"q":5.97,"p":1620.0,"mot":"U","mo":587.0},{"cn":"","ui":"","t":0.0,"r":0.0,"q":0.0,"p":0.0,"mot":"L","mo":0.0}]},{"d":"10.02.2016","r":624.0,"q":5.97,"p":1610.0,"s":[{"ui":"3177251","t":687.0,"r":624.0,"q":5.97,"p":1610.0,"mot":"U","mo":624.0},{"cn":"","ui":"","t":0.0,"r":0.0,"q":0.0,"p":0.0,"mot":"L","mo":0.0}]},{"d":"11.02.2016","r":661.0,"q":5.97,"p":1610.0,"s":[{"ui":"3177251","t":724.0,"r":661.0,"q":5.97,"p":1610.0,"mot":"U","mo":661.0},{"cn":"","ui":"","t":0.0,"r":0.0,"q":0.0,"p":0.0,"mot":"L","mo":0.0}]},{"d":"12.02.2016","r":698.0,"q":5.98,"p":1610.0,"s":[{"ui":"3177251","t":761.0,"r":698.0,"q":5.98,"p":1610.0,"mot":"U","mo":698.0},{"cn":"","ui":"","t":0.0,"r":0.0,"q":0.0,"p":0.0,"mot":"L","mo":0.0}]},{"d":"13.02.2016","r":685.0,"q":5.98,"p":1610.0,"s":[{"ui":"3177251","t":773.0,"r":685.0,"q":5.98,"p":1610.0,"mot":"U","mo":685.0},{"cn":"","ui":"","t":0.0,"r":0.0,"q":0.0,"p":0.0,"mot":"L","mo":0.0}]},{"d":"14.02.2016","r":697.0,"q":5.99,"p":1610.0,"s":[{"ui":"3177251","t":785.0,"r":697.0,"q":5.99,"p":1610.0,"mot":"U","mo":697.0},{"cn":"","ui":"","t":0.0,"r":0.0,"q":0.0,"p":0.0,"mot":"L","mo":0.0}]},{"d":"15.02.2016","r":709.0,"q":5.99,"p":1610.0,"s":[{"ui":"3177251","t":797.0,"r":709.0,"q":5.99,"p":1610.0,"mot":"U","mo":709.0},{"cn":"","ui":"","t":0.0,"r":0.0,"q":0.0,"p":0.0,"mot":"L","mo":0.0}]},{"d":"16.02.2016","r":721.0,"q":5.99,"p":1610.0,"s":[{"ui":"3177251","t":809.0,"r":721.0,"q":5.99,"p":1610.0,"mot":"U","mo":721.0},{"cn":"","ui":"","t":0.0,"r":0.0,"q":0.0,"p":0.0,"mot":"L","mo":0.0}]},{"d":"17.02.2016","r":743.0,"q":6.0,"p":1610.0,"s":[{"ui":"3177251","t":836.0,"r":743.0,"q":6.0,"p":1610.0,"mot":"U","mo":743.0},{"cn":"","ui":"","t":0.0,"r":0.0,"q":0.0,"p":0.0,"mot":"L","mo":0.0}]},{"d":"18.02.2016","r":750.0,"q":6.0,"p":1610.0,"s":[{"ui":"3177251","t":843.0,"r":750.0,"q":6.0,"p":1610.0,"mot":"U","mo":750.0},{"cn":"","ui":"","t":0.0,"r":0.0,"q":0.0,"p":0.0,"mot":"L","mo":0.0}]},{"d":"19.02.2016","r":707.0,"q":6.01,"p":1610.0,"s":[{"ui":"3177251","t":850.0,"r":707.0,"q":6.01,"p":1610.0,"mot":"U","mo":707.0},{"cn":"","ui":"","t":0.0,"r":0.0,"q":0.0,"p":0.0,"mot":"L","mo":0.0}]},{"d":"20.02.2016","r":664.0,"q":6.01,"p":1610.0,"s":[{"ui":"3177251","t":807.0,"r":664.0,"q":6.01,"p":1610.0,"mot":"U","mo":664.0},{"cn":"","ui":"","t":0.0,"r":0.0,"q":0.0,"p":0.0,"mot":"L","mo":0.0}]},{"d":"21.02.2016","r":621.0,"q":6.01,"p":1610.0,"s":[{"ui":"3177251","t":764.0,"r":621.0,"q":6.01,"p":1610.0,"mot":"U","mo":621.0},{"cn":"","ui":"","t":0.0,"r":0.0,"q":0.0,"p":0.0,"mot":"L","mo":0.0}]},{"d":"22.02.2016","r":578.0,"q":6.02,"p":1610.0,"s":[{"ui":"3177251","t":721.0,"r":578.0,"q":6.02,"p":1610.0,"mot":"U","mo":578.0},{"cn":"","ui":"","t":0.0,"r":0.0,"q":0.0,"p":0.0,"mot":"L","mo":0.0}]},{"d":"23.02.2016","r":335.0,"q":6.02,"p":1610.0,"s":[{"ui":"3177251","t":578.0,"r":335.0,"q":6.02,"p":1610.0,"mot":"U","mo":335.0},{"cn":"","ui":"","t":0.0,"r":0.0,"q":0.0,"p":0.0,"mot":"L","mo":0.0}]},{"d":"24.02.2016","r":192.0,"q":6.03,"p":1610.0,"s":[{"ui":"3177251","t":435.0,"r":192.0,"q":6.03,"p":1610.0,"mot":"U","mo":192.0},{"cn":"","ui":"","t":0.0,"r":0.0,"q":0.0,"p":0.0,"mot":"L","mo":0.0}]},{"d":"25.02.2016","r":49.0,"q":6.03,"p":1610.0,"s":[{"ui":"3177251","t":292.0,"r":49.0,"q":6.03,"p":1610.0,"mot":"U","mo":49.0},{"cn":"","ui":"","t":0.0,"r":0.0,"q":0.0,"p":0.0,"mot":"L","mo":0.0}]},{"d":"16.05.2016","r":7.0,"q":7.21,"p":1610.0,"s":[{"ui":"3177251","t":250.0,"r":7.0,"q":7.21,"p":1610.0,"mot":"U","mo":7.0},{"cn":"","ui":"","t":0.0,"r":0.0,"q":0.0,"p":0.0,"mot":"L","mo":0.0}]},{"d":"17.05.2016","r":14.0,"q":7.22,"p":1610.0,"s":[{"ui":"3177251","t":257.0,"r":14.0,"q":7.22,"p":1610.0,"mot":"U","mo":14.0},{"cn":"","ui":"","t":0.0,"r":0.0,"q":0.0,"p":0.0,"mot":"L","mo":0.0}]},{"d":"18.05.2016","r":21.0,"q":7.23,"p":1610.0,"s":[{"ui":"3177251","t":264.0,"r":21.0,"q":7.23,"p":1610.0,"mot":"U","mo":21.0},{"cn":"","ui":"","t":0.0,"r":0.0,"q":0.0,"p":0.0,"mot":"L","mo":0.0}]},{"d":"19.05.2016","r":28.0,"q":7.24,"p":1610.0,"s":[{"ui":"3177251","t":271.0,"r":28.0,"q":7.24,"p":1610.0,"mot":"U","mo":28.0},{"cn":"","ui":"","t":0.0,"r":0.0,"q":0.0,"p":0.0,"mot":"L","mo":0.0}]},{"d":"20.05.2016","r":35.0,"q":7.25,"p":1610.0,"s":[{"ui":"3177251","t":278.0,"r":35.0,"q":7.25,"p":1610.0,"mot":"U","mo":35.0},{"cn":"","ui":"","t":0.0,"r":0.0,"q":0.0,"p":0.0,"mot":"L","mo":0.0}]},{"d":"21.05.2016","r":42.0,"q":7.25,"p":1610.0,"s":[{"ui":"3177251","t":285.0,"r":42.0,"q":7.25,"p":1610.0,"mot":"U","mo":42.0},{"cn":"","ui":"","t":0.0,"r":0.0,"q":0.0,"p":0.0,"mot":"L","mo":0.0}]},{"d":"22.05.2016","r":49.0,"q":7.26,"p":1610.0,"s":[{"ui":"3177251","t":292.0,"r":49.0,"q":7.26,"p":1610.0,"mot":"U","mo":49.0},{"cn":"","ui":"","t":0.0,"r":0.0,"q":0.0,"p":0.0,"mot":"L","mo":0.0}]},{"d":"23.05.2016","r":56.0,"q":7.27,"p":1610.0,"s":[{"ui":"3177251","t":299.0,"r":56.0,"q":7.27,"p":1610.0,"mot":"U","mo":56.0},{"cn":"","ui":"","t":0.0,"r":0.0,"q":0.0,"p":0.0,"mot":"L","mo":0.0}]},{"d":"24.05.2016","r":63.0,"q":7.28,"p":1600.0,"s":[{"ui":"3177251","t":306.0,"r":63.0,"q":7.28,"p":1600.0,"mot":"U","mo":63.0},{"cn":"","ui":"","t":0.0,"r":0.0,"q":0.0,"p":0.0,"mot":"L","mo":0.0}]},{"d":"25.05.2016","r":70.0,"q":7.28,"p":1600.0,"s":[{"ui":"3177251","t":313.0,"r":70.0,"q":7.28,"p":1600.0,"mot":"U","mo":70.0},{"cn":"","ui":"","t":0.0,"r":0.0,"q":0.0,"p":0.0,"mot":"L","mo":0.0}]},{"d":"26.05.2016","r":77.0,"q":7.29,"p":1600.0,"s":[{"ui":"3177251","t":320.0,"r":77.0,"q":7.29,"p":1600.0,"mot":"U","mo":77.0},{"cn":"","ui":"","t":0.0,"r":0.0,"q":0.0,"p":0.0,"mot":"L","mo":0.0}]},{"d":"27.05.2016","r":484.0,"q":7.29,"p":1600.0,"s":[{"ui":"3177251","t":527.0,"r":484.0,"q":7.29,"p":1600.0,"mot":"U","mo":484.0},{"cn":"","ui":"","t":0.0,"r":0.0,"q":0.0,"p":0.0,"mot":"L","mo":0.0}]},{"d":"28.05.2016","r":691.0,"q":7.3,"p":1600.0,"s":[{"ui":"3177251","t":734.0,"r":691.0,"q":7.3,"p":1600.0,"mot":"U","mo":691.0},{"cn":"","ui":"","t":0.0,"r":0.0,"q":0.0,"p":0.0,"mot":"L","mo":0.0}]},{"d":"29.05.2016","r":898.0,"q":7.3,"p":1600.0,"s":[{"ui":"3177251","t":941.0,"r":898.0,"q":7.3,"p":1600.0,"mot":"U","mo":898.0},{"cn":"","ui":"","t":0.0,"r":0.0,"q":0.0,"p":0.0,"mot":"L","mo":0.0}]},{"d":"31.05.2016","r":1312.0,"q":7.31,"p":1600.0,"s":[{"ui":"3177251","t":1355.0,"r":1312.0,"q":7.31,"p":1600.0,"mot":"U","mo":1312.0},{"cn":"","ui":"","t":0.0,"r":0.0,"q":0.0,"p":0.0,"mot":"L","mo":0.0}]},{"d":"01.06.2016","r":1519.0,"q":7.31,"p":1600.0,"s":[{"ui":"3177251","t":1562.0,"r":1519.0,"q":7.31,"p":1600.0,"mot":"U","mo":1519.0},{"cn":"","ui":"","t":0.0,"r":0.0,"q":0.0,"p":0.0,"mot":"L","mo":0.0}]},{"d":"02.06.2016","r":1726.0,"q":7.32,"p":1600.0,"s":[{"ui":"3177251","t":1769.0,"r":1726.0,"q":7.32,"p":1600.0,"mot":"U","mo":1726.0},{"cn":"","ui":"","t":0.0,"r":0.0,"q":0.0,"p":0.0,"mot":"L","mo":0.0}]},{"d":"03.06.2016","r":1933.0,"q":7.32,"p":1600.0,"s":[{"ui":"3177251","t":1976.0,"r":1933.0,"q":7.32,"p":1600.0,"mot":"U","mo":1933.0},{"cn":"","ui":"","t":0.0,"r":0.0,"q":0.0,"p":0.0,"mot":"L","mo":0.0}]},{"d":"04.06.2016","r":2140.0,"q":7.32,"p":1600.0,"s":[{"ui":"3177251","t":2183.0,"r":2140.0,"q":7.32,"p":1600.0,"mot":"U","mo":2140.0},{"cn":"","ui":"","t":0.0,"r":0.0,"q":0.0,"p":0.0,"mot":"L","mo":0.0}]},{"d":"05.06.2016","r":2347.0,"q":7.33,"p":1600.0,"s":[{"ui":"3177251","t":2390.0,"r":2347.0,"q":7.33,"p":1600.0,"mot":"U","mo":2347.0},{"cn":"","ui":"","t":0.0,"r":0.0,"q":0.0,"p":0.0,"mot":"L","mo":0.0}]},{"d":"06.06.2016","r":2554.0,"q":7.33,"p":1600.0,"s":[{"ui":"3177251","t":2597.0,"r":2554.0,"q":7.33,"p":1600.0,"mot":"U","mo":2554.0},{"cn":"","ui":"","t":0.0,"r":0.0,"q":0.0,"p":0.0,"mot":"L","mo":0.0}]},{"d":"07.06.2016","r":2761.0,"q":7.33,"p":1590.0,"s":[{"ui":"3177251","t":2804.0,"r":2761.0,"q":7.33,"p":1590.0,"mot":"U","mo":2761.0},{"cn":"","ui":"","t":0.0,"r":0.0,"q":0.0,"p":0.0,"mot":"L","mo":0.0}]},{"d":"08.06.2016","r":2968.0,"q":7.34,"p":1590.0,"s":[{"ui":"3177251","t":3011.0,"r":2968.0,"q":7.34,"p":1590.0,"mot":"U","mo":2968.0},{"cn":"","ui":"","t":0.0,"r":0.0,"q":0.0,"p":0.0,"mot":"L","mo":0.0}]},{"d":"09.06.2016","r":3171.0,"q":7.34,"p":1590.0,"s":[{"ui":"3177251","t":3216.0,"r":3171.0,"q":7.34,"p":1590.0,"mot":"U","mo":3171.0},{"cn":"","ui":"","t":0.0,"r":0.0,"q":0.0,"p":0.0,"mot":"L","mo":0.0}]},{"d":"10.06.2016","r":3376.0,"q":7.34,"p":1590.0,"s":[{"ui":"3177251","t":3421.0,"r":3376.0,"q":7.34,"p":1590.0,"mot":"U","mo":3376.0},{"cn":"","ui":"","t":0.0,"r":0.0,"q":0.0,"p":0.0,"mot":"L","mo":0.0}]},{"d":"11.06.2016","r":3535.0,"q":7.35,"p":1590.0,"s":[{"ui":"3177251","t":3603.0,"r":3535.0,"q":7.35,"p":1590.0,"mot":"U","mo":3535.0},{"cn":"","ui":"","t":0.0,"r":0.0,"q":0.0,"p":0.0,"mot":"L","mo":0.0}]},{"d":"12.06.2016","r":3767.0,"q":7.35,"p":1590.0,"s":[{"ui":"3177251","t":3810.0,"r":3767.0,"q":7.35,"p":1590.0,"mot":"U","mo":3767.0},{"cn":"","ui":"","t":0.0,"r":0.0,"q":0.0,"p":0.0,"mot":"L","mo":0.0}]},{"d":"13.06.2016","r":3974.0,"q":7.35,"p":1590.0,"s":[{"ui":"3177251","t":4017.0,"r":3974.0,"q":7.35,"p":1590.0,"mot":"U","mo":3974.0},{"cn":"","ui":"","t":0.0,"r":0.0,"q":0.0,"p":0.0,"mot":"L","mo":0.0}]},{"d":"14.06.2016","r":4181.0,"q":7.36,"p":1590.0,"s":[{"ui":"3177251","t":4224.0,"r":4181.0,"q":7.36,"p":1590.0,"mot":"U","mo":4181.0},{"cn":"","ui":"","t":0.0,"r":0.0,"q":0.0,"p":0.0,"mot":"L","mo":0.0}]},{"d":"15.06.2016","r":7505.0,"q":4.72,"p":1220.36,"s":[{"ui":"3276573","t":3118.0,"r":3117.0,"q":1.0,"p":700.0,"mot":"U","mo":3117.0},{"ui":"3177251","t":4431.0,"r":4388.0,"q":7.36,"p":1590.0,"mot":"U","mo":4388.0},{"cn":"","ui":"","t":0.0,"r":0.0,"q":0.0,"p":0.0,"mot":"L","mo":0.0}]},{"d":"16.06.2016","r":7755.0,"q":4.77,"p":1227.34,"s":[{"ui":"3276573","t":3161.0,"r":3160.0,"q":1.0,"p":700.0,"mot":"U","mo":3160.0},{"ui":"3177251","t":4638.0,"r":4595.0,"q":7.36,"p":1590.0,"mot":"U","mo":4595.0},{"cn":"","ui":"","t":0.0,"r":0.0,"q":0.0,"p":0.0,"mot":"L","mo":0.0}]},{"d":"17.06.2016","r":8005.0,"q":4.82,"p":1233.89,"s":[{"ui":"3276573","t":3204.0,"r":3203.0,"q":1.0,"p":700.0,"mot":"U","mo":3203.0},{"ui":"3177251","t":4845.0,"r":4802.0,"q":7.37,"p":1590.0,"mot":"U","mo":4802.0},{"cn":"","ui":"","t":0.0,"r":0.0,"q":0.0,"p":0.0,"mot":"L","mo":0.0}]},{"d":"18.06.2016","r":8255.0,"q":4.87,"p":1240.04,"s":[{"ui":"3276573","t":3247.0,"r":3246.0,"q":1.0,"p":700.0,"mot":"U","mo":3246.0},{"ui":"3177251","t":5052.0,"r":5009.0,"q":7.37,"p":1590.0,"mot":"U","mo":5009.0},{"cn":"","ui":"","t":0.0,"r":0.0,"q":0.0,"p":0.0,"mot":"L","mo":0.0}]},{"d":"19.06.2016","r":8504.0,"q":4.91,"p":1245.89,"s":[{"ui":"3276573","t":3289.0,"r":3288.0,"q":1.0,"p":700.0,"mot":"U","mo":3288.0},{"ui":"3177251","t":5259.0,"r":5216.0,"q":7.37,"p":1590.0,"mot":"U","mo":5216.0},{"cn":"","ui":"","t":0.0,"r":0.0,"q":0.0,"p":0.0,"mot":"L","mo":0.0}]},{"d":"20.06.2016","r":8753.0,"q":4.95,"p":1251.41,"s":[{"ui":"3276573","t":3331.0,"r":3330.0,"q":1.0,"p":700.0,"mot":"U","mo":3330.0},{"ui":"3177251","t":5466.0,"r":5423.0,"q":7.37,"p":1590.0,"mot":"U","mo":5423.0},{"cn":"","ui":"","t":0.0,"r":0.0,"q":0.0,"p":0.0,"mot":"L","mo":0.0}]},{"d":"21.06.2016","r":9002.0,"q":4.99,"p":1256.62,"s":[{"ui":"3276573","t":3373.0,"r":3372.0,"q":1.0,"p":700.0,"mot":"U","mo":3372.0},{"ui":"3177251","t":5673.0,"r":5630.0,"q":7.38,"p":1590.0,"mot":"U","mo":5630.0},{"cn":"","ui":"","t":0.0,"r":0.0,"q":0.0,"p":0.0,"mot":"L","mo":0.0}]},{"d":"22.06.2016","r":9251.0,"q":5.03,"p":1261.55,"s":[{"ui":"3276573","t":3415.0,"r":3414.0,"q":1.0,"p":700.0,"mot":"U","mo":3414.0},{"ui":"3177251","t":5880.0,"r":5837.0,"q":7.38,"p":1590.0,"mot":"U","mo":5837.0},{"cn":"","ui":"","t":0.0,"r":0.0,"q":0.0,"p":0.0,"mot":"L","mo":0.0}]},{"d":"23.06.2016","r":9500.0,"q":5.06,"p":1259.87,"s":[{"ui":"3276573","t":3457.0,"r":3456.0,"q":1.0,"p":700.0,"mot":"U","mo":3456.0},{"ui":"3177251","t":6087.0,"r":6044.0,"q":7.38,"p":1580.0,"mot":"U","mo":6044.0},{"cn":"","ui":"","t":0.0,"r":0.0,"q":0.0,"p":0.0,"mot":"L","mo":0.0}]},{"d":"24.06.2016","r":9749.0,"q":5.09,"p":1264.25,"s":[{"ui":"3276573","t":3499.0,"r":3498.0,"q":1.0,"p":700.0,"mot":"U","mo":3498.0},{"ui":"3177251","t":6294.0,"r":6251.0,"q":7.38,"p":1580.0,"mot":"U","mo":6251.0},{"cn":"","ui":"","t":0.0,"r":0.0,"q":0.0,"p":0.0,"mot":"L","mo":0.0}]},{"d":"25.06.2016","r":9998.0,"q":5.13,"p":1268.42,"s":[{"ui":"3276573","t":3541.0,"r":3540.0,"q":1.0,"p":700.0,"mot":"U","mo":3540.0},{"ui":"3177251","t":6501.0,"r":6458.0,"q":7.39,"p":1580.0,"mot":"U","mo":6458.0},{"cn":"","ui":"","t":0.0,"r":0.0,"q":0.0,"p":0.0,"mot":"L","mo":0.0}]},{"d":"26.06.2016","r":10247.0,"q":5.16,"p":1272.38,"s":[{"ui":"3276573","t":3583.0,"r":3582.0,"q":1.0,"p":700.0,"mot":"U","mo":3582.0},{"ui":"3177251","t":6708.0,"r":6665.0,"q":7.39,"p":1580.0,"mot":"U","mo":6665.0},{"cn":"","ui":"","t":0.0,"r":0.0,"q":0.0,"p":0.0,"mot":"L","mo":0.0}]},{"d":"27.06.2016","r":10496.0,"q":5.18,"p":1276.16,"s":[{"ui":"3276573","t":3625.0,"r":3624.0,"q":1.0,"p":700.0,"mot":"U","mo":3624.0},{"ui":"3177251","t":6915.0,"r":6872.0,"q":7.39,"p":1580.0,"mot":"U","mo":6872.0},{"cn":"","ui":"","t":0.0,"r":0.0,"q":0.0,"p":0.0,"mot":"L","mo":0.0}]},{"d":"28.06.2016","r":10745.0,"q":5.21,"p":1279.76,"s":[{"ui":"3276573","t":3667.0,"r":3666.0,"q":1.0,"p":700.0,"mot":"U","mo":3666.0},{"ui":"3177251","t":7122.0,"r":7079.0,"q":7.39,"p":1580.0,"mot":"U","mo":7079.0},{"cn":"","ui":"","t":0.0,"r":0.0,"q":0.0,"p":0.0,"mot":"L","mo":0.0}]},{"d":"29.06.2016","r":10994.0,"q":5.24,"p":1283.2,"s":[{"ui":"3276573","t":3709.0,"r":3708.0,"q":1.0,"p":700.0,"mot":"U","mo":3708.0},{"ui":"3177251","t":7329.0,"r":7286.0,"q":7.4,"p":1580.0,"mot":"U","mo":7286.0},{"cn":"","ui":"","t":0.0,"r":0.0,"q":0.0,"p":0.0,"mot":"L","mo":0.0}]},{"d":"30.06.2016","r":11243.0,"q":5.27,"p":1286.48,"s":[{"ui":"3276573","t":3751.0,"r":3750.0,"q":1.0,"p":700.0,"mot":"U","mo":3750.0},{"ui":"3177251","t":7536.0,"r":7493.0,"q":7.4,"p":1580.0,"mot":"U","mo":7493.0},{"cn":"","ui":"","t":0.0,"r":0.0,"q":0.0,"p":0.0,"mot":"L","mo":0.0}]},{"d":"01.07.2016","r":11492.0,"q":5.29,"p":1289.63,"s":[{"ui":"3276573","t":3793.0,"r":3792.0,"q":1.0,"p":700.0,"mot":"U","mo":3792.0},{"ui":"3177251","t":7743.0,"r":7700.0,"q":7.4,"p":1580.0,"mot":"U","mo":7700.0},{"cn":"","ui":"","t":0.0,"r":0.0,"q":0.0,"p":0.0,"mot":"L","mo":0.0}]},{"d":"02.07.2016","r":11741.0,"q":5.31,"p":1292.64,"s":[{"ui":"3276573","t":3835.0,"r":3834.0,"q":1.0,"p":700.0,"mot":"U","mo":3834.0},{"ui":"3177251","t":7950.0,"r":7907.0,"q":7.4,"p":1580.0,"mot":"U","mo":7907.0},{"cn":"","ui":"","t":0.0,"r":0.0,"q":0.0,"p":0.0,"mot":"L","mo":0.0}]},{"d":"03.07.2016","r":11990.0,"q":5.34,"p":1295.52,"s":[{"ui":"3276573","t":3877.0,"r":3876.0,"q":1.0,"p":700.0,"mot":"U","mo":3876.0},{"ui":"3177251","t":8157.0,"r":8114.0,"q":7.41,"p":1580.0,"mot":"U","mo":8114.0},{"cn":"","ui":"","t":0.0,"r":0.0,"q":0.0,"p":0.0,"mot":"L","mo":0.0}]},{"d":"04.07.2016","r":12239.0,"q":5.36,"p":1298.29,"s":[{"ui":"3276573","t":3919.0,"r":3918.0,"q":1.0,"p":700.0,"mot":"U","mo":3918.0},{"ui":"3177251","t":8364.0,"r":8321.0,"q":7.41,"p":1580.0,"mot":"U","mo":8321.0},{"cn":"","ui":"","t":0.0,"r":0.0,"q":0.0,"p":0.0,"mot":"L","mo":0.0}]},{"d":"05.07.2016","r":12488.0,"q":5.38,"p":1300.95,"s":[{"ui":"3276573","t":3961.0,"r":3960.0,"q":1.0,"p":700.0,"mot":"U","mo":3960.0},{"ui":"3177251","t":8571.0,"r":8528.0,"q":7.42,"p":1580.0,"mot":"U","mo":8528.0},{"cn":"","ui":"","t":0.0,"r":0.0,"q":0.0,"p":0.0,"mot":"L","mo":0.0}]},{"d":"06.07.2016","r":12737.0,"q":5.4,"p":1303.5,"s":[{"ui":"3276573","t":4003.0,"r":4002.0,"q":1.0,"p":700.0,"mot":"U","mo":4002.0},{"ui":"3177251","t":8778.0,"r":8735.0,"q":7.42,"p":1580.0,"mot":"U","mo":8735.0},{"cn":"","ui":"","t":0.0,"r":0.0,"q":0.0,"p":0.0,"mot":"L","mo":0.0}]},{"d":"07.07.2016","r":12986.0,"q":5.43,"p":1305.96,"s":[{"ui":"3276573","t":4045.0,"r":4044.0,"q":1.0,"p":700.0,"mot":"U","mo":4044.0},{"ui":"3177251","t":8985.0,"r":8942.0,"q":7.43,"p":1580.0,"mot":"U","mo":8942.0},{"cn":"","ui":"","t":0.0,"r":0.0,"q":0.0,"p":0.0,"mot":"L","mo":0.0}]},{"d":"08.07.2016","r":13235.0,"q":5.44,"p":1308.32,"s":[{"ui":"3276573","t":4087.0,"r":4086.0,"q":1.0,"p":700.0,"mot":"U","mo":4086.0},{"ui":"3177251","t":9192.0,"r":9149.0,"q":7.43,"p":1580.0,"mot":"U","mo":9149.0},{"cn":"","ui":"","t":0.0,"r":0.0,"q":0.0,"p":0.0,"mot":"L","mo":0.0}]},{"d":"09.07.2016","r":13484.0,"q":5.47,"p":1303.66,"s":[{"ui":"3276573","t":4129.0,"r":4128.0,"q":1.0,"p":700.0,"mot":"U","mo":4128.0},{"ui":"3177251","t":9399.0,"r":9356.0,"q":7.44,"p":1570.0,"mot":"U","mo":9356.0},{"cn":"","ui":"","t":0.0,"r":0.0,"q":0.0,"p":0.0,"mot":"L","mo":0.0}]},{"d":"10.07.2016","r":13733.0,"q":5.48,"p":1305.83,"s":[{"ui":"3276573","t":4171.0,"r":4170.0,"q":1.0,"p":700.0,"mot":"U","mo":4170.0},{"ui":"3177251","t":9606.0,"r":9563.0,"q":7.44,"p":1570.0,"mot":"U","mo":9563.0},{"cn":"","ui":"","t":0.0,"r":0.0,"q":0.0,"p":0.0,"mot":"L","mo":0.0}]},{"d":"11.07.2016","r":13982.0,"q":5.51,"p":1307.92,"s":[{"ui":"3276573","t":4213.0,"r":4212.0,"q":1.0,"p":700.0,"mot":"U","mo":4212.0},{"ui":"3177251","t":9813.0,"r":9770.0,"q":7.45,"p":1570.0,"mot":"U","mo":9770.0},{"cn":"","ui":"","t":0.0,"r":0.0,"q":0.0,"p":0.0,"mot":"L","mo":0.0}]},{"d":"12.07.2016","r":14231.0,"q":5.52,"p":1309.94,"s":[{"ui":"3276573","t":4255.0,"r":4254.0,"q":1.0,"p":700.0,"mot":"U","mo":4254.0},{"ui":"3177251","t":10020.0,"r":9977.0,"q":7.45,"p":1570.0,"mot":"U","mo":9977.0},{"cn":"","ui":"","t":0.0,"r":0.0,"q":0.0,"p":0.0,"mot":"L","mo":0.0}]},{"d":"13.07.2016","r":14475.0,"q":5.54,"p":1312.1,"s":[{"ui":"3276573","t":4294.0,"r":4291.0,"q":1.0,"p":700.0,"mot":"U","mo":4291.0},{"ui":"3177251","t":10227.0,"r":10184.0,"q":7.46,"p":1570.0,"mot":"U","mo":10184.0},{"cn":"","ui":"","t":0.0,"r":0.0,"q":0.0,"p":0.0,"mot":"L","mo":0.0}]},{"d":"14.07.2016","r":14721.0,"q":5.57,"p":1314.1,"s":[{"ui":"3276573","t":4333.0,"r":4330.0,"q":1.0,"p":700.0,"mot":"U","mo":4330.0},{"ui":"3177251","t":10434.0,"r":10391.0,"q":7.47,"p":1570.0,"mot":"U","mo":10391.0},{"cn":"","ui":"","t":0.0,"r":0.0,"q":0.0,"p":0.0,"mot":"L","mo":0.0}]},{"d":"15.07.2016","r":14957.0,"q":5.58,"p":1316.45,"s":[{"ui":"3276573","t":4372.0,"r":4359.0,"q":1.0,"p":700.0,"mot":"U","mo":4359.0},{"ui":"3177251","t":10641.0,"r":10598.0,"q":7.47,"p":1570.0,"mot":"U","mo":10598.0},{"cn":"","ui":"","t":0.0,"r":0.0,"q":0.0,"p":0.0,"mot":"L","mo":0.0}]},{"d":"16.07.2016","r":15097.0,"q":5.64,"p":1322.66,"s":[{"ui":"3276573","t":4353.0,"r":4292.0,"q":1.0,"p":700.0,"mot":"U","mo":4292.0},{"ui":"3177251","t":10848.0,"r":10805.0,"q":7.48,"p":1570.0,"mot":"U","mo":10805.0},{"cn":"","ui":"","t":0.0,"r":0.0,"q":0.0,"p":0.0,"mot":"L","mo":0.0}]},{"d":"18.07.2016","r":15473.0,"q":5.71,"p":1330.81,"s":[{"ui":"3276573","t":4315.0,"r":4254.0,"q":1.0,"p":700.0,"mot":"U","mo":4254.0},{"ui":"3177251","t":11262.0,"r":11219.0,"q":7.49,"p":1570.0,"mot":"U","mo":11219.0},{"cn":"","ui":"","t":0.0,"r":0.0,"q":0.0,"p":0.0,"mot":"L","mo":0.0}]},{"d":"19.07.2016","r":15661.0,"q":5.74,"p":1334.74,"s":[{"ui":"3276573","t":4296.0,"r":4235.0,"q":1.0,"p":700.0,"mot":"U","mo":4235.0},{"ui":"3177251","t":11469.0,"r":11426.0,"q":7.5,"p":1570.0,"mot":"U","mo":11426.0},{"cn":"","ui":"","t":0.0,"r":0.0,"q":0.0,"p":0.0,"mot":"L","mo":0.0}]},{"d":"20.07.2016","r":15849.0,"q":5.78,"p":1338.57,"s":[{"ui":"3276573","t":4277.0,"r":4216.0,"q":1.0,"p":700.0,"mot":"U","mo":4216.0},{"ui":"3177251","t":11676.0,"r":11633.0,"q":7.51,"p":1570.0,"mot":"U","mo":11633.0},{"cn":"","ui":"","t":0.0,"r":0.0,"q":0.0,"p":0.0,"mot":"L","mo":0.0}]},{"d":"21.07.2016","r":16027.0,"q":5.81,"p":1342.72,"s":[{"ui":"3276573","t":4253.0,"r":4187.0,"q":1.0,"p":700.0,"mot":"U","mo":4187.0},{"ui":"3177251","t":11883.0,"r":11840.0,"q":7.51,"p":1570.0,"mot":"U","mo":11840.0},{"cn":"","ui":"","t":0.0,"r":0.0,"q":0.0,"p":0.0,"mot":"L","mo":0.0}]},{"d":"22.07.2016","r":16210.0,"q":5.85,"p":1346.57,"s":[{"ui":"3276573","t":4229.0,"r":4163.0,"q":1.0,"p":700.0,"mot":"U","mo":4163.0},{"ui":"3177251","t":12090.0,"r":12047.0,"q":7.52,"p":1570.0,"mot":"U","mo":12047.0},{"cn":"","ui":"","t":0.0,"r":0.0,"q":0.0,"p":0.0,"mot":"L","mo":0.0}]},{"d":"25.07.2016","r":16759.0,"q":5.94,"p":1350.07,"s":[{"ui":"3276573","t":4142.0,"r":4091.0,"q":1.0,"p":700.0,"mot":"U","mo":4091.0},{"ui":"3177251","t":12711.0,"r":12668.0,"q":7.54,"p":1560.0,"mot":"U","mo":12668.0},{"cn":"","ui":"","t":0.0,"r":0.0,"q":0.0,"p":0.0,"mot":"L","mo":0.0}]},{"d":"26.07.2016","r":16897.0,"q":5.99,"p":1355.29,"s":[{"ui":"3276573","t":4103.0,"r":4022.0,"q":1.0,"p":700.0,"mot":"U","mo":4022.0},{"ui":"3177251","t":12918.0,"r":12875.0,"q":7.55,"p":1560.0,"mot":"U","mo":12875.0},{"cn":"","ui":"","t":0.0,"r":0.0,"q":0.0,"p":0.0,"mot":"L","mo":0.0}]},{"d":"27.07.2016","r":17055.0,"q":6.02,"p":1359.66,"s":[{"ui":"3276573","t":4059.0,"r":3973.0,"q":1.0,"p":700.0,"mot":"U","mo":3973.0},{"ui":"3177251","t":13125.0,"r":13082.0,"q":7.55,"p":1560.0,"mot":"U","mo":13082.0},{"cn":"","ui":"","t":0.0,"r":0.0,"q":0.0,"p":0.0,"mot":"L","mo":0.0}]},{"d":"28.07.2016","r":17218.0,"q":6.06,"p":1363.76,"s":[{"ui":"3276573","t":4015.0,"r":3929.0,"q":1.0,"p":700.0,"mot":"U","mo":3929.0},{"ui":"3177251","t":13332.0,"r":13289.0,"q":7.56,"p":1560.0,"mot":"U","mo":13289.0},{"cn":"","ui":"","t":0.0,"r":0.0,"q":0.0,"p":0.0,"mot":"L","mo":0.0}]},{"d":"29.07.2016","r":17441.0,"q":6.08,"p":1365.48,"s":[{"ui":"3276573","t":4001.0,"r":3945.0,"q":1.0,"p":700.0,"mot":"U","mo":3945.0},{"ui":"3177251","t":13539.0,"r":13496.0,"q":7.57,"p":1560.0,"mot":"U","mo":13496.0},{"cn":"","ui":"","t":0.0,"r":0.0,"q":0.0,"p":0.0,"mot":"L","mo":0.0}]},{"d":"30.07.2016","r":17634.0,"q":6.11,"p":1368.29,"s":[{"ui":"3276573","t":3987.0,"r":3931.0,"q":1.0,"p":700.0,"mot":"U","mo":3931.0},{"ui":"3177251","t":13746.0,"r":13703.0,"q":7.57,"p":1560.0,"mot":"U","mo":13703.0},{"cn":"","ui":"","t":0.0,"r":0.0,"q":0.0,"p":0.0,"mot":"L","mo":0.0}]},{"d":"01.08.2016","r":18020.0,"q":6.16,"p":1373.73,"s":[{"ui":"3276573","t":3959.0,"r":3903.0,"q":1.0,"p":700.0,"mot":"U","mo":3903.0},{"ui":"3177251","t":14160.0,"r":14117.0,"q":7.59,"p":1560.0,"mot":"U","mo":14117.0},{"cn":"","ui":"","t":0.0,"r":0.0,"q":0.0,"p":0.0,"mot":"L","mo":0.0}]},{"d":"02.08.2016","r":18233.0,"q":6.19,"p":1375.62,"s":[{"ui":"3276573","t":3960.0,"r":3909.0,"q":1.0,"p":700.0,"mot":"U","mo":3909.0},{"ui":"3177251","t":14367.0,"r":14324.0,"q":7.6,"p":1560.0,"mot":"U","mo":14324.0},{"cn":"","ui":"","t":0.0,"r":0.0,"q":0.0,"p":0.0,"mot":"L","mo":0.0}]},{"d":"03.08.2016","r":18441.0,"q":6.2,"p":1377.66,"s":[{"ui":"3276573","t":3961.0,"r":3910.0,"q":1.0,"p":700.0,"mot":"U","mo":3910.0},{"ui":"3177251","t":14574.0,"r":14531.0,"q":7.6,"p":1560.0,"mot":"U","mo":14531.0},{"cn":"","ui":"","t":0.0,"r":0.0,"q":0.0,"p":0.0,"mot":"L","mo":0.0}]},{"d":"04.08.2016","r":18649.0,"q":6.22,"p":1379.64,"s":[{"ui":"3276573","t":3962.0,"r":3911.0,"q":1.0,"p":700.0,"mot":"U","mo":3911.0},{"ui":"3177251","t":14781.0,"r":14738.0,"q":7.61,"p":1560.0,"mot":"U","mo":14738.0},{"cn":"","ui":"","t":0.0,"r":0.0,"q":0.0,"p":0.0,"mot":"L","mo":0.0}]},{"d":"05.08.2016","r":18847.0,"q":6.25,"p":1381.95,"s":[{"ui":"3276573","t":3958.0,"r":3902.0,"q":1.0,"p":700.0,"mot":"U","mo":3902.0},{"ui":"3177251","t":14988.0,"r":14945.0,"q":7.62,"p":1560.0,"mot":"U","mo":14945.0},{"cn":"","ui":"","t":0.0,"r":0.0,"q":0.0,"p":0.0,"mot":"L","mo":0.0}]},{"d":"06.08.2016","r":19050.0,"q":6.27,"p":1384.03,"s":[{"ui":"3276573","t":3954.0,"r":3898.0,"q":1.0,"p":700.0,"mot":"U","mo":3898.0},{"ui":"3177251","t":15195.0,"r":15152.0,"q":7.62,"p":1560.0,"mot":"U","mo":15152.0},{"cn":"","ui":"","t":0.0,"r":0.0,"q":0.0,"p":0.0,"mot":"L","mo":0.0}]},{"d":"07.08.2016","r":19252.0,"q":6.29,"p":1386.1,"s":[{"ui":"3276573","t":3949.0,"r":3893.0,"q":1.0,"p":700.0,"mot":"U","mo":3893.0},{"ui":"3177251","t":15402.0,"r":15359.0,"q":7.63,"p":1560.0,"mot":"U","mo":15359.0},{"cn":"","ui":"","t":0.0,"r":0.0,"q":0.0,"p":0.0,"mot":"L","mo":0.0}]},{"d":"08.08.2016","r":15566.0,"q":7.63,"p":1560.0,"s":[{"ui":"3177251","t":15609.0,"r":15566.0,"q":7.63,"p":1560.0,"mot":"U","mo":15566.0},{"cn":"","ui":"","t":0.0,"r":0.0,"q":0.0,"p":0.0,"mot":"L","mo":0.0}]},{"d":"09.08.2016","r":19666.0,"q":6.33,"p":1389.76,"s":[{"ui":"3276573","t":3944.0,"r":3893.0,"q":1.0,"p":700.0,"mot":"U","mo":3893.0},{"ui":"3177251","t":15816.0,"r":15773.0,"q":7.64,"p":1560.0,"mot":"U","mo":15773.0},{"cn":"","ui":"","t":0.0,"r":0.0,"q":0.0,"p":0.0,"mot":"L","mo":0.0}]},{"d":"10.08.2016","r":19868.0,"q":6.35,"p":1383.66,"s":[{"ui":"3276573","t":3944.0,"r":3888.0,"q":1.0,"p":700.0,"mot":"U","mo":3888.0},{"ui":"3177251","t":16023.0,"r":15980.0,"q":7.65,"p":1550.0,"mot":"U","mo":15980.0},{"cn":"","ui":"","t":0.0,"r":0.0,"q":0.0,"p":0.0,"mot":"L","mo":0.0}]},{"d":"11.08.2016","r":20030.0,"q":6.37,"p":1386.92,"s":[{"ui":"3276573","t":3919.0,"r":3843.0,"q":1.0,"p":700.0,"mot":"U","mo":3843.0},{"ui":"3177251","t":16230.0,"r":16187.0,"q":7.65,"p":1550.0,"mot":"U","mo":16187.0},{"cn":"","ui":"","t":0.0,"r":0.0,"q":0.0,"p":0.0,"mot":"L","mo":0.0}]},{"d":"12.08.2016","r":20232.0,"q":6.4,"p":1388.76,"s":[{"ui":"3276573","t":3899.0,"r":3838.0,"q":1.0,"p":700.0,"mot":"U","mo":3838.0},{"ui":"3177251","t":16437.0,"r":16394.0,"q":7.66,"p":1550.0,"mot":"U","mo":16394.0},{"cn":"","ui":"","t":0.0,"r":0.0,"q":0.0,"p":0.0,"mot":"L","mo":0.0}]},{"d":"13.08.2016","r":20355.0,"q":6.44,"p":1393.24,"s":[{"ui":"3276573","t":3847.0,"r":3754.0,"q":1.0,"p":700.0,"mot":"U","mo":3754.0},{"ui":"3177251","t":16644.0,"r":16601.0,"q":7.67,"p":1550.0,"mot":"U","mo":16601.0},{"cn":"","ui":"","t":0.0,"r":0.0,"q":0.0,"p":0.0,"mot":"L","mo":0.0}]},{"d":"14.08.2016","r":20509.0,"q":6.47,"p":1396.61,"s":[{"ui":"3276573","t":3794.0,"r":3701.0,"q":1.0,"p":700.0,"mot":"U","mo":3701.0},{"ui":"3177251","t":16851.0,"r":16808.0,"q":7.67,"p":1550.0,"mot":"U","mo":16808.0},{"cn":"","ui":"","t":0.0,"r":0.0,"q":0.0,"p":0.0,"mot":"L","mo":0.0}]},{"d":"15.08.2016","r":20663.0,"q":6.5,"p":1399.93,"s":[{"ui":"3276573","t":3741.0,"r":3648.0,"q":1.0,"p":700.0,"mot":"U","mo":3648.0},{"ui":"3177251","t":17058.0,"r":17015.0,"q":7.68,"p":1550.0,"mot":"U","mo":17015.0},{"cn":"","ui":"","t":0.0,"r":0.0,"q":0.0,"p":0.0,"mot":"L","mo":0.0}]},{"d":"16.08.2016","r":20817.0,"q":6.53,"p":1403.21,"s":[{"ui":"3276573","t":3688.0,"r":3595.0,"q":1.0,"p":700.0,"mot":"U","mo":3595.0},{"ui":"3177251","t":17265.0,"r":17222.0,"q":7.69,"p":1550.0,"mot":"U","mo":17222.0},{"cn":"","ui":"","t":0.0,"r":0.0,"q":0.0,"p":0.0,"mot":"L","mo":0.0}]},{"d":"17.08.2016","r":20705.0,"q":6.57,"p":1407.3,"s":[{"ui":"3276573","t":3602.0,"r":3476.0,"q":1.0,"p":700.0,"mot":"U","mo":3476.0},{"ui":"3177251","t":17372.0,"r":17229.0,"q":7.69,"p":1550.0,"mot":"U","mo":17229.0},{"cn":"","ui":"","t":0.0,"r":0.0,"q":0.0,"p":0.0,"mot":"L","mo":0.0}]},{"d":"18.08.2016","r":20719.0,"q":6.61,"p":1411.21,"s":[{"ui":"3276573","t":3514.0,"r":3383.0,"q":1.0,"p":700.0,"mot":"U","mo":3383.0},{"ui":"3177251","t":17479.0,"r":17336.0,"q":7.7,"p":1550.0,"mot":"U","mo":17336.0},{"cn":"","ui":"","t":0.0,"r":0.0,"q":0.0,"p":0.0,"mot":"L","mo":0.0}]},{"d":"19.08.2016","r":20338.0,"q":6.75,"p":1429.01,"s":[{"ui":"3276573","t":3226.0,"r":2895.0,"q":1.0,"p":700.0,"mot":"U","mo":2895.0},{"ui":"3177251","t":17586.0,"r":17443.0,"q":7.71,"p":1550.0,"mot":"U","mo":17443.0},{"cn":"","ui":"","t":0.0,"r":0.0,"q":0.0,"p":0.0,"mot":"L","mo":0.0}]},{"d":"20.08.2016","r":19897.0,"q":6.83,"p":1438.63,"s":[{"ui":"3276573","t":2938.0,"r":2607.0,"q":1.0,"p":700.0,"mot":"U","mo":2607.0},{"ui":"3177251","t":17513.0,"r":17290.0,"q":7.71,"p":1550.0,"mot":"U","mo":17290.0},{"cn":"","ui":"","t":0.0,"r":0.0,"q":0.0,"p":0.0,"mot":"L","mo":0.0}]},{"d":"21.08.2016","r":19626.0,"q":6.93,"p":1449.56,"s":[{"ui":"3276573","t":2650.0,"r":2319.0,"q":1.0,"p":700.0,"mot":"U","mo":2319.0},{"ui":"3177251","t":17540.0,"r":17307.0,"q":7.72,"p":1550.0,"mot":"U","mo":17307.0},{"cn":"","ui":"","t":0.0,"r":0.0,"q":0.0,"p":0.0,"mot":"L","mo":0.0}]},{"d":"22.08.2016","r":19355.0,"q":7.01,"p":1460.81,"s":[{"ui":"3276573","t":2362.0,"r":2031.0,"q":1.0,"p":700.0,"mot":"U","mo":2031.0},{"ui":"3177251","t":17557.0,"r":17324.0,"q":7.72,"p":1550.0,"mot":"U","mo":17324.0},{"cn":"","ui":"","t":0.0,"r":0.0,"q":0.0,"p":0.0,"mot":"L","mo":0.0}]},{"d":"23.08.2016","r":18944.0,"q":7.11,"p":1471.79,"s":[{"ui":"3276573","t":2074.0,"r":1743.0,"q":1.0,"p":700.0,"mot":"U","mo":1743.0},{"ui":"3177251","t":17504.0,"r":17201.0,"q":7.73,"p":1550.0,"mot":"U","mo":17201.0},{"cn":"","ui":"","t":0.0,"r":0.0,"q":0.0,"p":0.0,"mot":"L","mo":0.0}]},{"d":"24.08.2016","r":18590.0,"q":7.22,"p":1482.67,"s":[{"ui":"3276573","t":1786.0,"r":1455.0,"q":1.0,"p":700.0,"mot":"U","mo":1455.0},{"ui":"3177251","t":17451.0,"r":17123.0,"q":7.74,"p":1550.0,"mot":"U","mo":17123.0},{"cn":"","ui":"","t":12813.0,"r":12.0,"q":26.03,"p":300.0,"mot":"L","mo":12.0}]},{"d":"25.08.2016","r":19102.0,"q":8.56,"p":1413.66,"s":[{"ui":"3276573","t":1498.0,"r":1167.0,"q":1.0,"p":700.0,"mot":"U","mo":1167.0},{"ui":"3177251","t":17173.0,"r":16645.0,"q":7.74,"p":1550.0,"mot":"U","mo":16645.0},{"ui":"3299990","t":14091.0,"r":1290.0,"q":26.05,"p":300.0,"mot":"U","mo":1290.0},{"cn":"","ui":"","t":0.0,"r":0.0,"q":0.0,"p":0.0,"mot":"L","mo":0.0}]},{"d":"26.08.2016","r":19814.0,"q":9.82,"p":1350.29,"s":[{"ui":"3177251","t":16895.0,"r":16367.0,"q":7.75,"p":1550.0,"mot":"U","mo":16367.0},{"ui":"3299990","t":15369.0,"r":2568.0,"q":26.06,"p":300.0,"mot":"U","mo":2568.0},{"cn":"","ui":"","t":1210.0,"r":879.0,"q":1.0,"p":700.0,"mot":"L","mo":879.0}]},{"d":"27.08.2016","r":19776.0,"q":11.12,"p":1281.5,"s":[{"ui":"3177251","t":16242.0,"r":15339.0,"q":7.76,"p":1550.0,"mot":"U","mo":15339.0},{"ui":"3299990","t":16647.0,"r":3846.0,"q":26.06,"p":300.0,"mot":"U","mo":3846.0},{"cn":"","ui":"","t":922.0,"r":591.0,"q":1.0,"p":700.0,"mot":"L","mo":591.0}]},{"d":"28.08.2016","r":20113.0,"q":12.32,"p":1218.74,"s":[{"ui":"3177251","t":15589.0,"r":14686.0,"q":7.76,"p":1550.0,"mot":"U","mo":14686.0},{"ui":"3299990","t":17925.0,"r":5124.0,"q":26.06,"p":300.0,"mot":"U","mo":5124.0},{"cn":"","ui":"","t":634.0,"r":303.0,"q":1.0,"p":700.0,"mot":"L","mo":303.0}]},{"d":"29.08.2016","r":14048.0,"q":7.76,"p":1549.09,"s":[{"ui":"3177251","t":14936.0,"r":14033.0,"q":7.77,"p":1550.0,"mot":"U","mo":14033.0},{"cn":"","ui":"","t":346.0,"r":15.0,"q":1.0,"p":700.0,"mot":"L","mo":15.0}]},{"d":"30.08.2016","r":13380.0,"q":7.78,"p":1550.0,"s":[{"ui":"3177251","t":14283.0,"r":13380.0,"q":7.78,"p":1550.0,"mot":"U","mo":13380.0},{"cn":"","ui":"","t":0.0,"r":0.0,"q":0.0,"p":0.0,"mot":"L","mo":0.0}]},{"d":"31.08.2016","r":12727.0,"q":7.79,"p":1550.0,"s":[{"ui":"3177251","t":13630.0,"r":12727.0,"q":7.79,"p":1550.0,"mot":"U","mo":12727.0},{"cn":"","ui":"","t":0.0,"r":0.0,"q":0.0,"p":0.0,"mot":"L","mo":0.0}]},{"d":"01.09.2016","r":12074.0,"q":7.8,"p":1550.0,"s":[{"ui":"3177251","t":12977.0,"r":12074.0,"q":7.8,"p":1550.0,"mot":"U","mo":12074.0},{"cn":"","ui":"","t":0.0,"r":0.0,"q":0.0,"p":0.0,"mot":"L","mo":0.0}]},{"d":"02.09.2016","r":11421.0,"q":7.81,"p":1550.0,"s":[{"ui":"3177251","t":12324.0,"r":11421.0,"q":7.81,"p":1550.0,"mot":"U","mo":11421.0},{"cn":"","ui":"","t":0.0,"r":0.0,"q":0.0,"p":0.0,"mot":"L","mo":0.0}]},{"d":"03.09.2016","r":10768.0,"q":7.82,"p":1550.0,"s":[{"ui":"3177251","t":11671.0,"r":10768.0,"q":7.82,"p":1550.0,"mot":"U","mo":10768.0},{"cn":"","ui":"","t":0.0,"r":0.0,"q":0.0,"p":0.0,"mot":"L","mo":0.0}]},{"d":"04.09.2016","r":10115.0,"q":7.83,"p":1550.0,"s":[{"ui":"3177251","t":11018.0,"r":10115.0,"q":7.83,"p":1550.0,"mot":"U","mo":10115.0},{"cn":"","ui":"","t":0.0,"r":0.0,"q":0.0,"p":0.0,"mot":"L","mo":0.0}]},{"d":"05.09.2016","r":9095.0,"q":7.82,"p":1546.92,"s":[{"ui":"3177251","t":10165.0,"r":9062.0,"q":7.84,"p":1550.0,"mot":"U","mo":9062.0},{"cn":"","ui":"","t":59.0,"r":33.0,"q":1.0,"p":700.0,"mot":"L","mo":33.0}]},{"d":"06.09.2016","r":8059.0,"q":7.81,"p":1544.73,"s":[{"ui":"3177251","t":9212.0,"r":8009.0,"q":7.85,"p":1550.0,"mot":"U","mo":8009.0},{"cn":"","ui":"","t":76.0,"r":50.0,"q":1.0,"p":700.0,"mot":"L","mo":50.0}]},{"d":"07.09.2016","r":7121.0,"q":7.8,"p":1542.24,"s":[{"ui":"3177251","t":8259.0,"r":7056.0,"q":7.86,"p":1550.0,"mot":"U","mo":7056.0},{"cn":"","ui":"","t":92.0,"r":65.0,"q":1.0,"p":700.0,"mot":"L","mo":65.0}]},{"d":"08.09.2016","r":6369.0,"q":7.81,"p":1541.19,"s":[{"ui":"3177251","t":7406.0,"r":6303.0,"q":7.88,"p":1550.0,"mot":"U","mo":6303.0},{"cn":"","ui":"","t":108.0,"r":66.0,"q":1.0,"p":700.0,"mot":"L","mo":66.0}]},{"d":"09.09.2016","r":5517.0,"q":7.81,"p":1539.68,"s":[{"ui":"3177251","t":6553.0,"r":5450.0,"q":7.89,"p":1550.0,"mot":"U","mo":5450.0},{"cn":"","ui":"","t":109.0,"r":67.0,"q":1.0,"p":700.0,"mot":"L","mo":67.0}]},{"d":"10.09.2016","r":4655.0,"q":7.82,"p":1539.41,"s":[{"ui":"3177251","t":5700.0,"r":4597.0,"q":7.91,"p":1550.0,"mot":"U","mo":4597.0},{"cn":"","ui":"","t":100.0,"r":58.0,"q":1.0,"p":700.0,"mot":"L","mo":58.0}]},{"d":"11.09.2016","r":3803.0,"q":7.82,"p":1536.81,"s":[{"ui":"3177251","t":4847.0,"r":3744.0,"q":7.93,"p":1550.0,"mot":"U","mo":3744.0},{"cn":"","ui":"","t":101.0,"r":59.0,"q":1.0,"p":700.0,"mot":"L","mo":59.0}]},{"d":"12.09.2016","r":2897.0,"q":7.95,"p":1548.24,"s":[{"ui":"3177251","t":3994.0,"r":2891.0,"q":7.96,"p":1550.0,"mot":"U","mo":2891.0},{"cn":"","ui":"","t":50.0,"r":6.0,"q":1.0,"p":700.0,"mot":"L","mo":6.0}]},{"d":"13.09.2016","r":1983.0,"q":7.97,"p":1547.86,"s":[{"ui":"3177251","t":3111.0,"r":1978.0,"q":7.99,"p":1550.0,"mot":"U","mo":1978.0},{"cn":"","ui":"","t":49.0,"r":5.0,"q":1.0,"p":700.0,"mot":"L","mo":5.0}]},{"d":"14.09.2016","r":1103.0,"q":8.01,"p":1547.69,"s":[{"ui":"3177251","t":2248.0,"r":1100.0,"q":8.03,"p":1550.0,"mot":"U","mo":1100.0},{"cn":"","ui":"","t":47.0,"r":3.0,"q":1.0,"p":700.0,"mot":"L","mo":3.0}]},{"d":"15.09.2016","r":218.0,"q":7.89,"p":1526.61,"s":[{"ui":"3177251","t":1355.0,"r":212.0,"q":8.08,"p":1550.0,"mot":"U","mo":212.0},{"cn":"","ui":"","t":42.0,"r":6.0,"q":1.0,"p":700.0,"mot":"L","mo":6.0}]},{"d":"04.10.2016","r":2300.0,"q":1.0,"p":3872.72,"s":[{"ui":"3581097","t":2350.0,"r":2300.0,"q":1.0,"p":3872.72,"mot":"U","mo":2300.0},{"cn":"","ui":"","t":0.0,"r":0.0,"q":0.0,"p":0.0,"mot":"L","mo":0.0}]},{"d":"07.10.2016","r":3309.0,"q":1.0,"p":2872.72,"s":[{"ui":"3581097","t":4994.0,"r":3309.0,"q":1.0,"p":2872.72,"mot":"U","mo":3309.0},{"cn":"","ui":"","t":0.0,"r":0.0,"q":0.0,"p":0.0,"mot":"L","mo":0.0}]},{"d":"08.10.2016","r":2317.0,"q":1.0,"p":2872.72,"s":[{"ui":"3581097","t":7502.0,"r":2317.0,"q":1.0,"p":2872.72,"mot":"U","mo":2317.0},{"cn":"","ui":"","t":0.0,"r":0.0,"q":0.0,"p":0.0,"mot":"L","mo":0.0}]},{"d":"09.10.2016","r":2038.0,"q":1.0,"p":2872.72,"s":[{"ui":"3581097","t":7268.0,"r":2038.0,"q":1.0,"p":2872.72,"mot":"U","mo":2038.0},{"cn":"","ui":"","t":0.0,"r":0.0,"q":0.0,"p":0.0,"mot":"L","mo":0.0}]},{"d":"10.10.2016","r":500.0,"q":1.0,"p":2100.72,"s":[{"ui":"3581097","t":6470.0,"r":3780.0,"q":1.0,"p":2100.72,"mot":"L","mo":500.0},{"cn":"","ui":"","t":0.0,"r":0.0,"q":0.0,"p":0.0,"mot":"L","mo":0.0}]},{"d":"11.10.2016","r":500.0,"q":1.0,"p":2100.72,"s":[{"ui":"3581097","t":8667.0,"r":6777.0,"q":1.0,"p":2100.72,"mot":"L","mo":500.0},{"cn":"","ui":"","t":0.0,"r":0.0,"q":0.0,"p":0.0,"mot":"L","mo":0.0}]},{"d":"12.10.2016","r":500.0,"q":1.0,"p":2100.72,"s":[{"ui":"3581097","t":10656.0,"r":8661.0,"q":1.0,"p":2100.72,"mot":"L","mo":500.0},{"cn":"","ui":"","t":0.0,"r":0.0,"q":0.0,"p":0.0,"mot":"L","mo":0.0}]},{"d":"13.10.2016","r":500.0,"q":1.0,"p":2100.72,"s":[{"ui":"3581097","t":11559.0,"r":7984.0,"q":1.0,"p":2100.72,"mot":"L","mo":500.0},{"cn":"","ui":"","t":0.0,"r":0.0,"q":0.0,"p":0.0,"mot":"L","mo":0.0}]},{"d":"14.10.2016","r":500.0,"q":1.0,"p":2100.72,"s":[{"ui":"3581097","t":13000.0,"r":9425.0,"q":1.0,"p":2100.72,"mot":"L","mo":500.0},{"cn":"","ui":"","t":0.0,"r":0.0,"q":0.0,"p":0.0,"mot":"L","mo":0.0}]},{"d":"15.10.2016","r":500.0,"q":1.0,"p":2100.72,"s":[{"ui":"3581097","t":13695.0,"r":9420.0,"q":1.0,"p":2100.72,"mot":"L","mo":500.0},{"cn":"","ui":"","t":0.0,"r":0.0,"q":0.0,"p":0.0,"mot":"L","mo":0.0}]},{"d":"16.10.2016","r":500.0,"q":1.0,"p":2100.72,"s":[{"ui":"3581097","t":14866.0,"r":9071.0,"q":1.0,"p":2100.72,"mot":"L","mo":500.0},{"cn":"","ui":"","t":0.0,"r":0.0,"q":0.0,"p":0.0,"mot":"L","mo":0.0}]},{"d":"17.10.2016","r":500.0,"q":1.0,"p":2100.72,"s":[{"ui":"3581097","t":14031.0,"r":7736.0,"q":1.0,"p":2100.72,"mot":"L","mo":500.0},{"cn":"","ui":"","t":0.0,"r":0.0,"q":0.0,"p":0.0,"mot":"L","mo":0.0}]},{"d":"18.10.2016","r":500.0,"q":1.0,"p":2100.72,"s":[{"ui":"3581097","t":13202.0,"r":6917.0,"q":1.0,"p":2100.72,"mot":"L","mo":500.0},{"cn":"","ui":"","t":0.0,"r":0.0,"q":0.0,"p":0.0,"mot":"L","mo":0.0}]},{"d":"19.10.2016","r":4950.0,"q":1.0,"p":3532.67,"s":[{"ui":"3592705","t":4450.0,"r":4450.0,"q":1.0,"p":3693.56,"mot":"U","mo":4450.0},{"ui":"3581097","t":11869.0,"r":5084.0,"q":1.0,"p":2100.72,"mot":"L","mo":500.0},{"cn":"","ui":"","t":0.0,"r":0.0,"q":0.0,"p":0.0,"mot":"L","mo":0.0}]},{"d":"20.10.2016","r":500.0,"q":1.0,"p":2100.72,"s":[{"ui":"3581097","t":10528.0,"r":3739.0,"q":1.0,"p":2100.72,"mot":"L","mo":500.0},{"cn":"","ui":"","t":0.0,"r":0.0,"q":0.0,"p":0.0,"mot":"L","mo":0.0}]},{"d":"21.10.2016","r":650.0,"q":1.0,"p":1500.72,"s":[{"ui":"3581097","t":8583.0,"r":1127.0,"q":1.0,"p":1500.72,"mot":"L","mo":650.0},{"cn":"","ui":"","t":0.0,"r":0.0,"q":0.0,"p":0.0,"mot":"L","mo":0.0}]},{"d":"30.10.2016","r":4858.0,"q":25.4,"p":300.0,"s":[{"ui":"3299990","t":11408.0,"r":4858.0,"q":25.4,"p":300.0,"mot":"U","mo":4858.0},{"cn":"","ui":"","t":0.0,"r":0.0,"q":0.0,"p":0.0,"mot":"L","mo":0.0}]},{"d":"19.11.2016","r":703.0,"q":1.05,"p":1000.0,"s":[{"ui":"3623450","t":703.0,"r":703.0,"q":1.05,"p":1000.0,"mot":"U","mo":703.0},{"cn":"","ui":"","t":0.0,"r":0.0,"q":0.0,"p":0.0,"mot":"L","mo":0.0}]},{"d":"21.11.2016","r":50.0,"q":1.72,"p":1000.0,"s":[{"ui":"3623450","t":1953.0,"r":1903.0,"q":1.72,"p":1000.0,"mot":"L","mo":50.0},{"cn":"","ui":"","t":0.0,"r":0.0,"q":0.0,"p":0.0,"mot":"L","mo":0.0}]},{"d":"22.11.2016","r":50.0,"q":1.87,"p":1000.0,"s":[{"ui":"3623450","t":3930.0,"r":3880.0,"q":1.87,"p":1000.0,"mot":"L","mo":50.0},{"cn":"","ui":"","t":0.0,"r":0.0,"q":0.0,"p":0.0,"mot":"L","mo":0.0}]},{"d":"23.11.2016","r":50.0,"q":1.91,"p":1000.0,"s":[{"ui":"3623450","t":5905.0,"r":5855.0,"q":1.91,"p":1000.0,"mot":"L","mo":50.0},{"cn":"","ui":"","t":0.0,"r":0.0,"q":0.0,"p":0.0,"mot":"L","mo":0.0}]},{"d":"24.11.2016","r":50.0,"q":1.93,"p":1000.0,"s":[{"ui":"3623450","t":7878.0,"r":7828.0,"q":1.93,"p":1000.0,"mot":"L","mo":50.0},{"cn":"","ui":"","t":0.0,"r":0.0,"q":0.0,"p":0.0,"mot":"L","mo":0.0}]},{"d":"25.11.2016","r":50.0,"q":1.91,"p":1000.0,"s":[{"ui":"3623450","t":9796.0,"r":9746.0,"q":1.91,"p":1000.0,"mot":"L","mo":50.0},{"cn":"","ui":"","t":0.0,"r":0.0,"q":0.0,"p":0.0,"mot":"L","mo":0.0}]},{"d":"26.11.2016","r":50.0,"q":1.92,"p":1000.0,"s":[{"ui":"3623450","t":11715.0,"r":11615.0,"q":1.92,"p":1000.0,"mot":"L","mo":50.0},{"cn":"","ui":"","t":0.0,"r":0.0,"q":0.0,"p":0.0,"mot":"L","mo":0.0}]},{"d":"27.11.2016","r":50.0,"q":1.93,"p":1000.0,"s":[{"ui":"3623450","t":13571.0,"r":13471.0,"q":1.93,"p":1000.0,"mot":"L","mo":50.0},{"cn":"","ui":"","t":0.0,"r":0.0,"q":0.0,"p":0.0,"mot":"L","mo":0.0}]},{"d":"28.11.2016","r":50.0,"q":1.92,"p":1000.0,"s":[{"ui":"3623450","t":15413.0,"r":15263.0,"q":1.92,"p":1000.0,"mot":"L","mo":50.0},{"cn":"","ui":"","t":0.0,"r":0.0,"q":0.0,"p":0.0,"mot":"L","mo":0.0}]},{"d":"29.11.2016","r":50.0,"q":1.92,"p":1000.0,"s":[{"ui":"3623450","t":17000.0,"r":16650.0,"q":1.92,"p":1000.0,"mot":"L","mo":50.0},{"cn":"","ui":"","t":0.0,"r":0.0,"q":0.0,"p":0.0,"mot":"L","mo":0.0}]},{"d":"30.11.2016","r":50.0,"q":1.92,"p":1000.0,"s":[{"ui":"3623450","t":18385.0,"r":17785.0,"q":1.92,"p":1000.0,"mot":"L","mo":50.0},{"cn":"","ui":"","t":0.0,"r":0.0,"q":0.0,"p":0.0,"mot":"L","mo":0.0}]},{"d":"01.12.2016","r":80.0,"q":1.93,"p":1000.0,"s":[{"ui":"3623450","t":19679.0,"r":18959.0,"q":1.93,"p":1000.0,"mot":"L","mo":80.0},{"cn":"","ui":"","t":0.0,"r":0.0,"q":0.0,"p":0.0,"mot":"L","mo":0.0}]},{"d":"02.12.2016","r":80.0,"q":1.94,"p":1000.0,"s":[{"ui":"3623450","t":21019.0,"r":20349.0,"q":1.94,"p":1000.0,"mot":"L","mo":80.0},{"cn":"","ui":"","t":0.0,"r":0.0,"q":0.0,"p":0.0,"mot":"L","mo":0.0}]},{"d":"03.12.2016","r":80.0,"q":1.94,"p":1000.0,"s":[{"ui":"3623450","t":22237.0,"r":21462.0,"q":1.94,"p":1000.0,"mot":"L","mo":80.0},{"cn":"","ui":"","t":0.0,"r":0.0,"q":0.0,"p":0.0,"mot":"L","mo":0.0}]},{"d":"04.12.2016","r":80.0,"q":1.95,"p":1000.0,"s":[{"ui":"3623450","t":23258.0,"r":22248.0,"q":1.95,"p":1000.0,"mot":"L","mo":80.0},{"cn":"","ui":"","t":0.0,"r":0.0,"q":0.0,"p":0.0,"mot":"L","mo":0.0}]},{"d":"05.12.2016","r":80.0,"q":1.95,"p":1000.0,"s":[{"ui":"3623450","t":24332.0,"r":23402.0,"q":1.95,"p":1000.0,"mot":"L","mo":80.0},{"cn":"","ui":"","t":0.0,"r":0.0,"q":0.0,"p":0.0,"mot":"L","mo":0.0}]},{"d":"08.12.2016","r":1000.0,"q":1.95,"p":1000.0,"s":[{"ui":"3623450","t":27059.0,"r":15659.0,"q":1.95,"p":1000.0,"mot":"L","mo":1000.0},{"cn":"","ui":"","t":0.0,"r":0.0,"q":0.0,"p":0.0,"mot":"L","mo":0.0}]},{"d":"09.12.2016","r":1000.0,"q":1.93,"p":1000.0,"s":[{"ui":"3623450","t":17580.0,"r":6480.0,"q":1.93,"p":1000.0,"mot":"L","mo":1000.0},{"cn":"","ui":"","t":0.0,"r":0.0,"q":0.0,"p":0.0,"mot":"L","mo":0.0}]},{"d":"14.12.2016","r":6958.0,"q":25.42,"p":300.0,"s":[{"ui":"3299990","t":12458.0,"r":6958.0,"q":25.42,"p":300.0,"mot":"U","mo":6958.0},{"cn":"","ui":"","t":0.0,"r":0.0,"q":0.0,"p":0.0,"mot":"L","mo":0.0}]},{"d":"15.12.2016","r":10437.0,"q":25.42,"p":300.0,"s":[{"ui":"3299990","t":15937.0,"r":10437.0,"q":25.42,"p":300.0,"mot":"U","mo":10437.0},{"cn":"","ui":"","t":0.0,"r":0.0,"q":0.0,"p":0.0,"mot":"L","mo":0.0}]},{"d":"16.12.2016","r":13916.0,"q":25.42,"p":300.0,"s":[{"ui":"3299990","t":19416.0,"r":13916.0,"q":25.42,"p":300.0,"mot":"U","mo":13916.0},{"cn":"","ui":"","t":0.0,"r":0.0,"q":0.0,"p":0.0,"mot":"L","mo":0.0}]},{"d":"17.12.2016","r":17395.0,"q":25.42,"p":300.0,"s":[{"ui":"3299990","t":22895.0,"r":17395.0,"q":25.42,"p":300.0,"mot":"U","mo":17395.0},{"cn":"","ui":"","t":0.0,"r":0.0,"q":0.0,"p":0.0,"mot":"L","mo":0.0}]},{"d":"18.12.2016","r":20874.0,"q":25.42,"p":300.0,"s":[{"ui":"3299990","t":26374.0,"r":20874.0,"q":25.42,"p":300.0,"mot":"U","mo":20874.0},{"cn":"","ui":"","t":0.0,"r":0.0,"q":0.0,"p":0.0,"mot":"L","mo":0.0}]},{"d":"19.12.2016","r":24353.0,"q":25.42,"p":300.0,"s":[{"ui":"3299990","t":29853.0,"r":24353.0,"q":25.42,"p":300.0,"mot":"U","mo":24353.0},{"cn":"","ui":"","t":0.0,"r":0.0,"q":0.0,"p":0.0,"mot":"L","mo":0.0}]},{"d":"20.12.2016","r":27832.0,"q":25.42,"p":300.0,"s":[{"ui":"3299990","t":33332.0,"r":27832.0,"q":25.42,"p":300.0,"mot":"U","mo":27832.0},{"cn":"","ui":"","t":0.0,"r":0.0,"q":0.0,"p":0.0,"mot":"L","mo":0.0}]},{"d":"03.01.2017","r":6958.0,"q":25.43,"p":300.0,"s":[{"ui":"3299990","t":12458.0,"r":6958.0,"q":25.43,"p":300.0,"mot":"U","mo":6958.0},{"cn":"","ui":"","t":0.0,"r":0.0,"q":0.0,"p":0.0,"mot":"L","mo":0.0}]},{"d":"04.01.2017","r":10437.0,"q":25.43,"p":300.0,"s":[{"ui":"3299990","t":15937.0,"r":10437.0,"q":25.43,"p":300.0,"mot":"U","mo":10437.0},{"cn":"","ui":"","t":0.0,"r":0.0,"q":0.0,"p":0.0,"mot":"L","mo":0.0}]},{"d":"05.01.2017","r":13916.0,"q":25.43,"p":300.0,"s":[{"ui":"3299990","t":19416.0,"r":13916.0,"q":25.43,"p":300.0,"mot":"U","mo":13916.0},{"cn":"","ui":"","t":0.0,"r":0.0,"q":0.0,"p":0.0,"mot":"L","mo":0.0}]},{"d":"06.01.2017","r":17395.0,"q":25.43,"p":300.0,"s":[{"ui":"3299990","t":22895.0,"r":17395.0,"q":25.43,"p":300.0,"mot":"U","mo":17395.0},{"cn":"","ui":"","t":0.0,"r":0.0,"q":0.0,"p":0.0,"mot":"L","mo":0.0}]},{"d":"07.01.2017","r":20874.0,"q":25.43,"p":300.0,"s":[{"ui":"3299990","t":26374.0,"r":20874.0,"q":25.43,"p":300.0,"mot":"U","mo":20874.0},{"cn":"","ui":"","t":0.0,"r":0.0,"q":0.0,"p":0.0,"mot":"L","mo":0.0}]},{"d":"08.01.2017","r":24353.0,"q":25.43,"p":300.0,"s":[{"ui":"3299990","t":29853.0,"r":24353.0,"q":25.43,"p":300.0,"mot":"U","mo":24353.0},{"cn":"","ui":"","t":0.0,"r":0.0,"q":0.0,"p":0.0,"mot":"L","mo":0.0}]},{"d":"09.01.2017","r":27832.0,"q":25.43,"p":300.0,"s":[{"ui":"3299990","t":33332.0,"r":27832.0,"q":25.43,"p":300.0,"mot":"U","mo":27832.0},{"cn":"","ui":"","t":0.0,"r":0.0,"q":0.0,"p":0.0,"mot":"L","mo":0.0}]},{"d":"10.01.2017","r":31311.0,"q":25.44,"p":300.0,"s":[{"ui":"3299990","t":36811.0,"r":31311.0,"q":25.44,"p":300.0,"mot":"U","mo":31311.0},{"cn":"","ui":"","t":0.0,"r":0.0,"q":0.0,"p":0.0,"mot":"L","mo":0.0}]},{"d":"11.01.2017","r":34790.0,"q":25.44,"p":300.0,"s":[{"ui":"3299990","t":40290.0,"r":34790.0,"q":25.44,"p":300.0,"mot":"U","mo":34790.0},{"cn":"","ui":"","t":0.0,"r":0.0,"q":0.0,"p":0.0,"mot":"L","mo":0.0}]},{"d":"12.01.2017","r":38269.0,"q":25.44,"p":300.0,"s":[{"ui":"3299990","t":43769.0,"r":38269.0,"q":25.44,"p":300.0,"mot":"U","mo":38269.0},{"cn":"","ui":"","t":0.0,"r":0.0,"q":0.0,"p":0.0,"mot":"L","mo":0.0}]},{"d":"13.01.2017","r":41748.0,"q":25.44,"p":300.0,"s":[{"ui":"3299990","t":47248.0,"r":41748.0,"q":25.44,"p":300.0,"mot":"U","mo":41748.0},{"cn":"","ui":"","t":0.0,"r":0.0,"q":0.0,"p":0.0,"mot":"L","mo":0.0}]},{"d":"14.01.2017","r":45227.0,"q":25.44,"p":300.0,"s":[{"ui":"3299990","t":50727.0,"r":45227.0,"q":25.44,"p":300.0,"mot":"U","mo":45227.0},{"cn":"","ui":"","t":0.0,"r":0.0,"q":0.0,"p":0.0,"mot":"L","mo":0.0}]},{"d":"15.01.2017","r":48706.0,"q":25.44,"p":300.0,"s":[{"ui":"3299990","t":54206.0,"r":48706.0,"q":25.44,"p":300.0,"mot":"U","mo":48706.0},{"cn":"","ui":"","t":0.0,"r":0.0,"q":0.0,"p":0.0,"mot":"L","mo":0.0}]},{"d":"16.01.2017","r":52185.0,"q":25.44,"p":300.0,"s":[{"ui":"3299990","t":57685.0,"r":52185.0,"q":25.44,"p":300.0,"mot":"U","mo":52185.0},{"cn":"","ui":"","t":0.0,"r":0.0,"q":0.0,"p":0.0,"mot":"L","mo":0.0}]},{"d":"17.01.2017","r":55664.0,"q":25.44,"p":300.0,"s":[{"ui":"3299990","t":61164.0,"r":55664.0,"q":25.44,"p":300.0,"mot":"U","mo":55664.0},{"cn":"","ui":"","t":0.0,"r":0.0,"q":0.0,"p":0.0,"mot":"L","mo":0.0}]},{"d":"18.01.2017","r":59143.0,"q":25.44,"p":300.0,"s":[{"ui":"3299990","t":64643.0,"r":59143.0,"q":25.44,"p":300.0,"mot":"U","mo":59143.0},{"cn":"","ui":"","t":0.0,"r":0.0,"q":0.0,"p":0.0,"mot":"L","mo":0.0}]},{"d":"19.01.2017","r":62622.0,"q":25.44,"p":300.0,"s":[{"ui":"3299990","t":68122.0,"r":62622.0,"q":25.44,"p":300.0,"mot":"U","mo":62622.0},{"cn":"","ui":"","t":0.0,"r":0.0,"q":0.0,"p":0.0,"mot":"L","mo":0.0}]},{"d":"20.01.2017","r":66101.0,"q":25.44,"p":300.0,"s":[{"ui":"3299990","t":71601.0,"r":66101.0,"q":25.44,"p":300.0,"mot":"U","mo":66101.0},{"cn":"","ui":"","t":0.0,"r":0.0,"q":0.0,"p":0.0,"mot":"L","mo":0.0}]},{"d":"21.01.2017","r":69580.0,"q":25.44,"p":300.0,"s":[{"ui":"3299990","t":75080.0,"r":69580.0,"q":25.44,"p":300.0,"mot":"U","mo":69580.0},{"cn":"","ui":"","t":0.0,"r":0.0,"q":0.0,"p":0.0,"mot":"L","mo":0.0}]},{"d":"22.01.2017","r":73059.0,"q":25.44,"p":300.0,"s":[{"ui":"3299990","t":78559.0,"r":73059.0,"q":25.44,"p":300.0,"mot":"U","mo":73059.0},{"cn":"","ui":"","t":0.0,"r":0.0,"q":0.0,"p":0.0,"mot":"L","mo":0.0}]},{"d":"23.01.2017","r":76538.0,"q":25.44,"p":300.0,"s":[{"ui":"3299990","t":82038.0,"r":76538.0,"q":25.44,"p":300.0,"mot":"U","mo":76538.0},{"cn":"","ui":"","t":0.0,"r":0.0,"q":0.0,"p":0.0,"mot":"L","mo":0.0}]},{"d":"24.01.2017","r":79797.0,"q":25.44,"p":300.0,"s":[{"ui":"3299990","t":85407.0,"r":79797.0,"q":25.44,"p":300.0,"mot":"U","mo":79797.0},{"cn":"","ui":"","t":0.0,"r":0.0,"q":0.0,"p":0.0,"mot":"L","mo":0.0}]},{"d":"25.01.2017","r":83386.0,"q":25.44,"p":300.0,"s":[{"ui":"3299990","t":88886.0,"r":83386.0,"q":25.44,"p":300.0,"mot":"U","mo":83386.0},{"cn":"","ui":"","t":0.0,"r":0.0,"q":0.0,"p":0.0,"mot":"L","mo":0.0}]},{"d":"26.01.2017","r":86665.0,"q":25.44,"p":300.0,"s":[{"ui":"3299990","t":92265.0,"r":86665.0,"q":25.44,"p":300.0,"mot":"U","mo":86665.0},{"cn":"","ui":"","t":0.0,"r":0.0,"q":0.0,"p":0.0,"mot":"L","mo":0.0}]},{"d":"27.01.2017","r":89534.0,"q":25.44,"p":300.0,"s":[{"ui":"3299990","t":95339.0,"r":89534.0,"q":25.44,"p":300.0,"mot":"U","mo":89534.0},{"cn":"","ui":"","t":0.0,"r":0.0,"q":0.0,"p":0.0,"mot":"L","mo":0.0}]},{"d":"28.01.2017","r":92268.0,"q":25.44,"p":300.0,"s":[{"ui":"3299990","t":98293.0,"r":92268.0,"q":25.44,"p":300.0,"mot":"U","mo":92268.0},{"cn":"","ui":"","t":0.0,"r":0.0,"q":0.0,"p":0.0,"mot":"L","mo":0.0}]},{"d":"29.01.2017","r":95227.0,"q":25.44,"p":300.0,"s":[{"ui":"3299990","t":101047.0,"r":95227.0,"q":25.44,"p":300.0,"mot":"U","mo":95227.0},{"cn":"","ui":"","t":0.0,"r":0.0,"q":0.0,"p":0.0,"mot":"L","mo":0.0}]},{"d":"30.01.2017","r":98566.0,"q":25.44,"p":300.0,"s":[{"ui":"3299990","t":104296.0,"r":98566.0,"q":25.44,"p":300.0,"mot":"U","mo":98566.0},{"cn":"","ui":"","t":0.0,"r":0.0,"q":0.0,"p":0.0,"mot":"L","mo":0.0}]},{"d":"31.01.2017","r":98215.0,"q":25.44,"p":300.0,"s":[{"ui":"3299990","t":105745.0,"r":98215.0,"q":25.44,"p":300.0,"mot":"U","mo":98215.0},{"cn":"","ui":"","t":0.0,"r":0.0,"q":0.0,"p":0.0,"mot":"L","mo":0.0}]},{"d":"01.02.2017","r":95704.0,"q":25.44,"p":300.0,"s":[{"ui":"3299990","t":105214.0,"r":95704.0,"q":25.44,"p":300.0,"mot":"U","mo":95704.0},{"cn":"","ui":"","t":0.0,"r":0.0,"q":0.0,"p":0.0,"mot":"L","mo":0.0}]},{"d":"02.02.2017","r":103187.0,"q":25.44,"p":300.0,"s":[{"ui":"3299990","t":108690.0,"r":103187.0,"q":25.44,"p":300.0,"mot":"U","mo":103187.0},{"cn":"","ui":"","t":0.0,"r":0.0,"q":0.0,"p":0.0,"mot":"L","mo":0.0}]},{"d":"03.02.2017","r":106663.0,"q":25.44,"p":300.0,"s":[{"ui":"3299990","t":112166.0,"r":106663.0,"q":25.44,"p":300.0,"mot":"U","mo":106663.0},{"cn":"","ui":"","t":0.0,"r":0.0,"q":0.0,"p":0.0,"mot":"L","mo":0.0}]},{"d":"04.02.2017","r":110139.0,"q":25.44,"p":300.0,"s":[{"ui":"3299990","t":115642.0,"r":110139.0,"q":25.44,"p":300.0,"mot":"U","mo":110139.0},{"cn":"","ui":"","t":0.0,"r":0.0,"q":0.0,"p":0.0,"mot":"L","mo":0.0}]},{"d":"05.02.2017","r":113615.0,"q":25.44,"p":300.0,"s":[{"ui":"3299990","t":119118.0,"r":113615.0,"q":25.44,"p":300.0,"mot":"U","mo":113615.0},{"cn":"","ui":"","t":0.0,"r":0.0,"q":0.0,"p":0.0,"mot":"L","mo":0.0}]},{"d":"06.02.2017","r":115894.0,"q":25.44,"p":300.0,"s":[{"ui":"3299990","t":121994.0,"r":115894.0,"q":25.44,"p":300.0,"mot":"U","mo":115894.0},{"cn":"","ui":"","t":0.0,"r":0.0,"q":0.0,"p":0.0,"mot":"L","mo":0.0}]},{"d":"07.02.2017","r":117823.0,"q":25.44,"p":300.0,"s":[{"ui":"3299990","t":124273.0,"r":117823.0,"q":25.44,"p":300.0,"mot":"U","mo":117823.0},{"cn":"","ui":"","t":0.0,"r":0.0,"q":0.0,"p":0.0,"mot":"L","mo":0.0}]},{"d":"08.02.2017","r":43502.0,"q":25.44,"p":300.0,"s":[{"ui":"3299990","t":49952.0,"r":43502.0,"q":25.44,"p":300.0,"mot":"U","mo":43502.0},{"cn":"","ui":"","t":0.0,"r":0.0,"q":0.0,"p":0.0,"mot":"L","mo":0.0}]},{"d":"09.02.2017","r":46031.0,"q":25.44,"p":300.0,"s":[{"ui":"3299990","t":52481.0,"r":46031.0,"q":25.44,"p":300.0,"mot":"U","mo":46031.0},{"cn":"","ui":"","t":0.0,"r":0.0,"q":0.0,"p":0.0,"mot":"L","mo":0.0}]},{"d":"10.02.2017","r":47527.0,"q":25.39,"p":304.39,"s":[{"ui":"3299990","t":54410.0,"r":47360.0,"q":25.44,"p":300.0,"mot":"U","mo":47360.0},{"cn":"","ui":"","t":550.0,"r":167.0,"q":10.08,"p":1550.0,"mot":"L","mo":167.0}]},{"d":"11.02.2017","r":49623.0,"q":25.34,"p":308.41,"s":[{"ui":"3299990","t":56339.0,"r":49289.0,"q":25.44,"p":300.0,"mot":"U","mo":49289.0},{"cn":"","ui":"","t":717.0,"r":334.0,"q":10.08,"p":1550.0,"mot":"L","mo":334.0}]},{"d":"12.02.2017","r":51659.0,"q":25.29,"p":312.12,"s":[{"ui":"3299990","t":58238.0,"r":51158.0,"q":25.44,"p":300.0,"mot":"U","mo":51158.0},{"cn":"","ui":"","t":884.0,"r":501.0,"q":10.09,"p":1550.0,"mot":"L","mo":501.0}]},{"d":"13.02.2017","r":51525.0,"q":25.24,"p":316.21,"s":[{"ui":"3299990","t":59037.0,"r":50857.0,"q":25.44,"p":300.0,"mot":"U","mo":50857.0},{"cn":"","ui":"","t":1051.0,"r":668.0,"q":10.1,"p":1550.0,"mot":"L","mo":668.0}]},{"d":"14.02.2017","r":51751.0,"q":25.19,"p":320.17,"s":[{"ui":"3299990","t":59516.0,"r":50916.0,"q":25.44,"p":300.0,"mot":"U","mo":50916.0},{"cn":"","ui":"","t":1218.0,"r":835.0,"q":10.1,"p":1550.0,"mot":"L","mo":835.0}]},{"d":"15.02.2017","r":51097.0,"q":25.14,"p":324.51,"s":[{"ui":"3299990","t":59295.0,"r":50095.0,"q":25.44,"p":300.0,"mot":"U","mo":50095.0},{"cn":"","ui":"","t":1385.0,"r":1002.0,"q":10.11,"p":1550.0,"mot":"L","mo":1002.0}]},{"d":"16.02.2017","r":49203.0,"q":25.08,"p":329.7,"s":[{"ui":"3299990","t":58354.0,"r":48034.0,"q":25.44,"p":300.0,"mot":"U","mo":48034.0},{"cn":"","ui":"","t":1552.0,"r":1169.0,"q":10.11,"p":1550.0,"mot":"L","mo":1169.0}]},{"d":"17.02.2017","r":46829.0,"q":25.0,"p":335.66,"s":[{"ui":"3299990","t":56413.0,"r":45493.0,"q":25.44,"p":300.0,"mot":"U","mo":45493.0},{"cn":"","ui":"","t":1719.0,"r":1336.0,"q":10.12,"p":1550.0,"mot":"L","mo":1336.0}]},{"d":"18.02.2017","r":40595.0,"q":24.95,"p":340.12,"s":[{"ui":"3299990","t":53092.0,"r":39292.0,"q":25.44,"p":300.0,"mot":"U","mo":39292.0},{"cn":"","ui":"","t":1786.0,"r":1303.0,"q":10.13,"p":1550.0,"mot":"L","mo":1303.0}]},{"d":"19.02.2017","r":37241.0,"q":24.88,"p":345.98,"s":[{"ui":"3299990","t":48971.0,"r":35871.0,"q":25.44,"p":300.0,"mot":"U","mo":35871.0},{"cn":"","ui":"","t":1853.0,"r":1370.0,"q":10.13,"p":1550.0,"mot":"L","mo":1370.0}]},{"d":"20.02.2017","r":29676.0,"q":24.85,"p":360.53,"s":[{"ui":"3299990","t":43289.0,"r":28239.0,"q":25.6,"p":300.0,"mot":"U","mo":28239.0},{"cn":"","ui":"","t":1920.0,"r":1437.0,"q":10.14,"p":1550.0,"mot":"L","mo":1437.0}]},{"d":"21.02.2017","r":23072.0,"q":24.73,"p":381.48,"s":[{"ui":"3177251","t":1987.0,"r":1504.0,"q":10.15,"p":1550.0,"mot":"U","mo":1504.0},{"ui":"3299990","t":36918.0,"r":21568.0,"q":25.75,"p":300.0,"mot":"U","mo":21568.0},{"cn":"","ui":"","t":0.0,"r":0.0,"q":0.0,"p":0.0,"mot":"L","mo":0.0}]},{"d":"22.02.2017","r":14268.0,"q":24.24,"p":437.63,"s":[{"ui":"3177251","t":2054.0,"r":1571.0,"q":10.15,"p":1550.0,"mot":"U","mo":1571.0},{"ui":"3299990","t":29297.0,"r":12697.0,"q":25.98,"p":300.0,"mot":"U","mo":12697.0},{"cn":"","ui":"","t":0.0,"r":0.0,"q":0.0,"p":0.0,"mot":"L","mo":0.0}]},{"d":"23.02.2017","r":5314.0,"q":21.28,"p":685.3,"s":[{"ui":"3177251","t":2121.0,"r":1638.0,"q":10.16,"p":1550.0,"mot":"U","mo":1638.0},{"ui":"3299990","t":20976.0,"r":3676.0,"q":26.23,"p":300.0,"mot":"U","mo":3676.0},{"cn":"","ui":"","t":0.0,"r":0.0,"q":0.0,"p":0.0,"mot":"L","mo":0.0}]},{"d":"24.02.2017","r":1705.0,"q":10.17,"p":1550.0,"s":[{"ui":"3177251","t":2188.0,"r":1705.0,"q":10.17,"p":1550.0,"mot":"U","mo":1705.0},{"cn":"","ui":"","t":0.0,"r":0.0,"q":0.0,"p":0.0,"mot":"L","mo":0.0}]},{"d":"25.02.2017","r":1572.0,"q":10.17,"p":1550.0,"s":[{"ui":"3177251","t":2155.0,"r":1572.0,"q":10.17,"p":1550.0,"mot":"U","mo":1572.0},{"cn":"","ui":"","t":0.0,"r":0.0,"q":0.0,"p":0.0,"mot":"L","mo":0.0}]},{"d":"26.02.2017","r":319.0,"q":10.18,"p":1550.0,"s":[{"ui":"3177251","t":1507.0,"r":319.0,"q":10.18,"p":1550.0,"mot":"U","mo":319.0},{"cn":"","ui":"","t":0.0,"r":0.0,"q":0.0,"p":0.0,"mot":"L","mo":0.0}]},{"d":"28.02.2017","r":243.0,"q":10.21,"p":1550.0,"s":[{"ui":"3177251","t":831.0,"r":243.0,"q":10.21,"p":1550.0,"mot":"U","mo":243.0},{"cn":"","ui":"","t":0.0,"r":0.0,"q":0.0,"p":0.0,"mot":"L","mo":0.0}]},{"d":"01.03.2017","r":40.0,"q":1.05,"p":600.0,"s":[{"ui":"3727796","t":86.0,"r":86.0,"q":1.05,"p":600.0,"mot":"L","mo":40.0},{"cn":"","ui":"","t":0.0,"r":0.0,"q":0.0,"p":0.0,"mot":"L","mo":0.0}]},{"d":"02.03.2017","r":40.0,"q":1.05,"p":600.0,"s":[{"ui":"3727796","t":81.0,"r":76.0,"q":1.05,"p":600.0,"mot":"L","mo":40.0},{"cn":"","ui":"","t":0.0,"r":0.0,"q":0.0,"p":0.0,"mot":"L","mo":0.0}]},{"d":"15.03.2017","r":106.0,"q":1.05,"p":700.0,"s":[{"cn":"feea4 2k17","ui":"3742120","t":106.0,"r":106.0,"q":1.05,"p":700.0,"mot":"U","mo":106.0},{"cn":"","ui":"","t":0.0,"r":0.0,"q":0.0,"p":0.0,"mot":"L","mo":0.0}]},{"d":"20.03.2017","r":40.0,"q":1.05,"p":600.0,"s":[{"cn":"pfeaa1 Incorporated","ui":"3727796","t":86.0,"r":81.0,"q":1.05,"p":600.0,"mot":"L","mo":40.0},{"cn":"","ui":"","t":0.0,"r":0.0,"q":0.0,"p":0.0,"mot":"L","mo":0.0}]},{"d":"19.04.2017","r":9865.0,"q":1.0,"p":250.0,"s":[{"cn":"BeUnique","ui":"3767538","t":9905.0,"r":9865.0,"q":1.0,"p":250.0,"mot":"U","mo":9865.0},{"cn":"","ui":"","t":0.0,"r":0.0,"q":0.0,"p":0.0,"mot":"L","mo":0.0}]},{"d":"21.04.2017","r":8314.0,"q":1.0,"p":268.12,"s":[{"cn":"BeUnique","ui":"3767538","t":8661.0,"r":8054.0,"q":1.0,"p":270.0,"mot":"U","mo":8054.0},{"cn":"","ui":"","t":280.0,"r":260.0,"q":1.0,"p":210.0,"mot":"L","mo":260.0}]},{"d":"22.04.2017","r":7725.0,"q":1.0,"p":267.83,"s":[{"cn":"BeUnique","ui":"3767538","t":8053.0,"r":7445.0,"q":1.0,"p":270.0,"mot":"U","mo":7445.0},{"cn":"","ui":"","t":360.0,"r":280.0,"q":1.0,"p":210.0,"mot":"L","mo":280.0}]},{"d":"23.04.2017","r":3617.0,"q":1.0,"p":289.34,"s":[{"cn":"Tomorrow S.R.L.","ui":"3781615","t":435.0,"r":410.0,"q":1.0,"p":210.0,"mot":"L","mo":280.0},{"cn":"BeUnique","ui":"3767538","t":3945.0,"r":3337.0,"q":1.0,"p":296.0,"mot":"U","mo":3337.0},{"cn":"","ui":"","t":0.0,"r":0.0,"q":0.0,"p":0.0,"mot":"L","mo":0.0}]},{"d":"24.04.2017","r":2919.0,"q":1.0,"p":219.04,"s":[{"cn":"Tomorrow S.R.L.","ui":"3781615","t":510.0,"r":485.0,"q":1.0,"p":210.0,"mot":"L","mo":280.0},{"cn":"BeUnique","ui":"3767538","t":3292.0,"r":2639.0,"q":1.0,"p":220.0,"mot":"U","mo":2639.0},{"cn":"","ui":"","t":0.0,"r":0.0,"q":0.0,"p":0.0,"mot":"L","mo":0.0}]},{"d":"26.04.2017","r":1845.0,"q":1.0,"p":233.04,"s":[{"cn":"Tomorrow S.R.L.","ui":"3781615","t":460.0,"r":428.0,"q":1.0,"p":210.0,"mot":"U","mo":428.0},{"cn":"BeUnique","ui":"3767538","t":2042.0,"r":1417.0,"q":1.0,"p":240.0,"mot":"U","mo":1417.0},{"cn":"","ui":"","t":0.0,"r":0.0,"q":0.0,"p":0.0,"mot":"L","mo":0.0}]},{"d":"02.05.2017","r":20.0,"q":1.05,"p":960.0,"s":[{"cn":"\"Aльфа\" Со","ui":"3796372","t":22.0,"r":22.0,"q":1.05,"p":960.0,"mot":"L","mo":20.0},{"cn":"","ui":"","t":0.0,"r":0.0,"q":0.0,"p":0.0,"mot":"L","mo":0.0}]},{"d":"16.06.2017","r":634.0,"q":11.6,"p":1550.0,"s":[{"cn":"Ackermann Industries International","ui":"3177251","t":867.0,"r":634.0,"q":11.6,"p":1550.0,"mot":"U","mo":634.0},{"cn":"","ui":"","t":0.0,"r":0.0,"q":0.0,"p":0.0,"mot":"L","mo":0.0}]},{"d":"17.06.2017","r":951.0,"q":11.6,"p":1550.0,"s":[{"cn":"Ackermann Industries International","ui":"3177251","t":1184.0,"r":951.0,"q":11.6,"p":1550.0,"mot":"U","mo":951.0},{"cn":"","ui":"","t":0.0,"r":0.0,"q":0.0,"p":0.0,"mot":"L","mo":0.0}]},{"d":"18.06.2017","r":1268.0,"q":11.61,"p":1550.0,"s":[{"cn":"Ackermann Industries International","ui":"3177251","t":1501.0,"r":1268.0,"q":11.61,"p":1550.0,"mot":"U","mo":1268.0},{"cn":"","ui":"","t":0.0,"r":0.0,"q":0.0,"p":0.0,"mot":"L","mo":0.0}]},{"d":"04.07.2017","r":834.0,"q":11.69,"p":1550.0,"s":[{"cn":"Ackermann Industries International","ui":"3177251","t":967.0,"r":834.0,"q":11.69,"p":1550.0,"mot":"U","mo":834.0},{"cn":"","ui":"","t":0.0,"r":0.0,"q":0.0,"p":0.0,"mot":"L","mo":0.0}]}]