[{"d":"29.05.2017","r":433980.0,"q":12.49,"p":2857.01,"s":[{"cn":"Крутицкий Финанс","ui":"6690901","t":124106.0,"r":124106.0,"q":13.98,"p":2500.0,"mot":"U","mo":124106.0},{"cn":"Vivid_Magic","ui":"6691069","t":309976.0,"r":309874.0,"q":11.9,"p":3000.0,"mot":"U","mo":309874.0},{"cn":"","ui":"","t":0.0,"r":0.0,"q":0.0,"p":0.0,"mot":"L","mo":0.0}]},{"d":"30.05.2017","r":649691.0,"q":14.58,"p":2428.5,"s":[{"cn":"Крутицкий Финанс","ui":"6690901","t":185657.0,"r":185155.0,"q":16.04,"p":2500.0,"mot":"U","mo":185155.0},{"cn":"Vivid_Magic","ui":"6691069","t":464636.0,"r":464536.0,"q":14.0,"p":2400.0,"mot":"U","mo":464536.0},{"cn":"","ui":"","t":0.0,"r":0.0,"q":0.0,"p":0.0,"mot":"L","mo":0.0}]},{"d":"31.05.2017","r":865120.0,"q":15.81,"p":2371.55,"s":[{"cn":"Крутицкий Финанс","ui":"6690901","t":246910.0,"r":246110.0,"q":17.08,"p":2300.0,"mot":"U","mo":246110.0},{"cn":"Vivid_Magic","ui":"6691069","t":619110.0,"r":619010.0,"q":15.31,"p":2400.0,"mot":"U","mo":619010.0},{"cn":"","ui":"","t":0.0,"r":0.0,"q":0.0,"p":0.0,"mot":"L","mo":0.0}]},{"d":"01.06.2017","r":1080101.0,"q":16.43,"p":2343.19,"s":[{"cn":"Крутицкий Финанс","ui":"6690901","t":307883.0,"r":306803.0,"q":17.69,"p":2200.0,"mot":"U","mo":306803.0},{"cn":"Vivid_Magic","ui":"6691069","t":773398.0,"r":773298.0,"q":15.93,"p":2400.0,"mot":"U","mo":773298.0},{"cn":"","ui":"","t":0.0,"r":0.0,"q":0.0,"p":0.0,"mot":"L","mo":0.0}]},{"d":"02.06.2017","r":1294928.0,"q":16.76,"p":2314.85,"s":[{"cn":"Крутицкий Финанс","ui":"6690901","t":368732.0,"r":367528.0,"q":18.11,"p":2100.0,"mot":"U","mo":367528.0},{"cn":"Vivid_Magic","ui":"6691069","t":927500.0,"r":927400.0,"q":16.22,"p":2400.0,"mot":"U","mo":927400.0},{"cn":"","ui":"","t":0.0,"r":0.0,"q":0.0,"p":0.0,"mot":"L","mo":0.0}]},{"d":"03.06.2017","r":1572531.0,"q":17.06,"p":2334.24,"s":[{"cn":"Крутицкий Финанс","ui":"6690901","t":429974.0,"r":429163.0,"q":18.4,"p":2000.0,"mot":"U","mo":429163.0},{"cn":"Vivid_Magic","ui":"6691069","t":1081415.0,"r":1081315.0,"q":16.34,"p":2400.0,"mot":"U","mo":1081315.0},{"cn":"","ui":"","t":62053.0,"r":62053.0,"q":20.35,"p":3500.0,"mot":"L","mo":62053.0}]},{"d":"04.06.2017","r":1849093.0,"q":17.21,"p":2341.29,"s":[{"cn":"Крутицкий Финанс","ui":"6690901","t":491026.0,"r":490005.0,"q":18.62,"p":1900.0,"mot":"U","mo":490005.0},{"cn":"rusco1\u0026Corp","ui":"6698900","t":124044.0,"r":124044.0,"q":20.35,"p":3500.0,"mot":"U","mo":124044.0},{"cn":"Vivid_Magic","ui":"6691069","t":1235144.0,"r":1235044.0,"q":16.34,"p":2400.0,"mot":"U","mo":1235044.0},{"cn":"","ui":"","t":0.0,"r":0.0,"q":0.0,"p":0.0,"mot":"L","mo":0.0}]},{"d":"05.06.2017","r":2416804.0,"q":16.17,"p":2394.3,"s":[{"cn":"Крутицкий Финанс","ui":"6690901","t":551150.0,"r":549211.0,"q":18.8,"p":1800.0,"mot":"U","mo":549211.0},{"cn":"rusco1\u0026Corp","ui":"6698900","t":124043.0,"r":124042.0,"q":20.35,"p":3500.0,"mot":"U","mo":124042.0},{"cn":"Сибирь","ui":"5461831","t":149984.0,"r":149984.0,"q":7.89,"p":5508.86,"mot":"U","mo":149984.0},{"cn":"PIRAMIDON Инвест","ui":"6698008","t":204980.0,"r":204980.0,"q":12.06,"p":1000.0,"mot":"U","mo":204980.0},{"cn":"Vivid_Magic","ui":"6691069","t":1388687.0,"r":1388587.0,"q":16.26,"p":2400.0,"mot":"U","mo":1388587.0},{"cn":"","ui":"","t":0.0,"r":0.0,"q":0.0,"p":0.0,"mot":"L","mo":0.0}]},{"d":"06.06.2017","r":2222586.0,"q":16.34,"p":2270.78,"s":[{"cn":"Крутицкий Финанс","ui":"6690901","t":510882.0,"r":409041.0,"q":18.96,"p":1700.0,"mot":"U","mo":409041.0},{"cn":"rusco1\u0026Corp","ui":"6698900","t":124042.0,"r":124041.0,"q":20.35,"p":3500.0,"mot":"U","mo":124041.0},{"cn":"Сибирь","ui":"5461831","t":148772.0,"r":147560.0,"q":7.89,"p":1469.36,"mot":"U","mo":147560.0},{"cn":"Vivid_Magic","ui":"6691069","t":1542044.0,"r":1541944.0,"q":16.13,"p":2400.0,"mot":"U","mo":1541944.0},{"cn":"","ui":"","t":0.0,"r":0.0,"q":0.0,"p":0.0,"mot":"L","mo":0.0}]},{"d":"07.06.2017","r":2334698.0,"q":16.2,"p":2289.41,"s":[{"cn":"Крутицкий Финанс","ui":"6690901","t":471070.0,"r":369195.0,"q":19.12,"p":1700.0,"mot":"U","mo":369195.0},{"cn":"rusco1\u0026Corp","ui":"6698900","t":124042.0,"r":124042.0,"q":20.35,"p":3500.0,"mot":"U","mo":124042.0},{"cn":"Сибирь","ui":"5461831","t":147560.0,"r":146346.0,"q":7.89,"p":1469.36,"mot":"U","mo":146346.0},{"cn":"Vivid_Magic","ui":"6691069","t":1695215.0,"r":1695115.0,"q":15.98,"p":2400.0,"mot":"U","mo":1695115.0},{"cn":"","ui":"","t":0.0,"r":0.0,"q":0.0,"p":0.0,"mot":"L","mo":0.0}]}]