[{"d":"29.04.2016","r":100000.0,"q":3.66,"p":200.0,"s":[{"ui":"4090862","t":8787848.0,"r":8737848.0,"q":3.66,"p":200.0,"mot":"L","mo":100000.0},{"cn":"","ui":"","t":0.0,"r":0.0,"q":0.0,"p":0.0,"mot":"L","mo":0.0}]},{"d":"30.04.2016","r":80000.0,"q":3.71,"p":500.0,"s":[{"ui":"4090862","t":9365519.0,"r":8165519.0,"q":3.71,"p":500.0,"mot":"L","mo":80000.0},{"cn":"","ui":"","t":0.0,"r":0.0,"q":0.0,"p":0.0,"mot":"L","mo":0.0}]},{"d":"01.05.2016","r":70000.0,"q":3.75,"p":550.0,"s":[{"ui":"4090862","t":8946639.0,"r":7746639.0,"q":3.75,"p":550.0,"mot":"L","mo":70000.0},{"cn":"","ui":"","t":0.0,"r":0.0,"q":0.0,"p":0.0,"mot":"L","mo":0.0}]},{"d":"03.05.2016","r":150.0,"q":3.77,"p":770.0,"s":[{"ui":"4054285","t":139850.0,"r":139700.0,"q":3.77,"p":770.0,"mot":"L","mo":150.0},{"cn":"","ui":"","t":0.0,"r":0.0,"q":0.0,"p":0.0,"mot":"L","mo":0.0}]},{"d":"04.05.2016","r":300.0,"q":3.78,"p":770.0,"s":[{"ui":"4054285","t":209700.0,"r":209250.0,"q":3.78,"p":770.0,"mot":"L","mo":300.0},{"cn":"","ui":"","t":0.0,"r":0.0,"q":0.0,"p":0.0,"mot":"L","mo":0.0}]},{"d":"05.05.2016","r":300.0,"q":3.78,"p":770.0,"s":[{"ui":"4054285","t":279250.0,"r":278800.0,"q":3.78,"p":770.0,"mot":"L","mo":300.0},{"cn":"","ui":"","t":0.0,"r":0.0,"q":0.0,"p":0.0,"mot":"L","mo":0.0}]},{"d":"06.05.2016","r":300.0,"q":3.79,"p":770.0,"s":[{"ui":"4054285","t":348800.0,"r":348350.0,"q":3.79,"p":770.0,"mot":"L","mo":300.0},{"cn":"","ui":"","t":0.0,"r":0.0,"q":0.0,"p":0.0,"mot":"L","mo":0.0}]},{"d":"07.05.2016","r":700295.0,"q":4.78,"p":1198.82,"s":[{"ui":"3484655","t":1100000.0,"r":699995.0,"q":4.78,"p":1199.0,"mot":"U","mo":699995.0},{"cn":"","ui":"","t":414150.0,"r":300.0,"q":3.79,"p":770.0,"mot":"L","mo":300.0}]},{"d":"08.05.2016","r":300.0,"q":3.79,"p":770.0,"s":[{"ui":"4054285","t":479200.0,"r":474250.0,"q":3.79,"p":770.0,"mot":"L","mo":300.0},{"cn":"","ui":"","t":0.0,"r":0.0,"q":0.0,"p":0.0,"mot":"L","mo":0.0}]},{"d":"09.05.2016","r":300.0,"q":3.79,"p":770.0,"s":[{"ui":"4054285","t":543950.0,"r":538700.0,"q":3.79,"p":770.0,"mot":"L","mo":300.0},{"cn":"","ui":"","t":0.0,"r":0.0,"q":0.0,"p":0.0,"mot":"L","mo":0.0}]},{"d":"10.05.2016","r":300.0,"q":3.79,"p":770.0,"s":[{"ui":"4054285","t":608700.0,"r":603450.0,"q":3.79,"p":770.0,"mot":"L","mo":300.0},{"cn":"","ui":"","t":0.0,"r":0.0,"q":0.0,"p":0.0,"mot":"L","mo":0.0}]},{"d":"11.05.2016","r":300.0,"q":3.79,"p":770.0,"s":[{"ui":"4054285","t":673450.0,"r":668200.0,"q":3.79,"p":770.0,"mot":"L","mo":300.0},{"cn":"","ui":"","t":0.0,"r":0.0,"q":0.0,"p":0.0,"mot":"L","mo":0.0}]},{"d":"12.05.2016","r":300.0,"q":3.79,"p":770.0,"s":[{"ui":"4054285","t":738200.0,"r":732950.0,"q":3.79,"p":770.0,"mot":"L","mo":300.0},{"cn":"","ui":"","t":0.0,"r":0.0,"q":0.0,"p":0.0,"mot":"L","mo":0.0}]},{"d":"13.05.2016","r":300.0,"q":3.79,"p":770.0,"s":[{"ui":"4054285","t":802950.0,"r":797700.0,"q":3.79,"p":770.0,"mot":"L","mo":300.0},{"cn":"","ui":"","t":0.0,"r":0.0,"q":0.0,"p":0.0,"mot":"L","mo":0.0}]},{"d":"14.05.2016","r":300.0,"q":3.79,"p":770.0,"s":[{"ui":"4054285","t":867700.0,"r":862450.0,"q":3.79,"p":770.0,"mot":"L","mo":300.0},{"cn":"","ui":"","t":0.0,"r":0.0,"q":0.0,"p":0.0,"mot":"L","mo":0.0}]},{"d":"15.05.2016","r":300.0,"q":3.79,"p":770.0,"s":[{"ui":"4054285","t":932450.0,"r":927200.0,"q":3.79,"p":770.0,"mot":"L","mo":300.0},{"cn":"","ui":"","t":0.0,"r":0.0,"q":0.0,"p":0.0,"mot":"L","mo":0.0}]},{"d":"16.05.2016","r":300.0,"q":3.79,"p":770.0,"s":[{"ui":"4054285","t":997200.0,"r":991950.0,"q":3.79,"p":770.0,"mot":"L","mo":300.0},{"cn":"","ui":"","t":0.0,"r":0.0,"q":0.0,"p":0.0,"mot":"L","mo":0.0}]},{"d":"17.05.2016","r":300.0,"q":3.79,"p":770.0,"s":[{"ui":"4054285","t":1061950.0,"r":1056700.0,"q":3.79,"p":770.0,"mot":"L","mo":300.0},{"cn":"","ui":"","t":0.0,"r":0.0,"q":0.0,"p":0.0,"mot":"L","mo":0.0}]},{"d":"18.05.2016","r":300.0,"q":3.79,"p":770.0,"s":[{"ui":"4054285","t":1126550.0,"r":1121150.0,"q":3.79,"p":770.0,"mot":"L","mo":300.0},{"cn":"","ui":"","t":0.0,"r":0.0,"q":0.0,"p":0.0,"mot":"L","mo":0.0}]},{"d":"19.05.2016","r":300.0,"q":3.79,"p":770.0,"s":[{"ui":"4054285","t":1191150.0,"r":1185750.0,"q":3.79,"p":770.0,"mot":"L","mo":300.0},{"cn":"","ui":"","t":0.0,"r":0.0,"q":0.0,"p":0.0,"mot":"L","mo":0.0}]},{"d":"20.05.2016","r":300.0,"q":3.79,"p":770.0,"s":[{"ui":"4054285","t":1255750.0,"r":1250350.0,"q":3.79,"p":770.0,"mot":"L","mo":300.0},{"cn":"","ui":"","t":0.0,"r":0.0,"q":0.0,"p":0.0,"mot":"L","mo":0.0}]},{"d":"21.05.2016","r":300.0,"q":3.79,"p":770.0,"s":[{"ui":"4054285","t":1320350.0,"r":1314950.0,"q":3.79,"p":770.0,"mot":"L","mo":300.0},{"cn":"","ui":"","t":0.0,"r":0.0,"q":0.0,"p":0.0,"mot":"L","mo":0.0}]},{"d":"22.05.2016","r":300.0,"q":3.79,"p":770.0,"s":[{"ui":"4054285","t":1384950.0,"r":1379550.0,"q":3.79,"p":770.0,"mot":"L","mo":300.0},{"cn":"","ui":"","t":0.0,"r":0.0,"q":0.0,"p":0.0,"mot":"L","mo":0.0}]},{"d":"23.05.2016","r":300.0,"q":3.79,"p":770.0,"s":[{"ui":"4054285","t":1449550.0,"r":1444150.0,"q":3.79,"p":770.0,"mot":"L","mo":300.0},{"cn":"","ui":"","t":0.0,"r":0.0,"q":0.0,"p":0.0,"mot":"L","mo":0.0}]},{"d":"24.05.2016","r":300.0,"q":3.79,"p":770.0,"s":[{"ui":"4054285","t":1514150.0,"r":1508750.0,"q":3.79,"p":770.0,"mot":"L","mo":300.0},{"cn":"","ui":"","t":0.0,"r":0.0,"q":0.0,"p":0.0,"mot":"L","mo":0.0}]},{"d":"25.05.2016","r":300.0,"q":3.79,"p":770.0,"s":[{"ui":"4054285","t":1578750.0,"r":1573350.0,"q":3.79,"p":770.0,"mot":"L","mo":300.0},{"cn":"","ui":"","t":0.0,"r":0.0,"q":0.0,"p":0.0,"mot":"L","mo":0.0}]},{"d":"26.05.2016","r":300.0,"q":3.79,"p":770.0,"s":[{"ui":"4054285","t":1643350.0,"r":1637950.0,"q":3.79,"p":770.0,"mot":"L","mo":300.0},{"cn":"","ui":"","t":0.0,"r":0.0,"q":0.0,"p":0.0,"mot":"L","mo":0.0}]},{"d":"27.05.2016","r":300.0,"q":3.79,"p":770.0,"s":[{"ui":"4054285","t":1707950.0,"r":1702550.0,"q":3.79,"p":770.0,"mot":"L","mo":300.0},{"cn":"","ui":"","t":0.0,"r":0.0,"q":0.0,"p":0.0,"mot":"L","mo":0.0}]},{"d":"28.05.2016","r":300.0,"q":3.79,"p":770.0,"s":[{"ui":"4054285","t":1772250.0,"r":1766550.0,"q":3.79,"p":770.0,"mot":"L","mo":300.0},{"cn":"","ui":"","t":0.0,"r":0.0,"q":0.0,"p":0.0,"mot":"L","mo":0.0}]},{"d":"29.05.2016","r":300.0,"q":3.79,"p":770.0,"s":[{"ui":"4054285","t":1836550.0,"r":1830850.0,"q":3.79,"p":770.0,"mot":"L","mo":300.0},{"cn":"","ui":"","t":0.0,"r":0.0,"q":0.0,"p":0.0,"mot":"L","mo":0.0}]},{"d":"31.05.2016","r":300.0,"q":3.79,"p":770.0,"s":[{"ui":"4054285","t":1965150.0,"r":1959450.0,"q":3.79,"p":770.0,"mot":"L","mo":300.0},{"cn":"","ui":"","t":0.0,"r":0.0,"q":0.0,"p":0.0,"mot":"L","mo":0.0}]},{"d":"01.06.2016","r":300.0,"q":3.79,"p":770.0,"s":[{"ui":"4054285","t":2029450.0,"r":2023750.0,"q":3.79,"p":770.0,"mot":"L","mo":300.0},{"cn":"","ui":"","t":0.0,"r":0.0,"q":0.0,"p":0.0,"mot":"L","mo":0.0}]},{"d":"02.06.2016","r":300.0,"q":3.79,"p":770.0,"s":[{"ui":"4054285","t":2094050.0,"r":2088650.0,"q":3.79,"p":770.0,"mot":"L","mo":300.0},{"cn":"","ui":"","t":0.0,"r":0.0,"q":0.0,"p":0.0,"mot":"L","mo":0.0}]},{"d":"03.06.2016","r":300.0,"q":3.79,"p":770.0,"s":[{"ui":"4054285","t":2158350.0,"r":2152650.0,"q":3.79,"p":770.0,"mot":"L","mo":300.0},{"cn":"","ui":"","t":0.0,"r":0.0,"q":0.0,"p":0.0,"mot":"L","mo":0.0}]},{"d":"04.06.2016","r":300.0,"q":3.79,"p":770.0,"s":[{"ui":"4054285","t":2222650.0,"r":2216950.0,"q":3.79,"p":770.0,"mot":"L","mo":300.0},{"cn":"","ui":"","t":0.0,"r":0.0,"q":0.0,"p":0.0,"mot":"L","mo":0.0}]},{"d":"05.06.2016","r":300.0,"q":3.79,"p":770.0,"s":[{"ui":"4054285","t":2286950.0,"r":2281250.0,"q":3.79,"p":770.0,"mot":"L","mo":300.0},{"cn":"","ui":"","t":0.0,"r":0.0,"q":0.0,"p":0.0,"mot":"L","mo":0.0}]},{"d":"06.06.2016","r":300.0,"q":3.79,"p":770.0,"s":[{"ui":"4054285","t":2351250.0,"r":2345550.0,"q":3.79,"p":770.0,"mot":"L","mo":300.0},{"cn":"","ui":"","t":0.0,"r":0.0,"q":0.0,"p":0.0,"mot":"L","mo":0.0}]},{"d":"07.06.2016","r":300.0,"q":3.79,"p":770.0,"s":[{"ui":"4054285","t":2415550.0,"r":2409850.0,"q":3.79,"p":770.0,"mot":"L","mo":300.0},{"cn":"","ui":"","t":0.0,"r":0.0,"q":0.0,"p":0.0,"mot":"L","mo":0.0}]},{"d":"08.06.2016","r":300.0,"q":3.79,"p":770.0,"s":[{"ui":"4054285","t":2479850.0,"r":2473850.0,"q":3.79,"p":770.0,"mot":"L","mo":300.0},{"cn":"","ui":"","t":0.0,"r":0.0,"q":0.0,"p":0.0,"mot":"L","mo":0.0}]},{"d":"09.06.2016","r":300.0,"q":3.79,"p":770.0,"s":[{"ui":"4054285","t":2543850.0,"r":2537850.0,"q":3.79,"p":770.0,"mot":"L","mo":300.0},{"cn":"","ui":"","t":0.0,"r":0.0,"q":0.0,"p":0.0,"mot":"L","mo":0.0}]},{"d":"10.06.2016","r":300.0,"q":3.79,"p":770.0,"s":[{"ui":"4054285","t":2607850.0,"r":2601850.0,"q":3.79,"p":770.0,"mot":"L","mo":300.0},{"cn":"","ui":"","t":0.0,"r":0.0,"q":0.0,"p":0.0,"mot":"L","mo":0.0}]},{"d":"11.06.2016","r":300.0,"q":3.79,"p":770.0,"s":[{"ui":"4054285","t":2671700.0,"r":2665550.0,"q":3.79,"p":770.0,"mot":"L","mo":300.0},{"cn":"","ui":"","t":0.0,"r":0.0,"q":0.0,"p":0.0,"mot":"L","mo":0.0}]},{"d":"12.06.2016","r":300.0,"q":3.79,"p":770.0,"s":[{"ui":"4054285","t":2665700.0,"r":2659700.0,"q":3.79,"p":770.0,"mot":"L","mo":300.0},{"cn":"","ui":"","t":0.0,"r":0.0,"q":0.0,"p":0.0,"mot":"L","mo":0.0}]},{"d":"13.06.2016","r":300.0,"q":3.79,"p":770.0,"s":[{"ui":"4054285","t":2659700.0,"r":2653700.0,"q":3.79,"p":770.0,"mot":"L","mo":300.0},{"cn":"","ui":"","t":0.0,"r":0.0,"q":0.0,"p":0.0,"mot":"L","mo":0.0}]},{"d":"14.06.2016","r":300.0,"q":3.79,"p":770.0,"s":[{"ui":"4054285","t":2653700.0,"r":2647700.0,"q":3.79,"p":770.0,"mot":"L","mo":300.0},{"cn":"","ui":"","t":0.0,"r":0.0,"q":0.0,"p":0.0,"mot":"L","mo":0.0}]},{"d":"15.06.2016","r":300.0,"q":3.79,"p":770.0,"s":[{"ui":"4054285","t":2647700.0,"r":2641700.0,"q":3.79,"p":770.0,"mot":"L","mo":300.0},{"cn":"","ui":"","t":0.0,"r":0.0,"q":0.0,"p":0.0,"mot":"L","mo":0.0}]},{"d":"16.06.2016","r":300.0,"q":3.78,"p":770.0,"s":[{"ui":"4054285","t":2711700.0,"r":2705700.0,"q":3.78,"p":770.0,"mot":"L","mo":300.0},{"cn":"","ui":"","t":0.0,"r":0.0,"q":0.0,"p":0.0,"mot":"L","mo":0.0}]},{"d":"17.06.2016","r":300.0,"q":3.77,"p":770.0,"s":[{"ui":"4054285","t":2775700.0,"r":2769700.0,"q":3.77,"p":770.0,"mot":"L","mo":300.0},{"cn":"","ui":"","t":0.0,"r":0.0,"q":0.0,"p":0.0,"mot":"L","mo":0.0}]},{"d":"18.06.2016","r":300.0,"q":3.76,"p":770.0,"s":[{"ui":"4054285","t":2839700.0,"r":2833700.0,"q":3.76,"p":770.0,"mot":"L","mo":300.0},{"cn":"","ui":"","t":0.0,"r":0.0,"q":0.0,"p":0.0,"mot":"L","mo":0.0}]},{"d":"19.06.2016","r":300.0,"q":3.75,"p":770.0,"s":[{"ui":"4054285","t":2903700.0,"r":2897700.0,"q":3.75,"p":770.0,"mot":"L","mo":300.0},{"cn":"","ui":"","t":0.0,"r":0.0,"q":0.0,"p":0.0,"mot":"L","mo":0.0}]},{"d":"20.06.2016","r":300.0,"q":3.73,"p":770.0,"s":[{"ui":"4054285","t":2967700.0,"r":2961700.0,"q":3.73,"p":770.0,"mot":"L","mo":300.0},{"cn":"","ui":"","t":0.0,"r":0.0,"q":0.0,"p":0.0,"mot":"L","mo":0.0}]},{"d":"21.06.2016","r":300.0,"q":3.72,"p":770.0,"s":[{"ui":"4054285","t":3031700.0,"r":3025700.0,"q":3.72,"p":770.0,"mot":"L","mo":300.0},{"cn":"","ui":"","t":0.0,"r":0.0,"q":0.0,"p":0.0,"mot":"L","mo":0.0}]},{"d":"22.06.2016","r":300.0,"q":3.71,"p":770.0,"s":[{"ui":"4054285","t":3095700.0,"r":3089700.0,"q":3.71,"p":770.0,"mot":"L","mo":300.0},{"cn":"","ui":"","t":0.0,"r":0.0,"q":0.0,"p":0.0,"mot":"L","mo":0.0}]},{"d":"23.06.2016","r":300.0,"q":3.69,"p":770.0,"s":[{"ui":"4054285","t":3159700.0,"r":3153700.0,"q":3.69,"p":770.0,"mot":"L","mo":300.0},{"cn":"","ui":"","t":0.0,"r":0.0,"q":0.0,"p":0.0,"mot":"L","mo":0.0}]},{"d":"24.06.2016","r":300.0,"q":3.68,"p":770.0,"s":[{"ui":"4054285","t":3223700.0,"r":3217700.0,"q":3.68,"p":770.0,"mot":"L","mo":300.0},{"cn":"","ui":"","t":0.0,"r":0.0,"q":0.0,"p":0.0,"mot":"L","mo":0.0}]},{"d":"25.06.2016","r":300.0,"q":3.66,"p":770.0,"s":[{"ui":"4054285","t":3287700.0,"r":3281700.0,"q":3.66,"p":770.0,"mot":"L","mo":300.0},{"cn":"","ui":"","t":0.0,"r":0.0,"q":0.0,"p":0.0,"mot":"L","mo":0.0}]},{"d":"26.06.2016","r":300.0,"q":3.65,"p":770.0,"s":[{"ui":"4054285","t":3351400.0,"r":3345100.0,"q":3.65,"p":770.0,"mot":"L","mo":300.0},{"cn":"","ui":"","t":0.0,"r":0.0,"q":0.0,"p":0.0,"mot":"L","mo":0.0}]},{"d":"27.06.2016","r":300.0,"q":3.64,"p":770.0,"s":[{"ui":"4054285","t":3415400.0,"r":3409400.0,"q":3.64,"p":770.0,"mot":"L","mo":300.0},{"cn":"","ui":"","t":0.0,"r":0.0,"q":0.0,"p":0.0,"mot":"L","mo":0.0}]},{"d":"28.06.2016","r":300.0,"q":3.63,"p":770.0,"s":[{"ui":"4054285","t":3479400.0,"r":3473400.0,"q":3.63,"p":770.0,"mot":"L","mo":300.0},{"cn":"","ui":"","t":0.0,"r":0.0,"q":0.0,"p":0.0,"mot":"L","mo":0.0}]},{"d":"29.06.2016","r":300.0,"q":3.61,"p":770.0,"s":[{"ui":"4054285","t":3543400.0,"r":3537400.0,"q":3.61,"p":770.0,"mot":"L","mo":300.0},{"cn":"","ui":"","t":0.0,"r":0.0,"q":0.0,"p":0.0,"mot":"L","mo":0.0}]},{"d":"30.06.2016","r":300.0,"q":3.6,"p":770.0,"s":[{"ui":"4054285","t":3607400.0,"r":3601400.0,"q":3.6,"p":770.0,"mot":"L","mo":300.0},{"cn":"","ui":"","t":0.0,"r":0.0,"q":0.0,"p":0.0,"mot":"L","mo":0.0}]},{"d":"01.07.2016","r":300.0,"q":3.59,"p":770.0,"s":[{"ui":"4054285","t":3671400.0,"r":3665400.0,"q":3.59,"p":770.0,"mot":"L","mo":300.0},{"cn":"","ui":"","t":0.0,"r":0.0,"q":0.0,"p":0.0,"mot":"L","mo":0.0}]},{"d":"02.07.2016","r":300.0,"q":3.58,"p":770.0,"s":[{"ui":"4054285","t":3735400.0,"r":3729400.0,"q":3.58,"p":770.0,"mot":"L","mo":300.0},{"cn":"","ui":"","t":0.0,"r":0.0,"q":0.0,"p":0.0,"mot":"L","mo":0.0}]},{"d":"03.07.2016","r":300.0,"q":3.57,"p":770.0,"s":[{"ui":"4054285","t":3799400.0,"r":3793400.0,"q":3.57,"p":770.0,"mot":"L","mo":300.0},{"cn":"","ui":"","t":0.0,"r":0.0,"q":0.0,"p":0.0,"mot":"L","mo":0.0}]},{"d":"04.07.2016","r":300.0,"q":3.56,"p":770.0,"s":[{"ui":"4054285","t":3863400.0,"r":3857400.0,"q":3.56,"p":770.0,"mot":"L","mo":300.0},{"cn":"","ui":"","t":0.0,"r":0.0,"q":0.0,"p":0.0,"mot":"L","mo":0.0}]},{"d":"05.07.2016","r":300.0,"q":3.55,"p":770.0,"s":[{"ui":"4054285","t":3927400.0,"r":3921400.0,"q":3.55,"p":770.0,"mot":"L","mo":300.0},{"cn":"","ui":"","t":0.0,"r":0.0,"q":0.0,"p":0.0,"mot":"L","mo":0.0}]},{"d":"06.07.2016","r":300.0,"q":3.54,"p":770.0,"s":[{"ui":"4054285","t":3991400.0,"r":3985400.0,"q":3.54,"p":770.0,"mot":"L","mo":300.0},{"cn":"","ui":"","t":0.0,"r":0.0,"q":0.0,"p":0.0,"mot":"L","mo":0.0}]},{"d":"07.07.2016","r":300.0,"q":3.53,"p":770.0,"s":[{"ui":"4054285","t":4055400.0,"r":4049400.0,"q":3.53,"p":770.0,"mot":"L","mo":300.0},{"cn":"","ui":"","t":0.0,"r":0.0,"q":0.0,"p":0.0,"mot":"L","mo":0.0}]},{"d":"08.07.2016","r":300.0,"q":3.53,"p":770.0,"s":[{"ui":"4054285","t":4094009.0,"r":4088009.0,"q":3.53,"p":770.0,"mot":"L","mo":300.0},{"cn":"","ui":"","t":0.0,"r":0.0,"q":0.0,"p":0.0,"mot":"L","mo":0.0}]},{"d":"09.07.2016","r":300.0,"q":3.53,"p":770.0,"s":[{"ui":"4054285","t":4088009.0,"r":4082009.0,"q":3.53,"p":770.0,"mot":"L","mo":300.0},{"cn":"","ui":"","t":0.0,"r":0.0,"q":0.0,"p":0.0,"mot":"L","mo":0.0}]},{"d":"10.07.2016","r":300.0,"q":3.53,"p":770.0,"s":[{"ui":"4054285","t":4081709.0,"r":4075409.0,"q":3.53,"p":770.0,"mot":"L","mo":300.0},{"cn":"","ui":"","t":0.0,"r":0.0,"q":0.0,"p":0.0,"mot":"L","mo":0.0}]},{"d":"11.07.2016","r":300.0,"q":3.53,"p":770.0,"s":[{"ui":"4054285","t":4075409.0,"r":4069109.0,"q":3.53,"p":770.0,"mot":"L","mo":300.0},{"cn":"","ui":"","t":0.0,"r":0.0,"q":0.0,"p":0.0,"mot":"L","mo":0.0}]},{"d":"12.07.2016","r":300.0,"q":3.53,"p":770.0,"s":[{"ui":"4054285","t":4069109.0,"r":4062809.0,"q":3.53,"p":770.0,"mot":"L","mo":300.0},{"cn":"","ui":"","t":0.0,"r":0.0,"q":0.0,"p":0.0,"mot":"L","mo":0.0}]},{"d":"13.07.2016","r":300.0,"q":3.53,"p":770.0,"s":[{"ui":"4054285","t":4062809.0,"r":4056509.0,"q":3.53,"p":770.0,"mot":"L","mo":300.0},{"cn":"","ui":"","t":0.0,"r":0.0,"q":0.0,"p":0.0,"mot":"L","mo":0.0}]},{"d":"14.07.2016","r":300.0,"q":3.53,"p":770.0,"s":[{"ui":"4054285","t":4056509.0,"r":4050209.0,"q":3.53,"p":770.0,"mot":"L","mo":300.0},{"cn":"","ui":"","t":0.0,"r":0.0,"q":0.0,"p":0.0,"mot":"L","mo":0.0}]},{"d":"15.07.2016","r":300.0,"q":3.53,"p":770.0,"s":[{"ui":"4054285","t":4050209.0,"r":4043909.0,"q":3.53,"p":770.0,"mot":"L","mo":300.0},{"cn":"","ui":"","t":0.0,"r":0.0,"q":0.0,"p":0.0,"mot":"L","mo":0.0}]},{"d":"16.07.2016","r":300.0,"q":3.53,"p":770.0,"s":[{"ui":"4054285","t":4043909.0,"r":4037609.0,"q":3.53,"p":770.0,"mot":"L","mo":300.0},{"cn":"","ui":"","t":0.0,"r":0.0,"q":0.0,"p":0.0,"mot":"L","mo":0.0}]},{"d":"18.07.2016","r":300.0,"q":3.53,"p":770.0,"s":[{"ui":"4054285","t":4031909.0,"r":4025909.0,"q":3.53,"p":770.0,"mot":"L","mo":300.0},{"cn":"","ui":"","t":0.0,"r":0.0,"q":0.0,"p":0.0,"mot":"L","mo":0.0}]},{"d":"19.07.2016","r":300.0,"q":3.53,"p":770.0,"s":[{"ui":"4054285","t":4025909.0,"r":4019909.0,"q":3.53,"p":770.0,"mot":"L","mo":300.0},{"cn":"","ui":"","t":0.0,"r":0.0,"q":0.0,"p":0.0,"mot":"L","mo":0.0}]},{"d":"20.07.2016","r":300.0,"q":3.53,"p":770.0,"s":[{"ui":"4054285","t":4019909.0,"r":4013909.0,"q":3.53,"p":770.0,"mot":"L","mo":300.0},{"cn":"","ui":"","t":0.0,"r":0.0,"q":0.0,"p":0.0,"mot":"L","mo":0.0}]},{"d":"21.07.2016","r":300.0,"q":3.53,"p":770.0,"s":[{"ui":"4054285","t":4013909.0,"r":4007909.0,"q":3.53,"p":770.0,"mot":"L","mo":300.0},{"cn":"","ui":"","t":0.0,"r":0.0,"q":0.0,"p":0.0,"mot":"L","mo":0.0}]},{"d":"22.07.2016","r":300.0,"q":3.53,"p":770.0,"s":[{"ui":"4054285","t":4007609.0,"r":4001309.0,"q":3.53,"p":770.0,"mot":"L","mo":300.0},{"cn":"","ui":"","t":0.0,"r":0.0,"q":0.0,"p":0.0,"mot":"L","mo":0.0}]},{"d":"25.07.2016","r":300.0,"q":3.53,"p":770.0,"s":[{"ui":"4054285","t":3987809.0,"r":3981209.0,"q":3.53,"p":770.0,"mot":"L","mo":300.0},{"cn":"","ui":"","t":0.0,"r":0.0,"q":0.0,"p":0.0,"mot":"L","mo":0.0}]},{"d":"26.07.2016","r":300.0,"q":3.53,"p":770.0,"s":[{"ui":"4054285","t":3981209.0,"r":3974609.0,"q":3.53,"p":770.0,"mot":"L","mo":300.0},{"cn":"","ui":"","t":0.0,"r":0.0,"q":0.0,"p":0.0,"mot":"L","mo":0.0}]},{"d":"27.07.2016","r":300.0,"q":3.53,"p":770.0,"s":[{"ui":"4054285","t":3974609.0,"r":3968009.0,"q":3.53,"p":770.0,"mot":"L","mo":300.0},{"cn":"","ui":"","t":0.0,"r":0.0,"q":0.0,"p":0.0,"mot":"L","mo":0.0}]},{"d":"28.07.2016","r":300.0,"q":3.53,"p":770.0,"s":[{"ui":"4054285","t":3968009.0,"r":3961409.0,"q":3.53,"p":770.0,"mot":"L","mo":300.0},{"cn":"","ui":"","t":0.0,"r":0.0,"q":0.0,"p":0.0,"mot":"L","mo":0.0}]},{"d":"29.07.2016","r":300.0,"q":3.53,"p":770.0,"s":[{"ui":"4054285","t":3961409.0,"r":3954809.0,"q":3.53,"p":770.0,"mot":"L","mo":300.0},{"cn":"","ui":"","t":0.0,"r":0.0,"q":0.0,"p":0.0,"mot":"L","mo":0.0}]},{"d":"30.07.2016","r":300.0,"q":3.53,"p":770.0,"s":[{"ui":"4054285","t":3954809.0,"r":3948209.0,"q":3.53,"p":770.0,"mot":"L","mo":300.0},{"cn":"","ui":"","t":0.0,"r":0.0,"q":0.0,"p":0.0,"mot":"L","mo":0.0}]},{"d":"01.08.2016","r":300.0,"q":3.53,"p":770.0,"s":[{"ui":"4054285","t":3941309.0,"r":3934409.0,"q":3.53,"p":770.0,"mot":"L","mo":300.0},{"cn":"","ui":"","t":0.0,"r":0.0,"q":0.0,"p":0.0,"mot":"L","mo":0.0}]},{"d":"02.08.2016","r":300.0,"q":3.53,"p":770.0,"s":[{"ui":"4054285","t":3934409.0,"r":3927509.0,"q":3.53,"p":770.0,"mot":"L","mo":300.0},{"cn":"","ui":"","t":0.0,"r":0.0,"q":0.0,"p":0.0,"mot":"L","mo":0.0}]},{"d":"05.08.2016","r":5000.0,"q":3.53,"p":735.0,"s":[{"ui":"4054285","t":3927808.0,"r":3922808.0,"q":3.53,"p":735.0,"mot":"L","mo":5000.0},{"cn":"","ui":"","t":0.0,"r":0.0,"q":0.0,"p":0.0,"mot":"L","mo":0.0}]},{"d":"06.08.2016","r":5000.0,"q":3.53,"p":735.0,"s":[{"ui":"4054285","t":3912808.0,"r":3897807.0,"q":3.53,"p":735.0,"mot":"L","mo":5000.0},{"cn":"","ui":"","t":0.0,"r":0.0,"q":0.0,"p":0.0,"mot":"L","mo":0.0}]},{"d":"07.08.2016","r":5000.0,"q":3.54,"p":735.0,"s":[{"ui":"4054285","t":3967807.0,"r":3952806.0,"q":3.54,"p":735.0,"mot":"L","mo":5000.0},{"cn":"","ui":"","t":0.0,"r":0.0,"q":0.0,"p":0.0,"mot":"L","mo":0.0}]},{"d":"08.08.2016","r":5000.0,"q":3.55,"p":735.0,"s":[{"ui":"4054285","t":4017806.0,"r":3997805.0,"q":3.55,"p":735.0,"mot":"L","mo":5000.0},{"cn":"","ui":"","t":0.0,"r":0.0,"q":0.0,"p":0.0,"mot":"L","mo":0.0}]},{"d":"09.08.2016","r":5000.0,"q":3.55,"p":735.0,"s":[{"ui":"4054285","t":4067805.0,"r":4047804.0,"q":3.55,"p":735.0,"mot":"L","mo":5000.0},{"cn":"","ui":"","t":0.0,"r":0.0,"q":0.0,"p":0.0,"mot":"L","mo":0.0}]},{"d":"10.08.2016","r":5000.0,"q":3.56,"p":735.0,"s":[{"ui":"4054285","t":4117804.0,"r":4097803.0,"q":3.56,"p":735.0,"mot":"L","mo":5000.0},{"cn":"","ui":"","t":0.0,"r":0.0,"q":0.0,"p":0.0,"mot":"L","mo":0.0}]},{"d":"11.08.2016","r":5000.0,"q":3.57,"p":735.0,"s":[{"ui":"4054285","t":4167803.0,"r":4147802.0,"q":3.57,"p":735.0,"mot":"L","mo":5000.0},{"cn":"","ui":"","t":0.0,"r":0.0,"q":0.0,"p":0.0,"mot":"L","mo":0.0}]},{"d":"12.08.2016","r":5000.0,"q":3.57,"p":735.0,"s":[{"ui":"4054285","t":4217802.0,"r":4197801.0,"q":3.57,"p":735.0,"mot":"L","mo":5000.0},{"cn":"","ui":"","t":0.0,"r":0.0,"q":0.0,"p":0.0,"mot":"L","mo":0.0}]},{"d":"13.08.2016","r":5000.0,"q":3.58,"p":735.0,"s":[{"ui":"4054285","t":4267801.0,"r":4247800.0,"q":3.58,"p":735.0,"mot":"L","mo":5000.0},{"cn":"","ui":"","t":0.0,"r":0.0,"q":0.0,"p":0.0,"mot":"L","mo":0.0}]},{"d":"14.08.2016","r":5000.0,"q":3.59,"p":735.0,"s":[{"ui":"4054285","t":4317800.0,"r":4297799.0,"q":3.59,"p":735.0,"mot":"L","mo":5000.0},{"cn":"","ui":"","t":0.0,"r":0.0,"q":0.0,"p":0.0,"mot":"L","mo":0.0}]},{"d":"15.08.2016","r":5000.0,"q":3.59,"p":735.0,"s":[{"ui":"4054285","t":4367799.0,"r":4347798.0,"q":3.59,"p":735.0,"mot":"L","mo":5000.0},{"cn":"","ui":"","t":0.0,"r":0.0,"q":0.0,"p":0.0,"mot":"L","mo":0.0}]},{"d":"16.08.2016","r":5000.0,"q":3.59,"p":735.0,"s":[{"ui":"4054285","t":4417798.0,"r":4397797.0,"q":3.59,"p":735.0,"mot":"L","mo":5000.0},{"cn":"","ui":"","t":0.0,"r":0.0,"q":0.0,"p":0.0,"mot":"L","mo":0.0}]},{"d":"17.08.2016","r":5000.0,"q":3.6,"p":735.0,"s":[{"ui":"4054285","t":4467797.0,"r":4447796.0,"q":3.6,"p":735.0,"mot":"L","mo":5000.0},{"cn":"","ui":"","t":0.0,"r":0.0,"q":0.0,"p":0.0,"mot":"L","mo":0.0}]},{"d":"18.08.2016","r":5000.0,"q":3.6,"p":735.0,"s":[{"ui":"4054285","t":4517796.0,"r":4497795.0,"q":3.6,"p":735.0,"mot":"L","mo":5000.0},{"cn":"","ui":"","t":0.0,"r":0.0,"q":0.0,"p":0.0,"mot":"L","mo":0.0}]},{"d":"19.08.2016","r":5000.0,"q":3.61,"p":735.0,"s":[{"ui":"4054285","t":4567795.0,"r":4547794.0,"q":3.61,"p":735.0,"mot":"L","mo":5000.0},{"cn":"","ui":"","t":0.0,"r":0.0,"q":0.0,"p":0.0,"mot":"L","mo":0.0}]},{"d":"20.08.2016","r":5000.0,"q":3.61,"p":735.0,"s":[{"ui":"4054285","t":4612794.0,"r":4582793.0,"q":3.61,"p":735.0,"mot":"L","mo":5000.0},{"cn":"","ui":"","t":0.0,"r":0.0,"q":0.0,"p":0.0,"mot":"L","mo":0.0}]},{"d":"21.08.2016","r":5000.0,"q":3.61,"p":735.0,"s":[{"ui":"4054285","t":4652793.0,"r":4622792.0,"q":3.61,"p":735.0,"mot":"L","mo":5000.0},{"cn":"","ui":"","t":0.0,"r":0.0,"q":0.0,"p":0.0,"mot":"L","mo":0.0}]},{"d":"22.08.2016","r":5000.0,"q":3.62,"p":735.0,"s":[{"ui":"4054285","t":4692792.0,"r":4662791.0,"q":3.62,"p":735.0,"mot":"L","mo":5000.0},{"cn":"","ui":"","t":0.0,"r":0.0,"q":0.0,"p":0.0,"mot":"L","mo":0.0}]},{"d":"23.08.2016","r":5000.0,"q":3.62,"p":735.0,"s":[{"ui":"4054285","t":4732791.0,"r":4702790.0,"q":3.62,"p":735.0,"mot":"L","mo":5000.0},{"cn":"","ui":"","t":0.0,"r":0.0,"q":0.0,"p":0.0,"mot":"L","mo":0.0}]},{"d":"24.08.2016","r":5000.0,"q":3.63,"p":735.0,"s":[{"ui":"4054285","t":4772790.0,"r":4742789.0,"q":3.63,"p":735.0,"mot":"L","mo":5000.0},{"cn":"","ui":"","t":0.0,"r":0.0,"q":0.0,"p":0.0,"mot":"L","mo":0.0}]},{"d":"25.08.2016","r":5000.0,"q":3.63,"p":735.0,"s":[{"ui":"4054285","t":4812789.0,"r":4782788.0,"q":3.63,"p":735.0,"mot":"L","mo":5000.0},{"cn":"","ui":"","t":0.0,"r":0.0,"q":0.0,"p":0.0,"mot":"L","mo":0.0}]},{"d":"26.08.2016","r":5000.0,"q":3.63,"p":735.0,"s":[{"ui":"4054285","t":4852788.0,"r":4822787.0,"q":3.63,"p":735.0,"mot":"L","mo":5000.0},{"cn":"","ui":"","t":0.0,"r":0.0,"q":0.0,"p":0.0,"mot":"L","mo":0.0}]},{"d":"27.08.2016","r":5000.0,"q":3.63,"p":735.0,"s":[{"ui":"4054285","t":4822787.0,"r":4792786.0,"q":3.63,"p":735.0,"mot":"L","mo":5000.0},{"cn":"","ui":"","t":0.0,"r":0.0,"q":0.0,"p":0.0,"mot":"L","mo":0.0}]},{"d":"28.08.2016","r":5000.0,"q":3.63,"p":735.0,"s":[{"ui":"4054285","t":4792786.0,"r":4762785.0,"q":3.63,"p":735.0,"mot":"L","mo":5000.0},{"cn":"","ui":"","t":0.0,"r":0.0,"q":0.0,"p":0.0,"mot":"L","mo":0.0}]},{"d":"29.08.2016","r":5000.0,"q":3.63,"p":735.0,"s":[{"ui":"4054285","t":4762785.0,"r":4732784.0,"q":3.63,"p":735.0,"mot":"L","mo":5000.0},{"cn":"","ui":"","t":0.0,"r":0.0,"q":0.0,"p":0.0,"mot":"L","mo":0.0}]},{"d":"30.08.2016","r":5000.0,"q":3.63,"p":735.0,"s":[{"ui":"4054285","t":4732784.0,"r":4692783.0,"q":3.63,"p":735.0,"mot":"L","mo":5000.0},{"cn":"","ui":"","t":0.0,"r":0.0,"q":0.0,"p":0.0,"mot":"L","mo":0.0}]},{"d":"31.08.2016","r":5000.0,"q":3.63,"p":735.0,"s":[{"ui":"4054285","t":4692783.0,"r":4652782.0,"q":3.63,"p":735.0,"mot":"L","mo":5000.0},{"cn":"","ui":"","t":0.0,"r":0.0,"q":0.0,"p":0.0,"mot":"L","mo":0.0}]},{"d":"01.09.2016","r":5000.0,"q":3.63,"p":735.0,"s":[{"ui":"4054285","t":4652782.0,"r":4612781.0,"q":3.63,"p":735.0,"mot":"L","mo":5000.0},{"cn":"","ui":"","t":0.0,"r":0.0,"q":0.0,"p":0.0,"mot":"L","mo":0.0}]},{"d":"02.09.2016","r":5000.0,"q":3.63,"p":735.0,"s":[{"ui":"4054285","t":4612781.0,"r":4572780.0,"q":3.63,"p":735.0,"mot":"L","mo":5000.0},{"cn":"","ui":"","t":0.0,"r":0.0,"q":0.0,"p":0.0,"mot":"L","mo":0.0}]},{"d":"03.09.2016","r":5000.0,"q":3.63,"p":735.0,"s":[{"ui":"4054285","t":4582780.0,"r":4552779.0,"q":3.63,"p":735.0,"mot":"L","mo":5000.0},{"cn":"","ui":"","t":0.0,"r":0.0,"q":0.0,"p":0.0,"mot":"L","mo":0.0}]},{"d":"04.09.2016","r":5000.0,"q":3.63,"p":735.0,"s":[{"ui":"4054285","t":4552779.0,"r":4522778.0,"q":3.63,"p":735.0,"mot":"L","mo":5000.0},{"cn":"","ui":"","t":0.0,"r":0.0,"q":0.0,"p":0.0,"mot":"L","mo":0.0}]},{"d":"05.09.2016","r":5000.0,"q":3.63,"p":735.0,"s":[{"ui":"4054285","t":4522778.0,"r":4492777.0,"q":3.63,"p":735.0,"mot":"L","mo":5000.0},{"cn":"","ui":"","t":0.0,"r":0.0,"q":0.0,"p":0.0,"mot":"L","mo":0.0}]},{"d":"06.09.2016","r":5000.0,"q":3.63,"p":735.0,"s":[{"ui":"4054285","t":4477777.0,"r":4432776.0,"q":3.63,"p":735.0,"mot":"L","mo":5000.0},{"cn":"","ui":"","t":0.0,"r":0.0,"q":0.0,"p":0.0,"mot":"L","mo":0.0}]},{"d":"07.09.2016","r":5000.0,"q":3.63,"p":735.0,"s":[{"ui":"4054285","t":4432776.0,"r":4387775.0,"q":3.63,"p":735.0,"mot":"L","mo":5000.0},{"cn":"","ui":"","t":0.0,"r":0.0,"q":0.0,"p":0.0,"mot":"L","mo":0.0}]},{"d":"08.09.2016","r":5000.0,"q":3.63,"p":735.0,"s":[{"ui":"4054285","t":4387775.0,"r":4342774.0,"q":3.63,"p":735.0,"mot":"L","mo":5000.0},{"cn":"","ui":"","t":0.0,"r":0.0,"q":0.0,"p":0.0,"mot":"L","mo":0.0}]},{"d":"09.09.2016","r":5000.0,"q":3.63,"p":735.0,"s":[{"ui":"4054285","t":4342774.0,"r":4297773.0,"q":3.63,"p":735.0,"mot":"L","mo":5000.0},{"cn":"","ui":"","t":0.0,"r":0.0,"q":0.0,"p":0.0,"mot":"L","mo":0.0}]},{"d":"10.09.2016","r":5000.0,"q":3.63,"p":735.0,"s":[{"ui":"4054285","t":4297773.0,"r":4252772.0,"q":3.63,"p":735.0,"mot":"L","mo":5000.0},{"cn":"","ui":"","t":0.0,"r":0.0,"q":0.0,"p":0.0,"mot":"L","mo":0.0}]},{"d":"11.09.2016","r":5000.0,"q":3.63,"p":735.0,"s":[{"ui":"4054285","t":4252772.0,"r":4207771.0,"q":3.63,"p":735.0,"mot":"L","mo":5000.0},{"cn":"","ui":"","t":0.0,"r":0.0,"q":0.0,"p":0.0,"mot":"L","mo":0.0}]},{"d":"12.09.2016","r":5000.0,"q":3.63,"p":735.0,"s":[{"ui":"4054285","t":4207771.0,"r":4162770.0,"q":3.63,"p":735.0,"mot":"L","mo":5000.0},{"cn":"","ui":"","t":0.0,"r":0.0,"q":0.0,"p":0.0,"mot":"L","mo":0.0}]},{"d":"13.09.2016","r":5000.0,"q":3.63,"p":735.0,"s":[{"ui":"4054285","t":4162770.0,"r":4117769.0,"q":3.63,"p":735.0,"mot":"L","mo":5000.0},{"cn":"","ui":"","t":0.0,"r":0.0,"q":0.0,"p":0.0,"mot":"L","mo":0.0}]},{"d":"14.09.2016","r":5000.0,"q":3.63,"p":735.0,"s":[{"ui":"4054285","t":4117769.0,"r":4072768.0,"q":3.63,"p":735.0,"mot":"L","mo":5000.0},{"cn":"","ui":"","t":0.0,"r":0.0,"q":0.0,"p":0.0,"mot":"L","mo":0.0}]},{"d":"15.09.2016","r":5000.0,"q":3.63,"p":735.0,"s":[{"ui":"4054285","t":4072768.0,"r":4032767.0,"q":3.63,"p":735.0,"mot":"L","mo":5000.0},{"cn":"","ui":"","t":0.0,"r":0.0,"q":0.0,"p":0.0,"mot":"L","mo":0.0}]},{"d":"16.09.2016","r":5000.0,"q":3.63,"p":735.0,"s":[{"ui":"4054285","t":4032767.0,"r":3992766.0,"q":3.63,"p":735.0,"mot":"L","mo":5000.0},{"cn":"","ui":"","t":0.0,"r":0.0,"q":0.0,"p":0.0,"mot":"L","mo":0.0}]},{"d":"17.09.2016","r":5000.0,"q":3.63,"p":735.0,"s":[{"ui":"4054285","t":3992766.0,"r":3952765.0,"q":3.63,"p":735.0,"mot":"L","mo":5000.0},{"cn":"","ui":"","t":0.0,"r":0.0,"q":0.0,"p":0.0,"mot":"L","mo":0.0}]},{"d":"18.09.2016","r":5000.0,"q":3.63,"p":735.0,"s":[{"ui":"4054285","t":3952765.0,"r":3912764.0,"q":3.63,"p":735.0,"mot":"L","mo":5000.0},{"cn":"","ui":"","t":0.0,"r":0.0,"q":0.0,"p":0.0,"mot":"L","mo":0.0}]},{"d":"19.09.2016","r":5000.0,"q":3.63,"p":735.0,"s":[{"ui":"4054285","t":3912764.0,"r":3872763.0,"q":3.63,"p":735.0,"mot":"L","mo":5000.0},{"cn":"","ui":"","t":0.0,"r":0.0,"q":0.0,"p":0.0,"mot":"L","mo":0.0}]},{"d":"20.09.2016","r":5000.0,"q":3.63,"p":735.0,"s":[{"ui":"4054285","t":3872763.0,"r":3832762.0,"q":3.63,"p":735.0,"mot":"L","mo":5000.0},{"cn":"","ui":"","t":0.0,"r":0.0,"q":0.0,"p":0.0,"mot":"L","mo":0.0}]},{"d":"21.09.2016","r":5000.0,"q":3.63,"p":735.0,"s":[{"ui":"4054285","t":3832762.0,"r":3792761.0,"q":3.63,"p":735.0,"mot":"L","mo":5000.0},{"cn":"","ui":"","t":0.0,"r":0.0,"q":0.0,"p":0.0,"mot":"L","mo":0.0}]},{"d":"23.09.2016","r":5000.0,"q":3.63,"p":735.0,"s":[{"ui":"4054285","t":3752760.0,"r":3712759.0,"q":3.63,"p":735.0,"mot":"L","mo":5000.0},{"cn":"","ui":"","t":0.0,"r":0.0,"q":0.0,"p":0.0,"mot":"L","mo":0.0}]},{"d":"24.09.2016","r":5000.0,"q":3.63,"p":735.0,"s":[{"ui":"4054285","t":3712759.0,"r":3672758.0,"q":3.63,"p":735.0,"mot":"L","mo":5000.0},{"cn":"","ui":"","t":0.0,"r":0.0,"q":0.0,"p":0.0,"mot":"L","mo":0.0}]},{"d":"25.09.2016","r":5000.0,"q":3.63,"p":735.0,"s":[{"ui":"4054285","t":3672758.0,"r":3632757.0,"q":3.63,"p":735.0,"mot":"L","mo":5000.0},{"cn":"","ui":"","t":0.0,"r":0.0,"q":0.0,"p":0.0,"mot":"L","mo":0.0}]},{"d":"26.09.2016","r":5000.0,"q":3.63,"p":735.0,"s":[{"ui":"4054285","t":3632757.0,"r":3592756.0,"q":3.63,"p":735.0,"mot":"L","mo":5000.0},{"cn":"","ui":"","t":0.0,"r":0.0,"q":0.0,"p":0.0,"mot":"L","mo":0.0}]},{"d":"27.09.2016","r":5000.0,"q":3.63,"p":735.0,"s":[{"ui":"4054285","t":3592756.0,"r":3552755.0,"q":3.63,"p":735.0,"mot":"L","mo":5000.0},{"cn":"","ui":"","t":0.0,"r":0.0,"q":0.0,"p":0.0,"mot":"L","mo":0.0}]},{"d":"28.09.2016","r":5000.0,"q":3.63,"p":735.0,"s":[{"ui":"4054285","t":3552755.0,"r":3507754.0,"q":3.63,"p":735.0,"mot":"L","mo":5000.0},{"cn":"","ui":"","t":0.0,"r":0.0,"q":0.0,"p":0.0,"mot":"L","mo":0.0}]},{"d":"29.09.2016","r":5000.0,"q":3.61,"p":735.0,"s":[{"ui":"4054285","t":3577754.0,"r":3532753.0,"q":3.61,"p":735.0,"mot":"L","mo":5000.0},{"cn":"","ui":"","t":0.0,"r":0.0,"q":0.0,"p":0.0,"mot":"L","mo":0.0}]},{"d":"30.09.2016","r":5000.0,"q":3.59,"p":735.0,"s":[{"ui":"4054285","t":3602753.0,"r":3557752.0,"q":3.59,"p":735.0,"mot":"L","mo":5000.0},{"cn":"","ui":"","t":0.0,"r":0.0,"q":0.0,"p":0.0,"mot":"L","mo":0.0}]},{"d":"01.10.2016","r":5000.0,"q":3.56,"p":735.0,"s":[{"ui":"4054285","t":3627752.0,"r":3582751.0,"q":3.56,"p":735.0,"mot":"L","mo":5000.0},{"cn":"","ui":"","t":0.0,"r":0.0,"q":0.0,"p":0.0,"mot":"L","mo":0.0}]},{"d":"02.10.2016","r":5000.0,"q":3.53,"p":735.0,"s":[{"ui":"4054285","t":3652751.0,"r":3607750.0,"q":3.53,"p":735.0,"mot":"L","mo":5000.0},{"cn":"","ui":"","t":0.0,"r":0.0,"q":0.0,"p":0.0,"mot":"L","mo":0.0}]},{"d":"03.10.2016","r":5000.0,"q":3.5,"p":735.0,"s":[{"ui":"4054285","t":3677750.0,"r":3632749.0,"q":3.5,"p":735.0,"mot":"L","mo":5000.0},{"cn":"","ui":"","t":0.0,"r":0.0,"q":0.0,"p":0.0,"mot":"L","mo":0.0}]},{"d":"04.10.2016","r":5000.0,"q":3.46,"p":735.0,"s":[{"ui":"4054285","t":3702749.0,"r":3657748.0,"q":3.46,"p":735.0,"mot":"L","mo":5000.0},{"cn":"","ui":"","t":0.0,"r":0.0,"q":0.0,"p":0.0,"mot":"L","mo":0.0}]},{"d":"05.10.2016","r":5000.0,"q":3.43,"p":735.0,"s":[{"ui":"4054285","t":3727748.0,"r":3682747.0,"q":3.43,"p":735.0,"mot":"L","mo":5000.0},{"cn":"","ui":"","t":0.0,"r":0.0,"q":0.0,"p":0.0,"mot":"L","mo":0.0}]},{"d":"07.10.2016","r":5000.0,"q":3.4,"p":735.0,"s":[{"ui":"4054285","t":3702746.0,"r":3652745.0,"q":3.4,"p":735.0,"mot":"L","mo":5000.0},{"cn":"","ui":"","t":0.0,"r":0.0,"q":0.0,"p":0.0,"mot":"L","mo":0.0}]},{"d":"08.10.2016","r":5000.0,"q":3.4,"p":735.0,"s":[{"ui":"4054285","t":3652745.0,"r":3602744.0,"q":3.4,"p":735.0,"mot":"L","mo":5000.0},{"cn":"","ui":"","t":0.0,"r":0.0,"q":0.0,"p":0.0,"mot":"L","mo":0.0}]},{"d":"09.10.2016","r":5000.0,"q":3.4,"p":735.0,"s":[{"ui":"4054285","t":3602744.0,"r":3552743.0,"q":3.4,"p":735.0,"mot":"L","mo":5000.0},{"cn":"","ui":"","t":0.0,"r":0.0,"q":0.0,"p":0.0,"mot":"L","mo":0.0}]},{"d":"10.10.2016","r":5000.0,"q":3.4,"p":735.0,"s":[{"ui":"4054285","t":3547723.0,"r":3492702.0,"q":3.4,"p":735.0,"mot":"L","mo":5000.0},{"cn":"","ui":"","t":0.0,"r":0.0,"q":0.0,"p":0.0,"mot":"L","mo":0.0}]},{"d":"11.10.2016","r":5000.0,"q":3.4,"p":735.0,"s":[{"ui":"4054285","t":3492722.0,"r":3437721.0,"q":3.4,"p":735.0,"mot":"L","mo":5000.0},{"cn":"","ui":"","t":0.0,"r":0.0,"q":0.0,"p":0.0,"mot":"L","mo":0.0}]},{"d":"12.10.2016","r":5000.0,"q":3.4,"p":735.0,"s":[{"ui":"4054285","t":3437721.0,"r":3382720.0,"q":3.4,"p":735.0,"mot":"L","mo":5000.0},{"cn":"","ui":"","t":0.0,"r":0.0,"q":0.0,"p":0.0,"mot":"L","mo":0.0}]},{"d":"13.10.2016","r":5000.0,"q":3.4,"p":735.0,"s":[{"ui":"4054285","t":3382720.0,"r":3327719.0,"q":3.4,"p":735.0,"mot":"L","mo":5000.0},{"cn":"","ui":"","t":0.0,"r":0.0,"q":0.0,"p":0.0,"mot":"L","mo":0.0}]},{"d":"14.10.2016","r":5300.0,"q":3.4,"p":736.98,"s":[{"ui":"4193184","t":5000.0,"r":4400.0,"q":3.4,"p":770.0,"mot":"L","mo":300.0},{"ui":"4054285","t":3322719.0,"r":3262718.0,"q":3.4,"p":735.0,"mot":"L","mo":5000.0},{"cn":"","ui":"","t":0.0,"r":0.0,"q":0.0,"p":0.0,"mot":"L","mo":0.0}]},{"d":"15.10.2016","r":5300.0,"q":3.4,"p":736.98,"s":[{"ui":"4193184","t":9400.0,"r":8800.0,"q":3.4,"p":770.0,"mot":"L","mo":300.0},{"ui":"4054285","t":3262218.0,"r":3201717.0,"q":3.4,"p":735.0,"mot":"L","mo":5000.0},{"cn":"","ui":"","t":0.0,"r":0.0,"q":0.0,"p":0.0,"mot":"L","mo":0.0}]},{"d":"16.10.2016","r":5300.0,"q":3.4,"p":736.98,"s":[{"ui":"4193184","t":13800.0,"r":13200.0,"q":3.4,"p":770.0,"mot":"L","mo":300.0},{"ui":"4054285","t":3196717.0,"r":3131216.0,"q":3.4,"p":735.0,"mot":"L","mo":5000.0},{"cn":"","ui":"","t":0.0,"r":0.0,"q":0.0,"p":0.0,"mot":"L","mo":0.0}]},{"d":"17.10.2016","r":5300.0,"q":3.4,"p":736.98,"s":[{"ui":"4193184","t":18200.0,"r":17600.0,"q":3.4,"p":770.0,"mot":"L","mo":300.0},{"ui":"4054285","t":3131216.0,"r":3065715.0,"q":3.4,"p":735.0,"mot":"L","mo":5000.0},{"cn":"","ui":"","t":0.0,"r":0.0,"q":0.0,"p":0.0,"mot":"L","mo":0.0}]},{"d":"18.10.2016","r":5300.0,"q":3.4,"p":736.98,"s":[{"ui":"4193184","t":22600.0,"r":22000.0,"q":3.4,"p":770.0,"mot":"L","mo":300.0},{"ui":"4054285","t":3066115.0,"r":3001014.0,"q":3.4,"p":735.0,"mot":"L","mo":5000.0},{"cn":"","ui":"","t":0.0,"r":0.0,"q":0.0,"p":0.0,"mot":"L","mo":0.0}]},{"d":"19.10.2016","r":5300.0,"q":3.4,"p":736.98,"s":[{"ui":"4193184","t":27000.0,"r":26400.0,"q":3.4,"p":770.0,"mot":"L","mo":300.0},{"ui":"4054285","t":2999764.0,"r":2934663.0,"q":3.4,"p":735.0,"mot":"L","mo":5000.0},{"cn":"","ui":"","t":0.0,"r":0.0,"q":0.0,"p":0.0,"mot":"L","mo":0.0}]},{"d":"20.10.2016","r":5300.0,"q":3.4,"p":736.98,"s":[{"ui":"4193184","t":31700.0,"r":31400.0,"q":3.4,"p":770.0,"mot":"L","mo":300.0},{"ui":"4054285","t":2929663.0,"r":2859562.0,"q":3.4,"p":735.0,"mot":"L","mo":5000.0},{"cn":"","ui":"","t":0.0,"r":0.0,"q":0.0,"p":0.0,"mot":"L","mo":0.0}]},{"d":"21.10.2016","r":5300.0,"q":3.4,"p":736.98,"s":[{"ui":"4193184","t":36400.0,"r":36100.0,"q":3.4,"p":770.0,"mot":"L","mo":300.0},{"ui":"4054285","t":2857062.0,"r":2786961.0,"q":3.4,"p":735.0,"mot":"L","mo":5000.0},{"cn":"","ui":"","t":0.0,"r":0.0,"q":0.0,"p":0.0,"mot":"L","mo":0.0}]},{"d":"22.10.2016","r":5300.0,"q":3.4,"p":736.98,"s":[{"ui":"4193184","t":40700.0,"r":40000.0,"q":3.4,"p":770.0,"mot":"L","mo":300.0},{"ui":"4054285","t":2811861.0,"r":2766660.0,"q":3.4,"p":735.0,"mot":"L","mo":5000.0},{"cn":"","ui":"","t":0.0,"r":0.0,"q":0.0,"p":0.0,"mot":"L","mo":0.0}]},{"d":"23.10.2016","r":5300.0,"q":3.4,"p":736.98,"s":[{"ui":"4193184","t":49300.0,"r":48600.0,"q":3.4,"p":770.0,"mot":"L","mo":300.0},{"ui":"4054285","t":2721459.0,"r":2676258.0,"q":3.4,"p":735.0,"mot":"L","mo":5000.0},{"cn":"","ui":"","t":0.0,"r":0.0,"q":0.0,"p":0.0,"mot":"L","mo":0.0}]},{"d":"24.10.2016","r":5300.0,"q":3.4,"p":736.98,"s":[{"ui":"4193184","t":53600.0,"r":52900.0,"q":3.4,"p":770.0,"mot":"L","mo":300.0},{"ui":"4054285","t":2676258.0,"r":2631057.0,"q":3.4,"p":735.0,"mot":"L","mo":5000.0},{"cn":"","ui":"","t":0.0,"r":0.0,"q":0.0,"p":0.0,"mot":"L","mo":0.0}]},{"d":"25.10.2016","r":5300.0,"q":3.4,"p":736.98,"s":[{"ui":"4193184","t":57600.0,"r":56600.0,"q":3.4,"p":770.0,"mot":"L","mo":300.0},{"ui":"4054285","t":2601057.0,"r":2525856.0,"q":3.4,"p":735.0,"mot":"L","mo":5000.0},{"cn":"","ui":"","t":0.0,"r":0.0,"q":0.0,"p":0.0,"mot":"L","mo":0.0}]},{"d":"26.10.2016","r":5300.0,"q":3.4,"p":736.98,"s":[{"ui":"4193184","t":61000.0,"r":59400.0,"q":3.4,"p":770.0,"mot":"L","mo":300.0},{"ui":"4054285","t":2520856.0,"r":2440655.0,"q":3.4,"p":735.0,"mot":"L","mo":5000.0},{"cn":"","ui":"","t":0.0,"r":0.0,"q":0.0,"p":0.0,"mot":"L","mo":0.0}]},{"d":"27.10.2016","r":5300.0,"q":3.4,"p":736.98,"s":[{"ui":"4193184","t":64400.0,"r":62800.0,"q":3.4,"p":770.0,"mot":"L","mo":300.0},{"ui":"4054285","t":2435655.0,"r":2355454.0,"q":3.4,"p":735.0,"mot":"L","mo":5000.0},{"cn":"","ui":"","t":0.0,"r":0.0,"q":0.0,"p":0.0,"mot":"L","mo":0.0}]},{"d":"28.10.2016","r":5300.0,"q":3.4,"p":736.98,"s":[{"ui":"4193184","t":67800.0,"r":66200.0,"q":3.4,"p":770.0,"mot":"L","mo":300.0},{"ui":"4054285","t":2355454.0,"r":2275253.0,"q":3.4,"p":735.0,"mot":"L","mo":5000.0},{"cn":"","ui":"","t":0.0,"r":0.0,"q":0.0,"p":0.0,"mot":"L","mo":0.0}]},{"d":"29.10.2016","r":5300.0,"q":3.4,"p":736.98,"s":[{"ui":"4193184","t":71100.0,"r":69400.0,"q":3.4,"p":770.0,"mot":"L","mo":300.0},{"ui":"4054285","t":2275253.0,"r":2195052.0,"q":3.4,"p":735.0,"mot":"L","mo":5000.0},{"cn":"","ui":"","t":0.0,"r":0.0,"q":0.0,"p":0.0,"mot":"L","mo":0.0}]},{"d":"30.10.2016","r":5300.0,"q":3.4,"p":736.98,"s":[{"ui":"4193184","t":69900.0,"r":68200.0,"q":3.4,"p":770.0,"mot":"L","mo":300.0},{"ui":"4054285","t":2198552.0,"r":2121851.0,"q":3.4,"p":735.0,"mot":"L","mo":5000.0},{"cn":"","ui":"","t":0.0,"r":0.0,"q":0.0,"p":0.0,"mot":"L","mo":0.0}]},{"d":"31.10.2016","r":5300.0,"q":3.4,"p":736.98,"s":[{"ui":"4193184","t":68700.0,"r":67000.0,"q":3.4,"p":770.0,"mot":"L","mo":300.0},{"ui":"4054285","t":2121851.0,"r":2045150.0,"q":3.4,"p":735.0,"mot":"L","mo":5000.0},{"cn":"","ui":"","t":0.0,"r":0.0,"q":0.0,"p":0.0,"mot":"L","mo":0.0}]},{"d":"01.11.2016","r":5300.0,"q":3.4,"p":736.98,"s":[{"ui":"4193184","t":67500.0,"r":65800.0,"q":3.4,"p":770.0,"mot":"L","mo":300.0},{"ui":"4054285","t":2045150.0,"r":1968449.0,"q":3.4,"p":735.0,"mot":"L","mo":5000.0},{"cn":"","ui":"","t":0.0,"r":0.0,"q":0.0,"p":0.0,"mot":"L","mo":0.0}]},{"d":"02.11.2016","r":5300.0,"q":3.4,"p":736.98,"s":[{"ui":"4193184","t":64500.0,"r":61000.0,"q":3.4,"p":770.0,"mot":"L","mo":300.0},{"ui":"4054285","t":1949699.0,"r":1857998.0,"q":3.4,"p":735.0,"mot":"L","mo":5000.0},{"cn":"","ui":"","t":0.0,"r":0.0,"q":0.0,"p":0.0,"mot":"L","mo":0.0}]},{"d":"03.11.2016","r":5300.0,"q":3.4,"p":736.98,"s":[{"ui":"4193184","t":61800.0,"r":58600.0,"q":3.4,"p":770.0,"mot":"L","mo":300.0},{"ui":"4054285","t":1862998.0,"r":1776297.0,"q":3.4,"p":735.0,"mot":"L","mo":5000.0},{"cn":"","ui":"","t":0.0,"r":0.0,"q":0.0,"p":0.0,"mot":"L","mo":0.0}]},{"d":"04.11.2016","r":5300.0,"q":3.4,"p":736.98,"s":[{"ui":"4193184","t":59100.0,"r":55900.0,"q":3.4,"p":770.0,"mot":"L","mo":300.0},{"ui":"4054285","t":1775297.0,"r":1688596.0,"q":3.4,"p":735.0,"mot":"L","mo":5000.0},{"cn":"","ui":"","t":0.0,"r":0.0,"q":0.0,"p":0.0,"mot":"L","mo":0.0}]},{"d":"05.11.2016","r":5300.0,"q":3.4,"p":736.98,"s":[{"ui":"4193184","t":56400.0,"r":53200.0,"q":3.4,"p":770.0,"mot":"L","mo":300.0},{"ui":"4054285","t":1688596.0,"r":1601895.0,"q":3.4,"p":735.0,"mot":"L","mo":5000.0},{"cn":"","ui":"","t":0.0,"r":0.0,"q":0.0,"p":0.0,"mot":"L","mo":0.0}]},{"d":"06.11.2016","r":5300.0,"q":3.4,"p":736.98,"s":[{"ui":"4193184","t":53700.0,"r":50500.0,"q":3.4,"p":770.0,"mot":"L","mo":300.0},{"ui":"4054285","t":1601895.0,"r":1515194.0,"q":3.4,"p":735.0,"mot":"L","mo":5000.0},{"cn":"","ui":"","t":0.0,"r":0.0,"q":0.0,"p":0.0,"mot":"L","mo":0.0}]},{"d":"07.11.2016","r":5300.0,"q":3.4,"p":736.98,"s":[{"ui":"4193184","t":51000.0,"r":47800.0,"q":3.4,"p":770.0,"mot":"L","mo":300.0},{"ui":"4054285","t":1515194.0,"r":1428493.0,"q":3.4,"p":735.0,"mot":"L","mo":5000.0},{"cn":"","ui":"","t":0.0,"r":0.0,"q":0.0,"p":0.0,"mot":"L","mo":0.0}]},{"d":"08.11.2016","r":5300.0,"q":3.4,"p":736.98,"s":[{"ui":"4193184","t":48300.0,"r":45100.0,"q":3.4,"p":770.0,"mot":"L","mo":300.0},{"ui":"4054285","t":1428493.0,"r":1341792.0,"q":3.4,"p":735.0,"mot":"L","mo":5000.0},{"cn":"","ui":"","t":0.0,"r":0.0,"q":0.0,"p":0.0,"mot":"L","mo":0.0}]},{"d":"09.11.2016","r":5300.0,"q":3.4,"p":736.98,"s":[{"ui":"4193184","t":45600.0,"r":42400.0,"q":3.4,"p":770.0,"mot":"L","mo":300.0},{"ui":"4054285","t":1341792.0,"r":1255091.0,"q":3.4,"p":735.0,"mot":"L","mo":5000.0},{"cn":"","ui":"","t":0.0,"r":0.0,"q":0.0,"p":0.0,"mot":"L","mo":0.0}]},{"d":"10.11.2016","r":5300.0,"q":3.4,"p":736.98,"s":[{"ui":"4193184","t":42900.0,"r":39700.0,"q":3.4,"p":770.0,"mot":"L","mo":300.0},{"ui":"4054285","t":1255091.0,"r":1168390.0,"q":3.4,"p":735.0,"mot":"L","mo":5000.0},{"cn":"","ui":"","t":0.0,"r":0.0,"q":0.0,"p":0.0,"mot":"L","mo":0.0}]},{"d":"11.11.2016","r":5300.0,"q":3.4,"p":736.98,"s":[{"ui":"4193184","t":40200.0,"r":37000.0,"q":3.4,"p":770.0,"mot":"L","mo":300.0},{"ui":"4054285","t":1168390.0,"r":1081689.0,"q":3.4,"p":735.0,"mot":"L","mo":5000.0},{"cn":"","ui":"","t":0.0,"r":0.0,"q":0.0,"p":0.0,"mot":"L","mo":0.0}]},{"d":"12.11.2016","r":5300.0,"q":3.4,"p":736.98,"s":[{"ui":"4193184","t":37500.0,"r":34300.0,"q":3.4,"p":770.0,"mot":"L","mo":300.0},{"ui":"4054285","t":1076689.0,"r":984988.0,"q":3.4,"p":735.0,"mot":"L","mo":5000.0},{"cn":"","ui":"","t":0.0,"r":0.0,"q":0.0,"p":0.0,"mot":"L","mo":0.0}]},{"d":"13.11.2016","r":5300.0,"q":3.4,"p":736.98,"s":[{"ui":"4193184","t":34500.0,"r":31000.0,"q":3.4,"p":770.0,"mot":"L","mo":300.0},{"ui":"4054285","t":984988.0,"r":893287.0,"q":3.4,"p":735.0,"mot":"L","mo":5000.0},{"cn":"","ui":"","t":0.0,"r":0.0,"q":0.0,"p":0.0,"mot":"L","mo":0.0}]},{"d":"14.11.2016","r":7300.0,"q":2.74,"p":618.08,"s":[{"ui":"4054285","t":891287.0,"r":794074.0,"q":3.4,"p":735.0,"mot":"L","mo":5000.0},{"ui":"4260344","t":45557.0,"r":41557.0,"q":1.0,"p":303.0,"mot":"L","mo":2000.0},{"cn":"","ui":"","t":31500.0,"r":300.0,"q":3.4,"p":770.0,"mot":"L","mo":300.0}]},{"d":"15.11.2016","r":7300.0,"q":2.74,"p":618.08,"s":[{"ui":"4054285","t":594174.0,"r":297061.0,"q":3.4,"p":735.0,"mot":"L","mo":5000.0},{"ui":"4260344","t":39557.0,"r":33557.0,"q":1.0,"p":303.0,"mot":"L","mo":2000.0},{"cn":"","ui":"","t":28300.0,"r":300.0,"q":3.4,"p":770.0,"mot":"L","mo":300.0}]},{"d":"16.11.2016","r":47837.0,"q":1.31,"p":501.69,"s":[{"ui":"4150784","t":47547.0,"r":47537.0,"q":1.3,"p":500.0,"mot":"U","mo":47537.0},{"cn":"","ui":"","t":25100.0,"r":300.0,"q":3.4,"p":770.0,"mot":"L","mo":300.0}]},{"d":"17.11.2016","r":350.0,"q":3.1,"p":731.57,"s":[{"ui":"3969508","t":100.0,"r":50.0,"q":1.3,"p":501.0,"mot":"U","mo":50.0},{"ui":"4193184","t":21900.0,"r":18500.0,"q":3.4,"p":770.0,"mot":"L","mo":300.0},{"cn":"","ui":"","t":0.0,"r":0.0,"q":0.0,"p":0.0,"mot":"L","mo":0.0}]},{"d":"18.11.2016","r":300.0,"q":3.4,"p":770.0,"s":[{"ui":"4193184","t":18200.0,"r":14500.0,"q":3.4,"p":770.0,"mot":"L","mo":300.0},{"cn":"","ui":"","t":0.0,"r":0.0,"q":0.0,"p":0.0,"mot":"L","mo":0.0}]},{"d":"19.11.2016","r":300.0,"q":3.4,"p":770.0,"s":[{"ui":"4193184","t":13900.0,"r":9600.0,"q":3.4,"p":770.0,"mot":"L","mo":300.0},{"cn":"","ui":"","t":0.0,"r":0.0,"q":0.0,"p":0.0,"mot":"L","mo":0.0}]},{"d":"20.11.2016","r":300.0,"q":3.4,"p":770.0,"s":[{"ui":"4193184","t":9600.0,"r":5300.0,"q":3.4,"p":770.0,"mot":"L","mo":300.0},{"cn":"","ui":"","t":0.0,"r":0.0,"q":0.0,"p":0.0,"mot":"L","mo":0.0}]},{"d":"21.11.2016","r":300.0,"q":3.4,"p":770.0,"s":[{"ui":"4193184","t":5300.0,"r":1000.0,"q":3.4,"p":770.0,"mot":"L","mo":300.0},{"cn":"","ui":"","t":0.0,"r":0.0,"q":0.0,"p":0.0,"mot":"L","mo":0.0}]},{"d":"22.11.2016","r":582632.0,"q":6.61,"p":1200.0,"s":[{"ui":"4266705","t":587631.0,"r":582631.0,"q":6.61,"p":1200.0,"mot":"U","mo":582631.0},{"cn":"","ui":"","t":1.0,"r":1.0,"q":6.61,"p":800.0,"mot":"L","mo":1.0}]},{"d":"23.11.2016","r":773155.0,"q":6.61,"p":1200.0,"s":[{"ui":"4266705","t":779165.0,"r":773155.0,"q":6.61,"p":1200.0,"mot":"U","mo":773155.0},{"cn":"","ui":"","t":0.0,"r":0.0,"q":0.0,"p":0.0,"mot":"L","mo":0.0}]},{"d":"24.11.2016","r":964589.0,"q":6.61,"p":1199.93,"s":[{"ui":"4266705","t":970599.0,"r":964489.0,"q":6.61,"p":1200.0,"mot":"U","mo":964489.0},{"cn":"","ui":"","t":1100.0,"r":100.0,"q":6.61,"p":501.0,"mot":"L","mo":100.0}]},{"d":"25.11.2016","r":1161549.0,"q":6.58,"p":1194.67,"s":[{"ui":"4266705","t":1162033.0,"r":1155923.0,"q":6.61,"p":1200.0,"mot":"U","mo":1155923.0},{"cn":"","ui":"","t":15626.0,"r":5626.0,"q":1.0,"p":100.0,"mot":"L","mo":5626.0}]},{"d":"26.11.2016","r":1050513.0,"q":6.61,"p":1199.67,"s":[{"ui":"4266705","t":1106023.0,"r":1050013.0,"q":6.61,"p":1200.0,"mot":"U","mo":1050013.0},{"cn":"","ui":"","t":51000.0,"r":500.0,"q":6.61,"p":501.0,"mot":"L","mo":500.0}]},{"d":"29.11.2016","r":25000.0,"q":1.0,"p":300.0,"s":[{"ui":"4266725","t":225364.0,"r":200364.0,"q":1.0,"p":300.0,"mot":"L","mo":25000.0},{"cn":"","ui":"","t":0.0,"r":0.0,"q":0.0,"p":0.0,"mot":"L","mo":0.0}]},{"d":"30.11.2016","r":25000.0,"q":1.0,"p":300.0,"s":[{"ui":"4266725","t":149864.0,"r":72314.0,"q":1.0,"p":300.0,"mot":"L","mo":25000.0},{"cn":"","ui":"","t":0.0,"r":0.0,"q":0.0,"p":0.0,"mot":"L","mo":0.0}]},{"d":"15.12.2016","r":2889290.0,"q":4.54,"p":199.0,"s":[{"ui":"4091811","t":2909290.0,"r":2889290.0,"q":4.54,"p":199.0,"mot":"U","mo":2889290.0},{"cn":"","ui":"","t":0.0,"r":0.0,"q":0.0,"p":0.0,"mot":"L","mo":0.0}]},{"d":"16.12.2016","r":2598095.0,"q":4.54,"p":203.07,"s":[{"ui":"4091811","t":2888790.0,"r":2580495.0,"q":4.54,"p":199.0,"mot":"U","mo":2580495.0},{"cn":"","ui":"","t":18800.0,"r":17600.0,"q":4.54,"p":800.0,"mot":"L","mo":17600.0}]},{"d":"17.12.2016","r":26400.0,"q":4.54,"p":800.0,"s":[{"ui":"4380871","t":27600.0,"r":26400.0,"q":4.54,"p":800.0,"mot":"U","mo":26400.0},{"cn":"","ui":"","t":0.0,"r":0.0,"q":0.0,"p":0.0,"mot":"L","mo":0.0}]},{"d":"18.12.2016","r":25200.0,"q":4.54,"p":800.0,"s":[{"ui":"4380871","t":26400.0,"r":25200.0,"q":4.54,"p":800.0,"mot":"U","mo":25200.0},{"cn":"","ui":"","t":0.0,"r":0.0,"q":0.0,"p":0.0,"mot":"L","mo":0.0}]},{"d":"19.12.2016","r":23800.0,"q":4.54,"p":800.0,"s":[{"ui":"4380871","t":25100.0,"r":23800.0,"q":4.54,"p":800.0,"mot":"U","mo":23800.0},{"cn":"","ui":"","t":0.0,"r":0.0,"q":0.0,"p":0.0,"mot":"L","mo":0.0}]},{"d":"20.12.2016","r":22300.0,"q":4.54,"p":800.0,"s":[{"ui":"4380871","t":23700.0,"r":22300.0,"q":4.54,"p":800.0,"mot":"U","mo":22300.0},{"cn":"","ui":"","t":0.0,"r":0.0,"q":0.0,"p":0.0,"mot":"L","mo":0.0}]},{"d":"21.12.2016","r":4255548.0,"q":8.53,"p":899.51,"s":[{"ui":"4142296","t":4235648.0,"r":4234648.0,"q":8.55,"p":900.0,"mot":"U","mo":4234648.0},{"cn":"","ui":"","t":22300.0,"r":20900.0,"q":4.54,"p":800.0,"mot":"L","mo":20900.0}]},{"d":"22.12.2016","r":4253548.0,"q":8.53,"p":899.53,"s":[{"ui":"4142296","t":4234648.0,"r":4233648.0,"q":8.55,"p":900.0,"mot":"U","mo":4233648.0},{"cn":"","ui":"","t":21100.0,"r":19900.0,"q":4.54,"p":800.0,"mot":"L","mo":19900.0}]},{"d":"23.12.2016","r":4251348.0,"q":8.53,"p":899.56,"s":[{"ui":"4142296","t":4233648.0,"r":4232648.0,"q":8.55,"p":900.0,"mot":"U","mo":4232648.0},{"cn":"","ui":"","t":19900.0,"r":18700.0,"q":4.54,"p":800.0,"mot":"L","mo":18700.0}]},{"d":"24.12.2016","r":17500.0,"q":4.54,"p":800.0,"s":[{"ui":"4380871","t":18700.0,"r":17500.0,"q":4.54,"p":800.0,"mot":"U","mo":17500.0},{"cn":"","ui":"","t":0.0,"r":0.0,"q":0.0,"p":0.0,"mot":"L","mo":0.0}]},{"d":"25.12.2016","r":15800.0,"q":4.54,"p":800.0,"s":[{"ui":"4380871","t":17250.0,"r":15800.0,"q":4.54,"p":800.0,"mot":"U","mo":15800.0},{"cn":"","ui":"","t":0.0,"r":0.0,"q":0.0,"p":0.0,"mot":"L","mo":0.0}]},{"d":"26.12.2016","r":13850.0,"q":4.54,"p":800.0,"s":[{"ui":"4380871","t":15550.0,"r":13850.0,"q":4.54,"p":800.0,"mot":"U","mo":13850.0},{"cn":"","ui":"","t":0.0,"r":0.0,"q":0.0,"p":0.0,"mot":"L","mo":0.0}]},{"d":"27.12.2016","r":13150.0,"q":4.54,"p":800.0,"s":[{"ui":"4380871","t":14350.0,"r":13150.0,"q":4.54,"p":800.0,"mot":"U","mo":13150.0},{"cn":"","ui":"","t":0.0,"r":0.0,"q":0.0,"p":0.0,"mot":"L","mo":0.0}]},{"d":"28.12.2016","r":11950.0,"q":4.54,"p":800.0,"s":[{"ui":"4380871","t":13150.0,"r":11950.0,"q":4.54,"p":800.0,"mot":"U","mo":11950.0},{"cn":"","ui":"","t":0.0,"r":0.0,"q":0.0,"p":0.0,"mot":"L","mo":0.0}]},{"d":"29.12.2016","r":10750.0,"q":4.54,"p":800.0,"s":[{"ui":"4380871","t":11950.0,"r":10750.0,"q":4.54,"p":800.0,"mot":"U","mo":10750.0},{"cn":"","ui":"","t":0.0,"r":0.0,"q":0.0,"p":0.0,"mot":"L","mo":0.0}]},{"d":"30.12.2016","r":9550.0,"q":4.54,"p":800.0,"s":[{"ui":"4380871","t":10750.0,"r":9550.0,"q":4.54,"p":800.0,"mot":"U","mo":9550.0},{"cn":"","ui":"","t":0.0,"r":0.0,"q":0.0,"p":0.0,"mot":"L","mo":0.0}]},{"d":"31.12.2016","r":8350.0,"q":4.54,"p":800.0,"s":[{"ui":"4380871","t":9550.0,"r":8350.0,"q":4.54,"p":800.0,"mot":"U","mo":8350.0},{"cn":"","ui":"","t":0.0,"r":0.0,"q":0.0,"p":0.0,"mot":"L","mo":0.0}]},{"d":"04.01.2017","r":741487.0,"q":2.51,"p":500.0,"s":[{"ui":"4302469","t":741487.0,"r":741487.0,"q":2.51,"p":500.0,"mot":"U","mo":741487.0},{"cn":"","ui":"","t":0.0,"r":0.0,"q":0.0,"p":0.0,"mot":"L","mo":0.0}]},{"d":"09.01.2017","r":172200.0,"q":5.04,"p":1069.34,"s":[{"ui":"4266725","t":1182552.0,"r":1182552.0,"q":2.93,"p":300.0,"mot":"L","mo":25000.0},{"ui":"4266705","t":152210.0,"r":147200.0,"q":5.4,"p":1200.0,"mot":"U","mo":147200.0},{"cn":"","ui":"","t":0.0,"r":0.0,"q":0.0,"p":0.0,"mot":"L","mo":0.0}]},{"d":"10.01.2017","r":342784.0,"q":5.83,"p":1134.36,"s":[{"ui":"4266725","t":2328219.0,"r":2303219.0,"q":2.93,"p":300.0,"mot":"L","mo":25000.0},{"ui":"4266705","t":322794.0,"r":317784.0,"q":6.06,"p":1200.0,"mot":"U","mo":317784.0},{"cn":"","ui":"","t":0.0,"r":0.0,"q":0.0,"p":0.0,"mot":"L","mo":0.0}]},{"d":"11.01.2017","r":796994.0,"q":4.47,"p":862.53,"s":[{"ui":"4266705","t":493378.0,"r":488368.0,"q":6.26,"p":1200.0,"mot":"U","mo":488368.0},{"ui":"4266697","t":271026.0,"r":266026.0,"q":1.31,"p":300.0,"mot":"U","mo":266026.0},{"cn":"","ui":"","t":3486744.0,"r":42600.0,"q":3.62,"p":506.57,"mot":"L","mo":42600.0}]},{"d":"12.01.2017","r":278794.0,"q":4.31,"p":755.16,"s":[{"ui":"4266725","t":4501726.0,"r":4376726.0,"q":2.93,"p":300.0,"mot":"L","mo":25000.0},{"ui":"4380871","t":275000.0,"r":253794.0,"q":4.45,"p":800.0,"mot":"U","mo":253794.0},{"cn":"","ui":"","t":0.0,"r":0.0,"q":0.0,"p":0.0,"mot":"L","mo":0.0}]},{"d":"13.01.2017","r":282593.0,"q":4.32,"p":755.77,"s":[{"ui":"4266725","t":5553613.0,"r":5458603.0,"q":2.93,"p":300.0,"mot":"L","mo":25000.0},{"ui":"4380871","t":278799.0,"r":257593.0,"q":4.46,"p":800.0,"mot":"U","mo":257593.0},{"cn":"","ui":"","t":0.0,"r":0.0,"q":0.0,"p":0.0,"mot":"L","mo":0.0}]},{"d":"14.01.2017","r":25000.0,"q":2.93,"p":300.0,"s":[{"ui":"4266725","t":6574558.0,"r":6454548.0,"q":2.93,"p":300.0,"mot":"L","mo":25000.0},{"cn":"","ui":"","t":0.0,"r":0.0,"q":0.0,"p":0.0,"mot":"L","mo":0.0}]},{"d":"15.01.2017","r":446880.0,"q":4.51,"p":772.03,"s":[{"ui":"4266725","t":7486377.0,"r":7366367.0,"q":2.93,"p":300.0,"mot":"L","mo":25000.0},{"ui":"4380871","t":700679.0,"r":421880.0,"q":4.6,"p":800.0,"mot":"U","mo":421880.0},{"cn":"","ui":"","t":0.0,"r":0.0,"q":0.0,"p":0.0,"mot":"L","mo":0.0}]},{"d":"16.01.2017","r":451699.0,"q":4.51,"p":772.33,"s":[{"ui":"4266725","t":8489504.0,"r":8369494.0,"q":2.93,"p":300.0,"mot":"L","mo":25000.0},{"ui":"4380871","t":705498.0,"r":426699.0,"q":4.6,"p":800.0,"mot":"U","mo":426699.0},{"cn":"","ui":"","t":0.0,"r":0.0,"q":0.0,"p":0.0,"mot":"L","mo":0.0}]},{"d":"17.01.2017","r":865995.0,"q":4.55,"p":785.57,"s":[{"ui":"4380871","t":1119794.0,"r":840995.0,"q":4.6,"p":800.0,"mot":"U","mo":840995.0},{"cn":"","ui":"","t":9461690.0,"r":25000.0,"q":2.92,"p":300.0,"mot":"L","mo":25000.0}]},{"d":"18.01.2017","r":25000.0,"q":2.92,"p":300.0,"s":[{"ui":"4266725","t":9296680.0,"r":9131670.0,"q":2.92,"p":300.0,"mot":"L","mo":25000.0},{"cn":"","ui":"","t":0.0,"r":0.0,"q":0.0,"p":0.0,"mot":"L","mo":0.0}]},{"d":"19.01.2017","r":25000.0,"q":2.92,"p":300.0,"s":[{"ui":"4266725","t":9131670.0,"r":8966660.0,"q":2.92,"p":300.0,"mot":"L","mo":25000.0},{"cn":"","ui":"","t":0.0,"r":0.0,"q":0.0,"p":0.0,"mot":"L","mo":0.0}]},{"d":"20.01.2017","r":25000.0,"q":2.92,"p":300.0,"s":[{"ui":"4266725","t":8966660.0,"r":8801650.0,"q":2.92,"p":300.0,"mot":"L","mo":25000.0},{"cn":"","ui":"","t":0.0,"r":0.0,"q":0.0,"p":0.0,"mot":"L","mo":0.0}]},{"d":"21.01.2017","r":25000.0,"q":2.92,"p":300.0,"s":[{"ui":"4266725","t":8776655.0,"r":8586650.0,"q":2.92,"p":300.0,"mot":"L","mo":25000.0},{"cn":"","ui":"","t":0.0,"r":0.0,"q":0.0,"p":0.0,"mot":"L","mo":0.0}]},{"d":"22.01.2017","r":25000.0,"q":2.92,"p":300.0,"s":[{"ui":"4266725","t":8586650.0,"r":8396645.0,"q":2.92,"p":300.0,"mot":"L","mo":25000.0},{"cn":"","ui":"","t":0.0,"r":0.0,"q":0.0,"p":0.0,"mot":"L","mo":0.0}]},{"d":"23.01.2017","r":25000.0,"q":2.92,"p":300.0,"s":[{"ui":"4266725","t":8396645.0,"r":8206640.0,"q":2.92,"p":300.0,"mot":"L","mo":25000.0},{"cn":"","ui":"","t":0.0,"r":0.0,"q":0.0,"p":0.0,"mot":"L","mo":0.0}]},{"d":"24.01.2017","r":25000.0,"q":2.92,"p":300.0,"s":[{"ui":"4266725","t":8181640.0,"r":7966635.0,"q":2.92,"p":300.0,"mot":"L","mo":25000.0},{"cn":"","ui":"","t":0.0,"r":0.0,"q":0.0,"p":0.0,"mot":"L","mo":0.0}]},{"d":"25.01.2017","r":25000.0,"q":2.92,"p":300.0,"s":[{"ui":"4266725","t":7941635.0,"r":7701630.0,"q":2.92,"p":300.0,"mot":"L","mo":25000.0},{"cn":"","ui":"","t":0.0,"r":0.0,"q":0.0,"p":0.0,"mot":"L","mo":0.0}]},{"d":"26.01.2017","r":25000.0,"q":2.92,"p":300.0,"s":[{"ui":"4266725","t":7701630.0,"r":7461625.0,"q":2.92,"p":300.0,"mot":"L","mo":25000.0},{"cn":"","ui":"","t":0.0,"r":0.0,"q":0.0,"p":0.0,"mot":"L","mo":0.0}]},{"d":"27.01.2017","r":251507.0,"q":3.1,"p":660.24,"s":[{"ui":"4266725","t":7411630.0,"r":7121630.0,"q":2.92,"p":300.0,"mot":"L","mo":25000.0},{"ui":"4186651","t":226507.0,"r":226507.0,"q":3.12,"p":700.0,"mot":"U","mo":226507.0},{"cn":"","ui":"","t":0.0,"r":0.0,"q":0.0,"p":0.0,"mot":"L","mo":0.0}]},{"d":"28.01.2017","r":25000.0,"q":2.92,"p":300.0,"s":[{"ui":"4266725","t":7121630.0,"r":6831630.0,"q":2.92,"p":300.0,"mot":"L","mo":25000.0},{"cn":"","ui":"","t":0.0,"r":0.0,"q":0.0,"p":0.0,"mot":"L","mo":0.0}]},{"d":"29.01.2017","r":25000.0,"q":2.92,"p":300.0,"s":[{"ui":"4266725","t":6815530.0,"r":6509430.0,"q":2.92,"p":300.0,"mot":"L","mo":25000.0},{"cn":"","ui":"","t":0.0,"r":0.0,"q":0.0,"p":0.0,"mot":"L","mo":0.0}]},{"d":"30.01.2017","r":25000.0,"q":2.92,"p":300.0,"s":[{"ui":"4266725","t":6484430.0,"r":6153330.0,"q":2.92,"p":300.0,"mot":"L","mo":25000.0},{"cn":"","ui":"","t":0.0,"r":0.0,"q":0.0,"p":0.0,"mot":"L","mo":0.0}]},{"d":"31.01.2017","r":25000.0,"q":2.92,"p":300.0,"s":[{"ui":"4266725","t":6153330.0,"r":5822230.0,"q":2.92,"p":300.0,"mot":"L","mo":25000.0},{"cn":"","ui":"","t":0.0,"r":0.0,"q":0.0,"p":0.0,"mot":"L","mo":0.0}]},{"d":"01.02.2017","r":25000.0,"q":2.92,"p":300.0,"s":[{"ui":"4266725","t":5822230.0,"r":5491130.0,"q":2.92,"p":300.0,"mot":"L","mo":25000.0},{"cn":"","ui":"","t":0.0,"r":0.0,"q":0.0,"p":0.0,"mot":"L","mo":0.0}]},{"d":"02.02.2017","r":25000.0,"q":2.92,"p":300.0,"s":[{"ui":"4266725","t":5491130.0,"r":5160030.0,"q":2.92,"p":300.0,"mot":"L","mo":25000.0},{"cn":"","ui":"","t":0.0,"r":0.0,"q":0.0,"p":0.0,"mot":"L","mo":0.0}]},{"d":"03.02.2017","r":25000.0,"q":2.92,"p":300.0,"s":[{"ui":"4266725","t":5160030.0,"r":4828930.0,"q":2.92,"p":300.0,"mot":"L","mo":25000.0},{"cn":"","ui":"","t":0.0,"r":0.0,"q":0.0,"p":0.0,"mot":"L","mo":0.0}]},{"d":"04.02.2017","r":25000.0,"q":2.92,"p":300.0,"s":[{"ui":"4266725","t":4828930.0,"r":4497830.0,"q":2.92,"p":300.0,"mot":"L","mo":25000.0},{"cn":"","ui":"","t":0.0,"r":0.0,"q":0.0,"p":0.0,"mot":"L","mo":0.0}]},{"d":"05.02.2017","r":25000.0,"q":2.92,"p":300.0,"s":[{"ui":"4266725","t":4497730.0,"r":4166630.0,"q":2.92,"p":300.0,"mot":"L","mo":25000.0},{"cn":"","ui":"","t":0.0,"r":0.0,"q":0.0,"p":0.0,"mot":"L","mo":0.0}]},{"d":"06.02.2017","r":25000.0,"q":2.92,"p":300.0,"s":[{"ui":"4266725","t":4166630.0,"r":3835530.0,"q":2.92,"p":300.0,"mot":"L","mo":25000.0},{"cn":"","ui":"","t":0.0,"r":0.0,"q":0.0,"p":0.0,"mot":"L","mo":0.0}]},{"d":"07.02.2017","r":25000.0,"q":2.92,"p":300.0,"s":[{"ui":"4266725","t":3832492.0,"r":3498354.0,"q":2.92,"p":300.0,"mot":"L","mo":25000.0},{"cn":"","ui":"","t":0.0,"r":0.0,"q":0.0,"p":0.0,"mot":"L","mo":0.0}]},{"d":"08.02.2017","r":25000.0,"q":2.92,"p":300.0,"s":[{"ui":"4266725","t":3498354.0,"r":3164216.0,"q":2.92,"p":300.0,"mot":"L","mo":25000.0},{"cn":"","ui":"","t":0.0,"r":0.0,"q":0.0,"p":0.0,"mot":"L","mo":0.0}]},{"d":"09.02.2017","r":25000.0,"q":2.92,"p":300.0,"s":[{"ui":"4266725","t":3167254.0,"r":2836154.0,"q":2.92,"p":300.0,"mot":"L","mo":25000.0},{"cn":"","ui":"","t":0.0,"r":0.0,"q":0.0,"p":0.0,"mot":"L","mo":0.0}]},{"d":"10.02.2017","r":25000.0,"q":2.92,"p":300.0,"s":[{"ui":"4266725","t":2836154.0,"r":2502016.0,"q":2.92,"p":300.0,"mot":"L","mo":25000.0},{"cn":"","ui":"","t":0.0,"r":0.0,"q":0.0,"p":0.0,"mot":"L","mo":0.0}]},{"d":"11.02.2017","r":25000.0,"q":2.92,"p":300.0,"s":[{"ui":"4266725","t":2252016.0,"r":1667878.0,"q":2.92,"p":300.0,"mot":"L","mo":25000.0},{"cn":"","ui":"","t":0.0,"r":0.0,"q":0.0,"p":0.0,"mot":"L","mo":0.0}]},{"d":"12.02.2017","r":25000.0,"q":2.92,"p":300.0,"s":[{"ui":"4266725","t":1667878.0,"r":1083740.0,"q":2.92,"p":300.0,"mot":"L","mo":25000.0},{"cn":"","ui":"","t":0.0,"r":0.0,"q":0.0,"p":0.0,"mot":"L","mo":0.0}]},{"d":"13.02.2017","r":25000.0,"q":2.92,"p":300.0,"s":[{"ui":"4266725","t":908740.0,"r":149602.0,"q":2.92,"p":300.0,"mot":"L","mo":25000.0},{"cn":"","ui":"","t":0.0,"r":0.0,"q":0.0,"p":0.0,"mot":"L","mo":0.0}]},{"d":"15.02.2017","r":1.8192788E7,"q":5.74,"p":3497.94,"s":[{"ui":"4334000","t":1.8167788E7,"r":1.8167788E7,"q":5.74,"p":3500.0,"mot":"U","mo":1.8167788E7},{"cn":"","ui":"","t":25000.0,"r":25000.0,"q":2.92,"p":2000.0,"mot":"L","mo":25000.0}]},{"d":"16.02.2017","r":1.8192388E7,"q":5.74,"p":3497.96,"s":[{"ui":"4334000","t":1.8167688E7,"r":1.8167588E7,"q":5.74,"p":3500.0,"mot":"U","mo":1.8167588E7},{"cn":"","ui":"","t":24900.0,"r":24800.0,"q":2.92,"p":2000.0,"mot":"L","mo":24800.0}]},{"d":"17.02.2017","r":1.6317488E7,"q":5.74,"p":3500.0,"s":[{"ui":"4334000","t":1.7242588E7,"r":1.6317488E7,"q":5.74,"p":3500.0,"mot":"U","mo":1.6317488E7},{"cn":"","ui":"","t":0.0,"r":0.0,"q":0.0,"p":0.0,"mot":"L","mo":0.0}]},{"d":"18.02.2017","r":1.5392388E7,"q":5.74,"p":3500.0,"s":[{"ui":"4334000","t":1.6317488E7,"r":1.5392388E7,"q":5.74,"p":3500.0,"mot":"U","mo":1.5392388E7},{"cn":"","ui":"","t":0.0,"r":0.0,"q":0.0,"p":0.0,"mot":"L","mo":0.0}]},{"d":"19.02.2017","r":1.4467288E7,"q":5.74,"p":3500.0,"s":[{"ui":"4334000","t":1.5392388E7,"r":1.4467288E7,"q":5.74,"p":3500.0,"mot":"U","mo":1.4467288E7},{"cn":"","ui":"","t":0.0,"r":0.0,"q":0.0,"p":0.0,"mot":"L","mo":0.0}]},{"d":"20.02.2017","r":1.3540188E7,"q":5.74,"p":3500.0,"s":[{"ui":"4334000","t":1.4466288E7,"r":1.3540188E7,"q":5.74,"p":3500.0,"mot":"U","mo":1.3540188E7},{"cn":"","ui":"","t":0.0,"r":0.0,"q":0.0,"p":0.0,"mot":"L","mo":0.0}]},{"d":"21.02.2017","r":1.2614088E7,"q":5.74,"p":3500.0,"s":[{"ui":"4334000","t":1.3540188E7,"r":1.2614088E7,"q":5.74,"p":3500.0,"mot":"U","mo":1.2614088E7},{"cn":"","ui":"","t":0.0,"r":0.0,"q":0.0,"p":0.0,"mot":"L","mo":0.0}]},{"d":"22.02.2017","r":1.1687988E7,"q":5.74,"p":3500.0,"s":[{"ui":"4334000","t":1.2614088E7,"r":1.1687988E7,"q":5.74,"p":3500.0,"mot":"U","mo":1.1687988E7},{"cn":"","ui":"","t":0.0,"r":0.0,"q":0.0,"p":0.0,"mot":"L","mo":0.0}]},{"d":"23.02.2017","r":1.0761888E7,"q":5.74,"p":3500.0,"s":[{"ui":"4334000","t":1.1687988E7,"r":1.0761888E7,"q":5.74,"p":3500.0,"mot":"U","mo":1.0761888E7},{"cn":"","ui":"","t":0.0,"r":0.0,"q":0.0,"p":0.0,"mot":"L","mo":0.0}]},{"d":"24.02.2017","r":8685788.0,"q":5.74,"p":3500.0,"s":[{"ui":"4334000","t":1.0186888E7,"r":8685788.0,"q":5.74,"p":3500.0,"mot":"U","mo":8685788.0},{"cn":"","ui":"","t":0.0,"r":0.0,"q":0.0,"p":0.0,"mot":"L","mo":0.0}]},{"d":"25.02.2017","r":7184688.0,"q":5.74,"p":3500.0,"s":[{"ui":"4334000","t":8685788.0,"r":7184688.0,"q":5.74,"p":3500.0,"mot":"U","mo":7184688.0},{"cn":"","ui":"","t":0.0,"r":0.0,"q":0.0,"p":0.0,"mot":"L","mo":0.0}]},{"d":"26.02.2017","r":5683388.0,"q":5.74,"p":3500.0,"s":[{"ui":"4334000","t":7184588.0,"r":5683388.0,"q":5.74,"p":3500.0,"mot":"U","mo":5683388.0},{"cn":"","ui":"","t":0.0,"r":0.0,"q":0.0,"p":0.0,"mot":"L","mo":0.0}]},{"d":"27.02.2017","r":4177313.0,"q":5.74,"p":3500.0,"s":[{"ui":"4334000","t":5683413.0,"r":4177313.0,"q":5.74,"p":3500.0,"mot":"U","mo":4177313.0},{"cn":"","ui":"","t":0.0,"r":0.0,"q":0.0,"p":0.0,"mot":"L","mo":0.0}]},{"d":"28.02.2017","r":2676213.0,"q":5.74,"p":3500.0,"s":[{"ui":"4334000","t":4182313.0,"r":2676213.0,"q":5.74,"p":3500.0,"mot":"U","mo":2676213.0},{"cn":"","ui":"","t":0.0,"r":0.0,"q":0.0,"p":0.0,"mot":"L","mo":0.0}]},{"d":"01.03.2017","r":1175113.0,"q":5.74,"p":3500.0,"s":[{"ui":"4334000","t":2681213.0,"r":1175113.0,"q":5.74,"p":3500.0,"mot":"U","mo":1175113.0},{"cn":"","ui":"","t":0.0,"r":0.0,"q":0.0,"p":0.0,"mot":"L","mo":0.0}]},{"d":"02.03.2017","r":4198257.0,"q":4.95,"p":3480.94,"s":[{"ui":"4334000","t":5679357.0,"r":4173257.0,"q":4.96,"p":3500.0,"mot":"U","mo":4173257.0},{"cn":"","ui":"","t":1094353.0,"r":25000.0,"q":2.77,"p":300.0,"mot":"L","mo":25000.0}]},{"d":"03.03.2017","r":5064351.0,"q":5.29,"p":3241.13,"s":[{"cn":"SD","ui":"4142296","t":469876.0,"r":468676.0,"q":8.24,"p":900.0,"mot":"U","mo":468676.0},{"cn":"carthago","ui":"4334000","t":6051875.0,"r":4545775.0,"q":5.01,"p":3500.0,"mot":"U","mo":4545775.0},{"cn":"","ui":"","t":1442611.0,"r":49900.0,"q":2.75,"p":1647.29,"mot":"L","mo":49900.0}]},{"d":"04.03.2017","r":3847664.0,"q":5.06,"p":3472.74,"s":[{"cn":"carthago","ui":"4334000","t":5278964.0,"r":3772864.0,"q":5.11,"p":3500.0,"mot":"U","mo":3772864.0},{"cn":"","ui":"","t":1778549.0,"r":74800.0,"q":2.74,"p":2097.59,"mot":"L","mo":74800.0}]},{"d":"05.03.2017","r":3090435.0,"q":5.13,"p":3462.03,"s":[{"cn":"carthago","ui":"4334000","t":4496835.0,"r":2990735.0,"q":5.21,"p":3500.0,"mot":"U","mo":2990735.0},{"cn":"","ui":"","t":2071961.0,"r":99700.0,"q":2.72,"p":2322.97,"mot":"L","mo":99700.0}]},{"d":"06.03.2017","r":2323987.0,"q":5.17,"p":3444.15,"s":[{"cn":"carthago","ui":"4334000","t":3705487.0,"r":2199387.0,"q":5.31,"p":3500.0,"mot":"U","mo":2199387.0},{"cn":"","ui":"","t":2354128.0,"r":124600.0,"q":2.71,"p":2458.27,"mot":"L","mo":124600.0}]},{"d":"07.03.2017","r":1557539.0,"q":5.15,"p":3408.67,"s":[{"cn":"carthago","ui":"4334000","t":2914139.0,"r":1408039.0,"q":5.41,"p":3500.0,"mot":"U","mo":1408039.0},{"cn":"JP in one","ui":"4508570","t":124600.0,"r":124500.0,"q":2.71,"p":3000.0,"mot":"U","mo":124500.0},{"cn":"","ui":"","t":2500060.0,"r":25000.0,"q":2.62,"p":300.0,"mot":"L","mo":25000.0}]},{"d":"08.03.2017","r":174400.0,"q":2.68,"p":2612.96,"s":[{"cn":"MewGull International","ui":"4266725","t":2728388.0,"r":1944150.0,"q":2.59,"p":300.0,"mot":"L","mo":25000.0},{"cn":"JP in one","ui":"4508570","t":149500.0,"r":149400.0,"q":2.7,"p":3000.0,"mot":"U","mo":149400.0},{"cn":"","ui":"","t":0.0,"r":0.0,"q":0.0,"p":0.0,"mot":"L","mo":0.0}]},{"d":"10.03.2017","r":224200.0,"q":2.65,"p":1810.44,"s":[{"cn":"MewGull International","ui":"4266725","t":3150738.0,"r":2366500.0,"q":2.53,"p":300.0,"mot":"L","mo":25000.0},{"cn":"JP in one","ui":"4508570","t":199300.0,"r":199200.0,"q":2.67,"p":2000.0,"mot":"U","mo":199200.0},{"cn":"","ui":"","t":0.0,"r":0.0,"q":0.0,"p":0.0,"mot":"L","mo":0.0}]},{"d":"11.03.2017","r":249100.0,"q":2.64,"p":1739.42,"s":[{"cn":"MewGull International","ui":"4266725","t":2366500.0,"r":1582262.0,"q":2.53,"p":300.0,"mot":"L","mo":25000.0},{"cn":"JP in one","ui":"4508570","t":224200.0,"r":224100.0,"q":2.65,"p":1900.0,"mot":"U","mo":224100.0},{"cn":"","ui":"","t":0.0,"r":0.0,"q":0.0,"p":0.0,"mot":"L","mo":0.0}]},{"d":"12.03.2017","r":274000.0,"q":2.63,"p":1754.01,"s":[{"cn":"MewGull International","ui":"4266725","t":1582262.0,"r":798024.0,"q":2.53,"p":300.0,"mot":"L","mo":25000.0},{"cn":"JP in one","ui":"4508570","t":249100.0,"r":249000.0,"q":2.64,"p":1900.0,"mot":"U","mo":249000.0},{"cn":"","ui":"","t":0.0,"r":0.0,"q":0.0,"p":0.0,"mot":"L","mo":0.0}]},{"d":"13.03.2017","r":273900.0,"q":2.63,"p":1900.0,"s":[{"cn":"JP in one","ui":"4508570","t":274000.0,"r":273900.0,"q":2.63,"p":1900.0,"mot":"U","mo":273900.0},{"cn":"","ui":"","t":0.0,"r":0.0,"q":0.0,"p":0.0,"mot":"L","mo":0.0}]},{"d":"14.03.2017","r":258800.0,"q":2.62,"p":1900.0,"s":[{"cn":"JP in one","ui":"4508570","t":278900.0,"r":258800.0,"q":2.62,"p":1900.0,"mot":"U","mo":258800.0},{"cn":"","ui":"","t":0.0,"r":0.0,"q":0.0,"p":0.0,"mot":"L","mo":0.0}]},{"d":"15.03.2017","r":198700.0,"q":2.62,"p":1900.0,"s":[{"cn":"JP in one","ui":"4508570","t":238800.0,"r":198700.0,"q":2.62,"p":1900.0,"mot":"U","mo":198700.0},{"cn":"","ui":"","t":0.0,"r":0.0,"q":0.0,"p":0.0,"mot":"L","mo":0.0}]},{"d":"16.03.2017","r":238600.0,"q":2.62,"p":1900.0,"s":[{"cn":"JP in one","ui":"4508570","t":238700.0,"r":238600.0,"q":2.62,"p":1900.0,"mot":"U","mo":238600.0},{"cn":"","ui":"","t":0.0,"r":0.0,"q":0.0,"p":0.0,"mot":"L","mo":0.0}]},{"d":"17.03.2017","r":238500.0,"q":2.62,"p":1900.0,"s":[{"cn":"JP in one","ui":"4508570","t":238600.0,"r":238500.0,"q":2.62,"p":1900.0,"mot":"U","mo":238500.0},{"cn":"","ui":"","t":0.0,"r":0.0,"q":0.0,"p":0.0,"mot":"L","mo":0.0}]},{"d":"18.03.2017","r":238400.0,"q":2.62,"p":1900.0,"s":[{"cn":"JP in one","ui":"4508570","t":238500.0,"r":238400.0,"q":2.62,"p":1900.0,"mot":"U","mo":238400.0},{"cn":"","ui":"","t":0.0,"r":0.0,"q":0.0,"p":0.0,"mot":"L","mo":0.0}]},{"d":"20.03.2017","r":25000.0,"q":2.53,"p":10000.0,"s":[{"cn":"N-Industries","ui":"4137213","t":25000.0,"r":25000.0,"q":2.53,"p":10000.0,"mot":"U","mo":25000.0},{"cn":"","ui":"","t":0.0,"r":0.0,"q":0.0,"p":0.0,"mot":"L","mo":0.0}]},{"d":"26.03.2017","r":25000.0,"q":2.53,"p":5000.0,"s":[{"cn":"N-Industries","ui":"4137213","t":25000.0,"r":25000.0,"q":2.53,"p":5000.0,"mot":"U","mo":25000.0},{"cn":"","ui":"","t":0.0,"r":0.0,"q":0.0,"p":0.0,"mot":"L","mo":0.0}]},{"d":"28.03.2017","r":25000.0,"q":2.53,"p":3000.0,"s":[{"cn":"N-Industries","ui":"4137213","t":25000.0,"r":25000.0,"q":2.53,"p":3000.0,"mot":"U","mo":25000.0},{"cn":"","ui":"","t":0.0,"r":0.0,"q":0.0,"p":0.0,"mot":"L","mo":0.0}]},{"d":"29.03.2017","r":25000.0,"q":2.53,"p":4000.0,"s":[{"cn":"N-Industries","ui":"4137213","t":25000.0,"r":25000.0,"q":2.53,"p":4000.0,"mot":"U","mo":25000.0},{"cn":"","ui":"","t":0.0,"r":0.0,"q":0.0,"p":0.0,"mot":"L","mo":0.0}]},{"d":"02.04.2017","r":537015.0,"q":3.2,"p":5000.0,"s":[{"cn":"high tech LLC","ui":"4133735","t":537015.0,"r":537015.0,"q":3.2,"p":5000.0,"mot":"U","mo":537015.0},{"cn":"","ui":"","t":0.0,"r":0.0,"q":0.0,"p":0.0,"mot":"L","mo":0.0}]},{"d":"10.04.2017","r":510215.0,"q":3.2,"p":5000.0,"s":[{"cn":"high tech LLC","ui":"4133735","t":523615.0,"r":510215.0,"q":3.2,"p":5000.0,"mot":"U","mo":510215.0},{"cn":"","ui":"","t":0.0,"r":0.0,"q":0.0,"p":0.0,"mot":"L","mo":0.0}]},{"d":"11.04.2017","r":496815.0,"q":3.2,"p":5000.0,"s":[{"cn":"high tech LLC","ui":"4133735","t":510215.0,"r":496815.0,"q":3.2,"p":5000.0,"mot":"U","mo":496815.0},{"cn":"","ui":"","t":0.0,"r":0.0,"q":0.0,"p":0.0,"mot":"L","mo":0.0}]},{"d":"12.04.2017","r":483415.0,"q":3.2,"p":5000.0,"s":[{"cn":"high tech LLC","ui":"4133735","t":496815.0,"r":483415.0,"q":3.2,"p":5000.0,"mot":"U","mo":483415.0},{"cn":"","ui":"","t":0.0,"r":0.0,"q":0.0,"p":0.0,"mot":"L","mo":0.0}]},{"d":"13.04.2017","r":470015.0,"q":3.2,"p":5000.0,"s":[{"cn":"high tech LLC","ui":"4133735","t":483415.0,"r":470015.0,"q":3.2,"p":5000.0,"mot":"U","mo":470015.0},{"cn":"","ui":"","t":0.0,"r":0.0,"q":0.0,"p":0.0,"mot":"L","mo":0.0}]},{"d":"14.04.2017","r":6063329.0,"q":3.87,"p":3150.62,"s":[{"cn":"high tech LLC","ui":"4133735","t":470015.0,"r":456615.0,"q":3.2,"p":5000.0,"mot":"U","mo":456615.0},{"cn":"Dark Forest","ui":"4359119","t":5606714.0,"r":5606714.0,"q":3.92,"p":3000.0,"mot":"U","mo":5606714.0},{"cn":"","ui":"","t":0.0,"r":0.0,"q":0.0,"p":0.0,"mot":"L","mo":0.0}]},{"d":"15.04.2017","r":5579914.0,"q":3.92,"p":3000.0,"s":[{"cn":"Dark Forest","ui":"4359119","t":5593314.0,"r":5579914.0,"q":3.92,"p":3000.0,"mot":"U","mo":5579914.0},{"cn":"","ui":"","t":0.0,"r":0.0,"q":0.0,"p":0.0,"mot":"L","mo":0.0}]},{"d":"16.04.2017","r":5566514.0,"q":3.92,"p":3000.0,"s":[{"cn":"Dark Forest","ui":"4359119","t":5579914.0,"r":5566514.0,"q":3.92,"p":3000.0,"mot":"U","mo":5566514.0},{"cn":"","ui":"","t":0.0,"r":0.0,"q":0.0,"p":0.0,"mot":"L","mo":0.0}]},{"d":"17.04.2017","r":5553114.0,"q":3.92,"p":3000.0,"s":[{"cn":"Dark Forest","ui":"4359119","t":5566514.0,"r":5553114.0,"q":3.92,"p":3000.0,"mot":"U","mo":5553114.0},{"cn":"","ui":"","t":0.0,"r":0.0,"q":0.0,"p":0.0,"mot":"L","mo":0.0}]},{"d":"18.04.2017","r":5539714.0,"q":3.92,"p":3000.0,"s":[{"cn":"Dark Forest","ui":"4359119","t":5553114.0,"r":5539714.0,"q":3.92,"p":3000.0,"mot":"U","mo":5539714.0},{"cn":"","ui":"","t":0.0,"r":0.0,"q":0.0,"p":0.0,"mot":"L","mo":0.0}]},{"d":"19.04.2017","r":5526314.0,"q":3.92,"p":3000.0,"s":[{"cn":"Dark Forest","ui":"4359119","t":5539714.0,"r":5526314.0,"q":3.92,"p":3000.0,"mot":"U","mo":5526314.0},{"cn":"","ui":"","t":0.0,"r":0.0,"q":0.0,"p":0.0,"mot":"L","mo":0.0}]},{"d":"21.04.2017","r":5499514.0,"q":3.92,"p":3000.0,"s":[{"cn":"Dark Forest","ui":"4359119","t":5512914.0,"r":5499514.0,"q":3.92,"p":3000.0,"mot":"U","mo":5499514.0},{"cn":"","ui":"","t":0.0,"r":0.0,"q":0.0,"p":0.0,"mot":"L","mo":0.0}]},{"d":"22.04.2017","r":5486114.0,"q":3.92,"p":3000.0,"s":[{"cn":"Dark Forest","ui":"4359119","t":5499514.0,"r":5486114.0,"q":3.92,"p":3000.0,"mot":"U","mo":5486114.0},{"cn":"","ui":"","t":0.0,"r":0.0,"q":0.0,"p":0.0,"mot":"L","mo":0.0}]},{"d":"23.04.2017","r":6260941.0,"q":4.0,"p":2660.52,"s":[{"cn":"Accelevation","ui":"4091811","t":758427.0,"r":758227.0,"q":4.6,"p":299.0,"mot":"U","mo":758227.0},{"cn":"Dark Forest","ui":"4359119","t":5486114.0,"r":5472714.0,"q":3.92,"p":3000.0,"mot":"U","mo":5472714.0},{"cn":"","ui":"","t":913645.0,"r":30000.0,"q":2.51,"p":416.67,"mot":"L","mo":30000.0}]},{"d":"24.04.2017","r":6389774.0,"q":3.96,"p":2742.82,"s":[{"cn":"Accelevation","ui":"4091811","t":794432.0,"r":572010.0,"q":4.6,"p":299.0,"mot":"U","mo":572010.0},{"cn":"Dark Forest","ui":"4359119","t":5747264.0,"r":5733864.0,"q":3.92,"p":3000.0,"mot":"U","mo":5733864.0},{"cn":"","ui":"","t":1083818.0,"r":83900.0,"q":2.37,"p":1827.77,"mot":"L","mo":83900.0}]},{"d":"26.04.2017","r":6951311.0,"q":3.83,"p":3085.02,"s":[{"cn":"high tech LLC","ui":"4133735","t":470015.0,"r":470015.0,"q":3.2,"p":5000.0,"mot":"U","mo":470015.0},{"cn":"Dark Forest","ui":"4359119","t":6297596.0,"r":6297596.0,"q":3.93,"p":3000.0,"mot":"U","mo":6297596.0},{"cn":"","ui":"","t":1358325.0,"r":183700.0,"q":2.18,"p":1099.89,"mot":"L","mo":183700.0}]},{"d":"27.04.2017","r":7301377.0,"q":3.82,"p":3075.76,"s":[{"cn":"high tech LLC","ui":"4133735","t":495015.0,"r":495015.0,"q":3.13,"p":5000.0,"mot":"U","mo":495015.0},{"cn":"Dark Forest","ui":"4359119","t":6572762.0,"r":6572762.0,"q":3.93,"p":3000.0,"mot":"U","mo":6572762.0},{"cn":"","ui":"","t":1246860.0,"r":233600.0,"q":2.13,"p":1129.71,"mot":"L","mo":233600.0}]},{"d":"28.04.2017","r":1.0694326E7,"q":4.48,"p":3179.83,"s":[{"cn":"carthago","ui":"4334000","t":5348498.0,"r":3846398.0,"q":5.46,"p":3500.0,"mot":"U","mo":3846398.0},{"cn":"Dark Forest","ui":"4359119","t":6847928.0,"r":6847928.0,"q":3.93,"p":3000.0,"mot":"U","mo":6847928.0},{"cn":"","ui":"","t":0.0,"r":0.0,"q":0.0,"p":0.0,"mot":"L","mo":0.0}]},{"d":"29.04.2017","r":1.0937118E7,"q":4.44,"p":3174.36,"s":[{"cn":"carthago","ui":"4334000","t":5316124.0,"r":3814024.0,"q":5.39,"p":3500.0,"mot":"U","mo":3814024.0},{"cn":"Dark Forest","ui":"4359119","t":7123094.0,"r":7123094.0,"q":3.93,"p":3000.0,"mot":"U","mo":7123094.0},{"cn":"","ui":"","t":0.0,"r":0.0,"q":0.0,"p":0.0,"mot":"L","mo":0.0}]},{"d":"01.05.2017","r":1.1404355E7,"q":4.38,"p":3163.91,"s":[{"cn":"carthago","ui":"4334000","t":5240673.0,"r":3738573.0,"q":5.3,"p":3500.0,"mot":"U","mo":3738573.0},{"cn":"Dark Forest","ui":"4359119","t":7665792.0,"r":7665782.0,"q":3.93,"p":3000.0,"mot":"U","mo":7665782.0},{"cn":"","ui":"","t":0.0,"r":0.0,"q":0.0,"p":0.0,"mot":"L","mo":0.0}]},{"d":"02.05.2017","r":1.1827656E7,"q":4.36,"p":3164.68,"s":[{"cn":"carthago","ui":"4334000","t":5397635.0,"r":3895535.0,"q":5.23,"p":3500.0,"mot":"U","mo":3895535.0},{"cn":"Dark Forest","ui":"4359119","t":7932131.0,"r":7932121.0,"q":3.93,"p":3000.0,"mot":"U","mo":7932121.0},{"cn":"","ui":"","t":0.0,"r":0.0,"q":0.0,"p":0.0,"mot":"L","mo":0.0}]},{"d":"03.05.2017","r":1.0364435E7,"q":4.23,"p":3117.34,"s":[{"cn":"carthago","ui":"4334000","t":3934424.0,"r":2432324.0,"q":5.2,"p":3500.0,"mot":"U","mo":2432324.0},{"cn":"Dark Forest","ui":"4359119","t":7932121.0,"r":7932111.0,"q":3.93,"p":3000.0,"mot":"U","mo":7932111.0},{"cn":"","ui":"","t":0.0,"r":0.0,"q":0.0,"p":0.0,"mot":"L","mo":0.0}]},{"d":"04.05.2017","r":8866825.0,"q":4.06,"p":3052.74,"s":[{"cn":"carthago","ui":"4334000","t":2437324.0,"r":935224.0,"q":5.19,"p":3500.0,"mot":"U","mo":935224.0},{"cn":"Dark Forest","ui":"4359119","t":7932111.0,"r":7931601.0,"q":3.93,"p":3000.0,"mot":"U","mo":7931601.0},{"cn":"","ui":"","t":0.0,"r":0.0,"q":0.0,"p":0.0,"mot":"L","mo":0.0}]},{"d":"06.05.2017","r":7756385.0,"q":3.93,"p":3000.01,"s":[{"cn":"Dark Forest","ui":"4359119","t":7844188.0,"r":7756325.0,"q":3.93,"p":3000.0,"mot":"U","mo":7756325.0},{"cn":"","ui":"","t":60.0,"r":60.0,"q":3.93,"p":4000.0,"mot":"L","mo":60.0}]},{"d":"08.05.2017","r":7580679.0,"q":3.93,"p":3000.01,"s":[{"cn":"Dark Forest","ui":"4359119","t":7668462.0,"r":7580599.0,"q":3.93,"p":3000.0,"mot":"U","mo":7580599.0},{"cn":"","ui":"","t":80.0,"r":80.0,"q":3.93,"p":4000.0,"mot":"L","mo":80.0}]},{"d":"09.05.2017","r":7492826.0,"q":3.93,"p":3000.01,"s":[{"cn":"Dark Forest","ui":"4359119","t":7580599.0,"r":7492736.0,"q":3.93,"p":3000.0,"mot":"U","mo":7492736.0},{"cn":"","ui":"","t":90.0,"r":90.0,"q":3.93,"p":4000.0,"mot":"L","mo":90.0}]},{"d":"10.05.2017","r":7405053.0,"q":3.93,"p":3000.01,"s":[{"cn":"Dark Forest","ui":"4359119","t":7492776.0,"r":7404953.0,"q":3.93,"p":3000.0,"mot":"U","mo":7404953.0},{"cn":"","ui":"","t":100.0,"r":100.0,"q":3.93,"p":4000.0,"mot":"L","mo":100.0}]},{"d":"11.05.2017","r":6317240.0,"q":3.93,"p":3000.02,"s":[{"cn":"Dark Forest","ui":"4359119","t":6404953.0,"r":6317130.0,"q":3.93,"p":3000.0,"mot":"U","mo":6317130.0},{"cn":"","ui":"","t":110.0,"r":110.0,"q":3.93,"p":4000.0,"mot":"L","mo":110.0}]},{"d":"12.05.2017","r":6229427.0,"q":3.93,"p":3000.02,"s":[{"cn":"Dark Forest","ui":"4359119","t":6317130.0,"r":6229307.0,"q":3.93,"p":3000.0,"mot":"U","mo":6229307.0},{"cn":"","ui":"","t":120.0,"r":120.0,"q":3.93,"p":4000.0,"mot":"L","mo":120.0}]},{"d":"13.05.2017","r":6141614.0,"q":3.93,"p":3000.02,"s":[{"cn":"Dark Forest","ui":"4359119","t":6229307.0,"r":6141484.0,"q":3.93,"p":3000.0,"mot":"U","mo":6141484.0},{"cn":"","ui":"","t":130.0,"r":130.0,"q":3.93,"p":4000.0,"mot":"L","mo":130.0}]},{"d":"14.05.2017","r":6053801.0,"q":3.93,"p":3000.02,"s":[{"cn":"Dark Forest","ui":"4359119","t":6141484.0,"r":6053661.0,"q":3.93,"p":3000.0,"mot":"U","mo":6053661.0},{"cn":"","ui":"","t":140.0,"r":140.0,"q":3.93,"p":4000.0,"mot":"L","mo":140.0}]},{"d":"15.05.2017","r":5965988.0,"q":3.93,"p":3000.03,"s":[{"cn":"Dark Forest","ui":"4359119","t":6053661.0,"r":5965838.0,"q":3.93,"p":3000.0,"mot":"U","mo":5965838.0},{"cn":"","ui":"","t":150.0,"r":150.0,"q":3.93,"p":4000.0,"mot":"L","mo":150.0}]},{"d":"16.05.2017","r":5878175.0,"q":3.93,"p":3000.03,"s":[{"cn":"Dark Forest","ui":"4359119","t":5965838.0,"r":5878015.0,"q":3.93,"p":3000.0,"mot":"U","mo":5878015.0},{"cn":"","ui":"","t":160.0,"r":160.0,"q":3.93,"p":4000.0,"mot":"L","mo":160.0}]},{"d":"17.05.2017","r":5790362.0,"q":3.93,"p":3000.03,"s":[{"cn":"Dark Forest","ui":"4359119","t":5878015.0,"r":5790192.0,"q":3.93,"p":3000.0,"mot":"U","mo":5790192.0},{"cn":"","ui":"","t":170.0,"r":170.0,"q":3.93,"p":4000.0,"mot":"L","mo":170.0}]},{"d":"18.05.2017","r":5702549.0,"q":3.93,"p":3000.03,"s":[{"cn":"Dark Forest","ui":"4359119","t":5790192.0,"r":5702369.0,"q":3.93,"p":3000.0,"mot":"U","mo":5702369.0},{"cn":"","ui":"","t":180.0,"r":180.0,"q":3.93,"p":4000.0,"mot":"L","mo":180.0}]},{"d":"19.05.2017","r":5614736.0,"q":3.93,"p":3000.03,"s":[{"cn":"Dark Forest","ui":"4359119","t":5702369.0,"r":5614546.0,"q":3.93,"p":3000.0,"mot":"U","mo":5614546.0},{"cn":"","ui":"","t":190.0,"r":190.0,"q":3.93,"p":4000.0,"mot":"L","mo":190.0}]},{"d":"20.05.2017","r":5526923.0,"q":3.93,"p":3000.04,"s":[{"cn":"Dark Forest","ui":"4359119","t":5614546.0,"r":5526723.0,"q":3.93,"p":3000.0,"mot":"U","mo":5526723.0},{"cn":"","ui":"","t":200.0,"r":200.0,"q":3.93,"p":4000.0,"mot":"L","mo":200.0}]},{"d":"21.05.2017","r":5439110.0,"q":3.93,"p":3000.04,"s":[{"cn":"Dark Forest","ui":"4359119","t":5526723.0,"r":5438900.0,"q":3.93,"p":3000.0,"mot":"U","mo":5438900.0},{"cn":"","ui":"","t":210.0,"r":210.0,"q":3.93,"p":4000.0,"mot":"L","mo":210.0}]},{"d":"22.05.2017","r":5176903.0,"q":3.93,"p":3000.04,"s":[{"cn":"Dark Forest","ui":"4359119","t":5351703.0,"r":5176683.0,"q":3.93,"p":3000.0,"mot":"U","mo":5176683.0},{"cn":"","ui":"","t":220.0,"r":220.0,"q":3.93,"p":4000.0,"mot":"L","mo":220.0}]},{"d":"23.05.2017","r":5001893.0,"q":3.93,"p":3000.05,"s":[{"cn":"Dark Forest","ui":"4359119","t":5176683.0,"r":5001663.0,"q":3.93,"p":3000.0,"mot":"U","mo":5001663.0},{"cn":"","ui":"","t":230.0,"r":230.0,"q":3.93,"p":4000.0,"mot":"L","mo":230.0}]},{"d":"24.05.2017","r":4826883.0,"q":3.93,"p":3000.05,"s":[{"cn":"Dark Forest","ui":"4359119","t":5001663.0,"r":4826643.0,"q":3.93,"p":3000.0,"mot":"U","mo":4826643.0},{"cn":"","ui":"","t":240.0,"r":240.0,"q":3.93,"p":4000.0,"mot":"L","mo":240.0}]},{"d":"25.05.2017","r":4651873.0,"q":3.93,"p":3000.05,"s":[{"cn":"Dark Forest","ui":"4359119","t":4826643.0,"r":4651623.0,"q":3.93,"p":3000.0,"mot":"U","mo":4651623.0},{"cn":"","ui":"","t":250.0,"r":250.0,"q":3.93,"p":4000.0,"mot":"L","mo":250.0}]},{"d":"26.05.2017","r":4476863.0,"q":3.93,"p":3000.06,"s":[{"cn":"Dark Forest","ui":"4359119","t":4651623.0,"r":4476603.0,"q":3.93,"p":3000.0,"mot":"U","mo":4476603.0},{"cn":"","ui":"","t":260.0,"r":260.0,"q":3.93,"p":4000.0,"mot":"L","mo":260.0}]},{"d":"27.05.2017","r":4301853.0,"q":3.93,"p":3000.06,"s":[{"cn":"Dark Forest","ui":"4359119","t":4476603.0,"r":4301583.0,"q":3.93,"p":3000.0,"mot":"U","mo":4301583.0},{"cn":"","ui":"","t":270.0,"r":270.0,"q":3.93,"p":4000.0,"mot":"L","mo":270.0}]},{"d":"28.05.2017","r":7577727.0,"q":4.03,"p":3910.83,"s":[{"cn":"Egg-Roll International","ui":"4063107","t":3450884.0,"r":3450884.0,"q":4.15,"p":5000.0,"mot":"U","mo":3450884.0},{"cn":"Dark Forest","ui":"4359119","t":4301583.0,"r":4126563.0,"q":3.93,"p":3000.0,"mot":"U","mo":4126563.0},{"cn":"","ui":"","t":280.0,"r":280.0,"q":3.93,"p":4000.0,"mot":"L","mo":280.0}]},{"d":"29.05.2017","r":7922730.0,"q":3.97,"p":4002.44,"s":[{"cn":"Egg-Roll International","ui":"4063107","t":3450883.0,"r":3450882.0,"q":4.15,"p":5000.0,"mot":"U","mo":3450882.0},{"cn":"high tech LLC","ui":"4133735","t":520015.0,"r":520015.0,"q":3.07,"p":5000.0,"mot":"U","mo":520015.0},{"cn":"Dark Forest","ui":"4359119","t":4126563.0,"r":3951543.0,"q":3.93,"p":3000.0,"mot":"U","mo":3951543.0},{"cn":"","ui":"","t":290.0,"r":290.0,"q":3.93,"p":4000.0,"mot":"L","mo":290.0}]}]