[{"pi":"15334","pc":"Одежда и обувь","ss":10000,"td":"Центр города","dc":3,"n":322.47,"vc":"более 10 000","sl":"Высокий","sv":"около 5 000","p":500.0,"q":5.0,"b":0.0,"wi":0.63,"ei":8.09,"as":613.51,"mi":"E","mv":199471,"sc":1,"lpe":97.49,"lpr":362.18,"lq":1.0},{"pi":"15334","pc":"Одежда и обувь","ss":10000,"td":"Центр города","dc":3,"n":322.47,"vc":"более 10 000","sl":"Высокий","sv":"около 5 000","p":500.0,"q":5.0,"b":0.0,"wi":0.63,"ei":8.09,"as":613.51,"mi":"E","mv":199471,"sc":1,"lpe":97.49,"lpr":362.18,"lq":1.0},{"pi":"15334","pc":"Одежда и обувь","ss":10000,"td":"Центр города","dc":3,"n":322.47,"vc":"более 10 000","sl":"Высокий","sv":"около 5 000","p":500.0,"q":5.0,"b":0.0,"wi":0.63,"ei":8.09,"as":613.51,"mi":"E","mv":199471,"sc":1,"lpe":97.49,"lpr":362.18,"lq":1.0},{"pi":"15334","pc":"Одежда и обувь","ss":10000,"td":"Центр города","dc":3,"n":322.47,"vc":"более 10 000","sl":"Высокий","sv":"около 5 000","p":500.0,"q":5.0,"b":0.0,"wi":0.63,"ei":8.09,"as":613.51,"mi":"E","mv":199471,"sc":1,"lpe":97.49,"lpr":362.18,"lq":1.0},{"pi":"15334","pc":"Одежда и обувь","ss":10000,"td":"Центр города","dc":3,"n":322.47,"vc":"более 10 000","sl":"Высокий","sv":"около 5 000","p":500.0,"q":5.0,"b":0.0,"wi":0.63,"ei":8.09,"as":613.51,"mi":"E","mv":199471,"sc":1,"lpe":97.49,"lpr":362.18,"lq":1.0},{"pi":"15334","pc":"Одежда и обувь","ss":10000,"td":"Центр города","dc":3,"n":322.47,"vc":"более 10 000","sl":"Высокий","sv":"около 5 000","p":500.0,"q":5.0,"b":0.0,"wi":0.63,"ei":8.09,"as":613.51,"mi":"E","mv":199471,"sc":1,"lpe":97.49,"lpr":362.18,"lq":1.0},{"pi":"15334","pc":"Одежда и обувь","ss":10000,"td":"Центр города","dc":3,"n":322.47,"vc":"более 10 000","sl":"Высокий","sv":"около 5 000","p":500.0,"q":5.0,"b":0.0,"wi":0.63,"ei":8.09,"as":613.51,"mi":"E","mv":199471,"sc":1,"lpe":97.49,"lpr":362.18,"lq":1.0},{"pi":"15334","pc":"Одежда и обувь","ss":10000,"td":"Центр города","dc":3,"n":322.47,"vc":"более 10 000","sl":"Высокий","sv":"около 5 000","p":500.0,"q":5.0,"b":0.0,"wi":0.63,"ei":8.09,"as":613.51,"mi":"E","mv":199471,"sc":1,"lpe":97.49,"lpr":362.18,"lq":1.0},{"pi":"15334","pc":"Одежда и обувь","ss":10000,"td":"Центр города","dc":3,"n":322.47,"vc":"более 10 000","sl":"Высокий","sv":"около 5 000","p":500.0,"q":5.0,"b":0.0,"wi":0.63,"ei":8.09,"as":613.51,"mi":"E","mv":199471,"sc":1,"lpe":97.49,"lpr":362.18,"lq":1.0},{"pi":"15334","pc":"Одежда и обувь","ss":10000,"td":"Центр города","dc":3,"n":322.47,"vc":"более 10 000","sl":"Высокий","sv":"около 5 000","p":500.0,"q":5.0,"b":0.0,"wi":0.63,"ei":8.09,"as":613.51,"mi":"E","mv":199471,"sc":1,"lpe":97.49,"lpr":362.18,"lq":1.0},{"pi":"15334","pc":"Одежда и обувь","ss":10000,"td":"Центр города","dc":3,"n":322.47,"vc":"более 10 000","sl":"Высокий","sv":"около 5 000","p":500.0,"q":5.0,"b":0.0,"wi":0.63,"ei":8.09,"as":613.51,"mi":"E","mv":199471,"sc":1,"lpe":97.49,"lpr":362.18,"lq":1.0},{"pi":"15334","pc":"Одежда и обувь","ss":10000,"td":"Центр города","dc":3,"n":322.47,"vc":"более 10 000","sl":"Высокий","sv":"около 5 000","p":500.0,"q":5.0,"b":0.0,"wi":0.63,"ei":8.09,"as":613.51,"mi":"E","mv":199471,"sc":1,"lpe":97.49,"lpr":362.18,"lq":1.0},{"pi":"15334","pc":"Одежда и обувь","ss":10000,"td":"Центр города","dc":3,"n":322.47,"vc":"более 10 000","sl":"Высокий","sv":"около 5 000","p":500.0,"q":5.0,"b":0.0,"wi":0.63,"ei":8.09,"as":613.51,"mi":"E","mv":199471,"sc":1,"lpe":97.49,"lpr":362.18,"lq":1.0},{"pi":"15334","pc":"Одежда и обувь","ss":10000,"td":"Центр города","dc":3,"n":322.47,"vc":"более 10 000","sl":"Высокий","sv":"около 5 000","p":500.0,"q":5.0,"b":0.0,"wi":0.63,"ei":8.09,"as":613.51,"mi":"E","mv":199471,"sc":1,"lpe":97.49,"lpr":362.18,"lq":1.0},{"pi":"15334","pc":"Одежда и обувь","ss":10000,"td":"Центр города","dc":3,"n":245.93,"vc":"около 5 000","sl":"Нормальный","sv":"около 5 000","p":250.0,"q":5.0,"b":0.0,"wi":0.51,"ei":5.95,"as":458.23,"mi":"E","mv":1126928,"sc":2,"lpe":99.66,"lpr":270.62,"lq":1.0},{"pi":"15334","pc":"Одежда и обувь","ss":10000,"td":"Центр города","dc":3,"n":245.93,"vc":"около 5 000","sl":"Нормальный","sv":"около 5 000","p":250.0,"q":5.0,"b":0.0,"wi":0.51,"ei":5.95,"as":458.23,"mi":"E","mv":1126928,"sc":2,"lpe":99.66,"lpr":270.62,"lq":1.0},{"pi":"15334","pc":"Одежда и обувь","ss":10000,"td":"Центр города","dc":3,"n":245.93,"vc":"около 5 000","sl":"Нормальный","sv":"около 5 000","p":250.0,"q":5.0,"b":0.0,"wi":0.51,"ei":5.95,"as":458.23,"mi":"E","mv":1126928,"sc":2,"lpe":99.66,"lpr":270.62,"lq":1.0},{"pi":"15334","pc":"Одежда и обувь","ss":10000,"td":"Центр города","dc":3,"n":245.93,"vc":"около 5 000","sl":"Нормальный","sv":"около 5 000","p":250.0,"q":5.0,"b":0.0,"wi":0.51,"ei":5.95,"as":458.23,"mi":"E","mv":1126928,"sc":2,"lpe":99.66,"lpr":270.62,"lq":1.0},{"pi":"15334","pc":"Одежда и обувь","ss":10000,"td":"Центр города","dc":3,"n":245.93,"vc":"около 5 000","sl":"Нормальный","sv":"около 5 000","p":250.0,"q":5.0,"b":0.0,"wi":0.51,"ei":5.95,"as":458.23,"mi":"E","mv":1126928,"sc":2,"lpe":99.66,"lpr":270.62,"lq":1.0},{"pi":"15334","pc":"Одежда и обувь","ss":10000,"td":"Центр города","dc":3,"n":245.93,"vc":"около 5 000","sl":"Нормальный","sv":"около 5 000","p":250.0,"q":5.0,"b":0.0,"wi":0.51,"ei":5.95,"as":458.23,"mi":"E","mv":1126928,"sc":2,"lpe":99.66,"lpr":270.62,"lq":1.0},{"pi":"15334","pc":"Одежда и обувь","ss":10000,"td":"Центр города","dc":3,"n":245.93,"vc":"около 5 000","sl":"Нормальный","sv":"около 5 000","p":250.0,"q":5.0,"b":0.0,"wi":0.51,"ei":5.95,"as":458.23,"mi":"E","mv":1126928,"sc":2,"lpe":99.66,"lpr":270.62,"lq":1.0},{"pi":"15334","pc":"Одежда и обувь","ss":10000,"td":"Центр города","dc":3,"n":245.93,"vc":"около 5 000","sl":"Нормальный","sv":"около 5 000","p":250.0,"q":5.0,"b":0.0,"wi":0.51,"ei":5.95,"as":458.23,"mi":"E","mv":1126928,"sc":2,"lpe":99.66,"lpr":270.62,"lq":1.0},{"pi":"15334","pc":"Одежда и обувь","ss":10000,"td":"Центр города","dc":3,"n":245.93,"vc":"около 5 000","sl":"Нормальный","sv":"около 5 000","p":250.0,"q":5.0,"b":0.0,"wi":0.51,"ei":5.95,"as":458.23,"mi":"E","mv":1126928,"sc":2,"lpe":99.66,"lpr":270.62,"lq":1.0},{"pi":"15334","pc":"Одежда и обувь","ss":10000,"td":"Центр города","dc":3,"n":245.93,"vc":"около 5 000","sl":"Нормальный","sv":"около 5 000","p":250.0,"q":5.0,"b":0.0,"wi":0.51,"ei":5.95,"as":458.23,"mi":"E","mv":1126928,"sc":2,"lpe":99.66,"lpr":270.62,"lq":1.0},{"pi":"15334","pc":"Одежда и обувь","ss":10000,"td":"Центр города","dc":3,"n":245.93,"vc":"около 5 000","sl":"Нормальный","sv":"около 5 000","p":250.0,"q":5.0,"b":0.0,"wi":0.51,"ei":5.95,"as":458.23,"mi":"E","mv":1126928,"sc":2,"lpe":99.66,"lpr":270.62,"lq":1.0},{"pi":"15334","pc":"Одежда и обувь","ss":10000,"td":"Центр города","dc":3,"n":245.93,"vc":"около 5 000","sl":"Нормальный","sv":"около 5 000","p":250.0,"q":5.0,"b":0.0,"wi":0.51,"ei":5.95,"as":458.23,"mi":"E","mv":1126928,"sc":2,"lpe":99.66,"lpr":270.62,"lq":1.0},{"pi":"15334","pc":"Одежда и обувь","ss":10000,"td":"Центр города","dc":3,"n":245.93,"vc":"около 5 000","sl":"Нормальный","sv":"около 5 000","p":250.0,"q":5.0,"b":0.0,"wi":0.51,"ei":5.95,"as":458.23,"mi":"E","mv":1126928,"sc":2,"lpe":99.66,"lpr":270.62,"lq":1.0},{"pi":"15334","pc":"Одежда и обувь","ss":10000,"td":"Центр города","dc":3,"n":245.93,"vc":"около 5 000","sl":"Нормальный","sv":"около 5 000","p":250.0,"q":5.0,"b":0.0,"wi":0.51,"ei":5.95,"as":458.23,"mi":"E","mv":1126928,"sc":2,"lpe":99.66,"lpr":270.62,"lq":1.0},{"pi":"15334","pc":"Одежда и обувь","ss":100,"td":"Центр города","dc":1,"n":49.63,"vc":"около 100","sl":"Низкий","sv":"менее 50","p":168.1,"q":1.05,"b":0.0,"wi":0.22,"ei":3.75,"as":254.7,"mi":"E","mv":333064,"sc":1,"lpe":100.0,"lpr":152.3,"lq":1.0},{"pi":"15334","pc":"Одежда и обувь","ss":100,"td":"Центр города","dc":1,"n":49.63,"vc":"около 100","sl":"Низкий","sv":"менее 50","p":168.1,"q":1.05,"b":0.0,"wi":0.22,"ei":3.75,"as":254.7,"mi":"E","mv":333064,"sc":1,"lpe":100.0,"lpr":152.3,"lq":1.0},{"pi":"15334","pc":"Одежда и обувь","ss":100,"td":"Центр города","dc":1,"n":49.63,"vc":"около 100","sl":"Низкий","sv":"менее 50","p":168.1,"q":1.05,"b":0.0,"wi":0.22,"ei":3.75,"as":254.7,"mi":"E","mv":333064,"sc":1,"lpe":100.0,"lpr":152.3,"lq":1.0},{"pi":"15334","pc":"Одежда и обувь","ss":100,"td":"Центр города","dc":1,"n":49.63,"vc":"около 100","sl":"Низкий","sv":"менее 50","p":168.1,"q":1.05,"b":0.0,"wi":0.22,"ei":3.75,"as":254.7,"mi":"E","mv":333064,"sc":1,"lpe":100.0,"lpr":152.3,"lq":1.0},{"pi":"15334","pc":"Одежда и обувь","ss":100,"td":"Спальный район","dc":2,"n":49.5,"vc":"около 50","sl":"Низкий","sv":"менее 50","p":116.0,"q":1.03,"b":0.0,"wi":0.13,"ei":3.31,"as":150.32,"mi":"E","mv":271980,"sc":1,"lpe":100.0,"lpr":112.58,"lq":1.0},{"pi":"15334","pc":"Одежда и обувь","ss":100,"td":"Спальный район","dc":2,"n":49.5,"vc":"около 50","sl":"Низкий","sv":"менее 50","p":116.0,"q":1.03,"b":0.0,"wi":0.13,"ei":3.31,"as":150.32,"mi":"E","mv":271980,"sc":1,"lpe":100.0,"lpr":112.58,"lq":1.0},{"pi":"15334","pc":"Одежда и обувь","ss":100,"td":"Спальный район","dc":2,"n":49.5,"vc":"около 50","sl":"Низкий","sv":"менее 50","p":116.0,"q":1.03,"b":0.0,"wi":0.13,"ei":3.31,"as":150.32,"mi":"E","mv":271980,"sc":1,"lpe":100.0,"lpr":112.58,"lq":1.0},{"pi":"15334","pc":"Одежда и обувь","ss":100,"td":"Спальный район","dc":2,"n":49.5,"vc":"около 50","sl":"Низкий","sv":"менее 50","p":116.0,"q":1.03,"b":0.0,"wi":0.13,"ei":3.31,"as":150.32,"mi":"E","mv":271980,"sc":1,"lpe":100.0,"lpr":112.58,"lq":1.0},{"pi":"15334","pc":"Одежда и обувь","ss":100,"td":"Спальный район","dc":2,"n":49.5,"vc":"около 50","sl":"Низкий","sv":"менее 50","p":116.0,"q":1.03,"b":0.0,"wi":0.13,"ei":3.31,"as":150.32,"mi":"E","mv":271980,"sc":1,"lpe":100.0,"lpr":112.58,"lq":1.0},{"pi":"15334","pc":"Одежда и обувь","ss":100,"td":"Спальный район","dc":1,"n":49.63,"vc":"около 50","sl":"Высокий","sv":"менее 50","p":93.28,"q":1.05,"b":0.0,"wi":0.13,"ei":3.33,"as":108.16,"mi":"E","mv":71200,"sc":1,"lpe":99.98,"lpr":81.65,"lq":1.0},{"pi":"15334","pc":"Одежда и обувь","ss":100,"td":"Спальный район","dc":1,"n":49.63,"vc":"около 50","sl":"Высокий","sv":"менее 50","p":93.28,"q":1.05,"b":0.0,"wi":0.13,"ei":3.33,"as":108.16,"mi":"E","mv":71200,"sc":1,"lpe":99.98,"lpr":81.65,"lq":1.0},{"pi":"15334","pc":"Одежда и обувь","ss":100,"td":"Спальный район","dc":1,"n":49.63,"vc":"около 50","sl":"Высокий","sv":"менее 50","p":93.28,"q":1.05,"b":0.0,"wi":0.13,"ei":3.33,"as":108.16,"mi":"E","mv":71200,"sc":1,"lpe":99.98,"lpr":81.65,"lq":1.0},{"pi":"15334","pc":"Одежда и обувь","ss":100,"td":"Спальный район","dc":1,"n":49.63,"vc":"около 50","sl":"Высокий","sv":"менее 50","p":93.28,"q":1.05,"b":0.0,"wi":0.13,"ei":3.33,"as":108.16,"mi":"E","mv":71200,"sc":1,"lpe":99.98,"lpr":81.65,"lq":1.0},{"pi":"15334","pc":"Одежда и обувь","ss":100,"td":"Центр города","dc":1,"n":49.14,"vc":"более 100","sl":"Низкий","sv":"менее 50","p":130.39,"q":1.05,"b":0.0,"wi":0.17,"ei":4.28,"as":154.36,"mi":"E","mv":326853,"sc":1,"lpe":100.0,"lpr":114.12,"lq":1.0},{"pi":"15334","pc":"Одежда и обувь","ss":100,"td":"Центр города","dc":1,"n":49.14,"vc":"более 100","sl":"Низкий","sv":"менее 50","p":130.39,"q":1.05,"b":0.0,"wi":0.17,"ei":4.28,"as":154.36,"mi":"E","mv":326853,"sc":1,"lpe":100.0,"lpr":114.12,"lq":1.0},{"pi":"15334","pc":"Одежда и обувь","ss":100,"td":"Центр города","dc":1,"n":49.14,"vc":"более 100","sl":"Низкий","sv":"менее 50","p":130.39,"q":1.05,"b":0.0,"wi":0.17,"ei":4.28,"as":154.36,"mi":"E","mv":326853,"sc":1,"lpe":100.0,"lpr":114.12,"lq":1.0},{"pi":"15334","pc":"Одежда и обувь","ss":100,"td":"Центр города","dc":1,"n":49.14,"vc":"более 100","sl":"Низкий","sv":"менее 50","p":130.39,"q":1.05,"b":0.0,"wi":0.17,"ei":4.28,"as":154.36,"mi":"E","mv":326853,"sc":1,"lpe":100.0,"lpr":114.12,"lq":1.0},{"pi":"15334","pc":"Одежда и обувь","ss":100,"td":"Центр города","dc":1,"n":23.09,"vc":"более 100","sl":"Низкий","sv":"менее 50","p":125.0,"q":1.85,"b":0.0,"wi":0.25,"ei":5.21,"as":212.94,"mi":"E","mv":432548,"sc":1,"lpe":100.0,"lpr":145.29,"lq":1.0},{"pi":"15334","pc":"Одежда и обувь","ss":100,"td":"Центр города","dc":1,"n":23.09,"vc":"более 100","sl":"Низкий","sv":"менее 50","p":125.0,"q":1.85,"b":0.0,"wi":0.25,"ei":5.21,"as":212.94,"mi":"E","mv":432548,"sc":1,"lpe":100.0,"lpr":145.29,"lq":1.0},{"pi":"15334","pc":"Одежда и обувь","ss":100,"td":"Центр города","dc":1,"n":23.09,"vc":"более 100","sl":"Низкий","sv":"менее 50","p":125.0,"q":1.85,"b":0.0,"wi":0.25,"ei":5.21,"as":212.94,"mi":"E","mv":432548,"sc":1,"lpe":100.0,"lpr":145.29,"lq":1.0},{"pi":"15334","pc":"Одежда и обувь","ss":100,"td":"Центр города","dc":1,"n":23.09,"vc":"более 100","sl":"Низкий","sv":"менее 50","p":125.0,"q":1.85,"b":0.0,"wi":0.25,"ei":5.21,"as":212.94,"mi":"E","mv":432548,"sc":1,"lpe":100.0,"lpr":145.29,"lq":1.0},{"pi":"15334","pc":"Одежда и обувь","ss":100,"td":"Центр города","dc":1,"n":49.88,"vc":"более 100","sl":"Низкий","sv":"менее 50","p":102.59,"q":1.05,"b":0.0,"wi":0.14,"ei":3.0,"as":122.95,"mi":"E","mv":242552,"sc":1,"lpe":100.0,"lpr":91.91,"lq":1.0},{"pi":"15334","pc":"Одежда и обувь","ss":100,"td":"Центр города","dc":1,"n":49.88,"vc":"более 100","sl":"Низкий","sv":"менее 50","p":102.59,"q":1.05,"b":0.0,"wi":0.14,"ei":3.0,"as":122.95,"mi":"E","mv":242552,"sc":1,"lpe":100.0,"lpr":91.91,"lq":1.0},{"pi":"15334","pc":"Одежда и обувь","ss":100,"td":"Центр города","dc":1,"n":49.88,"vc":"более 100","sl":"Низкий","sv":"менее 50","p":102.59,"q":1.05,"b":0.0,"wi":0.14,"ei":3.0,"as":122.95,"mi":"E","mv":242552,"sc":1,"lpe":100.0,"lpr":91.91,"lq":1.0},{"pi":"15334","pc":"Одежда и обувь","ss":100,"td":"Центр города","dc":1,"n":49.88,"vc":"более 100","sl":"Низкий","sv":"менее 50","p":102.59,"q":1.05,"b":0.0,"wi":0.14,"ei":3.0,"as":122.95,"mi":"E","mv":242552,"sc":1,"lpe":100.0,"lpr":91.91,"lq":1.0},{"pi":"15334","pc":"Одежда и обувь","ss":100,"td":"Центр города","dc":1,"n":48.19,"vc":"более 100","sl":"Низкий","sv":"менее 50","p":116.23,"q":1.05,"b":0.0,"wi":0.17,"ei":3.71,"as":138.79,"mi":"E","mv":361324,"sc":1,"lpe":100.0,"lpr":102.98,"lq":1.0},{"pi":"15334","pc":"Одежда и обувь","ss":100,"td":"Центр города","dc":1,"n":48.19,"vc":"более 100","sl":"Низкий","sv":"менее 50","p":116.23,"q":1.05,"b":0.0,"wi":0.17,"ei":3.71,"as":138.79,"mi":"E","mv":361324,"sc":1,"lpe":100.0,"lpr":102.98,"lq":1.0},{"pi":"15334","pc":"Одежда и обувь","ss":100,"td":"Центр города","dc":1,"n":48.19,"vc":"более 100","sl":"Низкий","sv":"менее 50","p":116.23,"q":1.05,"b":0.0,"wi":0.17,"ei":3.71,"as":138.79,"mi":"E","mv":361324,"sc":1,"lpe":100.0,"lpr":102.98,"lq":1.0},{"pi":"15334","pc":"Одежда и обувь","ss":100,"td":"Центр города","dc":1,"n":48.19,"vc":"более 100","sl":"Низкий","sv":"менее 50","p":116.23,"q":1.05,"b":0.0,"wi":0.17,"ei":3.71,"as":138.79,"mi":"E","mv":361324,"sc":1,"lpe":100.0,"lpr":102.98,"lq":1.0},{"pi":"15334","pc":"Одежда и обувь","ss":10000,"td":"Центр города","dc":3,"n":342.04,"vc":"более 10 000","sl":"Очень высокий","sv":"более 10 000","p":380.0,"q":4.86,"b":0.0,"wi":0.69,"ei":4.1,"as":730.0,"mi":"E","mv":1480623,"sc":5,"lpe":98.86,"lpr":430.51,"lq":1.0},{"pi":"15334","pc":"Одежда и обувь","ss":500,"td":"Спальный район","dc":3,"n":37.07,"vc":"более 300","sl":"Высокий","sv":"более 100","p":300.0,"q":1.0,"b":0.0,"wi":0.69,"ei":4.1,"as":730.0,"mi":"E","mv":1480623,"sc":5,"lpe":98.86,"lpr":430.51,"lq":1.0},{"pi":"15334","pc":"Одежда и обувь","ss":500,"td":"Спальный район","dc":3,"n":75.97,"vc":"более 200","sl":"Высокий","sv":"более 100","p":300.0,"q":1.0,"b":0.0,"wi":0.69,"ei":4.1,"as":730.0,"mi":"E","mv":1480623,"sc":5,"lpe":98.86,"lpr":430.51,"lq":1.0},{"pi":"15334","pc":"Одежда и обувь","ss":10000,"td":"Центр города","dc":3,"n":342.04,"vc":"более 10 000","sl":"Очень высокий","sv":"более 10 000","p":380.0,"q":4.86,"b":0.0,"wi":0.69,"ei":4.1,"as":730.0,"mi":"E","mv":1480623,"sc":5,"lpe":98.86,"lpr":430.51,"lq":1.0},{"pi":"15334","pc":"Одежда и обувь","ss":1000,"td":"Центр города","dc":3,"n":187.54,"vc":"более 2 000","sl":"Нормальный","sv":"более 1 000","p":380.0,"q":5.0,"b":0.0,"wi":0.69,"ei":4.1,"as":730.0,"mi":"E","mv":1480623,"sc":5,"lpe":98.86,"lpr":430.51,"lq":1.0},{"pi":"15334","pc":"Одежда и обувь","ss":500,"td":"Спальный район","dc":3,"n":37.07,"vc":"более 300","sl":"Высокий","sv":"более 100","p":300.0,"q":1.0,"b":0.0,"wi":0.69,"ei":4.1,"as":730.0,"mi":"E","mv":1480623,"sc":5,"lpe":98.86,"lpr":430.51,"lq":1.0},{"pi":"15334","pc":"Одежда и обувь","ss":500,"td":"Спальный район","dc":3,"n":75.97,"vc":"более 200","sl":"Высокий","sv":"более 100","p":300.0,"q":1.0,"b":0.0,"wi":0.69,"ei":4.1,"as":730.0,"mi":"E","mv":1480623,"sc":5,"lpe":98.86,"lpr":430.51,"lq":1.0},{"pi":"15334","pc":"Одежда и обувь","ss":10000,"td":"Центр города","dc":3,"n":342.04,"vc":"более 10 000","sl":"Очень высокий","sv":"более 10 000","p":380.0,"q":4.86,"b":0.0,"wi":0.69,"ei":4.1,"as":730.0,"mi":"E","mv":1480623,"sc":5,"lpe":98.86,"lpr":430.51,"lq":1.0},{"pi":"15334","pc":"Одежда и обувь","ss":1000,"td":"Центр города","dc":3,"n":187.54,"vc":"более 2 000","sl":"Нормальный","sv":"более 1 000","p":380.0,"q":5.0,"b":0.0,"wi":0.69,"ei":4.1,"as":730.0,"mi":"E","mv":1480623,"sc":5,"lpe":98.86,"lpr":430.51,"lq":1.0},{"pi":"15334","pc":"Одежда и обувь","ss":500,"td":"Спальный район","dc":3,"n":37.07,"vc":"более 300","sl":"Высокий","sv":"более 100","p":300.0,"q":1.0,"b":0.0,"wi":0.69,"ei":4.1,"as":730.0,"mi":"E","mv":1480623,"sc":5,"lpe":98.86,"lpr":430.51,"lq":1.0},{"pi":"15334","pc":"Одежда и обувь","ss":500,"td":"Спальный район","dc":3,"n":75.97,"vc":"более 200","sl":"Высокий","sv":"более 100","p":300.0,"q":1.0,"b":0.0,"wi":0.69,"ei":4.1,"as":730.0,"mi":"E","mv":1480623,"sc":5,"lpe":98.86,"lpr":430.51,"lq":1.0},{"pi":"15334","pc":"Одежда и обувь","ss":10000,"td":"Центр города","dc":3,"n":342.04,"vc":"более 10 000","sl":"Очень высокий","sv":"более 10 000","p":380.0,"q":4.86,"b":0.0,"wi":0.69,"ei":4.1,"as":730.0,"mi":"E","mv":1480623,"sc":5,"lpe":98.86,"lpr":430.51,"lq":1.0},{"pi":"15334","pc":"Одежда и обувь","ss":10000,"td":"Центр города","dc":3,"n":342.04,"vc":"более 10 000","sl":"Очень высокий","sv":"более 10 000","p":380.0,"q":4.86,"b":0.0,"wi":0.69,"ei":4.1,"as":730.0,"mi":"E","mv":1480623,"sc":5,"lpe":98.86,"lpr":430.51,"lq":1.0},{"pi":"15334","pc":"Одежда и обувь","ss":500,"td":"Спальный район","dc":3,"n":37.07,"vc":"более 300","sl":"Высокий","sv":"более 100","p":300.0,"q":1.0,"b":0.0,"wi":0.69,"ei":4.1,"as":730.0,"mi":"E","mv":1480623,"sc":5,"lpe":98.86,"lpr":430.51,"lq":1.0},{"pi":"15334","pc":"Одежда и обувь","ss":500,"td":"Спальный район","dc":3,"n":75.97,"vc":"более 200","sl":"Высокий","sv":"более 100","p":300.0,"q":1.0,"b":0.0,"wi":0.69,"ei":4.1,"as":730.0,"mi":"E","mv":1480623,"sc":5,"lpe":98.86,"lpr":430.51,"lq":1.0},{"pi":"15334","pc":"Одежда и обувь","ss":10000,"td":"Центр города","dc":3,"n":342.04,"vc":"более 10 000","sl":"Очень высокий","sv":"более 10 000","p":380.0,"q":4.86,"b":0.0,"wi":0.69,"ei":4.1,"as":730.0,"mi":"E","mv":1480623,"sc":5,"lpe":98.86,"lpr":430.51,"lq":1.0},{"pi":"15334","pc":"Одежда и обувь","ss":1000,"td":"Центр города","dc":3,"n":187.54,"vc":"более 2 000","sl":"Нормальный","sv":"более 1 000","p":380.0,"q":5.0,"b":0.0,"wi":0.69,"ei":4.1,"as":730.0,"mi":"E","mv":1480623,"sc":5,"lpe":98.86,"lpr":430.51,"lq":1.0},{"pi":"15334","pc":"Одежда и обувь","ss":500,"td":"Спальный район","dc":3,"n":75.97,"vc":"более 200","sl":"Высокий","sv":"более 100","p":300.0,"q":1.0,"b":0.0,"wi":0.69,"ei":4.1,"as":730.0,"mi":"E","mv":1480623,"sc":5,"lpe":98.86,"lpr":430.51,"lq":1.0},{"pi":"15334","pc":"Одежда и обувь","ss":500,"td":"Спальный район","dc":3,"n":37.07,"vc":"более 300","sl":"Высокий","sv":"более 100","p":300.0,"q":1.0,"b":0.0,"wi":0.69,"ei":4.1,"as":730.0,"mi":"E","mv":1480623,"sc":5,"lpe":98.86,"lpr":430.51,"lq":1.0},{"pi":"15334","pc":"Одежда и обувь","ss":10000,"td":"Центр города","dc":3,"n":342.04,"vc":"более 10 000","sl":"Очень высокий","sv":"более 10 000","p":380.0,"q":4.86,"b":0.0,"wi":0.69,"ei":4.1,"as":730.0,"mi":"E","mv":1480623,"sc":5,"lpe":98.86,"lpr":430.51,"lq":1.0},{"pi":"15334","pc":"Одежда и обувь","ss":500,"td":"Спальный район","dc":3,"n":37.07,"vc":"более 300","sl":"Высокий","sv":"более 100","p":300.0,"q":1.0,"b":0.0,"wi":0.69,"ei":4.1,"as":730.0,"mi":"E","mv":1480623,"sc":5,"lpe":98.86,"lpr":430.51,"lq":1.0},{"pi":"15334","pc":"Одежда и обувь","ss":500,"td":"Спальный район","dc":3,"n":75.97,"vc":"более 200","sl":"Высокий","sv":"более 100","p":300.0,"q":1.0,"b":0.0,"wi":0.69,"ei":4.1,"as":730.0,"mi":"E","mv":1480623,"sc":5,"lpe":98.86,"lpr":430.51,"lq":1.0},{"pi":"15334","pc":"Одежда и обувь","ss":10000,"td":"Центр города","dc":3,"n":342.04,"vc":"более 10 000","sl":"Очень высокий","sv":"более 10 000","p":380.0,"q":4.86,"b":0.0,"wi":0.69,"ei":4.1,"as":730.0,"mi":"E","mv":1480623,"sc":5,"lpe":98.86,"lpr":430.51,"lq":1.0},{"pi":"15334","pc":"Одежда и обувь","ss":1000,"td":"Центр города","dc":3,"n":187.54,"vc":"более 2 000","sl":"Нормальный","sv":"более 1 000","p":380.0,"q":5.0,"b":0.0,"wi":0.69,"ei":4.1,"as":730.0,"mi":"E","mv":1480623,"sc":5,"lpe":98.86,"lpr":430.51,"lq":1.0},{"pi":"15334","pc":"Одежда и обувь","ss":500,"td":"Спальный район","dc":3,"n":75.97,"vc":"более 200","sl":"Высокий","sv":"более 100","p":300.0,"q":1.0,"b":0.0,"wi":0.69,"ei":4.1,"as":730.0,"mi":"E","mv":1480623,"sc":5,"lpe":98.86,"lpr":430.51,"lq":1.0},{"pi":"15334","pc":"Одежда и обувь","ss":500,"td":"Спальный район","dc":3,"n":37.07,"vc":"более 300","sl":"Высокий","sv":"более 100","p":300.0,"q":1.0,"b":0.0,"wi":0.69,"ei":4.1,"as":730.0,"mi":"E","mv":1480623,"sc":5,"lpe":98.86,"lpr":430.51,"lq":1.0},{"pi":"15334","pc":"Одежда и обувь","ss":10000,"td":"Центр города","dc":3,"n":342.04,"vc":"более 10 000","sl":"Очень высокий","sv":"более 10 000","p":380.0,"q":4.86,"b":0.0,"wi":0.69,"ei":4.1,"as":730.0,"mi":"E","mv":1480623,"sc":5,"lpe":98.86,"lpr":430.51,"lq":1.0},{"pi":"15334","pc":"Одежда и обувь","ss":500,"td":"Спальный район","dc":3,"n":75.97,"vc":"более 200","sl":"Высокий","sv":"более 100","p":300.0,"q":1.0,"b":0.0,"wi":0.69,"ei":4.1,"as":730.0,"mi":"E","mv":1480623,"sc":5,"lpe":98.86,"lpr":430.51,"lq":1.0},{"pi":"15334","pc":"Одежда и обувь","ss":500,"td":"Спальный район","dc":3,"n":37.07,"vc":"более 300","sl":"Высокий","sv":"более 100","p":300.0,"q":1.0,"b":0.0,"wi":0.69,"ei":4.1,"as":730.0,"mi":"E","mv":1480623,"sc":5,"lpe":98.86,"lpr":430.51,"lq":1.0},{"pi":"15334","pc":"Одежда и обувь","ss":10000,"td":"Центр города","dc":3,"n":342.04,"vc":"более 10 000","sl":"Очень высокий","sv":"более 10 000","p":380.0,"q":4.86,"b":0.0,"wi":0.69,"ei":4.1,"as":730.0,"mi":"E","mv":1480623,"sc":5,"lpe":98.86,"lpr":430.51,"lq":1.0},{"pi":"15334","pc":"Одежда и обувь","ss":1000,"td":"Центр города","dc":3,"n":187.54,"vc":"более 2 000","sl":"Нормальный","sv":"более 1 000","p":380.0,"q":5.0,"b":0.0,"wi":0.69,"ei":4.1,"as":730.0,"mi":"E","mv":1480623,"sc":5,"lpe":98.86,"lpr":430.51,"lq":1.0},{"pi":"15334","pc":"Одежда и обувь","ss":500,"td":"Спальный район","dc":3,"n":37.07,"vc":"более 300","sl":"Высокий","sv":"более 100","p":300.0,"q":1.0,"b":0.0,"wi":0.69,"ei":4.1,"as":730.0,"mi":"E","mv":1480623,"sc":5,"lpe":98.86,"lpr":430.51,"lq":1.0},{"pi":"15334","pc":"Одежда и обувь","ss":10000,"td":"Центр города","dc":3,"n":342.04,"vc":"более 10 000","sl":"Очень высокий","sv":"более 10 000","p":380.0,"q":4.86,"b":0.0,"wi":0.69,"ei":4.1,"as":730.0,"mi":"E","mv":1480623,"sc":5,"lpe":98.86,"lpr":430.51,"lq":1.0},{"pi":"15334","pc":"Одежда и обувь","ss":1000,"td":"Центр города","dc":3,"n":187.54,"vc":"более 2 000","sl":"Нормальный","sv":"более 1 000","p":380.0,"q":5.0,"b":0.0,"wi":0.69,"ei":4.1,"as":730.0,"mi":"E","mv":1480623,"sc":5,"lpe":98.86,"lpr":430.51,"lq":1.0},{"pi":"15334","pc":"Одежда и обувь","ss":500,"td":"Спальный район","dc":3,"n":37.07,"vc":"более 300","sl":"Высокий","sv":"более 100","p":300.0,"q":1.0,"b":0.0,"wi":0.69,"ei":4.1,"as":730.0,"mi":"E","mv":1480623,"sc":5,"lpe":98.86,"lpr":430.51,"lq":1.0},{"pi":"15334","pc":"Одежда и обувь","ss":500,"td":"Спальный район","dc":3,"n":75.97,"vc":"более 200","sl":"Высокий","sv":"более 100","p":300.0,"q":1.0,"b":0.0,"wi":0.69,"ei":4.1,"as":730.0,"mi":"E","mv":1480623,"sc":5,"lpe":98.86,"lpr":430.51,"lq":1.0},{"pi":"15334","pc":"Одежда и обувь","ss":10000,"td":"Центр города","dc":3,"n":342.04,"vc":"более 10 000","sl":"Очень высокий","sv":"более 10 000","p":380.0,"q":4.86,"b":0.0,"wi":0.69,"ei":4.1,"as":730.0,"mi":"E","mv":1480623,"sc":5,"lpe":98.86,"lpr":430.51,"lq":1.0},{"pi":"15334","pc":"Одежда и обувь","ss":1000,"td":"Центр города","dc":3,"n":187.54,"vc":"более 2 000","sl":"Нормальный","sv":"более 1 000","p":380.0,"q":5.0,"b":0.0,"wi":0.69,"ei":4.1,"as":730.0,"mi":"E","mv":1480623,"sc":5,"lpe":98.86,"lpr":430.51,"lq":1.0},{"pi":"15334","pc":"Одежда и обувь","ss":500,"td":"Спальный район","dc":3,"n":37.07,"vc":"более 300","sl":"Высокий","sv":"более 100","p":300.0,"q":1.0,"b":0.0,"wi":0.69,"ei":4.1,"as":730.0,"mi":"E","mv":1480623,"sc":5,"lpe":98.86,"lpr":430.51,"lq":1.0},{"pi":"15334","pc":"Одежда и обувь","ss":500,"td":"Спальный район","dc":3,"n":75.97,"vc":"более 200","sl":"Высокий","sv":"более 100","p":300.0,"q":1.0,"b":0.0,"wi":0.69,"ei":4.1,"as":730.0,"mi":"E","mv":1480623,"sc":5,"lpe":98.86,"lpr":430.51,"lq":1.0},{"pi":"15334","pc":"Одежда и обувь","ss":10000,"td":"Центр города","dc":3,"n":342.04,"vc":"более 10 000","sl":"Очень высокий","sv":"более 10 000","p":380.0,"q":4.86,"b":0.0,"wi":0.69,"ei":4.1,"as":730.0,"mi":"E","mv":1480623,"sc":5,"lpe":98.86,"lpr":430.51,"lq":1.0},{"pi":"15334","pc":"Одежда и обувь","ss":500,"td":"Спальный район","dc":3,"n":37.07,"vc":"более 300","sl":"Высокий","sv":"более 100","p":300.0,"q":1.0,"b":0.0,"wi":0.69,"ei":4.1,"as":730.0,"mi":"E","mv":1480623,"sc":5,"lpe":98.86,"lpr":430.51,"lq":1.0},{"pi":"15334","pc":"Одежда и обувь","ss":500,"td":"Спальный район","dc":3,"n":75.97,"vc":"более 200","sl":"Высокий","sv":"более 100","p":300.0,"q":1.0,"b":0.0,"wi":0.69,"ei":4.1,"as":730.0,"mi":"E","mv":1480623,"sc":5,"lpe":98.86,"lpr":430.51,"lq":1.0},{"pi":"15334","pc":"Одежда и обувь","ss":1000,"td":"Центр города","dc":3,"n":187.54,"vc":"более 2 000","sl":"Нормальный","sv":"более 1 000","p":380.0,"q":5.0,"b":0.0,"wi":0.69,"ei":4.1,"as":730.0,"mi":"E","mv":1480623,"sc":5,"lpe":98.86,"lpr":430.51,"lq":1.0},{"pi":"15334","pc":"Одежда и обувь","ss":10000,"td":"Центр города","dc":3,"n":342.04,"vc":"более 10 000","sl":"Очень высокий","sv":"более 10 000","p":380.0,"q":4.86,"b":0.0,"wi":0.69,"ei":4.1,"as":730.0,"mi":"E","mv":1480623,"sc":5,"lpe":98.86,"lpr":430.51,"lq":1.0},{"pi":"15334","pc":"Одежда и обувь","ss":1000,"td":"Центр города","dc":3,"n":187.54,"vc":"более 2 000","sl":"Нормальный","sv":"более 1 000","p":380.0,"q":5.0,"b":0.0,"wi":0.69,"ei":4.1,"as":730.0,"mi":"E","mv":1480623,"sc":5,"lpe":98.86,"lpr":430.51,"lq":1.0},{"pi":"15334","pc":"Одежда и обувь","ss":500,"td":"Спальный район","dc":3,"n":75.97,"vc":"более 200","sl":"Высокий","sv":"более 100","p":300.0,"q":1.0,"b":0.0,"wi":0.69,"ei":4.1,"as":730.0,"mi":"E","mv":1480623,"sc":5,"lpe":98.86,"lpr":430.51,"lq":1.0},{"pi":"15334","pc":"Одежда и обувь","ss":500,"td":"Спальный район","dc":3,"n":37.07,"vc":"более 300","sl":"Высокий","sv":"более 100","p":300.0,"q":1.0,"b":0.0,"wi":0.69,"ei":4.1,"as":730.0,"mi":"E","mv":1480623,"sc":5,"lpe":98.86,"lpr":430.51,"lq":1.0},{"pi":"15334","pc":"Одежда и обувь","ss":100,"td":"Спальный район","dc":1,"n":48.42,"vc":"около 100","sl":"Низкий","sv":"менее 50","p":156.87,"q":1.05,"b":0.0,"wi":0.2,"ei":4.36,"as":208.4,"mi":"E","mv":516857,"sc":1,"lpe":100.0,"lpr":142.62,"lq":1.0},{"pi":"15334","pc":"Одежда и обувь","ss":100,"td":"Спальный район","dc":1,"n":48.42,"vc":"около 100","sl":"Низкий","sv":"менее 50","p":156.87,"q":1.05,"b":0.0,"wi":0.2,"ei":4.36,"as":208.4,"mi":"E","mv":516857,"sc":1,"lpe":100.0,"lpr":142.62,"lq":1.0},{"pi":"15334","pc":"Одежда и обувь","ss":100,"td":"Спальный район","dc":1,"n":48.42,"vc":"около 100","sl":"Низкий","sv":"менее 50","p":156.87,"q":1.05,"b":0.0,"wi":0.2,"ei":4.36,"as":208.4,"mi":"E","mv":516857,"sc":1,"lpe":100.0,"lpr":142.62,"lq":1.0},{"pi":"15334","pc":"Одежда и обувь","ss":100,"td":"Центр города","dc":1,"n":48.19,"vc":"около 50","sl":"Высокий","sv":"менее 50","p":66.92,"q":1.05,"b":0.0,"wi":0.1,"ei":4.01,"as":80.78,"mi":"E","mv":13852,"sc":2,"lpe":99.87,"lpr":59.45,"lq":1.0},{"pi":"15334","pc":"Одежда и обувь","ss":100,"td":"Центр города","dc":1,"n":49.63,"vc":"около 50","sl":"Высокий","sv":"менее 50","p":67.3,"q":1.05,"b":0.0,"wi":0.1,"ei":4.01,"as":80.78,"mi":"E","mv":13852,"sc":2,"lpe":99.87,"lpr":59.45,"lq":1.0},{"pi":"15334","pc":"Одежда и обувь","ss":100,"td":"Центр города","dc":1,"n":49.63,"vc":"около 50","sl":"Высокий","sv":"менее 50","p":67.3,"q":1.05,"b":0.0,"wi":0.1,"ei":4.01,"as":80.78,"mi":"E","mv":13852,"sc":2,"lpe":99.87,"lpr":59.45,"lq":1.0},{"pi":"15334","pc":"Одежда и обувь","ss":100,"td":"Центр города","dc":1,"n":48.19,"vc":"около 50","sl":"Высокий","sv":"менее 50","p":66.92,"q":1.05,"b":0.0,"wi":0.1,"ei":4.01,"as":80.78,"mi":"E","mv":13852,"sc":2,"lpe":99.87,"lpr":59.45,"lq":1.0},{"pi":"15334","pc":"Одежда и обувь","ss":100,"td":"Центр города","dc":1,"n":49.63,"vc":"около 50","sl":"Высокий","sv":"менее 50","p":67.3,"q":1.05,"b":0.0,"wi":0.1,"ei":4.01,"as":80.78,"mi":"E","mv":13852,"sc":2,"lpe":99.87,"lpr":59.45,"lq":1.0},{"pi":"15334","pc":"Одежда и обувь","ss":100,"td":"Центр города","dc":1,"n":48.19,"vc":"около 50","sl":"Высокий","sv":"менее 50","p":66.92,"q":1.05,"b":0.0,"wi":0.1,"ei":4.01,"as":80.78,"mi":"E","mv":13852,"sc":2,"lpe":99.87,"lpr":59.45,"lq":1.0},{"pi":"15334","pc":"Одежда и обувь","ss":100,"td":"Центр города","dc":1,"n":48.19,"vc":"около 50","sl":"Высокий","sv":"менее 50","p":66.92,"q":1.05,"b":0.0,"wi":0.1,"ei":4.01,"as":80.78,"mi":"E","mv":13852,"sc":2,"lpe":99.87,"lpr":59.45,"lq":1.0},{"pi":"15334","pc":"Одежда и обувь","ss":100,"td":"Центр города","dc":1,"n":49.63,"vc":"около 50","sl":"Высокий","sv":"менее 50","p":67.3,"q":1.05,"b":0.0,"wi":0.1,"ei":4.01,"as":80.78,"mi":"E","mv":13852,"sc":2,"lpe":99.87,"lpr":59.45,"lq":1.0},{"pi":"15334","pc":"Одежда и обувь","ss":100,"td":"Спальный район","dc":1,"n":63.56,"vc":"около 100","sl":"Очень низкий","sv":"менее 50","p":149.15,"q":1.05,"b":0.0,"wi":0.25,"ei":4.35,"as":212.23,"mi":"E","mv":91242,"sc":1,"lpe":100.0,"lpr":144.85,"lq":1.0},{"pi":"15334","pc":"Одежда и обувь","ss":100,"td":"Спальный район","dc":1,"n":63.56,"vc":"около 100","sl":"Очень низкий","sv":"менее 50","p":149.15,"q":1.05,"b":0.0,"wi":0.25,"ei":4.35,"as":212.23,"mi":"E","mv":91242,"sc":1,"lpe":100.0,"lpr":144.85,"lq":1.0},{"pi":"15334","pc":"Одежда и обувь","ss":100,"td":"Спальный район","dc":1,"n":63.56,"vc":"около 100","sl":"Очень низкий","sv":"менее 50","p":149.15,"q":1.05,"b":0.0,"wi":0.25,"ei":4.35,"as":212.23,"mi":"E","mv":91242,"sc":1,"lpe":100.0,"lpr":144.85,"lq":1.0},{"pi":"15334","pc":"Одежда и обувь","ss":500,"td":"Спальный район","dc":1,"n":32.79,"vc":"около 50","sl":"Высокий","sv":"менее 50","p":40.77,"q":1.01,"b":0.0,"wi":0.07,"ei":4.34,"as":57.34,"mi":"E","mv":19777,"sc":1,"lpe":99.85,"lpr":43.34,"lq":1.0},{"pi":"15334","pc":"Одежда и обувь","ss":500,"td":"Спальный район","dc":1,"n":32.79,"vc":"около 50","sl":"Высокий","sv":"менее 50","p":40.77,"q":1.01,"b":0.0,"wi":0.07,"ei":4.34,"as":57.34,"mi":"E","mv":19777,"sc":1,"lpe":99.85,"lpr":43.34,"lq":1.0},{"pi":"15334","pc":"Одежда и обувь","ss":1000,"td":"Пригород","dc":1,"n":6.94,"vc":"около 50","sl":"Элитный","sv":"менее 50","p":86.0,"q":1.0,"b":0.0,"wi":0.15,"ei":3.65,"as":118.24,"mi":"E","mv":17584,"sc":1,"lpe":99.84,"lpr":87.27,"lq":1.0},{"pi":"15334","pc":"Одежда и обувь","ss":1000,"td":"Пригород","dc":1,"n":6.94,"vc":"около 50","sl":"Элитный","sv":"менее 50","p":86.0,"q":1.0,"b":0.0,"wi":0.15,"ei":3.65,"as":118.24,"mi":"E","mv":17584,"sc":1,"lpe":99.84,"lpr":87.27,"lq":1.0},{"pi":"15334","pc":"Одежда и обувь","ss":1000,"td":"Пригород","dc":1,"n":6.94,"vc":"около 50","sl":"Элитный","sv":"менее 50","p":86.0,"q":1.0,"b":0.0,"wi":0.15,"ei":3.65,"as":118.24,"mi":"E","mv":17584,"sc":1,"lpe":99.84,"lpr":87.27,"lq":1.0},{"pi":"15334","pc":"Одежда и обувь","ss":100,"td":"Спальный район","dc":1,"n":49.02,"vc":"около 50","sl":"Высокий","sv":"менее 50","p":106.39,"q":1.05,"b":0.0,"wi":0.15,"ei":3.2,"as":132.44,"mi":"E","mv":43696,"sc":1,"lpe":99.97,"lpr":95.48,"lq":1.0},{"pi":"15334","pc":"Одежда и обувь","ss":100,"td":"Спальный район","dc":1,"n":49.02,"vc":"около 50","sl":"Высокий","sv":"менее 50","p":106.39,"q":1.05,"b":0.0,"wi":0.15,"ei":3.2,"as":132.44,"mi":"E","mv":43696,"sc":1,"lpe":99.97,"lpr":95.48,"lq":1.0},{"pi":"15334","pc":"Одежда и обувь","ss":100,"td":"Спальный район","dc":1,"n":49.02,"vc":"около 50","sl":"Высокий","sv":"менее 50","p":106.39,"q":1.05,"b":0.0,"wi":0.15,"ei":3.2,"as":132.44,"mi":"E","mv":43696,"sc":1,"lpe":99.97,"lpr":95.48,"lq":1.0},{"pi":"15334","pc":"Одежда и обувь","ss":100,"td":"Спальный район","dc":1,"n":49.02,"vc":"около 50","sl":"Высокий","sv":"менее 50","p":106.39,"q":1.05,"b":0.0,"wi":0.15,"ei":3.2,"as":132.44,"mi":"E","mv":43696,"sc":1,"lpe":99.97,"lpr":95.48,"lq":1.0}]