[{"pi":"15334","pc":"Одежда и обувь","ss":100,"td":"Центр города","dc":1,"n":47.73,"vc":"более 200","sl":"Очень низкий","sv":"менее 50","p":110.56,"q":1.05,"b":0.0,"wi":0.12,"ei":4.29,"as":136.12,"mi":"E","mv":2450584,"sc":2,"lpe":100.0,"lpr":83.97,"lq":1.0},{"pi":"15334","pc":"Одежда и обувь","ss":500,"td":"Центр города","dc":2,"n":34.25,"vc":"около 500","sl":"Очень низкий","sv":"менее 50","p":70.0,"q":1.04,"b":0.0,"wi":0.12,"ei":4.29,"as":136.12,"mi":"E","mv":2450584,"sc":2,"lpe":100.0,"lpr":83.97,"lq":1.0},{"pi":"15334","pc":"Одежда и обувь","ss":100,"td":"Центр города","dc":1,"n":47.73,"vc":"более 200","sl":"Очень низкий","sv":"менее 50","p":110.56,"q":1.05,"b":0.0,"wi":0.12,"ei":4.29,"as":136.12,"mi":"E","mv":2450584,"sc":2,"lpe":100.0,"lpr":83.97,"lq":1.0},{"pi":"15334","pc":"Одежда и обувь","ss":500,"td":"Центр города","dc":2,"n":34.25,"vc":"около 500","sl":"Очень низкий","sv":"менее 50","p":70.0,"q":1.04,"b":0.0,"wi":0.12,"ei":4.29,"as":136.12,"mi":"E","mv":2450584,"sc":2,"lpe":100.0,"lpr":83.97,"lq":1.0},{"pi":"15334","pc":"Одежда и обувь","ss":500,"td":"Центр города","dc":2,"n":34.25,"vc":"около 500","sl":"Очень низкий","sv":"менее 50","p":70.0,"q":1.04,"b":0.0,"wi":0.12,"ei":4.29,"as":136.12,"mi":"E","mv":2450584,"sc":2,"lpe":100.0,"lpr":83.97,"lq":1.0},{"pi":"15334","pc":"Одежда и обувь","ss":100,"td":"Центр города","dc":1,"n":47.73,"vc":"более 200","sl":"Очень низкий","sv":"менее 50","p":110.56,"q":1.05,"b":0.0,"wi":0.12,"ei":4.29,"as":136.12,"mi":"E","mv":2450584,"sc":2,"lpe":100.0,"lpr":83.97,"lq":1.0},{"pi":"15334","pc":"Одежда и обувь","ss":500,"td":"Центр города","dc":2,"n":34.25,"vc":"около 500","sl":"Очень низкий","sv":"менее 50","p":70.0,"q":1.04,"b":0.0,"wi":0.12,"ei":4.29,"as":136.12,"mi":"E","mv":2450584,"sc":2,"lpe":100.0,"lpr":83.97,"lq":1.0},{"pi":"15334","pc":"Одежда и обувь","ss":100,"td":"Центр города","dc":1,"n":47.73,"vc":"более 200","sl":"Очень низкий","sv":"менее 50","p":110.56,"q":1.05,"b":0.0,"wi":0.12,"ei":4.29,"as":136.12,"mi":"E","mv":2450584,"sc":2,"lpe":100.0,"lpr":83.97,"lq":1.0},{"pi":"15334","pc":"Одежда и обувь","ss":500,"td":"Центр города","dc":2,"n":34.25,"vc":"около 500","sl":"Очень низкий","sv":"менее 50","p":70.0,"q":1.04,"b":0.0,"wi":0.12,"ei":4.29,"as":136.12,"mi":"E","mv":2450584,"sc":2,"lpe":100.0,"lpr":83.97,"lq":1.0},{"pi":"15334","pc":"Одежда и обувь","ss":100,"td":"Центр города","dc":1,"n":46.94,"vc":"около 50","sl":"Высокий","sv":"менее 50","p":105.47,"q":1.05,"b":0.0,"wi":0.15,"ei":4.23,"as":122.35,"mi":"E","mv":25740,"sc":2,"lpe":99.99,"lpr":74.79,"lq":1.0},{"pi":"15334","pc":"Одежда и обувь","ss":100,"td":"Центр города","dc":1,"n":46.94,"vc":"около 50","sl":"Высокий","sv":"менее 50","p":105.47,"q":1.05,"b":0.0,"wi":0.15,"ei":4.23,"as":122.35,"mi":"E","mv":25740,"sc":2,"lpe":99.99,"lpr":74.79,"lq":1.0},{"pi":"15334","pc":"Одежда и обувь","ss":100,"td":"Центр города","dc":1,"n":46.94,"vc":"около 50","sl":"Высокий","sv":"менее 50","p":105.47,"q":1.05,"b":0.0,"wi":0.15,"ei":4.23,"as":122.35,"mi":"E","mv":25740,"sc":2,"lpe":99.99,"lpr":74.79,"lq":1.0},{"pi":"15334","pc":"Одежда и обувь","ss":100,"td":"Центр города","dc":1,"n":45.55,"vc":"около 50","sl":"Высокий","sv":"менее 50","p":92.59,"q":1.05,"b":0.0,"wi":0.15,"ei":4.23,"as":122.35,"mi":"E","mv":25740,"sc":2,"lpe":99.99,"lpr":74.79,"lq":1.0},{"pi":"15334","pc":"Одежда и обувь","ss":500,"td":"Центр города","dc":1,"n":47.54,"vc":"более 100","sl":"Нормальный","sv":"менее 50","p":130.0,"q":5.0,"b":0.0,"wi":0.24,"ei":4.38,"as":210.7,"mi":"E","mv":146446,"sc":2,"lpe":99.98,"lpr":126.93,"lq":1.0},{"pi":"15334","pc":"Одежда и обувь","ss":100,"td":"Центр города","dc":1,"n":48.66,"vc":"около 50","sl":"Нормальный","sv":"менее 50","p":147.93,"q":1.05,"b":0.0,"wi":0.24,"ei":4.38,"as":210.7,"mi":"E","mv":146446,"sc":2,"lpe":99.98,"lpr":126.93,"lq":1.0},{"pi":"15334","pc":"Одежда и обувь","ss":100,"td":"Центр города","dc":1,"n":48.66,"vc":"около 50","sl":"Нормальный","sv":"менее 50","p":147.93,"q":1.05,"b":0.0,"wi":0.24,"ei":4.38,"as":210.7,"mi":"E","mv":146446,"sc":2,"lpe":99.98,"lpr":126.93,"lq":1.0},{"pi":"15334","pc":"Одежда и обувь","ss":500,"td":"Центр города","dc":1,"n":47.54,"vc":"более 100","sl":"Нормальный","sv":"менее 50","p":130.0,"q":5.0,"b":0.0,"wi":0.24,"ei":4.38,"as":210.7,"mi":"E","mv":146446,"sc":2,"lpe":99.98,"lpr":126.93,"lq":1.0},{"pi":"15334","pc":"Одежда и обувь","ss":500,"td":"Центр города","dc":1,"n":47.54,"vc":"более 100","sl":"Нормальный","sv":"менее 50","p":130.0,"q":5.0,"b":0.0,"wi":0.24,"ei":4.38,"as":210.7,"mi":"E","mv":146446,"sc":2,"lpe":99.98,"lpr":126.93,"lq":1.0},{"pi":"15334","pc":"Одежда и обувь","ss":100,"td":"Центр города","dc":1,"n":48.66,"vc":"около 50","sl":"Нормальный","sv":"менее 50","p":147.93,"q":1.05,"b":0.0,"wi":0.24,"ei":4.38,"as":210.7,"mi":"E","mv":146446,"sc":2,"lpe":99.98,"lpr":126.93,"lq":1.0},{"pi":"15334","pc":"Одежда и обувь","ss":500,"td":"Центр города","dc":1,"n":47.54,"vc":"более 100","sl":"Нормальный","sv":"менее 50","p":130.0,"q":5.0,"b":0.0,"wi":0.24,"ei":4.38,"as":210.7,"mi":"E","mv":146446,"sc":2,"lpe":99.98,"lpr":126.93,"lq":1.0},{"pi":"15334","pc":"Одежда и обувь","ss":100,"td":"Центр города","dc":1,"n":48.66,"vc":"около 50","sl":"Нормальный","sv":"менее 50","p":147.93,"q":1.05,"b":0.0,"wi":0.24,"ei":4.38,"as":210.7,"mi":"E","mv":146446,"sc":2,"lpe":99.98,"lpr":126.93,"lq":1.0},{"pi":"15334","pc":"Одежда и обувь","ss":100,"td":"Центр города","dc":1,"n":46.61,"vc":"около 50","sl":"Нормальный","sv":"менее 50","p":108.86,"q":1.05,"b":0.0,"wi":0.15,"ei":3.4,"as":127.44,"mi":"E","mv":71809,"sc":1,"lpe":100.0,"lpr":78.15,"lq":1.0},{"pi":"15334","pc":"Одежда и обувь","ss":100,"td":"Центр города","dc":1,"n":46.61,"vc":"около 50","sl":"Нормальный","sv":"менее 50","p":108.86,"q":1.05,"b":0.0,"wi":0.15,"ei":3.4,"as":127.44,"mi":"E","mv":71809,"sc":1,"lpe":100.0,"lpr":78.15,"lq":1.0},{"pi":"15334","pc":"Одежда и обувь","ss":100,"td":"Центр города","dc":1,"n":46.61,"vc":"около 50","sl":"Нормальный","sv":"менее 50","p":108.86,"q":1.05,"b":0.0,"wi":0.15,"ei":3.4,"as":127.44,"mi":"E","mv":71809,"sc":1,"lpe":100.0,"lpr":78.15,"lq":1.0},{"pi":"15334","pc":"Одежда и обувь","ss":100,"td":"Центр города","dc":1,"n":47.39,"vc":"около 100","sl":"Низкий","sv":"менее 50","p":114.14,"q":1.05,"b":0.0,"wi":0.16,"ei":3.36,"as":145.71,"mi":"E","mv":135146,"sc":1,"lpe":100.0,"lpr":88.43,"lq":1.0},{"pi":"15334","pc":"Одежда и обувь","ss":100,"td":"Центр города","dc":1,"n":47.39,"vc":"около 100","sl":"Низкий","sv":"менее 50","p":114.14,"q":1.05,"b":0.0,"wi":0.16,"ei":3.36,"as":145.71,"mi":"E","mv":135146,"sc":1,"lpe":100.0,"lpr":88.43,"lq":1.0},{"pi":"15334","pc":"Одежда и обувь","ss":100,"td":"Центр города","dc":1,"n":47.39,"vc":"около 100","sl":"Низкий","sv":"менее 50","p":114.14,"q":1.05,"b":0.0,"wi":0.16,"ei":3.36,"as":145.71,"mi":"E","mv":135146,"sc":1,"lpe":100.0,"lpr":88.43,"lq":1.0},{"pi":"15334","pc":"Одежда и обувь","ss":100,"td":"Центр города","dc":1,"n":47.39,"vc":"около 100","sl":"Низкий","sv":"менее 50","p":114.14,"q":1.05,"b":0.0,"wi":0.16,"ei":3.36,"as":145.71,"mi":"E","mv":135146,"sc":1,"lpe":100.0,"lpr":88.43,"lq":1.0},{"pi":"15334","pc":"Одежда и обувь","ss":100,"td":"Спальный район","dc":1,"n":48.9,"vc":"около 50","sl":"Высокий","sv":"менее 50","p":205.63,"q":1.14,"b":0.0,"wi":0.3,"ei":4.8,"as":300.0,"mi":"E","mv":99923,"sc":4,"lpe":98.48,"lpr":180.71,"lq":1.0},{"pi":"15334","pc":"Одежда и обувь","ss":100,"td":"Спальный район","dc":1,"n":48.9,"vc":"около 50","sl":"Высокий","sv":"менее 50","p":205.63,"q":1.14,"b":0.0,"wi":0.3,"ei":4.8,"as":300.0,"mi":"E","mv":99923,"sc":4,"lpe":98.48,"lpr":180.71,"lq":1.0},{"pi":"15334","pc":"Одежда и обувь","ss":100,"td":"Спальный район","dc":1,"n":48.9,"vc":"около 50","sl":"Высокий","sv":"менее 50","p":205.63,"q":1.14,"b":0.0,"wi":0.3,"ei":4.8,"as":300.0,"mi":"E","mv":99923,"sc":4,"lpe":98.48,"lpr":180.71,"lq":1.0},{"pi":"15334","pc":"Одежда и обувь","ss":100,"td":"Спальный район","dc":1,"n":48.42,"vc":"около 50","sl":"Высокий","sv":"менее 50","p":216.04,"q":1.12,"b":0.0,"wi":0.3,"ei":4.8,"as":300.0,"mi":"E","mv":99923,"sc":4,"lpe":98.48,"lpr":180.71,"lq":1.0},{"pi":"15334","pc":"Одежда и обувь","ss":100,"td":"Спальный район","dc":1,"n":48.9,"vc":"около 50","sl":"Высокий","sv":"менее 50","p":205.63,"q":1.14,"b":0.0,"wi":0.3,"ei":4.8,"as":300.0,"mi":"E","mv":99923,"sc":4,"lpe":98.48,"lpr":180.71,"lq":1.0},{"pi":"15334","pc":"Одежда и обувь","ss":100,"td":"Спальный район","dc":1,"n":48.42,"vc":"около 50","sl":"Высокий","sv":"менее 50","p":216.04,"q":1.12,"b":0.0,"wi":0.3,"ei":4.8,"as":300.0,"mi":"E","mv":99923,"sc":4,"lpe":98.48,"lpr":180.71,"lq":1.0},{"pi":"15334","pc":"Одежда и обувь","ss":100,"td":"Центр города","dc":1,"n":6.89,"vc":"около 50","sl":"Высокий","sv":"менее 50","p":170.42,"q":1.01,"b":0.0,"wi":0.29,"ei":6.8,"as":250.0,"mi":"E","mv":91047,"sc":1,"lpe":100.0,"lpr":150.4,"lq":1.0},{"pi":"15334","pc":"Одежда и обувь","ss":100,"td":"Центр города","dc":1,"n":6.89,"vc":"около 50","sl":"Высокий","sv":"менее 50","p":170.42,"q":1.01,"b":0.0,"wi":0.29,"ei":6.8,"as":250.0,"mi":"E","mv":91047,"sc":1,"lpe":100.0,"lpr":150.4,"lq":1.0},{"pi":"15334","pc":"Одежда и обувь","ss":100,"td":"Центр города","dc":1,"n":6.89,"vc":"около 50","sl":"Высокий","sv":"менее 50","p":170.42,"q":1.01,"b":0.0,"wi":0.29,"ei":6.8,"as":250.0,"mi":"E","mv":91047,"sc":1,"lpe":100.0,"lpr":150.4,"lq":1.0},{"pi":"15334","pc":"Одежда и обувь","ss":100,"td":"Центр города","dc":1,"n":6.89,"vc":"около 50","sl":"Высокий","sv":"менее 50","p":170.42,"q":1.01,"b":0.0,"wi":0.29,"ei":6.8,"as":250.0,"mi":"E","mv":91047,"sc":1,"lpe":100.0,"lpr":150.4,"lq":1.0},{"pi":"15334","pc":"Одежда и обувь","ss":100,"td":"Спальный район","dc":1,"n":47.73,"vc":"около 50","sl":"Нормальный","sv":"менее 50","p":226.71,"q":1.05,"b":0.0,"wi":0.3,"ei":4.8,"as":300.0,"mi":"E","mv":90420,"sc":2,"lpe":99.99,"lpr":179.94,"lq":1.0},{"pi":"15334","pc":"Одежда и обувь","ss":100,"td":"Спальный район","dc":1,"n":48.19,"vc":"около 50","sl":"Нормальный","sv":"менее 50","p":217.48,"q":1.05,"b":0.0,"wi":0.3,"ei":4.8,"as":300.0,"mi":"E","mv":90420,"sc":2,"lpe":99.99,"lpr":179.94,"lq":1.0},{"pi":"15334","pc":"Одежда и обувь","ss":100,"td":"Спальный район","dc":1,"n":47.73,"vc":"около 50","sl":"Нормальный","sv":"менее 50","p":226.71,"q":1.05,"b":0.0,"wi":0.3,"ei":4.8,"as":300.0,"mi":"E","mv":90420,"sc":2,"lpe":99.99,"lpr":179.94,"lq":1.0},{"pi":"15334","pc":"Одежда и обувь","ss":500,"td":"Центр города","dc":1,"n":34.04,"vc":"более 100","sl":"Элитный","sv":"менее 50","p":95.94,"q":1.05,"b":0.0,"wi":0.14,"ei":3.15,"as":123.56,"mi":"E","mv":53313,"sc":1,"lpe":100.0,"lpr":75.5,"lq":1.0},{"pi":"15334","pc":"Одежда и обувь","ss":500,"td":"Центр города","dc":1,"n":34.04,"vc":"более 100","sl":"Элитный","sv":"менее 50","p":95.94,"q":1.05,"b":0.0,"wi":0.14,"ei":3.15,"as":123.56,"mi":"E","mv":53313,"sc":1,"lpe":100.0,"lpr":75.5,"lq":1.0},{"pi":"15334","pc":"Одежда и обувь","ss":500,"td":"Центр города","dc":1,"n":34.04,"vc":"более 100","sl":"Элитный","sv":"менее 50","p":95.94,"q":1.05,"b":0.0,"wi":0.14,"ei":3.15,"as":123.56,"mi":"E","mv":53313,"sc":1,"lpe":100.0,"lpr":75.5,"lq":1.0},{"pi":"15334","pc":"Одежда и обувь","ss":500,"td":"Центр города","dc":1,"n":34.04,"vc":"более 100","sl":"Элитный","sv":"менее 50","p":95.94,"q":1.05,"b":0.0,"wi":0.14,"ei":3.15,"as":123.56,"mi":"E","mv":53313,"sc":1,"lpe":100.0,"lpr":75.5,"lq":1.0},{"pi":"15334","pc":"Одежда и обувь","ss":500,"td":"Центр города","dc":1,"n":31.35,"vc":"более 100","sl":"Очень высокий","sv":"менее 50","p":110.0,"q":1.05,"b":0.0,"wi":0.14,"ei":3.31,"as":150.32,"mi":"E","mv":276802,"sc":1,"lpe":100.0,"lpr":92.27,"lq":1.0},{"pi":"15334","pc":"Одежда и обувь","ss":500,"td":"Центр города","dc":1,"n":31.35,"vc":"более 100","sl":"Очень высокий","sv":"менее 50","p":110.0,"q":1.05,"b":0.0,"wi":0.14,"ei":3.31,"as":150.32,"mi":"E","mv":276802,"sc":1,"lpe":100.0,"lpr":92.27,"lq":1.0},{"pi":"15334","pc":"Одежда и обувь","ss":500,"td":"Центр города","dc":1,"n":49.43,"vc":"более 200","sl":"Очень высокий","sv":"около 100","p":225.54,"q":5.0,"b":0.0,"wi":0.35,"ei":7.0,"as":320.0,"mi":"E","mv":467039,"sc":3,"lpe":99.97,"lpr":190.08,"lq":1.0},{"pi":"15334","pc":"Одежда и обувь","ss":100,"td":"Спальный район","dc":1,"n":49.75,"vc":"около 100","sl":"Низкий","sv":"менее 50","p":208.48,"q":1.05,"b":0.0,"wi":0.35,"ei":7.0,"as":320.0,"mi":"E","mv":467039,"sc":3,"lpe":99.97,"lpr":190.08,"lq":1.0},{"pi":"15334","pc":"Одежда и обувь","ss":100,"td":"Спальный район","dc":1,"n":49.75,"vc":"около 100","sl":"Нормальный","sv":"менее 50","p":208.48,"q":1.05,"b":0.0,"wi":0.35,"ei":7.0,"as":320.0,"mi":"E","mv":467039,"sc":3,"lpe":99.97,"lpr":190.08,"lq":1.0},{"pi":"15334","pc":"Одежда и обувь","ss":500,"td":"Центр города","dc":1,"n":49.43,"vc":"более 200","sl":"Очень высокий","sv":"около 100","p":225.54,"q":5.0,"b":0.0,"wi":0.35,"ei":7.0,"as":320.0,"mi":"E","mv":467039,"sc":3,"lpe":99.97,"lpr":190.08,"lq":1.0},{"pi":"15334","pc":"Одежда и обувь","ss":100,"td":"Спальный район","dc":1,"n":49.75,"vc":"около 100","sl":"Низкий","sv":"менее 50","p":208.48,"q":1.05,"b":0.0,"wi":0.35,"ei":7.0,"as":320.0,"mi":"E","mv":467039,"sc":3,"lpe":99.97,"lpr":190.08,"lq":1.0},{"pi":"15334","pc":"Одежда и обувь","ss":100,"td":"Спальный район","dc":1,"n":49.75,"vc":"около 100","sl":"Нормальный","sv":"менее 50","p":208.48,"q":1.05,"b":0.0,"wi":0.35,"ei":7.0,"as":320.0,"mi":"E","mv":467039,"sc":3,"lpe":99.97,"lpr":190.08,"lq":1.0},{"pi":"15334","pc":"Одежда и обувь","ss":500,"td":"Центр города","dc":1,"n":49.43,"vc":"более 200","sl":"Очень высокий","sv":"около 100","p":225.54,"q":5.0,"b":0.0,"wi":0.35,"ei":7.0,"as":320.0,"mi":"E","mv":467039,"sc":3,"lpe":99.97,"lpr":190.08,"lq":1.0},{"pi":"15334","pc":"Одежда и обувь","ss":100,"td":"Спальный район","dc":1,"n":49.75,"vc":"около 100","sl":"Низкий","sv":"менее 50","p":208.48,"q":1.05,"b":0.0,"wi":0.35,"ei":7.0,"as":320.0,"mi":"E","mv":467039,"sc":3,"lpe":99.97,"lpr":190.08,"lq":1.0},{"pi":"15334","pc":"Одежда и обувь","ss":100,"td":"Спальный район","dc":1,"n":49.75,"vc":"около 100","sl":"Нормальный","sv":"менее 50","p":208.48,"q":1.05,"b":0.0,"wi":0.35,"ei":7.0,"as":320.0,"mi":"E","mv":467039,"sc":3,"lpe":99.97,"lpr":190.08,"lq":1.0},{"pi":"15334","pc":"Одежда и обувь","ss":500,"td":"Центр города","dc":1,"n":49.43,"vc":"более 200","sl":"Очень высокий","sv":"около 100","p":225.54,"q":5.0,"b":0.0,"wi":0.35,"ei":7.0,"as":320.0,"mi":"E","mv":467039,"sc":3,"lpe":99.97,"lpr":190.08,"lq":1.0},{"pi":"15334","pc":"Одежда и обувь","ss":100,"td":"Спальный район","dc":1,"n":49.75,"vc":"около 100","sl":"Низкий","sv":"менее 50","p":208.48,"q":1.05,"b":0.0,"wi":0.35,"ei":7.0,"as":320.0,"mi":"E","mv":467039,"sc":3,"lpe":99.97,"lpr":190.08,"lq":1.0},{"pi":"15334","pc":"Одежда и обувь","ss":100,"td":"Спальный район","dc":1,"n":49.75,"vc":"около 100","sl":"Нормальный","sv":"менее 50","p":208.48,"q":1.05,"b":0.0,"wi":0.35,"ei":7.0,"as":320.0,"mi":"E","mv":467039,"sc":3,"lpe":99.97,"lpr":190.08,"lq":1.0},{"pi":"15334","pc":"Одежда и обувь","ss":100,"td":"Спальный район","dc":1,"n":49.5,"vc":"около 50","sl":"Нормальный","sv":"менее 50","p":212.05,"q":1.05,"b":0.0,"wi":0.32,"ei":5.5,"as":330.0,"mi":"E","mv":247308,"sc":2,"lpe":99.99,"lpr":197.64,"lq":1.0},{"pi":"15334","pc":"Одежда и обувь","ss":100,"td":"Спальный район","dc":1,"n":49.63,"vc":"около 50","sl":"Нормальный","sv":"менее 50","p":213.51,"q":1.05,"b":0.0,"wi":0.32,"ei":5.5,"as":330.0,"mi":"E","mv":247308,"sc":2,"lpe":99.99,"lpr":197.64,"lq":1.0},{"pi":"15334","pc":"Одежда и обувь","ss":100,"td":"Спальный район","dc":1,"n":49.5,"vc":"около 50","sl":"Нормальный","sv":"менее 50","p":212.05,"q":1.05,"b":0.0,"wi":0.32,"ei":5.5,"as":330.0,"mi":"E","mv":247308,"sc":2,"lpe":99.99,"lpr":197.64,"lq":1.0},{"pi":"15334","pc":"Одежда и обувь","ss":100,"td":"Спальный район","dc":1,"n":49.63,"vc":"около 50","sl":"Нормальный","sv":"менее 50","p":213.51,"q":1.05,"b":0.0,"wi":0.32,"ei":5.5,"as":330.0,"mi":"E","mv":247308,"sc":2,"lpe":99.99,"lpr":197.64,"lq":1.0},{"pi":"15334","pc":"Одежда и обувь","ss":100,"td":"Спальный район","dc":1,"n":49.5,"vc":"около 50","sl":"Нормальный","sv":"менее 50","p":212.05,"q":1.05,"b":0.0,"wi":0.32,"ei":5.5,"as":330.0,"mi":"E","mv":247308,"sc":2,"lpe":99.99,"lpr":197.64,"lq":1.0},{"pi":"15334","pc":"Одежда и обувь","ss":100,"td":"Спальный район","dc":1,"n":49.63,"vc":"около 50","sl":"Нормальный","sv":"менее 50","p":213.51,"q":1.05,"b":0.0,"wi":0.32,"ei":5.5,"as":330.0,"mi":"E","mv":247308,"sc":2,"lpe":99.99,"lpr":197.64,"lq":1.0},{"pi":"15334","pc":"Одежда и обувь","ss":100,"td":"Спальный район","dc":1,"n":49.5,"vc":"около 50","sl":"Нормальный","sv":"менее 50","p":212.05,"q":1.05,"b":0.0,"wi":0.32,"ei":5.5,"as":330.0,"mi":"E","mv":247308,"sc":2,"lpe":99.99,"lpr":197.64,"lq":1.0},{"pi":"15334","pc":"Одежда и обувь","ss":100,"td":"Спальный район","dc":1,"n":49.63,"vc":"около 50","sl":"Нормальный","sv":"менее 50","p":213.51,"q":1.05,"b":0.0,"wi":0.32,"ei":5.5,"as":330.0,"mi":"E","mv":247308,"sc":2,"lpe":99.99,"lpr":197.64,"lq":1.0},{"pi":"15334","pc":"Одежда и обувь","ss":100,"td":"Спальный район","dc":1,"n":49.63,"vc":"около 50","sl":"Нормальный","sv":"менее 50","p":207.05,"q":1.05,"b":0.0,"wi":0.35,"ei":5.0,"as":320.0,"mi":"E","mv":193649,"sc":3,"lpe":99.98,"lpr":191.76,"lq":1.0},{"pi":"15334","pc":"Одежда и обувь","ss":100,"td":"Спальный район","dc":1,"n":49.75,"vc":"около 100","sl":"Нормальный","sv":"менее 50","p":208.43,"q":1.05,"b":0.0,"wi":0.35,"ei":5.0,"as":320.0,"mi":"E","mv":193649,"sc":3,"lpe":99.98,"lpr":191.76,"lq":1.0},{"pi":"15334","pc":"Одежда и обувь","ss":100,"td":"Спальный район","dc":1,"n":49.63,"vc":"около 50","sl":"Нормальный","sv":"менее 50","p":207.05,"q":1.05,"b":0.0,"wi":0.35,"ei":5.0,"as":320.0,"mi":"E","mv":193649,"sc":3,"lpe":99.98,"lpr":191.76,"lq":1.0},{"pi":"15334","pc":"Одежда и обувь","ss":100,"td":"Спальный район","dc":1,"n":49.75,"vc":"около 100","sl":"Нормальный","sv":"менее 50","p":208.43,"q":1.05,"b":0.0,"wi":0.35,"ei":5.0,"as":320.0,"mi":"E","mv":193649,"sc":3,"lpe":99.98,"lpr":191.76,"lq":1.0},{"pi":"15334","pc":"Одежда и обувь","ss":100,"td":"Спальный район","dc":1,"n":49.63,"vc":"около 50","sl":"Нормальный","sv":"менее 50","p":207.05,"q":1.05,"b":0.0,"wi":0.35,"ei":5.0,"as":320.0,"mi":"E","mv":193649,"sc":3,"lpe":99.98,"lpr":191.76,"lq":1.0},{"pi":"15334","pc":"Одежда и обувь","ss":100,"td":"Спальный район","dc":1,"n":49.75,"vc":"около 100","sl":"Нормальный","sv":"менее 50","p":208.43,"q":1.05,"b":0.0,"wi":0.35,"ei":5.0,"as":320.0,"mi":"E","mv":193649,"sc":3,"lpe":99.98,"lpr":191.76,"lq":1.0},{"pi":"15334","pc":"Одежда и обувь","ss":100,"td":"Спальный район","dc":1,"n":49.75,"vc":"около 100","sl":"Нормальный","sv":"менее 50","p":208.43,"q":1.05,"b":0.0,"wi":0.35,"ei":5.0,"as":320.0,"mi":"E","mv":193649,"sc":3,"lpe":99.98,"lpr":191.76,"lq":1.0},{"pi":"15334","pc":"Одежда и обувь","ss":100,"td":"Спальный район","dc":1,"n":49.63,"vc":"около 50","sl":"Нормальный","sv":"менее 50","p":207.05,"q":1.05,"b":0.0,"wi":0.35,"ei":5.0,"as":320.0,"mi":"E","mv":193649,"sc":3,"lpe":99.98,"lpr":191.76,"lq":1.0},{"pi":"15334","pc":"Одежда и обувь","ss":100,"td":"Спальный район","dc":1,"n":47.84,"vc":"около 50","sl":"Нормальный","sv":"менее 50","p":238.67,"q":1.05,"b":0.0,"wi":0.35,"ei":5.0,"as":320.0,"mi":"E","mv":193649,"sc":3,"lpe":99.98,"lpr":191.76,"lq":1.0},{"pi":"15334","pc":"Одежда и обувь","ss":100,"td":"Спальный район","dc":1,"n":47.96,"vc":"около 50","sl":"Нормальный","sv":"менее 50","p":262.37,"q":1.12,"b":0.0,"wi":0.35,"ei":5.5,"as":350.0,"mi":"E","mv":137629,"sc":2,"lpe":99.85,"lpr":209.3,"lq":1.0},{"pi":"15334","pc":"Одежда и обувь","ss":100,"td":"Спальный район","dc":1,"n":48.9,"vc":"около 50","sl":"Нормальный","sv":"менее 50","p":185.06,"q":1.05,"b":0.0,"wi":0.28,"ei":6.5,"as":270.0,"mi":"E","mv":172447,"sc":2,"lpe":99.99,"lpr":162.64,"lq":1.0},{"pi":"15334","pc":"Одежда и обувь","ss":100,"td":"Спальный район","dc":1,"n":48.9,"vc":"около 50","sl":"Нормальный","sv":"менее 50","p":185.06,"q":1.05,"b":0.0,"wi":0.28,"ei":6.5,"as":270.0,"mi":"E","mv":172447,"sc":2,"lpe":99.99,"lpr":162.64,"lq":1.0},{"pi":"15334","pc":"Одежда и обувь","ss":100,"td":"Спальный район","dc":1,"n":48.9,"vc":"около 50","sl":"Нормальный","sv":"менее 50","p":185.06,"q":1.05,"b":0.0,"wi":0.28,"ei":6.5,"as":270.0,"mi":"E","mv":172447,"sc":2,"lpe":99.99,"lpr":162.64,"lq":1.0},{"pi":"15334","pc":"Одежда и обувь","ss":100,"td":"Спальный район","dc":1,"n":48.9,"vc":"около 50","sl":"Нормальный","sv":"менее 50","p":185.06,"q":1.05,"b":0.0,"wi":0.28,"ei":6.5,"as":270.0,"mi":"E","mv":172447,"sc":2,"lpe":99.99,"lpr":162.64,"lq":1.0},{"pi":"15334","pc":"Одежда и обувь","ss":100,"td":"Фешенебельный район","dc":2,"n":23.36,"vc":"менее 50","sl":"Очень высокий","sv":"менее 50","p":179.99,"q":1.05,"b":0.0,"wi":0.28,"ei":6.5,"as":270.0,"mi":"E","mv":172447,"sc":2,"lpe":99.99,"lpr":162.64,"lq":1.0},{"pi":"15334","pc":"Одежда и обувь","ss":100,"td":"Центр города","dc":1,"n":47.39,"vc":"более 100","sl":"Низкий","sv":"менее 50","p":121.96,"q":1.05,"b":0.0,"wi":0.12,"ei":4.25,"as":148.66,"mi":"E","mv":466065,"sc":2,"lpe":100.0,"lpr":91.29,"lq":1.0},{"pi":"15334","pc":"Одежда и обувь","ss":100,"td":"Центр города","dc":1,"n":46.61,"vc":"более 100","sl":"Низкий","sv":"менее 50","p":126.43,"q":1.05,"b":0.0,"wi":0.12,"ei":4.25,"as":148.66,"mi":"E","mv":466065,"sc":2,"lpe":100.0,"lpr":91.29,"lq":1.0},{"pi":"15334","pc":"Одежда и обувь","ss":100,"td":"Центр города","dc":1,"n":47.39,"vc":"более 100","sl":"Низкий","sv":"менее 50","p":121.96,"q":1.05,"b":0.0,"wi":0.12,"ei":4.25,"as":148.66,"mi":"E","mv":466065,"sc":2,"lpe":100.0,"lpr":91.29,"lq":1.0},{"pi":"15334","pc":"Одежда и обувь","ss":100,"td":"Центр города","dc":1,"n":46.61,"vc":"более 100","sl":"Низкий","sv":"менее 50","p":126.43,"q":1.05,"b":0.0,"wi":0.12,"ei":4.25,"as":148.66,"mi":"E","mv":466065,"sc":2,"lpe":100.0,"lpr":91.29,"lq":1.0},{"pi":"15334","pc":"Одежда и обувь","ss":100,"td":"Центр города","dc":1,"n":47.39,"vc":"более 100","sl":"Низкий","sv":"менее 50","p":121.96,"q":1.05,"b":0.0,"wi":0.12,"ei":4.25,"as":148.66,"mi":"E","mv":466065,"sc":2,"lpe":100.0,"lpr":91.29,"lq":1.0},{"pi":"15334","pc":"Одежда и обувь","ss":100,"td":"Центр города","dc":1,"n":46.61,"vc":"более 100","sl":"Низкий","sv":"менее 50","p":126.43,"q":1.05,"b":0.0,"wi":0.12,"ei":4.25,"as":148.66,"mi":"E","mv":466065,"sc":2,"lpe":100.0,"lpr":91.29,"lq":1.0},{"pi":"15334","pc":"Одежда и обувь","ss":100,"td":"Центр города","dc":1,"n":47.39,"vc":"более 100","sl":"Низкий","sv":"менее 50","p":121.96,"q":1.05,"b":0.0,"wi":0.12,"ei":4.25,"as":148.66,"mi":"E","mv":466065,"sc":2,"lpe":100.0,"lpr":91.29,"lq":1.0},{"pi":"15334","pc":"Одежда и обувь","ss":100,"td":"Центр города","dc":1,"n":46.61,"vc":"более 100","sl":"Низкий","sv":"менее 50","p":126.43,"q":1.05,"b":0.0,"wi":0.12,"ei":4.25,"as":148.66,"mi":"E","mv":466065,"sc":2,"lpe":100.0,"lpr":91.29,"lq":1.0},{"pi":"15334","pc":"Одежда и обувь","ss":100,"td":"Центр города","dc":1,"n":47.5,"vc":"около 50","sl":"Нормальный","sv":"менее 50","p":82.53,"q":1.05,"b":0.0,"wi":0.12,"ei":2.8,"as":99.67,"mi":"E","mv":51763,"sc":2,"lpe":99.99,"lpr":61.71,"lq":1.0},{"pi":"15334","pc":"Одежда и обувь","ss":100,"td":"Центр города","dc":1,"n":47.5,"vc":"около 50","sl":"Нормальный","sv":"менее 50","p":82.53,"q":1.05,"b":0.0,"wi":0.12,"ei":2.8,"as":99.67,"mi":"E","mv":51763,"sc":2,"lpe":99.99,"lpr":61.71,"lq":1.0},{"pi":"15334","pc":"Одежда и обувь","ss":100,"td":"Центр города","dc":1,"n":47.5,"vc":"около 50","sl":"Нормальный","sv":"менее 50","p":82.53,"q":1.05,"b":0.0,"wi":0.12,"ei":2.8,"as":99.67,"mi":"E","mv":51763,"sc":2,"lpe":99.99,"lpr":61.71,"lq":1.0},{"pi":"15334","pc":"Одежда и обувь","ss":100,"td":"Центр города","dc":1,"n":43.18,"vc":"около 50","sl":"Нормальный","sv":"менее 50","p":76.59,"q":1.05,"b":0.0,"wi":0.12,"ei":2.8,"as":99.67,"mi":"E","mv":51763,"sc":2,"lpe":99.99,"lpr":61.71,"lq":1.0},{"pi":"15334","pc":"Одежда и обувь","ss":100,"td":"Центр города","dc":1,"n":47.5,"vc":"около 50","sl":"Нормальный","sv":"менее 50","p":82.53,"q":1.05,"b":0.0,"wi":0.12,"ei":2.8,"as":99.67,"mi":"E","mv":51763,"sc":2,"lpe":99.99,"lpr":61.71,"lq":1.0},{"pi":"15334","pc":"Одежда и обувь","ss":500,"td":"Центр города","dc":2,"n":75.08,"vc":"более 200","sl":"Очень высокий","sv":"около 50","p":116.17,"q":1.0,"b":0.0,"wi":0.16,"ei":4.28,"as":154.36,"mi":"E","mv":316253,"sc":1,"lpe":99.99,"lpr":94.04,"lq":1.0},{"pi":"15334","pc":"Одежда и обувь","ss":500,"td":"Центр города","dc":2,"n":75.08,"vc":"более 200","sl":"Очень высокий","sv":"около 50","p":116.17,"q":1.0,"b":0.0,"wi":0.16,"ei":4.28,"as":154.36,"mi":"E","mv":316253,"sc":1,"lpe":99.99,"lpr":94.04,"lq":1.0},{"pi":"15334","pc":"Одежда и обувь","ss":500,"td":"Центр города","dc":2,"n":75.08,"vc":"более 200","sl":"Очень высокий","sv":"около 50","p":116.17,"q":1.0,"b":0.0,"wi":0.16,"ei":4.28,"as":154.36,"mi":"E","mv":316253,"sc":1,"lpe":99.99,"lpr":94.04,"lq":1.0},{"pi":"15334","pc":"Одежда и обувь","ss":500,"td":"Центр города","dc":2,"n":75.08,"vc":"более 200","sl":"Очень высокий","sv":"около 50","p":116.17,"q":1.0,"b":0.0,"wi":0.16,"ei":4.28,"as":154.36,"mi":"E","mv":316253,"sc":1,"lpe":99.99,"lpr":94.04,"lq":1.0},{"pi":"15334","pc":"Одежда и обувь","ss":500,"td":"Центр города","dc":2,"n":75.08,"vc":"более 200","sl":"Очень высокий","sv":"около 50","p":116.17,"q":1.0,"b":0.0,"wi":0.16,"ei":4.28,"as":154.36,"mi":"E","mv":316253,"sc":1,"lpe":99.99,"lpr":94.04,"lq":1.0},{"pi":"15334","pc":"Одежда и обувь","ss":500,"td":"Центр города","dc":2,"n":75.08,"vc":"более 200","sl":"Очень высокий","sv":"около 50","p":116.17,"q":1.0,"b":0.0,"wi":0.16,"ei":4.28,"as":154.36,"mi":"E","mv":316253,"sc":1,"lpe":99.99,"lpr":94.04,"lq":1.0},{"pi":"15334","pc":"Одежда и обувь","ss":100,"td":"Центр города","dc":1,"n":46.18,"vc":"около 50","sl":"Высокий","sv":"менее 50","p":81.07,"q":1.05,"b":0.0,"wi":0.13,"ei":3.21,"as":97.82,"mi":"E","mv":29852,"sc":2,"lpe":99.97,"lpr":60.51,"lq":1.0},{"pi":"15334","pc":"Одежда и обувь","ss":100,"td":"Центр города","dc":1,"n":46.18,"vc":"около 50","sl":"Высокий","sv":"менее 50","p":81.07,"q":1.05,"b":0.0,"wi":0.13,"ei":3.21,"as":97.82,"mi":"E","mv":29852,"sc":2,"lpe":99.97,"lpr":60.51,"lq":1.0},{"pi":"15334","pc":"Одежда и обувь","ss":100,"td":"Центр города","dc":1,"n":45.24,"vc":"около 50","sl":"Высокий","sv":"менее 50","p":71.85,"q":1.05,"b":0.0,"wi":0.13,"ei":3.21,"as":97.82,"mi":"E","mv":29852,"sc":2,"lpe":99.97,"lpr":60.51,"lq":1.0},{"pi":"15334","pc":"Одежда и обувь","ss":100,"td":"Центр города","dc":1,"n":46.18,"vc":"около 50","sl":"Высокий","sv":"менее 50","p":81.07,"q":1.05,"b":0.0,"wi":0.13,"ei":3.21,"as":97.82,"mi":"E","mv":29852,"sc":2,"lpe":99.97,"lpr":60.51,"lq":1.0},{"pi":"15334","pc":"Одежда и обувь","ss":100,"td":"Центр города","dc":1,"n":47.73,"vc":"около 100","sl":"Низкий","sv":"менее 50","p":103.32,"q":1.05,"b":0.0,"wi":0.14,"ei":4.22,"as":130.53,"mi":"E","mv":183561,"sc":1,"lpe":100.0,"lpr":79.57,"lq":1.0},{"pi":"15334","pc":"Одежда и обувь","ss":100,"td":"Центр города","dc":1,"n":47.73,"vc":"около 100","sl":"Низкий","sv":"менее 50","p":103.32,"q":1.05,"b":0.0,"wi":0.14,"ei":4.22,"as":130.53,"mi":"E","mv":183561,"sc":1,"lpe":100.0,"lpr":79.57,"lq":1.0},{"pi":"15334","pc":"Одежда и обувь","ss":100,"td":"Центр города","dc":1,"n":47.73,"vc":"около 100","sl":"Низкий","sv":"менее 50","p":103.32,"q":1.05,"b":0.0,"wi":0.14,"ei":4.22,"as":130.53,"mi":"E","mv":183561,"sc":1,"lpe":100.0,"lpr":79.57,"lq":1.0},{"pi":"15334","pc":"Одежда и обувь","ss":100,"td":"Центр города","dc":1,"n":47.73,"vc":"около 100","sl":"Низкий","sv":"менее 50","p":103.32,"q":1.05,"b":0.0,"wi":0.14,"ei":4.22,"as":130.53,"mi":"E","mv":183561,"sc":1,"lpe":100.0,"lpr":79.57,"lq":1.0},{"pi":"15334","pc":"Одежда и обувь","ss":100,"td":"Центр города","dc":1,"n":47.96,"vc":"более 100","sl":"Низкий","sv":"менее 50","p":159.52,"q":1.05,"b":0.0,"wi":0.24,"ei":5.21,"as":212.94,"mi":"E","mv":536421,"sc":2,"lpe":100.0,"lpr":128.22,"lq":1.0},{"pi":"15334","pc":"Одежда и обувь","ss":500,"td":"Центр города","dc":2,"n":42.99,"vc":"более 200","sl":"Низкий","sv":"менее 50","p":145.52,"q":1.0,"b":0.0,"wi":0.24,"ei":5.21,"as":212.94,"mi":"E","mv":536421,"sc":2,"lpe":100.0,"lpr":128.22,"lq":1.0},{"pi":"15334","pc":"Одежда и обувь","ss":100,"td":"Центр города","dc":1,"n":47.96,"vc":"более 100","sl":"Низкий","sv":"менее 50","p":159.52,"q":1.05,"b":0.0,"wi":0.24,"ei":5.21,"as":212.94,"mi":"E","mv":536421,"sc":2,"lpe":100.0,"lpr":128.22,"lq":1.0},{"pi":"15334","pc":"Одежда и обувь","ss":500,"td":"Центр города","dc":2,"n":42.99,"vc":"более 200","sl":"Низкий","sv":"менее 50","p":145.52,"q":1.0,"b":0.0,"wi":0.24,"ei":5.21,"as":212.94,"mi":"E","mv":536421,"sc":2,"lpe":100.0,"lpr":128.22,"lq":1.0},{"pi":"15334","pc":"Одежда и обувь","ss":100,"td":"Центр города","dc":1,"n":47.96,"vc":"более 100","sl":"Низкий","sv":"менее 50","p":159.52,"q":1.05,"b":0.0,"wi":0.24,"ei":5.21,"as":212.94,"mi":"E","mv":536421,"sc":2,"lpe":100.0,"lpr":128.22,"lq":1.0},{"pi":"15334","pc":"Одежда и обувь","ss":500,"td":"Центр города","dc":2,"n":42.99,"vc":"более 200","sl":"Низкий","sv":"менее 50","p":145.52,"q":1.0,"b":0.0,"wi":0.24,"ei":5.21,"as":212.94,"mi":"E","mv":536421,"sc":2,"lpe":100.0,"lpr":128.22,"lq":1.0},{"pi":"15334","pc":"Одежда и обувь","ss":100,"td":"Центр города","dc":1,"n":47.96,"vc":"более 100","sl":"Низкий","sv":"менее 50","p":159.52,"q":1.05,"b":0.0,"wi":0.24,"ei":5.21,"as":212.94,"mi":"E","mv":536421,"sc":2,"lpe":100.0,"lpr":128.22,"lq":1.0},{"pi":"15334","pc":"Одежда и обувь","ss":500,"td":"Центр города","dc":2,"n":42.99,"vc":"более 200","sl":"Низкий","sv":"менее 50","p":145.52,"q":1.0,"b":0.0,"wi":0.24,"ei":5.21,"as":212.94,"mi":"E","mv":536421,"sc":2,"lpe":100.0,"lpr":128.22,"lq":1.0},{"pi":"15334","pc":"Одежда и обувь","ss":100,"td":"Центр города","dc":1,"n":48.19,"vc":"около 50","sl":"Нормальный","sv":"менее 50","p":161.7,"q":1.05,"b":0.0,"wi":0.2,"ei":4.43,"as":218.14,"mi":"E","mv":118828,"sc":2,"lpe":99.99,"lpr":131.82,"lq":1.0},{"pi":"15334","pc":"Одежда и обувь","ss":500,"td":"Спальный район","dc":1,"n":11.32,"vc":"около 100","sl":"Очень высокий","sv":"менее 50","p":122.0,"q":1.0,"b":0.0,"wi":0.2,"ei":4.43,"as":218.14,"mi":"E","mv":118828,"sc":2,"lpe":99.99,"lpr":131.82,"lq":1.0},{"pi":"15334","pc":"Одежда и обувь","ss":100,"td":"Центр города","dc":1,"n":48.19,"vc":"около 50","sl":"Нормальный","sv":"менее 50","p":161.7,"q":1.05,"b":0.0,"wi":0.2,"ei":4.43,"as":218.14,"mi":"E","mv":118828,"sc":2,"lpe":99.99,"lpr":131.82,"lq":1.0},{"pi":"15334","pc":"Одежда и обувь","ss":500,"td":"Спальный район","dc":1,"n":11.32,"vc":"около 100","sl":"Очень высокий","sv":"менее 50","p":122.0,"q":1.0,"b":0.0,"wi":0.2,"ei":4.43,"as":218.14,"mi":"E","mv":118828,"sc":2,"lpe":99.99,"lpr":131.82,"lq":1.0},{"pi":"15334","pc":"Одежда и обувь","ss":100,"td":"Центр города","dc":1,"n":48.19,"vc":"около 50","sl":"Нормальный","sv":"менее 50","p":161.7,"q":1.05,"b":0.0,"wi":0.2,"ei":4.43,"as":218.14,"mi":"E","mv":118828,"sc":2,"lpe":99.99,"lpr":131.82,"lq":1.0},{"pi":"15334","pc":"Одежда и обувь","ss":500,"td":"Спальный район","dc":1,"n":11.32,"vc":"около 100","sl":"Очень высокий","sv":"менее 50","p":122.0,"q":1.0,"b":0.0,"wi":0.2,"ei":4.43,"as":218.14,"mi":"E","mv":118828,"sc":2,"lpe":99.99,"lpr":131.82,"lq":1.0},{"pi":"15334","pc":"Одежда и обувь","ss":100,"td":"Центр города","dc":1,"n":48.19,"vc":"около 50","sl":"Нормальный","sv":"менее 50","p":161.7,"q":1.05,"b":0.0,"wi":0.2,"ei":4.43,"as":218.14,"mi":"E","mv":118828,"sc":2,"lpe":99.99,"lpr":131.82,"lq":1.0},{"pi":"15334","pc":"Одежда и обувь","ss":500,"td":"Спальный район","dc":1,"n":11.32,"vc":"около 100","sl":"Очень высокий","sv":"менее 50","p":122.0,"q":1.0,"b":0.0,"wi":0.2,"ei":4.43,"as":218.14,"mi":"E","mv":118828,"sc":2,"lpe":99.99,"lpr":131.82,"lq":1.0},{"pi":"15334","pc":"Одежда и обувь","ss":500,"td":"Центр города","dc":1,"n":322.0,"vc":"более 300","sl":"Очень высокий","sv":"около 50","p":200.0,"q":5.0,"b":0.0,"wi":0.18,"ei":4.27,"as":150.27,"mi":"E","mv":16767,"sc":2,"lpe":99.74,"lpr":91.08,"lq":1.0},{"pi":"15334","pc":"Одежда и обувь","ss":500,"td":"Центр города","dc":1,"n":322.0,"vc":"более 300","sl":"Очень высокий","sv":"около 50","p":200.0,"q":5.0,"b":0.0,"wi":0.18,"ei":4.27,"as":150.27,"mi":"E","mv":16767,"sc":2,"lpe":99.74,"lpr":91.08,"lq":1.0},{"pi":"15334","pc":"Одежда и обувь","ss":500,"td":"Центр города","dc":1,"n":322.0,"vc":"более 300","sl":"Очень высокий","sv":"около 50","p":200.0,"q":5.0,"b":0.0,"wi":0.18,"ei":4.27,"as":150.27,"mi":"E","mv":16767,"sc":2,"lpe":99.74,"lpr":91.08,"lq":1.0},{"pi":"15334","pc":"Одежда и обувь","ss":100,"td":"Центр города","dc":1,"n":45.97,"vc":"около 50","sl":"Высокий","sv":"менее 50","p":118.77,"q":1.07,"b":0.0,"wi":0.18,"ei":4.27,"as":150.27,"mi":"E","mv":16767,"sc":2,"lpe":99.74,"lpr":91.08,"lq":1.0},{"pi":"15334","pc":"Одежда и обувь","ss":100,"td":"Фешенебельный район","dc":1,"n":33.0,"vc":"менее 50","sl":"Очень высокий","sv":"менее 50","p":84.0,"q":1.0,"b":0.0,"wi":0.17,"ei":3.71,"as":138.79,"mi":"E","mv":356713,"sc":1,"lpe":100.0,"lpr":84.96,"lq":1.0},{"pi":"15334","pc":"Одежда и обувь","ss":100,"td":"Фешенебельный район","dc":1,"n":33.0,"vc":"менее 50","sl":"Очень высокий","sv":"менее 50","p":84.0,"q":1.0,"b":0.0,"wi":0.17,"ei":3.71,"as":138.79,"mi":"E","mv":356713,"sc":1,"lpe":100.0,"lpr":84.96,"lq":1.0},{"pi":"15334","pc":"Одежда и обувь","ss":100,"td":"Фешенебельный район","dc":1,"n":33.0,"vc":"менее 50","sl":"Очень высокий","sv":"менее 50","p":84.0,"q":1.0,"b":0.0,"wi":0.17,"ei":3.71,"as":138.79,"mi":"E","mv":356713,"sc":1,"lpe":100.0,"lpr":84.96,"lq":1.0},{"pi":"15334","pc":"Одежда и обувь","ss":100,"td":"Фешенебельный район","dc":1,"n":33.0,"vc":"менее 50","sl":"Очень высокий","sv":"менее 50","p":84.0,"q":1.0,"b":0.0,"wi":0.17,"ei":3.71,"as":138.79,"mi":"E","mv":356713,"sc":1,"lpe":100.0,"lpr":84.96,"lq":1.0},{"pi":"15334","pc":"Одежда и обувь","ss":100,"td":"Центр города","dc":1,"n":48.9,"vc":"около 100","sl":"Низкий","sv":"менее 50","p":91.94,"q":1.05,"b":0.0,"wi":0.15,"ei":4.22,"as":130.7,"mi":"E","mv":153480,"sc":2,"lpe":99.99,"lpr":80.25,"lq":1.0},{"pi":"15334","pc":"Одежда и обувь","ss":100,"td":"Центр города","dc":1,"n":48.9,"vc":"около 100","sl":"Низкий","sv":"менее 50","p":91.94,"q":1.05,"b":0.0,"wi":0.15,"ei":4.22,"as":130.7,"mi":"E","mv":153480,"sc":2,"lpe":99.99,"lpr":80.25,"lq":1.0},{"pi":"15334","pc":"Одежда и обувь","ss":100,"td":"Центр города","dc":1,"n":48.9,"vc":"около 100","sl":"Низкий","sv":"менее 50","p":91.94,"q":1.05,"b":0.0,"wi":0.15,"ei":4.22,"as":130.7,"mi":"E","mv":153480,"sc":2,"lpe":99.99,"lpr":80.25,"lq":1.0},{"pi":"15334","pc":"Одежда и обувь","ss":100,"td":"Центр города","dc":1,"n":43.28,"vc":"около 100","sl":"Низкий","sv":"менее 50","p":97.65,"q":1.05,"b":0.0,"wi":0.15,"ei":4.22,"as":130.7,"mi":"E","mv":153480,"sc":2,"lpe":99.99,"lpr":80.25,"lq":1.0},{"pi":"15334","pc":"Одежда и обувь","ss":100,"td":"Центр города","dc":1,"n":48.9,"vc":"около 100","sl":"Низкий","sv":"менее 50","p":91.94,"q":1.05,"b":0.0,"wi":0.15,"ei":4.22,"as":130.7,"mi":"E","mv":153480,"sc":2,"lpe":99.99,"lpr":80.25,"lq":1.0},{"pi":"15334","pc":"Одежда и обувь","ss":100,"td":"Центр города","dc":1,"n":43.28,"vc":"около 100","sl":"Низкий","sv":"менее 50","p":97.65,"q":1.05,"b":0.0,"wi":0.15,"ei":4.22,"as":130.7,"mi":"E","mv":153480,"sc":2,"lpe":99.99,"lpr":80.25,"lq":1.0},{"pi":"15334","pc":"Одежда и обувь","ss":100,"td":"Центр города","dc":1,"n":43.47,"vc":"около 50","sl":"Нормальный","sv":"менее 50","p":90.0,"q":1.0,"b":0.0,"wi":0.16,"ei":4.27,"as":145.48,"mi":"E","mv":82455,"sc":2,"lpe":99.98,"lpr":88.84,"lq":1.0},{"pi":"15334","pc":"Одежда и обувь","ss":100,"td":"Центр города","dc":1,"n":49.02,"vc":"около 50","sl":"Нормальный","sv":"менее 50","p":100.22,"q":1.05,"b":0.0,"wi":0.16,"ei":4.27,"as":145.48,"mi":"E","mv":82455,"sc":2,"lpe":99.98,"lpr":88.84,"lq":1.0},{"pi":"15334","pc":"Одежда и обувь","ss":100,"td":"Центр города","dc":1,"n":43.47,"vc":"около 50","sl":"Нормальный","sv":"менее 50","p":90.0,"q":1.0,"b":0.0,"wi":0.16,"ei":4.27,"as":145.48,"mi":"E","mv":82455,"sc":2,"lpe":99.98,"lpr":88.84,"lq":1.0},{"pi":"15334","pc":"Одежда и обувь","ss":100,"td":"Центр города","dc":1,"n":49.02,"vc":"около 50","sl":"Нормальный","sv":"менее 50","p":100.22,"q":1.05,"b":0.0,"wi":0.16,"ei":4.27,"as":145.48,"mi":"E","mv":82455,"sc":2,"lpe":99.98,"lpr":88.84,"lq":1.0},{"pi":"15334","pc":"Одежда и обувь","ss":100,"td":"Центр города","dc":1,"n":43.47,"vc":"около 50","sl":"Нормальный","sv":"менее 50","p":90.0,"q":1.0,"b":0.0,"wi":0.16,"ei":4.27,"as":145.48,"mi":"E","mv":82455,"sc":2,"lpe":99.98,"lpr":88.84,"lq":1.0},{"pi":"15334","pc":"Одежда и обувь","ss":100,"td":"Центр города","dc":1,"n":49.02,"vc":"около 50","sl":"Нормальный","sv":"менее 50","p":100.22,"q":1.05,"b":0.0,"wi":0.16,"ei":4.27,"as":145.48,"mi":"E","mv":82455,"sc":2,"lpe":99.98,"lpr":88.84,"lq":1.0},{"pi":"15334","pc":"Одежда и обувь","ss":100,"td":"Центр города","dc":1,"n":43.47,"vc":"около 50","sl":"Нормальный","sv":"менее 50","p":90.0,"q":1.0,"b":0.0,"wi":0.16,"ei":4.27,"as":145.48,"mi":"E","mv":82455,"sc":2,"lpe":99.98,"lpr":88.84,"lq":1.0},{"pi":"15334","pc":"Одежда и обувь","ss":100,"td":"Центр города","dc":1,"n":49.02,"vc":"около 50","sl":"Нормальный","sv":"менее 50","p":100.22,"q":1.05,"b":0.0,"wi":0.16,"ei":4.27,"as":145.48,"mi":"E","mv":82455,"sc":2,"lpe":99.98,"lpr":88.84,"lq":1.0},{"pi":"15334","pc":"Одежда и обувь","ss":100,"td":"Центр города","dc":1,"n":49.88,"vc":"около 50","sl":"Нормальный","sv":"менее 50","p":71.19,"q":1.05,"b":0.0,"wi":0.11,"ei":3.64,"as":105.12,"mi":"E","mv":56932,"sc":2,"lpe":99.97,"lpr":65.46,"lq":1.0},{"pi":"15334","pc":"Одежда и обувь","ss":100,"td":"Центр города","dc":1,"n":48.9,"vc":"около 50","sl":"Высокий","sv":"менее 50","p":76.25,"q":1.05,"b":0.0,"wi":0.11,"ei":3.64,"as":105.12,"mi":"E","mv":56932,"sc":2,"lpe":99.97,"lpr":65.46,"lq":1.0},{"pi":"15334","pc":"Одежда и обувь","ss":100,"td":"Центр города","dc":1,"n":49.88,"vc":"около 50","sl":"Нормальный","sv":"менее 50","p":71.19,"q":1.05,"b":0.0,"wi":0.11,"ei":3.64,"as":105.12,"mi":"E","mv":56932,"sc":2,"lpe":99.97,"lpr":65.46,"lq":1.0},{"pi":"15334","pc":"Одежда и обувь","ss":100,"td":"Центр города","dc":1,"n":48.9,"vc":"около 50","sl":"Высокий","sv":"менее 50","p":76.25,"q":1.05,"b":0.0,"wi":0.11,"ei":3.64,"as":105.12,"mi":"E","mv":56932,"sc":2,"lpe":99.97,"lpr":65.46,"lq":1.0},{"pi":"15334","pc":"Одежда и обувь","ss":100,"td":"Центр города","dc":1,"n":49.88,"vc":"около 50","sl":"Нормальный","sv":"менее 50","p":71.19,"q":1.05,"b":0.0,"wi":0.11,"ei":3.64,"as":105.12,"mi":"E","mv":56932,"sc":2,"lpe":99.97,"lpr":65.46,"lq":1.0},{"pi":"15334","pc":"Одежда и обувь","ss":100,"td":"Центр города","dc":1,"n":48.9,"vc":"около 50","sl":"Высокий","sv":"менее 50","p":76.25,"q":1.05,"b":0.0,"wi":0.11,"ei":3.64,"as":105.12,"mi":"E","mv":56932,"sc":2,"lpe":99.97,"lpr":65.46,"lq":1.0},{"pi":"15334","pc":"Одежда и обувь","ss":100,"td":"Центр города","dc":1,"n":49.88,"vc":"около 50","sl":"Нормальный","sv":"менее 50","p":71.19,"q":1.05,"b":0.0,"wi":0.11,"ei":3.64,"as":105.12,"mi":"E","mv":56932,"sc":2,"lpe":99.97,"lpr":65.46,"lq":1.0},{"pi":"15334","pc":"Одежда и обувь","ss":100,"td":"Центр города","dc":1,"n":48.9,"vc":"около 50","sl":"Высокий","sv":"менее 50","p":76.25,"q":1.05,"b":0.0,"wi":0.11,"ei":3.64,"as":105.12,"mi":"E","mv":56932,"sc":2,"lpe":99.97,"lpr":65.46,"lq":1.0},{"pi":"15334","pc":"Одежда и обувь","ss":100,"td":"Центр города","dc":1,"n":49.75,"vc":"около 50","sl":"Высокий","sv":"менее 50","p":93.15,"q":1.05,"b":0.0,"wi":0.15,"ei":4.26,"as":141.04,"mi":"E","mv":53427,"sc":1,"lpe":99.98,"lpr":86.27,"lq":1.0},{"pi":"15334","pc":"Одежда и обувь","ss":100,"td":"Центр города","dc":1,"n":49.75,"vc":"около 50","sl":"Высокий","sv":"менее 50","p":93.15,"q":1.05,"b":0.0,"wi":0.15,"ei":4.26,"as":141.04,"mi":"E","mv":53427,"sc":1,"lpe":99.98,"lpr":86.27,"lq":1.0},{"pi":"15334","pc":"Одежда и обувь","ss":100,"td":"Центр города","dc":1,"n":49.75,"vc":"около 50","sl":"Высокий","sv":"менее 50","p":93.15,"q":1.05,"b":0.0,"wi":0.15,"ei":4.26,"as":141.04,"mi":"E","mv":53427,"sc":1,"lpe":99.98,"lpr":86.27,"lq":1.0},{"pi":"15334","pc":"Одежда и обувь","ss":100,"td":"Центр города","dc":1,"n":49.75,"vc":"около 50","sl":"Высокий","sv":"менее 50","p":93.15,"q":1.05,"b":0.0,"wi":0.15,"ei":4.26,"as":141.04,"mi":"E","mv":53427,"sc":1,"lpe":99.98,"lpr":86.27,"lq":1.0},{"pi":"15334","pc":"Одежда и обувь","ss":100,"td":"Центр города","dc":1,"n":49.5,"vc":"около 100","sl":"Низкий","sv":"менее 50","p":99.01,"q":1.05,"b":0.0,"wi":0.18,"ei":4.01,"as":153.22,"mi":"E","mv":133596,"sc":2,"lpe":99.99,"lpr":93.38,"lq":1.0},{"pi":"15334","pc":"Одежда и обувь","ss":100,"td":"Центр города","dc":1,"n":48.07,"vc":"около 50","sl":"Нормальный","sv":"менее 50","p":116.95,"q":1.05,"b":0.0,"wi":0.18,"ei":4.01,"as":153.22,"mi":"E","mv":133596,"sc":2,"lpe":99.99,"lpr":93.38,"lq":1.0},{"pi":"15334","pc":"Одежда и обувь","ss":100,"td":"Центр города","dc":1,"n":49.5,"vc":"около 100","sl":"Низкий","sv":"менее 50","p":99.01,"q":1.05,"b":0.0,"wi":0.18,"ei":4.01,"as":153.22,"mi":"E","mv":133596,"sc":2,"lpe":99.99,"lpr":93.38,"lq":1.0},{"pi":"15334","pc":"Одежда и обувь","ss":100,"td":"Центр города","dc":1,"n":48.07,"vc":"около 50","sl":"Нормальный","sv":"менее 50","p":116.95,"q":1.05,"b":0.0,"wi":0.18,"ei":4.01,"as":153.22,"mi":"E","mv":133596,"sc":2,"lpe":99.99,"lpr":93.38,"lq":1.0},{"pi":"15334","pc":"Одежда и обувь","ss":100,"td":"Центр города","dc":1,"n":49.5,"vc":"около 100","sl":"Низкий","sv":"менее 50","p":99.01,"q":1.05,"b":0.0,"wi":0.18,"ei":4.01,"as":153.22,"mi":"E","mv":133596,"sc":2,"lpe":99.99,"lpr":93.38,"lq":1.0},{"pi":"15334","pc":"Одежда и обувь","ss":100,"td":"Центр города","dc":1,"n":48.07,"vc":"около 50","sl":"Нормальный","sv":"менее 50","p":116.95,"q":1.05,"b":0.0,"wi":0.18,"ei":4.01,"as":153.22,"mi":"E","mv":133596,"sc":2,"lpe":99.99,"lpr":93.38,"lq":1.0},{"pi":"15334","pc":"Одежда и обувь","ss":100,"td":"Центр города","dc":1,"n":49.5,"vc":"около 100","sl":"Низкий","sv":"менее 50","p":99.01,"q":1.05,"b":0.0,"wi":0.18,"ei":4.01,"as":153.22,"mi":"E","mv":133596,"sc":2,"lpe":99.99,"lpr":93.38,"lq":1.0},{"pi":"15334","pc":"Одежда и обувь","ss":100,"td":"Центр города","dc":1,"n":48.07,"vc":"около 50","sl":"Нормальный","sv":"менее 50","p":116.95,"q":1.05,"b":0.0,"wi":0.18,"ei":4.01,"as":153.22,"mi":"E","mv":133596,"sc":2,"lpe":99.99,"lpr":93.38,"lq":1.0},{"pi":"15334","pc":"Одежда и обувь","ss":100,"td":"Центр города","dc":1,"n":48.31,"vc":"около 50","sl":"Нормальный","sv":"менее 50","p":112.68,"q":1.05,"b":0.0,"wi":0.13,"ei":4.17,"as":148.84,"mi":"E","mv":51093,"sc":1,"lpe":99.99,"lpr":91.39,"lq":1.0},{"pi":"15334","pc":"Одежда и обувь","ss":100,"td":"Центр города","dc":1,"n":48.31,"vc":"около 50","sl":"Нормальный","sv":"менее 50","p":112.68,"q":1.05,"b":0.0,"wi":0.13,"ei":4.17,"as":148.84,"mi":"E","mv":51093,"sc":1,"lpe":99.99,"lpr":91.39,"lq":1.0},{"pi":"15334","pc":"Одежда и обувь","ss":100,"td":"Центр города","dc":1,"n":48.31,"vc":"около 50","sl":"Нормальный","sv":"менее 50","p":112.68,"q":1.05,"b":0.0,"wi":0.13,"ei":4.17,"as":148.84,"mi":"E","mv":51093,"sc":1,"lpe":99.99,"lpr":91.39,"lq":1.0},{"pi":"15334","pc":"Одежда и обувь","ss":100,"td":"Центр города","dc":1,"n":48.31,"vc":"около 50","sl":"Нормальный","sv":"менее 50","p":112.68,"q":1.05,"b":0.0,"wi":0.13,"ei":4.17,"as":148.84,"mi":"E","mv":51093,"sc":1,"lpe":99.99,"lpr":91.39,"lq":1.0},{"pi":"15334","pc":"Одежда и обувь","ss":1000,"td":"Центр города","dc":3,"n":23.5,"vc":"около 1 000","sl":"Очень высокий","sv":"более 200","p":430.0,"q":1.0,"b":0.0,"wi":0.65,"ei":4.1,"as":730.0,"mi":"E","mv":1527373,"sc":1,"lpe":99.98,"lpr":430.42,"lq":1.0},{"pi":"15334","pc":"Одежда и обувь","ss":1000,"td":"Центр города","dc":3,"n":23.5,"vc":"около 1 000","sl":"Очень высокий","sv":"более 200","p":430.0,"q":1.0,"b":0.0,"wi":0.65,"ei":4.1,"as":730.0,"mi":"E","mv":1527373,"sc":1,"lpe":99.98,"lpr":430.42,"lq":1.0},{"pi":"15334","pc":"Одежда и обувь","ss":1000,"td":"Центр города","dc":3,"n":23.5,"vc":"около 1 000","sl":"Очень высокий","sv":"более 200","p":430.0,"q":1.0,"b":0.0,"wi":0.65,"ei":4.1,"as":730.0,"mi":"E","mv":1527373,"sc":1,"lpe":99.98,"lpr":430.42,"lq":1.0},{"pi":"15334","pc":"Одежда и обувь","ss":1000,"td":"Центр города","dc":3,"n":23.5,"vc":"около 1 000","sl":"Очень высокий","sv":"более 200","p":430.0,"q":1.0,"b":0.0,"wi":0.65,"ei":4.1,"as":730.0,"mi":"E","mv":1527373,"sc":1,"lpe":99.98,"lpr":430.42,"lq":1.0},{"pi":"15334","pc":"Одежда и обувь","ss":1000,"td":"Центр города","dc":3,"n":23.5,"vc":"около 1 000","sl":"Очень высокий","sv":"более 200","p":430.0,"q":1.0,"b":0.0,"wi":0.65,"ei":4.1,"as":730.0,"mi":"E","mv":1527373,"sc":1,"lpe":99.98,"lpr":430.42,"lq":1.0},{"pi":"15334","pc":"Одежда и обувь","ss":1000,"td":"Центр города","dc":3,"n":23.5,"vc":"около 1 000","sl":"Очень высокий","sv":"более 200","p":430.0,"q":1.0,"b":0.0,"wi":0.65,"ei":4.1,"as":730.0,"mi":"E","mv":1527373,"sc":1,"lpe":99.98,"lpr":430.42,"lq":1.0},{"pi":"15334","pc":"Одежда и обувь","ss":1000,"td":"Центр города","dc":3,"n":23.5,"vc":"около 1 000","sl":"Очень высокий","sv":"более 200","p":430.0,"q":1.0,"b":0.0,"wi":0.65,"ei":4.1,"as":730.0,"mi":"E","mv":1527373,"sc":1,"lpe":99.98,"lpr":430.42,"lq":1.0},{"pi":"15334","pc":"Одежда и обувь","ss":1000,"td":"Центр города","dc":3,"n":23.5,"vc":"около 1 000","sl":"Очень высокий","sv":"более 200","p":430.0,"q":1.0,"b":0.0,"wi":0.65,"ei":4.1,"as":730.0,"mi":"E","mv":1527373,"sc":1,"lpe":99.98,"lpr":430.42,"lq":1.0},{"pi":"15334","pc":"Одежда и обувь","ss":1000,"td":"Центр города","dc":3,"n":23.5,"vc":"около 1 000","sl":"Очень высокий","sv":"более 200","p":430.0,"q":1.0,"b":0.0,"wi":0.65,"ei":4.1,"as":730.0,"mi":"E","mv":1527373,"sc":1,"lpe":99.98,"lpr":430.42,"lq":1.0},{"pi":"15334","pc":"Одежда и обувь","ss":1000,"td":"Центр города","dc":3,"n":23.5,"vc":"около 1 000","sl":"Очень высокий","sv":"более 200","p":430.0,"q":1.0,"b":0.0,"wi":0.65,"ei":4.1,"as":730.0,"mi":"E","mv":1527373,"sc":1,"lpe":99.98,"lpr":430.42,"lq":1.0},{"pi":"15334","pc":"Одежда и обувь","ss":1000,"td":"Центр города","dc":3,"n":23.5,"vc":"около 1 000","sl":"Очень высокий","sv":"более 200","p":430.0,"q":1.0,"b":0.0,"wi":0.65,"ei":4.1,"as":730.0,"mi":"E","mv":1527373,"sc":1,"lpe":99.98,"lpr":430.42,"lq":1.0},{"pi":"15334","pc":"Одежда и обувь","ss":1000,"td":"Центр города","dc":3,"n":23.5,"vc":"около 1 000","sl":"Очень высокий","sv":"более 200","p":430.0,"q":1.0,"b":0.0,"wi":0.65,"ei":4.1,"as":730.0,"mi":"E","mv":1527373,"sc":1,"lpe":99.98,"lpr":430.42,"lq":1.0},{"pi":"15334","pc":"Одежда и обувь","ss":100,"td":"Центр города","dc":1,"n":45.97,"vc":"около 100","sl":"Нормальный","sv":"менее 50","p":122.0,"q":1.05,"b":0.0,"wi":0.15,"ei":4.21,"as":151.88,"mi":"E","mv":294005,"sc":1,"lpe":100.0,"lpr":93.17,"lq":1.0},{"pi":"15334","pc":"Одежда и обувь","ss":100,"td":"Окраина","dc":3,"n":53.89,"vc":"около 50","sl":"Низкий","sv":"менее 50","p":125.0,"q":1.0,"b":0.0,"wi":0.18,"ei":4.36,"as":208.4,"mi":"E","mv":535597,"sc":1,"lpe":100.0,"lpr":126.24,"lq":1.0},{"pi":"15334","pc":"Одежда и обувь","ss":100,"td":"Окраина","dc":3,"n":53.89,"vc":"около 50","sl":"Низкий","sv":"менее 50","p":125.0,"q":1.0,"b":0.0,"wi":0.18,"ei":4.36,"as":208.4,"mi":"E","mv":535597,"sc":1,"lpe":100.0,"lpr":126.24,"lq":1.0},{"pi":"15334","pc":"Одежда и обувь","ss":100,"td":"Окраина","dc":3,"n":53.89,"vc":"около 50","sl":"Низкий","sv":"менее 50","p":125.0,"q":1.0,"b":0.0,"wi":0.18,"ei":4.36,"as":208.4,"mi":"E","mv":535597,"sc":1,"lpe":100.0,"lpr":126.24,"lq":1.0},{"pi":"15334","pc":"Одежда и обувь","ss":100,"td":"Окраина","dc":3,"n":53.89,"vc":"около 50","sl":"Низкий","sv":"менее 50","p":125.0,"q":1.0,"b":0.0,"wi":0.18,"ei":4.36,"as":208.4,"mi":"E","mv":535597,"sc":1,"lpe":100.0,"lpr":126.24,"lq":1.0},{"pi":"15334","pc":"Одежда и обувь","ss":100,"td":"Окраина","dc":3,"n":53.89,"vc":"около 50","sl":"Низкий","sv":"менее 50","p":125.0,"q":1.0,"b":0.0,"wi":0.18,"ei":4.36,"as":208.4,"mi":"E","mv":535597,"sc":1,"lpe":100.0,"lpr":126.24,"lq":1.0},{"pi":"15334","pc":"Одежда и обувь","ss":100,"td":"Окраина","dc":3,"n":53.89,"vc":"около 50","sl":"Низкий","sv":"менее 50","p":125.0,"q":1.0,"b":0.0,"wi":0.18,"ei":4.36,"as":208.4,"mi":"E","mv":535597,"sc":1,"lpe":100.0,"lpr":126.24,"lq":1.0},{"pi":"15334","pc":"Одежда и обувь","ss":100,"td":"Окраина","dc":3,"n":53.89,"vc":"около 50","sl":"Низкий","sv":"менее 50","p":125.0,"q":1.0,"b":0.0,"wi":0.18,"ei":4.36,"as":208.4,"mi":"E","mv":535597,"sc":1,"lpe":100.0,"lpr":126.24,"lq":1.0},{"pi":"15334","pc":"Одежда и обувь","ss":100,"td":"Окраина","dc":3,"n":53.89,"vc":"около 50","sl":"Низкий","sv":"менее 50","p":125.0,"q":1.0,"b":0.0,"wi":0.18,"ei":4.36,"as":208.4,"mi":"E","mv":535597,"sc":1,"lpe":100.0,"lpr":126.24,"lq":1.0},{"pi":"15334","pc":"Одежда и обувь","ss":100,"td":"Окраина","dc":3,"n":53.89,"vc":"около 50","sl":"Низкий","sv":"менее 50","p":125.0,"q":1.0,"b":0.0,"wi":0.18,"ei":4.36,"as":208.4,"mi":"E","mv":535597,"sc":1,"lpe":100.0,"lpr":126.24,"lq":1.0},{"pi":"15334","pc":"Одежда и обувь","ss":100,"td":"Окраина","dc":3,"n":53.89,"vc":"около 50","sl":"Низкий","sv":"менее 50","p":125.0,"q":1.0,"b":0.0,"wi":0.18,"ei":4.36,"as":208.4,"mi":"E","mv":535597,"sc":1,"lpe":100.0,"lpr":126.24,"lq":1.0},{"pi":"15334","pc":"Одежда и обувь","ss":100,"td":"Центр города","dc":1,"n":46.5,"vc":"около 50","sl":"Очень низкий","sv":"менее 50","p":77.92,"q":1.05,"b":0.0,"wi":0.14,"ei":3.71,"as":101.4,"mi":"E","mv":30675,"sc":2,"lpe":99.99,"lpr":62.59,"lq":1.0},{"pi":"15334","pc":"Одежда и обувь","ss":100,"td":"Центр города","dc":1,"n":46.5,"vc":"около 50","sl":"Очень низкий","sv":"менее 50","p":77.92,"q":1.05,"b":0.0,"wi":0.14,"ei":3.71,"as":101.4,"mi":"E","mv":30675,"sc":2,"lpe":99.99,"lpr":62.59,"lq":1.0},{"pi":"15334","pc":"Одежда и обувь","ss":100,"td":"Центр города","dc":1,"n":46.5,"vc":"около 50","sl":"Очень низкий","sv":"менее 50","p":77.92,"q":1.05,"b":0.0,"wi":0.14,"ei":3.71,"as":101.4,"mi":"E","mv":30675,"sc":2,"lpe":99.99,"lpr":62.59,"lq":1.0},{"pi":"15334","pc":"Одежда и обувь","ss":100,"td":"Центр города","dc":1,"n":46.5,"vc":"около 50","sl":"Очень низкий","sv":"менее 50","p":77.92,"q":1.05,"b":0.0,"wi":0.14,"ei":3.71,"as":101.4,"mi":"E","mv":30675,"sc":2,"lpe":99.99,"lpr":62.59,"lq":1.0},{"pi":"15334","pc":"Одежда и обувь","ss":100,"td":"Центр города","dc":1,"n":43.0,"vc":"около 50","sl":"Высокий","sv":"менее 50","p":79.93,"q":1.05,"b":0.0,"wi":0.14,"ei":3.71,"as":101.4,"mi":"E","mv":30675,"sc":2,"lpe":99.99,"lpr":62.59,"lq":1.0},{"pi":"15334","pc":"Одежда и обувь","ss":100,"td":"Центр города","dc":1,"n":47.73,"vc":"менее 50","sl":"Очень высокий","sv":"менее 50","p":67.76,"q":1.05,"b":0.0,"wi":0.11,"ei":4.01,"as":80.78,"mi":"E","mv":13253,"sc":3,"lpe":99.95,"lpr":50.24,"lq":1.0},{"pi":"15334","pc":"Одежда и обувь","ss":100,"td":"Центр города","dc":1,"n":47.96,"vc":"около 50","sl":"Высокий","sv":"менее 50","p":66.41,"q":1.05,"b":0.0,"wi":0.11,"ei":4.01,"as":80.78,"mi":"E","mv":13253,"sc":3,"lpe":99.95,"lpr":50.24,"lq":1.0},{"pi":"15334","pc":"Одежда и обувь","ss":100,"td":"Центр города","dc":1,"n":47.73,"vc":"менее 50","sl":"Очень высокий","sv":"менее 50","p":67.76,"q":1.05,"b":0.0,"wi":0.11,"ei":4.01,"as":80.78,"mi":"E","mv":13253,"sc":3,"lpe":99.95,"lpr":50.24,"lq":1.0},{"pi":"15334","pc":"Одежда и обувь","ss":100,"td":"Центр города","dc":1,"n":47.96,"vc":"около 50","sl":"Высокий","sv":"менее 50","p":66.41,"q":1.05,"b":0.0,"wi":0.11,"ei":4.01,"as":80.78,"mi":"E","mv":13253,"sc":3,"lpe":99.95,"lpr":50.24,"lq":1.0},{"pi":"15334","pc":"Одежда и обувь","ss":100,"td":"Центр города","dc":1,"n":47.73,"vc":"менее 50","sl":"Очень высокий","sv":"менее 50","p":67.76,"q":1.05,"b":0.0,"wi":0.11,"ei":4.01,"as":80.78,"mi":"E","mv":13253,"sc":3,"lpe":99.95,"lpr":50.24,"lq":1.0},{"pi":"15334","pc":"Одежда и обувь","ss":100,"td":"Центр города","dc":1,"n":47.96,"vc":"около 50","sl":"Высокий","sv":"менее 50","p":66.41,"q":1.05,"b":0.0,"wi":0.11,"ei":4.01,"as":80.78,"mi":"E","mv":13253,"sc":3,"lpe":99.95,"lpr":50.24,"lq":1.0},{"pi":"15334","pc":"Одежда и обувь","ss":100,"td":"Центр города","dc":1,"n":47.73,"vc":"менее 50","sl":"Очень высокий","sv":"менее 50","p":67.76,"q":1.05,"b":0.0,"wi":0.11,"ei":4.01,"as":80.78,"mi":"E","mv":13253,"sc":3,"lpe":99.95,"lpr":50.24,"lq":1.0},{"pi":"15334","pc":"Одежда и обувь","ss":100,"td":"Центр города","dc":1,"n":47.96,"vc":"около 50","sl":"Высокий","sv":"менее 50","p":66.41,"q":1.05,"b":0.0,"wi":0.11,"ei":4.01,"as":80.78,"mi":"E","mv":13253,"sc":3,"lpe":99.95,"lpr":50.24,"lq":1.0},{"pi":"15334","pc":"Одежда и обувь","ss":100,"td":"Центр города","dc":1,"n":42.72,"vc":"около 50","sl":"Высокий","sv":"менее 50","p":65.78,"q":1.05,"b":0.0,"wi":0.11,"ei":4.01,"as":80.78,"mi":"E","mv":13253,"sc":3,"lpe":99.95,"lpr":50.24,"lq":1.0},{"pi":"15334","pc":"Одежда и обувь","ss":1000,"td":"Центр города","dc":3,"n":3.7,"vc":"около 1 000","sl":"Очень высокий","sv":"около 50","p":900.0,"q":1.0,"b":0.0,"wi":1.48,"ei":8.5,"as":1540.0,"mi":"E","mv":1963522,"sc":1,"lpe":100.0,"lpr":904.11,"lq":1.0},{"pi":"15334","pc":"Одежда и обувь","ss":1000,"td":"Центр города","dc":3,"n":3.7,"vc":"около 1 000","sl":"Очень высокий","sv":"около 50","p":900.0,"q":1.0,"b":0.0,"wi":1.48,"ei":8.5,"as":1540.0,"mi":"E","mv":1963522,"sc":1,"lpe":100.0,"lpr":904.11,"lq":1.0},{"pi":"15334","pc":"Одежда и обувь","ss":1000,"td":"Центр города","dc":3,"n":3.7,"vc":"около 1 000","sl":"Очень высокий","sv":"около 50","p":900.0,"q":1.0,"b":0.0,"wi":1.48,"ei":8.5,"as":1540.0,"mi":"E","mv":1963522,"sc":1,"lpe":100.0,"lpr":904.11,"lq":1.0},{"pi":"15334","pc":"Одежда и обувь","ss":1000,"td":"Центр города","dc":3,"n":3.7,"vc":"около 1 000","sl":"Очень высокий","sv":"около 50","p":900.0,"q":1.0,"b":0.0,"wi":1.48,"ei":8.5,"as":1540.0,"mi":"E","mv":1963522,"sc":1,"lpe":100.0,"lpr":904.11,"lq":1.0},{"pi":"15334","pc":"Одежда и обувь","ss":1000,"td":"Центр города","dc":3,"n":3.7,"vc":"около 1 000","sl":"Очень высокий","sv":"около 50","p":900.0,"q":1.0,"b":0.0,"wi":1.48,"ei":8.5,"as":1540.0,"mi":"E","mv":1963522,"sc":1,"lpe":100.0,"lpr":904.11,"lq":1.0},{"pi":"15334","pc":"Одежда и обувь","ss":1000,"td":"Центр города","dc":3,"n":3.7,"vc":"около 1 000","sl":"Очень высокий","sv":"около 50","p":900.0,"q":1.0,"b":0.0,"wi":1.48,"ei":8.5,"as":1540.0,"mi":"E","mv":1963522,"sc":1,"lpe":100.0,"lpr":904.11,"lq":1.0},{"pi":"15334","pc":"Одежда и обувь","ss":1000,"td":"Центр города","dc":3,"n":3.7,"vc":"около 1 000","sl":"Очень высокий","sv":"около 50","p":900.0,"q":1.0,"b":0.0,"wi":1.48,"ei":8.5,"as":1540.0,"mi":"E","mv":1963522,"sc":1,"lpe":100.0,"lpr":904.11,"lq":1.0},{"pi":"15334","pc":"Одежда и обувь","ss":1000,"td":"Центр города","dc":3,"n":3.7,"vc":"около 1 000","sl":"Очень высокий","sv":"около 50","p":900.0,"q":1.0,"b":0.0,"wi":1.48,"ei":8.5,"as":1540.0,"mi":"E","mv":1963522,"sc":1,"lpe":100.0,"lpr":904.11,"lq":1.0},{"pi":"15334","pc":"Одежда и обувь","ss":1000,"td":"Центр города","dc":3,"n":3.7,"vc":"около 1 000","sl":"Очень высокий","sv":"около 50","p":900.0,"q":1.0,"b":0.0,"wi":1.48,"ei":8.5,"as":1540.0,"mi":"E","mv":1963522,"sc":1,"lpe":100.0,"lpr":904.11,"lq":1.0},{"pi":"15334","pc":"Одежда и обувь","ss":1000,"td":"Центр города","dc":3,"n":3.7,"vc":"около 1 000","sl":"Очень высокий","sv":"около 50","p":900.0,"q":1.0,"b":0.0,"wi":1.48,"ei":8.5,"as":1540.0,"mi":"E","mv":1963522,"sc":1,"lpe":100.0,"lpr":904.11,"lq":1.0},{"pi":"15334","pc":"Одежда и обувь","ss":1000,"td":"Центр города","dc":3,"n":3.7,"vc":"около 1 000","sl":"Очень высокий","sv":"около 50","p":900.0,"q":1.0,"b":0.0,"wi":1.48,"ei":8.5,"as":1540.0,"mi":"E","mv":1963522,"sc":1,"lpe":100.0,"lpr":904.11,"lq":1.0},{"pi":"15334","pc":"Одежда и обувь","ss":1000,"td":"Центр города","dc":3,"n":3.7,"vc":"около 1 000","sl":"Очень высокий","sv":"около 50","p":900.0,"q":1.0,"b":0.0,"wi":1.48,"ei":8.5,"as":1540.0,"mi":"E","mv":1963522,"sc":1,"lpe":100.0,"lpr":904.11,"lq":1.0},{"pi":"15334","pc":"Одежда и обувь","ss":100,"td":"Центр города","dc":1,"n":47.96,"vc":"более 100","sl":"Низкий","sv":"менее 50","p":209.01,"q":1.05,"b":0.0,"wi":0.26,"ei":4.4,"as":273.11,"mi":"E","mv":588984,"sc":1,"lpe":100.0,"lpr":163.88,"lq":1.0},{"pi":"15334","pc":"Одежда и обувь","ss":100,"td":"Центр города","dc":1,"n":47.96,"vc":"более 100","sl":"Низкий","sv":"менее 50","p":209.01,"q":1.05,"b":0.0,"wi":0.26,"ei":4.4,"as":273.11,"mi":"E","mv":588984,"sc":1,"lpe":100.0,"lpr":163.88,"lq":1.0},{"pi":"15334","pc":"Одежда и обувь","ss":100,"td":"Центр города","dc":1,"n":48.19,"vc":"около 100","sl":"Низкий","sv":"менее 50","p":132.4,"q":1.05,"b":0.0,"wi":0.2,"ei":4.22,"as":177.8,"mi":"E","mv":399749,"sc":1,"lpe":100.0,"lpr":107.74,"lq":1.0},{"pi":"15334","pc":"Одежда и обувь","ss":100,"td":"Центр города","dc":1,"n":48.19,"vc":"около 100","sl":"Низкий","sv":"менее 50","p":132.4,"q":1.05,"b":0.0,"wi":0.2,"ei":4.22,"as":177.8,"mi":"E","mv":399749,"sc":1,"lpe":100.0,"lpr":107.74,"lq":1.0},{"pi":"15334","pc":"Одежда и обувь","ss":100,"td":"Центр города","dc":1,"n":48.19,"vc":"около 100","sl":"Низкий","sv":"менее 50","p":132.4,"q":1.05,"b":0.0,"wi":0.2,"ei":4.22,"as":177.8,"mi":"E","mv":399749,"sc":1,"lpe":100.0,"lpr":107.74,"lq":1.0},{"pi":"15334","pc":"Одежда и обувь","ss":100,"td":"Центр города","dc":1,"n":48.19,"vc":"около 100","sl":"Низкий","sv":"менее 50","p":132.4,"q":1.05,"b":0.0,"wi":0.2,"ei":4.22,"as":177.8,"mi":"E","mv":399749,"sc":1,"lpe":100.0,"lpr":107.74,"lq":1.0},{"pi":"15334","pc":"Одежда и обувь","ss":100,"td":"Центр города","dc":1,"n":73.66,"vc":"более 100","sl":"Низкий","sv":"менее 50","p":95.76,"q":1.05,"b":0.0,"wi":0.14,"ei":3.0,"as":119.04,"mi":"E","mv":188289,"sc":1,"lpe":100.0,"lpr":72.87,"lq":1.0},{"pi":"15334","pc":"Одежда и обувь","ss":100,"td":"Центр города","dc":1,"n":73.66,"vc":"более 100","sl":"Низкий","sv":"менее 50","p":95.76,"q":1.05,"b":0.0,"wi":0.14,"ei":3.0,"as":119.04,"mi":"E","mv":188289,"sc":1,"lpe":100.0,"lpr":72.87,"lq":1.0},{"pi":"15334","pc":"Одежда и обувь","ss":100,"td":"Центр города","dc":1,"n":73.66,"vc":"более 100","sl":"Низкий","sv":"менее 50","p":95.76,"q":1.05,"b":0.0,"wi":0.14,"ei":3.0,"as":119.04,"mi":"E","mv":188289,"sc":1,"lpe":100.0,"lpr":72.87,"lq":1.0},{"pi":"15334","pc":"Одежда и обувь","ss":100,"td":"Центр города","dc":1,"n":73.66,"vc":"более 100","sl":"Низкий","sv":"менее 50","p":95.76,"q":1.05,"b":0.0,"wi":0.14,"ei":3.0,"as":119.04,"mi":"E","mv":188289,"sc":1,"lpe":100.0,"lpr":72.87,"lq":1.0},{"pi":"15334","pc":"Одежда и обувь","ss":100,"td":"Центр города","dc":1,"n":46.83,"vc":"около 50","sl":"Высокий","sv":"менее 50","p":50.56,"q":1.05,"b":0.0,"wi":0.08,"ei":4.34,"as":57.34,"mi":"E","mv":19351,"sc":1,"lpe":99.99,"lpr":37.24,"lq":1.0},{"pi":"15334","pc":"Одежда и обувь","ss":100,"td":"Центр города","dc":1,"n":46.83,"vc":"около 50","sl":"Высокий","sv":"менее 50","p":50.56,"q":1.05,"b":0.0,"wi":0.08,"ei":4.34,"as":57.34,"mi":"E","mv":19351,"sc":1,"lpe":99.99,"lpr":37.24,"lq":1.0},{"pi":"15334","pc":"Одежда и обувь","ss":100,"td":"Центр города","dc":1,"n":46.83,"vc":"около 50","sl":"Высокий","sv":"менее 50","p":50.56,"q":1.05,"b":0.0,"wi":0.08,"ei":4.34,"as":57.34,"mi":"E","mv":19351,"sc":1,"lpe":99.99,"lpr":37.24,"lq":1.0},{"pi":"15334","pc":"Одежда и обувь","ss":100,"td":"Центр города","dc":1,"n":46.83,"vc":"около 50","sl":"Высокий","sv":"менее 50","p":50.56,"q":1.05,"b":0.0,"wi":0.08,"ei":4.34,"as":57.34,"mi":"E","mv":19351,"sc":1,"lpe":99.99,"lpr":37.24,"lq":1.0},{"pi":"15334","pc":"Одежда и обувь","ss":100,"td":"Центр города","dc":1,"n":47.73,"vc":"около 50","sl":"Высокий","sv":"менее 50","p":108.52,"q":1.05,"b":0.0,"wi":0.16,"ei":3.78,"as":137.75,"mi":"E","mv":12085,"sc":1,"lpe":99.97,"lpr":83.78,"lq":1.0},{"pi":"15334","pc":"Одежда и обувь","ss":100,"td":"Центр города","dc":1,"n":47.73,"vc":"около 50","sl":"Высокий","sv":"менее 50","p":108.52,"q":1.05,"b":0.0,"wi":0.16,"ei":3.78,"as":137.75,"mi":"E","mv":12085,"sc":1,"lpe":99.97,"lpr":83.78,"lq":1.0},{"pi":"15334","pc":"Одежда и обувь","ss":100,"td":"Центр города","dc":1,"n":47.73,"vc":"около 50","sl":"Высокий","sv":"менее 50","p":108.52,"q":1.05,"b":0.0,"wi":0.16,"ei":3.78,"as":137.75,"mi":"E","mv":12085,"sc":1,"lpe":99.97,"lpr":83.78,"lq":1.0},{"pi":"15334","pc":"Одежда и обувь","ss":100,"td":"Центр города","dc":1,"n":47.73,"vc":"около 50","sl":"Высокий","sv":"менее 50","p":108.52,"q":1.05,"b":0.0,"wi":0.16,"ei":3.78,"as":137.75,"mi":"E","mv":12085,"sc":1,"lpe":99.97,"lpr":83.78,"lq":1.0},{"pi":"15334","pc":"Одежда и обувь","ss":500,"td":"Центр города","dc":3,"n":18.06,"vc":"более 100","sl":"Очень высокий","sv":"около 50","p":700.0,"q":1.0,"b":0.0,"wi":1.28,"ei":7.4,"as":1180.0,"mi":"E","mv":177725,"sc":1,"lpe":99.96,"lpr":693.48,"lq":1.0},{"pi":"15334","pc":"Одежда и обувь","ss":500,"td":"Центр города","dc":3,"n":18.06,"vc":"более 100","sl":"Очень высокий","sv":"около 50","p":700.0,"q":1.0,"b":0.0,"wi":1.28,"ei":7.4,"as":1180.0,"mi":"E","mv":177725,"sc":1,"lpe":99.96,"lpr":693.48,"lq":1.0},{"pi":"15334","pc":"Одежда и обувь","ss":500,"td":"Центр города","dc":3,"n":18.06,"vc":"более 100","sl":"Очень высокий","sv":"около 50","p":700.0,"q":1.0,"b":0.0,"wi":1.28,"ei":7.4,"as":1180.0,"mi":"E","mv":177725,"sc":1,"lpe":99.96,"lpr":693.48,"lq":1.0},{"pi":"15334","pc":"Одежда и обувь","ss":500,"td":"Центр города","dc":3,"n":18.06,"vc":"более 100","sl":"Очень высокий","sv":"около 50","p":700.0,"q":1.0,"b":0.0,"wi":1.28,"ei":7.4,"as":1180.0,"mi":"E","mv":177725,"sc":1,"lpe":99.96,"lpr":693.48,"lq":1.0},{"pi":"15334","pc":"Одежда и обувь","ss":500,"td":"Центр города","dc":3,"n":18.06,"vc":"более 100","sl":"Очень высокий","sv":"около 50","p":700.0,"q":1.0,"b":0.0,"wi":1.28,"ei":7.4,"as":1180.0,"mi":"E","mv":177725,"sc":1,"lpe":99.96,"lpr":693.48,"lq":1.0},{"pi":"15334","pc":"Одежда и обувь","ss":500,"td":"Центр города","dc":3,"n":18.06,"vc":"более 100","sl":"Очень высокий","sv":"около 50","p":700.0,"q":1.0,"b":0.0,"wi":1.28,"ei":7.4,"as":1180.0,"mi":"E","mv":177725,"sc":1,"lpe":99.96,"lpr":693.48,"lq":1.0},{"pi":"15334","pc":"Одежда и обувь","ss":500,"td":"Центр города","dc":3,"n":18.06,"vc":"более 100","sl":"Очень высокий","sv":"около 50","p":700.0,"q":1.0,"b":0.0,"wi":1.28,"ei":7.4,"as":1180.0,"mi":"E","mv":177725,"sc":1,"lpe":99.96,"lpr":693.48,"lq":1.0},{"pi":"15334","pc":"Одежда и обувь","ss":500,"td":"Центр города","dc":3,"n":18.06,"vc":"более 100","sl":"Очень высокий","sv":"около 50","p":700.0,"q":1.0,"b":0.0,"wi":1.28,"ei":7.4,"as":1180.0,"mi":"E","mv":177725,"sc":1,"lpe":99.96,"lpr":693.48,"lq":1.0},{"pi":"15334","pc":"Одежда и обувь","ss":500,"td":"Центр города","dc":3,"n":18.06,"vc":"более 100","sl":"Очень высокий","sv":"около 50","p":700.0,"q":1.0,"b":0.0,"wi":1.28,"ei":7.4,"as":1180.0,"mi":"E","mv":177725,"sc":1,"lpe":99.96,"lpr":693.48,"lq":1.0},{"pi":"15334","pc":"Одежда и обувь","ss":500,"td":"Центр города","dc":3,"n":18.06,"vc":"более 100","sl":"Очень высокий","sv":"около 50","p":700.0,"q":1.0,"b":0.0,"wi":1.28,"ei":7.4,"as":1180.0,"mi":"E","mv":177725,"sc":1,"lpe":99.96,"lpr":693.48,"lq":1.0},{"pi":"15334","pc":"Одежда и обувь","ss":500,"td":"Центр города","dc":3,"n":18.06,"vc":"более 100","sl":"Очень высокий","sv":"около 50","p":700.0,"q":1.0,"b":0.0,"wi":1.28,"ei":7.4,"as":1180.0,"mi":"E","mv":177725,"sc":1,"lpe":99.96,"lpr":693.48,"lq":1.0},{"pi":"15334","pc":"Одежда и обувь","ss":500,"td":"Центр города","dc":3,"n":18.06,"vc":"более 100","sl":"Очень высокий","sv":"около 50","p":700.0,"q":1.0,"b":0.0,"wi":1.28,"ei":7.4,"as":1180.0,"mi":"E","mv":177725,"sc":1,"lpe":99.96,"lpr":693.48,"lq":1.0},{"pi":"15334","pc":"Одежда и обувь","ss":500,"td":"Центр города","dc":3,"n":18.06,"vc":"более 100","sl":"Очень высокий","sv":"около 50","p":700.0,"q":1.0,"b":0.0,"wi":1.28,"ei":7.4,"as":1180.0,"mi":"E","mv":177725,"sc":1,"lpe":99.96,"lpr":693.48,"lq":1.0},{"pi":"15334","pc":"Одежда и обувь","ss":500,"td":"Центр города","dc":3,"n":18.06,"vc":"более 100","sl":"Очень высокий","sv":"около 50","p":700.0,"q":1.0,"b":0.0,"wi":1.28,"ei":7.4,"as":1180.0,"mi":"E","mv":177725,"sc":1,"lpe":99.96,"lpr":693.48,"lq":1.0},{"pi":"15334","pc":"Одежда и обувь","ss":100,"td":"Центр города","dc":1,"n":48.54,"vc":"менее 50","sl":"Очень высокий","sv":"менее 50","p":147.65,"q":1.05,"b":0.0,"wi":0.22,"ei":2.99,"as":224.75,"mi":"E","mv":7798,"sc":1,"lpe":99.88,"lpr":130.4,"lq":1.0},{"pi":"15334","pc":"Одежда и обувь","ss":100,"td":"Центр города","dc":1,"n":48.54,"vc":"менее 50","sl":"Очень высокий","sv":"менее 50","p":147.65,"q":1.05,"b":0.0,"wi":0.22,"ei":2.99,"as":224.75,"mi":"E","mv":7798,"sc":1,"lpe":99.88,"lpr":130.4,"lq":1.0},{"pi":"15334","pc":"Одежда и обувь","ss":100,"td":"Центр города","dc":1,"n":48.54,"vc":"менее 50","sl":"Очень высокий","sv":"менее 50","p":147.65,"q":1.05,"b":0.0,"wi":0.22,"ei":2.99,"as":224.75,"mi":"E","mv":7798,"sc":1,"lpe":99.88,"lpr":130.4,"lq":1.0},{"pi":"15334","pc":"Одежда и обувь","ss":100,"td":"Центр города","dc":1,"n":48.54,"vc":"менее 50","sl":"Очень высокий","sv":"менее 50","p":147.65,"q":1.05,"b":0.0,"wi":0.22,"ei":2.99,"as":224.75,"mi":"E","mv":7798,"sc":1,"lpe":99.88,"lpr":130.4,"lq":1.0},{"pi":"15334","pc":"Одежда и обувь","ss":500,"td":"Центр города","dc":3,"n":46.46,"vc":"более 200","sl":"Очень высокий","sv":"около 50","p":150.0,"q":1.0,"b":0.0,"wi":1.11,"ei":7.3,"as":1135.0,"mi":"E","mv":187219,"sc":2,"lpe":99.93,"lpr":667.24,"lq":1.0},{"pi":"15334","pc":"Одежда и обувь","ss":500,"td":"Центр города","dc":3,"n":13.66,"vc":"более 100","sl":"Очень высокий","sv":"около 50","p":600.0,"q":1.0,"b":0.0,"wi":1.11,"ei":7.3,"as":1135.0,"mi":"E","mv":187219,"sc":2,"lpe":99.93,"lpr":667.24,"lq":1.0},{"pi":"15334","pc":"Одежда и обувь","ss":500,"td":"Центр города","dc":3,"n":46.46,"vc":"более 200","sl":"Очень высокий","sv":"около 50","p":150.0,"q":1.0,"b":0.0,"wi":1.11,"ei":7.3,"as":1135.0,"mi":"E","mv":187219,"sc":2,"lpe":99.93,"lpr":667.24,"lq":1.0},{"pi":"15334","pc":"Одежда и обувь","ss":500,"td":"Центр города","dc":3,"n":13.66,"vc":"более 100","sl":"Очень высокий","sv":"около 50","p":600.0,"q":1.0,"b":0.0,"wi":1.11,"ei":7.3,"as":1135.0,"mi":"E","mv":187219,"sc":2,"lpe":99.93,"lpr":667.24,"lq":1.0},{"pi":"15334","pc":"Одежда и обувь","ss":500,"td":"Центр города","dc":3,"n":46.46,"vc":"более 200","sl":"Очень высокий","sv":"около 50","p":150.0,"q":1.0,"b":0.0,"wi":1.11,"ei":7.3,"as":1135.0,"mi":"E","mv":187219,"sc":2,"lpe":99.93,"lpr":667.24,"lq":1.0},{"pi":"15334","pc":"Одежда и обувь","ss":500,"td":"Центр города","dc":3,"n":13.66,"vc":"более 100","sl":"Очень высокий","sv":"около 50","p":600.0,"q":1.0,"b":0.0,"wi":1.11,"ei":7.3,"as":1135.0,"mi":"E","mv":187219,"sc":2,"lpe":99.93,"lpr":667.24,"lq":1.0},{"pi":"15334","pc":"Одежда и обувь","ss":500,"td":"Центр города","dc":3,"n":46.46,"vc":"более 200","sl":"Очень высокий","sv":"около 50","p":150.0,"q":1.0,"b":0.0,"wi":1.11,"ei":7.3,"as":1135.0,"mi":"E","mv":187219,"sc":2,"lpe":99.93,"lpr":667.24,"lq":1.0},{"pi":"15334","pc":"Одежда и обувь","ss":500,"td":"Центр города","dc":3,"n":13.66,"vc":"более 100","sl":"Очень высокий","sv":"около 50","p":600.0,"q":1.0,"b":0.0,"wi":1.11,"ei":7.3,"as":1135.0,"mi":"E","mv":187219,"sc":2,"lpe":99.93,"lpr":667.24,"lq":1.0},{"pi":"15334","pc":"Одежда и обувь","ss":500,"td":"Центр города","dc":3,"n":46.46,"vc":"более 200","sl":"Очень высокий","sv":"около 50","p":150.0,"q":1.0,"b":0.0,"wi":1.11,"ei":7.3,"as":1135.0,"mi":"E","mv":187219,"sc":2,"lpe":99.93,"lpr":667.24,"lq":1.0},{"pi":"15334","pc":"Одежда и обувь","ss":500,"td":"Центр города","dc":3,"n":13.66,"vc":"более 100","sl":"Очень высокий","sv":"около 50","p":600.0,"q":1.0,"b":0.0,"wi":1.11,"ei":7.3,"as":1135.0,"mi":"E","mv":187219,"sc":2,"lpe":99.93,"lpr":667.24,"lq":1.0},{"pi":"15334","pc":"Одежда и обувь","ss":500,"td":"Центр города","dc":3,"n":46.46,"vc":"более 200","sl":"Очень высокий","sv":"около 50","p":150.0,"q":1.0,"b":0.0,"wi":1.11,"ei":7.3,"as":1135.0,"mi":"E","mv":187219,"sc":2,"lpe":99.93,"lpr":667.24,"lq":1.0},{"pi":"15334","pc":"Одежда и обувь","ss":500,"td":"Центр города","dc":3,"n":13.66,"vc":"более 100","sl":"Очень высокий","sv":"около 50","p":600.0,"q":1.0,"b":0.0,"wi":1.11,"ei":7.3,"as":1135.0,"mi":"E","mv":187219,"sc":2,"lpe":99.93,"lpr":667.24,"lq":1.0},{"pi":"15334","pc":"Одежда и обувь","ss":500,"td":"Центр города","dc":3,"n":46.46,"vc":"более 200","sl":"Очень высокий","sv":"около 50","p":150.0,"q":1.0,"b":0.0,"wi":1.11,"ei":7.3,"as":1135.0,"mi":"E","mv":187219,"sc":2,"lpe":99.93,"lpr":667.24,"lq":1.0},{"pi":"15334","pc":"Одежда и обувь","ss":500,"td":"Центр города","dc":3,"n":46.46,"vc":"более 200","sl":"Очень высокий","sv":"около 50","p":150.0,"q":1.0,"b":0.0,"wi":1.11,"ei":7.3,"as":1135.0,"mi":"E","mv":187219,"sc":2,"lpe":99.93,"lpr":667.24,"lq":1.0},{"pi":"15334","pc":"Одежда и обувь","ss":500,"td":"Центр города","dc":3,"n":13.66,"vc":"более 100","sl":"Очень высокий","sv":"около 50","p":600.0,"q":1.0,"b":0.0,"wi":1.11,"ei":7.3,"as":1135.0,"mi":"E","mv":187219,"sc":2,"lpe":99.93,"lpr":667.24,"lq":1.0},{"pi":"15334","pc":"Одежда и обувь","ss":500,"td":"Центр города","dc":3,"n":13.66,"vc":"более 100","sl":"Очень высокий","sv":"около 50","p":600.0,"q":1.0,"b":0.0,"wi":1.11,"ei":7.3,"as":1135.0,"mi":"E","mv":187219,"sc":2,"lpe":99.93,"lpr":667.24,"lq":1.0},{"pi":"15334","pc":"Одежда и обувь","ss":500,"td":"Центр города","dc":3,"n":46.46,"vc":"более 200","sl":"Очень высокий","sv":"около 50","p":150.0,"q":1.0,"b":0.0,"wi":1.11,"ei":7.3,"as":1135.0,"mi":"E","mv":187219,"sc":2,"lpe":99.93,"lpr":667.24,"lq":1.0},{"pi":"15334","pc":"Одежда и обувь","ss":500,"td":"Центр города","dc":3,"n":13.66,"vc":"более 100","sl":"Очень высокий","sv":"около 50","p":600.0,"q":1.0,"b":0.0,"wi":1.11,"ei":7.3,"as":1135.0,"mi":"E","mv":187219,"sc":2,"lpe":99.93,"lpr":667.24,"lq":1.0},{"pi":"15334","pc":"Одежда и обувь","ss":500,"td":"Центр города","dc":3,"n":46.46,"vc":"более 200","sl":"Очень высокий","sv":"около 50","p":150.0,"q":1.0,"b":0.0,"wi":1.11,"ei":7.3,"as":1135.0,"mi":"E","mv":187219,"sc":2,"lpe":99.93,"lpr":667.24,"lq":1.0},{"pi":"15334","pc":"Одежда и обувь","ss":500,"td":"Центр города","dc":3,"n":13.66,"vc":"более 100","sl":"Очень высокий","sv":"около 50","p":600.0,"q":1.0,"b":0.0,"wi":1.11,"ei":7.3,"as":1135.0,"mi":"E","mv":187219,"sc":2,"lpe":99.93,"lpr":667.24,"lq":1.0},{"pi":"15334","pc":"Одежда и обувь","ss":500,"td":"Центр города","dc":3,"n":46.46,"vc":"более 200","sl":"Очень высокий","sv":"около 50","p":150.0,"q":1.0,"b":0.0,"wi":1.11,"ei":7.3,"as":1135.0,"mi":"E","mv":187219,"sc":2,"lpe":99.93,"lpr":667.24,"lq":1.0},{"pi":"15334","pc":"Одежда и обувь","ss":500,"td":"Центр города","dc":3,"n":13.66,"vc":"более 100","sl":"Очень высокий","sv":"около 50","p":600.0,"q":1.0,"b":0.0,"wi":1.11,"ei":7.3,"as":1135.0,"mi":"E","mv":187219,"sc":2,"lpe":99.93,"lpr":667.24,"lq":1.0},{"pi":"15334","pc":"Одежда и обувь","ss":500,"td":"Центр города","dc":3,"n":46.46,"vc":"более 200","sl":"Очень высокий","sv":"около 50","p":150.0,"q":1.0,"b":0.0,"wi":1.11,"ei":7.3,"as":1135.0,"mi":"E","mv":187219,"sc":2,"lpe":99.93,"lpr":667.24,"lq":1.0},{"pi":"15334","pc":"Одежда и обувь","ss":500,"td":"Центр города","dc":3,"n":73.18,"vc":"более 100","sl":"Очень высокий","sv":"более 100","p":500.0,"q":1.0,"b":0.0,"wi":1.16,"ei":7.3,"as":1200.0,"mi":"E","mv":118466,"sc":1,"lpe":99.91,"lpr":704.73,"lq":1.0},{"pi":"15334","pc":"Одежда и обувь","ss":500,"td":"Центр города","dc":3,"n":73.18,"vc":"более 100","sl":"Очень высокий","sv":"более 100","p":500.0,"q":1.0,"b":0.0,"wi":1.16,"ei":7.3,"as":1200.0,"mi":"E","mv":118466,"sc":1,"lpe":99.91,"lpr":704.73,"lq":1.0},{"pi":"15334","pc":"Одежда и обувь","ss":500,"td":"Центр города","dc":3,"n":73.18,"vc":"более 100","sl":"Очень высокий","sv":"более 100","p":500.0,"q":1.0,"b":0.0,"wi":1.16,"ei":7.3,"as":1200.0,"mi":"E","mv":118466,"sc":1,"lpe":99.91,"lpr":704.73,"lq":1.0},{"pi":"15334","pc":"Одежда и обувь","ss":500,"td":"Центр города","dc":3,"n":73.18,"vc":"более 100","sl":"Очень высокий","sv":"более 100","p":500.0,"q":1.0,"b":0.0,"wi":1.16,"ei":7.3,"as":1200.0,"mi":"E","mv":118466,"sc":1,"lpe":99.91,"lpr":704.73,"lq":1.0},{"pi":"15334","pc":"Одежда и обувь","ss":500,"td":"Центр города","dc":3,"n":73.18,"vc":"более 100","sl":"Очень высокий","sv":"более 100","p":500.0,"q":1.0,"b":0.0,"wi":1.16,"ei":7.3,"as":1200.0,"mi":"E","mv":118466,"sc":1,"lpe":99.91,"lpr":704.73,"lq":1.0},{"pi":"15334","pc":"Одежда и обувь","ss":500,"td":"Центр города","dc":3,"n":73.18,"vc":"более 100","sl":"Очень высокий","sv":"более 100","p":500.0,"q":1.0,"b":0.0,"wi":1.16,"ei":7.3,"as":1200.0,"mi":"E","mv":118466,"sc":1,"lpe":99.91,"lpr":704.73,"lq":1.0},{"pi":"15334","pc":"Одежда и обувь","ss":500,"td":"Центр города","dc":3,"n":73.18,"vc":"более 100","sl":"Очень высокий","sv":"более 100","p":500.0,"q":1.0,"b":0.0,"wi":1.16,"ei":7.3,"as":1200.0,"mi":"E","mv":118466,"sc":1,"lpe":99.91,"lpr":704.73,"lq":1.0},{"pi":"15334","pc":"Одежда и обувь","ss":500,"td":"Центр города","dc":3,"n":73.18,"vc":"более 100","sl":"Очень высокий","sv":"более 100","p":500.0,"q":1.0,"b":0.0,"wi":1.16,"ei":7.3,"as":1200.0,"mi":"E","mv":118466,"sc":1,"lpe":99.91,"lpr":704.73,"lq":1.0},{"pi":"15334","pc":"Одежда и обувь","ss":500,"td":"Центр города","dc":3,"n":73.18,"vc":"более 100","sl":"Очень высокий","sv":"более 100","p":500.0,"q":1.0,"b":0.0,"wi":1.16,"ei":7.3,"as":1200.0,"mi":"E","mv":118466,"sc":1,"lpe":99.91,"lpr":704.73,"lq":1.0},{"pi":"15334","pc":"Одежда и обувь","ss":500,"td":"Центр города","dc":3,"n":73.18,"vc":"более 100","sl":"Очень высокий","sv":"более 100","p":500.0,"q":1.0,"b":0.0,"wi":1.16,"ei":7.3,"as":1200.0,"mi":"E","mv":118466,"sc":1,"lpe":99.91,"lpr":704.73,"lq":1.0},{"pi":"15334","pc":"Одежда и обувь","ss":500,"td":"Центр города","dc":3,"n":73.18,"vc":"более 100","sl":"Очень высокий","sv":"более 100","p":500.0,"q":1.0,"b":0.0,"wi":1.16,"ei":7.3,"as":1200.0,"mi":"E","mv":118466,"sc":1,"lpe":99.91,"lpr":704.73,"lq":1.0},{"pi":"15334","pc":"Одежда и обувь","ss":500,"td":"Центр города","dc":3,"n":73.18,"vc":"более 100","sl":"Очень высокий","sv":"более 100","p":500.0,"q":1.0,"b":0.0,"wi":1.16,"ei":7.3,"as":1200.0,"mi":"E","mv":118466,"sc":1,"lpe":99.91,"lpr":704.73,"lq":1.0},{"pi":"15334","pc":"Одежда и обувь","ss":500,"td":"Центр города","dc":3,"n":73.18,"vc":"более 100","sl":"Очень высокий","sv":"более 100","p":500.0,"q":1.0,"b":0.0,"wi":1.16,"ei":7.3,"as":1200.0,"mi":"E","mv":118466,"sc":1,"lpe":99.91,"lpr":704.73,"lq":1.0},{"pi":"15334","pc":"Одежда и обувь","ss":500,"td":"Центр города","dc":3,"n":73.18,"vc":"более 100","sl":"Очень высокий","sv":"более 100","p":500.0,"q":1.0,"b":0.0,"wi":1.16,"ei":7.3,"as":1200.0,"mi":"E","mv":118466,"sc":1,"lpe":99.91,"lpr":704.73,"lq":1.0},{"pi":"15334","pc":"Одежда и обувь","ss":500,"td":"Спальный район","dc":3,"n":94.99,"vc":"более 100","sl":"Очень высокий","sv":"около 50","p":99.0,"q":1.0,"b":0.0,"wi":0.17,"ei":3.0,"as":154.55,"mi":"E","mv":77076,"sc":1,"lpe":99.93,"lpr":93.59,"lq":1.0},{"pi":"15334","pc":"Одежда и обувь","ss":500,"td":"Спальный район","dc":3,"n":94.99,"vc":"более 100","sl":"Очень высокий","sv":"около 50","p":99.0,"q":1.0,"b":0.0,"wi":0.17,"ei":3.0,"as":154.55,"mi":"E","mv":77076,"sc":1,"lpe":99.93,"lpr":93.59,"lq":1.0},{"pi":"15334","pc":"Одежда и обувь","ss":500,"td":"Спальный район","dc":3,"n":94.99,"vc":"более 100","sl":"Очень высокий","sv":"около 50","p":99.0,"q":1.0,"b":0.0,"wi":0.17,"ei":3.0,"as":154.55,"mi":"E","mv":77076,"sc":1,"lpe":99.93,"lpr":93.59,"lq":1.0},{"pi":"15334","pc":"Одежда и обувь","ss":500,"td":"Спальный район","dc":3,"n":94.99,"vc":"более 100","sl":"Очень высокий","sv":"около 50","p":99.0,"q":1.0,"b":0.0,"wi":0.17,"ei":3.0,"as":154.55,"mi":"E","mv":77076,"sc":1,"lpe":99.93,"lpr":93.59,"lq":1.0},{"pi":"15334","pc":"Одежда и обувь","ss":500,"td":"Спальный район","dc":3,"n":94.99,"vc":"более 100","sl":"Очень высокий","sv":"около 50","p":99.0,"q":1.0,"b":0.0,"wi":0.17,"ei":3.0,"as":154.55,"mi":"E","mv":77076,"sc":1,"lpe":99.93,"lpr":93.59,"lq":1.0},{"pi":"15334","pc":"Одежда и обувь","ss":500,"td":"Спальный район","dc":3,"n":94.99,"vc":"более 100","sl":"Очень высокий","sv":"около 50","p":99.0,"q":1.0,"b":0.0,"wi":0.17,"ei":3.0,"as":154.55,"mi":"E","mv":77076,"sc":1,"lpe":99.93,"lpr":93.59,"lq":1.0},{"pi":"15334","pc":"Одежда и обувь","ss":500,"td":"Спальный район","dc":3,"n":94.99,"vc":"более 100","sl":"Очень высокий","sv":"около 50","p":99.0,"q":1.0,"b":0.0,"wi":0.17,"ei":3.0,"as":154.55,"mi":"E","mv":77076,"sc":1,"lpe":99.93,"lpr":93.59,"lq":1.0},{"pi":"15334","pc":"Одежда и обувь","ss":500,"td":"Спальный район","dc":3,"n":94.99,"vc":"более 100","sl":"Очень высокий","sv":"около 50","p":99.0,"q":1.0,"b":0.0,"wi":0.17,"ei":3.0,"as":154.55,"mi":"E","mv":77076,"sc":1,"lpe":99.93,"lpr":93.59,"lq":1.0},{"pi":"15334","pc":"Одежда и обувь","ss":500,"td":"Спальный район","dc":3,"n":94.99,"vc":"более 100","sl":"Очень высокий","sv":"около 50","p":99.0,"q":1.0,"b":0.0,"wi":0.17,"ei":3.0,"as":154.55,"mi":"E","mv":77076,"sc":1,"lpe":99.93,"lpr":93.59,"lq":1.0},{"pi":"15334","pc":"Одежда и обувь","ss":500,"td":"Спальный район","dc":3,"n":94.99,"vc":"более 100","sl":"Очень высокий","sv":"около 50","p":99.0,"q":1.0,"b":0.0,"wi":0.17,"ei":3.0,"as":154.55,"mi":"E","mv":77076,"sc":1,"lpe":99.93,"lpr":93.59,"lq":1.0},{"pi":"15334","pc":"Одежда и обувь","ss":500,"td":"Спальный район","dc":3,"n":94.99,"vc":"более 100","sl":"Очень высокий","sv":"около 50","p":99.0,"q":1.0,"b":0.0,"wi":0.17,"ei":3.0,"as":154.55,"mi":"E","mv":77076,"sc":1,"lpe":99.93,"lpr":93.59,"lq":1.0},{"pi":"15334","pc":"Одежда и обувь","ss":500,"td":"Спальный район","dc":3,"n":94.99,"vc":"более 100","sl":"Очень высокий","sv":"около 50","p":99.0,"q":1.0,"b":0.0,"wi":0.17,"ei":3.0,"as":154.55,"mi":"E","mv":77076,"sc":1,"lpe":99.93,"lpr":93.59,"lq":1.0},{"pi":"15334","pc":"Одежда и обувь","ss":500,"td":"Спальный район","dc":3,"n":94.99,"vc":"более 100","sl":"Очень высокий","sv":"около 50","p":99.0,"q":1.0,"b":0.0,"wi":0.17,"ei":3.0,"as":154.55,"mi":"E","mv":77076,"sc":1,"lpe":99.93,"lpr":93.59,"lq":1.0},{"pi":"15334","pc":"Одежда и обувь","ss":500,"td":"Спальный район","dc":3,"n":94.99,"vc":"более 100","sl":"Очень высокий","sv":"около 50","p":99.0,"q":1.0,"b":0.0,"wi":0.17,"ei":3.0,"as":154.55,"mi":"E","mv":77076,"sc":1,"lpe":99.93,"lpr":93.59,"lq":1.0},{"pi":"15334","pc":"Одежда и обувь","ss":500,"td":"Центр города","dc":1,"n":101.53,"vc":"более 100","sl":"Очень высокий","sv":"менее 50","p":136.73,"q":1.0,"b":0.0,"wi":0.17,"ei":3.74,"as":176.45,"mi":"E","mv":95980,"sc":1,"lpe":99.99,"lpr":107.57,"lq":1.0},{"pi":"15334","pc":"Одежда и обувь","ss":500,"td":"Центр города","dc":1,"n":101.53,"vc":"более 100","sl":"Очень высокий","sv":"менее 50","p":136.73,"q":1.0,"b":0.0,"wi":0.17,"ei":3.74,"as":176.45,"mi":"E","mv":95980,"sc":1,"lpe":99.99,"lpr":107.57,"lq":1.0},{"pi":"15334","pc":"Одежда и обувь","ss":500,"td":"Центр города","dc":1,"n":101.53,"vc":"более 100","sl":"Очень высокий","sv":"менее 50","p":136.73,"q":1.0,"b":0.0,"wi":0.17,"ei":3.74,"as":176.45,"mi":"E","mv":95980,"sc":1,"lpe":99.99,"lpr":107.57,"lq":1.0},{"pi":"15334","pc":"Одежда и обувь","ss":100,"td":"Спальный район","dc":1,"n":48.19,"vc":"более 100","sl":"Низкий","sv":"менее 50","p":255.68,"q":1.05,"b":0.0,"wi":0.4,"ei":6.0,"as":350.0,"mi":"E","mv":954072,"sc":1,"lpe":100.0,"lpr":209.88,"lq":1.0},{"pi":"15334","pc":"Одежда и обувь","ss":100,"td":"Центр города","dc":1,"n":48.54,"vc":"около 50","sl":"Нормальный","sv":"менее 50","p":70.86,"q":1.05,"b":0.0,"wi":0.11,"ei":4.28,"as":93.44,"mi":"E","mv":198489,"sc":3,"lpe":99.99,"lpr":58.0,"lq":1.0},{"pi":"15334","pc":"Одежда и обувь","ss":100,"td":"Центр города","dc":1,"n":48.07,"vc":"около 100","sl":"Нормальный","sv":"менее 50","p":74.65,"q":1.05,"b":0.0,"wi":0.11,"ei":4.28,"as":93.44,"mi":"E","mv":198489,"sc":3,"lpe":99.99,"lpr":58.0,"lq":1.0},{"pi":"15334","pc":"Одежда и обувь","ss":100,"td":"Центр города","dc":1,"n":47.28,"vc":"более 100","sl":"Низкий","sv":"менее 50","p":80.5,"q":1.05,"b":0.0,"wi":0.11,"ei":4.28,"as":93.44,"mi":"E","mv":198489,"sc":3,"lpe":99.99,"lpr":58.0,"lq":1.0},{"pi":"15334","pc":"Одежда и обувь","ss":100,"td":"Центр города","dc":1,"n":48.54,"vc":"около 50","sl":"Нормальный","sv":"менее 50","p":70.86,"q":1.05,"b":0.0,"wi":0.11,"ei":4.28,"as":93.44,"mi":"E","mv":198489,"sc":3,"lpe":99.99,"lpr":58.0,"lq":1.0},{"pi":"15334","pc":"Одежда и обувь","ss":100,"td":"Центр города","dc":1,"n":48.07,"vc":"около 100","sl":"Нормальный","sv":"менее 50","p":74.65,"q":1.05,"b":0.0,"wi":0.11,"ei":4.28,"as":93.44,"mi":"E","mv":198489,"sc":3,"lpe":99.99,"lpr":58.0,"lq":1.0},{"pi":"15334","pc":"Одежда и обувь","ss":100,"td":"Центр города","dc":1,"n":47.28,"vc":"более 100","sl":"Низкий","sv":"менее 50","p":80.5,"q":1.05,"b":0.0,"wi":0.11,"ei":4.28,"as":93.44,"mi":"E","mv":198489,"sc":3,"lpe":99.99,"lpr":58.0,"lq":1.0},{"pi":"15334","pc":"Одежда и обувь","ss":100,"td":"Центр города","dc":1,"n":48.54,"vc":"около 50","sl":"Нормальный","sv":"менее 50","p":70.86,"q":1.05,"b":0.0,"wi":0.11,"ei":4.28,"as":93.44,"mi":"E","mv":198489,"sc":3,"lpe":99.99,"lpr":58.0,"lq":1.0},{"pi":"15334","pc":"Одежда и обувь","ss":100,"td":"Центр города","dc":1,"n":48.07,"vc":"около 100","sl":"Нормальный","sv":"менее 50","p":74.65,"q":1.05,"b":0.0,"wi":0.11,"ei":4.28,"as":93.44,"mi":"E","mv":198489,"sc":3,"lpe":99.99,"lpr":58.0,"lq":1.0},{"pi":"15334","pc":"Одежда и обувь","ss":100,"td":"Центр города","dc":1,"n":47.28,"vc":"более 100","sl":"Низкий","sv":"менее 50","p":80.5,"q":1.05,"b":0.0,"wi":0.11,"ei":4.28,"as":93.44,"mi":"E","mv":198489,"sc":3,"lpe":99.99,"lpr":58.0,"lq":1.0},{"pi":"15334","pc":"Одежда и обувь","ss":100,"td":"Центр города","dc":1,"n":48.54,"vc":"около 50","sl":"Нормальный","sv":"менее 50","p":70.86,"q":1.05,"b":0.0,"wi":0.11,"ei":4.28,"as":93.44,"mi":"E","mv":198489,"sc":3,"lpe":99.99,"lpr":58.0,"lq":1.0},{"pi":"15334","pc":"Одежда и обувь","ss":100,"td":"Центр города","dc":1,"n":48.07,"vc":"около 100","sl":"Нормальный","sv":"менее 50","p":74.65,"q":1.05,"b":0.0,"wi":0.11,"ei":4.28,"as":93.44,"mi":"E","mv":198489,"sc":3,"lpe":99.99,"lpr":58.0,"lq":1.0},{"pi":"15334","pc":"Одежда и обувь","ss":100,"td":"Центр города","dc":1,"n":47.28,"vc":"более 100","sl":"Низкий","sv":"менее 50","p":80.5,"q":1.05,"b":0.0,"wi":0.11,"ei":4.28,"as":93.44,"mi":"E","mv":198489,"sc":3,"lpe":99.99,"lpr":58.0,"lq":1.0},{"pi":"15334","pc":"Одежда и обувь","ss":500,"td":"Пригород","dc":2,"n":0.0,"vc":"около 50","sl":"Очень высокий","sv":"менее 50","p":370.0,"q":4.26,"b":0.0,"wi":0.42,"ei":4.82,"as":395.02,"mi":"E","mv":44696,"sc":1,"lpe":99.98,"lpr":234.85,"lq":1.0},{"pi":"15334","pc":"Одежда и обувь","ss":500,"td":"Пригород","dc":2,"n":0.0,"vc":"около 50","sl":"Очень высокий","sv":"менее 50","p":370.0,"q":4.26,"b":0.0,"wi":0.42,"ei":4.82,"as":395.02,"mi":"E","mv":44696,"sc":1,"lpe":99.98,"lpr":234.85,"lq":1.0},{"pi":"15334","pc":"Одежда и обувь","ss":500,"td":"Пригород","dc":2,"n":0.0,"vc":"около 50","sl":"Очень высокий","sv":"менее 50","p":370.0,"q":4.26,"b":0.0,"wi":0.42,"ei":4.82,"as":395.02,"mi":"E","mv":44696,"sc":1,"lpe":99.98,"lpr":234.85,"lq":1.0},{"pi":"15334","pc":"Одежда и обувь","ss":500,"td":"Пригород","dc":2,"n":0.0,"vc":"около 50","sl":"Очень высокий","sv":"менее 50","p":370.0,"q":4.26,"b":0.0,"wi":0.42,"ei":4.82,"as":395.02,"mi":"E","mv":44696,"sc":1,"lpe":99.98,"lpr":234.85,"lq":1.0},{"pi":"15334","pc":"Одежда и обувь","ss":500,"td":"Пригород","dc":2,"n":0.0,"vc":"около 50","sl":"Очень высокий","sv":"менее 50","p":370.0,"q":4.26,"b":0.0,"wi":0.42,"ei":4.82,"as":395.02,"mi":"E","mv":44696,"sc":1,"lpe":99.98,"lpr":234.85,"lq":1.0},{"pi":"15334","pc":"Одежда и обувь","ss":500,"td":"Пригород","dc":2,"n":0.0,"vc":"около 50","sl":"Очень высокий","sv":"менее 50","p":370.0,"q":4.26,"b":0.0,"wi":0.42,"ei":4.82,"as":395.02,"mi":"E","mv":44696,"sc":1,"lpe":99.98,"lpr":234.85,"lq":1.0},{"pi":"15334","pc":"Одежда и обувь","ss":500,"td":"Пригород","dc":2,"n":0.0,"vc":"около 50","sl":"Очень высокий","sv":"менее 50","p":370.0,"q":4.26,"b":0.0,"wi":0.42,"ei":4.82,"as":395.02,"mi":"E","mv":44696,"sc":1,"lpe":99.98,"lpr":234.85,"lq":1.0},{"pi":"15334","pc":"Одежда и обувь","ss":500,"td":"Пригород","dc":2,"n":0.0,"vc":"около 50","sl":"Очень высокий","sv":"менее 50","p":370.0,"q":4.26,"b":0.0,"wi":0.42,"ei":4.82,"as":395.02,"mi":"E","mv":44696,"sc":1,"lpe":99.98,"lpr":234.85,"lq":1.0},{"pi":"15334","pc":"Одежда и обувь","ss":500,"td":"Пригород","dc":2,"n":0.0,"vc":"около 50","sl":"Очень высокий","sv":"менее 50","p":370.0,"q":4.26,"b":0.0,"wi":0.42,"ei":4.82,"as":395.02,"mi":"E","mv":44696,"sc":1,"lpe":99.98,"lpr":234.85,"lq":1.0},{"pi":"15334","pc":"Одежда и обувь","ss":100,"td":"Центр города","dc":1,"n":48.42,"vc":"более 100","sl":"Низкий","sv":"менее 50","p":135.45,"q":1.05,"b":0.0,"wi":0.18,"ei":4.25,"as":181.97,"mi":"E","mv":1328513,"sc":1,"lpe":100.0,"lpr":110.71,"lq":1.0},{"pi":"15334","pc":"Одежда и обувь","ss":100,"td":"Центр города","dc":1,"n":48.42,"vc":"более 100","sl":"Низкий","sv":"менее 50","p":135.45,"q":1.05,"b":0.0,"wi":0.18,"ei":4.25,"as":181.97,"mi":"E","mv":1328513,"sc":1,"lpe":100.0,"lpr":110.71,"lq":1.0}]