[{"d":"26.12.2016","r":1.0,"q":8.71,"p":161000.0,"s":[{"ui":"3211568","t":1.0,"r":1.0,"q":8.71,"p":161000.0,"mot":"U","mo":1.0},{"cn":"","ui":"","t":0.0,"r":0.0,"q":0.0,"p":0.0,"mot":"L","mo":0.0}]},{"d":"27.12.2016","r":1.0,"q":8.74,"p":161000.0,"s":[{"ui":"3211568","t":1.0,"r":1.0,"q":8.74,"p":161000.0,"mot":"U","mo":1.0},{"cn":"","ui":"","t":0.0,"r":0.0,"q":0.0,"p":0.0,"mot":"L","mo":0.0}]},{"d":"28.12.2016","r":1.0,"q":8.82,"p":161000.0,"s":[{"ui":"3211568","t":1.0,"r":1.0,"q":8.82,"p":161000.0,"mot":"U","mo":1.0},{"cn":"","ui":"","t":0.0,"r":0.0,"q":0.0,"p":0.0,"mot":"L","mo":0.0}]},{"d":"29.12.2016","r":1.0,"q":8.87,"p":161000.0,"s":[{"ui":"3211568","t":1.0,"r":1.0,"q":8.87,"p":161000.0,"mot":"U","mo":1.0},{"cn":"","ui":"","t":0.0,"r":0.0,"q":0.0,"p":0.0,"mot":"L","mo":0.0}]},{"d":"30.12.2016","r":1.0,"q":9.26,"p":161000.0,"s":[{"ui":"3211568","t":1.0,"r":1.0,"q":9.26,"p":161000.0,"mot":"U","mo":1.0},{"cn":"","ui":"","t":0.0,"r":0.0,"q":0.0,"p":0.0,"mot":"L","mo":0.0}]},{"d":"31.12.2016","r":2.0,"q":9.37,"p":161000.0,"s":[{"ui":"3211568","t":2.0,"r":2.0,"q":9.37,"p":161000.0,"mot":"U","mo":2.0},{"cn":"","ui":"","t":0.0,"r":0.0,"q":0.0,"p":0.0,"mot":"L","mo":0.0}]},{"d":"01.01.2017","r":3.0,"q":9.45,"p":161000.0,"s":[{"ui":"3211568","t":3.0,"r":3.0,"q":9.45,"p":161000.0,"mot":"U","mo":3.0},{"cn":"","ui":"","t":0.0,"r":0.0,"q":0.0,"p":0.0,"mot":"L","mo":0.0}]},{"d":"03.01.2017","r":1.0,"q":9.83,"p":161000.0,"s":[{"ui":"3211568","t":1.0,"r":1.0,"q":9.83,"p":161000.0,"mot":"U","mo":1.0},{"cn":"","ui":"","t":0.0,"r":0.0,"q":0.0,"p":0.0,"mot":"L","mo":0.0}]},{"d":"04.01.2017","r":2.0,"q":9.87,"p":161000.0,"s":[{"ui":"3211568","t":2.0,"r":2.0,"q":9.87,"p":161000.0,"mot":"U","mo":2.0},{"cn":"","ui":"","t":0.0,"r":0.0,"q":0.0,"p":0.0,"mot":"L","mo":0.0}]},{"d":"17.01.2017","r":1.0,"q":10.59,"p":161000.0,"s":[{"ui":"3211568","t":1.0,"r":1.0,"q":10.59,"p":161000.0,"mot":"U","mo":1.0},{"cn":"","ui":"","t":0.0,"r":0.0,"q":0.0,"p":0.0,"mot":"L","mo":0.0}]},{"d":"18.01.2017","r":2.0,"q":10.61,"p":161000.0,"s":[{"ui":"3211568","t":2.0,"r":2.0,"q":10.61,"p":161000.0,"mot":"U","mo":2.0},{"cn":"","ui":"","t":0.0,"r":0.0,"q":0.0,"p":0.0,"mot":"L","mo":0.0}]},{"d":"19.01.2017","r":1.0,"q":10.66,"p":161000.0,"s":[{"ui":"3211568","t":1.0,"r":1.0,"q":10.66,"p":161000.0,"mot":"U","mo":1.0},{"cn":"","ui":"","t":0.0,"r":0.0,"q":0.0,"p":0.0,"mot":"L","mo":0.0}]},{"d":"20.01.2017","r":2.0,"q":10.68,"p":161000.0,"s":[{"ui":"3211568","t":2.0,"r":2.0,"q":10.68,"p":161000.0,"mot":"U","mo":2.0},{"cn":"","ui":"","t":0.0,"r":0.0,"q":0.0,"p":0.0,"mot":"L","mo":0.0}]},{"d":"21.01.2017","r":3.0,"q":10.7,"p":161000.0,"s":[{"ui":"3211568","t":3.0,"r":3.0,"q":10.7,"p":161000.0,"mot":"U","mo":3.0},{"cn":"","ui":"","t":0.0,"r":0.0,"q":0.0,"p":0.0,"mot":"L","mo":0.0}]},{"d":"22.01.2017","r":4.0,"q":10.73,"p":161000.0,"s":[{"ui":"3211568","t":4.0,"r":4.0,"q":10.73,"p":161000.0,"mot":"U","mo":4.0},{"cn":"","ui":"","t":0.0,"r":0.0,"q":0.0,"p":0.0,"mot":"L","mo":0.0}]},{"d":"23.01.2017","r":5.0,"q":10.75,"p":161000.0,"s":[{"ui":"3211568","t":5.0,"r":5.0,"q":10.75,"p":161000.0,"mot":"U","mo":5.0},{"cn":"","ui":"","t":0.0,"r":0.0,"q":0.0,"p":0.0,"mot":"L","mo":0.0}]},{"d":"24.01.2017","r":6.0,"q":10.77,"p":161000.0,"s":[{"ui":"3211568","t":6.0,"r":6.0,"q":10.77,"p":161000.0,"mot":"U","mo":6.0},{"cn":"","ui":"","t":0.0,"r":0.0,"q":0.0,"p":0.0,"mot":"L","mo":0.0}]},{"d":"25.01.2017","r":1.0,"q":10.92,"p":161000.0,"s":[{"ui":"3211568","t":1.0,"r":1.0,"q":10.92,"p":161000.0,"mot":"U","mo":1.0},{"cn":"","ui":"","t":0.0,"r":0.0,"q":0.0,"p":0.0,"mot":"L","mo":0.0}]},{"d":"26.01.2017","r":2.0,"q":10.93,"p":161000.0,"s":[{"ui":"3211568","t":2.0,"r":2.0,"q":10.93,"p":161000.0,"mot":"U","mo":2.0},{"cn":"","ui":"","t":0.0,"r":0.0,"q":0.0,"p":0.0,"mot":"L","mo":0.0}]},{"d":"27.01.2017","r":1.0,"q":10.99,"p":161000.0,"s":[{"ui":"3211568","t":1.0,"r":1.0,"q":10.99,"p":161000.0,"mot":"U","mo":1.0},{"cn":"","ui":"","t":0.0,"r":0.0,"q":0.0,"p":0.0,"mot":"L","mo":0.0}]},{"d":"28.01.2017","r":2.0,"q":11.0,"p":161000.0,"s":[{"ui":"3211568","t":2.0,"r":2.0,"q":11.0,"p":161000.0,"mot":"U","mo":2.0},{"cn":"","ui":"","t":0.0,"r":0.0,"q":0.0,"p":0.0,"mot":"L","mo":0.0}]},{"d":"29.01.2017","r":3.0,"q":11.02,"p":161000.0,"s":[{"ui":"3211568","t":3.0,"r":3.0,"q":11.02,"p":161000.0,"mot":"U","mo":3.0},{"cn":"","ui":"","t":0.0,"r":0.0,"q":0.0,"p":0.0,"mot":"L","mo":0.0}]},{"d":"30.01.2017","r":4.0,"q":11.03,"p":161000.0,"s":[{"ui":"3211568","t":4.0,"r":4.0,"q":11.03,"p":161000.0,"mot":"U","mo":4.0},{"cn":"","ui":"","t":0.0,"r":0.0,"q":0.0,"p":0.0,"mot":"L","mo":0.0}]},{"d":"31.01.2017","r":5.0,"q":11.05,"p":161000.0,"s":[{"ui":"3211568","t":5.0,"r":5.0,"q":11.05,"p":161000.0,"mot":"U","mo":5.0},{"cn":"","ui":"","t":0.0,"r":0.0,"q":0.0,"p":0.0,"mot":"L","mo":0.0}]},{"d":"01.02.2017","r":6.0,"q":11.06,"p":161000.0,"s":[{"ui":"3211568","t":6.0,"r":6.0,"q":11.06,"p":161000.0,"mot":"U","mo":6.0},{"cn":"","ui":"","t":0.0,"r":0.0,"q":0.0,"p":0.0,"mot":"L","mo":0.0}]},{"d":"02.02.2017","r":7.0,"q":11.07,"p":161000.0,"s":[{"ui":"3211568","t":7.0,"r":7.0,"q":11.07,"p":161000.0,"mot":"U","mo":7.0},{"cn":"","ui":"","t":0.0,"r":0.0,"q":0.0,"p":0.0,"mot":"L","mo":0.0}]},{"d":"03.02.2017","r":8.0,"q":11.09,"p":161000.0,"s":[{"ui":"3211568","t":8.0,"r":8.0,"q":11.09,"p":161000.0,"mot":"U","mo":8.0},{"cn":"","ui":"","t":0.0,"r":0.0,"q":0.0,"p":0.0,"mot":"L","mo":0.0}]},{"d":"04.02.2017","r":9.0,"q":11.1,"p":161000.0,"s":[{"ui":"3211568","t":9.0,"r":9.0,"q":11.1,"p":161000.0,"mot":"U","mo":9.0},{"cn":"","ui":"","t":0.0,"r":0.0,"q":0.0,"p":0.0,"mot":"L","mo":0.0}]},{"d":"05.02.2017","r":10.0,"q":11.11,"p":161000.0,"s":[{"ui":"3211568","t":10.0,"r":10.0,"q":11.11,"p":161000.0,"mot":"U","mo":10.0},{"cn":"","ui":"","t":0.0,"r":0.0,"q":0.0,"p":0.0,"mot":"L","mo":0.0}]},{"d":"06.02.2017","r":11.0,"q":11.12,"p":161000.0,"s":[{"ui":"3211568","t":11.0,"r":11.0,"q":11.12,"p":161000.0,"mot":"U","mo":11.0},{"cn":"","ui":"","t":0.0,"r":0.0,"q":0.0,"p":0.0,"mot":"L","mo":0.0}]},{"d":"07.02.2017","r":12.0,"q":11.14,"p":161000.0,"s":[{"ui":"3211568","t":12.0,"r":12.0,"q":11.14,"p":161000.0,"mot":"U","mo":12.0},{"cn":"","ui":"","t":0.0,"r":0.0,"q":0.0,"p":0.0,"mot":"L","mo":0.0}]},{"d":"08.02.2017","r":13.0,"q":11.15,"p":161000.0,"s":[{"ui":"3211568","t":13.0,"r":13.0,"q":11.15,"p":161000.0,"mot":"U","mo":13.0},{"cn":"","ui":"","t":0.0,"r":0.0,"q":0.0,"p":0.0,"mot":"L","mo":0.0}]},{"d":"09.02.2017","r":14.0,"q":11.16,"p":160000.0,"s":[{"ui":"3211568","t":14.0,"r":14.0,"q":11.16,"p":160000.0,"mot":"U","mo":14.0},{"cn":"","ui":"","t":0.0,"r":0.0,"q":0.0,"p":0.0,"mot":"L","mo":0.0}]},{"d":"10.02.2017","r":15.0,"q":11.18,"p":160000.0,"s":[{"ui":"3211568","t":15.0,"r":15.0,"q":11.18,"p":160000.0,"mot":"U","mo":15.0},{"cn":"","ui":"","t":0.0,"r":0.0,"q":0.0,"p":0.0,"mot":"L","mo":0.0}]},{"d":"11.02.2017","r":16.0,"q":11.19,"p":160000.0,"s":[{"ui":"3211568","t":16.0,"r":16.0,"q":11.19,"p":160000.0,"mot":"U","mo":16.0},{"cn":"","ui":"","t":0.0,"r":0.0,"q":0.0,"p":0.0,"mot":"L","mo":0.0}]},{"d":"12.02.2017","r":17.0,"q":11.2,"p":160000.0,"s":[{"ui":"3211568","t":17.0,"r":17.0,"q":11.2,"p":160000.0,"mot":"U","mo":17.0},{"cn":"","ui":"","t":0.0,"r":0.0,"q":0.0,"p":0.0,"mot":"L","mo":0.0}]},{"d":"13.02.2017","r":18.0,"q":11.22,"p":160000.0,"s":[{"ui":"3211568","t":18.0,"r":18.0,"q":11.22,"p":160000.0,"mot":"U","mo":18.0},{"cn":"","ui":"","t":0.0,"r":0.0,"q":0.0,"p":0.0,"mot":"L","mo":0.0}]},{"d":"14.02.2017","r":18.0,"q":11.23,"p":160000.0,"s":[{"ui":"3211568","t":18.0,"r":18.0,"q":11.23,"p":160000.0,"mot":"U","mo":18.0},{"cn":"","ui":"","t":0.0,"r":0.0,"q":0.0,"p":0.0,"mot":"L","mo":0.0}]},{"d":"15.02.2017","r":19.0,"q":11.25,"p":160000.0,"s":[{"ui":"3211568","t":19.0,"r":19.0,"q":11.25,"p":160000.0,"mot":"U","mo":19.0},{"cn":"","ui":"","t":0.0,"r":0.0,"q":0.0,"p":0.0,"mot":"L","mo":0.0}]},{"d":"16.02.2017","r":20.0,"q":11.26,"p":160000.0,"s":[{"ui":"3211568","t":20.0,"r":20.0,"q":11.26,"p":160000.0,"mot":"U","mo":20.0},{"cn":"","ui":"","t":0.0,"r":0.0,"q":0.0,"p":0.0,"mot":"L","mo":0.0}]},{"d":"17.02.2017","r":16.0,"q":11.27,"p":160000.0,"s":[{"ui":"3211568","t":16.0,"r":16.0,"q":11.27,"p":160000.0,"mot":"U","mo":16.0},{"cn":"","ui":"","t":0.0,"r":0.0,"q":0.0,"p":0.0,"mot":"L","mo":0.0}]},{"d":"18.02.2017","r":17.0,"q":11.29,"p":160000.0,"s":[{"ui":"3211568","t":17.0,"r":17.0,"q":11.29,"p":160000.0,"mot":"U","mo":17.0},{"cn":"","ui":"","t":0.0,"r":0.0,"q":0.0,"p":0.0,"mot":"L","mo":0.0}]},{"d":"19.02.2017","r":13.0,"q":11.32,"p":160000.0,"s":[{"ui":"3211568","t":13.0,"r":13.0,"q":11.32,"p":160000.0,"mot":"U","mo":13.0},{"cn":"","ui":"","t":0.0,"r":0.0,"q":0.0,"p":0.0,"mot":"L","mo":0.0}]},{"d":"20.02.2017","r":14.0,"q":11.34,"p":160000.0,"s":[{"ui":"3211568","t":14.0,"r":14.0,"q":11.34,"p":160000.0,"mot":"U","mo":14.0},{"cn":"","ui":"","t":0.0,"r":0.0,"q":0.0,"p":0.0,"mot":"L","mo":0.0}]},{"d":"21.02.2017","r":15.0,"q":11.36,"p":160000.0,"s":[{"ui":"3211568","t":15.0,"r":15.0,"q":11.36,"p":160000.0,"mot":"U","mo":15.0},{"cn":"","ui":"","t":0.0,"r":0.0,"q":0.0,"p":0.0,"mot":"L","mo":0.0}]},{"d":"22.02.2017","r":16.0,"q":11.38,"p":160000.0,"s":[{"ui":"3211568","t":16.0,"r":16.0,"q":11.38,"p":160000.0,"mot":"U","mo":16.0},{"cn":"","ui":"","t":0.0,"r":0.0,"q":0.0,"p":0.0,"mot":"L","mo":0.0}]},{"d":"23.02.2017","r":17.0,"q":11.4,"p":160000.0,"s":[{"ui":"3211568","t":17.0,"r":17.0,"q":11.4,"p":160000.0,"mot":"U","mo":17.0},{"cn":"","ui":"","t":0.0,"r":0.0,"q":0.0,"p":0.0,"mot":"L","mo":0.0}]},{"d":"24.02.2017","r":18.0,"q":11.42,"p":160000.0,"s":[{"ui":"3211568","t":18.0,"r":18.0,"q":11.42,"p":160000.0,"mot":"U","mo":18.0},{"cn":"","ui":"","t":0.0,"r":0.0,"q":0.0,"p":0.0,"mot":"L","mo":0.0}]},{"d":"25.02.2017","r":19.0,"q":11.44,"p":160000.0,"s":[{"ui":"3211568","t":19.0,"r":19.0,"q":11.44,"p":160000.0,"mot":"U","mo":19.0},{"cn":"","ui":"","t":0.0,"r":0.0,"q":0.0,"p":0.0,"mot":"L","mo":0.0}]},{"d":"26.02.2017","r":20.0,"q":11.45,"p":160000.0,"s":[{"ui":"3211568","t":20.0,"r":20.0,"q":11.45,"p":160000.0,"mot":"U","mo":20.0},{"cn":"","ui":"","t":0.0,"r":0.0,"q":0.0,"p":0.0,"mot":"L","mo":0.0}]},{"d":"27.02.2017","r":21.0,"q":11.47,"p":160000.0,"s":[{"ui":"3211568","t":21.0,"r":21.0,"q":11.47,"p":160000.0,"mot":"U","mo":21.0},{"cn":"","ui":"","t":0.0,"r":0.0,"q":0.0,"p":0.0,"mot":"L","mo":0.0}]},{"d":"28.02.2017","r":22.0,"q":11.49,"p":160000.0,"s":[{"ui":"3211568","t":22.0,"r":22.0,"q":11.49,"p":160000.0,"mot":"U","mo":22.0},{"cn":"","ui":"","t":0.0,"r":0.0,"q":0.0,"p":0.0,"mot":"L","mo":0.0}]},{"d":"01.03.2017","r":23.0,"q":11.5,"p":160000.0,"s":[{"ui":"3211568","t":23.0,"r":23.0,"q":11.5,"p":160000.0,"mot":"U","mo":23.0},{"cn":"","ui":"","t":0.0,"r":0.0,"q":0.0,"p":0.0,"mot":"L","mo":0.0}]},{"d":"02.03.2017","r":24.0,"q":11.52,"p":160000.0,"s":[{"ui":"3211568","t":24.0,"r":24.0,"q":11.52,"p":160000.0,"mot":"U","mo":24.0},{"cn":"","ui":"","t":0.0,"r":0.0,"q":0.0,"p":0.0,"mot":"L","mo":0.0}]},{"d":"03.03.2017","r":25.0,"q":11.53,"p":160000.0,"s":[{"cn":"Ackermann Industries International","ui":"3211568","t":25.0,"r":25.0,"q":11.53,"p":160000.0,"mot":"U","mo":25.0},{"cn":"","ui":"","t":0.0,"r":0.0,"q":0.0,"p":0.0,"mot":"L","mo":0.0}]},{"d":"04.03.2017","r":26.0,"q":11.55,"p":160000.0,"s":[{"cn":"Ackermann Industries International","ui":"3211568","t":26.0,"r":26.0,"q":11.55,"p":160000.0,"mot":"U","mo":26.0},{"cn":"","ui":"","t":0.0,"r":0.0,"q":0.0,"p":0.0,"mot":"L","mo":0.0}]},{"d":"05.03.2017","r":27.0,"q":11.56,"p":160000.0,"s":[{"cn":"Ackermann Industries International","ui":"3211568","t":27.0,"r":27.0,"q":11.56,"p":160000.0,"mot":"U","mo":27.0},{"cn":"","ui":"","t":0.0,"r":0.0,"q":0.0,"p":0.0,"mot":"L","mo":0.0}]},{"d":"06.03.2017","r":28.0,"q":11.58,"p":160000.0,"s":[{"cn":"Ackermann Industries International","ui":"3211568","t":28.0,"r":28.0,"q":11.58,"p":160000.0,"mot":"U","mo":28.0},{"cn":"","ui":"","t":0.0,"r":0.0,"q":0.0,"p":0.0,"mot":"L","mo":0.0}]},{"d":"07.03.2017","r":29.0,"q":11.59,"p":160000.0,"s":[{"cn":"Ackermann Industries International","ui":"3211568","t":29.0,"r":29.0,"q":11.59,"p":160000.0,"mot":"U","mo":29.0},{"cn":"","ui":"","t":0.0,"r":0.0,"q":0.0,"p":0.0,"mot":"L","mo":0.0}]},{"d":"08.03.2017","r":30.0,"q":11.61,"p":160000.0,"s":[{"cn":"Ackermann Industries International","ui":"3211568","t":30.0,"r":30.0,"q":11.61,"p":160000.0,"mot":"U","mo":30.0},{"cn":"","ui":"","t":0.0,"r":0.0,"q":0.0,"p":0.0,"mot":"L","mo":0.0}]},{"d":"10.03.2017","r":32.0,"q":11.63,"p":160000.0,"s":[{"cn":"Ackermann Industries International","ui":"3211568","t":32.0,"r":32.0,"q":11.63,"p":160000.0,"mot":"U","mo":32.0},{"cn":"","ui":"","t":0.0,"r":0.0,"q":0.0,"p":0.0,"mot":"L","mo":0.0}]},{"d":"11.03.2017","r":33.0,"q":11.65,"p":160000.0,"s":[{"cn":"Ackermann Industries International","ui":"3211568","t":33.0,"r":33.0,"q":11.65,"p":160000.0,"mot":"U","mo":33.0},{"cn":"","ui":"","t":0.0,"r":0.0,"q":0.0,"p":0.0,"mot":"L","mo":0.0}]},{"d":"12.03.2017","r":34.0,"q":11.66,"p":160000.0,"s":[{"cn":"Ackermann Industries International","ui":"3211568","t":34.0,"r":34.0,"q":11.66,"p":160000.0,"mot":"U","mo":34.0},{"cn":"","ui":"","t":0.0,"r":0.0,"q":0.0,"p":0.0,"mot":"L","mo":0.0}]},{"d":"13.03.2017","r":35.0,"q":11.67,"p":160000.0,"s":[{"cn":"Ackermann Industries International","ui":"3211568","t":35.0,"r":35.0,"q":11.67,"p":160000.0,"mot":"U","mo":35.0},{"cn":"","ui":"","t":0.0,"r":0.0,"q":0.0,"p":0.0,"mot":"L","mo":0.0}]},{"d":"14.03.2017","r":36.0,"q":11.69,"p":160000.0,"s":[{"cn":"Ackermann Industries International","ui":"3211568","t":36.0,"r":36.0,"q":11.69,"p":160000.0,"mot":"U","mo":36.0},{"cn":"","ui":"","t":0.0,"r":0.0,"q":0.0,"p":0.0,"mot":"L","mo":0.0}]},{"d":"15.03.2017","r":37.0,"q":11.7,"p":160000.0,"s":[{"cn":"Ackermann Industries International","ui":"3211568","t":37.0,"r":37.0,"q":11.7,"p":160000.0,"mot":"U","mo":37.0},{"cn":"","ui":"","t":0.0,"r":0.0,"q":0.0,"p":0.0,"mot":"L","mo":0.0}]},{"d":"16.03.2017","r":38.0,"q":11.71,"p":160000.0,"s":[{"cn":"Ackermann Industries International","ui":"3211568","t":38.0,"r":38.0,"q":11.71,"p":160000.0,"mot":"U","mo":38.0},{"cn":"","ui":"","t":0.0,"r":0.0,"q":0.0,"p":0.0,"mot":"L","mo":0.0}]},{"d":"17.03.2017","r":30.0,"q":11.72,"p":160000.0,"s":[{"cn":"Ackermann Industries International","ui":"3211568","t":30.0,"r":30.0,"q":11.72,"p":160000.0,"mot":"U","mo":30.0},{"cn":"","ui":"","t":0.0,"r":0.0,"q":0.0,"p":0.0,"mot":"L","mo":0.0}]},{"d":"18.03.2017","r":29.0,"q":11.74,"p":160000.0,"s":[{"cn":"Ackermann Industries International","ui":"3211568","t":29.0,"r":29.0,"q":11.74,"p":160000.0,"mot":"U","mo":29.0},{"cn":"","ui":"","t":0.0,"r":0.0,"q":0.0,"p":0.0,"mot":"L","mo":0.0}]},{"d":"20.03.2017","r":28.0,"q":11.77,"p":160000.0,"s":[{"cn":"Ackermann Industries International","ui":"3211568","t":28.0,"r":28.0,"q":11.77,"p":160000.0,"mot":"U","mo":28.0},{"cn":"","ui":"","t":0.0,"r":0.0,"q":0.0,"p":0.0,"mot":"L","mo":0.0}]},{"d":"21.03.2017","r":23.0,"q":11.79,"p":160000.0,"s":[{"cn":"Ackermann Industries International","ui":"3211568","t":23.0,"r":23.0,"q":11.79,"p":160000.0,"mot":"U","mo":23.0},{"cn":"","ui":"","t":0.0,"r":0.0,"q":0.0,"p":0.0,"mot":"L","mo":0.0}]},{"d":"22.03.2017","r":21.0,"q":11.81,"p":160000.0,"s":[{"cn":"Ackermann Industries International","ui":"3211568","t":21.0,"r":21.0,"q":11.81,"p":160000.0,"mot":"U","mo":21.0},{"cn":"","ui":"","t":0.0,"r":0.0,"q":0.0,"p":0.0,"mot":"L","mo":0.0}]},{"d":"23.03.2017","r":22.0,"q":11.84,"p":160000.0,"s":[{"cn":"Ackermann Industries International","ui":"3211568","t":22.0,"r":22.0,"q":11.84,"p":160000.0,"mot":"U","mo":22.0},{"cn":"","ui":"","t":0.0,"r":0.0,"q":0.0,"p":0.0,"mot":"L","mo":0.0}]},{"d":"24.03.2017","r":23.0,"q":11.85,"p":160000.0,"s":[{"cn":"Ackermann Industries International","ui":"3211568","t":23.0,"r":23.0,"q":11.85,"p":160000.0,"mot":"U","mo":23.0},{"cn":"","ui":"","t":0.0,"r":0.0,"q":0.0,"p":0.0,"mot":"L","mo":0.0}]},{"d":"25.03.2017","r":1.0,"q":12.3,"p":160000.0,"s":[{"cn":"Ackermann Industries International","ui":"3211568","t":1.0,"r":1.0,"q":12.3,"p":160000.0,"mot":"U","mo":1.0},{"cn":"","ui":"","t":0.0,"r":0.0,"q":0.0,"p":0.0,"mot":"L","mo":0.0}]},{"d":"26.03.2017","r":2.0,"q":12.31,"p":160000.0,"s":[{"cn":"Ackermann Industries International","ui":"3211568","t":2.0,"r":2.0,"q":12.31,"p":160000.0,"mot":"U","mo":2.0},{"cn":"","ui":"","t":0.0,"r":0.0,"q":0.0,"p":0.0,"mot":"L","mo":0.0}]},{"d":"27.03.2017","r":1.0,"q":12.34,"p":160000.0,"s":[{"cn":"Ackermann Industries International","ui":"3211568","t":1.0,"r":1.0,"q":12.34,"p":160000.0,"mot":"U","mo":1.0},{"cn":"","ui":"","t":0.0,"r":0.0,"q":0.0,"p":0.0,"mot":"L","mo":0.0}]},{"d":"28.03.2017","r":2.0,"q":12.35,"p":160000.0,"s":[{"cn":"Ackermann Industries International","ui":"3211568","t":2.0,"r":2.0,"q":12.35,"p":160000.0,"mot":"U","mo":2.0},{"cn":"","ui":"","t":0.0,"r":0.0,"q":0.0,"p":0.0,"mot":"L","mo":0.0}]},{"d":"29.03.2017","r":1.0,"q":12.37,"p":160000.0,"s":[{"cn":"Ackermann Industries International","ui":"3211568","t":1.0,"r":1.0,"q":12.37,"p":160000.0,"mot":"U","mo":1.0},{"cn":"","ui":"","t":0.0,"r":0.0,"q":0.0,"p":0.0,"mot":"L","mo":0.0}]},{"d":"31.03.2017","r":2.0,"q":12.39,"p":160000.0,"s":[{"cn":"Ackermann Industries International","ui":"3211568","t":2.0,"r":2.0,"q":12.39,"p":160000.0,"mot":"U","mo":2.0},{"cn":"","ui":"","t":0.0,"r":0.0,"q":0.0,"p":0.0,"mot":"L","mo":0.0}]},{"d":"01.04.2017","r":1.0,"q":12.41,"p":160000.0,"s":[{"cn":"Ackermann Industries International","ui":"3211568","t":1.0,"r":1.0,"q":12.41,"p":160000.0,"mot":"U","mo":1.0},{"cn":"","ui":"","t":0.0,"r":0.0,"q":0.0,"p":0.0,"mot":"L","mo":0.0}]},{"d":"02.04.2017","r":1.0,"q":12.43,"p":160000.0,"s":[{"cn":"Ackermann Industries International","ui":"3211568","t":1.0,"r":1.0,"q":12.43,"p":160000.0,"mot":"U","mo":1.0},{"cn":"","ui":"","t":0.0,"r":0.0,"q":0.0,"p":0.0,"mot":"L","mo":0.0}]},{"d":"03.04.2017","r":1.0,"q":12.44,"p":160000.0,"s":[{"cn":"Ackermann Industries International","ui":"3211568","t":1.0,"r":1.0,"q":12.44,"p":160000.0,"mot":"U","mo":1.0},{"cn":"","ui":"","t":0.0,"r":0.0,"q":0.0,"p":0.0,"mot":"L","mo":0.0}]},{"d":"04.04.2017","r":1.0,"q":12.46,"p":160000.0,"s":[{"cn":"Ackermann Industries International","ui":"3211568","t":1.0,"r":1.0,"q":12.46,"p":160000.0,"mot":"U","mo":1.0},{"cn":"","ui":"","t":0.0,"r":0.0,"q":0.0,"p":0.0,"mot":"L","mo":0.0}]},{"d":"05.04.2017","r":1.0,"q":12.48,"p":160000.0,"s":[{"cn":"Ackermann Industries International","ui":"3211568","t":1.0,"r":1.0,"q":12.48,"p":160000.0,"mot":"U","mo":1.0},{"cn":"","ui":"","t":0.0,"r":0.0,"q":0.0,"p":0.0,"mot":"L","mo":0.0}]},{"d":"07.04.2017","r":18.0,"q":1.64,"p":103333.33,"s":[{"cn":"Ackermann Industries International","ui":"3211568","t":1.0,"r":1.0,"q":12.52,"p":160000.0,"mot":"U","mo":1.0},{"cn":"Tomorrow S.R.L.","ui":"3770649","t":17.0,"r":17.0,"q":1.0,"p":100000.0,"mot":"U","mo":17.0},{"cn":"","ui":"","t":0.0,"r":0.0,"q":0.0,"p":0.0,"mot":"L","mo":0.0}]},{"d":"08.04.2017","r":50.0,"q":1.0,"p":100000.0,"s":[{"cn":"Tomorrow S.R.L.","ui":"3770649","t":50.0,"r":50.0,"q":1.0,"p":100000.0,"mot":"U","mo":50.0},{"cn":"","ui":"","t":0.0,"r":0.0,"q":0.0,"p":0.0,"mot":"L","mo":0.0}]},{"d":"09.04.2017","r":41.0,"q":1.28,"p":101463.41,"s":[{"cn":"Tomorrow S.R.L.","ui":"3770649","t":40.0,"r":40.0,"q":1.0,"p":100000.0,"mot":"U","mo":40.0},{"cn":"","ui":"","t":1.0,"r":1.0,"q":12.54,"p":160000.0,"mot":"L","mo":1.0}]},{"d":"11.04.2017","r":28.0,"q":1.0,"p":200000.0,"s":[{"cn":"Vipers","ui":"3774986","t":28.0,"r":28.0,"q":1.0,"p":200000.0,"mot":"U","mo":28.0},{"cn":"","ui":"","t":0.0,"r":0.0,"q":0.0,"p":0.0,"mot":"L","mo":0.0}]},{"d":"12.04.2017","r":405.0,"q":2.69,"p":143303.09,"s":[{"cn":"crbc.ltd","ui":"3774920","t":59.0,"r":59.0,"q":1.1,"p":150000.0,"mot":"U","mo":59.0},{"cn":"EPIC TEAM","ui":"3772783","t":135.0,"r":125.0,"q":5.04,"p":148222.0,"mot":"U","mo":125.0},{"cn":"Tomorrow S.R.L.","ui":"3770649","t":50.0,"r":50.0,"q":1.0,"p":100000.0,"mot":"L","mo":50.0},{"cn":"SERENUS","ui":"3772777","t":170.0,"r":170.0,"q":1.96,"p":150000.0,"mot":"U","mo":170.0},{"cn":"","ui":"","t":1.0,"r":1.0,"q":12.56,"p":160000.0,"mot":"L","mo":1.0}]},{"d":"13.04.2017","r":704.0,"q":2.6,"p":113466.63,"s":[{"cn":"crbc.ltd","ui":"3774920","t":109.0,"r":109.0,"q":1.05,"p":100000.0,"mot":"U","mo":109.0},{"cn":"Vipers","ui":"3774986","t":81.0,"r":81.0,"q":1.0,"p":95000.0,"mot":"U","mo":81.0},{"cn":"EPIC TEAM","ui":"3772783","t":215.0,"r":205.0,"q":4.8,"p":148222.0,"mot":"U","mo":205.0},{"cn":"Tomorrow S.R.L.","ui":"3770649","t":99.0,"r":99.0,"q":1.0,"p":100000.0,"mot":"L","mo":50.0},{"cn":"SERENUS","ui":"3772777","t":259.0,"r":259.0,"q":2.31,"p":100000.0,"mot":"U","mo":259.0},{"cn":"","ui":"","t":0.0,"r":0.0,"q":0.0,"p":0.0,"mot":"L","mo":0.0}]},{"d":"14.04.2017","r":1067.0,"q":3.05,"p":116349.74,"s":[{"cn":"crbc.ltd","ui":"3774920","t":159.0,"r":159.0,"q":1.04,"p":100000.0,"mot":"U","mo":159.0},{"cn":"Vipers","ui":"3774986","t":127.0,"r":127.0,"q":1.0,"p":90000.0,"mot":"U","mo":127.0},{"cn":"EPIC TEAM","ui":"3772783","t":360.0,"r":350.0,"q":5.15,"p":148222.0,"mot":"U","mo":350.0},{"cn":"Tomorrow S.R.L.","ui":"3770649","t":113.0,"r":113.0,"q":1.0,"p":100000.0,"mot":"U","mo":113.0},{"cn":"SERENUS","ui":"3772777","t":298.0,"r":298.0,"q":3.17,"p":100000.0,"mot":"U","mo":298.0},{"cn":"","ui":"","t":20.0,"r":20.0,"q":4.92,"p":191873.5,"mot":"L","mo":20.0}]},{"d":"15.04.2017","r":441.0,"q":3.54,"p":148053.32,"s":[{"cn":"Vipers","ui":"3774986","t":49.0,"r":49.0,"q":1.0,"p":90000.0,"mot":"U","mo":49.0},{"cn":"EPIC TEAM","ui":"3772783","t":83.0,"r":73.0,"q":4.95,"p":62333.0,"mot":"U","mo":73.0},{"cn":"SERENUS","ui":"3772777","t":289.0,"r":289.0,"q":3.47,"p":175000.0,"mot":"U","mo":289.0},{"cn":"","ui":"","t":30.0,"r":30.0,"q":5.0,"p":191873.5,"mot":"L","mo":30.0}]},{"d":"16.04.2017","r":414.0,"q":4.91,"p":177771.08,"s":[{"cn":"Vipers","ui":"3774986","t":49.0,"r":49.0,"q":1.0,"p":1000000.0,"mot":"U","mo":49.0},{"cn":"EPIC TEAM","ui":"3772783","t":326.0,"r":316.0,"q":6.12,"p":62333.0,"mot":"U","mo":316.0},{"cn":"Tomorrow S.R.L.","ui":"3770649","t":49.0,"r":49.0,"q":1.0,"p":100000.0,"mot":"L","mo":49.0},{"cn":"","ui":"","t":0.0,"r":0.0,"q":0.0,"p":0.0,"mot":"L","mo":0.0}]},{"d":"17.04.2017","r":701.0,"q":4.02,"p":217236.7,"s":[{"cn":"crbc.ltd","ui":"3774920","t":100.0,"r":100.0,"q":1.0,"p":100000.0,"mot":"U","mo":100.0},{"cn":"Vipers","ui":"3774986","t":98.0,"r":98.0,"q":1.0,"p":1000000.0,"mot":"U","mo":98.0},{"cn":"EPIC TEAM","ui":"3772783","t":405.0,"r":395.0,"q":6.23,"p":82441.0,"mot":"U","mo":395.0},{"cn":"Tomorrow S.R.L.","ui":"3770649","t":98.0,"r":98.0,"q":1.0,"p":100000.0,"mot":"L","mo":98.0},{"cn":"","ui":"","t":10.0,"r":10.0,"q":6.12,"p":191873.5,"mot":"L","mo":10.0}]},{"d":"18.04.2017","r":577.0,"q":4.58,"p":300000.0,"s":[{"cn":"SERENUS","ui":"3772777","t":577.0,"r":577.0,"q":4.58,"p":300000.0,"mot":"U","mo":577.0},{"cn":"","ui":"","t":0.0,"r":0.0,"q":0.0,"p":0.0,"mot":"L","mo":0.0}]},{"d":"19.04.2017","r":176.0,"q":3.39,"p":335511.36,"s":[{"cn":"crbc.ltd","ui":"3774920","t":50.0,"r":50.0,"q":1.0,"p":200000.0,"mot":"U","mo":50.0},{"cn":"SERENUS","ui":"3772777","t":118.0,"r":118.0,"q":4.57,"p":375000.0,"mot":"U","mo":118.0},{"cn":"","ui":"","t":8.0,"r":8.0,"q":1.0,"p":600000.0,"mot":"L","mo":8.0}]},{"d":"21.04.2017","r":1147.0,"q":2.52,"p":111648.11,"s":[{"cn":"EPIC TEAM","ui":"3772783","t":88.0,"r":68.0,"q":4.25,"p":75888.0,"mot":"U","mo":68.0},{"cn":"SERENUS","ui":"3772777","t":980.0,"r":980.0,"q":2.55,"p":100000.0,"mot":"U","mo":980.0},{"cn":"","ui":"","t":99.0,"r":99.0,"q":1.0,"p":251515.15,"mot":"L","mo":99.0}]},{"d":"22.04.2017","r":1636.0,"q":2.46,"p":118337.41,"s":[{"cn":"crbc.ltd","ui":"3774920","t":100.0,"r":100.0,"q":1.0,"p":400000.0,"mot":"U","mo":100.0},{"cn":"SERENUS","ui":"3772777","t":1536.0,"r":1536.0,"q":2.55,"p":100000.0,"mot":"U","mo":1536.0},{"cn":"","ui":"","t":0.0,"r":0.0,"q":0.0,"p":0.0,"mot":"L","mo":0.0}]},{"d":"23.04.2017","r":1747.0,"q":2.75,"p":256931.48,"s":[{"cn":"EPIC TEAM","ui":"3772783","t":312.0,"r":292.0,"q":3.97,"p":75888.0,"mot":"U","mo":292.0},{"cn":"SERENUS","ui":"3772777","t":1406.0,"r":1406.0,"q":2.56,"p":300000.0,"mot":"U","mo":1406.0},{"cn":"","ui":"","t":49.0,"r":49.0,"q":1.0,"p":100000.0,"mot":"L","mo":49.0}]},{"d":"24.04.2017","r":2548.0,"q":3.61,"p":301172.74,"s":[{"cn":"EPIC TEAM","ui":"3772783","t":436.0,"r":416.0,"q":3.9,"p":75888.0,"mot":"U","mo":416.0},{"cn":"goodwin team","ui":"3786540","t":167.0,"r":167.0,"q":11.17,"p":1000000.0,"mot":"U","mo":167.0},{"cn":"SERENUS","ui":"3772777","t":1857.0,"r":1857.0,"q":3.0,"p":300000.0,"mot":"U","mo":1857.0},{"cn":"","ui":"","t":108.0,"r":108.0,"q":1.28,"p":108506.81,"mot":"L","mo":108.0}]},{"d":"26.04.2017","r":3215.0,"q":3.28,"p":252239.84,"s":[{"cn":"EPIC TEAM","ui":"3772783","t":552.0,"r":542.0,"q":3.94,"p":67223.0,"mot":"U","mo":542.0},{"cn":"SERENUS","ui":"3772777","t":2483.0,"r":2483.0,"q":3.22,"p":300000.0,"mot":"U","mo":2483.0},{"cn":"","ui":"","t":190.0,"r":190.0,"q":2.11,"p":155874.76,"mot":"L","mo":190.0}]},{"d":"28.04.2017","r":1.0,"q":12.74,"p":160000.0,"s":[{"cn":"Ackermann Industries International","ui":"3211568","t":1.0,"r":1.0,"q":12.74,"p":160000.0,"mot":"U","mo":1.0},{"cn":"","ui":"","t":0.0,"r":0.0,"q":0.0,"p":0.0,"mot":"L","mo":0.0}]},{"d":"29.04.2017","r":2.0,"q":12.74,"p":160000.0,"s":[{"cn":"Ackermann Industries International","ui":"3211568","t":2.0,"r":2.0,"q":12.74,"p":160000.0,"mot":"U","mo":2.0},{"cn":"","ui":"","t":0.0,"r":0.0,"q":0.0,"p":0.0,"mot":"L","mo":0.0}]},{"d":"01.05.2017","r":4.0,"q":12.75,"p":160000.0,"s":[{"cn":"Ackermann Industries International","ui":"3211568","t":4.0,"r":4.0,"q":12.75,"p":160000.0,"mot":"U","mo":4.0},{"cn":"","ui":"","t":0.0,"r":0.0,"q":0.0,"p":0.0,"mot":"L","mo":0.0}]},{"d":"02.05.2017","r":5.0,"q":12.75,"p":160000.0,"s":[{"cn":"Ackermann Industries International","ui":"3211568","t":5.0,"r":5.0,"q":12.75,"p":160000.0,"mot":"U","mo":5.0},{"cn":"","ui":"","t":0.0,"r":0.0,"q":0.0,"p":0.0,"mot":"L","mo":0.0}]},{"d":"03.05.2017","r":3.0,"q":12.76,"p":160000.0,"s":[{"cn":"Ackermann Industries International","ui":"3211568","t":3.0,"r":3.0,"q":12.76,"p":160000.0,"mot":"U","mo":3.0},{"cn":"","ui":"","t":0.0,"r":0.0,"q":0.0,"p":0.0,"mot":"L","mo":0.0}]},{"d":"04.05.2017","r":1.0,"q":12.79,"p":160000.0,"s":[{"cn":"Ackermann Industries International","ui":"3211568","t":1.0,"r":1.0,"q":12.79,"p":160000.0,"mot":"U","mo":1.0},{"cn":"","ui":"","t":0.0,"r":0.0,"q":0.0,"p":0.0,"mot":"L","mo":0.0}]},{"d":"06.05.2017","r":2.0,"q":12.8,"p":161000.0,"s":[{"cn":"Ackermann Industries International","ui":"3211568","t":2.0,"r":2.0,"q":12.8,"p":161000.0,"mot":"U","mo":2.0},{"cn":"","ui":"","t":0.0,"r":0.0,"q":0.0,"p":0.0,"mot":"L","mo":0.0}]},{"d":"08.05.2017","r":4.0,"q":12.81,"p":161000.0,"s":[{"cn":"Ackermann Industries International","ui":"3211568","t":4.0,"r":4.0,"q":12.81,"p":161000.0,"mot":"U","mo":4.0},{"cn":"","ui":"","t":0.0,"r":0.0,"q":0.0,"p":0.0,"mot":"L","mo":0.0}]},{"d":"09.05.2017","r":5.0,"q":12.81,"p":161000.0,"s":[{"cn":"Ackermann Industries International","ui":"3211568","t":5.0,"r":5.0,"q":12.81,"p":161000.0,"mot":"U","mo":5.0},{"cn":"","ui":"","t":0.0,"r":0.0,"q":0.0,"p":0.0,"mot":"L","mo":0.0}]},{"d":"10.05.2017","r":6.0,"q":12.81,"p":161000.0,"s":[{"cn":"Ackermann Industries International","ui":"3211568","t":6.0,"r":6.0,"q":12.81,"p":161000.0,"mot":"U","mo":6.0},{"cn":"","ui":"","t":0.0,"r":0.0,"q":0.0,"p":0.0,"mot":"L","mo":0.0}]},{"d":"11.05.2017","r":7.0,"q":12.82,"p":161000.0,"s":[{"cn":"Ackermann Industries International","ui":"3211568","t":7.0,"r":7.0,"q":12.82,"p":161000.0,"mot":"U","mo":7.0},{"cn":"","ui":"","t":0.0,"r":0.0,"q":0.0,"p":0.0,"mot":"L","mo":0.0}]},{"d":"12.05.2017","r":2.0,"q":12.82,"p":161000.0,"s":[{"cn":"Ackermann Industries International","ui":"3211568","t":2.0,"r":2.0,"q":12.82,"p":161000.0,"mot":"U","mo":2.0},{"cn":"","ui":"","t":0.0,"r":0.0,"q":0.0,"p":0.0,"mot":"L","mo":0.0}]},{"d":"13.05.2017","r":3.0,"q":12.83,"p":161000.0,"s":[{"cn":"Ackermann Industries International","ui":"3211568","t":3.0,"r":3.0,"q":12.83,"p":161000.0,"mot":"U","mo":3.0},{"cn":"","ui":"","t":0.0,"r":0.0,"q":0.0,"p":0.0,"mot":"L","mo":0.0}]},{"d":"14.05.2017","r":4.0,"q":12.84,"p":161000.0,"s":[{"cn":"Ackermann Industries International","ui":"3211568","t":4.0,"r":4.0,"q":12.84,"p":161000.0,"mot":"U","mo":4.0},{"cn":"","ui":"","t":0.0,"r":0.0,"q":0.0,"p":0.0,"mot":"L","mo":0.0}]},{"d":"15.05.2017","r":5.0,"q":12.85,"p":161000.0,"s":[{"cn":"Ackermann Industries International","ui":"3211568","t":5.0,"r":5.0,"q":12.85,"p":161000.0,"mot":"U","mo":5.0},{"cn":"","ui":"","t":0.0,"r":0.0,"q":0.0,"p":0.0,"mot":"L","mo":0.0}]},{"d":"16.05.2017","r":6.0,"q":12.86,"p":161000.0,"s":[{"cn":"Ackermann Industries International","ui":"3211568","t":6.0,"r":6.0,"q":12.86,"p":161000.0,"mot":"U","mo":6.0},{"cn":"","ui":"","t":0.0,"r":0.0,"q":0.0,"p":0.0,"mot":"L","mo":0.0}]},{"d":"17.05.2017","r":7.0,"q":12.86,"p":161000.0,"s":[{"cn":"Ackermann Industries International","ui":"3211568","t":7.0,"r":7.0,"q":12.86,"p":161000.0,"mot":"U","mo":7.0},{"cn":"","ui":"","t":0.0,"r":0.0,"q":0.0,"p":0.0,"mot":"L","mo":0.0}]},{"d":"18.05.2017","r":8.0,"q":12.87,"p":161000.0,"s":[{"cn":"Ackermann Industries International","ui":"3211568","t":8.0,"r":8.0,"q":12.87,"p":161000.0,"mot":"U","mo":8.0},{"cn":"","ui":"","t":0.0,"r":0.0,"q":0.0,"p":0.0,"mot":"L","mo":0.0}]},{"d":"19.05.2017","r":9.0,"q":12.88,"p":161000.0,"s":[{"cn":"Ackermann Industries International","ui":"3211568","t":9.0,"r":9.0,"q":12.88,"p":161000.0,"mot":"U","mo":9.0},{"cn":"","ui":"","t":0.0,"r":0.0,"q":0.0,"p":0.0,"mot":"L","mo":0.0}]},{"d":"20.05.2017","r":10.0,"q":12.88,"p":161000.0,"s":[{"cn":"Ackermann Industries International","ui":"3211568","t":10.0,"r":10.0,"q":12.88,"p":161000.0,"mot":"U","mo":10.0},{"cn":"","ui":"","t":0.0,"r":0.0,"q":0.0,"p":0.0,"mot":"L","mo":0.0}]},{"d":"21.05.2017","r":11.0,"q":12.89,"p":161000.0,"s":[{"cn":"Ackermann Industries International","ui":"3211568","t":11.0,"r":11.0,"q":12.89,"p":161000.0,"mot":"U","mo":11.0},{"cn":"","ui":"","t":0.0,"r":0.0,"q":0.0,"p":0.0,"mot":"L","mo":0.0}]},{"d":"22.05.2017","r":12.0,"q":12.89,"p":161000.0,"s":[{"cn":"Ackermann Industries International","ui":"3211568","t":12.0,"r":12.0,"q":12.89,"p":161000.0,"mot":"U","mo":12.0},{"cn":"","ui":"","t":0.0,"r":0.0,"q":0.0,"p":0.0,"mot":"L","mo":0.0}]},{"d":"23.05.2017","r":13.0,"q":12.9,"p":161000.0,"s":[{"cn":"Ackermann Industries International","ui":"3211568","t":13.0,"r":13.0,"q":12.9,"p":161000.0,"mot":"U","mo":13.0},{"cn":"","ui":"","t":0.0,"r":0.0,"q":0.0,"p":0.0,"mot":"L","mo":0.0}]},{"d":"24.05.2017","r":14.0,"q":12.91,"p":161000.0,"s":[{"cn":"Ackermann Industries International","ui":"3211568","t":14.0,"r":14.0,"q":12.91,"p":161000.0,"mot":"U","mo":14.0},{"cn":"","ui":"","t":0.0,"r":0.0,"q":0.0,"p":0.0,"mot":"L","mo":0.0}]},{"d":"25.05.2017","r":15.0,"q":12.91,"p":161000.0,"s":[{"cn":"Ackermann Industries International","ui":"3211568","t":15.0,"r":15.0,"q":12.91,"p":161000.0,"mot":"U","mo":15.0},{"cn":"","ui":"","t":0.0,"r":0.0,"q":0.0,"p":0.0,"mot":"L","mo":0.0}]},{"d":"26.05.2017","r":16.0,"q":12.92,"p":161000.0,"s":[{"cn":"Ackermann Industries International","ui":"3211568","t":16.0,"r":16.0,"q":12.92,"p":161000.0,"mot":"U","mo":16.0},{"cn":"","ui":"","t":0.0,"r":0.0,"q":0.0,"p":0.0,"mot":"L","mo":0.0}]},{"d":"27.05.2017","r":17.0,"q":12.92,"p":161000.0,"s":[{"cn":"Ackermann Industries International","ui":"3211568","t":17.0,"r":17.0,"q":12.92,"p":161000.0,"mot":"U","mo":17.0},{"cn":"","ui":"","t":0.0,"r":0.0,"q":0.0,"p":0.0,"mot":"L","mo":0.0}]},{"d":"28.05.2017","r":18.0,"q":12.93,"p":161000.0,"s":[{"cn":"Ackermann Industries International","ui":"3211568","t":18.0,"r":18.0,"q":12.93,"p":161000.0,"mot":"U","mo":18.0},{"cn":"","ui":"","t":0.0,"r":0.0,"q":0.0,"p":0.0,"mot":"L","mo":0.0}]},{"d":"29.05.2017","r":19.0,"q":12.94,"p":161000.0,"s":[{"cn":"Ackermann Industries International","ui":"3211568","t":19.0,"r":19.0,"q":12.94,"p":161000.0,"mot":"U","mo":19.0},{"cn":"","ui":"","t":0.0,"r":0.0,"q":0.0,"p":0.0,"mot":"L","mo":0.0}]},{"d":"30.05.2017","r":20.0,"q":12.96,"p":161000.0,"s":[{"cn":"Ackermann Industries International","ui":"3211568","t":20.0,"r":20.0,"q":12.96,"p":161000.0,"mot":"U","mo":20.0},{"cn":"","ui":"","t":0.0,"r":0.0,"q":0.0,"p":0.0,"mot":"L","mo":0.0}]},{"d":"31.05.2017","r":21.0,"q":12.98,"p":161000.0,"s":[{"cn":"Ackermann Industries International","ui":"3211568","t":21.0,"r":21.0,"q":12.98,"p":161000.0,"mot":"U","mo":21.0},{"cn":"","ui":"","t":0.0,"r":0.0,"q":0.0,"p":0.0,"mot":"L","mo":0.0}]},{"d":"01.06.2017","r":22.0,"q":12.99,"p":161000.0,"s":[{"cn":"Ackermann Industries International","ui":"3211568","t":22.0,"r":22.0,"q":12.99,"p":161000.0,"mot":"U","mo":22.0},{"cn":"","ui":"","t":0.0,"r":0.0,"q":0.0,"p":0.0,"mot":"L","mo":0.0}]},{"d":"02.06.2017","r":23.0,"q":13.01,"p":161000.0,"s":[{"cn":"Ackermann Industries International","ui":"3211568","t":23.0,"r":23.0,"q":13.01,"p":161000.0,"mot":"U","mo":23.0},{"cn":"","ui":"","t":0.0,"r":0.0,"q":0.0,"p":0.0,"mot":"L","mo":0.0}]},{"d":"03.06.2017","r":24.0,"q":13.03,"p":161000.0,"s":[{"cn":"Ackermann Industries International","ui":"3211568","t":24.0,"r":24.0,"q":13.03,"p":161000.0,"mot":"U","mo":24.0},{"cn":"","ui":"","t":0.0,"r":0.0,"q":0.0,"p":0.0,"mot":"L","mo":0.0}]},{"d":"04.06.2017","r":25.0,"q":13.05,"p":161000.0,"s":[{"cn":"Ackermann Industries International","ui":"3211568","t":25.0,"r":25.0,"q":13.05,"p":161000.0,"mot":"U","mo":25.0},{"cn":"","ui":"","t":0.0,"r":0.0,"q":0.0,"p":0.0,"mot":"L","mo":0.0}]},{"d":"05.06.2017","r":26.0,"q":13.07,"p":161000.0,"s":[{"cn":"Ackermann Industries International","ui":"3211568","t":26.0,"r":26.0,"q":13.07,"p":161000.0,"mot":"U","mo":26.0},{"cn":"","ui":"","t":0.0,"r":0.0,"q":0.0,"p":0.0,"mot":"L","mo":0.0}]},{"d":"06.06.2017","r":27.0,"q":13.09,"p":161000.0,"s":[{"cn":"Ackermann Industries International","ui":"3211568","t":27.0,"r":27.0,"q":13.09,"p":161000.0,"mot":"U","mo":27.0},{"cn":"","ui":"","t":0.0,"r":0.0,"q":0.0,"p":0.0,"mot":"L","mo":0.0}]},{"d":"07.06.2017","r":16.0,"q":13.12,"p":161000.0,"s":[{"cn":"Ackermann Industries International","ui":"3211568","t":16.0,"r":16.0,"q":13.12,"p":161000.0,"mot":"U","mo":16.0},{"cn":"","ui":"","t":0.0,"r":0.0,"q":0.0,"p":0.0,"mot":"L","mo":0.0}]},{"d":"08.06.2017","r":17.0,"q":13.15,"p":161000.0,"s":[{"cn":"Ackermann Industries International","ui":"3211568","t":17.0,"r":17.0,"q":13.15,"p":161000.0,"mot":"U","mo":17.0},{"cn":"","ui":"","t":0.0,"r":0.0,"q":0.0,"p":0.0,"mot":"L","mo":0.0}]},{"d":"09.06.2017","r":18.0,"q":13.17,"p":161000.0,"s":[{"cn":"Ackermann Industries International","ui":"3211568","t":18.0,"r":18.0,"q":13.17,"p":161000.0,"mot":"U","mo":18.0},{"cn":"","ui":"","t":0.0,"r":0.0,"q":0.0,"p":0.0,"mot":"L","mo":0.0}]},{"d":"10.06.2017","r":19.0,"q":13.19,"p":161000.0,"s":[{"cn":"Ackermann Industries International","ui":"3211568","t":19.0,"r":19.0,"q":13.19,"p":161000.0,"mot":"U","mo":19.0},{"cn":"","ui":"","t":0.0,"r":0.0,"q":0.0,"p":0.0,"mot":"L","mo":0.0}]},{"d":"11.06.2017","r":20.0,"q":13.21,"p":161000.0,"s":[{"cn":"Ackermann Industries International","ui":"3211568","t":20.0,"r":20.0,"q":13.21,"p":161000.0,"mot":"U","mo":20.0},{"cn":"","ui":"","t":0.0,"r":0.0,"q":0.0,"p":0.0,"mot":"L","mo":0.0}]},{"d":"12.06.2017","r":21.0,"q":13.22,"p":161000.0,"s":[{"cn":"Ackermann Industries International","ui":"3211568","t":21.0,"r":21.0,"q":13.22,"p":161000.0,"mot":"U","mo":21.0},{"cn":"","ui":"","t":0.0,"r":0.0,"q":0.0,"p":0.0,"mot":"L","mo":0.0}]},{"d":"13.06.2017","r":2.0,"q":13.37,"p":161000.0,"s":[{"cn":"Ackermann Industries International","ui":"3211568","t":2.0,"r":2.0,"q":13.37,"p":161000.0,"mot":"U","mo":2.0},{"cn":"","ui":"","t":0.0,"r":0.0,"q":0.0,"p":0.0,"mot":"L","mo":0.0}]},{"d":"14.06.2017","r":3.0,"q":13.42,"p":161000.0,"s":[{"cn":"Ackermann Industries International","ui":"3211568","t":3.0,"r":3.0,"q":13.42,"p":161000.0,"mot":"U","mo":3.0},{"cn":"","ui":"","t":0.0,"r":0.0,"q":0.0,"p":0.0,"mot":"L","mo":0.0}]},{"d":"15.06.2017","r":4.0,"q":13.44,"p":161000.0,"s":[{"cn":"Ackermann Industries International","ui":"3211568","t":4.0,"r":4.0,"q":13.44,"p":161000.0,"mot":"U","mo":4.0},{"cn":"","ui":"","t":0.0,"r":0.0,"q":0.0,"p":0.0,"mot":"L","mo":0.0}]},{"d":"25.06.2017","r":1.0,"q":13.4,"p":161000.0,"s":[{"cn":"Ackermann Industries International","ui":"3211568","t":1.0,"r":1.0,"q":13.4,"p":161000.0,"mot":"U","mo":1.0},{"cn":"","ui":"","t":0.0,"r":0.0,"q":0.0,"p":0.0,"mot":"L","mo":0.0}]},{"d":"26.06.2017","r":1.0,"q":13.39,"p":161000.0,"s":[{"cn":"Ackermann Industries International","ui":"3211568","t":1.0,"r":1.0,"q":13.39,"p":161000.0,"mot":"U","mo":1.0},{"cn":"","ui":"","t":0.0,"r":0.0,"q":0.0,"p":0.0,"mot":"L","mo":0.0}]},{"d":"27.06.2017","r":1.0,"q":13.42,"p":161000.0,"s":[{"cn":"Ackermann Industries International","ui":"3211568","t":1.0,"r":1.0,"q":13.42,"p":161000.0,"mot":"U","mo":1.0},{"cn":"","ui":"","t":0.0,"r":0.0,"q":0.0,"p":0.0,"mot":"L","mo":0.0}]},{"d":"28.06.2017","r":1.0,"q":13.45,"p":161000.0,"s":[{"cn":"Ackermann Industries International","ui":"3211568","t":1.0,"r":1.0,"q":13.45,"p":161000.0,"mot":"U","mo":1.0},{"cn":"","ui":"","t":0.0,"r":0.0,"q":0.0,"p":0.0,"mot":"L","mo":0.0}]},{"d":"29.06.2017","r":1.0,"q":13.47,"p":161000.0,"s":[{"cn":"Ackermann Industries International","ui":"3211568","t":1.0,"r":1.0,"q":13.47,"p":161000.0,"mot":"U","mo":1.0},{"cn":"","ui":"","t":0.0,"r":0.0,"q":0.0,"p":0.0,"mot":"L","mo":0.0}]},{"d":"03.07.2017","r":1.0,"q":13.49,"p":161000.0,"s":[{"cn":"Ackermann Industries International","ui":"3211568","t":1.0,"r":1.0,"q":13.49,"p":161000.0,"mot":"U","mo":1.0},{"cn":"","ui":"","t":0.0,"r":0.0,"q":0.0,"p":0.0,"mot":"L","mo":0.0}]},{"d":"04.07.2017","r":2.0,"q":13.49,"p":161000.0,"s":[{"cn":"Ackermann Industries International","ui":"3211568","t":2.0,"r":2.0,"q":13.49,"p":161000.0,"mot":"U","mo":2.0},{"cn":"","ui":"","t":0.0,"r":0.0,"q":0.0,"p":0.0,"mot":"L","mo":0.0}]},{"d":"05.07.2017","r":3.0,"q":13.49,"p":161000.0,"s":[{"cn":"Ackermann Industries International","ui":"3211568","t":3.0,"r":3.0,"q":13.49,"p":161000.0,"mot":"U","mo":3.0},{"cn":"","ui":"","t":0.0,"r":0.0,"q":0.0,"p":0.0,"mot":"L","mo":0.0}]},{"d":"06.07.2017","r":5.0,"q":13.49,"p":161000.0,"s":[{"cn":"Ackermann Industries International","ui":"3211568","t":5.0,"r":5.0,"q":13.49,"p":161000.0,"mot":"U","mo":5.0},{"cn":"","ui":"","t":0.0,"r":0.0,"q":0.0,"p":0.0,"mot":"L","mo":0.0}]},{"d":"07.07.2017","r":7.0,"q":13.51,"p":161000.0,"s":[{"cn":"Ackermann Industries International","ui":"3211568","t":7.0,"r":7.0,"q":13.51,"p":161000.0,"mot":"U","mo":7.0},{"cn":"","ui":"","t":0.0,"r":0.0,"q":0.0,"p":0.0,"mot":"L","mo":0.0}]},{"d":"08.07.2017","r":9.0,"q":13.52,"p":161000.0,"s":[{"cn":"Ackermann Industries International","ui":"3211568","t":9.0,"r":9.0,"q":13.52,"p":161000.0,"mot":"U","mo":9.0},{"cn":"","ui":"","t":0.0,"r":0.0,"q":0.0,"p":0.0,"mot":"L","mo":0.0}]},{"d":"09.07.2017","r":11.0,"q":13.54,"p":161000.0,"s":[{"cn":"Ackermann Industries International","ui":"3211568","t":11.0,"r":11.0,"q":13.54,"p":161000.0,"mot":"U","mo":11.0},{"cn":"","ui":"","t":0.0,"r":0.0,"q":0.0,"p":0.0,"mot":"L","mo":0.0}]},{"d":"10.07.2017","r":13.0,"q":13.56,"p":161000.0,"s":[{"cn":"Ackermann Industries International","ui":"3211568","t":13.0,"r":13.0,"q":13.56,"p":161000.0,"mot":"U","mo":13.0},{"cn":"","ui":"","t":0.0,"r":0.0,"q":0.0,"p":0.0,"mot":"L","mo":0.0}]},{"d":"11.07.2017","r":15.0,"q":13.58,"p":161000.0,"s":[{"cn":"Ackermann Industries International","ui":"3211568","t":15.0,"r":15.0,"q":13.58,"p":161000.0,"mot":"U","mo":15.0},{"cn":"","ui":"","t":0.0,"r":0.0,"q":0.0,"p":0.0,"mot":"L","mo":0.0}]},{"d":"12.07.2017","r":17.0,"q":13.6,"p":161000.0,"s":[{"cn":"Ackermann Industries International","ui":"3211568","t":17.0,"r":17.0,"q":13.6,"p":161000.0,"mot":"U","mo":17.0},{"cn":"","ui":"","t":0.0,"r":0.0,"q":0.0,"p":0.0,"mot":"L","mo":0.0}]},{"d":"13.07.2017","r":19.0,"q":13.61,"p":161000.0,"s":[{"cn":"Ackermann Industries International","ui":"3211568","t":19.0,"r":19.0,"q":13.61,"p":161000.0,"mot":"U","mo":19.0},{"cn":"","ui":"","t":0.0,"r":0.0,"q":0.0,"p":0.0,"mot":"L","mo":0.0}]},{"d":"14.07.2017","r":21.0,"q":13.63,"p":161000.0,"s":[{"cn":"Ackermann Industries International","ui":"3211568","t":21.0,"r":21.0,"q":13.63,"p":161000.0,"mot":"U","mo":21.0},{"cn":"","ui":"","t":0.0,"r":0.0,"q":0.0,"p":0.0,"mot":"L","mo":0.0}]},{"d":"15.07.2017","r":23.0,"q":13.65,"p":161000.0,"s":[{"cn":"Ackermann Industries International","ui":"3211568","t":23.0,"r":23.0,"q":13.65,"p":161000.0,"mot":"U","mo":23.0},{"cn":"","ui":"","t":0.0,"r":0.0,"q":0.0,"p":0.0,"mot":"L","mo":0.0}]},{"d":"16.07.2017","r":25.0,"q":13.67,"p":161000.0,"s":[{"cn":"Ackermann Industries International","ui":"3211568","t":25.0,"r":25.0,"q":13.67,"p":161000.0,"mot":"U","mo":25.0},{"cn":"","ui":"","t":0.0,"r":0.0,"q":0.0,"p":0.0,"mot":"L","mo":0.0}]},{"d":"17.07.2017","r":27.0,"q":13.69,"p":161000.0,"s":[{"cn":"Ackermann Industries International","ui":"3211568","t":27.0,"r":27.0,"q":13.69,"p":161000.0,"mot":"U","mo":27.0},{"cn":"","ui":"","t":0.0,"r":0.0,"q":0.0,"p":0.0,"mot":"L","mo":0.0}]},{"d":"18.07.2017","r":29.0,"q":13.71,"p":161000.0,"s":[{"cn":"Ackermann Industries International","ui":"3211568","t":29.0,"r":29.0,"q":13.71,"p":161000.0,"mot":"U","mo":29.0},{"cn":"","ui":"","t":0.0,"r":0.0,"q":0.0,"p":0.0,"mot":"L","mo":0.0}]}]