[{"d":"29.05.2015","r":10.0,"q":9.74,"p":800000.0,"s":[{"ui":"3658860","t":10.0,"r":10.0,"q":9.74,"p":800000.0,"mot":"U","mo":10.0},{"cn":"","ui":"","t":0.0,"r":0.0,"q":0.0,"p":0.0,"mot":"L","mo":0.0}]},{"d":"01.06.2015","r":20.0,"q":10.51,"p":3400000.0,"s":[{"ui":"3483910","t":20.0,"r":20.0,"q":10.51,"p":3400000.0,"mot":"U","mo":20.0},{"cn":"","ui":"","t":0.0,"r":0.0,"q":0.0,"p":0.0,"mot":"L","mo":0.0}]},{"d":"16.09.2015","r":14.0,"q":10.51,"p":3400000.0,"s":[{"ui":"3483910","t":17.0,"r":14.0,"q":10.51,"p":3400000.0,"mot":"U","mo":14.0},{"cn":"","ui":"","t":0.0,"r":0.0,"q":0.0,"p":0.0,"mot":"L","mo":0.0}]},{"d":"17.09.2015","r":11.0,"q":10.51,"p":3400000.0,"s":[{"ui":"3483910","t":14.0,"r":11.0,"q":10.51,"p":3400000.0,"mot":"U","mo":11.0},{"cn":"","ui":"","t":0.0,"r":0.0,"q":0.0,"p":0.0,"mot":"L","mo":0.0}]},{"d":"18.09.2015","r":8.0,"q":10.51,"p":3400000.0,"s":[{"ui":"3483910","t":11.0,"r":8.0,"q":10.51,"p":3400000.0,"mot":"U","mo":8.0},{"cn":"","ui":"","t":0.0,"r":0.0,"q":0.0,"p":0.0,"mot":"L","mo":0.0}]},{"d":"19.09.2015","r":5.0,"q":10.51,"p":3400000.0,"s":[{"ui":"3483910","t":8.0,"r":5.0,"q":10.51,"p":3400000.0,"mot":"U","mo":5.0},{"cn":"","ui":"","t":0.0,"r":0.0,"q":0.0,"p":0.0,"mot":"L","mo":0.0}]},{"d":"20.09.2015","r":2.0,"q":10.51,"p":3400000.0,"s":[{"ui":"3483910","t":5.0,"r":2.0,"q":10.51,"p":3400000.0,"mot":"U","mo":2.0},{"cn":"","ui":"","t":0.0,"r":0.0,"q":0.0,"p":0.0,"mot":"L","mo":0.0}]},{"d":"21.09.2015","r":121.0,"q":9.74,"p":990000.0,"s":[{"ui":"3399783","t":121.0,"r":121.0,"q":9.74,"p":990000.0,"mot":"U","mo":121.0},{"cn":"","ui":"","t":0.0,"r":0.0,"q":0.0,"p":0.0,"mot":"L","mo":0.0}]},{"d":"31.10.2015","r":121.0,"q":9.74,"p":1500000.0,"s":[{"ui":"3399783","t":121.0,"r":121.0,"q":9.74,"p":1500000.0,"mot":"U","mo":121.0},{"cn":"","ui":"","t":0.0,"r":0.0,"q":0.0,"p":0.0,"mot":"L","mo":0.0}]},{"d":"08.11.2015","r":18.0,"q":7.77,"p":1800000.0,"s":[{"ui":"3464775","t":18.0,"r":18.0,"q":7.77,"p":1800000.0,"mot":"U","mo":18.0},{"cn":"","ui":"","t":0.0,"r":0.0,"q":0.0,"p":0.0,"mot":"L","mo":0.0}]},{"d":"14.12.2015","r":16.0,"q":7.77,"p":1800000.0,"s":[{"ui":"3464775","t":17.0,"r":16.0,"q":7.77,"p":1800000.0,"mot":"U","mo":16.0},{"cn":"","ui":"","t":0.0,"r":0.0,"q":0.0,"p":0.0,"mot":"L","mo":0.0}]},{"d":"15.12.2015","r":15.0,"q":7.77,"p":1800000.0,"s":[{"ui":"3464775","t":16.0,"r":15.0,"q":7.77,"p":1800000.0,"mot":"U","mo":15.0},{"cn":"","ui":"","t":0.0,"r":0.0,"q":0.0,"p":0.0,"mot":"L","mo":0.0}]},{"d":"16.12.2015","r":14.0,"q":7.77,"p":1800000.0,"s":[{"ui":"3464775","t":15.0,"r":14.0,"q":7.77,"p":1800000.0,"mot":"U","mo":14.0},{"cn":"","ui":"","t":0.0,"r":0.0,"q":0.0,"p":0.0,"mot":"L","mo":0.0}]},{"d":"17.12.2015","r":35.0,"q":4.07,"p":2554285.71,"s":[{"ui":"3464775","t":14.0,"r":13.0,"q":7.77,"p":1800000.0,"mot":"U","mo":13.0},{"ui":"2961403","t":22.0,"r":22.0,"q":1.88,"p":3000000.0,"mot":"U","mo":22.0},{"cn":"","ui":"","t":0.0,"r":0.0,"q":0.0,"p":0.0,"mot":"L","mo":0.0}]},{"d":"21.12.2015","r":5.0,"q":9.73,"p":2.73005E7,"s":[{"ui":"3402939","t":5.0,"r":5.0,"q":9.73,"p":2.73005E7,"mot":"U","mo":5.0},{"cn":"","ui":"","t":0.0,"r":0.0,"q":0.0,"p":0.0,"mot":"L","mo":0.0}]},{"d":"22.12.2015","r":10.0,"q":9.73,"p":2.73005E7,"s":[{"ui":"3402939","t":10.0,"r":10.0,"q":9.73,"p":2.73005E7,"mot":"U","mo":10.0},{"cn":"","ui":"","t":0.0,"r":0.0,"q":0.0,"p":0.0,"mot":"L","mo":0.0}]},{"d":"23.12.2015","r":15.0,"q":9.73,"p":4.91005E7,"s":[{"ui":"3402939","t":15.0,"r":15.0,"q":9.73,"p":4.91005E7,"mot":"U","mo":15.0},{"cn":"","ui":"","t":0.0,"r":0.0,"q":0.0,"p":0.0,"mot":"L","mo":0.0}]},{"d":"24.12.2015","r":20.0,"q":9.73,"p":4.91005E7,"s":[{"ui":"3402939","t":20.0,"r":20.0,"q":9.73,"p":4.91005E7,"mot":"U","mo":20.0},{"cn":"","ui":"","t":0.0,"r":0.0,"q":0.0,"p":0.0,"mot":"L","mo":0.0}]},{"d":"25.12.2015","r":25.0,"q":9.73,"p":4.91005E7,"s":[{"ui":"3402939","t":25.0,"r":25.0,"q":9.73,"p":4.91005E7,"mot":"U","mo":25.0},{"cn":"","ui":"","t":0.0,"r":0.0,"q":0.0,"p":0.0,"mot":"L","mo":0.0}]},{"d":"26.12.2015","r":65.0,"q":6.68,"p":2.454586141E7,"s":[{"ui":"4040927","t":35.0,"r":35.0,"q":4.07,"p":3499028.33,"mot":"U","mo":35.0},{"ui":"3402939","t":30.0,"r":30.0,"q":9.72,"p":4.91005E7,"mot":"U","mo":30.0},{"cn":"","ui":"","t":0.0,"r":0.0,"q":0.0,"p":0.0,"mot":"L","mo":0.0}]},{"d":"28.12.2015","r":40.0,"q":9.72,"p":4.91005E7,"s":[{"ui":"3402939","t":40.0,"r":40.0,"q":9.72,"p":4.91005E7,"mot":"U","mo":40.0},{"cn":"","ui":"","t":0.0,"r":0.0,"q":0.0,"p":0.0,"mot":"L","mo":0.0}]},{"d":"29.12.2015","r":45.0,"q":9.71,"p":4.91005E7,"s":[{"ui":"3402939","t":45.0,"r":45.0,"q":9.71,"p":4.91005E7,"mot":"U","mo":45.0},{"cn":"","ui":"","t":0.0,"r":0.0,"q":0.0,"p":0.0,"mot":"L","mo":0.0}]},{"d":"31.12.2015","r":33.0,"q":9.71,"p":4.91005E7,"s":[{"ui":"3402939","t":39.0,"r":33.0,"q":9.71,"p":4.91005E7,"mot":"U","mo":33.0},{"cn":"","ui":"","t":0.0,"r":0.0,"q":0.0,"p":0.0,"mot":"L","mo":0.0}]},{"d":"02.01.2016","r":32.0,"q":9.79,"p":4.91005E7,"s":[{"ui":"3402939","t":38.0,"r":32.0,"q":9.79,"p":4.91005E7,"mot":"U","mo":32.0},{"cn":"","ui":"","t":0.0,"r":0.0,"q":0.0,"p":0.0,"mot":"L","mo":0.0}]},{"d":"03.01.2016","r":31.0,"q":9.85,"p":4.91005E7,"s":[{"ui":"3402939","t":37.0,"r":31.0,"q":9.85,"p":4.91005E7,"mot":"U","mo":31.0},{"cn":"","ui":"","t":0.0,"r":0.0,"q":0.0,"p":0.0,"mot":"L","mo":0.0}]},{"d":"04.01.2016","r":30.0,"q":9.91,"p":4.91005E7,"s":[{"ui":"3402939","t":36.0,"r":30.0,"q":9.91,"p":4.91005E7,"mot":"U","mo":30.0},{"cn":"","ui":"","t":0.0,"r":0.0,"q":0.0,"p":0.0,"mot":"L","mo":0.0}]},{"d":"05.01.2016","r":29.0,"q":9.96,"p":4.91005E7,"s":[{"ui":"3402939","t":35.0,"r":29.0,"q":9.96,"p":4.91005E7,"mot":"U","mo":29.0},{"cn":"","ui":"","t":0.0,"r":0.0,"q":0.0,"p":0.0,"mot":"L","mo":0.0}]},{"d":"12.01.2016","r":22.0,"q":10.18,"p":4.91005E7,"s":[{"ui":"3402939","t":28.0,"r":22.0,"q":10.18,"p":4.91005E7,"mot":"U","mo":22.0},{"cn":"","ui":"","t":0.0,"r":0.0,"q":0.0,"p":0.0,"mot":"L","mo":0.0}]},{"d":"13.01.2016","r":21.0,"q":10.2,"p":4.91005E7,"s":[{"ui":"3402939","t":27.0,"r":21.0,"q":10.2,"p":4.91005E7,"mot":"U","mo":21.0},{"cn":"","ui":"","t":0.0,"r":0.0,"q":0.0,"p":0.0,"mot":"L","mo":0.0}]},{"d":"14.01.2016","r":20.0,"q":10.21,"p":4.91005E7,"s":[{"ui":"3402939","t":26.0,"r":20.0,"q":10.21,"p":4.91005E7,"mot":"U","mo":20.0},{"cn":"","ui":"","t":0.0,"r":0.0,"q":0.0,"p":0.0,"mot":"L","mo":0.0}]},{"d":"15.01.2016","r":19.0,"q":10.22,"p":4.91005E7,"s":[{"ui":"3402939","t":25.0,"r":19.0,"q":10.22,"p":4.91005E7,"mot":"U","mo":19.0},{"cn":"","ui":"","t":0.0,"r":0.0,"q":0.0,"p":0.0,"mot":"L","mo":0.0}]},{"d":"16.01.2016","r":18.0,"q":10.23,"p":4.91005E7,"s":[{"ui":"3402939","t":24.0,"r":18.0,"q":10.23,"p":4.91005E7,"mot":"U","mo":18.0},{"cn":"","ui":"","t":0.0,"r":0.0,"q":0.0,"p":0.0,"mot":"L","mo":0.0}]},{"d":"20.01.2016","r":14.0,"q":10.26,"p":4.91005E7,"s":[{"ui":"3402939","t":20.0,"r":14.0,"q":10.26,"p":4.91005E7,"mot":"U","mo":14.0},{"cn":"","ui":"","t":0.0,"r":0.0,"q":0.0,"p":0.0,"mot":"L","mo":0.0}]},{"d":"22.01.2016","r":2.0,"q":10.26,"p":4.91005E7,"s":[{"ui":"3402939","t":8.0,"r":2.0,"q":10.26,"p":4.91005E7,"mot":"U","mo":2.0},{"cn":"","ui":"","t":0.0,"r":0.0,"q":0.0,"p":0.0,"mot":"L","mo":0.0}]},{"d":"17.02.2016","r":17.0,"q":21.42,"p":8.5E7,"s":[{"ui":"3909749","t":17.0,"r":17.0,"q":21.42,"p":8.5E7,"mot":"U","mo":17.0},{"cn":"","ui":"","t":0.0,"r":0.0,"q":0.0,"p":0.0,"mot":"L","mo":0.0}]},{"d":"18.02.2016","r":18.0,"q":21.56,"p":8.5E7,"s":[{"ui":"3909749","t":18.0,"r":18.0,"q":21.56,"p":8.5E7,"mot":"U","mo":18.0},{"cn":"","ui":"","t":0.0,"r":0.0,"q":0.0,"p":0.0,"mot":"L","mo":0.0}]},{"d":"19.02.2016","r":19.0,"q":21.68,"p":8.5E7,"s":[{"ui":"3909749","t":19.0,"r":19.0,"q":21.68,"p":8.5E7,"mot":"U","mo":19.0},{"cn":"","ui":"","t":0.0,"r":0.0,"q":0.0,"p":0.0,"mot":"L","mo":0.0}]},{"d":"20.02.2016","r":20.0,"q":21.79,"p":8.5E7,"s":[{"ui":"3909749","t":20.0,"r":20.0,"q":21.79,"p":8.5E7,"mot":"U","mo":20.0},{"cn":"","ui":"","t":0.0,"r":0.0,"q":0.0,"p":0.0,"mot":"L","mo":0.0}]},{"d":"21.02.2016","r":21.0,"q":21.89,"p":8.5E7,"s":[{"ui":"3909749","t":21.0,"r":21.0,"q":21.89,"p":8.5E7,"mot":"U","mo":21.0},{"cn":"","ui":"","t":0.0,"r":0.0,"q":0.0,"p":0.0,"mot":"L","mo":0.0}]},{"d":"22.02.2016","r":22.0,"q":21.99,"p":8.5E7,"s":[{"ui":"3909749","t":22.0,"r":22.0,"q":21.99,"p":8.5E7,"mot":"U","mo":22.0},{"cn":"","ui":"","t":0.0,"r":0.0,"q":0.0,"p":0.0,"mot":"L","mo":0.0}]},{"d":"23.02.2016","r":23.0,"q":22.07,"p":8.5E7,"s":[{"ui":"3909749","t":23.0,"r":23.0,"q":22.07,"p":8.5E7,"mot":"U","mo":23.0},{"cn":"","ui":"","t":0.0,"r":0.0,"q":0.0,"p":0.0,"mot":"L","mo":0.0}]},{"d":"24.02.2016","r":24.0,"q":22.15,"p":8.5E7,"s":[{"ui":"3909749","t":24.0,"r":24.0,"q":22.15,"p":8.5E7,"mot":"U","mo":24.0},{"cn":"","ui":"","t":0.0,"r":0.0,"q":0.0,"p":0.0,"mot":"L","mo":0.0}]},{"d":"25.02.2016","r":25.0,"q":22.22,"p":8.5E7,"s":[{"ui":"3909749","t":25.0,"r":25.0,"q":22.22,"p":8.5E7,"mot":"U","mo":25.0},{"cn":"","ui":"","t":0.0,"r":0.0,"q":0.0,"p":0.0,"mot":"L","mo":0.0}]},{"d":"26.02.2016","r":26.0,"q":22.28,"p":8.5E7,"s":[{"ui":"3909749","t":26.0,"r":26.0,"q":22.28,"p":8.5E7,"mot":"U","mo":26.0},{"cn":"","ui":"","t":0.0,"r":0.0,"q":0.0,"p":0.0,"mot":"L","mo":0.0}]},{"d":"27.02.2016","r":27.0,"q":22.34,"p":8.5E7,"s":[{"ui":"3909749","t":27.0,"r":27.0,"q":22.34,"p":8.5E7,"mot":"U","mo":27.0},{"cn":"","ui":"","t":0.0,"r":0.0,"q":0.0,"p":0.0,"mot":"L","mo":0.0}]},{"d":"28.02.2016","r":28.0,"q":22.4,"p":8.5E7,"s":[{"ui":"3909749","t":28.0,"r":28.0,"q":22.4,"p":8.5E7,"mot":"U","mo":28.0},{"cn":"","ui":"","t":0.0,"r":0.0,"q":0.0,"p":0.0,"mot":"L","mo":0.0}]},{"d":"29.02.2016","r":29.0,"q":22.45,"p":8.5E7,"s":[{"ui":"3909749","t":29.0,"r":29.0,"q":22.45,"p":8.5E7,"mot":"U","mo":29.0},{"cn":"","ui":"","t":0.0,"r":0.0,"q":0.0,"p":0.0,"mot":"L","mo":0.0}]},{"d":"01.03.2016","r":30.0,"q":22.5,"p":8.5E7,"s":[{"ui":"3909749","t":30.0,"r":30.0,"q":22.5,"p":8.5E7,"mot":"U","mo":30.0},{"cn":"","ui":"","t":0.0,"r":0.0,"q":0.0,"p":0.0,"mot":"L","mo":0.0}]},{"d":"02.03.2016","r":31.0,"q":22.54,"p":8.5E7,"s":[{"ui":"3909749","t":31.0,"r":31.0,"q":22.54,"p":8.5E7,"mot":"U","mo":31.0},{"cn":"","ui":"","t":0.0,"r":0.0,"q":0.0,"p":0.0,"mot":"L","mo":0.0}]},{"d":"03.03.2016","r":32.0,"q":22.59,"p":8.5E7,"s":[{"ui":"3909749","t":32.0,"r":32.0,"q":22.59,"p":8.5E7,"mot":"U","mo":32.0},{"cn":"","ui":"","t":0.0,"r":0.0,"q":0.0,"p":0.0,"mot":"L","mo":0.0}]},{"d":"04.03.2016","r":33.0,"q":22.63,"p":8.5E7,"s":[{"ui":"3909749","t":33.0,"r":33.0,"q":22.63,"p":8.5E7,"mot":"U","mo":33.0},{"cn":"","ui":"","t":0.0,"r":0.0,"q":0.0,"p":0.0,"mot":"L","mo":0.0}]},{"d":"05.03.2016","r":34.0,"q":22.66,"p":8.5E7,"s":[{"ui":"3909749","t":34.0,"r":34.0,"q":22.66,"p":8.5E7,"mot":"U","mo":34.0},{"cn":"","ui":"","t":0.0,"r":0.0,"q":0.0,"p":0.0,"mot":"L","mo":0.0}]},{"d":"06.03.2016","r":35.0,"q":22.7,"p":8.5E7,"s":[{"ui":"3909749","t":35.0,"r":35.0,"q":22.7,"p":8.5E7,"mot":"U","mo":35.0},{"cn":"","ui":"","t":0.0,"r":0.0,"q":0.0,"p":0.0,"mot":"L","mo":0.0}]},{"d":"07.03.2016","r":36.0,"q":22.73,"p":8.5E7,"s":[{"ui":"3909749","t":36.0,"r":36.0,"q":22.73,"p":8.5E7,"mot":"U","mo":36.0},{"cn":"","ui":"","t":0.0,"r":0.0,"q":0.0,"p":0.0,"mot":"L","mo":0.0}]},{"d":"08.03.2016","r":37.0,"q":22.77,"p":8.5E7,"s":[{"ui":"3909749","t":37.0,"r":37.0,"q":22.77,"p":8.5E7,"mot":"U","mo":37.0},{"cn":"","ui":"","t":0.0,"r":0.0,"q":0.0,"p":0.0,"mot":"L","mo":0.0}]},{"d":"09.03.2016","r":38.0,"q":22.8,"p":8.5E7,"s":[{"ui":"3909749","t":38.0,"r":38.0,"q":22.8,"p":8.5E7,"mot":"U","mo":38.0},{"cn":"","ui":"","t":0.0,"r":0.0,"q":0.0,"p":0.0,"mot":"L","mo":0.0}]},{"d":"10.03.2016","r":39.0,"q":22.82,"p":8.5E7,"s":[{"ui":"3909749","t":39.0,"r":39.0,"q":22.82,"p":8.5E7,"mot":"U","mo":39.0},{"cn":"","ui":"","t":0.0,"r":0.0,"q":0.0,"p":0.0,"mot":"L","mo":0.0}]},{"d":"11.03.2016","r":40.0,"q":22.85,"p":8.5E7,"s":[{"ui":"3909749","t":40.0,"r":40.0,"q":22.85,"p":8.5E7,"mot":"U","mo":40.0},{"cn":"","ui":"","t":0.0,"r":0.0,"q":0.0,"p":0.0,"mot":"L","mo":0.0}]},{"d":"12.03.2016","r":41.0,"q":22.88,"p":8.5E7,"s":[{"ui":"3909749","t":41.0,"r":41.0,"q":22.88,"p":8.5E7,"mot":"U","mo":41.0},{"cn":"","ui":"","t":0.0,"r":0.0,"q":0.0,"p":0.0,"mot":"L","mo":0.0}]},{"d":"13.03.2016","r":42.0,"q":22.9,"p":8.5E7,"s":[{"ui":"3909749","t":42.0,"r":42.0,"q":22.9,"p":8.5E7,"mot":"U","mo":42.0},{"cn":"","ui":"","t":0.0,"r":0.0,"q":0.0,"p":0.0,"mot":"L","mo":0.0}]},{"d":"14.03.2016","r":43.0,"q":22.92,"p":8.5E7,"s":[{"ui":"3909749","t":43.0,"r":43.0,"q":22.92,"p":8.5E7,"mot":"U","mo":43.0},{"cn":"","ui":"","t":0.0,"r":0.0,"q":0.0,"p":0.0,"mot":"L","mo":0.0}]},{"d":"15.03.2016","r":44.0,"q":22.95,"p":8.5E7,"s":[{"ui":"3909749","t":44.0,"r":44.0,"q":22.95,"p":8.5E7,"mot":"U","mo":44.0},{"cn":"","ui":"","t":0.0,"r":0.0,"q":0.0,"p":0.0,"mot":"L","mo":0.0}]},{"d":"16.03.2016","r":45.0,"q":22.97,"p":8.5E7,"s":[{"ui":"3909749","t":45.0,"r":45.0,"q":22.97,"p":8.5E7,"mot":"U","mo":45.0},{"cn":"","ui":"","t":0.0,"r":0.0,"q":0.0,"p":0.0,"mot":"L","mo":0.0}]},{"d":"17.03.2016","r":46.0,"q":22.99,"p":8.5E7,"s":[{"ui":"3909749","t":46.0,"r":46.0,"q":22.99,"p":8.5E7,"mot":"U","mo":46.0},{"cn":"","ui":"","t":0.0,"r":0.0,"q":0.0,"p":0.0,"mot":"L","mo":0.0}]},{"d":"18.03.2016","r":47.0,"q":23.01,"p":8.5E7,"s":[{"ui":"3909749","t":47.0,"r":47.0,"q":23.01,"p":8.5E7,"mot":"U","mo":47.0},{"cn":"","ui":"","t":0.0,"r":0.0,"q":0.0,"p":0.0,"mot":"L","mo":0.0}]},{"d":"19.03.2016","r":48.0,"q":23.03,"p":8.5E7,"s":[{"ui":"3909749","t":48.0,"r":48.0,"q":23.03,"p":8.5E7,"mot":"U","mo":48.0},{"cn":"","ui":"","t":0.0,"r":0.0,"q":0.0,"p":0.0,"mot":"L","mo":0.0}]},{"d":"20.03.2016","r":49.0,"q":23.04,"p":8.5E7,"s":[{"ui":"3909749","t":49.0,"r":49.0,"q":23.04,"p":8.5E7,"mot":"U","mo":49.0},{"cn":"","ui":"","t":0.0,"r":0.0,"q":0.0,"p":0.0,"mot":"L","mo":0.0}]},{"d":"21.03.2016","r":50.0,"q":23.06,"p":8.5E7,"s":[{"ui":"3909749","t":50.0,"r":50.0,"q":23.06,"p":8.5E7,"mot":"U","mo":50.0},{"cn":"","ui":"","t":0.0,"r":0.0,"q":0.0,"p":0.0,"mot":"L","mo":0.0}]},{"d":"22.03.2016","r":51.0,"q":23.08,"p":8.5E7,"s":[{"ui":"3909749","t":51.0,"r":51.0,"q":23.08,"p":8.5E7,"mot":"U","mo":51.0},{"cn":"","ui":"","t":0.0,"r":0.0,"q":0.0,"p":0.0,"mot":"L","mo":0.0}]},{"d":"23.03.2016","r":52.0,"q":23.09,"p":8.5E7,"s":[{"ui":"3909749","t":52.0,"r":52.0,"q":23.09,"p":8.5E7,"mot":"U","mo":52.0},{"cn":"","ui":"","t":0.0,"r":0.0,"q":0.0,"p":0.0,"mot":"L","mo":0.0}]},{"d":"24.03.2016","r":53.0,"q":23.11,"p":8.5E7,"s":[{"ui":"3909749","t":53.0,"r":53.0,"q":23.11,"p":8.5E7,"mot":"U","mo":53.0},{"cn":"","ui":"","t":0.0,"r":0.0,"q":0.0,"p":0.0,"mot":"L","mo":0.0}]},{"d":"25.03.2016","r":54.0,"q":23.12,"p":8.5E7,"s":[{"ui":"3909749","t":54.0,"r":54.0,"q":23.12,"p":8.5E7,"mot":"U","mo":54.0},{"cn":"","ui":"","t":0.0,"r":0.0,"q":0.0,"p":0.0,"mot":"L","mo":0.0}]},{"d":"26.03.2016","r":55.0,"q":23.14,"p":8.5E7,"s":[{"ui":"3909749","t":55.0,"r":55.0,"q":23.14,"p":8.5E7,"mot":"U","mo":55.0},{"cn":"","ui":"","t":0.0,"r":0.0,"q":0.0,"p":0.0,"mot":"L","mo":0.0}]},{"d":"27.03.2016","r":56.0,"q":23.15,"p":8.5E7,"s":[{"ui":"3909749","t":56.0,"r":56.0,"q":23.15,"p":8.5E7,"mot":"U","mo":56.0},{"cn":"","ui":"","t":0.0,"r":0.0,"q":0.0,"p":0.0,"mot":"L","mo":0.0}]},{"d":"28.03.2016","r":57.0,"q":23.17,"p":8.5E7,"s":[{"ui":"3909749","t":57.0,"r":57.0,"q":23.17,"p":8.5E7,"mot":"U","mo":57.0},{"cn":"","ui":"","t":0.0,"r":0.0,"q":0.0,"p":0.0,"mot":"L","mo":0.0}]},{"d":"29.03.2016","r":57.0,"q":23.18,"p":8.5E7,"s":[{"ui":"3909749","t":57.0,"r":57.0,"q":23.18,"p":8.5E7,"mot":"U","mo":57.0},{"cn":"","ui":"","t":0.0,"r":0.0,"q":0.0,"p":0.0,"mot":"L","mo":0.0}]},{"d":"30.03.2016","r":58.0,"q":23.19,"p":8.5E7,"s":[{"ui":"3909749","t":58.0,"r":58.0,"q":23.19,"p":8.5E7,"mot":"U","mo":58.0},{"cn":"","ui":"","t":0.0,"r":0.0,"q":0.0,"p":0.0,"mot":"L","mo":0.0}]},{"d":"31.03.2016","r":59.0,"q":23.2,"p":8.5E7,"s":[{"ui":"3909749","t":59.0,"r":59.0,"q":23.2,"p":8.5E7,"mot":"U","mo":59.0},{"cn":"","ui":"","t":0.0,"r":0.0,"q":0.0,"p":0.0,"mot":"L","mo":0.0}]},{"d":"01.04.2016","r":60.0,"q":23.22,"p":8.5E7,"s":[{"ui":"3909749","t":60.0,"r":60.0,"q":23.22,"p":8.5E7,"mot":"U","mo":60.0},{"cn":"","ui":"","t":0.0,"r":0.0,"q":0.0,"p":0.0,"mot":"L","mo":0.0}]},{"d":"02.04.2016","r":61.0,"q":23.23,"p":8.5E7,"s":[{"ui":"3909749","t":61.0,"r":61.0,"q":23.23,"p":8.5E7,"mot":"U","mo":61.0},{"cn":"","ui":"","t":0.0,"r":0.0,"q":0.0,"p":0.0,"mot":"L","mo":0.0}]},{"d":"03.04.2016","r":62.0,"q":23.24,"p":8.5E7,"s":[{"ui":"3909749","t":62.0,"r":62.0,"q":23.24,"p":8.5E7,"mot":"U","mo":62.0},{"cn":"","ui":"","t":0.0,"r":0.0,"q":0.0,"p":0.0,"mot":"L","mo":0.0}]},{"d":"04.04.2016","r":63.0,"q":23.25,"p":8.5E7,"s":[{"ui":"3909749","t":63.0,"r":63.0,"q":23.25,"p":8.5E7,"mot":"U","mo":63.0},{"cn":"","ui":"","t":0.0,"r":0.0,"q":0.0,"p":0.0,"mot":"L","mo":0.0}]},{"d":"05.04.2016","r":66.0,"q":22.81,"p":8.254545455E7,"s":[{"ui":"3909749","t":64.0,"r":64.0,"q":23.26,"p":8.5E7,"mot":"U","mo":64.0},{"cn":"","ui":"","t":2.0,"r":2.0,"q":8.42,"p":4000000.0,"mot":"L","mo":2.0}]},{"d":"06.04.2016","r":65.0,"q":23.27,"p":8.5E7,"s":[{"ui":"3909749","t":65.0,"r":65.0,"q":23.27,"p":8.5E7,"mot":"U","mo":65.0},{"cn":"","ui":"","t":0.0,"r":0.0,"q":0.0,"p":0.0,"mot":"L","mo":0.0}]},{"d":"07.04.2016","r":66.0,"q":23.28,"p":8.5E7,"s":[{"ui":"3909749","t":66.0,"r":66.0,"q":23.28,"p":8.5E7,"mot":"U","mo":66.0},{"cn":"","ui":"","t":0.0,"r":0.0,"q":0.0,"p":0.0,"mot":"L","mo":0.0}]},{"d":"08.04.2016","r":70.0,"q":22.65,"p":8.152857143E7,"s":[{"ui":"3909749","t":67.0,"r":67.0,"q":23.29,"p":8.5E7,"mot":"U","mo":67.0},{"cn":"","ui":"","t":3.0,"r":3.0,"q":8.45,"p":4000000.0,"mot":"L","mo":3.0}]},{"d":"11.04.2016","r":70.0,"q":23.32,"p":8.5E7,"s":[{"ui":"3909749","t":70.0,"r":70.0,"q":23.32,"p":8.5E7,"mot":"U","mo":70.0},{"cn":"","ui":"","t":0.0,"r":0.0,"q":0.0,"p":0.0,"mot":"L","mo":0.0}]},{"d":"12.04.2016","r":71.0,"q":23.32,"p":8.5E7,"s":[{"ui":"3909749","t":71.0,"r":71.0,"q":23.32,"p":8.5E7,"mot":"U","mo":71.0},{"cn":"","ui":"","t":0.0,"r":0.0,"q":0.0,"p":0.0,"mot":"L","mo":0.0}]},{"d":"13.04.2016","r":72.0,"q":23.33,"p":8.5E7,"s":[{"ui":"3909749","t":72.0,"r":72.0,"q":23.33,"p":8.5E7,"mot":"U","mo":72.0},{"cn":"","ui":"","t":0.0,"r":0.0,"q":0.0,"p":0.0,"mot":"L","mo":0.0}]},{"d":"14.04.2016","r":73.0,"q":23.34,"p":8.5E7,"s":[{"ui":"3909749","t":73.0,"r":73.0,"q":23.34,"p":8.5E7,"mot":"U","mo":73.0},{"cn":"","ui":"","t":0.0,"r":0.0,"q":0.0,"p":0.0,"mot":"L","mo":0.0}]},{"d":"15.04.2016","r":74.0,"q":23.35,"p":8.5E7,"s":[{"ui":"3909749","t":74.0,"r":74.0,"q":23.35,"p":8.5E7,"mot":"U","mo":74.0},{"cn":"","ui":"","t":0.0,"r":0.0,"q":0.0,"p":0.0,"mot":"L","mo":0.0}]},{"d":"16.04.2016","r":75.0,"q":23.36,"p":8.5E7,"s":[{"ui":"3909749","t":75.0,"r":75.0,"q":23.36,"p":8.5E7,"mot":"U","mo":75.0},{"cn":"","ui":"","t":0.0,"r":0.0,"q":0.0,"p":0.0,"mot":"L","mo":0.0}]},{"d":"17.04.2016","r":76.0,"q":23.36,"p":8.5E7,"s":[{"ui":"3909749","t":76.0,"r":76.0,"q":23.36,"p":8.5E7,"mot":"U","mo":76.0},{"cn":"","ui":"","t":0.0,"r":0.0,"q":0.0,"p":0.0,"mot":"L","mo":0.0}]},{"d":"18.04.2016","r":77.0,"q":23.37,"p":8.5E7,"s":[{"ui":"3909749","t":77.0,"r":77.0,"q":23.37,"p":8.5E7,"mot":"U","mo":77.0},{"cn":"","ui":"","t":0.0,"r":0.0,"q":0.0,"p":0.0,"mot":"L","mo":0.0}]},{"d":"19.04.2016","r":78.0,"q":23.38,"p":8.5E7,"s":[{"ui":"3909749","t":78.0,"r":78.0,"q":23.38,"p":8.5E7,"mot":"U","mo":78.0},{"cn":"","ui":"","t":0.0,"r":0.0,"q":0.0,"p":0.0,"mot":"L","mo":0.0}]},{"d":"20.04.2016","r":79.0,"q":23.39,"p":8.5E7,"s":[{"ui":"3909749","t":79.0,"r":79.0,"q":23.39,"p":8.5E7,"mot":"U","mo":79.0},{"cn":"","ui":"","t":0.0,"r":0.0,"q":0.0,"p":0.0,"mot":"L","mo":0.0}]},{"d":"21.04.2016","r":80.0,"q":23.39,"p":8.5E7,"s":[{"ui":"3909749","t":80.0,"r":80.0,"q":23.39,"p":8.5E7,"mot":"U","mo":80.0},{"cn":"","ui":"","t":0.0,"r":0.0,"q":0.0,"p":0.0,"mot":"L","mo":0.0}]},{"d":"22.04.2016","r":81.0,"q":23.4,"p":8.5E7,"s":[{"ui":"3909749","t":81.0,"r":81.0,"q":23.4,"p":8.5E7,"mot":"U","mo":81.0},{"cn":"","ui":"","t":0.0,"r":0.0,"q":0.0,"p":0.0,"mot":"L","mo":0.0}]},{"d":"23.04.2016","r":82.0,"q":23.41,"p":8.5E7,"s":[{"ui":"3909749","t":82.0,"r":82.0,"q":23.41,"p":8.5E7,"mot":"U","mo":82.0},{"cn":"","ui":"","t":0.0,"r":0.0,"q":0.0,"p":0.0,"mot":"L","mo":0.0}]},{"d":"24.04.2016","r":83.0,"q":23.41,"p":8.5E7,"s":[{"ui":"3909749","t":83.0,"r":83.0,"q":23.41,"p":8.5E7,"mot":"U","mo":83.0},{"cn":"","ui":"","t":0.0,"r":0.0,"q":0.0,"p":0.0,"mot":"L","mo":0.0}]},{"d":"25.04.2016","r":84.0,"q":23.42,"p":8.5E7,"s":[{"ui":"3909749","t":84.0,"r":84.0,"q":23.42,"p":8.5E7,"mot":"U","mo":84.0},{"cn":"","ui":"","t":0.0,"r":0.0,"q":0.0,"p":0.0,"mot":"L","mo":0.0}]},{"d":"26.04.2016","r":85.0,"q":23.42,"p":8.5E7,"s":[{"ui":"3909749","t":85.0,"r":85.0,"q":23.42,"p":8.5E7,"mot":"U","mo":85.0},{"cn":"","ui":"","t":0.0,"r":0.0,"q":0.0,"p":0.0,"mot":"L","mo":0.0}]},{"d":"27.04.2016","r":86.0,"q":23.43,"p":8.5E7,"s":[{"ui":"3909749","t":86.0,"r":86.0,"q":23.43,"p":8.5E7,"mot":"U","mo":86.0},{"cn":"","ui":"","t":0.0,"r":0.0,"q":0.0,"p":0.0,"mot":"L","mo":0.0}]},{"d":"28.04.2016","r":87.0,"q":23.44,"p":8.5E7,"s":[{"ui":"3909749","t":87.0,"r":87.0,"q":23.44,"p":8.5E7,"mot":"U","mo":87.0},{"cn":"","ui":"","t":0.0,"r":0.0,"q":0.0,"p":0.0,"mot":"L","mo":0.0}]},{"d":"29.04.2016","r":88.0,"q":23.44,"p":8.5E7,"s":[{"ui":"3909749","t":88.0,"r":88.0,"q":23.44,"p":8.5E7,"mot":"U","mo":88.0},{"cn":"","ui":"","t":0.0,"r":0.0,"q":0.0,"p":0.0,"mot":"L","mo":0.0}]},{"d":"30.04.2016","r":89.0,"q":23.45,"p":8.5E7,"s":[{"ui":"3909749","t":89.0,"r":89.0,"q":23.45,"p":8.5E7,"mot":"U","mo":89.0},{"cn":"","ui":"","t":0.0,"r":0.0,"q":0.0,"p":0.0,"mot":"L","mo":0.0}]},{"d":"01.05.2016","r":90.0,"q":23.45,"p":8.5E7,"s":[{"ui":"3909749","t":90.0,"r":90.0,"q":23.45,"p":8.5E7,"mot":"U","mo":90.0},{"cn":"","ui":"","t":0.0,"r":0.0,"q":0.0,"p":0.0,"mot":"L","mo":0.0}]},{"d":"03.05.2016","r":92.0,"q":23.46,"p":8.5E7,"s":[{"ui":"3909749","t":92.0,"r":92.0,"q":23.46,"p":8.5E7,"mot":"U","mo":92.0},{"cn":"","ui":"","t":0.0,"r":0.0,"q":0.0,"p":0.0,"mot":"L","mo":0.0}]},{"d":"04.05.2016","r":93.0,"q":23.47,"p":8.5E7,"s":[{"ui":"3909749","t":93.0,"r":93.0,"q":23.47,"p":8.5E7,"mot":"U","mo":93.0},{"cn":"","ui":"","t":0.0,"r":0.0,"q":0.0,"p":0.0,"mot":"L","mo":0.0}]},{"d":"05.05.2016","r":94.0,"q":23.47,"p":8.5E7,"s":[{"ui":"3909749","t":94.0,"r":94.0,"q":23.47,"p":8.5E7,"mot":"U","mo":94.0},{"cn":"","ui":"","t":0.0,"r":0.0,"q":0.0,"p":0.0,"mot":"L","mo":0.0}]},{"d":"06.05.2016","r":95.0,"q":23.48,"p":8.5E7,"s":[{"ui":"3909749","t":95.0,"r":95.0,"q":23.48,"p":8.5E7,"mot":"U","mo":95.0},{"cn":"","ui":"","t":0.0,"r":0.0,"q":0.0,"p":0.0,"mot":"L","mo":0.0}]},{"d":"07.05.2016","r":96.0,"q":23.48,"p":8.5E7,"s":[{"ui":"3909749","t":96.0,"r":96.0,"q":23.48,"p":8.5E7,"mot":"U","mo":96.0},{"cn":"","ui":"","t":0.0,"r":0.0,"q":0.0,"p":0.0,"mot":"L","mo":0.0}]},{"d":"08.05.2016","r":97.0,"q":23.49,"p":8.5E7,"s":[{"ui":"3909749","t":97.0,"r":97.0,"q":23.49,"p":8.5E7,"mot":"U","mo":97.0},{"cn":"","ui":"","t":0.0,"r":0.0,"q":0.0,"p":0.0,"mot":"L","mo":0.0}]},{"d":"09.05.2016","r":98.0,"q":23.49,"p":8.5E7,"s":[{"ui":"3909749","t":98.0,"r":98.0,"q":23.49,"p":8.5E7,"mot":"U","mo":98.0},{"cn":"","ui":"","t":0.0,"r":0.0,"q":0.0,"p":0.0,"mot":"L","mo":0.0}]},{"d":"10.05.2016","r":99.0,"q":23.5,"p":8.5E7,"s":[{"ui":"3909749","t":99.0,"r":99.0,"q":23.5,"p":8.5E7,"mot":"U","mo":99.0},{"cn":"","ui":"","t":0.0,"r":0.0,"q":0.0,"p":0.0,"mot":"L","mo":0.0}]},{"d":"11.05.2016","r":100.0,"q":23.5,"p":8.5E7,"s":[{"ui":"3909749","t":100.0,"r":100.0,"q":23.5,"p":8.5E7,"mot":"U","mo":100.0},{"cn":"","ui":"","t":0.0,"r":0.0,"q":0.0,"p":0.0,"mot":"L","mo":0.0}]},{"d":"12.05.2016","r":101.0,"q":23.51,"p":8.5E7,"s":[{"ui":"3909749","t":101.0,"r":101.0,"q":23.51,"p":8.5E7,"mot":"U","mo":101.0},{"cn":"","ui":"","t":0.0,"r":0.0,"q":0.0,"p":0.0,"mot":"L","mo":0.0}]},{"d":"13.05.2016","r":102.0,"q":23.51,"p":8.5E7,"s":[{"ui":"3909749","t":102.0,"r":102.0,"q":23.51,"p":8.5E7,"mot":"U","mo":102.0},{"cn":"","ui":"","t":0.0,"r":0.0,"q":0.0,"p":0.0,"mot":"L","mo":0.0}]},{"d":"14.05.2016","r":103.0,"q":23.51,"p":8.5E7,"s":[{"ui":"3909749","t":103.0,"r":103.0,"q":23.51,"p":8.5E7,"mot":"U","mo":103.0},{"cn":"","ui":"","t":0.0,"r":0.0,"q":0.0,"p":0.0,"mot":"L","mo":0.0}]},{"d":"15.05.2016","r":1.0,"q":23.91,"p":8.5E7,"s":[{"ui":"3909749","t":1.0,"r":1.0,"q":23.91,"p":8.5E7,"mot":"U","mo":1.0},{"cn":"","ui":"","t":0.0,"r":0.0,"q":0.0,"p":0.0,"mot":"L","mo":0.0}]},{"d":"16.05.2016","r":2.0,"q":23.91,"p":8.5E7,"s":[{"ui":"3909749","t":2.0,"r":2.0,"q":23.91,"p":8.5E7,"mot":"U","mo":2.0},{"cn":"","ui":"","t":0.0,"r":0.0,"q":0.0,"p":0.0,"mot":"L","mo":0.0}]},{"d":"17.05.2016","r":3.0,"q":23.91,"p":8.5E7,"s":[{"ui":"3909749","t":3.0,"r":3.0,"q":23.91,"p":8.5E7,"mot":"U","mo":3.0},{"cn":"","ui":"","t":0.0,"r":0.0,"q":0.0,"p":0.0,"mot":"L","mo":0.0}]},{"d":"18.05.2016","r":4.0,"q":23.91,"p":8.5E7,"s":[{"ui":"3909749","t":4.0,"r":4.0,"q":23.91,"p":8.5E7,"mot":"U","mo":4.0},{"cn":"","ui":"","t":0.0,"r":0.0,"q":0.0,"p":0.0,"mot":"L","mo":0.0}]},{"d":"19.05.2016","r":5.0,"q":23.91,"p":8.5E7,"s":[{"ui":"3909749","t":5.0,"r":5.0,"q":23.91,"p":8.5E7,"mot":"U","mo":5.0},{"cn":"","ui":"","t":0.0,"r":0.0,"q":0.0,"p":0.0,"mot":"L","mo":0.0}]},{"d":"20.05.2016","r":6.0,"q":23.9,"p":8.5E7,"s":[{"ui":"3909749","t":6.0,"r":6.0,"q":23.9,"p":8.5E7,"mot":"U","mo":6.0},{"cn":"","ui":"","t":0.0,"r":0.0,"q":0.0,"p":0.0,"mot":"L","mo":0.0}]},{"d":"21.05.2016","r":7.0,"q":23.89,"p":8.5E7,"s":[{"ui":"3909749","t":7.0,"r":7.0,"q":23.89,"p":8.5E7,"mot":"U","mo":7.0},{"cn":"","ui":"","t":0.0,"r":0.0,"q":0.0,"p":0.0,"mot":"L","mo":0.0}]},{"d":"22.05.2016","r":8.0,"q":23.89,"p":8.5E7,"s":[{"ui":"3909749","t":8.0,"r":8.0,"q":23.89,"p":8.5E7,"mot":"U","mo":8.0},{"cn":"","ui":"","t":0.0,"r":0.0,"q":0.0,"p":0.0,"mot":"L","mo":0.0}]},{"d":"23.05.2016","r":9.0,"q":23.88,"p":8.5E7,"s":[{"ui":"3909749","t":9.0,"r":9.0,"q":23.88,"p":8.5E7,"mot":"U","mo":9.0},{"cn":"","ui":"","t":0.0,"r":0.0,"q":0.0,"p":0.0,"mot":"L","mo":0.0}]},{"d":"24.05.2016","r":10.0,"q":23.88,"p":8.5E7,"s":[{"ui":"3909749","t":10.0,"r":10.0,"q":23.88,"p":8.5E7,"mot":"U","mo":10.0},{"cn":"","ui":"","t":0.0,"r":0.0,"q":0.0,"p":0.0,"mot":"L","mo":0.0}]},{"d":"25.05.2016","r":11.0,"q":23.88,"p":8.5E7,"s":[{"ui":"3909749","t":11.0,"r":11.0,"q":23.88,"p":8.5E7,"mot":"U","mo":11.0},{"cn":"","ui":"","t":0.0,"r":0.0,"q":0.0,"p":0.0,"mot":"L","mo":0.0}]},{"d":"26.05.2016","r":12.0,"q":23.88,"p":8.5E7,"s":[{"ui":"3909749","t":12.0,"r":12.0,"q":23.88,"p":8.5E7,"mot":"U","mo":12.0},{"cn":"","ui":"","t":0.0,"r":0.0,"q":0.0,"p":0.0,"mot":"L","mo":0.0}]},{"d":"27.05.2016","r":13.0,"q":23.87,"p":8.5E7,"s":[{"ui":"3909749","t":13.0,"r":13.0,"q":23.87,"p":8.5E7,"mot":"U","mo":13.0},{"cn":"","ui":"","t":0.0,"r":0.0,"q":0.0,"p":0.0,"mot":"L","mo":0.0}]},{"d":"28.05.2016","r":14.0,"q":23.87,"p":8.5E7,"s":[{"ui":"3909749","t":14.0,"r":14.0,"q":23.87,"p":8.5E7,"mot":"U","mo":14.0},{"cn":"","ui":"","t":0.0,"r":0.0,"q":0.0,"p":0.0,"mot":"L","mo":0.0}]},{"d":"29.05.2016","r":15.0,"q":23.86,"p":8.5E7,"s":[{"ui":"3909749","t":15.0,"r":15.0,"q":23.86,"p":8.5E7,"mot":"U","mo":15.0},{"cn":"","ui":"","t":0.0,"r":0.0,"q":0.0,"p":0.0,"mot":"L","mo":0.0}]},{"d":"31.05.2016","r":17.0,"q":23.85,"p":8.5E7,"s":[{"ui":"3909749","t":17.0,"r":17.0,"q":23.85,"p":8.5E7,"mot":"U","mo":17.0},{"cn":"","ui":"","t":0.0,"r":0.0,"q":0.0,"p":0.0,"mot":"L","mo":0.0}]},{"d":"01.06.2016","r":18.0,"q":23.85,"p":8.5E7,"s":[{"ui":"3909749","t":18.0,"r":18.0,"q":23.85,"p":8.5E7,"mot":"U","mo":18.0},{"cn":"","ui":"","t":0.0,"r":0.0,"q":0.0,"p":0.0,"mot":"L","mo":0.0}]},{"d":"02.06.2016","r":19.0,"q":23.84,"p":8.5E7,"s":[{"ui":"3909749","t":19.0,"r":19.0,"q":23.84,"p":8.5E7,"mot":"U","mo":19.0},{"cn":"","ui":"","t":0.0,"r":0.0,"q":0.0,"p":0.0,"mot":"L","mo":0.0}]},{"d":"03.06.2016","r":20.0,"q":23.83,"p":8.5E7,"s":[{"ui":"3909749","t":20.0,"r":20.0,"q":23.83,"p":8.5E7,"mot":"U","mo":20.0},{"cn":"","ui":"","t":0.0,"r":0.0,"q":0.0,"p":0.0,"mot":"L","mo":0.0}]},{"d":"04.06.2016","r":21.0,"q":23.83,"p":8.5E7,"s":[{"ui":"3909749","t":21.0,"r":21.0,"q":23.83,"p":8.5E7,"mot":"U","mo":21.0},{"cn":"","ui":"","t":0.0,"r":0.0,"q":0.0,"p":0.0,"mot":"L","mo":0.0}]},{"d":"05.06.2016","r":22.0,"q":23.82,"p":8.5E7,"s":[{"ui":"3909749","t":22.0,"r":22.0,"q":23.82,"p":8.5E7,"mot":"U","mo":22.0},{"cn":"","ui":"","t":0.0,"r":0.0,"q":0.0,"p":0.0,"mot":"L","mo":0.0}]},{"d":"06.06.2016","r":23.0,"q":23.82,"p":8.5E7,"s":[{"ui":"3909749","t":23.0,"r":23.0,"q":23.82,"p":8.5E7,"mot":"U","mo":23.0},{"cn":"","ui":"","t":0.0,"r":0.0,"q":0.0,"p":0.0,"mot":"L","mo":0.0}]},{"d":"07.06.2016","r":24.0,"q":23.81,"p":8.5E7,"s":[{"ui":"3909749","t":24.0,"r":24.0,"q":23.81,"p":8.5E7,"mot":"U","mo":24.0},{"cn":"","ui":"","t":0.0,"r":0.0,"q":0.0,"p":0.0,"mot":"L","mo":0.0}]},{"d":"08.06.2016","r":25.0,"q":23.81,"p":8.5E7,"s":[{"ui":"3909749","t":25.0,"r":25.0,"q":23.81,"p":8.5E7,"mot":"U","mo":25.0},{"cn":"","ui":"","t":0.0,"r":0.0,"q":0.0,"p":0.0,"mot":"L","mo":0.0}]},{"d":"09.06.2016","r":26.0,"q":23.8,"p":8.5E7,"s":[{"ui":"3909749","t":26.0,"r":26.0,"q":23.8,"p":8.5E7,"mot":"U","mo":26.0},{"cn":"","ui":"","t":0.0,"r":0.0,"q":0.0,"p":0.0,"mot":"L","mo":0.0}]},{"d":"10.06.2016","r":27.0,"q":23.8,"p":8.5E7,"s":[{"ui":"3909749","t":27.0,"r":27.0,"q":23.8,"p":8.5E7,"mot":"U","mo":27.0},{"cn":"","ui":"","t":0.0,"r":0.0,"q":0.0,"p":0.0,"mot":"L","mo":0.0}]},{"d":"11.06.2016","r":28.0,"q":23.8,"p":8.5E7,"s":[{"ui":"3909749","t":28.0,"r":28.0,"q":23.8,"p":8.5E7,"mot":"U","mo":28.0},{"cn":"","ui":"","t":0.0,"r":0.0,"q":0.0,"p":0.0,"mot":"L","mo":0.0}]},{"d":"12.06.2016","r":29.0,"q":23.79,"p":8.5E7,"s":[{"ui":"3909749","t":29.0,"r":29.0,"q":23.79,"p":8.5E7,"mot":"U","mo":29.0},{"cn":"","ui":"","t":0.0,"r":0.0,"q":0.0,"p":0.0,"mot":"L","mo":0.0}]},{"d":"13.06.2016","r":30.0,"q":23.79,"p":8.5E7,"s":[{"ui":"3909749","t":30.0,"r":30.0,"q":23.79,"p":8.5E7,"mot":"U","mo":30.0},{"cn":"","ui":"","t":0.0,"r":0.0,"q":0.0,"p":0.0,"mot":"L","mo":0.0}]},{"d":"14.06.2016","r":31.0,"q":23.79,"p":8.5E7,"s":[{"ui":"3909749","t":31.0,"r":31.0,"q":23.79,"p":8.5E7,"mot":"U","mo":31.0},{"cn":"","ui":"","t":0.0,"r":0.0,"q":0.0,"p":0.0,"mot":"L","mo":0.0}]},{"d":"15.06.2016","r":32.0,"q":23.79,"p":8.5E7,"s":[{"ui":"3909749","t":32.0,"r":32.0,"q":23.79,"p":8.5E7,"mot":"U","mo":32.0},{"cn":"","ui":"","t":0.0,"r":0.0,"q":0.0,"p":0.0,"mot":"L","mo":0.0}]},{"d":"16.06.2016","r":33.0,"q":23.78,"p":8.5E7,"s":[{"ui":"3909749","t":33.0,"r":33.0,"q":23.78,"p":8.5E7,"mot":"U","mo":33.0},{"cn":"","ui":"","t":0.0,"r":0.0,"q":0.0,"p":0.0,"mot":"L","mo":0.0}]},{"d":"17.06.2016","r":34.0,"q":23.78,"p":8.5E7,"s":[{"ui":"3909749","t":34.0,"r":34.0,"q":23.78,"p":8.5E7,"mot":"U","mo":34.0},{"cn":"","ui":"","t":0.0,"r":0.0,"q":0.0,"p":0.0,"mot":"L","mo":0.0}]},{"d":"18.06.2016","r":28.0,"q":23.78,"p":8.5E7,"s":[{"ui":"3909749","t":35.0,"r":28.0,"q":23.78,"p":8.5E7,"mot":"U","mo":28.0},{"cn":"","ui":"","t":0.0,"r":0.0,"q":0.0,"p":0.0,"mot":"L","mo":0.0}]},{"d":"19.06.2016","r":34.0,"q":21.53,"p":7.632352941E7,"s":[{"ui":"3402925","t":5.0,"r":5.0,"q":8.53,"p":2.6E7,"mot":"U","mo":5.0},{"ui":"3909749","t":29.0,"r":29.0,"q":23.77,"p":8.5E7,"mot":"U","mo":29.0},{"cn":"","ui":"","t":0.0,"r":0.0,"q":0.0,"p":0.0,"mot":"L","mo":0.0}]},{"d":"20.06.2016","r":30.0,"q":23.77,"p":8.5E7,"s":[{"ui":"3909749","t":30.0,"r":30.0,"q":23.77,"p":8.5E7,"mot":"U","mo":30.0},{"cn":"","ui":"","t":0.0,"r":0.0,"q":0.0,"p":0.0,"mot":"L","mo":0.0}]},{"d":"21.06.2016","r":31.0,"q":23.77,"p":8.5E7,"s":[{"ui":"3909749","t":31.0,"r":31.0,"q":23.77,"p":8.5E7,"mot":"U","mo":31.0},{"cn":"","ui":"","t":0.0,"r":0.0,"q":0.0,"p":0.0,"mot":"L","mo":0.0}]},{"d":"22.06.2016","r":32.0,"q":23.77,"p":8.5E7,"s":[{"ui":"3909749","t":32.0,"r":32.0,"q":23.77,"p":8.5E7,"mot":"U","mo":32.0},{"cn":"","ui":"","t":0.0,"r":0.0,"q":0.0,"p":0.0,"mot":"L","mo":0.0}]},{"d":"23.06.2016","r":33.0,"q":23.76,"p":8.5E7,"s":[{"ui":"3909749","t":33.0,"r":33.0,"q":23.76,"p":8.5E7,"mot":"U","mo":33.0},{"cn":"","ui":"","t":0.0,"r":0.0,"q":0.0,"p":0.0,"mot":"L","mo":0.0}]},{"d":"24.06.2016","r":34.0,"q":23.76,"p":8.5E7,"s":[{"ui":"3909749","t":34.0,"r":34.0,"q":23.76,"p":8.5E7,"mot":"U","mo":34.0},{"cn":"","ui":"","t":0.0,"r":0.0,"q":0.0,"p":0.0,"mot":"L","mo":0.0}]},{"d":"25.06.2016","r":35.0,"q":23.76,"p":8.5E7,"s":[{"ui":"3909749","t":35.0,"r":35.0,"q":23.76,"p":8.5E7,"mot":"U","mo":35.0},{"cn":"","ui":"","t":0.0,"r":0.0,"q":0.0,"p":0.0,"mot":"L","mo":0.0}]},{"d":"26.06.2016","r":36.0,"q":23.76,"p":8.5E7,"s":[{"ui":"3909749","t":36.0,"r":36.0,"q":23.76,"p":8.5E7,"mot":"U","mo":36.0},{"cn":"","ui":"","t":0.0,"r":0.0,"q":0.0,"p":0.0,"mot":"L","mo":0.0}]},{"d":"27.06.2016","r":37.0,"q":23.76,"p":8.5E7,"s":[{"ui":"3909749","t":37.0,"r":37.0,"q":23.76,"p":8.5E7,"mot":"U","mo":37.0},{"cn":"","ui":"","t":0.0,"r":0.0,"q":0.0,"p":0.0,"mot":"L","mo":0.0}]},{"d":"28.06.2016","r":38.0,"q":23.75,"p":8.5E7,"s":[{"ui":"3909749","t":38.0,"r":38.0,"q":23.75,"p":8.5E7,"mot":"U","mo":38.0},{"cn":"","ui":"","t":0.0,"r":0.0,"q":0.0,"p":0.0,"mot":"L","mo":0.0}]},{"d":"29.06.2016","r":39.0,"q":23.75,"p":8.5E7,"s":[{"ui":"3909749","t":39.0,"r":39.0,"q":23.75,"p":8.5E7,"mot":"U","mo":39.0},{"cn":"","ui":"","t":0.0,"r":0.0,"q":0.0,"p":0.0,"mot":"L","mo":0.0}]},{"d":"30.06.2016","r":40.0,"q":23.75,"p":8.5E7,"s":[{"ui":"3909749","t":40.0,"r":40.0,"q":23.75,"p":8.5E7,"mot":"U","mo":40.0},{"cn":"","ui":"","t":0.0,"r":0.0,"q":0.0,"p":0.0,"mot":"L","mo":0.0}]},{"d":"01.07.2016","r":41.0,"q":23.76,"p":8.5E7,"s":[{"ui":"3909749","t":41.0,"r":41.0,"q":23.76,"p":8.5E7,"mot":"U","mo":41.0},{"cn":"","ui":"","t":0.0,"r":0.0,"q":0.0,"p":0.0,"mot":"L","mo":0.0}]},{"d":"02.07.2016","r":42.0,"q":23.76,"p":8.5E7,"s":[{"ui":"3909749","t":42.0,"r":42.0,"q":23.76,"p":8.5E7,"mot":"U","mo":42.0},{"cn":"","ui":"","t":0.0,"r":0.0,"q":0.0,"p":0.0,"mot":"L","mo":0.0}]},{"d":"03.07.2016","r":43.0,"q":23.76,"p":8.5E7,"s":[{"ui":"3909749","t":43.0,"r":43.0,"q":23.76,"p":8.5E7,"mot":"U","mo":43.0},{"cn":"","ui":"","t":0.0,"r":0.0,"q":0.0,"p":0.0,"mot":"L","mo":0.0}]},{"d":"04.07.2016","r":44.0,"q":23.77,"p":8.5E7,"s":[{"ui":"3909749","t":44.0,"r":44.0,"q":23.77,"p":8.5E7,"mot":"U","mo":44.0},{"cn":"","ui":"","t":0.0,"r":0.0,"q":0.0,"p":0.0,"mot":"L","mo":0.0}]},{"d":"05.07.2016","r":45.0,"q":23.77,"p":8.5E7,"s":[{"ui":"3909749","t":45.0,"r":45.0,"q":23.77,"p":8.5E7,"mot":"U","mo":45.0},{"cn":"","ui":"","t":0.0,"r":0.0,"q":0.0,"p":0.0,"mot":"L","mo":0.0}]},{"d":"06.07.2016","r":46.0,"q":23.77,"p":8.5E7,"s":[{"ui":"3909749","t":46.0,"r":46.0,"q":23.77,"p":8.5E7,"mot":"U","mo":46.0},{"cn":"","ui":"","t":0.0,"r":0.0,"q":0.0,"p":0.0,"mot":"L","mo":0.0}]},{"d":"07.07.2016","r":47.0,"q":23.78,"p":8.5E7,"s":[{"ui":"3909749","t":47.0,"r":47.0,"q":23.78,"p":8.5E7,"mot":"U","mo":47.0},{"cn":"","ui":"","t":0.0,"r":0.0,"q":0.0,"p":0.0,"mot":"L","mo":0.0}]},{"d":"08.07.2016","r":48.0,"q":23.78,"p":8.5E7,"s":[{"ui":"3909749","t":48.0,"r":48.0,"q":23.78,"p":8.5E7,"mot":"U","mo":48.0},{"cn":"","ui":"","t":0.0,"r":0.0,"q":0.0,"p":0.0,"mot":"L","mo":0.0}]},{"d":"09.07.2016","r":49.0,"q":23.78,"p":8.5E7,"s":[{"ui":"3909749","t":49.0,"r":49.0,"q":23.78,"p":8.5E7,"mot":"U","mo":49.0},{"cn":"","ui":"","t":0.0,"r":0.0,"q":0.0,"p":0.0,"mot":"L","mo":0.0}]},{"d":"10.07.2016","r":50.0,"q":23.78,"p":8.5E7,"s":[{"ui":"3909749","t":50.0,"r":50.0,"q":23.78,"p":8.5E7,"mot":"U","mo":50.0},{"cn":"","ui":"","t":0.0,"r":0.0,"q":0.0,"p":0.0,"mot":"L","mo":0.0}]},{"d":"11.07.2016","r":51.0,"q":23.79,"p":8.5E7,"s":[{"ui":"3909749","t":51.0,"r":51.0,"q":23.79,"p":8.5E7,"mot":"U","mo":51.0},{"cn":"","ui":"","t":0.0,"r":0.0,"q":0.0,"p":0.0,"mot":"L","mo":0.0}]},{"d":"12.07.2016","r":52.0,"q":23.79,"p":8.5E7,"s":[{"ui":"3909749","t":52.0,"r":52.0,"q":23.79,"p":8.5E7,"mot":"U","mo":52.0},{"cn":"","ui":"","t":0.0,"r":0.0,"q":0.0,"p":0.0,"mot":"L","mo":0.0}]},{"d":"13.07.2016","r":53.0,"q":23.79,"p":8.5E7,"s":[{"ui":"3909749","t":53.0,"r":53.0,"q":23.79,"p":8.5E7,"mot":"U","mo":53.0},{"cn":"","ui":"","t":0.0,"r":0.0,"q":0.0,"p":0.0,"mot":"L","mo":0.0}]},{"d":"14.07.2016","r":54.0,"q":23.8,"p":8.5E7,"s":[{"ui":"3909749","t":54.0,"r":54.0,"q":23.8,"p":8.5E7,"mot":"U","mo":54.0},{"cn":"","ui":"","t":0.0,"r":0.0,"q":0.0,"p":0.0,"mot":"L","mo":0.0}]},{"d":"15.07.2016","r":55.0,"q":23.8,"p":8.5E7,"s":[{"ui":"3909749","t":55.0,"r":55.0,"q":23.8,"p":8.5E7,"mot":"U","mo":55.0},{"cn":"","ui":"","t":0.0,"r":0.0,"q":0.0,"p":0.0,"mot":"L","mo":0.0}]},{"d":"16.07.2016","r":56.0,"q":23.8,"p":8.5E7,"s":[{"ui":"3909749","t":56.0,"r":56.0,"q":23.8,"p":8.5E7,"mot":"U","mo":56.0},{"cn":"","ui":"","t":0.0,"r":0.0,"q":0.0,"p":0.0,"mot":"L","mo":0.0}]},{"d":"18.07.2016","r":58.0,"q":23.81,"p":8.5E7,"s":[{"ui":"3909749","t":58.0,"r":58.0,"q":23.81,"p":8.5E7,"mot":"U","mo":58.0},{"cn":"","ui":"","t":0.0,"r":0.0,"q":0.0,"p":0.0,"mot":"L","mo":0.0}]},{"d":"19.07.2016","r":59.0,"q":23.81,"p":8.5E7,"s":[{"ui":"3909749","t":59.0,"r":59.0,"q":23.81,"p":8.5E7,"mot":"U","mo":59.0},{"cn":"","ui":"","t":0.0,"r":0.0,"q":0.0,"p":0.0,"mot":"L","mo":0.0}]},{"d":"20.07.2016","r":60.0,"q":23.81,"p":8.5E7,"s":[{"ui":"3909749","t":60.0,"r":60.0,"q":23.81,"p":8.5E7,"mot":"U","mo":60.0},{"cn":"","ui":"","t":0.0,"r":0.0,"q":0.0,"p":0.0,"mot":"L","mo":0.0}]},{"d":"21.07.2016","r":61.0,"q":23.81,"p":8.5E7,"s":[{"ui":"3909749","t":61.0,"r":61.0,"q":23.81,"p":8.5E7,"mot":"U","mo":61.0},{"cn":"","ui":"","t":0.0,"r":0.0,"q":0.0,"p":0.0,"mot":"L","mo":0.0}]},{"d":"22.07.2016","r":62.0,"q":23.81,"p":8.5E7,"s":[{"ui":"3909749","t":62.0,"r":62.0,"q":23.81,"p":8.5E7,"mot":"U","mo":62.0},{"cn":"","ui":"","t":0.0,"r":0.0,"q":0.0,"p":0.0,"mot":"L","mo":0.0}]},{"d":"25.07.2016","r":65.0,"q":23.82,"p":8.5E7,"s":[{"ui":"3909749","t":65.0,"r":65.0,"q":23.82,"p":8.5E7,"mot":"U","mo":65.0},{"cn":"","ui":"","t":0.0,"r":0.0,"q":0.0,"p":0.0,"mot":"L","mo":0.0}]},{"d":"26.07.2016","r":66.0,"q":23.82,"p":8.5E7,"s":[{"ui":"3909749","t":66.0,"r":66.0,"q":23.82,"p":8.5E7,"mot":"U","mo":66.0},{"cn":"","ui":"","t":0.0,"r":0.0,"q":0.0,"p":0.0,"mot":"L","mo":0.0}]},{"d":"27.07.2016","r":67.0,"q":23.82,"p":8.5E7,"s":[{"ui":"3909749","t":67.0,"r":67.0,"q":23.82,"p":8.5E7,"mot":"U","mo":67.0},{"cn":"","ui":"","t":0.0,"r":0.0,"q":0.0,"p":0.0,"mot":"L","mo":0.0}]},{"d":"28.07.2016","r":68.0,"q":23.82,"p":8.5E7,"s":[{"ui":"3909749","t":68.0,"r":68.0,"q":23.82,"p":8.5E7,"mot":"U","mo":68.0},{"cn":"","ui":"","t":0.0,"r":0.0,"q":0.0,"p":0.0,"mot":"L","mo":0.0}]},{"d":"29.07.2016","r":69.0,"q":23.82,"p":8.5E7,"s":[{"ui":"3909749","t":69.0,"r":69.0,"q":23.82,"p":8.5E7,"mot":"U","mo":69.0},{"cn":"","ui":"","t":0.0,"r":0.0,"q":0.0,"p":0.0,"mot":"L","mo":0.0}]},{"d":"30.07.2016","r":70.0,"q":23.82,"p":8.5E7,"s":[{"ui":"3909749","t":70.0,"r":70.0,"q":23.82,"p":8.5E7,"mot":"U","mo":70.0},{"cn":"","ui":"","t":0.0,"r":0.0,"q":0.0,"p":0.0,"mot":"L","mo":0.0}]},{"d":"01.08.2016","r":72.0,"q":23.83,"p":8.5E7,"s":[{"ui":"3909749","t":72.0,"r":72.0,"q":23.83,"p":8.5E7,"mot":"U","mo":72.0},{"cn":"","ui":"","t":0.0,"r":0.0,"q":0.0,"p":0.0,"mot":"L","mo":0.0}]},{"d":"02.08.2016","r":73.0,"q":23.83,"p":8.5E7,"s":[{"ui":"3909749","t":73.0,"r":73.0,"q":23.83,"p":8.5E7,"mot":"U","mo":73.0},{"cn":"","ui":"","t":0.0,"r":0.0,"q":0.0,"p":0.0,"mot":"L","mo":0.0}]},{"d":"03.08.2016","r":74.0,"q":23.83,"p":8.5E7,"s":[{"ui":"3909749","t":74.0,"r":74.0,"q":23.83,"p":8.5E7,"mot":"U","mo":74.0},{"cn":"","ui":"","t":0.0,"r":0.0,"q":0.0,"p":0.0,"mot":"L","mo":0.0}]},{"d":"14.09.2016","r":5.0,"q":13.59,"p":2.6E7,"s":[{"ui":"4080494","t":5.0,"r":5.0,"q":13.59,"p":2.6E7,"mot":"U","mo":5.0},{"cn":"","ui":"","t":0.0,"r":0.0,"q":0.0,"p":0.0,"mot":"L","mo":0.0}]},{"d":"15.09.2016","r":10.0,"q":13.59,"p":2.6E7,"s":[{"ui":"4080494","t":10.0,"r":10.0,"q":13.59,"p":2.6E7,"mot":"U","mo":10.0},{"cn":"","ui":"","t":0.0,"r":0.0,"q":0.0,"p":0.0,"mot":"L","mo":0.0}]},{"d":"16.09.2016","r":15.0,"q":13.59,"p":2.6E7,"s":[{"ui":"4080494","t":15.0,"r":15.0,"q":13.59,"p":2.6E7,"mot":"U","mo":15.0},{"cn":"","ui":"","t":0.0,"r":0.0,"q":0.0,"p":0.0,"mot":"L","mo":0.0}]},{"d":"17.09.2016","r":20.0,"q":13.59,"p":2.6E7,"s":[{"ui":"4080494","t":20.0,"r":20.0,"q":13.59,"p":2.6E7,"mot":"U","mo":20.0},{"cn":"","ui":"","t":0.0,"r":0.0,"q":0.0,"p":0.0,"mot":"L","mo":0.0}]},{"d":"18.09.2016","r":25.0,"q":13.59,"p":2.6E7,"s":[{"ui":"4080494","t":25.0,"r":25.0,"q":13.59,"p":2.6E7,"mot":"U","mo":25.0},{"cn":"","ui":"","t":0.0,"r":0.0,"q":0.0,"p":0.0,"mot":"L","mo":0.0}]},{"d":"19.09.2016","r":30.0,"q":13.59,"p":2.6E7,"s":[{"ui":"4080494","t":30.0,"r":30.0,"q":13.59,"p":2.6E7,"mot":"U","mo":30.0},{"cn":"","ui":"","t":0.0,"r":0.0,"q":0.0,"p":0.0,"mot":"L","mo":0.0}]},{"d":"20.09.2016","r":35.0,"q":13.59,"p":2.55E7,"s":[{"ui":"4080494","t":35.0,"r":35.0,"q":13.59,"p":2.55E7,"mot":"U","mo":35.0},{"cn":"","ui":"","t":0.0,"r":0.0,"q":0.0,"p":0.0,"mot":"L","mo":0.0}]},{"d":"21.09.2016","r":41.0,"q":13.73,"p":2.55E7,"s":[{"ui":"4080494","t":41.0,"r":41.0,"q":13.73,"p":2.55E7,"mot":"U","mo":41.0},{"cn":"","ui":"","t":0.0,"r":0.0,"q":0.0,"p":0.0,"mot":"L","mo":0.0}]},{"d":"23.09.2016","r":35.0,"q":4.07,"p":3563632.0,"s":[{"ui":"4040927","t":35.0,"r":35.0,"q":4.07,"p":3563632.0,"mot":"U","mo":35.0},{"cn":"","ui":"","t":0.0,"r":0.0,"q":0.0,"p":0.0,"mot":"L","mo":0.0}]},{"d":"04.11.2016","r":1.0,"q":24.01,"p":8.5E7,"s":[{"ui":"3909749","t":1.0,"r":1.0,"q":24.01,"p":8.5E7,"mot":"U","mo":1.0},{"cn":"","ui":"","t":0.0,"r":0.0,"q":0.0,"p":0.0,"mot":"L","mo":0.0}]},{"d":"05.11.2016","r":37.0,"q":5.15,"p":7527027.03,"s":[{"ui":"4040927","t":35.0,"r":35.0,"q":4.07,"p":3100000.0,"mot":"U","mo":35.0},{"ui":"3909749","t":2.0,"r":2.0,"q":24.01,"p":8.5E7,"mot":"U","mo":2.0},{"cn":"","ui":"","t":0.0,"r":0.0,"q":0.0,"p":0.0,"mot":"L","mo":0.0}]},{"d":"06.11.2016","r":3.0,"q":24.01,"p":8.5E7,"s":[{"ui":"3909749","t":3.0,"r":3.0,"q":24.01,"p":8.5E7,"mot":"U","mo":3.0},{"cn":"","ui":"","t":0.0,"r":0.0,"q":0.0,"p":0.0,"mot":"L","mo":0.0}]},{"d":"07.11.2016","r":4.0,"q":24.02,"p":8.5E7,"s":[{"ui":"3909749","t":4.0,"r":4.0,"q":24.02,"p":8.5E7,"mot":"U","mo":4.0},{"cn":"","ui":"","t":0.0,"r":0.0,"q":0.0,"p":0.0,"mot":"L","mo":0.0}]},{"d":"08.11.2016","r":5.0,"q":24.02,"p":8.5E7,"s":[{"ui":"3909749","t":5.0,"r":5.0,"q":24.02,"p":8.5E7,"mot":"U","mo":5.0},{"cn":"","ui":"","t":0.0,"r":0.0,"q":0.0,"p":0.0,"mot":"L","mo":0.0}]},{"d":"09.11.2016","r":6.0,"q":24.02,"p":8.5E7,"s":[{"ui":"3909749","t":6.0,"r":6.0,"q":24.02,"p":8.5E7,"mot":"U","mo":6.0},{"cn":"","ui":"","t":0.0,"r":0.0,"q":0.0,"p":0.0,"mot":"L","mo":0.0}]},{"d":"10.11.2016","r":7.0,"q":24.02,"p":8.5E7,"s":[{"ui":"3909749","t":7.0,"r":7.0,"q":24.02,"p":8.5E7,"mot":"U","mo":7.0},{"cn":"","ui":"","t":0.0,"r":0.0,"q":0.0,"p":0.0,"mot":"L","mo":0.0}]},{"d":"11.11.2016","r":8.0,"q":24.02,"p":8.5E7,"s":[{"ui":"3909749","t":8.0,"r":8.0,"q":24.02,"p":8.5E7,"mot":"U","mo":8.0},{"cn":"","ui":"","t":0.0,"r":0.0,"q":0.0,"p":0.0,"mot":"L","mo":0.0}]},{"d":"12.11.2016","r":9.0,"q":24.02,"p":8.5E7,"s":[{"ui":"3909749","t":9.0,"r":9.0,"q":24.02,"p":8.5E7,"mot":"U","mo":9.0},{"cn":"","ui":"","t":0.0,"r":0.0,"q":0.0,"p":0.0,"mot":"L","mo":0.0}]},{"d":"13.11.2016","r":10.0,"q":24.01,"p":8.5E7,"s":[{"ui":"3909749","t":10.0,"r":10.0,"q":24.01,"p":8.5E7,"mot":"U","mo":10.0},{"cn":"","ui":"","t":0.0,"r":0.0,"q":0.0,"p":0.0,"mot":"L","mo":0.0}]},{"d":"14.11.2016","r":11.0,"q":24.02,"p":8.5E7,"s":[{"ui":"3909749","t":11.0,"r":11.0,"q":24.02,"p":8.5E7,"mot":"U","mo":11.0},{"cn":"","ui":"","t":0.0,"r":0.0,"q":0.0,"p":0.0,"mot":"L","mo":0.0}]},{"d":"15.11.2016","r":12.0,"q":24.02,"p":8.5E7,"s":[{"ui":"3909749","t":12.0,"r":12.0,"q":24.02,"p":8.5E7,"mot":"U","mo":12.0},{"cn":"","ui":"","t":0.0,"r":0.0,"q":0.0,"p":0.0,"mot":"L","mo":0.0}]},{"d":"16.11.2016","r":13.0,"q":24.02,"p":8.5E7,"s":[{"ui":"3909749","t":13.0,"r":13.0,"q":24.02,"p":8.5E7,"mot":"U","mo":13.0},{"cn":"","ui":"","t":0.0,"r":0.0,"q":0.0,"p":0.0,"mot":"L","mo":0.0}]},{"d":"17.11.2016","r":14.0,"q":24.02,"p":8.5E7,"s":[{"ui":"3909749","t":14.0,"r":14.0,"q":24.02,"p":8.5E7,"mot":"U","mo":14.0},{"cn":"","ui":"","t":0.0,"r":0.0,"q":0.0,"p":0.0,"mot":"L","mo":0.0}]},{"d":"18.11.2016","r":15.0,"q":24.02,"p":8.5E7,"s":[{"ui":"3909749","t":15.0,"r":15.0,"q":24.02,"p":8.5E7,"mot":"U","mo":15.0},{"cn":"","ui":"","t":0.0,"r":0.0,"q":0.0,"p":0.0,"mot":"L","mo":0.0}]},{"d":"19.11.2016","r":16.0,"q":24.02,"p":8.5E7,"s":[{"ui":"3909749","t":16.0,"r":16.0,"q":24.02,"p":8.5E7,"mot":"U","mo":16.0},{"cn":"","ui":"","t":0.0,"r":0.0,"q":0.0,"p":0.0,"mot":"L","mo":0.0}]},{"d":"20.11.2016","r":17.0,"q":24.03,"p":8.5E7,"s":[{"ui":"3909749","t":17.0,"r":17.0,"q":24.03,"p":8.5E7,"mot":"U","mo":17.0},{"cn":"","ui":"","t":0.0,"r":0.0,"q":0.0,"p":0.0,"mot":"L","mo":0.0}]},{"d":"21.11.2016","r":18.0,"q":24.02,"p":8.5E7,"s":[{"ui":"3909749","t":18.0,"r":18.0,"q":24.02,"p":8.5E7,"mot":"U","mo":18.0},{"cn":"","ui":"","t":0.0,"r":0.0,"q":0.0,"p":0.0,"mot":"L","mo":0.0}]},{"d":"22.11.2016","r":19.0,"q":24.02,"p":8.5E7,"s":[{"ui":"3909749","t":19.0,"r":19.0,"q":24.02,"p":8.5E7,"mot":"U","mo":19.0},{"cn":"","ui":"","t":0.0,"r":0.0,"q":0.0,"p":0.0,"mot":"L","mo":0.0}]},{"d":"23.11.2016","r":20.0,"q":24.02,"p":8.5E7,"s":[{"ui":"3909749","t":20.0,"r":20.0,"q":24.02,"p":8.5E7,"mot":"U","mo":20.0},{"cn":"","ui":"","t":0.0,"r":0.0,"q":0.0,"p":0.0,"mot":"L","mo":0.0}]},{"d":"24.11.2016","r":23.0,"q":22.54,"p":7.986956522E7,"s":[{"ui":"3402925","t":2.0,"r":2.0,"q":7.16,"p":2.6E7,"mot":"U","mo":2.0},{"ui":"3909749","t":21.0,"r":21.0,"q":24.01,"p":8.5E7,"mot":"U","mo":21.0},{"cn":"","ui":"","t":0.0,"r":0.0,"q":0.0,"p":0.0,"mot":"L","mo":0.0}]},{"d":"25.11.2016","r":26.0,"q":21.41,"p":7.746153846E7,"s":[{"ui":"3402925","t":4.0,"r":4.0,"q":7.13,"p":3.6E7,"mot":"U","mo":4.0},{"ui":"3909749","t":22.0,"r":22.0,"q":24.01,"p":8.5E7,"mot":"U","mo":22.0},{"cn":"","ui":"","t":0.0,"r":0.0,"q":0.0,"p":0.0,"mot":"L","mo":0.0}]},{"d":"26.11.2016","r":29.0,"q":20.51,"p":7.486206897E7,"s":[{"ui":"3909749","t":23.0,"r":23.0,"q":24.01,"p":8.5E7,"mot":"U","mo":23.0},{"ui":"3402925","t":6.0,"r":6.0,"q":7.11,"p":3.6E7,"mot":"U","mo":6.0},{"cn":"","ui":"","t":0.0,"r":0.0,"q":0.0,"p":0.0,"mot":"L","mo":0.0}]},{"d":"27.11.2016","r":32.0,"q":19.78,"p":7.275E7,"s":[{"ui":"3909749","t":24.0,"r":24.0,"q":24.01,"p":8.5E7,"mot":"U","mo":24.0},{"ui":"3402925","t":8.0,"r":8.0,"q":7.08,"p":3.6E7,"mot":"U","mo":8.0},{"cn":"","ui":"","t":0.0,"r":0.0,"q":0.0,"p":0.0,"mot":"L","mo":0.0}]},{"d":"28.11.2016","r":35.0,"q":19.17,"p":7.1E7,"s":[{"ui":"3402925","t":10.0,"r":10.0,"q":7.06,"p":3.6E7,"mot":"U","mo":10.0},{"ui":"3909749","t":25.0,"r":25.0,"q":24.01,"p":8.5E7,"mot":"U","mo":25.0},{"cn":"","ui":"","t":0.0,"r":0.0,"q":0.0,"p":0.0,"mot":"L","mo":0.0}]},{"d":"29.11.2016","r":26.0,"q":24.01,"p":8.5E7,"s":[{"ui":"3909749","t":26.0,"r":26.0,"q":24.01,"p":8.5E7,"mot":"U","mo":26.0},{"cn":"","ui":"","t":0.0,"r":0.0,"q":0.0,"p":0.0,"mot":"L","mo":0.0}]},{"d":"30.11.2016","r":39.0,"q":18.81,"p":6.992307692E7,"s":[{"ui":"3909749","t":27.0,"r":27.0,"q":24.01,"p":8.5E7,"mot":"U","mo":27.0},{"ui":"3402925","t":12.0,"r":12.0,"q":7.1,"p":3.6E7,"mot":"U","mo":12.0},{"cn":"","ui":"","t":0.0,"r":0.0,"q":0.0,"p":0.0,"mot":"L","mo":0.0}]},{"d":"01.12.2016","r":38.0,"q":19.56,"p":7.210526316E7,"s":[{"ui":"3909749","t":28.0,"r":28.0,"q":24.01,"p":8.5E7,"mot":"U","mo":28.0},{"ui":"3402925","t":11.0,"r":10.0,"q":7.1,"p":3.6E7,"mot":"U","mo":10.0},{"cn":"","ui":"","t":0.0,"r":0.0,"q":0.0,"p":0.0,"mot":"L","mo":0.0}]},{"d":"02.12.2016","r":38.0,"q":20.01,"p":7.339473684E7,"s":[{"ui":"3909749","t":29.0,"r":29.0,"q":24.01,"p":8.5E7,"mot":"U","mo":29.0},{"ui":"3402925","t":10.0,"r":9.0,"q":7.1,"p":3.6E7,"mot":"U","mo":9.0},{"cn":"","ui":"","t":0.0,"r":0.0,"q":0.0,"p":0.0,"mot":"L","mo":0.0}]},{"d":"03.12.2016","r":38.0,"q":20.45,"p":7.468421053E7,"s":[{"ui":"3909749","t":30.0,"r":30.0,"q":24.01,"p":8.5E7,"mot":"U","mo":30.0},{"ui":"3402925","t":9.0,"r":8.0,"q":7.1,"p":3.6E7,"mot":"U","mo":8.0},{"cn":"","ui":"","t":0.0,"r":0.0,"q":0.0,"p":0.0,"mot":"L","mo":0.0}]},{"d":"04.12.2016","r":38.0,"q":20.89,"p":7.597368421E7,"s":[{"ui":"3402925","t":8.0,"r":7.0,"q":7.1,"p":3.6E7,"mot":"U","mo":7.0},{"ui":"3909749","t":31.0,"r":31.0,"q":24.0,"p":8.5E7,"mot":"U","mo":31.0},{"cn":"","ui":"","t":0.0,"r":0.0,"q":0.0,"p":0.0,"mot":"L","mo":0.0}]},{"d":"05.12.2016","r":38.0,"q":21.33,"p":7.726315789E7,"s":[{"ui":"3402925","t":7.0,"r":6.0,"q":7.1,"p":3.6E7,"mot":"U","mo":6.0},{"ui":"3909749","t":32.0,"r":32.0,"q":24.0,"p":8.5E7,"mot":"U","mo":32.0},{"cn":"","ui":"","t":0.0,"r":0.0,"q":0.0,"p":0.0,"mot":"L","mo":0.0}]},{"d":"08.12.2016","r":38.0,"q":22.67,"p":8.113157895E7,"s":[{"ui":"3402925","t":4.0,"r":3.0,"q":7.1,"p":3.6E7,"mot":"U","mo":3.0},{"ui":"3909749","t":35.0,"r":35.0,"q":24.0,"p":8.5E7,"mot":"U","mo":35.0},{"cn":"","ui":"","t":0.0,"r":0.0,"q":0.0,"p":0.0,"mot":"L","mo":0.0}]},{"d":"09.12.2016","r":38.0,"q":23.11,"p":8.242105263E7,"s":[{"ui":"3402925","t":3.0,"r":2.0,"q":7.1,"p":3.6E7,"mot":"U","mo":2.0},{"ui":"3909749","t":36.0,"r":36.0,"q":24.0,"p":8.5E7,"mot":"U","mo":36.0},{"cn":"","ui":"","t":0.0,"r":0.0,"q":0.0,"p":0.0,"mot":"L","mo":0.0}]},{"d":"10.12.2016","r":38.0,"q":23.56,"p":8.371052632E7,"s":[{"ui":"3909749","t":37.0,"r":37.0,"q":24.0,"p":8.5E7,"mot":"U","mo":37.0},{"cn":"","ui":"","t":2.0,"r":1.0,"q":7.1,"p":3.6E7,"mot":"L","mo":1.0}]},{"d":"11.12.2016","r":38.0,"q":24.0,"p":8.5E7,"s":[{"ui":"3909749","t":38.0,"r":38.0,"q":24.0,"p":8.5E7,"mot":"U","mo":38.0},{"cn":"","ui":"","t":0.0,"r":0.0,"q":0.0,"p":0.0,"mot":"L","mo":0.0}]},{"d":"12.12.2016","r":39.0,"q":24.0,"p":8.5E7,"s":[{"ui":"3909749","t":39.0,"r":39.0,"q":24.0,"p":8.5E7,"mot":"U","mo":39.0},{"cn":"","ui":"","t":0.0,"r":0.0,"q":0.0,"p":0.0,"mot":"L","mo":0.0}]},{"d":"13.12.2016","r":40.0,"q":24.0,"p":8.5E7,"s":[{"ui":"3909749","t":40.0,"r":40.0,"q":24.0,"p":8.5E7,"mot":"U","mo":40.0},{"cn":"","ui":"","t":0.0,"r":0.0,"q":0.0,"p":0.0,"mot":"L","mo":0.0}]},{"d":"14.12.2016","r":41.0,"q":24.0,"p":8.5E7,"s":[{"ui":"3909749","t":41.0,"r":41.0,"q":24.0,"p":8.5E7,"mot":"U","mo":41.0},{"cn":"","ui":"","t":0.0,"r":0.0,"q":0.0,"p":0.0,"mot":"L","mo":0.0}]},{"d":"15.12.2016","r":42.0,"q":24.0,"p":8.5E7,"s":[{"ui":"3909749","t":42.0,"r":42.0,"q":24.0,"p":8.5E7,"mot":"U","mo":42.0},{"cn":"","ui":"","t":0.0,"r":0.0,"q":0.0,"p":0.0,"mot":"L","mo":0.0}]},{"d":"16.12.2016","r":43.0,"q":24.0,"p":8.5E7,"s":[{"ui":"3909749","t":43.0,"r":43.0,"q":24.0,"p":8.5E7,"mot":"U","mo":43.0},{"cn":"","ui":"","t":0.0,"r":0.0,"q":0.0,"p":0.0,"mot":"L","mo":0.0}]},{"d":"17.12.2016","r":44.0,"q":24.0,"p":8.5E7,"s":[{"ui":"3909749","t":44.0,"r":44.0,"q":24.0,"p":8.5E7,"mot":"U","mo":44.0},{"cn":"","ui":"","t":0.0,"r":0.0,"q":0.0,"p":0.0,"mot":"L","mo":0.0}]},{"d":"18.12.2016","r":45.0,"q":24.0,"p":8.5E7,"s":[{"ui":"3909749","t":45.0,"r":45.0,"q":24.0,"p":8.5E7,"mot":"U","mo":45.0},{"cn":"","ui":"","t":0.0,"r":0.0,"q":0.0,"p":0.0,"mot":"L","mo":0.0}]},{"d":"19.12.2016","r":46.0,"q":24.0,"p":8.5E7,"s":[{"ui":"3909749","t":46.0,"r":46.0,"q":24.0,"p":8.5E7,"mot":"U","mo":46.0},{"cn":"","ui":"","t":0.0,"r":0.0,"q":0.0,"p":0.0,"mot":"L","mo":0.0}]},{"d":"20.12.2016","r":89.0,"q":19.16,"p":5.692134831E7,"s":[{"ui":"4080494","t":42.0,"r":42.0,"q":13.75,"p":2.55E7,"mot":"U","mo":42.0},{"ui":"3909749","t":47.0,"r":47.0,"q":24.0,"p":8.5E7,"mot":"U","mo":47.0},{"cn":"","ui":"","t":0.0,"r":0.0,"q":0.0,"p":0.0,"mot":"L","mo":0.0}]},{"d":"21.12.2016","r":48.0,"q":24.0,"p":8.5E7,"s":[{"ui":"3909749","t":48.0,"r":48.0,"q":24.0,"p":8.5E7,"mot":"U","mo":48.0},{"cn":"","ui":"","t":0.0,"r":0.0,"q":0.0,"p":0.0,"mot":"L","mo":0.0}]},{"d":"22.12.2016","r":49.0,"q":24.0,"p":8.5E7,"s":[{"ui":"3909749","t":49.0,"r":49.0,"q":24.0,"p":8.5E7,"mot":"U","mo":49.0},{"cn":"","ui":"","t":0.0,"r":0.0,"q":0.0,"p":0.0,"mot":"L","mo":0.0}]},{"d":"23.12.2016","r":50.0,"q":24.0,"p":8.5E7,"s":[{"ui":"3909749","t":50.0,"r":50.0,"q":24.0,"p":8.5E7,"mot":"U","mo":50.0},{"cn":"","ui":"","t":0.0,"r":0.0,"q":0.0,"p":0.0,"mot":"L","mo":0.0}]},{"d":"24.12.2016","r":53.0,"q":23.35,"p":8.285660377E7,"s":[{"ui":"3909749","t":51.0,"r":51.0,"q":24.0,"p":8.5E7,"mot":"U","mo":51.0},{"cn":"","ui":"","t":2.0,"r":2.0,"q":6.81,"p":2.82E7,"mot":"L","mo":2.0}]},{"d":"25.12.2016","r":55.0,"q":23.04,"p":8.190181818E7,"s":[{"ui":"3429591","t":3.0,"r":3.0,"q":6.32,"p":2.82E7,"mot":"U","mo":3.0},{"ui":"3909749","t":52.0,"r":52.0,"q":24.0,"p":8.5E7,"mot":"U","mo":52.0},{"cn":"","ui":"","t":0.0,"r":0.0,"q":0.0,"p":0.0,"mot":"L","mo":0.0}]},{"d":"26.12.2016","r":57.0,"q":22.76,"p":8.101403509E7,"s":[{"ui":"3429591","t":4.0,"r":4.0,"q":6.3,"p":2.82E7,"mot":"U","mo":4.0},{"ui":"3909749","t":53.0,"r":53.0,"q":24.0,"p":8.5E7,"mot":"U","mo":53.0},{"cn":"","ui":"","t":0.0,"r":0.0,"q":0.0,"p":0.0,"mot":"L","mo":0.0}]},{"d":"27.12.2016","r":54.0,"q":24.0,"p":8.5E7,"s":[{"ui":"3909749","t":54.0,"r":54.0,"q":24.0,"p":8.5E7,"mot":"U","mo":54.0},{"cn":"","ui":"","t":0.0,"r":0.0,"q":0.0,"p":0.0,"mot":"L","mo":0.0}]},{"d":"28.12.2016","r":55.0,"q":24.0,"p":8.5E7,"s":[{"ui":"3909749","t":55.0,"r":55.0,"q":24.0,"p":8.5E7,"mot":"U","mo":55.0},{"cn":"","ui":"","t":0.0,"r":0.0,"q":0.0,"p":0.0,"mot":"L","mo":0.0}]},{"d":"29.12.2016","r":56.0,"q":24.0,"p":8.5E7,"s":[{"ui":"3909749","t":56.0,"r":56.0,"q":24.0,"p":8.5E7,"mot":"U","mo":56.0},{"cn":"","ui":"","t":0.0,"r":0.0,"q":0.0,"p":0.0,"mot":"L","mo":0.0}]},{"d":"30.12.2016","r":57.0,"q":24.0,"p":8.5E7,"s":[{"ui":"3909749","t":57.0,"r":57.0,"q":24.0,"p":8.5E7,"mot":"U","mo":57.0},{"cn":"","ui":"","t":0.0,"r":0.0,"q":0.0,"p":0.0,"mot":"L","mo":0.0}]},{"d":"31.12.2016","r":58.0,"q":24.0,"p":8.5E7,"s":[{"ui":"3909749","t":58.0,"r":58.0,"q":24.0,"p":8.5E7,"mot":"U","mo":58.0},{"cn":"","ui":"","t":0.0,"r":0.0,"q":0.0,"p":0.0,"mot":"L","mo":0.0}]},{"d":"01.01.2017","r":59.0,"q":24.0,"p":8.5E7,"s":[{"ui":"3909749","t":59.0,"r":59.0,"q":24.0,"p":8.5E7,"mot":"U","mo":59.0},{"cn":"","ui":"","t":0.0,"r":0.0,"q":0.0,"p":0.0,"mot":"L","mo":0.0}]},{"d":"02.01.2017","r":60.0,"q":24.0,"p":8.5E7,"s":[{"ui":"3909749","t":60.0,"r":60.0,"q":24.0,"p":8.5E7,"mot":"U","mo":60.0},{"cn":"","ui":"","t":0.0,"r":0.0,"q":0.0,"p":0.0,"mot":"L","mo":0.0}]},{"d":"03.01.2017","r":61.0,"q":24.0,"p":8.5E7,"s":[{"ui":"3909749","t":61.0,"r":61.0,"q":24.0,"p":8.5E7,"mot":"U","mo":61.0},{"cn":"","ui":"","t":0.0,"r":0.0,"q":0.0,"p":0.0,"mot":"L","mo":0.0}]},{"d":"04.01.2017","r":62.0,"q":24.0,"p":8.5E7,"s":[{"ui":"3909749","t":62.0,"r":62.0,"q":24.0,"p":8.5E7,"mot":"U","mo":62.0},{"cn":"","ui":"","t":0.0,"r":0.0,"q":0.0,"p":0.0,"mot":"L","mo":0.0}]},{"d":"05.01.2017","r":63.0,"q":24.0,"p":8.5E7,"s":[{"ui":"3909749","t":63.0,"r":63.0,"q":24.0,"p":8.5E7,"mot":"U","mo":63.0},{"cn":"","ui":"","t":0.0,"r":0.0,"q":0.0,"p":0.0,"mot":"L","mo":0.0}]},{"d":"06.01.2017","r":64.0,"q":24.0,"p":8.5E7,"s":[{"ui":"3909749","t":64.0,"r":64.0,"q":24.0,"p":8.5E7,"mot":"U","mo":64.0},{"cn":"","ui":"","t":0.0,"r":0.0,"q":0.0,"p":0.0,"mot":"L","mo":0.0}]},{"d":"07.01.2017","r":65.0,"q":23.99,"p":8.5E7,"s":[{"ui":"3909749","t":65.0,"r":65.0,"q":23.99,"p":8.5E7,"mot":"U","mo":65.0},{"cn":"","ui":"","t":0.0,"r":0.0,"q":0.0,"p":0.0,"mot":"L","mo":0.0}]},{"d":"08.01.2017","r":66.0,"q":23.99,"p":8.5E7,"s":[{"ui":"3909749","t":66.0,"r":66.0,"q":23.99,"p":8.5E7,"mot":"U","mo":66.0},{"cn":"","ui":"","t":0.0,"r":0.0,"q":0.0,"p":0.0,"mot":"L","mo":0.0}]},{"d":"09.01.2017","r":67.0,"q":23.99,"p":8.5E7,"s":[{"ui":"3909749","t":67.0,"r":67.0,"q":23.99,"p":8.5E7,"mot":"U","mo":67.0},{"cn":"","ui":"","t":0.0,"r":0.0,"q":0.0,"p":0.0,"mot":"L","mo":0.0}]},{"d":"10.01.2017","r":68.0,"q":23.98,"p":8.5E7,"s":[{"ui":"3909749","t":68.0,"r":68.0,"q":23.98,"p":8.5E7,"mot":"U","mo":68.0},{"cn":"","ui":"","t":0.0,"r":0.0,"q":0.0,"p":0.0,"mot":"L","mo":0.0}]},{"d":"11.01.2017","r":69.0,"q":23.97,"p":8.5E7,"s":[{"ui":"3909749","t":69.0,"r":69.0,"q":23.97,"p":8.5E7,"mot":"U","mo":69.0},{"cn":"","ui":"","t":0.0,"r":0.0,"q":0.0,"p":0.0,"mot":"L","mo":0.0}]},{"d":"12.01.2017","r":70.0,"q":23.96,"p":8.5E7,"s":[{"ui":"3909749","t":70.0,"r":70.0,"q":23.96,"p":8.5E7,"mot":"U","mo":70.0},{"cn":"","ui":"","t":0.0,"r":0.0,"q":0.0,"p":0.0,"mot":"L","mo":0.0}]},{"d":"13.01.2017","r":71.0,"q":23.96,"p":8.5E7,"s":[{"ui":"3909749","t":71.0,"r":71.0,"q":23.96,"p":8.5E7,"mot":"U","mo":71.0},{"cn":"","ui":"","t":0.0,"r":0.0,"q":0.0,"p":0.0,"mot":"L","mo":0.0}]},{"d":"14.01.2017","r":114.0,"q":20.19,"p":6.300526316E7,"s":[{"ui":"4080494","t":42.0,"r":42.0,"q":13.75,"p":2.53E7,"mot":"U","mo":42.0},{"ui":"3909749","t":72.0,"r":72.0,"q":23.95,"p":8.5E7,"mot":"U","mo":72.0},{"cn":"","ui":"","t":0.0,"r":0.0,"q":0.0,"p":0.0,"mot":"L","mo":0.0}]},{"d":"15.01.2017","r":113.0,"q":20.34,"p":6.386725664E7,"s":[{"ui":"4080494","t":41.0,"r":40.0,"q":13.75,"p":2.53E7,"mot":"U","mo":40.0},{"ui":"3909749","t":73.0,"r":73.0,"q":23.95,"p":8.5E7,"mot":"U","mo":73.0},{"cn":"","ui":"","t":0.0,"r":0.0,"q":0.0,"p":0.0,"mot":"L","mo":0.0}]},{"d":"16.01.2017","r":113.0,"q":20.43,"p":6.439557522E7,"s":[{"ui":"4080494","t":40.0,"r":39.0,"q":13.75,"p":2.53E7,"mot":"U","mo":39.0},{"ui":"3909749","t":74.0,"r":74.0,"q":23.95,"p":8.5E7,"mot":"U","mo":74.0},{"cn":"","ui":"","t":0.0,"r":0.0,"q":0.0,"p":0.0,"mot":"L","mo":0.0}]},{"d":"17.01.2017","r":113.0,"q":20.52,"p":6.492389381E7,"s":[{"ui":"4080494","t":39.0,"r":38.0,"q":13.75,"p":2.53E7,"mot":"U","mo":38.0},{"ui":"3909749","t":75.0,"r":75.0,"q":23.95,"p":8.5E7,"mot":"U","mo":75.0},{"cn":"","ui":"","t":0.0,"r":0.0,"q":0.0,"p":0.0,"mot":"L","mo":0.0}]},{"d":"18.01.2017","r":118.0,"q":20.0,"p":6.387372881E7,"s":[{"ui":"4080494","t":38.0,"r":37.0,"q":13.75,"p":2.53E7,"mot":"U","mo":37.0},{"ui":"3909749","t":76.0,"r":76.0,"q":23.94,"p":8.5E7,"mot":"U","mo":76.0},{"cn":"","ui":"","t":5.0,"r":5.0,"q":6.32,"p":2.82E7,"mot":"L","mo":5.0}]},{"d":"19.01.2017","r":118.0,"q":20.08,"p":6.433728814E7,"s":[{"ui":"4080494","t":37.0,"r":36.0,"q":13.75,"p":2.53E7,"mot":"U","mo":36.0},{"ui":"3909749","t":77.0,"r":77.0,"q":23.94,"p":8.5E7,"mot":"U","mo":77.0},{"cn":"","ui":"","t":5.0,"r":5.0,"q":6.32,"p":2.72E7,"mot":"L","mo":5.0}]},{"d":"20.01.2017","r":120.0,"q":19.93,"p":6.421583333E7,"s":[{"ui":"3429591","t":7.0,"r":7.0,"q":6.11,"p":2.72E7,"mot":"U","mo":7.0},{"ui":"4080494","t":36.0,"r":35.0,"q":13.75,"p":2.53E7,"mot":"U","mo":35.0},{"ui":"3909749","t":78.0,"r":78.0,"q":23.94,"p":8.5E7,"mot":"U","mo":78.0},{"cn":"","ui":"","t":0.0,"r":0.0,"q":0.0,"p":0.0,"mot":"L","mo":0.0}]},{"d":"21.01.2017","r":121.0,"q":19.9,"p":6.420495868E7,"s":[{"ui":"3429591","t":8.0,"r":8.0,"q":6.14,"p":2.42E7,"mot":"U","mo":8.0},{"ui":"4080494","t":35.0,"r":34.0,"q":13.75,"p":2.53E7,"mot":"U","mo":34.0},{"ui":"3909749","t":79.0,"r":79.0,"q":23.94,"p":8.5E7,"mot":"U","mo":79.0},{"cn":"","ui":"","t":0.0,"r":0.0,"q":0.0,"p":0.0,"mot":"L","mo":0.0}]},{"d":"22.01.2017","r":113.0,"q":20.96,"p":6.756548673E7,"s":[{"ui":"4080494","t":34.0,"r":33.0,"q":13.75,"p":2.53E7,"mot":"U","mo":33.0},{"ui":"3909749","t":80.0,"r":80.0,"q":23.94,"p":8.5E7,"mot":"U","mo":80.0},{"cn":"","ui":"","t":0.0,"r":0.0,"q":0.0,"p":0.0,"mot":"L","mo":0.0}]},{"d":"23.01.2017","r":122.0,"q":19.95,"p":6.470819672E7,"s":[{"ui":"3429591","t":9.0,"r":9.0,"q":6.15,"p":2.22E7,"mot":"U","mo":9.0},{"ui":"4080494","t":33.0,"r":32.0,"q":13.75,"p":2.53E7,"mot":"U","mo":32.0},{"ui":"3909749","t":81.0,"r":81.0,"q":23.93,"p":8.5E7,"mot":"U","mo":81.0},{"cn":"","ui":"","t":0.0,"r":0.0,"q":0.0,"p":0.0,"mot":"L","mo":0.0}]},{"d":"24.01.2017","r":113.0,"q":21.14,"p":6.862212389E7,"s":[{"ui":"4080494","t":32.0,"r":31.0,"q":13.75,"p":2.53E7,"mot":"U","mo":31.0},{"ui":"3909749","t":82.0,"r":82.0,"q":23.93,"p":8.5E7,"mot":"U","mo":82.0},{"cn":"","ui":"","t":0.0,"r":0.0,"q":0.0,"p":0.0,"mot":"L","mo":0.0}]},{"d":"25.01.2017","r":113.0,"q":21.23,"p":6.915044248E7,"s":[{"ui":"4080494","t":31.0,"r":30.0,"q":13.75,"p":2.53E7,"mot":"U","mo":30.0},{"ui":"3909749","t":83.0,"r":83.0,"q":23.93,"p":8.5E7,"mot":"U","mo":83.0},{"cn":"","ui":"","t":0.0,"r":0.0,"q":0.0,"p":0.0,"mot":"L","mo":0.0}]},{"d":"26.01.2017","r":113.0,"q":21.32,"p":6.967876106E7,"s":[{"ui":"4080494","t":30.0,"r":29.0,"q":13.75,"p":2.53E7,"mot":"U","mo":29.0},{"ui":"3909749","t":84.0,"r":84.0,"q":23.93,"p":8.5E7,"mot":"U","mo":84.0},{"cn":"","ui":"","t":0.0,"r":0.0,"q":0.0,"p":0.0,"mot":"L","mo":0.0}]},{"d":"27.01.2017","r":113.0,"q":21.4,"p":7.020707965E7,"s":[{"ui":"4080494","t":29.0,"r":28.0,"q":13.75,"p":2.53E7,"mot":"U","mo":28.0},{"ui":"3909749","t":85.0,"r":85.0,"q":23.92,"p":8.5E7,"mot":"U","mo":85.0},{"cn":"","ui":"","t":0.0,"r":0.0,"q":0.0,"p":0.0,"mot":"L","mo":0.0}]},{"d":"28.01.2017","r":113.0,"q":21.49,"p":7.073539823E7,"s":[{"ui":"4080494","t":28.0,"r":27.0,"q":13.75,"p":2.53E7,"mot":"U","mo":27.0},{"ui":"3909749","t":86.0,"r":86.0,"q":23.92,"p":8.5E7,"mot":"U","mo":86.0},{"cn":"","ui":"","t":0.0,"r":0.0,"q":0.0,"p":0.0,"mot":"L","mo":0.0}]},{"d":"29.01.2017","r":113.0,"q":21.58,"p":7.126371681E7,"s":[{"ui":"4080494","t":27.0,"r":26.0,"q":13.75,"p":2.53E7,"mot":"U","mo":26.0},{"ui":"3909749","t":87.0,"r":87.0,"q":23.92,"p":8.5E7,"mot":"U","mo":87.0},{"cn":"","ui":"","t":0.0,"r":0.0,"q":0.0,"p":0.0,"mot":"L","mo":0.0}]},{"d":"30.01.2017","r":113.0,"q":21.67,"p":7.17920354E7,"s":[{"ui":"4080494","t":26.0,"r":25.0,"q":13.75,"p":2.53E7,"mot":"U","mo":25.0},{"ui":"3909749","t":88.0,"r":88.0,"q":23.92,"p":8.5E7,"mot":"U","mo":88.0},{"cn":"","ui":"","t":0.0,"r":0.0,"q":0.0,"p":0.0,"mot":"L","mo":0.0}]},{"d":"31.01.2017","r":113.0,"q":21.76,"p":7.232035398E7,"s":[{"ui":"4080494","t":25.0,"r":24.0,"q":13.75,"p":2.53E7,"mot":"U","mo":24.0},{"ui":"3909749","t":89.0,"r":89.0,"q":23.92,"p":8.5E7,"mot":"U","mo":89.0},{"cn":"","ui":"","t":0.0,"r":0.0,"q":0.0,"p":0.0,"mot":"L","mo":0.0}]},{"d":"01.02.2017","r":113.0,"q":21.85,"p":7.284867257E7,"s":[{"ui":"4080494","t":24.0,"r":23.0,"q":13.75,"p":2.53E7,"mot":"U","mo":23.0},{"ui":"3909749","t":90.0,"r":90.0,"q":23.92,"p":8.5E7,"mot":"U","mo":90.0},{"cn":"","ui":"","t":0.0,"r":0.0,"q":0.0,"p":0.0,"mot":"L","mo":0.0}]},{"d":"02.02.2017","r":113.0,"q":21.94,"p":7.337699115E7,"s":[{"ui":"4080494","t":23.0,"r":22.0,"q":13.75,"p":2.53E7,"mot":"U","mo":22.0},{"ui":"3909749","t":91.0,"r":91.0,"q":23.92,"p":8.5E7,"mot":"U","mo":91.0},{"cn":"","ui":"","t":0.0,"r":0.0,"q":0.0,"p":0.0,"mot":"L","mo":0.0}]},{"d":"03.02.2017","r":113.0,"q":22.02,"p":7.390530973E7,"s":[{"ui":"4080494","t":22.0,"r":21.0,"q":13.75,"p":2.53E7,"mot":"U","mo":21.0},{"ui":"3909749","t":92.0,"r":92.0,"q":23.91,"p":8.5E7,"mot":"U","mo":92.0},{"cn":"","ui":"","t":0.0,"r":0.0,"q":0.0,"p":0.0,"mot":"L","mo":0.0}]},{"d":"04.02.2017","r":22.0,"q":13.75,"p":2.53E7,"s":[{"ui":"4080494","t":22.0,"r":22.0,"q":13.75,"p":2.53E7,"mot":"U","mo":22.0},{"cn":"","ui":"","t":0.0,"r":0.0,"q":0.0,"p":0.0,"mot":"L","mo":0.0}]},{"d":"06.02.2017","r":28.0,"q":13.94,"p":2.53E7,"s":[{"ui":"4080494","t":28.0,"r":28.0,"q":13.94,"p":2.53E7,"mot":"U","mo":28.0},{"cn":"","ui":"","t":0.0,"r":0.0,"q":0.0,"p":0.0,"mot":"L","mo":0.0}]},{"d":"07.02.2017","r":137.0,"q":20.17,"p":6.56E7,"s":[{"ui":"3429591","t":10.0,"r":10.0,"q":6.14,"p":2.22E7,"mot":"U","mo":10.0},{"ui":"4080494","t":34.0,"r":34.0,"q":14.07,"p":2.53E7,"mot":"U","mo":34.0},{"ui":"3909749","t":93.0,"r":93.0,"q":23.91,"p":8.5E7,"mot":"U","mo":93.0},{"cn":"","ui":"","t":0.0,"r":0.0,"q":0.0,"p":0.0,"mot":"L","mo":0.0}]},{"d":"06.03.2017","r":1.0,"q":1.0,"p":3.0E7,"s":[{"cn":"Eldorado Industries","ui":"4260516","t":1.0,"r":1.0,"q":1.0,"p":3.0E7,"mot":"U","mo":1.0},{"cn":"","ui":"","t":0.0,"r":0.0,"q":0.0,"p":0.0,"mot":"L","mo":0.0}]},{"d":"26.03.2017","r":34.0,"q":14.07,"p":2.53E7,"s":[{"cn":"Yerka International","ui":"4080494","t":34.0,"r":34.0,"q":14.07,"p":2.53E7,"mot":"U","mo":34.0},{"cn":"","ui":"","t":0.0,"r":0.0,"q":0.0,"p":0.0,"mot":"L","mo":0.0}]},{"d":"10.04.2017","r":138.0,"q":20.03,"p":7.106521739E7,"s":[{"cn":"Alex Trade","ui":"3429591","t":10.0,"r":10.0,"q":6.14,"p":2.22E7,"mot":"U","mo":10.0},{"cn":"Yerka International","ui":"4080494","t":34.0,"r":34.0,"q":14.07,"p":2.0E7,"mot":"U","mo":34.0},{"cn":"REA Industries Group","ui":"3909749","t":93.0,"r":93.0,"q":23.91,"p":8.5E7,"mot":"U","mo":93.0},{"cn":"","ui":"","t":1.0,"r":1.0,"q":1.0,"p":1.0E9,"mot":"L","mo":1.0}]}]