[{"pi":"1511","pc":"Товары для дома","ss":100,"td":"Окраина","dc":1,"n":0.08,"vc":"более 100","sl":"Низкий","sv":"менее 50","p":331.34,"q":1.05,"b":0.0,"ms":0.0,"wi":166.36,"ei":10.78,"as":2376.9,"mi":"E","mv":24049736,"sc":1,"lpe":100.0,"lpr":408.08,"lq":1.0,"d":9185},{"pi":"1511","pc":"Товары для дома","ss":100,"td":"Окраина","dc":1,"n":0.08,"vc":"более 100","sl":"Низкий","sv":"менее 50","p":331.34,"q":1.05,"b":0.0,"ms":0.0,"wi":166.36,"ei":10.78,"as":2376.9,"mi":"E","mv":24049736,"sc":1,"lpe":100.0,"lpr":408.08,"lq":1.0,"d":9185},{"pi":"1511","pc":"Товары для дома","ss":100,"td":"Окраина","dc":1,"n":0.08,"vc":"более 100","sl":"Низкий","sv":"менее 50","p":331.34,"q":1.05,"b":0.0,"ms":0.0,"wi":166.36,"ei":10.78,"as":2376.9,"mi":"E","mv":24049736,"sc":1,"lpe":100.0,"lpr":408.08,"lq":1.0,"d":9185},{"pi":"1511","pc":"Товары для дома","ss":100,"td":"Окраина","dc":1,"n":0.08,"vc":"более 100","sl":"Низкий","sv":"менее 50","p":331.34,"q":1.05,"b":0.0,"ms":0.0,"wi":166.36,"ei":10.78,"as":2376.9,"mi":"E","mv":24049736,"sc":1,"lpe":100.0,"lpr":408.08,"lq":1.0,"d":9185},{"pi":"1511","pc":"Товары для дома","ss":100,"td":"Окраина","dc":1,"n":0.08,"vc":"более 100","sl":"Низкий","sv":"менее 50","p":331.34,"q":1.05,"b":0.0,"ms":0.0,"wi":166.36,"ei":10.78,"as":2376.9,"mi":"E","mv":24049736,"sc":1,"lpe":100.0,"lpr":408.08,"lq":1.0,"d":9185},{"pi":"1511","pc":"Товары для дома","ss":100,"td":"Окраина","dc":1,"n":0.08,"vc":"более 100","sl":"Низкий","sv":"менее 50","p":331.34,"q":1.05,"b":0.0,"ms":0.0,"wi":166.36,"ei":10.78,"as":2376.9,"mi":"E","mv":24049736,"sc":1,"lpe":100.0,"lpr":408.08,"lq":1.0,"d":9185},{"pi":"1511","pc":"Товары для дома","ss":100,"td":"Окраина","dc":1,"n":0.08,"vc":"более 100","sl":"Низкий","sv":"менее 50","p":331.34,"q":1.05,"b":0.0,"ms":0.0,"wi":166.36,"ei":10.78,"as":2376.9,"mi":"E","mv":24049736,"sc":1,"lpe":100.0,"lpr":408.08,"lq":1.0,"d":9185},{"pi":"1511","pc":"Товары для дома","ss":100,"td":"Окраина","dc":1,"n":0.08,"vc":"более 100","sl":"Низкий","sv":"менее 50","p":331.34,"q":1.05,"b":0.0,"ms":0.0,"wi":166.36,"ei":10.78,"as":2376.9,"mi":"E","mv":24049736,"sc":1,"lpe":100.0,"lpr":408.08,"lq":1.0,"d":9185},{"pi":"1511","pc":"Товары для дома","ss":100,"td":"Окраина","dc":1,"n":0.08,"vc":"более 100","sl":"Низкий","sv":"менее 50","p":331.34,"q":1.05,"b":0.0,"ms":0.0,"wi":166.36,"ei":10.78,"as":2376.9,"mi":"E","mv":24049736,"sc":1,"lpe":100.0,"lpr":408.08,"lq":1.0,"d":9185},{"pi":"1511","pc":"Товары для дома","ss":100,"td":"Окраина","dc":1,"n":0.08,"vc":"более 100","sl":"Низкий","sv":"менее 50","p":331.34,"q":1.05,"b":0.0,"ms":0.0,"wi":166.36,"ei":10.78,"as":2376.9,"mi":"E","mv":24049736,"sc":1,"lpe":100.0,"lpr":408.08,"lq":1.0,"d":9185},{"pi":"1511","pc":"Товары для дома","ss":100,"td":"Окраина","dc":1,"n":0.08,"vc":"более 100","sl":"Низкий","sv":"менее 50","p":331.34,"q":1.05,"b":0.0,"ms":0.0,"wi":166.36,"ei":10.78,"as":2376.9,"mi":"E","mv":24049736,"sc":1,"lpe":100.0,"lpr":408.08,"lq":1.0,"d":9185},{"pi":"1511","pc":"Товары для дома","ss":100,"td":"Окраина","dc":1,"n":0.08,"vc":"более 100","sl":"Низкий","sv":"менее 50","p":331.34,"q":1.05,"b":0.0,"ms":0.0,"wi":166.36,"ei":10.78,"as":2376.9,"mi":"E","mv":24049736,"sc":1,"lpe":100.0,"lpr":408.08,"lq":1.0,"d":9185},{"pi":"1511","pc":"Товары для дома","ss":100,"td":"Окраина","dc":1,"n":0.08,"vc":"более 100","sl":"Низкий","sv":"менее 50","p":331.34,"q":1.05,"b":0.0,"ms":0.0,"wi":166.36,"ei":10.78,"as":2376.9,"mi":"E","mv":24049736,"sc":1,"lpe":100.0,"lpr":408.08,"lq":1.0,"d":9185},{"pi":"1511","pc":"Товары для дома","ss":100,"td":"Окраина","dc":1,"n":0.08,"vc":"более 100","sl":"Низкий","sv":"менее 50","p":331.34,"q":1.05,"b":0.0,"ms":0.0,"wi":166.36,"ei":10.78,"as":2376.9,"mi":"E","mv":24049736,"sc":1,"lpe":100.0,"lpr":408.08,"lq":1.0,"d":9185}]